TIME,TEMP,HUM,BATT,LIGHT,NOISE_A,PRESS,CCS811_VOCS,CCS811_ECO2,PM_1,PM_25,PM_10
ISO 8601,C,%,%,Lux,dBA,kPa,ppb,ppm,ug/m3,ug/m3,ug/m3
Time,Temperature,Humidity,Battery,Light,Noise dBA,Barometric pressure,VOC Gas CCS811,eCO2 Gas CCS811,PM 1.0,PM 2.5,PM 10.0
,55,56,10,14,53,58,113,112,89,87,88
2023-08-25T00:00:04Z,22.42,64.29,99,0,null,101.15,2.00,417.00,0,0,0
2023-08-25T00:01:04Z,22.40,64.10,99,0,null,101.15,1.00,408.00,null,null,null
2023-08-25T00:02:04Z,22.42,63.95,99,0,null,101.15,0.00,400.00,null,null,null
2023-08-25T00:03:04Z,22.40,64.06,99,0,null,101.15,0.00,400.00,null,null,null
2023-08-25T00:04:04Z,22.39,63.86,99,0,null,101.15,0.00,400.00,null,null,null
2023-08-25T00:05:04Z,22.35,63.94,99,0,null,101.15,0.00,400.00,2,2,2
2023-08-25T00:06:04Z,22.36,63.77,99,0,null,101.15,0.00,400.00,null,null,null
2023-08-25T00:07:04Z,22.32,63.71,99,0,null,101.15,0.00,400.00,null,null,null
2023-08-25T00:08:04Z,22.33,63.89,99,0,null,101.15,0.00,400.00,null,null,null
2023-08-25T00:09:04Z,22.32,63.88,99,0,null,101.15,1.00,410.00,null,null,null
2023-08-25T00:10:04Z,22.30,63.87,99,0,null,101.15,2.00,415.00,3,4,4
2023-08-25T00:11:04Z,22.26,63.54,99,0,null,101.15,0.00,400.00,null,null,null
2023-08-25T00:12:04Z,22.26,63.46,99,0,null,101.15,0.00,400.00,null,null,null
2023-08-25T00:13:04Z,22.23,63.70,99,0,null,101.14,0.00,400.00,null,null,null
2023-08-25T00:14:04Z,22.22,63.86,99,0,null,101.14,7.00,450.00,null,null,null
2023-08-25T00:15:04Z,22.20,63.89,99,0,null,101.14,5.00,436.00,3,3,3
2023-08-25T00:16:04Z,22.22,64.17,99,0,null,101.14,7.00,446.00,null,null,null
2023-08-25T00:17:04Z,22.20,63.84,99,0,null,101.14,7.00,451.00,null,null,null
2023-08-25T00:18:04Z,22.20,63.96,99,0,null,101.14,5.00,433.00,null,null,null
2023-08-25T00:19:04Z,22.20,64.02,99,0,null,101.14,2.00,415.00,null,null,null
2023-08-25T00:20:04Z,22.19,64.13,99,0,null,101.14,2.00,417.00,1,1,1
2023-08-25T00:21:04Z,22.17,64.15,99,0,null,101.14,1.00,407.00,null,null,null
2023-08-25T00:22:04Z,22.20,64.28,99,0,null,101.14,2.00,417.00,null,null,null
2023-08-25T00:23:04Z,22.17,64.11,99,0,null,101.14,7.00,452.00,null,null,null
2023-08-25T00:24:04Z,22.19,64.39,99,0,null,101.14,7.00,446.00,null,null,null
2023-08-25T00:25:04Z,22.19,64.62,99,0,null,101.13,11.00,476.00,5,5,5
2023-08-25T00:26:04Z,22.19,64.73,99,0,null,101.14,22.00,548.00,null,null,null
2023-08-25T00:27:04Z,22.22,64.81,99,0,null,101.14,37.00,645.00,null,null,null
2023-08-25T00:28:04Z,22.25,64.76,99,0,null,101.14,47.00,714.00,null,null,null
2023-08-25T00:29:04Z,22.25,64.74,99,0,null,101.14,43.00,686.00,null,null,null
2023-08-25T00:30:04Z,22.22,64.59,99,0,null,101.13,38.00,653.00,0,0,0
2023-08-25T00:31:04Z,22.17,64.33,99,0,null,101.14,43.00,683.00,null,null,null
2023-08-25T00:32:04Z,22.19,64.39,99,0,null,101.14,35.00,631.00,null,null,null
2023-08-25T00:33:04Z,22.17,64.32,99,0,null,101.14,30.00,602.00,null,null,null
2023-08-25T00:34:04Z,22.17,64.41,99,0,null,101.14,29.00,592.00,null,null,null
2023-08-25T00:35:04Z,22.16,64.39,99,0,null,101.13,32.00,614.00,4,5,5
2023-08-25T00:36:04Z,22.16,64.18,99,0,null,101.14,30.00,599.00,null,null,null
2023-08-25T00:37:04Z,22.17,64.14,99,0,null,101.14,25.00,565.00,null,null,null
2023-08-25T00:38:04Z,22.13,63.89,99,0,null,101.13,20.00,537.00,null,null,null
2023-08-25T00:39:04Z,22.12,63.91,99,0,null,101.13,12.00,485.00,null,null,null
2023-08-25T00:40:04Z,22.12,64.00,99,0,null,101.13,11.00,478.00,1,1,1
2023-08-25T00:41:04Z,22.12,64.04,99,0,null,101.14,13.00,488.00,null,null,null
2023-08-25T00:42:04Z,22.15,64.29,99,0,null,101.13,17.00,514.00,null,null,null
2023-08-25T00:43:04Z,22.15,64.11,99,0,null,101.14,14.00,496.00,null,null,null
2023-08-25T00:44:04Z,22.15,64.22,99,0,null,101.14,17.00,514.00,null,null,null
2023-08-25T00:45:04Z,22.16,64.27,99,0,null,101.13,20.00,537.00,8,8,8
2023-08-25T00:46:04Z,22.16,64.56,99,0,null,101.13,27.00,580.00,null,null,null
2023-08-25T00:47:04Z,22.17,63.98,99,0,null,101.13,40.00,668.00,null,null,null
2023-08-25T00:48:04Z,22.15,63.95,99,0,null,101.13,34.00,627.00,null,null,null
2023-08-25T00:49:04Z,22.15,63.77,99,0,null,101.13,28.00,584.00,null,null,null
2023-08-25T00:50:04Z,22.12,63.94,99,0,null,101.13,25.00,570.00,3,3,3
2023-08-25T00:51:04Z,22.13,63.80,99,0,null,101.13,23.00,556.00,null,null,null
2023-08-25T00:52:04Z,22.10,63.87,99,0,null,101.13,20.00,537.00,null,null,null
2023-08-25T00:53:04Z,22.12,64.07,99,0,null,101.13,25.00,565.00,null,null,null
2023-08-25T00:54:04Z,22.12,63.76,99,0,null,101.13,29.00,596.00,null,null,null
2023-08-25T00:55:04Z,22.10,63.93,99,0,null,101.14,30.00,602.00,3,3,3
2023-08-25T00:56:04Z,22.12,63.75,99,0,null,101.14,31.00,605.00,null,null,null
2023-08-25T00:57:04Z,22.12,63.50,99,0,null,101.13,30.00,602.00,null,null,null
2023-08-25T00:58:04Z,22.12,63.42,99,0,null,101.13,29.00,594.00,null,null,null
2023-08-25T00:59:04Z,22.12,63.79,99,0,null,101.13,30.00,600.00,null,null,null
2023-08-25T01:00:04Z,22.12,63.64,99,0,null,101.14,31.00,605.00,3,3,3
2023-08-25T01:01:04Z,22.08,63.37,99,0,null,101.13,28.00,589.00,null,null,null
2023-08-25T01:02:04Z,22.06,63.40,99,0,null,101.14,23.00,555.00,null,null,null
2023-08-25T01:03:04Z,22.09,63.63,99,0,null,101.14,23.00,555.00,null,null,null
2023-08-25T01:04:04Z,22.06,63.25,99,0,null,101.13,23.00,555.00,null,null,null
2023-08-25T01:05:04Z,22.06,63.48,99,0,null,101.13,19.00,527.00,5,5,5
2023-08-25T01:06:04Z,22.03,63.41,99,0,null,101.13,14.00,498.00,null,null,null
2023-08-25T01:07:04Z,21.99,63.05,99,0,null,101.14,8.00,455.00,null,null,null
2023-08-25T01:08:04Z,22.01,63.12,99,0,null,101.13,3.00,420.00,null,null,null
2023-08-25T01:09:04Z,21.99,63.38,99,0,null,101.13,0.00,402.00,null,null,null
2023-08-25T01:10:04Z,21.93,63.39,99,0,null,101.13,0.00,400.00,7,7,11
2023-08-25T01:11:04Z,21.95,63.24,99,0,null,101.13,0.00,400.00,null,null,null
2023-08-25T01:12:04Z,21.91,63.31,99,0,null,101.13,0.00,400.00,null,null,null
2023-08-25T01:13:04Z,21.93,63.34,99,0,null,101.13,0.00,400.00,null,null,null
2023-08-25T01:14:04Z,21.93,63.63,99,0,null,101.13,1.00,410.00,null,null,null
2023-08-25T01:15:04Z,21.93,63.54,99,0,null,101.13,3.00,421.00,4,4,4
2023-08-25T01:16:04Z,21.95,63.67,99,0,null,101.13,9.00,461.00,null,null,null
2023-08-25T01:17:04Z,21.96,63.84,99,0,null,101.13,19.00,526.00,null,null,null
2023-08-25T01:18:04Z,21.98,63.60,99,0,null,101.14,21.00,543.00,null,null,null
2023-08-25T01:19:04Z,21.93,63.62,99,0,null,101.14,26.00,574.00,null,null,null
2023-08-25T01:20:04Z,21.93,63.55,99,0,null,101.14,26.00,574.00,4,4,4
2023-08-25T01:21:04Z,21.95,63.12,99,0,null,101.13,26.00,574.00,null,null,null
2023-08-25T01:22:04Z,21.95,63.10,99,0,null,101.14,24.00,561.00,null,null,null
2023-08-25T01:23:04Z,21.91,62.70,99,0,null,101.14,18.00,519.00,null,null,null
2023-08-25T01:24:04Z,21.89,62.83,99,0,null,101.14,14.00,497.00,null,null,null
2023-08-25T01:25:04Z,21.88,62.83,99,0,null,101.14,10.00,472.00,5,6,6
2023-08-25T01:26:04Z,21.86,62.66,99,0,null,101.14,3.00,425.00,null,null,null
2023-08-25T01:27:04Z,21.91,62.88,99,0,null,101.14,1.00,411.00,null,null,null
2023-08-25T01:28:04Z,21.92,63.11,99,0,null,101.14,2.00,418.00,null,null,null
2023-08-25T01:29:04Z,21.86,62.19,99,0,null,101.14,0.00,400.00,null,null,null
2023-08-25T01:30:04Z,21.84,62.17,99,0,null,101.14,0.00,400.00,3,3,3
2023-08-25T01:31:04Z,21.81,62.32,99,0,null,101.13,0.00,400.00,null,null,null
2023-08-25T01:32:04Z,21.78,62.40,99,0,null,101.13,0.00,400.00,null,null,null
2023-08-25T01:33:04Z,21.79,62.66,99,0,null,101.13,2.00,414.00,null,null,null
2023-08-25T01:34:04Z,21.81,62.70,99,0,null,101.13,4.00,432.00,null,null,null
2023-08-25T01:35:04Z,21.78,62.94,99,0,null,101.13,7.00,448.00,3,3,6
2023-08-25T01:36:04Z,21.78,62.94,99,0,null,101.13,12.00,483.00,null,null,null
2023-08-25T01:37:04Z,21.79,62.92,99,0,null,101.13,11.00,477.00,null,null,null
2023-08-25T01:38:04Z,21.78,62.93,99,0,null,101.13,11.00,477.00,null,null,null
2023-08-25T01:39:04Z,21.77,62.91,99,0,null,101.13,11.00,477.00,null,null,null
2023-08-25T01:40:04Z,21.75,62.87,99,0,null,101.13,9.00,465.00,2,2,2
2023-08-25T01:41:04Z,21.75,63.03,99,0,null,101.13,12.00,483.00,null,null,null
2023-08-25T01:42:04Z,21.75,62.65,99,0,null,101.13,9.00,465.00,null,null,null
2023-08-25T01:43:04Z,21.73,62.70,99,0,null,101.13,9.00,461.00,null,null,null
2023-08-25T01:44:04Z,21.71,62.79,99,0,null,101.12,10.00,466.00,null,null,null
2023-08-25T01:45:04Z,21.72,62.94,99,0,null,101.13,12.00,482.00,3,3,3
2023-08-25T01:46:04Z,21.73,63.19,99,0,null,101.13,22.00,545.00,null,null,null
2023-08-25T01:47:04Z,21.75,62.81,99,0,null,101.13,23.00,552.00,null,null,null
2023-08-25T01:48:04Z,21.75,62.59,99,0,null,101.12,23.00,552.00,null,null,null
2023-08-25T01:49:04Z,21.75,62.46,99,0,null,101.12,20.00,536.00,null,null,null
2023-08-25T01:50:04Z,21.69,62.80,99,0,null,101.12,17.00,515.00,2,2,2
2023-08-25T01:51:04Z,21.73,62.51,99,0,null,101.12,25.00,565.00,null,null,null
2023-08-25T01:52:04Z,21.73,62.65,99,0,null,101.12,17.00,514.00,null,null,null
2023-08-25T01:53:04Z,21.73,62.72,99,0,null,101.12,20.00,534.00,null,null,null
2023-08-25T01:54:04Z,21.72,62.80,99,0,null,101.12,24.00,560.00,null,null,null
2023-08-25T01:55:04Z,21.66,62.52,99,0,null,101.13,25.00,570.00,5,5,5
2023-08-25T01:56:04Z,21.68,62.41,99,0,null,101.12,22.00,545.00,null,null,null
2023-08-25T01:57:04Z,21.68,62.67,99,0,null,101.12,17.00,514.00,null,null,null
2023-08-25T01:58:04Z,21.68,62.77,99,0,null,101.13,17.00,514.00,null,null,null
2023-08-25T01:59:04Z,21.72,62.91,99,0,null,101.13,21.00,539.00,null,null,null
2023-08-25T02:00:04Z,21.69,63.15,99,0,null,101.13,30.00,599.00,3,7,7
2023-08-25T02:01:04Z,21.71,62.82,99,0,null,101.13,43.00,688.00,null,null,null
2023-08-25T02:02:04Z,21.73,62.74,99,0,null,101.13,56.00,770.00,null,null,null
2023-08-25T02:03:04Z,21.72,61.80,99,0,null,101.13,64.00,825.00,null,null,null
2023-08-25T02:04:04Z,21.68,62.06,99,0,null,101.13,56.00,772.00,null,null,null
2023-08-25T02:05:04Z,21.68,61.61,99,0,null,101.14,50.00,730.00,3,4,4
2023-08-25T02:06:04Z,21.66,61.21,99,0,null,101.14,39.00,659.00,null,null,null
2023-08-25T02:07:04Z,21.68,61.59,99,0,null,101.13,29.00,594.00,null,null,null
2023-08-25T02:08:04Z,21.69,62.02,99,0,null,101.13,26.00,574.00,null,null,null
2023-08-25T02:09:04Z,21.71,62.32,99,0,null,101.13,33.00,623.00,null,null,null
2023-08-25T02:10:04Z,21.68,62.00,99,0,null,101.13,46.00,704.00,5,5,5
2023-08-25T02:11:04Z,21.72,62.14,99,0,null,101.13,53.00,749.00,null,null,null
2023-08-25T02:12:04Z,21.72,61.85,99,0,null,101.13,63.00,815.00,null,null,null
2023-08-25T02:13:04Z,21.71,61.49,99,0,null,101.13,69.00,853.00,null,null,null
2023-08-25T02:14:04Z,21.72,61.17,99,0,null,101.13,62.00,810.00,null,null,null
2023-08-25T02:15:04Z,21.71,61.13,99,0,null,101.13,56.00,770.00,2,2,2
2023-08-25T02:16:04Z,21.73,61.11,99,0,null,101.13,51.00,735.00,null,null,null
2023-08-25T02:17:04Z,21.71,60.63,99,0,null,101.12,52.00,744.00,null,null,null
2023-08-25T02:18:04Z,21.66,60.11,99,0,null,101.12,43.00,683.00,null,null,null
2023-08-25T02:19:04Z,21.68,60.25,99,0,null,101.13,34.00,626.00,null,null,null
2023-08-25T02:20:04Z,21.68,60.64,99,0,null,101.12,26.00,574.00,3,3,3
2023-08-25T02:21:04Z,21.68,60.68,99,0,null,101.13,28.00,588.00,null,null,null
2023-08-25T02:22:04Z,21.68,59.93,99,0,null,101.12,31.00,605.00,null,null,null
2023-08-25T02:23:04Z,21.68,60.19,99,0,null,101.13,29.00,592.00,null,null,null
2023-08-25T02:24:04Z,21.65,59.68,99,0,null,101.12,24.00,561.00,null,null,null
2023-08-25T02:25:04Z,21.63,59.45,99,0,null,101.12,18.00,520.00,0,2,2
2023-08-25T02:26:04Z,21.62,59.51,99,0,null,101.12,12.00,481.00,null,null,null
2023-08-25T02:27:04Z,21.61,58.91,99,0,null,101.12,11.00,473.00,null,null,null
2023-08-25T02:28:04Z,21.58,58.38,99,0,null,101.12,9.00,461.00,null,null,null
2023-08-25T02:29:04Z,21.55,58.22,99,0,null,101.13,3.00,421.00,null,null,null
2023-08-25T02:30:04Z,21.52,58.44,99,0,null,101.12,0.00,400.00,4,4,4
2023-08-25T02:31:04Z,21.55,58.63,99,0,null,101.12,0.00,400.00,null,null,null
2023-08-25T02:32:04Z,21.55,59.27,99,0,null,101.13,0.00,400.00,null,null,null
2023-08-25T02:33:04Z,21.52,59.30,99,0,null,101.13,2.00,417.00,null,null,null
2023-08-25T02:34:04Z,21.52,58.61,99,0,null,101.13,5.00,435.00,null,null,null
2023-08-25T02:35:04Z,21.52,59.08,99,0,null,101.13,1.00,410.00,3,3,3
2023-08-25T02:36:04Z,21.55,59.65,99,0,null,101.13,3.00,422.00,null,null,null
2023-08-25T02:37:04Z,21.57,59.48,99,0,null,101.13,13.00,491.00,null,null,null
2023-08-25T02:38:04Z,21.54,58.64,99,0,null,101.13,17.00,515.00,null,null,null
2023-08-25T02:39:04Z,21.51,58.51,99,0,null,101.13,12.00,482.00,null,null,null
2023-08-25T02:40:04Z,21.48,58.74,99,0,null,101.13,7.00,450.00,1,1,1
2023-08-25T02:41:04Z,21.48,58.35,99,0,null,101.13,2.00,418.00,null,null,null
2023-08-25T02:42:04Z,21.48,58.78,99,0,null,101.13,0.00,402.00,null,null,null
2023-08-25T02:43:04Z,21.50,58.75,99,0,null,101.13,2.00,417.00,null,null,null
2023-08-25T02:44:04Z,21.48,58.00,99,0,null,101.13,6.00,441.00,null,null,null
2023-08-25T02:45:04Z,21.47,57.77,99,0,null,101.13,6.00,442.00,3,3,3
2023-08-25T02:46:04Z,21.45,57.24,99,0,null,101.13,1.00,407.00,null,null,null
2023-08-25T02:47:04Z,21.47,57.54,99,0,null,101.13,0.00,400.00,null,null,null
2023-08-25T02:48:04Z,21.47,57.99,99,0,null,101.13,0.00,400.00,null,null,null
2023-08-25T02:49:04Z,21.47,57.64,99,0,null,101.13,0.00,406.00,null,null,null
2023-08-25T02:50:04Z,21.48,58.06,99,0,null,101.13,1.00,410.00,1,1,1
2023-08-25T02:51:04Z,21.48,57.90,99,0,null,101.13,5.00,439.00,null,null,null
2023-08-25T02:52:04Z,21.45,58.02,99,0,null,101.13,7.00,451.00,null,null,null
2023-08-25T02:53:04Z,21.47,58.30,99,0,null,101.13,10.00,472.00,null,null,null
2023-08-25T02:54:04Z,21.48,58.21,99,0,null,101.13,14.00,493.00,null,null,null
2023-08-25T02:55:04Z,21.44,57.59,99,0,null,101.13,14.00,498.00,0,0,0
2023-08-25T02:56:04Z,21.42,57.48,99,0,null,101.13,12.00,481.00,null,null,null
2023-08-25T02:57:04Z,21.44,57.54,99,0,null,101.13,7.00,451.00,null,null,null
2023-08-25T02:58:04Z,21.42,58.05,99,0,null,101.13,7.00,451.00,null,null,null
2023-08-25T02:59:04Z,21.42,58.25,99,0,null,101.13,12.00,483.00,null,null,null
2023-08-25T03:00:04Z,21.44,57.32,99,0,null,101.13,16.00,508.00,1,1,1
2023-08-25T03:01:04Z,21.41,57.20,99,0,null,101.13,14.00,493.00,null,null,null
2023-08-25T03:02:04Z,21.41,56.41,99,0,null,101.13,10.00,472.00,null,null,null
2023-08-25T03:03:04Z,21.37,56.66,99,0,null,101.12,3.00,423.00,null,null,null
2023-08-25T03:04:04Z,21.37,56.75,99,0,null,101.12,0.00,400.00,null,null,null
2023-08-25T03:05:04Z,21.35,56.74,99,0,null,101.12,0.00,400.00,3,3,3
2023-08-25T03:06:04Z,21.37,57.22,99,0,null,101.12,0.00,400.00,null,null,null
2023-08-25T03:07:04Z,21.38,57.59,99,0,null,101.12,2.00,418.00,null,null,null
2023-08-25T03:08:04Z,21.40,57.68,99,0,null,101.13,6.00,442.00,null,null,null
2023-08-25T03:09:04Z,21.42,58.00,99,0,null,101.13,15.00,503.00,null,null,null
2023-08-25T03:10:04Z,21.40,58.39,99,0,null,101.12,28.00,589.00,4,4,4
2023-08-25T03:11:04Z,21.41,57.47,99,0,null,101.12,38.00,653.00,null,null,null
2023-08-25T03:12:04Z,21.41,57.20,99,0,null,101.12,37.00,646.00,null,null,null
2023-08-25T03:13:04Z,21.42,57.52,99,0,null,101.12,37.00,646.00,null,null,null
2023-08-25T03:14:04Z,21.42,58.05,99,0,null,101.12,42.00,678.00,null,null,null
2023-08-25T03:15:04Z,21.44,57.78,99,0,null,101.12,53.00,752.00,1,3,3
2023-08-25T03:16:04Z,21.45,57.58,99,0,null,101.13,47.00,714.00,null,null,null
2023-08-25T03:17:04Z,21.44,57.22,99,0,null,101.13,49.00,726.00,null,null,null
2023-08-25T03:18:04Z,21.42,56.40,99,0,null,101.13,37.00,646.00,null,null,null
2023-08-25T03:19:04Z,21.45,57.04,99,0,null,101.12,26.00,574.00,null,null,null
2023-08-25T03:20:04Z,21.41,56.81,99,0,null,101.13,25.00,569.00,0,0,0
2023-08-25T03:21:04Z,21.41,56.66,99,0,null,101.13,19.00,531.00,null,null,null
2023-08-25T03:22:04Z,21.41,56.03,99,0,null,101.13,14.00,492.00,null,null,null
2023-08-25T03:23:04Z,21.35,55.89,99,0,null,101.12,8.00,456.00,null,null,null
2023-08-25T03:24:04Z,21.34,56.19,99,0,null,101.12,2.00,418.00,null,null,null
2023-08-25T03:25:04Z,21.34,56.33,99,0,null,101.12,0.00,403.00,2,6,6
2023-08-25T03:26:04Z,21.28,55.82,99,0,null,101.12,0.00,400.00,null,null,null
2023-08-25T03:27:04Z,21.28,55.34,99,0,null,101.12,0.00,400.00,null,null,null
2023-08-25T03:28:04Z,21.27,55.75,99,0,null,101.12,0.00,400.00,null,null,null
2023-08-25T03:29:04Z,21.27,55.83,99,0,null,101.12,0.00,400.00,null,null,null
2023-08-25T03:30:04Z,21.24,55.67,99,0,null,101.11,0.00,400.00,2,2,2
2023-08-25T03:31:04Z,21.20,55.96,99,0,null,101.11,5.00,435.00,null,null,null
2023-08-25T03:32:04Z,21.26,55.74,99,0,null,101.11,5.00,436.00,null,null,null
2023-08-25T03:33:04Z,21.23,55.49,99,0,null,101.11,0.00,400.00,null,null,null
2023-08-25T03:34:04Z,21.23,55.52,99,0,null,101.10,1.00,411.00,null,null,null
2023-08-25T03:35:04Z,21.18,55.21,99,0,null,101.11,0.00,400.00,1,1,1
2023-08-25T03:36:04Z,21.17,55.63,99,0,null,101.11,0.00,400.00,null,null,null
2023-08-25T03:37:04Z,21.17,55.33,99,0,null,101.11,0.00,400.00,null,null,null
2023-08-25T03:38:04Z,21.15,55.66,99,0,null,101.11,0.00,400.00,null,null,null
2023-08-25T03:39:04Z,21.15,55.85,99,0,null,101.11,0.00,400.00,null,null,null
2023-08-25T03:40:04Z,21.14,55.93,99,0,null,101.11,3.00,425.00,2,2,2
2023-08-25T03:41:04Z,21.17,55.78,99,0,null,101.11,3.00,421.00,null,null,null
2023-08-25T03:42:04Z,21.17,55.50,99,0,null,101.11,3.00,421.00,null,null,null
2023-08-25T03:43:04Z,21.15,55.95,99,0,null,101.11,2.00,417.00,null,null,null
2023-08-25T03:44:04Z,21.12,55.53,99,0,null,101.12,2.00,414.00,null,null,null
2023-08-25T03:45:04Z,21.12,55.53,99,0,null,101.11,1.00,413.00,1,1,1
2023-08-25T03:46:04Z,21.10,55.01,99,0,null,101.11,0.00,406.00,null,null,null
2023-08-25T03:47:04Z,21.12,55.52,99,0,null,101.11,0.00,400.00,null,null,null
2023-08-25T03:48:04Z,21.08,55.47,99,0,null,101.11,0.00,401.00,null,null,null
2023-08-25T03:49:04Z,21.11,55.80,99,0,null,101.11,2.00,414.00,null,null,null
2023-08-25T03:50:04Z,21.10,55.93,99,0,null,101.11,6.00,445.00,2,2,2
2023-08-25T03:51:04Z,21.12,55.49,99,0,null,101.11,13.00,488.00,null,null,null
2023-08-25T03:52:04Z,21.11,55.37,99,0,null,101.11,15.00,505.00,null,null,null
2023-08-25T03:53:04Z,21.11,55.50,99,0,null,101.11,15.00,502.00,null,null,null
2023-08-25T03:54:04Z,21.14,55.92,99,0,null,101.11,23.00,553.00,null,null,null
2023-08-25T03:55:04Z,21.14,56.47,99,0,null,101.11,40.00,666.00,1,1,1
2023-08-25T03:56:04Z,21.17,56.12,99,0,null,101.11,50.00,733.00,null,null,null
2023-08-25T03:57:04Z,21.18,56.32,99,0,null,101.11,66.00,836.00,null,null,null
2023-08-25T03:58:04Z,21.20,55.05,99,0,null,101.11,78.00,915.00,null,null,null
2023-08-25T03:59:04Z,21.17,54.67,99,0,null,101.11,78.00,915.00,null,null,null
2023-08-25T04:00:04Z,21.14,54.20,99,0,null,101.11,62.00,808.00,1,1,1
2023-08-25T04:01:04Z,21.12,54.10,99,0,null,101.11,49.00,726.00,null,null,null
2023-08-25T04:02:04Z,21.12,54.50,99,0,null,101.11,43.00,683.00,null,null,null
2023-08-25T04:03:04Z,21.11,53.92,99,0,null,101.11,36.00,640.00,null,null,null
2023-08-25T04:04:04Z,21.08,53.97,99,0,null,101.11,32.00,611.00,null,null,null
2023-08-25T04:05:04Z,21.10,54.44,99,0,null,101.12,30.00,602.00,2,2,2
2023-08-25T04:06:04Z,21.10,53.95,99,0,null,101.11,25.00,570.00,null,null,null
2023-08-25T04:07:04Z,21.10,54.08,99,0,null,101.12,24.00,564.00,null,null,null
2023-08-25T04:08:04Z,21.07,53.41,99,0,null,101.12,22.00,545.00,null,null,null
2023-08-25T04:09:04Z,21.04,53.01,99,0,null,101.11,12.00,482.00,null,null,null
2023-08-25T04:10:04Z,21.01,52.88,99,0,null,101.12,5.00,439.00,0,0,0
2023-08-25T04:11:04Z,21.00,53.24,99,0,null,101.11,0.00,400.00,null,null,null
2023-08-25T04:12:04Z,21.01,53.84,99,0,null,101.11,0.00,400.00,null,null,null
2023-08-25T04:13:04Z,20.97,53.83,99,0,null,101.11,3.00,422.00,null,null,null
2023-08-25T04:14:04Z,20.98,54.06,99,0,null,101.10,3.00,426.00,null,null,null
2023-08-25T04:15:04Z,21.00,54.51,99,0,null,101.10,10.00,472.00,0,0,0
2023-08-25T04:16:04Z,20.96,53.55,99,0,null,101.11,9.00,460.00,null,null,null
2023-08-25T04:17:04Z,20.97,53.92,99,0,null,101.10,9.00,460.00,null,null,null
2023-08-25T04:18:04Z,20.98,54.53,99,0,null,101.10,14.00,498.00,null,null,null
2023-08-25T04:19:04Z,20.98,54.51,99,0,null,101.10,21.00,542.00,null,null,null
2023-08-25T04:20:04Z,21.00,54.35,99,0,null,101.10,27.00,581.00,1,1,1
2023-08-25T04:21:04Z,20.97,54.34,99,0,null,101.11,31.00,605.00,null,null,null
2023-08-25T04:22:04Z,20.98,53.99,99,0,null,101.10,27.00,578.00,null,null,null
2023-08-25T04:23:04Z,20.98,54.31,99,0,null,101.10,28.00,589.00,null,null,null
2023-08-25T04:24:04Z,21.01,54.67,99,0,null,101.10,31.00,605.00,null,null,null
2023-08-25T04:25:04Z,20.97,54.52,99,0,null,101.10,35.00,634.00,0,0,0
2023-08-25T04:26:04Z,20.97,54.26,99,0,null,101.10,31.00,605.00,null,null,null
2023-08-25T04:27:04Z,20.96,53.72,99,0,null,101.10,24.00,564.00,null,null,null
2023-08-25T04:28:04Z,20.93,53.71,99,0,null,101.10,17.00,514.00,null,null,null
2023-08-25T04:29:04Z,20.88,53.86,99,0,null,101.10,14.00,498.00,null,null,null
2023-08-25T04:30:04Z,20.94,54.27,99,0,null,101.10,14.00,498.00,2,2,8
2023-08-25T04:31:04Z,20.94,54.72,99,0,null,101.10,19.00,531.00,null,null,null
2023-08-25T04:32:04Z,20.93,54.57,99,0,null,101.10,20.00,537.00,null,null,null
2023-08-25T04:33:04Z,20.96,54.96,99,0,null,101.10,32.00,611.00,null,null,null
2023-08-25T04:34:04Z,20.97,54.70,99,0,null,101.11,38.00,650.00,null,null,null
2023-08-25T04:35:04Z,20.94,53.85,99,0,null,101.10,34.00,624.00,1,1,1
2023-08-25T04:36:04Z,20.93,54.11,99,0,null,101.11,29.00,596.00,null,null,null
2023-08-25T04:37:04Z,20.93,54.00,99,0,null,101.11,25.00,569.00,null,null,null
2023-08-25T04:38:04Z,20.91,54.19,99,0,null,101.11,24.00,564.00,null,null,null
2023-08-25T04:39:04Z,20.93,53.78,99,0,null,101.11,26.00,575.00,null,null,null
2023-08-25T04:40:04Z,20.93,53.99,99,0,null,101.11,23.00,555.00,0,0,0
2023-08-25T04:41:04Z,20.90,53.90,99,0,null,101.10,23.00,555.00,null,null,null
2023-08-25T04:42:04Z,20.90,53.80,99,0,null,101.11,24.00,564.00,null,null,null
2023-08-25T04:43:04Z,20.91,54.21,99,0,null,101.10,19.00,531.00,null,null,null
2023-08-25T04:44:04Z,20.88,53.08,99,0,null,101.10,24.00,564.00,null,null,null
2023-08-25T04:45:04Z,20.86,53.66,99,0,null,101.10,18.00,519.00,0,0,0
2023-08-25T04:46:04Z,20.86,53.42,99,0,null,101.10,10.00,472.00,null,null,null
2023-08-25T04:47:04Z,20.84,53.55,99,0,null,101.11,7.00,452.00,null,null,null
2023-08-25T04:48:04Z,20.87,53.84,99,0,null,101.10,7.00,447.00,null,null,null
2023-08-25T04:49:04Z,20.84,54.12,99,0,null,101.10,5.00,435.00,null,null,null
2023-08-25T04:50:04Z,20.86,54.41,99,0,null,101.10,12.00,485.00,0,1,1
2023-08-25T04:51:04Z,20.90,54.65,99,0,null,101.10,22.00,549.00,null,null,null
2023-08-25T04:52:04Z,20.90,54.58,99,0,null,101.10,40.00,666.00,null,null,null
2023-08-25T04:53:04Z,20.93,54.13,99,0,null,101.10,53.00,748.00,null,null,null
2023-08-25T04:54:04Z,20.93,54.14,99,0,null,101.11,57.00,778.00,null,null,null
2023-08-25T04:55:04Z,20.93,54.53,99,0,null,101.11,60.00,798.00,0,0,0
2023-08-25T04:56:04Z,20.96,54.83,99,0,null,101.11,70.00,863.00,null,null,null
2023-08-25T04:57:04Z,21.00,54.96,99,0,null,101.11,93.00,1012.00,null,null,null
2023-08-25T04:58:04Z,21.03,54.59,99,0,null,101.11,114.00,1153.00,null,null,null
2023-08-25T04:59:04Z,21.01,54.49,99,0,null,101.11,129.00,1252.00,null,null,null
2023-08-25T05:00:04Z,21.01,53.89,99,0,null,101.11,138.00,1307.00,0,0,0
2023-08-25T05:01:04Z,21.00,53.79,99,0,null,101.11,129.00,1248.00,null,null,null
2023-08-25T05:02:04Z,20.97,53.27,99,0,null,101.11,113.00,1144.00,null,null,null
2023-08-25T05:03:04Z,20.96,53.45,99,0,null,101.11,90.00,997.00,null,null,null
2023-08-25T05:04:04Z,20.98,53.73,99,0,null,101.11,83.00,945.00,null,null,null
2023-08-25T05:05:04Z,20.96,54.10,99,0,null,101.12,81.00,933.00,0,0,0
2023-08-25T05:06:04Z,20.96,53.24,99,0,null,101.12,79.00,923.00,null,null,null
2023-08-25T05:07:04Z,20.97,53.49,99,0,null,101.11,70.00,863.00,null,null,null
2023-08-25T05:08:04Z,21.00,54.09,99,0,null,101.11,70.00,863.00,null,null,null
2023-08-25T05:09:04Z,21.01,54.53,99,0,null,101.11,84.00,956.00,null,null,null
2023-08-25T05:10:04Z,21.01,53.83,99,0,null,101.11,106.00,1102.00,0,0,0
2023-08-25T05:11:04Z,21.03,53.28,99,0,null,101.11,111.00,1131.00,null,null,null
2023-08-25T05:12:04Z,20.97,53.31,99,0,null,101.11,95.00,1029.00,null,null,null
2023-08-25T05:13:04Z,20.98,53.77,99,0,null,101.12,86.00,967.00,null,null,null
2023-08-25T05:14:04Z,20.98,54.11,99,0,null,101.12,89.00,987.00,null,null,null
2023-08-25T05:15:04Z,21.00,54.30,99,0,null,101.12,102.00,1074.00,0,0,0
2023-08-25T05:16:04Z,21.01,54.37,99,1,null,101.12,118.00,1181.00,null,null,null
2023-08-25T05:17:04Z,21.03,53.75,99,1,null,101.12,138.00,1307.00,null,null,null
2023-08-25T05:18:04Z,20.98,53.22,99,2,null,101.12,136.00,1299.00,null,null,null
2023-08-25T05:19:04Z,20.98,53.22,99,2,null,101.13,119.00,1184.00,null,null,null
2023-08-25T05:20:04Z,20.97,53.33,99,2,null,101.13,115.00,1156.00,0,0,5
2023-08-25T05:21:04Z,21.00,53.15,99,2,null,101.13,106.00,1099.00,null,null,null
2023-08-25T05:22:04Z,20.94,53.10,99,2,null,101.14,101.00,1065.00,null,null,null
2023-08-25T05:23:04Z,20.94,53.33,99,2,null,101.14,87.00,977.00,null,null,null
2023-08-25T05:24:04Z,20.97,53.55,99,1,null,101.14,86.00,967.00,null,null,null
2023-08-25T05:25:04Z,20.98,53.84,99,2,null,101.14,97.00,1041.00,0,0,0
2023-08-25T05:26:04Z,20.97,53.79,99,1,null,101.14,111.00,1131.00,null,null,null
2023-08-25T05:27:04Z,20.98,53.45,99,1,null,101.14,113.00,1144.00,null,null,null
2023-08-25T05:28:04Z,20.97,52.68,99,2,null,101.15,110.00,1128.00,null,null,null
2023-08-25T05:29:04Z,20.96,52.61,99,2,null,101.15,99.00,1053.00,null,null,null
2023-08-25T05:30:04Z,20.88,51.85,99,2,null,101.15,79.00,925.00,0,1,1
2023-08-25T05:31:04Z,20.86,51.69,99,3,null,101.15,56.00,774.00,null,null,null
2023-08-25T05:32:04Z,20.87,52.17,99,2,null,101.15,40.00,668.00,null,null,null
2023-08-25T05:33:04Z,20.87,52.62,99,3,null,101.15,36.00,641.00,null,null,null
2023-08-25T05:34:04Z,20.86,52.97,99,3,null,101.16,37.00,645.00,null,null,null
2023-08-25T05:35:04Z,20.88,52.95,99,3,null,101.16,44.00,690.00,0,0,0
2023-08-25T05:36:04Z,20.87,52.71,99,3,null,101.16,46.00,706.00,null,null,null
2023-08-25T05:37:04Z,20.90,53.00,99,2,null,101.16,51.00,735.00,null,null,null
2023-08-25T05:38:04Z,20.93,53.22,99,3,null,101.16,55.00,765.00,null,null,null
2023-08-25T05:39:04Z,20.91,53.29,99,4,null,101.16,68.00,848.00,null,null,null
2023-08-25T05:40:04Z,20.88,52.62,99,4,null,101.16,81.00,933.00,0,0,0
2023-08-25T05:41:04Z,20.93,52.81,99,5,null,101.15,81.00,935.00,null,null,null
2023-08-25T05:42:04Z,20.91,52.41,99,4,null,101.16,78.00,915.00,null,null,null
2023-08-25T05:43:04Z,20.93,52.78,99,5,null,101.15,79.00,925.00,null,null,null
2023-08-25T05:44:04Z,20.93,52.55,99,5,null,101.15,76.00,905.00,null,null,null
2023-08-25T05:45:04Z,20.88,51.85,99,6,null,101.15,76.00,902.00,2,2,2
2023-08-25T05:46:04Z,20.84,51.65,99,6,null,101.15,63.00,815.00,null,null,null
2023-08-25T05:47:04Z,20.86,51.75,99,5,null,101.15,49.00,726.00,null,null,null
2023-08-25T05:48:04Z,20.84,52.15,99,6,null,101.14,39.00,659.00,null,null,null
2023-08-25T05:49:04Z,20.84,52.60,99,5,null,101.14,39.00,659.00,null,null,null
2023-08-25T05:50:04Z,20.87,52.92,99,6,null,101.14,47.00,714.00,0,0,0
2023-08-25T05:51:04Z,20.91,52.90,99,6,null,101.14,56.00,774.00,null,null,null
2023-08-25T05:52:04Z,20.90,52.87,99,6,null,101.15,65.00,830.00,null,null,null
2023-08-25T05:53:04Z,20.88,51.91,99,6,null,101.15,63.00,815.00,null,null,null
2023-08-25T05:54:04Z,20.87,52.08,99,7,null,101.15,56.00,768.00,null,null,null
2023-08-25T05:55:04Z,20.86,51.74,99,8,null,101.15,49.00,726.00,0,0,0
2023-08-25T05:56:04Z,20.79,51.33,99,8,null,101.14,39.00,659.00,null,null,null
2023-08-25T05:57:04Z,20.82,51.76,99,7,null,101.15,33.00,620.00,null,null,null
2023-08-25T05:58:04Z,20.77,51.19,99,8,null,101.15,28.00,589.00,null,null,null
2023-08-25T05:59:04Z,20.74,51.22,99,8,null,101.15,19.00,527.00,null,null,null
2023-08-25T06:00:04Z,20.74,51.52,99,9,null,101.14,12.00,481.00,0,0,0
2023-08-25T06:01:04Z,20.72,51.28,99,7,null,101.14,10.00,466.00,null,null,null
2023-08-25T06:02:04Z,20.73,51.44,99,9,null,101.15,6.00,444.00,null,null,null
2023-08-25T06:03:04Z,20.73,51.82,99,9,null,101.15,5.00,434.00,null,null,null
2023-08-25T06:04:04Z,20.70,51.82,99,9,null,101.15,5.00,439.00,null,null,null
2023-08-25T06:05:04Z,20.73,51.89,99,9,null,101.15,7.00,452.00,0,0,0
2023-08-25T06:06:04Z,20.74,51.94,99,9,null,101.15,11.00,473.00,null,null,null
2023-08-25T06:07:04Z,20.74,52.24,99,10,null,101.15,14.00,495.00,null,null,null
2023-08-25T06:08:04Z,20.77,52.04,99,10,null,101.15,17.00,515.00,null,null,null
2023-08-25T06:09:04Z,20.74,51.86,99,9,null,101.15,17.00,514.00,null,null,null
2023-08-25T06:10:04Z,20.70,51.39,99,7,null,101.15,12.00,483.00,0,0,0
2023-08-25T06:11:04Z,20.70,51.22,99,7,null,101.15,5.00,434.00,null,null,null
2023-08-25T06:12:04Z,20.67,51.17,99,7,null,101.15,0.00,401.00,null,null,null
2023-08-25T06:13:04Z,20.66,51.23,99,7,null,101.15,0.00,400.00,null,null,null
2023-08-25T06:14:04Z,20.63,51.60,99,8,null,101.15,0.00,400.00,null,null,null
2023-08-25T06:15:04Z,20.66,52.06,99,8,null,101.15,2.00,414.00,0,0,0
2023-08-25T06:16:04Z,20.67,51.95,99,8,null,101.15,7.00,452.00,null,null,null
2023-08-25T06:17:04Z,20.67,51.48,99,8,null,101.15,6.00,441.00,null,null,null
2023-08-25T06:18:04Z,20.64,51.78,99,9,null,101.15,4.00,427.00,null,null,null
2023-08-25T06:19:04Z,20.63,52.23,99,9,null,101.15,7.00,448.00,null,null,null
2023-08-25T06:20:04Z,20.60,52.06,99,9,null,101.15,12.00,482.00,0,0,0
2023-08-25T06:21:04Z,20.60,51.44,99,11,null,101.15,10.00,472.00,null,null,null
2023-08-25T06:22:04Z,20.61,51.99,99,12,null,101.15,8.00,457.00,null,null,null
2023-08-25T06:23:04Z,20.59,51.58,99,14,null,101.15,10.00,472.00,null,null,null
2023-08-25T06:24:04Z,20.61,51.89,99,14,null,101.15,8.00,457.00,null,null,null
2023-08-25T06:25:04Z,20.61,52.30,99,15,null,101.15,12.00,482.00,0,0,0
2023-08-25T06:26:04Z,20.64,52.18,99,15,null,101.15,11.00,477.00,null,null,null
2023-08-25T06:27:04Z,20.63,52.37,99,15,null,101.15,17.00,518.00,null,null,null
2023-08-25T06:28:04Z,20.66,52.55,99,15,null,101.15,25.00,566.00,null,null,null
2023-08-25T06:29:04Z,20.66,52.51,99,15,null,101.15,36.00,638.00,null,null,null
2023-08-25T06:30:04Z,20.66,52.17,99,15,null,101.15,39.00,657.00,1,1,1
2023-08-25T06:31:04Z,20.63,51.72,99,14,null,101.15,35.00,631.00,null,null,null
2023-08-25T06:32:04Z,20.66,52.37,99,15,null,101.15,33.00,617.00,null,null,null
2023-08-25T06:33:04Z,20.63,51.99,99,14,null,101.15,22.00,549.00,null,null,null
2023-08-25T06:34:04Z,20.61,52.20,99,14,null,101.14,23.00,552.00,null,null,null
2023-08-25T06:35:04Z,20.61,52.07,99,13,null,101.15,25.00,566.00,0,0,0
2023-08-25T06:36:04Z,20.61,51.89,99,14,null,101.15,15.00,502.00,null,null,null
2023-08-25T06:37:04Z,20.60,51.92,99,15,null,101.15,12.00,482.00,null,null,null
2023-08-25T06:38:04Z,20.60,52.03,99,15,null,101.15,7.00,448.00,null,null,null
2023-08-25T06:39:04Z,20.57,51.94,99,15,null,101.15,3.00,426.00,null,null,null
2023-08-25T06:40:04Z,20.63,52.44,99,15,null,101.15,5.00,433.00,0,0,0
2023-08-25T06:41:04Z,20.59,52.25,99,16,null,101.16,7.00,452.00,null,null,null
2023-08-25T06:42:04Z,20.59,52.12,99,16,null,101.16,3.00,426.00,null,null,null
2023-08-25T06:43:04Z,20.56,52.09,99,17,null,101.16,0.00,400.00,null,null,null
2023-08-25T06:44:04Z,20.53,52.12,99,17,null,101.16,0.00,400.00,null,null,null
2023-08-25T06:45:04Z,20.54,52.39,99,16,null,101.15,0.00,400.00,0,0,0
2023-08-25T06:46:04Z,20.57,52.89,99,16,null,101.15,5.00,433.00,null,null,null
2023-08-25T06:47:04Z,20.54,52.55,99,17,null,101.15,3.00,423.00,null,null,null
2023-08-25T06:48:04Z,20.52,52.45,99,17,null,101.15,1.00,413.00,null,null,null
2023-08-25T06:49:04Z,20.53,52.73,99,16,null,101.15,0.00,403.00,null,null,null
2023-08-25T06:50:04Z,20.53,52.75,99,16,null,101.15,2.00,416.00,0,0,0
2023-08-25T06:51:04Z,20.54,52.74,99,16,null,101.14,3.00,423.00,null,null,null
2023-08-25T06:52:04Z,20.49,52.57,99,15,null,101.14,0.00,403.00,null,null,null
2023-08-25T06:53:04Z,20.53,52.84,99,14,null,101.14,0.00,400.00,null,null,null
2023-08-25T06:54:04Z,20.52,53.10,99,13,null,101.14,4.00,427.00,null,null,null
2023-08-25T06:55:04Z,20.50,53.35,99,11,null,101.15,11.00,477.00,0,0,0
2023-08-25T06:56:04Z,20.53,53.42,99,11,null,101.14,14.00,496.00,null,null,null
2023-08-25T06:57:04Z,20.49,53.03,99,12,null,101.14,10.00,472.00,null,null,null
2023-08-25T06:58:04Z,20.53,53.18,99,14,null,101.14,10.00,472.00,null,null,null
2023-08-25T06:59:04Z,20.54,53.37,99,14,null,101.14,15.00,501.00,null,null,null
2023-08-25T07:00:04Z,20.53,53.28,99,14,null,101.14,15.00,502.00,0,0,0
2023-08-25T07:01:04Z,20.50,53.38,99,14,null,101.14,15.00,502.00,null,null,null
2023-08-25T07:02:04Z,20.54,53.27,99,14,null,101.14,19.00,530.00,null,null,null
2023-08-25T07:03:04Z,20.54,53.48,99,15,null,101.14,19.00,530.00,null,null,null
2023-08-25T07:04:04Z,20.56,53.55,99,15,null,101.14,22.00,549.00,null,null,null
2023-08-25T07:05:04Z,20.57,53.83,99,19,null,101.14,24.00,560.00,0,0,0
2023-08-25T07:06:04Z,20.60,53.75,99,16,null,101.14,33.00,620.00,null,null,null
2023-08-25T07:07:04Z,20.61,53.05,99,17,null,101.13,47.00,715.00,null,null,null
2023-08-25T07:08:04Z,20.60,52.95,99,17,null,101.13,44.00,692.00,null,null,null
2023-08-25T07:09:04Z,20.56,52.69,99,15,null,101.13,33.00,617.00,null,null,null
2023-08-25T07:10:04Z,20.54,52.68,99,16,null,101.13,23.00,552.00,0,0,0
2023-08-25T07:11:04Z,20.53,52.82,99,16,null,101.13,11.00,475.00,null,null,null
2023-08-25T07:12:04Z,20.54,52.96,99,17,null,101.13,5.00,433.00,null,null,null
2023-08-25T07:13:04Z,20.56,53.31,99,17,null,101.13,5.00,435.00,null,null,null
2023-08-25T07:14:04Z,20.57,53.61,99,17,null,101.14,11.00,476.00,null,null,null
2023-08-25T07:15:04Z,20.57,53.67,99,17,null,101.13,26.00,575.00,0,0,0
2023-08-25T07:16:04Z,20.59,53.68,99,21,null,101.14,39.00,656.00,null,null,null
2023-08-25T07:17:04Z,20.64,53.68,99,17,null,101.14,57.00,778.00,null,null,null
2023-08-25T07:18:04Z,20.66,53.80,99,17,null,101.13,75.00,895.00,null,null,null
2023-08-25T07:19:04Z,20.69,53.78,99,17,null,101.13,95.00,1029.00,null,null,null
2023-08-25T07:20:04Z,20.70,53.76,99,22,null,101.13,115.00,1156.00,0,0,0
2023-08-25T07:21:04Z,20.70,53.56,99,22,null,101.13,131.00,1266.00,null,null,null
2023-08-25T07:22:04Z,20.73,53.06,99,24,null,101.13,143.00,1345.00,null,null,null
2023-08-25T07:23:04Z,20.72,52.40,99,25,null,101.13,126.00,1228.00,null,null,null
2023-08-25T07:24:04Z,20.69,52.59,99,26,null,101.13,107.00,1105.00,null,null,null
2023-08-25T07:25:04Z,20.70,52.95,99,26,null,101.13,131.00,1262.00,0,0,0
2023-08-25T07:26:04Z,20.74,53.22,99,23,null,101.13,177.00,1507.00,null,null,null
2023-08-25T07:27:04Z,20.79,53.42,99,28,null,101.12,239.00,1594.00,null,null,null
2023-08-25T07:28:04Z,20.79,53.64,99,23,null,101.12,292.00,1652.00,null,null,null
2023-08-25T07:29:04Z,20.82,53.88,99,24,null,101.12,345.00,1705.00,null,null,null
2023-08-25T07:30:04Z,20.82,53.38,99,21,null,101.12,381.00,1741.00,0,1,1
2023-08-25T07:31:04Z,20.83,52.99,99,19,null,101.12,332.00,1694.00,null,null,null
2023-08-25T07:32:04Z,20.84,52.43,99,21,null,101.12,302.00,1664.00,null,null,null
2023-08-25T07:33:04Z,20.83,52.04,99,16,null,101.12,229.00,1581.00,null,null,null
2023-08-25T07:34:04Z,20.80,52.40,99,18,null,101.11,166.00,1495.00,null,null,null
2023-08-25T07:35:04Z,20.82,52.86,99,17,null,101.12,139.00,1313.00,0,0,0
2023-08-25T07:36:04Z,20.83,52.72,99,18,null,101.11,133.00,1274.00,null,null,null
2023-08-25T07:37:04Z,20.83,52.61,99,17,null,101.12,133.00,1274.00,null,null,null
2023-08-25T07:38:04Z,20.84,52.60,99,18,null,101.12,123.00,1212.00,null,null,null
2023-08-25T07:39:04Z,20.86,52.65,99,18,null,101.12,121.00,1198.00,null,null,null
2023-08-25T07:40:04Z,20.86,52.67,99,18,null,101.12,123.00,1212.00,0,0,0
2023-08-25T07:41:04Z,20.88,52.90,99,19,null,101.12,123.00,1212.00,null,null,null
2023-08-25T07:42:04Z,20.90,53.27,99,19,null,101.13,139.00,1313.00,null,null,null
2023-08-25T07:43:04Z,20.93,53.18,99,20,null,101.13,174.00,1504.00,null,null,null
2023-08-25T07:44:04Z,20.93,53.00,99,19,null,101.13,194.00,1533.00,null,null,null
2023-08-25T07:45:04Z,20.96,52.98,99,19,null,101.13,206.00,1548.00,0,0,0
2023-08-25T07:46:04Z,20.96,52.44,99,19,null,101.14,214.00,1560.00,null,null,null
2023-08-25T07:47:04Z,20.93,52.39,99,21,null,101.13,180.00,1513.00,null,null,null
2023-08-25T07:48:04Z,20.94,52.44,99,19,null,101.14,164.00,1478.00,null,null,null
2023-08-25T07:49:04Z,20.93,52.10,99,19,null,101.14,158.00,1441.00,null,null,null
2023-08-25T07:50:04Z,20.97,52.29,99,20,null,101.14,130.00,1255.00,1,1,1
2023-08-25T07:51:04Z,20.94,52.40,99,19,null,101.14,118.00,1181.00,null,null,null
2023-08-25T07:52:04Z,20.98,52.14,99,18,null,101.15,109.00,1122.00,null,null,null
2023-08-25T07:53:04Z,20.96,52.05,99,19,null,101.15,93.00,1017.00,null,null,null
2023-08-25T07:54:04Z,20.97,52.21,99,17,null,101.15,81.00,933.00,null,null,null
2023-08-25T07:55:04Z,20.94,52.39,99,17,null,101.14,81.00,933.00,0,0,0
2023-08-25T07:56:04Z,20.98,52.66,99,18,null,101.15,88.00,981.00,null,null,null
2023-08-25T07:57:04Z,20.97,52.06,99,17,null,101.15,92.00,1007.00,null,null,null
2023-08-25T07:58:04Z,21.00,52.17,99,17,null,101.15,77.00,907.00,null,null,null
2023-08-25T07:59:04Z,20.96,52.16,99,17,null,101.15,73.00,882.00,null,null,null
2023-08-25T08:00:04Z,20.98,52.28,99,18,null,101.15,73.00,882.00,0,0,0
2023-08-25T08:01:04Z,21.03,52.73,99,18,null,101.15,78.00,913.00,null,null,null
2023-08-25T08:02:04Z,21.01,52.74,99,18,null,101.14,98.00,1044.00,null,null,null
2023-08-25T08:03:04Z,21.07,52.94,99,18,null,101.14,111.00,1134.00,null,null,null
2023-08-25T08:04:04Z,21.04,53.20,99,21,null,101.14,141.00,1330.00,null,null,null
2023-08-25T08:05:04Z,21.07,53.50,99,20,null,101.14,191.00,1529.00,0,0,0
2023-08-25T08:06:04Z,21.12,53.69,99,20,null,101.14,254.00,1608.00,null,null,null
2023-08-25T08:07:04Z,21.14,53.44,99,22,null,101.14,320.00,1681.00,null,null,null
2023-08-25T08:08:04Z,21.14,53.17,99,20,null,101.13,345.00,1705.00,null,null,null
2023-08-25T08:09:04Z,21.17,53.70,99,20,null,101.14,369.00,1731.00,null,null,null
2023-08-25T08:10:04Z,21.15,53.20,99,20,null,101.14,417.00,1772.00,0,0,0
2023-08-25T08:11:04Z,21.20,52.86,99,19,null,101.14,369.00,1731.00,null,null,null
2023-08-25T08:12:04Z,21.20,53.00,99,19,null,101.14,342.00,1704.00,null,null,null
2023-08-25T08:13:04Z,21.20,52.82,99,17,null,101.13,336.00,1698.00,null,null,null
2023-08-25T08:14:04Z,21.21,52.00,99,17,null,101.13,320.00,1681.00,null,null,null
2023-08-25T08:15:04Z,21.18,52.00,99,17,null,101.13,274.00,1632.00,0,0,0
2023-08-25T08:16:04Z,21.18,51.85,99,18,null,101.13,236.00,1590.00,null,null,null
2023-08-25T08:17:04Z,21.18,52.07,99,18,null,101.13,209.00,1553.00,null,null,null
2023-08-25T08:18:04Z,21.18,51.66,99,18,null,101.12,177.00,1507.00,null,null,null
2023-08-25T08:19:04Z,21.12,51.10,99,17,null,101.12,143.00,1345.00,null,null,null
2023-08-25T08:20:04Z,21.11,51.24,99,18,null,101.12,109.00,1118.00,0,0,0
2023-08-25T08:21:04Z,21.12,51.38,99,17,null,101.12,83.00,949.00,null,null,null
2023-08-25T08:22:04Z,21.11,51.68,99,19,null,101.12,74.00,891.00,null,null,null
2023-08-25T08:23:04Z,21.12,51.88,99,19,null,101.12,77.00,907.00,null,null,null
2023-08-25T08:24:04Z,21.14,52.19,99,19,null,101.12,92.00,1007.00,null,null,null
2023-08-25T08:25:04Z,21.14,52.69,99,20,null,101.12,118.00,1181.00,0,1,1
2023-08-25T08:26:04Z,21.17,53.13,99,20,null,101.12,164.00,1478.00,null,null,null
2023-08-25T08:27:04Z,21.23,53.28,99,20,null,101.12,233.00,1586.00,null,null,null
2023-08-25T08:28:04Z,21.24,53.14,99,21,null,101.12,302.00,1664.00,null,null,null
2023-08-25T08:29:04Z,21.26,52.68,99,22,null,101.12,342.00,1704.00,null,null,null
2023-08-25T08:30:04Z,21.24,52.60,99,22,null,101.13,337.00,1699.00,0,0,0
2023-08-25T08:31:04Z,21.26,52.84,99,23,null,101.12,390.00,1749.00,null,null,null
2023-08-25T08:32:04Z,21.30,53.10,99,23,null,101.12,403.00,1760.00,null,null,null
2023-08-25T08:33:04Z,21.33,52.05,99,24,null,101.12,395.00,1754.00,null,null,null
2023-08-25T08:34:04Z,21.31,52.22,99,25,null,101.12,349.00,1710.00,null,null,null
2023-08-25T08:35:04Z,21.34,52.59,99,24,null,101.12,331.00,1692.00,1,1,1
2023-08-25T08:36:04Z,21.37,52.51,99,19,null,101.13,331.00,1692.00,null,null,null
2023-08-25T08:37:04Z,21.37,52.17,99,20,null,101.13,345.00,1705.00,null,null,null
2023-08-25T08:38:04Z,21.38,52.38,99,21,null,101.13,342.00,1704.00,null,null,null
2023-08-25T08:39:04Z,21.40,51.67,99,22,null,101.13,357.00,1720.00,null,null,null
2023-08-25T08:40:04Z,21.37,51.03,99,18,null,101.13,294.00,1655.00,0,0,0
2023-08-25T08:41:04Z,21.40,51.19,99,21,null,101.13,258.00,1614.00,null,null,null
2023-08-25T08:42:04Z,21.40,51.83,99,23,null,101.13,254.00,1610.00,null,null,null
2023-08-25T08:43:04Z,21.41,51.99,99,24,null,101.13,284.00,1642.00,null,null,null
2023-08-25T08:44:04Z,21.41,51.13,99,19,null,101.12,255.00,1611.00,null,null,null
2023-08-25T08:45:04Z,21.38,50.84,99,15,null,101.12,204.00,1546.00,0,0,0
2023-08-25T08:46:04Z,21.38,50.25,99,22,null,101.13,172.00,1500.00,null,null,null
2023-08-25T08:47:04Z,21.37,50.66,99,18,null,101.13,138.00,1310.00,null,null,null
2023-08-25T08:48:04Z,21.38,50.34,99,16,null,101.13,121.00,1195.00,null,null,null
2023-08-25T08:49:04Z,21.37,49.79,99,17,null,101.13,103.00,1081.00,null,null,null
2023-08-25T08:50:04Z,21.33,49.82,99,22,null,101.12,74.00,889.00,0,0,0
2023-08-25T08:51:04Z,21.34,49.96,99,23,null,101.12,58.00,787.00,null,null,null
2023-08-25T08:52:04Z,21.37,50.17,99,16,null,101.13,57.00,778.00,null,null,null
2023-08-25T08:53:04Z,21.37,50.64,99,14,null,101.12,64.00,825.00,null,null,null
2023-08-25T08:54:04Z,21.37,51.51,99,13,null,101.13,91.00,1001.00,null,null,null
2023-08-25T08:55:04Z,21.38,51.17,99,13,null,101.13,112.00,1137.00,0,0,0
2023-08-25T08:56:04Z,21.41,51.31,99,13,null,101.12,139.00,1313.00,null,null,null
2023-08-25T08:57:04Z,21.38,51.73,99,15,null,101.12,171.00,1499.00,null,null,null
2023-08-25T08:58:04Z,21.40,51.88,99,18,null,101.12,211.00,1556.00,null,null,null
2023-08-25T08:59:04Z,21.42,51.65,99,15,null,101.13,249.00,1604.00,null,null,null
2023-08-25T09:00:04Z,21.41,51.16,99,18,null,101.13,272.00,1629.00,0,0,0
2023-08-25T09:01:04Z,21.42,50.97,99,19,null,101.12,283.00,1641.00,null,null,null
2023-08-25T09:02:04Z,21.41,50.45,99,19,null,101.13,267.00,1624.00,null,null,null
2023-08-25T09:03:04Z,21.41,50.30,99,18,null,101.13,254.00,1608.00,null,null,null
2023-08-25T09:04:04Z,21.40,50.17,99,18,null,101.12,238.00,1592.00,null,null,null
2023-08-25T09:05:04Z,21.41,50.02,99,18,null,101.13,229.00,1581.00,1,1,1
2023-08-25T09:06:04Z,21.41,49.92,99,15,null,101.12,209.00,1555.00,null,null,null
2023-08-25T09:07:04Z,21.41,49.71,99,17,null,101.13,194.00,1533.00,null,null,null
2023-08-25T09:08:04Z,21.42,49.74,99,15,null,101.13,184.00,1518.00,null,null,null
2023-08-25T09:09:04Z,21.40,49.67,99,16,null,101.13,177.00,1508.00,null,null,null
2023-08-25T09:10:04Z,21.42,49.97,99,17,null,101.13,174.00,1503.00,0,0,0
2023-08-25T09:11:04Z,21.42,49.97,99,14,null,101.13,177.00,1508.00,null,null,null
2023-08-25T09:12:04Z,21.45,49.96,99,14,null,101.13,187.00,1524.00,null,null,null
2023-08-25T09:13:04Z,21.48,50.33,99,14,null,101.13,206.00,1548.00,null,null,null
2023-08-25T09:14:04Z,21.48,50.02,99,15,null,101.12,207.00,1550.00,null,null,null
2023-08-25T09:15:04Z,21.51,50.35,99,18,null,101.12,221.00,1569.00,0,0,0
2023-08-25T09:16:04Z,21.51,50.30,99,14,null,101.11,235.00,1588.00,null,null,null
2023-08-25T09:17:04Z,21.54,50.18,99,15,null,101.11,258.00,1614.00,null,null,null
2023-08-25T09:18:04Z,21.55,50.72,99,21,null,101.11,301.00,1663.00,null,null,null
2023-08-25T09:19:04Z,21.54,50.72,99,20,null,101.11,346.00,1707.00,null,null,null
2023-08-25T09:20:04Z,21.57,50.20,99,19,null,101.11,346.00,1707.00,0,0,0
2023-08-25T09:21:04Z,21.57,50.02,99,19,null,101.11,307.00,1668.00,null,null,null
2023-08-25T09:22:04Z,21.59,50.18,99,22,null,101.11,297.00,1659.00,null,null,null
2023-08-25T09:23:04Z,21.59,49.54,99,19,null,101.11,257.00,1612.00,null,null,null
2023-08-25T09:24:04Z,21.59,49.88,99,20,null,101.11,246.00,1601.00,null,null,null
2023-08-25T09:25:04Z,21.58,50.79,99,20,null,101.11,285.00,1644.00,0,0,0
2023-08-25T09:26:04Z,21.62,50.61,99,21,null,101.11,322.00,1683.00,null,null,null
2023-08-25T09:27:04Z,21.62,50.48,99,20,null,101.11,351.00,1712.00,null,null,null
2023-08-25T09:28:04Z,21.62,50.25,99,19,null,101.11,389.00,1748.00,null,null,null
2023-08-25T09:29:04Z,21.62,50.31,99,20,null,101.11,410.00,1766.00,null,null,null
2023-08-25T09:30:04Z,21.62,50.26,99,16,null,101.10,432.00,1784.00,0,0,0
2023-08-25T09:31:04Z,21.65,49.54,99,22,null,101.10,432.00,1784.00,null,null,null
2023-08-25T09:32:04Z,21.65,49.32,99,19,null,101.10,429.00,1782.00,null,null,null
2023-08-25T09:33:04Z,21.65,49.33,99,17,null,101.10,405.00,1762.00,null,null,null
2023-08-25T09:34:04Z,21.65,49.40,99,18,null,101.10,400.00,1757.00,null,null,null
2023-08-25T09:35:04Z,21.63,49.33,99,19,null,101.10,385.00,1744.00,0,0,0
2023-08-25T09:36:04Z,21.66,49.33,99,19,null,101.11,361.00,1724.00,null,null,null
2023-08-25T09:37:04Z,21.65,49.27,99,18,null,101.10,342.00,1704.00,null,null,null
2023-08-25T09:38:04Z,21.65,49.18,99,20,null,101.10,342.00,1704.00,null,null,null
2023-08-25T09:39:04Z,21.65,49.35,99,19,null,101.10,331.00,1692.00,null,null,null
2023-08-25T09:40:04Z,21.65,49.22,99,20,null,101.11,331.00,1692.00,0,0,0
2023-08-25T09:41:04Z,21.65,49.22,99,19,null,101.11,324.00,1686.00,null,null,null
2023-08-25T09:42:04Z,21.66,49.31,99,20,null,101.11,324.00,1686.00,null,null,null
2023-08-25T09:43:04Z,21.69,49.09,99,18,null,101.11,320.00,1681.00,null,null,null
2023-08-25T09:44:04Z,21.66,48.86,99,18,null,101.12,318.00,1678.00,null,null,null
2023-08-25T09:45:04Z,21.65,49.00,99,17,null,101.12,290.00,1651.00,2,2,2
2023-08-25T09:46:04Z,21.69,49.59,99,19,null,101.12,284.00,1642.00,null,null,null
2023-08-25T09:47:04Z,21.71,49.62,99,18,null,101.12,313.00,1674.00,null,null,null
2023-08-25T09:48:04Z,21.72,49.70,99,17,null,101.12,324.00,1686.00,null,null,null
2023-08-25T09:49:04Z,21.75,49.48,99,13,null,101.12,336.00,1698.00,null,null,null
2023-08-25T09:50:04Z,21.75,49.98,99,14,null,101.13,304.00,1665.00,2,2,2
2023-08-25T09:51:04Z,21.77,50.39,99,16,null,101.13,318.00,1678.00,null,null,null
2023-08-25T09:52:04Z,21.77,50.46,99,19,null,101.13,385.00,1744.00,null,null,null
2023-08-25T09:53:04Z,21.75,49.89,99,18,null,101.13,448.00,1799.00,null,null,null
2023-08-25T09:54:04Z,21.77,49.61,99,17,null,101.13,473.00,1818.00,null,null,null
2023-08-25T09:55:04Z,21.73,49.57,99,16,null,101.13,471.00,1817.00,1,1,1
2023-08-25T09:56:04Z,21.77,49.35,99,17,null,101.13,460.00,1809.00,null,null,null
2023-08-25T09:57:04Z,21.77,49.38,99,17,null,101.13,418.00,1774.00,null,null,null
2023-08-25T09:58:04Z,21.75,49.24,99,16,null,101.12,404.00,1761.00,null,null,null
2023-08-25T09:59:04Z,21.77,49.37,99,17,null,101.13,402.00,1759.00,null,null,null
2023-08-25T10:00:04Z,21.75,49.69,99,17,null,101.13,390.00,1749.00,0,0,0
2023-08-25T10:01:04Z,21.78,49.61,99,16,null,101.13,404.00,1761.00,null,null,null
2023-08-25T10:02:04Z,21.77,49.52,99,17,null,101.13,428.00,1780.00,null,null,null
2023-08-25T10:03:04Z,21.78,49.36,99,15,null,101.13,428.00,1780.00,null,null,null
2023-08-25T10:04:04Z,21.78,49.49,99,15,null,101.12,411.00,1767.00,null,null,null
2023-08-25T10:05:04Z,21.75,49.39,99,16,null,101.12,411.00,1767.00,0,0,0
2023-08-25T10:06:04Z,21.79,49.60,99,15,null,101.12,404.00,1761.00,null,null,null
2023-08-25T10:07:04Z,21.79,49.39,99,15,null,101.12,418.00,1774.00,null,null,null
2023-08-25T10:08:04Z,21.79,49.46,99,14,null,101.12,411.00,1767.00,null,null,null
2023-08-25T10:09:04Z,21.81,49.08,99,15,null,101.12,404.00,1761.00,null,null,null
2023-08-25T10:10:04Z,21.81,49.03,99,15,null,101.13,389.00,1748.00,1,1,1
2023-08-25T10:11:04Z,21.81,48.98,99,17,null,101.12,352.00,1714.00,null,null,null
2023-08-25T10:12:04Z,21.84,48.98,99,16,null,101.13,346.00,1707.00,null,null,null
2023-08-25T10:13:04Z,21.79,49.03,99,16,null,101.12,321.00,1682.00,null,null,null
2023-08-25T10:14:04Z,21.81,49.22,99,17,null,101.13,303.00,1664.00,null,null,null
2023-08-25T10:15:04Z,21.81,49.18,99,17,null,101.12,297.00,1659.00,0,0,0
2023-08-25T10:16:04Z,21.79,48.97,99,18,null,101.12,287.00,1647.00,null,null,null
2023-08-25T10:17:04Z,21.79,48.90,99,17,null,101.12,287.00,1647.00,null,null,null
2023-08-25T10:18:04Z,21.79,48.99,99,17,null,101.12,303.00,1664.00,null,null,null
2023-08-25T10:19:04Z,21.81,49.09,99,17,null,101.12,297.00,1659.00,null,null,null
2023-08-25T10:20:04Z,21.81,49.53,99,18,null,101.12,314.00,1676.00,0,0,0
2023-08-25T10:21:04Z,21.82,49.59,99,18,null,101.12,499.00,1838.00,null,null,null
2023-08-25T10:22:04Z,21.85,49.60,99,18,null,101.12,651.00,1942.00,null,null,null
2023-08-25T10:23:04Z,21.86,49.88,99,18,null,101.12,784.00,2020.00,null,null,null
2023-08-25T10:24:04Z,21.85,50.25,99,18,null,101.13,928.00,2104.00,null,null,null
2023-08-25T10:25:04Z,21.85,50.11,99,18,null,101.13,1184.00,2218.00,0,0,0
2023-08-25T10:26:04Z,21.91,49.93,99,18,null,101.12,1381.00,2309.00,null,null,null
2023-08-25T10:27:04Z,21.92,49.76,99,19,null,101.13,1643.00,2436.00,null,null,null
2023-08-25T10:28:04Z,21.91,50.00,99,18,null,101.12,1871.00,2542.00,null,null,null
2023-08-25T10:29:04Z,21.89,50.21,99,20,null,101.13,1997.00,2601.00,null,null,null
2023-08-25T10:30:04Z,21.93,50.49,99,19,null,101.13,2099.00,2645.00,2,3,3
2023-08-25T10:31:04Z,21.95,50.76,99,18,null,101.13,2246.00,2710.00,null,null,null
2023-08-25T10:32:04Z,21.95,50.53,99,18,null,101.13,2337.00,2753.00,null,null,null
2023-08-25T10:33:04Z,21.96,50.69,99,18,null,101.13,2314.00,2744.00,null,null,null
2023-08-25T10:34:04Z,21.96,50.13,99,17,null,101.13,2382.00,2776.00,null,null,null
2023-08-25T10:35:04Z,21.93,49.67,99,18,null,101.13,2433.00,2799.00,0,1,9
2023-08-25T10:36:04Z,21.96,49.96,99,18,null,101.12,2387.00,2778.00,null,null,null
2023-08-25T10:37:04Z,21.98,49.53,99,19,null,101.13,2399.00,2784.00,null,null,null
2023-08-25T10:38:04Z,21.99,50.32,99,20,null,101.13,2387.00,2778.00,null,null,null
2023-08-25T10:39:04Z,21.99,50.62,99,21,null,101.12,2354.00,2761.00,null,null,null
2023-08-25T10:40:04Z,21.96,50.39,99,21,null,101.12,2463.00,2813.00,1,1,1
2023-08-25T10:41:04Z,21.98,50.21,99,22,null,101.12,2463.00,2813.00,null,null,null
2023-08-25T10:42:04Z,21.99,50.42,99,23,null,101.13,2399.00,2784.00,null,null,null
2023-08-25T10:43:04Z,21.96,50.34,99,23,null,101.12,2314.00,2744.00,null,null,null
2023-08-25T10:44:04Z,21.99,50.56,99,22,null,101.12,2314.00,2744.00,null,null,null
2023-08-25T10:45:04Z,22.02,50.81,99,22,null,101.12,2354.00,2761.00,1,1,1
2023-08-25T10:46:04Z,22.01,50.85,99,17,null,101.12,2365.00,2768.00,null,null,null
2023-08-25T10:47:04Z,22.05,50.96,99,20,null,101.12,2404.00,2786.00,null,null,null
2023-08-25T10:48:04Z,22.02,51.07,99,20,null,101.12,2480.00,2821.00,null,null,null
2023-08-25T10:49:04Z,22.03,50.81,99,20,null,101.13,2553.00,2858.00,null,null,null
2023-08-25T10:50:04Z,22.03,50.49,99,19,null,101.13,2480.00,2821.00,1,1,1
2023-08-25T10:51:04Z,22.02,50.24,99,19,null,101.12,2382.00,2776.00,null,null,null
2023-08-25T10:52:04Z,22.03,49.86,99,20,null,101.12,2262.00,2717.00,null,null,null
2023-08-25T10:53:04Z,22.05,49.88,99,20,null,101.11,2099.00,2645.00,null,null,null
2023-08-25T10:54:04Z,22.03,50.35,99,20,null,101.12,2034.00,2616.00,null,null,null
2023-08-25T10:55:04Z,22.02,50.84,99,20,null,101.12,2018.00,2609.00,0,0,0
2023-08-25T10:56:04Z,22.02,50.82,99,20,null,101.12,1967.00,2589.00,null,null,null
2023-08-25T10:57:04Z,22.05,50.06,99,20,null,101.12,1871.00,2542.00,null,null,null
2023-08-25T10:58:04Z,22.02,49.31,99,20,null,101.12,1758.00,2488.00,null,null,null
2023-08-25T10:59:04Z,22.05,49.23,99,20,null,101.12,1603.00,2416.00,null,null,null
2023-08-25T11:00:04Z,22.03,50.21,99,20,null,101.13,1588.00,2409.00,0,0,0
2023-08-25T11:01:04Z,22.01,50.34,99,21,null,101.13,1588.00,2407.00,null,null,null
2023-08-25T11:02:04Z,22.01,51.15,99,21,null,101.13,1708.00,2467.00,null,null,null
2023-08-25T11:03:04Z,21.99,51.10,99,21,null,101.13,1871.00,2542.00,null,null,null
2023-08-25T11:04:04Z,22.01,51.17,99,20,null,101.13,2002.00,2601.00,null,null,null
2023-08-25T11:05:04Z,21.99,51.30,99,20,null,101.13,2002.00,2601.00,0,0,0
2023-08-25T11:06:04Z,22.01,50.78,99,20,null,101.12,2013.00,2608.00,null,null,null
2023-08-25T11:07:04Z,22.01,50.61,99,20,null,101.12,2002.00,2601.00,null,null,null
2023-08-25T11:08:04Z,22.01,50.58,99,20,null,101.12,1981.00,2596.00,null,null,null
2023-08-25T11:09:04Z,22.02,50.57,99,20,null,101.13,1917.00,2563.00,null,null,null
2023-08-25T11:10:04Z,21.99,50.12,99,20,null,101.13,1829.00,2521.00,1,1,1
2023-08-25T11:11:04Z,21.99,50.07,99,20,null,101.12,1758.00,2488.00,null,null,null
2023-08-25T11:12:04Z,22.02,49.80,99,19,null,101.12,1673.00,2450.00,null,null,null
2023-08-25T11:13:04Z,22.01,49.54,99,19,null,101.13,1618.00,2421.00,null,null,null
2023-08-25T11:14:04Z,22.02,49.76,99,19,null,101.13,1557.00,2393.00,null,null,null
2023-08-25T11:15:04Z,21.99,49.90,99,19,null,101.13,1537.00,2386.00,0,0,0
2023-08-25T11:16:04Z,22.01,49.76,99,19,null,101.13,1561.00,2395.00,null,null,null
2023-08-25T11:17:04Z,22.02,49.89,99,20,null,101.13,1588.00,2407.00,null,null,null
2023-08-25T11:18:04Z,22.02,50.20,99,20,null,101.13,1643.00,2436.00,null,null,null
2023-08-25T11:19:04Z,22.02,50.25,99,20,null,101.13,1698.00,2462.00,null,null,null
2023-08-25T11:20:04Z,22.01,50.06,99,20,null,101.14,1708.00,2467.00,1,1,1
2023-08-25T11:21:04Z,22.02,49.93,99,20,null,101.14,1698.00,2462.00,null,null,null
2023-08-25T11:22:04Z,22.02,50.17,99,20,null,101.15,1643.00,2436.00,null,null,null
2023-08-25T11:23:04Z,22.03,49.79,99,20,null,101.15,1643.00,2436.00,null,null,null
2023-08-25T11:24:04Z,22.03,49.73,99,20,null,101.15,1618.00,2421.00,null,null,null
2023-08-25T11:25:04Z,22.02,49.02,99,20,null,101.16,1603.00,2416.00,0,0,0
2023-08-25T11:26:04Z,22.01,48.59,99,20,null,101.15,1490.00,2363.00,null,null,null
2023-08-25T11:27:04Z,22.01,47.91,99,19,null,101.15,1361.00,2300.00,null,null,null
2023-08-25T11:28:04Z,22.01,47.21,99,19,null,101.14,1179.00,2218.00,null,null,null
2023-08-25T11:29:04Z,21.99,46.60,99,18,null,101.14,1010.00,2142.00,null,null,null
2023-08-25T11:30:04Z,21.96,46.89,99,18,null,101.15,854.00,2066.00,3,3,3
2023-08-25T11:31:04Z,21.99,47.07,99,17,null,101.15,819.00,2039.00,null,null,null
2023-08-25T11:32:04Z,21.96,46.95,99,17,null,101.15,840.00,2060.00,null,null,null
2023-08-25T11:33:04Z,21.99,47.85,99,17,null,101.15,854.00,2066.00,null,null,null
2023-08-25T11:34:04Z,21.98,47.07,99,17,null,101.15,981.00,2128.00,null,null,null
2023-08-25T11:35:04Z,21.99,47.30,99,17,null,101.14,1036.00,2154.00,3,3,3
2023-08-25T11:36:04Z,21.99,48.30,99,16,null,101.15,1062.00,2166.00,null,null,null
2023-08-25T11:37:04Z,22.03,48.90,99,16,null,101.14,1124.00,2191.00,null,null,null
2023-08-25T11:38:04Z,22.02,48.78,99,15,null,101.14,1248.00,2251.00,null,null,null
2023-08-25T11:39:04Z,22.03,50.32,99,15,null,101.14,1343.00,2292.00,null,null,null
2023-08-25T11:40:04Z,22.01,49.26,99,14,null,101.13,1577.00,2402.00,1,1,4
2023-08-25T11:41:04Z,22.03,49.58,99,14,null,101.13,1683.00,2459.00,null,null,null
2023-08-25T11:42:04Z,22.03,49.70,99,14,null,101.13,1713.00,2471.00,null,null,null
2023-08-25T11:43:04Z,22.06,50.51,99,14,null,101.12,1743.00,2483.00,null,null,null
2023-08-25T11:44:04Z,22.05,51.23,99,14,null,101.12,1804.00,2509.00,null,null,null
2023-08-25T11:45:04Z,22.06,51.59,99,27,null,101.12,2002.00,2601.00,2,2,2
2023-08-25T11:46:04Z,22.06,50.82,99,32,null,101.12,2165.00,2680.00,null,null,null
2023-08-25T11:47:04Z,22.05,51.23,99,32,null,101.12,2121.00,2659.00,null,null,null
2023-08-25T11:48:04Z,22.08,51.75,99,30,null,101.12,2066.00,2630.00,null,null,null
2023-08-25T11:49:04Z,22.06,51.68,99,29,null,101.12,1997.00,2601.00,null,null,null
2023-08-25T11:50:04Z,22.09,51.50,99,27,null,101.12,1981.00,2596.00,2,2,2
2023-08-25T11:51:04Z,22.10,52.66,99,26,null,101.12,2077.00,2636.00,null,null,null
2023-08-25T11:52:04Z,22.08,53.26,99,25,null,101.12,2165.00,2680.00,null,null,null
2023-08-25T11:53:04Z,22.10,53.36,99,24,null,101.12,2428.00,2797.00,null,null,null
2023-08-25T11:54:04Z,22.10,53.63,99,24,null,101.12,2547.00,2851.00,null,null,null
2023-08-25T11:55:04Z,22.10,53.22,99,17,null,101.12,2661.00,2912.00,5,9,22
2023-08-25T11:56:04Z,22.12,53.17,99,18,null,101.12,2804.00,2980.00,null,null,null
2023-08-25T11:57:04Z,22.13,53.42,99,18,null,101.12,3155.00,3144.00,null,null,null
2023-08-25T11:58:04Z,22.15,53.21,99,21,null,101.12,3427.00,3266.00,null,null,null
2023-08-25T11:59:04Z,22.15,53.33,99,21,null,101.12,3827.00,3460.00,null,null,null
2023-08-25T12:00:04Z,22.12,52.23,99,21,null,101.11,4033.00,3551.00,10,12,12
2023-08-25T12:01:04Z,22.15,52.01,99,21,null,101.12,3912.00,3497.00,null,null,null
2023-08-25T12:02:04Z,22.19,52.89,99,19,null,101.12,4099.00,3581.00,null,null,null
2023-08-25T12:03:04Z,22.16,52.63,99,20,null,101.12,4173.00,3623.00,null,null,null
2023-08-25T12:04:04Z,22.16,51.56,99,19,null,101.11,4129.00,3602.00,null,null,null
2023-08-25T12:05:04Z,22.15,49.79,99,11,null,101.12,3883.00,3486.00,20,27,27
2023-08-25T12:06:04Z,22.10,49.06,99,10,null,101.11,3515.00,3312.00,null,null,null
2023-08-25T12:07:04Z,22.09,48.49,99,11,null,101.11,3083.00,3108.00,null,null,null
2023-08-25T12:08:04Z,22.06,48.18,99,11,null,101.11,2721.00,2942.00,null,null,null
2023-08-25T12:09:04Z,22.06,48.42,99,10,null,101.11,2469.00,2818.00,null,null,null
2023-08-25T12:10:04Z,22.05,47.97,99,10,null,101.11,3433.00,3269.00,9,10,10
2023-08-25T12:11:04Z,21.95,47.37,99,8,null,101.11,3549.00,3331.00,null,null,null
2023-08-25T12:12:04Z,21.86,47.30,99,8,null,101.11,3232.00,3183.00,null,null,null
2023-08-25T12:13:04Z,21.82,47.46,99,8,null,101.10,3142.00,3138.00,null,null,null
2023-08-25T12:14:04Z,21.84,47.03,99,8,null,101.10,3142.00,3138.00,null,null,null
2023-08-25T12:15:04Z,21.86,47.32,99,8,null,101.10,2817.00,2988.00,2,2,2
2023-08-25T12:16:04Z,21.88,47.74,99,8,null,101.10,2841.00,2996.00,null,null,null
2023-08-25T12:17:04Z,21.89,47.40,99,8,null,101.10,2721.00,2942.00,null,null,null
2023-08-25T12:18:04Z,21.86,47.70,99,8,null,101.09,2388.00,2781.00,null,null,null
2023-08-25T12:19:04Z,21.92,48.27,99,9,null,101.09,2148.00,2674.00,null,null,null
2023-08-25T12:20:04Z,21.84,48.09,99,9,null,101.09,2148.00,2674.00,0,0,0
2023-08-25T12:21:04Z,21.82,48.30,99,11,null,101.10,1997.00,2601.00,null,null,null
2023-08-25T12:22:04Z,21.88,49.08,99,11,null,101.10,1861.00,2539.00,null,null,null
2023-08-25T12:23:04Z,21.85,48.63,99,12,null,101.10,1673.00,2452.00,null,null,null
2023-08-25T12:24:04Z,21.86,48.48,99,14,null,101.10,1477.00,2359.00,null,null,null
2023-08-25T12:25:04Z,21.86,48.87,99,14,null,101.10,1306.00,2278.00,1,1,1
2023-08-25T12:26:04Z,21.92,49.72,99,14,null,101.11,1290.00,2270.00,null,null,null
2023-08-25T12:27:04Z,21.95,49.98,99,13,null,101.11,1573.00,2404.00,null,null,null
2023-08-25T12:28:04Z,21.95,49.78,99,14,null,101.10,1845.00,2528.00,null,null,null
2023-08-25T12:29:04Z,21.96,49.47,99,13,null,101.11,1961.00,2584.00,null,null,null
2023-08-25T12:30:04Z,21.98,50.19,99,13,null,101.10,2203.00,2697.00,1,1,1
2023-08-25T12:31:04Z,21.96,49.69,99,12,null,101.10,2297.00,2737.00,null,null,null
2023-08-25T12:32:04Z,21.92,49.52,99,11,null,101.11,2320.00,2745.00,null,null,null
2023-08-25T12:33:04Z,21.92,48.85,99,11,null,101.11,2110.00,2657.00,null,null,null
2023-08-25T12:34:04Z,21.84,48.69,99,11,null,101.11,1902.00,2558.00,null,null,null
2023-08-25T12:35:04Z,21.85,48.21,99,11,null,101.11,1688.00,2461.00,1,2,2
2023-08-25T12:36:04Z,21.88,48.16,99,11,null,101.11,1519.00,2378.00,null,null,null
2023-08-25T12:37:04Z,21.88,47.84,99,10,null,101.12,1371.00,2305.00,null,null,null
2023-08-25T12:38:04Z,21.82,48.01,99,8,null,101.12,1202.00,2230.00,null,null,null
2023-08-25T12:39:04Z,21.82,47.72,99,10,null,101.11,1023.00,2148.00,null,null,null
2023-08-25T12:40:04Z,21.84,47.27,99,9,null,101.11,883.00,2082.00,0,0,0
2023-08-25T12:41:04Z,21.85,47.36,99,10,null,101.12,763.00,2009.00,null,null,null
2023-08-25T12:42:04Z,21.84,47.17,99,9,null,101.12,664.00,1950.00,null,null,null
2023-08-25T12:43:04Z,21.89,47.34,99,9,null,101.11,621.00,1923.00,null,null,null
2023-08-25T12:44:04Z,21.88,46.98,99,9,null,101.11,584.00,1899.00,null,null,null
2023-08-25T12:45:04Z,21.79,46.85,99,10,null,101.12,516.00,1851.00,0,0,0
2023-08-25T12:46:04Z,21.78,46.97,99,11,null,101.12,460.00,1809.00,null,null,null
2023-08-25T12:47:04Z,21.84,46.80,99,13,null,101.12,427.00,1779.00,null,null,null
2023-08-25T12:48:04Z,21.88,47.36,99,13,null,101.11,413.00,1769.00,null,null,null
2023-08-25T12:49:04Z,21.88,47.84,99,13,null,101.11,499.00,1838.00,null,null,null
2023-08-25T12:50:04Z,21.89,47.99,99,13,null,101.12,509.00,1846.00,0,0,0
2023-08-25T12:51:04Z,21.91,47.97,99,12,null,101.11,492.00,1833.00,null,null,null
2023-08-25T12:52:04Z,21.95,48.09,99,10,null,101.12,543.00,1870.00,null,null,null
2023-08-25T12:53:04Z,21.98,48.07,99,11,null,101.12,564.00,1885.00,null,null,null
2023-08-25T12:54:04Z,21.93,47.94,99,10,null,101.12,552.00,1878.00,null,null,null
2023-08-25T12:55:04Z,21.81,47.78,99,13,null,101.12,492.00,1833.00,1,1,1
2023-08-25T12:56:04Z,21.88,47.58,99,11,null,101.11,446.00,1798.00,null,null,null
2023-08-25T12:57:04Z,21.91,47.51,99,12,null,101.11,421.00,1774.00,null,null,null
2023-08-25T12:58:04Z,21.88,47.45,99,13,null,101.11,391.00,1751.00,null,null,null
2023-08-25T12:59:04Z,21.88,47.27,99,13,null,101.11,370.00,1733.00,null,null,null
2023-08-25T13:00:04Z,21.84,47.73,99,12,null,101.10,436.00,1788.00,0,2,2
2023-08-25T13:01:04Z,21.86,47.90,99,12,null,101.11,518.00,1852.00,null,null,null
2023-08-25T13:02:04Z,21.86,47.77,99,9,null,101.11,603.00,1913.00,null,null,null
2023-08-25T13:03:04Z,21.86,47.58,99,8,null,101.10,653.00,1943.00,null,null,null
2023-08-25T13:04:04Z,21.88,47.74,99,9,null,101.11,689.00,1967.00,null,null,null
2023-08-25T13:05:04Z,21.78,47.49,99,11,null,101.11,689.00,1967.00,17,19,19
2023-08-25T13:06:04Z,21.78,47.50,99,8,null,101.11,689.00,1967.00,null,null,null
2023-08-25T13:07:04Z,21.79,47.34,99,8,null,101.11,678.00,1960.00,null,null,null
2023-08-25T13:08:04Z,21.82,47.29,99,8,null,101.11,664.00,1950.00,null,null,null
2023-08-25T13:09:04Z,21.79,47.17,99,9,null,101.10,607.00,1914.00,null,null,null
2023-08-25T13:10:04Z,21.85,47.28,99,8,null,101.10,603.00,1913.00,24,29,29
2023-08-25T13:11:04Z,21.84,46.93,99,9,null,101.10,612.00,1918.00,null,null,null
2023-08-25T13:12:04Z,21.86,47.60,99,8,null,101.10,603.00,1913.00,null,null,null
2023-08-25T13:13:04Z,21.81,47.10,99,10,null,101.10,596.00,1908.00,null,null,null
2023-08-25T13:14:04Z,21.85,47.23,99,10,null,101.10,614.00,1919.00,null,null,null
2023-08-25T13:15:04Z,21.82,47.46,99,11,null,101.10,592.00,1905.00,6,6,6
2023-08-25T13:16:04Z,21.85,47.41,99,12,null,101.11,529.00,1860.00,null,null,null
2023-08-25T13:17:04Z,21.81,47.17,99,11,null,101.10,552.00,1878.00,null,null,null
2023-08-25T13:18:04Z,21.82,46.92,99,13,null,101.10,505.00,1843.00,null,null,null
2023-08-25T13:19:04Z,21.78,46.90,99,11,null,101.10,427.00,1779.00,null,null,null
2023-08-25T13:20:04Z,21.84,47.04,99,13,null,101.10,374.00,1738.00,4,4,4
2023-08-25T13:21:04Z,21.92,47.27,99,13,null,101.09,360.00,1723.00,null,null,null
2023-08-25T13:22:04Z,21.93,47.34,99,14,null,101.10,370.00,1733.00,null,null,null
2023-08-25T13:23:04Z,21.93,47.11,99,13,null,101.10,391.00,1751.00,null,null,null
2023-08-25T13:24:04Z,21.92,48.15,99,13,null,101.10,413.00,1769.00,null,null,null
2023-08-25T13:25:04Z,21.96,48.53,99,13,null,101.09,521.00,1853.00,1,1,1
2023-08-25T13:26:04Z,21.99,48.39,99,13,null,101.10,756.00,2004.00,null,null,null
2023-08-25T13:27:04Z,22.02,48.68,99,11,null,101.09,969.00,2122.00,null,null,null
2023-08-25T13:28:04Z,22.02,48.23,99,11,null,101.09,1151.00,2203.00,null,null,null
2023-08-25T13:29:04Z,22.03,48.46,99,12,null,101.10,1225.00,2242.00,null,null,null
2023-08-25T13:30:04Z,22.02,48.79,99,13,null,101.10,1306.00,2278.00,1,1,1
2023-08-25T13:31:04Z,22.03,49.05,99,13,null,101.09,1413.00,2324.00,null,null,null
2023-08-25T13:32:04Z,22.01,48.87,99,13,null,101.10,1572.00,2400.00,null,null,null
2023-08-25T13:33:04Z,22.01,48.75,99,12,null,101.09,1515.00,2374.00,null,null,null
2023-08-25T13:34:04Z,22.01,48.98,99,12,null,101.09,1413.00,2324.00,null,null,null
2023-08-25T13:35:04Z,21.95,48.13,99,13,null,101.09,1315.00,2279.00,0,0,0
2023-08-25T13:36:04Z,22.02,47.51,99,13,null,101.09,1088.00,2178.00,null,null,null
2023-08-25T13:37:04Z,21.98,47.60,99,13,null,101.09,883.00,2082.00,null,null,null
2023-08-25T13:38:04Z,21.95,47.58,99,13,null,101.09,748.00,2001.00,null,null,null
2023-08-25T13:39:04Z,21.95,47.09,99,13,null,101.08,651.00,1942.00,null,null,null
2023-08-25T13:40:04Z,21.95,47.15,99,13,null,101.09,840.00,2060.00,0,0,0
2023-08-25T13:41:04Z,21.95,47.07,99,13,null,101.09,2241.00,2708.00,null,null,null
2023-08-25T13:42:04Z,21.96,46.60,99,13,null,101.09,2589.00,2872.00,null,null,null
2023-08-25T13:43:04Z,21.98,46.76,99,13,null,101.08,2643.00,2904.00,null,null,null
2023-08-25T13:44:04Z,22.02,46.92,99,12,null,101.09,2337.00,2753.00,null,null,null
2023-08-25T13:45:04Z,22.03,47.37,99,12,null,101.09,2241.00,2708.00,1,1,1
2023-08-25T13:46:04Z,22.03,47.85,99,12,null,101.09,2018.00,2609.00,null,null,null
2023-08-25T13:47:04Z,22.02,47.04,99,11,null,101.09,1907.00,2560.00,null,null,null
2023-08-25T13:48:04Z,21.99,47.41,99,7,null,101.09,1768.00,2493.00,null,null,null
2023-08-25T13:49:04Z,22.05,47.23,99,8,null,101.08,1618.00,2423.00,null,null,null
2023-08-25T13:50:04Z,22.03,46.99,99,10,null,101.09,1523.00,2380.00,1,1,1
2023-08-25T13:51:04Z,22.03,46.88,99,7,null,101.08,1467.00,2355.00,null,null,null
2023-08-25T13:52:04Z,22.03,46.30,99,9,null,101.08,1372.00,2307.00,null,null,null
2023-08-25T13:53:04Z,22.06,46.23,99,7,null,101.08,1202.00,2230.00,null,null,null
2023-08-25T13:54:04Z,22.08,46.91,99,6,null,101.08,1084.00,2174.00,null,null,null
2023-08-25T13:55:04Z,22.08,46.95,99,7,null,101.08,1010.00,2142.00,0,0,4
2023-08-25T13:56:04Z,22.08,46.37,99,6,null,101.08,1036.00,2154.00,null,null,null
2023-08-25T13:57:04Z,22.03,46.42,99,8,null,101.08,922.00,2100.00,null,null,null
2023-08-25T13:58:04Z,22.05,46.41,99,6,null,101.08,769.00,2013.00,null,null,null
2023-08-25T13:59:04Z,22.05,46.81,99,6,null,101.08,655.00,1945.00,null,null,null
2023-08-25T14:00:04Z,22.03,46.80,99,8,null,101.08,634.00,1933.00,0,0,0
2023-08-25T14:01:04Z,22.02,47.05,99,8,null,101.08,621.00,1923.00,null,null,null
2023-08-25T14:02:04Z,22.01,47.24,99,7,null,101.08,603.00,1913.00,null,null,null
2023-08-25T14:03:04Z,21.96,47.04,99,6,null,101.08,559.00,1883.00,null,null,null
2023-08-25T14:04:04Z,21.95,47.33,99,6,null,101.08,479.00,1823.00,null,null,null
2023-08-25T14:05:04Z,21.93,47.31,99,7,null,101.08,436.00,1788.00,0,0,0
2023-08-25T14:06:04Z,21.98,47.34,99,8,null,101.08,407.00,1764.00,null,null,null
2023-08-25T14:07:04Z,22.01,47.34,99,8,null,101.08,407.00,1764.00,null,null,null
2023-08-25T14:08:04Z,22.01,47.41,99,8,null,101.08,407.00,1764.00,null,null,null
2023-08-25T14:09:04Z,22.08,47.51,99,8,null,101.08,407.00,1764.00,null,null,null
2023-08-25T14:10:04Z,22.08,47.51,99,8,null,101.08,414.00,1770.00,1,1,1
2023-08-25T14:11:04Z,22.06,47.65,99,8,null,101.08,391.00,1751.00,null,null,null
2023-08-25T14:12:04Z,22.03,47.86,99,8,null,101.08,391.00,1751.00,null,null,null
2023-08-25T14:13:04Z,22.06,47.83,99,8,null,101.08,379.00,1739.00,null,null,null
2023-08-25T14:14:04Z,22.05,47.98,99,8,null,101.08,379.00,1739.00,null,null,null
2023-08-25T14:15:04Z,22.05,48.07,99,8,null,101.08,385.00,1744.00,2,2,2
2023-08-25T14:16:04Z,22.02,48.06,99,8,null,101.08,407.00,1764.00,null,null,null
2023-08-25T14:17:04Z,22.02,48.16,99,8,null,101.08,414.00,1770.00,null,null,null
2023-08-25T14:18:04Z,22.02,48.23,99,8,null,101.08,400.00,1757.00,null,null,null
2023-08-25T14:19:04Z,21.98,48.22,99,9,null,101.08,385.00,1744.00,null,null,null
2023-08-25T14:20:04Z,21.98,48.28,99,9,null,101.07,356.00,1718.00,0,0,0
2023-08-25T14:21:04Z,21.98,48.28,99,11,null,101.08,337.00,1699.00,null,null,null
2023-08-25T14:22:04Z,21.96,48.38,99,11,null,101.08,326.00,1687.00,null,null,null
2023-08-25T14:23:04Z,21.98,48.38,99,11,null,101.07,314.00,1676.00,null,null,null
2023-08-25T14:24:04Z,21.92,48.32,99,12,null,101.07,308.00,1669.00,null,null,null
2023-08-25T14:25:04Z,21.91,48.15,99,13,null,101.07,298.00,1660.00,0,0,0
2023-08-25T14:26:04Z,21.91,48.05,99,14,null,101.07,280.00,1638.00,null,null,null
2023-08-25T14:27:04Z,21.89,47.98,99,14,null,101.06,255.00,1611.00,null,null,null
2023-08-25T14:28:04Z,21.89,48.00,99,14,null,101.06,242.00,1595.00,null,null,null
2023-08-25T14:29:04Z,21.91,48.11,99,15,null,101.06,229.00,1581.00,null,null,null
2023-08-25T14:30:04Z,21.91,48.00,99,15,null,101.06,212.00,1559.00,2,2,2
2023-08-25T14:31:04Z,21.89,47.86,99,16,null,101.06,204.00,1547.00,null,null,null
2023-08-25T14:32:04Z,21.89,47.85,99,16,null,101.06,193.00,1532.00,null,null,null
2023-08-25T14:33:04Z,21.86,47.60,99,16,null,101.06,186.00,1522.00,null,null,null
2023-08-25T14:34:04Z,21.85,47.49,99,16,null,101.05,184.00,1518.00,null,null,null
2023-08-25T14:35:04Z,21.84,47.70,99,14,null,101.05,186.00,1522.00,0,0,0
2023-08-25T14:36:04Z,21.86,47.59,99,14,null,101.05,275.00,1632.00,null,null,null
2023-08-25T14:37:04Z,21.86,47.74,99,13,null,101.05,398.00,1757.00,null,null,null
2023-08-25T14:38:04Z,21.84,47.78,99,13,null,101.05,454.00,1804.00,null,null,null
2023-08-25T14:39:04Z,21.84,47.73,99,12,null,101.04,586.00,1900.00,null,null,null
2023-08-25T14:40:04Z,21.86,47.65,99,12,null,101.04,748.00,2001.00,2,3,3
2023-08-25T14:41:04Z,21.88,47.90,99,11,null,101.04,796.00,2027.00,null,null,null
2023-08-25T14:42:04Z,21.91,47.79,99,9,null,101.05,765.00,2010.00,null,null,null
2023-08-25T14:43:04Z,21.88,47.79,99,11,null,101.04,709.00,1978.00,null,null,null
2023-08-25T14:44:04Z,21.84,48.10,99,9,null,101.04,603.00,1913.00,null,null,null
2023-08-25T14:45:04Z,21.85,48.34,99,12,null,101.04,564.00,1885.00,1,1,1
2023-08-25T14:46:04Z,21.86,48.16,99,10,null,101.04,545.00,1871.00,null,null,null
2023-08-25T14:47:04Z,21.92,48.12,99,11,null,101.04,465.00,1813.00,null,null,null
2023-08-25T14:48:04Z,21.89,48.23,99,9,null,101.04,400.00,1757.00,null,null,null
2023-08-25T14:49:04Z,21.91,48.26,99,9,null,101.04,349.00,1710.00,null,null,null
2023-08-25T14:50:04Z,21.93,48.28,99,8,null,101.04,302.00,1664.00,0,0,0
2023-08-25T14:51:04Z,21.92,48.41,99,9,null,101.04,270.00,1628.00,null,null,null
2023-08-25T14:52:04Z,21.89,48.26,99,9,null,101.04,252.00,1607.00,null,null,null
2023-08-25T14:53:04Z,21.89,48.19,99,10,null,101.04,220.00,1567.00,null,null,null
2023-08-25T14:54:04Z,21.88,48.05,99,10,null,101.04,193.00,1532.00,null,null,null
2023-08-25T14:55:04Z,21.85,48.08,99,11,null,101.03,166.00,1495.00,1,2,2
2023-08-25T14:56:04Z,21.84,48.13,99,11,null,101.04,146.00,1360.00,null,null,null
2023-08-25T14:57:04Z,21.86,47.98,99,11,null,101.03,130.00,1255.00,null,null,null
2023-08-25T14:58:04Z,21.86,48.12,99,11,null,101.03,117.00,1171.00,null,null,null
2023-08-25T14:59:04Z,21.91,48.57,99,10,null,101.03,120.00,1188.00,null,null,null
2023-08-25T15:00:04Z,21.92,48.33,99,10,null,101.03,143.00,1345.00,1,1,1
2023-08-25T15:01:04Z,21.92,48.47,99,10,null,101.03,151.00,1397.00,null,null,null
2023-08-25T15:02:04Z,21.92,48.53,99,10,null,101.03,167.00,1499.00,null,null,null
2023-08-25T15:03:04Z,21.89,48.55,99,11,null,101.03,170.00,1497.00,null,null,null
2023-08-25T15:04:04Z,21.91,48.65,99,12,null,101.03,167.00,1499.00,null,null,null
2023-08-25T15:05:04Z,21.93,48.78,99,11,null,101.03,167.00,1499.00,2,2,2
2023-08-25T15:06:04Z,21.86,48.61,99,11,null,101.03,166.00,1495.00,null,null,null
2023-08-25T15:07:04Z,21.91,48.64,99,12,null,101.03,167.00,1499.00,null,null,null
2023-08-25T15:08:04Z,21.89,48.41,99,11,null,101.03,157.00,1436.00,null,null,null
2023-08-25T15:09:04Z,21.86,48.58,99,12,null,101.03,143.00,1345.00,null,null,null
2023-08-25T15:10:04Z,21.89,48.72,99,11,null,101.02,135.00,1288.00,2,2,2
2023-08-25T15:11:04Z,21.89,48.71,99,11,null,101.03,128.00,1242.00,null,null,null
2023-08-25T15:12:04Z,21.89,48.69,99,11,null,101.03,117.00,1174.00,null,null,null
2023-08-25T15:13:04Z,21.89,48.86,99,11,null,101.02,109.00,1118.00,null,null,null
2023-08-25T15:14:04Z,21.85,48.91,99,12,null,101.02,104.00,1086.00,null,null,null
2023-08-25T15:15:04Z,21.86,49.08,99,12,null,101.03,100.00,1062.00,5,5,5
2023-08-25T15:16:04Z,21.89,49.08,99,11,null,101.03,98.00,1044.00,null,null,null
2023-08-25T15:17:04Z,21.88,49.23,99,11,null,101.02,93.00,1014.00,null,null,null
2023-08-25T15:18:04Z,21.86,49.22,99,11,null,101.02,93.00,1014.00,null,null,null
2023-08-25T15:19:04Z,21.89,49.17,99,10,null,101.02,96.00,1032.00,null,null,null
2023-08-25T15:20:04Z,21.91,49.37,99,11,null,101.01,92.00,1004.00,0,0,0
2023-08-25T15:21:04Z,21.95,49.49,99,11,null,101.02,92.00,1004.00,null,null,null
2023-08-25T15:22:04Z,21.95,49.53,99,10,null,101.01,110.00,1128.00,null,null,null
2023-08-25T15:23:04Z,21.98,49.70,99,10,null,101.01,133.00,1277.00,null,null,null
2023-08-25T15:24:04Z,21.98,49.58,99,9,null,101.01,157.00,1436.00,null,null,null
2023-08-25T15:25:04Z,21.93,49.84,99,10,null,101.01,157.00,1436.00,4,4,4
2023-08-25T15:26:04Z,21.98,49.85,99,10,null,101.00,157.00,1436.00,null,null,null
2023-08-25T15:27:04Z,21.96,49.69,99,10,null,101.01,154.00,1416.00,null,null,null
2023-08-25T15:28:04Z,21.99,49.69,99,10,null,101.00,146.00,1360.00,null,null,null
2023-08-25T15:29:04Z,21.96,49.70,99,10,null,101.00,143.00,1341.00,null,null,null
2023-08-25T15:30:04Z,21.95,49.54,99,9,null,101.00,140.00,1324.00,0,0,0
2023-08-25T15:31:04Z,21.93,49.26,99,9,null,101.00,133.00,1277.00,null,null,null
2023-08-25T15:32:04Z,21.91,49.15,99,9,null,101.00,117.00,1171.00,null,null,null
2023-08-25T15:33:04Z,21.91,49.00,99,9,null,101.00,104.00,1086.00,null,null,null
2023-08-25T15:34:04Z,21.93,49.00,99,9,null,101.00,92.00,1004.00,null,null,null
2023-08-25T15:35:04Z,21.91,49.01,99,9,null,101.00,81.00,935.00,3,3,9
2023-08-25T15:36:04Z,21.91,49.07,99,9,null,101.00,76.00,902.00,null,null,null
2023-08-25T15:37:04Z,21.93,49.05,99,10,null,100.99,74.00,891.00,null,null,null
2023-08-25T15:38:04Z,21.93,49.10,99,10,null,100.99,69.00,857.00,null,null,null
2023-08-25T15:39:04Z,21.93,49.22,99,0,null,100.98,68.00,848.00,null,null,null
2023-08-25T15:40:04Z,21.98,49.30,99,0,null,100.99,84.00,956.00,0,0,0
2023-08-25T15:41:04Z,21.99,49.39,99,0,null,100.97,90.00,992.00,null,null,null
2023-08-25T15:42:04Z,22.03,49.41,99,0,null,100.97,102.00,1074.00,null,null,null
2023-08-25T15:43:04Z,22.06,49.39,99,0,null,100.97,106.00,1102.00,null,null,null
2023-08-25T15:44:04Z,22.06,49.42,99,0,null,100.97,765.00,2010.00,null,null,null
2023-08-25T15:45:04Z,22.05,49.51,99,0,null,100.97,665.00,1951.00,0,0,0
2023-08-25T15:46:04Z,22.09,49.51,99,0,null,100.97,665.00,1951.00,null,null,null
2023-08-25T15:47:04Z,22.13,49.40,99,0,null,100.97,550.00,1877.00,null,null,null
2023-08-25T15:48:04Z,22.10,49.45,99,0,null,100.97,461.00,1810.00,null,null,null
2023-08-25T15:49:04Z,22.10,49.50,99,0,null,100.97,418.00,1774.00,null,null,null
2023-08-25T15:50:04Z,22.12,49.48,99,0,null,100.97,411.00,1767.00,3,4,4
2023-08-25T15:51:04Z,22.13,49.32,99,0,null,100.97,334.00,1695.00,null,null,null
2023-08-25T15:52:04Z,22.15,49.43,99,0,null,100.97,289.00,1650.00,null,null,null
2023-08-25T15:53:04Z,22.13,49.49,99,0,null,100.97,267.00,1624.00,null,null,null
2023-08-25T15:54:04Z,22.15,49.32,99,0,null,100.97,258.00,1614.00,null,null,null
2023-08-25T15:55:04Z,22.13,49.29,99,0,null,100.97,212.00,1559.00,0,0,0
2023-08-25T15:56:04Z,22.15,49.31,99,0,null,100.97,198.00,1539.00,null,null,null
2023-08-25T15:57:04Z,22.16,49.49,99,0,null,100.96,209.00,1555.00,null,null,null
2023-08-25T15:58:04Z,22.16,49.44,99,0,null,100.96,221.00,1569.00,null,null,null
2023-08-25T15:59:04Z,22.17,49.43,99,0,null,100.96,235.00,1588.00,null,null,null
2023-08-25T16:00:04Z,22.15,49.53,99,0,null,100.96,235.00,1588.00,2,2,2
2023-08-25T16:01:04Z,22.16,49.57,99,0,null,100.95,273.00,1631.00,null,null,null
2023-08-25T16:02:04Z,22.19,49.53,99,0,null,100.95,323.00,1685.00,null,null,null
2023-08-25T16:03:04Z,22.17,49.38,99,0,null,100.95,283.00,1641.00,null,null,null
2023-08-25T16:04:04Z,22.16,49.29,99,0,null,100.95,239.00,1594.00,null,null,null
2023-08-25T16:05:04Z,22.16,49.35,99,0,null,100.95,230.00,1582.00,1,1,1
2023-08-25T16:06:04Z,22.17,49.31,99,0,null,100.95,218.00,1564.00,null,null,null
2023-08-25T16:07:04Z,22.17,49.32,99,0,null,100.95,209.00,1555.00,null,null,null
2023-08-25T16:08:04Z,22.16,49.21,99,0,null,100.94,212.00,1559.00,null,null,null
2023-08-25T16:09:04Z,22.19,49.31,99,0,null,100.94,212.00,1559.00,null,null,null
2023-08-25T16:10:04Z,22.19,49.35,99,0,null,100.94,218.00,1564.00,2,2,2
2023-08-25T16:11:04Z,22.17,49.28,99,0,null,100.95,203.00,1544.00,null,null,null
2023-08-25T16:12:04Z,22.17,49.20,99,0,null,100.94,191.00,1529.00,null,null,null
2023-08-25T16:13:04Z,22.17,49.28,99,0,null,100.95,191.00,1528.00,null,null,null
2023-08-25T16:14:04Z,22.17,49.18,99,0,null,100.94,191.00,1529.00,null,null,null
2023-08-25T16:15:04Z,22.15,49.14,99,0,null,100.94,166.00,1495.00,0,0,0
2023-08-25T16:16:04Z,22.17,49.10,99,0,null,100.95,169.00,1496.00,null,null,null
2023-08-25T16:17:04Z,22.19,49.07,99,0,null,100.94,161.00,1458.00,null,null,null
2023-08-25T16:18:04Z,22.16,49.00,99,0,null,100.94,145.00,1356.00,null,null,null
2023-08-25T16:19:04Z,22.17,49.24,99,0,null,100.94,161.00,1458.00,null,null,null
2023-08-25T16:20:04Z,22.19,49.11,99,0,null,100.94,161.00,1458.00,3,4,4
2023-08-25T16:21:04Z,22.17,49.12,99,0,null,100.94,148.00,1376.00,null,null,null
2023-08-25T16:22:04Z,22.16,49.21,99,0,null,100.94,135.00,1291.00,null,null,null
2023-08-25T16:23:04Z,22.17,49.22,99,0,null,100.94,127.00,1238.00,null,null,null
2023-08-25T16:24:04Z,22.19,49.25,99,0,null,100.94,117.00,1171.00,null,null,null
2023-08-25T16:25:04Z,22.16,49.35,99,0,null,100.94,113.00,1144.00,2,2,2
2023-08-25T16:26:04Z,22.17,49.49,99,0,null,100.94,133.00,1277.00,null,null,null
2023-08-25T16:27:04Z,22.17,49.66,99,0,null,100.94,174.00,1503.00,null,null,null
2023-08-25T16:28:04Z,22.17,49.67,99,0,null,100.94,177.00,1508.00,null,null,null
2023-08-25T16:29:04Z,22.16,49.56,99,0,null,100.94,171.00,1499.00,null,null,null
2023-08-25T16:30:04Z,22.17,49.61,99,0,null,100.94,171.00,1499.00,0,0,0
2023-08-25T16:31:04Z,22.17,49.53,99,0,null,100.94,150.00,1385.00,null,null,null
2023-08-25T16:32:04Z,22.16,49.66,99,0,null,100.94,138.00,1310.00,null,null,null
2023-08-25T16:33:04Z,22.16,49.63,99,0,null,100.94,127.00,1238.00,null,null,null
2023-08-25T16:34:04Z,22.16,49.58,99,0,null,100.94,127.00,1238.00,null,null,null
2023-08-25T16:35:04Z,22.17,49.67,99,0,null,100.94,115.00,1156.00,0,0,0
2023-08-25T16:36:04Z,22.16,49.74,99,0,null,100.94,113.00,1144.00,null,null,null
2023-08-25T16:37:04Z,22.19,49.73,99,0,null,100.94,135.00,1291.00,null,null,null
2023-08-25T16:38:04Z,22.17,49.81,99,0,null,100.94,143.00,1341.00,null,null,null
2023-08-25T16:39:04Z,22.16,49.81,99,0,null,100.94,161.00,1458.00,null,null,null
2023-08-25T16:40:04Z,22.17,49.85,99,0,null,100.94,184.00,1519.00,0,0,0
2023-08-25T16:41:04Z,22.19,49.95,99,0,null,100.94,202.00,1543.00,null,null,null
2023-08-25T16:42:04Z,22.17,50.08,99,0,null,100.94,226.00,1576.00,null,null,null
2023-08-25T16:43:04Z,22.16,50.00,99,0,null,100.94,263.00,1619.00,null,null,null
2023-08-25T16:44:04Z,22.17,49.99,99,0,null,100.94,238.00,1592.00,null,null,null
2023-08-25T16:45:04Z,22.17,50.09,99,0,null,100.94,209.00,1553.00,0,0,0
2023-08-25T16:46:04Z,22.17,50.12,99,0,null,100.94,209.00,1553.00,null,null,null
2023-08-25T16:47:04Z,22.17,50.24,99,0,null,100.94,226.00,1576.00,null,null,null
2023-08-25T16:48:04Z,22.17,50.20,99,0,null,100.94,247.00,1602.00,null,null,null
2023-08-25T16:49:04Z,22.19,50.35,99,0,null,100.94,235.00,1588.00,null,null,null
2023-08-25T16:50:04Z,22.17,50.42,99,0,null,100.94,223.00,1572.00,3,3,3
2023-08-25T16:51:04Z,22.19,50.52,99,0,null,100.94,198.00,1539.00,null,null,null
2023-08-25T16:52:04Z,22.19,50.58,99,0,null,100.95,192.00,1530.00,null,null,null
2023-08-25T16:53:04Z,22.19,50.63,99,0,null,100.94,185.00,1520.00,null,null,null
2023-08-25T16:54:04Z,22.16,50.69,99,0,null,100.95,181.00,1515.00,null,null,null
2023-08-25T16:55:04Z,22.16,50.70,99,0,null,100.95,175.00,1505.00,2,2,2
2023-08-25T16:56:04Z,22.16,50.83,99,0,null,100.94,178.00,1509.00,null,null,null
2023-08-25T16:57:04Z,22.17,50.77,99,0,null,100.95,193.00,1531.00,null,null,null
2023-08-25T16:58:04Z,22.15,50.77,99,0,null,100.95,193.00,1531.00,null,null,null
2023-08-25T16:59:04Z,22.17,50.80,99,0,null,100.94,172.00,1501.00,null,null,null
2023-08-25T17:00:04Z,22.13,50.79,99,0,null,100.95,155.00,1420.00,2,2,2
2023-08-25T17:01:04Z,22.19,50.81,99,0,null,100.95,144.00,1349.00,null,null,null
2023-08-25T17:02:04Z,22.15,50.85,99,0,null,100.95,138.00,1310.00,null,null,null
2023-08-25T17:03:04Z,22.15,50.89,99,0,null,100.95,131.00,1262.00,null,null,null
2023-08-25T17:04:04Z,22.12,50.94,99,0,null,100.95,131.00,1262.00,null,null,null
2023-08-25T17:05:04Z,22.13,51.07,99,0,null,100.95,116.00,1163.00,1,1,1
2023-08-25T17:06:04Z,22.12,51.12,99,0,null,100.95,100.00,1062.00,null,null,null
2023-08-25T17:07:04Z,22.13,51.24,99,0,null,100.95,99.00,1050.00,null,null,null
2023-08-25T17:08:04Z,22.13,51.39,99,0,null,100.95,89.00,990.00,null,null,null
2023-08-25T17:09:04Z,22.12,51.49,99,0,null,100.96,79.00,925.00,null,null,null
2023-08-25T17:10:04Z,22.09,51.63,99,0,null,100.96,74.00,889.00,3,3,3
2023-08-25T17:11:04Z,22.12,51.66,99,0,null,100.96,65.00,827.00,null,null,null
2023-08-25T17:12:04Z,22.12,51.77,99,0,null,100.96,71.00,870.00,null,null,null
2023-08-25T17:13:04Z,22.10,51.93,99,0,null,100.96,71.00,870.00,null,null,null
2023-08-25T17:14:04Z,22.06,51.97,99,0,null,100.96,71.00,870.00,null,null,null
2023-08-25T17:15:04Z,22.06,52.08,99,0,null,100.96,74.00,887.00,1,1,1
2023-08-25T17:16:04Z,22.05,52.21,99,0,null,100.96,74.00,887.00,null,null,null
2023-08-25T17:17:04Z,22.05,52.36,99,0,null,100.96,74.00,887.00,null,null,null
2023-08-25T17:18:04Z,22.08,52.48,99,0,null,100.96,63.00,817.00,null,null,null
2023-08-25T17:19:04Z,22.05,52.59,99,0,null,100.96,58.00,787.00,null,null,null
2023-08-25T17:20:04Z,22.02,52.64,99,0,null,100.96,57.00,778.00,1,1,1
2023-08-25T17:21:04Z,22.01,52.48,99,0,null,100.96,63.00,817.00,null,null,null
2023-08-25T17:22:04Z,22.02,52.53,99,0,null,100.96,88.00,981.00,null,null,null
2023-08-25T17:23:04Z,22.02,52.71,99,0,null,100.95,113.00,1147.00,null,null,null
2023-08-25T17:24:04Z,22.02,52.76,99,0,null,100.95,124.00,1215.00,null,null,null
2023-08-25T17:25:04Z,22.01,52.90,99,0,null,100.96,126.00,1231.00,1,1,1
2023-08-25T17:26:04Z,22.01,52.94,99,0,null,100.95,129.00,1248.00,null,null,null
2023-08-25T17:27:04Z,22.02,52.98,99,0,null,100.95,134.00,1285.00,null,null,null
2023-08-25T17:28:04Z,22.03,52.98,99,0,null,100.95,142.00,1338.00,null,null,null
2023-08-25T17:29:04Z,22.02,53.12,99,0,null,100.95,154.00,1413.00,null,null,null
2023-08-25T17:30:04Z,21.99,53.21,99,0,null,100.95,167.00,1499.00,1,1,1
2023-08-25T17:31:04Z,22.01,53.34,99,0,null,100.95,173.00,1502.00,null,null,null
2023-08-25T17:32:04Z,22.01,53.27,99,0,null,100.95,178.00,1509.00,null,null,null
2023-08-25T17:33:04Z,22.01,53.31,99,0,null,100.95,195.00,1534.00,null,null,null
2023-08-25T17:34:04Z,21.99,53.40,99,0,null,100.95,195.00,1534.00,null,null,null
2023-08-25T17:35:04Z,21.98,53.41,99,0,null,100.95,219.00,1566.00,4,4,4
2023-08-25T17:36:04Z,21.98,53.46,99,0,null,100.95,219.00,1566.00,null,null,null
2023-08-25T17:37:04Z,22.01,53.41,99,0,null,100.95,249.00,1606.00,null,null,null
2023-08-25T17:38:04Z,22.01,53.39,99,0,null,100.95,270.00,1628.00,null,null,null
2023-08-25T17:39:04Z,21.99,53.39,99,0,null,100.95,303.00,1664.00,null,null,null
2023-08-25T17:40:04Z,21.98,53.40,99,0,null,100.95,352.00,1714.00,4,4,4
2023-08-25T17:41:04Z,21.98,53.44,99,0,null,100.95,413.00,1769.00,null,null,null
2023-08-25T17:42:04Z,21.98,53.50,99,0,null,100.95,454.00,1804.00,null,null,null
2023-08-25T17:43:04Z,21.96,53.49,99,0,null,100.95,538.00,1866.00,null,null,null
2023-08-25T17:44:04Z,21.93,53.76,99,0,null,100.95,575.00,1893.00,null,null,null
2023-08-25T17:45:04Z,21.95,53.91,99,0,null,100.95,639.00,1934.00,9,10,10
2023-08-25T17:46:04Z,21.93,53.93,99,0,null,100.95,612.00,1918.00,null,null,null
2023-08-25T17:47:04Z,21.98,54.04,99,0,null,100.94,612.00,1918.00,null,null,null
2023-08-25T17:48:04Z,21.96,54.06,99,0,null,100.94,590.00,1903.00,null,null,null
2023-08-25T17:49:04Z,21.93,54.25,99,0,null,100.95,568.00,1888.00,null,null,null
2023-08-25T17:50:04Z,21.92,54.33,99,0,null,100.94,605.00,1914.00,12,13,13
2023-08-25T17:51:04Z,21.93,54.43,99,0,null,100.95,687.00,1965.00,null,null,null
2023-08-25T17:52:04Z,21.95,54.46,99,0,null,100.95,791.00,2024.00,null,null,null
2023-08-25T17:53:04Z,21.93,54.58,99,0,null,100.95,920.00,2098.00,null,null,null
2023-08-25T17:54:04Z,21.93,54.91,99,0,null,100.96,940.00,2110.00,null,null,null
2023-08-25T17:55:04Z,21.92,54.84,99,0,null,100.96,872.00,2076.00,12,12,12
2023-08-25T17:56:04Z,21.93,55.06,99,0,null,100.96,928.00,2104.00,null,null,null
2023-08-25T17:57:04Z,21.93,55.20,99,0,null,100.96,734.00,1993.00,null,null,null
2023-08-25T17:58:04Z,21.93,55.34,99,0,null,100.97,575.00,1893.00,null,null,null
2023-08-25T17:59:04Z,21.91,55.58,99,0,null,100.98,450.00,1800.00,null,null,null
2023-08-25T18:00:04Z,21.89,55.82,99,0,null,100.99,361.00,1724.00,0,0,15
2023-08-25T18:01:04Z,21.89,56.24,99,0,null,100.99,320.00,1681.00,null,null,null
2023-08-25T18:02:04Z,21.89,56.72,99,0,null,101.00,290.00,1651.00,null,null,null
2023-08-25T18:03:04Z,21.88,58.27,99,0,null,100.99,267.00,1624.00,null,null,null
2023-08-25T18:04:04Z,21.86,59.85,99,0,null,101.00,234.00,1587.00,null,null,null
2023-08-25T18:05:04Z,21.86,59.77,99,0,null,101.00,200.00,1542.00,4,4,4
2023-08-25T18:06:04Z,21.86,60.04,99,0,null,101.00,191.00,1529.00,null,null,null
2023-08-25T18:07:04Z,21.86,59.92,99,0,null,101.00,191.00,1529.00,null,null,null
2023-08-25T18:08:04Z,21.88,60.49,99,0,null,101.00,204.00,1546.00,null,null,null
2023-08-25T18:09:04Z,21.86,60.26,99,0,null,101.00,214.00,1560.00,null,null,null
2023-08-25T18:10:04Z,21.84,60.42,99,0,null,101.00,231.00,1583.00,2,2,2
2023-08-25T18:11:04Z,21.85,60.51,99,0,null,101.00,245.00,1599.00,null,null,null
2023-08-25T18:12:04Z,21.86,60.47,99,0,null,101.00,272.00,1629.00,null,null,null
2023-08-25T18:13:04Z,21.85,60.39,99,0,null,101.00,305.00,1667.00,null,null,null
2023-08-25T18:14:04Z,21.88,60.53,99,0,null,101.00,351.00,1713.00,null,null,null
2023-08-25T18:15:04Z,21.84,61.33,99,0,null,101.00,374.00,1736.00,3,3,3
2023-08-25T18:16:04Z,21.86,61.10,99,0,null,101.00,364.00,1726.00,null,null,null
2023-08-25T18:17:04Z,21.85,60.96,99,0,null,101.00,369.00,1731.00,null,null,null
2023-08-25T18:18:04Z,21.85,60.97,99,0,null,101.00,374.00,1738.00,null,null,null
2023-08-25T18:19:04Z,21.86,60.83,99,0,null,101.00,392.00,1752.00,null,null,null
2023-08-25T18:20:04Z,21.85,60.97,99,0,null,101.00,409.00,1765.00,0,0,0
2023-08-25T18:21:04Z,21.85,61.12,99,0,null,101.00,425.00,1778.00,null,null,null
2023-08-25T18:22:04Z,21.82,61.72,99,0,null,101.00,429.00,1782.00,null,null,null
2023-08-25T18:23:04Z,21.82,61.25,99,0,null,101.00,387.00,1747.00,null,null,null
2023-08-25T18:24:04Z,21.82,60.86,99,0,null,100.99,342.00,1704.00,null,null,null
2023-08-25T18:25:04Z,21.84,60.61,99,0,null,100.99,320.00,1681.00,4,4,4
2023-08-25T18:26:04Z,21.82,60.28,99,0,null,101.00,311.00,1672.00,null,null,null
2023-08-25T18:27:04Z,21.81,60.05,99,0,null,101.00,332.00,1694.00,null,null,null
2023-08-25T18:28:04Z,21.79,59.92,99,0,null,101.00,363.00,1725.00,null,null,null
2023-08-25T18:29:04Z,21.81,59.79,99,0,null,101.00,377.00,1738.00,null,null,null
2023-08-25T18:30:04Z,21.79,59.86,99,0,null,101.00,395.00,1754.00,1,1,1
2023-08-25T18:31:04Z,21.79,59.87,99,0,null,101.00,410.00,1766.00,null,null,null
2023-08-25T18:32:04Z,21.79,59.85,99,0,null,101.00,427.00,1779.00,null,null,null
2023-08-25T18:33:04Z,21.81,59.98,99,0,null,101.00,427.00,1779.00,null,null,null
2023-08-25T18:34:04Z,21.79,59.80,99,0,null,100.99,410.00,1766.00,null,null,null
2023-08-25T18:35:04Z,21.79,59.64,99,0,null,101.00,402.00,1759.00,2,2,2
2023-08-25T18:36:04Z,21.81,59.69,99,0,null,101.00,441.00,1792.00,null,null,null
2023-08-25T18:37:04Z,21.81,59.73,99,0,null,101.00,494.00,1834.00,null,null,null
2023-08-25T18:38:04Z,21.82,59.70,99,0,null,101.00,535.00,1863.00,null,null,null
2023-08-25T18:39:04Z,21.79,59.64,99,0,null,101.00,547.00,1874.00,null,null,null
2023-08-25T18:40:04Z,21.79,59.67,99,0,null,101.00,556.00,1882.00,1,1,1
2023-08-25T18:41:04Z,21.77,59.50,99,0,null,101.00,594.00,1906.00,null,null,null
2023-08-25T18:42:04Z,21.81,59.59,99,0,null,101.00,594.00,1906.00,null,null,null
2023-08-25T18:43:04Z,21.79,59.57,99,0,null,101.00,584.00,1899.00,null,null,null
2023-08-25T18:44:04Z,21.78,59.37,99,0,null,101.00,570.00,1889.00,null,null,null
2023-08-25T18:45:04Z,21.82,59.44,99,0,null,101.00,570.00,1889.00,2,2,2
2023-08-25T18:46:04Z,21.78,59.50,99,0,null,101.00,609.00,1915.00,null,null,null
2023-08-25T18:47:04Z,21.79,59.40,99,0,null,101.00,619.00,1922.00,null,null,null
2023-08-25T18:48:04Z,21.78,59.28,99,0,null,101.00,535.00,1863.00,null,null,null
2023-08-25T18:49:04Z,21.79,59.36,99,0,null,101.00,483.00,1827.00,null,null,null
2023-08-25T18:50:04Z,21.78,59.29,99,0,null,101.00,432.00,1784.00,2,2,2
2023-08-25T18:51:04Z,21.77,59.30,99,0,null,101.01,400.00,1757.00,null,null,null
2023-08-25T18:52:04Z,21.77,59.29,99,0,null,101.00,360.00,1723.00,null,null,null
2023-08-25T18:53:04Z,21.77,59.26,99,0,null,101.01,332.00,1694.00,null,null,null
2023-08-25T18:54:04Z,21.72,59.29,99,0,null,101.00,307.00,1668.00,null,null,null
2023-08-25T18:55:04Z,21.73,59.25,99,0,null,101.00,314.00,1676.00,1,1,1
2023-08-25T18:56:04Z,21.71,59.26,99,0,null,101.01,308.00,1669.00,null,null,null
2023-08-25T18:57:04Z,21.73,59.23,99,0,null,101.00,304.00,1665.00,null,null,null
2023-08-25T18:58:04Z,21.71,59.27,99,0,null,101.00,296.00,1657.00,null,null,null
2023-08-25T18:59:04Z,21.71,59.18,99,0,null,101.00,280.00,1638.00,null,null,null
2023-08-25T19:00:04Z,21.69,59.24,99,0,null,101.01,278.00,1636.00,1,1,1
2023-08-25T19:01:04Z,21.71,59.32,99,0,null,101.01,258.00,1614.00,null,null,null
2023-08-25T19:02:04Z,21.68,59.15,99,0,null,101.01,249.00,1604.00,null,null,null
2023-08-25T19:03:04Z,21.68,59.20,99,0,null,101.02,243.00,1598.00,null,null,null
2023-08-25T19:04:04Z,21.68,59.16,99,0,null,101.02,233.00,1586.00,null,null,null
2023-08-25T19:05:04Z,21.68,59.22,99,0,null,101.02,220.00,1567.00,1,1,1
2023-08-25T19:06:04Z,21.68,59.34,99,0,null,101.02,212.00,1557.00,null,null,null
2023-08-25T19:07:04Z,21.65,59.40,99,0,null,101.03,194.00,1533.00,null,null,null
2023-08-25T19:08:04Z,21.65,59.83,99,0,null,101.03,186.00,1522.00,null,null,null
2023-08-25T19:09:04Z,21.62,60.18,99,0,null,101.03,170.00,1497.00,null,null,null
2023-08-25T19:10:04Z,21.62,60.55,99,0,null,101.03,170.00,1497.00,0,0,0
2023-08-25T19:11:04Z,21.61,60.59,99,0,null,101.03,186.00,1521.00,null,null,null
2023-08-25T19:12:04Z,21.63,60.69,99,0,null,101.03,200.00,1542.00,null,null,null
2023-08-25T19:13:04Z,21.61,60.76,99,0,null,101.02,224.00,1572.00,null,null,null
2023-08-25T19:14:04Z,21.63,61.07,99,0,null,101.02,239.00,1594.00,null,null,null
2023-08-25T19:15:04Z,21.62,61.23,99,0,null,101.02,243.00,1598.00,3,3,3
2023-08-25T19:16:04Z,21.62,61.28,99,0,null,101.02,248.00,1603.00,null,null,null
2023-08-25T19:17:04Z,21.61,61.17,99,0,null,101.02,265.00,1623.00,null,null,null
2023-08-25T19:18:04Z,21.61,61.24,99,0,null,101.02,293.00,1654.00,null,null,null
2023-08-25T19:19:04Z,21.59,61.23,99,0,null,101.02,310.00,1671.00,null,null,null
2023-08-25T19:20:04Z,21.62,61.36,99,0,null,101.03,338.00,1700.00,2,2,2
2023-08-25T19:21:04Z,21.61,61.51,99,0,null,101.02,370.00,1733.00,null,null,null
2023-08-25T19:22:04Z,21.61,61.47,99,0,null,101.02,392.00,1752.00,null,null,null
2023-08-25T19:23:04Z,21.62,61.37,99,0,null,101.02,427.00,1779.00,null,null,null
2023-08-25T19:24:04Z,21.61,61.34,99,0,null,101.02,467.00,1814.00,null,null,null
2023-08-25T19:25:04Z,21.61,61.22,99,0,null,101.02,526.00,1857.00,1,1,1
2023-08-25T19:26:04Z,21.62,61.29,99,0,null,101.02,619.00,1922.00,null,null,null
2023-08-25T19:27:04Z,21.63,61.15,99,0,null,101.02,734.00,1993.00,null,null,null
2023-08-25T19:28:04Z,21.65,61.20,99,0,null,101.02,865.00,2070.00,null,null,null
2023-08-25T19:29:04Z,21.63,61.11,99,0,null,101.02,987.00,2132.00,null,null,null
2023-08-25T19:30:04Z,21.66,61.11,99,0,null,101.02,1075.00,2172.00,2,2,2
2023-08-25T19:31:04Z,21.65,61.09,99,0,null,101.03,1147.00,2201.00,null,null,null
2023-08-25T19:32:04Z,21.65,61.06,99,0,null,101.03,1220.00,2238.00,null,null,null
2023-08-25T19:33:04Z,21.68,60.98,99,0,null,101.03,1291.00,2272.00,null,null,null
2023-08-25T19:34:04Z,21.68,60.89,99,0,null,101.03,1348.00,2296.00,null,null,null
2023-08-25T19:35:04Z,21.66,60.85,99,0,null,101.03,1395.00,2316.00,2,5,5
2023-08-25T19:36:04Z,21.69,60.91,99,0,null,101.03,1419.00,2330.00,null,null,null
2023-08-25T19:37:04Z,21.71,60.88,99,0,null,101.03,1448.00,2343.00,null,null,null
2023-08-25T19:38:04Z,21.72,60.85,99,0,null,101.03,1501.00,2368.00,null,null,null
2023-08-25T19:39:04Z,21.71,60.76,99,0,null,101.03,1557.00,2393.00,null,null,null
2023-08-25T19:40:04Z,21.72,60.71,99,0,null,101.03,1613.00,2419.00,3,3,3
2023-08-25T19:41:04Z,21.73,60.89,99,0,null,101.03,1593.00,2411.00,null,null,null
2023-08-25T19:42:04Z,21.75,60.79,99,0,null,101.04,1557.00,2393.00,null,null,null
2023-08-25T19:43:04Z,21.75,60.75,99,0,null,101.03,1457.00,2349.00,null,null,null
2023-08-25T19:44:04Z,21.73,60.70,99,0,null,101.04,1352.00,2298.00,null,null,null
2023-08-25T19:45:04Z,21.78,60.57,99,0,null,101.03,1306.00,2278.00,2,3,3
2023-08-25T19:46:04Z,21.72,60.36,99,0,null,101.04,1111.00,2187.00,null,null,null
2023-08-25T19:47:04Z,21.77,60.24,99,0,null,101.04,1027.00,2150.00,null,null,null
2023-08-25T19:48:04Z,21.78,60.07,99,0,null,101.03,903.00,2092.00,null,null,null
2023-08-25T19:49:04Z,21.78,60.02,99,0,null,101.04,825.00,2050.00,null,null,null
2023-08-25T19:50:04Z,21.77,59.95,99,0,null,101.04,756.00,2004.00,0,0,0
2023-08-25T19:51:04Z,21.77,59.87,99,0,null,101.03,725.00,1988.00,null,null,null
2023-08-25T19:52:04Z,21.78,59.79,99,0,null,101.04,694.00,1970.00,null,null,null
2023-08-25T19:53:04Z,21.75,59.80,99,0,null,101.03,680.00,1961.00,null,null,null
2023-08-25T19:54:04Z,21.77,59.72,99,0,null,101.04,665.00,1951.00,null,null,null
2023-08-25T19:55:04Z,21.75,59.85,99,0,null,101.04,649.00,1940.00,3,3,3
2023-08-25T19:56:04Z,21.73,59.83,99,0,null,101.04,611.00,1917.00,null,null,null
2023-08-25T19:57:04Z,21.75,59.82,99,0,null,101.04,617.00,1920.00,null,null,null
2023-08-25T19:58:04Z,21.75,59.82,99,0,null,101.04,576.00,1894.00,null,null,null
2023-08-25T19:59:04Z,21.73,59.81,99,0,null,101.04,586.00,1900.00,null,null,null
2023-08-25T20:00:04Z,21.72,59.85,99,0,null,101.04,617.00,1920.00,1,1,1
2023-08-25T20:01:04Z,21.75,59.88,99,0,null,101.04,617.00,1920.00,null,null,null
2023-08-25T20:02:04Z,21.75,59.91,99,0,null,101.05,601.00,1911.00,null,null,null
2023-08-25T20:03:04Z,21.73,59.72,99,0,null,101.04,625.00,1926.00,null,null,null
2023-08-25T20:04:04Z,21.71,59.63,99,0,null,101.04,625.00,1926.00,null,null,null
2023-08-25T20:05:04Z,21.73,59.50,99,0,null,101.04,625.00,1926.00,3,4,4
2023-08-25T20:06:04Z,21.73,59.42,99,0,null,101.03,601.00,1911.00,null,null,null
2023-08-25T20:07:04Z,21.75,59.34,99,0,null,101.03,579.00,1895.00,null,null,null
2023-08-25T20:08:04Z,21.72,59.31,99,0,null,101.03,556.00,1882.00,null,null,null
2023-08-25T20:09:04Z,21.69,59.18,99,0,null,101.03,567.00,1887.00,null,null,null
2023-08-25T20:10:04Z,21.72,59.06,99,0,null,101.04,538.00,1866.00,1,1,1
2023-08-25T20:11:04Z,21.69,59.01,99,0,null,101.03,492.00,1833.00,null,null,null
2023-08-25T20:12:04Z,21.69,58.91,99,0,null,101.03,481.00,1825.00,null,null,null
2023-08-25T20:13:04Z,21.71,58.93,99,0,null,101.04,463.00,1811.00,null,null,null
2023-08-25T20:14:04Z,21.68,58.84,99,0,null,101.04,446.00,1798.00,null,null,null
2023-08-25T20:15:04Z,21.66,58.74,99,0,null,101.03,428.00,1780.00,1,1,1
2023-08-25T20:16:04Z,21.66,58.76,99,0,null,101.04,415.00,1771.00,null,null,null
2023-08-25T20:17:04Z,21.68,58.69,99,0,null,101.04,395.00,1754.00,null,null,null
2023-08-25T20:18:04Z,21.65,58.67,99,0,null,101.04,399.00,1756.00,null,null,null
2023-08-25T20:19:04Z,21.65,58.65,99,0,null,101.03,399.00,1756.00,null,null,null
2023-08-25T20:20:04Z,21.65,58.62,99,0,null,101.04,391.00,1751.00,2,3,3
2023-08-25T20:21:04Z,21.63,58.60,99,0,null,101.04,385.00,1744.00,null,null,null
2023-08-25T20:22:04Z,21.65,58.53,99,0,null,101.04,374.00,1738.00,null,null,null
2023-08-25T20:23:04Z,21.63,58.44,99,0,null,101.04,369.00,1731.00,null,null,null
2023-08-25T20:24:04Z,21.63,58.38,99,0,null,101.04,348.00,1709.00,null,null,null
2023-08-25T20:25:04Z,21.62,58.47,99,0,null,101.04,335.00,1696.00,0,0,0
2023-08-25T20:26:04Z,21.62,58.42,99,0,null,101.04,322.00,1683.00,null,null,null
2023-08-25T20:27:04Z,21.59,58.33,99,0,null,101.04,322.00,1683.00,null,null,null
2023-08-25T20:28:04Z,21.58,58.36,99,0,null,101.04,312.00,1673.00,null,null,null
2023-08-25T20:29:04Z,21.58,58.31,99,0,null,101.04,299.00,1660.00,null,null,null
2023-08-25T20:30:04Z,21.57,58.28,99,0,null,101.04,281.00,1640.00,1,1,1
2023-08-25T20:31:04Z,21.57,58.40,99,0,null,101.04,256.00,1611.00,null,null,null
2023-08-25T20:32:04Z,21.55,58.47,99,0,null,101.04,265.00,1623.00,null,null,null
2023-08-25T20:33:04Z,21.54,58.45,99,0,null,101.04,281.00,1640.00,null,null,null
2023-08-25T20:34:04Z,21.54,58.46,99,0,null,101.04,304.00,1665.00,null,null,null
2023-08-25T20:35:04Z,21.54,58.58,99,0,null,101.04,322.00,1683.00,0,0,0
2023-08-25T20:36:04Z,21.55,58.56,99,0,null,101.04,330.00,1691.00,null,null,null
2023-08-25T20:37:04Z,21.54,58.55,99,0,null,101.04,354.00,1715.00,null,null,null
2023-08-25T20:38:04Z,21.57,58.57,99,0,null,101.04,369.00,1731.00,null,null,null
2023-08-25T20:39:04Z,21.55,58.53,99,0,null,101.03,369.00,1731.00,null,null,null
2023-08-25T20:40:04Z,21.55,58.51,99,0,null,101.04,374.00,1738.00,0,0,0
2023-08-25T20:41:04Z,21.57,58.54,99,0,null,101.04,369.00,1731.00,null,null,null
2023-08-25T20:42:04Z,21.55,58.50,99,0,null,101.04,369.00,1731.00,null,null,null
2023-08-25T20:43:04Z,21.54,58.48,99,0,null,101.04,369.00,1731.00,null,null,null
2023-08-25T20:44:04Z,21.52,58.45,99,0,null,101.04,369.00,1731.00,null,null,null
2023-08-25T20:45:04Z,21.51,58.38,99,0,null,101.04,369.00,1731.00,1,1,6
2023-08-25T20:46:04Z,21.54,58.46,99,0,null,101.04,360.00,1723.00,null,null,null
2023-08-25T20:47:04Z,21.52,58.46,99,0,null,101.04,374.00,1738.00,null,null,null
2023-08-25T20:48:04Z,21.55,58.49,99,0,null,101.04,385.00,1744.00,null,null,null
2023-08-25T20:49:04Z,21.54,58.51,99,0,null,101.04,399.00,1756.00,null,null,null
2023-08-25T20:50:04Z,21.51,58.49,99,0,null,101.03,399.00,1756.00,2,2,6
2023-08-25T20:51:04Z,21.52,58.49,99,0,null,101.04,399.00,1756.00,null,null,null
2023-08-25T20:52:04Z,21.55,58.44,99,0,null,101.04,399.00,1756.00,null,null,null
2023-08-25T20:53:04Z,21.51,58.45,99,0,null,101.04,399.00,1756.00,null,null,null
2023-08-25T20:54:04Z,21.50,58.44,99,0,null,101.03,399.00,1756.00,null,null,null
2023-08-25T20:55:04Z,21.50,58.46,99,0,null,101.03,399.00,1756.00,0,0,0
2023-08-25T20:56:04Z,21.51,58.54,99,0,null,101.03,407.00,1764.00,null,null,null
2023-08-25T20:57:04Z,21.52,58.42,99,0,null,101.03,407.00,1764.00,null,null,null
2023-08-25T20:58:04Z,21.51,58.44,99,0,null,101.04,385.00,1744.00,null,null,null
2023-08-25T20:59:04Z,21.50,58.52,99,0,null,101.03,360.00,1723.00,null,null,null
2023-08-25T21:00:04Z,21.48,58.56,99,0,null,101.04,348.00,1709.00,0,0,0
2023-08-25T21:01:04Z,21.50,58.61,99,0,null,101.03,335.00,1696.00,null,null,null
2023-08-25T21:02:04Z,21.48,58.60,99,0,null,101.03,341.00,1703.00,null,null,null
2023-08-25T21:03:04Z,21.48,58.72,99,0,null,101.04,341.00,1703.00,null,null,null
2023-08-25T21:04:04Z,21.50,58.72,99,0,null,101.04,335.00,1696.00,null,null,null
2023-08-25T21:05:04Z,21.45,58.72,99,0,null,101.04,330.00,1691.00,2,2,6
2023-08-25T21:06:04Z,21.45,58.73,99,0,null,101.04,304.00,1665.00,null,null,null
2023-08-25T21:07:04Z,21.47,58.76,99,0,null,101.04,293.00,1654.00,null,null,null
2023-08-25T21:08:04Z,21.45,58.74,99,0,null,101.04,278.00,1636.00,null,null,null
2023-08-25T21:09:04Z,21.45,58.85,99,0,null,101.03,271.00,1628.00,null,null,null
2023-08-25T21:10:04Z,21.45,58.87,99,0,null,101.04,268.00,1625.00,0,0,0
2023-08-25T21:11:04Z,21.44,58.86,99,0,null,101.03,268.00,1625.00,null,null,null
2023-08-25T21:12:04Z,21.45,58.88,99,0,null,101.04,274.00,1632.00,null,null,null
2023-08-25T21:13:04Z,21.44,59.00,99,0,null,101.04,290.00,1651.00,null,null,null
2023-08-25T21:14:04Z,21.41,58.95,99,0,null,101.04,296.00,1657.00,null,null,null
2023-08-25T21:15:04Z,21.41,59.00,99,0,null,101.04,296.00,1657.00,0,0,0
2023-08-25T21:16:04Z,21.40,58.98,99,0,null,101.04,290.00,1651.00,null,null,null
2023-08-25T21:17:04Z,21.42,58.95,99,0,null,101.04,290.00,1651.00,null,null,null
2023-08-25T21:18:04Z,21.38,58.89,99,0,null,101.04,278.00,1636.00,null,null,null
2023-08-25T21:19:04Z,21.40,58.93,99,0,null,101.03,268.00,1625.00,null,null,null
2023-08-25T21:20:04Z,21.37,58.86,99,0,null,101.04,258.00,1614.00,4,5,11
2023-08-25T21:21:04Z,21.35,58.91,99,0,null,101.04,243.00,1598.00,null,null,null
2023-08-25T21:22:04Z,21.41,58.91,99,0,null,101.04,230.00,1582.00,null,null,null
2023-08-25T21:23:04Z,21.38,58.96,99,0,null,101.04,230.00,1582.00,null,null,null
2023-08-25T21:24:04Z,21.35,58.91,99,0,null,101.04,233.00,1586.00,null,null,null
2023-08-25T21:25:04Z,21.38,58.94,99,0,null,101.03,238.00,1592.00,0,2,2
2023-08-25T21:26:04Z,21.37,58.95,99,0,null,101.03,247.00,1602.00,null,null,null
2023-08-25T21:27:04Z,21.35,58.94,99,0,null,101.03,254.00,1608.00,null,null,null
2023-08-25T21:28:04Z,21.35,58.96,99,0,null,101.03,258.00,1614.00,null,null,null
2023-08-25T21:29:04Z,21.37,59.05,99,0,null,101.03,268.00,1625.00,null,null,null
2023-08-25T21:30:04Z,21.35,59.08,99,0,null,101.03,268.00,1625.00,2,2,2
2023-08-25T21:31:04Z,21.35,59.12,99,0,null,101.03,278.00,1636.00,null,null,null
2023-08-25T21:32:04Z,21.37,59.06,99,0,null,101.03,284.00,1642.00,null,null,null
2023-08-25T21:33:04Z,21.37,59.13,99,0,null,101.03,337.00,1699.00,null,null,null
2023-08-25T21:34:04Z,21.37,59.18,99,0,null,101.03,411.00,1767.00,null,null,null
2023-08-25T21:35:04Z,21.37,59.14,99,0,null,101.03,492.00,1833.00,1,1,1
2023-08-25T21:36:04Z,21.38,59.30,99,0,null,101.03,559.00,1883.00,null,null,null
2023-08-25T21:37:04Z,21.37,59.24,99,0,null,101.03,521.00,1853.00,null,null,null
2023-08-25T21:38:04Z,21.38,59.22,99,0,null,101.03,516.00,1851.00,null,null,null
2023-08-25T21:39:04Z,21.38,59.28,99,0,null,101.03,516.00,1851.00,null,null,null
2023-08-25T21:40:04Z,21.38,59.29,99,0,null,101.03,501.00,1839.00,0,0,0
2023-08-25T21:41:04Z,21.42,59.27,99,0,null,101.03,509.00,1846.00,null,null,null
2023-08-25T21:42:04Z,21.44,59.32,99,0,null,101.03,531.00,1861.00,null,null,null
2023-08-25T21:43:04Z,21.44,59.28,99,0,null,101.03,543.00,1870.00,null,null,null
2023-08-25T21:44:04Z,21.42,59.38,99,0,null,101.03,552.00,1878.00,null,null,null
2023-08-25T21:45:04Z,21.45,59.41,99,0,null,101.03,531.00,1861.00,0,0,0
2023-08-25T21:46:04Z,21.47,59.36,99,0,null,101.03,531.00,1861.00,null,null,null
2023-08-25T21:47:04Z,21.47,59.31,99,0,null,101.03,567.00,1887.00,null,null,null
2023-08-25T21:48:04Z,21.45,59.35,99,0,null,101.02,601.00,1911.00,null,null,null
2023-08-25T21:49:04Z,21.45,59.34,99,0,null,101.02,625.00,1926.00,null,null,null
2023-08-25T21:50:04Z,21.44,59.38,99,0,null,101.02,651.00,1942.00,1,1,1
2023-08-25T21:51:04Z,21.47,59.45,99,0,null,101.02,678.00,1960.00,null,null,null
2023-08-25T21:52:04Z,21.48,59.47,99,0,null,101.02,694.00,1970.00,null,null,null
2023-08-25T21:53:04Z,21.48,59.44,99,0,null,101.02,678.00,1960.00,null,null,null
2023-08-25T21:54:04Z,21.47,59.42,99,0,null,101.02,678.00,1960.00,null,null,null
2023-08-25T21:55:04Z,21.47,59.45,99,0,null,101.02,711.00,1980.00,1,1,1
2023-08-25T21:56:04Z,21.47,59.50,99,0,null,101.02,738.00,1996.00,null,null,null
2023-08-25T21:57:04Z,21.48,59.45,99,0,null,101.02,756.00,2004.00,null,null,null
2023-08-25T21:58:04Z,21.50,59.45,99,0,null,101.02,803.00,2031.00,null,null,null
2023-08-25T21:59:04Z,21.48,59.52,99,0,null,101.02,803.00,2031.00,null,null,null
2023-08-25T22:00:04Z,21.48,59.50,99,0,null,101.02,838.00,2058.00,1,1,1
2023-08-25T22:01:04Z,21.50,59.55,99,0,null,101.02,878.00,2078.00,null,null,null
2023-08-25T22:02:04Z,21.48,59.53,99,0,null,101.02,933.00,2106.00,null,null,null
2023-08-25T22:03:04Z,21.50,59.53,99,0,null,101.02,976.00,2126.00,null,null,null
2023-08-25T22:04:04Z,21.45,59.54,99,0,null,101.02,999.00,2138.00,null,null,null
2023-08-25T22:05:04Z,21.47,59.56,99,0,null,101.02,999.00,2138.00,0,0,0
2023-08-25T22:06:04Z,21.48,59.54,99,0,null,101.02,1023.00,2148.00,null,null,null
2023-08-25T22:07:04Z,21.51,59.52,99,0,null,101.02,999.00,2138.00,null,null,null
2023-08-25T22:08:04Z,21.48,59.52,99,0,null,101.02,1023.00,2148.00,null,null,null
2023-08-25T22:09:04Z,21.47,59.62,99,0,null,101.02,999.00,2138.00,null,null,null
2023-08-25T22:10:04Z,21.50,59.57,99,0,null,101.02,976.00,2126.00,0,0,0
2023-08-25T22:11:04Z,21.50,59.53,99,0,null,101.02,976.00,2126.00,null,null,null
2023-08-25T22:12:04Z,21.50,59.48,99,0,null,101.01,999.00,2138.00,null,null,null
2023-08-25T22:13:04Z,21.50,59.49,99,0,null,101.01,1023.00,2148.00,null,null,null
2023-08-25T22:14:04Z,21.48,59.52,99,0,null,101.01,1045.00,2160.00,null,null,null
2023-08-25T22:15:04Z,21.48,59.53,99,0,null,101.01,1045.00,2160.00,2,2,2
2023-08-25T22:16:04Z,21.54,59.51,99,0,null,101.01,1071.00,2168.00,null,null,null
2023-08-25T22:17:04Z,21.52,59.50,99,0,null,101.01,1088.00,2178.00,null,null,null
2023-08-25T22:18:04Z,21.52,59.44,99,0,null,101.01,1088.00,2178.00,null,null,null
2023-08-25T22:19:04Z,21.54,59.50,99,0,null,101.01,1088.00,2178.00,null,null,null
2023-08-25T22:20:04Z,21.52,59.46,99,0,null,101.01,1088.00,2178.00,0,0,0
2023-08-25T22:21:04Z,21.51,59.46,99,0,null,101.01,1111.00,2187.00,null,null,null
2023-08-25T22:22:04Z,21.52,59.46,99,0,null,101.01,1111.00,2187.00,null,null,null
2023-08-25T22:23:04Z,21.51,59.41,99,0,null,101.01,1161.00,2208.00,null,null,null
2023-08-25T22:24:04Z,21.52,59.41,99,0,null,101.01,1202.00,2230.00,null,null,null
2023-08-25T22:25:04Z,21.52,59.43,99,0,null,101.00,1202.00,2230.00,3,3,3
2023-08-25T22:26:04Z,21.52,59.41,99,0,null,101.00,1225.00,2242.00,null,null,null
2023-08-25T22:27:04Z,21.54,59.42,99,0,null,101.00,1277.00,2265.00,null,null,null
2023-08-25T22:28:04Z,21.54,59.40,99,0,null,101.00,1333.00,2287.00,null,null,null
2023-08-25T22:29:04Z,21.54,59.40,99,0,null,101.00,1277.00,2265.00,null,null,null
2023-08-25T22:30:04Z,21.51,59.41,99,0,null,101.00,1253.00,2257.00,0,0,0
2023-08-25T22:31:04Z,21.54,59.41,99,0,null,101.00,1253.00,2257.00,null,null,null
2023-08-25T22:32:04Z,21.55,59.37,99,0,null,101.00,1277.00,2265.00,null,null,null
2023-08-25T22:33:04Z,21.54,59.36,99,0,null,101.00,1306.00,2278.00,null,null,null
2023-08-25T22:34:04Z,21.55,59.40,99,0,null,101.00,1333.00,2287.00,null,null,null
2023-08-25T22:35:04Z,21.54,59.40,99,0,null,101.00,1352.00,2298.00,0,0,0
2023-08-25T22:36:04Z,21.54,59.40,99,0,null,101.00,1404.00,2322.00,null,null,null
2023-08-25T22:37:04Z,21.55,59.36,99,0,null,101.00,1385.00,2311.00,null,null,null
2023-08-25T22:38:04Z,21.57,59.34,99,0,null,101.00,1385.00,2311.00,null,null,null
2023-08-25T22:39:04Z,21.55,59.35,99,0,null,101.00,1385.00,2311.00,null,null,null
2023-08-25T22:40:04Z,21.54,59.40,99,0,null,101.00,1404.00,2322.00,0,0,0
2023-08-25T22:41:04Z,21.55,59.37,99,0,null,101.00,1428.00,2336.00,null,null,null
2023-08-25T22:42:04Z,21.57,59.34,99,0,null,101.00,1404.00,2322.00,null,null,null
2023-08-25T22:43:04Z,21.52,59.35,99,0,null,101.00,1428.00,2336.00,null,null,null
2023-08-25T22:44:04Z,21.55,59.36,99,0,null,101.00,1404.00,2322.00,null,null,null
2023-08-25T22:45:04Z,21.57,59.36,99,0,null,101.01,1428.00,2336.00,1,1,1
2023-08-25T22:46:04Z,21.57,59.39,99,0,null,101.00,1428.00,2336.00,null,null,null
2023-08-25T22:47:04Z,21.57,59.34,99,0,null,101.00,1457.00,2349.00,null,null,null
2023-08-25T22:48:04Z,21.57,59.34,99,0,null,101.00,1481.00,2361.00,null,null,null
2023-08-25T22:49:04Z,21.57,59.36,99,0,null,101.00,1510.00,2374.00,null,null,null
2023-08-25T22:50:04Z,21.55,59.39,99,0,null,101.00,1510.00,2374.00,0,0,0
2023-08-25T22:51:04Z,21.57,59.38,99,0,null,101.00,1510.00,2374.00,null,null,null
2023-08-25T22:52:04Z,21.55,59.37,99,0,null,101.00,1510.00,2374.00,null,null,null
2023-08-25T22:53:04Z,21.57,59.35,99,0,null,101.00,1510.00,2374.00,null,null,null
2023-08-25T22:54:04Z,21.58,59.34,99,0,null,101.00,1537.00,2386.00,null,null,null
2023-08-25T22:55:04Z,21.55,59.36,99,0,null,101.00,1537.00,2386.00,1,1,1
2023-08-25T22:56:04Z,21.57,59.40,99,0,null,101.00,1537.00,2386.00,null,null,null
2023-08-25T22:57:04Z,21.57,59.34,99,0,null,101.00,1537.00,2386.00,null,null,null
2023-08-25T22:58:04Z,21.55,59.33,99,0,null,101.00,1537.00,2386.00,null,null,null
2023-08-25T22:59:04Z,21.58,59.38,99,0,null,101.00,1537.00,2386.00,null,null,null
2023-08-25T23:00:04Z,21.58,59.39,99,0,null,101.00,1562.00,2397.00,0,0,0
2023-08-25T23:01:04Z,21.55,59.39,99,0,null,101.00,1618.00,2423.00,null,null,null
2023-08-25T23:02:04Z,21.59,59.35,99,0,null,101.00,1648.00,2440.00,null,null,null
2023-08-25T23:03:04Z,21.54,59.38,99,0,null,101.00,1678.00,2454.00,null,null,null
2023-08-25T23:04:04Z,21.57,59.38,99,0,null,101.00,1678.00,2454.00,null,null,null
2023-08-25T23:05:04Z,21.54,59.41,99,0,null,101.00,1648.00,2440.00,0,0,0
2023-08-25T23:06:04Z,21.57,59.40,99,0,null,101.00,1648.00,2440.00,null,null,null
2023-08-25T23:07:04Z,21.58,59.44,99,0,null,101.00,1678.00,2454.00,null,null,null
2023-08-25T23:08:04Z,21.55,59.40,99,0,null,101.00,1763.00,2492.00,null,null,null
2023-08-25T23:09:04Z,21.55,59.44,99,0,null,101.00,1763.00,2492.00,null,null,null
2023-08-25T23:10:04Z,21.55,59.41,99,0,null,101.00,1763.00,2492.00,0,0,0
2023-08-25T23:11:04Z,21.55,59.42,99,0,null,101.00,1763.00,2492.00,null,null,null
2023-08-25T23:12:04Z,21.57,59.41,99,0,null,101.00,1733.00,2480.00,null,null,null
2023-08-25T23:13:04Z,21.57,59.41,99,0,null,101.00,1703.00,2466.00,null,null,null
2023-08-25T23:14:04Z,21.54,59.42,99,0,null,101.00,1733.00,2480.00,null,null,null
2023-08-25T23:15:04Z,21.54,59.44,99,0,null,101.00,1763.00,2492.00,0,0,0
2023-08-25T23:16:04Z,21.57,59.45,99,0,null,101.00,1733.00,2480.00,null,null,null
2023-08-25T23:17:04Z,21.57,59.44,99,0,null,101.00,1733.00,2480.00,null,null,null
2023-08-25T23:18:04Z,21.57,59.39,99,0,null,101.00,1733.00,2480.00,null,null,null
2023-08-25T23:19:04Z,21.57,59.41,99,0,null,101.00,1733.00,2480.00,null,null,null
2023-08-25T23:20:04Z,21.55,59.44,99,0,null,101.00,1763.00,2492.00,0,0,0
2023-08-25T23:21:04Z,21.57,59.41,99,0,null,101.00,1733.00,2480.00,null,null,null
2023-08-25T23:22:04Z,21.57,59.45,99,0,null,101.00,1763.00,2492.00,null,null,null
2023-08-25T23:23:04Z,21.55,59.39,99,0,null,101.00,1763.00,2492.00,null,null,null
2023-08-25T23:24:04Z,21.57,59.43,99,0,null,101.00,1733.00,2480.00,null,null,null
2023-08-25T23:25:04Z,21.55,59.48,99,0,null,101.00,1703.00,2466.00,1,2,2
2023-08-25T23:26:04Z,21.54,59.43,99,0,null,101.00,1648.00,2440.00,null,null,null
2023-08-25T23:27:04Z,21.55,59.42,99,0,null,101.00,1648.00,2440.00,null,null,null
2023-08-25T23:28:04Z,21.57,59.40,99,0,null,101.01,1618.00,2423.00,null,null,null
2023-08-25T23:29:04Z,21.55,59.40,99,0,null,101.00,1537.00,2386.00,null,null,null
2023-08-25T23:30:04Z,21.55,59.41,99,0,null,101.00,1510.00,2374.00,0,0,0
2023-08-25T23:31:04Z,21.55,59.49,99,0,null,101.00,1510.00,2374.00,null,null,null
2023-08-25T23:32:04Z,21.55,59.47,99,0,null,101.00,1481.00,2361.00,null,null,null
2023-08-25T23:33:04Z,21.55,59.53,99,0,null,101.00,1481.00,2361.00,null,null,null
2023-08-25T23:34:04Z,21.54,59.46,99,0,null,101.00,1428.00,2336.00,null,null,null
2023-08-25T23:35:04Z,21.51,59.46,99,0,null,101.00,1404.00,2322.00,0,0,0
2023-08-25T23:36:04Z,21.54,59.54,99,0,null,101.00,1404.00,2322.00,null,null,null
2023-08-25T23:37:04Z,21.54,59.51,99,0,null,101.00,1457.00,2349.00,null,null,null
2023-08-25T23:38:04Z,21.52,59.52,99,0,null,101.00,1481.00,2361.00,null,null,null
2023-08-25T23:39:04Z,21.54,59.51,99,0,null,101.00,1481.00,2361.00,null,null,null
2023-08-25T23:40:04Z,21.50,59.53,99,0,null,101.00,1510.00,2374.00,0,0,0
2023-08-25T23:41:04Z,21.51,59.57,99,0,null,101.00,1510.00,2374.00,null,null,null
2023-08-25T23:42:04Z,21.54,59.54,99,0,null,101.00,1510.00,2374.00,null,null,null
2023-08-25T23:43:04Z,21.52,59.59,99,0,null,100.99,1562.00,2397.00,null,null,null
2023-08-25T23:44:04Z,21.50,59.56,99,0,null,100.99,1537.00,2386.00,null,null,null
2023-08-25T23:45:04Z,21.51,59.64,99,0,null,100.99,1537.00,2386.00,1,1,1
2023-08-25T23:46:04Z,21.51,59.63,99,0,null,100.99,1537.00,2386.00,null,null,null
2023-08-25T23:47:04Z,21.52,59.68,99,0,null,100.99,1562.00,2397.00,null,null,null
2023-08-25T23:48:04Z,21.50,59.64,99,0,null,100.99,1562.00,2397.00,null,null,null
2023-08-25T23:49:04Z,21.51,59.64,99,0,null,100.99,1562.00,2397.00,null,null,null
2023-08-25T23:50:04Z,21.51,59.66,99,0,null,100.99,1537.00,2386.00,0,0,0
2023-08-25T23:51:04Z,21.48,59.70,99,0,null,100.99,1537.00,2386.00,null,null,null
2023-08-25T23:52:04Z,21.50,59.64,99,0,null,100.99,1562.00,2397.00,null,null,null
2023-08-25T23:53:04Z,21.50,59.68,99,0,null,100.98,1562.00,2397.00,null,null,null
2023-08-25T23:54:04Z,21.50,59.64,99,0,null,100.98,1562.00,2397.00,null,null,null
2023-08-25T23:55:04Z,21.50,59.63,99,0,null,100.99,1562.00,2397.00,0,0,0
2023-08-25T23:56:04Z,21.50,59.74,99,0,null,100.99,1562.00,2397.00,null,null,null
2023-08-25T23:57:04Z,21.50,59.70,99,0,null,100.99,1562.00,2397.00,null,null,null
2023-08-25T23:58:04Z,21.52,59.69,99,0,null,100.99,1537.00,2386.00,null,null,null
2023-08-25T23:59:04Z,21.48,59.66,99,0,null,100.99,1537.00,2386.00,null,null,null
