TIME,TEMP,HUM,BATT,LIGHT,NOISE_A,PRESS,CCS811_VOCS,CCS811_ECO2,PM_1,PM_25,PM_10
ISO 8601,C,%,%,Lux,dBA,kPa,ppb,ppm,ug/m3,ug/m3,ug/m3
Time,Temperature,Humidity,Battery,Light,Noise dBA,Barometric pressure,VOC Gas CCS811,eCO2 Gas CCS811,PM 1.0,PM 2.5,PM 10.0
,55,56,10,14,53,58,113,112,89,87,88
2023-09-13T00:00:07Z,24.35,64.82,99,0,30.73,101.59,176.00,1506.00,1,1,1
2023-09-13T00:01:07Z,24.37,64.86,99,0,31.83,101.60,176.00,1506.00,null,null,null
2023-09-13T00:02:07Z,24.34,64.76,99,0,29.61,101.60,178.00,1509.00,null,null,null
2023-09-13T00:03:07Z,24.35,64.77,99,0,31.59,101.60,178.00,1509.00,null,null,null
2023-09-13T00:04:07Z,24.35,64.76,99,0,31.05,101.60,178.00,1509.00,null,null,null
2023-09-13T00:05:07Z,24.35,64.80,99,0,40.12,101.60,176.00,1506.00,0,0,0
2023-09-13T00:06:07Z,24.35,64.76,99,0,30.37,101.60,178.00,1509.00,null,null,null
2023-09-13T00:07:07Z,24.35,64.73,99,0,33.34,101.60,178.00,1509.00,null,null,null
2023-09-13T00:08:07Z,24.32,64.75,99,0,32.82,101.60,178.00,1509.00,null,null,null
2023-09-13T00:09:07Z,24.35,64.85,99,0,29.73,101.60,184.00,1518.00,null,null,null
2023-09-13T00:10:07Z,24.35,64.80,99,0,30.74,101.60,181.00,1514.00,0,0,0
2023-09-13T00:11:07Z,24.40,64.79,99,0,29.90,101.61,181.00,1514.00,null,null,null
2023-09-13T00:12:07Z,24.38,64.77,99,0,30.66,101.60,187.00,1523.00,null,null,null
2023-09-13T00:13:07Z,24.37,64.72,99,0,29.99,101.60,187.00,1523.00,null,null,null
2023-09-13T00:14:07Z,24.37,64.77,99,0,30.89,101.60,190.00,1527.00,null,null,null
2023-09-13T00:15:07Z,24.40,64.73,99,0,30.62,101.61,187.00,1523.00,0,0,0
2023-09-13T00:16:07Z,24.35,64.78,99,0,31.44,101.60,190.00,1527.00,null,null,null
2023-09-13T00:17:07Z,24.38,64.72,99,0,31.11,101.60,189.00,1526.00,null,null,null
2023-09-13T00:18:07Z,24.38,64.67,99,0,30.71,101.60,192.00,1530.00,null,null,null
2023-09-13T00:19:07Z,24.40,64.69,99,0,29.55,101.60,192.00,1530.00,null,null,null
2023-09-13T00:20:07Z,24.35,64.73,99,0,30.57,101.60,192.00,1530.00,0,0,0
2023-09-13T00:21:07Z,24.38,64.72,99,0,30.14,101.61,190.00,1527.00,null,null,null
2023-09-13T00:22:07Z,24.38,64.64,99,0,30.32,101.60,195.00,1534.00,null,null,null
2023-09-13T00:23:07Z,24.42,64.64,99,0,29.97,101.60,195.00,1534.00,null,null,null
2023-09-13T00:24:07Z,24.40,64.59,99,0,30.42,101.61,195.00,1534.00,null,null,null
2023-09-13T00:25:07Z,24.41,64.57,99,0,29.70,101.61,192.00,1530.00,0,0,0
2023-09-13T00:26:07Z,24.40,64.67,99,0,31.33,101.61,195.00,1534.00,null,null,null
2023-09-13T00:27:07Z,24.40,64.65,99,0,29.54,101.61,195.00,1534.00,null,null,null
2023-09-13T00:28:07Z,24.40,64.63,99,0,29.69,101.61,201.00,1543.00,null,null,null
2023-09-13T00:29:07Z,24.38,64.69,99,0,30.71,101.61,201.00,1543.00,null,null,null
2023-09-13T00:30:07Z,24.40,64.64,99,0,29.92,101.62,201.00,1543.00,0,0,0
2023-09-13T00:31:07Z,24.42,64.65,99,0,29.89,101.61,201.00,1543.00,null,null,null
2023-09-13T00:32:07Z,24.40,64.68,99,0,29.79,101.62,204.00,1547.00,null,null,null
2023-09-13T00:33:07Z,24.38,64.56,99,0,29.58,101.62,201.00,1543.00,null,null,null
2023-09-13T00:34:07Z,24.42,64.54,99,0,30.48,101.63,204.00,1547.00,null,null,null
2023-09-13T00:35:07Z,24.41,64.61,99,0,29.37,101.63,204.00,1547.00,0,0,0
2023-09-13T00:36:07Z,24.42,64.63,99,0,30.19,101.63,204.00,1547.00,null,null,null
2023-09-13T00:37:07Z,24.42,64.62,99,0,29.82,101.63,204.00,1547.00,null,null,null
2023-09-13T00:38:07Z,24.41,64.70,99,0,30.35,101.63,207.00,1551.00,null,null,null
2023-09-13T00:39:07Z,24.41,64.58,99,0,30.13,101.63,207.00,1551.00,null,null,null
2023-09-13T00:40:07Z,24.37,64.56,99,0,31.41,101.63,207.00,1551.00,0,0,0
2023-09-13T00:41:07Z,24.38,64.65,99,0,29.46,101.64,207.00,1551.00,null,null,null
2023-09-13T00:42:07Z,24.42,64.65,99,0,31.59,101.64,210.00,1556.00,null,null,null
2023-09-13T00:43:07Z,24.41,64.67,99,0,30.82,101.65,207.00,1551.00,null,null,null
2023-09-13T00:44:07Z,24.40,64.65,99,0,30.58,101.64,207.00,1551.00,null,null,null
2023-09-13T00:45:07Z,24.41,64.64,99,0,30.85,101.65,207.00,1551.00,0,0,0
2023-09-13T00:46:07Z,24.41,64.47,99,0,30.82,101.64,207.00,1551.00,null,null,null
2023-09-13T00:47:07Z,24.44,64.27,99,0,30.88,101.65,207.00,1551.00,null,null,null
2023-09-13T00:48:07Z,24.44,64.30,99,0,30.27,101.65,207.00,1551.00,null,null,null
2023-09-13T00:49:07Z,24.40,64.40,99,0,30.23,101.66,207.00,1551.00,null,null,null
2023-09-13T00:50:07Z,24.42,64.51,99,0,30.86,101.65,207.00,1551.00,3,3,3
2023-09-13T00:51:07Z,24.41,64.47,99,0,31.86,101.65,207.00,1551.00,null,null,null
2023-09-13T00:52:07Z,24.42,64.54,99,0,29.65,101.65,210.00,1556.00,null,null,null
2023-09-13T00:53:07Z,24.42,64.49,99,0,31.04,101.66,214.00,1560.00,null,null,null
2023-09-13T00:54:07Z,24.38,64.52,99,0,29.11,101.67,214.00,1560.00,null,null,null
2023-09-13T00:55:07Z,24.40,64.38,99,0,29.79,101.66,214.00,1560.00,0,0,0
2023-09-13T00:56:07Z,24.40,64.43,99,0,30.21,101.66,214.00,1560.00,null,null,null
2023-09-13T00:57:07Z,24.41,64.46,99,0,31.25,101.66,214.00,1560.00,null,null,null
2023-09-13T00:58:07Z,24.40,64.33,99,0,30.98,101.66,214.00,1560.00,null,null,null
2023-09-13T00:59:07Z,24.42,64.37,99,0,29.54,101.65,210.00,1556.00,null,null,null
2023-09-13T01:00:07Z,24.40,64.39,99,0,31.49,101.66,214.00,1560.00,0,0,0
2023-09-13T01:01:07Z,24.40,64.43,99,0,33.32,101.66,214.00,1560.00,null,null,null
2023-09-13T01:02:07Z,24.42,64.47,99,0,32.07,101.66,220.00,1567.00,null,null,null
2023-09-13T01:03:07Z,24.38,64.48,99,0,29.11,101.66,217.00,1563.00,null,null,null
2023-09-13T01:04:07Z,24.40,64.45,99,0,30.03,101.67,217.00,1563.00,null,null,null
2023-09-13T01:05:07Z,24.40,64.52,99,0,28.96,101.66,217.00,1563.00,0,0,0
2023-09-13T01:06:07Z,24.41,64.54,99,0,30.19,101.66,210.00,1556.00,null,null,null
2023-09-13T01:07:07Z,24.44,64.48,99,0,29.28,101.66,220.00,1567.00,null,null,null
2023-09-13T01:08:07Z,24.44,64.51,99,0,30.10,101.67,217.00,1563.00,null,null,null
2023-09-13T01:09:07Z,24.41,64.57,99,0,30.07,101.66,220.00,1567.00,null,null,null
2023-09-13T01:10:07Z,24.38,64.55,99,0,30.11,101.66,220.00,1567.00,0,0,0
2023-09-13T01:11:07Z,24.41,64.53,99,0,29.67,101.66,217.00,1563.00,null,null,null
2023-09-13T01:12:07Z,24.40,64.60,99,0,32.55,101.66,217.00,1563.00,null,null,null
2023-09-13T01:13:07Z,24.41,64.57,99,0,31.47,101.67,226.00,1576.00,null,null,null
2023-09-13T01:14:07Z,24.37,64.63,99,0,29.82,101.66,226.00,1576.00,null,null,null
2023-09-13T01:15:07Z,24.40,64.57,99,0,30.04,101.67,226.00,1576.00,0,0,0
2023-09-13T01:16:07Z,24.41,64.62,99,0,30.88,101.67,221.00,1569.00,null,null,null
2023-09-13T01:17:07Z,24.41,64.56,99,0,29.74,101.67,230.00,1582.00,null,null,null
2023-09-13T01:18:07Z,24.41,64.63,99,0,33.98,101.67,226.00,1576.00,null,null,null
2023-09-13T01:19:07Z,24.38,64.68,99,0,29.46,101.67,230.00,1582.00,null,null,null
2023-09-13T01:20:07Z,24.37,64.69,99,0,29.71,101.67,230.00,1582.00,0,0,0
2023-09-13T01:21:07Z,24.40,64.67,99,0,31.25,101.67,233.00,1586.00,null,null,null
2023-09-13T01:22:07Z,24.40,64.44,99,0,29.67,101.67,233.00,1586.00,null,null,null
2023-09-13T01:23:07Z,24.41,64.44,99,0,30.11,101.67,233.00,1586.00,null,null,null
2023-09-13T01:24:07Z,24.40,64.44,99,0,29.87,101.67,233.00,1586.00,null,null,null
2023-09-13T01:25:07Z,24.38,64.43,99,0,30.13,101.68,233.00,1586.00,0,0,0
2023-09-13T01:26:07Z,24.40,64.51,99,0,29.77,101.67,237.00,1591.00,null,null,null
2023-09-13T01:27:07Z,24.41,64.49,99,0,30.50,101.68,237.00,1591.00,null,null,null
2023-09-13T01:28:07Z,24.40,64.52,99,0,29.50,101.68,237.00,1591.00,null,null,null
2023-09-13T01:29:07Z,24.40,64.58,99,0,29.61,101.68,233.00,1586.00,null,null,null
2023-09-13T01:30:07Z,24.38,64.63,99,0,30.04,101.68,237.00,1591.00,0,0,0
2023-09-13T01:31:07Z,24.38,64.64,99,0,29.79,101.69,241.00,1594.00,null,null,null
2023-09-13T01:32:07Z,24.38,64.61,99,0,29.98,101.68,241.00,1594.00,null,null,null
2023-09-13T01:33:07Z,24.38,64.62,99,0,30.92,101.69,244.00,1598.00,null,null,null
2023-09-13T01:34:07Z,24.42,64.65,99,0,28.84,101.69,241.00,1594.00,null,null,null
2023-09-13T01:35:07Z,24.38,64.66,99,0,29.58,101.69,244.00,1598.00,0,0,0
2023-09-13T01:36:07Z,24.40,64.64,99,0,29.87,101.69,241.00,1594.00,null,null,null
2023-09-13T01:37:07Z,24.41,64.65,99,0,30.34,101.69,244.00,1598.00,null,null,null
2023-09-13T01:38:07Z,24.41,64.62,99,0,30.41,101.69,247.00,1602.00,null,null,null
2023-09-13T01:39:07Z,24.40,64.63,99,0,29.30,101.69,247.00,1602.00,null,null,null
2023-09-13T01:40:07Z,24.37,64.57,99,0,30.73,101.69,253.00,1607.00,0,0,0
2023-09-13T01:41:07Z,24.38,64.63,99,0,29.36,101.69,253.00,1607.00,null,null,null
2023-09-13T01:42:07Z,24.41,64.59,99,0,29.99,101.70,253.00,1607.00,null,null,null
2023-09-13T01:43:07Z,24.37,64.59,99,0,30.05,101.69,253.00,1607.00,null,null,null
2023-09-13T01:44:07Z,24.40,64.62,99,0,30.01,101.70,256.00,1611.00,null,null,null
2023-09-13T01:45:07Z,24.38,64.68,99,0,30.60,101.70,256.00,1611.00,0,0,0
2023-09-13T01:46:07Z,24.41,64.69,99,0,29.43,101.70,256.00,1611.00,null,null,null
2023-09-13T01:47:07Z,24.40,64.67,99,0,30.49,101.70,256.00,1611.00,null,null,null
2023-09-13T01:48:07Z,24.40,64.67,99,0,30.38,101.70,260.00,1615.00,null,null,null
2023-09-13T01:49:07Z,24.40,64.70,99,0,29.78,101.70,256.00,1611.00,null,null,null
2023-09-13T01:50:07Z,24.40,64.74,99,0,32.17,101.70,256.00,1611.00,1,1,1
2023-09-13T01:51:07Z,24.41,64.71,99,0,29.42,101.70,260.00,1615.00,null,null,null
2023-09-13T01:52:07Z,24.41,64.68,99,0,29.68,101.70,260.00,1615.00,null,null,null
2023-09-13T01:53:07Z,24.40,64.70,99,0,30.15,101.70,264.00,1620.00,null,null,null
2023-09-13T01:54:07Z,24.38,64.69,99,0,33.05,101.70,264.00,1620.00,null,null,null
2023-09-13T01:55:07Z,24.35,64.71,99,0,30.97,101.70,271.00,1628.00,0,0,0
2023-09-13T01:56:07Z,24.37,64.72,99,0,28.19,101.70,264.00,1620.00,null,null,null
2023-09-13T01:57:07Z,24.41,64.65,99,0,28.91,101.70,271.00,1628.00,null,null,null
2023-09-13T01:58:07Z,24.42,64.70,99,0,30.03,101.70,271.00,1628.00,null,null,null
2023-09-13T01:59:07Z,24.40,64.63,99,0,29.80,101.70,271.00,1628.00,null,null,null
2023-09-13T02:00:07Z,24.40,64.61,99,0,30.49,101.71,271.00,1628.00,0,0,0
2023-09-13T02:01:07Z,24.40,64.65,99,0,29.35,101.70,271.00,1628.00,null,null,null
2023-09-13T02:02:07Z,24.41,64.65,99,0,29.31,101.70,271.00,1628.00,null,null,null
2023-09-13T02:03:07Z,24.38,64.67,99,0,30.17,101.70,275.00,1632.00,null,null,null
2023-09-13T02:04:07Z,24.38,64.71,99,0,30.97,101.70,275.00,1632.00,null,null,null
2023-09-13T02:05:07Z,24.37,64.72,99,0,30.70,101.70,279.00,1637.00,0,0,0
2023-09-13T02:06:07Z,24.41,64.77,99,0,29.58,101.71,275.00,1632.00,null,null,null
2023-09-13T02:07:07Z,24.41,64.75,99,0,29.47,101.71,280.00,1638.00,null,null,null
2023-09-13T02:08:07Z,24.38,64.75,99,0,29.65,101.70,284.00,1642.00,null,null,null
2023-09-13T02:09:07Z,24.40,64.75,99,0,29.98,101.71,284.00,1642.00,null,null,null
2023-09-13T02:10:07Z,24.37,64.80,99,0,29.69,101.70,284.00,1642.00,1,1,1
2023-09-13T02:11:07Z,24.40,64.76,99,0,29.09,101.71,288.00,1648.00,null,null,null
2023-09-13T02:12:07Z,24.40,64.81,99,0,29.62,101.71,288.00,1648.00,null,null,null
2023-09-13T02:13:07Z,24.38,64.79,99,0,29.83,101.71,284.00,1642.00,null,null,null
2023-09-13T02:14:07Z,24.41,64.81,99,0,30.09,101.71,288.00,1648.00,null,null,null
2023-09-13T02:15:07Z,24.37,64.85,99,0,29.51,101.71,292.00,1652.00,0,0,0
2023-09-13T02:16:07Z,24.37,64.78,99,0,29.46,101.71,298.00,1660.00,null,null,null
2023-09-13T02:17:07Z,24.40,64.63,99,0,29.61,101.71,292.00,1652.00,null,null,null
2023-09-13T02:18:07Z,24.38,64.68,99,0,29.97,101.71,306.00,1668.00,null,null,null
2023-09-13T02:19:07Z,24.37,64.70,99,0,30.30,101.71,302.00,1664.00,null,null,null
2023-09-13T02:20:07Z,24.37,64.74,99,0,29.74,101.71,306.00,1668.00,0,0,0
2023-09-13T02:21:07Z,24.37,64.73,99,0,30.67,101.71,302.00,1664.00,null,null,null
2023-09-13T02:22:07Z,24.40,64.77,99,0,30.11,101.71,311.00,1672.00,null,null,null
2023-09-13T02:23:07Z,24.38,64.79,99,0,29.49,101.71,306.00,1668.00,null,null,null
2023-09-13T02:24:07Z,24.40,64.73,99,0,30.34,101.71,312.00,1673.00,null,null,null
2023-09-13T02:25:07Z,24.34,64.76,99,0,29.83,101.72,316.00,1677.00,0,0,0
2023-09-13T02:26:07Z,24.38,64.77,99,0,29.99,101.72,312.00,1673.00,null,null,null
2023-09-13T02:27:07Z,24.38,64.74,99,0,30.13,101.72,316.00,1677.00,null,null,null
2023-09-13T02:28:07Z,24.38,64.78,99,0,30.20,101.72,316.00,1677.00,null,null,null
2023-09-13T02:29:07Z,24.35,64.73,99,0,33.12,101.72,316.00,1677.00,null,null,null
2023-09-13T02:30:07Z,24.34,64.71,99,0,29.36,101.72,325.00,1686.00,0,0,0
2023-09-13T02:31:07Z,24.35,64.79,99,0,30.01,101.72,325.00,1686.00,null,null,null
2023-09-13T02:32:07Z,24.40,64.79,99,0,29.43,101.72,321.00,1682.00,null,null,null
2023-09-13T02:33:07Z,24.37,64.72,99,0,31.41,101.72,325.00,1686.00,null,null,null
2023-09-13T02:34:07Z,24.37,64.78,99,0,30.43,101.73,334.00,1695.00,null,null,null
2023-09-13T02:35:07Z,24.34,64.78,99,0,30.93,101.73,325.00,1686.00,0,0,0
2023-09-13T02:36:07Z,24.37,64.85,99,0,30.80,101.73,330.00,1691.00,null,null,null
2023-09-13T02:37:07Z,24.40,64.80,99,0,30.24,101.73,330.00,1691.00,null,null,null
2023-09-13T02:38:07Z,24.37,64.86,99,0,29.64,101.73,330.00,1691.00,null,null,null
2023-09-13T02:39:07Z,24.40,64.85,99,0,30.02,101.73,334.00,1695.00,null,null,null
2023-09-13T02:40:07Z,24.40,64.86,99,0,30.36,101.73,334.00,1695.00,0,0,0
2023-09-13T02:41:07Z,24.37,64.89,99,0,29.86,101.73,330.00,1691.00,null,null,null
2023-09-13T02:42:07Z,24.37,64.89,99,0,29.05,101.73,338.00,1700.00,null,null,null
2023-09-13T02:43:07Z,24.34,64.88,99,0,28.60,101.73,338.00,1700.00,null,null,null
2023-09-13T02:44:07Z,24.35,64.92,99,0,29.69,101.73,338.00,1700.00,null,null,null
2023-09-13T02:45:07Z,24.34,64.96,99,0,31.16,101.73,338.00,1700.00,0,0,0
2023-09-13T02:46:07Z,24.37,64.97,99,0,30.20,101.74,344.00,1704.00,null,null,null
2023-09-13T02:47:07Z,24.37,64.89,99,0,32.71,101.73,344.00,1704.00,null,null,null
2023-09-13T02:48:07Z,24.38,64.89,99,0,29.94,101.73,338.00,1700.00,null,null,null
2023-09-13T02:49:07Z,24.34,64.93,99,0,29.41,101.73,349.00,1710.00,null,null,null
2023-09-13T02:50:07Z,24.35,64.97,99,0,30.50,101.73,349.00,1710.00,0,0,0
2023-09-13T02:51:07Z,24.35,64.99,99,0,30.93,101.73,344.00,1704.00,null,null,null
2023-09-13T02:52:07Z,24.38,64.89,99,0,33.52,101.74,349.00,1710.00,null,null,null
2023-09-13T02:53:07Z,24.37,64.90,99,0,30.39,101.74,354.00,1715.00,null,null,null
2023-09-13T02:54:07Z,24.37,64.93,99,0,29.94,101.73,354.00,1715.00,null,null,null
2023-09-13T02:55:07Z,24.32,65.01,99,0,29.77,101.73,349.00,1710.00,0,0,0
2023-09-13T02:56:07Z,24.34,65.01,99,0,30.52,101.73,354.00,1715.00,null,null,null
2023-09-13T02:57:07Z,24.35,65.01,99,0,30.31,101.73,359.00,1721.00,null,null,null
2023-09-13T02:58:07Z,24.37,65.01,99,0,29.54,101.73,364.00,1726.00,null,null,null
2023-09-13T02:59:07Z,24.35,65.01,99,0,30.60,101.73,364.00,1726.00,null,null,null
2023-09-13T03:00:07Z,24.32,64.98,99,0,30.23,101.73,364.00,1726.00,0,0,0
2023-09-13T03:01:07Z,24.37,64.92,99,0,29.33,101.73,364.00,1726.00,null,null,null
2023-09-13T03:02:07Z,24.37,64.92,99,0,29.48,101.73,371.00,1734.00,null,null,null
2023-09-13T03:03:07Z,24.35,64.93,99,0,30.04,101.73,371.00,1734.00,null,null,null
2023-09-13T03:04:07Z,24.34,65.00,99,0,29.49,101.73,371.00,1734.00,null,null,null
2023-09-13T03:05:07Z,24.32,65.04,99,0,30.41,101.73,371.00,1734.00,0,0,0
2023-09-13T03:06:07Z,24.35,65.03,99,0,31.46,101.73,376.00,1739.00,null,null,null
2023-09-13T03:07:07Z,24.35,64.99,99,0,34.31,101.73,376.00,1739.00,null,null,null
2023-09-13T03:08:07Z,24.34,65.03,99,0,31.00,101.73,376.00,1739.00,null,null,null
2023-09-13T03:09:07Z,24.34,65.02,99,0,29.67,101.73,376.00,1739.00,null,null,null
2023-09-13T03:10:07Z,24.35,65.09,99,0,30.75,101.72,382.00,1742.00,0,0,0
2023-09-13T03:11:07Z,24.35,65.05,99,0,29.76,101.73,382.00,1742.00,null,null,null
2023-09-13T03:12:07Z,24.34,64.95,99,0,29.50,101.72,382.00,1742.00,null,null,null
2023-09-13T03:13:07Z,24.32,64.94,99,0,29.73,101.72,382.00,1742.00,null,null,null
2023-09-13T03:14:07Z,24.35,65.01,99,0,30.61,101.72,382.00,1742.00,null,null,null
2023-09-13T03:15:07Z,24.31,65.05,99,0,31.12,101.72,382.00,1742.00,0,0,0
2023-09-13T03:16:07Z,24.32,65.02,99,0,32.38,101.72,382.00,1742.00,null,null,null
2023-09-13T03:17:07Z,24.35,65.07,99,0,29.69,101.72,390.00,1749.00,null,null,null
2023-09-13T03:18:07Z,24.32,65.05,99,0,30.09,101.72,382.00,1742.00,null,null,null
2023-09-13T03:19:07Z,24.32,65.02,99,0,29.50,101.72,390.00,1749.00,null,null,null
2023-09-13T03:20:07Z,24.32,65.03,99,0,31.95,101.73,382.00,1742.00,0,0,0
2023-09-13T03:21:07Z,24.35,65.04,99,0,29.56,101.73,390.00,1749.00,null,null,null
2023-09-13T03:22:07Z,24.34,65.01,99,0,31.54,101.73,382.00,1742.00,null,null,null
2023-09-13T03:23:07Z,24.34,65.05,99,0,30.07,101.73,395.00,1754.00,null,null,null
2023-09-13T03:24:07Z,24.32,65.03,99,0,30.46,101.73,390.00,1749.00,null,null,null
2023-09-13T03:25:07Z,24.31,65.06,99,0,30.70,101.73,395.00,1754.00,0,0,0
2023-09-13T03:26:07Z,24.31,65.06,99,0,29.11,101.74,395.00,1754.00,null,null,null
2023-09-13T03:27:07Z,24.34,65.01,99,0,29.65,101.73,395.00,1754.00,null,null,null
2023-09-13T03:28:07Z,24.32,65.03,99,0,29.94,101.73,395.00,1754.00,null,null,null
2023-09-13T03:29:07Z,24.30,65.06,99,0,30.50,101.73,395.00,1754.00,null,null,null
2023-09-13T03:30:07Z,24.31,65.09,99,0,31.25,101.73,400.00,1757.00,0,0,0
2023-09-13T03:31:07Z,24.31,65.10,99,0,31.45,101.73,400.00,1757.00,null,null,null
2023-09-13T03:32:07Z,24.34,65.06,99,0,30.47,101.73,395.00,1754.00,null,null,null
2023-09-13T03:33:07Z,24.35,65.01,99,0,29.33,101.73,400.00,1757.00,null,null,null
2023-09-13T03:34:07Z,24.31,65.04,99,0,29.25,101.73,400.00,1757.00,null,null,null
2023-09-13T03:35:07Z,24.31,65.08,99,0,29.96,101.73,405.00,1762.00,0,0,0
2023-09-13T03:36:07Z,24.30,65.10,99,0,29.79,101.73,405.00,1762.00,null,null,null
2023-09-13T03:37:07Z,24.32,65.05,99,0,30.41,101.73,405.00,1762.00,null,null,null
2023-09-13T03:38:07Z,24.32,65.02,99,0,30.79,101.73,405.00,1762.00,null,null,null
2023-09-13T03:39:07Z,24.31,65.07,99,0,30.70,101.73,405.00,1762.00,null,null,null
2023-09-13T03:40:07Z,24.28,65.09,99,0,33.29,101.73,405.00,1762.00,0,0,0
2023-09-13T03:41:07Z,24.32,65.14,99,0,29.84,101.73,405.00,1762.00,null,null,null
2023-09-13T03:42:07Z,24.31,65.06,99,0,29.95,101.73,414.00,1770.00,null,null,null
2023-09-13T03:43:07Z,24.32,65.09,99,0,29.77,101.73,420.00,1775.00,null,null,null
2023-09-13T03:44:07Z,24.30,65.11,99,0,29.42,101.72,414.00,1770.00,null,null,null
2023-09-13T03:45:07Z,24.28,65.15,99,0,29.96,101.73,414.00,1770.00,0,0,0
2023-09-13T03:46:07Z,24.31,65.14,99,0,30.02,101.72,414.00,1770.00,null,null,null
2023-09-13T03:47:07Z,24.34,65.08,99,0,30.40,101.73,425.00,1778.00,null,null,null
2023-09-13T03:48:07Z,24.31,65.13,99,0,30.62,101.73,425.00,1778.00,null,null,null
2023-09-13T03:49:07Z,24.30,65.17,99,0,30.68,101.73,425.00,1778.00,null,null,null
2023-09-13T03:50:07Z,24.32,65.16,99,0,30.56,101.72,432.00,1784.00,0,0,0
2023-09-13T03:51:07Z,24.28,65.13,99,0,30.87,101.73,425.00,1778.00,null,null,null
2023-09-13T03:52:07Z,24.31,65.17,99,0,31.35,101.73,432.00,1784.00,null,null,null
2023-09-13T03:53:07Z,24.30,65.13,99,0,32.47,101.73,432.00,1784.00,null,null,null
2023-09-13T03:54:07Z,24.28,65.11,99,0,29.58,101.72,432.00,1784.00,null,null,null
2023-09-13T03:55:07Z,24.27,65.17,99,0,30.60,101.73,438.00,1789.00,0,0,0
2023-09-13T03:56:07Z,24.30,65.15,99,0,31.31,101.73,432.00,1784.00,null,null,null
2023-09-13T03:57:07Z,24.31,65.10,99,0,30.87,101.73,438.00,1789.00,null,null,null
2023-09-13T03:58:07Z,24.31,65.11,99,0,30.85,101.73,438.00,1789.00,null,null,null
2023-09-13T03:59:07Z,24.27,65.13,99,0,29.55,101.72,438.00,1789.00,null,null,null
2023-09-13T04:00:07Z,24.28,65.20,99,0,29.91,101.73,445.00,1796.00,0,0,0
2023-09-13T04:01:07Z,24.28,65.21,99,0,30.26,101.73,445.00,1796.00,null,null,null
2023-09-13T04:02:07Z,24.28,65.12,99,0,30.09,101.72,445.00,1796.00,null,null,null
2023-09-13T04:03:07Z,24.28,65.15,99,0,30.22,101.73,445.00,1796.00,null,null,null
2023-09-13T04:04:07Z,24.31,65.16,99,0,29.26,101.73,451.00,1801.00,null,null,null
2023-09-13T04:05:07Z,24.28,65.22,99,0,30.12,101.73,445.00,1796.00,0,0,0
2023-09-13T04:06:07Z,24.27,65.19,99,0,29.61,101.73,451.00,1801.00,null,null,null
2023-09-13T04:07:07Z,24.30,65.16,99,0,29.67,101.73,451.00,1801.00,null,null,null
2023-09-13T04:08:07Z,24.27,65.21,99,0,32.73,101.73,460.00,1809.00,null,null,null
2023-09-13T04:09:07Z,24.30,65.23,99,0,30.12,101.74,460.00,1809.00,null,null,null
2023-09-13T04:10:07Z,24.28,65.21,99,0,32.64,101.74,460.00,1809.00,0,0,0
2023-09-13T04:11:07Z,24.30,65.26,99,0,30.58,101.74,460.00,1809.00,null,null,null
2023-09-13T04:12:07Z,24.30,65.13,99,0,31.69,101.74,456.00,1805.00,null,null,null
2023-09-13T04:13:07Z,24.28,65.10,99,0,32.28,101.74,467.00,1814.00,null,null,null
2023-09-13T04:14:07Z,24.28,65.26,99,0,30.42,101.74,467.00,1814.00,null,null,null
2023-09-13T04:15:07Z,24.27,65.31,99,0,31.37,101.74,461.00,1810.00,0,0,0
2023-09-13T04:16:07Z,24.27,65.36,99,0,33.41,101.75,461.00,1810.00,null,null,null
2023-09-13T04:17:07Z,24.30,65.31,99,0,30.60,101.75,469.00,1815.00,null,null,null
2023-09-13T04:18:07Z,24.28,65.29,99,0,29.69,101.75,469.00,1815.00,null,null,null
2023-09-13T04:19:07Z,24.25,65.30,99,0,30.45,101.76,469.00,1815.00,null,null,null
2023-09-13T04:20:07Z,24.25,65.30,99,0,30.14,101.75,469.00,1815.00,0,0,0
2023-09-13T04:21:07Z,24.28,65.34,99,0,30.48,101.76,477.00,1822.00,null,null,null
2023-09-13T04:22:07Z,24.28,65.23,99,0,30.25,101.75,477.00,1822.00,null,null,null
2023-09-13T04:23:07Z,24.28,65.28,99,0,30.27,101.76,488.00,1830.00,null,null,null
2023-09-13T04:24:07Z,24.25,65.29,99,0,30.32,101.77,483.00,1827.00,null,null,null
2023-09-13T04:25:07Z,24.25,65.29,99,0,30.65,101.76,477.00,1822.00,1,2,2
2023-09-13T04:26:07Z,24.25,65.31,99,0,30.71,101.76,483.00,1827.00,null,null,null
2023-09-13T04:27:07Z,24.28,65.30,99,0,31.35,101.77,483.00,1827.00,null,null,null
2023-09-13T04:28:07Z,24.25,65.24,99,0,30.74,101.77,483.00,1827.00,null,null,null
2023-09-13T04:29:07Z,24.28,65.31,99,0,30.64,101.77,494.00,1834.00,null,null,null
2023-09-13T04:30:07Z,24.25,65.28,99,0,30.42,101.77,483.00,1827.00,0,0,0
2023-09-13T04:31:07Z,24.25,65.35,99,0,30.19,101.76,483.00,1827.00,null,null,null
2023-09-13T04:32:07Z,24.25,65.22,99,0,29.72,101.77,483.00,1827.00,null,null,null
2023-09-13T04:33:07Z,24.25,65.19,99,0,33.12,101.77,494.00,1834.00,null,null,null
2023-09-13T04:34:07Z,24.24,65.21,99,0,30.25,101.77,494.00,1834.00,null,null,null
2023-09-13T04:35:07Z,24.21,65.19,99,0,33.34,101.77,504.00,1842.00,0,0,0
2023-09-13T04:36:07Z,24.27,65.24,99,0,31.22,101.76,545.00,1871.00,null,null,null
2023-09-13T04:37:07Z,24.25,65.18,99,0,31.12,101.76,504.00,1842.00,null,null,null
2023-09-13T04:38:07Z,24.28,65.19,99,0,30.98,101.76,504.00,1842.00,null,null,null
2023-09-13T04:39:07Z,24.24,65.21,99,0,29.76,101.76,513.00,1848.00,null,null,null
2023-09-13T04:40:07Z,24.25,65.25,99,0,30.95,101.76,555.00,1880.00,1,1,1
2023-09-13T04:41:07Z,24.24,65.26,99,0,32.24,101.77,499.00,1838.00,null,null,null
2023-09-13T04:42:07Z,24.24,65.21,99,0,31.08,101.77,559.00,1883.00,null,null,null
2023-09-13T04:43:07Z,24.24,65.26,99,0,30.06,101.77,567.00,1887.00,null,null,null
2023-09-13T04:44:07Z,24.23,65.27,99,0,32.64,101.77,568.00,1888.00,null,null,null
2023-09-13T04:45:07Z,24.24,65.23,99,0,32.51,101.77,559.00,1883.00,0,0,0
2023-09-13T04:46:07Z,24.24,65.26,99,0,30.68,101.77,567.00,1887.00,null,null,null
2023-09-13T04:47:07Z,24.25,65.28,99,0,29.01,101.77,568.00,1888.00,null,null,null
2023-09-13T04:48:07Z,24.25,65.27,99,0,32.00,101.77,514.00,1849.00,null,null,null
2023-09-13T04:49:07Z,24.25,65.27,99,0,31.03,101.78,514.00,1849.00,null,null,null
2023-09-13T04:50:07Z,24.19,65.25,99,0,31.54,101.78,514.00,1849.00,0,0,0
2023-09-13T04:51:07Z,24.23,65.32,99,0,33.56,101.78,575.00,1893.00,null,null,null
2023-09-13T04:52:07Z,24.23,65.27,99,0,30.90,101.78,568.00,1888.00,null,null,null
2023-09-13T04:53:07Z,24.23,65.26,99,0,29.84,101.78,575.00,1893.00,null,null,null
2023-09-13T04:54:07Z,24.21,65.25,99,0,32.25,101.78,568.00,1888.00,null,null,null
2023-09-13T04:55:07Z,24.21,65.28,99,0,31.46,101.78,575.00,1893.00,0,0,0
2023-09-13T04:56:07Z,24.20,65.27,99,0,32.03,101.79,575.00,1893.00,null,null,null
2023-09-13T04:57:07Z,24.24,65.25,99,0,33.82,101.78,588.00,1902.00,null,null,null
2023-09-13T04:58:07Z,24.24,65.29,99,0,31.12,101.78,588.00,1902.00,null,null,null
2023-09-13T04:59:07Z,24.21,65.30,99,0,30.86,101.79,575.00,1893.00,null,null,null
2023-09-13T05:00:07Z,24.21,65.29,99,0,29.04,101.79,588.00,1902.00,0,0,0
2023-09-13T05:01:07Z,24.20,65.30,99,0,31.58,101.79,588.00,1902.00,null,null,null
2023-09-13T05:02:07Z,24.21,65.23,99,0,30.53,101.80,575.00,1893.00,null,null,null
2023-09-13T05:03:07Z,24.21,65.27,99,0,33.19,101.80,594.00,1906.00,null,null,null
2023-09-13T05:04:07Z,24.19,65.27,99,0,32.75,101.80,588.00,1902.00,null,null,null
2023-09-13T05:05:07Z,24.20,65.31,99,0,30.80,101.80,588.00,1902.00,0,0,0
2023-09-13T05:06:07Z,24.21,65.30,99,0,30.29,101.80,575.00,1893.00,null,null,null
2023-09-13T05:07:07Z,24.25,65.33,99,0,31.35,101.80,588.00,1902.00,null,null,null
2023-09-13T05:08:07Z,24.20,65.33,99,0,30.61,101.80,532.00,1862.00,null,null,null
2023-09-13T05:09:07Z,24.20,65.28,99,0,29.86,101.80,588.00,1902.00,null,null,null
2023-09-13T05:10:07Z,24.21,65.31,99,0,38.66,101.80,575.00,1893.00,0,0,0
2023-09-13T05:11:07Z,24.24,65.29,99,0,30.27,101.80,588.00,1902.00,null,null,null
2023-09-13T05:12:07Z,24.20,65.21,99,0,30.34,101.81,588.00,1902.00,null,null,null
2023-09-13T05:13:07Z,24.24,65.25,99,0,31.03,101.80,581.00,1897.00,null,null,null
2023-09-13T05:14:07Z,24.21,65.17,99,0,47.74,101.81,588.00,1902.00,null,null,null
2023-09-13T05:15:07Z,24.20,65.24,99,0,31.57,101.80,581.00,1897.00,2,2,2
2023-09-13T05:16:07Z,24.19,65.26,99,0,31.52,101.81,594.00,1906.00,null,null,null
2023-09-13T05:17:07Z,24.25,65.23,99,0,31.41,101.81,588.00,1902.00,null,null,null
2023-09-13T05:18:07Z,24.21,65.22,99,0,30.91,101.81,526.00,1857.00,null,null,null
2023-09-13T05:19:07Z,24.17,65.18,99,0,34.36,101.81,581.00,1897.00,null,null,null
2023-09-13T05:20:07Z,24.21,65.14,99,0,30.88,101.81,581.00,1897.00,0,1,1
2023-09-13T05:21:07Z,24.19,65.21,99,0,37.86,101.81,581.00,1897.00,null,null,null
2023-09-13T05:22:07Z,24.24,65.20,99,0,29.65,101.81,581.00,1897.00,null,null,null
2023-09-13T05:23:07Z,24.17,65.14,99,0,31.12,101.81,573.00,1892.00,null,null,null
2023-09-13T05:24:07Z,24.20,65.14,99,0,38.00,101.81,581.00,1897.00,null,null,null
2023-09-13T05:25:07Z,24.19,65.20,99,0,44.96,101.81,573.00,1892.00,0,0,0
2023-09-13T05:26:07Z,24.19,65.17,99,0,32.95,101.81,573.00,1892.00,null,null,null
2023-09-13T05:27:07Z,24.19,65.12,99,0,29.89,101.81,567.00,1887.00,null,null,null
2023-09-13T05:28:07Z,24.17,65.17,99,0,31.21,101.82,594.00,1906.00,null,null,null
2023-09-13T05:29:07Z,24.16,65.18,99,0,31.84,101.82,581.00,1897.00,null,null,null
2023-09-13T05:30:07Z,24.17,65.15,99,0,31.70,101.83,573.00,1892.00,0,0,0
2023-09-13T05:31:07Z,24.17,65.14,99,0,30.59,101.82,573.00,1892.00,null,null,null
2023-09-13T05:32:07Z,24.17,65.10,99,0,37.21,101.82,573.00,1892.00,null,null,null
2023-09-13T05:33:07Z,24.16,65.17,99,0,37.26,101.82,581.00,1897.00,null,null,null
2023-09-13T05:34:07Z,24.16,65.13,99,0,31.16,101.82,573.00,1892.00,null,null,null
2023-09-13T05:35:07Z,24.16,65.14,99,0,32.79,101.82,581.00,1897.00,0,0,0
2023-09-13T05:36:07Z,24.14,65.15,99,0,29.70,101.83,567.00,1887.00,null,null,null
2023-09-13T05:37:07Z,24.16,65.09,99,0,31.24,101.83,573.00,1892.00,null,null,null
2023-09-13T05:38:07Z,24.19,65.14,99,0,31.64,101.82,581.00,1897.00,null,null,null
2023-09-13T05:39:07Z,24.14,65.10,99,0,31.45,101.82,573.00,1892.00,null,null,null
2023-09-13T05:40:07Z,24.16,65.07,99,0,34.59,101.83,427.00,1779.00,1,1,1
2023-09-13T05:41:07Z,24.16,65.10,99,0,31.23,101.82,369.00,1731.00,null,null,null
2023-09-13T05:42:07Z,24.16,65.09,99,0,31.72,101.83,377.00,1738.00,null,null,null
2023-09-13T05:43:07Z,24.14,65.07,99,0,30.61,101.83,374.00,1736.00,null,null,null
2023-09-13T05:44:07Z,24.16,65.10,99,0,33.59,101.83,374.00,1736.00,null,null,null
2023-09-13T05:45:07Z,24.17,65.10,99,0,30.03,101.83,374.00,1736.00,0,0,0
2023-09-13T05:46:07Z,24.17,65.09,99,0,31.33,101.83,374.00,1736.00,null,null,null
2023-09-13T05:47:07Z,24.16,65.06,99,0,31.90,101.83,374.00,1736.00,null,null,null
2023-09-13T05:48:07Z,24.16,65.03,99,0,30.88,101.84,374.00,1736.00,null,null,null
2023-09-13T05:49:07Z,24.13,65.05,99,0,30.50,101.84,369.00,1731.00,null,null,null
2023-09-13T05:50:07Z,24.11,65.10,99,0,32.61,101.83,369.00,1731.00,0,0,0
2023-09-13T05:51:07Z,24.13,65.13,99,0,30.14,101.84,369.00,1731.00,null,null,null
2023-09-13T05:52:07Z,24.14,64.99,99,0,30.79,101.84,369.00,1731.00,null,null,null
2023-09-13T05:53:07Z,24.14,65.05,99,0,36.65,101.84,369.00,1731.00,null,null,null
2023-09-13T05:54:07Z,24.13,65.07,99,0,31.70,101.84,364.00,1726.00,null,null,null
2023-09-13T05:55:07Z,24.11,65.11,99,0,30.26,101.84,369.00,1731.00,0,1,1
2023-09-13T05:56:07Z,24.11,65.09,99,0,31.38,101.85,369.00,1731.00,null,null,null
2023-09-13T05:57:07Z,24.13,65.07,99,0,30.23,101.85,369.00,1731.00,null,null,null
2023-09-13T05:58:07Z,24.11,65.03,99,0,30.78,101.85,364.00,1726.00,null,null,null
2023-09-13T05:59:07Z,24.10,65.12,99,0,30.53,101.85,364.00,1726.00,null,null,null
2023-09-13T06:00:07Z,24.11,65.09,99,0,31.66,101.86,364.00,1726.00,0,0,0
2023-09-13T06:01:07Z,24.11,65.09,99,0,30.02,101.85,369.00,1731.00,null,null,null
2023-09-13T06:02:07Z,24.11,65.05,99,0,32.54,101.85,364.00,1726.00,null,null,null
2023-09-13T06:03:07Z,24.11,65.08,99,0,37.91,101.85,364.00,1726.00,null,null,null
2023-09-13T06:04:07Z,24.09,65.11,99,0,33.23,101.85,364.00,1726.00,null,null,null
2023-09-13T06:05:07Z,24.13,65.12,99,0,29.72,101.85,364.00,1726.00,0,0,0
2023-09-13T06:06:07Z,24.11,65.14,99,0,29.20,101.85,361.00,1724.00,null,null,null
2023-09-13T06:07:07Z,24.13,65.06,99,0,31.48,101.85,364.00,1726.00,null,null,null
2023-09-13T06:08:07Z,24.10,65.13,99,0,29.67,101.85,361.00,1724.00,null,null,null
2023-09-13T06:09:07Z,24.10,65.18,99,0,30.85,101.86,361.00,1724.00,null,null,null
2023-09-13T06:10:07Z,24.10,65.23,99,0,32.24,101.86,364.00,1726.00,0,0,0
2023-09-13T06:11:07Z,24.10,65.19,99,0,36.16,101.86,364.00,1726.00,null,null,null
2023-09-13T06:12:07Z,24.11,65.24,99,0,31.56,101.86,361.00,1724.00,null,null,null
2023-09-13T06:13:07Z,24.13,65.23,99,0,30.94,101.86,361.00,1724.00,null,null,null
2023-09-13T06:14:07Z,24.07,65.24,99,0,36.41,101.86,361.00,1724.00,null,null,null
2023-09-13T06:15:07Z,24.09,65.26,99,0,32.85,101.86,356.00,1718.00,0,0,0
2023-09-13T06:16:07Z,24.11,65.27,99,0,31.60,101.86,357.00,1720.00,null,null,null
2023-09-13T06:17:07Z,24.13,65.26,99,0,30.69,101.86,357.00,1720.00,null,null,null
2023-09-13T06:18:07Z,24.07,65.22,99,0,32.83,101.86,357.00,1720.00,null,null,null
2023-09-13T06:19:07Z,24.09,65.27,99,0,32.66,101.86,357.00,1720.00,null,null,null
2023-09-13T06:20:07Z,24.07,65.30,99,0,31.11,101.85,360.00,1723.00,0,0,0
2023-09-13T06:21:07Z,24.10,65.26,99,0,29.56,101.85,352.00,1714.00,null,null,null
2023-09-13T06:22:07Z,24.10,65.26,99,0,36.20,101.85,360.00,1723.00,null,null,null
2023-09-13T06:23:07Z,24.10,65.25,99,0,30.97,101.85,357.00,1720.00,null,null,null
2023-09-13T06:24:07Z,24.09,65.26,99,0,30.62,101.85,357.00,1720.00,null,null,null
2023-09-13T06:25:07Z,24.10,65.27,99,0,31.58,101.85,357.00,1720.00,0,0,7
2023-09-13T06:26:07Z,24.09,65.26,99,0,30.99,101.85,357.00,1720.00,null,null,null
2023-09-13T06:27:07Z,24.10,65.23,99,0,32.47,101.86,357.00,1720.00,null,null,null
2023-09-13T06:28:07Z,24.10,65.22,99,0,47.69,101.86,364.00,1726.00,null,null,null
2023-09-13T06:29:07Z,24.10,65.21,99,0,30.25,101.86,361.00,1724.00,null,null,null
2023-09-13T06:30:07Z,24.10,65.27,99,0,32.61,101.86,361.00,1724.00,0,0,0
2023-09-13T06:31:07Z,24.10,65.35,99,0,34.79,101.86,352.00,1714.00,null,null,null
2023-09-13T06:32:07Z,24.11,65.36,99,0,29.97,101.86,352.00,1714.00,null,null,null
2023-09-13T06:33:07Z,24.10,65.46,99,0,31.59,101.86,352.00,1714.00,null,null,null
2023-09-13T06:34:07Z,24.13,65.48,99,0,31.12,101.87,352.00,1714.00,null,null,null
2023-09-13T06:35:07Z,24.07,65.48,99,0,32.53,101.86,349.00,1710.00,0,1,1
2023-09-13T06:36:07Z,24.06,65.46,99,0,33.91,101.86,349.00,1710.00,null,null,null
2023-09-13T06:37:07Z,24.10,65.45,99,0,31.25,101.87,349.00,1710.00,null,null,null
2023-09-13T06:38:07Z,24.10,65.42,99,0,38.69,101.86,346.00,1707.00,null,null,null
2023-09-13T06:39:07Z,24.09,65.43,99,0,31.38,101.87,346.00,1707.00,null,null,null
2023-09-13T06:40:07Z,24.09,65.48,99,0,31.73,101.87,340.00,1701.00,2,3,3
2023-09-13T06:41:07Z,24.10,65.48,99,0,33.24,101.87,336.00,1698.00,null,null,null
2023-09-13T06:42:07Z,24.11,65.41,99,0,32.97,101.87,334.00,1695.00,null,null,null
2023-09-13T06:43:07Z,24.11,65.32,99,0,31.17,101.87,334.00,1695.00,null,null,null
2023-09-13T06:44:07Z,24.11,65.37,99,0,35.05,101.87,331.00,1692.00,null,null,null
2023-09-13T06:45:07Z,24.07,65.34,99,0,31.97,101.87,326.00,1687.00,0,0,0
2023-09-13T06:46:07Z,24.09,65.33,99,0,33.05,101.87,323.00,1685.00,null,null,null
2023-09-13T06:47:07Z,24.09,65.27,99,0,32.41,101.87,323.00,1685.00,null,null,null
2023-09-13T06:48:07Z,24.09,65.23,99,0,30.41,101.87,319.00,1680.00,null,null,null
2023-09-13T06:49:07Z,24.09,65.18,99,0,32.06,101.88,320.00,1681.00,null,null,null
2023-09-13T06:50:07Z,24.10,65.13,99,0,33.51,101.88,316.00,1677.00,0,0,0
2023-09-13T06:51:07Z,24.10,65.09,99,0,31.18,101.88,307.00,1668.00,null,null,null
2023-09-13T06:52:07Z,24.11,65.02,99,0,33.06,101.88,307.00,1668.00,null,null,null
2023-09-13T06:53:07Z,24.10,64.91,99,0,30.67,101.88,302.00,1664.00,null,null,null
2023-09-13T06:54:07Z,24.11,65.02,99,0,34.17,101.88,324.00,1686.00,null,null,null
2023-09-13T06:55:07Z,24.07,64.89,99,0,31.51,101.88,313.00,1674.00,2,2,8
2023-09-13T06:56:07Z,24.09,64.88,99,0,34.33,101.89,316.00,1677.00,null,null,null
2023-09-13T06:57:07Z,24.11,64.65,99,0,33.56,101.89,307.00,1668.00,null,null,null
2023-09-13T06:58:07Z,24.10,64.65,99,0,32.14,101.89,307.00,1668.00,null,null,null
2023-09-13T06:59:07Z,24.10,64.73,99,0,34.77,101.89,304.00,1665.00,null,null,null
2023-09-13T07:00:07Z,24.09,64.80,99,0,32.99,101.90,296.00,1657.00,4,5,5
2023-09-13T07:01:07Z,24.11,64.61,99,0,34.00,101.90,292.00,1652.00,null,null,null
2023-09-13T07:02:07Z,24.10,64.60,99,0,31.07,101.90,292.00,1652.00,null,null,null
2023-09-13T07:03:07Z,24.09,64.54,99,0,31.92,101.90,286.00,1645.00,null,null,null
2023-09-13T07:04:07Z,24.10,64.49,99,0,30.53,101.90,286.00,1645.00,null,null,null
2023-09-13T07:05:07Z,24.09,64.47,99,0,32.43,101.90,280.00,1638.00,1,1,1
2023-09-13T07:06:07Z,24.09,64.46,99,0,36.95,101.90,280.00,1638.00,null,null,null
2023-09-13T07:07:07Z,24.10,64.54,99,0,31.70,101.90,274.00,1632.00,null,null,null
2023-09-13T07:08:07Z,24.09,64.29,99,0,33.05,101.91,271.00,1628.00,null,null,null
2023-09-13T07:09:07Z,24.07,64.31,99,0,32.26,101.90,271.00,1628.00,null,null,null
2023-09-13T07:10:07Z,24.04,64.35,99,0,34.26,101.91,271.00,1628.00,1,1,13
2023-09-13T07:11:07Z,24.09,64.15,99,0,30.42,101.90,267.00,1624.00,null,null,null
2023-09-13T07:12:07Z,24.09,64.16,99,0,39.84,101.91,269.00,1627.00,null,null,null
2023-09-13T07:13:07Z,24.07,64.32,99,0,35.65,101.90,266.00,1624.00,null,null,null
2023-09-13T07:14:07Z,24.09,64.20,99,0,31.51,101.91,261.00,1616.00,null,null,null
2023-09-13T07:15:07Z,24.09,63.99,99,0,43.99,101.90,261.00,1616.00,1,2,2
2023-09-13T07:16:07Z,24.10,63.95,99,0,30.43,101.91,257.00,1612.00,null,null,null
2023-09-13T07:17:07Z,24.07,63.78,99,0,31.24,101.91,257.00,1612.00,null,null,null
2023-09-13T07:18:07Z,24.10,63.66,99,0,34.31,101.91,254.00,1610.00,null,null,null
2023-09-13T07:19:07Z,24.11,64.22,99,0,30.94,101.90,253.00,1607.00,null,null,null
2023-09-13T07:20:07Z,24.06,64.12,99,0,33.32,101.90,249.00,1604.00,3,3,3
2023-09-13T07:21:07Z,24.07,63.92,99,0,32.73,101.91,242.00,1597.00,null,null,null
2023-09-13T07:22:07Z,24.07,63.85,99,0,32.52,101.91,242.00,1597.00,null,null,null
2023-09-13T07:23:07Z,24.10,63.89,99,0,32.97,101.91,240.00,1595.00,null,null,null
2023-09-13T07:24:07Z,24.06,63.84,99,0,30.49,101.91,240.00,1595.00,null,null,null
2023-09-13T07:25:07Z,24.09,63.72,99,1,29.98,101.91,236.00,1590.00,2,3,3
2023-09-13T07:26:07Z,24.10,63.88,99,1,31.07,101.91,236.00,1590.00,null,null,null
2023-09-13T07:27:07Z,24.06,63.81,99,1,31.88,101.91,233.00,1586.00,null,null,null
2023-09-13T07:28:07Z,24.07,62.33,99,2,31.38,101.91,230.00,1582.00,null,null,null
2023-09-13T07:29:07Z,24.06,61.19,99,2,32.23,101.91,225.00,1573.00,null,null,null
2023-09-13T07:30:07Z,24.04,61.59,99,2,30.26,101.91,224.00,1572.00,2,4,4
2023-09-13T07:31:07Z,24.03,61.68,99,1,38.54,101.90,214.00,1560.00,null,null,null
2023-09-13T07:32:07Z,24.04,62.11,99,1,30.22,101.91,207.00,1551.00,null,null,null
2023-09-13T07:33:07Z,24.03,62.23,99,1,35.68,101.90,203.00,1544.00,null,null,null
2023-09-13T07:34:07Z,24.04,62.17,99,1,29.37,101.90,201.00,1543.00,null,null,null
2023-09-13T07:35:07Z,24.04,62.10,99,0,29.79,101.90,196.00,1536.00,1,3,3
2023-09-13T07:36:07Z,24.06,62.10,99,1,33.67,101.90,195.00,1534.00,null,null,null
2023-09-13T07:37:07Z,24.06,62.05,99,1,31.86,101.90,193.00,1531.00,null,null,null
2023-09-13T07:38:07Z,24.04,61.90,99,1,32.53,101.90,187.00,1524.00,null,null,null
2023-09-13T07:39:07Z,24.04,61.75,99,1,32.40,101.90,185.00,1520.00,null,null,null
2023-09-13T07:40:07Z,24.01,61.84,99,1,33.33,101.90,185.00,1520.00,1,2,2
2023-09-13T07:41:07Z,24.03,62.00,99,1,39.13,101.91,185.00,1520.00,null,null,null
2023-09-13T07:42:07Z,24.03,62.44,99,1,36.68,101.90,193.00,1531.00,null,null,null
2023-09-13T07:43:07Z,24.01,61.65,99,1,33.78,101.90,187.00,1524.00,null,null,null
2023-09-13T07:44:07Z,24.00,60.84,99,1,47.57,101.90,187.00,1523.00,null,null,null
2023-09-13T07:45:07Z,24.03,60.41,99,1,36.49,101.91,184.00,1518.00,3,4,4
2023-09-13T07:46:07Z,23.99,60.35,99,0,41.35,101.90,181.00,1514.00,null,null,null
2023-09-13T07:47:07Z,23.99,60.32,99,1,45.69,101.90,177.00,1508.00,null,null,null
2023-09-13T07:48:07Z,23.99,60.02,99,1,38.04,101.90,172.00,1501.00,null,null,null
2023-09-13T07:49:07Z,23.94,60.24,99,1,34.91,101.91,170.00,1497.00,null,null,null
2023-09-13T07:50:07Z,23.93,59.95,99,1,36.32,101.91,166.00,1491.00,2,2,2
2023-09-13T07:51:07Z,23.90,59.84,99,1,34.02,101.91,158.00,1441.00,null,null,null
2023-09-13T07:52:07Z,23.89,60.02,99,1,35.36,101.91,155.00,1420.00,null,null,null
2023-09-13T07:53:07Z,23.87,59.96,99,1,45.77,101.90,151.00,1397.00,null,null,null
2023-09-13T07:54:07Z,23.90,59.81,99,1,34.43,101.91,146.00,1364.00,null,null,null
2023-09-13T07:55:07Z,23.82,59.88,99,1,35.05,101.91,143.00,1341.00,1,1,1
2023-09-13T07:56:07Z,23.83,59.75,99,1,39.27,101.91,139.00,1313.00,null,null,null
2023-09-13T07:57:07Z,23.82,59.70,99,1,34.12,101.91,134.00,1285.00,null,null,null
2023-09-13T07:58:07Z,23.80,59.77,99,1,41.18,101.91,132.00,1270.00,null,null,null
2023-09-13T07:59:07Z,23.77,59.68,99,1,34.08,101.90,126.00,1228.00,null,null,null
2023-09-13T08:00:07Z,23.74,59.67,99,0,33.36,101.91,123.00,1212.00,3,3,3
2023-09-13T08:01:07Z,23.74,59.82,99,1,39.73,101.91,123.00,1212.00,null,null,null
2023-09-13T08:02:07Z,23.73,59.57,99,0,35.70,101.91,130.00,1259.00,null,null,null
2023-09-13T08:03:07Z,23.70,59.74,99,1,33.98,101.91,130.00,1259.00,null,null,null
2023-09-13T08:04:07Z,23.68,59.68,99,0,33.31,101.91,130.00,1259.00,null,null,null
2023-09-13T08:05:07Z,23.66,59.74,99,1,37.31,101.91,126.00,1231.00,6,6,6
2023-09-13T08:06:07Z,23.66,59.68,99,1,37.86,101.91,122.00,1201.00,null,null,null
2023-09-13T08:07:07Z,23.68,59.54,99,1,37.02,101.91,122.00,1201.00,null,null,null
2023-09-13T08:08:07Z,23.63,59.41,99,0,52.01,101.91,120.00,1191.00,null,null,null
2023-09-13T08:09:07Z,23.61,59.39,99,1,35.77,101.92,116.00,1163.00,null,null,null
2023-09-13T08:10:07Z,23.59,59.48,99,1,41.71,101.92,114.00,1150.00,1,1,1
2023-09-13T08:11:07Z,23.56,59.44,99,1,50.39,101.92,107.00,1105.00,null,null,null
2023-09-13T08:12:07Z,23.59,59.37,99,1,39.27,101.92,107.00,1105.00,null,null,null
2023-09-13T08:13:07Z,23.56,59.32,99,1,36.54,101.93,104.00,1083.00,null,null,null
2023-09-13T08:14:07Z,23.56,59.43,99,0,36.67,101.92,102.00,1074.00,null,null,null
2023-09-13T08:15:07Z,23.51,59.62,99,1,37.63,101.93,100.00,1060.00,1,1,1
2023-09-13T08:16:07Z,23.51,59.53,99,1,38.93,101.92,99.00,1050.00,null,null,null
2023-09-13T08:17:07Z,23.51,59.47,99,1,33.09,101.93,96.00,1032.00,null,null,null
2023-09-13T08:18:07Z,23.49,59.36,99,1,33.75,101.93,93.00,1017.00,null,null,null
2023-09-13T08:19:07Z,23.46,59.23,99,2,34.57,101.94,92.00,1004.00,null,null,null
2023-09-13T08:20:07Z,23.45,59.18,99,1,34.52,101.95,90.00,997.00,2,3,19
2023-09-13T08:21:07Z,23.43,59.12,99,1,34.95,101.94,89.00,987.00,null,null,null
2023-09-13T08:22:07Z,23.42,59.19,99,1,36.14,101.94,87.00,975.00,null,null,null
2023-09-13T08:23:07Z,23.43,59.16,99,1,34.23,101.95,85.00,959.00,null,null,null
2023-09-13T08:24:07Z,23.39,58.95,99,0,35.88,101.95,83.00,951.00,null,null,null
2023-09-13T08:25:07Z,23.36,58.99,99,1,34.99,101.95,80.00,927.00,1,1,1
2023-09-13T08:26:07Z,23.36,59.11,99,1,34.87,101.96,78.00,918.00,null,null,null
2023-09-13T08:27:07Z,23.35,59.00,99,1,35.19,101.96,77.00,909.00,null,null,null
2023-09-13T08:28:07Z,23.35,59.29,99,1,35.87,101.95,76.00,905.00,null,null,null
2023-09-13T08:29:07Z,23.32,59.40,99,1,33.89,101.96,73.00,880.00,null,null,null
2023-09-13T08:30:07Z,23.29,59.29,99,1,38.28,101.96,72.00,874.00,7,9,9
2023-09-13T08:31:07Z,23.29,59.23,99,1,32.48,101.96,72.00,874.00,null,null,null
2023-09-13T08:32:07Z,23.29,59.29,99,1,33.63,101.96,72.00,877.00,null,null,null
2023-09-13T08:33:07Z,23.29,59.23,99,1,32.34,101.96,69.00,855.00,null,null,null
2023-09-13T08:34:07Z,23.28,59.21,99,1,39.14,101.96,69.00,857.00,null,null,null
2023-09-13T08:35:07Z,23.24,59.23,99,1,42.31,101.96,68.00,848.00,2,2,2
2023-09-13T08:36:07Z,23.26,59.21,99,1,36.01,101.95,78.00,918.00,null,null,null
2023-09-13T08:37:07Z,23.25,59.12,99,1,40.44,101.96,66.00,834.00,null,null,null
2023-09-13T08:38:07Z,23.24,59.29,99,1,32.18,101.96,66.00,834.00,null,null,null
2023-09-13T08:39:07Z,23.24,59.17,99,1,37.23,101.96,73.00,882.00,null,null,null
2023-09-13T08:40:07Z,23.24,59.23,99,2,36.85,101.96,74.00,891.00,1,1,1
2023-09-13T08:41:07Z,23.19,59.25,99,1,32.62,101.97,73.00,882.00,null,null,null
2023-09-13T08:42:07Z,23.21,59.18,99,1,34.18,101.96,70.00,863.00,null,null,null
2023-09-13T08:43:07Z,23.21,59.21,99,1,41.26,101.97,71.00,868.00,null,null,null
2023-09-13T08:44:07Z,23.21,59.37,99,1,33.00,101.97,71.00,868.00,null,null,null
2023-09-13T08:45:07Z,23.18,59.34,99,1,34.20,101.97,69.00,855.00,2,2,2
2023-09-13T08:46:07Z,23.18,59.31,99,1,42.31,101.97,68.00,848.00,null,null,null
2023-09-13T08:47:07Z,23.19,59.16,99,1,35.12,101.97,66.00,838.00,null,null,null
2023-09-13T08:48:07Z,23.19,59.08,99,1,33.52,101.98,66.00,838.00,null,null,null
2023-09-13T08:49:07Z,23.17,59.22,99,1,35.01,101.98,66.00,838.00,null,null,null
2023-09-13T08:50:07Z,23.18,59.01,99,1,32.69,101.98,66.00,838.00,1,1,1
2023-09-13T08:51:07Z,23.17,59.10,99,1,36.67,101.98,64.00,821.00,null,null,null
2023-09-13T08:52:07Z,23.18,58.92,99,1,31.87,101.98,64.00,821.00,null,null,null
2023-09-13T08:53:07Z,23.15,58.85,99,1,36.67,101.99,64.00,821.00,null,null,null
2023-09-13T08:54:07Z,23.17,58.90,99,1,31.21,101.98,63.00,817.00,null,null,null
2023-09-13T08:55:07Z,23.14,58.97,99,1,38.59,101.98,63.00,817.00,2,3,3
2023-09-13T08:56:07Z,23.15,58.99,99,1,33.34,101.99,61.00,802.00,null,null,null
2023-09-13T08:57:07Z,23.18,58.84,99,1,31.71,101.99,62.00,810.00,null,null,null
2023-09-13T08:58:07Z,23.15,58.82,99,2,35.22,101.99,61.00,802.00,null,null,null
2023-09-13T08:59:07Z,23.17,58.94,99,1,33.90,101.99,61.00,802.00,null,null,null
2023-09-13T09:00:07Z,23.14,59.06,99,1,38.02,101.99,59.00,793.00,0,0,0
2023-09-13T09:01:07Z,23.14,58.93,99,1,33.69,102.00,57.00,780.00,null,null,null
2023-09-13T09:02:07Z,23.15,58.87,99,1,36.89,101.99,59.00,793.00,null,null,null
2023-09-13T09:03:07Z,23.14,58.76,99,1,35.34,102.00,58.00,785.00,null,null,null
2023-09-13T09:04:07Z,23.14,58.75,99,1,32.57,102.00,57.00,780.00,null,null,null
2023-09-13T09:05:07Z,23.12,58.64,99,1,33.10,102.00,57.00,780.00,2,2,2
2023-09-13T09:06:07Z,23.14,58.82,99,1,35.08,102.00,57.00,780.00,null,null,null
2023-09-13T09:07:07Z,23.14,58.81,99,1,37.08,102.00,55.00,765.00,null,null,null
2023-09-13T09:08:07Z,23.17,58.78,99,1,38.47,101.99,55.00,765.00,null,null,null
2023-09-13T09:09:07Z,23.12,58.78,99,1,38.77,102.00,55.00,765.00,null,null,null
2023-09-13T09:10:07Z,23.12,58.77,99,1,40.53,102.00,54.00,759.00,2,3,3
2023-09-13T09:11:07Z,23.11,58.73,99,1,37.93,102.00,53.00,749.00,null,null,null
2023-09-13T09:12:07Z,23.12,58.76,99,1,36.81,102.00,54.00,757.00,null,null,null
2023-09-13T09:13:07Z,23.12,58.72,99,1,35.78,101.99,53.00,749.00,null,null,null
2023-09-13T09:14:07Z,23.12,58.58,99,2,48.54,102.00,52.00,746.00,null,null,null
2023-09-13T09:15:07Z,23.08,58.55,99,1,41.13,102.00,51.00,737.00,2,2,2
2023-09-13T09:16:07Z,23.08,58.56,99,2,32.82,102.00,50.00,732.00,null,null,null
2023-09-13T09:17:07Z,23.10,58.56,99,1,32.36,102.00,50.00,732.00,null,null,null
2023-09-13T09:18:07Z,23.11,58.50,99,2,38.57,102.00,48.00,719.00,null,null,null
2023-09-13T09:19:07Z,23.10,58.56,99,1,32.55,102.00,47.00,715.00,null,null,null
2023-09-13T09:20:07Z,23.07,58.46,99,1,34.49,102.00,47.00,715.00,2,2,2
2023-09-13T09:21:07Z,23.08,58.58,99,2,35.71,102.00,47.00,710.00,null,null,null
2023-09-13T09:22:07Z,23.10,58.55,99,1,32.29,102.00,47.00,710.00,null,null,null
2023-09-13T09:23:07Z,23.10,58.54,99,1,31.12,102.00,47.00,710.00,null,null,null
2023-09-13T09:24:07Z,23.07,58.58,99,2,36.21,102.00,46.00,702.00,null,null,null
2023-09-13T09:25:07Z,23.08,58.66,99,1,34.57,102.01,46.00,702.00,0,0,0
2023-09-13T09:26:07Z,23.08,58.78,99,1,35.09,102.00,46.00,702.00,null,null,null
2023-09-13T09:27:07Z,23.07,58.60,99,1,32.16,102.01,45.00,697.00,null,null,null
2023-09-13T09:28:07Z,23.07,58.42,99,1,46.44,102.01,46.00,702.00,null,null,null
2023-09-13T09:29:07Z,23.08,58.50,99,1,35.78,102.01,46.00,702.00,null,null,null
2023-09-13T09:30:07Z,23.05,58.44,99,1,37.13,102.01,45.00,697.00,1,1,1
2023-09-13T09:31:07Z,23.04,58.51,99,2,39.80,102.01,45.00,697.00,null,null,null
2023-09-13T09:32:07Z,23.08,58.45,99,2,37.18,102.01,43.00,688.00,null,null,null
2023-09-13T09:33:07Z,23.04,58.43,99,2,35.03,102.01,43.00,688.00,null,null,null
2023-09-13T09:34:07Z,23.05,58.57,99,2,35.21,102.01,42.00,678.00,null,null,null
2023-09-13T09:35:07Z,23.04,58.49,99,1,33.22,102.01,42.00,678.00,2,2,2
2023-09-13T09:36:07Z,23.08,58.44,99,2,38.24,102.01,42.00,678.00,null,null,null
2023-09-13T09:37:07Z,23.05,58.69,99,1,35.27,102.01,42.00,678.00,null,null,null
2023-09-13T09:38:07Z,23.05,58.62,99,1,32.00,102.01,43.00,683.00,null,null,null
2023-09-13T09:39:07Z,23.05,58.39,99,2,31.53,102.01,42.00,678.00,null,null,null
2023-09-13T09:40:07Z,23.04,58.37,99,1,43.12,102.01,42.00,678.00,1,1,1
2023-09-13T09:41:07Z,23.08,58.42,99,2,33.16,102.01,40.00,665.00,null,null,null
2023-09-13T09:42:07Z,23.07,58.29,99,1,33.52,102.02,41.00,671.00,null,null,null
2023-09-13T09:43:07Z,23.07,58.19,99,2,32.81,102.02,40.00,665.00,null,null,null
2023-09-13T09:44:07Z,23.05,58.10,99,1,32.08,102.02,41.00,672.00,null,null,null
2023-09-13T09:45:07Z,23.03,58.12,99,2,38.05,102.02,39.00,660.00,3,3,3
2023-09-13T09:46:07Z,23.03,58.28,99,1,36.42,102.02,38.00,653.00,null,null,null
2023-09-13T09:47:07Z,23.03,58.34,99,1,35.00,102.01,38.00,653.00,null,null,null
2023-09-13T09:48:07Z,23.03,58.25,99,1,34.81,102.02,38.00,653.00,null,null,null
2023-09-13T09:49:07Z,23.05,58.25,99,2,35.95,102.01,38.00,653.00,null,null,null
2023-09-13T09:50:07Z,23.03,58.25,99,1,34.91,102.02,38.00,653.00,1,1,1
2023-09-13T09:51:07Z,23.04,58.36,99,1,35.30,102.02,38.00,653.00,null,null,null
2023-09-13T09:52:07Z,23.05,58.05,99,1,35.29,102.02,37.00,646.00,null,null,null
2023-09-13T09:53:07Z,23.04,58.26,99,1,32.48,102.02,38.00,653.00,null,null,null
2023-09-13T09:54:07Z,23.03,58.22,99,1,33.21,102.01,36.00,641.00,null,null,null
2023-09-13T09:55:07Z,23.04,58.46,99,1,33.40,102.02,37.00,649.00,3,3,3
2023-09-13T09:56:07Z,23.05,58.39,99,1,39.23,102.02,37.00,646.00,null,null,null
2023-09-13T09:57:07Z,23.05,58.33,99,1,40.05,102.02,37.00,646.00,null,null,null
2023-09-13T09:58:07Z,23.07,58.15,99,2,35.11,102.01,37.00,646.00,null,null,null
2023-09-13T09:59:07Z,23.04,58.28,99,1,38.42,102.01,38.00,653.00,null,null,null
2023-09-13T10:00:07Z,23.04,58.20,99,1,34.62,102.01,36.00,641.00,0,0,0
2023-09-13T10:01:07Z,23.05,58.22,99,1,34.60,102.01,37.00,649.00,null,null,null
2023-09-13T10:02:07Z,23.04,58.09,99,1,36.04,102.01,37.00,649.00,null,null,null
2023-09-13T10:03:07Z,23.04,58.08,99,2,33.94,102.01,37.00,645.00,null,null,null
2023-09-13T10:04:07Z,23.04,58.06,99,1,33.55,102.01,37.00,645.00,null,null,null
2023-09-13T10:05:07Z,23.03,58.01,99,2,39.89,102.01,36.00,640.00,3,4,10
2023-09-13T10:06:07Z,23.05,58.05,99,1,39.73,102.01,36.00,640.00,null,null,null
2023-09-13T10:07:07Z,23.07,58.00,99,1,34.76,102.01,35.00,634.00,null,null,null
2023-09-13T10:08:07Z,23.05,58.10,99,1,38.07,102.01,35.00,634.00,null,null,null
2023-09-13T10:09:07Z,23.03,58.17,99,1,34.01,102.01,35.00,634.00,null,null,null
2023-09-13T10:10:07Z,23.01,58.30,99,2,33.85,102.01,36.00,640.00,5,14,25
2023-09-13T10:11:07Z,23.05,58.25,99,2,36.21,102.01,34.00,627.00,null,null,null
2023-09-13T10:12:07Z,23.04,58.15,99,2,33.41,102.01,35.00,633.00,null,null,null
2023-09-13T10:13:07Z,23.04,58.05,99,2,36.07,102.01,35.00,634.00,null,null,null
2023-09-13T10:14:07Z,23.05,58.04,99,2,37.75,102.01,35.00,631.00,null,null,null
2023-09-13T10:15:07Z,23.01,57.88,99,2,44.87,102.01,35.00,634.00,1,1,1
2023-09-13T10:16:07Z,23.04,57.85,99,2,33.86,102.01,35.00,631.00,null,null,null
2023-09-13T10:17:07Z,23.04,57.67,99,2,32.48,102.01,35.00,631.00,null,null,null
2023-09-13T10:18:07Z,23.03,57.81,99,2,33.05,102.00,36.00,638.00,null,null,null
2023-09-13T10:19:07Z,23.04,57.68,99,3,33.97,102.00,34.00,626.00,null,null,null
2023-09-13T10:20:07Z,23.04,57.61,99,3,37.93,102.01,35.00,633.00,1,1,1
2023-09-13T10:21:07Z,23.05,57.68,99,2,37.66,102.01,33.00,618.00,null,null,null
2023-09-13T10:22:07Z,23.04,57.67,99,3,35.68,102.01,33.00,618.00,null,null,null
2023-09-13T10:23:07Z,23.07,57.52,99,2,38.38,102.01,32.00,614.00,null,null,null
2023-09-13T10:24:07Z,23.01,57.73,99,2,35.54,102.01,32.00,614.00,null,null,null
2023-09-13T10:25:07Z,23.01,57.92,99,2,38.30,102.01,33.00,618.00,5,5,5
2023-09-13T10:26:07Z,23.04,58.14,99,2,35.99,102.01,32.00,612.00,null,null,null
2023-09-13T10:27:07Z,23.04,57.99,99,2,35.68,102.02,35.00,631.00,null,null,null
2023-09-13T10:28:07Z,23.04,58.05,99,2,35.67,102.01,35.00,631.00,null,null,null
2023-09-13T10:29:07Z,23.04,58.04,99,2,32.84,102.01,35.00,634.00,null,null,null
2023-09-13T10:30:07Z,23.01,58.05,99,2,35.10,102.01,35.00,634.00,8,10,10
2023-09-13T10:31:07Z,23.03,58.04,99,2,32.91,102.02,35.00,634.00,null,null,null
2023-09-13T10:32:07Z,23.07,57.86,99,2,40.48,102.01,36.00,640.00,null,null,null
2023-09-13T10:33:07Z,23.04,57.71,99,2,34.71,102.02,36.00,640.00,null,null,null
2023-09-13T10:34:07Z,23.04,57.82,99,2,32.26,102.02,36.00,641.00,null,null,null
2023-09-13T10:35:07Z,23.03,57.91,99,2,34.78,102.02,35.00,634.00,5,5,5
2023-09-13T10:36:07Z,23.04,57.81,99,2,44.60,102.02,35.00,631.00,null,null,null
2023-09-13T10:37:07Z,23.07,57.66,99,2,34.74,102.02,36.00,640.00,null,null,null
2023-09-13T10:38:07Z,23.05,57.65,99,2,36.13,102.02,36.00,641.00,null,null,null
2023-09-13T10:39:07Z,23.05,57.60,99,2,33.40,102.02,36.00,638.00,null,null,null
2023-09-13T10:40:07Z,23.04,57.70,99,2,35.20,102.02,36.00,638.00,3,4,4
2023-09-13T10:41:07Z,23.04,57.80,99,2,32.02,102.02,35.00,633.00,null,null,null
2023-09-13T10:42:07Z,23.05,57.69,99,2,33.58,102.02,35.00,631.00,null,null,null
2023-09-13T10:43:07Z,23.05,57.55,99,2,38.58,102.01,35.00,633.00,null,null,null
2023-09-13T10:44:07Z,23.04,57.71,99,2,32.99,102.02,34.00,626.00,null,null,null
2023-09-13T10:45:07Z,23.05,57.58,99,2,33.15,102.02,34.00,626.00,0,1,1
2023-09-13T10:46:07Z,23.05,57.67,99,2,41.92,102.01,34.00,626.00,null,null,null
2023-09-13T10:47:07Z,23.07,57.81,99,2,31.24,102.02,34.00,626.00,null,null,null
2023-09-13T10:48:07Z,23.04,57.55,99,3,32.36,102.02,34.00,626.00,null,null,null
2023-09-13T10:49:07Z,23.05,57.56,99,2,32.67,102.02,34.00,626.00,null,null,null
2023-09-13T10:50:07Z,23.04,57.71,99,3,32.94,102.02,34.00,626.00,2,2,2
2023-09-13T10:51:07Z,23.07,57.66,99,3,36.43,102.02,34.00,626.00,null,null,null
2023-09-13T10:52:07Z,23.10,57.60,99,3,31.97,102.02,34.00,626.00,null,null,null
2023-09-13T10:53:07Z,23.05,57.80,99,3,34.94,102.02,35.00,633.00,null,null,null
2023-09-13T10:54:07Z,23.07,57.81,99,3,31.84,102.02,35.00,631.00,null,null,null
2023-09-13T10:55:07Z,23.05,57.75,99,3,36.28,102.02,35.00,631.00,0,0,0
2023-09-13T10:56:07Z,23.07,57.77,99,3,33.31,102.02,35.00,631.00,null,null,null
2023-09-13T10:57:07Z,23.07,57.60,99,3,34.67,102.02,34.00,626.00,null,null,null
2023-09-13T10:58:07Z,23.07,57.60,99,2,43.98,102.02,35.00,633.00,null,null,null
2023-09-13T10:59:07Z,23.07,57.68,99,2,35.16,102.02,35.00,633.00,null,null,null
2023-09-13T11:00:07Z,23.05,57.51,99,2,35.46,102.02,34.00,626.00,0,0,0
2023-09-13T11:01:07Z,23.07,57.58,99,2,41.27,102.02,35.00,633.00,null,null,null
2023-09-13T11:02:07Z,23.08,57.45,99,2,38.37,102.02,34.00,626.00,null,null,null
2023-09-13T11:03:07Z,23.08,57.53,99,2,37.06,102.02,34.00,626.00,null,null,null
2023-09-13T11:04:07Z,23.08,57.30,99,2,39.36,102.03,32.00,614.00,null,null,null
2023-09-13T11:05:07Z,23.07,57.17,99,2,33.09,102.02,33.00,618.00,2,2,2
2023-09-13T11:06:07Z,23.07,57.27,99,2,32.43,102.02,33.00,620.00,null,null,null
2023-09-13T11:07:07Z,23.08,57.27,99,2,32.33,102.02,32.00,614.00,null,null,null
2023-09-13T11:08:07Z,23.08,57.42,99,2,32.03,102.02,30.00,603.00,null,null,null
2023-09-13T11:09:07Z,23.08,57.37,99,2,33.57,102.01,30.00,603.00,null,null,null
2023-09-13T11:10:07Z,23.07,57.32,99,2,39.30,102.01,30.00,603.00,5,5,5
2023-09-13T11:11:07Z,23.07,57.36,99,3,32.27,102.02,30.00,603.00,null,null,null
2023-09-13T11:12:07Z,23.08,57.40,99,2,33.17,102.01,30.00,603.00,null,null,null
2023-09-13T11:13:07Z,23.10,57.50,99,3,33.04,102.01,30.00,603.00,null,null,null
2023-09-13T11:14:07Z,23.07,57.45,99,2,39.59,102.02,30.00,603.00,null,null,null
2023-09-13T11:15:07Z,23.05,57.25,99,2,33.22,102.02,30.00,603.00,0,0,0
2023-09-13T11:16:07Z,23.10,57.36,99,1,33.16,102.02,28.00,589.00,null,null,null
2023-09-13T11:17:07Z,23.08,57.30,99,2,38.54,102.02,29.00,592.00,null,null,null
2023-09-13T11:18:07Z,23.08,57.45,99,1,36.94,102.02,29.00,592.00,null,null,null
2023-09-13T11:19:07Z,23.05,57.50,99,1,34.36,102.03,30.00,597.00,null,null,null
2023-09-13T11:20:07Z,23.08,57.55,99,1,30.97,102.03,29.00,592.00,2,2,2
2023-09-13T11:21:07Z,23.08,57.67,99,1,32.33,102.03,29.00,592.00,null,null,null
2023-09-13T11:22:07Z,23.08,57.57,99,2,34.39,102.04,30.00,603.00,null,null,null
2023-09-13T11:23:07Z,23.07,57.51,99,1,31.97,102.03,30.00,597.00,null,null,null
2023-09-13T11:24:07Z,23.10,57.50,99,1,31.67,102.03,30.00,597.00,null,null,null
2023-09-13T11:25:07Z,23.07,57.47,99,1,34.72,102.04,30.00,597.00,1,1,1
2023-09-13T11:26:07Z,23.10,57.57,99,1,34.71,102.04,30.00,597.00,null,null,null
2023-09-13T11:27:07Z,23.11,57.49,99,1,34.88,102.04,30.00,597.00,null,null,null
2023-09-13T11:28:07Z,23.10,57.48,99,1,36.33,102.04,30.00,597.00,null,null,null
2023-09-13T11:29:07Z,23.10,57.54,99,1,33.25,102.05,30.00,597.00,null,null,null
2023-09-13T11:30:07Z,23.10,57.42,99,1,42.25,102.04,30.00,597.00,0,0,0
2023-09-13T11:31:07Z,23.10,57.33,99,1,32.19,102.04,30.00,597.00,null,null,null
2023-09-13T11:32:07Z,23.08,57.23,99,1,33.96,102.04,29.00,592.00,null,null,null
2023-09-13T11:33:07Z,23.07,57.33,99,1,33.88,102.04,30.00,599.00,null,null,null
2023-09-13T11:34:07Z,23.08,57.24,99,1,33.73,102.05,29.00,592.00,null,null,null
2023-09-13T11:35:07Z,23.07,57.21,99,1,31.77,102.05,29.00,596.00,0,0,0
2023-09-13T11:36:07Z,23.07,57.16,99,1,32.58,102.05,29.00,596.00,null,null,null
2023-09-13T11:37:07Z,23.08,56.96,99,0,32.44,102.05,29.00,591.00,null,null,null
2023-09-13T11:38:07Z,23.07,57.02,99,0,34.19,102.05,29.00,591.00,null,null,null
2023-09-13T11:39:07Z,23.07,57.11,99,1,37.11,102.05,28.00,586.00,null,null,null
2023-09-13T11:40:07Z,23.07,57.18,99,1,35.56,102.06,28.00,586.00,1,3,3
2023-09-13T11:41:07Z,23.07,57.31,99,0,37.32,102.06,29.00,591.00,null,null,null
2023-09-13T11:42:07Z,23.07,57.22,99,1,32.26,102.06,28.00,584.00,null,null,null
2023-09-13T11:43:07Z,23.07,57.26,99,1,31.05,102.06,29.00,591.00,null,null,null
2023-09-13T11:44:07Z,23.05,57.25,99,1,37.10,102.06,28.00,584.00,null,null,null
2023-09-13T11:45:07Z,23.07,57.35,99,1,33.70,102.06,28.00,584.00,2,2,2
2023-09-13T11:46:07Z,23.05,57.25,99,1,33.36,102.06,27.00,578.00,null,null,null
2023-09-13T11:47:07Z,23.08,57.30,99,1,31.12,102.06,28.00,584.00,null,null,null
2023-09-13T11:48:07Z,23.07,57.44,99,1,34.02,102.06,28.00,584.00,null,null,null
2023-09-13T11:49:07Z,23.07,57.32,99,1,37.85,102.05,28.00,584.00,null,null,null
2023-09-13T11:50:07Z,23.05,57.44,99,1,45.83,102.06,28.00,584.00,3,3,3
2023-09-13T11:51:07Z,23.05,57.54,99,1,34.43,102.06,28.00,584.00,null,null,null
2023-09-13T11:52:07Z,23.08,57.44,99,1,35.97,102.06,28.00,584.00,null,null,null
2023-09-13T11:53:07Z,23.07,57.46,99,1,39.10,102.06,28.00,589.00,null,null,null
2023-09-13T11:54:07Z,23.07,57.30,99,1,34.62,102.06,28.00,589.00,null,null,null
2023-09-13T11:55:07Z,23.05,57.28,99,1,36.73,102.07,27.00,578.00,3,3,3
2023-09-13T11:56:07Z,23.07,57.28,99,1,32.62,102.06,27.00,578.00,null,null,null
2023-09-13T11:57:07Z,23.08,57.21,99,1,35.34,102.07,26.00,572.00,null,null,null
2023-09-13T11:58:07Z,23.04,57.21,99,1,34.69,102.07,26.00,572.00,null,null,null
2023-09-13T11:59:07Z,23.07,57.18,99,1,35.09,102.07,29.00,591.00,null,null,null
2023-09-13T12:00:07Z,23.05,57.44,99,1,40.09,102.07,29.00,591.00,1,1,1
2023-09-13T12:01:07Z,23.07,57.45,99,1,34.92,102.07,26.00,572.00,null,null,null
2023-09-13T12:02:07Z,23.05,57.28,99,1,34.85,102.07,28.00,584.00,null,null,null
2023-09-13T12:03:07Z,23.05,57.35,99,1,38.99,102.07,28.00,584.00,null,null,null
2023-09-13T12:04:07Z,23.04,57.25,99,0,36.40,102.08,28.00,584.00,null,null,null
2023-09-13T12:05:07Z,23.05,57.24,99,0,40.47,102.07,28.00,584.00,2,2,2
2023-09-13T12:06:07Z,23.07,57.23,99,1,33.78,102.07,27.00,578.00,null,null,null
2023-09-13T12:07:07Z,23.07,57.22,99,1,33.49,102.07,29.00,591.00,null,null,null
2023-09-13T12:08:07Z,23.04,57.21,99,1,50.29,102.07,29.00,591.00,null,null,null
2023-09-13T12:09:07Z,23.03,57.31,99,1,36.41,102.07,29.00,596.00,null,null,null
2023-09-13T12:10:07Z,23.03,57.48,99,1,40.15,102.07,28.00,589.00,0,0,0
2023-09-13T12:11:07Z,23.07,57.51,99,1,38.27,102.07,28.00,584.00,null,null,null
2023-09-13T12:12:07Z,23.07,57.31,99,1,38.29,102.08,29.00,592.00,null,null,null
2023-09-13T12:13:07Z,23.07,57.37,99,1,33.18,102.07,29.00,592.00,null,null,null
2023-09-13T12:14:07Z,23.04,57.34,99,1,32.64,102.07,28.00,589.00,null,null,null
2023-09-13T12:15:07Z,23.04,57.31,99,0,33.95,102.08,28.00,589.00,1,1,1
2023-09-13T12:16:07Z,23.07,57.36,99,1,31.62,102.07,28.00,584.00,null,null,null
2023-09-13T12:17:07Z,23.05,57.46,99,1,32.85,102.07,28.00,584.00,null,null,null
2023-09-13T12:18:07Z,23.07,57.87,99,1,32.60,102.08,28.00,589.00,null,null,null
2023-09-13T12:19:07Z,23.04,57.66,99,1,39.46,102.07,27.00,581.00,null,null,null
2023-09-13T12:20:07Z,23.05,57.71,99,0,32.51,102.08,28.00,584.00,3,3,3
2023-09-13T12:21:07Z,23.05,58.12,99,0,33.32,102.07,28.00,589.00,null,null,null
2023-09-13T12:22:07Z,23.07,58.09,99,1,38.22,102.08,28.00,586.00,null,null,null
2023-09-13T12:23:07Z,23.08,58.02,99,0,35.12,102.08,28.00,586.00,null,null,null
2023-09-13T12:24:07Z,23.07,58.18,99,0,40.46,102.07,28.00,586.00,null,null,null
2023-09-13T12:25:07Z,23.04,57.94,99,1,34.32,102.07,28.00,586.00,0,0,0
2023-09-13T12:26:07Z,23.07,57.59,99,1,33.39,102.08,28.00,586.00,null,null,null
2023-09-13T12:27:07Z,23.07,57.49,99,1,33.94,102.08,29.00,592.00,null,null,null
2023-09-13T12:28:07Z,23.10,57.46,99,1,34.85,102.07,29.00,592.00,null,null,null
2023-09-13T12:29:07Z,23.08,57.34,99,1,33.83,102.08,28.00,589.00,null,null,null
2023-09-13T12:30:07Z,23.08,57.34,99,0,32.79,102.08,28.00,589.00,1,1,1
2023-09-13T12:31:07Z,23.07,57.45,99,1,33.42,102.07,28.00,584.00,null,null,null
2023-09-13T12:32:07Z,23.08,57.47,99,1,35.86,102.07,28.00,584.00,null,null,null
2023-09-13T12:33:07Z,23.07,57.31,99,1,32.45,102.07,27.00,578.00,null,null,null
2023-09-13T12:34:07Z,23.08,57.31,99,1,32.61,102.07,27.00,578.00,null,null,null
2023-09-13T12:35:07Z,23.07,57.25,99,1,32.73,102.07,26.00,572.00,0,0,0
2023-09-13T12:36:07Z,23.07,57.40,99,1,34.51,102.06,26.00,572.00,null,null,null
2023-09-13T12:37:07Z,23.05,57.34,99,1,30.92,102.06,26.00,572.00,null,null,null
2023-09-13T12:38:07Z,23.07,57.45,99,1,39.21,102.07,26.00,572.00,null,null,null
2023-09-13T12:39:07Z,23.08,57.57,99,1,34.39,102.06,27.00,578.00,null,null,null
2023-09-13T12:40:07Z,23.07,57.68,99,1,32.89,102.06,27.00,578.00,2,8,8
2023-09-13T12:41:07Z,23.07,57.66,99,1,32.43,102.06,27.00,578.00,null,null,null
2023-09-13T12:42:07Z,23.07,57.80,99,1,33.04,102.06,27.00,578.00,null,null,null
2023-09-13T12:43:07Z,23.08,57.42,99,1,32.28,102.06,26.00,572.00,null,null,null
2023-09-13T12:44:07Z,23.08,57.31,99,0,32.61,102.06,26.00,572.00,null,null,null
2023-09-13T12:45:07Z,23.04,57.25,99,1,34.93,102.06,26.00,572.00,2,2,9
2023-09-13T12:46:07Z,23.08,57.31,99,1,33.31,102.06,27.00,578.00,null,null,null
2023-09-13T12:47:07Z,23.07,57.25,99,1,30.98,102.06,27.00,578.00,null,null,null
2023-09-13T12:48:07Z,23.07,57.23,99,1,37.39,102.06,27.00,578.00,null,null,null
2023-09-13T12:49:07Z,23.07,57.19,99,1,37.17,102.07,27.00,578.00,null,null,null
2023-09-13T12:50:07Z,23.05,57.34,99,1,42.27,102.07,28.00,586.00,2,2,2
2023-09-13T12:51:07Z,23.08,57.47,99,1,32.34,102.06,26.00,572.00,null,null,null
2023-09-13T12:52:07Z,23.05,57.14,99,1,32.32,102.07,27.00,578.00,null,null,null
2023-09-13T12:53:07Z,23.07,57.31,99,1,37.23,102.07,28.00,586.00,null,null,null
2023-09-13T12:54:07Z,23.08,57.05,99,1,37.15,102.07,27.00,578.00,null,null,null
2023-09-13T12:55:07Z,23.07,57.21,99,1,31.35,102.07,27.00,578.00,2,2,2
2023-09-13T12:56:07Z,23.07,57.23,99,0,35.53,102.06,26.00,575.00,null,null,null
2023-09-13T12:57:07Z,23.08,57.16,99,1,36.22,102.06,27.00,578.00,null,null,null
2023-09-13T12:58:07Z,23.07,57.15,99,1,34.16,102.06,32.00,614.00,null,null,null
2023-09-13T12:59:07Z,23.08,56.84,99,1,42.08,102.06,32.00,614.00,null,null,null
2023-09-13T13:00:07Z,23.05,56.89,99,1,49.03,102.06,32.00,614.00,0,4,4
2023-09-13T13:01:07Z,23.07,57.06,99,1,33.60,102.06,33.00,620.00,null,null,null
2023-09-13T13:02:07Z,23.07,57.11,99,1,32.85,102.06,32.00,614.00,null,null,null
2023-09-13T13:03:07Z,23.08,57.30,99,1,30.52,102.06,30.00,603.00,null,null,null
2023-09-13T13:04:07Z,23.07,57.42,99,1,32.21,102.06,32.00,614.00,null,null,null
2023-09-13T13:05:07Z,23.05,56.98,99,1,31.62,102.06,32.00,614.00,1,1,1
2023-09-13T13:06:07Z,23.07,56.93,99,1,31.62,102.06,33.00,620.00,null,null,null
2023-09-13T13:07:07Z,23.05,56.93,99,1,31.81,102.05,32.00,614.00,null,null,null
2023-09-13T13:08:07Z,23.08,56.79,99,1,31.82,102.06,30.00,603.00,null,null,null
2023-09-13T13:09:07Z,23.07,56.76,99,2,33.62,102.05,30.00,603.00,null,null,null
2023-09-13T13:10:07Z,23.03,56.70,99,1,31.64,102.05,30.00,603.00,0,0,0
2023-09-13T13:11:07Z,23.05,56.83,99,1,31.46,102.05,30.00,603.00,null,null,null
2023-09-13T13:12:07Z,23.05,56.99,99,1,32.03,102.05,30.00,599.00,null,null,null
2023-09-13T13:13:07Z,23.08,56.93,99,2,32.22,102.05,30.00,599.00,null,null,null
2023-09-13T13:14:07Z,23.05,57.09,99,1,34.07,102.05,29.00,592.00,null,null,null
2023-09-13T13:15:07Z,23.05,57.23,99,1,33.91,102.05,30.00,599.00,2,2,2
2023-09-13T13:16:07Z,23.08,57.17,99,1,32.33,102.06,30.00,599.00,null,null,null
2023-09-13T13:17:07Z,23.08,57.30,99,2,30.63,102.05,32.00,614.00,null,null,null
2023-09-13T13:18:07Z,23.08,57.30,99,2,31.11,102.06,32.00,614.00,null,null,null
2023-09-13T13:19:07Z,23.05,56.83,99,2,42.58,102.05,31.00,605.00,null,null,null
2023-09-13T13:20:07Z,23.07,56.90,99,2,31.48,102.06,30.00,603.00,1,1,1
2023-09-13T13:21:07Z,23.08,56.92,99,2,31.72,102.05,32.00,614.00,null,null,null
2023-09-13T13:22:07Z,23.05,57.02,99,3,31.26,102.05,30.00,603.00,null,null,null
2023-09-13T13:23:07Z,23.08,56.93,99,3,33.20,102.06,30.00,603.00,null,null,null
2023-09-13T13:24:07Z,23.08,56.88,99,9,32.90,102.06,32.00,614.00,null,null,null
2023-09-13T13:25:07Z,23.05,56.74,99,12,37.11,102.06,30.00,603.00,0,0,0
2023-09-13T13:26:07Z,23.08,56.72,99,6,34.36,102.06,32.00,611.00,null,null,null
2023-09-13T13:27:07Z,23.08,56.77,99,3,34.60,102.05,30.00,603.00,null,null,null
2023-09-13T13:28:07Z,23.08,56.62,99,4,34.73,102.05,29.00,592.00,null,null,null
2023-09-13T13:29:07Z,23.04,56.30,99,11,33.49,102.05,28.00,584.00,null,null,null
2023-09-13T13:30:07Z,23.05,56.35,99,11,37.59,102.05,27.00,580.00,1,1,1
2023-09-13T13:31:07Z,23.08,56.64,99,11,34.48,102.05,28.00,584.00,null,null,null
2023-09-13T13:32:07Z,23.05,56.57,99,7,33.44,102.04,28.00,584.00,null,null,null
2023-09-13T13:33:07Z,23.10,56.76,99,3,33.49,102.04,28.00,584.00,null,null,null
2023-09-13T13:34:07Z,23.10,56.92,99,3,37.19,102.04,28.00,589.00,null,null,null
2023-09-13T13:35:07Z,23.10,56.67,99,3,34.18,102.04,29.00,592.00,1,2,2
2023-09-13T13:36:07Z,23.10,56.57,99,2,30.84,102.04,28.00,584.00,null,null,null
2023-09-13T13:37:07Z,23.10,56.71,99,2,34.08,102.05,29.00,594.00,null,null,null
2023-09-13T13:38:07Z,23.10,56.81,99,2,33.81,102.04,28.00,584.00,null,null,null
2023-09-13T13:39:07Z,23.12,56.61,99,2,34.52,102.04,27.00,578.00,null,null,null
2023-09-13T13:40:07Z,23.07,56.59,99,3,33.42,102.04,29.00,594.00,2,3,3
2023-09-13T13:41:07Z,23.12,56.81,99,3,33.66,102.04,27.00,580.00,null,null,null
2023-09-13T13:42:07Z,23.14,56.92,99,4,34.40,102.04,28.00,589.00,null,null,null
2023-09-13T13:43:07Z,23.12,56.43,99,3,46.39,102.04,28.00,589.00,null,null,null
2023-09-13T13:44:07Z,23.11,56.84,99,3,36.63,102.04,29.00,594.00,null,null,null
2023-09-13T13:45:07Z,23.10,56.65,99,2,33.80,102.04,28.00,589.00,0,0,0
2023-09-13T13:46:07Z,23.11,56.70,99,3,37.02,102.04,29.00,594.00,null,null,null
2023-09-13T13:47:07Z,23.11,56.98,99,4,35.31,102.04,30.00,597.00,null,null,null
2023-09-13T13:48:07Z,23.12,57.01,99,2,36.05,102.04,30.00,603.00,null,null,null
2023-09-13T13:49:07Z,23.12,57.19,99,3,34.41,102.04,33.00,620.00,null,null,null
2023-09-13T13:50:07Z,23.10,56.99,99,3,32.29,102.04,32.00,614.00,3,3,3
2023-09-13T13:51:07Z,23.12,56.59,99,11,35.73,102.04,33.00,620.00,null,null,null
2023-09-13T13:52:07Z,23.15,56.76,99,4,34.90,102.04,32.00,611.00,null,null,null
2023-09-13T13:53:07Z,23.12,56.94,99,3,43.77,102.04,33.00,620.00,null,null,null
2023-09-13T13:54:07Z,23.14,56.67,99,3,35.98,102.05,33.00,620.00,null,null,null
2023-09-13T13:55:07Z,23.14,56.35,99,3,35.48,102.05,33.00,618.00,2,5,5
2023-09-13T13:56:07Z,23.12,56.30,99,2,37.96,102.04,32.00,611.00,null,null,null
2023-09-13T13:57:07Z,23.15,56.68,99,2,36.71,102.05,30.00,603.00,null,null,null
2023-09-13T13:58:07Z,23.14,56.45,99,2,36.44,102.04,33.00,618.00,null,null,null
2023-09-13T13:59:07Z,23.14,56.20,99,3,31.86,102.05,33.00,618.00,null,null,null
2023-09-13T14:00:07Z,23.12,56.25,99,9,35.18,102.04,32.00,614.00,1,1,1
2023-09-13T14:01:07Z,23.15,56.72,99,10,33.68,102.04,32.00,611.00,null,null,null
2023-09-13T14:02:07Z,23.14,56.68,99,8,36.30,102.04,32.00,611.00,null,null,null
2023-09-13T14:03:07Z,23.17,56.85,99,10,34.92,102.04,34.00,626.00,null,null,null
2023-09-13T14:04:07Z,23.12,56.92,99,11,36.80,102.04,34.00,626.00,null,null,null
2023-09-13T14:05:07Z,23.15,56.98,99,11,34.30,102.03,35.00,633.00,1,2,2
2023-09-13T14:06:07Z,23.17,56.98,99,11,33.36,102.04,35.00,633.00,null,null,null
2023-09-13T14:07:07Z,23.18,57.11,99,10,32.62,102.04,36.00,641.00,null,null,null
2023-09-13T14:08:07Z,23.17,57.40,99,9,37.60,102.04,38.00,653.00,null,null,null
2023-09-13T14:09:07Z,23.17,57.26,99,9,33.08,102.03,37.00,646.00,null,null,null
2023-09-13T14:10:07Z,23.18,57.15,99,10,39.28,102.03,37.00,646.00,0,3,3
2023-09-13T14:11:07Z,23.19,57.27,99,8,33.98,102.04,40.00,668.00,null,null,null
2023-09-13T14:12:07Z,23.19,57.41,99,10,34.00,102.04,40.00,668.00,null,null,null
2023-09-13T14:13:07Z,23.25,57.43,99,8,32.77,102.04,40.00,668.00,null,null,null
2023-09-13T14:14:07Z,23.19,57.43,99,8,35.13,102.04,34.00,626.00,null,null,null
2023-09-13T14:15:07Z,23.21,57.54,99,5,36.90,102.04,42.00,679.00,0,0,0
2023-09-13T14:16:07Z,23.24,57.30,99,12,34.49,102.04,43.00,688.00,null,null,null
2023-09-13T14:17:07Z,23.22,57.07,99,12,35.68,102.04,42.00,679.00,null,null,null
2023-09-13T14:18:07Z,23.25,57.22,99,11,32.95,102.04,45.00,697.00,null,null,null
2023-09-13T14:19:07Z,23.25,57.29,99,10,34.80,102.04,36.00,640.00,null,null,null
2023-09-13T14:20:07Z,23.22,57.50,99,9,34.59,102.04,36.00,640.00,3,3,3
2023-09-13T14:21:07Z,23.28,57.62,99,8,32.79,102.04,37.00,643.00,null,null,null
2023-09-13T14:22:07Z,23.25,57.64,99,7,33.41,102.04,38.00,653.00,null,null,null
2023-09-13T14:23:07Z,23.25,57.68,99,4,38.18,102.03,39.00,660.00,null,null,null
2023-09-13T14:24:07Z,23.28,57.73,99,2,32.24,102.03,41.00,674.00,null,null,null
2023-09-13T14:25:07Z,23.26,57.79,99,4,33.56,102.04,42.00,678.00,3,3,3
2023-09-13T14:26:07Z,23.28,57.71,99,2,36.32,102.03,41.00,671.00,null,null,null
2023-09-13T14:27:07Z,23.29,57.55,99,1,32.44,102.04,42.00,678.00,null,null,null
2023-09-13T14:28:07Z,23.31,57.61,99,1,38.26,102.03,44.00,694.00,null,null,null
2023-09-13T14:29:07Z,23.28,57.69,99,1,32.62,102.03,44.00,694.00,null,null,null
2023-09-13T14:30:07Z,23.29,57.69,99,1,31.16,102.03,46.00,706.00,0,0,0
2023-09-13T14:31:07Z,23.31,57.80,99,2,33.80,102.03,44.00,694.00,null,null,null
2023-09-13T14:32:07Z,23.31,57.81,99,1,31.56,102.03,47.00,710.00,null,null,null
2023-09-13T14:33:07Z,23.31,57.81,99,1,32.86,102.04,47.00,710.00,null,null,null
2023-09-13T14:34:07Z,23.34,57.82,99,1,35.53,102.03,48.00,717.00,null,null,null
2023-09-13T14:35:07Z,23.29,57.23,99,1,33.29,102.04,48.00,717.00,2,2,2
2023-09-13T14:36:07Z,23.32,57.52,99,1,30.40,102.04,51.00,737.00,null,null,null
2023-09-13T14:37:07Z,23.35,57.64,99,1,30.70,102.04,51.00,737.00,null,null,null
2023-09-13T14:38:07Z,23.35,57.68,99,1,32.37,102.04,51.00,737.00,null,null,null
2023-09-13T14:39:07Z,23.29,57.55,99,1,34.38,102.04,50.00,730.00,null,null,null
2023-09-13T14:40:07Z,23.32,57.75,99,0,36.25,102.04,51.00,737.00,1,1,1
2023-09-13T14:41:07Z,23.34,57.06,99,0,32.06,102.03,51.00,737.00,null,null,null
2023-09-13T14:42:07Z,23.35,57.04,99,1,32.22,102.04,52.00,746.00,null,null,null
2023-09-13T14:43:07Z,23.35,57.07,99,1,35.42,102.04,52.00,746.00,null,null,null
2023-09-13T14:44:07Z,23.32,57.23,99,1,32.86,102.04,52.00,746.00,null,null,null
2023-09-13T14:45:07Z,23.32,56.98,99,1,45.55,102.03,52.00,746.00,0,2,2
2023-09-13T14:46:07Z,23.34,57.17,99,1,32.00,102.03,52.00,746.00,null,null,null
2023-09-13T14:47:07Z,23.34,57.21,99,1,29.80,102.03,52.00,746.00,null,null,null
2023-09-13T14:48:07Z,23.34,57.30,99,1,35.19,102.03,53.00,754.00,null,null,null
2023-09-13T14:49:07Z,23.35,56.89,99,1,32.45,102.03,51.00,737.00,null,null,null
2023-09-13T14:50:07Z,23.35,56.94,99,1,35.95,102.03,51.00,737.00,0,0,0
2023-09-13T14:51:07Z,23.34,56.84,99,1,31.20,102.03,51.00,737.00,null,null,null
2023-09-13T14:52:07Z,23.35,57.11,99,1,32.48,102.03,51.00,737.00,null,null,null
2023-09-13T14:53:07Z,23.34,57.13,99,1,45.30,102.03,51.00,737.00,null,null,null
2023-09-13T14:54:07Z,23.36,57.28,99,1,37.97,102.02,52.00,746.00,null,null,null
2023-09-13T14:55:07Z,23.35,57.47,99,1,34.76,102.02,53.00,754.00,3,3,3
2023-09-13T14:56:07Z,23.36,57.47,99,1,31.92,102.02,55.00,763.00,null,null,null
2023-09-13T14:57:07Z,23.35,57.37,99,1,32.80,102.02,55.00,763.00,null,null,null
2023-09-13T14:58:07Z,23.34,57.34,99,1,31.84,102.02,57.00,776.00,null,null,null
2023-09-13T14:59:07Z,23.34,57.55,99,1,32.54,102.02,57.00,776.00,null,null,null
2023-09-13T15:00:07Z,23.35,56.80,99,1,33.16,102.02,57.00,776.00,4,4,4
2023-09-13T15:01:07Z,23.35,56.50,99,0,40.35,102.02,56.00,772.00,null,null,null
2023-09-13T15:02:07Z,23.35,56.38,99,0,36.27,102.02,56.00,770.00,null,null,null
2023-09-13T15:03:07Z,23.35,56.85,99,0,33.57,102.02,56.00,770.00,null,null,null
2023-09-13T15:04:07Z,23.35,56.98,99,0,39.07,102.02,55.00,763.00,null,null,null
2023-09-13T15:05:07Z,23.35,56.91,99,0,34.67,102.02,55.00,763.00,1,1,1
2023-09-13T15:06:07Z,23.36,57.25,99,0,39.64,102.02,55.00,763.00,null,null,null
2023-09-13T15:07:07Z,23.36,57.14,99,1,35.68,102.02,52.00,746.00,null,null,null
2023-09-13T15:08:07Z,23.36,56.77,99,1,41.04,102.02,52.00,746.00,null,null,null
2023-09-13T15:09:07Z,23.39,56.93,99,1,33.34,102.02,56.00,772.00,null,null,null
2023-09-13T15:10:07Z,23.35,57.21,99,1,41.07,102.02,58.00,785.00,2,2,13
2023-09-13T15:11:07Z,23.36,57.03,99,1,32.89,102.02,56.00,772.00,null,null,null
2023-09-13T15:12:07Z,23.38,57.14,99,1,40.14,102.02,58.00,785.00,null,null,null
2023-09-13T15:13:07Z,23.38,56.62,99,1,35.93,102.01,59.00,791.00,null,null,null
2023-09-13T15:14:07Z,23.35,56.69,99,1,33.57,102.01,57.00,778.00,null,null,null
2023-09-13T15:15:07Z,23.38,56.79,99,1,37.79,102.02,57.00,778.00,1,1,1
2023-09-13T15:16:07Z,23.38,56.87,99,1,38.32,102.01,55.00,763.00,null,null,null
2023-09-13T15:17:07Z,23.38,56.79,99,1,35.55,102.02,58.00,785.00,null,null,null
2023-09-13T15:18:07Z,23.38,56.98,99,1,38.42,102.02,58.00,785.00,null,null,null
2023-09-13T15:19:07Z,23.38,56.50,99,1,34.71,102.02,58.00,785.00,null,null,null
2023-09-13T15:20:07Z,23.38,56.73,99,1,35.08,102.02,59.00,793.00,8,8,8
2023-09-13T15:21:07Z,23.38,56.86,99,1,35.48,102.02,57.00,778.00,null,null,null
2023-09-13T15:22:07Z,23.36,57.04,99,1,33.34,102.02,59.00,791.00,null,null,null
2023-09-13T15:23:07Z,23.38,56.98,99,0,33.53,102.02,59.00,791.00,null,null,null
2023-09-13T15:24:07Z,23.41,57.03,99,0,34.84,102.03,58.00,785.00,null,null,null
2023-09-13T15:25:07Z,23.36,56.67,99,0,31.08,102.02,59.00,791.00,7,7,7
2023-09-13T15:26:07Z,23.39,56.61,99,0,40.03,102.03,57.00,778.00,null,null,null
2023-09-13T15:27:07Z,23.39,56.53,99,0,36.71,102.03,57.00,778.00,null,null,null
2023-09-13T15:28:07Z,23.39,56.52,99,0,41.88,102.03,57.00,778.00,null,null,null
2023-09-13T15:29:07Z,23.38,56.47,99,0,35.06,102.03,57.00,778.00,null,null,null
2023-09-13T15:30:07Z,23.41,56.51,99,1,35.09,102.03,57.00,778.00,5,6,6
2023-09-13T15:31:07Z,23.38,56.58,99,1,42.85,102.03,57.00,778.00,null,null,null
2023-09-13T15:32:07Z,23.38,56.86,99,1,36.20,102.02,57.00,778.00,null,null,null
2023-09-13T15:33:07Z,23.39,56.67,99,1,30.70,102.02,56.00,772.00,null,null,null
2023-09-13T15:34:07Z,23.38,56.53,99,1,34.52,102.03,59.00,793.00,null,null,null
2023-09-13T15:35:07Z,23.38,56.67,99,1,36.55,102.03,57.00,778.00,2,3,3
2023-09-13T15:36:07Z,23.38,56.77,99,1,31.37,102.02,57.00,778.00,null,null,null
2023-09-13T15:37:07Z,23.39,56.92,99,1,33.05,102.03,56.00,772.00,null,null,null
2023-09-13T15:38:07Z,23.39,56.70,99,1,31.19,102.03,58.00,785.00,null,null,null
2023-09-13T15:39:07Z,23.41,56.63,99,1,30.60,102.02,57.00,778.00,null,null,null
2023-09-13T15:40:07Z,23.36,56.51,99,1,32.36,102.02,56.00,770.00,2,2,2
2023-09-13T15:41:07Z,23.36,56.53,99,1,35.78,102.02,56.00,770.00,null,null,null
2023-09-13T15:42:07Z,23.39,56.48,99,1,33.31,102.02,54.00,761.00,null,null,null
2023-09-13T15:43:07Z,23.38,56.72,99,1,33.83,102.02,54.00,761.00,null,null,null
2023-09-13T15:44:07Z,23.39,56.92,99,1,34.38,102.02,56.00,770.00,null,null,null
2023-09-13T15:45:07Z,23.36,57.14,99,0,34.52,102.01,55.00,763.00,6,6,6
2023-09-13T15:46:07Z,23.38,57.10,99,0,32.67,102.01,56.00,772.00,null,null,null
2023-09-13T15:47:07Z,23.38,56.98,99,1,35.40,102.01,55.00,763.00,null,null,null
2023-09-13T15:48:07Z,23.42,56.91,99,1,32.36,102.01,55.00,763.00,null,null,null
2023-09-13T15:49:07Z,23.38,56.83,99,1,29.09,102.01,55.00,763.00,null,null,null
2023-09-13T15:50:07Z,23.39,56.82,99,1,33.48,102.01,53.00,754.00,4,5,5
2023-09-13T15:51:07Z,23.39,56.85,99,1,31.45,102.00,53.00,754.00,null,null,null
2023-09-13T15:52:07Z,23.41,56.87,99,1,37.94,102.00,53.00,754.00,null,null,null
2023-09-13T15:53:07Z,23.42,56.90,99,1,32.74,102.00,52.00,746.00,null,null,null
2023-09-13T15:54:07Z,23.39,57.02,99,1,32.10,102.00,53.00,754.00,null,null,null
2023-09-13T15:55:07Z,23.39,57.16,99,0,32.73,102.00,53.00,754.00,1,1,1
2023-09-13T15:56:07Z,23.39,57.17,99,1,40.21,102.00,53.00,754.00,null,null,null
2023-09-13T15:57:07Z,23.42,57.06,99,1,31.40,102.00,53.00,754.00,null,null,null
2023-09-13T15:58:07Z,23.39,56.63,99,1,32.14,102.00,53.00,754.00,null,null,null
2023-09-13T15:59:07Z,23.39,56.79,99,1,32.22,102.00,53.00,752.00,null,null,null
2023-09-13T16:00:07Z,23.39,56.82,99,0,34.01,102.01,51.00,737.00,6,9,9
2023-09-13T16:01:07Z,23.41,56.99,99,0,35.97,102.01,50.00,730.00,null,null,null
2023-09-13T16:02:07Z,23.41,57.04,99,0,34.04,102.01,51.00,737.00,null,null,null
2023-09-13T16:03:07Z,23.39,57.06,99,0,37.59,102.01,51.00,737.00,null,null,null
2023-09-13T16:04:07Z,23.39,57.07,99,0,35.02,102.01,51.00,737.00,null,null,null
2023-09-13T16:05:07Z,23.39,56.90,99,1,34.82,102.01,52.00,746.00,2,2,2
2023-09-13T16:06:07Z,23.41,56.76,99,1,34.43,102.01,52.00,746.00,null,null,null
2023-09-13T16:07:07Z,23.42,56.94,99,1,37.89,102.01,52.00,746.00,null,null,null
2023-09-13T16:08:07Z,23.42,57.00,99,1,36.33,102.01,53.00,754.00,null,null,null
2023-09-13T16:09:07Z,23.41,56.96,99,0,33.45,102.01,53.00,754.00,null,null,null
2023-09-13T16:10:07Z,23.41,56.67,99,0,34.35,102.01,53.00,754.00,7,7,7
2023-09-13T16:11:07Z,23.38,56.69,99,0,40.10,102.01,54.00,761.00,null,null,null
2023-09-13T16:12:07Z,23.41,56.75,99,1,36.65,102.01,54.00,761.00,null,null,null
2023-09-13T16:13:07Z,23.42,56.71,99,1,36.50,102.01,53.00,754.00,null,null,null
2023-09-13T16:14:07Z,23.39,56.67,99,1,30.70,102.01,54.00,761.00,null,null,null
2023-09-13T16:15:07Z,23.42,56.56,99,0,37.55,102.01,53.00,752.00,1,1,1
2023-09-13T16:16:07Z,23.42,56.44,99,1,38.79,102.01,52.00,744.00,null,null,null
2023-09-13T16:17:07Z,23.42,56.51,99,1,35.42,102.01,52.00,744.00,null,null,null
2023-09-13T16:18:07Z,23.42,56.58,99,1,38.82,102.01,51.00,735.00,null,null,null
2023-09-13T16:19:07Z,23.39,56.61,99,1,35.68,102.01,51.00,735.00,null,null,null
2023-09-13T16:20:07Z,23.41,56.54,99,1,33.87,102.01,51.00,735.00,5,5,5
2023-09-13T16:21:07Z,23.41,56.57,99,1,32.05,102.01,51.00,735.00,null,null,null
2023-09-13T16:22:07Z,23.39,56.41,99,1,36.09,102.01,51.00,735.00,null,null,null
2023-09-13T16:23:07Z,23.43,56.09,99,1,33.84,102.01,49.00,728.00,null,null,null
2023-09-13T16:24:07Z,23.42,56.30,99,1,36.47,102.01,50.00,733.00,null,null,null
2023-09-13T16:25:07Z,23.41,56.02,99,1,38.25,102.01,46.00,708.00,1,1,1
2023-09-13T16:26:07Z,23.41,56.13,99,1,31.59,102.01,48.00,717.00,null,null,null
2023-09-13T16:27:07Z,23.39,56.15,99,1,37.95,102.01,47.00,710.00,null,null,null
2023-09-13T16:28:07Z,23.39,56.15,99,0,30.46,102.01,47.00,710.00,null,null,null
2023-09-13T16:29:07Z,23.39,56.22,99,0,31.88,102.01,47.00,710.00,null,null,null
2023-09-13T16:30:07Z,23.38,56.38,99,0,33.10,102.01,47.00,710.00,5,7,14
2023-09-13T16:31:07Z,23.39,56.56,99,0,34.74,102.02,46.00,708.00,null,null,null
2023-09-13T16:32:07Z,23.41,56.51,99,0,32.21,102.02,46.00,708.00,null,null,null
2023-09-13T16:33:07Z,23.41,56.46,99,0,31.59,102.02,45.00,700.00,null,null,null
2023-09-13T16:34:07Z,23.41,56.04,99,0,36.36,102.02,44.00,692.00,null,null,null
2023-09-13T16:35:07Z,23.38,56.20,99,0,33.07,102.02,45.00,699.00,2,4,4
2023-09-13T16:36:07Z,23.41,56.04,99,0,31.47,102.01,46.00,702.00,null,null,null
2023-09-13T16:37:07Z,23.39,55.95,99,1,32.28,102.01,45.00,699.00,null,null,null
2023-09-13T16:38:07Z,23.41,55.89,99,1,33.55,102.01,43.00,686.00,null,null,null
2023-09-13T16:39:07Z,23.36,56.00,99,1,34.71,102.02,43.00,686.00,null,null,null
2023-09-13T16:40:07Z,23.38,56.35,99,1,40.47,102.01,43.00,686.00,3,3,3
2023-09-13T16:41:07Z,23.39,56.57,99,1,35.97,102.01,43.00,688.00,null,null,null
2023-09-13T16:42:07Z,23.38,56.61,99,1,37.17,102.01,43.00,688.00,null,null,null
2023-09-13T16:43:07Z,23.41,56.73,99,1,33.90,102.01,44.00,692.00,null,null,null
2023-09-13T16:44:07Z,23.39,56.84,99,1,32.98,102.01,44.00,692.00,null,null,null
2023-09-13T16:45:07Z,23.36,56.95,99,1,34.11,102.01,44.00,692.00,3,3,3
2023-09-13T16:46:07Z,23.38,56.95,99,1,41.69,102.01,44.00,694.00,null,null,null
2023-09-13T16:47:07Z,23.39,57.10,99,1,43.59,102.02,47.00,714.00,null,null,null
2023-09-13T16:48:07Z,23.41,57.03,99,1,33.72,102.02,48.00,717.00,null,null,null
2023-09-13T16:49:07Z,23.39,56.98,99,1,35.08,102.02,48.00,717.00,null,null,null
2023-09-13T16:50:07Z,23.39,56.86,99,0,37.67,102.02,48.00,717.00,6,6,6
2023-09-13T16:51:07Z,23.39,57.07,99,0,35.38,102.02,46.00,702.00,null,null,null
2023-09-13T16:52:07Z,23.39,57.09,99,0,34.71,102.02,50.00,730.00,null,null,null
2023-09-13T16:53:07Z,23.41,56.74,99,0,33.11,102.02,51.00,737.00,null,null,null
2023-09-13T16:54:07Z,23.41,56.59,99,0,37.60,102.02,52.00,744.00,null,null,null
2023-09-13T16:55:07Z,23.35,56.72,99,0,36.61,102.02,51.00,735.00,9,16,16
2023-09-13T16:56:07Z,23.39,56.76,99,0,35.32,102.02,51.00,735.00,null,null,null
2023-09-13T16:57:07Z,23.42,56.64,99,0,37.63,102.02,51.00,737.00,null,null,null
2023-09-13T16:58:07Z,23.41,56.72,99,0,36.05,102.02,52.00,744.00,null,null,null
2023-09-13T16:59:07Z,23.42,56.60,99,0,33.18,102.02,52.00,744.00,null,null,null
2023-09-13T17:00:07Z,23.39,56.72,99,0,41.30,102.02,53.00,752.00,12,13,13
2023-09-13T17:01:07Z,23.38,57.07,99,0,35.79,102.02,53.00,752.00,null,null,null
2023-09-13T17:02:07Z,23.39,57.14,99,0,36.37,102.02,53.00,754.00,null,null,null
2023-09-13T17:03:07Z,23.39,57.23,99,0,39.79,102.02,55.00,763.00,null,null,null
2023-09-13T17:04:07Z,23.39,57.08,99,0,35.87,102.02,55.00,763.00,null,null,null
2023-09-13T17:05:07Z,23.36,57.53,99,0,34.06,102.02,53.00,754.00,7,8,15
2023-09-13T17:06:07Z,23.42,57.68,99,0,42.76,102.03,55.00,763.00,null,null,null
2023-09-13T17:07:07Z,23.42,57.51,99,0,37.72,102.02,57.00,776.00,null,null,null
2023-09-13T17:08:07Z,23.41,57.52,99,0,38.02,102.02,57.00,776.00,null,null,null
2023-09-13T17:09:07Z,23.39,57.47,99,0,34.44,102.02,57.00,780.00,null,null,null
2023-09-13T17:10:07Z,23.39,57.61,99,0,38.06,102.03,57.00,780.00,10,12,12
2023-09-13T17:11:07Z,23.39,57.31,99,0,42.30,102.03,57.00,780.00,null,null,null
2023-09-13T17:12:07Z,23.43,57.13,99,0,35.01,102.03,57.00,776.00,null,null,null
2023-09-13T17:13:07Z,23.41,56.77,99,0,40.42,102.03,58.00,785.00,null,null,null
2023-09-13T17:14:07Z,23.38,56.74,99,0,34.77,102.03,55.00,763.00,null,null,null
2023-09-13T17:15:07Z,23.39,56.81,99,0,40.09,102.03,56.00,770.00,14,19,19
2023-09-13T17:16:07Z,23.42,56.66,99,0,36.76,102.03,55.00,763.00,null,null,null
2023-09-13T17:17:07Z,23.42,56.53,99,0,38.34,102.03,52.00,744.00,null,null,null
2023-09-13T17:18:07Z,23.41,56.41,99,0,38.30,102.03,52.00,744.00,null,null,null
2023-09-13T17:19:07Z,23.41,56.48,99,0,34.28,102.03,53.00,752.00,null,null,null
2023-09-13T17:20:07Z,23.41,56.39,99,0,41.50,102.02,52.00,744.00,10,14,14
2023-09-13T17:21:07Z,23.39,56.65,99,0,37.80,102.02,51.00,735.00,null,null,null
2023-09-13T17:22:07Z,23.41,56.97,99,0,43.08,102.03,52.00,744.00,null,null,null
2023-09-13T17:23:07Z,23.39,57.03,99,0,33.16,102.03,51.00,737.00,null,null,null
2023-09-13T17:24:07Z,23.39,57.13,99,0,35.19,102.03,51.00,737.00,null,null,null
2023-09-13T17:25:07Z,23.36,57.29,99,0,34.31,102.03,51.00,737.00,7,7,7
2023-09-13T17:26:07Z,23.38,57.35,99,0,37.36,102.03,50.00,730.00,null,null,null
2023-09-13T17:27:07Z,23.36,57.34,99,0,38.40,102.03,48.00,717.00,null,null,null
2023-09-13T17:28:07Z,23.38,57.34,99,0,34.09,102.03,48.00,717.00,null,null,null
2023-09-13T17:29:07Z,23.35,57.26,99,0,34.43,102.03,50.00,730.00,null,null,null
2023-09-13T17:30:07Z,23.35,57.25,99,0,36.28,102.03,51.00,737.00,12,24,24
2023-09-13T17:31:07Z,23.35,57.16,99,0,35.74,102.03,50.00,730.00,null,null,null
2023-09-13T17:32:07Z,23.35,57.04,99,0,35.61,102.03,51.00,737.00,null,null,null
2023-09-13T17:33:07Z,23.36,57.04,99,0,35.52,102.03,51.00,737.00,null,null,null
2023-09-13T17:34:07Z,23.32,56.97,99,0,36.31,102.03,51.00,737.00,null,null,null
2023-09-13T17:35:07Z,23.32,57.02,99,0,38.89,102.03,53.00,754.00,16,25,25
2023-09-13T17:36:07Z,23.32,57.02,99,0,37.25,102.03,51.00,737.00,null,null,null
2023-09-13T17:37:07Z,23.32,57.03,99,0,35.69,102.03,52.00,746.00,null,null,null
2023-09-13T17:38:07Z,23.32,57.01,99,0,41.18,102.03,53.00,754.00,null,null,null
2023-09-13T17:39:07Z,23.32,57.04,99,0,37.64,102.03,55.00,763.00,null,null,null
2023-09-13T17:40:07Z,23.31,57.17,99,0,41.97,102.03,55.00,763.00,14,21,33
2023-09-13T17:41:07Z,23.31,57.27,99,0,44.95,102.03,55.00,763.00,null,null,null
2023-09-13T17:42:07Z,23.31,57.29,99,0,36.79,102.04,57.00,776.00,null,null,null
2023-09-13T17:43:07Z,23.29,57.33,99,0,39.26,102.04,57.00,780.00,null,null,null
2023-09-13T17:44:07Z,23.32,57.32,99,0,34.59,102.04,57.00,780.00,null,null,null
2023-09-13T17:45:07Z,23.32,57.35,99,0,35.31,102.04,57.00,780.00,16,25,25
2023-09-13T17:46:07Z,23.31,57.30,99,0,34.35,102.04,57.00,776.00,null,null,null
2023-09-13T17:47:07Z,23.31,57.29,99,0,34.65,102.04,57.00,780.00,null,null,null
2023-09-13T17:48:07Z,23.32,57.30,99,0,34.73,102.04,57.00,776.00,null,null,null
2023-09-13T17:49:07Z,23.28,57.30,99,0,33.25,102.04,57.00,776.00,null,null,null
2023-09-13T17:50:07Z,23.26,57.27,99,0,35.12,102.04,57.00,776.00,12,16,16
2023-09-13T17:51:07Z,23.29,57.27,99,0,31.72,102.04,55.00,763.00,null,null,null
2023-09-13T17:52:07Z,23.28,57.22,99,0,34.63,102.04,55.00,763.00,null,null,null
2023-09-13T17:53:07Z,23.29,57.25,99,0,41.09,102.04,55.00,763.00,null,null,null
2023-09-13T17:54:07Z,23.28,57.28,99,0,34.06,102.03,53.00,754.00,null,null,null
2023-09-13T17:55:07Z,23.28,57.35,99,0,33.02,102.03,53.00,754.00,7,11,11
2023-09-13T17:56:07Z,23.28,57.41,99,0,45.36,102.03,53.00,754.00,null,null,null
2023-09-13T17:57:07Z,23.31,57.38,99,0,38.74,102.03,53.00,754.00,null,null,null
2023-09-13T17:58:07Z,23.28,57.46,99,0,33.95,102.04,53.00,754.00,null,null,null
2023-09-13T17:59:07Z,23.28,57.49,99,0,34.64,102.03,53.00,754.00,null,null,null
2023-09-13T18:00:07Z,23.29,57.62,99,0,31.55,102.03,53.00,754.00,11,18,18
2023-09-13T18:01:07Z,23.29,57.78,99,0,33.48,102.04,53.00,754.00,null,null,null
2023-09-13T18:02:07Z,23.29,57.81,99,0,35.09,102.03,53.00,754.00,null,null,null
2023-09-13T18:03:07Z,23.31,57.84,99,0,34.50,102.03,53.00,754.00,null,null,null
2023-09-13T18:04:07Z,23.28,57.87,99,0,32.05,102.04,53.00,754.00,null,null,null
2023-09-13T18:05:07Z,23.28,57.87,99,0,33.39,102.04,56.00,768.00,11,13,13
2023-09-13T18:06:07Z,23.31,57.96,99,0,31.10,102.04,56.00,768.00,null,null,null
2023-09-13T18:07:07Z,23.29,58.33,99,0,41.15,102.04,56.00,768.00,null,null,null
2023-09-13T18:08:07Z,23.28,58.35,99,0,36.34,102.04,55.00,763.00,null,null,null
2023-09-13T18:09:07Z,23.31,58.56,99,0,33.08,102.05,54.00,759.00,null,null,null
2023-09-13T18:10:07Z,23.29,59.56,99,0,34.15,102.05,56.00,772.00,11,17,17
2023-09-13T18:11:07Z,23.29,60.11,99,0,46.36,102.05,53.00,748.00,null,null,null
2023-09-13T18:12:07Z,23.34,60.02,99,0,44.22,102.05,54.00,757.00,null,null,null
2023-09-13T18:13:07Z,23.28,59.68,99,0,37.90,102.05,54.00,757.00,null,null,null
2023-09-13T18:14:07Z,23.29,59.68,99,0,33.90,102.05,55.00,765.00,null,null,null
2023-09-13T18:15:07Z,23.29,59.88,99,0,33.64,102.05,57.00,778.00,6,10,10
2023-09-13T18:16:07Z,23.29,59.56,99,0,35.54,102.05,53.00,748.00,null,null,null
2023-09-13T18:17:07Z,23.31,59.21,99,0,34.46,102.06,57.00,778.00,null,null,null
2023-09-13T18:18:07Z,23.29,59.13,99,0,34.90,102.06,58.00,787.00,null,null,null
2023-09-13T18:19:07Z,23.31,58.88,99,0,34.03,102.06,55.00,765.00,null,null,null
2023-09-13T18:20:07Z,23.29,58.81,99,0,34.40,102.07,58.00,787.00,6,7,7
2023-09-13T18:21:07Z,23.29,58.73,99,0,38.99,102.07,58.00,787.00,null,null,null
2023-09-13T18:22:07Z,23.32,58.58,99,0,37.81,102.07,58.00,787.00,null,null,null
2023-09-13T18:23:07Z,23.32,58.69,99,0,36.37,102.07,60.00,795.00,null,null,null
2023-09-13T18:24:07Z,23.31,58.73,99,0,36.23,102.07,61.00,804.00,null,null,null
2023-09-13T18:25:07Z,23.31,58.74,99,0,41.00,102.08,61.00,804.00,10,12,19
2023-09-13T18:26:07Z,23.31,58.71,99,0,41.71,102.08,60.00,795.00,null,null,null
2023-09-13T18:27:07Z,23.31,58.73,99,0,39.14,102.08,61.00,804.00,null,null,null
2023-09-13T18:28:07Z,23.32,58.73,99,0,36.56,102.08,60.00,795.00,null,null,null
2023-09-13T18:29:07Z,23.28,58.67,99,0,37.47,102.08,60.00,795.00,null,null,null
2023-09-13T18:30:07Z,23.26,58.76,99,0,39.29,102.09,60.00,795.00,8,11,11
2023-09-13T18:31:07Z,23.29,58.83,99,0,36.63,102.08,55.00,765.00,null,null,null
2023-09-13T18:32:07Z,23.29,58.89,99,0,30.33,102.08,56.00,774.00,null,null,null
2023-09-13T18:33:07Z,23.29,58.91,99,0,37.40,102.08,56.00,774.00,null,null,null
2023-09-13T18:34:07Z,23.26,58.89,99,0,35.36,102.08,58.00,787.00,null,null,null
2023-09-13T18:35:07Z,23.28,58.92,99,0,37.05,102.08,58.00,787.00,4,4,4
2023-09-13T18:36:07Z,23.29,58.87,99,0,38.30,102.08,56.00,774.00,null,null,null
2023-09-13T18:37:07Z,23.32,59.06,99,0,37.67,102.09,58.00,787.00,null,null,null
2023-09-13T18:38:07Z,23.29,59.12,99,0,40.59,102.09,60.00,798.00,null,null,null
2023-09-13T18:39:07Z,23.31,59.12,99,0,33.59,102.09,60.00,798.00,null,null,null
2023-09-13T18:40:07Z,23.29,59.10,99,0,33.37,102.09,60.00,798.00,5,7,7
2023-09-13T18:41:07Z,23.32,59.18,99,0,32.36,102.09,60.00,798.00,null,null,null
2023-09-13T18:42:07Z,23.32,59.16,99,0,38.88,102.09,61.00,806.00,null,null,null
2023-09-13T18:43:07Z,23.32,59.28,99,0,36.30,102.09,61.00,806.00,null,null,null
2023-09-13T18:44:07Z,23.34,59.12,99,0,36.11,102.09,57.00,778.00,null,null,null
2023-09-13T18:45:07Z,23.32,59.06,99,0,36.12,102.09,60.00,798.00,8,10,10
2023-09-13T18:46:07Z,23.34,59.09,99,0,35.04,102.09,60.00,798.00,null,null,null
2023-09-13T18:47:07Z,23.35,59.20,99,0,35.35,102.10,60.00,798.00,null,null,null
2023-09-13T18:48:07Z,23.34,59.26,99,0,40.80,102.10,60.00,798.00,null,null,null
2023-09-13T18:49:07Z,23.35,59.20,99,0,32.01,102.10,60.00,798.00,null,null,null
2023-09-13T18:50:07Z,23.35,59.28,99,0,38.48,102.10,61.00,806.00,10,12,12
2023-09-13T18:51:07Z,23.35,59.19,99,0,36.81,102.10,60.00,798.00,null,null,null
2023-09-13T18:52:07Z,23.35,59.19,99,0,40.93,102.10,60.00,798.00,null,null,null
2023-09-13T18:53:07Z,23.36,59.17,99,0,41.75,102.10,60.00,798.00,null,null,null
2023-09-13T18:54:07Z,23.34,59.52,99,0,54.14,102.10,60.00,798.00,null,null,null
2023-09-13T18:55:07Z,23.35,59.59,99,0,35.77,102.10,60.00,798.00,9,10,10
2023-09-13T18:56:07Z,23.35,59.48,99,0,36.49,102.10,62.00,808.00,null,null,null
2023-09-13T18:57:07Z,23.35,59.42,99,0,40.19,102.10,62.00,808.00,null,null,null
2023-09-13T18:58:07Z,23.34,59.48,99,0,43.76,102.10,62.00,808.00,null,null,null
2023-09-13T18:59:07Z,23.38,59.47,99,0,35.59,102.10,63.00,817.00,null,null,null
2023-09-13T19:00:07Z,23.35,59.53,99,0,34.96,102.09,63.00,817.00,6,9,9
2023-09-13T19:01:07Z,23.36,59.64,99,0,35.90,102.10,63.00,817.00,null,null,null
2023-09-13T19:02:07Z,23.36,59.60,99,0,34.41,102.10,63.00,817.00,null,null,null
2023-09-13T19:03:07Z,23.39,59.41,99,0,37.68,102.10,63.00,817.00,null,null,null
2023-09-13T19:04:07Z,23.35,59.62,99,0,38.18,102.10,63.00,817.00,null,null,null
2023-09-13T19:05:07Z,23.35,59.34,99,0,40.34,102.10,63.00,817.00,8,11,11
2023-09-13T19:06:07Z,23.35,59.38,99,0,35.02,102.09,63.00,817.00,null,null,null
2023-09-13T19:07:07Z,23.36,59.30,99,0,36.69,102.09,62.00,808.00,null,null,null
2023-09-13T19:08:07Z,23.36,59.28,99,0,36.60,102.09,60.00,798.00,null,null,null
2023-09-13T19:09:07Z,23.38,59.36,99,0,38.94,102.10,60.00,798.00,null,null,null
2023-09-13T19:10:07Z,23.36,59.52,99,0,53.62,102.10,60.00,798.00,22,27,27
2023-09-13T19:11:07Z,23.34,59.30,99,0,36.78,102.10,60.00,798.00,null,null,null
2023-09-13T19:12:07Z,23.38,59.34,99,0,35.98,102.10,60.00,798.00,null,null,null
2023-09-13T19:13:07Z,23.36,59.32,99,0,36.94,102.10,60.00,798.00,null,null,null
2023-09-13T19:14:07Z,23.36,59.50,99,0,34.05,102.10,62.00,808.00,null,null,null
2023-09-13T19:15:07Z,23.35,59.69,99,0,33.27,102.10,63.00,817.00,12,15,15
2023-09-13T19:16:07Z,23.34,59.52,99,0,40.01,102.10,63.00,817.00,null,null,null
2023-09-13T19:17:07Z,23.36,59.30,99,0,32.56,102.10,63.00,817.00,null,null,null
2023-09-13T19:18:07Z,23.35,59.39,99,0,32.26,102.11,63.00,817.00,null,null,null
2023-09-13T19:19:07Z,23.32,59.32,99,0,39.78,102.11,63.00,817.00,null,null,null
2023-09-13T19:20:07Z,23.35,59.39,99,0,33.17,102.11,62.00,808.00,5,5,5
2023-09-13T19:21:07Z,23.35,59.42,99,0,37.17,102.11,60.00,798.00,null,null,null
2023-09-13T19:22:07Z,23.36,59.39,99,0,32.94,102.11,62.00,808.00,null,null,null
2023-09-13T19:23:07Z,23.38,59.43,99,0,34.80,102.11,62.00,808.00,null,null,null
2023-09-13T19:24:07Z,23.34,59.36,99,0,34.99,102.12,62.00,808.00,null,null,null
2023-09-13T19:25:07Z,23.34,59.48,99,0,36.43,102.12,62.00,808.00,10,12,12
2023-09-13T19:26:07Z,23.32,59.52,99,0,34.61,102.12,62.00,808.00,null,null,null
2023-09-13T19:27:07Z,23.36,59.45,99,0,59.15,102.12,62.00,808.00,null,null,null
2023-09-13T19:28:07Z,23.34,59.47,99,0,43.40,102.12,62.00,808.00,null,null,null
2023-09-13T19:29:07Z,23.35,59.50,99,0,42.31,102.12,60.00,798.00,null,null,null
2023-09-13T19:30:07Z,23.35,59.49,99,0,34.13,102.12,60.00,798.00,8,8,15
2023-09-13T19:31:07Z,23.35,59.47,99,0,36.83,102.12,60.00,798.00,null,null,null
2023-09-13T19:32:07Z,23.36,59.47,99,0,32.96,102.12,60.00,798.00,null,null,null
2023-09-13T19:33:07Z,23.35,59.57,99,0,37.74,102.13,60.00,798.00,null,null,null
2023-09-13T19:34:07Z,23.35,59.44,99,0,35.97,102.13,60.00,798.00,null,null,null
2023-09-13T19:35:07Z,23.35,59.47,99,0,37.49,102.13,60.00,798.00,9,15,15
2023-09-13T19:36:07Z,23.34,59.53,99,0,36.49,102.13,58.00,787.00,null,null,null
2023-09-13T19:37:07Z,23.35,59.43,99,0,42.08,102.13,58.00,787.00,null,null,null
2023-09-13T19:38:07Z,23.35,59.47,99,0,32.11,102.13,58.00,787.00,null,null,null
2023-09-13T19:39:07Z,23.32,59.46,99,0,35.38,102.14,58.00,787.00,null,null,null
2023-09-13T19:40:07Z,23.32,59.52,99,0,35.91,102.14,58.00,787.00,8,10,10
2023-09-13T19:41:07Z,23.34,59.48,99,0,37.40,102.14,58.00,787.00,null,null,null
2023-09-13T19:42:07Z,23.35,59.44,99,0,36.12,102.14,57.00,778.00,null,null,null
2023-09-13T19:43:07Z,23.31,59.50,99,0,34.43,102.14,57.00,778.00,null,null,null
2023-09-13T19:44:07Z,23.29,59.54,99,0,36.52,102.14,58.00,787.00,null,null,null
2023-09-13T19:45:07Z,23.32,59.45,99,0,33.40,102.14,57.00,778.00,10,13,20
2023-09-13T19:46:07Z,23.31,59.50,99,0,33.72,102.14,55.00,765.00,null,null,null
2023-09-13T19:47:07Z,23.35,59.42,99,0,31.77,102.14,55.00,765.00,null,null,null
2023-09-13T19:48:07Z,23.34,59.47,99,0,36.34,102.14,55.00,765.00,null,null,null
2023-09-13T19:49:07Z,23.29,59.53,99,0,31.64,102.14,55.00,765.00,null,null,null
2023-09-13T19:50:07Z,23.31,59.49,99,0,36.15,102.13,54.00,757.00,10,16,16
2023-09-13T19:51:07Z,23.31,59.81,99,0,34.40,102.14,55.00,765.00,null,null,null
2023-09-13T19:52:07Z,23.31,60.01,99,0,36.75,102.14,56.00,770.00,null,null,null
2023-09-13T19:53:07Z,23.31,60.05,99,0,35.63,102.14,57.00,778.00,null,null,null
2023-09-13T19:54:07Z,23.34,60.07,99,0,33.82,102.14,57.00,778.00,null,null,null
2023-09-13T19:55:07Z,23.29,60.18,99,0,48.60,102.14,60.00,800.00,12,14,14
2023-09-13T19:56:07Z,23.29,60.17,99,0,36.88,102.14,60.00,800.00,null,null,null
2023-09-13T19:57:07Z,23.34,60.15,99,0,35.61,102.15,60.00,800.00,null,null,null
2023-09-13T19:58:07Z,23.32,60.11,99,0,35.33,102.14,62.00,808.00,null,null,null
2023-09-13T19:59:07Z,23.29,60.17,99,0,33.74,102.14,62.00,808.00,null,null,null
2023-09-13T20:00:07Z,23.29,60.19,99,0,30.66,102.14,63.00,815.00,6,7,7
2023-09-13T20:01:07Z,23.32,60.21,99,0,31.02,102.14,63.00,815.00,null,null,null
2023-09-13T20:02:07Z,23.34,60.16,99,0,31.74,102.14,63.00,815.00,null,null,null
2023-09-13T20:03:07Z,23.32,60.12,99,0,33.01,102.14,64.00,825.00,null,null,null
2023-09-13T20:04:07Z,23.31,60.08,99,0,31.31,102.14,66.00,836.00,null,null,null
2023-09-13T20:05:07Z,23.34,60.03,99,0,32.16,102.15,66.00,836.00,7,9,24
2023-09-13T20:06:07Z,23.31,60.08,99,0,33.90,102.14,66.00,836.00,null,null,null
2023-09-13T20:07:07Z,23.32,60.04,99,0,31.26,102.14,67.00,846.00,null,null,null
2023-09-13T20:08:07Z,23.31,60.03,99,0,35.11,102.15,66.00,836.00,null,null,null
2023-09-13T20:09:07Z,23.31,60.06,99,0,37.71,102.14,67.00,846.00,null,null,null
2023-09-13T20:10:07Z,23.34,60.15,99,0,33.87,102.14,67.00,846.00,6,8,27
2023-09-13T20:11:07Z,23.34,60.20,99,0,36.01,102.14,66.00,836.00,null,null,null
2023-09-13T20:12:07Z,23.29,60.30,99,0,39.14,102.14,69.00,855.00,null,null,null
2023-09-13T20:13:07Z,23.32,60.35,99,0,31.90,102.14,66.00,838.00,null,null,null
2023-09-13T20:14:07Z,23.29,60.36,99,0,33.51,102.15,69.00,857.00,null,null,null
2023-09-13T20:15:07Z,23.31,60.39,99,0,41.43,102.15,69.00,857.00,6,6,6
2023-09-13T20:16:07Z,23.32,60.41,99,0,31.95,102.15,69.00,857.00,null,null,null
2023-09-13T20:17:07Z,23.31,60.39,99,0,35.52,102.15,69.00,857.00,null,null,null
2023-09-13T20:18:07Z,23.34,60.36,99,0,33.59,102.14,71.00,872.00,null,null,null
2023-09-13T20:19:07Z,23.32,60.38,99,0,35.16,102.14,71.00,872.00,null,null,null
2023-09-13T20:20:07Z,23.29,60.43,99,0,41.40,102.14,71.00,872.00,12,16,16
2023-09-13T20:21:07Z,23.34,60.51,99,0,36.68,102.15,73.00,880.00,null,null,null
2023-09-13T20:22:07Z,23.34,60.49,99,0,35.26,102.14,71.00,872.00,null,null,null
2023-09-13T20:23:07Z,23.31,60.46,99,0,37.08,102.14,73.00,880.00,null,null,null
2023-09-13T20:24:07Z,23.29,60.51,99,0,33.73,102.15,71.00,872.00,null,null,null
2023-09-13T20:25:07Z,23.31,60.49,99,0,41.77,102.15,71.00,872.00,3,3,3
2023-09-13T20:26:07Z,23.29,60.53,99,0,30.99,102.15,73.00,880.00,null,null,null
2023-09-13T20:27:07Z,23.31,60.41,99,0,34.70,102.15,74.00,889.00,null,null,null
2023-09-13T20:28:07Z,23.31,60.45,99,33,32.43,102.14,74.00,889.00,null,null,null
2023-09-13T20:29:07Z,23.29,60.60,99,35,32.52,102.14,74.00,889.00,null,null,null
2023-09-13T20:30:07Z,23.31,60.65,99,34,40.81,102.13,74.00,889.00,4,4,4
2023-09-13T20:31:07Z,23.32,60.83,99,34,35.77,102.12,76.00,900.00,null,null,null
2023-09-13T20:32:07Z,23.31,61.20,99,32,32.42,102.11,76.00,902.00,null,null,null
2023-09-13T20:33:07Z,23.34,61.31,99,32,37.03,102.10,76.00,902.00,null,null,null
2023-09-13T20:34:07Z,23.35,61.50,99,32,44.07,102.10,76.00,902.00,null,null,null
2023-09-13T20:35:07Z,23.32,61.57,99,31,36.74,102.10,74.00,891.00,8,13,13
2023-09-13T20:36:07Z,23.32,61.53,99,31,35.93,102.10,76.00,902.00,null,null,null
2023-09-13T20:37:07Z,23.34,61.27,99,31,31.78,102.09,76.00,902.00,null,null,null
2023-09-13T20:38:07Z,23.32,61.29,99,31,31.47,102.09,76.00,902.00,null,null,null
2023-09-13T20:39:07Z,23.32,61.18,99,31,31.48,102.09,78.00,913.00,null,null,null
2023-09-13T20:40:07Z,23.32,61.14,99,30,36.19,102.09,78.00,913.00,8,11,27
2023-09-13T20:41:07Z,23.32,61.07,99,30,33.67,102.08,78.00,913.00,null,null,null
2023-09-13T20:42:07Z,23.32,60.99,99,30,34.53,102.08,79.00,923.00,null,null,null
2023-09-13T20:43:07Z,23.34,60.97,99,30,31.10,102.08,78.00,913.00,null,null,null
2023-09-13T20:44:07Z,23.34,60.96,99,30,35.71,102.08,76.00,902.00,null,null,null
2023-09-13T20:45:07Z,23.31,60.93,99,30,32.80,102.08,78.00,913.00,7,9,9
2023-09-13T20:46:07Z,23.34,60.93,99,30,38.32,102.08,78.00,913.00,null,null,null
2023-09-13T20:47:07Z,23.34,60.88,99,30,36.11,102.08,76.00,902.00,null,null,null
2023-09-13T20:48:07Z,23.29,60.86,99,30,39.78,102.09,76.00,902.00,null,null,null
2023-09-13T20:49:07Z,23.32,60.80,99,30,32.90,102.08,78.00,913.00,null,null,null
2023-09-13T20:50:07Z,23.28,60.84,99,30,36.72,102.09,81.00,933.00,8,9,9
2023-09-13T20:51:07Z,23.35,60.82,99,30,35.13,102.09,79.00,923.00,null,null,null
2023-09-13T20:52:07Z,23.34,60.75,99,30,34.01,102.09,81.00,933.00,null,null,null
2023-09-13T20:53:07Z,23.31,60.83,99,30,33.22,102.09,81.00,933.00,null,null,null
2023-09-13T20:54:07Z,23.32,60.82,99,30,39.57,102.09,81.00,933.00,null,null,null
2023-09-13T20:55:07Z,23.29,60.86,99,30,34.31,102.09,81.00,933.00,10,11,11
2023-09-13T20:56:07Z,23.31,60.86,99,30,35.28,102.09,81.00,933.00,null,null,null
2023-09-13T20:57:07Z,23.31,60.94,99,30,33.12,102.09,83.00,951.00,null,null,null
2023-09-13T20:58:07Z,23.32,60.96,99,30,35.29,102.09,83.00,951.00,null,null,null
2023-09-13T20:59:07Z,23.34,60.89,99,30,33.48,102.09,85.00,961.00,null,null,null
2023-09-13T21:00:07Z,23.32,60.85,99,30,31.50,102.10,85.00,961.00,9,13,13
2023-09-13T21:01:07Z,23.32,60.92,99,30,32.80,102.09,85.00,961.00,null,null,null
2023-09-13T21:02:07Z,23.32,60.77,99,30,38.97,102.09,87.00,972.00,null,null,null
2023-09-13T21:03:07Z,23.32,60.73,99,30,30.97,102.09,87.00,972.00,null,null,null
2023-09-13T21:04:07Z,23.34,60.71,99,30,31.64,102.10,88.00,983.00,null,null,null
2023-09-13T21:05:07Z,23.31,60.70,99,30,32.56,102.10,87.00,972.00,9,10,10
2023-09-13T21:06:07Z,23.35,60.60,99,28,32.52,102.10,87.00,972.00,null,null,null
2023-09-13T21:07:07Z,23.34,60.62,99,0,31.59,102.10,87.00,972.00,null,null,null
2023-09-13T21:08:07Z,23.32,60.67,99,0,31.90,102.11,87.00,972.00,null,null,null
2023-09-13T21:09:07Z,23.32,60.67,99,0,32.24,102.12,87.00,972.00,null,null,null
2023-09-13T21:10:07Z,23.28,60.65,99,0,32.78,102.13,88.00,983.00,8,9,9
2023-09-13T21:11:07Z,23.34,60.77,99,0,33.59,102.13,90.00,997.00,null,null,null
2023-09-13T21:12:07Z,23.32,60.88,99,0,41.27,102.14,89.00,987.00,null,null,null
2023-09-13T21:13:07Z,23.32,60.76,99,0,35.04,102.15,89.00,987.00,null,null,null
2023-09-13T21:14:07Z,23.31,60.82,99,0,35.25,102.16,90.00,997.00,null,null,null
2023-09-13T21:15:07Z,23.31,60.75,99,0,34.78,102.16,90.00,997.00,11,13,13
2023-09-13T21:16:07Z,23.31,60.72,99,0,32.14,102.17,90.00,997.00,null,null,null
2023-09-13T21:17:07Z,23.34,60.66,99,0,31.35,102.16,92.00,1009.00,null,null,null
2023-09-13T21:18:07Z,23.31,60.69,99,0,41.75,102.17,94.00,1019.00,null,null,null
2023-09-13T21:19:07Z,23.32,60.67,99,0,33.11,102.17,92.00,1009.00,null,null,null
2023-09-13T21:20:07Z,23.29,60.69,99,0,33.29,102.17,94.00,1019.00,14,19,19
2023-09-13T21:21:07Z,23.32,60.61,99,0,33.36,102.17,94.00,1019.00,null,null,null
2023-09-13T21:22:07Z,23.29,60.66,99,0,34.03,102.17,97.00,1038.00,null,null,null
2023-09-13T21:23:07Z,23.31,60.65,99,0,34.38,102.17,97.00,1038.00,null,null,null
2023-09-13T21:24:07Z,23.31,60.67,99,0,33.36,102.17,97.00,1038.00,null,null,null
2023-09-13T21:25:07Z,23.29,60.71,99,0,32.68,102.17,99.00,1053.00,19,25,25
2023-09-13T21:26:07Z,23.29,60.69,99,0,33.71,102.17,99.00,1053.00,null,null,null
2023-09-13T21:27:07Z,23.31,60.88,99,0,40.89,102.16,99.00,1053.00,null,null,null
2023-09-13T21:28:07Z,23.29,60.59,99,0,43.96,102.16,97.00,1041.00,null,null,null
2023-09-13T21:29:07Z,23.32,60.31,99,0,48.48,102.16,97.00,1038.00,null,null,null
2023-09-13T21:30:07Z,23.29,60.34,99,0,41.77,102.16,97.00,1038.00,16,33,65
2023-09-13T21:31:07Z,23.29,60.35,99,0,40.42,102.16,97.00,1038.00,null,null,null
2023-09-13T21:32:07Z,23.32,60.16,99,0,39.51,102.16,94.00,1019.00,null,null,null
2023-09-13T21:33:07Z,23.34,60.24,99,0,38.88,102.16,92.00,1007.00,null,null,null
2023-09-13T21:34:07Z,23.32,60.14,99,0,36.32,102.16,93.00,1017.00,null,null,null
2023-09-13T21:35:07Z,23.31,60.20,99,0,32.36,102.16,92.00,1007.00,14,19,19
2023-09-13T21:36:07Z,23.29,60.07,99,0,33.42,102.16,92.00,1007.00,null,null,null
2023-09-13T21:37:07Z,23.32,60.06,99,0,34.58,102.16,92.00,1007.00,null,null,null
2023-09-13T21:38:07Z,23.32,59.96,99,0,32.70,102.16,92.00,1007.00,null,null,null
2023-09-13T21:39:07Z,23.29,60.03,99,0,34.08,102.16,90.00,992.00,null,null,null
2023-09-13T21:40:07Z,23.34,60.12,99,0,38.83,102.16,88.00,981.00,11,13,24
2023-09-13T21:41:07Z,23.32,60.18,99,0,35.25,102.16,88.00,981.00,null,null,null
2023-09-13T21:42:07Z,23.34,60.03,99,0,32.35,102.16,88.00,981.00,null,null,null
2023-09-13T21:43:07Z,23.34,60.13,99,0,34.67,102.16,88.00,981.00,null,null,null
2023-09-13T21:44:07Z,23.32,60.22,99,0,33.94,102.15,88.00,981.00,null,null,null
2023-09-13T21:45:07Z,23.31,60.17,99,0,37.15,102.15,86.00,970.00,13,21,21
2023-09-13T21:46:07Z,23.31,60.19,99,0,33.03,102.16,84.00,954.00,null,null,null
2023-09-13T21:47:07Z,23.32,60.16,99,0,33.40,102.16,86.00,970.00,null,null,null
2023-09-13T21:48:07Z,23.31,60.12,99,0,35.08,102.16,84.00,954.00,null,null,null
2023-09-13T21:49:07Z,23.31,60.09,99,0,38.14,102.16,84.00,954.00,null,null,null
2023-09-13T21:50:07Z,23.31,60.16,99,0,35.96,102.16,84.00,954.00,11,11,11
2023-09-13T21:51:07Z,23.26,60.32,99,0,33.28,102.16,84.00,954.00,null,null,null
2023-09-13T21:52:07Z,23.28,60.29,99,0,35.00,102.16,85.00,961.00,null,null,null
2023-09-13T21:53:07Z,23.31,60.19,99,0,34.73,102.16,85.00,961.00,null,null,null
2023-09-13T21:54:07Z,23.26,60.29,99,0,32.94,102.16,86.00,970.00,null,null,null
2023-09-13T21:55:07Z,23.25,60.33,99,0,35.64,102.16,85.00,961.00,13,15,15
2023-09-13T21:56:07Z,23.26,60.21,99,0,36.69,102.17,85.00,961.00,null,null,null
2023-09-13T21:57:07Z,23.28,60.25,99,0,36.54,102.16,86.00,970.00,null,null,null
2023-09-13T21:58:07Z,23.25,60.30,99,0,36.35,102.16,85.00,961.00,null,null,null
2023-09-13T21:59:07Z,23.24,60.41,99,0,34.80,102.17,85.00,961.00,null,null,null
2023-09-13T22:00:07Z,23.24,60.41,99,0,34.68,102.17,99.00,1050.00,10,18,18
2023-09-13T22:01:07Z,23.24,60.42,99,0,35.26,102.17,96.00,1032.00,null,null,null
2023-09-13T22:02:07Z,23.25,60.29,99,0,33.91,102.17,96.00,1032.00,null,null,null
2023-09-13T22:03:07Z,23.25,60.41,99,0,37.67,102.17,81.00,933.00,null,null,null
2023-09-13T22:04:07Z,23.26,60.32,99,0,38.05,102.17,83.00,945.00,null,null,null
2023-09-13T22:05:07Z,23.22,60.40,99,0,39.30,102.17,81.00,933.00,11,18,18
2023-09-13T22:06:07Z,23.24,60.58,99,0,32.73,102.17,93.00,1014.00,null,null,null
2023-09-13T22:07:07Z,23.24,60.55,99,0,35.43,102.17,92.00,1004.00,null,null,null
2023-09-13T22:08:07Z,23.24,60.63,99,0,30.75,102.17,92.00,1004.00,null,null,null
2023-09-13T22:09:07Z,23.22,61.07,99,0,31.29,102.17,96.00,1032.00,null,null,null
2023-09-13T22:10:07Z,23.24,61.32,99,0,31.51,102.17,99.00,1050.00,14,20,20
2023-09-13T22:11:07Z,23.22,61.50,99,0,32.17,102.18,101.00,1065.00,null,null,null
2023-09-13T22:12:07Z,23.25,61.52,99,0,31.79,102.18,103.00,1077.00,null,null,null
2023-09-13T22:13:07Z,23.28,61.55,99,0,32.02,102.18,90.00,997.00,null,null,null
2023-09-13T22:14:07Z,23.24,61.60,99,0,30.68,102.18,95.00,1029.00,null,null,null
2023-09-13T22:15:07Z,23.25,61.66,99,0,30.45,102.18,111.00,1131.00,10,13,24
2023-09-13T22:16:07Z,23.25,61.80,99,0,30.07,102.18,99.00,1053.00,null,null,null
2023-09-13T22:17:07Z,23.28,61.73,99,0,31.06,102.18,101.00,1065.00,null,null,null
2023-09-13T22:18:07Z,23.25,61.79,99,0,29.16,102.18,104.00,1086.00,null,null,null
2023-09-13T22:19:07Z,23.24,61.83,99,0,30.36,102.18,105.00,1090.00,null,null,null
2023-09-13T22:20:07Z,23.26,61.85,99,0,31.37,102.18,121.00,1198.00,12,12,19
2023-09-13T22:21:07Z,23.25,61.84,99,0,30.35,102.18,109.00,1118.00,null,null,null
2023-09-13T22:22:07Z,23.25,61.79,99,0,31.62,102.18,106.00,1102.00,null,null,null
2023-09-13T22:23:07Z,23.25,61.80,99,0,31.76,102.18,109.00,1118.00,null,null,null
2023-09-13T22:24:07Z,23.26,61.87,99,0,34.65,102.18,109.00,1118.00,null,null,null
2023-09-13T22:25:07Z,23.25,61.87,99,0,29.89,102.18,111.00,1131.00,10,14,14
2023-09-13T22:26:07Z,23.25,61.95,99,0,31.18,102.18,115.00,1159.00,null,null,null
2023-09-13T22:27:07Z,23.29,61.88,99,0,30.85,102.18,117.00,1168.00,null,null,null
2023-09-13T22:28:07Z,23.28,61.92,99,0,30.10,102.18,119.00,1184.00,null,null,null
2023-09-13T22:29:07Z,23.25,61.92,99,0,32.12,102.18,121.00,1198.00,null,null,null
2023-09-13T22:30:07Z,23.24,61.97,99,0,29.80,102.18,123.00,1212.00,12,14,14
2023-09-13T22:31:07Z,23.28,62.01,99,0,30.18,102.18,139.00,1316.00,null,null,null
2023-09-13T22:32:07Z,23.28,62.07,99,0,30.67,102.18,127.00,1235.00,null,null,null
2023-09-13T22:33:07Z,23.29,62.06,99,0,30.58,102.18,129.00,1248.00,null,null,null
2023-09-13T22:34:07Z,23.26,62.06,99,0,30.15,102.18,129.00,1248.00,null,null,null
2023-09-13T22:35:07Z,23.25,62.09,99,0,29.71,102.18,134.00,1285.00,10,11,11
2023-09-13T22:36:07Z,23.26,62.20,99,0,32.46,102.18,134.00,1285.00,null,null,null
2023-09-13T22:37:07Z,23.26,62.05,99,0,30.60,102.18,136.00,1299.00,null,null,null
2023-09-13T22:38:07Z,23.28,62.11,99,0,30.72,102.18,140.00,1321.00,null,null,null
2023-09-13T22:39:07Z,23.29,62.12,99,0,30.68,102.18,143.00,1341.00,null,null,null
2023-09-13T22:40:07Z,23.24,62.12,99,0,30.97,102.18,143.00,1341.00,12,21,21
2023-09-13T22:41:07Z,23.26,62.12,99,0,34.36,102.18,164.00,1478.00,null,null,null
2023-09-13T22:42:07Z,23.28,62.18,99,0,33.03,102.18,148.00,1372.00,null,null,null
2023-09-13T22:43:07Z,23.26,62.14,99,0,30.59,102.18,151.00,1393.00,null,null,null
2023-09-13T22:44:07Z,23.28,62.23,99,0,31.28,102.18,151.00,1393.00,null,null,null
2023-09-13T22:45:07Z,23.26,62.22,99,0,30.92,102.17,154.00,1416.00,8,12,12
2023-09-13T22:46:07Z,23.28,62.27,99,0,34.52,102.17,154.00,1416.00,null,null,null
2023-09-13T22:47:07Z,23.26,62.23,99,0,30.88,102.17,155.00,1420.00,null,null,null
2023-09-13T22:48:07Z,23.26,62.26,99,0,30.26,102.17,157.00,1432.00,null,null,null
2023-09-13T22:49:07Z,23.26,62.26,99,0,31.05,102.18,157.00,1436.00,null,null,null
2023-09-13T22:50:07Z,23.25,62.30,99,0,30.89,102.17,162.00,1465.00,9,14,14
2023-09-13T22:51:07Z,23.25,62.27,99,0,31.12,102.17,162.00,1465.00,null,null,null
2023-09-13T22:52:07Z,23.28,62.27,99,0,30.93,102.16,162.00,1465.00,null,null,null
2023-09-13T22:53:07Z,23.26,62.22,99,0,31.27,102.16,167.00,1499.00,null,null,null
2023-09-13T22:54:07Z,23.26,62.29,99,0,30.20,102.16,169.00,1496.00,null,null,null
2023-09-13T22:55:07Z,23.26,62.29,99,0,30.28,102.17,172.00,1500.00,10,15,15
2023-09-13T22:56:07Z,23.26,62.35,99,0,30.25,102.17,172.00,1500.00,null,null,null
2023-09-13T22:57:07Z,23.28,62.32,99,0,30.60,102.17,174.00,1504.00,null,null,null
2023-09-13T22:58:07Z,23.28,62.29,99,0,30.38,102.17,178.00,1509.00,null,null,null
2023-09-13T22:59:07Z,23.26,62.34,99,0,31.50,102.17,178.00,1509.00,null,null,null
2023-09-13T23:00:07Z,23.25,62.37,99,0,30.02,102.17,181.00,1514.00,7,9,9
2023-09-13T23:01:07Z,23.26,62.38,99,0,30.75,102.16,181.00,1514.00,null,null,null
2023-09-13T23:02:07Z,23.28,62.31,99,0,30.52,102.17,185.00,1520.00,null,null,null
2023-09-13T23:03:07Z,23.28,62.29,99,0,30.11,102.17,181.00,1514.00,null,null,null
2023-09-13T23:04:07Z,23.25,62.33,99,0,30.69,102.17,188.00,1525.00,null,null,null
2023-09-13T23:05:07Z,23.25,62.35,99,0,29.94,102.16,188.00,1525.00,16,20,20
2023-09-13T23:06:07Z,23.26,62.35,99,0,30.80,102.17,191.00,1529.00,null,null,null
2023-09-13T23:07:07Z,23.26,62.31,99,0,30.24,102.17,191.00,1529.00,null,null,null
2023-09-13T23:08:07Z,23.31,62.31,99,0,31.97,102.17,195.00,1534.00,null,null,null
2023-09-13T23:09:07Z,23.25,62.36,99,0,30.60,102.17,195.00,1534.00,null,null,null
2023-09-13T23:10:07Z,23.25,62.32,99,0,30.97,102.16,195.00,1534.00,15,18,18
2023-09-13T23:11:07Z,23.29,62.38,99,0,30.26,102.16,199.00,1540.00,null,null,null
2023-09-13T23:12:07Z,23.28,62.41,99,0,33.96,102.16,199.00,1540.00,null,null,null
2023-09-13T23:13:07Z,23.28,62.42,99,0,29.81,102.17,199.00,1540.00,null,null,null
2023-09-13T23:14:07Z,23.25,62.47,99,0,30.52,102.16,203.00,1544.00,null,null,null
2023-09-13T23:15:07Z,23.26,62.49,99,0,30.58,102.16,207.00,1551.00,12,18,18
2023-09-13T23:16:07Z,23.28,62.49,99,0,30.88,102.16,207.00,1551.00,null,null,null
2023-09-13T23:17:07Z,23.26,62.49,99,0,29.99,102.16,210.00,1556.00,null,null,null
2023-09-13T23:18:07Z,23.28,62.47,99,0,30.23,102.15,215.00,1560.00,null,null,null
2023-09-13T23:19:07Z,23.26,62.49,99,0,29.96,102.16,210.00,1556.00,null,null,null
2023-09-13T23:20:07Z,23.25,62.49,99,0,30.28,102.16,220.00,1567.00,12,15,15
2023-09-13T23:21:07Z,23.26,62.54,99,0,30.61,102.16,215.00,1560.00,null,null,null
2023-09-13T23:22:07Z,23.26,62.53,99,0,30.62,102.16,220.00,1567.00,null,null,null
2023-09-13T23:23:07Z,23.28,62.53,99,0,30.78,102.15,223.00,1572.00,null,null,null
2023-09-13T23:24:07Z,23.26,62.54,99,0,30.29,102.15,223.00,1572.00,null,null,null
2023-09-13T23:25:07Z,23.25,62.56,99,0,30.93,102.15,228.00,1579.00,12,18,18
2023-09-13T23:26:07Z,23.25,62.57,99,0,31.42,102.15,228.00,1579.00,null,null,null
2023-09-13T23:27:07Z,23.28,62.50,99,0,30.23,102.15,232.00,1585.00,null,null,null
2023-09-13T23:28:07Z,23.29,62.55,99,0,29.43,102.15,236.00,1591.00,null,null,null
2023-09-13T23:29:07Z,23.25,62.54,99,0,30.16,102.15,236.00,1591.00,null,null,null
2023-09-13T23:30:07Z,23.26,62.57,99,0,29.15,102.15,240.00,1595.00,13,14,14
2023-09-13T23:31:07Z,23.26,62.59,99,0,30.66,102.15,240.00,1595.00,null,null,null
2023-09-13T23:32:07Z,23.29,62.56,99,0,30.87,102.15,246.00,1601.00,null,null,null
2023-09-13T23:33:07Z,23.26,62.56,99,0,29.93,102.15,246.00,1601.00,null,null,null
2023-09-13T23:34:07Z,23.26,62.57,99,0,30.46,102.15,246.00,1601.00,null,null,null
2023-09-13T23:35:07Z,23.28,62.59,99,0,30.85,102.15,249.00,1606.00,11,11,11
2023-09-13T23:36:07Z,23.26,62.62,99,0,30.23,102.15,255.00,1611.00,null,null,null
2023-09-13T23:37:07Z,23.28,62.65,99,0,30.61,102.15,255.00,1611.00,null,null,null
2023-09-13T23:38:07Z,23.25,62.61,99,0,37.81,102.15,255.00,1611.00,null,null,null
2023-09-13T23:39:07Z,23.25,62.62,99,0,30.65,102.14,259.00,1615.00,null,null,null
2023-09-13T23:40:07Z,23.25,62.64,99,0,30.81,102.14,259.00,1615.00,12,12,12
2023-09-13T23:41:07Z,23.26,62.66,99,0,30.46,102.15,265.00,1623.00,null,null,null
2023-09-13T23:42:07Z,23.29,62.64,99,0,30.35,102.15,265.00,1623.00,null,null,null
2023-09-13T23:43:07Z,23.25,62.66,99,0,30.68,102.15,270.00,1628.00,null,null,null
2023-09-13T23:44:07Z,23.28,62.71,99,0,30.81,102.15,274.00,1632.00,null,null,null
2023-09-13T23:45:07Z,23.25,62.72,99,0,30.17,102.15,270.00,1628.00,10,28,28
2023-09-13T23:46:07Z,23.26,62.74,99,0,30.34,102.15,281.00,1640.00,null,null,null
2023-09-13T23:47:07Z,23.28,62.72,99,0,31.83,102.15,281.00,1640.00,null,null,null
2023-09-13T23:48:07Z,23.25,62.75,99,0,30.65,102.14,281.00,1640.00,null,null,null
2023-09-13T23:49:07Z,23.24,62.75,99,0,31.02,102.14,277.00,1635.00,null,null,null
2023-09-13T23:50:07Z,23.26,62.71,99,0,31.36,102.14,312.00,1673.00,10,16,16
2023-09-13T23:51:07Z,23.25,62.78,99,0,30.82,102.14,286.00,1645.00,null,null,null
2023-09-13T23:52:07Z,23.28,62.75,99,0,30.45,102.14,293.00,1654.00,null,null,null
2023-09-13T23:53:07Z,23.25,62.72,99,0,29.97,102.14,289.00,1650.00,null,null,null
2023-09-13T23:54:07Z,23.26,62.73,99,0,30.06,102.14,297.00,1659.00,null,null,null
2023-09-13T23:55:07Z,23.24,62.74,99,0,30.71,102.14,302.00,1664.00,14,23,23
2023-09-13T23:56:07Z,23.25,62.81,99,0,29.78,102.14,334.00,1695.00,null,null,null
2023-09-13T23:57:07Z,23.25,62.72,99,0,29.51,102.14,304.00,1665.00,null,null,null
2023-09-13T23:58:07Z,23.26,62.82,99,0,30.26,102.14,302.00,1664.00,null,null,null
2023-09-13T23:59:07Z,23.24,62.81,99,0,30.29,102.14,304.00,1665.00,null,null,null
