TIME,TEMP,HUM,BATT,LIGHT,NOISE_A,PRESS,CCS811_VOCS,CCS811_ECO2,PM_1,PM_25,PM_10
ISO 8601,C,%,%,Lux,dBA,kPa,ppb,ppm,ug/m3,ug/m3,ug/m3
Time,Temperature,Humidity,Battery,Light,Noise dBA,Barometric pressure,VOC Gas CCS811,eCO2 Gas CCS811,PM 1.0,PM 2.5,PM 10.0
,55,56,10,14,53,58,113,112,89,87,88
2023-09-16T23:59:13Z,25.75,59.31,54,0,89.54,101.30,5.00,438.00,null,null,null
2023-09-17T00:00:13Z,25.75,59.27,54,0,89.54,101.30,5.00,435.00,0,0,0
2023-09-17T00:01:13Z,25.75,59.27,54,0,89.54,101.30,5.00,438.00,null,null,null
2023-09-17T00:02:13Z,25.77,59.29,54,0,89.54,101.30,5.00,435.00,null,null,null
2023-09-17T00:03:13Z,25.73,59.30,54,0,89.54,101.30,5.00,438.00,null,null,null
2023-09-17T00:04:13Z,25.75,59.27,54,0,89.54,101.30,11.00,473.00,null,null,null
2023-09-17T00:05:13Z,25.73,59.31,54,0,89.54,101.30,5.00,435.00,0,0,0
2023-09-17T00:06:13Z,25.77,59.31,54,0,89.54,101.31,11.00,473.00,null,null,null
2023-09-17T00:07:13Z,25.74,59.24,54,0,89.54,101.31,5.00,438.00,null,null,null
2023-09-17T00:08:13Z,25.74,59.34,54,0,89.54,101.31,11.00,473.00,null,null,null
2023-09-17T00:09:13Z,25.71,59.27,54,0,89.53,101.31,5.00,438.00,null,null,null
2023-09-17T00:10:13Z,25.74,59.32,54,0,89.54,101.31,11.00,473.00,0,0,0
2023-09-17T00:11:13Z,25.71,59.28,53,0,89.54,101.31,11.00,473.00,null,null,null
2023-09-17T00:12:13Z,25.71,59.26,54,0,89.54,101.31,5.00,435.00,null,null,null
2023-09-17T00:13:13Z,25.71,59.29,54,0,89.54,101.31,11.00,478.00,null,null,null
2023-09-17T00:14:13Z,25.73,59.29,54,0,89.54,101.30,11.00,473.00,null,null,null
2023-09-17T00:15:13Z,25.71,59.28,54,0,89.54,101.30,11.00,473.00,0,0,0
2023-09-17T00:16:13Z,25.71,59.29,53,0,89.54,101.30,9.00,463.00,null,null,null
2023-09-17T00:17:13Z,25.73,59.25,54,0,89.54,101.30,6.00,441.00,null,null,null
2023-09-17T00:18:13Z,25.71,59.26,54,0,89.54,101.30,11.00,478.00,null,null,null
2023-09-17T00:19:13Z,25.70,59.25,54,0,89.54,101.30,11.00,473.00,null,null,null
2023-09-17T00:20:13Z,25.68,59.22,54,0,89.54,101.30,11.00,473.00,0,0,0
2023-09-17T00:21:13Z,25.68,59.29,54,0,89.54,101.30,9.00,463.00,null,null,null
2023-09-17T00:22:13Z,25.68,59.25,54,0,89.54,101.30,9.00,463.00,null,null,null
2023-09-17T00:23:13Z,25.67,59.26,53,0,89.54,101.30,10.00,470.00,null,null,null
2023-09-17T00:24:13Z,25.68,59.25,54,0,89.54,101.29,11.00,473.00,null,null,null
2023-09-17T00:25:13Z,25.67,59.21,54,0,89.54,101.29,10.00,470.00,0,0,0
2023-09-17T00:26:13Z,25.67,59.25,54,0,89.54,101.29,9.00,463.00,null,null,null
2023-09-17T00:27:13Z,25.70,59.21,54,0,89.54,101.29,9.00,463.00,null,null,null
2023-09-17T00:28:13Z,25.68,59.27,54,0,89.54,101.29,10.00,470.00,null,null,null
2023-09-17T00:29:13Z,25.66,59.19,54,0,89.54,101.29,9.00,463.00,null,null,null
2023-09-17T00:30:13Z,25.67,59.25,54,0,89.54,101.29,9.00,463.00,0,0,0
2023-09-17T00:31:13Z,25.68,59.26,53,0,89.54,101.29,9.00,463.00,null,null,null
2023-09-17T00:32:13Z,25.67,59.23,54,0,89.54,101.29,10.00,470.00,null,null,null
2023-09-17T00:33:13Z,25.67,59.22,54,0,89.54,101.29,9.00,463.00,null,null,null
2023-09-17T00:34:13Z,25.64,59.27,53,0,89.54,101.29,10.00,470.00,null,null,null
2023-09-17T00:35:13Z,25.66,59.24,53,0,89.54,101.29,9.00,463.00,0,0,0
2023-09-17T00:36:13Z,25.67,59.23,53,0,89.54,101.28,8.00,459.00,null,null,null
2023-09-17T00:37:13Z,25.67,59.21,53,0,89.54,101.28,10.00,470.00,null,null,null
2023-09-17T00:38:13Z,25.66,59.23,53,0,89.54,101.28,8.00,459.00,null,null,null
2023-09-17T00:39:13Z,25.66,59.24,54,0,89.54,101.28,9.00,463.00,null,null,null
2023-09-17T00:40:13Z,25.63,59.21,54,0,89.54,101.28,9.00,463.00,0,0,0
2023-09-17T00:41:13Z,25.63,59.20,53,0,89.54,101.29,9.00,463.00,null,null,null
2023-09-17T00:42:13Z,25.64,59.24,53,0,89.54,101.28,9.00,463.00,null,null,null
2023-09-17T00:43:13Z,25.61,59.21,53,0,89.54,101.28,9.00,461.00,null,null,null
2023-09-17T00:44:13Z,25.61,59.20,53,0,89.54,101.28,9.00,463.00,null,null,null
2023-09-17T00:45:13Z,25.61,59.24,53,0,89.54,101.28,8.00,456.00,0,0,0
2023-09-17T00:46:13Z,25.61,59.20,53,0,89.54,101.28,8.00,459.00,null,null,null
2023-09-17T00:47:13Z,25.61,59.21,53,0,89.54,101.28,9.00,461.00,null,null,null
2023-09-17T00:48:13Z,25.61,59.21,53,0,89.54,101.28,8.00,459.00,null,null,null
2023-09-17T00:49:13Z,25.61,59.24,53,0,89.54,101.27,9.00,461.00,null,null,null
2023-09-17T00:50:13Z,25.61,59.23,53,0,89.54,101.28,8.00,456.00,0,0,0
2023-09-17T00:51:13Z,25.61,59.19,53,0,89.54,101.28,9.00,461.00,null,null,null
2023-09-17T00:52:13Z,25.61,59.16,53,0,89.54,101.27,9.00,461.00,null,null,null
2023-09-17T00:53:13Z,25.61,59.21,53,0,89.54,101.27,9.00,461.00,null,null,null
2023-09-17T00:54:13Z,25.61,59.22,53,0,89.54,101.27,9.00,461.00,null,null,null
2023-09-17T00:55:13Z,25.59,59.20,53,0,89.54,101.26,8.00,456.00,0,0,0
2023-09-17T00:56:13Z,25.59,59.21,53,0,89.54,101.26,9.00,461.00,null,null,null
2023-09-17T00:57:13Z,25.60,59.22,53,0,89.54,101.26,9.00,461.00,null,null,null
2023-09-17T00:58:13Z,25.59,59.24,53,0,89.54,101.26,9.00,461.00,null,null,null
2023-09-17T00:59:13Z,25.56,59.21,53,0,89.54,101.26,8.00,456.00,null,null,null
2023-09-17T01:00:13Z,25.56,59.22,53,0,89.54,101.26,9.00,461.00,0,0,0
2023-09-17T01:01:13Z,25.59,59.19,53,0,89.54,101.25,8.00,456.00,null,null,null
2023-09-17T01:02:13Z,25.57,59.20,53,0,89.54,101.25,8.00,456.00,null,null,null
2023-09-17T01:03:13Z,25.59,59.21,53,0,89.54,101.26,9.00,461.00,null,null,null
2023-09-17T01:04:13Z,25.57,59.18,53,0,89.54,101.26,9.00,461.00,null,null,null
2023-09-17T01:05:13Z,25.56,59.22,53,0,89.54,101.26,9.00,461.00,0,0,0
2023-09-17T01:06:13Z,25.56,59.18,53,0,89.54,101.26,8.00,456.00,null,null,null
2023-09-17T01:07:13Z,25.54,59.18,53,0,89.54,101.26,9.00,461.00,null,null,null
2023-09-17T01:08:13Z,25.54,59.15,53,0,89.54,101.26,8.00,456.00,null,null,null
2023-09-17T01:09:13Z,25.57,59.19,54,0,89.54,101.26,8.00,456.00,null,null,null
2023-09-17T01:10:13Z,25.54,59.22,53,0,89.54,101.26,8.00,456.00,0,0,0
2023-09-17T01:11:13Z,25.57,59.18,53,0,89.54,101.26,7.00,452.00,null,null,null
2023-09-17T01:12:13Z,25.56,59.15,53,0,89.54,101.26,8.00,456.00,null,null,null
2023-09-17T01:13:13Z,25.54,59.19,53,0,89.54,101.26,8.00,456.00,null,null,null
2023-09-17T01:14:13Z,25.56,59.20,53,0,89.54,101.26,8.00,456.00,null,null,null
2023-09-17T01:15:13Z,25.54,59.14,53,0,89.54,101.26,8.00,456.00,0,0,0
2023-09-17T01:16:13Z,25.53,59.17,53,0,89.54,101.26,7.00,452.00,null,null,null
2023-09-17T01:17:13Z,25.53,59.14,53,0,89.54,101.26,8.00,456.00,null,null,null
2023-09-17T01:18:13Z,25.53,59.21,53,0,89.54,101.27,7.00,452.00,null,null,null
2023-09-17T01:19:13Z,25.53,59.23,53,0,89.54,101.26,7.00,452.00,null,null,null
2023-09-17T01:20:13Z,25.53,59.21,53,0,89.54,101.26,8.00,456.00,0,0,0
2023-09-17T01:21:13Z,25.53,59.15,53,0,89.54,101.27,7.00,446.00,null,null,null
2023-09-17T01:22:13Z,25.54,59.14,53,0,89.54,101.26,7.00,452.00,null,null,null
2023-09-17T01:23:13Z,25.50,59.12,53,0,89.54,101.26,7.00,452.00,null,null,null
2023-09-17T01:24:13Z,25.52,59.18,53,0,89.54,101.26,7.00,446.00,null,null,null
2023-09-17T01:25:13Z,25.50,59.18,53,0,89.54,101.26,7.00,446.00,0,0,0
2023-09-17T01:26:13Z,25.52,59.16,53,0,89.54,101.26,7.00,446.00,null,null,null
2023-09-17T01:27:13Z,25.52,59.16,53,0,89.54,101.26,7.00,452.00,null,null,null
2023-09-17T01:28:13Z,25.50,59.18,53,0,89.54,101.26,7.00,452.00,null,null,null
2023-09-17T01:29:13Z,25.52,59.19,53,0,89.54,101.26,7.00,446.00,null,null,null
2023-09-17T01:30:13Z,25.50,59.15,53,0,89.54,101.26,7.00,446.00,0,0,0
2023-09-17T01:31:13Z,25.50,59.15,53,0,89.54,101.25,7.00,452.00,null,null,null
2023-09-17T01:32:13Z,25.52,59.15,53,0,89.54,101.25,7.00,452.00,null,null,null
2023-09-17T01:33:13Z,25.49,59.20,53,0,89.54,101.25,7.00,452.00,null,null,null
2023-09-17T01:34:13Z,25.49,59.18,53,0,89.54,101.24,7.00,452.00,null,null,null
2023-09-17T01:35:13Z,25.50,59.16,53,0,89.54,101.24,7.00,452.00,0,0,0
2023-09-17T01:36:13Z,25.49,59.16,53,0,89.54,101.24,7.00,452.00,null,null,null
2023-09-17T01:37:13Z,25.49,59.17,53,0,89.54,101.24,7.00,446.00,null,null,null
2023-09-17T01:38:13Z,25.49,59.17,53,0,89.54,101.24,7.00,446.00,null,null,null
2023-09-17T01:39:13Z,25.47,59.17,53,0,89.54,101.24,7.00,446.00,null,null,null
2023-09-17T01:40:13Z,25.47,59.17,53,0,89.54,101.23,7.00,446.00,0,0,0
2023-09-17T01:41:13Z,25.49,59.16,53,0,89.54,101.23,7.00,446.00,null,null,null
2023-09-17T01:42:13Z,25.50,59.17,53,0,89.54,101.23,7.00,446.00,null,null,null
2023-09-17T01:43:13Z,25.49,59.17,53,0,89.54,101.23,7.00,446.00,null,null,null
2023-09-17T01:44:13Z,25.46,59.13,53,0,89.54,101.23,7.00,446.00,null,null,null
2023-09-17T01:45:13Z,25.46,59.15,53,0,89.54,101.23,7.00,446.00,0,0,0
2023-09-17T01:46:13Z,25.46,59.18,53,0,89.54,101.23,7.00,446.00,null,null,null
2023-09-17T01:47:13Z,25.46,59.14,53,0,89.54,101.23,7.00,446.00,null,null,null
2023-09-17T01:48:13Z,25.45,59.14,53,0,89.54,101.23,7.00,446.00,null,null,null
2023-09-17T01:49:13Z,25.46,59.14,53,0,89.54,101.24,7.00,446.00,null,null,null
2023-09-17T01:50:13Z,25.43,59.15,53,0,89.54,101.24,7.00,446.00,0,0,0
2023-09-17T01:51:13Z,25.49,59.12,53,0,89.54,101.24,7.00,446.00,null,null,null
2023-09-17T01:52:13Z,25.46,59.14,53,0,89.54,101.24,7.00,446.00,null,null,null
2023-09-17T01:53:13Z,25.47,59.12,53,0,89.54,101.24,7.00,446.00,null,null,null
2023-09-17T01:54:13Z,25.46,59.15,53,0,89.54,101.24,7.00,446.00,null,null,null
2023-09-17T01:55:13Z,25.46,59.10,53,0,89.54,101.24,6.00,443.00,0,0,0
2023-09-17T01:56:13Z,25.46,59.11,53,0,89.54,101.24,6.00,443.00,null,null,null
2023-09-17T01:57:13Z,25.45,59.09,53,0,89.54,101.24,6.00,443.00,null,null,null
2023-09-17T01:58:13Z,25.45,59.10,53,0,89.53,101.23,6.00,443.00,null,null,null
2023-09-17T01:59:13Z,25.45,59.14,53,0,89.54,101.24,6.00,443.00,null,null,null
2023-09-17T02:00:13Z,25.42,59.15,53,0,89.54,101.23,6.00,443.00,0,0,0
2023-09-17T02:01:13Z,25.43,59.12,53,0,89.54,101.23,6.00,443.00,null,null,null
2023-09-17T02:02:13Z,25.43,59.07,53,0,89.54,101.23,6.00,443.00,null,null,null
2023-09-17T02:03:13Z,25.42,59.08,53,0,89.54,101.23,7.00,446.00,null,null,null
2023-09-17T02:04:13Z,25.43,59.08,53,0,89.54,101.23,6.00,443.00,null,null,null
2023-09-17T02:05:13Z,25.42,59.11,53,0,89.54,101.23,6.00,443.00,0,0,0
2023-09-17T02:06:13Z,25.45,59.15,53,0,89.54,101.23,6.00,443.00,null,null,null
2023-09-17T02:07:13Z,25.43,59.08,53,0,89.54,101.23,6.00,443.00,null,null,null
2023-09-17T02:08:13Z,25.40,59.13,53,0,89.54,101.23,6.00,443.00,null,null,null
2023-09-17T02:09:13Z,25.42,59.11,53,0,89.54,101.23,6.00,443.00,null,null,null
2023-09-17T02:10:13Z,25.40,59.15,53,0,89.54,101.22,6.00,443.00,0,0,0
2023-09-17T02:11:13Z,25.40,59.10,53,0,89.54,101.22,6.00,443.00,null,null,null
2023-09-17T02:12:13Z,25.42,59.11,53,0,89.54,101.23,6.00,443.00,null,null,null
2023-09-17T02:13:13Z,25.43,59.12,53,0,89.53,101.22,6.00,443.00,null,null,null
2023-09-17T02:14:13Z,25.42,59.11,53,0,89.54,101.22,6.00,443.00,null,null,null
2023-09-17T02:15:13Z,25.37,59.13,53,0,89.54,101.22,6.00,443.00,0,0,0
2023-09-17T02:16:13Z,25.42,59.11,53,0,89.54,101.21,6.00,443.00,null,null,null
2023-09-17T02:17:13Z,25.39,59.12,53,0,89.54,101.22,6.00,443.00,null,null,null
2023-09-17T02:18:13Z,25.42,59.11,53,0,89.54,101.21,5.00,438.00,null,null,null
2023-09-17T02:19:13Z,25.40,59.15,53,0,89.54,101.21,5.00,438.00,null,null,null
2023-09-17T02:20:13Z,25.39,59.14,53,0,89.54,101.21,6.00,443.00,0,0,0
2023-09-17T02:21:13Z,25.39,59.13,53,0,89.54,101.21,6.00,443.00,null,null,null
2023-09-17T02:22:13Z,25.39,59.10,53,0,89.54,101.21,6.00,443.00,null,null,null
2023-09-17T02:23:13Z,25.40,59.11,53,0,89.54,101.21,5.00,438.00,null,null,null
2023-09-17T02:24:13Z,25.39,59.11,53,0,89.54,101.21,5.00,438.00,null,null,null
2023-09-17T02:25:13Z,25.34,59.14,53,0,89.54,101.21,5.00,438.00,0,0,0
2023-09-17T02:26:13Z,25.37,59.12,53,0,89.54,101.21,5.00,438.00,null,null,null
2023-09-17T02:27:13Z,25.37,59.12,53,0,89.54,101.21,5.00,438.00,null,null,null
2023-09-17T02:28:13Z,25.36,59.09,53,0,89.54,101.21,5.00,438.00,null,null,null
2023-09-17T02:29:13Z,25.39,59.10,53,0,89.54,101.21,5.00,438.00,null,null,null
2023-09-17T02:30:13Z,25.34,59.09,53,0,89.54,101.20,5.00,438.00,0,0,0
2023-09-17T02:31:13Z,25.37,59.11,53,0,89.54,101.21,5.00,438.00,null,null,null
2023-09-17T02:32:13Z,25.39,59.05,52,0,89.54,101.21,5.00,438.00,null,null,null
2023-09-17T02:33:13Z,25.37,59.13,53,0,89.54,101.21,5.00,438.00,null,null,null
2023-09-17T02:34:13Z,25.34,59.07,53,0,89.54,101.21,5.00,438.00,null,null,null
2023-09-17T02:35:13Z,25.36,59.10,52,0,89.54,101.21,5.00,438.00,0,0,0
2023-09-17T02:36:13Z,25.36,59.10,52,0,89.54,101.21,5.00,433.00,null,null,null
2023-09-17T02:37:13Z,25.39,59.12,53,0,89.54,101.21,5.00,438.00,null,null,null
2023-09-17T02:38:13Z,25.37,59.08,52,0,89.54,101.20,5.00,438.00,null,null,null
2023-09-17T02:39:13Z,25.34,59.12,53,0,89.53,101.20,5.00,433.00,null,null,null
2023-09-17T02:40:13Z,25.36,59.14,52,0,89.54,101.20,5.00,433.00,0,0,0
2023-09-17T02:41:13Z,25.36,59.10,52,0,89.54,101.20,5.00,433.00,null,null,null
2023-09-17T02:42:13Z,25.36,59.16,53,0,89.54,101.19,5.00,438.00,null,null,null
2023-09-17T02:43:13Z,25.34,59.10,52,0,89.54,101.20,5.00,433.00,null,null,null
2023-09-17T02:44:13Z,25.34,59.10,53,0,89.54,101.19,5.00,433.00,null,null,null
2023-09-17T02:45:13Z,25.34,59.10,53,0,89.54,101.19,5.00,433.00,0,0,0
2023-09-17T02:46:13Z,25.33,59.05,52,0,89.54,101.19,4.00,428.00,null,null,null
2023-09-17T02:47:13Z,25.34,59.06,52,0,89.54,101.19,5.00,433.00,null,null,null
2023-09-17T02:48:13Z,25.34,59.07,52,0,89.54,101.19,5.00,433.00,null,null,null
2023-09-17T02:49:13Z,25.30,59.10,53,0,89.54,101.19,5.00,433.00,null,null,null
2023-09-17T02:50:13Z,25.32,59.07,53,0,89.54,101.19,5.00,433.00,0,0,0
2023-09-17T02:51:13Z,25.32,59.07,52,0,89.54,101.19,5.00,433.00,null,null,null
2023-09-17T02:52:13Z,25.34,59.07,52,0,89.54,101.19,5.00,433.00,null,null,null
2023-09-17T02:53:13Z,25.33,59.06,52,0,89.54,101.18,5.00,433.00,null,null,null
2023-09-17T02:54:13Z,25.33,59.07,53,0,89.54,101.19,5.00,433.00,null,null,null
2023-09-17T02:55:13Z,25.33,59.08,52,0,89.54,101.19,5.00,433.00,0,0,0
2023-09-17T02:56:13Z,25.34,59.09,53,0,89.54,101.18,4.00,428.00,null,null,null
2023-09-17T02:57:13Z,25.33,59.01,52,0,89.54,101.18,5.00,433.00,null,null,null
2023-09-17T02:58:13Z,25.33,59.10,52,0,89.54,101.19,4.00,428.00,null,null,null
2023-09-17T02:59:13Z,25.36,59.07,52,0,89.54,101.18,4.00,428.00,null,null,null
2023-09-17T03:00:13Z,25.30,59.07,52,0,89.54,101.18,4.00,428.00,0,0,0
2023-09-17T03:01:13Z,25.30,59.11,52,0,89.54,101.18,5.00,433.00,null,null,null
2023-09-17T03:02:13Z,25.33,59.06,52,0,89.54,101.18,4.00,428.00,null,null,null
2023-09-17T03:03:13Z,25.34,59.03,52,0,89.54,101.18,4.00,428.00,null,null,null
2023-09-17T03:04:13Z,25.32,59.04,52,0,89.54,101.18,4.00,428.00,null,null,null
2023-09-17T03:05:13Z,25.30,59.04,52,0,89.54,101.18,4.00,428.00,0,0,0
2023-09-17T03:06:13Z,25.32,59.07,52,0,89.54,101.18,5.00,433.00,null,null,null
2023-09-17T03:07:13Z,25.32,59.09,52,0,89.54,101.18,5.00,433.00,null,null,null
2023-09-17T03:08:13Z,25.33,59.07,52,0,89.54,101.17,5.00,433.00,null,null,null
2023-09-17T03:09:13Z,25.30,59.08,52,0,89.54,101.18,4.00,428.00,null,null,null
2023-09-17T03:10:13Z,25.30,59.09,52,0,89.54,101.18,4.00,428.00,0,0,0
2023-09-17T03:11:13Z,25.30,59.08,52,0,89.54,101.18,5.00,433.00,null,null,null
2023-09-17T03:12:13Z,25.30,59.11,52,0,89.54,101.18,4.00,428.00,null,null,null
2023-09-17T03:13:13Z,25.30,59.09,53,0,89.54,101.17,4.00,428.00,null,null,null
2023-09-17T03:14:13Z,25.32,59.08,52,0,89.54,101.17,4.00,428.00,null,null,null
2023-09-17T03:15:13Z,25.29,59.09,52,0,89.54,101.17,4.00,428.00,0,0,0
2023-09-17T03:16:13Z,25.32,59.12,52,0,89.54,101.17,4.00,428.00,null,null,null
2023-09-17T03:17:13Z,25.30,59.06,52,0,89.54,101.16,4.00,428.00,null,null,null
2023-09-17T03:18:13Z,25.32,59.02,52,0,89.54,101.17,4.00,428.00,null,null,null
2023-09-17T03:19:13Z,25.30,59.09,52,0,89.54,101.17,4.00,428.00,null,null,null
2023-09-17T03:20:13Z,25.29,59.09,53,0,89.54,101.17,0.00,400.00,0,0,0
2023-09-17T03:21:13Z,25.29,59.08,52,0,89.54,101.17,0.00,400.00,null,null,null
2023-09-17T03:22:13Z,25.29,59.07,52,0,89.54,101.17,0.00,400.00,null,null,null
2023-09-17T03:23:13Z,25.30,59.09,52,0,89.54,101.17,0.00,400.00,null,null,null
2023-09-17T03:24:13Z,25.27,59.09,52,0,89.54,101.17,0.00,400.00,null,null,null
2023-09-17T03:25:13Z,25.27,59.03,52,0,89.54,101.17,0.00,400.00,0,0,0
2023-09-17T03:26:13Z,25.27,59.08,52,0,89.54,101.17,0.00,400.00,null,null,null
2023-09-17T03:27:13Z,25.30,59.05,52,0,89.54,101.17,0.00,400.00,null,null,null
2023-09-17T03:28:13Z,25.27,59.06,52,0,89.54,101.17,0.00,400.00,null,null,null
2023-09-17T03:29:13Z,25.27,59.07,52,0,89.54,101.17,0.00,400.00,null,null,null
2023-09-17T03:30:13Z,25.26,59.06,52,0,89.54,101.16,0.00,400.00,0,0,0
2023-09-17T03:31:13Z,25.29,59.07,52,0,89.54,101.16,0.00,400.00,null,null,null
2023-09-17T03:32:13Z,25.27,59.04,52,0,89.54,101.16,0.00,400.00,null,null,null
2023-09-17T03:33:13Z,25.27,59.08,52,0,89.54,101.16,0.00,400.00,null,null,null
2023-09-17T03:34:13Z,25.26,59.10,52,0,89.54,101.16,0.00,400.00,null,null,null
2023-09-17T03:35:13Z,25.25,59.04,52,0,89.54,101.16,0.00,400.00,0,0,0
2023-09-17T03:36:13Z,25.27,59.06,52,0,89.54,101.16,0.00,402.00,null,null,null
2023-09-17T03:37:13Z,25.26,59.04,52,0,89.54,101.16,0.00,400.00,null,null,null
2023-09-17T03:38:13Z,25.26,59.09,52,0,89.54,101.16,0.00,402.00,null,null,null
2023-09-17T03:39:13Z,25.26,59.05,52,0,89.54,101.17,0.00,400.00,null,null,null
2023-09-17T03:40:13Z,25.26,59.10,52,0,89.54,101.16,0.00,400.00,0,0,0
2023-09-17T03:41:13Z,25.26,59.03,52,0,89.54,101.17,0.00,400.00,null,null,null
2023-09-17T03:42:13Z,25.29,59.03,52,0,89.54,101.16,0.00,400.00,null,null,null
2023-09-17T03:43:13Z,25.22,59.05,52,0,89.54,101.17,0.00,400.00,null,null,null
2023-09-17T03:44:13Z,25.25,59.07,52,0,89.54,101.17,0.00,400.00,null,null,null
2023-09-17T03:45:13Z,25.25,59.07,52,0,89.54,101.16,0.00,400.00,0,0,0
2023-09-17T03:46:13Z,25.25,59.09,52,0,89.54,101.16,0.00,400.00,null,null,null
2023-09-17T03:47:13Z,25.26,59.06,52,0,89.54,101.16,0.00,402.00,null,null,null
2023-09-17T03:48:13Z,25.25,59.02,52,0,89.54,101.16,0.00,400.00,null,null,null
2023-09-17T03:49:13Z,25.25,59.02,52,0,89.54,101.16,0.00,400.00,null,null,null
2023-09-17T03:50:13Z,25.25,59.07,52,0,89.54,101.16,0.00,400.00,0,0,0
2023-09-17T03:51:13Z,25.25,59.04,52,0,89.54,101.16,1.00,410.00,null,null,null
2023-09-17T03:52:13Z,25.23,59.07,52,0,89.54,101.16,0.00,400.00,null,null,null
2023-09-17T03:53:13Z,25.20,59.06,52,0,89.54,101.16,0.00,400.00,null,null,null
2023-09-17T03:54:13Z,25.23,59.09,52,0,89.54,101.17,1.00,410.00,null,null,null
2023-09-17T03:55:13Z,25.25,59.06,52,0,89.54,101.16,0.00,400.00,0,0,0
2023-09-17T03:56:13Z,25.22,59.02,52,0,89.54,101.16,0.00,400.00,null,null,null
2023-09-17T03:57:13Z,25.23,58.98,52,0,89.54,101.16,0.00,400.00,null,null,null
2023-09-17T03:58:13Z,25.22,59.02,52,0,89.54,101.16,0.00,400.00,null,null,null
2023-09-17T03:59:13Z,25.23,59.02,52,0,89.54,101.16,0.00,400.00,null,null,null
2023-09-17T04:00:13Z,25.23,59.04,52,0,89.54,101.16,1.00,410.00,0,0,0
2023-09-17T04:01:13Z,25.22,59.06,52,0,89.54,101.16,1.00,408.00,null,null,null
2023-09-17T04:02:13Z,25.25,59.04,52,0,89.54,101.16,2.00,415.00,null,null,null
2023-09-17T04:03:13Z,25.23,59.02,52,0,89.54,101.16,0.00,400.00,null,null,null
2023-09-17T04:04:13Z,25.25,59.04,52,0,89.54,101.16,1.00,410.00,null,null,null
2023-09-17T04:05:13Z,25.20,59.08,52,0,89.54,101.16,0.00,400.00,0,0,0
2023-09-17T04:06:13Z,25.25,59.03,52,0,89.54,101.16,1.00,408.00,null,null,null
2023-09-17T04:07:13Z,25.22,59.06,52,0,89.54,101.16,1.00,410.00,null,null,null
2023-09-17T04:08:13Z,25.23,59.03,52,0,89.54,101.16,0.00,400.00,null,null,null
2023-09-17T04:09:13Z,25.22,59.06,52,0,89.54,101.16,0.00,400.00,null,null,null
2023-09-17T04:10:13Z,25.17,59.04,52,0,89.54,101.16,1.00,408.00,0,0,0
2023-09-17T04:11:13Z,25.20,59.04,52,0,89.54,101.15,1.00,410.00,null,null,null
2023-09-17T04:12:13Z,25.20,59.04,52,0,89.54,101.16,1.00,410.00,null,null,null
2023-09-17T04:13:13Z,25.20,59.04,52,0,89.54,101.16,0.00,400.00,null,null,null
2023-09-17T04:14:13Z,25.20,58.98,52,0,89.54,101.15,0.00,400.00,null,null,null
2023-09-17T04:15:13Z,25.17,59.02,52,0,89.54,101.15,1.00,408.00,0,0,0
2023-09-17T04:16:13Z,25.19,59.04,52,0,89.54,101.15,1.00,408.00,null,null,null
2023-09-17T04:17:13Z,25.22,59.03,52,0,89.54,101.15,1.00,410.00,null,null,null
2023-09-17T04:18:13Z,25.19,59.03,52,0,89.54,101.15,1.00,410.00,null,null,null
2023-09-17T04:19:13Z,25.19,59.04,52,0,89.54,101.15,1.00,410.00,null,null,null
2023-09-17T04:20:13Z,25.22,59.01,52,0,89.54,101.15,1.00,410.00,0,0,0
2023-09-17T04:21:13Z,25.20,59.04,52,0,89.54,101.15,1.00,408.00,null,null,null
2023-09-17T04:22:13Z,25.23,58.98,52,0,89.54,101.15,1.00,410.00,null,null,null
2023-09-17T04:23:13Z,25.20,59.03,52,0,89.54,101.14,1.00,410.00,null,null,null
2023-09-17T04:24:13Z,25.19,59.01,52,0,89.54,101.14,1.00,410.00,null,null,null
2023-09-17T04:25:13Z,25.20,59.05,52,0,89.54,101.13,1.00,410.00,0,0,0
2023-09-17T04:26:13Z,25.17,59.01,52,0,89.54,101.14,1.00,408.00,null,null,null
2023-09-17T04:27:13Z,25.19,59.03,52,0,89.54,101.13,1.00,410.00,null,null,null
2023-09-17T04:28:13Z,25.19,59.02,52,0,89.54,101.14,1.00,410.00,null,null,null
2023-09-17T04:29:13Z,25.17,59.00,52,0,89.54,101.13,1.00,408.00,null,null,null
2023-09-17T04:30:13Z,25.19,59.02,52,0,89.54,101.13,1.00,410.00,0,0,0
2023-09-17T04:31:13Z,25.19,59.00,52,0,89.54,101.13,1.00,408.00,null,null,null
2023-09-17T04:32:13Z,25.16,58.99,52,0,89.54,101.13,1.00,408.00,null,null,null
2023-09-17T04:33:13Z,25.17,59.05,52,0,89.54,101.13,1.00,410.00,null,null,null
2023-09-17T04:34:13Z,25.16,58.99,52,0,89.54,101.13,1.00,408.00,null,null,null
2023-09-17T04:35:13Z,25.13,59.02,52,0,89.54,101.13,1.00,408.00,0,0,0
2023-09-17T04:36:13Z,25.17,59.05,52,0,89.54,101.13,1.00,408.00,null,null,null
2023-09-17T04:37:13Z,25.19,59.02,52,0,89.54,101.13,1.00,408.00,null,null,null
2023-09-17T04:38:13Z,25.16,59.00,52,0,89.54,101.13,1.00,408.00,null,null,null
2023-09-17T04:39:13Z,25.19,59.02,52,0,89.54,101.13,1.00,408.00,null,null,null
2023-09-17T04:40:13Z,25.16,59.01,52,0,89.54,101.13,1.00,408.00,0,0,0
2023-09-17T04:41:13Z,25.16,59.02,52,0,89.54,101.13,1.00,410.00,null,null,null
2023-09-17T04:42:13Z,25.17,59.06,52,0,89.54,101.12,1.00,410.00,null,null,null
2023-09-17T04:43:13Z,25.19,59.01,52,0,89.54,101.12,1.00,410.00,null,null,null
2023-09-17T04:44:13Z,25.16,59.00,52,0,89.54,101.12,1.00,410.00,null,null,null
2023-09-17T04:45:13Z,25.17,59.01,52,0,89.54,101.12,1.00,408.00,0,0,0
2023-09-17T04:46:13Z,25.16,59.02,52,0,89.54,101.12,1.00,410.00,null,null,null
2023-09-17T04:47:13Z,25.17,59.02,52,0,89.54,101.12,1.00,410.00,null,null,null
2023-09-17T04:48:13Z,25.16,59.04,52,0,89.54,101.11,1.00,410.00,null,null,null
2023-09-17T04:49:13Z,25.16,59.03,52,0,89.54,101.11,1.00,410.00,null,null,null
2023-09-17T04:50:13Z,25.15,59.02,52,0,89.54,101.11,1.00,410.00,0,0,0
2023-09-17T04:51:13Z,25.16,58.98,52,0,89.54,101.11,1.00,410.00,null,null,null
2023-09-17T04:52:13Z,25.16,58.99,52,0,89.54,101.11,1.00,410.00,null,null,null
2023-09-17T04:53:13Z,25.17,59.03,52,0,89.54,101.11,1.00,410.00,null,null,null
2023-09-17T04:54:13Z,25.15,59.06,52,0,89.53,101.11,1.00,408.00,null,null,null
2023-09-17T04:55:13Z,25.17,59.02,52,0,89.54,101.10,1.00,408.00,0,0,0
2023-09-17T04:56:13Z,25.15,59.00,52,0,89.54,101.10,1.00,410.00,null,null,null
2023-09-17T04:57:13Z,25.16,59.03,52,0,89.54,101.10,1.00,408.00,null,null,null
2023-09-17T04:58:13Z,25.16,59.01,52,0,89.54,101.10,1.00,408.00,null,null,null
2023-09-17T04:59:13Z,25.15,59.01,52,0,89.54,101.09,1.00,408.00,null,null,null
2023-09-17T05:00:13Z,25.13,59.02,52,0,89.54,101.09,1.00,408.00,0,0,0
2023-09-17T05:01:13Z,25.16,59.02,52,0,89.54,101.09,1.00,408.00,null,null,null
2023-09-17T05:02:13Z,25.13,58.98,52,0,89.54,101.09,1.00,408.00,null,null,null
2023-09-17T05:03:13Z,25.13,58.99,52,0,89.54,101.08,1.00,408.00,null,null,null
2023-09-17T05:04:13Z,25.17,59.00,52,0,89.54,101.08,1.00,408.00,null,null,null
2023-09-17T05:05:13Z,25.13,59.04,52,0,89.54,101.09,1.00,408.00,0,0,0
2023-09-17T05:06:13Z,25.15,58.98,52,0,89.54,101.08,1.00,408.00,null,null,null
2023-09-17T05:07:13Z,25.15,59.00,52,0,89.54,101.08,1.00,408.00,null,null,null
2023-09-17T05:08:13Z,25.13,58.97,52,0,89.54,101.08,1.00,408.00,null,null,null
2023-09-17T05:09:13Z,25.12,58.97,52,0,89.54,101.08,1.00,408.00,null,null,null
2023-09-17T05:10:13Z,25.15,59.02,52,0,89.54,101.08,1.00,408.00,0,0,0
2023-09-17T05:11:13Z,25.12,58.98,52,0,89.54,101.09,1.00,408.00,null,null,null
2023-09-17T05:12:13Z,25.15,59.00,52,0,89.54,101.09,1.00,408.00,null,null,null
2023-09-17T05:13:13Z,25.13,58.98,52,0,89.54,101.09,1.00,408.00,null,null,null
2023-09-17T05:14:13Z,25.12,58.98,52,0,89.54,101.09,1.00,408.00,null,null,null
2023-09-17T05:15:13Z,25.10,59.03,52,0,89.54,101.10,1.00,408.00,0,0,0
2023-09-17T05:16:13Z,25.12,58.99,52,0,89.54,101.10,1.00,408.00,null,null,null
2023-09-17T05:17:13Z,25.12,58.97,52,0,89.54,101.10,1.00,408.00,null,null,null
2023-09-17T05:18:13Z,25.12,59.00,52,0,89.54,101.10,1.00,408.00,null,null,null
2023-09-17T05:19:13Z,25.10,59.02,52,0,89.54,101.11,1.00,408.00,null,null,null
2023-09-17T05:20:13Z,25.12,58.98,52,0,89.54,101.11,0.00,403.00,0,0,0
2023-09-17T05:21:13Z,25.12,58.96,52,0,89.54,101.11,1.00,408.00,null,null,null
2023-09-17T05:22:13Z,25.12,58.99,52,0,89.54,101.12,1.00,408.00,null,null,null
2023-09-17T05:23:13Z,25.10,58.98,52,0,89.54,101.11,1.00,408.00,null,null,null
2023-09-17T05:24:13Z,25.12,58.94,52,0,89.54,101.12,0.00,403.00,null,null,null
2023-09-17T05:25:13Z,25.09,59.03,52,0,89.54,101.12,1.00,408.00,0,0,0
2023-09-17T05:26:13Z,25.09,58.98,52,0,89.54,101.12,0.00,403.00,null,null,null
2023-09-17T05:27:13Z,25.08,58.99,51,0,89.54,101.11,1.00,408.00,null,null,null
2023-09-17T05:28:13Z,25.09,59.02,52,0,89.54,101.11,0.00,403.00,null,null,null
2023-09-17T05:29:13Z,25.12,58.97,52,0,89.54,101.11,0.00,403.00,null,null,null
2023-09-17T05:30:13Z,25.09,59.03,52,0,89.54,101.11,0.00,403.00,0,0,0
2023-09-17T05:31:13Z,25.10,59.03,52,0,89.53,101.11,0.00,403.00,null,null,null
2023-09-17T05:32:13Z,25.10,58.98,52,0,89.54,101.11,0.00,403.00,null,null,null
2023-09-17T05:33:13Z,25.09,58.95,51,0,89.54,101.10,0.00,403.00,null,null,null
2023-09-17T05:34:13Z,25.10,58.96,52,0,89.54,101.11,0.00,403.00,null,null,null
2023-09-17T05:35:13Z,25.09,58.97,52,0,89.54,101.11,0.00,403.00,0,0,0
2023-09-17T05:36:13Z,25.09,58.99,51,0,89.54,101.11,0.00,403.00,null,null,null
2023-09-17T05:37:13Z,25.10,59.00,52,0,89.54,101.10,0.00,403.00,null,null,null
2023-09-17T05:38:13Z,25.10,58.99,52,0,89.54,101.11,0.00,403.00,null,null,null
2023-09-17T05:39:13Z,25.09,59.00,52,0,89.54,101.10,0.00,403.00,null,null,null
2023-09-17T05:40:13Z,25.09,59.00,52,0,89.54,101.11,0.00,400.00,0,0,0
2023-09-17T05:41:13Z,25.09,58.98,51,0,89.54,101.11,0.00,400.00,null,null,null
2023-09-17T05:42:13Z,25.08,58.93,51,0,89.54,101.11,0.00,403.00,null,null,null
2023-09-17T05:43:13Z,25.10,58.96,51,0,89.54,101.11,0.00,403.00,null,null,null
2023-09-17T05:44:13Z,25.08,58.99,52,0,89.54,101.11,0.00,403.00,null,null,null
2023-09-17T05:45:13Z,25.08,59.01,51,0,89.54,101.10,0.00,403.00,0,0,0
2023-09-17T05:46:13Z,25.06,58.98,51,0,89.54,101.11,0.00,400.00,null,null,null
2023-09-17T05:47:13Z,25.09,59.01,52,0,89.54,101.11,0.00,400.00,null,null,null
2023-09-17T05:48:13Z,25.06,59.00,51,0,89.54,101.11,0.00,400.00,null,null,null
2023-09-17T05:49:13Z,25.08,58.98,51,0,89.54,101.11,0.00,400.00,null,null,null
2023-09-17T05:50:13Z,25.09,58.96,51,0,89.54,101.11,0.00,403.00,0,0,0
2023-09-17T05:51:13Z,25.09,58.95,51,0,89.54,101.11,0.00,400.00,null,null,null
2023-09-17T05:52:13Z,25.09,58.95,51,0,89.54,101.11,0.00,400.00,null,null,null
2023-09-17T05:53:13Z,25.09,58.97,51,0,89.54,101.11,0.00,400.00,null,null,null
2023-09-17T05:54:13Z,25.06,58.97,51,0,89.54,101.11,0.00,403.00,null,null,null
2023-09-17T05:55:13Z,25.08,58.97,51,0,89.54,101.10,0.00,403.00,0,0,0
2023-09-17T05:56:13Z,25.06,58.96,51,0,89.54,101.10,0.00,400.00,null,null,null
2023-09-17T05:57:13Z,25.09,58.95,51,0,89.54,101.10,0.00,400.00,null,null,null
2023-09-17T05:58:13Z,25.08,59.00,51,0,89.54,101.10,0.00,400.00,null,null,null
2023-09-17T05:59:13Z,25.04,58.99,51,0,89.54,101.10,0.00,400.00,null,null,null
2023-09-17T06:00:13Z,25.05,58.96,51,0,89.54,101.10,0.00,403.00,0,0,0
2023-09-17T06:01:13Z,25.06,58.94,51,0,89.54,101.10,0.00,400.00,null,null,null
2023-09-17T06:02:13Z,25.08,58.99,51,0,89.54,101.09,0.00,400.00,null,null,null
2023-09-17T06:03:13Z,25.06,58.97,51,0,89.54,101.09,0.00,400.00,null,null,null
2023-09-17T06:04:13Z,25.06,58.97,51,0,89.54,101.09,0.00,400.00,null,null,null
2023-09-17T06:05:13Z,25.06,58.97,52,0,89.54,101.09,0.00,403.00,0,0,0
2023-09-17T06:06:13Z,25.08,58.99,51,0,89.54,101.09,0.00,400.00,null,null,null
2023-09-17T06:07:13Z,25.06,58.96,51,0,89.54,101.10,0.00,400.00,null,null,null
2023-09-17T06:08:13Z,25.06,58.98,51,0,89.54,101.10,0.00,400.00,null,null,null
2023-09-17T06:09:13Z,25.05,58.96,51,0,89.54,101.09,0.00,400.00,null,null,null
2023-09-17T06:10:13Z,25.04,58.94,51,0,89.54,101.10,0.00,400.00,0,0,0
2023-09-17T06:11:13Z,25.05,58.96,51,0,89.54,101.10,0.00,400.00,null,null,null
2023-09-17T06:12:13Z,25.04,58.98,51,0,89.54,101.10,0.00,406.00,null,null,null
2023-09-17T06:13:13Z,25.02,58.96,51,0,89.54,101.10,0.00,400.00,null,null,null
2023-09-17T06:14:13Z,25.02,58.96,51,0,89.54,101.10,0.00,400.00,null,null,null
2023-09-17T06:15:13Z,25.05,58.97,51,0,89.54,101.10,0.00,400.00,0,0,0
2023-09-17T06:16:13Z,25.05,58.94,51,0,89.54,101.10,0.00,406.00,null,null,null
2023-09-17T06:17:13Z,25.06,58.98,51,0,89.54,101.11,0.00,406.00,null,null,null
2023-09-17T06:18:13Z,25.06,58.98,51,0,89.54,101.10,0.00,400.00,null,null,null
2023-09-17T06:19:13Z,25.05,58.99,51,0,89.54,101.11,0.00,406.00,null,null,null
2023-09-17T06:20:13Z,25.04,58.98,51,0,89.54,101.10,0.00,406.00,0,0,0
2023-09-17T06:21:13Z,25.05,58.98,51,0,89.54,101.10,0.00,400.00,null,null,null
2023-09-17T06:22:13Z,25.06,58.94,51,0,89.54,101.11,0.00,400.00,null,null,null
2023-09-17T06:23:13Z,25.06,58.96,51,0,89.54,101.11,0.00,406.00,null,null,null
2023-09-17T06:24:13Z,25.05,58.96,51,0,89.54,101.11,0.00,406.00,null,null,null
2023-09-17T06:25:13Z,25.04,58.98,51,0,89.54,101.11,0.00,400.00,0,0,0
2023-09-17T06:26:13Z,25.04,58.99,51,0,89.54,101.11,0.00,406.00,null,null,null
2023-09-17T06:27:13Z,25.04,58.97,51,0,89.54,101.11,0.00,406.00,null,null,null
2023-09-17T06:28:13Z,25.02,58.98,51,0,89.54,101.11,0.00,400.00,null,null,null
2023-09-17T06:29:13Z,25.02,58.94,51,0,89.54,101.11,0.00,400.00,null,null,null
2023-09-17T06:30:13Z,25.01,58.97,51,0,89.54,101.11,0.00,400.00,0,0,0
2023-09-17T06:31:13Z,25.04,58.91,51,0,89.54,101.12,0.00,400.00,null,null,null
2023-09-17T06:32:13Z,25.02,58.97,51,0,89.54,101.12,0.00,400.00,null,null,null
2023-09-17T06:33:13Z,25.02,58.94,51,0,89.54,101.11,0.00,400.00,null,null,null
2023-09-17T06:34:13Z,25.01,58.97,51,0,89.54,101.11,0.00,400.00,null,null,null
2023-09-17T06:35:13Z,25.01,58.96,51,0,89.54,101.11,0.00,400.00,0,0,0
2023-09-17T06:36:13Z,24.99,58.98,51,0,89.54,101.10,0.00,400.00,null,null,null
2023-09-17T06:37:13Z,25.02,58.95,51,0,89.54,101.11,0.00,400.00,null,null,null
2023-09-17T06:38:13Z,25.02,58.97,51,0,89.54,101.10,0.00,400.00,null,null,null
2023-09-17T06:39:13Z,25.01,58.96,51,0,89.54,101.10,0.00,400.00,null,null,null
2023-09-17T06:40:13Z,25.01,58.96,51,0,89.54,101.10,0.00,400.00,0,0,0
2023-09-17T06:41:13Z,25.01,58.96,51,0,89.54,101.11,0.00,400.00,null,null,null
2023-09-17T06:42:13Z,25.02,58.92,51,0,89.54,101.10,0.00,400.00,null,null,null
2023-09-17T06:43:13Z,24.98,58.91,51,0,89.54,101.10,0.00,403.00,null,null,null
2023-09-17T06:44:13Z,25.01,58.95,51,0,89.54,101.10,0.00,403.00,null,null,null
2023-09-17T06:45:13Z,24.99,58.98,51,0,89.54,101.10,0.00,403.00,0,0,0
2023-09-17T06:46:13Z,25.02,58.99,51,0,89.54,101.10,0.00,403.00,null,null,null
2023-09-17T06:47:13Z,25.02,58.96,51,0,89.54,101.10,0.00,403.00,null,null,null
2023-09-17T06:48:13Z,24.99,58.99,51,0,89.54,101.10,0.00,403.00,null,null,null
2023-09-17T06:49:13Z,25.02,58.93,51,0,89.54,101.10,0.00,403.00,null,null,null
2023-09-17T06:50:13Z,25.01,58.93,51,0,89.54,101.10,0.00,403.00,0,0,0
2023-09-17T06:51:13Z,24.98,58.95,51,0,89.54,101.10,0.00,400.00,null,null,null
2023-09-17T06:52:13Z,25.01,58.96,51,0,89.54,101.10,0.00,400.00,null,null,null
2023-09-17T06:53:13Z,25.01,58.93,51,0,89.54,101.10,0.00,403.00,null,null,null
2023-09-17T06:54:13Z,25.01,58.96,51,0,89.54,101.09,0.00,400.00,null,null,null
2023-09-17T06:55:13Z,24.98,58.97,51,0,89.54,101.09,0.00,400.00,0,0,0
2023-09-17T06:56:13Z,24.99,58.95,51,0,89.54,101.09,0.00,400.00,null,null,null
2023-09-17T06:57:13Z,25.01,58.95,51,0,89.54,101.09,0.00,403.00,null,null,null
2023-09-17T06:58:13Z,25.01,59.00,51,0,89.54,101.09,0.00,403.00,null,null,null
2023-09-17T06:59:13Z,24.99,58.96,51,0,89.54,101.09,0.00,400.00,null,null,null
2023-09-17T07:00:13Z,24.98,58.96,51,0,89.54,101.09,0.00,405.00,0,0,0
2023-09-17T07:01:13Z,24.99,58.94,51,0,89.54,101.09,0.00,405.00,null,null,null
2023-09-17T07:02:13Z,24.99,58.93,51,0,89.54,101.09,1.00,408.00,null,null,null
2023-09-17T07:03:13Z,25.01,58.91,51,0,89.54,101.09,1.00,408.00,null,null,null
2023-09-17T07:04:13Z,24.99,58.95,51,0,89.54,101.09,1.00,408.00,null,null,null
2023-09-17T07:05:13Z,24.98,58.96,51,0,89.54,101.10,1.00,408.00,0,0,0
2023-09-17T07:06:13Z,24.99,58.96,51,0,89.54,101.10,1.00,408.00,null,null,null
2023-09-17T07:07:13Z,24.99,58.95,51,0,89.54,101.10,1.00,408.00,null,null,null
2023-09-17T07:08:13Z,25.02,58.93,51,0,89.54,101.10,1.00,408.00,null,null,null
2023-09-17T07:09:13Z,24.99,59.00,51,0,89.54,101.10,0.00,405.00,null,null,null
2023-09-17T07:10:13Z,24.96,58.97,51,0,89.54,101.10,0.00,405.00,0,0,0
2023-09-17T07:11:13Z,24.99,58.92,51,0,89.54,101.10,0.00,405.00,null,null,null
2023-09-17T07:12:13Z,24.99,58.93,51,0,89.54,101.10,0.00,405.00,null,null,null
2023-09-17T07:13:13Z,24.98,58.91,51,0,89.54,101.10,1.00,408.00,null,null,null
2023-09-17T07:14:13Z,24.98,59.01,51,0,89.54,101.10,0.00,405.00,null,null,null
2023-09-17T07:15:13Z,24.96,58.93,51,0,89.54,101.10,0.00,405.00,0,0,0
2023-09-17T07:16:13Z,24.98,58.93,51,0,89.54,101.10,0.00,405.00,null,null,null
2023-09-17T07:17:13Z,24.98,58.91,51,0,89.54,101.10,0.00,405.00,null,null,null
2023-09-17T07:18:13Z,24.98,58.96,51,0,89.54,101.10,0.00,405.00,null,null,null
2023-09-17T07:19:13Z,24.98,58.95,51,0,89.54,101.10,0.00,405.00,null,null,null
2023-09-17T07:20:13Z,24.96,58.94,51,0,89.53,101.09,0.00,405.00,0,0,0
2023-09-17T07:21:13Z,24.96,58.98,51,0,89.54,101.10,0.00,400.00,null,null,null
2023-09-17T07:22:13Z,24.98,58.93,51,0,89.54,101.09,0.00,405.00,null,null,null
2023-09-17T07:23:13Z,24.98,58.89,51,0,89.54,101.09,0.00,405.00,null,null,null
2023-09-17T07:24:13Z,24.95,58.96,51,0,89.54,101.09,0.00,400.00,null,null,null
2023-09-17T07:25:13Z,24.95,58.93,51,0,89.54,101.09,0.00,400.00,0,0,0
2023-09-17T07:26:13Z,24.96,58.93,51,0,89.54,101.09,0.00,400.00,null,null,null
2023-09-17T07:27:13Z,24.98,58.90,51,0,89.54,101.08,0.00,400.00,null,null,null
2023-09-17T07:28:13Z,24.96,58.95,51,0,89.54,101.07,0.00,400.00,null,null,null
2023-09-17T07:29:13Z,24.92,58.96,51,0,89.54,101.08,0.00,405.00,null,null,null
2023-09-17T07:30:13Z,24.98,58.96,51,0,89.54,101.07,0.00,400.00,0,0,0
2023-09-17T07:31:13Z,24.96,58.93,51,0,89.54,101.07,0.00,400.00,null,null,null
2023-09-17T07:32:13Z,24.98,58.98,51,0,89.54,101.07,0.00,405.00,null,null,null
2023-09-17T07:33:13Z,24.95,58.97,51,0,89.54,101.07,0.00,405.00,null,null,null
2023-09-17T07:34:13Z,24.96,58.98,51,0,89.53,101.07,0.00,400.00,null,null,null
2023-09-17T07:35:13Z,24.95,58.94,51,0,89.54,101.06,0.00,405.00,0,0,0
2023-09-17T07:36:13Z,24.95,58.95,51,0,89.54,101.06,0.00,400.00,null,null,null
2023-09-17T07:37:13Z,24.96,58.93,51,0,89.54,101.06,0.00,405.00,null,null,null
2023-09-17T07:38:13Z,24.98,58.92,51,0,89.54,101.06,0.00,400.00,null,null,null
2023-09-17T07:39:13Z,24.94,58.94,51,0,89.54,101.06,0.00,400.00,null,null,null
2023-09-17T07:40:13Z,24.95,58.94,51,0,89.54,101.06,0.00,400.00,0,0,0
2023-09-17T07:41:13Z,24.95,58.96,51,0,89.54,101.06,0.00,400.00,null,null,null
2023-09-17T07:42:13Z,24.96,58.89,51,0,89.54,101.06,1.00,408.00,null,null,null
2023-09-17T07:43:13Z,24.96,58.88,51,0,89.54,101.07,0.00,403.00,null,null,null
2023-09-17T07:44:13Z,24.92,58.96,51,0,89.54,101.07,1.00,408.00,null,null,null
2023-09-17T07:45:13Z,24.95,58.97,51,0,89.54,101.07,1.00,408.00,0,0,0
2023-09-17T07:46:13Z,24.94,58.96,51,0,89.54,101.07,0.00,400.00,null,null,null
2023-09-17T07:47:13Z,24.95,58.92,51,0,89.54,101.07,0.00,403.00,null,null,null
2023-09-17T07:48:13Z,24.95,58.94,51,0,89.54,101.07,0.00,403.00,null,null,null
2023-09-17T07:49:13Z,24.95,58.94,51,0,89.54,101.07,0.00,403.00,null,null,null
2023-09-17T07:50:13Z,24.92,58.97,51,0,89.54,101.08,0.00,403.00,0,0,0
2023-09-17T07:51:13Z,24.94,58.92,50,0,89.54,101.07,0.00,400.00,null,null,null
2023-09-17T07:52:13Z,24.95,58.96,51,0,89.54,101.07,0.00,400.00,null,null,null
2023-09-17T07:53:13Z,24.94,58.93,51,0,89.54,101.07,0.00,403.00,null,null,null
2023-09-17T07:54:13Z,24.95,58.91,51,0,89.54,101.07,0.00,400.00,null,null,null
2023-09-17T07:55:13Z,24.92,58.97,51,0,89.54,101.07,0.00,403.00,0,0,0
2023-09-17T07:56:13Z,24.95,58.94,51,0,89.54,101.07,0.00,400.00,null,null,null
2023-09-17T07:57:13Z,24.95,58.94,51,0,89.54,101.06,0.00,400.00,null,null,null
2023-09-17T07:58:13Z,24.94,58.93,51,0,89.54,101.07,0.00,403.00,null,null,null
2023-09-17T07:59:13Z,24.94,58.92,51,0,89.54,101.07,0.00,400.00,null,null,null
2023-09-17T08:00:13Z,24.91,58.98,51,0,89.54,101.07,0.00,403.00,0,0,0
2023-09-17T08:01:13Z,24.94,58.89,50,0,89.54,101.07,1.00,408.00,null,null,null
2023-09-17T08:02:13Z,24.95,58.91,51,0,89.53,101.07,0.00,403.00,null,null,null
2023-09-17T08:03:13Z,24.94,58.93,51,0,89.54,101.06,0.00,400.00,null,null,null
2023-09-17T08:04:13Z,24.92,58.97,50,0,89.54,101.07,0.00,403.00,null,null,null
2023-09-17T08:05:13Z,24.91,58.97,51,0,89.54,101.07,0.00,403.00,0,0,0
2023-09-17T08:06:13Z,24.94,58.94,50,0,89.54,101.06,0.00,403.00,null,null,null
2023-09-17T08:07:13Z,24.96,58.91,51,0,89.54,101.06,0.00,403.00,null,null,null
2023-09-17T08:08:13Z,24.94,58.89,50,0,89.54,101.06,0.00,403.00,null,null,null
2023-09-17T08:09:13Z,24.94,58.93,51,0,89.54,101.06,0.00,403.00,null,null,null
2023-09-17T08:10:13Z,24.92,58.95,51,0,89.54,101.05,0.00,400.00,0,0,0
2023-09-17T08:11:13Z,24.91,58.94,51,0,89.54,101.05,0.00,403.00,null,null,null
2023-09-17T08:12:13Z,24.92,58.97,51,0,89.54,101.05,0.00,400.00,null,null,null
2023-09-17T08:13:13Z,24.91,58.93,51,0,89.54,101.04,0.00,400.00,null,null,null
2023-09-17T08:14:13Z,24.91,58.93,51,0,89.54,101.04,0.00,403.00,null,null,null
2023-09-17T08:15:13Z,24.91,58.94,51,0,89.54,101.04,0.00,403.00,0,0,0
2023-09-17T08:16:13Z,24.92,58.94,50,0,89.54,101.04,0.00,403.00,null,null,null
2023-09-17T08:17:13Z,24.94,58.94,50,0,89.54,101.04,0.00,400.00,null,null,null
2023-09-17T08:18:13Z,24.92,58.93,51,0,89.54,101.03,0.00,403.00,null,null,null
2023-09-17T08:19:13Z,24.92,58.94,51,0,89.54,101.03,0.00,403.00,null,null,null
2023-09-17T08:20:13Z,24.92,58.94,51,0,89.54,101.03,0.00,400.00,0,0,0
2023-09-17T08:21:13Z,24.94,58.93,50,0,89.54,101.03,0.00,403.00,null,null,null
2023-09-17T08:22:13Z,24.91,58.91,50,0,89.54,101.03,0.00,400.00,null,null,null
2023-09-17T08:23:13Z,24.91,58.93,50,0,89.54,101.03,0.00,400.00,null,null,null
2023-09-17T08:24:13Z,24.91,58.94,51,0,89.54,101.03,0.00,403.00,null,null,null
2023-09-17T08:25:13Z,24.88,58.92,50,0,89.54,101.03,0.00,400.00,0,0,0
2023-09-17T08:26:13Z,24.91,58.96,50,0,89.54,101.03,0.00,400.00,null,null,null
2023-09-17T08:27:13Z,24.94,58.96,50,0,89.54,101.02,0.00,403.00,null,null,null
2023-09-17T08:28:13Z,24.91,58.95,50,0,89.54,101.02,0.00,400.00,null,null,null
2023-09-17T08:29:13Z,24.91,58.90,51,0,89.54,101.02,0.00,400.00,null,null,null
2023-09-17T08:30:13Z,24.91,58.94,51,0,89.54,101.02,0.00,400.00,0,0,0
2023-09-17T08:31:13Z,24.92,58.92,51,0,89.54,101.02,0.00,403.00,null,null,null
2023-09-17T08:32:13Z,24.89,58.97,51,0,89.54,101.01,0.00,400.00,null,null,null
2023-09-17T08:33:13Z,24.91,58.96,51,0,89.54,101.02,0.00,403.00,null,null,null
2023-09-17T08:34:13Z,24.91,58.94,50,0,89.54,101.02,0.00,400.00,null,null,null
2023-09-17T08:35:13Z,24.91,58.94,50,0,89.54,101.02,0.00,400.00,0,0,0
2023-09-17T08:36:13Z,24.91,58.94,50,0,89.54,101.02,0.00,403.00,null,null,null
2023-09-17T08:37:13Z,24.91,58.94,50,0,89.54,101.02,0.00,400.00,null,null,null
2023-09-17T08:38:13Z,24.89,58.95,51,0,89.54,101.02,0.00,400.00,null,null,null
2023-09-17T08:39:13Z,24.91,58.95,50,0,89.54,101.02,0.00,403.00,null,null,null
2023-09-17T08:40:13Z,24.94,58.96,50,0,89.54,101.03,0.00,400.00,0,0,0
2023-09-17T08:41:13Z,24.91,58.92,50,0,89.54,101.02,0.00,400.00,null,null,null
2023-09-17T08:42:13Z,24.91,58.93,50,0,89.54,101.02,0.00,400.00,null,null,null
2023-09-17T08:43:13Z,24.92,58.91,50,0,89.54,101.02,0.00,403.00,null,null,null
2023-09-17T08:44:13Z,24.91,59.00,51,0,89.54,101.02,0.00,400.00,null,null,null
2023-09-17T08:45:13Z,24.91,58.99,50,0,89.54,101.01,0.00,403.00,0,0,0
2023-09-17T08:46:13Z,24.91,58.96,50,0,89.54,101.02,0.00,400.00,null,null,null
2023-09-17T08:47:13Z,24.91,58.91,50,0,89.54,101.02,0.00,400.00,null,null,null
2023-09-17T08:48:13Z,24.91,58.90,51,0,89.54,101.02,0.00,403.00,null,null,null
2023-09-17T08:49:13Z,24.91,58.94,50,0,89.54,101.03,0.00,400.00,null,null,null
2023-09-17T08:50:13Z,24.89,58.95,50,0,89.54,101.03,0.00,400.00,0,0,0
2023-09-17T08:51:13Z,24.87,58.95,50,0,89.54,101.04,0.00,400.00,null,null,null
2023-09-17T08:52:13Z,24.91,58.91,50,0,89.54,101.03,0.00,403.00,null,null,null
2023-09-17T08:53:13Z,24.89,58.90,50,0,89.54,101.03,0.00,400.00,null,null,null
2023-09-17T08:54:13Z,24.89,58.96,51,0,89.54,101.03,0.00,400.00,null,null,null
2023-09-17T08:55:13Z,24.88,58.95,50,0,89.54,101.03,0.00,400.00,0,0,0
2023-09-17T08:56:13Z,24.92,58.95,50,0,89.54,101.03,0.00,400.00,null,null,null
2023-09-17T08:57:13Z,24.89,58.94,50,0,89.54,101.03,0.00,400.00,null,null,null
2023-09-17T08:58:13Z,24.88,58.92,50,0,89.54,101.03,0.00,403.00,null,null,null
2023-09-17T08:59:13Z,24.91,58.95,50,0,89.54,101.02,0.00,400.00,null,null,null
2023-09-17T09:00:13Z,24.88,58.94,50,0,89.54,101.02,0.00,400.00,0,0,0
2023-09-17T09:01:13Z,24.91,58.95,50,0,89.54,101.02,0.00,403.00,null,null,null
2023-09-17T09:02:13Z,24.89,58.91,50,0,89.54,101.01,0.00,400.00,null,null,null
2023-09-17T09:03:13Z,24.89,58.92,50,0,89.54,101.01,0.00,400.00,null,null,null
2023-09-17T09:04:13Z,24.89,58.95,50,0,89.54,101.01,0.00,400.00,null,null,null
2023-09-17T09:05:13Z,24.87,58.96,50,0,89.54,101.00,0.00,403.00,0,0,0
2023-09-17T09:06:13Z,24.91,58.92,50,0,89.54,101.00,0.00,400.00,null,null,null
2023-09-17T09:07:13Z,24.91,58.90,50,0,89.54,101.00,0.00,406.00,null,null,null
2023-09-17T09:08:13Z,24.92,58.91,50,0,89.54,101.00,0.00,406.00,null,null,null
2023-09-17T09:09:13Z,24.89,58.95,50,0,89.54,101.00,0.00,406.00,null,null,null
2023-09-17T09:10:13Z,24.91,58.89,50,0,89.54,101.00,0.00,406.00,0,0,0
2023-09-17T09:11:13Z,24.89,58.97,50,0,89.54,100.99,0.00,406.00,null,null,null
2023-09-17T09:12:13Z,24.91,58.96,50,0,89.54,100.99,0.00,406.00,null,null,null
2023-09-17T09:13:13Z,24.89,58.98,50,0,89.54,100.99,0.00,406.00,null,null,null
2023-09-17T09:14:13Z,24.88,58.92,50,0,89.54,100.99,0.00,406.00,null,null,null
2023-09-17T09:15:13Z,24.88,58.96,50,0,89.54,100.99,0.00,406.00,0,0,0
2023-09-17T09:16:13Z,24.91,58.94,50,0,89.54,100.99,0.00,406.00,null,null,null
2023-09-17T09:17:13Z,24.89,58.95,50,0,89.54,100.99,0.00,406.00,null,null,null
2023-09-17T09:18:13Z,24.88,58.97,50,0,89.54,100.99,0.00,406.00,null,null,null
2023-09-17T09:19:13Z,24.87,58.91,50,0,89.54,100.99,0.00,406.00,null,null,null
2023-09-17T09:20:13Z,24.88,58.90,50,0,89.54,100.99,0.00,406.00,0,0,0
2023-09-17T09:21:13Z,24.91,58.98,50,0,89.54,100.99,0.00,400.00,null,null,null
2023-09-17T09:22:13Z,24.94,58.92,50,0,89.54,100.98,0.00,400.00,null,null,null
2023-09-17T09:23:13Z,24.91,58.98,50,0,89.54,100.98,0.00,406.00,null,null,null
2023-09-17T09:24:13Z,24.88,58.92,50,0,89.54,100.98,0.00,406.00,null,null,null
2023-09-17T09:25:13Z,24.87,58.95,50,0,89.54,100.98,0.00,406.00,0,0,0
2023-09-17T09:26:13Z,24.89,58.93,50,0,89.54,100.97,0.00,406.00,null,null,null
2023-09-17T09:27:13Z,24.91,58.94,50,0,89.54,100.97,0.00,406.00,null,null,null
2023-09-17T09:28:13Z,24.92,58.95,50,0,89.54,100.96,0.00,406.00,null,null,null
2023-09-17T09:29:13Z,24.89,58.93,50,0,89.54,100.97,0.00,406.00,null,null,null
2023-09-17T09:30:13Z,24.89,58.96,50,0,89.54,100.97,0.00,406.00,0,0,0
2023-09-17T09:31:13Z,24.89,58.96,50,0,89.54,100.98,0.00,400.00,null,null,null
2023-09-17T09:32:13Z,24.91,58.92,50,0,89.54,100.98,0.00,406.00,null,null,null
2023-09-17T09:33:13Z,24.91,58.95,50,0,89.54,100.98,0.00,406.00,null,null,null
2023-09-17T09:34:13Z,24.88,58.98,50,0,89.54,100.99,0.00,400.00,null,null,null
2023-09-17T09:35:13Z,24.91,58.98,50,0,89.54,100.99,0.00,406.00,0,0,0
2023-09-17T09:36:13Z,24.92,58.93,50,0,89.54,100.99,0.00,406.00,null,null,null
2023-09-17T09:37:13Z,24.91,58.97,50,0,89.54,101.00,0.00,406.00,null,null,null
2023-09-17T09:38:13Z,24.91,58.96,50,0,89.54,101.00,0.00,406.00,null,null,null
2023-09-17T09:39:13Z,24.92,58.90,50,0,89.54,101.00,0.00,406.00,null,null,null
2023-09-17T09:40:13Z,24.88,58.96,50,0,89.54,101.01,0.00,406.00,0,0,0
2023-09-17T09:41:13Z,24.91,58.92,50,0,89.54,101.01,1.00,409.00,null,null,null
2023-09-17T09:42:13Z,24.92,58.95,50,0,89.54,101.01,1.00,409.00,null,null,null
2023-09-17T09:43:13Z,24.89,58.96,50,0,89.54,101.01,1.00,409.00,null,null,null
2023-09-17T09:44:13Z,24.91,58.96,50,0,89.54,101.01,1.00,409.00,null,null,null
2023-09-17T09:45:13Z,24.89,58.96,50,0,89.54,101.00,1.00,409.00,0,0,0
2023-09-17T09:46:13Z,24.91,58.96,50,0,89.54,101.00,1.00,409.00,null,null,null
2023-09-17T09:47:13Z,24.89,58.92,50,0,89.53,101.00,1.00,409.00,null,null,null
2023-09-17T09:48:13Z,24.89,58.95,50,0,89.53,101.00,1.00,409.00,null,null,null
2023-09-17T09:49:13Z,24.89,58.94,50,0,89.54,101.00,0.00,406.00,null,null,null
2023-09-17T09:50:13Z,24.91,58.93,50,0,89.54,100.99,0.00,406.00,0,0,0
2023-09-17T09:51:13Z,24.91,58.95,50,0,89.54,100.99,1.00,409.00,null,null,null
2023-09-17T09:52:13Z,24.94,58.95,50,0,89.54,100.99,1.00,409.00,null,null,null
2023-09-17T09:53:13Z,24.91,58.98,50,0,89.54,100.99,1.00,409.00,null,null,null
2023-09-17T09:54:13Z,24.91,58.91,50,0,89.54,100.99,1.00,409.00,null,null,null
2023-09-17T09:55:13Z,24.91,58.96,50,0,89.54,101.00,1.00,409.00,0,0,0
2023-09-17T09:56:13Z,24.92,58.96,50,0,89.54,101.00,1.00,409.00,null,null,null
2023-09-17T09:57:13Z,24.92,58.94,50,0,89.54,100.99,1.00,409.00,null,null,null
2023-09-17T09:58:13Z,24.89,59.00,50,0,89.54,101.00,1.00,409.00,null,null,null
2023-09-17T09:59:13Z,24.89,58.95,50,0,89.54,101.01,1.00,409.00,null,null,null
2023-09-17T10:00:13Z,24.89,58.97,50,0,89.54,101.01,0.00,406.00,0,0,0
2023-09-17T10:01:13Z,24.92,58.96,50,0,89.54,101.01,1.00,409.00,null,null,null
2023-09-17T10:02:13Z,24.92,58.98,50,0,89.54,101.02,1.00,409.00,null,null,null
2023-09-17T10:03:13Z,24.91,58.93,50,0,89.54,101.01,1.00,409.00,null,null,null
2023-09-17T10:04:13Z,24.92,58.98,50,0,89.54,101.02,1.00,409.00,null,null,null
2023-09-17T10:05:13Z,24.91,58.92,50,0,89.54,101.02,1.00,409.00,0,0,0
2023-09-17T10:06:13Z,24.91,58.94,50,0,89.53,101.02,1.00,409.00,null,null,null
2023-09-17T10:07:13Z,24.92,58.97,50,0,89.53,101.02,1.00,409.00,null,null,null
2023-09-17T10:08:13Z,24.92,58.94,50,0,89.54,101.02,1.00,409.00,null,null,null
2023-09-17T10:09:13Z,24.91,58.98,50,0,89.54,101.03,1.00,409.00,null,null,null
2023-09-17T10:10:13Z,24.92,58.99,50,0,89.54,101.02,1.00,409.00,0,0,0
2023-09-17T10:11:13Z,24.92,58.96,50,0,89.54,101.02,1.00,409.00,null,null,null
2023-09-17T10:12:13Z,24.92,58.98,50,0,89.54,101.02,1.00,409.00,null,null,null
2023-09-17T10:13:13Z,24.92,58.96,50,0,89.54,101.02,1.00,409.00,null,null,null
2023-09-17T10:14:13Z,24.91,58.96,50,0,89.54,101.03,1.00,409.00,null,null,null
2023-09-17T10:15:13Z,24.91,58.99,50,0,89.54,101.02,1.00,409.00,0,0,0
2023-09-17T10:16:13Z,24.94,59.02,50,0,89.54,101.02,1.00,409.00,null,null,null
2023-09-17T10:17:13Z,24.94,58.93,50,0,89.54,101.02,1.00,409.00,null,null,null
2023-09-17T10:18:13Z,24.91,59.02,50,0,89.54,101.02,1.00,409.00,null,null,null
2023-09-17T10:19:13Z,24.91,58.96,50,0,89.54,101.02,1.00,409.00,null,null,null
2023-09-17T10:20:13Z,24.92,58.99,50,0,89.54,101.01,1.00,409.00,0,0,0
2023-09-17T10:21:13Z,24.94,59.02,50,0,89.54,101.02,1.00,409.00,null,null,null
2023-09-17T10:22:13Z,24.92,58.96,50,0,89.54,101.02,1.00,409.00,null,null,null
2023-09-17T10:23:13Z,24.91,58.99,50,0,89.54,101.01,0.00,406.00,null,null,null
2023-09-17T10:24:13Z,24.92,58.98,50,0,89.54,101.01,1.00,409.00,null,null,null
2023-09-17T10:25:13Z,24.92,58.98,50,0,89.54,101.01,1.00,409.00,0,0,0
2023-09-17T10:26:13Z,24.91,58.97,49,0,89.54,101.00,1.00,409.00,null,null,null
2023-09-17T10:27:13Z,24.89,58.96,50,0,89.54,101.01,1.00,409.00,null,null,null
2023-09-17T10:28:13Z,24.92,58.98,50,0,89.54,101.01,1.00,409.00,null,null,null
2023-09-17T10:29:13Z,24.91,58.95,50,0,89.54,101.01,1.00,409.00,null,null,null
2023-09-17T10:30:13Z,24.89,58.99,50,0,89.54,101.01,1.00,409.00,0,0,0
2023-09-17T10:31:13Z,24.91,58.97,50,0,89.54,101.01,1.00,409.00,null,null,null
2023-09-17T10:32:13Z,24.95,58.97,50,0,89.54,101.00,1.00,409.00,null,null,null
2023-09-17T10:33:13Z,24.92,59.00,50,0,89.54,101.00,1.00,409.00,null,null,null
2023-09-17T10:34:13Z,24.91,58.99,50,0,89.54,101.00,1.00,409.00,null,null,null
2023-09-17T10:35:13Z,24.92,58.96,49,0,89.54,100.99,1.00,409.00,0,0,0
2023-09-17T10:36:13Z,24.94,58.95,50,0,89.54,100.99,1.00,409.00,null,null,null
2023-09-17T10:37:13Z,24.94,58.99,50,0,89.54,100.99,1.00,409.00,null,null,null
2023-09-17T10:38:13Z,24.94,58.98,50,0,89.54,100.99,1.00,409.00,null,null,null
2023-09-17T10:39:13Z,24.91,58.96,50,0,89.54,100.99,1.00,409.00,null,null,null
2023-09-17T10:40:13Z,24.92,58.97,50,0,89.54,100.99,1.00,409.00,0,0,0
2023-09-17T10:41:13Z,24.94,59.01,50,0,89.54,100.98,1.00,409.00,null,null,null
2023-09-17T10:42:13Z,24.94,58.98,50,0,89.54,100.98,1.00,409.00,null,null,null
2023-09-17T10:43:13Z,24.94,58.99,50,0,89.54,100.98,1.00,409.00,null,null,null
2023-09-17T10:44:13Z,24.91,58.99,50,0,89.54,100.98,1.00,409.00,null,null,null
2023-09-17T10:45:13Z,24.88,59.00,50,0,89.54,100.99,1.00,409.00,0,0,0
2023-09-17T10:46:13Z,24.92,58.98,50,0,89.54,100.99,0.00,406.00,null,null,null
2023-09-17T10:47:13Z,24.94,58.98,50,0,89.54,100.99,1.00,409.00,null,null,null
2023-09-17T10:48:13Z,24.94,58.97,50,0,89.54,100.98,1.00,409.00,null,null,null
2023-09-17T10:49:13Z,24.92,59.00,50,0,89.54,100.99,1.00,409.00,null,null,null
2023-09-17T10:50:13Z,24.92,58.95,50,0,89.54,100.99,1.00,409.00,0,0,0
2023-09-17T10:51:13Z,24.91,59.00,50,0,89.54,100.99,1.00,409.00,null,null,null
2023-09-17T10:52:13Z,24.92,58.96,50,0,89.54,100.99,1.00,409.00,null,null,null
2023-09-17T10:53:13Z,24.92,58.98,49,0,89.54,100.99,1.00,409.00,null,null,null
2023-09-17T10:54:13Z,24.95,59.03,50,0,89.54,100.99,2.00,414.00,null,null,null
2023-09-17T10:55:13Z,24.94,59.06,50,0,89.54,101.00,1.00,409.00,0,0,0
2023-09-17T10:56:13Z,24.95,59.03,50,0,89.54,100.99,1.00,409.00,null,null,null
2023-09-17T10:57:13Z,24.94,58.98,49,0,89.54,101.00,1.00,409.00,null,null,null
2023-09-17T10:58:13Z,24.94,58.97,50,0,89.54,101.00,1.00,409.00,null,null,null
2023-09-17T10:59:13Z,24.94,58.99,50,0,89.54,101.00,1.00,409.00,null,null,null
2023-09-17T11:00:13Z,24.95,59.04,50,0,89.54,101.00,1.00,409.00,0,0,0
2023-09-17T11:01:13Z,24.95,59.01,49,0,89.54,101.00,1.00,409.00,null,null,null
2023-09-17T11:02:13Z,24.92,58.98,50,0,89.54,101.00,1.00,409.00,null,null,null
2023-09-17T11:03:13Z,24.95,59.00,50,0,89.54,101.00,2.00,414.00,null,null,null
2023-09-17T11:04:13Z,24.94,58.99,49,0,89.54,100.99,0.00,406.00,null,null,null
2023-09-17T11:05:13Z,24.95,58.97,49,0,89.54,100.99,2.00,414.00,0,0,0
2023-09-17T11:06:13Z,24.95,58.98,50,0,89.54,100.99,1.00,409.00,null,null,null
2023-09-17T11:07:13Z,24.95,59.04,50,0,89.54,101.00,2.00,414.00,null,null,null
2023-09-17T11:08:13Z,24.94,58.98,49,0,89.54,101.00,1.00,409.00,null,null,null
2023-09-17T11:09:13Z,24.94,58.99,50,0,89.54,101.00,1.00,409.00,null,null,null
2023-09-17T11:10:13Z,24.95,59.02,50,0,89.54,101.00,1.00,409.00,0,0,0
2023-09-17T11:11:13Z,24.92,59.01,49,0,89.54,101.00,0.00,406.00,null,null,null
2023-09-17T11:12:13Z,24.95,58.99,49,0,89.54,101.00,2.00,414.00,null,null,null
2023-09-17T11:13:13Z,24.95,58.99,50,0,89.54,101.00,1.00,409.00,null,null,null
2023-09-17T11:14:13Z,24.95,59.02,49,0,89.54,101.00,1.00,409.00,null,null,null
2023-09-17T11:15:13Z,24.94,58.99,50,0,89.54,101.01,2.00,414.00,0,0,0
2023-09-17T11:16:13Z,24.96,59.00,49,0,89.54,101.00,1.00,409.00,null,null,null
2023-09-17T11:17:13Z,24.96,58.98,49,0,89.54,101.01,2.00,414.00,null,null,null
2023-09-17T11:18:13Z,24.95,58.95,49,0,89.54,101.00,1.00,409.00,null,null,null
2023-09-17T11:19:13Z,24.91,59.00,49,0,89.54,100.99,1.00,409.00,null,null,null
2023-09-17T11:20:13Z,24.92,58.99,49,0,89.54,101.00,1.00,409.00,0,0,0
2023-09-17T11:21:13Z,24.95,58.99,49,0,89.54,101.00,2.00,414.00,null,null,null
2023-09-17T11:22:13Z,24.95,58.99,49,0,89.53,101.00,0.00,406.00,null,null,null
2023-09-17T11:23:13Z,24.94,58.97,50,0,89.54,100.99,2.00,414.00,null,null,null
2023-09-17T11:24:13Z,24.94,59.05,49,0,89.54,100.99,2.00,414.00,null,null,null
2023-09-17T11:25:13Z,24.94,59.03,49,0,89.54,100.99,1.00,409.00,0,0,0
2023-09-17T11:26:13Z,24.98,59.00,49,0,89.54,100.99,1.00,409.00,null,null,null
2023-09-17T11:27:13Z,24.96,59.02,49,0,89.54,100.99,1.00,409.00,null,null,null
2023-09-17T11:28:13Z,24.95,59.03,49,0,89.54,100.97,2.00,414.00,null,null,null
2023-09-17T11:29:13Z,24.95,59.00,49,0,89.54,100.98,1.00,409.00,null,null,null
2023-09-17T11:30:13Z,24.95,59.05,50,0,89.54,100.97,1.00,409.00,0,0,0
2023-09-17T11:31:13Z,24.96,58.98,49,0,89.54,100.97,1.00,409.00,null,null,null
2023-09-17T11:32:13Z,24.94,58.98,50,0,89.54,100.96,1.00,409.00,null,null,null
2023-09-17T11:33:13Z,24.96,59.00,49,0,89.54,100.96,1.00,409.00,null,null,null
2023-09-17T11:34:13Z,24.95,58.98,49,0,89.54,100.97,1.00,409.00,null,null,null
2023-09-17T11:35:13Z,24.94,58.98,50,0,89.54,100.96,1.00,409.00,0,0,0
2023-09-17T11:36:13Z,24.96,59.03,49,0,89.54,100.96,2.00,414.00,null,null,null
2023-09-17T11:37:13Z,24.95,58.99,50,0,89.54,100.96,2.00,414.00,null,null,null
2023-09-17T11:38:13Z,24.96,59.01,49,0,89.54,100.96,2.00,414.00,null,null,null
2023-09-17T11:39:13Z,24.95,59.03,49,0,89.54,100.95,2.00,414.00,null,null,null
2023-09-17T11:40:13Z,24.96,59.03,49,0,89.54,100.96,2.00,414.00,0,0,0
2023-09-17T11:41:13Z,24.96,58.97,49,0,89.53,100.95,2.00,414.00,null,null,null
2023-09-17T11:42:13Z,24.95,59.02,49,0,89.54,100.95,2.00,414.00,null,null,null
2023-09-17T11:43:13Z,24.95,58.97,49,0,89.54,100.95,1.00,409.00,null,null,null
2023-09-17T11:44:13Z,24.95,59.03,49,0,89.54,100.95,1.00,409.00,null,null,null
2023-09-17T11:45:13Z,24.91,58.96,49,0,89.54,100.95,2.00,414.00,0,0,0
2023-09-17T11:46:13Z,24.96,59.01,49,0,89.54,100.95,1.00,409.00,null,null,null
2023-09-17T11:47:13Z,24.98,59.03,49,0,89.54,100.95,2.00,414.00,null,null,null
2023-09-17T11:48:13Z,24.96,59.01,49,0,89.54,100.95,2.00,414.00,null,null,null
2023-09-17T11:49:13Z,24.96,59.04,49,0,89.54,100.94,2.00,414.00,null,null,null
2023-09-17T11:50:13Z,24.96,58.98,49,0,89.54,100.94,2.00,414.00,0,0,0
2023-09-17T11:51:13Z,24.96,59.00,49,0,89.54,100.95,2.00,414.00,null,null,null
2023-09-17T11:52:13Z,24.94,58.97,49,0,89.54,100.94,2.00,414.00,null,null,null
2023-09-17T11:53:13Z,24.98,58.98,49,0,89.54,100.94,1.00,409.00,null,null,null
2023-09-17T11:54:13Z,24.96,59.00,49,0,89.54,100.94,1.00,409.00,null,null,null
2023-09-17T11:55:13Z,24.94,59.02,49,0,89.54,100.93,2.00,414.00,0,0,0
2023-09-17T11:56:13Z,24.95,59.01,49,0,89.54,100.94,2.00,414.00,null,null,null
2023-09-17T11:57:13Z,24.95,58.97,49,0,89.54,100.93,2.00,414.00,null,null,null
2023-09-17T11:58:13Z,24.95,58.99,49,0,89.53,100.93,2.00,414.00,null,null,null
2023-09-17T11:59:13Z,24.96,59.05,49,0,89.54,100.93,2.00,414.00,null,null,null
2023-09-17T12:00:13Z,24.94,59.01,48,0,89.54,100.94,2.00,414.00,0,0,0
2023-09-17T12:01:13Z,24.96,59.03,49,0,89.54,100.93,2.00,414.00,null,null,null
2023-09-17T12:02:13Z,24.96,59.01,49,0,89.54,100.93,2.00,414.00,null,null,null
2023-09-17T12:03:13Z,24.95,59.02,49,0,89.54,100.93,1.00,409.00,null,null,null
2023-09-17T12:04:13Z,24.96,59.01,49,0,89.54,100.93,2.00,414.00,null,null,null
2023-09-17T12:05:13Z,24.94,59.02,49,0,89.54,100.94,2.00,414.00,0,0,0
2023-09-17T12:06:13Z,24.98,59.03,48,0,89.54,100.93,2.00,414.00,null,null,null
2023-09-17T12:07:13Z,24.95,59.01,49,0,89.54,100.94,2.00,414.00,null,null,null
2023-09-17T12:08:13Z,24.98,59.01,49,0,89.54,100.94,2.00,414.00,null,null,null
2023-09-17T12:09:13Z,24.95,59.03,49,0,89.54,100.94,1.00,409.00,null,null,null
2023-09-17T12:10:13Z,24.98,59.03,49,0,89.54,100.95,2.00,414.00,0,0,0
2023-09-17T12:11:13Z,24.96,59.06,49,0,89.54,100.95,2.00,414.00,null,null,null
2023-09-17T12:12:13Z,24.98,59.06,49,0,89.54,100.94,2.00,414.00,null,null,null
2023-09-17T12:13:13Z,24.96,59.05,49,0,89.54,100.94,2.00,414.00,null,null,null
2023-09-17T12:14:13Z,24.95,58.99,49,0,89.54,100.94,2.00,414.00,null,null,null
2023-09-17T12:15:13Z,24.95,59.02,49,0,89.54,100.94,2.00,414.00,0,0,0
2023-09-17T12:16:13Z,24.96,59.04,49,0,89.54,100.94,2.00,414.00,null,null,null
2023-09-17T12:17:13Z,24.98,59.01,49,0,89.54,100.94,2.00,414.00,null,null,null
2023-09-17T12:18:13Z,24.96,59.00,49,0,89.54,100.93,1.00,409.00,null,null,null
2023-09-17T12:19:13Z,24.96,59.03,49,0,89.54,100.93,2.00,414.00,null,null,null
2023-09-17T12:20:13Z,24.95,59.03,49,0,89.54,100.93,2.00,417.00,0,0,0
2023-09-17T12:21:13Z,24.96,58.98,49,0,89.54,100.93,2.00,417.00,null,null,null
2023-09-17T12:22:13Z,24.96,59.01,49,0,89.54,100.92,2.00,417.00,null,null,null
2023-09-17T12:23:13Z,24.98,59.01,49,0,89.54,100.92,2.00,417.00,null,null,null
2023-09-17T12:24:13Z,24.94,59.00,49,0,89.54,100.92,2.00,417.00,null,null,null
2023-09-17T12:25:13Z,24.94,59.01,48,0,89.54,100.91,2.00,417.00,0,0,0
2023-09-17T12:26:13Z,24.95,59.00,49,0,89.54,100.91,2.00,417.00,null,null,null
2023-09-17T12:27:13Z,24.98,59.00,49,0,89.54,100.91,2.00,417.00,null,null,null
2023-09-17T12:28:13Z,24.95,59.03,49,0,89.54,100.90,2.00,414.00,null,null,null
2023-09-17T12:29:13Z,24.96,59.02,49,0,89.54,100.90,2.00,417.00,null,null,null
2023-09-17T12:30:13Z,24.96,59.01,48,0,89.54,100.89,2.00,414.00,0,0,0
2023-09-17T12:31:13Z,24.95,59.00,49,0,89.54,100.89,1.00,409.00,null,null,null
2023-09-17T12:32:13Z,24.98,59.01,49,0,89.54,100.88,2.00,414.00,null,null,null
2023-09-17T12:33:13Z,24.96,58.98,48,0,89.54,100.88,2.00,414.00,null,null,null
2023-09-17T12:34:13Z,24.96,59.05,49,0,89.54,100.88,2.00,417.00,null,null,null
2023-09-17T12:35:13Z,24.96,59.03,49,0,89.54,100.88,2.00,417.00,0,0,0
2023-09-17T12:36:13Z,24.95,59.00,49,0,89.54,100.87,2.00,414.00,null,null,null
2023-09-17T12:37:13Z,24.98,58.98,49,0,89.54,100.86,2.00,417.00,null,null,null
2023-09-17T12:38:13Z,24.95,59.03,49,0,89.54,100.86,2.00,417.00,null,null,null
2023-09-17T12:39:13Z,24.95,59.02,49,0,89.54,100.87,2.00,417.00,null,null,null
2023-09-17T12:40:13Z,24.95,58.99,49,0,89.54,100.86,2.00,417.00,0,0,0
2023-09-17T12:41:13Z,24.94,58.98,48,0,89.54,100.86,2.00,414.00,null,null,null
2023-09-17T12:42:13Z,24.95,59.01,49,0,89.54,100.86,2.00,414.00,null,null,null
2023-09-17T12:43:13Z,24.98,59.01,48,0,89.54,100.85,2.00,414.00,null,null,null
2023-09-17T12:44:13Z,24.98,59.03,49,0,89.54,100.85,2.00,417.00,null,null,null
2023-09-17T12:45:13Z,24.95,59.07,49,0,89.54,100.85,2.00,417.00,0,0,0
2023-09-17T12:46:13Z,24.96,59.05,49,0,89.54,100.85,2.00,417.00,null,null,null
2023-09-17T12:47:13Z,24.95,59.03,49,0,89.54,100.84,2.00,417.00,null,null,null
2023-09-17T12:48:13Z,24.95,59.01,49,0,89.54,100.84,2.00,417.00,null,null,null
2023-09-17T12:49:13Z,24.95,58.93,49,0,89.54,100.83,2.00,417.00,null,null,null
2023-09-17T12:50:13Z,24.95,59.03,48,0,89.54,100.83,2.00,417.00,0,0,0
2023-09-17T12:51:13Z,24.98,59.01,49,0,89.54,100.83,2.00,414.00,null,null,null
2023-09-17T12:52:13Z,24.96,59.01,49,0,89.54,100.82,2.00,417.00,null,null,null
2023-09-17T12:53:13Z,24.96,59.02,49,0,89.54,100.83,2.00,417.00,null,null,null
2023-09-17T12:54:13Z,24.95,58.99,49,0,89.54,100.82,2.00,417.00,null,null,null
2023-09-17T12:55:13Z,24.94,58.98,48,0,89.54,100.82,2.00,417.00,0,0,0
2023-09-17T12:56:13Z,24.95,58.98,48,0,89.54,100.83,1.00,409.00,null,null,null
2023-09-17T12:57:13Z,24.95,59.02,48,0,89.54,100.83,2.00,414.00,null,null,null
2023-09-17T12:58:13Z,24.98,58.98,48,0,89.54,100.84,1.00,409.00,null,null,null
2023-09-17T12:59:13Z,24.98,59.03,48,0,89.54,100.84,2.00,414.00,null,null,null
2023-09-17T13:00:13Z,24.94,59.01,49,0,89.54,100.84,2.00,414.00,0,0,0
2023-09-17T13:01:13Z,24.95,59.01,48,0,89.54,100.84,2.00,417.00,null,null,null
2023-09-17T13:02:13Z,24.96,58.98,48,0,89.54,100.84,2.00,417.00,null,null,null
2023-09-17T13:03:13Z,24.95,59.03,48,0,89.54,100.84,2.00,414.00,null,null,null
2023-09-17T13:04:13Z,24.96,59.02,48,0,89.54,100.84,2.00,414.00,null,null,null
2023-09-17T13:05:13Z,24.94,59.03,48,0,89.54,100.84,2.00,414.00,0,0,0
2023-09-17T13:06:13Z,24.94,58.99,48,0,89.54,100.84,2.00,417.00,null,null,null
2023-09-17T13:07:13Z,24.96,59.01,48,0,89.54,100.84,2.00,414.00,null,null,null
2023-09-17T13:08:13Z,24.94,59.03,48,0,89.54,100.84,2.00,417.00,null,null,null
2023-09-17T13:09:13Z,24.94,59.04,49,0,89.54,100.83,2.00,417.00,null,null,null
2023-09-17T13:10:13Z,24.95,59.01,48,0,89.54,100.83,2.00,417.00,0,0,0
2023-09-17T13:11:13Z,24.96,59.01,48,0,89.54,100.82,2.00,417.00,null,null,null
2023-09-17T13:12:13Z,24.96,59.01,48,0,89.54,100.81,2.00,417.00,null,null,null
2023-09-17T13:13:13Z,24.95,59.01,48,0,89.54,100.81,2.00,417.00,null,null,null
2023-09-17T13:14:13Z,24.95,59.04,48,0,89.54,100.81,2.00,417.00,null,null,null
2023-09-17T13:15:13Z,24.94,58.98,48,0,89.54,100.82,2.00,417.00,0,0,0
2023-09-17T13:16:13Z,24.95,58.97,48,0,89.54,100.82,2.00,417.00,null,null,null
2023-09-17T13:17:13Z,24.91,58.98,48,0,89.54,100.82,2.00,417.00,null,null,null
2023-09-17T13:18:13Z,24.96,59.05,48,0,89.54,100.83,2.00,417.00,null,null,null
2023-09-17T13:19:13Z,24.98,58.99,48,0,89.54,100.83,2.00,417.00,null,null,null
2023-09-17T13:20:13Z,24.95,59.00,48,0,89.54,100.84,2.00,417.00,0,0,0
2023-09-17T13:21:13Z,24.96,59.01,48,0,89.54,100.84,2.00,417.00,null,null,null
2023-09-17T13:22:13Z,24.96,58.99,48,0,89.54,100.85,2.00,417.00,null,null,null
2023-09-17T13:23:13Z,24.94,58.98,48,0,89.54,100.84,2.00,417.00,null,null,null
2023-09-17T13:24:13Z,24.94,59.03,48,0,89.54,100.84,2.00,417.00,null,null,null
2023-09-17T13:25:13Z,24.92,58.99,48,0,89.54,100.85,2.00,417.00,0,0,0
2023-09-17T13:26:13Z,24.95,59.02,48,0,89.54,100.85,2.00,417.00,null,null,null
2023-09-17T13:27:13Z,24.98,59.03,48,0,89.54,100.85,2.00,417.00,null,null,null
2023-09-17T13:28:13Z,24.96,59.03,48,0,89.54,100.85,2.00,417.00,null,null,null
2023-09-17T13:29:13Z,24.94,59.01,48,0,89.54,100.85,2.00,417.00,null,null,null
2023-09-17T13:30:13Z,24.92,58.97,48,0,89.54,100.84,2.00,417.00,0,0,0
2023-09-17T13:31:13Z,24.95,58.99,48,0,89.54,100.84,2.00,417.00,null,null,null
2023-09-17T13:32:13Z,24.95,58.98,48,0,89.54,100.84,2.00,417.00,null,null,null
2023-09-17T13:33:13Z,24.95,58.98,48,0,89.54,100.84,2.00,417.00,null,null,null
2023-09-17T13:34:13Z,24.92,59.03,48,0,89.54,100.83,2.00,417.00,null,null,null
2023-09-17T13:35:13Z,24.95,59.07,48,0,89.54,100.83,2.00,417.00,0,0,0
2023-09-17T13:36:13Z,24.95,59.05,48,0,89.54,100.83,2.00,417.00,null,null,null
2023-09-17T13:37:13Z,24.95,58.96,48,0,89.54,100.83,2.00,417.00,null,null,null
2023-09-17T13:38:13Z,24.95,59.02,48,0,89.54,100.83,2.00,417.00,null,null,null
2023-09-17T13:39:13Z,24.94,59.02,48,0,89.54,100.83,2.00,414.00,null,null,null
2023-09-17T13:40:13Z,24.94,59.03,48,0,89.54,100.84,2.00,417.00,0,0,0
2023-09-17T13:41:13Z,24.95,59.02,48,0,89.54,100.83,2.00,417.00,null,null,null
2023-09-17T13:42:13Z,24.94,59.05,48,0,89.54,100.83,2.00,417.00,null,null,null
2023-09-17T13:43:13Z,24.94,59.02,48,0,89.54,100.83,2.00,417.00,null,null,null
2023-09-17T13:44:13Z,24.92,59.02,48,0,89.54,100.83,2.00,417.00,null,null,null
2023-09-17T13:45:13Z,24.92,59.03,48,0,89.54,100.83,2.00,417.00,0,0,0
2023-09-17T13:46:13Z,24.92,59.03,48,0,89.54,100.83,2.00,417.00,null,null,null
2023-09-17T13:47:13Z,24.92,59.07,48,0,89.54,100.83,2.00,417.00,null,null,null
2023-09-17T13:48:13Z,24.94,59.04,48,0,89.54,100.83,2.00,417.00,null,null,null
2023-09-17T13:49:13Z,24.94,58.98,48,0,89.54,100.82,2.00,417.00,null,null,null
2023-09-17T13:50:13Z,24.92,59.00,48,0,89.54,100.83,2.00,417.00,0,0,0
2023-09-17T13:51:13Z,24.94,59.03,48,0,89.54,100.82,2.00,417.00,null,null,null
2023-09-17T13:52:13Z,24.94,59.01,48,0,89.54,100.82,2.00,417.00,null,null,null
2023-09-17T13:53:13Z,24.91,58.98,48,0,89.54,100.83,2.00,417.00,null,null,null
2023-09-17T13:54:13Z,24.92,59.01,48,0,89.54,100.82,2.00,417.00,null,null,null
2023-09-17T13:55:13Z,24.92,59.02,48,0,89.54,100.83,2.00,417.00,0,0,0
2023-09-17T13:56:13Z,24.94,58.98,48,0,89.54,100.82,2.00,417.00,null,null,null
2023-09-17T13:57:13Z,24.94,58.98,48,0,89.54,100.82,2.00,417.00,null,null,null
2023-09-17T13:58:13Z,24.94,59.03,48,0,89.54,100.81,2.00,417.00,null,null,null
2023-09-17T13:59:13Z,24.92,58.99,48,0,89.54,100.81,2.00,417.00,null,null,null
2023-09-17T14:00:13Z,24.92,59.02,48,0,89.54,100.81,2.00,417.00,0,0,0
2023-09-17T14:01:13Z,24.95,59.03,48,0,89.54,100.81,2.00,417.00,null,null,null
2023-09-17T14:02:13Z,24.94,59.02,48,0,89.54,100.81,2.00,417.00,null,null,null
2023-09-17T14:03:13Z,24.92,59.04,48,0,89.54,100.81,2.00,417.00,null,null,null
2023-09-17T14:04:13Z,24.94,58.95,48,0,89.54,100.80,2.00,417.00,null,null,null
2023-09-17T14:05:13Z,24.92,59.04,48,0,89.54,100.81,2.00,417.00,0,0,0
2023-09-17T14:06:13Z,24.94,59.03,48,0,89.54,100.81,2.00,417.00,null,null,null
2023-09-17T14:07:13Z,24.94,58.99,48,0,89.54,100.81,2.00,417.00,null,null,null
2023-09-17T14:08:13Z,24.94,59.02,48,0,89.54,100.81,2.00,417.00,null,null,null
2023-09-17T14:09:13Z,24.92,58.95,48,0,89.54,100.82,2.00,417.00,null,null,null
2023-09-17T14:10:13Z,24.94,59.04,48,0,89.54,100.82,2.00,417.00,0,0,0
2023-09-17T14:11:13Z,24.89,59.06,48,0,89.54,100.81,2.00,414.00,null,null,null
2023-09-17T14:12:13Z,24.92,59.03,48,0,89.54,100.81,2.00,417.00,null,null,null
2023-09-17T14:13:13Z,24.91,58.98,48,0,89.54,100.81,2.00,414.00,null,null,null
2023-09-17T14:14:13Z,24.92,59.03,48,0,89.54,100.82,2.00,414.00,null,null,null
2023-09-17T14:15:13Z,24.89,59.07,48,0,89.54,100.81,2.00,417.00,0,0,0
2023-09-17T14:16:13Z,24.94,59.04,48,0,89.54,100.81,2.00,414.00,null,null,null
2023-09-17T14:17:13Z,24.91,59.03,48,0,89.54,100.81,2.00,417.00,null,null,null
2023-09-17T14:18:13Z,24.92,59.00,48,0,89.54,100.81,2.00,417.00,null,null,null
2023-09-17T14:19:13Z,24.91,59.02,48,0,89.54,100.80,2.00,417.00,null,null,null
2023-09-17T14:20:13Z,24.91,59.04,48,0,89.54,100.80,2.00,417.00,0,0,0
2023-09-17T14:21:13Z,24.94,59.00,48,0,89.54,100.79,2.00,414.00,null,null,null
2023-09-17T14:22:13Z,24.92,59.00,48,0,89.54,100.79,2.00,417.00,null,null,null
2023-09-17T14:23:13Z,24.89,59.02,48,0,89.54,100.78,2.00,417.00,null,null,null
2023-09-17T14:24:13Z,24.92,58.99,48,0,89.54,100.78,2.00,414.00,null,null,null
2023-09-17T14:25:13Z,24.92,59.02,48,0,89.54,100.78,2.00,417.00,0,0,0
2023-09-17T14:26:13Z,24.91,59.02,48,0,89.54,100.78,2.00,414.00,null,null,null
2023-09-17T14:27:13Z,24.91,58.98,48,0,89.54,100.79,3.00,423.00,null,null,null
2023-09-17T14:28:13Z,24.95,59.03,48,0,89.54,100.79,2.00,417.00,null,null,null
2023-09-17T14:29:13Z,24.92,59.04,48,0,89.54,100.78,2.00,417.00,null,null,null
2023-09-17T14:30:13Z,24.92,59.02,48,0,89.54,100.78,2.00,417.00,0,0,0
2023-09-17T14:31:13Z,24.91,59.02,48,0,89.54,100.78,2.00,414.00,null,null,null
2023-09-17T14:32:13Z,24.91,59.02,48,0,89.54,100.78,2.00,417.00,null,null,null
2023-09-17T14:33:13Z,24.94,59.06,48,0,89.54,100.78,2.00,417.00,null,null,null
2023-09-17T14:34:13Z,24.91,59.04,48,0,89.54,100.78,2.00,414.00,null,null,null
2023-09-17T14:35:13Z,24.92,59.01,48,0,89.54,100.77,3.00,423.00,0,0,0
2023-09-17T14:36:13Z,24.91,59.00,48,0,89.54,100.77,2.00,414.00,null,null,null
2023-09-17T14:37:13Z,24.91,58.97,48,0,89.53,100.77,2.00,417.00,null,null,null
2023-09-17T14:38:13Z,24.92,58.98,47,0,89.53,100.76,2.00,417.00,null,null,null
2023-09-17T14:39:13Z,24.89,59.02,47,0,89.54,100.76,2.00,414.00,null,null,null
2023-09-17T14:40:13Z,24.91,59.05,48,0,89.54,100.76,2.00,414.00,0,0,0
2023-09-17T14:41:13Z,24.91,59.07,48,0,89.54,100.76,2.00,417.00,null,null,null
2023-09-17T14:42:13Z,24.94,59.03,48,0,89.54,100.76,2.00,417.00,null,null,null
2023-09-17T14:43:13Z,24.92,59.08,48,0,89.54,100.76,2.00,417.00,null,null,null
2023-09-17T14:44:13Z,24.92,59.02,48,0,89.54,100.76,2.00,417.00,null,null,null
2023-09-17T14:45:13Z,24.91,59.07,48,0,89.54,100.76,2.00,417.00,0,0,0
2023-09-17T14:46:13Z,24.92,59.01,48,0,89.54,100.76,2.00,417.00,null,null,null
2023-09-17T14:47:13Z,24.92,59.02,47,0,89.54,100.76,3.00,423.00,null,null,null
2023-09-17T14:48:13Z,24.92,59.03,48,0,89.54,100.76,2.00,417.00,null,null,null
2023-09-17T14:49:13Z,24.89,59.02,48,0,89.54,100.75,2.00,417.00,null,null,null
2023-09-17T14:50:13Z,24.89,59.01,48,0,89.54,100.75,2.00,417.00,0,0,0
2023-09-17T14:51:13Z,24.92,59.03,47,0,89.54,100.75,2.00,417.00,null,null,null
2023-09-17T14:52:13Z,24.91,59.01,47,0,89.54,100.74,2.00,417.00,null,null,null
2023-09-17T14:53:13Z,24.88,59.01,47,0,89.54,100.74,2.00,417.00,null,null,null
2023-09-17T14:54:13Z,24.88,59.03,48,0,89.54,100.74,2.00,417.00,null,null,null
2023-09-17T14:55:13Z,24.88,59.04,48,0,89.54,100.74,2.00,417.00,0,0,0
2023-09-17T14:56:13Z,24.89,58.98,47,0,89.54,100.74,2.00,417.00,null,null,null
2023-09-17T14:57:13Z,24.92,58.98,47,0,89.54,100.73,2.00,417.00,null,null,null
2023-09-17T14:58:13Z,24.91,59.03,48,0,89.54,100.73,2.00,417.00,null,null,null
2023-09-17T14:59:13Z,24.89,59.00,48,0,89.54,100.73,2.00,417.00,null,null,null
2023-09-17T15:00:13Z,24.87,59.04,48,0,89.54,100.73,2.00,417.00,0,0,0
2023-09-17T15:01:13Z,24.89,59.01,47,0,89.54,100.73,2.00,417.00,null,null,null
2023-09-17T15:02:13Z,24.89,59.03,47,0,89.54,100.74,2.00,417.00,null,null,null
2023-09-17T15:03:13Z,24.89,59.02,48,0,89.54,100.74,2.00,417.00,null,null,null
2023-09-17T15:04:13Z,24.88,59.04,47,0,89.54,100.73,2.00,417.00,null,null,null
2023-09-17T15:05:13Z,24.88,59.03,48,0,89.54,100.73,2.00,417.00,0,0,0
2023-09-17T15:06:13Z,24.89,59.04,47,0,89.54,100.73,2.00,414.00,null,null,null
2023-09-17T15:07:13Z,24.91,59.03,48,0,89.54,100.73,2.00,414.00,null,null,null
2023-09-17T15:08:13Z,24.89,59.02,47,0,89.54,100.73,2.00,417.00,null,null,null
2023-09-17T15:09:13Z,24.89,59.07,48,0,89.54,100.73,2.00,417.00,null,null,null
2023-09-17T15:10:13Z,24.88,59.00,48,0,89.54,100.73,2.00,417.00,0,0,0
2023-09-17T15:11:13Z,24.89,59.00,47,0,89.54,100.73,2.00,417.00,null,null,null
2023-09-17T15:12:13Z,24.88,59.01,47,0,89.54,100.72,2.00,417.00,null,null,null
2023-09-17T15:13:13Z,24.88,59.03,47,0,89.54,100.72,2.00,417.00,null,null,null
2023-09-17T15:14:13Z,24.88,59.02,47,0,89.54,100.71,2.00,417.00,null,null,null
2023-09-17T15:15:13Z,24.89,59.06,48,0,89.54,100.71,3.00,423.00,0,0,0
2023-09-17T15:16:13Z,24.89,59.01,48,0,89.54,100.71,2.00,417.00,null,null,null
2023-09-17T15:17:13Z,24.89,59.05,47,0,89.54,100.71,2.00,417.00,null,null,null
2023-09-17T15:18:13Z,24.89,59.01,47,0,89.54,100.70,2.00,414.00,null,null,null
2023-09-17T15:19:13Z,24.89,59.03,47,0,89.54,100.70,2.00,414.00,null,null,null
2023-09-17T15:20:13Z,24.88,59.08,47,0,89.54,100.70,2.00,417.00,0,0,0
2023-09-17T15:21:13Z,24.88,59.02,47,0,89.54,100.69,2.00,417.00,null,null,null
2023-09-17T15:22:13Z,24.88,59.08,47,0,89.54,100.68,2.00,417.00,null,null,null
2023-09-17T15:23:13Z,24.89,59.05,47,0,89.54,100.68,2.00,417.00,null,null,null
2023-09-17T15:24:13Z,24.87,59.05,47,0,89.54,100.68,3.00,423.00,null,null,null
2023-09-17T15:25:13Z,24.89,59.07,47,0,89.54,100.68,2.00,414.00,0,0,0
2023-09-17T15:26:13Z,24.91,59.05,47,0,89.54,100.68,2.00,417.00,null,null,null
2023-09-17T15:27:13Z,24.91,59.08,47,0,89.54,100.68,2.00,417.00,null,null,null
2023-09-17T15:28:13Z,24.91,59.07,48,0,89.54,100.68,2.00,414.00,null,null,null
2023-09-17T15:29:13Z,24.89,59.03,47,0,89.54,100.67,2.00,417.00,null,null,null
2023-09-17T15:30:13Z,24.88,59.01,47,0,89.54,100.67,2.00,417.00,0,0,0
2023-09-17T15:31:13Z,24.91,59.04,47,0,89.54,100.67,2.00,417.00,null,null,null
2023-09-17T15:32:13Z,24.89,59.05,48,0,89.54,100.66,2.00,417.00,null,null,null
2023-09-17T15:33:13Z,24.89,59.06,47,0,89.54,100.66,3.00,423.00,null,null,null
2023-09-17T15:34:13Z,24.91,59.07,47,0,89.54,100.66,2.00,417.00,null,null,null
2023-09-17T15:35:13Z,24.89,59.05,47,0,89.54,100.65,2.00,417.00,0,0,0
2023-09-17T15:36:13Z,24.91,59.11,48,0,89.54,100.65,2.00,417.00,null,null,null
2023-09-17T15:37:13Z,24.88,59.04,47,0,89.54,100.65,2.00,417.00,null,null,null
2023-09-17T15:38:13Z,24.89,59.07,48,0,89.54,100.65,2.00,417.00,null,null,null
2023-09-17T15:39:13Z,24.89,59.05,47,0,89.54,100.65,2.00,417.00,null,null,null
2023-09-17T15:40:13Z,24.91,59.07,47,0,89.54,100.65,2.00,417.00,0,0,0
2023-09-17T15:41:13Z,24.91,59.00,47,0,89.54,100.64,2.00,417.00,null,null,null
2023-09-17T15:42:13Z,24.92,59.07,48,0,89.54,100.64,2.00,417.00,null,null,null
2023-09-17T15:43:13Z,24.91,59.06,47,0,89.54,100.64,2.00,417.00,null,null,null
2023-09-17T15:44:13Z,24.92,59.08,47,0,89.54,100.63,2.00,417.00,null,null,null
2023-09-17T15:45:13Z,24.91,59.07,47,0,89.54,100.63,2.00,417.00,0,0,0
2023-09-17T15:46:13Z,24.94,59.08,48,0,89.54,100.63,2.00,417.00,null,null,null
2023-09-17T15:47:13Z,24.91,59.05,47,0,89.54,100.63,2.00,417.00,null,null,null
2023-09-17T15:48:13Z,24.92,59.08,48,0,89.54,100.63,2.00,417.00,null,null,null
2023-09-17T15:49:13Z,24.91,59.06,47,0,89.54,100.63,2.00,417.00,null,null,null
2023-09-17T15:50:13Z,24.91,59.07,47,0,89.54,100.63,3.00,423.00,0,0,0
2023-09-17T15:51:13Z,24.91,59.12,47,0,89.54,100.63,2.00,417.00,null,null,null
2023-09-17T15:52:13Z,24.95,59.07,47,0,89.54,100.63,3.00,423.00,null,null,null
2023-09-17T15:53:13Z,24.94,59.07,47,0,89.54,100.63,3.00,423.00,null,null,null
2023-09-17T15:54:13Z,24.92,59.09,47,0,89.54,100.64,3.00,423.00,null,null,null
2023-09-17T15:55:13Z,24.91,59.04,47,0,89.54,100.63,3.00,423.00,0,0,0
2023-09-17T15:56:13Z,24.95,59.06,46,0,89.54,100.63,2.00,417.00,null,null,null
2023-09-17T15:57:13Z,24.92,59.09,47,0,89.54,100.64,3.00,423.00,null,null,null
2023-09-17T15:58:13Z,24.92,59.06,47,0,89.54,100.64,3.00,423.00,null,null,null
2023-09-17T15:59:13Z,24.94,59.04,47,0,89.54,100.63,3.00,423.00,null,null,null
2023-09-17T16:00:13Z,24.92,59.13,47,0,89.54,100.63,3.00,423.00,0,0,0
2023-09-17T16:01:13Z,24.92,59.09,47,0,89.54,100.64,2.00,417.00,null,null,null
2023-09-17T16:02:13Z,24.95,59.05,47,0,89.54,100.64,3.00,423.00,null,null,null
2023-09-17T16:03:13Z,24.95,59.10,47,0,89.54,100.64,3.00,423.00,null,null,null
2023-09-17T16:04:13Z,24.95,59.09,47,0,89.54,100.64,3.00,423.00,null,null,null
2023-09-17T16:05:13Z,24.94,59.07,47,0,89.54,100.64,2.00,417.00,0,0,0
2023-09-17T16:06:13Z,24.94,59.08,46,0,89.54,100.65,2.00,417.00,null,null,null
2023-09-17T16:07:13Z,24.95,59.04,47,0,89.54,100.65,2.00,417.00,null,null,null
2023-09-17T16:08:13Z,24.92,59.07,47,0,89.54,100.64,3.00,423.00,null,null,null
2023-09-17T16:09:13Z,24.95,59.07,47,0,89.54,100.65,3.00,423.00,null,null,null
2023-09-17T16:10:13Z,24.95,59.07,47,0,89.54,100.64,3.00,423.00,0,0,0
2023-09-17T16:11:13Z,24.95,59.07,47,0,89.54,100.64,3.00,423.00,null,null,null
2023-09-17T16:12:13Z,24.96,59.08,47,0,89.54,100.64,3.00,423.00,null,null,null
2023-09-17T16:13:13Z,24.92,59.09,47,0,89.54,100.64,3.00,423.00,null,null,null
2023-09-17T16:14:13Z,24.95,59.07,47,0,89.54,100.64,3.00,423.00,null,null,null
2023-09-17T16:15:13Z,24.95,59.00,47,0,89.54,100.64,3.00,426.00,0,0,0
2023-09-17T16:16:13Z,24.96,59.07,46,0,89.54,100.64,3.00,423.00,null,null,null
2023-09-17T16:17:13Z,24.96,59.07,47,0,89.54,100.64,3.00,423.00,null,null,null
2023-09-17T16:18:13Z,24.95,59.10,47,0,89.54,100.64,3.00,423.00,null,null,null
2023-09-17T16:19:13Z,24.96,59.07,46,0,89.54,100.64,3.00,426.00,null,null,null
2023-09-17T16:20:13Z,24.91,59.12,46,0,89.54,100.63,3.00,423.00,0,0,0
2023-09-17T16:21:13Z,24.95,59.09,47,0,89.54,100.64,3.00,423.00,null,null,null
2023-09-17T16:22:13Z,24.96,59.06,47,0,89.54,100.63,2.00,417.00,null,null,null
2023-09-17T16:23:13Z,24.98,59.09,47,0,89.54,100.63,2.00,417.00,null,null,null
2023-09-17T16:24:13Z,24.96,59.09,47,0,89.54,100.63,2.00,417.00,null,null,null
2023-09-17T16:25:13Z,24.95,59.06,47,0,89.54,100.63,2.00,417.00,0,0,0
2023-09-17T16:26:13Z,24.94,59.09,46,0,89.54,100.63,3.00,423.00,null,null,null
2023-09-17T16:27:13Z,24.95,59.07,47,0,89.54,100.63,3.00,423.00,null,null,null
2023-09-17T16:28:13Z,24.96,59.09,47,0,89.54,100.63,3.00,423.00,null,null,null
2023-09-17T16:29:13Z,24.96,59.12,47,0,89.54,100.63,3.00,426.00,null,null,null
2023-09-17T16:30:13Z,24.95,59.11,47,0,89.54,100.62,3.00,426.00,0,0,0
2023-09-17T16:31:13Z,24.96,59.11,46,0,89.54,100.63,3.00,426.00,null,null,null
2023-09-17T16:32:13Z,24.98,59.08,47,0,89.54,100.62,3.00,426.00,null,null,null
2023-09-17T16:33:13Z,24.95,59.06,46,0,89.54,100.62,3.00,426.00,null,null,null
2023-09-17T16:34:13Z,24.96,59.10,47,0,89.54,100.63,3.00,426.00,null,null,null
2023-09-17T16:35:13Z,24.96,59.05,47,0,89.54,100.63,3.00,426.00,0,0,0
2023-09-17T16:36:13Z,24.98,59.11,47,0,89.54,100.63,3.00,426.00,null,null,null
2023-09-17T16:37:13Z,24.96,59.10,47,0,89.54,100.63,3.00,426.00,null,null,null
2023-09-17T16:38:13Z,24.96,59.05,47,0,89.54,100.63,3.00,426.00,null,null,null
2023-09-17T16:39:13Z,24.94,59.13,47,0,89.54,100.63,3.00,426.00,null,null,null
2023-09-17T16:40:13Z,24.96,59.07,47,0,89.54,100.63,3.00,426.00,0,0,0
2023-09-17T16:41:13Z,24.94,59.11,46,0,89.54,100.63,3.00,426.00,null,null,null
2023-09-17T16:42:13Z,24.98,59.06,47,0,89.54,100.63,3.00,426.00,null,null,null
2023-09-17T16:43:13Z,24.98,59.07,46,0,89.54,100.62,3.00,426.00,null,null,null
2023-09-17T16:44:13Z,24.96,59.10,46,0,89.54,100.62,3.00,426.00,null,null,null
2023-09-17T16:45:13Z,24.96,59.12,47,0,89.54,100.63,3.00,426.00,0,0,0
2023-09-17T16:46:13Z,24.98,59.15,47,0,89.54,100.62,3.00,426.00,null,null,null
2023-09-17T16:47:13Z,24.96,59.05,47,0,89.54,100.62,3.00,426.00,null,null,null
2023-09-17T16:48:13Z,24.98,59.09,47,0,89.54,100.62,3.00,426.00,null,null,null
2023-09-17T16:49:13Z,24.98,59.09,47,0,89.54,100.62,5.00,433.00,null,null,null
2023-09-17T16:50:13Z,24.98,59.09,47,0,89.54,100.61,3.00,426.00,0,0,0
2023-09-17T16:51:13Z,24.98,59.09,46,0,89.54,100.61,3.00,426.00,null,null,null
2023-09-17T16:52:13Z,24.99,59.14,46,0,89.54,100.61,5.00,433.00,null,null,null
2023-09-17T16:53:13Z,24.95,59.07,47,0,89.54,100.61,3.00,426.00,null,null,null
2023-09-17T16:54:13Z,24.95,59.09,46,0,89.54,100.61,3.00,426.00,null,null,null
2023-09-17T16:55:13Z,24.95,59.11,46,0,89.54,100.61,3.00,426.00,0,0,0
2023-09-17T16:56:13Z,24.96,59.08,47,0,89.54,100.61,3.00,426.00,null,null,null
2023-09-17T16:57:13Z,24.96,59.13,46,0,89.54,100.61,3.00,426.00,null,null,null
2023-09-17T16:58:13Z,24.95,59.08,47,0,89.54,100.61,5.00,433.00,null,null,null
2023-09-17T16:59:13Z,24.96,59.15,47,0,89.54,100.61,3.00,426.00,null,null,null
2023-09-17T17:00:13Z,24.96,59.12,46,0,89.54,100.61,5.00,433.00,0,0,0
2023-09-17T17:01:13Z,24.99,59.10,47,0,89.54,100.61,3.00,426.00,null,null,null
2023-09-17T17:02:13Z,24.96,59.10,46,0,89.54,100.61,5.00,433.00,null,null,null
2023-09-17T17:03:13Z,24.99,59.08,47,0,89.54,100.61,3.00,426.00,null,null,null
2023-09-17T17:04:13Z,24.98,59.10,47,0,89.54,100.61,3.00,426.00,null,null,null
2023-09-17T17:05:13Z,24.98,59.14,47,0,89.54,100.60,5.00,433.00,0,0,0
2023-09-17T17:06:13Z,24.98,59.10,46,0,89.54,100.60,3.00,426.00,null,null,null
2023-09-17T17:07:13Z,25.01,59.09,46,0,89.54,100.60,5.00,433.00,null,null,null
2023-09-17T17:08:13Z,24.96,59.12,46,0,89.54,100.59,3.00,426.00,null,null,null
2023-09-17T17:09:13Z,24.98,59.10,47,0,89.54,100.60,5.00,433.00,null,null,null
2023-09-17T17:10:13Z,24.98,59.12,46,0,89.54,100.60,5.00,433.00,0,0,0
2023-09-17T17:11:13Z,24.96,59.13,46,0,89.54,100.60,5.00,433.00,null,null,null
2023-09-17T17:12:13Z,24.98,59.13,46,0,89.54,100.60,5.00,433.00,null,null,null
2023-09-17T17:13:13Z,24.99,59.10,46,0,89.54,100.60,5.00,433.00,null,null,null
2023-09-17T17:14:13Z,24.98,59.11,46,0,89.54,100.60,5.00,433.00,null,null,null
2023-09-17T17:15:13Z,24.96,59.10,47,0,89.54,100.60,5.00,433.00,0,0,0
2023-09-17T17:16:13Z,24.98,59.14,46,0,89.54,100.61,5.00,433.00,null,null,null
2023-09-17T17:17:13Z,24.98,59.13,47,0,89.54,100.61,5.00,433.00,null,null,null
2023-09-17T17:18:13Z,24.99,59.12,46,0,89.54,100.61,5.00,433.00,null,null,null
2023-09-17T17:19:13Z,24.96,59.10,46,0,89.54,100.62,5.00,433.00,null,null,null
2023-09-17T17:20:13Z,24.99,59.12,46,0,89.54,100.62,5.00,433.00,0,0,0
2023-09-17T17:21:13Z,24.98,59.19,46,0,89.54,100.62,5.00,433.00,null,null,null
2023-09-17T17:22:13Z,24.98,59.07,46,0,89.54,100.62,5.00,433.00,null,null,null
2023-09-17T17:23:13Z,24.98,59.09,46,0,89.54,100.61,5.00,433.00,null,null,null
2023-09-17T17:24:13Z,24.95,59.12,46,0,89.54,100.61,5.00,433.00,null,null,null
2023-09-17T17:25:13Z,24.98,59.16,46,0,89.54,100.61,5.00,433.00,0,0,0
2023-09-17T17:26:13Z,25.01,59.14,46,0,89.54,100.60,5.00,433.00,null,null,null
2023-09-17T17:27:13Z,24.98,59.14,46,0,89.54,100.60,5.00,433.00,null,null,null
2023-09-17T17:28:13Z,24.96,59.11,46,0,89.54,100.60,5.00,433.00,null,null,null
2023-09-17T17:29:13Z,24.96,59.15,46,0,89.54,100.60,5.00,433.00,null,null,null
2023-09-17T17:30:13Z,24.98,59.15,46,0,89.54,100.59,5.00,433.00,0,0,0
2023-09-17T17:31:13Z,24.98,59.11,46,0,89.54,100.59,5.00,433.00,null,null,null
2023-09-17T17:32:13Z,24.98,59.13,46,0,89.54,100.59,5.00,433.00,null,null,null
2023-09-17T17:33:13Z,24.96,59.08,46,0,89.54,100.58,5.00,433.00,null,null,null
2023-09-17T17:34:13Z,24.98,59.20,46,0,89.54,100.58,5.00,433.00,null,null,null
2023-09-17T17:35:13Z,24.96,59.14,46,0,89.54,100.58,5.00,433.00,0,0,0
2023-09-17T17:36:13Z,24.98,59.13,46,0,89.54,100.58,3.00,426.00,null,null,null
2023-09-17T17:37:13Z,24.96,59.15,46,0,89.54,100.58,5.00,433.00,null,null,null
2023-09-17T17:38:13Z,24.95,59.10,46,0,89.54,100.58,5.00,433.00,null,null,null
2023-09-17T17:39:13Z,24.98,59.14,46,0,89.54,100.58,5.00,433.00,null,null,null
2023-09-17T17:40:13Z,24.98,59.10,46,0,89.54,100.58,5.00,433.00,0,0,0
2023-09-17T17:41:13Z,24.98,59.18,46,0,89.54,100.59,3.00,426.00,null,null,null
2023-09-17T17:42:13Z,24.96,59.11,46,0,89.54,100.60,5.00,433.00,null,null,null
2023-09-17T17:43:13Z,24.99,59.14,46,0,89.54,100.60,5.00,433.00,null,null,null
2023-09-17T17:44:13Z,24.96,59.14,47,0,89.54,100.61,5.00,433.00,null,null,null
2023-09-17T17:45:13Z,24.95,59.15,46,0,89.54,100.61,5.00,433.00,0,0,0
2023-09-17T17:46:13Z,24.98,59.15,46,0,89.54,100.61,5.00,433.00,null,null,null
2023-09-17T17:47:13Z,24.99,59.14,46,0,89.54,100.61,5.00,433.00,null,null,null
2023-09-17T17:48:13Z,24.98,59.11,46,0,89.54,100.60,5.00,433.00,null,null,null
2023-09-17T17:49:13Z,24.98,59.15,46,0,89.54,100.60,5.00,433.00,null,null,null
2023-09-17T17:50:13Z,24.96,59.17,46,0,89.54,100.59,5.00,433.00,0,0,0
2023-09-17T17:51:13Z,24.99,59.15,46,0,89.54,100.59,3.00,426.00,null,null,null
2023-09-17T17:52:13Z,25.01,59.10,46,0,89.54,100.59,5.00,433.00,null,null,null
2023-09-17T17:53:13Z,24.96,59.13,46,0,89.54,100.59,5.00,433.00,null,null,null
2023-09-17T17:54:13Z,24.98,59.12,47,0,89.54,100.59,5.00,433.00,null,null,null
2023-09-17T17:55:13Z,24.96,59.10,46,0,89.54,100.59,5.00,433.00,0,0,0
2023-09-17T17:56:13Z,24.98,59.13,46,0,89.54,100.60,5.00,433.00,null,null,null
2023-09-17T17:57:13Z,24.98,59.13,46,0,89.54,100.60,5.00,433.00,null,null,null
2023-09-17T17:58:13Z,24.98,59.15,46,0,89.54,100.59,5.00,433.00,null,null,null
2023-09-17T17:59:13Z,24.95,59.10,46,0,89.54,100.59,5.00,433.00,null,null,null
2023-09-17T18:00:13Z,24.94,59.15,46,0,89.54,100.59,5.00,433.00,0,0,0
2023-09-17T18:01:13Z,24.96,59.13,46,0,89.54,100.59,3.00,426.00,null,null,null
2023-09-17T18:02:13Z,24.96,59.14,46,0,89.54,100.59,5.00,433.00,null,null,null
2023-09-17T18:03:13Z,24.96,59.13,46,0,89.54,100.58,5.00,433.00,null,null,null
2023-09-17T18:04:13Z,24.95,59.17,46,0,89.54,100.58,3.00,426.00,null,null,null
2023-09-17T18:05:13Z,24.96,59.12,46,0,89.54,100.58,5.00,433.00,0,0,0
2023-09-17T18:06:13Z,24.96,59.11,46,0,89.54,100.58,5.00,433.00,null,null,null
2023-09-17T18:07:13Z,24.96,59.14,46,0,89.54,100.58,5.00,433.00,null,null,null
2023-09-17T18:08:13Z,24.96,59.12,46,0,89.54,100.58,5.00,433.00,null,null,null
2023-09-17T18:09:13Z,24.96,59.11,46,0,89.54,100.57,5.00,433.00,null,null,null
2023-09-17T18:10:13Z,24.98,59.14,46,0,89.54,100.57,5.00,433.00,0,0,0
2023-09-17T18:11:13Z,24.96,59.10,46,0,89.54,100.56,5.00,433.00,null,null,null
2023-09-17T18:12:13Z,24.95,59.13,46,0,89.54,100.56,5.00,433.00,null,null,null
2023-09-17T18:13:13Z,24.98,59.14,46,0,89.54,100.56,5.00,435.00,null,null,null
2023-09-17T18:14:13Z,24.96,59.14,46,0,89.54,100.55,5.00,435.00,null,null,null
2023-09-17T18:15:13Z,24.95,59.14,46,0,89.54,100.55,5.00,435.00,0,0,0
2023-09-17T18:16:13Z,24.95,59.12,46,0,89.54,100.55,5.00,435.00,null,null,null
2023-09-17T18:17:13Z,24.98,59.13,46,0,89.53,100.55,5.00,435.00,null,null,null
2023-09-17T18:18:13Z,24.96,59.11,46,0,89.54,100.55,5.00,435.00,null,null,null
2023-09-17T18:19:13Z,24.96,59.14,46,0,89.54,100.55,5.00,435.00,null,null,null
2023-09-17T18:20:13Z,24.94,59.09,46,0,89.54,100.54,5.00,435.00,0,0,0
2023-09-17T18:21:13Z,24.96,59.17,46,0,89.54,100.54,5.00,435.00,null,null,null
2023-09-17T18:22:13Z,24.96,59.15,46,0,89.54,100.53,5.00,435.00,null,null,null
2023-09-17T18:23:13Z,24.95,59.15,46,0,89.54,100.52,5.00,435.00,null,null,null
2023-09-17T18:24:13Z,24.94,59.15,46,0,89.54,100.51,5.00,435.00,null,null,null
2023-09-17T18:25:13Z,24.96,59.15,46,0,89.54,100.50,5.00,435.00,0,0,0
2023-09-17T18:26:13Z,24.94,59.14,46,0,89.54,100.50,5.00,435.00,null,null,null
2023-09-17T18:27:13Z,24.96,59.15,46,0,89.54,100.49,5.00,435.00,null,null,null
2023-09-17T18:28:13Z,24.95,59.15,46,0,89.54,100.49,5.00,435.00,null,null,null
2023-09-17T18:29:13Z,24.96,59.14,46,0,89.54,100.49,5.00,435.00,null,null,null
2023-09-17T18:30:13Z,24.94,59.14,46,0,89.54,100.48,5.00,435.00,0,0,0
2023-09-17T18:31:13Z,24.96,59.10,46,0,89.54,100.48,5.00,435.00,null,null,null
2023-09-17T18:32:13Z,24.98,59.12,46,0,89.54,100.48,5.00,435.00,null,null,null
2023-09-17T18:33:13Z,24.95,59.11,46,0,89.54,100.47,5.00,435.00,null,null,null
2023-09-17T18:34:13Z,24.95,59.15,46,0,89.54,100.47,5.00,435.00,null,null,null
2023-09-17T18:35:13Z,24.94,59.14,46,0,89.54,100.46,5.00,435.00,0,0,0
2023-09-17T18:36:13Z,24.95,59.15,46,0,89.54,100.46,5.00,435.00,null,null,null
2023-09-17T18:37:13Z,24.95,59.17,46,0,89.54,100.47,5.00,435.00,null,null,null
2023-09-17T18:38:13Z,24.95,59.14,46,0,89.54,100.47,5.00,435.00,null,null,null
2023-09-17T18:39:13Z,24.96,59.14,46,0,89.54,100.47,5.00,435.00,null,null,null
2023-09-17T18:40:13Z,24.92,59.16,46,0,89.54,100.48,5.00,435.00,0,0,0
2023-09-17T18:41:13Z,24.95,59.15,46,0,89.54,100.48,5.00,435.00,null,null,null
2023-09-17T18:42:13Z,24.95,59.11,46,0,89.54,100.48,5.00,435.00,null,null,null
2023-09-17T18:43:13Z,24.95,59.15,46,0,89.54,100.47,5.00,435.00,null,null,null
2023-09-17T18:44:13Z,24.94,59.17,46,0,89.54,100.48,5.00,435.00,null,null,null
2023-09-17T18:45:13Z,24.94,59.11,46,0,89.54,100.47,5.00,435.00,0,0,0
2023-09-17T18:46:13Z,24.92,59.12,46,0,89.54,100.47,5.00,435.00,null,null,null
2023-09-17T18:47:13Z,24.94,59.11,46,0,89.54,100.47,5.00,433.00,null,null,null
2023-09-17T18:48:13Z,24.95,59.18,46,0,89.54,100.47,5.00,435.00,null,null,null
2023-09-17T18:49:13Z,24.94,59.11,46,0,89.54,100.47,5.00,435.00,null,null,null
2023-09-17T18:50:13Z,24.92,59.16,46,0,89.54,100.47,5.00,435.00,0,0,0
2023-09-17T18:51:13Z,24.92,59.13,46,0,89.54,100.48,5.00,435.00,null,null,null
2023-09-17T18:52:13Z,24.94,59.12,46,0,89.54,100.48,5.00,435.00,null,null,null
2023-09-17T18:53:13Z,24.94,59.11,46,0,89.54,100.48,5.00,433.00,null,null,null
2023-09-17T18:54:13Z,24.92,59.13,46,0,89.54,100.48,5.00,435.00,null,null,null
2023-09-17T18:55:13Z,24.92,59.16,46,0,89.54,100.48,5.00,435.00,0,0,0
2023-09-17T18:56:13Z,24.94,59.11,46,0,89.54,100.48,5.00,435.00,null,null,null
2023-09-17T18:57:13Z,24.94,59.11,46,0,89.54,100.48,5.00,435.00,null,null,null
2023-09-17T18:58:13Z,24.91,59.16,46,0,89.54,100.47,5.00,435.00,null,null,null
2023-09-17T18:59:13Z,24.92,59.11,46,0,89.54,100.48,5.00,435.00,null,null,null
2023-09-17T19:00:13Z,24.92,59.11,46,0,89.54,100.48,5.00,435.00,0,0,0
2023-09-17T19:01:13Z,24.91,59.13,46,0,89.54,100.48,5.00,435.00,null,null,null
2023-09-17T19:02:13Z,24.92,59.08,46,0,89.54,100.49,5.00,435.00,null,null,null
2023-09-17T19:03:13Z,24.94,59.11,46,0,89.54,100.49,5.00,435.00,null,null,null
2023-09-17T19:04:13Z,24.92,59.16,46,0,89.54,100.50,5.00,435.00,null,null,null
2023-09-17T19:05:13Z,24.89,59.18,46,0,89.54,100.50,5.00,435.00,0,0,0
2023-09-17T19:06:13Z,24.94,59.17,46,0,89.54,100.49,5.00,435.00,null,null,null
2023-09-17T19:07:13Z,24.92,59.11,46,0,89.54,100.50,5.00,435.00,null,null,null
2023-09-17T19:08:13Z,24.94,59.11,46,0,89.54,100.49,5.00,435.00,null,null,null
2023-09-17T19:09:13Z,24.92,59.12,46,0,89.54,100.49,5.00,435.00,null,null,null
2023-09-17T19:10:13Z,24.89,59.12,46,0,89.54,100.49,5.00,435.00,0,0,0
2023-09-17T19:11:13Z,24.91,59.15,46,0,89.54,100.48,5.00,435.00,null,null,null
2023-09-17T19:12:13Z,24.91,59.12,45,0,89.54,100.48,5.00,435.00,null,null,null
2023-09-17T19:13:13Z,24.88,59.13,46,0,89.54,100.47,5.00,435.00,null,null,null
2023-09-17T19:14:13Z,24.92,59.11,46,0,89.54,100.47,5.00,435.00,null,null,null
2023-09-17T19:15:13Z,24.91,59.10,46,0,89.54,100.48,5.00,435.00,0,0,0
2023-09-17T19:16:13Z,24.92,59.13,46,0,89.54,100.48,5.00,435.00,null,null,null
2023-09-17T19:17:13Z,24.92,59.11,46,0,89.54,100.49,5.00,435.00,null,null,null
2023-09-17T19:18:13Z,24.92,59.11,46,0,89.54,100.49,5.00,433.00,null,null,null
2023-09-17T19:19:13Z,24.89,59.14,46,0,89.54,100.49,5.00,435.00,null,null,null
2023-09-17T19:20:13Z,24.91,59.11,46,0,89.54,100.50,5.00,435.00,0,0,0
2023-09-17T19:21:13Z,24.89,59.13,46,0,89.54,100.50,5.00,433.00,null,null,null
2023-09-17T19:22:13Z,24.89,59.11,46,0,89.54,100.51,5.00,435.00,null,null,null
2023-09-17T19:23:13Z,24.92,59.10,46,0,89.54,100.50,5.00,435.00,null,null,null
2023-09-17T19:24:13Z,24.88,59.13,46,0,89.54,100.50,5.00,435.00,null,null,null
2023-09-17T19:25:13Z,24.91,59.13,46,0,89.54,100.50,5.00,435.00,0,0,0
2023-09-17T19:26:13Z,24.88,59.10,45,0,89.54,100.50,5.00,433.00,null,null,null
2023-09-17T19:27:13Z,24.89,59.09,46,0,89.54,100.50,5.00,435.00,null,null,null
2023-09-17T19:28:13Z,24.89,59.12,46,0,89.54,100.50,5.00,435.00,null,null,null
2023-09-17T19:29:13Z,24.88,59.13,46,0,89.54,100.49,5.00,435.00,null,null,null
2023-09-17T19:30:13Z,24.88,59.15,46,0,89.54,100.49,5.00,435.00,0,0,0
2023-09-17T19:31:13Z,24.89,59.12,46,0,89.54,100.49,5.00,433.00,null,null,null
2023-09-17T19:32:13Z,24.87,59.06,45,0,89.54,100.48,5.00,435.00,null,null,null
2023-09-17T19:33:13Z,24.89,59.13,46,0,89.54,100.47,5.00,435.00,null,null,null
2023-09-17T19:34:13Z,24.89,59.14,46,0,89.54,100.46,5.00,435.00,null,null,null
2023-09-17T19:35:13Z,24.88,59.10,46,0,89.54,100.46,5.00,435.00,0,0,0
2023-09-17T19:36:13Z,24.89,59.13,46,0,89.54,100.45,5.00,433.00,null,null,null
2023-09-17T19:37:13Z,24.89,59.10,46,0,89.54,100.45,5.00,435.00,null,null,null
2023-09-17T19:38:13Z,24.89,59.12,46,0,89.54,100.44,5.00,435.00,null,null,null
2023-09-17T19:39:13Z,24.88,59.15,46,0,89.54,100.44,5.00,435.00,null,null,null
2023-09-17T19:40:13Z,24.89,59.11,46,0,89.54,100.44,5.00,435.00,0,0,0
2023-09-17T19:41:13Z,24.89,59.13,46,0,89.54,100.43,5.00,433.00,null,null,null
2023-09-17T19:42:13Z,24.88,59.06,46,0,89.54,100.43,5.00,435.00,null,null,null
2023-09-17T19:43:13Z,24.87,59.11,46,0,89.54,100.43,5.00,433.00,null,null,null
2023-09-17T19:44:13Z,24.85,59.14,46,0,89.54,100.42,5.00,435.00,null,null,null
2023-09-17T19:45:13Z,24.87,59.12,46,0,89.54,100.42,5.00,435.00,0,0,0
2023-09-17T19:46:13Z,24.88,59.11,46,0,89.54,100.42,3.00,426.00,null,null,null
2023-09-17T19:47:13Z,24.91,59.13,46,0,89.54,100.42,5.00,435.00,null,null,null
2023-09-17T19:48:13Z,24.84,59.10,45,0,89.54,100.42,5.00,433.00,null,null,null
2023-09-17T19:49:13Z,24.85,59.18,46,0,89.54,100.43,5.00,433.00,null,null,null
2023-09-17T19:50:13Z,24.87,59.15,46,0,89.54,100.43,5.00,433.00,0,0,0
2023-09-17T19:51:13Z,24.88,59.14,46,0,89.54,100.43,5.00,433.00,null,null,null
2023-09-17T19:52:13Z,24.88,59.14,46,0,89.54,100.43,5.00,433.00,null,null,null
2023-09-17T19:53:13Z,24.87,59.07,46,0,89.54,100.43,5.00,435.00,null,null,null
2023-09-17T19:54:13Z,24.85,59.10,46,0,89.54,100.44,5.00,435.00,null,null,null
2023-09-17T19:55:13Z,24.85,59.14,46,0,89.54,100.43,5.00,433.00,0,0,0
2023-09-17T19:56:13Z,24.89,59.11,45,0,89.54,100.44,5.00,435.00,null,null,null
2023-09-17T19:57:13Z,24.88,59.10,45,0,89.54,100.44,5.00,435.00,null,null,null
2023-09-17T19:58:13Z,24.85,59.09,46,0,89.54,100.44,5.00,435.00,null,null,null
2023-09-17T19:59:13Z,24.84,59.08,46,0,89.54,100.44,5.00,435.00,null,null,null
2023-09-17T20:00:13Z,24.87,59.13,46,0,89.54,100.44,5.00,435.00,0,0,0
2023-09-17T20:01:13Z,24.85,59.10,46,0,89.54,100.44,5.00,435.00,null,null,null
2023-09-17T20:02:13Z,24.85,59.10,46,0,89.54,100.44,5.00,435.00,null,null,null
2023-09-17T20:03:13Z,24.87,59.09,46,0,89.54,100.43,5.00,435.00,null,null,null
2023-09-17T20:04:13Z,24.85,59.11,45,0,89.54,100.44,5.00,435.00,null,null,null
2023-09-17T20:05:13Z,24.85,59.08,45,0,89.54,100.44,5.00,435.00,0,0,0
2023-09-17T20:06:13Z,24.85,59.14,45,0,89.54,100.44,5.00,435.00,null,null,null
2023-09-17T20:07:13Z,24.87,59.07,45,0,89.54,100.44,5.00,435.00,null,null,null
2023-09-17T20:08:13Z,24.84,59.07,46,0,89.54,100.44,5.00,435.00,null,null,null
2023-09-17T20:09:13Z,24.84,59.12,45,0,89.54,100.44,5.00,435.00,null,null,null
2023-09-17T20:10:13Z,24.84,59.09,45,0,89.54,100.44,5.00,435.00,0,0,0
2023-09-17T20:11:13Z,24.87,59.09,45,0,89.54,100.45,5.00,435.00,null,null,null
2023-09-17T20:12:13Z,24.85,59.06,46,0,89.54,100.44,5.00,435.00,null,null,null
2023-09-17T20:13:13Z,24.84,59.12,45,0,89.54,100.44,5.00,435.00,null,null,null
2023-09-17T20:14:13Z,24.87,59.11,45,0,89.54,100.44,5.00,433.00,null,null,null
2023-09-17T20:15:13Z,24.84,59.14,45,0,89.54,100.44,5.00,435.00,0,0,0
2023-09-17T20:16:13Z,24.82,59.09,45,0,89.54,100.43,5.00,435.00,null,null,null
2023-09-17T20:17:13Z,24.82,59.11,45,0,89.54,100.43,5.00,435.00,null,null,null
2023-09-17T20:18:13Z,24.85,59.11,46,0,89.54,100.44,5.00,435.00,null,null,null
2023-09-17T20:19:13Z,24.84,59.09,45,0,89.54,100.43,5.00,435.00,null,null,null
2023-09-17T20:20:13Z,24.81,59.14,45,0,89.54,100.44,5.00,435.00,0,0,0
2023-09-17T20:21:13Z,24.84,59.10,45,0,89.54,100.45,5.00,435.00,null,null,null
2023-09-17T20:22:13Z,24.85,59.05,45,0,89.54,100.45,5.00,435.00,null,null,null
2023-09-17T20:23:13Z,24.85,59.12,46,0,89.54,100.45,5.00,435.00,null,null,null
2023-09-17T20:24:13Z,24.87,59.13,45,0,89.54,100.46,5.00,435.00,null,null,null
2023-09-17T20:25:13Z,24.82,59.13,45,0,89.54,100.46,5.00,435.00,0,0,0
2023-09-17T20:26:13Z,24.81,59.13,45,0,89.54,100.46,5.00,435.00,null,null,null
2023-09-17T20:27:13Z,24.84,59.08,45,0,89.54,100.46,5.00,435.00,null,null,null
2023-09-17T20:28:13Z,24.82,59.12,45,0,89.54,100.47,5.00,435.00,null,null,null
2023-09-17T20:29:13Z,24.84,59.09,46,0,89.54,100.47,5.00,435.00,null,null,null
2023-09-17T20:30:13Z,24.84,59.13,45,0,89.54,100.47,5.00,435.00,0,0,0
2023-09-17T20:31:13Z,24.82,59.15,46,0,89.54,100.46,5.00,435.00,null,null,null
2023-09-17T20:32:13Z,24.84,59.11,45,0,89.54,100.46,5.00,433.00,null,null,null
2023-09-17T20:33:13Z,24.84,59.10,45,0,89.54,100.47,5.00,435.00,null,null,null
2023-09-17T20:34:13Z,24.85,59.11,46,0,89.54,100.47,5.00,433.00,null,null,null
2023-09-17T20:35:13Z,24.81,59.16,45,0,89.54,100.47,5.00,433.00,0,0,0
2023-09-17T20:36:13Z,24.82,59.16,45,0,89.54,100.47,5.00,433.00,null,null,null
2023-09-17T20:37:13Z,24.81,59.12,45,0,89.54,100.47,5.00,435.00,null,null,null
2023-09-17T20:38:13Z,24.81,59.09,45,0,89.54,100.47,5.00,433.00,null,null,null
2023-09-17T20:39:13Z,24.82,59.10,45,0,89.54,100.47,5.00,435.00,null,null,null
2023-09-17T20:40:13Z,24.82,59.14,45,0,89.54,100.48,5.00,435.00,0,0,0
2023-09-17T20:41:13Z,24.79,59.11,45,0,89.54,100.47,5.00,435.00,null,null,null
2023-09-17T20:42:13Z,24.84,59.18,45,0,89.54,100.48,5.00,435.00,null,null,null
2023-09-17T20:43:13Z,24.81,59.05,45,0,89.54,100.47,5.00,435.00,null,null,null
2023-09-17T20:44:13Z,24.79,59.11,45,0,89.54,100.47,5.00,435.00,null,null,null
2023-09-17T20:45:13Z,24.81,59.13,45,0,89.54,100.47,5.00,435.00,0,0,0
2023-09-17T20:46:13Z,24.81,59.11,45,0,89.54,100.47,5.00,435.00,null,null,null
2023-09-17T20:47:13Z,24.82,59.10,46,0,89.53,100.47,5.00,435.00,null,null,null
2023-09-17T20:48:13Z,24.81,59.10,46,0,89.54,100.47,5.00,435.00,null,null,null
2023-09-17T20:49:13Z,24.79,59.12,45,0,89.54,100.46,5.00,435.00,null,null,null
2023-09-17T20:50:13Z,24.79,59.12,45,0,89.54,100.46,5.00,435.00,0,0,0
2023-09-17T20:51:13Z,24.79,59.10,45,0,89.54,100.46,5.00,435.00,null,null,null
2023-09-17T20:52:13Z,24.81,59.10,45,0,89.54,100.46,5.00,435.00,null,null,null
2023-09-17T20:53:13Z,24.79,59.09,45,0,89.54,100.45,5.00,433.00,null,null,null
2023-09-17T20:54:13Z,24.79,59.13,45,0,89.54,100.45,5.00,435.00,null,null,null
2023-09-17T20:55:13Z,24.81,59.13,45,0,89.54,100.44,5.00,435.00,0,0,0
2023-09-17T20:56:13Z,24.78,59.07,45,0,89.54,100.44,5.00,435.00,null,null,null
2023-09-17T20:57:13Z,24.81,59.13,45,0,89.54,100.44,5.00,435.00,null,null,null
2023-09-17T20:58:13Z,24.77,59.10,45,0,89.54,100.44,5.00,435.00,null,null,null
2023-09-17T20:59:13Z,24.79,59.10,45,0,89.54,100.44,5.00,435.00,null,null,null
2023-09-17T21:00:13Z,24.77,59.09,44,0,89.54,100.44,5.00,435.00,0,0,0
2023-09-17T21:01:13Z,24.79,59.05,45,0,89.54,100.44,5.00,435.00,null,null,null
2023-09-17T21:02:13Z,24.79,59.09,45,0,89.54,100.44,5.00,435.00,null,null,null
2023-09-17T21:03:13Z,24.78,59.10,45,0,89.54,100.43,5.00,435.00,null,null,null
2023-09-17T21:04:13Z,24.78,59.12,45,0,89.54,100.43,5.00,433.00,null,null,null
2023-09-17T21:05:13Z,24.77,59.14,45,0,89.54,100.43,5.00,435.00,0,0,0
2023-09-17T21:06:13Z,24.77,59.09,45,0,89.54,100.43,5.00,433.00,null,null,null
2023-09-17T21:07:13Z,24.79,59.10,45,0,89.54,100.43,5.00,435.00,null,null,null
2023-09-17T21:08:13Z,24.77,59.11,45,0,89.54,100.43,5.00,435.00,null,null,null
2023-09-17T21:09:13Z,24.77,59.12,45,0,89.54,100.42,5.00,435.00,null,null,null
2023-09-17T21:10:13Z,24.77,59.12,45,0,89.54,100.42,5.00,435.00,0,0,0
2023-09-17T21:11:13Z,24.77,59.07,45,0,89.54,100.42,5.00,433.00,null,null,null
2023-09-17T21:12:13Z,24.78,59.11,45,0,89.54,100.42,5.00,435.00,null,null,null
2023-09-17T21:13:13Z,24.77,59.07,45,0,89.54,100.41,5.00,435.00,null,null,null
2023-09-17T21:14:13Z,24.78,59.12,45,0,89.54,100.41,5.00,435.00,null,null,null
2023-09-17T21:15:13Z,24.77,59.10,44,0,89.54,100.41,5.00,433.00,0,0,0
2023-09-17T21:16:13Z,24.77,59.11,45,0,89.54,100.41,5.00,433.00,null,null,null
2023-09-17T21:17:13Z,24.78,59.09,44,0,89.54,100.41,5.00,435.00,null,null,null
2023-09-17T21:18:13Z,24.77,59.12,45,0,89.54,100.40,5.00,433.00,null,null,null
2023-09-17T21:19:13Z,24.78,59.12,45,0,89.54,100.40,5.00,435.00,null,null,null
2023-09-17T21:20:13Z,24.75,59.07,45,0,89.54,100.40,5.00,435.00,0,0,0
2023-09-17T21:21:13Z,24.79,59.12,45,0,89.54,100.40,5.00,433.00,null,null,null
2023-09-17T21:22:13Z,24.78,59.13,45,0,89.54,100.40,5.00,435.00,null,null,null
2023-09-17T21:23:13Z,24.77,59.11,45,0,89.54,100.39,5.00,433.00,null,null,null
2023-09-17T21:24:13Z,24.77,59.09,45,0,89.54,100.39,5.00,435.00,null,null,null
2023-09-17T21:25:13Z,24.77,59.14,45,0,89.54,100.38,5.00,435.00,0,0,0
2023-09-17T21:26:13Z,24.75,59.11,44,0,89.54,100.37,5.00,433.00,null,null,null
2023-09-17T21:27:13Z,24.75,59.12,45,0,89.54,100.37,5.00,435.00,null,null,null
2023-09-17T21:28:13Z,24.77,59.12,45,0,89.54,100.36,5.00,435.00,null,null,null
2023-09-17T21:29:13Z,24.75,59.11,45,0,89.54,100.36,5.00,435.00,null,null,null
2023-09-17T21:30:13Z,24.72,59.11,45,0,89.54,100.36,5.00,435.00,0,0,0
2023-09-17T21:31:13Z,24.77,59.07,45,0,89.54,100.36,5.00,433.00,null,null,null
2023-09-17T21:32:13Z,24.75,59.10,44,0,89.54,100.35,5.00,435.00,null,null,null
2023-09-17T21:33:13Z,24.77,59.14,45,0,89.54,100.35,5.00,433.00,null,null,null
2023-09-17T21:34:13Z,24.74,59.10,44,0,89.54,100.35,5.00,433.00,null,null,null
2023-09-17T21:35:13Z,24.74,59.16,44,0,89.54,100.35,3.00,426.00,0,0,0
2023-09-17T21:36:13Z,24.75,59.12,44,0,89.54,100.35,9.00,463.00,null,null,null
2023-09-17T21:37:13Z,24.77,59.09,44,0,89.54,100.35,5.00,433.00,null,null,null
2023-09-17T21:38:13Z,24.75,59.12,44,0,89.54,100.34,5.00,433.00,null,null,null
2023-09-17T21:39:13Z,24.75,59.12,44,0,89.54,100.35,5.00,433.00,null,null,null
2023-09-17T21:40:13Z,24.74,59.13,44,0,89.54,100.35,5.00,433.00,0,0,0
2023-09-17T21:41:13Z,24.74,59.09,44,0,89.54,100.36,5.00,435.00,null,null,null
2023-09-17T21:42:13Z,24.72,59.08,45,0,89.54,100.36,9.00,465.00,null,null,null
2023-09-17T21:43:13Z,24.74,59.11,44,0,89.54,100.36,5.00,433.00,null,null,null
2023-09-17T21:44:13Z,24.74,59.09,44,0,89.54,100.37,5.00,435.00,null,null,null
2023-09-17T21:45:13Z,24.72,59.13,45,0,89.54,100.36,9.00,465.00,0,0,0
2023-09-17T21:46:13Z,24.74,59.13,45,0,89.54,100.36,5.00,435.00,null,null,null
2023-09-17T21:47:13Z,24.75,59.07,44,0,89.54,100.36,9.00,465.00,null,null,null
2023-09-17T21:48:13Z,24.72,59.11,45,0,89.54,100.36,5.00,435.00,null,null,null
2023-09-17T21:49:13Z,24.72,59.11,45,0,89.54,100.36,5.00,435.00,null,null,null
2023-09-17T21:50:13Z,24.71,59.12,45,0,89.54,100.35,9.00,465.00,0,0,0
2023-09-17T21:51:13Z,24.74,59.11,44,0,89.54,100.35,11.00,473.00,null,null,null
2023-09-17T21:52:13Z,24.74,59.12,44,0,89.54,100.34,9.00,465.00,null,null,null
2023-09-17T21:53:13Z,24.74,59.14,45,0,89.54,100.33,5.00,435.00,null,null,null
2023-09-17T21:54:13Z,24.69,59.13,44,0,89.54,100.33,5.00,435.00,null,null,null
2023-09-17T21:55:13Z,24.71,59.08,45,0,89.54,100.32,5.00,435.00,0,0,0
2023-09-17T21:56:13Z,24.74,59.12,44,0,89.54,100.31,11.00,473.00,null,null,null
2023-09-17T21:57:13Z,24.72,59.09,45,0,89.54,100.31,9.00,465.00,null,null,null
2023-09-17T21:58:13Z,24.69,59.08,44,0,89.54,100.31,11.00,473.00,null,null,null
2023-09-17T21:59:13Z,24.72,59.16,45,0,89.54,100.30,5.00,435.00,null,null,null
2023-09-17T22:00:13Z,24.71,59.12,45,0,89.54,100.30,9.00,465.00,0,0,0
2023-09-17T22:01:13Z,24.71,59.13,44,0,89.54,100.30,11.00,473.00,null,null,null
2023-09-17T22:02:13Z,24.72,59.11,44,0,89.54,100.30,11.00,473.00,null,null,null
2023-09-17T22:03:13Z,24.74,59.09,44,0,89.54,100.30,11.00,473.00,null,null,null
2023-09-17T22:04:13Z,24.71,59.16,45,0,89.54,100.29,5.00,435.00,null,null,null
2023-09-17T22:05:13Z,24.69,59.16,45,0,89.54,100.30,9.00,465.00,0,0,0
2023-09-17T22:06:13Z,24.72,59.10,44,0,89.54,100.30,11.00,478.00,null,null,null
2023-09-17T22:07:13Z,24.69,59.11,44,0,89.54,100.30,11.00,473.00,null,null,null
2023-09-17T22:08:13Z,24.68,59.10,44,0,89.54,100.29,6.00,441.00,null,null,null
2023-09-17T22:09:13Z,24.69,59.09,45,0,89.54,100.30,11.00,473.00,null,null,null
2023-09-17T22:10:13Z,24.68,59.10,44,0,89.54,100.30,11.00,478.00,0,0,0
2023-09-17T22:11:13Z,24.71,59.12,44,0,89.54,100.30,11.00,478.00,null,null,null
2023-09-17T22:12:13Z,24.71,59.09,44,0,89.54,100.29,11.00,478.00,null,null,null
2023-09-17T22:13:13Z,24.71,59.13,44,0,89.54,100.29,11.00,478.00,null,null,null
2023-09-17T22:14:13Z,24.69,59.10,44,0,89.54,100.29,11.00,478.00,null,null,null
2023-09-17T22:15:13Z,24.69,59.10,44,0,89.54,100.29,11.00,478.00,0,0,0
2023-09-17T22:16:13Z,24.69,59.13,44,0,89.54,100.28,11.00,478.00,null,null,null
2023-09-17T22:17:13Z,24.68,59.10,44,0,89.54,100.28,11.00,478.00,null,null,null
2023-09-17T22:18:13Z,24.69,59.11,44,0,89.54,100.28,11.00,478.00,null,null,null
2023-09-17T22:19:13Z,24.69,59.10,44,0,89.54,100.28,11.00,473.00,null,null,null
2023-09-17T22:20:13Z,24.69,59.07,44,0,89.54,100.28,11.00,473.00,0,0,0
2023-09-17T22:21:13Z,24.69,59.10,44,0,89.54,100.27,11.00,478.00,null,null,null
2023-09-17T22:22:13Z,24.71,59.08,45,0,89.54,100.26,11.00,478.00,null,null,null
2023-09-17T22:23:13Z,24.69,59.11,44,0,89.54,100.26,11.00,478.00,null,null,null
2023-09-17T22:24:13Z,24.69,59.14,44,0,89.54,100.25,11.00,478.00,null,null,null
2023-09-17T22:25:13Z,24.68,59.15,44,0,89.54,100.26,11.00,478.00,0,0,0
2023-09-17T22:26:13Z,24.68,59.09,44,0,89.54,100.26,11.00,478.00,null,null,null
2023-09-17T22:27:13Z,24.68,59.06,44,0,89.54,100.26,11.00,478.00,null,null,null
2023-09-17T22:28:13Z,24.69,59.10,44,0,89.54,100.25,11.00,478.00,null,null,null
2023-09-17T22:29:13Z,24.67,59.09,44,0,89.54,100.25,11.00,478.00,null,null,null
2023-09-17T22:30:13Z,24.68,59.11,44,0,89.54,100.24,11.00,478.00,0,0,0
2023-09-17T22:31:13Z,24.68,59.15,44,0,89.54,100.24,11.00,478.00,null,null,null
2023-09-17T22:32:13Z,24.68,59.11,44,0,89.54,100.23,11.00,478.00,null,null,null
2023-09-17T22:33:13Z,24.68,59.06,44,0,89.54,100.22,11.00,478.00,null,null,null
2023-09-17T22:34:13Z,24.68,59.06,44,0,89.54,100.21,11.00,478.00,null,null,null
2023-09-17T22:35:13Z,24.67,59.14,44,0,89.54,100.21,11.00,478.00,0,0,0
2023-09-17T22:36:13Z,24.68,59.09,44,0,89.54,100.21,11.00,478.00,null,null,null
2023-09-17T22:37:13Z,24.67,59.13,44,0,89.54,100.21,12.00,483.00,null,null,null
2023-09-17T22:38:13Z,24.69,59.11,44,0,89.54,100.21,11.00,478.00,null,null,null
2023-09-17T22:39:13Z,24.67,59.06,44,0,89.54,100.20,11.00,478.00,null,null,null
2023-09-17T22:40:13Z,24.65,59.15,44,0,89.54,100.20,11.00,473.00,0,0,0
2023-09-17T22:41:13Z,24.68,59.11,44,0,89.54,100.20,11.00,478.00,null,null,null
2023-09-17T22:42:13Z,24.69,59.12,44,0,89.54,100.20,11.00,478.00,null,null,null
2023-09-17T22:43:13Z,24.69,59.12,44,0,89.54,100.20,11.00,478.00,null,null,null
2023-09-17T22:44:13Z,24.67,59.14,44,0,89.54,100.20,12.00,483.00,null,null,null
2023-09-17T22:45:13Z,24.67,59.12,44,0,89.54,100.20,11.00,473.00,0,0,0
2023-09-17T22:46:13Z,24.64,59.12,44,0,89.54,100.20,12.00,483.00,null,null,null
2023-09-17T22:47:13Z,24.68,59.07,43,0,89.54,100.19,11.00,478.00,null,null,null
2023-09-17T22:48:13Z,24.68,59.13,43,0,89.54,100.19,11.00,478.00,null,null,null
2023-09-17T22:49:13Z,24.65,59.13,44,0,89.54,100.20,11.00,478.00,null,null,null
2023-09-17T22:50:13Z,24.68,59.09,44,0,89.54,100.20,11.00,478.00,0,0,0
2023-09-17T22:51:13Z,24.68,59.15,43,0,89.54,100.21,11.00,473.00,null,null,null
2023-09-17T22:52:13Z,24.65,59.12,43,0,89.54,100.20,11.00,478.00,null,null,null
2023-09-17T22:53:13Z,24.67,59.11,43,0,89.54,100.20,12.00,483.00,null,null,null
2023-09-17T22:54:13Z,24.65,59.10,44,0,89.54,100.19,11.00,473.00,null,null,null
2023-09-17T22:55:13Z,24.65,59.11,44,0,89.54,100.18,12.00,483.00,0,0,0
2023-09-17T22:56:13Z,24.67,59.15,43,0,89.54,100.18,11.00,473.00,null,null,null
2023-09-17T22:57:13Z,24.67,59.14,44,0,89.54,100.18,11.00,478.00,null,null,null
2023-09-17T22:58:13Z,24.65,59.11,43,0,89.54,100.18,11.00,478.00,null,null,null
2023-09-17T22:59:13Z,24.64,59.12,44,0,89.54,100.18,11.00,478.00,null,null,null
2023-09-17T23:00:13Z,24.64,59.11,44,0,89.54,100.18,12.00,483.00,0,0,0
2023-09-17T23:01:13Z,24.67,59.14,44,0,89.54,100.19,11.00,473.00,null,null,null
2023-09-17T23:02:13Z,24.65,59.11,43,0,89.54,100.20,12.00,483.00,null,null,null
2023-09-17T23:03:13Z,24.65,59.08,44,0,89.54,100.20,11.00,478.00,null,null,null
2023-09-17T23:04:13Z,24.65,59.08,44,0,89.54,100.21,11.00,478.00,null,null,null
2023-09-17T23:05:13Z,24.64,59.13,44,0,89.54,100.20,11.00,478.00,0,0,0
2023-09-17T23:06:13Z,24.65,59.13,43,0,89.54,100.20,11.00,473.00,null,null,null
2023-09-17T23:07:13Z,24.65,59.12,43,0,89.54,100.19,12.00,483.00,null,null,null
2023-09-17T23:08:13Z,24.65,59.08,43,0,89.54,100.19,11.00,478.00,null,null,null
2023-09-17T23:09:13Z,24.64,59.14,44,0,89.54,100.18,11.00,478.00,null,null,null
2023-09-17T23:10:13Z,24.62,59.11,44,0,89.54,100.19,11.00,478.00,0,0,0
2023-09-17T23:11:13Z,24.62,59.12,44,0,89.54,100.18,11.00,473.00,null,null,null
2023-09-17T23:12:13Z,24.65,59.08,43,0,89.54,100.18,12.00,483.00,null,null,null
2023-09-17T23:13:13Z,24.62,59.08,43,0,89.54,100.19,11.00,478.00,null,null,null
2023-09-17T23:14:13Z,24.64,59.17,44,0,89.54,100.19,11.00,478.00,null,null,null
2023-09-17T23:15:13Z,24.65,59.15,43,0,89.54,100.20,11.00,478.00,0,0,0
2023-09-17T23:16:13Z,24.67,59.07,43,0,89.54,100.19,11.00,473.00,null,null,null
2023-09-17T23:17:13Z,24.61,59.15,43,0,89.54,100.19,12.00,483.00,null,null,null
2023-09-17T23:18:13Z,24.64,59.11,43,0,89.54,100.19,11.00,478.00,null,null,null
2023-09-17T23:19:13Z,24.61,59.14,44,0,89.54,100.19,11.00,473.00,null,null,null
2023-09-17T23:20:13Z,24.62,59.09,43,0,89.54,100.20,11.00,478.00,0,0,0
2023-09-17T23:21:13Z,24.62,59.12,43,0,89.54,100.20,11.00,478.00,null,null,null
2023-09-17T23:22:13Z,24.62,59.07,43,0,89.54,100.20,11.00,478.00,null,null,null
2023-09-17T23:23:13Z,24.64,59.12,43,0,89.54,100.20,12.00,483.00,null,null,null
2023-09-17T23:24:13Z,24.61,59.12,43,0,89.54,100.21,11.00,478.00,null,null,null
2023-09-17T23:25:13Z,24.61,59.12,43,0,89.54,100.20,11.00,478.00,0,0,0
2023-09-17T23:26:13Z,24.65,59.16,43,0,89.54,100.20,11.00,478.00,null,null,null
2023-09-17T23:27:13Z,24.62,59.16,43,0,89.54,100.19,11.00,478.00,null,null,null
2023-09-17T23:28:13Z,24.64,59.16,43,0,89.54,100.18,11.00,478.00,null,null,null
2023-09-17T23:29:13Z,24.64,59.15,43,0,89.54,100.18,11.00,478.00,null,null,null
2023-09-17T23:30:13Z,24.61,59.14,43,0,89.54,100.18,11.00,478.00,0,0,0
2023-09-17T23:31:13Z,24.62,59.13,43,0,89.54,100.18,11.00,478.00,null,null,null
2023-09-17T23:32:13Z,24.61,59.08,43,0,89.54,100.19,11.00,478.00,null,null,null
2023-09-17T23:33:13Z,24.62,59.14,43,0,89.54,100.19,12.00,483.00,null,null,null
2023-09-17T23:34:13Z,24.61,59.14,43,0,89.54,100.19,12.00,483.00,null,null,null
2023-09-17T23:35:13Z,24.59,59.15,43,0,89.54,100.19,11.00,478.00,0,0,0
2023-09-17T23:36:13Z,24.61,59.16,43,0,89.54,100.19,11.00,478.00,null,null,null
2023-09-17T23:37:13Z,24.62,59.09,43,0,89.54,100.20,11.00,478.00,null,null,null
2023-09-17T23:38:13Z,24.62,59.09,43,0,89.54,100.20,11.00,478.00,null,null,null
2023-09-17T23:39:13Z,24.61,59.12,43,0,89.54,100.22,11.00,478.00,null,null,null
2023-09-17T23:40:13Z,24.59,59.13,43,0,89.54,100.22,11.00,478.00,0,0,0
2023-09-17T23:41:13Z,24.59,59.10,43,0,89.54,100.25,11.00,478.00,null,null,null
2023-09-17T23:42:13Z,24.62,59.12,43,0,89.54,100.25,11.00,478.00,null,null,null
2023-09-17T23:43:13Z,24.62,59.10,43,0,89.54,100.25,11.00,478.00,null,null,null
2023-09-17T23:44:13Z,24.58,59.11,44,0,89.54,100.25,11.00,478.00,null,null,null
2023-09-17T23:45:13Z,24.59,59.13,43,0,89.54,100.26,11.00,478.00,0,0,0
2023-09-17T23:46:13Z,24.59,59.16,43,0,89.54,100.25,11.00,478.00,null,null,null
2023-09-17T23:47:13Z,24.61,59.17,43,0,89.54,100.26,11.00,478.00,null,null,null
2023-09-17T23:48:13Z,24.61,59.13,43,0,89.54,100.25,11.00,478.00,null,null,null
2023-09-17T23:49:13Z,24.59,59.13,43,0,89.54,100.25,11.00,478.00,null,null,null
2023-09-17T23:50:13Z,24.59,59.16,43,0,89.54,100.24,11.00,478.00,0,0,0
2023-09-17T23:51:13Z,24.59,59.12,43,0,89.54,100.25,11.00,478.00,null,null,null
2023-09-17T23:52:13Z,24.59,59.12,43,0,89.53,100.26,11.00,478.00,null,null,null
2023-09-17T23:53:13Z,24.59,59.13,43,0,89.54,100.25,11.00,478.00,null,null,null
2023-09-17T23:54:13Z,24.59,59.10,43,0,89.54,100.25,11.00,478.00,null,null,null
2023-09-17T23:55:13Z,24.59,59.11,43,0,89.54,100.24,11.00,478.00,0,0,0
2023-09-17T23:56:13Z,24.62,59.12,43,0,89.54,100.25,11.00,478.00,null,null,null
2023-09-17T23:57:13Z,24.58,59.16,43,0,89.54,100.26,11.00,478.00,null,null,null
2023-09-17T23:58:13Z,24.59,59.13,43,0,89.54,100.26,11.00,478.00,null,null,null
