TIME,TEMP,HUM,BATT,LIGHT,NOISE_A,PRESS,CCS811_VOCS,CCS811_ECO2,PM_1,PM_25,PM_10
ISO 8601,C,%,%,Lux,dBA,kPa,ppb,ppm,ug/m3,ug/m3,ug/m3
Time,Temperature,Humidity,Battery,Light,Noise dBA,Barometric pressure,VOC Gas CCS811,eCO2 Gas CCS811,PM 1.0,PM 2.5,PM 10.0
,55,56,10,14,53,58,113,112,89,87,88
2023-08-20T23:59:57Z,23.63,66.79,100,0,89.54,102.25,16.00,508.00,null,null,null
2023-08-21T00:00:57Z,23.62,66.85,100,0,89.54,102.25,15.00,503.00,4,7,11
2023-08-21T00:01:57Z,23.63,66.84,100,0,89.54,102.25,15.00,503.00,null,null,null
2023-08-21T00:02:57Z,23.60,66.82,100,0,89.54,102.25,17.00,514.00,null,null,null
2023-08-21T00:03:57Z,23.63,66.84,100,0,89.54,102.26,17.00,518.00,null,null,null
2023-08-21T00:04:57Z,23.62,66.82,100,0,89.54,102.25,17.00,518.00,null,null,null
2023-08-21T00:05:57Z,23.59,66.87,100,0,89.54,102.26,17.00,518.00,4,5,5
2023-08-21T00:06:57Z,23.60,66.86,100,0,89.54,102.26,17.00,514.00,null,null,null
2023-08-21T00:07:57Z,23.62,66.82,100,0,89.54,102.25,17.00,518.00,null,null,null
2023-08-21T00:08:57Z,23.62,66.80,100,0,89.54,102.26,17.00,518.00,null,null,null
2023-08-21T00:09:57Z,23.59,66.85,100,0,89.54,102.25,17.00,518.00,null,null,null
2023-08-21T00:10:57Z,23.60,66.80,100,0,89.54,102.25,17.00,518.00,3,5,5
2023-08-21T00:11:57Z,23.60,66.74,100,0,89.54,102.25,17.00,514.00,null,null,null
2023-08-21T00:12:57Z,23.60,66.82,100,0,89.54,102.25,17.00,518.00,null,null,null
2023-08-21T00:13:57Z,23.59,66.78,100,0,89.54,102.25,17.00,518.00,null,null,null
2023-08-21T00:14:57Z,23.59,66.81,100,0,89.54,102.25,17.00,514.00,null,null,null
2023-08-21T00:15:57Z,23.56,66.82,100,0,89.54,102.25,17.00,514.00,3,4,4
2023-08-21T00:16:57Z,23.58,66.84,100,0,89.54,102.25,17.00,514.00,null,null,null
2023-08-21T00:17:57Z,23.58,66.80,100,0,89.54,102.25,15.00,503.00,null,null,null
2023-08-21T00:18:57Z,23.58,66.83,100,0,89.54,102.25,15.00,503.00,null,null,null
2023-08-21T00:19:57Z,23.56,66.83,100,0,89.54,102.25,15.00,503.00,null,null,null
2023-08-21T00:20:57Z,23.56,66.85,100,0,89.54,102.25,15.00,503.00,2,3,3
2023-08-21T00:21:57Z,23.58,66.80,100,0,89.54,102.25,14.00,498.00,null,null,null
2023-08-21T00:22:57Z,23.58,66.82,100,0,89.54,102.25,15.00,503.00,null,null,null
2023-08-21T00:23:57Z,23.58,66.84,100,0,89.54,102.25,15.00,503.00,null,null,null
2023-08-21T00:24:57Z,23.59,66.89,100,0,89.54,102.24,15.00,503.00,null,null,null
2023-08-21T00:25:57Z,23.56,66.83,100,0,89.54,102.25,15.00,503.00,3,4,4
2023-08-21T00:26:57Z,23.58,66.87,100,0,89.54,102.25,14.00,498.00,null,null,null
2023-08-21T00:27:57Z,23.56,66.79,100,0,89.54,102.25,15.00,503.00,null,null,null
2023-08-21T00:28:57Z,23.56,66.83,100,0,89.54,102.24,15.00,503.00,null,null,null
2023-08-21T00:29:57Z,23.56,66.82,100,0,89.54,102.24,15.00,503.00,null,null,null
2023-08-21T00:30:57Z,23.52,66.89,100,0,89.54,102.24,15.00,503.00,3,4,5
2023-08-21T00:31:57Z,23.58,66.86,100,0,89.53,102.25,15.00,503.00,null,null,null
2023-08-21T00:32:57Z,23.59,66.84,100,0,89.54,102.24,17.00,514.00,null,null,null
2023-08-21T00:33:57Z,23.59,66.86,100,0,89.54,102.24,17.00,514.00,null,null,null
2023-08-21T00:34:57Z,23.56,66.84,100,0,89.54,102.24,17.00,518.00,null,null,null
2023-08-21T00:35:57Z,23.56,66.92,100,0,89.54,102.24,17.00,518.00,2,4,4
2023-08-21T00:36:57Z,23.55,66.89,100,0,89.54,102.24,17.00,518.00,null,null,null
2023-08-21T00:37:57Z,23.56,66.90,100,0,89.54,102.24,17.00,514.00,null,null,null
2023-08-21T00:38:57Z,23.56,66.84,100,0,89.54,102.24,17.00,514.00,null,null,null
2023-08-21T00:39:57Z,23.56,66.87,100,0,89.54,102.25,17.00,514.00,null,null,null
2023-08-21T00:40:57Z,23.56,66.93,100,0,89.54,102.24,17.00,514.00,3,4,5
2023-08-21T00:41:57Z,23.58,66.94,100,0,89.54,102.24,17.00,518.00,null,null,null
2023-08-21T00:42:57Z,23.56,66.88,100,0,89.54,102.24,17.00,518.00,null,null,null
2023-08-21T00:43:57Z,23.58,66.93,100,0,89.54,102.24,17.00,518.00,null,null,null
2023-08-21T00:44:57Z,23.55,66.97,100,0,89.54,102.24,17.00,518.00,null,null,null
2023-08-21T00:45:57Z,23.56,67.01,100,0,89.54,102.24,17.00,518.00,3,6,6
2023-08-21T00:46:57Z,23.55,66.92,100,0,89.54,102.24,18.00,520.00,null,null,null
2023-08-21T00:47:57Z,23.58,66.97,100,0,89.54,102.25,17.00,518.00,null,null,null
2023-08-21T00:48:57Z,23.53,66.99,100,0,89.54,102.25,17.00,518.00,null,null,null
2023-08-21T00:49:57Z,23.53,66.71,100,0,89.54,102.25,17.00,518.00,null,null,null
2023-08-21T00:50:57Z,23.56,66.51,100,0,89.54,102.25,18.00,523.00,4,5,5
2023-08-21T00:51:57Z,23.59,66.41,100,0,89.54,102.25,17.00,518.00,null,null,null
2023-08-21T00:52:57Z,23.60,66.33,100,0,89.54,102.24,16.00,508.00,null,null,null
2023-08-21T00:53:57Z,23.58,66.31,100,0,89.54,102.25,15.00,502.00,null,null,null
2023-08-21T00:54:57Z,23.60,66.40,100,0,89.54,102.24,14.00,497.00,null,null,null
2023-08-21T00:55:57Z,23.56,66.36,100,0,89.54,102.24,14.00,493.00,3,5,5
2023-08-21T00:56:57Z,23.59,66.32,100,0,89.54,102.25,13.00,491.00,null,null,null
2023-08-21T00:57:57Z,23.60,66.33,100,0,89.54,102.24,13.00,491.00,null,null,null
2023-08-21T00:58:57Z,23.58,66.29,100,0,89.54,102.24,13.00,491.00,null,null,null
2023-08-21T00:59:57Z,23.59,66.27,100,0,89.54,102.24,12.00,482.00,null,null,null
2023-08-21T01:00:57Z,23.58,66.30,100,0,89.53,102.24,12.00,482.00,4,6,7
2023-08-21T01:01:57Z,23.59,66.26,100,0,89.54,102.24,12.00,480.00,null,null,null
2023-08-21T01:02:57Z,23.58,66.20,100,0,89.54,102.24,11.00,476.00,null,null,null
2023-08-21T01:03:57Z,23.55,66.24,100,0,89.54,102.24,11.00,476.00,null,null,null
2023-08-21T01:04:57Z,23.56,66.22,100,0,89.54,102.24,10.00,470.00,null,null,null
2023-08-21T01:05:57Z,23.55,66.18,100,0,89.54,102.24,10.00,472.00,2,4,4
2023-08-21T01:06:57Z,23.56,66.26,100,0,89.54,102.24,9.00,464.00,null,null,null
2023-08-21T01:07:57Z,23.56,66.16,100,0,89.54,102.24,9.00,460.00,null,null,null
2023-08-21T01:08:57Z,23.56,66.17,100,0,89.54,102.24,9.00,462.00,null,null,null
2023-08-21T01:09:57Z,23.55,66.18,100,0,89.53,102.24,9.00,462.00,null,null,null
2023-08-21T01:10:57Z,23.53,66.19,100,0,89.54,102.24,8.00,457.00,4,5,5
2023-08-21T01:11:57Z,23.53,66.23,100,0,89.54,102.24,8.00,454.00,null,null,null
2023-08-21T01:12:57Z,23.56,66.27,100,0,89.54,102.24,7.00,448.00,null,null,null
2023-08-21T01:13:57Z,23.55,66.25,100,0,89.54,102.24,6.00,445.00,null,null,null
2023-08-21T01:14:57Z,23.53,66.22,100,0,89.54,102.24,6.00,445.00,null,null,null
2023-08-21T01:15:57Z,23.53,66.20,100,0,89.54,102.24,7.00,450.00,4,7,7
2023-08-21T01:16:57Z,23.52,66.20,100,0,89.54,102.24,6.00,445.00,null,null,null
2023-08-21T01:17:57Z,23.52,66.21,100,0,89.54,102.25,6.00,445.00,null,null,null
2023-08-21T01:18:57Z,23.53,66.30,100,0,89.54,102.25,6.00,441.00,null,null,null
2023-08-21T01:19:57Z,23.53,66.25,100,0,89.54,102.24,5.00,435.00,null,null,null
2023-08-21T01:20:57Z,23.50,66.26,100,0,89.54,102.25,5.00,435.00,2,5,6
2023-08-21T01:21:57Z,23.52,66.25,100,0,89.54,102.25,6.00,441.00,null,null,null
2023-08-21T01:22:57Z,23.52,66.22,100,0,89.54,102.25,5.00,438.00,null,null,null
2023-08-21T01:23:57Z,23.49,66.23,100,0,89.54,102.25,5.00,434.00,null,null,null
2023-08-21T01:24:57Z,23.50,66.28,100,0,89.54,102.25,5.00,434.00,null,null,null
2023-08-21T01:25:57Z,23.50,66.28,100,0,89.54,102.26,5.00,434.00,5,7,7
2023-08-21T01:26:57Z,23.50,66.27,100,0,89.54,102.25,3.00,423.00,null,null,null
2023-08-21T01:27:57Z,23.48,66.23,100,0,89.54,102.25,2.00,418.00,null,null,null
2023-08-21T01:28:57Z,23.48,66.29,100,0,89.54,102.25,3.00,423.00,null,null,null
2023-08-21T01:29:57Z,23.48,66.31,100,0,89.54,102.25,2.00,418.00,null,null,null
2023-08-21T01:30:57Z,23.46,66.34,100,0,89.54,102.25,2.00,415.00,2,4,6
2023-08-21T01:31:57Z,23.46,66.35,100,0,89.54,102.25,2.00,418.00,null,null,null
2023-08-21T01:32:57Z,23.48,66.29,100,0,89.54,102.25,2.00,415.00,null,null,null
2023-08-21T01:33:57Z,23.48,66.26,100,0,89.54,102.25,2.00,415.00,null,null,null
2023-08-21T01:34:57Z,23.46,66.31,100,0,89.54,102.26,2.00,415.00,null,null,null
2023-08-21T01:35:57Z,23.43,66.29,100,0,89.54,102.26,1.00,410.00,3,5,5
2023-08-21T01:36:57Z,23.45,66.29,100,0,89.54,102.25,2.00,415.00,null,null,null
2023-08-21T01:37:57Z,23.46,66.33,100,0,89.54,102.26,1.00,410.00,null,null,null
2023-08-21T01:38:57Z,23.42,66.34,100,0,89.54,102.26,1.00,408.00,null,null,null
2023-08-21T01:39:57Z,23.43,66.31,100,0,89.54,102.26,1.00,408.00,null,null,null
2023-08-21T01:40:57Z,23.43,66.35,100,0,89.54,102.25,1.00,408.00,3,4,4
2023-08-21T01:41:57Z,23.43,66.30,100,0,89.54,102.25,0.00,405.00,null,null,null
2023-08-21T01:42:57Z,23.41,66.28,100,0,89.54,102.25,0.00,405.00,null,null,null
2023-08-21T01:43:57Z,23.43,66.36,100,0,89.54,102.25,0.00,405.00,null,null,null
2023-08-21T01:44:57Z,23.42,66.32,100,0,89.53,102.26,0.00,405.00,null,null,null
2023-08-21T01:45:57Z,23.39,66.35,100,0,89.54,102.25,0.00,405.00,7,10,10
2023-08-21T01:46:57Z,23.42,66.44,100,0,89.54,102.25,0.00,400.00,null,null,null
2023-08-21T01:47:57Z,23.42,66.35,100,0,89.54,102.25,0.00,405.00,null,null,null
2023-08-21T01:48:57Z,23.39,66.35,100,0,89.54,102.25,0.00,405.00,null,null,null
2023-08-21T01:49:57Z,23.39,66.43,100,0,89.54,102.25,0.00,400.00,null,null,null
2023-08-21T01:50:57Z,23.39,66.45,100,0,89.54,102.25,0.00,400.00,6,9,10
2023-08-21T01:51:57Z,23.39,66.37,100,0,89.54,102.25,0.00,400.00,null,null,null
2023-08-21T01:52:57Z,23.39,66.45,100,0,89.54,102.25,0.00,400.00,null,null,null
2023-08-21T01:53:57Z,23.38,66.44,100,0,89.54,102.25,0.00,400.00,null,null,null
2023-08-21T01:54:57Z,23.36,66.40,100,0,89.54,102.26,0.00,400.00,null,null,null
2023-08-21T01:55:57Z,23.35,66.50,100,0,89.54,102.25,0.00,400.00,2,6,6
2023-08-21T01:56:57Z,23.36,66.48,100,0,89.54,102.25,0.00,400.00,null,null,null
2023-08-21T01:57:57Z,23.38,66.44,100,0,89.54,102.25,0.00,400.00,null,null,null
2023-08-21T01:58:57Z,23.38,66.36,100,0,89.54,102.26,0.00,400.00,null,null,null
2023-08-21T01:59:57Z,23.35,66.44,100,0,89.54,102.25,0.00,400.00,null,null,null
2023-08-21T02:00:57Z,23.35,66.50,100,0,89.54,102.25,0.00,400.00,4,6,6
2023-08-21T02:01:57Z,23.35,66.44,100,0,89.54,102.26,0.00,400.00,null,null,null
2023-08-21T02:02:57Z,23.33,66.35,100,0,89.53,102.26,0.00,400.00,null,null,null
2023-08-21T02:03:57Z,23.35,66.43,100,0,89.54,102.26,0.00,400.00,null,null,null
2023-08-21T02:04:57Z,23.33,66.41,100,0,89.54,102.26,0.00,400.00,null,null,null
2023-08-21T02:05:57Z,23.32,66.42,100,0,89.54,102.26,0.00,400.00,4,7,8
2023-08-21T02:06:57Z,23.35,66.44,100,0,89.54,102.26,0.00,400.00,null,null,null
2023-08-21T02:07:57Z,23.33,66.41,100,0,89.54,102.26,0.00,400.00,null,null,null
2023-08-21T02:08:57Z,23.32,66.50,100,0,89.54,102.26,0.00,400.00,null,null,null
2023-08-21T02:09:57Z,23.32,66.41,100,0,89.54,102.26,0.00,400.00,null,null,null
2023-08-21T02:10:57Z,23.32,66.48,100,0,89.54,102.26,0.00,400.00,4,6,6
2023-08-21T02:11:57Z,23.31,66.49,100,0,89.54,102.26,0.00,400.00,null,null,null
2023-08-21T02:12:57Z,23.29,66.46,100,0,89.53,102.26,0.00,400.00,null,null,null
2023-08-21T02:13:57Z,23.29,66.47,100,0,89.54,102.26,0.00,400.00,null,null,null
2023-08-21T02:14:57Z,23.29,66.51,100,0,89.54,102.26,0.00,400.00,null,null,null
2023-08-21T02:15:57Z,23.26,66.46,100,0,89.53,102.26,0.00,400.00,3,6,8
2023-08-21T02:16:57Z,23.26,66.52,100,0,89.54,102.26,0.00,400.00,null,null,null
2023-08-21T02:17:57Z,23.26,66.52,100,0,89.54,102.26,0.00,402.00,null,null,null
2023-08-21T02:18:57Z,23.31,66.53,100,0,89.54,102.26,0.00,402.00,null,null,null
2023-08-21T02:19:57Z,23.23,66.47,100,0,89.54,102.26,0.00,400.00,null,null,null
2023-08-21T02:20:57Z,23.25,66.54,100,0,89.54,102.26,0.00,400.00,4,7,7
2023-08-21T02:21:57Z,23.26,66.55,100,0,89.54,102.26,0.00,400.00,null,null,null
2023-08-21T02:22:57Z,23.26,66.46,100,0,89.54,102.26,0.00,403.00,null,null,null
2023-08-21T02:23:57Z,23.25,66.53,100,0,89.54,102.26,0.00,400.00,null,null,null
2023-08-21T02:24:57Z,23.26,66.53,100,0,89.54,102.26,0.00,400.00,null,null,null
2023-08-21T02:25:57Z,23.25,66.57,100,0,89.54,102.26,5.00,439.00,3,4,5
2023-08-21T02:26:57Z,23.23,66.51,100,0,89.54,102.26,0.00,400.00,null,null,null
2023-08-21T02:27:57Z,23.23,66.57,100,0,89.54,102.26,0.00,405.00,null,null,null
2023-08-21T02:28:57Z,23.23,66.53,100,0,89.53,102.27,0.00,400.00,null,null,null
2023-08-21T02:29:57Z,23.23,66.57,100,0,89.54,102.26,0.00,405.00,null,null,null
2023-08-21T02:30:57Z,23.22,66.61,100,0,89.54,102.26,6.00,441.00,3,4,4
2023-08-21T02:31:57Z,23.25,66.53,100,0,89.54,102.26,5.00,435.00,null,null,null
2023-08-21T02:32:57Z,23.23,66.53,100,0,89.54,102.26,0.00,405.00,null,null,null
2023-08-21T02:33:57Z,23.22,66.53,100,0,89.54,102.26,0.00,400.00,null,null,null
2023-08-21T02:34:57Z,23.22,66.51,100,0,89.54,102.26,6.00,441.00,null,null,null
2023-08-21T02:35:57Z,23.21,66.52,100,0,89.54,102.26,6.00,441.00,4,6,6
2023-08-21T02:36:57Z,23.22,66.54,100,0,89.54,102.26,0.00,400.00,null,null,null
2023-08-21T02:37:57Z,23.22,66.49,100,0,89.54,102.26,6.00,441.00,null,null,null
2023-08-21T02:38:57Z,23.21,66.45,100,0,89.53,102.27,0.00,405.00,null,null,null
2023-08-21T02:39:57Z,23.21,66.51,100,0,89.54,102.26,6.00,441.00,null,null,null
2023-08-21T02:40:57Z,23.22,66.57,100,0,89.54,102.26,6.00,441.00,4,5,7
2023-08-21T02:41:57Z,23.22,66.50,100,0,89.54,102.26,4.00,432.00,null,null,null
2023-08-21T02:42:57Z,23.19,66.54,100,0,89.54,102.26,5.00,435.00,null,null,null
2023-08-21T02:43:57Z,23.19,66.57,100,0,89.54,102.26,5.00,435.00,null,null,null
2023-08-21T02:44:57Z,23.19,66.55,100,0,89.54,102.26,6.00,441.00,null,null,null
2023-08-21T02:45:57Z,23.18,66.52,100,0,89.54,102.26,5.00,435.00,5,6,6
2023-08-21T02:46:57Z,23.18,66.51,100,0,89.54,102.27,5.00,435.00,null,null,null
2023-08-21T02:47:57Z,23.19,66.46,100,0,89.54,102.27,5.00,435.00,null,null,null
2023-08-21T02:48:57Z,23.19,66.42,100,0,89.54,102.27,5.00,435.00,null,null,null
2023-08-21T02:49:57Z,23.18,66.51,100,0,89.54,102.26,5.00,435.00,null,null,null
2023-08-21T02:50:57Z,23.18,66.52,100,0,89.54,102.26,5.00,435.00,3,5,5
2023-08-21T02:51:57Z,23.17,66.53,100,0,89.54,102.27,3.00,425.00,null,null,null
2023-08-21T02:52:57Z,23.17,66.47,100,0,89.54,102.26,5.00,435.00,null,null,null
2023-08-21T02:53:57Z,23.15,66.48,100,0,89.54,102.26,4.00,432.00,null,null,null
2023-08-21T02:54:57Z,23.17,66.51,100,0,89.54,102.26,5.00,435.00,null,null,null
2023-08-21T02:55:57Z,23.19,66.51,100,0,89.54,102.26,4.00,432.00,3,5,5
2023-08-21T02:56:57Z,23.17,66.46,100,0,89.54,102.27,3.00,425.00,null,null,null
2023-08-21T02:57:57Z,23.15,66.38,100,0,89.54,102.27,4.00,432.00,null,null,null
2023-08-21T02:58:57Z,23.17,66.47,100,0,89.54,102.27,4.00,432.00,null,null,null
2023-08-21T02:59:57Z,23.15,66.46,100,0,89.54,102.26,4.00,432.00,null,null,null
2023-08-21T03:00:57Z,23.17,66.41,100,0,89.54,102.27,4.00,432.00,2,4,5
2023-08-21T03:01:57Z,23.15,66.43,100,0,89.54,102.27,4.00,432.00,null,null,null
2023-08-21T03:02:57Z,23.17,66.42,100,0,89.54,102.27,4.00,432.00,null,null,null
2023-08-21T03:03:57Z,23.17,66.48,100,0,89.54,102.27,3.00,425.00,null,null,null
2023-08-21T03:04:57Z,23.17,66.44,100,0,89.54,102.27,3.00,425.00,null,null,null
2023-08-21T03:05:57Z,23.12,66.41,100,0,89.54,102.27,3.00,425.00,3,5,6
2023-08-21T03:06:57Z,23.15,66.38,100,0,89.54,102.27,4.00,432.00,null,null,null
2023-08-21T03:07:57Z,23.17,66.38,100,0,89.54,102.27,5.00,435.00,null,null,null
2023-08-21T03:08:57Z,23.17,66.35,100,0,89.54,102.27,5.00,435.00,null,null,null
2023-08-21T03:09:57Z,23.14,66.37,100,0,89.54,102.26,4.00,432.00,null,null,null
2023-08-21T03:10:57Z,23.17,66.40,100,0,89.54,102.27,4.00,432.00,4,7,7
2023-08-21T03:11:57Z,23.15,66.44,100,0,89.54,102.27,4.00,432.00,null,null,null
2023-08-21T03:12:57Z,23.17,66.40,100,0,89.54,102.27,4.00,432.00,null,null,null
2023-08-21T03:13:57Z,23.15,66.43,100,0,89.54,102.27,5.00,435.00,null,null,null
2023-08-21T03:14:57Z,23.17,66.45,100,0,89.54,102.28,5.00,435.00,null,null,null
2023-08-21T03:15:57Z,23.15,66.73,100,0,89.54,102.28,6.00,441.00,4,6,7
2023-08-21T03:16:57Z,23.18,66.52,100,0,89.54,102.27,6.00,441.00,null,null,null
2023-08-21T03:17:57Z,23.17,66.61,100,0,89.54,102.27,7.00,446.00,null,null,null
2023-08-21T03:18:57Z,23.17,66.44,100,0,89.54,102.27,7.00,451.00,null,null,null
2023-08-21T03:19:57Z,23.15,66.40,100,0,89.54,102.28,7.00,451.00,null,null,null
2023-08-21T03:20:57Z,23.19,66.41,100,0,89.54,102.27,7.00,451.00,3,5,5
2023-08-21T03:21:57Z,23.18,66.41,100,0,89.54,102.27,7.00,451.00,null,null,null
2023-08-21T03:22:57Z,23.17,66.22,100,0,89.54,102.28,7.00,451.00,null,null,null
2023-08-21T03:23:57Z,23.15,66.17,100,0,89.54,102.27,8.00,456.00,null,null,null
2023-08-21T03:24:57Z,23.15,66.20,100,0,89.54,102.27,7.00,451.00,null,null,null
2023-08-21T03:25:57Z,23.14,66.24,100,0,89.54,102.27,7.00,451.00,3,6,6
2023-08-21T03:26:57Z,23.15,66.19,100,0,89.54,102.27,7.00,448.00,null,null,null
2023-08-21T03:27:57Z,23.12,66.13,100,0,89.54,102.27,7.00,448.00,null,null,null
2023-08-21T03:28:57Z,23.12,66.14,100,0,89.54,102.27,6.00,445.00,null,null,null
2023-08-21T03:29:57Z,23.11,66.16,100,0,89.54,102.26,6.00,445.00,null,null,null
2023-08-21T03:30:57Z,23.10,66.14,100,0,89.54,102.27,6.00,441.00,4,6,6
2023-08-21T03:31:57Z,23.11,66.17,100,0,89.54,102.27,6.00,441.00,null,null,null
2023-08-21T03:32:57Z,23.11,66.22,100,0,89.54,102.26,5.00,436.00,null,null,null
2023-08-21T03:33:57Z,23.11,66.23,100,0,89.53,102.27,4.00,432.00,null,null,null
2023-08-21T03:34:57Z,23.07,66.23,100,0,89.54,102.27,4.00,432.00,null,null,null
2023-08-21T03:35:57Z,23.07,66.24,100,0,89.54,102.27,4.00,432.00,3,4,5
2023-08-21T03:36:57Z,23.07,66.19,100,0,89.54,102.27,4.00,427.00,null,null,null
2023-08-21T03:37:57Z,23.05,66.20,100,0,89.54,102.27,4.00,427.00,null,null,null
2023-08-21T03:38:57Z,23.05,66.24,100,0,89.54,102.27,4.00,427.00,null,null,null
2023-08-21T03:39:57Z,23.04,66.35,100,0,89.54,102.27,3.00,423.00,null,null,null
2023-08-21T03:40:57Z,23.05,66.23,100,0,89.54,102.27,3.00,420.00,4,6,6
2023-08-21T03:41:57Z,23.07,66.27,100,0,89.54,102.27,3.00,420.00,null,null,null
2023-08-21T03:42:57Z,23.04,66.27,100,0,89.54,102.27,3.00,420.00,null,null,null
2023-08-21T03:43:57Z,23.05,66.29,100,0,89.54,102.27,3.00,420.00,null,null,null
2023-08-21T03:44:57Z,23.04,66.25,100,0,89.53,102.27,2.00,415.00,null,null,null
2023-08-21T03:45:57Z,23.04,66.34,100,0,89.54,102.27,3.00,420.00,1,3,4
2023-08-21T03:46:57Z,23.07,66.30,100,0,89.54,102.28,2.00,415.00,null,null,null
2023-08-21T03:47:57Z,23.04,66.30,100,0,89.54,102.28,2.00,415.00,null,null,null
2023-08-21T03:48:57Z,23.02,66.28,100,0,89.54,102.28,2.00,415.00,null,null,null
2023-08-21T03:49:57Z,23.01,66.35,100,0,89.54,102.28,2.00,415.00,null,null,null
2023-08-21T03:50:57Z,23.01,66.37,100,0,89.54,102.28,2.00,415.00,3,5,6
2023-08-21T03:51:57Z,23.04,66.39,100,0,89.54,102.28,3.00,420.00,null,null,null
2023-08-21T03:52:57Z,23.05,66.49,100,0,89.54,102.28,3.00,423.00,null,null,null
2023-08-21T03:53:57Z,23.04,66.65,100,0,89.54,102.28,3.00,423.00,null,null,null
2023-08-21T03:54:57Z,23.04,66.67,100,0,89.54,102.28,3.00,425.00,null,null,null
2023-08-21T03:55:57Z,23.02,66.67,100,0,89.54,102.28,4.00,432.00,4,6,8
2023-08-21T03:56:57Z,23.04,66.63,100,0,89.54,102.28,5.00,435.00,null,null,null
2023-08-21T03:57:57Z,23.05,66.65,100,0,89.54,102.29,6.00,441.00,null,null,null
2023-08-21T03:58:57Z,23.07,66.71,100,0,89.54,102.29,6.00,444.00,null,null,null
2023-08-21T03:59:57Z,23.05,66.67,100,0,89.54,102.29,7.00,446.00,null,null,null
2023-08-21T04:00:57Z,23.05,66.54,100,0,89.54,102.28,7.00,451.00,5,8,10
2023-08-21T04:01:57Z,23.04,66.33,100,0,89.54,102.28,7.00,451.00,null,null,null
2023-08-21T04:02:57Z,23.07,66.57,100,0,89.54,102.28,7.00,451.00,null,null,null
2023-08-21T04:03:57Z,23.07,66.59,100,0,89.54,102.28,7.00,451.00,null,null,null
2023-08-21T04:04:57Z,23.01,66.71,100,0,89.54,102.28,11.00,477.00,null,null,null
2023-08-21T04:05:57Z,23.00,66.83,100,0,89.54,102.28,19.00,527.00,3,5,5
2023-08-21T04:06:57Z,22.98,66.89,100,0,89.54,102.28,23.00,552.00,null,null,null
2023-08-21T04:07:57Z,22.97,66.85,100,0,89.53,102.28,25.00,569.00,null,null,null
2023-08-21T04:08:57Z,22.97,66.76,100,0,89.54,102.28,25.00,569.00,null,null,null
2023-08-21T04:09:57Z,22.95,66.98,100,0,89.54,102.28,26.00,572.00,null,null,null
2023-08-21T04:10:57Z,22.92,67.19,100,0,89.54,102.28,26.00,572.00,4,6,8
2023-08-21T04:11:57Z,22.95,66.96,100,0,89.54,102.28,25.00,569.00,null,null,null
2023-08-21T04:12:57Z,22.94,67.10,100,0,89.54,102.28,25.00,569.00,null,null,null
2023-08-21T04:13:57Z,22.95,67.06,100,0,89.54,102.28,25.00,569.00,null,null,null
2023-08-21T04:14:57Z,22.94,67.01,100,0,89.54,102.28,25.00,565.00,null,null,null
2023-08-21T04:15:57Z,22.94,66.95,100,0,89.54,102.29,23.00,556.00,5,8,9
2023-08-21T04:16:57Z,22.92,67.00,100,0,89.54,102.28,23.00,552.00,null,null,null
2023-08-21T04:17:57Z,22.97,67.00,100,0,89.54,102.28,25.00,565.00,null,null,null
2023-08-21T04:18:57Z,22.95,66.94,100,0,89.54,102.28,26.00,572.00,null,null,null
2023-08-21T04:19:57Z,22.94,66.88,100,0,89.54,102.29,29.00,591.00,null,null,null
2023-08-21T04:20:57Z,22.94,66.79,100,0,89.54,102.28,33.00,617.00,4,6,7
2023-08-21T04:21:57Z,22.95,66.71,100,0,89.54,102.29,35.00,634.00,null,null,null
2023-08-21T04:22:57Z,22.92,66.80,100,0,89.54,102.29,38.00,652.00,null,null,null
2023-08-21T04:23:57Z,22.94,66.74,100,0,89.54,102.29,38.00,652.00,null,null,null
2023-08-21T04:24:57Z,22.92,66.78,100,0,89.54,102.29,40.00,668.00,null,null,null
2023-08-21T04:25:57Z,22.92,66.81,100,0,89.54,102.29,40.00,668.00,4,6,6
2023-08-21T04:26:57Z,22.92,66.92,100,0,89.54,102.29,41.00,672.00,null,null,null
2023-08-21T04:27:57Z,22.92,66.86,100,0,89.54,102.30,42.00,679.00,null,null,null
2023-08-21T04:28:57Z,22.92,66.96,100,0,89.54,102.29,42.00,679.00,null,null,null
2023-08-21T04:29:57Z,22.95,66.90,100,0,89.54,102.29,43.00,686.00,null,null,null
2023-08-21T04:30:57Z,22.92,66.73,100,0,89.54,102.29,42.00,679.00,4,5,5
2023-08-21T04:31:57Z,22.94,66.68,100,0,89.54,102.30,42.00,679.00,null,null,null
2023-08-21T04:32:57Z,22.92,66.76,100,0,89.54,102.29,42.00,678.00,null,null,null
2023-08-21T04:33:57Z,22.92,66.87,100,0,89.54,102.30,42.00,678.00,null,null,null
2023-08-21T04:34:57Z,22.91,66.81,100,0,89.54,102.30,40.00,668.00,null,null,null
2023-08-21T04:35:57Z,22.91,66.56,100,0,89.54,102.29,40.00,668.00,6,9,9
2023-08-21T04:36:57Z,22.92,66.48,100,0,89.53,102.30,41.00,674.00,null,null,null
2023-08-21T04:37:57Z,22.92,66.50,100,0,89.54,102.30,41.00,674.00,null,null,null
2023-08-21T04:38:57Z,22.90,66.49,100,0,89.54,102.30,40.00,668.00,null,null,null
2023-08-21T04:39:57Z,22.88,66.48,100,0,89.54,102.30,38.00,652.00,null,null,null
2023-08-21T04:40:57Z,22.90,66.51,100,0,89.54,102.30,37.00,646.00,3,5,5
2023-08-21T04:41:57Z,22.91,66.58,100,0,89.54,102.30,37.00,646.00,null,null,null
2023-08-21T04:42:57Z,22.91,66.57,100,0,89.54,102.30,35.00,633.00,null,null,null
2023-08-21T04:43:57Z,22.91,66.60,100,0,89.54,102.30,36.00,640.00,null,null,null
2023-08-21T04:44:57Z,22.90,66.62,100,0,89.54,102.30,35.00,633.00,null,null,null
2023-08-21T04:45:57Z,22.87,66.66,100,0,89.54,102.30,35.00,633.00,5,7,7
2023-08-21T04:46:57Z,22.91,66.58,100,0,89.54,102.30,33.00,623.00,null,null,null
2023-08-21T04:47:57Z,22.92,66.58,100,0,89.54,102.30,34.00,626.00,null,null,null
2023-08-21T04:48:57Z,22.92,66.43,100,0,89.54,102.30,33.00,623.00,null,null,null
2023-08-21T04:49:57Z,22.91,66.38,100,0,89.54,102.30,33.00,617.00,null,null,null
2023-08-21T04:50:57Z,22.88,66.36,100,0,89.54,102.30,32.00,611.00,3,6,6
2023-08-21T04:51:57Z,22.91,66.36,100,0,89.54,102.30,29.00,596.00,null,null,null
2023-08-21T04:52:57Z,22.92,66.37,100,0,89.54,102.30,29.00,596.00,null,null,null
2023-08-21T04:53:57Z,22.90,66.34,100,0,89.54,102.30,29.00,591.00,null,null,null
2023-08-21T04:54:57Z,22.88,66.29,100,0,89.54,102.30,28.00,588.00,null,null,null
2023-08-21T04:55:57Z,22.88,66.25,100,0,89.54,102.30,26.00,577.00,3,5,6
2023-08-21T04:56:57Z,22.90,66.22,100,0,89.54,102.30,25.00,569.00,null,null,null
2023-08-21T04:57:57Z,22.87,66.28,100,0,89.54,102.30,25.00,569.00,null,null,null
2023-08-21T04:58:57Z,22.87,66.28,100,0,89.54,102.30,25.00,569.00,null,null,null
2023-08-21T04:59:57Z,22.86,66.34,100,0,89.54,102.30,24.00,564.00,null,null,null
2023-08-21T05:00:57Z,22.86,66.37,100,0,89.54,102.30,23.00,556.00,4,5,6
2023-08-21T05:01:57Z,22.87,66.38,100,0,89.54,102.30,23.00,551.00,null,null,null
2023-08-21T05:02:57Z,22.87,66.67,100,0,89.54,102.30,23.00,551.00,null,null,null
2023-08-21T05:03:57Z,22.88,66.24,100,0,89.54,102.30,22.00,548.00,null,null,null
2023-08-21T05:04:57Z,22.87,66.20,100,0,89.54,102.30,23.00,553.00,null,null,null
2023-08-21T05:05:57Z,22.88,66.41,100,0,89.54,102.30,22.00,548.00,3,5,5
2023-08-21T05:06:57Z,22.87,66.12,100,0,89.53,102.30,20.00,537.00,null,null,null
2023-08-21T05:07:57Z,22.87,66.13,100,0,89.54,102.30,23.00,553.00,null,null,null
2023-08-21T05:08:57Z,22.87,66.15,100,0,89.54,102.30,23.00,556.00,null,null,null
2023-08-21T05:09:57Z,22.87,66.11,100,0,89.54,102.30,28.00,584.00,null,null,null
2023-08-21T05:10:57Z,22.86,66.15,100,0,89.54,102.30,32.00,611.00,3,5,6
2023-08-21T05:11:57Z,22.87,66.12,100,0,89.54,102.30,34.00,629.00,null,null,null
2023-08-21T05:12:57Z,22.87,66.10,100,0,89.54,102.30,39.00,659.00,null,null,null
2023-08-21T05:13:57Z,22.90,66.19,100,0,89.54,102.30,43.00,686.00,null,null,null
2023-08-21T05:14:57Z,22.88,66.26,100,0,89.53,102.30,46.00,702.00,null,null,null
2023-08-21T05:15:57Z,22.87,66.32,100,0,89.54,102.30,46.00,708.00,4,6,7
2023-08-21T05:16:57Z,22.86,66.30,100,0,89.54,102.30,46.00,708.00,null,null,null
2023-08-21T05:17:57Z,22.88,66.43,100,0,89.54,102.30,49.00,726.00,null,null,null
2023-08-21T05:18:57Z,22.88,66.53,100,0,89.54,102.30,47.00,715.00,null,null,null
2023-08-21T05:19:57Z,22.87,66.62,100,0,89.54,102.30,46.00,708.00,null,null,null
2023-08-21T05:20:57Z,22.88,66.55,100,0,89.54,102.30,46.00,702.00,4,7,7
2023-08-21T05:21:57Z,22.87,66.48,100,0,89.54,102.30,44.00,692.00,null,null,null
2023-08-21T05:22:57Z,22.90,66.46,100,0,89.54,102.30,44.00,692.00,null,null,null
2023-08-21T05:23:57Z,22.87,66.48,100,0,89.54,102.30,46.00,702.00,null,null,null
2023-08-21T05:24:57Z,22.90,66.60,100,0,89.54,102.31,46.00,708.00,null,null,null
2023-08-21T05:25:57Z,22.90,66.60,100,0,89.54,102.31,46.00,702.00,3,5,5
2023-08-21T05:26:57Z,22.91,66.55,100,0,89.54,102.31,44.00,692.00,null,null,null
2023-08-21T05:27:57Z,22.91,66.53,100,0,89.54,102.31,44.00,692.00,null,null,null
2023-08-21T05:28:57Z,22.88,66.56,100,0,89.54,102.31,44.00,692.00,null,null,null
2023-08-21T05:29:57Z,22.86,66.46,100,0,89.54,102.31,42.00,678.00,null,null,null
2023-08-21T05:30:57Z,22.87,66.50,100,0,89.54,102.31,40.00,668.00,4,5,6
2023-08-21T05:31:57Z,22.86,66.49,100,0,89.54,102.31,38.00,652.00,null,null,null
2023-08-21T05:32:57Z,22.86,66.80,100,0,89.54,102.31,39.00,657.00,null,null,null
2023-08-21T05:33:57Z,22.83,66.54,100,0,89.54,102.31,37.00,646.00,null,null,null
2023-08-21T05:34:57Z,22.88,66.46,100,0,89.54,102.31,39.00,657.00,null,null,null
2023-08-21T05:35:57Z,22.86,66.53,100,0,89.54,102.31,35.00,633.00,4,6,6
2023-08-21T05:36:57Z,22.86,66.54,100,0,89.54,102.31,35.00,633.00,null,null,null
2023-08-21T05:37:57Z,22.87,66.54,100,0,89.54,102.31,33.00,623.00,null,null,null
2023-08-21T05:38:57Z,22.84,66.49,100,0,89.54,102.31,33.00,617.00,null,null,null
2023-08-21T05:39:57Z,22.80,66.46,100,0,89.54,102.31,30.00,602.00,null,null,null
2023-08-21T05:40:57Z,22.77,66.52,100,0,89.54,102.31,29.00,591.00,6,9,9
2023-08-21T05:41:57Z,22.75,66.51,100,0,89.54,102.32,26.00,577.00,null,null,null
2023-08-21T05:42:57Z,22.74,66.53,100,0,89.53,102.32,26.00,574.00,null,null,null
2023-08-21T05:43:57Z,22.77,66.56,100,0,89.54,102.32,25.00,569.00,null,null,null
2023-08-21T05:44:57Z,22.73,66.57,100,0,89.53,102.32,23.00,556.00,null,null,null
2023-08-21T05:45:57Z,22.73,66.56,100,0,89.54,102.32,25.00,567.00,5,6,6
2023-08-21T05:46:57Z,22.73,66.57,100,0,89.54,102.32,25.00,567.00,null,null,null
2023-08-21T05:47:57Z,22.73,66.61,100,0,89.54,102.32,22.00,548.00,null,null,null
2023-08-21T05:48:57Z,22.71,66.64,100,0,89.54,102.32,25.00,565.00,null,null,null
2023-08-21T05:49:57Z,22.71,66.69,100,0,89.54,102.32,23.00,556.00,null,null,null
2023-08-21T05:50:57Z,22.73,66.74,100,0,89.54,102.32,23.00,556.00,3,5,6
2023-08-21T05:51:57Z,22.74,66.72,100,0,89.54,102.32,27.00,580.00,null,null,null
2023-08-21T05:52:57Z,22.73,66.79,100,0,89.54,102.32,27.00,580.00,null,null,null
2023-08-21T05:53:57Z,22.74,66.83,100,0,89.54,102.32,29.00,592.00,null,null,null
2023-08-21T05:54:57Z,22.73,66.80,100,0,89.54,102.33,29.00,596.00,null,null,null
2023-08-21T05:55:57Z,22.73,66.84,100,0,89.54,102.33,29.00,596.00,5,8,8
2023-08-21T05:56:57Z,22.73,66.86,100,0,89.54,102.33,29.00,596.00,null,null,null
2023-08-21T05:57:57Z,22.71,66.88,100,0,89.54,102.33,27.00,581.00,null,null,null
2023-08-21T05:58:57Z,22.74,66.86,100,0,89.54,102.33,29.00,592.00,null,null,null
2023-08-21T05:59:57Z,22.74,66.87,100,0,89.54,102.33,29.00,592.00,null,null,null
2023-08-21T06:00:57Z,22.74,66.87,100,0,89.54,102.33,27.00,580.00,3,4,4
2023-08-21T06:01:57Z,22.71,66.83,100,0,89.54,102.33,27.00,580.00,null,null,null
2023-08-21T06:02:57Z,22.70,66.83,100,0,89.54,102.33,26.00,575.00,null,null,null
2023-08-21T06:03:57Z,22.70,66.82,100,0,89.54,102.33,26.00,575.00,null,null,null
2023-08-21T06:04:57Z,22.68,66.89,100,0,89.53,102.34,24.00,564.00,null,null,null
2023-08-21T06:05:57Z,22.67,66.85,100,0,89.54,102.33,24.00,564.00,4,6,6
2023-08-21T06:06:57Z,22.70,66.89,100,0,89.54,102.34,24.00,564.00,null,null,null
2023-08-21T06:07:57Z,22.71,66.89,100,0,89.54,102.33,24.00,560.00,null,null,null
2023-08-21T06:08:57Z,22.71,66.90,100,0,89.54,102.33,24.00,560.00,null,null,null
2023-08-21T06:09:57Z,22.71,66.95,100,0,89.54,102.33,24.00,564.00,null,null,null
2023-08-21T06:10:57Z,22.73,67.00,100,0,89.54,102.33,24.00,564.00,4,7,7
2023-08-21T06:11:57Z,22.70,67.00,100,0,89.54,102.34,24.00,564.00,null,null,null
2023-08-21T06:12:57Z,22.71,66.90,100,0,89.54,102.34,24.00,564.00,null,null,null
2023-08-21T06:13:57Z,22.68,66.90,100,0,89.54,102.34,24.00,560.00,null,null,null
2023-08-21T06:14:57Z,22.68,66.88,100,0,89.54,102.33,24.00,560.00,null,null,null
2023-08-21T06:15:57Z,22.68,66.91,100,0,89.54,102.34,23.00,553.00,3,6,6
2023-08-21T06:16:57Z,22.65,66.81,100,0,89.54,102.34,22.00,548.00,null,null,null
2023-08-21T06:17:57Z,22.67,66.84,100,0,89.54,102.34,22.00,548.00,null,null,null
2023-08-21T06:18:57Z,22.65,66.83,100,0,89.54,102.34,21.00,542.00,null,null,null
2023-08-21T06:19:57Z,22.63,66.88,100,0,89.54,102.35,19.00,531.00,null,null,null
2023-08-21T06:20:57Z,22.61,66.87,100,0,89.54,102.35,19.00,531.00,3,5,5
2023-08-21T06:21:57Z,22.61,66.76,100,0,89.54,102.35,19.00,531.00,null,null,null
2023-08-21T06:22:57Z,22.63,66.73,100,0,89.54,102.35,18.00,524.00,null,null,null
2023-08-21T06:23:57Z,22.61,66.78,100,0,89.54,102.34,18.00,524.00,null,null,null
2023-08-21T06:24:57Z,22.57,66.76,100,0,89.54,102.34,16.00,508.00,null,null,null
2023-08-21T06:25:57Z,22.56,66.87,100,0,89.54,102.34,16.00,508.00,4,6,6
2023-08-21T06:26:57Z,22.59,66.92,100,0,89.54,102.34,15.00,503.00,null,null,null
2023-08-21T06:27:57Z,22.60,66.86,100,0,89.54,102.34,15.00,503.00,null,null,null
2023-08-21T06:28:57Z,22.59,66.86,100,0,89.54,102.34,15.00,503.00,null,null,null
2023-08-21T06:29:57Z,22.59,66.93,100,0,89.54,102.34,15.00,503.00,null,null,null
2023-08-21T06:30:57Z,22.59,66.98,100,0,89.54,102.34,15.00,503.00,4,7,7
2023-08-21T06:31:57Z,22.59,66.95,100,0,89.54,102.34,15.00,503.00,null,null,null
2023-08-21T06:32:57Z,22.61,67.14,100,0,89.54,102.34,16.00,508.00,null,null,null
2023-08-21T06:33:57Z,22.60,67.08,100,0,89.54,102.34,17.00,518.00,null,null,null
2023-08-21T06:34:57Z,22.60,67.04,100,0,89.54,102.34,17.00,518.00,null,null,null
2023-08-21T06:35:57Z,22.60,67.12,100,0,89.54,102.34,18.00,524.00,4,5,6
2023-08-21T06:36:57Z,22.64,67.04,100,0,89.54,102.35,18.00,524.00,null,null,null
2023-08-21T06:37:57Z,22.63,67.04,100,0,89.54,102.35,18.00,524.00,null,null,null
2023-08-21T06:38:57Z,22.63,67.01,100,0,89.54,102.35,18.00,524.00,null,null,null
2023-08-21T06:39:57Z,22.61,67.03,100,0,89.54,102.35,18.00,524.00,null,null,null
2023-08-21T06:40:57Z,22.60,67.00,100,0,89.54,102.34,18.00,524.00,4,5,5
2023-08-21T06:41:57Z,22.64,67.04,100,0,89.54,102.34,18.00,524.00,null,null,null
2023-08-21T06:42:57Z,22.61,67.03,100,0,89.54,102.35,18.00,524.00,null,null,null
2023-08-21T06:43:57Z,22.63,67.07,100,0,89.54,102.35,18.00,524.00,null,null,null
2023-08-21T06:44:57Z,22.61,67.14,100,0,89.54,102.34,18.00,524.00,null,null,null
2023-08-21T06:45:57Z,22.60,67.13,100,0,89.54,102.34,19.00,529.00,3,5,5
2023-08-21T06:46:57Z,22.63,67.08,100,0,89.54,102.34,19.00,529.00,null,null,null
2023-08-21T06:47:57Z,22.63,67.12,100,0,89.54,102.34,19.00,531.00,null,null,null
2023-08-21T06:48:57Z,22.63,67.06,100,0,89.54,102.34,19.00,531.00,null,null,null
2023-08-21T06:49:57Z,22.63,67.03,100,0,89.54,102.34,19.00,531.00,null,null,null
2023-08-21T06:50:57Z,22.61,67.02,100,0,89.54,102.34,19.00,531.00,4,7,7
2023-08-21T06:51:57Z,22.64,67.07,100,0,89.54,102.34,19.00,531.00,null,null,null
2023-08-21T06:52:57Z,22.63,67.04,100,0,89.54,102.34,19.00,531.00,null,null,null
2023-08-21T06:53:57Z,22.64,66.97,100,0,89.54,102.34,20.00,537.00,null,null,null
2023-08-21T06:54:57Z,22.63,67.06,100,0,89.54,102.34,19.00,531.00,null,null,null
2023-08-21T06:55:57Z,22.63,67.00,100,0,89.54,102.34,20.00,537.00,5,8,8
2023-08-21T06:56:57Z,22.64,67.01,100,0,89.54,102.35,19.00,531.00,null,null,null
2023-08-21T06:57:57Z,22.64,67.01,100,0,89.54,102.35,19.00,531.00,null,null,null
2023-08-21T06:58:57Z,22.64,67.04,100,0,89.54,102.35,19.00,531.00,null,null,null
2023-08-21T06:59:57Z,22.63,66.97,100,0,89.54,102.35,19.00,531.00,null,null,null
2023-08-21T07:00:57Z,22.63,66.99,100,0,89.54,102.35,19.00,531.00,3,5,5
2023-08-21T07:01:57Z,22.63,66.99,100,0,89.54,102.35,19.00,531.00,null,null,null
2023-08-21T07:02:57Z,22.65,66.97,100,0,89.54,102.34,19.00,529.00,null,null,null
2023-08-21T07:03:57Z,22.65,66.93,100,0,89.54,102.34,19.00,529.00,null,null,null
2023-08-21T07:04:57Z,22.67,66.94,100,0,89.54,102.35,19.00,529.00,null,null,null
2023-08-21T07:05:57Z,22.63,66.97,100,0,89.54,102.35,19.00,529.00,4,5,5
2023-08-21T07:06:57Z,22.64,66.97,100,0,89.54,102.35,19.00,529.00,null,null,null
2023-08-21T07:07:57Z,22.65,66.91,100,0,89.53,102.35,19.00,529.00,null,null,null
2023-08-21T07:08:57Z,22.64,66.98,100,0,89.54,102.35,19.00,529.00,null,null,null
2023-08-21T07:09:57Z,22.65,67.15,100,0,89.54,102.35,19.00,529.00,null,null,null
2023-08-21T07:10:57Z,22.64,67.13,100,0,89.54,102.35,19.00,529.00,5,6,6
2023-08-21T07:11:57Z,22.68,67.21,100,0,89.54,102.35,32.00,615.00,null,null,null
2023-08-21T07:12:57Z,22.68,67.34,100,0,89.54,102.36,45.00,700.00,null,null,null
2023-08-21T07:13:57Z,22.70,67.35,100,1,89.54,102.35,61.00,804.00,null,null,null
2023-08-21T07:14:57Z,22.68,67.23,100,1,89.54,102.35,69.00,853.00,null,null,null
2023-08-21T07:15:57Z,22.67,67.11,100,1,89.54,102.35,66.00,836.00,4,6,6
2023-08-21T07:16:57Z,22.68,67.07,100,1,89.54,102.35,68.00,851.00,null,null,null
2023-08-21T07:17:57Z,22.68,67.02,100,1,89.54,102.35,64.00,825.00,null,null,null
2023-08-21T07:18:57Z,22.70,67.05,100,1,89.54,102.35,63.00,815.00,null,null,null
2023-08-21T07:19:57Z,22.68,67.05,100,1,89.54,102.35,64.00,825.00,null,null,null
2023-08-21T07:20:57Z,22.68,67.03,100,1,89.54,102.35,62.00,810.00,5,6,7
2023-08-21T07:21:57Z,22.70,67.16,100,1,89.54,102.35,64.00,825.00,null,null,null
2023-08-21T07:22:57Z,22.67,67.36,100,1,89.54,102.35,66.00,834.00,null,null,null
2023-08-21T07:23:57Z,22.68,67.47,100,1,89.54,102.35,67.00,844.00,null,null,null
2023-08-21T07:24:57Z,22.67,67.83,100,1,89.54,102.36,69.00,857.00,null,null,null
2023-08-21T07:25:57Z,22.67,67.66,100,1,89.54,102.35,70.00,865.00,3,5,5
2023-08-21T07:26:57Z,22.68,67.45,100,1,89.54,102.35,70.00,865.00,null,null,null
2023-08-21T07:27:57Z,22.67,67.78,100,1,89.53,102.35,70.00,865.00,null,null,null
2023-08-21T07:28:57Z,22.63,67.76,100,1,89.54,102.35,67.00,844.00,null,null,null
2023-08-21T07:29:57Z,22.64,67.75,100,1,89.54,102.35,67.00,844.00,null,null,null
2023-08-21T07:30:57Z,22.61,67.73,100,1,89.54,102.35,66.00,836.00,4,6,7
2023-08-21T07:31:57Z,22.63,67.77,100,1,89.54,102.36,62.00,808.00,null,null,null
2023-08-21T07:32:57Z,22.63,67.72,100,1,89.54,102.35,62.00,808.00,null,null,null
2023-08-21T07:33:57Z,22.59,67.75,100,1,89.54,102.36,61.00,804.00,null,null,null
2023-08-21T07:34:57Z,22.61,67.83,100,1,89.54,102.35,60.00,795.00,null,null,null
2023-08-21T07:35:57Z,22.61,67.86,100,1,89.54,102.35,57.00,778.00,5,8,8
2023-08-21T07:36:57Z,22.63,67.92,100,2,89.54,102.35,56.00,768.00,null,null,null
2023-08-21T07:37:57Z,22.60,67.86,100,2,89.54,102.35,56.00,768.00,null,null,null
2023-08-21T07:38:57Z,22.60,67.84,100,2,89.54,102.35,54.00,761.00,null,null,null
2023-08-21T07:39:57Z,22.59,67.90,100,2,89.54,102.35,53.00,752.00,null,null,null
2023-08-21T07:40:57Z,22.59,67.85,100,2,89.54,102.35,52.00,746.00,4,6,7
2023-08-21T07:41:57Z,22.61,67.88,100,2,89.54,102.36,52.00,746.00,null,null,null
2023-08-21T07:42:57Z,22.61,67.78,100,1,89.54,102.35,52.00,746.00,null,null,null
2023-08-21T07:43:57Z,22.63,67.64,100,1,89.54,102.36,51.00,735.00,null,null,null
2023-08-21T07:44:57Z,22.63,67.41,100,1,89.54,102.36,50.00,730.00,null,null,null
2023-08-21T07:45:57Z,22.59,67.27,100,1,89.54,102.36,49.00,726.00,4,7,8
2023-08-21T07:46:57Z,22.61,67.22,100,1,89.54,102.36,45.00,700.00,null,null,null
2023-08-21T07:47:57Z,22.60,67.07,100,1,89.54,102.36,44.00,692.00,null,null,null
2023-08-21T07:48:57Z,22.56,67.04,100,1,89.54,102.36,41.00,675.00,null,null,null
2023-08-21T07:49:57Z,22.53,67.05,100,2,89.54,102.36,40.00,666.00,null,null,null
2023-08-21T07:50:57Z,22.56,66.99,100,2,89.54,102.36,38.00,650.00,20,39,47
2023-08-21T07:51:57Z,22.53,66.98,100,2,89.54,102.36,34.00,624.00,null,null,null
2023-08-21T07:52:57Z,22.54,66.89,100,2,89.54,102.36,33.00,620.00,null,null,null
2023-08-21T07:53:57Z,22.52,66.94,100,2,89.54,102.36,31.00,607.00,null,null,null
2023-08-21T07:54:57Z,22.50,66.98,100,2,89.54,102.36,30.00,602.00,null,null,null
2023-08-21T07:55:57Z,22.49,67.14,100,2,89.54,102.36,29.00,596.00,8,14,17
2023-08-21T07:56:57Z,22.47,67.01,100,2,89.54,102.36,29.00,592.00,null,null,null
2023-08-21T07:57:57Z,22.46,66.92,100,2,89.54,102.36,29.00,592.00,null,null,null
2023-08-21T07:58:57Z,22.46,67.03,100,2,89.54,102.36,27.00,580.00,null,null,null
2023-08-21T07:59:57Z,22.43,67.04,100,2,89.54,102.35,26.00,575.00,null,null,null
2023-08-21T08:00:57Z,22.43,67.03,100,2,89.54,102.36,25.00,569.00,4,6,7
2023-08-21T08:01:57Z,22.44,67.07,100,3,89.54,102.36,23.00,553.00,null,null,null
2023-08-21T08:02:57Z,22.44,67.19,100,2,89.54,102.36,23.00,553.00,null,null,null
2023-08-21T08:03:57Z,22.42,67.22,100,3,89.54,102.35,23.00,553.00,null,null,null
2023-08-21T08:04:57Z,22.42,67.28,100,4,89.54,102.35,21.00,543.00,null,null,null
2023-08-21T08:05:57Z,22.44,67.35,100,5,89.54,102.35,21.00,543.00,4,6,8
2023-08-21T08:06:57Z,22.46,67.32,100,5,89.54,102.35,20.00,537.00,null,null,null
2023-08-21T08:07:57Z,22.44,67.36,100,4,89.54,102.35,20.00,537.00,null,null,null
2023-08-21T08:08:57Z,22.46,67.39,100,4,89.54,102.34,20.00,537.00,null,null,null
2023-08-21T08:09:57Z,22.44,67.38,100,4,89.54,102.34,20.00,537.00,null,null,null
2023-08-21T08:10:57Z,22.44,67.39,100,5,89.54,102.35,20.00,537.00,5,7,8
2023-08-21T08:11:57Z,22.46,67.43,100,4,89.54,102.35,20.00,533.00,null,null,null
2023-08-21T08:12:57Z,22.43,67.48,100,4,89.54,102.35,20.00,537.00,null,null,null
2023-08-21T08:13:57Z,22.46,67.55,100,4,89.54,102.34,20.00,537.00,null,null,null
2023-08-21T08:14:57Z,22.44,67.52,100,4,89.54,102.34,20.00,537.00,null,null,null
2023-08-21T08:15:57Z,22.44,67.50,100,4,89.54,102.34,21.00,543.00,5,7,7
2023-08-21T08:16:57Z,22.44,67.53,100,4,89.54,102.34,21.00,543.00,null,null,null
2023-08-21T08:17:57Z,22.44,67.60,100,4,89.54,102.34,23.00,553.00,null,null,null
2023-08-21T08:18:57Z,22.46,67.55,100,4,89.54,102.34,23.00,553.00,null,null,null
2023-08-21T08:19:57Z,22.46,67.54,100,3,89.54,102.33,23.00,553.00,null,null,null
2023-08-21T08:20:57Z,22.46,67.56,100,3,89.54,102.33,23.00,553.00,4,6,7
2023-08-21T08:21:57Z,22.47,67.59,100,3,89.54,102.34,23.00,553.00,null,null,null
2023-08-21T08:22:57Z,22.47,67.61,100,3,89.54,102.34,23.00,553.00,null,null,null
2023-08-21T08:23:57Z,22.49,67.70,100,4,89.54,102.34,23.00,556.00,null,null,null
2023-08-21T08:24:57Z,22.47,67.71,100,4,89.54,102.34,25.00,565.00,null,null,null
2023-08-21T08:25:57Z,22.47,67.72,100,5,89.54,102.34,25.00,565.00,4,4,4
2023-08-21T08:26:57Z,22.47,67.65,100,5,89.54,102.35,25.00,565.00,null,null,null
2023-08-21T08:27:57Z,22.50,67.77,100,5,89.54,102.34,27.00,580.00,null,null,null
2023-08-21T08:28:57Z,22.49,67.61,100,5,89.54,102.35,27.00,580.00,null,null,null
2023-08-21T08:29:57Z,22.47,67.44,100,6,89.54,102.34,28.00,588.00,null,null,null
2023-08-21T08:30:57Z,22.46,67.32,100,6,89.54,102.34,28.00,588.00,3,4,4
2023-08-21T08:31:57Z,22.47,67.11,100,6,89.54,102.34,26.00,575.00,null,null,null
2023-08-21T08:32:57Z,22.46,67.03,100,6,89.54,102.34,27.00,580.00,null,null,null
2023-08-21T08:33:57Z,22.47,66.93,100,5,89.54,102.34,26.00,575.00,null,null,null
2023-08-21T08:34:57Z,22.44,66.82,100,4,89.54,102.34,25.00,569.00,null,null,null
2023-08-21T08:35:57Z,22.43,66.84,100,4,89.54,102.34,21.00,542.00,3,4,4
2023-08-21T08:36:57Z,22.44,66.93,100,3,89.54,102.34,20.00,537.00,null,null,null
2023-08-21T08:37:57Z,22.44,67.10,100,3,89.53,102.34,21.00,542.00,null,null,null
2023-08-21T08:38:57Z,22.44,67.11,100,3,89.54,102.34,20.00,537.00,null,null,null
2023-08-21T08:39:57Z,22.44,67.13,100,3,89.54,102.34,20.00,537.00,null,null,null
2023-08-21T08:40:57Z,22.44,67.13,100,3,89.54,102.34,20.00,537.00,3,5,6
2023-08-21T08:41:57Z,22.46,67.12,100,3,89.54,102.35,20.00,537.00,null,null,null
2023-08-21T08:42:57Z,22.46,67.11,100,3,89.54,102.34,20.00,537.00,null,null,null
2023-08-21T08:43:57Z,22.46,67.13,100,3,89.54,102.34,20.00,537.00,null,null,null
2023-08-21T08:44:57Z,22.46,67.18,100,3,89.54,102.34,20.00,537.00,null,null,null
2023-08-21T08:45:57Z,22.44,67.21,100,3,89.54,102.35,20.00,537.00,2,4,5
2023-08-21T08:46:57Z,22.47,67.19,100,3,89.54,102.34,21.00,542.00,null,null,null
2023-08-21T08:47:57Z,22.49,67.06,100,3,89.54,102.34,20.00,537.00,null,null,null
2023-08-21T08:48:57Z,22.46,67.06,100,3,89.54,102.34,20.00,537.00,null,null,null
2023-08-21T08:49:57Z,22.47,67.14,100,4,89.54,102.35,20.00,537.00,null,null,null
2023-08-21T08:50:57Z,22.47,67.09,100,4,89.54,102.34,20.00,537.00,3,4,5
2023-08-21T08:51:57Z,22.43,67.11,100,4,89.54,102.34,21.00,542.00,null,null,null
2023-08-21T08:52:57Z,22.47,67.11,100,4,89.54,102.34,21.00,542.00,null,null,null
2023-08-21T08:53:57Z,22.46,67.06,100,5,89.54,102.34,21.00,542.00,null,null,null
2023-08-21T08:54:57Z,22.44,66.84,100,5,89.54,102.34,20.00,537.00,null,null,null
2023-08-21T08:55:57Z,22.43,66.88,100,6,89.54,102.34,19.00,531.00,3,4,4
2023-08-21T08:56:57Z,22.46,66.82,100,5,89.54,102.34,19.00,531.00,null,null,null
2023-08-21T08:57:57Z,22.46,66.88,100,5,89.54,102.34,19.00,531.00,null,null,null
2023-08-21T08:58:57Z,22.44,66.92,100,6,89.54,102.34,19.00,529.00,null,null,null
2023-08-21T08:59:57Z,22.47,66.97,100,6,89.54,102.34,19.00,529.00,null,null,null
2023-08-21T09:00:57Z,22.46,67.01,100,5,89.54,102.33,19.00,531.00,5,6,6
2023-08-21T09:01:57Z,22.44,66.98,100,5,89.54,102.34,19.00,531.00,null,null,null
2023-08-21T09:02:57Z,22.47,66.96,100,4,89.54,102.34,19.00,529.00,null,null,null
2023-08-21T09:03:57Z,22.47,66.92,100,5,89.54,102.34,18.00,524.00,null,null,null
2023-08-21T09:04:57Z,22.47,66.91,100,4,89.54,102.34,19.00,529.00,null,null,null
2023-08-21T09:05:57Z,22.46,66.88,100,4,89.54,102.35,19.00,529.00,5,7,7
2023-08-21T09:06:57Z,22.46,66.80,100,4,89.54,102.35,19.00,529.00,null,null,null
2023-08-21T09:07:57Z,22.47,66.91,100,4,89.54,102.35,18.00,524.00,null,null,null
2023-08-21T09:08:57Z,22.50,66.89,100,4,89.54,102.34,19.00,529.00,null,null,null
2023-08-21T09:09:57Z,22.46,66.78,100,5,89.54,102.34,18.00,524.00,null,null,null
2023-08-21T09:10:57Z,22.47,66.64,100,5,89.54,102.35,18.00,524.00,3,5,7
2023-08-21T09:11:57Z,22.44,66.50,100,6,89.54,102.34,18.00,523.00,null,null,null
2023-08-21T09:12:57Z,22.46,66.28,100,6,89.54,102.34,17.00,517.00,null,null,null
2023-08-21T09:13:57Z,22.47,66.22,100,6,89.54,102.33,18.00,523.00,null,null,null
2023-08-21T09:14:57Z,22.46,66.31,100,6,89.54,102.33,17.00,518.00,null,null,null
2023-08-21T09:15:57Z,22.47,66.29,100,5,89.54,102.33,15.00,505.00,3,5,5
2023-08-21T09:16:57Z,22.47,66.06,100,5,89.54,102.33,15.00,505.00,null,null,null
2023-08-21T09:17:57Z,22.44,66.01,100,5,89.54,102.32,16.00,506.00,null,null,null
2023-08-21T09:18:57Z,22.47,65.80,100,5,89.54,102.33,15.00,501.00,null,null,null
2023-08-21T09:19:57Z,22.46,65.74,100,6,89.54,102.32,15.00,501.00,null,null,null
2023-08-21T09:20:57Z,22.43,65.75,100,6,89.54,102.32,14.00,496.00,3,4,4
2023-08-21T09:21:57Z,22.44,65.86,100,6,89.54,102.32,14.00,492.00,null,null,null
2023-08-21T09:22:57Z,22.49,65.84,100,6,89.54,102.32,14.00,492.00,null,null,null
2023-08-21T09:23:57Z,22.50,65.99,100,6,89.54,102.33,13.00,488.00,null,null,null
2023-08-21T09:24:57Z,22.47,66.04,100,6,89.54,102.32,14.00,492.00,null,null,null
2023-08-21T09:25:57Z,22.46,66.08,100,6,89.54,102.32,14.00,492.00,3,5,6
2023-08-21T09:26:57Z,22.52,66.13,100,6,89.54,102.33,14.00,492.00,null,null,null
2023-08-21T09:27:57Z,22.50,66.14,100,5,89.54,102.33,14.00,492.00,null,null,null
2023-08-21T09:28:57Z,22.49,65.73,100,6,89.54,102.33,13.00,488.00,null,null,null
2023-08-21T09:29:57Z,22.46,65.45,100,6,89.53,102.33,12.00,485.00,null,null,null
2023-08-21T09:30:57Z,22.44,65.29,100,6,89.54,102.33,12.00,480.00,3,4,4
2023-08-21T09:31:57Z,22.44,65.28,100,7,89.54,102.32,12.00,480.00,null,null,null
2023-08-21T09:32:57Z,22.43,65.28,100,7,89.54,102.33,10.00,472.00,null,null,null
2023-08-21T09:33:57Z,22.43,65.05,100,6,89.54,102.32,10.00,472.00,null,null,null
2023-08-21T09:34:57Z,22.44,65.06,100,5,89.54,102.33,10.00,472.00,null,null,null
2023-08-21T09:35:57Z,22.44,64.95,100,6,89.54,102.33,9.00,461.00,1,2,2
2023-08-21T09:36:57Z,22.43,65.27,100,7,89.54,102.33,8.00,456.00,null,null,null
2023-08-21T09:37:57Z,22.44,65.14,100,2,89.54,102.33,7.00,450.00,null,null,null
2023-08-21T09:38:57Z,22.43,65.14,100,6,89.54,102.33,8.00,454.00,null,null,null
2023-08-21T09:39:57Z,22.42,65.23,100,7,89.54,102.33,7.00,450.00,null,null,null
2023-08-21T09:40:57Z,22.40,65.04,100,7,89.54,102.32,7.00,450.00,3,4,4
2023-08-21T09:41:57Z,22.42,65.19,100,5,89.54,102.32,7.00,450.00,null,null,null
2023-08-21T09:42:57Z,22.43,65.49,100,6,89.54,102.33,7.00,450.00,null,null,null
2023-08-21T09:43:57Z,22.43,65.32,100,6,89.54,102.33,7.00,446.00,null,null,null
2023-08-21T09:44:57Z,22.44,65.49,100,6,89.54,102.32,7.00,446.00,null,null,null
2023-08-21T09:45:57Z,22.42,65.33,100,5,89.54,102.32,7.00,446.00,3,3,4
2023-08-21T09:46:57Z,22.42,65.25,100,5,89.54,102.32,7.00,446.00,null,null,null
2023-08-21T09:47:57Z,22.46,65.18,100,6,89.54,102.32,6.00,442.00,null,null,null
2023-08-21T09:48:57Z,22.44,65.15,100,6,89.54,102.32,6.00,445.00,null,null,null
2023-08-21T09:49:57Z,22.46,65.11,100,6,89.54,102.33,6.00,442.00,null,null,null
2023-08-21T09:50:57Z,22.46,65.15,100,6,89.54,102.33,6.00,442.00,2,3,3
2023-08-21T09:51:57Z,22.44,65.09,100,5,89.54,102.33,6.00,442.00,null,null,null
2023-08-21T09:52:57Z,22.46,65.00,100,6,89.54,102.33,6.00,442.00,null,null,null
2023-08-21T09:53:57Z,22.44,64.99,100,6,89.53,102.33,5.00,439.00,null,null,null
2023-08-21T09:54:57Z,22.44,64.99,100,6,89.54,102.33,5.00,439.00,null,null,null
2023-08-21T09:55:57Z,22.44,65.03,100,6,89.54,102.33,5.00,439.00,2,3,3
2023-08-21T09:56:57Z,22.46,64.95,100,6,89.54,102.33,5.00,435.00,null,null,null
2023-08-21T09:57:57Z,22.47,64.99,100,6,89.54,102.33,5.00,435.00,null,null,null
2023-08-21T09:58:57Z,22.49,65.02,100,6,89.54,102.33,4.00,428.00,null,null,null
2023-08-21T09:59:57Z,22.44,65.14,100,6,89.54,102.33,5.00,435.00,null,null,null
2023-08-21T10:00:57Z,22.46,65.24,100,5,89.54,102.32,5.00,435.00,1,2,3
2023-08-21T10:01:57Z,22.49,65.08,100,5,89.54,102.33,4.00,428.00,null,null,null
2023-08-21T10:02:57Z,22.52,64.93,100,4,89.54,102.32,5.00,435.00,null,null,null
2023-08-21T10:03:57Z,22.50,64.92,100,5,89.54,102.32,4.00,428.00,null,null,null
2023-08-21T10:04:57Z,22.50,65.01,100,4,89.54,102.32,4.00,428.00,null,null,null
2023-08-21T10:05:57Z,22.52,65.11,100,4,89.54,102.32,4.00,428.00,2,4,4
2023-08-21T10:06:57Z,22.53,65.23,100,3,89.54,102.33,5.00,435.00,null,null,null
2023-08-21T10:07:57Z,22.53,65.07,100,3,89.54,102.32,5.00,435.00,null,null,null
2023-08-21T10:08:57Z,22.53,65.13,100,3,89.54,102.32,5.00,435.00,null,null,null
2023-08-21T10:09:57Z,22.53,65.04,100,2,89.54,102.32,5.00,435.00,null,null,null
2023-08-21T10:10:57Z,22.54,65.01,100,3,89.54,102.32,5.00,435.00,3,3,4
2023-08-21T10:11:57Z,22.52,64.96,100,3,89.54,102.32,5.00,435.00,null,null,null
2023-08-21T10:12:57Z,22.56,65.03,100,4,89.54,102.32,5.00,435.00,null,null,null
2023-08-21T10:13:57Z,22.57,65.19,100,4,89.54,102.31,5.00,435.00,null,null,null
2023-08-21T10:14:57Z,22.56,65.10,100,4,89.54,102.32,5.00,439.00,null,null,null
2023-08-21T10:15:57Z,22.57,65.16,100,4,89.54,102.32,5.00,435.00,2,4,5
2023-08-21T10:16:57Z,22.56,65.24,100,3,89.54,102.32,5.00,439.00,null,null,null
2023-08-21T10:17:57Z,22.57,65.23,100,3,89.54,102.32,6.00,442.00,null,null,null
2023-08-21T10:18:57Z,22.59,65.33,100,3,89.54,102.32,5.00,439.00,null,null,null
2023-08-21T10:19:57Z,22.57,65.36,100,3,89.54,102.32,5.00,438.00,null,null,null
2023-08-21T10:20:57Z,22.59,65.42,100,3,89.53,102.33,6.00,442.00,3,3,3
2023-08-21T10:21:57Z,22.60,65.48,100,2,89.54,102.33,6.00,442.00,null,null,null
2023-08-21T10:22:57Z,22.60,65.47,100,2,89.54,102.33,7.00,446.00,null,null,null
2023-08-21T10:23:57Z,22.60,65.53,100,2,89.54,102.32,7.00,450.00,null,null,null
2023-08-21T10:24:57Z,22.60,65.59,100,3,89.54,102.32,7.00,452.00,null,null,null
2023-08-21T10:25:57Z,22.61,65.66,100,3,89.54,102.32,7.00,452.00,2,3,3
2023-08-21T10:26:57Z,22.61,65.70,100,3,89.54,102.32,8.00,457.00,null,null,null
2023-08-21T10:27:57Z,22.64,65.59,100,3,89.54,102.31,9.00,461.00,null,null,null
2023-08-21T10:28:57Z,22.64,65.56,100,3,89.54,102.31,9.00,461.00,null,null,null
2023-08-21T10:29:57Z,22.63,65.62,100,3,89.54,102.32,9.00,465.00,null,null,null
2023-08-21T10:30:57Z,22.64,65.59,100,3,89.54,102.31,9.00,465.00,3,4,4
2023-08-21T10:31:57Z,22.64,65.30,100,4,89.54,102.32,9.00,465.00,null,null,null
2023-08-21T10:32:57Z,22.65,64.87,100,4,89.54,102.32,9.00,465.00,null,null,null
2023-08-21T10:33:57Z,22.67,64.61,100,4,89.54,102.32,10.00,472.00,null,null,null
2023-08-21T10:34:57Z,22.64,64.80,100,5,89.54,102.32,9.00,465.00,null,null,null
2023-08-21T10:35:57Z,22.64,64.58,100,5,89.54,102.32,9.00,461.00,3,3,3
2023-08-21T10:36:57Z,22.64,64.61,100,4,89.54,102.31,8.00,459.00,null,null,null
2023-08-21T10:37:57Z,22.70,64.83,100,4,89.54,102.32,8.00,459.00,null,null,null
2023-08-21T10:38:57Z,22.67,64.89,100,4,89.54,102.32,8.00,454.00,null,null,null
2023-08-21T10:39:57Z,22.68,64.90,100,3,89.54,102.31,8.00,454.00,null,null,null
2023-08-21T10:40:57Z,22.65,65.12,100,3,89.54,102.32,8.00,454.00,3,4,4
2023-08-21T10:41:57Z,22.70,65.14,100,3,89.54,102.32,8.00,456.00,null,null,null
2023-08-21T10:42:57Z,22.70,65.21,100,4,89.54,102.32,8.00,456.00,null,null,null
2023-08-21T10:43:57Z,22.70,65.68,100,3,89.54,102.32,7.00,452.00,null,null,null
2023-08-21T10:44:57Z,22.68,65.65,100,3,89.54,102.32,8.00,457.00,null,null,null
2023-08-21T10:45:57Z,22.71,65.55,100,3,89.54,102.31,8.00,457.00,2,4,5
2023-08-21T10:46:57Z,22.71,65.53,100,2,89.54,102.31,8.00,457.00,null,null,null
2023-08-21T10:47:57Z,22.71,65.72,100,2,89.54,102.31,9.00,465.00,null,null,null
2023-08-21T10:48:57Z,22.74,65.90,100,2,89.54,102.31,10.00,472.00,null,null,null
2023-08-21T10:49:57Z,22.71,65.89,100,2,89.54,102.31,9.00,462.00,null,null,null
2023-08-21T10:50:57Z,22.70,66.06,100,3,89.54,102.31,9.00,465.00,4,7,7
2023-08-21T10:51:57Z,22.74,66.07,100,3,89.54,102.31,9.00,462.00,null,null,null
2023-08-21T10:52:57Z,22.74,65.98,100,3,89.54,102.31,9.00,460.00,null,null,null
2023-08-21T10:53:57Z,22.73,65.93,100,3,89.54,102.30,11.00,476.00,null,null,null
2023-08-21T10:54:57Z,22.74,66.05,100,3,89.54,102.31,11.00,476.00,null,null,null
2023-08-21T10:55:57Z,22.75,65.97,100,3,89.54,102.31,12.00,480.00,3,8,9
2023-08-21T10:56:57Z,22.77,66.10,100,2,89.54,102.31,9.00,464.00,null,null,null
2023-08-21T10:57:57Z,22.80,66.19,100,2,89.54,102.30,11.00,473.00,null,null,null
2023-08-21T10:58:57Z,22.75,66.16,100,3,89.54,102.30,11.00,473.00,null,null,null
2023-08-21T10:59:57Z,22.75,66.47,100,3,89.54,102.30,11.00,477.00,null,null,null
2023-08-21T11:00:57Z,22.74,66.62,100,3,89.54,102.30,11.00,477.00,9,17,20
2023-08-21T11:01:57Z,22.78,66.55,100,3,89.54,102.31,11.00,477.00,null,null,null
2023-08-21T11:02:57Z,22.77,66.55,100,3,89.54,102.30,12.00,482.00,null,null,null
2023-08-21T11:03:57Z,22.78,66.44,100,3,89.54,102.30,12.00,482.00,null,null,null
2023-08-21T11:04:57Z,22.78,66.52,100,2,89.54,102.30,13.00,486.00,null,null,null
2023-08-21T11:05:57Z,22.78,66.52,100,3,89.54,102.30,13.00,488.00,7,12,14
2023-08-21T11:06:57Z,22.78,66.50,100,3,89.54,102.29,13.00,486.00,null,null,null
2023-08-21T11:07:57Z,22.81,66.57,100,3,89.54,102.30,13.00,488.00,null,null,null
2023-08-21T11:08:57Z,22.83,66.78,100,2,89.54,102.30,14.00,495.00,null,null,null
2023-08-21T11:09:57Z,22.78,66.61,100,3,89.54,102.30,13.00,491.00,null,null,null
2023-08-21T11:10:57Z,22.80,66.80,100,2,89.54,102.29,14.00,498.00,7,16,19
2023-08-21T11:11:57Z,22.80,66.61,100,3,89.54,102.29,13.00,491.00,null,null,null
2023-08-21T11:12:57Z,22.84,66.73,100,2,89.54,102.29,15.00,503.00,null,null,null
2023-08-21T11:13:57Z,22.84,66.61,100,3,89.54,102.29,15.00,503.00,null,null,null
2023-08-21T11:14:57Z,22.83,66.65,100,3,89.54,102.29,15.00,503.00,null,null,null
2023-08-21T11:15:57Z,22.84,66.75,100,2,89.54,102.29,15.00,503.00,7,11,12
2023-08-21T11:16:57Z,22.83,66.60,100,2,89.54,102.29,14.00,498.00,null,null,null
2023-08-21T11:17:57Z,22.81,66.64,100,2,89.54,102.29,17.00,514.00,null,null,null
2023-08-21T11:18:57Z,22.84,66.77,100,2,89.54,102.29,17.00,514.00,null,null,null
2023-08-21T11:19:57Z,22.84,66.65,100,2,89.54,102.29,17.00,518.00,null,null,null
2023-08-21T11:20:57Z,22.83,66.72,100,2,89.54,102.29,17.00,518.00,6,11,11
2023-08-21T11:21:57Z,22.88,66.84,100,2,89.53,102.30,17.00,514.00,null,null,null
2023-08-21T11:22:57Z,22.84,66.70,100,2,89.54,102.30,17.00,514.00,null,null,null
2023-08-21T11:23:57Z,22.87,66.70,100,2,89.54,102.29,17.00,518.00,null,null,null
2023-08-21T11:24:57Z,22.87,66.64,100,2,89.54,102.29,18.00,520.00,null,null,null
2023-08-21T11:25:57Z,22.87,66.64,100,2,89.54,102.29,18.00,520.00,5,9,11
2023-08-21T11:26:57Z,22.90,66.65,100,3,89.54,102.29,18.00,520.00,null,null,null
2023-08-21T11:27:57Z,22.87,66.63,100,3,89.54,102.29,19.00,527.00,null,null,null
2023-08-21T11:28:57Z,22.88,66.64,100,3,89.54,102.29,19.00,527.00,null,null,null
2023-08-21T11:29:57Z,22.86,66.61,100,3,89.53,102.30,19.00,527.00,null,null,null
2023-08-21T11:30:57Z,22.88,66.61,100,3,89.54,102.29,19.00,527.00,5,8,9
2023-08-21T11:31:57Z,22.88,66.56,100,3,89.54,102.29,18.00,520.00,null,null,null
2023-08-21T11:32:57Z,22.88,66.48,100,3,89.54,102.29,20.00,533.00,null,null,null
2023-08-21T11:33:57Z,22.91,66.45,100,3,89.54,102.28,20.00,533.00,null,null,null
2023-08-21T11:34:57Z,22.91,66.49,100,3,89.54,102.28,20.00,533.00,null,null,null
2023-08-21T11:35:57Z,22.90,66.41,100,3,89.54,102.27,20.00,537.00,3,5,6
2023-08-21T11:36:57Z,22.91,66.44,100,2,89.54,102.27,20.00,533.00,null,null,null
2023-08-21T11:37:57Z,22.92,66.32,100,3,89.54,102.28,20.00,533.00,null,null,null
2023-08-21T11:38:57Z,22.91,66.22,100,3,89.53,102.28,20.00,533.00,null,null,null
2023-08-21T11:39:57Z,22.90,66.22,100,3,89.54,102.28,21.00,539.00,null,null,null
2023-08-21T11:40:57Z,22.91,66.07,100,3,89.54,102.27,21.00,539.00,3,4,5
2023-08-21T11:41:57Z,22.94,66.15,100,2,89.54,102.28,21.00,543.00,null,null,null
2023-08-21T11:42:57Z,22.94,66.05,100,2,89.54,102.28,21.00,539.00,null,null,null
2023-08-21T11:43:57Z,22.92,66.02,100,2,89.53,102.28,21.00,539.00,null,null,null
2023-08-21T11:44:57Z,22.94,65.99,100,3,89.54,102.27,21.00,539.00,null,null,null
2023-08-21T11:45:57Z,22.92,65.90,100,2,89.54,102.26,21.00,539.00,4,6,8
2023-08-21T11:46:57Z,22.94,65.89,100,3,89.54,102.27,21.00,543.00,null,null,null
2023-08-21T11:47:57Z,22.94,65.69,100,2,89.54,102.26,21.00,539.00,null,null,null
2023-08-21T11:48:57Z,22.95,65.75,100,2,89.54,102.26,21.00,543.00,null,null,null
2023-08-21T11:49:57Z,22.94,65.63,100,2,89.54,102.26,22.00,548.00,null,null,null
2023-08-21T11:50:57Z,22.94,65.51,100,2,89.54,102.26,21.00,543.00,3,4,4
2023-08-21T11:51:57Z,22.95,65.64,100,2,89.54,102.26,22.00,548.00,null,null,null
2023-08-21T11:52:57Z,22.94,65.58,100,2,89.54,102.26,22.00,548.00,null,null,null
2023-08-21T11:53:57Z,22.94,65.51,100,2,89.54,102.26,21.00,543.00,null,null,null
2023-08-21T11:54:57Z,22.95,65.47,100,2,89.54,102.26,22.00,548.00,null,null,null
2023-08-21T11:55:57Z,22.95,65.48,100,2,89.54,102.26,22.00,548.00,3,4,4
2023-08-21T11:56:57Z,22.95,65.50,100,2,89.54,102.26,22.00,548.00,null,null,null
2023-08-21T11:57:57Z,22.97,65.42,100,2,89.54,102.26,22.00,548.00,null,null,null
2023-08-21T11:58:57Z,22.97,65.46,100,2,89.54,102.25,22.00,548.00,null,null,null
2023-08-21T11:59:57Z,22.94,65.52,100,2,89.54,102.26,22.00,548.00,null,null,null
2023-08-21T12:00:57Z,22.98,65.50,100,2,89.54,102.26,22.00,548.00,2,3,3
2023-08-21T12:01:57Z,22.95,65.52,100,2,89.54,102.26,23.00,552.00,null,null,null
2023-08-21T12:02:57Z,22.98,65.34,100,2,89.54,102.26,22.00,548.00,null,null,null
2023-08-21T12:03:57Z,22.97,65.54,100,2,89.54,102.26,22.00,548.00,null,null,null
2023-08-21T12:04:57Z,22.97,65.61,100,2,89.54,102.25,21.00,543.00,null,null,null
2023-08-21T12:05:57Z,22.98,65.55,100,2,89.54,102.25,21.00,543.00,80,175,217
2023-08-21T12:06:57Z,22.98,65.54,100,2,89.54,102.25,21.00,543.00,null,null,null
2023-08-21T12:07:57Z,23.00,65.53,100,2,89.54,102.24,22.00,548.00,null,null,null
2023-08-21T12:08:57Z,22.98,65.60,100,2,89.54,102.24,23.00,552.00,null,null,null
2023-08-21T12:09:57Z,23.00,65.60,100,2,89.53,102.25,22.00,548.00,null,null,null
2023-08-21T12:10:57Z,22.98,65.59,100,2,89.53,102.24,23.00,552.00,81,174,229
2023-08-21T12:11:57Z,23.00,65.64,100,0,89.54,102.24,23.00,552.00,null,null,null
2023-08-21T12:12:57Z,23.01,65.62,100,2,89.54,102.24,23.00,552.00,null,null,null
2023-08-21T12:13:57Z,23.00,65.62,100,2,89.54,102.24,24.00,560.00,null,null,null
2023-08-21T12:14:57Z,23.00,65.63,100,2,89.54,102.25,24.00,560.00,null,null,null
2023-08-21T12:15:57Z,23.01,65.63,100,2,89.54,102.24,24.00,560.00,60,130,166
2023-08-21T12:16:57Z,23.00,65.69,100,3,89.54,102.24,24.00,564.00,null,null,null
2023-08-21T12:17:57Z,23.01,65.63,100,2,89.54,102.24,24.00,564.00,null,null,null
2023-08-21T12:18:57Z,23.00,65.64,100,3,89.54,102.24,24.00,564.00,null,null,null
2023-08-21T12:19:57Z,23.00,65.66,100,3,89.54,102.24,25.00,569.00,null,null,null
2023-08-21T12:20:57Z,23.01,65.70,100,3,89.54,102.23,25.00,569.00,50,99,129
2023-08-21T12:21:57Z,23.01,65.68,100,3,89.54,102.23,24.00,564.00,null,null,null
2023-08-21T12:22:57Z,23.01,65.71,100,3,89.54,102.24,25.00,569.00,null,null,null
2023-08-21T12:23:57Z,23.02,65.71,100,2,89.54,102.24,25.00,569.00,null,null,null
2023-08-21T12:24:57Z,23.02,65.73,100,2,89.54,102.23,25.00,569.00,null,null,null
2023-08-21T12:25:57Z,23.01,65.74,100,2,89.54,102.23,26.00,574.00,42,94,112
2023-08-21T12:26:57Z,23.05,65.77,100,2,89.54,102.23,26.00,574.00,null,null,null
2023-08-21T12:27:57Z,23.02,65.72,100,3,null,102.23,25.00,569.00,null,null,null
2023-08-21T12:28:57Z,23.02,65.73,100,2,89.54,102.23,26.00,574.00,null,null,null
2023-08-21T12:29:57Z,23.05,65.78,100,3,89.54,102.23,26.00,575.00,null,null,null
2023-08-21T12:30:57Z,23.02,65.80,100,3,89.54,102.23,26.00,575.00,46,92,124
2023-08-21T12:31:57Z,23.04,65.79,100,3,89.54,102.23,26.00,575.00,null,null,null
2023-08-21T12:32:57Z,23.02,65.79,100,3,89.54,102.23,27.00,580.00,null,null,null
2023-08-21T12:33:57Z,23.02,65.78,100,2,89.54,102.22,28.00,586.00,null,null,null
2023-08-21T12:34:57Z,23.04,65.80,100,2,89.54,102.22,27.00,580.00,null,null,null
2023-08-21T12:35:57Z,23.05,65.84,100,2,89.54,102.22,27.00,580.00,39,78,104
2023-08-21T12:36:57Z,23.04,65.80,100,3,89.54,102.22,27.00,580.00,null,null,null
2023-08-21T12:37:57Z,23.05,65.81,100,2,89.54,102.22,28.00,586.00,null,null,null
2023-08-21T12:38:57Z,23.04,65.84,100,2,89.54,102.22,28.00,584.00,null,null,null
2023-08-21T12:39:57Z,23.04,65.80,100,3,89.54,102.21,28.00,584.00,null,null,null
2023-08-21T12:40:57Z,23.02,65.84,100,2,89.54,102.22,27.00,580.00,38,78,86
2023-08-21T12:41:57Z,23.05,65.81,100,3,89.54,102.22,28.00,584.00,null,null,null
2023-08-21T12:42:57Z,23.04,65.84,100,2,89.54,102.22,29.00,594.00,null,null,null
2023-08-21T12:43:57Z,23.07,65.81,100,2,89.54,102.22,28.00,584.00,null,null,null
2023-08-21T12:44:57Z,23.04,65.81,100,2,89.54,102.22,29.00,594.00,null,null,null
2023-08-21T12:45:57Z,23.04,65.85,100,2,89.54,102.21,29.00,594.00,33,71,81
2023-08-21T12:46:57Z,23.05,65.86,100,2,89.54,102.21,30.00,597.00,null,null,null
2023-08-21T12:47:57Z,23.07,65.86,100,2,89.54,102.21,29.00,594.00,null,null,null
2023-08-21T12:48:57Z,23.07,65.88,100,2,89.54,102.21,30.00,597.00,null,null,null
2023-08-21T12:49:57Z,23.04,65.88,100,2,89.54,102.22,30.00,597.00,null,null,null
2023-08-21T12:50:57Z,23.05,65.90,100,2,89.54,102.21,30.00,597.00,32,64,80
2023-08-21T12:51:57Z,23.05,65.90,100,2,89.54,102.21,30.00,597.00,null,null,null
2023-08-21T12:52:57Z,23.07,65.95,100,2,89.54,102.21,30.00,597.00,null,null,null
2023-08-21T12:53:57Z,23.07,65.90,100,2,89.54,102.21,30.00,597.00,null,null,null
2023-08-21T12:54:57Z,23.10,65.96,100,2,89.54,102.21,30.00,602.00,null,null,null
2023-08-21T12:55:57Z,23.02,65.95,100,2,89.54,102.21,30.00,602.00,33,59,74
2023-08-21T12:56:57Z,23.08,65.95,100,2,89.54,102.21,30.00,602.00,null,null,null
2023-08-21T12:57:57Z,23.08,65.96,100,2,89.54,102.21,30.00,602.00,null,null,null
2023-08-21T12:58:57Z,23.07,65.97,100,2,89.54,102.21,30.00,602.00,null,null,null
2023-08-21T12:59:57Z,23.08,65.98,100,2,89.54,102.20,30.00,602.00,null,null,null
2023-08-21T13:00:57Z,23.08,65.97,100,2,89.54,102.20,30.00,602.00,29,61,73
2023-08-21T13:01:57Z,23.08,66.06,100,3,89.54,102.21,32.00,611.00,null,null,null
2023-08-21T13:02:57Z,23.08,66.01,100,2,89.54,102.20,30.00,602.00,null,null,null
2023-08-21T13:03:57Z,23.07,66.03,100,2,89.54,102.20,32.00,611.00,null,null,null
2023-08-21T13:04:57Z,23.08,65.97,100,2,89.54,102.20,32.00,611.00,null,null,null
2023-08-21T13:05:57Z,23.08,66.03,100,2,89.54,102.19,32.00,611.00,30,58,67
2023-08-21T13:06:57Z,23.10,66.03,100,3,89.54,102.19,32.00,611.00,null,null,null
2023-08-21T13:07:57Z,23.10,66.04,100,2,89.54,102.20,32.00,611.00,null,null,null
2023-08-21T13:08:57Z,23.08,66.01,100,2,89.54,102.19,32.00,611.00,null,null,null
2023-08-21T13:09:57Z,23.10,66.04,100,2,89.54,102.20,32.00,611.00,null,null,null
2023-08-21T13:10:57Z,23.08,66.07,100,2,89.54,102.20,32.00,611.00,26,50,58
2023-08-21T13:11:57Z,23.11,66.05,100,3,89.53,102.19,32.00,611.00,null,null,null
2023-08-21T13:12:57Z,23.11,66.04,100,2,89.54,102.20,33.00,617.00,null,null,null
2023-08-21T13:13:57Z,23.10,66.03,100,2,89.54,102.19,32.00,611.00,null,null,null
2023-08-21T13:14:57Z,23.11,66.08,100,2,89.54,102.19,33.00,617.00,null,null,null
2023-08-21T13:15:57Z,23.10,66.05,100,2,89.54,102.19,32.00,611.00,23,45,48
2023-08-21T13:16:57Z,23.12,66.05,100,3,89.54,102.19,33.00,617.00,null,null,null
2023-08-21T13:17:57Z,23.12,66.06,100,2,89.54,102.19,33.00,617.00,null,null,null
2023-08-21T13:18:57Z,23.11,66.03,100,2,89.54,102.19,33.00,617.00,null,null,null
2023-08-21T13:19:57Z,23.11,66.06,100,3,89.54,102.19,33.00,617.00,null,null,null
2023-08-21T13:20:57Z,23.10,66.08,100,2,89.54,102.19,33.00,617.00,22,42,51
2023-08-21T13:21:57Z,23.10,66.05,100,3,89.54,102.19,33.00,617.00,null,null,null
2023-08-21T13:22:57Z,23.11,66.06,100,2,89.54,102.19,33.00,617.00,null,null,null
2023-08-21T13:23:57Z,23.12,66.06,100,2,89.54,102.20,33.00,617.00,null,null,null
2023-08-21T13:24:57Z,23.12,66.12,100,2,89.54,102.20,33.00,617.00,null,null,null
2023-08-21T13:25:57Z,23.11,66.09,100,2,89.54,102.19,33.00,617.00,23,42,48
2023-08-21T13:26:57Z,23.14,66.04,100,2,89.54,102.20,33.00,617.00,null,null,null
2023-08-21T13:27:57Z,23.15,66.06,100,3,89.54,102.20,34.00,624.00,null,null,null
2023-08-21T13:28:57Z,23.12,66.05,100,2,89.54,102.19,33.00,617.00,null,null,null
2023-08-21T13:29:57Z,23.12,66.07,100,3,89.54,102.19,34.00,624.00,null,null,null
2023-08-21T13:30:57Z,23.14,66.09,100,2,89.54,102.19,34.00,624.00,17,35,37
2023-08-21T13:31:57Z,23.12,66.07,100,3,89.54,102.19,33.00,617.00,null,null,null
2023-08-21T13:32:57Z,23.14,66.03,100,3,89.54,102.19,34.00,624.00,null,null,null
2023-08-21T13:33:57Z,23.15,66.02,100,3,89.54,102.18,34.00,624.00,null,null,null
2023-08-21T13:34:57Z,23.12,66.02,100,3,89.54,102.18,34.00,624.00,null,null,null
2023-08-21T13:35:57Z,23.11,66.04,100,2,89.54,102.18,34.00,624.00,17,32,35
2023-08-21T13:36:57Z,23.12,66.03,100,2,89.54,102.18,33.00,617.00,null,null,null
2023-08-21T13:37:57Z,23.15,66.00,100,3,89.54,102.18,34.00,624.00,null,null,null
2023-08-21T13:38:57Z,23.15,66.00,100,3,89.54,102.18,34.00,624.00,null,null,null
2023-08-21T13:39:57Z,23.14,66.00,100,3,89.54,102.18,34.00,624.00,null,null,null
2023-08-21T13:40:57Z,23.12,66.01,100,2,89.54,102.18,34.00,624.00,17,32,43
2023-08-21T13:41:57Z,23.14,66.01,100,3,89.54,102.19,33.00,617.00,null,null,null
2023-08-21T13:42:57Z,23.14,65.97,100,3,89.54,102.19,34.00,624.00,null,null,null
2023-08-21T13:43:57Z,23.15,65.96,100,3,89.54,102.18,34.00,624.00,null,null,null
2023-08-21T13:44:57Z,23.17,66.03,100,3,89.54,102.18,34.00,624.00,null,null,null
2023-08-21T13:45:57Z,23.14,65.98,100,3,89.54,102.17,34.00,624.00,13,28,32
2023-08-21T13:46:57Z,23.17,65.97,100,3,89.54,102.17,33.00,617.00,null,null,null
2023-08-21T13:47:57Z,23.17,65.92,100,3,89.54,102.17,34.00,624.00,null,null,null
2023-08-21T13:48:57Z,23.15,65.95,100,3,89.54,102.17,34.00,624.00,null,null,null
2023-08-21T13:49:57Z,23.14,65.94,100,2,89.54,102.17,34.00,624.00,null,null,null
2023-08-21T13:50:57Z,23.15,65.99,100,2,89.54,102.17,34.00,624.00,16,27,29
2023-08-21T13:51:57Z,23.17,65.95,100,3,89.54,102.18,33.00,617.00,null,null,null
2023-08-21T13:52:57Z,23.19,65.91,100,3,89.54,102.17,34.00,629.00,null,null,null
2023-08-21T13:53:57Z,23.17,65.92,100,3,89.54,102.16,34.00,624.00,null,null,null
2023-08-21T13:54:57Z,23.14,66.00,100,3,89.54,102.16,34.00,624.00,null,null,null
2023-08-21T13:55:57Z,23.18,65.92,100,3,89.54,102.16,34.00,624.00,12,22,23
2023-08-21T13:56:57Z,23.17,65.92,100,3,89.54,102.16,34.00,624.00,null,null,null
2023-08-21T13:57:57Z,23.17,65.89,100,3,89.54,102.16,34.00,629.00,null,null,null
2023-08-21T13:58:57Z,23.17,65.90,100,3,89.54,102.16,34.00,624.00,null,null,null
2023-08-21T13:59:57Z,23.18,65.88,100,3,89.54,102.16,34.00,624.00,null,null,null
2023-08-21T14:00:57Z,23.17,65.89,100,2,89.54,102.16,34.00,624.00,10,21,22
2023-08-21T14:01:57Z,23.17,65.87,100,3,89.53,102.15,34.00,624.00,null,null,null
2023-08-21T14:02:57Z,23.17,65.82,100,3,89.54,102.16,34.00,629.00,null,null,null
2023-08-21T14:03:57Z,23.17,65.86,100,3,89.54,102.15,34.00,629.00,null,null,null
2023-08-21T14:04:57Z,23.18,65.88,100,3,89.54,102.15,34.00,629.00,null,null,null
2023-08-21T14:05:57Z,23.17,65.88,100,3,89.54,102.15,34.00,629.00,13,20,25
2023-08-21T14:06:57Z,23.17,65.86,100,3,89.54,102.15,33.00,617.00,null,null,null
2023-08-21T14:07:57Z,23.18,65.85,100,3,89.54,102.15,34.00,629.00,null,null,null
2023-08-21T14:08:57Z,23.18,65.86,100,3,89.54,102.15,34.00,629.00,null,null,null
2023-08-21T14:09:57Z,23.19,65.90,100,3,89.54,102.15,33.00,617.00,null,null,null
2023-08-21T14:10:57Z,23.19,65.91,100,3,89.54,102.14,34.00,624.00,12,26,28
2023-08-21T14:11:57Z,23.19,65.91,100,3,89.54,102.14,34.00,624.00,null,null,null
2023-08-21T14:12:57Z,23.18,65.86,100,3,89.54,102.15,34.00,624.00,null,null,null
2023-08-21T14:13:57Z,23.18,65.86,100,3,89.54,102.14,34.00,624.00,null,null,null
2023-08-21T14:14:57Z,23.21,65.92,100,3,89.54,102.13,34.00,624.00,null,null,null
2023-08-21T14:15:57Z,23.18,65.92,100,3,89.54,102.13,34.00,624.00,9,16,18
2023-08-21T14:16:57Z,23.19,65.91,100,3,89.54,102.13,34.00,629.00,null,null,null
2023-08-21T14:17:57Z,23.19,65.87,100,3,89.53,102.13,34.00,624.00,null,null,null
2023-08-21T14:18:57Z,23.21,65.89,100,3,89.54,102.13,34.00,624.00,null,null,null
2023-08-21T14:19:57Z,23.19,65.87,100,3,89.54,102.12,34.00,624.00,null,null,null
2023-08-21T14:20:57Z,23.19,65.93,100,3,89.54,102.11,34.00,624.00,14,21,23
2023-08-21T14:21:57Z,23.17,65.90,100,3,89.54,102.12,34.00,629.00,null,null,null
2023-08-21T14:22:57Z,23.19,65.88,100,3,89.54,102.11,34.00,629.00,null,null,null
2023-08-21T14:23:57Z,23.22,65.91,100,3,89.54,102.11,34.00,629.00,null,null,null
2023-08-21T14:24:57Z,23.19,65.94,100,3,89.54,102.12,34.00,629.00,null,null,null
2023-08-21T14:25:57Z,23.18,65.90,100,3,89.54,102.12,34.00,629.00,10,17,18
2023-08-21T14:26:57Z,23.22,65.90,100,3,89.54,102.11,34.00,629.00,null,null,null
2023-08-21T14:27:57Z,23.21,65.85,100,3,89.54,102.11,34.00,629.00,null,null,null
2023-08-21T14:28:57Z,23.21,65.84,100,3,89.54,102.11,34.00,629.00,null,null,null
2023-08-21T14:29:57Z,23.22,65.86,100,3,89.54,102.11,34.00,629.00,null,null,null
2023-08-21T14:30:57Z,23.21,65.93,100,3,89.54,102.11,34.00,629.00,10,18,19
2023-08-21T14:31:57Z,23.21,65.82,100,3,89.54,102.10,34.00,629.00,null,null,null
2023-08-21T14:32:57Z,23.22,65.83,100,3,89.54,102.11,34.00,629.00,null,null,null
2023-08-21T14:33:57Z,23.21,65.82,100,3,89.54,102.11,34.00,629.00,null,null,null
2023-08-21T14:34:57Z,23.23,65.83,100,3,89.54,102.10,34.00,629.00,null,null,null
2023-08-21T14:35:57Z,23.22,65.83,100,3,89.54,102.10,34.00,629.00,9,17,18
2023-08-21T14:36:57Z,23.22,65.84,100,3,89.54,102.11,34.00,629.00,null,null,null
2023-08-21T14:37:57Z,23.25,65.80,100,3,89.54,102.09,27.00,578.00,null,null,null
2023-08-21T14:38:57Z,23.26,65.81,100,3,89.54,102.10,28.00,584.00,null,null,null
2023-08-21T14:39:57Z,23.22,65.84,100,3,89.54,102.11,27.00,578.00,null,null,null
2023-08-21T14:40:57Z,23.21,65.77,100,3,89.54,102.10,34.00,629.00,7,12,13
2023-08-21T14:41:57Z,23.25,65.75,100,4,89.54,102.11,27.00,578.00,null,null,null
2023-08-21T14:42:57Z,23.23,65.74,100,3,89.54,102.11,27.00,578.00,null,null,null
2023-08-21T14:43:57Z,23.23,65.71,100,3,89.54,102.10,35.00,634.00,null,null,null
2023-08-21T14:44:57Z,23.19,65.68,100,3,89.54,102.10,27.00,578.00,null,null,null
2023-08-21T14:45:57Z,23.23,65.76,100,3,89.54,102.10,35.00,634.00,9,14,15
2023-08-21T14:46:57Z,23.22,65.70,100,3,89.54,102.11,34.00,629.00,null,null,null
2023-08-21T14:47:57Z,23.25,65.68,100,3,89.54,102.10,28.00,584.00,null,null,null
2023-08-21T14:48:57Z,23.25,65.73,100,3,89.54,102.11,28.00,584.00,null,null,null
2023-08-21T14:49:57Z,23.23,65.68,100,3,89.54,102.10,27.00,578.00,null,null,null
2023-08-21T14:50:57Z,23.22,65.75,100,4,89.54,102.10,26.00,572.00,10,17,17
2023-08-21T14:51:57Z,23.25,65.70,100,4,89.54,102.10,35.00,634.00,null,null,null
2023-08-21T14:52:57Z,23.23,65.69,100,4,89.54,102.10,28.00,584.00,null,null,null
2023-08-21T14:53:57Z,23.25,65.71,100,4,89.54,102.10,27.00,578.00,null,null,null
2023-08-21T14:54:57Z,23.25,65.72,100,4,89.54,102.09,28.00,584.00,null,null,null
2023-08-21T14:55:57Z,23.23,65.72,100,4,89.54,102.09,27.00,578.00,8,14,17
2023-08-21T14:56:57Z,23.25,65.66,100,4,89.54,102.10,27.00,578.00,null,null,null
2023-08-21T14:57:57Z,23.25,65.67,100,4,89.54,102.10,28.00,584.00,null,null,null
2023-08-21T14:58:57Z,23.25,65.65,100,4,89.54,102.09,28.00,584.00,null,null,null
2023-08-21T14:59:57Z,23.23,65.70,100,4,89.54,102.09,27.00,578.00,null,null,null
2023-08-21T15:00:57Z,23.25,65.71,100,3,89.54,102.09,27.00,578.00,7,12,12
2023-08-21T15:01:57Z,23.26,65.72,100,3,89.54,102.09,28.00,584.00,null,null,null
2023-08-21T15:02:57Z,23.26,65.68,100,3,89.53,102.09,28.00,584.00,null,null,null
2023-08-21T15:03:57Z,23.26,65.72,100,2,89.54,102.08,27.00,578.00,null,null,null
2023-08-21T15:04:57Z,23.25,65.72,100,3,89.54,102.08,27.00,578.00,null,null,null
2023-08-21T15:05:57Z,23.25,65.71,100,3,89.54,102.09,27.00,578.00,10,15,16
2023-08-21T15:06:57Z,23.28,65.74,100,3,89.54,102.08,27.00,578.00,null,null,null
2023-08-21T15:07:57Z,23.26,65.67,100,4,89.54,102.08,28.00,584.00,null,null,null
2023-08-21T15:08:57Z,23.25,65.64,100,4,89.54,102.08,28.00,584.00,null,null,null
2023-08-21T15:09:57Z,23.28,65.69,100,4,89.54,102.07,28.00,584.00,null,null,null
2023-08-21T15:10:57Z,23.25,65.72,100,4,89.54,102.08,28.00,584.00,10,14,16
2023-08-21T15:11:57Z,23.26,65.68,100,4,89.54,102.08,28.00,584.00,null,null,null
2023-08-21T15:12:57Z,23.28,65.64,100,4,89.54,102.08,28.00,584.00,null,null,null
2023-08-21T15:13:57Z,23.26,65.64,100,3,89.54,102.08,28.00,584.00,null,null,null
2023-08-21T15:14:57Z,23.28,65.64,100,3,89.54,102.07,28.00,584.00,null,null,null
2023-08-21T15:15:57Z,23.28,65.69,100,3,89.54,102.07,28.00,584.00,9,16,16
2023-08-21T15:16:57Z,23.28,65.71,100,3,89.54,102.08,28.00,584.00,null,null,null
2023-08-21T15:17:57Z,23.31,65.66,100,3,89.54,102.07,28.00,584.00,null,null,null
2023-08-21T15:18:57Z,23.29,65.67,100,3,89.54,102.08,28.00,584.00,null,null,null
2023-08-21T15:19:57Z,23.29,65.68,100,3,89.54,102.08,28.00,584.00,null,null,null
2023-08-21T15:20:57Z,23.29,65.68,100,3,89.54,102.07,28.00,584.00,10,16,16
2023-08-21T15:21:57Z,23.31,65.65,100,3,89.54,102.07,28.00,588.00,null,null,null
2023-08-21T15:22:57Z,23.31,65.68,100,3,89.54,102.06,28.00,584.00,null,null,null
2023-08-21T15:23:57Z,23.29,65.67,100,3,89.54,102.06,28.00,584.00,null,null,null
2023-08-21T15:24:57Z,23.29,65.64,100,3,89.54,102.06,28.00,584.00,null,null,null
2023-08-21T15:25:57Z,23.29,65.73,100,3,89.54,102.06,28.00,584.00,7,11,12
2023-08-21T15:26:57Z,23.29,65.70,100,2,89.54,102.06,28.00,584.00,null,null,null
2023-08-21T15:27:57Z,23.29,65.65,100,3,89.54,102.06,28.00,584.00,null,null,null
2023-08-21T15:28:57Z,23.31,65.65,100,3,89.54,102.06,28.00,584.00,null,null,null
2023-08-21T15:29:57Z,23.31,65.69,100,3,89.54,102.06,28.00,584.00,null,null,null
2023-08-21T15:30:57Z,23.29,65.65,100,3,89.54,102.05,28.00,584.00,6,10,10
2023-08-21T15:31:57Z,23.31,65.68,100,3,89.54,102.06,28.00,584.00,null,null,null
2023-08-21T15:32:57Z,23.29,65.62,100,3,89.54,102.06,28.00,588.00,null,null,null
2023-08-21T15:33:57Z,23.32,65.64,100,3,89.54,102.06,28.00,588.00,null,null,null
2023-08-21T15:34:57Z,23.35,65.66,100,3,89.53,102.06,28.00,588.00,null,null,null
2023-08-21T15:35:57Z,23.31,65.67,100,3,89.54,102.06,28.00,588.00,8,11,12
2023-08-21T15:36:57Z,23.32,65.63,100,3,89.54,102.06,28.00,588.00,null,null,null
2023-08-21T15:37:57Z,23.31,65.65,100,3,89.54,102.06,28.00,588.00,null,null,null
2023-08-21T15:38:57Z,23.29,65.65,100,3,89.54,102.06,28.00,584.00,null,null,null
2023-08-21T15:39:57Z,23.31,65.70,100,4,89.54,102.06,28.00,584.00,null,null,null
2023-08-21T15:40:57Z,23.32,65.73,100,4,89.54,102.06,28.00,588.00,8,14,14
2023-08-21T15:41:57Z,23.32,65.63,100,3,89.54,102.06,28.00,588.00,null,null,null
2023-08-21T15:42:57Z,23.32,65.62,100,3,89.54,102.06,28.00,588.00,null,null,null
2023-08-21T15:43:57Z,23.32,65.66,100,3,89.54,102.06,29.00,594.00,null,null,null
2023-08-21T15:44:57Z,23.33,65.68,100,3,89.54,102.06,28.00,588.00,null,null,null
2023-08-21T15:45:57Z,23.32,65.66,100,3,89.54,102.07,28.00,588.00,7,11,13
2023-08-21T15:46:57Z,23.32,65.63,100,3,89.54,102.07,28.00,588.00,null,null,null
2023-08-21T15:47:57Z,23.31,65.64,100,3,89.54,102.07,28.00,588.00,null,null,null
2023-08-21T15:48:57Z,23.33,65.64,100,3,89.54,102.07,28.00,588.00,null,null,null
2023-08-21T15:49:57Z,23.35,65.65,100,3,89.54,102.07,28.00,588.00,null,null,null
2023-08-21T15:50:57Z,23.32,65.67,100,3,89.54,102.06,28.00,588.00,5,6,6
2023-08-21T15:51:57Z,23.35,65.62,100,3,89.54,102.06,28.00,584.00,null,null,null
2023-08-21T15:52:57Z,23.33,65.59,100,3,89.54,102.06,29.00,594.00,null,null,null
2023-08-21T15:53:57Z,23.35,65.61,100,3,89.54,102.06,29.00,594.00,null,null,null
2023-08-21T15:54:57Z,23.35,65.64,100,3,89.54,102.06,29.00,594.00,null,null,null
2023-08-21T15:55:57Z,23.32,65.64,100,3,89.54,102.05,29.00,594.00,8,11,11
2023-08-21T15:56:57Z,23.35,65.62,100,3,89.54,102.05,28.00,588.00,null,null,null
2023-08-21T15:57:57Z,23.36,65.60,100,3,89.54,102.05,29.00,594.00,null,null,null
2023-08-21T15:58:57Z,23.35,65.60,100,3,89.54,102.05,29.00,594.00,null,null,null
2023-08-21T15:59:57Z,23.33,65.54,100,3,89.54,102.05,29.00,594.00,null,null,null
2023-08-21T16:00:57Z,23.33,65.57,100,2,89.54,102.05,29.00,594.00,8,13,13
2023-08-21T16:01:57Z,23.33,65.59,100,3,89.54,102.05,28.00,588.00,null,null,null
2023-08-21T16:02:57Z,23.36,65.50,100,3,89.54,102.05,29.00,594.00,null,null,null
2023-08-21T16:03:57Z,23.36,65.54,100,3,89.54,102.05,29.00,594.00,null,null,null
2023-08-21T16:04:57Z,23.35,65.53,100,3,89.54,102.05,29.00,594.00,null,null,null
2023-08-21T16:05:57Z,23.33,65.55,100,3,89.54,102.05,29.00,594.00,9,12,12
2023-08-21T16:06:57Z,23.36,65.52,100,3,89.54,102.05,28.00,588.00,null,null,null
2023-08-21T16:07:57Z,23.38,65.52,100,3,89.54,102.06,29.00,594.00,null,null,null
2023-08-21T16:08:57Z,23.36,65.46,100,3,89.53,102.06,29.00,594.00,null,null,null
2023-08-21T16:09:57Z,23.36,65.52,100,3,89.54,102.06,29.00,594.00,null,null,null
2023-08-21T16:10:57Z,23.38,65.54,100,3,89.54,102.06,29.00,594.00,7,12,13
2023-08-21T16:11:57Z,23.36,65.49,100,3,89.54,102.06,28.00,588.00,null,null,null
2023-08-21T16:12:57Z,23.35,65.46,100,3,89.54,102.06,29.00,594.00,null,null,null
2023-08-21T16:13:57Z,23.36,65.48,100,3,89.54,102.05,29.00,594.00,null,null,null
2023-08-21T16:14:57Z,23.36,65.47,100,3,89.54,102.05,29.00,594.00,null,null,null
2023-08-21T16:15:57Z,23.35,65.49,100,2,89.54,102.05,30.00,600.00,8,15,18
2023-08-21T16:16:57Z,23.38,65.52,100,2,89.54,102.04,29.00,594.00,null,null,null
2023-08-21T16:17:57Z,23.38,65.45,100,2,89.54,102.03,30.00,600.00,null,null,null
2023-08-21T16:18:57Z,23.36,65.43,100,2,89.54,102.03,30.00,600.00,null,null,null
2023-08-21T16:19:57Z,23.38,65.47,100,2,89.54,102.02,30.00,600.00,null,null,null
2023-08-21T16:20:57Z,23.36,65.47,100,2,89.54,102.02,30.00,600.00,6,10,14
2023-08-21T16:21:57Z,23.41,65.47,100,2,89.54,102.02,29.00,594.00,null,null,null
2023-08-21T16:22:57Z,23.39,65.43,100,2,89.54,102.02,30.00,600.00,null,null,null
2023-08-21T16:23:57Z,23.38,65.43,100,2,89.54,102.01,30.00,600.00,null,null,null
2023-08-21T16:24:57Z,23.38,65.46,100,2,89.54,102.01,30.00,600.00,null,null,null
2023-08-21T16:25:57Z,23.36,65.43,100,2,89.54,102.01,30.00,600.00,7,11,11
2023-08-21T16:26:57Z,23.41,65.43,100,2,89.54,102.01,30.00,600.00,null,null,null
2023-08-21T16:27:57Z,23.36,65.41,100,2,89.54,102.02,30.00,600.00,null,null,null
2023-08-21T16:28:57Z,23.39,65.38,100,2,89.54,102.02,30.00,600.00,null,null,null
2023-08-21T16:29:57Z,23.41,65.43,100,2,89.54,102.02,30.00,600.00,null,null,null
2023-08-21T16:30:57Z,23.38,65.43,100,2,89.54,102.02,31.00,607.00,8,13,14
2023-08-21T16:31:57Z,23.41,65.39,100,2,89.54,102.02,30.00,600.00,null,null,null
2023-08-21T16:32:57Z,23.42,65.42,100,2,89.54,102.02,31.00,607.00,null,null,null
2023-08-21T16:33:57Z,23.38,65.37,100,2,89.54,102.02,30.00,600.00,null,null,null
2023-08-21T16:34:57Z,23.39,65.35,100,2,89.54,102.02,30.00,600.00,null,null,null
2023-08-21T16:35:57Z,23.41,65.36,100,2,89.54,102.02,30.00,600.00,7,9,9
2023-08-21T16:36:57Z,23.41,65.32,100,2,89.54,102.02,31.00,607.00,null,null,null
2023-08-21T16:37:57Z,23.41,65.29,100,2,89.54,102.03,30.00,600.00,null,null,null
2023-08-21T16:38:57Z,23.39,65.29,100,2,89.54,102.02,30.00,600.00,null,null,null
2023-08-21T16:39:57Z,23.41,65.30,100,1,89.54,102.02,30.00,600.00,null,null,null
2023-08-21T16:40:57Z,23.36,65.30,100,2,89.54,102.02,31.00,607.00,7,12,14
2023-08-21T16:41:57Z,23.41,65.25,100,2,89.54,102.02,31.00,607.00,null,null,null
2023-08-21T16:42:57Z,23.39,65.24,100,2,89.54,102.02,31.00,607.00,null,null,null
2023-08-21T16:43:57Z,23.42,65.22,100,1,89.54,102.02,32.00,614.00,null,null,null
2023-08-21T16:44:57Z,23.39,65.28,100,2,89.54,102.02,32.00,614.00,null,null,null
2023-08-21T16:45:57Z,23.41,65.19,100,2,89.54,102.02,32.00,614.00,8,11,12
2023-08-21T16:46:57Z,23.42,65.18,100,2,89.54,102.01,32.00,614.00,null,null,null
2023-08-21T16:47:57Z,23.43,65.15,100,2,89.54,102.02,32.00,614.00,null,null,null
2023-08-21T16:48:57Z,23.41,65.09,100,2,89.54,102.02,32.00,614.00,null,null,null
2023-08-21T16:49:57Z,23.41,65.15,100,2,89.53,102.02,32.00,614.00,null,null,null
2023-08-21T16:50:57Z,23.41,65.17,100,2,89.53,102.02,32.00,614.00,8,12,12
2023-08-21T16:51:57Z,23.41,65.12,100,2,89.54,102.02,32.00,614.00,null,null,null
2023-08-21T16:52:57Z,23.41,65.10,100,2,89.54,102.01,32.00,614.00,null,null,null
2023-08-21T16:53:57Z,23.42,65.10,100,2,89.54,102.01,32.00,614.00,null,null,null
2023-08-21T16:54:57Z,23.42,65.09,100,2,89.54,102.01,32.00,614.00,null,null,null
2023-08-21T16:55:57Z,23.42,65.11,100,2,89.54,102.01,32.00,614.00,7,9,10
2023-08-21T16:56:57Z,23.42,65.10,100,2,89.54,102.01,32.00,614.00,null,null,null
2023-08-21T16:57:57Z,23.42,65.03,100,2,89.54,102.02,32.00,614.00,null,null,null
2023-08-21T16:58:57Z,23.42,65.05,100,2,89.54,102.02,32.00,614.00,null,null,null
2023-08-21T16:59:57Z,23.42,65.08,100,2,89.54,102.02,32.00,614.00,null,null,null
2023-08-21T17:00:57Z,23.41,65.07,100,2,89.54,102.01,32.00,614.00,7,10,10
2023-08-21T17:01:57Z,23.43,65.09,100,2,89.54,102.02,32.00,614.00,null,null,null
2023-08-21T17:02:57Z,23.43,65.03,100,2,89.54,102.01,32.00,614.00,null,null,null
2023-08-21T17:03:57Z,23.42,65.00,100,2,89.54,102.00,32.00,614.00,null,null,null
2023-08-21T17:04:57Z,23.41,65.01,100,2,89.54,102.01,32.00,614.00,null,null,null
2023-08-21T17:05:57Z,23.42,64.96,100,2,89.54,102.01,32.00,614.00,7,10,10
2023-08-21T17:06:57Z,23.43,65.03,100,1,89.54,102.01,32.00,614.00,null,null,null
2023-08-21T17:07:57Z,23.46,64.98,100,2,89.54,102.01,32.00,614.00,null,null,null
2023-08-21T17:08:57Z,23.43,64.92,100,2,89.54,102.01,32.00,614.00,null,null,null
2023-08-21T17:09:57Z,23.42,64.91,100,2,89.54,102.02,32.00,614.00,null,null,null
2023-08-21T17:10:57Z,23.45,64.95,100,2,89.54,102.01,32.00,614.00,6,9,10
2023-08-21T17:11:57Z,23.43,64.92,100,2,89.54,102.02,32.00,614.00,null,null,null
2023-08-21T17:12:57Z,23.43,64.86,100,2,89.54,102.02,32.00,614.00,null,null,null
2023-08-21T17:13:57Z,23.43,64.91,100,2,89.54,102.03,32.00,614.00,null,null,null
2023-08-21T17:14:57Z,23.42,64.96,100,2,89.54,102.02,32.00,614.00,null,null,null
2023-08-21T17:15:57Z,23.41,64.85,100,2,89.54,102.02,32.00,614.00,4,6,6
2023-08-21T17:16:57Z,23.42,64.88,100,2,89.54,102.02,31.00,605.00,null,null,null
2023-08-21T17:17:57Z,23.45,64.89,100,2,89.54,102.02,32.00,614.00,null,null,null
2023-08-21T17:18:57Z,23.43,64.89,100,2,89.54,102.02,32.00,614.00,null,null,null
2023-08-21T17:19:57Z,23.43,64.96,100,2,89.54,102.01,32.00,614.00,null,null,null
2023-08-21T17:20:57Z,23.41,64.90,100,2,89.54,102.02,32.00,614.00,7,13,13
2023-08-21T17:21:57Z,23.45,64.90,100,2,89.54,102.01,32.00,614.00,null,null,null
2023-08-21T17:22:57Z,23.45,64.88,100,2,89.53,102.01,33.00,618.00,null,null,null
2023-08-21T17:23:57Z,23.43,64.89,100,3,89.54,102.01,32.00,614.00,null,null,null
2023-08-21T17:24:57Z,23.43,64.87,100,3,89.54,102.02,32.00,614.00,null,null,null
2023-08-21T17:25:57Z,23.43,64.84,100,3,89.54,102.02,32.00,614.00,7,11,11
2023-08-21T17:26:57Z,23.45,64.89,100,2,89.54,102.01,33.00,618.00,null,null,null
2023-08-21T17:27:57Z,23.45,64.83,100,0,89.54,102.01,32.00,614.00,null,null,null
2023-08-21T17:28:57Z,23.45,64.89,100,0,89.54,102.01,33.00,618.00,null,null,null
2023-08-21T17:29:57Z,23.46,64.83,100,0,89.54,102.00,33.00,618.00,null,null,null
2023-08-21T17:30:57Z,23.45,64.81,100,0,89.54,102.01,32.00,614.00,6,9,9
2023-08-21T17:31:57Z,23.46,64.82,100,0,89.53,102.01,33.00,618.00,null,null,null
2023-08-21T17:32:57Z,23.45,64.76,100,0,89.54,102.01,32.00,614.00,null,null,null
2023-08-21T17:33:57Z,23.46,64.76,100,0,89.54,102.00,32.00,614.00,null,null,null
2023-08-21T17:34:57Z,23.45,64.73,100,0,89.54,102.01,32.00,614.00,null,null,null
2023-08-21T17:35:57Z,23.45,64.76,100,0,89.53,102.02,32.00,614.00,6,11,13
2023-08-21T17:36:57Z,23.48,64.80,100,0,89.54,102.02,32.00,614.00,null,null,null
2023-08-21T17:37:57Z,23.45,64.69,100,0,89.54,102.01,34.00,626.00,null,null,null
2023-08-21T17:38:57Z,23.48,64.75,100,1,89.54,102.01,33.00,620.00,null,null,null
2023-08-21T17:39:57Z,23.45,64.69,100,1,89.54,102.02,32.00,614.00,null,null,null
2023-08-21T17:40:57Z,23.45,64.70,100,1,89.54,102.01,33.00,620.00,6,9,10
2023-08-21T17:41:57Z,23.45,64.70,100,1,89.54,102.01,32.00,614.00,null,null,null
2023-08-21T17:42:57Z,23.48,64.67,100,1,89.54,102.01,33.00,620.00,null,null,null
2023-08-21T17:43:57Z,23.43,64.69,100,3,89.54,102.01,33.00,620.00,null,null,null
2023-08-21T17:44:57Z,23.46,64.72,100,2,89.54,102.01,33.00,620.00,null,null,null
2023-08-21T17:45:57Z,23.45,64.70,100,2,89.54,102.01,32.00,614.00,6,9,10
2023-08-21T17:46:57Z,23.48,64.68,100,2,89.54,102.01,33.00,620.00,null,null,null
2023-08-21T17:47:57Z,23.48,64.69,100,3,89.54,102.01,33.00,620.00,null,null,null
2023-08-21T17:48:57Z,23.46,64.70,100,2,89.54,102.01,34.00,626.00,null,null,null
2023-08-21T17:49:57Z,23.45,64.69,100,2,89.54,102.00,34.00,626.00,null,null,null
2023-08-21T17:50:57Z,23.46,64.65,100,2,89.54,102.00,33.00,620.00,5,8,8
2023-08-21T17:51:57Z,23.49,64.69,100,2,89.54,102.00,33.00,620.00,null,null,null
2023-08-21T17:52:57Z,23.48,64.64,100,2,89.54,102.00,33.00,620.00,null,null,null
2023-08-21T17:53:57Z,23.46,64.63,100,2,89.53,102.00,34.00,626.00,null,null,null
2023-08-21T17:54:57Z,23.46,64.68,100,3,89.54,102.01,33.00,620.00,null,null,null
2023-08-21T17:55:57Z,23.45,64.63,100,2,89.54,102.01,33.00,620.00,6,7,8
2023-08-21T17:56:57Z,23.46,64.62,100,1,89.54,102.00,33.00,620.00,null,null,null
2023-08-21T17:57:57Z,23.49,64.61,100,1,89.54,102.00,34.00,626.00,null,null,null
2023-08-21T17:58:57Z,23.48,64.60,100,1,89.54,102.00,34.00,626.00,null,null,null
2023-08-21T17:59:57Z,23.46,64.68,100,1,89.54,102.01,33.00,620.00,null,null,null
2023-08-21T18:00:57Z,23.46,64.64,100,1,89.54,102.00,34.00,626.00,6,10,10
2023-08-21T18:01:57Z,23.48,64.61,100,1,89.54,102.00,33.00,620.00,null,null,null
2023-08-21T18:02:57Z,23.48,64.60,100,3,89.54,102.01,33.00,620.00,null,null,null
2023-08-21T18:03:57Z,23.49,64.66,100,3,89.54,102.01,34.00,626.00,null,null,null
2023-08-21T18:04:57Z,23.49,64.63,100,3,89.54,102.01,33.00,620.00,null,null,null
2023-08-21T18:05:57Z,23.45,64.67,100,2,89.54,102.01,33.00,620.00,6,9,9
2023-08-21T18:06:57Z,23.48,64.59,100,3,89.54,102.01,33.00,620.00,null,null,null
2023-08-21T18:07:57Z,23.49,64.63,100,3,89.54,102.01,33.00,620.00,null,null,null
2023-08-21T18:08:57Z,23.46,64.61,100,2,89.54,102.01,33.00,620.00,null,null,null
2023-08-21T18:09:57Z,23.49,64.65,100,1,89.54,102.01,33.00,620.00,null,null,null
2023-08-21T18:10:57Z,23.45,64.61,100,1,89.54,102.00,33.00,620.00,5,9,9
2023-08-21T18:11:57Z,23.49,64.60,100,3,89.54,102.00,33.00,620.00,null,null,null
2023-08-21T18:12:57Z,23.49,64.62,100,3,89.54,102.00,33.00,620.00,null,null,null
2023-08-21T18:13:57Z,23.48,64.65,100,3,89.54,102.00,34.00,626.00,null,null,null
2023-08-21T18:14:57Z,23.45,64.60,100,3,89.54,102.00,33.00,620.00,null,null,null
2023-08-21T18:15:57Z,23.46,64.71,100,3,89.54,102.00,34.00,626.00,6,8,8
2023-08-21T18:16:57Z,23.48,64.67,100,3,89.54,102.00,33.00,620.00,null,null,null
2023-08-21T18:17:57Z,23.49,64.61,100,3,89.54,102.00,34.00,626.00,null,null,null
2023-08-21T18:18:57Z,23.50,64.60,100,3,89.54,102.00,34.00,626.00,null,null,null
2023-08-21T18:19:57Z,23.48,64.65,100,2,89.54,102.00,34.00,626.00,null,null,null
2023-08-21T18:20:57Z,23.46,64.71,100,2,89.54,102.00,34.00,626.00,5,8,8
2023-08-21T18:21:57Z,23.49,64.64,100,2,89.54,102.00,33.00,620.00,null,null,null
2023-08-21T18:22:57Z,23.49,64.65,100,1,89.54,102.00,34.00,626.00,null,null,null
2023-08-21T18:23:57Z,23.49,64.66,100,0,89.54,102.01,34.00,626.00,null,null,null
2023-08-21T18:24:57Z,23.46,64.70,100,2,89.54,102.00,34.00,626.00,null,null,null
2023-08-21T18:25:57Z,23.46,64.75,100,2,89.54,102.00,34.00,626.00,8,11,11
2023-08-21T18:26:57Z,23.50,64.68,100,0,89.54,102.00,33.00,620.00,null,null,null
2023-08-21T18:27:57Z,23.50,64.68,100,0,89.54,102.00,35.00,631.00,null,null,null
2023-08-21T18:28:57Z,23.48,64.72,100,0,89.54,102.00,34.00,626.00,null,null,null
2023-08-21T18:29:57Z,23.49,64.72,100,0,89.54,102.00,35.00,631.00,null,null,null
2023-08-21T18:30:57Z,23.49,64.76,100,0,89.54,101.99,34.00,626.00,6,9,10
2023-08-21T18:31:57Z,23.50,64.74,100,0,89.54,101.99,33.00,618.00,null,null,null
2023-08-21T18:32:57Z,23.49,64.72,100,0,89.54,101.98,33.00,618.00,null,null,null
2023-08-21T18:33:57Z,23.50,64.73,100,0,89.54,101.98,35.00,631.00,null,null,null
2023-08-21T18:34:57Z,23.50,64.78,100,0,89.54,101.98,34.00,624.00,null,null,null
2023-08-21T18:35:57Z,23.48,64.78,100,0,89.54,101.99,34.00,624.00,5,8,9
2023-08-21T18:36:57Z,23.48,64.79,100,0,89.54,101.98,33.00,618.00,null,null,null
2023-08-21T18:37:57Z,23.50,64.79,100,0,89.54,101.98,33.00,618.00,null,null,null
2023-08-21T18:38:57Z,23.50,64.73,100,0,89.54,101.99,34.00,624.00,null,null,null
2023-08-21T18:39:57Z,23.52,64.75,100,0,89.54,101.99,34.00,624.00,null,null,null
2023-08-21T18:40:57Z,23.48,64.85,100,0,89.54,101.99,35.00,631.00,5,8,8
2023-08-21T18:41:57Z,23.50,64.78,100,0,89.54,101.99,33.00,618.00,null,null,null
2023-08-21T18:42:57Z,23.49,64.75,100,0,89.54,101.99,34.00,624.00,null,null,null
2023-08-21T18:43:57Z,23.48,64.72,100,0,89.54,101.99,34.00,624.00,null,null,null
2023-08-21T18:44:57Z,23.50,64.78,100,0,89.54,102.00,34.00,624.00,null,null,null
2023-08-21T18:45:57Z,23.48,64.79,100,0,89.54,102.00,35.00,631.00,7,9,9
2023-08-21T18:46:57Z,23.49,64.86,100,0,89.53,102.00,33.00,618.00,null,null,null
2023-08-21T18:47:57Z,23.52,64.78,100,0,89.54,102.00,34.00,624.00,null,null,null
2023-08-21T18:48:57Z,23.50,64.82,100,0,89.54,102.00,34.00,624.00,null,null,null
2023-08-21T18:49:57Z,23.48,64.80,100,0,89.54,102.00,35.00,633.00,null,null,null
2023-08-21T18:50:57Z,23.50,64.88,100,0,89.54,102.01,33.00,618.00,5,10,10
2023-08-21T18:51:57Z,23.49,64.80,100,0,89.54,102.00,33.00,618.00,null,null,null
2023-08-21T18:52:57Z,23.50,64.78,100,0,89.54,102.00,34.00,624.00,null,null,null
2023-08-21T18:53:57Z,23.52,64.74,100,0,89.54,102.00,34.00,624.00,null,null,null
2023-08-21T18:54:57Z,23.50,64.75,100,0,89.54,102.01,34.00,624.00,null,null,null
2023-08-21T18:55:57Z,23.49,64.79,100,0,89.54,102.01,33.00,618.00,7,9,9
2023-08-21T18:56:57Z,23.50,64.81,100,0,89.54,102.00,34.00,624.00,null,null,null
2023-08-21T18:57:57Z,23.52,64.69,100,0,89.54,102.01,34.00,624.00,null,null,null
2023-08-21T18:58:57Z,23.49,64.72,100,0,89.54,102.01,34.00,626.00,null,null,null
2023-08-21T18:59:57Z,23.52,64.77,100,0,89.54,102.01,34.00,624.00,null,null,null
2023-08-21T19:00:57Z,23.50,64.76,100,0,89.54,102.00,33.00,618.00,6,8,9
2023-08-21T19:01:57Z,23.52,64.75,100,0,89.54,102.00,35.00,631.00,null,null,null
2023-08-21T19:02:57Z,23.52,64.73,100,0,89.54,102.01,35.00,631.00,null,null,null
2023-08-21T19:03:57Z,23.49,64.74,100,0,89.54,102.00,35.00,631.00,null,null,null
2023-08-21T19:04:57Z,23.49,64.78,100,0,89.54,102.00,35.00,631.00,null,null,null
2023-08-21T19:05:57Z,23.50,64.78,100,0,89.54,102.00,35.00,633.00,5,9,9
2023-08-21T19:06:57Z,23.50,64.72,100,0,89.54,102.00,34.00,624.00,null,null,null
2023-08-21T19:07:57Z,23.52,64.68,100,0,89.54,102.01,36.00,640.00,null,null,null
2023-08-21T19:08:57Z,23.50,64.71,100,0,89.53,102.00,35.00,631.00,null,null,null
2023-08-21T19:09:57Z,23.49,64.73,100,0,89.53,102.01,35.00,631.00,null,null,null
2023-08-21T19:10:57Z,23.52,64.73,100,0,89.53,102.01,35.00,631.00,5,6,6
2023-08-21T19:11:57Z,23.50,64.70,100,0,89.54,102.01,36.00,640.00,null,null,null
2023-08-21T19:12:57Z,23.50,64.70,100,0,89.54,102.01,35.00,631.00,null,null,null
2023-08-21T19:13:57Z,23.49,64.72,100,0,89.54,102.01,35.00,631.00,null,null,null
2023-08-21T19:14:57Z,23.50,64.71,100,0,89.54,102.01,36.00,640.00,null,null,null
2023-08-21T19:15:57Z,23.49,64.77,100,0,89.54,102.01,35.00,631.00,7,9,10
2023-08-21T19:16:57Z,23.49,64.73,100,0,89.54,102.01,35.00,631.00,null,null,null
2023-08-21T19:17:57Z,23.50,64.71,100,0,89.54,102.02,36.00,640.00,null,null,null
2023-08-21T19:18:57Z,23.48,64.70,100,0,89.54,102.02,34.00,626.00,null,null,null
2023-08-21T19:19:57Z,23.49,64.75,100,0,89.54,102.02,36.00,640.00,null,null,null
2023-08-21T19:20:57Z,23.49,64.73,100,0,89.54,102.03,36.00,640.00,5,7,7
2023-08-21T19:21:57Z,23.50,64.72,100,0,89.54,102.03,36.00,640.00,null,null,null
2023-08-21T19:22:57Z,23.49,64.74,100,0,89.54,102.03,35.00,633.00,null,null,null
2023-08-21T19:23:57Z,23.52,64.75,100,0,89.54,102.02,36.00,640.00,null,null,null
2023-08-21T19:24:57Z,23.50,64.69,100,0,89.54,102.03,35.00,633.00,null,null,null
2023-08-21T19:25:57Z,23.50,64.73,100,0,89.54,102.03,36.00,640.00,4,6,7
2023-08-21T19:26:57Z,23.52,64.77,100,0,89.54,102.02,36.00,640.00,null,null,null
2023-08-21T19:27:57Z,23.52,64.82,100,0,89.54,102.02,35.00,633.00,null,null,null
2023-08-21T19:28:57Z,23.50,64.80,100,0,89.54,102.02,35.00,633.00,null,null,null
2023-08-21T19:29:57Z,23.49,64.76,100,0,89.54,102.02,35.00,633.00,null,null,null
2023-08-21T19:30:57Z,23.50,64.71,100,0,89.54,102.03,36.00,640.00,5,6,6
2023-08-21T19:31:57Z,23.50,64.74,100,0,89.53,102.02,37.00,645.00,null,null,null
2023-08-21T19:32:57Z,23.52,64.69,100,0,89.54,102.03,36.00,640.00,null,null,null
2023-08-21T19:33:57Z,23.50,64.71,100,0,89.54,102.03,36.00,640.00,null,null,null
2023-08-21T19:34:57Z,23.53,64.73,100,0,89.54,102.03,36.00,640.00,null,null,null
2023-08-21T19:35:57Z,23.49,64.31,100,0,89.54,102.03,36.00,640.00,5,7,7
2023-08-21T19:36:57Z,23.52,64.39,100,0,89.54,102.03,36.00,640.00,null,null,null
2023-08-21T19:37:57Z,23.49,64.38,100,0,89.54,102.03,35.00,631.00,null,null,null
2023-08-21T19:38:57Z,23.50,64.41,100,0,89.54,102.03,35.00,631.00,null,null,null
2023-08-21T19:39:57Z,23.50,64.64,100,0,89.53,102.03,35.00,631.00,null,null,null
2023-08-21T19:40:57Z,23.50,64.64,100,0,89.54,102.03,35.00,631.00,6,8,9
2023-08-21T19:41:57Z,23.50,64.64,100,0,89.54,102.03,36.00,640.00,null,null,null
2023-08-21T19:42:57Z,23.50,64.65,100,0,89.54,102.03,36.00,640.00,null,null,null
2023-08-21T19:43:57Z,23.52,64.65,100,0,89.54,102.03,36.00,640.00,null,null,null
2023-08-21T19:44:57Z,23.52,64.66,100,0,89.54,102.04,36.00,640.00,null,null,null
2023-08-21T19:45:57Z,23.50,64.71,100,0,89.54,102.03,36.00,640.00,5,7,7
2023-08-21T19:46:57Z,23.50,64.77,100,0,89.54,102.04,36.00,640.00,null,null,null
2023-08-21T19:47:57Z,23.49,64.73,100,0,89.54,102.04,37.00,645.00,null,null,null
2023-08-21T19:48:57Z,23.53,64.71,100,0,89.53,102.04,36.00,640.00,null,null,null
2023-08-21T19:49:57Z,23.50,64.75,100,0,89.54,102.04,35.00,633.00,null,null,null
2023-08-21T19:50:57Z,23.52,64.82,100,0,89.54,102.04,36.00,638.00,6,9,9
2023-08-21T19:51:57Z,23.50,64.88,100,0,89.54,102.04,36.00,638.00,null,null,null
2023-08-21T19:52:57Z,23.50,64.85,100,0,89.54,102.04,36.00,638.00,null,null,null
2023-08-21T19:53:57Z,23.49,64.85,100,0,89.54,102.04,36.00,638.00,null,null,null
2023-08-21T19:54:57Z,23.50,64.88,100,0,89.54,102.04,36.00,641.00,null,null,null
2023-08-21T19:55:57Z,23.50,64.89,100,0,89.54,102.05,36.00,641.00,6,9,9
2023-08-21T19:56:57Z,23.52,64.94,100,0,89.54,102.04,37.00,649.00,null,null,null
2023-08-21T19:57:57Z,23.53,64.94,100,0,89.54,102.04,37.00,649.00,null,null,null
2023-08-21T19:58:57Z,23.50,64.98,100,0,89.54,102.04,37.00,649.00,null,null,null
2023-08-21T19:59:57Z,23.50,65.05,100,0,89.54,102.04,37.00,649.00,null,null,null
2023-08-21T20:00:57Z,23.52,65.07,100,0,89.54,102.04,38.00,653.00,5,8,8
2023-08-21T20:01:57Z,23.50,65.10,100,0,89.54,102.05,38.00,653.00,null,null,null
2023-08-21T20:02:57Z,23.53,65.07,100,0,89.54,102.05,38.00,653.00,null,null,null
2023-08-21T20:03:57Z,23.52,65.13,100,0,89.54,102.04,40.00,665.00,null,null,null
2023-08-21T20:04:57Z,23.49,65.14,100,0,89.54,102.04,40.00,665.00,null,null,null
2023-08-21T20:05:57Z,23.50,65.22,100,0,89.54,102.04,41.00,671.00,6,7,8
2023-08-21T20:06:57Z,23.50,65.30,100,0,89.54,102.04,41.00,671.00,null,null,null
2023-08-21T20:07:57Z,23.52,65.47,100,0,89.54,102.03,41.00,672.00,null,null,null
2023-08-21T20:08:57Z,23.52,65.55,100,0,89.54,102.04,42.00,678.00,null,null,null
2023-08-21T20:09:57Z,23.52,65.62,100,0,89.54,102.03,42.00,678.00,null,null,null
2023-08-21T20:10:57Z,23.50,65.66,100,0,89.54,102.03,43.00,688.00,6,8,8
2023-08-21T20:11:57Z,23.50,65.70,100,0,89.54,102.04,44.00,694.00,null,null,null
2023-08-21T20:12:57Z,23.52,65.68,100,0,89.54,102.03,44.00,694.00,null,null,null
2023-08-21T20:13:57Z,23.52,65.64,100,0,89.54,102.04,46.00,702.00,null,null,null
2023-08-21T20:14:57Z,23.52,65.72,100,0,89.54,102.04,46.00,702.00,null,null,null
2023-08-21T20:15:57Z,23.50,65.73,100,0,89.54,102.04,46.00,702.00,6,9,9
2023-08-21T20:16:57Z,23.53,65.70,100,0,89.54,102.05,46.00,706.00,null,null,null
2023-08-21T20:17:57Z,23.50,65.69,100,0,89.54,102.04,46.00,706.00,null,null,null
2023-08-21T20:18:57Z,23.55,65.70,100,0,89.54,102.04,46.00,708.00,null,null,null
2023-08-21T20:19:57Z,23.53,65.71,100,0,89.54,102.04,47.00,714.00,null,null,null
2023-08-21T20:20:57Z,23.52,65.69,100,0,89.54,102.04,47.00,714.00,6,8,9
2023-08-21T20:21:57Z,23.53,65.69,100,0,89.54,102.04,47.00,714.00,null,null,null
2023-08-21T20:22:57Z,23.52,65.62,100,0,89.54,102.04,47.00,714.00,null,null,null
2023-08-21T20:23:57Z,23.53,65.67,100,0,89.54,102.03,49.00,726.00,null,null,null
2023-08-21T20:24:57Z,23.53,65.67,100,0,89.54,102.03,49.00,726.00,null,null,null
2023-08-21T20:25:57Z,23.53,65.70,100,0,89.54,102.04,49.00,726.00,5,7,7
2023-08-21T20:26:57Z,23.56,65.71,100,0,89.54,102.04,49.00,726.00,null,null,null
2023-08-21T20:27:57Z,23.55,65.76,100,0,89.54,102.04,50.00,733.00,null,null,null
2023-08-21T20:28:57Z,23.55,65.74,100,0,89.54,102.04,50.00,733.00,null,null,null
2023-08-21T20:29:57Z,23.53,65.75,100,0,89.54,102.05,50.00,733.00,null,null,null
2023-08-21T20:30:57Z,23.50,65.79,100,0,89.54,102.04,50.00,733.00,5,8,8
2023-08-21T20:31:57Z,23.55,65.92,100,0,89.54,102.04,50.00,733.00,null,null,null
2023-08-21T20:32:57Z,23.53,65.93,100,0,89.54,102.04,52.00,742.00,null,null,null
2023-08-21T20:33:57Z,23.55,66.03,100,0,89.54,102.04,52.00,742.00,null,null,null
2023-08-21T20:34:57Z,23.52,65.89,100,0,89.54,102.04,52.00,746.00,null,null,null
2023-08-21T20:35:57Z,23.53,65.93,100,0,89.54,102.05,52.00,746.00,7,9,9
2023-08-21T20:36:57Z,23.52,66.04,100,0,89.54,102.05,52.00,746.00,null,null,null
2023-08-21T20:37:57Z,23.53,66.10,100,0,89.54,102.04,53.00,749.00,null,null,null
2023-08-21T20:38:57Z,23.55,66.04,100,0,89.54,102.05,54.00,759.00,null,null,null
2023-08-21T20:39:57Z,23.52,66.04,100,0,89.54,102.05,54.00,759.00,null,null,null
2023-08-21T20:40:57Z,23.52,65.99,100,0,89.54,102.04,54.00,759.00,5,8,8
2023-08-21T20:41:57Z,23.53,66.19,100,0,89.54,102.05,54.00,759.00,null,null,null
2023-08-21T20:42:57Z,23.56,66.22,100,0,89.54,102.04,56.00,768.00,null,null,null
2023-08-21T20:43:57Z,23.55,66.13,100,0,89.54,102.04,56.00,774.00,null,null,null
2023-08-21T20:44:57Z,23.55,66.18,100,0,89.54,102.04,56.00,774.00,null,null,null
2023-08-21T20:45:57Z,23.55,66.28,100,0,89.54,102.04,58.00,785.00,6,9,9
2023-08-21T20:46:57Z,23.55,66.24,100,0,89.54,102.04,55.00,765.00,null,null,null
2023-08-21T20:47:57Z,23.55,66.23,100,0,89.54,102.04,58.00,785.00,null,null,null
2023-08-21T20:48:57Z,23.55,66.09,100,0,89.53,102.04,59.00,793.00,null,null,null
2023-08-21T20:49:57Z,23.55,66.17,100,0,89.54,102.04,59.00,793.00,null,null,null
2023-08-21T20:50:57Z,23.55,66.17,100,0,89.54,102.04,61.00,802.00,5,8,8
2023-08-21T20:51:57Z,23.55,66.29,100,0,89.54,102.03,59.00,793.00,null,null,null
2023-08-21T20:52:57Z,23.56,66.29,100,0,89.54,102.03,59.00,793.00,null,null,null
2023-08-21T20:53:57Z,23.56,66.19,100,0,89.54,102.03,59.00,793.00,null,null,null
2023-08-21T20:54:57Z,23.55,66.30,100,0,89.54,102.04,61.00,806.00,null,null,null
2023-08-21T20:55:57Z,23.56,66.34,100,0,89.54,102.04,60.00,798.00,6,9,11
2023-08-21T20:56:57Z,23.55,66.28,100,0,89.53,102.04,61.00,806.00,null,null,null
2023-08-21T20:57:57Z,23.53,66.33,100,0,89.54,102.03,63.00,819.00,null,null,null
2023-08-21T20:58:57Z,23.56,66.38,100,0,89.54,102.04,63.00,819.00,null,null,null
2023-08-21T20:59:57Z,23.58,66.35,100,0,89.54,102.03,61.00,806.00,null,null,null
2023-08-21T21:00:57Z,23.53,66.43,100,0,89.54,102.03,64.00,825.00,5,8,8
2023-08-21T21:01:57Z,23.58,66.42,100,0,89.54,102.03,63.00,819.00,null,null,null
2023-08-21T21:02:57Z,23.56,66.41,100,0,89.54,102.03,66.00,834.00,null,null,null
2023-08-21T21:03:57Z,23.53,66.48,100,0,89.54,102.03,63.00,819.00,null,null,null
2023-08-21T21:04:57Z,23.56,66.46,100,0,89.54,102.03,61.00,806.00,null,null,null
2023-08-21T21:05:57Z,23.55,66.48,100,0,89.54,102.03,66.00,834.00,5,7,7
2023-08-21T21:06:57Z,23.56,66.42,100,0,89.54,102.03,61.00,806.00,null,null,null
2023-08-21T21:07:57Z,23.56,66.34,100,0,89.53,102.03,67.00,840.00,null,null,null
2023-08-21T21:08:57Z,23.56,66.42,100,0,89.54,102.03,67.00,840.00,null,null,null
2023-08-21T21:09:57Z,23.55,66.47,100,0,89.54,102.03,69.00,853.00,null,null,null
2023-08-21T21:10:57Z,23.56,66.52,100,0,89.54,102.03,69.00,853.00,6,6,7
2023-08-21T21:11:57Z,23.55,66.55,100,0,89.54,102.02,71.00,872.00,null,null,null
2023-08-21T21:12:57Z,23.56,66.47,100,0,89.54,102.02,70.00,865.00,null,null,null
2023-08-21T21:13:57Z,23.58,66.45,100,0,89.54,102.03,70.00,865.00,null,null,null
2023-08-21T21:14:57Z,23.59,66.48,100,0,89.54,102.02,71.00,872.00,null,null,null
2023-08-21T21:15:57Z,23.56,66.49,100,0,89.54,102.02,69.00,853.00,5,8,8
2023-08-21T21:16:57Z,23.58,66.63,100,0,89.54,102.03,73.00,882.00,null,null,null
2023-08-21T21:17:57Z,23.58,66.57,100,0,89.53,102.02,73.00,882.00,null,null,null
2023-08-21T21:18:57Z,23.58,66.50,100,0,89.54,102.03,74.00,891.00,null,null,null
2023-08-21T21:19:57Z,23.56,66.59,100,0,89.54,102.03,76.00,902.00,null,null,null
2023-08-21T21:20:57Z,23.58,66.67,100,0,89.54,102.03,71.00,872.00,6,8,8
2023-08-21T21:21:57Z,23.58,66.60,100,0,89.54,102.03,78.00,913.00,null,null,null
2023-08-21T21:22:57Z,23.56,66.63,100,0,89.54,102.02,78.00,913.00,null,null,null
2023-08-21T21:23:57Z,23.59,66.67,100,0,89.54,102.02,78.00,913.00,null,null,null
2023-08-21T21:24:57Z,23.56,66.68,100,0,89.54,102.03,79.00,920.00,null,null,null
2023-08-21T21:25:57Z,23.58,66.72,100,0,89.54,102.02,79.00,920.00,4,6,7
2023-08-21T21:26:57Z,23.58,66.69,100,0,89.54,102.02,78.00,913.00,null,null,null
2023-08-21T21:27:57Z,23.58,66.63,100,0,89.54,102.03,78.00,913.00,null,null,null
2023-08-21T21:28:57Z,23.58,66.66,100,0,89.54,102.02,79.00,920.00,null,null,null
2023-08-21T21:29:57Z,23.59,66.78,100,0,89.54,102.02,79.00,920.00,null,null,null
2023-08-21T21:30:57Z,23.56,66.73,100,0,89.54,102.03,79.00,920.00,4,7,7
2023-08-21T21:31:57Z,23.59,66.72,100,0,89.54,102.02,79.00,920.00,null,null,null
2023-08-21T21:32:57Z,23.56,66.70,100,0,89.54,102.02,79.00,920.00,null,null,null
2023-08-21T21:33:57Z,23.59,66.72,100,0,89.54,102.02,78.00,913.00,null,null,null
2023-08-21T21:34:57Z,23.59,66.79,100,0,89.54,102.02,81.00,933.00,null,null,null
2023-08-21T21:35:57Z,23.59,66.81,100,0,89.54,102.02,81.00,935.00,4,7,7
2023-08-21T21:36:57Z,23.56,66.79,100,0,89.54,102.02,78.00,913.00,null,null,null
2023-08-21T21:37:57Z,23.60,66.81,100,0,89.54,102.02,81.00,935.00,null,null,null
2023-08-21T21:38:57Z,23.58,66.88,100,0,89.54,102.02,81.00,935.00,null,null,null
2023-08-21T21:39:57Z,23.58,66.88,100,0,89.54,102.02,79.00,925.00,null,null,null
2023-08-21T21:40:57Z,23.59,66.79,100,0,89.54,102.02,81.00,935.00,3,7,7
2023-08-21T21:41:57Z,23.60,66.87,100,0,89.54,102.02,81.00,935.00,null,null,null
2023-08-21T21:42:57Z,23.60,66.86,100,0,89.54,102.02,79.00,925.00,null,null,null
2023-08-21T21:43:57Z,23.59,66.87,100,0,89.54,102.02,83.00,945.00,null,null,null
2023-08-21T21:44:57Z,23.60,66.94,100,0,89.54,102.01,81.00,935.00,null,null,null
2023-08-21T21:45:57Z,23.56,66.89,100,0,89.53,102.01,76.00,905.00,5,6,6
2023-08-21T21:46:57Z,23.59,66.94,100,0,89.54,102.02,81.00,935.00,null,null,null
2023-08-21T21:47:57Z,23.59,66.87,100,0,89.54,102.01,78.00,913.00,null,null,null
2023-08-21T21:48:57Z,23.62,66.92,100,0,89.54,102.02,83.00,945.00,null,null,null
2023-08-21T21:49:57Z,23.59,66.93,100,0,89.54,102.02,81.00,935.00,null,null,null
2023-08-21T21:50:57Z,23.59,67.00,100,0,89.54,102.02,78.00,913.00,4,6,6
2023-08-21T21:51:57Z,23.62,66.97,100,0,89.54,102.02,84.00,956.00,null,null,null
2023-08-21T21:52:57Z,23.60,66.92,100,0,89.54,102.01,84.00,956.00,null,null,null
2023-08-21T21:53:57Z,23.60,66.95,100,0,89.54,102.02,83.00,945.00,null,null,null
2023-08-21T21:54:57Z,23.59,66.94,100,0,89.54,102.02,84.00,956.00,null,null,null
2023-08-21T21:55:57Z,23.60,66.96,100,0,89.54,102.02,83.00,945.00,4,6,6
2023-08-21T21:56:57Z,23.60,66.98,100,0,89.54,102.02,84.00,956.00,null,null,null
2023-08-21T21:57:57Z,23.58,66.95,100,0,89.54,102.02,83.00,945.00,null,null,null
2023-08-21T21:58:57Z,23.59,66.98,100,0,89.54,102.01,86.00,970.00,null,null,null
2023-08-21T21:59:57Z,23.59,67.04,100,0,89.54,102.01,79.00,925.00,null,null,null
2023-08-21T22:00:57Z,23.58,67.05,100,0,89.54,102.02,86.00,970.00,5,7,7
2023-08-21T22:01:57Z,23.60,67.01,100,0,89.54,102.01,78.00,913.00,null,null,null
2023-08-21T22:02:57Z,23.59,66.98,100,0,89.54,102.01,86.00,970.00,null,null,null
2023-08-21T22:03:57Z,23.62,67.02,100,0,89.54,102.01,84.00,956.00,null,null,null
2023-08-21T22:04:57Z,23.60,67.02,100,0,89.54,102.01,79.00,925.00,null,null,null
2023-08-21T22:05:57Z,23.59,67.06,100,0,89.54,102.01,86.00,970.00,6,8,8
2023-08-21T22:06:57Z,23.62,67.09,100,0,89.54,102.01,79.00,925.00,null,null,null
2023-08-21T22:07:57Z,23.60,67.03,100,0,89.54,102.00,86.00,970.00,null,null,null
2023-08-21T22:08:57Z,23.59,67.08,100,0,89.54,102.01,79.00,925.00,null,null,null
2023-08-21T22:09:57Z,23.62,67.04,100,0,89.54,102.01,86.00,970.00,null,null,null
2023-08-21T22:10:57Z,23.60,67.10,100,0,89.54,102.00,79.00,925.00,5,9,9
2023-08-21T22:11:57Z,23.60,67.16,100,0,89.54,102.01,86.00,970.00,null,null,null
2023-08-21T22:12:57Z,23.62,67.14,100,0,89.54,102.01,79.00,925.00,null,null,null
2023-08-21T22:13:57Z,23.60,67.11,100,0,89.54,102.00,86.00,970.00,null,null,null
2023-08-21T22:14:57Z,23.60,67.08,100,0,89.54,102.01,79.00,925.00,null,null,null
2023-08-21T22:15:57Z,23.59,67.14,100,0,89.54,102.00,86.00,970.00,5,7,7
2023-08-21T22:16:57Z,23.62,67.20,100,0,89.54,102.01,81.00,935.00,null,null,null
2023-08-21T22:17:57Z,23.63,67.21,100,0,89.54,102.01,86.00,970.00,null,null,null
2023-08-21T22:18:57Z,23.60,67.14,100,0,89.54,102.01,84.00,956.00,null,null,null
2023-08-21T22:19:57Z,23.63,67.23,100,0,89.54,102.01,79.00,925.00,null,null,null
2023-08-21T22:20:57Z,23.62,67.20,100,0,89.54,102.01,86.00,970.00,4,8,10
2023-08-21T22:21:57Z,23.62,67.24,100,0,89.54,102.01,81.00,935.00,null,null,null
2023-08-21T22:22:57Z,23.60,67.25,100,0,89.54,102.00,86.00,970.00,null,null,null
2023-08-21T22:23:57Z,23.63,67.27,100,0,89.54,102.01,83.00,949.00,null,null,null
2023-08-21T22:24:57Z,23.62,67.28,100,0,89.54,102.01,85.00,961.00,null,null,null
2023-08-21T22:25:57Z,23.62,67.15,100,0,89.54,102.01,87.00,972.00,4,8,9
2023-08-21T22:26:57Z,23.62,67.17,100,0,89.54,102.01,86.00,970.00,null,null,null
2023-08-21T22:27:57Z,23.66,67.08,100,0,89.54,102.01,88.00,981.00,null,null,null
2023-08-21T22:28:57Z,23.63,67.21,100,0,89.54,102.01,88.00,981.00,null,null,null
2023-08-21T22:29:57Z,23.62,67.35,100,0,89.54,102.01,88.00,981.00,null,null,null
2023-08-21T22:30:57Z,23.63,67.35,100,0,89.54,102.01,87.00,972.00,4,6,6
2023-08-21T22:31:57Z,23.62,67.66,100,0,89.54,102.01,88.00,981.00,null,null,null
2023-08-21T22:32:57Z,23.62,67.57,100,0,89.53,102.01,83.00,949.00,null,null,null
2023-08-21T22:33:57Z,23.62,67.46,100,0,89.54,102.01,90.00,992.00,null,null,null
2023-08-21T22:34:57Z,23.62,67.36,100,0,89.54,102.02,90.00,992.00,null,null,null
2023-08-21T22:35:57Z,23.62,67.39,100,0,89.54,102.02,92.00,1007.00,4,6,7
2023-08-21T22:36:57Z,23.65,67.42,100,0,89.54,102.02,85.00,961.00,null,null,null
2023-08-21T22:37:57Z,23.63,67.41,100,0,89.54,102.02,93.00,1014.00,null,null,null
2023-08-21T22:38:57Z,23.65,67.33,100,0,89.54,102.02,90.00,992.00,null,null,null
2023-08-21T22:39:57Z,23.63,67.22,100,0,89.54,102.02,90.00,992.00,null,null,null
2023-08-21T22:40:57Z,23.63,67.19,100,0,89.54,102.02,89.00,990.00,4,6,7
2023-08-21T22:41:57Z,23.65,67.15,100,0,89.54,102.01,91.00,1001.00,null,null,null
2023-08-21T22:42:57Z,23.65,67.09,100,0,89.54,102.01,93.00,1014.00,null,null,null
2023-08-21T22:43:57Z,23.65,67.15,100,0,89.54,102.02,93.00,1014.00,null,null,null
2023-08-21T22:44:57Z,23.65,67.21,100,0,89.54,102.01,99.00,1053.00,null,null,null
2023-08-21T22:45:57Z,23.65,67.23,100,0,89.54,102.01,106.00,1102.00,4,7,7
2023-08-21T22:46:57Z,23.66,67.32,100,0,89.54,102.00,106.00,1102.00,null,null,null
2023-08-21T22:47:57Z,23.70,67.23,100,0,89.54,102.00,106.00,1099.00,null,null,null
2023-08-21T22:48:57Z,23.68,67.12,100,0,89.54,102.00,109.00,1118.00,null,null,null
2023-08-21T22:49:57Z,23.66,67.29,100,0,89.54,101.99,114.00,1153.00,null,null,null
2023-08-21T22:50:57Z,23.69,67.29,100,0,89.54,101.99,106.00,1099.00,3,5,5
2023-08-21T22:51:57Z,23.72,67.18,100,0,89.54,101.99,111.00,1131.00,null,null,null
2023-08-21T22:52:57Z,23.70,67.07,100,0,89.54,101.99,112.00,1140.00,null,null,null
2023-08-21T22:53:57Z,23.69,67.13,100,0,89.54,102.00,106.00,1102.00,null,null,null
2023-08-21T22:54:57Z,23.69,67.31,100,0,89.54,102.00,110.00,1128.00,null,null,null
2023-08-21T22:55:57Z,23.72,68.26,100,0,89.54,102.00,113.00,1144.00,4,6,7
2023-08-21T22:56:57Z,23.76,68.38,100,0,89.54,102.00,114.00,1150.00,null,null,null
2023-08-21T22:57:57Z,23.73,68.25,100,0,89.54,102.00,120.00,1191.00,null,null,null
2023-08-21T22:58:57Z,23.73,68.27,100,0,89.54,102.00,105.00,1095.00,null,null,null
2023-08-21T22:59:57Z,23.76,68.24,100,0,89.54,102.00,109.00,1118.00,null,null,null
2023-08-21T23:00:57Z,23.76,68.25,100,0,89.54,102.00,126.00,1231.00,5,6,6
2023-08-21T23:01:57Z,23.76,68.19,100,0,89.54,102.00,105.00,1090.00,null,null,null
2023-08-21T23:02:57Z,23.79,68.12,100,0,89.54,102.00,113.00,1144.00,null,null,null
2023-08-21T23:03:57Z,23.77,68.07,100,0,89.54,102.00,113.00,1144.00,null,null,null
2023-08-21T23:04:57Z,23.79,68.12,100,0,89.54,102.00,113.00,1144.00,null,null,null
2023-08-21T23:05:57Z,23.77,68.06,100,0,89.54,102.00,111.00,1131.00,3,6,6
2023-08-21T23:06:57Z,23.83,68.27,100,0,89.54,101.99,107.00,1105.00,null,null,null
2023-08-21T23:07:57Z,23.83,68.24,100,0,89.54,101.99,107.00,1107.00,null,null,null
2023-08-21T23:08:57Z,23.80,68.23,100,0,89.54,101.99,113.00,1147.00,null,null,null
2023-08-21T23:09:57Z,23.80,68.43,100,0,89.54,101.99,117.00,1171.00,null,null,null
2023-08-21T23:10:57Z,23.81,68.39,100,0,89.54,101.99,115.00,1159.00,4,6,6
2023-08-21T23:11:57Z,23.83,68.31,100,0,89.54,101.99,115.00,1159.00,null,null,null
2023-08-21T23:12:57Z,23.86,68.33,100,0,89.54,101.99,115.00,1159.00,null,null,null
2023-08-21T23:13:57Z,23.87,67.97,100,0,89.54,101.99,115.00,1159.00,null,null,null
2023-08-21T23:14:57Z,23.89,67.92,100,0,89.54,101.99,115.00,1156.00,null,null,null
2023-08-21T23:15:57Z,23.87,68.01,100,0,89.54,101.99,117.00,1171.00,4,7,9
2023-08-21T23:16:57Z,23.89,67.97,100,0,89.54,101.99,117.00,1171.00,null,null,null
2023-08-21T23:17:57Z,23.90,67.94,100,0,89.54,102.00,117.00,1171.00,null,null,null
2023-08-21T23:18:57Z,23.90,67.74,100,0,89.54,101.99,115.00,1156.00,null,null,null
2023-08-21T23:19:57Z,23.89,67.78,100,0,89.54,101.99,115.00,1156.00,null,null,null
2023-08-21T23:20:57Z,23.90,67.81,100,0,89.54,101.99,113.00,1144.00,3,5,6
2023-08-21T23:21:57Z,23.91,67.95,100,0,89.54,102.00,113.00,1144.00,null,null,null
2023-08-21T23:22:57Z,23.91,67.83,100,0,89.54,101.99,115.00,1156.00,null,null,null
2023-08-21T23:23:57Z,23.93,67.95,100,0,89.54,101.99,115.00,1156.00,null,null,null
2023-08-21T23:24:57Z,23.91,67.93,100,0,89.54,101.99,115.00,1156.00,null,null,null
2023-08-21T23:25:57Z,23.91,67.80,100,0,89.54,102.00,115.00,1156.00,4,6,7
2023-08-21T23:26:57Z,23.96,67.71,100,0,89.54,102.00,115.00,1156.00,null,null,null
2023-08-21T23:27:57Z,23.94,67.74,100,0,89.54,102.00,115.00,1156.00,null,null,null
2023-08-21T23:28:57Z,23.96,67.64,100,0,89.54,102.00,113.00,1144.00,null,null,null
2023-08-21T23:29:57Z,23.96,67.68,100,0,89.54,102.00,115.00,1156.00,null,null,null
2023-08-21T23:30:57Z,23.94,67.83,100,0,89.54,102.00,113.00,1144.00,3,5,5
2023-08-21T23:31:57Z,23.96,67.80,100,0,89.54,102.00,113.00,1144.00,null,null,null
2023-08-21T23:32:57Z,24.00,67.76,100,0,89.54,101.99,111.00,1131.00,null,null,null
2023-08-21T23:33:57Z,23.97,67.60,100,0,89.54,102.00,109.00,1118.00,null,null,null
2023-08-21T23:34:57Z,23.99,67.61,100,0,89.54,102.00,115.00,1156.00,null,null,null
2023-08-21T23:35:57Z,23.97,67.63,100,0,89.54,102.00,113.00,1144.00,2,3,4
2023-08-21T23:36:57Z,23.99,67.67,100,0,89.54,102.00,115.00,1156.00,null,null,null
2023-08-21T23:37:57Z,23.99,67.58,100,0,89.54,102.00,113.00,1144.00,null,null,null
2023-08-21T23:38:57Z,23.99,67.68,100,0,89.54,102.00,113.00,1144.00,null,null,null
2023-08-21T23:39:57Z,23.99,67.75,100,0,89.54,102.00,113.00,1144.00,null,null,null
2023-08-21T23:40:57Z,23.99,67.75,100,0,89.54,102.00,113.00,1144.00,2,4,4
2023-08-21T23:41:57Z,23.97,67.68,100,0,89.54,102.00,113.00,1144.00,null,null,null
2023-08-21T23:42:57Z,23.99,67.67,100,0,89.54,102.00,113.00,1144.00,null,null,null
2023-08-21T23:43:57Z,24.01,67.67,100,0,89.54,102.00,113.00,1144.00,null,null,null
2023-08-21T23:44:57Z,24.01,67.65,100,0,89.54,102.00,113.00,1144.00,null,null,null
2023-08-21T23:45:57Z,24.00,67.72,100,0,89.54,102.00,111.00,1131.00,3,5,6
2023-08-21T23:46:57Z,24.03,67.61,100,0,89.54,102.00,111.00,1131.00,null,null,null
2023-08-21T23:47:57Z,24.00,67.76,100,0,89.54,102.00,111.00,1131.00,null,null,null
2023-08-21T23:48:57Z,24.03,67.78,100,0,89.54,101.99,111.00,1131.00,null,null,null
2023-08-21T23:49:57Z,24.00,67.62,100,0,89.54,101.99,109.00,1118.00,null,null,null
2023-08-21T23:50:57Z,24.01,67.80,100,0,89.54,101.99,113.00,1144.00,4,5,5
2023-08-21T23:51:57Z,24.03,67.64,100,0,89.54,101.99,109.00,1118.00,null,null,null
2023-08-21T23:52:57Z,24.06,67.71,100,0,89.54,101.99,113.00,1144.00,null,null,null
2023-08-21T23:53:57Z,24.03,67.85,100,0,89.54,101.99,111.00,1131.00,null,null,null
2023-08-21T23:54:57Z,24.01,67.78,100,0,89.54,101.98,111.00,1131.00,null,null,null
2023-08-21T23:55:57Z,23.99,67.85,100,0,89.54,101.99,107.00,1105.00,3,5,6
2023-08-21T23:56:57Z,24.01,67.71,100,0,89.54,101.98,107.00,1105.00,null,null,null
2023-08-21T23:57:57Z,24.04,67.53,100,0,89.54,101.98,109.00,1118.00,null,null,null
2023-08-21T23:58:57Z,24.03,67.36,100,0,89.54,101.98,111.00,1131.00,null,null,null
