TIME,TEMP,HUM,BATT,LIGHT,NOISE_A,PRESS,CCS811_VOCS,CCS811_ECO2,PM_1,PM_25,PM_10
ISO 8601,C,%,%,Lux,dBA,kPa,ppb,ppm,ug/m3,ug/m3,ug/m3
Time,Temperature,Humidity,Battery,Light,Noise dBA,Barometric pressure,VOC Gas CCS811,eCO2 Gas CCS811,PM 1.0,PM 2.5,PM 10.0
,55,56,10,14,53,58,113,112,89,87,88
2023-08-15T00:00:04Z,22.86,70.42,99,0,36.74,101.33,45.00,699.00,0,0,0
2023-08-15T00:01:04Z,22.89,70.34,99,0,33.83,101.32,45.00,699.00,null,null,null
2023-08-15T00:02:04Z,22.89,70.33,99,0,33.62,101.32,47.00,710.00,null,null,null
2023-08-15T00:03:04Z,22.89,70.34,99,0,32.01,101.33,47.00,710.00,null,null,null
2023-08-15T00:04:04Z,22.88,70.34,99,0,30.46,101.33,47.00,710.00,null,null,null
2023-08-15T00:05:04Z,22.88,70.39,99,0,33.24,101.32,47.00,710.00,0,0,0
2023-08-15T00:06:04Z,22.88,70.35,99,0,33.77,101.32,47.00,710.00,null,null,null
2023-08-15T00:07:04Z,22.89,70.31,99,0,33.63,101.33,48.00,717.00,null,null,null
2023-08-15T00:08:04Z,22.89,70.33,99,0,34.91,101.33,47.00,710.00,null,null,null
2023-08-15T00:09:04Z,22.88,70.35,99,0,33.04,101.33,47.00,710.00,null,null,null
2023-08-15T00:10:04Z,22.86,70.38,99,0,34.99,101.32,47.00,710.00,2,2,2
2023-08-15T00:11:04Z,22.88,70.34,99,0,33.42,101.33,45.00,699.00,null,null,null
2023-08-15T00:12:04Z,22.89,70.27,99,0,36.59,101.33,47.00,710.00,null,null,null
2023-08-15T00:13:04Z,22.88,70.32,99,0,34.54,101.33,47.00,710.00,null,null,null
2023-08-15T00:14:04Z,22.88,70.35,99,0,33.16,101.33,47.00,710.00,null,null,null
2023-08-15T00:15:04Z,22.89,70.41,99,0,31.35,101.33,47.00,710.00,0,0,0
2023-08-15T00:16:04Z,22.85,70.42,99,0,31.58,101.33,45.00,699.00,null,null,null
2023-08-15T00:17:04Z,22.88,70.37,99,0,34.63,101.33,47.00,710.00,null,null,null
2023-08-15T00:18:04Z,22.89,70.36,99,0,36.70,101.33,47.00,710.00,null,null,null
2023-08-15T00:19:04Z,22.85,70.37,99,0,35.21,101.33,48.00,717.00,null,null,null
2023-08-15T00:20:04Z,22.85,70.35,99,0,33.89,101.33,50.00,730.00,0,0,0
2023-08-15T00:21:04Z,22.85,70.35,99,0,32.38,101.33,48.00,717.00,null,null,null
2023-08-15T00:22:04Z,22.89,70.36,99,0,33.98,101.33,50.00,730.00,null,null,null
2023-08-15T00:23:04Z,22.86,70.32,99,0,34.76,101.33,50.00,733.00,null,null,null
2023-08-15T00:24:04Z,22.85,70.34,99,0,null,101.33,50.00,733.00,null,null,null
2023-08-15T00:25:04Z,22.86,70.30,99,0,33.31,101.33,50.00,733.00,0,1,1
2023-08-15T00:26:04Z,22.86,70.33,99,0,34.76,101.34,50.00,730.00,null,null,null
2023-08-15T00:27:04Z,22.85,70.29,99,0,33.44,101.34,50.00,733.00,null,null,null
2023-08-15T00:28:04Z,22.86,70.29,99,0,35.19,101.34,50.00,733.00,null,null,null
2023-08-15T00:29:04Z,22.85,70.34,99,0,31.86,101.34,50.00,730.00,null,null,null
2023-08-15T00:30:04Z,22.85,70.34,99,0,33.43,101.34,50.00,730.00,0,0,0
2023-08-15T00:31:04Z,22.86,70.29,99,0,34.85,101.34,48.00,717.00,null,null,null
2023-08-15T00:32:04Z,22.89,70.29,99,0,34.25,101.34,48.00,717.00,null,null,null
2023-08-15T00:33:04Z,22.86,70.24,99,0,34.24,101.34,48.00,717.00,null,null,null
2023-08-15T00:34:04Z,22.85,70.31,99,0,31.90,101.34,49.00,728.00,null,null,null
2023-08-15T00:35:04Z,22.83,70.27,99,0,31.86,101.34,48.00,717.00,1,1,1
2023-08-15T00:36:04Z,22.86,70.32,99,0,34.49,101.34,47.00,710.00,null,null,null
2023-08-15T00:37:04Z,22.86,70.29,99,0,34.57,101.34,48.00,717.00,null,null,null
2023-08-15T00:38:04Z,22.83,70.29,99,0,35.33,101.34,48.00,717.00,null,null,null
2023-08-15T00:39:04Z,22.85,70.29,99,0,35.03,101.34,48.00,717.00,null,null,null
2023-08-15T00:40:04Z,22.83,70.29,99,0,31.62,101.34,47.00,710.00,0,0,0
2023-08-15T00:41:04Z,22.85,70.28,99,0,35.66,101.34,45.00,699.00,null,null,null
2023-08-15T00:42:04Z,22.83,70.13,99,0,34.44,101.34,47.00,710.00,null,null,null
2023-08-15T00:43:04Z,22.85,70.18,99,0,37.89,101.34,47.00,715.00,null,null,null
2023-08-15T00:44:04Z,22.82,70.19,99,0,34.65,101.34,46.00,704.00,null,null,null
2023-08-15T00:45:04Z,22.82,70.25,99,0,33.58,101.34,46.00,704.00,0,0,0
2023-08-15T00:46:04Z,22.85,70.17,99,0,34.88,101.34,44.00,690.00,null,null,null
2023-08-15T00:47:04Z,22.85,70.16,99,0,33.08,101.34,46.00,704.00,null,null,null
2023-08-15T00:48:04Z,22.85,70.09,99,0,31.51,101.34,46.00,704.00,null,null,null
2023-08-15T00:49:04Z,22.80,70.19,99,0,32.03,101.34,46.00,704.00,null,null,null
2023-08-15T00:50:04Z,22.80,70.20,99,0,34.82,101.35,45.00,697.00,0,0,0
2023-08-15T00:51:04Z,22.82,70.17,99,0,33.17,101.34,43.00,688.00,null,null,null
2023-08-15T00:52:04Z,22.83,70.12,99,0,33.23,101.34,45.00,697.00,null,null,null
2023-08-15T00:53:04Z,22.83,70.09,99,0,33.21,101.34,45.00,697.00,null,null,null
2023-08-15T00:54:04Z,22.80,70.09,99,0,34.84,101.34,45.00,697.00,null,null,null
2023-08-15T00:55:04Z,22.79,70.19,99,0,33.93,101.34,45.00,697.00,2,2,2
2023-08-15T00:56:04Z,22.80,70.14,99,0,34.78,101.34,43.00,688.00,null,null,null
2023-08-15T00:57:04Z,22.82,70.12,99,0,34.78,101.34,43.00,688.00,null,null,null
2023-08-15T00:58:04Z,22.83,70.09,99,0,30.08,101.34,43.00,688.00,null,null,null
2023-08-15T00:59:04Z,22.79,70.15,99,0,33.14,101.35,43.00,688.00,null,null,null
2023-08-15T01:00:04Z,22.80,70.17,99,0,30.40,101.34,43.00,688.00,1,1,1
2023-08-15T01:01:04Z,22.79,70.15,99,0,30.76,101.34,42.00,679.00,null,null,null
2023-08-15T01:02:04Z,22.83,70.07,99,0,34.11,101.34,43.00,688.00,null,null,null
2023-08-15T01:03:04Z,22.80,70.07,99,0,35.85,101.35,43.00,688.00,null,null,null
2023-08-15T01:04:04Z,22.79,70.10,99,0,35.14,101.35,42.00,679.00,null,null,null
2023-08-15T01:05:04Z,22.80,70.14,99,0,35.18,101.35,42.00,679.00,2,2,2
2023-08-15T01:06:04Z,22.79,70.07,99,0,31.86,101.35,41.00,672.00,null,null,null
2023-08-15T01:07:04Z,22.82,70.07,99,0,36.23,101.35,42.00,679.00,null,null,null
2023-08-15T01:08:04Z,22.79,70.07,99,0,33.42,101.35,42.00,679.00,null,null,null
2023-08-15T01:09:04Z,22.79,70.09,99,0,35.73,101.35,42.00,679.00,null,null,null
2023-08-15T01:10:04Z,22.78,70.09,99,0,34.09,101.35,41.00,672.00,0,0,0
2023-08-15T01:11:04Z,22.79,70.09,99,0,33.25,101.35,41.00,672.00,null,null,null
2023-08-15T01:12:04Z,22.80,70.05,99,0,33.01,101.35,41.00,672.00,null,null,null
2023-08-15T01:13:04Z,22.78,70.00,99,0,35.71,101.35,41.00,672.00,null,null,null
2023-08-15T01:14:04Z,22.79,70.07,99,0,35.85,101.35,41.00,672.00,null,null,null
2023-08-15T01:15:04Z,22.78,70.04,99,0,33.29,101.35,41.00,672.00,0,0,0
2023-08-15T01:16:04Z,22.79,70.04,99,0,31.57,101.35,40.00,665.00,null,null,null
2023-08-15T01:17:04Z,22.80,70.02,99,0,34.25,101.35,41.00,672.00,null,null,null
2023-08-15T01:18:04Z,22.79,69.95,99,0,33.59,101.36,40.00,665.00,null,null,null
2023-08-15T01:19:04Z,22.79,70.02,99,0,30.61,101.36,40.00,665.00,null,null,null
2023-08-15T01:20:04Z,22.76,70.06,99,0,35.72,101.35,40.00,665.00,1,1,1
2023-08-15T01:21:04Z,22.78,70.04,99,0,32.35,101.36,39.00,656.00,null,null,null
2023-08-15T01:22:04Z,22.80,69.99,99,0,36.54,101.35,40.00,665.00,null,null,null
2023-08-15T01:23:04Z,22.78,70.02,99,0,35.51,101.36,40.00,665.00,null,null,null
2023-08-15T01:24:04Z,22.75,70.00,99,0,39.69,101.35,41.00,672.00,null,null,null
2023-08-15T01:25:04Z,22.75,70.04,99,0,34.15,101.36,41.00,672.00,1,1,1
2023-08-15T01:26:04Z,22.76,70.06,99,0,36.11,101.35,39.00,656.00,null,null,null
2023-08-15T01:27:04Z,22.80,69.94,99,0,35.38,101.36,41.00,672.00,null,null,null
2023-08-15T01:28:04Z,22.79,69.96,99,0,35.35,101.35,40.00,665.00,null,null,null
2023-08-15T01:29:04Z,22.74,70.06,99,0,35.26,101.35,40.00,665.00,null,null,null
2023-08-15T01:30:04Z,22.75,70.09,99,0,37.49,101.35,49.00,728.00,1,1,1
2023-08-15T01:31:04Z,22.74,70.10,99,0,36.10,101.35,41.00,672.00,null,null,null
2023-08-15T01:32:04Z,22.78,70.00,99,0,36.02,101.35,51.00,735.00,null,null,null
2023-08-15T01:33:04Z,22.75,70.08,99,0,35.02,101.35,40.00,665.00,null,null,null
2023-08-15T01:34:04Z,22.75,70.06,99,0,34.49,101.35,40.00,665.00,null,null,null
2023-08-15T01:35:04Z,22.72,70.09,99,0,37.98,101.35,41.00,672.00,2,2,2
2023-08-15T01:36:04Z,22.76,70.11,99,0,37.07,101.35,49.00,728.00,null,null,null
2023-08-15T01:37:04Z,22.76,69.98,99,0,37.63,101.35,43.00,688.00,null,null,null
2023-08-15T01:38:04Z,22.75,70.04,99,0,37.49,101.35,41.00,672.00,null,null,null
2023-08-15T01:39:04Z,22.74,70.11,99,0,38.29,101.35,41.00,672.00,null,null,null
2023-08-15T01:40:04Z,22.72,70.09,99,0,35.19,101.35,51.00,735.00,0,0,0
2023-08-15T01:41:04Z,22.74,70.17,99,0,37.04,101.35,49.00,728.00,null,null,null
2023-08-15T01:42:04Z,22.75,70.07,99,0,36.09,101.35,52.00,744.00,null,null,null
2023-08-15T01:43:04Z,22.75,70.10,99,0,34.94,101.35,41.00,672.00,null,null,null
2023-08-15T01:44:04Z,22.74,70.08,99,0,36.70,101.35,41.00,672.00,null,null,null
2023-08-15T01:45:04Z,22.74,70.13,99,0,34.76,101.35,51.00,735.00,0,0,0
2023-08-15T01:46:04Z,22.74,70.16,99,0,36.44,101.35,49.00,728.00,null,null,null
2023-08-15T01:47:04Z,22.74,70.13,99,0,36.84,101.34,51.00,735.00,null,null,null
2023-08-15T01:48:04Z,22.74,70.06,99,0,38.02,101.35,51.00,735.00,null,null,null
2023-08-15T01:49:04Z,22.72,70.20,99,0,35.19,101.36,51.00,735.00,null,null,null
2023-08-15T01:50:04Z,22.72,70.15,99,0,36.15,101.36,52.00,744.00,0,0,0
2023-08-15T01:51:04Z,22.74,70.13,99,0,35.08,101.36,47.00,715.00,null,null,null
2023-08-15T01:52:04Z,22.71,70.07,99,0,35.43,101.37,49.00,728.00,null,null,null
2023-08-15T01:53:04Z,22.72,70.14,99,0,34.79,101.36,51.00,735.00,null,null,null
2023-08-15T01:54:04Z,22.71,70.09,99,0,36.43,101.37,47.00,715.00,null,null,null
2023-08-15T01:55:04Z,22.72,70.18,99,0,38.97,101.37,47.00,715.00,0,0,0
2023-08-15T01:56:04Z,22.71,70.15,99,0,36.43,101.37,47.00,715.00,null,null,null
2023-08-15T01:57:04Z,22.72,70.15,99,0,36.51,101.37,47.00,715.00,null,null,null
2023-08-15T01:58:04Z,22.71,70.17,99,0,35.45,101.37,46.00,708.00,null,null,null
2023-08-15T01:59:04Z,22.66,70.18,99,0,39.11,101.37,46.00,708.00,null,null,null
2023-08-15T02:00:04Z,22.72,70.17,99,0,35.29,101.37,46.00,708.00,1,1,1
2023-08-15T02:01:04Z,22.71,70.24,99,0,36.00,101.37,46.00,708.00,null,null,null
2023-08-15T02:02:04Z,22.71,70.14,99,0,35.89,101.37,46.00,708.00,null,null,null
2023-08-15T02:03:04Z,22.72,70.13,99,0,35.73,101.37,46.00,708.00,null,null,null
2023-08-15T02:04:04Z,22.71,70.16,99,0,36.27,101.37,45.00,699.00,null,null,null
2023-08-15T02:05:04Z,22.66,70.10,99,0,34.43,101.37,45.00,699.00,1,1,1
2023-08-15T02:06:04Z,22.69,70.11,99,0,39.01,101.37,45.00,699.00,null,null,null
2023-08-15T02:07:04Z,22.68,70.07,99,0,37.21,101.37,45.00,699.00,null,null,null
2023-08-15T02:08:04Z,22.69,70.08,99,0,35.19,101.37,45.00,699.00,null,null,null
2023-08-15T02:09:04Z,22.68,70.17,99,0,37.16,101.37,44.00,690.00,null,null,null
2023-08-15T02:10:04Z,22.66,70.13,99,0,35.12,101.37,44.00,690.00,1,1,1
2023-08-15T02:11:04Z,22.68,70.12,99,0,36.41,101.36,42.00,682.00,null,null,null
2023-08-15T02:12:04Z,22.68,70.07,99,0,36.56,101.37,42.00,682.00,null,null,null
2023-08-15T02:13:04Z,22.69,70.06,99,0,36.72,101.37,42.00,682.00,null,null,null
2023-08-15T02:14:04Z,22.66,70.07,99,0,34.68,101.37,42.00,682.00,null,null,null
2023-08-15T02:15:04Z,22.65,70.11,99,0,35.32,101.37,42.00,682.00,0,0,0
2023-08-15T02:16:04Z,22.66,70.07,99,0,35.03,101.37,42.00,682.00,null,null,null
2023-08-15T02:17:04Z,22.69,70.04,99,0,34.84,101.37,44.00,690.00,null,null,null
2023-08-15T02:18:04Z,22.68,70.07,99,0,34.51,101.37,45.00,699.00,null,null,null
2023-08-15T02:19:04Z,22.66,70.07,99,0,36.82,101.37,46.00,708.00,null,null,null
2023-08-15T02:20:04Z,22.64,70.07,99,0,36.08,101.37,46.00,708.00,1,1,1
2023-08-15T02:21:04Z,22.66,70.08,99,0,39.33,101.37,45.00,699.00,null,null,null
2023-08-15T02:22:04Z,22.68,70.04,99,0,37.93,101.37,45.00,699.00,null,null,null
2023-08-15T02:23:04Z,22.66,70.05,99,0,35.17,101.37,45.00,699.00,null,null,null
2023-08-15T02:24:04Z,22.64,70.03,99,0,34.86,101.37,44.00,690.00,null,null,null
2023-08-15T02:25:04Z,22.65,70.11,99,0,34.53,101.37,44.00,690.00,0,0,0
2023-08-15T02:26:04Z,22.62,70.02,99,0,35.50,101.38,44.00,690.00,null,null,null
2023-08-15T02:27:04Z,22.65,69.98,99,0,34.51,101.37,44.00,690.00,null,null,null
2023-08-15T02:28:04Z,22.64,70.01,99,0,35.44,101.38,44.00,690.00,null,null,null
2023-08-15T02:29:04Z,22.59,70.01,99,0,35.61,101.38,42.00,682.00,null,null,null
2023-08-15T02:30:04Z,22.62,70.05,99,0,36.94,101.38,42.00,682.00,0,0,0
2023-08-15T02:31:04Z,22.65,69.95,99,0,34.41,101.38,41.00,674.00,null,null,null
2023-08-15T02:32:04Z,22.64,69.94,99,0,34.07,101.37,41.00,674.00,null,null,null
2023-08-15T02:33:04Z,22.61,69.94,99,0,37.52,101.38,41.00,674.00,null,null,null
2023-08-15T02:34:04Z,22.61,69.96,99,0,36.44,101.38,41.00,674.00,null,null,null
2023-08-15T02:35:04Z,22.61,69.96,99,0,34.66,101.37,41.00,674.00,0,0,0
2023-08-15T02:36:04Z,22.62,69.95,99,0,34.39,101.37,40.00,666.00,null,null,null
2023-08-15T02:37:04Z,22.64,69.93,99,0,36.61,101.37,41.00,674.00,null,null,null
2023-08-15T02:38:04Z,22.61,69.93,99,0,36.95,101.38,40.00,666.00,null,null,null
2023-08-15T02:39:04Z,22.59,69.94,99,0,34.97,101.38,40.00,666.00,null,null,null
2023-08-15T02:40:04Z,22.61,69.99,99,0,36.42,101.37,40.00,666.00,1,1,1
2023-08-15T02:41:04Z,22.59,69.96,99,0,36.68,101.38,40.00,666.00,null,null,null
2023-08-15T02:42:04Z,22.61,69.93,99,0,36.68,101.38,40.00,666.00,null,null,null
2023-08-15T02:43:04Z,22.59,69.96,99,0,34.96,101.38,39.00,657.00,null,null,null
2023-08-15T02:44:04Z,22.59,69.90,99,0,37.45,101.37,39.00,657.00,null,null,null
2023-08-15T02:45:04Z,22.61,69.94,99,0,35.08,101.38,39.00,657.00,2,2,2
2023-08-15T02:46:04Z,22.59,69.95,99,0,37.00,101.38,39.00,657.00,null,null,null
2023-08-15T02:47:04Z,22.57,69.91,99,0,38.33,101.38,39.00,657.00,null,null,null
2023-08-15T02:48:04Z,22.61,69.90,99,0,34.42,101.38,39.00,657.00,null,null,null
2023-08-15T02:49:04Z,22.58,69.92,99,0,35.34,101.38,38.00,650.00,null,null,null
2023-08-15T02:50:04Z,22.58,69.93,99,0,34.43,101.38,38.00,650.00,1,1,1
2023-08-15T02:51:04Z,22.57,69.96,99,0,33.36,101.38,38.00,650.00,null,null,null
2023-08-15T02:52:04Z,22.58,69.92,99,0,32.85,101.38,38.00,650.00,null,null,null
2023-08-15T02:53:04Z,22.57,69.88,99,0,36.73,101.38,38.00,650.00,null,null,null
2023-08-15T02:54:04Z,22.57,69.91,99,0,31.46,101.38,38.00,650.00,null,null,null
2023-08-15T02:55:04Z,22.52,69.93,99,0,33.47,101.38,38.00,650.00,0,0,0
2023-08-15T02:56:04Z,22.57,69.95,99,0,32.65,101.39,38.00,650.00,null,null,null
2023-08-15T02:57:04Z,22.58,69.85,99,0,36.25,101.38,37.00,643.00,null,null,null
2023-08-15T02:58:04Z,22.57,69.85,99,0,34.27,101.39,37.00,643.00,null,null,null
2023-08-15T02:59:04Z,22.54,69.90,99,0,34.87,101.39,37.00,643.00,null,null,null
2023-08-15T03:00:04Z,22.52,69.89,99,0,32.67,101.39,37.00,643.00,2,2,2
2023-08-15T03:01:04Z,22.55,69.94,99,0,34.00,101.39,37.00,643.00,null,null,null
2023-08-15T03:02:04Z,22.57,69.88,99,0,33.47,101.38,37.00,643.00,null,null,null
2023-08-15T03:03:04Z,22.55,69.89,99,0,33.63,101.39,37.00,643.00,null,null,null
2023-08-15T03:04:04Z,22.55,69.84,99,0,33.73,101.39,37.00,643.00,null,null,null
2023-08-15T03:05:04Z,22.55,69.89,99,0,35.64,101.39,36.00,637.00,0,0,0
2023-08-15T03:06:04Z,22.54,69.87,99,0,35.22,101.39,37.00,643.00,null,null,null
2023-08-15T03:07:04Z,22.55,69.83,99,0,32.90,101.39,36.00,637.00,null,null,null
2023-08-15T03:08:04Z,22.52,69.82,99,0,36.05,101.39,36.00,637.00,null,null,null
2023-08-15T03:09:04Z,22.54,69.90,99,0,33.33,101.39,36.00,637.00,null,null,null
2023-08-15T03:10:04Z,22.51,69.85,99,0,32.85,101.39,36.00,637.00,0,0,0
2023-08-15T03:11:04Z,22.52,69.87,99,0,35.26,101.39,36.00,637.00,null,null,null
2023-08-15T03:12:04Z,22.54,69.89,99,0,32.76,101.39,36.00,637.00,null,null,null
2023-08-15T03:13:04Z,22.54,69.84,99,0,35.00,101.39,36.00,637.00,null,null,null
2023-08-15T03:14:04Z,22.52,69.84,99,0,36.83,101.39,36.00,637.00,null,null,null
2023-08-15T03:15:04Z,22.51,69.80,99,0,34.99,101.39,36.00,637.00,0,0,3
2023-08-15T03:16:04Z,22.52,69.83,99,0,34.67,101.39,34.00,629.00,null,null,null
2023-08-15T03:17:04Z,22.52,69.77,99,0,36.67,101.39,34.00,629.00,null,null,null
2023-08-15T03:18:04Z,22.51,69.73,99,0,31.96,101.39,34.00,629.00,null,null,null
2023-08-15T03:19:04Z,22.51,69.78,99,0,34.62,101.39,35.00,634.00,null,null,null
2023-08-15T03:20:04Z,22.49,69.78,99,0,32.24,101.39,34.00,629.00,0,0,0
2023-08-15T03:21:04Z,22.51,69.79,99,0,34.67,101.39,34.00,629.00,null,null,null
2023-08-15T03:22:04Z,22.52,69.79,99,0,35.63,101.40,34.00,629.00,null,null,null
2023-08-15T03:23:04Z,22.49,69.78,99,0,35.66,101.40,34.00,629.00,null,null,null
2023-08-15T03:24:04Z,22.48,69.74,99,0,33.62,101.40,34.00,629.00,null,null,null
2023-08-15T03:25:04Z,22.48,69.79,99,0,35.92,101.40,34.00,627.00,0,0,0
2023-08-15T03:26:04Z,22.51,69.74,99,0,35.11,101.40,34.00,629.00,null,null,null
2023-08-15T03:27:04Z,22.48,69.72,99,0,35.36,101.40,34.00,627.00,null,null,null
2023-08-15T03:28:04Z,22.49,69.77,99,0,35.61,101.40,34.00,627.00,null,null,null
2023-08-15T03:29:04Z,22.48,69.74,99,0,36.95,101.40,33.00,623.00,null,null,null
2023-08-15T03:30:04Z,22.48,69.73,99,0,37.49,101.40,34.00,627.00,1,1,1
2023-08-15T03:31:04Z,22.47,69.77,99,0,37.08,101.40,34.00,627.00,null,null,null
2023-08-15T03:32:04Z,22.48,69.67,99,0,34.94,101.41,33.00,623.00,null,null,null
2023-08-15T03:33:04Z,22.47,69.73,99,0,33.89,101.40,34.00,627.00,null,null,null
2023-08-15T03:34:04Z,22.47,69.73,99,0,34.43,101.41,34.00,627.00,null,null,null
2023-08-15T03:35:04Z,22.47,69.77,99,0,37.88,101.40,34.00,627.00,0,0,0
2023-08-15T03:36:04Z,22.45,69.80,99,0,36.56,101.41,33.00,623.00,null,null,null
2023-08-15T03:37:04Z,22.48,69.72,99,0,37.32,101.41,34.00,629.00,null,null,null
2023-08-15T03:38:04Z,22.48,69.74,99,0,38.25,101.41,35.00,634.00,null,null,null
2023-08-15T03:39:04Z,22.45,69.71,99,0,35.61,101.41,35.00,634.00,null,null,null
2023-08-15T03:40:04Z,22.47,69.71,99,0,36.10,101.41,35.00,634.00,0,0,0
2023-08-15T03:41:04Z,22.45,69.76,99,0,38.13,101.41,35.00,634.00,null,null,null
2023-08-15T03:42:04Z,22.44,69.74,99,0,35.01,101.41,36.00,637.00,null,null,null
2023-08-15T03:43:04Z,22.45,69.82,99,0,35.92,101.41,36.00,641.00,null,null,null
2023-08-15T03:44:04Z,22.43,69.77,99,0,35.82,101.41,37.00,643.00,null,null,null
2023-08-15T03:45:04Z,22.44,69.82,99,0,36.67,101.41,38.00,650.00,1,1,1
2023-08-15T03:46:04Z,22.45,69.81,99,0,35.37,101.41,40.00,666.00,null,null,null
2023-08-15T03:47:04Z,22.44,69.80,99,0,37.11,101.42,40.00,666.00,null,null,null
2023-08-15T03:48:04Z,22.48,69.76,99,0,35.62,101.41,40.00,666.00,null,null,null
2023-08-15T03:49:04Z,22.44,69.79,99,0,34.28,101.42,40.00,666.00,null,null,null
2023-08-15T03:50:04Z,22.40,69.81,99,0,34.97,101.42,40.00,666.00,0,0,0
2023-08-15T03:51:04Z,22.43,69.84,99,0,36.28,101.42,40.00,666.00,null,null,null
2023-08-15T03:52:04Z,22.43,69.77,99,0,35.47,101.43,40.00,666.00,null,null,null
2023-08-15T03:53:04Z,22.43,69.76,99,0,37.08,101.43,40.00,666.00,null,null,null
2023-08-15T03:54:04Z,22.41,69.82,99,0,36.36,101.43,39.00,657.00,null,null,null
2023-08-15T03:55:04Z,22.40,69.82,99,0,36.56,101.42,38.00,652.00,2,4,4
2023-08-15T03:56:04Z,22.41,69.79,99,0,37.05,101.43,38.00,652.00,null,null,null
2023-08-15T03:57:04Z,22.44,69.75,99,0,35.28,101.43,38.00,652.00,null,null,null
2023-08-15T03:58:04Z,22.40,69.75,99,0,39.75,101.43,38.00,652.00,null,null,null
2023-08-15T03:59:04Z,22.40,69.75,99,0,46.80,101.43,37.00,649.00,null,null,null
2023-08-15T04:00:04Z,22.38,69.77,99,0,36.70,101.43,37.00,649.00,0,0,0
2023-08-15T04:01:04Z,22.38,69.79,99,0,36.81,101.43,37.00,649.00,null,null,null
2023-08-15T04:02:04Z,22.40,69.76,99,0,37.15,101.43,37.00,649.00,null,null,null
2023-08-15T04:03:04Z,22.40,69.77,99,0,39.45,101.42,37.00,649.00,null,null,null
2023-08-15T04:04:04Z,22.40,69.78,99,0,34.71,101.43,37.00,649.00,null,null,null
2023-08-15T04:05:04Z,22.38,69.73,99,0,35.57,101.43,38.00,652.00,0,0,0
2023-08-15T04:06:04Z,22.40,69.74,99,0,36.20,101.43,39.00,657.00,null,null,null
2023-08-15T04:07:04Z,22.41,69.69,99,0,35.54,101.43,39.00,657.00,null,null,null
2023-08-15T04:08:04Z,22.38,69.72,99,0,36.99,101.43,39.00,657.00,null,null,null
2023-08-15T04:09:04Z,22.36,69.75,99,0,37.46,101.43,39.00,657.00,null,null,null
2023-08-15T04:10:04Z,22.36,69.66,99,0,35.04,101.43,38.00,652.00,0,0,0
2023-08-15T04:11:04Z,22.40,69.77,99,0,34.78,101.43,38.00,653.00,null,null,null
2023-08-15T04:12:04Z,22.37,69.72,99,0,36.39,101.43,38.00,652.00,null,null,null
2023-08-15T04:13:04Z,22.40,69.67,99,0,36.34,101.44,38.00,653.00,null,null,null
2023-08-15T04:14:04Z,22.36,69.67,99,0,36.28,101.44,38.00,653.00,null,null,null
2023-08-15T04:15:04Z,22.36,69.73,99,0,37.78,101.44,37.00,646.00,0,0,0
2023-08-15T04:16:04Z,22.37,69.72,99,0,35.68,101.44,37.00,646.00,null,null,null
2023-08-15T04:17:04Z,22.37,69.66,99,0,36.94,101.44,35.00,634.00,null,null,null
2023-08-15T04:18:04Z,22.36,69.67,99,0,37.28,101.44,36.00,640.00,null,null,null
2023-08-15T04:19:04Z,22.36,69.71,99,0,36.50,101.44,37.00,646.00,null,null,null
2023-08-15T04:20:04Z,22.37,69.72,99,0,36.81,101.44,37.00,646.00,2,2,2
2023-08-15T04:21:04Z,22.34,69.74,99,0,36.52,101.43,37.00,646.00,null,null,null
2023-08-15T04:22:04Z,22.34,69.68,99,0,39.07,101.44,37.00,646.00,null,null,null
2023-08-15T04:23:04Z,22.36,69.67,99,0,36.37,101.44,37.00,646.00,null,null,null
2023-08-15T04:24:04Z,22.36,69.71,99,0,36.12,101.43,37.00,646.00,null,null,null
2023-08-15T04:25:04Z,22.31,69.74,99,0,35.89,101.44,37.00,646.00,1,1,1
2023-08-15T04:26:04Z,22.37,69.82,99,0,36.19,101.44,36.00,640.00,null,null,null
2023-08-15T04:27:04Z,22.34,69.72,99,0,35.77,101.44,36.00,641.00,null,null,null
2023-08-15T04:28:04Z,22.33,69.78,99,0,35.29,101.44,36.00,640.00,null,null,null
2023-08-15T04:29:04Z,22.34,69.81,99,0,36.85,101.44,36.00,641.00,null,null,null
2023-08-15T04:30:04Z,22.29,69.82,99,0,35.92,101.44,35.00,634.00,1,2,2
2023-08-15T04:31:04Z,22.29,69.73,99,0,36.90,101.44,34.00,629.00,null,null,null
2023-08-15T04:32:04Z,22.34,69.78,99,0,36.63,101.44,36.00,640.00,null,null,null
2023-08-15T04:33:04Z,22.34,69.75,99,0,34.44,101.44,35.00,634.00,null,null,null
2023-08-15T04:34:04Z,22.34,69.77,99,0,36.04,101.44,36.00,641.00,null,null,null
2023-08-15T04:35:04Z,22.31,69.80,99,0,36.99,101.44,35.00,634.00,0,0,0
2023-08-15T04:36:04Z,22.33,69.80,99,0,35.52,101.44,34.00,629.00,null,null,null
2023-08-15T04:37:04Z,22.29,69.75,99,0,34.47,101.45,35.00,634.00,null,null,null
2023-08-15T04:38:04Z,22.28,69.78,99,0,33.48,101.45,36.00,641.00,null,null,null
2023-08-15T04:39:04Z,22.31,69.80,99,0,33.77,101.45,36.00,641.00,null,null,null
2023-08-15T04:40:04Z,22.29,69.87,99,0,35.43,101.45,35.00,634.00,0,0,0
2023-08-15T04:41:04Z,22.29,69.75,99,0,33.88,101.45,34.00,629.00,null,null,null
2023-08-15T04:42:04Z,22.31,69.79,99,0,35.73,101.45,35.00,634.00,null,null,null
2023-08-15T04:43:04Z,22.28,69.77,99,0,34.53,101.45,35.00,634.00,null,null,null
2023-08-15T04:44:04Z,22.29,69.82,99,0,32.89,101.45,35.00,634.00,null,null,null
2023-08-15T04:45:04Z,22.27,69.77,99,0,33.47,101.45,35.00,634.00,0,1,1
2023-08-15T04:46:04Z,22.29,69.73,99,0,34.05,101.45,33.00,623.00,null,null,null
2023-08-15T04:47:04Z,22.33,69.82,99,0,37.23,101.45,36.00,640.00,null,null,null
2023-08-15T04:48:04Z,22.29,69.82,99,0,34.77,101.45,35.00,634.00,null,null,null
2023-08-15T04:49:04Z,22.29,69.96,99,0,34.44,101.45,34.00,629.00,null,null,null
2023-08-15T04:50:04Z,22.27,70.13,99,0,29.41,101.46,34.00,629.00,1,1,7
2023-08-15T04:51:04Z,22.28,70.05,99,0,30.29,101.46,34.00,629.00,null,null,null
2023-08-15T04:52:04Z,22.29,70.04,99,0,37.17,101.47,35.00,634.00,null,null,null
2023-08-15T04:53:04Z,22.27,70.04,99,0,35.00,101.47,35.00,634.00,null,null,null
2023-08-15T04:54:04Z,22.25,70.02,99,0,32.25,101.46,35.00,634.00,null,null,null
2023-08-15T04:55:04Z,22.27,70.07,99,0,33.19,101.47,35.00,634.00,2,2,2
2023-08-15T04:56:04Z,22.27,69.97,99,0,33.77,101.47,34.00,629.00,null,null,null
2023-08-15T04:57:04Z,22.28,69.96,99,0,33.21,101.47,35.00,634.00,null,null,null
2023-08-15T04:58:04Z,22.29,69.95,99,0,34.25,101.48,35.00,634.00,null,null,null
2023-08-15T04:59:04Z,22.25,69.88,99,0,34.04,101.48,35.00,634.00,null,null,null
2023-08-15T05:00:04Z,22.27,69.90,99,0,33.72,101.47,35.00,634.00,2,2,2
2023-08-15T05:01:04Z,22.25,69.91,99,0,35.69,101.48,34.00,629.00,null,null,null
2023-08-15T05:02:04Z,22.28,69.83,99,0,35.01,101.48,35.00,634.00,null,null,null
2023-08-15T05:03:04Z,22.27,69.82,99,0,35.60,101.48,35.00,634.00,null,null,null
2023-08-15T05:04:04Z,22.25,69.82,99,0,33.35,101.48,34.00,629.00,null,null,null
2023-08-15T05:05:04Z,22.25,69.84,99,0,33.43,101.48,34.00,629.00,1,1,1
2023-08-15T05:06:04Z,22.25,69.82,99,0,35.32,101.49,33.00,623.00,null,null,null
2023-08-15T05:07:04Z,22.25,69.80,99,0,36.38,101.49,35.00,634.00,null,null,null
2023-08-15T05:08:04Z,22.24,69.76,99,0,36.41,101.49,34.00,629.00,null,null,null
2023-08-15T05:09:04Z,22.24,69.78,99,0,31.60,101.49,34.00,626.00,null,null,null
2023-08-15T05:10:04Z,22.24,69.84,99,0,33.90,101.49,35.00,631.00,0,0,0
2023-08-15T05:11:04Z,22.24,69.77,99,0,34.17,101.50,35.00,631.00,null,null,null
2023-08-15T05:12:04Z,22.25,69.80,99,0,33.07,101.50,36.00,640.00,null,null,null
2023-08-15T05:13:04Z,22.25,69.74,99,0,38.74,101.50,36.00,641.00,null,null,null
2023-08-15T05:14:04Z,22.24,69.73,99,0,33.58,101.49,37.00,646.00,null,null,null
2023-08-15T05:15:04Z,22.21,69.74,99,0,35.04,101.49,36.00,637.00,0,0,0
2023-08-15T05:16:04Z,22.23,69.78,99,0,34.21,101.49,36.00,637.00,null,null,null
2023-08-15T05:17:04Z,22.24,69.67,99,0,31.96,101.49,35.00,631.00,null,null,null
2023-08-15T05:18:04Z,22.23,69.64,99,0,39.10,101.49,37.00,645.00,null,null,null
2023-08-15T05:19:04Z,22.21,69.66,99,0,34.04,101.49,36.00,637.00,null,null,null
2023-08-15T05:20:04Z,22.24,69.61,99,0,33.79,101.50,36.00,637.00,0,0,0
2023-08-15T05:21:04Z,22.23,69.57,99,0,38.28,101.50,36.00,637.00,null,null,null
2023-08-15T05:22:04Z,22.23,69.57,99,0,34.72,101.50,36.00,637.00,null,null,null
2023-08-15T05:23:04Z,22.23,69.59,99,0,32.21,101.51,36.00,637.00,null,null,null
2023-08-15T05:24:04Z,22.21,69.59,99,0,32.45,101.50,36.00,637.00,null,null,null
2023-08-15T05:25:04Z,22.20,69.60,99,0,34.14,101.51,36.00,637.00,1,1,1
2023-08-15T05:26:04Z,22.21,69.58,99,0,31.45,101.51,34.00,626.00,null,null,null
2023-08-15T05:27:04Z,22.20,69.51,99,0,33.70,101.51,36.00,637.00,null,null,null
2023-08-15T05:28:04Z,22.20,69.57,99,0,32.83,101.51,36.00,637.00,null,null,null
2023-08-15T05:29:04Z,22.21,69.55,99,0,37.03,101.51,35.00,631.00,null,null,null
2023-08-15T05:30:04Z,22.18,69.59,99,0,35.86,101.52,36.00,637.00,0,0,0
2023-08-15T05:31:04Z,22.20,69.61,99,0,31.95,101.51,34.00,626.00,null,null,null
2023-08-15T05:32:04Z,22.21,69.59,99,0,36.09,101.52,35.00,631.00,null,null,null
2023-08-15T05:33:04Z,22.20,69.53,99,0,35.69,101.52,35.00,631.00,null,null,null
2023-08-15T05:34:04Z,22.18,69.62,99,0,35.03,101.52,35.00,631.00,null,null,null
2023-08-15T05:35:04Z,22.18,69.63,99,0,33.52,101.52,34.00,626.00,2,2,2
2023-08-15T05:36:04Z,22.20,69.52,99,0,35.90,101.52,33.00,618.00,null,null,null
2023-08-15T05:37:04Z,22.21,69.53,99,0,35.48,101.52,35.00,631.00,null,null,null
2023-08-15T05:38:04Z,22.21,69.53,99,0,39.96,101.53,34.00,626.00,null,null,null
2023-08-15T05:39:04Z,22.17,69.52,99,0,36.81,101.53,34.00,626.00,null,null,null
2023-08-15T05:40:04Z,22.18,69.57,99,0,37.44,101.53,34.00,626.00,0,0,0
2023-08-15T05:41:04Z,22.20,69.55,99,0,32.77,101.54,33.00,618.00,null,null,null
2023-08-15T05:42:04Z,22.20,69.55,99,0,31.52,101.54,34.00,626.00,null,null,null
2023-08-15T05:43:04Z,22.18,69.52,99,0,38.13,101.54,34.00,626.00,null,null,null
2023-08-15T05:44:04Z,22.17,69.46,99,0,31.63,101.55,34.00,626.00,null,null,null
2023-08-15T05:45:04Z,22.17,69.42,99,0,34.42,101.56,33.00,618.00,0,0,0
2023-08-15T05:46:04Z,22.18,69.41,99,0,37.63,101.56,32.00,612.00,null,null,null
2023-08-15T05:47:04Z,22.20,69.46,99,0,36.15,101.56,33.00,618.00,null,null,null
2023-08-15T05:48:04Z,22.18,69.42,99,0,34.86,101.57,33.00,618.00,null,null,null
2023-08-15T05:49:04Z,22.18,69.47,99,0,33.15,101.57,32.00,612.00,null,null,null
2023-08-15T05:50:04Z,22.17,69.55,99,0,30.54,101.56,33.00,618.00,0,0,0
2023-08-15T05:51:04Z,22.20,69.54,99,0,31.70,101.56,32.00,612.00,null,null,null
2023-08-15T05:52:04Z,22.20,69.43,99,0,36.37,101.56,33.00,618.00,null,null,null
2023-08-15T05:53:04Z,22.18,69.49,99,0,35.30,101.56,32.00,612.00,null,null,null
2023-08-15T05:54:04Z,22.17,69.49,99,0,33.07,101.56,33.00,618.00,null,null,null
2023-08-15T05:55:04Z,22.17,69.49,99,0,33.96,101.56,32.00,612.00,1,1,1
2023-08-15T05:56:04Z,22.18,69.45,99,0,36.37,101.56,30.00,603.00,null,null,null
2023-08-15T05:57:04Z,22.17,69.45,99,0,37.57,101.56,32.00,612.00,null,null,null
2023-08-15T05:58:04Z,22.17,69.48,99,0,33.67,101.56,32.00,612.00,null,null,null
2023-08-15T05:59:04Z,22.16,69.39,99,0,34.91,101.57,30.00,603.00,null,null,null
2023-08-15T06:00:04Z,22.14,69.48,99,0,35.07,101.58,30.00,603.00,1,1,1
2023-08-15T06:01:04Z,22.14,69.52,99,0,32.96,101.58,30.00,600.00,null,null,null
2023-08-15T06:02:04Z,22.18,69.54,99,0,32.42,101.59,30.00,603.00,null,null,null
2023-08-15T06:03:04Z,22.18,69.54,99,0,33.34,101.59,30.00,603.00,null,null,null
2023-08-15T06:04:04Z,22.16,69.56,99,0,35.05,101.59,30.00,603.00,null,null,null
2023-08-15T06:05:04Z,22.17,69.51,99,0,33.17,101.60,30.00,603.00,1,1,1
2023-08-15T06:06:04Z,22.17,69.58,99,0,33.13,101.60,30.00,600.00,null,null,null
2023-08-15T06:07:04Z,22.18,69.50,99,0,32.53,101.60,32.00,612.00,null,null,null
2023-08-15T06:08:04Z,22.17,69.49,99,0,33.27,101.60,30.00,603.00,null,null,null
2023-08-15T06:09:04Z,22.18,69.54,99,0,35.19,101.60,30.00,603.00,null,null,null
2023-08-15T06:10:04Z,22.16,69.55,99,0,37.87,101.61,30.00,603.00,2,3,3
2023-08-15T06:11:04Z,22.14,69.64,99,0,38.06,101.60,30.00,600.00,null,null,null
2023-08-15T06:12:04Z,22.18,69.59,99,0,33.48,101.60,32.00,612.00,null,null,null
2023-08-15T06:13:04Z,22.17,69.57,99,0,35.51,101.61,32.00,612.00,null,null,null
2023-08-15T06:14:04Z,22.16,69.58,99,0,30.89,101.61,32.00,612.00,null,null,null
2023-08-15T06:15:04Z,22.16,69.65,99,0,34.60,101.61,32.00,612.00,0,0,0
2023-08-15T06:16:04Z,22.17,69.64,99,0,35.11,101.62,30.00,600.00,null,null,null
2023-08-15T06:17:04Z,22.17,69.56,99,0,33.35,101.62,32.00,612.00,null,null,null
2023-08-15T06:18:04Z,22.18,69.59,99,0,36.76,101.62,32.00,612.00,null,null,null
2023-08-15T06:19:04Z,22.16,69.60,99,0,42.25,101.62,32.00,612.00,null,null,null
2023-08-15T06:20:04Z,22.17,69.56,99,0,35.80,101.62,32.00,612.00,0,0,0
2023-08-15T06:21:04Z,22.20,69.58,99,0,36.28,101.62,30.00,600.00,null,null,null
2023-08-15T06:22:04Z,22.16,69.59,99,0,31.86,101.62,32.00,612.00,null,null,null
2023-08-15T06:23:04Z,22.17,69.58,99,0,36.95,101.62,32.00,612.00,null,null,null
2023-08-15T06:24:04Z,22.17,69.58,99,0,36.42,101.62,30.00,603.00,null,null,null
2023-08-15T06:25:04Z,22.16,69.55,99,0,31.61,101.62,32.00,612.00,2,2,2
2023-08-15T06:26:04Z,22.16,69.63,99,0,33.93,101.62,30.00,600.00,null,null,null
2023-08-15T06:27:04Z,22.17,69.52,99,0,31.99,101.62,32.00,612.00,null,null,null
2023-08-15T06:28:04Z,22.17,69.46,99,0,33.51,101.62,32.00,612.00,null,null,null
2023-08-15T06:29:04Z,22.14,69.49,99,0,33.14,101.62,32.00,612.00,null,null,null
2023-08-15T06:30:04Z,22.16,69.47,99,0,37.97,101.62,30.00,603.00,0,0,0
2023-08-15T06:31:04Z,22.16,69.47,99,0,33.12,101.62,30.00,600.00,null,null,null
2023-08-15T06:32:04Z,22.17,69.36,99,0,35.54,101.62,30.00,603.00,null,null,null
2023-08-15T06:33:04Z,22.17,69.44,99,0,33.81,101.62,30.00,600.00,null,null,null
2023-08-15T06:34:04Z,22.16,69.45,99,0,38.58,101.62,30.00,600.00,null,null,null
2023-08-15T06:35:04Z,22.17,69.51,99,0,32.04,101.63,30.00,603.00,0,0,0
2023-08-15T06:36:04Z,22.17,69.42,99,0,36.25,101.63,29.00,596.00,null,null,null
2023-08-15T06:37:04Z,22.14,69.34,99,0,36.71,101.63,30.00,600.00,null,null,null
2023-08-15T06:38:04Z,22.16,69.36,99,0,37.78,101.62,30.00,600.00,null,null,null
2023-08-15T06:39:04Z,22.16,69.38,99,0,34.55,101.62,30.00,600.00,null,null,null
2023-08-15T06:40:04Z,22.14,69.42,99,0,37.91,101.62,30.00,600.00,3,3,3
2023-08-15T06:41:04Z,22.16,69.44,99,0,37.54,101.62,29.00,596.00,null,null,null
2023-08-15T06:42:04Z,22.18,69.43,99,0,37.52,101.62,30.00,600.00,null,null,null
2023-08-15T06:43:04Z,22.17,69.42,99,0,32.69,101.62,30.00,600.00,null,null,null
2023-08-15T06:44:04Z,22.16,69.48,99,0,32.05,101.62,30.00,603.00,null,null,null
2023-08-15T06:45:04Z,22.14,69.48,99,0,33.58,101.62,30.00,600.00,2,2,2
2023-08-15T06:46:04Z,22.20,69.44,99,0,35.04,101.62,29.00,596.00,null,null,null
2023-08-15T06:47:04Z,22.18,69.44,99,0,34.22,101.62,30.00,600.00,null,null,null
2023-08-15T06:48:04Z,22.16,69.43,99,0,39.40,101.63,30.00,603.00,null,null,null
2023-08-15T06:49:04Z,22.17,69.42,99,0,33.89,101.63,30.00,600.00,null,null,null
2023-08-15T06:50:04Z,22.17,69.49,99,0,34.12,101.63,30.00,600.00,0,0,0
2023-08-15T06:51:04Z,22.18,69.50,99,0,35.94,101.63,30.00,600.00,null,null,null
2023-08-15T06:52:04Z,22.18,69.36,99,0,33.50,101.62,30.00,600.00,null,null,null
2023-08-15T06:53:04Z,22.16,69.35,99,0,35.03,101.63,30.00,600.00,null,null,null
2023-08-15T06:54:04Z,22.18,69.41,99,0,39.89,101.63,29.00,596.00,null,null,null
2023-08-15T06:55:04Z,22.17,69.47,99,0,32.38,101.63,29.00,596.00,2,2,2
2023-08-15T06:56:04Z,22.17,69.48,99,0,34.30,101.63,28.00,589.00,null,null,null
2023-08-15T06:57:04Z,22.18,69.45,99,0,35.56,101.63,29.00,596.00,null,null,null
2023-08-15T06:58:04Z,22.18,69.51,99,0,34.14,101.64,30.00,600.00,null,null,null
2023-08-15T06:59:04Z,22.20,69.44,99,0,32.42,101.64,30.00,600.00,null,null,null
2023-08-15T07:00:04Z,22.18,69.40,99,0,35.28,101.63,30.00,600.00,0,1,1
2023-08-15T07:01:04Z,22.18,69.36,99,0,32.43,101.64,28.00,589.00,null,null,null
2023-08-15T07:02:04Z,22.20,69.38,99,0,37.34,101.64,29.00,596.00,null,null,null
2023-08-15T07:03:04Z,22.18,69.26,99,0,34.53,101.65,29.00,596.00,null,null,null
2023-08-15T07:04:04Z,22.17,69.21,99,0,38.99,101.64,29.00,596.00,null,null,null
2023-08-15T07:05:04Z,22.16,69.30,99,0,36.28,101.64,29.00,594.00,0,0,0
2023-08-15T07:06:04Z,22.18,69.32,99,0,34.04,101.65,27.00,581.00,null,null,null
2023-08-15T07:07:04Z,22.20,69.31,99,0,32.50,101.65,28.00,589.00,null,null,null
2023-08-15T07:08:04Z,22.16,69.39,99,0,35.43,101.65,27.00,581.00,null,null,null
2023-08-15T07:09:04Z,22.18,69.39,99,0,31.22,101.64,28.00,589.00,null,null,null
2023-08-15T07:10:04Z,22.18,69.43,99,0,32.38,101.65,28.00,589.00,1,1,1
2023-08-15T07:11:04Z,22.18,69.42,99,0,35.12,101.65,27.00,581.00,null,null,null
2023-08-15T07:12:04Z,22.20,69.39,99,0,35.05,101.65,28.00,589.00,null,null,null
2023-08-15T07:13:04Z,22.21,69.40,99,0,33.11,101.65,28.00,589.00,null,null,null
2023-08-15T07:14:04Z,22.20,69.21,99,0,32.58,101.65,27.00,581.00,null,null,null
2023-08-15T07:15:04Z,22.20,69.37,99,0,32.27,101.65,28.00,588.00,1,1,1
2023-08-15T07:16:04Z,22.20,69.33,99,0,35.54,101.66,27.00,581.00,null,null,null
2023-08-15T07:17:04Z,22.21,69.47,99,0,33.94,101.65,28.00,589.00,null,null,null
2023-08-15T07:18:04Z,22.18,69.52,99,0,38.91,101.65,27.00,581.00,null,null,null
2023-08-15T07:19:04Z,22.21,69.45,99,0,39.39,101.66,28.00,589.00,null,null,null
2023-08-15T07:20:04Z,22.20,69.59,99,0,34.81,101.66,28.00,589.00,0,0,0
2023-08-15T07:21:04Z,22.23,69.49,99,0,37.77,101.65,27.00,581.00,null,null,null
2023-08-15T07:22:04Z,22.21,69.36,99,0,33.40,101.65,28.00,589.00,null,null,null
2023-08-15T07:23:04Z,22.18,69.47,99,0,36.17,101.65,28.00,589.00,null,null,null
2023-08-15T07:24:04Z,22.20,69.28,99,0,37.87,101.65,28.00,589.00,null,null,null
2023-08-15T07:25:04Z,22.21,69.48,99,0,32.23,101.65,28.00,589.00,1,1,1
2023-08-15T07:26:04Z,22.21,69.46,99,0,30.89,101.64,26.00,577.00,null,null,null
2023-08-15T07:27:04Z,22.23,69.47,99,0,35.55,101.65,28.00,589.00,null,null,null
2023-08-15T07:28:04Z,22.23,69.42,99,0,34.81,101.66,28.00,589.00,null,null,null
2023-08-15T07:29:04Z,22.23,69.49,99,0,37.94,101.65,27.00,581.00,null,null,null
2023-08-15T07:30:04Z,22.20,69.52,99,0,35.77,101.65,27.00,581.00,1,1,1
2023-08-15T07:31:04Z,22.24,69.46,99,0,33.14,101.65,27.00,581.00,null,null,null
2023-08-15T07:32:04Z,22.24,69.50,99,0,35.92,101.65,28.00,589.00,null,null,null
2023-08-15T07:33:04Z,22.23,69.41,99,0,33.32,101.65,28.00,589.00,null,null,null
2023-08-15T07:34:04Z,22.23,69.46,99,0,33.11,101.65,28.00,589.00,null,null,null
2023-08-15T07:35:04Z,22.21,69.49,99,0,36.52,101.65,28.00,589.00,1,3,3
2023-08-15T07:36:04Z,22.23,69.50,99,0,33.54,101.66,26.00,577.00,null,null,null
2023-08-15T07:37:04Z,22.24,69.42,99,0,45.38,101.66,28.00,589.00,null,null,null
2023-08-15T07:38:04Z,22.23,69.43,99,0,34.78,101.66,27.00,581.00,null,null,null
2023-08-15T07:39:04Z,22.23,69.44,99,0,34.23,101.65,27.00,581.00,null,null,null
2023-08-15T07:40:04Z,22.23,69.53,99,0,31.59,101.66,27.00,581.00,0,0,0
2023-08-15T07:41:04Z,22.23,69.57,99,0,34.39,101.65,27.00,581.00,null,null,null
2023-08-15T07:42:04Z,22.25,69.56,99,0,35.40,101.66,29.00,596.00,null,null,null
2023-08-15T07:43:04Z,22.25,69.53,99,0,35.12,101.66,30.00,603.00,null,null,null
2023-08-15T07:44:04Z,22.25,69.58,99,0,32.98,101.66,31.00,607.00,null,null,null
2023-08-15T07:45:04Z,22.21,69.61,99,0,36.03,101.66,31.00,607.00,0,0,0
2023-08-15T07:46:04Z,22.24,69.67,99,0,35.30,101.66,30.00,600.00,null,null,null
2023-08-15T07:47:04Z,22.28,69.68,99,0,39.65,101.66,35.00,631.00,null,null,null
2023-08-15T07:48:04Z,22.25,69.66,99,0,34.64,101.66,39.00,657.00,null,null,null
2023-08-15T07:49:04Z,22.25,69.68,99,0,33.88,101.66,39.00,657.00,null,null,null
2023-08-15T07:50:04Z,22.24,69.71,99,0,34.04,101.66,40.00,665.00,1,1,1
2023-08-15T07:51:04Z,22.25,69.70,99,0,36.93,101.66,39.00,657.00,null,null,null
2023-08-15T07:52:04Z,22.25,69.72,99,0,34.98,101.66,42.00,679.00,null,null,null
2023-08-15T07:53:04Z,22.27,69.66,99,0,33.95,101.66,42.00,679.00,null,null,null
2023-08-15T07:54:04Z,22.25,69.61,99,0,35.22,101.66,41.00,672.00,null,null,null
2023-08-15T07:55:04Z,22.25,69.64,99,0,37.97,101.66,41.00,672.00,1,1,1
2023-08-15T07:56:04Z,22.28,69.66,99,0,34.56,101.67,39.00,657.00,null,null,null
2023-08-15T07:57:04Z,22.29,69.85,99,0,41.00,101.67,40.00,665.00,null,null,null
2023-08-15T07:58:04Z,22.31,69.79,99,0,34.22,101.67,47.00,712.00,null,null,null
2023-08-15T07:59:04Z,22.29,69.64,99,0,35.31,101.67,48.00,719.00,null,null,null
2023-08-15T08:00:04Z,22.28,69.55,99,0,46.69,101.66,50.00,730.00,0,0,0
2023-08-15T08:01:04Z,22.28,69.62,99,0,39.32,101.66,46.00,706.00,null,null,null
2023-08-15T08:02:04Z,22.29,69.54,99,0,37.26,101.66,46.00,706.00,null,null,null
2023-08-15T08:03:04Z,22.31,69.56,99,0,34.94,101.67,46.00,702.00,null,null,null
2023-08-15T08:04:04Z,22.33,69.56,99,0,38.86,101.67,46.00,702.00,null,null,null
2023-08-15T08:05:04Z,22.29,69.58,99,0,39.69,101.67,44.00,694.00,0,0,0
2023-08-15T08:06:04Z,22.29,69.58,99,0,37.44,101.67,42.00,679.00,null,null,null
2023-08-15T08:07:04Z,22.29,69.52,99,0,35.71,101.67,42.00,679.00,null,null,null
2023-08-15T08:08:04Z,22.31,69.54,99,0,32.95,101.67,42.00,679.00,null,null,null
2023-08-15T08:09:04Z,22.31,69.57,99,0,35.11,101.66,41.00,672.00,null,null,null
2023-08-15T08:10:04Z,22.31,69.56,99,0,32.03,101.67,40.00,665.00,0,0,0
2023-08-15T08:11:04Z,22.31,69.47,99,0,38.39,101.67,39.00,657.00,null,null,null
2023-08-15T08:12:04Z,22.36,69.44,99,0,36.66,101.67,40.00,665.00,null,null,null
2023-08-15T08:13:04Z,22.33,69.40,99,0,39.37,101.67,39.00,657.00,null,null,null
2023-08-15T08:14:04Z,22.33,69.42,99,0,36.93,101.66,39.00,657.00,null,null,null
2023-08-15T08:15:04Z,22.31,69.51,99,0,40.92,101.67,38.00,653.00,0,0,0
2023-08-15T08:16:04Z,22.34,69.82,99,0,41.21,101.67,36.00,640.00,null,null,null
2023-08-15T08:17:04Z,22.36,69.59,99,0,34.88,101.67,37.00,649.00,null,null,null
2023-08-15T08:18:04Z,22.36,69.67,99,0,47.28,101.67,38.00,653.00,null,null,null
2023-08-15T08:19:04Z,22.34,69.60,99,0,38.77,101.67,38.00,653.00,null,null,null
2023-08-15T08:20:04Z,22.36,69.58,99,0,38.46,101.67,38.00,653.00,0,0,0
2023-08-15T08:21:04Z,22.37,69.54,99,0,37.76,101.67,37.00,646.00,null,null,null
2023-08-15T08:22:04Z,22.37,69.51,99,0,34.97,101.67,37.00,646.00,null,null,null
2023-08-15T08:23:04Z,22.38,69.43,99,0,36.02,101.67,37.00,646.00,null,null,null
2023-08-15T08:24:04Z,22.38,69.48,99,0,38.30,101.67,36.00,640.00,null,null,null
2023-08-15T08:25:04Z,22.36,69.53,99,0,44.36,101.67,36.00,640.00,2,2,2
2023-08-15T08:26:04Z,22.37,69.52,99,0,36.25,101.67,35.00,634.00,null,null,null
2023-08-15T08:27:04Z,22.40,69.51,99,0,33.63,101.67,36.00,640.00,null,null,null
2023-08-15T08:28:04Z,22.37,69.53,99,0,32.29,101.67,35.00,634.00,null,null,null
2023-08-15T08:29:04Z,22.38,69.80,99,0,36.68,101.67,35.00,634.00,null,null,null
2023-08-15T08:30:04Z,22.38,70.48,99,0,42.79,101.67,33.00,623.00,15,25,25
2023-08-15T08:31:04Z,22.38,70.63,99,0,45.59,101.67,32.00,612.00,null,null,null
2023-08-15T08:32:04Z,22.41,70.47,99,0,46.19,101.67,33.00,617.00,null,null,null
2023-08-15T08:33:04Z,22.40,70.64,99,0,39.75,101.67,33.00,617.00,null,null,null
2023-08-15T08:34:04Z,22.40,70.54,99,0,38.88,101.67,33.00,617.00,null,null,null
2023-08-15T08:35:04Z,22.41,70.63,99,0,45.01,101.66,33.00,617.00,6,10,10
2023-08-15T08:36:04Z,22.41,70.73,99,0,46.42,101.67,32.00,612.00,null,null,null
2023-08-15T08:37:04Z,22.45,70.47,99,0,44.43,101.67,33.00,617.00,null,null,null
2023-08-15T08:38:04Z,22.43,70.60,99,0,42.33,101.67,32.00,612.00,null,null,null
2023-08-15T08:39:04Z,22.44,70.50,99,0,46.15,101.67,33.00,617.00,null,null,null
2023-08-15T08:40:04Z,22.44,70.58,99,0,40.99,101.67,32.00,612.00,10,11,11
2023-08-15T08:41:04Z,22.44,70.42,99,0,45.54,101.67,30.00,602.00,null,null,null
2023-08-15T08:42:04Z,22.47,70.36,99,0,43.08,101.67,32.00,612.00,null,null,null
2023-08-15T08:43:04Z,22.45,70.31,99,0,44.51,101.67,32.00,612.00,null,null,null
2023-08-15T08:44:04Z,22.44,70.29,99,0,42.86,101.67,30.00,602.00,null,null,null
2023-08-15T08:45:04Z,22.43,70.22,99,0,43.29,101.67,30.00,602.00,8,9,9
2023-08-15T08:46:04Z,22.45,70.08,99,0,45.29,101.68,30.00,602.00,null,null,null
2023-08-15T08:47:04Z,22.47,70.11,99,0,43.81,101.68,30.00,602.00,null,null,null
2023-08-15T08:48:04Z,22.45,70.02,99,0,46.30,101.68,30.00,602.00,null,null,null
2023-08-15T08:49:04Z,22.45,70.01,99,0,44.99,101.68,30.00,602.00,null,null,null
2023-08-15T08:50:04Z,22.44,69.87,99,0,42.64,101.68,30.00,599.00,5,9,9
2023-08-15T08:51:04Z,22.45,69.84,99,0,47.37,101.68,28.00,588.00,null,null,null
2023-08-15T08:52:04Z,22.47,69.67,99,0,45.27,101.68,28.00,588.00,null,null,null
2023-08-15T08:53:04Z,22.45,69.63,99,0,42.28,101.68,29.00,592.00,null,null,null
2023-08-15T08:54:04Z,22.45,69.61,99,0,43.50,101.67,28.00,584.00,null,null,null
2023-08-15T08:55:04Z,22.45,69.66,99,0,44.79,101.67,28.00,584.00,5,10,10
2023-08-15T08:56:04Z,22.47,69.59,99,0,44.21,101.68,26.00,574.00,null,null,null
2023-08-15T08:57:04Z,22.49,69.60,99,0,40.97,101.67,26.00,574.00,null,null,null
2023-08-15T08:58:04Z,22.45,69.51,99,0,44.53,101.67,26.00,574.00,null,null,null
2023-08-15T08:59:04Z,22.45,69.56,99,0,49.89,101.67,26.00,574.00,null,null,null
2023-08-15T09:00:04Z,22.45,69.57,99,0,46.04,101.67,25.00,567.00,2,2,2
2023-08-15T09:01:04Z,22.48,69.58,99,0,42.06,101.67,24.00,561.00,null,null,null
2023-08-15T09:02:04Z,22.49,69.66,99,0,52.32,101.67,25.00,567.00,null,null,null
2023-08-15T09:03:04Z,22.48,69.69,99,0,47.21,101.67,24.00,561.00,null,null,null
2023-08-15T09:04:04Z,22.48,69.73,99,0,44.74,101.67,25.00,567.00,null,null,null
2023-08-15T09:05:04Z,22.49,69.77,99,0,37.61,101.67,25.00,567.00,3,5,5
2023-08-15T09:06:04Z,22.52,69.63,99,0,35.58,101.67,24.00,564.00,null,null,null
2023-08-15T09:07:04Z,22.54,69.56,99,0,36.66,101.66,25.00,567.00,null,null,null
2023-08-15T09:08:04Z,22.55,69.54,99,0,36.08,101.67,25.00,567.00,null,null,null
2023-08-15T09:09:04Z,22.54,69.54,99,0,34.41,101.67,25.00,567.00,null,null,null
2023-08-15T09:10:04Z,22.49,69.49,99,0,34.69,101.67,25.00,567.00,2,3,3
2023-08-15T09:11:04Z,22.51,69.38,99,0,39.32,101.68,23.00,553.00,null,null,null
2023-08-15T09:12:04Z,22.52,69.25,99,0,33.83,101.67,24.00,561.00,null,null,null
2023-08-15T09:13:04Z,22.57,69.29,99,0,32.35,101.68,23.00,553.00,null,null,null
2023-08-15T09:14:04Z,22.52,69.19,99,0,34.40,101.68,23.00,553.00,null,null,null
2023-08-15T09:15:04Z,22.52,69.22,99,0,37.06,101.68,24.00,560.00,2,2,2
2023-08-15T09:16:04Z,22.54,69.14,99,0,34.08,101.68,22.00,545.00,null,null,null
2023-08-15T09:17:04Z,22.51,69.07,99,0,35.63,101.68,23.00,551.00,null,null,null
2023-08-15T09:18:04Z,22.51,69.04,99,0,35.66,101.68,23.00,551.00,null,null,null
2023-08-15T09:19:04Z,22.52,69.06,99,0,36.31,101.68,22.00,545.00,null,null,null
2023-08-15T09:20:04Z,22.48,69.02,99,0,35.01,101.68,21.00,539.00,1,6,6
2023-08-15T09:21:04Z,22.49,68.98,99,0,34.92,101.68,20.00,534.00,null,null,null
2023-08-15T09:22:04Z,22.52,68.88,99,0,39.32,101.68,20.00,534.00,null,null,null
2023-08-15T09:23:04Z,22.52,68.81,99,0,45.29,101.68,20.00,534.00,null,null,null
2023-08-15T09:24:04Z,22.52,68.74,99,0,35.13,101.68,19.00,531.00,null,null,null
2023-08-15T09:25:04Z,22.51,68.79,99,0,36.84,101.68,20.00,536.00,3,5,5
2023-08-15T09:26:04Z,22.48,68.82,99,0,39.28,101.68,18.00,520.00,null,null,null
2023-08-15T09:27:04Z,22.49,68.72,99,0,39.18,101.68,19.00,526.00,null,null,null
2023-08-15T09:28:04Z,22.49,68.86,99,0,36.40,101.68,19.00,526.00,null,null,null
2023-08-15T09:29:04Z,22.49,68.93,99,0,34.19,101.68,18.00,520.00,null,null,null
2023-08-15T09:30:04Z,22.49,68.93,99,0,35.90,101.68,18.00,520.00,0,0,0
2023-08-15T09:31:04Z,22.49,69.01,99,0,35.04,101.68,17.00,515.00,null,null,null
2023-08-15T09:32:04Z,22.54,69.04,99,0,33.97,101.68,18.00,520.00,null,null,null
2023-08-15T09:33:04Z,22.51,69.06,99,0,35.48,101.68,18.00,520.00,null,null,null
2023-08-15T09:34:04Z,22.52,68.99,99,0,39.80,101.68,18.00,520.00,null,null,null
2023-08-15T09:35:04Z,22.49,68.98,99,0,36.88,101.68,18.00,520.00,3,3,3
2023-08-15T09:36:04Z,22.51,68.97,99,0,37.72,101.68,15.00,505.00,null,null,null
2023-08-15T09:37:04Z,22.55,68.86,99,0,35.32,101.69,17.00,515.00,null,null,null
2023-08-15T09:38:04Z,22.52,68.80,99,0,35.07,101.68,17.00,515.00,null,null,null
2023-08-15T09:39:04Z,22.54,68.75,99,0,33.51,101.69,17.00,515.00,null,null,null
2023-08-15T09:40:04Z,22.51,68.75,99,0,32.75,101.68,15.00,501.00,3,3,3
2023-08-15T09:41:04Z,22.52,68.63,99,0,32.66,101.68,15.00,501.00,null,null,null
2023-08-15T09:42:04Z,22.49,68.68,99,0,36.12,101.69,17.00,514.00,null,null,null
2023-08-15T09:43:04Z,22.52,68.61,99,0,35.13,101.68,15.00,505.00,null,null,null
2023-08-15T09:44:04Z,22.52,68.58,99,0,37.41,101.68,15.00,502.00,null,null,null
2023-08-15T09:45:04Z,22.52,68.51,99,0,32.60,101.69,14.00,495.00,1,1,1
2023-08-15T09:46:04Z,22.51,68.48,99,0,39.42,101.69,14.00,492.00,null,null,null
2023-08-15T09:47:04Z,22.54,68.44,99,0,36.52,101.69,14.00,495.00,null,null,null
2023-08-15T09:48:04Z,22.52,68.44,99,0,36.66,101.69,14.00,495.00,null,null,null
2023-08-15T09:49:04Z,22.51,68.38,99,0,35.54,101.69,13.00,487.00,null,null,null
2023-08-15T09:50:04Z,22.49,68.42,99,0,35.08,101.69,13.00,487.00,2,2,2
2023-08-15T09:51:04Z,22.51,68.40,99,0,35.61,101.69,13.00,487.00,null,null,null
2023-08-15T09:52:04Z,22.52,68.32,99,0,32.82,101.68,13.00,487.00,null,null,null
2023-08-15T09:53:04Z,22.51,68.30,99,0,35.78,101.69,13.00,487.00,null,null,null
2023-08-15T09:54:04Z,22.51,68.26,99,0,32.87,101.69,13.00,487.00,null,null,null
2023-08-15T09:55:04Z,22.54,68.23,99,0,34.53,101.70,12.00,483.00,0,0,0
2023-08-15T09:56:04Z,22.55,68.18,99,0,34.37,101.69,11.00,477.00,null,null,null
2023-08-15T09:57:04Z,22.54,68.14,99,0,36.30,101.69,13.00,487.00,null,null,null
2023-08-15T09:58:04Z,22.52,68.15,99,0,34.81,101.69,12.00,482.00,null,null,null
2023-08-15T09:59:04Z,22.52,68.17,99,0,35.16,101.69,12.00,482.00,null,null,null
2023-08-15T10:00:04Z,22.54,68.16,99,0,38.07,101.70,12.00,482.00,3,3,3
2023-08-15T10:01:04Z,22.54,68.14,99,0,36.50,101.70,11.00,475.00,null,null,null
2023-08-15T10:02:04Z,22.55,68.02,99,0,39.21,101.69,12.00,482.00,null,null,null
2023-08-15T10:03:04Z,22.54,68.00,99,0,32.19,101.69,11.00,475.00,null,null,null
2023-08-15T10:04:04Z,22.52,67.98,99,0,35.55,101.69,11.00,477.00,null,null,null
2023-08-15T10:05:04Z,22.52,68.00,99,0,35.37,101.69,11.00,475.00,1,1,1
2023-08-15T10:06:04Z,22.55,67.98,99,0,37.09,101.70,12.00,481.00,null,null,null
2023-08-15T10:07:04Z,22.52,67.96,99,0,35.31,101.69,12.00,481.00,null,null,null
2023-08-15T10:08:04Z,22.55,67.90,99,0,35.48,101.69,13.00,491.00,null,null,null
2023-08-15T10:09:04Z,22.54,67.88,99,0,35.37,101.69,12.00,481.00,null,null,null
2023-08-15T10:10:04Z,22.52,67.93,99,0,32.31,101.69,12.00,485.00,2,3,3
2023-08-15T10:11:04Z,22.55,67.86,99,0,42.89,101.69,12.00,481.00,null,null,null
2023-08-15T10:12:04Z,22.55,67.82,99,0,36.57,101.68,12.00,481.00,null,null,null
2023-08-15T10:13:04Z,22.54,67.82,99,0,35.19,101.69,12.00,481.00,null,null,null
2023-08-15T10:14:04Z,22.57,67.80,99,0,38.00,101.69,12.00,481.00,null,null,null
2023-08-15T10:15:04Z,22.52,67.81,99,0,34.07,101.69,11.00,475.00,3,3,3
2023-08-15T10:16:04Z,22.55,67.74,99,0,36.38,101.68,10.00,466.00,null,null,null
2023-08-15T10:17:04Z,22.55,67.70,99,0,34.28,101.68,11.00,475.00,null,null,null
2023-08-15T10:18:04Z,22.54,67.71,99,0,35.84,101.69,12.00,480.00,null,null,null
2023-08-15T10:19:04Z,22.52,67.69,99,0,34.43,101.69,11.00,475.00,null,null,null
2023-08-15T10:20:04Z,22.54,67.72,99,0,38.27,101.69,11.00,475.00,2,2,2
2023-08-15T10:21:04Z,22.55,67.74,99,0,37.72,101.69,11.00,475.00,null,null,null
2023-08-15T10:22:04Z,22.55,67.77,99,0,34.25,101.68,11.00,475.00,null,null,null
2023-08-15T10:23:04Z,22.55,67.74,99,0,36.99,101.69,11.00,475.00,null,null,null
2023-08-15T10:24:04Z,22.54,67.77,99,0,35.92,101.69,11.00,475.00,null,null,null
2023-08-15T10:25:04Z,22.57,67.81,99,0,31.86,101.69,10.00,466.00,1,1,1
2023-08-15T10:26:04Z,22.55,67.80,99,0,39.66,101.69,9.00,463.00,null,null,null
2023-08-15T10:27:04Z,22.57,67.74,99,0,33.32,101.68,10.00,466.00,null,null,null
2023-08-15T10:28:04Z,22.57,67.75,99,0,34.49,101.69,11.00,475.00,null,null,null
2023-08-15T10:29:04Z,22.54,67.74,99,0,36.53,101.68,10.00,466.00,null,null,null
2023-08-15T10:30:04Z,22.55,67.76,99,0,37.26,101.69,11.00,475.00,1,1,8
2023-08-15T10:31:04Z,22.57,67.72,99,0,36.54,101.69,8.00,459.00,null,null,null
2023-08-15T10:32:04Z,22.57,67.66,99,0,38.74,101.68,11.00,475.00,null,null,null
2023-08-15T10:33:04Z,22.58,67.65,99,0,36.71,101.69,11.00,475.00,null,null,null
2023-08-15T10:34:04Z,22.57,67.68,99,0,33.79,101.69,10.00,470.00,null,null,null
2023-08-15T10:35:04Z,22.55,67.69,99,0,37.83,101.69,10.00,470.00,2,3,3
2023-08-15T10:36:04Z,22.58,67.68,99,0,36.53,101.68,9.00,463.00,null,null,null
2023-08-15T10:37:04Z,22.55,67.62,99,0,31.22,101.69,10.00,470.00,null,null,null
2023-08-15T10:38:04Z,22.58,67.57,99,0,34.85,101.69,10.00,470.00,null,null,null
2023-08-15T10:39:04Z,22.57,67.60,99,0,32.37,101.69,10.00,470.00,null,null,null
2023-08-15T10:40:04Z,22.57,67.60,99,0,33.03,101.70,9.00,463.00,3,3,3
2023-08-15T10:41:04Z,22.58,67.62,99,0,35.47,101.69,9.00,463.00,null,null,null
2023-08-15T10:42:04Z,22.57,67.53,99,0,37.69,101.69,10.00,470.00,null,null,null
2023-08-15T10:43:04Z,22.59,67.50,99,0,36.65,101.69,10.00,470.00,null,null,null
2023-08-15T10:44:04Z,22.57,67.54,99,0,36.16,101.69,9.00,463.00,null,null,null
2023-08-15T10:45:04Z,22.57,67.53,99,0,36.36,101.69,9.00,463.00,4,5,5
2023-08-15T10:46:04Z,22.59,67.41,99,0,36.49,101.69,9.00,461.00,null,null,null
2023-08-15T10:47:04Z,22.61,67.41,99,0,34.43,101.68,9.00,463.00,null,null,null
2023-08-15T10:48:04Z,22.58,67.36,99,0,33.68,101.68,9.00,463.00,null,null,null
2023-08-15T10:49:04Z,22.57,67.36,99,0,36.69,101.68,9.00,463.00,null,null,null
2023-08-15T10:50:04Z,22.57,67.38,99,0,33.97,101.68,9.00,463.00,2,2,2
2023-08-15T10:51:04Z,22.59,67.35,99,0,38.40,101.68,8.00,457.00,null,null,null
2023-08-15T10:52:04Z,22.61,67.30,99,0,32.51,101.68,9.00,461.00,null,null,null
2023-08-15T10:53:04Z,22.61,67.27,99,0,36.49,101.68,9.00,461.00,null,null,null
2023-08-15T10:54:04Z,22.59,67.25,99,0,38.17,101.67,9.00,461.00,null,null,null
2023-08-15T10:55:04Z,22.61,67.30,99,0,36.53,101.67,9.00,461.00,2,2,2
2023-08-15T10:56:04Z,22.59,67.26,99,0,39.37,101.68,8.00,457.00,null,null,null
2023-08-15T10:57:04Z,22.62,67.17,99,0,34.82,101.67,9.00,461.00,null,null,null
2023-08-15T10:58:04Z,22.59,67.14,99,0,34.69,101.67,9.00,464.00,null,null,null
2023-08-15T10:59:04Z,22.59,67.15,99,0,35.26,101.67,9.00,461.00,null,null,null
2023-08-15T11:00:04Z,22.58,67.18,99,0,39.82,101.67,9.00,461.00,1,2,2
2023-08-15T11:01:04Z,22.62,67.17,99,0,33.14,101.67,8.00,457.00,null,null,null
2023-08-15T11:02:04Z,22.59,67.06,99,0,34.00,101.67,9.00,461.00,null,null,null
2023-08-15T11:03:04Z,22.59,67.05,99,0,36.55,101.67,9.00,461.00,null,null,null
2023-08-15T11:04:04Z,22.61,67.06,99,0,36.79,101.67,9.00,461.00,null,null,null
2023-08-15T11:05:04Z,22.59,67.07,99,0,38.88,101.67,9.00,461.00,0,0,0
2023-08-15T11:06:04Z,22.61,67.05,99,0,33.73,101.68,8.00,457.00,null,null,null
2023-08-15T11:07:04Z,22.61,66.94,99,0,37.23,101.67,9.00,461.00,null,null,null
2023-08-15T11:08:04Z,22.62,66.98,99,0,32.62,101.67,9.00,461.00,null,null,null
2023-08-15T11:09:04Z,22.61,66.98,99,0,37.22,101.67,8.00,457.00,null,null,null
2023-08-15T11:10:04Z,22.61,66.95,99,0,35.04,101.67,8.00,457.00,1,1,1
2023-08-15T11:11:04Z,22.61,66.96,99,0,36.33,101.67,7.00,452.00,null,null,null
2023-08-15T11:12:04Z,22.61,66.92,99,0,36.31,101.67,8.00,457.00,null,null,null
2023-08-15T11:13:04Z,22.62,66.89,99,0,34.78,101.67,8.00,457.00,null,null,null
2023-08-15T11:14:04Z,22.62,66.91,99,0,33.57,101.67,8.00,457.00,null,null,null
2023-08-15T11:15:04Z,22.62,66.92,99,0,36.84,101.67,8.00,457.00,2,2,2
2023-08-15T11:16:04Z,22.64,66.86,99,0,34.52,101.67,7.00,448.00,null,null,null
2023-08-15T11:17:04Z,22.62,66.78,99,0,33.36,101.67,8.00,457.00,null,null,null
2023-08-15T11:18:04Z,22.62,66.85,99,0,35.00,101.67,8.00,457.00,null,null,null
2023-08-15T11:19:04Z,22.61,66.82,99,0,36.49,101.67,7.00,452.00,null,null,null
2023-08-15T11:20:04Z,22.61,66.78,99,0,38.85,101.67,8.00,457.00,2,2,2
2023-08-15T11:21:04Z,22.62,66.80,99,0,35.62,101.67,7.00,448.00,null,null,null
2023-08-15T11:22:04Z,22.62,66.71,99,0,34.30,101.67,8.00,457.00,null,null,null
2023-08-15T11:23:04Z,22.62,66.67,99,0,38.64,101.67,8.00,456.00,null,null,null
2023-08-15T11:24:04Z,22.62,66.74,99,0,32.80,101.67,8.00,456.00,null,null,null
2023-08-15T11:25:04Z,22.62,66.72,99,0,33.76,101.67,8.00,456.00,1,1,1
2023-08-15T11:26:04Z,22.61,66.67,99,0,37.25,101.67,7.00,452.00,null,null,null
2023-08-15T11:27:04Z,22.64,66.70,99,0,33.91,101.67,8.00,456.00,null,null,null
2023-08-15T11:28:04Z,22.64,66.61,99,0,36.34,101.67,8.00,456.00,null,null,null
2023-08-15T11:29:04Z,22.61,66.58,99,0,35.29,101.67,8.00,456.00,null,null,null
2023-08-15T11:30:04Z,22.61,66.62,99,0,31.96,101.67,7.00,452.00,4,4,4
2023-08-15T11:31:04Z,22.62,66.56,99,0,35.96,101.67,7.00,446.00,null,null,null
2023-08-15T11:32:04Z,22.64,66.58,99,0,34.83,101.67,8.00,456.00,null,null,null
2023-08-15T11:33:04Z,22.62,66.49,99,0,34.03,101.67,8.00,456.00,null,null,null
2023-08-15T11:34:04Z,22.61,66.60,99,0,37.66,101.67,7.00,452.00,null,null,null
2023-08-15T11:35:04Z,22.61,66.51,99,0,32.78,101.67,7.00,452.00,0,0,0
2023-08-15T11:36:04Z,22.62,66.51,99,0,38.76,101.67,7.00,446.00,null,null,null
2023-08-15T11:37:04Z,22.62,66.55,99,0,33.33,101.68,7.00,452.00,null,null,null
2023-08-15T11:38:04Z,22.61,66.52,99,0,37.02,101.67,7.00,452.00,null,null,null
2023-08-15T11:39:04Z,22.61,66.50,99,0,32.35,101.68,7.00,452.00,null,null,null
2023-08-15T11:40:04Z,22.61,66.43,99,0,33.76,101.68,7.00,452.00,2,2,2
2023-08-15T11:41:04Z,22.64,66.46,99,0,34.20,101.68,7.00,446.00,null,null,null
2023-08-15T11:42:04Z,22.62,66.48,99,0,33.34,101.68,7.00,446.00,null,null,null
2023-08-15T11:43:04Z,22.64,66.33,99,0,36.90,101.68,7.00,452.00,null,null,null
2023-08-15T11:44:04Z,22.61,66.44,99,0,42.45,101.68,7.00,452.00,null,null,null
2023-08-15T11:45:04Z,22.61,66.40,99,0,31.56,101.68,7.00,452.00,2,2,2
2023-08-15T11:46:04Z,22.61,66.40,99,0,36.77,101.68,7.00,446.00,null,null,null
2023-08-15T11:47:04Z,22.64,66.39,99,0,38.67,101.68,7.00,452.00,null,null,null
2023-08-15T11:48:04Z,22.64,66.21,99,0,36.20,101.69,7.00,446.00,null,null,null
2023-08-15T11:49:04Z,22.64,66.36,99,0,32.95,101.69,8.00,457.00,null,null,null
2023-08-15T11:50:04Z,22.62,66.33,99,0,37.67,101.69,7.00,452.00,1,2,2
2023-08-15T11:51:04Z,22.64,66.26,99,0,35.29,101.69,7.00,446.00,null,null,null
2023-08-15T11:52:04Z,22.65,66.22,99,0,33.43,101.69,7.00,452.00,null,null,null
2023-08-15T11:53:04Z,22.62,66.22,99,0,35.80,101.69,8.00,457.00,null,null,null
2023-08-15T11:54:04Z,22.62,66.24,99,0,32.19,101.69,8.00,457.00,null,null,null
2023-08-15T11:55:04Z,22.62,66.21,99,0,36.71,101.69,8.00,457.00,3,3,3
2023-08-15T11:56:04Z,22.65,66.19,99,0,37.17,101.70,7.00,451.00,null,null,null
2023-08-15T11:57:04Z,22.66,66.15,99,0,33.10,101.70,8.00,457.00,null,null,null
2023-08-15T11:58:04Z,22.64,66.14,99,0,35.81,101.70,8.00,457.00,null,null,null
2023-08-15T11:59:04Z,22.64,66.17,99,0,33.67,101.70,8.00,457.00,null,null,null
2023-08-15T12:00:04Z,22.64,66.18,99,0,40.14,101.70,8.00,457.00,4,4,4
2023-08-15T12:01:04Z,22.64,66.15,99,0,38.33,101.70,7.00,451.00,null,null,null
2023-08-15T12:02:04Z,22.68,66.11,99,0,34.66,101.70,7.00,451.00,null,null,null
2023-08-15T12:03:04Z,22.65,66.08,99,0,33.72,101.70,8.00,457.00,null,null,null
2023-08-15T12:04:04Z,22.65,66.10,99,0,35.59,101.70,8.00,457.00,null,null,null
2023-08-15T12:05:04Z,22.65,66.03,99,0,36.01,101.70,8.00,457.00,5,5,5
2023-08-15T12:06:04Z,22.66,66.02,99,0,35.44,101.69,7.00,451.00,null,null,null
2023-08-15T12:07:04Z,22.66,66.08,99,0,32.94,101.69,7.00,451.00,null,null,null
2023-08-15T12:08:04Z,22.66,66.00,99,0,38.15,101.70,8.00,457.00,null,null,null
2023-08-15T12:09:04Z,22.68,66.00,99,0,33.46,101.69,9.00,465.00,null,null,null
2023-08-15T12:10:04Z,22.66,66.05,99,0,33.87,101.70,9.00,465.00,1,1,1
2023-08-15T12:11:04Z,22.65,66.00,99,0,33.06,101.70,9.00,461.00,null,null,null
2023-08-15T12:12:04Z,22.65,66.09,99,0,35.15,101.70,9.00,465.00,null,null,null
2023-08-15T12:13:04Z,22.68,66.03,99,0,35.79,101.70,10.00,472.00,null,null,null
2023-08-15T12:14:04Z,22.66,66.13,99,0,33.51,101.70,10.00,472.00,null,null,null
2023-08-15T12:15:04Z,22.65,66.00,99,0,33.97,101.70,10.00,472.00,1,2,2
2023-08-15T12:16:04Z,22.66,66.02,99,0,35.28,101.70,9.00,465.00,null,null,null
2023-08-15T12:17:04Z,22.69,65.93,99,0,33.88,101.70,10.00,472.00,null,null,null
2023-08-15T12:18:04Z,22.71,65.93,99,0,33.29,101.70,10.00,472.00,null,null,null
2023-08-15T12:19:04Z,22.66,65.96,99,0,33.16,101.70,10.00,472.00,null,null,null
2023-08-15T12:20:04Z,22.68,66.00,99,0,31.34,101.70,9.00,465.00,0,0,0
2023-08-15T12:21:04Z,22.68,65.92,99,0,32.30,101.70,9.00,461.00,null,null,null
2023-08-15T12:22:04Z,22.69,65.91,99,0,32.23,101.70,9.00,465.00,null,null,null
2023-08-15T12:23:04Z,22.69,65.97,99,0,33.72,101.70,9.00,465.00,null,null,null
2023-08-15T12:24:04Z,22.68,65.94,99,0,35.65,101.70,9.00,461.00,null,null,null
2023-08-15T12:25:04Z,22.68,65.86,99,0,37.17,101.70,9.00,461.00,0,0,0
2023-08-15T12:26:04Z,22.68,65.78,99,0,31.44,101.70,8.00,457.00,null,null,null
2023-08-15T12:27:04Z,22.69,65.92,99,0,43.24,101.70,9.00,461.00,null,null,null
2023-08-15T12:28:04Z,22.71,65.92,99,0,37.61,101.70,9.00,461.00,null,null,null
2023-08-15T12:29:04Z,22.69,65.86,99,0,33.22,101.70,9.00,465.00,null,null,null
2023-08-15T12:30:04Z,22.68,65.75,99,0,39.10,101.70,9.00,461.00,2,2,2
2023-08-15T12:31:04Z,22.69,65.76,99,0,34.57,101.71,8.00,457.00,null,null,null
2023-08-15T12:32:04Z,22.69,65.75,99,0,36.37,101.70,9.00,461.00,null,null,null
2023-08-15T12:33:04Z,22.69,65.78,99,0,34.83,101.71,9.00,461.00,null,null,null
2023-08-15T12:34:04Z,22.69,65.74,99,0,34.87,101.71,9.00,461.00,null,null,null
2023-08-15T12:35:04Z,22.66,65.82,99,0,31.76,101.71,9.00,464.00,2,2,2
2023-08-15T12:36:04Z,22.69,65.74,99,0,31.79,101.71,7.00,451.00,null,null,null
2023-08-15T12:37:04Z,22.69,65.61,99,0,31.75,101.70,9.00,464.00,null,null,null
2023-08-15T12:38:04Z,22.71,65.64,99,0,37.94,101.70,9.00,464.00,null,null,null
2023-08-15T12:39:04Z,22.72,65.77,99,0,35.07,101.71,9.00,461.00,null,null,null
2023-08-15T12:40:04Z,22.69,65.66,99,0,35.77,101.70,8.00,457.00,2,2,2
2023-08-15T12:41:04Z,22.71,65.73,99,0,32.21,101.70,8.00,455.00,null,null,null
2023-08-15T12:42:04Z,22.72,65.63,99,0,34.70,101.71,9.00,461.00,null,null,null
2023-08-15T12:43:04Z,22.72,65.66,99,0,35.22,101.71,9.00,461.00,null,null,null
2023-08-15T12:44:04Z,22.69,65.74,99,0,33.80,101.71,10.00,472.00,null,null,null
2023-08-15T12:45:04Z,22.72,65.69,99,0,36.18,101.71,12.00,480.00,4,4,4
2023-08-15T12:46:04Z,22.72,65.63,99,0,39.33,101.71,12.00,480.00,null,null,null
2023-08-15T12:47:04Z,22.74,65.58,99,0,null,101.71,13.00,487.00,null,null,null
2023-08-15T12:48:04Z,22.74,65.56,99,0,32.84,101.71,13.00,487.00,null,null,null
2023-08-15T12:49:04Z,22.75,65.56,99,0,36.10,101.72,13.00,487.00,null,null,null
2023-08-15T12:50:04Z,22.74,65.74,99,0,36.10,101.71,7.00,447.00,3,3,3
2023-08-15T12:51:04Z,22.75,65.59,99,0,33.23,101.71,13.00,487.00,null,null,null
2023-08-15T12:52:04Z,22.75,65.53,99,0,35.71,101.72,7.00,451.00,null,null,null
2023-08-15T12:53:04Z,22.75,65.45,99,0,34.38,101.72,7.00,451.00,null,null,null
2023-08-15T12:54:04Z,22.74,65.48,99,0,32.49,101.72,7.00,451.00,null,null,null
2023-08-15T12:55:04Z,22.71,65.50,99,0,37.90,101.71,14.00,492.00,4,4,4
2023-08-15T12:56:04Z,22.72,65.43,99,0,35.30,101.71,13.00,487.00,null,null,null
2023-08-15T12:57:04Z,22.76,65.57,99,0,33.95,101.71,14.00,492.00,null,null,null
2023-08-15T12:58:04Z,22.75,65.48,99,0,33.28,101.71,7.00,451.00,null,null,null
2023-08-15T12:59:04Z,22.74,65.33,99,0,34.88,101.71,7.00,451.00,null,null,null
2023-08-15T13:00:04Z,22.75,65.34,99,0,36.71,101.71,14.00,492.00,3,3,3
2023-08-15T13:01:04Z,22.74,65.35,99,0,34.52,101.71,7.00,447.00,null,null,null
2023-08-15T13:02:04Z,22.75,65.34,99,0,33.55,101.71,14.00,492.00,null,null,null
2023-08-15T13:03:04Z,22.74,65.41,99,0,32.96,101.71,7.00,451.00,null,null,null
2023-08-15T13:04:04Z,22.74,65.41,99,0,32.06,101.71,14.00,492.00,null,null,null
2023-08-15T13:05:04Z,22.75,65.43,99,0,37.47,101.71,13.00,487.00,2,2,5
2023-08-15T13:06:04Z,22.76,65.30,99,0,31.63,101.71,6.00,443.00,null,null,null
2023-08-15T13:07:04Z,22.75,65.37,99,0,35.45,101.71,7.00,447.00,null,null,null
2023-08-15T13:08:04Z,22.76,65.35,99,0,32.58,101.71,7.00,447.00,null,null,null
2023-08-15T13:09:04Z,22.75,65.33,99,0,33.04,101.71,7.00,447.00,null,null,null
2023-08-15T13:10:04Z,22.75,65.23,99,0,33.44,101.71,7.00,447.00,3,3,3
2023-08-15T13:11:04Z,22.76,65.14,99,0,33.73,101.71,6.00,444.00,null,null,null
2023-08-15T13:12:04Z,22.76,65.26,99,0,31.50,101.71,7.00,446.00,null,null,null
2023-08-15T13:13:04Z,22.75,65.22,99,0,40.04,101.72,6.00,443.00,null,null,null
2023-08-15T13:14:04Z,22.78,65.28,99,0,32.04,101.72,7.00,446.00,null,null,null
2023-08-15T13:15:04Z,22.75,65.29,99,0,35.72,101.72,6.00,443.00,1,1,1
2023-08-15T13:16:04Z,22.78,65.15,99,0,36.66,101.72,6.00,441.00,null,null,null
2023-08-15T13:17:04Z,22.78,65.21,99,0,34.03,101.72,6.00,444.00,null,null,null
2023-08-15T13:18:04Z,22.78,64.98,99,0,33.01,101.71,6.00,444.00,null,null,null
2023-08-15T13:19:04Z,22.76,65.15,99,0,33.82,101.72,6.00,444.00,null,null,null
2023-08-15T13:20:04Z,22.76,65.17,99,0,33.68,101.71,6.00,444.00,1,1,1
2023-08-15T13:21:04Z,22.78,65.14,99,0,35.88,101.71,5.00,436.00,null,null,null
2023-08-15T13:22:04Z,22.79,65.01,99,0,38.19,101.71,6.00,441.00,null,null,null
2023-08-15T13:23:04Z,22.78,65.14,99,0,38.67,101.71,6.00,441.00,null,null,null
2023-08-15T13:24:04Z,22.78,65.12,99,0,36.46,101.71,6.00,441.00,null,null,null
2023-08-15T13:25:04Z,22.76,65.19,99,0,31.68,101.71,6.00,441.00,2,2,2
2023-08-15T13:26:04Z,22.78,65.03,99,0,32.38,101.71,5.00,436.00,null,null,null
2023-08-15T13:27:04Z,22.79,65.11,99,0,34.97,101.72,6.00,441.00,null,null,null
2023-08-15T13:28:04Z,22.79,65.08,99,0,33.07,101.71,6.00,441.00,null,null,null
2023-08-15T13:29:04Z,22.78,65.03,99,0,36.74,101.71,5.00,436.00,null,null,null
2023-08-15T13:30:04Z,22.76,65.15,99,0,39.41,101.72,5.00,436.00,2,2,2
2023-08-15T13:31:04Z,22.79,64.98,99,0,34.81,101.72,3.00,426.00,null,null,null
2023-08-15T13:32:04Z,22.79,65.01,99,0,31.88,101.71,5.00,436.00,null,null,null
2023-08-15T13:33:04Z,22.80,65.08,99,0,53.39,101.71,5.00,436.00,null,null,null
2023-08-15T13:34:04Z,22.79,65.02,99,0,31.06,101.71,5.00,436.00,null,null,null
2023-08-15T13:35:04Z,22.79,65.05,99,0,33.30,101.71,5.00,436.00,1,1,1
2023-08-15T13:36:04Z,22.79,65.01,99,0,39.66,101.71,3.00,426.00,null,null,null
2023-08-15T13:37:04Z,22.82,65.00,99,0,32.93,101.71,4.00,432.00,null,null,null
2023-08-15T13:38:04Z,22.80,65.01,99,0,34.13,101.71,4.00,432.00,null,null,null
2023-08-15T13:39:04Z,22.80,65.03,99,0,36.45,101.71,4.00,432.00,null,null,null
2023-08-15T13:40:04Z,22.79,65.00,99,0,33.34,101.71,5.00,436.00,1,2,2
2023-08-15T13:41:04Z,22.80,65.10,99,0,36.54,101.71,3.00,426.00,null,null,null
2023-08-15T13:42:04Z,22.79,65.01,99,0,36.92,101.71,4.00,432.00,null,null,null
2023-08-15T13:43:04Z,22.82,65.01,99,0,35.26,101.71,5.00,436.00,null,null,null
2023-08-15T13:44:04Z,22.82,65.02,99,0,33.11,101.72,4.00,432.00,null,null,null
2023-08-15T13:45:04Z,22.80,64.98,99,0,35.65,101.72,4.00,432.00,1,3,3
2023-08-15T13:46:04Z,22.80,64.95,99,0,35.94,101.71,3.00,426.00,null,null,null
2023-08-15T13:47:04Z,22.82,64.92,99,0,33.18,101.72,4.00,432.00,null,null,null
2023-08-15T13:48:04Z,22.82,64.86,99,0,35.41,101.72,4.00,432.00,null,null,null
2023-08-15T13:49:04Z,22.83,64.94,99,0,33.04,101.72,4.00,432.00,null,null,null
2023-08-15T13:50:04Z,22.82,64.92,99,0,35.08,101.72,4.00,432.00,0,0,0
2023-08-15T13:51:04Z,22.83,64.97,99,0,38.66,101.72,3.00,426.00,null,null,null
2023-08-15T13:52:04Z,22.82,64.86,99,0,34.64,101.71,4.00,432.00,null,null,null
2023-08-15T13:53:04Z,22.83,64.88,99,0,36.25,101.72,3.00,426.00,null,null,null
2023-08-15T13:54:04Z,22.83,64.85,99,0,33.40,101.71,3.00,426.00,null,null,null
2023-08-15T13:55:04Z,22.80,64.86,99,0,34.35,101.72,3.00,426.00,1,2,2
2023-08-15T13:56:04Z,22.83,64.80,99,0,33.86,101.72,3.00,421.00,null,null,null
2023-08-15T13:57:04Z,22.82,64.89,99,0,35.37,101.72,3.00,426.00,null,null,null
2023-08-15T13:58:04Z,22.82,64.78,99,0,37.77,101.71,3.00,426.00,null,null,null
2023-08-15T13:59:04Z,22.80,64.75,99,0,32.86,101.71,3.00,426.00,null,null,null
2023-08-15T14:00:04Z,22.83,64.83,99,0,37.94,101.71,3.00,426.00,1,1,9
2023-08-15T14:01:04Z,22.80,64.76,99,0,33.52,101.71,3.00,421.00,null,null,null
2023-08-15T14:02:04Z,22.82,64.75,99,0,37.15,101.72,3.00,421.00,null,null,null
2023-08-15T14:03:04Z,22.82,64.70,99,0,34.06,101.71,3.00,426.00,null,null,null
2023-08-15T14:04:04Z,22.80,64.66,99,0,35.76,101.71,5.00,433.00,null,null,null
2023-08-15T14:05:04Z,22.83,64.60,99,0,36.30,101.71,3.00,425.00,0,0,0
2023-08-15T14:06:04Z,22.82,64.65,99,0,34.41,101.71,2.00,417.00,null,null,null
2023-08-15T14:07:04Z,22.85,64.62,99,0,31.99,101.71,3.00,425.00,null,null,null
2023-08-15T14:08:04Z,22.83,64.53,99,0,35.78,101.71,3.00,425.00,null,null,null
2023-08-15T14:09:04Z,22.82,64.63,99,0,35.76,101.71,3.00,425.00,null,null,null
2023-08-15T14:10:04Z,22.82,64.62,99,0,34.06,101.72,3.00,425.00,2,2,2
2023-08-15T14:11:04Z,22.83,64.58,99,0,32.89,101.71,2.00,417.00,null,null,null
2023-08-15T14:12:04Z,22.85,64.49,99,0,34.73,101.71,3.00,425.00,null,null,null
2023-08-15T14:13:04Z,22.83,64.58,99,0,39.45,101.71,3.00,422.00,null,null,null
2023-08-15T14:14:04Z,22.85,64.63,99,0,36.55,101.71,3.00,422.00,null,null,null
2023-08-15T14:15:04Z,22.82,64.54,99,0,35.95,101.71,3.00,422.00,3,3,3
2023-08-15T14:16:04Z,22.85,64.59,99,0,39.65,101.71,2.00,417.00,null,null,null
2023-08-15T14:17:04Z,22.83,64.47,99,0,35.51,101.71,3.00,422.00,null,null,null
2023-08-15T14:18:04Z,22.83,64.46,99,0,34.74,101.71,3.00,422.00,null,null,null
2023-08-15T14:19:04Z,22.85,64.56,99,0,37.17,101.71,3.00,422.00,null,null,null
2023-08-15T14:20:04Z,22.85,64.48,99,0,45.65,101.71,3.00,422.00,2,2,2
2023-08-15T14:21:04Z,22.83,64.50,99,0,39.04,101.71,2.00,415.00,null,null,null
2023-08-15T14:22:04Z,22.86,64.39,99,0,35.78,101.71,3.00,422.00,null,null,null
2023-08-15T14:23:04Z,22.83,64.46,99,0,36.00,101.71,2.00,417.00,null,null,null
2023-08-15T14:24:04Z,22.88,64.52,99,0,39.87,101.71,2.00,417.00,null,null,null
2023-08-15T14:25:04Z,22.85,64.41,99,0,34.25,101.72,2.00,415.00,1,1,1
2023-08-15T14:26:04Z,22.86,64.44,99,0,36.46,101.71,2.00,415.00,null,null,null
2023-08-15T14:27:04Z,22.88,64.46,99,0,32.52,101.72,2.00,417.00,null,null,null
2023-08-15T14:28:04Z,22.86,64.50,99,0,36.77,101.71,2.00,417.00,null,null,null
2023-08-15T14:29:04Z,22.85,64.49,99,0,34.83,101.71,2.00,417.00,null,null,null
2023-08-15T14:30:04Z,22.86,64.56,99,0,33.05,101.71,2.00,417.00,3,3,3
2023-08-15T14:31:04Z,22.86,64.58,99,0,36.01,101.71,2.00,415.00,null,null,null
2023-08-15T14:32:04Z,22.83,64.51,99,0,35.80,101.70,2.00,417.00,null,null,null
2023-08-15T14:33:04Z,22.88,64.53,99,0,32.75,101.70,2.00,417.00,null,null,null
2023-08-15T14:34:04Z,22.86,64.54,99,0,33.62,101.70,2.00,417.00,null,null,null
2023-08-15T14:35:04Z,22.88,64.53,99,0,32.99,101.70,2.00,417.00,1,1,1
2023-08-15T14:36:04Z,22.86,64.54,99,0,32.20,101.70,1.00,408.00,null,null,null
2023-08-15T14:37:04Z,22.88,64.53,99,0,36.48,101.70,2.00,417.00,null,null,null
2023-08-15T14:38:04Z,22.86,64.58,99,0,32.58,101.70,2.00,415.00,null,null,null
2023-08-15T14:39:04Z,22.83,64.57,99,0,34.84,101.70,2.00,415.00,null,null,null
2023-08-15T14:40:04Z,22.85,64.52,99,0,35.33,101.70,2.00,417.00,4,4,4
2023-08-15T14:41:04Z,22.86,64.45,99,0,38.07,101.70,1.00,408.00,null,null,null
2023-08-15T14:42:04Z,22.89,64.51,99,0,33.60,101.70,2.00,417.00,null,null,null
2023-08-15T14:43:04Z,22.88,64.54,99,0,37.79,101.69,2.00,417.00,null,null,null
2023-08-15T14:44:04Z,22.88,64.51,99,0,35.87,101.69,2.00,417.00,null,null,null
2023-08-15T14:45:04Z,22.88,64.62,99,0,35.13,101.69,2.00,417.00,0,0,0
2023-08-15T14:46:04Z,22.85,64.56,99,0,33.16,101.70,2.00,415.00,null,null,null
2023-08-15T14:47:04Z,22.86,64.58,99,0,35.91,101.70,2.00,417.00,null,null,null
2023-08-15T14:48:04Z,22.86,64.54,99,0,39.17,101.70,2.00,417.00,null,null,null
2023-08-15T14:49:04Z,22.86,64.53,99,0,33.91,101.70,2.00,417.00,null,null,null
2023-08-15T14:50:04Z,22.86,64.55,99,0,35.81,101.70,2.00,417.00,2,2,2
2023-08-15T14:51:04Z,22.88,64.52,99,0,33.48,101.70,1.00,408.00,null,null,null
2023-08-15T14:52:04Z,22.88,64.50,99,0,36.18,101.71,2.00,417.00,null,null,null
2023-08-15T14:53:04Z,22.89,64.49,99,0,36.05,101.71,2.00,417.00,null,null,null
2023-08-15T14:54:04Z,22.86,64.45,99,0,34.12,101.71,2.00,417.00,null,null,null
2023-08-15T14:55:04Z,22.86,64.51,99,0,32.19,101.71,2.00,417.00,3,3,3
2023-08-15T14:56:04Z,22.88,64.49,99,0,34.50,101.71,1.00,408.00,null,null,null
2023-08-15T14:57:04Z,22.91,64.38,99,0,36.89,101.71,2.00,415.00,null,null,null
2023-08-15T14:58:04Z,22.88,64.45,99,0,37.76,101.71,2.00,415.00,null,null,null
2023-08-15T14:59:04Z,22.86,64.45,99,0,35.48,101.71,2.00,415.00,null,null,null
2023-08-15T15:00:04Z,22.88,64.39,99,0,34.13,101.71,2.00,415.00,1,1,1
2023-08-15T15:01:04Z,22.88,64.44,99,0,33.20,101.71,1.00,408.00,null,null,null
2023-08-15T15:02:04Z,22.89,64.40,99,0,32.43,101.71,2.00,415.00,null,null,null
2023-08-15T15:03:04Z,22.89,64.40,99,0,34.48,101.71,2.00,415.00,null,null,null
2023-08-15T15:04:04Z,22.88,64.44,99,0,33.77,101.72,2.00,415.00,null,null,null
2023-08-15T15:05:04Z,22.88,64.46,99,0,35.63,101.71,2.00,415.00,1,1,1
2023-08-15T15:06:04Z,22.89,64.35,99,1,39.66,101.72,1.00,408.00,null,null,null
2023-08-15T15:07:04Z,22.89,64.33,99,0,38.90,101.71,2.00,415.00,null,null,null
2023-08-15T15:08:04Z,22.91,64.37,99,1,33.39,101.72,2.00,415.00,null,null,null
2023-08-15T15:09:04Z,22.89,64.44,99,1,32.78,101.72,2.00,417.00,null,null,null
2023-08-15T15:10:04Z,22.86,64.53,99,1,34.59,101.72,2.00,415.00,2,3,3
2023-08-15T15:11:04Z,22.91,64.50,99,0,34.55,101.72,1.00,408.00,null,null,null
2023-08-15T15:12:04Z,22.91,64.47,99,0,36.65,101.72,2.00,417.00,null,null,null
2023-08-15T15:13:04Z,22.91,64.45,99,0,36.06,101.72,2.00,417.00,null,null,null
2023-08-15T15:14:04Z,22.88,64.46,99,1,34.46,101.72,2.00,415.00,null,null,null
2023-08-15T15:15:04Z,22.88,64.41,99,0,36.40,101.73,2.00,415.00,1,1,1
2023-08-15T15:16:04Z,22.89,64.41,99,0,32.91,101.72,2.00,415.00,null,null,null
2023-08-15T15:17:04Z,22.91,64.41,99,0,36.22,101.72,2.00,415.00,null,null,null
2023-08-15T15:18:04Z,22.89,64.42,99,0,32.11,101.72,2.00,415.00,null,null,null
2023-08-15T15:19:04Z,22.91,64.47,99,0,35.85,101.73,2.00,415.00,null,null,null
2023-08-15T15:20:04Z,22.88,64.33,99,0,36.11,101.73,2.00,417.00,0,0,0
2023-08-15T15:21:04Z,22.91,64.34,99,0,35.32,101.72,2.00,415.00,null,null,null
2023-08-15T15:22:04Z,22.91,64.44,99,0,31.86,101.72,2.00,415.00,null,null,null
2023-08-15T15:23:04Z,22.91,64.32,99,0,33.78,101.72,2.00,417.00,null,null,null
2023-08-15T15:24:04Z,22.91,64.33,99,0,34.81,101.72,2.00,415.00,null,null,null
2023-08-15T15:25:04Z,22.89,64.36,99,0,35.51,101.72,2.00,415.00,1,1,1
2023-08-15T15:26:04Z,22.91,64.35,99,0,36.44,101.72,1.00,408.00,null,null,null
2023-08-15T15:27:04Z,22.91,64.40,99,0,32.05,101.72,2.00,415.00,null,null,null
2023-08-15T15:28:04Z,22.92,64.33,99,0,32.56,101.72,2.00,415.00,null,null,null
2023-08-15T15:29:04Z,22.91,64.49,99,0,57.09,101.72,2.00,415.00,null,null,null
2023-08-15T15:30:04Z,22.86,64.39,99,0,31.73,101.72,2.00,417.00,1,1,1
2023-08-15T15:31:04Z,22.91,64.25,99,0,29.92,101.72,1.00,408.00,null,null,null
2023-08-15T15:32:04Z,22.91,64.43,99,0,32.80,101.72,2.00,415.00,null,null,null
2023-08-15T15:33:04Z,22.91,64.20,99,0,40.26,101.72,2.00,415.00,null,null,null
2023-08-15T15:34:04Z,22.91,64.26,99,0,41.92,101.72,3.00,420.00,null,null,null
2023-08-15T15:35:04Z,22.91,64.20,99,0,36.41,101.73,2.00,415.00,1,1,1
2023-08-15T15:36:04Z,22.92,64.35,99,0,43.26,101.72,1.00,410.00,null,null,null
2023-08-15T15:37:04Z,22.93,64.25,99,0,33.52,101.72,2.00,417.00,null,null,null
2023-08-15T15:38:04Z,22.93,64.23,99,0,34.55,101.72,2.00,415.00,null,null,null
2023-08-15T15:39:04Z,22.91,64.28,99,0,33.28,101.72,2.00,417.00,null,null,null
2023-08-15T15:40:04Z,22.92,64.21,99,0,33.13,101.73,2.00,415.00,3,4,4
2023-08-15T15:41:04Z,22.93,64.32,99,0,36.32,101.72,1.00,410.00,null,null,null
2023-08-15T15:42:04Z,22.93,64.26,99,0,37.95,101.73,2.00,417.00,null,null,null
2023-08-15T15:43:04Z,22.93,64.29,99,0,43.12,101.72,2.00,417.00,null,null,null
2023-08-15T15:44:04Z,22.92,64.27,99,0,37.96,101.72,2.00,417.00,null,null,null
2023-08-15T15:45:04Z,22.92,64.25,99,0,33.50,101.72,2.00,417.00,3,3,3
2023-08-15T15:46:04Z,22.93,64.26,99,0,30.69,101.72,2.00,415.00,null,null,null
2023-08-15T15:47:04Z,22.95,64.25,99,0,32.50,101.72,2.00,417.00,null,null,null
2023-08-15T15:48:04Z,22.93,64.26,99,0,37.13,101.72,2.00,417.00,null,null,null
2023-08-15T15:49:04Z,22.93,64.21,99,0,33.49,101.73,2.00,417.00,null,null,null
2023-08-15T15:50:04Z,22.93,64.25,99,0,34.89,101.73,3.00,420.00,2,4,4
2023-08-15T15:51:04Z,22.92,64.23,99,0,32.79,101.73,1.00,408.00,null,null,null
2023-08-15T15:52:04Z,22.93,64.26,99,0,33.41,101.72,3.00,420.00,null,null,null
2023-08-15T15:53:04Z,22.93,64.17,99,0,35.00,101.73,2.00,417.00,null,null,null
2023-08-15T15:54:04Z,22.95,64.25,99,0,34.60,101.73,3.00,420.00,null,null,null
2023-08-15T15:55:04Z,22.93,64.20,99,0,35.82,101.73,2.00,415.00,2,2,2
2023-08-15T15:56:04Z,22.95,64.16,99,0,38.62,101.73,2.00,417.00,null,null,null
2023-08-15T15:57:04Z,22.96,64.15,99,0,33.61,101.73,3.00,420.00,null,null,null
2023-08-15T15:58:04Z,22.95,64.16,99,0,31.07,101.73,2.00,417.00,null,null,null
2023-08-15T15:59:04Z,22.92,64.16,99,0,35.19,101.73,2.00,417.00,null,null,null
2023-08-15T16:00:04Z,22.92,64.14,99,0,32.05,101.73,2.00,417.00,1,1,1
2023-08-15T16:01:04Z,22.92,64.13,99,0,35.75,101.73,1.00,410.00,null,null,null
2023-08-15T16:02:04Z,22.95,64.20,99,0,35.35,101.74,2.00,417.00,null,null,null
2023-08-15T16:03:04Z,22.96,64.16,99,0,35.75,101.73,2.00,417.00,null,null,null
2023-08-15T16:04:04Z,22.93,64.20,99,0,32.47,101.73,2.00,417.00,null,null,null
2023-08-15T16:05:04Z,22.95,64.21,99,0,33.49,101.73,2.00,417.00,0,0,0
2023-08-15T16:06:04Z,22.93,64.07,99,0,37.13,101.73,1.00,410.00,null,null,null
2023-08-15T16:07:04Z,22.96,64.18,99,0,35.94,101.74,2.00,417.00,null,null,null
2023-08-15T16:08:04Z,22.93,64.08,99,0,33.58,101.73,2.00,417.00,null,null,null
2023-08-15T16:09:04Z,22.95,64.18,99,0,35.57,101.74,2.00,417.00,null,null,null
2023-08-15T16:10:04Z,22.91,64.14,99,0,33.27,101.73,1.00,410.00,4,5,5
2023-08-15T16:11:04Z,22.93,64.16,99,0,34.76,101.74,1.00,410.00,null,null,null
2023-08-15T16:12:04Z,22.93,64.03,99,0,36.63,101.74,1.00,410.00,null,null,null
2023-08-15T16:13:04Z,22.93,64.04,99,1,36.97,101.74,1.00,410.00,null,null,null
2023-08-15T16:14:04Z,22.93,64.14,99,0,30.57,101.74,1.00,410.00,null,null,null
2023-08-15T16:15:04Z,22.91,64.19,99,0,34.16,101.74,1.00,410.00,0,0,0
2023-08-15T16:16:04Z,22.92,64.12,99,1,32.97,101.75,1.00,410.00,null,null,null
2023-08-15T16:17:04Z,22.95,64.11,99,0,34.44,101.75,2.00,417.00,null,null,null
2023-08-15T16:18:04Z,22.93,64.11,99,0,37.80,101.75,2.00,417.00,null,null,null
2023-08-15T16:19:04Z,22.95,64.14,99,0,33.19,101.75,1.00,410.00,null,null,null
2023-08-15T16:20:04Z,22.92,64.11,99,0,34.42,101.75,2.00,417.00,2,2,2
2023-08-15T16:21:04Z,22.92,64.11,99,0,35.15,101.75,1.00,408.00,null,null,null
2023-08-15T16:22:04Z,22.93,64.06,99,0,36.20,101.75,1.00,410.00,null,null,null
2023-08-15T16:23:04Z,22.95,64.04,99,0,35.82,101.76,1.00,410.00,null,null,null
2023-08-15T16:24:04Z,22.92,64.03,99,0,38.20,101.76,1.00,410.00,null,null,null
2023-08-15T16:25:04Z,22.93,64.11,99,0,33.53,101.75,1.00,410.00,2,2,2
2023-08-15T16:26:04Z,22.93,64.03,99,0,37.05,101.75,1.00,410.00,null,null,null
2023-08-15T16:27:04Z,22.96,64.04,99,0,34.96,101.75,1.00,410.00,null,null,null
2023-08-15T16:28:04Z,22.92,63.97,99,0,35.73,101.75,1.00,410.00,null,null,null
2023-08-15T16:29:04Z,22.92,64.07,99,0,36.52,101.75,1.00,410.00,null,null,null
2023-08-15T16:30:04Z,22.91,64.02,99,0,33.47,101.75,1.00,410.00,4,4,4
2023-08-15T16:31:04Z,22.92,64.03,99,0,34.78,101.75,0.00,403.00,null,null,null
2023-08-15T16:32:04Z,22.95,64.00,99,0,32.69,101.75,1.00,410.00,null,null,null
2023-08-15T16:33:04Z,22.93,63.97,99,0,34.87,101.75,1.00,408.00,null,null,null
2023-08-15T16:34:04Z,22.92,63.93,99,0,35.14,101.75,1.00,410.00,null,null,null
2023-08-15T16:35:04Z,22.93,64.02,99,0,37.29,101.75,1.00,408.00,2,3,3
2023-08-15T16:36:04Z,22.95,63.98,99,0,49.46,101.75,0.00,403.00,null,null,null
2023-08-15T16:37:04Z,22.93,63.70,99,0,34.71,101.75,1.00,410.00,null,null,null
2023-08-15T16:38:04Z,22.93,63.72,99,0,54.12,101.75,1.00,411.00,null,null,null
2023-08-15T16:39:04Z,22.93,63.66,99,0,60.93,101.75,2.00,414.00,null,null,null
2023-08-15T16:40:04Z,22.93,63.92,99,0,83.90,101.75,2.00,414.00,2,2,2
2023-08-15T16:41:04Z,22.93,63.81,99,0,37.29,101.75,1.00,410.00,null,null,null
2023-08-15T16:42:04Z,22.96,63.75,99,0,35.81,101.75,5.00,435.00,null,null,null
2023-08-15T16:43:04Z,22.95,63.96,99,0,64.70,101.75,14.00,493.00,null,null,null
2023-08-15T16:44:04Z,22.95,63.72,99,0,37.84,101.76,19.00,531.00,null,null,null
2023-08-15T16:45:04Z,22.95,63.78,99,0,34.16,101.75,23.00,553.00,4,4,4
2023-08-15T16:46:04Z,22.95,63.87,99,0,40.03,101.75,24.00,561.00,null,null,null
2023-08-15T16:47:04Z,22.98,63.68,99,0,40.25,101.75,27.00,580.00,null,null,null
2023-08-15T16:48:04Z,22.95,63.72,99,0,36.56,101.75,29.00,592.00,null,null,null
2023-08-15T16:49:04Z,22.96,63.87,99,0,38.07,101.75,30.00,599.00,null,null,null
2023-08-15T16:50:04Z,22.95,63.84,99,0,40.57,101.75,29.00,594.00,1,1,1
2023-08-15T16:51:04Z,22.95,63.78,99,0,65.81,101.75,29.00,594.00,null,null,null
2023-08-15T16:52:04Z,22.99,63.79,99,0,43.78,101.75,30.00,600.00,null,null,null
2023-08-15T16:53:04Z,22.96,63.84,99,0,65.35,101.75,30.00,600.00,null,null,null
2023-08-15T16:54:04Z,22.96,63.92,99,0,39.16,101.76,30.00,600.00,null,null,null
2023-08-15T16:55:04Z,22.93,63.90,99,0,40.55,101.76,29.00,594.00,0,0,0
2023-08-15T16:56:04Z,22.96,63.98,99,0,38.34,101.76,28.00,588.00,null,null,null
2023-08-15T16:57:04Z,22.99,63.97,99,0,43.26,101.75,29.00,594.00,null,null,null
2023-08-15T16:58:04Z,22.99,64.01,99,0,39.57,101.75,28.00,588.00,null,null,null
2023-08-15T16:59:04Z,22.98,64.02,99,0,36.31,101.75,28.00,588.00,null,null,null
2023-08-15T17:00:04Z,22.99,64.02,99,0,38.18,101.76,27.00,580.00,2,2,2
2023-08-15T17:01:04Z,22.99,64.04,99,0,39.64,101.76,26.00,574.00,null,null,null
2023-08-15T17:02:04Z,23.00,63.84,99,0,37.53,101.76,26.00,574.00,null,null,null
2023-08-15T17:03:04Z,22.98,63.87,99,0,39.34,101.76,24.00,561.00,null,null,null
2023-08-15T17:04:04Z,23.00,63.77,99,0,36.68,101.76,23.00,553.00,null,null,null
2023-08-15T17:05:04Z,22.95,63.72,99,0,32.87,101.76,22.00,549.00,5,5,5
2023-08-15T17:06:04Z,22.99,63.63,99,0,39.83,101.76,20.00,536.00,null,null,null
2023-08-15T17:07:04Z,23.00,63.67,99,0,41.49,101.76,20.00,536.00,null,null,null
2023-08-15T17:08:04Z,23.00,63.70,99,0,40.58,101.76,19.00,530.00,null,null,null
2023-08-15T17:09:04Z,23.00,63.71,99,0,42.01,101.76,18.00,524.00,null,null,null
2023-08-15T17:10:04Z,22.98,63.56,99,0,41.05,101.76,17.00,518.00,4,6,6
2023-08-15T17:11:04Z,23.02,63.65,99,0,37.04,101.76,15.00,505.00,null,null,null
2023-08-15T17:12:04Z,22.99,63.47,99,0,38.39,101.76,15.00,505.00,null,null,null
2023-08-15T17:13:04Z,23.00,63.57,99,0,34.51,101.76,15.00,505.00,null,null,null
2023-08-15T17:14:04Z,22.99,63.55,99,0,40.07,101.76,15.00,505.00,null,null,null
2023-08-15T17:15:04Z,22.99,63.55,99,0,38.55,101.76,14.00,497.00,5,5,5
2023-08-15T17:16:04Z,22.99,63.49,99,0,34.15,101.77,13.00,488.00,null,null,null
2023-08-15T17:17:04Z,23.00,63.51,99,0,37.18,101.77,14.00,492.00,null,null,null
2023-08-15T17:18:04Z,22.99,63.62,99,0,34.69,101.77,13.00,488.00,null,null,null
2023-08-15T17:19:04Z,22.99,63.51,99,0,37.78,101.77,13.00,488.00,null,null,null
2023-08-15T17:20:04Z,22.99,63.62,99,0,37.79,101.78,14.00,492.00,0,0,0
2023-08-15T17:21:04Z,22.99,63.67,99,0,39.10,101.77,14.00,492.00,null,null,null
2023-08-15T17:22:04Z,23.00,63.61,99,0,36.14,101.77,13.00,488.00,null,null,null
2023-08-15T17:23:04Z,22.99,63.76,99,0,35.51,101.77,14.00,497.00,null,null,null
2023-08-15T17:24:04Z,22.96,63.75,99,0,38.52,101.77,14.00,493.00,null,null,null
2023-08-15T17:25:04Z,22.96,63.84,99,0,36.73,101.77,12.00,485.00,5,9,9
2023-08-15T17:26:04Z,22.98,63.95,99,0,36.69,101.77,12.00,485.00,null,null,null
2023-08-15T17:27:04Z,23.00,63.91,99,0,38.77,101.77,13.00,487.00,null,null,null
2023-08-15T17:28:04Z,23.00,63.97,99,0,37.60,101.77,12.00,480.00,null,null,null
2023-08-15T17:29:04Z,22.96,64.05,99,0,35.78,101.78,11.00,476.00,null,null,null
2023-08-15T17:30:04Z,22.98,64.13,99,0,39.48,101.78,13.00,487.00,7,7,7
2023-08-15T17:31:04Z,23.00,64.23,99,0,35.23,101.77,11.00,476.00,null,null,null
2023-08-15T17:32:04Z,22.99,64.16,99,0,36.56,101.78,11.00,476.00,null,null,null
2023-08-15T17:33:04Z,23.00,64.31,99,0,42.77,101.78,12.00,480.00,null,null,null
2023-08-15T17:34:04Z,22.99,64.36,99,0,36.55,101.78,12.00,482.00,null,null,null
2023-08-15T17:35:04Z,22.99,64.49,99,0,36.01,101.78,11.00,473.00,9,10,10
2023-08-15T17:36:04Z,23.00,64.56,99,0,38.08,101.78,11.00,473.00,null,null,null
2023-08-15T17:37:04Z,23.03,64.67,99,0,38.24,101.79,11.00,477.00,null,null,null
2023-08-15T17:38:04Z,23.03,64.71,99,0,36.07,101.79,12.00,482.00,null,null,null
2023-08-15T17:39:04Z,23.03,64.86,99,0,37.07,101.79,12.00,482.00,null,null,null
2023-08-15T17:40:04Z,23.02,64.94,99,0,35.92,101.79,12.00,480.00,11,12,12
2023-08-15T17:41:04Z,23.03,64.78,99,0,36.55,101.78,12.00,480.00,null,null,null
2023-08-15T17:42:04Z,23.02,64.98,99,0,36.43,101.79,12.00,480.00,null,null,null
2023-08-15T17:43:04Z,23.03,65.07,99,0,36.07,101.79,12.00,480.00,null,null,null
2023-08-15T17:44:04Z,23.02,65.19,99,0,34.96,101.79,12.00,485.00,null,null,null
2023-08-15T17:45:04Z,23.02,65.23,99,0,37.60,101.79,12.00,485.00,8,8,8
2023-08-15T17:46:04Z,23.06,65.31,99,0,34.72,101.79,12.00,485.00,null,null,null
2023-08-15T17:47:04Z,23.05,65.34,99,0,33.52,101.80,12.00,481.00,null,null,null
2023-08-15T17:48:04Z,23.05,65.37,99,0,32.50,101.80,13.00,488.00,null,null,null
2023-08-15T17:49:04Z,23.03,65.46,99,0,41.47,101.80,13.00,488.00,null,null,null
2023-08-15T17:50:04Z,23.03,65.47,99,0,31.29,101.80,13.00,488.00,14,15,15
2023-08-15T17:51:04Z,23.06,65.55,99,0,36.55,101.80,13.00,488.00,null,null,null
2023-08-15T17:52:04Z,23.09,65.50,99,0,36.04,101.80,13.00,488.00,null,null,null
2023-08-15T17:53:04Z,23.06,65.53,99,0,36.78,101.80,14.00,492.00,null,null,null
2023-08-15T17:54:04Z,23.06,65.57,99,0,39.34,101.80,14.00,492.00,null,null,null
2023-08-15T17:55:04Z,23.06,65.58,99,0,37.05,101.81,13.00,488.00,7,8,8
2023-08-15T17:56:04Z,23.06,65.54,99,0,34.63,101.81,14.00,492.00,null,null,null
2023-08-15T17:57:04Z,23.09,65.65,99,0,34.63,101.80,14.00,492.00,null,null,null
2023-08-15T17:58:04Z,23.06,65.63,99,0,35.97,101.81,14.00,492.00,null,null,null
2023-08-15T17:59:04Z,23.05,65.64,99,0,45.58,101.81,14.00,492.00,null,null,null
2023-08-15T18:00:04Z,23.07,65.48,99,0,35.34,101.81,14.00,492.00,3,3,3
2023-08-15T18:01:04Z,23.09,65.65,99,0,32.70,101.80,14.00,492.00,null,null,null
2023-08-15T18:02:04Z,23.07,65.48,99,0,32.16,101.80,13.00,488.00,null,null,null
2023-08-15T18:03:04Z,23.07,65.64,99,0,34.22,101.80,14.00,492.00,null,null,null
2023-08-15T18:04:04Z,23.07,65.57,99,0,32.28,101.81,13.00,488.00,null,null,null
2023-08-15T18:05:04Z,23.07,65.57,99,0,36.45,101.80,13.00,488.00,4,4,4
2023-08-15T18:06:04Z,23.06,65.61,99,0,35.25,101.81,13.00,488.00,null,null,null
2023-08-15T18:07:04Z,23.07,65.61,99,0,34.05,101.80,13.00,488.00,null,null,null
2023-08-15T18:08:04Z,23.10,65.73,99,0,34.11,101.81,13.00,488.00,null,null,null
2023-08-15T18:09:04Z,23.06,65.73,99,0,35.19,101.81,13.00,488.00,null,null,null
2023-08-15T18:10:04Z,23.06,65.74,99,0,32.85,101.81,13.00,488.00,6,6,6
2023-08-15T18:11:04Z,23.07,65.74,99,0,44.60,101.81,13.00,488.00,null,null,null
2023-08-15T18:12:04Z,23.09,65.66,99,0,35.34,101.81,13.00,488.00,null,null,null
2023-08-15T18:13:04Z,23.09,65.75,99,0,37.85,101.81,13.00,488.00,null,null,null
2023-08-15T18:14:04Z,23.06,65.75,99,0,34.62,101.81,12.00,485.00,null,null,null
2023-08-15T18:15:04Z,23.07,65.92,99,0,33.90,101.82,12.00,485.00,2,2,2
2023-08-15T18:16:04Z,23.07,65.96,99,0,37.42,101.81,12.00,485.00,null,null,null
2023-08-15T18:17:04Z,23.10,65.87,99,0,36.15,101.81,13.00,487.00,null,null,null
2023-08-15T18:18:04Z,23.12,65.92,99,0,32.59,101.82,13.00,487.00,null,null,null
2023-08-15T18:19:04Z,23.07,65.87,99,0,33.39,101.82,13.00,487.00,null,null,null
2023-08-15T18:20:04Z,23.10,65.94,99,0,37.21,101.82,13.00,487.00,3,3,3
2023-08-15T18:21:04Z,23.10,65.92,99,0,35.51,101.81,13.00,487.00,null,null,null
2023-08-15T18:22:04Z,23.12,66.00,99,0,38.85,101.82,14.00,493.00,null,null,null
2023-08-15T18:23:04Z,23.12,66.08,99,0,37.15,101.81,14.00,493.00,null,null,null
2023-08-15T18:24:04Z,23.14,66.19,99,0,36.11,101.82,13.00,487.00,null,null,null
2023-08-15T18:25:04Z,23.12,66.19,99,0,36.48,101.82,14.00,493.00,4,4,4
2023-08-15T18:26:04Z,23.14,66.16,99,0,36.19,101.82,14.00,493.00,null,null,null
2023-08-15T18:27:04Z,23.14,66.16,99,0,32.43,101.82,14.00,493.00,null,null,null
2023-08-15T18:28:04Z,23.14,66.11,99,0,37.19,101.82,14.00,493.00,null,null,null
2023-08-15T18:29:04Z,23.13,66.07,99,0,33.48,101.82,14.00,493.00,null,null,null
2023-08-15T18:30:04Z,23.14,66.04,99,0,38.50,101.83,13.00,487.00,3,3,3
2023-08-15T18:31:04Z,23.16,65.98,99,0,41.88,101.83,14.00,498.00,null,null,null
2023-08-15T18:32:04Z,23.17,65.81,99,0,41.30,101.83,13.00,487.00,null,null,null
2023-08-15T18:33:04Z,23.17,65.84,99,0,41.37,101.83,13.00,487.00,null,null,null
2023-08-15T18:34:04Z,23.13,65.91,99,0,33.95,101.83,12.00,485.00,null,null,null
2023-08-15T18:35:04Z,23.13,65.81,99,0,33.81,101.83,12.00,485.00,1,1,1
2023-08-15T18:36:04Z,23.13,65.83,99,0,36.14,101.83,13.00,487.00,null,null,null
2023-08-15T18:37:04Z,23.17,65.83,99,0,33.37,101.83,11.00,477.00,null,null,null
2023-08-15T18:38:04Z,23.17,65.76,99,0,33.08,101.83,11.00,477.00,null,null,null
2023-08-15T18:39:04Z,23.13,65.84,99,0,33.21,101.83,11.00,477.00,null,null,null
2023-08-15T18:40:04Z,23.13,65.83,99,0,33.62,101.84,11.00,477.00,3,3,3
2023-08-15T18:41:04Z,23.16,65.81,99,0,37.85,101.83,11.00,477.00,null,null,null
2023-08-15T18:42:04Z,23.16,65.75,99,0,33.25,101.84,11.00,477.00,null,null,null
2023-08-15T18:43:04Z,23.16,65.78,99,0,33.38,101.84,10.00,472.00,null,null,null
2023-08-15T18:44:04Z,23.13,65.79,99,0,35.64,101.85,10.00,472.00,null,null,null
2023-08-15T18:45:04Z,23.10,65.79,99,0,38.27,101.85,10.00,472.00,0,0,0
2023-08-15T18:46:04Z,23.12,65.83,99,0,36.36,101.85,10.00,472.00,null,null,null
2023-08-15T18:47:04Z,23.16,65.83,99,0,34.32,101.86,10.00,472.00,null,null,null
2023-08-15T18:48:04Z,23.14,65.77,99,0,32.26,101.86,10.00,472.00,null,null,null
2023-08-15T18:49:04Z,23.12,65.79,99,0,38.28,101.86,10.00,466.00,null,null,null
2023-08-15T18:50:04Z,23.10,65.82,99,0,33.10,101.85,10.00,466.00,1,1,8
2023-08-15T18:51:04Z,23.14,65.87,99,0,33.71,101.86,10.00,466.00,null,null,null
2023-08-15T18:52:04Z,23.16,65.74,99,0,33.51,101.86,10.00,466.00,null,null,null
2023-08-15T18:53:04Z,23.13,65.80,99,0,34.38,101.86,11.00,473.00,null,null,null
2023-08-15T18:54:04Z,23.12,65.83,99,0,36.11,101.86,10.00,466.00,null,null,null
2023-08-15T18:55:04Z,23.09,65.85,99,0,35.44,101.87,10.00,466.00,3,3,3
2023-08-15T18:56:04Z,23.13,65.84,99,0,37.73,101.87,10.00,466.00,null,null,null
2023-08-15T18:57:04Z,23.10,65.85,99,0,38.14,101.87,9.00,462.00,null,null,null
2023-08-15T18:58:04Z,23.13,65.83,99,0,43.42,101.87,9.00,462.00,null,null,null
2023-08-15T18:59:04Z,23.10,65.87,99,0,37.37,101.88,8.00,459.00,null,null,null
2023-08-15T19:00:04Z,23.10,65.80,99,0,40.89,101.88,9.00,462.00,0,0,0
2023-08-15T19:01:04Z,23.12,65.89,99,0,36.43,101.87,8.00,459.00,null,null,null
2023-08-15T19:02:04Z,23.13,65.83,99,0,41.63,101.88,8.00,459.00,null,null,null
2023-08-15T19:03:04Z,23.10,65.81,99,0,36.20,101.88,8.00,459.00,null,null,null
2023-08-15T19:04:04Z,23.10,65.87,99,0,39.18,101.88,8.00,459.00,null,null,null
2023-08-15T19:05:04Z,23.10,65.88,99,0,36.82,101.88,8.00,459.00,1,4,4
2023-08-15T19:06:04Z,23.10,65.86,99,0,36.04,101.88,8.00,459.00,null,null,null
2023-08-15T19:07:04Z,23.12,65.95,99,0,35.42,101.89,8.00,459.00,null,null,null
2023-08-15T19:08:04Z,23.12,65.88,99,0,32.21,101.88,10.00,472.00,null,null,null
2023-08-15T19:09:04Z,23.13,65.94,99,0,37.38,101.88,8.00,459.00,null,null,null
2023-08-15T19:10:04Z,23.09,66.09,99,0,39.04,101.89,10.00,466.00,2,2,2
2023-08-15T19:11:04Z,23.12,66.01,99,0,35.21,101.88,10.00,466.00,null,null,null
2023-08-15T19:12:04Z,23.12,66.01,99,0,32.27,101.89,8.00,459.00,null,null,null
2023-08-15T19:13:04Z,23.10,66.07,99,0,39.59,101.89,8.00,459.00,null,null,null
2023-08-15T19:14:04Z,23.09,66.11,99,0,37.58,101.89,8.00,459.00,null,null,null
2023-08-15T19:15:04Z,23.10,66.11,99,0,40.80,101.89,9.00,462.00,1,1,1
2023-08-15T19:16:04Z,23.12,66.18,99,0,37.28,101.89,8.00,459.00,null,null,null
2023-08-15T19:17:04Z,23.12,66.20,99,0,32.87,101.90,8.00,459.00,null,null,null
2023-08-15T19:18:04Z,23.12,66.25,99,0,36.24,101.90,9.00,462.00,null,null,null
2023-08-15T19:19:04Z,23.12,66.29,99,0,51.14,101.89,8.00,454.00,null,null,null
2023-08-15T19:20:04Z,23.09,66.23,99,0,48.75,101.89,8.00,454.00,1,1,1
2023-08-15T19:21:04Z,23.13,66.25,99,0,36.16,101.89,9.00,462.00,null,null,null
2023-08-15T19:22:04Z,23.10,66.21,99,0,36.77,101.89,8.00,454.00,null,null,null
2023-08-15T19:23:04Z,23.09,66.19,99,0,51.25,101.89,9.00,462.00,null,null,null
2023-08-15T19:24:04Z,23.09,66.23,99,0,38.61,101.89,9.00,462.00,null,null,null
2023-08-15T19:25:04Z,23.07,66.19,99,0,39.90,101.89,9.00,462.00,0,0,0
2023-08-15T19:26:04Z,23.09,66.25,99,0,37.31,101.89,9.00,462.00,null,null,null
2023-08-15T19:27:04Z,23.09,66.09,99,0,50.57,101.89,8.00,457.00,null,null,null
2023-08-15T19:28:04Z,23.07,66.14,99,0,40.66,101.89,9.00,462.00,null,null,null
2023-08-15T19:29:04Z,23.07,66.18,99,0,40.09,101.89,9.00,462.00,null,null,null
2023-08-15T19:30:04Z,23.07,66.24,99,0,37.37,101.90,8.00,459.00,1,1,1
2023-08-15T19:31:04Z,23.09,66.26,99,0,35.23,101.90,8.00,459.00,null,null,null
2023-08-15T19:32:04Z,23.07,66.17,99,0,39.83,101.90,8.00,454.00,null,null,null
2023-08-15T19:33:04Z,23.09,66.20,99,0,35.57,101.90,8.00,459.00,null,null,null
2023-08-15T19:34:04Z,23.07,66.21,99,0,36.40,101.90,10.00,466.00,null,null,null
2023-08-15T19:35:04Z,23.06,66.26,99,0,37.73,101.90,8.00,459.00,1,1,1
2023-08-15T19:36:04Z,23.09,66.24,99,0,33.15,101.90,9.00,462.00,null,null,null
2023-08-15T19:37:04Z,23.09,66.15,99,0,35.44,101.90,9.00,462.00,null,null,null
2023-08-15T19:38:04Z,23.07,66.19,99,0,31.88,101.91,8.00,459.00,null,null,null
2023-08-15T19:39:04Z,23.06,66.18,99,0,35.67,101.90,10.00,466.00,null,null,null
2023-08-15T19:40:04Z,23.09,66.24,99,0,39.60,101.91,8.00,459.00,2,3,3
2023-08-15T19:41:04Z,23.07,66.25,99,0,36.23,101.91,9.00,462.00,null,null,null
2023-08-15T19:42:04Z,23.09,66.19,99,0,39.42,101.91,7.00,447.00,null,null,null
2023-08-15T19:43:04Z,23.06,66.18,99,0,42.64,101.92,7.00,452.00,null,null,null
2023-08-15T19:44:04Z,23.07,66.21,99,0,38.19,101.92,9.00,462.00,null,null,null
2023-08-15T19:45:04Z,23.06,66.22,99,0,34.63,101.92,7.00,452.00,2,2,2
2023-08-15T19:46:04Z,23.07,66.23,99,0,38.90,101.91,8.00,459.00,null,null,null
2023-08-15T19:47:04Z,23.09,66.23,99,0,34.08,101.92,7.00,452.00,null,null,null
2023-08-15T19:48:04Z,23.05,66.19,99,0,36.52,101.92,7.00,452.00,null,null,null
2023-08-15T19:49:04Z,23.06,66.24,99,0,35.56,101.92,8.00,459.00,null,null,null
2023-08-15T19:50:04Z,23.05,66.20,99,0,32.17,101.92,7.00,452.00,3,4,4
2023-08-15T19:51:04Z,23.05,66.21,99,0,36.93,101.92,8.00,459.00,null,null,null
2023-08-15T19:52:04Z,23.05,66.12,99,0,34.40,101.92,7.00,452.00,null,null,null
2023-08-15T19:53:04Z,23.06,66.16,99,0,36.17,101.92,8.00,459.00,null,null,null
2023-08-15T19:54:04Z,23.06,66.16,99,0,39.53,101.93,7.00,452.00,null,null,null
2023-08-15T19:55:04Z,23.03,66.17,99,0,45.72,101.93,9.00,462.00,1,3,3
2023-08-15T19:56:04Z,23.05,66.20,99,0,45.98,101.93,8.00,459.00,null,null,null
2023-08-15T19:57:04Z,23.06,66.18,99,0,42.37,101.93,8.00,459.00,null,null,null
2023-08-15T19:58:04Z,23.06,66.21,99,0,41.05,101.93,8.00,459.00,null,null,null
2023-08-15T19:59:04Z,23.05,66.14,99,0,36.47,101.94,9.00,462.00,null,null,null
2023-08-15T20:00:04Z,23.02,66.23,99,0,42.40,101.93,8.00,459.00,3,3,3
2023-08-15T20:01:04Z,23.02,66.25,99,0,37.03,101.94,8.00,459.00,null,null,null
2023-08-15T20:02:04Z,23.06,66.35,99,0,40.62,101.93,8.00,454.00,null,null,null
2023-08-15T20:03:04Z,23.03,66.33,99,0,35.89,101.93,8.00,454.00,null,null,null
2023-08-15T20:04:04Z,23.05,66.30,99,0,41.01,101.94,7.00,447.00,null,null,null
2023-08-15T20:05:04Z,23.00,66.27,99,0,33.22,101.94,8.00,457.00,0,0,0
2023-08-15T20:06:04Z,23.05,66.36,99,0,37.18,101.94,8.00,454.00,null,null,null
2023-08-15T20:07:04Z,23.05,66.25,99,0,37.52,101.94,8.00,454.00,null,null,null
2023-08-15T20:08:04Z,23.03,66.40,99,0,34.38,101.94,8.00,454.00,null,null,null
2023-08-15T20:09:04Z,23.03,66.41,99,0,39.91,101.94,8.00,454.00,null,null,null
2023-08-15T20:10:04Z,23.03,66.52,99,0,33.49,101.95,8.00,454.00,2,2,2
2023-08-15T20:11:04Z,23.02,66.61,99,0,37.76,101.94,8.00,454.00,null,null,null
2023-08-15T20:12:04Z,23.02,66.48,99,0,39.69,101.95,7.00,447.00,null,null,null
2023-08-15T20:13:04Z,23.00,66.65,99,0,35.88,101.94,8.00,457.00,null,null,null
2023-08-15T20:14:04Z,23.05,66.59,99,0,36.14,101.94,8.00,457.00,null,null,null
2023-08-15T20:15:04Z,23.00,66.57,99,0,34.86,101.95,8.00,457.00,0,0,0
2023-08-15T20:16:04Z,23.03,66.62,99,0,42.81,101.95,9.00,462.00,null,null,null
2023-08-15T20:17:04Z,23.06,66.62,99,0,33.47,101.94,8.00,454.00,null,null,null
2023-08-15T20:18:04Z,23.02,66.60,99,0,33.61,101.95,8.00,457.00,null,null,null
2023-08-15T20:19:04Z,23.00,66.62,99,0,39.21,101.94,8.00,457.00,null,null,null
2023-08-15T20:20:04Z,23.02,66.64,99,0,36.75,101.95,9.00,464.00,3,3,3
2023-08-15T20:21:04Z,23.03,66.70,99,0,35.21,101.95,8.00,457.00,null,null,null
2023-08-15T20:22:04Z,23.02,66.91,99,0,34.80,101.94,8.00,454.00,null,null,null
2023-08-15T20:23:04Z,23.02,66.86,99,0,39.84,101.95,8.00,454.00,null,null,null
2023-08-15T20:24:04Z,23.02,66.83,99,0,59.21,101.94,7.00,450.00,null,null,null
2023-08-15T20:25:04Z,23.00,67.06,99,0,37.30,101.95,8.00,454.00,1,2,2
2023-08-15T20:26:04Z,23.03,67.07,99,0,39.76,101.95,8.00,459.00,null,null,null
2023-08-15T20:27:04Z,23.03,67.24,99,0,46.67,101.95,7.00,450.00,null,null,null
2023-08-15T20:28:04Z,23.02,67.21,99,0,42.40,101.95,7.00,450.00,null,null,null
2023-08-15T20:29:04Z,22.99,67.24,99,0,45.25,101.95,8.00,454.00,null,null,null
2023-08-15T20:30:04Z,22.99,67.18,99,0,58.51,101.95,8.00,454.00,2,4,4
2023-08-15T20:31:04Z,23.05,67.35,99,0,44.01,101.95,8.00,454.00,null,null,null
2023-08-15T20:32:04Z,23.02,67.27,99,0,40.53,101.95,7.00,450.00,null,null,null
2023-08-15T20:33:04Z,23.03,67.38,99,0,46.95,101.95,7.00,450.00,null,null,null
2023-08-15T20:34:04Z,23.05,67.49,99,0,43.25,101.95,7.00,450.00,null,null,null
2023-08-15T20:35:04Z,23.00,67.43,99,0,44.59,101.95,7.00,450.00,3,3,3
2023-08-15T20:36:04Z,23.02,67.50,99,0,50.43,101.95,7.00,450.00,null,null,null
2023-08-15T20:37:04Z,23.02,67.49,99,0,48.09,101.95,7.00,450.00,null,null,null
2023-08-15T20:38:04Z,23.03,67.50,99,0,43.09,101.96,7.00,450.00,null,null,null
2023-08-15T20:39:04Z,23.02,67.50,99,0,46.74,101.95,8.00,455.00,null,null,null
2023-08-15T20:40:04Z,23.02,67.58,99,0,45.09,101.95,8.00,455.00,2,2,2
2023-08-15T20:41:04Z,23.02,67.67,99,0,46.34,101.95,7.00,450.00,null,null,null
2023-08-15T20:42:04Z,23.02,67.62,99,0,43.60,101.96,8.00,455.00,null,null,null
2023-08-15T20:43:04Z,23.03,67.73,99,0,45.47,101.96,8.00,455.00,null,null,null
2023-08-15T20:44:04Z,23.02,67.81,99,0,42.85,101.96,8.00,457.00,null,null,null
2023-08-15T20:45:04Z,23.00,67.75,99,0,48.07,101.96,7.00,452.00,3,4,4
2023-08-15T20:46:04Z,23.05,67.98,99,0,42.74,101.96,7.00,452.00,null,null,null
2023-08-15T20:47:04Z,23.03,67.90,99,0,53.84,101.96,7.00,452.00,null,null,null
2023-08-15T20:48:04Z,23.03,68.04,99,0,43.76,101.96,8.00,457.00,null,null,null
2023-08-15T20:49:04Z,23.03,67.63,99,0,40.02,101.96,8.00,457.00,null,null,null
2023-08-15T20:50:04Z,23.00,67.60,99,0,35.81,101.96,9.00,462.00,2,2,2
2023-08-15T20:51:04Z,23.05,67.70,99,0,36.50,101.96,9.00,462.00,null,null,null
2023-08-15T20:52:04Z,23.07,67.64,99,0,35.42,101.96,9.00,462.00,null,null,null
2023-08-15T20:53:04Z,23.06,67.69,99,0,36.23,101.96,10.00,472.00,null,null,null
2023-08-15T20:54:04Z,23.06,67.65,99,0,35.25,101.96,9.00,462.00,null,null,null
2023-08-15T20:55:04Z,23.03,67.74,99,0,36.79,101.97,10.00,472.00,2,2,2
2023-08-15T20:56:04Z,23.03,67.74,99,0,35.46,101.96,10.00,472.00,null,null,null
2023-08-15T20:57:04Z,23.05,67.69,99,0,36.06,101.97,11.00,475.00,null,null,null
2023-08-15T20:58:04Z,23.03,67.74,99,0,35.09,101.97,11.00,475.00,null,null,null
2023-08-15T20:59:04Z,23.06,67.76,99,0,31.46,101.96,11.00,475.00,null,null,null
2023-08-15T21:00:04Z,23.03,67.86,99,0,30.40,101.97,10.00,466.00,5,5,5
2023-08-15T21:01:04Z,23.03,67.85,99,0,30.25,101.96,10.00,466.00,null,null,null
2023-08-15T21:02:04Z,23.03,67.82,99,0,32.91,101.96,11.00,475.00,null,null,null
2023-08-15T21:03:04Z,23.02,67.82,99,0,34.40,101.97,11.00,475.00,null,null,null
2023-08-15T21:04:04Z,23.03,67.82,99,0,33.63,101.96,11.00,475.00,null,null,null
2023-08-15T21:05:04Z,23.02,67.77,99,0,31.81,101.96,11.00,475.00,1,1,1
2023-08-15T21:06:04Z,23.03,67.87,99,0,33.90,101.96,11.00,475.00,null,null,null
2023-08-15T21:07:04Z,23.02,67.82,99,0,33.78,101.97,11.00,475.00,null,null,null
2023-08-15T21:08:04Z,23.02,67.82,99,0,31.92,101.96,11.00,475.00,null,null,null
2023-08-15T21:09:04Z,23.02,67.82,99,0,34.69,101.96,12.00,480.00,null,null,null
2023-08-15T21:10:04Z,22.99,67.87,99,0,34.19,101.96,11.00,475.00,1,1,1
2023-08-15T21:11:04Z,23.03,67.83,99,0,31.92,101.96,12.00,480.00,null,null,null
2023-08-15T21:12:04Z,23.05,67.82,99,0,32.86,101.96,11.00,475.00,null,null,null
2023-08-15T21:13:04Z,23.02,67.80,99,0,37.49,101.96,12.00,480.00,null,null,null
2023-08-15T21:14:04Z,23.03,67.80,99,0,33.70,101.96,12.00,480.00,null,null,null
2023-08-15T21:15:04Z,22.99,67.92,99,0,32.24,101.96,12.00,480.00,3,3,3
2023-08-15T21:16:04Z,22.99,67.92,99,0,35.75,101.96,12.00,480.00,null,null,null
2023-08-15T21:17:04Z,23.00,67.88,99,0,35.03,101.96,12.00,480.00,null,null,null
2023-08-15T21:18:04Z,23.00,67.88,99,0,31.31,101.96,12.00,485.00,null,null,null
2023-08-15T21:19:04Z,23.00,67.88,99,0,35.13,101.97,12.00,485.00,null,null,null
2023-08-15T21:20:04Z,22.98,67.93,99,0,35.14,101.97,12.00,485.00,2,2,2
2023-08-15T21:21:04Z,22.99,67.92,99,0,34.40,101.97,12.00,485.00,null,null,null
2023-08-15T21:22:04Z,23.02,67.87,99,0,33.71,101.97,12.00,485.00,null,null,null
2023-08-15T21:23:04Z,23.02,67.89,99,0,36.49,101.97,12.00,485.00,null,null,null
2023-08-15T21:24:04Z,22.98,67.91,99,0,33.24,101.97,12.00,485.00,null,null,null
2023-08-15T21:25:04Z,22.98,67.96,99,0,33.71,101.98,12.00,485.00,0,0,0
2023-08-15T21:26:04Z,22.99,67.98,99,0,30.26,101.98,12.00,485.00,null,null,null
2023-08-15T21:27:04Z,22.99,67.97,99,0,35.02,101.98,12.00,485.00,null,null,null
2023-08-15T21:28:04Z,23.00,67.95,99,0,37.11,101.98,12.00,485.00,null,null,null
2023-08-15T21:29:04Z,22.99,67.99,99,0,35.96,101.98,12.00,485.00,null,null,null
2023-08-15T21:30:04Z,22.98,68.05,99,0,36.81,101.98,12.00,485.00,1,3,3
2023-08-15T21:31:04Z,22.99,68.03,99,0,34.77,101.98,13.00,491.00,null,null,null
2023-08-15T21:32:04Z,23.00,67.98,99,0,38.56,101.98,13.00,491.00,null,null,null
2023-08-15T21:33:04Z,22.99,68.06,99,0,31.85,101.98,13.00,491.00,null,null,null
2023-08-15T21:34:04Z,22.99,68.01,99,0,30.11,101.98,13.00,491.00,null,null,null
2023-08-15T21:35:04Z,22.98,68.09,99,0,33.21,101.98,13.00,491.00,1,1,1
2023-08-15T21:36:04Z,23.00,68.10,99,0,37.51,101.98,13.00,491.00,null,null,null
2023-08-15T21:37:04Z,22.98,68.08,99,0,34.90,101.98,13.00,491.00,null,null,null
2023-08-15T21:38:04Z,22.96,68.10,99,0,34.39,101.98,13.00,491.00,null,null,null
2023-08-15T21:39:04Z,22.98,68.10,99,0,32.34,101.98,13.00,491.00,null,null,null
2023-08-15T21:40:04Z,22.96,68.14,99,0,43.88,101.98,13.00,491.00,2,2,2
2023-08-15T21:41:04Z,22.96,68.17,99,0,32.94,101.98,13.00,491.00,null,null,null
2023-08-15T21:42:04Z,22.98,68.13,99,0,32.72,101.98,13.00,491.00,null,null,null
2023-08-15T21:43:04Z,22.96,68.15,99,0,35.93,101.98,13.00,491.00,null,null,null
2023-08-15T21:44:04Z,22.98,68.09,99,0,35.15,101.98,13.00,491.00,null,null,null
2023-08-15T21:45:04Z,22.93,68.13,99,0,31.17,101.98,13.00,491.00,0,0,0
2023-08-15T21:46:04Z,22.96,68.19,99,0,34.88,101.99,13.00,491.00,null,null,null
2023-08-15T21:47:04Z,22.99,68.24,99,0,37.09,101.99,13.00,491.00,null,null,null
2023-08-15T21:48:04Z,22.96,68.17,99,0,37.11,101.99,13.00,491.00,null,null,null
2023-08-15T21:49:04Z,22.98,68.28,99,0,31.57,101.99,13.00,491.00,null,null,null
2023-08-15T21:50:04Z,22.93,68.32,99,0,34.40,101.99,14.00,492.00,2,2,2
2023-08-15T21:51:04Z,22.95,68.35,99,0,35.50,101.99,14.00,492.00,null,null,null
2023-08-15T21:52:04Z,22.98,68.34,99,0,32.73,102.00,14.00,492.00,null,null,null
2023-08-15T21:53:04Z,22.98,68.35,99,0,32.10,101.99,14.00,492.00,null,null,null
2023-08-15T21:54:04Z,22.96,68.35,99,0,35.14,101.99,14.00,492.00,null,null,null
2023-08-15T21:55:04Z,22.93,68.44,99,0,31.72,102.00,14.00,492.00,0,0,0
2023-08-15T21:56:04Z,22.93,68.44,99,0,36.31,102.00,14.00,492.00,null,null,null
2023-08-15T21:57:04Z,22.96,68.36,99,0,35.30,102.00,14.00,492.00,null,null,null
2023-08-15T21:58:04Z,22.96,68.41,99,0,31.75,101.99,14.00,492.00,null,null,null
2023-08-15T21:59:04Z,22.99,68.42,99,0,32.39,101.99,14.00,496.00,null,null,null
2023-08-15T22:00:04Z,22.95,68.43,99,0,32.62,102.00,14.00,492.00,1,1,1
2023-08-15T22:01:04Z,22.95,68.43,99,0,30.76,102.00,14.00,496.00,null,null,null
2023-08-15T22:02:04Z,22.98,68.40,99,0,31.25,102.00,14.00,492.00,null,null,null
2023-08-15T22:03:04Z,22.98,68.32,99,0,32.82,102.00,14.00,496.00,null,null,null
2023-08-15T22:04:04Z,22.93,68.38,99,0,32.66,102.00,14.00,496.00,null,null,null
2023-08-15T22:05:04Z,22.92,68.40,99,0,33.15,102.00,14.00,492.00,1,1,1
2023-08-15T22:06:04Z,22.96,68.40,99,0,31.09,102.00,14.00,496.00,null,null,null
2023-08-15T22:07:04Z,22.96,68.43,99,0,31.74,102.00,14.00,496.00,null,null,null
2023-08-15T22:08:04Z,22.98,68.41,99,0,35.42,102.00,14.00,496.00,null,null,null
2023-08-15T22:09:04Z,22.95,68.44,99,0,34.03,102.00,14.00,496.00,null,null,null
2023-08-15T22:10:04Z,22.95,68.41,99,0,32.37,102.00,14.00,496.00,1,2,2
2023-08-15T22:11:04Z,22.93,68.41,99,0,31.69,102.00,14.00,496.00,null,null,null
2023-08-15T22:12:04Z,22.96,68.39,99,0,33.24,102.00,14.00,496.00,null,null,null
2023-08-15T22:13:04Z,22.95,68.42,99,0,32.23,102.00,14.00,496.00,null,null,null
2023-08-15T22:14:04Z,22.95,68.40,99,0,33.06,102.00,14.00,496.00,null,null,null
2023-08-15T22:15:04Z,22.93,68.42,99,0,34.25,102.00,14.00,496.00,2,2,2
2023-08-15T22:16:04Z,22.93,68.48,99,0,35.67,102.00,14.00,496.00,null,null,null
2023-08-15T22:17:04Z,22.95,68.41,99,0,34.80,102.00,14.00,496.00,null,null,null
2023-08-15T22:18:04Z,22.93,68.39,99,0,34.86,102.00,14.00,496.00,null,null,null
2023-08-15T22:19:04Z,22.93,68.41,99,0,35.59,102.00,14.00,496.00,null,null,null
2023-08-15T22:20:04Z,22.93,68.41,99,0,30.98,102.00,14.00,496.00,2,2,2
2023-08-15T22:21:04Z,22.95,68.46,99,0,32.35,102.00,14.00,496.00,null,null,null
2023-08-15T22:22:04Z,22.95,68.45,99,0,33.36,102.00,15.00,502.00,null,null,null
2023-08-15T22:23:04Z,22.93,68.44,99,0,33.10,102.01,14.00,496.00,null,null,null
2023-08-15T22:24:04Z,22.93,68.43,99,0,36.61,102.01,15.00,502.00,null,null,null
2023-08-15T22:25:04Z,22.92,68.50,99,0,35.86,102.01,14.00,496.00,0,0,0
2023-08-15T22:26:04Z,22.95,68.49,99,0,33.07,102.01,15.00,502.00,null,null,null
2023-08-15T22:27:04Z,22.93,68.47,99,0,32.70,102.01,15.00,502.00,null,null,null
2023-08-15T22:28:04Z,22.93,68.47,99,0,32.58,102.01,15.00,502.00,null,null,null
2023-08-15T22:29:04Z,22.92,68.53,99,0,33.03,102.01,15.00,502.00,null,null,null
2023-08-15T22:30:04Z,22.93,68.50,99,0,35.10,102.01,15.00,502.00,0,0,0
2023-08-15T22:31:04Z,22.93,68.56,99,0,34.77,102.01,15.00,502.00,null,null,null
2023-08-15T22:32:04Z,22.95,68.49,99,0,35.09,102.01,15.00,502.00,null,null,null
2023-08-15T22:33:04Z,22.95,68.54,99,0,32.72,102.02,15.00,502.00,null,null,null
2023-08-15T22:34:04Z,22.95,68.62,99,0,33.22,102.02,15.00,502.00,null,null,null
2023-08-15T22:35:04Z,22.89,68.58,99,0,34.19,102.02,15.00,502.00,1,1,1
2023-08-15T22:36:04Z,22.93,68.57,99,0,33.56,102.02,15.00,502.00,null,null,null
2023-08-15T22:37:04Z,22.95,68.58,99,0,33.47,102.02,15.00,502.00,null,null,null
2023-08-15T22:38:04Z,22.92,68.60,99,0,33.81,102.02,16.00,506.00,null,null,null
2023-08-15T22:39:04Z,22.92,68.70,99,0,34.20,102.02,16.00,506.00,null,null,null
2023-08-15T22:40:04Z,22.93,68.74,99,0,33.80,102.02,16.00,506.00,2,2,2
2023-08-15T22:41:04Z,22.93,68.68,99,0,35.78,102.02,16.00,506.00,null,null,null
2023-08-15T22:42:04Z,22.96,68.68,99,0,36.49,102.02,16.00,506.00,null,null,null
2023-08-15T22:43:04Z,22.93,68.74,99,0,33.37,102.02,16.00,506.00,null,null,null
2023-08-15T22:44:04Z,22.93,68.76,99,0,36.55,102.02,16.00,506.00,null,null,null
2023-08-15T22:45:04Z,22.91,68.78,99,0,31.60,102.02,15.00,502.00,3,5,5
2023-08-15T22:46:04Z,22.91,68.77,99,0,31.99,102.02,16.00,508.00,null,null,null
2023-08-15T22:47:04Z,22.93,68.79,99,0,34.11,102.02,16.00,508.00,null,null,null
2023-08-15T22:48:04Z,22.92,68.71,99,0,37.62,102.02,15.00,502.00,null,null,null
2023-08-15T22:49:04Z,22.91,68.82,99,0,32.53,102.02,17.00,517.00,null,null,null
2023-08-15T22:50:04Z,22.89,68.82,99,0,33.81,102.02,16.00,508.00,2,2,7
2023-08-15T22:51:04Z,22.89,68.85,99,0,29.64,102.02,16.00,508.00,null,null,null
2023-08-15T22:52:04Z,22.95,68.80,99,0,36.16,102.02,16.00,508.00,null,null,null
2023-08-15T22:53:04Z,22.93,68.84,99,0,36.23,102.02,16.00,508.00,null,null,null
2023-08-15T22:54:04Z,22.91,68.82,99,0,34.58,102.02,16.00,508.00,null,null,null
2023-08-15T22:55:04Z,22.89,68.82,99,0,33.44,102.02,16.00,508.00,0,0,0
2023-08-15T22:56:04Z,22.92,68.82,99,0,33.86,102.02,16.00,508.00,null,null,null
2023-08-15T22:57:04Z,22.93,68.82,99,0,30.85,102.02,16.00,508.00,null,null,null
2023-08-15T22:58:04Z,22.92,68.85,99,0,42.51,102.02,16.00,508.00,null,null,null
2023-08-15T22:59:04Z,22.92,68.91,99,0,32.66,102.02,16.00,508.00,null,null,null
2023-08-15T23:00:04Z,22.93,68.90,99,0,33.28,102.01,16.00,508.00,0,0,0
2023-08-15T23:01:04Z,22.92,68.91,99,0,32.37,102.02,16.00,508.00,null,null,null
2023-08-15T23:02:04Z,22.92,68.83,99,0,35.04,102.01,16.00,508.00,null,null,null
2023-08-15T23:03:04Z,22.91,68.88,99,0,33.11,102.02,16.00,508.00,null,null,null
2023-08-15T23:04:04Z,22.92,68.86,99,0,34.33,102.02,16.00,508.00,null,null,null
2023-08-15T23:05:04Z,22.89,68.91,99,0,35.61,102.02,16.00,508.00,0,0,0
2023-08-15T23:06:04Z,22.92,68.93,99,0,34.03,102.02,16.00,508.00,null,null,null
2023-08-15T23:07:04Z,22.95,68.91,99,0,35.92,102.02,16.00,508.00,null,null,null
2023-08-15T23:08:04Z,22.92,68.93,99,0,31.59,102.02,16.00,508.00,null,null,null
2023-08-15T23:09:04Z,22.93,68.98,99,0,32.57,102.01,16.00,508.00,null,null,null
2023-08-15T23:10:04Z,22.89,68.99,99,0,33.37,102.02,16.00,508.00,0,0,0
2023-08-15T23:11:04Z,22.91,68.98,99,0,30.41,102.02,17.00,518.00,null,null,null
2023-08-15T23:12:04Z,22.91,68.96,99,0,33.40,102.02,16.00,508.00,null,null,null
2023-08-15T23:13:04Z,22.91,68.93,99,0,31.92,102.02,17.00,518.00,null,null,null
2023-08-15T23:14:04Z,22.92,69.03,99,0,35.68,102.02,17.00,518.00,null,null,null
2023-08-15T23:15:04Z,22.91,68.99,99,0,33.62,102.02,17.00,518.00,1,1,1
2023-08-15T23:16:04Z,22.91,69.01,99,0,33.73,102.02,17.00,518.00,null,null,null
2023-08-15T23:17:04Z,22.89,68.97,99,0,31.81,102.02,17.00,518.00,null,null,null
2023-08-15T23:18:04Z,22.91,68.97,99,0,34.93,102.02,17.00,518.00,null,null,null
2023-08-15T23:19:04Z,22.89,68.99,99,0,29.93,102.02,17.00,518.00,null,null,null
2023-08-15T23:20:04Z,22.89,69.01,99,0,34.57,102.02,17.00,518.00,2,2,2
2023-08-15T23:21:04Z,22.92,69.07,99,0,32.74,102.02,16.00,508.00,null,null,null
2023-08-15T23:22:04Z,22.92,68.97,99,0,34.63,102.02,17.00,518.00,null,null,null
2023-08-15T23:23:04Z,22.91,68.97,99,0,34.01,102.02,17.00,518.00,null,null,null
2023-08-15T23:24:04Z,22.91,69.03,99,0,33.40,102.02,17.00,518.00,null,null,null
2023-08-15T23:25:04Z,22.88,68.99,99,0,31.58,102.02,17.00,518.00,2,4,9
2023-08-15T23:26:04Z,22.91,69.02,99,0,31.88,102.02,17.00,518.00,null,null,null
2023-08-15T23:27:04Z,22.92,68.99,99,0,31.82,102.02,17.00,518.00,null,null,null
2023-08-15T23:28:04Z,22.91,69.00,99,0,31.83,102.02,17.00,518.00,null,null,null
2023-08-15T23:29:04Z,22.91,69.00,99,0,30.86,102.02,17.00,518.00,null,null,null
2023-08-15T23:30:04Z,22.89,68.95,99,0,32.30,102.02,17.00,518.00,1,1,1
2023-08-15T23:31:04Z,22.92,69.11,99,0,35.08,102.02,17.00,518.00,null,null,null
2023-08-15T23:32:04Z,22.92,69.06,99,0,31.33,102.03,17.00,518.00,null,null,null
2023-08-15T23:33:04Z,22.91,69.09,99,0,37.51,102.02,17.00,518.00,null,null,null
2023-08-15T23:34:04Z,22.88,69.11,99,0,31.13,102.02,17.00,518.00,null,null,null
2023-08-15T23:35:04Z,22.91,69.21,99,0,36.69,102.02,18.00,524.00,4,6,6
2023-08-15T23:36:04Z,22.91,69.15,99,0,30.98,102.02,18.00,524.00,null,null,null
2023-08-15T23:37:04Z,22.91,69.12,99,0,34.55,102.02,18.00,524.00,null,null,null
2023-08-15T23:38:04Z,22.91,69.13,99,0,37.78,102.02,18.00,524.00,null,null,null
2023-08-15T23:39:04Z,22.89,69.23,99,0,32.73,102.02,18.00,524.00,null,null,null
2023-08-15T23:40:04Z,22.88,69.29,99,0,35.66,102.02,18.00,524.00,0,0,0
2023-08-15T23:41:04Z,22.91,69.28,99,0,31.71,102.03,18.00,519.00,null,null,null
2023-08-15T23:42:04Z,22.93,69.23,99,0,30.03,102.02,19.00,526.00,null,null,null
2023-08-15T23:43:04Z,22.89,69.29,99,0,30.54,102.02,18.00,524.00,null,null,null
2023-08-15T23:44:04Z,22.91,69.20,99,0,33.90,102.02,18.00,519.00,null,null,null
2023-08-15T23:45:04Z,22.89,69.26,99,0,31.48,102.03,19.00,530.00,2,2,2
2023-08-15T23:46:04Z,22.91,69.29,99,0,33.87,102.03,19.00,526.00,null,null,null
2023-08-15T23:47:04Z,22.92,69.17,99,0,32.42,102.02,19.00,526.00,null,null,null
2023-08-15T23:48:04Z,22.89,69.28,99,0,33.22,102.02,19.00,530.00,null,null,null
2023-08-15T23:49:04Z,22.89,69.22,99,0,33.51,102.03,19.00,526.00,null,null,null
2023-08-15T23:50:04Z,22.88,69.37,99,0,36.62,102.02,19.00,530.00,2,2,2
2023-08-15T23:51:04Z,22.91,69.37,99,0,32.57,102.02,19.00,526.00,null,null,null
2023-08-15T23:52:04Z,22.89,69.31,99,0,30.27,102.03,19.00,526.00,null,null,null
2023-08-15T23:53:04Z,22.91,69.26,99,0,34.46,102.02,19.00,526.00,null,null,null
2023-08-15T23:54:04Z,22.91,69.33,99,0,31.22,102.03,19.00,526.00,null,null,null
2023-08-15T23:55:04Z,22.86,69.32,99,0,31.20,102.02,19.00,526.00,1,1,1
2023-08-15T23:56:04Z,22.92,69.44,99,0,33.93,102.02,19.00,526.00,null,null,null
2023-08-15T23:57:04Z,22.91,69.37,99,0,33.33,102.02,19.00,526.00,null,null,null
2023-08-15T23:58:04Z,22.91,69.42,99,0,30.21,102.02,19.00,526.00,null,null,null
2023-08-15T23:59:04Z,22.89,69.42,99,0,34.16,102.02,19.00,526.00,null,null,null
