TIME,TEMP,HUM,BATT,LIGHT,NOISE_A,PRESS,CCS811_VOCS,CCS811_ECO2,PM_1,PM_25,PM_10
ISO 8601,C,%,%,Lux,dBA,kPa,ppb,ppm,ug/m3,ug/m3,ug/m3
Time,Temperature,Humidity,Battery,Light,Noise dBA,Barometric pressure,VOC Gas CCS811,eCO2 Gas CCS811,PM 1.0,PM 2.5,PM 10.0
,55,56,10,14,53,58,113,112,89,87,88
2023-08-30T00:00:04Z,21.49,65.69,99,0,38.26,100.91,40.00,666.00,0,0,0
2023-08-30T00:01:04Z,21.51,65.63,99,0,35.49,100.91,40.00,665.00,null,null,null
2023-08-30T00:02:04Z,21.49,65.72,99,0,34.28,100.90,41.00,672.00,null,null,null
2023-08-30T00:03:04Z,21.51,65.80,99,0,38.62,100.91,43.00,683.00,null,null,null
2023-08-30T00:04:04Z,21.49,65.78,99,0,37.48,100.91,43.00,686.00,null,null,null
2023-08-30T00:05:04Z,21.49,65.63,99,0,40.12,100.90,42.00,678.00,0,0,0
2023-08-30T00:06:04Z,21.49,65.48,99,0,39.37,100.90,41.00,672.00,null,null,null
2023-08-30T00:07:04Z,21.49,65.52,99,0,34.84,100.91,41.00,672.00,null,null,null
2023-08-30T00:08:04Z,21.51,65.53,99,0,34.55,100.90,41.00,672.00,null,null,null
2023-08-30T00:09:04Z,21.49,65.48,99,0,32.78,100.90,41.00,672.00,null,null,null
2023-08-30T00:10:04Z,21.45,65.57,99,0,37.12,100.91,41.00,672.00,3,3,3
2023-08-30T00:11:04Z,21.48,65.57,99,0,41.56,100.91,41.00,672.00,null,null,null
2023-08-30T00:12:04Z,21.48,65.51,99,0,34.52,100.90,41.00,672.00,null,null,null
2023-08-30T00:13:04Z,21.49,65.63,99,0,40.71,100.91,43.00,683.00,null,null,null
2023-08-30T00:14:04Z,21.46,65.51,99,0,43.12,100.91,43.00,683.00,null,null,null
2023-08-30T00:15:04Z,21.48,65.36,99,0,40.12,100.91,43.00,683.00,1,1,1
2023-08-30T00:16:04Z,21.48,65.47,99,0,34.83,100.91,41.00,672.00,null,null,null
2023-08-30T00:17:04Z,21.46,65.48,99,0,41.32,100.91,43.00,683.00,null,null,null
2023-08-30T00:18:04Z,21.49,65.49,99,0,38.45,100.91,43.00,683.00,null,null,null
2023-08-30T00:19:04Z,21.46,65.47,99,0,42.54,100.91,44.00,692.00,null,null,null
2023-08-30T00:20:04Z,21.45,65.40,99,0,43.63,100.91,43.00,683.00,1,1,1
2023-08-30T00:21:04Z,21.45,65.40,99,0,34.59,100.91,44.00,692.00,null,null,null
2023-08-30T00:22:04Z,21.49,65.45,99,0,36.24,100.91,43.00,683.00,null,null,null
2023-08-30T00:23:04Z,21.48,65.43,99,0,49.99,100.91,44.00,692.00,null,null,null
2023-08-30T00:24:04Z,21.46,65.46,99,0,44.47,100.91,44.00,692.00,null,null,null
2023-08-30T00:25:04Z,21.46,65.48,99,0,36.53,100.91,45.00,700.00,1,4,4
2023-08-30T00:26:04Z,21.45,65.44,99,0,33.47,100.91,45.00,700.00,null,null,null
2023-08-30T00:27:04Z,21.46,65.37,99,0,34.66,100.91,45.00,700.00,null,null,null
2023-08-30T00:28:04Z,21.46,65.41,99,0,34.59,100.91,45.00,700.00,null,null,null
2023-08-30T00:29:04Z,21.43,65.53,99,0,33.19,100.91,45.00,700.00,null,null,null
2023-08-30T00:30:04Z,21.43,65.63,99,0,33.57,100.91,47.00,710.00,0,0,0
2023-08-30T00:31:04Z,21.46,65.51,99,0,32.99,100.90,48.00,717.00,null,null,null
2023-08-30T00:32:04Z,21.45,65.43,99,0,31.70,100.91,53.00,748.00,null,null,null
2023-08-30T00:33:04Z,21.45,65.47,99,0,35.01,100.90,54.00,757.00,null,null,null
2023-08-30T00:34:04Z,21.45,65.44,99,0,33.03,100.90,53.00,748.00,null,null,null
2023-08-30T00:35:04Z,21.43,65.41,99,0,31.61,100.90,53.00,748.00,0,0,0
2023-08-30T00:36:04Z,21.45,65.42,99,0,35.35,100.90,53.00,748.00,null,null,null
2023-08-30T00:37:04Z,21.46,65.35,99,0,36.74,100.90,53.00,748.00,null,null,null
2023-08-30T00:38:04Z,21.43,65.31,99,0,31.85,100.90,53.00,748.00,null,null,null
2023-08-30T00:39:04Z,21.42,65.31,99,0,34.15,100.90,53.00,748.00,null,null,null
2023-08-30T00:40:04Z,21.43,65.32,99,0,32.39,100.89,53.00,748.00,1,1,1
2023-08-30T00:41:04Z,21.43,65.44,99,0,35.49,100.89,53.00,748.00,null,null,null
2023-08-30T00:42:04Z,21.43,65.35,99,0,32.72,100.89,53.00,748.00,null,null,null
2023-08-30T00:43:04Z,21.45,65.30,99,0,34.95,100.89,53.00,748.00,null,null,null
2023-08-30T00:44:04Z,21.41,65.28,99,0,36.71,100.88,53.00,748.00,null,null,null
2023-08-30T00:45:04Z,21.42,65.23,99,0,31.45,100.89,53.00,748.00,2,2,2
2023-08-30T00:46:04Z,21.42,65.25,99,0,32.83,100.88,53.00,754.00,null,null,null
2023-08-30T00:47:04Z,21.43,65.22,99,0,31.66,100.88,54.00,757.00,null,null,null
2023-08-30T00:48:04Z,21.43,65.25,99,0,37.44,100.88,55.00,763.00,null,null,null
2023-08-30T00:49:04Z,21.41,65.16,99,0,32.07,100.88,54.00,757.00,null,null,null
2023-08-30T00:50:04Z,21.41,65.16,99,0,32.46,100.88,55.00,763.00,2,2,2
2023-08-30T00:51:04Z,21.42,65.17,99,0,32.32,100.88,55.00,763.00,null,null,null
2023-08-30T00:52:04Z,21.42,65.10,99,0,32.22,100.88,55.00,763.00,null,null,null
2023-08-30T00:53:04Z,21.42,65.00,99,0,32.06,100.88,55.00,763.00,null,null,null
2023-08-30T00:54:04Z,21.39,65.06,99,0,35.38,100.88,55.00,763.00,null,null,null
2023-08-30T00:55:04Z,21.38,65.12,99,0,33.28,100.87,56.00,772.00,1,1,1
2023-08-30T00:56:04Z,21.39,65.05,99,0,32.88,100.87,56.00,772.00,null,null,null
2023-08-30T00:57:04Z,21.41,65.00,99,0,32.19,100.87,56.00,772.00,null,null,null
2023-08-30T00:58:04Z,21.42,65.01,99,0,33.18,100.87,56.00,772.00,null,null,null
2023-08-30T00:59:04Z,21.39,65.02,99,0,32.51,100.87,56.00,772.00,null,null,null
2023-08-30T01:00:04Z,21.39,64.93,99,0,34.84,100.86,56.00,772.00,1,1,1
2023-08-30T01:01:04Z,21.42,64.92,99,0,32.52,100.87,56.00,772.00,null,null,null
2023-08-30T01:02:04Z,21.39,64.86,99,0,32.87,100.87,55.00,763.00,null,null,null
2023-08-30T01:03:04Z,21.41,64.83,99,0,31.87,100.87,56.00,772.00,null,null,null
2023-08-30T01:04:04Z,21.39,64.88,99,0,33.80,100.87,56.00,772.00,null,null,null
2023-08-30T01:05:04Z,21.37,64.86,99,0,34.29,100.87,56.00,772.00,2,3,3
2023-08-30T01:06:04Z,21.41,64.92,99,0,32.29,100.87,56.00,772.00,null,null,null
2023-08-30T01:07:04Z,21.39,64.80,99,0,32.67,100.87,56.00,772.00,null,null,null
2023-08-30T01:08:04Z,21.38,64.79,99,0,33.25,100.87,56.00,772.00,null,null,null
2023-08-30T01:09:04Z,21.38,64.83,99,0,32.00,100.86,56.00,772.00,null,null,null
2023-08-30T01:10:04Z,21.38,64.79,99,0,34.50,100.86,57.00,780.00,3,5,5
2023-08-30T01:11:04Z,21.37,64.80,99,0,33.65,100.86,57.00,780.00,null,null,null
2023-08-30T01:12:04Z,21.39,64.78,99,0,33.80,100.87,57.00,780.00,null,null,null
2023-08-30T01:13:04Z,21.39,64.86,99,0,34.88,100.87,57.00,780.00,null,null,null
2023-08-30T01:14:04Z,21.35,64.81,99,0,31.89,100.87,57.00,780.00,null,null,null
2023-08-30T01:15:04Z,21.35,64.88,99,0,34.88,100.86,57.00,780.00,1,1,1
2023-08-30T01:16:04Z,21.35,64.87,99,0,32.73,100.86,57.00,780.00,null,null,null
2023-08-30T01:17:04Z,21.38,64.69,99,0,34.35,100.86,58.00,787.00,null,null,null
2023-08-30T01:18:04Z,21.35,64.70,99,0,33.31,100.87,60.00,798.00,null,null,null
2023-08-30T01:19:04Z,21.37,64.63,99,0,34.11,100.87,60.00,798.00,null,null,null
2023-08-30T01:20:04Z,21.35,64.61,99,0,32.33,100.87,59.00,791.00,1,1,1
2023-08-30T01:21:04Z,21.38,64.71,99,0,33.02,100.87,59.00,791.00,null,null,null
2023-08-30T01:22:04Z,21.35,64.69,99,0,33.19,100.86,60.00,798.00,null,null,null
2023-08-30T01:23:04Z,21.35,64.72,99,0,32.54,100.87,60.00,798.00,null,null,null
2023-08-30T01:24:04Z,21.34,64.70,99,0,32.01,100.87,60.00,798.00,null,null,null
2023-08-30T01:25:04Z,21.32,64.68,99,0,36.65,100.87,60.00,798.00,0,0,0
2023-08-30T01:26:04Z,21.32,64.66,99,0,33.51,100.87,61.00,804.00,null,null,null
2023-08-30T01:27:04Z,21.35,64.57,99,0,33.95,100.87,61.00,804.00,null,null,null
2023-08-30T01:28:04Z,21.34,64.66,99,0,33.67,100.87,61.00,804.00,null,null,null
2023-08-30T01:29:04Z,21.34,64.69,99,0,34.03,100.87,61.00,804.00,null,null,null
2023-08-30T01:30:04Z,21.31,64.74,99,0,34.43,100.87,61.00,804.00,1,1,1
2023-08-30T01:31:04Z,21.34,64.74,99,0,34.40,100.87,61.00,804.00,null,null,null
2023-08-30T01:32:04Z,21.34,64.68,99,0,32.17,100.87,61.00,804.00,null,null,null
2023-08-30T01:33:04Z,21.35,64.71,99,0,33.52,100.87,61.00,804.00,null,null,null
2023-08-30T01:34:04Z,21.34,64.72,99,0,32.87,100.87,61.00,804.00,null,null,null
2023-08-30T01:35:04Z,21.31,64.80,99,0,33.26,100.86,64.00,821.00,3,4,4
2023-08-30T01:36:04Z,21.32,64.74,99,0,32.77,100.87,76.00,905.00,null,null,null
2023-08-30T01:37:04Z,21.32,64.73,99,0,35.36,100.86,81.00,935.00,null,null,null
2023-08-30T01:38:04Z,21.30,64.75,99,0,32.26,100.87,81.00,935.00,null,null,null
2023-08-30T01:39:04Z,21.32,64.77,99,0,35.56,100.86,78.00,915.00,null,null,null
2023-08-30T01:40:04Z,21.30,64.76,99,0,32.62,100.86,78.00,915.00,2,2,2
2023-08-30T01:41:04Z,21.32,64.85,99,0,36.92,100.86,78.00,915.00,null,null,null
2023-08-30T01:42:04Z,21.31,64.73,99,0,34.33,100.86,79.00,925.00,null,null,null
2023-08-30T01:43:04Z,21.32,64.74,99,0,33.46,100.86,79.00,925.00,null,null,null
2023-08-30T01:44:04Z,21.32,64.74,99,0,32.79,100.86,79.00,925.00,null,null,null
2023-08-30T01:45:04Z,21.28,64.58,99,0,34.21,100.86,78.00,915.00,0,0,0
2023-08-30T01:46:04Z,21.31,64.63,99,0,33.18,100.86,78.00,915.00,null,null,null
2023-08-30T01:47:04Z,21.31,64.68,99,0,32.96,100.86,78.00,915.00,null,null,null
2023-08-30T01:48:04Z,21.34,64.60,99,0,36.17,100.86,78.00,915.00,null,null,null
2023-08-30T01:49:04Z,21.31,64.63,99,0,32.83,100.86,78.00,915.00,null,null,null
2023-08-30T01:50:04Z,21.32,64.59,99,0,32.97,100.86,76.00,902.00,0,0,0
2023-08-30T01:51:04Z,21.32,64.67,99,0,32.21,100.86,78.00,915.00,null,null,null
2023-08-30T01:52:04Z,21.34,64.60,99,0,32.26,100.86,76.00,902.00,null,null,null
2023-08-30T01:53:04Z,21.31,64.54,99,0,35.73,100.86,76.00,902.00,null,null,null
2023-08-30T01:54:04Z,21.30,64.57,99,0,33.80,100.86,76.00,902.00,null,null,null
2023-08-30T01:55:04Z,21.30,64.52,99,0,34.24,100.86,76.00,902.00,2,3,3
2023-08-30T01:56:04Z,21.31,64.56,99,0,37.38,100.87,76.00,902.00,null,null,null
2023-08-30T01:57:04Z,21.31,64.55,99,0,32.53,100.86,76.00,902.00,null,null,null
2023-08-30T01:58:04Z,21.31,64.54,99,0,32.21,100.87,76.00,902.00,null,null,null
2023-08-30T01:59:04Z,21.28,64.56,99,0,33.98,100.86,74.00,891.00,null,null,null
2023-08-30T02:00:04Z,21.28,64.56,99,0,33.70,100.86,76.00,902.00,0,0,0
2023-08-30T02:01:04Z,21.27,64.51,99,0,33.70,100.87,74.00,891.00,null,null,null
2023-08-30T02:02:04Z,21.30,64.52,99,0,34.08,100.87,79.00,925.00,null,null,null
2023-08-30T02:03:04Z,21.28,64.47,99,0,31.85,100.87,121.00,1195.00,null,null,null
2023-08-30T02:04:04Z,21.30,64.49,99,0,34.00,100.87,134.00,1285.00,null,null,null
2023-08-30T02:05:04Z,21.25,64.57,99,0,33.42,100.86,130.00,1259.00,1,3,3
2023-08-30T02:06:04Z,21.30,64.48,99,0,31.55,100.87,130.00,1259.00,null,null,null
2023-08-30T02:07:04Z,21.31,64.46,99,0,35.06,100.87,134.00,1285.00,null,null,null
2023-08-30T02:08:04Z,21.30,64.46,99,0,31.53,100.86,130.00,1259.00,null,null,null
2023-08-30T02:09:04Z,21.28,64.47,99,0,33.48,100.87,130.00,1259.00,null,null,null
2023-08-30T02:10:04Z,21.27,64.54,99,0,35.48,100.87,130.00,1259.00,2,2,2
2023-08-30T02:11:04Z,21.27,64.45,99,0,33.47,100.87,128.00,1245.00,null,null,null
2023-08-30T02:12:04Z,21.28,64.50,99,0,35.57,100.86,126.00,1231.00,null,null,null
2023-08-30T02:13:04Z,21.25,64.40,99,0,33.92,100.86,121.00,1195.00,null,null,null
2023-08-30T02:14:04Z,21.28,64.48,99,0,33.06,100.86,121.00,1195.00,null,null,null
2023-08-30T02:15:04Z,21.24,64.52,99,0,33.25,100.86,118.00,1181.00,0,0,0
2023-08-30T02:16:04Z,21.24,64.44,99,0,32.16,100.86,135.00,1288.00,null,null,null
2023-08-30T02:17:04Z,21.27,64.42,99,0,33.60,100.87,135.00,1288.00,null,null,null
2023-08-30T02:18:04Z,21.27,64.43,99,0,33.91,100.86,113.00,1147.00,null,null,null
2023-08-30T02:19:04Z,21.25,64.40,99,0,31.97,100.86,113.00,1147.00,null,null,null
2023-08-30T02:20:04Z,21.25,64.42,99,0,33.94,100.86,111.00,1131.00,3,3,3
2023-08-30T02:21:04Z,21.27,64.33,99,0,34.48,100.86,109.00,1118.00,null,null,null
2023-08-30T02:22:04Z,21.27,64.38,99,0,32.16,100.86,107.00,1105.00,null,null,null
2023-08-30T02:23:04Z,21.27,64.43,99,0,34.13,100.86,107.00,1105.00,null,null,null
2023-08-30T02:24:04Z,21.25,64.33,99,0,34.21,100.87,105.00,1090.00,null,null,null
2023-08-30T02:25:04Z,21.24,64.37,99,0,33.17,100.87,103.00,1077.00,2,2,2
2023-08-30T02:26:04Z,21.25,64.47,99,0,36.22,100.87,117.00,1174.00,null,null,null
2023-08-30T02:27:04Z,21.25,64.41,99,0,31.94,100.87,100.00,1060.00,null,null,null
2023-08-30T02:28:04Z,21.25,64.43,99,0,33.27,100.87,100.00,1060.00,null,null,null
2023-08-30T02:29:04Z,21.25,64.44,99,0,33.59,100.87,98.00,1044.00,null,null,null
2023-08-30T02:30:04Z,21.25,64.58,99,0,34.87,100.86,98.00,1044.00,1,1,1
2023-08-30T02:31:04Z,21.24,64.53,99,0,32.77,100.86,96.00,1032.00,null,null,null
2023-08-30T02:32:04Z,21.25,64.52,99,0,34.75,100.87,112.00,1137.00,null,null,null
2023-08-30T02:33:04Z,21.24,64.48,99,0,31.72,100.87,96.00,1032.00,null,null,null
2023-08-30T02:34:04Z,21.25,64.49,99,0,34.18,100.87,110.00,1125.00,null,null,null
2023-08-30T02:35:04Z,21.25,64.56,99,0,34.15,100.87,93.00,1014.00,0,0,0
2023-08-30T02:36:04Z,21.22,64.51,99,0,32.61,100.87,93.00,1014.00,null,null,null
2023-08-30T02:37:04Z,21.24,64.43,99,0,32.73,100.87,106.00,1099.00,null,null,null
2023-08-30T02:38:04Z,21.25,64.49,99,0,33.12,100.87,106.00,1099.00,null,null,null
2023-08-30T02:39:04Z,21.21,64.56,99,0,32.26,100.87,92.00,1004.00,null,null,null
2023-08-30T02:40:04Z,21.21,64.62,99,0,32.36,100.87,106.00,1099.00,1,1,1
2023-08-30T02:41:04Z,21.21,64.58,99,0,34.13,100.87,106.00,1099.00,null,null,null
2023-08-30T02:42:04Z,21.21,64.56,99,0,33.38,100.87,106.00,1099.00,null,null,null
2023-08-30T02:43:04Z,21.21,64.56,99,0,34.87,100.87,106.00,1099.00,null,null,null
2023-08-30T02:44:04Z,21.19,64.63,99,0,35.01,100.87,106.00,1099.00,null,null,null
2023-08-30T02:45:04Z,21.19,64.67,99,0,32.99,100.87,106.00,1099.00,0,0,0
2023-08-30T02:46:04Z,21.24,64.66,99,0,33.84,100.87,106.00,1099.00,null,null,null
2023-08-30T02:47:04Z,21.24,64.72,99,0,34.43,100.87,106.00,1099.00,null,null,null
2023-08-30T02:48:04Z,21.24,64.72,99,0,33.07,100.87,106.00,1099.00,null,null,null
2023-08-30T02:49:04Z,21.19,64.65,99,0,33.12,100.87,106.00,1099.00,null,null,null
2023-08-30T02:50:04Z,21.18,64.73,99,0,33.48,100.86,103.00,1077.00,4,6,6
2023-08-30T02:51:04Z,21.21,64.56,99,0,32.65,100.86,103.00,1077.00,null,null,null
2023-08-30T02:52:04Z,21.24,64.67,99,0,35.48,100.86,103.00,1077.00,null,null,null
2023-08-30T02:53:04Z,21.19,64.67,99,0,33.91,100.86,103.00,1077.00,null,null,null
2023-08-30T02:54:04Z,21.18,64.62,99,0,33.68,100.86,101.00,1065.00,null,null,null
2023-08-30T02:55:04Z,21.19,64.67,99,0,36.39,100.86,103.00,1077.00,3,3,3
2023-08-30T02:56:04Z,21.22,64.71,99,0,35.67,100.86,101.00,1065.00,null,null,null
2023-08-30T02:57:04Z,21.21,64.59,99,0,36.08,100.86,101.00,1065.00,null,null,null
2023-08-30T02:58:04Z,21.21,64.66,99,0,32.26,100.86,101.00,1065.00,null,null,null
2023-08-30T02:59:04Z,21.19,64.62,99,0,35.00,100.86,101.00,1065.00,null,null,null
2023-08-30T03:00:04Z,21.19,64.75,99,0,32.77,100.86,101.00,1065.00,1,1,1
2023-08-30T03:01:04Z,21.19,64.73,99,0,32.19,100.86,99.00,1053.00,null,null,null
2023-08-30T03:02:04Z,21.22,64.63,99,0,33.70,100.86,101.00,1065.00,null,null,null
2023-08-30T03:03:04Z,21.19,64.55,99,0,36.07,100.86,99.00,1053.00,null,null,null
2023-08-30T03:04:04Z,21.18,64.60,99,0,32.14,100.86,99.00,1053.00,null,null,null
2023-08-30T03:05:04Z,21.16,64.60,99,0,33.29,100.86,99.00,1053.00,2,2,2
2023-08-30T03:06:04Z,21.18,64.58,99,0,32.09,100.86,99.00,1053.00,null,null,null
2023-08-30T03:07:04Z,21.21,64.50,99,0,36.06,100.86,99.00,1053.00,null,null,null
2023-08-30T03:08:04Z,21.19,64.54,99,0,34.87,100.86,99.00,1053.00,null,null,null
2023-08-30T03:09:04Z,21.19,64.53,99,0,31.72,100.86,97.00,1038.00,null,null,null
2023-08-30T03:10:04Z,21.16,64.54,99,0,34.41,100.86,97.00,1038.00,3,3,3
2023-08-30T03:11:04Z,21.18,64.55,99,0,33.24,100.86,97.00,1038.00,null,null,null
2023-08-30T03:12:04Z,21.16,64.52,99,0,33.05,100.86,97.00,1038.00,null,null,null
2023-08-30T03:13:04Z,21.18,64.51,99,0,33.84,100.85,97.00,1038.00,null,null,null
2023-08-30T03:14:04Z,21.16,64.49,99,0,33.26,100.86,97.00,1038.00,null,null,null
2023-08-30T03:15:04Z,21.15,64.54,99,0,33.28,100.86,97.00,1038.00,1,1,1
2023-08-30T03:16:04Z,21.16,64.42,99,0,32.96,100.86,94.00,1019.00,null,null,null
2023-08-30T03:17:04Z,21.18,64.46,99,0,36.32,100.86,94.00,1019.00,null,null,null
2023-08-30T03:18:04Z,21.16,64.41,99,0,32.79,100.86,92.00,1009.00,null,null,null
2023-08-30T03:19:04Z,21.16,64.40,99,0,33.37,100.85,92.00,1009.00,null,null,null
2023-08-30T03:20:04Z,21.15,64.35,99,0,34.16,100.86,90.00,997.00,1,1,1
2023-08-30T03:21:04Z,21.15,64.43,99,0,33.04,100.85,92.00,1009.00,null,null,null
2023-08-30T03:22:04Z,21.15,64.46,99,0,34.48,100.85,92.00,1009.00,null,null,null
2023-08-30T03:23:04Z,21.16,64.45,99,0,33.30,100.85,92.00,1009.00,null,null,null
2023-08-30T03:24:04Z,21.14,64.29,99,0,33.26,100.85,90.00,997.00,null,null,null
2023-08-30T03:25:04Z,21.12,64.34,99,0,32.06,100.85,90.00,997.00,1,1,1
2023-08-30T03:26:04Z,21.14,64.32,99,0,32.92,100.85,90.00,997.00,null,null,null
2023-08-30T03:27:04Z,21.16,64.35,99,0,37.61,100.85,94.00,1019.00,null,null,null
2023-08-30T03:28:04Z,21.15,64.33,99,0,33.29,100.85,97.00,1038.00,null,null,null
2023-08-30T03:29:04Z,21.15,64.28,99,0,33.29,100.85,97.00,1038.00,null,null,null
2023-08-30T03:30:04Z,21.15,64.27,99,0,33.67,100.85,97.00,1038.00,3,5,5
2023-08-30T03:31:04Z,21.15,64.19,99,0,32.33,100.85,94.00,1019.00,null,null,null
2023-08-30T03:32:04Z,21.12,64.12,99,0,36.79,100.85,96.00,1032.00,null,null,null
2023-08-30T03:33:04Z,21.16,64.13,99,0,32.19,100.85,96.00,1032.00,null,null,null
2023-08-30T03:34:04Z,21.14,64.33,99,0,32.83,100.86,96.00,1032.00,null,null,null
2023-08-30T03:35:04Z,21.11,64.37,99,0,31.74,100.85,94.00,1019.00,0,0,0
2023-08-30T03:36:04Z,21.12,64.33,99,0,34.15,100.85,94.00,1019.00,null,null,null
2023-08-30T03:37:04Z,21.15,64.12,99,0,36.49,100.86,92.00,1009.00,null,null,null
2023-08-30T03:38:04Z,21.11,64.24,99,0,32.81,100.86,93.00,1014.00,null,null,null
2023-08-30T03:39:04Z,21.14,64.19,99,0,34.00,100.86,93.00,1014.00,null,null,null
2023-08-30T03:40:04Z,21.11,64.27,99,0,34.43,100.86,93.00,1014.00,1,1,1
2023-08-30T03:41:04Z,21.11,64.29,99,0,34.78,100.86,92.00,1009.00,null,null,null
2023-08-30T03:42:04Z,21.12,64.27,99,0,35.11,100.86,92.00,1009.00,null,null,null
2023-08-30T03:43:04Z,21.12,64.20,99,0,33.48,100.86,92.00,1009.00,null,null,null
2023-08-30T03:44:04Z,21.11,64.20,99,0,35.08,100.85,92.00,1004.00,null,null,null
2023-08-30T03:45:04Z,21.10,64.09,99,0,35.47,100.86,92.00,1004.00,1,1,1
2023-08-30T03:46:04Z,21.10,64.22,99,0,33.24,100.86,92.00,1004.00,null,null,null
2023-08-30T03:47:04Z,21.11,64.15,99,0,33.24,100.85,92.00,1004.00,null,null,null
2023-08-30T03:48:04Z,21.11,64.16,99,0,36.78,100.85,92.00,1004.00,null,null,null
2023-08-30T03:49:04Z,21.08,64.22,99,0,33.01,100.85,92.00,1004.00,null,null,null
2023-08-30T03:50:04Z,21.07,64.20,99,0,32.01,100.85,92.00,1004.00,0,0,0
2023-08-30T03:51:04Z,21.08,64.26,99,0,35.00,100.85,92.00,1004.00,null,null,null
2023-08-30T03:52:04Z,21.12,64.23,99,0,33.14,100.85,90.00,997.00,null,null,null
2023-08-30T03:53:04Z,21.10,64.21,99,0,34.42,100.85,92.00,1004.00,null,null,null
2023-08-30T03:54:04Z,21.10,64.26,99,0,35.11,100.85,92.00,1004.00,null,null,null
2023-08-30T03:55:04Z,21.07,64.28,99,0,32.77,100.85,90.00,997.00,0,0,0
2023-08-30T03:56:04Z,21.11,64.30,99,0,32.29,100.85,90.00,997.00,null,null,null
2023-08-30T03:57:04Z,21.08,64.29,99,0,31.21,100.85,90.00,997.00,null,null,null
2023-08-30T03:58:04Z,21.08,64.32,99,0,36.25,100.85,90.00,997.00,null,null,null
2023-08-30T03:59:04Z,21.10,64.26,99,0,33.83,100.85,90.00,997.00,null,null,null
2023-08-30T04:00:04Z,21.07,64.34,99,0,33.46,100.85,90.00,997.00,2,2,2
2023-08-30T04:01:04Z,21.07,64.31,99,0,33.18,100.85,90.00,997.00,null,null,null
2023-08-30T04:02:04Z,21.10,64.23,99,0,33.18,100.85,90.00,997.00,null,null,null
2023-08-30T04:03:04Z,21.07,64.26,99,0,32.74,100.85,92.00,1004.00,null,null,null
2023-08-30T04:04:04Z,21.10,64.32,99,0,31.89,100.85,81.00,935.00,null,null,null
2023-08-30T04:05:04Z,21.05,64.31,99,0,31.81,100.85,69.00,855.00,3,3,3
2023-08-30T04:06:04Z,21.10,64.35,99,0,31.56,100.84,69.00,855.00,null,null,null
2023-08-30T04:07:04Z,21.07,64.34,99,0,32.31,100.85,69.00,855.00,null,null,null
2023-08-30T04:08:04Z,21.04,64.32,99,0,35.76,100.85,69.00,855.00,null,null,null
2023-08-30T04:09:04Z,21.05,64.33,99,0,33.72,100.85,69.00,855.00,null,null,null
2023-08-30T04:10:04Z,21.01,64.44,99,0,33.94,100.85,69.00,855.00,3,3,3
2023-08-30T04:11:04Z,21.04,64.42,99,0,31.60,100.85,71.00,868.00,null,null,null
2023-08-30T04:12:04Z,21.05,64.41,99,0,32.77,100.85,69.00,855.00,null,null,null
2023-08-30T04:13:04Z,21.07,64.34,99,0,35.19,100.85,69.00,855.00,null,null,null
2023-08-30T04:14:04Z,21.02,64.38,99,0,34.83,100.85,69.00,855.00,null,null,null
2023-08-30T04:15:04Z,21.04,64.40,99,0,33.50,100.85,67.00,846.00,1,1,1
2023-08-30T04:16:04Z,21.04,64.41,99,0,31.09,100.85,69.00,855.00,null,null,null
2023-08-30T04:17:04Z,21.05,64.40,99,0,35.36,100.84,67.00,846.00,null,null,null
2023-08-30T04:18:04Z,21.07,64.33,99,0,32.27,100.85,69.00,855.00,null,null,null
2023-08-30T04:19:04Z,21.04,64.39,99,0,31.93,100.85,67.00,846.00,null,null,null
2023-08-30T04:20:04Z,21.04,64.40,99,0,32.05,100.85,67.00,846.00,1,1,1
2023-08-30T04:21:04Z,21.04,64.40,99,0,31.02,100.85,67.00,846.00,null,null,null
2023-08-30T04:22:04Z,21.02,64.45,99,0,31.79,100.84,67.00,846.00,null,null,null
2023-08-30T04:23:04Z,21.05,64.44,99,0,32.58,100.84,70.00,863.00,null,null,null
2023-08-30T04:24:04Z,21.02,64.33,99,0,34.49,100.84,72.00,877.00,null,null,null
2023-08-30T04:25:04Z,21.02,64.39,99,0,32.78,100.84,72.00,877.00,3,4,4
2023-08-30T04:26:04Z,21.04,64.42,99,0,34.11,100.85,72.00,877.00,null,null,null
2023-08-30T04:27:04Z,21.02,64.40,99,0,33.76,100.84,69.00,853.00,null,null,null
2023-08-30T04:28:04Z,21.02,64.36,99,0,33.49,100.85,70.00,863.00,null,null,null
2023-08-30T04:29:04Z,21.02,64.40,99,0,32.76,100.85,69.00,853.00,null,null,null
2023-08-30T04:30:04Z,21.01,64.40,99,0,34.42,100.85,69.00,853.00,0,0,0
2023-08-30T04:31:04Z,21.01,64.38,99,0,34.90,100.85,69.00,853.00,null,null,null
2023-08-30T04:32:04Z,21.02,64.33,99,0,32.92,100.85,69.00,853.00,null,null,null
2023-08-30T04:33:04Z,21.02,64.43,99,0,32.98,100.85,70.00,863.00,null,null,null
2023-08-30T04:34:04Z,21.02,64.40,99,0,32.96,100.85,70.00,863.00,null,null,null
2023-08-30T04:35:04Z,20.98,64.38,99,0,33.22,100.85,70.00,863.00,2,2,2
2023-08-30T04:36:04Z,21.00,64.45,99,0,35.05,100.85,71.00,872.00,null,null,null
2023-08-30T04:37:04Z,21.01,64.39,99,0,32.30,100.85,69.00,853.00,null,null,null
2023-08-30T04:38:04Z,21.02,64.44,99,0,34.33,100.86,69.00,853.00,null,null,null
2023-08-30T04:39:04Z,21.01,64.48,99,0,33.94,100.85,67.00,840.00,null,null,null
2023-08-30T04:40:04Z,20.98,64.50,99,0,35.64,100.85,77.00,907.00,3,3,3
2023-08-30T04:41:04Z,20.98,64.54,99,0,32.80,100.85,82.00,940.00,null,null,null
2023-08-30T04:42:04Z,21.00,64.50,99,0,36.09,100.85,86.00,970.00,null,null,null
2023-08-30T04:43:04Z,21.00,64.49,99,0,34.67,100.85,85.00,961.00,null,null,null
2023-08-30T04:44:04Z,21.00,64.52,99,0,34.41,100.85,83.00,951.00,null,null,null
2023-08-30T04:45:04Z,20.97,64.57,99,0,36.03,100.86,83.00,951.00,1,1,1
2023-08-30T04:46:04Z,20.98,64.51,99,0,35.50,100.85,80.00,927.00,null,null,null
2023-08-30T04:47:04Z,21.00,64.60,99,0,35.97,100.85,77.00,907.00,null,null,null
2023-08-30T04:48:04Z,20.98,64.64,99,0,34.87,100.86,80.00,927.00,null,null,null
2023-08-30T04:49:04Z,20.97,64.54,99,0,32.68,100.86,80.00,927.00,null,null,null
2023-08-30T04:50:04Z,20.97,64.58,99,0,33.98,100.86,78.00,918.00,1,1,1
2023-08-30T04:51:04Z,20.98,64.60,99,0,30.60,100.86,78.00,918.00,null,null,null
2023-08-30T04:52:04Z,21.00,64.55,99,0,32.81,100.86,80.00,927.00,null,null,null
2023-08-30T04:53:04Z,20.98,64.57,99,0,33.58,100.87,78.00,918.00,null,null,null
2023-08-30T04:54:04Z,21.00,64.61,99,0,34.55,100.86,77.00,907.00,null,null,null
2023-08-30T04:55:04Z,20.97,64.67,99,0,35.40,100.86,76.00,902.00,1,2,2
2023-08-30T04:56:04Z,20.97,64.60,99,0,32.93,100.86,74.00,887.00,null,null,null
2023-08-30T04:57:04Z,20.98,64.66,99,0,37.14,100.86,74.00,887.00,null,null,null
2023-08-30T04:58:04Z,20.94,64.70,99,0,34.78,100.87,76.00,902.00,null,null,null
2023-08-30T04:59:04Z,20.95,64.65,99,0,32.99,100.87,77.00,907.00,null,null,null
2023-08-30T05:00:04Z,20.94,64.65,99,0,29.91,100.87,76.00,902.00,1,1,1
2023-08-30T05:01:04Z,20.95,64.68,99,0,32.60,100.87,70.00,863.00,null,null,null
2023-08-30T05:02:04Z,20.97,64.60,99,0,32.09,100.87,72.00,877.00,null,null,null
2023-08-30T05:03:04Z,20.94,64.53,99,0,32.56,100.87,74.00,887.00,null,null,null
2023-08-30T05:04:04Z,20.94,64.53,99,0,34.31,100.87,70.00,863.00,null,null,null
2023-08-30T05:05:04Z,20.94,64.65,99,0,32.08,100.87,72.00,877.00,2,2,2
2023-08-30T05:06:04Z,20.94,64.61,99,0,34.58,100.87,71.00,872.00,null,null,null
2023-08-30T05:07:04Z,20.94,64.59,99,0,33.03,100.88,71.00,872.00,null,null,null
2023-08-30T05:08:04Z,20.93,64.69,99,0,39.37,100.88,71.00,872.00,null,null,null
2023-08-30T05:09:04Z,20.95,64.76,99,0,29.63,100.88,69.00,853.00,null,null,null
2023-08-30T05:10:04Z,20.94,64.79,99,0,32.13,100.87,65.00,832.00,1,1,1
2023-08-30T05:11:04Z,20.93,64.67,99,0,36.82,100.88,67.00,844.00,null,null,null
2023-08-30T05:12:04Z,20.93,64.74,99,0,32.44,100.88,69.00,853.00,null,null,null
2023-08-30T05:13:04Z,20.93,64.72,99,0,38.36,100.87,69.00,853.00,null,null,null
2023-08-30T05:14:04Z,20.91,64.70,99,0,33.36,100.87,69.00,853.00,null,null,null
2023-08-30T05:15:04Z,20.93,64.75,99,0,38.52,100.88,67.00,840.00,1,1,1
2023-08-30T05:16:04Z,20.93,64.65,99,0,32.60,100.88,64.00,821.00,null,null,null
2023-08-30T05:17:04Z,20.93,64.65,99,0,34.07,100.88,65.00,832.00,null,null,null
2023-08-30T05:18:04Z,20.91,64.69,99,0,32.42,100.87,65.00,832.00,null,null,null
2023-08-30T05:19:04Z,20.88,64.72,99,0,32.59,100.88,65.00,832.00,null,null,null
2023-08-30T05:20:04Z,20.93,64.71,99,0,32.82,100.88,65.00,832.00,2,2,2
2023-08-30T05:21:04Z,20.93,64.78,99,0,35.69,100.88,63.00,815.00,null,null,null
2023-08-30T05:22:04Z,20.91,64.65,99,0,32.13,100.88,63.00,815.00,null,null,null
2023-08-30T05:23:04Z,20.94,64.60,99,0,31.64,100.89,64.00,825.00,null,null,null
2023-08-30T05:24:04Z,20.91,64.83,99,0,31.53,100.88,64.00,825.00,null,null,null
2023-08-30T05:25:04Z,20.90,64.77,99,0,33.03,100.89,63.00,815.00,2,2,2
2023-08-30T05:26:04Z,20.93,64.75,99,0,33.57,100.89,61.00,802.00,null,null,null
2023-08-30T05:27:04Z,20.93,64.85,99,0,30.94,100.89,61.00,806.00,null,null,null
2023-08-30T05:28:04Z,20.93,64.86,99,0,34.99,100.89,63.00,815.00,null,null,null
2023-08-30T05:29:04Z,20.88,64.79,99,0,34.34,100.89,63.00,815.00,null,null,null
2023-08-30T05:30:04Z,20.91,64.77,99,0,35.52,100.89,63.00,815.00,1,1,1
2023-08-30T05:31:04Z,20.91,64.83,99,0,31.61,100.89,61.00,802.00,null,null,null
2023-08-30T05:32:04Z,20.93,64.75,99,0,33.36,100.89,70.00,863.00,null,null,null
2023-08-30T05:33:04Z,20.91,64.72,99,0,33.20,100.89,77.00,907.00,null,null,null
2023-08-30T05:34:04Z,20.90,64.72,99,0,31.80,100.89,80.00,927.00,null,null,null
2023-08-30T05:35:04Z,20.91,64.76,99,0,32.48,100.89,78.00,918.00,3,4,4
2023-08-30T05:36:04Z,20.90,64.74,99,0,36.50,100.89,75.00,897.00,null,null,null
2023-08-30T05:37:04Z,20.90,64.63,99,0,33.90,100.89,77.00,907.00,null,null,null
2023-08-30T05:38:04Z,20.91,64.65,99,0,31.58,100.90,77.00,907.00,null,null,null
2023-08-30T05:39:04Z,20.90,64.71,99,0,32.86,100.90,76.00,902.00,null,null,null
2023-08-30T05:40:04Z,20.91,64.77,99,0,31.67,100.90,74.00,887.00,0,0,0
2023-08-30T05:41:04Z,20.90,64.70,99,0,31.24,100.89,71.00,868.00,null,null,null
2023-08-30T05:42:04Z,20.93,64.71,99,0,32.96,100.89,72.00,877.00,null,null,null
2023-08-30T05:43:04Z,20.90,64.60,99,0,35.46,100.89,70.00,863.00,null,null,null
2023-08-30T05:44:04Z,20.88,64.62,99,0,34.32,100.89,71.00,872.00,null,null,null
2023-08-30T05:45:04Z,20.87,64.63,99,0,32.34,100.89,71.00,872.00,3,3,3
2023-08-30T05:46:04Z,20.90,64.64,99,0,35.01,100.90,67.00,840.00,null,null,null
2023-08-30T05:47:04Z,20.88,64.62,99,0,36.41,100.90,69.00,853.00,null,null,null
2023-08-30T05:48:04Z,20.90,64.62,99,0,32.96,100.90,67.00,840.00,null,null,null
2023-08-30T05:49:04Z,20.87,64.58,99,0,31.48,100.90,67.00,840.00,null,null,null
2023-08-30T05:50:04Z,20.87,64.60,99,0,33.11,100.91,65.00,832.00,4,5,5
2023-08-30T05:51:04Z,20.86,64.60,99,0,32.57,100.90,64.00,825.00,null,null,null
2023-08-30T05:52:04Z,20.90,64.64,99,0,34.38,100.90,65.00,832.00,null,null,null
2023-08-30T05:53:04Z,20.90,64.64,99,0,33.36,100.90,65.00,832.00,null,null,null
2023-08-30T05:54:04Z,20.88,64.70,99,0,29.65,100.90,64.00,825.00,null,null,null
2023-08-30T05:55:04Z,20.86,64.67,99,0,32.13,100.90,64.00,825.00,1,1,1
2023-08-30T05:56:04Z,20.87,64.60,99,0,31.18,100.90,62.00,810.00,null,null,null
2023-08-30T05:57:04Z,20.90,64.64,99,0,32.80,100.90,63.00,815.00,null,null,null
2023-08-30T05:58:04Z,20.88,64.64,99,0,33.38,100.90,62.00,810.00,null,null,null
2023-08-30T05:59:04Z,20.87,64.64,99,0,33.77,100.90,61.00,804.00,null,null,null
2023-08-30T06:00:04Z,20.86,64.63,99,0,35.54,100.90,61.00,804.00,1,1,1
2023-08-30T06:01:04Z,20.84,64.69,99,0,35.81,100.90,60.00,798.00,null,null,null
2023-08-30T06:02:04Z,20.88,64.67,99,0,32.37,100.90,61.00,804.00,null,null,null
2023-08-30T06:03:04Z,20.88,64.61,99,0,35.30,100.90,61.00,804.00,null,null,null
2023-08-30T06:04:04Z,20.87,64.71,99,0,34.91,100.90,61.00,804.00,null,null,null
2023-08-30T06:05:04Z,20.87,64.70,99,0,36.52,100.90,60.00,798.00,1,1,1
2023-08-30T06:06:04Z,20.87,64.67,99,0,36.01,100.90,58.00,787.00,null,null,null
2023-08-30T06:07:04Z,20.87,64.62,99,0,32.29,100.89,60.00,798.00,null,null,null
2023-08-30T06:08:04Z,20.86,64.64,99,0,33.62,100.89,60.00,798.00,null,null,null
2023-08-30T06:09:04Z,20.84,64.66,99,0,30.39,100.90,60.00,798.00,null,null,null
2023-08-30T06:10:04Z,20.84,64.64,99,0,32.40,100.90,60.00,798.00,0,0,0
2023-08-30T06:11:04Z,20.84,64.57,99,0,33.26,100.90,57.00,780.00,null,null,null
2023-08-30T06:12:04Z,20.88,64.57,99,0,33.76,100.90,58.00,787.00,null,null,null
2023-08-30T06:13:04Z,20.87,64.57,99,0,31.04,100.90,58.00,787.00,null,null,null
2023-08-30T06:14:04Z,20.84,64.58,99,0,34.98,100.91,58.00,787.00,null,null,null
2023-08-30T06:15:04Z,20.86,64.58,99,0,32.08,100.91,58.00,787.00,0,0,0
2023-08-30T06:16:04Z,20.84,64.54,99,0,31.23,100.91,58.00,787.00,null,null,null
2023-08-30T06:17:04Z,20.87,64.61,99,0,32.12,100.91,57.00,780.00,null,null,null
2023-08-30T06:18:04Z,20.84,64.63,99,0,33.62,100.91,57.00,780.00,null,null,null
2023-08-30T06:19:04Z,20.84,64.62,99,0,32.39,100.91,57.00,780.00,null,null,null
2023-08-30T06:20:04Z,20.83,64.57,99,0,33.57,100.91,57.00,780.00,7,7,7
2023-08-30T06:21:04Z,20.84,64.56,99,0,33.19,100.90,57.00,780.00,null,null,null
2023-08-30T06:22:04Z,20.86,64.58,99,0,33.20,100.90,57.00,780.00,null,null,null
2023-08-30T06:23:04Z,20.83,64.67,99,0,33.22,100.90,56.00,770.00,null,null,null
2023-08-30T06:24:04Z,20.84,64.66,99,0,30.21,100.91,57.00,780.00,null,null,null
2023-08-30T06:25:04Z,20.84,64.60,99,0,33.55,100.90,57.00,780.00,2,2,2
2023-08-30T06:26:04Z,20.83,64.62,99,0,34.59,100.90,57.00,780.00,null,null,null
2023-08-30T06:27:04Z,20.86,64.57,99,0,34.58,100.90,57.00,780.00,null,null,null
2023-08-30T06:28:04Z,20.86,64.54,99,0,31.94,100.90,56.00,770.00,null,null,null
2023-08-30T06:29:04Z,20.83,64.62,99,0,35.98,100.90,57.00,780.00,null,null,null
2023-08-30T06:30:04Z,20.83,64.63,99,0,31.69,100.90,57.00,780.00,3,3,3
2023-08-30T06:31:04Z,20.86,64.63,99,0,37.44,100.89,56.00,770.00,null,null,null
2023-08-30T06:32:04Z,20.86,64.56,99,0,35.42,100.89,56.00,770.00,null,null,null
2023-08-30T06:33:04Z,20.86,64.59,99,0,36.07,100.89,57.00,780.00,null,null,null
2023-08-30T06:34:04Z,20.84,64.54,99,0,33.82,100.90,57.00,780.00,null,null,null
2023-08-30T06:35:04Z,20.81,64.56,99,0,32.51,100.90,56.00,770.00,1,1,1
2023-08-30T06:36:04Z,20.86,64.62,99,0,31.51,100.90,56.00,770.00,null,null,null
2023-08-30T06:37:04Z,20.86,64.56,99,0,34.45,100.90,56.00,770.00,null,null,null
2023-08-30T06:38:04Z,20.84,64.57,99,0,46.28,100.90,55.00,763.00,null,null,null
2023-08-30T06:39:04Z,20.83,64.63,99,0,32.43,100.90,55.00,763.00,null,null,null
2023-08-30T06:40:04Z,20.83,64.78,99,0,36.30,100.90,56.00,770.00,1,1,1
2023-08-30T06:41:04Z,20.86,64.79,99,0,38.76,100.89,54.00,761.00,null,null,null
2023-08-30T06:42:04Z,20.86,64.70,99,0,32.20,100.90,56.00,772.00,null,null,null
2023-08-30T06:43:04Z,20.83,64.54,99,0,30.74,100.90,57.00,780.00,null,null,null
2023-08-30T06:44:04Z,20.83,64.53,99,0,35.16,100.90,57.00,780.00,null,null,null
2023-08-30T06:45:04Z,20.81,64.59,99,0,39.39,100.90,56.00,770.00,2,2,2
2023-08-30T06:46:04Z,20.84,64.47,99,0,37.40,100.90,56.00,770.00,null,null,null
2023-08-30T06:47:04Z,20.86,64.45,99,0,51.72,100.90,56.00,770.00,null,null,null
2023-08-30T06:48:04Z,20.84,64.46,99,0,38.28,100.90,56.00,770.00,null,null,null
2023-08-30T06:49:04Z,20.84,64.64,99,0,33.71,100.90,57.00,780.00,null,null,null
2023-08-30T06:50:04Z,20.86,64.62,99,0,37.69,100.89,57.00,780.00,1,1,1
2023-08-30T06:51:04Z,20.86,64.60,99,0,32.97,100.90,56.00,770.00,null,null,null
2023-08-30T06:52:04Z,20.86,64.42,99,0,32.84,100.90,56.00,770.00,null,null,null
2023-08-30T06:53:04Z,20.86,64.52,99,0,44.51,100.90,55.00,763.00,null,null,null
2023-08-30T06:54:04Z,20.87,64.77,99,0,35.50,100.90,56.00,770.00,null,null,null
2023-08-30T06:55:04Z,20.84,65.01,99,0,36.40,100.90,53.00,754.00,11,21,21
2023-08-30T06:56:04Z,20.88,64.95,99,0,34.07,100.91,53.00,754.00,null,null,null
2023-08-30T06:57:04Z,20.86,64.85,99,0,37.38,100.91,52.00,746.00,null,null,null
2023-08-30T06:58:04Z,20.88,64.85,99,0,35.56,100.91,52.00,746.00,null,null,null
2023-08-30T06:59:04Z,20.86,64.79,99,0,35.51,100.91,52.00,746.00,null,null,null
2023-08-30T07:00:04Z,20.86,64.79,99,0,42.73,100.91,52.00,742.00,1,7,7
2023-08-30T07:01:04Z,20.88,64.78,99,0,43.80,100.91,52.00,746.00,null,null,null
2023-08-30T07:02:04Z,20.88,64.62,99,0,37.61,100.92,52.00,742.00,null,null,null
2023-08-30T07:03:04Z,20.87,64.71,99,0,44.50,100.91,53.00,749.00,null,null,null
2023-08-30T07:04:04Z,20.86,64.71,99,0,43.15,100.92,53.00,749.00,null,null,null
2023-08-30T07:05:04Z,20.84,64.69,99,0,40.27,100.92,51.00,737.00,5,5,5
2023-08-30T07:06:04Z,20.87,64.81,99,0,44.83,100.92,53.00,749.00,null,null,null
2023-08-30T07:07:04Z,20.87,64.72,99,0,43.24,100.92,52.00,742.00,null,null,null
2023-08-30T07:08:04Z,20.87,64.66,99,0,45.18,100.92,51.00,737.00,null,null,null
2023-08-30T07:09:04Z,20.88,64.60,99,0,42.40,100.93,53.00,749.00,null,null,null
2023-08-30T07:10:04Z,20.90,64.47,99,0,41.45,100.93,51.00,737.00,18,29,29
2023-08-30T07:11:04Z,20.90,64.54,99,0,44.30,100.93,51.00,737.00,null,null,null
2023-08-30T07:12:04Z,20.91,64.45,99,0,44.62,100.93,51.00,737.00,null,null,null
2023-08-30T07:13:04Z,20.88,64.56,99,0,44.48,100.93,50.00,733.00,null,null,null
2023-08-30T07:14:04Z,20.90,64.55,99,0,44.32,100.93,50.00,733.00,null,null,null
2023-08-30T07:15:04Z,20.90,64.52,99,0,45.33,100.92,50.00,733.00,9,10,10
2023-08-30T07:16:04Z,20.90,64.57,99,0,41.62,100.92,49.00,726.00,null,null,null
2023-08-30T07:17:04Z,20.90,64.56,99,0,42.66,100.93,50.00,733.00,null,null,null
2023-08-30T07:18:04Z,20.93,64.63,99,0,40.88,100.92,50.00,733.00,null,null,null
2023-08-30T07:19:04Z,20.91,64.60,99,0,41.93,100.93,51.00,737.00,null,null,null
2023-08-30T07:20:04Z,20.93,64.65,99,0,44.28,100.93,50.00,733.00,12,17,17
2023-08-30T07:21:04Z,20.94,64.58,99,0,41.13,100.92,50.00,733.00,null,null,null
2023-08-30T07:22:04Z,20.94,64.55,99,0,41.10,100.92,51.00,737.00,null,null,null
2023-08-30T07:23:04Z,20.94,64.58,99,0,42.88,100.92,51.00,737.00,null,null,null
2023-08-30T07:24:04Z,20.94,64.62,99,0,42.73,100.93,53.00,749.00,null,null,null
2023-08-30T07:25:04Z,20.93,64.74,99,0,43.19,100.92,53.00,754.00,6,7,7
2023-08-30T07:26:04Z,20.95,64.56,99,0,45.14,100.92,55.00,763.00,null,null,null
2023-08-30T07:27:04Z,20.97,64.46,99,0,42.74,100.93,53.00,754.00,null,null,null
2023-08-30T07:28:04Z,20.95,64.55,99,0,44.25,100.93,55.00,763.00,null,null,null
2023-08-30T07:29:04Z,20.95,64.68,99,0,43.11,100.93,55.00,763.00,null,null,null
2023-08-30T07:30:04Z,20.95,64.62,99,0,46.06,100.92,55.00,763.00,12,14,14
2023-08-30T07:31:04Z,20.97,64.58,99,0,43.48,100.93,56.00,770.00,null,null,null
2023-08-30T07:32:04Z,20.98,64.50,99,0,45.38,100.93,55.00,763.00,null,null,null
2023-08-30T07:33:04Z,20.98,64.49,99,0,43.60,100.92,55.00,763.00,null,null,null
2023-08-30T07:34:04Z,20.98,64.56,99,0,42.56,100.93,55.00,763.00,null,null,null
2023-08-30T07:35:04Z,20.95,64.48,99,0,46.98,100.93,55.00,763.00,8,15,22
2023-08-30T07:36:04Z,21.01,64.55,99,0,44.95,100.93,53.00,754.00,null,null,null
2023-08-30T07:37:04Z,20.98,64.47,99,0,44.48,100.94,53.00,754.00,null,null,null
2023-08-30T07:38:04Z,21.00,64.45,99,0,43.51,100.94,53.00,754.00,null,null,null
2023-08-30T07:39:04Z,21.01,64.51,99,0,46.11,100.93,55.00,763.00,null,null,null
2023-08-30T07:40:04Z,21.00,64.55,99,0,44.14,100.93,53.00,754.00,10,12,12
2023-08-30T07:41:04Z,21.02,64.57,99,0,50.11,100.93,55.00,763.00,null,null,null
2023-08-30T07:42:04Z,21.01,64.54,99,0,36.24,100.94,55.00,763.00,null,null,null
2023-08-30T07:43:04Z,21.02,64.44,99,0,36.82,100.94,55.00,763.00,null,null,null
2023-08-30T07:44:04Z,20.98,64.40,99,0,34.92,100.94,57.00,780.00,null,null,null
2023-08-30T07:45:04Z,21.01,64.31,99,0,36.69,100.94,57.00,780.00,6,7,7
2023-08-30T07:46:04Z,21.02,64.40,99,0,42.53,100.94,58.00,787.00,null,null,null
2023-08-30T07:47:04Z,21.01,64.34,99,0,35.65,100.94,58.00,787.00,null,null,null
2023-08-30T07:48:04Z,21.02,64.37,99,0,38.65,100.94,58.00,787.00,null,null,null
2023-08-30T07:49:04Z,21.01,64.33,99,0,38.52,100.94,58.00,787.00,null,null,null
2023-08-30T07:50:04Z,21.01,64.31,99,0,34.84,100.94,58.00,787.00,1,1,1
2023-08-30T07:51:04Z,21.01,64.32,99,0,38.48,100.94,58.00,787.00,null,null,null
2023-08-30T07:52:04Z,21.02,64.27,99,0,34.97,100.94,58.00,787.00,null,null,null
2023-08-30T07:53:04Z,21.02,64.17,99,0,34.62,100.94,58.00,787.00,null,null,null
2023-08-30T07:54:04Z,21.00,64.01,99,0,34.31,100.94,58.00,785.00,null,null,null
2023-08-30T07:55:04Z,21.01,64.05,99,0,38.27,100.94,56.00,774.00,1,1,1
2023-08-30T07:56:04Z,21.00,64.23,99,0,36.53,100.94,56.00,774.00,null,null,null
2023-08-30T07:57:04Z,21.02,64.09,99,0,36.51,100.94,56.00,774.00,null,null,null
2023-08-30T07:58:04Z,21.01,64.19,99,0,38.20,100.94,56.00,768.00,null,null,null
2023-08-30T07:59:04Z,21.01,64.21,99,0,38.55,100.94,56.00,768.00,null,null,null
2023-08-30T08:00:04Z,21.02,64.17,99,0,36.81,100.94,56.00,768.00,3,7,7
2023-08-30T08:01:04Z,21.05,64.12,99,0,35.41,100.94,54.00,759.00,null,null,null
2023-08-30T08:02:04Z,21.02,64.11,99,0,34.26,100.94,54.00,759.00,null,null,null
2023-08-30T08:03:04Z,21.02,64.10,99,0,32.87,100.94,54.00,759.00,null,null,null
2023-08-30T08:04:04Z,21.00,64.06,99,0,34.49,100.94,53.00,754.00,null,null,null
2023-08-30T08:05:04Z,21.02,64.12,99,0,36.66,100.94,53.00,754.00,0,1,9
2023-08-30T08:06:04Z,21.04,64.11,99,0,34.77,100.95,53.00,754.00,null,null,null
2023-08-30T08:07:04Z,21.02,64.05,99,0,36.14,100.95,53.00,754.00,null,null,null
2023-08-30T08:08:04Z,21.02,64.07,99,0,35.14,100.94,53.00,754.00,null,null,null
2023-08-30T08:09:04Z,21.02,64.14,99,0,31.96,100.94,52.00,742.00,null,null,null
2023-08-30T08:10:04Z,21.02,64.15,99,0,36.22,100.94,52.00,742.00,3,6,12
2023-08-30T08:11:04Z,21.05,64.14,99,0,34.77,100.95,53.00,754.00,null,null,null
2023-08-30T08:12:04Z,21.04,64.09,99,0,33.67,100.94,53.00,754.00,null,null,null
2023-08-30T08:13:04Z,21.04,64.11,99,0,32.60,100.95,54.00,759.00,null,null,null
2023-08-30T08:14:04Z,21.02,64.11,99,0,33.23,100.95,53.00,754.00,null,null,null
2023-08-30T08:15:04Z,21.04,64.12,99,0,37.47,100.96,53.00,754.00,4,4,4
2023-08-30T08:16:04Z,21.05,64.14,99,0,40.79,100.96,52.00,742.00,null,null,null
2023-08-30T08:17:04Z,21.02,64.05,99,0,34.32,100.96,52.00,742.00,null,null,null
2023-08-30T08:18:04Z,21.02,64.13,99,0,37.62,100.96,52.00,742.00,null,null,null
2023-08-30T08:19:04Z,21.00,64.06,99,0,36.36,100.96,51.00,737.00,null,null,null
2023-08-30T08:20:04Z,21.04,64.08,99,0,36.00,100.96,51.00,737.00,2,2,2
2023-08-30T08:21:04Z,21.04,64.08,99,0,32.99,100.95,51.00,737.00,null,null,null
2023-08-30T08:22:04Z,21.04,64.18,99,0,34.02,100.96,50.00,730.00,null,null,null
2023-08-30T08:23:04Z,21.05,64.23,99,0,42.21,100.96,50.00,730.00,null,null,null
2023-08-30T08:24:04Z,21.04,64.31,99,0,37.07,100.95,48.00,719.00,null,null,null
2023-08-30T08:25:04Z,21.04,64.40,99,0,33.59,100.95,49.00,726.00,2,2,7
2023-08-30T08:26:04Z,21.04,64.31,99,0,35.38,100.95,49.00,726.00,null,null,null
2023-08-30T08:27:04Z,21.05,64.30,99,0,37.72,100.95,47.00,715.00,null,null,null
2023-08-30T08:28:04Z,21.07,64.35,99,0,36.38,100.95,47.00,715.00,null,null,null
2023-08-30T08:29:04Z,21.05,64.36,99,0,54.07,100.95,46.00,708.00,null,null,null
2023-08-30T08:30:04Z,21.05,64.36,99,0,35.83,100.95,46.00,708.00,1,2,2
2023-08-30T08:31:04Z,21.05,64.40,99,0,34.94,100.95,46.00,708.00,null,null,null
2023-08-30T08:32:04Z,21.08,64.19,99,14,35.21,100.94,44.00,692.00,null,null,null
2023-08-30T08:33:04Z,21.07,64.47,99,14,37.65,100.95,47.00,712.00,null,null,null
2023-08-30T08:34:04Z,21.05,64.47,99,14,32.90,100.95,46.00,708.00,null,null,null
2023-08-30T08:35:04Z,21.05,64.65,99,13,38.83,100.95,46.00,708.00,2,2,2
2023-08-30T08:36:04Z,21.08,64.77,99,13,44.06,100.95,46.00,708.00,null,null,null
2023-08-30T08:37:04Z,21.11,64.70,99,13,34.30,100.95,45.00,700.00,null,null,null
2023-08-30T08:38:04Z,21.08,64.60,99,13,35.18,100.95,46.00,708.00,null,null,null
2023-08-30T08:39:04Z,21.11,64.53,99,13,32.87,100.95,46.00,708.00,null,null,null
2023-08-30T08:40:04Z,21.08,64.54,99,12,36.38,100.96,46.00,708.00,3,3,3
2023-08-30T08:41:04Z,21.10,64.41,99,12,32.96,100.96,46.00,708.00,null,null,null
2023-08-30T08:42:04Z,21.08,64.35,99,10,38.36,100.96,45.00,700.00,null,null,null
2023-08-30T08:43:04Z,21.10,64.36,99,11,34.18,100.96,44.00,692.00,null,null,null
2023-08-30T08:44:04Z,21.08,64.32,99,8,31.94,100.96,44.00,692.00,null,null,null
2023-08-30T08:45:04Z,21.10,64.36,99,9,33.80,100.96,44.00,692.00,1,1,1
2023-08-30T08:46:04Z,21.11,64.27,99,8,38.33,100.96,43.00,686.00,null,null,null
2023-08-30T08:47:04Z,21.12,64.29,99,8,36.91,100.96,43.00,686.00,null,null,null
2023-08-30T08:48:04Z,21.11,64.23,99,8,33.38,100.96,42.00,678.00,null,null,null
2023-08-30T08:49:04Z,21.10,64.22,99,8,38.26,100.96,42.00,682.00,null,null,null
2023-08-30T08:50:04Z,21.08,64.21,99,8,32.03,100.96,41.00,674.00,3,3,3
2023-08-30T08:51:04Z,21.10,64.20,99,8,33.56,100.96,41.00,674.00,null,null,null
2023-08-30T08:52:04Z,21.11,63.99,99,9,35.47,100.96,41.00,671.00,null,null,null
2023-08-30T08:53:04Z,21.10,63.99,99,8,32.83,100.96,41.00,671.00,null,null,null
2023-08-30T08:54:04Z,21.11,64.08,99,9,34.25,100.96,39.00,660.00,null,null,null
2023-08-30T08:55:04Z,21.10,64.09,99,8,36.16,100.96,39.00,660.00,1,2,2
2023-08-30T08:56:04Z,21.08,64.07,99,8,35.17,100.96,39.00,660.00,null,null,null
2023-08-30T08:57:04Z,21.12,63.95,99,8,34.23,100.96,39.00,656.00,null,null,null
2023-08-30T08:58:04Z,21.10,63.97,99,9,33.69,100.97,39.00,656.00,null,null,null
2023-08-30T08:59:04Z,21.11,63.89,99,9,36.70,100.97,39.00,656.00,null,null,null
2023-08-30T09:00:04Z,21.08,63.94,99,8,34.53,100.97,37.00,649.00,0,0,0
2023-08-30T09:01:04Z,21.11,63.94,99,8,33.88,100.97,37.00,649.00,null,null,null
2023-08-30T09:02:04Z,21.10,63.85,99,8,34.15,100.97,37.00,649.00,null,null,null
2023-08-30T09:03:04Z,21.10,63.85,99,7,35.73,100.97,36.00,641.00,null,null,null
2023-08-30T09:04:04Z,21.10,63.89,99,7,34.89,100.98,36.00,637.00,null,null,null
2023-08-30T09:05:04Z,21.10,63.86,99,8,34.77,100.97,36.00,637.00,2,2,2
2023-08-30T09:06:04Z,21.10,63.93,99,9,36.00,100.97,36.00,637.00,null,null,null
2023-08-30T09:07:04Z,21.10,63.83,99,8,38.07,100.97,36.00,637.00,null,null,null
2023-08-30T09:08:04Z,21.10,63.77,99,8,33.99,100.97,34.00,629.00,null,null,null
2023-08-30T09:09:04Z,21.10,63.75,99,9,34.65,100.98,34.00,629.00,null,null,null
2023-08-30T09:10:04Z,21.10,63.78,99,10,33.96,100.97,34.00,626.00,4,4,4
2023-08-30T09:11:04Z,21.10,63.65,99,9,34.50,100.97,32.00,615.00,null,null,null
2023-08-30T09:12:04Z,21.12,63.69,99,11,32.91,100.97,33.00,620.00,null,null,null
2023-08-30T09:13:04Z,21.10,63.71,99,11,36.31,100.96,33.00,620.00,null,null,null
2023-08-30T09:14:04Z,21.08,63.77,99,12,35.15,100.97,33.00,620.00,null,null,null
2023-08-30T09:15:04Z,21.11,63.76,99,13,34.11,100.96,32.00,615.00,3,4,4
2023-08-30T09:16:04Z,21.12,63.64,99,13,37.64,100.96,32.00,612.00,null,null,null
2023-08-30T09:17:04Z,21.12,63.62,99,11,36.86,100.96,32.00,611.00,null,null,null
2023-08-30T09:18:04Z,21.11,63.65,99,11,34.36,100.96,33.00,617.00,null,null,null
2023-08-30T09:19:04Z,21.10,63.60,99,10,32.05,100.96,32.00,611.00,null,null,null
2023-08-30T09:20:04Z,21.10,63.59,99,10,33.66,100.96,32.00,611.00,1,1,1
2023-08-30T09:21:04Z,21.11,63.61,99,12,32.57,100.96,30.00,603.00,null,null,null
2023-08-30T09:22:04Z,21.10,63.65,99,14,36.49,100.95,30.00,603.00,null,null,null
2023-08-30T09:23:04Z,21.11,63.58,99,16,33.05,100.96,30.00,603.00,null,null,null
2023-08-30T09:24:04Z,21.11,63.62,99,17,35.55,100.96,30.00,603.00,null,null,null
2023-08-30T09:25:04Z,21.11,63.67,99,16,38.46,100.96,30.00,599.00,1,1,1
2023-08-30T09:26:04Z,21.10,63.62,99,14,35.96,100.96,30.00,599.00,null,null,null
2023-08-30T09:27:04Z,21.14,63.52,99,15,35.89,100.96,30.00,599.00,null,null,null
2023-08-30T09:28:04Z,21.12,63.53,99,15,36.16,100.95,30.00,599.00,null,null,null
2023-08-30T09:29:04Z,21.10,63.54,99,14,33.07,100.96,29.00,591.00,null,null,null
2023-08-30T09:30:04Z,21.10,63.57,99,14,35.07,100.95,29.00,591.00,3,3,3
2023-08-30T09:31:04Z,21.10,63.55,99,13,35.63,100.96,29.00,591.00,null,null,null
2023-08-30T09:32:04Z,21.12,63.54,99,13,32.90,100.95,29.00,591.00,null,null,null
2023-08-30T09:33:04Z,21.11,63.45,99,16,32.53,100.95,28.00,586.00,null,null,null
2023-08-30T09:34:04Z,21.11,63.46,99,15,34.21,100.95,28.00,586.00,null,null,null
2023-08-30T09:35:04Z,21.11,63.51,99,14,37.53,100.95,28.00,586.00,0,0,0
2023-08-30T09:36:04Z,21.11,63.49,99,13,32.08,100.95,27.00,581.00,null,null,null
2023-08-30T09:37:04Z,21.16,63.47,99,13,36.54,100.94,27.00,581.00,null,null,null
2023-08-30T09:38:04Z,21.12,63.46,99,14,34.89,100.95,28.00,586.00,null,null,null
2023-08-30T09:39:04Z,21.12,63.41,99,13,37.34,100.94,26.00,575.00,null,null,null
2023-08-30T09:40:04Z,21.10,63.50,99,13,34.11,100.94,26.00,575.00,2,2,2
2023-08-30T09:41:04Z,21.12,63.41,99,15,32.47,100.94,26.00,575.00,null,null,null
2023-08-30T09:42:04Z,21.12,63.31,99,14,33.67,100.94,25.00,570.00,null,null,null
2023-08-30T09:43:04Z,21.12,63.38,99,13,37.15,100.94,25.00,570.00,null,null,null
2023-08-30T09:44:04Z,21.12,63.40,99,15,36.54,100.94,25.00,565.00,null,null,null
2023-08-30T09:45:04Z,21.10,63.40,99,14,34.92,100.94,25.00,565.00,2,4,4
2023-08-30T09:46:04Z,21.12,63.27,99,13,33.89,100.94,25.00,565.00,null,null,null
2023-08-30T09:47:04Z,21.11,63.25,99,17,36.55,100.94,24.00,560.00,null,null,null
2023-08-30T09:48:04Z,21.11,63.31,99,16,35.00,100.94,24.00,560.00,null,null,null
2023-08-30T09:49:04Z,21.11,63.32,99,16,35.57,100.94,24.00,560.00,null,null,null
2023-08-30T09:50:04Z,21.10,63.33,99,15,37.09,100.94,23.00,552.00,4,5,5
2023-08-30T09:51:04Z,21.12,63.22,99,13,35.78,100.94,23.00,552.00,null,null,null
2023-08-30T09:52:04Z,21.14,63.24,99,13,35.64,100.93,24.00,560.00,null,null,null
2023-08-30T09:53:04Z,21.12,63.26,99,14,32.69,100.93,24.00,560.00,null,null,null
2023-08-30T09:54:04Z,21.14,63.21,99,17,33.29,100.93,23.00,552.00,null,null,null
2023-08-30T09:55:04Z,21.11,63.18,99,16,34.21,100.93,23.00,555.00,1,1,1
2023-08-30T09:56:04Z,21.14,63.02,99,20,34.62,100.93,23.00,551.00,null,null,null
2023-08-30T09:57:04Z,21.15,63.08,99,19,32.69,100.93,23.00,551.00,null,null,null
2023-08-30T09:58:04Z,21.15,63.13,99,16,35.03,100.93,23.00,551.00,null,null,null
2023-08-30T09:59:04Z,21.11,63.16,99,16,37.45,100.93,23.00,551.00,null,null,null
2023-08-30T10:00:04Z,21.11,63.15,99,15,36.03,100.93,23.00,551.00,3,3,3
2023-08-30T10:01:04Z,21.15,62.90,99,16,36.79,100.93,21.00,543.00,null,null,null
2023-08-30T10:02:04Z,21.14,62.95,99,16,35.79,100.93,21.00,539.00,null,null,null
2023-08-30T10:03:04Z,21.12,62.90,99,15,36.95,100.92,21.00,539.00,null,null,null
2023-08-30T10:04:04Z,21.12,63.07,99,13,39.72,100.92,21.00,539.00,null,null,null
2023-08-30T10:05:04Z,21.12,63.16,99,13,36.65,100.93,21.00,539.00,1,2,2
2023-08-30T10:06:04Z,21.15,63.10,99,14,36.78,100.92,21.00,539.00,null,null,null
2023-08-30T10:07:04Z,21.15,63.02,99,12,37.15,100.92,21.00,543.00,null,null,null
2023-08-30T10:08:04Z,21.12,62.98,99,12,35.36,100.92,21.00,543.00,null,null,null
2023-08-30T10:09:04Z,21.14,63.00,99,12,34.64,100.92,21.00,543.00,null,null,null
2023-08-30T10:10:04Z,21.11,62.88,99,10,35.83,100.93,21.00,539.00,1,3,3
2023-08-30T10:11:04Z,21.15,62.85,99,9,33.36,100.92,19.00,529.00,null,null,null
2023-08-30T10:12:04Z,21.16,62.69,99,9,36.25,100.92,20.00,534.00,null,null,null
2023-08-30T10:13:04Z,21.14,62.88,99,9,32.75,100.93,20.00,534.00,null,null,null
2023-08-30T10:14:04Z,21.12,62.66,99,9,34.07,100.92,19.00,529.00,null,null,null
2023-08-30T10:15:04Z,21.12,62.79,99,9,35.03,100.93,19.00,529.00,0,0,0
2023-08-30T10:16:04Z,21.11,62.94,99,11,34.34,100.93,18.00,519.00,null,null,null
2023-08-30T10:17:04Z,21.14,62.85,99,11,34.79,100.93,18.00,523.00,null,null,null
2023-08-30T10:18:04Z,21.14,62.91,99,11,37.82,100.92,18.00,519.00,null,null,null
2023-08-30T10:19:04Z,21.14,62.86,99,11,35.75,100.93,18.00,523.00,null,null,null
2023-08-30T10:20:04Z,21.15,62.94,99,11,33.19,100.93,18.00,523.00,4,5,5
2023-08-30T10:21:04Z,21.15,62.85,99,11,34.66,100.93,17.00,514.00,null,null,null
2023-08-30T10:22:04Z,21.16,62.84,99,12,39.56,100.93,18.00,519.00,null,null,null
2023-08-30T10:23:04Z,21.14,62.86,99,11,33.79,100.93,18.00,519.00,null,null,null
2023-08-30T10:24:04Z,21.14,62.84,99,12,36.02,100.93,18.00,519.00,null,null,null
2023-08-30T10:25:04Z,21.14,62.85,99,13,33.29,100.93,18.00,519.00,0,0,0
2023-08-30T10:26:04Z,21.15,62.67,99,12,34.74,100.93,15.00,505.00,null,null,null
2023-08-30T10:27:04Z,21.15,62.55,99,13,34.07,100.93,18.00,519.00,null,null,null
2023-08-30T10:28:04Z,21.16,62.57,99,13,35.99,100.92,17.00,515.00,null,null,null
2023-08-30T10:29:04Z,21.12,62.71,99,13,36.51,100.93,17.00,515.00,null,null,null
2023-08-30T10:30:04Z,21.12,62.51,99,13,33.91,100.93,17.00,515.00,3,4,4
2023-08-30T10:31:04Z,21.15,62.62,99,13,35.49,100.93,15.00,500.00,null,null,null
2023-08-30T10:32:04Z,21.16,62.70,99,13,33.93,100.93,16.00,506.00,null,null,null
2023-08-30T10:33:04Z,21.14,62.68,99,13,36.55,100.92,16.00,506.00,null,null,null
2023-08-30T10:34:04Z,21.14,62.74,99,13,32.52,100.93,16.00,506.00,null,null,null
2023-08-30T10:35:04Z,21.14,62.65,99,14,34.58,100.93,16.00,506.00,2,2,2
2023-08-30T10:36:04Z,21.14,62.55,99,16,33.24,100.93,14.00,496.00,null,null,null
2023-08-30T10:37:04Z,21.18,62.53,99,19,33.01,100.93,15.00,500.00,null,null,null
2023-08-30T10:38:04Z,21.16,62.48,99,19,35.16,100.93,14.00,496.00,null,null,null
2023-08-30T10:39:04Z,21.14,62.61,99,20,34.33,100.92,14.00,496.00,null,null,null
2023-08-30T10:40:04Z,21.15,62.65,99,19,34.72,100.93,15.00,500.00,1,1,1
2023-08-30T10:41:04Z,21.14,62.66,99,18,34.94,100.92,14.00,493.00,null,null,null
2023-08-30T10:42:04Z,21.18,62.67,99,16,34.84,100.92,14.00,496.00,null,null,null
2023-08-30T10:43:04Z,21.14,62.65,99,16,33.52,100.92,15.00,500.00,null,null,null
2023-08-30T10:44:04Z,21.16,62.65,99,13,35.52,100.92,14.00,496.00,null,null,null
2023-08-30T10:45:04Z,21.16,62.61,99,13,35.42,100.91,15.00,500.00,3,3,3
2023-08-30T10:46:04Z,21.15,62.62,99,16,37.02,100.91,14.00,493.00,null,null,null
2023-08-30T10:47:04Z,21.15,62.64,99,15,34.77,100.92,14.00,496.00,null,null,null
2023-08-30T10:48:04Z,21.19,62.62,99,19,34.79,100.91,15.00,500.00,null,null,null
2023-08-30T10:49:04Z,21.15,62.64,99,19,32.59,100.92,15.00,500.00,null,null,null
2023-08-30T10:50:04Z,21.16,62.55,99,21,35.92,100.92,15.00,500.00,0,0,0
2023-08-30T10:51:04Z,21.16,62.53,99,20,33.59,100.92,14.00,493.00,null,null,null
2023-08-30T10:52:04Z,21.18,62.14,99,19,35.00,100.92,13.00,488.00,null,null,null
2023-08-30T10:53:04Z,21.21,62.35,99,19,35.64,100.92,14.00,493.00,null,null,null
2023-08-30T10:54:04Z,21.15,62.43,99,20,34.24,100.92,13.00,488.00,null,null,null
2023-08-30T10:55:04Z,21.18,62.49,99,19,36.45,100.92,13.00,488.00,0,0,0
2023-08-30T10:56:04Z,21.19,62.54,99,19,36.38,100.91,12.00,483.00,null,null,null
2023-08-30T10:57:04Z,21.18,62.49,99,16,34.88,100.91,14.00,493.00,null,null,null
2023-08-30T10:58:04Z,21.21,62.45,99,15,35.73,100.91,13.00,488.00,null,null,null
2023-08-30T10:59:04Z,21.18,62.40,99,13,32.88,100.92,14.00,493.00,null,null,null
2023-08-30T11:00:04Z,21.18,62.42,99,12,33.24,100.92,13.00,488.00,3,4,4
2023-08-30T11:01:04Z,21.19,62.35,99,10,36.97,100.92,12.00,483.00,null,null,null
2023-08-30T11:02:04Z,21.21,62.33,99,10,34.46,100.91,13.00,488.00,null,null,null
2023-08-30T11:03:04Z,21.21,62.27,99,9,38.76,100.92,12.00,483.00,null,null,null
2023-08-30T11:04:04Z,21.19,62.36,99,9,34.96,100.92,12.00,483.00,null,null,null
2023-08-30T11:05:04Z,21.19,62.44,99,7,34.26,100.92,12.00,483.00,1,1,1
2023-08-30T11:06:04Z,21.22,62.45,99,7,34.21,100.92,12.00,480.00,null,null,null
2023-08-30T11:07:04Z,21.22,62.32,99,5,33.66,100.92,13.00,488.00,null,null,null
2023-08-30T11:08:04Z,21.19,62.30,99,4,33.55,100.92,12.00,483.00,null,null,null
2023-08-30T11:09:04Z,21.21,62.26,99,6,34.68,100.93,12.00,483.00,null,null,null
2023-08-30T11:10:04Z,21.19,62.27,99,6,37.05,100.92,12.00,480.00,1,1,1
2023-08-30T11:11:04Z,21.22,62.33,99,5,32.82,100.92,11.00,475.00,null,null,null
2023-08-30T11:12:04Z,21.21,62.27,99,7,37.95,100.92,12.00,480.00,null,null,null
2023-08-30T11:13:04Z,21.21,62.23,99,9,37.34,100.93,12.00,480.00,null,null,null
2023-08-30T11:14:04Z,21.18,62.15,99,12,35.70,100.92,11.00,478.00,null,null,null
2023-08-30T11:15:04Z,21.19,62.23,99,12,34.15,100.92,11.00,478.00,0,0,0
2023-08-30T11:16:04Z,21.21,62.25,99,13,38.33,100.93,11.00,476.00,null,null,null
2023-08-30T11:17:04Z,21.22,62.29,99,13,39.29,100.92,11.00,475.00,null,null,null
2023-08-30T11:18:04Z,21.21,62.33,99,15,35.16,100.93,11.00,475.00,null,null,null
2023-08-30T11:19:04Z,21.18,62.26,99,14,33.85,100.92,11.00,475.00,null,null,null
2023-08-30T11:20:04Z,21.21,62.30,99,14,33.18,100.92,11.00,475.00,0,0,0
2023-08-30T11:21:04Z,21.21,62.30,99,16,34.39,100.92,10.00,472.00,null,null,null
2023-08-30T11:22:04Z,21.22,62.21,99,19,37.00,100.93,10.00,472.00,null,null,null
2023-08-30T11:23:04Z,21.24,62.29,99,20,35.81,100.93,11.00,476.00,null,null,null
2023-08-30T11:24:04Z,21.19,62.31,99,22,33.76,100.93,11.00,475.00,null,null,null
2023-08-30T11:25:04Z,21.21,62.30,99,21,36.11,100.92,10.00,472.00,0,0,0
2023-08-30T11:26:04Z,21.22,62.27,99,21,36.76,100.92,9.00,465.00,null,null,null
2023-08-30T11:27:04Z,21.25,62.31,99,20,34.59,100.91,10.00,472.00,null,null,null
2023-08-30T11:28:04Z,21.24,62.30,99,18,34.08,100.91,5.00,433.00,null,null,null
2023-08-30T11:29:04Z,21.24,62.29,99,17,33.94,100.91,10.00,472.00,null,null,null
2023-08-30T11:30:04Z,21.24,62.29,99,15,36.24,100.91,10.00,472.00,1,2,2
2023-08-30T11:31:04Z,21.24,62.23,99,15,34.21,100.91,9.00,465.00,null,null,null
2023-08-30T11:32:04Z,21.25,62.16,99,15,33.95,100.92,11.00,476.00,null,null,null
2023-08-30T11:33:04Z,21.27,62.15,99,15,36.16,100.92,5.00,436.00,null,null,null
2023-08-30T11:34:04Z,21.24,62.22,99,15,35.99,100.91,5.00,433.00,null,null,null
2023-08-30T11:35:04Z,21.21,62.21,99,16,33.38,100.91,11.00,476.00,0,0,0
2023-08-30T11:36:04Z,21.27,62.22,99,16,36.56,100.91,10.00,472.00,null,null,null
2023-08-30T11:37:04Z,21.28,62.27,99,17,33.80,100.91,5.00,433.00,null,null,null
2023-08-30T11:38:04Z,21.25,62.27,99,19,37.10,100.91,4.00,427.00,null,null,null
2023-08-30T11:39:04Z,21.25,62.29,99,22,37.18,100.91,4.00,427.00,null,null,null
2023-08-30T11:40:04Z,21.27,62.22,99,22,38.82,100.91,4.00,427.00,0,0,0
2023-08-30T11:41:04Z,21.28,62.22,99,23,34.42,100.90,3.00,422.00,null,null,null
2023-08-30T11:42:04Z,21.27,62.20,99,25,32.86,100.90,4.00,427.00,null,null,null
2023-08-30T11:43:04Z,21.30,62.20,99,26,36.00,100.90,4.00,427.00,null,null,null
2023-08-30T11:44:04Z,21.28,62.22,99,23,36.45,100.89,4.00,427.00,null,null,null
2023-08-30T11:45:04Z,21.30,62.20,99,23,33.97,100.90,4.00,427.00,0,0,0
2023-08-30T11:46:04Z,21.27,62.11,99,22,35.01,100.89,3.00,422.00,null,null,null
2023-08-30T11:47:04Z,21.28,61.91,99,22,34.22,100.90,3.00,422.00,null,null,null
2023-08-30T11:48:04Z,21.28,61.66,99,21,35.05,100.90,3.00,422.00,null,null,null
2023-08-30T11:49:04Z,21.28,61.90,99,20,35.33,100.90,6.00,442.00,null,null,null
2023-08-30T11:50:04Z,21.27,62.04,99,20,37.38,100.90,6.00,442.00,0,0,0
2023-08-30T11:51:04Z,21.30,62.05,99,19,36.93,100.89,5.00,433.00,null,null,null
2023-08-30T11:52:04Z,21.31,62.05,99,18,35.93,100.89,5.00,433.00,null,null,null
2023-08-30T11:53:04Z,21.30,62.07,99,17,37.43,100.90,5.00,433.00,null,null,null
2023-08-30T11:54:04Z,21.28,62.05,99,17,35.14,100.89,5.00,433.00,null,null,null
2023-08-30T11:55:04Z,21.28,62.08,99,15,34.22,100.89,4.00,427.00,2,2,2
2023-08-30T11:56:04Z,21.31,62.03,99,15,35.21,100.89,6.00,442.00,null,null,null
2023-08-30T11:57:04Z,21.32,61.93,99,15,34.55,100.89,5.00,438.00,null,null,null
2023-08-30T11:58:04Z,21.30,62.00,99,13,36.92,100.90,5.00,438.00,null,null,null
2023-08-30T11:59:04Z,21.32,62.01,99,14,35.39,100.89,4.00,427.00,null,null,null
2023-08-30T12:00:04Z,21.28,61.54,99,13,36.43,100.90,5.00,433.00,1,1,1
2023-08-30T12:01:04Z,21.31,61.53,99,14,32.99,100.90,5.00,433.00,null,null,null
2023-08-30T12:02:04Z,21.32,61.76,99,13,37.42,100.89,3.00,421.00,null,null,null
2023-08-30T12:03:04Z,21.31,61.79,99,12,35.68,100.90,4.00,427.00,null,null,null
2023-08-30T12:04:04Z,21.31,61.86,99,12,34.20,100.89,4.00,427.00,null,null,null
2023-08-30T12:05:04Z,21.30,61.83,99,11,32.47,100.90,4.00,427.00,3,3,3
2023-08-30T12:06:04Z,21.31,61.95,99,12,35.21,100.89,4.00,427.00,null,null,null
2023-08-30T12:07:04Z,21.32,61.83,99,10,37.55,100.90,4.00,427.00,null,null,null
2023-08-30T12:08:04Z,21.31,61.79,99,11,34.52,100.89,4.00,427.00,null,null,null
2023-08-30T12:09:04Z,21.34,61.80,99,9,33.60,100.90,4.00,427.00,null,null,null
2023-08-30T12:10:04Z,21.31,61.79,99,8,38.12,100.89,4.00,427.00,1,1,1
2023-08-30T12:11:04Z,21.31,61.83,99,8,34.87,100.89,3.00,422.00,null,null,null
2023-08-30T12:12:04Z,21.32,61.66,99,11,31.54,100.89,4.00,427.00,null,null,null
2023-08-30T12:13:04Z,21.31,61.68,99,11,31.80,100.89,3.00,421.00,null,null,null
2023-08-30T12:14:04Z,21.32,61.72,99,10,34.51,100.88,3.00,425.00,null,null,null
2023-08-30T12:15:04Z,21.30,61.69,99,12,32.82,100.88,3.00,421.00,1,1,1
2023-08-30T12:16:04Z,21.34,61.72,99,12,32.99,100.89,3.00,425.00,null,null,null
2023-08-30T12:17:04Z,21.35,61.74,99,13,34.42,100.88,3.00,425.00,null,null,null
2023-08-30T12:18:04Z,21.32,61.67,99,14,33.59,100.88,3.00,425.00,null,null,null
2023-08-30T12:19:04Z,21.34,61.77,99,15,38.01,100.88,3.00,425.00,null,null,null
2023-08-30T12:20:04Z,21.32,61.67,99,15,33.53,100.88,3.00,422.00,0,0,0
2023-08-30T12:21:04Z,21.34,61.66,99,16,32.68,100.89,2.00,417.00,null,null,null
2023-08-30T12:22:04Z,21.32,61.56,99,16,31.50,100.88,3.00,421.00,null,null,null
2023-08-30T12:23:04Z,21.35,61.48,99,16,32.06,100.89,3.00,421.00,null,null,null
2023-08-30T12:24:04Z,21.31,61.66,99,16,35.59,100.88,2.00,417.00,null,null,null
2023-08-30T12:25:04Z,21.32,61.75,99,15,34.25,100.88,3.00,421.00,1,2,2
2023-08-30T12:26:04Z,21.34,61.69,99,16,37.05,100.89,2.00,417.00,null,null,null
2023-08-30T12:27:04Z,21.35,61.72,99,13,33.96,100.89,3.00,421.00,null,null,null
2023-08-30T12:28:04Z,21.34,61.55,99,11,34.72,100.89,3.00,421.00,null,null,null
2023-08-30T12:29:04Z,21.31,61.46,99,10,35.18,100.89,2.00,417.00,null,null,null
2023-08-30T12:30:04Z,21.31,61.53,99,10,35.86,100.89,2.00,417.00,1,1,1
2023-08-30T12:31:04Z,21.37,61.70,99,11,34.72,100.89,2.00,417.00,null,null,null
2023-08-30T12:32:04Z,21.35,61.64,99,9,35.26,100.89,2.00,417.00,null,null,null
2023-08-30T12:33:04Z,21.32,61.64,99,8,34.97,100.89,2.00,417.00,null,null,null
2023-08-30T12:34:04Z,21.35,61.66,99,9,32.67,100.89,1.00,413.00,null,null,null
2023-08-30T12:35:04Z,21.32,61.65,99,9,36.20,100.89,3.00,421.00,0,0,0
2023-08-30T12:36:04Z,21.35,61.47,99,9,33.89,100.89,2.00,417.00,null,null,null
2023-08-30T12:37:04Z,21.35,61.51,99,9,34.06,100.89,2.00,417.00,null,null,null
2023-08-30T12:38:04Z,21.32,61.46,99,9,34.69,100.89,1.00,413.00,null,null,null
2023-08-30T12:39:04Z,21.34,61.61,99,9,36.57,100.89,2.00,417.00,null,null,null
2023-08-30T12:40:04Z,21.35,61.65,99,9,35.31,100.90,2.00,417.00,0,0,0
2023-08-30T12:41:04Z,21.37,61.50,99,9,33.91,100.89,2.00,417.00,null,null,null
2023-08-30T12:42:04Z,21.32,61.37,99,11,34.53,100.90,2.00,417.00,null,null,null
2023-08-30T12:43:04Z,21.37,61.46,99,9,36.00,100.89,2.00,417.00,null,null,null
2023-08-30T12:44:04Z,21.35,61.55,99,12,36.03,100.90,2.00,417.00,null,null,null
2023-08-30T12:45:04Z,21.32,61.46,99,12,34.55,100.90,1.00,413.00,1,1,1
2023-08-30T12:46:04Z,21.35,61.50,99,12,36.81,100.90,1.00,413.00,null,null,null
2023-08-30T12:47:04Z,21.34,61.48,99,12,35.06,100.90,1.00,413.00,null,null,null
2023-08-30T12:48:04Z,21.37,61.45,99,11,34.74,100.90,1.00,413.00,null,null,null
2023-08-30T12:49:04Z,21.34,61.38,99,10,38.89,100.90,1.00,413.00,null,null,null
2023-08-30T12:50:04Z,21.31,61.49,99,12,34.11,100.91,1.00,413.00,1,1,1
2023-08-30T12:51:04Z,21.34,61.44,99,13,33.14,100.91,1.00,413.00,null,null,null
2023-08-30T12:52:04Z,21.34,61.40,99,12,34.45,100.90,1.00,408.00,null,null,null
2023-08-30T12:53:04Z,21.32,61.41,99,13,34.38,100.90,1.00,408.00,null,null,null
2023-08-30T12:54:04Z,21.35,61.36,99,13,36.04,100.90,1.00,408.00,null,null,null
2023-08-30T12:55:04Z,21.32,61.44,99,14,37.99,100.90,1.00,408.00,1,2,2
2023-08-30T12:56:04Z,21.37,61.47,99,13,31.67,100.90,1.00,408.00,null,null,null
2023-08-30T12:57:04Z,21.35,61.40,99,13,34.96,100.90,1.00,408.00,null,null,null
2023-08-30T12:58:04Z,21.35,61.36,99,13,34.33,100.90,1.00,408.00,null,null,null
2023-08-30T12:59:04Z,21.31,61.16,99,13,35.84,100.89,1.00,408.00,null,null,null
2023-08-30T13:00:04Z,21.31,61.22,99,13,33.22,100.89,1.00,408.00,0,0,0
2023-08-30T13:01:04Z,21.34,61.18,99,14,35.63,100.90,1.00,408.00,null,null,null
2023-08-30T13:02:04Z,21.35,61.24,99,14,33.03,100.90,0.00,403.00,null,null,null
2023-08-30T13:03:04Z,21.34,61.32,99,14,32.55,100.89,0.00,403.00,null,null,null
2023-08-30T13:04:04Z,21.32,61.31,99,15,36.34,100.90,0.00,403.00,null,null,null
2023-08-30T13:05:04Z,21.34,61.23,99,15,34.55,100.89,0.00,400.00,0,0,0
2023-08-30T13:06:04Z,21.34,61.31,99,15,32.14,100.89,0.00,405.00,null,null,null
2023-08-30T13:07:04Z,21.37,61.16,99,15,32.41,100.90,0.00,400.00,null,null,null
2023-08-30T13:08:04Z,21.35,61.23,99,14,36.63,100.90,0.00,405.00,null,null,null
2023-08-30T13:09:04Z,21.34,61.31,99,13,34.66,100.89,0.00,405.00,null,null,null
2023-08-30T13:10:04Z,21.32,61.41,99,13,34.47,100.89,0.00,400.00,0,0,0
2023-08-30T13:11:04Z,21.34,61.42,99,12,34.28,100.89,0.00,400.00,null,null,null
2023-08-30T13:12:04Z,21.35,61.41,99,13,34.20,100.89,0.00,400.00,null,null,null
2023-08-30T13:13:04Z,21.35,61.32,99,12,35.52,100.89,0.00,405.00,null,null,null
2023-08-30T13:14:04Z,21.35,61.02,99,13,38.63,100.89,0.00,400.00,null,null,null
2023-08-30T13:15:04Z,21.34,61.16,99,12,37.75,100.89,0.00,402.00,0,0,0
2023-08-30T13:16:04Z,21.34,61.25,99,12,37.34,100.90,0.00,405.00,null,null,null
2023-08-30T13:17:04Z,21.37,61.26,99,13,32.67,100.90,0.00,400.00,null,null,null
2023-08-30T13:18:04Z,21.34,61.11,99,13,34.39,100.89,0.00,400.00,null,null,null
2023-08-30T13:19:04Z,21.37,60.95,99,14,49.93,100.89,0.00,402.00,null,null,null
2023-08-30T13:20:04Z,21.34,61.15,99,13,35.12,100.90,0.00,402.00,0,0,0
2023-08-30T13:21:04Z,21.35,61.18,99,13,34.87,100.90,0.00,402.00,null,null,null
2023-08-30T13:22:04Z,21.35,60.91,99,14,35.41,100.89,0.00,402.00,null,null,null
2023-08-30T13:23:04Z,21.34,60.53,99,15,33.22,100.89,0.00,400.00,null,null,null
2023-08-30T13:24:04Z,21.34,60.83,99,15,34.12,100.89,0.00,405.00,null,null,null
2023-08-30T13:25:04Z,21.34,61.08,99,16,35.57,100.89,0.00,400.00,0,0,0
2023-08-30T13:26:04Z,21.34,61.15,99,16,35.42,100.89,0.00,400.00,null,null,null
2023-08-30T13:27:04Z,21.35,61.14,99,16,37.25,100.89,0.00,402.00,null,null,null
2023-08-30T13:28:04Z,21.34,61.17,99,17,35.50,100.89,0.00,402.00,null,null,null
2023-08-30T13:29:04Z,21.32,61.04,99,17,35.18,100.89,0.00,402.00,null,null,null
2023-08-30T13:30:04Z,21.34,61.07,99,16,35.50,100.89,0.00,400.00,0,0,0
2023-08-30T13:31:04Z,21.34,61.11,99,16,35.93,100.89,0.00,402.00,null,null,null
2023-08-30T13:32:04Z,21.34,61.25,99,16,34.23,100.89,0.00,402.00,null,null,null
2023-08-30T13:33:04Z,21.35,61.21,99,14,35.82,100.88,0.00,400.00,null,null,null
2023-08-30T13:34:04Z,21.32,61.22,99,14,32.39,100.89,1.00,411.00,null,null,null
2023-08-30T13:35:04Z,21.32,61.22,99,13,36.27,100.89,1.00,411.00,0,0,0
2023-08-30T13:36:04Z,21.32,61.05,99,13,36.16,100.89,1.00,411.00,null,null,null
2023-08-30T13:37:04Z,21.35,61.00,99,12,35.01,100.88,1.00,411.00,null,null,null
2023-08-30T13:38:04Z,21.34,61.09,99,12,38.20,100.88,1.00,411.00,null,null,null
2023-08-30T13:39:04Z,21.34,61.14,99,12,36.23,100.88,0.00,405.00,null,null,null
2023-08-30T13:40:04Z,21.35,61.13,99,10,36.11,100.88,0.00,405.00,1,1,1
2023-08-30T13:41:04Z,21.34,61.07,99,10,34.87,100.88,1.00,411.00,null,null,null
2023-08-30T13:42:04Z,21.35,61.11,99,10,34.11,100.88,1.00,411.00,null,null,null
2023-08-30T13:43:04Z,21.37,60.98,99,10,33.62,100.88,0.00,405.00,null,null,null
2023-08-30T13:44:04Z,21.32,60.88,99,10,36.82,100.87,0.00,405.00,null,null,null
2023-08-30T13:45:04Z,21.34,60.91,99,10,34.27,100.88,0.00,405.00,1,1,1
2023-08-30T13:46:04Z,21.37,60.71,99,10,32.65,100.88,0.00,405.00,null,null,null
2023-08-30T13:47:04Z,21.38,60.79,99,10,33.20,100.88,1.00,409.00,null,null,null
2023-08-30T13:48:04Z,21.35,60.64,99,10,37.03,100.88,0.00,402.00,null,null,null
2023-08-30T13:49:04Z,21.35,60.46,99,10,36.21,100.87,1.00,407.00,null,null,null
2023-08-30T13:50:04Z,21.34,60.80,99,10,34.87,100.88,0.00,402.00,0,0,0
2023-08-30T13:51:04Z,21.34,60.71,99,10,34.34,100.87,0.00,400.00,null,null,null
2023-08-30T13:52:04Z,21.37,60.75,99,10,36.33,100.87,0.00,405.00,null,null,null
2023-08-30T13:53:04Z,21.35,60.68,99,10,37.54,100.87,0.00,400.00,null,null,null
2023-08-30T13:54:04Z,21.34,60.65,99,10,35.30,100.87,0.00,405.00,null,null,null
2023-08-30T13:55:04Z,21.34,60.76,99,10,35.00,100.87,0.00,405.00,1,1,1
2023-08-30T13:56:04Z,21.37,60.64,99,10,37.38,100.88,0.00,400.00,null,null,null
2023-08-30T13:57:04Z,21.35,60.47,99,10,36.44,100.87,0.00,405.00,null,null,null
2023-08-30T13:58:04Z,21.34,60.65,99,10,36.95,100.88,0.00,401.00,null,null,null
2023-08-30T13:59:04Z,21.34,60.63,99,12,33.95,100.87,0.00,401.00,null,null,null
2023-08-30T14:00:04Z,21.34,60.61,99,12,37.00,100.87,0.00,405.00,0,0,0
2023-08-30T14:01:04Z,21.35,60.71,99,12,33.95,100.87,0.00,405.00,null,null,null
2023-08-30T14:02:04Z,21.37,60.75,99,12,33.46,100.87,0.00,405.00,null,null,null
2023-08-30T14:03:04Z,21.34,60.66,99,13,36.83,100.87,0.00,400.00,null,null,null
2023-08-30T14:04:04Z,21.32,60.70,99,13,36.32,100.87,0.00,405.00,null,null,null
2023-08-30T14:05:04Z,21.31,60.80,99,12,36.43,100.86,0.00,405.00,0,0,0
2023-08-30T14:06:04Z,21.35,60.75,99,12,33.85,100.87,0.00,400.00,null,null,null
2023-08-30T14:07:04Z,21.34,60.56,99,13,35.08,100.87,0.00,400.00,null,null,null
2023-08-30T14:08:04Z,21.34,60.52,99,13,33.52,100.87,0.00,401.00,null,null,null
2023-08-30T14:09:04Z,21.34,60.57,99,11,35.50,100.87,0.00,401.00,null,null,null
2023-08-30T14:10:04Z,21.30,60.64,99,12,33.26,100.87,0.00,405.00,1,1,1
2023-08-30T14:11:04Z,21.35,60.65,99,12,36.59,100.87,0.00,405.00,null,null,null
2023-08-30T14:12:04Z,21.35,60.65,99,12,36.08,100.87,0.00,405.00,null,null,null
2023-08-30T14:13:04Z,21.32,60.68,99,12,37.69,100.87,0.00,405.00,null,null,null
2023-08-30T14:14:04Z,21.34,60.69,99,14,33.24,100.87,0.00,405.00,null,null,null
2023-08-30T14:15:04Z,21.32,60.61,99,13,33.97,100.87,0.00,405.00,0,0,0
2023-08-30T14:16:04Z,21.34,60.65,99,13,37.48,100.86,0.00,405.00,null,null,null
2023-08-30T14:17:04Z,21.35,60.66,99,13,36.97,100.86,0.00,405.00,null,null,null
2023-08-30T14:18:04Z,21.34,60.67,99,14,34.91,100.86,0.00,405.00,null,null,null
2023-08-30T14:19:04Z,21.34,60.72,99,16,36.85,100.86,0.00,405.00,null,null,null
2023-08-30T14:20:04Z,21.32,60.71,99,16,35.07,100.86,0.00,405.00,1,1,1
2023-08-30T14:21:04Z,21.35,60.60,99,17,36.35,100.87,0.00,405.00,null,null,null
2023-08-30T14:22:04Z,21.35,60.55,99,19,32.95,100.86,0.00,405.00,null,null,null
2023-08-30T14:23:04Z,21.35,60.62,99,19,34.55,100.87,0.00,405.00,null,null,null
2023-08-30T14:24:04Z,21.32,60.59,99,18,35.15,100.87,0.00,405.00,null,null,null
2023-08-30T14:25:04Z,21.31,60.57,99,19,36.96,100.86,0.00,405.00,0,0,0
2023-08-30T14:26:04Z,21.34,60.61,99,18,33.71,100.87,0.00,405.00,null,null,null
2023-08-30T14:27:04Z,21.35,60.50,99,17,35.69,100.87,0.00,405.00,null,null,null
2023-08-30T14:28:04Z,21.35,60.41,99,16,35.94,100.87,0.00,405.00,null,null,null
2023-08-30T14:29:04Z,21.35,60.52,99,16,32.52,100.87,0.00,401.00,null,null,null
2023-08-30T14:30:04Z,21.32,60.51,99,17,34.69,100.87,0.00,401.00,0,0,0
2023-08-30T14:31:04Z,21.34,60.66,99,19,36.28,100.87,0.00,401.00,null,null,null
2023-08-30T14:32:04Z,21.35,60.62,99,18,32.17,100.87,0.00,401.00,null,null,null
2023-08-30T14:33:04Z,21.35,60.61,99,18,32.96,100.86,0.00,405.00,null,null,null
2023-08-30T14:34:04Z,21.35,60.57,99,17,35.32,100.87,0.00,405.00,null,null,null
2023-08-30T14:35:04Z,21.37,60.59,99,17,33.39,100.86,0.00,405.00,0,0,0
2023-08-30T14:36:04Z,21.37,60.53,99,16,34.41,100.87,0.00,405.00,null,null,null
2023-08-30T14:37:04Z,21.38,60.55,99,16,32.62,100.87,0.00,405.00,null,null,null
2023-08-30T14:38:04Z,21.37,60.49,99,18,38.15,100.88,0.00,405.00,null,null,null
2023-08-30T14:39:04Z,21.38,60.42,99,16,33.27,100.87,0.00,405.00,null,null,null
2023-08-30T14:40:04Z,21.34,60.05,99,16,32.84,100.87,0.00,401.00,0,0,0
2023-08-30T14:41:04Z,21.37,60.38,99,16,35.75,100.87,0.00,400.00,null,null,null
2023-08-30T14:42:04Z,21.39,60.41,99,16,35.37,100.87,0.00,401.00,null,null,null
2023-08-30T14:43:04Z,21.38,60.46,99,19,32.96,100.86,0.00,401.00,null,null,null
2023-08-30T14:44:04Z,21.38,60.34,99,19,34.57,100.86,0.00,401.00,null,null,null
2023-08-30T14:45:04Z,21.35,60.43,99,19,39.16,100.87,0.00,400.00,1,1,6
2023-08-30T14:46:04Z,21.41,60.40,99,19,33.70,100.86,0.00,405.00,null,null,null
2023-08-30T14:47:04Z,21.38,60.39,99,19,35.98,100.86,0.00,400.00,null,null,null
2023-08-30T14:48:04Z,21.38,60.45,99,19,34.69,100.87,0.00,405.00,null,null,null
2023-08-30T14:49:04Z,21.38,60.44,99,18,36.83,100.87,0.00,400.00,null,null,null
2023-08-30T14:50:04Z,21.37,60.46,99,18,33.85,100.86,0.00,405.00,1,1,1
2023-08-30T14:51:04Z,21.38,60.44,99,19,34.83,100.87,0.00,400.00,null,null,null
2023-08-30T14:52:04Z,21.38,60.48,99,20,34.26,100.87,0.00,405.00,null,null,null
2023-08-30T14:53:04Z,21.38,60.50,99,23,37.61,100.87,0.00,405.00,null,null,null
2023-08-30T14:54:04Z,21.37,60.34,99,22,34.80,100.87,0.00,405.00,null,null,null
2023-08-30T14:55:04Z,21.38,60.53,99,20,34.61,100.86,0.00,405.00,0,0,0
2023-08-30T14:56:04Z,21.38,60.47,99,19,32.65,100.87,0.00,405.00,null,null,null
2023-08-30T14:57:04Z,21.38,60.40,99,22,34.73,100.87,0.00,405.00,null,null,null
2023-08-30T14:58:04Z,21.38,60.49,99,19,35.11,100.87,1.00,408.00,null,null,null
2023-08-30T14:59:04Z,21.39,60.44,99,19,34.72,100.87,1.00,408.00,null,null,null
2023-08-30T15:00:04Z,21.38,60.53,99,19,36.26,100.87,1.00,408.00,0,0,0
2023-08-30T15:01:04Z,21.42,60.54,99,19,34.84,100.87,1.00,408.00,null,null,null
2023-08-30T15:02:04Z,21.41,60.43,99,20,37.57,100.87,1.00,408.00,null,null,null
2023-08-30T15:03:04Z,21.42,60.43,99,19,32.74,100.88,1.00,408.00,null,null,null
2023-08-30T15:04:04Z,21.39,60.46,99,19,36.08,100.87,1.00,408.00,null,null,null
2023-08-30T15:05:04Z,21.39,60.47,99,17,33.88,100.86,0.00,405.00,1,1,1
2023-08-30T15:06:04Z,21.41,60.48,99,18,33.90,100.87,0.00,405.00,null,null,null
2023-08-30T15:07:04Z,21.41,60.39,99,17,35.67,100.87,1.00,408.00,null,null,null
2023-08-30T15:08:04Z,21.42,60.39,99,19,35.34,100.87,0.00,405.00,null,null,null
2023-08-30T15:09:04Z,21.39,60.44,99,21,34.29,100.86,0.00,405.00,null,null,null
2023-08-30T15:10:04Z,21.39,60.54,99,21,36.25,100.86,1.00,408.00,0,0,0
2023-08-30T15:11:04Z,21.42,60.57,99,20,38.04,100.86,1.00,408.00,null,null,null
2023-08-30T15:12:04Z,21.43,60.52,99,20,34.44,100.86,1.00,408.00,null,null,null
2023-08-30T15:13:04Z,21.42,60.48,99,20,34.89,100.86,1.00,413.00,null,null,null
2023-08-30T15:14:04Z,21.42,60.53,99,20,35.81,100.86,1.00,408.00,null,null,null
2023-08-30T15:15:04Z,21.42,60.58,99,20,33.71,100.86,1.00,408.00,1,1,1
2023-08-30T15:16:04Z,21.45,60.57,99,21,37.25,100.86,1.00,413.00,null,null,null
2023-08-30T15:17:04Z,21.45,60.44,99,21,35.43,100.86,1.00,413.00,null,null,null
2023-08-30T15:18:04Z,21.42,60.55,99,20,39.66,100.85,1.00,413.00,null,null,null
2023-08-30T15:19:04Z,21.42,60.57,99,20,36.18,100.86,1.00,413.00,null,null,null
2023-08-30T15:20:04Z,21.43,60.55,99,20,38.58,100.85,1.00,413.00,0,0,0
2023-08-30T15:21:04Z,21.46,60.54,99,21,36.59,100.86,1.00,413.00,null,null,null
2023-08-30T15:22:04Z,21.42,60.53,99,21,36.04,100.86,1.00,413.00,null,null,null
2023-08-30T15:23:04Z,21.46,60.53,99,21,35.55,100.86,1.00,413.00,null,null,null
2023-08-30T15:24:04Z,21.46,60.50,99,21,36.26,100.86,1.00,413.00,null,null,null
2023-08-30T15:25:04Z,21.45,60.51,99,19,38.55,100.86,1.00,413.00,3,3,3
2023-08-30T15:26:04Z,21.48,60.55,99,19,36.23,100.87,1.00,413.00,null,null,null
2023-08-30T15:27:04Z,21.43,60.45,99,18,35.35,100.87,1.00,413.00,null,null,null
2023-08-30T15:28:04Z,21.46,60.55,99,22,35.69,100.86,2.00,415.00,null,null,null
2023-08-30T15:29:04Z,21.48,60.61,99,21,36.51,100.87,1.00,413.00,null,null,null
2023-08-30T15:30:04Z,21.45,60.63,99,15,33.53,100.87,2.00,415.00,1,2,2
2023-08-30T15:31:04Z,21.46,60.66,99,21,36.90,100.87,2.00,415.00,null,null,null
2023-08-30T15:32:04Z,21.52,60.54,99,16,33.93,100.87,2.00,415.00,null,null,null
2023-08-30T15:33:04Z,21.49,60.56,99,22,33.80,100.87,2.00,415.00,null,null,null
2023-08-30T15:34:04Z,21.49,60.54,99,16,36.26,100.86,2.00,415.00,null,null,null
2023-08-30T15:35:04Z,21.48,60.55,99,16,32.45,100.86,2.00,415.00,1,1,1
2023-08-30T15:36:04Z,21.51,60.57,99,16,36.88,100.87,2.00,415.00,null,null,null
2023-08-30T15:37:04Z,21.49,60.61,99,23,35.80,100.86,2.00,415.00,null,null,null
2023-08-30T15:38:04Z,21.49,60.63,99,23,36.34,100.86,3.00,422.00,null,null,null
2023-08-30T15:39:04Z,21.51,60.75,99,22,34.40,100.87,3.00,422.00,null,null,null
2023-08-30T15:40:04Z,21.51,60.83,99,22,35.39,100.87,2.00,417.00,0,0,0
2023-08-30T15:41:04Z,21.51,60.82,99,23,37.96,100.86,2.00,417.00,null,null,null
2023-08-30T15:42:04Z,21.52,60.88,99,23,32.63,100.87,2.00,417.00,null,null,null
2023-08-30T15:43:04Z,21.53,60.87,99,23,36.77,100.87,3.00,420.00,null,null,null
2023-08-30T15:44:04Z,21.53,60.90,99,22,35.19,100.87,3.00,420.00,null,null,null
2023-08-30T15:45:04Z,21.53,60.89,99,19,33.65,100.87,3.00,420.00,0,0,0
2023-08-30T15:46:04Z,21.49,60.84,99,17,33.85,100.87,3.00,420.00,null,null,null
2023-08-30T15:47:04Z,21.55,60.75,99,22,37.05,100.87,3.00,420.00,null,null,null
2023-08-30T15:48:04Z,21.56,60.76,99,15,39.02,100.87,3.00,420.00,null,null,null
2023-08-30T15:49:04Z,21.53,60.78,99,15,36.29,100.87,3.00,420.00,null,null,null
2023-08-30T15:50:04Z,21.53,60.75,99,17,33.61,100.87,3.00,420.00,0,0,0
2023-08-30T15:51:04Z,21.55,60.77,99,14,37.36,100.87,3.00,420.00,null,null,null
2023-08-30T15:52:04Z,21.56,60.74,99,15,34.09,100.87,3.00,424.00,null,null,null
2023-08-30T15:53:04Z,21.56,60.78,99,15,35.22,100.87,3.00,424.00,null,null,null
2023-08-30T15:54:04Z,21.58,60.72,99,16,35.84,100.87,3.00,420.00,null,null,null
2023-08-30T15:55:04Z,21.58,60.70,99,16,33.44,100.87,3.00,424.00,2,2,2
2023-08-30T15:56:04Z,21.56,60.72,99,15,36.12,100.87,3.00,424.00,null,null,null
2023-08-30T15:57:04Z,21.58,60.64,99,13,35.86,100.87,3.00,424.00,null,null,null
2023-08-30T15:58:04Z,21.58,60.57,99,14,34.25,100.87,3.00,424.00,null,null,null
2023-08-30T15:59:04Z,21.56,60.57,99,13,35.08,100.86,3.00,424.00,null,null,null
2023-08-30T16:00:04Z,21.56,60.58,99,13,36.90,100.87,3.00,424.00,0,0,0
2023-08-30T16:01:04Z,21.59,60.61,99,13,35.49,100.87,3.00,424.00,null,null,null
2023-08-30T16:02:04Z,21.58,60.52,99,12,37.12,100.87,3.00,424.00,null,null,null
2023-08-30T16:03:04Z,21.58,60.53,99,12,32.97,100.87,3.00,424.00,null,null,null
2023-08-30T16:04:04Z,21.58,60.56,99,12,38.07,100.87,3.00,424.00,null,null,null
2023-08-30T16:05:04Z,21.56,60.55,99,12,37.02,100.87,3.00,424.00,0,0,0
2023-08-30T16:06:04Z,21.60,60.52,99,10,37.61,100.87,3.00,424.00,null,null,null
2023-08-30T16:07:04Z,21.59,60.41,99,9,32.84,100.87,3.00,424.00,null,null,null
2023-08-30T16:08:04Z,21.60,60.46,99,8,35.18,100.87,3.00,424.00,null,null,null
2023-08-30T16:09:04Z,21.60,60.51,99,9,32.15,100.88,3.00,424.00,null,null,null
2023-08-30T16:10:04Z,21.58,60.54,99,9,33.89,100.87,3.00,424.00,0,0,0
2023-08-30T16:11:04Z,21.59,60.55,99,9,34.94,100.88,3.00,424.00,null,null,null
2023-08-30T16:12:04Z,21.59,60.50,99,9,33.12,100.88,3.00,424.00,null,null,null
2023-08-30T16:13:04Z,21.62,60.55,99,9,37.90,100.88,3.00,424.00,null,null,null
2023-08-30T16:14:04Z,21.60,60.48,99,9,31.71,100.88,4.00,428.00,null,null,null
2023-08-30T16:15:04Z,21.59,60.50,99,9,36.51,100.87,4.00,428.00,1,1,1
2023-08-30T16:16:04Z,21.60,60.45,99,9,36.21,100.88,5.00,435.00,null,null,null
2023-08-30T16:17:04Z,21.62,60.42,99,9,34.20,100.88,4.00,428.00,null,null,null
2023-08-30T16:18:04Z,21.60,60.40,99,10,33.10,100.88,4.00,428.00,null,null,null
2023-08-30T16:19:04Z,21.62,60.44,99,10,35.62,100.88,4.00,428.00,null,null,null
2023-08-30T16:20:04Z,21.60,60.48,99,10,35.67,100.87,5.00,435.00,0,0,0
2023-08-30T16:21:04Z,21.59,60.46,99,12,36.86,100.87,5.00,435.00,null,null,null
2023-08-30T16:22:04Z,21.60,60.47,99,12,32.36,100.88,5.00,435.00,null,null,null
2023-08-30T16:23:04Z,21.62,60.46,99,11,35.63,100.88,5.00,435.00,null,null,null
2023-08-30T16:24:04Z,21.62,60.50,99,12,39.21,100.87,5.00,435.00,null,null,null
2023-08-30T16:25:04Z,21.60,60.46,99,13,32.27,100.87,5.00,435.00,1,1,1
2023-08-30T16:26:04Z,21.62,60.46,99,13,36.00,100.87,5.00,435.00,null,null,null
2023-08-30T16:27:04Z,21.62,60.42,99,13,34.96,100.87,5.00,435.00,null,null,null
2023-08-30T16:28:04Z,21.60,60.40,99,14,36.31,100.88,6.00,441.00,null,null,null
2023-08-30T16:29:04Z,21.60,60.39,99,13,37.96,100.88,5.00,435.00,null,null,null
2023-08-30T16:30:04Z,21.60,60.42,99,14,33.12,100.88,5.00,435.00,0,0,0
2023-08-30T16:31:04Z,21.60,60.48,99,14,35.35,100.87,6.00,441.00,null,null,null
2023-08-30T16:32:04Z,21.63,60.44,99,13,33.81,100.88,5.00,435.00,null,null,null
2023-08-30T16:33:04Z,21.62,60.37,99,13,34.08,100.87,5.00,435.00,null,null,null
2023-08-30T16:34:04Z,21.62,60.42,99,13,34.64,100.87,5.00,435.00,null,null,null
2023-08-30T16:35:04Z,21.60,60.44,99,10,38.75,100.88,5.00,435.00,0,0,0
2023-08-30T16:36:04Z,21.62,60.51,99,12,35.15,100.87,6.00,441.00,null,null,null
2023-08-30T16:37:04Z,21.62,60.43,99,9,34.26,100.87,5.00,435.00,null,null,null
2023-08-30T16:38:04Z,21.63,60.44,99,11,34.27,100.87,5.00,435.00,null,null,null
2023-08-30T16:39:04Z,21.65,60.41,99,9,35.73,100.88,5.00,435.00,null,null,null
2023-08-30T16:40:04Z,21.60,60.38,99,9,36.54,100.87,5.00,435.00,0,0,5
2023-08-30T16:41:04Z,21.63,60.41,99,9,33.78,100.87,5.00,435.00,null,null,null
2023-08-30T16:42:04Z,21.65,60.44,99,9,33.06,100.87,6.00,441.00,null,null,null
2023-08-30T16:43:04Z,21.62,60.36,99,9,37.06,100.87,6.00,441.00,null,null,null
2023-08-30T16:44:04Z,21.62,60.31,99,11,35.57,100.87,6.00,441.00,null,null,null
2023-08-30T16:45:04Z,21.60,60.39,99,11,36.85,100.87,5.00,435.00,0,1,1
2023-08-30T16:46:04Z,21.62,60.42,99,9,37.44,100.87,6.00,441.00,null,null,null
2023-08-30T16:47:04Z,21.63,60.24,99,0,45.78,100.87,6.00,441.00,null,null,null
2023-08-30T16:48:04Z,21.62,60.30,99,0,52.46,100.87,6.00,444.00,null,null,null
2023-08-30T16:49:04Z,21.63,60.23,99,0,45.05,100.87,5.00,435.00,null,null,null
2023-08-30T16:50:04Z,21.62,60.20,99,0,36.57,100.87,6.00,444.00,0,0,0
2023-08-30T16:51:04Z,21.63,60.24,99,0,38.93,100.87,5.00,439.00,null,null,null
2023-08-30T16:52:04Z,21.65,60.28,99,0,37.86,100.87,6.00,444.00,null,null,null
2023-08-30T16:53:04Z,21.62,60.26,99,0,48.18,100.87,6.00,441.00,null,null,null
2023-08-30T16:54:04Z,21.62,60.26,99,0,41.00,100.88,6.00,441.00,null,null,null
2023-08-30T16:55:04Z,21.63,60.25,99,0,36.48,100.87,6.00,441.00,0,0,0
2023-08-30T16:56:04Z,21.62,60.22,99,0,42.95,100.87,6.00,441.00,null,null,null
2023-08-30T16:57:04Z,21.65,60.15,99,0,38.64,100.87,6.00,444.00,null,null,null
2023-08-30T16:58:04Z,21.62,60.18,99,0,40.20,100.87,6.00,444.00,null,null,null
2023-08-30T16:59:04Z,21.63,60.13,99,0,38.19,100.87,6.00,444.00,null,null,null
2023-08-30T17:00:04Z,21.62,60.21,99,0,43.09,100.87,6.00,444.00,0,0,0
2023-08-30T17:01:04Z,21.62,60.11,99,0,35.97,100.87,6.00,444.00,null,null,null
2023-08-30T17:02:04Z,21.66,60.16,99,0,36.44,100.86,6.00,444.00,null,null,null
2023-08-30T17:03:04Z,21.63,60.08,99,0,38.06,100.87,6.00,444.00,null,null,null
2023-08-30T17:04:04Z,21.62,60.03,99,0,39.54,100.87,6.00,444.00,null,null,null
2023-08-30T17:05:04Z,21.62,60.08,99,0,49.49,100.87,6.00,444.00,0,0,0
2023-08-30T17:06:04Z,21.62,59.99,99,0,56.69,100.87,6.00,444.00,null,null,null
2023-08-30T17:07:04Z,21.63,59.95,99,0,53.89,100.87,7.00,448.00,null,null,null
2023-08-30T17:08:04Z,21.63,60.05,99,0,39.29,100.87,6.00,444.00,null,null,null
2023-08-30T17:09:04Z,21.63,60.14,99,0,45.74,100.87,6.00,444.00,null,null,null
2023-08-30T17:10:04Z,21.62,60.16,99,0,40.38,100.87,6.00,444.00,6,6,6
2023-08-30T17:11:04Z,21.62,60.04,99,0,38.93,100.87,6.00,444.00,null,null,null
2023-08-30T17:12:04Z,21.65,60.10,99,0,37.69,100.87,7.00,452.00,null,null,null
2023-08-30T17:13:04Z,21.66,60.04,99,0,35.58,100.87,7.00,452.00,null,null,null
2023-08-30T17:14:04Z,21.65,60.13,99,0,39.46,100.87,8.00,457.00,null,null,null
2023-08-30T17:15:04Z,21.62,60.10,99,0,34.29,100.87,7.00,452.00,2,4,4
2023-08-30T17:16:04Z,21.66,60.18,99,0,37.45,100.87,7.00,452.00,null,null,null
2023-08-30T17:17:04Z,21.67,60.08,99,0,49.49,100.87,9.00,463.00,null,null,null
2023-08-30T17:18:04Z,21.67,60.12,99,0,36.85,100.87,9.00,463.00,null,null,null
2023-08-30T17:19:04Z,21.66,60.14,99,0,36.22,100.87,9.00,463.00,null,null,null
2023-08-30T17:20:04Z,21.65,60.29,99,1,35.28,100.87,8.00,457.00,8,11,11
2023-08-30T17:21:04Z,21.66,60.28,99,0,34.94,100.87,9.00,460.00,null,null,null
2023-08-30T17:22:04Z,21.65,60.34,99,0,37.18,100.88,9.00,463.00,null,null,null
2023-08-30T17:23:04Z,21.67,60.32,99,0,37.90,100.88,10.00,470.00,null,null,null
2023-08-30T17:24:04Z,21.69,60.31,99,1,40.06,100.88,10.00,470.00,null,null,null
2023-08-30T17:25:04Z,21.66,60.32,99,2,36.01,100.88,10.00,470.00,8,8,8
2023-08-30T17:26:04Z,21.69,60.46,99,2,34.26,100.88,9.00,463.00,null,null,null
2023-08-30T17:27:04Z,21.67,60.48,99,2,36.54,100.88,11.00,475.00,null,null,null
2023-08-30T17:28:04Z,21.70,60.46,99,2,35.22,100.89,11.00,475.00,null,null,null
2023-08-30T17:29:04Z,21.67,60.44,99,0,33.62,100.89,11.00,475.00,null,null,null
2023-08-30T17:30:04Z,21.66,60.50,99,1,40.88,100.89,12.00,481.00,7,7,7
2023-08-30T17:31:04Z,21.69,60.57,99,1,37.93,100.89,11.00,475.00,null,null,null
2023-08-30T17:32:04Z,21.69,60.65,99,1,52.15,100.89,12.00,481.00,null,null,null
2023-08-30T17:33:04Z,21.69,60.71,99,0,35.15,100.89,12.00,485.00,null,null,null
2023-08-30T17:34:04Z,21.69,60.68,99,0,36.57,100.89,12.00,485.00,null,null,null
2023-08-30T17:35:04Z,21.66,60.82,99,0,36.62,100.89,13.00,491.00,6,11,11
2023-08-30T17:36:04Z,21.67,60.90,99,0,37.98,100.89,12.00,480.00,null,null,null
2023-08-30T17:37:04Z,21.69,60.86,99,0,36.55,100.90,13.00,491.00,null,null,null
2023-08-30T17:38:04Z,21.72,60.96,99,0,35.07,100.89,13.00,491.00,null,null,null
2023-08-30T17:39:04Z,21.69,61.12,99,0,33.62,100.89,14.00,493.00,null,null,null
2023-08-30T17:40:04Z,21.67,61.21,99,0,35.19,100.89,14.00,493.00,9,12,12
2023-08-30T17:41:04Z,21.70,61.20,99,0,32.42,100.90,13.00,491.00,null,null,null
2023-08-30T17:42:04Z,21.72,61.20,99,0,33.62,100.90,15.00,501.00,null,null,null
2023-08-30T17:43:04Z,21.72,61.26,99,0,33.55,100.90,15.00,501.00,null,null,null
2023-08-30T17:44:04Z,21.72,61.26,99,0,36.64,100.90,15.00,501.00,null,null,null
2023-08-30T17:45:04Z,21.70,61.31,99,0,43.28,100.90,15.00,501.00,7,9,9
2023-08-30T17:46:04Z,21.72,61.29,99,0,42.83,100.90,15.00,501.00,null,null,null
2023-08-30T17:47:04Z,21.73,61.26,99,0,33.01,100.89,15.00,503.00,null,null,null
2023-08-30T17:48:04Z,21.73,61.26,99,0,34.60,100.89,17.00,514.00,null,null,null
2023-08-30T17:49:04Z,21.70,61.33,99,0,37.78,100.89,17.00,514.00,null,null,null
2023-08-30T17:50:04Z,21.70,61.24,99,0,32.43,100.89,17.00,514.00,5,5,5
2023-08-30T17:51:04Z,21.72,61.26,99,0,35.77,100.89,17.00,514.00,null,null,null
2023-08-30T17:52:04Z,21.73,61.19,99,0,34.17,100.89,17.00,514.00,null,null,null
2023-08-30T17:53:04Z,21.73,61.14,99,0,37.25,100.89,19.00,529.00,null,null,null
2023-08-30T17:54:04Z,21.72,61.13,99,0,43.14,100.89,18.00,519.00,null,null,null
2023-08-30T17:55:04Z,21.72,61.14,99,0,34.92,100.89,18.00,519.00,7,8,8
2023-08-30T17:56:04Z,21.74,61.18,99,0,36.53,100.89,17.00,514.00,null,null,null
2023-08-30T17:57:04Z,21.72,61.08,99,0,40.71,100.89,18.00,519.00,null,null,null
2023-08-30T17:58:04Z,21.74,61.05,99,0,36.94,100.89,19.00,529.00,null,null,null
2023-08-30T17:59:04Z,21.73,61.00,99,0,33.51,100.89,19.00,529.00,null,null,null
2023-08-30T18:00:04Z,21.74,61.08,99,0,37.19,100.89,18.00,519.00,5,14,14
2023-08-30T18:01:04Z,21.76,60.98,99,0,43.36,100.89,18.00,519.00,null,null,null
2023-08-30T18:02:04Z,21.74,61.04,99,0,39.89,100.89,18.00,524.00,null,null,null
2023-08-30T18:03:04Z,21.74,61.09,99,0,42.65,100.89,19.00,529.00,null,null,null
2023-08-30T18:04:04Z,21.74,61.06,99,0,45.95,100.89,19.00,529.00,null,null,null
2023-08-30T18:05:04Z,21.72,61.11,99,0,35.91,100.90,19.00,531.00,7,7,7
2023-08-30T18:06:04Z,21.76,61.08,99,0,43.96,100.89,19.00,529.00,null,null,null
2023-08-30T18:07:04Z,21.78,61.04,99,0,37.30,100.90,21.00,542.00,null,null,null
2023-08-30T18:08:04Z,21.76,61.12,99,0,38.20,100.89,20.00,536.00,null,null,null
2023-08-30T18:09:04Z,21.78,61.11,99,0,39.27,100.89,21.00,542.00,null,null,null
2023-08-30T18:10:04Z,21.73,61.11,99,0,42.08,100.89,21.00,542.00,5,8,8
2023-08-30T18:11:04Z,21.74,61.07,99,0,37.61,100.90,19.00,531.00,null,null,null
2023-08-30T18:12:04Z,21.79,60.96,99,0,38.86,100.90,21.00,543.00,null,null,null
2023-08-30T18:13:04Z,21.78,60.97,99,0,42.14,100.90,21.00,542.00,null,null,null
2023-08-30T18:14:04Z,21.76,60.94,99,0,40.31,100.90,22.00,546.00,null,null,null
2023-08-30T18:15:04Z,21.74,61.01,99,0,39.23,100.90,22.00,546.00,6,6,6
2023-08-30T18:16:04Z,21.79,60.95,99,0,35.14,100.90,21.00,543.00,null,null,null
2023-08-30T18:17:04Z,21.78,60.92,99,0,42.78,100.90,23.00,553.00,null,null,null
2023-08-30T18:18:04Z,21.78,60.85,99,0,41.84,100.90,22.00,546.00,null,null,null
2023-08-30T18:19:04Z,21.79,60.93,99,0,36.28,100.91,23.00,553.00,null,null,null
2023-08-30T18:20:04Z,21.78,60.91,99,0,44.84,100.91,22.00,546.00,2,5,5
2023-08-30T18:21:04Z,21.78,60.91,99,0,32.79,100.91,22.00,546.00,null,null,null
2023-08-30T18:22:04Z,21.82,60.87,99,0,36.24,100.91,23.00,553.00,null,null,null
2023-08-30T18:23:04Z,21.79,60.86,99,0,31.74,100.91,23.00,553.00,null,null,null
2023-08-30T18:24:04Z,21.79,60.80,99,0,31.83,100.91,23.00,553.00,null,null,null
2023-08-30T18:25:04Z,21.78,60.73,99,0,39.95,100.91,23.00,553.00,0,0,0
2023-08-30T18:26:04Z,21.78,60.70,99,0,34.29,100.91,22.00,548.00,null,null,null
2023-08-30T18:27:04Z,21.82,60.51,99,0,33.65,100.91,23.00,552.00,null,null,null
2023-08-30T18:28:04Z,21.82,60.51,99,0,35.72,100.91,22.00,548.00,null,null,null
2023-08-30T18:29:04Z,21.79,60.48,99,0,34.32,100.91,21.00,542.00,null,null,null
2023-08-30T18:30:04Z,21.76,60.37,99,0,39.87,100.91,22.00,548.00,1,1,1
2023-08-30T18:31:04Z,21.78,60.36,99,0,40.11,100.92,20.00,536.00,null,null,null
2023-08-30T18:32:04Z,21.79,60.28,99,0,38.33,100.92,20.00,536.00,null,null,null
2023-08-30T18:33:04Z,21.79,60.24,99,0,34.11,100.92,20.00,536.00,null,null,null
2023-08-30T18:34:04Z,21.76,60.20,99,0,35.05,100.92,20.00,534.00,null,null,null
2023-08-30T18:35:04Z,21.79,60.19,99,0,33.80,100.92,19.00,529.00,1,1,1
2023-08-30T18:36:04Z,21.79,60.18,99,0,37.03,100.92,18.00,523.00,null,null,null
2023-08-30T18:37:04Z,21.80,60.14,99,0,37.12,100.92,18.00,523.00,null,null,null
2023-08-30T18:38:04Z,21.79,60.11,99,0,35.65,100.92,18.00,523.00,null,null,null
2023-08-30T18:39:04Z,21.79,60.08,99,0,37.46,100.92,18.00,523.00,null,null,null
2023-08-30T18:40:04Z,21.76,60.06,99,0,37.61,100.92,18.00,523.00,1,1,1
2023-08-30T18:41:04Z,21.76,60.02,99,0,37.95,100.92,16.00,506.00,null,null,null
2023-08-30T18:42:04Z,21.78,59.99,99,0,36.27,100.92,18.00,523.00,null,null,null
2023-08-30T18:43:04Z,21.76,59.99,99,0,39.74,100.92,18.00,519.00,null,null,null
2023-08-30T18:44:04Z,21.76,59.90,99,0,37.13,100.92,18.00,519.00,null,null,null
2023-08-30T18:45:04Z,21.74,59.93,99,0,36.64,100.92,16.00,506.00,1,1,1
2023-08-30T18:46:04Z,21.79,59.93,99,0,37.02,100.93,15.00,502.00,null,null,null
2023-08-30T18:47:04Z,21.78,59.87,99,0,34.00,100.93,18.00,519.00,null,null,null
2023-08-30T18:48:04Z,21.76,59.90,99,0,44.97,100.93,16.00,506.00,null,null,null
2023-08-30T18:49:04Z,21.78,59.88,99,0,35.97,100.93,18.00,519.00,null,null,null
2023-08-30T18:50:04Z,21.73,59.92,99,0,37.92,100.93,16.00,506.00,2,2,10
2023-08-30T18:51:04Z,21.72,59.88,99,0,43.85,100.93,15.00,500.00,null,null,null
2023-08-30T18:52:04Z,21.76,59.81,99,0,35.51,100.94,17.00,515.00,null,null,null
2023-08-30T18:53:04Z,21.73,59.85,99,0,36.04,100.93,16.00,506.00,null,null,null
2023-08-30T18:54:04Z,21.73,59.89,99,0,36.11,100.93,17.00,515.00,null,null,null
2023-08-30T18:55:04Z,21.73,59.84,99,0,48.55,100.93,17.00,515.00,0,0,0
2023-08-30T18:56:04Z,21.74,59.80,99,0,36.98,100.93,15.00,500.00,null,null,null
2023-08-30T18:57:04Z,21.76,59.75,99,0,34.26,100.93,17.00,515.00,null,null,null
2023-08-30T18:58:04Z,21.72,59.78,99,0,40.31,100.93,15.00,501.00,null,null,null
2023-08-30T18:59:04Z,21.72,59.84,99,0,39.30,100.93,15.00,502.00,null,null,null
2023-08-30T19:00:04Z,21.70,59.79,99,0,35.44,100.93,15.00,502.00,2,3,3
2023-08-30T19:01:04Z,21.73,59.85,99,0,37.60,100.93,15.00,500.00,null,null,null
2023-08-30T19:02:04Z,21.70,59.78,99,0,34.27,100.94,15.00,502.00,null,null,null
2023-08-30T19:03:04Z,21.73,59.84,99,0,42.93,100.94,15.00,502.00,null,null,null
2023-08-30T19:04:04Z,21.70,59.81,99,0,33.21,100.94,15.00,502.00,null,null,null
2023-08-30T19:05:04Z,21.69,59.83,99,0,39.64,100.94,15.00,502.00,2,4,4
2023-08-30T19:06:04Z,21.69,59.80,99,0,38.61,100.94,15.00,500.00,null,null,null
2023-08-30T19:07:04Z,21.69,59.78,99,0,47.77,100.94,15.00,502.00,null,null,null
2023-08-30T19:08:04Z,21.67,59.78,99,0,46.23,100.94,15.00,502.00,null,null,null
2023-08-30T19:09:04Z,21.69,59.81,99,0,41.37,100.94,15.00,502.00,null,null,null
2023-08-30T19:10:04Z,21.69,59.80,99,0,40.05,100.94,15.00,502.00,4,4,4
2023-08-30T19:11:04Z,21.63,59.87,99,0,45.71,100.95,15.00,500.00,null,null,null
2023-08-30T19:12:04Z,21.69,59.78,99,0,45.53,100.95,15.00,502.00,null,null,null
2023-08-30T19:13:04Z,21.66,59.78,99,0,43.69,100.95,15.00,502.00,null,null,null
2023-08-30T19:14:04Z,21.65,59.76,99,0,51.48,100.95,15.00,502.00,null,null,null
2023-08-30T19:15:04Z,21.65,59.88,99,0,35.30,100.95,15.00,502.00,1,2,2
2023-08-30T19:16:04Z,21.66,59.80,99,0,35.17,100.95,15.00,500.00,null,null,null
2023-08-30T19:17:04Z,21.65,59.81,99,0,39.86,100.95,17.00,515.00,null,null,null
2023-08-30T19:18:04Z,21.66,59.82,99,0,35.78,100.96,17.00,515.00,null,null,null
2023-08-30T19:19:04Z,21.65,59.77,99,0,33.82,100.96,17.00,515.00,null,null,null
2023-08-30T19:20:04Z,21.62,59.83,99,0,37.30,100.96,15.00,502.00,2,2,2
2023-08-30T19:21:04Z,21.60,59.80,99,0,32.22,100.96,15.00,500.00,null,null,null
2023-08-30T19:22:04Z,21.63,59.76,99,0,33.55,100.96,17.00,515.00,null,null,null
2023-08-30T19:23:04Z,21.63,59.83,99,0,37.26,100.96,17.00,515.00,null,null,null
2023-08-30T19:24:04Z,21.63,59.85,99,0,33.53,100.96,17.00,515.00,null,null,null
2023-08-30T19:25:04Z,21.60,59.82,99,0,35.96,100.97,17.00,515.00,0,0,0
2023-08-30T19:26:04Z,21.63,59.85,99,0,37.99,100.96,15.00,500.00,null,null,null
2023-08-30T19:27:04Z,21.62,59.88,99,0,38.54,100.97,17.00,515.00,null,null,null
2023-08-30T19:28:04Z,21.63,59.86,99,0,41.04,100.96,17.00,515.00,null,null,null
2023-08-30T19:29:04Z,21.62,59.87,99,0,34.34,100.96,17.00,515.00,null,null,null
2023-08-30T19:30:04Z,21.60,59.91,99,0,44.76,100.97,17.00,515.00,0,0,0
2023-08-30T19:31:04Z,21.60,59.95,99,0,36.65,100.97,17.00,515.00,null,null,null
2023-08-30T19:32:04Z,21.62,59.91,99,0,35.55,100.97,18.00,520.00,null,null,null
2023-08-30T19:33:04Z,21.63,59.86,99,0,35.26,100.97,18.00,520.00,null,null,null
2023-08-30T19:34:04Z,21.60,59.85,99,0,35.78,100.98,18.00,520.00,null,null,null
2023-08-30T19:35:04Z,21.62,59.88,99,0,33.69,100.97,17.00,515.00,2,2,2
2023-08-30T19:36:04Z,21.60,59.87,99,0,39.19,100.98,15.00,502.00,null,null,null
2023-08-30T19:37:04Z,21.60,59.89,99,0,34.95,100.98,17.00,515.00,null,null,null
2023-08-30T19:38:04Z,21.60,59.92,99,0,37.88,100.98,17.00,515.00,null,null,null
2023-08-30T19:39:04Z,21.59,59.93,99,0,38.67,100.98,18.00,520.00,null,null,null
2023-08-30T19:40:04Z,21.58,59.93,99,0,47.64,100.98,18.00,520.00,3,3,3
2023-08-30T19:41:04Z,21.59,60.01,99,0,61.39,100.97,17.00,515.00,null,null,null
2023-08-30T19:42:04Z,21.60,60.02,99,0,57.95,100.98,18.00,520.00,null,null,null
2023-08-30T19:43:04Z,21.60,60.15,99,0,37.93,100.98,18.00,520.00,null,null,null
2023-08-30T19:44:04Z,21.59,60.22,99,0,38.66,100.98,18.00,524.00,null,null,null
2023-08-30T19:45:04Z,21.59,60.31,99,0,41.69,100.99,18.00,524.00,1,1,1
2023-08-30T19:46:04Z,21.62,60.35,99,0,44.55,100.98,18.00,519.00,null,null,null
2023-08-30T19:47:04Z,21.60,60.46,99,0,42.99,100.99,19.00,526.00,null,null,null
2023-08-30T19:48:04Z,21.63,60.58,99,0,51.72,100.98,20.00,537.00,null,null,null
2023-08-30T19:49:04Z,21.60,60.63,99,0,52.35,100.99,20.00,537.00,null,null,null
2023-08-30T19:50:04Z,21.60,60.70,99,0,33.38,100.99,21.00,543.00,1,1,1
2023-08-30T19:51:04Z,21.62,60.70,99,0,48.83,101.00,20.00,537.00,null,null,null
2023-08-30T19:52:04Z,21.63,60.64,99,0,61.52,100.99,21.00,543.00,null,null,null
2023-08-30T19:53:04Z,21.62,60.80,99,0,52.97,101.00,22.00,549.00,null,null,null
2023-08-30T19:54:04Z,21.63,60.94,99,0,49.50,100.99,23.00,552.00,null,null,null
2023-08-30T19:55:04Z,21.62,60.96,99,0,48.31,100.99,23.00,552.00,1,3,11
2023-08-30T19:56:04Z,21.65,61.01,99,0,51.56,100.99,23.00,555.00,null,null,null
2023-08-30T19:57:04Z,21.65,60.96,99,0,57.24,100.99,24.00,564.00,null,null,null
2023-08-30T19:58:04Z,21.65,60.98,99,0,53.00,100.99,24.00,564.00,null,null,null
2023-08-30T19:59:04Z,21.63,61.03,99,0,48.89,100.99,25.00,569.00,null,null,null
2023-08-30T20:00:04Z,21.63,61.10,99,0,43.11,100.99,25.00,569.00,1,1,1
2023-08-30T20:01:04Z,21.63,61.09,99,0,51.26,101.00,26.00,575.00,null,null,null
2023-08-30T20:02:04Z,21.65,61.17,99,0,53.36,101.00,26.00,575.00,null,null,null
2023-08-30T20:03:04Z,21.66,61.21,99,0,54.26,101.00,27.00,581.00,null,null,null
2023-08-30T20:04:04Z,21.63,61.26,99,0,51.07,101.00,28.00,589.00,null,null,null
2023-08-30T20:05:04Z,21.62,61.31,99,0,34.89,101.00,27.00,581.00,2,2,2
2023-08-30T20:06:04Z,21.63,61.35,99,0,63.88,101.00,28.00,588.00,null,null,null
2023-08-30T20:07:04Z,21.65,61.33,99,0,55.72,101.00,29.00,596.00,null,null,null
2023-08-30T20:08:04Z,21.67,61.20,99,0,54.73,101.00,29.00,596.00,null,null,null
2023-08-30T20:09:04Z,21.65,61.29,99,0,46.37,101.00,30.00,602.00,null,null,null
2023-08-30T20:10:04Z,21.65,61.12,99,0,54.29,101.00,29.00,596.00,4,4,4
2023-08-30T20:11:04Z,21.66,61.05,99,0,50.17,101.00,30.00,602.00,null,null,null
2023-08-30T20:12:04Z,21.65,60.96,99,0,51.61,101.00,30.00,602.00,null,null,null
2023-08-30T20:13:04Z,21.66,60.96,99,0,57.34,101.00,30.00,602.00,null,null,null
2023-08-30T20:14:04Z,21.66,61.03,99,0,45.53,101.01,30.00,602.00,null,null,null
2023-08-30T20:15:04Z,21.65,61.03,99,0,45.20,101.01,32.00,611.00,2,2,2
2023-08-30T20:16:04Z,21.67,61.04,99,0,47.65,101.01,32.00,611.00,null,null,null
2023-08-30T20:17:04Z,21.67,61.02,99,0,45.92,101.01,32.00,611.00,null,null,null
2023-08-30T20:18:04Z,21.69,61.02,99,0,51.09,101.01,32.00,611.00,null,null,null
2023-08-30T20:19:04Z,21.67,61.00,99,0,51.41,101.01,33.00,617.00,null,null,null
2023-08-30T20:20:04Z,21.66,61.03,99,0,53.78,101.01,33.00,617.00,0,0,0
2023-08-30T20:21:04Z,21.66,61.00,99,0,56.78,101.01,33.00,617.00,null,null,null
2023-08-30T20:22:04Z,21.70,60.95,99,0,54.65,101.01,33.00,617.00,null,null,null
2023-08-30T20:23:04Z,21.69,60.96,99,0,45.88,101.02,33.00,617.00,null,null,null
2023-08-30T20:24:04Z,21.69,60.92,99,0,46.54,101.01,33.00,623.00,null,null,null
2023-08-30T20:25:04Z,21.66,60.93,99,0,44.86,101.01,33.00,617.00,2,2,2
2023-08-30T20:26:04Z,21.67,60.84,99,0,45.40,101.00,33.00,617.00,null,null,null
2023-08-30T20:27:04Z,21.67,60.81,99,0,60.43,101.00,33.00,617.00,null,null,null
2023-08-30T20:28:04Z,21.69,60.89,99,0,54.35,101.01,33.00,617.00,null,null,null
2023-08-30T20:29:04Z,21.69,60.94,99,0,45.58,101.00,33.00,617.00,null,null,null
2023-08-30T20:30:04Z,21.67,60.92,99,0,49.85,101.01,33.00,617.00,2,2,2
2023-08-30T20:31:04Z,21.70,60.87,99,0,51.90,101.00,33.00,617.00,null,null,null
2023-08-30T20:32:04Z,21.70,60.81,99,0,44.19,101.00,33.00,617.00,null,null,null
2023-08-30T20:33:04Z,21.70,60.87,99,0,50.89,101.00,33.00,617.00,null,null,null
2023-08-30T20:34:04Z,21.67,60.87,99,0,46.47,101.00,33.00,617.00,null,null,null
2023-08-30T20:35:04Z,21.67,60.91,99,0,54.34,101.00,33.00,617.00,4,4,4
2023-08-30T20:36:04Z,21.67,60.87,99,0,48.28,101.00,33.00,617.00,null,null,null
2023-08-30T20:37:04Z,21.72,60.89,99,0,51.04,101.00,33.00,623.00,null,null,null
2023-08-30T20:38:04Z,21.67,60.90,99,0,51.56,101.00,33.00,623.00,null,null,null
2023-08-30T20:39:04Z,21.67,60.98,99,0,49.76,101.00,33.00,623.00,null,null,null
2023-08-30T20:40:04Z,21.66,61.02,99,0,53.65,101.00,35.00,631.00,1,1,1
2023-08-30T20:41:04Z,21.67,60.99,99,0,50.06,101.00,35.00,631.00,null,null,null
2023-08-30T20:42:04Z,21.67,60.95,99,0,49.33,100.99,35.00,631.00,null,null,null
2023-08-30T20:43:04Z,21.69,60.95,99,0,46.07,101.00,35.00,631.00,null,null,null
2023-08-30T20:44:04Z,21.67,60.97,99,0,49.07,101.00,35.00,631.00,null,null,null
2023-08-30T20:45:04Z,21.67,61.03,99,0,49.41,101.00,36.00,638.00,1,1,1
2023-08-30T20:46:04Z,21.69,61.11,99,0,52.65,101.00,36.00,638.00,null,null,null
2023-08-30T20:47:04Z,21.67,60.95,99,0,45.52,101.00,36.00,638.00,null,null,null
2023-08-30T20:48:04Z,21.67,60.95,99,0,50.32,101.00,36.00,638.00,null,null,null
2023-08-30T20:49:04Z,21.67,61.01,99,0,51.20,101.00,36.00,638.00,null,null,null
2023-08-30T20:50:04Z,21.66,60.96,99,0,50.91,101.01,36.00,638.00,0,0,0
2023-08-30T20:51:04Z,21.70,60.92,99,0,54.12,101.00,37.00,645.00,null,null,null
2023-08-30T20:52:04Z,21.70,60.91,99,0,46.48,101.00,37.00,645.00,null,null,null
2023-08-30T20:53:04Z,21.72,60.89,99,0,48.17,101.00,36.00,638.00,null,null,null
2023-08-30T20:54:04Z,21.69,60.93,99,0,47.41,101.01,36.00,638.00,null,null,null
2023-08-30T20:55:04Z,21.67,60.97,99,0,50.38,101.01,37.00,645.00,1,1,1
2023-08-30T20:56:04Z,21.70,60.91,99,0,52.19,101.01,37.00,645.00,null,null,null
2023-08-30T20:57:04Z,21.69,60.90,99,0,47.22,101.01,36.00,638.00,null,null,null
2023-08-30T20:58:04Z,21.70,60.87,99,0,50.23,101.01,37.00,645.00,null,null,null
2023-08-30T20:59:04Z,21.69,60.92,99,0,46.16,101.01,37.00,645.00,null,null,null
2023-08-30T21:00:04Z,21.70,61.07,99,0,51.81,101.02,37.00,645.00,1,3,3
2023-08-30T21:01:04Z,21.73,61.14,99,0,45.74,101.01,37.00,645.00,null,null,null
2023-08-30T21:02:04Z,21.73,61.10,99,0,53.03,101.01,37.00,645.00,null,null,null
2023-08-30T21:03:04Z,21.73,61.11,99,0,45.33,101.02,37.00,645.00,null,null,null
2023-08-30T21:04:04Z,21.70,61.10,99,0,51.79,101.02,38.00,652.00,null,null,null
2023-08-30T21:05:04Z,21.72,61.13,99,0,45.27,101.02,38.00,652.00,0,0,0
2023-08-30T21:06:04Z,21.74,61.10,99,0,49.51,101.02,38.00,652.00,null,null,null
2023-08-30T21:07:04Z,21.73,61.12,99,0,53.00,101.02,38.00,652.00,null,null,null
2023-08-30T21:08:04Z,21.76,61.12,99,0,49.16,101.02,40.00,665.00,null,null,null
2023-08-30T21:09:04Z,21.74,61.09,99,0,46.02,101.02,39.00,657.00,null,null,null
2023-08-30T21:10:04Z,21.72,61.10,99,0,42.40,101.02,40.00,665.00,1,1,1
2023-08-30T21:11:04Z,21.73,61.05,99,0,47.02,101.02,40.00,665.00,null,null,null
2023-08-30T21:12:04Z,21.76,60.92,99,0,43.04,101.01,40.00,665.00,null,null,null
2023-08-30T21:13:04Z,21.74,60.96,99,0,44.08,101.02,39.00,657.00,null,null,null
2023-08-30T21:14:04Z,21.76,60.98,99,0,47.13,101.02,40.00,665.00,null,null,null
2023-08-30T21:15:04Z,21.74,60.99,99,0,41.74,101.02,39.00,657.00,0,0,0
2023-08-30T21:16:04Z,21.74,60.94,99,0,45.60,101.02,40.00,665.00,null,null,null
2023-08-30T21:17:04Z,21.73,60.86,99,0,45.60,101.02,38.00,652.00,null,null,null
2023-08-30T21:18:04Z,21.73,60.81,99,0,46.27,101.02,38.00,652.00,null,null,null
2023-08-30T21:19:04Z,21.73,60.82,99,0,43.48,101.02,37.00,645.00,null,null,null
2023-08-30T21:20:04Z,21.73,61.00,99,0,41.49,101.03,37.00,645.00,0,1,1
2023-08-30T21:21:04Z,21.73,61.02,99,0,43.51,101.03,37.00,645.00,null,null,null
2023-08-30T21:22:04Z,21.76,60.93,99,0,40.52,101.02,37.00,645.00,null,null,null
2023-08-30T21:23:04Z,21.76,60.96,99,0,34.07,101.03,36.00,640.00,null,null,null
2023-08-30T21:24:04Z,21.73,60.91,99,0,37.55,101.03,36.00,640.00,null,null,null
2023-08-30T21:25:04Z,21.70,60.81,99,0,36.75,101.03,36.00,638.00,1,2,2
2023-08-30T21:26:04Z,21.73,60.75,99,0,46.57,101.03,35.00,631.00,null,null,null
2023-08-30T21:27:04Z,21.74,60.80,99,0,37.57,101.02,36.00,638.00,null,null,null
2023-08-30T21:28:04Z,21.73,60.85,99,0,40.22,101.03,36.00,638.00,null,null,null
2023-08-30T21:29:04Z,21.73,60.91,99,0,36.91,101.03,35.00,631.00,null,null,null
2023-08-30T21:30:04Z,21.67,60.90,99,0,35.35,101.03,35.00,631.00,0,0,0
2023-08-30T21:31:04Z,21.72,60.98,99,0,40.19,101.03,36.00,638.00,null,null,null
2023-08-30T21:32:04Z,21.69,60.96,99,0,36.81,101.03,36.00,638.00,null,null,null
2023-08-30T21:33:04Z,21.69,61.01,99,0,37.80,101.03,36.00,638.00,null,null,null
2023-08-30T21:34:04Z,21.69,61.07,99,0,40.01,101.04,36.00,638.00,null,null,null
2023-08-30T21:35:04Z,21.66,61.12,99,0,35.71,101.04,37.00,645.00,0,0,0
2023-08-30T21:36:04Z,21.67,61.09,99,0,40.23,101.04,37.00,645.00,null,null,null
2023-08-30T21:37:04Z,21.67,61.11,99,0,34.05,101.04,37.00,645.00,null,null,null
2023-08-30T21:38:04Z,21.67,61.11,99,0,35.74,101.04,38.00,652.00,null,null,null
2023-08-30T21:39:04Z,21.66,61.09,99,0,39.87,101.04,38.00,652.00,null,null,null
2023-08-30T21:40:04Z,21.63,61.12,99,0,36.61,101.04,38.00,652.00,1,1,1
2023-08-30T21:41:04Z,21.65,61.17,99,0,35.19,101.04,40.00,665.00,null,null,null
2023-08-30T21:42:04Z,21.65,61.15,99,0,33.98,101.04,40.00,665.00,null,null,null
2023-08-30T21:43:04Z,21.63,61.13,99,0,33.97,101.05,40.00,665.00,null,null,null
2023-08-30T21:44:04Z,21.63,61.16,99,0,34.77,101.05,40.00,668.00,null,null,null
2023-08-30T21:45:04Z,21.60,61.19,99,0,34.75,101.05,40.00,668.00,1,1,6
2023-08-30T21:46:04Z,21.62,61.13,99,0,43.68,101.05,40.00,668.00,null,null,null
2023-08-30T21:47:04Z,21.65,61.14,99,0,38.25,101.05,41.00,675.00,null,null,null
2023-08-30T21:48:04Z,21.62,61.19,99,0,34.10,101.05,41.00,675.00,null,null,null
2023-08-30T21:49:04Z,21.60,61.19,99,0,33.93,101.05,41.00,675.00,null,null,null
2023-08-30T21:50:04Z,21.58,61.21,99,0,34.66,101.05,41.00,675.00,0,0,0
2023-08-30T21:51:04Z,21.65,61.19,99,0,44.78,101.05,43.00,683.00,null,null,null
2023-08-30T21:52:04Z,21.63,61.20,99,0,34.60,101.05,41.00,675.00,null,null,null
2023-08-30T21:53:04Z,21.62,61.18,99,0,34.66,101.05,43.00,683.00,null,null,null
2023-08-30T21:54:04Z,21.59,61.21,99,0,32.87,101.06,43.00,683.00,null,null,null
2023-08-30T21:55:04Z,21.59,61.24,99,0,34.30,101.05,43.00,683.00,0,0,0
2023-08-30T21:56:04Z,21.60,61.25,99,0,37.33,101.05,43.00,683.00,null,null,null
2023-08-30T21:57:04Z,21.62,61.20,99,0,35.76,101.05,41.00,675.00,null,null,null
2023-08-30T21:58:04Z,21.60,61.18,99,0,33.85,101.05,43.00,683.00,null,null,null
2023-08-30T21:59:04Z,21.59,61.17,99,0,33.37,101.05,45.00,697.00,null,null,null
2023-08-30T22:00:04Z,21.59,61.25,99,0,35.23,101.05,43.00,683.00,0,1,1
2023-08-30T22:01:04Z,21.58,61.26,99,0,36.45,101.05,43.00,688.00,null,null,null
2023-08-30T22:02:04Z,21.58,61.21,99,0,34.55,101.05,43.00,688.00,null,null,null
2023-08-30T22:03:04Z,21.58,61.20,99,0,34.70,101.05,45.00,697.00,null,null,null
2023-08-30T22:04:04Z,21.59,61.18,99,0,38.38,101.05,45.00,697.00,null,null,null
2023-08-30T22:05:04Z,21.56,61.25,99,0,40.87,101.05,45.00,697.00,0,0,0
2023-08-30T22:06:04Z,21.58,61.23,99,0,38.40,101.06,43.00,688.00,null,null,null
2023-08-30T22:07:04Z,21.60,61.23,99,0,35.69,101.06,45.00,697.00,null,null,null
2023-08-30T22:08:04Z,21.58,61.18,99,0,34.07,101.06,45.00,697.00,null,null,null
2023-08-30T22:09:04Z,21.55,61.18,99,0,32.13,101.05,45.00,697.00,null,null,null
2023-08-30T22:10:04Z,21.53,61.24,99,0,33.88,101.06,45.00,697.00,2,2,2
2023-08-30T22:11:04Z,21.56,61.24,99,0,33.32,101.06,45.00,697.00,null,null,null
2023-08-30T22:12:04Z,21.55,61.20,99,0,35.07,101.06,45.00,697.00,null,null,null
2023-08-30T22:13:04Z,21.55,61.19,99,0,38.59,101.05,45.00,697.00,null,null,null
2023-08-30T22:14:04Z,21.55,61.26,99,0,34.94,101.06,45.00,697.00,null,null,null
2023-08-30T22:15:04Z,21.52,61.23,99,0,35.88,101.06,43.00,688.00,1,1,1
2023-08-30T22:16:04Z,21.55,61.29,99,0,34.80,101.06,45.00,697.00,null,null,null
2023-08-30T22:17:04Z,21.56,61.23,99,0,33.27,101.06,43.00,688.00,null,null,null
2023-08-30T22:18:04Z,21.53,61.25,99,0,37.29,101.06,45.00,697.00,null,null,null
2023-08-30T22:19:04Z,21.53,61.30,99,0,34.91,101.06,43.00,688.00,null,null,null
2023-08-30T22:20:04Z,21.52,61.25,99,0,33.29,101.07,43.00,688.00,0,0,0
2023-08-30T22:21:04Z,21.55,61.31,99,0,38.87,101.06,43.00,688.00,null,null,null
2023-08-30T22:22:04Z,21.53,61.28,99,0,31.88,101.07,44.00,692.00,null,null,null
2023-08-30T22:23:04Z,21.53,61.24,99,0,34.68,101.07,43.00,688.00,null,null,null
2023-08-30T22:24:04Z,21.53,61.30,99,0,36.43,101.07,45.00,697.00,null,null,null
2023-08-30T22:25:04Z,21.52,61.34,99,0,35.09,101.07,43.00,688.00,0,0,0
2023-08-30T22:26:04Z,21.55,61.29,99,0,36.80,101.07,43.00,688.00,null,null,null
2023-08-30T22:27:04Z,21.51,61.26,99,0,35.92,101.08,43.00,688.00,null,null,null
2023-08-30T22:28:04Z,21.52,61.34,99,0,35.00,101.08,43.00,688.00,null,null,null
2023-08-30T22:29:04Z,21.52,61.30,99,0,35.95,101.08,43.00,688.00,null,null,null
2023-08-30T22:30:04Z,21.51,61.35,99,0,34.17,101.08,43.00,688.00,0,0,0
2023-08-30T22:31:04Z,21.52,61.34,99,0,33.89,101.08,43.00,688.00,null,null,null
2023-08-30T22:32:04Z,21.52,61.34,99,0,36.86,101.09,43.00,688.00,null,null,null
2023-08-30T22:33:04Z,21.53,61.30,99,0,33.21,101.08,43.00,688.00,null,null,null
2023-08-30T22:34:04Z,21.49,61.35,99,0,34.56,101.08,43.00,688.00,null,null,null
2023-08-30T22:35:04Z,21.48,61.34,99,0,33.90,101.08,43.00,688.00,1,1,1
2023-08-30T22:36:04Z,21.51,61.35,99,0,32.31,101.08,43.00,688.00,null,null,null
2023-08-30T22:37:04Z,21.49,61.30,99,0,34.33,101.09,43.00,688.00,null,null,null
2023-08-30T22:38:04Z,21.48,61.27,99,0,36.41,101.09,41.00,675.00,null,null,null
2023-08-30T22:39:04Z,21.51,61.24,99,0,32.99,101.09,41.00,675.00,null,null,null
2023-08-30T22:40:04Z,21.48,61.38,99,0,37.33,101.09,43.00,683.00,1,1,7
2023-08-30T22:41:04Z,21.49,61.34,99,0,35.85,101.09,43.00,688.00,null,null,null
2023-08-30T22:42:04Z,21.48,61.42,99,0,35.52,101.09,41.00,675.00,null,null,null
2023-08-30T22:43:04Z,21.49,61.34,99,0,33.32,101.09,41.00,675.00,null,null,null
2023-08-30T22:44:04Z,21.48,61.37,99,0,34.93,101.09,41.00,675.00,null,null,null
2023-08-30T22:45:04Z,21.46,61.40,99,0,35.40,101.09,41.00,675.00,0,0,0
2023-08-30T22:46:04Z,21.48,61.38,99,0,34.11,101.09,41.00,675.00,null,null,null
2023-08-30T22:47:04Z,21.46,61.44,99,0,34.43,101.09,41.00,675.00,null,null,null
2023-08-30T22:48:04Z,21.46,61.46,99,0,33.93,101.08,41.00,675.00,null,null,null
2023-08-30T22:49:04Z,21.49,61.47,99,0,31.97,101.08,41.00,675.00,null,null,null
2023-08-30T22:50:04Z,21.46,61.51,99,0,34.07,101.09,41.00,675.00,0,0,0
2023-08-30T22:51:04Z,21.46,61.49,99,0,33.06,101.08,41.00,675.00,null,null,null
2023-08-30T22:52:04Z,21.49,61.47,99,0,35.07,101.08,41.00,675.00,null,null,null
2023-08-30T22:53:04Z,21.48,61.46,99,0,36.86,101.08,41.00,675.00,null,null,null
2023-08-30T22:54:04Z,21.46,61.50,99,0,35.26,101.08,41.00,675.00,null,null,null
2023-08-30T22:55:04Z,21.43,61.56,99,0,35.11,101.08,41.00,675.00,1,1,1
2023-08-30T22:56:04Z,21.46,61.48,99,0,34.31,101.08,40.00,668.00,null,null,null
2023-08-30T22:57:04Z,21.46,61.41,99,0,35.68,101.08,41.00,675.00,null,null,null
2023-08-30T22:58:04Z,21.48,61.49,99,0,35.19,101.08,41.00,675.00,null,null,null
2023-08-30T22:59:04Z,21.45,61.49,99,0,35.14,101.08,40.00,668.00,null,null,null
2023-08-30T23:00:04Z,21.45,61.50,99,0,32.29,101.08,40.00,668.00,1,1,1
2023-08-30T23:01:04Z,21.43,61.51,99,0,32.38,101.08,41.00,675.00,null,null,null
2023-08-30T23:02:04Z,21.46,61.55,99,0,35.03,101.08,40.00,668.00,null,null,null
2023-08-30T23:03:04Z,21.46,61.55,99,0,35.68,101.07,40.00,668.00,null,null,null
2023-08-30T23:04:04Z,21.45,61.50,99,0,33.10,101.07,41.00,675.00,null,null,null
2023-08-30T23:05:04Z,21.43,61.59,99,0,32.68,101.08,40.00,668.00,1,1,1
2023-08-30T23:06:04Z,21.46,61.61,99,0,34.98,101.08,41.00,675.00,null,null,null
2023-08-30T23:07:04Z,21.46,61.52,99,0,36.17,101.07,41.00,675.00,null,null,null
2023-08-30T23:08:04Z,21.43,61.58,99,0,35.12,101.07,41.00,675.00,null,null,null
2023-08-30T23:09:04Z,21.41,61.56,99,0,32.83,101.07,41.00,675.00,null,null,null
2023-08-30T23:10:04Z,21.39,61.55,99,0,34.08,101.07,40.00,668.00,1,1,1
2023-08-30T23:11:04Z,21.45,61.58,99,0,35.96,101.07,41.00,675.00,null,null,null
2023-08-30T23:12:04Z,21.43,61.56,99,0,34.64,101.07,41.00,675.00,null,null,null
2023-08-30T23:13:04Z,21.45,61.58,99,0,35.39,101.07,41.00,675.00,null,null,null
2023-08-30T23:14:04Z,21.42,61.62,99,0,31.78,101.07,41.00,675.00,null,null,null
2023-08-30T23:15:04Z,21.42,61.66,99,0,33.05,101.07,41.00,675.00,1,1,1
2023-08-30T23:16:04Z,21.41,61.68,99,0,33.54,101.07,41.00,675.00,null,null,null
2023-08-30T23:17:04Z,21.43,61.62,99,0,34.20,101.07,40.00,668.00,null,null,null
2023-08-30T23:18:04Z,21.42,61.63,99,0,34.46,101.07,41.00,675.00,null,null,null
2023-08-30T23:19:04Z,21.42,61.74,99,0,33.65,101.07,41.00,675.00,null,null,null
2023-08-30T23:20:04Z,21.39,61.67,99,0,34.29,101.07,41.00,675.00,2,2,2
2023-08-30T23:21:04Z,21.41,61.66,99,0,35.33,101.07,41.00,675.00,null,null,null
2023-08-30T23:22:04Z,21.43,61.66,99,0,39.78,101.07,41.00,675.00,null,null,null
2023-08-30T23:23:04Z,21.42,61.62,99,0,35.85,101.08,41.00,675.00,null,null,null
2023-08-30T23:24:04Z,21.39,61.69,99,0,34.64,101.07,41.00,675.00,null,null,null
2023-08-30T23:25:04Z,21.41,61.77,99,0,36.37,101.07,41.00,675.00,3,3,3
2023-08-30T23:26:04Z,21.41,61.71,99,0,32.77,101.07,41.00,671.00,null,null,null
2023-08-30T23:27:04Z,21.42,61.76,99,0,32.85,101.07,41.00,675.00,null,null,null
2023-08-30T23:28:04Z,21.42,61.78,99,0,33.90,101.07,41.00,671.00,null,null,null
2023-08-30T23:29:04Z,21.39,61.86,99,0,33.69,101.07,41.00,671.00,null,null,null
2023-08-30T23:30:04Z,21.41,61.85,99,0,34.41,101.07,41.00,671.00,1,1,1
2023-08-30T23:31:04Z,21.39,61.86,99,0,34.22,101.07,42.00,682.00,null,null,null
2023-08-30T23:32:04Z,21.41,61.84,99,0,34.12,101.07,42.00,682.00,null,null,null
2023-08-30T23:33:04Z,21.41,61.91,99,0,36.21,101.07,42.00,682.00,null,null,null
2023-08-30T23:34:04Z,21.39,61.90,99,0,32.70,101.08,41.00,671.00,null,null,null
2023-08-30T23:35:04Z,21.38,61.88,99,0,33.01,101.07,42.00,682.00,5,5,5
2023-08-30T23:36:04Z,21.41,61.84,99,0,34.53,101.07,42.00,682.00,null,null,null
2023-08-30T23:37:04Z,21.39,61.83,99,0,33.67,101.07,42.00,682.00,null,null,null
2023-08-30T23:38:04Z,21.42,61.86,99,0,33.59,101.08,42.00,682.00,null,null,null
2023-08-30T23:39:04Z,21.38,61.93,99,0,31.89,101.08,42.00,682.00,null,null,null
2023-08-30T23:40:04Z,21.38,61.94,99,0,35.79,101.08,42.00,682.00,0,0,0
2023-08-30T23:41:04Z,21.38,61.89,99,0,34.88,101.08,42.00,682.00,null,null,null
2023-08-30T23:42:04Z,21.42,61.86,99,0,35.63,101.08,42.00,682.00,null,null,null
2023-08-30T23:43:04Z,21.39,61.95,99,0,35.30,101.08,42.00,682.00,null,null,null
2023-08-30T23:44:04Z,21.37,61.93,99,0,33.03,101.08,42.00,682.00,null,null,null
2023-08-30T23:45:04Z,21.39,61.91,99,0,31.92,101.08,42.00,682.00,1,1,1
2023-08-30T23:46:04Z,21.39,61.95,99,0,33.84,101.08,42.00,682.00,null,null,null
2023-08-30T23:47:04Z,21.39,61.92,99,0,35.70,101.08,42.00,682.00,null,null,null
2023-08-30T23:48:04Z,21.39,61.93,99,0,36.75,101.08,42.00,682.00,null,null,null
2023-08-30T23:49:04Z,21.38,61.94,99,0,33.11,101.08,42.00,682.00,null,null,null
2023-08-30T23:50:04Z,21.37,61.99,99,0,35.68,101.09,42.00,682.00,3,3,3
2023-08-30T23:51:04Z,21.37,61.97,99,0,33.25,101.09,42.00,682.00,null,null,null
2023-08-30T23:52:04Z,21.39,61.94,99,0,34.11,101.09,42.00,682.00,null,null,null
2023-08-30T23:53:04Z,21.38,61.99,99,0,34.76,101.08,42.00,682.00,null,null,null
2023-08-30T23:54:04Z,21.38,61.99,99,0,33.39,101.09,42.00,682.00,null,null,null
2023-08-30T23:55:04Z,21.37,61.96,99,0,31.93,101.09,42.00,682.00,2,2,2
2023-08-30T23:56:04Z,21.37,62.01,99,0,36.42,101.09,42.00,682.00,null,null,null
2023-08-30T23:57:04Z,21.37,62.00,99,0,34.36,101.09,42.00,682.00,null,null,null
2023-08-30T23:58:04Z,21.37,61.98,99,0,33.58,101.09,41.00,671.00,null,null,null
2023-08-30T23:59:04Z,21.35,62.00,99,0,34.22,101.08,42.00,682.00,null,null,null
