TIME,TEMP,HUM,BATT,LIGHT,NOISE_A,PRESS,CCS811_VOCS,CCS811_ECO2,PM_1,PM_25,PM_10
ISO 8601,C,%,%,Lux,dBA,kPa,ppb,ppm,ug/m3,ug/m3,ug/m3
Time,Temperature,Humidity,Battery,Light,Noise dBA,Barometric pressure,VOC Gas CCS811,eCO2 Gas CCS811,PM 1.0,PM 2.5,PM 10.0
,55,56,10,14,53,58,113,112,89,87,88
2023-08-24T00:00:03Z,23.42,67.45,99,0,37.37,101.69,65.00,827.00,8,8,8
2023-08-24T00:01:03Z,23.46,67.50,99,0,26.73,101.69,66.00,836.00,null,null,null
2023-08-24T00:02:03Z,23.46,67.42,99,0,29.82,101.69,65.00,827.00,null,null,null
2023-08-24T00:03:03Z,23.43,67.34,99,0,29.86,101.69,65.00,827.00,null,null,null
2023-08-24T00:04:03Z,23.45,67.29,99,0,28.42,101.69,63.00,817.00,null,null,null
2023-08-24T00:05:03Z,23.43,67.27,99,0,27.51,101.69,60.00,795.00,6,9,9
2023-08-24T00:06:03Z,23.43,67.41,99,0,31.57,101.68,58.00,785.00,null,null,null
2023-08-24T00:07:03Z,23.45,67.29,99,0,28.12,101.68,57.00,776.00,null,null,null
2023-08-24T00:08:03Z,23.45,67.31,99,0,28.25,101.67,55.00,765.00,null,null,null
2023-08-24T00:09:03Z,23.42,67.35,99,0,28.17,101.67,55.00,765.00,null,null,null
2023-08-24T00:10:03Z,23.40,67.49,99,0,31.20,101.67,55.00,765.00,2,3,3
2023-08-24T00:11:03Z,23.43,67.47,99,0,27.47,101.66,55.00,765.00,null,null,null
2023-08-24T00:12:03Z,23.45,67.43,99,0,27.14,101.66,57.00,776.00,null,null,null
2023-08-24T00:13:03Z,23.43,67.43,99,0,26.99,101.66,58.00,785.00,null,null,null
2023-08-24T00:14:03Z,23.42,67.53,99,0,27.10,101.66,58.00,785.00,null,null,null
2023-08-24T00:15:03Z,23.42,67.57,99,0,27.34,101.65,60.00,795.00,11,12,12
2023-08-24T00:16:03Z,23.45,67.57,99,0,30.22,101.65,61.00,804.00,null,null,null
2023-08-24T00:17:03Z,23.42,67.47,99,0,25.29,101.65,63.00,817.00,null,null,null
2023-08-24T00:18:03Z,23.43,67.49,99,0,27.47,101.65,63.00,817.00,null,null,null
2023-08-24T00:19:03Z,23.43,67.49,99,0,28.71,101.65,65.00,827.00,null,null,null
2023-08-24T00:20:03Z,23.45,67.52,99,0,25.98,101.65,66.00,836.00,6,7,7
2023-08-24T00:21:03Z,23.43,67.44,99,0,26.48,101.65,66.00,836.00,null,null,null
2023-08-24T00:22:03Z,23.46,67.30,99,0,25.38,101.65,68.00,851.00,null,null,null
2023-08-24T00:23:03Z,23.45,67.02,99,0,27.66,101.64,68.00,851.00,null,null,null
2023-08-24T00:24:03Z,23.45,66.95,99,0,26.34,101.64,67.00,844.00,null,null,null
2023-08-24T00:25:03Z,23.45,66.82,99,0,26.76,101.64,66.00,834.00,7,8,8
2023-08-24T00:26:03Z,23.43,66.80,99,0,30.38,101.64,62.00,810.00,null,null,null
2023-08-24T00:27:03Z,23.45,66.74,99,0,30.30,101.64,61.00,802.00,null,null,null
2023-08-24T00:28:03Z,23.45,66.66,99,0,27.69,101.64,62.00,808.00,null,null,null
2023-08-24T00:29:03Z,23.45,66.67,99,0,26.21,101.64,62.00,808.00,null,null,null
2023-08-24T00:30:03Z,23.43,66.62,99,0,27.42,101.64,60.00,800.00,8,8,8
2023-08-24T00:31:03Z,23.45,66.60,99,0,29.42,101.64,60.00,800.00,null,null,null
2023-08-24T00:32:03Z,23.45,66.53,99,0,25.70,101.64,59.00,791.00,null,null,null
2023-08-24T00:33:03Z,23.46,66.47,99,0,27.44,101.64,57.00,778.00,null,null,null
2023-08-24T00:34:03Z,23.45,66.40,99,0,33.61,101.64,57.00,778.00,null,null,null
2023-08-24T00:35:03Z,23.45,66.53,99,0,25.16,101.64,57.00,778.00,1,1,1
2023-08-24T00:36:03Z,23.46,66.52,99,0,27.57,101.64,57.00,778.00,null,null,null
2023-08-24T00:37:03Z,23.43,66.57,99,0,27.71,101.64,59.00,791.00,null,null,null
2023-08-24T00:38:03Z,23.45,66.61,99,0,27.16,101.65,62.00,808.00,null,null,null
2023-08-24T00:39:03Z,23.43,66.62,99,0,38.41,101.65,63.00,817.00,null,null,null
2023-08-24T00:40:03Z,23.43,66.63,99,0,30.06,101.65,63.00,817.00,5,12,12
2023-08-24T00:41:03Z,23.47,66.40,99,0,28.01,101.65,62.00,808.00,null,null,null
2023-08-24T00:42:03Z,23.46,66.22,99,0,29.71,101.65,62.00,808.00,null,null,null
2023-08-24T00:43:03Z,23.46,66.03,99,0,26.73,101.65,60.00,800.00,null,null,null
2023-08-24T00:44:03Z,23.45,65.94,99,0,30.61,101.65,58.00,787.00,null,null,null
2023-08-24T00:45:03Z,23.45,65.89,99,0,29.04,101.65,57.00,778.00,2,2,2
2023-08-24T00:46:03Z,23.46,65.94,99,0,27.18,101.64,54.00,761.00,null,null,null
2023-08-24T00:47:03Z,23.47,65.82,99,0,27.51,101.64,54.00,761.00,null,null,null
2023-08-24T00:48:03Z,23.47,65.72,99,0,27.16,101.64,53.00,752.00,null,null,null
2023-08-24T00:49:03Z,23.46,65.90,99,0,25.26,101.64,54.00,759.00,null,null,null
2023-08-24T00:50:03Z,23.45,65.86,99,0,27.71,101.64,53.00,752.00,5,5,5
2023-08-24T00:51:03Z,23.45,65.98,99,0,30.79,101.64,53.00,752.00,null,null,null
2023-08-24T00:52:03Z,23.45,65.72,99,0,28.04,101.63,54.00,761.00,null,null,null
2023-08-24T00:53:03Z,23.45,65.71,99,0,26.89,101.64,53.00,749.00,null,null,null
2023-08-24T00:54:03Z,23.45,65.95,99,0,26.43,101.64,56.00,768.00,null,null,null
2023-08-24T00:55:03Z,23.42,66.08,99,0,27.20,101.64,57.00,778.00,7,7,7
2023-08-24T00:56:03Z,23.46,65.96,99,0,32.88,101.64,58.00,787.00,null,null,null
2023-08-24T00:57:03Z,23.47,66.04,99,0,26.87,101.64,58.00,787.00,null,null,null
2023-08-24T00:58:03Z,23.46,66.06,99,0,26.78,101.64,58.00,787.00,null,null,null
2023-08-24T00:59:03Z,23.45,66.13,99,0,25.32,101.64,60.00,800.00,null,null,null
2023-08-24T01:00:03Z,23.45,65.94,99,0,31.86,101.64,60.00,800.00,5,5,5
2023-08-24T01:01:03Z,23.46,66.06,99,0,29.44,101.64,60.00,800.00,null,null,null
2023-08-24T01:02:03Z,23.46,66.06,99,0,26.91,101.64,60.00,800.00,null,null,null
2023-08-24T01:03:03Z,23.46,66.06,99,0,24.07,101.64,62.00,808.00,null,null,null
2023-08-24T01:04:03Z,23.45,66.18,99,0,25.19,101.64,62.00,808.00,null,null,null
2023-08-24T01:05:03Z,23.45,65.71,99,0,23.54,101.64,62.00,808.00,2,2,2
2023-08-24T01:06:03Z,23.47,65.36,99,0,30.21,101.64,58.00,785.00,null,null,null
2023-08-24T01:07:03Z,23.46,65.31,99,0,25.29,101.64,57.00,776.00,null,null,null
2023-08-24T01:08:03Z,23.46,65.40,99,0,24.96,101.63,54.00,759.00,null,null,null
2023-08-24T01:09:03Z,23.45,65.42,99,0,24.61,101.63,54.00,759.00,null,null,null
2023-08-24T01:10:03Z,23.42,65.52,99,0,26.21,101.64,54.00,759.00,6,7,7
2023-08-24T01:11:03Z,23.47,65.49,99,0,23.63,101.64,56.00,768.00,null,null,null
2023-08-24T01:12:03Z,23.50,65.37,99,0,27.69,101.64,56.00,768.00,null,null,null
2023-08-24T01:13:03Z,23.47,65.36,99,0,24.68,101.63,54.00,759.00,null,null,null
2023-08-24T01:14:03Z,23.46,65.45,99,0,24.50,101.63,56.00,768.00,null,null,null
2023-08-24T01:15:03Z,23.43,65.42,99,0,25.76,101.63,54.00,759.00,4,4,4
2023-08-24T01:16:03Z,23.49,65.49,99,0,25.59,101.62,56.00,768.00,null,null,null
2023-08-24T01:17:03Z,23.47,65.37,99,0,24.65,101.62,56.00,768.00,null,null,null
2023-08-24T01:18:03Z,23.47,65.25,99,0,31.50,101.62,56.00,768.00,null,null,null
2023-08-24T01:19:03Z,23.45,65.23,99,0,24.19,101.62,53.00,749.00,null,null,null
2023-08-24T01:20:03Z,23.46,65.30,99,0,24.03,101.62,55.00,765.00,3,3,3
2023-08-24T01:21:03Z,23.46,65.10,99,0,23.20,101.62,54.00,759.00,null,null,null
2023-08-24T01:22:03Z,23.46,65.12,99,0,42.81,101.62,54.00,757.00,null,null,null
2023-08-24T01:23:03Z,23.46,65.10,99,0,23.63,101.62,53.00,748.00,null,null,null
2023-08-24T01:24:03Z,23.46,65.05,99,0,26.76,101.62,53.00,748.00,null,null,null
2023-08-24T01:25:03Z,23.45,64.96,99,0,28.28,101.62,51.00,740.00,4,4,4
2023-08-24T01:26:03Z,23.47,64.96,99,0,25.29,101.62,50.00,730.00,null,null,null
2023-08-24T01:27:03Z,23.46,64.90,99,0,30.99,101.62,50.00,730.00,null,null,null
2023-08-24T01:28:03Z,23.47,64.83,99,0,24.79,101.62,50.00,730.00,null,null,null
2023-08-24T01:29:03Z,23.45,64.69,99,0,24.61,101.62,47.00,710.00,null,null,null
2023-08-24T01:30:03Z,23.43,64.65,99,0,24.07,101.62,45.00,699.00,8,9,9
2023-08-24T01:31:03Z,23.45,64.49,99,0,24.83,101.62,42.00,682.00,null,null,null
2023-08-24T01:32:03Z,23.43,64.54,99,0,25.29,101.62,39.00,656.00,null,null,null
2023-08-24T01:33:03Z,23.42,64.58,99,0,21.78,101.62,37.00,649.00,null,null,null
2023-08-24T01:34:03Z,23.42,64.62,99,0,26.41,101.62,36.00,641.00,null,null,null
2023-08-24T01:35:03Z,23.40,64.68,99,0,26.80,101.62,36.00,641.00,2,2,2
2023-08-24T01:36:03Z,23.39,64.75,99,0,23.05,101.62,34.00,627.00,null,null,null
2023-08-24T01:37:03Z,23.40,64.69,99,0,25.06,101.61,33.00,620.00,null,null,null
2023-08-24T01:38:03Z,23.40,64.69,99,0,21.41,101.61,34.00,627.00,null,null,null
2023-08-24T01:39:03Z,23.37,64.66,99,0,23.63,101.60,33.00,620.00,null,null,null
2023-08-24T01:40:03Z,23.36,64.73,99,0,25.44,101.60,32.00,612.00,3,3,3
2023-08-24T01:41:03Z,23.39,64.78,99,0,26.57,101.60,32.00,612.00,null,null,null
2023-08-24T01:42:03Z,23.39,64.80,99,0,26.24,101.60,30.00,603.00,null,null,null
2023-08-24T01:43:03Z,23.39,64.83,99,0,24.15,101.60,30.00,603.00,null,null,null
2023-08-24T01:44:03Z,23.36,64.81,99,0,23.10,101.60,30.00,599.00,null,null,null
2023-08-24T01:45:03Z,23.37,64.78,99,0,24.11,101.59,30.00,599.00,7,7,7
2023-08-24T01:46:03Z,23.33,64.79,99,0,30.65,101.60,29.00,592.00,null,null,null
2023-08-24T01:47:03Z,23.37,64.68,99,0,25.92,101.59,29.00,592.00,null,null,null
2023-08-24T01:48:03Z,23.32,64.58,99,0,25.06,101.59,30.00,599.00,null,null,null
2023-08-24T01:49:03Z,23.32,64.71,99,0,29.32,101.59,29.00,592.00,null,null,null
2023-08-24T01:50:03Z,23.33,64.73,99,0,25.13,101.58,30.00,599.00,7,11,11
2023-08-24T01:51:03Z,23.30,64.69,99,0,23.35,101.58,28.00,584.00,null,null,null
2023-08-24T01:52:03Z,23.32,64.86,99,0,27.32,101.59,29.00,592.00,null,null,null
2023-08-24T01:53:03Z,23.30,64.76,99,0,24.86,101.58,30.00,599.00,null,null,null
2023-08-24T01:54:03Z,23.30,64.63,99,0,38.77,101.57,29.00,592.00,null,null,null
2023-08-24T01:55:03Z,23.29,64.72,99,0,27.53,101.56,29.00,592.00,4,6,6
2023-08-24T01:56:03Z,23.32,64.64,99,0,22.12,101.56,29.00,592.00,null,null,null
2023-08-24T01:57:03Z,23.27,64.65,99,0,23.90,101.56,28.00,584.00,null,null,null
2023-08-24T01:58:03Z,23.27,64.79,99,0,22.55,101.56,28.00,584.00,null,null,null
2023-08-24T01:59:03Z,23.27,64.73,99,0,24.07,101.56,26.00,577.00,null,null,null
2023-08-24T02:00:03Z,23.26,64.71,99,0,26.62,101.56,29.00,592.00,5,5,5
2023-08-24T02:01:03Z,23.27,64.88,99,0,26.31,101.57,28.00,584.00,null,null,null
2023-08-24T02:02:03Z,23.26,64.92,99,0,26.60,101.57,28.00,586.00,null,null,null
2023-08-24T02:03:03Z,23.26,64.83,99,0,28.25,101.57,28.00,586.00,null,null,null
2023-08-24T02:04:03Z,23.26,64.85,99,0,23.77,101.57,26.00,577.00,null,null,null
2023-08-24T02:05:03Z,23.25,64.80,99,0,26.03,101.57,26.00,577.00,3,4,4
2023-08-24T02:06:03Z,23.26,64.82,99,0,27.99,101.56,25.00,570.00,null,null,null
2023-08-24T02:07:03Z,23.25,64.90,99,0,28.95,101.56,25.00,570.00,null,null,null
2023-08-24T02:08:03Z,23.22,64.93,99,0,28.20,101.55,26.00,577.00,null,null,null
2023-08-24T02:09:03Z,23.23,64.86,99,0,26.26,101.55,33.00,620.00,null,null,null
2023-08-24T02:10:03Z,23.21,64.94,99,0,25.79,101.55,33.00,620.00,4,7,7
2023-08-24T02:11:03Z,23.22,64.92,99,0,25.47,101.55,32.00,614.00,null,null,null
2023-08-24T02:12:03Z,23.22,64.87,99,0,27.85,101.54,32.00,614.00,null,null,null
2023-08-24T02:13:03Z,23.22,65.02,99,0,38.15,101.54,32.00,614.00,null,null,null
2023-08-24T02:14:03Z,23.21,65.04,99,0,34.76,101.54,32.00,614.00,null,null,null
2023-08-24T02:15:03Z,23.19,65.18,99,0,28.95,101.52,33.00,620.00,3,6,6
2023-08-24T02:16:03Z,23.19,65.22,99,0,26.38,101.52,34.00,627.00,null,null,null
2023-08-24T02:17:03Z,23.21,65.10,99,0,25.90,101.52,34.00,627.00,null,null,null
2023-08-24T02:18:03Z,23.21,65.28,99,0,28.17,101.51,34.00,627.00,null,null,null
2023-08-24T02:19:03Z,23.19,65.53,99,0,29.40,101.50,37.00,645.00,null,null,null
2023-08-24T02:20:03Z,23.16,65.67,99,0,25.73,101.50,39.00,659.00,7,14,14
2023-08-24T02:21:03Z,23.19,65.77,99,0,28.71,101.49,43.00,683.00,null,null,null
2023-08-24T02:22:03Z,23.19,65.41,99,0,28.89,101.49,42.00,678.00,null,null,null
2023-08-24T02:23:03Z,23.21,65.35,99,0,26.08,101.49,41.00,675.00,null,null,null
2023-08-24T02:24:03Z,23.19,65.63,99,0,30.75,101.48,43.00,683.00,null,null,null
2023-08-24T02:25:03Z,23.19,65.75,99,0,26.14,101.48,45.00,700.00,10,12,12
2023-08-24T02:26:03Z,23.22,65.87,99,0,27.36,101.49,46.00,702.00,null,null,null
2023-08-24T02:27:03Z,23.21,65.96,99,0,29.90,101.49,48.00,719.00,null,null,null
2023-08-24T02:28:03Z,23.23,65.90,99,0,30.34,101.49,51.00,740.00,null,null,null
2023-08-24T02:29:03Z,23.23,65.81,99,0,27.99,101.49,51.00,740.00,null,null,null
2023-08-24T02:30:03Z,23.21,65.46,99,0,28.47,101.50,50.00,732.00,10,12,17
2023-08-24T02:31:03Z,23.25,65.36,99,0,24.50,101.50,47.00,715.00,null,null,null
2023-08-24T02:32:03Z,23.21,65.38,99,0,29.74,101.51,37.00,643.00,null,null,null
2023-08-24T02:33:03Z,23.25,65.50,99,0,25.84,101.51,45.00,700.00,null,null,null
2023-08-24T02:34:03Z,23.22,65.33,99,0,28.28,101.51,37.00,643.00,null,null,null
2023-08-24T02:35:03Z,23.22,65.28,99,0,29.40,101.50,43.00,683.00,8,8,8
2023-08-24T02:36:03Z,23.22,65.25,99,0,23.81,101.50,41.00,675.00,null,null,null
2023-08-24T02:37:03Z,23.22,65.26,99,0,25.59,101.50,40.00,668.00,null,null,null
2023-08-24T02:38:03Z,23.21,65.13,99,0,36.97,101.50,39.00,659.00,null,null,null
2023-08-24T02:39:03Z,23.21,65.18,99,0,29.05,101.50,39.00,656.00,null,null,null
2023-08-24T02:40:03Z,23.19,65.26,99,0,31.62,101.49,38.00,650.00,5,6,6
2023-08-24T02:41:03Z,23.22,65.46,99,0,27.89,101.49,38.00,650.00,null,null,null
2023-08-24T02:42:03Z,23.19,65.30,99,0,36.18,101.49,38.00,650.00,null,null,null
2023-08-24T02:43:03Z,23.22,65.34,99,0,28.17,101.49,37.00,645.00,null,null,null
2023-08-24T02:44:03Z,23.19,65.46,99,0,32.54,101.48,37.00,645.00,null,null,null
2023-08-24T02:45:03Z,23.15,65.44,99,0,26.19,101.49,37.00,645.00,6,10,10
2023-08-24T02:46:03Z,23.22,65.55,99,0,28.31,101.48,37.00,645.00,null,null,null
2023-08-24T02:47:03Z,23.19,65.38,99,0,26.38,101.48,37.00,645.00,null,null,null
2023-08-24T02:48:03Z,23.18,65.43,99,0,28.54,101.48,36.00,638.00,null,null,null
2023-08-24T02:49:03Z,23.16,65.55,99,0,29.00,101.48,36.00,638.00,null,null,null
2023-08-24T02:50:03Z,23.15,65.70,99,0,28.54,101.48,35.00,631.00,6,10,10
2023-08-24T02:51:03Z,23.15,65.74,99,0,34.18,101.48,36.00,638.00,null,null,null
2023-08-24T02:52:03Z,23.15,65.74,99,0,37.88,101.48,36.00,638.00,null,null,null
2023-08-24T02:53:03Z,23.12,65.73,99,0,24.11,101.48,37.00,645.00,null,null,null
2023-08-24T02:54:03Z,23.12,65.80,99,0,29.27,101.48,36.00,638.00,null,null,null
2023-08-24T02:55:03Z,23.12,65.80,99,0,27.45,101.48,36.00,640.00,6,7,7
2023-08-24T02:56:03Z,23.12,65.82,99,0,24.31,101.48,35.00,633.00,null,null,null
2023-08-24T02:57:03Z,23.12,65.81,99,0,29.88,101.48,35.00,633.00,null,null,null
2023-08-24T02:58:03Z,23.12,65.91,99,0,27.89,101.48,35.00,633.00,null,null,null
2023-08-24T02:59:03Z,23.09,66.03,99,0,39.77,101.48,35.00,633.00,null,null,null
2023-08-24T03:00:03Z,23.06,66.11,99,0,27.49,101.48,35.00,633.00,5,6,6
2023-08-24T03:01:03Z,23.09,66.14,99,0,27.28,101.48,35.00,633.00,null,null,null
2023-08-24T03:02:03Z,23.06,66.21,99,0,42.02,101.48,35.00,633.00,null,null,null
2023-08-24T03:03:03Z,23.08,66.31,99,0,31.55,101.48,35.00,633.00,null,null,null
2023-08-24T03:04:03Z,23.03,66.35,99,0,24.76,101.47,34.00,626.00,null,null,null
2023-08-24T03:05:03Z,23.02,66.44,99,0,27.42,101.48,35.00,633.00,6,13,13
2023-08-24T03:06:03Z,23.03,66.56,99,0,29.87,101.47,35.00,633.00,null,null,null
2023-08-24T03:07:03Z,23.03,66.63,99,0,28.99,101.48,36.00,638.00,null,null,null
2023-08-24T03:08:03Z,23.03,66.61,99,0,26.43,101.47,36.00,638.00,null,null,null
2023-08-24T03:09:03Z,23.01,66.69,99,0,27.26,101.47,36.00,638.00,null,null,null
2023-08-24T03:10:03Z,22.98,66.80,99,0,26.78,101.48,35.00,633.00,9,11,11
2023-08-24T03:11:03Z,23.01,66.75,99,0,29.00,101.49,34.00,627.00,null,null,null
2023-08-24T03:12:03Z,22.96,66.82,99,0,26.46,101.49,33.00,620.00,null,null,null
2023-08-24T03:13:03Z,22.99,66.82,99,0,38.53,101.49,33.00,620.00,null,null,null
2023-08-24T03:14:03Z,22.95,66.89,99,0,30.40,101.49,33.00,620.00,null,null,null
2023-08-24T03:15:03Z,22.94,66.99,99,0,31.07,101.49,33.00,620.00,9,15,15
2023-08-24T03:16:03Z,22.95,66.97,99,0,26.60,101.49,33.00,620.00,null,null,null
2023-08-24T03:17:03Z,22.95,67.06,99,0,29.50,101.49,35.00,633.00,null,null,null
2023-08-24T03:18:03Z,22.92,67.11,99,0,27.42,101.49,36.00,641.00,null,null,null
2023-08-24T03:19:03Z,22.91,67.14,99,0,28.71,101.49,39.00,656.00,null,null,null
2023-08-24T03:20:03Z,22.91,67.23,99,0,28.30,101.49,40.00,665.00,9,15,15
2023-08-24T03:21:03Z,22.92,67.12,99,0,33.03,101.49,40.00,665.00,null,null,null
2023-08-24T03:22:03Z,22.92,66.90,99,0,31.22,101.48,40.00,665.00,null,null,null
2023-08-24T03:23:03Z,22.91,66.84,99,0,28.36,101.47,40.00,665.00,null,null,null
2023-08-24T03:24:03Z,22.92,66.95,99,0,27.82,101.47,40.00,665.00,null,null,null
2023-08-24T03:25:03Z,22.94,67.00,99,0,30.09,101.47,40.00,665.00,8,16,16
2023-08-24T03:26:03Z,22.92,66.93,99,0,27.59,101.47,39.00,656.00,null,null,null
2023-08-24T03:27:03Z,22.91,66.86,99,0,29.48,101.46,39.00,656.00,null,null,null
2023-08-24T03:28:03Z,22.92,66.83,99,0,30.58,101.45,37.00,649.00,null,null,null
2023-08-24T03:29:03Z,22.90,66.72,99,0,28.30,101.46,37.00,649.00,null,null,null
2023-08-24T03:30:03Z,22.87,66.62,99,0,30.16,101.46,36.00,638.00,11,13,13
2023-08-24T03:31:03Z,22.88,66.59,99,0,27.20,101.46,34.00,626.00,null,null,null
2023-08-24T03:32:03Z,22.87,66.66,99,0,27.89,101.47,34.00,626.00,null,null,null
2023-08-24T03:33:03Z,22.82,66.80,99,0,28.01,101.47,34.00,626.00,null,null,null
2023-08-24T03:34:03Z,22.88,66.81,99,0,32.57,101.47,34.00,627.00,null,null,null
2023-08-24T03:35:03Z,22.82,66.72,99,0,30.10,101.47,35.00,633.00,14,29,35
2023-08-24T03:36:03Z,22.85,66.75,99,0,27.53,101.46,35.00,633.00,null,null,null
2023-08-24T03:37:03Z,22.84,66.71,99,0,30.47,101.45,34.00,627.00,null,null,null
2023-08-24T03:38:03Z,22.79,66.68,99,0,32.08,101.44,35.00,633.00,null,null,null
2023-08-24T03:39:03Z,22.81,66.59,99,0,31.12,101.43,34.00,626.00,null,null,null
2023-08-24T03:40:03Z,22.78,66.61,99,0,27.26,101.43,33.00,618.00,17,26,26
2023-08-24T03:41:03Z,22.78,66.66,99,0,28.23,101.43,32.00,611.00,null,null,null
2023-08-24T03:42:03Z,22.76,66.69,99,0,28.78,101.43,30.00,602.00,null,null,null
2023-08-24T03:43:03Z,22.75,66.68,99,0,30.60,101.43,30.00,602.00,null,null,null
2023-08-24T03:44:03Z,22.76,66.71,99,0,26.34,101.43,29.00,596.00,null,null,null
2023-08-24T03:45:03Z,22.75,66.79,99,0,27.36,101.43,28.00,586.00,9,22,28
2023-08-24T03:46:03Z,22.78,66.87,99,0,29.58,101.43,29.00,591.00,null,null,null
2023-08-24T03:47:03Z,22.76,66.77,99,0,29.04,101.42,29.00,591.00,null,null,null
2023-08-24T03:48:03Z,22.76,66.79,99,0,27.89,101.43,29.00,591.00,null,null,null
2023-08-24T03:49:03Z,22.75,66.93,99,0,26.97,101.42,30.00,597.00,null,null,null
2023-08-24T03:50:03Z,22.72,66.98,99,0,28.61,101.42,30.00,603.00,15,27,33
2023-08-24T03:51:03Z,22.75,67.01,99,0,36.27,101.42,30.00,600.00,null,null,null
2023-08-24T03:52:03Z,22.74,67.04,99,0,28.36,101.41,32.00,614.00,null,null,null
2023-08-24T03:53:03Z,22.75,67.00,99,0,27.26,101.41,32.00,615.00,null,null,null
2023-08-24T03:54:03Z,22.71,66.91,99,0,32.94,101.41,32.00,614.00,null,null,null
2023-08-24T03:55:03Z,22.70,67.06,99,0,29.79,101.42,30.00,600.00,11,20,20
2023-08-24T03:56:03Z,22.71,67.00,99,0,43.73,101.42,31.00,607.00,null,null,null
2023-08-24T03:57:03Z,22.71,66.98,99,0,27.90,101.42,31.00,607.00,null,null,null
2023-08-24T03:58:03Z,22.70,66.93,99,0,25.00,101.42,31.00,607.00,null,null,null
2023-08-24T03:59:03Z,22.67,67.06,99,0,32.01,101.42,31.00,607.00,null,null,null
2023-08-24T04:00:03Z,22.68,67.16,99,0,30.94,101.42,32.00,615.00,10,25,31
2023-08-24T04:01:03Z,22.67,67.18,99,0,27.45,101.41,28.00,586.00,null,null,null
2023-08-24T04:02:03Z,22.71,67.27,99,0,28.25,101.41,29.00,596.00,null,null,null
2023-08-24T04:03:03Z,22.68,67.24,99,0,25.38,101.41,30.00,600.00,null,null,null
2023-08-24T04:04:03Z,22.68,67.24,99,0,26.06,101.41,33.00,623.00,null,null,null
2023-08-24T04:05:03Z,22.67,67.38,99,0,24.79,101.42,35.00,631.00,13,15,15
2023-08-24T04:06:03Z,22.70,67.32,99,0,32.90,101.43,35.00,631.00,null,null,null
2023-08-24T04:07:03Z,22.68,67.33,99,0,30.50,101.43,35.00,631.00,null,null,null
2023-08-24T04:08:03Z,22.68,67.22,99,0,25.44,101.42,35.00,631.00,null,null,null
2023-08-24T04:09:03Z,22.67,67.20,99,0,33.37,101.43,35.00,631.00,null,null,null
2023-08-24T04:10:03Z,22.65,67.12,99,0,27.22,101.42,33.00,617.00,10,14,14
2023-08-24T04:11:03Z,22.68,67.22,99,0,27.84,101.43,31.00,605.00,null,null,null
2023-08-24T04:12:03Z,22.70,67.24,99,0,32.55,101.43,32.00,611.00,null,null,null
2023-08-24T04:13:03Z,22.65,67.22,99,0,32.28,101.42,32.00,611.00,null,null,null
2023-08-24T04:14:03Z,22.67,67.30,99,0,24.35,101.42,33.00,617.00,null,null,null
2023-08-24T04:15:03Z,22.64,67.42,99,0,23.10,101.41,32.00,612.00,7,8,8
2023-08-24T04:16:03Z,22.67,67.35,99,0,23.63,101.40,32.00,612.00,null,null,null
2023-08-24T04:17:03Z,22.67,67.27,99,0,34.12,101.41,32.00,612.00,null,null,null
2023-08-24T04:18:03Z,22.67,67.30,99,0,26.16,101.41,32.00,612.00,null,null,null
2023-08-24T04:19:03Z,22.64,67.33,99,0,24.65,101.41,32.00,612.00,null,null,null
2023-08-24T04:20:03Z,22.64,67.45,99,0,27.02,101.41,32.00,612.00,13,15,21
2023-08-24T04:21:03Z,22.65,67.33,99,0,27.77,101.41,33.00,617.00,null,null,null
2023-08-24T04:22:03Z,22.65,67.39,99,0,25.03,101.41,32.00,612.00,null,null,null
2023-08-24T04:23:03Z,22.64,67.47,99,0,24.19,101.41,33.00,617.00,null,null,null
2023-08-24T04:24:03Z,22.64,67.30,99,0,29.38,101.41,33.00,617.00,null,null,null
2023-08-24T04:25:03Z,22.63,67.19,99,0,23.45,101.42,30.00,603.00,8,9,9
2023-08-24T04:26:03Z,22.63,67.22,99,0,32.80,101.42,29.00,596.00,null,null,null
2023-08-24T04:27:03Z,22.61,67.02,99,0,27.34,101.43,27.00,578.00,null,null,null
2023-08-24T04:28:03Z,22.61,67.12,99,0,26.69,101.44,24.00,561.00,null,null,null
2023-08-24T04:29:03Z,22.60,67.01,99,0,25.92,101.45,22.00,549.00,null,null,null
2023-08-24T04:30:03Z,22.57,66.89,99,0,23.05,101.46,20.00,534.00,11,11,11
2023-08-24T04:31:03Z,22.58,66.90,99,0,27.30,101.46,16.00,508.00,null,null,null
2023-08-24T04:32:03Z,22.56,66.82,99,0,26.62,101.46,14.00,492.00,null,null,null
2023-08-24T04:33:03Z,22.51,66.93,99,0,28.44,101.46,13.00,487.00,null,null,null
2023-08-24T04:34:03Z,22.54,67.01,99,0,27.44,101.45,13.00,487.00,null,null,null
2023-08-24T04:35:03Z,22.50,67.08,99,0,22.43,101.44,13.00,487.00,10,17,17
2023-08-24T04:36:03Z,22.50,67.15,99,0,24.68,101.44,13.00,487.00,null,null,null
2023-08-24T04:37:03Z,22.50,67.22,99,0,26.24,101.42,14.00,498.00,null,null,null
2023-08-24T04:38:03Z,22.53,67.28,99,0,23.15,101.43,16.00,508.00,null,null,null
2023-08-24T04:39:03Z,22.50,67.32,99,0,32.34,101.42,16.00,508.00,null,null,null
2023-08-24T04:40:03Z,22.51,67.34,99,0,21.99,101.42,18.00,524.00,5,7,13
2023-08-24T04:41:03Z,22.51,67.30,99,0,29.36,101.42,18.00,524.00,null,null,null
2023-08-24T04:42:03Z,22.53,67.45,99,0,27.96,101.42,19.00,530.00,null,null,null
2023-08-24T04:43:03Z,22.53,67.33,99,0,28.61,101.41,20.00,533.00,null,null,null
2023-08-24T04:44:03Z,22.54,67.40,99,0,28.95,101.41,21.00,539.00,null,null,null
2023-08-24T04:45:03Z,22.50,67.47,99,0,25.19,101.41,22.00,545.00,3,8,8
2023-08-24T04:46:03Z,22.50,67.48,99,0,26.71,101.41,22.00,545.00,null,null,null
2023-08-24T04:47:03Z,22.51,67.44,99,0,26.06,101.42,20.00,533.00,null,null,null
2023-08-24T04:48:03Z,22.50,67.45,99,0,27.64,101.43,20.00,533.00,null,null,null
2023-08-24T04:49:03Z,22.50,67.76,99,0,34.49,101.43,19.00,530.00,null,null,null
2023-08-24T04:50:03Z,22.50,67.78,99,0,25.44,101.43,17.00,518.00,9,11,11
2023-08-24T04:51:03Z,22.50,67.67,99,0,25.59,101.43,15.00,502.00,null,null,null
2023-08-24T04:52:03Z,22.50,67.49,99,0,26.29,101.43,15.00,503.00,null,null,null
2023-08-24T04:53:03Z,22.48,67.59,99,0,27.22,101.43,13.00,487.00,null,null,null
2023-08-24T04:54:03Z,22.47,67.68,99,0,25.82,101.42,13.00,487.00,null,null,null
2023-08-24T04:55:03Z,22.46,67.91,99,0,29.15,101.41,14.00,495.00,5,5,5
2023-08-24T04:56:03Z,22.46,68.03,99,0,26.89,101.40,14.00,498.00,null,null,null
2023-08-24T04:57:03Z,22.50,68.21,99,0,26.82,101.40,18.00,524.00,null,null,null
2023-08-24T04:58:03Z,22.47,68.32,99,0,26.73,101.39,20.00,533.00,null,null,null
2023-08-24T04:59:03Z,22.48,68.49,99,0,31.53,101.38,22.00,545.00,null,null,null
2023-08-24T05:00:03Z,22.47,68.56,99,0,41.35,101.37,23.00,551.00,8,15,15
2023-08-24T05:01:03Z,22.50,68.74,99,0,27.26,101.37,23.00,551.00,null,null,null
2023-08-24T05:02:03Z,22.51,68.78,99,0,32.66,101.38,23.00,551.00,null,null,null
2023-08-24T05:03:03Z,22.50,68.48,99,0,28.63,101.38,21.00,540.00,null,null,null
2023-08-24T05:04:03Z,22.48,68.28,99,0,38.85,101.39,19.00,529.00,null,null,null
2023-08-24T05:05:03Z,22.46,68.41,99,0,29.08,101.40,18.00,523.00,6,7,7
2023-08-24T05:06:03Z,22.50,68.41,99,0,29.89,101.40,18.00,519.00,null,null,null
2023-08-24T05:07:03Z,22.47,68.23,99,0,30.42,101.41,15.00,505.00,null,null,null
2023-08-24T05:08:03Z,22.47,68.46,99,0,30.29,101.42,15.00,502.00,null,null,null
2023-08-24T05:09:03Z,22.46,68.33,99,0,29.09,101.42,14.00,495.00,null,null,null
2023-08-24T05:10:03Z,22.46,68.37,99,0,27.45,101.42,13.00,488.00,7,10,10
2023-08-24T05:11:03Z,22.46,68.32,99,0,35.20,101.42,11.00,478.00,null,null,null
2023-08-24T05:12:03Z,22.46,68.57,99,0,31.40,101.42,10.00,472.00,null,null,null
2023-08-24T05:13:03Z,22.41,68.59,99,0,36.48,101.42,11.00,475.00,null,null,null
2023-08-24T05:14:03Z,22.40,68.58,99,0,32.45,101.42,10.00,472.00,null,null,null
2023-08-24T05:15:03Z,22.39,68.53,99,0,24.65,101.41,9.00,464.00,5,7,12
2023-08-24T05:16:03Z,22.41,68.49,99,0,25.22,101.42,9.00,461.00,null,null,null
2023-08-24T05:17:03Z,22.41,68.79,99,0,26.76,101.41,8.00,456.00,null,null,null
2023-08-24T05:18:03Z,22.39,68.74,99,0,33.83,101.41,8.00,457.00,null,null,null
2023-08-24T05:19:03Z,22.37,68.77,99,0,33.51,101.40,10.00,472.00,null,null,null
2023-08-24T05:20:03Z,22.37,68.81,99,0,27.87,101.40,10.00,470.00,3,3,3
2023-08-24T05:21:03Z,22.39,68.60,99,0,28.40,101.40,10.00,470.00,null,null,null
2023-08-24T05:22:03Z,22.37,68.46,99,0,28.68,101.40,10.00,472.00,null,null,null
2023-08-24T05:23:03Z,22.39,68.58,99,0,40.07,101.40,11.00,475.00,null,null,null
2023-08-24T05:24:03Z,22.39,68.64,99,0,37.46,101.40,11.00,478.00,null,null,null
2023-08-24T05:25:03Z,22.39,68.73,99,0,30.90,101.40,12.00,485.00,7,12,12
2023-08-24T05:26:03Z,22.40,68.79,99,0,37.91,101.40,13.00,488.00,null,null,null
2023-08-24T05:27:03Z,22.40,68.79,99,0,30.75,101.40,15.00,501.00,null,null,null
2023-08-24T05:28:03Z,22.41,68.92,99,0,42.00,101.40,15.00,501.00,null,null,null
2023-08-24T05:29:03Z,22.40,69.06,99,0,31.71,101.41,17.00,518.00,null,null,null
2023-08-24T05:30:03Z,22.39,69.13,99,0,29.74,101.41,18.00,524.00,4,5,5
2023-08-24T05:31:03Z,22.43,69.08,99,0,38.14,101.42,19.00,530.00,null,null,null
2023-08-24T05:32:03Z,22.41,69.13,99,0,34.66,101.41,23.00,556.00,null,null,null
2023-08-24T05:33:03Z,22.44,69.03,99,0,35.55,101.41,28.00,584.00,null,null,null
2023-08-24T05:34:03Z,22.47,69.25,99,0,44.43,101.41,31.00,607.00,null,null,null
2023-08-24T05:35:03Z,22.46,69.31,99,0,33.10,101.41,31.00,607.00,4,4,4
2023-08-24T05:36:03Z,22.46,69.27,99,0,25.73,101.40,30.00,602.00,null,null,null
2023-08-24T05:37:03Z,22.50,69.30,99,0,28.20,101.40,31.00,607.00,null,null,null
2023-08-24T05:38:03Z,22.51,69.32,99,0,46.85,101.40,32.00,615.00,null,null,null
2023-08-24T05:39:03Z,22.51,69.37,99,0,34.78,101.40,32.00,615.00,null,null,null
2023-08-24T05:40:03Z,22.48,69.51,99,0,36.69,101.40,34.00,629.00,5,5,5
2023-08-24T05:41:03Z,22.53,69.60,99,0,29.48,101.40,36.00,637.00,null,null,null
2023-08-24T05:42:03Z,22.54,69.81,99,0,33.84,101.41,34.00,629.00,null,null,null
2023-08-24T05:43:03Z,22.56,70.01,99,0,30.46,101.41,34.00,624.00,null,null,null
2023-08-24T05:44:03Z,22.51,69.89,99,0,30.79,101.41,35.00,631.00,null,null,null
2023-08-24T05:45:03Z,22.54,69.91,99,0,28.09,101.41,37.00,643.00,5,5,5
2023-08-24T05:46:03Z,22.58,69.75,99,0,32.86,101.41,38.00,650.00,null,null,null
2023-08-24T05:47:03Z,22.60,69.47,99,0,29.33,101.41,40.00,666.00,null,null,null
2023-08-24T05:48:03Z,22.57,69.39,99,0,26.24,101.41,45.00,697.00,null,null,null
2023-08-24T05:49:03Z,22.60,69.48,99,0,40.75,101.41,47.00,714.00,null,null,null
2023-08-24T05:50:03Z,22.61,69.46,99,0,48.78,101.41,47.00,714.00,6,7,7
2023-08-24T05:51:03Z,22.63,69.47,99,0,37.15,101.41,49.00,728.00,null,null,null
2023-08-24T05:52:03Z,22.65,69.44,99,0,36.16,101.42,52.00,744.00,null,null,null
2023-08-24T05:53:03Z,22.68,69.39,99,0,28.60,101.42,53.00,749.00,null,null,null
2023-08-24T05:54:03Z,22.67,69.29,99,0,29.09,101.42,56.00,770.00,null,null,null
2023-08-24T05:55:03Z,22.65,69.28,99,0,30.09,101.42,57.00,778.00,3,3,3
2023-08-24T05:56:03Z,22.70,69.66,99,0,41.22,101.42,58.00,785.00,null,null,null
2023-08-24T05:57:03Z,22.71,69.61,99,0,27.18,101.41,79.00,923.00,null,null,null
2023-08-24T05:58:03Z,22.74,69.42,99,0,32.28,101.40,74.00,891.00,null,null,null
2023-08-24T05:59:03Z,22.72,69.14,99,0,31.25,101.40,71.00,872.00,null,null,null
2023-08-24T06:00:03Z,22.72,69.14,99,0,30.21,101.40,73.00,880.00,4,5,5
2023-08-24T06:01:03Z,22.76,69.07,99,0,34.23,101.39,69.00,857.00,null,null,null
2023-08-24T06:02:03Z,22.76,69.00,99,0,42.19,101.40,66.00,834.00,null,null,null
2023-08-24T06:03:03Z,22.79,68.98,99,0,29.25,101.40,64.00,825.00,null,null,null
2023-08-24T06:04:03Z,22.78,69.03,99,0,31.09,101.40,66.00,834.00,null,null,null
2023-08-24T06:05:03Z,22.78,69.09,99,0,32.29,101.39,66.00,834.00,4,5,5
2023-08-24T06:06:03Z,22.84,69.09,99,0,27.78,101.39,66.00,834.00,null,null,null
2023-08-24T06:07:03Z,22.85,69.12,99,0,29.83,101.39,66.00,834.00,null,null,null
2023-08-24T06:08:03Z,22.85,69.49,99,0,30.37,101.39,66.00,834.00,null,null,null
2023-08-24T06:09:03Z,22.85,70.35,99,0,26.69,101.39,66.00,838.00,null,null,null
2023-08-24T06:10:03Z,22.85,70.64,99,0,31.90,101.38,64.00,825.00,3,3,3
2023-08-24T06:11:03Z,22.88,70.61,99,0,26.82,101.38,62.00,813.00,null,null,null
2023-08-24T06:12:03Z,22.85,70.56,99,0,28.92,101.39,62.00,813.00,null,null,null
2023-08-24T06:13:03Z,22.90,70.24,99,0,29.73,101.39,64.00,825.00,null,null,null
2023-08-24T06:14:03Z,22.88,70.59,99,0,29.43,101.39,65.00,832.00,null,null,null
2023-08-24T06:15:03Z,22.88,70.88,99,0,29.01,101.39,62.00,813.00,3,3,3
2023-08-24T06:16:03Z,22.90,70.88,99,0,28.42,101.40,57.00,778.00,null,null,null
2023-08-24T06:17:03Z,22.88,70.78,99,0,30.96,101.40,56.00,768.00,null,null,null
2023-08-24T06:18:03Z,22.90,70.87,99,0,26.57,101.41,54.00,761.00,null,null,null
2023-08-24T06:19:03Z,22.88,70.94,99,0,33.10,101.41,54.00,761.00,null,null,null
2023-08-24T06:20:03Z,22.88,70.72,99,0,27.99,101.40,54.00,761.00,0,0,0
2023-08-24T06:21:03Z,22.88,70.91,99,0,28.93,101.40,62.00,813.00,null,null,null
2023-08-24T06:22:03Z,22.90,71.06,99,0,28.06,101.40,63.00,817.00,null,null,null
2023-08-24T06:23:03Z,22.87,71.04,99,0,27.36,101.40,63.00,817.00,null,null,null
2023-08-24T06:24:03Z,22.88,70.95,99,0,29.15,101.40,61.00,806.00,null,null,null
2023-08-24T06:25:03Z,22.88,70.72,99,0,27.60,101.40,61.00,806.00,4,7,7
2023-08-24T06:26:03Z,22.94,70.57,99,0,26.11,101.40,64.00,825.00,null,null,null
2023-08-24T06:27:03Z,22.91,70.87,99,0,24.46,101.39,64.00,825.00,null,null,null
2023-08-24T06:28:03Z,22.90,71.14,99,0,37.24,101.39,61.00,806.00,null,null,null
2023-08-24T06:29:03Z,22.91,71.22,99,0,44.75,101.39,58.00,787.00,null,null,null
2023-08-24T06:30:03Z,22.90,71.22,99,0,32.88,101.38,57.00,778.00,5,5,5
2023-08-24T06:31:03Z,22.90,71.17,99,0,30.35,101.38,61.00,806.00,null,null,null
2023-08-24T06:32:03Z,22.92,71.23,99,0,25.56,101.38,61.00,806.00,null,null,null
2023-08-24T06:33:03Z,22.94,71.13,99,0,25.84,101.38,61.00,806.00,null,null,null
2023-08-24T06:34:03Z,22.92,71.12,99,0,26.26,101.38,61.00,806.00,null,null,null
2023-08-24T06:35:03Z,22.92,71.12,99,0,33.43,101.39,60.00,798.00,3,5,5
2023-08-24T06:36:03Z,22.95,71.14,99,0,30.26,101.38,58.00,787.00,null,null,null
2023-08-24T06:37:03Z,22.92,71.25,99,0,34.78,101.39,57.00,778.00,null,null,null
2023-08-24T06:38:03Z,22.91,71.26,99,0,32.41,101.39,56.00,770.00,null,null,null
2023-08-24T06:39:03Z,22.90,71.20,99,0,30.25,101.39,56.00,770.00,null,null,null
2023-08-24T06:40:03Z,22.90,71.24,99,0,28.33,101.39,54.00,761.00,8,9,9
2023-08-24T06:41:03Z,22.91,71.14,99,0,26.06,101.39,53.00,752.00,null,null,null
2023-08-24T06:42:03Z,22.91,71.38,99,0,31.24,101.39,52.00,744.00,null,null,null
2023-08-24T06:43:03Z,22.91,71.16,99,0,30.08,101.40,49.00,726.00,null,null,null
2023-08-24T06:44:03Z,22.88,70.89,99,0,34.96,101.40,46.00,708.00,null,null,null
2023-08-24T06:45:03Z,22.84,70.92,99,0,27.59,101.40,45.00,700.00,5,9,9
2023-08-24T06:46:03Z,22.85,70.95,99,0,28.61,101.39,45.00,700.00,null,null,null
2023-08-24T06:47:03Z,22.87,71.00,99,0,28.52,101.40,45.00,700.00,null,null,null
2023-08-24T06:48:03Z,22.85,71.21,99,0,32.83,101.39,43.00,686.00,null,null,null
2023-08-24T06:49:03Z,22.84,71.27,99,0,29.92,101.40,42.00,678.00,null,null,null
2023-08-24T06:50:03Z,22.81,71.25,99,0,26.53,101.40,39.00,659.00,3,5,5
2023-08-24T06:51:03Z,22.82,71.02,99,0,26.95,101.40,38.00,653.00,null,null,null
2023-08-24T06:52:03Z,22.81,70.89,99,0,35.39,101.39,38.00,653.00,null,null,null
2023-08-24T06:53:03Z,22.79,70.85,99,0,27.82,101.38,38.00,653.00,null,null,null
2023-08-24T06:54:03Z,22.79,71.18,99,0,40.36,101.38,37.00,646.00,null,null,null
2023-08-24T06:55:03Z,22.78,71.32,99,0,30.41,101.38,38.00,653.00,5,5,5
2023-08-24T06:56:03Z,22.78,71.21,99,0,30.40,101.40,39.00,659.00,null,null,null
2023-08-24T06:57:03Z,22.78,71.10,99,0,29.46,101.41,44.00,694.00,null,null,null
2023-08-24T06:58:03Z,22.79,71.42,99,0,33.46,101.41,46.00,708.00,null,null,null
2023-08-24T06:59:03Z,22.79,71.41,99,0,27.59,101.41,47.00,715.00,null,null,null
2023-08-24T07:00:03Z,22.78,71.41,99,0,28.11,101.40,51.00,735.00,9,9,9
2023-08-24T07:01:03Z,22.81,71.34,99,0,27.84,101.40,51.00,735.00,null,null,null
2023-08-24T07:02:03Z,22.85,71.31,99,0,27.28,101.40,52.00,744.00,null,null,null
2023-08-24T07:03:03Z,22.84,71.31,99,0,25.67,101.40,53.00,752.00,null,null,null
2023-08-24T07:04:03Z,22.84,71.52,99,0,28.04,101.39,54.00,759.00,null,null,null
2023-08-24T07:05:03Z,22.85,71.69,99,0,36.26,101.39,54.00,759.00,7,9,9
2023-08-24T07:06:03Z,22.87,71.57,99,0,38.98,101.41,54.00,759.00,null,null,null
2023-08-24T07:07:03Z,22.88,71.69,99,0,41.51,101.42,56.00,770.00,null,null,null
2023-08-24T07:08:03Z,22.88,71.60,99,0,31.78,101.42,54.00,759.00,null,null,null
2023-08-24T07:09:03Z,22.88,71.52,99,0,35.11,101.42,56.00,770.00,null,null,null
2023-08-24T07:10:03Z,22.88,71.66,99,0,40.20,101.42,57.00,778.00,7,8,8
2023-08-24T07:11:03Z,22.90,71.62,99,0,34.67,101.43,58.00,787.00,null,null,null
2023-08-24T07:12:03Z,22.92,71.56,99,0,43.85,101.43,58.00,787.00,null,null,null
2023-08-24T07:13:03Z,22.92,71.52,99,0,48.96,101.43,58.00,787.00,null,null,null
2023-08-24T07:14:03Z,22.92,71.29,99,0,48.80,101.42,54.00,759.00,null,null,null
2023-08-24T07:15:03Z,22.91,71.29,99,0,37.82,101.43,54.00,759.00,9,12,12
2023-08-24T07:16:03Z,22.92,71.38,99,0,37.09,101.43,54.00,759.00,null,null,null
2023-08-24T07:17:03Z,22.94,71.27,99,0,45.44,101.43,54.00,759.00,null,null,null
2023-08-24T07:18:03Z,22.94,71.06,99,0,47.99,101.43,51.00,735.00,null,null,null
2023-08-24T07:19:03Z,22.92,70.91,99,0,45.59,101.42,46.00,708.00,null,null,null
2023-08-24T07:20:03Z,22.90,71.11,99,0,47.68,101.43,43.00,686.00,9,12,18
2023-08-24T07:21:03Z,22.87,71.28,99,0,44.13,101.42,42.00,678.00,null,null,null
2023-08-24T07:22:03Z,22.91,71.28,99,0,37.07,101.42,39.00,659.00,null,null,null
2023-08-24T07:23:03Z,22.90,71.35,99,0,39.90,101.41,39.00,659.00,null,null,null
2023-08-24T07:24:03Z,22.85,71.32,99,0,52.01,101.41,38.00,653.00,null,null,null
2023-08-24T07:25:03Z,22.85,71.41,99,0,44.90,101.40,37.00,646.00,5,8,8
2023-08-24T07:26:03Z,22.84,71.45,99,0,48.40,101.40,37.00,646.00,null,null,null
2023-08-24T07:27:03Z,22.84,71.50,99,0,50.60,101.40,37.00,646.00,null,null,null
2023-08-24T07:28:03Z,22.85,71.64,99,0,38.53,101.40,38.00,653.00,null,null,null
2023-08-24T07:29:03Z,22.82,71.68,99,0,37.00,101.39,38.00,653.00,null,null,null
2023-08-24T07:30:03Z,22.82,71.75,99,0,35.45,101.38,41.00,671.00,5,5,5
2023-08-24T07:31:03Z,22.84,71.66,99,0,43.89,101.38,41.00,674.00,null,null,null
2023-08-24T07:32:03Z,22.85,71.62,99,0,29.77,101.38,45.00,700.00,null,null,null
2023-08-24T07:33:03Z,22.84,71.80,99,0,30.07,101.38,45.00,700.00,null,null,null
2023-08-24T07:34:03Z,22.84,71.72,99,0,30.81,101.38,45.00,697.00,null,null,null
2023-08-24T07:35:03Z,22.82,71.53,99,0,34.49,101.38,45.00,700.00,5,5,5
2023-08-24T07:36:03Z,22.85,71.49,99,0,27.42,101.38,46.00,708.00,null,null,null
2023-08-24T07:37:03Z,22.88,71.43,99,0,32.46,101.37,51.00,735.00,null,null,null
2023-08-24T07:38:03Z,22.85,71.34,99,0,27.34,101.37,53.00,752.00,null,null,null
2023-08-24T07:39:03Z,22.85,71.38,99,0,27.89,101.37,56.00,770.00,null,null,null
2023-08-24T07:40:03Z,22.87,71.38,99,0,28.17,101.36,58.00,787.00,4,7,13
2023-08-24T07:41:03Z,22.88,71.33,99,0,40.75,101.37,60.00,798.00,null,null,null
2023-08-24T07:42:03Z,22.91,71.20,99,0,27.51,101.36,63.00,815.00,null,null,null
2023-08-24T07:43:03Z,22.92,71.09,99,0,29.12,101.36,66.00,834.00,null,null,null
2023-08-24T07:44:03Z,22.91,71.12,99,0,28.04,101.36,66.00,834.00,null,null,null
2023-08-24T07:45:03Z,22.90,70.90,99,0,28.77,101.36,63.00,817.00,8,10,10
2023-08-24T07:46:03Z,22.94,70.90,99,0,30.38,101.37,61.00,806.00,null,null,null
2023-08-24T07:47:03Z,22.94,70.85,99,0,28.23,101.36,61.00,806.00,null,null,null
2023-08-24T07:48:03Z,22.92,70.86,99,0,33.00,101.36,63.00,817.00,null,null,null
2023-08-24T07:49:03Z,22.94,70.79,99,0,35.20,101.35,64.00,825.00,null,null,null
2023-08-24T07:50:03Z,22.92,70.83,99,0,32.79,101.35,66.00,834.00,2,3,3
2023-08-24T07:51:03Z,22.95,70.77,99,0,34.18,101.34,67.00,844.00,null,null,null
2023-08-24T07:52:03Z,22.96,70.66,99,0,34.21,101.34,67.00,844.00,null,null,null
2023-08-24T07:53:03Z,22.96,70.62,99,0,32.62,101.33,67.00,840.00,null,null,null
2023-08-24T07:54:03Z,22.99,70.59,99,0,36.58,101.33,64.00,825.00,null,null,null
2023-08-24T07:55:03Z,22.95,70.54,99,0,30.05,101.33,65.00,832.00,5,8,13
2023-08-24T07:56:03Z,22.99,70.52,99,0,30.13,101.32,64.00,825.00,null,null,null
2023-08-24T07:57:03Z,22.98,70.71,99,0,26.99,101.32,64.00,825.00,null,null,null
2023-08-24T07:58:03Z,23.01,70.91,99,0,28.28,101.33,61.00,804.00,null,null,null
2023-08-24T07:59:03Z,22.98,71.22,99,0,25.62,101.33,57.00,778.00,null,null,null
2023-08-24T08:00:03Z,22.99,71.26,99,0,28.92,101.34,54.00,761.00,3,3,3
2023-08-24T08:01:03Z,22.96,71.18,99,0,31.15,101.34,51.00,735.00,null,null,null
2023-08-24T08:02:03Z,22.99,71.03,99,0,29.54,101.34,49.00,728.00,null,null,null
2023-08-24T08:03:03Z,22.96,71.01,99,0,28.93,101.33,49.00,728.00,null,null,null
2023-08-24T08:04:03Z,22.99,71.01,99,0,34.36,101.32,50.00,733.00,null,null,null
2023-08-24T08:05:03Z,22.98,71.04,99,0,27.57,101.32,50.00,733.00,5,7,7
2023-08-24T08:06:03Z,22.98,71.29,99,0,27.57,101.32,49.00,728.00,null,null,null
2023-08-24T08:07:03Z,22.96,71.52,99,0,29.35,101.33,45.00,700.00,null,null,null
2023-08-24T08:08:03Z,22.96,71.19,99,0,40.45,101.33,43.00,686.00,null,null,null
2023-08-24T08:09:03Z,22.94,70.85,99,0,39.03,101.34,42.00,678.00,null,null,null
2023-08-24T08:10:03Z,22.91,70.80,99,0,29.08,101.34,37.00,646.00,4,4,4
2023-08-24T08:11:03Z,22.91,70.90,99,0,30.14,101.35,35.00,633.00,null,null,null
2023-08-24T08:12:03Z,22.91,70.89,99,0,33.59,101.34,33.00,623.00,null,null,null
2023-08-24T08:13:03Z,22.90,71.03,99,0,29.03,101.34,32.00,612.00,null,null,null
2023-08-24T08:14:03Z,22.88,71.15,99,0,37.26,101.34,30.00,603.00,null,null,null
2023-08-24T08:15:03Z,22.85,71.06,99,0,29.31,101.34,30.00,603.00,6,6,6
2023-08-24T08:16:03Z,22.85,71.24,99,0,29.32,101.34,30.00,603.00,null,null,null
2023-08-24T08:17:03Z,22.85,71.12,99,0,28.83,101.34,30.00,600.00,null,null,null
2023-08-24T08:18:03Z,22.84,71.17,99,0,31.02,101.34,30.00,600.00,null,null,null
2023-08-24T08:19:03Z,22.81,71.20,99,0,27.12,101.33,29.00,594.00,null,null,null
2023-08-24T08:20:03Z,22.82,71.08,99,0,39.14,101.33,29.00,594.00,9,9,9
2023-08-24T08:21:03Z,22.82,71.02,99,0,48.97,101.32,27.00,580.00,null,null,null
2023-08-24T08:22:03Z,22.81,71.02,99,0,40.19,101.31,26.00,574.00,null,null,null
2023-08-24T08:23:03Z,22.79,71.15,99,0,31.66,101.31,28.00,588.00,null,null,null
2023-08-24T08:24:03Z,22.75,71.21,99,0,38.40,101.30,28.00,588.00,null,null,null
2023-08-24T08:25:03Z,22.76,71.25,99,0,27.96,101.31,28.00,588.00,9,11,11
2023-08-24T08:26:03Z,22.76,71.36,99,2,30.92,101.30,29.00,594.00,null,null,null
2023-08-24T08:27:03Z,22.78,71.35,99,1,28.74,101.30,30.00,597.00,null,null,null
2023-08-24T08:28:03Z,22.76,71.33,99,1,48.92,101.30,30.00,603.00,null,null,null
2023-08-24T08:29:03Z,22.75,71.23,99,1,38.92,101.30,28.00,588.00,null,null,null
2023-08-24T08:30:03Z,22.72,71.27,99,1,28.84,101.29,29.00,594.00,5,6,11
2023-08-24T08:31:03Z,22.72,71.40,99,0,30.15,101.28,30.00,599.00,null,null,null
2023-08-24T08:32:03Z,22.74,71.50,99,0,34.67,101.28,31.00,605.00,null,null,null
2023-08-24T08:33:03Z,22.72,71.55,99,1,27.51,101.28,30.00,599.00,null,null,null
2023-08-24T08:34:03Z,22.70,71.60,99,1,34.11,101.28,31.00,605.00,null,null,null
2023-08-24T08:35:03Z,22.72,71.83,99,1,37.59,101.28,36.00,640.00,3,9,9
2023-08-24T08:36:03Z,22.72,71.80,99,1,29.58,101.28,37.00,646.00,null,null,null
2023-08-24T08:37:03Z,22.72,71.71,99,1,36.20,101.27,40.00,666.00,null,null,null
2023-08-24T08:38:03Z,22.75,71.77,99,1,45.53,101.27,42.00,682.00,null,null,null
2023-08-24T08:39:03Z,22.75,71.78,99,1,35.53,101.26,40.00,666.00,null,null,null
2023-08-24T08:40:03Z,22.72,71.85,99,1,35.29,101.26,39.00,656.00,5,11,11
2023-08-24T08:41:03Z,22.72,71.79,99,1,32.43,101.25,38.00,653.00,null,null,null
2023-08-24T08:42:03Z,22.74,71.74,99,1,42.75,101.24,41.00,671.00,null,null,null
2023-08-24T08:43:03Z,22.74,71.83,99,1,36.12,101.24,45.00,699.00,null,null,null
2023-08-24T08:44:03Z,22.76,71.72,99,1,68.75,101.24,50.00,730.00,null,null,null
2023-08-24T08:45:03Z,22.72,71.78,99,0,30.82,101.24,51.00,735.00,6,7,7
2023-08-24T08:46:03Z,22.74,71.70,99,1,37.75,101.24,56.00,770.00,null,null,null
2023-08-24T08:47:03Z,22.76,71.81,99,1,41.22,101.24,61.00,802.00,null,null,null
2023-08-24T08:48:03Z,22.79,71.85,99,2,33.24,101.24,59.00,793.00,null,null,null
2023-08-24T08:49:03Z,22.79,71.87,99,2,26.80,101.24,62.00,810.00,null,null,null
2023-08-24T08:50:03Z,22.81,71.83,99,2,29.25,101.25,63.00,819.00,7,8,8
2023-08-24T08:51:03Z,22.84,72.00,99,2,36.37,101.25,62.00,810.00,null,null,null
2023-08-24T08:52:03Z,22.87,72.00,99,2,31.88,101.25,61.00,804.00,null,null,null
2023-08-24T08:53:03Z,22.85,72.07,99,3,36.12,101.25,59.00,793.00,null,null,null
2023-08-24T08:54:03Z,22.87,72.09,99,2,26.50,101.25,58.00,783.00,null,null,null
2023-08-24T08:55:03Z,22.87,72.16,99,2,33.29,101.24,58.00,783.00,6,8,8
2023-08-24T08:56:03Z,22.87,72.10,99,2,40.21,101.24,56.00,774.00,null,null,null
2023-08-24T08:57:03Z,22.88,71.99,99,2,32.08,101.23,55.00,765.00,null,null,null
2023-08-24T08:58:03Z,22.87,71.70,99,2,37.94,101.23,58.00,783.00,null,null,null
2023-08-24T08:59:03Z,22.90,71.70,99,1,60.90,101.23,60.00,798.00,null,null,null
2023-08-24T09:00:03Z,22.91,71.67,99,1,37.08,101.22,62.00,808.00,2,3,3
2023-08-24T09:01:03Z,22.90,71.72,99,1,32.39,101.22,64.00,825.00,null,null,null
2023-08-24T09:02:03Z,22.94,71.92,99,1,32.16,101.22,63.00,815.00,null,null,null
2023-08-24T09:03:03Z,22.94,71.78,99,0,49.87,101.23,63.00,819.00,null,null,null
2023-08-24T09:04:03Z,22.96,72.11,99,0,36.46,101.24,62.00,810.00,null,null,null
2023-08-24T09:05:03Z,22.94,72.20,99,0,28.81,101.24,59.00,793.00,5,5,10
2023-08-24T09:06:03Z,22.96,72.27,99,0,40.66,101.25,56.00,774.00,null,null,null
2023-08-24T09:07:03Z,22.96,72.29,99,0,34.46,101.25,54.00,759.00,null,null,null
2023-08-24T09:08:03Z,22.96,72.13,99,0,29.51,101.26,50.00,733.00,null,null,null
2023-08-24T09:09:03Z,22.96,72.06,99,0,42.51,101.27,50.00,732.00,null,null,null
2023-08-24T09:10:03Z,22.92,72.05,99,0,36.85,101.28,47.00,712.00,8,16,22
2023-08-24T09:11:03Z,22.95,71.93,99,1,46.94,101.29,45.00,697.00,null,null,null
2023-08-24T09:12:03Z,22.95,72.05,99,1,35.75,101.29,43.00,688.00,null,null,null
2023-08-24T09:13:03Z,22.94,71.76,99,1,39.20,101.31,41.00,674.00,null,null,null
2023-08-24T09:14:03Z,22.92,71.74,99,1,28.57,101.32,38.00,650.00,null,null,null
2023-08-24T09:15:03Z,22.91,71.82,99,1,57.28,101.33,35.00,631.00,5,8,8
2023-08-24T09:16:03Z,22.91,71.97,99,1,31.32,101.34,32.00,615.00,null,null,null
2023-08-24T09:17:03Z,22.91,72.06,99,2,40.87,101.33,32.00,615.00,null,null,null
2023-08-24T09:18:03Z,22.91,72.29,99,2,43.64,101.33,34.00,627.00,null,null,null
2023-08-24T09:19:03Z,22.91,72.33,99,2,37.10,101.33,35.00,631.00,null,null,null
2023-08-24T09:20:03Z,22.88,72.42,99,3,50.17,101.34,36.00,638.00,9,9,9
2023-08-24T09:21:03Z,22.92,72.54,99,2,29.32,101.34,39.00,659.00,null,null,null
2023-08-24T09:22:03Z,22.90,72.30,99,2,55.39,101.35,37.00,645.00,null,null,null
2023-08-24T09:23:03Z,22.91,72.07,99,2,46.48,101.35,36.00,638.00,null,null,null
2023-08-24T09:24:03Z,22.91,72.31,99,2,33.83,101.35,37.00,643.00,null,null,null
2023-08-24T09:25:03Z,22.91,72.57,99,2,33.20,101.34,38.00,650.00,7,14,14
2023-08-24T09:26:03Z,22.92,72.67,99,1,47.18,101.34,40.00,668.00,null,null,null
2023-08-24T09:27:03Z,22.94,72.36,99,2,48.18,101.34,42.00,682.00,null,null,null
2023-08-24T09:28:03Z,22.95,72.20,99,2,34.04,101.33,45.00,699.00,null,null,null
2023-08-24T09:29:03Z,22.92,72.47,99,2,46.13,101.33,53.00,748.00,null,null,null
2023-08-24T09:30:03Z,22.92,72.89,99,2,32.66,101.33,54.00,759.00,6,16,16
2023-08-24T09:31:03Z,22.95,72.56,99,2,36.40,101.33,54.00,761.00,null,null,null
2023-08-24T09:32:03Z,22.96,72.56,99,3,32.99,101.33,58.00,785.00,null,null,null
2023-08-24T09:33:03Z,22.94,72.43,99,3,36.11,101.32,60.00,798.00,null,null,null
2023-08-24T09:34:03Z,22.98,72.38,99,3,46.27,101.32,60.00,798.00,null,null,null
2023-08-24T09:35:03Z,22.98,72.42,99,3,34.51,101.31,60.00,798.00,6,7,7
2023-08-24T09:36:03Z,23.01,72.41,99,2,37.25,101.30,60.00,798.00,null,null,null
2023-08-24T09:37:03Z,23.01,72.36,99,2,35.21,101.30,58.00,785.00,null,null,null
2023-08-24T09:38:03Z,23.02,72.35,99,2,31.54,101.30,58.00,785.00,null,null,null
2023-08-24T09:39:03Z,23.01,72.44,99,3,36.81,101.29,58.00,785.00,null,null,null
2023-08-24T09:40:03Z,22.99,72.44,99,3,32.60,101.28,58.00,785.00,11,13,13
2023-08-24T09:41:03Z,23.03,72.48,99,3,31.55,101.28,57.00,776.00,null,null,null
2023-08-24T09:42:03Z,23.03,72.48,99,4,32.55,101.28,58.00,785.00,null,null,null
2023-08-24T09:43:03Z,23.05,72.55,99,4,41.60,101.27,57.00,776.00,null,null,null
2023-08-24T09:44:03Z,23.03,72.47,99,4,38.12,101.28,57.00,776.00,null,null,null
2023-08-24T09:45:03Z,23.05,72.44,99,5,42.76,101.28,57.00,776.00,5,7,7
2023-08-24T09:46:03Z,23.06,72.46,99,6,46.61,101.28,60.00,798.00,null,null,null
2023-08-24T09:47:03Z,23.06,72.51,99,6,34.25,101.29,61.00,804.00,null,null,null
2023-08-24T09:48:03Z,23.06,72.53,99,6,36.10,101.28,62.00,813.00,null,null,null
2023-08-24T09:49:03Z,23.05,72.49,99,6,37.81,101.28,62.00,813.00,null,null,null
2023-08-24T09:50:03Z,23.06,72.47,99,6,48.95,101.27,62.00,813.00,6,11,11
2023-08-24T09:51:03Z,23.09,72.75,99,6,42.86,101.27,64.00,821.00,null,null,null
2023-08-24T09:52:03Z,23.08,72.56,99,6,50.57,101.27,65.00,827.00,null,null,null
2023-08-24T09:53:03Z,23.09,72.57,99,4,40.80,101.28,68.00,851.00,null,null,null
2023-08-24T09:54:03Z,23.06,72.64,99,4,39.11,101.27,68.00,851.00,null,null,null
2023-08-24T09:55:03Z,23.08,72.73,99,4,41.61,101.27,70.00,863.00,7,15,20
2023-08-24T09:56:03Z,23.11,72.65,99,5,43.34,101.26,67.00,840.00,null,null,null
2023-08-24T09:57:03Z,23.11,72.62,99,2,54.59,101.26,72.00,874.00,null,null,null
2023-08-24T09:58:03Z,23.11,72.63,99,3,32.42,101.26,72.00,874.00,null,null,null
2023-08-24T09:59:03Z,23.08,72.70,99,4,45.71,101.25,75.00,895.00,null,null,null
2023-08-24T10:00:03Z,23.12,72.88,99,5,44.97,101.25,76.00,905.00,10,11,11
2023-08-24T10:01:03Z,23.12,72.86,99,5,40.37,101.25,72.00,877.00,null,null,null
2023-08-24T10:02:03Z,23.12,72.68,99,6,44.07,101.25,88.00,981.00,null,null,null
2023-08-24T10:03:03Z,23.12,72.60,99,6,40.68,101.25,89.00,990.00,null,null,null
2023-08-24T10:04:03Z,23.12,72.57,99,6,41.67,101.25,93.00,1012.00,null,null,null
2023-08-24T10:05:03Z,23.13,72.53,99,6,43.52,101.25,87.00,977.00,9,10,10
2023-08-24T10:06:03Z,23.15,72.38,99,6,52.78,101.25,86.00,967.00,null,null,null
2023-08-24T10:07:03Z,23.16,71.63,99,6,33.46,101.24,84.00,956.00,null,null,null
2023-08-24T10:08:03Z,23.15,70.77,99,6,35.31,101.24,77.00,907.00,null,null,null
2023-08-24T10:09:03Z,23.12,70.80,99,6,48.00,101.24,69.00,855.00,null,null,null
2023-08-24T10:10:03Z,23.15,70.95,99,6,32.48,101.24,61.00,806.00,2,6,6
2023-08-24T10:11:03Z,23.13,71.28,99,8,37.33,101.24,56.00,768.00,null,null,null
2023-08-24T10:12:03Z,23.15,71.55,99,6,38.89,101.25,56.00,770.00,null,null,null
2023-08-24T10:13:03Z,23.12,71.68,99,6,32.80,101.25,58.00,787.00,null,null,null
2023-08-24T10:14:03Z,23.13,71.67,99,7,35.77,101.24,60.00,798.00,null,null,null
2023-08-24T10:15:03Z,23.12,71.77,99,8,38.01,101.24,63.00,815.00,4,4,4
2023-08-24T10:16:03Z,23.15,71.71,99,7,33.82,101.24,63.00,819.00,null,null,null
2023-08-24T10:17:03Z,23.16,71.73,99,8,39.15,101.24,69.00,853.00,null,null,null
2023-08-24T10:18:03Z,23.16,71.75,99,8,32.47,101.25,69.00,853.00,null,null,null
2023-08-24T10:19:03Z,23.13,71.93,99,8,33.72,101.25,69.00,857.00,null,null,null
2023-08-24T10:20:03Z,23.13,71.95,99,8,28.58,101.25,73.00,882.00,5,5,5
2023-08-24T10:21:03Z,23.15,71.94,99,6,30.63,101.26,73.00,882.00,null,null,null
2023-08-24T10:22:03Z,23.16,71.93,99,6,28.95,101.26,74.00,891.00,null,null,null
2023-08-24T10:23:03Z,23.18,71.84,99,6,27.12,101.27,74.00,891.00,null,null,null
2023-08-24T10:24:03Z,23.19,71.63,99,5,31.79,101.27,74.00,891.00,null,null,null
2023-08-24T10:25:03Z,23.13,71.73,99,4,24.72,101.26,72.00,874.00,8,12,12
2023-08-24T10:26:03Z,23.19,71.72,99,5,54.85,101.26,70.00,865.00,null,null,null
2023-08-24T10:27:03Z,23.21,71.39,99,4,32.06,101.26,72.00,874.00,null,null,null
2023-08-24T10:28:03Z,23.18,70.30,99,3,45.96,101.26,69.00,853.00,null,null,null
2023-08-24T10:29:03Z,23.16,70.32,99,3,26.62,101.27,61.00,804.00,null,null,null
2023-08-24T10:30:03Z,23.15,70.42,99,3,33.07,101.27,50.00,733.00,1,1,1
2023-08-24T10:31:03Z,23.16,70.34,99,3,28.51,101.27,44.00,692.00,null,null,null
2023-08-24T10:32:03Z,23.18,70.17,99,3,32.19,101.27,40.00,668.00,null,null,null
2023-08-24T10:33:03Z,23.16,70.31,99,3,34.15,101.27,37.00,643.00,null,null,null
2023-08-24T10:34:03Z,23.13,70.47,99,3,29.00,101.28,35.00,631.00,null,null,null
2023-08-24T10:35:03Z,23.12,70.52,99,3,30.65,101.28,35.00,631.00,7,7,7
2023-08-24T10:36:03Z,23.15,70.63,99,3,34.30,101.28,33.00,617.00,null,null,null
2023-08-24T10:37:03Z,23.18,70.69,99,4,26.73,101.28,34.00,627.00,null,null,null
2023-08-24T10:38:03Z,23.16,70.59,99,5,27.40,101.28,35.00,631.00,null,null,null
2023-08-24T10:39:03Z,23.15,70.84,99,7,30.70,101.29,33.00,617.00,null,null,null
2023-08-24T10:40:03Z,23.13,70.97,99,7,30.97,101.29,34.00,626.00,10,19,25
2023-08-24T10:41:03Z,23.18,71.05,99,6,32.16,101.28,38.00,653.00,null,null,null
2023-08-24T10:42:03Z,23.15,70.26,99,7,32.46,101.28,40.00,668.00,null,null,null
2023-08-24T10:43:03Z,23.18,70.32,99,6,45.24,101.28,40.00,668.00,null,null,null
2023-08-24T10:44:03Z,23.18,70.62,99,6,37.53,101.28,36.00,638.00,null,null,null
2023-08-24T10:45:03Z,23.13,70.64,99,6,30.47,101.28,35.00,631.00,6,10,10
2023-08-24T10:46:03Z,23.13,70.63,99,6,40.13,101.28,34.00,627.00,null,null,null
2023-08-24T10:47:03Z,23.16,70.44,99,6,34.35,101.28,34.00,627.00,null,null,null
2023-08-24T10:48:03Z,23.15,70.60,99,6,36.10,101.28,31.00,605.00,null,null,null
2023-08-24T10:49:03Z,23.15,70.93,99,6,34.59,101.28,31.00,605.00,null,null,null
2023-08-24T10:50:03Z,23.15,70.29,99,6,25.79,101.28,33.00,623.00,10,15,15
2023-08-24T10:51:03Z,23.16,69.70,99,6,31.02,101.28,31.00,605.00,null,null,null
2023-08-24T10:52:03Z,23.15,69.85,99,6,27.36,101.28,28.00,589.00,null,null,null
2023-08-24T10:53:03Z,23.15,69.93,99,6,30.27,101.28,26.00,572.00,null,null,null
2023-08-24T10:54:03Z,23.13,70.10,99,5,29.65,101.27,23.00,552.00,null,null,null
2023-08-24T10:55:03Z,23.16,69.95,99,6,33.26,101.27,23.00,552.00,10,10,10
2023-08-24T10:56:03Z,23.18,70.23,99,5,29.87,101.26,22.00,548.00,null,null,null
2023-08-24T10:57:03Z,23.15,69.90,99,5,28.84,101.26,24.00,560.00,null,null,null
2023-08-24T10:58:03Z,23.16,69.60,99,5,37.75,101.25,25.00,566.00,null,null,null
2023-08-24T10:59:03Z,23.16,68.57,99,5,30.77,101.25,25.00,565.00,null,null,null
2023-08-24T11:00:03Z,23.12,68.84,99,5,36.47,101.25,19.00,531.00,11,15,15
2023-08-24T11:01:03Z,23.12,68.20,99,3,31.41,101.26,16.00,508.00,null,null,null
2023-08-24T11:02:03Z,23.15,66.98,99,5,43.72,101.25,15.00,501.00,null,null,null
2023-08-24T11:03:03Z,23.13,67.42,99,4,39.50,101.25,10.00,472.00,null,null,null
2023-08-24T11:04:03Z,23.12,67.24,99,4,29.13,101.25,8.00,457.00,null,null,null
2023-08-24T11:05:03Z,23.08,67.85,99,5,30.51,101.25,9.00,465.00,9,15,15
2023-08-24T11:06:03Z,23.11,67.89,99,5,33.37,101.26,7.00,448.00,null,null,null
2023-08-24T11:07:03Z,23.11,67.52,99,4,30.01,101.26,7.00,452.00,null,null,null
2023-08-24T11:08:03Z,23.11,68.16,99,4,31.53,101.26,8.00,457.00,null,null,null
2023-08-24T11:09:03Z,23.08,67.76,99,4,30.70,101.26,7.00,452.00,null,null,null
2023-08-24T11:10:03Z,23.06,67.50,99,4,34.68,101.26,7.00,448.00,5,5,5
2023-08-24T11:11:03Z,23.06,67.48,99,5,26.80,101.26,6.00,442.00,null,null,null
2023-08-24T11:12:03Z,23.09,67.41,99,6,29.50,101.26,6.00,444.00,null,null,null
2023-08-24T11:13:03Z,23.09,68.43,99,6,27.85,101.26,6.00,442.00,null,null,null
2023-08-24T11:14:03Z,23.12,67.71,99,6,24.54,101.26,8.00,457.00,null,null,null
2023-08-24T11:15:03Z,23.09,67.52,99,6,30.70,101.25,12.00,483.00,8,11,11
2023-08-24T11:16:03Z,23.13,66.99,99,5,28.31,101.26,9.00,462.00,null,null,null
2023-08-24T11:17:03Z,23.12,67.75,99,5,31.43,101.26,7.00,447.00,null,null,null
2023-08-24T11:18:03Z,23.11,67.27,99,6,39.24,101.26,8.00,457.00,null,null,null
2023-08-24T11:19:03Z,23.09,67.34,99,6,31.92,101.26,11.00,475.00,null,null,null
2023-08-24T11:20:03Z,23.09,66.95,99,5,33.73,101.26,8.00,457.00,4,4,4
2023-08-24T11:21:03Z,23.12,67.39,99,5,28.22,101.27,6.00,441.00,null,null,null
2023-08-24T11:22:03Z,23.12,68.03,99,5,26.99,101.27,6.00,442.00,null,null,null
2023-08-24T11:23:03Z,23.12,67.55,99,3,55.17,101.26,9.00,461.00,null,null,null
2023-08-24T11:24:03Z,23.12,68.04,99,5,29.13,101.27,9.00,465.00,null,null,null
2023-08-24T11:25:03Z,23.11,67.59,99,5,40.34,101.26,13.00,486.00,3,3,3
2023-08-24T11:26:03Z,23.11,67.58,99,4,45.12,101.26,13.00,486.00,null,null,null
2023-08-24T11:27:03Z,23.12,67.65,99,4,30.80,101.26,14.00,492.00,null,null,null
2023-08-24T11:28:03Z,23.13,67.62,99,4,43.06,101.26,14.00,497.00,null,null,null
2023-08-24T11:29:03Z,23.12,66.55,99,5,30.99,101.25,14.00,497.00,null,null,null
2023-08-24T11:30:03Z,23.15,66.80,99,4,37.46,101.25,11.00,476.00,5,5,5
2023-08-24T11:31:03Z,23.16,67.35,99,5,30.98,101.25,3.00,422.00,null,null,null
2023-08-24T11:32:03Z,23.16,66.75,99,6,31.88,101.25,3.00,426.00,null,null,null
2023-08-24T11:33:03Z,23.18,67.26,99,6,24.93,101.26,3.00,425.00,null,null,null
2023-08-24T11:34:03Z,23.18,66.85,99,6,35.85,101.25,3.00,422.00,null,null,null
2023-08-24T11:35:03Z,23.13,66.98,99,4,37.53,101.25,5.00,436.00,6,8,8
2023-08-24T11:36:03Z,23.16,67.06,99,6,32.39,101.25,7.00,447.00,null,null,null
2023-08-24T11:37:03Z,23.19,66.32,99,5,56.05,101.25,10.00,472.00,null,null,null
2023-08-24T11:38:03Z,23.18,67.00,99,5,36.30,101.24,11.00,476.00,null,null,null
2023-08-24T11:39:03Z,23.19,67.30,99,5,30.60,101.24,11.00,478.00,null,null,null
2023-08-24T11:40:03Z,23.18,66.16,99,5,31.15,101.23,14.00,492.00,8,9,9
2023-08-24T11:41:03Z,23.21,67.01,99,4,32.42,101.23,14.00,492.00,null,null,null
2023-08-24T11:42:03Z,23.25,66.96,99,4,35.13,101.23,13.00,487.00,null,null,null
2023-08-24T11:43:03Z,23.23,67.00,99,4,31.04,101.23,11.00,477.00,null,null,null
2023-08-24T11:44:03Z,23.22,67.31,99,3,41.02,101.23,20.00,537.00,null,null,null
2023-08-24T11:45:03Z,23.22,66.15,99,4,32.79,101.23,23.00,553.00,6,6,6
2023-08-24T11:46:03Z,23.25,67.32,99,5,38.05,101.23,22.00,548.00,null,null,null
2023-08-24T11:47:03Z,23.27,65.95,99,4,39.93,101.23,13.00,491.00,null,null,null
2023-08-24T11:48:03Z,23.27,66.18,99,5,40.27,101.22,14.00,492.00,null,null,null
2023-08-24T11:49:03Z,23.27,65.76,99,5,43.16,101.22,14.00,496.00,null,null,null
2023-08-24T11:50:03Z,23.25,65.13,99,5,31.01,101.21,14.00,496.00,6,6,6
2023-08-24T11:51:03Z,23.27,64.54,99,5,28.01,101.21,13.00,488.00,null,null,null
2023-08-24T11:52:03Z,23.27,65.18,99,5,27.97,101.21,9.00,461.00,null,null,null
2023-08-24T11:53:03Z,23.32,65.26,99,5,30.52,101.21,7.00,450.00,null,null,null
2023-08-24T11:54:03Z,23.29,64.49,99,5,28.81,101.21,6.00,443.00,null,null,null
2023-08-24T11:55:03Z,23.27,64.85,99,5,30.34,101.21,7.00,446.00,1,1,1
2023-08-24T11:56:03Z,23.29,65.26,99,4,29.64,101.21,4.00,432.00,null,null,null
2023-08-24T11:57:03Z,23.30,64.57,99,4,28.06,101.20,6.00,443.00,null,null,null
2023-08-24T11:58:03Z,23.30,64.64,99,4,31.84,101.20,7.00,446.00,null,null,null
2023-08-24T11:59:03Z,23.30,63.90,99,4,28.51,101.19,5.00,433.00,null,null,null
2023-08-24T12:00:03Z,23.29,64.09,99,4,29.89,101.19,5.00,433.00,5,5,5
2023-08-24T12:01:03Z,23.30,63.83,99,5,27.68,101.19,0.00,401.00,null,null,null
2023-08-24T12:02:03Z,23.30,64.63,99,5,27.10,101.19,0.00,400.00,null,null,null
2023-08-24T12:03:03Z,23.32,63.67,99,5,25.67,101.19,1.00,409.00,null,null,null
2023-08-24T12:04:03Z,23.30,63.61,99,5,40.60,101.19,3.00,426.00,null,null,null
2023-08-24T12:05:03Z,23.30,64.04,99,5,30.99,101.19,0.00,400.00,6,15,20
2023-08-24T12:06:03Z,23.34,64.35,99,5,26.80,101.19,0.00,400.00,null,null,null
2023-08-24T12:07:03Z,23.34,63.40,99,5,34.43,101.19,0.00,400.00,null,null,null
2023-08-24T12:08:03Z,23.30,64.34,99,5,33.41,101.19,0.00,400.00,null,null,null
2023-08-24T12:09:03Z,23.30,63.27,99,6,28.87,101.19,0.00,402.00,null,null,null
2023-08-24T12:10:03Z,23.29,63.95,99,6,46.63,101.18,0.00,400.00,3,4,4
2023-08-24T12:11:03Z,23.34,64.93,99,6,28.22,101.18,0.00,400.00,null,null,null
2023-08-24T12:12:03Z,23.33,64.98,99,6,29.61,101.19,5.00,435.00,null,null,null
2023-08-24T12:13:03Z,23.32,64.02,99,6,31.70,101.18,9.00,465.00,null,null,null
2023-08-24T12:14:03Z,23.32,62.99,99,6,29.89,101.18,7.00,450.00,null,null,null
2023-08-24T12:15:03Z,23.29,64.01,99,6,30.73,101.18,2.00,417.00,6,7,7
2023-08-24T12:16:03Z,23.32,63.77,99,6,28.76,101.18,0.00,405.00,null,null,null
2023-08-24T12:17:03Z,23.34,64.28,99,6,31.23,101.18,2.00,418.00,null,null,null
2023-08-24T12:18:03Z,23.34,64.03,99,7,33.81,101.18,3.00,424.00,null,null,null
2023-08-24T12:19:03Z,23.33,63.50,99,7,31.55,101.19,6.00,445.00,null,null,null
2023-08-24T12:20:03Z,23.32,63.46,99,7,27.84,101.19,0.00,403.00,6,7,7
2023-08-24T12:21:03Z,23.32,64.22,99,7,30.67,101.18,0.00,400.00,null,null,null
2023-08-24T12:22:03Z,23.33,64.67,99,7,30.43,101.18,2.00,416.00,null,null,null
2023-08-24T12:23:03Z,23.33,65.12,99,6,26.82,101.18,9.00,460.00,null,null,null
2023-08-24T12:24:03Z,23.34,64.99,99,6,36.25,101.19,24.00,561.00,null,null,null
2023-08-24T12:25:03Z,23.32,64.49,99,6,29.51,101.19,39.00,656.00,12,13,13
2023-08-24T12:26:03Z,23.33,63.90,99,7,29.33,101.19,33.00,620.00,null,null,null
2023-08-24T12:27:03Z,23.34,64.27,99,7,33.31,101.18,22.00,549.00,null,null,null
2023-08-24T12:28:03Z,23.32,63.86,99,8,29.23,101.18,21.00,542.00,null,null,null
2023-08-24T12:29:03Z,23.33,64.59,99,9,30.35,101.18,19.00,527.00,null,null,null
2023-08-24T12:30:03Z,23.32,63.97,99,7,28.77,101.19,19.00,529.00,8,8,8
2023-08-24T12:31:03Z,23.33,64.49,99,7,29.20,101.18,13.00,491.00,null,null,null
2023-08-24T12:32:03Z,23.33,64.63,99,6,39.97,101.19,15.00,502.00,null,null,null
2023-08-24T12:33:03Z,23.36,64.77,99,7,30.59,101.19,20.00,536.00,null,null,null
2023-08-24T12:34:03Z,23.33,65.26,99,7,33.00,101.19,22.00,546.00,null,null,null
2023-08-24T12:35:03Z,23.33,64.77,99,7,28.33,101.18,29.00,594.00,10,10,10
2023-08-24T12:36:03Z,23.36,64.99,99,7,33.12,101.18,27.00,580.00,null,null,null
2023-08-24T12:37:03Z,23.36,64.92,99,7,33.84,101.18,41.00,674.00,null,null,null
2023-08-24T12:38:03Z,23.36,64.43,99,7,32.05,101.17,41.00,674.00,null,null,null
2023-08-24T12:39:03Z,23.33,64.33,99,7,34.58,101.17,32.00,614.00,null,null,null
2023-08-24T12:40:03Z,23.33,64.51,99,7,27.24,101.17,20.00,536.00,8,10,10
2023-08-24T12:41:03Z,23.34,64.83,99,6,27.34,101.17,14.00,497.00,null,null,null
2023-08-24T12:42:03Z,23.34,65.00,99,7,48.33,101.17,17.00,518.00,null,null,null
2023-08-24T12:43:03Z,23.34,64.90,99,7,34.53,101.16,24.00,561.00,null,null,null
2023-08-24T12:44:03Z,23.36,64.88,99,7,31.09,101.16,25.00,566.00,null,null,null
2023-08-24T12:45:03Z,23.34,64.63,99,7,29.76,101.17,26.00,572.00,9,12,12
2023-08-24T12:46:03Z,23.34,64.57,99,7,33.57,101.16,22.00,546.00,null,null,null
2023-08-24T12:47:03Z,23.33,64.69,99,6,28.58,101.16,20.00,536.00,null,null,null
2023-08-24T12:48:03Z,23.37,64.38,99,7,30.38,101.16,17.00,518.00,null,null,null
2023-08-24T12:49:03Z,23.34,64.66,99,7,30.36,101.16,14.00,497.00,null,null,null
2023-08-24T12:50:03Z,23.34,64.74,99,7,28.61,101.16,14.00,497.00,9,11,11
2023-08-24T12:51:03Z,23.37,64.81,99,7,39.29,101.15,14.00,497.00,null,null,null
2023-08-24T12:52:03Z,23.39,64.82,99,7,32.17,101.15,15.00,502.00,null,null,null
2023-08-24T12:53:03Z,23.37,64.31,99,7,28.78,101.15,17.00,518.00,null,null,null
2023-08-24T12:54:03Z,23.34,64.49,99,6,27.16,101.16,10.00,472.00,null,null,null
2023-08-24T12:55:03Z,23.33,64.64,99,6,29.30,101.16,8.00,455.00,4,7,7
2023-08-24T12:56:03Z,23.36,64.52,99,6,29.78,101.15,10.00,472.00,null,null,null
2023-08-24T12:57:03Z,23.39,64.57,99,6,31.56,101.16,11.00,477.00,null,null,null
2023-08-24T12:58:03Z,23.37,64.69,99,6,29.23,101.15,10.00,472.00,null,null,null
2023-08-24T12:59:03Z,23.34,64.36,99,6,27.90,101.15,10.00,472.00,null,null,null
2023-08-24T13:00:03Z,23.34,64.37,99,6,32.51,101.16,7.00,447.00,4,4,4
2023-08-24T13:01:03Z,23.36,64.37,99,6,32.22,101.15,4.00,427.00,null,null,null
2023-08-24T13:02:03Z,23.39,64.49,99,6,33.75,101.15,3.00,423.00,null,null,null
2023-08-24T13:03:03Z,23.34,64.35,99,6,30.10,101.15,5.00,434.00,null,null,null
2023-08-24T13:04:03Z,23.33,64.06,99,6,38.01,101.15,5.00,434.00,null,null,null
2023-08-24T13:05:03Z,23.36,64.53,99,5,44.86,101.15,0.00,403.00,10,11,11
2023-08-24T13:06:03Z,23.37,65.16,99,4,37.18,101.15,2.00,414.00,null,null,null
2023-08-24T13:07:03Z,23.37,65.26,99,5,41.92,101.14,8.00,455.00,null,null,null
2023-08-24T13:08:03Z,23.36,65.54,99,6,43.83,101.15,13.00,487.00,null,null,null
2023-08-24T13:09:03Z,23.36,65.88,99,6,36.68,101.14,19.00,531.00,null,null,null
2023-08-24T13:10:03Z,23.36,65.85,99,6,41.22,101.14,28.00,589.00,4,4,4
2023-08-24T13:11:03Z,23.36,66.34,99,8,36.16,101.14,30.00,602.00,null,null,null
2023-08-24T13:12:03Z,23.36,65.43,99,8,47.70,101.14,32.00,614.00,null,null,null
2023-08-24T13:13:03Z,23.39,65.68,99,8,37.51,101.14,32.00,615.00,null,null,null
2023-08-24T13:14:03Z,23.37,65.74,99,7,42.34,101.14,31.00,607.00,null,null,null
2023-08-24T13:15:03Z,23.37,65.83,99,7,40.61,101.12,29.00,594.00,2,3,9
2023-08-24T13:16:03Z,23.37,65.84,99,6,48.24,101.12,26.00,577.00,null,null,null
2023-08-24T13:17:03Z,23.40,66.23,99,4,53.50,101.12,23.00,555.00,null,null,null
2023-08-24T13:18:03Z,23.40,66.42,99,5,43.05,101.12,30.00,602.00,null,null,null
2023-08-24T13:19:03Z,23.39,66.61,99,5,40.09,101.12,37.00,646.00,null,null,null
2023-08-24T13:20:03Z,23.39,66.65,99,5,48.64,101.12,44.00,694.00,9,15,15
2023-08-24T13:21:03Z,23.40,66.78,99,5,49.51,101.11,51.00,737.00,null,null,null
2023-08-24T13:22:03Z,23.40,66.77,99,5,39.75,101.11,53.00,749.00,null,null,null
2023-08-24T13:23:03Z,23.40,67.02,99,5,48.07,101.11,59.00,791.00,null,null,null
2023-08-24T13:24:03Z,23.40,67.32,99,5,64.10,101.11,65.00,830.00,null,null,null
2023-08-24T13:25:03Z,23.43,67.49,99,6,35.41,101.12,71.00,872.00,16,37,37
2023-08-24T13:26:03Z,23.43,67.59,99,5,41.96,101.12,76.00,905.00,null,null,null
2023-08-24T13:27:03Z,23.45,67.96,99,6,41.57,101.12,80.00,930.00,null,null,null
2023-08-24T13:28:03Z,23.45,68.18,99,9,44.12,101.12,85.00,959.00,null,null,null
2023-08-24T13:29:03Z,23.43,68.65,99,8,43.04,101.11,88.00,981.00,null,null,null
2023-08-24T13:30:03Z,23.45,68.72,99,8,40.09,101.11,85.00,961.00,18,23,23
2023-08-24T13:31:03Z,23.45,68.89,99,8,43.70,101.11,87.00,972.00,null,null,null
2023-08-24T13:32:03Z,23.47,68.86,99,9,29.62,101.11,90.00,992.00,null,null,null
2023-08-24T13:33:03Z,23.47,68.85,99,9,28.23,101.11,93.00,1014.00,null,null,null
2023-08-24T13:34:03Z,23.45,69.06,99,8,50.32,101.11,93.00,1014.00,null,null,null
2023-08-24T13:35:03Z,23.46,68.98,99,7,36.83,101.11,96.00,1035.00,12,16,16
2023-08-24T13:36:03Z,23.46,69.38,99,6,41.56,101.11,96.00,1035.00,null,null,null
2023-08-24T13:37:03Z,23.49,69.41,99,7,41.14,101.11,99.00,1053.00,null,null,null
2023-08-24T13:38:03Z,23.49,67.46,99,6,27.51,101.11,99.00,1053.00,null,null,null
2023-08-24T13:39:03Z,23.46,68.93,99,7,57.24,101.11,90.00,992.00,null,null,null
2023-08-24T13:40:03Z,23.49,68.84,99,7,34.81,101.10,79.00,925.00,10,18,18
2023-08-24T13:41:03Z,23.49,69.06,99,6,60.67,101.10,84.00,954.00,null,null,null
2023-08-24T13:42:03Z,23.51,69.07,99,6,33.70,101.10,90.00,992.00,null,null,null
2023-08-24T13:43:03Z,23.49,69.15,99,7,31.76,101.09,93.00,1014.00,null,null,null
2023-08-24T13:44:03Z,23.50,69.39,99,7,40.11,101.09,98.00,1047.00,null,null,null
2023-08-24T13:45:03Z,23.49,69.53,99,6,32.99,101.09,101.00,1065.00,12,18,18
2023-08-24T13:46:03Z,23.51,68.60,99,7,26.00,101.09,104.00,1083.00,null,null,null
2023-08-24T13:47:03Z,23.50,69.29,99,3,35.45,101.09,99.00,1056.00,null,null,null
2023-08-24T13:48:03Z,23.50,69.01,99,3,32.10,101.09,94.00,1019.00,null,null,null
2023-08-24T13:49:03Z,23.49,68.56,99,3,32.85,101.08,98.00,1047.00,null,null,null
2023-08-24T13:50:03Z,23.49,68.55,99,3,28.23,101.09,93.00,1012.00,10,16,16
2023-08-24T13:51:03Z,23.51,69.00,99,3,33.93,101.09,93.00,1012.00,null,null,null
2023-08-24T13:52:03Z,23.53,69.06,99,3,28.68,101.10,92.00,1004.00,null,null,null
2023-08-24T13:53:03Z,23.53,68.17,99,3,29.71,101.10,96.00,1035.00,null,null,null
2023-08-24T13:54:03Z,23.53,68.77,99,3,28.28,101.10,97.00,1038.00,null,null,null
2023-08-24T13:55:03Z,23.50,68.87,99,2,29.84,101.10,96.00,1035.00,13,17,23
2023-08-24T13:56:03Z,23.51,69.09,99,2,29.03,101.09,96.00,1035.00,null,null,null
2023-08-24T13:57:03Z,23.51,69.14,99,2,33.38,101.09,100.00,1062.00,null,null,null
2023-08-24T13:58:03Z,23.51,69.05,99,3,29.87,101.09,102.00,1074.00,null,null,null
2023-08-24T13:59:03Z,23.50,68.11,99,2,28.67,101.09,98.00,1047.00,null,null,null
2023-08-24T14:00:03Z,23.46,68.35,99,2,27.20,101.10,92.00,1009.00,11,17,17
2023-08-24T14:01:03Z,23.50,67.66,99,2,31.79,101.11,88.00,983.00,null,null,null
2023-08-24T14:02:03Z,23.47,65.75,99,2,33.14,101.11,80.00,930.00,null,null,null
2023-08-24T14:03:03Z,23.49,66.27,99,2,32.66,101.10,71.00,868.00,null,null,null
2023-08-24T14:04:03Z,23.49,67.10,99,2,29.95,101.09,65.00,827.00,null,null,null
2023-08-24T14:05:03Z,23.47,67.12,99,3,29.89,101.09,65.00,830.00,14,15,15
2023-08-24T14:06:03Z,23.47,66.13,99,3,31.11,101.10,63.00,819.00,null,null,null
2023-08-24T14:07:03Z,23.47,66.28,99,2,30.70,101.10,56.00,774.00,null,null,null
2023-08-24T14:08:03Z,23.47,66.78,99,3,34.50,101.09,50.00,730.00,null,null,null
2023-08-24T14:09:03Z,23.46,66.19,99,3,35.26,101.08,53.00,749.00,null,null,null
2023-08-24T14:10:03Z,23.45,66.13,99,4,31.35,101.06,50.00,730.00,6,20,20
2023-08-24T14:11:03Z,23.46,66.05,99,4,29.88,101.07,43.00,686.00,null,null,null
2023-08-24T14:12:03Z,23.46,66.91,99,4,62.01,101.08,38.00,653.00,null,null,null
2023-08-24T14:13:03Z,23.43,67.29,99,3,36.92,101.08,41.00,672.00,null,null,null
2023-08-24T14:14:03Z,23.45,67.49,99,6,29.70,101.08,44.00,690.00,null,null,null
2023-08-24T14:15:03Z,23.42,67.46,99,6,33.16,101.08,46.00,706.00,10,15,15
2023-08-24T14:16:03Z,23.45,68.50,99,6,29.98,101.07,41.00,674.00,null,null,null
2023-08-24T14:17:03Z,23.47,68.63,99,6,58.93,101.06,48.00,717.00,null,null,null
2023-08-24T14:18:03Z,23.45,69.06,99,6,34.95,101.05,57.00,776.00,null,null,null
2023-08-24T14:19:03Z,23.49,69.28,99,6,35.56,101.04,59.00,791.00,null,null,null
2023-08-24T14:20:03Z,23.45,69.63,99,7,30.47,101.02,49.00,726.00,6,9,9
2023-08-24T14:21:03Z,23.46,68.93,99,6,27.36,101.03,52.00,746.00,null,null,null
2023-08-24T14:22:03Z,23.46,68.65,99,6,29.97,101.03,44.00,694.00,null,null,null
2023-08-24T14:23:03Z,23.46,68.63,99,6,33.98,101.04,44.00,692.00,null,null,null
2023-08-24T14:24:03Z,23.46,68.20,99,6,30.38,101.04,41.00,675.00,null,null,null
2023-08-24T14:25:03Z,23.45,67.97,99,6,36.70,101.06,42.00,682.00,7,7,7
2023-08-24T14:26:03Z,23.43,68.27,99,6,30.61,101.07,39.00,657.00,null,null,null
2023-08-24T14:27:03Z,23.46,68.02,99,5,38.33,101.07,38.00,652.00,null,null,null
2023-08-24T14:28:03Z,23.46,68.02,99,6,38.25,101.08,40.00,666.00,null,null,null
2023-08-24T14:29:03Z,23.46,68.11,99,5,37.89,101.08,39.00,657.00,null,null,null
2023-08-24T14:30:03Z,23.45,68.06,99,5,34.00,101.08,39.00,657.00,7,8,8
2023-08-24T14:31:03Z,23.43,67.74,99,4,31.20,101.08,37.00,649.00,null,null,null
2023-08-24T14:32:03Z,23.45,67.26,99,4,36.18,101.07,37.00,643.00,null,null,null
2023-08-24T14:33:03Z,23.43,67.91,99,3,31.80,101.08,33.00,620.00,null,null,null
2023-08-24T14:34:03Z,23.42,68.26,99,4,27.85,101.07,34.00,629.00,null,null,null
2023-08-24T14:35:03Z,23.42,68.67,99,3,30.03,101.07,40.00,668.00,8,10,10
2023-08-24T14:36:03Z,23.43,68.53,99,3,32.16,101.06,43.00,683.00,null,null,null
2023-08-24T14:37:03Z,23.42,67.95,99,3,36.57,101.05,45.00,700.00,null,null,null
2023-08-24T14:38:03Z,23.45,68.24,99,3,31.41,101.04,42.00,682.00,null,null,null
2023-08-24T14:39:03Z,23.45,67.26,99,3,28.83,101.02,42.00,682.00,null,null,null
2023-08-24T14:40:03Z,23.39,67.21,99,3,33.48,101.01,38.00,650.00,6,6,6
2023-08-24T14:41:03Z,23.45,68.08,99,3,29.30,101.01,34.00,626.00,null,null,null
2023-08-24T14:42:03Z,23.45,68.49,99,3,35.59,101.01,37.00,649.00,null,null,null
2023-08-24T14:43:03Z,23.40,68.84,99,4,33.56,101.01,39.00,659.00,null,null,null
2023-08-24T14:44:03Z,23.42,68.96,99,4,36.99,101.02,39.00,660.00,null,null,null
2023-08-24T14:45:03Z,23.40,69.06,99,6,33.40,101.03,46.00,702.00,5,6,6
2023-08-24T14:46:03Z,23.43,69.15,99,6,30.50,101.04,51.00,740.00,null,null,null
2023-08-24T14:47:03Z,23.43,69.18,99,6,31.44,101.04,60.00,800.00,null,null,null
2023-08-24T14:48:03Z,23.43,69.18,99,6,31.07,101.05,62.00,808.00,null,null,null
2023-08-24T14:49:03Z,23.42,69.11,99,6,36.68,101.06,66.00,836.00,null,null,null
2023-08-24T14:50:03Z,23.43,69.07,99,7,33.46,101.07,67.00,846.00,3,3,3
2023-08-24T14:51:03Z,23.43,68.88,99,7,34.47,101.08,60.00,800.00,null,null,null
2023-08-24T14:52:03Z,23.45,67.56,99,8,38.97,101.08,62.00,808.00,null,null,null
2023-08-24T14:53:03Z,23.43,67.59,99,8,40.64,101.09,58.00,783.00,null,null,null
2023-08-24T14:54:03Z,23.42,67.66,99,8,31.07,101.08,47.00,714.00,null,null,null
2023-08-24T14:55:03Z,23.40,67.88,99,8,33.22,101.08,42.00,682.00,4,5,5
2023-08-24T14:56:03Z,23.42,67.84,99,8,33.12,101.07,37.00,643.00,null,null,null
2023-08-24T14:57:03Z,23.42,67.87,99,8,28.37,101.07,32.00,614.00,null,null,null
2023-08-24T14:58:03Z,23.42,67.81,99,7,40.84,101.07,31.00,605.00,null,null,null
2023-08-24T14:59:03Z,23.40,67.84,99,8,35.99,101.07,29.00,592.00,null,null,null
2023-08-24T15:00:03Z,23.37,67.71,99,8,32.65,101.07,27.00,578.00,3,4,4
2023-08-24T15:01:03Z,23.40,68.24,99,7,35.07,101.08,24.00,561.00,null,null,null
2023-08-24T15:02:03Z,23.39,68.41,99,7,46.51,101.08,27.00,578.00,null,null,null
2023-08-24T15:03:03Z,23.39,68.26,99,6,35.94,101.08,35.00,631.00,null,null,null
2023-08-24T15:04:03Z,23.40,68.54,99,6,40.40,101.08,36.00,638.00,null,null,null
2023-08-24T15:05:03Z,23.37,67.75,99,5,32.78,101.08,39.00,659.00,4,4,4
2023-08-24T15:06:03Z,23.37,68.04,99,5,36.32,101.08,37.00,643.00,null,null,null
2023-08-24T15:07:03Z,23.40,67.92,99,5,33.61,101.07,37.00,649.00,null,null,null
2023-08-24T15:08:03Z,23.42,68.36,99,5,33.87,101.07,31.00,605.00,null,null,null
2023-08-24T15:09:03Z,23.37,68.65,99,5,32.24,101.07,34.00,624.00,null,null,null
2023-08-24T15:10:03Z,23.39,68.72,99,5,31.47,101.07,40.00,668.00,5,5,5
2023-08-24T15:11:03Z,23.40,68.79,99,6,31.82,101.07,48.00,717.00,null,null,null
2023-08-24T15:12:03Z,23.42,68.75,99,6,31.37,101.07,54.00,761.00,null,null,null
2023-08-24T15:13:03Z,23.39,68.92,99,6,38.54,101.07,56.00,770.00,null,null,null
2023-08-24T15:14:03Z,23.42,68.85,99,6,34.17,101.07,51.00,740.00,null,null,null
2023-08-24T15:15:03Z,23.39,68.89,99,6,28.47,101.07,54.00,761.00,15,34,34
2023-08-24T15:16:03Z,23.40,68.92,99,6,34.81,101.08,59.00,791.00,null,null,null
2023-08-24T15:17:03Z,23.42,69.08,99,6,27.49,101.07,67.00,846.00,null,null,null
2023-08-24T15:18:03Z,23.43,69.18,99,7,34.33,101.07,78.00,915.00,null,null,null
2023-08-24T15:19:03Z,23.40,69.16,99,6,30.27,101.07,87.00,975.00,null,null,null
2023-08-24T15:20:03Z,23.42,69.25,99,6,31.09,101.07,93.00,1014.00,20,21,21
2023-08-24T15:21:03Z,23.43,69.25,99,6,31.95,101.08,88.00,983.00,null,null,null
2023-08-24T15:22:03Z,23.46,69.20,99,6,38.99,101.08,90.00,995.00,null,null,null
2023-08-24T15:23:03Z,23.45,69.54,99,5,29.28,101.08,96.00,1035.00,null,null,null
2023-08-24T15:24:03Z,23.43,69.72,99,5,36.52,101.08,97.00,1038.00,null,null,null
2023-08-24T15:25:03Z,23.43,69.95,99,6,24.96,101.08,101.00,1065.00,40,65,71
2023-08-24T15:26:03Z,23.45,70.14,99,6,31.92,101.08,102.00,1074.00,null,null,null
2023-08-24T15:27:03Z,23.45,70.18,99,6,32.46,101.07,104.00,1086.00,null,null,null
2023-08-24T15:28:03Z,23.45,70.08,99,6,30.24,101.07,104.00,1086.00,null,null,null
2023-08-24T15:29:03Z,23.43,70.20,99,6,34.71,101.06,104.00,1086.00,null,null,null
2023-08-24T15:30:03Z,23.43,70.20,99,6,30.81,101.06,102.00,1074.00,38,50,50
2023-08-24T15:31:03Z,23.43,70.18,99,5,33.99,101.06,104.00,1086.00,null,null,null
2023-08-24T15:32:03Z,23.45,70.29,99,4,31.31,101.06,109.00,1118.00,null,null,null
2023-08-24T15:33:03Z,23.46,70.52,99,4,36.08,101.07,111.00,1134.00,null,null,null
2023-08-24T15:34:03Z,23.45,70.88,99,4,25.16,101.06,114.00,1153.00,null,null,null
2023-08-24T15:35:03Z,23.42,70.82,99,4,33.07,101.06,115.00,1159.00,25,62,62
2023-08-24T15:36:03Z,23.45,70.89,99,3,30.52,101.07,115.00,1159.00,null,null,null
2023-08-24T15:37:03Z,23.46,70.86,99,3,29.72,101.07,117.00,1174.00,null,null,null
2023-08-24T15:38:03Z,23.46,70.97,99,3,28.54,101.06,120.00,1188.00,null,null,null
2023-08-24T15:39:03Z,23.46,71.18,99,3,26.38,101.06,126.00,1228.00,null,null,null
2023-08-24T15:40:03Z,23.45,71.20,99,3,28.63,101.06,131.00,1262.00,18,29,29
2023-08-24T15:41:03Z,23.45,71.00,99,3,41.59,101.06,133.00,1277.00,null,null,null
2023-08-24T15:42:03Z,23.45,71.06,99,3,33.31,101.06,136.00,1299.00,null,null,null
2023-08-24T15:43:03Z,23.46,70.60,99,3,40.26,101.06,139.00,1316.00,null,null,null
2023-08-24T15:44:03Z,23.47,70.11,99,3,34.13,101.05,138.00,1310.00,null,null,null
2023-08-24T15:45:03Z,23.45,70.27,99,3,36.45,101.05,134.00,1285.00,10,23,23
2023-08-24T15:46:03Z,23.46,70.01,99,3,28.92,101.05,127.00,1238.00,null,null,null
2023-08-24T15:47:03Z,23.50,69.98,99,3,31.39,101.04,127.00,1235.00,null,null,null
2023-08-24T15:48:03Z,23.47,69.90,99,3,44.42,101.03,121.00,1195.00,null,null,null
2023-08-24T15:49:03Z,23.46,69.71,99,3,31.81,101.02,121.00,1195.00,null,null,null
2023-08-24T15:50:03Z,23.47,69.72,99,3,37.36,101.01,122.00,1204.00,9,12,12
2023-08-24T15:51:03Z,23.46,69.44,99,3,35.28,101.01,117.00,1174.00,null,null,null
2023-08-24T15:52:03Z,23.47,69.46,99,4,32.51,101.01,117.00,1174.00,null,null,null
2023-08-24T15:53:03Z,23.47,69.15,99,5,30.49,101.02,117.00,1174.00,null,null,null
2023-08-24T15:54:03Z,23.47,69.33,99,5,36.95,101.01,116.00,1163.00,null,null,null
2023-08-24T15:55:03Z,23.47,69.50,99,6,41.76,101.01,114.00,1153.00,11,14,14
2023-08-24T15:56:03Z,23.49,69.22,99,6,30.04,101.02,112.00,1140.00,null,null,null
2023-08-24T15:57:03Z,23.49,69.06,99,6,31.45,101.02,114.00,1150.00,null,null,null
2023-08-24T15:58:03Z,23.49,69.26,99,5,54.62,101.03,114.00,1150.00,null,null,null
2023-08-24T15:59:03Z,23.47,69.56,99,6,27.22,101.02,110.00,1128.00,null,null,null
2023-08-24T16:00:03Z,23.49,69.63,99,6,31.24,101.02,105.00,1095.00,3,3,3
2023-08-24T16:01:03Z,23.49,69.60,99,5,39.80,101.02,105.00,1095.00,null,null,null
2023-08-24T16:02:03Z,23.49,69.41,99,6,28.83,101.01,108.00,1110.00,null,null,null
2023-08-24T16:03:03Z,23.50,69.46,99,5,42.33,101.02,108.00,1110.00,null,null,null
2023-08-24T16:04:03Z,23.49,69.78,99,5,32.41,101.02,108.00,1110.00,null,null,null
2023-08-24T16:05:03Z,23.47,70.04,99,5,32.43,101.01,109.00,1118.00,4,5,5
2023-08-24T16:06:03Z,23.49,69.94,99,5,38.73,101.01,109.00,1118.00,null,null,null
2023-08-24T16:07:03Z,23.49,69.65,99,6,33.22,101.01,111.00,1131.00,null,null,null
2023-08-24T16:08:03Z,23.47,69.01,99,6,28.45,101.01,112.00,1140.00,null,null,null
2023-08-24T16:09:03Z,23.50,69.01,99,5,32.12,101.02,112.00,1137.00,null,null,null
2023-08-24T16:10:03Z,23.46,69.15,99,5,43.80,101.02,105.00,1093.00,3,3,3
2023-08-24T16:11:03Z,23.47,69.00,99,4,43.42,101.02,96.00,1035.00,null,null,null
2023-08-24T16:12:03Z,23.49,69.44,99,5,36.38,101.02,85.00,964.00,null,null,null
2023-08-24T16:13:03Z,23.50,69.04,99,4,42.47,101.02,88.00,983.00,null,null,null
2023-08-24T16:14:03Z,23.46,69.05,99,4,31.91,101.02,84.00,954.00,null,null,null
2023-08-24T16:15:03Z,23.46,68.61,99,3,29.80,101.02,84.00,954.00,5,7,13
2023-08-24T16:16:03Z,23.47,68.66,99,3,32.56,101.03,78.00,913.00,null,null,null
2023-08-24T16:17:03Z,23.50,68.87,99,6,28.71,101.03,69.00,853.00,null,null,null
2023-08-24T16:18:03Z,23.47,69.29,99,4,40.99,101.03,63.00,817.00,null,null,null
2023-08-24T16:19:03Z,23.45,69.09,99,4,33.56,101.04,61.00,802.00,null,null,null
2023-08-24T16:20:03Z,23.45,69.06,99,4,32.64,101.04,63.00,817.00,4,4,9
2023-08-24T16:21:03Z,23.46,69.50,99,6,38.88,101.04,57.00,780.00,null,null,null
2023-08-24T16:22:03Z,23.46,69.46,99,7,35.54,101.05,62.00,810.00,null,null,null
2023-08-24T16:23:03Z,23.46,69.38,99,6,30.91,101.05,66.00,838.00,null,null,null
2023-08-24T16:24:03Z,23.45,69.51,99,5,39.86,101.05,66.00,838.00,null,null,null
2023-08-24T16:25:03Z,23.46,69.91,99,5,31.74,101.06,68.00,851.00,6,8,8
2023-08-24T16:26:03Z,23.45,69.59,99,5,40.18,101.06,72.00,874.00,null,null,null
2023-08-24T16:27:03Z,23.47,69.86,99,5,33.41,101.05,65.00,830.00,null,null,null
2023-08-24T16:28:03Z,23.45,69.77,99,5,32.51,101.05,62.00,813.00,null,null,null
2023-08-24T16:29:03Z,23.45,70.02,99,5,31.41,101.05,64.00,821.00,null,null,null
2023-08-24T16:30:03Z,23.45,70.04,99,5,29.90,101.03,61.00,804.00,0,2,2
2023-08-24T16:31:03Z,23.47,69.96,99,6,32.22,101.02,64.00,821.00,null,null,null
2023-08-24T16:32:03Z,23.50,69.73,99,6,38.22,101.01,70.00,865.00,null,null,null
2023-08-24T16:33:03Z,23.49,70.10,99,7,31.76,101.00,75.00,897.00,null,null,null
2023-08-24T16:34:03Z,23.50,70.42,99,4,30.91,101.00,77.00,909.00,null,null,null
2023-08-24T16:35:03Z,23.50,70.74,99,6,33.20,101.00,74.00,891.00,8,12,29
2023-08-24T16:36:03Z,23.51,70.93,99,6,32.85,101.00,74.00,891.00,null,null,null
2023-08-24T16:37:03Z,23.51,71.49,99,6,39.86,101.00,69.00,857.00,null,null,null
2023-08-24T16:38:03Z,23.49,71.91,99,7,33.35,100.99,63.00,819.00,null,null,null
2023-08-24T16:39:03Z,23.50,71.33,99,6,33.56,100.98,58.00,785.00,null,null,null
2023-08-24T16:40:03Z,23.49,71.18,99,6,32.03,100.97,55.00,763.00,4,6,6
2023-08-24T16:41:03Z,23.54,71.77,99,4,36.28,100.97,53.00,754.00,null,null,null
2023-08-24T16:42:03Z,23.56,71.60,99,6,32.80,100.97,48.00,719.00,null,null,null
2023-08-24T16:43:03Z,23.51,71.51,99,4,38.12,100.97,47.00,715.00,null,null,null
2023-08-24T16:44:03Z,23.54,71.51,99,6,33.92,100.98,53.00,754.00,null,null,null
2023-08-24T16:45:03Z,23.51,71.43,99,6,30.61,100.98,52.00,746.00,6,7,7
2023-08-24T16:46:03Z,23.54,71.16,99,6,31.41,100.99,56.00,772.00,null,null,null
2023-08-24T16:47:03Z,23.56,70.97,99,7,35.13,101.00,62.00,808.00,null,null,null
2023-08-24T16:48:03Z,23.56,70.86,99,7,34.61,101.00,66.00,838.00,null,null,null
2023-08-24T16:49:03Z,23.54,70.73,99,7,36.69,101.01,72.00,874.00,null,null,null
2023-08-24T16:50:03Z,23.54,70.74,99,7,31.58,101.01,76.00,902.00,8,15,15
2023-08-24T16:51:03Z,23.56,70.77,99,7,59.63,101.01,83.00,951.00,null,null,null
2023-08-24T16:52:03Z,23.59,70.79,99,6,65.01,101.01,86.00,970.00,null,null,null
2023-08-24T16:53:03Z,23.59,70.74,99,7,30.94,101.00,88.00,981.00,null,null,null
2023-08-24T16:54:03Z,23.59,70.79,99,6,33.89,101.01,96.00,1035.00,null,null,null
2023-08-24T16:55:03Z,23.56,70.89,99,6,32.25,101.00,99.00,1056.00,8,8,8
2023-08-24T16:56:03Z,23.59,71.04,99,3,35.10,101.01,106.00,1099.00,null,null,null
2023-08-24T16:57:03Z,23.60,71.03,99,5,34.80,101.01,110.00,1125.00,null,null,null
2023-08-24T16:58:03Z,23.60,71.04,99,6,37.43,101.02,113.00,1144.00,null,null,null
2023-08-24T16:59:03Z,23.59,71.35,99,7,34.01,101.02,115.00,1159.00,null,null,null
2023-08-24T17:00:03Z,23.61,71.60,99,7,31.13,101.02,106.00,1099.00,7,14,14
2023-08-24T17:01:03Z,23.60,71.54,99,5,38.69,101.02,106.00,1099.00,null,null,null
2023-08-24T17:02:03Z,23.61,71.45,99,5,48.97,101.02,104.00,1086.00,null,null,null
2023-08-24T17:03:03Z,23.63,71.45,99,5,43.21,101.03,106.00,1099.00,null,null,null
2023-08-24T17:04:03Z,23.61,71.47,99,6,35.11,101.02,106.00,1099.00,null,null,null
2023-08-24T17:05:03Z,23.60,71.53,99,6,37.18,101.02,106.00,1099.00,10,10,10
2023-08-24T17:06:03Z,23.64,71.81,99,6,44.24,101.03,102.00,1071.00,null,null,null
2023-08-24T17:07:03Z,23.63,71.51,99,6,33.09,101.02,101.00,1065.00,null,null,null
2023-08-24T17:08:03Z,23.64,71.50,99,4,34.39,101.02,104.00,1086.00,null,null,null
2023-08-24T17:09:03Z,23.61,71.59,99,6,48.33,101.03,106.00,1099.00,null,null,null
2023-08-24T17:10:03Z,23.63,71.58,99,6,27.06,101.03,108.00,1110.00,6,8,8
2023-08-24T17:11:03Z,23.64,71.61,99,6,34.96,101.04,108.00,1110.00,null,null,null
2023-08-24T17:12:03Z,23.64,71.53,99,6,27.20,101.04,111.00,1131.00,null,null,null
2023-08-24T17:13:03Z,23.67,71.85,99,5,30.13,101.04,111.00,1131.00,null,null,null
2023-08-24T17:14:03Z,23.66,72.22,99,6,45.22,101.05,107.00,1105.00,null,null,null
2023-08-24T17:15:03Z,23.64,72.14,99,4,61.17,101.04,105.00,1093.00,8,8,8
2023-08-24T17:16:03Z,23.68,72.20,99,6,41.33,101.04,105.00,1093.00,null,null,null
2023-08-24T17:17:03Z,23.68,72.21,99,6,29.46,101.04,103.00,1081.00,null,null,null
2023-08-24T17:18:03Z,23.68,72.15,99,7,55.05,101.04,103.00,1081.00,null,null,null
2023-08-24T17:19:03Z,23.68,72.21,99,7,33.76,101.03,105.00,1093.00,null,null,null
2023-08-24T17:20:03Z,23.66,72.30,99,6,37.31,101.03,105.00,1093.00,5,8,8
2023-08-24T17:21:03Z,23.68,72.21,99,6,28.87,101.03,99.00,1056.00,null,null,null
2023-08-24T17:22:03Z,23.67,72.09,99,6,29.99,101.02,101.00,1065.00,null,null,null
2023-08-24T17:23:03Z,23.70,72.30,99,6,32.16,101.02,101.00,1065.00,null,null,null
2023-08-24T17:24:03Z,23.70,72.95,99,4,31.20,101.03,97.00,1041.00,null,null,null
2023-08-24T17:25:03Z,23.70,72.64,99,4,27.77,101.03,90.00,997.00,2,2,2
2023-08-24T17:26:03Z,23.70,72.61,99,4,31.01,101.03,90.00,995.00,null,null,null
2023-08-24T17:27:03Z,23.70,72.44,99,5,55.75,101.03,88.00,981.00,null,null,null
2023-08-24T17:28:03Z,23.73,72.33,99,3,39.10,101.04,88.00,981.00,null,null,null
2023-08-24T17:29:03Z,23.70,72.32,99,3,32.40,101.04,86.00,970.00,null,null,null
2023-08-24T17:30:03Z,23.70,72.25,99,5,38.07,101.04,88.00,981.00,6,7,7
2023-08-24T17:31:03Z,23.71,72.12,99,5,29.28,101.04,86.00,970.00,null,null,null
2023-08-24T17:32:03Z,23.74,72.08,99,3,31.80,101.04,89.00,990.00,null,null,null
2023-08-24T17:33:03Z,23.74,72.05,99,5,32.71,101.05,89.00,990.00,null,null,null
2023-08-24T17:34:03Z,23.73,71.80,99,5,43.43,101.04,87.00,977.00,null,null,null
2023-08-24T17:35:03Z,23.73,71.82,99,3,33.23,101.04,84.00,954.00,5,7,7
2023-08-24T17:36:03Z,23.74,71.69,99,3,33.55,101.04,79.00,925.00,null,null,null
2023-08-24T17:37:03Z,23.74,71.61,99,3,27.99,101.04,77.00,909.00,null,null,null
2023-08-24T17:38:03Z,23.71,71.66,99,3,35.38,101.04,72.00,874.00,null,null,null
2023-08-24T17:39:03Z,23.70,71.57,99,3,30.85,101.03,66.00,838.00,null,null,null
2023-08-24T17:40:03Z,23.68,71.50,99,3,40.60,101.02,60.00,800.00,4,7,7
2023-08-24T17:41:03Z,23.70,71.68,99,5,37.13,101.02,60.00,800.00,null,null,null
2023-08-24T17:42:03Z,23.68,71.60,99,3,54.67,101.01,57.00,780.00,null,null,null
2023-08-24T17:43:03Z,23.70,71.59,99,2,42.54,101.01,56.00,772.00,null,null,null
2023-08-24T17:44:03Z,23.66,71.68,99,2,60.88,101.01,57.00,780.00,null,null,null
2023-08-24T17:45:03Z,23.67,71.93,99,3,30.32,101.01,59.00,791.00,7,9,9
2023-08-24T17:46:03Z,23.68,71.98,99,3,53.28,101.02,61.00,804.00,null,null,null
2023-08-24T17:47:03Z,23.70,72.10,99,5,54.25,101.02,64.00,825.00,null,null,null
2023-08-24T17:48:03Z,23.68,72.28,99,0,59.61,101.02,69.00,857.00,null,null,null
2023-08-24T17:49:03Z,23.70,72.09,99,0,56.08,101.03,70.00,863.00,null,null,null
2023-08-24T17:50:03Z,23.70,72.34,99,0,63.76,101.02,76.00,905.00,9,10,10
2023-08-24T17:51:03Z,23.73,71.86,99,0,65.31,101.02,71.00,872.00,null,null,null
2023-08-24T17:52:03Z,23.73,72.14,99,0,44.11,101.02,73.00,880.00,null,null,null
2023-08-24T17:53:03Z,23.71,72.01,99,0,32.35,101.02,75.00,895.00,null,null,null
2023-08-24T17:54:03Z,23.71,72.35,99,0,54.22,101.02,76.00,905.00,null,null,null
2023-08-24T17:55:03Z,23.70,71.87,99,2,52.70,101.02,74.00,887.00,4,14,14
2023-08-24T17:56:03Z,23.71,72.19,99,3,52.22,101.02,75.00,895.00,null,null,null
2023-08-24T17:57:03Z,23.76,71.97,99,3,28.02,101.02,76.00,905.00,null,null,null
2023-08-24T17:58:03Z,23.76,71.62,99,2,31.01,101.02,65.00,832.00,null,null,null
2023-08-24T17:59:03Z,23.74,70.70,99,3,33.83,101.02,61.00,804.00,null,null,null
2023-08-24T18:00:03Z,23.71,69.96,99,3,43.74,101.02,63.00,815.00,8,17,23
2023-08-24T18:01:03Z,23.70,69.49,99,3,33.70,101.02,54.00,757.00,null,null,null
2023-08-24T18:02:03Z,23.73,70.16,99,0,27.45,101.02,56.00,774.00,null,null,null
2023-08-24T18:03:03Z,23.76,70.74,99,0,52.33,101.02,60.00,795.00,null,null,null
2023-08-24T18:04:03Z,23.71,70.17,99,0,33.19,101.02,50.00,733.00,null,null,null
2023-08-24T18:05:03Z,23.71,70.69,99,2,28.89,101.02,62.00,813.00,3,4,4
2023-08-24T18:06:03Z,23.76,69.89,99,2,52.85,101.02,60.00,798.00,null,null,null
2023-08-24T18:07:03Z,23.76,69.61,99,3,56.03,101.02,48.00,719.00,null,null,null
2023-08-24T18:08:03Z,23.76,70.21,99,2,55.81,101.02,48.00,717.00,null,null,null
2023-08-24T18:09:03Z,23.73,69.96,99,2,39.84,101.02,48.00,719.00,null,null,null
2023-08-24T18:10:03Z,23.76,70.67,99,2,49.17,101.02,60.00,795.00,11,19,19
2023-08-24T18:11:03Z,23.76,70.71,99,3,67.64,101.01,53.00,749.00,null,null,null
2023-08-24T18:12:03Z,23.77,70.74,99,3,49.70,101.01,56.00,770.00,null,null,null
2023-08-24T18:13:03Z,23.78,70.81,99,3,52.83,101.01,60.00,798.00,null,null,null
2023-08-24T18:14:03Z,23.76,70.53,99,3,46.43,101.01,59.00,791.00,null,null,null
2023-08-24T18:15:03Z,23.76,70.06,99,3,27.60,101.02,54.00,759.00,12,17,17
2023-08-24T18:16:03Z,23.80,70.04,99,0,51.55,101.03,53.00,748.00,null,null,null
2023-08-24T18:17:03Z,23.80,69.60,99,0,62.98,101.02,46.00,704.00,null,null,null
2023-08-24T18:18:03Z,23.78,70.01,99,0,43.24,101.02,45.00,700.00,null,null,null
2023-08-24T18:19:03Z,23.78,69.86,99,0,55.36,101.01,43.00,686.00,null,null,null
2023-08-24T18:20:03Z,23.80,70.32,99,0,40.56,101.02,46.00,704.00,4,10,10
2023-08-24T18:21:03Z,23.80,69.92,99,0,46.17,101.02,46.00,706.00,null,null,null
2023-08-24T18:22:03Z,23.80,69.98,99,0,40.63,101.02,47.00,712.00,null,null,null
2023-08-24T18:23:03Z,23.78,70.11,99,0,45.48,101.02,48.00,719.00,null,null,null
2023-08-24T18:24:03Z,23.81,70.37,99,0,45.73,101.02,50.00,732.00,null,null,null
2023-08-24T18:25:03Z,23.76,70.09,99,0,35.35,101.02,49.00,726.00,10,14,20
2023-08-24T18:26:03Z,23.78,70.46,99,0,40.44,101.02,51.00,740.00,null,null,null
2023-08-24T18:27:03Z,23.78,70.24,99,0,34.76,101.02,53.00,749.00,null,null,null
2023-08-24T18:28:03Z,23.78,69.91,99,0,38.70,101.02,50.00,732.00,null,null,null
2023-08-24T18:29:03Z,23.77,70.12,99,0,39.68,101.03,48.00,719.00,null,null,null
2023-08-24T18:30:03Z,23.76,70.35,99,0,31.27,101.03,48.00,719.00,9,14,14
2023-08-24T18:31:03Z,23.74,69.90,99,0,31.71,101.03,45.00,699.00,null,null,null
2023-08-24T18:32:03Z,23.74,69.88,99,0,31.65,101.02,53.00,748.00,null,null,null
2023-08-24T18:33:03Z,23.74,70.19,99,0,28.57,101.01,54.00,757.00,null,null,null
2023-08-24T18:34:03Z,23.73,70.33,99,0,38.11,101.01,58.00,785.00,null,null,null
2023-08-24T18:35:03Z,23.71,70.07,99,0,29.44,101.01,54.00,761.00,4,12,12
2023-08-24T18:36:03Z,23.71,70.10,99,0,34.60,101.00,53.00,748.00,null,null,null
2023-08-24T18:37:03Z,23.74,69.98,99,0,30.18,101.00,51.00,740.00,null,null,null
2023-08-24T18:38:03Z,23.70,70.27,99,0,49.27,101.01,53.00,748.00,null,null,null
2023-08-24T18:39:03Z,23.70,70.52,99,0,36.96,101.01,56.00,770.00,null,null,null
2023-08-24T18:40:03Z,23.67,70.40,99,0,43.46,101.02,58.00,787.00,10,14,14
2023-08-24T18:41:03Z,23.70,70.18,99,0,37.30,101.02,56.00,770.00,null,null,null
2023-08-24T18:42:03Z,23.68,69.97,99,0,30.52,101.01,53.00,748.00,null,null,null
2023-08-24T18:43:03Z,23.67,70.25,99,0,28.83,101.02,51.00,740.00,null,null,null
2023-08-24T18:44:03Z,23.66,70.32,99,0,30.93,101.02,52.00,742.00,null,null,null
2023-08-24T18:45:03Z,23.66,70.13,99,0,34.76,101.02,47.00,710.00,6,10,10
2023-08-24T18:46:03Z,23.63,70.05,99,0,32.85,101.02,42.00,682.00,null,null,null
2023-08-24T18:47:03Z,23.61,70.31,99,0,31.50,101.02,42.00,682.00,null,null,null
2023-08-24T18:48:03Z,23.61,70.19,99,0,28.93,101.03,40.00,668.00,null,null,null
2023-08-24T18:49:03Z,23.61,70.41,99,0,24.89,101.03,42.00,682.00,null,null,null
2023-08-24T18:50:03Z,23.60,70.51,99,0,30.54,101.03,44.00,694.00,7,7,7
2023-08-24T18:51:03Z,23.59,70.36,99,0,26.57,101.03,43.00,683.00,null,null,null
2023-08-24T18:52:03Z,23.60,70.35,99,0,35.67,101.03,43.00,683.00,null,null,null
2023-08-24T18:53:03Z,23.60,70.41,99,0,26.71,101.03,41.00,675.00,null,null,null
2023-08-24T18:54:03Z,23.57,70.50,99,0,33.90,101.02,41.00,675.00,null,null,null
2023-08-24T18:55:03Z,23.56,70.56,99,0,26.73,101.02,41.00,675.00,13,17,17
2023-08-24T18:56:03Z,23.59,70.78,99,0,31.17,101.02,47.00,710.00,null,null,null
2023-08-24T18:57:03Z,23.57,70.68,99,0,45.33,101.02,46.00,704.00,null,null,null
2023-08-24T18:58:03Z,23.57,70.75,99,0,34.00,101.02,48.00,717.00,null,null,null
2023-08-24T18:59:03Z,23.54,70.69,99,0,32.34,101.03,45.00,697.00,null,null,null
2023-08-24T19:00:03Z,23.54,70.80,99,0,27.78,101.02,47.00,710.00,4,4,4
2023-08-24T19:01:03Z,23.54,70.67,99,0,31.30,101.02,42.00,678.00,null,null,null
2023-08-24T19:02:03Z,23.54,70.81,99,0,29.94,101.02,43.00,683.00,null,null,null
2023-08-24T19:03:03Z,23.53,70.71,99,0,29.09,101.02,39.00,660.00,null,null,null
2023-08-24T19:04:03Z,23.51,70.74,99,0,28.02,101.03,39.00,659.00,null,null,null
2023-08-24T19:05:03Z,23.50,70.87,99,0,39.41,101.03,40.00,668.00,7,13,13
2023-08-24T19:06:03Z,23.50,70.91,99,0,27.18,101.03,39.00,660.00,null,null,null
2023-08-24T19:07:03Z,23.51,70.86,99,0,28.93,101.03,41.00,671.00,null,null,null
2023-08-24T19:08:03Z,23.50,70.77,99,0,34.97,101.03,41.00,671.00,null,null,null
2023-08-24T19:09:03Z,23.49,70.73,99,0,32.12,101.03,38.00,653.00,null,null,null
2023-08-24T19:10:03Z,23.46,70.85,99,0,36.29,101.02,39.00,659.00,4,9,14
2023-08-24T19:11:03Z,23.49,70.85,99,0,28.68,101.03,39.00,660.00,null,null,null
2023-08-24T19:12:03Z,23.50,70.91,99,0,26.08,101.02,43.00,688.00,null,null,null
2023-08-24T19:13:03Z,23.45,70.97,99,0,26.21,101.03,45.00,697.00,null,null,null
2023-08-24T19:14:03Z,23.43,70.90,99,0,37.07,101.03,43.00,688.00,null,null,null
2023-08-24T19:15:03Z,23.43,70.96,99,0,28.63,101.03,45.00,697.00,15,22,22
2023-08-24T19:16:03Z,23.47,71.04,99,0,35.03,101.03,47.00,712.00,null,null,null
2023-08-24T19:17:03Z,23.46,71.02,99,0,33.14,101.03,49.00,728.00,null,null,null
2023-08-24T19:18:03Z,23.46,71.05,99,0,27.18,101.03,49.00,728.00,null,null,null
2023-08-24T19:19:03Z,23.45,71.13,99,0,30.19,101.04,49.00,728.00,null,null,null
2023-08-24T19:20:03Z,23.42,71.16,99,0,27.85,101.04,46.00,704.00,12,12,12
2023-08-24T19:21:03Z,23.40,71.29,99,0,28.88,101.03,42.00,678.00,null,null,null
2023-08-24T19:22:03Z,23.43,71.28,99,0,27.10,101.03,39.00,660.00,null,null,null
2023-08-24T19:23:03Z,23.42,71.38,99,0,32.99,101.03,42.00,679.00,null,null,null
2023-08-24T19:24:03Z,23.43,71.48,99,0,33.37,101.03,42.00,679.00,null,null,null
2023-08-24T19:25:03Z,23.37,71.46,99,0,42.90,101.04,39.00,660.00,11,23,23
2023-08-24T19:26:03Z,23.39,71.61,99,0,27.32,101.03,39.00,660.00,null,null,null
2023-08-24T19:27:03Z,23.36,71.45,99,0,27.77,101.03,38.00,653.00,null,null,null
2023-08-24T19:28:03Z,23.37,71.56,99,0,30.42,101.04,42.00,679.00,null,null,null
2023-08-24T19:29:03Z,23.39,71.66,99,0,26.21,101.03,42.00,679.00,null,null,null
2023-08-24T19:30:03Z,23.33,71.57,99,0,36.28,101.03,45.00,697.00,14,15,15
2023-08-24T19:31:03Z,23.36,71.79,99,0,27.71,101.03,46.00,704.00,null,null,null
2023-08-24T19:32:03Z,23.36,71.70,99,0,26.19,101.03,44.00,692.00,null,null,null
2023-08-24T19:33:03Z,23.36,71.69,99,0,28.20,101.03,46.00,704.00,null,null,null
2023-08-24T19:34:03Z,23.33,71.83,99,0,33.14,101.03,46.00,704.00,null,null,null
2023-08-24T19:35:03Z,23.34,71.89,99,0,29.88,101.03,44.00,692.00,13,25,25
2023-08-24T19:36:03Z,23.33,71.79,99,0,29.86,101.02,43.00,683.00,null,null,null
2023-08-24T19:37:03Z,23.34,71.83,99,0,47.88,101.03,45.00,700.00,null,null,null
2023-08-24T19:38:03Z,23.34,72.03,99,0,32.43,101.03,44.00,692.00,null,null,null
2023-08-24T19:39:03Z,23.33,72.04,99,0,25.82,101.03,40.00,666.00,null,null,null
2023-08-24T19:40:03Z,23.33,72.19,99,0,35.54,101.02,38.00,650.00,10,11,11
2023-08-24T19:41:03Z,23.32,72.10,99,0,27.80,101.02,37.00,643.00,null,null,null
2023-08-24T19:42:03Z,23.32,72.15,99,0,26.69,101.02,37.00,643.00,null,null,null
2023-08-24T19:43:03Z,23.33,72.20,99,0,31.62,101.02,36.00,637.00,null,null,null
2023-08-24T19:44:03Z,23.29,72.31,99,0,46.07,101.01,36.00,637.00,null,null,null
2023-08-24T19:45:03Z,23.29,72.27,99,0,27.32,101.02,35.00,631.00,8,8,8
2023-08-24T19:46:03Z,23.26,72.27,99,0,29.22,101.02,36.00,638.00,null,null,null
2023-08-24T19:47:03Z,23.27,72.36,99,0,28.98,101.01,34.00,624.00,null,null,null
2023-08-24T19:48:03Z,23.26,72.26,99,0,26.89,101.01,34.00,624.00,null,null,null
2023-08-24T19:49:03Z,23.26,72.42,99,0,25.06,101.01,34.00,624.00,null,null,null
2023-08-24T19:50:03Z,23.25,72.36,99,0,33.62,101.01,34.00,624.00,9,21,21
2023-08-24T19:51:03Z,23.25,72.44,99,0,34.88,101.01,37.00,645.00,null,null,null
2023-08-24T19:52:03Z,23.22,72.43,99,0,28.34,101.01,35.00,631.00,null,null,null
2023-08-24T19:53:03Z,23.23,72.33,99,0,27.18,101.02,44.00,694.00,null,null,null
2023-08-24T19:54:03Z,23.23,72.41,99,0,32.14,101.02,50.00,732.00,null,null,null
2023-08-24T19:55:03Z,23.22,72.44,99,0,32.88,101.02,51.00,740.00,14,25,25
2023-08-24T19:56:03Z,23.26,72.47,99,0,36.22,101.02,53.00,748.00,null,null,null
2023-08-24T19:57:03Z,23.25,72.42,99,0,31.07,101.02,47.00,714.00,null,null,null
2023-08-24T19:58:03Z,23.25,72.69,99,0,28.85,101.02,51.00,735.00,null,null,null
2023-08-24T19:59:03Z,23.22,72.64,99,0,31.14,101.02,47.00,714.00,null,null,null
2023-08-24T20:00:03Z,23.23,72.79,99,0,33.93,101.02,62.00,808.00,12,31,31
2023-08-24T20:01:03Z,23.23,72.88,99,0,31.52,101.02,61.00,802.00,null,null,null
2023-08-24T20:02:03Z,23.25,72.87,99,0,38.69,101.02,59.00,793.00,null,null,null
2023-08-24T20:03:03Z,23.23,72.90,99,0,31.22,101.02,50.00,730.00,null,null,null
2023-08-24T20:04:03Z,23.23,73.07,99,0,24.79,101.02,65.00,830.00,null,null,null
2023-08-24T20:05:03Z,23.21,72.89,99,0,27.32,101.02,63.00,819.00,15,28,28
2023-08-24T20:06:03Z,23.23,72.97,99,0,55.40,101.02,66.00,838.00,null,null,null
2023-08-24T20:07:03Z,23.22,72.99,99,0,38.60,101.02,66.00,838.00,null,null,null
2023-08-24T20:08:03Z,23.25,72.91,99,0,27.18,101.02,65.00,830.00,null,null,null
2023-08-24T20:09:03Z,23.22,72.99,99,0,34.87,101.02,59.00,791.00,null,null,null
2023-08-24T20:10:03Z,23.22,73.05,99,0,27.16,101.02,68.00,848.00,20,24,24
2023-08-24T20:11:03Z,23.23,73.04,99,0,24.93,101.02,65.00,830.00,null,null,null
2023-08-24T20:12:03Z,23.23,73.03,99,0,27.22,101.02,65.00,830.00,null,null,null
2023-08-24T20:13:03Z,23.23,72.98,99,0,27.96,101.02,65.00,830.00,null,null,null
2023-08-24T20:14:03Z,23.22,72.99,99,0,24.96,101.02,65.00,830.00,null,null,null
2023-08-24T20:15:03Z,23.18,73.02,99,0,27.10,101.02,63.00,819.00,10,17,17
2023-08-24T20:16:03Z,23.22,72.98,99,0,30.81,101.02,59.00,793.00,null,null,null
2023-08-24T20:17:03Z,23.19,73.06,99,0,30.40,101.02,57.00,780.00,null,null,null
2023-08-24T20:18:03Z,23.18,73.09,99,0,26.87,101.02,59.00,793.00,null,null,null
2023-08-24T20:19:03Z,23.16,73.05,99,0,28.39,101.02,55.00,763.00,null,null,null
2023-08-24T20:20:03Z,23.15,73.32,99,0,32.44,101.02,53.00,749.00,12,20,20
2023-08-24T20:21:03Z,23.12,73.19,99,0,26.08,101.03,47.00,715.00,null,null,null
2023-08-24T20:22:03Z,23.13,73.26,99,0,30.76,101.02,49.00,726.00,null,null,null
2023-08-24T20:23:03Z,23.11,73.38,99,0,30.68,101.02,45.00,699.00,null,null,null
2023-08-24T20:24:03Z,23.09,73.31,99,0,25.95,101.03,45.00,699.00,null,null,null
2023-08-24T20:25:03Z,23.05,73.50,99,0,32.00,101.02,46.00,706.00,13,19,19
2023-08-24T20:26:03Z,23.08,73.38,99,0,28.25,101.02,45.00,699.00,null,null,null
2023-08-24T20:27:03Z,23.05,73.57,99,0,31.20,101.02,44.00,690.00,null,null,null
2023-08-24T20:28:03Z,23.05,73.56,99,0,27.94,101.02,42.00,682.00,null,null,null
2023-08-24T20:29:03Z,23.02,73.67,99,0,25.90,101.02,41.00,674.00,null,null,null
2023-08-24T20:30:03Z,22.98,73.60,99,0,30.77,101.02,40.00,666.00,17,23,23
2023-08-24T20:31:03Z,22.98,73.65,99,0,29.88,101.02,39.00,657.00,null,null,null
2023-08-24T20:32:03Z,22.98,73.62,99,0,31.03,101.02,41.00,674.00,null,null,null
2023-08-24T20:33:03Z,22.98,73.70,99,0,29.37,101.02,44.00,690.00,null,null,null
2023-08-24T20:34:03Z,22.95,73.74,99,0,32.91,101.02,46.00,706.00,null,null,null
2023-08-24T20:35:03Z,22.96,73.69,99,0,28.22,101.02,45.00,699.00,5,6,6
2023-08-24T20:36:03Z,22.94,73.84,99,0,31.62,101.02,44.00,690.00,null,null,null
2023-08-24T20:37:03Z,22.96,73.86,99,0,39.26,101.02,39.00,659.00,null,null,null
2023-08-24T20:38:03Z,22.94,73.86,99,0,27.45,101.02,38.00,652.00,null,null,null
2023-08-24T20:39:03Z,22.92,73.83,99,0,35.36,101.02,43.00,683.00,null,null,null
2023-08-24T20:40:03Z,22.90,73.87,99,0,27.84,101.02,48.00,717.00,17,21,21
2023-08-24T20:41:03Z,22.94,73.88,99,0,29.40,101.02,45.00,700.00,null,null,null
2023-08-24T20:42:03Z,22.91,73.96,99,0,32.78,101.02,43.00,683.00,null,null,null
2023-08-24T20:43:03Z,22.92,73.82,99,0,27.30,101.02,41.00,675.00,null,null,null
2023-08-24T20:44:03Z,22.88,73.91,99,0,28.44,101.02,43.00,683.00,null,null,null
2023-08-24T20:45:03Z,22.88,73.92,99,0,32.33,101.03,47.00,710.00,16,27,27
2023-08-24T20:46:03Z,22.88,74.03,99,0,30.25,101.03,47.00,710.00,null,null,null
2023-08-24T20:47:03Z,22.90,73.83,99,0,31.12,101.03,45.00,700.00,null,null,null
2023-08-24T20:48:03Z,22.90,73.91,99,0,34.42,101.03,48.00,717.00,null,null,null
2023-08-24T20:49:03Z,22.90,73.92,99,0,33.91,101.03,47.00,710.00,null,null,null
2023-08-24T20:50:03Z,22.88,73.95,99,0,28.57,101.03,44.00,692.00,8,18,18
2023-08-24T20:51:03Z,22.90,73.94,99,0,29.44,101.03,45.00,700.00,null,null,null
2023-08-24T20:52:03Z,22.88,73.86,99,0,27.69,101.03,45.00,700.00,null,null,null
2023-08-24T20:53:03Z,22.88,73.87,99,0,27.55,101.02,47.00,710.00,null,null,null
2023-08-24T20:54:03Z,22.90,73.91,99,0,27.66,101.02,50.00,730.00,null,null,null
2023-08-24T20:55:03Z,22.85,73.95,99,0,35.26,101.02,48.00,717.00,9,16,16
2023-08-24T20:56:03Z,22.87,73.94,99,0,28.96,101.03,47.00,710.00,null,null,null
2023-08-24T20:57:03Z,22.88,73.85,99,0,27.82,101.02,47.00,710.00,null,null,null
2023-08-24T20:58:03Z,22.85,73.82,99,0,27.92,101.03,48.00,717.00,null,null,null
2023-08-24T20:59:03Z,22.85,73.93,99,0,23.35,101.02,51.00,737.00,null,null,null
2023-08-24T21:00:03Z,22.87,73.77,99,0,33.63,101.02,48.00,717.00,12,19,19
2023-08-24T21:01:03Z,22.85,73.88,99,0,37.19,101.02,53.00,749.00,null,null,null
2023-08-24T21:02:03Z,22.88,73.76,99,0,24.68,101.03,54.00,759.00,null,null,null
2023-08-24T21:03:03Z,22.87,73.85,99,0,42.81,101.03,54.00,759.00,null,null,null
2023-08-24T21:04:03Z,22.87,73.85,99,0,36.79,101.03,54.00,759.00,null,null,null
2023-08-24T21:05:03Z,22.84,73.96,99,0,44.96,101.03,56.00,768.00,11,15,15
2023-08-24T21:06:03Z,22.87,74.10,99,0,44.47,101.03,58.00,787.00,null,null,null
2023-08-24T21:07:03Z,22.88,74.14,99,0,40.97,101.03,61.00,806.00,null,null,null
2023-08-24T21:08:03Z,22.88,74.16,99,0,24.58,101.03,61.00,806.00,null,null,null
2023-08-24T21:09:03Z,22.90,74.14,99,0,27.64,101.03,61.00,806.00,null,null,null
2023-08-24T21:10:03Z,22.88,74.14,99,0,25.06,101.03,61.00,806.00,9,17,17
2023-08-24T21:11:03Z,22.87,73.92,99,0,37.15,101.04,60.00,798.00,null,null,null
2023-08-24T21:12:03Z,22.87,73.82,99,0,31.67,101.04,54.00,759.00,null,null,null
2023-08-24T21:13:03Z,22.88,73.88,99,0,39.86,101.04,54.00,759.00,null,null,null
2023-08-24T21:14:03Z,22.87,73.81,99,0,28.74,101.04,57.00,778.00,null,null,null
2023-08-24T21:15:03Z,22.84,73.85,99,0,38.39,101.05,58.00,787.00,5,10,10
2023-08-24T21:16:03Z,22.85,73.78,99,0,30.07,101.05,58.00,787.00,null,null,null
2023-08-24T21:17:03Z,22.87,73.57,99,0,26.97,101.05,54.00,759.00,null,null,null
2023-08-24T21:18:03Z,22.85,73.54,99,0,26.24,101.05,52.00,744.00,null,null,null
2023-08-24T21:19:03Z,22.84,74.10,99,0,32.47,101.05,55.00,765.00,null,null,null
2023-08-24T21:20:03Z,22.84,74.26,99,0,35.26,101.05,60.00,798.00,13,20,20
2023-08-24T21:21:03Z,22.84,74.40,99,0,33.70,101.05,65.00,827.00,null,null,null
2023-08-24T21:22:03Z,22.88,73.66,99,0,33.00,101.05,62.00,808.00,null,null,null
2023-08-24T21:23:03Z,22.90,73.68,99,0,32.17,101.05,61.00,804.00,null,null,null
2023-08-24T21:24:03Z,22.90,73.47,99,0,42.07,101.05,60.00,795.00,null,null,null
2023-08-24T21:25:03Z,22.88,73.08,99,0,27.51,101.05,55.00,765.00,13,18,18
2023-08-24T21:26:03Z,22.88,73.00,99,0,29.09,101.05,53.00,749.00,null,null,null
2023-08-24T21:27:03Z,22.88,72.72,99,0,30.47,101.06,47.00,712.00,null,null,null
2023-08-24T21:28:03Z,22.87,72.92,99,0,28.89,101.05,47.00,710.00,null,null,null
2023-08-24T21:29:03Z,22.87,73.19,99,0,28.63,101.05,49.00,726.00,null,null,null
2023-08-24T21:30:03Z,22.85,73.05,99,0,28.81,101.05,49.00,726.00,9,14,14
2023-08-24T21:31:03Z,22.88,73.16,99,0,28.73,101.05,50.00,733.00,null,null,null
2023-08-24T21:32:03Z,22.87,72.93,99,0,34.13,101.06,47.00,712.00,null,null,null
2023-08-24T21:33:03Z,22.87,72.98,99,0,28.55,101.06,49.00,726.00,null,null,null
2023-08-24T21:34:03Z,22.87,72.69,99,0,29.70,101.06,47.00,712.00,null,null,null
2023-08-24T21:35:03Z,22.87,72.65,99,0,33.19,101.05,48.00,717.00,13,15,15
2023-08-24T21:36:03Z,22.88,72.75,99,0,36.53,101.05,47.00,710.00,null,null,null
2023-08-24T21:37:03Z,22.91,73.19,99,0,30.21,101.05,50.00,733.00,null,null,null
2023-08-24T21:38:03Z,22.90,73.44,99,0,29.88,101.05,55.00,763.00,null,null,null
2023-08-24T21:39:03Z,22.92,73.18,99,0,28.06,101.06,55.00,765.00,null,null,null
2023-08-24T21:40:03Z,22.91,73.09,99,0,36.71,101.06,57.00,780.00,12,19,19
2023-08-24T21:41:03Z,22.91,72.85,99,0,32.60,101.06,55.00,763.00,null,null,null
2023-08-24T21:42:03Z,22.95,72.44,99,0,31.08,101.06,52.00,742.00,null,null,null
2023-08-24T21:43:03Z,22.94,72.74,99,0,32.77,101.06,54.00,757.00,null,null,null
2023-08-24T21:44:03Z,22.92,72.15,99,0,26.97,101.06,53.00,748.00,null,null,null
2023-08-24T21:45:03Z,22.90,72.06,99,0,24.86,101.06,51.00,737.00,13,13,13
2023-08-24T21:46:03Z,22.91,71.89,99,0,24.83,101.06,47.00,715.00,null,null,null
2023-08-24T21:47:03Z,22.90,71.53,99,0,29.31,101.06,44.00,692.00,null,null,null
2023-08-24T21:48:03Z,22.90,71.70,99,0,30.02,101.05,42.00,679.00,null,null,null
2023-08-24T21:49:03Z,22.90,71.67,99,0,31.87,101.06,42.00,679.00,null,null,null
2023-08-24T21:50:03Z,22.87,71.79,99,0,41.95,101.06,42.00,679.00,9,9,9
2023-08-24T21:51:03Z,22.90,71.64,99,0,29.69,101.06,39.00,657.00,null,null,null
2023-08-24T21:52:03Z,22.87,71.44,99,0,26.08,101.06,39.00,660.00,null,null,null
2023-08-24T21:53:03Z,22.87,71.50,99,0,38.84,101.07,39.00,656.00,null,null,null
2023-08-24T21:54:03Z,22.85,71.38,99,0,27.89,101.07,37.00,649.00,null,null,null
2023-08-24T21:55:03Z,22.87,71.21,99,0,26.73,101.06,36.00,641.00,10,14,14
2023-08-24T21:56:03Z,22.85,71.35,99,0,28.74,101.06,37.00,649.00,null,null,null
2023-08-24T21:57:03Z,22.90,71.52,99,0,28.45,101.07,37.00,649.00,null,null,null
2023-08-24T21:58:03Z,22.85,71.16,99,0,26.73,101.07,36.00,641.00,null,null,null
2023-08-24T21:59:03Z,22.84,71.23,99,0,30.10,101.07,39.00,656.00,null,null,null
2023-08-24T22:00:03Z,22.82,71.16,99,0,25.87,101.07,39.00,656.00,11,28,28
2023-08-24T22:01:03Z,22.84,71.12,99,0,28.23,101.07,37.00,649.00,null,null,null
2023-08-24T22:02:03Z,22.87,71.37,99,0,27.87,101.08,40.00,665.00,null,null,null
2023-08-24T22:03:03Z,22.82,71.09,99,0,27.34,101.07,39.00,656.00,null,null,null
2023-08-24T22:04:03Z,22.82,70.78,99,0,26.16,101.08,39.00,656.00,null,null,null
2023-08-24T22:05:03Z,22.82,70.89,99,0,25.98,101.08,36.00,640.00,10,17,17
2023-08-24T22:06:03Z,22.84,70.45,99,0,22.18,101.08,34.00,626.00,null,null,null
2023-08-24T22:07:03Z,22.82,70.58,99,0,28.80,101.08,33.00,620.00,null,null,null
2023-08-24T22:08:03Z,22.81,71.19,99,0,33.49,101.08,37.00,645.00,null,null,null
2023-08-24T22:09:03Z,22.79,70.42,99,0,28.06,101.08,35.00,633.00,null,null,null
2023-08-24T22:10:03Z,22.78,69.82,99,0,52.52,101.08,30.00,602.00,17,24,24
2023-08-24T22:11:03Z,22.81,69.86,99,0,31.07,101.08,29.00,594.00,null,null,null
2023-08-24T22:12:03Z,22.78,69.66,99,0,26.43,101.08,26.00,575.00,null,null,null
2023-08-24T22:13:03Z,22.76,70.09,99,0,25.50,101.08,26.00,572.00,null,null,null
2023-08-24T22:14:03Z,22.74,69.95,99,0,28.37,101.08,26.00,575.00,null,null,null
2023-08-24T22:15:03Z,22.74,70.08,99,0,30.58,101.08,28.00,584.00,8,10,10
2023-08-24T22:16:03Z,22.75,70.08,99,0,29.13,101.08,27.00,578.00,null,null,null
2023-08-24T22:17:03Z,22.76,70.17,99,0,26.24,101.08,29.00,594.00,null,null,null
2023-08-24T22:18:03Z,22.76,69.69,99,0,24.79,101.08,29.00,594.00,null,null,null
2023-08-24T22:19:03Z,22.74,69.58,99,0,44.09,101.08,28.00,588.00,null,null,null
2023-08-24T22:20:03Z,22.75,70.13,99,0,26.38,101.08,28.00,589.00,6,12,12
2023-08-24T22:21:03Z,22.72,69.85,99,0,26.69,101.07,29.00,594.00,null,null,null
2023-08-24T22:22:03Z,22.74,69.92,99,0,31.06,101.08,30.00,599.00,null,null,null
2023-08-24T22:23:03Z,22.74,69.58,99,0,29.55,101.08,29.00,591.00,null,null,null
2023-08-24T22:24:03Z,22.74,69.70,99,0,30.15,101.07,29.00,596.00,null,null,null
2023-08-24T22:25:03Z,22.74,69.92,99,0,29.37,101.07,32.00,612.00,18,29,29
2023-08-24T22:26:03Z,22.72,69.75,99,0,30.10,101.07,32.00,612.00,null,null,null
2023-08-24T22:27:03Z,22.75,69.79,99,0,29.08,101.07,31.00,605.00,null,null,null
2023-08-24T22:28:03Z,22.72,69.68,99,0,41.00,101.08,31.00,607.00,null,null,null
2023-08-24T22:29:03Z,22.74,70.02,99,0,30.45,101.07,33.00,617.00,null,null,null
2023-08-24T22:30:03Z,22.72,69.96,99,0,29.17,101.07,33.00,617.00,10,25,31
2023-08-24T22:31:03Z,22.71,69.62,99,0,29.97,101.08,36.00,640.00,null,null,null
2023-08-24T22:32:03Z,22.74,69.68,99,0,29.89,101.07,36.00,640.00,null,null,null
2023-08-24T22:33:03Z,22.74,69.78,99,0,29.18,101.08,34.00,624.00,null,null,null
2023-08-24T22:34:03Z,22.71,69.93,99,0,29.36,101.08,34.00,627.00,null,null,null
2023-08-24T22:35:03Z,22.71,69.94,99,0,30.37,101.08,37.00,646.00,13,16,16
2023-08-24T22:36:03Z,22.75,69.42,99,0,43.99,101.08,37.00,646.00,null,null,null
2023-08-24T22:37:03Z,22.72,69.49,99,0,31.31,101.08,29.00,592.00,null,null,null
2023-08-24T22:38:03Z,22.71,69.21,99,0,28.99,101.07,41.00,675.00,null,null,null
2023-08-24T22:39:03Z,22.72,69.44,99,0,30.43,101.07,33.00,623.00,null,null,null
2023-08-24T22:40:03Z,22.68,69.52,99,0,30.91,101.07,32.00,612.00,10,22,22
2023-08-24T22:41:03Z,22.71,69.22,99,0,32.45,101.06,30.00,603.00,null,null,null
2023-08-24T22:42:03Z,22.70,69.38,99,0,39.31,101.06,28.00,589.00,null,null,null
2023-08-24T22:43:03Z,22.68,69.39,99,0,29.27,101.06,29.00,596.00,null,null,null
2023-08-24T22:44:03Z,22.67,69.20,99,0,31.86,101.06,28.00,589.00,null,null,null
2023-08-24T22:45:03Z,22.68,69.49,99,0,30.38,101.06,28.00,589.00,15,19,19
2023-08-24T22:46:03Z,22.67,69.43,99,0,25.03,101.06,28.00,584.00,null,null,null
2023-08-24T22:47:03Z,22.68,69.64,99,0,24.58,101.06,26.00,577.00,null,null,null
2023-08-24T22:48:03Z,22.68,69.53,99,0,26.99,101.06,29.00,596.00,null,null,null
2023-08-24T22:49:03Z,22.65,69.78,99,0,37.05,101.06,29.00,596.00,null,null,null
2023-08-24T22:50:03Z,22.65,69.71,99,0,23.68,101.06,30.00,599.00,8,19,19
2023-08-24T22:51:03Z,22.70,69.14,99,0,40.42,101.06,30.00,603.00,null,null,null
2023-08-24T22:52:03Z,22.68,69.09,99,0,26.08,101.06,33.00,617.00,null,null,null
2023-08-24T22:53:03Z,22.67,68.98,99,0,27.40,101.07,30.00,600.00,null,null,null
2023-08-24T22:54:03Z,22.67,68.78,99,0,29.22,101.07,27.00,581.00,null,null,null
2023-08-24T22:55:03Z,22.64,68.85,99,0,26.00,101.07,28.00,589.00,10,15,15
2023-08-24T22:56:03Z,22.68,68.45,99,0,33.15,101.07,29.00,594.00,null,null,null
2023-08-24T22:57:03Z,22.68,67.78,99,0,28.37,101.07,30.00,599.00,null,null,null
2023-08-24T22:58:03Z,22.65,67.52,99,0,27.49,101.07,30.00,599.00,null,null,null
2023-08-24T22:59:03Z,22.63,67.57,99,0,29.89,101.07,27.00,578.00,null,null,null
2023-08-24T23:00:03Z,22.61,67.71,99,0,33.29,101.07,25.00,566.00,8,17,17
2023-08-24T23:01:03Z,22.64,67.34,99,0,29.76,101.07,25.00,566.00,null,null,null
2023-08-24T23:02:03Z,22.63,67.16,99,0,34.78,101.07,25.00,566.00,null,null,null
2023-08-24T23:03:03Z,22.63,67.25,99,0,28.95,101.07,23.00,552.00,null,null,null
2023-08-24T23:04:03Z,22.61,67.25,99,0,30.11,101.07,23.00,553.00,null,null,null
2023-08-24T23:05:03Z,22.60,67.54,99,0,26.29,101.07,22.00,548.00,11,17,23
2023-08-24T23:06:03Z,22.61,67.53,99,0,26.67,101.07,21.00,540.00,null,null,null
2023-08-24T23:07:03Z,22.60,67.76,99,0,27.75,101.07,22.00,548.00,null,null,null
2023-08-24T23:08:03Z,22.61,67.84,99,0,28.76,101.07,23.00,552.00,null,null,null
2023-08-24T23:09:03Z,22.61,68.28,99,0,32.78,101.07,24.00,560.00,null,null,null
2023-08-24T23:10:03Z,22.60,67.96,99,0,27.84,101.07,26.00,574.00,11,23,23
2023-08-24T23:11:03Z,22.63,68.12,99,0,33.06,101.06,29.00,592.00,null,null,null
2023-08-24T23:12:03Z,22.61,67.93,99,0,25.79,101.06,32.00,612.00,null,null,null
2023-08-24T23:13:03Z,22.61,68.06,99,0,25.44,101.06,30.00,603.00,null,null,null
2023-08-24T23:14:03Z,22.61,67.68,99,0,26.06,101.06,30.00,603.00,null,null,null
2023-08-24T23:15:03Z,22.61,67.45,99,0,37.44,101.06,31.00,605.00,16,23,23
2023-08-24T23:16:03Z,22.63,67.54,99,0,24.39,101.06,29.00,591.00,null,null,null
2023-08-24T23:17:03Z,22.64,67.71,99,0,23.98,101.06,28.00,586.00,null,null,null
2023-08-24T23:18:03Z,22.65,67.98,99,0,29.95,101.06,29.00,591.00,null,null,null
2023-08-24T23:19:03Z,22.61,68.25,99,0,30.91,101.05,30.00,599.00,null,null,null
2023-08-24T23:20:03Z,22.61,67.74,99,0,38.71,101.05,32.00,615.00,13,15,15
2023-08-24T23:21:03Z,22.63,68.03,99,0,26.24,101.05,33.00,618.00,null,null,null
2023-08-24T23:22:03Z,22.64,67.16,99,0,29.65,101.05,35.00,633.00,null,null,null
2023-08-24T23:23:03Z,22.63,67.17,99,0,25.19,101.06,34.00,624.00,null,null,null
2023-08-24T23:24:03Z,22.63,67.52,99,0,27.20,101.06,32.00,612.00,null,null,null
2023-08-24T23:25:03Z,22.63,68.06,99,0,41.20,101.05,31.00,605.00,21,26,26
2023-08-24T23:26:03Z,22.63,67.65,99,0,27.06,101.05,32.00,612.00,null,null,null
2023-08-24T23:27:03Z,22.65,68.12,99,0,23.94,101.05,33.00,618.00,null,null,null
2023-08-24T23:28:03Z,22.67,68.35,99,0,23.35,101.06,37.00,649.00,null,null,null
2023-08-24T23:29:03Z,22.64,68.20,99,0,26.64,101.05,40.00,665.00,null,null,null
2023-08-24T23:30:03Z,22.65,67.51,99,0,24.61,101.06,41.00,671.00,12,24,40
2023-08-24T23:31:03Z,22.65,67.69,99,0,25.26,101.05,41.00,671.00,null,null,null
2023-08-24T23:32:03Z,22.67,66.67,99,0,26.71,101.05,41.00,671.00,null,null,null
2023-08-24T23:33:03Z,22.68,66.93,99,0,25.26,101.05,38.00,650.00,null,null,null
2023-08-24T23:34:03Z,22.64,66.83,99,0,44.28,101.05,38.00,652.00,null,null,null
2023-08-24T23:35:03Z,22.63,66.65,99,0,23.81,101.05,34.00,624.00,9,15,15
2023-08-24T23:36:03Z,22.67,66.66,99,0,25.29,101.05,33.00,617.00,null,null,null
2023-08-24T23:37:03Z,22.65,66.86,99,0,37.09,101.05,34.00,629.00,null,null,null
2023-08-24T23:38:03Z,22.64,66.23,99,0,27.60,101.05,32.00,612.00,null,null,null
2023-08-24T23:39:03Z,22.64,67.13,99,0,25.53,101.05,30.00,602.00,null,null,null
2023-08-24T23:40:03Z,22.64,66.57,99,0,23.68,101.05,29.00,596.00,9,19,19
2023-08-24T23:41:03Z,22.64,66.74,99,0,26.16,101.05,29.00,596.00,null,null,null
2023-08-24T23:42:03Z,22.65,66.69,99,0,23.05,101.05,30.00,600.00,null,null,null
2023-08-24T23:43:03Z,22.64,65.96,99,0,27.59,101.05,33.00,617.00,null,null,null
2023-08-24T23:44:03Z,22.61,65.81,99,0,29.04,101.04,27.00,581.00,null,null,null
2023-08-24T23:45:03Z,22.60,65.70,99,0,33.53,101.05,23.00,551.00,10,15,15
2023-08-24T23:46:03Z,22.60,65.70,99,0,26.80,101.05,22.00,549.00,null,null,null
2023-08-24T23:47:03Z,22.60,66.02,99,0,27.12,101.05,22.00,546.00,null,null,null
2023-08-24T23:48:03Z,22.56,65.68,99,0,26.97,101.05,21.00,542.00,null,null,null
2023-08-24T23:49:03Z,22.56,65.69,99,0,37.59,101.05,19.00,529.00,null,null,null
2023-08-24T23:50:03Z,22.54,65.37,99,0,26.99,101.05,17.00,518.00,8,9,9
2023-08-24T23:51:03Z,22.53,65.64,99,0,28.64,101.05,13.00,486.00,null,null,null
2023-08-24T23:52:03Z,22.51,65.71,99,0,29.28,101.05,12.00,481.00,null,null,null
2023-08-24T23:53:03Z,22.51,65.84,99,0,27.82,101.05,11.00,477.00,null,null,null
2023-08-24T23:54:03Z,22.50,65.95,99,0,30.29,101.05,11.00,473.00,null,null,null
2023-08-24T23:55:03Z,22.50,66.41,99,0,33.76,101.04,12.00,482.00,10,12,12
2023-08-24T23:56:03Z,22.47,66.30,99,0,26.64,101.05,13.00,487.00,null,null,null
2023-08-24T23:57:03Z,22.51,66.42,99,0,29.03,101.04,16.00,508.00,null,null,null
2023-08-24T23:58:03Z,22.50,66.24,99,0,27.12,101.05,19.00,527.00,null,null,null
2023-08-24T23:59:03Z,22.50,66.39,99,0,25.50,101.04,19.00,527.00,null,null,null
