TIME,TEMP,HUM,BATT,LIGHT,NOISE_A,PRESS,CCS811_VOCS,CCS811_ECO2,PM_1,PM_25,PM_10
ISO 8601,C,%,%,Lux,dBA,kPa,ppb,ppm,ug/m3,ug/m3,ug/m3
Time,Temperature,Humidity,Battery,Light,Noise dBA,Barometric pressure,VOC Gas CCS811,eCO2 Gas CCS811,PM 1.0,PM 2.5,PM 10.0
,55,56,10,14,53,58,113,112,89,87,88
2023-08-11T00:00:02Z,25.17,61.82,99,0,28.52,101.87,552.00,1878.00,0,0,0
2023-08-11T00:01:02Z,25.20,61.79,99,0,26.80,101.86,552.00,1878.00,null,null,null
2023-08-11T00:02:02Z,25.21,61.74,99,0,26.95,101.86,576.00,1894.00,null,null,null
2023-08-11T00:03:02Z,25.18,61.75,99,0,27.32,101.86,556.00,1882.00,null,null,null
2023-08-11T00:04:02Z,25.21,61.83,99,0,26.82,101.86,564.00,1885.00,null,null,null
2023-08-11T00:05:02Z,25.17,61.85,99,0,27.69,101.87,564.00,1885.00,0,0,0
2023-08-11T00:06:02Z,25.20,61.79,99,0,26.24,101.87,552.00,1878.00,null,null,null
2023-08-11T00:07:02Z,25.20,61.79,99,0,29.11,101.86,540.00,1867.00,null,null,null
2023-08-11T00:08:02Z,25.21,61.83,99,0,28.88,101.87,540.00,1867.00,null,null,null
2023-08-11T00:09:02Z,25.21,61.79,99,0,28.83,101.86,540.00,1867.00,null,null,null
2023-08-11T00:10:02Z,25.20,61.86,99,0,26.87,101.86,540.00,1867.00,0,0,0
2023-08-11T00:11:02Z,25.20,61.83,99,0,25.98,101.86,552.00,1878.00,null,null,null
2023-08-11T00:12:02Z,25.20,61.83,99,0,25.41,101.87,552.00,1878.00,null,null,null
2023-08-11T00:13:02Z,25.20,61.81,99,0,25.38,101.87,564.00,1885.00,null,null,null
2023-08-11T00:14:02Z,25.20,61.81,99,0,26.67,101.87,552.00,1878.00,null,null,null
2023-08-11T00:15:02Z,25.17,61.82,99,0,28.96,101.87,540.00,1867.00,0,0,0
2023-08-11T00:16:02Z,25.21,61.86,99,0,28.36,101.87,531.00,1861.00,null,null,null
2023-08-11T00:17:02Z,25.21,61.79,99,0,27.02,101.87,540.00,1867.00,null,null,null
2023-08-11T00:18:02Z,25.20,61.81,99,0,26.91,101.87,552.00,1878.00,null,null,null
2023-08-11T00:19:02Z,25.21,61.85,99,0,27.40,101.87,540.00,1867.00,null,null,null
2023-08-11T00:20:02Z,25.18,61.86,99,0,25.76,101.87,540.00,1867.00,0,0,0
2023-08-11T00:21:02Z,25.21,61.78,99,0,31.32,101.86,540.00,1867.00,null,null,null
2023-08-11T00:22:02Z,25.20,61.84,99,0,29.16,101.86,552.00,1878.00,null,null,null
2023-08-11T00:23:02Z,25.21,61.86,99,0,26.26,101.86,552.00,1878.00,null,null,null
2023-08-11T00:24:02Z,25.18,61.89,99,0,26.21,101.85,576.00,1894.00,null,null,null
2023-08-11T00:25:02Z,25.17,61.90,99,0,22.89,101.85,564.00,1885.00,0,0,0
2023-08-11T00:26:02Z,25.18,61.85,99,0,27.73,101.86,564.00,1885.00,null,null,null
2023-08-11T00:27:02Z,25.20,61.83,99,0,27.73,101.85,564.00,1885.00,null,null,null
2023-08-11T00:28:02Z,25.21,61.80,99,0,27.89,101.85,564.00,1885.00,null,null,null
2023-08-11T00:29:02Z,25.20,61.83,99,0,30.37,101.85,540.00,1867.00,null,null,null
2023-08-11T00:30:02Z,25.18,61.89,99,0,27.44,101.84,552.00,1878.00,0,0,0
2023-08-11T00:31:02Z,25.21,61.89,99,0,24.35,101.85,552.00,1878.00,null,null,null
2023-08-11T00:32:02Z,25.21,61.84,99,0,28.19,101.84,552.00,1878.00,null,null,null
2023-08-11T00:33:02Z,25.22,61.83,99,0,28.78,101.85,564.00,1885.00,null,null,null
2023-08-11T00:34:02Z,25.20,61.88,99,0,26.71,101.84,552.00,1878.00,null,null,null
2023-08-11T00:35:02Z,25.18,61.82,99,0,28.12,101.84,540.00,1867.00,0,0,0
2023-08-11T00:36:02Z,25.21,61.78,99,0,27.57,101.83,564.00,1885.00,null,null,null
2023-08-11T00:37:02Z,25.20,61.81,99,0,26.08,101.83,552.00,1878.00,null,null,null
2023-08-11T00:38:02Z,25.21,61.80,99,0,27.16,101.83,564.00,1885.00,null,null,null
2023-08-11T00:39:02Z,25.20,61.85,99,0,27.69,101.83,564.00,1885.00,null,null,null
2023-08-11T00:40:02Z,25.17,61.82,99,0,28.19,101.83,540.00,1867.00,0,0,0
2023-08-11T00:41:02Z,25.18,61.85,99,0,26.36,101.82,552.00,1878.00,null,null,null
2023-08-11T00:42:02Z,25.20,61.80,99,0,26.26,101.83,540.00,1867.00,null,null,null
2023-08-11T00:43:02Z,25.21,61.90,99,0,29.15,101.83,540.00,1867.00,null,null,null
2023-08-11T00:44:02Z,25.18,61.84,99,0,24.50,101.83,540.00,1867.00,null,null,null
2023-08-11T00:45:02Z,25.18,61.86,99,0,27.73,101.83,540.00,1867.00,0,0,0
2023-08-11T00:46:02Z,25.21,61.75,99,0,31.95,101.83,540.00,1867.00,null,null,null
2023-08-11T00:47:02Z,25.22,61.79,99,0,26.80,101.83,552.00,1878.00,null,null,null
2023-08-11T00:48:02Z,25.20,61.80,99,0,27.75,101.83,552.00,1878.00,null,null,null
2023-08-11T00:49:02Z,25.20,61.88,99,0,25.95,101.83,564.00,1885.00,null,null,null
2023-08-11T00:50:02Z,25.18,61.91,99,0,26.89,101.83,564.00,1885.00,0,0,0
2023-08-11T00:51:02Z,25.20,61.85,99,0,25.73,101.83,552.00,1878.00,null,null,null
2023-08-11T00:52:02Z,25.21,61.87,99,0,26.99,101.82,540.00,1867.00,null,null,null
2023-08-11T00:53:02Z,25.18,61.87,99,0,29.28,101.82,540.00,1867.00,null,null,null
2023-08-11T00:54:02Z,25.18,61.83,99,0,29.56,101.82,531.00,1861.00,null,null,null
2023-08-11T00:55:02Z,25.18,61.90,99,0,30.81,101.82,531.00,1861.00,0,0,0
2023-08-11T00:56:02Z,25.21,61.83,99,0,null,101.82,540.00,1867.00,null,null,null
2023-08-11T00:57:02Z,25.21,61.83,99,0,26.11,101.82,540.00,1867.00,null,null,null
2023-08-11T00:58:02Z,25.18,61.83,99,0,25.53,101.82,531.00,1861.00,null,null,null
2023-08-11T00:59:02Z,25.20,61.85,99,0,25.16,101.82,531.00,1861.00,null,null,null
2023-08-11T01:00:02Z,25.17,61.88,99,0,28.01,101.82,531.00,1861.00,0,0,0
2023-08-11T01:01:02Z,25.21,61.86,99,0,30.29,101.82,531.00,1861.00,null,null,null
2023-08-11T01:02:02Z,25.21,61.86,99,0,26.67,101.81,531.00,1861.00,null,null,null
2023-08-11T01:03:02Z,25.20,61.81,99,0,24.65,101.81,540.00,1867.00,null,null,null
2023-08-11T01:04:02Z,25.21,61.88,99,0,27.47,101.81,540.00,1867.00,null,null,null
2023-08-11T01:05:02Z,25.18,61.84,99,0,27.30,101.81,540.00,1867.00,0,0,0
2023-08-11T01:06:02Z,25.20,61.89,99,0,24.86,101.81,552.00,1878.00,null,null,null
2023-08-11T01:07:02Z,25.21,61.84,99,0,24.72,101.81,540.00,1867.00,null,null,null
2023-08-11T01:08:02Z,25.20,61.89,99,0,27.64,101.81,540.00,1867.00,null,null,null
2023-08-11T01:09:02Z,25.20,61.93,99,0,25.59,101.80,552.00,1878.00,null,null,null
2023-08-11T01:10:02Z,25.17,61.91,99,0,28.39,101.81,540.00,1867.00,0,0,0
2023-08-11T01:11:02Z,25.21,61.89,99,0,31.25,101.80,540.00,1867.00,null,null,null
2023-08-11T01:12:02Z,25.21,61.85,99,0,25.92,101.81,552.00,1878.00,null,null,null
2023-08-11T01:13:02Z,25.22,61.90,99,0,25.84,101.81,540.00,1867.00,null,null,null
2023-08-11T01:14:02Z,25.20,61.91,99,0,26.64,101.80,531.00,1861.00,null,null,null
2023-08-11T01:15:02Z,25.17,61.94,99,0,27.34,101.81,540.00,1867.00,0,0,0
2023-08-11T01:16:02Z,25.20,62.00,99,0,24.58,101.81,552.00,1878.00,null,null,null
2023-08-11T01:17:02Z,25.20,61.85,99,0,27.77,101.81,540.00,1867.00,null,null,null
2023-08-11T01:18:02Z,25.20,61.92,99,0,28.92,101.81,552.00,1878.00,null,null,null
2023-08-11T01:19:02Z,25.20,61.89,99,0,28.78,101.80,540.00,1867.00,null,null,null
2023-08-11T01:20:02Z,25.15,61.93,99,0,29.31,101.80,540.00,1867.00,0,0,0
2023-08-11T01:21:02Z,25.20,61.90,99,0,27.66,101.80,564.00,1885.00,null,null,null
2023-08-11T01:22:02Z,25.20,61.86,99,0,28.66,101.80,576.00,1894.00,null,null,null
2023-08-11T01:23:02Z,25.21,61.89,99,0,25.59,101.81,552.00,1878.00,null,null,null
2023-08-11T01:24:02Z,25.20,61.89,99,0,26.11,101.80,540.00,1867.00,null,null,null
2023-08-11T01:25:02Z,25.20,61.91,99,0,28.61,101.80,552.00,1878.00,0,0,0
2023-08-11T01:26:02Z,25.20,61.93,99,0,27.38,101.80,540.00,1867.00,null,null,null
2023-08-11T01:27:02Z,25.20,61.91,99,0,23.68,101.80,552.00,1878.00,null,null,null
2023-08-11T01:28:02Z,25.22,61.93,99,0,25.79,101.80,552.00,1878.00,null,null,null
2023-08-11T01:29:02Z,25.18,61.91,99,0,25.98,101.80,552.00,1878.00,null,null,null
2023-08-11T01:30:02Z,25.18,61.92,99,0,27.40,101.80,540.00,1867.00,0,0,0
2023-08-11T01:31:02Z,25.20,61.93,99,0,28.71,101.80,540.00,1867.00,null,null,null
2023-08-11T01:32:02Z,25.18,61.94,99,0,25.41,101.80,540.00,1867.00,null,null,null
2023-08-11T01:33:02Z,25.18,61.95,99,0,25.84,101.80,540.00,1867.00,null,null,null
2023-08-11T01:34:02Z,25.17,61.95,99,0,26.11,101.80,540.00,1867.00,null,null,null
2023-08-11T01:35:02Z,25.15,61.96,99,0,26.82,101.80,540.00,1867.00,0,0,0
2023-08-11T01:36:02Z,25.17,61.98,99,0,24.39,101.80,540.00,1867.00,null,null,null
2023-08-11T01:37:02Z,25.21,61.96,99,0,24.72,101.80,552.00,1878.00,null,null,null
2023-08-11T01:38:02Z,25.17,62.02,99,0,26.41,101.80,540.00,1867.00,null,null,null
2023-08-11T01:39:02Z,25.18,62.06,99,0,27.53,101.80,540.00,1867.00,null,null,null
2023-08-11T01:40:02Z,25.17,62.02,99,0,27.45,101.79,540.00,1867.00,0,0,0
2023-08-11T01:41:02Z,25.20,62.04,99,0,24.11,101.79,540.00,1867.00,null,null,null
2023-08-11T01:42:02Z,25.20,62.03,99,0,27.62,101.80,540.00,1867.00,null,null,null
2023-08-11T01:43:02Z,25.21,62.00,99,0,30.09,101.79,531.00,1861.00,null,null,null
2023-08-11T01:44:02Z,25.20,62.02,99,0,25.65,101.80,540.00,1867.00,null,null,null
2023-08-11T01:45:02Z,25.18,62.05,99,0,27.40,101.80,540.00,1867.00,0,0,0
2023-08-11T01:46:02Z,25.17,62.01,99,0,26.71,101.79,540.00,1867.00,null,null,null
2023-08-11T01:47:02Z,25.17,62.05,99,0,24.86,101.79,540.00,1867.00,null,null,null
2023-08-11T01:48:02Z,25.20,62.01,99,0,27.08,101.79,531.00,1861.00,null,null,null
2023-08-11T01:49:02Z,25.18,62.12,99,0,27.42,101.79,540.00,1867.00,null,null,null
2023-08-11T01:50:02Z,25.20,62.09,99,0,44.13,101.80,540.00,1867.00,0,0,0
2023-08-11T01:51:02Z,25.20,62.10,99,0,28.37,101.79,540.00,1867.00,null,null,null
2023-08-11T01:52:02Z,25.18,62.09,99,0,26.99,101.79,540.00,1867.00,null,null,null
2023-08-11T01:53:02Z,25.20,62.12,99,0,25.53,101.78,552.00,1878.00,null,null,null
2023-08-11T01:54:02Z,25.15,62.18,99,0,25.98,101.78,531.00,1861.00,null,null,null
2023-08-11T01:55:02Z,25.18,62.17,99,0,28.14,101.79,540.00,1867.00,0,0,0
2023-08-11T01:56:02Z,25.18,62.12,99,0,47.54,101.79,540.00,1867.00,null,null,null
2023-08-11T01:57:02Z,25.17,62.12,99,0,46.91,101.78,552.00,1878.00,null,null,null
2023-08-11T01:58:02Z,25.17,62.12,99,0,22.89,101.78,552.00,1878.00,null,null,null
2023-08-11T01:59:02Z,25.15,62.13,99,0,26.60,101.78,564.00,1885.00,null,null,null
2023-08-11T02:00:02Z,25.15,62.18,99,0,30.39,101.78,552.00,1878.00,0,0,0
2023-08-11T02:01:02Z,25.18,62.18,99,0,25.06,101.78,552.00,1878.00,null,null,null
2023-08-11T02:02:02Z,25.18,62.14,99,0,29.95,101.78,540.00,1867.00,null,null,null
2023-08-11T02:03:02Z,25.18,62.17,99,0,26.08,101.78,540.00,1867.00,null,null,null
2023-08-11T02:04:02Z,25.18,62.21,99,0,25.13,101.78,540.00,1867.00,null,null,null
2023-08-11T02:05:02Z,25.15,62.17,99,0,26.46,101.78,540.00,1867.00,0,0,0
2023-08-11T02:06:02Z,25.18,62.16,99,0,28.19,101.78,552.00,1878.00,null,null,null
2023-08-11T02:07:02Z,25.18,62.21,99,0,24.27,101.78,540.00,1867.00,null,null,null
2023-08-11T02:08:02Z,25.17,62.22,99,0,27.30,101.78,540.00,1867.00,null,null,null
2023-08-11T02:09:02Z,25.17,62.23,99,0,26.41,101.78,540.00,1867.00,null,null,null
2023-08-11T02:10:02Z,25.17,62.31,99,0,25.29,101.78,552.00,1878.00,0,0,0
2023-08-11T02:11:02Z,25.17,62.19,99,0,26.80,101.78,535.00,1863.00,null,null,null
2023-08-11T02:12:02Z,25.18,62.25,99,0,30.33,101.78,552.00,1878.00,null,null,null
2023-08-11T02:13:02Z,25.18,62.26,99,0,27.16,101.78,547.00,1874.00,null,null,null
2023-08-11T02:14:02Z,25.18,62.28,99,0,23.49,101.78,535.00,1863.00,null,null,null
2023-08-11T02:15:02Z,25.17,62.23,99,0,29.23,101.78,556.00,1882.00,0,0,0
2023-08-11T02:16:02Z,25.17,62.25,99,0,28.85,101.78,564.00,1885.00,null,null,null
2023-08-11T02:17:02Z,25.18,62.25,99,0,27.30,101.79,556.00,1882.00,null,null,null
2023-08-11T02:18:02Z,25.18,62.26,99,0,25.82,101.78,556.00,1882.00,null,null,null
2023-08-11T02:19:02Z,25.17,62.25,99,0,28.47,101.79,547.00,1874.00,null,null,null
2023-08-11T02:20:02Z,25.15,62.28,99,0,26.53,101.79,535.00,1863.00,0,0,0
2023-08-11T02:21:02Z,25.17,62.30,99,0,30.15,101.79,547.00,1874.00,null,null,null
2023-08-11T02:22:02Z,25.18,62.26,99,0,24.86,101.78,556.00,1882.00,null,null,null
2023-08-11T02:23:02Z,25.18,62.26,99,0,23.35,101.78,547.00,1874.00,null,null,null
2023-08-11T02:24:02Z,25.15,62.32,99,0,26.64,101.78,535.00,1863.00,null,null,null
2023-08-11T02:25:02Z,25.18,62.34,99,0,27.30,101.77,556.00,1882.00,0,0,0
2023-08-11T02:26:02Z,25.17,62.26,99,0,29.69,101.78,547.00,1874.00,null,null,null
2023-08-11T02:27:02Z,25.15,62.34,99,0,26.95,101.77,547.00,1874.00,null,null,null
2023-08-11T02:28:02Z,25.18,62.31,99,0,25.95,101.77,535.00,1863.00,null,null,null
2023-08-11T02:29:02Z,25.15,62.32,99,0,25.53,101.77,547.00,1874.00,null,null,null
2023-08-11T02:30:02Z,25.15,62.29,99,0,28.71,101.77,547.00,1874.00,0,0,0
2023-08-11T02:31:02Z,25.17,62.37,99,0,24.54,101.77,535.00,1863.00,null,null,null
2023-08-11T02:32:02Z,25.17,62.32,99,0,23.54,101.77,535.00,1863.00,null,null,null
2023-08-11T02:33:02Z,25.17,62.36,99,0,26.55,101.77,547.00,1874.00,null,null,null
2023-08-11T02:34:02Z,25.17,62.34,99,0,27.57,101.77,535.00,1863.00,null,null,null
2023-08-11T02:35:02Z,25.17,62.42,99,0,27.92,101.77,535.00,1863.00,0,0,0
2023-08-11T02:36:02Z,25.15,62.37,99,0,27.04,101.77,547.00,1874.00,null,null,null
2023-08-11T02:37:02Z,25.18,62.25,99,0,26.24,101.77,535.00,1863.00,null,null,null
2023-08-11T02:38:02Z,25.18,62.35,99,0,25.29,101.77,535.00,1863.00,null,null,null
2023-08-11T02:39:02Z,25.17,62.29,99,0,26.38,101.76,547.00,1874.00,null,null,null
2023-08-11T02:40:02Z,25.17,62.30,99,0,27.96,101.76,535.00,1863.00,0,0,0
2023-08-11T02:41:02Z,25.17,62.32,99,0,28.33,101.76,535.00,1863.00,null,null,null
2023-08-11T02:42:02Z,25.18,62.32,99,0,26.93,101.77,547.00,1874.00,null,null,null
2023-08-11T02:43:02Z,25.17,62.32,99,0,26.46,101.77,547.00,1874.00,null,null,null
2023-08-11T02:44:02Z,25.17,62.31,99,0,29.08,101.76,547.00,1874.00,null,null,null
2023-08-11T02:45:02Z,25.15,62.40,99,0,26.89,101.76,535.00,1863.00,0,0,0
2023-08-11T02:46:02Z,25.17,62.42,99,0,28.55,101.76,556.00,1882.00,null,null,null
2023-08-11T02:47:02Z,25.18,62.38,99,0,27.40,101.76,556.00,1882.00,null,null,null
2023-08-11T02:48:02Z,25.17,62.37,99,0,23.63,101.76,547.00,1874.00,null,null,null
2023-08-11T02:49:02Z,25.18,62.35,99,0,27.66,101.76,547.00,1874.00,null,null,null
2023-08-11T02:50:02Z,25.15,62.40,99,0,28.12,101.76,556.00,1882.00,0,0,0
2023-08-11T02:51:02Z,25.18,62.35,99,0,28.14,101.75,556.00,1882.00,null,null,null
2023-08-11T02:52:02Z,25.18,62.35,99,0,24.07,101.75,535.00,1863.00,null,null,null
2023-08-11T02:53:02Z,25.17,62.31,99,0,26.48,101.75,526.00,1857.00,null,null,null
2023-08-11T02:54:02Z,25.15,62.36,99,0,24.68,101.75,526.00,1857.00,null,null,null
2023-08-11T02:55:02Z,25.20,62.39,99,0,25.65,101.75,535.00,1863.00,0,0,0
2023-08-11T02:56:02Z,25.18,62.30,99,0,25.87,101.75,526.00,1857.00,null,null,null
2023-08-11T02:57:02Z,25.18,62.30,99,0,26.62,101.75,526.00,1857.00,null,null,null
2023-08-11T02:58:02Z,25.18,62.32,99,0,26.36,101.75,526.00,1857.00,null,null,null
2023-08-11T02:59:02Z,25.17,62.37,99,0,26.87,101.75,547.00,1874.00,null,null,null
2023-08-11T03:00:02Z,25.15,62.35,99,0,27.26,101.74,535.00,1863.00,0,0,0
2023-08-11T03:01:02Z,25.18,62.34,99,0,25.76,101.74,535.00,1863.00,null,null,null
2023-08-11T03:02:02Z,25.21,62.34,99,0,28.27,101.74,547.00,1874.00,null,null,null
2023-08-11T03:03:02Z,25.15,62.36,99,0,26.69,101.75,547.00,1874.00,null,null,null
2023-08-11T03:04:02Z,25.18,62.30,99,0,26.46,101.74,535.00,1863.00,null,null,null
2023-08-11T03:05:02Z,25.18,62.39,99,0,26.00,101.74,535.00,1863.00,0,0,0
2023-08-11T03:06:02Z,25.20,62.37,99,0,25.67,101.75,526.00,1857.00,null,null,null
2023-08-11T03:07:02Z,25.20,62.32,99,0,26.29,101.74,547.00,1874.00,null,null,null
2023-08-11T03:08:02Z,25.17,62.38,99,0,33.94,101.74,535.00,1863.00,null,null,null
2023-08-11T03:09:02Z,25.20,62.32,99,0,29.77,101.74,526.00,1857.00,null,null,null
2023-08-11T03:10:02Z,25.18,62.35,99,0,27.89,101.74,526.00,1857.00,0,0,0
2023-08-11T03:11:02Z,25.17,62.41,99,0,23.98,101.74,535.00,1863.00,null,null,null
2023-08-11T03:12:02Z,25.17,62.36,99,0,24.27,101.74,535.00,1863.00,null,null,null
2023-08-11T03:13:02Z,25.20,62.35,99,0,27.69,101.74,547.00,1874.00,null,null,null
2023-08-11T03:14:02Z,25.18,62.38,99,0,23.40,101.73,535.00,1863.00,null,null,null
2023-08-11T03:15:02Z,25.15,62.39,99,0,29.48,101.73,526.00,1857.00,0,0,0
2023-08-11T03:16:02Z,25.20,62.39,99,0,32.68,101.73,514.00,1849.00,null,null,null
2023-08-11T03:17:02Z,25.20,62.34,99,0,29.79,101.73,535.00,1863.00,null,null,null
2023-08-11T03:18:02Z,25.22,62.39,99,0,27.62,101.73,526.00,1857.00,null,null,null
2023-08-11T03:19:02Z,25.18,62.38,99,0,25.16,101.73,535.00,1863.00,null,null,null
2023-08-11T03:20:02Z,25.18,62.43,99,0,24.58,101.73,514.00,1849.00,0,0,0
2023-08-11T03:21:02Z,25.20,62.41,99,0,29.51,101.73,526.00,1857.00,null,null,null
2023-08-11T03:22:02Z,25.20,62.42,99,0,30.32,101.73,547.00,1874.00,null,null,null
2023-08-11T03:23:02Z,25.18,62.40,99,0,29.25,101.73,535.00,1863.00,null,null,null
2023-08-11T03:24:02Z,25.18,62.45,99,0,26.60,101.73,526.00,1857.00,null,null,null
2023-08-11T03:25:02Z,25.18,62.51,99,0,25.87,101.73,526.00,1857.00,0,0,0
2023-08-11T03:26:02Z,25.20,62.40,99,0,24.43,101.73,535.00,1863.00,null,null,null
2023-08-11T03:27:02Z,25.20,62.49,99,0,28.83,101.73,547.00,1874.00,null,null,null
2023-08-11T03:28:02Z,25.17,62.42,99,0,22.72,101.73,556.00,1882.00,null,null,null
2023-08-11T03:29:02Z,25.20,62.52,99,0,28.95,101.73,556.00,1882.00,null,null,null
2023-08-11T03:30:02Z,25.18,62.55,99,0,25.03,101.73,547.00,1874.00,0,0,0
2023-08-11T03:31:02Z,25.17,62.49,99,0,24.65,101.73,535.00,1863.00,null,null,null
2023-08-11T03:32:02Z,25.20,62.52,99,0,28.30,101.73,547.00,1874.00,null,null,null
2023-08-11T03:33:02Z,25.20,62.48,99,0,28.87,101.73,547.00,1874.00,null,null,null
2023-08-11T03:34:02Z,25.18,62.49,99,0,27.96,101.73,535.00,1863.00,null,null,null
2023-08-11T03:35:02Z,25.17,62.55,99,0,27.02,101.73,547.00,1874.00,0,0,0
2023-08-11T03:36:02Z,25.17,62.62,99,0,24.31,101.73,556.00,1882.00,null,null,null
2023-08-11T03:37:02Z,25.18,62.57,99,0,27.10,101.73,571.00,1890.00,null,null,null
2023-08-11T03:38:02Z,25.20,62.53,99,0,25.26,101.72,581.00,1897.00,null,null,null
2023-08-11T03:39:02Z,25.18,62.61,99,0,25.62,101.72,594.00,1906.00,null,null,null
2023-08-11T03:40:02Z,25.17,62.67,99,0,30.15,101.72,594.00,1906.00,0,0,0
2023-08-11T03:41:02Z,25.17,62.66,99,0,25.59,101.72,594.00,1906.00,null,null,null
2023-08-11T03:42:02Z,25.20,62.62,99,0,25.67,101.72,594.00,1906.00,null,null,null
2023-08-11T03:43:02Z,25.21,62.66,99,0,25.62,101.72,607.00,1914.00,null,null,null
2023-08-11T03:44:02Z,25.18,62.72,99,0,27.30,101.72,594.00,1906.00,null,null,null
2023-08-11T03:45:02Z,25.18,62.70,99,0,24.76,101.72,594.00,1906.00,0,0,0
2023-08-11T03:46:02Z,25.20,62.70,99,0,24.79,101.72,594.00,1906.00,null,null,null
2023-08-11T03:47:02Z,25.18,62.70,99,0,26.34,101.72,607.00,1914.00,null,null,null
2023-08-11T03:48:02Z,25.20,62.80,99,0,24.43,101.72,594.00,1906.00,null,null,null
2023-08-11T03:49:02Z,25.17,62.78,99,0,25.84,101.72,586.00,1900.00,null,null,null
2023-08-11T03:50:02Z,25.20,62.78,99,0,28.81,101.72,599.00,1910.00,0,0,0
2023-08-11T03:51:02Z,25.18,62.72,99,0,27.10,101.72,586.00,1900.00,null,null,null
2023-08-11T03:52:02Z,25.20,62.83,99,0,24.11,101.72,607.00,1914.00,null,null,null
2023-08-11T03:53:02Z,25.17,62.68,99,0,22.31,101.72,586.00,1900.00,null,null,null
2023-08-11T03:54:02Z,25.17,62.76,99,0,27.18,101.72,617.00,1920.00,null,null,null
2023-08-11T03:55:02Z,25.17,62.78,99,0,25.98,101.71,586.00,1900.00,0,0,0
2023-08-11T03:56:02Z,25.20,62.83,99,0,29.58,101.72,599.00,1910.00,null,null,null
2023-08-11T03:57:02Z,25.18,62.77,99,0,24.15,101.72,599.00,1910.00,null,null,null
2023-08-11T03:58:02Z,25.17,62.86,99,0,29.15,101.71,599.00,1910.00,null,null,null
2023-08-11T03:59:02Z,25.17,62.78,99,0,26.06,101.71,586.00,1900.00,null,null,null
2023-08-11T04:00:02Z,25.15,62.87,99,0,25.13,101.71,609.00,1915.00,0,0,0
2023-08-11T04:01:02Z,25.18,62.83,99,0,24.35,101.71,599.00,1910.00,null,null,null
2023-08-11T04:02:02Z,25.20,62.81,99,0,24.65,101.71,599.00,1910.00,null,null,null
2023-08-11T04:03:02Z,25.17,62.85,99,0,25.50,101.71,599.00,1910.00,null,null,null
2023-08-11T04:04:02Z,25.20,62.90,99,0,24.15,101.71,599.00,1910.00,null,null,null
2023-08-11T04:05:02Z,25.15,62.91,99,0,28.83,101.71,586.00,1900.00,0,0,0
2023-08-11T04:06:02Z,25.17,62.90,99,0,23.72,101.71,609.00,1915.00,null,null,null
2023-08-11T04:07:02Z,25.15,62.87,99,0,25.87,101.71,599.00,1910.00,null,null,null
2023-08-11T04:08:02Z,25.18,62.86,99,0,32.40,101.71,599.00,1910.00,null,null,null
2023-08-11T04:09:02Z,25.17,62.91,99,0,26.67,101.71,586.00,1900.00,null,null,null
2023-08-11T04:10:02Z,25.17,63.01,99,0,24.65,101.71,599.00,1910.00,0,0,0
2023-08-11T04:11:02Z,25.18,62.93,99,0,30.38,101.71,599.00,1910.00,null,null,null
2023-08-11T04:12:02Z,25.20,62.87,99,0,26.67,101.71,599.00,1910.00,null,null,null
2023-08-11T04:13:02Z,25.20,62.87,99,0,25.32,101.70,599.00,1910.00,null,null,null
2023-08-11T04:14:02Z,25.18,62.91,99,0,25.95,101.71,586.00,1900.00,null,null,null
2023-08-11T04:15:02Z,25.18,62.92,99,0,31.91,101.70,599.00,1910.00,0,0,0
2023-08-11T04:16:02Z,25.17,62.91,99,0,25.53,101.71,599.00,1910.00,null,null,null
2023-08-11T04:17:02Z,25.15,62.92,99,0,25.35,101.71,586.00,1900.00,null,null,null
2023-08-11T04:18:02Z,25.18,62.95,99,0,29.88,101.71,599.00,1910.00,null,null,null
2023-08-11T04:19:02Z,25.18,62.94,99,0,35.75,101.71,599.00,1910.00,null,null,null
2023-08-11T04:20:02Z,25.14,62.95,99,0,26.26,101.70,586.00,1900.00,0,0,0
2023-08-11T04:21:02Z,25.22,62.95,99,0,27.62,101.71,586.00,1900.00,null,null,null
2023-08-11T04:22:02Z,25.20,62.95,99,0,27.22,101.71,573.00,1892.00,null,null,null
2023-08-11T04:23:02Z,25.18,62.94,99,0,26.87,101.71,573.00,1892.00,null,null,null
2023-08-11T04:24:02Z,25.17,63.04,99,0,26.43,101.70,573.00,1892.00,null,null,null
2023-08-11T04:25:02Z,25.17,63.01,99,0,27.24,101.70,573.00,1892.00,0,0,0
2023-08-11T04:26:02Z,25.17,62.99,99,0,28.52,101.71,586.00,1900.00,null,null,null
2023-08-11T04:27:02Z,25.18,62.92,99,0,26.95,101.71,573.00,1892.00,null,null,null
2023-08-11T04:28:02Z,25.20,63.02,99,0,26.80,101.70,586.00,1900.00,null,null,null
2023-08-11T04:29:02Z,25.17,63.08,99,0,29.07,101.71,573.00,1892.00,null,null,null
2023-08-11T04:30:02Z,25.18,63.03,99,0,26.26,101.70,586.00,1900.00,0,0,0
2023-08-11T04:31:02Z,25.20,63.02,99,0,26.46,101.71,573.00,1892.00,null,null,null
2023-08-11T04:32:02Z,25.18,63.00,99,0,27.47,101.70,573.00,1892.00,null,null,null
2023-08-11T04:33:02Z,25.18,63.03,99,0,27.77,101.71,573.00,1892.00,null,null,null
2023-08-11T04:34:02Z,25.17,63.06,99,0,25.03,101.71,556.00,1882.00,null,null,null
2023-08-11T04:35:02Z,25.18,63.11,99,0,28.30,101.70,550.00,1877.00,0,0,0
2023-08-11T04:36:02Z,25.18,63.07,99,0,24.93,101.71,550.00,1877.00,null,null,null
2023-08-11T04:37:02Z,25.18,63.17,99,0,25.65,101.71,570.00,1889.00,null,null,null
2023-08-11T04:38:02Z,25.20,63.02,99,0,26.11,101.71,550.00,1877.00,null,null,null
2023-08-11T04:39:02Z,25.17,63.04,99,0,29.17,101.71,547.00,1874.00,null,null,null
2023-08-11T04:40:02Z,25.18,63.14,99,0,26.82,101.70,550.00,1877.00,0,0,0
2023-08-11T04:41:02Z,25.20,63.13,99,0,25.84,101.71,550.00,1877.00,null,null,null
2023-08-11T04:42:02Z,25.18,63.15,99,0,27.96,101.71,550.00,1877.00,null,null,null
2023-08-11T04:43:02Z,25.15,63.04,99,0,27.57,101.71,556.00,1882.00,null,null,null
2023-08-11T04:44:02Z,25.18,63.06,99,0,28.81,101.70,556.00,1882.00,null,null,null
2023-08-11T04:45:02Z,25.15,63.21,99,0,33.68,101.71,550.00,1877.00,0,0,0
2023-08-11T04:46:02Z,25.20,63.23,99,0,24.83,101.71,550.00,1877.00,null,null,null
2023-08-11T04:47:02Z,25.20,63.18,99,0,26.91,101.70,570.00,1889.00,null,null,null
2023-08-11T04:48:02Z,25.20,63.19,99,0,27.80,101.70,556.00,1882.00,null,null,null
2023-08-11T04:49:02Z,25.18,63.21,99,0,22.24,101.70,556.00,1882.00,null,null,null
2023-08-11T04:50:02Z,25.17,63.14,99,0,25.50,101.70,550.00,1877.00,0,0,0
2023-08-11T04:51:02Z,25.21,63.18,99,0,29.89,101.71,556.00,1882.00,null,null,null
2023-08-11T04:52:02Z,25.21,63.21,99,0,27.24,101.71,556.00,1882.00,null,null,null
2023-08-11T04:53:02Z,25.20,63.16,99,0,26.31,101.71,570.00,1889.00,null,null,null
2023-08-11T04:54:02Z,25.17,63.17,99,0,26.91,101.71,550.00,1877.00,null,null,null
2023-08-11T04:55:02Z,25.18,63.26,99,0,25.44,101.71,556.00,1882.00,0,0,0
2023-08-11T04:56:02Z,25.20,63.28,99,0,26.43,101.71,543.00,1870.00,null,null,null
2023-08-11T04:57:02Z,25.21,63.25,99,0,26.69,101.71,543.00,1870.00,null,null,null
2023-08-11T04:58:02Z,25.21,63.28,99,0,28.15,101.71,550.00,1877.00,null,null,null
2023-08-11T04:59:02Z,25.18,63.27,99,0,25.98,101.71,550.00,1877.00,null,null,null
2023-08-11T05:00:02Z,25.20,63.25,99,0,28.47,101.71,550.00,1877.00,0,0,0
2023-08-11T05:01:02Z,25.20,63.37,99,0,24.27,101.72,543.00,1870.00,null,null,null
2023-08-11T05:02:02Z,25.18,63.38,99,0,26.29,101.71,543.00,1870.00,null,null,null
2023-08-11T05:03:02Z,25.20,63.31,99,0,25.06,101.71,543.00,1870.00,null,null,null
2023-08-11T05:04:02Z,25.18,63.34,99,0,27.59,101.72,550.00,1877.00,null,null,null
2023-08-11T05:05:02Z,25.15,63.37,99,0,27.62,101.72,561.00,1884.00,0,0,0
2023-08-11T05:06:02Z,25.22,63.36,99,0,25.50,101.71,550.00,1877.00,null,null,null
2023-08-11T05:07:02Z,25.21,63.40,99,0,24.79,101.72,601.00,1911.00,null,null,null
2023-08-11T05:08:02Z,25.20,63.35,99,0,28.74,101.72,657.00,1946.00,null,null,null
2023-08-11T05:09:02Z,25.22,63.45,99,0,27.80,101.72,664.00,1950.00,null,null,null
2023-08-11T05:10:02Z,25.20,63.41,99,0,26.00,101.72,639.00,1934.00,0,0,0
2023-08-11T05:11:02Z,25.18,63.36,99,0,26.48,101.72,617.00,1920.00,null,null,null
2023-08-11T05:12:02Z,25.21,63.35,99,0,27.14,101.72,609.00,1915.00,null,null,null
2023-08-11T05:13:02Z,25.21,63.44,99,0,25.82,101.72,601.00,1911.00,null,null,null
2023-08-11T05:14:02Z,25.20,63.49,99,0,28.89,101.72,596.00,1908.00,null,null,null
2023-08-11T05:15:02Z,25.18,63.37,99,0,27.12,101.72,596.00,1908.00,0,0,0
2023-08-11T05:16:02Z,25.20,63.38,99,0,26.36,101.72,596.00,1908.00,null,null,null
2023-08-11T05:17:02Z,25.20,63.46,99,0,22.72,101.72,596.00,1908.00,null,null,null
2023-08-11T05:18:02Z,25.20,63.48,99,0,26.91,101.72,596.00,1908.00,null,null,null
2023-08-11T05:19:02Z,25.20,63.41,99,0,29.49,101.72,581.00,1897.00,null,null,null
2023-08-11T05:20:02Z,25.20,63.50,99,0,26.24,101.72,609.00,1915.00,0,0,0
2023-08-11T05:21:02Z,25.21,63.43,99,0,27.30,101.72,596.00,1908.00,null,null,null
2023-08-11T05:22:02Z,25.21,63.50,99,0,27.92,101.72,588.00,1902.00,null,null,null
2023-08-11T05:23:02Z,25.21,63.42,99,0,25.95,101.72,601.00,1911.00,null,null,null
2023-08-11T05:24:02Z,25.20,63.49,99,0,29.80,101.73,601.00,1911.00,null,null,null
2023-08-11T05:25:02Z,25.18,63.49,99,0,26.67,101.73,609.00,1915.00,0,0,0
2023-08-11T05:26:02Z,25.20,63.32,99,0,27.24,101.73,588.00,1902.00,null,null,null
2023-08-11T05:27:02Z,25.21,63.44,99,0,24.23,101.73,609.00,1915.00,null,null,null
2023-08-11T05:28:02Z,25.21,63.35,99,0,25.92,101.73,596.00,1908.00,null,null,null
2023-08-11T05:29:02Z,25.15,63.51,99,0,27.36,101.73,588.00,1902.00,null,null,null
2023-08-11T05:30:02Z,25.18,63.46,99,0,21.78,101.73,596.00,1908.00,0,0,0
2023-08-11T05:31:02Z,25.21,63.58,99,0,29.01,101.74,601.00,1911.00,null,null,null
2023-08-11T05:32:02Z,25.21,63.50,99,0,28.31,101.74,588.00,1902.00,null,null,null
2023-08-11T05:33:02Z,25.20,63.55,99,0,26.24,101.74,596.00,1908.00,null,null,null
2023-08-11T05:34:02Z,25.18,63.54,99,0,27.85,101.74,596.00,1908.00,null,null,null
2023-08-11T05:35:02Z,25.17,63.52,99,0,25.06,101.74,596.00,1908.00,0,0,0
2023-08-11T05:36:02Z,25.20,63.61,99,0,27.02,101.74,596.00,1908.00,null,null,null
2023-08-11T05:37:02Z,25.22,63.48,99,0,26.87,101.74,596.00,1908.00,null,null,null
2023-08-11T05:38:02Z,25.20,63.54,99,0,26.64,101.74,601.00,1911.00,null,null,null
2023-08-11T05:39:02Z,25.20,63.58,99,0,24.89,101.74,596.00,1908.00,null,null,null
2023-08-11T05:40:02Z,25.17,63.62,99,0,25.56,101.74,596.00,1908.00,0,0,0
2023-08-11T05:41:02Z,25.21,63.60,99,0,37.32,101.74,588.00,1902.00,null,null,null
2023-08-11T05:42:02Z,25.21,63.55,99,1,26.31,101.74,588.00,1902.00,null,null,null
2023-08-11T05:43:02Z,25.22,63.60,99,1,29.63,101.74,601.00,1911.00,null,null,null
2023-08-11T05:44:02Z,25.21,63.57,99,2,26.67,101.75,588.00,1902.00,null,null,null
2023-08-11T05:45:02Z,25.20,63.65,99,3,31.25,101.74,596.00,1908.00,0,0,0
2023-08-11T05:46:02Z,25.22,63.55,99,3,27.24,101.75,588.00,1902.00,null,null,null
2023-08-11T05:47:02Z,25.22,63.62,99,5,26.80,101.75,596.00,1908.00,null,null,null
2023-08-11T05:48:02Z,25.21,63.68,99,3,29.35,101.75,601.00,1911.00,null,null,null
2023-08-11T05:49:02Z,25.20,63.72,99,3,27.08,101.75,596.00,1908.00,null,null,null
2023-08-11T05:50:02Z,25.20,63.68,99,4,30.66,101.75,596.00,1908.00,0,0,0
2023-08-11T05:51:02Z,25.21,63.71,99,4,26.19,101.75,601.00,1911.00,null,null,null
2023-08-11T05:52:02Z,25.22,63.75,99,5,25.29,101.75,601.00,1911.00,null,null,null
2023-08-11T05:53:02Z,25.20,63.73,99,5,27.08,101.75,582.00,1898.00,null,null,null
2023-08-11T05:54:02Z,25.21,63.68,99,6,28.93,101.75,588.00,1902.00,null,null,null
2023-08-11T05:55:02Z,25.17,63.80,99,6,27.20,101.75,609.00,1915.00,0,0,0
2023-08-11T05:56:02Z,25.21,63.75,99,6,30.12,101.75,590.00,1903.00,null,null,null
2023-08-11T05:57:02Z,25.21,63.77,99,6,24.50,101.76,596.00,1908.00,null,null,null
2023-08-11T05:58:02Z,25.24,63.73,99,6,28.33,101.75,603.00,1913.00,null,null,null
2023-08-11T05:59:02Z,25.17,63.82,99,6,27.32,101.76,601.00,1911.00,null,null,null
2023-08-11T06:00:02Z,25.20,63.84,99,7,29.78,101.76,590.00,1903.00,0,0,0
2023-08-11T06:01:02Z,25.22,63.72,99,8,26.46,101.76,590.00,1903.00,null,null,null
2023-08-11T06:02:02Z,25.21,63.74,99,9,29.44,101.76,601.00,1911.00,null,null,null
2023-08-11T06:03:02Z,25.22,63.75,99,9,24.15,101.76,596.00,1908.00,null,null,null
2023-08-11T06:04:02Z,25.21,63.85,99,9,25.16,101.76,590.00,1903.00,null,null,null
2023-08-11T06:05:02Z,25.20,63.87,99,6,29.13,101.76,596.00,1908.00,0,0,0
2023-08-11T06:06:02Z,25.21,63.80,99,4,31.07,101.76,575.00,1893.00,null,null,null
2023-08-11T06:07:02Z,25.24,63.84,99,5,26.73,101.76,590.00,1903.00,null,null,null
2023-08-11T06:08:02Z,25.21,63.72,99,6,27.51,101.76,590.00,1903.00,null,null,null
2023-08-11T06:09:02Z,25.20,63.81,99,6,29.54,101.76,596.00,1908.00,null,null,null
2023-08-11T06:10:02Z,25.20,63.84,99,6,26.55,101.76,590.00,1903.00,0,0,0
2023-08-11T06:11:02Z,25.20,63.88,99,7,26.76,101.76,590.00,1903.00,null,null,null
2023-08-11T06:12:02Z,25.21,63.81,99,7,25.22,101.76,590.00,1903.00,null,null,null
2023-08-11T06:13:02Z,25.21,63.80,99,6,26.24,101.76,590.00,1903.00,null,null,null
2023-08-11T06:14:02Z,25.21,63.89,99,6,27.38,101.76,590.00,1903.00,null,null,null
2023-08-11T06:15:02Z,25.20,63.81,99,10,24.93,101.76,590.00,1903.00,0,0,0
2023-08-11T06:16:02Z,25.20,63.93,99,10,28.48,101.76,590.00,1903.00,null,null,null
2023-08-11T06:17:02Z,25.22,63.81,99,9,27.08,101.77,590.00,1903.00,null,null,null
2023-08-11T06:18:02Z,25.22,63.78,99,10,26.97,101.77,596.00,1908.00,null,null,null
2023-08-11T06:19:02Z,25.20,63.86,99,12,30.93,101.76,596.00,1908.00,null,null,null
2023-08-11T06:20:02Z,25.21,63.82,99,10,31.09,101.77,590.00,1903.00,0,0,0
2023-08-11T06:21:02Z,25.21,63.79,99,12,27.80,101.77,590.00,1903.00,null,null,null
2023-08-11T06:22:02Z,25.24,63.83,99,12,26.46,101.77,590.00,1903.00,null,null,null
2023-08-11T06:23:02Z,25.21,63.90,99,11,31.07,101.77,590.00,1903.00,null,null,null
2023-08-11T06:24:02Z,25.18,63.87,99,9,26.62,101.77,590.00,1903.00,null,null,null
2023-08-11T06:25:02Z,25.21,63.84,99,10,26.82,101.76,575.00,1893.00,0,0,0
2023-08-11T06:26:02Z,25.21,63.82,99,9,32.70,101.77,568.00,1888.00,null,null,null
2023-08-11T06:27:02Z,25.22,63.84,99,10,26.48,101.77,575.00,1893.00,null,null,null
2023-08-11T06:28:02Z,25.22,63.75,99,10,34.17,101.77,582.00,1898.00,null,null,null
2023-08-11T06:29:02Z,25.20,63.78,99,9,28.28,101.78,575.00,1893.00,null,null,null
2023-08-11T06:30:02Z,25.21,63.71,99,10,25.26,101.77,575.00,1893.00,0,0,0
2023-08-11T06:31:02Z,25.22,63.76,99,10,30.60,101.78,596.00,1908.00,null,null,null
2023-08-11T06:32:02Z,25.24,63.73,99,9,27.60,101.78,611.00,1917.00,null,null,null
2023-08-11T06:33:02Z,25.20,63.78,99,11,23.77,101.77,609.00,1915.00,null,null,null
2023-08-11T06:34:02Z,25.21,63.84,99,9,24.58,101.78,582.00,1898.00,null,null,null
2023-08-11T06:35:02Z,25.21,63.83,99,10,28.93,101.78,575.00,1893.00,0,0,0
2023-08-11T06:36:02Z,25.24,63.71,99,9,29.61,101.77,568.00,1888.00,null,null,null
2023-08-11T06:37:02Z,25.21,63.81,99,9,27.30,101.77,596.00,1908.00,null,null,null
2023-08-11T06:38:02Z,25.22,63.84,99,9,25.13,101.77,575.00,1893.00,null,null,null
2023-08-11T06:39:02Z,25.22,63.85,99,9,26.08,101.78,568.00,1888.00,null,null,null
2023-08-11T06:40:02Z,25.22,63.91,99,9,24.39,101.78,590.00,1903.00,0,0,0
2023-08-11T06:41:02Z,25.21,63.75,99,8,28.40,101.78,575.00,1893.00,null,null,null
2023-08-11T06:42:02Z,25.22,63.79,99,8,24.61,101.78,575.00,1893.00,null,null,null
2023-08-11T06:43:02Z,25.20,63.75,99,9,27.06,101.78,568.00,1888.00,null,null,null
2023-08-11T06:44:02Z,25.24,63.69,99,10,24.86,101.78,568.00,1888.00,null,null,null
2023-08-11T06:45:02Z,25.22,63.83,99,10,28.58,101.78,573.00,1892.00,0,0,0
2023-08-11T06:46:02Z,25.22,63.77,99,11,27.10,101.78,559.00,1883.00,null,null,null
2023-08-11T06:47:02Z,25.21,63.71,99,10,28.02,101.78,559.00,1883.00,null,null,null
2023-08-11T06:48:02Z,25.22,63.72,99,9,27.04,101.78,567.00,1887.00,null,null,null
2023-08-11T06:49:02Z,25.24,63.67,99,13,32.52,101.78,567.00,1887.00,null,null,null
2023-08-11T06:50:02Z,25.22,63.76,99,12,30.35,101.78,567.00,1887.00,0,0,0
2023-08-11T06:51:02Z,25.24,63.80,99,13,23.35,101.78,555.00,1880.00,null,null,null
2023-08-11T06:52:02Z,25.25,63.77,99,15,23.77,101.78,568.00,1888.00,null,null,null
2023-08-11T06:53:02Z,25.24,63.69,99,15,26.29,101.79,511.00,1847.00,null,null,null
2023-08-11T06:54:02Z,25.24,63.68,99,15,27.59,101.78,567.00,1887.00,null,null,null
2023-08-11T06:55:02Z,25.22,63.69,99,13,24.76,101.79,550.00,1877.00,0,0,0
2023-08-11T06:56:02Z,25.25,63.65,99,15,27.20,101.78,543.00,1870.00,null,null,null
2023-08-11T06:57:02Z,25.24,63.59,99,14,26.38,101.79,513.00,1848.00,null,null,null
2023-08-11T06:58:02Z,25.24,63.59,99,16,24.27,101.79,543.00,1870.00,null,null,null
2023-08-11T06:59:02Z,25.24,63.58,99,15,25.09,101.79,543.00,1870.00,null,null,null
2023-08-11T07:00:02Z,25.24,63.56,99,16,30.60,101.79,540.00,1867.00,0,0,0
2023-08-11T07:01:02Z,25.22,63.53,99,15,28.42,101.79,540.00,1867.00,null,null,null
2023-08-11T07:02:02Z,25.25,63.54,99,15,28.80,101.79,540.00,1867.00,null,null,null
2023-08-11T07:03:02Z,25.25,63.53,99,13,26.29,101.78,487.00,1829.00,null,null,null
2023-08-11T07:04:02Z,25.27,63.53,99,17,33.70,101.78,487.00,1829.00,null,null,null
2023-08-11T07:05:02Z,25.21,63.55,99,16,31.35,101.78,481.00,1825.00,0,0,0
2023-08-11T07:06:02Z,25.24,63.60,99,14,25.56,101.78,532.00,1862.00,null,null,null
2023-08-11T07:07:02Z,25.27,63.64,99,17,28.30,101.78,550.00,1877.00,null,null,null
2023-08-11T07:08:02Z,25.24,63.83,99,17,28.93,101.78,625.00,1926.00,null,null,null
2023-08-11T07:09:02Z,25.24,63.89,99,18,27.89,101.78,881.00,2080.00,null,null,null
2023-08-11T07:10:02Z,25.21,63.84,99,19,25.44,101.78,987.00,2132.00,0,0,0
2023-08-11T07:11:02Z,25.25,63.78,99,19,31.44,101.77,999.00,2138.00,null,null,null
2023-08-11T07:12:02Z,25.27,63.89,99,20,27.82,101.78,984.00,2130.00,null,null,null
2023-08-11T07:13:02Z,25.27,63.88,99,29,34.74,101.78,1045.00,2160.00,null,null,null
2023-08-11T07:14:02Z,25.22,63.73,99,82,32.16,101.77,1075.00,2172.00,null,null,null
2023-08-11T07:15:02Z,25.25,63.72,99,78,43.25,101.78,810.00,2035.00,0,0,0
2023-08-11T07:16:02Z,25.15,63.86,99,85,34.35,101.78,513.00,1848.00,null,null,null
2023-08-11T07:17:02Z,25.13,63.90,99,84,32.08,101.78,473.00,1818.00,null,null,null
2023-08-11T07:18:02Z,25.04,64.01,99,87,37.29,101.78,374.00,1738.00,null,null,null
2023-08-11T07:19:02Z,25.00,64.09,99,87,32.17,101.78,323.00,1685.00,null,null,null
2023-08-11T07:20:02Z,24.94,63.98,99,90,28.74,101.78,284.00,1642.00,0,0,0
2023-08-11T07:21:02Z,24.93,64.17,99,88,42.89,101.78,245.00,1599.00,null,null,null
2023-08-11T07:22:02Z,24.88,64.35,99,94,41.46,101.78,220.00,1567.00,null,null,null
2023-08-11T07:23:02Z,24.83,64.18,99,93,36.85,101.78,198.00,1539.00,null,null,null
2023-08-11T07:24:02Z,24.81,64.38,99,89,30.56,101.79,167.00,1499.00,null,null,null
2023-08-11T07:25:02Z,24.74,64.45,99,88,35.17,101.79,162.00,1465.00,0,0,0
2023-08-11T07:26:02Z,24.71,64.49,99,97,41.22,101.79,154.00,1416.00,null,null,null
2023-08-11T07:27:02Z,24.69,64.59,99,83,32.36,101.79,145.00,1356.00,null,null,null
2023-08-11T07:28:02Z,24.70,64.71,99,78,32.27,101.79,147.00,1367.00,null,null,null
2023-08-11T07:29:02Z,24.64,64.78,99,80,36.39,101.79,138.00,1310.00,null,null,null
2023-08-11T07:30:02Z,24.62,64.86,99,91,32.25,101.79,127.00,1238.00,0,0,0
2023-08-11T07:31:02Z,24.60,64.82,99,99,28.45,101.79,120.00,1191.00,null,null,null
2023-08-11T07:32:02Z,24.55,64.97,99,93,31.99,101.78,101.00,1068.00,null,null,null
2023-08-11T07:33:02Z,24.53,64.98,99,95,40.60,101.78,89.00,990.00,null,null,null
2023-08-11T07:34:02Z,24.52,64.93,99,93,32.17,101.78,85.00,964.00,null,null,null
2023-08-11T07:35:02Z,24.44,65.13,99,92,36.94,101.78,76.00,900.00,0,0,0
2023-08-11T07:36:02Z,24.46,64.90,99,91,30.64,101.78,78.00,913.00,null,null,null
2023-08-11T07:37:02Z,24.42,64.93,99,86,29.01,101.78,74.00,891.00,null,null,null
2023-08-11T07:38:02Z,24.37,64.97,99,125,28.85,101.78,64.00,821.00,null,null,null
2023-08-11T07:39:02Z,24.33,65.17,99,77,34.07,101.78,56.00,768.00,null,null,null
2023-08-11T07:40:02Z,24.28,65.03,99,85,35.19,101.78,56.00,768.00,0,0,0
2023-08-11T07:41:02Z,24.29,65.19,99,89,39.74,101.78,53.00,749.00,null,null,null
2023-08-11T07:42:02Z,24.26,65.28,99,92,29.30,101.78,52.00,742.00,null,null,null
2023-08-11T07:43:02Z,24.22,65.30,99,86,33.95,101.78,53.00,752.00,null,null,null
2023-08-11T07:44:02Z,24.19,65.30,99,98,43.47,101.78,71.00,868.00,null,null,null
2023-08-11T07:45:02Z,24.21,65.13,99,82,28.51,101.78,66.00,836.00,0,0,0
2023-08-11T07:46:02Z,24.19,65.40,99,73,34.26,101.78,61.00,802.00,null,null,null
2023-08-11T07:47:02Z,24.18,65.51,99,83,37.73,101.78,65.00,830.00,null,null,null
2023-08-11T07:48:02Z,24.16,65.33,99,81,36.33,101.79,63.00,819.00,null,null,null
2023-08-11T07:49:02Z,24.15,65.59,99,83,33.37,101.78,71.00,872.00,null,null,null
2023-08-11T07:50:02Z,24.12,65.41,99,77,48.82,101.79,79.00,920.00,0,0,0
2023-08-11T07:51:02Z,24.18,65.30,99,73,34.57,101.79,77.00,909.00,null,null,null
2023-08-11T07:52:02Z,24.18,65.26,99,75,35.35,101.79,65.00,830.00,null,null,null
2023-08-11T07:53:02Z,24.15,65.26,99,80,39.74,101.79,58.00,785.00,null,null,null
2023-08-11T07:54:02Z,24.11,65.47,99,89,31.56,101.79,54.00,757.00,null,null,null
2023-08-11T07:55:02Z,24.09,65.46,99,96,29.48,101.80,50.00,730.00,0,0,0
2023-08-11T07:56:02Z,24.09,65.36,99,82,32.17,101.80,48.00,719.00,null,null,null
2023-08-11T07:57:02Z,24.08,65.39,99,77,30.72,101.80,46.00,704.00,null,null,null
2023-08-11T07:58:02Z,24.05,65.48,99,92,37.01,101.80,39.00,657.00,null,null,null
2023-08-11T07:59:02Z,24.04,65.57,99,116,34.04,101.80,33.00,620.00,null,null,null
2023-08-11T08:00:02Z,24.02,65.69,99,131,37.38,101.81,32.00,614.00,0,0,0
2023-08-11T08:01:02Z,24.01,65.89,99,107,39.07,101.81,32.00,614.00,null,null,null
2023-08-11T08:02:02Z,24.00,65.87,99,111,30.90,101.80,31.00,607.00,null,null,null
2023-08-11T08:03:02Z,24.00,65.89,99,109,34.86,101.80,31.00,607.00,null,null,null
2023-08-11T08:04:02Z,23.97,65.97,99,136,38.21,101.80,34.00,627.00,null,null,null
2023-08-11T08:05:02Z,23.98,66.03,99,122,28.70,101.81,34.00,627.00,0,0,0
2023-08-11T08:06:02Z,24.00,65.96,99,97,32.26,101.81,37.00,649.00,null,null,null
2023-08-11T08:07:02Z,23.97,65.92,99,103,31.82,101.81,36.00,641.00,null,null,null
2023-08-11T08:08:02Z,23.98,65.85,99,117,29.71,101.81,42.00,682.00,null,null,null
2023-08-11T08:09:02Z,23.97,65.94,99,104,32.95,101.81,38.00,652.00,null,null,null
2023-08-11T08:10:02Z,23.95,66.04,99,91,32.64,101.81,35.00,634.00,0,0,0
2023-08-11T08:11:02Z,23.97,66.08,99,82,32.89,101.81,26.00,575.00,null,null,null
2023-08-11T08:12:02Z,23.95,66.12,99,78,40.20,101.81,26.00,572.00,null,null,null
2023-08-11T08:13:02Z,23.91,66.18,99,75,29.87,101.81,25.00,566.00,null,null,null
2023-08-11T08:14:02Z,23.92,66.09,99,91,37.68,101.81,21.00,543.00,null,null,null
2023-08-11T08:15:02Z,23.86,66.22,99,102,33.57,101.81,21.00,543.00,0,0,0
2023-08-11T08:16:02Z,23.88,66.08,99,94,33.63,101.81,19.00,531.00,null,null,null
2023-08-11T08:17:02Z,23.88,66.17,99,100,34.51,101.81,21.00,543.00,null,null,null
2023-08-11T08:18:02Z,23.85,66.34,99,85,28.92,101.81,19.00,529.00,null,null,null
2023-08-11T08:19:02Z,23.88,66.10,99,90,32.37,101.81,19.00,526.00,null,null,null
2023-08-11T08:20:02Z,23.88,66.12,99,94,33.66,101.82,26.00,575.00,0,0,0
2023-08-11T08:21:02Z,23.88,66.06,99,104,38.73,101.82,26.00,572.00,null,null,null
2023-08-11T08:22:02Z,23.88,66.06,99,100,28.57,101.81,30.00,600.00,null,null,null
2023-08-11T08:23:02Z,23.86,66.13,99,98,31.99,101.81,26.00,572.00,null,null,null
2023-08-11T08:24:02Z,23.88,66.06,99,108,34.03,101.81,26.00,572.00,null,null,null
2023-08-11T08:25:02Z,23.85,66.02,99,90,37.06,101.81,25.00,566.00,0,0,0
2023-08-11T08:26:02Z,23.86,66.03,99,79,35.89,101.82,19.00,531.00,null,null,null
2023-08-11T08:27:02Z,23.85,65.93,99,95,41.69,101.81,21.00,543.00,null,null,null
2023-08-11T08:28:02Z,23.85,65.92,99,87,32.39,101.81,21.00,543.00,null,null,null
2023-08-11T08:29:02Z,23.86,66.03,99,79,28.17,101.82,22.00,548.00,null,null,null
2023-08-11T08:30:02Z,23.84,65.99,99,64,34.49,101.81,19.00,529.00,0,0,0
2023-08-11T08:31:02Z,23.84,66.17,99,58,30.22,101.81,15.00,502.00,null,null,null
2023-08-11T08:32:02Z,23.85,65.99,99,82,36.41,101.82,13.00,487.00,null,null,null
2023-08-11T08:33:02Z,23.82,65.69,99,70,34.42,101.81,14.00,497.00,null,null,null
2023-08-11T08:34:02Z,23.82,66.03,99,86,55.03,101.81,14.00,497.00,null,null,null
2023-08-11T08:35:02Z,23.82,65.95,99,106,64.61,101.81,23.00,555.00,0,0,0
2023-08-11T08:36:02Z,23.85,66.00,99,118,60.51,101.81,34.00,624.00,null,null,null
2023-08-11T08:37:02Z,23.88,65.80,99,114,36.35,101.82,37.00,645.00,null,null,null
2023-08-11T08:38:02Z,23.89,65.74,99,86,52.55,101.81,36.00,638.00,null,null,null
2023-08-11T08:39:02Z,23.91,65.56,99,85,54.26,101.82,34.00,629.00,null,null,null
2023-08-11T08:40:02Z,23.88,65.74,99,92,30.90,101.82,30.00,600.00,0,0,0
2023-08-11T08:41:02Z,23.91,65.94,99,30,32.83,101.82,30.00,597.00,null,null,null
2023-08-11T08:42:02Z,23.92,65.79,99,141,56.26,101.82,47.00,715.00,null,null,null
2023-08-11T08:43:02Z,23.93,65.70,99,124,36.83,101.80,47.00,715.00,null,null,null
2023-08-11T08:44:02Z,23.93,65.76,99,137,36.84,101.82,42.00,682.00,null,null,null
2023-08-11T08:45:02Z,23.93,65.69,99,139,34.73,101.81,43.00,683.00,0,0,0
2023-08-11T08:46:02Z,24.00,65.69,99,132,47.66,101.81,46.00,704.00,null,null,null
2023-08-11T08:47:02Z,24.01,65.72,99,96,64.29,101.81,54.00,759.00,null,null,null
2023-08-11T08:48:02Z,24.04,65.45,99,120,33.48,101.80,69.00,857.00,null,null,null
2023-08-11T08:49:02Z,24.04,65.47,99,127,28.74,101.81,62.00,813.00,null,null,null
2023-08-11T08:50:02Z,24.05,65.33,99,120,64.71,101.81,62.00,813.00,0,0,0
2023-08-11T08:51:02Z,24.06,65.41,99,100,32.10,101.81,53.00,754.00,null,null,null
2023-08-11T08:52:02Z,24.08,65.19,99,107,41.08,101.81,52.00,742.00,null,null,null
2023-08-11T08:53:02Z,24.06,65.31,99,107,31.86,101.81,66.00,834.00,null,null,null
2023-08-11T08:54:02Z,24.09,65.14,99,106,34.80,101.81,84.00,954.00,null,null,null
2023-08-11T08:55:02Z,24.08,65.01,99,109,35.26,101.81,77.00,909.00,0,0,0
2023-08-11T08:56:02Z,24.11,64.92,99,112,54.74,101.81,71.00,868.00,null,null,null
2023-08-11T08:57:02Z,24.11,64.93,99,120,32.61,101.81,55.00,765.00,null,null,null
2023-08-11T08:58:02Z,24.11,65.04,99,128,38.11,101.81,41.00,672.00,null,null,null
2023-08-11T08:59:02Z,24.08,65.11,99,65,34.91,101.81,39.00,656.00,null,null,null
2023-08-11T09:00:02Z,24.08,65.19,99,156,32.37,101.81,50.00,732.00,0,0,0
2023-08-11T09:01:02Z,24.16,65.14,99,157,40.30,101.81,75.00,897.00,null,null,null
2023-08-11T09:02:02Z,24.13,64.75,99,158,34.94,101.81,63.00,819.00,null,null,null
2023-08-11T09:03:02Z,24.12,64.92,99,164,34.17,101.80,43.00,688.00,null,null,null
2023-08-11T09:04:02Z,24.11,64.94,99,160,48.24,101.81,40.00,665.00,null,null,null
2023-08-11T09:05:02Z,24.11,64.73,99,153,31.31,101.81,37.00,649.00,0,0,0
2023-08-11T09:06:02Z,24.12,64.42,99,148,35.70,101.81,24.00,564.00,null,null,null
2023-08-11T09:07:02Z,24.05,64.37,99,142,49.30,101.82,16.00,506.00,null,null,null
2023-08-11T09:08:02Z,24.05,64.30,99,139,41.49,101.81,8.00,456.00,null,null,null
2023-08-11T09:09:02Z,24.00,64.39,99,159,34.20,101.81,2.00,417.00,null,null,null
2023-08-11T09:10:02Z,23.98,64.59,99,175,33.17,101.81,2.00,417.00,0,0,0
2023-08-11T09:11:02Z,24.00,64.77,99,181,34.43,101.81,16.00,506.00,null,null,null
2023-08-11T09:12:02Z,23.97,64.58,99,171,32.90,101.81,15.00,505.00,null,null,null
2023-08-11T09:13:02Z,23.98,64.65,99,167,49.93,101.81,21.00,543.00,null,null,null
2023-08-11T09:14:02Z,23.98,64.38,99,201,34.70,101.80,21.00,539.00,null,null,null
2023-08-11T09:15:02Z,23.98,64.61,99,193,36.61,101.81,17.00,515.00,0,0,0
2023-08-11T09:16:02Z,24.00,64.76,99,193,36.15,101.80,20.00,533.00,null,null,null
2023-08-11T09:17:02Z,24.05,64.45,99,175,36.18,101.81,15.00,505.00,null,null,null
2023-08-11T09:18:02Z,24.01,64.49,99,148,37.58,101.80,12.00,482.00,null,null,null
2023-08-11T09:19:02Z,23.98,64.66,99,168,34.44,101.80,7.00,452.00,null,null,null
2023-08-11T09:20:02Z,24.00,64.65,99,195,30.79,101.80,6.00,445.00,0,0,0
2023-08-11T09:21:02Z,24.00,64.65,99,194,35.57,101.79,1.00,411.00,null,null,null
2023-08-11T09:22:02Z,23.97,64.69,99,185,32.30,101.79,2.00,417.00,null,null,null
2023-08-11T09:23:02Z,23.98,64.78,99,168,39.83,101.79,12.00,485.00,null,null,null
2023-08-11T09:24:02Z,23.97,64.87,99,172,34.78,101.79,7.00,447.00,null,null,null
2023-08-11T09:25:02Z,23.95,64.90,99,162,31.23,101.79,19.00,527.00,0,0,0
2023-08-11T09:26:02Z,24.02,64.87,99,157,48.96,101.79,33.00,620.00,null,null,null
2023-08-11T09:27:02Z,24.02,64.80,99,145,29.81,101.79,35.00,631.00,null,null,null
2023-08-11T09:28:02Z,24.05,64.78,99,165,42.14,101.79,35.00,631.00,null,null,null
2023-08-11T09:29:02Z,24.05,64.71,99,180,34.98,101.80,26.00,575.00,null,null,null
2023-08-11T09:30:02Z,24.04,64.64,99,190,37.19,101.79,17.00,515.00,0,0,0
2023-08-11T09:31:02Z,24.05,64.66,99,167,37.16,101.79,8.00,456.00,null,null,null
2023-08-11T09:32:02Z,24.04,64.75,99,151,39.61,101.79,1.00,411.00,null,null,null
2023-08-11T09:33:02Z,24.04,64.76,99,159,33.80,101.79,0.00,400.00,null,null,null
2023-08-11T09:34:02Z,24.08,64.44,99,171,36.32,101.79,9.00,460.00,null,null,null
2023-08-11T09:35:02Z,24.01,64.94,99,193,35.95,101.79,3.00,424.00,0,0,0
2023-08-11T09:36:02Z,24.01,64.74,99,199,33.97,101.79,10.00,470.00,null,null,null
2023-08-11T09:37:02Z,24.06,64.53,99,181,39.52,101.80,20.00,533.00,null,null,null
2023-08-11T09:38:02Z,24.02,64.59,99,157,34.67,101.79,8.00,456.00,null,null,null
2023-08-11T09:39:02Z,23.98,64.66,99,167,35.82,101.80,0.00,405.00,null,null,null
2023-08-11T09:40:02Z,23.98,64.85,99,161,33.44,101.80,0.00,400.00,0,0,0
2023-08-11T09:41:02Z,24.05,64.70,99,187,42.26,101.80,2.00,418.00,null,null,null
2023-08-11T09:42:02Z,24.05,64.78,99,187,37.44,101.80,1.00,408.00,null,null,null
2023-08-11T09:43:02Z,24.02,64.67,99,169,43.90,101.80,0.00,400.00,null,null,null
2023-08-11T09:44:02Z,24.04,64.52,99,166,36.44,101.80,1.00,409.00,null,null,null
2023-08-11T09:45:02Z,24.02,64.48,99,172,37.76,101.80,0.00,402.00,0,0,0
2023-08-11T09:46:02Z,24.02,64.67,99,173,35.48,101.80,0.00,400.00,null,null,null
2023-08-11T09:47:02Z,24.05,64.40,99,184,38.32,101.80,0.00,400.00,null,null,null
2023-08-11T09:48:02Z,24.02,64.58,99,196,38.19,101.80,0.00,400.00,null,null,null
2023-08-11T09:49:02Z,24.04,64.62,99,204,38.12,101.81,3.00,422.00,null,null,null
2023-08-11T09:50:02Z,24.05,64.70,99,207,34.95,101.81,18.00,524.00,0,0,0
2023-08-11T09:51:02Z,24.12,64.44,99,216,50.71,101.81,21.00,543.00,null,null,null
2023-08-11T09:52:02Z,24.13,64.27,99,180,34.83,101.80,17.00,514.00,null,null,null
2023-08-11T09:53:02Z,24.13,64.03,99,175,38.39,101.82,14.00,493.00,null,null,null
2023-08-11T09:54:02Z,24.09,64.17,99,160,38.18,101.82,8.00,456.00,null,null,null
2023-08-11T09:55:02Z,24.06,64.12,99,165,34.55,101.82,5.00,436.00,0,0,0
2023-08-11T09:56:02Z,24.11,64.24,99,188,38.82,101.82,7.00,451.00,null,null,null
2023-08-11T09:57:02Z,24.11,64.18,99,201,35.98,101.82,14.00,493.00,null,null,null
2023-08-11T09:58:02Z,24.12,64.21,99,81,28.22,101.82,12.00,482.00,null,null,null
2023-08-11T09:59:02Z,24.13,64.31,99,90,30.70,101.82,20.00,534.00,null,null,null
2023-08-11T10:00:02Z,24.16,64.38,99,90,28.85,101.82,51.00,735.00,0,0,0
2023-08-11T10:01:02Z,24.16,64.44,99,92,29.96,101.82,75.00,895.00,null,null,null
2023-08-11T10:02:02Z,24.22,64.43,99,105,24.79,101.82,94.00,1019.00,null,null,null
2023-08-11T10:03:02Z,24.22,64.40,99,97,31.06,101.82,110.00,1125.00,null,null,null
2023-08-11T10:04:02Z,24.23,64.38,99,99,33.05,101.81,130.00,1255.00,null,null,null
2023-08-11T10:05:02Z,24.26,64.42,99,88,29.93,101.82,150.00,1389.00,0,0,0
2023-08-11T10:06:02Z,24.31,64.35,99,81,28.60,101.82,150.00,1385.00,null,null,null
2023-08-11T10:07:02Z,24.33,64.37,99,91,27.78,101.82,166.00,1495.00,null,null,null
2023-08-11T10:08:02Z,24.36,64.32,99,87,32.25,101.81,177.00,1508.00,null,null,null
2023-08-11T10:09:02Z,24.35,64.29,99,95,30.07,101.82,190.00,1527.00,null,null,null
2023-08-11T10:10:02Z,24.37,64.26,99,91,27.94,101.82,202.00,1543.00,0,0,0
2023-08-11T10:11:02Z,24.40,64.24,99,94,24.61,101.82,214.00,1559.00,null,null,null
2023-08-11T10:12:02Z,24.43,64.18,99,89,25.16,101.81,225.00,1573.00,null,null,null
2023-08-11T10:13:02Z,24.44,64.14,99,71,26.69,101.81,229.00,1581.00,null,null,null
2023-08-11T10:14:02Z,24.42,64.13,99,85,25.70,101.81,238.00,1592.00,null,null,null
2023-08-11T10:15:02Z,24.46,64.12,99,88,24.79,101.81,248.00,1603.00,0,0,0
2023-08-11T10:16:02Z,24.46,64.05,99,91,22.78,101.81,258.00,1614.00,null,null,null
2023-08-11T10:17:02Z,24.47,64.07,99,89,25.00,101.81,264.00,1620.00,null,null,null
2023-08-11T10:18:02Z,24.50,63.99,99,93,29.16,101.81,269.00,1627.00,null,null,null
2023-08-11T10:19:02Z,24.53,64.00,99,99,27.80,101.82,269.00,1627.00,null,null,null
2023-08-11T10:20:02Z,24.52,63.99,99,85,26.64,101.82,279.00,1637.00,0,0,0
2023-08-11T10:21:02Z,24.56,63.93,99,79,21.64,101.82,285.00,1644.00,null,null,null
2023-08-11T10:22:02Z,24.59,63.90,99,83,27.75,101.81,291.00,1651.00,null,null,null
2023-08-11T10:23:02Z,24.59,63.87,99,96,28.48,101.82,296.00,1657.00,null,null,null
2023-08-11T10:24:02Z,24.59,63.84,99,106,30.65,101.82,296.00,1657.00,null,null,null
2023-08-11T10:25:02Z,24.59,63.89,99,87,24.23,101.82,301.00,1663.00,0,0,0
2023-08-11T10:26:02Z,24.60,63.85,99,79,26.73,101.82,307.00,1668.00,null,null,null
2023-08-11T10:27:02Z,24.62,63.82,99,99,25.84,101.82,307.00,1668.00,null,null,null
2023-08-11T10:28:02Z,24.64,63.81,99,93,27.94,101.82,307.00,1668.00,null,null,null
2023-08-11T10:29:02Z,24.64,63.80,99,92,30.92,101.82,313.00,1674.00,null,null,null
2023-08-11T10:30:02Z,24.63,63.79,99,103,27.90,101.81,319.00,1680.00,0,0,0
2023-08-11T10:31:02Z,24.66,63.78,99,118,27.62,101.82,325.00,1686.00,null,null,null
2023-08-11T10:32:02Z,24.70,63.66,99,122,27.02,101.81,331.00,1692.00,null,null,null
2023-08-11T10:33:02Z,24.67,63.67,99,119,25.62,101.81,329.00,1690.00,null,null,null
2023-08-11T10:34:02Z,24.70,63.64,99,119,29.46,101.80,334.00,1695.00,null,null,null
2023-08-11T10:35:02Z,24.71,63.68,99,110,26.69,101.81,334.00,1695.00,0,0,0
2023-08-11T10:36:02Z,24.73,63.62,99,111,29.53,101.81,342.00,1704.00,null,null,null
2023-08-11T10:37:02Z,24.74,63.60,99,89,23.30,101.81,342.00,1704.00,null,null,null
2023-08-11T10:38:02Z,24.76,63.56,99,74,24.58,101.81,342.00,1704.00,null,null,null
2023-08-11T10:39:02Z,24.76,63.59,99,79,25.38,101.80,338.00,1700.00,null,null,null
2023-08-11T10:40:02Z,24.74,63.57,99,93,27.82,101.80,333.00,1695.00,0,0,0
2023-08-11T10:41:02Z,24.77,63.56,99,125,23.90,101.81,354.00,1715.00,null,null,null
2023-08-11T10:42:02Z,24.81,63.50,99,122,31.35,101.80,338.00,1700.00,null,null,null
2023-08-11T10:43:02Z,24.83,63.51,99,105,25.53,101.81,338.00,1700.00,null,null,null
2023-08-11T10:44:02Z,24.83,63.48,99,107,29.53,101.80,338.00,1700.00,null,null,null
2023-08-11T10:45:02Z,24.81,63.49,99,116,26.99,101.80,338.00,1700.00,0,0,0
2023-08-11T10:46:02Z,24.86,63.44,99,116,25.92,101.80,347.00,1708.00,null,null,null
2023-08-11T10:47:02Z,24.84,63.42,99,93,29.49,101.81,352.00,1714.00,null,null,null
2023-08-11T10:48:02Z,24.86,63.46,99,78,30.69,101.80,347.00,1708.00,null,null,null
2023-08-11T10:49:02Z,24.84,63.40,99,64,26.41,101.82,347.00,1708.00,null,null,null
2023-08-11T10:50:02Z,24.86,63.46,99,66,25.03,101.82,347.00,1708.00,0,0,0
2023-08-11T10:51:02Z,24.87,63.39,99,65,28.78,101.81,352.00,1714.00,null,null,null
2023-08-11T10:52:02Z,24.87,63.35,99,63,24.79,101.81,352.00,1714.00,null,null,null
2023-08-11T10:53:02Z,24.88,63.37,99,53,23.63,101.82,352.00,1714.00,null,null,null
2023-08-11T10:54:02Z,24.88,63.37,99,77,25.09,101.81,360.00,1723.00,null,null,null
2023-08-11T10:55:02Z,24.88,63.40,99,89,27.44,101.82,360.00,1723.00,0,0,0
2023-08-11T10:56:02Z,24.90,63.34,99,94,28.47,101.81,367.00,1730.00,null,null,null
2023-08-11T10:57:02Z,24.93,63.29,99,95,30.14,101.81,367.00,1730.00,null,null,null
2023-08-11T10:58:02Z,24.91,63.32,99,106,25.44,101.81,367.00,1730.00,null,null,null
2023-08-11T10:59:02Z,24.93,63.32,99,95,25.82,101.81,374.00,1738.00,null,null,null
2023-08-11T11:00:02Z,24.90,63.29,99,94,25.22,101.81,367.00,1730.00,0,0,0
2023-08-11T11:01:02Z,24.93,63.30,99,102,25.44,101.81,367.00,1730.00,null,null,null
2023-08-11T11:02:02Z,24.95,63.25,99,101,26.29,101.80,374.00,1738.00,null,null,null
2023-08-11T11:03:02Z,24.95,63.24,99,98,25.65,101.80,374.00,1738.00,null,null,null
2023-08-11T11:04:02Z,24.94,63.24,99,99,26.34,101.80,381.00,1741.00,null,null,null
2023-08-11T11:05:02Z,24.94,63.23,99,106,29.55,101.81,381.00,1741.00,0,0,0
2023-08-11T11:06:02Z,24.97,63.21,99,118,27.66,101.80,381.00,1741.00,null,null,null
2023-08-11T11:07:02Z,24.97,63.21,99,108,26.80,101.80,398.00,1757.00,null,null,null
2023-08-11T11:08:02Z,25.00,63.17,99,112,26.38,101.80,398.00,1757.00,null,null,null
2023-08-11T11:09:02Z,24.98,63.18,99,114,28.68,101.80,398.00,1757.00,null,null,null
2023-08-11T11:10:02Z,25.00,63.21,99,120,24.03,101.79,398.00,1757.00,0,0,0
2023-08-11T11:11:02Z,25.02,63.18,99,122,26.82,101.79,398.00,1757.00,null,null,null
2023-08-11T11:12:02Z,25.00,63.17,99,111,26.08,101.79,404.00,1761.00,null,null,null
2023-08-11T11:13:02Z,25.00,63.13,99,96,26.16,101.80,398.00,1757.00,null,null,null
2023-08-11T11:14:02Z,25.01,63.15,99,102,26.93,101.80,404.00,1761.00,null,null,null
2023-08-11T11:15:02Z,25.01,63.14,99,96,27.12,101.80,398.00,1757.00,0,0,0
2023-08-11T11:16:02Z,25.02,63.17,99,79,23.54,101.80,404.00,1761.00,null,null,null
2023-08-11T11:17:02Z,25.04,63.13,99,79,25.32,101.80,404.00,1761.00,null,null,null
2023-08-11T11:18:02Z,25.01,63.15,99,88,27.16,101.80,404.00,1761.00,null,null,null
2023-08-11T11:19:02Z,25.02,63.17,99,103,28.28,101.80,404.00,1761.00,null,null,null
2023-08-11T11:20:02Z,25.02,63.17,99,90,26.89,101.80,404.00,1761.00,0,0,0
2023-08-11T11:21:02Z,25.05,63.17,99,73,28.92,101.80,404.00,1761.00,null,null,null
2023-08-11T11:22:02Z,25.07,63.12,99,81,26.64,101.80,404.00,1761.00,null,null,null
2023-08-11T11:23:02Z,25.08,63.15,99,90,27.30,101.80,404.00,1761.00,null,null,null
2023-08-11T11:24:02Z,25.04,63.17,99,87,26.34,101.80,414.00,1770.00,null,null,null
2023-08-11T11:25:02Z,25.05,63.15,99,91,28.55,101.80,414.00,1770.00,0,0,0
2023-08-11T11:26:02Z,25.08,63.12,99,112,25.79,101.80,421.00,1774.00,null,null,null
2023-08-11T11:27:02Z,25.08,63.08,99,121,26.76,101.80,421.00,1774.00,null,null,null
2023-08-11T11:28:02Z,25.08,63.12,99,130,24.19,101.81,421.00,1774.00,null,null,null
2023-08-11T11:29:02Z,25.07,63.10,99,145,25.44,101.81,421.00,1774.00,null,null,null
2023-08-11T11:30:02Z,25.11,63.11,99,165,32.13,101.81,421.00,1774.00,0,0,0
2023-08-11T11:31:02Z,25.11,63.06,99,158,27.66,101.80,431.00,1783.00,null,null,null
2023-08-11T11:32:02Z,25.14,63.10,99,161,27.77,101.81,431.00,1783.00,null,null,null
2023-08-11T11:33:02Z,25.13,63.08,99,151,26.78,101.80,421.00,1774.00,null,null,null
2023-08-11T11:34:02Z,25.13,63.05,99,167,27.02,101.81,421.00,1774.00,null,null,null
2023-08-11T11:35:02Z,25.14,63.10,99,181,28.57,101.81,431.00,1783.00,0,0,0
2023-08-11T11:36:02Z,25.15,63.03,99,182,28.42,101.81,438.00,1789.00,null,null,null
2023-08-11T11:37:02Z,25.17,62.99,99,170,25.44,101.81,431.00,1783.00,null,null,null
2023-08-11T11:38:02Z,25.15,63.00,99,162,26.69,101.81,431.00,1783.00,null,null,null
2023-08-11T11:39:02Z,25.17,63.02,99,159,28.34,101.81,438.00,1789.00,null,null,null
2023-08-11T11:40:02Z,25.14,63.02,99,184,26.82,101.80,431.00,1783.00,0,0,0
2023-08-11T11:41:02Z,25.17,63.01,99,193,25.67,101.79,438.00,1789.00,null,null,null
2023-08-11T11:42:02Z,25.18,62.95,99,183,29.07,101.80,438.00,1789.00,null,null,null
2023-08-11T11:43:02Z,25.18,62.91,99,194,28.04,101.79,438.00,1789.00,null,null,null
2023-08-11T11:44:02Z,25.20,62.92,99,198,25.76,101.79,448.00,1799.00,null,null,null
2023-08-11T11:45:02Z,25.20,62.94,99,173,28.68,101.80,438.00,1789.00,0,0,0
2023-08-11T11:46:02Z,25.21,62.87,99,176,27.34,101.79,448.00,1799.00,null,null,null
2023-08-11T11:47:02Z,25.22,62.82,99,146,25.70,101.79,448.00,1799.00,null,null,null
2023-08-11T11:48:02Z,25.21,62.85,99,160,34.80,101.79,448.00,1799.00,null,null,null
2023-08-11T11:49:02Z,25.20,62.85,99,166,30.35,101.79,456.00,1805.00,null,null,null
2023-08-11T11:50:02Z,25.22,62.85,99,161,27.28,101.79,467.00,1814.00,0,0,0
2023-08-11T11:51:02Z,25.24,62.87,99,146,25.62,101.79,474.00,1819.00,null,null,null
2023-08-11T11:52:02Z,25.25,62.87,99,145,28.40,101.79,474.00,1819.00,null,null,null
2023-08-11T11:53:02Z,25.22,62.83,99,145,25.22,101.79,425.00,1778.00,null,null,null
2023-08-11T11:54:02Z,25.24,62.83,99,136,25.47,101.79,474.00,1819.00,null,null,null
2023-08-11T11:55:02Z,25.22,62.82,99,146,28.85,101.79,474.00,1819.00,0,0,0
2023-08-11T11:56:02Z,25.24,62.83,99,153,26.11,101.79,487.00,1829.00,null,null,null
2023-08-11T11:57:02Z,25.25,62.80,99,162,32.85,101.79,487.00,1829.00,null,null,null
2023-08-11T11:58:02Z,25.25,62.76,99,159,27.75,101.79,444.00,1795.00,null,null,null
2023-08-11T11:59:02Z,25.25,62.77,99,160,29.44,101.78,444.00,1795.00,null,null,null
2023-08-11T12:00:02Z,25.24,62.82,99,169,28.52,101.79,452.00,1803.00,0,0,0
2023-08-11T12:01:02Z,25.27,62.79,99,152,33.70,101.79,505.00,1843.00,null,null,null
2023-08-11T12:02:02Z,25.28,62.74,99,139,30.50,101.78,461.00,1810.00,null,null,null
2023-08-11T12:03:02Z,25.28,62.76,99,152,27.62,101.78,468.00,1814.00,null,null,null
2023-08-11T12:04:02Z,25.28,62.79,99,159,28.28,101.78,461.00,1810.00,null,null,null
2023-08-11T12:05:02Z,25.24,62.79,99,142,25.22,101.77,461.00,1810.00,0,0,0
2023-08-11T12:06:02Z,25.27,62.80,99,164,33.47,101.78,518.00,1852.00,null,null,null
2023-08-11T12:07:02Z,25.30,62.81,99,147,27.51,101.77,480.00,1824.00,null,null,null
2023-08-11T12:08:02Z,25.31,62.73,99,132,24.79,101.77,480.00,1824.00,null,null,null
2023-08-11T12:09:02Z,25.30,62.76,99,117,27.66,101.77,487.00,1829.00,null,null,null
2023-08-11T12:10:02Z,25.27,62.82,99,126,25.19,101.77,492.00,1833.00,0,0,0
2023-08-11T12:11:02Z,25.27,62.85,99,122,33.66,101.77,492.00,1833.00,null,null,null
2023-08-11T12:12:02Z,25.31,62.86,99,118,26.50,101.77,492.00,1833.00,null,null,null
2023-08-11T12:13:02Z,25.31,62.81,99,106,33.58,101.77,480.00,1824.00,null,null,null
2023-08-11T12:14:02Z,25.25,62.80,99,126,27.94,101.77,480.00,1824.00,null,null,null
2023-08-11T12:15:02Z,25.30,62.87,99,133,35.22,101.77,480.00,1824.00,0,0,0
2023-08-11T12:16:02Z,25.31,62.85,99,134,25.50,101.77,492.00,1833.00,null,null,null
2023-08-11T12:17:02Z,25.31,62.78,99,129,25.90,101.77,480.00,1824.00,null,null,null
2023-08-11T12:18:02Z,25.31,62.81,99,133,26.64,101.77,492.00,1833.00,null,null,null
2023-08-11T12:19:02Z,25.31,62.77,99,147,25.62,101.77,492.00,1833.00,null,null,null
2023-08-11T12:20:02Z,25.30,62.83,99,142,27.90,101.77,492.00,1833.00,0,0,0
2023-08-11T12:21:02Z,25.32,62.75,99,145,24.93,101.77,492.00,1833.00,null,null,null
2023-08-11T12:22:02Z,25.34,62.72,99,151,26.62,101.76,492.00,1833.00,null,null,null
2023-08-11T12:23:02Z,25.34,62.72,99,160,29.36,101.76,498.00,1837.00,null,null,null
2023-08-11T12:24:02Z,25.31,62.78,99,151,27.04,101.77,498.00,1837.00,null,null,null
2023-08-11T12:25:02Z,25.30,62.76,99,156,24.58,101.77,492.00,1833.00,0,0,0
2023-08-11T12:26:02Z,25.37,62.74,99,159,25.29,101.77,503.00,1841.00,null,null,null
2023-08-11T12:27:02Z,25.35,62.77,99,160,26.46,101.77,498.00,1837.00,null,null,null
2023-08-11T12:28:02Z,25.35,62.70,99,159,26.16,101.76,492.00,1833.00,null,null,null
2023-08-11T12:29:02Z,25.31,62.77,99,160,28.88,101.77,498.00,1837.00,null,null,null
2023-08-11T12:30:02Z,25.32,62.75,99,146,26.82,101.77,492.00,1833.00,0,0,0
2023-08-11T12:31:02Z,25.35,62.76,99,152,27.77,101.77,511.00,1847.00,null,null,null
2023-08-11T12:32:02Z,25.38,62.76,99,145,28.15,101.77,503.00,1841.00,null,null,null
2023-08-11T12:33:02Z,25.35,62.78,99,149,28.81,101.77,503.00,1841.00,null,null,null
2023-08-11T12:34:02Z,25.37,62.79,99,167,34.33,101.77,511.00,1847.00,null,null,null
2023-08-11T12:35:02Z,25.37,62.75,99,161,39.21,101.77,503.00,1841.00,0,0,0
2023-08-11T12:36:02Z,25.35,62.76,99,135,38.00,101.77,511.00,1847.00,null,null,null
2023-08-11T12:37:02Z,25.39,62.69,99,115,28.95,101.77,511.00,1847.00,null,null,null
2023-08-11T12:38:02Z,25.38,62.81,99,157,36.28,101.77,531.00,1861.00,null,null,null
2023-08-11T12:39:02Z,25.38,62.79,99,152,30.34,101.76,570.00,1889.00,null,null,null
2023-08-11T12:40:02Z,25.35,62.79,99,161,26.97,101.76,570.00,1889.00,0,0,0
2023-08-11T12:41:02Z,25.38,62.89,99,171,30.94,101.77,655.00,1945.00,null,null,null
2023-08-11T12:42:02Z,25.39,62.85,99,158,29.26,101.77,655.00,1945.00,null,null,null
2023-08-11T12:43:02Z,25.39,62.82,99,163,25.38,101.76,655.00,1945.00,null,null,null
2023-08-11T12:44:02Z,25.39,62.82,99,159,28.06,101.76,672.00,1956.00,null,null,null
2023-08-11T12:45:02Z,25.39,62.83,99,166,26.89,101.76,672.00,1956.00,0,0,0
2023-08-11T12:46:02Z,25.39,62.80,99,177,28.50,101.77,655.00,1945.00,null,null,null
2023-08-11T12:47:02Z,25.41,62.74,99,161,27.40,101.76,672.00,1956.00,null,null,null
2023-08-11T12:48:02Z,25.42,62.74,99,155,27.22,101.76,680.00,1961.00,null,null,null
2023-08-11T12:49:02Z,25.42,62.81,99,153,25.50,101.77,664.00,1950.00,null,null,null
2023-08-11T12:50:02Z,25.42,62.81,99,174,29.84,101.76,655.00,1945.00,0,0,0
2023-08-11T12:51:02Z,25.42,62.79,99,126,36.18,101.76,643.00,1937.00,null,null,null
2023-08-11T12:52:02Z,25.45,62.73,99,128,26.08,101.76,655.00,1945.00,null,null,null
2023-08-11T12:53:02Z,25.43,62.76,99,117,26.73,101.76,651.00,1942.00,null,null,null
2023-08-11T12:54:02Z,25.42,62.76,99,105,27.38,101.76,643.00,1937.00,null,null,null
2023-08-11T12:55:02Z,25.42,62.73,99,95,28.09,101.76,629.00,1929.00,0,0,0
2023-08-11T12:56:02Z,25.45,62.72,99,93,24.83,101.76,637.00,1934.00,null,null,null
2023-08-11T12:57:02Z,25.43,62.66,99,98,25.03,101.76,637.00,1934.00,null,null,null
2023-08-11T12:58:02Z,25.43,62.69,99,111,26.62,101.76,623.00,1925.00,null,null,null
2023-08-11T12:59:02Z,25.43,62.63,99,112,22.18,101.76,623.00,1925.00,null,null,null
2023-08-11T13:00:02Z,25.41,62.73,99,119,24.35,101.76,623.00,1925.00,0,0,0
2023-08-11T13:01:02Z,25.45,62.70,99,109,25.98,101.76,623.00,1925.00,null,null,null
2023-08-11T13:02:02Z,25.46,62.67,99,90,24.03,101.76,623.00,1925.00,null,null,null
2023-08-11T13:03:02Z,25.43,62.63,99,90,25.59,101.77,623.00,1925.00,null,null,null
2023-08-11T13:04:02Z,25.43,62.62,99,121,27.71,101.76,623.00,1925.00,null,null,null
2023-08-11T13:05:02Z,25.45,62.70,99,104,28.64,101.76,611.00,1917.00,0,0,0
2023-08-11T13:06:02Z,25.48,62.70,99,99,31.18,101.76,611.00,1917.00,null,null,null
2023-08-11T13:07:02Z,25.45,62.59,99,101,24.03,101.77,623.00,1925.00,null,null,null
2023-08-11T13:08:02Z,25.43,62.64,99,88,27.02,101.77,611.00,1917.00,null,null,null
2023-08-11T13:09:02Z,25.46,62.66,99,97,24.58,101.76,611.00,1917.00,null,null,null
2023-08-11T13:10:02Z,25.43,62.66,99,121,29.30,101.77,611.00,1917.00,0,0,0
2023-08-11T13:11:02Z,25.43,62.63,99,143,26.76,101.76,611.00,1917.00,null,null,null
2023-08-11T13:12:02Z,25.45,62.61,99,126,30.35,101.76,603.00,1913.00,null,null,null
2023-08-11T13:13:02Z,25.46,62.61,99,107,24.07,101.76,611.00,1917.00,null,null,null
2023-08-11T13:14:02Z,25.45,62.60,99,92,31.52,101.76,603.00,1913.00,null,null,null
2023-08-11T13:15:02Z,25.46,62.66,99,94,25.38,101.75,603.00,1913.00,0,0,0
2023-08-11T13:16:02Z,25.45,62.61,99,88,24.11,101.76,603.00,1913.00,null,null,null
2023-08-11T13:17:02Z,25.46,62.58,99,101,23.35,101.75,603.00,1913.00,null,null,null
2023-08-11T13:18:02Z,25.46,62.65,99,98,25.95,101.76,603.00,1913.00,null,null,null
2023-08-11T13:19:02Z,25.46,62.64,99,105,28.09,101.76,603.00,1913.00,null,null,null
2023-08-11T13:20:02Z,25.46,62.66,99,113,24.35,101.76,603.00,1913.00,0,0,0
2023-08-11T13:21:02Z,25.48,62.64,99,141,29.88,101.77,590.00,1903.00,null,null,null
2023-08-11T13:22:02Z,25.46,62.57,99,130,28.55,101.76,603.00,1913.00,null,null,null
2023-08-11T13:23:02Z,25.46,62.65,99,114,23.15,101.77,603.00,1913.00,null,null,null
2023-08-11T13:24:02Z,25.45,62.64,99,116,29.60,101.76,603.00,1913.00,null,null,null
2023-08-11T13:25:02Z,25.45,62.70,99,105,27.73,101.76,603.00,1913.00,0,0,0
2023-08-11T13:26:02Z,25.45,62.57,99,115,32.28,101.76,603.00,1913.00,null,null,null
2023-08-11T13:27:02Z,25.48,62.61,99,116,25.16,101.75,603.00,1913.00,null,null,null
2023-08-11T13:28:02Z,25.49,62.62,99,119,23.90,101.75,590.00,1903.00,null,null,null
2023-08-11T13:29:02Z,25.46,62.60,99,97,27.02,101.75,603.00,1913.00,null,null,null
2023-08-11T13:30:02Z,25.45,62.69,99,97,24.31,101.75,590.00,1903.00,0,0,0
2023-08-11T13:31:02Z,25.48,62.61,99,113,26.16,101.75,590.00,1903.00,null,null,null
2023-08-11T13:32:02Z,25.48,62.58,99,108,22.31,101.76,603.00,1913.00,null,null,null
2023-08-11T13:33:02Z,25.49,62.59,99,110,27.12,101.75,603.00,1913.00,null,null,null
2023-08-11T13:34:02Z,25.49,62.61,99,94,24.07,101.75,603.00,1913.00,null,null,null
2023-08-11T13:35:02Z,25.48,62.64,99,94,24.15,101.75,603.00,1913.00,0,0,0
2023-08-11T13:36:02Z,25.49,62.60,99,102,24.89,101.75,611.00,1917.00,null,null,null
2023-08-11T13:37:02Z,25.52,62.59,99,119,29.25,101.75,603.00,1913.00,null,null,null
2023-08-11T13:38:02Z,25.51,62.59,99,124,26.06,101.74,603.00,1913.00,null,null,null
2023-08-11T13:39:02Z,25.51,62.62,99,117,23.54,101.75,603.00,1913.00,null,null,null
2023-08-11T13:40:02Z,25.48,62.65,99,114,30.69,101.75,603.00,1913.00,0,0,0
2023-08-11T13:41:02Z,25.51,62.67,99,98,26.36,101.75,611.00,1917.00,null,null,null
2023-08-11T13:42:02Z,25.51,62.57,99,100,28.09,101.75,611.00,1917.00,null,null,null
2023-08-11T13:43:02Z,25.52,62.60,99,106,25.26,101.75,611.00,1917.00,null,null,null
2023-08-11T13:44:02Z,25.51,62.61,99,101,26.71,101.75,603.00,1913.00,null,null,null
2023-08-11T13:45:02Z,25.51,62.63,99,97,27.16,101.75,603.00,1913.00,0,0,0
2023-08-11T13:46:02Z,25.51,62.58,99,95,26.46,101.75,611.00,1917.00,null,null,null
2023-08-11T13:47:02Z,25.52,62.57,99,100,25.53,101.75,603.00,1913.00,null,null,null
2023-08-11T13:48:02Z,25.53,62.60,99,101,24.35,101.76,611.00,1917.00,null,null,null
2023-08-11T13:49:02Z,25.53,62.64,99,100,25.90,101.75,611.00,1917.00,null,null,null
2023-08-11T13:50:02Z,25.49,62.65,99,99,24.79,101.75,603.00,1913.00,0,0,0
2023-08-11T13:51:02Z,25.52,62.65,99,101,26.06,101.76,611.00,1917.00,null,null,null
2023-08-11T13:52:02Z,25.51,62.62,99,97,29.55,101.76,611.00,1917.00,null,null,null
2023-08-11T13:53:02Z,25.53,62.66,99,101,24.15,101.75,603.00,1913.00,null,null,null
2023-08-11T13:54:02Z,25.52,62.62,99,107,25.22,101.76,603.00,1913.00,null,null,null
2023-08-11T13:55:02Z,25.52,62.66,99,113,26.48,101.76,603.00,1913.00,0,0,0
2023-08-11T13:56:02Z,25.55,62.62,99,101,28.51,101.76,603.00,1913.00,null,null,null
2023-08-11T13:57:02Z,25.55,62.58,99,105,24.43,101.76,603.00,1913.00,null,null,null
2023-08-11T13:58:02Z,25.55,62.63,99,110,27.38,101.76,603.00,1913.00,null,null,null
2023-08-11T13:59:02Z,25.53,62.62,99,105,28.30,101.76,603.00,1913.00,null,null,null
2023-08-11T14:00:02Z,25.52,62.70,99,111,27.71,101.76,603.00,1913.00,0,0,0
2023-08-11T14:01:02Z,25.52,62.61,99,129,27.64,101.76,611.00,1917.00,null,null,null
2023-08-11T14:02:02Z,25.52,62.64,99,132,27.12,101.75,611.00,1917.00,null,null,null
2023-08-11T14:03:02Z,25.52,62.70,99,106,28.60,101.76,603.00,1913.00,null,null,null
2023-08-11T14:04:02Z,25.53,62.68,99,108,27.49,101.76,603.00,1913.00,null,null,null
2023-08-11T14:05:02Z,25.52,62.71,99,113,28.88,101.76,590.00,1903.00,0,0,0
2023-08-11T14:06:02Z,25.52,62.72,99,114,26.89,101.75,603.00,1913.00,null,null,null
2023-08-11T14:07:02Z,25.53,62.66,99,111,32.61,101.76,603.00,1913.00,null,null,null
2023-08-11T14:08:02Z,25.53,62.69,99,110,25.38,101.76,611.00,1917.00,null,null,null
2023-08-11T14:09:02Z,25.55,62.73,99,115,26.71,101.76,611.00,1917.00,null,null,null
2023-08-11T14:10:02Z,25.53,62.71,99,134,29.44,101.76,590.00,1903.00,0,0,0
2023-08-11T14:11:02Z,25.55,62.70,99,145,27.51,101.75,611.00,1917.00,null,null,null
2023-08-11T14:12:02Z,25.55,62.66,99,146,25.26,101.76,611.00,1917.00,null,null,null
2023-08-11T14:13:02Z,25.58,62.75,99,149,32.43,101.75,603.00,1913.00,null,null,null
2023-08-11T14:14:02Z,25.56,62.67,99,132,23.49,101.75,596.00,1908.00,null,null,null
2023-08-11T14:15:02Z,25.55,62.77,99,114,29.44,101.75,603.00,1913.00,0,0,0
2023-08-11T14:16:02Z,25.56,62.83,99,110,29.90,101.75,596.00,1908.00,null,null,null
2023-08-11T14:17:02Z,25.56,62.71,99,89,23.72,101.75,603.00,1913.00,null,null,null
2023-08-11T14:18:02Z,25.58,62.72,99,73,25.59,101.75,611.00,1917.00,null,null,null
2023-08-11T14:19:02Z,25.56,62.82,99,68,26.78,101.76,603.00,1913.00,null,null,null
2023-08-11T14:20:02Z,25.55,62.79,99,65,25.09,101.75,596.00,1908.00,0,0,0
2023-08-11T14:21:02Z,25.58,62.76,99,66,28.55,101.76,603.00,1913.00,null,null,null
2023-08-11T14:22:02Z,25.56,62.72,99,77,25.95,101.75,603.00,1913.00,null,null,null
2023-08-11T14:23:02Z,25.59,62.73,99,96,27.60,101.75,611.00,1917.00,null,null,null
2023-08-11T14:24:02Z,25.58,62.81,99,74,27.64,101.75,611.00,1917.00,null,null,null
2023-08-11T14:25:02Z,25.56,62.76,99,71,30.37,101.75,596.00,1908.00,0,0,0
2023-08-11T14:26:02Z,25.56,62.75,99,73,31.65,101.75,603.00,1913.00,null,null,null
2023-08-11T14:27:02Z,25.58,62.75,99,88,29.36,101.75,603.00,1913.00,null,null,null
2023-08-11T14:28:02Z,25.58,62.77,99,116,27.02,101.74,603.00,1913.00,null,null,null
2023-08-11T14:29:02Z,25.58,62.81,99,138,28.12,101.74,603.00,1913.00,null,null,null
2023-08-11T14:30:02Z,25.58,62.83,99,107,27.26,101.74,603.00,1913.00,0,0,0
2023-08-11T14:31:02Z,25.58,62.82,99,101,29.93,101.75,614.00,1919.00,null,null,null
2023-08-11T14:32:02Z,25.59,62.80,99,103,25.22,101.75,614.00,1919.00,null,null,null
2023-08-11T14:33:02Z,25.59,62.84,99,112,26.78,101.74,629.00,1929.00,null,null,null
2023-08-11T14:34:02Z,25.59,62.81,99,117,27.90,101.75,629.00,1929.00,null,null,null
2023-08-11T14:35:02Z,25.59,62.85,99,117,24.11,101.74,603.00,1913.00,0,0,0
2023-08-11T14:36:02Z,25.62,62.85,99,111,29.01,101.74,603.00,1913.00,null,null,null
2023-08-11T14:37:02Z,25.62,62.84,99,120,27.71,101.74,614.00,1919.00,null,null,null
2023-08-11T14:38:02Z,25.59,62.85,99,136,28.15,101.74,603.00,1913.00,null,null,null
2023-08-11T14:39:02Z,25.61,62.86,99,113,24.86,101.74,614.00,1919.00,null,null,null
2023-08-11T14:40:02Z,25.58,62.86,99,106,25.38,101.74,603.00,1913.00,0,0,0
2023-08-11T14:41:02Z,25.64,62.95,99,109,23.72,101.74,603.00,1913.00,null,null,null
2023-08-11T14:42:02Z,25.62,62.85,99,100,30.03,101.74,614.00,1919.00,null,null,null
2023-08-11T14:43:02Z,25.62,62.89,99,162,25.38,101.74,614.00,1919.00,null,null,null
2023-08-11T14:44:02Z,25.61,62.87,99,148,24.83,101.74,614.00,1919.00,null,null,null
2023-08-11T14:45:02Z,25.61,62.92,99,157,26.21,101.73,614.00,1919.00,0,0,0
2023-08-11T14:46:02Z,25.64,62.97,99,159,25.76,101.73,629.00,1929.00,null,null,null
2023-08-11T14:47:02Z,25.65,62.96,99,180,24.50,101.73,629.00,1929.00,null,null,null
2023-08-11T14:48:02Z,25.64,62.99,99,174,31.03,101.73,614.00,1919.00,null,null,null
2023-08-11T14:49:02Z,25.65,63.02,99,170,24.68,101.73,629.00,1929.00,null,null,null
2023-08-11T14:50:02Z,25.65,63.08,99,183,28.19,101.73,614.00,1919.00,0,0,0
2023-08-11T14:51:02Z,25.66,63.08,99,218,27.78,101.73,629.00,1929.00,null,null,null
2023-08-11T14:52:02Z,25.66,62.97,99,201,25.98,101.73,629.00,1929.00,null,null,null
2023-08-11T14:53:02Z,25.68,63.09,99,198,26.64,101.73,643.00,1937.00,null,null,null
2023-08-11T14:54:02Z,25.66,63.10,99,174,22.83,101.72,629.00,1929.00,null,null,null
2023-08-11T14:55:02Z,25.66,63.17,99,216,27.92,101.72,629.00,1929.00,0,0,0
2023-08-11T14:56:02Z,25.68,63.18,99,207,29.48,101.72,643.00,1937.00,null,null,null
2023-08-11T14:57:02Z,25.70,63.11,99,181,29.84,101.72,643.00,1937.00,null,null,null
2023-08-11T14:58:02Z,25.72,63.14,99,177,22.83,101.72,655.00,1945.00,null,null,null
2023-08-11T14:59:02Z,25.70,63.19,99,153,25.76,101.72,643.00,1937.00,null,null,null
2023-08-11T15:00:02Z,25.70,63.21,99,165,23.35,101.72,643.00,1937.00,0,0,0
2023-08-11T15:01:02Z,25.73,63.19,99,186,30.89,101.71,643.00,1937.00,null,null,null
2023-08-11T15:02:02Z,25.73,63.17,99,198,26.80,101.71,655.00,1945.00,null,null,null
2023-08-11T15:03:02Z,25.76,63.19,99,199,27.34,101.71,643.00,1937.00,null,null,null
2023-08-11T15:04:02Z,25.76,63.12,99,154,24.58,101.71,612.00,1918.00,null,null,null
2023-08-11T15:05:02Z,25.78,63.25,99,176,28.87,101.72,612.00,1918.00,0,0,0
2023-08-11T15:06:02Z,25.79,63.19,99,182,25.47,101.72,605.00,1914.00,null,null,null
2023-08-11T15:07:02Z,25.80,63.17,99,194,26.73,101.72,612.00,1918.00,null,null,null
2023-08-11T15:08:02Z,25.80,63.16,99,206,23.77,101.72,597.00,1909.00,null,null,null
2023-08-11T15:09:02Z,25.79,63.10,99,227,25.62,101.71,597.00,1909.00,null,null,null
2023-08-11T15:10:02Z,25.79,63.17,99,236,28.44,101.71,612.00,1918.00,0,0,0
2023-08-11T15:11:02Z,25.82,63.15,99,256,26.80,101.71,612.00,1918.00,null,null,null
2023-08-11T15:12:02Z,25.85,63.13,99,227,26.55,101.71,612.00,1918.00,null,null,null
2023-08-11T15:13:02Z,25.85,63.15,99,160,24.79,101.71,597.00,1909.00,null,null,null
2023-08-11T15:14:02Z,25.86,63.12,99,116,22.83,101.71,597.00,1909.00,null,null,null
2023-08-11T15:15:02Z,25.82,63.14,99,163,26.08,101.71,597.00,1909.00,0,0,0
2023-08-11T15:16:02Z,25.86,63.15,99,144,26.71,101.71,597.00,1909.00,null,null,null
2023-08-11T15:17:02Z,25.86,63.10,99,154,28.19,101.71,597.00,1909.00,null,null,null
2023-08-11T15:18:02Z,25.89,63.05,99,151,28.74,101.71,597.00,1909.00,null,null,null
2023-08-11T15:19:02Z,25.86,63.06,99,144,27.08,101.70,597.00,1909.00,null,null,null
2023-08-11T15:20:02Z,25.88,63.05,99,103,25.00,101.72,597.00,1909.00,0,0,0
2023-08-11T15:21:02Z,25.88,62.97,99,74,27.38,101.71,597.00,1909.00,null,null,null
2023-08-11T15:22:02Z,25.89,62.95,99,97,28.77,101.70,597.00,1909.00,null,null,null
2023-08-11T15:23:02Z,25.89,62.89,99,94,26.16,101.70,612.00,1918.00,null,null,null
2023-08-11T15:24:02Z,25.90,62.88,99,89,24.96,101.71,612.00,1918.00,null,null,null
2023-08-11T15:25:02Z,25.88,62.87,99,84,26.62,101.70,597.00,1909.00,0,0,0
2023-08-11T15:26:02Z,25.92,62.81,99,68,27.85,101.71,612.00,1918.00,null,null,null
2023-08-11T15:27:02Z,25.92,62.73,99,74,27.18,101.70,612.00,1918.00,null,null,null
2023-08-11T15:28:02Z,25.94,62.71,99,86,22.72,101.71,621.00,1923.00,null,null,null
2023-08-11T15:29:02Z,25.90,62.76,99,88,24.72,101.71,605.00,1914.00,null,null,null
2023-08-11T15:30:02Z,25.90,62.75,99,91,27.28,101.71,597.00,1909.00,0,0,0
2023-08-11T15:31:02Z,25.92,62.65,99,74,25.26,101.71,612.00,1918.00,null,null,null
2023-08-11T15:32:02Z,25.90,62.68,99,94,26.46,101.71,621.00,1923.00,null,null,null
2023-08-11T15:33:02Z,25.93,62.68,99,68,24.68,101.71,594.00,1906.00,null,null,null
2023-08-11T15:34:02Z,25.90,62.67,99,78,30.71,101.71,605.00,1914.00,null,null,null
2023-08-11T15:35:02Z,25.90,62.66,99,114,27.04,101.71,605.00,1914.00,0,0,0
2023-08-11T15:36:02Z,25.90,62.58,99,87,26.50,101.71,634.00,1933.00,null,null,null
2023-08-11T15:37:02Z,25.92,62.61,99,117,25.00,101.70,621.00,1923.00,null,null,null
2023-08-11T15:38:02Z,25.90,62.57,99,121,27.38,101.70,621.00,1923.00,null,null,null
2023-08-11T15:39:02Z,25.90,62.63,99,108,27.60,101.71,605.00,1914.00,null,null,null
2023-08-11T15:40:02Z,25.90,62.60,99,95,26.64,101.71,605.00,1914.00,0,0,0
2023-08-11T15:41:02Z,25.93,62.57,99,98,23.54,101.71,605.00,1914.00,null,null,null
2023-08-11T15:42:02Z,25.92,62.55,99,93,23.15,101.71,605.00,1914.00,null,null,null
2023-08-11T15:43:02Z,25.93,62.55,99,87,25.41,101.71,605.00,1914.00,null,null,null
2023-08-11T15:44:02Z,25.90,62.60,99,91,27.89,101.71,605.00,1914.00,null,null,null
2023-08-11T15:45:02Z,25.90,62.56,99,90,25.29,101.72,605.00,1914.00,0,0,0
2023-08-11T15:46:02Z,25.93,62.57,99,90,27.64,101.71,621.00,1923.00,null,null,null
2023-08-11T15:47:02Z,25.94,62.53,99,99,24.39,101.71,605.00,1914.00,null,null,null
2023-08-11T15:48:02Z,25.93,62.47,99,81,26.82,101.71,605.00,1914.00,null,null,null
2023-08-11T15:49:02Z,25.90,62.50,99,70,25.44,101.71,605.00,1914.00,null,null,null
2023-08-11T15:50:02Z,25.92,62.57,99,120,22.99,101.71,605.00,1914.00,0,0,0
2023-08-11T15:51:02Z,25.92,62.56,99,85,29.46,101.71,605.00,1914.00,null,null,null
2023-08-11T15:52:02Z,25.94,62.50,99,192,25.19,101.70,605.00,1914.00,null,null,null
2023-08-11T15:53:02Z,25.92,62.48,99,200,30.60,101.69,605.00,1914.00,null,null,null
2023-08-11T15:54:02Z,25.94,62.31,99,167,37.48,101.70,621.00,1923.00,null,null,null
2023-08-11T15:55:02Z,25.93,61.85,99,147,42.89,101.70,471.00,1817.00,0,0,0
2023-08-11T15:56:02Z,25.89,62.14,99,181,41.64,101.70,327.00,1689.00,null,null,null
2023-08-11T15:57:02Z,25.93,62.07,99,158,38.05,101.70,327.00,1689.00,null,null,null
2023-08-11T15:58:02Z,25.88,62.20,99,160,43.52,101.70,231.00,1583.00,null,null,null
2023-08-11T15:59:02Z,25.88,62.18,99,191,42.64,101.70,193.00,1531.00,null,null,null
2023-08-11T16:00:02Z,25.85,62.23,99,165,33.99,101.69,160.00,1453.00,0,0,0
2023-08-11T16:01:02Z,25.86,62.21,99,164,31.92,101.70,140.00,1324.00,null,null,null
2023-08-11T16:02:02Z,25.88,62.19,99,204,39.99,101.70,118.00,1178.00,null,null,null
2023-08-11T16:03:02Z,25.85,62.11,99,186,39.82,101.70,118.00,1178.00,null,null,null
2023-08-11T16:04:02Z,25.88,62.12,99,196,37.84,101.69,122.00,1207.00,null,null,null
2023-08-11T16:05:02Z,25.86,61.61,99,169,37.75,101.69,106.00,1099.00,0,0,0
2023-08-11T16:06:02Z,25.89,61.49,99,173,40.41,101.69,100.00,1062.00,null,null,null
2023-08-11T16:07:02Z,25.86,61.58,99,142,39.95,101.70,76.00,902.00,null,null,null
2023-08-11T16:08:02Z,25.82,61.61,99,211,40.49,101.70,69.00,855.00,null,null,null
2023-08-11T16:09:02Z,25.86,61.36,99,200,33.60,101.69,54.00,759.00,null,null,null
2023-08-11T16:10:02Z,25.82,61.36,99,204,37.19,101.69,47.00,712.00,0,0,0
2023-08-11T16:11:02Z,25.79,61.29,99,204,44.25,101.69,37.00,649.00,null,null,null
2023-08-11T16:12:02Z,25.79,61.77,99,126,36.82,101.69,52.00,742.00,null,null,null
2023-08-11T16:13:02Z,25.79,61.62,99,117,34.43,101.69,59.00,793.00,null,null,null
2023-08-11T16:14:02Z,25.79,61.29,99,219,40.43,101.69,56.00,768.00,null,null,null
2023-08-11T16:15:02Z,25.78,61.37,99,206,40.75,101.69,52.00,742.00,0,0,0
2023-08-11T16:16:02Z,25.78,61.54,99,201,34.69,101.69,56.00,768.00,null,null,null
2023-08-11T16:17:02Z,25.82,61.03,99,185,39.52,101.69,44.00,690.00,null,null,null
2023-08-11T16:18:02Z,25.80,61.10,99,218,37.73,101.69,34.00,627.00,null,null,null
2023-08-11T16:19:02Z,25.80,60.88,99,266,34.67,101.68,24.00,560.00,null,null,null
2023-08-11T16:20:02Z,25.72,61.27,99,314,31.50,101.69,25.00,567.00,0,0,0
2023-08-11T16:21:02Z,25.75,61.50,99,220,41.47,101.69,34.00,624.00,null,null,null
2023-08-11T16:22:02Z,25.78,61.25,99,223,38.02,101.69,23.00,552.00,null,null,null
2023-08-11T16:23:02Z,25.73,61.31,99,191,37.66,101.68,20.00,536.00,null,null,null
2023-08-11T16:24:02Z,25.72,61.55,99,205,35.56,101.68,26.00,574.00,null,null,null
2023-08-11T16:25:02Z,25.75,61.33,99,244,33.60,101.68,32.00,611.00,0,0,0
2023-08-11T16:26:02Z,25.78,61.56,99,168,48.46,101.67,30.00,603.00,null,null,null
2023-08-11T16:27:02Z,25.76,61.60,99,117,35.18,101.68,48.00,719.00,null,null,null
2023-08-11T16:28:02Z,25.80,61.89,99,169,38.95,101.67,69.00,855.00,null,null,null
2023-08-11T16:29:02Z,25.76,61.90,99,153,39.07,101.67,85.00,959.00,null,null,null
2023-08-11T16:30:02Z,25.76,61.82,99,170,44.51,101.66,101.00,1068.00,0,0,0
2023-08-11T16:31:02Z,25.83,61.52,99,207,31.90,101.67,101.00,1068.00,null,null,null
2023-08-11T16:32:02Z,25.82,61.22,99,193,33.65,101.67,91.00,1001.00,null,null,null
2023-08-11T16:33:02Z,25.79,61.39,99,143,39.81,101.67,62.00,808.00,null,null,null
2023-08-11T16:34:02Z,25.76,61.36,99,160,34.19,101.67,48.00,719.00,null,null,null
2023-08-11T16:35:02Z,25.82,61.25,99,186,34.53,101.67,48.00,719.00,0,0,0
2023-08-11T16:36:02Z,25.79,61.50,99,166,43.82,101.67,45.00,699.00,null,null,null
2023-08-11T16:37:02Z,25.78,61.70,99,173,40.86,101.67,42.00,682.00,null,null,null
2023-08-11T16:38:02Z,25.78,61.60,99,124,42.30,101.67,59.00,791.00,null,null,null
2023-08-11T16:39:02Z,25.80,61.15,99,126,38.23,101.67,53.00,749.00,null,null,null
2023-08-11T16:40:02Z,25.76,61.39,99,121,50.56,101.67,50.00,732.00,0,0,0
2023-08-11T16:41:02Z,25.78,61.32,99,139,45.21,101.67,37.00,649.00,null,null,null
2023-08-11T16:42:02Z,25.78,61.18,99,165,46.48,101.67,34.00,627.00,null,null,null
2023-08-11T16:43:02Z,25.76,61.36,99,145,36.95,101.67,34.00,627.00,null,null,null
2023-08-11T16:44:02Z,25.79,60.98,99,139,32.65,101.66,40.00,665.00,null,null,null
2023-08-11T16:45:02Z,25.75,61.13,99,150,35.37,101.66,37.00,649.00,0,0,0
2023-08-11T16:46:02Z,25.75,61.11,99,129,38.99,101.66,33.00,620.00,null,null,null
2023-08-11T16:47:02Z,25.75,61.53,99,127,31.77,101.66,28.00,588.00,null,null,null
2023-08-11T16:48:02Z,25.76,61.34,99,156,40.55,101.65,36.00,641.00,null,null,null
2023-08-11T16:49:02Z,25.78,61.57,99,129,40.87,101.65,36.00,641.00,null,null,null
2023-08-11T16:50:02Z,25.76,61.02,99,173,37.65,101.65,48.00,719.00,0,0,0
2023-08-11T16:51:02Z,25.76,61.21,99,156,35.26,101.65,42.00,682.00,null,null,null
2023-08-11T16:52:02Z,25.75,61.38,99,163,38.11,101.65,44.00,690.00,null,null,null
2023-08-11T16:53:02Z,25.78,60.90,99,158,44.76,101.65,62.00,810.00,null,null,null
2023-08-11T16:54:02Z,25.76,60.70,99,151,43.84,101.65,72.00,877.00,null,null,null
2023-08-11T16:55:02Z,25.75,60.28,99,141,41.50,101.64,70.00,863.00,0,0,0
2023-08-11T16:56:02Z,25.78,60.96,99,91,42.94,101.65,56.00,768.00,null,null,null
2023-08-11T16:57:02Z,25.79,61.00,99,121,34.60,101.64,72.00,877.00,null,null,null
2023-08-11T16:58:02Z,25.76,60.99,99,90,41.32,101.64,86.00,967.00,null,null,null
2023-08-11T16:59:02Z,25.79,61.02,99,81,37.15,101.64,102.00,1074.00,null,null,null
2023-08-11T17:00:02Z,25.82,60.53,99,85,38.61,101.64,117.00,1168.00,0,0,0
2023-08-11T17:01:02Z,25.80,60.25,99,93,35.10,101.64,102.00,1071.00,null,null,null
2023-08-11T17:02:02Z,25.76,60.37,99,93,37.28,101.64,68.00,851.00,null,null,null
2023-08-11T17:03:02Z,25.73,59.66,99,96,41.86,101.64,56.00,768.00,null,null,null
2023-08-11T17:04:02Z,25.72,59.58,99,90,49.23,101.65,45.00,697.00,null,null,null
2023-08-11T17:05:02Z,25.69,60.29,99,77,34.80,101.64,32.00,614.00,0,0,0
2023-08-11T17:06:02Z,25.68,60.60,99,78,33.42,101.64,46.00,706.00,null,null,null
2023-08-11T17:07:02Z,25.73,60.45,99,78,36.41,101.64,52.00,742.00,null,null,null
2023-08-11T17:08:02Z,25.69,60.30,99,75,43.31,101.63,47.00,714.00,null,null,null
2023-08-11T17:09:02Z,25.68,60.27,99,77,35.87,101.64,41.00,672.00,null,null,null
2023-08-11T17:10:02Z,25.64,60.19,99,78,31.91,101.64,31.00,607.00,0,0,0
2023-08-11T17:11:02Z,25.62,60.30,99,78,33.37,101.64,19.00,529.00,null,null,null
2023-08-11T17:12:02Z,25.53,60.71,99,76,43.21,101.64,10.00,472.00,null,null,null
2023-08-11T17:13:02Z,25.53,60.57,99,72,44.70,101.64,9.00,460.00,null,null,null
2023-08-11T17:14:02Z,25.46,60.62,99,72,47.48,101.64,3.00,420.00,null,null,null
2023-08-11T17:15:02Z,25.46,60.42,99,71,40.21,101.63,1.00,413.00,0,0,0
2023-08-11T17:16:02Z,25.43,60.74,99,71,34.73,101.64,0.00,400.00,null,null,null
2023-08-11T17:17:02Z,25.42,60.73,99,70,41.09,101.64,9.00,464.00,null,null,null
2023-08-11T17:18:02Z,25.39,60.36,99,49,46.85,101.64,18.00,519.00,null,null,null
2023-08-11T17:19:02Z,25.41,60.74,99,74,34.85,101.64,12.00,483.00,null,null,null
2023-08-11T17:20:02Z,25.41,61.04,99,76,41.53,101.64,25.00,570.00,0,0,0
2023-08-11T17:21:02Z,25.45,61.07,99,75,34.20,101.64,47.00,715.00,null,null,null
2023-08-11T17:22:02Z,25.43,59.94,99,74,42.59,101.64,51.00,735.00,null,null,null
2023-08-11T17:23:02Z,25.42,59.85,99,75,36.97,101.64,35.00,631.00,null,null,null
2023-08-11T17:24:02Z,25.37,60.07,99,62,52.51,101.64,21.00,540.00,null,null,null
2023-08-11T17:25:02Z,25.32,60.18,99,66,37.76,101.63,22.00,548.00,0,0,0
2023-08-11T17:26:02Z,25.32,60.15,99,73,32.19,101.63,7.00,448.00,null,null,null
2023-08-11T17:27:02Z,25.34,60.53,99,71,37.55,101.63,7.00,448.00,null,null,null
2023-08-11T17:28:02Z,25.32,60.21,99,72,39.81,101.63,14.00,493.00,null,null,null
2023-08-11T17:29:02Z,25.32,60.67,99,71,38.89,101.63,9.00,460.00,null,null,null
2023-08-11T17:30:02Z,25.34,60.49,99,64,42.56,101.63,30.00,597.00,0,0,0
2023-08-11T17:31:02Z,25.32,59.77,99,59,36.44,101.63,22.00,549.00,null,null,null
2023-08-11T17:32:02Z,25.31,59.51,99,59,39.04,101.63,9.00,464.00,null,null,null
2023-08-11T17:33:02Z,25.28,59.79,99,59,34.68,101.63,1.00,408.00,null,null,null
2023-08-11T17:34:02Z,25.25,59.80,99,60,37.31,101.63,0.00,400.00,null,null,null
2023-08-11T17:35:02Z,25.25,59.65,99,57,40.38,101.63,0.00,400.00,0,0,0
2023-08-11T17:36:02Z,25.27,60.00,99,55,41.84,101.63,0.00,400.00,null,null,null
2023-08-11T17:37:02Z,25.25,59.70,99,52,39.29,101.63,3.00,426.00,null,null,null
2023-08-11T17:38:02Z,25.20,60.03,99,43,38.30,101.63,1.00,408.00,null,null,null
2023-08-11T17:39:02Z,25.24,59.82,99,41,49.39,101.63,25.00,567.00,null,null,null
2023-08-11T17:40:02Z,25.22,59.42,99,41,42.05,101.63,14.00,495.00,0,0,0
2023-08-11T17:41:02Z,25.18,59.67,99,44,42.74,101.63,11.00,478.00,null,null,null
2023-08-11T17:42:02Z,25.21,59.62,99,46,39.54,101.62,16.00,508.00,null,null,null
2023-08-11T17:43:02Z,25.17,60.86,99,47,33.42,101.63,25.00,567.00,null,null,null
2023-08-11T17:44:02Z,25.17,59.93,99,47,47.00,101.63,41.00,674.00,null,null,null
2023-08-11T17:45:02Z,25.18,59.75,99,47,38.60,101.63,42.00,679.00,0,0,0
2023-08-11T17:46:02Z,25.14,61.02,99,47,42.79,101.62,47.00,712.00,null,null,null
2023-08-11T17:47:02Z,25.17,60.39,99,49,38.10,101.63,55.00,765.00,null,null,null
2023-08-11T17:48:02Z,25.15,59.31,99,49,33.49,101.62,53.00,752.00,null,null,null
2023-08-11T17:49:02Z,25.17,58.51,99,49,43.99,101.62,34.00,627.00,null,null,null
2023-08-11T17:50:02Z,25.14,59.59,99,38,34.30,101.63,34.00,624.00,0,0,0
2023-08-11T17:51:02Z,25.20,58.75,99,49,32.34,101.63,42.00,682.00,null,null,null
2023-08-11T17:52:02Z,25.15,59.21,99,47,35.52,101.63,32.00,614.00,null,null,null
2023-08-11T17:53:02Z,25.14,58.68,99,47,46.45,101.63,35.00,634.00,null,null,null
2023-08-11T17:54:02Z,25.14,59.59,99,47,34.88,101.62,36.00,640.00,null,null,null
2023-08-11T17:55:02Z,25.14,59.97,99,45,46.64,101.63,63.00,819.00,0,0,0
2023-08-11T17:56:02Z,25.15,58.07,99,41,33.92,101.63,59.00,791.00,null,null,null
2023-08-11T17:57:02Z,25.14,57.89,99,41,39.75,101.62,44.00,694.00,null,null,null
2023-08-11T17:58:02Z,25.13,58.23,99,40,40.46,101.62,29.00,592.00,null,null,null
2023-08-11T17:59:02Z,25.11,59.25,99,39,34.38,101.63,43.00,686.00,null,null,null
2023-08-11T18:00:02Z,25.10,58.78,99,39,42.78,101.63,41.00,672.00,0,0,0
2023-08-11T18:01:02Z,25.08,57.62,99,40,41.62,101.62,28.00,588.00,null,null,null
2023-08-11T18:02:02Z,25.04,58.87,99,41,38.99,101.63,34.00,626.00,null,null,null
2023-08-11T18:03:02Z,25.07,58.52,99,40,30.34,101.63,40.00,665.00,null,null,null
2023-08-11T18:04:02Z,25.04,58.31,99,39,35.56,101.62,32.00,612.00,null,null,null
2023-08-11T18:05:02Z,25.04,58.43,99,37,45.01,101.63,38.00,652.00,0,0,0
2023-08-11T18:06:02Z,25.02,58.49,99,35,40.05,101.63,27.00,578.00,null,null,null
2023-08-11T18:07:02Z,25.02,58.70,99,35,40.18,101.63,24.00,560.00,null,null,null
2023-08-11T18:08:02Z,25.07,58.57,99,35,37.68,101.63,17.00,514.00,null,null,null
2023-08-11T18:09:02Z,25.00,58.83,99,19,29.15,101.63,14.00,498.00,null,null,null
2023-08-11T18:10:02Z,25.01,59.32,99,19,28.09,101.62,40.00,665.00,0,0,0
2023-08-11T18:11:02Z,25.00,59.56,99,18,27.26,101.63,63.00,819.00,null,null,null
2023-08-11T18:12:02Z,25.01,59.67,99,18,49.51,101.63,85.00,964.00,null,null,null
2023-08-11T18:13:02Z,25.04,59.74,99,17,27.99,101.62,110.00,1128.00,null,null,null
2023-08-11T18:14:02Z,25.04,59.81,99,16,31.38,101.62,136.00,1295.00,null,null,null
2023-08-11T18:15:02Z,25.04,59.83,99,16,29.60,101.63,155.00,1420.00,0,0,0
2023-08-11T18:16:02Z,25.07,59.83,99,16,27.20,101.63,174.00,1503.00,null,null,null
2023-08-11T18:17:02Z,25.10,59.89,99,16,31.12,101.63,192.00,1530.00,null,null,null
2023-08-11T18:18:02Z,25.07,59.90,99,17,32.19,101.63,192.00,1530.00,null,null,null
2023-08-11T18:19:02Z,25.11,59.90,99,17,30.29,101.63,212.00,1557.00,null,null,null
2023-08-11T18:20:02Z,25.10,59.97,99,16,27.45,101.63,228.00,1579.00,0,0,0
2023-08-11T18:21:02Z,25.14,59.99,99,17,30.53,101.63,233.00,1586.00,null,null,null
2023-08-11T18:22:02Z,25.15,59.95,99,16,30.70,101.63,247.00,1602.00,null,null,null
2023-08-11T18:23:02Z,25.15,59.96,99,16,28.11,101.63,257.00,1612.00,null,null,null
2023-08-11T18:24:02Z,25.15,59.99,99,15,29.90,101.63,267.00,1624.00,null,null,null
2023-08-11T18:25:02Z,25.17,60.15,99,16,27.99,101.63,272.00,1629.00,0,0,0
2023-08-11T18:26:02Z,25.20,60.03,99,15,30.97,101.64,283.00,1641.00,null,null,null
2023-08-11T18:27:02Z,25.20,60.10,99,14,31.37,101.64,294.00,1655.00,null,null,null
2023-08-11T18:28:02Z,25.20,60.02,99,13,30.19,101.64,300.00,1661.00,null,null,null
2023-08-11T18:29:02Z,25.18,60.08,99,13,34.43,101.64,306.00,1668.00,null,null,null
2023-08-11T18:30:02Z,25.24,60.08,99,12,28.07,101.63,318.00,1678.00,0,0,0
2023-08-11T18:31:02Z,25.25,60.07,99,13,26.34,101.64,324.00,1686.00,null,null,null
2023-08-11T18:32:02Z,25.25,60.13,99,12,28.58,101.64,299.00,1660.00,null,null,null
2023-08-11T18:33:02Z,25.27,60.03,99,11,27.16,101.64,311.00,1672.00,null,null,null
2023-08-11T18:34:02Z,25.25,60.14,99,11,29.25,101.64,316.00,1677.00,null,null,null
2023-08-11T18:35:02Z,25.25,60.18,99,10,25.59,101.64,316.00,1677.00,0,0,0
2023-08-11T18:36:02Z,25.27,60.05,99,11,27.24,101.64,322.00,1683.00,null,null,null
2023-08-11T18:37:02Z,25.30,60.10,99,10,28.60,101.64,329.00,1690.00,null,null,null
2023-08-11T18:38:02Z,25.30,60.08,99,10,27.55,101.64,329.00,1690.00,null,null,null
2023-08-11T18:39:02Z,25.28,60.06,99,10,29.47,101.64,329.00,1690.00,null,null,null
2023-08-11T18:40:02Z,25.30,60.15,99,10,25.62,101.64,329.00,1690.00,0,0,0
2023-08-11T18:41:02Z,25.30,60.17,99,10,30.15,101.64,334.00,1695.00,null,null,null
2023-08-11T18:42:02Z,25.32,60.16,99,10,25.13,101.64,342.00,1704.00,null,null,null
2023-08-11T18:43:02Z,25.31,60.12,99,10,27.75,101.64,354.00,1715.00,null,null,null
2023-08-11T18:44:02Z,25.28,60.17,99,10,27.69,101.64,363.00,1725.00,null,null,null
2023-08-11T18:45:02Z,25.28,60.20,99,10,27.78,101.64,363.00,1725.00,0,0,0
2023-08-11T18:46:02Z,25.32,60.19,99,10,30.91,101.65,377.00,1738.00,null,null,null
2023-08-11T18:47:02Z,25.34,60.21,99,10,26.55,101.64,377.00,1738.00,null,null,null
2023-08-11T18:48:02Z,25.34,60.17,99,10,28.11,101.65,377.00,1738.00,null,null,null
2023-08-11T18:49:02Z,25.31,60.22,99,10,28.47,101.64,385.00,1744.00,null,null,null
2023-08-11T18:50:02Z,25.32,60.26,99,9,25.06,101.64,385.00,1744.00,0,0,0
2023-08-11T18:51:02Z,25.37,60.15,99,9,27.38,101.65,389.00,1748.00,null,null,null
2023-08-11T18:52:02Z,25.35,60.25,99,9,29.58,101.64,392.00,1752.00,null,null,null
2023-08-11T18:53:02Z,25.35,60.21,99,9,28.81,101.65,396.00,1756.00,null,null,null
2023-08-11T18:54:02Z,25.34,60.23,99,9,26.34,101.65,400.00,1757.00,null,null,null
2023-08-11T18:55:02Z,25.31,60.27,99,8,27.69,101.65,409.00,1765.00,0,0,0
2023-08-11T18:56:02Z,25.37,60.25,99,8,28.07,101.65,404.00,1761.00,null,null,null
2023-08-11T18:57:02Z,25.37,60.24,99,7,28.28,101.65,396.00,1756.00,null,null,null
2023-08-11T18:58:02Z,25.35,60.27,99,8,30.53,101.65,409.00,1765.00,null,null,null
2023-08-11T18:59:02Z,25.34,60.25,99,7,26.38,101.64,404.00,1761.00,null,null,null
2023-08-11T19:00:02Z,25.32,60.26,99,7,29.43,101.65,413.00,1769.00,0,0,0
2023-08-11T19:01:02Z,25.37,60.29,99,6,29.13,101.64,422.00,1775.00,null,null,null
2023-08-11T19:02:02Z,25.37,60.24,99,6,33.44,101.64,422.00,1775.00,null,null,null
2023-08-11T19:03:02Z,25.37,60.24,99,5,28.64,101.65,427.00,1779.00,null,null,null
2023-08-11T19:04:02Z,25.35,60.29,99,5,26.87,101.64,417.00,1772.00,null,null,null
2023-08-11T19:05:02Z,25.37,60.28,99,4,28.44,101.64,422.00,1775.00,0,0,0
2023-08-11T19:06:02Z,25.37,60.32,99,4,28.37,101.65,429.00,1782.00,null,null,null
2023-08-11T19:07:02Z,25.38,60.17,99,4,35.62,101.65,422.00,1775.00,null,null,null
2023-08-11T19:08:02Z,25.37,60.21,99,4,33.77,101.65,427.00,1779.00,null,null,null
2023-08-11T19:09:02Z,25.38,60.24,99,3,29.04,101.65,434.00,1785.00,null,null,null
2023-08-11T19:10:02Z,25.35,60.30,99,3,31.07,101.65,434.00,1785.00,0,0,0
2023-08-11T19:11:02Z,25.37,60.24,99,3,29.68,101.65,439.00,1790.00,null,null,null
2023-08-11T19:12:02Z,25.38,60.21,99,3,28.91,101.65,444.00,1795.00,null,null,null
2023-08-11T19:13:02Z,25.39,60.28,99,3,27.77,101.65,444.00,1795.00,null,null,null
2023-08-11T19:14:02Z,25.37,60.25,99,3,28.52,101.65,429.00,1782.00,null,null,null
2023-08-11T19:15:02Z,25.38,60.37,99,2,35.05,101.64,439.00,1790.00,0,0,0
2023-08-11T19:16:02Z,25.39,60.23,99,2,27.75,101.65,446.00,1798.00,null,null,null
2023-08-11T19:17:02Z,25.39,60.29,99,2,28.30,101.65,451.00,1801.00,null,null,null
2023-08-11T19:18:02Z,25.38,60.20,99,2,30.97,101.65,446.00,1798.00,null,null,null
2023-08-11T19:19:02Z,25.37,60.29,99,2,29.11,101.65,451.00,1801.00,null,null,null
2023-08-11T19:20:02Z,25.37,60.37,99,2,27.28,101.65,446.00,1798.00,0,0,0
2023-08-11T19:21:02Z,25.39,60.38,99,2,31.63,101.65,457.00,1806.00,null,null,null
2023-08-11T19:22:02Z,25.41,60.26,99,1,28.58,101.65,465.00,1813.00,null,null,null
2023-08-11T19:23:02Z,25.38,60.25,99,2,27.96,101.65,465.00,1813.00,null,null,null
2023-08-11T19:24:02Z,25.39,60.34,99,2,31.67,101.65,465.00,1813.00,null,null,null
2023-08-11T19:25:02Z,25.39,60.38,99,2,26.16,101.65,465.00,1813.00,0,0,0
2023-08-11T19:26:02Z,25.41,60.33,99,1,27.82,101.66,465.00,1813.00,null,null,null
2023-08-11T19:27:02Z,25.39,60.34,99,1,32.75,101.65,476.00,1820.00,null,null,null
2023-08-11T19:28:02Z,25.38,60.36,99,0,29.27,101.65,476.00,1820.00,null,null,null
2023-08-11T19:29:02Z,25.39,60.04,99,0,31.20,101.66,446.00,1798.00,null,null,null
2023-08-11T19:30:02Z,25.37,60.02,99,0,34.34,101.66,342.00,1704.00,0,0,0
2023-08-11T19:31:02Z,25.35,60.03,99,0,37.49,101.66,278.00,1636.00,null,null,null
2023-08-11T19:32:02Z,25.34,60.05,99,0,41.16,101.66,218.00,1564.00,null,null,null
2023-08-11T19:33:02Z,25.30,60.06,99,0,32.90,101.66,184.00,1518.00,null,null,null
2023-08-11T19:34:02Z,25.24,60.06,99,0,32.73,101.65,152.00,1404.00,null,null,null
2023-08-11T19:35:02Z,25.20,60.20,99,0,34.44,101.65,149.00,1380.00,0,0,0
2023-08-11T19:36:02Z,25.20,60.21,99,0,38.65,101.65,138.00,1307.00,null,null,null
2023-08-11T19:37:02Z,25.17,60.26,99,0,30.50,101.65,122.00,1207.00,null,null,null
2023-08-11T19:38:02Z,25.13,60.29,99,0,30.48,101.65,112.00,1137.00,null,null,null
2023-08-11T19:39:02Z,25.10,60.44,99,0,30.97,101.65,107.00,1105.00,null,null,null
2023-08-11T19:40:02Z,25.05,60.48,99,0,37.88,101.64,103.00,1077.00,0,0,0
2023-08-11T19:41:02Z,25.02,60.61,99,0,37.55,101.64,97.00,1038.00,null,null,null
2023-08-11T19:42:02Z,25.01,60.61,99,0,32.48,101.64,92.00,1004.00,null,null,null
2023-08-11T19:43:02Z,24.98,60.63,99,0,29.90,101.64,94.00,1019.00,null,null,null
2023-08-11T19:44:02Z,24.95,60.79,99,0,29.42,101.64,90.00,992.00,null,null,null
2023-08-11T19:45:02Z,24.90,60.84,99,0,40.74,101.64,86.00,970.00,0,0,0
2023-08-11T19:46:02Z,24.93,60.90,99,0,32.16,101.64,85.00,959.00,null,null,null
2023-08-11T19:47:02Z,24.90,61.01,99,0,34.93,101.64,81.00,933.00,null,null,null
2023-08-11T19:48:02Z,24.87,61.05,99,0,30.97,101.64,75.00,895.00,null,null,null
2023-08-11T19:49:02Z,24.84,61.14,99,0,29.91,101.64,73.00,885.00,null,null,null
2023-08-11T19:50:02Z,24.80,61.13,99,0,37.13,101.64,70.00,863.00,0,0,0
2023-08-11T19:51:02Z,24.80,61.18,99,0,37.24,101.64,72.00,874.00,null,null,null
2023-08-11T19:52:02Z,24.79,61.08,99,0,32.64,101.64,73.00,885.00,null,null,null
2023-08-11T19:53:02Z,24.79,61.00,99,0,32.46,101.63,70.00,863.00,null,null,null
2023-08-11T19:54:02Z,24.76,61.11,99,0,35.42,101.63,62.00,813.00,null,null,null
2023-08-11T19:55:02Z,24.74,61.09,99,0,35.10,101.64,58.00,783.00,0,0,0
2023-08-11T19:56:02Z,24.69,61.01,99,0,39.71,101.64,65.00,832.00,null,null,null
2023-08-11T19:57:02Z,24.69,61.00,99,0,29.60,101.64,69.00,853.00,null,null,null
2023-08-11T19:58:02Z,24.66,60.98,99,0,30.18,101.64,67.00,840.00,null,null,null
2023-08-11T19:59:02Z,24.66,60.98,99,0,30.85,101.64,64.00,821.00,null,null,null
2023-08-11T20:00:02Z,24.62,60.98,99,0,32.22,101.64,64.00,821.00,0,0,0
2023-08-11T20:01:02Z,24.60,61.20,99,0,38.10,101.64,59.00,791.00,null,null,null
2023-08-11T20:02:02Z,24.57,61.22,99,0,42.24,101.64,73.00,885.00,null,null,null
2023-08-11T20:03:02Z,24.60,61.29,99,0,34.84,101.64,83.00,951.00,null,null,null
2023-08-11T20:04:02Z,24.59,61.33,99,0,37.23,101.64,100.00,1060.00,null,null,null
2023-08-11T20:05:02Z,24.63,61.34,99,0,34.12,101.64,118.00,1181.00,0,0,0
2023-08-11T20:06:02Z,24.62,61.30,99,0,34.63,101.64,133.00,1274.00,null,null,null
2023-08-11T20:07:02Z,24.64,61.35,99,0,28.84,101.64,135.00,1288.00,null,null,null
2023-08-11T20:08:02Z,24.63,61.14,99,0,31.79,101.64,148.00,1376.00,null,null,null
2023-08-11T20:09:02Z,24.67,61.15,99,0,31.63,101.64,137.00,1302.00,null,null,null
2023-08-11T20:10:02Z,24.62,61.18,99,0,33.12,101.64,142.00,1334.00,0,0,0
2023-08-11T20:11:02Z,24.66,61.20,99,0,29.50,101.64,139.00,1316.00,null,null,null
2023-08-11T20:12:02Z,24.67,61.11,99,0,30.53,101.64,139.00,1316.00,null,null,null
2023-08-11T20:13:02Z,24.64,61.16,99,0,33.10,101.64,135.00,1288.00,null,null,null
2023-08-11T20:14:02Z,24.64,61.00,99,0,32.62,101.64,137.00,1302.00,null,null,null
2023-08-11T20:15:02Z,24.63,61.06,99,0,32.88,101.63,133.00,1274.00,0,0,0
2023-08-11T20:16:02Z,24.67,61.03,99,0,36.21,101.64,122.00,1207.00,null,null,null
2023-08-11T20:17:02Z,24.67,61.16,99,0,30.13,101.63,126.00,1228.00,null,null,null
2023-08-11T20:18:02Z,24.66,61.11,99,0,33.66,101.63,137.00,1302.00,null,null,null
2023-08-11T20:19:02Z,24.66,61.11,99,0,45.67,101.63,133.00,1274.00,null,null,null
2023-08-11T20:20:02Z,24.62,61.18,99,0,27.92,101.63,130.00,1259.00,0,0,0
2023-08-11T20:21:02Z,24.64,61.11,99,0,28.91,101.64,133.00,1274.00,null,null,null
2023-08-11T20:22:02Z,24.64,61.15,99,0,32.33,101.65,130.00,1259.00,null,null,null
2023-08-11T20:23:02Z,24.63,61.20,99,0,42.83,101.64,153.00,1408.00,null,null,null
2023-08-11T20:24:02Z,24.64,61.15,99,0,38.53,101.64,235.00,1588.00,null,null,null
2023-08-11T20:25:02Z,24.62,61.27,99,0,37.83,101.64,306.00,1668.00,0,0,0
2023-08-11T20:26:02Z,24.66,61.27,99,0,47.24,101.64,371.00,1734.00,null,null,null
2023-08-11T20:27:02Z,24.63,61.33,99,0,36.94,101.64,490.00,1832.00,null,null,null
2023-08-11T20:28:02Z,24.64,61.31,99,0,32.29,101.65,597.00,1909.00,null,null,null
2023-08-11T20:29:02Z,24.62,61.27,99,0,33.44,101.64,621.00,1923.00,null,null,null
2023-08-11T20:30:02Z,24.63,61.36,99,0,27.89,101.65,621.00,1923.00,0,0,0
2023-08-11T20:31:02Z,24.64,61.19,99,0,29.64,101.64,621.00,1923.00,null,null,null
2023-08-11T20:32:02Z,24.64,61.06,99,0,38.22,101.65,568.00,1888.00,null,null,null
2023-08-11T20:33:02Z,24.64,61.07,99,0,32.47,101.64,524.00,1856.00,null,null,null
2023-08-11T20:34:02Z,24.64,61.11,99,0,31.41,101.65,476.00,1820.00,null,null,null
2023-08-11T20:35:02Z,24.62,61.01,99,0,31.37,101.64,448.00,1799.00,0,0,0
2023-08-11T20:36:02Z,24.64,61.03,99,0,27.44,101.64,414.00,1770.00,null,null,null
2023-08-11T20:37:02Z,24.63,60.93,99,0,34.49,101.65,385.00,1744.00,null,null,null
2023-08-11T20:38:02Z,24.63,60.84,99,0,31.22,101.65,356.00,1718.00,null,null,null
2023-08-11T20:39:02Z,24.62,60.97,99,0,34.19,101.64,345.00,1705.00,null,null,null
2023-08-11T20:40:02Z,24.60,60.93,99,0,36.71,101.64,351.00,1712.00,0,0,0
2023-08-11T20:41:02Z,24.62,60.90,99,0,28.36,101.65,351.00,1712.00,null,null,null
2023-08-11T20:42:02Z,24.62,60.80,99,0,37.64,101.65,345.00,1705.00,null,null,null
2023-08-11T20:43:02Z,24.66,60.74,99,0,38.68,101.65,345.00,1705.00,null,null,null
2023-08-11T20:44:02Z,24.62,60.63,99,0,39.16,101.64,324.00,1686.00,null,null,null
2023-08-11T20:45:02Z,24.62,60.74,99,0,29.21,101.65,311.00,1672.00,0,0,0
2023-08-11T20:46:02Z,24.62,60.53,99,0,34.07,101.65,305.00,1667.00,null,null,null
2023-08-11T20:47:02Z,24.60,60.41,99,0,31.26,101.64,294.00,1655.00,null,null,null
2023-08-11T20:48:02Z,24.59,60.46,99,0,36.77,101.65,284.00,1642.00,null,null,null
2023-08-11T20:49:02Z,24.57,60.68,99,0,31.01,101.65,284.00,1642.00,null,null,null
2023-08-11T20:50:02Z,24.57,60.67,99,0,38.02,101.65,289.00,1650.00,0,0,0
2023-08-11T20:51:02Z,24.60,60.65,99,0,41.51,101.65,289.00,1650.00,null,null,null
2023-08-11T20:52:02Z,24.57,60.48,99,0,37.25,101.65,284.00,1642.00,null,null,null
2023-08-11T20:53:02Z,24.57,60.37,99,0,30.50,101.65,278.00,1636.00,null,null,null
2023-08-11T20:54:02Z,24.56,60.37,99,0,29.47,101.65,273.00,1631.00,null,null,null
2023-08-11T20:55:02Z,24.55,60.37,99,0,30.78,101.65,258.00,1614.00,0,0,0
2023-08-11T20:56:02Z,24.55,60.23,99,0,32.84,101.65,258.00,1614.00,null,null,null
2023-08-11T20:57:02Z,24.55,60.33,99,0,29.95,101.65,249.00,1606.00,null,null,null
2023-08-11T20:58:02Z,24.56,60.45,99,0,32.98,101.66,254.00,1608.00,null,null,null
2023-08-11T20:59:02Z,24.53,60.52,99,0,37.65,101.65,268.00,1625.00,null,null,null
2023-08-11T21:00:02Z,24.52,60.31,99,0,30.06,101.65,278.00,1636.00,0,0,0
2023-08-11T21:01:02Z,24.55,60.46,99,0,32.90,101.65,278.00,1636.00,null,null,null
2023-08-11T21:02:02Z,24.52,60.36,99,0,31.07,101.65,289.00,1650.00,null,null,null
2023-08-11T21:03:02Z,24.53,60.33,99,0,35.70,101.65,289.00,1650.00,null,null,null
2023-08-11T21:04:02Z,24.53,60.52,99,0,34.64,101.65,284.00,1642.00,null,null,null
2023-08-11T21:05:02Z,24.50,60.37,99,0,37.21,101.65,289.00,1650.00,0,0,0
2023-08-11T21:06:02Z,24.52,60.29,99,0,38.64,101.65,289.00,1650.00,null,null,null
2023-08-11T21:07:02Z,24.55,60.03,99,0,35.06,101.65,273.00,1631.00,null,null,null
2023-08-11T21:08:02Z,24.52,60.03,99,0,29.88,101.65,261.00,1616.00,null,null,null
2023-08-11T21:09:02Z,24.50,60.17,99,0,33.25,101.65,245.00,1599.00,null,null,null
2023-08-11T21:10:02Z,24.49,60.08,99,0,29.73,101.65,241.00,1594.00,0,0,0
2023-08-11T21:11:02Z,24.50,60.16,99,0,28.23,101.65,236.00,1590.00,null,null,null
2023-08-11T21:12:02Z,24.50,60.18,99,0,34.18,101.65,232.00,1585.00,null,null,null
2023-08-11T21:13:02Z,24.50,60.29,99,0,32.69,101.65,241.00,1594.00,null,null,null
2023-08-11T21:14:02Z,24.47,60.31,99,0,32.01,101.65,242.00,1597.00,null,null,null
2023-08-11T21:15:02Z,24.44,60.28,99,0,38.49,101.65,247.00,1602.00,0,0,0
2023-08-11T21:16:02Z,24.47,60.04,99,0,32.01,101.65,242.00,1597.00,null,null,null
2023-08-11T21:17:02Z,24.49,60.24,99,0,35.98,101.65,245.00,1599.00,null,null,null
2023-08-11T21:18:02Z,24.49,60.34,99,0,39.94,101.65,256.00,1611.00,null,null,null
2023-08-11T21:19:02Z,24.49,60.20,99,0,38.60,101.65,247.00,1602.00,null,null,null
2023-08-11T21:20:02Z,24.47,60.19,99,0,35.88,101.65,256.00,1611.00,0,0,0
2023-08-11T21:21:02Z,24.47,60.07,99,0,39.19,101.65,241.00,1594.00,null,null,null
2023-08-11T21:22:02Z,24.49,60.00,99,0,46.40,101.65,228.00,1579.00,null,null,null
2023-08-11T21:23:02Z,24.47,60.06,99,0,40.38,101.65,215.00,1560.00,null,null,null
2023-08-11T21:24:02Z,24.44,60.08,99,0,32.01,101.66,215.00,1560.00,null,null,null
2023-08-11T21:25:02Z,24.43,60.11,99,0,31.84,101.66,211.00,1556.00,0,0,0
2023-08-11T21:26:02Z,24.43,59.88,99,0,35.60,101.65,211.00,1556.00,null,null,null
2023-08-11T21:27:02Z,24.43,59.88,99,0,32.71,101.66,203.00,1544.00,null,null,null
2023-08-11T21:28:02Z,24.42,59.86,99,0,36.57,101.66,196.00,1535.00,null,null,null
2023-08-11T21:29:02Z,24.40,59.92,99,0,31.09,101.66,191.00,1529.00,null,null,null
2023-08-11T21:30:02Z,24.37,59.95,99,0,28.22,101.66,191.00,1529.00,0,0,0
2023-08-11T21:31:02Z,24.42,59.90,99,0,27.47,101.66,191.00,1529.00,null,null,null
2023-08-11T21:32:02Z,24.39,59.83,99,0,30.06,101.65,191.00,1529.00,null,null,null
2023-08-11T21:33:02Z,24.35,59.80,99,0,29.16,101.65,188.00,1525.00,null,null,null
2023-08-11T21:34:02Z,24.39,59.87,99,0,29.89,101.65,188.00,1525.00,null,null,null
2023-08-11T21:35:02Z,24.37,59.85,99,0,30.12,101.65,185.00,1520.00,0,0,0
2023-08-11T21:36:02Z,24.36,59.88,99,0,29.17,101.65,178.00,1511.00,null,null,null
2023-08-11T21:37:02Z,24.37,59.95,99,0,29.21,101.65,185.00,1520.00,null,null,null
2023-08-11T21:38:02Z,24.36,59.93,99,0,27.22,101.65,185.00,1520.00,null,null,null
2023-08-11T21:39:02Z,24.35,60.01,99,0,28.88,101.65,185.00,1520.00,null,null,null
2023-08-11T21:40:02Z,24.35,59.84,99,0,34.66,101.65,188.00,1525.00,0,0,0
2023-08-11T21:41:02Z,24.36,59.81,99,0,31.53,101.65,185.00,1520.00,null,null,null
2023-08-11T21:42:02Z,24.35,60.06,99,0,30.91,101.65,188.00,1525.00,null,null,null
2023-08-11T21:43:02Z,24.36,59.99,99,0,31.23,101.65,191.00,1529.00,null,null,null
2023-08-11T21:44:02Z,24.33,60.02,99,0,27.69,101.65,199.00,1540.00,null,null,null
2023-08-11T21:45:02Z,24.31,60.10,99,0,27.26,101.65,208.00,1552.00,0,0,0
2023-08-11T21:46:02Z,24.33,60.17,99,0,30.45,101.65,203.00,1544.00,null,null,null
2023-08-11T21:47:02Z,24.35,60.12,99,0,29.91,101.65,211.00,1556.00,null,null,null
2023-08-11T21:48:02Z,24.32,60.05,99,0,29.96,101.65,220.00,1568.00,null,null,null
2023-08-11T21:49:02Z,24.31,60.02,99,0,31.00,101.65,215.00,1560.00,null,null,null
2023-08-11T21:50:02Z,24.29,60.05,99,0,30.85,101.65,208.00,1552.00,0,0,0
2023-08-11T21:51:02Z,24.32,59.97,99,0,32.68,101.65,203.00,1544.00,null,null,null
2023-08-11T21:52:02Z,24.32,59.94,99,0,31.23,101.65,203.00,1544.00,null,null,null
2023-08-11T21:53:02Z,24.31,59.93,99,0,32.75,101.65,199.00,1540.00,null,null,null
2023-08-11T21:54:02Z,24.26,60.03,99,0,24.43,101.65,196.00,1535.00,null,null,null
2023-08-11T21:55:02Z,24.26,60.00,99,0,31.12,101.65,196.00,1535.00,0,0,0
2023-08-11T21:56:02Z,24.26,60.13,99,0,32.07,101.65,196.00,1535.00,null,null,null
2023-08-11T21:57:02Z,24.25,60.08,99,0,39.44,101.65,196.00,1535.00,null,null,null
2023-08-11T21:58:02Z,24.22,60.01,99,0,32.31,101.64,191.00,1529.00,null,null,null
2023-08-11T21:59:02Z,24.23,60.17,99,0,31.07,101.65,214.00,1559.00,null,null,null
2023-08-11T22:00:02Z,24.22,60.30,99,0,28.11,101.65,219.00,1566.00,0,0,0
2023-08-11T22:01:02Z,24.23,60.19,99,0,29.38,101.65,233.00,1586.00,null,null,null
2023-08-11T22:02:02Z,24.22,60.32,99,0,28.44,101.65,232.00,1585.00,null,null,null
2023-08-11T22:03:02Z,24.21,60.24,99,0,33.03,101.65,237.00,1591.00,null,null,null
2023-08-11T22:04:02Z,24.19,60.20,99,0,25.41,101.65,232.00,1585.00,null,null,null
2023-08-11T22:05:02Z,24.18,60.27,99,0,29.46,101.65,232.00,1585.00,0,0,0
2023-08-11T22:06:02Z,24.21,60.34,99,0,31.80,101.65,233.00,1586.00,null,null,null
2023-08-11T22:07:02Z,24.18,60.48,99,0,31.86,101.65,247.00,1602.00,null,null,null
2023-08-11T22:08:02Z,24.18,60.56,99,0,25.53,101.65,253.00,1607.00,null,null,null
2023-08-11T22:09:02Z,24.19,60.91,99,0,24.86,101.66,287.00,1647.00,null,null,null
2023-08-11T22:10:02Z,24.21,61.14,99,0,25.62,101.66,374.00,1736.00,0,0,0
2023-08-11T22:11:02Z,24.25,61.48,99,0,25.65,101.66,457.00,1806.00,null,null,null
2023-08-11T22:12:02Z,24.25,61.26,99,0,41.25,101.66,479.00,1823.00,null,null,null
2023-08-11T22:13:02Z,24.26,61.37,99,0,31.41,101.66,518.00,1852.00,null,null,null
2023-08-11T22:14:02Z,24.29,61.65,99,0,23.63,101.66,559.00,1883.00,null,null,null
2023-08-11T22:15:02Z,24.28,61.74,99,0,25.29,101.66,582.00,1898.00,0,0,0
2023-08-11T22:16:02Z,24.33,61.55,99,0,24.11,101.66,634.00,1933.00,null,null,null
2023-08-11T22:17:02Z,24.35,61.55,99,0,25.50,101.65,659.00,1948.00,null,null,null
2023-08-11T22:18:02Z,24.36,61.60,99,0,25.95,101.65,674.00,1957.00,null,null,null
2023-08-11T22:19:02Z,24.39,61.48,99,0,30.30,101.65,685.00,1964.00,null,null,null
2023-08-11T22:20:02Z,24.37,61.62,99,0,30.04,101.65,714.00,1981.00,0,0,0
2023-08-11T22:21:02Z,24.42,61.55,99,0,48.85,101.64,732.00,1992.00,null,null,null
2023-08-11T22:22:02Z,24.42,61.56,99,0,26.08,101.64,732.00,1992.00,null,null,null
2023-08-11T22:23:02Z,24.44,61.58,99,0,28.84,101.64,746.00,1999.00,null,null,null
2023-08-11T22:24:02Z,24.46,61.60,99,0,38.88,101.63,760.00,2007.00,null,null,null
2023-08-11T22:25:02Z,24.43,61.64,99,0,30.13,101.63,760.00,2007.00,0,0,0
2023-08-11T22:26:02Z,24.47,61.53,99,0,null,101.63,776.00,2017.00,null,null,null
2023-08-11T22:27:02Z,24.49,61.51,99,0,32.47,101.63,776.00,2017.00,null,null,null
2023-08-11T22:28:02Z,24.50,61.55,99,0,29.41,101.63,776.00,2017.00,null,null,null
2023-08-11T22:29:02Z,24.52,61.60,99,0,31.37,101.63,794.00,2025.00,null,null,null
2023-08-11T22:30:02Z,24.53,61.58,99,0,28.58,101.63,794.00,2025.00,0,0,0
2023-08-11T22:31:02Z,24.52,61.65,99,0,46.16,101.63,803.00,2031.00,null,null,null
2023-08-11T22:32:02Z,24.55,61.52,99,0,31.35,101.63,803.00,2031.00,null,null,null
2023-08-11T22:33:02Z,24.56,61.59,99,0,29.16,101.64,803.00,2031.00,null,null,null
2023-08-11T22:34:02Z,24.56,61.61,99,0,25.90,101.64,819.00,2039.00,null,null,null
2023-08-11T22:35:02Z,24.57,61.75,99,0,26.93,101.64,819.00,2039.00,0,0,0
2023-08-11T22:36:02Z,24.59,61.79,99,0,29.56,101.64,849.00,2064.00,null,null,null
2023-08-11T22:37:02Z,24.62,61.78,99,0,27.96,101.63,849.00,2064.00,null,null,null
2023-08-11T22:38:02Z,24.60,61.74,99,0,27.34,101.63,849.00,2064.00,null,null,null
2023-08-11T22:39:02Z,24.62,61.69,99,0,29.94,101.63,857.00,2068.00,null,null,null
2023-08-11T22:40:02Z,24.60,61.75,99,0,23.40,101.62,857.00,2068.00,0,0,0
2023-08-11T22:41:02Z,24.62,61.72,99,0,25.65,101.62,849.00,2064.00,null,null,null
2023-08-11T22:42:02Z,24.66,61.71,99,0,22.18,101.62,857.00,2068.00,null,null,null
2023-08-11T22:43:02Z,24.66,61.68,99,0,24.68,101.62,857.00,2068.00,null,null,null
2023-08-11T22:44:02Z,24.67,61.65,99,0,25.92,101.62,857.00,2068.00,null,null,null
2023-08-11T22:45:02Z,24.66,61.70,99,0,26.31,101.61,838.00,2058.00,0,0,0
2023-08-11T22:46:02Z,24.69,61.67,99,0,24.61,101.62,838.00,2058.00,null,null,null
2023-08-11T22:47:02Z,24.71,61.64,99,0,26.57,101.62,838.00,2058.00,null,null,null
2023-08-11T22:48:02Z,24.71,61.63,99,0,22.24,101.62,838.00,2058.00,null,null,null
2023-08-11T22:49:02Z,24.71,61.63,99,0,25.03,101.62,838.00,2058.00,null,null,null
2023-08-11T22:50:02Z,24.70,61.64,99,0,21.85,101.62,838.00,2058.00,0,0,0
2023-08-11T22:51:02Z,24.73,61.55,99,0,25.32,101.62,819.00,2039.00,null,null,null
2023-08-11T22:52:02Z,24.76,61.53,99,0,27.22,101.62,838.00,2058.00,null,null,null
2023-08-11T22:53:02Z,24.76,61.50,99,0,29.54,101.62,791.00,2024.00,null,null,null
2023-08-11T22:54:02Z,24.71,61.61,99,0,25.92,101.62,791.00,2024.00,null,null,null
2023-08-11T22:55:02Z,24.74,61.56,99,0,26.69,101.61,819.00,2039.00,0,0,0
2023-08-11T22:56:02Z,24.76,61.54,99,0,26.95,101.61,838.00,2058.00,null,null,null
2023-08-11T22:57:02Z,24.79,61.49,99,0,25.44,101.62,806.00,2033.00,null,null,null
2023-08-11T22:58:02Z,24.77,61.52,99,0,30.12,101.62,806.00,2033.00,null,null,null
2023-08-11T22:59:02Z,24.80,61.49,99,0,29.70,101.62,791.00,2024.00,null,null,null
2023-08-11T23:00:02Z,24.77,61.53,99,0,26.06,101.62,806.00,2033.00,0,0,0
2023-08-11T23:01:02Z,24.80,61.46,99,0,22.89,101.62,791.00,2024.00,null,null,null
2023-08-11T23:02:02Z,24.80,61.41,99,0,32.08,101.61,773.00,2015.00,null,null,null
2023-08-11T23:03:02Z,24.80,61.49,99,0,24.54,101.61,773.00,2015.00,null,null,null
2023-08-11T23:04:02Z,24.80,61.49,99,0,24.86,101.61,791.00,2024.00,null,null,null
2023-08-11T23:05:02Z,24.80,61.50,99,0,24.03,101.61,791.00,2024.00,0,0,0
2023-08-11T23:06:02Z,24.84,61.42,99,0,24.89,101.61,791.00,2024.00,null,null,null
2023-08-11T23:07:02Z,24.81,61.39,99,0,27.42,101.61,791.00,2024.00,null,null,null
2023-08-11T23:08:02Z,24.83,61.42,99,0,24.72,101.61,773.00,2015.00,null,null,null
2023-08-11T23:09:02Z,24.81,61.45,99,0,28.39,101.61,773.00,2015.00,null,null,null
2023-08-11T23:10:02Z,24.83,61.40,99,0,26.89,101.61,773.00,2015.00,0,0,0
2023-08-11T23:11:02Z,24.87,61.40,99,0,24.35,101.61,773.00,2015.00,null,null,null
2023-08-11T23:12:02Z,24.86,61.36,99,0,24.65,101.61,773.00,2015.00,null,null,null
2023-08-11T23:13:02Z,24.88,61.40,99,0,25.62,101.61,773.00,2015.00,null,null,null
2023-08-11T23:14:02Z,24.86,61.42,99,0,28.01,101.61,773.00,2015.00,null,null,null
2023-08-11T23:15:02Z,24.84,61.42,99,0,23.90,101.61,773.00,2015.00,0,0,0
2023-08-11T23:16:02Z,24.87,61.40,99,0,26.53,101.60,757.00,2006.00,null,null,null
2023-08-11T23:17:02Z,24.88,61.39,99,0,27.51,101.60,773.00,2015.00,null,null,null
2023-08-11T23:18:02Z,24.88,61.30,99,0,24.23,101.61,773.00,2015.00,null,null,null
2023-08-11T23:19:02Z,24.90,61.35,99,0,24.27,101.61,757.00,2006.00,null,null,null
2023-08-11T23:20:02Z,24.88,61.40,99,0,28.30,101.60,773.00,2015.00,0,0,0
2023-08-11T23:21:02Z,24.90,61.36,99,0,24.23,101.61,757.00,2006.00,null,null,null
2023-08-11T23:22:02Z,24.88,61.31,99,0,25.50,101.61,773.00,2015.00,null,null,null
2023-08-11T23:23:02Z,24.90,61.28,99,0,22.43,101.61,773.00,2015.00,null,null,null
2023-08-11T23:24:02Z,24.90,61.28,99,0,24.35,101.60,757.00,2006.00,null,null,null
2023-08-11T23:25:02Z,24.91,61.34,99,0,28.19,101.60,757.00,2006.00,0,0,0
2023-08-11T23:26:02Z,24.91,61.30,99,0,26.87,101.60,757.00,2006.00,null,null,null
2023-08-11T23:27:02Z,24.93,61.31,99,0,25.67,101.60,757.00,2006.00,null,null,null
2023-08-11T23:28:02Z,24.93,61.25,99,0,27.99,101.60,757.00,2006.00,null,null,null
2023-08-11T23:29:02Z,24.91,61.26,99,0,37.00,101.60,757.00,2006.00,null,null,null
2023-08-11T23:30:02Z,24.91,61.26,99,0,27.14,101.60,757.00,2006.00,0,0,0
2023-08-11T23:31:02Z,24.94,61.25,99,0,25.76,101.60,757.00,2006.00,null,null,null
2023-08-11T23:32:02Z,24.95,61.21,99,0,25.53,101.60,757.00,2006.00,null,null,null
2023-08-11T23:33:02Z,24.93,61.24,99,0,21.41,101.60,767.00,2012.00,null,null,null
2023-08-11T23:34:02Z,24.93,61.28,99,0,25.62,101.60,767.00,2012.00,null,null,null
2023-08-11T23:35:02Z,24.94,61.25,99,0,27.68,101.60,742.00,1998.00,0,0,0
2023-08-11T23:36:02Z,24.95,61.23,99,0,24.89,101.60,757.00,2006.00,null,null,null
2023-08-11T23:37:02Z,24.97,61.23,99,0,26.99,101.60,767.00,2012.00,null,null,null
2023-08-11T23:38:02Z,24.95,61.25,99,0,28.37,101.60,767.00,2012.00,null,null,null
2023-08-11T23:39:02Z,24.97,61.27,99,0,23.20,101.60,757.00,2006.00,null,null,null
2023-08-11T23:40:02Z,24.94,61.26,99,0,28.27,101.60,742.00,1998.00,0,0,0
2023-08-11T23:41:02Z,24.97,61.20,99,0,27.42,101.60,742.00,1998.00,null,null,null
2023-08-11T23:42:02Z,24.97,61.23,99,0,26.78,101.61,767.00,2012.00,null,null,null
2023-08-11T23:43:02Z,24.97,61.20,99,0,24.72,101.61,767.00,2012.00,null,null,null
2023-08-11T23:44:02Z,24.97,61.31,99,0,25.09,101.61,784.00,2020.00,null,null,null
2023-08-11T23:45:02Z,24.95,61.28,99,0,24.43,101.61,757.00,2006.00,0,0,0
2023-08-11T23:46:02Z,24.98,61.29,99,0,26.89,101.61,757.00,2006.00,null,null,null
2023-08-11T23:47:02Z,24.97,61.18,99,0,29.03,101.61,757.00,2006.00,null,null,null
2023-08-11T23:48:02Z,24.98,61.27,99,0,24.27,101.61,767.00,2012.00,null,null,null
2023-08-11T23:49:02Z,24.97,61.26,99,0,25.79,101.61,773.00,2015.00,null,null,null
2023-08-11T23:50:02Z,24.97,61.26,99,0,24.43,101.60,773.00,2015.00,0,0,0
2023-08-11T23:51:02Z,24.98,61.22,99,0,28.23,101.60,757.00,2006.00,null,null,null
2023-08-11T23:52:02Z,25.01,61.19,99,0,23.81,101.61,767.00,2012.00,null,null,null
2023-08-11T23:53:02Z,25.01,61.26,99,0,26.19,101.61,767.00,2012.00,null,null,null
2023-08-11T23:54:02Z,24.98,61.23,99,0,25.73,101.61,757.00,2006.00,null,null,null
2023-08-11T23:55:02Z,24.98,61.20,99,0,24.83,101.61,767.00,2012.00,0,0,0
2023-08-11T23:56:02Z,25.01,61.25,99,0,26.99,101.61,784.00,2020.00,null,null,null
2023-08-11T23:57:02Z,25.01,61.21,99,0,24.03,101.61,757.00,2006.00,null,null,null
2023-08-11T23:58:02Z,25.00,61.24,99,0,28.33,101.60,767.00,2012.00,null,null,null
2023-08-11T23:59:02Z,25.00,61.20,99,0,27.97,101.60,767.00,2012.00,null,null,null
