TIME,TEMP,HUM,BATT,LIGHT,NOISE_A,PRESS,CCS811_VOCS,CCS811_ECO2,PM_1,PM_25,PM_10
ISO 8601,C,%,%,Lux,dBA,kPa,ppb,ppm,ug/m3,ug/m3,ug/m3
Time,Temperature,Humidity,Battery,Light,Noise dBA,Barometric pressure,VOC Gas CCS811,eCO2 Gas CCS811,PM 1.0,PM 2.5,PM 10.0
,55,56,10,14,53,58,113,112,89,87,88
2023-09-04T00:00:06Z,23.39,77.55,100,0,59.50,102.62,26.00,574.00,0,0,0
2023-09-04T00:01:06Z,23.41,77.52,100,0,55.71,102.62,26.00,574.00,null,null,null
2023-09-04T00:02:06Z,23.42,77.54,100,0,54.71,102.62,26.00,574.00,null,null,null
2023-09-04T00:03:06Z,23.42,77.49,100,0,43.60,102.62,26.00,574.00,null,null,null
2023-09-04T00:04:06Z,23.41,77.48,100,0,36.21,102.62,26.00,574.00,null,null,null
2023-09-04T00:05:06Z,23.41,77.50,100,0,34.48,102.62,25.00,570.00,0,0,0
2023-09-04T00:06:06Z,23.39,77.51,100,0,36.57,102.61,25.00,570.00,null,null,null
2023-09-04T00:07:06Z,23.41,77.44,100,0,34.12,102.61,25.00,570.00,null,null,null
2023-09-04T00:08:06Z,23.41,77.37,100,0,35.70,102.61,25.00,570.00,null,null,null
2023-09-04T00:09:06Z,23.41,77.40,99,0,37.16,102.61,25.00,570.00,null,null,null
2023-09-04T00:10:06Z,23.38,77.43,100,0,35.44,102.60,25.00,570.00,0,0,0
2023-09-04T00:11:06Z,23.37,77.43,99,0,37.18,102.61,25.00,570.00,null,null,null
2023-09-04T00:12:06Z,23.39,77.39,100,0,46.52,102.61,25.00,570.00,null,null,null
2023-09-04T00:13:06Z,23.41,77.37,100,0,34.91,102.61,25.00,570.00,null,null,null
2023-09-04T00:14:06Z,23.38,77.37,100,0,36.02,102.61,25.00,570.00,null,null,null
2023-09-04T00:15:06Z,23.38,77.38,100,0,34.79,102.61,24.00,561.00,0,0,0
2023-09-04T00:16:06Z,23.39,77.47,100,0,35.28,102.61,24.00,561.00,null,null,null
2023-09-04T00:17:06Z,23.39,77.43,100,0,36.61,102.61,24.00,561.00,null,null,null
2023-09-04T00:18:06Z,23.38,77.40,100,0,46.84,102.61,25.00,570.00,null,null,null
2023-09-04T00:19:06Z,23.37,77.43,100,0,35.31,102.61,25.00,570.00,null,null,null
2023-09-04T00:20:06Z,23.37,77.41,100,0,35.61,102.61,25.00,570.00,0,0,0
2023-09-04T00:21:06Z,23.39,77.43,100,0,35.52,102.60,23.00,553.00,null,null,null
2023-09-04T00:22:06Z,23.37,77.34,100,0,39.53,102.61,24.00,561.00,null,null,null
2023-09-04T00:23:06Z,23.38,77.25,100,0,37.33,102.61,24.00,561.00,null,null,null
2023-09-04T00:24:06Z,23.38,77.27,100,0,40.13,102.61,23.00,553.00,null,null,null
2023-09-04T00:25:06Z,23.37,77.25,99,0,38.73,102.60,23.00,553.00,0,0,0
2023-09-04T00:26:06Z,23.37,77.26,100,0,34.63,102.60,23.00,551.00,null,null,null
2023-09-04T00:27:06Z,23.37,77.21,100,0,45.01,102.60,23.00,553.00,null,null,null
2023-09-04T00:28:06Z,23.37,77.25,100,0,37.84,102.60,24.00,560.00,null,null,null
2023-09-04T00:29:06Z,23.35,77.17,100,0,39.33,102.59,23.00,551.00,null,null,null
2023-09-04T00:30:06Z,23.34,77.19,100,0,40.94,102.59,23.00,555.00,0,0,0
2023-09-04T00:31:06Z,23.37,77.19,99,0,36.41,102.59,22.00,549.00,null,null,null
2023-09-04T00:32:06Z,23.37,77.18,100,0,34.16,102.59,22.00,549.00,null,null,null
2023-09-04T00:33:06Z,23.35,77.21,100,0,36.93,102.59,22.00,549.00,null,null,null
2023-09-04T00:34:06Z,23.37,77.24,100,0,37.84,102.59,22.00,549.00,null,null,null
2023-09-04T00:35:06Z,23.32,77.27,100,0,35.43,102.60,22.00,549.00,0,0,0
2023-09-04T00:36:06Z,23.34,77.29,100,0,35.91,102.60,22.00,545.00,null,null,null
2023-09-04T00:37:06Z,23.35,77.19,100,0,37.76,102.60,22.00,545.00,null,null,null
2023-09-04T00:38:06Z,23.32,77.14,100,0,34.59,102.60,22.00,549.00,null,null,null
2023-09-04T00:39:06Z,23.34,77.14,99,0,39.69,102.60,21.00,540.00,null,null,null
2023-09-04T00:40:06Z,23.34,77.17,100,0,36.19,102.60,21.00,540.00,0,0,0
2023-09-04T00:41:06Z,23.31,77.23,100,0,38.54,102.60,21.00,540.00,null,null,null
2023-09-04T00:42:06Z,23.32,77.17,100,0,41.09,102.60,21.00,540.00,null,null,null
2023-09-04T00:43:06Z,23.32,77.18,100,0,35.76,102.59,20.00,537.00,null,null,null
2023-09-04T00:44:06Z,23.31,77.15,100,0,38.62,102.59,21.00,540.00,null,null,null
2023-09-04T00:45:06Z,23.32,77.18,100,0,43.29,102.59,21.00,540.00,0,0,0
2023-09-04T00:46:06Z,23.31,77.18,100,0,36.89,102.60,20.00,537.00,null,null,null
2023-09-04T00:47:06Z,23.31,77.11,100,0,47.83,102.59,20.00,537.00,null,null,null
2023-09-04T00:48:06Z,23.32,77.05,99,0,42.44,102.59,20.00,537.00,null,null,null
2023-09-04T00:49:06Z,23.31,77.09,100,0,42.80,102.59,19.00,531.00,null,null,null
2023-09-04T00:50:06Z,23.31,77.08,100,0,38.38,102.59,19.00,531.00,0,0,0
2023-09-04T00:51:06Z,23.31,77.14,100,0,38.60,102.58,19.00,531.00,null,null,null
2023-09-04T00:52:06Z,23.31,77.14,99,0,40.35,102.58,19.00,531.00,null,null,null
2023-09-04T00:53:06Z,23.31,77.15,100,0,38.00,102.58,19.00,531.00,null,null,null
2023-09-04T00:54:06Z,23.30,77.14,100,0,38.06,102.57,19.00,526.00,null,null,null
2023-09-04T00:55:06Z,23.27,77.18,100,0,44.04,102.57,19.00,526.00,0,0,0
2023-09-04T00:56:06Z,23.27,77.23,99,0,45.60,102.57,19.00,526.00,null,null,null
2023-09-04T00:57:06Z,23.31,77.21,100,0,41.07,102.57,18.00,520.00,null,null,null
2023-09-04T00:58:06Z,23.30,77.18,99,0,45.17,102.57,19.00,531.00,null,null,null
2023-09-04T00:59:06Z,23.28,77.24,100,0,52.95,102.57,19.00,531.00,null,null,null
2023-09-04T01:00:06Z,23.28,77.25,100,0,43.15,102.56,19.00,526.00,0,0,0
2023-09-04T01:01:06Z,23.30,77.28,100,0,41.97,102.56,17.00,517.00,null,null,null
2023-09-04T01:02:06Z,23.30,77.23,99,0,41.56,102.56,18.00,520.00,null,null,null
2023-09-04T01:03:06Z,23.28,77.21,100,0,45.18,102.56,19.00,526.00,null,null,null
2023-09-04T01:04:06Z,23.27,77.18,100,0,46.70,102.56,19.00,526.00,null,null,null
2023-09-04T01:05:06Z,23.25,77.23,100,0,37.77,102.55,19.00,526.00,0,0,0
2023-09-04T01:06:06Z,23.27,77.26,100,0,35.24,102.56,18.00,520.00,null,null,null
2023-09-04T01:07:06Z,23.28,77.15,100,0,37.08,102.56,17.00,517.00,null,null,null
2023-09-04T01:08:06Z,23.28,77.14,100,0,43.59,102.55,19.00,526.00,null,null,null
2023-09-04T01:09:06Z,23.30,77.19,100,0,36.00,102.55,19.00,526.00,null,null,null
2023-09-04T01:10:06Z,23.27,77.26,100,0,35.58,102.55,18.00,520.00,0,0,0
2023-09-04T01:11:06Z,23.27,77.25,100,0,35.95,102.55,17.00,517.00,null,null,null
2023-09-04T01:12:06Z,23.31,77.28,100,0,47.27,102.54,17.00,517.00,null,null,null
2023-09-04T01:13:06Z,23.28,77.25,100,0,36.48,102.55,17.00,517.00,null,null,null
2023-09-04T01:14:06Z,23.27,77.23,100,0,49.10,102.54,15.00,505.00,null,null,null
2023-09-04T01:15:06Z,23.27,77.22,100,0,40.03,102.54,17.00,514.00,0,0,0
2023-09-04T01:16:06Z,23.25,77.24,99,0,34.90,102.54,17.00,514.00,null,null,null
2023-09-04T01:17:06Z,23.28,77.22,100,0,46.85,102.54,17.00,514.00,null,null,null
2023-09-04T01:18:06Z,23.27,77.27,100,0,34.59,102.54,17.00,514.00,null,null,null
2023-09-04T01:19:06Z,23.25,77.29,100,0,34.42,102.54,15.00,505.00,null,null,null
2023-09-04T01:20:06Z,23.27,77.29,99,0,37.34,102.54,15.00,505.00,0,0,0
2023-09-04T01:21:06Z,23.25,77.34,100,0,36.36,102.54,15.00,505.00,null,null,null
2023-09-04T01:22:06Z,23.27,77.33,99,0,34.53,102.53,15.00,501.00,null,null,null
2023-09-04T01:23:06Z,23.27,77.30,100,0,36.06,102.53,15.00,505.00,null,null,null
2023-09-04T01:24:06Z,23.24,77.29,100,0,49.08,102.53,15.00,501.00,null,null,null
2023-09-04T01:25:06Z,23.25,77.34,100,0,34.43,102.54,22.00,548.00,0,0,0
2023-09-04T01:26:06Z,23.25,77.26,100,0,55.99,102.54,14.00,496.00,null,null,null
2023-09-04T01:27:06Z,23.25,77.19,100,0,46.36,102.54,14.00,496.00,null,null,null
2023-09-04T01:28:06Z,23.22,77.20,100,0,53.72,102.54,15.00,500.00,null,null,null
2023-09-04T01:29:06Z,23.25,77.25,100,0,49.23,102.53,22.00,546.00,null,null,null
2023-09-04T01:30:06Z,23.24,77.31,100,0,46.25,102.53,14.00,492.00,0,0,0
2023-09-04T01:31:06Z,23.27,77.38,100,0,45.42,102.53,21.00,542.00,null,null,null
2023-09-04T01:32:06Z,23.25,77.31,100,0,47.30,102.53,14.00,496.00,null,null,null
2023-09-04T01:33:06Z,23.25,77.26,100,0,37.08,102.53,12.00,485.00,null,null,null
2023-09-04T01:34:06Z,23.24,77.32,99,0,35.44,102.53,12.00,485.00,null,null,null
2023-09-04T01:35:06Z,23.20,77.34,99,0,37.17,102.53,12.00,485.00,0,0,0
2023-09-04T01:36:06Z,23.24,77.38,100,0,45.89,102.53,19.00,530.00,null,null,null
2023-09-04T01:37:06Z,23.24,77.31,100,0,49.31,102.53,19.00,530.00,null,null,null
2023-09-04T01:38:06Z,23.25,77.36,99,0,43.21,102.52,20.00,537.00,null,null,null
2023-09-04T01:39:06Z,23.24,77.41,100,0,34.92,102.53,14.00,492.00,null,null,null
2023-09-04T01:40:06Z,23.22,77.46,99,0,51.65,102.52,19.00,530.00,0,0,0
2023-09-04T01:41:06Z,23.21,77.45,100,0,49.18,102.53,18.00,524.00,null,null,null
2023-09-04T01:42:06Z,23.25,77.45,100,0,36.81,102.53,18.00,524.00,null,null,null
2023-09-04T01:43:06Z,23.22,77.50,100,0,50.31,102.52,12.00,480.00,null,null,null
2023-09-04T01:44:06Z,23.24,77.48,100,0,34.66,102.52,18.00,524.00,null,null,null
2023-09-04T01:45:06Z,23.22,77.58,99,0,39.62,102.53,19.00,530.00,0,0,0
2023-09-04T01:46:06Z,23.21,77.58,100,0,35.42,102.53,18.00,519.00,null,null,null
2023-09-04T01:47:06Z,23.22,77.50,100,0,36.87,102.53,19.00,530.00,null,null,null
2023-09-04T01:48:06Z,23.25,77.52,100,0,34.84,102.53,18.00,524.00,null,null,null
2023-09-04T01:49:06Z,23.20,77.53,100,0,36.59,102.53,11.00,476.00,null,null,null
2023-09-04T01:50:06Z,23.20,77.56,100,0,40.10,102.52,18.00,524.00,0,0,0
2023-09-04T01:51:06Z,23.21,77.55,100,0,34.30,102.53,18.00,524.00,null,null,null
2023-09-04T01:52:06Z,23.21,77.52,99,0,49.12,102.52,18.00,519.00,null,null,null
2023-09-04T01:53:06Z,23.25,77.55,100,0,40.21,102.52,18.00,524.00,null,null,null
2023-09-04T01:54:06Z,23.20,77.57,100,0,43.65,102.52,11.00,476.00,null,null,null
2023-09-04T01:55:06Z,23.18,77.52,100,0,50.32,102.52,18.00,524.00,0,0,0
2023-09-04T01:56:06Z,23.20,77.59,100,0,43.80,102.52,18.00,519.00,null,null,null
2023-09-04T01:57:06Z,23.24,77.51,99,0,41.91,102.52,18.00,519.00,null,null,null
2023-09-04T01:58:06Z,23.22,77.48,99,0,49.54,102.51,18.00,519.00,null,null,null
2023-09-04T01:59:06Z,23.20,77.49,99,0,44.71,102.51,18.00,519.00,null,null,null
2023-09-04T02:00:06Z,23.20,77.57,100,0,35.64,102.51,18.00,519.00,0,0,0
2023-09-04T02:01:06Z,23.21,77.60,99,0,45.80,102.50,18.00,519.00,null,null,null
2023-09-04T02:02:06Z,23.21,77.55,100,0,35.60,102.50,18.00,519.00,null,null,null
2023-09-04T02:03:06Z,23.20,77.47,100,0,47.66,102.50,17.00,514.00,null,null,null
2023-09-04T02:04:06Z,23.18,77.49,100,0,40.42,102.50,17.00,514.00,null,null,null
2023-09-04T02:05:06Z,23.18,77.56,99,0,38.95,102.50,15.00,503.00,0,0,0
2023-09-04T02:06:06Z,23.18,77.57,99,0,43.44,102.50,17.00,514.00,null,null,null
2023-09-04T02:07:06Z,23.18,77.58,100,0,35.28,102.50,15.00,503.00,null,null,null
2023-09-04T02:08:06Z,23.18,77.63,100,0,33.67,102.50,17.00,514.00,null,null,null
2023-09-04T02:09:06Z,23.20,77.62,100,0,38.83,102.50,15.00,503.00,null,null,null
2023-09-04T02:10:06Z,23.18,77.63,100,0,39.62,102.50,15.00,503.00,0,0,0
2023-09-04T02:11:06Z,23.18,77.69,100,0,52.52,102.50,15.00,503.00,null,null,null
2023-09-04T02:12:06Z,23.17,77.68,100,0,34.04,102.50,15.00,503.00,null,null,null
2023-09-04T02:13:06Z,23.20,77.67,99,0,43.06,102.51,15.00,503.00,null,null,null
2023-09-04T02:14:06Z,23.18,77.62,100,0,37.79,102.50,15.00,503.00,null,null,null
2023-09-04T02:15:06Z,23.17,77.68,100,0,44.57,102.51,15.00,503.00,0,0,0
2023-09-04T02:16:06Z,23.17,77.67,100,0,34.28,102.51,14.00,498.00,null,null,null
2023-09-04T02:17:06Z,23.18,77.61,100,0,41.85,102.51,15.00,503.00,null,null,null
2023-09-04T02:18:06Z,23.17,77.61,99,0,41.35,102.51,14.00,498.00,null,null,null
2023-09-04T02:19:06Z,23.17,77.59,100,0,36.27,102.51,14.00,498.00,null,null,null
2023-09-04T02:20:06Z,23.17,77.61,100,0,38.57,102.51,14.00,498.00,0,0,0
2023-09-04T02:21:06Z,23.18,77.66,100,0,37.05,102.51,14.00,493.00,null,null,null
2023-09-04T02:22:06Z,23.17,77.60,100,0,55.04,102.50,14.00,493.00,null,null,null
2023-09-04T02:23:06Z,23.18,77.63,100,0,34.48,102.51,14.00,498.00,null,null,null
2023-09-04T02:24:06Z,23.17,77.63,100,0,34.72,102.51,14.00,493.00,null,null,null
2023-09-04T02:25:06Z,23.17,77.69,100,0,45.59,102.51,14.00,498.00,0,0,0
2023-09-04T02:26:06Z,23.15,77.69,100,0,51.95,102.51,14.00,493.00,null,null,null
2023-09-04T02:27:06Z,23.17,77.65,100,0,35.73,102.51,14.00,498.00,null,null,null
2023-09-04T02:28:06Z,23.18,77.62,100,0,35.27,102.51,14.00,493.00,null,null,null
2023-09-04T02:29:06Z,23.18,77.66,100,0,37.41,102.51,14.00,493.00,null,null,null
2023-09-04T02:30:06Z,23.15,77.65,99,0,39.25,102.51,14.00,493.00,0,0,0
2023-09-04T02:31:06Z,23.14,77.71,100,0,36.44,102.50,14.00,493.00,null,null,null
2023-09-04T02:32:06Z,23.15,77.68,100,0,37.28,102.50,14.00,493.00,null,null,null
2023-09-04T02:33:06Z,23.18,77.66,100,0,36.52,102.50,14.00,493.00,null,null,null
2023-09-04T02:34:06Z,23.17,77.65,99,0,39.81,102.50,14.00,493.00,null,null,null
2023-09-04T02:35:06Z,23.15,77.66,100,0,39.29,102.50,13.00,491.00,0,0,0
2023-09-04T02:36:06Z,23.14,77.68,100,0,35.67,102.50,14.00,493.00,null,null,null
2023-09-04T02:37:06Z,23.17,77.59,100,0,46.69,102.50,13.00,491.00,null,null,null
2023-09-04T02:38:06Z,23.18,77.65,100,0,35.94,102.50,13.00,491.00,null,null,null
2023-09-04T02:39:06Z,23.15,77.65,100,0,35.26,102.50,13.00,491.00,null,null,null
2023-09-04T02:40:06Z,23.14,77.67,99,0,34.36,102.50,13.00,491.00,0,0,0
2023-09-04T02:41:06Z,23.15,77.68,100,0,46.60,102.50,13.00,491.00,null,null,null
2023-09-04T02:42:06Z,23.15,77.57,100,0,45.90,102.51,13.00,491.00,null,null,null
2023-09-04T02:43:06Z,23.15,77.55,100,0,39.95,102.50,13.00,491.00,null,null,null
2023-09-04T02:44:06Z,23.14,77.57,100,0,34.04,102.50,12.00,482.00,null,null,null
2023-09-04T02:45:06Z,23.14,77.59,99,0,37.61,102.50,13.00,491.00,0,0,0
2023-09-04T02:46:06Z,23.15,77.57,99,0,44.13,102.50,12.00,482.00,null,null,null
2023-09-04T02:47:06Z,23.14,77.60,100,0,35.04,102.49,12.00,482.00,null,null,null
2023-09-04T02:48:06Z,23.14,77.58,100,0,44.16,102.49,12.00,482.00,null,null,null
2023-09-04T02:49:06Z,23.15,77.59,100,0,42.07,102.49,12.00,482.00,null,null,null
2023-09-04T02:50:06Z,23.12,77.66,100,0,52.36,102.49,12.00,482.00,0,0,0
2023-09-04T02:51:06Z,23.14,77.62,100,0,38.61,102.50,12.00,480.00,null,null,null
2023-09-04T02:52:06Z,23.15,77.59,100,0,35.79,102.49,12.00,480.00,null,null,null
2023-09-04T02:53:06Z,23.14,77.63,100,0,46.63,102.49,12.00,480.00,null,null,null
2023-09-04T02:54:06Z,23.12,77.61,99,0,35.90,102.49,12.00,482.00,null,null,null
2023-09-04T02:55:06Z,23.11,77.65,100,0,36.58,102.50,12.00,482.00,0,0,0
2023-09-04T02:56:06Z,23.12,77.68,99,0,34.16,102.49,11.00,475.00,null,null,null
2023-09-04T02:57:06Z,23.12,77.61,100,0,34.45,102.49,12.00,480.00,null,null,null
2023-09-04T02:58:06Z,23.12,77.64,100,0,55.41,102.49,12.00,480.00,null,null,null
2023-09-04T02:59:06Z,23.11,77.66,100,0,40.01,102.48,12.00,480.00,null,null,null
2023-09-04T03:00:06Z,23.11,77.64,100,0,36.29,102.49,12.00,480.00,0,0,0
2023-09-04T03:01:06Z,23.10,77.62,99,0,35.01,102.48,11.00,475.00,null,null,null
2023-09-04T03:02:06Z,23.14,77.63,99,0,35.26,102.48,12.00,480.00,null,null,null
2023-09-04T03:03:06Z,23.11,77.62,99,0,38.45,102.49,11.00,475.00,null,null,null
2023-09-04T03:04:06Z,23.10,77.61,99,0,42.46,102.49,12.00,480.00,null,null,null
2023-09-04T03:05:06Z,23.11,77.62,100,0,49.85,102.49,11.00,475.00,0,0,0
2023-09-04T03:06:06Z,23.11,77.65,100,0,43.42,102.49,11.00,475.00,null,null,null
2023-09-04T03:07:06Z,23.11,77.60,100,0,38.13,102.48,11.00,475.00,null,null,null
2023-09-04T03:08:06Z,23.11,77.66,99,0,47.06,102.48,11.00,475.00,null,null,null
2023-09-04T03:09:06Z,23.10,77.68,100,0,49.05,102.48,11.00,475.00,null,null,null
2023-09-04T03:10:06Z,23.11,77.72,100,0,53.79,102.48,11.00,475.00,0,0,0
2023-09-04T03:11:06Z,23.08,77.72,100,0,38.41,102.48,11.00,475.00,null,null,null
2023-09-04T03:12:06Z,23.08,77.67,99,0,58.36,102.48,11.00,475.00,null,null,null
2023-09-04T03:13:06Z,23.11,77.66,100,0,53.05,102.47,11.00,475.00,null,null,null
2023-09-04T03:14:06Z,23.10,77.70,100,0,38.29,102.47,10.00,470.00,null,null,null
2023-09-04T03:15:06Z,23.08,77.78,100,0,37.06,102.47,11.00,475.00,0,0,0
2023-09-04T03:16:06Z,23.11,77.87,99,0,46.87,102.47,10.00,470.00,null,null,null
2023-09-04T03:17:06Z,23.08,77.82,100,0,40.98,102.47,10.00,470.00,null,null,null
2023-09-04T03:18:06Z,23.10,77.80,99,0,34.75,102.47,9.00,464.00,null,null,null
2023-09-04T03:19:06Z,23.10,77.85,100,0,37.41,102.47,9.00,464.00,null,null,null
2023-09-04T03:20:06Z,23.07,77.81,99,0,34.39,102.47,10.00,470.00,0,0,0
2023-09-04T03:21:06Z,23.08,77.85,100,0,40.66,102.47,9.00,464.00,null,null,null
2023-09-04T03:22:06Z,23.11,77.77,99,0,33.83,102.47,9.00,464.00,null,null,null
2023-09-04T03:23:06Z,23.10,77.82,100,0,34.56,102.47,9.00,460.00,null,null,null
2023-09-04T03:24:06Z,23.08,77.80,100,0,47.09,102.46,9.00,464.00,null,null,null
2023-09-04T03:25:06Z,23.07,77.80,100,0,37.10,102.47,9.00,464.00,0,0,0
2023-09-04T03:26:06Z,23.10,77.77,100,0,34.51,102.47,9.00,460.00,null,null,null
2023-09-04T03:27:06Z,23.08,77.77,100,0,50.70,102.46,9.00,460.00,null,null,null
2023-09-04T03:28:06Z,23.08,77.75,99,0,45.69,102.47,9.00,460.00,null,null,null
2023-09-04T03:29:06Z,23.08,77.78,100,0,53.51,102.46,8.00,456.00,null,null,null
2023-09-04T03:30:06Z,23.07,77.82,100,0,40.80,102.47,8.00,456.00,0,0,0
2023-09-04T03:31:06Z,23.08,77.87,100,0,43.17,102.46,8.00,456.00,null,null,null
2023-09-04T03:32:06Z,23.08,77.79,100,0,43.89,102.46,8.00,456.00,null,null,null
2023-09-04T03:33:06Z,23.10,77.80,100,0,44.66,102.46,9.00,460.00,null,null,null
2023-09-04T03:34:06Z,23.07,77.75,100,0,56.33,102.46,9.00,460.00,null,null,null
2023-09-04T03:35:06Z,23.08,77.70,100,0,40.23,102.46,9.00,460.00,0,0,0
2023-09-04T03:36:06Z,23.08,77.76,100,0,47.43,102.46,8.00,455.00,null,null,null
2023-09-04T03:37:06Z,23.07,77.74,100,0,53.56,102.46,9.00,460.00,null,null,null
2023-09-04T03:38:06Z,23.08,77.77,99,0,34.92,102.46,9.00,463.00,null,null,null
2023-09-04T03:39:06Z,23.08,77.73,100,0,48.90,102.45,9.00,460.00,null,null,null
2023-09-04T03:40:06Z,23.07,77.75,100,0,49.87,102.46,9.00,460.00,0,0,0
2023-09-04T03:41:06Z,23.06,77.86,100,0,42.36,102.46,7.00,451.00,null,null,null
2023-09-04T03:42:06Z,23.08,77.80,100,0,49.33,102.46,9.00,460.00,null,null,null
2023-09-04T03:43:06Z,23.07,77.79,100,0,46.26,102.45,8.00,456.00,null,null,null
2023-09-04T03:44:06Z,23.08,77.81,99,0,45.31,102.45,8.00,456.00,null,null,null
2023-09-04T03:45:06Z,23.06,77.75,100,0,43.85,102.45,8.00,456.00,0,0,0
2023-09-04T03:46:06Z,23.08,77.82,100,0,45.11,102.45,8.00,456.00,null,null,null
2023-09-04T03:47:06Z,23.08,77.83,99,0,39.15,102.45,8.00,456.00,null,null,null
2023-09-04T03:48:06Z,23.08,77.79,99,0,48.70,102.45,8.00,456.00,null,null,null
2023-09-04T03:49:06Z,23.07,77.84,100,0,46.01,102.44,8.00,456.00,null,null,null
2023-09-04T03:50:06Z,23.04,77.85,100,0,52.83,102.45,8.00,456.00,0,0,0
2023-09-04T03:51:06Z,23.04,77.89,100,0,50.55,102.44,8.00,456.00,null,null,null
2023-09-04T03:52:06Z,23.06,77.90,99,0,34.02,102.45,8.00,456.00,null,null,null
2023-09-04T03:53:06Z,23.07,77.89,100,0,42.30,102.45,8.00,456.00,null,null,null
2023-09-04T03:54:06Z,23.10,77.90,100,0,40.09,102.45,8.00,456.00,null,null,null
2023-09-04T03:55:06Z,23.07,77.91,99,0,53.61,102.45,8.00,456.00,0,0,0
2023-09-04T03:56:06Z,23.07,77.89,100,0,34.44,102.45,8.00,456.00,null,null,null
2023-09-04T03:57:06Z,23.08,77.85,100,0,44.61,102.45,8.00,456.00,null,null,null
2023-09-04T03:58:06Z,23.04,77.93,99,0,41.17,102.45,8.00,456.00,null,null,null
2023-09-04T03:59:06Z,23.06,77.90,100,0,39.93,102.45,8.00,456.00,null,null,null
2023-09-04T04:00:06Z,23.04,77.92,99,0,39.67,102.45,8.00,456.00,0,0,0
2023-09-04T04:01:06Z,23.06,77.93,100,0,35.35,102.45,8.00,456.00,null,null,null
2023-09-04T04:02:06Z,23.04,77.90,100,0,45.32,102.45,8.00,456.00,null,null,null
2023-09-04T04:03:06Z,23.03,77.94,100,0,39.79,102.45,8.00,456.00,null,null,null
2023-09-04T04:04:06Z,23.06,77.98,100,0,40.04,102.45,7.00,451.00,null,null,null
2023-09-04T04:05:06Z,23.03,78.00,100,0,43.37,102.45,8.00,456.00,0,0,0
2023-09-04T04:06:06Z,23.04,78.02,99,0,37.36,102.45,7.00,451.00,null,null,null
2023-09-04T04:07:06Z,23.03,77.98,100,0,46.07,102.45,8.00,456.00,null,null,null
2023-09-04T04:08:06Z,23.04,77.99,100,0,49.24,102.45,7.00,448.00,null,null,null
2023-09-04T04:09:06Z,23.01,78.01,100,0,49.73,102.45,7.00,451.00,null,null,null
2023-09-04T04:10:06Z,23.03,78.03,100,0,41.43,102.45,7.00,451.00,0,0,0
2023-09-04T04:11:06Z,23.01,78.15,99,0,33.95,102.45,7.00,448.00,null,null,null
2023-09-04T04:12:06Z,23.03,78.06,100,0,49.42,102.45,7.00,451.00,null,null,null
2023-09-04T04:13:06Z,23.01,78.05,99,0,37.38,102.45,7.00,451.00,null,null,null
2023-09-04T04:14:06Z,23.03,78.06,100,0,39.17,102.45,7.00,451.00,null,null,null
2023-09-04T04:15:06Z,23.00,78.09,100,0,38.12,102.44,8.00,456.00,0,0,0
2023-09-04T04:16:06Z,23.00,78.06,100,0,38.89,102.45,6.00,444.00,null,null,null
2023-09-04T04:17:06Z,23.04,78.05,100,0,39.92,102.45,7.00,451.00,null,null,null
2023-09-04T04:18:06Z,23.01,78.04,100,0,47.73,102.45,7.00,448.00,null,null,null
2023-09-04T04:19:06Z,23.03,78.00,100,0,44.78,102.45,7.00,451.00,null,null,null
2023-09-04T04:20:06Z,23.00,78.03,100,0,34.93,102.44,7.00,451.00,0,0,0
2023-09-04T04:21:06Z,23.01,78.05,100,0,46.45,102.44,7.00,448.00,null,null,null
2023-09-04T04:22:06Z,23.03,77.98,100,0,47.15,102.44,7.00,448.00,null,null,null
2023-09-04T04:23:06Z,23.01,77.99,100,0,48.96,102.44,7.00,448.00,null,null,null
2023-09-04T04:24:06Z,22.97,78.03,99,0,39.11,102.45,7.00,448.00,null,null,null
2023-09-04T04:25:06Z,22.99,78.06,99,0,34.71,102.44,7.00,448.00,0,0,0
2023-09-04T04:26:06Z,23.00,78.03,99,0,39.37,102.45,6.00,444.00,null,null,null
2023-09-04T04:27:06Z,23.01,77.98,99,0,45.42,102.44,7.00,448.00,null,null,null
2023-09-04T04:28:06Z,23.00,77.93,100,0,42.34,102.44,6.00,444.00,null,null,null
2023-09-04T04:29:06Z,22.99,78.01,100,0,42.87,102.43,6.00,444.00,null,null,null
2023-09-04T04:30:06Z,22.96,78.00,100,0,53.08,102.43,6.00,444.00,0,0,0
2023-09-04T04:31:06Z,22.99,78.03,99,0,36.98,102.43,6.00,444.00,null,null,null
2023-09-04T04:32:06Z,23.00,77.91,99,0,34.94,102.43,6.00,444.00,null,null,null
2023-09-04T04:33:06Z,23.00,77.90,100,0,45.81,102.43,6.00,444.00,null,null,null
2023-09-04T04:34:06Z,22.94,77.90,100,0,34.53,102.43,6.00,441.00,null,null,null
2023-09-04T04:35:06Z,22.99,77.96,99,0,42.05,102.42,6.00,441.00,0,0,0
2023-09-04T04:36:06Z,22.97,77.96,99,0,40.83,102.42,6.00,441.00,null,null,null
2023-09-04T04:37:06Z,22.99,77.95,100,0,42.08,102.42,6.00,441.00,null,null,null
2023-09-04T04:38:06Z,22.96,78.01,100,0,36.28,102.42,6.00,444.00,null,null,null
2023-09-04T04:39:06Z,22.97,78.03,100,0,43.63,102.42,6.00,441.00,null,null,null
2023-09-04T04:40:06Z,22.97,78.07,100,0,35.18,102.42,6.00,441.00,0,0,0
2023-09-04T04:41:06Z,22.97,78.15,99,0,34.33,102.42,6.00,444.00,null,null,null
2023-09-04T04:42:06Z,22.97,78.09,100,0,44.22,102.42,6.00,444.00,null,null,null
2023-09-04T04:43:06Z,22.97,78.10,100,0,35.49,102.42,6.00,444.00,null,null,null
2023-09-04T04:44:06Z,22.94,78.12,100,0,37.09,102.42,6.00,441.00,null,null,null
2023-09-04T04:45:06Z,22.94,78.10,100,0,48.83,102.41,6.00,441.00,0,0,0
2023-09-04T04:46:06Z,22.94,78.15,100,0,38.40,102.42,6.00,441.00,null,null,null
2023-09-04T04:47:06Z,22.97,78.15,100,0,50.08,102.42,6.00,441.00,null,null,null
2023-09-04T04:48:06Z,22.93,78.10,100,0,41.90,102.42,6.00,441.00,null,null,null
2023-09-04T04:49:06Z,22.97,78.19,100,0,37.42,102.41,6.00,444.00,null,null,null
2023-09-04T04:50:06Z,22.94,78.15,100,0,36.46,102.41,6.00,444.00,0,0,0
2023-09-04T04:51:06Z,22.96,78.22,99,0,38.90,102.42,6.00,441.00,null,null,null
2023-09-04T04:52:06Z,22.99,78.22,100,0,42.80,102.42,6.00,444.00,null,null,null
2023-09-04T04:53:06Z,22.94,78.20,100,0,36.37,102.42,7.00,448.00,null,null,null
2023-09-04T04:54:06Z,22.97,78.23,99,0,36.18,102.42,7.00,448.00,null,null,null
2023-09-04T04:55:06Z,22.93,78.25,99,0,58.84,102.42,7.00,448.00,0,0,0
2023-09-04T04:56:06Z,22.93,78.30,99,0,34.59,102.42,6.00,441.00,null,null,null
2023-09-04T04:57:06Z,22.96,78.27,100,0,38.64,102.42,6.00,441.00,null,null,null
2023-09-04T04:58:06Z,22.96,78.27,100,0,34.31,102.42,6.00,445.00,null,null,null
2023-09-04T04:59:06Z,22.96,78.33,100,0,33.97,102.42,6.00,445.00,null,null,null
2023-09-04T05:00:06Z,22.94,78.31,99,0,44.33,102.42,6.00,445.00,0,0,0
2023-09-04T05:01:06Z,22.94,78.36,99,0,48.65,102.42,6.00,445.00,null,null,null
2023-09-04T05:02:06Z,22.96,78.29,99,0,37.01,102.42,6.00,445.00,null,null,null
2023-09-04T05:03:06Z,22.94,78.26,99,0,38.85,102.42,6.00,445.00,null,null,null
2023-09-04T05:04:06Z,22.93,78.27,100,0,34.49,102.42,6.00,445.00,null,null,null
2023-09-04T05:05:06Z,22.94,78.31,99,0,50.42,102.42,6.00,445.00,0,0,0
2023-09-04T05:06:06Z,22.93,78.34,99,0,34.61,102.42,6.00,445.00,null,null,null
2023-09-04T05:07:06Z,22.94,78.31,100,0,34.65,102.42,7.00,447.00,null,null,null
2023-09-04T05:08:06Z,22.96,78.26,100,0,35.63,102.42,7.00,447.00,null,null,null
2023-09-04T05:09:06Z,22.91,78.33,100,0,39.09,102.42,6.00,445.00,null,null,null
2023-09-04T05:10:06Z,22.93,78.31,99,0,40.64,102.42,7.00,447.00,0,0,0
2023-09-04T05:11:06Z,22.93,78.32,100,0,42.22,102.42,6.00,445.00,null,null,null
2023-09-04T05:12:06Z,22.94,78.30,100,0,49.77,102.42,7.00,447.00,null,null,null
2023-09-04T05:13:06Z,22.93,78.31,100,0,44.51,102.42,6.00,445.00,null,null,null
2023-09-04T05:14:06Z,22.93,78.28,100,0,35.75,102.42,7.00,447.00,null,null,null
2023-09-04T05:15:06Z,22.93,78.36,99,0,35.59,102.42,7.00,447.00,0,0,0
2023-09-04T05:16:06Z,22.90,78.38,100,0,38.55,102.42,7.00,447.00,null,null,null
2023-09-04T05:17:06Z,22.93,78.33,100,0,44.54,102.42,7.00,447.00,null,null,null
2023-09-04T05:18:06Z,22.93,78.35,100,0,39.44,102.42,7.00,447.00,null,null,null
2023-09-04T05:19:06Z,22.91,78.35,100,0,34.79,102.42,7.00,447.00,null,null,null
2023-09-04T05:20:06Z,22.91,78.32,100,0,45.59,102.41,7.00,447.00,0,0,0
2023-09-04T05:21:06Z,22.90,78.37,100,0,42.78,102.42,7.00,447.00,null,null,null
2023-09-04T05:22:06Z,22.91,78.30,100,0,34.45,102.42,7.00,447.00,null,null,null
2023-09-04T05:23:06Z,22.93,78.35,99,0,40.27,102.41,7.00,447.00,null,null,null
2023-09-04T05:24:06Z,22.90,78.35,99,0,34.65,102.42,6.00,445.00,null,null,null
2023-09-04T05:25:06Z,22.91,78.37,100,0,34.46,102.42,7.00,447.00,0,0,0
2023-09-04T05:26:06Z,22.89,78.42,100,0,49.61,102.42,7.00,447.00,null,null,null
2023-09-04T05:27:06Z,22.91,78.43,100,0,52.60,102.43,7.00,447.00,null,null,null
2023-09-04T05:28:06Z,22.90,78.35,99,0,36.86,102.43,7.00,452.00,null,null,null
2023-09-04T05:29:06Z,22.91,78.33,100,0,36.94,102.43,7.00,452.00,null,null,null
2023-09-04T05:30:06Z,22.90,78.36,100,0,41.70,102.43,7.00,447.00,0,0,0
2023-09-04T05:31:06Z,22.89,78.41,100,0,36.75,102.43,6.00,441.00,null,null,null
2023-09-04T05:32:06Z,22.90,78.41,99,0,34.79,102.43,7.00,447.00,null,null,null
2023-09-04T05:33:06Z,22.89,78.45,99,0,36.27,102.44,7.00,447.00,null,null,null
2023-09-04T05:34:06Z,22.89,78.49,100,0,43.11,102.44,7.00,447.00,null,null,null
2023-09-04T05:35:06Z,22.90,78.47,100,0,36.17,102.44,7.00,447.00,0,0,0
2023-09-04T05:36:06Z,22.89,78.54,99,0,44.34,102.43,6.00,445.00,null,null,null
2023-09-04T05:37:06Z,22.89,78.49,100,0,35.02,102.43,7.00,452.00,null,null,null
2023-09-04T05:38:06Z,22.89,78.46,100,0,35.24,102.43,7.00,447.00,null,null,null
2023-09-04T05:39:06Z,22.89,78.43,100,0,34.44,102.43,7.00,447.00,null,null,null
2023-09-04T05:40:06Z,22.87,78.46,100,0,48.10,102.43,7.00,447.00,0,0,0
2023-09-04T05:41:06Z,22.87,78.46,100,0,34.74,102.43,7.00,447.00,null,null,null
2023-09-04T05:42:06Z,22.87,78.49,99,0,45.06,102.43,7.00,447.00,null,null,null
2023-09-04T05:43:06Z,22.90,78.44,100,0,38.48,102.43,7.00,447.00,null,null,null
2023-09-04T05:44:06Z,22.87,78.43,100,0,36.14,102.43,7.00,447.00,null,null,null
2023-09-04T05:45:06Z,22.86,78.45,99,0,34.96,102.43,7.00,447.00,0,0,0
2023-09-04T05:46:06Z,22.87,78.45,100,0,53.55,102.43,7.00,447.00,null,null,null
2023-09-04T05:47:06Z,22.86,78.40,100,0,34.42,102.43,7.00,447.00,null,null,null
2023-09-04T05:48:06Z,22.87,78.39,99,0,34.00,102.43,7.00,447.00,null,null,null
2023-09-04T05:49:06Z,22.87,78.41,99,0,41.27,102.43,7.00,447.00,null,null,null
2023-09-04T05:50:06Z,22.86,78.43,100,0,34.61,102.43,7.00,447.00,0,0,0
2023-09-04T05:51:06Z,22.86,78.41,100,0,35.90,102.42,7.00,447.00,null,null,null
2023-09-04T05:52:06Z,22.86,78.40,100,0,39.73,102.42,7.00,447.00,null,null,null
2023-09-04T05:53:06Z,22.86,78.38,100,0,38.46,102.42,7.00,447.00,null,null,null
2023-09-04T05:54:06Z,22.83,78.42,99,0,35.98,102.42,7.00,447.00,null,null,null
2023-09-04T05:55:06Z,22.87,78.33,100,0,34.65,102.42,7.00,447.00,0,0,0
2023-09-04T05:56:06Z,22.87,78.50,100,0,39.15,102.42,7.00,452.00,null,null,null
2023-09-04T05:57:06Z,22.86,78.43,100,0,37.51,102.43,7.00,452.00,null,null,null
2023-09-04T05:58:06Z,22.84,78.43,99,0,34.59,102.43,7.00,452.00,null,null,null
2023-09-04T05:59:06Z,22.86,78.44,100,0,41.21,102.43,7.00,447.00,null,null,null
2023-09-04T06:00:06Z,22.86,78.44,100,0,35.18,102.43,10.00,472.00,0,0,0
2023-09-04T06:01:06Z,22.84,78.56,99,0,37.06,102.43,17.00,515.00,null,null,null
2023-09-04T06:02:06Z,22.89,78.54,100,0,40.02,102.43,25.00,569.00,null,null,null
2023-09-04T06:03:06Z,22.87,78.58,100,0,35.16,102.43,39.00,656.00,null,null,null
2023-09-04T06:04:06Z,22.84,78.59,99,0,37.36,102.43,39.00,656.00,null,null,null
2023-09-04T06:05:06Z,22.84,78.70,99,0,34.99,102.42,67.00,844.00,0,0,0
2023-09-04T06:06:06Z,22.86,78.58,99,0,39.27,102.42,94.00,1019.00,null,null,null
2023-09-04T06:07:06Z,22.89,78.54,100,0,35.40,102.42,113.00,1147.00,null,null,null
2023-09-04T06:08:06Z,22.84,78.60,100,0,34.75,102.42,126.00,1231.00,null,null,null
2023-09-04T06:09:06Z,22.84,78.56,99,0,36.79,102.42,130.00,1259.00,null,null,null
2023-09-04T06:10:06Z,22.84,78.56,100,0,35.19,102.42,130.00,1259.00,0,0,0
2023-09-04T06:11:06Z,22.84,78.62,100,0,35.62,102.42,120.00,1191.00,null,null,null
2023-09-04T06:12:06Z,22.87,78.52,100,0,35.34,102.42,118.00,1178.00,null,null,null
2023-09-04T06:13:06Z,22.86,78.54,100,0,38.80,102.42,113.00,1147.00,null,null,null
2023-09-04T06:14:06Z,22.83,78.50,99,0,34.02,102.42,109.00,1122.00,null,null,null
2023-09-04T06:15:06Z,22.84,78.53,100,0,35.13,102.41,105.00,1093.00,0,0,0
2023-09-04T06:16:06Z,22.86,78.56,100,0,37.91,102.42,97.00,1038.00,null,null,null
2023-09-04T06:17:06Z,22.84,78.47,100,0,34.60,102.42,92.00,1009.00,null,null,null
2023-09-04T06:18:06Z,22.83,78.53,100,0,34.41,102.42,88.00,981.00,null,null,null
2023-09-04T06:19:06Z,22.84,78.53,100,0,35.08,102.41,85.00,961.00,null,null,null
2023-09-04T06:20:06Z,22.83,78.51,100,0,34.81,102.41,82.00,942.00,0,0,0
2023-09-04T06:21:06Z,22.86,78.56,100,0,36.70,102.42,80.00,930.00,null,null,null
2023-09-04T06:22:06Z,22.83,78.52,100,0,38.54,102.41,79.00,920.00,null,null,null
2023-09-04T06:23:06Z,22.86,78.45,100,0,33.93,102.41,75.00,897.00,null,null,null
2023-09-04T06:24:06Z,22.84,78.52,100,0,39.42,102.41,72.00,877.00,null,null,null
2023-09-04T06:25:06Z,22.81,78.52,99,0,37.98,102.41,70.00,865.00,0,0,0
2023-09-04T06:26:06Z,22.84,78.56,99,0,37.35,102.41,69.00,853.00,null,null,null
2023-09-04T06:27:06Z,22.81,78.59,100,0,35.78,102.42,65.00,830.00,null,null,null
2023-09-04T06:28:06Z,22.84,78.53,100,0,38.10,102.42,63.00,819.00,null,null,null
2023-09-04T06:29:06Z,22.81,78.64,99,0,35.41,102.41,62.00,810.00,null,null,null
2023-09-04T06:30:06Z,22.83,78.61,99,0,36.44,102.41,61.00,806.00,0,0,0
2023-09-04T06:31:06Z,22.81,78.62,99,0,36.54,102.41,59.00,793.00,null,null,null
2023-09-04T06:32:06Z,22.80,78.68,99,0,38.08,102.41,58.00,783.00,null,null,null
2023-09-04T06:33:06Z,22.83,78.70,100,0,36.34,102.41,56.00,774.00,null,null,null
2023-09-04T06:34:06Z,22.81,78.61,99,0,40.48,102.40,56.00,770.00,null,null,null
2023-09-04T06:35:06Z,22.81,78.53,100,0,38.31,102.41,56.00,770.00,0,0,0
2023-09-04T06:36:06Z,22.83,78.67,100,0,45.01,102.41,59.00,793.00,null,null,null
2023-09-04T06:37:06Z,22.81,78.60,100,0,37.80,102.41,62.00,810.00,null,null,null
2023-09-04T06:38:06Z,22.80,78.57,100,0,37.69,102.41,65.00,830.00,null,null,null
2023-09-04T06:39:06Z,22.81,78.55,100,0,43.89,102.41,65.00,830.00,null,null,null
2023-09-04T06:40:06Z,22.81,78.55,100,0,43.02,102.40,62.00,810.00,0,0,0
2023-09-04T06:41:06Z,22.81,78.61,100,0,35.59,102.41,61.00,806.00,null,null,null
2023-09-04T06:42:06Z,22.83,78.58,99,0,40.09,102.41,61.00,806.00,null,null,null
2023-09-04T06:43:06Z,22.81,78.60,100,0,39.38,102.41,61.00,806.00,null,null,null
2023-09-04T06:44:06Z,22.83,78.57,99,0,36.93,102.42,59.00,793.00,null,null,null
2023-09-04T06:45:06Z,22.80,78.60,100,0,36.23,102.42,58.00,783.00,0,0,0
2023-09-04T06:46:06Z,22.81,78.72,100,0,38.38,102.42,56.00,770.00,null,null,null
2023-09-04T06:47:06Z,22.83,78.70,100,0,47.56,102.42,56.00,774.00,null,null,null
2023-09-04T06:48:06Z,22.81,78.60,100,0,47.29,102.42,56.00,770.00,null,null,null
2023-09-04T06:49:06Z,22.80,78.63,100,0,42.36,102.43,56.00,770.00,null,null,null
2023-09-04T06:50:06Z,22.81,78.60,100,0,44.54,102.43,54.00,757.00,0,0,0
2023-09-04T06:51:06Z,22.79,78.83,99,0,45.55,102.43,51.00,740.00,null,null,null
2023-09-04T06:52:06Z,22.80,78.71,99,0,49.71,102.43,50.00,733.00,null,null,null
2023-09-04T06:53:06Z,22.79,78.72,99,0,38.72,102.43,50.00,732.00,null,null,null
2023-09-04T06:54:06Z,22.79,78.80,100,0,44.64,102.43,50.00,732.00,null,null,null
2023-09-04T06:55:06Z,22.79,78.79,100,0,33.90,102.42,49.00,726.00,0,0,0
2023-09-04T06:56:06Z,22.79,78.99,99,0,45.35,102.42,47.00,712.00,null,null,null
2023-09-04T06:57:06Z,22.77,78.93,100,0,39.61,102.43,47.00,712.00,null,null,null
2023-09-04T06:58:06Z,22.80,78.90,100,0,35.52,102.42,46.00,706.00,null,null,null
2023-09-04T06:59:06Z,22.79,78.92,100,0,42.90,102.42,46.00,706.00,null,null,null
2023-09-04T07:00:06Z,22.79,78.92,99,0,39.18,102.42,45.00,699.00,0,0,0
2023-09-04T07:01:06Z,22.79,79.14,100,0,43.16,102.42,45.00,699.00,null,null,null
2023-09-04T07:02:06Z,22.80,79.02,100,0,41.06,102.42,45.00,699.00,null,null,null
2023-09-04T07:03:06Z,22.79,79.06,99,0,46.76,102.41,45.00,699.00,null,null,null
2023-09-04T07:04:06Z,22.77,79.12,100,0,42.46,102.41,44.00,690.00,null,null,null
2023-09-04T07:05:06Z,22.76,79.18,100,0,43.30,102.41,42.00,679.00,0,0,0
2023-09-04T07:06:06Z,22.80,79.34,100,0,39.44,102.41,41.00,674.00,null,null,null
2023-09-04T07:07:06Z,22.79,79.19,100,0,47.18,102.41,40.00,668.00,null,null,null
2023-09-04T07:08:06Z,22.79,79.19,100,0,40.84,102.42,41.00,674.00,null,null,null
2023-09-04T07:09:06Z,22.79,79.21,100,0,38.40,102.42,40.00,666.00,null,null,null
2023-09-04T07:10:06Z,22.76,79.23,100,0,35.99,102.42,40.00,666.00,0,0,0
2023-09-04T07:11:06Z,22.80,79.63,99,0,43.18,102.42,41.00,674.00,null,null,null
2023-09-04T07:12:06Z,22.79,79.53,100,1,49.09,102.41,40.00,668.00,null,null,null
2023-09-04T07:13:06Z,22.80,79.55,99,0,41.75,102.41,40.00,668.00,null,null,null
2023-09-04T07:14:06Z,22.80,79.65,100,0,45.36,102.41,41.00,674.00,null,null,null
2023-09-04T07:15:06Z,22.79,79.61,100,0,46.61,102.41,41.00,674.00,0,0,0
2023-09-04T07:16:06Z,22.79,80.02,100,0,43.75,102.41,40.00,668.00,null,null,null
2023-09-04T07:17:06Z,22.80,79.90,100,0,34.83,102.41,40.00,665.00,null,null,null
2023-09-04T07:18:06Z,22.79,79.93,100,1,35.06,102.41,41.00,671.00,null,null,null
2023-09-04T07:19:06Z,22.77,79.88,100,1,36.94,102.41,42.00,679.00,null,null,null
2023-09-04T07:20:06Z,22.79,79.98,100,1,34.36,102.41,42.00,679.00,0,0,0
2023-09-04T07:21:06Z,22.80,80.31,100,1,34.58,102.41,42.00,679.00,null,null,null
2023-09-04T07:22:06Z,22.79,80.11,99,1,38.05,102.41,45.00,697.00,null,null,null
2023-09-04T07:23:06Z,22.80,80.05,99,1,35.00,102.41,47.00,712.00,null,null,null
2023-09-04T07:24:06Z,22.77,80.08,100,0,34.71,102.41,47.00,712.00,null,null,null
2023-09-04T07:25:06Z,22.79,80.01,100,1,34.89,102.41,48.00,719.00,0,0,0
2023-09-04T07:26:06Z,22.77,80.30,100,1,34.81,102.42,48.00,719.00,null,null,null
2023-09-04T07:27:06Z,22.80,80.17,100,1,34.46,102.42,49.00,726.00,null,null,null
2023-09-04T07:28:06Z,22.80,80.12,99,0,34.49,102.41,51.00,740.00,null,null,null
2023-09-04T07:29:06Z,22.77,80.08,99,0,34.30,102.41,50.00,732.00,null,null,null
2023-09-04T07:30:06Z,22.77,80.13,99,0,35.85,102.41,50.00,732.00,0,0,0
2023-09-04T07:31:06Z,22.80,80.29,100,1,34.97,102.41,51.00,740.00,null,null,null
2023-09-04T07:32:06Z,22.79,80.21,99,1,37.15,102.41,49.00,726.00,null,null,null
2023-09-04T07:33:06Z,22.77,80.16,100,1,34.72,102.41,50.00,732.00,null,null,null
2023-09-04T07:34:06Z,22.77,80.13,100,2,34.56,102.41,50.00,732.00,null,null,null
2023-09-04T07:35:06Z,22.76,80.12,100,2,37.91,102.41,50.00,732.00,0,0,0
2023-09-04T07:36:06Z,22.79,80.29,100,2,34.24,102.41,48.00,719.00,null,null,null
2023-09-04T07:37:06Z,22.79,80.16,100,2,34.17,102.40,47.00,714.00,null,null,null
2023-09-04T07:38:06Z,22.79,80.15,100,2,34.45,102.40,48.00,719.00,null,null,null
2023-09-04T07:39:06Z,22.76,80.08,99,2,35.18,102.40,48.00,719.00,null,null,null
2023-09-04T07:40:06Z,22.77,80.19,100,2,36.00,102.40,47.00,712.00,0,0,0
2023-09-04T07:41:06Z,22.79,80.29,100,2,34.73,102.40,47.00,712.00,null,null,null
2023-09-04T07:42:06Z,22.79,80.22,100,3,35.85,102.40,47.00,714.00,null,null,null
2023-09-04T07:43:06Z,22.77,80.21,100,4,35.19,102.40,47.00,712.00,null,null,null
2023-09-04T07:44:06Z,22.76,80.28,100,5,36.44,102.40,47.00,712.00,null,null,null
2023-09-04T07:45:06Z,22.77,80.33,100,3,36.83,102.40,46.00,706.00,0,0,0
2023-09-04T07:46:06Z,22.77,80.44,100,4,35.27,102.41,47.00,714.00,null,null,null
2023-09-04T07:47:06Z,22.79,80.37,100,5,35.07,102.40,47.00,714.00,null,null,null
2023-09-04T07:48:06Z,22.79,80.34,99,5,34.97,102.40,47.00,714.00,null,null,null
2023-09-04T07:49:06Z,22.79,80.36,100,5,34.80,102.41,47.00,714.00,null,null,null
2023-09-04T07:50:06Z,22.76,80.41,99,5,34.23,102.40,46.00,706.00,0,0,0
2023-09-04T07:51:06Z,22.79,80.42,100,6,34.22,102.41,46.00,706.00,null,null,null
2023-09-04T07:52:06Z,22.77,80.31,100,6,34.73,102.40,46.00,706.00,null,null,null
2023-09-04T07:53:06Z,22.79,80.31,100,6,34.71,102.40,46.00,706.00,null,null,null
2023-09-04T07:54:06Z,22.79,80.35,100,6,37.71,102.41,46.00,706.00,null,null,null
2023-09-04T07:55:06Z,22.76,80.31,99,6,36.49,102.40,45.00,697.00,0,0,0
2023-09-04T07:56:06Z,22.80,80.40,99,6,39.56,102.40,45.00,697.00,null,null,null
2023-09-04T07:57:06Z,22.79,80.38,99,6,36.11,102.41,46.00,706.00,null,null,null
2023-09-04T07:58:06Z,22.79,80.34,99,6,34.93,102.40,46.00,706.00,null,null,null
2023-09-04T07:59:06Z,22.79,80.40,100,7,34.76,102.41,46.00,706.00,null,null,null
2023-09-04T08:00:06Z,22.80,80.36,99,7,36.62,102.40,46.00,706.00,0,0,0
2023-09-04T08:01:06Z,22.79,80.44,100,7,37.57,102.40,44.00,690.00,null,null,null
2023-09-04T08:02:06Z,22.81,80.34,100,7,36.79,102.41,45.00,697.00,null,null,null
2023-09-04T08:03:06Z,22.79,80.33,100,7,37.09,102.41,45.00,697.00,null,null,null
2023-09-04T08:04:06Z,22.79,80.34,100,7,34.40,102.41,45.00,697.00,null,null,null
2023-09-04T08:05:06Z,22.80,80.33,100,7,35.34,102.40,45.00,697.00,0,0,0
2023-09-04T08:06:06Z,22.79,80.42,100,7,34.76,102.40,42.00,682.00,null,null,null
2023-09-04T08:07:06Z,22.81,80.30,100,7,34.72,102.41,44.00,690.00,null,null,null
2023-09-04T08:08:06Z,22.83,80.33,100,7,34.59,102.40,45.00,697.00,null,null,null
2023-09-04T08:09:06Z,22.81,80.33,100,7,39.91,102.41,44.00,690.00,null,null,null
2023-09-04T08:10:06Z,22.81,80.34,100,7,34.42,102.40,44.00,690.00,0,0,0
2023-09-04T08:11:06Z,22.83,80.37,100,7,33.87,102.41,44.00,690.00,null,null,null
2023-09-04T08:12:06Z,22.81,80.34,99,7,36.99,102.40,44.00,690.00,null,null,null
2023-09-04T08:13:06Z,22.83,80.34,99,7,35.45,102.40,44.00,690.00,null,null,null
2023-09-04T08:14:06Z,22.80,80.29,100,7,34.46,102.41,44.00,690.00,null,null,null
2023-09-04T08:15:06Z,22.81,80.30,100,7,34.90,102.41,42.00,682.00,0,0,0
2023-09-04T08:16:06Z,22.83,80.40,100,7,34.37,102.40,42.00,682.00,null,null,null
2023-09-04T08:17:06Z,22.83,80.33,100,7,34.28,102.41,42.00,682.00,null,null,null
2023-09-04T08:18:06Z,22.83,80.34,100,7,34.84,102.41,42.00,682.00,null,null,null
2023-09-04T08:19:06Z,22.83,80.31,100,7,34.42,102.41,42.00,682.00,null,null,null
2023-09-04T08:20:06Z,22.83,80.34,100,7,34.67,102.40,42.00,682.00,0,0,0
2023-09-04T08:21:06Z,22.84,80.43,100,7,34.86,102.41,42.00,682.00,null,null,null
2023-09-04T08:22:06Z,22.84,80.35,100,7,34.42,102.41,42.00,682.00,null,null,null
2023-09-04T08:23:06Z,22.83,80.32,100,7,35.10,102.40,41.00,674.00,null,null,null
2023-09-04T08:24:06Z,22.84,80.38,99,7,34.27,102.40,41.00,674.00,null,null,null
2023-09-04T08:25:06Z,22.83,80.35,100,7,35.54,102.40,41.00,674.00,0,0,0
2023-09-04T08:26:06Z,22.83,80.41,100,7,34.59,102.40,41.00,674.00,null,null,null
2023-09-04T08:27:06Z,22.84,80.36,100,7,34.39,102.40,41.00,674.00,null,null,null
2023-09-04T08:28:06Z,22.86,80.41,99,7,35.19,102.40,41.00,674.00,null,null,null
2023-09-04T08:29:06Z,22.87,80.37,100,7,34.09,102.40,41.00,674.00,null,null,null
2023-09-04T08:30:06Z,22.83,80.36,99,7,34.99,102.40,40.00,665.00,0,0,0
2023-09-04T08:31:06Z,22.84,80.41,100,7,34.25,102.40,40.00,665.00,null,null,null
2023-09-04T08:32:06Z,22.87,80.36,100,7,34.83,102.40,40.00,665.00,null,null,null
2023-09-04T08:33:06Z,22.87,80.32,100,7,34.38,102.40,39.00,657.00,null,null,null
2023-09-04T08:34:06Z,22.87,80.33,100,7,34.55,102.40,39.00,657.00,null,null,null
2023-09-04T08:35:06Z,22.84,80.37,100,7,36.00,102.40,39.00,657.00,0,0,0
2023-09-04T08:36:06Z,22.87,80.39,99,6,34.54,102.40,39.00,657.00,null,null,null
2023-09-04T08:37:06Z,22.89,80.40,100,7,33.62,102.40,40.00,665.00,null,null,null
2023-09-04T08:38:06Z,22.86,80.30,99,7,34.57,102.39,40.00,665.00,null,null,null
2023-09-04T08:39:06Z,22.87,80.33,99,6,34.37,102.40,40.00,665.00,null,null,null
2023-09-04T08:40:06Z,22.86,80.32,100,6,39.19,102.39,39.00,657.00,0,0,0
2023-09-04T08:41:06Z,22.86,80.38,100,6,34.01,102.39,38.00,650.00,null,null,null
2023-09-04T08:42:06Z,22.89,80.30,100,6,34.62,102.39,39.00,657.00,null,null,null
2023-09-04T08:43:06Z,22.89,80.32,100,6,33.84,102.39,39.00,657.00,null,null,null
2023-09-04T08:44:06Z,22.89,80.26,99,6,34.47,102.39,38.00,650.00,null,null,null
2023-09-04T08:45:06Z,22.89,80.32,99,6,33.86,102.39,38.00,650.00,0,0,0
2023-09-04T08:46:06Z,22.87,80.36,100,6,36.71,102.39,38.00,650.00,null,null,null
2023-09-04T08:47:06Z,22.87,80.29,100,6,34.39,102.39,38.00,650.00,null,null,null
2023-09-04T08:48:06Z,22.89,80.28,99,6,34.82,102.38,38.00,650.00,null,null,null
2023-09-04T08:49:06Z,22.89,80.26,100,6,34.43,102.39,38.00,650.00,null,null,null
2023-09-04T08:50:06Z,22.89,80.31,100,5,34.49,102.39,38.00,650.00,0,0,0
2023-09-04T08:51:06Z,22.89,80.34,100,6,33.98,102.39,37.00,643.00,null,null,null
2023-09-04T08:52:06Z,22.89,80.26,100,6,34.58,102.39,37.00,643.00,null,null,null
2023-09-04T08:53:06Z,22.90,80.25,100,6,34.01,102.39,37.00,643.00,null,null,null
2023-09-04T08:54:06Z,22.89,80.23,100,5,34.20,102.39,37.00,643.00,null,null,null
2023-09-04T08:55:06Z,22.90,80.25,100,5,34.66,102.39,37.00,649.00,0,0,0
2023-09-04T08:56:06Z,22.89,80.28,99,5,34.93,102.40,37.00,643.00,null,null,null
2023-09-04T08:57:06Z,22.89,80.21,99,5,34.13,102.39,37.00,643.00,null,null,null
2023-09-04T08:58:06Z,22.89,80.24,99,5,35.65,102.39,36.00,641.00,null,null,null
2023-09-04T08:59:06Z,22.89,80.20,100,5,34.09,102.39,36.00,641.00,null,null,null
2023-09-04T09:00:06Z,22.89,80.22,100,5,34.15,102.39,36.00,641.00,0,0,0
2023-09-04T09:01:06Z,22.89,80.24,100,5,34.34,102.39,36.00,641.00,null,null,null
2023-09-04T09:02:06Z,22.90,80.20,100,5,33.79,102.39,35.00,634.00,null,null,null
2023-09-04T09:03:06Z,22.90,80.13,100,5,34.20,102.39,35.00,634.00,null,null,null
2023-09-04T09:04:06Z,22.89,80.14,100,5,34.29,102.38,35.00,634.00,null,null,null
2023-09-04T09:05:06Z,22.91,80.17,100,5,33.85,102.38,35.00,634.00,0,0,0
2023-09-04T09:06:06Z,22.87,80.17,100,5,34.85,102.38,35.00,634.00,null,null,null
2023-09-04T09:07:06Z,22.90,80.14,100,5,34.25,102.38,35.00,634.00,null,null,null
2023-09-04T09:08:06Z,22.90,80.09,100,5,33.94,102.38,35.00,634.00,null,null,null
2023-09-04T09:09:06Z,22.90,80.12,100,4,34.40,102.38,35.00,634.00,null,null,null
2023-09-04T09:10:06Z,22.93,80.12,100,4,33.60,102.38,34.00,627.00,0,0,0
2023-09-04T09:11:06Z,22.89,80.15,100,4,34.78,102.38,34.00,624.00,null,null,null
2023-09-04T09:12:06Z,22.91,80.05,100,4,34.54,102.38,34.00,624.00,null,null,null
2023-09-04T09:13:06Z,22.90,80.01,100,4,36.37,102.38,34.00,624.00,null,null,null
2023-09-04T09:14:06Z,22.89,80.02,99,4,34.55,102.38,34.00,624.00,null,null,null
2023-09-04T09:15:06Z,22.89,80.10,100,4,34.07,102.38,34.00,627.00,0,0,0
2023-09-04T09:16:06Z,22.89,80.07,100,3,39.54,102.38,32.00,614.00,null,null,null
2023-09-04T09:17:06Z,22.90,80.03,99,3,34.27,102.37,34.00,624.00,null,null,null
2023-09-04T09:18:06Z,22.91,80.01,100,4,34.36,102.38,34.00,624.00,null,null,null
2023-09-04T09:19:06Z,22.91,80.03,100,4,34.13,102.38,34.00,624.00,null,null,null
2023-09-04T09:20:06Z,22.89,80.02,100,4,34.56,102.38,34.00,624.00,0,0,0
2023-09-04T09:21:06Z,22.89,80.04,100,3,34.97,102.38,31.00,605.00,null,null,null
2023-09-04T09:22:06Z,22.90,79.95,99,3,34.37,102.38,32.00,614.00,null,null,null
2023-09-04T09:23:06Z,22.91,79.92,100,3,34.27,102.38,32.00,614.00,null,null,null
2023-09-04T09:24:06Z,22.89,79.95,99,3,35.49,102.38,32.00,614.00,null,null,null
2023-09-04T09:25:06Z,22.91,79.95,100,3,34.97,102.38,31.00,605.00,0,0,0
2023-09-04T09:26:06Z,22.90,79.98,100,3,43.28,102.38,31.00,605.00,null,null,null
2023-09-04T09:27:06Z,22.93,79.90,100,3,34.60,102.38,31.00,605.00,null,null,null
2023-09-04T09:28:06Z,22.91,79.91,99,3,34.10,102.38,31.00,605.00,null,null,null
2023-09-04T09:29:06Z,22.89,79.91,100,3,34.07,102.38,31.00,605.00,null,null,null
2023-09-04T09:30:06Z,22.90,79.87,100,3,34.34,102.38,31.00,605.00,0,0,0
2023-09-04T09:31:06Z,22.91,79.88,100,3,34.31,102.37,30.00,599.00,null,null,null
2023-09-04T09:32:06Z,22.91,79.85,100,3,34.98,102.37,30.00,599.00,null,null,null
2023-09-04T09:33:06Z,22.90,79.80,99,2,35.79,102.37,31.00,605.00,null,null,null
2023-09-04T09:34:06Z,22.89,79.79,99,2,34.97,102.37,30.00,599.00,null,null,null
2023-09-04T09:35:06Z,22.89,79.80,100,2,34.21,102.37,29.00,596.00,0,0,0
2023-09-04T09:36:06Z,22.89,79.83,100,2,36.42,102.37,30.00,599.00,null,null,null
2023-09-04T09:37:06Z,22.91,79.80,100,2,34.90,102.37,30.00,599.00,null,null,null
2023-09-04T09:38:06Z,22.89,79.73,99,2,34.25,102.36,29.00,596.00,null,null,null
2023-09-04T09:39:06Z,22.89,79.72,99,2,35.37,102.36,30.00,599.00,null,null,null
2023-09-04T09:40:06Z,22.86,79.73,99,2,37.30,102.36,30.00,599.00,0,0,0
2023-09-04T09:41:06Z,22.89,79.75,100,2,34.81,102.36,30.00,599.00,null,null,null
2023-09-04T09:42:06Z,22.90,79.64,100,2,34.83,102.36,28.00,586.00,null,null,null
2023-09-04T09:43:06Z,22.93,79.66,100,2,35.86,102.36,28.00,589.00,null,null,null
2023-09-04T09:44:06Z,22.84,79.66,100,2,35.01,102.35,28.00,589.00,null,null,null
2023-09-04T09:45:06Z,22.89,79.63,100,2,34.36,102.35,28.00,589.00,0,0,0
2023-09-04T09:46:06Z,22.89,79.61,100,2,34.08,102.36,27.00,581.00,null,null,null
2023-09-04T09:47:06Z,22.90,79.56,100,2,34.15,102.36,27.00,581.00,null,null,null
2023-09-04T09:48:06Z,22.89,79.54,99,2,34.64,102.36,27.00,581.00,null,null,null
2023-09-04T09:49:06Z,22.89,79.51,100,2,34.17,102.36,27.00,578.00,null,null,null
2023-09-04T09:50:06Z,22.87,79.52,100,2,34.71,102.36,27.00,578.00,0,0,0
2023-09-04T09:51:06Z,22.86,79.49,100,2,36.19,102.36,27.00,578.00,null,null,null
2023-09-04T09:52:06Z,22.87,79.44,100,2,35.81,102.35,27.00,578.00,null,null,null
2023-09-04T09:53:06Z,22.89,79.37,100,2,34.39,102.36,27.00,578.00,null,null,null
2023-09-04T09:54:06Z,22.89,79.37,100,2,34.45,102.35,27.00,578.00,null,null,null
2023-09-04T09:55:06Z,22.86,79.35,100,1,34.50,102.35,26.00,572.00,0,0,0
2023-09-04T09:56:06Z,22.84,79.37,100,1,34.17,102.35,24.00,560.00,null,null,null
2023-09-04T09:57:06Z,22.89,79.33,100,1,36.86,102.35,26.00,572.00,null,null,null
2023-09-04T09:58:06Z,22.87,79.25,100,1,34.89,102.35,24.00,564.00,null,null,null
2023-09-04T09:59:06Z,22.84,79.25,99,1,34.79,102.35,24.00,564.00,null,null,null
2023-09-04T10:00:06Z,22.84,79.24,99,1,34.96,102.35,24.00,564.00,0,0,0
2023-09-04T10:01:06Z,22.87,79.20,99,1,34.83,102.36,23.00,556.00,null,null,null
2023-09-04T10:02:06Z,22.86,79.15,100,1,34.89,102.35,25.00,565.00,null,null,null
2023-09-04T10:03:06Z,22.90,79.17,100,1,35.25,102.35,25.00,567.00,null,null,null
2023-09-04T10:04:06Z,22.86,79.11,100,1,35.31,102.35,25.00,565.00,null,null,null
2023-09-04T10:05:06Z,22.84,79.09,99,1,37.41,102.35,25.00,565.00,0,0,0
2023-09-04T10:06:06Z,22.86,79.07,100,1,36.09,102.35,23.00,556.00,null,null,null
2023-09-04T10:07:06Z,22.86,79.04,99,1,35.40,102.35,23.00,556.00,null,null,null
2023-09-04T10:08:06Z,22.84,78.97,100,1,34.12,102.35,23.00,556.00,null,null,null
2023-09-04T10:09:06Z,22.89,78.97,100,1,34.57,102.35,23.00,556.00,null,null,null
2023-09-04T10:10:06Z,22.83,78.93,100,1,34.54,102.35,23.00,551.00,0,0,0
2023-09-04T10:11:06Z,22.87,78.94,99,1,34.21,102.35,23.00,551.00,null,null,null
2023-09-04T10:12:06Z,22.87,78.90,100,1,35.15,102.35,23.00,551.00,null,null,null
2023-09-04T10:13:06Z,22.89,78.85,99,1,35.03,102.35,23.00,551.00,null,null,null
2023-09-04T10:14:06Z,22.84,78.84,100,1,34.01,102.35,22.00,546.00,null,null,null
2023-09-04T10:15:06Z,22.83,78.81,99,1,33.81,102.34,22.00,546.00,0,0,0
2023-09-04T10:16:06Z,22.86,78.81,99,1,34.73,102.34,22.00,546.00,null,null,null
2023-09-04T10:17:06Z,22.87,78.76,100,1,34.63,102.34,22.00,546.00,null,null,null
2023-09-04T10:18:06Z,22.84,78.71,100,1,34.09,102.34,22.00,546.00,null,null,null
2023-09-04T10:19:06Z,22.86,78.66,100,1,35.31,102.34,21.00,543.00,null,null,null
2023-09-04T10:20:06Z,22.83,78.69,100,1,35.40,102.33,21.00,543.00,0,0,0
2023-09-04T10:21:06Z,22.84,78.68,100,1,34.60,102.33,21.00,543.00,null,null,null
2023-09-04T10:22:06Z,22.86,78.59,100,1,34.53,102.33,21.00,539.00,null,null,null
2023-09-04T10:23:06Z,22.84,78.58,99,1,34.62,102.33,21.00,539.00,null,null,null
2023-09-04T10:24:06Z,22.81,78.58,100,1,35.24,102.33,21.00,539.00,null,null,null
2023-09-04T10:25:06Z,22.81,78.55,100,1,34.26,102.33,21.00,543.00,0,0,0
2023-09-04T10:26:06Z,22.83,78.52,100,0,34.45,102.33,20.00,533.00,null,null,null
2023-09-04T10:27:06Z,22.86,78.46,100,0,34.34,102.32,19.00,529.00,null,null,null
2023-09-04T10:28:06Z,22.84,78.45,100,1,34.17,102.32,18.00,520.00,null,null,null
2023-09-04T10:29:06Z,22.81,78.38,99,0,34.20,102.32,19.00,529.00,null,null,null
2023-09-04T10:30:06Z,22.83,78.41,100,0,33.79,102.31,19.00,529.00,0,0,0
2023-09-04T10:31:06Z,22.84,78.37,99,0,34.78,102.32,18.00,520.00,null,null,null
2023-09-04T10:32:06Z,22.83,78.36,100,0,34.23,102.31,18.00,520.00,null,null,null
2023-09-04T10:33:06Z,22.83,78.32,100,0,34.28,102.32,18.00,520.00,null,null,null
2023-09-04T10:34:06Z,22.83,78.31,99,0,35.94,102.31,19.00,529.00,null,null,null
2023-09-04T10:35:06Z,22.81,78.29,99,0,34.68,102.31,18.00,520.00,0,0,0
2023-09-04T10:36:06Z,22.83,78.29,100,0,34.19,102.30,16.00,506.00,null,null,null
2023-09-04T10:37:06Z,22.81,78.28,100,0,34.36,102.31,17.00,515.00,null,null,null
2023-09-04T10:38:06Z,22.83,78.24,100,0,34.96,102.31,17.00,515.00,null,null,null
2023-09-04T10:39:06Z,22.81,78.22,100,0,34.29,102.31,17.00,515.00,null,null,null
2023-09-04T10:40:06Z,22.83,78.22,99,0,35.27,102.31,17.00,515.00,0,0,0
2023-09-04T10:41:06Z,22.83,78.21,100,0,45.09,102.31,17.00,515.00,null,null,null
2023-09-04T10:42:06Z,22.83,78.18,100,1,34.26,102.31,17.00,515.00,null,null,null
2023-09-04T10:43:06Z,22.84,78.14,100,0,36.77,102.31,17.00,515.00,null,null,null
2023-09-04T10:44:06Z,22.83,78.12,100,1,34.07,102.30,17.00,515.00,null,null,null
2023-09-04T10:45:06Z,22.81,78.12,99,1,34.03,102.31,17.00,515.00,0,0,0
2023-09-04T10:46:06Z,22.83,78.06,100,0,34.61,102.30,17.00,515.00,null,null,null
2023-09-04T10:47:06Z,22.81,78.06,100,1,36.51,102.30,17.00,515.00,null,null,null
2023-09-04T10:48:06Z,22.84,78.06,100,1,34.82,102.31,15.00,505.00,null,null,null
2023-09-04T10:49:06Z,22.83,78.05,100,1,34.82,102.30,15.00,505.00,null,null,null
2023-09-04T10:50:06Z,22.80,78.02,100,1,34.73,102.30,15.00,500.00,0,0,0
2023-09-04T10:51:06Z,22.80,77.96,99,0,34.77,102.30,15.00,500.00,null,null,null
2023-09-04T10:52:06Z,22.84,77.91,100,1,34.47,102.30,15.00,500.00,null,null,null
2023-09-04T10:53:06Z,22.86,77.95,100,1,35.38,102.29,15.00,500.00,null,null,null
2023-09-04T10:54:06Z,22.81,77.93,100,1,34.33,102.29,14.00,495.00,null,null,null
2023-09-04T10:55:06Z,22.83,77.93,100,0,38.29,102.29,15.00,500.00,0,0,0
2023-09-04T10:56:06Z,22.84,77.90,99,1,34.52,102.29,14.00,495.00,null,null,null
2023-09-04T10:57:06Z,22.84,77.83,99,1,34.74,102.29,15.00,500.00,null,null,null
2023-09-04T10:58:06Z,22.83,77.85,99,1,34.76,102.29,14.00,495.00,null,null,null
2023-09-04T10:59:06Z,22.81,77.80,100,1,34.57,102.29,14.00,495.00,null,null,null
2023-09-04T11:00:06Z,22.83,77.79,99,1,34.33,102.30,13.00,488.00,0,0,0
2023-09-04T11:01:06Z,22.81,77.78,99,1,34.06,102.29,13.00,488.00,null,null,null
2023-09-04T11:02:06Z,22.83,77.68,100,1,34.68,102.30,13.00,488.00,null,null,null
2023-09-04T11:03:06Z,22.84,77.73,100,1,34.01,102.30,14.00,493.00,null,null,null
2023-09-04T11:04:06Z,22.81,77.73,100,1,33.90,102.29,14.00,493.00,null,null,null
2023-09-04T11:05:06Z,22.79,77.76,100,1,34.36,102.30,13.00,491.00,0,0,0
2023-09-04T11:06:06Z,22.83,77.76,100,1,34.62,102.29,11.00,478.00,null,null,null
2023-09-04T11:07:06Z,22.86,77.72,100,1,34.72,102.29,13.00,486.00,null,null,null
2023-09-04T11:08:06Z,22.81,77.67,99,1,36.75,102.28,13.00,486.00,null,null,null
2023-09-04T11:09:06Z,22.81,77.65,100,1,33.84,102.29,13.00,491.00,null,null,null
2023-09-04T11:10:06Z,22.81,77.66,100,1,38.17,102.28,13.00,491.00,0,0,0
2023-09-04T11:11:06Z,22.84,77.61,100,0,34.19,102.28,12.00,480.00,null,null,null
2023-09-04T11:12:06Z,22.83,77.56,100,1,34.32,102.29,12.00,482.00,null,null,null
2023-09-04T11:13:06Z,22.83,77.55,100,1,34.65,102.27,12.00,482.00,null,null,null
2023-09-04T11:14:06Z,22.83,77.54,99,1,34.25,102.27,12.00,482.00,null,null,null
2023-09-04T11:15:06Z,22.80,77.55,99,1,35.29,102.27,12.00,482.00,0,0,0
2023-09-04T11:16:06Z,22.81,77.51,100,0,34.61,102.27,11.00,475.00,null,null,null
2023-09-04T11:17:06Z,22.86,77.50,100,1,34.41,102.27,12.00,480.00,null,null,null
2023-09-04T11:18:06Z,22.83,77.49,100,1,34.87,102.27,11.00,475.00,null,null,null
2023-09-04T11:19:06Z,22.81,77.44,99,1,34.31,102.27,12.00,480.00,null,null,null
2023-09-04T11:20:06Z,22.81,77.49,100,1,34.64,102.27,12.00,480.00,0,0,0
2023-09-04T11:21:06Z,22.84,77.44,100,0,35.17,102.28,11.00,475.00,null,null,null
2023-09-04T11:22:06Z,22.84,77.42,100,0,34.22,102.27,11.00,475.00,null,null,null
2023-09-04T11:23:06Z,22.84,77.41,100,0,33.90,102.27,11.00,475.00,null,null,null
2023-09-04T11:24:06Z,22.84,77.39,100,0,34.21,102.27,11.00,475.00,null,null,null
2023-09-04T11:25:06Z,22.81,77.37,100,0,34.52,102.27,10.00,470.00,0,0,0
2023-09-04T11:26:06Z,22.83,77.35,100,0,34.23,102.27,10.00,470.00,null,null,null
2023-09-04T11:27:06Z,22.84,77.36,100,0,34.93,102.27,10.00,470.00,null,null,null
2023-09-04T11:28:06Z,22.81,77.29,100,0,34.82,102.27,10.00,470.00,null,null,null
2023-09-04T11:29:06Z,22.81,77.29,100,0,34.76,102.27,10.00,470.00,null,null,null
2023-09-04T11:30:06Z,22.81,77.29,100,1,33.67,102.27,9.00,463.00,0,0,0
2023-09-04T11:31:06Z,22.81,77.31,100,1,34.17,102.27,9.00,463.00,null,null,null
2023-09-04T11:32:06Z,22.83,77.24,99,1,34.79,102.26,9.00,463.00,null,null,null
2023-09-04T11:33:06Z,22.81,77.26,100,1,34.98,102.27,10.00,466.00,null,null,null
2023-09-04T11:34:06Z,22.83,77.26,100,1,35.80,102.27,9.00,463.00,null,null,null
2023-09-04T11:35:06Z,22.83,77.25,100,1,33.94,102.26,9.00,463.00,0,0,0
2023-09-04T11:36:06Z,22.84,77.20,100,1,34.64,102.26,9.00,460.00,null,null,null
2023-09-04T11:37:06Z,22.86,77.20,99,1,33.99,102.26,9.00,463.00,null,null,null
2023-09-04T11:38:06Z,22.86,77.19,99,1,34.34,102.26,9.00,463.00,null,null,null
2023-09-04T11:39:06Z,22.84,77.22,99,1,34.81,102.26,9.00,463.00,null,null,null
2023-09-04T11:40:06Z,22.83,77.18,100,1,39.34,102.26,9.00,463.00,0,0,0
2023-09-04T11:41:06Z,22.84,77.20,99,1,39.53,102.25,9.00,463.00,null,null,null
2023-09-04T11:42:06Z,22.84,77.12,100,1,36.04,102.26,9.00,463.00,null,null,null
2023-09-04T11:43:06Z,22.84,77.14,100,1,37.55,102.26,8.00,459.00,null,null,null
2023-09-04T11:44:06Z,22.84,77.14,100,1,34.69,102.25,8.00,456.00,null,null,null
2023-09-04T11:45:06Z,22.86,77.15,100,1,34.21,102.26,8.00,456.00,0,0,0
2023-09-04T11:46:06Z,22.86,77.12,100,0,36.46,102.25,8.00,456.00,null,null,null
2023-09-04T11:47:06Z,22.86,77.09,100,1,34.79,102.25,8.00,459.00,null,null,null
2023-09-04T11:48:06Z,22.86,77.12,100,0,34.59,102.25,8.00,459.00,null,null,null
2023-09-04T11:49:06Z,22.86,77.06,100,0,35.98,102.25,8.00,459.00,null,null,null
2023-09-04T11:50:06Z,22.86,77.04,100,0,34.77,102.25,8.00,459.00,0,0,0
2023-09-04T11:51:06Z,22.83,77.01,100,0,34.79,102.25,7.00,451.00,null,null,null
2023-09-04T11:52:06Z,22.86,77.02,100,0,34.10,102.25,8.00,456.00,null,null,null
2023-09-04T11:53:06Z,22.87,77.00,99,0,34.55,102.24,8.00,456.00,null,null,null
2023-09-04T11:54:06Z,22.86,76.97,99,0,34.28,102.25,8.00,456.00,null,null,null
2023-09-04T11:55:06Z,22.84,77.02,99,0,35.00,102.24,8.00,456.00,0,0,0
2023-09-04T11:56:06Z,22.86,77.00,100,0,35.04,102.25,7.00,447.00,null,null,null
2023-09-04T11:57:06Z,22.87,76.99,100,0,35.86,102.25,8.00,456.00,null,null,null
2023-09-04T11:58:06Z,22.89,76.97,100,0,34.70,102.24,7.00,451.00,null,null,null
2023-09-04T11:59:06Z,22.87,76.95,100,0,34.54,102.24,7.00,451.00,null,null,null
2023-09-04T12:00:06Z,22.87,77.06,100,0,34.18,102.23,7.00,451.00,0,0,0
2023-09-04T12:01:06Z,22.89,76.92,99,0,34.74,102.24,7.00,451.00,null,null,null
2023-09-04T12:02:06Z,22.87,76.93,100,0,34.66,102.23,7.00,451.00,null,null,null
2023-09-04T12:03:06Z,22.89,76.92,100,0,36.44,102.23,7.00,451.00,null,null,null
2023-09-04T12:04:06Z,22.87,76.90,100,0,34.62,102.23,7.00,451.00,null,null,null
2023-09-04T12:05:06Z,22.86,76.94,100,0,49.42,102.23,7.00,451.00,0,0,0
2023-09-04T12:06:06Z,22.86,76.92,100,0,33.98,102.23,7.00,447.00,null,null,null
2023-09-04T12:07:06Z,22.89,76.87,100,0,36.94,102.23,7.00,451.00,null,null,null
2023-09-04T12:08:06Z,22.87,76.86,100,0,40.35,102.22,7.00,451.00,null,null,null
2023-09-04T12:09:06Z,22.87,76.90,100,0,34.47,102.23,7.00,447.00,null,null,null
2023-09-04T12:10:06Z,22.89,76.88,100,0,36.00,102.22,7.00,447.00,0,0,0
2023-09-04T12:11:06Z,22.87,76.83,100,0,34.40,102.22,7.00,447.00,null,null,null
2023-09-04T12:12:06Z,22.89,76.88,99,0,34.61,102.22,7.00,447.00,null,null,null
2023-09-04T12:13:06Z,22.91,76.85,100,0,34.62,102.22,7.00,447.00,null,null,null
2023-09-04T12:14:06Z,22.90,76.87,100,0,33.98,102.22,7.00,447.00,null,null,null
2023-09-04T12:15:06Z,22.87,76.84,100,0,36.97,102.22,7.00,447.00,0,0,0
2023-09-04T12:16:06Z,22.90,76.84,100,0,34.32,102.22,7.00,447.00,null,null,null
2023-09-04T12:17:06Z,22.89,76.79,99,0,34.47,102.21,7.00,447.00,null,null,null
2023-09-04T12:18:06Z,22.89,76.79,100,0,35.17,102.21,6.00,442.00,null,null,null
2023-09-04T12:19:06Z,22.89,76.76,100,0,35.47,102.21,6.00,442.00,null,null,null
2023-09-04T12:20:06Z,22.90,76.74,99,0,34.31,102.20,6.00,442.00,0,0,0
2023-09-04T12:21:06Z,22.90,76.76,100,0,34.98,102.20,6.00,442.00,null,null,null
2023-09-04T12:22:06Z,22.89,76.76,100,0,34.54,102.21,5.00,438.00,null,null,null
2023-09-04T12:23:06Z,22.91,76.70,99,0,35.30,102.21,5.00,438.00,null,null,null
2023-09-04T12:24:06Z,22.87,76.70,100,0,36.22,102.20,5.00,438.00,null,null,null
2023-09-04T12:25:06Z,22.90,76.68,99,0,34.51,102.21,6.00,442.00,0,0,0
2023-09-04T12:26:06Z,22.89,76.71,100,0,34.43,102.21,5.00,436.00,null,null,null
2023-09-04T12:27:06Z,22.90,76.73,99,0,34.66,102.21,6.00,442.00,null,null,null
2023-09-04T12:28:06Z,22.90,76.69,100,0,34.34,102.20,6.00,442.00,null,null,null
2023-09-04T12:29:06Z,22.91,76.67,99,0,35.79,102.20,6.00,442.00,null,null,null
2023-09-04T12:30:06Z,22.91,76.68,100,0,34.05,102.20,5.00,436.00,0,0,0
2023-09-04T12:31:06Z,22.90,76.70,100,0,34.45,102.21,5.00,433.00,null,null,null
2023-09-04T12:32:06Z,22.96,76.60,100,0,34.01,102.20,5.00,436.00,null,null,null
2023-09-04T12:33:06Z,22.90,76.59,100,0,34.20,102.20,5.00,436.00,null,null,null
2023-09-04T12:34:06Z,22.94,76.54,100,0,36.30,102.21,5.00,436.00,null,null,null
2023-09-04T12:35:06Z,22.91,76.59,100,0,34.36,102.20,5.00,436.00,0,0,0
2023-09-04T12:36:06Z,22.94,76.63,100,0,37.39,102.21,5.00,436.00,null,null,null
2023-09-04T12:37:06Z,22.94,76.57,100,0,34.31,102.21,5.00,436.00,null,null,null
2023-09-04T12:38:06Z,22.93,76.61,100,0,35.92,102.20,5.00,436.00,null,null,null
2023-09-04T12:39:06Z,22.94,76.59,99,0,33.48,102.20,5.00,436.00,null,null,null
2023-09-04T12:40:06Z,22.93,76.56,100,0,35.02,102.19,5.00,433.00,0,0,0
2023-09-04T12:41:06Z,22.94,76.51,100,0,36.30,102.20,5.00,433.00,null,null,null
2023-09-04T12:42:06Z,22.94,76.58,100,0,35.07,102.19,5.00,436.00,null,null,null
2023-09-04T12:43:06Z,22.97,76.52,100,0,35.28,102.20,5.00,433.00,null,null,null
2023-09-04T12:44:06Z,22.94,76.55,99,0,34.01,102.20,5.00,433.00,null,null,null
2023-09-04T12:45:06Z,22.94,76.51,100,0,36.18,102.20,5.00,433.00,0,0,0
2023-09-04T12:46:06Z,22.96,76.53,100,0,33.90,102.20,5.00,433.00,null,null,null
2023-09-04T12:47:06Z,22.97,76.50,100,0,34.98,102.20,5.00,433.00,null,null,null
2023-09-04T12:48:06Z,22.97,76.47,100,0,34.75,102.19,5.00,433.00,null,null,null
2023-09-04T12:49:06Z,22.94,76.48,100,0,35.00,102.19,5.00,433.00,null,null,null
2023-09-04T12:50:06Z,22.97,76.49,100,0,34.31,102.19,3.00,425.00,0,0,0
2023-09-04T12:51:06Z,22.96,76.49,100,0,37.18,102.19,3.00,425.00,null,null,null
2023-09-04T12:52:06Z,22.96,76.45,99,0,34.75,102.18,3.00,425.00,null,null,null
2023-09-04T12:53:06Z,22.97,76.47,100,0,36.20,102.18,5.00,433.00,null,null,null
2023-09-04T12:54:06Z,22.96,76.44,99,0,34.19,102.18,3.00,425.00,null,null,null
2023-09-04T12:55:06Z,22.99,76.46,99,0,34.35,102.18,5.00,433.00,0,0,0
2023-09-04T12:56:06Z,22.96,76.47,100,0,35.62,102.18,3.00,425.00,null,null,null
2023-09-04T12:57:06Z,22.99,76.39,100,0,34.50,102.18,3.00,425.00,null,null,null
2023-09-04T12:58:06Z,23.00,76.40,99,0,34.73,102.18,3.00,425.00,null,null,null
2023-09-04T12:59:06Z,22.99,76.39,100,0,34.34,102.17,3.00,425.00,null,null,null
2023-09-04T13:00:06Z,22.97,76.41,100,0,34.79,102.17,3.00,425.00,0,0,0
2023-09-04T13:01:06Z,22.99,76.39,99,0,34.42,102.17,3.00,422.00,null,null,null
2023-09-04T13:02:06Z,23.01,76.40,100,0,33.63,102.16,3.00,422.00,null,null,null
2023-09-04T13:03:06Z,23.00,76.41,100,0,36.35,102.16,3.00,422.00,null,null,null
2023-09-04T13:04:06Z,23.01,76.43,100,0,36.46,102.16,3.00,425.00,null,null,null
2023-09-04T13:05:06Z,22.99,76.38,100,0,34.58,102.16,3.00,425.00,0,0,0
2023-09-04T13:06:06Z,23.00,76.36,99,0,34.06,102.16,2.00,417.00,null,null,null
2023-09-04T13:07:06Z,23.01,76.38,100,0,34.14,102.16,3.00,422.00,null,null,null
2023-09-04T13:08:06Z,23.00,76.37,100,0,36.68,102.16,3.00,425.00,null,null,null
2023-09-04T13:09:06Z,23.00,76.34,100,0,34.02,102.15,3.00,422.00,null,null,null
2023-09-04T13:10:06Z,22.99,76.39,100,0,34.68,102.16,3.00,422.00,0,0,0
2023-09-04T13:11:06Z,23.00,76.38,100,0,34.63,102.16,2.00,415.00,null,null,null
2023-09-04T13:12:06Z,22.99,76.35,100,0,36.95,102.15,3.00,422.00,null,null,null
2023-09-04T13:13:06Z,23.01,76.33,100,0,34.59,102.15,3.00,422.00,null,null,null
2023-09-04T13:14:06Z,23.01,76.32,100,0,34.31,102.15,3.00,422.00,null,null,null
2023-09-04T13:15:06Z,23.00,76.37,100,0,34.35,102.15,3.00,422.00,0,0,0
2023-09-04T13:16:06Z,23.01,76.35,99,0,34.59,102.15,3.00,422.00,null,null,null
2023-09-04T13:17:06Z,23.03,76.34,99,0,36.73,102.15,3.00,422.00,null,null,null
2023-09-04T13:18:06Z,23.06,76.34,100,0,38.36,102.15,3.00,422.00,null,null,null
2023-09-04T13:19:06Z,23.03,76.34,100,0,36.27,102.14,3.00,422.00,null,null,null
2023-09-04T13:20:06Z,23.00,76.35,100,0,34.70,102.15,3.00,422.00,0,0,0
2023-09-04T13:21:06Z,23.03,76.37,100,0,35.08,102.14,3.00,422.00,null,null,null
2023-09-04T13:22:06Z,23.04,76.34,99,0,34.51,102.14,3.00,422.00,null,null,null
2023-09-04T13:23:06Z,23.07,76.32,99,0,34.48,102.14,3.00,422.00,null,null,null
2023-09-04T13:24:06Z,23.04,76.37,99,0,34.48,102.13,3.00,422.00,null,null,null
2023-09-04T13:25:06Z,23.04,76.39,100,0,34.11,102.14,3.00,422.00,0,0,0
2023-09-04T13:26:06Z,23.04,76.30,100,0,34.88,102.14,3.00,422.00,null,null,null
2023-09-04T13:27:06Z,23.06,76.33,100,0,34.17,102.13,2.00,417.00,null,null,null
2023-09-04T13:28:06Z,23.03,76.31,100,0,34.09,102.13,3.00,422.00,null,null,null
2023-09-04T13:29:06Z,23.06,76.37,100,0,34.59,102.13,3.00,422.00,null,null,null
2023-09-04T13:30:06Z,23.07,76.37,100,0,34.36,102.14,2.00,417.00,0,0,0
2023-09-04T13:31:06Z,23.07,76.37,100,0,33.86,102.13,2.00,417.00,null,null,null
2023-09-04T13:32:06Z,23.07,76.32,100,0,34.74,102.12,3.00,422.00,null,null,null
2023-09-04T13:33:06Z,23.07,76.31,100,0,34.97,102.12,3.00,422.00,null,null,null
2023-09-04T13:34:06Z,23.06,76.32,100,0,35.19,102.12,2.00,417.00,null,null,null
2023-09-04T13:35:06Z,23.07,76.31,99,0,34.37,102.12,2.00,417.00,0,0,0
2023-09-04T13:36:06Z,23.07,76.36,100,0,33.83,102.12,2.00,417.00,null,null,null
2023-09-04T13:37:06Z,23.10,76.30,100,0,35.31,102.11,2.00,417.00,null,null,null
2023-09-04T13:38:06Z,23.08,76.34,100,0,33.89,102.11,2.00,417.00,null,null,null
2023-09-04T13:39:06Z,23.08,76.32,100,0,35.48,102.12,2.00,415.00,null,null,null
2023-09-04T13:40:06Z,23.06,76.35,100,0,34.07,102.12,2.00,415.00,0,0,0
2023-09-04T13:41:06Z,23.08,76.29,100,0,35.24,102.11,2.00,415.00,null,null,null
2023-09-04T13:42:06Z,23.07,76.27,100,0,35.86,102.12,2.00,415.00,null,null,null
2023-09-04T13:43:06Z,23.10,76.27,100,0,36.22,102.11,2.00,417.00,null,null,null
2023-09-04T13:44:06Z,23.11,76.28,100,0,34.55,102.11,2.00,417.00,null,null,null
2023-09-04T13:45:06Z,23.08,76.32,99,0,34.43,102.11,2.00,417.00,0,0,0
2023-09-04T13:46:06Z,23.08,76.34,99,0,34.75,102.11,2.00,415.00,null,null,null
2023-09-04T13:47:06Z,23.11,76.30,100,0,34.80,102.11,2.00,415.00,null,null,null
2023-09-04T13:48:06Z,23.14,76.28,100,0,34.35,102.10,2.00,417.00,null,null,null
2023-09-04T13:49:06Z,23.11,76.34,100,0,33.74,102.10,2.00,417.00,null,null,null
2023-09-04T13:50:06Z,23.10,76.29,100,0,36.16,102.10,2.00,415.00,0,0,0
2023-09-04T13:51:06Z,23.11,76.32,100,0,33.95,102.10,1.00,408.00,null,null,null
2023-09-04T13:52:06Z,23.14,76.32,100,0,34.70,102.09,2.00,415.00,null,null,null
2023-09-04T13:53:06Z,23.12,76.25,100,0,34.71,102.08,2.00,417.00,null,null,null
2023-09-04T13:54:06Z,23.11,76.29,100,0,34.70,102.08,2.00,415.00,null,null,null
2023-09-04T13:55:06Z,23.11,76.28,100,0,36.58,102.09,2.00,415.00,0,0,0
2023-09-04T13:56:06Z,23.11,76.28,99,0,36.38,102.09,2.00,415.00,null,null,null
2023-09-04T13:57:06Z,23.14,76.26,100,0,34.45,102.08,2.00,415.00,null,null,null
2023-09-04T13:58:06Z,23.14,76.29,100,0,34.41,102.09,2.00,415.00,null,null,null
2023-09-04T13:59:06Z,23.12,76.27,100,0,34.18,102.08,2.00,415.00,null,null,null
2023-09-04T14:00:06Z,23.12,76.28,100,0,35.71,102.08,2.00,415.00,0,0,0
2023-09-04T14:01:06Z,23.14,76.21,100,0,34.45,102.08,2.00,415.00,null,null,null
2023-09-04T14:02:06Z,23.14,76.24,100,0,33.99,102.08,2.00,417.00,null,null,null
2023-09-04T14:03:06Z,23.14,76.27,99,0,35.26,102.08,2.00,417.00,null,null,null
2023-09-04T14:04:06Z,23.14,76.27,100,0,34.95,102.08,2.00,415.00,null,null,null
2023-09-04T14:05:06Z,23.12,76.29,99,0,33.75,102.08,2.00,415.00,0,0,0
2023-09-04T14:06:06Z,23.15,76.31,100,0,33.97,102.08,2.00,415.00,null,null,null
2023-09-04T14:07:06Z,23.15,76.22,100,0,35.18,102.08,2.00,415.00,null,null,null
2023-09-04T14:08:06Z,23.15,76.26,100,0,34.24,102.08,2.00,417.00,null,null,null
2023-09-04T14:09:06Z,23.12,76.24,100,0,35.78,102.08,2.00,415.00,null,null,null
2023-09-04T14:10:06Z,23.12,76.25,99,0,34.47,102.08,2.00,417.00,0,0,0
2023-09-04T14:11:06Z,23.18,76.21,99,0,33.93,102.08,2.00,415.00,null,null,null
2023-09-04T14:12:06Z,23.18,76.20,99,0,34.25,102.08,1.00,410.00,null,null,null
2023-09-04T14:13:06Z,23.17,76.24,99,0,34.74,102.08,2.00,417.00,null,null,null
2023-09-04T14:14:06Z,23.18,76.21,100,0,34.52,102.08,1.00,410.00,null,null,null
2023-09-04T14:15:06Z,23.15,76.23,100,0,34.21,102.08,2.00,417.00,0,0,0
2023-09-04T14:16:06Z,23.18,76.22,100,0,34.49,102.07,2.00,417.00,null,null,null
2023-09-04T14:17:06Z,23.18,76.19,100,0,35.34,102.07,2.00,417.00,null,null,null
2023-09-04T14:18:06Z,23.18,76.20,100,0,34.65,102.07,1.00,410.00,null,null,null
2023-09-04T14:19:06Z,23.20,76.22,100,0,34.39,102.06,1.00,410.00,null,null,null
2023-09-04T14:20:06Z,23.17,76.20,99,0,35.42,102.07,1.00,408.00,0,0,0
2023-09-04T14:21:06Z,23.15,76.17,100,0,37.65,102.07,1.00,408.00,null,null,null
2023-09-04T14:22:06Z,23.21,76.19,100,0,34.81,102.06,1.00,410.00,null,null,null
2023-09-04T14:23:06Z,23.20,76.16,100,0,34.41,102.06,1.00,410.00,null,null,null
2023-09-04T14:24:06Z,23.21,76.19,100,0,34.94,102.06,2.00,417.00,null,null,null
2023-09-04T14:25:06Z,23.21,76.20,100,0,36.01,102.06,1.00,410.00,0,0,0
2023-09-04T14:26:06Z,23.20,76.16,99,0,34.16,102.06,1.00,408.00,null,null,null
2023-09-04T14:27:06Z,23.22,76.16,100,0,34.26,102.06,1.00,410.00,null,null,null
2023-09-04T14:28:06Z,23.21,76.12,99,0,35.02,102.07,1.00,410.00,null,null,null
2023-09-04T14:29:06Z,23.20,76.15,100,0,34.25,102.07,1.00,410.00,null,null,null
2023-09-04T14:30:06Z,23.20,76.16,99,0,34.59,102.07,1.00,410.00,0,0,0
2023-09-04T14:31:06Z,23.21,76.11,99,0,35.73,102.07,0.00,405.00,null,null,null
2023-09-04T14:32:06Z,23.22,76.09,99,0,34.24,102.07,1.00,410.00,null,null,null
2023-09-04T14:33:06Z,23.21,76.10,100,0,34.08,102.07,1.00,410.00,null,null,null
2023-09-04T14:34:06Z,23.25,76.11,100,0,34.44,102.07,1.00,410.00,null,null,null
2023-09-04T14:35:06Z,23.22,76.09,100,0,34.38,102.07,0.00,400.00,0,0,0
2023-09-04T14:36:06Z,23.21,76.05,100,0,33.92,102.07,5.00,438.00,null,null,null
2023-09-04T14:37:06Z,23.22,76.03,100,0,34.94,102.07,5.00,438.00,null,null,null
2023-09-04T14:38:06Z,23.21,76.00,100,0,33.94,102.07,5.00,435.00,null,null,null
2023-09-04T14:39:06Z,23.24,76.04,100,0,34.64,102.07,5.00,435.00,null,null,null
2023-09-04T14:40:06Z,23.21,76.00,100,0,35.08,102.07,5.00,438.00,0,0,0
2023-09-04T14:41:06Z,23.22,75.98,99,0,33.72,102.07,5.00,435.00,null,null,null
2023-09-04T14:42:06Z,23.25,75.96,100,0,34.36,102.06,5.00,435.00,null,null,null
2023-09-04T14:43:06Z,23.24,75.99,99,0,33.80,102.06,0.00,400.00,null,null,null
2023-09-04T14:44:06Z,23.22,75.99,100,0,34.48,102.06,5.00,435.00,null,null,null
2023-09-04T14:45:06Z,23.24,75.94,100,0,35.15,102.07,5.00,435.00,0,0,0
2023-09-04T14:46:06Z,23.24,75.88,99,0,33.92,102.06,5.00,435.00,null,null,null
2023-09-04T14:47:06Z,23.27,75.90,100,0,34.40,102.07,5.00,438.00,null,null,null
2023-09-04T14:48:06Z,23.25,75.93,100,0,33.92,102.07,0.00,400.00,null,null,null
2023-09-04T14:49:06Z,23.24,75.93,100,0,35.08,102.06,0.00,400.00,null,null,null
2023-09-04T14:50:06Z,23.25,75.89,100,0,35.35,102.06,5.00,435.00,0,0,0
2023-09-04T14:51:06Z,23.24,75.80,100,0,35.10,102.06,0.00,400.00,null,null,null
2023-09-04T14:52:06Z,23.28,75.80,100,0,35.60,102.06,5.00,439.00,null,null,null
2023-09-04T14:53:06Z,23.27,75.81,100,0,33.95,102.06,0.00,403.00,null,null,null
2023-09-04T14:54:06Z,23.27,75.82,100,0,33.69,102.05,0.00,403.00,null,null,null
2023-09-04T14:55:06Z,23.25,75.86,100,0,34.54,102.06,0.00,403.00,0,0,0
2023-09-04T14:56:06Z,23.27,75.73,100,0,34.71,102.06,0.00,403.00,null,null,null
2023-09-04T14:57:06Z,23.27,75.74,100,0,35.61,102.05,1.00,407.00,null,null,null
2023-09-04T14:58:06Z,23.28,75.78,100,0,34.88,102.05,0.00,403.00,null,null,null
2023-09-04T14:59:06Z,23.27,75.75,99,0,34.61,102.05,0.00,400.00,null,null,null
2023-09-04T15:00:06Z,23.27,75.78,100,0,36.33,102.05,0.00,400.00,0,0,0
2023-09-04T15:01:06Z,23.28,75.65,99,0,33.82,102.06,0.00,400.00,null,null,null
2023-09-04T15:02:06Z,23.31,75.66,99,0,35.10,102.05,1.00,407.00,null,null,null
2023-09-04T15:03:06Z,23.30,75.64,100,0,34.32,102.05,1.00,407.00,null,null,null
2023-09-04T15:04:06Z,23.30,75.66,100,0,34.19,102.05,1.00,407.00,null,null,null
2023-09-04T15:05:06Z,23.28,75.65,100,0,34.25,102.06,1.00,407.00,0,0,0
2023-09-04T15:06:06Z,23.30,75.56,100,0,35.22,102.05,0.00,400.00,null,null,null
2023-09-04T15:07:06Z,23.30,75.55,100,0,35.97,102.05,0.00,405.00,null,null,null
2023-09-04T15:08:06Z,23.30,75.55,99,0,34.24,102.05,0.00,405.00,null,null,null
2023-09-04T15:09:06Z,23.31,75.58,100,0,34.57,102.05,1.00,408.00,null,null,null
2023-09-04T15:10:06Z,23.28,75.53,100,0,39.08,102.05,0.00,405.00,0,0,0
2023-09-04T15:11:06Z,23.31,75.47,100,0,34.05,102.05,0.00,405.00,null,null,null
2023-09-04T15:12:06Z,23.31,75.43,100,0,37.36,102.05,0.00,405.00,null,null,null
2023-09-04T15:13:06Z,23.30,75.48,100,0,33.62,102.05,0.00,405.00,null,null,null
2023-09-04T15:14:06Z,23.30,75.47,100,0,34.70,102.05,0.00,405.00,null,null,null
2023-09-04T15:15:06Z,23.30,75.40,100,0,34.25,102.05,0.00,405.00,0,0,0
2023-09-04T15:16:06Z,23.30,75.21,99,0,34.02,102.05,0.00,405.00,null,null,null
2023-09-04T15:17:06Z,23.32,75.30,99,0,34.62,102.05,1.00,408.00,null,null,null
2023-09-04T15:18:06Z,23.31,75.25,100,0,34.24,102.05,0.00,405.00,null,null,null
2023-09-04T15:19:06Z,23.31,75.27,100,0,34.59,102.05,0.00,400.00,null,null,null
2023-09-04T15:20:06Z,23.31,75.26,99,0,33.99,102.05,0.00,400.00,0,0,0
2023-09-04T15:21:06Z,23.31,75.08,100,0,34.44,102.05,0.00,400.00,null,null,null
2023-09-04T15:22:06Z,23.31,75.12,100,0,33.83,102.05,0.00,403.00,null,null,null
2023-09-04T15:23:06Z,23.32,75.13,100,0,34.31,102.05,0.00,403.00,null,null,null
2023-09-04T15:24:06Z,23.34,75.12,100,0,33.94,102.04,0.00,403.00,null,null,null
2023-09-04T15:25:06Z,23.32,75.06,99,0,35.48,102.05,0.00,403.00,0,0,0
2023-09-04T15:26:06Z,23.32,74.93,99,0,34.78,102.05,0.00,403.00,null,null,null
2023-09-04T15:27:06Z,23.34,74.92,99,0,34.42,102.05,0.00,400.00,null,null,null
2023-09-04T15:28:06Z,23.35,74.99,99,0,34.46,102.05,0.00,400.00,null,null,null
2023-09-04T15:29:06Z,23.34,74.97,100,0,35.86,102.05,0.00,400.00,null,null,null
2023-09-04T15:30:06Z,23.32,74.97,100,0,34.48,102.05,0.00,403.00,0,0,0
2023-09-04T15:31:06Z,23.32,74.78,100,0,33.55,102.04,0.00,400.00,null,null,null
2023-09-04T15:32:06Z,23.34,74.86,99,0,35.47,102.05,0.00,400.00,null,null,null
2023-09-04T15:33:06Z,23.35,74.86,100,0,35.41,102.05,0.00,403.00,null,null,null
2023-09-04T15:34:06Z,23.34,74.82,100,0,36.17,102.04,0.00,400.00,null,null,null
2023-09-04T15:35:06Z,23.31,74.82,99,0,34.55,102.05,0.00,400.00,0,0,0
2023-09-04T15:36:06Z,23.34,74.72,100,0,35.51,102.04,0.00,400.00,null,null,null
2023-09-04T15:37:06Z,23.37,74.70,100,0,33.76,102.04,0.00,400.00,null,null,null
2023-09-04T15:38:06Z,23.35,74.76,99,0,34.07,102.04,0.00,405.00,null,null,null
2023-09-04T15:39:06Z,23.32,74.71,99,0,35.85,102.04,0.00,400.00,null,null,null
2023-09-04T15:40:06Z,23.32,74.72,100,0,36.22,102.04,0.00,400.00,0,0,0
2023-09-04T15:41:06Z,23.35,74.58,100,0,34.46,102.04,0.00,403.00,null,null,null
2023-09-04T15:42:06Z,23.37,74.56,100,0,34.22,102.04,1.00,408.00,null,null,null
2023-09-04T15:43:06Z,23.38,74.57,99,0,34.75,102.04,1.00,408.00,null,null,null
2023-09-04T15:44:06Z,23.37,74.59,100,0,34.94,102.04,0.00,403.00,null,null,null
2023-09-04T15:45:06Z,23.35,74.52,99,0,40.85,102.04,0.00,403.00,0,0,0
2023-09-04T15:46:06Z,23.37,74.44,99,0,33.76,102.04,0.00,400.00,null,null,null
2023-09-04T15:47:06Z,23.35,74.46,99,0,33.86,102.04,0.00,405.00,null,null,null
2023-09-04T15:48:06Z,23.39,74.52,100,0,34.99,102.04,0.00,400.00,null,null,null
2023-09-04T15:49:06Z,23.37,74.39,100,0,34.03,102.04,0.00,405.00,null,null,null
2023-09-04T15:50:06Z,23.35,74.42,100,0,34.21,102.04,0.00,405.00,0,0,0
2023-09-04T15:51:06Z,23.38,74.27,100,0,34.54,102.04,0.00,400.00,null,null,null
2023-09-04T15:52:06Z,23.41,74.25,99,0,33.92,102.04,0.00,405.00,null,null,null
2023-09-04T15:53:06Z,23.38,74.23,100,0,35.29,102.04,0.00,400.00,null,null,null
2023-09-04T15:54:06Z,23.38,74.25,100,0,36.09,102.04,1.00,408.00,null,null,null
2023-09-04T15:55:06Z,23.37,74.26,100,0,35.36,102.04,0.00,405.00,0,0,0
2023-09-04T15:56:06Z,23.37,74.00,100,0,34.54,102.04,0.00,400.00,null,null,null
2023-09-04T15:57:06Z,23.39,74.00,100,0,34.76,102.04,0.00,403.00,null,null,null
2023-09-04T15:58:06Z,23.39,73.95,100,0,35.20,102.04,0.00,403.00,null,null,null
2023-09-04T15:59:06Z,23.38,73.99,100,0,34.53,102.04,0.00,403.00,null,null,null
2023-09-04T16:00:06Z,23.37,73.87,100,0,34.63,102.04,0.00,403.00,0,0,0
2023-09-04T16:01:06Z,23.39,73.66,100,0,34.15,102.04,0.00,403.00,null,null,null
2023-09-04T16:02:06Z,23.39,73.62,100,0,37.09,102.04,1.00,411.00,null,null,null
2023-09-04T16:03:06Z,23.39,73.56,100,0,34.58,102.04,1.00,411.00,null,null,null
2023-09-04T16:04:06Z,23.39,73.59,100,0,34.25,102.04,2.00,416.00,null,null,null
2023-09-04T16:05:06Z,23.38,73.58,100,0,37.12,102.04,2.00,416.00,0,0,0
2023-09-04T16:06:06Z,23.39,73.44,100,0,35.61,102.05,2.00,416.00,null,null,null
2023-09-04T16:07:06Z,23.41,73.45,100,0,34.94,102.04,3.00,420.00,null,null,null
2023-09-04T16:08:06Z,23.42,73.46,100,0,34.65,102.04,3.00,420.00,null,null,null
2023-09-04T16:09:06Z,23.41,73.44,99,0,34.65,102.05,2.00,416.00,null,null,null
2023-09-04T16:10:06Z,23.41,73.43,100,0,35.09,102.05,3.00,420.00,0,0,0
2023-09-04T16:11:06Z,23.41,73.13,100,0,35.13,102.05,2.00,416.00,null,null,null
2023-09-04T16:12:06Z,23.42,73.21,100,0,34.26,102.05,3.00,423.00,null,null,null
2023-09-04T16:13:06Z,23.41,73.18,99,0,36.25,102.05,3.00,423.00,null,null,null
2023-09-04T16:14:06Z,23.39,73.26,100,0,41.30,102.04,3.00,423.00,null,null,null
2023-09-04T16:15:06Z,23.39,73.15,99,0,34.26,102.05,3.00,420.00,0,0,0
2023-09-04T16:16:06Z,23.42,72.96,99,0,40.03,102.04,3.00,420.00,null,null,null
2023-09-04T16:17:06Z,23.42,72.97,100,0,35.42,102.04,2.00,415.00,null,null,null
2023-09-04T16:18:06Z,23.42,73.00,100,0,36.27,102.04,3.00,420.00,null,null,null
2023-09-04T16:19:06Z,23.42,72.93,99,0,37.84,102.05,3.00,420.00,null,null,null
2023-09-04T16:20:06Z,23.42,72.99,100,0,37.27,102.05,3.00,420.00,0,0,0
2023-09-04T16:21:06Z,23.42,72.70,100,0,34.36,102.05,3.00,420.00,null,null,null
2023-09-04T16:22:06Z,23.45,72.85,100,0,33.79,102.04,3.00,423.00,null,null,null
2023-09-04T16:23:06Z,23.44,72.86,100,0,35.67,102.04,3.00,423.00,null,null,null
2023-09-04T16:24:06Z,23.44,72.85,100,0,35.97,102.06,3.00,423.00,null,null,null
2023-09-04T16:25:06Z,23.42,72.73,99,0,34.27,102.05,3.00,423.00,0,0,0
2023-09-04T16:26:06Z,23.44,72.48,100,0,34.04,102.05,2.00,418.00,null,null,null
2023-09-04T16:27:06Z,23.45,72.57,99,0,37.43,102.05,3.00,423.00,null,null,null
2023-09-04T16:28:06Z,23.42,72.50,99,0,35.04,102.05,3.00,423.00,null,null,null
2023-09-04T16:29:06Z,23.45,72.54,100,0,34.64,102.05,3.00,423.00,null,null,null
2023-09-04T16:30:06Z,23.45,72.49,100,0,36.55,102.05,3.00,423.00,0,0,0
2023-09-04T16:31:06Z,23.45,72.26,100,0,34.61,102.05,3.00,423.00,null,null,null
2023-09-04T16:32:06Z,23.44,72.33,100,0,42.25,102.05,3.00,423.00,null,null,null
2023-09-04T16:33:06Z,23.45,72.34,100,0,33.64,102.04,3.00,423.00,null,null,null
2023-09-04T16:34:06Z,23.45,72.44,100,0,35.13,102.04,3.00,426.00,null,null,null
2023-09-04T16:35:06Z,23.45,72.38,100,0,35.80,102.04,3.00,426.00,0,0,0
2023-09-04T16:36:06Z,23.44,72.10,100,0,35.34,102.04,3.00,426.00,null,null,null
2023-09-04T16:37:06Z,23.48,72.23,100,0,34.16,102.04,4.00,432.00,null,null,null
2023-09-04T16:38:06Z,23.47,72.18,100,0,34.58,102.04,4.00,432.00,null,null,null
2023-09-04T16:39:06Z,23.45,72.31,99,0,35.51,102.03,4.00,432.00,null,null,null
2023-09-04T16:40:06Z,23.44,72.26,100,0,34.12,102.03,3.00,426.00,0,0,0
2023-09-04T16:41:06Z,23.45,72.06,100,0,34.66,102.03,5.00,433.00,null,null,null
2023-09-04T16:42:06Z,23.47,72.16,99,0,35.62,102.03,5.00,436.00,null,null,null
2023-09-04T16:43:06Z,23.45,72.04,99,0,33.85,102.03,5.00,436.00,null,null,null
2023-09-04T16:44:06Z,23.47,72.09,99,0,33.97,102.03,6.00,441.00,null,null,null
2023-09-04T16:45:06Z,23.48,72.11,100,0,33.88,102.02,6.00,441.00,0,0,0
2023-09-04T16:46:06Z,23.47,71.86,100,0,34.27,102.03,6.00,441.00,null,null,null
2023-09-04T16:47:06Z,23.47,71.93,100,0,34.39,102.03,6.00,441.00,null,null,null
2023-09-04T16:48:06Z,23.48,71.91,100,0,39.23,102.02,6.00,441.00,null,null,null
2023-09-04T16:49:06Z,23.48,71.92,100,0,36.51,102.03,6.00,441.00,null,null,null
2023-09-04T16:50:06Z,23.50,71.91,99,0,34.13,102.03,6.00,441.00,0,0,0
2023-09-04T16:51:06Z,23.47,71.64,99,0,36.65,102.02,6.00,441.00,null,null,null
2023-09-04T16:52:06Z,23.50,71.76,100,0,35.03,102.03,6.00,443.00,null,null,null
2023-09-04T16:53:06Z,23.48,71.70,99,0,34.23,102.03,6.00,443.00,null,null,null
2023-09-04T16:54:06Z,23.51,71.70,100,0,36.29,102.02,6.00,445.00,null,null,null
2023-09-04T16:55:06Z,23.50,71.67,100,0,35.32,102.03,6.00,443.00,0,0,0
2023-09-04T16:56:06Z,23.50,71.47,100,0,33.76,102.03,6.00,443.00,null,null,null
2023-09-04T16:57:06Z,23.50,71.57,100,0,42.26,102.02,6.00,443.00,null,null,null
2023-09-04T16:58:06Z,23.51,71.44,100,0,42.57,102.02,6.00,443.00,null,null,null
2023-09-04T16:59:06Z,23.47,71.60,100,0,37.05,102.02,6.00,443.00,null,null,null
2023-09-04T17:00:06Z,23.52,71.51,99,0,40.50,102.02,6.00,443.00,0,0,0
2023-09-04T17:01:06Z,23.51,71.27,100,0,39.42,102.02,6.00,443.00,null,null,null
2023-09-04T17:02:06Z,23.51,71.40,100,0,36.90,102.01,6.00,445.00,null,null,null
2023-09-04T17:03:06Z,23.50,71.37,99,0,35.58,102.02,6.00,445.00,null,null,null
2023-09-04T17:04:06Z,23.51,71.37,100,0,34.44,102.02,6.00,445.00,null,null,null
2023-09-04T17:05:06Z,23.54,71.33,100,0,35.80,102.01,6.00,445.00,0,0,0
2023-09-04T17:06:06Z,23.51,70.92,100,0,39.07,102.01,5.00,434.00,null,null,null
2023-09-04T17:07:06Z,23.52,71.06,100,0,38.41,102.01,7.00,447.00,null,null,null
2023-09-04T17:08:06Z,23.51,71.07,100,0,36.92,102.02,7.00,450.00,null,null,null
2023-09-04T17:09:06Z,23.51,71.03,100,0,36.55,102.01,7.00,447.00,null,null,null
2023-09-04T17:10:06Z,23.51,71.03,100,0,40.16,102.01,7.00,447.00,0,0,0
2023-09-04T17:11:06Z,23.52,70.62,100,0,34.21,102.01,6.00,444.00,null,null,null
2023-09-04T17:12:06Z,23.54,70.79,99,0,36.06,102.01,7.00,451.00,null,null,null
2023-09-04T17:13:06Z,23.54,70.78,100,0,36.84,102.01,7.00,447.00,null,null,null
2023-09-04T17:14:06Z,23.52,70.67,100,0,34.42,102.00,7.00,447.00,null,null,null
2023-09-04T17:15:06Z,23.51,70.58,100,0,34.86,102.00,7.00,451.00,0,0,0
2023-09-04T17:16:06Z,23.54,70.13,99,0,34.25,101.99,7.00,447.00,null,null,null
2023-09-04T17:17:06Z,23.54,70.10,99,0,33.87,101.99,7.00,446.00,null,null,null
2023-09-04T17:18:06Z,23.54,70.04,100,0,34.60,101.99,7.00,451.00,null,null,null
2023-09-04T17:19:06Z,23.51,69.96,100,0,35.43,101.99,7.00,446.00,null,null,null
2023-09-04T17:20:06Z,23.51,70.05,100,0,33.47,101.99,7.00,446.00,0,0,0
2023-09-04T17:21:06Z,23.54,69.79,99,0,34.20,101.99,7.00,446.00,null,null,null
2023-09-04T17:22:06Z,23.52,69.97,99,0,34.51,101.99,7.00,446.00,null,null,null
2023-09-04T17:23:06Z,23.55,70.02,100,0,34.52,101.98,7.00,446.00,null,null,null
2023-09-04T17:24:06Z,23.54,70.07,99,0,34.84,101.99,7.00,446.00,null,null,null
2023-09-04T17:25:06Z,23.52,70.15,100,0,37.40,101.99,7.00,446.00,0,0,0
2023-09-04T17:26:06Z,23.54,70.07,100,0,40.08,101.99,7.00,451.00,null,null,null
2023-09-04T17:27:06Z,23.54,70.18,100,0,34.46,101.99,7.00,451.00,null,null,null
2023-09-04T17:28:06Z,23.55,70.28,100,0,34.85,102.00,7.00,451.00,null,null,null
2023-09-04T17:29:06Z,23.54,70.42,99,0,34.66,102.00,7.00,451.00,null,null,null
2023-09-04T17:30:06Z,23.54,70.44,99,0,35.78,101.99,7.00,451.00,0,0,0
2023-09-04T17:31:06Z,23.55,70.35,100,0,34.58,102.00,7.00,451.00,null,null,null
2023-09-04T17:32:06Z,23.57,70.43,99,0,34.49,101.99,7.00,451.00,null,null,null
2023-09-04T17:33:06Z,23.55,70.43,100,0,34.78,102.00,8.00,454.00,null,null,null
2023-09-04T17:34:06Z,23.57,70.62,99,0,34.25,102.00,7.00,451.00,null,null,null
2023-09-04T17:35:06Z,23.55,70.67,100,0,35.74,101.99,8.00,454.00,0,0,0
2023-09-04T17:36:06Z,23.55,70.56,100,0,34.04,101.99,8.00,454.00,null,null,null
2023-09-04T17:37:06Z,23.57,70.58,100,0,34.18,101.98,8.00,454.00,null,null,null
2023-09-04T17:38:06Z,23.57,70.74,100,0,34.38,101.98,8.00,454.00,null,null,null
2023-09-04T17:39:06Z,23.57,70.73,99,0,36.41,101.98,9.00,461.00,null,null,null
2023-09-04T17:40:06Z,23.55,70.83,100,0,35.26,101.98,9.00,461.00,0,0,0
2023-09-04T17:41:06Z,23.58,70.63,100,0,34.47,101.97,9.00,463.00,null,null,null
2023-09-04T17:42:06Z,23.58,70.62,100,0,34.19,101.97,10.00,470.00,null,null,null
2023-09-04T17:43:06Z,23.58,70.74,100,0,34.74,101.98,11.00,475.00,null,null,null
2023-09-04T17:44:06Z,23.58,70.73,99,0,34.60,101.98,12.00,481.00,null,null,null
2023-09-04T17:45:06Z,23.58,70.67,100,0,34.71,101.99,13.00,491.00,0,0,0
2023-09-04T17:46:06Z,23.58,70.54,99,0,34.67,101.98,12.00,481.00,null,null,null
2023-09-04T17:47:06Z,23.59,70.54,100,0,34.53,101.99,14.00,495.00,null,null,null
2023-09-04T17:48:06Z,23.59,70.56,99,0,35.79,101.99,14.00,495.00,null,null,null
2023-09-04T17:49:06Z,23.58,70.60,100,0,35.64,101.99,15.00,501.00,null,null,null
2023-09-04T17:50:06Z,23.58,70.61,99,0,34.55,101.99,17.00,515.00,0,0,0
2023-09-04T17:51:06Z,23.58,70.34,100,0,33.83,101.99,17.00,515.00,null,null,null
2023-09-04T17:52:06Z,23.59,70.47,100,0,34.68,101.98,17.00,518.00,null,null,null
2023-09-04T17:53:06Z,23.59,70.52,99,0,34.99,101.98,18.00,524.00,null,null,null
2023-09-04T17:54:06Z,23.59,70.31,99,0,35.53,101.99,19.00,529.00,null,null,null
2023-09-04T17:55:06Z,23.59,70.31,99,0,35.08,101.99,20.00,534.00,0,0,0
2023-09-04T17:56:06Z,23.61,70.07,100,0,37.53,101.98,20.00,534.00,null,null,null
2023-09-04T17:57:06Z,23.61,70.17,99,0,37.33,101.98,21.00,543.00,null,null,null
2023-09-04T17:58:06Z,23.61,70.25,100,0,35.47,101.98,22.00,549.00,null,null,null
2023-09-04T17:59:06Z,23.61,70.29,99,0,35.04,101.98,22.00,548.00,null,null,null
2023-09-04T18:00:06Z,23.61,70.14,100,0,34.33,101.98,22.00,548.00,0,0,0
2023-09-04T18:01:06Z,23.61,70.09,100,0,34.24,101.98,23.00,552.00,null,null,null
2023-09-04T18:02:06Z,23.62,70.10,100,0,37.98,101.97,24.00,564.00,null,null,null
2023-09-04T18:03:06Z,23.61,70.17,100,0,34.55,101.97,25.00,566.00,null,null,null
2023-09-04T18:04:06Z,23.61,70.18,100,0,34.50,101.97,25.00,566.00,null,null,null
2023-09-04T18:05:06Z,23.61,70.22,100,0,34.84,101.97,25.00,566.00,0,0,0
2023-09-04T18:06:06Z,23.63,69.95,100,0,34.46,101.96,26.00,572.00,null,null,null
2023-09-04T18:07:06Z,23.62,69.96,99,0,34.15,101.97,26.00,572.00,null,null,null
2023-09-04T18:08:06Z,23.62,69.97,99,0,33.90,101.97,26.00,572.00,null,null,null
2023-09-04T18:09:06Z,23.61,69.87,99,0,35.82,101.97,26.00,572.00,null,null,null
2023-09-04T18:10:06Z,23.61,69.93,100,0,34.06,101.96,27.00,578.00,0,0,0
2023-09-04T18:11:06Z,23.63,69.65,100,0,34.16,101.96,26.00,572.00,null,null,null
2023-09-04T18:12:06Z,23.65,69.71,100,0,35.39,101.96,26.00,577.00,null,null,null
2023-09-04T18:13:06Z,23.63,69.66,100,0,36.91,101.96,28.00,584.00,null,null,null
2023-09-04T18:14:06Z,23.65,69.70,99,0,42.28,101.96,28.00,584.00,null,null,null
2023-09-04T18:15:06Z,23.63,69.77,100,0,34.02,101.96,29.00,591.00,0,0,0
2023-09-04T18:16:06Z,23.63,69.56,100,0,34.34,101.96,28.00,586.00,null,null,null
2023-09-04T18:17:06Z,23.65,69.61,100,0,34.71,101.96,29.00,591.00,null,null,null
2023-09-04T18:18:06Z,23.63,69.46,100,0,34.67,101.96,28.00,584.00,null,null,null
2023-09-04T18:19:06Z,23.63,69.50,100,0,39.23,101.96,29.00,591.00,null,null,null
2023-09-04T18:20:06Z,23.63,69.50,99,0,38.52,101.95,29.00,591.00,0,0,0
2023-09-04T18:21:06Z,23.65,69.42,99,0,34.71,101.95,29.00,591.00,null,null,null
2023-09-04T18:22:06Z,23.63,69.42,99,0,37.97,101.95,29.00,591.00,null,null,null
2023-09-04T18:23:06Z,23.63,69.43,100,0,null,101.95,29.00,591.00,null,null,null
2023-09-04T18:24:06Z,23.65,69.41,100,0,34.25,101.95,30.00,597.00,null,null,null
2023-09-04T18:25:06Z,23.63,69.38,100,0,34.11,101.95,30.00,597.00,0,0,0
2023-09-04T18:26:06Z,23.63,69.23,100,0,34.63,101.96,28.00,584.00,null,null,null
2023-09-04T18:27:06Z,23.66,69.28,100,0,36.18,101.95,30.00,602.00,null,null,null
2023-09-04T18:28:06Z,23.68,69.26,100,0,35.32,101.95,30.00,602.00,null,null,null
2023-09-04T18:29:06Z,23.69,69.14,100,0,33.84,101.95,30.00,597.00,null,null,null
2023-09-04T18:30:06Z,23.66,69.14,100,0,34.46,101.95,30.00,602.00,0,0,0
2023-09-04T18:31:06Z,23.68,68.94,100,0,34.43,101.95,27.00,581.00,null,null,null
2023-09-04T18:32:06Z,23.68,68.91,100,0,34.07,101.95,28.00,589.00,null,null,null
2023-09-04T18:33:06Z,23.71,68.99,100,0,34.48,101.95,28.00,589.00,null,null,null
2023-09-04T18:34:06Z,23.66,68.98,99,0,34.30,101.95,28.00,589.00,null,null,null
2023-09-04T18:35:06Z,23.69,69.05,100,0,35.38,101.95,28.00,589.00,0,0,0
2023-09-04T18:36:06Z,23.69,68.87,100,0,34.44,101.96,28.00,589.00,null,null,null
2023-09-04T18:37:06Z,23.68,69.02,99,0,41.89,101.96,29.00,596.00,null,null,null
2023-09-04T18:38:06Z,23.69,69.09,99,0,38.93,101.96,30.00,602.00,null,null,null
2023-09-04T18:39:06Z,23.68,69.02,100,0,35.83,101.96,30.00,602.00,null,null,null
2023-09-04T18:40:06Z,23.68,69.09,100,0,34.27,101.96,29.00,596.00,0,0,0
2023-09-04T18:41:06Z,23.68,69.06,99,0,34.19,101.96,30.00,602.00,null,null,null
2023-09-04T18:42:06Z,23.71,69.12,100,0,34.27,101.96,30.00,602.00,null,null,null
2023-09-04T18:43:06Z,23.69,69.22,100,0,34.17,101.96,30.00,602.00,null,null,null
2023-09-04T18:44:06Z,23.69,69.15,100,0,35.29,101.96,30.00,602.00,null,null,null
2023-09-04T18:45:06Z,23.68,69.13,100,0,35.08,101.96,30.00,602.00,0,0,0
2023-09-04T18:46:06Z,23.66,68.94,100,0,34.56,101.96,30.00,602.00,null,null,null
2023-09-04T18:47:06Z,23.68,69.00,100,0,34.81,101.96,30.00,602.00,null,null,null
2023-09-04T18:48:06Z,23.69,69.12,100,0,33.77,101.96,29.00,596.00,null,null,null
2023-09-04T18:49:06Z,23.68,69.22,100,0,34.52,101.96,30.00,602.00,null,null,null
2023-09-04T18:50:06Z,23.68,69.17,100,0,33.61,101.96,30.00,602.00,0,0,0
2023-09-04T18:51:06Z,23.69,69.06,100,0,34.05,101.96,29.00,596.00,null,null,null
2023-09-04T18:52:06Z,23.69,69.15,100,0,44.38,101.96,30.00,602.00,null,null,null
2023-09-04T18:53:06Z,23.69,69.25,100,0,35.68,101.96,30.00,602.00,null,null,null
2023-09-04T18:54:06Z,23.69,69.22,99,0,34.66,101.96,30.00,597.00,null,null,null
2023-09-04T18:55:06Z,23.68,69.31,99,0,36.11,101.96,30.00,602.00,0,0,0
2023-09-04T18:56:06Z,23.69,69.18,99,0,34.05,101.96,30.00,597.00,null,null,null
2023-09-04T18:57:06Z,23.72,69.36,99,0,34.98,101.96,30.00,602.00,null,null,null
2023-09-04T18:58:06Z,23.68,69.34,100,0,33.51,101.96,29.00,591.00,null,null,null
2023-09-04T18:59:06Z,23.69,69.27,100,0,34.36,101.96,29.00,591.00,null,null,null
2023-09-04T19:00:06Z,23.69,69.12,99,0,36.19,101.96,28.00,584.00,0,0,0
2023-09-04T19:01:06Z,23.71,69.06,100,0,33.84,101.96,28.00,584.00,null,null,null
2023-09-04T19:02:06Z,23.72,69.18,100,0,35.49,101.96,28.00,589.00,null,null,null
2023-09-04T19:03:06Z,23.69,69.21,100,0,34.13,101.96,28.00,589.00,null,null,null
2023-09-04T19:04:06Z,23.71,69.17,100,0,33.95,101.96,28.00,589.00,null,null,null
2023-09-04T19:05:06Z,23.71,69.27,100,0,34.55,101.96,28.00,589.00,0,0,0
2023-09-04T19:06:06Z,23.69,69.13,100,0,34.13,101.96,25.00,570.00,null,null,null
2023-09-04T19:07:06Z,23.69,69.11,99,0,34.65,101.96,27.00,581.00,null,null,null
2023-09-04T19:08:06Z,23.71,69.04,99,0,34.50,101.96,26.00,575.00,null,null,null
2023-09-04T19:09:06Z,23.71,69.10,99,0,35.28,101.96,26.00,575.00,null,null,null
2023-09-04T19:10:06Z,23.68,69.15,99,0,34.04,101.96,26.00,575.00,0,0,0
2023-09-04T19:11:06Z,23.69,69.07,100,0,34.59,101.96,26.00,572.00,null,null,null
2023-09-04T19:12:06Z,23.72,69.01,99,0,33.69,101.96,26.00,575.00,null,null,null
2023-09-04T19:13:06Z,23.71,68.88,100,0,36.18,101.96,26.00,575.00,null,null,null
2023-09-04T19:14:06Z,23.68,68.91,99,0,34.71,101.96,26.00,572.00,null,null,null
2023-09-04T19:15:06Z,23.73,68.85,99,0,33.63,101.96,24.00,564.00,0,0,0
2023-09-04T19:16:06Z,23.71,68.81,100,0,34.26,101.96,24.00,564.00,null,null,null
2023-09-04T19:17:06Z,23.72,68.82,100,0,33.69,101.96,24.00,564.00,null,null,null
2023-09-04T19:18:06Z,23.71,68.80,99,0,34.96,101.96,24.00,564.00,null,null,null
2023-09-04T19:19:06Z,23.71,68.85,100,0,34.21,101.95,24.00,564.00,null,null,null
2023-09-04T19:20:06Z,23.69,68.74,100,0,35.01,101.96,24.00,564.00,0,0,0
2023-09-04T19:21:06Z,23.72,68.50,100,0,34.12,101.96,25.00,565.00,null,null,null
2023-09-04T19:22:06Z,23.73,68.50,99,0,34.14,101.96,23.00,556.00,null,null,null
2023-09-04T19:23:06Z,23.71,68.39,100,0,33.98,101.96,23.00,552.00,null,null,null
2023-09-04T19:24:06Z,23.71,68.53,100,0,34.08,101.96,22.00,546.00,null,null,null
2023-09-04T19:25:06Z,23.71,68.59,99,0,34.47,101.96,23.00,552.00,0,0,0
2023-09-04T19:26:06Z,23.71,68.70,100,0,34.13,101.96,23.00,552.00,null,null,null
2023-09-04T19:27:06Z,23.71,68.76,99,0,35.14,101.96,23.00,552.00,null,null,null
2023-09-04T19:28:06Z,23.71,68.71,100,0,34.19,101.95,22.00,548.00,null,null,null
2023-09-04T19:29:06Z,23.72,68.74,100,0,33.96,101.95,22.00,546.00,null,null,null
2023-09-04T19:30:06Z,23.72,68.77,100,0,34.55,101.95,22.00,546.00,0,0,0
2023-09-04T19:31:06Z,23.69,68.68,100,0,34.54,101.95,21.00,542.00,null,null,null
2023-09-04T19:32:06Z,23.72,68.65,99,0,34.15,101.95,22.00,546.00,null,null,null
2023-09-04T19:33:06Z,23.71,68.70,100,0,35.36,101.95,22.00,546.00,null,null,null
2023-09-04T19:34:06Z,23.72,68.66,99,0,34.29,101.95,22.00,546.00,null,null,null
2023-09-04T19:35:06Z,23.72,68.82,99,0,33.98,101.95,22.00,546.00,0,0,0
2023-09-04T19:36:06Z,23.71,68.74,100,0,34.79,101.95,21.00,542.00,null,null,null
2023-09-04T19:37:06Z,23.71,68.69,100,0,33.69,101.95,21.00,542.00,null,null,null
2023-09-04T19:38:06Z,23.72,68.69,100,0,34.64,101.95,21.00,542.00,null,null,null
2023-09-04T19:39:06Z,23.71,68.67,100,0,33.61,101.95,20.00,536.00,null,null,null
2023-09-04T19:40:06Z,23.71,68.56,99,0,35.22,101.95,20.00,533.00,0,0,0
2023-09-04T19:41:06Z,23.69,68.59,100,0,39.37,101.95,20.00,533.00,null,null,null
2023-09-04T19:42:06Z,23.72,68.71,100,0,35.19,101.95,19.00,527.00,null,null,null
2023-09-04T19:43:06Z,23.73,68.72,99,0,34.48,101.95,20.00,533.00,null,null,null
2023-09-04T19:44:06Z,23.71,68.79,100,0,35.29,101.96,20.00,536.00,null,null,null
2023-09-04T19:45:06Z,23.71,68.79,100,0,35.18,101.96,19.00,531.00,0,0,0
2023-09-04T19:46:06Z,23.75,68.68,100,0,34.83,101.95,18.00,523.00,null,null,null
2023-09-04T19:47:06Z,23.73,68.66,100,0,34.72,101.95,12.00,482.00,null,null,null
2023-09-04T19:48:06Z,23.75,68.79,100,0,34.11,101.96,20.00,533.00,null,null,null
2023-09-04T19:49:06Z,23.71,68.69,100,0,34.96,101.96,11.00,478.00,null,null,null
2023-09-04T19:50:06Z,23.71,68.72,99,0,34.63,101.96,19.00,527.00,0,0,0
2023-09-04T19:51:06Z,23.72,68.69,99,0,34.81,101.96,16.00,506.00,null,null,null
2023-09-04T19:52:06Z,23.76,68.68,100,0,34.33,101.96,17.00,515.00,null,null,null
2023-09-04T19:53:06Z,23.71,68.64,100,0,34.19,101.96,10.00,472.00,null,null,null
2023-09-04T19:54:06Z,23.72,68.70,100,0,34.34,101.96,17.00,515.00,null,null,null
2023-09-04T19:55:06Z,23.71,68.62,100,0,33.97,101.97,17.00,515.00,0,0,0
2023-09-04T19:56:06Z,23.72,68.67,100,0,null,101.96,17.00,515.00,null,null,null
2023-09-04T19:57:06Z,23.72,68.62,99,0,35.70,101.96,17.00,515.00,null,null,null
2023-09-04T19:58:06Z,23.72,68.55,100,0,34.59,101.96,16.00,506.00,null,null,null
2023-09-04T19:59:06Z,23.72,68.46,100,0,34.56,101.96,16.00,506.00,null,null,null
2023-09-04T20:00:06Z,23.72,68.61,100,0,34.20,101.96,16.00,506.00,0,0,0
2023-09-04T20:01:06Z,23.71,68.58,100,0,34.30,101.96,15.00,501.00,null,null,null
2023-09-04T20:02:06Z,23.75,68.58,99,0,33.16,101.96,15.00,501.00,null,null,null
2023-09-04T20:03:06Z,23.72,68.52,100,0,34.11,101.97,9.00,461.00,null,null,null
2023-09-04T20:04:06Z,23.71,68.36,99,0,33.56,101.97,15.00,501.00,null,null,null
2023-09-04T20:05:06Z,23.71,68.28,100,0,34.22,101.97,14.00,497.00,0,0,0
2023-09-04T20:06:06Z,23.71,68.19,100,0,34.34,101.97,13.00,491.00,null,null,null
2023-09-04T20:07:06Z,23.72,68.23,100,0,35.74,101.97,14.00,495.00,null,null,null
2023-09-04T20:08:06Z,23.73,68.19,100,0,34.78,101.97,14.00,495.00,null,null,null
2023-09-04T20:09:06Z,23.71,68.30,99,0,35.19,101.97,13.00,491.00,null,null,null
2023-09-04T20:10:06Z,23.71,68.27,99,0,34.94,101.97,12.00,481.00,0,0,0
2023-09-04T20:11:06Z,23.73,68.26,100,0,35.32,101.97,13.00,486.00,null,null,null
2023-09-04T20:12:06Z,23.72,68.25,99,0,35.59,101.97,13.00,486.00,null,null,null
2023-09-04T20:13:06Z,23.73,68.16,99,0,39.28,101.97,13.00,486.00,null,null,null
2023-09-04T20:14:06Z,23.72,68.24,99,0,34.22,101.97,13.00,491.00,null,null,null
2023-09-04T20:15:06Z,23.72,68.26,100,0,34.22,101.97,12.00,485.00,0,0,0
2023-09-04T20:16:06Z,23.72,68.38,99,0,35.08,101.98,12.00,481.00,null,null,null
2023-09-04T20:17:06Z,23.72,68.40,100,0,34.64,101.98,12.00,481.00,null,null,null
2023-09-04T20:18:06Z,23.73,68.38,99,0,33.58,101.98,13.00,486.00,null,null,null
2023-09-04T20:19:06Z,23.72,68.32,100,0,33.86,101.99,11.00,478.00,null,null,null
2023-09-04T20:20:06Z,23.71,68.14,100,0,34.19,101.99,11.00,478.00,0,0,0
2023-09-04T20:21:06Z,23.73,68.01,100,0,39.56,101.99,11.00,475.00,null,null,null
2023-09-04T20:22:06Z,23.71,68.06,100,0,36.02,101.99,11.00,475.00,null,null,null
2023-09-04T20:23:06Z,23.73,68.11,100,0,34.69,101.99,12.00,482.00,null,null,null
2023-09-04T20:24:06Z,23.71,68.03,100,0,33.99,101.98,11.00,475.00,null,null,null
2023-09-04T20:25:06Z,23.71,68.03,100,0,33.75,101.98,12.00,482.00,0,0,0
2023-09-04T20:26:06Z,23.71,68.09,99,0,36.36,101.99,10.00,472.00,null,null,null
2023-09-04T20:27:06Z,23.73,67.99,100,0,34.47,101.98,11.00,475.00,null,null,null
2023-09-04T20:28:06Z,23.71,68.12,100,0,34.15,101.97,11.00,475.00,null,null,null
2023-09-04T20:29:06Z,23.75,68.15,100,0,33.88,101.97,11.00,475.00,null,null,null
2023-09-04T20:30:06Z,23.72,68.27,100,0,34.65,101.98,5.00,436.00,0,0,0
2023-09-04T20:31:06Z,23.71,68.21,100,0,33.44,101.97,8.00,457.00,null,null,null
2023-09-04T20:32:06Z,23.73,68.23,99,0,35.51,101.97,10.00,472.00,null,null,null
2023-09-04T20:33:06Z,23.72,68.14,99,0,34.27,101.97,11.00,475.00,null,null,null
2023-09-04T20:34:06Z,23.72,68.26,100,0,35.37,101.97,10.00,472.00,null,null,null
2023-09-04T20:35:06Z,23.72,68.27,100,0,34.69,101.96,10.00,470.00,0,0,0
2023-09-04T20:36:06Z,23.72,68.22,99,0,34.24,101.96,9.00,465.00,null,null,null
2023-09-04T20:37:06Z,23.73,68.19,100,0,34.29,101.96,9.00,465.00,null,null,null
2023-09-04T20:38:06Z,23.72,68.12,100,0,33.74,101.96,10.00,472.00,null,null,null
2023-09-04T20:39:06Z,23.72,68.20,100,0,33.71,101.96,9.00,465.00,null,null,null
2023-09-04T20:40:06Z,23.71,68.12,99,0,34.05,101.96,9.00,465.00,0,0,0
2023-09-04T20:41:06Z,23.69,68.24,100,0,34.09,101.95,9.00,461.00,null,null,null
2023-09-04T20:42:06Z,23.73,68.18,100,0,33.82,101.96,9.00,461.00,null,null,null
2023-09-04T20:43:06Z,23.72,68.09,100,0,35.11,101.95,9.00,461.00,null,null,null
2023-09-04T20:44:06Z,23.71,68.17,99,0,34.30,101.94,9.00,461.00,null,null,null
2023-09-04T20:45:06Z,23.71,68.23,100,0,34.32,101.95,8.00,457.00,0,0,0
2023-09-04T20:46:06Z,23.71,68.26,99,0,33.80,101.94,8.00,457.00,null,null,null
2023-09-04T20:47:06Z,23.71,68.30,100,0,34.69,101.95,8.00,454.00,null,null,null
2023-09-04T20:48:06Z,23.71,68.34,100,0,34.73,101.94,8.00,457.00,null,null,null
2023-09-04T20:49:06Z,23.71,68.25,100,0,37.06,101.94,8.00,454.00,null,null,null
2023-09-04T20:50:06Z,23.69,68.30,100,0,33.84,101.94,7.00,448.00,0,0,0
2023-09-04T20:51:06Z,23.69,68.39,100,0,34.24,101.94,7.00,448.00,null,null,null
2023-09-04T20:52:06Z,23.72,68.47,99,0,37.70,101.94,7.00,448.00,null,null,null
2023-09-04T20:53:06Z,23.72,68.47,100,0,34.20,101.94,7.00,448.00,null,null,null
2023-09-04T20:54:06Z,23.71,68.47,100,0,34.26,101.94,7.00,448.00,null,null,null
2023-09-04T20:55:06Z,23.68,68.67,100,0,37.80,101.94,7.00,448.00,0,0,0
2023-09-04T20:56:06Z,23.71,68.79,100,0,48.86,101.95,10.00,470.00,null,null,null
2023-09-04T20:57:06Z,23.72,68.85,100,0,55.26,101.95,15.00,502.00,null,null,null
2023-09-04T20:58:06Z,23.72,68.77,100,0,65.66,101.95,20.00,537.00,null,null,null
2023-09-04T20:59:06Z,23.69,68.83,100,0,61.37,101.95,23.00,552.00,null,null,null
2023-09-04T21:00:06Z,23.72,68.94,100,0,55.77,101.95,23.00,552.00,0,0,0
2023-09-04T21:01:06Z,23.72,69.02,100,0,58.87,101.95,24.00,560.00,null,null,null
2023-09-04T21:02:06Z,23.72,69.09,99,0,50.75,101.95,24.00,564.00,null,null,null
2023-09-04T21:03:06Z,23.71,69.06,99,0,38.59,101.95,24.00,564.00,null,null,null
2023-09-04T21:04:06Z,23.72,69.13,99,0,57.93,101.95,26.00,572.00,null,null,null
2023-09-04T21:05:06Z,23.73,69.02,99,0,53.20,101.94,26.00,572.00,0,0,0
2023-09-04T21:06:06Z,23.73,69.07,100,0,52.87,101.95,24.00,564.00,null,null,null
2023-09-04T21:07:06Z,23.75,69.11,100,0,59.24,101.94,24.00,564.00,null,null,null
2023-09-04T21:08:06Z,23.73,69.14,99,0,56.71,101.94,19.00,527.00,null,null,null
2023-09-04T21:09:06Z,23.75,69.13,99,0,51.61,101.94,26.00,572.00,null,null,null
2023-09-04T21:10:06Z,23.73,69.25,99,0,44.83,101.94,17.00,518.00,0,0,0
2023-09-04T21:11:06Z,23.73,69.25,99,0,53.48,101.94,23.00,556.00,null,null,null
2023-09-04T21:12:06Z,23.75,69.28,100,0,60.67,101.94,23.00,556.00,null,null,null
2023-09-04T21:13:06Z,23.76,69.44,99,0,44.96,101.94,17.00,514.00,null,null,null
2023-09-04T21:14:06Z,23.76,69.41,99,0,44.91,101.94,17.00,514.00,null,null,null
2023-09-04T21:15:06Z,23.75,69.40,99,0,49.87,101.93,17.00,514.00,0,0,0
2023-09-04T21:16:06Z,23.76,69.55,99,0,45.18,101.94,16.00,506.00,null,null,null
2023-09-04T21:17:06Z,23.78,69.51,100,0,48.86,101.94,16.00,506.00,null,null,null
2023-09-04T21:18:06Z,23.75,69.60,100,0,38.80,101.94,17.00,514.00,null,null,null
2023-09-04T21:19:06Z,23.78,69.74,100,0,38.44,101.94,17.00,514.00,null,null,null
2023-09-04T21:20:06Z,23.78,69.82,100,0,48.45,101.94,17.00,514.00,0,0,0
2023-09-04T21:21:06Z,23.79,69.88,99,0,45.70,101.94,15.00,505.00,null,null,null
2023-09-04T21:22:06Z,23.79,69.87,100,0,46.17,101.95,17.00,518.00,null,null,null
2023-09-04T21:23:06Z,23.78,69.88,100,0,40.12,101.94,17.00,518.00,null,null,null
2023-09-04T21:24:06Z,23.79,69.81,100,0,33.68,101.94,17.00,518.00,null,null,null
2023-09-04T21:25:06Z,23.79,69.86,100,0,39.37,101.95,15.00,505.00,0,0,0
2023-09-04T21:26:06Z,23.79,69.99,100,0,45.93,101.94,15.00,505.00,null,null,null
2023-09-04T21:27:06Z,23.79,70.04,100,0,59.25,101.94,17.00,518.00,null,null,null
2023-09-04T21:28:06Z,23.80,70.13,99,0,53.56,101.95,17.00,518.00,null,null,null
2023-09-04T21:29:06Z,23.80,70.13,99,0,33.50,101.95,17.00,518.00,null,null,null
2023-09-04T21:30:06Z,23.79,70.23,100,0,51.26,101.94,18.00,520.00,0,0,0
2023-09-04T21:31:06Z,23.80,70.25,99,0,44.25,101.95,17.00,518.00,null,null,null
2023-09-04T21:32:06Z,23.83,70.20,100,0,42.32,101.94,17.00,517.00,null,null,null
2023-09-04T21:33:06Z,23.80,70.24,99,0,42.01,101.94,18.00,520.00,null,null,null
2023-09-04T21:34:06Z,23.82,70.20,100,0,53.77,101.94,17.00,518.00,null,null,null
2023-09-04T21:35:06Z,23.80,70.20,99,0,37.02,101.94,17.00,518.00,0,0,0
2023-09-04T21:36:06Z,23.83,70.22,100,0,45.49,101.94,17.00,518.00,null,null,null
2023-09-04T21:37:06Z,23.83,70.20,100,0,51.71,101.94,15.00,505.00,null,null,null
2023-09-04T21:38:06Z,23.85,70.21,99,0,36.27,101.94,15.00,505.00,null,null,null
2023-09-04T21:39:06Z,23.80,70.25,99,0,38.80,101.94,15.00,502.00,null,null,null
2023-09-04T21:40:06Z,23.83,70.32,99,0,38.73,101.93,14.00,498.00,0,0,0
2023-09-04T21:41:06Z,23.82,70.39,100,0,45.62,101.94,14.00,498.00,null,null,null
2023-09-04T21:42:06Z,23.86,70.26,100,0,45.13,101.93,14.00,493.00,null,null,null
2023-09-04T21:43:06Z,23.83,70.35,99,0,48.94,101.93,14.00,493.00,null,null,null
2023-09-04T21:44:06Z,23.83,70.29,100,0,49.42,101.93,14.00,493.00,null,null,null
2023-09-04T21:45:06Z,23.85,70.32,100,0,45.89,101.93,14.00,498.00,0,0,0
2023-09-04T21:46:06Z,23.88,70.40,100,0,54.29,101.93,14.00,493.00,null,null,null
2023-09-04T21:47:06Z,23.85,70.38,100,0,48.28,101.92,14.00,498.00,null,null,null
2023-09-04T21:48:06Z,23.86,70.33,100,0,36.60,101.92,14.00,493.00,null,null,null
2023-09-04T21:49:06Z,23.85,70.39,100,0,43.95,101.92,13.00,488.00,null,null,null
2023-09-04T21:50:06Z,23.86,70.44,100,0,50.70,101.92,13.00,488.00,0,0,0
2023-09-04T21:51:06Z,23.85,70.45,100,0,45.74,101.93,12.00,480.00,null,null,null
2023-09-04T21:52:06Z,23.88,70.49,100,0,50.37,101.93,12.00,483.00,null,null,null
2023-09-04T21:53:06Z,23.85,70.54,99,0,41.53,101.93,13.00,488.00,null,null,null
2023-09-04T21:54:06Z,23.85,70.61,100,0,35.97,101.93,13.00,488.00,null,null,null
2023-09-04T21:55:06Z,23.85,70.61,99,0,33.73,101.93,13.00,488.00,0,0,0
2023-09-04T21:56:06Z,23.83,70.56,99,0,44.85,101.94,13.00,488.00,null,null,null
2023-09-04T21:57:06Z,23.86,70.52,100,0,56.36,101.93,13.00,488.00,null,null,null
2023-09-04T21:58:06Z,23.89,70.52,100,0,49.14,101.93,13.00,488.00,null,null,null
2023-09-04T21:59:06Z,23.85,70.58,100,0,40.50,101.93,13.00,488.00,null,null,null
2023-09-04T22:00:06Z,23.86,70.64,100,0,49.66,101.93,12.00,483.00,0,0,0
2023-09-04T22:01:06Z,23.86,70.61,100,0,43.61,101.93,12.00,483.00,null,null,null
2023-09-04T22:02:06Z,23.86,70.66,99,0,48.03,101.93,12.00,483.00,null,null,null
2023-09-04T22:03:06Z,23.88,70.66,99,0,55.59,101.93,12.00,483.00,null,null,null
2023-09-04T22:04:06Z,23.89,70.72,99,0,52.13,101.93,12.00,483.00,null,null,null
2023-09-04T22:05:06Z,23.88,70.78,99,0,39.68,101.93,12.00,483.00,0,0,0
2023-09-04T22:06:06Z,23.88,70.80,100,0,38.98,101.93,12.00,480.00,null,null,null
2023-09-04T22:07:06Z,23.89,70.78,100,0,43.95,101.93,12.00,480.00,null,null,null
2023-09-04T22:08:06Z,23.88,70.82,99,0,51.51,101.93,12.00,480.00,null,null,null
2023-09-04T22:09:06Z,23.89,70.82,100,0,38.59,101.93,12.00,480.00,null,null,null
2023-09-04T22:10:06Z,23.86,70.85,100,0,41.86,101.93,12.00,480.00,0,0,0
2023-09-04T22:11:06Z,23.88,70.80,100,0,33.72,101.93,12.00,480.00,null,null,null
2023-09-04T22:12:06Z,23.89,70.79,99,0,36.51,101.93,12.00,480.00,null,null,null
2023-09-04T22:13:06Z,23.88,70.82,100,0,40.21,101.93,12.00,480.00,null,null,null
2023-09-04T22:14:06Z,23.88,70.87,99,0,40.59,101.92,12.00,480.00,null,null,null
2023-09-04T22:15:06Z,23.88,70.84,100,0,51.76,101.92,12.00,480.00,0,0,0
2023-09-04T22:16:06Z,23.86,70.82,100,0,45.76,101.92,12.00,480.00,null,null,null
2023-09-04T22:17:06Z,23.89,70.76,99,0,35.84,101.92,12.00,480.00,null,null,null
2023-09-04T22:18:06Z,23.89,70.80,100,0,34.38,101.92,11.00,476.00,null,null,null
2023-09-04T22:19:06Z,23.89,70.87,100,0,34.08,101.92,11.00,476.00,null,null,null
2023-09-04T22:20:06Z,23.89,70.90,99,0,42.79,101.92,10.00,470.00,0,0,0
2023-09-04T22:21:06Z,23.88,70.95,100,0,46.83,101.92,9.00,465.00,null,null,null
2023-09-04T22:22:06Z,23.88,70.77,100,0,34.25,101.92,10.00,470.00,null,null,null
2023-09-04T22:23:06Z,23.86,70.80,100,0,56.09,101.92,9.00,465.00,null,null,null
2023-09-04T22:24:06Z,23.88,71.19,100,0,49.33,101.92,11.00,476.00,null,null,null
2023-09-04T22:25:06Z,23.88,71.09,99,0,39.74,101.93,11.00,476.00,0,0,0
2023-09-04T22:26:06Z,23.89,71.04,99,0,50.40,101.92,11.00,476.00,null,null,null
2023-09-04T22:27:06Z,23.90,71.01,100,0,34.74,101.93,12.00,480.00,null,null,null
2023-09-04T22:28:06Z,23.89,71.10,100,0,50.63,101.93,11.00,476.00,null,null,null
2023-09-04T22:29:06Z,23.88,71.12,99,0,43.70,101.93,11.00,476.00,null,null,null
2023-09-04T22:30:06Z,23.86,71.15,99,0,48.89,101.93,11.00,476.00,0,0,0
2023-09-04T22:31:06Z,23.90,71.17,99,0,35.20,101.93,10.00,470.00,null,null,null
2023-09-04T22:32:06Z,23.89,71.22,100,0,44.08,101.93,11.00,476.00,null,null,null
2023-09-04T22:33:06Z,23.90,71.27,100,0,57.19,101.94,11.00,476.00,null,null,null
2023-09-04T22:34:06Z,23.89,71.29,100,0,44.34,101.93,11.00,475.00,null,null,null
2023-09-04T22:35:06Z,23.89,71.38,100,0,50.58,101.93,12.00,480.00,0,0,0
2023-09-04T22:36:06Z,23.88,71.40,100,0,58.08,101.94,11.00,475.00,null,null,null
2023-09-04T22:37:06Z,23.92,71.38,100,0,69.80,101.93,12.00,480.00,null,null,null
2023-09-04T22:38:06Z,24.22,71.50,99,0,66.99,101.93,11.00,475.00,null,null,null
2023-09-04T22:39:06Z,24.26,71.59,99,0,32.66,101.93,12.00,480.00,null,null,null
2023-09-04T22:40:06Z,24.28,71.77,99,0,30.78,101.93,11.00,473.00,0,0,0
2023-09-04T22:41:06Z,24.33,71.84,99,0,34.36,101.94,12.00,481.00,null,null,null
2023-09-04T22:42:06Z,24.38,71.74,99,0,31.29,101.94,12.00,485.00,null,null,null
2023-09-04T22:43:06Z,24.40,71.54,99,0,49.25,101.94,12.00,483.00,null,null,null
2023-09-04T22:44:06Z,24.45,71.54,99,0,54.55,101.94,13.00,487.00,null,null,null
