TIME,TEMP,HUM,BATT,LIGHT,NOISE_A,PRESS,CCS811_VOCS,CCS811_ECO2,PM_1,PM_25,PM_10
ISO 8601,C,%,%,Lux,dBA,kPa,ppb,ppm,ug/m3,ug/m3,ug/m3
Time,Temperature,Humidity,Battery,Light,Noise dBA,Barometric pressure,VOC Gas CCS811,eCO2 Gas CCS811,PM 1.0,PM 2.5,PM 10.0
,55,56,10,14,53,58,113,112,89,87,88
2023-09-16T00:00:43Z,24.12,55.11,86,0,26.31,101.03,19.00,526.00,null,null,null
2023-09-16T00:01:43Z,24.12,55.12,86,0,30.70,101.03,19.00,526.00,null,null,null
2023-09-16T00:02:43Z,24.12,55.16,86,0,38.09,101.03,18.00,523.00,0,0,0
2023-09-16T00:03:43Z,24.15,55.13,86,0,27.94,101.03,18.00,523.00,null,null,null
2023-09-16T00:04:43Z,24.12,55.12,86,0,31.97,101.03,19.00,526.00,null,null,null
2023-09-16T00:05:43Z,24.12,55.11,86,0,29.37,101.03,19.00,526.00,null,null,null
2023-09-16T00:06:43Z,24.12,55.12,86,0,33.23,101.04,19.00,526.00,null,null,null
2023-09-16T00:07:43Z,24.10,55.20,85,0,29.53,101.03,19.00,526.00,0,0,0
2023-09-16T00:08:43Z,24.12,55.11,85,0,31.36,101.03,19.00,526.00,null,null,null
2023-09-16T00:09:43Z,24.12,55.12,85,0,30.91,101.03,19.00,526.00,null,null,null
2023-09-16T00:10:43Z,24.09,55.16,85,0,33.09,101.03,19.00,526.00,null,null,null
2023-09-16T00:11:43Z,24.10,55.15,85,0,30.03,101.04,19.00,526.00,null,null,null
2023-09-16T00:12:43Z,24.10,55.12,85,0,28.31,101.03,19.00,526.00,0,0,0
2023-09-16T00:13:43Z,24.12,55.13,85,0,28.52,101.03,19.00,526.00,null,null,null
2023-09-16T00:14:43Z,24.10,55.18,85,0,33.00,101.03,19.00,526.00,null,null,null
2023-09-16T00:15:43Z,24.10,55.18,85,0,31.18,101.03,19.00,526.00,null,null,null
2023-09-16T00:16:43Z,24.09,55.21,85,0,36.63,101.04,19.00,526.00,null,null,null
2023-09-16T00:17:43Z,24.08,55.24,85,0,30.13,101.04,19.00,531.00,0,0,0
2023-09-16T00:18:43Z,24.06,55.18,85,0,34.74,101.04,19.00,531.00,null,null,null
2023-09-16T00:19:43Z,24.08,55.15,85,0,31.91,101.03,19.00,531.00,null,null,null
2023-09-16T00:20:43Z,24.08,55.18,85,0,33.30,101.03,19.00,531.00,null,null,null
2023-09-16T00:21:43Z,24.08,55.23,85,0,26.67,101.03,19.00,531.00,null,null,null
2023-09-16T00:22:43Z,24.08,55.22,85,0,27.85,101.03,19.00,531.00,0,0,0
2023-09-16T00:23:43Z,24.08,55.18,85,0,33.46,101.03,19.00,531.00,null,null,null
2023-09-16T00:24:43Z,24.06,55.27,85,0,32.34,101.03,20.00,537.00,null,null,null
2023-09-16T00:25:43Z,24.08,55.21,85,0,30.72,101.03,19.00,526.00,null,null,null
2023-09-16T00:26:43Z,24.06,55.24,85,0,31.40,101.02,20.00,537.00,null,null,null
2023-09-16T00:27:43Z,24.03,55.26,85,0,30.31,101.02,19.00,531.00,0,0,0
2023-09-16T00:28:43Z,24.05,55.26,85,0,26.82,101.02,19.00,531.00,null,null,null
2023-09-16T00:29:43Z,24.03,55.20,85,0,30.18,101.02,19.00,531.00,null,null,null
2023-09-16T00:30:43Z,24.06,55.28,85,0,31.05,101.02,20.00,537.00,null,null,null
2023-09-16T00:31:43Z,24.05,55.25,85,0,29.08,101.02,19.00,531.00,null,null,null
2023-09-16T00:32:43Z,24.03,55.32,85,0,32.17,101.02,19.00,531.00,0,0,0
2023-09-16T00:33:43Z,24.03,55.28,85,0,31.28,101.02,19.00,531.00,null,null,null
2023-09-16T00:34:43Z,24.06,55.27,85,0,32.15,101.02,19.00,531.00,null,null,null
2023-09-16T00:35:43Z,24.03,55.24,85,0,33.14,101.02,19.00,526.00,null,null,null
2023-09-16T00:36:43Z,24.03,55.32,85,0,30.10,101.02,19.00,531.00,null,null,null
2023-09-16T00:37:43Z,24.01,55.33,85,0,30.07,101.02,19.00,531.00,0,0,0
2023-09-16T00:38:43Z,24.03,55.30,85,0,40.17,101.02,19.00,526.00,null,null,null
2023-09-16T00:39:43Z,24.02,55.29,85,0,33.86,101.02,19.00,531.00,null,null,null
2023-09-16T00:40:43Z,23.99,55.31,85,0,32.34,101.02,19.00,531.00,null,null,null
2023-09-16T00:41:43Z,23.99,55.31,85,0,32.37,101.02,19.00,531.00,null,null,null
2023-09-16T00:42:43Z,24.02,55.30,85,0,32.12,101.02,20.00,536.00,0,0,0
2023-09-16T00:43:43Z,24.01,55.34,85,0,28.04,101.02,19.00,531.00,null,null,null
2023-09-16T00:44:43Z,24.01,55.34,85,0,29.47,101.02,19.00,531.00,null,null,null
2023-09-16T00:45:43Z,24.01,55.28,85,0,33.14,101.02,20.00,536.00,null,null,null
2023-09-16T00:46:43Z,23.98,55.32,85,0,42.81,101.02,19.00,531.00,null,null,null
2023-09-16T00:47:43Z,23.98,55.35,85,0,44.39,101.02,19.00,531.00,0,0,0
2023-09-16T00:48:43Z,24.01,55.35,85,0,32.07,101.01,19.00,531.00,null,null,null
2023-09-16T00:49:43Z,24.01,55.39,85,0,31.02,101.02,20.00,536.00,null,null,null
2023-09-16T00:50:43Z,24.02,55.35,85,0,33.76,101.01,20.00,536.00,null,null,null
2023-09-16T00:51:43Z,24.01,55.39,85,0,27.26,101.01,19.00,531.00,null,null,null
2023-09-16T00:52:43Z,23.98,55.44,85,0,28.99,101.01,20.00,536.00,0,0,0
2023-09-16T00:53:43Z,24.01,55.39,85,0,32.98,101.01,20.00,536.00,null,null,null
2023-09-16T00:54:43Z,24.01,55.39,85,0,31.53,101.01,20.00,536.00,null,null,null
2023-09-16T00:55:43Z,23.99,55.41,85,0,35.00,101.01,20.00,536.00,null,null,null
2023-09-16T00:56:43Z,23.99,55.44,85,0,27.82,101.01,20.00,536.00,null,null,null
2023-09-16T00:57:43Z,23.96,55.41,85,0,26.16,101.01,20.00,536.00,0,0,0
2023-09-16T00:58:43Z,23.99,55.36,85,0,37.35,101.01,21.00,540.00,null,null,null
2023-09-16T00:59:43Z,23.98,55.41,85,0,30.38,101.00,21.00,540.00,null,null,null
2023-09-16T01:00:43Z,23.98,55.40,85,0,26.53,101.01,21.00,540.00,null,null,null
2023-09-16T01:01:43Z,23.98,55.50,85,0,29.97,101.01,21.00,540.00,null,null,null
2023-09-16T01:02:43Z,23.95,55.44,85,0,29.08,101.01,21.00,540.00,0,0,0
2023-09-16T01:03:43Z,23.98,55.49,85,0,28.95,101.01,21.00,540.00,null,null,null
2023-09-16T01:04:43Z,23.95,55.46,85,0,29.33,101.01,21.00,540.00,null,null,null
2023-09-16T01:05:43Z,23.96,55.43,85,0,36.08,101.00,21.00,540.00,null,null,null
2023-09-16T01:06:43Z,23.95,55.43,85,0,25.38,101.01,21.00,540.00,null,null,null
2023-09-16T01:07:43Z,23.96,55.47,85,0,33.34,101.00,21.00,540.00,0,0,0
2023-09-16T01:08:43Z,23.95,55.50,85,0,28.54,101.00,21.00,540.00,null,null,null
2023-09-16T01:09:43Z,23.96,55.49,85,0,32.85,101.01,22.00,546.00,null,null,null
2023-09-16T01:10:43Z,23.96,55.51,85,0,30.79,101.01,21.00,540.00,null,null,null
2023-09-16T01:11:43Z,23.96,55.47,85,0,29.17,101.01,22.00,546.00,null,null,null
2023-09-16T01:12:43Z,23.93,55.55,85,0,41.18,101.01,21.00,540.00,0,0,0
2023-09-16T01:13:43Z,23.93,55.52,85,0,29.78,101.01,22.00,546.00,null,null,null
2023-09-16T01:14:43Z,23.93,55.46,85,0,32.13,101.01,22.00,546.00,null,null,null
2023-09-16T01:15:43Z,23.92,55.52,85,0,33.32,101.01,21.00,540.00,null,null,null
2023-09-16T01:16:43Z,23.92,55.55,85,0,27.08,101.01,22.00,546.00,null,null,null
2023-09-16T01:17:43Z,23.93,55.53,85,0,29.37,101.01,21.00,540.00,0,0,0
2023-09-16T01:18:43Z,23.92,55.49,85,0,38.54,101.01,21.00,540.00,null,null,null
2023-09-16T01:19:43Z,23.92,55.52,85,0,34.41,101.01,22.00,546.00,null,null,null
2023-09-16T01:20:43Z,23.93,55.55,85,0,28.57,101.01,22.00,549.00,null,null,null
2023-09-16T01:21:43Z,23.93,55.55,85,0,29.82,101.01,22.00,546.00,null,null,null
2023-09-16T01:22:43Z,23.93,55.54,85,0,29.83,101.01,22.00,546.00,0,0,0
2023-09-16T01:23:43Z,23.93,55.53,85,0,28.58,101.01,22.00,546.00,null,null,null
2023-09-16T01:24:43Z,23.92,55.56,85,0,33.87,101.00,22.00,549.00,null,null,null
2023-09-16T01:25:43Z,23.93,55.53,85,0,32.63,101.00,22.00,546.00,null,null,null
2023-09-16T01:26:43Z,23.91,55.57,85,0,34.27,101.00,22.00,549.00,null,null,null
2023-09-16T01:27:43Z,23.89,55.62,85,0,30.03,101.00,22.00,549.00,0,0,0
2023-09-16T01:28:43Z,23.91,55.56,85,0,28.23,101.00,21.00,540.00,null,null,null
2023-09-16T01:29:43Z,23.93,55.57,85,0,31.51,101.00,22.00,549.00,null,null,null
2023-09-16T01:30:43Z,23.91,55.60,85,0,30.43,101.00,22.00,549.00,null,null,null
2023-09-16T01:31:43Z,23.91,55.58,85,0,31.56,101.00,22.00,549.00,null,null,null
2023-09-16T01:32:43Z,23.88,55.55,85,0,30.98,101.00,22.00,549.00,0,0,0
2023-09-16T01:33:43Z,23.89,55.64,85,0,32.69,100.99,22.00,549.00,null,null,null
2023-09-16T01:34:43Z,23.89,55.58,85,0,27.78,100.99,22.00,549.00,null,null,null
2023-09-16T01:35:43Z,23.89,55.59,85,0,29.30,101.00,22.00,549.00,null,null,null
2023-09-16T01:36:43Z,23.88,55.62,85,0,27.02,100.99,22.00,549.00,null,null,null
2023-09-16T01:37:43Z,23.88,55.59,85,0,29.58,100.99,22.00,549.00,0,0,0
2023-09-16T01:38:43Z,23.89,55.65,85,0,25.38,100.99,23.00,555.00,null,null,null
2023-09-16T01:39:43Z,23.88,55.63,85,0,32.29,100.99,23.00,555.00,null,null,null
2023-09-16T01:40:43Z,23.89,55.67,85,0,33.16,100.99,23.00,555.00,null,null,null
2023-09-16T01:41:43Z,23.87,55.67,85,0,25.84,100.99,23.00,555.00,null,null,null
2023-09-16T01:42:43Z,23.87,55.68,85,0,28.84,100.99,23.00,555.00,0,0,0
2023-09-16T01:43:43Z,23.87,55.70,85,0,31.84,100.99,23.00,555.00,null,null,null
2023-09-16T01:44:43Z,23.88,55.67,85,0,29.84,100.99,23.00,555.00,null,null,null
2023-09-16T01:45:43Z,23.85,55.65,85,0,28.06,100.99,23.00,555.00,null,null,null
2023-09-16T01:46:43Z,23.87,55.68,85,0,28.71,100.99,23.00,555.00,null,null,null
2023-09-16T01:47:43Z,23.85,55.68,85,0,27.02,100.99,23.00,555.00,0,0,0
2023-09-16T01:48:43Z,23.89,55.69,85,0,30.15,100.99,23.00,555.00,null,null,null
2023-09-16T01:49:43Z,23.85,55.73,85,0,33.82,100.99,24.00,561.00,null,null,null
2023-09-16T01:50:43Z,23.87,55.69,85,0,32.07,100.98,24.00,561.00,null,null,null
2023-09-16T01:51:43Z,23.85,55.69,85,0,28.95,100.99,23.00,555.00,null,null,null
2023-09-16T01:52:43Z,23.85,55.75,85,0,36.26,100.99,24.00,561.00,0,0,0
2023-09-16T01:53:43Z,23.85,55.75,84,0,27.64,100.99,23.00,555.00,null,null,null
2023-09-16T01:54:43Z,23.85,55.72,85,0,28.84,100.99,23.00,555.00,null,null,null
2023-09-16T01:55:43Z,23.84,55.72,85,0,29.51,100.99,24.00,561.00,null,null,null
2023-09-16T01:56:43Z,23.84,55.76,84,0,31.99,100.99,23.00,555.00,null,null,null
2023-09-16T01:57:43Z,23.84,55.76,85,0,41.15,100.99,23.00,551.00,0,0,0
2023-09-16T01:58:43Z,23.82,55.74,85,0,30.50,100.99,23.00,551.00,null,null,null
2023-09-16T01:59:43Z,23.85,55.75,84,0,28.67,100.99,23.00,555.00,null,null,null
2023-09-16T02:00:43Z,23.85,55.76,85,0,30.58,100.99,23.00,555.00,null,null,null
2023-09-16T02:01:43Z,23.84,55.76,84,0,32.45,100.99,23.00,555.00,null,null,null
2023-09-16T02:02:43Z,23.84,55.79,85,0,23.10,100.99,23.00,555.00,0,0,0
2023-09-16T02:03:43Z,23.84,55.80,85,0,31.51,100.99,23.00,551.00,null,null,null
2023-09-16T02:04:43Z,23.84,55.80,84,0,32.66,100.99,23.00,551.00,null,null,null
2023-09-16T02:05:43Z,23.82,55.78,84,0,49.47,100.99,24.00,564.00,null,null,null
2023-09-16T02:06:43Z,23.82,55.84,84,0,38.98,100.99,23.00,555.00,null,null,null
2023-09-16T02:07:43Z,23.80,55.80,85,0,27.24,100.99,24.00,564.00,0,0,0
2023-09-16T02:08:43Z,23.82,55.84,84,0,30.56,100.99,23.00,551.00,null,null,null
2023-09-16T02:09:43Z,23.84,55.84,84,0,28.99,100.99,24.00,564.00,null,null,null
2023-09-16T02:10:43Z,23.84,55.78,84,0,33.35,100.99,24.00,564.00,null,null,null
2023-09-16T02:11:43Z,23.78,55.82,85,0,27.64,100.99,24.00,564.00,null,null,null
2023-09-16T02:12:43Z,23.80,55.86,84,0,39.32,100.99,23.00,555.00,0,0,0
2023-09-16T02:13:43Z,23.81,55.83,84,0,28.31,101.00,24.00,564.00,null,null,null
2023-09-16T02:14:43Z,23.80,55.84,84,0,35.27,100.99,24.00,564.00,null,null,null
2023-09-16T02:15:43Z,23.80,55.85,84,0,25.82,101.00,24.00,564.00,null,null,null
2023-09-16T02:16:43Z,23.81,55.86,84,0,40.97,101.00,24.00,564.00,null,null,null
2023-09-16T02:17:43Z,23.78,55.87,84,0,27.45,101.00,24.00,564.00,0,0,0
2023-09-16T02:18:43Z,23.81,55.84,84,0,28.31,101.00,24.00,564.00,null,null,null
2023-09-16T02:19:43Z,23.82,55.85,84,0,30.89,101.00,24.00,564.00,null,null,null
2023-09-16T02:20:43Z,23.80,55.87,84,0,33.24,101.00,25.00,567.00,null,null,null
2023-09-16T02:21:43Z,23.80,55.90,84,0,34.16,101.00,24.00,564.00,null,null,null
2023-09-16T02:22:43Z,23.78,55.91,84,0,29.58,101.00,25.00,567.00,0,0,0
2023-09-16T02:23:43Z,23.81,55.89,84,0,32.62,101.00,24.00,564.00,null,null,null
2023-09-16T02:24:43Z,23.82,55.95,84,0,31.89,101.00,25.00,567.00,null,null,null
2023-09-16T02:25:43Z,23.78,55.92,84,0,31.29,101.00,24.00,564.00,null,null,null
2023-09-16T02:26:43Z,23.80,55.90,84,0,26.26,101.00,24.00,564.00,null,null,null
2023-09-16T02:27:43Z,23.77,55.99,84,0,28.01,101.00,24.00,564.00,0,0,0
2023-09-16T02:28:43Z,23.78,55.87,84,0,31.90,101.00,25.00,567.00,null,null,null
2023-09-16T02:29:43Z,23.78,55.94,84,0,33.55,101.00,25.00,567.00,null,null,null
2023-09-16T02:30:43Z,23.78,55.91,84,0,29.76,101.00,25.00,567.00,null,null,null
2023-09-16T02:31:43Z,23.77,55.91,84,0,28.17,101.00,25.00,567.00,null,null,null
2023-09-16T02:32:43Z,23.77,55.93,84,0,29.93,101.00,25.00,567.00,0,0,0
2023-09-16T02:33:43Z,23.80,55.97,84,0,28.17,101.00,25.00,567.00,null,null,null
2023-09-16T02:34:43Z,23.78,55.93,84,0,32.54,101.00,25.00,567.00,null,null,null
2023-09-16T02:35:43Z,23.80,55.96,84,0,30.14,101.00,25.00,567.00,null,null,null
2023-09-16T02:36:43Z,23.78,55.96,84,0,29.92,101.00,25.00,567.00,null,null,null
2023-09-16T02:37:43Z,23.75,55.99,84,0,31.77,101.00,24.00,564.00,0,0,0
2023-09-16T02:38:43Z,23.75,55.99,84,0,33.61,101.00,24.00,564.00,null,null,null
2023-09-16T02:39:43Z,23.78,56.00,84,0,30.88,101.00,25.00,567.00,null,null,null
2023-09-16T02:40:43Z,23.78,55.92,84,0,30.55,101.00,25.00,567.00,null,null,null
2023-09-16T02:41:43Z,23.78,55.97,84,0,33.05,101.00,25.00,570.00,null,null,null
2023-09-16T02:42:43Z,23.78,56.01,84,0,30.73,101.00,25.00,567.00,0,0,0
2023-09-16T02:43:43Z,23.77,56.00,84,0,31.42,101.00,25.00,567.00,null,null,null
2023-09-16T02:44:43Z,23.77,56.01,84,0,29.44,100.99,25.00,567.00,null,null,null
2023-09-16T02:45:43Z,23.77,56.00,84,0,28.47,100.99,25.00,570.00,null,null,null
2023-09-16T02:46:43Z,23.72,56.00,84,0,30.16,100.99,25.00,570.00,null,null,null
2023-09-16T02:47:43Z,23.74,55.98,84,0,32.64,100.99,33.00,620.00,0,0,0
2023-09-16T02:48:43Z,23.77,56.03,84,0,34.15,100.99,33.00,620.00,null,null,null
2023-09-16T02:49:43Z,23.77,56.01,84,0,28.76,101.00,25.00,570.00,null,null,null
2023-09-16T02:50:43Z,23.74,56.03,84,0,31.30,100.99,25.00,570.00,null,null,null
2023-09-16T02:51:43Z,23.72,56.05,84,0,31.78,100.99,33.00,620.00,null,null,null
2023-09-16T02:52:43Z,23.72,56.03,84,0,32.50,101.00,33.00,620.00,0,0,0
2023-09-16T02:53:43Z,23.75,56.05,84,0,31.79,100.99,35.00,631.00,null,null,null
2023-09-16T02:54:43Z,23.74,56.02,84,0,29.20,100.99,27.00,580.00,null,null,null
2023-09-16T02:55:43Z,23.74,56.04,84,0,26.11,100.99,35.00,631.00,null,null,null
2023-09-16T02:56:43Z,23.74,56.02,84,0,35.14,100.99,35.00,631.00,null,null,null
2023-09-16T02:57:43Z,23.71,56.12,84,0,34.87,100.99,35.00,631.00,0,0,0
2023-09-16T02:58:43Z,23.74,56.10,84,0,34.96,100.99,35.00,631.00,null,null,null
2023-09-16T02:59:43Z,23.74,56.11,84,0,32.26,100.99,35.00,631.00,null,null,null
2023-09-16T03:00:43Z,23.72,56.11,84,0,36.47,100.98,35.00,631.00,null,null,null
2023-09-16T03:01:43Z,23.69,56.15,84,0,28.67,100.99,35.00,634.00,null,null,null
2023-09-16T03:02:43Z,23.71,56.11,84,0,23.72,100.98,35.00,631.00,0,0,0
2023-09-16T03:03:43Z,23.71,56.11,84,0,28.67,100.99,35.00,634.00,null,null,null
2023-09-16T03:04:43Z,23.74,56.10,84,0,34.92,100.98,35.00,631.00,null,null,null
2023-09-16T03:05:43Z,23.72,56.11,84,0,31.02,100.98,35.00,634.00,null,null,null
2023-09-16T03:06:43Z,23.72,56.11,84,0,30.80,100.98,35.00,631.00,null,null,null
2023-09-16T03:07:43Z,23.71,56.15,84,0,26.00,100.98,35.00,634.00,0,0,0
2023-09-16T03:08:43Z,23.71,56.13,84,0,26.82,100.98,35.00,631.00,null,null,null
2023-09-16T03:09:43Z,23.71,56.10,84,0,29.82,100.99,35.00,634.00,null,null,null
2023-09-16T03:10:43Z,23.71,56.13,84,0,27.20,100.98,35.00,631.00,null,null,null
2023-09-16T03:11:43Z,23.69,56.16,84,0,29.31,100.99,35.00,631.00,null,null,null
2023-09-16T03:12:43Z,23.68,56.14,84,0,29.61,100.98,35.00,634.00,0,0,0
2023-09-16T03:13:43Z,23.71,56.12,84,0,33.31,100.98,35.00,634.00,null,null,null
2023-09-16T03:14:43Z,23.72,56.12,84,0,30.20,100.98,35.00,634.00,null,null,null
2023-09-16T03:15:43Z,23.69,56.18,84,0,29.53,100.98,35.00,634.00,null,null,null
2023-09-16T03:16:43Z,23.68,56.16,84,0,26.84,100.98,35.00,631.00,null,null,null
2023-09-16T03:17:43Z,23.65,56.22,84,0,34.49,100.98,35.00,631.00,0,0,0
2023-09-16T03:18:43Z,23.68,56.22,84,0,29.22,100.99,35.00,631.00,null,null,null
2023-09-16T03:19:43Z,23.69,56.21,84,0,31.56,100.99,35.00,631.00,null,null,null
2023-09-16T03:20:43Z,23.67,56.18,84,0,30.92,100.99,35.00,634.00,null,null,null
2023-09-16T03:21:43Z,23.69,56.20,84,0,28.91,100.99,35.00,634.00,null,null,null
2023-09-16T03:22:43Z,23.65,56.20,84,0,27.53,100.98,35.00,634.00,0,0,0
2023-09-16T03:23:43Z,23.68,56.23,84,0,39.01,100.99,35.00,631.00,null,null,null
2023-09-16T03:24:43Z,23.69,56.25,84,0,31.70,100.99,36.00,640.00,null,null,null
2023-09-16T03:25:43Z,23.68,56.25,84,0,35.33,100.99,34.00,626.00,null,null,null
2023-09-16T03:26:43Z,23.67,56.22,84,0,25.82,100.98,34.00,626.00,null,null,null
2023-09-16T03:27:43Z,23.65,56.23,84,0,26.00,100.98,35.00,634.00,0,0,0
2023-09-16T03:28:43Z,23.65,56.23,84,0,27.60,100.99,35.00,631.00,null,null,null
2023-09-16T03:29:43Z,23.67,56.23,84,0,31.79,100.99,36.00,640.00,null,null,null
2023-09-16T03:30:43Z,23.67,56.22,84,0,27.42,100.98,36.00,640.00,null,null,null
2023-09-16T03:31:43Z,23.67,56.29,84,0,30.34,100.98,36.00,640.00,null,null,null
2023-09-16T03:32:43Z,23.67,56.25,84,0,31.74,100.99,34.00,626.00,0,0,0
2023-09-16T03:33:43Z,23.67,56.25,84,0,31.06,100.98,35.00,631.00,null,null,null
2023-09-16T03:34:43Z,23.68,56.28,84,0,30.51,100.98,35.00,631.00,null,null,null
2023-09-16T03:35:43Z,23.65,56.23,84,0,27.97,100.98,35.00,631.00,null,null,null
2023-09-16T03:36:43Z,23.65,56.30,84,0,30.16,100.98,36.00,640.00,null,null,null
2023-09-16T03:37:43Z,23.65,56.29,84,0,27.49,100.98,35.00,631.00,0,0,0
2023-09-16T03:38:43Z,23.62,56.29,84,0,33.02,100.98,35.00,631.00,null,null,null
2023-09-16T03:39:43Z,23.64,56.32,84,0,29.26,100.98,34.00,626.00,null,null,null
2023-09-16T03:40:43Z,23.65,56.32,84,0,29.60,100.98,35.00,631.00,null,null,null
2023-09-16T03:41:43Z,23.64,56.36,84,0,24.19,100.98,35.00,631.00,null,null,null
2023-09-16T03:42:43Z,23.64,56.31,84,0,29.49,100.98,35.00,631.00,0,0,0
2023-09-16T03:43:43Z,23.61,56.30,84,0,25.56,100.98,35.00,631.00,null,null,null
2023-09-16T03:44:43Z,23.64,56.30,84,0,36.25,100.97,35.00,631.00,null,null,null
2023-09-16T03:45:43Z,23.62,56.30,84,0,31.72,100.97,35.00,631.00,null,null,null
2023-09-16T03:46:43Z,23.62,56.31,84,0,30.52,100.97,35.00,631.00,null,null,null
2023-09-16T03:47:43Z,23.62,56.38,84,0,28.48,100.97,35.00,631.00,0,0,0
2023-09-16T03:48:43Z,23.64,56.34,84,0,29.83,100.98,35.00,631.00,null,null,null
2023-09-16T03:49:43Z,23.64,56.34,84,0,30.56,100.98,35.00,631.00,null,null,null
2023-09-16T03:50:43Z,23.64,56.35,84,0,27.26,100.97,35.00,631.00,null,null,null
2023-09-16T03:51:43Z,23.61,56.35,84,0,30.64,100.98,35.00,631.00,null,null,null
2023-09-16T03:52:43Z,23.60,56.39,84,0,32.44,100.97,35.00,631.00,0,0,0
2023-09-16T03:53:43Z,23.61,56.35,83,0,31.07,100.98,35.00,631.00,null,null,null
2023-09-16T03:54:43Z,23.62,56.35,84,0,27.44,100.97,35.00,631.00,null,null,null
2023-09-16T03:55:43Z,23.61,56.36,84,0,35.47,100.97,35.00,631.00,null,null,null
2023-09-16T03:56:43Z,23.60,56.38,84,0,31.91,100.97,34.00,626.00,null,null,null
2023-09-16T03:57:43Z,23.60,56.40,84,0,28.71,100.97,34.00,626.00,0,0,0
2023-09-16T03:58:43Z,23.61,56.36,84,0,30.55,100.98,34.00,626.00,null,null,null
2023-09-16T03:59:43Z,23.61,56.36,84,0,32.46,100.97,34.00,626.00,null,null,null
2023-09-16T04:00:43Z,23.61,56.39,83,0,28.77,100.97,35.00,631.00,null,null,null
2023-09-16T04:01:43Z,23.61,56.41,84,0,30.26,100.97,35.00,631.00,null,null,null
2023-09-16T04:02:43Z,23.58,56.40,83,0,25.47,100.97,35.00,631.00,0,0,0
2023-09-16T04:03:43Z,23.61,56.40,83,0,31.82,100.97,34.00,626.00,null,null,null
2023-09-16T04:04:43Z,23.61,56.35,83,0,35.28,100.97,35.00,631.00,null,null,null
2023-09-16T04:05:43Z,23.60,56.40,83,0,27.85,100.97,35.00,631.00,null,null,null
2023-09-16T04:06:43Z,23.61,56.42,84,0,28.36,100.97,35.00,631.00,null,null,null
2023-09-16T04:07:43Z,23.60,56.43,84,0,27.90,100.97,35.00,631.00,0,0,0
2023-09-16T04:08:43Z,23.58,56.43,83,0,31.97,100.97,34.00,626.00,null,null,null
2023-09-16T04:09:43Z,23.57,56.40,83,0,31.24,100.97,35.00,631.00,null,null,null
2023-09-16T04:10:43Z,23.60,56.43,83,0,27.26,100.97,35.00,631.00,null,null,null
2023-09-16T04:11:43Z,23.55,56.46,83,0,31.69,100.97,35.00,631.00,null,null,null
2023-09-16T04:12:43Z,23.57,56.44,83,0,33.87,100.96,35.00,631.00,0,0,0
2023-09-16T04:13:43Z,23.58,56.48,83,0,30.70,100.97,35.00,631.00,null,null,null
2023-09-16T04:14:43Z,23.57,56.46,83,0,34.41,100.97,35.00,631.00,null,null,null
2023-09-16T04:15:43Z,23.57,56.43,83,0,26.82,100.97,35.00,631.00,null,null,null
2023-09-16T04:16:43Z,23.57,56.47,83,0,30.08,100.97,35.00,631.00,null,null,null
2023-09-16T04:17:43Z,23.54,56.44,83,0,27.51,100.96,34.00,626.00,0,0,0
2023-09-16T04:18:43Z,23.55,56.44,83,0,25.19,100.97,35.00,631.00,null,null,null
2023-09-16T04:19:43Z,23.55,56.46,83,0,32.25,100.97,35.00,631.00,null,null,null
2023-09-16T04:20:43Z,23.57,56.51,83,0,32.79,100.97,35.00,631.00,null,null,null
2023-09-16T04:21:43Z,23.54,56.47,83,0,30.85,100.97,35.00,631.00,null,null,null
2023-09-16T04:22:43Z,23.52,56.49,83,0,32.65,100.96,35.00,631.00,0,0,0
2023-09-16T04:23:43Z,23.55,56.44,83,0,27.59,100.97,35.00,631.00,null,null,null
2023-09-16T04:24:43Z,23.57,56.46,83,0,32.72,100.96,35.00,631.00,null,null,null
2023-09-16T04:25:43Z,23.54,56.49,83,0,27.06,100.96,35.00,631.00,null,null,null
2023-09-16T04:26:43Z,23.52,56.49,83,0,30.94,100.96,35.00,631.00,null,null,null
2023-09-16T04:27:43Z,23.51,56.54,83,0,27.75,100.96,35.00,631.00,0,0,0
2023-09-16T04:28:43Z,23.52,56.53,83,0,29.94,100.96,35.00,631.00,null,null,null
2023-09-16T04:29:43Z,23.54,56.50,83,0,30.91,100.96,35.00,631.00,null,null,null
2023-09-16T04:30:43Z,23.52,56.51,83,0,32.59,100.96,35.00,631.00,null,null,null
2023-09-16T04:31:43Z,23.54,56.56,83,0,26.71,100.96,35.00,631.00,null,null,null
2023-09-16T04:32:43Z,23.52,56.54,83,0,28.39,100.96,35.00,631.00,0,0,0
2023-09-16T04:33:43Z,23.55,56.58,83,0,27.73,100.96,35.00,631.00,null,null,null
2023-09-16T04:34:43Z,23.52,56.53,83,0,30.56,100.96,35.00,631.00,null,null,null
2023-09-16T04:35:43Z,23.54,56.58,83,0,29.60,100.96,34.00,626.00,null,null,null
2023-09-16T04:36:43Z,23.51,56.53,83,0,26.53,100.96,34.00,626.00,null,null,null
2023-09-16T04:37:43Z,23.50,56.52,83,0,25.82,100.96,34.00,626.00,0,0,0
2023-09-16T04:38:43Z,23.50,56.54,83,0,29.05,100.96,34.00,626.00,null,null,null
2023-09-16T04:39:43Z,23.52,56.57,83,0,28.52,100.96,35.00,631.00,null,null,null
2023-09-16T04:40:43Z,23.54,56.54,83,0,26.21,100.96,35.00,631.00,null,null,null
2023-09-16T04:41:43Z,23.50,56.59,83,0,27.55,100.96,35.00,631.00,null,null,null
2023-09-16T04:42:43Z,23.48,56.56,83,0,31.15,100.96,35.00,631.00,0,0,0
2023-09-16T04:43:43Z,23.50,56.59,83,0,32.68,100.96,34.00,626.00,null,null,null
2023-09-16T04:44:43Z,23.52,56.58,83,0,31.73,100.96,35.00,631.00,null,null,null
2023-09-16T04:45:43Z,23.50,56.56,83,0,23.77,100.96,35.00,631.00,null,null,null
2023-09-16T04:46:43Z,23.45,56.62,83,0,29.72,100.96,35.00,631.00,null,null,null
2023-09-16T04:47:43Z,23.47,56.64,83,0,26.24,100.96,35.00,631.00,0,0,0
2023-09-16T04:48:43Z,23.48,56.64,83,0,31.24,100.96,35.00,631.00,null,null,null
2023-09-16T04:49:43Z,23.48,56.57,83,0,27.49,100.97,35.00,631.00,null,null,null
2023-09-16T04:50:43Z,23.48,56.61,83,0,31.04,100.97,35.00,631.00,null,null,null
2023-09-16T04:51:43Z,23.48,56.61,83,0,39.82,100.97,35.00,631.00,null,null,null
2023-09-16T04:52:43Z,23.44,56.65,83,0,26.93,100.97,35.00,631.00,0,0,0
2023-09-16T04:53:43Z,23.47,56.64,83,0,27.77,100.97,35.00,631.00,null,null,null
2023-09-16T04:54:43Z,23.47,56.63,83,0,30.36,100.97,35.00,631.00,null,null,null
2023-09-16T04:55:43Z,23.48,56.64,83,0,28.54,100.97,35.00,631.00,null,null,null
2023-09-16T04:56:43Z,23.48,56.63,83,0,26.71,100.97,35.00,631.00,null,null,null
2023-09-16T04:57:43Z,23.47,56.66,83,0,27.92,100.97,35.00,631.00,0,0,0
2023-09-16T04:58:43Z,23.44,56.68,83,0,23.94,100.97,35.00,631.00,null,null,null
2023-09-16T04:59:43Z,23.47,56.65,83,0,32.63,100.97,35.00,631.00,null,null,null
2023-09-16T05:00:43Z,23.45,56.66,83,0,29.67,100.97,35.00,631.00,null,null,null
2023-09-16T05:01:43Z,23.44,56.65,83,0,31.67,100.97,35.00,631.00,null,null,null
2023-09-16T05:02:43Z,23.45,56.70,83,0,27.78,100.97,35.00,631.00,0,0,0
2023-09-16T05:03:43Z,23.44,56.68,83,0,32.04,100.98,35.00,631.00,null,null,null
2023-09-16T05:04:43Z,23.45,56.66,83,0,25.73,100.97,35.00,631.00,null,null,null
2023-09-16T05:05:43Z,23.45,56.72,83,0,26.87,100.97,35.00,631.00,null,null,null
2023-09-16T05:06:43Z,23.45,56.66,83,0,25.16,100.97,35.00,631.00,null,null,null
2023-09-16T05:07:43Z,23.41,56.72,83,0,27.10,100.97,35.00,631.00,0,0,0
2023-09-16T05:08:43Z,23.42,56.67,83,0,26.08,100.97,35.00,631.00,null,null,null
2023-09-16T05:09:43Z,23.45,56.68,83,0,34.17,100.98,35.00,631.00,null,null,null
2023-09-16T05:10:43Z,23.44,56.71,83,0,28.66,100.98,35.00,631.00,null,null,null
2023-09-16T05:11:43Z,23.45,56.71,83,0,30.85,100.98,35.00,631.00,null,null,null
2023-09-16T05:12:43Z,23.41,56.77,83,0,28.39,100.98,35.00,631.00,0,0,0
2023-09-16T05:13:43Z,23.44,56.67,83,0,28.64,100.98,34.00,626.00,null,null,null
2023-09-16T05:14:43Z,23.45,56.71,83,0,32.43,100.98,34.00,626.00,null,null,null
2023-09-16T05:15:43Z,23.42,56.75,83,0,30.42,100.98,34.00,626.00,null,null,null
2023-09-16T05:16:43Z,23.40,56.73,83,0,26.91,100.98,33.00,620.00,null,null,null
2023-09-16T05:17:43Z,23.41,56.77,83,0,33.85,100.98,33.00,620.00,0,0,0
2023-09-16T05:18:43Z,23.41,56.73,83,0,28.52,100.98,34.00,626.00,null,null,null
2023-09-16T05:19:43Z,23.42,56.77,83,0,33.82,100.98,35.00,631.00,null,null,null
2023-09-16T05:20:43Z,23.41,56.78,83,0,29.20,100.98,34.00,626.00,null,null,null
2023-09-16T05:21:43Z,23.40,56.76,83,0,28.51,100.98,34.00,626.00,null,null,null
2023-09-16T05:22:43Z,23.40,56.77,83,0,31.41,100.98,34.00,626.00,0,0,0
2023-09-16T05:23:43Z,23.41,56.77,83,0,28.73,100.98,33.00,620.00,null,null,null
2023-09-16T05:24:43Z,23.41,56.80,83,0,31.45,100.98,34.00,626.00,null,null,null
2023-09-16T05:25:43Z,23.40,56.81,83,0,30.57,100.97,34.00,626.00,null,null,null
2023-09-16T05:26:43Z,23.40,56.84,83,0,29.12,100.98,34.00,626.00,null,null,null
2023-09-16T05:27:43Z,23.38,56.81,83,0,25.92,100.98,34.00,626.00,0,0,0
2023-09-16T05:28:43Z,23.40,56.82,83,0,24.65,100.98,34.00,626.00,null,null,null
2023-09-16T05:29:43Z,23.38,56.80,83,0,27.84,100.98,34.00,626.00,null,null,null
2023-09-16T05:30:43Z,23.40,56.85,83,0,26.08,100.98,34.00,626.00,null,null,null
2023-09-16T05:31:43Z,23.38,56.86,83,0,25.41,100.98,34.00,626.00,null,null,null
2023-09-16T05:32:43Z,23.38,56.82,83,0,31.27,100.97,34.00,626.00,0,0,0
2023-09-16T05:33:43Z,23.37,56.87,83,0,26.67,100.98,34.00,626.00,null,null,null
2023-09-16T05:34:43Z,23.38,56.86,83,0,31.98,100.98,34.00,626.00,null,null,null
2023-09-16T05:35:43Z,23.37,56.87,83,0,29.65,100.98,34.00,626.00,null,null,null
2023-09-16T05:36:43Z,23.37,56.88,83,0,39.11,100.98,34.00,626.00,null,null,null
2023-09-16T05:37:43Z,23.37,56.88,83,0,30.78,100.98,34.00,626.00,0,0,0
2023-09-16T05:38:43Z,23.38,56.85,83,0,28.99,100.98,33.00,620.00,null,null,null
2023-09-16T05:39:43Z,23.37,56.87,83,0,32.34,100.98,33.00,620.00,null,null,null
2023-09-16T05:40:43Z,23.38,56.90,83,0,26.53,100.98,33.00,620.00,null,null,null
2023-09-16T05:41:43Z,23.36,56.87,83,0,28.55,100.98,34.00,626.00,null,null,null
2023-09-16T05:42:43Z,23.36,56.87,83,0,30.43,100.98,34.00,626.00,0,0,0
2023-09-16T05:43:43Z,23.40,56.90,83,0,30.61,100.98,34.00,626.00,null,null,null
2023-09-16T05:44:43Z,23.37,56.92,83,0,41.39,100.98,34.00,626.00,null,null,null
2023-09-16T05:45:43Z,23.37,56.90,83,0,29.80,100.98,33.00,620.00,null,null,null
2023-09-16T05:46:43Z,23.36,56.93,83,0,34.42,100.99,33.00,620.00,null,null,null
2023-09-16T05:47:43Z,23.34,56.98,83,0,33.36,100.98,33.00,620.00,0,0,0
2023-09-16T05:48:43Z,23.34,56.90,83,0,27.92,100.99,33.00,620.00,null,null,null
2023-09-16T05:49:43Z,23.36,56.94,83,0,31.11,100.99,33.00,620.00,null,null,null
2023-09-16T05:50:43Z,23.37,56.94,83,0,37.24,100.99,33.00,620.00,null,null,null
2023-09-16T05:51:43Z,23.36,56.94,83,0,26.50,100.99,33.00,620.00,null,null,null
2023-09-16T05:52:43Z,23.34,56.93,83,0,29.53,100.99,33.00,620.00,0,0,0
2023-09-16T05:53:43Z,23.37,56.97,83,0,25.13,100.99,33.00,617.00,null,null,null
2023-09-16T05:54:43Z,23.36,56.96,83,0,27.99,100.99,33.00,620.00,null,null,null
2023-09-16T05:55:43Z,23.34,56.95,83,0,31.70,100.99,33.00,617.00,null,null,null
2023-09-16T05:56:43Z,23.34,56.94,83,0,43.69,100.99,33.00,617.00,null,null,null
2023-09-16T05:57:43Z,23.34,56.97,83,0,27.47,100.99,33.00,620.00,0,0,0
2023-09-16T05:58:43Z,23.34,56.95,83,0,33.69,100.99,33.00,617.00,null,null,null
2023-09-16T05:59:43Z,23.33,56.98,83,0,27.85,100.99,33.00,620.00,null,null,null
2023-09-16T06:00:43Z,23.33,56.97,83,0,39.40,100.99,34.00,626.00,null,null,null
2023-09-16T06:01:43Z,23.30,57.02,83,0,27.26,101.00,33.00,620.00,null,null,null
2023-09-16T06:02:43Z,23.33,57.00,83,0,27.85,100.99,33.00,620.00,0,0,0
2023-09-16T06:03:43Z,23.31,56.99,83,0,28.23,101.00,33.00,617.00,null,null,null
2023-09-16T06:04:43Z,23.34,57.04,83,0,32.49,101.00,34.00,626.00,null,null,null
2023-09-16T06:05:43Z,23.33,56.96,83,0,28.91,101.00,33.00,620.00,null,null,null
2023-09-16T06:06:43Z,23.33,57.02,83,0,26.60,101.00,33.00,620.00,null,null,null
2023-09-16T06:07:43Z,23.31,57.04,82,0,27.66,101.00,33.00,620.00,0,0,0
2023-09-16T06:08:43Z,23.31,57.04,83,0,28.52,101.00,33.00,620.00,null,null,null
2023-09-16T06:09:43Z,23.30,57.04,82,0,30.85,101.00,33.00,620.00,null,null,null
2023-09-16T06:10:43Z,23.33,57.03,83,0,38.52,101.00,33.00,620.00,null,null,null
2023-09-16T06:11:43Z,23.30,57.06,83,0,31.19,101.00,33.00,617.00,null,null,null
2023-09-16T06:12:43Z,23.30,57.11,83,0,30.65,101.00,33.00,620.00,0,0,0
2023-09-16T06:13:43Z,23.33,57.04,82,0,28.54,101.01,33.00,617.00,null,null,null
2023-09-16T06:14:43Z,23.31,57.03,82,0,26.82,101.01,33.00,620.00,null,null,null
2023-09-16T06:15:43Z,23.31,57.08,83,0,28.22,101.00,33.00,617.00,null,null,null
2023-09-16T06:16:43Z,23.31,57.08,82,0,30.92,101.01,33.00,617.00,null,null,null
2023-09-16T06:17:43Z,23.29,57.06,83,0,35.07,101.00,33.00,617.00,0,0,0
2023-09-16T06:18:43Z,23.30,57.06,83,0,28.99,101.01,33.00,617.00,null,null,null
2023-09-16T06:19:43Z,23.30,57.05,82,0,42.90,101.01,33.00,617.00,null,null,null
2023-09-16T06:20:43Z,23.30,57.06,82,0,30.73,101.01,33.00,617.00,null,null,null
2023-09-16T06:21:43Z,23.31,57.09,82,0,30.75,101.01,33.00,620.00,null,null,null
2023-09-16T06:22:43Z,23.30,57.06,83,0,31.24,101.01,33.00,617.00,0,0,0
2023-09-16T06:23:43Z,23.27,57.07,82,0,31.83,101.02,33.00,617.00,null,null,null
2023-09-16T06:24:43Z,23.29,57.05,82,0,35.21,101.02,33.00,617.00,null,null,null
2023-09-16T06:25:43Z,23.30,57.10,82,0,30.71,101.02,33.00,617.00,null,null,null
2023-09-16T06:26:43Z,23.27,57.12,82,0,27.47,101.02,33.00,617.00,null,null,null
2023-09-16T06:27:43Z,23.29,57.16,82,0,29.36,101.01,33.00,617.00,0,0,0
2023-09-16T06:28:43Z,23.29,57.15,82,0,26.76,101.02,33.00,617.00,null,null,null
2023-09-16T06:29:43Z,23.31,57.14,82,0,34.57,101.02,33.00,617.00,null,null,null
2023-09-16T06:30:43Z,23.27,57.11,82,0,32.44,101.02,33.00,617.00,null,null,null
2023-09-16T06:31:43Z,23.27,57.17,82,0,31.78,101.02,33.00,620.00,null,null,null
2023-09-16T06:32:43Z,23.27,57.17,82,0,29.47,101.01,31.00,605.00,0,0,0
2023-09-16T06:33:43Z,23.27,57.19,82,0,34.13,101.02,31.00,605.00,null,null,null
2023-09-16T06:34:43Z,23.26,57.18,82,0,33.03,101.02,31.00,605.00,null,null,null
2023-09-16T06:35:43Z,23.26,57.16,82,0,26.95,101.02,33.00,617.00,null,null,null
2023-09-16T06:36:43Z,23.29,57.17,82,0,31.16,101.02,33.00,617.00,null,null,null
2023-09-16T06:37:43Z,23.26,57.21,82,0,31.74,101.02,33.00,620.00,0,0,0
2023-09-16T06:38:43Z,23.31,57.20,82,0,29.47,101.03,31.00,605.00,null,null,null
2023-09-16T06:39:43Z,23.29,57.19,82,0,29.35,101.03,33.00,617.00,null,null,null
2023-09-16T06:40:43Z,23.27,57.20,82,0,44.50,101.02,33.00,617.00,null,null,null
2023-09-16T06:41:43Z,23.29,57.20,82,0,30.23,101.03,33.00,617.00,null,null,null
2023-09-16T06:42:43Z,23.26,57.26,82,0,35.14,101.03,33.00,617.00,0,0,0
2023-09-16T06:43:43Z,23.29,57.23,82,0,29.58,101.03,30.00,599.00,null,null,null
2023-09-16T06:44:43Z,23.26,57.24,82,0,28.01,101.03,33.00,617.00,null,null,null
2023-09-16T06:45:43Z,23.24,57.23,82,0,27.18,101.03,33.00,617.00,null,null,null
2023-09-16T06:46:43Z,23.26,57.28,82,0,25.22,101.03,41.00,671.00,null,null,null
2023-09-16T06:47:43Z,23.24,57.29,82,0,26.31,101.03,32.00,611.00,0,0,0
2023-09-16T06:48:43Z,23.26,57.29,82,0,40.05,101.04,39.00,660.00,null,null,null
2023-09-16T06:49:43Z,23.27,57.26,82,0,29.47,101.04,32.00,611.00,null,null,null
2023-09-16T06:50:43Z,23.29,57.36,82,0,30.54,101.04,32.00,611.00,null,null,null
2023-09-16T06:51:43Z,23.26,57.30,82,0,25.62,101.04,32.00,611.00,null,null,null
2023-09-16T06:52:43Z,23.27,57.31,82,0,27.40,101.04,32.00,611.00,0,0,0
2023-09-16T06:53:43Z,23.27,57.31,82,0,38.25,101.04,30.00,599.00,null,null,null
2023-09-16T06:54:43Z,23.27,57.31,82,0,35.96,101.04,32.00,611.00,null,null,null
2023-09-16T06:55:43Z,23.26,57.34,82,0,28.52,101.04,32.00,611.00,null,null,null
2023-09-16T06:56:43Z,23.24,57.31,82,0,35.08,101.04,32.00,611.00,null,null,null
2023-09-16T06:57:43Z,23.26,57.35,82,0,36.57,101.03,39.00,660.00,0,0,0
2023-09-16T06:58:43Z,23.27,57.33,82,0,26.26,101.04,32.00,611.00,null,null,null
2023-09-16T06:59:43Z,23.26,57.37,82,0,33.20,101.04,32.00,611.00,null,null,null
2023-09-16T07:00:43Z,23.27,57.38,82,0,39.12,101.04,32.00,611.00,null,null,null
2023-09-16T07:01:43Z,23.24,57.40,82,0,32.17,101.04,32.00,614.00,null,null,null
2023-09-16T07:02:43Z,23.26,57.40,82,0,33.23,101.05,39.00,660.00,0,0,0
2023-09-16T07:03:43Z,23.24,57.41,82,0,36.17,101.05,32.00,611.00,null,null,null
2023-09-16T07:04:43Z,23.24,57.40,82,0,29.11,101.05,39.00,660.00,null,null,null
2023-09-16T07:05:43Z,23.27,57.39,82,0,30.10,101.05,39.00,660.00,null,null,null
2023-09-16T07:06:43Z,23.27,57.40,82,0,25.22,101.05,32.00,611.00,null,null,null
2023-09-16T07:07:43Z,23.26,57.41,81,0,29.68,101.05,32.00,611.00,0,0,0
2023-09-16T07:08:43Z,23.26,57.49,81,0,33.97,101.06,32.00,614.00,null,null,null
2023-09-16T07:09:43Z,23.26,57.42,81,0,31.15,101.06,32.00,611.00,null,null,null
2023-09-16T07:10:43Z,23.26,57.44,82,0,37.25,101.06,30.00,599.00,null,null,null
2023-09-16T07:11:43Z,23.27,57.46,82,0,27.80,101.06,30.00,599.00,null,null,null
2023-09-16T07:12:43Z,23.24,57.46,81,0,30.74,101.06,30.00,599.00,0,0,0
2023-09-16T07:13:43Z,23.26,57.45,81,0,28.74,101.06,30.00,599.00,null,null,null
2023-09-16T07:14:43Z,23.24,57.45,82,0,29.27,101.06,39.00,660.00,null,null,null
2023-09-16T07:15:43Z,23.26,57.44,81,0,30.32,101.05,39.00,660.00,null,null,null
2023-09-16T07:16:43Z,23.24,57.44,81,0,30.61,101.06,32.00,611.00,null,null,null
2023-09-16T07:17:43Z,23.24,57.46,82,0,30.31,101.06,39.00,660.00,0,0,0
2023-09-16T07:18:43Z,23.26,57.51,81,0,41.20,101.06,38.00,650.00,null,null,null
2023-09-16T07:19:43Z,23.26,57.51,81,0,31.67,101.06,32.00,611.00,null,null,null
2023-09-16T07:20:43Z,23.26,57.50,81,0,31.02,101.06,32.00,611.00,null,null,null
2023-09-16T07:21:43Z,23.29,57.49,81,0,25.65,101.07,32.00,614.00,null,null,null
2023-09-16T07:22:43Z,23.23,57.56,81,0,28.95,101.07,32.00,611.00,0,0,0
2023-09-16T07:23:43Z,23.26,57.52,81,0,27.85,101.07,39.00,660.00,null,null,null
2023-09-16T07:24:43Z,23.26,57.52,81,0,41.88,101.07,32.00,611.00,null,null,null
2023-09-16T07:25:43Z,23.27,57.52,81,0,30.01,101.08,32.00,611.00,null,null,null
2023-09-16T07:26:43Z,23.26,57.53,81,0,28.81,101.08,32.00,614.00,null,null,null
2023-09-16T07:27:43Z,23.26,57.61,81,0,28.02,101.08,32.00,611.00,0,0,0
2023-09-16T07:28:43Z,23.26,57.59,81,0,32.51,101.08,32.00,611.00,null,null,null
2023-09-16T07:29:43Z,23.27,57.55,81,0,42.61,101.08,32.00,614.00,null,null,null
2023-09-16T07:30:43Z,23.29,57.55,81,0,28.83,101.08,32.00,611.00,null,null,null
2023-09-16T07:31:43Z,23.27,57.58,81,0,33.76,101.08,32.00,611.00,null,null,null
2023-09-16T07:32:43Z,23.26,57.62,81,0,36.38,101.07,32.00,614.00,0,0,0
2023-09-16T07:33:43Z,23.29,57.61,81,0,26.06,101.08,32.00,611.00,null,null,null
2023-09-16T07:34:43Z,23.27,57.59,81,0,35.45,101.08,32.00,611.00,null,null,null
2023-09-16T07:35:43Z,23.29,57.62,81,0,42.69,101.08,32.00,614.00,null,null,null
2023-09-16T07:36:43Z,23.26,57.59,81,0,32.39,101.08,32.00,611.00,null,null,null
2023-09-16T07:37:43Z,23.27,57.59,81,0,26.89,101.08,32.00,611.00,0,0,0
2023-09-16T07:38:43Z,23.26,57.61,81,0,30.33,101.08,32.00,614.00,null,null,null
2023-09-16T07:39:43Z,23.29,57.62,81,0,29.22,101.08,32.00,611.00,null,null,null
2023-09-16T07:40:43Z,23.29,57.63,81,0,28.34,101.09,32.00,611.00,null,null,null
2023-09-16T07:41:43Z,23.29,57.61,81,0,26.64,101.09,32.00,611.00,null,null,null
2023-09-16T07:42:43Z,23.27,57.66,81,0,31.73,101.09,32.00,614.00,0,0,0
2023-09-16T07:43:43Z,23.29,57.70,81,0,29.80,101.09,32.00,611.00,null,null,null
2023-09-16T07:44:43Z,23.27,57.66,81,0,34.20,101.09,32.00,611.00,null,null,null
2023-09-16T07:45:43Z,23.29,57.71,81,0,27.42,101.09,32.00,614.00,null,null,null
2023-09-16T07:46:43Z,23.29,57.70,81,0,26.84,101.09,32.00,611.00,null,null,null
2023-09-16T07:47:43Z,23.27,57.74,81,0,30.01,101.09,32.00,611.00,0,0,0
2023-09-16T07:48:43Z,23.27,57.68,81,0,27.24,101.09,32.00,611.00,null,null,null
2023-09-16T07:49:43Z,23.31,57.68,81,0,28.88,101.09,32.00,611.00,null,null,null
2023-09-16T07:50:43Z,23.29,57.68,81,0,35.74,101.09,30.00,599.00,null,null,null
2023-09-16T07:51:43Z,23.26,57.75,81,0,30.22,101.09,30.00,599.00,null,null,null
2023-09-16T07:52:43Z,23.27,57.76,81,0,30.62,101.09,32.00,611.00,0,0,0
2023-09-16T07:53:43Z,23.30,57.80,81,0,40.06,101.09,30.00,602.00,null,null,null
2023-09-16T07:54:43Z,23.29,57.74,81,0,36.04,101.09,30.00,602.00,null,null,null
2023-09-16T07:55:43Z,23.30,57.77,81,0,30.87,101.10,32.00,614.00,null,null,null
2023-09-16T07:56:43Z,23.30,57.75,81,0,32.20,101.09,31.00,605.00,null,null,null
2023-09-16T07:57:43Z,23.27,57.84,81,0,45.67,101.10,30.00,602.00,0,0,0
2023-09-16T07:58:43Z,23.29,57.80,81,0,39.45,101.10,29.00,592.00,null,null,null
2023-09-16T07:59:43Z,23.30,57.77,81,0,31.68,101.10,31.00,605.00,null,null,null
2023-09-16T08:00:43Z,23.31,57.80,81,0,30.70,101.10,31.00,605.00,null,null,null
2023-09-16T08:01:43Z,23.30,57.80,81,0,28.23,101.10,30.00,602.00,null,null,null
2023-09-16T08:02:43Z,23.27,57.81,81,0,34.69,101.10,30.00,602.00,0,0,0
2023-09-16T08:03:43Z,23.33,57.87,81,0,29.21,101.10,30.00,602.00,null,null,null
2023-09-16T08:04:43Z,23.29,57.84,81,0,30.97,101.11,30.00,602.00,null,null,null
2023-09-16T08:05:43Z,23.30,57.88,81,0,35.63,101.10,30.00,602.00,null,null,null
2023-09-16T08:06:43Z,23.29,57.90,81,0,35.32,101.10,30.00,602.00,null,null,null
2023-09-16T08:07:43Z,23.30,57.95,81,0,29.81,101.10,30.00,602.00,0,0,0
2023-09-16T08:08:43Z,23.33,57.95,81,0,29.60,101.10,30.00,602.00,null,null,null
2023-09-16T08:09:43Z,23.34,57.90,81,0,31.38,101.10,30.00,602.00,null,null,null
2023-09-16T08:10:43Z,23.33,57.92,81,0,31.47,101.11,30.00,602.00,null,null,null
2023-09-16T08:11:43Z,23.34,57.94,81,0,24.50,101.10,30.00,602.00,null,null,null
2023-09-16T08:12:43Z,23.33,57.96,81,0,28.61,101.11,30.00,602.00,0,0,0
2023-09-16T08:13:43Z,23.34,57.94,81,0,28.78,101.10,30.00,602.00,null,null,null
2023-09-16T08:14:43Z,23.33,57.98,81,0,33.51,101.11,30.00,602.00,null,null,null
2023-09-16T08:15:43Z,23.37,58.02,81,0,29.68,101.11,30.00,602.00,null,null,null
2023-09-16T08:16:43Z,23.33,57.99,81,0,26.50,101.11,30.00,602.00,null,null,null
2023-09-16T08:17:43Z,23.36,58.04,81,0,30.64,101.11,30.00,602.00,0,0,0
2023-09-16T08:18:43Z,23.36,58.02,81,0,32.80,101.11,30.00,602.00,null,null,null
2023-09-16T08:19:43Z,23.36,58.00,81,0,28.54,101.11,30.00,602.00,null,null,null
2023-09-16T08:20:43Z,23.38,58.05,81,0,28.27,101.11,30.00,602.00,null,null,null
2023-09-16T08:21:43Z,23.36,58.07,81,0,29.60,101.11,30.00,602.00,null,null,null
2023-09-16T08:22:43Z,23.37,58.08,81,0,30.26,101.12,30.00,602.00,0,0,0
2023-09-16T08:23:43Z,23.38,58.08,81,0,25.53,101.11,30.00,602.00,null,null,null
2023-09-16T08:24:43Z,23.40,58.11,81,0,29.41,101.11,30.00,602.00,null,null,null
2023-09-16T08:25:43Z,23.40,58.10,81,0,30.80,101.11,30.00,602.00,null,null,null
2023-09-16T08:26:43Z,23.38,58.11,81,0,29.63,101.11,31.00,605.00,null,null,null
2023-09-16T08:27:43Z,23.40,58.15,81,0,25.29,101.11,31.00,605.00,0,0,0
2023-09-16T08:28:43Z,23.40,58.16,81,0,22.83,101.11,30.00,602.00,null,null,null
2023-09-16T08:29:43Z,23.40,58.15,81,0,30.46,101.11,30.00,602.00,null,null,null
2023-09-16T08:30:43Z,23.40,58.13,81,0,29.82,101.11,30.00,602.00,null,null,null
2023-09-16T08:31:43Z,23.42,58.19,81,0,36.26,101.11,31.00,605.00,null,null,null
2023-09-16T08:32:43Z,23.41,58.22,81,0,29.94,101.11,31.00,605.00,0,0,0
2023-09-16T08:33:43Z,23.44,58.21,81,0,28.47,101.11,30.00,602.00,null,null,null
2023-09-16T08:34:43Z,23.45,58.19,81,0,30.79,101.11,31.00,605.00,null,null,null
2023-09-16T08:35:43Z,23.44,58.23,81,0,40.75,101.11,32.00,612.00,null,null,null
2023-09-16T08:36:43Z,23.44,58.25,81,0,29.82,101.11,31.00,605.00,null,null,null
2023-09-16T08:37:43Z,23.44,58.29,81,0,35.89,101.11,30.00,603.00,0,0,0
2023-09-16T08:38:43Z,23.47,58.26,81,0,30.60,101.11,30.00,599.00,null,null,null
2023-09-16T08:39:43Z,23.47,58.31,81,0,32.59,101.11,30.00,599.00,null,null,null
2023-09-16T08:40:43Z,23.50,58.31,81,0,31.70,101.11,30.00,599.00,null,null,null
2023-09-16T08:41:43Z,23.50,58.34,81,0,28.40,101.11,30.00,603.00,null,null,null
2023-09-16T08:42:43Z,23.48,58.36,81,0,28.71,101.11,30.00,603.00,0,0,0
2023-09-16T08:43:43Z,23.50,58.39,81,0,29.38,101.11,30.00,603.00,null,null,null
2023-09-16T08:44:43Z,23.51,58.37,81,0,30.67,101.11,30.00,603.00,null,null,null
2023-09-16T08:45:43Z,23.51,58.44,81,0,41.96,101.11,30.00,603.00,null,null,null
2023-09-16T08:46:43Z,23.52,58.42,81,0,28.51,101.11,30.00,603.00,null,null,null
2023-09-16T08:47:43Z,23.54,58.46,81,0,31.13,101.11,30.00,603.00,0,0,0
2023-09-16T08:48:43Z,23.55,58.45,81,0,26.64,101.11,30.00,603.00,null,null,null
2023-09-16T08:49:43Z,23.55,58.47,81,0,36.82,101.11,30.00,603.00,null,null,null
2023-09-16T08:50:43Z,23.57,58.48,81,0,30.44,101.11,30.00,603.00,null,null,null
2023-09-16T08:51:43Z,23.57,58.50,81,0,26.46,101.12,30.00,603.00,null,null,null
2023-09-16T08:52:43Z,23.58,58.54,81,0,28.19,101.11,30.00,603.00,0,0,0
2023-09-16T08:53:43Z,23.58,58.57,81,0,31.11,101.11,30.00,603.00,null,null,null
2023-09-16T08:54:43Z,23.60,58.56,81,0,29.65,101.11,30.00,603.00,null,null,null
2023-09-16T08:55:43Z,23.61,58.59,81,0,31.44,101.11,30.00,603.00,null,null,null
2023-09-16T08:56:43Z,23.64,58.61,81,0,28.17,101.11,30.00,603.00,null,null,null
2023-09-16T08:57:43Z,23.61,58.64,81,0,34.37,101.12,30.00,603.00,0,0,0
2023-09-16T08:58:43Z,23.62,58.63,81,0,25.92,101.12,32.00,612.00,null,null,null
2023-09-16T08:59:43Z,23.67,58.62,81,0,33.47,101.12,32.00,612.00,null,null,null
2023-09-16T09:00:43Z,23.68,58.65,81,0,33.91,101.12,32.00,612.00,null,null,null
2023-09-16T09:01:43Z,23.67,58.67,81,0,34.40,101.11,32.00,612.00,null,null,null
2023-09-16T09:02:43Z,23.67,58.74,81,0,37.47,101.12,32.00,612.00,0,0,0
2023-09-16T09:03:43Z,23.69,58.69,81,0,37.36,101.11,32.00,612.00,null,null,null
2023-09-16T09:04:43Z,23.72,58.76,81,0,35.85,101.11,32.00,612.00,null,null,null
2023-09-16T09:05:43Z,23.71,58.74,80,0,30.74,101.11,32.00,614.00,null,null,null
2023-09-16T09:06:43Z,23.74,58.75,81,0,27.16,101.11,33.00,618.00,null,null,null
2023-09-16T09:07:43Z,23.72,58.80,81,0,30.31,101.11,31.00,605.00,0,0,0
2023-09-16T09:08:43Z,23.75,58.77,81,0,43.10,101.12,31.00,605.00,null,null,null
2023-09-16T09:09:43Z,23.78,58.80,80,0,40.24,101.11,31.00,605.00,null,null,null
2023-09-16T09:10:43Z,23.80,58.81,81,0,34.49,101.11,25.00,565.00,null,null,null
2023-09-16T09:11:43Z,23.80,58.88,81,0,32.21,101.12,25.00,565.00,null,null,null
2023-09-16T09:12:43Z,23.81,58.91,81,0,42.44,101.11,25.00,565.00,0,0,0
2023-09-16T09:13:43Z,23.81,58.90,80,0,32.89,101.11,23.00,556.00,null,null,null
2023-09-16T09:14:43Z,23.85,58.94,80,0,30.72,101.11,25.00,570.00,null,null,null
2023-09-16T09:15:43Z,23.85,58.94,80,0,28.39,101.11,25.00,570.00,null,null,null
2023-09-16T09:16:43Z,23.87,58.95,81,0,28.22,101.11,25.00,570.00,null,null,null
2023-09-16T09:17:43Z,23.85,58.97,81,0,28.44,101.11,25.00,570.00,0,0,0
2023-09-16T09:18:43Z,23.88,59.02,80,0,31.20,101.11,25.00,565.00,null,null,null
2023-09-16T09:19:43Z,23.92,59.02,81,0,34.37,101.11,25.00,570.00,null,null,null
2023-09-16T09:20:43Z,23.91,59.02,80,0,31.89,101.11,25.00,570.00,null,null,null
2023-09-16T09:21:43Z,23.92,59.02,80,0,30.63,101.11,26.00,575.00,null,null,null
2023-09-16T09:22:43Z,23.92,59.07,81,0,32.61,101.11,26.00,575.00,0,0,0
2023-09-16T09:23:43Z,23.96,59.06,80,0,34.57,101.12,26.00,575.00,null,null,null
2023-09-16T09:24:43Z,23.99,59.08,80,0,26.29,101.11,26.00,575.00,null,null,null
2023-09-16T09:25:43Z,23.98,59.16,81,0,31.04,101.12,26.00,575.00,null,null,null
2023-09-16T09:26:43Z,24.02,59.10,80,0,32.00,101.11,26.00,575.00,null,null,null
2023-09-16T09:27:43Z,23.98,59.14,81,0,28.77,101.11,26.00,575.00,0,0,0
2023-09-16T09:28:43Z,24.05,59.18,80,0,27.40,101.11,26.00,575.00,null,null,null
2023-09-16T09:29:43Z,24.06,59.20,80,0,28.12,101.12,27.00,578.00,null,null,null
2023-09-16T09:30:43Z,24.08,59.19,80,0,27.96,101.12,27.00,578.00,null,null,null
2023-09-16T09:31:43Z,24.09,59.25,80,0,28.92,101.12,27.00,578.00,null,null,null
2023-09-16T09:32:43Z,24.10,59.27,81,0,27.99,101.11,27.00,578.00,0,0,0
2023-09-16T09:33:43Z,24.12,59.28,80,0,30.06,101.12,27.00,578.00,null,null,null
2023-09-16T09:34:43Z,24.13,59.29,80,0,29.33,101.12,27.00,578.00,null,null,null
2023-09-16T09:35:43Z,24.15,59.35,80,0,27.73,101.12,27.00,578.00,null,null,null
2023-09-16T09:36:43Z,24.15,59.38,80,0,33.55,101.12,27.00,578.00,null,null,null
2023-09-16T09:37:43Z,24.18,59.38,80,0,30.44,101.12,28.00,586.00,0,0,0
2023-09-16T09:38:43Z,24.22,59.39,80,0,26.67,101.12,28.00,586.00,null,null,null
2023-09-16T09:39:43Z,24.23,59.41,80,0,32.69,101.12,29.00,592.00,null,null,null
2023-09-16T09:40:43Z,24.24,59.44,80,0,27.14,101.12,29.00,592.00,null,null,null
2023-09-16T09:41:43Z,24.23,59.43,80,0,29.97,101.12,29.00,592.00,null,null,null
2023-09-16T09:42:43Z,24.29,59.51,80,0,31.64,101.12,29.00,592.00,0,0,0
2023-09-16T09:43:43Z,24.32,59.52,80,0,26.34,101.12,27.00,580.00,null,null,null
2023-09-16T09:44:43Z,24.33,59.54,80,0,37.28,101.12,28.00,589.00,null,null,null
2023-09-16T09:45:43Z,24.35,59.56,80,0,29.78,101.12,27.00,580.00,null,null,null
2023-09-16T09:46:43Z,24.38,59.61,80,0,35.43,101.12,28.00,589.00,null,null,null
2023-09-16T09:47:43Z,24.35,59.63,80,0,27.51,101.12,27.00,580.00,0,0,0
2023-09-16T09:48:43Z,24.40,59.61,80,0,27.10,101.11,27.00,580.00,null,null,null
2023-09-16T09:49:43Z,24.43,59.65,80,0,34.71,101.12,28.00,589.00,null,null,null
2023-09-16T09:50:43Z,24.40,59.66,80,0,29.95,101.12,28.00,589.00,null,null,null
2023-09-16T09:51:43Z,24.45,59.69,80,0,24.89,101.11,28.00,589.00,null,null,null
2023-09-16T09:52:43Z,24.46,59.70,80,0,30.29,101.12,28.00,589.00,0,0,0
2023-09-16T09:53:43Z,24.47,59.77,80,0,30.84,101.11,28.00,589.00,null,null,null
2023-09-16T09:54:43Z,24.51,59.76,80,0,32.66,101.11,28.00,588.00,null,null,null
2023-09-16T09:55:43Z,24.53,59.83,80,0,29.89,101.11,29.00,594.00,null,null,null
2023-09-16T09:56:43Z,24.54,59.83,80,0,30.49,101.11,29.00,594.00,null,null,null
2023-09-16T09:57:43Z,24.57,59.85,80,0,30.74,101.11,29.00,594.00,0,0,0
2023-09-16T09:58:43Z,24.60,59.89,80,0,27.97,101.11,28.00,588.00,null,null,null
2023-09-16T09:59:43Z,24.63,59.93,80,0,32.70,101.11,30.00,599.00,null,null,null
2023-09-16T10:00:43Z,24.66,59.95,80,0,32.99,101.11,30.00,599.00,null,null,null
2023-09-16T10:01:43Z,24.66,60.00,80,0,32.58,101.11,30.00,599.00,null,null,null
2023-09-16T10:02:43Z,24.67,60.00,80,0,31.97,101.11,31.00,607.00,0,0,0
2023-09-16T10:03:43Z,24.70,60.06,80,0,27.73,101.11,31.00,607.00,null,null,null
2023-09-16T10:04:43Z,24.73,60.07,80,0,32.80,101.10,31.00,607.00,null,null,null
2023-09-16T10:05:43Z,24.75,60.13,80,0,33.56,101.11,32.00,614.00,null,null,null
2023-09-16T10:06:43Z,24.78,60.16,80,0,24.89,101.11,25.00,570.00,null,null,null
2023-09-16T10:07:43Z,24.80,60.23,80,0,37.04,101.11,25.00,570.00,0,0,0
2023-09-16T10:08:43Z,24.86,60.25,80,0,29.88,101.11,25.00,570.00,null,null,null
2023-09-16T10:09:43Z,24.88,60.28,80,0,34.37,101.11,26.00,572.00,null,null,null
2023-09-16T10:10:43Z,24.91,60.34,80,0,31.20,101.10,26.00,572.00,null,null,null
2023-09-16T10:11:43Z,24.93,60.43,80,0,32.28,101.10,26.00,572.00,null,null,null
2023-09-16T10:12:43Z,24.97,60.46,80,0,30.08,101.10,26.00,572.00,0,0,0
2023-09-16T10:13:43Z,24.97,60.53,80,0,32.85,101.10,26.00,575.00,null,null,null
2023-09-16T10:14:43Z,25.02,60.55,80,0,32.25,101.10,27.00,581.00,null,null,null
2023-09-16T10:15:43Z,25.05,60.61,80,0,29.57,101.09,27.00,581.00,null,null,null
2023-09-16T10:16:43Z,25.09,60.71,80,0,31.76,101.09,27.00,581.00,null,null,null
2023-09-16T10:17:43Z,25.12,60.79,80,0,28.70,101.10,28.00,589.00,0,0,0
2023-09-16T10:18:43Z,25.17,60.80,80,0,39.91,101.09,27.00,581.00,null,null,null
2023-09-16T10:19:43Z,25.19,60.87,80,0,32.67,101.10,28.00,589.00,null,null,null
2023-09-16T10:20:43Z,25.24,60.97,80,0,27.38,101.10,28.00,589.00,null,null,null
2023-09-16T10:21:43Z,25.26,60.98,80,0,30.62,101.10,29.00,594.00,null,null,null
2023-09-16T10:22:43Z,25.29,61.12,80,0,29.97,101.10,28.00,588.00,0,0,0
2023-09-16T10:23:43Z,25.35,61.20,80,0,25.06,101.10,28.00,588.00,null,null,null
2023-09-16T10:24:43Z,25.37,61.27,80,0,43.64,101.11,29.00,592.00,null,null,null
2023-09-16T10:25:43Z,25.42,61.33,80,0,30.01,101.11,28.00,586.00,null,null,null
2023-09-16T10:26:43Z,25.46,61.40,80,0,29.91,101.11,29.00,592.00,null,null,null
2023-09-16T10:27:43Z,25.51,61.54,80,0,29.89,101.11,29.00,596.00,0,0,0
2023-09-16T10:28:43Z,25.56,61.55,80,0,32.03,101.11,29.00,596.00,null,null,null
2023-09-16T10:29:43Z,25.59,61.66,80,0,29.33,101.11,32.00,614.00,null,null,null
2023-09-16T10:30:43Z,25.63,61.77,80,0,28.50,101.11,32.00,614.00,null,null,null
2023-09-16T10:31:43Z,25.68,61.81,80,0,25.19,101.11,30.00,597.00,null,null,null
2023-09-16T10:32:43Z,25.72,61.92,80,0,32.74,101.11,31.00,607.00,0,0,0
2023-09-16T10:33:43Z,25.79,62.02,80,0,26.80,101.11,31.00,607.00,null,null,null
2023-09-16T10:34:43Z,25.81,62.09,80,0,32.10,101.11,31.00,607.00,null,null,null
2023-09-16T10:35:43Z,25.87,62.22,80,0,28.70,101.11,25.00,569.00,null,null,null
2023-09-16T10:36:43Z,25.93,62.30,80,0,33.79,101.12,25.00,569.00,null,null,null
2023-09-16T10:37:43Z,26.02,62.41,80,0,28.22,101.11,28.00,584.00,0,0,0
2023-09-16T10:38:43Z,26.04,62.45,80,0,29.09,101.11,26.00,577.00,null,null,null
2023-09-16T10:39:43Z,26.13,62.54,80,0,36.11,101.11,28.00,589.00,null,null,null
2023-09-16T10:40:43Z,26.18,62.68,80,0,28.66,101.11,28.00,589.00,null,null,null
2023-09-16T10:41:43Z,26.24,62.77,80,0,26.73,101.11,29.00,596.00,null,null,null
2023-09-16T10:42:43Z,26.31,62.81,80,0,31.43,101.11,29.00,596.00,0,0,0
2023-09-16T10:43:43Z,26.35,62.94,79,0,33.52,101.12,23.00,551.00,null,null,null
2023-09-16T10:44:43Z,26.45,63.00,79,0,31.35,101.12,25.00,565.00,null,null,null
2023-09-16T10:45:43Z,26.48,63.09,80,0,30.83,101.11,25.00,569.00,null,null,null
2023-09-16T10:46:43Z,26.55,63.19,80,0,24.93,101.12,25.00,569.00,null,null,null
2023-09-16T10:47:43Z,26.59,63.27,79,0,29.92,101.12,26.00,577.00,0,0,0
2023-09-16T10:48:43Z,26.71,63.35,80,0,28.42,101.12,26.00,577.00,null,null,null
2023-09-16T10:49:43Z,26.78,63.45,79,0,35.29,101.12,27.00,581.00,null,null,null
2023-09-16T10:50:43Z,26.83,63.58,79,0,30.86,101.12,29.00,591.00,null,null,null
2023-09-16T10:51:43Z,26.89,63.62,79,0,29.35,101.12,30.00,597.00,null,null,null
2023-09-16T10:52:43Z,26.97,63.79,79,0,29.37,101.12,30.00,603.00,0,0,0
2023-09-16T10:53:43Z,27.06,63.85,79,0,32.14,101.12,27.00,578.00,null,null,null
2023-09-16T10:54:43Z,27.15,63.98,79,0,39.75,101.11,31.00,605.00,null,null,null
2023-09-16T10:55:43Z,27.22,64.13,79,0,40.62,101.11,32.00,614.00,null,null,null
2023-09-16T10:56:43Z,27.27,64.28,79,0,33.52,101.11,33.00,620.00,null,null,null
2023-09-16T10:57:43Z,27.34,64.40,79,0,28.74,101.11,23.00,555.00,0,0,0
2023-09-16T10:58:43Z,27.46,64.49,79,0,31.88,101.11,27.00,581.00,null,null,null
2023-09-16T10:59:43Z,27.56,64.61,79,0,36.31,101.11,29.00,596.00,null,null,null
2023-09-16T11:00:43Z,27.63,64.73,79,0,34.16,101.11,27.00,581.00,null,null,null
2023-09-16T11:01:43Z,27.73,64.85,79,0,33.58,101.11,32.00,612.00,null,null,null
2023-09-16T11:02:43Z,27.81,65.00,79,0,28.67,101.11,30.00,603.00,0,0,0
2023-09-16T11:03:43Z,27.91,65.06,79,0,33.05,101.11,26.00,572.00,null,null,null
2023-09-16T11:04:43Z,27.99,65.15,79,0,31.23,101.11,28.00,588.00,null,null,null
2023-09-16T11:05:43Z,28.09,65.22,79,0,30.89,101.10,29.00,594.00,null,null,null
2023-09-16T11:06:43Z,28.21,65.33,79,0,32.42,101.10,29.00,594.00,null,null,null
2023-09-16T11:07:43Z,28.26,65.38,79,0,34.02,101.11,27.00,581.00,0,0,0
2023-09-16T11:08:43Z,28.38,65.38,79,0,34.31,101.11,32.00,615.00,null,null,null
2023-09-16T11:09:43Z,28.47,65.48,79,0,31.26,101.11,33.00,623.00,null,null,null
2023-09-16T11:10:43Z,28.56,65.50,79,0,27.30,101.11,34.00,629.00,null,null,null
2023-09-16T11:11:43Z,28.63,65.55,79,0,28.68,101.11,36.00,638.00,null,null,null
2023-09-16T11:12:43Z,28.74,65.60,79,0,31.40,101.11,37.00,645.00,0,0,0
2023-09-16T11:13:43Z,28.84,65.62,79,0,39.02,101.10,38.00,652.00,null,null,null
2023-09-16T11:14:43Z,28.93,65.60,79,0,34.80,101.10,32.00,612.00,null,null,null
2023-09-16T11:15:43Z,29.01,65.57,79,0,29.46,101.10,32.00,612.00,null,null,null
2023-09-16T11:16:43Z,29.13,65.59,79,0,33.67,101.09,34.00,626.00,null,null,null
2023-09-16T11:17:43Z,29.21,65.58,79,0,31.55,101.09,34.00,626.00,0,0,0
2023-09-16T11:18:43Z,29.32,65.53,79,0,28.93,101.09,36.00,640.00,null,null,null
2023-09-16T11:19:43Z,29.38,65.58,79,0,42.13,101.10,33.00,617.00,null,null,null
2023-09-16T11:20:43Z,29.47,65.56,79,0,29.95,101.10,34.00,624.00,null,null,null
2023-09-16T11:21:43Z,29.54,65.54,79,0,28.89,101.10,35.00,634.00,null,null,null
2023-09-16T11:22:43Z,29.63,65.54,79,0,32.04,101.10,35.00,634.00,0,0,0
2023-09-16T11:23:43Z,29.72,65.49,79,0,36.25,101.10,37.00,649.00,null,null,null
2023-09-16T11:24:43Z,29.82,65.43,79,0,33.00,101.11,39.00,659.00,null,null,null
2023-09-16T11:25:43Z,29.92,65.45,79,0,24.96,101.11,32.00,611.00,null,null,null
2023-09-16T11:26:43Z,30.00,65.40,79,0,28.60,101.11,33.00,617.00,null,null,null
2023-09-16T11:27:43Z,30.06,65.32,79,0,30.69,101.12,34.00,624.00,0,0,0
2023-09-16T11:28:43Z,30.13,65.31,79,0,29.40,101.12,35.00,631.00,null,null,null
2023-09-16T11:29:43Z,30.24,65.28,79,0,29.23,101.12,35.00,631.00,null,null,null
2023-09-16T11:30:43Z,30.30,65.27,79,0,28.36,101.12,36.00,641.00,null,null,null
2023-09-16T11:31:43Z,30.37,65.23,79,0,32.12,101.11,29.00,594.00,null,null,null
2023-09-16T11:32:43Z,30.43,65.16,79,0,28.11,101.10,31.00,605.00,0,0,0
2023-09-16T11:33:43Z,30.54,65.10,79,0,35.77,101.10,32.00,614.00,null,null,null
2023-09-16T11:34:43Z,30.61,65.05,79,0,31.41,101.10,32.00,614.00,null,null,null
2023-09-16T11:35:43Z,30.71,64.99,79,0,30.92,101.11,33.00,623.00,null,null,null
2023-09-16T11:36:43Z,30.74,64.94,79,0,35.60,101.12,33.00,623.00,null,null,null
2023-09-16T11:37:43Z,30.80,64.91,79,0,38.19,101.12,34.00,629.00,0,0,0
2023-09-16T11:38:43Z,30.91,64.87,79,0,31.25,101.11,32.00,612.00,null,null,null
2023-09-16T11:39:43Z,30.97,64.78,79,0,41.46,101.12,34.00,627.00,null,null,null
2023-09-16T11:40:43Z,31.05,64.73,79,0,28.64,101.12,34.00,627.00,null,null,null
2023-09-16T11:41:43Z,31.11,64.65,79,0,29.86,101.12,37.00,643.00,null,null,null
2023-09-16T11:42:43Z,31.18,64.63,79,0,36.10,101.11,37.00,643.00,0,0,0
2023-09-16T11:43:43Z,31.25,64.54,79,0,29.35,101.11,37.00,643.00,null,null,null
2023-09-16T11:44:43Z,31.33,64.46,79,0,34.99,101.12,30.00,603.00,null,null,null
2023-09-16T11:45:43Z,31.38,64.39,79,0,35.71,101.11,30.00,603.00,null,null,null
2023-09-16T11:46:43Z,31.45,64.31,79,0,34.08,101.11,32.00,612.00,null,null,null
2023-09-16T11:47:43Z,31.50,64.24,79,0,31.13,101.11,32.00,612.00,0,0,0
2023-09-16T11:48:43Z,31.57,64.17,79,0,34.23,101.10,32.00,615.00,null,null,null
2023-09-16T11:49:43Z,31.63,64.04,79,0,32.12,101.11,34.00,626.00,null,null,null
2023-09-16T11:50:43Z,31.70,63.96,79,0,28.19,101.11,34.00,626.00,null,null,null
2023-09-16T11:51:43Z,31.73,63.88,79,0,29.07,101.11,35.00,634.00,null,null,null
2023-09-16T11:52:43Z,31.83,63.79,79,0,24.03,101.11,35.00,634.00,0,0,0
2023-09-16T11:53:43Z,31.87,63.71,79,0,38.68,101.11,29.00,591.00,null,null,null
2023-09-16T11:54:43Z,31.93,63.49,79,0,33.62,101.11,30.00,602.00,null,null,null
2023-09-16T11:55:43Z,31.96,63.36,79,0,34.87,101.11,30.00,602.00,null,null,null
2023-09-16T11:56:43Z,32.03,63.14,79,0,28.54,101.10,30.00,602.00,null,null,null
2023-09-16T11:57:43Z,32.04,63.02,79,0,28.84,101.10,32.00,611.00,0,0,0
2023-09-16T11:58:43Z,32.10,62.85,79,0,33.14,101.11,32.00,611.00,null,null,null
2023-09-16T11:59:43Z,32.14,62.68,79,0,33.21,101.12,33.00,617.00,null,null,null
2023-09-16T12:00:43Z,32.20,62.50,79,0,31.07,101.12,33.00,617.00,null,null,null
2023-09-16T12:01:43Z,32.21,62.36,79,0,26.57,101.12,34.00,624.00,null,null,null
2023-09-16T12:02:43Z,32.23,62.26,79,0,31.30,101.12,34.00,624.00,0,0,0
2023-09-16T12:03:43Z,32.26,62.18,79,0,31.47,101.12,34.00,624.00,null,null,null
2023-09-16T12:04:43Z,32.31,62.01,79,0,32.61,101.12,36.00,640.00,null,null,null
2023-09-16T12:05:43Z,32.30,61.88,79,0,39.32,101.12,34.00,629.00,null,null,null
2023-09-16T12:06:43Z,32.33,61.73,79,0,34.37,101.12,34.00,629.00,null,null,null
2023-09-16T12:07:43Z,32.37,61.62,79,0,26.93,101.12,35.00,634.00,0,0,0
2023-09-16T12:08:43Z,32.39,61.52,79,0,28.66,101.12,35.00,634.00,null,null,null
2023-09-16T12:09:43Z,32.41,61.45,79,0,31.88,101.12,35.00,634.00,null,null,null
2023-09-16T12:10:43Z,32.44,61.36,79,0,30.78,101.12,35.00,634.00,null,null,null
2023-09-16T12:11:43Z,32.44,61.30,79,0,24.46,101.12,35.00,634.00,null,null,null
2023-09-16T12:12:43Z,32.45,61.23,79,0,34.26,101.12,35.00,634.00,0,0,0
2023-09-16T12:13:43Z,32.48,61.21,79,0,34.44,101.12,35.00,634.00,null,null,null
2023-09-16T12:14:43Z,32.54,61.08,79,0,35.05,101.11,35.00,634.00,null,null,null
2023-09-16T12:15:43Z,32.52,61.02,79,0,30.07,101.11,35.00,634.00,null,null,null
2023-09-16T12:16:43Z,32.57,60.98,79,0,32.31,101.11,35.00,634.00,null,null,null
2023-09-16T12:17:43Z,32.58,60.90,79,0,29.89,101.11,35.00,634.00,0,0,0
2023-09-16T12:18:43Z,32.61,60.89,79,0,33.21,101.11,35.00,634.00,null,null,null
2023-09-16T12:19:43Z,32.64,60.74,79,0,36.60,101.11,35.00,634.00,null,null,null
2023-09-16T12:20:43Z,32.65,60.62,79,0,29.72,101.11,36.00,641.00,null,null,null
2023-09-16T12:21:43Z,32.66,60.43,79,0,30.12,101.11,36.00,641.00,null,null,null
2023-09-16T12:22:43Z,32.69,60.28,79,0,35.71,101.11,36.00,641.00,0,0,0
2023-09-16T12:23:43Z,32.71,60.15,79,0,32.64,101.11,36.00,641.00,null,null,null
2023-09-16T12:24:43Z,32.69,59.89,79,0,35.63,101.11,37.00,646.00,null,null,null
2023-09-16T12:25:43Z,32.71,59.71,79,0,36.04,101.11,36.00,637.00,null,null,null
2023-09-16T12:26:43Z,32.69,59.51,79,0,42.79,101.11,37.00,643.00,null,null,null
2023-09-16T12:27:43Z,32.68,59.27,79,0,35.10,101.11,37.00,643.00,0,0,0
2023-09-16T12:28:43Z,32.68,59.11,79,0,32.76,101.11,36.00,637.00,null,null,null
2023-09-16T12:29:43Z,32.66,58.86,79,0,35.48,101.11,36.00,637.00,null,null,null
2023-09-16T12:30:43Z,32.65,58.70,79,0,31.93,101.11,36.00,637.00,null,null,null
2023-09-16T12:31:43Z,32.59,58.59,79,0,43.09,101.11,34.00,629.00,null,null,null
2023-09-16T12:32:43Z,32.59,58.56,79,0,35.60,101.11,34.00,629.00,0,0,0
2023-09-16T12:33:43Z,32.57,58.52,79,0,33.93,101.11,33.00,623.00,null,null,null
2023-09-16T12:34:43Z,32.57,58.45,79,0,40.45,101.11,33.00,623.00,null,null,null
2023-09-16T12:35:43Z,32.55,58.41,79,0,28.25,101.10,32.00,615.00,null,null,null
2023-09-16T12:36:43Z,32.55,58.39,79,0,29.64,101.10,32.00,615.00,null,null,null
2023-09-16T12:37:43Z,32.51,58.38,79,0,29.42,101.10,32.00,615.00,0,0,0
2023-09-16T12:38:43Z,32.51,58.37,79,0,27.69,101.10,32.00,615.00,null,null,null
2023-09-16T12:39:43Z,32.49,58.31,79,0,32.21,101.11,31.00,605.00,null,null,null
2023-09-16T12:40:43Z,32.52,58.22,79,0,28.96,101.11,31.00,605.00,null,null,null
2023-09-16T12:41:43Z,32.48,58.19,79,0,32.08,101.11,32.00,614.00,null,null,null
2023-09-16T12:42:43Z,32.45,58.19,79,0,41.30,101.10,32.00,614.00,0,0,0
2023-09-16T12:43:43Z,32.47,58.15,79,0,31.79,101.10,30.00,602.00,null,null,null
2023-09-16T12:44:43Z,32.47,58.06,79,0,32.02,101.10,30.00,602.00,null,null,null
2023-09-16T12:45:43Z,32.47,58.04,79,0,28.77,101.10,30.00,602.00,null,null,null
2023-09-16T12:46:43Z,32.45,57.95,79,0,31.06,101.10,29.00,596.00,null,null,null
2023-09-16T12:47:43Z,32.44,57.91,79,0,27.22,101.10,29.00,596.00,0,0,0
2023-09-16T12:48:43Z,32.48,57.91,79,0,31.63,101.10,29.00,596.00,null,null,null
2023-09-16T12:49:43Z,32.44,57.81,79,0,28.51,101.10,29.00,596.00,null,null,null
2023-09-16T12:50:43Z,32.44,57.75,79,0,36.50,101.10,29.00,596.00,null,null,null
2023-09-16T12:51:43Z,32.45,57.78,79,0,38.97,101.10,29.00,596.00,null,null,null
2023-09-16T12:52:43Z,32.44,57.73,79,0,29.57,101.10,28.00,589.00,0,0,0
2023-09-16T12:53:43Z,32.44,57.69,79,0,29.74,101.11,29.00,596.00,null,null,null
2023-09-16T12:54:43Z,32.45,57.58,79,0,31.70,101.11,29.00,596.00,null,null,null
2023-09-16T12:55:43Z,32.44,57.53,79,0,30.52,101.11,29.00,596.00,null,null,null
2023-09-16T12:56:43Z,32.42,57.48,79,0,28.52,101.10,29.00,596.00,null,null,null
2023-09-16T12:57:43Z,32.42,57.40,79,0,31.90,101.10,28.00,588.00,0,0,0
2023-09-16T12:58:43Z,32.44,57.42,79,0,27.44,101.10,29.00,596.00,null,null,null
2023-09-16T12:59:43Z,32.41,57.25,79,0,32.08,101.10,28.00,588.00,null,null,null
2023-09-16T13:00:43Z,32.45,57.19,79,0,30.90,101.10,28.00,588.00,null,null,null
2023-09-16T13:01:43Z,32.42,57.09,79,0,30.21,101.10,28.00,586.00,null,null,null
2023-09-16T13:02:43Z,32.42,56.97,79,0,35.34,101.10,28.00,586.00,0,0,0
2023-09-16T13:03:43Z,32.41,56.93,79,0,37.46,101.09,28.00,586.00,null,null,null
2023-09-16T13:04:43Z,32.41,56.84,78,0,33.74,101.10,28.00,586.00,null,null,null
2023-09-16T13:05:43Z,32.39,56.75,79,0,30.62,101.10,27.00,578.00,null,null,null
2023-09-16T13:06:43Z,32.37,56.63,78,0,30.22,101.10,27.00,578.00,null,null,null
2023-09-16T13:07:43Z,32.34,56.54,79,0,31.05,101.10,26.00,574.00,0,0,0
2023-09-16T13:08:43Z,32.33,56.47,79,0,30.52,101.10,26.00,574.00,null,null,null
2023-09-16T13:09:43Z,32.31,56.34,79,0,33.42,101.10,26.00,574.00,null,null,null
2023-09-16T13:10:43Z,32.30,56.26,79,0,28.99,101.10,25.00,567.00,null,null,null
2023-09-16T13:11:43Z,32.26,56.16,78,0,33.27,101.09,25.00,567.00,null,null,null
2023-09-16T13:12:43Z,32.23,56.11,78,0,32.42,101.09,25.00,567.00,0,0,0
2023-09-16T13:13:43Z,32.24,56.03,78,0,28.09,101.10,25.00,565.00,null,null,null
2023-09-16T13:14:43Z,32.20,55.96,79,0,33.30,101.09,25.00,565.00,null,null,null
2023-09-16T13:15:43Z,32.17,55.89,78,0,30.25,101.09,23.00,556.00,null,null,null
2023-09-16T13:16:43Z,32.16,55.82,79,0,28.02,101.09,23.00,556.00,null,null,null
2023-09-16T13:17:43Z,32.11,55.83,79,0,33.56,101.08,23.00,556.00,0,0,0
2023-09-16T13:18:43Z,32.10,55.83,78,0,34.15,101.09,23.00,556.00,null,null,null
2023-09-16T13:19:43Z,32.08,55.75,78,0,34.61,101.09,23.00,551.00,null,null,null
2023-09-16T13:20:43Z,32.04,55.67,78,0,36.71,101.08,21.00,542.00,null,null,null
2023-09-16T13:21:43Z,32.03,55.72,78,0,35.27,101.09,22.00,546.00,null,null,null
2023-09-16T13:22:43Z,32.01,55.66,79,0,36.28,101.08,22.00,546.00,0,0,0
2023-09-16T13:23:43Z,31.98,55.77,78,0,39.89,101.08,22.00,546.00,null,null,null
2023-09-16T13:24:43Z,31.96,55.72,78,0,31.04,101.09,20.00,536.00,null,null,null
2023-09-16T13:25:43Z,31.96,55.68,78,0,33.48,101.08,21.00,540.00,null,null,null
2023-09-16T13:26:43Z,31.94,55.71,78,0,37.82,101.08,21.00,540.00,null,null,null
2023-09-16T13:27:43Z,31.93,55.68,78,0,31.10,101.08,20.00,534.00,0,0,0
2023-09-16T13:28:43Z,31.91,55.66,78,0,31.71,101.08,20.00,534.00,null,null,null
2023-09-16T13:29:43Z,31.91,55.65,79,0,33.10,101.08,20.00,534.00,null,null,null
2023-09-16T13:30:43Z,31.90,55.60,78,0,26.80,101.08,19.00,526.00,null,null,null
2023-09-16T13:31:43Z,31.89,55.60,78,0,35.57,101.08,19.00,526.00,null,null,null
2023-09-16T13:32:43Z,31.87,55.58,78,0,27.08,101.08,18.00,519.00,0,0,0
2023-09-16T13:33:43Z,31.86,55.60,78,0,27.42,101.08,19.00,526.00,null,null,null
2023-09-16T13:34:43Z,31.84,55.43,78,0,31.37,101.08,18.00,519.00,null,null,null
2023-09-16T13:35:43Z,31.84,55.41,78,0,30.23,101.08,18.00,519.00,null,null,null
2023-09-16T13:36:43Z,31.82,55.40,78,0,31.97,101.09,18.00,519.00,null,null,null
2023-09-16T13:37:43Z,31.82,55.35,78,0,36.55,101.08,18.00,519.00,0,0,0
2023-09-16T13:38:43Z,31.82,55.34,78,0,33.10,101.08,18.00,519.00,null,null,null
2023-09-16T13:39:43Z,31.83,55.31,78,0,32.24,101.08,18.00,519.00,null,null,null
2023-09-16T13:40:43Z,31.79,55.32,78,0,25.82,101.08,18.00,519.00,null,null,null
2023-09-16T13:41:43Z,31.77,55.25,78,0,36.96,101.08,18.00,519.00,null,null,null
2023-09-16T13:42:43Z,31.77,55.25,78,0,31.02,101.08,17.00,514.00,0,0,0
2023-09-16T13:43:43Z,31.76,55.22,78,0,38.68,101.08,15.00,503.00,null,null,null
2023-09-16T13:44:43Z,31.75,55.14,78,0,27.80,101.09,18.00,519.00,null,null,null
2023-09-16T13:45:43Z,31.73,55.09,78,0,27.24,101.08,18.00,519.00,null,null,null
2023-09-16T13:46:43Z,31.70,55.02,78,0,30.65,101.08,23.00,556.00,null,null,null
2023-09-16T13:47:43Z,31.69,54.99,78,0,30.66,101.08,23.00,551.00,0,0,0
2023-09-16T13:48:43Z,31.69,54.96,78,0,28.66,101.08,21.00,543.00,null,null,null
2023-09-16T13:49:43Z,31.66,54.86,78,0,38.20,101.08,23.00,551.00,null,null,null
2023-09-16T13:50:43Z,31.63,54.75,78,0,33.39,101.08,23.00,551.00,null,null,null
2023-09-16T13:51:43Z,31.63,54.70,78,0,32.34,101.08,21.00,543.00,null,null,null
2023-09-16T13:52:43Z,31.59,54.68,78,0,28.42,101.08,21.00,543.00,0,0,0
2023-09-16T13:53:43Z,31.56,54.65,78,0,36.36,101.08,21.00,543.00,null,null,null
2023-09-16T13:54:43Z,31.53,54.56,78,0,32.80,101.08,21.00,543.00,null,null,null
2023-09-16T13:55:43Z,31.52,54.44,78,0,27.57,101.08,21.00,543.00,null,null,null
2023-09-16T13:56:43Z,31.52,54.44,78,0,33.21,101.08,20.00,537.00,null,null,null
2023-09-16T13:57:43Z,31.46,54.39,78,0,42.64,101.07,19.00,531.00,0,0,0
2023-09-16T13:58:43Z,31.43,54.44,78,0,29.20,101.08,19.00,531.00,null,null,null
2023-09-16T13:59:43Z,31.43,54.35,78,0,31.46,101.07,19.00,531.00,null,null,null
2023-09-16T14:00:43Z,31.40,54.30,78,0,39.51,101.08,19.00,531.00,null,null,null
2023-09-16T14:01:43Z,31.36,54.26,78,0,37.93,101.07,19.00,526.00,null,null,null
2023-09-16T14:02:43Z,31.35,54.23,78,0,33.98,101.07,18.00,519.00,0,0,0
2023-09-16T14:03:43Z,31.31,54.21,78,0,32.22,101.07,19.00,526.00,null,null,null
2023-09-16T14:04:43Z,31.29,54.17,78,0,38.55,101.08,19.00,526.00,null,null,null
2023-09-16T14:05:43Z,31.25,54.13,78,0,36.58,101.07,18.00,519.00,null,null,null
2023-09-16T14:06:43Z,31.21,54.08,78,0,41.16,101.07,18.00,519.00,null,null,null
2023-09-16T14:07:43Z,31.19,54.16,78,0,30.78,101.08,24.00,560.00,0,0,0
2023-09-16T14:08:43Z,31.18,54.14,78,0,31.83,101.07,23.00,552.00,null,null,null
2023-09-16T14:09:43Z,31.18,54.06,78,0,37.35,101.07,23.00,552.00,null,null,null
2023-09-16T14:10:43Z,31.15,54.14,78,0,28.99,101.08,22.00,545.00,null,null,null
2023-09-16T14:11:43Z,31.12,54.11,78,0,32.71,101.08,23.00,552.00,null,null,null
2023-09-16T14:12:43Z,31.09,54.09,78,0,29.49,101.08,22.00,545.00,0,0,0
2023-09-16T14:13:43Z,31.09,54.12,78,0,36.72,101.08,22.00,545.00,null,null,null
2023-09-16T14:14:43Z,31.06,54.07,78,0,33.97,101.08,21.00,539.00,null,null,null
2023-09-16T14:15:43Z,31.06,54.07,78,0,28.98,101.08,22.00,545.00,null,null,null
2023-09-16T14:16:43Z,31.05,54.08,78,0,31.07,101.09,21.00,539.00,null,null,null
2023-09-16T14:17:43Z,31.01,54.05,78,0,32.07,101.09,20.00,533.00,0,0,0
2023-09-16T14:18:43Z,30.98,54.09,78,0,31.71,101.08,21.00,539.00,null,null,null
2023-09-16T14:19:43Z,30.98,54.01,78,0,32.33,101.09,21.00,539.00,null,null,null
2023-09-16T14:20:43Z,30.95,54.00,78,0,30.51,101.09,20.00,533.00,null,null,null
2023-09-16T14:21:43Z,30.92,53.96,78,0,33.92,101.09,20.00,533.00,null,null,null
2023-09-16T14:22:43Z,30.92,53.99,78,0,30.13,101.09,18.00,524.00,0,0,0
2023-09-16T14:23:43Z,30.91,53.99,78,0,31.84,101.09,12.00,483.00,null,null,null
2023-09-16T14:24:43Z,30.90,53.88,78,0,30.21,101.09,6.00,443.00,null,null,null
2023-09-16T14:25:43Z,30.87,53.88,78,0,32.20,101.09,5.00,439.00,null,null,null
2023-09-16T14:26:43Z,30.87,53.82,78,0,32.60,101.09,5.00,439.00,null,null,null
2023-09-16T14:27:43Z,30.84,53.83,78,0,31.19,101.09,5.00,439.00,0,0,0
2023-09-16T14:28:43Z,30.81,53.81,78,0,30.97,101.09,5.00,434.00,null,null,null
2023-09-16T14:29:43Z,30.80,53.78,78,0,35.87,101.09,5.00,434.00,null,null,null
2023-09-16T14:30:43Z,30.76,53.80,78,0,32.79,101.09,5.00,434.00,null,null,null
2023-09-16T14:31:43Z,30.76,53.80,78,0,26.69,101.09,4.00,427.00,null,null,null
2023-09-16T14:32:43Z,30.73,53.78,78,0,33.93,101.09,4.00,427.00,0,0,0
2023-09-16T14:33:43Z,30.74,53.84,78,0,28.68,101.09,6.00,444.00,null,null,null
2023-09-16T14:34:43Z,30.73,53.78,78,0,34.03,101.09,6.00,444.00,null,null,null
2023-09-16T14:35:43Z,30.70,53.79,78,0,40.06,101.09,6.00,444.00,null,null,null
2023-09-16T14:36:43Z,30.70,53.74,78,0,32.68,101.08,6.00,444.00,null,null,null
2023-09-16T14:37:43Z,30.65,53.78,78,0,29.09,101.08,7.00,448.00,0,0,0
2023-09-16T14:38:43Z,30.65,53.81,78,0,33.56,101.08,6.00,444.00,null,null,null
2023-09-16T14:39:43Z,30.64,53.76,78,0,33.85,101.08,6.00,444.00,null,null,null
2023-09-16T14:40:43Z,30.64,53.83,78,0,30.65,101.08,5.00,439.00,null,null,null
2023-09-16T14:41:43Z,30.61,53.81,78,0,35.19,101.08,5.00,439.00,null,null,null
2023-09-16T14:42:43Z,30.61,53.82,78,0,31.66,101.08,5.00,439.00,0,0,0
2023-09-16T14:43:43Z,30.61,53.84,78,0,27.12,101.08,5.00,439.00,null,null,null
2023-09-16T14:44:43Z,30.60,53.77,78,0,37.49,101.08,5.00,439.00,null,null,null
2023-09-16T14:45:43Z,30.61,53.84,78,0,33.02,101.08,5.00,439.00,null,null,null
2023-09-16T14:46:43Z,30.58,53.83,78,0,40.34,101.08,5.00,439.00,null,null,null
2023-09-16T14:47:43Z,30.57,53.88,78,0,37.91,101.08,5.00,439.00,0,0,0
2023-09-16T14:48:43Z,30.57,53.83,78,0,25.29,101.09,5.00,435.00,null,null,null
2023-09-16T14:49:43Z,30.57,53.82,78,0,30.64,101.08,5.00,439.00,null,null,null
2023-09-16T14:50:43Z,30.60,53.80,78,0,34.91,101.08,5.00,435.00,null,null,null
2023-09-16T14:51:43Z,30.55,53.83,78,0,31.33,101.08,5.00,435.00,null,null,null
2023-09-16T14:52:43Z,30.58,53.81,78,0,29.40,101.08,5.00,435.00,0,0,0
2023-09-16T14:53:43Z,30.55,53.85,78,0,30.32,101.08,5.00,435.00,null,null,null
2023-09-16T14:54:43Z,30.54,53.79,78,0,39.45,101.08,5.00,435.00,null,null,null
2023-09-16T14:55:43Z,30.54,53.73,78,0,29.05,101.08,5.00,435.00,null,null,null
2023-09-16T14:56:43Z,30.55,53.78,78,0,35.09,101.08,6.00,441.00,null,null,null
2023-09-16T14:57:43Z,30.53,53.77,78,0,38.63,101.08,5.00,435.00,0,0,0
2023-09-16T14:58:43Z,30.53,53.78,78,0,26.06,101.08,5.00,435.00,null,null,null
2023-09-16T14:59:43Z,30.53,53.80,78,0,35.25,101.08,5.00,433.00,null,null,null
2023-09-16T15:00:43Z,30.54,53.77,78,0,34.80,101.08,5.00,433.00,null,null,null
2023-09-16T15:01:43Z,30.50,53.78,78,0,30.22,101.08,5.00,433.00,null,null,null
2023-09-16T15:02:43Z,30.51,53.76,78,0,28.51,101.08,5.00,433.00,0,0,0
2023-09-16T15:03:43Z,30.53,53.81,78,0,29.01,101.08,3.00,424.00,null,null,null
2023-09-16T15:04:43Z,30.53,53.76,78,0,33.27,101.08,5.00,433.00,null,null,null
2023-09-16T15:05:43Z,30.50,53.76,78,0,33.45,101.08,3.00,424.00,null,null,null
2023-09-16T15:06:43Z,30.49,53.76,78,0,31.05,101.07,3.00,424.00,null,null,null
2023-09-16T15:07:43Z,30.50,53.78,78,0,30.62,101.08,3.00,424.00,0,0,0
2023-09-16T15:08:43Z,30.49,53.74,78,0,33.03,101.08,3.00,424.00,null,null,null
2023-09-16T15:09:43Z,30.50,53.67,78,0,34.99,101.08,4.00,428.00,null,null,null
2023-09-16T15:10:43Z,30.50,53.74,78,0,35.09,101.08,4.00,428.00,null,null,null
2023-09-16T15:11:43Z,30.49,53.68,78,0,33.23,101.08,4.00,428.00,null,null,null
2023-09-16T15:12:43Z,30.50,53.74,78,0,31.75,101.08,4.00,428.00,0,0,0
2023-09-16T15:13:43Z,30.51,53.73,78,0,33.12,101.08,4.00,428.00,null,null,null
2023-09-16T15:14:43Z,30.50,53.71,78,0,34.86,101.08,5.00,438.00,null,null,null
2023-09-16T15:15:43Z,30.50,53.71,78,0,31.32,101.08,5.00,438.00,null,null,null
2023-09-16T15:16:43Z,30.49,53.73,78,0,32.95,101.08,4.00,428.00,null,null,null
2023-09-16T15:17:43Z,30.47,53.73,78,0,30.91,101.08,4.00,428.00,0,0,0
2023-09-16T15:18:43Z,30.50,53.77,78,0,32.34,101.08,3.00,426.00,null,null,null
2023-09-16T15:19:43Z,30.50,53.66,78,0,37.72,101.08,3.00,424.00,null,null,null
2023-09-16T15:20:43Z,30.51,53.66,78,0,32.30,101.08,4.00,428.00,null,null,null
2023-09-16T15:21:43Z,30.49,53.66,78,0,31.52,101.08,4.00,428.00,null,null,null
2023-09-16T15:22:43Z,30.49,53.68,78,0,34.03,101.08,4.00,428.00,0,0,0
2023-09-16T15:23:43Z,30.47,53.72,78,0,32.44,101.08,3.00,426.00,null,null,null
2023-09-16T15:24:43Z,30.49,53.61,78,0,35.10,101.08,4.00,428.00,null,null,null
2023-09-16T15:25:43Z,30.49,53.64,78,0,30.96,101.08,4.00,428.00,null,null,null
2023-09-16T15:26:43Z,30.49,53.65,78,0,30.54,101.08,4.00,428.00,null,null,null
2023-09-16T15:27:43Z,30.47,53.70,78,0,37.04,101.08,4.00,428.00,0,0,0
2023-09-16T15:28:43Z,30.49,53.72,78,0,29.60,101.08,4.00,428.00,null,null,null
2023-09-16T15:29:43Z,30.49,53.67,78,0,35.29,101.09,4.00,428.00,null,null,null
2023-09-16T15:30:43Z,30.49,53.64,78,0,28.22,101.08,4.00,428.00,null,null,null
2023-09-16T15:31:43Z,30.47,53.63,78,0,35.73,101.08,4.00,428.00,null,null,null
2023-09-16T15:32:43Z,30.47,53.62,78,0,35.21,101.08,4.00,428.00,0,0,0
2023-09-16T15:33:43Z,30.50,53.60,77,0,31.70,101.08,5.00,438.00,null,null,null
2023-09-16T15:34:43Z,30.49,53.53,78,0,34.19,101.08,4.00,428.00,null,null,null
2023-09-16T15:35:43Z,30.49,53.45,78,0,29.44,101.08,4.00,428.00,null,null,null
2023-09-16T15:36:43Z,30.47,53.43,78,0,27.62,101.08,4.00,428.00,null,null,null
2023-09-16T15:37:43Z,30.46,53.45,78,0,36.88,101.07,3.00,426.00,0,0,0
2023-09-16T15:38:43Z,30.46,53.41,78,0,32.92,101.08,3.00,426.00,null,null,null
2023-09-16T15:39:43Z,30.44,53.37,77,0,35.99,101.07,3.00,426.00,null,null,null
2023-09-16T15:40:43Z,30.44,53.30,78,0,33.66,101.07,3.00,426.00,null,null,null
2023-09-16T15:41:43Z,30.41,53.32,78,0,34.27,101.08,3.00,426.00,null,null,null
2023-09-16T15:42:43Z,30.43,53.32,78,0,32.32,101.08,3.00,426.00,0,0,0
2023-09-16T15:43:43Z,30.40,53.38,77,0,33.56,101.08,3.00,426.00,null,null,null
2023-09-16T15:44:43Z,30.41,53.32,78,0,31.63,101.08,3.00,423.00,null,null,null
2023-09-16T15:45:43Z,30.41,53.35,78,0,33.13,101.08,3.00,423.00,null,null,null
2023-09-16T15:46:43Z,30.39,53.39,77,0,33.44,101.08,3.00,423.00,null,null,null
2023-09-16T15:47:43Z,30.37,53.39,78,0,33.37,101.07,3.00,423.00,0,0,0
2023-09-16T15:48:43Z,30.39,53.41,77,0,33.35,101.08,3.00,423.00,null,null,null
2023-09-16T15:49:43Z,30.39,53.38,77,0,32.05,101.08,3.00,423.00,null,null,null
2023-09-16T15:50:43Z,30.37,53.36,77,0,31.55,101.08,2.00,418.00,null,null,null
2023-09-16T15:51:43Z,30.36,53.39,77,0,28.25,101.08,3.00,423.00,null,null,null
2023-09-16T15:52:43Z,30.37,53.37,77,0,32.90,101.08,3.00,423.00,0,0,0
2023-09-16T15:53:43Z,30.36,53.37,77,0,27.30,101.08,3.00,423.00,null,null,null
2023-09-16T15:54:43Z,30.37,53.27,77,0,32.18,101.08,3.00,423.00,null,null,null
2023-09-16T15:55:43Z,30.37,53.30,78,0,30.34,101.08,2.00,418.00,null,null,null
2023-09-16T15:56:43Z,30.34,53.33,77,0,27.47,101.08,2.00,418.00,null,null,null
2023-09-16T15:57:43Z,30.34,53.29,77,0,30.32,101.09,2.00,418.00,0,0,0
2023-09-16T15:58:43Z,30.36,53.24,77,0,31.76,101.08,2.00,418.00,null,null,null
2023-09-16T15:59:43Z,30.34,53.22,78,0,41.68,101.09,3.00,423.00,null,null,null
2023-09-16T16:00:43Z,30.33,53.19,77,0,38.10,101.09,3.00,420.00,null,null,null
2023-09-16T16:01:43Z,30.33,53.20,77,0,37.88,101.09,3.00,420.00,null,null,null
2023-09-16T16:02:43Z,30.31,53.18,77,0,32.42,101.09,3.00,420.00,0,0,0
2023-09-16T16:03:43Z,30.30,53.18,77,0,34.02,101.09,3.00,420.00,null,null,null
2023-09-16T16:04:43Z,30.31,53.17,77,0,34.25,101.10,3.00,420.00,null,null,null
2023-09-16T16:05:43Z,30.30,53.17,77,0,29.92,101.10,3.00,420.00,null,null,null
2023-09-16T16:06:43Z,30.29,53.15,77,0,36.96,101.10,3.00,420.00,null,null,null
2023-09-16T16:07:43Z,30.26,53.12,77,0,33.21,101.10,2.00,415.00,0,0,0
2023-09-16T16:08:43Z,30.29,53.14,77,0,30.91,101.10,3.00,420.00,null,null,null
2023-09-16T16:09:43Z,30.26,53.12,77,0,32.32,101.10,2.00,415.00,null,null,null
2023-09-16T16:10:43Z,30.23,53.06,77,0,32.26,101.10,2.00,415.00,null,null,null
2023-09-16T16:11:43Z,30.22,53.05,77,0,33.39,101.10,7.00,448.00,null,null,null
2023-09-16T16:12:43Z,30.20,53.07,77,0,40.21,101.11,7.00,448.00,0,0,0
2023-09-16T16:13:43Z,30.22,53.09,77,0,29.17,101.11,7.00,448.00,null,null,null
2023-09-16T16:14:43Z,30.22,52.97,77,0,36.39,101.11,7.00,448.00,null,null,null
2023-09-16T16:15:43Z,30.22,52.91,77,0,33.69,101.11,7.00,448.00,null,null,null
2023-09-16T16:16:43Z,30.19,52.90,77,0,32.36,101.12,6.00,444.00,null,null,null
2023-09-16T16:17:43Z,30.17,52.91,77,0,36.65,101.12,6.00,444.00,0,0,0
2023-09-16T16:18:43Z,30.17,52.90,77,0,32.96,101.12,6.00,444.00,null,null,null
2023-09-16T16:19:43Z,30.14,52.87,77,0,32.17,101.12,6.00,444.00,null,null,null
2023-09-16T16:20:43Z,30.12,52.77,77,0,37.10,101.12,6.00,442.00,null,null,null
2023-09-16T16:21:43Z,30.12,52.78,77,0,43.48,101.12,6.00,442.00,null,null,null
2023-09-16T16:22:43Z,30.09,52.72,77,0,33.67,101.11,6.00,442.00,0,0,0
2023-09-16T16:23:43Z,30.07,52.68,77,0,35.20,101.11,6.00,443.00,null,null,null
2023-09-16T16:24:43Z,30.07,52.63,77,0,31.22,101.12,6.00,443.00,null,null,null
2023-09-16T16:25:43Z,30.03,52.58,77,0,33.79,101.12,6.00,443.00,null,null,null
2023-09-16T16:26:43Z,30.03,52.59,77,0,27.60,101.12,6.00,443.00,null,null,null
2023-09-16T16:27:43Z,29.99,52.55,77,0,37.47,101.12,5.00,438.00,0,0,0
2023-09-16T16:28:43Z,29.98,52.50,77,0,37.75,101.12,5.00,433.00,null,null,null
2023-09-16T16:29:43Z,29.98,52.47,77,0,31.43,101.12,4.00,427.00,null,null,null
2023-09-16T16:30:43Z,29.93,52.42,77,0,30.38,101.12,4.00,427.00,null,null,null
2023-09-16T16:31:43Z,29.91,52.42,77,0,33.38,101.11,3.00,425.00,null,null,null
2023-09-16T16:32:43Z,29.89,52.41,77,0,34.68,101.11,3.00,425.00,0,0,0
2023-09-16T16:33:43Z,29.88,52.42,77,0,31.05,101.11,3.00,425.00,null,null,null
2023-09-16T16:34:43Z,29.85,52.35,77,0,30.56,101.11,3.00,421.00,null,null,null
2023-09-16T16:35:43Z,29.81,52.32,77,0,31.38,101.11,3.00,425.00,null,null,null
2023-09-16T16:36:43Z,29.76,52.34,77,0,28.07,101.11,3.00,425.00,null,null,null
2023-09-16T16:37:43Z,29.75,52.29,77,0,43.02,101.11,3.00,421.00,0,0,0
2023-09-16T16:38:43Z,29.75,52.30,77,0,31.54,101.11,2.00,417.00,null,null,null
2023-09-16T16:39:43Z,29.73,52.25,77,0,33.42,101.12,2.00,417.00,null,null,null
2023-09-16T16:40:43Z,29.69,52.22,77,0,35.92,101.11,7.00,452.00,null,null,null
2023-09-16T16:41:43Z,29.65,52.20,77,0,30.97,101.11,8.00,457.00,null,null,null
2023-09-16T16:42:43Z,29.62,52.16,77,0,31.14,101.11,7.00,452.00,0,0,0
2023-09-16T16:43:43Z,29.61,52.22,77,0,33.62,101.11,7.00,448.00,null,null,null
2023-09-16T16:44:43Z,29.58,52.15,77,0,30.48,101.11,7.00,448.00,null,null,null
2023-09-16T16:45:43Z,29.56,52.08,77,0,34.44,101.11,7.00,448.00,null,null,null
2023-09-16T16:46:43Z,29.54,52.10,77,0,42.51,101.12,6.00,444.00,null,null,null
2023-09-16T16:47:43Z,29.52,52.10,77,0,34.47,101.11,6.00,444.00,0,0,0
2023-09-16T16:48:43Z,29.51,52.12,77,0,25.44,101.11,6.00,442.00,null,null,null
2023-09-16T16:49:43Z,29.48,52.00,77,0,35.10,101.11,6.00,442.00,null,null,null
2023-09-16T16:50:43Z,29.45,52.03,77,0,29.63,101.11,6.00,442.00,null,null,null
2023-09-16T16:51:43Z,29.41,51.98,77,0,34.63,101.11,5.00,438.00,null,null,null
2023-09-16T16:52:43Z,29.35,51.95,77,0,28.27,101.11,5.00,438.00,0,0,0
2023-09-16T16:53:43Z,29.37,51.96,77,0,25.62,101.11,4.00,432.00,null,null,null
2023-09-16T16:54:43Z,29.31,51.94,77,0,35.15,101.11,4.00,432.00,null,null,null
2023-09-16T16:55:43Z,29.28,51.87,77,0,34.64,101.11,3.00,426.00,null,null,null
2023-09-16T16:56:43Z,29.28,51.86,77,0,37.75,101.11,3.00,426.00,null,null,null
2023-09-16T16:57:43Z,29.24,51.89,77,0,35.59,101.11,3.00,423.00,0,0,0
2023-09-16T16:58:43Z,29.20,51.87,77,0,30.14,101.11,5.00,434.00,null,null,null
2023-09-16T16:59:43Z,29.17,51.80,77,0,40.64,101.12,5.00,434.00,null,null,null
2023-09-16T17:00:43Z,29.17,51.82,76,0,35.15,101.12,5.00,436.00,null,null,null
2023-09-16T17:01:43Z,29.11,51.81,77,0,34.34,101.13,5.00,434.00,null,null,null
2023-09-16T17:02:43Z,29.10,51.82,77,0,34.00,101.13,3.00,424.00,0,0,0
2023-09-16T17:03:43Z,29.05,51.81,76,0,40.31,101.13,3.00,424.00,null,null,null
2023-09-16T17:04:43Z,29.05,51.74,77,0,32.51,101.13,4.00,427.00,null,null,null
2023-09-16T17:05:43Z,29.04,51.72,77,0,33.73,101.13,3.00,424.00,null,null,null
2023-09-16T17:06:43Z,28.98,51.77,77,0,31.37,101.13,3.00,424.00,null,null,null
2023-09-16T17:07:43Z,28.94,51.70,76,0,30.96,101.13,3.00,420.00,0,0,0
2023-09-16T17:08:43Z,28.93,51.71,77,0,30.95,101.13,3.00,421.00,null,null,null
2023-09-16T17:09:43Z,28.90,51.71,76,0,30.37,101.14,3.00,421.00,null,null,null
2023-09-16T17:10:43Z,28.89,51.64,77,0,32.92,101.13,2.00,418.00,null,null,null
2023-09-16T17:11:43Z,28.84,51.69,76,0,33.56,101.14,2.00,418.00,null,null,null
2023-09-16T17:12:43Z,28.82,51.63,77,0,33.65,101.14,2.00,415.00,0,0,0
2023-09-16T17:13:43Z,28.79,51.68,76,0,29.00,101.14,1.00,410.00,null,null,null
2023-09-16T17:14:43Z,28.76,51.64,77,0,36.49,101.15,2.00,415.00,null,null,null
2023-09-16T17:15:43Z,28.73,51.66,77,0,33.69,101.14,1.00,410.00,null,null,null
2023-09-16T17:16:43Z,28.70,51.65,76,0,38.05,101.15,7.00,448.00,null,null,null
2023-09-16T17:17:43Z,28.66,51.65,77,0,32.77,101.15,6.00,444.00,0,0,0
2023-09-16T17:18:43Z,28.66,51.59,76,0,32.25,101.14,6.00,444.00,null,null,null
2023-09-16T17:19:43Z,28.62,51.54,76,0,35.02,101.15,5.00,439.00,null,null,null
2023-09-16T17:20:43Z,28.60,51.53,76,0,35.15,101.15,5.00,439.00,null,null,null
2023-09-16T17:21:43Z,28.55,51.54,76,0,35.59,101.15,5.00,435.00,null,null,null
2023-09-16T17:22:43Z,28.53,51.55,76,0,33.66,101.15,5.00,435.00,0,0,0
2023-09-16T17:23:43Z,28.50,51.54,76,0,28.25,101.15,5.00,435.00,null,null,null
2023-09-16T17:24:43Z,28.50,51.51,76,0,40.97,101.16,5.00,435.00,null,null,null
2023-09-16T17:25:43Z,28.46,51.48,76,0,31.88,101.16,5.00,433.00,null,null,null
2023-09-16T17:26:43Z,28.43,51.50,76,0,32.95,101.16,5.00,433.00,null,null,null
2023-09-16T17:27:43Z,28.41,51.49,76,0,33.07,101.16,4.00,427.00,0,0,0
2023-09-16T17:28:43Z,28.39,51.56,76,0,35.29,101.16,4.00,427.00,null,null,null
2023-09-16T17:29:43Z,28.35,51.50,76,0,37.65,101.16,3.00,423.00,null,null,null
2023-09-16T17:30:43Z,28.35,51.45,76,0,30.49,101.16,3.00,423.00,null,null,null
2023-09-16T17:31:43Z,28.32,51.49,76,0,35.62,101.16,2.00,418.00,null,null,null
2023-09-16T17:32:43Z,28.26,51.45,76,0,34.88,101.16,2.00,418.00,0,0,0
2023-09-16T17:33:43Z,28.24,51.50,76,0,33.17,101.16,2.00,418.00,null,null,null
2023-09-16T17:34:43Z,28.24,51.46,76,0,47.39,101.16,6.00,444.00,null,null,null
2023-09-16T17:35:43Z,28.24,51.45,76,0,29.16,101.16,6.00,444.00,null,null,null
2023-09-16T17:36:43Z,28.19,51.40,76,0,37.07,101.16,6.00,444.00,null,null,null
2023-09-16T17:37:43Z,28.14,51.43,76,0,34.91,101.16,5.00,438.00,0,0,0
2023-09-16T17:38:43Z,28.15,51.41,76,0,32.56,101.16,5.00,438.00,null,null,null
2023-09-16T17:39:43Z,28.12,51.44,76,0,36.60,101.16,5.00,434.00,null,null,null
2023-09-16T17:40:43Z,28.11,51.38,76,0,34.66,101.17,5.00,434.00,null,null,null
2023-09-16T17:41:43Z,28.05,51.42,76,0,32.79,101.17,5.00,434.00,null,null,null
2023-09-16T17:42:43Z,28.04,51.42,76,0,30.99,101.17,5.00,438.00,0,0,0
2023-09-16T17:43:43Z,28.02,51.40,76,0,31.14,101.16,5.00,434.00,null,null,null
2023-09-16T17:44:43Z,28.01,51.39,76,0,34.56,101.17,5.00,434.00,null,null,null
2023-09-16T17:45:43Z,27.96,51.41,76,0,34.27,101.17,5.00,434.00,null,null,null
2023-09-16T17:46:43Z,27.95,51.39,76,0,42.92,101.17,5.00,434.00,null,null,null
2023-09-16T17:47:43Z,27.90,51.43,76,0,37.89,101.17,5.00,434.00,0,0,0
2023-09-16T17:48:43Z,27.91,51.43,76,0,32.73,101.17,3.00,423.00,null,null,null
2023-09-16T17:49:43Z,27.88,51.46,76,0,34.96,101.17,4.00,427.00,null,null,null
2023-09-16T17:50:43Z,27.88,51.37,76,0,34.28,101.17,3.00,423.00,null,null,null
2023-09-16T17:51:43Z,27.84,51.40,76,0,29.23,101.17,3.00,423.00,null,null,null
2023-09-16T17:52:43Z,27.81,51.32,76,0,33.95,101.16,3.00,423.00,0,0,0
2023-09-16T17:53:43Z,27.81,51.38,76,0,27.69,101.17,3.00,421.00,null,null,null
2023-09-16T17:54:43Z,27.80,51.43,76,0,33.62,101.17,3.00,423.00,null,null,null
2023-09-16T17:55:43Z,27.77,51.34,76,0,31.12,101.16,3.00,421.00,null,null,null
2023-09-16T17:56:43Z,27.73,51.39,76,0,32.95,101.17,3.00,421.00,null,null,null
2023-09-16T17:57:43Z,27.71,51.37,76,0,26.67,101.17,8.00,454.00,0,0,0
2023-09-16T17:58:43Z,27.71,51.44,76,0,30.31,101.17,8.00,454.00,null,null,null
2023-09-16T17:59:43Z,27.68,51.36,76,0,32.96,101.17,8.00,454.00,null,null,null
2023-09-16T18:00:43Z,27.64,51.32,75,0,39.10,101.17,8.00,454.00,null,null,null
2023-09-16T18:01:43Z,27.64,51.37,76,0,41.87,101.17,8.00,454.00,null,null,null
2023-09-16T18:02:43Z,27.63,51.37,76,0,32.90,101.17,7.00,451.00,0,0,0
2023-09-16T18:03:43Z,27.60,51.40,76,0,43.00,101.17,7.00,451.00,null,null,null
2023-09-16T18:04:43Z,27.59,51.38,76,0,33.83,101.17,7.00,451.00,null,null,null
2023-09-16T18:05:43Z,27.56,51.33,76,0,34.29,101.16,7.00,446.00,null,null,null
2023-09-16T18:06:43Z,27.53,51.36,76,0,43.78,101.17,7.00,446.00,null,null,null
2023-09-16T18:07:43Z,27.51,51.40,76,0,37.40,101.17,7.00,446.00,0,0,0
2023-09-16T18:08:43Z,27.48,51.34,75,0,41.52,101.17,7.00,446.00,null,null,null
2023-09-16T18:09:43Z,27.48,51.37,76,0,36.77,101.17,6.00,443.00,null,null,null
2023-09-16T18:10:43Z,27.44,51.38,76,0,39.82,101.17,6.00,443.00,null,null,null
2023-09-16T18:11:43Z,27.43,51.38,76,0,36.87,101.18,6.00,443.00,null,null,null
2023-09-16T18:12:43Z,27.39,51.42,76,0,34.03,101.18,6.00,443.00,0,0,0
2023-09-16T18:13:43Z,27.40,51.39,76,0,32.56,101.18,6.00,443.00,null,null,null
2023-09-16T18:14:43Z,27.39,51.33,76,0,36.36,101.18,5.00,438.00,null,null,null
2023-09-16T18:15:43Z,27.33,51.39,75,0,38.39,101.19,5.00,438.00,null,null,null
2023-09-16T18:16:43Z,27.34,51.34,75,0,33.29,101.19,5.00,438.00,null,null,null
2023-09-16T18:17:43Z,27.33,51.34,75,0,30.57,101.19,5.00,438.00,0,0,0
2023-09-16T18:18:43Z,27.29,51.35,75,0,47.19,101.20,5.00,438.00,null,null,null
2023-09-16T18:19:43Z,27.29,51.34,76,0,34.44,101.20,5.00,433.00,null,null,null
2023-09-16T18:20:43Z,27.27,51.35,75,0,33.55,101.21,5.00,433.00,null,null,null
2023-09-16T18:21:43Z,27.26,51.34,76,0,34.36,101.21,5.00,433.00,null,null,null
2023-09-16T18:22:43Z,27.26,51.45,75,0,36.84,101.21,5.00,433.00,0,0,0
2023-09-16T18:23:43Z,27.23,51.34,75,0,33.95,101.21,3.00,426.00,null,null,null
2023-09-16T18:24:43Z,27.20,51.43,75,0,33.06,101.21,9.00,462.00,null,null,null
2023-09-16T18:25:43Z,27.20,51.34,76,0,38.73,101.21,9.00,462.00,null,null,null
2023-09-16T18:26:43Z,27.16,51.46,75,0,33.92,101.21,9.00,462.00,null,null,null
2023-09-16T18:27:43Z,27.12,51.41,75,0,36.28,101.21,9.00,460.00,0,0,0
2023-09-16T18:28:43Z,27.16,51.35,75,0,34.10,101.21,9.00,460.00,null,null,null
2023-09-16T18:29:43Z,27.13,51.38,75,0,35.11,101.21,9.00,460.00,null,null,null
2023-09-16T18:30:43Z,27.13,51.39,75,0,38.31,101.21,9.00,460.00,null,null,null
2023-09-16T18:31:43Z,27.09,51.37,75,0,31.86,101.21,9.00,460.00,null,null,null
2023-09-16T18:32:43Z,27.05,51.35,75,0,43.21,101.21,9.00,460.00,0,0,0
2023-09-16T18:33:43Z,27.06,51.37,75,0,37.99,101.21,7.00,451.00,null,null,null
2023-09-16T18:34:43Z,27.04,51.37,75,0,33.29,101.21,7.00,451.00,null,null,null
2023-09-16T18:35:43Z,27.05,51.37,75,0,37.14,101.21,7.00,451.00,null,null,null
2023-09-16T18:36:43Z,26.99,51.36,75,0,37.69,101.21,7.00,451.00,null,null,null
2023-09-16T18:37:43Z,26.99,51.37,75,0,41.89,101.21,7.00,451.00,0,0,0
2023-09-16T18:38:43Z,26.97,51.37,75,0,32.76,101.21,7.00,451.00,null,null,null
2023-09-16T18:39:43Z,26.96,51.39,75,0,34.32,101.21,8.00,455.00,null,null,null
2023-09-16T18:40:43Z,26.95,51.41,75,0,37.43,101.21,7.00,451.00,null,null,null
2023-09-16T18:41:43Z,26.95,51.35,75,0,34.65,101.20,7.00,451.00,null,null,null
2023-09-16T18:42:43Z,26.90,51.41,75,0,39.82,101.21,7.00,451.00,0,0,0
2023-09-16T18:43:43Z,26.93,51.39,75,0,31.49,101.21,6.00,442.00,null,null,null
2023-09-16T18:44:43Z,26.90,51.35,75,0,34.39,101.21,6.00,445.00,null,null,null
2023-09-16T18:45:43Z,26.90,51.35,75,0,36.77,101.21,6.00,445.00,null,null,null
2023-09-16T18:46:43Z,26.86,51.34,75,0,36.36,101.21,6.00,445.00,null,null,null
2023-09-16T18:47:43Z,26.86,51.39,75,0,37.07,101.21,6.00,445.00,0,0,0
2023-09-16T18:48:43Z,26.83,51.37,75,0,37.81,101.21,6.00,442.00,null,null,null
2023-09-16T18:49:43Z,26.82,51.39,75,0,33.74,101.21,6.00,445.00,null,null,null
2023-09-16T18:50:43Z,26.79,51.41,75,0,36.54,101.21,6.00,442.00,null,null,null
2023-09-16T18:51:43Z,26.78,51.41,75,0,37.98,101.21,6.00,442.00,null,null,null
2023-09-16T18:52:43Z,26.78,51.48,75,0,35.20,101.21,6.00,442.00,0,0,0
2023-09-16T18:53:43Z,26.75,51.43,75,0,32.51,101.22,6.00,442.00,null,null,null
2023-09-16T18:54:43Z,26.75,51.39,75,0,38.40,101.22,6.00,442.00,null,null,null
2023-09-16T18:55:43Z,26.76,51.39,75,0,40.06,101.22,6.00,442.00,null,null,null
2023-09-16T18:56:43Z,26.72,51.39,75,0,38.05,101.21,5.00,436.00,null,null,null
2023-09-16T18:57:43Z,26.69,51.43,75,0,42.40,101.21,7.00,448.00,0,0,0
2023-09-16T18:58:43Z,26.74,51.41,75,0,30.97,101.22,7.00,448.00,null,null,null
2023-09-16T18:59:43Z,26.71,51.43,75,0,41.43,101.21,7.00,451.00,null,null,null
2023-09-16T19:00:43Z,26.68,51.43,75,0,34.57,101.22,7.00,451.00,null,null,null
2023-09-16T19:01:43Z,26.65,51.49,75,0,42.78,101.21,7.00,451.00,null,null,null
2023-09-16T19:02:43Z,26.64,51.43,75,0,33.36,101.21,7.00,448.00,0,0,0
2023-09-16T19:03:43Z,26.64,51.42,75,0,42.91,101.21,7.00,451.00,null,null,null
2023-09-16T19:04:43Z,26.65,51.45,75,0,38.66,101.22,7.00,451.00,null,null,null
2023-09-16T19:05:43Z,26.61,51.46,75,0,38.48,101.22,7.00,448.00,null,null,null
2023-09-16T19:06:43Z,26.61,51.47,75,0,32.71,101.21,7.00,451.00,null,null,null
2023-09-16T19:07:43Z,26.59,51.44,75,0,36.11,101.22,7.00,451.00,0,0,0
2023-09-16T19:08:43Z,26.59,51.47,75,0,37.48,101.22,7.00,448.00,null,null,null
2023-09-16T19:09:43Z,26.58,51.49,75,0,39.84,101.22,7.00,448.00,null,null,null
2023-09-16T19:10:43Z,26.55,51.48,75,0,37.99,101.22,7.00,448.00,null,null,null
2023-09-16T19:11:43Z,26.57,51.48,75,0,35.77,101.22,7.00,448.00,null,null,null
2023-09-16T19:12:43Z,26.54,51.50,75,0,38.98,101.22,7.00,448.00,0,0,0
2023-09-16T19:13:43Z,26.54,51.49,75,0,41.12,101.22,7.00,448.00,null,null,null
2023-09-16T19:14:43Z,26.53,51.45,75,0,41.91,101.22,7.00,448.00,null,null,null
2023-09-16T19:15:43Z,26.50,51.49,75,0,35.79,101.22,7.00,448.00,null,null,null
2023-09-16T19:16:43Z,26.48,51.50,75,0,39.43,101.21,7.00,448.00,null,null,null
2023-09-16T19:17:43Z,26.48,51.51,75,0,39.41,101.21,7.00,448.00,0,0,0
2023-09-16T19:18:43Z,26.48,51.54,75,0,37.62,101.21,7.00,448.00,null,null,null
2023-09-16T19:19:43Z,26.48,51.48,75,0,38.97,101.21,7.00,448.00,null,null,null
2023-09-16T19:20:43Z,26.44,51.45,75,0,34.03,101.21,7.00,448.00,null,null,null
2023-09-16T19:21:43Z,26.45,51.53,75,0,38.63,101.22,7.00,448.00,null,null,null
2023-09-16T19:22:43Z,26.42,51.53,75,0,44.10,101.22,7.00,448.00,0,0,0
2023-09-16T19:23:43Z,26.42,51.49,75,0,35.24,101.22,6.00,445.00,null,null,null
2023-09-16T19:24:43Z,26.42,51.55,75,0,39.11,101.22,6.00,445.00,null,null,null
2023-09-16T19:25:43Z,26.42,51.52,75,0,35.22,101.22,6.00,445.00,null,null,null
2023-09-16T19:26:43Z,26.39,51.50,75,0,37.33,101.22,5.00,439.00,null,null,null
2023-09-16T19:27:43Z,26.37,51.52,75,0,30.73,101.22,5.00,439.00,0,0,0
2023-09-16T19:28:43Z,26.38,51.53,75,0,30.29,101.23,5.00,439.00,null,null,null
2023-09-16T19:29:43Z,26.35,51.49,75,0,36.42,101.22,5.00,439.00,null,null,null
2023-09-16T19:30:43Z,26.35,51.50,75,0,34.16,101.23,5.00,439.00,null,null,null
2023-09-16T19:31:43Z,26.35,51.53,75,0,43.17,101.23,5.00,439.00,null,null,null
2023-09-16T19:32:43Z,26.31,51.57,75,0,41.94,101.23,5.00,439.00,0,0,0
2023-09-16T19:33:43Z,26.32,51.53,75,0,34.66,101.23,5.00,435.00,null,null,null
2023-09-16T19:34:43Z,26.34,51.48,75,0,38.72,101.23,5.00,439.00,null,null,null
2023-09-16T19:35:43Z,26.31,51.56,75,0,34.32,101.23,5.00,439.00,null,null,null
2023-09-16T19:36:43Z,26.30,51.52,75,0,37.91,101.23,5.00,439.00,null,null,null
2023-09-16T19:37:43Z,26.27,51.55,75,0,39.59,101.23,5.00,439.00,0,0,0
2023-09-16T19:38:43Z,26.28,51.55,75,0,39.48,101.23,4.00,432.00,null,null,null
2023-09-16T19:39:43Z,26.26,51.52,75,0,39.34,101.24,5.00,439.00,null,null,null
2023-09-16T19:40:43Z,26.26,51.50,75,0,35.25,101.23,5.00,439.00,null,null,null
2023-09-16T19:41:43Z,26.24,51.54,75,0,37.05,101.23,5.00,435.00,null,null,null
2023-09-16T19:42:43Z,26.23,51.58,75,0,36.48,101.23,11.00,475.00,0,0,0
2023-09-16T19:43:43Z,26.24,51.51,75,0,37.46,101.24,10.00,470.00,null,null,null
2023-09-16T19:44:43Z,26.24,51.53,75,0,34.36,101.23,10.00,470.00,null,null,null
2023-09-16T19:45:43Z,26.21,51.58,75,0,37.21,101.24,10.00,470.00,null,null,null
2023-09-16T19:46:43Z,26.18,51.56,75,0,34.80,101.24,10.00,470.00,null,null,null
2023-09-16T19:47:43Z,26.17,51.61,75,0,33.36,101.23,10.00,470.00,0,0,0
2023-09-16T19:48:43Z,26.18,51.64,75,0,37.74,101.24,9.00,464.00,null,null,null
2023-09-16T19:49:43Z,26.18,51.62,75,0,36.69,101.24,10.00,470.00,null,null,null
2023-09-16T19:50:43Z,26.16,51.61,75,0,37.31,101.24,9.00,464.00,null,null,null
2023-09-16T19:51:43Z,26.14,51.57,75,0,35.84,101.24,10.00,470.00,null,null,null
2023-09-16T19:52:43Z,26.13,51.61,74,0,31.55,101.24,9.00,464.00,0,0,0
2023-09-16T19:53:43Z,26.17,51.60,75,0,41.84,101.24,9.00,464.00,null,null,null
2023-09-16T19:54:43Z,26.13,51.59,75,0,33.59,101.24,9.00,464.00,null,null,null
2023-09-16T19:55:43Z,26.11,51.55,75,0,42.68,101.24,9.00,464.00,null,null,null
2023-09-16T19:56:43Z,26.10,51.60,75,0,37.65,101.23,9.00,464.00,null,null,null
2023-09-16T19:57:43Z,26.08,51.65,75,0,38.81,101.24,9.00,464.00,0,0,0
2023-09-16T19:58:43Z,26.08,51.68,74,0,36.75,101.24,9.00,464.00,null,null,null
2023-09-16T19:59:43Z,26.10,51.64,75,0,39.00,101.24,9.00,464.00,null,null,null
2023-09-16T20:00:43Z,26.07,51.59,75,0,37.59,101.24,9.00,460.00,null,null,null
2023-09-16T20:01:43Z,26.06,51.65,74,0,35.88,101.24,9.00,464.00,null,null,null
2023-09-16T20:02:43Z,26.06,51.66,74,0,42.17,101.24,9.00,460.00,0,0,0
2023-09-16T20:03:43Z,26.04,51.61,74,0,31.07,101.24,9.00,460.00,null,null,null
2023-09-16T20:04:43Z,26.04,51.64,74,0,36.75,101.24,9.00,460.00,null,null,null
2023-09-16T20:05:43Z,26.06,51.62,74,0,34.57,101.24,9.00,460.00,null,null,null
2023-09-16T20:06:43Z,26.02,51.64,75,0,36.30,101.24,9.00,460.00,null,null,null
2023-09-16T20:07:43Z,26.02,51.66,75,0,31.51,101.24,9.00,460.00,0,0,0
2023-09-16T20:08:43Z,26.00,51.63,74,0,34.18,101.24,8.00,455.00,null,null,null
2023-09-16T20:09:43Z,26.00,51.67,74,0,33.14,101.24,8.00,455.00,null,null,null
2023-09-16T20:10:43Z,26.00,51.68,74,0,40.55,101.24,8.00,455.00,null,null,null
2023-09-16T20:11:43Z,25.99,51.64,74,0,32.42,101.24,8.00,455.00,null,null,null
2023-09-16T20:12:43Z,25.99,51.64,74,0,33.05,101.24,8.00,455.00,0,0,0
2023-09-16T20:13:43Z,25.97,51.68,74,0,33.48,101.24,8.00,455.00,null,null,null
2023-09-16T20:14:43Z,25.97,51.65,74,0,39.16,101.24,8.00,455.00,null,null,null
2023-09-16T20:15:43Z,25.96,51.63,74,0,33.52,101.24,7.00,450.00,null,null,null
2023-09-16T20:16:43Z,25.93,51.69,74,0,34.81,101.24,7.00,447.00,null,null,null
2023-09-16T20:17:43Z,25.93,51.69,74,0,39.41,101.24,7.00,447.00,0,0,0
2023-09-16T20:18:43Z,25.93,51.66,74,0,35.80,101.24,7.00,447.00,null,null,null
2023-09-16T20:19:43Z,25.90,51.66,74,0,37.00,101.25,8.00,455.00,null,null,null
2023-09-16T20:20:43Z,25.90,51.69,74,0,29.15,101.24,8.00,455.00,null,null,null
2023-09-16T20:21:43Z,25.87,51.72,74,0,37.56,101.25,7.00,450.00,null,null,null
2023-09-16T20:22:43Z,25.89,51.70,74,0,32.92,101.25,8.00,455.00,0,0,0
2023-09-16T20:23:43Z,25.90,51.72,74,0,39.20,101.24,7.00,447.00,null,null,null
2023-09-16T20:24:43Z,25.86,51.66,74,0,40.27,101.25,7.00,450.00,null,null,null
2023-09-16T20:25:43Z,25.87,51.67,74,0,38.80,101.25,7.00,450.00,null,null,null
2023-09-16T20:26:43Z,25.89,51.74,74,0,37.39,101.25,7.00,450.00,null,null,null
2023-09-16T20:27:43Z,25.84,51.72,74,0,35.03,101.25,7.00,447.00,0,0,0
2023-09-16T20:28:43Z,25.86,51.72,74,0,34.29,101.25,7.00,447.00,null,null,null
2023-09-16T20:29:43Z,25.83,51.71,74,0,37.00,101.25,7.00,447.00,null,null,null
2023-09-16T20:30:43Z,25.81,51.75,74,0,38.52,101.25,7.00,447.00,null,null,null
2023-09-16T20:31:43Z,25.83,51.73,74,0,42.02,101.26,6.00,443.00,null,null,null
2023-09-16T20:32:43Z,25.79,51.73,74,0,42.07,101.26,7.00,447.00,0,0,0
2023-09-16T20:33:43Z,25.80,51.72,74,0,40.11,101.26,7.00,447.00,null,null,null
2023-09-16T20:34:43Z,25.80,51.79,74,0,35.26,101.26,7.00,447.00,null,null,null
2023-09-16T20:35:43Z,25.79,51.80,74,0,37.98,101.26,6.00,443.00,null,null,null
2023-09-16T20:36:43Z,25.77,51.79,74,0,37.13,101.26,6.00,443.00,null,null,null
2023-09-16T20:37:43Z,25.77,51.77,74,0,38.10,101.27,6.00,443.00,0,0,0
2023-09-16T20:38:43Z,25.75,51.77,74,0,38.20,101.27,5.00,439.00,null,null,null
2023-09-16T20:39:43Z,25.76,51.77,74,0,37.36,101.27,5.00,439.00,null,null,null
2023-09-16T20:40:43Z,25.75,51.76,74,0,33.60,101.27,5.00,439.00,null,null,null
2023-09-16T20:41:43Z,25.75,51.76,74,0,37.99,101.27,5.00,439.00,null,null,null
2023-09-16T20:42:43Z,25.73,51.79,74,0,33.33,101.28,5.00,439.00,0,0,0
2023-09-16T20:43:43Z,25.73,51.81,74,0,37.29,101.27,11.00,477.00,null,null,null
2023-09-16T20:44:43Z,25.72,51.77,74,0,30.75,101.27,11.00,477.00,null,null,null
2023-09-16T20:45:43Z,25.69,51.82,74,0,38.31,101.27,11.00,477.00,null,null,null
2023-09-16T20:46:43Z,25.68,51.81,74,0,38.80,101.27,11.00,477.00,null,null,null
2023-09-16T20:47:43Z,25.70,51.82,74,0,39.86,101.27,11.00,477.00,0,0,0
2023-09-16T20:48:43Z,25.69,51.87,74,0,37.91,101.28,10.00,472.00,null,null,null
2023-09-16T20:49:43Z,25.68,51.86,74,0,41.35,101.27,11.00,477.00,null,null,null
2023-09-16T20:50:43Z,25.69,51.86,74,0,37.80,101.28,11.00,477.00,null,null,null
2023-09-16T20:51:43Z,25.66,51.83,74,0,36.29,101.28,10.00,472.00,null,null,null
2023-09-16T20:52:43Z,25.68,51.85,74,0,37.64,101.28,10.00,472.00,0,0,0
2023-09-16T20:53:43Z,25.66,51.87,74,0,34.16,101.28,10.00,472.00,null,null,null
2023-09-16T20:54:43Z,25.65,51.84,74,0,38.45,101.28,10.00,472.00,null,null,null
2023-09-16T20:55:43Z,25.63,51.87,74,0,32.18,101.28,10.00,472.00,null,null,null
2023-09-16T20:56:43Z,25.63,51.82,74,0,43.68,101.28,10.00,472.00,null,null,null
2023-09-16T20:57:43Z,25.60,51.85,74,0,34.85,101.28,10.00,472.00,0,0,0
2023-09-16T20:58:43Z,25.62,51.87,74,0,33.57,101.28,10.00,472.00,null,null,null
2023-09-16T20:59:43Z,25.65,51.86,74,0,35.12,101.28,10.00,472.00,null,null,null
2023-09-16T21:00:43Z,25.60,51.89,74,0,36.72,101.28,10.00,472.00,null,null,null
2023-09-16T21:01:43Z,25.56,51.89,74,0,42.67,101.28,10.00,472.00,null,null,null
2023-09-16T21:02:43Z,25.59,51.92,74,0,32.80,101.28,9.00,460.00,0,0,0
2023-09-16T21:03:43Z,25.58,51.86,74,0,32.23,101.28,9.00,464.00,null,null,null
2023-09-16T21:04:43Z,25.60,51.90,74,0,41.49,101.28,9.00,460.00,null,null,null
2023-09-16T21:05:43Z,25.56,51.89,74,0,34.15,101.29,9.00,460.00,null,null,null
2023-09-16T21:06:43Z,25.55,51.92,74,0,41.94,101.29,9.00,464.00,null,null,null
2023-09-16T21:07:43Z,25.55,51.92,74,0,32.38,101.29,9.00,464.00,0,0,0
2023-09-16T21:08:43Z,25.53,51.88,74,0,31.17,101.29,9.00,460.00,null,null,null
2023-09-16T21:09:43Z,25.55,51.84,74,0,37.54,101.29,9.00,464.00,null,null,null
2023-09-16T21:10:43Z,25.53,51.88,74,0,33.61,101.29,9.00,464.00,null,null,null
2023-09-16T21:11:43Z,25.52,51.89,74,0,35.49,101.29,9.00,464.00,null,null,null
2023-09-16T21:12:43Z,25.53,51.94,74,0,32.87,101.29,9.00,464.00,0,0,0
2023-09-16T21:13:43Z,25.52,51.93,74,0,35.11,101.29,9.00,460.00,null,null,null
2023-09-16T21:14:43Z,25.48,51.93,74,0,34.62,101.29,9.00,464.00,null,null,null
2023-09-16T21:15:43Z,25.48,51.96,74,0,36.92,101.28,9.00,464.00,null,null,null
2023-09-16T21:16:43Z,25.49,51.99,74,0,33.78,101.29,9.00,460.00,null,null,null
2023-09-16T21:17:43Z,25.49,52.03,74,0,29.74,101.28,9.00,460.00,0,0,0
2023-09-16T21:18:43Z,25.48,51.89,74,0,36.78,101.28,9.00,460.00,null,null,null
2023-09-16T21:19:43Z,25.48,51.99,74,0,31.13,101.28,9.00,460.00,null,null,null
2023-09-16T21:20:43Z,25.46,52.03,74,0,38.50,101.28,9.00,460.00,null,null,null
2023-09-16T21:21:43Z,25.49,52.01,74,0,36.80,101.28,9.00,460.00,null,null,null
2023-09-16T21:22:43Z,25.44,51.97,74,0,34.57,101.29,9.00,460.00,0,0,0
2023-09-16T21:23:43Z,25.44,52.03,74,0,33.37,101.28,9.00,460.00,null,null,null
2023-09-16T21:24:43Z,25.48,52.00,74,0,32.97,101.29,9.00,460.00,null,null,null
2023-09-16T21:25:43Z,25.42,51.98,74,0,28.96,101.29,9.00,460.00,null,null,null
2023-09-16T21:26:43Z,25.44,52.04,74,0,34.11,101.29,9.00,460.00,null,null,null
2023-09-16T21:27:43Z,25.41,52.06,74,0,31.88,101.29,9.00,460.00,0,0,0
2023-09-16T21:28:43Z,25.41,52.04,74,0,32.92,101.29,9.00,460.00,null,null,null
2023-09-16T21:29:43Z,25.39,52.01,74,0,31.49,101.29,9.00,460.00,null,null,null
2023-09-16T21:30:43Z,25.42,52.08,74,0,28.96,101.29,9.00,460.00,null,null,null
2023-09-16T21:31:43Z,25.41,52.05,74,0,35.75,101.29,9.00,460.00,null,null,null
2023-09-16T21:32:43Z,25.37,52.09,74,0,37.00,101.29,9.00,460.00,0,0,0
2023-09-16T21:33:43Z,25.38,52.06,74,0,35.59,101.29,9.00,460.00,null,null,null
2023-09-16T21:34:43Z,25.38,52.02,73,0,31.34,101.29,9.00,460.00,null,null,null
2023-09-16T21:35:43Z,25.37,52.07,74,0,33.18,101.29,8.00,456.00,null,null,null
2023-09-16T21:36:43Z,25.35,52.08,73,0,41.98,101.29,8.00,456.00,null,null,null
2023-09-16T21:37:43Z,25.35,52.12,73,0,37.28,101.29,8.00,456.00,0,0,0
2023-09-16T21:38:43Z,25.35,52.06,73,0,38.79,101.29,8.00,456.00,null,null,null
2023-09-16T21:39:43Z,25.35,52.03,74,0,40.43,101.29,8.00,456.00,null,null,null
2023-09-16T21:40:43Z,25.33,52.11,73,0,40.74,101.28,8.00,456.00,null,null,null
2023-09-16T21:41:43Z,25.32,52.10,73,0,28.14,101.29,8.00,456.00,null,null,null
2023-09-16T21:42:43Z,25.31,52.08,74,0,34.83,101.29,8.00,456.00,0,0,0
2023-09-16T21:43:43Z,25.33,52.07,73,0,36.35,101.29,8.00,456.00,null,null,null
2023-09-16T21:44:43Z,25.32,52.08,73,0,33.53,101.29,8.00,456.00,null,null,null
2023-09-16T21:45:43Z,25.31,52.11,73,0,28.19,101.29,8.00,456.00,null,null,null
2023-09-16T21:46:43Z,25.31,52.12,74,0,46.17,101.29,8.00,456.00,null,null,null
2023-09-16T21:47:43Z,25.28,52.11,73,0,38.63,101.29,8.00,454.00,0,0,0
2023-09-16T21:48:43Z,25.29,52.09,73,0,38.62,101.29,8.00,454.00,null,null,null
2023-09-16T21:49:43Z,25.29,52.15,73,0,36.08,101.29,8.00,454.00,null,null,null
2023-09-16T21:50:43Z,25.29,52.15,74,0,34.01,101.29,8.00,454.00,null,null,null
2023-09-16T21:51:43Z,25.24,52.12,73,0,36.84,101.29,8.00,454.00,null,null,null
2023-09-16T21:52:43Z,25.24,52.21,73,0,28.84,101.29,8.00,454.00,0,0,0
2023-09-16T21:53:43Z,25.25,52.13,73,0,30.90,101.29,8.00,459.00,null,null,null
2023-09-16T21:54:43Z,25.25,52.13,73,0,38.20,101.29,8.00,454.00,null,null,null
2023-09-16T21:55:43Z,25.24,52.11,73,0,28.01,101.29,8.00,456.00,null,null,null
2023-09-16T21:56:43Z,25.24,52.15,73,0,35.83,101.29,8.00,459.00,null,null,null
2023-09-16T21:57:43Z,25.22,52.19,73,0,30.37,101.29,8.00,459.00,0,0,0
2023-09-16T21:58:43Z,25.24,52.17,73,0,30.90,101.29,8.00,454.00,null,null,null
2023-09-16T21:59:43Z,25.24,52.19,73,0,46.14,101.29,8.00,459.00,null,null,null
2023-09-16T22:00:43Z,25.19,52.14,73,0,31.16,101.29,8.00,459.00,null,null,null
2023-09-16T22:01:43Z,25.21,52.22,73,0,37.84,101.29,8.00,459.00,null,null,null
2023-09-16T22:02:43Z,25.18,52.18,73,0,33.70,101.29,8.00,459.00,0,0,0
2023-09-16T22:03:43Z,25.21,52.19,73,0,41.55,101.29,8.00,459.00,null,null,null
2023-09-16T22:04:43Z,25.21,52.22,73,0,31.46,101.28,8.00,459.00,null,null,null
2023-09-16T22:05:43Z,25.19,52.22,73,0,34.01,101.29,8.00,459.00,null,null,null
2023-09-16T22:06:43Z,25.18,52.23,73,0,35.04,101.29,8.00,459.00,null,null,null
2023-09-16T22:07:43Z,25.15,52.24,73,0,31.72,101.29,8.00,459.00,0,0,0
2023-09-16T22:08:43Z,25.17,52.20,73,0,33.30,101.29,8.00,459.00,null,null,null
2023-09-16T22:09:43Z,25.17,52.23,73,0,31.24,101.29,8.00,459.00,null,null,null
2023-09-16T22:10:43Z,25.17,52.23,73,0,36.13,101.29,8.00,459.00,null,null,null
2023-09-16T22:11:43Z,25.15,52.24,73,0,30.05,101.29,8.00,459.00,null,null,null
2023-09-16T22:12:43Z,25.12,52.30,73,0,29.80,101.29,8.00,454.00,0,0,0
2023-09-16T22:13:43Z,25.14,52.26,73,0,37.16,101.29,8.00,454.00,null,null,null
2023-09-16T22:14:43Z,25.14,52.24,73,0,32.97,101.29,8.00,454.00,null,null,null
2023-09-16T22:15:43Z,25.15,52.29,73,0,32.53,101.29,8.00,454.00,null,null,null
2023-09-16T22:16:43Z,25.11,52.31,73,0,26.71,101.29,8.00,454.00,null,null,null
2023-09-16T22:17:43Z,25.09,52.31,73,0,38.96,101.29,8.00,454.00,0,0,0
2023-09-16T22:18:43Z,25.12,52.28,73,0,32.49,101.29,8.00,454.00,null,null,null
2023-09-16T22:19:43Z,25.09,52.30,73,0,33.76,101.29,8.00,454.00,null,null,null
2023-09-16T22:20:43Z,25.08,52.32,73,0,32.44,101.29,8.00,454.00,null,null,null
2023-09-16T22:21:43Z,25.09,52.34,73,0,31.35,101.29,8.00,454.00,null,null,null
2023-09-16T22:22:43Z,25.11,52.29,73,0,27.96,101.29,7.00,448.00,0,0,0
2023-09-16T22:23:43Z,25.09,52.29,73,0,29.15,101.29,7.00,448.00,null,null,null
2023-09-16T22:24:43Z,25.09,52.37,73,0,36.14,101.29,7.00,448.00,null,null,null
2023-09-16T22:25:43Z,25.08,52.35,73,0,32.28,101.29,7.00,448.00,null,null,null
2023-09-16T22:26:43Z,25.08,52.35,73,0,28.61,101.29,7.00,448.00,null,null,null
2023-09-16T22:27:43Z,25.04,52.33,73,0,28.61,101.29,7.00,448.00,0,0,0
2023-09-16T22:28:43Z,25.07,52.38,73,0,33.22,101.29,7.00,448.00,null,null,null
2023-09-16T22:29:43Z,25.04,52.33,73,0,30.87,101.29,7.00,448.00,null,null,null
2023-09-16T22:30:43Z,25.05,52.40,73,0,30.91,101.29,7.00,448.00,null,null,null
2023-09-16T22:31:43Z,25.04,52.37,73,0,33.13,101.29,7.00,448.00,null,null,null
2023-09-16T22:32:43Z,25.04,52.34,73,0,33.71,101.29,7.00,448.00,0,0,0
2023-09-16T22:33:43Z,25.04,52.33,73,0,32.16,101.29,6.00,445.00,null,null,null
2023-09-16T22:34:43Z,25.02,52.38,73,0,30.31,101.29,6.00,445.00,null,null,null
2023-09-16T22:35:43Z,25.02,52.40,72,0,34.11,101.29,6.00,445.00,null,null,null
2023-09-16T22:36:43Z,25.01,52.41,73,0,30.63,101.29,6.00,445.00,null,null,null
2023-09-16T22:37:43Z,25.00,52.40,73,0,28.27,101.29,7.00,448.00,0,0,0
2023-09-16T22:38:43Z,25.00,52.41,73,0,30.97,101.29,6.00,445.00,null,null,null
2023-09-16T22:39:43Z,25.00,52.39,73,0,41.56,101.29,6.00,445.00,null,null,null
2023-09-16T22:40:43Z,25.01,52.43,73,0,38.80,101.29,6.00,445.00,null,null,null
2023-09-16T22:41:43Z,24.97,52.42,73,0,26.71,101.29,7.00,448.00,null,null,null
2023-09-16T22:42:43Z,24.96,52.43,73,0,28.17,101.29,7.00,448.00,0,0,0
2023-09-16T22:43:43Z,25.00,52.42,73,0,28.78,101.29,6.00,442.00,null,null,null
2023-09-16T22:44:43Z,24.98,52.42,73,0,31.05,101.28,6.00,445.00,null,null,null
2023-09-16T22:45:43Z,24.96,52.45,73,0,40.13,101.28,7.00,448.00,null,null,null
2023-09-16T22:46:43Z,24.94,52.50,73,0,27.10,101.29,6.00,445.00,null,null,null
2023-09-16T22:47:43Z,24.96,52.47,73,0,28.39,101.29,6.00,445.00,0,0,0
2023-09-16T22:48:43Z,24.97,52.49,73,0,30.85,101.28,6.00,445.00,null,null,null
2023-09-16T22:49:43Z,24.96,52.44,73,0,32.65,101.28,6.00,445.00,null,null,null
2023-09-16T22:50:43Z,24.91,52.46,72,0,31.51,101.28,6.00,445.00,null,null,null
2023-09-16T22:51:43Z,24.96,52.47,73,0,32.85,101.28,6.00,445.00,null,null,null
2023-09-16T22:52:43Z,24.93,52.54,73,0,31.76,101.28,6.00,445.00,0,0,0
2023-09-16T22:53:43Z,24.94,52.50,72,0,34.75,101.28,6.00,445.00,null,null,null
2023-09-16T22:54:43Z,24.91,52.51,72,0,29.28,101.28,6.00,442.00,null,null,null
2023-09-16T22:55:43Z,24.93,52.55,72,0,32.51,101.27,6.00,445.00,null,null,null
2023-09-16T22:56:43Z,24.91,52.56,72,0,31.81,101.27,6.00,445.00,null,null,null
2023-09-16T22:57:43Z,24.91,52.55,72,0,27.73,101.27,6.00,442.00,0,0,0
2023-09-16T22:58:43Z,24.90,52.52,73,0,32.78,101.27,6.00,442.00,null,null,null
2023-09-16T22:59:43Z,24.91,52.55,72,0,31.44,101.27,6.00,442.00,null,null,null
2023-09-16T23:00:43Z,24.87,52.57,72,0,27.92,101.26,6.00,445.00,null,null,null
2023-09-16T23:01:43Z,24.88,52.57,72,0,29.49,101.26,6.00,445.00,null,null,null
2023-09-16T23:02:43Z,24.87,52.63,72,0,31.82,101.26,6.00,442.00,0,0,0
2023-09-16T23:03:43Z,24.90,52.54,72,0,28.48,101.26,6.00,442.00,null,null,null
2023-09-16T23:04:43Z,24.93,52.52,72,0,36.86,101.26,6.00,442.00,null,null,null
2023-09-16T23:05:43Z,24.87,52.57,72,0,30.46,101.26,6.00,442.00,null,null,null
2023-09-16T23:06:43Z,24.87,52.61,72,0,29.92,101.26,6.00,442.00,null,null,null
2023-09-16T23:07:43Z,24.86,52.60,72,0,31.40,101.25,6.00,442.00,0,0,0
2023-09-16T23:08:43Z,24.86,52.60,72,0,32.03,101.26,6.00,442.00,null,null,null
2023-09-16T23:09:43Z,24.86,52.60,72,0,29.98,101.26,6.00,442.00,null,null,null
2023-09-16T23:10:43Z,24.84,52.61,72,0,31.81,101.25,6.00,442.00,null,null,null
2023-09-16T23:11:43Z,24.83,52.62,72,0,32.50,101.25,6.00,442.00,null,null,null
2023-09-16T23:12:43Z,24.81,52.65,72,0,30.06,101.25,6.00,442.00,0,0,0
2023-09-16T23:13:43Z,24.81,52.66,72,0,30.63,101.25,6.00,442.00,null,null,null
2023-09-16T23:14:43Z,24.84,52.65,72,0,31.86,101.26,6.00,442.00,null,null,null
2023-09-16T23:15:43Z,24.83,52.64,72,0,29.70,101.25,6.00,442.00,null,null,null
2023-09-16T23:16:43Z,24.83,52.61,72,0,28.37,101.25,6.00,442.00,null,null,null
2023-09-16T23:17:43Z,24.81,52.69,72,0,30.43,101.25,5.00,436.00,0,0,0
2023-09-16T23:18:43Z,24.80,52.64,72,0,33.25,101.26,4.00,432.00,null,null,null
2023-09-16T23:19:43Z,24.83,52.65,72,0,33.65,101.26,5.00,436.00,null,null,null
2023-09-16T23:20:43Z,24.78,52.65,72,0,31.69,101.25,5.00,436.00,null,null,null
2023-09-16T23:21:43Z,24.81,52.71,72,0,29.20,101.25,6.00,442.00,null,null,null
2023-09-16T23:22:43Z,24.77,52.67,72,0,32.41,101.25,6.00,442.00,0,0,0
2023-09-16T23:23:43Z,24.80,52.72,72,0,32.68,101.25,5.00,436.00,null,null,null
2023-09-16T23:24:43Z,24.77,52.70,72,0,33.46,101.25,6.00,442.00,null,null,null
2023-09-16T23:25:43Z,24.78,52.67,72,0,39.91,101.25,6.00,442.00,null,null,null
2023-09-16T23:26:43Z,24.78,52.72,72,0,32.14,101.25,5.00,436.00,null,null,null
2023-09-16T23:27:43Z,24.77,52.75,72,0,28.81,101.25,5.00,436.00,0,0,0
2023-09-16T23:28:43Z,24.75,52.74,72,0,35.09,101.26,3.00,425.00,null,null,null
2023-09-16T23:29:43Z,24.78,52.74,72,0,32.83,101.25,6.00,442.00,null,null,null
2023-09-16T23:30:43Z,24.78,52.74,72,0,30.27,101.25,5.00,436.00,null,null,null
2023-09-16T23:31:43Z,24.74,52.71,72,0,34.10,101.25,5.00,436.00,null,null,null
2023-09-16T23:32:43Z,24.75,52.75,72,0,32.16,101.25,11.00,475.00,0,0,0
2023-09-16T23:33:43Z,24.74,52.78,72,0,31.11,101.25,4.00,432.00,null,null,null
2023-09-16T23:34:43Z,24.74,52.74,72,0,31.47,101.25,10.00,466.00,null,null,null
2023-09-16T23:35:43Z,24.74,52.78,72,0,31.35,101.24,11.00,475.00,null,null,null
2023-09-16T23:36:43Z,24.73,52.78,72,0,30.47,101.24,10.00,466.00,null,null,null
2023-09-16T23:37:43Z,24.70,52.80,72,0,38.08,101.24,10.00,466.00,0,0,0
2023-09-16T23:38:43Z,24.73,52.81,72,0,30.53,101.24,10.00,466.00,null,null,null
2023-09-16T23:39:43Z,24.73,52.75,72,0,34.63,101.24,10.00,466.00,null,null,null
2023-09-16T23:40:43Z,24.71,52.82,72,0,30.46,101.24,10.00,466.00,null,null,null
2023-09-16T23:41:43Z,24.70,52.80,72,0,27.78,101.23,10.00,466.00,null,null,null
2023-09-16T23:42:43Z,24.69,52.79,72,0,27.69,101.24,10.00,466.00,0,0,0
2023-09-16T23:43:43Z,24.71,52.82,71,0,29.01,101.24,10.00,466.00,null,null,null
2023-09-16T23:44:43Z,24.69,52.83,72,0,33.05,101.23,10.00,466.00,null,null,null
2023-09-16T23:45:43Z,24.69,52.79,72,0,25.76,101.24,10.00,466.00,null,null,null
2023-09-16T23:46:43Z,24.70,52.84,72,0,32.13,101.24,10.00,466.00,null,null,null
2023-09-16T23:47:43Z,24.67,52.89,72,0,31.37,101.24,10.00,466.00,0,0,0
2023-09-16T23:48:43Z,24.69,52.84,72,0,30.44,101.24,10.00,466.00,null,null,null
2023-09-16T23:49:43Z,24.66,52.86,72,0,26.64,101.24,10.00,466.00,null,null,null
2023-09-16T23:50:43Z,24.67,52.85,71,0,31.25,101.24,10.00,466.00,null,null,null
2023-09-16T23:51:43Z,24.67,52.88,72,0,26.55,101.25,10.00,466.00,null,null,null
2023-09-16T23:52:43Z,24.63,52.91,72,0,32.46,101.24,10.00,466.00,0,0,0
2023-09-16T23:53:43Z,24.66,52.90,71,0,29.31,101.24,10.00,466.00,null,null,null
2023-09-16T23:54:43Z,24.64,52.88,72,0,28.73,101.24,10.00,466.00,null,null,null
2023-09-16T23:55:43Z,24.66,52.87,71,0,27.16,101.24,9.00,462.00,null,null,null
2023-09-16T23:56:43Z,24.66,52.93,72,0,30.44,101.24,9.00,462.00,null,null,null
2023-09-16T23:57:43Z,24.61,52.94,71,0,26.19,101.24,9.00,462.00,0,0,0
2023-09-16T23:58:43Z,24.61,52.95,71,0,30.42,101.25,9.00,462.00,null,null,null
2023-09-16T23:59:43Z,24.63,52.91,71,0,33.73,101.24,9.00,462.00,null,null,null
