TIME,TEMP,HUM,BATT,LIGHT,NOISE_A,PRESS,CCS811_VOCS,CCS811_ECO2,PM_1,PM_25,PM_10
ISO 8601,C,%,%,Lux,dBA,kPa,ppb,ppm,ug/m3,ug/m3,ug/m3
Time,Temperature,Humidity,Battery,Light,Noise dBA,Barometric pressure,VOC Gas CCS811,eCO2 Gas CCS811,PM 1.0,PM 2.5,PM 10.0
,55,56,10,14,53,58,113,112,89,87,88
2023-09-12T00:00:03Z,25.75,64.83,99,0,67.11,100.99,49.00,726.00,0,0,0
2023-09-12T00:01:03Z,25.77,64.91,99,0,61.97,100.99,49.00,726.00,null,null,null
2023-09-12T00:02:03Z,25.74,64.78,99,0,60.38,100.99,49.00,726.00,null,null,null
2023-09-12T00:03:03Z,25.74,64.83,99,0,63.09,100.99,58.00,787.00,null,null,null
2023-09-12T00:04:03Z,25.77,64.81,99,0,66.30,100.99,58.00,787.00,null,null,null
2023-09-12T00:05:03Z,25.71,64.79,99,0,67.26,100.98,49.00,726.00,0,0,0
2023-09-12T00:06:03Z,25.77,64.80,99,0,69.60,100.98,58.00,787.00,null,null,null
2023-09-12T00:07:03Z,25.72,64.80,99,0,66.38,100.99,47.00,715.00,null,null,null
2023-09-12T00:08:03Z,25.74,64.74,99,0,66.45,100.98,57.00,780.00,null,null,null
2023-09-12T00:09:03Z,25.72,64.73,99,0,68.63,100.98,59.00,791.00,null,null,null
2023-09-12T00:10:03Z,25.72,64.75,99,0,70.93,100.98,60.00,798.00,0,0,0
2023-09-12T00:11:03Z,25.74,64.76,99,0,66.82,100.98,57.00,780.00,null,null,null
2023-09-12T00:12:03Z,25.74,64.78,99,0,66.62,100.98,57.00,780.00,null,null,null
2023-09-12T00:13:03Z,25.75,64.74,99,0,70.07,100.99,57.00,780.00,null,null,null
2023-09-12T00:14:03Z,25.72,64.80,99,0,67.55,100.98,49.00,728.00,null,null,null
2023-09-12T00:15:03Z,25.74,64.74,99,0,66.65,100.98,57.00,780.00,0,0,0
2023-09-12T00:16:03Z,25.74,64.80,99,0,68.19,100.98,59.00,791.00,null,null,null
2023-09-12T00:17:03Z,25.71,64.70,99,0,68.93,100.98,57.00,780.00,null,null,null
2023-09-12T00:18:03Z,25.72,64.75,99,0,65.17,100.98,59.00,791.00,null,null,null
2023-09-12T00:19:03Z,25.74,64.75,99,0,64.59,100.98,56.00,772.00,null,null,null
2023-09-12T00:20:03Z,25.72,64.74,99,0,65.78,100.98,57.00,780.00,0,0,0
2023-09-12T00:21:03Z,25.71,64.76,99,0,62.03,100.98,57.00,780.00,null,null,null
2023-09-12T00:22:03Z,25.74,64.78,99,0,66.40,100.98,57.00,780.00,null,null,null
2023-09-12T00:23:03Z,25.71,64.68,99,0,58.80,100.98,57.00,780.00,null,null,null
2023-09-12T00:24:03Z,25.72,64.74,99,0,68.41,100.98,59.00,791.00,null,null,null
2023-09-12T00:25:03Z,25.70,64.75,99,0,73.31,100.99,59.00,791.00,0,0,0
2023-09-12T00:26:03Z,25.70,64.74,99,0,66.45,100.98,56.00,772.00,null,null,null
2023-09-12T00:27:03Z,25.72,64.74,99,0,70.82,100.98,57.00,780.00,null,null,null
2023-09-12T00:28:03Z,25.70,64.69,99,0,59.68,100.98,57.00,780.00,null,null,null
2023-09-12T00:29:03Z,25.71,64.72,99,0,69.77,100.98,57.00,780.00,null,null,null
2023-09-12T00:30:03Z,25.67,64.68,99,0,66.60,100.98,57.00,780.00,0,0,0
2023-09-12T00:31:03Z,25.71,64.75,99,0,72.61,100.97,57.00,780.00,null,null,null
2023-09-12T00:32:03Z,25.70,64.70,99,0,63.98,100.98,56.00,772.00,null,null,null
2023-09-12T00:33:03Z,25.71,64.71,99,0,68.97,100.98,57.00,780.00,null,null,null
2023-09-12T00:34:03Z,25.68,64.65,99,0,64.91,100.98,57.00,780.00,null,null,null
2023-09-12T00:35:03Z,25.70,64.76,99,0,69.98,100.98,57.00,780.00,0,0,0
2023-09-12T00:36:03Z,25.70,64.78,99,0,67.48,100.98,56.00,772.00,null,null,null
2023-09-12T00:37:03Z,25.71,64.74,99,0,66.22,100.98,55.00,763.00,null,null,null
2023-09-12T00:38:03Z,25.70,64.77,99,0,62.19,100.98,57.00,780.00,null,null,null
2023-09-12T00:39:03Z,25.68,64.79,99,0,63.64,100.98,56.00,772.00,null,null,null
2023-09-12T00:40:03Z,25.70,64.78,99,0,66.11,100.98,55.00,763.00,0,0,0
2023-09-12T00:41:03Z,25.70,64.78,99,0,59.96,100.98,55.00,763.00,null,null,null
2023-09-12T00:42:03Z,25.70,64.78,99,0,68.58,100.98,56.00,772.00,null,null,null
2023-09-12T00:43:03Z,25.70,64.78,99,0,63.92,100.99,55.00,763.00,null,null,null
2023-09-12T00:44:03Z,25.70,64.78,99,0,65.07,100.98,56.00,772.00,null,null,null
2023-09-12T00:45:03Z,25.68,64.72,99,0,64.58,100.98,55.00,763.00,0,0,0
2023-09-12T00:46:03Z,25.68,64.80,99,0,65.51,100.98,56.00,772.00,null,null,null
2023-09-12T00:47:03Z,25.71,64.78,99,0,67.17,100.98,55.00,763.00,null,null,null
2023-09-12T00:48:03Z,25.65,64.78,99,0,67.04,100.98,55.00,763.00,null,null,null
2023-09-12T00:49:03Z,25.68,64.80,99,0,69.91,100.98,53.00,754.00,null,null,null
2023-09-12T00:50:03Z,25.70,64.77,99,0,67.09,100.98,55.00,763.00,0,0,0
2023-09-12T00:51:03Z,25.68,64.79,99,0,64.32,100.98,55.00,763.00,null,null,null
2023-09-12T00:52:03Z,25.65,64.76,99,0,68.81,100.98,53.00,754.00,null,null,null
2023-09-12T00:53:03Z,25.70,64.79,99,0,63.26,100.98,53.00,754.00,null,null,null
2023-09-12T00:54:03Z,25.65,64.80,99,0,61.86,100.98,53.00,754.00,null,null,null
2023-09-12T00:55:03Z,25.68,64.81,99,0,68.14,100.98,53.00,754.00,0,0,0
2023-09-12T00:56:03Z,25.70,64.81,99,0,65.66,100.98,53.00,754.00,null,null,null
2023-09-12T00:57:03Z,25.65,64.74,99,0,69.78,100.98,53.00,754.00,null,null,null
2023-09-12T00:58:03Z,25.67,64.74,99,0,68.05,100.97,55.00,763.00,null,null,null
2023-09-12T00:59:03Z,25.65,64.76,99,0,65.07,100.97,55.00,763.00,null,null,null
2023-09-12T01:00:03Z,25.67,64.68,99,0,66.13,100.97,53.00,754.00,0,0,0
2023-09-12T01:01:03Z,25.67,64.86,99,0,65.19,100.97,54.00,757.00,null,null,null
2023-09-12T01:02:03Z,25.67,64.81,99,0,68.49,100.97,53.00,754.00,null,null,null
2023-09-12T01:03:03Z,25.67,64.75,99,0,68.74,100.96,53.00,754.00,null,null,null
2023-09-12T01:04:03Z,25.64,64.75,99,0,68.41,100.96,53.00,754.00,null,null,null
2023-09-12T01:05:03Z,25.65,64.80,99,0,69.33,100.96,53.00,754.00,0,0,0
2023-09-12T01:06:03Z,25.67,64.83,99,0,61.76,100.96,53.00,748.00,null,null,null
2023-09-12T01:07:03Z,25.67,64.73,99,0,68.94,100.96,53.00,754.00,null,null,null
2023-09-12T01:08:03Z,25.62,64.77,99,0,62.05,100.96,55.00,763.00,null,null,null
2023-09-12T01:09:03Z,25.62,64.77,99,0,62.68,100.96,55.00,763.00,null,null,null
2023-09-12T01:10:03Z,25.62,64.76,99,0,65.25,100.96,53.00,754.00,0,0,0
2023-09-12T01:11:03Z,25.64,64.80,99,0,67.62,100.96,53.00,748.00,null,null,null
2023-09-12T01:12:03Z,25.65,64.78,99,0,65.93,100.96,53.00,754.00,null,null,null
2023-09-12T01:13:03Z,25.65,64.70,99,0,68.26,100.96,53.00,754.00,null,null,null
2023-09-12T01:14:03Z,25.64,64.76,99,0,66.23,100.96,55.00,763.00,null,null,null
2023-09-12T01:15:03Z,25.62,64.74,99,0,66.84,100.96,55.00,763.00,0,0,0
2023-09-12T01:16:03Z,25.65,64.80,99,0,64.84,100.96,56.00,772.00,null,null,null
2023-09-12T01:17:03Z,25.65,64.77,99,0,67.02,100.96,57.00,780.00,null,null,null
2023-09-12T01:18:03Z,25.62,64.69,99,0,69.73,100.96,58.00,787.00,null,null,null
2023-09-12T01:19:03Z,25.64,64.69,99,0,64.56,100.96,60.00,798.00,null,null,null
2023-09-12T01:20:03Z,25.62,64.67,99,0,68.28,100.96,61.00,806.00,0,0,0
2023-09-12T01:21:03Z,25.64,64.69,99,0,61.60,100.96,60.00,798.00,null,null,null
2023-09-12T01:22:03Z,25.64,64.68,99,0,67.34,100.96,61.00,806.00,null,null,null
2023-09-12T01:23:03Z,25.64,64.65,99,0,66.82,100.96,62.00,810.00,null,null,null
2023-09-12T01:24:03Z,25.61,64.68,99,0,63.56,100.96,62.00,810.00,null,null,null
2023-09-12T01:25:03Z,25.61,64.64,99,0,69.99,100.96,64.00,825.00,0,0,0
2023-09-12T01:26:03Z,25.64,64.67,99,0,68.41,100.96,62.00,810.00,null,null,null
2023-09-12T01:27:03Z,25.61,64.64,99,0,64.69,100.96,64.00,825.00,null,null,null
2023-09-12T01:28:03Z,25.64,64.63,99,0,69.04,100.96,64.00,825.00,null,null,null
2023-09-12T01:29:03Z,25.62,64.60,99,0,67.87,100.96,62.00,810.00,null,null,null
2023-09-12T01:30:03Z,25.61,64.72,99,0,66.48,100.95,62.00,810.00,0,0,0
2023-09-12T01:31:03Z,25.62,64.71,99,0,72.04,100.96,62.00,810.00,null,null,null
2023-09-12T01:32:03Z,25.61,64.63,99,0,62.42,100.95,62.00,810.00,null,null,null
2023-09-12T01:33:03Z,25.62,64.62,99,0,66.07,100.95,62.00,810.00,null,null,null
2023-09-12T01:34:03Z,25.60,64.65,99,0,59.84,100.95,61.00,806.00,null,null,null
2023-09-12T01:35:03Z,25.58,64.63,99,0,64.00,100.96,61.00,806.00,0,0,0
2023-09-12T01:36:03Z,25.62,64.59,99,0,62.15,100.96,61.00,806.00,null,null,null
2023-09-12T01:37:03Z,25.60,64.60,99,0,64.44,100.95,61.00,806.00,null,null,null
2023-09-12T01:38:03Z,25.62,64.60,99,0,67.84,100.95,61.00,806.00,null,null,null
2023-09-12T01:39:03Z,25.60,64.57,99,0,66.12,100.96,61.00,806.00,null,null,null
2023-09-12T01:40:03Z,25.60,64.58,99,0,75.78,100.95,61.00,806.00,0,0,0
2023-09-12T01:41:03Z,25.60,64.55,99,0,66.44,100.96,61.00,806.00,null,null,null
2023-09-12T01:42:03Z,25.60,64.55,99,0,62.53,100.96,61.00,806.00,null,null,null
2023-09-12T01:43:03Z,25.60,64.52,99,0,67.30,100.95,61.00,806.00,null,null,null
2023-09-12T01:44:03Z,25.60,64.48,99,0,62.63,100.96,60.00,798.00,null,null,null
2023-09-12T01:45:03Z,25.58,64.51,99,0,59.54,100.96,60.00,798.00,0,0,0
2023-09-12T01:46:03Z,25.60,64.46,99,0,61.79,100.96,60.00,798.00,null,null,null
2023-09-12T01:47:03Z,25.61,64.48,99,0,70.02,100.95,60.00,798.00,null,null,null
2023-09-12T01:48:03Z,25.58,64.41,99,0,67.59,100.96,60.00,798.00,null,null,null
2023-09-12T01:49:03Z,25.60,64.45,99,0,65.47,100.95,60.00,798.00,null,null,null
2023-09-12T01:50:03Z,25.58,64.43,99,0,62.17,100.96,60.00,798.00,0,0,0
2023-09-12T01:51:03Z,25.60,64.45,99,0,64.06,100.95,60.00,798.00,null,null,null
2023-09-12T01:52:03Z,25.57,64.44,99,0,66.66,100.95,59.00,791.00,null,null,null
2023-09-12T01:53:03Z,25.58,64.40,99,0,72.98,100.95,59.00,791.00,null,null,null
2023-09-12T01:54:03Z,25.60,64.35,99,0,67.55,100.95,59.00,791.00,null,null,null
2023-09-12T01:55:03Z,25.57,64.37,99,0,64.74,100.95,59.00,791.00,0,0,0
2023-09-12T01:56:03Z,25.60,64.37,99,0,72.09,100.96,57.00,780.00,null,null,null
2023-09-12T01:57:03Z,25.60,64.31,99,0,69.44,100.95,57.00,780.00,null,null,null
2023-09-12T01:58:03Z,25.58,64.31,99,0,62.47,100.96,57.00,780.00,null,null,null
2023-09-12T01:59:03Z,25.57,64.33,99,0,72.26,100.95,57.00,780.00,null,null,null
2023-09-12T02:00:03Z,25.57,64.34,99,0,63.80,100.96,57.00,780.00,0,0,0
2023-09-12T02:01:03Z,25.57,64.30,99,0,64.20,100.95,57.00,780.00,null,null,null
2023-09-12T02:02:03Z,25.57,64.26,99,0,71.49,100.96,57.00,780.00,null,null,null
2023-09-12T02:03:03Z,25.57,64.25,99,0,61.53,100.96,57.00,780.00,null,null,null
2023-09-12T02:04:03Z,25.57,64.24,99,0,62.98,100.96,57.00,780.00,null,null,null
2023-09-12T02:05:03Z,25.55,64.21,99,0,66.21,100.96,58.00,785.00,0,0,0
2023-09-12T02:06:03Z,25.57,64.23,99,0,69.73,100.96,58.00,785.00,null,null,null
2023-09-12T02:07:03Z,25.58,64.18,99,0,69.10,100.96,57.00,776.00,null,null,null
2023-09-12T02:08:03Z,25.55,64.16,99,0,65.03,100.96,57.00,776.00,null,null,null
2023-09-12T02:09:03Z,25.54,64.15,99,0,65.28,100.96,57.00,776.00,null,null,null
2023-09-12T02:10:03Z,25.55,64.16,99,0,64.67,100.96,57.00,776.00,0,0,0
2023-09-12T02:11:03Z,25.57,64.15,99,0,63.19,100.96,57.00,776.00,null,null,null
2023-09-12T02:12:03Z,25.55,64.16,99,0,64.86,100.96,57.00,776.00,null,null,null
2023-09-12T02:13:03Z,25.57,64.10,99,0,64.92,100.96,56.00,768.00,null,null,null
2023-09-12T02:14:03Z,25.54,64.10,99,0,69.53,100.96,56.00,768.00,null,null,null
2023-09-12T02:15:03Z,25.52,64.07,99,0,63.92,100.96,56.00,768.00,0,0,0
2023-09-12T02:16:03Z,25.54,64.09,99,0,68.00,100.96,56.00,768.00,null,null,null
2023-09-12T02:17:03Z,25.55,64.04,99,0,65.52,100.96,56.00,768.00,null,null,null
2023-09-12T02:18:03Z,25.54,64.03,99,0,67.78,100.95,54.00,761.00,null,null,null
2023-09-12T02:19:03Z,25.52,64.03,99,0,67.18,100.96,56.00,768.00,null,null,null
2023-09-12T02:20:03Z,25.52,64.02,99,0,70.86,100.96,54.00,761.00,0,0,0
2023-09-12T02:21:03Z,25.54,63.98,99,0,62.51,100.96,54.00,761.00,null,null,null
2023-09-12T02:22:03Z,25.52,64.01,99,0,70.81,100.96,54.00,761.00,null,null,null
2023-09-12T02:23:03Z,25.54,64.02,99,0,64.32,100.96,53.00,752.00,null,null,null
2023-09-12T02:24:03Z,25.52,63.97,99,0,64.04,100.95,54.00,761.00,null,null,null
2023-09-12T02:25:03Z,25.51,63.94,99,0,60.94,100.96,54.00,761.00,0,0,0
2023-09-12T02:26:03Z,25.52,63.98,99,0,72.00,100.96,53.00,752.00,null,null,null
2023-09-12T02:27:03Z,25.52,63.92,99,0,63.72,100.96,53.00,752.00,null,null,null
2023-09-12T02:28:03Z,25.50,63.95,99,0,65.36,100.96,53.00,752.00,null,null,null
2023-09-12T02:29:03Z,25.52,63.92,99,0,66.90,100.96,53.00,752.00,null,null,null
2023-09-12T02:30:03Z,25.52,63.90,99,0,61.33,100.96,53.00,752.00,0,0,0
2023-09-12T02:31:03Z,25.52,63.91,99,0,66.90,100.96,53.00,752.00,null,null,null
2023-09-12T02:32:03Z,25.50,63.86,99,0,66.59,100.96,52.00,744.00,null,null,null
2023-09-12T02:33:03Z,25.51,63.89,99,0,65.43,100.96,53.00,752.00,null,null,null
2023-09-12T02:34:03Z,25.51,63.83,99,0,59.71,100.96,52.00,744.00,null,null,null
2023-09-12T02:35:03Z,25.51,63.86,99,0,70.65,100.96,52.00,744.00,0,0,0
2023-09-12T02:36:03Z,25.50,63.85,99,0,65.81,100.96,52.00,744.00,null,null,null
2023-09-12T02:37:03Z,25.51,63.84,99,0,64.08,100.96,52.00,744.00,null,null,null
2023-09-12T02:38:03Z,25.50,63.78,99,0,59.28,100.96,51.00,740.00,null,null,null
2023-09-12T02:39:03Z,25.48,63.78,99,0,67.56,100.96,51.00,740.00,null,null,null
2023-09-12T02:40:03Z,25.50,63.80,99,0,64.99,100.96,51.00,740.00,0,0,0
2023-09-12T02:41:03Z,25.51,63.79,99,0,68.84,100.96,51.00,740.00,null,null,null
2023-09-12T02:42:03Z,25.50,63.77,99,0,59.84,100.96,51.00,740.00,null,null,null
2023-09-12T02:43:03Z,25.51,63.75,99,0,69.66,100.96,51.00,740.00,null,null,null
2023-09-12T02:44:03Z,25.48,63.75,99,0,69.47,100.96,51.00,740.00,null,null,null
2023-09-12T02:45:03Z,25.48,63.76,99,0,64.42,100.96,50.00,732.00,0,0,0
2023-09-12T02:46:03Z,25.50,63.73,99,0,69.69,100.96,50.00,732.00,null,null,null
2023-09-12T02:47:03Z,25.50,63.75,99,0,72.90,100.96,51.00,737.00,null,null,null
2023-09-12T02:48:03Z,25.48,63.69,99,0,62.07,100.96,50.00,732.00,null,null,null
2023-09-12T02:49:03Z,25.45,63.68,99,0,61.69,100.97,51.00,737.00,null,null,null
2023-09-12T02:50:03Z,25.48,63.68,99,0,62.14,100.96,51.00,737.00,0,0,0
2023-09-12T02:51:03Z,25.48,63.72,99,0,65.21,100.96,51.00,737.00,null,null,null
2023-09-12T02:52:03Z,25.48,63.67,99,0,63.29,100.97,51.00,737.00,null,null,null
2023-09-12T02:53:03Z,25.48,63.63,99,0,64.16,100.96,51.00,737.00,null,null,null
2023-09-12T02:54:03Z,25.47,63.65,99,0,68.92,100.96,50.00,732.00,null,null,null
2023-09-12T02:55:03Z,25.45,63.67,99,0,64.12,100.96,51.00,737.00,0,0,0
2023-09-12T02:56:03Z,25.48,63.65,99,0,65.71,100.96,48.00,719.00,null,null,null
2023-09-12T02:57:03Z,25.47,63.58,99,0,58.02,100.96,50.00,732.00,null,null,null
2023-09-12T02:58:03Z,25.47,63.65,99,0,63.35,100.96,50.00,732.00,null,null,null
2023-09-12T02:59:03Z,25.48,63.62,99,0,65.11,100.96,50.00,732.00,null,null,null
2023-09-12T03:00:03Z,25.45,63.61,99,0,65.91,100.96,50.00,732.00,0,0,0
2023-09-12T03:01:03Z,25.48,63.60,99,0,63.52,100.96,48.00,719.00,null,null,null
2023-09-12T03:02:03Z,25.47,63.60,99,0,69.70,100.96,50.00,732.00,null,null,null
2023-09-12T03:03:03Z,25.47,63.62,99,0,68.53,100.95,50.00,732.00,null,null,null
2023-09-12T03:04:03Z,25.44,63.62,99,0,65.59,100.96,50.00,732.00,null,null,null
2023-09-12T03:05:03Z,25.47,63.68,99,0,64.55,100.96,50.00,732.00,0,0,0
2023-09-12T03:06:03Z,25.44,63.66,99,0,71.01,100.96,48.00,719.00,null,null,null
2023-09-12T03:07:03Z,25.45,63.67,99,0,64.60,100.96,51.00,737.00,null,null,null
2023-09-12T03:08:03Z,25.45,63.68,99,0,63.13,100.96,51.00,737.00,null,null,null
2023-09-12T03:09:03Z,25.44,63.64,99,0,61.43,100.96,52.00,746.00,null,null,null
2023-09-12T03:10:03Z,25.43,63.66,99,0,69.64,100.96,52.00,746.00,0,0,0
2023-09-12T03:11:03Z,25.44,63.70,99,0,69.19,100.96,52.00,746.00,null,null,null
2023-09-12T03:12:03Z,25.45,63.67,99,0,65.15,100.96,53.00,749.00,null,null,null
2023-09-12T03:13:03Z,25.44,63.64,99,0,65.84,100.96,54.00,759.00,null,null,null
2023-09-12T03:14:03Z,25.41,63.70,99,0,71.88,100.96,54.00,759.00,null,null,null
2023-09-12T03:15:03Z,25.41,63.69,99,0,58.64,100.96,54.00,759.00,0,0,0
2023-09-12T03:16:03Z,25.41,63.76,99,0,60.75,100.96,53.00,749.00,null,null,null
2023-09-12T03:17:03Z,25.45,63.74,99,0,64.98,100.96,54.00,761.00,null,null,null
2023-09-12T03:18:03Z,25.41,63.71,99,0,68.16,100.96,56.00,768.00,null,null,null
2023-09-12T03:19:03Z,25.41,63.74,99,0,64.66,100.96,56.00,768.00,null,null,null
2023-09-12T03:20:03Z,25.41,63.78,99,0,65.88,100.96,56.00,768.00,0,0,0
2023-09-12T03:21:03Z,25.40,63.86,99,0,68.42,100.96,54.00,761.00,null,null,null
2023-09-12T03:22:03Z,25.41,63.74,99,0,69.97,100.96,53.00,752.00,null,null,null
2023-09-12T03:23:03Z,25.40,63.79,99,0,64.68,100.96,54.00,759.00,null,null,null
2023-09-12T03:24:03Z,25.38,63.79,99,0,61.16,100.96,53.00,752.00,null,null,null
2023-09-12T03:25:03Z,25.37,63.81,99,0,63.17,100.96,53.00,752.00,0,0,0
2023-09-12T03:26:03Z,25.38,63.89,99,0,65.12,100.96,53.00,752.00,null,null,null
2023-09-12T03:27:03Z,25.38,63.83,99,0,67.50,100.96,53.00,752.00,null,null,null
2023-09-12T03:28:03Z,25.38,63.81,99,0,66.17,100.96,53.00,752.00,null,null,null
2023-09-12T03:29:03Z,25.40,63.83,99,0,70.01,100.96,54.00,761.00,null,null,null
2023-09-12T03:30:03Z,25.38,63.86,99,0,68.10,100.96,54.00,761.00,0,0,0
2023-09-12T03:31:03Z,25.38,63.92,99,0,68.91,100.96,53.00,752.00,null,null,null
2023-09-12T03:32:03Z,25.35,63.86,99,0,64.97,100.96,53.00,752.00,null,null,null
2023-09-12T03:33:03Z,25.35,63.86,99,0,71.71,100.95,53.00,752.00,null,null,null
2023-09-12T03:34:03Z,25.37,63.81,99,0,62.90,100.96,53.00,752.00,null,null,null
2023-09-12T03:35:03Z,25.35,63.91,99,0,62.25,100.96,53.00,752.00,0,0,0
2023-09-12T03:36:03Z,25.34,63.95,99,0,59.75,100.95,53.00,752.00,null,null,null
2023-09-12T03:37:03Z,25.35,63.93,99,0,68.24,100.95,53.00,752.00,null,null,null
2023-09-12T03:38:03Z,25.34,63.93,99,0,66.23,100.95,53.00,752.00,null,null,null
2023-09-12T03:39:03Z,25.33,63.94,99,0,63.51,100.95,53.00,752.00,null,null,null
2023-09-12T03:40:03Z,25.34,63.94,99,0,71.24,100.94,52.00,744.00,0,0,0
2023-09-12T03:41:03Z,25.37,64.03,99,0,73.01,100.94,52.00,744.00,null,null,null
2023-09-12T03:42:03Z,25.35,63.97,99,0,60.68,100.94,52.00,744.00,null,null,null
2023-09-12T03:43:03Z,25.37,64.00,99,0,61.61,100.94,53.00,752.00,null,null,null
2023-09-12T03:44:03Z,25.33,63.99,99,0,62.29,100.94,52.00,744.00,null,null,null
2023-09-12T03:45:03Z,25.33,64.02,99,0,65.21,100.94,52.00,744.00,0,0,0
2023-09-12T03:46:03Z,25.33,64.10,99,0,60.72,100.94,15.00,505.00,null,null,null
2023-09-12T03:47:03Z,25.31,64.04,99,0,64.36,100.94,15.00,505.00,null,null,null
2023-09-12T03:48:03Z,25.33,64.01,99,0,67.53,100.94,15.00,502.00,null,null,null
2023-09-12T03:49:03Z,25.31,64.06,99,0,63.50,100.94,15.00,505.00,null,null,null
2023-09-12T03:50:03Z,25.33,64.10,99,0,64.18,100.94,15.00,502.00,0,0,0
2023-09-12T03:51:03Z,25.31,64.12,99,0,60.37,100.94,15.00,502.00,null,null,null
2023-09-12T03:52:03Z,25.30,64.10,99,0,62.75,100.94,15.00,502.00,null,null,null
2023-09-12T03:53:03Z,25.30,64.16,99,0,64.27,100.94,15.00,502.00,null,null,null
2023-09-12T03:54:03Z,25.30,64.12,99,0,68.09,100.94,15.00,502.00,null,null,null
2023-09-12T03:55:03Z,25.30,64.13,99,0,66.02,100.94,15.00,502.00,0,0,0
2023-09-12T03:56:03Z,25.31,64.24,99,0,71.25,100.94,15.00,502.00,null,null,null
2023-09-12T03:57:03Z,25.33,64.22,99,0,63.43,100.94,15.00,502.00,null,null,null
2023-09-12T03:58:03Z,25.29,64.20,99,0,66.16,100.94,15.00,502.00,null,null,null
2023-09-12T03:59:03Z,25.30,64.21,99,0,64.81,100.94,15.00,502.00,null,null,null
2023-09-12T04:00:03Z,25.29,64.18,99,0,68.60,100.94,15.00,502.00,0,0,0
2023-09-12T04:01:03Z,25.29,64.29,99,0,64.05,100.94,15.00,502.00,null,null,null
2023-09-12T04:02:03Z,25.29,64.25,99,0,67.30,100.94,15.00,500.00,null,null,null
2023-09-12T04:03:03Z,25.30,64.22,99,0,63.45,100.94,15.00,500.00,null,null,null
2023-09-12T04:04:03Z,25.29,64.21,99,0,66.73,100.94,14.00,497.00,null,null,null
2023-09-12T04:05:03Z,25.29,64.27,99,0,68.04,100.94,14.00,497.00,0,0,0
2023-09-12T04:06:03Z,25.26,64.32,99,0,67.79,100.94,14.00,495.00,null,null,null
2023-09-12T04:07:03Z,25.27,64.25,99,0,67.92,100.94,14.00,495.00,null,null,null
2023-09-12T04:08:03Z,25.26,64.29,99,0,70.51,100.94,14.00,495.00,null,null,null
2023-09-12T04:09:03Z,25.26,64.27,99,0,63.19,100.94,14.00,495.00,null,null,null
2023-09-12T04:10:03Z,25.23,64.32,99,0,72.48,100.94,14.00,495.00,0,0,0
2023-09-12T04:11:03Z,25.27,64.40,99,0,68.47,100.94,21.00,539.00,null,null,null
2023-09-12T04:12:03Z,25.29,64.30,99,0,63.69,100.94,14.00,495.00,null,null,null
2023-09-12T04:13:03Z,25.26,64.33,99,0,61.00,100.93,14.00,495.00,null,null,null
2023-09-12T04:14:03Z,25.24,64.37,99,0,71.68,100.94,14.00,495.00,null,null,null
2023-09-12T04:15:03Z,25.24,64.42,99,0,65.14,100.93,21.00,539.00,0,0,0
2023-09-12T04:16:03Z,25.26,64.53,99,0,63.93,100.93,21.00,539.00,null,null,null
2023-09-12T04:17:03Z,25.26,64.51,99,0,61.77,100.93,14.00,495.00,null,null,null
2023-09-12T04:18:03Z,25.24,64.53,99,0,68.48,100.93,14.00,495.00,null,null,null
2023-09-12T04:19:03Z,25.26,64.55,99,0,68.88,100.93,21.00,539.00,null,null,null
2023-09-12T04:20:03Z,25.23,64.55,99,0,62.22,100.93,14.00,495.00,0,0,0
2023-09-12T04:21:03Z,25.24,64.62,99,0,68.50,100.93,21.00,539.00,null,null,null
2023-09-12T04:22:03Z,25.27,64.59,99,0,69.34,100.93,21.00,539.00,null,null,null
2023-09-12T04:23:03Z,25.26,64.57,99,0,64.70,100.93,15.00,500.00,null,null,null
2023-09-12T04:24:03Z,25.24,64.64,99,0,66.02,100.93,14.00,495.00,null,null,null
2023-09-12T04:25:03Z,25.24,64.64,99,0,66.32,100.93,21.00,539.00,0,0,0
2023-09-12T04:26:03Z,25.24,64.73,99,0,67.27,100.93,22.00,545.00,null,null,null
2023-09-12T04:27:03Z,25.23,64.70,99,0,60.30,100.93,22.00,545.00,null,null,null
2023-09-12T04:28:03Z,25.23,64.76,99,0,65.76,100.93,22.00,545.00,null,null,null
2023-09-12T04:29:03Z,25.21,64.76,99,0,65.04,100.93,21.00,539.00,null,null,null
2023-09-12T04:30:03Z,25.21,64.79,99,0,67.92,100.93,21.00,542.00,0,0,0
2023-09-12T04:31:03Z,25.24,64.84,99,0,63.86,100.93,21.00,542.00,null,null,null
2023-09-12T04:32:03Z,25.24,64.80,99,0,66.29,100.93,22.00,548.00,null,null,null
2023-09-12T04:33:03Z,25.24,64.81,99,0,66.77,100.93,21.00,542.00,null,null,null
2023-09-12T04:34:03Z,25.24,64.78,99,0,null,100.93,22.00,548.00,null,null,null
2023-09-12T04:35:03Z,25.21,64.83,99,0,72.89,100.93,22.00,548.00,0,0,0
2023-09-12T04:36:03Z,25.21,64.93,99,0,68.81,100.92,22.00,548.00,null,null,null
2023-09-12T04:37:03Z,25.23,64.85,99,0,63.05,100.92,22.00,548.00,null,null,null
2023-09-12T04:38:03Z,25.24,64.89,99,0,73.24,100.93,23.00,553.00,null,null,null
2023-09-12T04:39:03Z,25.23,64.86,99,0,68.79,100.92,22.00,548.00,null,null,null
2023-09-12T04:40:03Z,25.20,64.87,99,0,63.66,100.92,23.00,553.00,0,0,0
2023-09-12T04:41:03Z,25.19,64.96,99,0,67.47,100.92,23.00,553.00,null,null,null
2023-09-12T04:42:03Z,25.21,64.90,99,0,63.41,100.92,23.00,553.00,null,null,null
2023-09-12T04:43:03Z,25.23,64.84,99,0,65.18,100.92,23.00,553.00,null,null,null
2023-09-12T04:44:03Z,25.23,64.92,99,0,67.52,100.92,23.00,553.00,null,null,null
2023-09-12T04:45:03Z,25.21,64.94,99,0,65.81,100.92,24.00,560.00,0,0,0
2023-09-12T04:46:03Z,25.21,65.00,99,0,65.18,100.92,24.00,560.00,null,null,null
2023-09-12T04:47:03Z,25.21,64.94,99,0,67.50,100.92,24.00,560.00,null,null,null
2023-09-12T04:48:03Z,25.21,64.96,99,0,67.56,100.92,24.00,560.00,null,null,null
2023-09-12T04:49:03Z,25.21,64.96,99,0,75.80,100.92,24.00,560.00,null,null,null
2023-09-12T04:50:03Z,25.19,64.92,99,0,62.37,100.92,24.00,560.00,0,0,0
2023-09-12T04:51:03Z,25.20,65.03,99,0,60.06,100.92,24.00,560.00,null,null,null
2023-09-12T04:52:03Z,25.21,65.00,99,0,67.43,100.92,24.00,560.00,null,null,null
2023-09-12T04:53:03Z,25.20,65.00,99,0,63.56,100.92,25.00,566.00,null,null,null
2023-09-12T04:54:03Z,25.20,64.98,99,0,62.85,100.93,24.00,560.00,null,null,null
2023-09-12T04:55:03Z,25.19,64.98,99,0,63.06,100.93,25.00,566.00,0,0,0
2023-09-12T04:56:03Z,25.21,65.11,99,0,69.45,100.93,24.00,560.00,null,null,null
2023-09-12T04:57:03Z,25.20,65.06,99,0,68.49,100.93,26.00,572.00,null,null,null
2023-09-12T04:58:03Z,25.23,65.03,99,0,67.65,100.92,26.00,572.00,null,null,null
2023-09-12T04:59:03Z,25.23,65.05,99,0,63.19,100.93,26.00,572.00,null,null,null
2023-09-12T05:00:03Z,25.21,65.06,99,0,65.77,100.93,27.00,578.00,0,0,0
2023-09-12T05:01:03Z,25.20,65.13,99,0,61.29,100.93,26.00,572.00,null,null,null
2023-09-12T05:02:03Z,25.20,65.03,99,0,71.21,100.93,27.00,578.00,null,null,null
2023-09-12T05:03:03Z,25.20,65.05,99,0,68.93,100.93,28.00,584.00,null,null,null
2023-09-12T05:04:03Z,25.19,65.11,99,0,68.36,100.93,28.00,584.00,null,null,null
2023-09-12T05:05:03Z,25.17,65.11,99,0,68.02,100.93,29.00,591.00,0,0,0
2023-09-12T05:06:03Z,25.20,65.19,99,0,69.01,100.93,28.00,584.00,null,null,null
2023-09-12T05:07:03Z,25.19,65.17,99,0,72.28,100.93,29.00,594.00,null,null,null
2023-09-12T05:08:03Z,25.20,65.17,99,0,59.98,100.93,29.00,594.00,null,null,null
2023-09-12T05:09:03Z,25.16,65.15,99,0,65.11,100.93,29.00,594.00,null,null,null
2023-09-12T05:10:03Z,25.20,65.19,99,0,63.00,100.93,29.00,594.00,0,0,0
2023-09-12T05:11:03Z,25.19,65.25,99,0,70.36,100.93,29.00,591.00,null,null,null
2023-09-12T05:12:03Z,25.20,65.22,99,0,62.06,100.93,30.00,599.00,null,null,null
2023-09-12T05:13:03Z,25.17,65.18,99,0,70.17,100.93,30.00,603.00,null,null,null
2023-09-12T05:14:03Z,25.17,65.28,99,0,66.27,100.93,30.00,603.00,null,null,null
2023-09-12T05:15:03Z,25.17,65.25,99,0,70.11,100.93,30.00,602.00,0,0,0
2023-09-12T05:16:03Z,25.19,65.33,99,0,68.75,100.93,30.00,599.00,null,null,null
2023-09-12T05:17:03Z,25.20,65.30,99,0,65.12,100.93,30.00,602.00,null,null,null
2023-09-12T05:18:03Z,25.19,65.31,99,0,61.18,100.93,32.00,611.00,null,null,null
2023-09-12T05:19:03Z,25.16,65.28,99,0,62.92,100.93,30.00,602.00,null,null,null
2023-09-12T05:20:03Z,25.17,65.30,99,0,61.96,100.93,32.00,611.00,0,0,0
2023-09-12T05:21:03Z,25.19,65.37,99,0,66.26,100.93,30.00,602.00,null,null,null
2023-09-12T05:22:03Z,25.17,65.26,99,0,66.17,100.93,30.00,602.00,null,null,null
2023-09-12T05:23:03Z,25.17,65.29,99,0,70.95,100.93,30.00,602.00,null,null,null
2023-09-12T05:24:03Z,25.16,65.29,99,0,66.88,100.93,30.00,602.00,null,null,null
2023-09-12T05:25:03Z,25.17,65.31,99,0,65.92,100.93,30.00,602.00,0,0,0
2023-09-12T05:26:03Z,25.17,65.42,99,0,67.06,100.94,32.00,611.00,null,null,null
2023-09-12T05:27:03Z,25.20,65.39,99,0,63.84,100.94,32.00,615.00,null,null,null
2023-09-12T05:28:03Z,25.17,65.31,99,0,70.83,100.93,32.00,615.00,null,null,null
2023-09-12T05:29:03Z,25.16,65.39,99,0,69.38,100.93,32.00,611.00,null,null,null
2023-09-12T05:30:03Z,25.16,65.40,99,0,60.47,100.93,34.00,624.00,0,0,0
2023-09-12T05:31:03Z,25.19,65.45,99,0,65.88,100.93,32.00,615.00,null,null,null
2023-09-12T05:32:03Z,25.20,65.42,99,0,62.77,100.93,34.00,624.00,null,null,null
2023-09-12T05:33:03Z,25.17,65.41,99,0,68.70,100.93,34.00,624.00,null,null,null
2023-09-12T05:34:03Z,25.20,65.40,99,0,73.11,100.93,34.00,624.00,null,null,null
2023-09-12T05:35:03Z,25.14,65.38,99,0,70.57,100.93,34.00,624.00,0,0,0
2023-09-12T05:36:03Z,25.20,65.50,99,0,65.44,100.93,34.00,629.00,null,null,null
2023-09-12T05:37:03Z,25.19,65.42,99,0,38.71,100.94,36.00,637.00,null,null,null
2023-09-12T05:38:03Z,25.17,65.38,99,0,40.69,100.93,36.00,637.00,null,null,null
2023-09-12T05:39:03Z,25.19,65.32,99,0,40.96,100.93,36.00,641.00,null,null,null
2023-09-12T05:40:03Z,25.16,65.31,99,0,53.60,100.93,37.00,646.00,0,0,0
2023-09-12T05:41:03Z,25.16,65.43,99,0,41.95,100.93,37.00,646.00,null,null,null
2023-09-12T05:42:03Z,25.20,65.27,99,0,39.97,100.93,38.00,650.00,null,null,null
2023-09-12T05:43:03Z,25.19,65.22,99,0,38.91,100.93,38.00,650.00,null,null,null
2023-09-12T05:44:03Z,25.20,65.18,99,0,41.79,100.93,39.00,656.00,null,null,null
2023-09-12T05:45:03Z,25.19,65.16,99,0,41.20,100.93,40.00,665.00,0,0,0
2023-09-12T05:46:03Z,25.19,65.22,99,0,47.29,100.94,40.00,665.00,null,null,null
2023-09-12T05:47:03Z,25.17,65.11,99,0,39.52,100.93,40.00,665.00,null,null,null
2023-09-12T05:48:03Z,25.17,65.09,99,0,37.74,100.94,40.00,665.00,null,null,null
2023-09-12T05:49:03Z,25.14,65.06,99,0,37.76,100.94,40.00,665.00,null,null,null
2023-09-12T05:50:03Z,25.17,65.03,99,0,41.17,100.94,39.00,656.00,0,0,0
2023-09-12T05:51:03Z,25.16,65.06,99,0,43.20,100.94,39.00,656.00,null,null,null
2023-09-12T05:52:03Z,25.14,64.95,99,0,53.65,100.94,38.00,652.00,null,null,null
2023-09-12T05:53:03Z,25.16,64.96,99,0,38.88,100.94,37.00,646.00,null,null,null
2023-09-12T05:54:03Z,25.14,65.01,99,0,61.10,100.94,37.00,646.00,null,null,null
2023-09-12T05:55:03Z,25.12,64.90,99,0,48.20,100.94,37.00,646.00,0,0,0
2023-09-12T05:56:03Z,25.12,64.95,99,0,41.62,100.94,36.00,641.00,null,null,null
2023-09-12T05:57:03Z,25.10,64.87,99,0,35.25,100.95,36.00,641.00,null,null,null
2023-09-12T05:58:03Z,25.12,64.81,99,0,37.28,100.94,35.00,634.00,null,null,null
2023-09-12T05:59:03Z,25.07,64.81,99,0,40.37,100.95,35.00,634.00,null,null,null
2023-09-12T06:00:03Z,25.06,64.83,99,0,36.59,100.94,34.00,629.00,0,0,0
2023-09-12T06:01:03Z,25.09,64.87,99,0,45.29,100.95,34.00,629.00,null,null,null
2023-09-12T06:02:03Z,25.04,64.80,99,0,40.97,100.95,33.00,620.00,null,null,null
2023-09-12T06:03:03Z,25.09,64.76,99,0,42.57,100.95,33.00,620.00,null,null,null
2023-09-12T06:04:03Z,25.03,64.76,99,0,58.27,100.95,32.00,615.00,null,null,null
2023-09-12T06:05:03Z,25.03,64.75,99,0,38.50,100.95,32.00,615.00,0,0,0
2023-09-12T06:06:03Z,25.02,64.80,99,0,41.52,100.95,30.00,603.00,null,null,null
2023-09-12T06:07:03Z,25.03,64.78,99,0,41.05,100.96,30.00,603.00,null,null,null
2023-09-12T06:08:03Z,25.02,64.77,99,0,38.88,100.96,29.00,594.00,null,null,null
2023-09-12T06:09:03Z,25.00,64.70,99,0,45.00,100.96,29.00,594.00,null,null,null
2023-09-12T06:10:03Z,24.99,64.76,99,0,41.22,100.96,30.00,597.00,0,0,0
2023-09-12T06:11:03Z,24.97,64.80,99,0,45.76,100.96,29.00,591.00,null,null,null
2023-09-12T06:12:03Z,24.99,64.80,99,0,44.38,100.96,28.00,584.00,null,null,null
2023-09-12T06:13:03Z,25.00,64.73,99,0,41.37,100.96,28.00,584.00,null,null,null
2023-09-12T06:14:03Z,24.97,64.75,99,0,40.20,100.97,28.00,586.00,null,null,null
2023-09-12T06:15:03Z,24.96,64.76,99,0,42.59,100.97,27.00,578.00,0,0,0
2023-09-12T06:16:03Z,24.96,64.84,99,0,37.35,100.97,26.00,572.00,null,null,null
2023-09-12T06:17:03Z,24.94,64.78,99,0,41.43,100.97,26.00,572.00,null,null,null
2023-09-12T06:18:03Z,24.94,64.80,99,0,41.70,100.97,26.00,572.00,null,null,null
2023-09-12T06:19:03Z,24.90,64.74,99,0,40.11,100.98,26.00,572.00,null,null,null
2023-09-12T06:20:03Z,24.92,64.76,99,0,41.67,100.98,26.00,572.00,0,0,0
2023-09-12T06:21:03Z,24.90,64.86,99,0,45.39,100.98,24.00,560.00,null,null,null
2023-09-12T06:22:03Z,24.90,64.77,99,0,40.54,100.98,24.00,560.00,null,null,null
2023-09-12T06:23:03Z,24.90,64.77,99,0,42.85,100.99,24.00,560.00,null,null,null
2023-09-12T06:24:03Z,24.89,64.76,99,0,39.50,100.99,24.00,560.00,null,null,null
2023-09-12T06:25:03Z,24.86,64.78,99,0,41.57,100.99,24.00,560.00,0,0,0
2023-09-12T06:26:03Z,24.84,64.88,99,0,39.92,100.99,24.00,560.00,null,null,null
2023-09-12T06:27:03Z,24.84,64.82,99,0,41.01,100.99,23.00,553.00,null,null,null
2023-09-12T06:28:03Z,24.84,64.79,99,0,39.94,101.00,23.00,553.00,null,null,null
2023-09-12T06:29:03Z,24.86,64.80,99,0,36.32,100.99,23.00,553.00,null,null,null
2023-09-12T06:30:03Z,24.82,64.82,99,0,42.85,100.99,23.00,553.00,0,0,0
2023-09-12T06:31:03Z,24.84,64.95,99,0,39.45,100.99,23.00,553.00,null,null,null
2023-09-12T06:32:03Z,24.84,64.85,99,0,36.63,101.00,23.00,553.00,null,null,null
2023-09-12T06:33:03Z,24.80,64.89,99,0,43.79,101.00,23.00,553.00,null,null,null
2023-09-12T06:34:03Z,24.80,64.90,99,0,41.18,101.00,24.00,560.00,null,null,null
2023-09-12T06:35:03Z,24.82,64.97,99,0,44.49,101.00,24.00,560.00,0,0,0
2023-09-12T06:36:03Z,24.82,65.09,99,0,40.92,101.00,24.00,560.00,null,null,null
2023-09-12T06:37:03Z,24.80,64.99,99,0,39.68,101.00,24.00,560.00,null,null,null
2023-09-12T06:38:03Z,24.79,64.97,99,0,45.14,101.00,24.00,560.00,null,null,null
2023-09-12T06:39:03Z,24.78,64.93,99,0,42.73,101.01,24.00,560.00,null,null,null
2023-09-12T06:40:03Z,24.75,64.96,99,0,45.31,101.01,24.00,560.00,0,0,0
2023-09-12T06:41:03Z,24.80,65.17,99,0,41.86,101.01,25.00,566.00,null,null,null
2023-09-12T06:42:03Z,24.76,65.02,99,0,42.05,101.00,24.00,560.00,null,null,null
2023-09-12T06:43:03Z,24.78,65.05,99,0,38.33,101.01,24.00,560.00,null,null,null
2023-09-12T06:44:03Z,24.78,65.02,99,0,41.46,101.01,25.00,566.00,null,null,null
2023-09-12T06:45:03Z,24.78,65.04,99,0,38.80,101.01,24.00,560.00,0,0,0
2023-09-12T06:46:03Z,24.76,65.17,99,0,39.46,101.01,25.00,566.00,null,null,null
2023-09-12T06:47:03Z,24.75,65.11,99,0,36.48,101.01,25.00,566.00,null,null,null
2023-09-12T06:48:03Z,24.76,65.08,99,0,49.06,101.01,25.00,566.00,null,null,null
2023-09-12T06:49:03Z,24.75,65.12,99,0,48.58,101.02,26.00,572.00,null,null,null
2023-09-12T06:50:03Z,24.75,65.15,99,0,38.91,101.02,26.00,572.00,0,0,0
2023-09-12T06:51:03Z,24.76,65.31,99,0,40.26,101.01,26.00,572.00,null,null,null
2023-09-12T06:52:03Z,24.76,65.23,99,0,46.50,101.01,25.00,567.00,null,null,null
2023-09-12T06:53:03Z,24.73,65.25,99,0,42.76,101.01,26.00,572.00,null,null,null
2023-09-12T06:54:03Z,24.73,65.19,99,0,38.50,101.01,26.00,574.00,null,null,null
2023-09-12T06:55:03Z,24.73,65.23,99,0,49.83,101.02,27.00,581.00,0,0,0
2023-09-12T06:56:03Z,24.73,65.36,99,0,43.27,101.02,27.00,581.00,null,null,null
2023-09-12T06:57:03Z,24.76,65.29,99,0,40.18,101.02,26.00,577.00,null,null,null
2023-09-12T06:58:03Z,24.75,65.28,99,0,42.22,101.02,27.00,578.00,null,null,null
2023-09-12T06:59:03Z,24.73,65.23,99,0,43.92,101.02,26.00,574.00,null,null,null
2023-09-12T07:00:03Z,24.72,65.31,99,0,36.57,101.02,27.00,581.00,0,0,0
2023-09-12T07:01:03Z,24.75,65.54,99,0,43.78,101.02,26.00,577.00,null,null,null
2023-09-12T07:02:03Z,24.73,65.47,99,0,44.16,101.02,27.00,578.00,null,null,null
2023-09-12T07:03:03Z,24.72,65.54,99,0,45.48,101.02,28.00,584.00,null,null,null
2023-09-12T07:04:03Z,24.72,65.53,99,0,41.15,101.02,28.00,584.00,null,null,null
2023-09-12T07:05:03Z,24.71,65.68,99,0,45.41,101.02,28.00,584.00,0,0,0
2023-09-12T07:06:03Z,24.71,65.95,99,0,48.34,101.02,29.00,591.00,null,null,null
2023-09-12T07:07:03Z,24.72,65.82,99,0,41.87,101.02,28.00,586.00,null,null,null
2023-09-12T07:08:03Z,24.71,65.83,99,0,43.52,101.02,29.00,591.00,null,null,null
2023-09-12T07:09:03Z,24.71,65.79,99,0,38.38,101.03,28.00,586.00,null,null,null
2023-09-12T07:10:03Z,24.71,65.90,99,0,41.16,101.03,28.00,586.00,0,0,0
2023-09-12T07:11:03Z,24.72,66.01,99,0,38.79,101.03,27.00,578.00,null,null,null
2023-09-12T07:12:03Z,24.72,65.92,99,0,38.03,101.03,27.00,578.00,null,null,null
2023-09-12T07:13:03Z,24.69,65.89,99,0,44.73,101.03,27.00,578.00,null,null,null
2023-09-12T07:14:03Z,24.68,65.91,99,0,40.23,101.03,27.00,578.00,null,null,null
2023-09-12T07:15:03Z,24.68,65.92,99,0,39.92,101.03,27.00,578.00,0,0,0
2023-09-12T07:16:03Z,24.71,66.24,99,0,41.09,101.04,26.00,572.00,null,null,null
2023-09-12T07:17:03Z,24.69,66.02,99,0,45.13,101.03,27.00,578.00,null,null,null
2023-09-12T07:18:03Z,24.71,65.90,99,0,43.82,101.03,27.00,578.00,null,null,null
2023-09-12T07:19:03Z,24.69,65.93,99,0,57.30,101.03,26.00,572.00,null,null,null
2023-09-12T07:20:03Z,24.68,65.87,99,0,41.32,101.04,26.00,572.00,0,0,0
2023-09-12T07:21:03Z,24.68,66.03,99,0,39.28,101.04,25.00,569.00,null,null,null
2023-09-12T07:22:03Z,24.66,65.88,99,0,44.86,101.04,26.00,572.00,null,null,null
2023-09-12T07:23:03Z,24.65,65.88,99,0,37.72,101.04,25.00,569.00,null,null,null
2023-09-12T07:24:03Z,24.66,65.88,99,0,43.15,101.03,25.00,569.00,null,null,null
2023-09-12T07:25:03Z,24.68,65.83,99,0,39.58,101.03,25.00,569.00,0,0,0
2023-09-12T07:26:03Z,24.66,65.96,99,0,39.90,101.04,24.00,564.00,null,null,null
2023-09-12T07:27:03Z,24.66,65.87,99,0,39.65,101.04,24.00,564.00,null,null,null
2023-09-12T07:28:03Z,24.66,65.89,99,0,49.81,101.04,24.00,564.00,null,null,null
2023-09-12T07:29:03Z,24.65,65.85,99,0,40.85,101.04,24.00,564.00,null,null,null
2023-09-12T07:30:03Z,24.65,65.90,99,0,41.54,101.03,24.00,564.00,0,0,0
2023-09-12T07:31:03Z,24.65,66.08,99,0,42.28,101.04,24.00,564.00,null,null,null
2023-09-12T07:32:03Z,24.65,66.01,99,0,45.80,101.04,26.00,572.00,null,null,null
2023-09-12T07:33:03Z,24.65,65.92,99,0,40.83,101.04,26.00,572.00,null,null,null
2023-09-12T07:34:03Z,24.65,65.93,99,0,47.97,101.04,26.00,572.00,null,null,null
2023-09-12T07:35:03Z,24.62,65.87,99,0,47.44,101.04,27.00,578.00,0,0,0
2023-09-12T07:36:03Z,24.63,66.08,99,0,40.23,101.04,27.00,578.00,null,null,null
2023-09-12T07:37:03Z,24.63,65.97,99,0,53.20,101.04,27.00,578.00,null,null,null
2023-09-12T07:38:03Z,24.59,65.94,99,0,58.93,101.04,27.00,578.00,null,null,null
2023-09-12T07:39:03Z,24.63,65.97,99,0,41.82,101.05,27.00,578.00,null,null,null
2023-09-12T07:40:03Z,24.62,65.93,99,0,43.78,101.04,27.00,578.00,0,0,0
2023-09-12T07:41:03Z,24.63,66.07,99,0,41.41,101.05,27.00,578.00,null,null,null
2023-09-12T07:42:03Z,24.62,65.97,99,0,42.35,101.04,28.00,586.00,null,null,null
2023-09-12T07:43:03Z,24.62,65.97,99,0,53.29,101.05,29.00,591.00,null,null,null
2023-09-12T07:44:03Z,24.62,65.95,99,0,43.06,101.04,29.00,591.00,null,null,null
2023-09-12T07:45:03Z,24.61,65.96,99,0,42.90,101.05,28.00,586.00,0,0,0
2023-09-12T07:46:03Z,24.61,66.13,99,0,45.12,101.05,28.00,586.00,null,null,null
2023-09-12T07:47:03Z,24.59,66.01,99,0,42.68,101.05,28.00,586.00,null,null,null
2023-09-12T07:48:03Z,24.59,65.97,99,0,51.83,101.05,28.00,586.00,null,null,null
2023-09-12T07:49:03Z,24.62,65.91,99,0,42.45,101.05,28.00,586.00,null,null,null
2023-09-12T07:50:03Z,24.59,65.90,99,0,41.36,101.05,27.00,578.00,0,0,0
2023-09-12T07:51:03Z,24.62,66.00,99,0,46.06,101.05,26.00,572.00,null,null,null
2023-09-12T07:52:03Z,24.59,65.85,99,0,59.73,101.05,26.00,572.00,null,null,null
2023-09-12T07:53:03Z,24.62,65.86,99,0,41.50,101.04,25.00,569.00,null,null,null
2023-09-12T07:54:03Z,24.61,65.87,99,0,38.96,101.05,25.00,569.00,null,null,null
2023-09-12T07:55:03Z,24.59,65.81,99,0,37.37,101.04,25.00,569.00,0,0,0
2023-09-12T07:56:03Z,24.61,65.90,99,0,40.16,101.05,24.00,564.00,null,null,null
2023-09-12T07:57:03Z,24.59,65.75,99,0,38.54,101.05,24.00,564.00,null,null,null
2023-09-12T07:58:03Z,24.61,65.78,99,0,45.50,101.05,23.00,556.00,null,null,null
2023-09-12T07:59:03Z,24.58,65.73,99,0,54.73,101.05,23.00,556.00,null,null,null
2023-09-12T08:00:03Z,24.59,65.74,99,0,39.45,101.05,24.00,564.00,0,0,0
2023-09-12T08:01:03Z,24.59,65.80,99,0,44.01,101.05,23.00,555.00,null,null,null
2023-09-12T08:02:03Z,24.59,65.72,99,0,42.84,101.05,23.00,551.00,null,null,null
2023-09-12T08:03:03Z,24.59,65.73,99,0,45.74,101.05,23.00,555.00,null,null,null
2023-09-12T08:04:03Z,24.56,65.71,99,0,47.29,101.05,22.00,549.00,null,null,null
2023-09-12T08:05:03Z,24.55,65.63,99,0,41.52,101.04,22.00,545.00,0,0,0
2023-09-12T08:06:03Z,24.55,65.66,99,0,57.69,101.05,21.00,539.00,null,null,null
2023-09-12T08:07:03Z,24.55,65.58,99,0,41.32,101.04,21.00,539.00,null,null,null
2023-09-12T08:08:03Z,24.53,65.57,99,0,39.73,101.04,20.00,536.00,null,null,null
2023-09-12T08:09:03Z,24.53,65.57,99,1,41.39,101.04,20.00,536.00,null,null,null
2023-09-12T08:10:03Z,24.51,65.58,99,1,41.90,101.04,19.00,527.00,0,0,0
2023-09-12T08:11:03Z,24.52,65.63,99,1,50.23,101.04,18.00,524.00,null,null,null
2023-09-12T08:12:03Z,24.52,65.54,99,1,38.92,101.04,18.00,524.00,null,null,null
2023-09-12T08:13:03Z,24.52,65.53,99,1,41.11,101.04,18.00,524.00,null,null,null
2023-09-12T08:14:03Z,24.51,65.50,99,1,42.96,101.05,17.00,518.00,null,null,null
2023-09-12T08:15:03Z,24.46,65.49,99,1,43.16,101.05,17.00,518.00,0,0,0
2023-09-12T08:16:03Z,24.48,65.59,99,1,40.89,101.05,17.00,514.00,null,null,null
2023-09-12T08:17:03Z,24.49,65.53,99,1,41.62,101.05,17.00,514.00,null,null,null
2023-09-12T08:18:03Z,24.46,65.50,99,1,61.72,101.05,17.00,514.00,null,null,null
2023-09-12T08:19:03Z,24.46,65.56,99,1,39.49,101.05,17.00,514.00,null,null,null
2023-09-12T08:20:03Z,24.45,65.49,99,2,40.59,101.05,15.00,505.00,0,0,0
2023-09-12T08:21:03Z,24.43,65.60,99,1,41.99,101.05,14.00,498.00,null,null,null
2023-09-12T08:22:03Z,24.43,65.55,99,2,46.49,101.05,14.00,498.00,null,null,null
2023-09-12T08:23:03Z,24.43,65.51,99,2,41.09,101.05,14.00,498.00,null,null,null
2023-09-12T08:24:03Z,24.43,65.51,99,3,41.00,101.05,14.00,495.00,null,null,null
2023-09-12T08:25:03Z,24.41,65.52,99,3,40.49,101.04,14.00,495.00,0,0,0
2023-09-12T08:26:03Z,24.41,65.62,99,3,37.51,101.04,14.00,495.00,null,null,null
2023-09-12T08:27:03Z,24.42,65.54,99,3,43.30,101.05,14.00,495.00,null,null,null
2023-09-12T08:28:03Z,24.39,65.59,99,3,41.09,101.05,14.00,492.00,null,null,null
2023-09-12T08:29:03Z,24.38,65.53,99,3,40.86,101.05,14.00,492.00,null,null,null
2023-09-12T08:30:03Z,24.39,65.57,99,3,35.91,101.05,14.00,492.00,0,0,0
2023-09-12T08:31:03Z,24.36,65.67,99,3,42.84,101.05,13.00,486.00,null,null,null
2023-09-12T08:32:03Z,24.41,65.60,99,3,34.51,101.05,13.00,486.00,null,null,null
2023-09-12T08:33:03Z,24.38,65.55,99,4,40.40,101.05,13.00,486.00,null,null,null
2023-09-12T08:34:03Z,24.38,65.55,99,3,44.13,101.05,12.00,482.00,null,null,null
2023-09-12T08:35:03Z,24.36,65.61,99,3,56.84,101.05,13.00,486.00,0,0,0
2023-09-12T08:36:03Z,24.36,65.68,99,2,41.25,101.06,12.00,482.00,null,null,null
2023-09-12T08:37:03Z,24.35,65.62,99,4,40.43,101.06,11.00,477.00,null,null,null
2023-09-12T08:38:03Z,24.35,65.62,99,3,40.59,101.06,11.00,477.00,null,null,null
2023-09-12T08:39:03Z,24.35,65.60,99,3,35.66,101.06,11.00,477.00,null,null,null
2023-09-12T08:40:03Z,24.34,65.57,99,2,39.68,101.06,11.00,473.00,0,0,0
2023-09-12T08:41:03Z,24.35,65.72,99,2,39.20,101.06,11.00,477.00,null,null,null
2023-09-12T08:42:03Z,24.35,65.65,99,2,39.10,101.06,11.00,473.00,null,null,null
2023-09-12T08:43:03Z,24.34,65.62,99,2,39.26,101.06,11.00,473.00,null,null,null
2023-09-12T08:44:03Z,24.34,65.58,99,3,36.20,101.06,11.00,473.00,null,null,null
2023-09-12T08:45:03Z,24.31,65.59,99,2,43.88,101.07,11.00,473.00,0,0,0
2023-09-12T08:46:03Z,24.34,65.70,99,2,43.56,101.06,9.00,465.00,null,null,null
2023-09-12T08:47:03Z,24.35,65.59,99,2,44.23,101.06,11.00,473.00,null,null,null
2023-09-12T08:48:03Z,24.34,65.65,99,2,39.32,101.07,11.00,473.00,null,null,null
2023-09-12T08:49:03Z,24.32,65.62,99,3,57.31,101.06,9.00,465.00,null,null,null
2023-09-12T08:50:03Z,24.32,65.58,99,3,45.65,101.07,11.00,473.00,0,0,0
2023-09-12T08:51:03Z,24.31,65.69,99,3,44.44,101.06,9.00,465.00,null,null,null
2023-09-12T08:52:03Z,24.32,65.67,99,2,42.12,101.06,9.00,465.00,null,null,null
2023-09-12T08:53:03Z,24.35,65.62,99,3,43.10,101.07,9.00,465.00,null,null,null
2023-09-12T08:54:03Z,24.32,65.62,99,2,39.30,101.07,9.00,465.00,null,null,null
2023-09-12T08:55:03Z,24.34,65.64,99,2,42.10,101.07,9.00,465.00,0,0,0
2023-09-12T08:56:03Z,24.32,65.74,99,2,43.28,101.06,9.00,465.00,null,null,null
2023-09-12T08:57:03Z,24.31,65.62,99,2,41.16,101.06,9.00,465.00,null,null,null
2023-09-12T08:58:03Z,24.35,65.62,99,3,45.02,101.06,9.00,465.00,null,null,null
2023-09-12T08:59:03Z,24.34,65.61,99,3,42.63,101.06,9.00,465.00,null,null,null
2023-09-12T09:00:03Z,24.34,65.60,99,3,39.08,101.06,9.00,463.00,0,0,0
2023-09-12T09:01:03Z,24.35,65.63,99,3,45.16,101.05,9.00,463.00,null,null,null
2023-09-12T09:02:03Z,24.34,65.62,99,3,46.66,101.06,9.00,463.00,null,null,null
2023-09-12T09:03:03Z,24.35,65.58,99,3,40.66,101.06,9.00,463.00,null,null,null
2023-09-12T09:04:03Z,24.34,65.54,99,4,46.65,101.06,9.00,463.00,null,null,null
2023-09-12T09:05:03Z,24.32,65.58,99,4,40.72,101.06,9.00,460.00,0,0,0
2023-09-12T09:06:03Z,24.34,65.65,99,3,43.71,101.06,9.00,460.00,null,null,null
2023-09-12T09:07:03Z,24.38,65.59,99,3,41.35,101.06,9.00,460.00,null,null,null
2023-09-12T09:08:03Z,24.32,65.56,99,3,43.71,101.06,9.00,460.00,null,null,null
2023-09-12T09:09:03Z,24.34,65.52,99,5,44.94,101.06,9.00,460.00,null,null,null
2023-09-12T09:10:03Z,24.34,65.53,99,4,40.31,101.06,9.00,460.00,0,0,0
2023-09-12T09:11:03Z,24.35,65.62,99,3,42.27,101.06,9.00,460.00,null,null,null
2023-09-12T09:12:03Z,24.34,65.55,99,4,40.62,101.06,9.00,460.00,null,null,null
2023-09-12T09:13:03Z,24.34,65.53,99,3,43.89,101.06,9.00,460.00,null,null,null
2023-09-12T09:14:03Z,24.36,65.57,99,4,42.19,101.06,9.00,460.00,null,null,null
2023-09-12T09:15:03Z,24.34,65.54,99,4,38.17,101.06,9.00,460.00,0,0,0
2023-09-12T09:16:03Z,24.35,65.66,99,5,41.44,101.06,9.00,460.00,null,null,null
2023-09-12T09:17:03Z,24.35,65.55,99,5,37.76,101.06,9.00,460.00,null,null,null
2023-09-12T09:18:03Z,24.35,65.56,99,6,48.00,101.06,9.00,460.00,null,null,null
2023-09-12T09:19:03Z,24.36,65.51,99,9,44.43,101.05,9.00,460.00,null,null,null
2023-09-12T09:20:03Z,24.34,65.55,99,9,41.65,101.05,9.00,460.00,0,0,0
2023-09-12T09:21:03Z,24.36,65.63,99,6,45.76,101.05,8.00,454.00,null,null,null
2023-09-12T09:22:03Z,24.38,65.57,99,5,45.45,101.06,8.00,454.00,null,null,null
2023-09-12T09:23:03Z,24.36,65.55,99,6,54.57,101.06,8.00,454.00,null,null,null
2023-09-12T09:24:03Z,24.35,65.52,99,5,43.06,101.06,8.00,454.00,null,null,null
2023-09-12T09:25:03Z,24.35,65.51,99,4,46.73,101.06,8.00,454.00,0,0,0
2023-09-12T09:26:03Z,24.36,65.60,99,4,41.59,101.06,7.00,450.00,null,null,null
2023-09-12T09:27:03Z,24.39,65.48,99,4,41.75,101.06,8.00,454.00,null,null,null
2023-09-12T09:28:03Z,24.38,65.51,99,4,39.81,101.06,8.00,454.00,null,null,null
2023-09-12T09:29:03Z,24.39,65.45,99,4,42.97,101.05,8.00,454.00,null,null,null
2023-09-12T09:30:03Z,24.39,65.45,99,4,34.04,101.06,8.00,454.00,0,0,0
2023-09-12T09:31:03Z,24.38,65.48,99,4,42.36,101.06,7.00,446.00,null,null,null
2023-09-12T09:32:03Z,24.38,65.42,99,5,45.38,101.06,7.00,450.00,null,null,null
2023-09-12T09:33:03Z,24.36,65.39,99,5,54.74,101.06,7.00,450.00,null,null,null
2023-09-12T09:34:03Z,24.38,65.32,99,6,62.70,101.06,7.00,450.00,null,null,null
2023-09-12T09:35:03Z,24.36,65.34,99,6,37.84,101.06,7.00,450.00,0,0,0
2023-09-12T09:36:03Z,24.38,65.37,99,6,38.18,101.06,7.00,446.00,null,null,null
2023-09-12T09:37:03Z,24.39,65.33,99,6,44.45,101.05,7.00,446.00,null,null,null
2023-09-12T09:38:03Z,24.39,65.36,99,6,40.91,101.05,7.00,446.00,null,null,null
2023-09-12T09:39:03Z,24.39,65.28,99,7,37.39,101.05,7.00,450.00,null,null,null
2023-09-12T09:40:03Z,24.36,65.33,99,9,42.88,101.05,7.00,450.00,0,0,0
2023-09-12T09:41:03Z,24.42,65.37,99,7,40.36,101.05,6.00,442.00,null,null,null
2023-09-12T09:42:03Z,24.39,65.37,99,8,39.63,101.05,7.00,450.00,null,null,null
2023-09-12T09:43:03Z,24.39,65.34,99,8,41.68,101.05,7.00,450.00,null,null,null
2023-09-12T09:44:03Z,24.41,65.32,99,8,40.86,101.05,7.00,450.00,null,null,null
2023-09-12T09:45:03Z,24.41,65.35,99,7,42.74,101.05,7.00,450.00,0,0,0
2023-09-12T09:46:03Z,24.42,65.43,99,9,47.22,101.05,7.00,446.00,null,null,null
2023-09-12T09:47:03Z,24.42,65.31,99,9,40.57,101.05,7.00,446.00,null,null,null
2023-09-12T09:48:03Z,24.43,65.34,99,9,37.05,101.05,7.00,446.00,null,null,null
2023-09-12T09:49:03Z,24.43,65.32,99,16,43.80,101.05,7.00,450.00,null,null,null
2023-09-12T09:50:03Z,24.42,65.33,99,9,42.09,101.05,7.00,450.00,0,0,0
2023-09-12T09:51:03Z,24.48,65.38,99,9,43.15,101.05,7.00,446.00,null,null,null
2023-09-12T09:52:03Z,24.46,65.31,99,9,41.85,101.04,7.00,450.00,null,null,null
2023-09-12T09:53:03Z,24.46,65.32,99,9,41.52,101.04,7.00,450.00,null,null,null
2023-09-12T09:54:03Z,24.46,65.30,99,7,39.04,101.04,7.00,450.00,null,null,null
2023-09-12T09:55:03Z,24.48,65.27,99,10,42.66,101.05,7.00,450.00,0,0,0
2023-09-12T09:56:03Z,24.48,65.25,99,9,41.30,101.04,7.00,446.00,null,null,null
2023-09-12T09:57:03Z,24.52,65.19,99,9,44.45,101.05,7.00,450.00,null,null,null
2023-09-12T09:58:03Z,24.52,65.14,99,6,36.79,101.05,8.00,454.00,null,null,null
2023-09-12T09:59:03Z,24.52,65.15,99,6,41.01,101.05,8.00,454.00,null,null,null
2023-09-12T10:00:03Z,24.52,65.13,99,6,38.02,101.04,8.00,454.00,0,0,0
2023-09-12T10:01:03Z,24.51,65.15,99,12,45.53,101.05,7.00,450.00,null,null,null
2023-09-12T10:02:03Z,24.52,65.14,99,6,41.72,101.05,7.00,450.00,null,null,null
2023-09-12T10:03:03Z,24.53,65.12,99,8,41.23,101.05,8.00,454.00,null,null,null
2023-09-12T10:04:03Z,24.53,65.12,99,7,38.44,101.05,8.00,454.00,null,null,null
2023-09-12T10:05:03Z,24.53,65.09,99,9,58.15,101.05,8.00,454.00,0,0,0
2023-09-12T10:06:03Z,24.55,65.09,99,12,39.08,101.05,8.00,454.00,null,null,null
2023-09-12T10:07:03Z,24.55,65.04,99,9,41.15,101.05,7.00,450.00,null,null,null
2023-09-12T10:08:03Z,24.55,65.02,99,8,40.08,101.05,7.00,450.00,null,null,null
2023-09-12T10:09:03Z,24.59,65.03,99,9,38.83,101.05,8.00,454.00,null,null,null
2023-09-12T10:10:03Z,24.58,65.02,99,6,43.31,101.05,8.00,457.00,0,0,0
2023-09-12T10:11:03Z,24.61,65.07,99,7,39.62,101.05,8.00,454.00,null,null,null
2023-09-12T10:12:03Z,24.59,65.00,99,5,41.16,101.05,8.00,457.00,null,null,null
2023-09-12T10:13:03Z,24.62,64.93,99,7,40.36,101.05,8.00,457.00,null,null,null
2023-09-12T10:14:03Z,24.62,64.91,99,12,41.45,101.05,8.00,457.00,null,null,null
2023-09-12T10:15:03Z,24.61,64.92,99,9,61.81,101.05,8.00,457.00,0,0,0
2023-09-12T10:16:03Z,24.62,64.92,99,6,45.97,101.05,8.00,457.00,null,null,null
2023-09-12T10:17:03Z,24.65,64.92,99,7,44.86,101.05,8.00,457.00,null,null,null
2023-09-12T10:18:03Z,24.65,64.84,99,8,42.05,101.05,9.00,463.00,null,null,null
2023-09-12T10:19:03Z,24.65,64.81,99,10,42.62,101.05,9.00,463.00,null,null,null
2023-09-12T10:20:03Z,24.63,64.85,99,8,39.20,101.05,9.00,463.00,0,0,0
2023-09-12T10:21:03Z,24.66,64.77,99,6,38.49,101.05,8.00,457.00,null,null,null
2023-09-12T10:22:03Z,24.66,64.75,99,6,44.88,101.05,8.00,457.00,null,null,null
2023-09-12T10:23:03Z,24.66,64.72,99,6,42.04,101.06,8.00,457.00,null,null,null
2023-09-12T10:24:03Z,24.69,64.73,99,8,45.34,101.05,10.00,470.00,null,null,null
2023-09-12T10:25:03Z,24.66,64.71,99,6,45.68,101.05,10.00,470.00,0,0,0
2023-09-12T10:26:03Z,24.68,64.64,99,6,43.01,101.05,9.00,462.00,null,null,null
2023-09-12T10:27:03Z,24.71,64.62,99,7,41.52,101.04,9.00,462.00,null,null,null
2023-09-12T10:28:03Z,24.68,64.57,99,6,40.56,101.05,10.00,470.00,null,null,null
2023-09-12T10:29:03Z,24.73,64.56,99,6,44.61,101.05,10.00,470.00,null,null,null
2023-09-12T10:30:03Z,24.71,64.59,99,6,40.51,101.05,10.00,470.00,0,0,0
2023-09-12T10:31:03Z,24.72,64.51,99,6,40.65,101.04,10.00,470.00,null,null,null
2023-09-12T10:32:03Z,24.72,64.43,99,5,41.75,101.04,10.00,470.00,null,null,null
2023-09-12T10:33:03Z,24.73,64.40,99,6,39.05,101.05,10.00,470.00,null,null,null
2023-09-12T10:34:03Z,24.73,64.40,99,5,54.97,101.04,10.00,470.00,null,null,null
2023-09-12T10:35:03Z,24.73,64.41,99,6,41.21,101.05,11.00,475.00,0,0,0
2023-09-12T10:36:03Z,24.75,64.30,99,6,43.98,101.05,10.00,470.00,null,null,null
2023-09-12T10:37:03Z,24.76,64.30,99,6,40.78,101.05,9.00,465.00,null,null,null
2023-09-12T10:38:03Z,24.76,64.24,99,5,41.32,101.05,9.00,461.00,null,null,null
2023-09-12T10:39:03Z,24.75,64.22,99,6,39.86,101.05,9.00,463.00,null,null,null
2023-09-12T10:40:03Z,24.76,64.22,99,5,40.48,101.05,9.00,463.00,0,0,0
2023-09-12T10:41:03Z,24.76,64.15,99,5,43.08,101.04,9.00,460.00,null,null,null
2023-09-12T10:42:03Z,24.78,64.10,99,4,39.89,101.04,9.00,463.00,null,null,null
2023-09-12T10:43:03Z,24.78,64.12,99,5,40.46,101.04,9.00,460.00,null,null,null
2023-09-12T10:44:03Z,24.80,64.15,99,5,42.36,101.04,9.00,460.00,null,null,null
2023-09-12T10:45:03Z,24.79,64.09,99,5,45.56,101.05,9.00,463.00,0,0,0
2023-09-12T10:46:03Z,24.78,64.01,99,5,42.89,101.05,9.00,460.00,null,null,null
2023-09-12T10:47:03Z,24.82,64.02,99,5,38.35,101.04,9.00,460.00,null,null,null
2023-09-12T10:48:03Z,24.80,64.03,99,6,39.14,101.04,9.00,460.00,null,null,null
2023-09-12T10:49:03Z,24.82,63.99,99,6,55.44,101.05,9.00,463.00,null,null,null
2023-09-12T10:50:03Z,24.82,64.01,99,5,39.85,101.05,9.00,460.00,0,0,0
2023-09-12T10:51:03Z,24.80,63.90,99,5,45.19,101.05,9.00,460.00,null,null,null
2023-09-12T10:52:03Z,24.83,63.99,99,5,39.19,101.04,9.00,460.00,null,null,null
2023-09-12T10:53:03Z,24.84,63.95,99,5,55.16,101.04,9.00,460.00,null,null,null
2023-09-12T10:54:03Z,24.86,63.96,99,5,45.48,101.04,9.00,460.00,null,null,null
2023-09-12T10:55:03Z,24.83,63.93,99,5,42.37,101.05,9.00,463.00,0,0,0
2023-09-12T10:56:03Z,24.83,63.90,99,5,41.37,101.05,8.00,455.00,null,null,null
2023-09-12T10:57:03Z,24.83,63.88,99,4,38.61,101.04,9.00,460.00,null,null,null
2023-09-12T10:58:03Z,24.86,63.84,99,4,39.53,101.05,9.00,460.00,null,null,null
2023-09-12T10:59:03Z,24.83,63.88,99,4,38.86,101.04,9.00,460.00,null,null,null
2023-09-12T11:00:03Z,24.86,63.87,99,4,39.05,101.05,9.00,463.00,0,0,0
2023-09-12T11:01:03Z,24.86,63.85,99,4,40.07,101.04,9.00,460.00,null,null,null
2023-09-12T11:02:03Z,24.89,63.80,99,4,41.66,101.04,9.00,460.00,null,null,null
2023-09-12T11:03:03Z,24.87,63.80,99,4,42.94,101.04,9.00,463.00,null,null,null
2023-09-12T11:04:03Z,24.87,63.73,99,4,37.46,101.03,9.00,460.00,null,null,null
2023-09-12T11:05:03Z,24.90,63.74,99,4,45.75,101.04,10.00,466.00,0,0,0
2023-09-12T11:06:03Z,24.92,63.73,99,4,39.04,101.04,9.00,463.00,null,null,null
2023-09-12T11:07:03Z,24.92,63.73,99,5,42.57,101.03,9.00,463.00,null,null,null
2023-09-12T11:08:03Z,24.90,63.73,99,4,44.63,101.03,10.00,466.00,null,null,null
2023-09-12T11:09:03Z,24.92,63.71,99,4,43.98,101.03,10.00,466.00,null,null,null
2023-09-12T11:10:03Z,24.93,63.74,99,4,38.28,101.03,10.00,466.00,0,0,0
2023-09-12T11:11:03Z,24.92,63.71,99,4,45.31,101.03,9.00,463.00,null,null,null
2023-09-12T11:12:03Z,24.93,63.67,99,4,39.86,101.04,9.00,463.00,null,null,null
2023-09-12T11:13:03Z,24.92,63.64,99,4,41.70,101.04,9.00,463.00,null,null,null
2023-09-12T11:14:03Z,24.93,63.64,99,4,39.56,101.04,10.00,466.00,null,null,null
2023-09-12T11:15:03Z,24.96,63.62,99,5,51.19,101.04,10.00,466.00,0,0,0
2023-09-12T11:16:03Z,24.93,63.51,99,4,38.14,101.04,9.00,463.00,null,null,null
2023-09-12T11:17:03Z,24.96,63.51,99,4,44.04,101.04,9.00,463.00,null,null,null
2023-09-12T11:18:03Z,24.94,63.46,99,4,46.46,101.04,9.00,463.00,null,null,null
2023-09-12T11:19:03Z,24.97,63.50,99,4,43.35,101.04,9.00,463.00,null,null,null
2023-09-12T11:20:03Z,24.96,63.52,99,3,39.77,101.03,10.00,466.00,0,0,0
2023-09-12T11:21:03Z,24.97,63.45,99,4,41.84,101.04,9.00,463.00,null,null,null
2023-09-12T11:22:03Z,24.99,63.46,99,5,42.53,101.03,10.00,466.00,null,null,null
2023-09-12T11:23:03Z,24.97,63.42,99,4,38.71,101.03,9.00,463.00,null,null,null
2023-09-12T11:24:03Z,25.00,63.45,99,5,41.29,101.03,10.00,466.00,null,null,null
2023-09-12T11:25:03Z,24.99,63.42,99,5,41.53,101.03,10.00,466.00,0,0,0
2023-09-12T11:26:03Z,24.99,63.34,99,5,40.28,101.03,9.00,463.00,null,null,null
2023-09-12T11:27:03Z,25.00,63.32,99,3,39.20,101.03,9.00,463.00,null,null,null
2023-09-12T11:28:03Z,25.00,63.35,99,4,39.41,101.03,9.00,463.00,null,null,null
2023-09-12T11:29:03Z,25.02,63.35,99,5,41.14,101.03,9.00,463.00,null,null,null
2023-09-12T11:30:03Z,25.00,63.35,99,4,42.78,101.02,10.00,466.00,0,0,0
2023-09-12T11:31:03Z,25.02,63.29,99,3,40.41,101.02,9.00,463.00,null,null,null
2023-09-12T11:32:03Z,25.02,63.25,99,6,41.59,101.02,9.00,463.00,null,null,null
2023-09-12T11:33:03Z,25.03,63.24,99,4,41.86,101.02,9.00,463.00,null,null,null
2023-09-12T11:34:03Z,25.04,63.23,99,4,43.21,101.02,10.00,470.00,null,null,null
2023-09-12T11:35:03Z,25.03,63.19,99,5,50.81,101.02,11.00,475.00,0,0,0
2023-09-12T11:36:03Z,25.04,63.19,99,5,47.46,101.02,10.00,470.00,null,null,null
2023-09-12T11:37:03Z,25.02,63.15,99,4,38.90,101.02,10.00,470.00,null,null,null
2023-09-12T11:38:03Z,25.06,63.11,99,3,41.90,101.02,10.00,470.00,null,null,null
2023-09-12T11:39:03Z,25.04,63.07,99,4,38.75,101.02,11.00,475.00,null,null,null
2023-09-12T11:40:03Z,25.03,63.05,99,5,46.50,101.02,10.00,470.00,0,0,0
2023-09-12T11:41:03Z,25.06,62.97,99,5,38.76,101.02,8.00,455.00,null,null,null
2023-09-12T11:42:03Z,25.07,62.96,99,4,39.39,101.02,9.00,463.00,null,null,null
2023-09-12T11:43:03Z,25.07,62.99,99,4,44.23,101.02,10.00,470.00,null,null,null
2023-09-12T11:44:03Z,25.04,62.91,99,5,39.58,101.01,9.00,463.00,null,null,null
2023-09-12T11:45:03Z,25.09,62.89,99,5,42.26,101.01,10.00,470.00,0,0,0
2023-09-12T11:46:03Z,25.09,62.78,99,4,43.78,101.01,8.00,455.00,null,null,null
2023-09-12T11:47:03Z,25.09,62.82,99,4,38.14,101.01,9.00,460.00,null,null,null
2023-09-12T11:48:03Z,25.07,62.85,99,3,41.45,101.01,9.00,463.00,null,null,null
2023-09-12T11:49:03Z,25.06,62.80,99,3,40.83,101.01,9.00,463.00,null,null,null
2023-09-12T11:50:03Z,25.06,62.80,99,4,41.53,101.01,9.00,463.00,0,0,0
2023-09-12T11:51:03Z,25.10,62.73,99,4,40.27,101.01,8.00,455.00,null,null,null
2023-09-12T11:52:03Z,25.07,62.70,99,4,44.30,101.01,9.00,464.00,null,null,null
2023-09-12T11:53:03Z,25.09,62.71,99,3,41.48,101.01,9.00,464.00,null,null,null
2023-09-12T11:54:03Z,25.09,62.72,99,3,44.90,101.01,9.00,464.00,null,null,null
2023-09-12T11:55:03Z,25.07,62.73,99,3,44.13,101.01,10.00,470.00,0,0,0
2023-09-12T11:56:03Z,25.10,62.63,99,4,39.79,101.01,9.00,460.00,null,null,null
2023-09-12T11:57:03Z,25.10,62.64,99,4,37.50,101.01,9.00,464.00,null,null,null
2023-09-12T11:58:03Z,25.10,62.66,99,4,43.61,101.01,10.00,470.00,null,null,null
2023-09-12T11:59:03Z,25.12,62.69,99,3,45.06,101.01,10.00,470.00,null,null,null
2023-09-12T12:00:03Z,25.09,62.66,99,3,45.78,101.01,10.00,470.00,0,0,0
2023-09-12T12:01:03Z,25.10,62.59,99,3,40.78,101.00,9.00,460.00,null,null,null
2023-09-12T12:02:03Z,25.12,62.60,99,4,39.68,101.01,9.00,464.00,null,null,null
2023-09-12T12:03:03Z,25.12,62.55,99,3,45.95,101.01,10.00,470.00,null,null,null
2023-09-12T12:04:03Z,25.13,62.58,99,3,39.34,101.01,10.00,470.00,null,null,null
2023-09-12T12:05:03Z,25.12,62.57,99,3,43.93,101.01,10.00,470.00,0,0,0
2023-09-12T12:06:03Z,25.13,62.45,99,3,42.99,101.00,9.00,464.00,null,null,null
2023-09-12T12:07:03Z,25.13,62.43,99,4,38.70,101.00,9.00,460.00,null,null,null
2023-09-12T12:08:03Z,25.13,62.49,99,3,44.13,101.00,9.00,464.00,null,null,null
2023-09-12T12:09:03Z,25.12,62.48,99,3,41.13,101.00,10.00,470.00,null,null,null
2023-09-12T12:10:03Z,25.12,62.52,99,3,38.06,101.00,10.00,470.00,0,0,0
2023-09-12T12:11:03Z,25.16,62.43,99,4,43.69,101.00,9.00,464.00,null,null,null
2023-09-12T12:12:03Z,25.14,62.44,99,3,38.72,101.01,9.00,464.00,null,null,null
2023-09-12T12:13:03Z,25.16,62.39,99,3,39.53,101.01,9.00,464.00,null,null,null
2023-09-12T12:14:03Z,25.16,62.42,99,3,41.30,101.01,10.00,470.00,null,null,null
2023-09-12T12:15:03Z,25.14,62.40,99,3,38.76,101.01,10.00,470.00,0,0,0
2023-09-12T12:16:03Z,25.16,62.34,99,3,39.04,101.01,9.00,464.00,null,null,null
2023-09-12T12:17:03Z,25.16,62.37,99,3,38.71,101.01,9.00,464.00,null,null,null
2023-09-12T12:18:03Z,25.16,62.37,99,3,40.65,101.01,10.00,470.00,null,null,null
2023-09-12T12:19:03Z,25.16,62.35,99,4,50.73,101.00,9.00,464.00,null,null,null
2023-09-12T12:20:03Z,25.17,62.34,99,3,41.82,101.00,10.00,470.00,0,0,0
2023-09-12T12:21:03Z,25.17,62.23,99,3,37.87,101.00,9.00,460.00,null,null,null
2023-09-12T12:22:03Z,25.17,62.20,99,3,39.22,101.00,9.00,463.00,null,null,null
2023-09-12T12:23:03Z,25.17,62.20,99,3,47.26,100.99,10.00,470.00,null,null,null
2023-09-12T12:24:03Z,25.17,62.26,99,4,39.28,100.99,11.00,475.00,null,null,null
2023-09-12T12:25:03Z,25.16,62.17,99,3,42.13,100.99,10.00,470.00,0,0,0
2023-09-12T12:26:03Z,25.19,61.99,99,3,43.67,101.00,9.00,463.00,null,null,null
2023-09-12T12:27:03Z,25.16,62.04,99,3,37.35,101.00,9.00,463.00,null,null,null
2023-09-12T12:28:03Z,25.19,62.06,99,3,38.98,100.99,10.00,470.00,null,null,null
2023-09-12T12:29:03Z,25.19,62.01,99,3,43.42,100.99,10.00,470.00,null,null,null
2023-09-12T12:30:03Z,25.19,62.02,99,3,41.27,100.99,11.00,475.00,0,0,0
2023-09-12T12:31:03Z,25.17,61.91,99,3,48.19,100.99,9.00,463.00,null,null,null
2023-09-12T12:32:03Z,25.19,61.85,99,3,42.08,100.98,9.00,463.00,null,null,null
2023-09-12T12:33:03Z,25.20,61.90,99,3,50.76,100.99,10.00,470.00,null,null,null
2023-09-12T12:34:03Z,25.19,61.91,99,3,44.35,100.99,9.00,463.00,null,null,null
2023-09-12T12:35:03Z,25.19,61.95,99,3,38.69,100.99,11.00,475.00,0,0,0
2023-09-12T12:36:03Z,25.20,61.93,99,3,39.12,100.99,9.00,463.00,null,null,null
2023-09-12T12:37:03Z,25.20,61.90,99,3,39.81,100.99,10.00,470.00,null,null,null
2023-09-12T12:38:03Z,25.19,61.82,99,3,38.44,100.99,10.00,470.00,null,null,null
2023-09-12T12:39:03Z,25.20,61.76,99,3,40.77,100.99,9.00,463.00,null,null,null
2023-09-12T12:40:03Z,25.19,61.77,99,3,40.60,100.98,10.00,470.00,0,0,0
2023-09-12T12:41:03Z,25.20,61.65,99,4,44.35,100.99,9.00,461.00,null,null,null
2023-09-12T12:42:03Z,25.20,61.70,99,3,46.75,100.99,10.00,466.00,null,null,null
2023-09-12T12:43:03Z,25.19,61.69,99,3,40.61,100.99,10.00,466.00,null,null,null
2023-09-12T12:44:03Z,25.17,61.66,99,3,59.95,100.99,10.00,466.00,null,null,null
2023-09-12T12:45:03Z,25.17,61.71,99,4,42.89,100.98,11.00,475.00,0,0,0
2023-09-12T12:46:03Z,25.19,61.53,99,3,50.82,100.99,9.00,464.00,null,null,null
2023-09-12T12:47:03Z,25.20,61.51,99,3,44.14,100.99,9.00,464.00,null,null,null
2023-09-12T12:48:03Z,25.21,61.52,99,3,35.96,100.99,10.00,466.00,null,null,null
2023-09-12T12:49:03Z,25.17,61.52,99,3,41.13,100.99,10.00,466.00,null,null,null
2023-09-12T12:50:03Z,25.19,61.54,99,3,43.37,100.99,10.00,466.00,0,0,0
2023-09-12T12:51:03Z,25.19,61.46,99,2,38.86,100.99,9.00,464.00,null,null,null
2023-09-12T12:52:03Z,25.19,61.53,99,3,42.60,100.98,10.00,466.00,null,null,null
2023-09-12T12:53:03Z,25.20,61.49,99,3,41.55,100.98,10.00,466.00,null,null,null
2023-09-12T12:54:03Z,25.20,61.56,99,3,47.62,100.98,10.00,466.00,null,null,null
2023-09-12T12:55:03Z,25.21,61.54,99,3,48.08,100.98,11.00,475.00,0,0,0
2023-09-12T12:56:03Z,25.20,61.42,99,3,44.03,100.98,9.00,464.00,null,null,null
2023-09-12T12:57:03Z,25.21,61.44,99,3,38.96,100.99,9.00,464.00,null,null,null
2023-09-12T12:58:03Z,25.19,61.40,99,3,37.94,100.98,9.00,464.00,null,null,null
2023-09-12T12:59:03Z,25.19,61.44,99,3,42.49,100.99,9.00,464.00,null,null,null
2023-09-12T13:00:03Z,25.19,61.41,99,3,37.81,100.98,10.00,466.00,0,0,0
2023-09-12T13:01:03Z,25.23,61.29,99,3,42.92,100.99,9.00,461.00,null,null,null
2023-09-12T13:02:03Z,25.21,61.26,99,3,42.46,100.99,9.00,464.00,null,null,null
2023-09-12T13:03:03Z,25.21,61.27,99,3,36.33,100.98,9.00,464.00,null,null,null
2023-09-12T13:04:03Z,25.20,61.28,99,3,43.79,100.98,9.00,464.00,null,null,null
2023-09-12T13:05:03Z,25.20,61.26,99,2,39.86,100.98,9.00,464.00,0,0,0
2023-09-12T13:06:03Z,25.21,61.14,99,3,40.46,100.98,8.00,455.00,null,null,null
2023-09-12T13:07:03Z,25.20,61.18,99,2,39.03,100.98,9.00,465.00,null,null,null
2023-09-12T13:08:03Z,25.20,61.20,99,2,53.40,100.98,9.00,465.00,null,null,null
2023-09-12T13:09:03Z,25.19,61.25,99,2,39.81,100.99,10.00,472.00,null,null,null
2023-09-12T13:10:03Z,25.19,61.28,99,3,43.18,100.98,9.00,464.00,0,0,0
2023-09-12T13:11:03Z,25.20,61.18,99,2,43.17,100.98,9.00,461.00,null,null,null
2023-09-12T13:12:03Z,25.20,61.19,99,3,37.59,100.99,10.00,472.00,null,null,null
2023-09-12T13:13:03Z,25.21,61.23,99,3,42.27,100.98,9.00,465.00,null,null,null
2023-09-12T13:14:03Z,25.20,61.23,99,2,36.51,100.98,10.00,472.00,null,null,null
2023-09-12T13:15:03Z,25.20,61.24,99,2,38.04,100.98,10.00,472.00,0,0,0
2023-09-12T13:16:03Z,25.17,61.18,99,3,45.86,100.98,9.00,465.00,null,null,null
2023-09-12T13:17:03Z,25.20,61.22,99,3,42.76,100.98,10.00,472.00,null,null,null
2023-09-12T13:18:03Z,25.21,61.23,99,2,39.52,100.98,10.00,472.00,null,null,null
2023-09-12T13:19:03Z,25.20,61.27,99,2,47.15,100.98,11.00,475.00,null,null,null
2023-09-12T13:20:03Z,25.20,61.24,99,2,44.22,100.98,10.00,466.00,0,0,0
2023-09-12T13:21:03Z,25.20,61.18,99,2,50.66,100.98,10.00,472.00,null,null,null
2023-09-12T13:22:03Z,25.21,61.17,99,2,35.47,100.98,10.00,472.00,null,null,null
2023-09-12T13:23:03Z,25.21,61.14,99,2,44.52,100.98,10.00,472.00,null,null,null
2023-09-12T13:24:03Z,25.19,61.14,99,2,36.51,100.98,11.00,475.00,null,null,null
2023-09-12T13:25:03Z,25.19,61.09,99,2,38.52,100.98,10.00,472.00,0,0,0
2023-09-12T13:26:03Z,25.23,61.09,99,2,47.80,100.98,9.00,465.00,null,null,null
2023-09-12T13:27:03Z,25.23,61.03,99,3,39.79,100.98,9.00,465.00,null,null,null
2023-09-12T13:28:03Z,25.21,61.09,99,2,40.98,100.98,9.00,465.00,null,null,null
2023-09-12T13:29:03Z,25.19,61.07,99,1,37.26,100.98,9.00,465.00,null,null,null
2023-09-12T13:30:03Z,25.20,61.07,99,2,42.35,100.98,9.00,465.00,0,0,0
2023-09-12T13:31:03Z,25.20,61.00,99,2,52.88,100.98,9.00,460.00,null,null,null
2023-09-12T13:32:03Z,25.21,60.99,99,1,42.46,100.98,9.00,460.00,null,null,null
2023-09-12T13:33:03Z,25.20,60.98,99,2,39.19,100.98,9.00,465.00,null,null,null
2023-09-12T13:34:03Z,25.20,61.03,99,2,37.52,100.98,9.00,465.00,null,null,null
2023-09-12T13:35:03Z,25.19,61.04,99,2,39.87,100.98,9.00,465.00,0,0,0
2023-09-12T13:36:03Z,25.21,60.94,99,2,42.19,100.98,9.00,460.00,null,null,null
2023-09-12T13:37:03Z,25.19,60.93,99,1,38.70,100.98,9.00,460.00,null,null,null
2023-09-12T13:38:03Z,25.20,61.00,99,1,44.47,100.98,9.00,460.00,null,null,null
2023-09-12T13:39:03Z,25.19,60.94,99,1,39.13,100.98,9.00,465.00,null,null,null
2023-09-12T13:40:03Z,25.20,61.02,99,2,48.44,100.97,9.00,465.00,0,0,0
2023-09-12T13:41:03Z,25.19,60.97,99,2,36.97,100.98,9.00,460.00,null,null,null
2023-09-12T13:42:03Z,25.20,60.89,99,2,38.53,100.97,9.00,460.00,null,null,null
2023-09-12T13:43:03Z,25.21,60.91,99,2,40.97,100.97,9.00,460.00,null,null,null
2023-09-12T13:44:03Z,25.20,60.85,99,2,42.52,100.97,9.00,460.00,null,null,null
2023-09-12T13:45:03Z,25.19,60.90,99,2,42.88,100.97,9.00,465.00,0,0,0
2023-09-12T13:46:03Z,25.19,60.81,99,1,39.10,100.97,8.00,456.00,null,null,null
2023-09-12T13:47:03Z,25.20,60.88,99,2,57.85,100.97,8.00,456.00,null,null,null
2023-09-12T13:48:03Z,25.17,60.89,99,2,41.90,100.97,8.00,456.00,null,null,null
2023-09-12T13:49:03Z,25.20,60.89,99,1,55.76,100.97,9.00,460.00,null,null,null
2023-09-12T13:50:03Z,25.17,60.90,99,2,41.93,100.97,9.00,460.00,0,0,0
2023-09-12T13:51:03Z,25.17,60.84,99,2,34.87,100.97,7.00,452.00,null,null,null
2023-09-12T13:52:03Z,25.17,60.84,99,1,43.54,100.97,8.00,456.00,null,null,null
2023-09-12T13:53:03Z,25.17,60.90,99,2,41.01,100.97,8.00,456.00,null,null,null
2023-09-12T13:54:03Z,25.17,60.93,99,1,41.29,100.97,9.00,465.00,null,null,null
2023-09-12T13:55:03Z,25.16,60.91,99,2,52.78,100.98,9.00,460.00,0,0,0
2023-09-12T13:56:03Z,25.17,60.84,99,1,40.25,100.97,7.00,452.00,null,null,null
2023-09-12T13:57:03Z,25.19,60.85,99,1,38.59,100.97,8.00,456.00,null,null,null
2023-09-12T13:58:03Z,25.17,60.89,99,2,46.45,100.97,8.00,456.00,null,null,null
2023-09-12T13:59:03Z,25.14,60.86,99,2,35.11,100.97,9.00,460.00,null,null,null
2023-09-12T14:00:03Z,25.17,60.86,99,2,36.65,100.97,9.00,460.00,0,0,0
2023-09-12T14:01:03Z,25.17,60.81,99,2,42.14,100.97,7.00,452.00,null,null,null
2023-09-12T14:02:03Z,25.17,60.83,99,1,41.07,100.97,7.00,452.00,null,null,null
2023-09-12T14:03:03Z,25.17,60.80,99,2,42.26,100.97,8.00,456.00,null,null,null
2023-09-12T14:04:03Z,25.17,60.85,99,2,44.04,100.97,8.00,456.00,null,null,null
2023-09-12T14:05:03Z,25.16,60.86,99,3,42.68,100.97,8.00,456.00,0,0,0
2023-09-12T14:06:03Z,25.16,60.79,99,1,42.04,100.97,7.00,447.00,null,null,null
2023-09-12T14:07:03Z,25.16,60.75,99,2,40.89,100.97,7.00,452.00,null,null,null
2023-09-12T14:08:03Z,25.14,60.79,99,2,41.28,100.97,7.00,452.00,null,null,null
2023-09-12T14:09:03Z,25.14,60.80,99,2,41.92,100.97,7.00,452.00,null,null,null
2023-09-12T14:10:03Z,25.17,60.82,99,1,40.78,100.97,8.00,456.00,0,0,0
2023-09-12T14:11:03Z,25.16,60.81,99,1,40.26,100.97,7.00,447.00,null,null,null
2023-09-12T14:12:03Z,25.16,60.80,99,1,41.38,100.97,7.00,452.00,null,null,null
2023-09-12T14:13:03Z,25.16,60.85,99,1,45.90,100.97,7.00,452.00,null,null,null
2023-09-12T14:14:03Z,25.13,60.87,99,1,44.80,100.97,8.00,456.00,null,null,null
2023-09-12T14:15:03Z,25.16,60.88,99,1,38.43,100.97,8.00,456.00,0,0,0
2023-09-12T14:16:03Z,25.16,60.85,99,1,36.24,100.97,7.00,452.00,null,null,null
2023-09-12T14:17:03Z,25.16,60.85,99,1,40.21,100.97,7.00,452.00,null,null,null
2023-09-12T14:18:03Z,25.16,60.87,99,1,37.94,100.97,8.00,456.00,null,null,null
2023-09-12T14:19:03Z,25.16,60.88,99,1,38.59,100.97,8.00,456.00,null,null,null
2023-09-12T14:20:03Z,25.14,60.88,99,1,37.87,100.97,9.00,460.00,0,0,0
2023-09-12T14:21:03Z,25.12,60.86,99,0,38.26,100.97,7.00,452.00,null,null,null
2023-09-12T14:22:03Z,25.14,60.82,99,1,44.94,100.97,7.00,452.00,null,null,null
2023-09-12T14:23:03Z,25.13,60.83,99,1,45.73,100.97,7.00,452.00,null,null,null
2023-09-12T14:24:03Z,25.14,60.85,99,1,41.05,100.97,7.00,452.00,null,null,null
2023-09-12T14:25:03Z,25.13,60.79,99,1,39.09,100.97,8.00,456.00,0,0,0
2023-09-12T14:26:03Z,25.14,60.81,99,1,41.67,100.97,7.00,447.00,null,null,null
2023-09-12T14:27:03Z,25.14,60.82,99,1,37.31,100.97,7.00,447.00,null,null,null
2023-09-12T14:28:03Z,25.13,60.80,99,1,37.15,100.97,7.00,447.00,null,null,null
2023-09-12T14:29:03Z,25.14,60.83,99,2,49.42,100.97,8.00,456.00,null,null,null
2023-09-12T14:30:03Z,25.12,60.86,99,1,40.90,100.97,8.00,456.00,0,0,0
2023-09-12T14:31:03Z,25.14,60.87,99,1,41.82,100.97,7.00,452.00,null,null,null
2023-09-12T14:32:03Z,25.14,60.87,99,1,43.34,100.96,8.00,456.00,null,null,null
2023-09-12T14:33:03Z,25.14,60.89,99,1,36.62,100.96,7.00,452.00,null,null,null
2023-09-12T14:34:03Z,25.12,60.89,99,1,42.10,100.96,8.00,456.00,null,null,null
2023-09-12T14:35:03Z,25.12,60.90,99,1,41.10,100.96,8.00,456.00,0,0,0
2023-09-12T14:36:03Z,25.13,60.92,99,0,51.43,100.97,7.00,452.00,null,null,null
2023-09-12T14:37:03Z,25.13,60.92,99,0,37.11,100.96,7.00,452.00,null,null,null
2023-09-12T14:38:03Z,25.12,60.86,99,0,47.79,100.97,8.00,456.00,null,null,null
2023-09-12T14:39:03Z,25.10,60.86,99,0,42.75,100.97,8.00,456.00,null,null,null
2023-09-12T14:40:03Z,25.10,60.85,99,0,39.88,100.97,8.00,456.00,0,0,0
2023-09-12T14:41:03Z,25.12,60.86,99,0,37.19,100.97,7.00,452.00,null,null,null
2023-09-12T14:42:03Z,25.10,60.86,99,0,42.54,100.97,7.00,452.00,null,null,null
2023-09-12T14:43:03Z,25.12,60.86,99,0,40.96,100.96,8.00,456.00,null,null,null
2023-09-12T14:44:03Z,25.13,60.85,99,0,55.09,100.96,8.00,456.00,null,null,null
2023-09-12T14:45:03Z,25.10,60.85,99,0,43.89,100.96,8.00,456.00,0,0,0
2023-09-12T14:46:03Z,25.12,60.86,99,0,42.47,100.96,7.00,452.00,null,null,null
2023-09-12T14:47:03Z,25.12,60.88,99,0,45.87,100.96,8.00,456.00,null,null,null
2023-09-12T14:48:03Z,25.13,60.84,99,0,41.01,100.96,8.00,456.00,null,null,null
2023-09-12T14:49:03Z,25.10,60.91,99,0,43.91,100.96,8.00,456.00,null,null,null
2023-09-12T14:50:03Z,25.10,60.87,99,0,35.77,100.96,9.00,460.00,0,0,0
2023-09-12T14:51:03Z,25.10,60.89,99,0,41.65,100.96,7.00,452.00,null,null,null
2023-09-12T14:52:03Z,25.13,60.89,99,0,35.69,100.95,7.00,452.00,null,null,null
2023-09-12T14:53:03Z,25.10,60.85,99,0,43.34,100.95,8.00,456.00,null,null,null
2023-09-12T14:54:03Z,25.09,60.89,99,0,46.99,100.96,8.00,456.00,null,null,null
2023-09-12T14:55:03Z,25.10,60.96,99,0,58.46,100.96,8.00,456.00,0,0,0
2023-09-12T14:56:03Z,25.07,60.96,99,0,44.18,100.96,7.00,452.00,null,null,null
2023-09-12T14:57:03Z,25.09,61.13,99,0,38.98,100.95,8.00,456.00,null,null,null
2023-09-12T14:58:03Z,25.07,61.04,99,0,41.71,100.95,8.00,456.00,null,null,null
2023-09-12T14:59:03Z,25.10,61.05,99,0,43.35,100.95,9.00,460.00,null,null,null
2023-09-12T15:00:03Z,25.09,61.07,99,0,40.70,100.95,9.00,460.00,0,0,0
2023-09-12T15:01:03Z,25.09,61.04,99,0,49.46,100.95,8.00,456.00,null,null,null
2023-09-12T15:02:03Z,25.10,61.04,99,0,35.01,100.95,8.00,456.00,null,null,null
2023-09-12T15:03:03Z,25.12,61.04,99,0,42.24,100.95,9.00,460.00,null,null,null
2023-09-12T15:04:03Z,25.10,61.02,99,0,35.49,100.95,9.00,460.00,null,null,null
2023-09-12T15:05:03Z,25.07,61.07,99,0,50.83,100.95,9.00,465.00,0,0,0
2023-09-12T15:06:03Z,25.09,61.10,99,0,39.88,100.95,8.00,456.00,null,null,null
2023-09-12T15:07:03Z,25.07,61.07,99,0,38.72,100.95,9.00,460.00,null,null,null
2023-09-12T15:08:03Z,25.09,61.09,99,0,38.66,100.95,9.00,460.00,null,null,null
2023-09-12T15:09:03Z,25.07,61.10,99,0,38.32,100.95,9.00,460.00,null,null,null
2023-09-12T15:10:03Z,25.04,61.12,99,0,39.92,100.95,9.00,460.00,0,0,0
2023-09-12T15:11:03Z,25.09,61.16,99,0,40.16,100.95,8.00,456.00,null,null,null
2023-09-12T15:12:03Z,25.09,61.14,99,0,41.73,100.95,8.00,456.00,null,null,null
2023-09-12T15:13:03Z,25.09,61.13,99,0,39.28,100.95,9.00,460.00,null,null,null
2023-09-12T15:14:03Z,25.06,61.16,99,0,40.32,100.95,9.00,460.00,null,null,null
2023-09-12T15:15:03Z,25.07,61.18,99,0,41.29,100.95,9.00,460.00,0,0,0
2023-09-12T15:16:03Z,25.06,61.20,99,0,47.96,100.95,8.00,456.00,null,null,null
2023-09-12T15:17:03Z,25.09,61.20,99,0,50.19,100.94,8.00,456.00,null,null,null
2023-09-12T15:18:03Z,25.07,61.18,99,0,36.55,100.94,8.00,456.00,null,null,null
2023-09-12T15:19:03Z,25.07,61.18,99,0,33.13,100.94,9.00,460.00,null,null,null
2023-09-12T15:20:03Z,25.06,61.22,99,0,44.56,100.94,9.00,460.00,0,0,0
2023-09-12T15:21:03Z,25.07,61.24,99,0,39.52,100.94,8.00,456.00,null,null,null
2023-09-12T15:22:03Z,25.06,61.24,99,0,45.98,100.94,8.00,456.00,null,null,null
2023-09-12T15:23:03Z,25.06,61.26,99,0,39.21,100.94,9.00,460.00,null,null,null
2023-09-12T15:24:03Z,25.07,61.20,99,0,38.43,100.94,7.00,451.00,null,null,null
2023-09-12T15:25:03Z,25.06,61.24,99,0,43.31,100.94,9.00,460.00,0,0,0
2023-09-12T15:26:03Z,25.04,61.28,99,0,37.09,100.94,8.00,456.00,null,null,null
2023-09-12T15:27:03Z,25.04,61.22,99,0,38.91,100.94,7.00,451.00,null,null,null
2023-09-12T15:28:03Z,25.03,61.25,99,0,45.72,100.94,8.00,456.00,null,null,null
2023-09-12T15:29:03Z,25.04,61.27,99,0,40.76,100.93,7.00,451.00,null,null,null
2023-09-12T15:30:03Z,25.04,61.30,99,0,54.35,100.93,7.00,451.00,0,0,0
2023-09-12T15:31:03Z,25.03,61.37,99,0,41.51,100.93,7.00,451.00,null,null,null
2023-09-12T15:32:03Z,25.03,61.33,99,0,47.93,100.94,7.00,451.00,null,null,null
2023-09-12T15:33:03Z,25.03,61.35,99,0,38.46,100.94,7.00,447.00,null,null,null
2023-09-12T15:34:03Z,25.03,61.40,99,0,58.34,100.94,7.00,451.00,null,null,null
2023-09-12T15:35:03Z,25.02,61.30,99,0,37.84,100.94,7.00,451.00,0,0,0
2023-09-12T15:36:03Z,25.02,61.41,99,0,40.36,100.94,7.00,447.00,null,null,null
2023-09-12T15:37:03Z,25.03,61.41,99,0,43.46,100.94,7.00,451.00,null,null,null
2023-09-12T15:38:03Z,25.00,61.41,99,0,46.83,100.94,7.00,451.00,null,null,null
2023-09-12T15:39:03Z,24.99,61.45,99,0,42.70,100.94,7.00,451.00,null,null,null
2023-09-12T15:40:03Z,24.97,61.43,99,0,46.03,100.94,8.00,455.00,0,0,0
2023-09-12T15:41:03Z,25.00,61.52,99,0,46.26,100.93,7.00,447.00,null,null,null
2023-09-12T15:42:03Z,25.03,61.48,99,0,40.23,100.93,7.00,451.00,null,null,null
2023-09-12T15:43:03Z,24.97,61.52,99,0,40.55,100.93,7.00,451.00,null,null,null
2023-09-12T15:44:03Z,24.99,61.48,99,0,40.35,100.93,7.00,451.00,null,null,null
2023-09-12T15:45:03Z,24.99,61.51,99,0,37.29,100.93,7.00,451.00,0,0,0
2023-09-12T15:46:03Z,24.97,61.51,99,0,42.63,100.93,7.00,451.00,null,null,null
2023-09-12T15:47:03Z,25.00,61.48,99,0,43.98,100.93,7.00,451.00,null,null,null
2023-09-12T15:48:03Z,24.99,61.52,99,0,42.05,100.93,7.00,451.00,null,null,null
2023-09-12T15:49:03Z,24.96,61.47,99,0,46.40,100.93,7.00,451.00,null,null,null
2023-09-12T15:50:03Z,24.97,61.44,99,0,41.70,100.93,7.00,451.00,0,0,0
2023-09-12T15:51:03Z,24.97,61.41,99,0,44.70,100.94,7.00,447.00,null,null,null
2023-09-12T15:52:03Z,24.97,61.41,99,0,44.54,100.93,6.00,443.00,null,null,null
2023-09-12T15:53:03Z,25.00,61.46,99,0,41.09,100.93,7.00,447.00,null,null,null
2023-09-12T15:54:03Z,24.97,61.43,99,0,43.34,100.94,7.00,451.00,null,null,null
2023-09-12T15:55:03Z,24.94,61.47,99,0,42.16,100.94,7.00,451.00,0,0,0
2023-09-12T15:56:03Z,24.94,61.42,99,0,41.32,100.94,6.00,443.00,null,null,null
2023-09-12T15:57:03Z,24.97,61.43,99,0,40.55,100.94,6.00,443.00,null,null,null
2023-09-12T15:58:03Z,24.96,61.31,99,0,41.57,100.94,6.00,443.00,null,null,null
2023-09-12T15:59:03Z,24.97,61.34,99,0,55.29,100.95,6.00,443.00,null,null,null
2023-09-12T16:00:03Z,24.94,61.35,99,0,41.16,100.95,6.00,443.00,0,0,0
2023-09-12T16:01:03Z,24.96,61.35,99,0,41.02,100.96,3.00,425.00,null,null,null
2023-09-12T16:02:03Z,24.94,61.29,99,0,38.76,100.96,3.00,425.00,null,null,null
2023-09-12T16:03:03Z,24.93,61.33,99,0,43.73,100.96,3.00,425.00,null,null,null
2023-09-12T16:04:03Z,24.92,61.32,99,0,41.09,100.96,4.00,428.00,null,null,null
2023-09-12T16:05:03Z,24.89,61.31,99,0,41.56,100.96,3.00,425.00,0,0,0
2023-09-12T16:06:03Z,24.90,61.36,99,0,36.50,100.97,2.00,416.00,null,null,null
2023-09-12T16:07:03Z,24.89,61.35,99,0,43.04,100.96,3.00,422.00,null,null,null
2023-09-12T16:08:03Z,24.87,61.33,99,0,40.82,100.96,3.00,422.00,null,null,null
2023-09-12T16:09:03Z,24.87,61.32,99,0,45.80,100.96,3.00,425.00,null,null,null
2023-09-12T16:10:03Z,24.87,61.30,99,0,44.32,100.97,3.00,425.00,0,0,0
2023-09-12T16:11:03Z,24.87,61.44,99,0,44.93,100.96,2.00,416.00,null,null,null
2023-09-12T16:12:03Z,24.87,61.36,99,0,45.48,100.96,3.00,422.00,null,null,null
2023-09-12T16:13:03Z,24.86,61.40,99,0,38.85,100.96,3.00,425.00,null,null,null
2023-09-12T16:14:03Z,24.84,61.37,99,0,38.29,100.96,3.00,425.00,null,null,null
2023-09-12T16:15:03Z,24.83,61.40,99,0,49.76,100.96,3.00,425.00,0,0,0
2023-09-12T16:16:03Z,24.83,61.50,99,0,56.58,100.96,3.00,422.00,null,null,null
2023-09-12T16:17:03Z,24.82,61.42,99,0,37.65,100.97,3.00,422.00,null,null,null
2023-09-12T16:18:03Z,24.80,61.47,99,0,34.88,100.97,3.00,422.00,null,null,null
2023-09-12T16:19:03Z,24.80,61.48,99,0,38.76,100.96,3.00,425.00,null,null,null
2023-09-12T16:20:03Z,24.80,61.49,99,0,38.29,100.97,3.00,425.00,0,0,0
2023-09-12T16:21:03Z,24.80,61.57,99,0,40.34,100.97,3.00,422.00,null,null,null
2023-09-12T16:22:03Z,24.79,61.50,99,0,40.39,100.97,3.00,422.00,null,null,null
2023-09-12T16:23:03Z,24.78,61.54,99,0,37.58,100.96,3.00,425.00,null,null,null
2023-09-12T16:24:03Z,24.78,61.54,99,0,35.86,100.97,3.00,425.00,null,null,null
2023-09-12T16:25:03Z,24.76,61.55,99,0,42.67,100.96,3.00,425.00,0,0,0
2023-09-12T16:26:03Z,24.78,61.64,99,0,37.88,100.97,3.00,422.00,null,null,null
2023-09-12T16:27:03Z,24.76,61.56,99,0,44.81,100.97,3.00,422.00,null,null,null
2023-09-12T16:28:03Z,24.76,61.60,99,0,38.76,100.97,3.00,422.00,null,null,null
2023-09-12T16:29:03Z,24.78,61.62,99,0,42.34,100.97,4.00,428.00,null,null,null
2023-09-12T16:30:03Z,24.75,61.56,99,0,44.24,100.97,3.00,425.00,0,0,0
2023-09-12T16:31:03Z,24.78,61.63,99,0,42.49,100.97,3.00,425.00,null,null,null
2023-09-12T16:32:03Z,24.78,61.61,99,0,55.16,100.98,3.00,422.00,null,null,null
2023-09-12T16:33:03Z,24.75,61.58,99,0,57.30,100.98,3.00,422.00,null,null,null
2023-09-12T16:34:03Z,24.76,61.59,99,0,48.30,100.98,3.00,422.00,null,null,null
2023-09-12T16:35:03Z,24.73,61.52,99,0,42.09,100.98,3.00,422.00,0,0,0
2023-09-12T16:36:03Z,24.73,61.51,99,0,42.44,100.98,3.00,421.00,null,null,null
2023-09-12T16:37:03Z,24.71,61.50,99,0,44.72,100.98,3.00,423.00,null,null,null
2023-09-12T16:38:03Z,24.72,61.51,99,0,41.67,100.98,3.00,423.00,null,null,null
2023-09-12T16:39:03Z,24.71,61.52,99,0,41.62,100.98,4.00,427.00,null,null,null
2023-09-12T16:40:03Z,24.72,61.53,99,0,41.66,100.98,4.00,427.00,0,0,0
2023-09-12T16:41:03Z,24.72,61.61,99,0,45.82,100.98,3.00,423.00,null,null,null
2023-09-12T16:42:03Z,24.73,61.58,99,0,39.12,100.98,5.00,433.00,null,null,null
2023-09-12T16:43:03Z,24.73,61.57,99,0,37.65,100.98,5.00,433.00,null,null,null
2023-09-12T16:44:03Z,24.72,61.54,99,0,40.95,100.98,5.00,438.00,null,null,null
2023-09-12T16:45:03Z,24.69,61.58,99,0,42.06,100.98,5.00,438.00,0,0,0
2023-09-12T16:46:03Z,24.71,61.62,99,0,45.44,100.98,5.00,438.00,null,null,null
2023-09-12T16:47:03Z,24.73,61.62,99,0,42.45,100.98,5.00,438.00,null,null,null
2023-09-12T16:48:03Z,24.73,61.59,99,0,44.98,100.98,6.00,442.00,null,null,null
2023-09-12T16:49:03Z,24.73,61.64,99,0,41.26,100.98,6.00,442.00,null,null,null
2023-09-12T16:50:03Z,24.69,61.66,99,0,43.08,100.98,6.00,442.00,0,0,0
2023-09-12T16:51:03Z,24.69,61.69,99,0,43.49,100.99,6.00,442.00,null,null,null
2023-09-12T16:52:03Z,24.71,61.71,99,0,38.94,100.98,6.00,442.00,null,null,null
2023-09-12T16:53:03Z,24.69,61.69,99,0,40.94,100.98,6.00,442.00,null,null,null
2023-09-12T16:54:03Z,24.71,61.68,99,0,51.22,100.98,6.00,444.00,null,null,null
2023-09-12T16:55:03Z,24.71,61.72,99,0,38.51,100.98,6.00,444.00,0,0,0
2023-09-12T16:56:03Z,24.68,61.79,99,0,57.06,100.98,6.00,442.00,null,null,null
2023-09-12T16:57:03Z,24.71,61.72,99,0,39.82,100.98,6.00,441.00,null,null,null
2023-09-12T16:58:03Z,24.69,61.75,99,0,52.80,100.98,6.00,444.00,null,null,null
2023-09-12T16:59:03Z,24.68,61.79,99,0,43.32,100.98,6.00,444.00,null,null,null
2023-09-12T17:00:03Z,24.68,61.76,99,0,35.40,100.98,6.00,444.00,0,0,0
2023-09-12T17:01:03Z,24.69,61.89,99,0,36.96,100.97,6.00,444.00,null,null,null
2023-09-12T17:02:03Z,24.68,61.88,99,0,41.45,100.98,6.00,444.00,null,null,null
2023-09-12T17:03:03Z,24.68,61.90,99,0,40.57,100.98,8.00,454.00,null,null,null
2023-09-12T17:04:03Z,24.68,61.89,99,0,39.39,100.98,8.00,454.00,null,null,null
2023-09-12T17:05:03Z,24.68,61.97,99,0,36.84,100.97,8.00,457.00,0,0,0
2023-09-12T17:06:03Z,24.66,62.06,99,0,39.57,100.97,8.00,457.00,null,null,null
2023-09-12T17:07:03Z,24.66,62.04,99,0,41.79,100.98,9.00,462.00,null,null,null
2023-09-12T17:08:03Z,24.66,61.99,99,0,46.05,100.98,9.00,464.00,null,null,null
2023-09-12T17:09:03Z,24.68,62.07,99,0,40.73,100.98,9.00,464.00,null,null,null
2023-09-12T17:10:03Z,24.66,62.10,99,0,41.92,100.98,10.00,472.00,0,0,0
2023-09-12T17:11:03Z,24.69,62.21,99,0,40.26,100.98,10.00,472.00,null,null,null
2023-09-12T17:12:03Z,24.65,62.18,99,0,41.36,100.97,10.00,472.00,null,null,null
2023-09-12T17:13:03Z,24.66,62.23,99,0,38.26,100.97,11.00,477.00,null,null,null
2023-09-12T17:14:03Z,24.65,62.21,99,0,38.48,100.98,11.00,477.00,null,null,null
2023-09-12T17:15:03Z,24.66,62.15,99,0,40.45,100.97,12.00,481.00,0,0,0
2023-09-12T17:16:03Z,24.65,62.53,99,0,48.25,100.98,12.00,481.00,null,null,null
2023-09-12T17:17:03Z,24.66,62.45,99,0,52.68,100.97,12.00,481.00,null,null,null
2023-09-12T17:18:03Z,24.63,62.56,99,0,67.60,100.98,12.00,481.00,null,null,null
2023-09-12T17:19:03Z,24.65,62.51,99,0,65.51,100.98,12.00,481.00,null,null,null
2023-09-12T17:20:03Z,24.63,62.61,99,0,62.67,100.98,14.00,492.00,0,0,0
2023-09-12T17:21:03Z,24.65,62.65,99,0,63.73,100.98,14.00,495.00,null,null,null
2023-09-12T17:22:03Z,24.65,62.60,99,0,67.70,100.98,15.00,503.00,null,null,null
2023-09-12T17:23:03Z,24.66,62.60,99,0,65.23,100.98,17.00,514.00,null,null,null
2023-09-12T17:24:03Z,24.68,62.58,99,0,64.02,100.98,17.00,518.00,null,null,null
2023-09-12T17:25:03Z,24.66,62.61,99,0,66.22,100.98,17.00,518.00,0,0,0
2023-09-12T17:26:03Z,24.66,62.73,99,0,65.46,100.98,18.00,524.00,null,null,null
2023-09-12T17:27:03Z,24.68,62.67,99,0,59.71,100.97,19.00,527.00,null,null,null
2023-09-12T17:28:03Z,24.66,62.70,99,0,67.41,100.98,19.00,531.00,null,null,null
2023-09-12T17:29:03Z,24.66,62.79,99,0,67.58,100.98,21.00,539.00,null,null,null
2023-09-12T17:30:03Z,24.66,62.85,99,0,63.70,100.98,20.00,533.00,0,0,0
2023-09-12T17:31:03Z,24.69,63.08,99,0,68.45,100.98,21.00,542.00,null,null,null
2023-09-12T17:32:03Z,24.69,62.99,99,0,65.72,100.99,22.00,548.00,null,null,null
2023-09-12T17:33:03Z,24.68,63.00,99,0,60.82,100.98,22.00,548.00,null,null,null
2023-09-12T17:34:03Z,24.68,63.05,99,0,60.90,100.99,23.00,551.00,null,null,null
2023-09-12T17:35:03Z,24.66,62.98,99,0,69.80,100.98,23.00,551.00,0,0,0
2023-09-12T17:36:03Z,24.68,63.15,99,0,69.92,100.99,23.00,551.00,null,null,null
2023-09-12T17:37:03Z,24.69,63.04,99,0,61.98,100.99,23.00,551.00,null,null,null
2023-09-12T17:38:03Z,24.68,63.00,99,0,68.10,100.99,24.00,561.00,null,null,null
2023-09-12T17:39:03Z,24.69,63.00,99,0,63.90,100.98,23.00,551.00,null,null,null
2023-09-12T17:40:03Z,24.68,63.01,99,0,67.98,100.99,23.00,551.00,0,0,0
2023-09-12T17:41:03Z,24.65,63.13,99,0,66.06,100.99,24.00,561.00,null,null,null
2023-09-12T17:42:03Z,24.69,63.09,99,0,64.39,100.99,24.00,561.00,null,null,null
2023-09-12T17:43:03Z,24.68,63.05,99,0,66.99,100.98,25.00,565.00,null,null,null
2023-09-12T17:44:03Z,24.66,63.17,99,0,66.82,100.99,25.00,565.00,null,null,null
2023-09-12T17:45:03Z,24.68,63.15,99,0,63.23,100.98,25.00,565.00,0,0,0
2023-09-12T17:46:03Z,24.68,63.40,99,0,64.99,100.99,25.00,570.00,null,null,null
2023-09-12T17:47:03Z,24.69,63.31,99,0,66.96,100.99,25.00,565.00,null,null,null
2023-09-12T17:48:03Z,24.72,63.41,99,0,64.71,100.99,25.00,565.00,null,null,null
2023-09-12T17:49:03Z,24.68,63.49,99,0,64.82,100.99,23.00,556.00,null,null,null
2023-09-12T17:50:03Z,24.69,63.37,99,0,68.12,100.99,23.00,556.00,0,0,0
2023-09-12T17:51:03Z,24.71,63.55,99,0,68.21,101.00,23.00,553.00,null,null,null
2023-09-12T17:52:03Z,24.71,63.41,99,0,65.18,101.00,23.00,556.00,null,null,null
2023-09-12T17:53:03Z,24.71,63.51,99,0,66.12,101.00,23.00,556.00,null,null,null
2023-09-12T17:54:03Z,24.71,63.52,99,0,79.90,101.00,23.00,556.00,null,null,null
2023-09-12T17:55:03Z,24.69,63.59,99,0,65.33,101.01,23.00,556.00,0,0,0
2023-09-12T17:56:03Z,24.69,63.96,99,0,67.41,101.00,25.00,565.00,null,null,null
2023-09-12T17:57:03Z,24.71,63.76,99,0,66.48,101.01,25.00,565.00,null,null,null
2023-09-12T17:58:03Z,24.71,63.71,99,0,62.69,101.01,25.00,570.00,null,null,null
2023-09-12T17:59:03Z,24.69,63.80,99,0,66.82,101.00,26.00,575.00,null,null,null
2023-09-12T18:00:03Z,24.69,63.88,99,0,71.00,101.01,26.00,577.00,0,0,0
2023-09-12T18:01:03Z,24.71,64.12,99,0,64.22,101.01,26.00,577.00,null,null,null
2023-09-12T18:02:03Z,24.72,64.11,99,0,62.90,101.01,27.00,581.00,null,null,null
2023-09-12T18:03:03Z,24.72,64.13,99,0,68.42,101.00,28.00,589.00,null,null,null
2023-09-12T18:04:03Z,24.75,64.16,99,0,69.13,101.01,28.00,589.00,null,null,null
2023-09-12T18:05:03Z,24.69,64.19,99,0,62.66,101.01,27.00,581.00,0,0,0
2023-09-12T18:06:03Z,24.73,64.47,99,0,63.52,101.01,28.00,589.00,null,null,null
2023-09-12T18:07:03Z,24.73,64.33,99,0,65.03,101.01,28.00,586.00,null,null,null
2023-09-12T18:08:03Z,24.72,64.31,99,0,67.39,101.02,28.00,586.00,null,null,null
2023-09-12T18:09:03Z,24.73,64.29,99,0,63.05,101.01,27.00,578.00,null,null,null
2023-09-12T18:10:03Z,24.73,64.35,99,0,68.00,101.01,27.00,578.00,0,0,0
2023-09-12T18:11:03Z,24.75,64.65,99,0,62.00,101.01,27.00,578.00,null,null,null
2023-09-12T18:12:03Z,24.73,64.55,99,0,71.62,101.01,26.00,572.00,null,null,null
2023-09-12T18:13:03Z,24.76,64.51,99,0,69.93,101.01,27.00,578.00,null,null,null
2023-09-12T18:14:03Z,24.75,64.52,99,0,64.93,101.01,26.00,572.00,null,null,null
2023-09-12T18:15:03Z,24.75,64.56,99,0,61.87,101.02,25.00,566.00,0,0,0
2023-09-12T18:16:03Z,24.75,64.85,99,0,59.23,101.01,24.00,561.00,null,null,null
2023-09-12T18:17:03Z,24.78,64.70,99,0,67.64,101.01,24.00,560.00,null,null,null
2023-09-12T18:18:03Z,24.76,64.67,99,0,64.86,101.02,24.00,561.00,null,null,null
2023-09-12T18:19:03Z,24.76,64.71,99,0,66.11,101.02,24.00,561.00,null,null,null
2023-09-12T18:20:03Z,24.73,64.75,99,0,59.96,101.02,24.00,561.00,0,0,0
2023-09-12T18:21:03Z,24.76,64.98,99,0,65.21,101.02,23.00,553.00,null,null,null
2023-09-12T18:22:03Z,24.76,64.87,99,0,58.84,101.02,23.00,553.00,null,null,null
2023-09-12T18:23:03Z,24.76,64.85,99,0,62.67,101.02,22.00,548.00,null,null,null
2023-09-12T18:24:03Z,24.76,64.89,99,0,63.59,101.02,22.00,548.00,null,null,null
2023-09-12T18:25:03Z,24.75,64.91,99,0,60.19,101.02,22.00,548.00,0,0,0
2023-09-12T18:26:03Z,24.78,65.20,99,0,64.44,101.02,21.00,542.00,null,null,null
2023-09-12T18:27:03Z,24.76,65.08,99,0,61.94,101.02,22.00,548.00,null,null,null
2023-09-12T18:28:03Z,24.73,65.08,99,0,71.80,101.02,22.00,548.00,null,null,null
2023-09-12T18:29:03Z,24.75,65.10,99,0,62.23,101.02,22.00,549.00,null,null,null
2023-09-12T18:30:03Z,24.75,65.09,99,0,67.82,101.02,21.00,542.00,0,0,0
2023-09-12T18:31:03Z,24.76,65.49,99,0,65.51,101.03,21.00,539.00,null,null,null
2023-09-12T18:32:03Z,24.78,65.34,99,0,68.17,101.03,20.00,537.00,null,null,null
2023-09-12T18:33:03Z,24.78,65.33,99,0,63.00,101.03,20.00,534.00,null,null,null
2023-09-12T18:34:03Z,24.79,65.35,99,0,65.26,101.03,20.00,534.00,null,null,null
2023-09-12T18:35:03Z,24.75,65.37,99,0,60.80,101.03,20.00,534.00,0,0,0
2023-09-12T18:36:03Z,24.76,65.65,99,0,65.50,101.03,19.00,529.00,null,null,null
2023-09-12T18:37:03Z,24.76,65.52,99,0,63.70,101.03,20.00,534.00,null,null,null
2023-09-12T18:38:03Z,24.76,65.51,99,0,61.97,101.04,19.00,529.00,null,null,null
2023-09-12T18:39:03Z,24.78,65.50,99,0,65.38,101.04,19.00,529.00,null,null,null
2023-09-12T18:40:03Z,24.75,65.58,99,0,65.93,101.04,20.00,534.00,0,0,0
2023-09-12T18:41:03Z,24.78,65.94,99,0,65.55,101.04,18.00,524.00,null,null,null
2023-09-12T18:42:03Z,24.76,65.76,99,0,58.40,101.05,19.00,530.00,null,null,null
2023-09-12T18:43:03Z,24.76,65.72,99,0,60.64,101.05,18.00,524.00,null,null,null
2023-09-12T18:44:03Z,24.78,65.74,99,0,66.42,101.05,19.00,529.00,null,null,null
2023-09-12T18:45:03Z,24.75,65.75,99,0,64.59,101.05,20.00,534.00,0,0,0
2023-09-12T18:46:03Z,24.79,66.05,99,0,68.37,101.05,18.00,519.00,null,null,null
2023-09-12T18:47:03Z,24.78,65.93,99,0,68.04,101.05,18.00,524.00,null,null,null
2023-09-12T18:48:03Z,24.78,65.95,99,0,65.72,101.05,18.00,524.00,null,null,null
2023-09-12T18:49:03Z,24.78,65.99,99,0,60.87,101.05,18.00,524.00,null,null,null
2023-09-12T18:50:03Z,24.73,65.99,99,0,66.39,101.05,18.00,524.00,0,0,0
2023-09-12T18:51:03Z,24.79,66.28,99,0,65.74,101.05,18.00,523.00,null,null,null
2023-09-12T18:52:03Z,24.76,66.17,99,0,64.94,101.06,17.00,514.00,null,null,null
2023-09-12T18:53:03Z,24.76,66.14,99,0,63.60,101.06,18.00,519.00,null,null,null
2023-09-12T18:54:03Z,24.78,66.15,99,0,62.37,101.06,18.00,519.00,null,null,null
2023-09-12T18:55:03Z,24.76,66.16,99,0,59.09,101.06,18.00,519.00,0,0,0
2023-09-12T18:56:03Z,24.76,66.47,99,0,67.31,101.06,18.00,519.00,null,null,null
2023-09-12T18:57:03Z,24.76,66.32,99,0,67.12,101.07,17.00,514.00,null,null,null
2023-09-12T18:58:03Z,24.76,66.28,99,0,60.07,101.07,17.00,514.00,null,null,null
2023-09-12T18:59:03Z,24.76,66.31,99,0,72.45,101.06,17.00,514.00,null,null,null
2023-09-12T19:00:03Z,24.72,66.35,99,0,61.38,101.07,17.00,518.00,0,0,0
2023-09-12T19:01:03Z,24.76,66.59,99,0,65.44,101.07,17.00,514.00,null,null,null
2023-09-12T19:02:03Z,24.76,66.49,99,0,68.83,101.07,17.00,518.00,null,null,null
2023-09-12T19:03:03Z,24.76,66.48,99,0,67.94,101.07,17.00,518.00,null,null,null
2023-09-12T19:04:03Z,24.73,66.48,99,0,64.18,101.07,17.00,514.00,null,null,null
2023-09-12T19:05:03Z,24.73,66.51,99,0,69.60,101.07,17.00,517.00,0,0,0
2023-09-12T19:06:03Z,24.76,66.78,99,0,62.72,101.08,17.00,517.00,null,null,null
2023-09-12T19:07:03Z,24.75,66.73,99,0,60.84,101.07,17.00,514.00,null,null,null
2023-09-12T19:08:03Z,24.76,66.68,99,0,72.27,101.08,17.00,518.00,null,null,null
2023-09-12T19:09:03Z,24.75,66.64,99,0,68.31,101.08,17.00,518.00,null,null,null
2023-09-12T19:10:03Z,24.76,66.66,99,0,62.16,101.08,17.00,518.00,0,0,0
2023-09-12T19:11:03Z,24.75,67.00,99,0,67.53,101.08,17.00,518.00,null,null,null
2023-09-12T19:12:03Z,24.76,66.86,99,0,65.44,101.09,17.00,514.00,null,null,null
2023-09-12T19:13:03Z,24.76,66.79,99,0,75.31,101.09,17.00,514.00,null,null,null
2023-09-12T19:14:03Z,24.78,66.84,99,0,62.40,101.09,17.00,514.00,null,null,null
2023-09-12T19:15:03Z,24.72,66.82,99,0,62.26,101.09,17.00,514.00,0,0,0
2023-09-12T19:16:03Z,24.76,67.20,99,0,64.60,101.09,16.00,508.00,null,null,null
2023-09-12T19:17:03Z,24.75,66.99,99,0,63.79,101.10,17.00,514.00,null,null,null
2023-09-12T19:18:03Z,24.75,66.98,99,0,69.80,101.10,17.00,514.00,null,null,null
2023-09-12T19:19:03Z,24.73,66.96,99,0,65.49,101.10,18.00,519.00,null,null,null
2023-09-12T19:20:03Z,24.73,66.99,99,0,69.13,101.10,18.00,520.00,0,0,0
2023-09-12T19:21:03Z,24.75,67.32,99,0,66.77,101.11,18.00,520.00,null,null,null
2023-09-12T19:22:03Z,24.75,67.17,99,0,65.97,101.11,17.00,515.00,null,null,null
2023-09-12T19:23:03Z,24.73,67.15,99,0,63.53,101.11,17.00,514.00,null,null,null
2023-09-12T19:24:03Z,24.72,67.15,99,0,64.50,101.12,18.00,520.00,null,null,null
2023-09-12T19:25:03Z,24.72,67.22,99,0,62.65,101.12,18.00,524.00,0,0,0
2023-09-12T19:26:03Z,24.72,67.49,99,0,68.17,101.11,18.00,524.00,null,null,null
2023-09-12T19:27:03Z,24.73,67.26,99,0,63.84,101.13,18.00,519.00,null,null,null
2023-09-12T19:28:03Z,24.73,67.33,99,0,66.77,101.13,18.00,519.00,null,null,null
2023-09-12T19:29:03Z,24.73,67.34,99,0,63.41,101.13,18.00,519.00,null,null,null
2023-09-12T19:30:03Z,24.72,67.32,99,0,70.95,101.13,18.00,519.00,0,0,0
2023-09-12T19:31:03Z,24.75,67.56,99,0,69.29,101.13,18.00,519.00,null,null,null
2023-09-12T19:32:03Z,24.73,67.39,99,0,64.99,101.14,17.00,515.00,null,null,null
2023-09-12T19:33:03Z,24.71,67.36,99,0,66.81,101.14,17.00,517.00,null,null,null
2023-09-12T19:34:03Z,24.72,67.38,99,0,64.91,101.14,18.00,519.00,null,null,null
2023-09-12T19:35:03Z,24.72,67.32,99,0,70.91,101.15,18.00,519.00,0,0,0
2023-09-12T19:36:03Z,24.72,67.57,99,0,61.63,101.14,18.00,519.00,null,null,null
2023-09-12T19:37:03Z,24.72,67.39,99,0,65.40,101.14,18.00,519.00,null,null,null
2023-09-12T19:38:03Z,24.71,67.36,99,0,66.04,101.14,18.00,519.00,null,null,null
2023-09-12T19:39:03Z,24.71,67.32,99,0,65.91,101.15,17.00,517.00,null,null,null
2023-09-12T19:40:03Z,24.69,67.25,99,0,67.68,101.15,17.00,517.00,0,0,0
2023-09-12T19:41:03Z,24.71,67.44,99,0,72.89,101.15,17.00,517.00,null,null,null
2023-09-12T19:42:03Z,24.69,67.31,99,0,59.88,101.15,17.00,517.00,null,null,null
2023-09-12T19:43:03Z,24.71,67.30,99,0,62.37,101.15,17.00,517.00,null,null,null
2023-09-12T19:44:03Z,24.68,67.27,99,0,62.66,101.15,17.00,517.00,null,null,null
2023-09-12T19:45:03Z,24.66,67.23,99,0,67.16,101.15,17.00,517.00,0,0,0
2023-09-12T19:46:03Z,24.69,67.39,99,0,66.96,101.16,18.00,520.00,null,null,null
2023-09-12T19:47:03Z,24.69,67.23,99,0,63.95,101.15,17.00,517.00,null,null,null
2023-09-12T19:48:03Z,24.68,67.14,99,0,67.48,101.16,16.00,508.00,null,null,null
2023-09-12T19:49:03Z,24.68,67.10,99,0,66.83,101.16,16.00,508.00,null,null,null
2023-09-12T19:50:03Z,24.68,67.10,99,0,68.85,101.16,16.00,508.00,0,0,0
2023-09-12T19:51:03Z,24.63,67.23,99,0,65.97,101.16,16.00,508.00,null,null,null
2023-09-12T19:52:03Z,24.68,67.09,99,0,62.33,101.16,16.00,508.00,null,null,null
2023-09-12T19:53:03Z,24.69,67.03,99,0,62.81,101.17,16.00,508.00,null,null,null
2023-09-12T19:54:03Z,24.66,66.99,99,0,66.23,101.16,16.00,508.00,null,null,null
2023-09-12T19:55:03Z,24.62,66.97,99,0,59.11,101.16,15.00,505.00,0,0,0
2023-09-12T19:56:03Z,24.66,67.07,99,0,69.52,101.16,15.00,505.00,null,null,null
2023-09-12T19:57:03Z,24.61,66.96,99,0,67.84,101.16,15.00,505.00,null,null,null
2023-09-12T19:58:03Z,24.63,66.91,99,0,61.06,101.17,15.00,505.00,null,null,null
2023-09-12T19:59:03Z,24.63,66.93,99,0,62.39,101.17,15.00,505.00,null,null,null
2023-09-12T20:00:03Z,24.62,66.88,99,0,64.37,101.17,15.00,505.00,0,0,0
2023-09-12T20:01:03Z,24.62,67.04,99,0,67.52,101.17,15.00,505.00,null,null,null
2023-09-12T20:02:03Z,24.62,66.91,99,0,66.87,101.17,15.00,505.00,null,null,null
2023-09-12T20:03:03Z,24.62,66.92,99,0,64.53,101.17,15.00,505.00,null,null,null
2023-09-12T20:04:03Z,24.61,66.87,99,0,67.85,101.17,15.00,505.00,null,null,null
2023-09-12T20:05:03Z,24.59,66.86,99,0,68.52,101.16,15.00,505.00,0,0,0
2023-09-12T20:06:03Z,24.61,66.99,99,0,62.83,101.17,15.00,505.00,null,null,null
2023-09-12T20:07:03Z,24.61,66.85,99,0,66.90,101.17,15.00,500.00,null,null,null
2023-09-12T20:08:03Z,24.59,66.83,99,0,68.79,101.17,15.00,500.00,null,null,null
2023-09-12T20:09:03Z,24.59,66.80,99,0,63.33,101.17,15.00,500.00,null,null,null
2023-09-12T20:10:03Z,24.58,66.81,99,0,62.38,101.17,15.00,500.00,0,0,0
2023-09-12T20:11:03Z,24.56,67.06,99,0,68.97,101.17,15.00,500.00,null,null,null
2023-09-12T20:12:03Z,24.61,66.89,99,0,65.81,101.17,15.00,500.00,null,null,null
2023-09-12T20:13:03Z,24.58,66.88,99,0,72.48,101.17,15.00,500.00,null,null,null
2023-09-12T20:14:03Z,24.56,66.85,99,0,69.48,101.17,15.00,500.00,null,null,null
2023-09-12T20:15:03Z,24.55,66.88,99,0,66.09,101.17,15.00,500.00,0,0,0
2023-09-12T20:16:03Z,24.56,67.05,99,0,62.80,101.17,15.00,500.00,null,null,null
2023-09-12T20:17:03Z,24.55,66.92,99,0,63.18,101.18,15.00,500.00,null,null,null
2023-09-12T20:18:03Z,24.56,66.83,99,0,68.30,101.18,15.00,500.00,null,null,null
2023-09-12T20:19:03Z,24.55,66.80,99,0,66.00,101.18,15.00,500.00,null,null,null
2023-09-12T20:20:03Z,24.55,66.79,99,0,66.11,101.18,15.00,500.00,0,0,0
2023-09-12T20:21:03Z,24.55,66.92,99,0,63.14,101.18,15.00,500.00,null,null,null
2023-09-12T20:22:03Z,24.55,66.79,99,0,66.74,101.19,14.00,496.00,null,null,null
2023-09-12T20:23:03Z,24.55,66.82,99,0,59.35,101.19,15.00,500.00,null,null,null
2023-09-12T20:24:03Z,24.53,66.82,99,0,67.43,101.19,15.00,500.00,null,null,null
2023-09-12T20:25:03Z,24.52,66.75,99,0,65.84,101.19,14.00,496.00,0,0,0
2023-09-12T20:26:03Z,24.51,66.96,99,0,53.21,101.19,14.00,496.00,null,null,null
2023-09-12T20:27:03Z,24.53,66.82,99,0,64.14,101.20,14.00,496.00,null,null,null
2023-09-12T20:28:03Z,24.52,66.74,99,0,64.03,101.20,14.00,496.00,null,null,null
2023-09-12T20:29:03Z,24.51,66.71,99,0,73.10,101.20,15.00,500.00,null,null,null
2023-09-12T20:30:03Z,24.49,66.73,99,0,67.06,101.20,15.00,500.00,0,0,0
2023-09-12T20:31:03Z,24.51,66.78,99,0,68.57,101.21,14.00,496.00,null,null,null
2023-09-12T20:32:03Z,24.51,66.64,99,0,65.35,101.21,14.00,492.00,null,null,null
2023-09-12T20:33:03Z,24.51,66.65,99,0,70.47,101.21,14.00,496.00,null,null,null
2023-09-12T20:34:03Z,24.49,66.57,99,0,60.36,101.21,14.00,496.00,null,null,null
2023-09-12T20:35:03Z,24.48,66.50,99,0,65.90,101.21,14.00,496.00,0,0,0
2023-09-12T20:36:03Z,24.49,66.67,99,0,63.19,101.21,12.00,485.00,null,null,null
2023-09-12T20:37:03Z,24.48,66.60,99,0,67.07,101.21,13.00,488.00,null,null,null
2023-09-12T20:38:03Z,24.46,66.56,99,0,65.61,101.22,13.00,488.00,null,null,null
2023-09-12T20:39:03Z,24.46,66.56,99,0,66.66,101.22,13.00,488.00,null,null,null
2023-09-12T20:40:03Z,24.46,66.55,99,0,63.67,101.22,13.00,488.00,0,0,0
2023-09-12T20:41:03Z,24.46,66.65,99,0,64.89,101.22,12.00,485.00,null,null,null
2023-09-12T20:42:03Z,24.48,66.54,99,0,63.30,101.22,13.00,488.00,null,null,null
2023-09-12T20:43:03Z,24.45,66.46,99,0,68.76,101.22,12.00,485.00,null,null,null
2023-09-12T20:44:03Z,24.45,66.46,99,0,64.22,101.22,13.00,488.00,null,null,null
2023-09-12T20:45:03Z,24.43,66.45,99,0,63.09,101.22,12.00,485.00,0,0,0
2023-09-12T20:46:03Z,24.42,66.53,99,0,66.81,101.23,12.00,482.00,null,null,null
2023-09-12T20:47:03Z,24.46,66.49,99,0,72.37,101.23,12.00,485.00,null,null,null
2023-09-12T20:48:03Z,24.42,66.53,99,0,68.31,101.23,12.00,485.00,null,null,null
2023-09-12T20:49:03Z,24.42,66.51,99,0,64.61,101.23,12.00,485.00,null,null,null
2023-09-12T20:50:03Z,24.39,66.48,99,0,67.39,101.23,12.00,485.00,0,0,0
2023-09-12T20:51:03Z,24.41,66.68,99,0,62.31,101.23,12.00,482.00,null,null,null
2023-09-12T20:52:03Z,24.43,66.54,99,0,69.78,101.24,12.00,482.00,null,null,null
2023-09-12T20:53:03Z,24.42,66.54,99,0,65.70,101.23,12.00,485.00,null,null,null
2023-09-12T20:54:03Z,24.39,66.55,99,0,70.08,101.24,12.00,485.00,null,null,null
2023-09-12T20:55:03Z,24.41,66.53,99,0,65.37,101.24,12.00,485.00,0,0,0
2023-09-12T20:56:03Z,24.38,66.66,99,0,59.05,101.24,11.00,477.00,null,null,null
2023-09-12T20:57:03Z,24.39,66.60,99,0,59.10,101.24,12.00,482.00,null,null,null
2023-09-12T20:58:03Z,24.39,66.55,99,0,62.18,101.24,12.00,482.00,null,null,null
2023-09-12T20:59:03Z,24.38,66.52,99,0,71.21,101.24,12.00,485.00,null,null,null
2023-09-12T21:00:03Z,24.35,66.55,99,0,65.87,101.24,12.00,485.00,0,0,0
2023-09-12T21:01:03Z,24.38,66.66,99,0,56.43,101.25,12.00,482.00,null,null,null
2023-09-12T21:02:03Z,24.36,66.58,99,0,63.27,101.25,12.00,482.00,null,null,null
2023-09-12T21:03:03Z,24.36,66.57,99,0,67.35,101.24,12.00,482.00,null,null,null
2023-09-12T21:04:03Z,24.36,66.55,99,0,62.60,101.24,12.00,482.00,null,null,null
2023-09-12T21:05:03Z,24.32,66.53,99,0,67.34,101.24,12.00,482.00,0,0,0
2023-09-12T21:06:03Z,24.35,66.69,99,0,70.38,101.24,11.00,477.00,null,null,null
2023-09-12T21:07:03Z,24.36,66.61,99,0,63.15,101.24,12.00,482.00,null,null,null
2023-09-12T21:08:03Z,24.32,66.53,99,0,62.93,101.24,12.00,482.00,null,null,null
2023-09-12T21:09:03Z,24.34,66.56,99,0,61.09,101.25,12.00,482.00,null,null,null
2023-09-12T21:10:03Z,24.31,66.49,99,0,67.05,101.24,12.00,482.00,0,0,0
2023-09-12T21:11:03Z,24.32,66.55,99,0,68.70,101.24,11.00,477.00,null,null,null
2023-09-12T21:12:03Z,24.32,66.50,99,0,61.03,101.25,12.00,482.00,null,null,null
2023-09-12T21:13:03Z,24.32,66.46,99,0,68.54,101.25,12.00,482.00,null,null,null
2023-09-12T21:14:03Z,24.28,66.49,99,0,63.66,101.25,11.00,477.00,null,null,null
2023-09-12T21:15:03Z,24.28,66.43,99,0,66.81,101.25,11.00,477.00,0,0,0
2023-09-12T21:16:03Z,24.29,66.51,99,0,67.22,101.26,11.00,477.00,null,null,null
2023-09-12T21:17:03Z,24.31,66.45,99,0,66.34,101.25,11.00,473.00,null,null,null
2023-09-12T21:18:03Z,24.28,66.39,99,0,62.89,101.25,11.00,473.00,null,null,null
2023-09-12T21:19:03Z,24.27,66.37,99,0,59.77,101.25,11.00,473.00,null,null,null
2023-09-12T21:20:03Z,24.27,66.36,99,0,69.26,101.25,11.00,473.00,0,0,0
2023-09-12T21:21:03Z,24.28,66.44,99,0,69.54,101.25,11.00,473.00,null,null,null
2023-09-12T21:22:03Z,24.27,66.34,99,0,69.20,101.25,11.00,473.00,null,null,null
2023-09-12T21:23:03Z,24.28,66.29,99,0,63.55,101.25,9.00,465.00,null,null,null
2023-09-12T21:24:03Z,24.28,66.30,99,0,66.53,101.26,11.00,477.00,null,null,null
2023-09-12T21:25:03Z,24.24,66.23,99,0,68.95,101.25,11.00,477.00,0,0,0
2023-09-12T21:26:03Z,24.22,66.30,99,0,63.60,101.26,19.00,529.00,null,null,null
2023-09-12T21:27:03Z,24.25,66.20,99,0,63.45,101.26,18.00,523.00,null,null,null
2023-09-12T21:28:03Z,24.24,66.14,99,0,62.45,101.27,13.00,487.00,null,null,null
2023-09-12T21:29:03Z,24.24,66.19,99,0,68.12,101.26,20.00,537.00,null,null,null
2023-09-12T21:30:03Z,24.22,66.15,99,0,64.98,101.26,21.00,542.00,0,0,0
2023-09-12T21:31:03Z,24.21,66.17,99,0,60.56,101.26,21.00,542.00,null,null,null
2023-09-12T21:32:03Z,24.22,66.11,99,0,65.81,101.26,21.00,542.00,null,null,null
2023-09-12T21:33:03Z,24.22,66.08,99,0,66.28,101.26,21.00,542.00,null,null,null
2023-09-12T21:34:03Z,24.20,66.04,99,0,66.58,101.26,21.00,542.00,null,null,null
2023-09-12T21:35:03Z,24.18,66.02,99,0,62.42,101.27,22.00,549.00,0,0,0
2023-09-12T21:36:03Z,24.18,66.15,99,0,60.75,101.27,22.00,549.00,null,null,null
2023-09-12T21:37:03Z,24.20,66.04,99,0,67.32,101.27,22.00,549.00,null,null,null
2023-09-12T21:38:03Z,24.18,65.98,99,0,68.24,101.28,21.00,542.00,null,null,null
2023-09-12T21:39:03Z,24.15,65.94,99,0,66.34,101.27,21.00,542.00,null,null,null
2023-09-12T21:40:03Z,24.17,65.92,99,0,70.07,101.27,21.00,542.00,0,0,0
2023-09-12T21:41:03Z,24.14,65.98,99,0,64.36,101.27,20.00,537.00,null,null,null
2023-09-12T21:42:03Z,24.15,65.91,99,0,65.77,101.27,21.00,542.00,null,null,null
2023-09-12T21:43:03Z,24.14,65.92,99,0,71.93,101.27,20.00,537.00,null,null,null
2023-09-12T21:44:03Z,24.17,65.92,99,0,68.74,101.28,20.00,537.00,null,null,null
2023-09-12T21:45:03Z,24.15,65.88,99,0,71.40,101.28,20.00,537.00,0,0,0
2023-09-12T21:46:03Z,24.11,65.88,99,0,65.54,101.28,20.00,534.00,null,null,null
2023-09-12T21:47:03Z,24.14,65.82,99,0,65.84,101.28,20.00,534.00,null,null,null
2023-09-12T21:48:03Z,24.12,65.82,99,0,63.88,101.28,20.00,534.00,null,null,null
2023-09-12T21:49:03Z,24.12,65.83,99,0,72.51,101.28,20.00,534.00,null,null,null
2023-09-12T21:50:03Z,24.14,65.83,99,0,65.58,101.29,20.00,534.00,0,0,0
2023-09-12T21:51:03Z,24.10,65.84,99,0,60.06,101.28,19.00,529.00,null,null,null
2023-09-12T21:52:03Z,24.11,65.79,99,0,64.24,101.29,19.00,529.00,null,null,null
2023-09-12T21:53:03Z,24.10,65.75,99,0,63.35,101.28,19.00,529.00,null,null,null
2023-09-12T21:54:03Z,24.08,65.71,99,0,62.91,101.29,18.00,524.00,null,null,null
2023-09-12T21:55:03Z,24.07,65.73,99,0,67.30,101.29,19.00,529.00,0,0,0
2023-09-12T21:56:03Z,24.07,65.74,99,0,63.15,101.29,18.00,523.00,null,null,null
2023-09-12T21:57:03Z,24.08,65.72,99,0,66.73,101.28,18.00,523.00,null,null,null
2023-09-12T21:58:03Z,24.07,65.62,99,0,67.81,101.29,18.00,523.00,null,null,null
2023-09-12T21:59:03Z,24.05,65.61,99,0,69.50,101.30,18.00,523.00,null,null,null
2023-09-12T22:00:03Z,24.08,65.68,99,0,64.90,101.29,18.00,523.00,0,0,0
2023-09-12T22:01:03Z,24.04,65.77,99,0,65.47,101.29,17.00,518.00,null,null,null
2023-09-12T22:02:03Z,24.10,65.67,99,0,70.45,101.29,17.00,514.00,null,null,null
2023-09-12T22:03:03Z,24.04,65.64,99,0,61.88,101.29,17.00,518.00,null,null,null
2023-09-12T22:04:03Z,24.03,65.66,99,0,68.53,101.30,17.00,518.00,null,null,null
2023-09-12T22:05:03Z,24.03,65.63,99,0,63.91,101.29,17.00,518.00,0,0,0
2023-09-12T22:06:03Z,24.03,65.70,99,0,66.50,101.29,17.00,518.00,null,null,null
2023-09-12T22:07:03Z,24.04,65.65,99,0,67.45,101.29,16.00,508.00,null,null,null
2023-09-12T22:08:03Z,24.01,65.61,99,0,61.45,101.30,17.00,518.00,null,null,null
2023-09-12T22:09:03Z,24.01,65.63,99,0,62.63,101.30,18.00,523.00,null,null,null
2023-09-12T22:10:03Z,24.00,65.65,99,0,58.77,101.30,18.00,523.00,0,0,0
2023-09-12T22:11:03Z,23.98,65.59,99,0,65.45,101.30,19.00,529.00,null,null,null
2023-09-12T22:12:03Z,24.01,65.56,99,0,69.63,101.30,19.00,529.00,null,null,null
2023-09-12T22:13:03Z,24.01,65.47,99,0,55.47,101.30,20.00,533.00,null,null,null
2023-09-12T22:14:03Z,23.97,65.36,99,0,62.46,101.31,20.00,533.00,null,null,null
2023-09-12T22:15:03Z,23.97,65.40,99,0,62.09,101.31,20.00,533.00,0,0,0
2023-09-12T22:16:03Z,23.97,65.35,99,0,65.05,101.30,19.00,529.00,null,null,null
2023-09-12T22:17:03Z,23.97,65.29,99,0,64.18,101.29,20.00,533.00,null,null,null
2023-09-12T22:18:03Z,23.98,65.36,99,0,66.68,101.30,20.00,533.00,null,null,null
2023-09-12T22:19:03Z,23.97,65.30,99,0,58.82,101.30,20.00,533.00,null,null,null
2023-09-12T22:20:03Z,23.95,65.29,99,0,72.30,101.30,20.00,533.00,0,0,0
2023-09-12T22:21:03Z,23.97,65.34,99,0,67.57,101.30,20.00,533.00,null,null,null
2023-09-12T22:22:03Z,23.97,65.25,99,0,64.00,101.30,20.00,533.00,null,null,null
2023-09-12T22:23:03Z,23.94,65.12,99,0,71.72,101.30,19.00,529.00,null,null,null
2023-09-12T22:24:03Z,23.94,65.01,99,0,68.93,101.31,20.00,533.00,null,null,null
2023-09-12T22:25:03Z,23.91,64.98,99,0,70.23,101.32,19.00,527.00,0,0,0
2023-09-12T22:26:03Z,23.91,64.76,99,0,65.56,101.31,18.00,523.00,null,null,null
2023-09-12T22:27:03Z,23.93,64.71,99,0,64.11,101.31,18.00,523.00,null,null,null
2023-09-12T22:28:03Z,23.91,64.73,99,0,61.57,101.31,19.00,529.00,null,null,null
2023-09-12T22:29:03Z,23.91,64.67,99,0,70.50,101.31,18.00,523.00,null,null,null
2023-09-12T22:30:03Z,23.91,64.63,99,0,62.17,101.32,18.00,519.00,0,0,0
2023-09-12T22:31:03Z,23.90,64.51,99,0,62.59,101.31,17.00,515.00,null,null,null
2023-09-12T22:32:03Z,23.91,64.51,99,0,61.76,101.32,17.00,515.00,null,null,null
2023-09-12T22:33:03Z,23.90,64.40,99,0,61.51,101.32,17.00,515.00,null,null,null
2023-09-12T22:34:03Z,23.87,64.45,99,0,63.34,101.32,15.00,503.00,null,null,null
2023-09-12T22:35:03Z,23.84,64.44,99,0,67.51,101.32,17.00,515.00,0,0,0
2023-09-12T22:36:03Z,23.88,64.30,99,0,65.89,101.32,15.00,500.00,null,null,null
2023-09-12T22:37:03Z,23.85,64.29,99,0,63.09,101.32,15.00,500.00,null,null,null
2023-09-12T22:38:03Z,23.87,64.27,99,0,67.64,101.32,15.00,500.00,null,null,null
2023-09-12T22:39:03Z,23.85,64.27,99,0,66.04,101.32,14.00,496.00,null,null,null
2023-09-12T22:40:03Z,23.85,64.25,99,0,71.53,101.33,14.00,496.00,0,0,0
2023-09-12T22:41:03Z,23.84,64.12,99,0,67.26,101.32,13.00,491.00,null,null,null
2023-09-12T22:42:03Z,23.85,64.13,99,0,67.79,101.32,13.00,487.00,null,null,null
2023-09-12T22:43:03Z,23.83,64.06,99,0,66.12,101.32,13.00,487.00,null,null,null
2023-09-12T22:44:03Z,23.83,64.07,99,0,68.39,101.33,13.00,487.00,null,null,null
2023-09-12T22:45:03Z,23.83,64.04,99,0,68.48,101.32,13.00,487.00,0,0,0
2023-09-12T22:46:03Z,23.83,63.91,99,0,63.96,101.32,12.00,485.00,null,null,null
2023-09-12T22:47:03Z,23.80,63.89,99,0,58.12,101.32,12.00,480.00,null,null,null
2023-09-12T22:48:03Z,23.81,63.92,99,0,67.54,101.32,12.00,480.00,null,null,null
2023-09-12T22:49:03Z,23.83,63.91,99,0,65.73,101.33,12.00,480.00,null,null,null
2023-09-12T22:50:03Z,23.80,63.89,99,0,67.77,101.33,12.00,480.00,0,0,0
2023-09-12T22:51:03Z,23.80,63.79,99,0,65.38,101.33,11.00,476.00,null,null,null
2023-09-12T22:52:03Z,23.81,63.79,99,0,64.07,101.33,11.00,476.00,null,null,null
2023-09-12T22:53:03Z,23.81,63.80,99,0,64.65,101.33,11.00,476.00,null,null,null
2023-09-12T22:54:03Z,23.80,63.80,99,0,62.94,101.33,10.00,472.00,null,null,null
2023-09-12T22:55:03Z,23.78,63.75,99,0,68.45,101.33,11.00,476.00,0,0,0
2023-09-12T22:56:03Z,23.78,63.67,99,0,63.96,101.33,9.00,463.00,null,null,null
2023-09-12T22:57:03Z,23.77,63.64,99,0,64.76,101.33,10.00,466.00,null,null,null
2023-09-12T22:58:03Z,23.78,63.64,99,0,64.78,101.33,10.00,466.00,null,null,null
2023-09-12T22:59:03Z,23.76,63.66,99,0,63.80,101.33,10.00,466.00,null,null,null
2023-09-12T23:00:03Z,23.74,63.64,99,0,67.31,101.34,10.00,466.00,0,0,0
2023-09-12T23:01:03Z,23.74,63.53,99,0,59.90,101.34,15.00,503.00,null,null,null
2023-09-12T23:02:03Z,23.76,63.55,99,0,66.33,101.34,15.00,501.00,null,null,null
2023-09-12T23:03:03Z,23.77,63.50,99,0,66.93,101.34,9.00,463.00,null,null,null
2023-09-12T23:04:03Z,23.73,63.51,99,0,62.42,101.34,9.00,463.00,null,null,null
2023-09-12T23:05:03Z,23.71,63.48,99,0,66.19,101.34,15.00,503.00,0,0,0
2023-09-12T23:06:03Z,23.73,63.40,99,0,66.63,101.35,15.00,501.00,null,null,null
2023-09-12T23:07:03Z,23.74,63.40,99,0,60.71,101.34,14.00,497.00,null,null,null
2023-09-12T23:08:03Z,23.76,63.36,99,0,66.27,101.35,15.00,501.00,null,null,null
2023-09-12T23:09:03Z,23.73,63.32,99,0,60.81,101.35,9.00,461.00,null,null,null
2023-09-12T23:10:03Z,23.71,63.34,99,0,61.66,101.34,15.00,501.00,0,0,0
2023-09-12T23:11:03Z,23.73,63.26,99,0,69.42,101.35,14.00,492.00,null,null,null
2023-09-12T23:12:03Z,23.70,63.19,99,0,70.07,101.35,14.00,492.00,null,null,null
2023-09-12T23:13:03Z,23.69,63.25,99,0,65.32,101.35,15.00,502.00,null,null,null
2023-09-12T23:14:03Z,23.71,63.22,99,0,57.14,101.35,14.00,492.00,null,null,null
2023-09-12T23:15:03Z,23.69,63.16,99,0,69.39,101.35,14.00,497.00,0,0,0
2023-09-12T23:16:03Z,23.69,63.09,99,0,69.04,101.36,14.00,497.00,null,null,null
2023-09-12T23:17:03Z,23.71,63.07,99,0,69.59,101.35,14.00,493.00,null,null,null
2023-09-12T23:18:03Z,23.67,63.11,99,0,62.64,101.35,14.00,493.00,null,null,null
2023-09-12T23:19:03Z,23.69,63.09,99,0,64.44,101.36,14.00,497.00,null,null,null
2023-09-12T23:20:03Z,23.66,63.05,99,0,62.50,101.36,14.00,497.00,0,0,0
2023-09-12T23:21:03Z,23.67,62.97,99,0,63.08,101.37,13.00,487.00,null,null,null
2023-09-12T23:22:03Z,23.66,63.00,99,0,72.02,101.35,14.00,493.00,null,null,null
2023-09-12T23:23:03Z,23.64,63.02,99,0,67.21,101.36,14.00,493.00,null,null,null
2023-09-12T23:24:03Z,23.67,62.99,99,0,62.21,101.36,14.00,493.00,null,null,null
2023-09-12T23:25:03Z,23.64,62.95,99,0,67.50,101.36,14.00,493.00,0,0,0
2023-09-12T23:26:03Z,23.64,62.87,99,0,65.50,101.36,12.00,481.00,null,null,null
2023-09-12T23:27:03Z,23.64,62.89,99,0,71.72,101.36,12.00,485.00,null,null,null
2023-09-12T23:28:03Z,23.64,62.83,99,0,66.92,101.36,13.00,487.00,null,null,null
2023-09-12T23:29:03Z,23.64,62.85,99,0,65.65,101.36,13.00,487.00,null,null,null
2023-09-12T23:30:03Z,23.62,62.84,99,0,63.53,101.36,13.00,487.00,0,0,0
2023-09-12T23:31:03Z,23.63,62.75,99,0,64.81,101.36,12.00,481.00,null,null,null
2023-09-12T23:32:03Z,23.66,62.72,99,0,68.86,101.36,12.00,481.00,null,null,null
2023-09-12T23:33:03Z,23.63,62.76,99,0,66.99,101.36,13.00,486.00,null,null,null
2023-09-12T23:34:03Z,23.62,62.71,99,0,61.70,101.36,12.00,481.00,null,null,null
2023-09-12T23:35:03Z,23.60,62.70,99,0,65.04,101.36,13.00,491.00,0,0,0
2023-09-12T23:36:03Z,23.60,62.65,100,0,62.51,101.36,11.00,476.00,null,null,null
2023-09-12T23:37:03Z,23.62,62.62,99,0,68.18,101.36,12.00,482.00,null,null,null
2023-09-12T23:38:03Z,23.59,62.62,99,0,65.21,101.36,13.00,486.00,null,null,null
2023-09-12T23:39:03Z,23.60,62.60,99,0,70.18,101.36,13.00,486.00,null,null,null
2023-09-12T23:40:03Z,23.57,62.62,99,0,65.31,101.36,12.00,482.00,0,0,0
2023-09-12T23:41:03Z,23.59,62.50,99,0,64.30,101.36,11.00,476.00,null,null,null
2023-09-12T23:42:03Z,23.59,62.52,99,0,67.44,101.36,11.00,476.00,null,null,null
2023-09-12T23:43:03Z,23.59,62.55,99,0,62.56,101.36,11.00,476.00,null,null,null
2023-09-12T23:44:03Z,23.57,62.52,99,0,60.57,101.36,12.00,482.00,null,null,null
2023-09-12T23:45:03Z,23.57,62.51,99,0,59.98,101.36,11.00,476.00,0,0,0
2023-09-12T23:46:03Z,23.56,62.43,99,0,63.56,101.37,12.00,482.00,null,null,null
2023-09-12T23:47:03Z,23.59,62.45,99,0,61.93,101.37,13.00,486.00,null,null,null
2023-09-12T23:48:03Z,23.56,62.41,99,0,65.57,101.37,13.00,486.00,null,null,null
2023-09-12T23:49:03Z,23.56,62.39,99,0,61.54,101.37,13.00,486.00,null,null,null
2023-09-12T23:50:03Z,23.53,62.40,99,0,63.03,101.36,13.00,486.00,0,0,0
2023-09-12T23:51:03Z,23.56,62.35,99,0,65.73,101.37,12.00,482.00,null,null,null
2023-09-12T23:52:03Z,23.52,62.37,99,0,62.88,101.37,12.00,482.00,null,null,null
2023-09-12T23:53:03Z,23.52,62.31,99,0,67.28,101.37,13.00,486.00,null,null,null
2023-09-12T23:54:03Z,23.53,62.32,99,0,64.62,101.37,14.00,492.00,null,null,null
2023-09-12T23:55:03Z,23.52,62.34,99,0,63.98,101.37,13.00,486.00,0,0,0
2023-09-12T23:56:03Z,23.52,62.24,99,0,67.22,101.37,11.00,476.00,null,null,null
2023-09-12T23:57:03Z,23.52,62.24,99,0,67.31,101.37,13.00,486.00,null,null,null
2023-09-12T23:58:03Z,23.50,62.22,99,0,67.28,101.37,13.00,491.00,null,null,null
2023-09-12T23:59:03Z,23.50,62.25,99,0,65.75,101.37,13.00,491.00,null,null,null
