TIME,TEMP,HUM,BATT,LIGHT,NOISE_A,PRESS,CCS811_VOCS,CCS811_ECO2,PM_1,PM_25,PM_10
ISO 8601,C,%,%,Lux,dBA,kPa,ppb,ppm,ug/m3,ug/m3,ug/m3
Time,Temperature,Humidity,Battery,Light,Noise dBA,Barometric pressure,VOC Gas CCS811,eCO2 Gas CCS811,PM 1.0,PM 2.5,PM 10.0
,55,56,10,14,53,58,113,112,89,87,88
2023-09-09T00:00:02Z,27.19,70.36,99,0,61.73,101.30,126.00,1228.00,0,0,0
2023-09-09T00:01:02Z,27.19,70.50,99,0,59.65,101.30,126.00,1228.00,null,null,null
2023-09-09T00:02:02Z,27.18,70.31,99,0,57.12,101.30,126.00,1228.00,null,null,null
2023-09-09T00:03:02Z,27.19,70.41,99,0,60.85,101.31,122.00,1201.00,null,null,null
2023-09-09T00:04:02Z,27.18,70.14,99,0,60.78,101.30,126.00,1228.00,null,null,null
2023-09-09T00:05:02Z,27.19,70.33,99,0,61.91,101.30,123.00,1212.00,0,0,0
2023-09-09T00:06:02Z,27.18,70.38,99,0,63.32,101.30,122.00,1201.00,null,null,null
2023-09-09T00:07:02Z,27.19,70.34,99,0,60.48,101.30,122.00,1201.00,null,null,null
2023-09-09T00:08:02Z,27.18,70.28,99,0,64.94,101.30,122.00,1201.00,null,null,null
2023-09-09T00:09:02Z,27.15,70.25,99,0,60.59,101.30,122.00,1201.00,null,null,null
2023-09-09T00:10:02Z,27.17,70.24,99,0,58.26,101.30,122.00,1201.00,0,0,0
2023-09-09T00:11:02Z,27.19,70.33,99,0,65.15,101.30,123.00,1212.00,null,null,null
2023-09-09T00:12:02Z,27.21,70.30,99,0,67.83,101.30,122.00,1201.00,null,null,null
2023-09-09T00:13:02Z,27.17,70.19,99,0,55.62,101.30,122.00,1201.00,null,null,null
2023-09-09T00:14:02Z,27.18,70.17,99,0,66.15,101.30,123.00,1212.00,null,null,null
2023-09-09T00:15:02Z,27.17,70.36,99,0,53.94,101.30,123.00,1212.00,0,0,0
2023-09-09T00:16:02Z,27.18,70.16,99,0,69.19,101.30,122.00,1201.00,null,null,null
2023-09-09T00:17:02Z,27.18,70.22,99,0,64.79,101.30,123.00,1212.00,null,null,null
2023-09-09T00:18:02Z,27.17,70.20,99,0,62.71,101.29,123.00,1212.00,null,null,null
2023-09-09T00:19:02Z,27.17,70.13,99,0,65.90,101.29,123.00,1212.00,null,null,null
2023-09-09T00:20:02Z,27.14,70.24,99,0,60.09,101.29,123.00,1212.00,0,0,0
2023-09-09T00:21:02Z,27.14,70.28,99,0,58.92,101.29,123.00,1212.00,null,null,null
2023-09-09T00:22:02Z,27.21,70.11,99,0,60.16,101.29,122.00,1201.00,null,null,null
2023-09-09T00:23:02Z,27.18,70.21,99,0,52.13,101.29,123.00,1212.00,null,null,null
2023-09-09T00:24:02Z,27.15,70.13,99,0,63.43,101.29,123.00,1212.00,null,null,null
2023-09-09T00:25:02Z,27.15,70.18,99,0,59.12,101.28,121.00,1198.00,0,0,0
2023-09-09T00:26:02Z,27.17,70.06,99,0,64.55,101.28,123.00,1212.00,null,null,null
2023-09-09T00:27:02Z,27.15,70.11,99,0,64.23,101.29,123.00,1212.00,null,null,null
2023-09-09T00:28:02Z,27.17,70.10,99,0,56.93,101.29,121.00,1198.00,null,null,null
2023-09-09T00:29:02Z,27.15,70.07,99,0,58.58,101.28,121.00,1198.00,null,null,null
2023-09-09T00:30:02Z,27.14,70.14,99,0,64.22,101.28,121.00,1198.00,0,0,0
2023-09-09T00:31:02Z,27.15,70.06,99,0,56.76,101.28,121.00,1198.00,null,null,null
2023-09-09T00:32:02Z,27.14,70.00,99,0,60.09,101.28,121.00,1198.00,null,null,null
2023-09-09T00:33:02Z,27.15,69.91,99,0,62.77,101.28,121.00,1198.00,null,null,null
2023-09-09T00:34:02Z,27.15,69.93,99,0,64.63,101.28,121.00,1198.00,null,null,null
2023-09-09T00:35:02Z,27.15,70.02,99,0,69.36,101.28,119.00,1184.00,0,0,0
2023-09-09T00:36:02Z,27.15,70.02,99,0,66.55,101.28,119.00,1184.00,null,null,null
2023-09-09T00:37:02Z,27.14,69.92,99,0,59.74,101.28,121.00,1198.00,null,null,null
2023-09-09T00:38:02Z,27.14,69.95,99,0,65.16,101.28,119.00,1184.00,null,null,null
2023-09-09T00:39:02Z,27.14,70.09,99,0,54.08,101.28,119.00,1184.00,null,null,null
2023-09-09T00:40:02Z,27.11,70.03,99,0,64.67,101.28,119.00,1184.00,0,0,0
2023-09-09T00:41:02Z,27.14,69.87,99,0,59.62,101.28,117.00,1171.00,null,null,null
2023-09-09T00:42:02Z,27.14,69.98,99,0,62.74,101.28,119.00,1184.00,null,null,null
2023-09-09T00:43:02Z,27.12,70.02,99,0,65.67,101.28,119.00,1184.00,null,null,null
2023-09-09T00:44:02Z,27.11,69.87,99,0,64.38,101.28,117.00,1171.00,null,null,null
2023-09-09T00:45:02Z,27.11,69.93,99,0,66.98,101.28,117.00,1171.00,0,0,0
2023-09-09T00:46:02Z,27.11,69.89,99,0,66.25,101.28,117.00,1171.00,null,null,null
2023-09-09T00:47:02Z,27.15,69.88,99,0,62.95,101.28,117.00,1171.00,null,null,null
2023-09-09T00:48:02Z,27.12,69.84,99,0,52.64,101.28,117.00,1171.00,null,null,null
2023-09-09T00:49:02Z,27.12,69.94,99,0,66.08,101.28,117.00,1171.00,null,null,null
2023-09-09T00:50:02Z,27.10,69.88,99,0,58.06,101.28,117.00,1171.00,0,0,0
2023-09-09T00:51:02Z,27.12,70.02,99,0,61.71,101.28,113.00,1147.00,null,null,null
2023-09-09T00:52:02Z,27.10,69.83,99,0,62.83,101.27,117.00,1171.00,null,null,null
2023-09-09T00:53:02Z,27.11,69.81,99,0,59.86,101.27,117.00,1171.00,null,null,null
2023-09-09T00:54:02Z,27.10,69.97,99,0,56.64,101.27,113.00,1147.00,null,null,null
2023-09-09T00:55:02Z,27.10,69.93,99,0,62.50,101.27,111.00,1134.00,0,0,0
2023-09-09T00:56:02Z,27.10,69.89,99,0,61.53,101.27,111.00,1134.00,null,null,null
2023-09-09T00:57:02Z,27.12,69.87,99,0,59.17,101.27,111.00,1134.00,null,null,null
2023-09-09T00:58:02Z,27.10,69.82,99,0,65.55,101.27,111.00,1134.00,null,null,null
2023-09-09T00:59:02Z,27.07,69.81,99,0,59.00,101.27,111.00,1134.00,null,null,null
2023-09-09T01:00:02Z,27.10,69.82,99,0,59.87,101.27,113.00,1147.00,0,0,0
2023-09-09T01:01:02Z,27.11,69.86,99,0,63.67,101.26,111.00,1134.00,null,null,null
2023-09-09T01:02:02Z,27.11,69.84,99,0,60.98,101.27,113.00,1147.00,null,null,null
2023-09-09T01:03:02Z,27.10,69.78,99,0,59.32,101.27,113.00,1147.00,null,null,null
2023-09-09T01:04:02Z,27.11,69.81,99,0,62.39,101.27,111.00,1134.00,null,null,null
2023-09-09T01:05:02Z,27.07,69.83,99,0,58.50,101.27,111.00,1134.00,0,0,0
2023-09-09T01:06:02Z,27.10,69.88,99,0,65.51,101.27,111.00,1134.00,null,null,null
2023-09-09T01:07:02Z,27.10,69.75,99,0,56.40,101.26,111.00,1134.00,null,null,null
2023-09-09T01:08:02Z,27.07,69.86,99,0,66.63,101.27,111.00,1134.00,null,null,null
2023-09-09T01:09:02Z,27.08,69.81,99,0,59.42,101.26,109.00,1122.00,null,null,null
2023-09-09T01:10:02Z,27.05,69.90,99,0,60.73,101.27,109.00,1122.00,0,0,0
2023-09-09T01:11:02Z,27.07,69.83,99,0,56.04,101.26,109.00,1122.00,null,null,null
2023-09-09T01:12:02Z,27.11,69.99,99,0,58.06,101.27,109.00,1122.00,null,null,null
2023-09-09T01:13:02Z,27.08,69.82,99,0,63.87,101.27,109.00,1122.00,null,null,null
2023-09-09T01:14:02Z,27.10,69.82,99,0,67.81,101.26,109.00,1122.00,null,null,null
2023-09-09T01:15:02Z,27.07,69.84,99,0,58.77,101.26,109.00,1122.00,0,0,0
2023-09-09T01:16:02Z,27.07,69.79,99,0,67.48,101.26,107.00,1105.00,null,null,null
2023-09-09T01:17:02Z,27.08,69.85,99,0,63.03,101.26,109.00,1122.00,null,null,null
2023-09-09T01:18:02Z,27.08,69.74,99,0,67.81,101.26,107.00,1105.00,null,null,null
2023-09-09T01:19:02Z,27.07,69.85,99,0,64.07,101.26,108.00,1113.00,null,null,null
2023-09-09T01:20:02Z,27.07,69.81,99,0,58.60,101.26,107.00,1105.00,0,0,0
2023-09-09T01:21:02Z,27.05,69.73,99,0,60.38,101.26,107.00,1105.00,null,null,null
2023-09-09T01:22:02Z,27.07,69.76,99,0,65.80,101.26,108.00,1113.00,null,null,null
2023-09-09T01:23:02Z,27.07,69.88,99,0,65.29,101.26,107.00,1105.00,null,null,null
2023-09-09T01:24:02Z,27.04,69.71,99,0,54.74,101.26,107.00,1105.00,null,null,null
2023-09-09T01:25:02Z,27.07,69.79,99,0,67.38,101.27,106.00,1102.00,0,0,0
2023-09-09T01:26:02Z,27.04,69.73,99,0,60.17,101.26,105.00,1093.00,null,null,null
2023-09-09T01:27:02Z,27.07,69.69,99,0,64.87,101.26,106.00,1102.00,null,null,null
2023-09-09T01:28:02Z,27.04,69.70,99,0,62.23,101.26,106.00,1102.00,null,null,null
2023-09-09T01:29:02Z,27.05,69.63,99,0,59.28,101.26,106.00,1102.00,null,null,null
2023-09-09T01:30:02Z,27.04,69.70,99,0,59.07,101.27,106.00,1102.00,0,0,0
2023-09-09T01:31:02Z,27.05,69.71,99,0,59.10,101.26,106.00,1102.00,null,null,null
2023-09-09T01:32:02Z,27.05,69.80,99,0,60.01,101.26,106.00,1102.00,null,null,null
2023-09-09T01:33:02Z,27.04,69.80,99,0,61.97,101.26,103.00,1081.00,null,null,null
2023-09-09T01:34:02Z,27.04,69.75,99,0,61.81,101.26,103.00,1081.00,null,null,null
2023-09-09T01:35:02Z,27.04,69.69,99,0,63.76,101.26,103.00,1081.00,0,0,0
2023-09-09T01:36:02Z,27.01,69.68,99,0,66.01,101.26,105.00,1090.00,null,null,null
2023-09-09T01:37:02Z,27.02,69.61,99,0,62.09,101.26,105.00,1090.00,null,null,null
2023-09-09T01:38:02Z,27.04,69.58,99,0,66.81,101.26,105.00,1090.00,null,null,null
2023-09-09T01:39:02Z,27.02,69.68,99,0,65.58,101.26,105.00,1090.00,null,null,null
2023-09-09T01:40:02Z,27.01,69.70,99,0,59.69,101.26,105.00,1090.00,0,0,0
2023-09-09T01:41:02Z,27.02,69.69,99,0,62.68,101.26,105.00,1090.00,null,null,null
2023-09-09T01:42:02Z,27.02,69.65,99,0,59.25,101.26,103.00,1077.00,null,null,null
2023-09-09T01:43:02Z,27.04,69.66,99,0,58.90,101.25,105.00,1090.00,null,null,null
2023-09-09T01:44:02Z,27.02,69.60,99,0,60.30,101.25,103.00,1077.00,null,null,null
2023-09-09T01:45:02Z,27.04,69.62,99,0,59.75,101.25,103.00,1077.00,0,0,0
2023-09-09T01:46:02Z,27.01,69.69,99,0,58.33,101.25,103.00,1077.00,null,null,null
2023-09-09T01:47:02Z,27.01,69.62,99,0,65.83,101.25,103.00,1077.00,null,null,null
2023-09-09T01:48:02Z,27.01,69.68,99,0,63.35,101.25,103.00,1077.00,null,null,null
2023-09-09T01:49:02Z,26.98,69.60,99,0,60.45,101.25,103.00,1077.00,null,null,null
2023-09-09T01:50:02Z,27.02,69.66,99,0,66.22,101.25,103.00,1077.00,0,0,0
2023-09-09T01:51:02Z,27.00,69.60,99,0,60.54,101.25,103.00,1077.00,null,null,null
2023-09-09T01:52:02Z,27.01,69.55,99,0,60.19,101.25,100.00,1062.00,null,null,null
2023-09-09T01:53:02Z,27.02,69.72,99,0,62.32,101.25,100.00,1062.00,null,null,null
2023-09-09T01:54:02Z,27.01,69.72,99,0,58.18,101.26,100.00,1062.00,null,null,null
2023-09-09T01:55:02Z,27.00,69.60,99,0,63.67,101.26,100.00,1062.00,0,0,0
2023-09-09T01:56:02Z,27.00,69.66,99,0,63.56,101.25,100.00,1062.00,null,null,null
2023-09-09T01:57:02Z,27.01,69.69,99,0,64.09,101.26,100.00,1062.00,null,null,null
2023-09-09T01:58:02Z,27.01,69.63,99,0,61.59,101.25,100.00,1062.00,null,null,null
2023-09-09T01:59:02Z,26.98,69.69,99,0,64.21,101.26,100.00,1062.00,null,null,null
2023-09-09T02:00:02Z,27.00,69.62,99,0,59.27,101.26,100.00,1062.00,0,0,0
2023-09-09T02:01:02Z,27.01,69.57,99,0,66.94,101.25,98.00,1044.00,null,null,null
2023-09-09T02:02:02Z,26.98,69.57,99,0,61.92,101.26,100.00,1062.00,null,null,null
2023-09-09T02:03:02Z,27.00,69.60,99,0,58.33,101.26,100.00,1062.00,null,null,null
2023-09-09T02:04:02Z,26.98,69.55,99,0,63.84,101.26,100.00,1062.00,null,null,null
2023-09-09T02:05:02Z,26.98,69.61,99,0,65.74,101.26,100.00,1062.00,0,0,0
2023-09-09T02:06:02Z,26.98,69.59,99,0,55.23,101.26,98.00,1044.00,null,null,null
2023-09-09T02:07:02Z,27.01,69.58,99,0,66.50,101.26,100.00,1062.00,null,null,null
2023-09-09T02:08:02Z,26.98,69.55,99,0,64.23,101.26,100.00,1062.00,null,null,null
2023-09-09T02:09:02Z,26.97,69.66,99,0,62.73,101.25,98.00,1044.00,null,null,null
2023-09-09T02:10:02Z,26.95,69.71,99,0,59.04,101.25,98.00,1044.00,0,0,0
2023-09-09T02:11:02Z,26.95,69.64,99,0,66.79,101.26,98.00,1044.00,null,null,null
2023-09-09T02:12:02Z,27.01,69.47,99,0,68.53,101.26,98.00,1044.00,null,null,null
2023-09-09T02:13:02Z,26.95,69.48,99,0,64.62,101.26,98.00,1044.00,null,null,null
2023-09-09T02:14:02Z,26.95,69.51,99,0,58.76,101.26,98.00,1044.00,null,null,null
2023-09-09T02:15:02Z,26.97,69.50,99,0,62.73,101.26,98.00,1044.00,0,0,0
2023-09-09T02:16:02Z,26.97,69.66,99,0,61.69,101.26,96.00,1032.00,null,null,null
2023-09-09T02:17:02Z,26.98,69.53,99,0,61.31,101.26,98.00,1044.00,null,null,null
2023-09-09T02:18:02Z,26.98,69.48,99,0,65.18,101.26,98.00,1044.00,null,null,null
2023-09-09T02:19:02Z,26.95,69.55,99,0,65.52,101.26,98.00,1044.00,null,null,null
2023-09-09T02:20:02Z,26.94,69.50,99,0,64.69,101.26,96.00,1032.00,0,0,0
2023-09-09T02:21:02Z,26.95,69.54,99,0,62.18,101.26,93.00,1012.00,null,null,null
2023-09-09T02:22:02Z,26.97,69.46,99,0,68.53,101.25,93.00,1012.00,null,null,null
2023-09-09T02:23:02Z,26.95,69.51,99,0,63.47,101.26,93.00,1012.00,null,null,null
2023-09-09T02:24:02Z,26.97,69.40,99,0,63.53,101.26,93.00,1012.00,null,null,null
2023-09-09T02:25:02Z,26.95,69.44,99,0,56.15,101.26,96.00,1032.00,0,0,0
2023-09-09T02:26:02Z,26.97,69.48,99,0,65.31,101.25,93.00,1012.00,null,null,null
2023-09-09T02:27:02Z,26.94,69.47,99,0,57.19,101.25,96.00,1032.00,null,null,null
2023-09-09T02:28:02Z,26.95,69.43,99,0,60.68,101.26,96.00,1032.00,null,null,null
2023-09-09T02:29:02Z,26.95,69.44,99,0,62.58,101.26,93.00,1012.00,null,null,null
2023-09-09T02:30:02Z,26.93,69.41,99,0,66.96,101.26,93.00,1012.00,0,0,0
2023-09-09T02:31:02Z,26.91,69.42,99,0,54.04,101.26,93.00,1012.00,null,null,null
2023-09-09T02:32:02Z,26.94,69.42,99,0,62.00,101.26,93.00,1012.00,null,null,null
2023-09-09T02:33:02Z,26.93,69.39,99,0,57.74,101.26,93.00,1012.00,null,null,null
2023-09-09T02:34:02Z,26.93,69.44,99,0,59.54,101.26,93.00,1012.00,null,null,null
2023-09-09T02:35:02Z,26.93,69.45,99,0,66.45,101.26,93.00,1012.00,0,0,0
2023-09-09T02:36:02Z,26.93,69.45,99,0,59.32,101.25,91.00,1001.00,null,null,null
2023-09-09T02:37:02Z,26.94,69.48,99,0,60.43,101.25,93.00,1012.00,null,null,null
2023-09-09T02:38:02Z,26.94,69.39,99,0,62.48,101.25,91.00,1001.00,null,null,null
2023-09-09T02:39:02Z,26.93,69.47,99,0,69.75,101.25,91.00,1001.00,null,null,null
2023-09-09T02:40:02Z,26.91,69.48,99,0,60.04,101.25,91.00,1001.00,0,0,0
2023-09-09T02:41:02Z,26.93,69.47,99,0,61.34,101.25,91.00,1001.00,null,null,null
2023-09-09T02:42:02Z,26.91,69.40,99,0,63.08,101.25,91.00,1001.00,null,null,null
2023-09-09T02:43:02Z,26.93,69.42,99,0,64.23,101.25,91.00,1001.00,null,null,null
2023-09-09T02:44:02Z,26.91,69.47,99,0,56.06,101.25,91.00,1001.00,null,null,null
2023-09-09T02:45:02Z,26.93,69.42,99,0,67.20,101.25,91.00,1001.00,0,0,0
2023-09-09T02:46:02Z,26.91,69.34,99,0,66.93,101.25,91.00,1001.00,null,null,null
2023-09-09T02:47:02Z,26.93,69.43,99,0,64.32,101.25,91.00,1001.00,null,null,null
2023-09-09T02:48:02Z,26.90,69.30,99,0,55.68,101.25,91.00,1001.00,null,null,null
2023-09-09T02:49:02Z,26.93,69.21,99,0,60.44,101.25,89.00,990.00,null,null,null
2023-09-09T02:50:02Z,26.90,69.21,99,0,59.27,101.25,90.00,997.00,0,0,0
2023-09-09T02:51:02Z,26.93,69.21,99,0,62.98,101.24,92.00,1009.00,null,null,null
2023-09-09T02:52:02Z,26.90,69.12,99,0,60.38,101.24,68.00,848.00,null,null,null
2023-09-09T02:53:02Z,26.90,69.10,99,0,63.71,101.24,69.00,855.00,null,null,null
2023-09-09T02:54:02Z,26.90,69.04,99,0,57.09,101.24,70.00,863.00,null,null,null
2023-09-09T02:55:02Z,26.90,69.00,99,0,62.85,101.24,70.00,863.00,0,0,0
2023-09-09T02:56:02Z,26.94,69.06,99,0,62.86,101.24,70.00,863.00,null,null,null
2023-09-09T02:57:02Z,26.93,68.99,99,0,64.05,101.25,70.00,863.00,null,null,null
2023-09-09T02:58:02Z,26.91,68.97,99,0,62.32,101.24,70.00,863.00,null,null,null
2023-09-09T02:59:02Z,26.90,68.96,99,0,59.02,101.24,72.00,877.00,null,null,null
2023-09-09T03:00:02Z,26.90,68.93,99,0,65.80,101.24,72.00,877.00,0,0,0
2023-09-09T03:01:02Z,26.90,69.02,99,0,59.03,101.24,70.00,863.00,null,null,null
2023-09-09T03:02:02Z,26.90,68.88,99,0,64.13,101.24,70.00,863.00,null,null,null
2023-09-09T03:03:02Z,26.91,68.90,99,0,65.43,101.24,70.00,863.00,null,null,null
2023-09-09T03:04:02Z,26.90,68.86,99,0,66.52,101.24,70.00,863.00,null,null,null
2023-09-09T03:05:02Z,26.87,68.88,99,0,57.98,101.24,72.00,877.00,0,0,0
2023-09-09T03:06:02Z,26.91,68.98,99,0,60.11,101.24,72.00,877.00,null,null,null
2023-09-09T03:07:02Z,26.90,68.85,99,0,60.43,101.24,70.00,863.00,null,null,null
2023-09-09T03:08:02Z,26.90,68.85,99,0,62.46,101.24,70.00,863.00,null,null,null
2023-09-09T03:09:02Z,26.90,68.84,99,0,60.17,101.23,70.00,863.00,null,null,null
2023-09-09T03:10:02Z,26.88,68.82,99,0,63.56,101.24,72.00,877.00,0,0,0
2023-09-09T03:11:02Z,26.88,68.89,99,0,61.51,101.23,72.00,877.00,null,null,null
2023-09-09T03:12:02Z,26.88,68.85,99,0,62.37,101.23,72.00,877.00,null,null,null
2023-09-09T03:13:02Z,26.87,68.82,99,0,64.86,101.23,72.00,877.00,null,null,null
2023-09-09T03:14:02Z,26.88,68.83,99,0,58.87,101.23,72.00,877.00,null,null,null
2023-09-09T03:15:02Z,26.87,68.77,99,0,63.90,101.23,72.00,877.00,0,0,0
2023-09-09T03:16:02Z,26.90,68.90,99,0,56.88,101.23,70.00,863.00,null,null,null
2023-09-09T03:17:02Z,26.90,68.77,99,0,58.55,101.23,70.00,863.00,null,null,null
2023-09-09T03:18:02Z,26.88,68.78,99,0,65.10,101.23,70.00,863.00,null,null,null
2023-09-09T03:19:02Z,26.87,68.78,99,0,61.33,101.23,70.00,863.00,null,null,null
2023-09-09T03:20:02Z,26.88,68.74,99,0,62.45,101.23,70.00,863.00,0,0,0
2023-09-09T03:21:02Z,26.87,68.85,99,0,59.47,101.23,70.00,865.00,null,null,null
2023-09-09T03:22:02Z,26.87,68.78,99,0,64.25,101.23,70.00,863.00,null,null,null
2023-09-09T03:23:02Z,26.87,68.74,99,0,58.30,101.22,70.00,863.00,null,null,null
2023-09-09T03:24:02Z,26.87,68.72,99,0,58.90,101.23,70.00,865.00,null,null,null
2023-09-09T03:25:02Z,26.90,68.74,99,0,65.79,101.23,71.00,870.00,0,0,0
2023-09-09T03:26:02Z,26.86,68.82,99,0,60.01,101.22,70.00,865.00,null,null,null
2023-09-09T03:27:02Z,26.87,68.73,99,0,62.96,101.22,70.00,863.00,null,null,null
2023-09-09T03:28:02Z,26.87,68.68,99,0,64.57,101.22,70.00,865.00,null,null,null
2023-09-09T03:29:02Z,26.88,68.68,99,0,58.81,101.22,70.00,865.00,null,null,null
2023-09-09T03:30:02Z,26.86,68.69,99,0,69.45,101.22,70.00,865.00,0,0,0
2023-09-09T03:31:02Z,26.84,68.80,99,0,65.00,101.23,69.00,855.00,null,null,null
2023-09-09T03:32:02Z,26.87,68.68,99,0,60.16,101.22,68.00,848.00,null,null,null
2023-09-09T03:33:02Z,26.88,68.67,99,0,59.27,101.22,69.00,855.00,null,null,null
2023-09-09T03:34:02Z,26.83,68.68,99,0,62.10,101.22,70.00,865.00,null,null,null
2023-09-09T03:35:02Z,26.87,68.67,99,0,58.35,101.22,70.00,865.00,0,0,0
2023-09-09T03:36:02Z,26.86,68.76,99,0,63.18,101.22,67.00,846.00,null,null,null
2023-09-09T03:37:02Z,26.84,68.72,99,0,62.82,101.22,68.00,848.00,null,null,null
2023-09-09T03:38:02Z,26.87,68.72,99,0,61.50,101.21,69.00,855.00,null,null,null
2023-09-09T03:39:02Z,26.87,68.73,99,0,61.22,101.21,69.00,855.00,null,null,null
2023-09-09T03:40:02Z,26.83,68.70,99,0,61.85,101.22,69.00,855.00,0,0,0
2023-09-09T03:41:02Z,26.86,68.77,99,0,65.21,101.22,67.00,846.00,null,null,null
2023-09-09T03:42:02Z,26.83,68.71,99,0,52.94,101.22,68.00,848.00,null,null,null
2023-09-09T03:43:02Z,26.83,68.68,99,0,64.58,101.22,67.00,846.00,null,null,null
2023-09-09T03:44:02Z,26.84,68.72,99,0,61.63,101.22,69.00,855.00,null,null,null
2023-09-09T03:45:02Z,26.81,68.70,99,0,66.93,101.22,69.00,855.00,0,0,0
2023-09-09T03:46:02Z,26.83,68.77,99,0,59.53,101.21,67.00,846.00,null,null,null
2023-09-09T03:47:02Z,26.86,68.71,99,0,62.11,101.21,66.00,838.00,null,null,null
2023-09-09T03:48:02Z,26.84,68.68,99,0,57.55,101.21,66.00,838.00,null,null,null
2023-09-09T03:49:02Z,26.84,68.64,99,0,65.89,101.21,67.00,846.00,null,null,null
2023-09-09T03:50:02Z,26.81,68.65,99,0,58.64,101.21,67.00,846.00,0,0,0
2023-09-09T03:51:02Z,26.81,68.78,99,0,56.34,101.21,66.00,838.00,null,null,null
2023-09-09T03:52:02Z,26.83,68.70,99,0,62.57,101.21,65.00,832.00,null,null,null
2023-09-09T03:53:02Z,26.81,68.71,99,0,67.45,101.21,66.00,838.00,null,null,null
2023-09-09T03:54:02Z,26.83,68.68,99,0,60.27,101.22,67.00,846.00,null,null,null
2023-09-09T03:55:02Z,26.81,68.70,99,0,60.34,101.21,67.00,846.00,0,0,0
2023-09-09T03:56:02Z,26.83,68.82,99,0,65.92,101.21,67.00,846.00,null,null,null
2023-09-09T03:57:02Z,26.84,68.74,99,0,57.31,101.21,66.00,838.00,null,null,null
2023-09-09T03:58:02Z,26.81,68.66,99,0,68.52,101.21,67.00,846.00,null,null,null
2023-09-09T03:59:02Z,26.80,68.65,99,0,58.79,101.21,66.00,838.00,null,null,null
2023-09-09T04:00:02Z,26.81,68.66,99,0,59.44,101.21,66.00,838.00,0,0,0
2023-09-09T04:01:02Z,26.81,68.77,99,0,62.79,101.21,66.00,838.00,null,null,null
2023-09-09T04:02:02Z,26.83,68.68,99,0,58.97,101.21,65.00,832.00,null,null,null
2023-09-09T04:03:02Z,26.83,68.69,99,0,61.92,101.21,66.00,838.00,null,null,null
2023-09-09T04:04:02Z,26.80,68.68,99,0,62.02,101.21,66.00,838.00,null,null,null
2023-09-09T04:05:02Z,26.80,68.72,99,0,59.60,101.21,65.00,827.00,0,0,0
2023-09-09T04:06:02Z,26.83,68.82,99,0,63.11,101.21,66.00,838.00,null,null,null
2023-09-09T04:07:02Z,26.83,68.68,99,0,66.72,101.21,63.00,819.00,null,null,null
2023-09-09T04:08:02Z,26.81,68.69,99,0,69.50,101.21,65.00,827.00,null,null,null
2023-09-09T04:09:02Z,26.81,68.69,99,0,59.45,101.21,65.00,827.00,null,null,null
2023-09-09T04:10:02Z,26.81,68.72,99,0,64.42,101.21,65.00,827.00,0,0,0
2023-09-09T04:11:02Z,26.80,68.78,99,0,58.06,101.21,65.00,827.00,null,null,null
2023-09-09T04:12:02Z,26.81,68.72,99,0,62.37,101.21,63.00,819.00,null,null,null
2023-09-09T04:13:02Z,26.83,68.67,99,0,56.57,101.21,65.00,827.00,null,null,null
2023-09-09T04:14:02Z,26.79,68.64,99,0,59.63,101.21,65.00,827.00,null,null,null
2023-09-09T04:15:02Z,26.77,68.67,99,0,61.99,101.21,65.00,827.00,0,0,0
2023-09-09T04:16:02Z,26.83,68.75,99,0,64.34,101.21,63.00,819.00,null,null,null
2023-09-09T04:17:02Z,26.79,68.65,99,0,63.60,101.21,62.00,813.00,null,null,null
2023-09-09T04:18:02Z,26.77,68.63,99,0,61.58,101.21,63.00,819.00,null,null,null
2023-09-09T04:19:02Z,26.79,68.59,99,0,62.25,101.22,63.00,819.00,null,null,null
2023-09-09T04:20:02Z,26.80,68.59,99,0,65.46,101.21,63.00,819.00,0,0,0
2023-09-09T04:21:02Z,26.81,68.74,99,0,60.65,101.21,63.00,819.00,null,null,null
2023-09-09T04:22:02Z,26.80,68.66,99,0,66.85,101.22,63.00,819.00,null,null,null
2023-09-09T04:23:02Z,26.77,68.61,99,0,68.41,101.22,63.00,819.00,null,null,null
2023-09-09T04:24:02Z,26.80,68.62,99,0,67.12,101.22,63.00,819.00,null,null,null
2023-09-09T04:25:02Z,26.77,68.61,99,0,65.16,101.22,63.00,815.00,0,0,0
2023-09-09T04:26:02Z,26.77,68.70,99,0,61.43,101.22,63.00,815.00,null,null,null
2023-09-09T04:27:02Z,26.76,68.61,99,0,58.92,101.23,63.00,815.00,null,null,null
2023-09-09T04:28:02Z,26.79,68.56,99,0,62.62,101.23,63.00,815.00,null,null,null
2023-09-09T04:29:02Z,26.76,68.54,99,0,57.83,101.23,63.00,815.00,null,null,null
2023-09-09T04:30:02Z,26.76,68.60,99,0,64.65,101.23,63.00,815.00,0,0,0
2023-09-09T04:31:02Z,26.76,68.71,99,0,60.98,101.23,63.00,815.00,null,null,null
2023-09-09T04:32:02Z,26.77,68.61,99,0,61.40,101.23,63.00,815.00,null,null,null
2023-09-09T04:33:02Z,26.77,68.62,99,0,59.87,101.23,63.00,815.00,null,null,null
2023-09-09T04:34:02Z,26.77,68.59,99,0,67.09,101.23,63.00,815.00,null,null,null
2023-09-09T04:35:02Z,26.76,68.63,99,0,65.72,101.23,63.00,815.00,0,0,0
2023-09-09T04:36:02Z,26.76,68.69,99,0,64.86,101.23,61.00,806.00,null,null,null
2023-09-09T04:37:02Z,26.79,68.64,99,0,62.63,101.23,60.00,800.00,null,null,null
2023-09-09T04:38:02Z,26.74,68.61,99,0,54.24,101.24,61.00,806.00,null,null,null
2023-09-09T04:39:02Z,26.76,68.62,99,0,68.25,101.23,70.00,865.00,null,null,null
2023-09-09T04:40:02Z,26.74,68.61,99,0,64.72,101.24,61.00,806.00,0,0,0
2023-09-09T04:41:02Z,26.74,68.71,99,0,62.89,101.23,70.00,865.00,null,null,null
2023-09-09T04:42:02Z,26.76,68.65,99,0,62.69,101.23,70.00,865.00,null,null,null
2023-09-09T04:43:02Z,26.74,68.64,99,0,58.27,101.23,61.00,806.00,null,null,null
2023-09-09T04:44:02Z,26.73,68.58,99,0,57.70,101.23,70.00,865.00,null,null,null
2023-09-09T04:45:02Z,26.74,68.61,99,0,61.73,101.23,70.00,865.00,0,0,0
2023-09-09T04:46:02Z,26.73,68.74,99,0,62.97,101.23,70.00,865.00,null,null,null
2023-09-09T04:47:02Z,26.76,68.62,99,0,63.23,101.23,69.00,855.00,null,null,null
2023-09-09T04:48:02Z,26.74,68.65,99,0,61.66,101.23,60.00,800.00,null,null,null
2023-09-09T04:49:02Z,26.76,68.61,99,0,62.82,101.23,70.00,865.00,null,null,null
2023-09-09T04:50:02Z,26.74,68.59,99,0,63.52,101.23,59.00,793.00,0,0,0
2023-09-09T04:51:02Z,26.74,68.73,99,0,53.17,101.23,70.00,865.00,null,null,null
2023-09-09T04:52:02Z,26.73,68.65,99,0,63.04,101.23,69.00,855.00,null,null,null
2023-09-09T04:53:02Z,26.74,68.62,99,0,62.22,101.23,67.00,846.00,null,null,null
2023-09-09T04:54:02Z,26.73,68.64,99,0,66.77,101.23,69.00,855.00,null,null,null
2023-09-09T04:55:02Z,26.71,68.59,99,0,62.30,101.23,69.00,855.00,0,0,0
2023-09-09T04:56:02Z,26.71,68.71,99,0,62.24,101.23,67.00,840.00,null,null,null
2023-09-09T04:57:02Z,26.74,68.58,99,0,58.64,101.23,67.00,846.00,null,null,null
2023-09-09T04:58:02Z,26.74,68.61,99,0,67.18,101.22,67.00,846.00,null,null,null
2023-09-09T04:59:02Z,26.73,68.59,99,0,56.70,101.23,67.00,846.00,null,null,null
2023-09-09T05:00:02Z,26.71,68.57,99,0,56.15,101.23,67.00,846.00,0,0,0
2023-09-09T05:01:02Z,26.74,68.68,99,0,61.86,101.23,67.00,840.00,null,null,null
2023-09-09T05:02:02Z,26.74,68.60,99,0,60.77,101.23,67.00,846.00,null,null,null
2023-09-09T05:03:02Z,26.71,68.56,99,0,52.72,101.23,67.00,846.00,null,null,null
2023-09-09T05:04:02Z,26.73,68.56,99,0,62.77,101.23,67.00,846.00,null,null,null
2023-09-09T05:05:02Z,26.71,68.55,99,0,66.09,101.23,67.00,840.00,0,0,0
2023-09-09T05:06:02Z,26.73,68.69,99,0,56.15,101.23,67.00,840.00,null,null,null
2023-09-09T05:07:02Z,26.73,68.59,99,0,65.82,101.24,67.00,840.00,null,null,null
2023-09-09T05:08:02Z,26.74,68.57,99,0,63.62,101.23,67.00,840.00,null,null,null
2023-09-09T05:09:02Z,26.73,68.56,99,0,68.35,101.23,67.00,840.00,null,null,null
2023-09-09T05:10:02Z,26.73,68.52,99,0,65.42,101.23,67.00,840.00,0,0,0
2023-09-09T05:11:02Z,26.68,68.58,99,0,67.17,101.23,65.00,832.00,null,null,null
2023-09-09T05:12:02Z,26.73,68.52,99,0,60.01,101.23,67.00,846.00,null,null,null
2023-09-09T05:13:02Z,26.68,68.54,99,0,63.78,101.23,67.00,846.00,null,null,null
2023-09-09T05:14:02Z,26.68,68.53,99,0,59.03,101.23,67.00,846.00,null,null,null
2023-09-09T05:15:02Z,26.68,68.49,99,0,62.27,101.23,67.00,840.00,0,0,0
2023-09-09T05:16:02Z,26.70,68.60,99,0,66.65,101.23,67.00,840.00,null,null,null
2023-09-09T05:17:02Z,26.70,68.53,99,0,66.40,101.23,65.00,832.00,null,null,null
2023-09-09T05:18:02Z,26.71,68.50,99,0,62.42,101.23,67.00,840.00,null,null,null
2023-09-09T05:19:02Z,26.70,68.47,99,0,60.61,101.23,67.00,840.00,null,null,null
2023-09-09T05:20:02Z,26.67,68.52,99,0,67.65,101.23,67.00,840.00,0,0,0
2023-09-09T05:21:02Z,26.70,68.60,99,0,61.49,101.23,67.00,840.00,null,null,null
2023-09-09T05:22:02Z,26.71,68.48,99,0,61.31,101.23,65.00,832.00,null,null,null
2023-09-09T05:23:02Z,26.71,68.49,99,0,61.44,101.23,67.00,840.00,null,null,null
2023-09-09T05:24:02Z,26.70,68.45,99,0,61.39,101.23,67.00,846.00,null,null,null
2023-09-09T05:25:02Z,26.67,68.49,99,0,59.39,101.24,67.00,840.00,0,0,0
2023-09-09T05:26:02Z,26.70,68.57,99,0,59.05,101.23,67.00,840.00,null,null,null
2023-09-09T05:27:02Z,26.68,68.49,99,0,61.19,101.23,67.00,840.00,null,null,null
2023-09-09T05:28:02Z,26.68,68.42,99,0,64.63,101.23,67.00,840.00,null,null,null
2023-09-09T05:29:02Z,26.66,68.51,99,0,59.47,101.23,67.00,840.00,null,null,null
2023-09-09T05:30:02Z,26.68,68.47,99,0,69.28,101.23,67.00,840.00,0,0,0
2023-09-09T05:31:02Z,26.67,68.63,99,0,55.74,101.23,67.00,840.00,null,null,null
2023-09-09T05:32:02Z,26.68,68.59,99,0,64.18,101.23,67.00,840.00,null,null,null
2023-09-09T05:33:02Z,26.66,68.57,99,0,65.55,101.24,67.00,840.00,null,null,null
2023-09-09T05:34:02Z,26.68,68.49,99,0,58.34,101.23,65.00,832.00,null,null,null
2023-09-09T05:35:02Z,26.68,68.56,99,0,58.66,101.23,65.00,832.00,0,0,0
2023-09-09T05:36:02Z,26.68,68.65,99,0,62.94,101.24,65.00,832.00,null,null,null
2023-09-09T05:37:02Z,26.66,68.54,99,0,62.08,101.24,65.00,832.00,null,null,null
2023-09-09T05:38:02Z,26.70,68.55,99,0,65.81,101.24,65.00,832.00,null,null,null
2023-09-09T05:39:02Z,26.66,68.53,99,0,58.32,101.25,65.00,832.00,null,null,null
2023-09-09T05:40:02Z,26.68,68.58,99,0,66.31,101.25,65.00,832.00,0,0,0
2023-09-09T05:41:02Z,26.67,68.68,99,0,70.63,101.24,65.00,832.00,null,null,null
2023-09-09T05:42:02Z,26.68,68.57,99,0,61.98,101.25,65.00,832.00,null,null,null
2023-09-09T05:43:02Z,26.67,68.55,99,0,63.42,101.25,65.00,832.00,null,null,null
2023-09-09T05:44:02Z,26.68,68.52,99,0,67.32,101.25,65.00,832.00,null,null,null
2023-09-09T05:45:02Z,26.67,68.49,99,0,65.69,101.25,65.00,832.00,0,0,0
2023-09-09T05:46:02Z,26.67,68.58,99,0,63.55,101.25,64.00,825.00,null,null,null
2023-09-09T05:47:02Z,26.67,68.52,99,0,68.91,101.25,64.00,825.00,null,null,null
2023-09-09T05:48:02Z,26.67,68.48,99,0,68.83,101.25,64.00,825.00,null,null,null
2023-09-09T05:49:02Z,26.67,68.48,99,0,58.29,101.25,64.00,825.00,null,null,null
2023-09-09T05:50:02Z,26.66,68.50,99,0,64.43,101.25,64.00,825.00,0,0,0
2023-09-09T05:51:02Z,26.64,68.68,99,0,64.18,101.25,64.00,825.00,null,null,null
2023-09-09T05:52:02Z,26.66,68.55,99,0,65.16,101.25,64.00,825.00,null,null,null
2023-09-09T05:53:02Z,26.68,68.50,99,0,70.93,101.25,64.00,825.00,null,null,null
2023-09-09T05:54:02Z,26.66,68.50,99,0,67.10,101.25,64.00,825.00,null,null,null
2023-09-09T05:55:02Z,26.67,68.48,99,0,60.63,101.25,64.00,825.00,0,0,0
2023-09-09T05:56:02Z,26.67,68.60,99,0,74.35,101.25,64.00,825.00,null,null,null
2023-09-09T05:57:02Z,26.68,68.49,99,0,67.52,101.25,65.00,832.00,null,null,null
2023-09-09T05:58:02Z,26.66,68.45,99,3,54.59,101.24,65.00,832.00,null,null,null
2023-09-09T05:59:02Z,26.67,68.29,99,3,39.28,101.22,63.00,815.00,null,null,null
2023-09-09T06:00:02Z,26.66,67.88,99,3,37.11,101.23,63.00,815.00,0,0,0
2023-09-09T06:01:02Z,26.64,67.37,99,3,38.95,101.23,61.00,802.00,null,null,null
2023-09-09T06:02:02Z,26.66,67.14,99,3,41.16,101.23,59.00,793.00,null,null,null
2023-09-09T06:03:02Z,26.66,66.82,99,3,40.74,101.24,58.00,783.00,null,null,null
2023-09-09T06:04:02Z,26.66,66.61,99,4,43.07,101.24,60.00,795.00,null,null,null
2023-09-09T06:05:02Z,26.64,66.40,99,4,37.33,101.25,59.00,793.00,0,0,0
2023-09-09T06:06:02Z,26.64,65.98,99,4,42.64,101.25,56.00,770.00,null,null,null
2023-09-09T06:07:02Z,26.63,66.03,99,4,39.86,101.25,56.00,770.00,null,null,null
2023-09-09T06:08:02Z,26.62,65.92,99,5,37.67,101.25,53.00,754.00,null,null,null
2023-09-09T06:09:02Z,26.62,65.77,99,5,40.03,101.26,52.00,746.00,null,null,null
2023-09-09T06:10:02Z,26.60,65.69,99,5,46.68,101.26,51.00,737.00,0,0,0
2023-09-09T06:11:02Z,26.62,65.41,99,4,41.05,101.26,50.00,730.00,null,null,null
2023-09-09T06:12:02Z,26.59,65.41,99,5,38.59,101.26,48.00,717.00,null,null,null
2023-09-09T06:13:02Z,26.59,65.35,99,5,40.66,101.27,47.00,710.00,null,null,null
2023-09-09T06:14:02Z,26.57,65.30,99,5,43.95,101.27,45.00,699.00,null,null,null
2023-09-09T06:15:02Z,26.59,65.37,99,6,42.43,101.27,45.00,699.00,0,0,0
2023-09-09T06:16:02Z,26.57,65.08,99,5,42.82,101.27,42.00,682.00,null,null,null
2023-09-09T06:17:02Z,26.57,65.17,99,6,39.13,101.27,42.00,679.00,null,null,null
2023-09-09T06:18:02Z,26.59,65.16,99,7,36.96,101.27,42.00,679.00,null,null,null
2023-09-09T06:19:02Z,26.53,65.13,99,6,40.76,101.27,41.00,674.00,null,null,null
2023-09-09T06:20:02Z,26.56,65.14,99,7,35.25,101.28,41.00,674.00,0,0,0
2023-09-09T06:21:02Z,26.54,64.96,99,6,40.09,101.28,39.00,657.00,null,null,null
2023-09-09T06:22:02Z,26.54,65.01,99,6,41.09,101.27,38.00,650.00,null,null,null
2023-09-09T06:23:02Z,26.53,65.03,99,7,45.23,101.28,38.00,650.00,null,null,null
2023-09-09T06:24:02Z,26.53,65.00,99,7,45.44,101.27,38.00,650.00,null,null,null
2023-09-09T06:25:02Z,26.54,65.03,99,8,37.52,101.28,37.00,645.00,0,0,0
2023-09-09T06:26:02Z,26.50,64.82,99,8,40.69,101.28,34.00,627.00,null,null,null
2023-09-09T06:27:02Z,26.56,64.91,99,8,38.22,101.27,35.00,634.00,null,null,null
2023-09-09T06:28:02Z,26.52,64.93,99,8,35.15,101.27,36.00,641.00,null,null,null
2023-09-09T06:29:02Z,26.54,64.99,99,8,33.23,101.27,35.00,634.00,null,null,null
2023-09-09T06:30:02Z,26.53,64.97,99,8,45.10,101.27,35.00,634.00,0,0,0
2023-09-09T06:31:02Z,26.52,64.83,99,8,39.76,101.27,32.00,615.00,null,null,null
2023-09-09T06:32:02Z,26.54,64.92,99,9,44.34,101.27,34.00,627.00,null,null,null
2023-09-09T06:33:02Z,26.52,65.07,99,8,40.31,101.27,34.00,627.00,null,null,null
2023-09-09T06:34:02Z,26.52,65.02,99,9,42.29,101.27,33.00,623.00,null,null,null
2023-09-09T06:35:02Z,26.50,65.00,99,9,36.86,101.27,34.00,627.00,0,0,0
2023-09-09T06:36:02Z,26.54,64.94,99,9,38.97,101.27,32.00,615.00,null,null,null
2023-09-09T06:37:02Z,26.56,64.99,99,10,36.95,101.27,33.00,623.00,null,null,null
2023-09-09T06:38:02Z,26.56,64.98,99,10,38.49,101.27,33.00,623.00,null,null,null
2023-09-09T06:39:02Z,26.53,65.10,99,11,41.90,101.27,33.00,623.00,null,null,null
2023-09-09T06:40:02Z,26.53,65.03,99,9,40.08,101.28,33.00,623.00,0,0,0
2023-09-09T06:41:02Z,26.53,65.07,99,10,40.04,101.27,32.00,615.00,null,null,null
2023-09-09T06:42:02Z,26.54,65.05,99,11,40.73,101.28,33.00,623.00,null,null,null
2023-09-09T06:43:02Z,26.57,65.06,99,11,38.49,101.28,33.00,623.00,null,null,null
2023-09-09T06:44:02Z,26.57,65.08,99,11,44.60,101.28,33.00,623.00,null,null,null
2023-09-09T06:45:02Z,26.56,65.06,99,12,43.39,101.28,33.00,623.00,0,0,0
2023-09-09T06:46:02Z,26.57,65.07,99,10,36.53,101.28,32.00,615.00,null,null,null
2023-09-09T06:47:02Z,26.60,65.06,99,11,43.42,101.28,33.00,623.00,null,null,null
2023-09-09T06:48:02Z,26.60,65.10,99,11,36.21,101.29,33.00,623.00,null,null,null
2023-09-09T06:49:02Z,26.60,65.11,99,11,46.85,101.29,32.00,615.00,null,null,null
2023-09-09T06:50:02Z,26.60,65.09,99,11,40.24,101.29,33.00,623.00,0,0,0
2023-09-09T06:51:02Z,26.63,65.00,99,12,37.20,101.29,32.00,615.00,null,null,null
2023-09-09T06:52:02Z,26.64,65.06,99,12,40.13,101.29,32.00,615.00,null,null,null
2023-09-09T06:53:02Z,26.66,65.02,99,13,46.66,101.29,33.00,623.00,null,null,null
2023-09-09T06:54:02Z,26.66,64.99,99,12,44.33,101.30,33.00,623.00,null,null,null
2023-09-09T06:55:02Z,26.66,64.97,99,13,39.05,101.29,33.00,623.00,0,0,0
2023-09-09T06:56:02Z,26.68,64.95,99,12,48.01,101.29,33.00,623.00,null,null,null
2023-09-09T06:57:02Z,26.68,64.98,99,13,49.85,101.29,33.00,623.00,null,null,null
2023-09-09T06:58:02Z,26.70,65.04,99,13,43.74,101.29,33.00,623.00,null,null,null
2023-09-09T06:59:02Z,26.71,65.01,99,13,36.42,101.29,34.00,627.00,null,null,null
2023-09-09T07:00:02Z,26.70,65.06,99,14,45.14,101.29,34.00,627.00,0,0,0
2023-09-09T07:01:02Z,26.73,64.85,99,13,38.02,101.29,33.00,623.00,null,null,null
2023-09-09T07:02:02Z,26.71,64.81,99,14,44.06,101.29,33.00,623.00,null,null,null
2023-09-09T07:03:02Z,26.74,64.79,99,13,39.16,101.29,33.00,623.00,null,null,null
2023-09-09T07:04:02Z,26.74,64.89,99,14,42.67,101.29,33.00,623.00,null,null,null
2023-09-09T07:05:02Z,26.76,64.98,99,13,47.53,101.29,33.00,623.00,0,0,0
2023-09-09T07:06:02Z,26.76,64.83,99,13,41.90,101.29,26.00,575.00,null,null,null
2023-09-09T07:07:02Z,26.77,64.93,99,14,41.67,101.29,26.00,575.00,null,null,null
2023-09-09T07:08:02Z,26.80,64.94,99,15,43.96,101.29,27.00,580.00,null,null,null
2023-09-09T07:09:02Z,26.80,64.90,99,14,46.01,101.29,26.00,575.00,null,null,null
2023-09-09T07:10:02Z,26.80,64.81,99,14,43.49,101.29,27.00,580.00,0,0,0
2023-09-09T07:11:02Z,26.81,64.70,99,15,41.97,101.29,27.00,580.00,null,null,null
2023-09-09T07:12:02Z,26.84,64.69,99,15,44.69,101.29,27.00,581.00,null,null,null
2023-09-09T07:13:02Z,26.86,64.78,99,15,39.09,101.28,27.00,581.00,null,null,null
2023-09-09T07:14:02Z,26.86,64.81,99,15,41.52,101.28,27.00,580.00,null,null,null
2023-09-09T07:15:02Z,26.88,64.64,99,15,41.66,101.28,27.00,580.00,0,0,0
2023-09-09T07:16:02Z,26.87,64.28,99,15,44.95,101.29,28.00,588.00,null,null,null
2023-09-09T07:17:02Z,26.91,64.49,99,16,46.86,101.29,28.00,588.00,null,null,null
2023-09-09T07:18:02Z,26.90,64.56,99,15,41.81,101.29,28.00,588.00,null,null,null
2023-09-09T07:19:02Z,26.93,64.60,99,15,37.81,101.29,29.00,594.00,null,null,null
2023-09-09T07:20:02Z,26.94,64.48,99,16,36.43,101.29,29.00,594.00,0,0,0
2023-09-09T07:21:02Z,26.95,64.42,99,15,39.07,101.29,28.00,588.00,null,null,null
2023-09-09T07:22:02Z,26.97,64.56,99,16,36.87,101.29,29.00,594.00,null,null,null
2023-09-09T07:23:02Z,26.98,64.56,99,15,38.43,101.29,30.00,600.00,null,null,null
2023-09-09T07:24:02Z,26.98,64.55,99,15,40.88,101.30,30.00,600.00,null,null,null
2023-09-09T07:25:02Z,27.01,64.54,99,16,44.08,101.29,30.00,600.00,0,0,0
2023-09-09T07:26:02Z,27.04,64.49,99,16,41.59,101.30,30.00,600.00,null,null,null
2023-09-09T07:27:02Z,27.05,64.45,99,17,41.76,101.30,30.00,603.00,null,null,null
2023-09-09T07:28:02Z,27.08,64.52,99,17,46.07,101.30,32.00,611.00,null,null,null
2023-09-09T07:29:02Z,27.07,64.46,99,17,41.87,101.30,32.00,611.00,null,null,null
2023-09-09T07:30:02Z,27.08,64.42,99,17,40.92,101.30,33.00,617.00,0,0,0
2023-09-09T07:31:02Z,27.12,64.18,99,16,39.19,101.30,32.00,611.00,null,null,null
2023-09-09T07:32:02Z,27.12,64.33,99,16,40.40,101.30,32.00,614.00,null,null,null
2023-09-09T07:33:02Z,27.14,64.42,99,16,37.03,101.30,33.00,617.00,null,null,null
2023-09-09T07:34:02Z,27.14,64.47,99,17,41.19,101.30,33.00,617.00,null,null,null
2023-09-09T07:35:02Z,27.17,64.44,99,17,41.11,101.30,35.00,631.00,0,0,0
2023-09-09T07:36:02Z,27.19,64.44,99,18,42.66,101.30,34.00,624.00,null,null,null
2023-09-09T07:37:02Z,27.22,64.58,99,8,43.83,101.30,35.00,631.00,null,null,null
2023-09-09T07:38:02Z,27.22,64.44,99,7,42.56,101.31,36.00,637.00,null,null,null
2023-09-09T07:39:02Z,27.24,64.01,99,7,40.72,101.30,36.00,637.00,null,null,null
2023-09-09T07:40:02Z,27.25,63.92,99,7,42.88,101.31,36.00,640.00,0,0,0
2023-09-09T07:41:02Z,27.27,63.89,99,7,40.03,101.31,28.00,586.00,null,null,null
2023-09-09T07:42:02Z,27.30,63.98,99,8,48.70,101.31,27.00,578.00,null,null,null
2023-09-09T07:43:02Z,27.30,64.07,99,8,39.69,101.30,28.00,586.00,null,null,null
2023-09-09T07:44:02Z,27.31,63.88,99,8,50.24,101.31,28.00,586.00,null,null,null
2023-09-09T07:45:02Z,27.34,63.84,99,8,46.69,101.30,28.00,586.00,0,0,0
2023-09-09T07:46:02Z,27.37,63.82,99,7,48.70,101.30,27.00,578.00,null,null,null
2023-09-09T07:47:02Z,27.38,63.82,99,7,44.61,101.30,28.00,586.00,null,null,null
2023-09-09T07:48:02Z,27.35,63.91,99,7,45.55,101.30,28.00,586.00,null,null,null
2023-09-09T07:49:02Z,27.41,63.89,99,7,42.06,101.30,28.00,586.00,null,null,null
2023-09-09T07:50:02Z,27.38,64.02,99,8,39.36,101.30,28.00,586.00,0,0,0
2023-09-09T07:51:02Z,27.39,63.99,99,7,48.18,101.30,29.00,591.00,null,null,null
2023-09-09T07:52:02Z,27.41,63.59,99,8,39.40,101.30,29.00,591.00,null,null,null
2023-09-09T07:53:02Z,27.42,63.17,99,8,42.88,101.30,29.00,596.00,null,null,null
2023-09-09T07:54:02Z,27.43,63.19,99,8,43.56,101.30,30.00,602.00,null,null,null
2023-09-09T07:55:02Z,27.45,63.39,99,8,42.38,101.30,30.00,602.00,0,0,0
2023-09-09T07:56:02Z,27.48,63.62,99,8,43.28,101.30,29.00,591.00,null,null,null
2023-09-09T07:57:02Z,27.48,63.64,99,8,42.29,101.30,29.00,596.00,null,null,null
2023-09-09T07:58:02Z,27.49,63.70,99,8,45.09,101.30,30.00,602.00,null,null,null
2023-09-09T07:59:02Z,27.51,63.72,99,8,46.05,101.31,30.00,602.00,null,null,null
2023-09-09T08:00:02Z,27.49,63.78,99,8,45.55,101.31,30.00,602.00,0,0,0
2023-09-09T08:01:02Z,27.51,63.68,99,8,41.01,101.31,29.00,591.00,null,null,null
2023-09-09T08:02:02Z,27.53,63.75,99,8,42.75,101.30,30.00,602.00,null,null,null
2023-09-09T08:03:02Z,27.55,63.50,99,8,49.14,101.30,30.00,600.00,null,null,null
2023-09-09T08:04:02Z,27.53,63.51,99,8,39.91,101.30,31.00,605.00,null,null,null
2023-09-09T08:05:02Z,27.56,63.09,99,8,52.59,101.30,31.00,605.00,0,0,0
2023-09-09T08:06:02Z,27.55,62.36,99,8,47.75,101.31,30.00,597.00,null,null,null
2023-09-09T08:07:02Z,27.56,62.38,99,8,50.98,101.31,30.00,597.00,null,null,null
2023-09-09T08:08:02Z,27.59,62.26,99,8,46.69,101.31,30.00,597.00,null,null,null
2023-09-09T08:09:02Z,27.62,61.41,99,8,52.32,101.31,29.00,591.00,null,null,null
2023-09-09T08:10:02Z,27.61,61.93,99,8,41.09,101.31,29.00,594.00,0,0,0
2023-09-09T08:11:02Z,27.61,61.91,99,8,45.33,101.31,28.00,584.00,null,null,null
2023-09-09T08:12:02Z,27.61,62.09,99,8,40.94,101.31,28.00,584.00,null,null,null
2023-09-09T08:13:02Z,27.63,62.18,99,9,46.19,101.31,27.00,580.00,null,null,null
2023-09-09T08:14:02Z,27.65,62.10,99,9,40.01,101.31,28.00,584.00,null,null,null
2023-09-09T08:15:02Z,27.65,62.10,99,9,38.44,101.31,27.00,580.00,0,0,0
2023-09-09T08:16:02Z,27.66,61.92,99,9,41.43,101.32,25.00,567.00,null,null,null
2023-09-09T08:17:02Z,27.70,62.08,99,9,39.72,101.32,26.00,574.00,null,null,null
2023-09-09T08:18:02Z,27.69,62.25,99,9,43.34,101.31,27.00,580.00,null,null,null
2023-09-09T08:19:02Z,27.68,62.42,99,9,44.18,101.31,26.00,575.00,null,null,null
2023-09-09T08:20:02Z,27.70,62.50,99,9,42.71,101.32,28.00,584.00,0,0,0
2023-09-09T08:21:02Z,27.76,62.45,99,9,43.61,101.32,27.00,578.00,null,null,null
2023-09-09T08:22:02Z,27.74,62.47,99,9,38.98,101.32,26.00,572.00,null,null,null
2023-09-09T08:23:02Z,27.76,62.51,99,9,45.45,101.32,28.00,584.00,null,null,null
2023-09-09T08:24:02Z,27.76,62.47,99,9,44.86,101.32,26.00,572.00,null,null,null
2023-09-09T08:25:02Z,27.77,62.53,99,9,45.78,101.32,26.00,575.00,0,0,0
2023-09-09T08:26:02Z,27.77,62.31,99,9,43.98,101.32,26.00,572.00,null,null,null
2023-09-09T08:27:02Z,27.82,62.28,99,9,46.59,101.32,26.00,575.00,null,null,null
2023-09-09T08:28:02Z,27.83,62.22,99,9,36.31,101.32,26.00,575.00,null,null,null
2023-09-09T08:29:02Z,27.85,62.37,99,9,43.20,101.32,27.00,580.00,null,null,null
2023-09-09T08:30:02Z,27.83,62.29,99,9,43.77,101.32,28.00,586.00,0,0,0
2023-09-09T08:31:02Z,27.89,62.05,99,9,42.96,101.32,26.00,572.00,null,null,null
2023-09-09T08:32:02Z,27.89,62.09,99,9,41.64,101.32,27.00,580.00,null,null,null
2023-09-09T08:33:02Z,27.89,62.26,99,9,44.07,101.32,27.00,580.00,null,null,null
2023-09-09T08:34:02Z,27.90,62.32,99,9,39.43,101.32,28.00,586.00,null,null,null
2023-09-09T08:35:02Z,27.92,62.38,99,9,39.61,101.32,28.00,586.00,0,0,0
2023-09-09T08:36:02Z,27.93,62.05,99,9,39.55,101.32,28.00,586.00,null,null,null
2023-09-09T08:37:02Z,27.94,62.02,99,9,38.18,101.32,29.00,591.00,null,null,null
2023-09-09T08:38:02Z,27.99,61.99,99,9,47.10,101.32,29.00,591.00,null,null,null
2023-09-09T08:39:02Z,27.99,61.39,99,9,39.91,101.32,29.00,591.00,null,null,null
2023-09-09T08:40:02Z,28.00,61.54,99,9,41.27,101.32,28.00,586.00,0,0,0
2023-09-09T08:41:02Z,28.00,61.06,99,9,34.92,101.32,26.00,575.00,null,null,null
2023-09-09T08:42:02Z,28.02,61.44,99,9,42.69,101.31,27.00,581.00,null,null,null
2023-09-09T08:43:02Z,28.04,61.51,99,9,41.91,101.31,27.00,581.00,null,null,null
2023-09-09T08:44:02Z,28.04,61.52,99,9,50.69,101.32,27.00,581.00,null,null,null
2023-09-09T08:45:02Z,28.04,61.56,99,9,42.29,101.31,27.00,581.00,0,0,0
2023-09-09T08:46:02Z,28.06,61.24,99,9,48.25,101.31,26.00,575.00,null,null,null
2023-09-09T08:47:02Z,28.09,61.50,99,9,41.56,101.31,27.00,581.00,null,null,null
2023-09-09T08:48:02Z,28.09,61.55,99,9,40.80,101.31,27.00,581.00,null,null,null
2023-09-09T08:49:02Z,28.11,61.68,99,9,44.60,101.31,27.00,581.00,null,null,null
2023-09-09T08:50:02Z,28.10,61.64,99,9,38.18,101.31,27.00,581.00,0,0,0
2023-09-09T08:51:02Z,28.14,61.52,99,9,41.09,101.31,27.00,581.00,null,null,null
2023-09-09T08:52:02Z,28.14,61.71,99,9,42.49,101.32,28.00,586.00,null,null,null
2023-09-09T08:53:02Z,28.17,61.75,99,9,36.64,101.31,28.00,586.00,null,null,null
2023-09-09T08:54:02Z,28.17,61.62,99,9,43.46,101.32,29.00,591.00,null,null,null
2023-09-09T08:55:02Z,28.19,61.36,99,9,45.05,101.31,29.00,596.00,0,0,0
2023-09-09T08:56:02Z,28.21,61.09,99,9,45.26,101.32,27.00,581.00,null,null,null
2023-09-09T08:57:02Z,28.24,61.36,99,9,46.01,101.32,29.00,592.00,null,null,null
2023-09-09T08:58:02Z,28.23,61.49,99,9,43.30,101.31,28.00,586.00,null,null,null
2023-09-09T08:59:02Z,28.27,61.41,99,9,38.55,101.32,29.00,596.00,null,null,null
2023-09-09T09:00:02Z,28.27,61.54,99,9,41.93,101.32,22.00,549.00,0,0,0
2023-09-09T09:01:02Z,28.28,61.20,99,9,39.58,101.32,21.00,540.00,null,null,null
2023-09-09T09:02:02Z,28.31,61.30,99,9,39.73,101.32,22.00,546.00,null,null,null
2023-09-09T09:03:02Z,28.28,61.33,99,9,41.37,101.32,22.00,549.00,null,null,null
2023-09-09T09:04:02Z,28.34,61.42,99,9,46.75,101.32,23.00,555.00,null,null,null
2023-09-09T09:05:02Z,28.33,61.49,99,9,44.24,101.32,23.00,555.00,0,0,0
2023-09-09T09:06:02Z,28.39,61.58,99,9,44.50,101.32,22.00,549.00,null,null,null
2023-09-09T09:07:02Z,28.37,61.61,99,9,43.77,101.32,23.00,555.00,null,null,null
2023-09-09T09:08:02Z,28.37,61.67,99,9,40.26,101.32,24.00,560.00,null,null,null
2023-09-09T09:09:02Z,28.41,61.66,99,9,38.59,101.32,25.00,566.00,null,null,null
2023-09-09T09:10:02Z,28.41,61.63,99,9,42.32,101.32,25.00,566.00,0,0,0
2023-09-09T09:11:02Z,28.45,61.56,99,9,36.70,101.32,23.00,555.00,null,null,null
2023-09-09T09:12:02Z,28.45,61.71,99,9,41.83,101.32,25.00,566.00,null,null,null
2023-09-09T09:13:02Z,28.47,61.69,99,9,39.90,101.32,25.00,566.00,null,null,null
2023-09-09T09:14:02Z,28.47,61.65,99,9,43.20,101.32,26.00,572.00,null,null,null
2023-09-09T09:15:02Z,28.50,61.48,99,9,41.93,101.32,26.00,572.00,0,0,0
2023-09-09T09:16:02Z,28.52,61.35,99,9,40.11,101.32,24.00,560.00,null,null,null
2023-09-09T09:17:02Z,28.52,61.43,99,9,38.57,101.32,25.00,566.00,null,null,null
2023-09-09T09:18:02Z,28.57,61.49,99,9,43.19,101.32,26.00,572.00,null,null,null
2023-09-09T09:19:02Z,28.54,61.38,99,9,44.90,101.32,26.00,572.00,null,null,null
2023-09-09T09:20:02Z,28.57,61.54,99,9,43.36,101.32,26.00,572.00,0,0,0
2023-09-09T09:21:02Z,28.60,61.21,99,9,41.77,101.32,25.00,566.00,null,null,null
2023-09-09T09:22:02Z,28.60,61.04,99,9,42.46,101.32,26.00,572.00,null,null,null
2023-09-09T09:23:02Z,28.61,61.01,99,9,42.01,101.32,26.00,572.00,null,null,null
2023-09-09T09:24:02Z,28.64,61.11,99,9,45.73,101.32,26.00,572.00,null,null,null
2023-09-09T09:25:02Z,28.62,61.04,99,9,40.29,101.32,27.00,578.00,0,0,0
2023-09-09T09:26:02Z,28.64,60.94,99,9,40.50,101.31,27.00,578.00,null,null,null
2023-09-09T09:27:02Z,28.65,60.80,99,9,35.91,101.31,26.00,572.00,null,null,null
2023-09-09T09:28:02Z,28.67,60.35,99,9,44.16,101.31,25.00,566.00,null,null,null
2023-09-09T09:29:02Z,28.68,59.85,99,9,42.49,101.32,25.00,569.00,null,null,null
2023-09-09T09:30:02Z,28.68,60.00,99,9,45.00,101.31,25.00,567.00,0,0,0
2023-09-09T09:31:02Z,28.72,59.96,99,9,41.75,101.31,23.00,553.00,null,null,null
2023-09-09T09:32:02Z,28.72,60.41,99,9,40.90,101.31,23.00,556.00,null,null,null
2023-09-09T09:33:02Z,28.72,60.52,99,9,42.71,101.31,25.00,569.00,null,null,null
2023-09-09T09:34:02Z,28.75,60.65,99,9,48.83,101.31,25.00,569.00,null,null,null
2023-09-09T09:35:02Z,28.75,60.69,99,9,41.23,101.31,22.00,548.00,0,0,0
2023-09-09T09:36:02Z,28.76,60.01,99,9,37.31,101.31,19.00,530.00,null,null,null
2023-09-09T09:37:02Z,28.78,60.36,99,9,38.44,101.31,19.00,531.00,null,null,null
2023-09-09T09:38:02Z,28.79,60.19,99,9,43.13,101.31,20.00,536.00,null,null,null
2023-09-09T09:39:02Z,28.79,60.05,99,9,40.90,101.31,20.00,534.00,null,null,null
2023-09-09T09:40:02Z,28.81,60.24,99,8,39.81,101.31,21.00,540.00,0,0,0
2023-09-09T09:41:02Z,28.79,60.13,99,9,39.40,101.31,19.00,531.00,null,null,null
2023-09-09T09:42:02Z,28.83,60.22,99,9,44.45,101.31,19.00,531.00,null,null,null
2023-09-09T09:43:02Z,28.85,60.48,99,9,42.01,101.31,20.00,534.00,null,null,null
2023-09-09T09:44:02Z,28.83,60.47,99,9,40.64,101.31,19.00,530.00,null,null,null
2023-09-09T09:45:02Z,28.83,60.07,99,9,43.26,101.31,19.00,530.00,0,0,0
2023-09-09T09:46:02Z,28.88,59.67,99,8,38.55,101.31,17.00,517.00,null,null,null
2023-09-09T09:47:02Z,28.89,60.11,99,9,41.48,101.31,19.00,531.00,null,null,null
2023-09-09T09:48:02Z,28.88,60.17,99,9,45.19,101.31,19.00,526.00,null,null,null
2023-09-09T09:49:02Z,28.88,60.20,99,9,42.70,101.31,19.00,531.00,null,null,null
2023-09-09T09:50:02Z,28.86,60.13,99,9,41.08,101.31,19.00,531.00,0,0,0
2023-09-09T09:51:02Z,28.91,60.15,99,9,42.32,101.30,19.00,526.00,null,null,null
2023-09-09T09:52:02Z,28.91,60.02,99,9,44.04,101.31,19.00,531.00,null,null,null
2023-09-09T09:53:02Z,28.91,59.89,99,9,42.69,101.31,19.00,531.00,null,null,null
2023-09-09T09:54:02Z,28.94,60.16,99,9,41.58,101.31,19.00,531.00,null,null,null
2023-09-09T09:55:02Z,28.92,59.98,99,9,41.39,101.31,19.00,531.00,0,0,0
2023-09-09T09:56:02Z,28.94,59.90,99,8,49.14,101.31,19.00,526.00,null,null,null
2023-09-09T09:57:02Z,28.96,59.95,99,8,41.04,101.31,19.00,526.00,null,null,null
2023-09-09T09:58:02Z,28.96,59.14,99,8,53.84,101.31,19.00,526.00,null,null,null
2023-09-09T09:59:02Z,28.98,58.53,99,7,48.93,101.31,19.00,529.00,null,null,null
2023-09-09T10:00:02Z,28.96,58.65,99,8,51.38,101.31,18.00,524.00,0,0,0
2023-09-09T10:01:02Z,28.96,58.09,99,6,42.22,101.31,14.00,495.00,null,null,null
2023-09-09T10:02:02Z,28.98,58.44,99,7,39.01,101.31,15.00,500.00,null,null,null
2023-09-09T10:03:02Z,28.96,58.63,99,7,47.82,101.31,14.00,495.00,null,null,null
2023-09-09T10:04:02Z,28.98,58.66,99,6,47.13,101.31,14.00,498.00,null,null,null
2023-09-09T10:05:02Z,28.98,58.67,99,6,42.11,101.31,14.00,498.00,0,0,0
2023-09-09T10:06:02Z,28.96,58.21,99,6,43.20,101.30,12.00,481.00,null,null,null
2023-09-09T10:07:02Z,28.99,58.28,99,6,40.83,101.31,14.00,492.00,null,null,null
2023-09-09T10:08:02Z,28.96,58.48,99,6,38.33,101.30,13.00,486.00,null,null,null
2023-09-09T10:09:02Z,28.96,58.64,99,6,40.17,101.30,13.00,486.00,null,null,null
2023-09-09T10:10:02Z,28.96,58.60,99,6,43.81,101.30,14.00,495.00,0,0,0
2023-09-09T10:11:02Z,28.98,58.61,99,6,47.37,101.30,13.00,486.00,null,null,null
2023-09-09T10:12:02Z,28.99,58.79,99,6,39.61,101.30,13.00,486.00,null,null,null
2023-09-09T10:13:02Z,28.98,58.84,99,6,38.87,101.31,13.00,491.00,null,null,null
2023-09-09T10:14:02Z,29.01,58.87,99,6,42.67,101.31,14.00,495.00,null,null,null
2023-09-09T10:15:02Z,28.99,58.84,99,6,47.89,101.30,14.00,495.00,0,0,0
2023-09-09T10:16:02Z,28.96,58.62,99,6,39.64,101.30,12.00,482.00,null,null,null
2023-09-09T10:17:02Z,29.01,57.93,99,6,54.68,101.30,13.00,486.00,null,null,null
2023-09-09T10:18:02Z,29.01,58.09,99,6,51.08,101.30,11.00,473.00,null,null,null
2023-09-09T10:19:02Z,29.01,58.14,99,5,43.59,101.30,11.00,477.00,null,null,null
2023-09-09T10:20:02Z,28.98,58.25,99,5,46.79,101.30,12.00,482.00,0,0,0
2023-09-09T10:21:02Z,29.01,58.11,99,5,45.67,101.30,8.00,454.00,null,null,null
2023-09-09T10:22:02Z,29.02,58.21,99,5,47.05,101.30,9.00,464.00,null,null,null
2023-09-09T10:23:02Z,29.01,58.47,99,6,44.92,101.30,11.00,473.00,null,null,null
2023-09-09T10:24:02Z,28.99,58.53,99,5,40.47,101.30,10.00,472.00,null,null,null
2023-09-09T10:25:02Z,29.02,58.64,99,5,40.05,101.29,11.00,477.00,0,0,0
2023-09-09T10:26:02Z,29.02,58.10,99,5,45.68,101.30,9.00,460.00,null,null,null
2023-09-09T10:27:02Z,29.03,57.79,99,5,48.05,101.30,9.00,461.00,null,null,null
2023-09-09T10:28:02Z,28.99,57.66,99,5,47.04,101.29,9.00,464.00,null,null,null
2023-09-09T10:29:02Z,28.99,57.66,99,5,51.07,101.29,10.00,472.00,null,null,null
2023-09-09T10:30:02Z,28.96,57.68,99,5,45.24,101.30,9.00,465.00,0,0,0
2023-09-09T10:31:02Z,29.01,57.49,99,4,48.53,101.30,8.00,455.00,null,null,null
2023-09-09T10:32:02Z,29.01,57.49,99,4,48.81,101.29,6.00,445.00,null,null,null
2023-09-09T10:33:02Z,28.99,57.08,99,4,50.19,101.29,7.00,448.00,null,null,null
2023-09-09T10:34:02Z,29.01,57.29,99,4,49.83,101.29,7.00,446.00,null,null,null
2023-09-09T10:35:02Z,28.98,57.39,99,4,48.55,101.29,6.00,442.00,0,0,0
2023-09-09T10:36:02Z,28.99,57.27,99,3,44.05,101.28,3.00,420.00,null,null,null
2023-09-09T10:37:02Z,28.98,57.47,99,3,43.00,101.28,3.00,423.00,null,null,null
2023-09-09T10:38:02Z,28.96,57.60,99,3,42.96,101.28,4.00,432.00,null,null,null
2023-09-09T10:39:02Z,28.98,57.70,99,3,54.13,101.29,5.00,436.00,null,null,null
2023-09-09T10:40:02Z,28.96,57.75,99,5,52.53,101.28,7.00,448.00,0,0,0
2023-09-09T10:41:02Z,28.98,57.58,99,5,47.09,101.29,5.00,436.00,null,null,null
2023-09-09T10:42:02Z,28.96,57.64,99,5,45.84,101.29,6.00,445.00,null,null,null
2023-09-09T10:43:02Z,28.96,57.69,99,3,40.20,101.29,6.00,445.00,null,null,null
2023-09-09T10:44:02Z,28.96,57.58,99,3,43.07,101.29,7.00,448.00,null,null,null
2023-09-09T10:45:02Z,28.95,57.68,99,3,43.98,101.29,7.00,448.00,0,0,0
2023-09-09T10:46:02Z,28.95,57.15,99,3,39.41,101.29,3.00,423.00,null,null,null
2023-09-09T10:47:02Z,28.94,57.49,99,3,42.10,101.28,4.00,432.00,null,null,null
2023-09-09T10:48:02Z,28.95,57.52,99,3,42.09,101.29,4.00,432.00,null,null,null
2023-09-09T10:49:02Z,28.94,57.65,99,2,40.61,101.29,5.00,436.00,null,null,null
2023-09-09T10:50:02Z,28.92,57.61,99,3,43.29,101.28,6.00,442.00,0,0,0
2023-09-09T10:51:02Z,28.95,57.34,99,2,49.51,101.29,3.00,423.00,null,null,null
2023-09-09T10:52:02Z,28.94,57.36,99,3,41.03,101.29,3.00,425.00,null,null,null
2023-09-09T10:53:02Z,28.94,57.33,99,3,45.19,101.29,4.00,432.00,null,null,null
2023-09-09T10:54:02Z,28.94,57.39,99,3,48.46,101.28,4.00,432.00,null,null,null
2023-09-09T10:55:02Z,28.92,57.49,99,3,46.20,101.28,4.00,432.00,0,0,0
2023-09-09T10:56:02Z,28.95,57.25,99,2,41.18,101.27,2.00,415.00,null,null,null
2023-09-09T10:57:02Z,28.92,57.51,99,3,41.69,101.28,3.00,423.00,null,null,null
2023-09-09T10:58:02Z,28.94,57.49,99,3,44.41,101.28,3.00,425.00,null,null,null
2023-09-09T10:59:02Z,28.94,57.52,99,3,43.53,101.28,4.00,432.00,null,null,null
2023-09-09T11:00:02Z,28.91,57.58,99,3,45.16,101.28,5.00,436.00,0,0,0
2023-09-09T11:01:02Z,28.96,57.25,99,2,40.60,101.27,3.00,420.00,null,null,null
2023-09-09T11:02:02Z,28.94,57.46,99,3,43.66,101.28,3.00,420.00,null,null,null
2023-09-09T11:03:02Z,28.89,57.49,99,2,46.09,101.27,3.00,423.00,null,null,null
2023-09-09T11:04:02Z,28.94,57.51,99,2,49.14,101.28,3.00,425.00,null,null,null
2023-09-09T11:05:02Z,28.92,57.58,99,2,46.86,101.27,5.00,436.00,0,0,0
2023-09-09T11:06:02Z,28.92,57.49,99,2,44.37,101.27,3.00,423.00,null,null,null
2023-09-09T11:07:02Z,28.92,57.66,99,2,48.67,101.26,4.00,432.00,null,null,null
2023-09-09T11:08:02Z,28.92,57.70,99,2,45.27,101.26,5.00,436.00,null,null,null
2023-09-09T11:09:02Z,28.91,57.68,99,2,42.35,101.27,6.00,442.00,null,null,null
2023-09-09T11:10:02Z,28.89,57.67,99,2,46.86,101.27,6.00,442.00,0,0,0
2023-09-09T11:11:02Z,28.92,57.48,99,2,40.14,101.26,3.00,423.00,null,null,null
2023-09-09T11:12:02Z,28.94,57.54,99,2,45.41,101.27,3.00,425.00,null,null,null
2023-09-09T11:13:02Z,28.92,57.54,99,2,47.58,101.27,4.00,432.00,null,null,null
2023-09-09T11:14:02Z,28.92,57.40,99,2,43.39,101.27,5.00,436.00,null,null,null
2023-09-09T11:15:02Z,28.91,57.45,99,2,48.72,101.26,4.00,432.00,0,0,0
2023-09-09T11:16:02Z,28.89,57.10,99,2,47.68,101.26,2.00,415.00,null,null,null
2023-09-09T11:17:02Z,28.92,57.30,99,2,42.85,101.26,3.00,420.00,null,null,null
2023-09-09T11:18:02Z,28.89,57.44,99,2,44.55,101.26,3.00,420.00,null,null,null
2023-09-09T11:19:02Z,28.89,57.36,99,2,47.05,101.26,3.00,423.00,null,null,null
2023-09-09T11:20:02Z,28.89,57.38,99,2,46.67,101.26,3.00,425.00,0,0,0
2023-09-09T11:21:02Z,28.89,57.10,99,2,47.83,101.26,1.00,407.00,null,null,null
2023-09-09T11:22:02Z,28.92,57.40,99,2,42.71,101.26,1.00,411.00,null,null,null
2023-09-09T11:23:02Z,28.91,57.34,99,2,48.75,101.26,2.00,415.00,null,null,null
2023-09-09T11:24:02Z,28.91,57.28,99,2,48.49,101.26,3.00,420.00,null,null,null
2023-09-09T11:25:02Z,28.86,57.35,99,2,46.87,101.26,3.00,420.00,0,0,0
2023-09-09T11:26:02Z,28.89,57.20,99,2,45.87,101.25,0.00,400.00,null,null,null
2023-09-09T11:27:02Z,28.91,57.36,99,2,48.33,101.25,1.00,411.00,null,null,null
2023-09-09T11:28:02Z,28.91,57.36,99,2,48.64,101.25,1.00,410.00,null,null,null
2023-09-09T11:29:02Z,28.89,57.42,99,2,50.34,101.25,2.00,415.00,null,null,null
2023-09-09T11:30:02Z,28.86,57.48,99,2,39.97,101.25,3.00,420.00,0,0,0
2023-09-09T11:31:02Z,28.89,57.26,99,2,48.81,101.25,0.00,405.00,null,null,null
2023-09-09T11:32:02Z,28.88,57.31,99,2,46.63,101.25,0.00,400.00,null,null,null
2023-09-09T11:33:02Z,28.89,57.30,99,2,46.81,101.25,1.00,407.00,null,null,null
2023-09-09T11:34:02Z,28.89,57.40,99,2,37.32,101.25,1.00,410.00,null,null,null
2023-09-09T11:35:02Z,28.88,57.39,99,2,45.82,101.25,2.00,415.00,0,0,0
2023-09-09T11:36:02Z,28.89,57.25,99,2,49.06,101.25,0.00,405.00,null,null,null
2023-09-09T11:37:02Z,28.88,57.39,99,2,40.64,101.25,0.00,400.00,null,null,null
2023-09-09T11:38:02Z,28.89,57.41,99,2,39.02,101.24,1.00,407.00,null,null,null
2023-09-09T11:39:02Z,28.89,57.44,99,2,48.29,101.24,1.00,410.00,null,null,null
2023-09-09T11:40:02Z,28.88,57.50,99,2,42.36,101.25,2.00,415.00,0,0,0
2023-09-09T11:41:02Z,28.89,57.41,99,2,44.08,101.24,2.00,415.00,null,null,null
2023-09-09T11:42:02Z,28.86,57.46,99,2,42.48,101.24,1.00,410.00,null,null,null
2023-09-09T11:43:02Z,28.88,57.46,99,2,44.59,101.24,2.00,415.00,null,null,null
2023-09-09T11:44:02Z,28.88,57.55,99,2,47.11,101.24,3.00,423.00,null,null,null
2023-09-09T11:45:02Z,28.86,57.61,99,2,46.71,101.24,3.00,423.00,0,0,0
2023-09-09T11:46:02Z,28.86,57.44,99,2,42.44,101.24,3.00,420.00,null,null,null
2023-09-09T11:47:02Z,28.88,57.57,99,2,55.32,101.24,4.00,432.00,null,null,null
2023-09-09T11:48:02Z,28.88,57.60,99,2,48.49,101.24,5.00,436.00,null,null,null
2023-09-09T11:49:02Z,28.86,57.67,99,2,46.19,101.25,6.00,442.00,null,null,null
2023-09-09T11:50:02Z,28.86,57.66,99,2,49.36,101.25,6.00,445.00,0,0,0
2023-09-09T11:51:02Z,28.88,57.38,99,2,38.85,101.24,4.00,432.00,null,null,null
2023-09-09T11:52:02Z,28.88,57.52,99,2,46.85,101.24,4.00,432.00,null,null,null
2023-09-09T11:53:02Z,28.88,57.45,99,2,44.90,101.25,5.00,436.00,null,null,null
2023-09-09T11:54:02Z,28.85,57.49,99,2,44.64,101.24,5.00,436.00,null,null,null
2023-09-09T11:55:02Z,28.86,57.50,99,2,47.38,101.25,5.00,436.00,0,0,0
2023-09-09T11:56:02Z,28.88,57.12,99,2,45.97,101.24,2.00,415.00,null,null,null
2023-09-09T11:57:02Z,28.86,57.30,99,2,49.26,101.24,3.00,424.00,null,null,null
2023-09-09T11:58:02Z,28.86,57.33,99,2,43.14,101.25,3.00,423.00,null,null,null
2023-09-09T11:59:02Z,28.88,57.32,99,2,45.27,101.25,3.00,423.00,null,null,null
2023-09-09T12:00:02Z,28.85,57.41,99,2,48.73,101.25,4.00,432.00,0,0,0
2023-09-09T12:01:02Z,28.86,57.32,99,2,43.68,101.25,3.00,420.00,null,null,null
2023-09-09T12:02:02Z,28.88,57.36,99,2,44.32,101.25,3.00,420.00,null,null,null
2023-09-09T12:03:02Z,28.88,57.24,99,2,46.66,101.25,3.00,423.00,null,null,null
2023-09-09T12:04:02Z,28.86,57.24,99,2,45.92,101.25,4.00,427.00,null,null,null
2023-09-09T12:05:02Z,28.85,57.30,99,2,40.22,101.25,4.00,432.00,0,0,0
2023-09-09T12:06:02Z,28.85,57.28,99,2,44.46,101.25,3.00,420.00,null,null,null
2023-09-09T12:07:02Z,28.85,57.39,99,2,42.79,101.25,3.00,423.00,null,null,null
2023-09-09T12:08:02Z,28.85,57.46,99,2,45.78,101.25,4.00,432.00,null,null,null
2023-09-09T12:09:02Z,28.85,57.52,99,2,47.55,101.26,5.00,436.00,null,null,null
2023-09-09T12:10:02Z,28.83,57.44,99,2,38.09,101.26,6.00,442.00,0,0,0
2023-09-09T12:11:02Z,28.85,57.26,99,1,48.26,101.26,3.00,425.00,null,null,null
2023-09-09T12:12:02Z,28.85,57.33,99,2,47.87,101.26,4.00,432.00,null,null,null
2023-09-09T12:13:02Z,28.86,57.42,99,2,48.03,101.26,6.00,442.00,null,null,null
2023-09-09T12:14:02Z,28.85,57.40,99,2,48.65,101.26,6.00,445.00,null,null,null
2023-09-09T12:15:02Z,28.86,57.35,99,2,44.87,101.26,7.00,448.00,0,0,0
2023-09-09T12:16:02Z,28.85,57.12,99,2,44.93,101.26,4.00,432.00,null,null,null
2023-09-09T12:17:02Z,28.86,57.22,99,2,44.55,101.26,6.00,442.00,null,null,null
2023-09-09T12:18:02Z,28.85,57.30,99,2,42.97,101.26,7.00,446.00,null,null,null
2023-09-09T12:19:02Z,28.83,57.32,99,2,44.40,101.26,6.00,445.00,null,null,null
2023-09-09T12:20:02Z,28.83,57.41,99,2,40.31,101.26,7.00,448.00,0,0,0
2023-09-09T12:21:02Z,28.83,57.22,99,2,49.32,101.26,6.00,442.00,null,null,null
2023-09-09T12:22:02Z,28.86,57.30,99,2,48.42,101.26,7.00,450.00,null,null,null
2023-09-09T12:23:02Z,28.86,57.33,99,2,44.87,101.26,7.00,448.00,null,null,null
2023-09-09T12:24:02Z,28.85,57.31,99,2,42.17,101.26,7.00,448.00,null,null,null
2023-09-09T12:25:02Z,28.85,57.37,99,2,44.79,101.26,8.00,455.00,0,0,0
2023-09-09T12:26:02Z,28.83,57.15,99,2,48.68,101.26,6.00,445.00,null,null,null
2023-09-09T12:27:02Z,28.86,57.35,99,2,45.44,101.26,8.00,454.00,null,null,null
2023-09-09T12:28:02Z,28.85,57.37,99,2,44.64,101.26,8.00,455.00,null,null,null
2023-09-09T12:29:02Z,28.85,57.39,99,2,47.85,101.26,8.00,459.00,null,null,null
2023-09-09T12:30:02Z,28.83,57.36,99,2,46.99,101.26,9.00,463.00,0,0,0
2023-09-09T12:31:02Z,28.85,57.24,99,2,43.42,101.25,8.00,455.00,null,null,null
2023-09-09T12:32:02Z,28.88,57.18,99,2,44.92,101.26,9.00,460.00,null,null,null
2023-09-09T12:33:02Z,28.86,57.23,99,2,44.15,101.25,9.00,463.00,null,null,null
2023-09-09T12:34:02Z,28.83,57.25,99,2,47.68,101.25,9.00,463.00,null,null,null
2023-09-09T12:35:02Z,28.85,57.25,99,2,43.65,101.25,9.00,463.00,0,0,0
2023-09-09T12:36:02Z,28.85,56.98,99,2,47.84,101.24,6.00,442.00,null,null,null
2023-09-09T12:37:02Z,28.85,57.09,99,2,46.24,101.25,7.00,450.00,null,null,null
2023-09-09T12:38:02Z,28.85,57.20,99,2,47.68,101.24,8.00,454.00,null,null,null
2023-09-09T12:39:02Z,28.85,57.14,99,2,46.39,101.24,9.00,460.00,null,null,null
2023-09-09T12:40:02Z,28.83,57.03,99,2,44.24,101.24,9.00,463.00,0,0,0
2023-09-09T12:41:02Z,28.85,56.81,99,2,39.50,101.24,7.00,446.00,null,null,null
2023-09-09T12:42:02Z,28.86,57.00,99,2,45.54,101.24,7.00,446.00,null,null,null
2023-09-09T12:43:02Z,28.85,57.01,99,2,47.77,101.24,8.00,454.00,null,null,null
2023-09-09T12:44:02Z,28.85,57.03,99,2,40.78,101.24,9.00,460.00,null,null,null
2023-09-09T12:45:02Z,28.83,57.01,99,2,44.19,101.24,9.00,463.00,0,0,0
2023-09-09T12:46:02Z,28.86,56.81,99,2,48.99,101.24,8.00,454.00,null,null,null
2023-09-09T12:47:02Z,28.86,56.94,99,2,48.68,101.24,8.00,454.00,null,null,null
2023-09-09T12:48:02Z,28.85,56.95,99,2,42.89,101.24,9.00,460.00,null,null,null
2023-09-09T12:49:02Z,28.83,57.04,99,2,46.25,101.24,9.00,463.00,null,null,null
2023-09-09T12:50:02Z,28.82,57.06,99,2,43.97,101.24,10.00,470.00,0,0,0
2023-09-09T12:51:02Z,28.85,56.89,99,2,47.33,101.24,8.00,454.00,null,null,null
2023-09-09T12:52:02Z,28.83,56.99,99,2,50.78,101.24,9.00,460.00,null,null,null
2023-09-09T12:53:02Z,28.85,56.99,99,2,50.26,101.24,9.00,463.00,null,null,null
2023-09-09T12:54:02Z,28.83,57.02,99,2,47.07,101.23,9.00,463.00,null,null,null
2023-09-09T12:55:02Z,28.82,57.04,99,2,44.85,101.23,11.00,473.00,0,0,0
2023-09-09T12:56:02Z,28.85,56.84,99,2,44.80,101.23,9.00,460.00,null,null,null
2023-09-09T12:57:02Z,28.83,56.96,99,2,45.63,101.23,9.00,463.00,null,null,null
2023-09-09T12:58:02Z,28.82,57.03,99,2,38.28,101.23,10.00,470.00,null,null,null
2023-09-09T12:59:02Z,28.86,57.04,99,2,44.43,101.23,11.00,473.00,null,null,null
2023-09-09T13:00:02Z,28.83,57.04,99,2,45.11,101.23,11.00,473.00,0,0,0
2023-09-09T13:01:02Z,28.86,56.86,99,2,48.80,101.23,9.00,463.00,null,null,null
2023-09-09T13:02:02Z,28.83,56.97,99,2,45.50,101.23,10.00,470.00,null,null,null
2023-09-09T13:03:02Z,28.86,56.98,99,2,50.36,101.23,11.00,473.00,null,null,null
2023-09-09T13:04:02Z,28.85,57.06,99,2,47.44,101.22,11.00,473.00,null,null,null
2023-09-09T13:05:02Z,28.82,57.03,99,2,46.69,101.23,11.00,477.00,0,0,0
2023-09-09T13:06:02Z,28.85,56.90,99,2,47.99,101.22,9.00,463.00,null,null,null
2023-09-09T13:07:02Z,28.85,56.99,99,2,40.70,101.22,10.00,470.00,null,null,null
2023-09-09T13:08:02Z,28.86,57.00,99,2,42.86,101.22,11.00,473.00,null,null,null
2023-09-09T13:09:02Z,28.85,57.08,99,2,44.96,101.22,11.00,473.00,null,null,null
2023-09-09T13:10:02Z,28.85,57.09,99,2,47.53,101.22,11.00,477.00,0,0,0
2023-09-09T13:11:02Z,28.86,56.99,99,1,50.31,101.22,11.00,473.00,null,null,null
2023-09-09T13:12:02Z,28.88,56.99,99,2,50.34,101.22,11.00,473.00,null,null,null
2023-09-09T13:13:02Z,28.85,57.03,99,2,50.71,101.22,11.00,477.00,null,null,null
2023-09-09T13:14:02Z,28.83,57.06,99,2,48.03,101.22,11.00,477.00,null,null,null
2023-09-09T13:15:02Z,28.85,57.10,99,2,48.80,101.22,12.00,483.00,0,0,0
2023-09-09T13:16:02Z,28.86,56.96,99,1,48.96,101.22,11.00,473.00,null,null,null
2023-09-09T13:17:02Z,28.88,57.04,99,2,43.36,101.22,11.00,477.00,null,null,null
2023-09-09T13:18:02Z,28.83,57.04,99,2,44.45,101.22,11.00,477.00,null,null,null
2023-09-09T13:19:02Z,28.86,57.07,99,2,44.54,101.23,12.00,483.00,null,null,null
2023-09-09T13:20:02Z,28.85,57.00,99,2,43.99,101.22,13.00,487.00,0,0,0
2023-09-09T13:21:02Z,28.85,56.90,99,1,46.61,101.22,11.00,477.00,null,null,null
2023-09-09T13:22:02Z,28.86,56.92,99,2,47.55,101.22,11.00,477.00,null,null,null
2023-09-09T13:23:02Z,28.89,56.97,99,2,44.21,101.22,12.00,483.00,null,null,null
2023-09-09T13:24:02Z,28.85,56.95,99,2,44.23,101.22,12.00,483.00,null,null,null
2023-09-09T13:25:02Z,28.83,56.94,99,2,48.62,101.22,12.00,483.00,0,0,0
2023-09-09T13:26:02Z,28.86,56.83,99,1,47.64,101.22,11.00,473.00,null,null,null
2023-09-09T13:27:02Z,28.86,56.92,99,2,41.35,101.21,11.00,473.00,null,null,null
2023-09-09T13:28:02Z,28.86,56.92,99,2,44.52,101.21,11.00,477.00,null,null,null
2023-09-09T13:29:02Z,28.85,56.95,99,2,42.45,101.21,12.00,483.00,null,null,null
2023-09-09T13:30:02Z,28.86,56.98,99,2,42.55,101.21,13.00,487.00,0,0,0
2023-09-09T13:31:02Z,28.86,56.79,99,1,44.24,101.20,11.00,473.00,null,null,null
2023-09-09T13:32:02Z,28.88,56.93,99,2,46.16,101.21,11.00,477.00,null,null,null
2023-09-09T13:33:02Z,28.86,56.94,99,2,47.78,101.21,11.00,477.00,null,null,null
2023-09-09T13:34:02Z,28.86,56.97,99,2,40.33,101.21,12.00,483.00,null,null,null
2023-09-09T13:35:02Z,28.86,56.97,99,2,45.02,101.20,13.00,487.00,0,0,0
2023-09-09T13:36:02Z,28.86,56.78,99,1,46.06,101.20,11.00,473.00,null,null,null
2023-09-09T13:37:02Z,28.88,56.88,99,2,46.67,101.20,11.00,477.00,null,null,null
2023-09-09T13:38:02Z,28.86,56.90,99,2,47.45,101.20,12.00,483.00,null,null,null
2023-09-09T13:39:02Z,28.85,56.85,99,2,41.13,101.20,12.00,483.00,null,null,null
2023-09-09T13:40:02Z,28.88,56.94,99,2,46.78,101.20,12.00,483.00,0,0,0
2023-09-09T13:41:02Z,28.85,56.66,99,1,41.22,101.19,10.00,470.00,null,null,null
2023-09-09T13:42:02Z,28.88,56.77,99,2,41.91,101.19,11.00,475.00,null,null,null
2023-09-09T13:43:02Z,28.85,56.76,99,2,42.18,101.19,11.00,473.00,null,null,null
2023-09-09T13:44:02Z,28.88,56.73,99,2,43.14,101.20,11.00,477.00,null,null,null
2023-09-09T13:45:02Z,28.83,56.74,99,2,49.15,101.20,12.00,481.00,0,0,0
2023-09-09T13:46:02Z,28.86,56.55,99,1,48.06,101.20,9.00,463.00,null,null,null
2023-09-09T13:47:02Z,28.85,56.64,99,2,40.68,101.20,10.00,466.00,null,null,null
2023-09-09T13:48:02Z,28.88,56.70,99,2,43.50,101.20,11.00,475.00,null,null,null
2023-09-09T13:49:02Z,28.86,56.70,99,2,42.20,101.20,11.00,477.00,null,null,null
2023-09-09T13:50:02Z,28.83,56.76,99,2,45.40,101.20,12.00,481.00,0,0,0
2023-09-09T13:51:02Z,28.86,56.55,99,1,42.21,101.20,10.00,470.00,null,null,null
2023-09-09T13:52:02Z,28.85,56.66,99,2,45.60,101.20,11.00,475.00,null,null,null
2023-09-09T13:53:02Z,28.86,56.66,99,2,45.31,101.20,11.00,477.00,null,null,null
2023-09-09T13:54:02Z,28.85,56.65,99,2,48.79,101.20,11.00,477.00,null,null,null
2023-09-09T13:55:02Z,28.83,56.72,99,2,44.39,101.20,12.00,481.00,0,0,0
2023-09-09T13:56:02Z,28.88,56.51,99,1,49.08,101.20,11.00,477.00,null,null,null
2023-09-09T13:57:02Z,28.88,56.61,99,2,45.64,101.20,11.00,475.00,null,null,null
2023-09-09T13:58:02Z,28.85,56.65,99,2,48.20,101.20,11.00,477.00,null,null,null
2023-09-09T13:59:02Z,28.85,56.69,99,2,43.06,101.20,12.00,481.00,null,null,null
2023-09-09T14:00:02Z,28.86,56.68,99,2,48.48,101.20,12.00,481.00,0,0,0
2023-09-09T14:01:02Z,28.86,56.50,99,1,48.90,101.20,11.00,475.00,null,null,null
2023-09-09T14:02:02Z,28.86,56.58,99,2,44.24,101.20,11.00,477.00,null,null,null
2023-09-09T14:03:02Z,28.86,56.66,99,2,46.13,101.20,11.00,477.00,null,null,null
2023-09-09T14:04:02Z,28.83,56.66,99,2,48.68,101.20,13.00,487.00,null,null,null
2023-09-09T14:05:02Z,28.83,56.65,99,2,51.72,101.20,13.00,487.00,0,0,0
2023-09-09T14:06:02Z,28.85,56.49,99,1,46.47,101.19,11.00,477.00,null,null,null
2023-09-09T14:07:02Z,28.86,56.59,99,2,44.65,101.18,12.00,481.00,null,null,null
2023-09-09T14:08:02Z,28.86,56.60,99,2,48.93,101.19,13.00,487.00,null,null,null
2023-09-09T14:09:02Z,28.85,56.65,99,2,48.46,101.18,13.00,487.00,null,null,null
2023-09-09T14:10:02Z,28.86,56.69,99,2,44.58,101.18,14.00,492.00,0,0,0
2023-09-09T14:11:02Z,28.85,56.50,99,1,39.45,101.18,12.00,481.00,null,null,null
2023-09-09T14:12:02Z,28.88,56.55,99,2,46.35,101.18,12.00,481.00,null,null,null
2023-09-09T14:13:02Z,28.88,56.61,99,2,41.48,101.18,13.00,487.00,null,null,null
2023-09-09T14:14:02Z,28.86,56.55,99,1,45.24,101.18,13.00,487.00,null,null,null
2023-09-09T14:15:02Z,28.85,56.57,99,1,39.51,101.18,14.00,492.00,0,0,0
2023-09-09T14:16:02Z,28.86,56.35,99,1,48.33,101.18,11.00,477.00,null,null,null
2023-09-09T14:17:02Z,28.86,56.49,99,1,43.46,101.18,12.00,481.00,null,null,null
2023-09-09T14:18:02Z,28.85,56.52,99,1,49.31,101.18,12.00,481.00,null,null,null
2023-09-09T14:19:02Z,28.83,56.55,99,1,52.50,101.17,13.00,487.00,null,null,null
2023-09-09T14:20:02Z,28.83,56.58,99,1,51.31,101.18,13.00,487.00,0,0,0
2023-09-09T14:21:02Z,28.86,56.39,99,1,45.81,101.18,11.00,477.00,null,null,null
2023-09-09T14:22:02Z,28.88,56.46,99,1,45.81,101.18,12.00,481.00,null,null,null
2023-09-09T14:23:02Z,28.88,56.50,99,1,41.93,101.18,12.00,481.00,null,null,null
2023-09-09T14:24:02Z,28.85,56.54,99,2,43.09,101.18,13.00,487.00,null,null,null
2023-09-09T14:25:02Z,28.86,56.57,99,2,42.62,101.18,13.00,487.00,0,0,0
2023-09-09T14:26:02Z,28.83,56.35,99,1,47.59,101.18,11.00,475.00,null,null,null
2023-09-09T14:27:02Z,28.86,56.46,99,2,51.36,101.18,11.00,477.00,null,null,null
2023-09-09T14:28:02Z,28.86,56.47,99,2,44.51,101.18,12.00,481.00,null,null,null
2023-09-09T14:29:02Z,28.86,56.54,99,2,44.64,101.18,13.00,487.00,null,null,null
2023-09-09T14:30:02Z,28.86,56.46,99,2,46.69,101.18,13.00,487.00,0,0,0
2023-09-09T14:31:02Z,28.83,56.31,99,1,43.31,101.19,10.00,466.00,null,null,null
2023-09-09T14:32:02Z,28.88,56.37,99,1,48.69,101.19,11.00,475.00,null,null,null
2023-09-09T14:33:02Z,28.88,56.40,99,1,46.91,101.19,11.00,477.00,null,null,null
2023-09-09T14:34:02Z,28.88,56.39,99,1,46.05,101.19,12.00,481.00,null,null,null
2023-09-09T14:35:02Z,28.85,56.41,99,2,45.82,101.19,12.00,481.00,0,0,0
2023-09-09T14:36:02Z,28.86,56.17,99,1,42.49,101.19,10.00,466.00,null,null,null
2023-09-09T14:37:02Z,28.85,56.36,99,1,45.85,101.19,11.00,476.00,null,null,null
2023-09-09T14:38:02Z,28.86,56.36,99,2,50.04,101.19,11.00,477.00,null,null,null
2023-09-09T14:39:02Z,28.85,56.31,99,2,43.06,101.19,11.00,477.00,null,null,null
2023-09-09T14:40:02Z,28.86,56.28,99,2,45.13,101.19,12.00,481.00,0,0,0
2023-09-09T14:41:02Z,28.88,56.15,99,1,44.69,101.19,9.00,463.00,null,null,null
2023-09-09T14:42:02Z,28.88,56.26,99,1,42.22,101.18,10.00,472.00,null,null,null
2023-09-09T14:43:02Z,28.83,56.25,99,2,49.97,101.19,10.00,466.00,null,null,null
2023-09-09T14:44:02Z,28.86,56.32,99,2,39.89,101.18,11.00,475.00,null,null,null
2023-09-09T14:45:02Z,28.85,56.36,99,2,42.61,101.19,11.00,477.00,0,0,0
2023-09-09T14:46:02Z,28.88,56.17,99,1,45.29,101.18,9.00,463.00,null,null,null
2023-09-09T14:47:02Z,28.86,56.27,99,1,45.93,101.18,10.00,472.00,null,null,null
2023-09-09T14:48:02Z,28.88,56.29,99,1,48.96,101.18,10.00,466.00,null,null,null
2023-09-09T14:49:02Z,28.88,56.28,99,1,48.76,101.18,11.00,475.00,null,null,null
2023-09-09T14:50:02Z,28.86,56.39,99,1,43.83,101.18,11.00,477.00,0,0,0
2023-09-09T14:51:02Z,28.88,56.24,99,0,49.91,101.18,8.00,457.00,null,null,null
2023-09-09T14:52:02Z,28.88,56.26,99,1,47.92,101.18,10.00,472.00,null,null,null
2023-09-09T14:53:02Z,28.88,56.28,99,1,47.04,101.19,10.00,466.00,null,null,null
2023-09-09T14:54:02Z,28.88,56.27,99,1,46.47,101.18,11.00,475.00,null,null,null
2023-09-09T14:55:02Z,28.85,56.30,99,1,47.56,101.18,11.00,477.00,0,0,0
2023-09-09T14:56:02Z,28.89,56.07,99,1,45.82,101.18,8.00,457.00,null,null,null
2023-09-09T14:57:02Z,28.88,56.24,99,1,44.99,101.18,9.00,463.00,null,null,null
2023-09-09T14:58:02Z,28.86,56.26,99,1,42.38,101.18,10.00,472.00,null,null,null
2023-09-09T14:59:02Z,28.89,56.21,99,1,44.47,101.17,10.00,466.00,null,null,null
2023-09-09T15:00:02Z,28.86,56.24,99,1,42.14,101.18,12.00,481.00,0,0,0
2023-09-09T15:01:02Z,28.89,56.11,99,1,44.40,101.17,10.00,472.00,null,null,null
2023-09-09T15:02:02Z,28.89,56.17,99,2,43.32,101.17,9.00,463.00,null,null,null
2023-09-09T15:03:02Z,28.89,56.22,99,2,46.12,101.17,10.00,472.00,null,null,null
2023-09-09T15:04:02Z,28.88,56.25,99,2,44.69,101.17,11.00,476.00,null,null,null
2023-09-09T15:05:02Z,28.88,56.24,99,2,42.65,101.17,11.00,475.00,0,0,0
2023-09-09T15:06:02Z,28.86,56.10,99,1,50.51,101.16,12.00,481.00,null,null,null
2023-09-09T15:07:02Z,28.88,56.21,99,2,43.21,101.17,10.00,472.00,null,null,null
2023-09-09T15:08:02Z,28.88,56.19,99,2,48.21,101.16,11.00,476.00,null,null,null
2023-09-09T15:09:02Z,28.88,56.25,99,1,46.59,101.16,12.00,481.00,null,null,null
2023-09-09T15:10:02Z,28.88,56.25,99,1,44.09,101.17,11.00,475.00,0,0,0
2023-09-09T15:11:02Z,28.89,56.08,99,1,40.77,101.16,8.00,457.00,null,null,null
2023-09-09T15:12:02Z,28.91,56.15,99,1,45.29,101.16,11.00,476.00,null,null,null
2023-09-09T15:13:02Z,28.88,56.20,99,2,44.05,101.16,12.00,481.00,null,null,null
2023-09-09T15:14:02Z,28.88,56.21,99,1,49.85,101.16,12.00,483.00,null,null,null
2023-09-09T15:15:02Z,28.89,56.20,99,1,38.67,101.15,13.00,487.00,0,0,0
2023-09-09T15:16:02Z,28.89,56.07,99,1,44.16,101.15,10.00,472.00,null,null,null
2023-09-09T15:17:02Z,28.89,56.16,99,1,48.57,101.15,11.00,476.00,null,null,null
2023-09-09T15:18:02Z,28.88,56.19,99,1,47.15,101.15,12.00,481.00,null,null,null
2023-09-09T15:19:02Z,28.89,56.22,99,1,47.20,101.15,12.00,483.00,null,null,null
2023-09-09T15:20:02Z,28.89,56.21,99,1,40.32,101.15,12.00,483.00,0,0,0
2023-09-09T15:21:02Z,28.91,56.05,99,0,45.48,101.15,10.00,472.00,null,null,null
2023-09-09T15:22:02Z,28.91,56.14,99,1,46.60,101.15,11.00,476.00,null,null,null
2023-09-09T15:23:02Z,28.88,56.15,99,0,45.14,101.15,12.00,481.00,null,null,null
2023-09-09T15:24:02Z,28.89,56.19,99,0,49.15,101.15,12.00,483.00,null,null,null
2023-09-09T15:25:02Z,28.88,56.20,99,1,45.87,101.14,12.00,483.00,0,0,0
2023-09-09T15:26:02Z,28.89,56.00,99,1,48.10,101.14,10.00,472.00,null,null,null
2023-09-09T15:27:02Z,28.89,56.06,99,1,44.72,101.14,11.00,476.00,null,null,null
2023-09-09T15:28:02Z,28.92,56.09,99,1,47.60,101.14,12.00,481.00,null,null,null
2023-09-09T15:29:02Z,28.91,56.11,99,1,43.95,101.14,12.00,481.00,null,null,null
2023-09-09T15:30:02Z,28.88,56.11,99,1,45.24,101.14,12.00,483.00,0,0,0
2023-09-09T15:31:02Z,28.94,55.98,99,1,47.48,101.14,10.00,472.00,null,null,null
2023-09-09T15:32:02Z,28.92,56.00,99,1,48.45,101.14,11.00,476.00,null,null,null
2023-09-09T15:33:02Z,28.91,56.02,99,1,46.19,101.14,11.00,476.00,null,null,null
2023-09-09T15:34:02Z,28.91,56.50,99,1,42.43,101.14,12.00,481.00,null,null,null
2023-09-09T15:35:02Z,28.88,56.65,99,1,48.92,101.14,11.00,475.00,0,0,0
2023-09-09T15:36:02Z,28.91,56.62,99,1,42.80,101.14,10.00,466.00,null,null,null
2023-09-09T15:37:02Z,28.91,56.61,99,1,45.35,101.14,11.00,475.00,null,null,null
2023-09-09T15:38:02Z,28.92,57.03,99,1,41.31,101.14,11.00,477.00,null,null,null
2023-09-09T15:39:02Z,28.89,57.90,99,1,43.08,101.14,13.00,487.00,null,null,null
2023-09-09T15:40:02Z,28.88,57.68,99,1,46.57,101.14,13.00,486.00,0,0,0
2023-09-09T15:41:02Z,28.88,57.16,99,1,43.58,101.14,13.00,487.00,null,null,null
2023-09-09T15:42:02Z,28.91,57.31,99,1,49.36,101.14,14.00,493.00,null,null,null
2023-09-09T15:43:02Z,28.92,57.26,99,1,46.78,101.14,14.00,497.00,null,null,null
2023-09-09T15:44:02Z,28.89,57.22,99,1,49.79,101.14,14.00,492.00,null,null,null
2023-09-09T15:45:02Z,28.86,57.22,99,1,46.29,101.14,14.00,497.00,0,0,0
2023-09-09T15:46:02Z,28.88,57.22,99,1,44.34,101.14,13.00,487.00,null,null,null
2023-09-09T15:47:02Z,28.88,57.15,99,1,48.31,101.14,13.00,487.00,null,null,null
2023-09-09T15:48:02Z,28.89,57.21,99,1,44.62,101.14,14.00,493.00,null,null,null
2023-09-09T15:49:02Z,28.86,57.22,99,1,46.91,101.14,14.00,493.00,null,null,null
2023-09-09T15:50:02Z,28.83,57.19,99,0,43.76,101.15,14.00,493.00,0,0,0
2023-09-09T15:51:02Z,28.86,57.02,99,0,47.23,101.15,12.00,483.00,null,null,null
2023-09-09T15:52:02Z,28.86,56.95,99,0,45.13,101.15,11.00,477.00,null,null,null
2023-09-09T15:53:02Z,28.86,56.99,99,0,47.17,101.15,12.00,483.00,null,null,null
2023-09-09T15:54:02Z,28.82,56.97,99,0,48.44,101.15,12.00,483.00,null,null,null
2023-09-09T15:55:02Z,28.85,57.06,99,0,44.39,101.15,13.00,487.00,0,0,0
2023-09-09T15:56:02Z,28.85,56.96,99,0,45.88,101.14,11.00,477.00,null,null,null
2023-09-09T15:57:02Z,28.85,56.80,99,0,46.20,101.14,11.00,473.00,null,null,null
2023-09-09T15:58:02Z,28.83,56.75,99,0,46.60,101.14,10.00,470.00,null,null,null
2023-09-09T15:59:02Z,28.81,56.87,99,1,47.58,101.15,9.00,463.00,null,null,null
2023-09-09T16:00:02Z,28.82,56.85,99,1,43.77,101.15,9.00,463.00,0,0,0
2023-09-09T16:01:02Z,28.83,56.80,99,1,52.16,101.14,7.00,450.00,null,null,null
2023-09-09T16:02:02Z,28.82,56.87,99,2,47.41,101.14,7.00,450.00,null,null,null
2023-09-09T16:03:02Z,28.81,56.87,99,2,44.92,101.14,8.00,454.00,null,null,null
2023-09-09T16:04:02Z,28.81,56.90,99,2,43.33,101.14,9.00,460.00,null,null,null
2023-09-09T16:05:02Z,28.82,56.97,99,1,42.37,101.14,9.00,463.00,0,0,0
2023-09-09T16:06:02Z,28.79,56.99,99,1,45.50,101.14,9.00,460.00,null,null,null
2023-09-09T16:07:02Z,28.79,56.87,99,1,46.11,101.14,10.00,470.00,null,null,null
2023-09-09T16:08:02Z,28.81,56.77,99,1,46.58,101.14,11.00,477.00,null,null,null
2023-09-09T16:09:02Z,28.76,56.87,99,1,46.28,101.14,12.00,483.00,null,null,null
2023-09-09T16:10:02Z,28.76,56.86,99,1,47.88,101.14,13.00,487.00,0,0,0
2023-09-09T16:11:02Z,28.76,56.67,99,1,40.78,101.14,12.00,483.00,null,null,null
2023-09-09T16:12:02Z,28.78,56.70,99,2,43.51,101.14,12.00,481.00,null,null,null
2023-09-09T16:13:02Z,28.76,56.60,99,2,49.53,101.15,14.00,492.00,null,null,null
2023-09-09T16:14:02Z,28.76,56.66,99,2,49.54,101.15,14.00,492.00,null,null,null
2023-09-09T16:15:02Z,28.76,56.70,99,1,45.04,101.15,14.00,497.00,0,0,0
2023-09-09T16:16:02Z,28.76,56.26,99,1,45.42,101.14,11.00,477.00,null,null,null
2023-09-09T16:17:02Z,28.78,56.35,99,2,44.08,101.15,11.00,477.00,null,null,null
2023-09-09T16:18:02Z,28.76,56.47,99,1,49.39,101.15,11.00,477.00,null,null,null
2023-09-09T16:19:02Z,28.74,56.59,99,2,40.92,101.15,14.00,492.00,null,null,null
2023-09-09T16:20:02Z,28.72,56.51,99,2,45.31,101.15,17.00,518.00,0,0,0
2023-09-09T16:21:02Z,28.75,56.46,99,1,44.55,101.15,15.00,501.00,null,null,null
2023-09-09T16:22:02Z,28.75,56.47,99,2,43.72,101.15,12.00,481.00,null,null,null
2023-09-09T16:23:02Z,28.72,56.48,99,1,46.34,101.15,12.00,481.00,null,null,null
2023-09-09T16:24:02Z,28.74,56.50,99,0,46.94,101.16,15.00,505.00,null,null,null
2023-09-09T16:25:02Z,28.72,56.67,99,1,44.77,101.16,17.00,518.00,0,0,0
2023-09-09T16:26:02Z,28.72,56.48,99,1,46.17,101.15,15.00,505.00,null,null,null
2023-09-09T16:27:02Z,28.74,56.30,99,2,44.41,101.16,14.00,495.00,null,null,null
2023-09-09T16:28:02Z,28.72,56.32,99,0,41.60,101.15,13.00,486.00,null,null,null
2023-09-09T16:29:02Z,28.72,56.33,99,0,49.11,101.16,14.00,495.00,null,null,null
2023-09-09T16:30:02Z,28.72,56.29,99,1,45.89,101.16,12.00,481.00,0,0,0
2023-09-09T16:31:02Z,28.74,56.32,99,0,45.21,101.16,8.00,457.00,null,null,null
2023-09-09T16:32:02Z,28.74,56.32,99,0,43.50,101.16,9.00,465.00,null,null,null
2023-09-09T16:33:02Z,28.76,56.37,99,0,46.04,101.16,11.00,476.00,null,null,null
2023-09-09T16:34:02Z,28.74,56.36,99,0,47.29,101.16,8.00,457.00,null,null,null
2023-09-09T16:35:02Z,28.71,56.38,99,0,44.21,101.15,12.00,481.00,0,0,0
2023-09-09T16:36:02Z,28.74,56.32,99,0,49.86,101.16,11.00,476.00,null,null,null
2023-09-09T16:37:02Z,28.75,56.42,99,0,41.73,101.15,13.00,491.00,null,null,null
2023-09-09T16:38:02Z,28.75,56.53,99,0,46.49,101.16,13.00,487.00,null,null,null
2023-09-09T16:39:02Z,28.75,56.50,99,0,45.20,101.16,14.00,497.00,null,null,null
2023-09-09T16:40:02Z,28.74,56.51,99,0,46.18,101.16,16.00,506.00,0,0,0
2023-09-09T16:41:02Z,28.75,56.35,99,0,46.67,101.16,17.00,515.00,null,null,null
2023-09-09T16:42:02Z,28.78,56.38,99,0,49.93,101.16,15.00,501.00,null,null,null
2023-09-09T16:43:02Z,28.76,56.47,99,0,47.55,101.16,17.00,517.00,null,null,null
2023-09-09T16:44:02Z,28.74,56.50,99,0,44.39,101.15,18.00,524.00,null,null,null
2023-09-09T16:45:02Z,28.75,56.50,99,0,50.75,101.16,23.00,556.00,0,0,0
2023-09-09T16:46:02Z,28.76,56.36,99,0,48.61,101.16,16.00,506.00,null,null,null
2023-09-09T16:47:02Z,28.76,56.32,99,0,44.78,101.16,17.00,517.00,null,null,null
2023-09-09T16:48:02Z,28.78,56.36,99,0,45.66,101.16,18.00,519.00,null,null,null
2023-09-09T16:49:02Z,28.78,56.38,99,0,43.98,101.16,18.00,519.00,null,null,null
2023-09-09T16:50:02Z,28.79,56.48,99,0,45.70,101.17,18.00,524.00,0,0,0
2023-09-09T16:51:02Z,28.79,56.24,99,0,45.15,101.17,15.00,501.00,null,null,null
2023-09-09T16:52:02Z,28.78,56.25,99,0,47.67,101.17,17.00,518.00,null,null,null
2023-09-09T16:53:02Z,28.79,56.34,99,0,49.13,101.16,17.00,517.00,null,null,null
2023-09-09T16:54:02Z,28.79,56.39,99,0,40.21,101.16,18.00,519.00,null,null,null
2023-09-09T16:55:02Z,28.78,56.39,99,0,45.93,101.17,18.00,524.00,0,0,0
2023-09-09T16:56:02Z,28.76,56.29,99,0,41.79,101.16,16.00,506.00,null,null,null
2023-09-09T16:57:02Z,28.79,56.30,99,0,46.81,101.16,17.00,517.00,null,null,null
2023-09-09T16:58:02Z,28.79,56.25,99,0,47.76,101.16,18.00,519.00,null,null,null
2023-09-09T16:59:02Z,28.79,56.31,99,0,38.16,101.16,18.00,524.00,null,null,null
2023-09-09T17:00:02Z,28.81,56.36,99,0,50.01,101.17,19.00,530.00,0,0,0
2023-09-09T17:01:02Z,28.79,56.21,99,0,45.72,101.17,16.00,506.00,null,null,null
2023-09-09T17:02:02Z,28.81,56.25,99,0,52.00,101.17,18.00,524.00,null,null,null
2023-09-09T17:03:02Z,28.79,56.14,99,0,47.58,101.17,18.00,519.00,null,null,null
2023-09-09T17:04:02Z,28.78,56.16,99,0,46.48,101.17,19.00,527.00,null,null,null
2023-09-09T17:05:02Z,28.79,56.17,99,0,43.85,101.17,19.00,531.00,0,0,0
2023-09-09T17:06:02Z,28.79,56.06,99,0,47.04,101.18,16.00,508.00,null,null,null
2023-09-09T17:07:02Z,28.82,56.15,99,0,41.57,101.18,18.00,524.00,null,null,null
2023-09-09T17:08:02Z,28.83,56.22,99,0,45.88,101.17,19.00,527.00,null,null,null
2023-09-09T17:09:02Z,28.82,56.23,99,0,45.09,101.16,20.00,537.00,null,null,null
2023-09-09T17:10:02Z,28.79,56.16,99,0,47.77,101.17,21.00,543.00,0,0,0
2023-09-09T17:11:02Z,28.82,55.78,99,0,46.55,101.16,18.00,524.00,null,null,null
2023-09-09T17:12:02Z,28.82,55.96,99,0,40.25,101.17,17.00,518.00,null,null,null
2023-09-09T17:13:02Z,28.83,55.88,99,0,48.40,101.16,18.00,524.00,null,null,null
2023-09-09T17:14:02Z,28.81,55.78,99,0,45.39,101.17,19.00,527.00,null,null,null
2023-09-09T17:15:02Z,28.78,55.94,99,0,48.18,101.17,18.00,524.00,0,0,0
2023-09-09T17:16:02Z,28.81,55.47,99,0,41.80,101.18,15.00,503.00,null,null,null
2023-09-09T17:17:02Z,28.81,54.99,99,0,47.58,101.17,14.00,492.00,null,null,null
2023-09-09T17:18:02Z,28.82,54.71,99,0,43.76,101.18,12.00,485.00,null,null,null
2023-09-09T17:19:02Z,28.79,54.73,99,0,38.08,101.18,9.00,464.00,null,null,null
2023-09-09T17:20:02Z,28.81,54.56,99,0,49.24,101.18,7.00,452.00,0,0,0
2023-09-09T17:21:02Z,28.81,54.32,99,0,41.63,101.18,7.00,452.00,null,null,null
2023-09-09T17:22:02Z,28.81,54.53,99,0,41.95,101.17,5.00,435.00,null,null,null
2023-09-09T17:23:02Z,28.81,54.67,99,0,47.09,101.17,5.00,435.00,null,null,null
2023-09-09T17:24:02Z,28.79,54.48,99,0,42.86,101.18,5.00,435.00,null,null,null
2023-09-09T17:25:02Z,28.76,54.30,99,0,42.25,101.19,5.00,439.00,0,0,0
2023-09-09T17:26:02Z,28.78,53.31,99,0,48.26,101.18,0.00,400.00,null,null,null
2023-09-09T17:27:02Z,28.78,54.08,99,0,52.28,101.18,2.00,414.00,null,null,null
2023-09-09T17:28:02Z,28.78,54.20,99,0,43.69,101.18,3.00,426.00,null,null,null
2023-09-09T17:29:02Z,28.78,54.04,99,0,48.84,101.19,5.00,433.00,null,null,null
2023-09-09T17:30:02Z,28.78,54.48,99,0,43.71,101.18,6.00,441.00,0,0,0
2023-09-09T17:31:02Z,28.76,53.87,99,0,49.30,101.19,0.00,400.00,null,null,null
2023-09-09T17:32:02Z,28.78,54.06,99,0,45.99,101.19,2.00,417.00,null,null,null
2023-09-09T17:33:02Z,28.76,53.87,99,0,43.98,101.18,3.00,426.00,null,null,null
2023-09-09T17:34:02Z,28.75,53.91,99,0,52.83,101.18,2.00,417.00,null,null,null
2023-09-09T17:35:02Z,28.75,53.29,99,0,66.76,101.19,0.00,400.00,0,0,0
2023-09-09T17:36:02Z,28.76,53.59,99,0,57.10,101.20,0.00,400.00,null,null,null
2023-09-09T17:37:02Z,28.74,53.81,99,0,49.75,101.20,0.00,400.00,null,null,null
2023-09-09T17:38:02Z,28.74,53.71,99,0,50.92,101.21,2.00,414.00,null,null,null
2023-09-09T17:39:02Z,28.74,53.81,99,0,57.53,101.20,4.00,427.00,null,null,null
2023-09-09T17:40:02Z,28.72,54.05,99,0,52.02,101.19,5.00,438.00,0,0,0
2023-09-09T17:41:02Z,28.74,53.88,99,0,53.58,101.19,6.00,443.00,null,null,null
2023-09-09T17:42:02Z,28.72,54.16,99,0,52.31,101.19,6.00,443.00,null,null,null
2023-09-09T17:43:02Z,28.75,54.41,99,0,54.41,101.19,7.00,451.00,null,null,null
2023-09-09T17:44:02Z,28.74,54.45,99,0,52.42,101.20,6.00,441.00,null,null,null
2023-09-09T17:45:02Z,28.71,54.19,99,0,52.76,101.19,8.00,459.00,0,0,0
2023-09-09T17:46:02Z,28.72,54.10,99,0,49.03,101.19,9.00,461.00,null,null,null
2023-09-09T17:47:02Z,28.70,54.11,99,0,51.87,101.19,8.00,454.00,null,null,null
2023-09-09T17:48:02Z,28.71,54.16,99,0,53.21,101.19,9.00,461.00,null,null,null
2023-09-09T17:49:02Z,28.70,54.30,99,0,54.02,101.18,9.00,461.00,null,null,null
2023-09-09T17:50:02Z,28.70,54.13,99,0,55.34,101.18,8.00,459.00,0,0,0
2023-09-09T17:51:02Z,28.70,54.07,99,0,51.93,101.18,8.00,454.00,null,null,null
2023-09-09T17:52:02Z,28.68,53.87,99,0,55.00,101.18,8.00,454.00,null,null,null
2023-09-09T17:53:02Z,28.70,54.85,99,0,63.15,101.18,8.00,454.00,null,null,null
2023-09-09T17:54:02Z,28.65,54.71,99,0,63.60,101.18,8.00,454.00,null,null,null
2023-09-09T17:55:02Z,28.65,56.47,99,0,62.67,101.19,11.00,476.00,0,0,0
2023-09-09T17:56:02Z,28.65,54.87,99,0,54.59,101.18,8.00,454.00,null,null,null
2023-09-09T17:57:02Z,28.65,54.49,99,0,62.04,101.18,12.00,480.00,null,null,null
2023-09-09T17:58:02Z,28.61,54.73,99,0,60.32,101.18,13.00,488.00,null,null,null
2023-09-09T17:59:02Z,28.64,54.93,99,0,64.91,101.18,14.00,493.00,null,null,null
2023-09-09T18:00:02Z,28.64,55.02,99,0,57.31,101.19,14.00,496.00,0,0,0
2023-09-09T18:01:02Z,28.64,55.21,99,0,62.78,101.18,13.00,491.00,null,null,null
2023-09-09T18:02:02Z,28.65,55.34,99,0,56.76,101.18,13.00,491.00,null,null,null
2023-09-09T18:03:02Z,28.64,55.74,99,0,62.26,101.18,12.00,482.00,null,null,null
2023-09-09T18:04:02Z,28.61,56.08,99,0,63.38,101.18,11.00,478.00,null,null,null
2023-09-09T18:05:02Z,28.60,56.24,99,0,75.59,101.19,11.00,475.00,0,0,0
2023-09-09T18:06:02Z,28.61,56.82,99,0,54.69,101.19,11.00,478.00,null,null,null
2023-09-09T18:07:02Z,28.61,56.49,99,0,67.23,101.19,10.00,470.00,null,null,null
2023-09-09T18:08:02Z,28.60,56.32,99,0,62.97,101.19,12.00,480.00,null,null,null
2023-09-09T18:09:02Z,28.60,56.47,99,0,63.47,101.19,12.00,483.00,null,null,null
2023-09-09T18:10:02Z,28.60,56.79,99,0,55.68,101.19,14.00,496.00,0,0,0
2023-09-09T18:11:02Z,28.60,56.65,99,0,67.97,101.19,14.00,496.00,null,null,null
2023-09-09T18:12:02Z,28.58,57.57,99,0,55.13,101.19,16.00,508.00,null,null,null
2023-09-09T18:13:02Z,28.57,56.88,99,0,59.40,101.19,15.00,503.00,null,null,null
2023-09-09T18:14:02Z,28.55,56.69,99,0,63.86,101.19,19.00,526.00,null,null,null
2023-09-09T18:15:02Z,28.55,57.07,99,0,64.09,101.19,20.00,536.00,0,0,0
2023-09-09T18:16:02Z,28.58,57.28,99,0,58.18,101.19,19.00,531.00,null,null,null
2023-09-09T18:17:02Z,28.54,57.86,99,0,56.83,101.20,19.00,531.00,null,null,null
2023-09-09T18:18:02Z,28.54,57.04,99,0,63.61,101.19,19.00,531.00,null,null,null
2023-09-09T18:19:02Z,28.52,57.21,99,0,67.17,101.19,21.00,543.00,null,null,null
2023-09-09T18:20:02Z,28.50,57.19,99,0,63.34,101.20,21.00,543.00,0,0,0
2023-09-09T18:21:02Z,28.54,57.62,99,0,64.59,101.20,21.00,543.00,null,null,null
2023-09-09T18:22:02Z,28.52,57.28,99,0,66.12,101.20,21.00,543.00,null,null,null
2023-09-09T18:23:02Z,28.51,57.43,99,0,62.13,101.20,22.00,549.00,null,null,null
2023-09-09T18:24:02Z,28.51,57.39,99,0,59.14,101.20,22.00,549.00,null,null,null
2023-09-09T18:25:02Z,28.50,57.44,99,0,58.78,101.20,23.00,553.00,0,0,0
2023-09-09T18:26:02Z,28.51,57.65,99,0,62.07,101.20,22.00,549.00,null,null,null
2023-09-09T18:27:02Z,28.52,57.87,99,0,62.44,101.20,24.00,564.00,null,null,null
2023-09-09T18:28:02Z,28.51,58.37,99,0,62.63,101.21,22.00,548.00,null,null,null
2023-09-09T18:29:02Z,28.50,58.50,99,0,59.44,101.21,22.00,549.00,null,null,null
2023-09-09T18:30:02Z,28.51,58.03,99,0,62.84,101.21,23.00,553.00,0,0,0
2023-09-09T18:31:02Z,28.50,57.90,99,0,61.93,101.21,23.00,555.00,null,null,null
2023-09-09T18:32:02Z,28.50,57.78,99,0,63.91,101.21,23.00,555.00,null,null,null
2023-09-09T18:33:02Z,28.50,57.84,99,0,59.12,101.21,23.00,555.00,null,null,null
2023-09-09T18:34:02Z,28.47,57.91,99,0,61.02,101.21,23.00,555.00,null,null,null
2023-09-09T18:35:02Z,28.45,57.76,99,0,62.37,101.21,23.00,555.00,0,0,0
2023-09-09T18:36:02Z,28.47,57.85,99,0,64.76,101.21,22.00,548.00,null,null,null
2023-09-09T18:37:02Z,28.47,57.75,99,0,59.83,101.21,25.00,567.00,null,null,null
2023-09-09T18:38:02Z,28.48,58.01,99,0,57.28,101.21,24.00,561.00,null,null,null
2023-09-09T18:39:02Z,28.45,57.82,99,0,67.45,101.22,25.00,567.00,null,null,null
2023-09-09T18:40:02Z,28.45,58.25,99,0,63.37,101.22,24.00,561.00,0,0,0
2023-09-09T18:41:02Z,28.44,58.12,99,0,57.96,101.22,24.00,561.00,null,null,null
2023-09-09T18:42:02Z,28.44,57.97,99,0,61.78,101.22,24.00,561.00,null,null,null
2023-09-09T18:43:02Z,28.45,58.91,99,0,63.65,101.21,25.00,567.00,null,null,null
2023-09-09T18:44:02Z,28.43,58.52,99,0,63.23,101.22,22.00,549.00,null,null,null
2023-09-09T18:45:02Z,28.41,58.37,99,0,65.84,101.21,23.00,553.00,0,0,0
2023-09-09T18:46:02Z,28.41,58.18,99,0,61.67,101.22,22.00,549.00,null,null,null
2023-09-09T18:47:02Z,28.40,58.19,99,0,65.62,101.22,24.00,561.00,null,null,null
2023-09-09T18:48:02Z,28.41,58.26,99,0,61.64,101.22,24.00,561.00,null,null,null
2023-09-09T18:49:02Z,28.39,58.67,99,0,58.72,101.22,24.00,561.00,null,null,null
2023-09-09T18:50:02Z,28.39,58.74,99,0,61.28,101.22,24.00,561.00,0,0,0
2023-09-09T18:51:02Z,28.40,59.05,99,0,68.60,101.23,23.00,553.00,null,null,null
2023-09-09T18:52:02Z,28.40,58.74,99,0,58.59,101.22,22.00,549.00,null,null,null
2023-09-09T18:53:02Z,28.39,58.71,99,0,62.66,101.22,24.00,561.00,null,null,null
2023-09-09T18:54:02Z,28.36,58.47,99,0,60.81,101.23,24.00,561.00,null,null,null
2023-09-09T18:55:02Z,28.34,58.53,99,0,56.21,101.23,24.00,561.00,0,0,0
2023-09-09T18:56:02Z,28.34,58.88,99,0,59.29,101.23,24.00,561.00,null,null,null
2023-09-09T18:57:02Z,28.37,58.80,99,0,55.29,101.23,23.00,555.00,null,null,null
2023-09-09T18:58:02Z,28.33,59.52,99,0,68.55,101.24,23.00,555.00,null,null,null
2023-09-09T18:59:02Z,28.33,59.52,99,0,58.55,101.24,21.00,543.00,null,null,null
2023-09-09T19:00:02Z,28.33,59.31,99,0,60.50,101.24,21.00,543.00,0,0,0
2023-09-09T19:01:02Z,28.31,59.29,99,0,57.80,101.24,21.00,543.00,null,null,null
2023-09-09T19:02:02Z,28.31,59.63,99,0,62.04,101.24,21.00,539.00,null,null,null
2023-09-09T19:03:02Z,28.30,59.01,99,0,55.91,101.25,21.00,539.00,null,null,null
2023-09-09T19:04:02Z,28.27,59.95,99,0,58.68,101.25,22.00,545.00,null,null,null
2023-09-09T19:05:02Z,28.27,59.51,99,0,66.65,101.25,20.00,537.00,0,0,0
2023-09-09T19:06:02Z,28.28,59.78,99,0,58.55,101.25,21.00,539.00,null,null,null
2023-09-09T19:07:02Z,28.25,59.26,99,0,61.80,101.25,19.00,526.00,null,null,null
2023-09-09T19:08:02Z,28.24,59.23,99,0,63.77,101.26,19.00,531.00,null,null,null
2023-09-09T19:09:02Z,28.25,59.17,99,0,58.88,101.26,27.00,581.00,null,null,null
2023-09-09T19:10:02Z,28.23,59.90,99,0,56.40,101.26,22.00,545.00,0,0,0
2023-09-09T19:11:02Z,28.24,59.35,99,0,60.22,101.26,26.00,577.00,null,null,null
2023-09-09T19:12:02Z,28.23,59.14,99,0,64.57,101.26,28.00,584.00,null,null,null
2023-09-09T19:13:02Z,28.23,59.26,99,0,56.10,101.27,29.00,596.00,null,null,null
2023-09-09T19:14:02Z,28.19,59.35,99,0,61.98,101.27,26.00,575.00,null,null,null
2023-09-09T19:15:02Z,28.17,59.34,99,0,63.97,101.27,26.00,575.00,0,0,0
2023-09-09T19:16:02Z,28.20,59.50,99,0,54.84,101.28,28.00,589.00,null,null,null
2023-09-09T19:17:02Z,28.21,59.25,99,0,60.34,101.28,28.00,584.00,null,null,null
2023-09-09T19:18:02Z,28.20,59.43,99,0,57.16,101.27,28.00,589.00,null,null,null
2023-09-09T19:19:02Z,28.17,59.47,99,0,64.98,101.28,28.00,584.00,null,null,null
2023-09-09T19:20:02Z,28.17,59.49,99,0,60.98,101.28,28.00,584.00,0,0,0
2023-09-09T19:21:02Z,28.19,59.57,99,0,60.09,101.28,28.00,584.00,null,null,null
2023-09-09T19:22:02Z,28.20,59.44,99,0,59.90,101.28,28.00,584.00,null,null,null
2023-09-09T19:23:02Z,28.19,59.30,99,0,59.30,101.28,28.00,584.00,null,null,null
2023-09-09T19:24:02Z,28.16,59.36,99,0,61.49,101.29,28.00,589.00,null,null,null
2023-09-09T19:25:02Z,28.16,59.81,99,0,67.53,101.29,28.00,584.00,0,0,0
2023-09-09T19:26:02Z,28.14,59.48,99,0,67.17,101.29,25.00,569.00,null,null,null
2023-09-09T19:27:02Z,28.16,59.48,99,0,55.47,101.29,28.00,584.00,null,null,null
2023-09-09T19:28:02Z,28.14,59.61,99,0,65.69,101.29,28.00,584.00,null,null,null
2023-09-09T19:29:02Z,28.16,60.21,99,0,61.55,101.29,26.00,575.00,null,null,null
2023-09-09T19:30:02Z,28.10,59.74,99,0,60.74,101.29,25.00,569.00,0,0,0
2023-09-09T19:31:02Z,28.16,59.66,99,0,64.30,101.29,25.00,570.00,null,null,null
2023-09-09T19:32:02Z,28.10,59.63,99,0,59.99,101.29,26.00,575.00,null,null,null
2023-09-09T19:33:02Z,28.11,59.61,99,0,60.36,101.29,26.00,575.00,null,null,null
2023-09-09T19:34:02Z,28.11,59.47,99,0,62.37,101.29,26.00,575.00,null,null,null
2023-09-09T19:35:02Z,28.09,59.79,99,0,61.64,101.30,25.00,570.00,0,0,0
2023-09-09T19:36:02Z,28.10,59.77,99,0,55.38,101.29,23.00,556.00,null,null,null
2023-09-09T19:37:02Z,28.11,59.67,99,0,65.01,101.30,25.00,569.00,null,null,null
2023-09-09T19:38:02Z,28.10,60.13,99,0,60.42,101.30,26.00,575.00,null,null,null
2023-09-09T19:39:02Z,28.07,59.94,99,0,61.87,101.29,25.00,565.00,null,null,null
2023-09-09T19:40:02Z,28.09,60.27,99,0,62.56,101.30,25.00,565.00,0,0,0
2023-09-09T19:41:02Z,28.09,60.18,99,0,60.31,101.30,23.00,552.00,null,null,null
2023-09-09T19:42:02Z,28.07,59.90,99,0,61.92,101.29,25.00,565.00,null,null,null
2023-09-09T19:43:02Z,28.06,59.74,99,0,61.30,101.30,25.00,565.00,null,null,null
2023-09-09T19:44:02Z,28.04,60.05,99,0,64.14,101.30,25.00,570.00,null,null,null
2023-09-09T19:45:02Z,28.04,60.12,99,0,60.44,101.30,23.00,556.00,0,0,0
2023-09-09T19:46:02Z,28.04,60.02,99,0,63.62,101.30,23.00,556.00,null,null,null
2023-09-09T19:47:02Z,28.04,59.92,99,0,64.26,101.30,25.00,565.00,null,null,null
2023-09-09T19:48:02Z,28.04,60.59,99,0,65.78,101.30,25.00,565.00,null,null,null
2023-09-09T19:49:02Z,28.03,60.25,99,0,64.79,101.30,24.00,560.00,null,null,null
2023-09-09T19:50:02Z,28.04,61.09,99,0,59.61,101.30,24.00,560.00,0,0,0
2023-09-09T19:51:02Z,28.00,60.33,99,0,64.78,101.30,22.00,546.00,null,null,null
2023-09-09T19:52:02Z,28.03,60.15,99,0,60.30,101.30,24.00,560.00,null,null,null
2023-09-09T19:53:02Z,28.03,60.20,99,0,57.21,101.30,25.00,565.00,null,null,null
2023-09-09T19:54:02Z,28.03,60.41,99,0,64.53,101.30,25.00,565.00,null,null,null
2023-09-09T19:55:02Z,27.99,60.51,99,0,64.88,101.30,24.00,560.00,0,0,0
2023-09-09T19:56:02Z,27.99,60.72,99,0,62.02,101.31,24.00,560.00,null,null,null
2023-09-09T19:57:02Z,28.00,62.01,99,0,62.93,101.31,24.00,560.00,null,null,null
2023-09-09T19:58:02Z,27.97,61.04,99,0,63.16,101.31,21.00,542.00,null,null,null
2023-09-09T19:59:02Z,27.97,61.56,99,0,58.43,101.31,23.00,552.00,null,null,null
2023-09-09T20:00:02Z,27.97,60.75,99,0,62.08,101.31,21.00,540.00,0,0,0
2023-09-09T20:01:02Z,27.97,60.56,99,0,63.37,101.31,22.00,546.00,null,null,null
2023-09-09T20:02:02Z,27.97,60.50,99,0,64.10,101.31,23.00,552.00,null,null,null
2023-09-09T20:03:02Z,27.94,60.65,99,0,62.80,101.31,23.00,552.00,null,null,null
2023-09-09T20:04:02Z,27.97,60.97,99,0,61.41,101.31,24.00,560.00,null,null,null
2023-09-09T20:05:02Z,27.96,60.58,99,0,65.01,101.32,22.00,546.00,0,0,0
2023-09-09T20:06:02Z,27.96,60.58,99,0,59.43,101.32,23.00,552.00,null,null,null
2023-09-09T20:07:02Z,27.96,60.89,99,0,62.37,101.32,23.00,552.00,null,null,null
2023-09-09T20:08:02Z,27.96,60.81,99,0,61.31,101.32,22.00,546.00,null,null,null
2023-09-09T20:09:02Z,27.94,60.53,99,0,63.44,101.32,22.00,546.00,null,null,null
2023-09-09T20:10:02Z,27.93,61.00,99,0,63.47,101.32,23.00,552.00,0,0,0
2023-09-09T20:11:02Z,27.93,60.58,99,0,62.94,101.32,22.00,546.00,null,null,null
2023-09-09T20:12:02Z,27.96,61.30,99,0,58.53,101.32,22.00,546.00,null,null,null
2023-09-09T20:13:02Z,27.94,60.63,99,0,63.12,101.32,20.00,534.00,null,null,null
2023-09-09T20:14:02Z,27.93,60.58,99,0,60.19,101.32,22.00,546.00,null,null,null
2023-09-09T20:15:02Z,27.93,60.76,99,0,58.42,101.33,22.00,546.00,0,0,0
2023-09-09T20:16:02Z,27.93,60.70,99,0,64.55,101.33,20.00,534.00,null,null,null
2023-09-09T20:17:02Z,27.94,60.65,99,0,58.22,101.33,22.00,546.00,null,null,null
2023-09-09T20:18:02Z,27.92,60.65,99,0,62.61,101.33,21.00,540.00,null,null,null
2023-09-09T20:19:02Z,27.94,60.81,99,0,62.87,101.32,21.00,540.00,null,null,null
2023-09-09T20:20:02Z,27.89,60.81,99,0,62.54,101.33,20.00,534.00,0,0,0
2023-09-09T20:21:02Z,27.92,61.02,99,0,62.18,101.33,20.00,534.00,null,null,null
2023-09-09T20:22:02Z,27.92,60.80,99,0,67.18,101.33,20.00,534.00,null,null,null
2023-09-09T20:23:02Z,27.92,60.66,99,0,61.31,101.33,20.00,534.00,null,null,null
2023-09-09T20:24:02Z,27.90,60.84,99,0,64.85,101.33,21.00,540.00,null,null,null
2023-09-09T20:25:02Z,27.90,61.03,99,0,65.10,101.33,20.00,534.00,0,0,0
2023-09-09T20:26:02Z,27.89,60.97,99,0,57.70,101.33,20.00,534.00,null,null,null
2023-09-09T20:27:02Z,27.90,60.88,99,0,60.32,101.33,19.00,529.00,null,null,null
2023-09-09T20:28:02Z,27.89,60.94,99,0,64.22,101.33,20.00,534.00,null,null,null
2023-09-09T20:29:02Z,27.88,60.57,99,0,57.92,101.33,19.00,529.00,null,null,null
2023-09-09T20:30:02Z,27.89,60.89,99,0,58.51,101.33,20.00,534.00,0,0,0
2023-09-09T20:31:02Z,27.88,60.64,99,0,59.01,101.33,20.00,534.00,null,null,null
2023-09-09T20:32:02Z,27.89,60.73,99,0,64.98,101.32,20.00,534.00,null,null,null
2023-09-09T20:33:02Z,27.88,60.91,99,0,59.37,101.32,20.00,534.00,null,null,null
2023-09-09T20:34:02Z,27.89,61.02,99,0,60.40,101.32,20.00,534.00,null,null,null
2023-09-09T20:35:02Z,27.88,60.88,99,0,61.60,101.32,19.00,529.00,0,0,0
2023-09-09T20:36:02Z,27.88,61.32,99,0,64.53,101.32,20.00,534.00,null,null,null
2023-09-09T20:37:02Z,27.88,61.08,99,0,61.87,101.32,18.00,523.00,null,null,null
2023-09-09T20:38:02Z,27.85,60.73,99,0,64.25,101.32,20.00,534.00,null,null,null
2023-09-09T20:39:02Z,27.83,60.68,99,0,65.41,101.32,21.00,540.00,null,null,null
2023-09-09T20:40:02Z,27.86,60.77,99,0,60.54,101.32,21.00,540.00,0,0,0
2023-09-09T20:41:02Z,27.88,60.75,99,0,61.24,101.31,18.00,523.00,null,null,null
2023-09-09T20:42:02Z,27.88,60.69,99,0,61.69,101.31,20.00,534.00,null,null,null
2023-09-09T20:43:02Z,27.88,60.82,99,0,56.41,101.32,22.00,546.00,null,null,null
2023-09-09T20:44:02Z,27.85,60.89,99,0,59.69,101.31,20.00,534.00,null,null,null
2023-09-09T20:45:02Z,27.83,60.84,99,0,58.25,101.32,20.00,534.00,0,0,0
2023-09-09T20:46:02Z,27.86,60.88,99,0,66.21,101.32,18.00,523.00,null,null,null
2023-09-09T20:47:02Z,27.86,60.75,99,0,61.39,101.32,19.00,529.00,null,null,null
2023-09-09T20:48:02Z,27.85,60.78,99,0,64.78,101.32,20.00,534.00,null,null,null
2023-09-09T20:49:02Z,27.88,60.86,99,0,65.90,101.32,20.00,534.00,null,null,null
2023-09-09T20:50:02Z,27.85,60.84,99,0,65.50,101.32,21.00,540.00,0,0,0
2023-09-09T20:51:02Z,27.85,60.85,99,0,61.29,101.32,20.00,534.00,null,null,null
2023-09-09T20:52:02Z,27.85,60.76,99,0,65.61,101.32,21.00,540.00,null,null,null
2023-09-09T20:53:02Z,27.86,60.95,99,0,64.16,101.32,21.00,540.00,null,null,null
2023-09-09T20:54:02Z,27.86,60.78,99,0,57.95,101.32,21.00,540.00,null,null,null
2023-09-09T20:55:02Z,27.86,60.73,99,0,62.41,101.32,21.00,540.00,0,0,0
2023-09-09T20:56:02Z,27.83,60.80,99,0,64.38,101.32,22.00,546.00,null,null,null
2023-09-09T20:57:02Z,27.85,60.81,99,0,58.07,101.31,20.00,534.00,null,null,null
2023-09-09T20:58:02Z,27.83,60.71,99,0,60.53,101.31,21.00,540.00,null,null,null
2023-09-09T20:59:02Z,27.83,60.82,99,0,57.80,101.31,21.00,540.00,null,null,null
2023-09-09T21:00:02Z,27.85,60.90,99,0,66.57,101.31,21.00,540.00,0,0,0
2023-09-09T21:01:02Z,27.88,60.70,99,0,63.51,101.31,21.00,540.00,null,null,null
2023-09-09T21:02:02Z,27.83,60.75,99,0,62.41,101.31,23.00,552.00,null,null,null
2023-09-09T21:03:02Z,27.85,60.81,99,0,60.21,101.30,23.00,552.00,null,null,null
2023-09-09T21:04:02Z,27.83,60.90,99,0,66.83,101.31,23.00,552.00,null,null,null
2023-09-09T21:05:02Z,27.83,60.98,99,0,62.48,101.30,23.00,552.00,0,0,0
2023-09-09T21:06:02Z,27.83,60.94,99,0,64.30,101.30,23.00,552.00,null,null,null
2023-09-09T21:07:02Z,27.86,60.97,99,0,66.11,101.30,22.00,546.00,null,null,null
2023-09-09T21:08:02Z,27.82,61.00,99,0,59.81,101.30,23.00,552.00,null,null,null
2023-09-09T21:09:02Z,27.80,61.00,99,0,59.67,101.30,23.00,552.00,null,null,null
2023-09-09T21:10:02Z,27.80,60.90,99,0,65.00,101.30,23.00,552.00,0,0,0
2023-09-09T21:11:02Z,27.80,61.04,99,0,59.17,101.30,23.00,552.00,null,null,null
2023-09-09T21:12:02Z,27.83,61.25,99,0,63.75,101.30,23.00,552.00,null,null,null
2023-09-09T21:13:02Z,27.80,61.00,99,0,58.68,101.30,22.00,546.00,null,null,null
2023-09-09T21:14:02Z,27.80,61.00,99,0,62.21,101.31,23.00,556.00,null,null,null
2023-09-09T21:15:02Z,27.82,61.23,99,0,61.23,101.31,23.00,552.00,0,0,0
2023-09-09T21:16:02Z,27.83,61.11,99,0,58.96,101.31,23.00,556.00,null,null,null
2023-09-09T21:17:02Z,27.82,60.99,99,0,62.65,101.31,25.00,566.00,null,null,null
2023-09-09T21:18:02Z,27.79,61.10,99,0,60.65,101.31,25.00,566.00,null,null,null
2023-09-09T21:19:02Z,27.79,61.07,99,0,63.29,101.31,25.00,570.00,null,null,null
2023-09-09T21:20:02Z,27.79,61.31,99,0,63.14,101.31,25.00,566.00,0,0,0
2023-09-09T21:21:02Z,27.80,61.18,99,0,63.76,101.31,24.00,560.00,null,null,null
2023-09-09T21:22:02Z,27.82,61.10,99,0,60.35,101.31,25.00,570.00,null,null,null
2023-09-09T21:23:02Z,27.80,61.30,99,0,59.53,101.31,25.00,566.00,null,null,null
2023-09-09T21:24:02Z,27.79,61.16,99,0,62.91,101.31,24.00,560.00,null,null,null
2023-09-09T21:25:02Z,27.79,61.37,99,0,61.55,101.31,25.00,570.00,0,0,0
2023-09-09T21:26:02Z,27.80,61.22,99,0,66.60,101.31,24.00,560.00,null,null,null
2023-09-09T21:27:02Z,27.80,61.31,99,0,64.97,101.31,25.00,570.00,null,null,null
2023-09-09T21:28:02Z,27.79,61.31,99,0,62.70,101.31,24.00,560.00,null,null,null
2023-09-09T21:29:02Z,27.76,61.42,99,0,62.09,101.31,25.00,570.00,null,null,null
2023-09-09T21:30:02Z,27.77,61.28,99,0,60.97,101.31,25.00,565.00,0,0,0
2023-09-09T21:31:02Z,27.79,61.37,99,0,65.36,101.32,25.00,570.00,null,null,null
2023-09-09T21:32:02Z,27.79,61.40,99,0,62.21,101.31,25.00,565.00,null,null,null
2023-09-09T21:33:02Z,27.80,61.43,99,0,61.86,101.31,25.00,570.00,null,null,null
2023-09-09T21:34:02Z,27.76,61.57,99,0,60.59,101.31,25.00,570.00,null,null,null
2023-09-09T21:35:02Z,27.79,61.68,99,0,60.05,101.31,25.00,570.00,0,0,0
2023-09-09T21:36:02Z,27.77,61.72,99,0,60.90,101.31,25.00,565.00,null,null,null
2023-09-09T21:37:02Z,27.77,61.43,99,0,63.29,101.31,25.00,565.00,null,null,null
2023-09-09T21:38:02Z,27.76,61.62,99,0,59.65,101.30,25.00,570.00,null,null,null
2023-09-09T21:39:02Z,27.76,61.67,99,0,59.54,101.31,25.00,570.00,null,null,null
2023-09-09T21:40:02Z,27.76,61.68,99,0,64.83,101.31,25.00,570.00,0,0,0
2023-09-09T21:41:02Z,27.77,61.67,99,0,62.99,101.31,26.00,577.00,null,null,null
2023-09-09T21:42:02Z,27.76,61.69,99,0,58.73,101.30,26.00,577.00,null,null,null
2023-09-09T21:43:02Z,27.77,61.96,99,0,64.23,101.31,28.00,584.00,null,null,null
2023-09-09T21:44:02Z,27.73,61.79,99,0,63.56,101.30,26.00,572.00,null,null,null
2023-09-09T21:45:02Z,27.74,62.37,99,0,67.44,101.30,28.00,589.00,0,0,0
2023-09-09T21:46:02Z,27.74,61.88,99,0,68.22,101.30,29.00,592.00,null,null,null
2023-09-09T21:47:02Z,27.76,61.83,99,0,59.15,101.30,30.00,602.00,null,null,null
2023-09-09T21:48:02Z,27.76,62.00,99,0,60.25,101.30,27.00,578.00,null,null,null
2023-09-09T21:49:02Z,27.76,62.07,99,0,54.78,101.30,27.00,578.00,null,null,null
2023-09-09T21:50:02Z,27.74,62.03,99,0,57.76,101.30,27.00,578.00,0,0,0
2023-09-09T21:51:02Z,27.73,62.06,99,0,58.26,101.30,30.00,602.00,null,null,null
2023-09-09T21:52:02Z,27.74,62.07,99,0,58.28,101.31,30.00,602.00,null,null,null
2023-09-09T21:53:02Z,27.74,62.05,99,0,65.57,101.30,32.00,611.00,null,null,null
2023-09-09T21:54:02Z,27.76,62.26,99,0,61.19,101.30,32.00,611.00,null,null,null
2023-09-09T21:55:02Z,27.74,62.10,99,0,62.04,101.30,27.00,580.00,0,0,0
2023-09-09T21:56:02Z,27.76,62.38,99,0,60.25,101.30,30.00,597.00,null,null,null
2023-09-09T21:57:02Z,27.73,62.22,99,0,59.15,101.29,27.00,580.00,null,null,null
2023-09-09T21:58:02Z,27.74,62.37,99,0,62.80,101.30,32.00,611.00,null,null,null
2023-09-09T21:59:02Z,27.74,62.31,99,0,64.57,101.29,30.00,603.00,null,null,null
2023-09-09T22:00:02Z,27.73,62.48,99,0,67.50,101.30,30.00,603.00,0,0,0
2023-09-09T22:01:02Z,27.72,62.40,99,0,59.05,101.29,30.00,597.00,null,null,null
2023-09-09T22:02:02Z,27.73,62.55,99,0,62.15,101.29,30.00,603.00,null,null,null
2023-09-09T22:03:02Z,27.73,62.25,99,0,63.42,101.29,30.00,603.00,null,null,null
2023-09-09T22:04:02Z,27.76,62.38,99,0,55.99,101.29,32.00,612.00,null,null,null
2023-09-09T22:05:02Z,27.72,62.54,99,0,59.91,101.29,29.00,594.00,0,0,0
2023-09-09T22:06:02Z,27.74,62.52,99,0,61.10,101.29,30.00,603.00,null,null,null
2023-09-09T22:07:02Z,27.74,62.41,99,0,63.14,101.30,32.00,612.00,null,null,null
2023-09-09T22:08:02Z,27.72,62.52,99,0,60.34,101.30,32.00,612.00,null,null,null
2023-09-09T22:09:02Z,27.73,62.70,99,0,58.61,101.30,32.00,612.00,null,null,null
2023-09-09T22:10:02Z,27.70,62.48,99,0,62.03,101.29,32.00,612.00,0,0,0
2023-09-09T22:11:02Z,27.73,62.62,99,0,54.76,101.29,32.00,612.00,null,null,null
2023-09-09T22:12:02Z,27.72,62.47,99,0,57.02,101.29,33.00,618.00,null,null,null
2023-09-09T22:13:02Z,27.73,62.45,99,0,61.08,101.30,33.00,618.00,null,null,null
2023-09-09T22:14:02Z,27.70,62.50,99,0,66.21,101.29,34.00,626.00,null,null,null
2023-09-09T22:15:02Z,27.70,62.78,99,0,60.84,101.29,33.00,618.00,0,0,0
2023-09-09T22:16:02Z,27.72,62.71,99,0,59.76,101.29,30.00,603.00,null,null,null
2023-09-09T22:17:02Z,27.72,62.68,99,0,57.14,101.29,32.00,612.00,null,null,null
2023-09-09T22:18:02Z,27.70,62.63,99,0,61.02,101.29,33.00,618.00,null,null,null
2023-09-09T22:19:02Z,27.72,62.69,99,0,60.86,101.30,33.00,618.00,null,null,null
2023-09-09T22:20:02Z,27.73,62.80,99,0,59.94,101.30,34.00,626.00,0,0,0
2023-09-09T22:21:02Z,27.70,62.86,99,0,65.17,101.30,33.00,618.00,null,null,null
2023-09-09T22:22:02Z,27.70,62.77,99,0,60.15,101.30,33.00,618.00,null,null,null
2023-09-09T22:23:02Z,27.73,62.67,99,0,56.73,101.30,33.00,618.00,null,null,null
2023-09-09T22:24:02Z,27.72,62.76,99,0,58.82,101.30,34.00,626.00,null,null,null
2023-09-09T22:25:02Z,27.72,62.79,99,0,61.84,101.30,33.00,618.00,0,0,0
2023-09-09T22:26:02Z,27.69,62.97,99,0,57.25,101.30,33.00,618.00,null,null,null
2023-09-09T22:27:02Z,27.70,62.78,99,0,58.01,101.30,33.00,618.00,null,null,null
2023-09-09T22:28:02Z,27.70,62.82,99,0,68.86,101.30,33.00,618.00,null,null,null
2023-09-09T22:29:02Z,27.69,62.81,99,0,61.69,101.30,33.00,618.00,null,null,null
2023-09-09T22:30:02Z,27.70,62.96,99,0,67.51,101.29,34.00,626.00,0,0,0
2023-09-09T22:31:02Z,27.70,62.98,99,0,53.68,101.29,34.00,626.00,null,null,null
2023-09-09T22:32:02Z,27.72,63.16,99,0,63.30,101.30,34.00,626.00,null,null,null
2023-09-09T22:33:02Z,27.68,63.00,99,0,60.91,101.30,34.00,626.00,null,null,null
2023-09-09T22:34:02Z,27.68,62.83,99,0,58.94,101.30,34.00,626.00,null,null,null
2023-09-09T22:35:02Z,27.66,63.04,99,0,69.30,101.30,35.00,633.00,0,0,0
2023-09-09T22:36:02Z,27.68,62.99,99,0,59.01,101.30,35.00,633.00,null,null,null
2023-09-09T22:37:02Z,27.70,62.96,99,0,62.36,101.31,35.00,633.00,null,null,null
2023-09-09T22:38:02Z,27.68,63.10,99,0,61.88,101.30,36.00,640.00,null,null,null
2023-09-09T22:39:02Z,27.68,62.91,99,0,58.09,101.30,36.00,640.00,null,null,null
2023-09-09T22:40:02Z,27.68,63.05,99,0,58.56,101.30,36.00,640.00,0,0,0
2023-09-09T22:41:02Z,27.66,63.06,99,0,63.10,101.30,37.00,646.00,null,null,null
2023-09-09T22:42:02Z,27.68,63.10,99,0,64.72,101.30,37.00,646.00,null,null,null
2023-09-09T22:43:02Z,27.68,62.97,99,0,59.86,101.30,38.00,653.00,null,null,null
2023-09-09T22:44:02Z,27.66,63.30,99,0,60.77,101.30,39.00,660.00,null,null,null
2023-09-09T22:45:02Z,27.65,63.32,99,0,69.38,101.30,37.00,646.00,0,0,0
2023-09-09T22:46:02Z,27.66,63.30,99,0,64.67,101.30,37.00,646.00,null,null,null
2023-09-09T22:47:02Z,27.66,63.04,99,0,58.10,101.30,38.00,653.00,null,null,null
2023-09-09T22:48:02Z,27.68,63.39,99,0,57.20,101.30,39.00,660.00,null,null,null
2023-09-09T22:49:02Z,27.65,63.59,99,0,58.84,101.30,38.00,653.00,null,null,null
2023-09-09T22:50:02Z,27.65,63.21,99,0,56.10,101.31,38.00,653.00,0,0,0
2023-09-09T22:51:02Z,27.65,63.45,99,0,64.92,101.31,39.00,660.00,null,null,null
2023-09-09T22:52:02Z,27.66,63.40,99,0,56.51,101.31,39.00,660.00,null,null,null
2023-09-09T22:53:02Z,27.66,63.38,99,0,62.85,101.31,39.00,660.00,null,null,null
2023-09-09T22:54:02Z,27.66,63.38,99,0,61.85,101.31,39.00,660.00,null,null,null
2023-09-09T22:55:02Z,27.63,63.52,99,0,61.05,101.31,41.00,671.00,0,0,0
2023-09-09T22:56:02Z,27.65,63.51,99,0,61.90,101.31,41.00,671.00,null,null,null
2023-09-09T22:57:02Z,27.66,63.43,99,0,61.64,101.31,41.00,671.00,null,null,null
2023-09-09T22:58:02Z,27.66,63.39,99,0,62.82,101.31,41.00,671.00,null,null,null
2023-09-09T22:59:02Z,27.65,63.50,99,0,61.63,101.31,41.00,671.00,null,null,null
2023-09-09T23:00:02Z,27.65,63.42,99,0,59.96,101.31,42.00,678.00,0,0,0
2023-09-09T23:01:02Z,27.63,63.48,99,0,63.20,101.31,42.00,678.00,null,null,null
2023-09-09T23:02:02Z,27.65,63.49,99,0,67.60,101.31,42.00,678.00,null,null,null
2023-09-09T23:03:02Z,27.63,63.65,99,0,62.55,101.31,42.00,678.00,null,null,null
2023-09-09T23:04:02Z,27.63,63.41,99,0,57.14,101.31,42.00,678.00,null,null,null
2023-09-09T23:05:02Z,27.63,63.47,99,0,60.94,101.31,42.00,678.00,0,0,0
2023-09-09T23:06:02Z,27.65,63.27,99,0,56.60,101.31,43.00,686.00,null,null,null
2023-09-09T23:07:02Z,27.65,63.40,99,0,61.81,101.31,43.00,686.00,null,null,null
2023-09-09T23:08:02Z,27.62,63.49,99,0,58.06,101.31,43.00,686.00,null,null,null
2023-09-09T23:09:02Z,27.61,63.31,99,0,66.84,101.31,44.00,694.00,null,null,null
2023-09-09T23:10:02Z,27.59,63.48,99,0,65.12,101.31,43.00,686.00,0,0,0
2023-09-09T23:11:02Z,27.61,63.38,99,0,60.47,101.31,44.00,694.00,null,null,null
2023-09-09T23:12:02Z,27.62,63.26,99,0,63.78,101.31,44.00,694.00,null,null,null
2023-09-09T23:13:02Z,27.62,63.48,99,0,62.75,101.31,44.00,694.00,null,null,null
2023-09-09T23:14:02Z,27.61,63.42,99,0,61.57,101.31,44.00,694.00,null,null,null
2023-09-09T23:15:02Z,27.62,63.25,99,0,68.51,101.31,44.00,694.00,0,0,0
2023-09-09T23:16:02Z,27.61,63.29,99,0,63.77,101.31,43.00,686.00,null,null,null
2023-09-09T23:17:02Z,27.61,63.33,99,0,61.09,101.31,44.00,694.00,null,null,null
2023-09-09T23:18:02Z,27.62,63.22,99,0,57.12,101.31,44.00,694.00,null,null,null
2023-09-09T23:19:02Z,27.58,63.33,99,0,67.60,101.31,46.00,702.00,null,null,null
2023-09-09T23:20:02Z,27.58,63.24,99,0,63.90,101.31,44.00,694.00,0,0,0
2023-09-09T23:21:02Z,27.62,63.06,99,0,58.22,101.31,44.00,694.00,null,null,null
2023-09-09T23:22:02Z,27.59,63.11,99,0,61.83,101.30,46.00,702.00,null,null,null
2023-09-09T23:23:02Z,27.59,63.12,99,0,60.79,101.31,46.00,702.00,null,null,null
2023-09-09T23:24:02Z,27.59,63.10,99,0,58.28,101.31,46.00,702.00,null,null,null
2023-09-09T23:25:02Z,27.55,63.08,99,0,62.42,101.30,47.00,710.00,0,0,0
2023-09-09T23:26:02Z,27.58,63.07,99,0,60.90,101.31,44.00,694.00,null,null,null
2023-09-09T23:27:02Z,27.58,63.08,99,0,59.48,101.30,47.00,710.00,null,null,null
2023-09-09T23:28:02Z,27.59,63.05,99,0,64.51,101.31,47.00,710.00,null,null,null
2023-09-09T23:29:02Z,27.58,63.00,99,0,63.03,101.31,47.00,710.00,null,null,null
2023-09-09T23:30:02Z,27.56,62.99,99,0,66.53,101.31,47.00,710.00,0,0,0
2023-09-09T23:31:02Z,27.58,62.97,99,0,56.00,101.31,47.00,710.00,null,null,null
2023-09-09T23:32:02Z,27.59,63.08,99,0,60.53,101.31,47.00,710.00,null,null,null
2023-09-09T23:33:02Z,27.58,62.99,99,0,65.26,101.31,47.00,710.00,null,null,null
2023-09-09T23:34:02Z,27.56,63.08,99,0,60.50,101.31,47.00,710.00,null,null,null
2023-09-09T23:35:02Z,27.58,62.94,99,0,60.76,101.31,47.00,710.00,0,0,0
2023-09-09T23:36:02Z,27.55,63.02,99,0,64.50,101.31,47.00,710.00,null,null,null
2023-09-09T23:37:02Z,27.55,63.04,99,0,63.87,101.31,48.00,717.00,null,null,null
2023-09-09T23:38:02Z,27.56,63.04,99,0,61.73,101.31,47.00,710.00,null,null,null
2023-09-09T23:39:02Z,27.55,62.96,99,0,66.29,101.31,47.00,710.00,null,null,null
2023-09-09T23:40:02Z,27.53,63.02,99,0,60.50,101.31,48.00,717.00,0,0,0
2023-09-09T23:41:02Z,27.56,62.95,99,0,63.50,101.31,48.00,717.00,null,null,null
2023-09-09T23:42:02Z,27.55,63.00,99,0,60.91,101.31,48.00,717.00,null,null,null
2023-09-09T23:43:02Z,27.55,62.97,99,0,63.90,101.31,48.00,717.00,null,null,null
2023-09-09T23:44:02Z,27.55,62.91,99,0,58.69,101.31,48.00,717.00,null,null,null
2023-09-09T23:45:02Z,27.53,62.98,99,0,57.85,101.31,48.00,717.00,0,0,0
2023-09-09T23:46:02Z,27.58,63.15,99,0,61.42,101.31,48.00,717.00,null,null,null
2023-09-09T23:47:02Z,27.55,63.08,99,0,56.99,101.31,47.00,710.00,null,null,null
2023-09-09T23:48:02Z,27.52,63.12,99,0,61.50,101.31,47.00,710.00,null,null,null
2023-09-09T23:49:02Z,27.53,63.03,99,0,62.49,101.31,47.00,710.00,null,null,null
2023-09-09T23:50:02Z,27.52,63.17,99,0,61.77,101.31,47.00,710.00,0,0,0
2023-09-09T23:51:02Z,27.52,63.07,99,0,58.77,101.31,47.00,710.00,null,null,null
2023-09-09T23:52:02Z,27.53,63.17,99,0,68.03,101.31,47.00,710.00,null,null,null
2023-09-09T23:53:02Z,27.51,63.10,99,0,60.69,101.31,46.00,702.00,null,null,null
2023-09-09T23:54:02Z,27.52,63.24,99,0,58.02,101.31,47.00,710.00,null,null,null
2023-09-09T23:55:02Z,27.49,63.22,99,0,59.94,101.31,46.00,702.00,0,0,0
2023-09-09T23:56:02Z,27.51,63.24,99,0,59.37,101.31,46.00,702.00,null,null,null
2023-09-09T23:57:02Z,27.49,63.18,99,0,65.56,101.31,46.00,702.00,null,null,null
2023-09-09T23:58:02Z,27.48,63.23,99,0,61.80,101.30,44.00,694.00,null,null,null
2023-09-09T23:59:02Z,27.49,63.07,99,0,60.95,101.30,44.00,694.00,null,null,null
