TIME,TEMP,HUM,BATT,LIGHT,NOISE_A,PRESS,CCS811_VOCS,CCS811_ECO2,PM_1,PM_25,PM_10
ISO 8601,C,%,%,Lux,dBA,kPa,ppb,ppm,ug/m3,ug/m3,ug/m3
Time,Temperature,Humidity,Battery,Light,Noise dBA,Barometric pressure,VOC Gas CCS811,eCO2 Gas CCS811,PM 1.0,PM 2.5,PM 10.0
,55,56,10,14,53,58,113,112,89,87,88
2023-08-21T00:00:02Z,26.48,70.95,99,0,32.66,102.37,78.00,918.00,0,0,0
2023-08-21T00:01:02Z,26.48,70.93,99,0,33.77,102.37,78.00,918.00,null,null,null
2023-08-21T00:02:02Z,26.45,70.93,99,0,34.38,102.38,77.00,907.00,null,null,null
2023-08-21T00:03:02Z,26.45,70.90,99,0,33.76,102.38,77.00,907.00,null,null,null
2023-08-21T00:04:02Z,26.47,70.93,99,0,31.60,102.38,75.00,897.00,null,null,null
2023-08-21T00:05:02Z,26.45,70.92,99,0,31.45,102.38,75.00,897.00,0,0,0
2023-08-21T00:06:02Z,26.47,70.85,99,0,32.39,102.38,75.00,897.00,null,null,null
2023-08-21T00:07:02Z,26.48,70.85,99,0,30.99,102.38,73.00,882.00,null,null,null
2023-08-21T00:08:02Z,26.50,70.87,99,0,31.41,102.38,73.00,882.00,null,null,null
2023-08-21T00:09:02Z,26.47,70.83,99,0,30.91,102.38,71.00,870.00,null,null,null
2023-08-21T00:10:02Z,26.45,70.90,99,0,30.97,102.38,69.00,857.00,0,0,0
2023-08-21T00:11:02Z,26.48,70.90,99,0,33.51,102.38,68.00,848.00,null,null,null
2023-08-21T00:12:02Z,26.45,70.86,99,0,31.70,102.38,69.00,857.00,null,null,null
2023-08-21T00:13:02Z,26.47,70.87,99,0,30.91,102.38,68.00,848.00,null,null,null
2023-08-21T00:14:02Z,26.45,70.88,99,0,33.83,102.38,68.00,848.00,null,null,null
2023-08-21T00:15:02Z,26.44,70.84,99,0,32.91,102.38,68.00,848.00,0,0,0
2023-08-21T00:16:02Z,26.45,70.85,99,0,31.83,102.38,66.00,836.00,null,null,null
2023-08-21T00:17:02Z,26.45,70.82,99,0,33.30,102.38,65.00,827.00,null,null,null
2023-08-21T00:18:02Z,26.45,70.87,99,0,30.51,102.38,65.00,827.00,null,null,null
2023-08-21T00:19:02Z,26.45,70.88,99,0,31.71,102.37,65.00,827.00,null,null,null
2023-08-21T00:20:02Z,26.44,70.87,99,0,31.38,102.37,62.00,813.00,0,0,0
2023-08-21T00:21:02Z,26.44,70.84,99,0,32.19,102.37,61.00,802.00,null,null,null
2023-08-21T00:22:02Z,26.47,70.81,99,0,30.56,102.37,61.00,802.00,null,null,null
2023-08-21T00:23:02Z,26.44,70.83,99,0,32.92,102.37,61.00,802.00,null,null,null
2023-08-21T00:24:02Z,26.45,70.89,99,0,33.76,102.37,61.00,802.00,null,null,null
2023-08-21T00:25:02Z,26.44,70.92,99,0,30.10,102.37,61.00,802.00,0,0,0
2023-08-21T00:26:02Z,26.44,70.90,99,0,33.38,102.37,61.00,802.00,null,null,null
2023-08-21T00:27:02Z,26.45,70.90,99,0,32.59,102.37,59.00,793.00,null,null,null
2023-08-21T00:28:02Z,26.44,70.90,99,0,29.98,102.37,96.00,1035.00,null,null,null
2023-08-21T00:29:02Z,26.43,70.88,99,0,32.91,102.37,114.00,1153.00,null,null,null
2023-08-21T00:30:02Z,26.45,70.94,99,0,32.19,102.37,125.00,1224.00,0,0,0
2023-08-21T00:31:02Z,26.43,70.90,99,0,32.36,102.37,134.00,1281.00,null,null,null
2023-08-21T00:32:02Z,26.44,70.89,99,0,32.51,102.37,134.00,1281.00,null,null,null
2023-08-21T00:33:02Z,26.43,70.90,99,0,32.05,102.37,139.00,1316.00,null,null,null
2023-08-21T00:34:02Z,26.41,70.91,99,0,48.90,102.37,136.00,1295.00,null,null,null
2023-08-21T00:35:02Z,26.43,70.95,99,0,31.16,102.37,136.00,1295.00,0,0,0
2023-08-21T00:36:02Z,26.43,70.91,99,0,32.13,102.37,136.00,1295.00,null,null,null
2023-08-21T00:37:02Z,26.44,70.93,99,0,31.67,102.37,134.00,1281.00,null,null,null
2023-08-21T00:38:02Z,26.43,70.93,99,0,32.47,102.37,134.00,1281.00,null,null,null
2023-08-21T00:39:02Z,26.41,70.93,99,0,32.73,102.38,131.00,1262.00,null,null,null
2023-08-21T00:40:02Z,26.43,71.01,99,0,33.86,102.38,128.00,1245.00,0,0,0
2023-08-21T00:41:02Z,26.43,70.97,99,0,29.79,102.37,125.00,1224.00,null,null,null
2023-08-21T00:42:02Z,26.43,71.01,99,0,33.20,102.37,122.00,1204.00,null,null,null
2023-08-21T00:43:02Z,26.43,70.96,99,0,32.12,102.37,122.00,1204.00,null,null,null
2023-08-21T00:44:02Z,26.40,70.97,99,0,31.55,102.37,120.00,1191.00,null,null,null
2023-08-21T00:45:02Z,26.39,71.01,99,0,30.06,102.37,114.00,1153.00,0,0,0
2023-08-21T00:46:02Z,26.43,71.05,99,0,31.31,102.37,114.00,1153.00,null,null,null
2023-08-21T00:47:02Z,26.40,71.06,99,0,32.62,102.37,112.00,1137.00,null,null,null
2023-08-21T00:48:02Z,26.40,71.02,99,0,30.50,102.37,110.00,1125.00,null,null,null
2023-08-21T00:49:02Z,26.41,71.07,99,0,31.20,102.37,110.00,1125.00,null,null,null
2023-08-21T00:50:02Z,26.40,71.12,99,0,32.78,102.37,107.00,1107.00,0,0,0
2023-08-21T00:51:02Z,26.41,71.17,99,0,30.73,102.37,105.00,1090.00,null,null,null
2023-08-21T00:52:02Z,26.40,71.18,99,0,31.51,102.37,105.00,1090.00,null,null,null
2023-08-21T00:53:02Z,26.41,71.12,99,0,30.91,102.37,103.00,1077.00,null,null,null
2023-08-21T00:54:02Z,26.40,71.17,99,0,33.90,102.37,103.00,1077.00,null,null,null
2023-08-21T00:55:02Z,26.39,71.21,99,0,31.56,102.37,100.00,1062.00,0,0,0
2023-08-21T00:56:02Z,26.43,71.20,99,0,35.27,102.37,98.00,1047.00,null,null,null
2023-08-21T00:57:02Z,26.41,71.22,99,0,32.20,102.37,96.00,1035.00,null,null,null
2023-08-21T00:58:02Z,26.41,71.19,99,0,32.62,102.37,96.00,1035.00,null,null,null
2023-08-21T00:59:02Z,26.41,71.18,99,0,30.49,102.37,93.00,1012.00,null,null,null
2023-08-21T01:00:02Z,26.40,71.23,99,0,31.09,102.37,93.00,1012.00,0,0,0
2023-08-21T01:01:02Z,26.43,71.20,99,0,32.61,102.37,90.00,997.00,null,null,null
2023-08-21T01:02:02Z,26.41,71.19,99,0,32.94,102.37,90.00,997.00,null,null,null
2023-08-21T01:03:02Z,26.41,71.21,99,0,32.05,102.37,90.00,997.00,null,null,null
2023-08-21T01:04:02Z,26.41,71.23,99,0,34.16,102.37,89.00,987.00,null,null,null
2023-08-21T01:05:02Z,26.39,71.25,99,0,34.12,102.37,89.00,987.00,0,0,0
2023-08-21T01:06:02Z,26.39,71.22,99,0,33.14,102.37,83.00,945.00,null,null,null
2023-08-21T01:07:02Z,26.37,71.23,99,0,31.87,102.37,84.00,956.00,null,null,null
2023-08-21T01:08:02Z,26.41,71.23,99,0,33.10,102.37,84.00,956.00,null,null,null
2023-08-21T01:09:02Z,26.39,71.27,99,0,32.70,102.37,83.00,945.00,null,null,null
2023-08-21T01:10:02Z,26.37,71.22,99,0,32.82,102.37,81.00,933.00,0,0,0
2023-08-21T01:11:02Z,26.40,71.25,99,0,32.53,102.37,80.00,930.00,null,null,null
2023-08-21T01:12:02Z,26.37,71.19,99,0,31.51,102.37,79.00,920.00,null,null,null
2023-08-21T01:13:02Z,26.40,71.18,99,0,34.97,102.37,80.00,930.00,null,null,null
2023-08-21T01:14:02Z,26.39,71.26,99,0,36.29,102.37,77.00,907.00,null,null,null
2023-08-21T01:15:02Z,26.37,71.24,99,0,36.87,102.37,74.00,887.00,0,0,0
2023-08-21T01:16:02Z,26.37,71.18,99,0,31.49,102.37,75.00,897.00,null,null,null
2023-08-21T01:17:02Z,26.39,71.24,99,0,33.05,102.37,75.00,897.00,null,null,null
2023-08-21T01:18:02Z,26.36,71.27,99,0,32.09,102.37,75.00,897.00,null,null,null
2023-08-21T01:19:02Z,26.36,71.21,99,0,31.28,102.37,74.00,887.00,null,null,null
2023-08-21T01:20:02Z,26.36,71.26,99,0,32.90,102.37,73.00,882.00,0,0,0
2023-08-21T01:21:02Z,26.39,71.21,99,0,31.19,102.37,71.00,872.00,null,null,null
2023-08-21T01:22:02Z,26.39,71.24,99,0,28.89,102.37,73.00,882.00,null,null,null
2023-08-21T01:23:02Z,26.39,71.26,99,0,31.33,102.37,71.00,870.00,null,null,null
2023-08-21T01:24:02Z,26.37,71.25,99,0,32.70,102.37,69.00,857.00,null,null,null
2023-08-21T01:25:02Z,26.36,71.19,99,0,31.45,102.38,69.00,857.00,0,0,0
2023-08-21T01:26:02Z,26.36,71.23,99,0,30.46,102.38,69.00,857.00,null,null,null
2023-08-21T01:27:02Z,26.37,71.17,99,0,31.59,102.37,68.00,848.00,null,null,null
2023-08-21T01:28:02Z,26.37,71.17,99,0,30.95,102.37,68.00,848.00,null,null,null
2023-08-21T01:29:02Z,26.36,71.22,99,0,35.10,102.37,68.00,848.00,null,null,null
2023-08-21T01:30:02Z,26.36,71.20,99,0,30.20,102.37,66.00,836.00,0,0,0
2023-08-21T01:31:02Z,26.34,71.29,99,0,30.92,102.38,66.00,836.00,null,null,null
2023-08-21T01:32:02Z,26.34,71.22,99,0,34.03,102.38,63.00,817.00,null,null,null
2023-08-21T01:33:02Z,26.37,71.25,99,0,32.83,102.37,66.00,836.00,null,null,null
2023-08-21T01:34:02Z,26.36,71.21,99,0,32.29,102.38,63.00,817.00,null,null,null
2023-08-21T01:35:02Z,26.36,71.24,99,0,33.38,102.38,65.00,827.00,0,0,0
2023-08-21T01:36:02Z,26.37,71.22,99,0,31.96,102.38,65.00,827.00,null,null,null
2023-08-21T01:37:02Z,26.37,71.16,99,0,33.78,102.38,62.00,813.00,null,null,null
2023-08-21T01:38:02Z,26.36,71.22,99,0,35.54,102.38,61.00,802.00,null,null,null
2023-08-21T01:39:02Z,26.34,71.20,99,0,32.79,102.38,61.00,802.00,null,null,null
2023-08-21T01:40:02Z,26.34,71.20,99,0,34.07,102.37,61.00,802.00,0,0,0
2023-08-21T01:41:02Z,26.33,71.19,99,0,30.59,102.38,61.00,802.00,null,null,null
2023-08-21T01:42:02Z,26.34,71.21,99,0,31.85,102.38,61.00,802.00,null,null,null
2023-08-21T01:43:02Z,26.34,71.21,99,0,33.33,102.38,59.00,793.00,null,null,null
2023-08-21T01:44:02Z,26.34,71.22,99,0,32.24,102.38,59.00,793.00,null,null,null
2023-08-21T01:45:02Z,26.32,71.21,99,0,33.02,102.37,58.00,783.00,0,0,0
2023-08-21T01:46:02Z,26.33,71.25,99,0,32.75,102.37,58.00,783.00,null,null,null
2023-08-21T01:47:02Z,26.34,71.21,99,0,28.14,102.37,56.00,774.00,null,null,null
2023-08-21T01:48:02Z,26.32,71.17,99,0,30.52,102.37,56.00,774.00,null,null,null
2023-08-21T01:49:02Z,26.33,71.23,99,0,32.77,102.38,56.00,774.00,null,null,null
2023-08-21T01:50:02Z,26.33,71.21,99,0,32.12,102.37,56.00,774.00,0,0,0
2023-08-21T01:51:02Z,26.33,71.18,99,0,32.31,102.37,54.00,759.00,null,null,null
2023-08-21T01:52:02Z,26.32,71.17,99,0,34.53,102.37,54.00,759.00,null,null,null
2023-08-21T01:53:02Z,26.29,71.15,99,0,35.79,102.37,54.00,759.00,null,null,null
2023-08-21T01:54:02Z,26.33,71.20,99,0,34.87,102.37,53.00,749.00,null,null,null
2023-08-21T01:55:02Z,26.30,71.19,99,0,31.47,102.37,53.00,749.00,0,0,0
2023-08-21T01:56:02Z,26.33,71.17,99,0,32.12,102.37,52.00,742.00,null,null,null
2023-08-21T01:57:02Z,26.33,71.14,99,0,32.95,102.37,53.00,749.00,null,null,null
2023-08-21T01:58:02Z,26.34,71.20,99,0,32.70,102.37,52.00,742.00,null,null,null
2023-08-21T01:59:02Z,26.32,71.17,99,0,32.54,102.37,52.00,742.00,null,null,null
2023-08-21T02:00:02Z,26.30,71.21,99,0,33.11,102.37,52.00,742.00,0,0,0
2023-08-21T02:01:02Z,26.30,71.18,99,0,32.14,102.37,50.00,732.00,null,null,null
2023-08-21T02:02:02Z,26.29,71.17,99,0,30.85,102.37,52.00,742.00,null,null,null
2023-08-21T02:03:02Z,26.32,71.14,99,0,32.16,102.38,50.00,732.00,null,null,null
2023-08-21T02:04:02Z,26.30,71.21,99,0,29.47,102.37,50.00,732.00,null,null,null
2023-08-21T02:05:02Z,26.27,71.17,99,0,34.02,102.37,50.00,732.00,0,0,0
2023-08-21T02:06:02Z,26.26,71.16,99,0,32.95,102.38,48.00,719.00,null,null,null
2023-08-21T02:07:02Z,26.29,71.16,99,0,33.83,102.38,48.00,719.00,null,null,null
2023-08-21T02:08:02Z,26.29,71.18,99,0,32.29,102.38,47.00,712.00,null,null,null
2023-08-21T02:09:02Z,26.27,71.17,99,0,33.88,102.38,46.00,704.00,null,null,null
2023-08-21T02:10:02Z,26.27,71.17,99,0,32.18,102.38,46.00,704.00,0,0,0
2023-08-21T02:11:02Z,26.27,71.13,99,0,32.33,102.38,44.00,694.00,null,null,null
2023-08-21T02:12:02Z,26.30,71.10,99,0,30.63,102.38,46.00,704.00,null,null,null
2023-08-21T02:13:02Z,26.27,71.11,99,0,30.89,102.38,46.00,704.00,null,null,null
2023-08-21T02:14:02Z,26.29,71.10,99,0,34.01,102.38,44.00,694.00,null,null,null
2023-08-21T02:15:02Z,26.24,71.11,99,0,34.87,102.38,44.00,694.00,0,0,0
2023-08-21T02:16:02Z,26.27,71.11,99,0,31.79,102.38,45.00,697.00,null,null,null
2023-08-21T02:17:02Z,26.26,71.05,99,0,32.08,102.39,43.00,686.00,null,null,null
2023-08-21T02:18:02Z,26.26,71.07,99,0,29.51,102.38,43.00,686.00,null,null,null
2023-08-21T02:19:02Z,26.27,71.08,99,0,35.14,102.38,43.00,686.00,null,null,null
2023-08-21T02:20:02Z,26.24,71.09,99,0,34.92,102.38,43.00,686.00,0,0,0
2023-08-21T02:21:02Z,26.27,71.16,99,0,31.35,102.38,43.00,683.00,null,null,null
2023-08-21T02:22:02Z,26.27,71.14,99,0,32.73,102.38,42.00,678.00,null,null,null
2023-08-21T02:23:02Z,26.23,71.15,99,0,30.12,102.38,43.00,686.00,null,null,null
2023-08-21T02:24:02Z,26.24,71.15,99,0,30.78,102.38,41.00,675.00,null,null,null
2023-08-21T02:25:02Z,26.24,71.19,99,0,34.79,102.38,41.00,675.00,0,0,0
2023-08-21T02:26:02Z,26.23,71.16,99,0,31.10,102.38,41.00,675.00,null,null,null
2023-08-21T02:27:02Z,26.26,71.09,99,0,30.57,102.38,41.00,675.00,null,null,null
2023-08-21T02:28:02Z,26.23,71.14,99,0,37.18,102.38,42.00,678.00,null,null,null
2023-08-21T02:29:02Z,26.24,71.13,99,0,32.95,102.38,40.00,668.00,null,null,null
2023-08-21T02:30:02Z,26.23,71.17,99,0,32.91,102.38,40.00,668.00,0,0,0
2023-08-21T02:31:02Z,26.24,71.16,99,0,31.22,102.38,40.00,668.00,null,null,null
2023-08-21T02:32:02Z,26.26,71.14,99,0,32.77,102.38,40.00,668.00,null,null,null
2023-08-21T02:33:02Z,26.23,71.18,99,0,35.17,102.38,40.00,666.00,null,null,null
2023-08-21T02:34:02Z,26.23,71.19,99,0,32.26,102.38,39.00,660.00,null,null,null
2023-08-21T02:35:02Z,26.23,71.17,99,0,32.74,102.39,40.00,668.00,0,0,0
2023-08-21T02:36:02Z,26.23,71.19,99,0,31.79,102.38,40.00,668.00,null,null,null
2023-08-21T02:37:02Z,26.24,71.16,99,0,31.33,102.38,39.00,660.00,null,null,null
2023-08-21T02:38:02Z,26.23,71.14,99,0,33.70,102.38,39.00,660.00,null,null,null
2023-08-21T02:39:02Z,26.22,71.11,99,0,34.64,102.39,39.00,660.00,null,null,null
2023-08-21T02:40:02Z,26.23,71.15,99,0,30.95,102.39,39.00,660.00,0,0,0
2023-08-21T02:41:02Z,26.24,71.12,99,0,32.02,102.38,39.00,656.00,null,null,null
2023-08-21T02:42:02Z,26.22,71.12,99,0,33.70,102.38,39.00,660.00,null,null,null
2023-08-21T02:43:02Z,26.23,71.13,99,0,29.77,102.38,39.00,656.00,null,null,null
2023-08-21T02:44:02Z,26.22,71.01,99,0,32.84,102.39,39.00,656.00,null,null,null
2023-08-21T02:45:02Z,26.23,71.06,99,0,32.36,102.38,39.00,656.00,0,0,0
2023-08-21T02:46:02Z,26.23,71.01,99,0,30.84,102.38,39.00,656.00,null,null,null
2023-08-21T02:47:02Z,26.23,71.07,99,0,31.99,102.39,39.00,656.00,null,null,null
2023-08-21T02:48:02Z,26.20,71.05,99,0,32.10,102.38,37.00,649.00,null,null,null
2023-08-21T02:49:02Z,26.20,71.11,99,0,32.31,102.39,37.00,649.00,null,null,null
2023-08-21T02:50:02Z,26.19,71.12,99,0,32.43,102.38,37.00,649.00,0,0,0
2023-08-21T02:51:02Z,26.20,71.05,99,0,33.80,102.38,36.00,641.00,null,null,null
2023-08-21T02:52:02Z,26.20,71.07,99,0,33.14,102.39,37.00,649.00,null,null,null
2023-08-21T02:53:02Z,26.20,71.05,99,0,32.29,102.39,37.00,649.00,null,null,null
2023-08-21T02:54:02Z,26.17,71.07,99,0,31.70,102.38,37.00,649.00,null,null,null
2023-08-21T02:55:02Z,26.19,71.08,99,0,31.12,102.39,37.00,649.00,0,0,0
2023-08-21T02:56:02Z,26.17,71.03,99,0,29.16,102.39,36.00,641.00,null,null,null
2023-08-21T02:57:02Z,26.20,71.06,99,0,33.21,102.38,36.00,641.00,null,null,null
2023-08-21T02:58:02Z,26.19,71.06,99,0,32.00,102.39,36.00,641.00,null,null,null
2023-08-21T02:59:02Z,26.16,71.06,99,0,34.78,102.38,36.00,641.00,null,null,null
2023-08-21T03:00:02Z,26.14,71.05,99,0,33.32,102.39,36.00,641.00,0,0,0
2023-08-21T03:01:02Z,26.19,71.04,99,0,30.56,102.39,35.00,634.00,null,null,null
2023-08-21T03:02:02Z,26.19,71.02,99,0,32.58,102.38,35.00,634.00,null,null,null
2023-08-21T03:03:02Z,26.17,71.05,99,0,30.41,102.39,35.00,634.00,null,null,null
2023-08-21T03:04:02Z,26.17,70.98,99,0,32.31,102.39,34.00,626.00,null,null,null
2023-08-21T03:05:02Z,26.16,71.03,99,0,34.45,102.39,34.00,626.00,0,0,0
2023-08-21T03:06:02Z,26.13,71.03,99,0,34.02,102.39,34.00,626.00,null,null,null
2023-08-21T03:07:02Z,26.17,71.05,99,0,34.30,102.40,34.00,626.00,null,null,null
2023-08-21T03:08:02Z,26.13,71.03,99,0,35.05,102.40,34.00,626.00,null,null,null
2023-08-21T03:09:02Z,26.13,71.03,99,0,30.54,102.39,34.00,626.00,null,null,null
2023-08-21T03:10:02Z,26.13,71.06,99,0,31.77,102.39,34.00,626.00,0,0,0
2023-08-21T03:11:02Z,26.14,71.01,99,0,27.60,102.39,30.00,599.00,null,null,null
2023-08-21T03:12:02Z,26.13,71.01,99,0,30.33,102.39,30.00,599.00,null,null,null
2023-08-21T03:13:02Z,26.14,71.02,99,0,32.55,102.39,30.00,599.00,null,null,null
2023-08-21T03:14:02Z,26.13,71.03,99,0,31.41,102.39,29.00,596.00,null,null,null
2023-08-21T03:15:02Z,26.13,71.04,99,0,33.67,102.39,29.00,596.00,0,0,0
2023-08-21T03:16:02Z,26.16,71.01,99,0,33.47,102.39,29.00,596.00,null,null,null
2023-08-21T03:17:02Z,26.13,71.06,99,0,33.48,102.39,29.00,596.00,null,null,null
2023-08-21T03:18:02Z,26.13,71.05,99,0,29.20,102.40,28.00,589.00,null,null,null
2023-08-21T03:19:02Z,26.13,71.05,99,0,32.61,102.40,29.00,596.00,null,null,null
2023-08-21T03:20:02Z,26.13,71.06,99,0,30.87,102.39,28.00,589.00,0,0,0
2023-08-21T03:21:02Z,26.13,71.03,99,0,32.37,102.40,29.00,596.00,null,null,null
2023-08-21T03:22:02Z,26.12,71.04,99,0,32.00,102.40,28.00,589.00,null,null,null
2023-08-21T03:23:02Z,26.13,71.02,99,0,33.26,102.40,28.00,589.00,null,null,null
2023-08-21T03:24:02Z,26.13,71.06,99,0,34.33,102.40,28.00,589.00,null,null,null
2023-08-21T03:25:02Z,26.10,71.05,99,0,31.18,102.39,28.00,589.00,0,0,0
2023-08-21T03:26:02Z,26.12,71.05,99,0,32.70,102.39,28.00,584.00,null,null,null
2023-08-21T03:27:02Z,26.10,70.99,99,0,33.05,102.39,28.00,584.00,null,null,null
2023-08-21T03:28:02Z,26.10,71.07,99,0,29.83,102.39,28.00,584.00,null,null,null
2023-08-21T03:29:02Z,26.12,71.06,99,0,30.97,102.38,28.00,584.00,null,null,null
2023-08-21T03:30:02Z,26.07,71.01,99,0,32.12,102.39,28.00,584.00,0,0,0
2023-08-21T03:31:02Z,26.09,70.99,99,0,31.91,102.39,28.00,584.00,null,null,null
2023-08-21T03:32:02Z,26.10,71.01,99,0,35.21,102.39,28.00,584.00,null,null,null
2023-08-21T03:33:02Z,26.09,71.02,99,0,33.31,102.39,28.00,584.00,null,null,null
2023-08-21T03:34:02Z,26.10,71.00,99,0,31.88,102.39,28.00,584.00,null,null,null
2023-08-21T03:35:02Z,26.09,70.96,99,0,33.18,102.39,28.00,584.00,0,0,0
2023-08-21T03:36:02Z,26.07,70.99,99,0,34.15,102.39,28.00,584.00,null,null,null
2023-08-21T03:37:02Z,26.09,70.99,99,0,29.72,102.39,28.00,584.00,null,null,null
2023-08-21T03:38:02Z,26.07,70.99,99,0,33.14,102.39,28.00,584.00,null,null,null
2023-08-21T03:39:02Z,26.04,71.03,99,0,33.29,102.39,28.00,584.00,null,null,null
2023-08-21T03:40:02Z,26.07,71.04,99,0,30.33,102.39,28.00,584.00,0,0,0
2023-08-21T03:41:02Z,26.07,71.03,99,0,35.33,102.40,28.00,584.00,null,null,null
2023-08-21T03:42:02Z,26.07,71.02,99,0,33.16,102.39,28.00,589.00,null,null,null
2023-08-21T03:43:02Z,26.07,71.02,99,0,30.35,102.39,28.00,589.00,null,null,null
2023-08-21T03:44:02Z,26.07,70.99,99,0,31.79,102.39,28.00,589.00,null,null,null
2023-08-21T03:45:02Z,26.07,71.02,99,0,33.95,102.39,28.00,589.00,0,0,0
2023-08-21T03:46:02Z,26.09,71.02,99,0,35.69,102.39,28.00,589.00,null,null,null
2023-08-21T03:47:02Z,26.09,71.03,99,0,32.42,102.39,29.00,596.00,null,null,null
2023-08-21T03:48:02Z,26.06,71.00,99,0,33.53,102.39,29.00,596.00,null,null,null
2023-08-21T03:49:02Z,26.03,71.00,99,0,32.17,102.39,29.00,596.00,null,null,null
2023-08-21T03:50:02Z,26.04,71.01,99,0,34.97,102.39,29.00,596.00,0,0,0
2023-08-21T03:51:02Z,26.06,71.06,99,0,32.44,102.39,28.00,589.00,null,null,null
2023-08-21T03:52:02Z,26.03,71.06,99,0,31.72,102.39,30.00,599.00,null,null,null
2023-08-21T03:53:02Z,26.03,71.02,99,0,33.52,102.39,30.00,599.00,null,null,null
2023-08-21T03:54:02Z,26.06,71.05,99,0,31.35,102.39,30.00,599.00,null,null,null
2023-08-21T03:55:02Z,26.04,71.06,99,0,35.65,102.39,30.00,599.00,0,0,0
2023-08-21T03:56:02Z,26.04,71.05,99,0,33.42,102.39,29.00,596.00,null,null,null
2023-08-21T03:57:02Z,26.06,71.00,99,0,31.11,102.40,30.00,599.00,null,null,null
2023-08-21T03:58:02Z,26.06,70.98,99,0,33.41,102.40,32.00,611.00,null,null,null
2023-08-21T03:59:02Z,26.02,70.99,99,0,33.03,102.40,32.00,611.00,null,null,null
2023-08-21T04:00:02Z,26.06,70.97,99,0,34.94,102.40,30.00,599.00,0,0,0
2023-08-21T04:01:02Z,26.03,70.96,99,0,34.49,102.40,30.00,599.00,null,null,null
2023-08-21T04:02:02Z,26.04,70.99,99,0,30.77,102.39,30.00,599.00,null,null,null
2023-08-21T04:03:02Z,26.04,70.97,99,0,33.76,102.40,30.00,599.00,null,null,null
2023-08-21T04:04:02Z,26.03,71.01,99,0,30.34,102.40,30.00,599.00,null,null,null
2023-08-21T04:05:02Z,26.00,71.02,99,0,30.40,102.40,32.00,611.00,0,0,0
2023-08-21T04:06:02Z,26.02,71.01,99,0,35.52,102.40,32.00,611.00,null,null,null
2023-08-21T04:07:02Z,26.03,71.01,99,0,33.86,102.40,32.00,611.00,null,null,null
2023-08-21T04:08:02Z,26.03,71.00,99,0,32.01,102.40,32.00,611.00,null,null,null
2023-08-21T04:09:02Z,26.00,71.01,99,0,32.08,102.39,32.00,611.00,null,null,null
2023-08-21T04:10:02Z,26.00,70.97,99,0,32.16,102.39,32.00,611.00,0,0,0
2023-08-21T04:11:02Z,26.03,71.01,99,0,33.33,102.39,32.00,611.00,null,null,null
2023-08-21T04:12:02Z,26.00,70.97,99,0,35.59,102.39,32.00,611.00,null,null,null
2023-08-21T04:13:02Z,26.02,70.99,99,0,31.95,102.39,32.00,611.00,null,null,null
2023-08-21T04:14:02Z,26.00,70.96,99,0,32.80,102.40,32.00,611.00,null,null,null
2023-08-21T04:15:02Z,25.99,70.97,99,0,33.47,102.40,32.00,611.00,0,0,0
2023-08-21T04:16:02Z,25.99,70.97,99,0,34.67,102.39,32.00,611.00,null,null,null
2023-08-21T04:17:02Z,26.00,70.94,99,0,34.27,102.40,32.00,611.00,null,null,null
2023-08-21T04:18:02Z,26.00,70.97,99,0,32.74,102.39,30.00,599.00,null,null,null
2023-08-21T04:19:02Z,26.00,70.97,99,0,33.16,102.40,30.00,599.00,null,null,null
2023-08-21T04:20:02Z,25.97,71.01,99,0,31.65,102.40,30.00,599.00,0,0,0
2023-08-21T04:21:02Z,26.00,70.98,99,0,33.64,102.40,30.00,599.00,null,null,null
2023-08-21T04:22:02Z,25.97,71.03,99,0,30.15,102.40,30.00,599.00,null,null,null
2023-08-21T04:23:02Z,25.99,71.01,99,0,30.99,102.40,29.00,596.00,null,null,null
2023-08-21T04:24:02Z,25.99,71.02,99,0,32.88,102.40,30.00,599.00,null,null,null
2023-08-21T04:25:02Z,25.99,71.00,99,0,32.24,102.40,30.00,599.00,0,0,0
2023-08-21T04:26:02Z,25.99,71.02,99,0,30.96,102.40,29.00,596.00,null,null,null
2023-08-21T04:27:02Z,25.99,71.00,99,0,32.01,102.40,30.00,599.00,null,null,null
2023-08-21T04:28:02Z,25.96,70.99,99,0,34.43,102.40,29.00,596.00,null,null,null
2023-08-21T04:29:02Z,25.97,70.97,99,0,35.16,102.40,29.00,596.00,null,null,null
2023-08-21T04:30:02Z,25.96,71.03,99,0,33.11,102.40,29.00,596.00,0,0,0
2023-08-21T04:31:02Z,25.99,71.00,99,0,33.53,102.40,29.00,596.00,null,null,null
2023-08-21T04:32:02Z,25.96,70.96,99,0,34.03,102.40,29.00,596.00,null,null,null
2023-08-21T04:33:02Z,25.99,70.97,99,0,31.04,102.41,29.00,596.00,null,null,null
2023-08-21T04:34:02Z,25.97,70.99,99,0,33.98,102.40,28.00,589.00,null,null,null
2023-08-21T04:35:02Z,25.96,71.00,99,0,33.40,102.40,28.00,589.00,0,0,0
2023-08-21T04:36:02Z,25.97,70.99,99,0,32.25,102.41,28.00,589.00,null,null,null
2023-08-21T04:37:02Z,25.96,70.98,99,0,30.92,102.41,28.00,584.00,null,null,null
2023-08-21T04:38:02Z,25.96,70.94,99,0,29.98,102.41,28.00,589.00,null,null,null
2023-08-21T04:39:02Z,25.94,70.94,99,0,29.41,102.41,28.00,584.00,null,null,null
2023-08-21T04:40:02Z,25.94,70.98,99,0,32.97,102.41,28.00,584.00,0,0,0
2023-08-21T04:41:02Z,25.96,70.95,99,0,30.82,102.41,28.00,584.00,null,null,null
2023-08-21T04:42:02Z,25.96,70.95,99,0,32.04,102.41,26.00,577.00,null,null,null
2023-08-21T04:43:02Z,25.94,71.04,99,0,30.46,102.41,28.00,584.00,null,null,null
2023-08-21T04:44:02Z,25.96,71.01,99,0,30.96,102.41,28.00,584.00,null,null,null
2023-08-21T04:45:02Z,25.93,71.00,99,0,33.04,102.41,28.00,584.00,0,0,0
2023-08-21T04:46:02Z,25.94,70.95,99,0,33.60,102.41,26.00,577.00,null,null,null
2023-08-21T04:47:02Z,25.94,71.01,99,0,33.32,102.41,26.00,577.00,null,null,null
2023-08-21T04:48:02Z,25.93,71.03,99,0,33.82,102.40,28.00,584.00,null,null,null
2023-08-21T04:49:02Z,25.93,71.01,99,0,33.20,102.41,26.00,577.00,null,null,null
2023-08-21T04:50:02Z,25.92,71.06,99,0,34.14,102.41,28.00,584.00,0,0,0
2023-08-21T04:51:02Z,25.94,71.02,99,0,31.07,102.40,25.00,570.00,null,null,null
2023-08-21T04:52:02Z,25.92,71.07,99,0,34.31,102.40,26.00,577.00,null,null,null
2023-08-21T04:53:02Z,25.93,71.03,99,0,35.46,102.40,26.00,577.00,null,null,null
2023-08-21T04:54:02Z,25.92,71.05,99,0,31.52,102.41,26.00,577.00,null,null,null
2023-08-21T04:55:02Z,25.93,71.02,99,0,35.71,102.41,26.00,577.00,0,0,0
2023-08-21T04:56:02Z,25.93,70.99,99,0,32.99,102.41,25.00,570.00,null,null,null
2023-08-21T04:57:02Z,25.92,70.99,99,0,34.05,102.41,25.00,570.00,null,null,null
2023-08-21T04:58:02Z,25.92,70.96,99,0,30.38,102.40,26.00,577.00,null,null,null
2023-08-21T04:59:02Z,25.90,71.01,99,0,30.94,102.40,25.00,570.00,null,null,null
2023-08-21T05:00:02Z,25.89,71.04,99,0,32.29,102.40,25.00,570.00,0,0,0
2023-08-21T05:01:02Z,25.94,70.98,99,0,31.80,102.41,25.00,570.00,null,null,null
2023-08-21T05:02:02Z,25.92,70.93,99,0,33.16,102.40,25.00,570.00,null,null,null
2023-08-21T05:03:02Z,25.90,70.97,99,0,33.18,102.41,25.00,570.00,null,null,null
2023-08-21T05:04:02Z,25.90,70.95,99,0,34.66,102.40,25.00,570.00,null,null,null
2023-08-21T05:05:02Z,25.92,70.98,99,0,34.01,102.41,25.00,570.00,0,0,0
2023-08-21T05:06:02Z,25.90,70.95,99,0,34.63,102.40,25.00,570.00,null,null,null
2023-08-21T05:07:02Z,25.92,70.93,99,0,34.46,102.40,25.00,565.00,null,null,null
2023-08-21T05:08:02Z,25.89,70.94,99,0,33.24,102.41,25.00,565.00,null,null,null
2023-08-21T05:09:02Z,25.90,70.98,99,0,33.61,102.40,25.00,565.00,null,null,null
2023-08-21T05:10:02Z,25.89,71.03,99,0,30.41,102.40,25.00,565.00,0,0,0
2023-08-21T05:11:02Z,25.86,71.06,99,0,32.69,102.40,25.00,565.00,null,null,null
2023-08-21T05:12:02Z,25.89,71.02,99,0,34.69,102.41,25.00,565.00,null,null,null
2023-08-21T05:13:02Z,25.90,71.09,99,0,31.76,102.41,25.00,570.00,null,null,null
2023-08-21T05:14:02Z,25.88,71.11,99,0,30.88,102.41,33.00,620.00,null,null,null
2023-08-21T05:15:02Z,25.89,71.11,99,0,29.27,102.41,39.00,657.00,0,0,0
2023-08-21T05:16:02Z,25.88,71.05,99,0,30.38,102.40,45.00,700.00,null,null,null
2023-08-21T05:17:02Z,25.89,71.07,99,0,32.98,102.41,51.00,740.00,null,null,null
2023-08-21T05:18:02Z,25.88,71.07,99,0,34.31,102.41,65.00,827.00,null,null,null
2023-08-21T05:19:02Z,25.86,71.09,99,0,33.85,102.40,78.00,918.00,null,null,null
2023-08-21T05:20:02Z,25.88,71.13,99,0,33.57,102.40,87.00,972.00,0,0,0
2023-08-21T05:21:02Z,25.89,71.06,99,0,34.44,102.40,93.00,1017.00,null,null,null
2023-08-21T05:22:02Z,25.89,71.04,99,0,33.74,102.40,98.00,1047.00,null,null,null
2023-08-21T05:23:02Z,25.89,71.06,99,0,29.91,102.41,102.00,1074.00,null,null,null
2023-08-21T05:24:02Z,25.85,71.05,99,0,32.32,102.41,102.00,1074.00,null,null,null
2023-08-21T05:25:02Z,25.89,71.01,99,0,37.57,102.41,104.00,1086.00,0,0,0
2023-08-21T05:26:02Z,25.85,71.02,99,0,31.13,102.41,102.00,1074.00,null,null,null
2023-08-21T05:27:02Z,25.86,71.03,99,0,32.73,102.42,104.00,1086.00,null,null,null
2023-08-21T05:28:02Z,25.85,70.98,99,0,36.65,102.41,104.00,1086.00,null,null,null
2023-08-21T05:29:02Z,25.88,70.99,99,0,32.32,102.42,102.00,1074.00,null,null,null
2023-08-21T05:30:02Z,25.88,71.02,99,0,33.75,102.41,100.00,1062.00,0,0,0
2023-08-21T05:31:02Z,25.88,70.96,99,0,34.53,102.41,102.00,1074.00,null,null,null
2023-08-21T05:32:02Z,25.86,70.98,99,0,34.11,102.41,100.00,1062.00,null,null,null
2023-08-21T05:33:02Z,25.89,70.91,99,0,35.86,102.41,96.00,1035.00,null,null,null
2023-08-21T05:34:02Z,25.88,70.88,99,0,36.23,102.41,96.00,1035.00,null,null,null
2023-08-21T05:35:02Z,25.86,70.82,99,0,32.17,102.42,93.00,1017.00,0,0,0
2023-08-21T05:36:02Z,25.85,70.78,99,0,31.35,102.41,90.00,995.00,null,null,null
2023-08-21T05:37:02Z,25.88,70.79,99,0,33.47,102.42,90.00,995.00,null,null,null
2023-08-21T05:38:02Z,25.88,70.71,99,0,33.39,102.42,88.00,983.00,null,null,null
2023-08-21T05:39:02Z,25.83,70.72,99,0,33.37,102.41,86.00,970.00,null,null,null
2023-08-21T05:40:02Z,25.83,70.68,99,0,31.48,102.42,88.00,981.00,0,0,0
2023-08-21T05:41:02Z,25.85,70.68,99,0,34.66,102.42,83.00,949.00,null,null,null
2023-08-21T05:42:02Z,25.86,70.61,99,0,33.16,102.42,83.00,949.00,null,null,null
2023-08-21T05:43:02Z,25.85,70.62,99,0,35.52,102.43,83.00,949.00,null,null,null
2023-08-21T05:44:02Z,25.86,70.63,99,0,33.67,102.42,79.00,925.00,null,null,null
2023-08-21T05:45:02Z,25.82,70.58,99,0,34.41,102.43,78.00,915.00,0,0,0
2023-08-21T05:46:02Z,25.85,70.57,99,0,31.20,102.43,76.00,905.00,null,null,null
2023-08-21T05:47:02Z,25.83,70.54,99,0,32.19,102.42,76.00,905.00,null,null,null
2023-08-21T05:48:02Z,25.85,70.66,99,0,34.17,102.42,75.00,895.00,null,null,null
2023-08-21T05:49:02Z,25.83,71.24,99,0,33.26,102.44,75.00,895.00,null,null,null
2023-08-21T05:50:02Z,25.82,71.56,99,0,32.54,102.43,72.00,877.00,0,0,0
2023-08-21T05:51:02Z,25.82,71.51,99,0,32.88,102.43,71.00,868.00,null,null,null
2023-08-21T05:52:02Z,25.83,71.49,99,0,31.67,102.44,72.00,877.00,null,null,null
2023-08-21T05:53:02Z,25.83,71.74,99,0,33.60,102.44,71.00,868.00,null,null,null
2023-08-21T05:54:02Z,25.83,71.74,99,0,33.93,102.44,69.00,855.00,null,null,null
2023-08-21T05:55:02Z,25.82,71.68,99,0,35.52,102.45,69.00,855.00,0,0,0
2023-08-21T05:56:02Z,25.85,71.60,99,0,33.11,102.46,71.00,868.00,null,null,null
2023-08-21T05:57:02Z,25.85,71.80,99,0,40.60,102.45,71.00,868.00,null,null,null
2023-08-21T05:58:02Z,25.85,71.62,99,0,37.77,102.45,70.00,863.00,null,null,null
2023-08-21T05:59:02Z,25.83,71.72,99,0,29.50,102.46,72.00,877.00,null,null,null
2023-08-21T06:00:02Z,25.83,71.75,99,0,35.39,102.46,72.00,877.00,0,0,0
2023-08-21T06:01:02Z,25.83,71.54,99,0,41.48,102.45,71.00,872.00,null,null,null
2023-08-21T06:02:02Z,25.82,71.61,99,0,31.49,102.44,72.00,877.00,null,null,null
2023-08-21T06:03:02Z,25.82,71.48,99,0,47.94,102.45,72.00,877.00,null,null,null
2023-08-21T06:04:02Z,25.82,71.55,99,0,31.13,102.46,71.00,868.00,null,null,null
2023-08-21T06:05:02Z,25.81,71.54,99,0,37.74,102.46,69.00,855.00,0,0,0
2023-08-21T06:06:02Z,25.82,71.51,99,0,31.17,102.45,71.00,868.00,null,null,null
2023-08-21T06:07:02Z,25.82,71.22,99,0,43.01,102.45,69.00,855.00,null,null,null
2023-08-21T06:08:02Z,25.81,71.55,99,0,24.65,102.45,71.00,868.00,null,null,null
2023-08-21T06:09:02Z,25.81,71.62,99,0,26.95,102.45,71.00,868.00,null,null,null
2023-08-21T06:10:02Z,25.81,71.64,99,0,28.02,102.46,71.00,868.00,0,0,0
2023-08-21T06:11:02Z,25.82,71.81,99,0,41.38,102.45,71.00,868.00,null,null,null
2023-08-21T06:12:02Z,25.83,71.18,99,0,27.85,102.46,68.00,851.00,null,null,null
2023-08-21T06:13:02Z,25.82,71.17,99,0,34.19,102.47,69.00,855.00,null,null,null
2023-08-21T06:14:02Z,25.81,71.14,99,0,32.43,102.45,66.00,836.00,null,null,null
2023-08-21T06:15:02Z,25.81,71.38,99,0,27.26,102.45,66.00,836.00,0,0,0
2023-08-21T06:16:02Z,25.82,71.42,99,0,26.29,102.44,63.00,817.00,null,null,null
2023-08-21T06:17:02Z,25.81,71.17,99,0,41.42,102.44,60.00,800.00,null,null,null
2023-08-21T06:18:02Z,25.82,71.04,99,0,23.94,102.44,62.00,808.00,null,null,null
2023-08-21T06:19:02Z,25.78,71.21,99,0,26.08,102.44,62.00,808.00,null,null,null
2023-08-21T06:20:02Z,25.82,70.91,99,0,24.86,102.44,58.00,783.00,0,0,0
2023-08-21T06:21:02Z,25.82,71.16,99,0,29.49,102.45,58.00,783.00,null,null,null
2023-08-21T06:22:02Z,25.79,70.85,99,0,27.10,102.44,55.00,765.00,null,null,null
2023-08-21T06:23:02Z,25.79,71.17,99,0,27.55,102.45,54.00,757.00,null,null,null
2023-08-21T06:24:02Z,25.79,71.09,99,0,21.49,102.44,55.00,765.00,null,null,null
2023-08-21T06:25:02Z,25.75,71.07,99,0,28.45,102.44,54.00,757.00,0,0,0
2023-08-21T06:26:02Z,25.76,70.79,99,0,25.62,102.45,53.00,748.00,null,null,null
2023-08-21T06:27:02Z,25.81,70.85,99,0,27.90,102.45,53.00,748.00,null,null,null
2023-08-21T06:28:02Z,25.78,70.68,99,0,34.03,102.45,51.00,740.00,null,null,null
2023-08-21T06:29:02Z,25.76,71.04,99,0,25.70,102.45,52.00,746.00,null,null,null
2023-08-21T06:30:02Z,25.79,70.74,99,0,27.59,102.45,48.00,719.00,0,0,0
2023-08-21T06:31:02Z,25.76,70.99,99,0,28.64,102.45,50.00,730.00,null,null,null
2023-08-21T06:32:02Z,25.76,70.80,99,0,29.26,102.46,48.00,719.00,null,null,null
2023-08-21T06:33:02Z,25.75,71.11,99,0,25.50,102.46,48.00,719.00,null,null,null
2023-08-21T06:34:02Z,25.78,70.86,99,0,24.19,102.45,46.00,708.00,null,null,null
2023-08-21T06:35:02Z,25.75,71.08,99,0,49.66,102.46,47.00,712.00,0,0,0
2023-08-21T06:36:02Z,25.73,70.82,99,0,26.82,102.46,48.00,719.00,null,null,null
2023-08-21T06:37:02Z,25.73,71.16,99,0,27.78,102.46,58.00,785.00,null,null,null
2023-08-21T06:38:02Z,25.76,71.06,99,0,26.03,102.46,60.00,800.00,null,null,null
2023-08-21T06:39:02Z,25.72,70.98,99,0,27.87,102.46,48.00,719.00,null,null,null
2023-08-21T06:40:02Z,25.73,70.99,99,0,32.24,102.45,60.00,800.00,0,0,0
2023-08-21T06:41:02Z,25.72,71.22,99,0,29.93,102.46,61.00,804.00,null,null,null
2023-08-21T06:42:02Z,25.72,71.10,99,0,27.64,102.47,65.00,832.00,null,null,null
2023-08-21T06:43:02Z,25.73,70.89,99,0,25.00,102.48,65.00,832.00,null,null,null
2023-08-21T06:44:02Z,25.72,71.20,99,0,25.87,102.48,67.00,840.00,null,null,null
2023-08-21T06:45:02Z,25.72,71.11,99,0,25.73,102.48,73.00,880.00,0,0,0
2023-08-21T06:46:02Z,25.71,70.93,99,0,27.47,102.48,74.00,889.00,null,null,null
2023-08-21T06:47:02Z,25.71,71.02,99,0,28.70,102.48,77.00,909.00,null,null,null
2023-08-21T06:48:02Z,25.69,70.67,99,0,27.99,102.48,79.00,920.00,null,null,null
2023-08-21T06:49:02Z,25.69,70.96,99,0,29.63,102.48,80.00,927.00,null,null,null
2023-08-21T06:50:02Z,25.71,70.95,99,0,26.26,102.48,80.00,930.00,0,0,0
2023-08-21T06:51:02Z,25.69,70.96,99,0,24.76,102.48,79.00,920.00,null,null,null
2023-08-21T06:52:02Z,25.71,70.87,99,0,31.78,102.48,82.00,942.00,null,null,null
2023-08-21T06:53:02Z,25.71,70.84,99,0,28.80,102.48,80.00,930.00,null,null,null
2023-08-21T06:54:02Z,25.71,70.93,99,0,30.48,102.47,82.00,942.00,null,null,null
2023-08-21T06:55:02Z,25.66,70.73,99,0,33.31,102.48,82.00,942.00,0,0,0
2023-08-21T06:56:02Z,25.68,71.02,99,0,30.25,102.48,83.00,951.00,null,null,null
2023-08-21T06:57:02Z,25.69,70.61,99,0,30.17,102.48,84.00,954.00,null,null,null
2023-08-21T06:58:02Z,25.69,70.57,99,0,24.19,102.49,83.00,951.00,null,null,null
2023-08-21T06:59:02Z,25.68,70.60,99,0,31.07,102.49,82.00,940.00,null,null,null
2023-08-21T07:00:02Z,25.65,70.94,99,0,35.02,102.49,85.00,961.00,0,0,0
2023-08-21T07:01:02Z,25.66,71.02,99,0,22.99,102.48,82.00,942.00,null,null,null
2023-08-21T07:02:02Z,25.68,70.81,99,0,27.04,102.48,84.00,954.00,null,null,null
2023-08-21T07:03:02Z,25.65,70.93,99,0,28.77,102.49,84.00,954.00,null,null,null
2023-08-21T07:04:02Z,25.68,70.90,99,0,29.82,102.49,85.00,964.00,null,null,null
2023-08-21T07:05:02Z,25.64,70.74,99,0,24.03,102.49,84.00,954.00,0,0,0
2023-08-21T07:06:02Z,25.62,70.70,99,0,54.79,102.49,85.00,961.00,null,null,null
2023-08-21T07:07:02Z,25.68,70.60,99,0,27.30,102.49,85.00,961.00,null,null,null
2023-08-21T07:08:02Z,25.65,70.96,99,0,26.57,102.49,85.00,961.00,null,null,null
2023-08-21T07:09:02Z,25.64,70.79,99,0,24.96,102.49,85.00,964.00,null,null,null
2023-08-21T07:10:02Z,25.62,71.03,99,0,26.78,102.49,85.00,964.00,0,0,0
2023-08-21T07:11:02Z,25.64,70.88,99,0,28.92,102.50,85.00,964.00,null,null,null
2023-08-21T07:12:02Z,25.62,70.88,99,0,24.11,102.49,84.00,954.00,null,null,null
2023-08-21T07:13:02Z,25.61,70.85,99,0,26.06,102.50,84.00,954.00,null,null,null
2023-08-21T07:14:02Z,25.64,70.43,99,0,22.99,102.49,82.00,942.00,null,null,null
2023-08-21T07:15:02Z,25.61,70.80,99,0,26.78,102.49,83.00,951.00,0,0,0
2023-08-21T07:16:02Z,25.61,70.63,99,0,23.49,102.48,80.00,930.00,null,null,null
2023-08-21T07:17:02Z,25.62,70.73,99,0,26.21,102.49,83.00,951.00,null,null,null
2023-08-21T07:18:02Z,25.59,70.74,99,0,40.46,102.49,82.00,940.00,null,null,null
2023-08-21T07:19:02Z,25.61,70.88,99,0,24.79,102.48,80.00,927.00,null,null,null
2023-08-21T07:20:02Z,25.59,70.84,99,0,27.94,102.49,79.00,920.00,0,0,0
2023-08-21T07:21:02Z,25.59,70.65,99,0,31.47,102.49,79.00,920.00,null,null,null
2023-08-21T07:22:02Z,25.59,70.67,99,0,29.40,102.49,80.00,927.00,null,null,null
2023-08-21T07:23:02Z,25.59,70.78,99,0,25.67,102.48,80.00,927.00,null,null,null
2023-08-21T07:24:02Z,25.56,70.79,99,0,22.66,102.49,79.00,920.00,null,null,null
2023-08-21T07:25:02Z,25.59,70.85,99,0,23.90,102.49,79.00,920.00,0,0,0
2023-08-21T07:26:02Z,25.61,70.76,99,0,43.84,102.49,79.00,920.00,null,null,null
2023-08-21T07:27:02Z,25.55,70.84,99,0,25.09,102.50,79.00,920.00,null,null,null
2023-08-21T07:28:02Z,25.56,70.76,99,0,25.32,102.49,77.00,909.00,null,null,null
2023-08-21T07:29:02Z,25.58,70.76,99,0,24.93,102.49,77.00,909.00,null,null,null
2023-08-21T07:30:02Z,25.55,70.82,99,0,24.19,102.49,79.00,920.00,0,0,0
2023-08-21T07:31:02Z,25.56,70.72,99,0,26.26,102.49,79.00,920.00,null,null,null
2023-08-21T07:32:02Z,25.58,70.80,99,0,26.21,102.49,78.00,918.00,null,null,null
2023-08-21T07:33:02Z,25.58,70.72,99,0,27.08,102.49,76.00,900.00,null,null,null
2023-08-21T07:34:02Z,25.56,70.75,99,0,25.00,102.49,75.00,897.00,null,null,null
2023-08-21T07:35:02Z,25.55,70.67,99,0,26.80,102.49,76.00,900.00,0,0,0
2023-08-21T07:36:02Z,25.54,70.69,99,0,25.76,102.49,75.00,897.00,null,null,null
2023-08-21T07:37:02Z,25.52,70.80,99,0,27.78,102.49,75.00,897.00,null,null,null
2023-08-21T07:38:02Z,25.54,70.66,99,0,24.39,102.49,74.00,889.00,null,null,null
2023-08-21T07:39:02Z,25.54,70.70,99,0,26.36,102.50,75.00,897.00,null,null,null
2023-08-21T07:40:02Z,25.52,70.76,99,0,25.90,102.50,75.00,897.00,0,0,0
2023-08-21T07:41:02Z,25.52,70.62,99,0,25.84,102.50,73.00,880.00,null,null,null
2023-08-21T07:42:02Z,25.54,70.60,99,0,25.95,102.50,74.00,887.00,null,null,null
2023-08-21T07:43:02Z,25.55,70.61,99,0,27.28,102.50,74.00,887.00,null,null,null
2023-08-21T07:44:02Z,25.52,70.56,99,0,26.71,102.51,74.00,887.00,null,null,null
2023-08-21T07:45:02Z,25.51,70.64,99,0,24.35,102.50,73.00,880.00,0,0,0
2023-08-21T07:46:02Z,25.52,70.64,99,0,24.96,102.50,69.00,857.00,null,null,null
2023-08-21T07:47:02Z,25.52,70.49,99,0,23.05,102.50,73.00,880.00,null,null,null
2023-08-21T07:48:02Z,25.51,70.68,99,0,25.53,102.51,71.00,868.00,null,null,null
2023-08-21T07:49:02Z,25.49,70.71,99,0,24.54,102.51,71.00,868.00,null,null,null
2023-08-21T07:50:02Z,25.49,70.60,99,0,26.14,102.51,71.00,868.00,0,0,0
2023-08-21T07:51:02Z,25.51,70.57,99,0,25.62,102.51,69.00,857.00,null,null,null
2023-08-21T07:52:02Z,25.51,70.69,99,0,33.19,102.51,69.00,857.00,null,null,null
2023-08-21T07:53:02Z,25.51,70.73,99,0,27.53,102.51,68.00,848.00,null,null,null
2023-08-21T07:54:02Z,25.49,70.59,99,0,27.28,102.51,66.00,838.00,null,null,null
2023-08-21T07:55:02Z,25.45,70.73,99,0,24.07,102.51,66.00,838.00,0,0,0
2023-08-21T07:56:02Z,25.48,70.70,99,0,35.19,102.51,66.00,838.00,null,null,null
2023-08-21T07:57:02Z,25.48,70.47,99,0,22.78,102.51,65.00,830.00,null,null,null
2023-08-21T07:58:02Z,25.48,70.62,99,0,25.22,102.51,65.00,830.00,null,null,null
2023-08-21T07:59:02Z,25.48,70.66,99,0,23.94,102.51,65.00,830.00,null,null,null
2023-08-21T08:00:02Z,25.48,70.49,99,0,25.50,102.51,63.00,819.00,0,0,0
2023-08-21T08:01:02Z,25.49,70.79,99,0,33.03,102.51,66.00,838.00,null,null,null
2023-08-21T08:02:02Z,25.49,70.53,99,0,34.63,102.51,64.00,821.00,null,null,null
2023-08-21T08:03:02Z,25.46,70.18,99,0,25.56,102.51,63.00,819.00,null,null,null
2023-08-21T08:04:02Z,25.45,70.70,99,0,34.47,102.51,66.00,836.00,null,null,null
2023-08-21T08:05:02Z,25.44,70.85,99,0,40.36,102.50,65.00,830.00,0,0,0
2023-08-21T08:06:02Z,25.46,70.94,99,0,25.70,102.50,64.00,821.00,null,null,null
2023-08-21T08:07:02Z,25.45,70.94,99,0,23.94,102.50,65.00,832.00,null,null,null
2023-08-21T08:08:02Z,25.46,70.96,99,0,24.46,102.50,64.00,821.00,null,null,null
2023-08-21T08:09:02Z,25.44,70.96,99,0,25.90,102.50,65.00,832.00,null,null,null
2023-08-21T08:10:02Z,25.45,70.96,99,0,27.10,102.50,65.00,832.00,0,0,0
2023-08-21T08:11:02Z,25.45,70.95,99,0,25.92,102.50,67.00,840.00,null,null,null
2023-08-21T08:12:02Z,25.44,70.94,99,0,28.61,102.50,65.00,832.00,null,null,null
2023-08-21T08:13:02Z,25.45,71.03,99,0,23.54,102.49,68.00,851.00,null,null,null
2023-08-21T08:14:02Z,25.44,70.50,99,0,26.14,102.49,71.00,872.00,null,null,null
2023-08-21T08:15:02Z,25.44,70.89,99,0,25.56,102.49,73.00,880.00,0,0,0
2023-08-21T08:16:02Z,25.45,71.01,99,0,29.37,102.49,73.00,880.00,null,null,null
2023-08-21T08:17:02Z,25.45,71.03,99,0,26.97,102.49,74.00,889.00,null,null,null
2023-08-21T08:18:02Z,25.44,70.99,99,0,24.15,102.48,74.00,889.00,null,null,null
2023-08-21T08:19:02Z,25.42,71.03,99,0,27.47,102.49,73.00,880.00,null,null,null
2023-08-21T08:20:02Z,25.44,70.85,99,0,24.79,102.49,74.00,889.00,0,0,0
2023-08-21T08:21:02Z,25.41,71.05,99,0,33.42,102.49,74.00,889.00,null,null,null
2023-08-21T08:22:02Z,25.41,71.03,99,0,26.31,102.49,76.00,900.00,null,null,null
2023-08-21T08:23:02Z,25.44,70.94,99,0,24.65,102.49,76.00,900.00,null,null,null
2023-08-21T08:24:02Z,25.41,70.89,99,0,25.44,102.50,76.00,900.00,null,null,null
2023-08-21T08:25:02Z,25.41,71.08,99,0,26.57,102.50,76.00,900.00,0,0,0
2023-08-21T08:26:02Z,25.42,70.97,99,0,26.34,102.50,76.00,900.00,null,null,null
2023-08-21T08:27:02Z,25.42,71.00,99,0,26.38,102.49,74.00,889.00,null,null,null
2023-08-21T08:28:02Z,25.42,70.99,99,0,26.50,102.50,74.00,889.00,null,null,null
2023-08-21T08:29:02Z,25.41,70.96,99,0,22.83,102.49,74.00,889.00,null,null,null
2023-08-21T08:30:02Z,25.41,70.85,99,0,24.61,102.49,73.00,880.00,0,0,0
2023-08-21T08:31:02Z,25.39,70.97,99,0,30.44,102.49,74.00,889.00,null,null,null
2023-08-21T08:32:02Z,25.41,70.93,99,0,25.98,102.49,71.00,872.00,null,null,null
2023-08-21T08:33:02Z,25.41,71.07,99,0,25.09,102.49,71.00,872.00,null,null,null
2023-08-21T08:34:02Z,25.41,71.02,99,0,22.55,102.49,69.00,857.00,null,null,null
2023-08-21T08:35:02Z,25.38,70.99,99,0,32.79,102.49,68.00,851.00,0,0,0
2023-08-21T08:36:02Z,25.41,71.00,99,0,26.50,102.49,69.00,857.00,null,null,null
2023-08-21T08:37:02Z,25.39,70.99,99,0,23.15,102.49,69.00,857.00,null,null,null
2023-08-21T08:38:02Z,25.38,70.95,99,0,24.58,102.49,68.00,851.00,null,null,null
2023-08-21T08:39:02Z,25.39,70.93,99,0,28.42,102.49,67.00,840.00,null,null,null
2023-08-21T08:40:02Z,25.41,70.76,99,0,27.10,102.49,65.00,832.00,0,0,0
2023-08-21T08:41:02Z,25.39,70.85,99,0,25.50,102.50,64.00,821.00,null,null,null
2023-08-21T08:42:02Z,25.37,70.86,99,0,24.79,102.50,65.00,832.00,null,null,null
2023-08-21T08:43:02Z,25.39,70.78,99,0,30.07,102.50,64.00,821.00,null,null,null
2023-08-21T08:44:02Z,25.38,70.94,99,0,28.28,102.50,64.00,821.00,null,null,null
2023-08-21T08:45:02Z,25.37,70.95,99,0,23.68,102.50,62.00,813.00,0,0,0
2023-08-21T08:46:02Z,25.39,70.90,99,0,24.43,102.50,60.00,800.00,null,null,null
2023-08-21T08:47:02Z,25.39,70.88,99,0,29.38,102.49,62.00,813.00,null,null,null
2023-08-21T08:48:02Z,25.37,70.90,99,0,25.32,102.49,60.00,800.00,null,null,null
2023-08-21T08:49:02Z,25.37,70.83,99,0,27.14,102.50,61.00,804.00,null,null,null
2023-08-21T08:50:02Z,25.39,70.90,99,0,23.20,102.49,58.00,785.00,0,0,0
2023-08-21T08:51:02Z,25.35,70.67,99,0,24.43,102.50,56.00,772.00,null,null,null
2023-08-21T08:52:02Z,25.37,70.68,99,0,25.62,102.49,59.00,793.00,null,null,null
2023-08-21T08:53:02Z,25.37,70.79,99,0,27.47,102.49,56.00,770.00,null,null,null
2023-08-21T08:54:02Z,25.35,70.48,99,0,27.30,102.49,54.00,757.00,null,null,null
2023-08-21T08:55:02Z,25.35,70.79,99,0,24.15,102.50,53.00,752.00,0,0,0
2023-08-21T08:56:02Z,25.35,70.75,99,0,26.21,102.49,54.00,757.00,null,null,null
2023-08-21T08:57:02Z,25.35,70.67,99,0,24.68,102.49,52.00,746.00,null,null,null
2023-08-21T08:58:02Z,25.35,70.67,99,0,22.94,102.49,53.00,752.00,null,null,null
2023-08-21T08:59:02Z,25.37,70.47,99,0,26.82,102.49,52.00,744.00,null,null,null
2023-08-21T09:00:02Z,25.34,70.40,99,0,24.07,102.49,51.00,737.00,0,0,0
2023-08-21T09:01:02Z,25.35,70.59,99,0,23.86,102.49,51.00,737.00,null,null,null
2023-08-21T09:02:02Z,25.37,70.58,99,0,21.78,102.49,50.00,730.00,null,null,null
2023-08-21T09:03:02Z,25.34,70.67,99,0,21.02,102.50,49.00,726.00,null,null,null
2023-08-21T09:04:02Z,25.34,70.43,99,0,26.80,102.49,49.00,726.00,null,null,null
2023-08-21T09:05:02Z,25.35,70.29,99,0,28.84,102.50,47.00,715.00,0,0,0
2023-08-21T09:06:02Z,25.34,70.53,99,0,28.14,102.50,47.00,715.00,null,null,null
2023-08-21T09:07:02Z,25.34,70.55,99,0,28.01,102.50,47.00,710.00,null,null,null
2023-08-21T09:08:02Z,25.34,70.58,99,0,25.98,102.49,46.00,702.00,null,null,null
2023-08-21T09:09:02Z,25.31,70.35,99,0,26.82,102.49,46.00,702.00,null,null,null
2023-08-21T09:10:02Z,25.33,70.64,99,0,26.93,102.49,45.00,697.00,0,0,0
2023-08-21T09:11:02Z,25.35,70.58,99,0,22.55,102.49,45.00,697.00,null,null,null
2023-08-21T09:12:02Z,25.37,70.55,99,0,29.74,102.49,43.00,686.00,null,null,null
2023-08-21T09:13:02Z,25.33,70.43,99,0,24.43,102.48,43.00,686.00,null,null,null
2023-08-21T09:14:02Z,25.31,70.70,99,0,24.72,102.48,42.00,679.00,null,null,null
2023-08-21T09:15:02Z,25.34,70.61,99,0,26.67,102.48,42.00,679.00,0,0,0
2023-08-21T09:16:02Z,25.34,70.65,99,0,24.27,102.48,42.00,679.00,null,null,null
2023-08-21T09:17:02Z,25.30,70.41,99,0,26.00,102.48,42.00,679.00,null,null,null
2023-08-21T09:18:02Z,25.31,70.42,99,0,27.89,102.47,40.00,668.00,null,null,null
2023-08-21T09:19:02Z,25.31,70.60,99,0,26.03,102.47,40.00,668.00,null,null,null
2023-08-21T09:20:02Z,25.33,70.56,99,0,26.73,102.47,40.00,668.00,0,0,0
2023-08-21T09:21:02Z,25.34,70.78,99,0,26.46,102.47,40.00,668.00,null,null,null
2023-08-21T09:22:02Z,25.33,70.46,99,0,24.23,102.47,38.00,650.00,null,null,null
2023-08-21T09:23:02Z,25.28,70.59,99,0,26.50,102.47,39.00,656.00,null,null,null
2023-08-21T09:24:02Z,25.30,70.67,99,0,30.57,102.47,39.00,656.00,null,null,null
2023-08-21T09:25:02Z,25.33,70.58,99,0,30.42,102.47,38.00,652.00,0,0,0
2023-08-21T09:26:02Z,25.28,70.59,99,0,29.74,102.48,38.00,652.00,null,null,null
2023-08-21T09:27:02Z,25.33,70.64,99,0,26.46,102.48,37.00,645.00,null,null,null
2023-08-21T09:28:02Z,25.31,70.51,99,0,23.68,102.47,37.00,645.00,null,null,null
2023-08-21T09:29:02Z,25.28,70.64,99,0,24.96,102.47,36.00,640.00,null,null,null
2023-08-21T09:30:02Z,25.30,70.51,99,0,28.48,102.47,35.00,633.00,0,0,0
2023-08-21T09:31:02Z,25.30,70.62,99,0,35.40,102.47,35.00,633.00,null,null,null
2023-08-21T09:32:02Z,25.28,70.58,99,0,25.35,102.47,35.00,633.00,null,null,null
2023-08-21T09:33:02Z,25.31,70.56,99,0,29.05,102.47,35.00,633.00,null,null,null
2023-08-21T09:34:02Z,25.30,70.32,99,0,26.36,102.47,33.00,618.00,null,null,null
2023-08-21T09:35:02Z,25.28,70.34,99,0,23.49,102.47,33.00,618.00,0,0,0
2023-08-21T09:36:02Z,25.30,70.50,99,0,26.11,102.48,33.00,618.00,null,null,null
2023-08-21T09:37:02Z,25.30,70.46,99,0,25.16,102.47,32.00,614.00,null,null,null
2023-08-21T09:38:02Z,25.30,70.48,99,0,27.92,102.48,31.00,605.00,null,null,null
2023-08-21T09:39:02Z,25.27,70.52,99,0,24.89,102.48,32.00,614.00,null,null,null
2023-08-21T09:40:02Z,25.28,70.56,99,0,24.50,102.48,31.00,605.00,0,0,0
2023-08-21T09:41:02Z,25.27,70.42,99,0,23.77,102.47,30.00,599.00,null,null,null
2023-08-21T09:42:02Z,25.27,70.43,99,0,25.50,102.47,30.00,599.00,null,null,null
2023-08-21T09:43:02Z,25.28,70.42,99,0,25.38,102.48,31.00,605.00,null,null,null
2023-08-21T09:44:02Z,25.28,70.41,99,0,26.21,102.48,30.00,599.00,null,null,null
2023-08-21T09:45:02Z,25.27,70.38,99,0,26.14,102.47,29.00,596.00,0,0,0
2023-08-21T09:46:02Z,25.30,70.37,99,0,28.04,102.47,28.00,589.00,null,null,null
2023-08-21T09:47:02Z,25.28,70.40,99,0,26.41,102.47,28.00,589.00,null,null,null
2023-08-21T09:48:02Z,25.30,70.36,99,0,26.36,102.47,28.00,589.00,null,null,null
2023-08-21T09:49:02Z,25.30,70.31,99,0,25.29,102.47,28.00,589.00,null,null,null
2023-08-21T09:50:02Z,25.25,70.34,99,0,25.56,102.47,28.00,584.00,0,0,0
2023-08-21T09:51:02Z,25.28,70.32,99,0,29.60,102.48,26.00,577.00,null,null,null
2023-08-21T09:52:02Z,25.27,70.29,99,0,28.20,102.48,26.00,577.00,null,null,null
2023-08-21T09:53:02Z,25.27,70.36,99,0,27.64,102.47,26.00,577.00,null,null,null
2023-08-21T09:54:02Z,25.27,70.32,99,0,34.03,102.48,26.00,577.00,null,null,null
2023-08-21T09:55:02Z,25.25,70.33,99,0,29.93,102.47,25.00,566.00,0,0,0
2023-08-21T09:56:02Z,25.27,70.31,99,0,26.36,102.48,25.00,566.00,null,null,null
2023-08-21T09:57:02Z,25.25,70.31,99,0,26.29,102.48,24.00,560.00,null,null,null
2023-08-21T09:58:02Z,25.27,70.36,99,0,27.84,102.47,24.00,560.00,null,null,null
2023-08-21T09:59:02Z,25.23,70.31,99,0,26.34,102.47,24.00,560.00,null,null,null
2023-08-21T10:00:02Z,25.25,70.34,99,0,26.89,102.47,31.00,605.00,0,0,0
2023-08-21T10:01:02Z,25.27,70.29,99,0,28.93,102.47,24.00,560.00,null,null,null
2023-08-21T10:02:02Z,25.25,70.31,99,0,27.20,102.47,24.00,560.00,null,null,null
2023-08-21T10:03:02Z,25.25,70.29,99,0,26.24,102.46,24.00,560.00,null,null,null
2023-08-21T10:04:02Z,25.25,70.29,99,0,28.37,102.46,23.00,555.00,null,null,null
2023-08-21T10:05:02Z,25.25,70.26,99,0,25.87,102.46,23.00,555.00,0,0,0
2023-08-21T10:06:02Z,25.25,70.29,99,0,26.08,102.46,23.00,555.00,null,null,null
2023-08-21T10:07:02Z,25.24,70.22,99,0,26.19,102.46,23.00,555.00,null,null,null
2023-08-21T10:08:02Z,25.21,70.28,99,0,26.80,102.46,30.00,597.00,null,null,null
2023-08-21T10:09:02Z,25.25,70.29,99,0,23.05,102.45,30.00,602.00,null,null,null
2023-08-21T10:10:02Z,25.25,70.26,99,0,24.79,102.46,22.00,546.00,0,0,0
2023-08-21T10:11:02Z,25.24,70.25,99,0,26.76,102.46,22.00,546.00,null,null,null
2023-08-21T10:12:02Z,25.23,70.30,99,0,26.97,102.46,29.00,592.00,null,null,null
2023-08-21T10:13:02Z,25.23,70.34,99,0,28.92,102.45,29.00,592.00,null,null,null
2023-08-21T10:14:02Z,25.21,70.36,99,0,28.96,102.45,28.00,589.00,null,null,null
2023-08-21T10:15:02Z,25.25,70.25,99,0,29.67,102.46,29.00,592.00,0,0,0
2023-08-21T10:16:02Z,25.23,70.59,99,0,43.69,102.46,22.00,546.00,null,null,null
2023-08-21T10:17:02Z,25.23,70.48,99,0,25.70,102.45,29.00,592.00,null,null,null
2023-08-21T10:18:02Z,25.24,70.79,99,0,24.86,102.45,29.00,592.00,null,null,null
2023-08-21T10:19:02Z,25.23,70.64,99,0,28.88,102.46,28.00,584.00,null,null,null
2023-08-21T10:20:02Z,25.23,70.68,99,0,28.77,102.46,28.00,589.00,0,0,0
2023-08-21T10:21:02Z,25.24,70.78,99,0,29.03,102.46,29.00,592.00,null,null,null
2023-08-21T10:22:02Z,25.21,70.56,99,0,31.16,102.45,28.00,584.00,null,null,null
2023-08-21T10:23:02Z,25.24,70.70,99,0,25.87,102.46,28.00,589.00,null,null,null
2023-08-21T10:24:02Z,25.23,70.67,99,0,23.20,102.45,28.00,589.00,null,null,null
2023-08-21T10:25:02Z,25.23,70.73,99,0,31.67,102.45,28.00,589.00,0,0,0
2023-08-21T10:26:02Z,25.24,70.72,99,0,24.31,102.45,28.00,589.00,null,null,null
2023-08-21T10:27:02Z,25.25,70.88,99,0,33.47,102.45,28.00,589.00,null,null,null
2023-08-21T10:28:02Z,25.23,70.59,99,0,26.24,102.45,21.00,539.00,null,null,null
2023-08-21T10:29:02Z,25.24,70.85,99,0,25.09,102.45,29.00,592.00,null,null,null
2023-08-21T10:30:02Z,25.23,71.14,99,0,26.48,102.45,28.00,588.00,0,0,0
2023-08-21T10:31:02Z,25.24,71.11,99,0,33.59,102.45,28.00,588.00,null,null,null
2023-08-21T10:32:02Z,25.23,71.01,99,0,26.84,102.44,28.00,588.00,null,null,null
2023-08-21T10:33:02Z,25.24,70.98,99,0,28.74,102.45,28.00,588.00,null,null,null
2023-08-21T10:34:02Z,25.23,71.06,99,0,28.50,102.45,28.00,588.00,null,null,null
2023-08-21T10:35:02Z,25.21,70.96,99,0,29.30,102.45,28.00,588.00,0,0,0
2023-08-21T10:36:02Z,25.24,71.00,99,0,26.71,102.45,28.00,588.00,null,null,null
2023-08-21T10:37:02Z,25.23,70.89,99,0,26.60,102.46,28.00,588.00,null,null,null
2023-08-21T10:38:02Z,25.24,71.04,99,0,25.06,102.46,28.00,588.00,null,null,null
2023-08-21T10:39:02Z,25.24,70.94,99,0,25.67,102.45,28.00,588.00,null,null,null
2023-08-21T10:40:02Z,25.23,71.05,99,0,22.83,102.45,28.00,584.00,0,0,0
2023-08-21T10:41:02Z,25.23,70.94,99,0,27.77,102.45,28.00,584.00,null,null,null
2023-08-21T10:42:02Z,25.21,70.94,99,0,25.84,102.45,28.00,588.00,null,null,null
2023-08-21T10:43:02Z,25.23,71.01,99,0,25.90,102.45,28.00,584.00,null,null,null
2023-08-21T10:44:02Z,25.23,70.99,99,0,31.39,102.45,28.00,584.00,null,null,null
2023-08-21T10:45:02Z,25.21,71.03,99,0,27.97,102.45,28.00,584.00,0,0,0
2023-08-21T10:46:02Z,25.23,70.96,99,0,29.62,102.45,26.00,577.00,null,null,null
2023-08-21T10:47:02Z,25.24,70.87,99,0,29.54,102.45,28.00,584.00,null,null,null
2023-08-21T10:48:02Z,25.24,70.74,99,0,27.06,102.44,28.00,584.00,null,null,null
2023-08-21T10:49:02Z,25.21,70.89,99,0,47.71,102.45,28.00,589.00,null,null,null
2023-08-21T10:50:02Z,25.24,70.94,99,0,26.34,102.44,26.00,577.00,0,0,0
2023-08-21T10:51:02Z,25.23,70.96,99,0,25.59,102.44,26.00,572.00,null,null,null
2023-08-21T10:52:02Z,25.24,71.00,99,0,23.59,102.44,28.00,584.00,null,null,null
2023-08-21T10:53:02Z,25.25,71.04,99,0,24.54,102.44,28.00,584.00,null,null,null
2023-08-21T10:54:02Z,25.21,71.06,99,0,27.38,102.44,20.00,533.00,null,null,null
2023-08-21T10:55:02Z,25.21,71.16,99,0,27.55,102.43,28.00,584.00,0,0,0
2023-08-21T10:56:02Z,25.23,71.12,99,0,30.97,102.43,26.00,572.00,null,null,null
2023-08-21T10:57:02Z,25.21,70.98,99,0,30.56,102.44,26.00,577.00,null,null,null
2023-08-21T10:58:02Z,25.21,71.04,99,0,32.19,102.44,26.00,577.00,null,null,null
2023-08-21T10:59:02Z,25.23,71.01,99,0,26.16,102.44,26.00,577.00,null,null,null
2023-08-21T11:00:02Z,25.24,70.94,99,0,26.80,102.43,26.00,577.00,0,0,0
2023-08-21T11:01:02Z,25.24,71.07,99,0,24.96,102.43,26.00,577.00,null,null,null
2023-08-21T11:02:02Z,25.23,70.98,99,0,27.55,102.43,28.00,584.00,null,null,null
2023-08-21T11:03:02Z,25.21,70.96,99,0,27.26,102.43,26.00,577.00,null,null,null
2023-08-21T11:04:02Z,25.23,70.97,99,0,30.03,102.43,26.00,577.00,null,null,null
2023-08-21T11:05:02Z,25.21,70.91,99,0,27.57,102.43,26.00,577.00,0,0,0
2023-08-21T11:06:02Z,25.23,71.06,99,0,28.09,102.43,26.00,572.00,null,null,null
2023-08-21T11:07:02Z,25.23,70.69,99,0,25.16,102.43,26.00,572.00,null,null,null
2023-08-21T11:08:02Z,25.21,70.65,99,0,30.20,102.43,26.00,572.00,null,null,null
2023-08-21T11:09:02Z,25.23,70.99,99,0,32.04,102.43,26.00,572.00,null,null,null
2023-08-21T11:10:02Z,25.18,71.00,99,0,30.39,102.42,25.00,567.00,0,0,0
2023-08-21T11:11:02Z,25.23,70.97,99,0,27.06,102.42,25.00,567.00,null,null,null
2023-08-21T11:12:02Z,25.24,70.82,99,0,24.58,102.42,24.00,560.00,null,null,null
2023-08-21T11:13:02Z,25.21,70.85,99,0,27.02,102.42,24.00,560.00,null,null,null
2023-08-21T11:14:02Z,25.21,70.96,99,0,37.34,102.42,24.00,560.00,null,null,null
2023-08-21T11:15:02Z,25.23,70.85,99,0,24.65,102.42,23.00,553.00,0,0,0
2023-08-21T11:16:02Z,25.23,70.89,99,0,32.45,102.41,23.00,551.00,null,null,null
2023-08-21T11:17:02Z,25.24,70.79,99,0,39.35,102.42,23.00,553.00,null,null,null
2023-08-21T11:18:02Z,25.21,70.72,99,0,28.80,102.42,23.00,551.00,null,null,null
2023-08-21T11:19:02Z,25.23,70.89,99,0,27.73,102.41,22.00,545.00,null,null,null
2023-08-21T11:20:02Z,25.23,70.64,99,0,31.12,102.41,21.00,540.00,0,0,0
2023-08-21T11:21:02Z,25.21,70.60,99,0,28.01,102.41,21.00,539.00,null,null,null
2023-08-21T11:22:02Z,25.23,70.75,99,0,29.00,102.42,21.00,539.00,null,null,null
2023-08-21T11:23:02Z,25.24,70.68,99,0,22.24,102.42,20.00,534.00,null,null,null
2023-08-21T11:24:02Z,25.23,70.79,99,0,26.87,102.41,20.00,534.00,null,null,null
2023-08-21T11:25:02Z,25.24,70.79,99,0,25.98,102.41,19.00,530.00,0,0,0
2023-08-21T11:26:02Z,25.23,70.68,99,0,53.35,102.42,18.00,524.00,null,null,null
2023-08-21T11:27:02Z,25.23,70.46,99,0,34.01,102.41,19.00,526.00,null,null,null
2023-08-21T11:28:02Z,25.21,70.35,99,0,30.91,102.41,18.00,520.00,null,null,null
2023-08-21T11:29:02Z,25.21,70.36,99,0,28.98,102.42,15.00,505.00,null,null,null
2023-08-21T11:30:02Z,25.24,70.27,99,0,31.70,102.41,15.00,505.00,0,0,0
2023-08-21T11:31:02Z,25.21,70.27,99,0,34.85,102.40,15.00,501.00,null,null,null
2023-08-21T11:32:02Z,25.23,69.53,99,0,31.86,102.40,14.00,496.00,null,null,null
2023-08-21T11:33:02Z,25.23,68.99,99,0,32.58,102.39,13.00,486.00,null,null,null
2023-08-21T11:34:02Z,25.21,69.75,99,0,24.83,102.39,12.00,480.00,null,null,null
2023-08-21T11:35:02Z,25.20,70.08,99,0,28.48,102.39,10.00,472.00,0,0,0
2023-08-21T11:36:02Z,25.21,69.10,99,0,24.83,102.38,11.00,478.00,null,null,null
2023-08-21T11:37:02Z,25.21,69.31,99,0,29.46,102.38,10.00,466.00,null,null,null
2023-08-21T11:38:02Z,25.24,69.33,99,0,33.03,102.38,8.00,459.00,null,null,null
2023-08-21T11:39:02Z,25.20,69.69,99,0,25.84,102.39,8.00,455.00,null,null,null
2023-08-21T11:40:02Z,25.20,69.72,99,0,29.96,102.39,8.00,455.00,0,0,0
2023-08-21T11:41:02Z,25.21,69.58,99,0,32.42,102.38,7.00,450.00,null,null,null
2023-08-21T11:42:02Z,25.20,69.05,99,0,26.95,102.38,7.00,447.00,null,null,null
2023-08-21T11:43:02Z,25.20,69.58,99,0,28.06,102.39,6.00,444.00,null,null,null
2023-08-21T11:44:02Z,25.21,69.15,99,0,26.97,102.38,6.00,444.00,null,null,null
2023-08-21T11:45:02Z,25.18,67.96,99,0,31.70,102.37,6.00,444.00,0,0,0
2023-08-21T11:46:02Z,25.18,67.18,99,0,33.27,102.37,3.00,425.00,null,null,null
2023-08-21T11:47:02Z,25.20,66.68,99,0,45.32,102.37,3.00,424.00,null,null,null
2023-08-21T11:48:02Z,25.21,67.19,99,0,27.53,102.38,2.00,416.00,null,null,null
2023-08-21T11:49:02Z,25.17,67.93,99,0,37.45,102.38,0.00,405.00,null,null,null
2023-08-21T11:50:02Z,25.18,69.06,99,0,32.54,102.38,0.00,405.00,0,0,0
2023-08-21T11:51:02Z,25.18,69.00,99,0,25.53,102.39,0.00,400.00,null,null,null
2023-08-21T11:52:02Z,25.18,69.01,99,0,57.92,102.37,1.00,409.00,null,null,null
2023-08-21T11:53:02Z,25.18,68.50,99,0,57.79,102.37,1.00,407.00,null,null,null
2023-08-21T11:54:02Z,25.18,68.38,99,0,60.94,102.37,0.00,403.00,null,null,null
2023-08-21T11:55:02Z,25.18,68.50,99,0,66.50,102.36,0.00,403.00,0,0,0
2023-08-21T11:56:02Z,25.18,68.53,99,0,60.97,102.38,0.00,400.00,null,null,null
2023-08-21T11:57:02Z,25.20,67.75,99,0,63.97,102.39,0.00,405.00,null,null,null
2023-08-21T11:58:02Z,25.20,67.07,99,0,68.85,102.37,0.00,400.00,null,null,null
2023-08-21T11:59:02Z,25.15,67.61,99,0,48.63,102.38,0.00,400.00,null,null,null
2023-08-21T12:00:02Z,25.20,67.83,99,0,67.01,102.38,0.00,400.00,0,0,0
2023-08-21T12:01:02Z,25.17,66.91,99,0,60.44,102.38,0.00,400.00,null,null,null
2023-08-21T12:02:02Z,25.17,67.16,99,0,65.46,102.38,0.00,405.00,null,null,null
2023-08-21T12:03:02Z,25.18,66.96,99,0,61.83,102.36,0.00,405.00,null,null,null
2023-08-21T12:04:02Z,25.17,66.28,99,0,65.69,102.37,0.00,400.00,null,null,null
2023-08-21T12:05:02Z,25.15,66.32,99,0,59.79,102.36,0.00,400.00,0,0,0
2023-08-21T12:06:02Z,25.17,66.94,99,0,62.47,102.36,0.00,400.00,null,null,null
2023-08-21T12:07:02Z,25.18,67.49,99,0,59.53,102.35,0.00,400.00,null,null,null
2023-08-21T12:08:02Z,25.15,67.87,99,0,61.04,102.35,0.00,405.00,null,null,null
2023-08-21T12:09:02Z,25.17,66.36,99,0,63.85,102.35,0.00,400.00,null,null,null
2023-08-21T12:10:02Z,25.15,63.87,99,0,65.63,102.35,0.00,400.00,0,0,0
2023-08-21T12:11:02Z,25.13,64.20,99,0,39.29,102.35,0.00,400.00,null,null,null
2023-08-21T12:12:02Z,25.14,64.92,99,0,50.25,102.36,0.00,400.00,null,null,null
2023-08-21T12:13:02Z,25.13,65.65,99,0,54.68,102.36,0.00,400.00,null,null,null
2023-08-21T12:14:02Z,25.13,66.19,99,0,63.06,102.35,0.00,406.00,null,null,null
2023-08-21T12:15:02Z,25.13,66.84,99,0,53.96,102.35,0.00,406.00,0,0,0
2023-08-21T12:16:02Z,25.11,65.51,99,0,50.39,102.35,0.00,400.00,null,null,null
2023-08-21T12:17:02Z,25.14,65.15,99,0,55.97,102.35,0.00,405.00,null,null,null
2023-08-21T12:18:02Z,25.13,65.75,99,0,66.35,102.35,1.00,408.00,null,null,null
2023-08-21T12:19:02Z,25.10,66.76,99,0,60.84,102.34,1.00,408.00,null,null,null
2023-08-21T12:20:02Z,25.13,67.10,99,0,64.43,102.35,0.00,405.00,0,0,0
2023-08-21T12:21:02Z,25.14,66.94,99,0,63.66,102.35,1.00,413.00,null,null,null
2023-08-21T12:22:02Z,25.14,66.74,99,0,62.23,102.34,1.00,413.00,null,null,null
2023-08-21T12:23:02Z,25.13,67.02,99,0,60.58,102.35,2.00,416.00,null,null,null
2023-08-21T12:24:02Z,25.14,67.08,99,0,60.16,102.35,1.00,413.00,null,null,null
2023-08-21T12:25:02Z,25.11,66.86,99,0,65.05,102.35,1.00,413.00,0,0,0
2023-08-21T12:26:02Z,25.14,66.83,99,0,54.41,102.35,1.00,413.00,null,null,null
2023-08-21T12:27:02Z,25.14,67.00,99,0,71.95,102.35,2.00,416.00,null,null,null
2023-08-21T12:28:02Z,25.14,67.00,99,0,66.96,102.34,1.00,413.00,null,null,null
2023-08-21T12:29:02Z,25.11,66.27,99,0,61.37,102.35,1.00,408.00,null,null,null
2023-08-21T12:30:02Z,25.13,66.88,99,0,46.57,102.33,1.00,411.00,0,0,0
2023-08-21T12:31:02Z,25.11,66.87,99,0,56.20,102.33,1.00,408.00,null,null,null
2023-08-21T12:32:02Z,25.13,66.70,99,0,63.64,102.33,1.00,408.00,null,null,null
2023-08-21T12:33:02Z,25.13,66.61,99,0,63.26,102.32,1.00,411.00,null,null,null
2023-08-21T12:34:02Z,25.11,66.65,99,0,50.55,102.32,1.00,411.00,null,null,null
2023-08-21T12:35:02Z,25.11,66.64,99,0,65.08,102.33,1.00,411.00,0,0,0
2023-08-21T12:36:02Z,25.13,66.71,99,0,64.41,102.33,1.00,408.00,null,null,null
2023-08-21T12:37:02Z,25.14,66.35,99,0,62.54,102.33,1.00,411.00,null,null,null
2023-08-21T12:38:02Z,25.10,66.55,99,0,39.28,102.33,1.00,408.00,null,null,null
2023-08-21T12:39:02Z,25.10,66.52,99,0,65.49,102.33,1.00,411.00,null,null,null
2023-08-21T12:40:02Z,25.10,66.49,99,0,62.17,102.33,1.00,408.00,0,0,0
2023-08-21T12:41:02Z,25.11,66.58,99,0,61.46,102.33,1.00,408.00,null,null,null
2023-08-21T12:42:02Z,25.13,66.54,99,0,42.56,102.32,1.00,408.00,null,null,null
2023-08-21T12:43:02Z,25.10,66.48,99,0,59.38,102.32,1.00,411.00,null,null,null
2023-08-21T12:44:02Z,25.11,66.44,99,0,60.50,102.32,1.00,408.00,null,null,null
2023-08-21T12:45:02Z,25.08,66.37,99,0,57.76,102.32,1.00,408.00,0,0,0
2023-08-21T12:46:02Z,25.11,66.45,99,0,56.50,102.31,0.00,403.00,null,null,null
2023-08-21T12:47:02Z,25.11,66.37,99,0,60.70,102.31,1.00,408.00,null,null,null
2023-08-21T12:48:02Z,25.11,66.49,99,0,54.92,102.31,1.00,408.00,null,null,null
2023-08-21T12:49:02Z,25.08,66.53,99,0,27.02,102.31,1.00,408.00,null,null,null
2023-08-21T12:50:02Z,25.08,66.66,99,0,66.72,102.32,1.00,411.00,0,0,0
2023-08-21T12:51:02Z,25.08,66.46,99,0,61.51,102.30,1.00,408.00,null,null,null
2023-08-21T12:52:02Z,25.08,66.63,99,0,60.20,102.30,1.00,408.00,null,null,null
2023-08-21T12:53:02Z,25.11,66.69,99,0,null,102.31,1.00,411.00,null,null,null
2023-08-21T12:54:02Z,25.10,66.83,99,0,58.81,102.31,1.00,411.00,null,null,null
2023-08-21T12:55:02Z,25.08,66.82,99,0,28.06,102.31,1.00,408.00,0,0,0
2023-08-21T12:56:02Z,25.10,66.78,99,0,42.01,102.30,1.00,408.00,null,null,null
2023-08-21T12:57:02Z,25.10,66.80,99,0,35.00,102.30,1.00,408.00,null,null,null
2023-08-21T12:58:02Z,25.08,66.78,99,0,53.68,102.31,1.00,413.00,null,null,null
2023-08-21T12:59:02Z,25.10,66.81,99,0,34.82,102.30,1.00,413.00,null,null,null
2023-08-21T13:00:02Z,25.08,66.81,99,0,31.72,102.29,1.00,413.00,0,0,0
2023-08-21T13:01:02Z,25.10,66.78,99,0,51.92,102.30,1.00,408.00,null,null,null
2023-08-21T13:02:02Z,25.08,66.77,99,0,60.54,102.30,1.00,408.00,null,null,null
2023-08-21T13:03:02Z,25.07,66.76,99,0,55.84,102.29,1.00,408.00,null,null,null
2023-08-21T13:04:02Z,25.10,66.77,99,0,56.15,102.29,1.00,413.00,null,null,null
2023-08-21T13:05:02Z,25.10,66.77,99,0,60.65,102.30,1.00,408.00,0,0,0
2023-08-21T13:06:02Z,25.11,66.55,99,0,55.59,102.29,1.00,408.00,null,null,null
2023-08-21T13:07:02Z,25.08,66.55,99,0,52.10,102.29,3.00,420.00,null,null,null
2023-08-21T13:08:02Z,25.08,66.50,99,0,58.70,102.29,4.00,428.00,null,null,null
2023-08-21T13:09:02Z,25.08,66.42,99,0,57.05,102.29,4.00,428.00,null,null,null
2023-08-21T13:10:02Z,25.08,66.44,99,0,58.07,102.29,4.00,428.00,0,0,0
2023-08-21T13:11:02Z,25.08,66.20,99,0,64.47,102.29,4.00,428.00,null,null,null
2023-08-21T13:12:02Z,25.08,66.25,99,0,41.48,102.28,3.00,426.00,null,null,null
2023-08-21T13:13:02Z,25.07,66.34,99,0,42.14,102.29,3.00,422.00,null,null,null
2023-08-21T13:14:02Z,25.10,66.55,99,0,64.84,102.29,3.00,422.00,null,null,null
2023-08-21T13:15:02Z,25.10,66.60,99,0,58.18,102.30,3.00,422.00,0,0,0
2023-08-21T13:16:02Z,25.08,66.57,99,0,60.82,102.28,3.00,422.00,null,null,null
2023-08-21T13:17:02Z,25.11,66.68,99,0,54.57,102.29,3.00,422.00,null,null,null
2023-08-21T13:18:02Z,25.08,66.66,99,0,53.66,102.29,3.00,422.00,null,null,null
2023-08-21T13:19:02Z,25.08,66.68,99,0,55.47,102.28,3.00,422.00,null,null,null
2023-08-21T13:20:02Z,25.08,66.65,99,0,57.81,102.29,3.00,422.00,0,0,0
2023-08-21T13:21:02Z,25.10,66.65,99,0,63.66,102.29,3.00,422.00,null,null,null
2023-08-21T13:22:02Z,25.11,66.60,99,0,63.37,102.28,3.00,422.00,null,null,null
2023-08-21T13:23:02Z,25.10,66.50,99,0,62.26,102.29,3.00,422.00,null,null,null
2023-08-21T13:24:02Z,25.11,66.48,99,0,52.02,102.29,3.00,422.00,null,null,null
2023-08-21T13:25:02Z,25.07,66.54,99,0,59.56,102.28,3.00,422.00,0,0,0
2023-08-21T13:26:02Z,25.11,66.42,99,0,62.89,102.29,3.00,422.00,null,null,null
2023-08-21T13:27:02Z,25.11,66.45,99,0,58.23,102.28,3.00,422.00,null,null,null
2023-08-21T13:28:02Z,25.10,66.39,99,0,55.06,102.28,3.00,422.00,null,null,null
2023-08-21T13:29:02Z,25.10,66.48,99,0,56.35,102.28,3.00,420.00,null,null,null
2023-08-21T13:30:02Z,25.08,66.50,99,0,58.72,102.28,3.00,420.00,0,0,0
2023-08-21T13:31:02Z,25.10,66.34,99,0,62.48,102.28,2.00,416.00,null,null,null
2023-08-21T13:32:02Z,25.11,66.41,99,0,66.52,102.27,3.00,420.00,null,null,null
2023-08-21T13:33:02Z,25.08,66.36,99,0,56.49,102.28,2.00,416.00,null,null,null
2023-08-21T13:34:02Z,25.11,66.41,99,0,46.61,102.27,3.00,420.00,null,null,null
2023-08-21T13:35:02Z,25.08,66.54,99,0,56.84,102.27,2.00,416.00,0,0,0
2023-08-21T13:36:02Z,25.10,66.45,99,0,50.51,102.27,3.00,420.00,null,null,null
2023-08-21T13:37:02Z,25.08,66.45,99,0,65.01,102.27,2.00,416.00,null,null,null
2023-08-21T13:38:02Z,25.10,66.49,99,0,68.40,102.27,2.00,416.00,null,null,null
2023-08-21T13:39:02Z,25.10,66.47,99,0,63.43,102.28,2.00,416.00,null,null,null
2023-08-21T13:40:02Z,25.08,66.57,99,0,65.43,102.27,2.00,416.00,0,0,0
2023-08-21T13:41:02Z,25.10,66.60,99,0,64.72,102.27,2.00,416.00,null,null,null
2023-08-21T13:42:02Z,25.10,66.65,99,0,65.41,102.28,3.00,420.00,null,null,null
2023-08-21T13:43:02Z,25.11,66.68,99,0,54.93,102.27,2.00,416.00,null,null,null
2023-08-21T13:44:02Z,25.10,66.63,99,0,58.40,102.26,3.00,420.00,null,null,null
2023-08-21T13:45:02Z,25.11,66.69,99,0,60.61,102.26,2.00,416.00,0,0,0
2023-08-21T13:46:02Z,25.11,66.73,99,0,52.57,102.26,3.00,420.00,null,null,null
2023-08-21T13:47:02Z,25.13,66.71,99,0,28.09,102.26,2.00,416.00,null,null,null
2023-08-21T13:48:02Z,25.14,66.72,99,0,27.53,102.26,3.00,420.00,null,null,null
2023-08-21T13:49:02Z,25.11,66.80,99,0,42.09,102.26,2.00,416.00,null,null,null
2023-08-21T13:50:02Z,25.11,66.78,99,0,26.69,102.26,2.00,416.00,0,0,0
2023-08-21T13:51:02Z,25.11,66.82,99,0,27.44,102.26,1.00,413.00,null,null,null
2023-08-21T13:52:02Z,25.10,66.80,99,0,25.56,102.26,1.00,413.00,null,null,null
2023-08-21T13:53:02Z,25.11,66.86,99,0,26.29,102.26,2.00,416.00,null,null,null
2023-08-21T13:54:02Z,25.11,66.87,99,0,32.12,102.26,2.00,416.00,null,null,null
2023-08-21T13:55:02Z,25.11,66.87,99,0,27.16,102.25,1.00,413.00,0,0,0
2023-08-21T13:56:02Z,25.10,67.01,99,0,30.09,102.26,1.00,408.00,null,null,null
2023-08-21T13:57:02Z,25.13,67.02,99,0,28.19,102.25,2.00,418.00,null,null,null
2023-08-21T13:58:02Z,25.13,67.13,99,0,26.21,102.26,2.00,418.00,null,null,null
2023-08-21T13:59:02Z,25.11,67.16,99,0,26.78,102.25,2.00,418.00,null,null,null
2023-08-21T14:00:02Z,25.13,67.19,99,0,25.92,102.25,3.00,425.00,0,0,0
2023-08-21T14:01:02Z,25.10,67.20,99,0,28.09,102.25,2.00,416.00,null,null,null
2023-08-21T14:02:02Z,25.13,67.20,99,0,24.31,102.25,3.00,425.00,null,null,null
2023-08-21T14:03:02Z,25.13,67.16,99,0,23.30,102.25,2.00,418.00,null,null,null
2023-08-21T14:04:02Z,25.11,67.20,99,0,28.64,102.24,2.00,418.00,null,null,null
2023-08-21T14:05:02Z,25.14,67.17,99,0,30.73,102.25,2.00,416.00,0,0,0
2023-08-21T14:06:02Z,25.11,67.11,99,0,28.30,102.25,2.00,418.00,null,null,null
2023-08-21T14:07:02Z,25.13,67.14,99,0,22.24,102.25,2.00,418.00,null,null,null
2023-08-21T14:08:02Z,25.13,67.09,99,0,30.71,102.25,2.00,418.00,null,null,null
2023-08-21T14:09:02Z,25.15,67.11,99,0,29.68,102.25,2.00,418.00,null,null,null
2023-08-21T14:10:02Z,25.13,67.07,99,0,30.40,102.24,2.00,418.00,0,0,0
2023-08-21T14:11:02Z,25.13,67.04,99,0,26.16,102.24,2.00,418.00,null,null,null
2023-08-21T14:12:02Z,25.14,67.04,99,0,24.58,102.24,2.00,418.00,null,null,null
2023-08-21T14:13:02Z,25.14,67.07,99,0,22.72,102.24,2.00,418.00,null,null,null
2023-08-21T14:14:02Z,25.15,67.03,99,0,25.19,102.23,2.00,418.00,null,null,null
2023-08-21T14:15:02Z,25.14,66.98,99,0,29.47,102.23,2.00,418.00,0,0,0
2023-08-21T14:16:02Z,25.13,66.92,99,0,25.35,102.23,2.00,418.00,null,null,null
2023-08-21T14:17:02Z,25.15,66.87,99,0,24.76,102.23,2.00,416.00,null,null,null
2023-08-21T14:18:02Z,25.13,66.85,99,0,25.32,102.23,1.00,413.00,null,null,null
2023-08-21T14:19:02Z,25.15,66.86,99,0,32.28,102.23,1.00,413.00,null,null,null
2023-08-21T14:20:02Z,25.13,66.83,99,0,25.90,102.21,2.00,416.00,0,0,0
2023-08-21T14:21:02Z,25.15,66.86,99,0,24.07,102.22,2.00,416.00,null,null,null
2023-08-21T14:22:02Z,25.15,66.87,99,0,28.84,102.22,1.00,413.00,null,null,null
2023-08-21T14:23:02Z,25.14,66.83,99,0,30.08,102.21,1.00,413.00,null,null,null
2023-08-21T14:24:02Z,25.14,66.89,99,0,28.68,102.22,1.00,413.00,null,null,null
2023-08-21T14:25:02Z,25.13,66.88,99,0,25.87,102.21,1.00,413.00,0,0,0
2023-08-21T14:26:02Z,25.13,66.82,99,0,22.78,102.22,1.00,413.00,null,null,null
2023-08-21T14:27:02Z,25.15,66.81,99,0,25.44,102.21,1.00,413.00,null,null,null
2023-08-21T14:28:02Z,25.15,66.74,99,0,30.89,102.21,1.00,413.00,null,null,null
2023-08-21T14:29:02Z,25.15,66.73,99,0,27.44,102.21,2.00,416.00,null,null,null
2023-08-21T14:30:02Z,25.14,66.77,99,0,24.35,102.21,1.00,411.00,0,0,0
2023-08-21T14:31:02Z,25.17,66.73,99,0,27.20,102.21,1.00,408.00,null,null,null
2023-08-21T14:32:02Z,25.17,66.72,99,0,25.19,102.20,1.00,411.00,null,null,null
2023-08-21T14:33:02Z,25.15,66.69,99,0,23.94,102.20,1.00,411.00,null,null,null
2023-08-21T14:34:02Z,25.15,66.73,99,0,26.16,102.21,1.00,411.00,null,null,null
2023-08-21T14:35:02Z,25.17,66.74,99,0,27.64,102.21,1.00,411.00,0,0,0
2023-08-21T14:36:02Z,25.17,66.68,99,0,27.08,102.21,1.00,411.00,null,null,null
2023-08-21T14:37:02Z,25.17,66.71,99,0,27.12,102.20,1.00,411.00,null,null,null
2023-08-21T14:38:02Z,25.17,66.76,99,0,30.26,102.20,1.00,411.00,null,null,null
2023-08-21T14:39:02Z,25.17,66.71,99,0,23.81,102.20,1.00,408.00,null,null,null
2023-08-21T14:40:02Z,25.17,66.73,99,0,30.84,102.21,1.00,408.00,0,0,0
2023-08-21T14:41:02Z,25.18,66.67,99,0,25.65,102.21,1.00,408.00,null,null,null
2023-08-21T14:42:02Z,25.15,66.73,99,0,29.28,102.22,1.00,411.00,null,null,null
2023-08-21T14:43:02Z,25.20,66.70,99,0,25.84,102.21,1.00,411.00,null,null,null
2023-08-21T14:44:02Z,25.20,66.73,99,0,24.11,102.21,1.00,408.00,null,null,null
2023-08-21T14:45:02Z,25.17,66.75,99,0,23.59,102.21,1.00,408.00,0,0,0
2023-08-21T14:46:02Z,25.17,66.64,99,0,24.19,102.20,0.00,405.00,null,null,null
2023-08-21T14:47:02Z,25.18,66.65,99,0,24.86,102.20,1.00,408.00,null,null,null
2023-08-21T14:48:02Z,25.20,66.57,99,0,28.84,102.20,1.00,408.00,null,null,null
2023-08-21T14:49:02Z,25.15,66.64,99,0,26.84,102.20,1.00,408.00,null,null,null
2023-08-21T14:50:02Z,25.18,66.52,99,0,23.77,102.20,1.00,408.00,0,0,0
2023-08-21T14:51:02Z,25.18,66.52,99,0,24.11,102.20,1.00,408.00,null,null,null
2023-08-21T14:52:02Z,25.20,66.54,99,0,27.89,102.20,1.00,408.00,null,null,null
2023-08-21T14:53:02Z,25.20,66.55,99,0,28.25,102.20,1.00,408.00,null,null,null
2023-08-21T14:54:02Z,25.18,66.54,99,0,26.41,102.20,1.00,408.00,null,null,null
2023-08-21T14:55:02Z,25.20,66.56,99,0,23.25,102.20,1.00,408.00,0,0,0
2023-08-21T14:56:02Z,25.20,66.52,99,0,33.75,102.21,0.00,400.00,null,null,null
2023-08-21T14:57:02Z,25.20,66.49,99,0,26.19,102.20,1.00,409.00,null,null,null
2023-08-21T14:58:02Z,25.20,66.46,99,0,24.03,102.20,0.00,405.00,null,null,null
2023-08-21T14:59:02Z,25.21,66.45,99,0,28.54,102.20,1.00,409.00,null,null,null
2023-08-21T15:00:02Z,25.21,66.40,99,0,32.49,102.20,0.00,405.00,0,0,0
2023-08-21T15:01:02Z,25.20,65.88,99,0,27.53,102.20,0.00,400.00,null,null,null
2023-08-21T15:02:02Z,25.23,65.95,99,0,33.24,102.19,1.00,409.00,null,null,null
2023-08-21T15:03:02Z,25.20,66.10,99,0,28.47,102.19,0.00,405.00,null,null,null
2023-08-21T15:04:02Z,25.20,66.14,99,0,52.47,102.19,0.00,405.00,null,null,null
2023-08-21T15:05:02Z,25.20,66.22,99,0,35.20,102.19,0.00,405.00,0,0,0
2023-08-21T15:06:02Z,25.20,66.17,99,0,26.11,102.19,0.00,405.00,null,null,null
2023-08-21T15:07:02Z,25.21,66.08,99,0,29.36,102.19,0.00,405.00,null,null,null
2023-08-21T15:08:02Z,25.21,65.96,99,0,27.57,102.18,0.00,402.00,null,null,null
2023-08-21T15:09:02Z,25.23,66.09,99,0,26.95,102.19,0.00,402.00,null,null,null
2023-08-21T15:10:02Z,25.21,66.18,99,0,50.59,102.18,0.00,402.00,0,0,0
2023-08-21T15:11:02Z,25.21,66.26,99,0,52.30,102.18,0.00,405.00,null,null,null
2023-08-21T15:12:02Z,25.23,66.26,99,0,49.21,102.18,0.00,405.00,null,null,null
2023-08-21T15:13:02Z,25.21,66.28,99,0,57.21,102.18,0.00,405.00,null,null,null
2023-08-21T15:14:02Z,25.23,66.25,99,0,59.10,102.18,0.00,405.00,null,null,null
2023-08-21T15:15:02Z,25.21,66.27,99,0,54.70,102.18,0.00,405.00,0,0,0
2023-08-21T15:16:02Z,25.20,66.17,99,0,57.44,102.18,1.00,409.00,null,null,null
2023-08-21T15:17:02Z,25.24,66.24,99,0,59.03,102.18,1.00,409.00,null,null,null
2023-08-21T15:18:02Z,25.23,66.24,99,0,49.24,102.18,2.00,414.00,null,null,null
2023-08-21T15:19:02Z,25.21,66.35,99,0,59.76,102.17,2.00,414.00,null,null,null
2023-08-21T15:20:02Z,25.23,66.31,99,0,54.90,102.17,1.00,409.00,0,0,0
2023-08-21T15:21:02Z,25.27,66.31,99,0,57.06,102.17,1.00,409.00,null,null,null
2023-08-21T15:22:02Z,25.24,66.30,99,0,60.87,102.17,0.00,400.00,null,null,null
2023-08-21T15:23:02Z,25.24,66.28,99,0,53.49,102.16,5.00,434.00,null,null,null
2023-08-21T15:24:02Z,25.24,66.32,99,0,61.72,102.16,5.00,434.00,null,null,null
2023-08-21T15:25:02Z,25.21,66.35,99,0,60.08,102.16,5.00,439.00,0,0,0
2023-08-21T15:26:02Z,25.24,66.26,99,0,54.83,102.16,5.00,434.00,null,null,null
2023-08-21T15:27:02Z,25.25,66.21,99,0,60.52,102.16,5.00,439.00,null,null,null
2023-08-21T15:28:02Z,25.27,66.28,99,0,24.15,102.16,1.00,409.00,null,null,null
2023-08-21T15:29:02Z,25.25,66.23,99,0,25.79,102.16,0.00,405.00,null,null,null
2023-08-21T15:30:02Z,25.25,66.19,99,0,38.08,102.16,1.00,409.00,0,0,0
2023-08-21T15:31:02Z,25.25,66.17,99,0,29.99,102.17,1.00,413.00,null,null,null
2023-08-21T15:32:02Z,25.25,66.16,99,0,22.55,102.17,1.00,409.00,null,null,null
2023-08-21T15:33:02Z,25.25,66.13,99,0,41.71,102.17,1.00,413.00,null,null,null
2023-08-21T15:34:02Z,25.25,66.12,99,0,54.41,102.17,1.00,413.00,null,null,null
2023-08-21T15:35:02Z,25.25,66.15,99,0,51.37,102.17,1.00,413.00,0,0,0
2023-08-21T15:36:02Z,25.27,66.10,99,0,47.27,102.17,1.00,413.00,null,null,null
2023-08-21T15:37:02Z,25.27,66.10,99,0,54.27,102.17,1.00,413.00,null,null,null
2023-08-21T15:38:02Z,25.27,66.13,99,0,36.96,102.17,1.00,413.00,null,null,null
2023-08-21T15:39:02Z,25.27,66.13,99,0,49.71,102.17,1.00,413.00,null,null,null
2023-08-21T15:40:02Z,25.28,66.17,99,0,47.23,102.17,1.00,413.00,0,0,0
2023-08-21T15:41:02Z,25.28,66.13,99,0,50.63,102.17,1.00,413.00,null,null,null
2023-08-21T15:42:02Z,25.28,66.12,99,0,49.69,102.17,1.00,413.00,null,null,null
2023-08-21T15:43:02Z,25.27,66.12,99,0,49.53,102.17,2.00,415.00,null,null,null
2023-08-21T15:44:02Z,25.28,66.10,99,0,46.59,102.17,1.00,413.00,null,null,null
2023-08-21T15:45:02Z,25.27,66.12,99,0,50.74,102.17,2.00,415.00,0,0,0
2023-08-21T15:46:02Z,25.30,66.09,99,0,51.98,102.17,1.00,413.00,null,null,null
2023-08-21T15:47:02Z,25.31,66.05,99,0,50.29,102.17,2.00,415.00,null,null,null
2023-08-21T15:48:02Z,25.31,66.08,99,0,52.00,102.16,2.00,415.00,null,null,null
2023-08-21T15:49:02Z,25.31,66.05,99,0,49.33,102.17,2.00,415.00,null,null,null
2023-08-21T15:50:02Z,25.30,66.08,99,0,49.14,102.16,3.00,422.00,0,0,0
2023-08-21T15:51:02Z,25.30,66.01,99,0,48.33,102.16,2.00,415.00,null,null,null
2023-08-21T15:52:02Z,25.30,65.90,99,0,28.33,102.16,2.00,415.00,null,null,null
2023-08-21T15:53:02Z,25.34,65.91,99,0,50.71,102.16,2.00,415.00,null,null,null
2023-08-21T15:54:02Z,25.30,65.83,99,0,53.09,102.16,2.00,415.00,null,null,null
2023-08-21T15:55:02Z,25.33,65.82,99,0,53.25,102.16,2.00,415.00,0,0,0
2023-08-21T15:56:02Z,25.31,65.75,99,0,53.33,102.16,1.00,413.00,null,null,null
2023-08-21T15:57:02Z,25.30,65.81,99,0,31.84,102.15,3.00,422.00,null,null,null
2023-08-21T15:58:02Z,25.31,65.81,99,0,51.17,102.15,2.00,415.00,null,null,null
2023-08-21T15:59:02Z,25.34,65.76,99,0,49.03,102.15,2.00,415.00,null,null,null
2023-08-21T16:00:02Z,25.33,65.74,99,0,25.03,102.15,2.00,415.00,0,0,0
2023-08-21T16:01:02Z,25.30,65.67,99,0,51.67,102.16,1.00,413.00,null,null,null
2023-08-21T16:02:02Z,25.34,65.65,99,0,48.74,102.16,2.00,418.00,null,null,null
2023-08-21T16:03:02Z,25.31,65.63,99,0,65.03,102.15,2.00,416.00,null,null,null
2023-08-21T16:04:02Z,25.34,65.55,99,0,60.33,102.15,2.00,418.00,null,null,null
2023-08-21T16:05:02Z,25.33,65.48,99,0,49.61,102.16,2.00,418.00,0,0,0
2023-08-21T16:06:02Z,25.34,65.48,99,0,54.17,102.16,1.00,413.00,null,null,null
2023-08-21T16:07:02Z,25.33,65.50,99,0,57.86,102.17,2.00,418.00,null,null,null
2023-08-21T16:08:02Z,25.34,65.50,99,0,50.84,102.16,2.00,416.00,null,null,null
2023-08-21T16:09:02Z,25.31,65.43,99,0,60.45,102.16,2.00,418.00,null,null,null
2023-08-21T16:10:02Z,25.34,65.31,99,0,52.88,102.16,2.00,416.00,0,0,0
2023-08-21T16:11:02Z,25.37,65.39,99,0,54.31,102.16,2.00,416.00,null,null,null
2023-08-21T16:12:02Z,25.35,65.29,99,0,51.76,102.16,2.00,416.00,null,null,null
2023-08-21T16:13:02Z,25.35,65.27,99,0,56.50,102.16,2.00,416.00,null,null,null
2023-08-21T16:14:02Z,25.35,65.17,99,0,58.17,102.16,2.00,416.00,null,null,null
2023-08-21T16:15:02Z,25.35,65.27,99,0,55.99,102.16,3.00,420.00,0,0,0
2023-08-21T16:16:02Z,25.37,65.23,99,0,52.46,102.15,2.00,416.00,null,null,null
2023-08-21T16:17:02Z,25.35,65.20,99,0,54.93,102.15,3.00,420.00,null,null,null
2023-08-21T16:18:02Z,25.35,65.17,99,0,55.19,102.14,3.00,420.00,null,null,null
2023-08-21T16:19:02Z,25.34,65.19,99,0,50.58,102.14,3.00,420.00,null,null,null
2023-08-21T16:20:02Z,25.35,65.21,99,0,51.77,102.14,3.00,420.00,0,0,0
2023-08-21T16:21:02Z,25.37,65.03,99,0,33.40,102.14,3.00,420.00,null,null,null
2023-08-21T16:22:02Z,25.37,64.94,99,0,54.87,102.13,3.00,420.00,null,null,null
2023-08-21T16:23:02Z,25.37,64.88,99,0,52.56,102.13,3.00,420.00,null,null,null
2023-08-21T16:24:02Z,25.39,64.90,99,0,51.08,102.13,2.00,416.00,null,null,null
2023-08-21T16:25:02Z,25.35,64.94,99,0,57.98,102.13,2.00,416.00,0,0,0
2023-08-21T16:26:02Z,25.39,64.99,99,0,53.52,102.13,2.00,416.00,null,null,null
2023-08-21T16:27:02Z,25.38,64.99,99,0,55.29,102.13,2.00,416.00,null,null,null
2023-08-21T16:28:02Z,25.37,64.98,99,0,47.59,102.13,3.00,420.00,null,null,null
2023-08-21T16:29:02Z,25.37,65.10,99,0,51.71,102.14,3.00,420.00,null,null,null
2023-08-21T16:30:02Z,25.37,65.14,99,0,47.33,102.14,3.00,420.00,0,0,0
2023-08-21T16:31:02Z,25.38,65.03,99,0,55.89,102.14,3.00,420.00,null,null,null
2023-08-21T16:32:02Z,25.38,64.92,99,0,56.85,102.14,3.00,420.00,null,null,null
2023-08-21T16:33:02Z,25.38,64.89,99,0,59.78,102.14,2.00,416.00,null,null,null
2023-08-21T16:34:02Z,25.38,64.95,99,0,51.59,102.13,2.00,416.00,null,null,null
2023-08-21T16:35:02Z,25.38,64.89,99,0,46.56,102.13,1.00,411.00,0,0,0
2023-08-21T16:36:02Z,25.38,64.78,99,0,55.08,102.14,1.00,411.00,null,null,null
2023-08-21T16:37:02Z,25.38,64.57,99,0,43.21,102.14,2.00,416.00,null,null,null
2023-08-21T16:38:02Z,25.39,64.33,99,0,45.74,102.14,1.00,413.00,null,null,null
2023-08-21T16:39:02Z,25.41,64.17,99,0,52.91,102.14,1.00,408.00,null,null,null
2023-08-21T16:40:02Z,25.39,64.05,99,0,55.30,102.13,1.00,410.00,0,0,0
2023-08-21T16:41:02Z,25.41,63.89,99,0,57.39,102.14,0.00,406.00,null,null,null
2023-08-21T16:42:02Z,25.41,63.79,99,0,49.89,102.14,0.00,406.00,null,null,null
2023-08-21T16:43:02Z,25.41,63.97,99,0,52.02,102.14,0.00,403.00,null,null,null
2023-08-21T16:44:02Z,25.39,64.19,99,0,56.28,102.13,0.00,403.00,null,null,null
2023-08-21T16:45:02Z,25.39,64.11,99,0,54.03,102.14,0.00,403.00,0,0,0
2023-08-21T16:46:02Z,25.42,63.91,99,0,55.72,102.14,0.00,403.00,null,null,null
2023-08-21T16:47:02Z,25.38,64.01,99,0,52.67,102.13,0.00,400.00,null,null,null
2023-08-21T16:48:02Z,25.41,64.03,99,0,58.01,102.13,0.00,403.00,null,null,null
2023-08-21T16:49:02Z,25.41,64.01,99,0,56.74,102.13,0.00,400.00,null,null,null
2023-08-21T16:50:02Z,25.41,63.48,99,0,62.36,102.13,0.00,400.00,0,0,0
2023-08-21T16:51:02Z,25.44,63.50,99,0,57.43,102.13,0.00,400.00,null,null,null
2023-08-21T16:52:02Z,25.42,63.57,99,0,48.88,102.12,0.00,400.00,null,null,null
2023-08-21T16:53:02Z,25.41,63.57,99,0,50.21,102.13,0.00,405.00,null,null,null
2023-08-21T16:54:02Z,25.41,63.44,99,0,54.66,102.13,0.00,405.00,null,null,null
2023-08-21T16:55:02Z,25.44,63.22,99,0,49.61,102.13,0.00,400.00,0,0,0
2023-08-21T16:56:02Z,25.41,63.12,99,0,46.90,102.13,0.00,400.00,null,null,null
2023-08-21T16:57:02Z,25.44,62.74,99,0,45.22,102.13,0.00,400.00,null,null,null
2023-08-21T16:58:02Z,25.44,62.78,99,0,50.19,102.13,0.00,402.00,null,null,null
2023-08-21T16:59:02Z,25.41,62.47,99,0,52.63,102.13,0.00,400.00,null,null,null
2023-08-21T17:00:02Z,25.41,62.22,99,0,56.31,102.13,0.00,400.00,0,0,0
2023-08-21T17:01:02Z,25.41,62.13,99,0,55.24,102.13,0.00,400.00,null,null,null
2023-08-21T17:02:02Z,25.42,62.31,99,0,52.86,102.13,1.00,408.00,null,null,null
2023-08-21T17:03:02Z,25.41,62.61,99,0,51.80,102.13,0.00,400.00,null,null,null
2023-08-21T17:04:02Z,25.44,62.70,99,0,52.40,102.12,0.00,400.00,null,null,null
2023-08-21T17:05:02Z,25.44,62.72,99,0,53.43,102.12,0.00,400.00,0,0,0
2023-08-21T17:06:02Z,25.44,62.08,99,0,50.69,102.12,0.00,400.00,null,null,null
2023-08-21T17:07:02Z,25.44,61.68,99,0,55.93,102.13,0.00,403.00,null,null,null
2023-08-21T17:08:02Z,25.44,61.61,99,0,59.22,102.13,0.00,402.00,null,null,null
2023-08-21T17:09:02Z,25.42,61.58,99,0,53.65,102.13,0.00,402.00,null,null,null
2023-08-21T17:10:02Z,25.45,61.78,99,0,54.99,102.13,0.00,400.00,0,0,0
2023-08-21T17:11:02Z,25.45,61.76,99,0,52.06,102.13,0.00,400.00,null,null,null
2023-08-21T17:12:02Z,25.45,61.65,99,0,52.32,102.14,0.00,400.00,null,null,null
2023-08-21T17:13:02Z,25.45,61.59,99,0,26.99,102.14,0.00,400.00,null,null,null
2023-08-21T17:14:02Z,25.44,61.40,99,0,48.88,102.13,0.00,400.00,null,null,null
2023-08-21T17:15:02Z,25.44,61.50,99,0,48.26,102.13,0.00,400.00,0,0,0
2023-08-21T17:16:02Z,25.44,61.26,99,0,55.81,102.14,0.00,400.00,null,null,null
2023-08-21T17:17:02Z,25.45,61.21,99,0,62.46,102.13,0.00,400.00,null,null,null
2023-08-21T17:18:02Z,25.45,61.36,99,0,50.41,102.13,0.00,405.00,null,null,null
2023-08-21T17:19:02Z,25.42,61.21,99,0,37.33,102.13,0.00,400.00,null,null,null
2023-08-21T17:20:02Z,25.44,61.61,99,0,42.99,102.13,0.00,405.00,0,0,0
2023-08-21T17:21:02Z,25.45,62.17,99,0,35.27,102.13,0.00,405.00,null,null,null
2023-08-21T17:22:02Z,25.46,62.34,99,0,28.55,102.13,0.00,406.00,null,null,null
2023-08-21T17:23:02Z,25.45,62.45,99,0,29.22,102.13,0.00,406.00,null,null,null
2023-08-21T17:24:02Z,25.44,62.47,99,0,40.70,102.13,1.00,408.00,null,null,null
2023-08-21T17:25:02Z,25.45,62.48,99,0,27.34,102.13,1.00,413.00,0,0,0
2023-08-21T17:26:02Z,25.44,61.53,99,0,24.46,102.13,1.00,408.00,null,null,null
2023-08-21T17:27:02Z,25.44,62.12,99,0,28.33,102.12,3.00,420.00,null,null,null
2023-08-21T17:28:02Z,25.42,61.49,99,0,25.13,102.12,1.00,409.00,null,null,null
2023-08-21T17:29:02Z,25.45,61.64,99,0,37.15,102.13,1.00,409.00,null,null,null
2023-08-21T17:30:02Z,25.48,62.09,99,0,41.07,102.12,2.00,415.00,0,0,0
2023-08-21T17:31:02Z,25.46,62.31,99,0,27.26,102.12,1.00,409.00,null,null,null
2023-08-21T17:32:02Z,25.46,61.94,99,0,31.02,102.12,1.00,408.00,null,null,null
2023-08-21T17:33:02Z,25.45,62.27,99,0,32.75,102.12,2.00,416.00,null,null,null
2023-08-21T17:34:02Z,25.45,61.89,99,0,33.09,102.12,1.00,408.00,null,null,null
2023-08-21T17:35:02Z,25.45,62.07,99,0,29.93,102.12,1.00,411.00,0,0,0
2023-08-21T17:36:02Z,25.45,62.14,99,0,35.36,102.13,1.00,411.00,null,null,null
2023-08-21T17:37:02Z,25.45,61.82,99,0,25.98,102.13,1.00,411.00,null,null,null
2023-08-21T17:38:02Z,25.48,62.17,99,0,33.26,102.13,1.00,411.00,null,null,null
2023-08-21T17:39:02Z,25.45,62.41,99,0,35.62,102.12,1.00,409.00,null,null,null
2023-08-21T17:40:02Z,25.45,62.43,99,0,29.80,102.12,1.00,408.00,0,0,0
2023-08-21T17:41:02Z,25.48,62.44,99,0,32.29,102.12,1.00,413.00,null,null,null
2023-08-21T17:42:02Z,25.45,62.39,99,0,43.89,102.12,1.00,413.00,null,null,null
2023-08-21T17:43:02Z,25.46,62.13,99,0,29.28,102.12,3.00,421.00,null,null,null
2023-08-21T17:44:02Z,25.46,62.43,99,0,66.49,102.12,3.00,424.00,null,null,null
2023-08-21T17:45:02Z,25.46,62.52,99,0,62.93,102.13,3.00,425.00,0,0,0
2023-08-21T17:46:02Z,25.49,62.61,99,0,34.10,102.12,3.00,425.00,null,null,null
2023-08-21T17:47:02Z,25.46,62.70,99,0,34.73,102.13,4.00,428.00,null,null,null
2023-08-21T17:48:02Z,25.46,62.72,99,0,28.40,102.12,4.00,428.00,null,null,null
2023-08-21T17:49:02Z,25.48,62.22,99,0,25.00,102.12,4.00,428.00,null,null,null
2023-08-21T17:50:02Z,25.46,62.03,99,0,26.31,102.12,4.00,428.00,0,0,0
2023-08-21T17:51:02Z,25.51,61.57,99,0,28.36,102.12,3.00,424.00,null,null,null
2023-08-21T17:52:02Z,25.46,61.72,99,0,26.36,102.12,3.00,420.00,null,null,null
2023-08-21T17:53:02Z,25.48,61.26,99,0,29.00,102.12,3.00,420.00,null,null,null
2023-08-21T17:54:02Z,25.49,61.51,99,0,28.76,102.12,1.00,413.00,null,null,null
2023-08-21T17:55:02Z,25.46,61.23,99,0,26.43,102.12,1.00,413.00,0,0,0
2023-08-21T17:56:02Z,25.49,61.27,99,0,28.71,102.12,0.00,405.00,null,null,null
2023-08-21T17:57:02Z,25.48,61.37,99,0,28.51,102.12,0.00,405.00,null,null,null
2023-08-21T17:58:02Z,25.48,61.36,99,0,27.04,102.12,0.00,405.00,null,null,null
2023-08-21T17:59:02Z,25.48,60.95,99,0,26.24,102.12,0.00,400.00,null,null,null
2023-08-21T18:00:02Z,25.45,61.27,99,0,27.73,102.12,0.00,405.00,0,0,0
2023-08-21T18:01:02Z,25.46,60.98,99,0,30.73,102.12,0.00,400.00,null,null,null
2023-08-21T18:02:02Z,25.45,60.91,99,0,28.42,102.12,1.00,409.00,null,null,null
2023-08-21T18:03:02Z,25.46,60.98,99,0,25.09,102.12,0.00,401.00,null,null,null
2023-08-21T18:04:02Z,25.48,61.03,99,0,24.89,102.13,0.00,401.00,null,null,null
2023-08-21T18:05:02Z,25.45,61.06,99,0,35.00,102.13,0.00,401.00,0,0,0
2023-08-21T18:06:02Z,25.48,61.07,99,0,26.06,102.12,0.00,400.00,null,null,null
2023-08-21T18:07:02Z,25.46,61.12,99,0,27.28,102.13,1.00,408.00,null,null,null
2023-08-21T18:08:02Z,25.45,60.70,99,0,28.88,102.12,0.00,405.00,null,null,null
2023-08-21T18:09:02Z,25.45,60.99,99,0,26.71,102.12,1.00,409.00,null,null,null
2023-08-21T18:10:02Z,25.45,61.13,99,0,30.60,102.12,1.00,408.00,0,0,0
2023-08-21T18:11:02Z,25.48,60.93,99,0,35.55,102.11,0.00,405.00,null,null,null
2023-08-21T18:12:02Z,25.48,60.94,99,0,32.84,102.12,1.00,408.00,null,null,null
2023-08-21T18:13:02Z,25.45,60.86,99,0,33.89,102.11,0.00,405.00,null,null,null
2023-08-21T18:14:02Z,25.44,60.93,99,0,34.47,102.11,0.00,405.00,null,null,null
2023-08-21T18:15:02Z,25.48,60.95,99,0,36.42,102.11,0.00,405.00,0,0,0
2023-08-21T18:16:02Z,25.45,60.99,99,0,33.55,102.12,0.00,400.00,null,null,null
2023-08-21T18:17:02Z,25.45,61.15,99,0,34.03,102.11,1.00,408.00,null,null,null
2023-08-21T18:18:02Z,25.46,61.22,99,0,30.97,102.11,1.00,408.00,null,null,null
2023-08-21T18:19:02Z,25.46,61.33,99,0,31.76,102.11,1.00,413.00,null,null,null
2023-08-21T18:20:02Z,25.48,61.47,99,0,27.77,102.11,1.00,408.00,0,0,0
2023-08-21T18:21:02Z,25.46,61.53,99,0,31.59,102.11,1.00,408.00,null,null,null
2023-08-21T18:22:02Z,25.48,61.75,99,0,39.21,102.11,1.00,410.00,null,null,null
2023-08-21T18:23:02Z,25.46,61.86,99,0,29.04,102.11,1.00,410.00,null,null,null
2023-08-21T18:24:02Z,25.46,61.96,99,0,43.11,102.12,1.00,410.00,null,null,null
2023-08-21T18:25:02Z,25.46,62.10,99,0,35.68,102.11,3.00,420.00,0,0,0
2023-08-21T18:26:02Z,25.46,62.15,99,0,26.55,102.12,3.00,420.00,null,null,null
2023-08-21T18:27:02Z,25.48,62.24,99,0,29.70,102.11,3.00,425.00,null,null,null
2023-08-21T18:28:02Z,25.46,62.23,99,0,31.12,102.10,4.00,432.00,null,null,null
2023-08-21T18:29:02Z,25.45,62.31,99,0,29.81,102.10,6.00,441.00,null,null,null
2023-08-21T18:30:02Z,25.48,62.33,99,0,31.65,102.10,6.00,445.00,0,0,0
2023-08-21T18:31:02Z,25.49,62.32,99,0,30.52,102.10,7.00,447.00,null,null,null
2023-08-21T18:32:02Z,25.48,62.44,99,0,33.10,102.10,8.00,457.00,null,null,null
2023-08-21T18:33:02Z,25.46,62.45,99,0,38.83,102.11,9.00,465.00,null,null,null
2023-08-21T18:34:02Z,25.49,62.59,99,0,28.47,102.09,11.00,478.00,null,null,null
2023-08-21T18:35:02Z,25.46,62.62,99,0,31.05,102.10,13.00,491.00,0,0,0
2023-08-21T18:36:02Z,25.48,62.65,99,0,28.06,102.09,15.00,500.00,null,null,null
2023-08-21T18:37:02Z,25.48,62.66,99,0,30.05,102.09,17.00,514.00,null,null,null
2023-08-21T18:38:02Z,25.49,62.68,99,0,26.31,102.10,17.00,517.00,null,null,null
2023-08-21T18:39:02Z,25.46,62.68,99,0,26.99,102.10,19.00,529.00,null,null,null
2023-08-21T18:40:02Z,25.46,62.76,99,0,29.89,102.10,20.00,534.00,0,0,0
2023-08-21T18:41:02Z,25.45,62.74,99,0,33.65,102.11,20.00,533.00,null,null,null
2023-08-21T18:42:02Z,25.48,62.59,99,0,29.71,102.11,22.00,546.00,null,null,null
2023-08-21T18:43:02Z,25.48,62.18,99,0,34.65,102.11,22.00,546.00,null,null,null
2023-08-21T18:44:02Z,25.49,61.91,99,0,28.52,102.11,21.00,543.00,null,null,null
2023-08-21T18:45:02Z,25.46,62.12,99,0,49.32,102.11,21.00,539.00,0,0,0
2023-08-21T18:46:02Z,25.46,62.11,99,0,28.87,102.11,21.00,539.00,null,null,null
2023-08-21T18:47:02Z,25.44,61.98,99,0,30.13,102.11,21.00,539.00,null,null,null
2023-08-21T18:48:02Z,25.48,61.96,99,0,35.12,102.11,21.00,543.00,null,null,null
2023-08-21T18:49:02Z,25.48,61.93,99,0,37.01,102.12,21.00,539.00,null,null,null
2023-08-21T18:50:02Z,25.48,61.86,99,0,32.05,102.12,20.00,533.00,0,0,0
2023-08-21T18:51:02Z,25.46,61.86,99,0,36.52,102.12,19.00,530.00,null,null,null
2023-08-21T18:52:02Z,25.46,61.72,99,0,24.31,102.12,19.00,530.00,null,null,null
2023-08-21T18:53:02Z,25.48,61.10,99,0,29.56,102.12,19.00,526.00,null,null,null
2023-08-21T18:54:02Z,25.45,61.07,99,0,35.74,102.12,18.00,524.00,null,null,null
2023-08-21T18:55:02Z,25.45,61.27,99,0,28.83,102.13,15.00,503.00,0,0,0
2023-08-21T18:56:02Z,25.44,61.19,99,0,29.43,102.13,14.00,493.00,null,null,null
2023-08-21T18:57:02Z,25.45,61.05,99,0,32.69,102.12,14.00,498.00,null,null,null
2023-08-21T18:58:02Z,25.44,61.07,99,0,29.25,102.13,14.00,496.00,null,null,null
2023-08-21T18:59:02Z,25.46,61.08,99,0,34.59,102.12,14.00,496.00,null,null,null
2023-08-21T19:00:02Z,25.45,60.90,99,0,30.01,102.12,14.00,498.00,0,0,0
2023-08-21T19:01:02Z,25.44,60.93,99,0,29.62,102.12,14.00,496.00,null,null,null
2023-08-21T19:02:02Z,25.45,60.91,99,0,29.97,102.11,14.00,498.00,null,null,null
2023-08-21T19:03:02Z,25.45,60.61,99,0,37.52,102.12,14.00,498.00,null,null,null
2023-08-21T19:04:02Z,25.46,60.79,99,0,23.20,102.12,14.00,497.00,null,null,null
2023-08-21T19:05:02Z,25.45,60.77,99,0,29.27,102.12,14.00,492.00,0,0,0
2023-08-21T19:06:02Z,25.46,60.41,99,0,42.66,102.12,12.00,481.00,null,null,null
2023-08-21T19:07:02Z,25.44,60.52,99,0,33.37,102.12,15.00,501.00,null,null,null
2023-08-21T19:08:02Z,25.45,60.48,99,0,33.60,102.12,15.00,501.00,null,null,null
2023-08-21T19:09:02Z,25.45,60.47,99,0,27.87,102.12,15.00,501.00,null,null,null
2023-08-21T19:10:02Z,25.42,60.40,99,0,42.66,102.13,14.00,497.00,0,0,0
2023-08-21T19:11:02Z,25.46,60.30,99,0,25.70,102.13,13.00,486.00,null,null,null
2023-08-21T19:12:02Z,25.44,60.16,99,0,29.60,102.13,12.00,481.00,null,null,null
2023-08-21T19:13:02Z,25.45,60.16,99,0,26.76,102.13,11.00,478.00,null,null,null
2023-08-21T19:14:02Z,25.45,60.25,99,0,27.62,102.13,9.00,462.00,null,null,null
2023-08-21T19:15:02Z,25.44,59.98,99,0,27.28,102.12,7.00,450.00,0,0,0
2023-08-21T19:16:02Z,25.44,60.02,99,0,24.96,102.13,7.00,448.00,null,null,null
2023-08-21T19:17:02Z,25.44,60.30,99,0,34.11,102.13,6.00,444.00,null,null,null
2023-08-21T19:18:02Z,25.44,60.36,99,0,41.75,102.14,6.00,445.00,null,null,null
2023-08-21T19:19:02Z,25.44,60.76,99,0,42.73,102.14,6.00,441.00,null,null,null
2023-08-21T19:20:02Z,25.41,60.77,99,0,39.60,102.14,6.00,441.00,0,0,0
2023-08-21T19:21:02Z,25.45,60.85,99,0,40.72,102.14,6.00,441.00,null,null,null
2023-08-21T19:22:02Z,25.44,60.90,99,0,42.30,102.14,6.00,445.00,null,null,null
2023-08-21T19:23:02Z,25.42,60.97,99,0,40.40,102.14,6.00,445.00,null,null,null
2023-08-21T19:24:02Z,25.44,61.00,99,0,41.73,102.14,7.00,448.00,null,null,null
2023-08-21T19:25:02Z,25.42,61.15,99,0,52.75,102.14,8.00,454.00,0,0,0
2023-08-21T19:26:02Z,25.44,61.28,99,0,26.99,102.14,8.00,454.00,null,null,null
2023-08-21T19:27:02Z,25.42,61.35,99,0,30.19,102.14,7.00,452.00,null,null,null
2023-08-21T19:28:02Z,25.42,61.48,99,0,35.32,102.14,7.00,452.00,null,null,null
2023-08-21T19:29:02Z,25.44,61.46,99,0,27.78,102.15,8.00,455.00,null,null,null
2023-08-21T19:30:02Z,25.41,61.58,99,0,34.51,102.14,9.00,464.00,0,0,0
2023-08-21T19:31:02Z,25.42,61.67,99,0,37.41,102.14,11.00,476.00,null,null,null
2023-08-21T19:32:02Z,25.44,61.79,99,0,25.90,102.14,13.00,491.00,null,null,null
2023-08-21T19:33:02Z,25.45,61.94,99,0,36.06,102.15,15.00,500.00,null,null,null
2023-08-21T19:34:02Z,25.42,62.09,99,0,29.04,102.14,17.00,514.00,null,null,null
2023-08-21T19:35:02Z,25.39,62.25,99,0,33.80,102.14,18.00,520.00,0,0,0
2023-08-21T19:36:02Z,25.44,62.27,99,0,25.70,102.15,19.00,529.00,null,null,null
2023-08-21T19:37:02Z,25.44,62.37,99,0,51.43,102.15,21.00,539.00,null,null,null
2023-08-21T19:38:02Z,25.42,62.45,99,0,null,102.15,22.00,546.00,null,null,null
2023-08-21T19:39:02Z,25.45,62.68,99,0,53.13,102.15,22.00,546.00,null,null,null
2023-08-21T19:40:02Z,25.42,62.85,99,0,28.14,102.14,23.00,556.00,0,0,0
2023-08-21T19:41:02Z,25.45,62.88,99,0,33.27,102.15,23.00,555.00,null,null,null
2023-08-21T19:42:02Z,25.42,63.23,99,0,51.79,102.15,25.00,569.00,null,null,null
2023-08-21T19:43:02Z,25.45,63.30,99,0,51.18,102.15,27.00,578.00,null,null,null
2023-08-21T19:44:02Z,25.44,63.41,99,0,49.73,102.15,28.00,584.00,null,null,null
2023-08-21T19:45:02Z,25.44,63.60,99,0,49.19,102.15,30.00,602.00,0,0,0
2023-08-21T19:46:02Z,25.45,63.75,99,0,50.70,102.15,34.00,627.00,null,null,null
2023-08-21T19:47:02Z,25.46,63.88,99,0,49.42,102.15,37.00,643.00,null,null,null
2023-08-21T19:48:02Z,25.42,64.02,99,0,52.54,102.15,42.00,679.00,null,null,null
2023-08-21T19:49:02Z,25.46,64.10,99,0,49.71,102.15,46.00,702.00,null,null,null
2023-08-21T19:50:02Z,25.44,64.19,99,0,27.84,102.15,49.00,726.00,0,0,0
2023-08-21T19:51:02Z,25.46,64.27,99,0,26.71,102.15,52.00,746.00,null,null,null
2023-08-21T19:52:02Z,25.48,64.36,99,0,28.36,102.15,56.00,768.00,null,null,null
2023-08-21T19:53:02Z,25.46,64.45,99,0,37.05,102.16,56.00,772.00,null,null,null
2023-08-21T19:54:02Z,25.46,64.56,99,0,56.20,102.16,57.00,780.00,null,null,null
2023-08-21T19:55:02Z,25.45,64.62,99,0,35.49,102.15,59.00,791.00,0,0,0
2023-08-21T19:56:02Z,25.46,64.71,99,0,27.82,102.16,61.00,804.00,null,null,null
2023-08-21T19:57:02Z,25.48,64.81,99,0,29.36,102.16,63.00,817.00,null,null,null
2023-08-21T19:58:02Z,25.45,64.90,99,0,29.12,102.16,62.00,808.00,null,null,null
2023-08-21T19:59:02Z,25.48,64.96,99,0,28.39,102.15,63.00,817.00,null,null,null
2023-08-21T20:00:02Z,25.46,65.00,99,0,27.22,102.16,63.00,817.00,0,0,0
2023-08-21T20:01:02Z,25.48,65.17,99,0,25.65,102.15,62.00,808.00,null,null,null
2023-08-21T20:02:02Z,25.49,65.17,99,0,28.95,102.16,65.00,827.00,null,null,null
2023-08-21T20:03:02Z,25.49,65.16,99,0,25.22,102.16,63.00,817.00,null,null,null
2023-08-21T20:04:02Z,25.49,65.14,99,0,29.43,102.15,62.00,808.00,null,null,null
2023-08-21T20:05:02Z,25.49,65.18,99,0,27.77,102.15,62.00,808.00,0,0,0
2023-08-21T20:06:02Z,25.52,65.08,99,0,24.86,102.15,60.00,800.00,null,null,null
2023-08-21T20:07:02Z,25.52,65.11,99,0,23.30,102.15,62.00,808.00,null,null,null
2023-08-21T20:08:02Z,25.49,65.12,99,0,22.05,102.16,60.00,800.00,null,null,null
2023-08-21T20:09:02Z,25.49,65.12,99,0,32.42,102.15,60.00,800.00,null,null,null
2023-08-21T20:10:02Z,25.51,65.05,99,0,25.65,102.15,60.00,795.00,0,0,0
2023-08-21T20:11:02Z,25.48,65.09,99,0,26.89,102.15,60.00,795.00,null,null,null
2023-08-21T20:12:02Z,25.51,65.07,99,0,28.89,102.15,60.00,795.00,null,null,null
2023-08-21T20:13:02Z,25.51,65.10,99,0,32.36,102.15,60.00,800.00,null,null,null
2023-08-21T20:14:02Z,25.51,65.05,99,0,30.71,102.16,60.00,795.00,null,null,null
2023-08-21T20:15:02Z,25.51,65.06,99,0,27.75,102.16,57.00,780.00,0,0,0
2023-08-21T20:16:02Z,25.52,65.03,99,0,34.54,102.16,57.00,780.00,null,null,null
2023-08-21T20:17:02Z,25.51,65.02,99,0,31.41,102.16,57.00,780.00,null,null,null
2023-08-21T20:18:02Z,25.54,65.03,99,0,31.44,102.16,60.00,795.00,null,null,null
2023-08-21T20:19:02Z,25.51,65.10,99,0,26.91,102.16,60.00,795.00,null,null,null
2023-08-21T20:20:02Z,25.52,65.07,99,0,28.11,102.16,60.00,795.00,0,0,0
2023-08-21T20:21:02Z,25.52,65.09,99,0,32.51,102.16,60.00,800.00,null,null,null
2023-08-21T20:22:02Z,25.52,65.11,99,0,31.91,102.15,62.00,808.00,null,null,null
2023-08-21T20:23:02Z,25.54,65.13,99,0,35.55,102.15,63.00,817.00,null,null,null
2023-08-21T20:24:02Z,25.52,65.11,99,0,31.22,102.15,65.00,827.00,null,null,null
2023-08-21T20:25:02Z,25.52,65.15,99,0,32.61,102.15,65.00,827.00,0,0,0
2023-08-21T20:26:02Z,25.52,65.16,99,0,25.84,102.15,66.00,836.00,null,null,null
2023-08-21T20:27:02Z,25.54,65.15,99,0,42.04,102.15,66.00,836.00,null,null,null
2023-08-21T20:28:02Z,25.55,65.19,99,0,24.03,102.16,66.00,836.00,null,null,null
2023-08-21T20:29:02Z,25.52,65.17,99,0,28.42,102.16,67.00,846.00,null,null,null
2023-08-21T20:30:02Z,25.55,65.21,99,0,25.13,102.16,67.00,846.00,0,0,0
2023-08-21T20:31:02Z,25.52,65.24,99,0,27.69,102.16,69.00,853.00,null,null,null
2023-08-21T20:32:02Z,25.55,65.24,99,0,27.24,102.16,69.00,853.00,null,null,null
2023-08-21T20:33:02Z,25.55,65.21,99,0,24.50,102.16,69.00,853.00,null,null,null
2023-08-21T20:34:02Z,25.55,65.25,99,0,24.61,102.16,69.00,853.00,null,null,null
2023-08-21T20:35:02Z,25.55,65.29,99,0,25.03,102.16,69.00,857.00,0,0,0
2023-08-21T20:36:02Z,25.52,65.30,99,0,23.05,102.16,69.00,857.00,null,null,null
2023-08-21T20:37:02Z,25.55,65.34,99,0,22.66,102.15,69.00,857.00,null,null,null
2023-08-21T20:38:02Z,25.55,65.37,99,0,null,102.16,69.00,857.00,null,null,null
2023-08-21T20:39:02Z,25.54,65.38,99,0,30.66,102.16,69.00,857.00,null,null,null
2023-08-21T20:40:02Z,25.56,65.43,99,0,30.98,102.16,69.00,857.00,0,0,0
2023-08-21T20:41:02Z,25.56,65.49,99,0,31.04,102.16,69.00,857.00,null,null,null
2023-08-21T20:42:02Z,25.56,65.48,99,0,24.19,102.16,69.00,857.00,null,null,null
2023-08-21T20:43:02Z,25.54,65.47,99,0,25.47,102.16,69.00,857.00,null,null,null
2023-08-21T20:44:02Z,25.54,65.49,99,0,28.25,102.16,71.00,870.00,null,null,null
2023-08-21T20:45:02Z,25.56,65.51,99,0,30.61,102.16,69.00,857.00,0,0,0
2023-08-21T20:46:02Z,25.56,65.55,99,0,26.19,102.16,69.00,857.00,null,null,null
2023-08-21T20:47:02Z,25.58,65.54,99,0,33.24,102.15,69.00,857.00,null,null,null
2023-08-21T20:48:02Z,25.54,65.65,99,0,49.86,102.16,69.00,857.00,null,null,null
2023-08-21T20:49:02Z,25.55,65.58,99,0,23.10,102.16,69.00,857.00,null,null,null
2023-08-21T20:50:02Z,25.61,65.71,99,0,48.07,102.16,69.00,857.00,0,0,0
2023-08-21T20:51:02Z,25.56,65.86,99,0,34.49,102.16,69.00,857.00,null,null,null
2023-08-21T20:52:02Z,25.59,66.12,99,0,35.93,102.16,70.00,863.00,null,null,null
2023-08-21T20:53:02Z,25.58,66.28,99,0,56.99,102.16,71.00,872.00,null,null,null
2023-08-21T20:54:02Z,25.61,66.43,99,0,36.54,102.15,71.00,870.00,null,null,null
2023-08-21T20:55:02Z,25.62,66.51,99,0,29.91,102.17,74.00,891.00,0,0,0
2023-08-21T20:56:02Z,25.58,66.59,99,0,24.72,102.16,74.00,891.00,null,null,null
2023-08-21T20:57:02Z,25.62,66.63,99,0,50.86,102.15,76.00,902.00,null,null,null
2023-08-21T20:58:02Z,25.62,67.06,99,0,42.45,102.15,87.00,972.00,null,null,null
2023-08-21T20:59:02Z,25.59,66.86,99,0,29.56,102.14,86.00,970.00,null,null,null
2023-08-21T21:00:02Z,25.59,67.04,99,0,38.60,102.14,90.00,992.00,0,0,0
2023-08-21T21:01:02Z,25.62,67.09,99,0,36.19,102.13,97.00,1038.00,null,null,null
2023-08-21T21:02:02Z,25.65,67.11,99,0,32.05,102.13,101.00,1065.00,null,null,null
2023-08-21T21:03:02Z,25.64,67.14,99,0,35.99,102.14,105.00,1090.00,null,null,null
2023-08-21T21:04:02Z,25.64,67.20,99,0,27.22,102.13,107.00,1105.00,null,null,null
2023-08-21T21:05:02Z,25.62,67.24,99,0,29.99,102.13,113.00,1144.00,0,0,0
2023-08-21T21:06:02Z,25.65,67.24,99,0,26.24,102.12,114.00,1153.00,null,null,null
2023-08-21T21:07:02Z,25.66,67.34,99,0,24.79,102.12,120.00,1191.00,null,null,null
2023-08-21T21:08:02Z,25.64,67.40,99,0,30.35,102.13,124.00,1215.00,null,null,null
2023-08-21T21:09:02Z,25.64,67.43,99,0,29.37,102.13,131.00,1266.00,null,null,null
2023-08-21T21:10:02Z,25.65,67.44,99,0,28.68,102.13,134.00,1281.00,0,0,0
2023-08-21T21:11:02Z,25.65,67.46,99,0,25.84,102.12,136.00,1295.00,null,null,null
2023-08-21T21:12:02Z,25.68,67.37,99,0,26.89,102.12,141.00,1330.00,null,null,null
2023-08-21T21:13:02Z,25.66,67.38,99,0,27.51,102.13,143.00,1345.00,null,null,null
2023-08-21T21:14:02Z,25.66,67.40,99,0,26.95,102.13,146.00,1360.00,null,null,null
2023-08-21T21:15:02Z,25.66,67.39,99,0,25.90,102.13,146.00,1360.00,0,0,0
2023-08-21T21:16:02Z,25.65,67.40,99,0,26.06,102.13,149.00,1380.00,null,null,null
2023-08-21T21:17:02Z,25.68,67.33,99,0,32.63,102.13,149.00,1380.00,null,null,null
2023-08-21T21:18:02Z,25.68,67.39,99,0,28.42,102.13,149.00,1380.00,null,null,null
2023-08-21T21:19:02Z,25.68,67.33,99,0,25.62,102.13,151.00,1397.00,null,null,null
2023-08-21T21:20:02Z,25.69,67.33,99,0,41.90,102.13,151.00,1397.00,0,0,0
2023-08-21T21:21:02Z,25.66,67.35,99,0,29.87,102.13,151.00,1397.00,null,null,null
2023-08-21T21:22:02Z,25.69,68.29,99,0,34.23,102.13,166.00,1495.00,null,null,null
2023-08-21T21:23:02Z,25.71,68.45,99,0,33.33,102.13,178.00,1509.00,null,null,null
2023-08-21T21:24:02Z,25.69,68.34,99,0,32.11,102.13,191.00,1529.00,null,null,null
2023-08-21T21:25:02Z,25.71,68.40,99,0,35.55,102.12,198.00,1538.00,0,0,0
2023-08-21T21:26:02Z,25.71,68.29,99,0,32.01,102.13,205.00,1547.00,null,null,null
2023-08-21T21:27:02Z,25.71,68.24,99,0,33.59,102.13,214.00,1560.00,null,null,null
2023-08-21T21:28:02Z,25.71,68.22,99,0,35.17,102.13,219.00,1566.00,null,null,null
2023-08-21T21:29:02Z,25.72,68.13,99,0,32.05,102.13,223.00,1572.00,null,null,null
2023-08-21T21:30:02Z,25.72,68.13,99,0,34.76,102.13,228.00,1579.00,0,0,0
2023-08-21T21:31:02Z,25.73,68.12,99,0,30.50,102.13,266.00,1624.00,null,null,null
2023-08-21T21:32:02Z,25.73,68.16,99,0,36.90,102.12,293.00,1654.00,null,null,null
2023-08-21T21:33:02Z,25.76,68.06,99,0,31.02,102.13,308.00,1669.00,null,null,null
2023-08-21T21:34:02Z,25.75,68.08,99,0,31.13,102.13,289.00,1650.00,null,null,null
2023-08-21T21:35:02Z,25.75,68.07,99,0,33.04,102.12,293.00,1654.00,0,0,0
2023-08-21T21:36:02Z,25.78,68.00,99,0,34.69,102.13,299.00,1660.00,null,null,null
2023-08-21T21:37:02Z,25.78,67.99,99,0,31.90,102.12,299.00,1660.00,null,null,null
2023-08-21T21:38:02Z,25.78,67.92,99,0,31.22,102.12,299.00,1660.00,null,null,null
2023-08-21T21:39:02Z,25.78,67.94,99,0,34.03,102.12,299.00,1660.00,null,null,null
2023-08-21T21:40:02Z,25.78,67.91,99,0,33.66,102.12,299.00,1660.00,0,0,0
2023-08-21T21:41:02Z,25.79,67.96,99,0,33.97,102.13,293.00,1654.00,null,null,null
2023-08-21T21:42:02Z,25.81,67.95,99,0,35.73,102.13,293.00,1654.00,null,null,null
2023-08-21T21:43:02Z,25.81,67.85,99,0,34.66,102.13,340.00,1701.00,null,null,null
2023-08-21T21:44:02Z,25.82,67.86,99,0,34.84,102.13,365.00,1728.00,null,null,null
2023-08-21T21:45:02Z,25.79,67.85,99,0,35.40,102.12,372.00,1735.00,0,0,0
2023-08-21T21:46:02Z,25.82,67.81,99,0,35.36,102.12,381.00,1741.00,null,null,null
2023-08-21T21:47:02Z,25.83,67.83,99,0,37.20,102.12,389.00,1748.00,null,null,null
2023-08-21T21:48:02Z,25.83,67.82,99,0,33.93,102.12,381.00,1741.00,null,null,null
2023-08-21T21:49:02Z,25.83,67.87,99,0,36.55,102.12,381.00,1741.00,null,null,null
2023-08-21T21:50:02Z,25.82,67.86,99,0,32.16,102.13,372.00,1735.00,0,0,0
2023-08-21T21:51:02Z,25.82,67.92,99,0,29.55,102.12,372.00,1735.00,null,null,null
2023-08-21T21:52:02Z,25.86,67.87,99,0,31.43,102.12,365.00,1728.00,null,null,null
2023-08-21T21:53:02Z,25.86,67.86,99,0,33.58,102.12,360.00,1723.00,null,null,null
2023-08-21T21:54:02Z,25.83,67.82,99,0,32.37,102.13,352.00,1714.00,null,null,null
2023-08-21T21:55:02Z,25.86,67.84,99,0,30.44,102.13,352.00,1714.00,0,0,0
2023-08-21T21:56:02Z,25.85,67.79,99,0,35.59,102.13,346.00,1707.00,null,null,null
2023-08-21T21:57:02Z,25.86,67.80,99,0,33.19,102.12,340.00,1701.00,null,null,null
2023-08-21T21:58:02Z,25.88,67.85,99,0,34.16,102.12,334.00,1695.00,null,null,null
2023-08-21T21:59:02Z,25.88,67.84,99,0,34.62,102.12,327.00,1689.00,null,null,null
2023-08-21T22:00:02Z,25.85,67.81,99,0,29.20,102.12,327.00,1689.00,0,0,0
2023-08-21T22:01:02Z,25.88,67.84,99,0,28.44,102.12,323.00,1685.00,null,null,null
2023-08-21T22:02:02Z,25.89,67.83,99,0,30.39,102.12,352.00,1714.00,null,null,null
2023-08-21T22:03:02Z,25.86,67.90,99,0,34.08,102.12,372.00,1735.00,null,null,null
2023-08-21T22:04:02Z,25.86,67.92,99,0,31.74,102.12,381.00,1741.00,null,null,null
2023-08-21T22:05:02Z,25.88,67.97,99,0,33.22,102.12,381.00,1741.00,0,0,0
2023-08-21T22:06:02Z,25.86,67.90,99,0,31.45,102.11,381.00,1741.00,null,null,null
2023-08-21T22:07:02Z,25.89,67.88,99,0,33.36,102.12,381.00,1741.00,null,null,null
2023-08-21T22:08:02Z,25.89,67.87,99,0,34.62,102.12,372.00,1735.00,null,null,null
2023-08-21T22:09:02Z,25.90,67.87,99,0,32.26,102.12,372.00,1735.00,null,null,null
2023-08-21T22:10:02Z,25.90,67.93,99,0,31.12,102.12,365.00,1728.00,0,0,0
2023-08-21T22:11:02Z,25.89,67.89,99,0,29.63,102.12,360.00,1723.00,null,null,null
2023-08-21T22:12:02Z,25.90,67.82,99,0,32.33,102.12,352.00,1714.00,null,null,null
2023-08-21T22:13:02Z,25.89,67.85,99,0,32.89,102.11,352.00,1714.00,null,null,null
2023-08-21T22:14:02Z,25.90,67.81,99,0,30.24,102.12,340.00,1701.00,null,null,null
2023-08-21T22:15:02Z,25.90,67.77,99,0,33.08,102.11,327.00,1689.00,0,0,0
2023-08-21T22:16:02Z,25.92,67.85,99,0,31.84,102.12,327.00,1689.00,null,null,null
2023-08-21T22:17:02Z,25.93,67.84,99,0,32.08,102.12,323.00,1685.00,null,null,null
2023-08-21T22:18:02Z,25.92,67.82,99,0,27.96,102.12,323.00,1685.00,null,null,null
2023-08-21T22:19:02Z,25.92,67.79,99,0,33.25,102.12,316.00,1677.00,null,null,null
2023-08-21T22:20:02Z,25.90,67.81,99,0,33.51,102.12,310.00,1671.00,0,0,0
2023-08-21T22:21:02Z,25.90,67.76,99,0,27.99,102.12,305.00,1667.00,null,null,null
2023-08-21T22:22:02Z,25.93,67.88,99,0,29.26,102.12,305.00,1667.00,null,null,null
2023-08-21T22:23:02Z,25.92,67.88,99,0,28.76,102.12,299.00,1660.00,null,null,null
2023-08-21T22:24:02Z,25.93,67.92,99,0,29.37,102.12,293.00,1654.00,null,null,null
2023-08-21T22:25:02Z,25.92,68.08,99,0,33.03,102.12,293.00,1654.00,0,0,0
2023-08-21T22:26:02Z,25.96,68.12,99,0,31.31,102.12,289.00,1650.00,null,null,null
2023-08-21T22:27:02Z,25.96,68.18,99,0,32.06,102.13,289.00,1650.00,null,null,null
2023-08-21T22:28:02Z,25.96,68.25,99,0,31.12,102.13,283.00,1641.00,null,null,null
2023-08-21T22:29:02Z,25.96,68.25,99,0,35.45,102.13,280.00,1638.00,null,null,null
2023-08-21T22:30:02Z,25.96,68.30,99,0,34.92,102.13,276.00,1633.00,0,0,0
2023-08-21T22:31:02Z,25.96,68.28,99,0,31.20,102.12,276.00,1633.00,null,null,null
2023-08-21T22:32:02Z,25.96,68.29,99,0,42.82,102.13,270.00,1628.00,null,null,null
2023-08-21T22:33:02Z,25.96,68.20,99,0,29.50,102.13,270.00,1628.00,null,null,null
2023-08-21T22:34:02Z,25.96,68.27,99,0,33.93,102.13,269.00,1627.00,null,null,null
2023-08-21T22:35:02Z,25.97,68.24,99,0,37.26,102.14,262.00,1618.00,0,0,0
2023-08-21T22:36:02Z,25.96,68.25,99,0,33.69,102.13,260.00,1615.00,null,null,null
2023-08-21T22:37:02Z,25.99,68.36,99,0,34.80,102.14,252.00,1607.00,null,null,null
2023-08-21T22:38:02Z,25.96,68.38,99,0,31.28,102.14,252.00,1607.00,null,null,null
2023-08-21T22:39:02Z,25.96,68.33,99,0,39.22,102.13,246.00,1601.00,null,null,null
2023-08-21T22:40:02Z,25.97,68.30,99,0,32.12,102.13,246.00,1601.00,0,0,0
2023-08-21T22:41:02Z,26.00,68.43,99,0,32.01,102.13,242.00,1597.00,null,null,null
2023-08-21T22:42:02Z,26.02,68.42,99,0,33.56,102.13,242.00,1597.00,null,null,null
2023-08-21T22:43:02Z,26.02,68.42,99,0,32.31,102.13,242.00,1597.00,null,null,null
2023-08-21T22:44:02Z,26.00,68.40,99,0,30.06,102.13,236.00,1591.00,null,null,null
2023-08-21T22:45:02Z,26.00,68.44,99,0,33.41,102.12,236.00,1591.00,0,0,0
2023-08-21T22:46:02Z,26.00,68.44,99,0,36.29,102.12,233.00,1586.00,null,null,null
2023-08-21T22:47:02Z,26.03,68.39,99,0,36.91,102.12,233.00,1586.00,null,null,null
2023-08-21T22:48:02Z,26.02,68.45,99,0,28.98,102.11,233.00,1586.00,null,null,null
2023-08-21T22:49:02Z,26.03,68.40,99,0,32.64,102.12,229.00,1581.00,null,null,null
2023-08-21T22:50:02Z,26.00,68.46,99,0,33.17,102.11,229.00,1581.00,0,0,0
2023-08-21T22:51:02Z,26.04,68.49,99,0,43.74,102.11,226.00,1575.00,null,null,null
2023-08-21T22:52:02Z,26.03,68.49,99,0,31.73,102.11,226.00,1575.00,null,null,null
2023-08-21T22:53:02Z,26.02,68.53,99,0,32.27,102.11,226.00,1575.00,null,null,null
2023-08-21T22:54:02Z,26.04,68.52,99,0,35.79,102.12,226.00,1575.00,null,null,null
2023-08-21T22:55:02Z,26.03,68.51,99,0,30.06,102.12,226.00,1575.00,0,0,0
2023-08-21T22:56:02Z,26.04,68.50,99,0,29.62,102.12,226.00,1575.00,null,null,null
2023-08-21T22:57:02Z,26.03,68.48,99,0,31.06,102.12,226.00,1575.00,null,null,null
2023-08-21T22:58:02Z,26.03,68.51,99,0,33.92,102.12,226.00,1575.00,null,null,null
2023-08-21T22:59:02Z,26.03,68.57,99,0,31.88,102.12,226.00,1575.00,null,null,null
2023-08-21T23:00:02Z,26.07,68.54,99,0,32.01,102.12,226.00,1575.00,0,0,0
2023-08-21T23:01:02Z,26.06,68.53,99,0,37.75,102.12,217.00,1563.00,null,null,null
2023-08-21T23:02:02Z,26.06,68.48,99,0,31.82,102.12,221.00,1569.00,null,null,null
2023-08-21T23:03:02Z,26.02,68.28,99,0,33.20,102.12,217.00,1563.00,null,null,null
2023-08-21T23:04:02Z,26.06,68.47,99,0,30.14,102.11,214.00,1560.00,null,null,null
2023-08-21T23:05:02Z,26.03,68.61,99,0,33.86,102.12,214.00,1560.00,0,0,0
2023-08-21T23:06:02Z,26.07,68.65,99,0,32.18,102.11,209.00,1555.00,null,null,null
2023-08-21T23:07:02Z,26.09,68.66,99,0,33.32,102.10,209.00,1555.00,null,null,null
2023-08-21T23:08:02Z,26.09,68.64,99,0,33.07,102.10,209.00,1555.00,null,null,null
2023-08-21T23:09:02Z,26.06,68.73,99,0,32.64,102.11,209.00,1555.00,null,null,null
2023-08-21T23:10:02Z,26.07,68.74,99,0,37.29,102.10,206.00,1548.00,0,0,0
2023-08-21T23:11:02Z,26.07,68.75,99,0,32.32,102.10,203.00,1544.00,null,null,null
2023-08-21T23:12:02Z,26.07,68.75,99,0,31.51,102.11,200.00,1542.00,null,null,null
2023-08-21T23:13:02Z,26.06,68.70,99,0,31.35,102.10,200.00,1542.00,null,null,null
2023-08-21T23:14:02Z,26.07,68.79,99,0,39.85,102.11,198.00,1538.00,null,null,null
2023-08-21T23:15:02Z,26.06,68.77,99,0,30.07,102.10,196.00,1535.00,0,0,0
2023-08-21T23:16:02Z,26.09,68.77,99,0,36.60,102.10,196.00,1535.00,null,null,null
2023-08-21T23:17:02Z,26.07,68.78,99,0,33.66,102.11,211.00,1556.00,null,null,null
2023-08-21T23:18:02Z,26.12,68.83,99,0,32.49,102.11,219.00,1566.00,null,null,null
2023-08-21T23:19:02Z,26.09,68.71,99,0,32.44,102.11,219.00,1566.00,null,null,null
2023-08-21T23:20:02Z,26.07,68.80,99,0,32.64,102.11,226.00,1575.00,0,0,0
2023-08-21T23:21:02Z,26.09,68.79,99,0,31.28,102.11,223.00,1572.00,null,null,null
2023-08-21T23:22:02Z,26.09,68.77,99,0,37.71,102.10,219.00,1566.00,null,null,null
2023-08-21T23:23:02Z,26.09,68.83,99,0,31.47,102.11,219.00,1566.00,null,null,null
2023-08-21T23:24:02Z,26.09,68.79,99,0,31.97,102.11,219.00,1566.00,null,null,null
2023-08-21T23:25:02Z,26.09,68.84,99,0,31.47,102.11,214.00,1559.00,0,0,0
2023-08-21T23:26:02Z,26.12,68.88,99,0,30.78,102.11,214.00,1559.00,null,null,null
2023-08-21T23:27:02Z,26.12,68.82,99,0,30.07,102.11,214.00,1559.00,null,null,null
2023-08-21T23:28:02Z,26.13,68.89,99,0,33.02,102.12,214.00,1559.00,null,null,null
2023-08-21T23:29:02Z,26.09,68.91,99,0,37.03,102.12,211.00,1556.00,null,null,null
2023-08-21T23:30:02Z,26.12,68.90,99,0,32.89,102.11,211.00,1556.00,0,0,0
2023-08-21T23:31:02Z,26.12,68.95,99,0,39.04,102.11,211.00,1556.00,null,null,null
2023-08-21T23:32:02Z,26.13,68.93,99,0,50.34,102.11,211.00,1556.00,null,null,null
2023-08-21T23:33:02Z,26.10,68.95,99,0,42.14,102.11,211.00,1556.00,null,null,null
2023-08-21T23:34:02Z,26.12,68.93,99,0,31.35,102.12,211.00,1556.00,null,null,null
2023-08-21T23:35:02Z,26.13,69.02,99,0,37.01,102.11,211.00,1556.00,0,0,0
2023-08-21T23:36:02Z,26.13,69.06,99,0,33.35,102.11,211.00,1556.00,null,null,null
2023-08-21T23:37:02Z,26.13,69.05,99,0,29.87,102.12,211.00,1556.00,null,null,null
2023-08-21T23:38:02Z,26.13,69.11,99,0,33.44,102.11,211.00,1556.00,null,null,null
2023-08-21T23:39:02Z,26.14,69.14,99,0,44.57,102.11,207.00,1551.00,null,null,null
2023-08-21T23:40:02Z,26.14,69.17,99,0,32.05,102.11,207.00,1551.00,0,0,0
2023-08-21T23:41:02Z,26.16,69.16,99,0,31.38,102.12,207.00,1551.00,null,null,null
2023-08-21T23:42:02Z,26.16,69.22,99,0,45.63,102.11,207.00,1551.00,null,null,null
2023-08-21T23:43:02Z,26.19,69.16,99,0,48.17,102.11,207.00,1551.00,null,null,null
2023-08-21T23:44:02Z,26.16,69.21,99,0,33.89,102.12,207.00,1551.00,null,null,null
2023-08-21T23:45:02Z,26.14,69.23,99,0,32.87,102.11,204.00,1546.00,0,0,0
2023-08-21T23:46:02Z,26.17,69.31,99,0,30.45,102.11,204.00,1546.00,null,null,null
2023-08-21T23:47:02Z,26.14,69.22,99,0,49.15,102.11,220.00,1568.00,null,null,null
2023-08-21T23:48:02Z,26.19,69.32,99,0,35.11,102.11,230.00,1582.00,null,null,null
2023-08-21T23:49:02Z,26.19,69.30,99,0,33.95,102.11,231.00,1583.00,null,null,null
2023-08-21T23:50:02Z,26.17,69.33,99,0,33.77,102.11,237.00,1591.00,0,0,0
2023-08-21T23:51:02Z,26.17,69.41,99,0,33.69,102.11,237.00,1591.00,null,null,null
2023-08-21T23:52:02Z,26.19,69.44,99,0,46.76,102.11,237.00,1591.00,null,null,null
2023-08-21T23:53:02Z,26.17,69.44,99,0,41.80,102.10,237.00,1591.00,null,null,null
2023-08-21T23:54:02Z,26.20,69.52,99,0,40.28,102.10,237.00,1591.00,null,null,null
2023-08-21T23:55:02Z,26.19,69.53,99,0,35.73,102.10,237.00,1591.00,0,0,0
2023-08-21T23:56:02Z,26.17,69.56,99,0,40.10,102.10,231.00,1583.00,null,null,null
2023-08-21T23:57:02Z,26.19,69.55,99,0,31.89,102.10,231.00,1583.00,null,null,null
2023-08-21T23:58:02Z,26.19,69.57,99,0,37.08,102.09,231.00,1583.00,null,null,null
2023-08-21T23:59:02Z,26.19,69.68,99,0,30.34,102.09,228.00,1579.00,null,null,null
