TIME,TEMP,HUM,BATT,LIGHT,NOISE_A,PRESS,CCS811_VOCS,CCS811_ECO2,PM_1,PM_25,PM_10
ISO 8601,C,%,%,Lux,dBA,kPa,ppb,ppm,ug/m3,ug/m3,ug/m3
Time,Temperature,Humidity,Battery,Light,Noise dBA,Barometric pressure,VOC Gas CCS811,eCO2 Gas CCS811,PM 1.0,PM 2.5,PM 10.0
,55,56,10,14,53,58,113,112,89,87,88
2023-09-18T00:00:03Z,25.23,73.87,99,0,33.07,100.42,304.00,1665.00,0,0,0
2023-09-18T00:01:03Z,25.23,73.88,99,0,32.90,100.42,316.00,1677.00,null,null,null
2023-09-18T00:02:03Z,25.23,73.92,99,0,32.98,100.41,321.00,1682.00,null,null,null
2023-09-18T00:03:03Z,25.24,73.89,99,0,31.92,100.42,326.00,1687.00,null,null,null
2023-09-18T00:04:03Z,25.21,73.83,99,0,33.62,100.42,332.00,1694.00,null,null,null
2023-09-18T00:05:03Z,25.20,73.92,99,0,30.16,100.42,336.00,1698.00,0,0,0
2023-09-18T00:06:03Z,25.24,73.85,99,0,32.69,100.42,336.00,1698.00,null,null,null
2023-09-18T00:07:03Z,25.24,73.83,99,0,34.28,100.41,336.00,1698.00,null,null,null
2023-09-18T00:08:03Z,25.24,73.87,99,0,33.83,100.41,344.00,1704.00,null,null,null
2023-09-18T00:09:03Z,25.21,73.89,99,0,34.11,100.41,344.00,1704.00,null,null,null
2023-09-18T00:10:03Z,25.23,73.87,99,0,30.62,100.40,344.00,1704.00,0,0,0
2023-09-18T00:11:03Z,25.21,73.89,99,0,34.46,100.40,344.00,1704.00,null,null,null
2023-09-18T00:12:03Z,25.23,73.86,99,0,31.82,100.40,344.00,1704.00,null,null,null
2023-09-18T00:13:03Z,25.23,73.83,99,0,32.80,100.40,349.00,1710.00,null,null,null
2023-09-18T00:14:03Z,25.21,73.85,99,0,33.10,100.39,349.00,1710.00,null,null,null
2023-09-18T00:15:03Z,25.21,73.87,99,0,33.54,100.39,349.00,1710.00,0,0,0
2023-09-18T00:16:03Z,25.23,73.85,99,0,33.48,100.39,344.00,1704.00,null,null,null
2023-09-18T00:17:03Z,25.24,73.86,99,0,33.76,100.39,349.00,1710.00,null,null,null
2023-09-18T00:18:03Z,25.24,73.89,99,0,34.73,100.39,349.00,1710.00,null,null,null
2023-09-18T00:19:03Z,25.23,73.87,99,0,32.31,100.38,344.00,1704.00,null,null,null
2023-09-18T00:20:03Z,25.23,73.86,99,0,34.55,100.37,349.00,1710.00,0,0,0
2023-09-18T00:21:03Z,25.23,73.82,99,0,33.42,100.37,354.00,1715.00,null,null,null
2023-09-18T00:22:03Z,25.23,73.79,99,0,33.65,100.36,360.00,1723.00,null,null,null
2023-09-18T00:23:03Z,25.24,73.81,99,0,30.57,100.35,365.00,1728.00,null,null,null
2023-09-18T00:24:03Z,25.21,73.79,99,0,31.56,100.34,374.00,1736.00,null,null,null
2023-09-18T00:25:03Z,25.24,73.83,99,0,31.56,100.33,374.00,1736.00,0,0,0
2023-09-18T00:26:03Z,25.23,73.82,99,0,30.89,100.33,374.00,1736.00,null,null,null
2023-09-18T00:27:03Z,25.23,73.78,99,0,32.27,100.33,379.00,1739.00,null,null,null
2023-09-18T00:28:03Z,25.21,73.76,99,0,31.38,100.33,379.00,1739.00,null,null,null
2023-09-18T00:29:03Z,25.18,73.79,99,0,31.34,100.34,379.00,1739.00,null,null,null
2023-09-18T00:30:03Z,25.21,73.77,99,0,31.35,100.33,379.00,1739.00,0,0,0
2023-09-18T00:31:03Z,25.21,73.84,99,0,31.12,100.34,400.00,1757.00,null,null,null
2023-09-18T00:32:03Z,25.23,73.87,99,0,33.90,100.34,413.00,1769.00,null,null,null
2023-09-18T00:33:03Z,25.21,73.83,99,0,31.62,100.34,421.00,1774.00,null,null,null
2023-09-18T00:34:03Z,25.23,73.80,99,0,29.31,100.34,427.00,1779.00,null,null,null
2023-09-18T00:35:03Z,25.20,73.81,99,0,33.97,100.33,435.00,1787.00,0,0,0
2023-09-18T00:36:03Z,25.23,73.83,99,0,35.13,100.32,441.00,1792.00,null,null,null
2023-09-18T00:37:03Z,25.24,73.77,99,0,50.10,100.32,441.00,1792.00,null,null,null
2023-09-18T00:38:03Z,25.23,73.75,99,0,31.52,100.32,450.00,1800.00,null,null,null
2023-09-18T00:39:03Z,25.23,73.83,99,0,34.15,100.32,450.00,1800.00,null,null,null
2023-09-18T00:40:03Z,25.23,73.81,99,0,32.00,100.31,450.00,1800.00,0,0,0
2023-09-18T00:41:03Z,25.21,73.79,99,0,32.06,100.31,450.00,1800.00,null,null,null
2023-09-18T00:42:03Z,25.23,73.77,99,0,32.37,100.31,450.00,1800.00,null,null,null
2023-09-18T00:43:03Z,25.24,73.74,99,0,30.91,100.31,450.00,1800.00,null,null,null
2023-09-18T00:44:03Z,25.21,73.73,99,0,31.81,100.31,454.00,1804.00,null,null,null
2023-09-18T00:45:03Z,25.25,73.76,99,0,29.64,100.30,454.00,1804.00,0,0,0
2023-09-18T00:46:03Z,25.24,73.75,99,0,32.67,100.30,410.00,1766.00,null,null,null
2023-09-18T00:47:03Z,25.21,73.69,99,0,31.72,100.29,458.00,1808.00,null,null,null
2023-09-18T00:48:03Z,25.23,73.77,99,0,33.96,100.29,469.00,1815.00,null,null,null
2023-09-18T00:49:03Z,25.23,73.75,99,0,30.64,100.29,465.00,1813.00,null,null,null
2023-09-18T00:50:03Z,25.18,73.73,99,0,32.42,100.29,474.00,1819.00,0,0,0
2023-09-18T00:51:03Z,25.21,73.75,99,0,30.37,100.29,479.00,1823.00,null,null,null
2023-09-18T00:52:03Z,25.23,73.67,99,0,31.87,100.29,474.00,1819.00,null,null,null
2023-09-18T00:53:03Z,25.23,73.71,99,0,31.93,100.30,479.00,1823.00,null,null,null
2023-09-18T00:54:03Z,25.21,73.74,99,0,32.42,100.29,479.00,1823.00,null,null,null
2023-09-18T00:55:03Z,25.21,73.76,99,0,29.36,100.29,479.00,1823.00,0,0,0
2023-09-18T00:56:03Z,25.20,73.72,99,0,33.49,100.30,474.00,1819.00,null,null,null
2023-09-18T00:57:03Z,25.21,73.72,99,0,31.92,100.30,479.00,1823.00,null,null,null
2023-09-18T00:58:03Z,25.20,73.75,99,0,30.88,100.30,479.00,1823.00,null,null,null
2023-09-18T00:59:03Z,25.21,73.71,99,0,31.52,100.30,474.00,1819.00,null,null,null
2023-09-18T01:00:03Z,25.20,73.71,99,0,34.24,100.29,479.00,1823.00,0,0,0
2023-09-18T01:01:03Z,25.21,73.71,99,0,31.99,100.29,479.00,1823.00,null,null,null
2023-09-18T01:02:03Z,25.21,73.69,99,0,32.14,100.29,479.00,1823.00,null,null,null
2023-09-18T01:03:03Z,25.20,73.75,99,0,33.11,100.29,479.00,1823.00,null,null,null
2023-09-18T01:04:03Z,25.20,73.73,99,0,34.09,100.28,465.00,1813.00,null,null,null
2023-09-18T01:05:03Z,25.18,73.74,99,0,31.11,100.28,469.00,1815.00,0,0,0
2023-09-18T01:06:03Z,25.17,73.69,99,0,32.73,100.28,469.00,1815.00,null,null,null
2023-09-18T01:07:03Z,25.21,73.69,99,0,33.25,100.28,469.00,1815.00,null,null,null
2023-09-18T01:08:03Z,25.20,73.70,99,0,33.18,100.28,463.00,1811.00,null,null,null
2023-09-18T01:09:03Z,25.20,73.67,99,0,31.60,100.27,463.00,1811.00,null,null,null
2023-09-18T01:10:03Z,25.20,73.68,99,0,32.85,100.27,463.00,1811.00,0,0,0
2023-09-18T01:11:03Z,25.18,73.64,99,0,29.79,100.27,454.00,1804.00,null,null,null
2023-09-18T01:12:03Z,25.21,73.64,99,0,31.92,100.27,454.00,1804.00,null,null,null
2023-09-18T01:13:03Z,25.20,73.62,99,0,32.36,100.27,454.00,1804.00,null,null,null
2023-09-18T01:14:03Z,25.18,73.66,99,0,32.07,100.26,454.00,1804.00,null,null,null
2023-09-18T01:15:03Z,25.18,73.67,99,0,32.91,100.25,454.00,1804.00,0,0,0
2023-09-18T01:16:03Z,25.23,73.65,99,0,32.80,100.26,445.00,1796.00,null,null,null
2023-09-18T01:17:03Z,25.20,73.64,99,0,34.15,100.26,445.00,1796.00,null,null,null
2023-09-18T01:18:03Z,25.20,73.66,99,0,31.54,100.26,445.00,1796.00,null,null,null
2023-09-18T01:19:03Z,25.18,73.64,99,0,32.84,100.26,445.00,1796.00,null,null,null
2023-09-18T01:20:03Z,25.20,73.68,99,0,34.78,100.25,439.00,1790.00,0,0,0
2023-09-18T01:21:03Z,25.17,73.68,99,0,34.48,100.25,439.00,1790.00,null,null,null
2023-09-18T01:22:03Z,25.17,73.58,99,0,32.05,100.24,439.00,1790.00,null,null,null
2023-09-18T01:23:03Z,25.17,73.61,99,0,30.29,100.23,431.00,1783.00,null,null,null
2023-09-18T01:24:03Z,25.17,73.59,99,0,32.19,100.23,431.00,1783.00,null,null,null
2023-09-18T01:25:03Z,25.15,73.61,99,0,33.89,100.23,431.00,1783.00,0,0,0
2023-09-18T01:26:03Z,25.18,73.65,99,0,31.67,100.22,425.00,1778.00,null,null,null
2023-09-18T01:27:03Z,25.20,73.60,99,0,32.00,100.21,431.00,1783.00,null,null,null
2023-09-18T01:28:03Z,25.18,73.64,99,0,34.45,100.20,431.00,1783.00,null,null,null
2023-09-18T01:29:03Z,25.17,73.58,99,0,32.64,100.19,431.00,1783.00,null,null,null
2023-09-18T01:30:03Z,25.17,73.64,99,0,33.00,100.18,425.00,1778.00,0,0,0
2023-09-18T01:31:03Z,25.17,73.60,99,0,29.62,100.17,425.00,1778.00,null,null,null
2023-09-18T01:32:03Z,25.20,73.61,99,0,29.76,100.18,425.00,1778.00,null,null,null
2023-09-18T01:33:03Z,25.17,73.58,99,0,32.12,100.19,417.00,1772.00,null,null,null
2023-09-18T01:34:03Z,25.17,73.61,99,0,32.88,100.19,425.00,1778.00,null,null,null
2023-09-18T01:35:03Z,25.17,73.62,99,0,34.24,100.18,417.00,1772.00,0,0,0
2023-09-18T01:36:03Z,25.15,73.60,99,0,32.23,100.18,425.00,1778.00,null,null,null
2023-09-18T01:37:03Z,25.15,73.60,99,0,30.50,100.17,417.00,1772.00,null,null,null
2023-09-18T01:38:03Z,25.15,73.59,99,0,31.77,100.17,417.00,1772.00,null,null,null
2023-09-18T01:39:03Z,25.13,73.60,99,0,31.65,100.16,417.00,1772.00,null,null,null
2023-09-18T01:40:03Z,25.17,73.61,99,0,32.05,100.16,411.00,1767.00,0,0,0
2023-09-18T01:41:03Z,25.14,73.63,99,0,33.59,100.15,411.00,1767.00,null,null,null
2023-09-18T01:42:03Z,25.13,73.60,99,0,33.18,100.14,411.00,1767.00,null,null,null
2023-09-18T01:43:03Z,25.14,73.58,99,0,31.79,100.14,411.00,1767.00,null,null,null
2023-09-18T01:44:03Z,25.15,73.59,99,0,31.76,100.14,404.00,1761.00,null,null,null
2023-09-18T01:45:03Z,25.13,73.56,99,0,32.98,100.13,404.00,1761.00,0,0,0
2023-09-18T01:46:03Z,25.15,73.60,99,0,29.32,100.13,404.00,1761.00,null,null,null
2023-09-18T01:47:03Z,25.14,73.60,99,0,30.81,100.13,398.00,1757.00,null,null,null
2023-09-18T01:48:03Z,25.15,73.60,99,0,32.48,100.13,398.00,1757.00,null,null,null
2023-09-18T01:49:03Z,25.13,73.61,99,0,31.83,100.13,398.00,1757.00,null,null,null
2023-09-18T01:50:03Z,25.13,73.58,99,0,30.87,100.12,390.00,1749.00,0,0,0
2023-09-18T01:51:03Z,25.17,73.60,99,0,29.96,100.12,398.00,1757.00,null,null,null
2023-09-18T01:52:03Z,25.13,73.53,99,0,30.97,100.11,411.00,1767.00,null,null,null
2023-09-18T01:53:03Z,25.14,73.56,99,0,32.02,100.11,411.00,1767.00,null,null,null
2023-09-18T01:54:03Z,25.13,73.61,99,0,29.01,100.11,417.00,1772.00,null,null,null
2023-09-18T01:55:03Z,25.11,73.58,99,0,30.63,100.10,417.00,1772.00,0,0,0
2023-09-18T01:56:03Z,25.13,73.60,99,0,29.92,100.10,417.00,1772.00,null,null,null
2023-09-18T01:57:03Z,25.11,73.59,99,0,29.38,100.10,425.00,1778.00,null,null,null
2023-09-18T01:58:03Z,25.13,73.64,99,0,31.66,100.10,425.00,1778.00,null,null,null
2023-09-18T01:59:03Z,25.13,73.71,99,0,31.67,100.10,454.00,1804.00,null,null,null
2023-09-18T02:00:03Z,25.08,73.72,99,0,29.81,100.11,521.00,1853.00,0,0,0
2023-09-18T02:01:03Z,25.14,73.69,99,0,34.11,100.11,571.00,1890.00,null,null,null
2023-09-18T02:02:03Z,25.13,73.65,99,0,32.66,100.12,605.00,1914.00,null,null,null
2023-09-18T02:03:03Z,25.10,73.71,99,0,32.36,100.13,637.00,1934.00,null,null,null
2023-09-18T02:04:03Z,25.10,73.74,99,0,35.47,100.14,657.00,1946.00,null,null,null
2023-09-18T02:05:03Z,25.11,73.65,99,0,33.26,100.14,680.00,1961.00,0,0,0
2023-09-18T02:06:03Z,25.10,73.73,99,0,30.79,100.13,692.00,1968.00,null,null,null
2023-09-18T02:07:03Z,25.11,73.65,99,0,33.81,100.13,707.00,1977.00,null,null,null
2023-09-18T02:08:03Z,25.11,73.66,99,0,33.82,100.13,707.00,1977.00,null,null,null
2023-09-18T02:09:03Z,25.11,73.63,99,0,31.98,100.13,718.00,1983.00,null,null,null
2023-09-18T02:10:03Z,25.10,73.63,99,0,32.01,100.13,718.00,1983.00,0,0,0
2023-09-18T02:11:03Z,25.10,73.65,99,0,31.57,100.13,718.00,1983.00,null,null,null
2023-09-18T02:12:03Z,25.10,73.61,99,0,32.37,100.13,718.00,1983.00,null,null,null
2023-09-18T02:13:03Z,25.13,73.61,99,0,30.59,100.12,718.00,1983.00,null,null,null
2023-09-18T02:14:03Z,25.10,73.63,99,0,30.10,100.12,718.00,1983.00,null,null,null
2023-09-18T02:15:03Z,25.10,73.56,99,0,29.94,100.12,718.00,1983.00,0,0,0
2023-09-18T02:16:03Z,25.11,73.60,99,0,33.57,100.12,718.00,1983.00,null,null,null
2023-09-18T02:17:03Z,25.13,73.61,99,0,28.87,100.12,718.00,1983.00,null,null,null
2023-09-18T02:18:03Z,25.11,73.56,99,0,32.47,100.12,718.00,1983.00,null,null,null
2023-09-18T02:19:03Z,25.05,73.62,99,0,31.08,100.12,707.00,1977.00,null,null,null
2023-09-18T02:20:03Z,25.10,73.59,99,0,29.92,100.12,707.00,1977.00,0,0,0
2023-09-18T02:21:03Z,25.10,73.59,99,0,32.94,100.12,692.00,1968.00,null,null,null
2023-09-18T02:22:03Z,25.08,73.57,99,0,31.20,100.12,707.00,1977.00,null,null,null
2023-09-18T02:23:03Z,25.08,73.62,99,0,32.90,100.12,692.00,1968.00,null,null,null
2023-09-18T02:24:03Z,25.10,73.58,99,0,32.14,100.13,692.00,1968.00,null,null,null
2023-09-18T02:25:03Z,25.08,73.58,99,0,34.36,100.12,680.00,1961.00,0,0,0
2023-09-18T02:26:03Z,25.07,73.57,99,0,30.70,100.12,680.00,1961.00,null,null,null
2023-09-18T02:27:03Z,25.10,73.53,99,0,32.82,100.12,680.00,1961.00,null,null,null
2023-09-18T02:28:03Z,25.07,73.56,99,0,32.73,100.12,670.00,1954.00,null,null,null
2023-09-18T02:29:03Z,25.08,73.58,99,0,31.92,100.12,670.00,1954.00,null,null,null
2023-09-18T02:30:03Z,25.05,73.64,99,0,33.02,100.12,670.00,1954.00,0,0,0
2023-09-18T02:31:03Z,25.08,73.61,99,0,null,100.12,657.00,1946.00,null,null,null
2023-09-18T02:32:03Z,25.10,73.62,99,0,29.62,100.11,657.00,1946.00,null,null,null
2023-09-18T02:33:03Z,25.07,73.68,99,0,32.71,100.12,657.00,1946.00,null,null,null
2023-09-18T02:34:03Z,25.07,73.66,99,0,32.36,100.11,647.00,1939.00,null,null,null
2023-09-18T02:35:03Z,25.05,73.64,99,0,29.62,100.11,637.00,1934.00,0,0,0
2023-09-18T02:36:03Z,25.08,73.59,99,0,30.70,100.12,637.00,1934.00,null,null,null
2023-09-18T02:37:03Z,25.08,73.61,99,0,31.56,100.12,637.00,1934.00,null,null,null
2023-09-18T02:38:03Z,25.05,73.60,99,0,32.24,100.12,637.00,1934.00,null,null,null
2023-09-18T02:39:03Z,25.04,73.61,99,0,32.24,100.12,623.00,1925.00,null,null,null
2023-09-18T02:40:03Z,25.05,73.62,99,0,32.82,100.11,612.00,1918.00,0,0,0
2023-09-18T02:41:03Z,25.07,73.67,99,0,32.92,100.11,612.00,1918.00,null,null,null
2023-09-18T02:42:03Z,25.05,73.58,99,0,33.46,100.11,612.00,1918.00,null,null,null
2023-09-18T02:43:03Z,25.04,73.59,99,0,31.28,100.11,612.00,1918.00,null,null,null
2023-09-18T02:44:03Z,25.05,73.61,99,0,31.07,100.11,605.00,1914.00,null,null,null
2023-09-18T02:45:03Z,25.04,73.68,99,0,31.54,100.11,605.00,1914.00,0,0,0
2023-09-18T02:46:03Z,25.04,73.61,99,0,30.27,100.11,592.00,1905.00,null,null,null
2023-09-18T02:47:03Z,25.03,73.64,99,0,32.39,100.11,592.00,1905.00,null,null,null
2023-09-18T02:48:03Z,25.04,73.63,99,0,32.64,100.11,592.00,1905.00,null,null,null
2023-09-18T02:49:03Z,25.05,73.68,99,0,30.77,100.10,582.00,1898.00,null,null,null
2023-09-18T02:50:03Z,25.01,73.67,99,0,35.97,100.10,582.00,1898.00,0,0,0
2023-09-18T02:51:03Z,25.04,73.65,99,0,32.95,100.10,571.00,1890.00,null,null,null
2023-09-18T02:52:03Z,25.07,73.61,99,0,31.82,100.10,571.00,1890.00,null,null,null
2023-09-18T02:53:03Z,25.01,73.63,99,0,31.88,100.10,571.00,1890.00,null,null,null
2023-09-18T02:54:03Z,25.03,73.64,99,0,32.51,100.10,559.00,1883.00,null,null,null
2023-09-18T02:55:03Z,25.01,73.64,99,0,32.41,100.10,559.00,1883.00,0,0,0
2023-09-18T02:56:03Z,25.04,73.66,99,0,28.01,100.10,559.00,1883.00,null,null,null
2023-09-18T02:57:03Z,25.04,73.62,99,0,33.37,100.11,548.00,1875.00,null,null,null
2023-09-18T02:58:03Z,25.04,73.65,99,0,30.25,100.10,548.00,1875.00,null,null,null
2023-09-18T02:59:03Z,25.03,73.68,99,0,32.72,100.11,542.00,1868.00,null,null,null
2023-09-18T03:00:03Z,25.01,73.64,99,0,31.56,100.10,542.00,1868.00,0,0,0
2023-09-18T03:01:03Z,25.03,73.66,99,0,31.47,100.10,542.00,1868.00,null,null,null
2023-09-18T03:02:03Z,25.04,73.63,99,0,30.26,100.11,531.00,1861.00,null,null,null
2023-09-18T03:03:03Z,25.01,73.61,99,0,31.35,100.11,531.00,1861.00,null,null,null
2023-09-18T03:04:03Z,25.03,73.62,99,0,34.19,100.11,531.00,1861.00,null,null,null
2023-09-18T03:05:03Z,25.03,73.62,99,0,30.94,100.11,521.00,1853.00,0,0,0
2023-09-18T03:06:03Z,25.01,73.63,99,0,31.74,100.11,521.00,1853.00,null,null,null
2023-09-18T03:07:03Z,25.01,73.61,99,0,34.66,100.11,521.00,1853.00,null,null,null
2023-09-18T03:08:03Z,25.01,73.58,99,0,31.49,100.11,513.00,1848.00,null,null,null
2023-09-18T03:09:03Z,25.04,73.62,99,0,33.35,100.11,513.00,1848.00,null,null,null
2023-09-18T03:10:03Z,25.01,73.62,99,0,32.60,100.11,513.00,1848.00,0,0,0
2023-09-18T03:11:03Z,25.01,73.66,99,0,30.66,100.11,504.00,1842.00,null,null,null
2023-09-18T03:12:03Z,25.03,73.61,99,0,34.31,100.11,504.00,1842.00,null,null,null
2023-09-18T03:13:03Z,25.01,73.58,99,0,31.90,100.11,458.00,1808.00,null,null,null
2023-09-18T03:14:03Z,25.01,73.63,99,0,30.55,100.10,417.00,1772.00,null,null,null
2023-09-18T03:15:03Z,25.00,73.60,99,0,31.37,100.11,417.00,1772.00,0,0,0
2023-09-18T03:16:03Z,24.98,73.62,99,0,32.21,100.11,417.00,1772.00,null,null,null
2023-09-18T03:17:03Z,25.01,73.60,99,0,32.64,100.10,411.00,1767.00,null,null,null
2023-09-18T03:18:03Z,24.98,73.64,99,0,31.22,100.11,407.00,1764.00,null,null,null
2023-09-18T03:19:03Z,25.01,73.65,99,0,30.15,100.11,400.00,1757.00,null,null,null
2023-09-18T03:20:03Z,24.98,73.62,99,0,32.10,100.11,400.00,1757.00,0,0,0
2023-09-18T03:21:03Z,24.98,73.59,99,0,29.88,100.11,396.00,1756.00,null,null,null
2023-09-18T03:22:03Z,25.01,73.62,99,0,30.59,100.11,396.00,1756.00,null,null,null
2023-09-18T03:23:03Z,25.01,73.61,99,0,32.54,100.11,396.00,1756.00,null,null,null
2023-09-18T03:24:03Z,24.98,73.57,99,0,28.47,100.11,394.00,1753.00,null,null,null
2023-09-18T03:25:03Z,24.98,73.69,99,0,31.28,100.11,389.00,1748.00,0,0,0
2023-09-18T03:26:03Z,25.01,73.61,99,0,33.56,100.11,385.00,1744.00,null,null,null
2023-09-18T03:27:03Z,25.00,73.57,99,0,30.33,100.11,389.00,1748.00,null,null,null
2023-09-18T03:28:03Z,25.00,73.60,99,0,30.40,100.11,385.00,1744.00,null,null,null
2023-09-18T03:29:03Z,24.98,73.62,99,0,31.12,100.11,381.00,1741.00,null,null,null
2023-09-18T03:30:03Z,25.00,73.61,99,0,29.47,100.11,374.00,1738.00,0,0,0
2023-09-18T03:31:03Z,24.97,73.62,99,0,31.64,100.11,372.00,1735.00,null,null,null
2023-09-18T03:32:03Z,24.98,73.57,99,0,32.46,100.12,374.00,1738.00,null,null,null
2023-09-18T03:33:03Z,25.00,73.65,99,0,30.61,100.12,367.00,1730.00,null,null,null
2023-09-18T03:34:03Z,24.98,73.58,99,0,32.99,100.11,367.00,1730.00,null,null,null
2023-09-18T03:35:03Z,25.00,73.63,99,0,30.08,100.12,367.00,1730.00,0,0,0
2023-09-18T03:36:03Z,25.01,73.67,99,0,31.88,100.12,364.00,1726.00,null,null,null
2023-09-18T03:37:03Z,24.98,73.67,99,0,31.15,100.12,354.00,1715.00,null,null,null
2023-09-18T03:38:03Z,24.98,73.70,99,0,30.59,100.12,354.00,1715.00,null,null,null
2023-09-18T03:39:03Z,24.98,73.63,99,0,31.30,100.12,351.00,1712.00,null,null,null
2023-09-18T03:40:03Z,24.97,73.68,99,0,31.62,100.12,351.00,1712.00,0,0,0
2023-09-18T03:41:03Z,24.94,73.71,99,0,32.77,100.12,348.00,1709.00,null,null,null
2023-09-18T03:42:03Z,24.97,73.69,99,0,33.17,100.12,348.00,1709.00,null,null,null
2023-09-18T03:43:03Z,24.97,73.65,99,0,32.78,100.12,348.00,1709.00,null,null,null
2023-09-18T03:44:03Z,24.94,73.69,99,0,32.57,100.12,341.00,1703.00,null,null,null
2023-09-18T03:45:03Z,24.97,73.69,99,0,31.23,100.12,341.00,1703.00,0,0,0
2023-09-18T03:46:03Z,24.97,73.65,99,0,34.34,100.12,338.00,1700.00,null,null,null
2023-09-18T03:47:03Z,24.97,73.67,99,0,32.61,100.12,338.00,1700.00,null,null,null
2023-09-18T03:48:03Z,24.95,73.62,99,0,31.32,100.11,338.00,1700.00,null,null,null
2023-09-18T03:49:03Z,24.98,73.65,99,0,31.74,100.11,340.00,1701.00,null,null,null
2023-09-18T03:50:03Z,24.95,73.66,99,0,33.84,100.12,340.00,1701.00,0,0,0
2023-09-18T03:51:03Z,24.98,73.70,99,0,30.16,100.12,330.00,1691.00,null,null,null
2023-09-18T03:52:03Z,24.98,73.65,99,0,30.46,100.11,330.00,1691.00,null,null,null
2023-09-18T03:53:03Z,24.97,73.64,99,0,30.54,100.11,332.00,1694.00,null,null,null
2023-09-18T03:54:03Z,24.95,73.59,99,0,30.58,100.11,332.00,1694.00,null,null,null
2023-09-18T03:55:03Z,24.93,73.64,99,0,34.60,100.12,340.00,1701.00,0,0,0
2023-09-18T03:56:03Z,24.98,73.68,99,0,35.06,100.12,351.00,1712.00,null,null,null
2023-09-18T03:57:03Z,24.95,73.64,99,0,33.21,100.11,354.00,1715.00,null,null,null
2023-09-18T03:58:03Z,24.97,73.65,99,0,33.12,100.12,365.00,1728.00,null,null,null
2023-09-18T03:59:03Z,24.95,73.68,99,0,31.14,100.11,365.00,1728.00,null,null,null
2023-09-18T04:00:03Z,24.94,73.64,99,0,30.47,100.12,369.00,1731.00,0,0,0
2023-09-18T04:01:03Z,24.95,73.65,99,0,32.58,100.11,369.00,1731.00,null,null,null
2023-09-18T04:02:03Z,24.94,73.66,99,0,29.18,100.11,369.00,1731.00,null,null,null
2023-09-18T04:03:03Z,24.94,73.65,99,0,31.41,100.12,369.00,1731.00,null,null,null
2023-09-18T04:04:03Z,24.93,73.67,99,0,31.30,100.11,374.00,1736.00,null,null,null
2023-09-18T04:05:03Z,24.90,73.71,99,0,32.26,100.11,369.00,1731.00,0,0,0
2023-09-18T04:06:03Z,24.93,73.76,99,0,30.22,100.11,369.00,1731.00,null,null,null
2023-09-18T04:07:03Z,24.94,73.71,99,0,30.70,100.11,365.00,1728.00,null,null,null
2023-09-18T04:08:03Z,24.95,73.65,99,0,30.84,100.11,369.00,1731.00,null,null,null
2023-09-18T04:09:03Z,24.94,73.71,99,0,33.08,100.11,369.00,1731.00,null,null,null
2023-09-18T04:10:03Z,24.91,73.70,99,0,34.68,100.11,365.00,1728.00,0,0,0
2023-09-18T04:11:03Z,24.91,73.73,99,0,30.16,100.11,365.00,1728.00,null,null,null
2023-09-18T04:12:03Z,24.90,73.69,99,0,30.83,100.12,359.00,1721.00,null,null,null
2023-09-18T04:13:03Z,24.93,73.68,99,0,32.61,100.12,359.00,1721.00,null,null,null
2023-09-18T04:14:03Z,24.91,73.66,99,0,33.97,100.12,359.00,1721.00,null,null,null
2023-09-18T04:15:03Z,24.90,73.65,99,0,31.62,100.12,354.00,1715.00,0,0,0
2023-09-18T04:16:03Z,24.90,73.67,99,0,29.50,100.12,354.00,1715.00,null,null,null
2023-09-18T04:17:03Z,24.91,73.68,99,0,30.25,100.12,351.00,1712.00,null,null,null
2023-09-18T04:18:03Z,24.93,73.71,99,0,31.24,100.12,351.00,1712.00,null,null,null
2023-09-18T04:19:03Z,24.93,73.71,99,0,30.50,100.12,346.00,1707.00,null,null,null
2023-09-18T04:20:03Z,24.88,73.72,99,0,32.37,100.12,346.00,1707.00,0,0,0
2023-09-18T04:21:03Z,24.91,73.72,99,0,31.28,100.12,340.00,1701.00,null,null,null
2023-09-18T04:22:03Z,24.88,73.68,99,0,33.43,100.11,336.00,1698.00,null,null,null
2023-09-18T04:23:03Z,24.88,73.71,99,0,31.89,100.12,336.00,1698.00,null,null,null
2023-09-18T04:24:03Z,24.87,73.70,99,0,31.13,100.11,346.00,1707.00,null,null,null
2023-09-18T04:25:03Z,24.90,73.74,99,0,31.72,100.11,340.00,1701.00,0,0,0
2023-09-18T04:26:03Z,24.88,73.73,99,0,32.21,100.11,332.00,1694.00,null,null,null
2023-09-18T04:27:03Z,24.90,73.65,99,0,33.10,100.12,336.00,1698.00,null,null,null
2023-09-18T04:28:03Z,24.90,73.68,99,0,null,100.11,336.00,1698.00,null,null,null
2023-09-18T04:29:03Z,24.90,73.70,99,0,33.04,100.12,323.00,1685.00,null,null,null
2023-09-18T04:30:03Z,24.88,73.70,99,0,33.44,100.11,330.00,1691.00,0,0,0
2023-09-18T04:31:03Z,24.88,73.70,99,0,35.50,100.11,323.00,1685.00,null,null,null
2023-09-18T04:32:03Z,24.91,73.68,99,0,33.93,100.11,323.00,1685.00,null,null,null
2023-09-18T04:33:03Z,24.87,73.68,99,0,30.86,100.11,323.00,1685.00,null,null,null
2023-09-18T04:34:03Z,24.88,73.69,99,0,30.23,100.10,321.00,1682.00,null,null,null
2023-09-18T04:35:03Z,24.87,73.74,99,0,29.87,100.10,321.00,1682.00,0,0,0
2023-09-18T04:36:03Z,24.88,73.72,99,0,31.49,100.10,312.00,1673.00,null,null,null
2023-09-18T04:37:03Z,24.88,73.70,99,0,30.89,100.10,316.00,1677.00,null,null,null
2023-09-18T04:38:03Z,24.88,73.71,99,0,31.45,100.10,312.00,1673.00,null,null,null
2023-09-18T04:39:03Z,24.87,73.73,99,0,35.65,100.10,312.00,1673.00,null,null,null
2023-09-18T04:40:03Z,24.88,73.81,99,0,31.75,100.10,308.00,1669.00,0,0,0
2023-09-18T04:41:03Z,24.91,73.78,99,0,31.95,100.10,301.00,1663.00,null,null,null
2023-09-18T04:42:03Z,24.87,73.80,99,0,30.49,100.10,301.00,1663.00,null,null,null
2023-09-18T04:43:03Z,24.88,73.78,99,0,31.15,100.10,297.00,1659.00,null,null,null
2023-09-18T04:44:03Z,24.87,73.86,99,0,28.52,100.10,297.00,1659.00,null,null,null
2023-09-18T04:45:03Z,24.87,73.87,99,0,30.46,100.10,294.00,1655.00,0,0,0
2023-09-18T04:46:03Z,24.87,73.87,99,0,30.16,100.10,294.00,1655.00,null,null,null
2023-09-18T04:47:03Z,24.86,73.82,99,0,31.12,100.10,294.00,1655.00,null,null,null
2023-09-18T04:48:03Z,24.86,73.88,99,0,31.03,100.10,290.00,1651.00,null,null,null
2023-09-18T04:49:03Z,24.86,73.90,99,0,32.06,100.10,290.00,1651.00,null,null,null
2023-09-18T04:50:03Z,24.83,73.92,99,0,35.19,100.10,286.00,1645.00,0,0,0
2023-09-18T04:51:03Z,24.86,73.96,99,0,30.09,100.10,286.00,1645.00,null,null,null
2023-09-18T04:52:03Z,24.87,73.89,99,0,32.64,100.10,301.00,1663.00,null,null,null
2023-09-18T04:53:03Z,24.84,73.90,99,0,32.07,100.10,308.00,1669.00,null,null,null
2023-09-18T04:54:03Z,24.86,73.91,99,0,30.70,100.10,318.00,1678.00,null,null,null
2023-09-18T04:55:03Z,24.86,73.92,99,0,33.15,100.10,318.00,1678.00,0,0,0
2023-09-18T04:56:03Z,24.86,73.94,99,0,32.37,100.10,320.00,1681.00,null,null,null
2023-09-18T04:57:03Z,24.84,73.86,99,0,32.62,100.09,320.00,1681.00,null,null,null
2023-09-18T04:58:03Z,24.86,73.92,99,0,32.67,100.10,326.00,1687.00,null,null,null
2023-09-18T04:59:03Z,24.87,73.87,99,0,33.89,100.10,326.00,1687.00,null,null,null
2023-09-18T05:00:03Z,24.83,73.94,99,0,33.56,100.10,326.00,1687.00,0,0,0
2023-09-18T05:01:03Z,24.86,73.89,99,0,33.58,100.10,329.00,1690.00,null,null,null
2023-09-18T05:02:03Z,24.87,73.90,99,0,32.12,100.10,329.00,1690.00,null,null,null
2023-09-18T05:03:03Z,24.84,73.88,99,0,34.21,100.10,329.00,1690.00,null,null,null
2023-09-18T05:04:03Z,24.86,73.89,99,0,34.07,100.10,326.00,1687.00,null,null,null
2023-09-18T05:05:03Z,24.83,73.92,99,0,34.37,100.10,320.00,1681.00,0,0,0
2023-09-18T05:06:03Z,24.86,73.89,99,0,30.46,100.09,320.00,1681.00,null,null,null
2023-09-18T05:07:03Z,24.87,73.80,99,0,30.70,100.09,326.00,1687.00,null,null,null
2023-09-18T05:08:03Z,24.84,73.86,99,0,32.62,100.09,320.00,1681.00,null,null,null
2023-09-18T05:09:03Z,24.86,73.83,99,0,30.73,100.09,320.00,1681.00,null,null,null
2023-09-18T05:10:03Z,24.82,73.87,99,0,31.87,100.09,320.00,1681.00,0,0,0
2023-09-18T05:11:03Z,24.84,73.87,99,0,30.78,100.09,318.00,1678.00,null,null,null
2023-09-18T05:12:03Z,24.84,73.83,99,0,32.47,100.09,313.00,1674.00,null,null,null
2023-09-18T05:13:03Z,24.84,73.81,99,0,31.20,100.09,313.00,1674.00,null,null,null
2023-09-18T05:14:03Z,24.83,73.84,99,0,32.42,100.09,308.00,1669.00,null,null,null
2023-09-18T05:15:03Z,24.82,73.84,99,0,32.39,100.09,313.00,1674.00,0,0,0
2023-09-18T05:16:03Z,24.84,73.86,99,0,32.93,100.10,308.00,1669.00,null,null,null
2023-09-18T05:17:03Z,24.86,73.83,99,0,29.48,100.10,305.00,1667.00,null,null,null
2023-09-18T05:18:03Z,24.84,73.84,99,0,31.60,100.09,305.00,1667.00,null,null,null
2023-09-18T05:19:03Z,24.83,73.90,99,0,32.74,100.10,305.00,1667.00,null,null,null
2023-09-18T05:20:03Z,24.80,73.84,99,0,32.91,100.09,301.00,1663.00,0,0,0
2023-09-18T05:21:03Z,24.83,73.85,99,0,32.99,100.09,301.00,1663.00,null,null,null
2023-09-18T05:22:03Z,24.83,73.81,99,0,31.90,100.10,297.00,1659.00,null,null,null
2023-09-18T05:23:03Z,24.83,73.81,99,0,32.14,100.09,297.00,1659.00,null,null,null
2023-09-18T05:24:03Z,24.84,73.85,99,0,32.57,100.09,297.00,1659.00,null,null,null
2023-09-18T05:25:03Z,24.82,73.86,99,0,32.66,100.09,294.00,1655.00,0,0,0
2023-09-18T05:26:03Z,24.83,73.81,99,0,33.07,100.09,294.00,1655.00,null,null,null
2023-09-18T05:27:03Z,24.82,73.81,99,0,32.90,100.09,294.00,1655.00,null,null,null
2023-09-18T05:28:03Z,24.82,73.82,99,0,32.85,100.09,290.00,1651.00,null,null,null
2023-09-18T05:29:03Z,24.83,73.82,99,0,30.29,100.09,286.00,1645.00,null,null,null
2023-09-18T05:30:03Z,24.83,73.77,99,0,32.74,100.09,286.00,1645.00,0,0,0
2023-09-18T05:31:03Z,24.83,73.74,99,0,48.00,100.09,280.00,1638.00,null,null,null
2023-09-18T05:32:03Z,24.83,73.67,99,0,49.05,100.09,283.00,1641.00,null,null,null
2023-09-18T05:33:03Z,24.83,73.65,99,0,45.26,100.09,283.00,1641.00,null,null,null
2023-09-18T05:34:03Z,24.84,73.62,99,0,46.75,100.09,279.00,1637.00,null,null,null
2023-09-18T05:35:03Z,24.82,73.65,99,0,38.43,100.09,273.00,1631.00,0,0,0
2023-09-18T05:36:03Z,24.80,73.56,99,0,37.46,100.09,271.00,1628.00,null,null,null
2023-09-18T05:37:03Z,24.80,73.61,99,0,33.85,100.10,271.00,1628.00,null,null,null
2023-09-18T05:38:03Z,24.83,73.54,99,0,30.63,100.09,267.00,1624.00,null,null,null
2023-09-18T05:39:03Z,24.80,73.54,99,0,35.25,100.10,265.00,1621.00,null,null,null
2023-09-18T05:40:03Z,24.80,73.51,99,0,32.14,100.10,265.00,1621.00,0,0,0
2023-09-18T05:41:03Z,24.82,73.46,99,0,32.83,100.09,257.00,1612.00,null,null,null
2023-09-18T05:42:03Z,24.80,73.44,99,0,32.76,100.09,261.00,1616.00,null,null,null
2023-09-18T05:43:03Z,24.77,73.46,99,0,31.09,100.09,257.00,1612.00,null,null,null
2023-09-18T05:44:03Z,24.79,73.44,99,0,33.52,100.09,254.00,1608.00,null,null,null
2023-09-18T05:45:03Z,24.76,73.43,99,0,30.98,100.09,249.00,1606.00,0,0,0
2023-09-18T05:46:03Z,24.77,73.38,99,0,33.99,100.09,249.00,1606.00,null,null,null
2023-09-18T05:47:03Z,24.80,73.40,99,0,32.55,100.09,241.00,1594.00,null,null,null
2023-09-18T05:48:03Z,24.79,73.38,99,0,31.22,100.09,241.00,1594.00,null,null,null
2023-09-18T05:49:03Z,24.76,73.42,99,0,29.86,100.10,238.00,1592.00,null,null,null
2023-09-18T05:50:03Z,24.77,73.40,99,0,31.63,100.09,238.00,1592.00,0,0,0
2023-09-18T05:51:03Z,24.76,73.34,99,0,32.21,100.09,235.00,1588.00,null,null,null
2023-09-18T05:52:03Z,24.76,73.32,99,0,35.14,100.10,235.00,1588.00,null,null,null
2023-09-18T05:53:03Z,24.74,73.33,99,0,32.49,100.10,232.00,1585.00,null,null,null
2023-09-18T05:54:03Z,24.76,73.67,99,0,33.75,100.10,235.00,1588.00,null,null,null
2023-09-18T05:55:03Z,24.74,74.66,99,0,32.97,100.12,228.00,1579.00,0,0,0
2023-09-18T05:56:03Z,24.77,74.45,99,0,39.73,100.10,230.00,1582.00,null,null,null
2023-09-18T05:57:03Z,24.77,74.74,99,0,29.71,100.11,227.00,1578.00,null,null,null
2023-09-18T05:58:03Z,24.77,74.87,99,0,36.78,100.12,223.00,1572.00,null,null,null
2023-09-18T05:59:03Z,24.77,74.91,99,0,30.78,100.12,220.00,1568.00,null,null,null
2023-09-18T06:00:03Z,24.77,75.08,99,0,52.38,100.12,220.00,1568.00,0,0,0
2023-09-18T06:01:03Z,24.80,75.01,99,0,35.79,100.12,220.00,1568.00,null,null,null
2023-09-18T06:02:03Z,24.80,74.98,99,0,35.95,100.10,220.00,1568.00,null,null,null
2023-09-18T06:03:03Z,24.80,75.12,99,0,32.59,100.11,218.00,1564.00,null,null,null
2023-09-18T06:04:03Z,24.79,75.38,99,0,36.08,100.10,214.00,1560.00,null,null,null
2023-09-18T06:05:03Z,24.80,75.35,99,0,34.84,100.11,205.00,1547.00,0,0,0
2023-09-18T06:06:03Z,24.79,75.46,99,0,29.79,100.11,200.00,1542.00,null,null,null
2023-09-18T06:07:03Z,24.77,75.43,99,0,31.90,100.11,194.00,1533.00,null,null,null
2023-09-18T06:08:03Z,24.80,75.47,99,0,38.21,100.11,190.00,1527.00,null,null,null
2023-09-18T06:09:03Z,24.80,75.43,99,0,44.17,100.12,182.00,1516.00,null,null,null
2023-09-18T06:10:03Z,24.79,75.49,99,0,58.81,100.10,178.00,1511.00,0,0,0
2023-09-18T06:11:03Z,24.82,75.50,99,0,36.37,100.12,176.00,1506.00,null,null,null
2023-09-18T06:12:03Z,24.83,75.74,99,0,33.80,100.09,176.00,1506.00,null,null,null
2023-09-18T06:13:03Z,24.79,75.65,99,0,35.08,100.09,174.00,1503.00,null,null,null
2023-09-18T06:14:03Z,24.82,75.67,99,0,31.17,100.10,171.00,1499.00,null,null,null
2023-09-18T06:15:03Z,24.82,75.63,99,0,32.85,100.10,171.00,1499.00,0,0,0
2023-09-18T06:16:03Z,24.82,75.62,99,0,31.12,100.09,171.00,1499.00,null,null,null
2023-09-18T06:17:03Z,24.84,75.71,99,0,32.36,100.09,168.00,1495.00,null,null,null
2023-09-18T06:18:03Z,24.83,75.72,99,0,32.83,100.09,168.00,1495.00,null,null,null
2023-09-18T06:19:03Z,24.83,75.63,99,0,33.29,100.09,168.00,1495.00,null,null,null
2023-09-18T06:20:03Z,24.84,75.56,99,0,33.06,100.09,166.00,1495.00,0,0,0
2023-09-18T06:21:03Z,24.84,75.55,99,0,32.68,100.09,168.00,1495.00,null,null,null
2023-09-18T06:22:03Z,24.86,75.42,99,0,31.51,100.09,166.00,1495.00,null,null,null
2023-09-18T06:23:03Z,24.86,75.39,99,0,32.57,100.09,166.00,1495.00,null,null,null
2023-09-18T06:24:03Z,24.86,75.34,99,0,34.21,100.09,166.00,1495.00,null,null,null
2023-09-18T06:25:03Z,24.84,75.24,99,0,32.17,100.09,165.00,1487.00,0,0,0
2023-09-18T06:26:03Z,24.87,75.21,99,0,33.29,100.10,162.00,1465.00,null,null,null
2023-09-18T06:27:03Z,24.86,75.10,99,0,32.26,100.09,162.00,1465.00,null,null,null
2023-09-18T06:28:03Z,24.88,75.00,99,0,32.85,100.09,160.00,1453.00,null,null,null
2023-09-18T06:29:03Z,24.87,75.00,99,0,28.96,100.10,155.00,1420.00,null,null,null
2023-09-18T06:30:03Z,24.84,74.97,99,0,31.16,100.10,156.00,1429.00,0,0,0
2023-09-18T06:31:03Z,24.87,74.88,99,0,33.02,100.10,151.00,1397.00,null,null,null
2023-09-18T06:32:03Z,24.87,74.84,99,0,32.65,100.10,151.00,1397.00,null,null,null
2023-09-18T06:33:03Z,24.86,74.89,99,0,32.90,100.11,156.00,1429.00,null,null,null
2023-09-18T06:34:03Z,24.86,74.88,99,0,42.36,100.10,154.00,1416.00,null,null,null
2023-09-18T06:35:03Z,24.84,74.93,99,0,30.36,100.10,154.00,1416.00,0,0,0
2023-09-18T06:36:03Z,24.86,74.82,99,0,32.28,100.10,154.00,1416.00,null,null,null
2023-09-18T06:37:03Z,24.87,74.87,99,0,33.72,100.10,154.00,1416.00,null,null,null
2023-09-18T06:38:03Z,24.86,74.85,99,0,30.17,100.10,154.00,1416.00,null,null,null
2023-09-18T06:39:03Z,24.84,74.88,99,0,30.65,100.10,159.00,1445.00,null,null,null
2023-09-18T06:40:03Z,24.84,74.83,99,0,30.86,100.10,154.00,1416.00,0,0,0
2023-09-18T06:41:03Z,24.84,74.78,99,0,32.31,100.09,154.00,1416.00,null,null,null
2023-09-18T06:42:03Z,24.86,74.81,99,0,31.38,100.10,156.00,1429.00,null,null,null
2023-09-18T06:43:03Z,24.83,74.79,99,0,35.84,100.10,154.00,1416.00,null,null,null
2023-09-18T06:44:03Z,24.82,74.72,99,0,60.81,100.10,154.00,1416.00,null,null,null
2023-09-18T06:45:03Z,24.86,74.73,99,0,32.42,100.10,151.00,1393.00,0,0,0
2023-09-18T06:46:03Z,24.82,74.73,99,0,33.31,100.10,146.00,1364.00,null,null,null
2023-09-18T06:47:03Z,24.82,74.74,99,0,39.27,100.10,146.00,1364.00,null,null,null
2023-09-18T06:48:03Z,24.83,74.64,99,0,30.83,100.11,145.00,1356.00,null,null,null
2023-09-18T06:49:03Z,24.82,74.75,99,0,33.21,100.11,143.00,1345.00,null,null,null
2023-09-18T06:50:03Z,24.84,74.64,99,0,27.78,100.09,140.00,1321.00,0,0,0
2023-09-18T06:51:03Z,24.84,74.56,99,0,28.36,100.10,139.00,1316.00,null,null,null
2023-09-18T06:52:03Z,24.86,74.56,99,0,31.12,100.09,133.00,1277.00,null,null,null
2023-09-18T06:53:03Z,24.83,74.55,99,0,23.72,100.09,133.00,1277.00,null,null,null
2023-09-18T06:54:03Z,24.84,74.55,99,0,32.46,100.09,131.00,1262.00,null,null,null
2023-09-18T06:55:03Z,24.83,74.51,99,0,31.38,100.09,130.00,1255.00,0,0,0
2023-09-18T06:56:03Z,24.84,74.56,99,0,28.48,100.08,130.00,1255.00,null,null,null
2023-09-18T06:57:03Z,24.84,74.52,99,0,31.42,100.08,130.00,1255.00,null,null,null
2023-09-18T06:58:03Z,24.84,74.46,99,0,30.01,100.08,130.00,1255.00,null,null,null
2023-09-18T06:59:03Z,24.82,74.50,99,0,27.80,100.08,127.00,1235.00,null,null,null
2023-09-18T07:00:03Z,24.82,74.42,99,0,28.17,100.08,126.00,1228.00,0,0,0
2023-09-18T07:01:03Z,24.83,74.37,99,0,29.92,100.08,123.00,1212.00,null,null,null
2023-09-18T07:02:03Z,24.83,74.35,99,0,25.76,100.08,120.00,1188.00,null,null,null
2023-09-18T07:03:03Z,24.82,74.51,99,0,24.07,100.08,115.00,1159.00,null,null,null
2023-09-18T07:04:03Z,24.79,74.53,99,0,29.21,100.08,114.00,1150.00,null,null,null
2023-09-18T07:05:03Z,24.82,74.53,99,0,26.99,100.08,112.00,1137.00,0,0,0
2023-09-18T07:06:03Z,24.83,74.53,99,0,25.47,100.08,112.00,1137.00,null,null,null
2023-09-18T07:07:03Z,24.82,74.45,99,0,27.75,100.09,110.00,1125.00,null,null,null
2023-09-18T07:08:03Z,24.83,74.49,99,0,23.72,100.09,107.00,1105.00,null,null,null
2023-09-18T07:09:03Z,24.83,74.42,99,0,26.73,100.09,105.00,1095.00,null,null,null
2023-09-18T07:10:03Z,24.80,74.48,99,0,23.10,100.09,105.00,1095.00,0,0,0
2023-09-18T07:11:03Z,24.82,74.46,99,0,30.15,100.08,104.00,1083.00,null,null,null
2023-09-18T07:12:03Z,24.83,74.59,99,0,23.10,100.10,102.00,1071.00,null,null,null
2023-09-18T07:13:03Z,24.80,74.70,99,0,22.18,100.10,100.00,1062.00,null,null,null
2023-09-18T07:14:03Z,24.82,74.63,99,0,24.31,100.10,100.00,1062.00,null,null,null
2023-09-18T07:15:03Z,24.82,74.67,99,0,28.85,100.10,99.00,1050.00,0,0,0
2023-09-18T07:16:03Z,24.80,74.60,99,0,23.90,100.10,98.00,1044.00,null,null,null
2023-09-18T07:17:03Z,24.80,74.57,99,0,28.31,100.10,98.00,1044.00,null,null,null
2023-09-18T07:18:03Z,24.80,74.58,99,0,25.67,100.10,94.00,1019.00,null,null,null
2023-09-18T07:19:03Z,24.83,74.51,99,0,26.24,100.12,94.00,1019.00,null,null,null
2023-09-18T07:20:03Z,24.80,74.75,99,0,23.77,100.11,93.00,1014.00,0,0,0
2023-09-18T07:21:03Z,24.79,74.76,99,0,31.09,100.10,92.00,1007.00,null,null,null
2023-09-18T07:22:03Z,24.80,74.70,99,0,29.01,100.09,90.00,995.00,null,null,null
2023-09-18T07:23:03Z,24.79,74.67,99,0,25.79,100.09,90.00,995.00,null,null,null
2023-09-18T07:24:03Z,24.80,74.61,99,0,30.85,100.09,90.00,995.00,null,null,null
2023-09-18T07:25:03Z,24.79,74.56,99,0,27.75,100.09,89.00,987.00,0,0,0
2023-09-18T07:26:03Z,24.77,74.49,99,0,27.80,100.08,89.00,987.00,null,null,null
2023-09-18T07:27:03Z,24.79,74.48,99,0,27.08,100.09,87.00,972.00,null,null,null
2023-09-18T07:28:03Z,24.77,74.42,99,0,28.93,100.09,85.00,964.00,null,null,null
2023-09-18T07:29:03Z,24.77,74.38,99,0,30.80,100.09,85.00,964.00,null,null,null
2023-09-18T07:30:03Z,24.74,74.40,99,0,24.23,100.09,85.00,959.00,0,0,0
2023-09-18T07:31:03Z,24.77,74.31,99,0,24.93,100.09,87.00,972.00,null,null,null
2023-09-18T07:32:03Z,24.76,74.26,99,0,28.45,100.09,83.00,949.00,null,null,null
2023-09-18T07:33:03Z,24.77,74.27,99,0,24.31,100.09,83.00,949.00,null,null,null
2023-09-18T07:34:03Z,24.76,74.27,99,0,25.70,100.08,82.00,940.00,null,null,null
2023-09-18T07:35:03Z,24.74,74.23,99,0,30.47,100.09,82.00,940.00,0,0,0
2023-09-18T07:36:03Z,24.76,74.21,99,0,27.96,100.09,83.00,951.00,null,null,null
2023-09-18T07:37:03Z,24.74,74.22,99,0,24.11,100.09,80.00,927.00,null,null,null
2023-09-18T07:38:03Z,24.74,74.17,99,0,29.30,100.09,82.00,942.00,null,null,null
2023-09-18T07:39:03Z,24.77,74.16,99,0,25.06,100.09,80.00,930.00,null,null,null
2023-09-18T07:40:03Z,24.74,74.14,99,0,23.94,100.09,78.00,918.00,0,0,0
2023-09-18T07:41:03Z,24.74,74.15,99,0,28.47,100.09,78.00,915.00,null,null,null
2023-09-18T07:42:03Z,24.74,74.09,99,0,23.49,100.09,79.00,920.00,null,null,null
2023-09-18T07:43:03Z,24.73,74.09,99,0,28.33,100.09,79.00,920.00,null,null,null
2023-09-18T07:44:03Z,24.70,74.11,99,0,25.70,100.09,78.00,915.00,null,null,null
2023-09-18T07:45:03Z,24.73,74.06,99,0,27.20,100.10,78.00,915.00,0,0,0
2023-09-18T07:46:03Z,24.72,74.02,99,0,27.28,100.09,76.00,905.00,null,null,null
2023-09-18T07:47:03Z,24.74,73.99,99,0,25.92,100.09,76.00,905.00,null,null,null
2023-09-18T07:48:03Z,24.70,73.99,99,0,25.53,100.09,76.00,905.00,null,null,null
2023-09-18T07:49:03Z,24.73,73.96,99,0,26.91,100.09,75.00,897.00,null,null,null
2023-09-18T07:50:03Z,24.72,74.00,99,0,27.90,100.08,74.00,889.00,0,0,0
2023-09-18T07:51:03Z,24.72,73.98,99,0,23.35,100.08,72.00,877.00,null,null,null
2023-09-18T07:52:03Z,24.70,73.93,99,0,30.60,100.08,72.00,877.00,null,null,null
2023-09-18T07:53:03Z,24.70,73.93,99,0,29.87,100.09,71.00,870.00,null,null,null
2023-09-18T07:54:03Z,24.70,73.95,99,0,24.23,100.09,71.00,870.00,null,null,null
2023-09-18T07:55:03Z,24.69,73.94,99,0,25.56,100.09,70.00,865.00,0,0,0
2023-09-18T07:56:03Z,24.72,73.93,99,0,28.88,100.09,69.00,855.00,null,null,null
2023-09-18T07:57:03Z,24.72,73.92,99,0,29.51,100.08,67.00,846.00,null,null,null
2023-09-18T07:58:03Z,24.70,73.88,99,0,27.24,100.08,66.00,838.00,null,null,null
2023-09-18T07:59:03Z,24.70,73.88,99,0,26.62,100.08,66.00,838.00,null,null,null
2023-09-18T08:00:03Z,24.69,73.85,99,0,28.99,100.08,65.00,830.00,0,0,0
2023-09-18T08:01:03Z,24.69,73.84,99,0,25.13,100.08,65.00,830.00,null,null,null
2023-09-18T08:02:03Z,24.70,73.83,99,0,26.97,100.08,65.00,830.00,null,null,null
2023-09-18T08:03:03Z,24.69,73.86,99,0,24.83,100.08,65.00,830.00,null,null,null
2023-09-18T08:04:03Z,24.70,73.84,99,0,26.80,100.08,64.00,825.00,null,null,null
2023-09-18T08:05:03Z,24.67,73.85,99,0,24.96,100.09,63.00,817.00,0,0,0
2023-09-18T08:06:03Z,24.69,73.83,99,0,25.65,100.08,62.00,810.00,null,null,null
2023-09-18T08:07:03Z,24.69,73.85,99,0,27.87,100.08,62.00,810.00,null,null,null
2023-09-18T08:08:03Z,24.67,73.88,99,0,28.54,100.09,60.00,800.00,null,null,null
2023-09-18T08:09:03Z,24.67,73.82,99,0,25.70,100.08,62.00,810.00,null,null,null
2023-09-18T08:10:03Z,24.67,73.81,99,0,28.88,100.09,63.00,817.00,0,0,0
2023-09-18T08:11:03Z,24.66,73.80,99,0,27.57,100.09,62.00,810.00,null,null,null
2023-09-18T08:12:03Z,24.66,73.81,99,0,33.45,100.09,62.00,810.00,null,null,null
2023-09-18T08:13:03Z,24.66,73.79,99,0,27.85,100.09,60.00,800.00,null,null,null
2023-09-18T08:14:03Z,24.64,73.83,99,0,24.35,100.09,62.00,810.00,null,null,null
2023-09-18T08:15:03Z,24.66,73.82,99,0,30.70,100.09,60.00,800.00,0,0,0
2023-09-18T08:16:03Z,24.66,73.82,99,0,28.06,100.08,60.00,800.00,null,null,null
2023-09-18T08:17:03Z,24.66,73.81,99,0,28.67,100.08,59.00,791.00,null,null,null
2023-09-18T08:18:03Z,24.66,73.78,99,0,24.76,100.08,59.00,791.00,null,null,null
2023-09-18T08:19:03Z,24.63,73.78,99,0,29.17,100.08,58.00,783.00,null,null,null
2023-09-18T08:20:03Z,24.63,73.75,99,0,32.42,100.08,56.00,774.00,0,0,0
2023-09-18T08:21:03Z,24.64,73.75,99,0,24.19,100.07,56.00,774.00,null,null,null
2023-09-18T08:22:03Z,24.64,73.72,99,0,26.41,100.07,55.00,765.00,null,null,null
2023-09-18T08:23:03Z,24.63,73.70,99,0,26.16,100.07,56.00,772.00,null,null,null
2023-09-18T08:24:03Z,24.64,73.69,99,0,29.25,100.07,55.00,763.00,null,null,null
2023-09-18T08:25:03Z,24.62,73.70,99,0,24.19,100.07,55.00,763.00,0,0,0
2023-09-18T08:26:03Z,24.62,73.68,99,0,24.11,100.07,53.00,754.00,null,null,null
2023-09-18T08:27:03Z,24.63,73.69,99,0,25.44,100.07,53.00,754.00,null,null,null
2023-09-18T08:28:03Z,24.63,73.65,99,0,25.50,100.07,53.00,749.00,null,null,null
2023-09-18T08:29:03Z,24.63,73.69,99,0,24.65,100.07,53.00,749.00,null,null,null
2023-09-18T08:30:03Z,24.63,73.68,99,0,22.49,100.07,51.00,737.00,0,0,0
2023-09-18T08:31:03Z,24.60,73.68,99,0,24.35,100.07,51.00,737.00,null,null,null
2023-09-18T08:32:03Z,24.62,73.63,99,0,24.72,100.07,50.00,733.00,null,null,null
2023-09-18T08:33:03Z,24.63,73.65,99,0,21.78,100.07,50.00,733.00,null,null,null
2023-09-18T08:34:03Z,24.60,73.62,99,0,26.26,100.06,50.00,733.00,null,null,null
2023-09-18T08:35:03Z,24.60,73.65,99,0,28.30,100.06,50.00,733.00,0,0,0
2023-09-18T08:36:03Z,24.60,73.65,99,0,24.68,100.06,49.00,726.00,null,null,null
2023-09-18T08:37:03Z,24.60,73.64,99,0,25.47,100.06,49.00,726.00,null,null,null
2023-09-18T08:38:03Z,24.60,73.67,99,0,27.71,100.05,47.00,715.00,null,null,null
2023-09-18T08:39:03Z,24.62,73.63,99,0,26.00,100.06,47.00,715.00,null,null,null
2023-09-18T08:40:03Z,24.60,73.62,99,0,23.40,100.05,46.00,708.00,0,0,0
2023-09-18T08:41:03Z,24.60,73.59,99,0,29.50,100.05,46.00,708.00,null,null,null
2023-09-18T08:42:03Z,24.60,73.62,99,0,29.00,100.05,46.00,708.00,null,null,null
2023-09-18T08:43:03Z,24.59,73.66,99,0,29.03,100.05,46.00,702.00,null,null,null
2023-09-18T08:44:03Z,24.59,73.59,99,0,25.41,100.05,46.00,702.00,null,null,null
2023-09-18T08:45:03Z,24.59,73.59,99,0,29.51,100.05,46.00,702.00,0,0,0
2023-09-18T08:46:03Z,24.60,73.59,99,0,27.04,100.06,44.00,690.00,null,null,null
2023-09-18T08:47:03Z,24.59,73.59,99,0,38.63,100.05,44.00,694.00,null,null,null
2023-09-18T08:48:03Z,24.59,73.60,99,0,26.87,100.05,44.00,694.00,null,null,null
2023-09-18T08:49:03Z,24.57,73.55,99,0,29.01,100.06,44.00,690.00,null,null,null
2023-09-18T08:50:03Z,24.57,73.60,99,0,25.06,100.05,44.00,690.00,0,0,0
2023-09-18T08:51:03Z,24.57,73.59,99,0,22.37,100.05,41.00,675.00,null,null,null
2023-09-18T08:52:03Z,24.57,73.53,99,0,28.15,100.05,42.00,682.00,null,null,null
2023-09-18T08:53:03Z,24.56,73.51,99,0,25.82,100.05,41.00,675.00,null,null,null
2023-09-18T08:54:03Z,24.57,73.44,99,0,25.84,100.05,40.00,666.00,null,null,null
2023-09-18T08:55:03Z,24.55,73.44,99,0,24.31,100.05,41.00,675.00,0,0,0
2023-09-18T08:56:03Z,24.56,73.39,99,0,24.93,100.05,39.00,659.00,null,null,null
2023-09-18T08:57:03Z,24.55,73.34,99,0,26.78,100.05,39.00,659.00,null,null,null
2023-09-18T08:58:03Z,24.56,73.32,99,0,22.61,100.04,39.00,659.00,null,null,null
2023-09-18T08:59:03Z,24.55,73.30,99,0,24.31,100.05,38.00,652.00,null,null,null
2023-09-18T09:00:03Z,24.56,73.28,99,0,30.42,100.04,37.00,646.00,0,0,0
2023-09-18T09:01:03Z,24.55,73.26,99,0,24.61,100.03,36.00,638.00,null,null,null
2023-09-18T09:02:03Z,24.55,73.23,99,0,35.16,100.03,36.00,638.00,null,null,null
2023-09-18T09:03:03Z,24.56,73.20,99,0,23.10,100.03,34.00,627.00,null,null,null
2023-09-18T09:04:03Z,24.50,73.20,99,0,23.77,100.02,34.00,627.00,null,null,null
2023-09-18T09:05:03Z,24.53,73.24,99,0,29.41,100.02,33.00,617.00,0,0,0
2023-09-18T09:06:03Z,24.55,73.23,99,0,25.65,100.02,33.00,617.00,null,null,null
2023-09-18T09:07:03Z,24.53,73.18,99,0,26.78,100.02,33.00,617.00,null,null,null
2023-09-18T09:08:03Z,24.55,73.16,99,0,29.38,100.02,32.00,614.00,null,null,null
2023-09-18T09:09:03Z,24.52,73.13,99,0,28.70,100.02,31.00,607.00,null,null,null
2023-09-18T09:10:03Z,24.55,73.10,99,0,25.65,100.02,31.00,607.00,0,0,0
2023-09-18T09:11:03Z,24.53,73.09,99,0,28.42,100.02,30.00,600.00,null,null,null
2023-09-18T09:12:03Z,24.50,73.10,99,0,25.73,100.01,30.00,600.00,null,null,null
2023-09-18T09:13:03Z,24.52,73.06,99,0,28.45,100.01,30.00,600.00,null,null,null
2023-09-18T09:14:03Z,24.52,73.10,99,0,25.92,100.01,29.00,596.00,null,null,null
2023-09-18T09:15:03Z,24.49,73.13,99,0,26.03,100.01,28.00,589.00,0,0,0
2023-09-18T09:16:03Z,24.53,73.11,99,0,22.66,100.01,27.00,581.00,null,null,null
2023-09-18T09:17:03Z,24.52,73.09,99,0,22.31,100.01,27.00,581.00,null,null,null
2023-09-18T09:18:03Z,24.49,73.09,99,0,24.35,100.00,27.00,581.00,null,null,null
2023-09-18T09:19:03Z,24.49,73.05,99,0,32.84,100.00,27.00,578.00,null,null,null
2023-09-18T09:20:03Z,24.50,73.10,99,0,24.46,100.00,27.00,578.00,0,0,0
2023-09-18T09:21:03Z,24.53,73.01,99,0,28.25,100.00,26.00,574.00,null,null,null
2023-09-18T09:22:03Z,24.47,73.05,99,0,22.55,99.99,26.00,574.00,null,null,null
2023-09-18T09:23:03Z,24.50,73.04,99,0,27.26,99.99,26.00,574.00,null,null,null
2023-09-18T09:24:03Z,24.49,73.06,99,0,29.43,99.99,25.00,567.00,null,null,null
2023-09-18T09:25:03Z,24.47,73.07,99,0,24.27,99.99,25.00,567.00,0,0,0
2023-09-18T09:26:03Z,24.50,73.07,99,0,25.47,99.99,24.00,561.00,null,null,null
2023-09-18T09:27:03Z,24.50,73.04,99,0,21.02,99.98,24.00,561.00,null,null,null
2023-09-18T09:28:03Z,24.49,73.07,99,0,29.32,99.99,23.00,553.00,null,null,null
2023-09-18T09:29:03Z,24.49,73.11,99,0,29.55,99.98,23.00,553.00,null,null,null
2023-09-18T09:30:03Z,24.49,73.05,99,0,30.78,99.98,22.00,549.00,0,0,0
2023-09-18T09:31:03Z,24.46,73.01,99,0,21.64,99.98,22.00,549.00,null,null,null
2023-09-18T09:32:03Z,24.49,73.03,99,0,29.31,99.98,22.00,546.00,null,null,null
2023-09-18T09:33:03Z,24.45,73.01,99,0,46.07,99.98,22.00,546.00,null,null,null
2023-09-18T09:34:03Z,24.47,73.04,99,0,21.99,99.97,22.00,546.00,null,null,null
2023-09-18T09:35:03Z,24.45,73.04,99,0,26.29,99.97,20.00,537.00,0,0,0
2023-09-18T09:36:03Z,24.46,73.06,99,0,30.06,99.97,20.00,537.00,null,null,null
2023-09-18T09:37:03Z,24.46,73.04,99,0,27.60,99.97,20.00,537.00,null,null,null
2023-09-18T09:38:03Z,24.46,73.06,99,0,22.94,99.96,20.00,537.00,null,null,null
2023-09-18T09:39:03Z,24.46,73.08,99,0,32.66,99.96,20.00,534.00,null,null,null
2023-09-18T09:40:03Z,24.43,73.07,99,0,25.00,99.96,20.00,534.00,0,0,0
2023-09-18T09:41:03Z,24.46,73.08,99,0,28.64,99.96,20.00,534.00,null,null,null
2023-09-18T09:42:03Z,24.46,73.07,99,0,28.23,99.96,19.00,530.00,null,null,null
2023-09-18T09:43:03Z,24.43,73.07,99,0,24.50,99.95,19.00,530.00,null,null,null
2023-09-18T09:44:03Z,24.46,73.06,99,0,26.08,99.95,19.00,530.00,null,null,null
2023-09-18T09:45:03Z,24.46,73.07,99,0,23.86,99.95,18.00,524.00,0,0,0
2023-09-18T09:46:03Z,24.45,73.00,99,0,26.80,99.95,18.00,524.00,null,null,null
2023-09-18T09:47:03Z,24.45,72.97,99,0,26.06,99.95,18.00,519.00,null,null,null
2023-09-18T09:48:03Z,24.45,72.88,99,0,26.60,99.94,17.00,514.00,null,null,null
2023-09-18T09:49:03Z,24.43,72.87,99,0,23.45,99.95,17.00,514.00,null,null,null
2023-09-18T09:50:03Z,24.43,72.81,99,0,25.16,99.94,15.00,503.00,0,0,0
2023-09-18T09:51:03Z,24.42,72.72,99,0,23.98,99.94,15.00,501.00,null,null,null
2023-09-18T09:52:03Z,24.46,72.69,99,0,29.44,99.94,15.00,501.00,null,null,null
2023-09-18T09:53:03Z,24.40,72.72,99,0,22.43,99.93,14.00,496.00,null,null,null
2023-09-18T09:54:03Z,24.45,72.66,99,0,20.85,99.93,13.00,491.00,null,null,null
2023-09-18T09:55:03Z,24.43,72.67,99,0,22.72,99.93,13.00,486.00,0,0,0
2023-09-18T09:56:03Z,24.43,72.67,99,0,25.09,99.93,12.00,483.00,null,null,null
2023-09-18T09:57:03Z,24.43,72.61,99,0,23.77,99.93,12.00,483.00,null,null,null
2023-09-18T09:58:03Z,24.42,72.63,99,0,28.77,99.93,11.00,478.00,null,null,null
2023-09-18T09:59:03Z,24.40,72.60,99,0,26.14,99.92,11.00,475.00,null,null,null
2023-09-18T10:00:03Z,24.42,72.61,99,0,27.36,99.92,10.00,466.00,0,0,0
2023-09-18T10:01:03Z,24.40,72.58,99,0,25.65,99.92,9.00,463.00,null,null,null
2023-09-18T10:02:03Z,24.39,72.61,99,0,28.77,99.92,8.00,459.00,null,null,null
2023-09-18T10:03:03Z,24.39,72.61,99,0,25.84,99.92,8.00,459.00,null,null,null
2023-09-18T10:04:03Z,24.37,72.64,99,0,28.01,99.92,8.00,456.00,null,null,null
2023-09-18T10:05:03Z,24.40,72.63,99,0,24.19,99.91,8.00,456.00,0,0,0
2023-09-18T10:06:03Z,24.40,72.64,99,0,26.06,99.92,7.00,446.00,null,null,null
2023-09-18T10:07:03Z,24.42,72.59,99,0,21.71,99.91,7.00,446.00,null,null,null
2023-09-18T10:08:03Z,24.39,72.59,99,0,26.46,99.91,6.00,443.00,null,null,null
2023-09-18T10:09:03Z,24.39,72.59,99,0,25.95,99.91,7.00,446.00,null,null,null
2023-09-18T10:10:03Z,24.39,72.63,99,0,29.01,99.90,5.00,439.00,0,0,0
2023-09-18T10:11:03Z,24.39,72.59,99,0,23.05,99.90,5.00,436.00,null,null,null
2023-09-18T10:12:03Z,24.39,72.55,99,0,26.19,99.90,4.00,427.00,null,null,null
2023-09-18T10:13:03Z,24.40,72.56,99,0,24.11,99.90,3.00,425.00,null,null,null
2023-09-18T10:14:03Z,24.39,72.53,99,0,24.19,99.90,4.00,427.00,null,null,null
2023-09-18T10:15:03Z,24.37,72.57,99,0,24.15,99.90,3.00,425.00,0,0,0
2023-09-18T10:16:03Z,24.37,72.53,99,0,31.24,99.90,3.00,425.00,null,null,null
2023-09-18T10:17:03Z,24.37,72.52,99,0,22.78,99.90,3.00,422.00,null,null,null
2023-09-18T10:18:03Z,24.42,72.56,99,0,25.53,99.90,3.00,422.00,null,null,null
2023-09-18T10:19:03Z,24.37,72.53,99,0,23.10,99.90,2.00,418.00,null,null,null
2023-09-18T10:20:03Z,24.37,72.57,99,0,25.03,99.89,2.00,418.00,0,0,0
2023-09-18T10:21:03Z,24.37,72.52,99,0,26.53,99.90,2.00,416.00,null,null,null
2023-09-18T10:22:03Z,24.36,72.52,99,0,25.16,99.89,1.00,411.00,null,null,null
2023-09-18T10:23:03Z,24.37,72.47,99,0,25.62,99.90,1.00,408.00,null,null,null
2023-09-18T10:24:03Z,24.36,72.50,99,0,22.18,99.90,1.00,408.00,null,null,null
2023-09-18T10:25:03Z,24.36,72.46,99,0,24.89,99.90,0.00,403.00,0,0,0
2023-09-18T10:26:03Z,24.36,72.45,99,0,24.27,99.89,0.00,403.00,null,null,null
2023-09-18T10:27:03Z,24.37,72.37,99,0,24.50,99.89,0.00,403.00,null,null,null
2023-09-18T10:28:03Z,24.40,72.40,99,0,27.45,99.89,0.00,400.00,null,null,null
2023-09-18T10:29:03Z,24.35,72.38,99,0,28.76,99.89,0.00,400.00,null,null,null
2023-09-18T10:30:03Z,24.35,72.38,99,0,27.02,99.89,0.00,400.00,0,0,0
2023-09-18T10:31:03Z,24.35,72.35,99,0,26.69,99.89,0.00,400.00,null,null,null
2023-09-18T10:32:03Z,24.37,72.42,99,0,25.53,99.89,0.00,400.00,null,null,null
2023-09-18T10:33:03Z,24.35,72.39,99,0,24.03,99.88,0.00,400.00,null,null,null
2023-09-18T10:34:03Z,24.35,72.42,99,0,23.45,99.88,0.00,400.00,null,null,null
2023-09-18T10:35:03Z,24.36,72.42,99,0,23.68,99.88,0.00,400.00,0,0,0
2023-09-18T10:36:03Z,24.33,72.43,99,0,22.66,99.88,0.00,400.00,null,null,null
2023-09-18T10:37:03Z,24.33,72.42,99,0,27.02,99.88,0.00,400.00,null,null,null
2023-09-18T10:38:03Z,24.33,72.42,99,0,24.07,99.88,0.00,400.00,null,null,null
2023-09-18T10:39:03Z,24.36,72.39,99,0,22.43,99.88,0.00,400.00,null,null,null
2023-09-18T10:40:03Z,24.33,72.40,99,0,25.26,99.88,0.00,400.00,0,0,0
2023-09-18T10:41:03Z,24.35,72.34,99,0,23.40,99.88,0.00,400.00,null,null,null
2023-09-18T10:42:03Z,24.35,72.31,99,0,27.36,99.88,0.00,400.00,null,null,null
2023-09-18T10:43:03Z,24.35,72.37,99,0,24.07,99.88,0.00,400.00,null,null,null
2023-09-18T10:44:03Z,24.32,72.34,99,0,24.46,99.88,0.00,400.00,null,null,null
2023-09-18T10:45:03Z,24.33,72.36,99,0,23.86,99.88,0.00,400.00,0,0,0
2023-09-18T10:46:03Z,24.32,72.36,99,0,29.68,99.88,0.00,400.00,null,null,null
2023-09-18T10:47:03Z,24.35,72.34,99,0,28.60,99.88,0.00,400.00,null,null,null
2023-09-18T10:48:03Z,24.33,72.34,99,0,43.49,99.88,0.00,400.00,null,null,null
2023-09-18T10:49:03Z,24.32,72.32,99,0,22.18,99.88,0.00,400.00,null,null,null
2023-09-18T10:50:03Z,24.32,72.39,99,0,22.12,99.88,0.00,400.00,0,0,0
2023-09-18T10:51:03Z,24.32,72.32,99,0,21.34,99.88,0.00,400.00,null,null,null
2023-09-18T10:52:03Z,24.32,72.36,99,0,24.46,99.88,0.00,400.00,null,null,null
2023-09-18T10:53:03Z,24.33,72.31,99,0,22.55,99.88,0.00,400.00,null,null,null
2023-09-18T10:54:03Z,24.33,72.32,99,0,25.73,99.87,0.00,400.00,null,null,null
2023-09-18T10:55:03Z,24.29,72.37,99,0,22.72,99.87,0.00,400.00,0,0,0
2023-09-18T10:56:03Z,24.32,72.36,99,0,23.45,99.88,0.00,400.00,null,null,null
2023-09-18T10:57:03Z,24.31,72.34,99,0,31.22,99.88,0.00,400.00,null,null,null
2023-09-18T10:58:03Z,24.29,72.39,99,0,22.66,99.87,0.00,400.00,null,null,null
2023-09-18T10:59:03Z,24.32,72.38,99,0,25.47,99.87,0.00,400.00,null,null,null
2023-09-18T11:00:03Z,24.31,72.41,99,0,23.35,99.87,0.00,400.00,0,0,0
2023-09-18T11:01:03Z,24.32,72.39,99,0,24.27,99.87,0.00,400.00,null,null,null
2023-09-18T11:02:03Z,24.31,72.41,99,0,27.22,99.87,0.00,400.00,null,null,null
2023-09-18T11:03:03Z,24.31,72.41,99,0,23.40,99.86,0.00,400.00,null,null,null
2023-09-18T11:04:03Z,24.31,72.47,99,0,29.50,99.86,0.00,400.00,null,null,null
2023-09-18T11:05:03Z,24.29,72.46,99,0,23.49,99.86,0.00,400.00,0,0,0
2023-09-18T11:06:03Z,24.31,72.47,99,0,22.89,99.87,5.00,434.00,null,null,null
2023-09-18T11:07:03Z,24.29,72.53,99,0,24.76,99.87,5.00,434.00,null,null,null
2023-09-18T11:08:03Z,24.32,72.52,99,0,25.09,99.87,5.00,434.00,null,null,null
2023-09-18T11:09:03Z,24.32,72.50,99,0,26.41,99.87,5.00,434.00,null,null,null
2023-09-18T11:10:03Z,24.28,72.55,99,0,34.56,99.87,5.00,434.00,0,0,0
2023-09-18T11:11:03Z,24.31,72.57,99,0,29.90,99.87,4.00,432.00,null,null,null
2023-09-18T11:12:03Z,24.31,72.51,99,0,34.84,99.87,5.00,434.00,null,null,null
2023-09-18T11:13:03Z,24.26,72.56,99,0,36.24,99.86,5.00,434.00,null,null,null
2023-09-18T11:14:03Z,24.29,72.55,99,0,26.36,99.87,5.00,434.00,null,null,null
2023-09-18T11:15:03Z,24.28,72.63,99,0,44.23,99.86,5.00,434.00,0,0,0
2023-09-18T11:16:03Z,24.31,72.55,99,0,25.44,99.87,5.00,439.00,null,null,null
2023-09-18T11:17:03Z,24.29,72.56,99,0,33.46,99.85,5.00,434.00,null,null,null
2023-09-18T11:18:03Z,24.31,72.94,99,9,32.57,99.86,6.00,443.00,null,null,null
2023-09-18T11:19:03Z,24.28,71.29,99,9,30.73,99.87,3.00,420.00,null,null,null
2023-09-18T11:20:03Z,24.25,71.65,99,8,36.09,99.88,3.00,422.00,0,0,0
2023-09-18T11:21:03Z,24.25,71.12,99,8,30.39,99.88,2.00,414.00,null,null,null
2023-09-18T11:22:03Z,24.25,70.43,99,7,35.92,99.88,0.00,405.00,null,null,null
2023-09-18T11:23:03Z,24.24,69.35,99,6,38.52,99.89,0.00,400.00,null,null,null
2023-09-18T11:24:03Z,24.21,68.59,99,6,36.70,99.89,3.00,424.00,null,null,null
2023-09-18T11:25:03Z,24.21,68.80,99,6,28.81,99.88,3.00,424.00,0,0,0
2023-09-18T11:26:03Z,24.19,68.72,99,6,37.57,99.88,1.00,413.00,null,null,null
2023-09-18T11:27:03Z,24.16,68.13,99,6,34.36,99.88,0.00,400.00,null,null,null
2023-09-18T11:28:03Z,24.15,68.24,99,6,40.12,99.88,0.00,400.00,null,null,null
2023-09-18T11:29:03Z,24.11,68.32,99,6,31.80,99.87,0.00,400.00,null,null,null
2023-09-18T11:30:03Z,24.11,68.39,99,8,38.13,99.87,0.00,400.00,0,0,0
2023-09-18T11:31:03Z,24.12,67.95,99,10,33.17,99.87,0.00,400.00,null,null,null
2023-09-18T11:32:03Z,24.09,67.58,99,7,32.21,99.87,0.00,400.00,null,null,null
2023-09-18T11:33:03Z,24.06,67.85,99,6,35.49,99.88,0.00,400.00,null,null,null
2023-09-18T11:34:03Z,24.06,67.74,99,5,33.70,99.87,0.00,400.00,null,null,null
2023-09-18T11:35:03Z,24.01,67.63,99,4,30.03,99.87,0.00,400.00,0,0,0
2023-09-18T11:36:03Z,24.01,67.75,99,4,37.87,99.87,0.00,400.00,null,null,null
2023-09-18T11:37:03Z,23.97,67.28,99,3,30.17,99.87,0.00,400.00,null,null,null
2023-09-18T11:38:03Z,23.94,67.30,99,2,32.54,99.87,0.00,400.00,null,null,null
2023-09-18T11:39:03Z,23.91,67.02,99,3,32.79,99.86,0.00,400.00,null,null,null
2023-09-18T11:40:03Z,23.89,67.57,99,2,32.78,99.86,0.00,400.00,0,0,0
2023-09-18T11:41:03Z,23.86,67.53,99,2,32.86,99.86,0.00,400.00,null,null,null
2023-09-18T11:42:03Z,23.86,67.90,99,2,31.35,99.86,0.00,400.00,null,null,null
2023-09-18T11:43:03Z,23.82,67.97,99,3,35.50,99.87,0.00,400.00,null,null,null
2023-09-18T11:44:03Z,23.81,68.00,99,3,39.15,99.86,0.00,400.00,null,null,null
2023-09-18T11:45:03Z,23.81,68.08,99,2,37.36,99.86,0.00,400.00,0,0,0
2023-09-18T11:46:03Z,23.81,68.19,99,3,43.80,99.86,0.00,400.00,null,null,null
2023-09-18T11:47:03Z,23.81,68.14,99,3,32.10,99.86,0.00,400.00,null,null,null
2023-09-18T11:48:03Z,23.78,68.19,99,3,34.13,99.87,0.00,400.00,null,null,null
2023-09-18T11:49:03Z,23.77,68.15,99,5,36.36,99.87,0.00,400.00,null,null,null
2023-09-18T11:50:03Z,23.75,68.57,99,5,44.29,99.87,0.00,400.00,0,0,0
2023-09-18T11:51:03Z,23.74,68.50,99,5,34.89,99.87,0.00,401.00,null,null,null
2023-09-18T11:52:03Z,23.74,68.42,99,5,31.70,99.87,5.00,436.00,null,null,null
2023-09-18T11:53:03Z,23.73,68.39,99,5,30.47,99.87,3.00,425.00,null,null,null
2023-09-18T11:54:03Z,23.74,68.42,99,4,31.18,99.88,3.00,425.00,null,null,null
2023-09-18T11:55:03Z,23.71,68.20,99,4,38.25,99.87,3.00,425.00,0,0,0
2023-09-18T11:56:03Z,23.71,68.02,99,3,34.59,99.87,3.00,423.00,null,null,null
2023-09-18T11:57:03Z,23.68,67.89,99,2,42.60,99.87,3.00,423.00,null,null,null
2023-09-18T11:58:03Z,23.68,68.06,99,2,33.36,99.88,3.00,420.00,null,null,null
2023-09-18T11:59:03Z,23.65,68.18,99,2,31.58,99.88,3.00,420.00,null,null,null
2023-09-18T12:00:03Z,23.65,68.29,99,3,35.34,99.88,2.00,415.00,0,0,0
2023-09-18T12:01:03Z,23.65,68.27,99,3,46.50,99.88,1.00,408.00,null,null,null
2023-09-18T12:02:03Z,23.64,68.36,99,3,31.87,99.88,1.00,408.00,null,null,null
2023-09-18T12:03:03Z,23.63,68.31,99,2,31.06,99.88,0.00,403.00,null,null,null
2023-09-18T12:04:03Z,23.63,68.35,99,2,30.69,99.89,0.00,403.00,null,null,null
2023-09-18T12:05:03Z,23.61,68.18,99,2,30.30,99.89,0.00,401.00,0,0,0
2023-09-18T12:06:03Z,23.58,68.24,99,3,35.28,99.89,0.00,401.00,null,null,null
2023-09-18T12:07:03Z,23.60,68.04,99,3,35.56,99.89,0.00,401.00,null,null,null
2023-09-18T12:08:03Z,23.57,68.01,99,3,39.16,99.89,0.00,400.00,null,null,null
2023-09-18T12:09:03Z,23.55,67.67,99,5,39.88,99.89,0.00,400.00,null,null,null
2023-09-18T12:10:03Z,23.54,67.72,99,10,38.16,99.90,0.00,405.00,0,0,0
2023-09-18T12:11:03Z,23.54,67.71,99,13,34.44,99.90,0.00,400.00,null,null,null
2023-09-18T12:12:03Z,23.54,67.95,99,8,39.89,99.90,0.00,400.00,null,null,null
2023-09-18T12:13:03Z,23.53,67.81,99,9,30.48,99.90,0.00,400.00,null,null,null
2023-09-18T12:14:03Z,23.51,68.47,99,8,37.45,99.90,0.00,400.00,null,null,null
2023-09-18T12:15:03Z,23.50,67.87,99,7,41.73,99.90,0.00,401.00,0,0,0
2023-09-18T12:16:03Z,23.47,67.52,99,5,32.04,99.90,0.00,400.00,null,null,null
2023-09-18T12:17:03Z,23.46,67.79,99,5,38.71,99.90,0.00,405.00,null,null,null
2023-09-18T12:18:03Z,23.46,67.29,99,6,33.70,99.90,0.00,400.00,null,null,null
2023-09-18T12:19:03Z,23.44,67.54,99,5,34.50,99.90,0.00,401.00,null,null,null
2023-09-18T12:20:03Z,23.42,67.48,99,4,33.40,99.91,0.00,400.00,0,0,0
2023-09-18T12:21:03Z,23.42,67.55,99,3,36.64,99.91,0.00,400.00,null,null,null
2023-09-18T12:22:03Z,23.43,67.83,99,2,32.95,99.91,0.00,400.00,null,null,null
2023-09-18T12:23:03Z,23.42,67.82,99,3,35.97,99.91,0.00,400.00,null,null,null
2023-09-18T12:24:03Z,23.43,67.91,99,3,32.98,99.91,0.00,400.00,null,null,null
2023-09-18T12:25:03Z,23.40,67.78,99,2,42.33,99.91,0.00,400.00,0,0,0
2023-09-18T12:26:03Z,23.40,67.73,99,3,34.49,99.92,0.00,400.00,null,null,null
2023-09-18T12:27:03Z,23.38,67.79,99,3,34.44,99.93,0.00,405.00,null,null,null
2023-09-18T12:28:03Z,23.34,67.90,99,3,34.25,99.92,0.00,400.00,null,null,null
2023-09-18T12:29:03Z,23.34,68.15,99,3,36.02,99.92,0.00,400.00,null,null,null
2023-09-18T12:30:03Z,23.33,68.13,99,4,35.28,99.92,0.00,400.00,0,0,0
2023-09-18T12:31:03Z,23.33,68.33,99,5,35.05,99.93,0.00,400.00,null,null,null
2023-09-18T12:32:03Z,23.30,68.21,99,6,32.60,99.94,0.00,400.00,null,null,null
2023-09-18T12:33:03Z,23.31,68.34,99,5,35.01,99.93,0.00,400.00,null,null,null
2023-09-18T12:34:03Z,23.30,68.58,99,6,38.70,99.93,0.00,400.00,null,null,null
2023-09-18T12:35:03Z,23.29,68.61,99,5,33.65,99.93,0.00,400.00,0,0,0
2023-09-18T12:36:03Z,23.27,68.57,99,5,38.17,99.94,0.00,400.00,null,null,null
2023-09-18T12:37:03Z,23.26,68.41,99,5,34.31,99.94,0.00,400.00,null,null,null
2023-09-18T12:38:03Z,23.27,68.15,99,5,34.93,99.94,0.00,400.00,null,null,null
2023-09-18T12:39:03Z,23.23,68.18,99,5,38.81,99.94,0.00,400.00,null,null,null
2023-09-18T12:40:03Z,23.25,68.30,99,7,35.02,99.94,0.00,401.00,0,0,0
2023-09-18T12:41:03Z,23.20,68.51,99,9,32.21,99.94,0.00,400.00,null,null,null
2023-09-18T12:42:03Z,23.19,68.48,99,27,34.23,99.94,3.00,425.00,null,null,null
2023-09-18T12:43:03Z,23.19,68.80,99,15,37.03,99.94,3.00,425.00,null,null,null
2023-09-18T12:44:03Z,23.19,68.87,99,19,36.13,99.95,3.00,422.00,null,null,null
2023-09-18T12:45:03Z,23.20,68.96,99,15,38.02,99.95,3.00,422.00,0,0,0
2023-09-18T12:46:03Z,23.19,69.17,99,13,36.51,99.95,3.00,425.00,null,null,null
2023-09-18T12:47:03Z,23.19,69.19,99,11,35.36,99.95,3.00,425.00,null,null,null
2023-09-18T12:48:03Z,23.17,69.11,99,11,33.72,99.95,3.00,425.00,null,null,null
2023-09-18T12:49:03Z,23.17,69.27,99,8,37.65,99.95,3.00,425.00,null,null,null
2023-09-18T12:50:03Z,23.16,69.39,99,11,33.40,99.95,3.00,426.00,0,0,0
2023-09-18T12:51:03Z,23.17,69.22,99,15,40.01,99.95,3.00,426.00,null,null,null
2023-09-18T12:52:03Z,23.16,69.37,99,18,33.25,99.95,3.00,425.00,null,null,null
2023-09-18T12:53:03Z,23.16,69.30,99,32,32.74,99.94,3.00,422.00,null,null,null
2023-09-18T12:54:03Z,23.13,69.35,99,5,33.18,99.95,3.00,422.00,null,null,null
2023-09-18T12:55:03Z,23.13,69.05,99,5,29.80,99.95,3.00,422.00,0,0,0
2023-09-18T12:56:03Z,23.15,69.43,99,6,31.60,99.94,3.00,425.00,null,null,null
2023-09-18T12:57:03Z,23.16,69.84,99,5,34.14,99.94,3.00,426.00,null,null,null
2023-09-18T12:58:03Z,23.17,69.76,99,10,36.14,99.95,5.00,434.00,null,null,null
2023-09-18T12:59:03Z,23.16,69.62,99,22,37.23,99.94,4.00,428.00,null,null,null
2023-09-18T13:00:03Z,23.16,70.03,99,44,41.37,99.94,5.00,438.00,0,0,0
2023-09-18T13:01:03Z,23.17,70.24,99,10,32.96,99.94,5.00,439.00,null,null,null
2023-09-18T13:02:03Z,23.19,70.29,99,10,32.47,99.95,5.00,439.00,null,null,null
2023-09-18T13:03:03Z,23.20,70.10,99,22,35.00,99.95,5.00,435.00,null,null,null
2023-09-18T13:04:03Z,23.20,69.81,99,16,34.18,99.95,6.00,444.00,null,null,null
2023-09-18T13:05:03Z,23.20,70.01,99,14,37.35,99.94,6.00,444.00,0,0,0
2023-09-18T13:06:03Z,23.22,69.97,99,8,35.87,99.95,7.00,447.00,null,null,null
2023-09-18T13:07:03Z,23.23,70.16,99,5,31.95,99.95,7.00,447.00,null,null,null
2023-09-18T13:08:03Z,23.22,70.18,99,4,40.64,99.95,7.00,452.00,null,null,null
2023-09-18T13:09:03Z,23.23,70.18,99,5,33.29,99.95,7.00,452.00,null,null,null
2023-09-18T13:10:03Z,23.22,69.74,99,4,37.49,99.96,7.00,452.00,0,0,0
2023-09-18T13:11:03Z,23.22,69.89,99,2,30.63,99.96,8.00,456.00,null,null,null
2023-09-18T13:12:03Z,23.25,69.41,99,2,33.27,99.96,7.00,452.00,null,null,null
2023-09-18T13:13:03Z,23.22,69.27,99,3,34.43,99.96,7.00,452.00,null,null,null
2023-09-18T13:14:03Z,23.22,69.21,99,2,35.79,99.96,7.00,447.00,null,null,null
2023-09-18T13:15:03Z,23.22,69.22,99,2,32.92,99.96,8.00,455.00,0,0,0
2023-09-18T13:16:03Z,23.23,69.28,99,3,35.17,99.97,7.00,451.00,null,null,null
2023-09-18T13:17:03Z,23.23,69.73,99,2,32.74,99.96,7.00,451.00,null,null,null
2023-09-18T13:18:03Z,23.20,69.66,99,2,36.69,99.96,7.00,451.00,null,null,null
2023-09-18T13:19:03Z,23.22,69.26,99,2,39.41,99.96,7.00,451.00,null,null,null
2023-09-18T13:20:03Z,23.23,69.11,99,2,36.62,99.96,7.00,451.00,0,0,0
2023-09-18T13:21:03Z,23.22,69.42,99,3,31.45,99.97,7.00,451.00,null,null,null
2023-09-18T13:22:03Z,23.23,68.70,99,3,37.41,99.98,7.00,451.00,null,null,null
2023-09-18T13:23:03Z,23.20,68.75,99,2,34.45,99.98,8.00,455.00,null,null,null
2023-09-18T13:24:03Z,23.22,68.76,99,3,38.43,99.97,7.00,451.00,null,null,null
2023-09-18T13:25:03Z,23.19,69.30,99,2,34.53,99.98,7.00,451.00,0,0,0
2023-09-18T13:26:03Z,23.23,69.61,99,2,36.60,99.99,7.00,451.00,null,null,null
2023-09-18T13:27:03Z,23.22,69.50,99,3,36.18,99.99,7.00,451.00,null,null,null
2023-09-18T13:28:03Z,23.22,69.43,99,4,34.09,99.99,7.00,451.00,null,null,null
2023-09-18T13:29:03Z,23.22,69.59,99,4,38.62,99.99,7.00,451.00,null,null,null
2023-09-18T13:30:03Z,23.23,69.78,99,4,34.72,100.00,7.00,451.00,0,0,0
2023-09-18T13:31:03Z,23.23,69.91,99,3,36.52,100.00,7.00,447.00,null,null,null
2023-09-18T13:32:03Z,23.23,70.19,99,4,33.78,100.00,8.00,457.00,null,null,null
2023-09-18T13:33:03Z,23.22,70.24,99,3,35.50,100.02,8.00,457.00,null,null,null
2023-09-18T13:34:03Z,23.22,70.54,99,2,37.38,100.02,8.00,457.00,null,null,null
2023-09-18T13:35:03Z,23.20,70.52,99,3,34.31,100.01,8.00,454.00,0,0,0
2023-09-18T13:36:03Z,23.23,70.03,99,2,33.59,100.01,7.00,448.00,null,null,null
2023-09-18T13:37:03Z,23.20,70.10,99,3,38.05,100.03,7.00,452.00,null,null,null
2023-09-18T13:38:03Z,23.20,70.26,99,5,32.08,100.02,7.00,452.00,null,null,null
2023-09-18T13:39:03Z,23.19,70.20,99,5,34.83,100.03,8.00,454.00,null,null,null
2023-09-18T13:40:03Z,23.16,70.08,99,7,31.72,100.03,9.00,460.00,0,0,0
2023-09-18T13:41:03Z,23.19,70.11,99,8,36.05,100.03,8.00,457.00,null,null,null
2023-09-18T13:42:03Z,23.17,70.16,99,9,36.27,100.03,9.00,460.00,null,null,null
2023-09-18T13:43:03Z,23.16,70.01,99,11,37.27,100.03,9.00,460.00,null,null,null
2023-09-18T13:44:03Z,23.15,70.01,99,13,37.15,100.04,8.00,457.00,null,null,null
2023-09-18T13:45:03Z,23.12,70.02,99,15,41.74,100.03,8.00,457.00,0,0,0
2023-09-18T13:46:03Z,23.12,69.98,99,9,35.35,100.04,7.00,447.00,null,null,null
2023-09-18T13:47:03Z,23.15,69.73,99,8,32.75,100.04,8.00,457.00,null,null,null
2023-09-18T13:48:03Z,23.15,69.92,99,8,41.79,100.04,8.00,456.00,null,null,null
2023-09-18T13:49:03Z,23.12,69.68,99,8,34.19,100.04,7.00,452.00,null,null,null
2023-09-18T13:50:03Z,23.12,69.87,99,8,31.44,100.03,8.00,456.00,0,0,0
2023-09-18T13:51:03Z,23.12,69.85,99,14,36.94,100.04,6.00,444.00,null,null,null
2023-09-18T13:52:03Z,23.12,69.78,99,40,34.60,100.03,5.00,439.00,null,null,null
2023-09-18T13:53:03Z,23.10,69.95,99,40,36.71,100.03,5.00,439.00,null,null,null
2023-09-18T13:54:03Z,23.09,70.11,99,13,34.01,100.04,5.00,439.00,null,null,null
2023-09-18T13:55:03Z,23.06,70.05,99,19,34.86,100.03,5.00,439.00,0,0,0
2023-09-18T13:56:03Z,23.07,70.22,99,39,35.67,100.04,5.00,439.00,null,null,null
2023-09-18T13:57:03Z,23.10,70.20,99,10,38.40,100.05,6.00,444.00,null,null,null
2023-09-18T13:58:03Z,23.06,70.02,99,8,41.60,100.04,5.00,439.00,null,null,null
2023-09-18T13:59:03Z,23.06,70.18,99,6,37.60,100.05,5.00,434.00,null,null,null
2023-09-18T14:00:03Z,23.06,70.23,99,5,39.90,100.05,5.00,439.00,0,0,0
2023-09-18T14:01:03Z,23.06,70.22,99,5,37.19,100.05,5.00,439.00,null,null,null
2023-09-18T14:02:03Z,23.06,70.09,99,4,39.23,100.07,5.00,439.00,null,null,null
2023-09-18T14:03:03Z,23.05,69.99,99,5,38.96,100.05,5.00,439.00,null,null,null
2023-09-18T14:04:03Z,23.02,69.80,99,4,41.13,100.06,5.00,439.00,null,null,null
2023-09-18T14:05:03Z,23.05,70.10,99,3,35.84,100.06,5.00,439.00,0,0,0
2023-09-18T14:06:03Z,23.02,69.92,99,3,35.50,100.06,6.00,444.00,null,null,null
2023-09-18T14:07:03Z,23.06,69.55,99,3,31.51,100.06,6.00,444.00,null,null,null
2023-09-18T14:08:03Z,23.05,69.76,99,5,43.24,100.07,7.00,447.00,null,null,null
2023-09-18T14:09:03Z,23.02,69.09,99,5,39.51,100.07,5.00,434.00,null,null,null
2023-09-18T14:10:03Z,23.03,69.28,99,11,31.37,100.06,6.00,442.00,0,0,0
2023-09-18T14:11:03Z,23.00,69.11,99,10,34.78,100.07,5.00,438.00,null,null,null
2023-09-18T14:12:03Z,23.00,69.01,99,7,34.58,100.06,5.00,438.00,null,null,null
2023-09-18T14:13:03Z,23.00,69.12,99,6,41.46,100.06,4.00,432.00,null,null,null
2023-09-18T14:14:03Z,22.98,69.10,99,7,40.25,100.07,4.00,432.00,null,null,null
2023-09-18T14:15:03Z,22.99,69.21,99,7,36.39,100.07,5.00,438.00,0,0,0
2023-09-18T14:16:03Z,22.98,68.65,99,6,36.26,100.06,4.00,432.00,null,null,null
2023-09-18T14:17:03Z,22.96,69.02,99,5,38.26,100.07,5.00,435.00,null,null,null
2023-09-18T14:18:03Z,22.96,68.70,99,5,38.90,100.08,4.00,432.00,null,null,null
2023-09-18T14:19:03Z,22.98,68.85,99,4,35.85,100.07,5.00,435.00,null,null,null
2023-09-18T14:20:03Z,22.94,68.38,99,4,36.30,100.08,3.00,425.00,0,0,0
2023-09-18T14:21:03Z,22.95,68.45,99,5,32.26,100.07,4.00,428.00,null,null,null
2023-09-18T14:22:03Z,22.96,69.20,99,7,37.83,100.07,4.00,428.00,null,null,null
2023-09-18T14:23:03Z,22.96,69.14,99,5,43.01,100.08,4.00,432.00,null,null,null
2023-09-18T14:24:03Z,22.94,68.45,99,4,36.92,100.09,4.00,432.00,null,null,null
2023-09-18T14:25:03Z,22.94,68.45,99,5,39.67,100.08,3.00,425.00,0,0,0
2023-09-18T14:26:03Z,22.96,68.56,99,4,32.62,100.10,3.00,425.00,null,null,null
2023-09-18T14:27:03Z,22.95,68.62,99,3,32.73,100.08,4.00,428.00,null,null,null
2023-09-18T14:28:03Z,22.95,69.37,99,8,33.57,100.09,4.00,428.00,null,null,null
2023-09-18T14:29:03Z,22.95,69.84,99,4,35.44,100.09,5.00,434.00,null,null,null
2023-09-18T14:30:03Z,22.96,69.86,99,5,39.04,100.10,5.00,434.00,0,0,0
2023-09-18T14:31:03Z,22.98,68.97,99,5,36.86,100.09,4.00,428.00,null,null,null
2023-09-18T14:32:03Z,22.98,68.97,99,9,38.00,100.09,5.00,438.00,null,null,null
2023-09-18T14:33:03Z,22.95,67.88,99,7,33.62,100.09,5.00,438.00,null,null,null
2023-09-18T14:34:03Z,22.98,68.81,99,13,40.74,100.09,6.00,445.00,null,null,null
2023-09-18T14:35:03Z,22.96,68.81,99,6,34.52,100.09,5.00,438.00,0,0,0
2023-09-18T14:36:03Z,22.98,68.68,99,15,37.79,100.09,5.00,438.00,null,null,null
2023-09-18T14:37:03Z,22.98,68.54,99,7,33.17,100.09,6.00,442.00,null,null,null
2023-09-18T14:38:03Z,22.99,68.36,99,7,40.10,100.09,6.00,442.00,null,null,null
2023-09-18T14:39:03Z,23.00,67.43,99,26,31.49,100.09,6.00,442.00,null,null,null
2023-09-18T14:40:03Z,22.98,67.80,99,8,31.20,100.10,6.00,444.00,0,0,0
2023-09-18T14:41:03Z,22.96,67.81,99,15,41.99,100.09,5.00,439.00,null,null,null
2023-09-18T14:42:03Z,22.99,66.62,99,35,36.91,100.09,5.00,439.00,null,null,null
2023-09-18T14:43:03Z,22.98,66.20,99,36,35.62,100.10,6.00,443.00,null,null,null
2023-09-18T14:44:03Z,23.00,66.89,99,8,44.93,100.11,6.00,443.00,null,null,null
2023-09-18T14:45:03Z,22.98,66.67,99,35,43.38,100.10,5.00,439.00,0,0,0
2023-09-18T14:46:03Z,23.03,66.87,99,35,37.28,100.10,5.00,438.00,null,null,null
2023-09-18T14:47:03Z,22.99,65.65,99,35,38.38,100.11,5.00,434.00,null,null,null
2023-09-18T14:48:03Z,23.00,65.64,99,34,36.17,100.12,7.00,451.00,null,null,null
2023-09-18T14:49:03Z,22.98,66.20,99,33,38.48,100.11,6.00,441.00,null,null,null
2023-09-18T14:50:03Z,23.00,66.39,99,11,36.37,100.13,5.00,436.00,0,0,0
2023-09-18T14:51:03Z,23.00,65.83,99,6,33.84,100.12,3.00,426.00,null,null,null
2023-09-18T14:52:03Z,23.03,64.91,99,31,39.90,100.12,6.00,443.00,null,null,null
2023-09-18T14:53:03Z,22.99,65.91,99,8,40.55,100.13,6.00,444.00,null,null,null
2023-09-18T14:54:03Z,23.02,65.81,99,28,45.45,100.13,5.00,433.00,null,null,null
2023-09-18T14:55:03Z,22.99,64.56,99,32,33.92,100.13,3.00,426.00,0,0,0
2023-09-18T14:56:03Z,23.00,64.36,99,27,44.12,100.12,5.00,438.00,null,null,null
2023-09-18T14:57:03Z,23.00,65.09,99,33,37.62,100.11,4.00,428.00,null,null,null
2023-09-18T14:58:03Z,23.02,65.19,99,5,37.99,100.13,5.00,433.00,null,null,null
2023-09-18T14:59:03Z,23.00,65.23,99,15,45.61,100.14,5.00,433.00,null,null,null
2023-09-18T15:00:03Z,23.02,65.36,99,33,42.17,100.12,5.00,433.00,0,0,0
2023-09-18T15:01:03Z,23.06,65.51,99,30,33.54,100.13,3.00,421.00,null,null,null
2023-09-18T15:02:03Z,23.05,65.28,99,25,28.02,100.14,4.00,432.00,null,null,null
2023-09-18T15:03:03Z,23.06,65.73,99,30,31.81,100.15,4.00,432.00,null,null,null
2023-09-18T15:04:03Z,23.03,65.77,99,28,33.95,100.14,4.00,432.00,null,null,null
2023-09-18T15:05:03Z,23.06,65.92,99,28,23.63,100.15,7.00,447.00,0,0,0
2023-09-18T15:06:03Z,23.06,66.13,99,28,25.26,100.16,5.00,433.00,null,null,null
2023-09-18T15:07:03Z,23.06,66.18,99,27,27.77,100.17,6.00,443.00,null,null,null
2023-09-18T15:08:03Z,23.10,66.36,99,27,28.87,100.16,7.00,447.00,null,null,null
2023-09-18T15:09:03Z,23.06,66.50,99,27,30.31,100.17,7.00,446.00,null,null,null
2023-09-18T15:10:03Z,23.10,66.60,99,27,29.96,100.18,7.00,451.00,0,0,0
2023-09-18T15:11:03Z,23.12,66.58,99,27,29.63,100.17,7.00,446.00,null,null,null
2023-09-18T15:12:03Z,23.12,66.71,99,27,29.76,100.17,8.00,457.00,null,null,null
2023-09-18T15:13:03Z,23.13,66.78,99,27,35.66,100.18,8.00,457.00,null,null,null
2023-09-18T15:14:03Z,23.10,66.84,99,27,28.47,100.19,8.00,457.00,null,null,null
2023-09-18T15:15:03Z,23.13,66.97,99,26,23.40,100.16,9.00,462.00,0,0,0
2023-09-18T15:16:03Z,23.13,67.09,99,26,30.44,100.18,9.00,462.00,null,null,null
2023-09-18T15:17:03Z,23.16,67.16,99,26,28.34,100.17,10.00,466.00,null,null,null
2023-09-18T15:18:03Z,23.15,67.20,99,26,24.76,100.18,10.00,466.00,null,null,null
2023-09-18T15:19:03Z,23.15,67.24,99,26,26.71,100.18,11.00,473.00,null,null,null
2023-09-18T15:20:03Z,23.16,67.28,99,26,28.15,100.18,11.00,478.00,0,0,0
2023-09-18T15:21:03Z,23.16,67.33,99,27,29.00,100.18,12.00,480.00,null,null,null
2023-09-18T15:22:03Z,23.16,67.33,99,26,25.84,100.17,12.00,480.00,null,null,null
2023-09-18T15:23:03Z,23.17,67.40,99,25,31.54,100.19,12.00,482.00,null,null,null
2023-09-18T15:24:03Z,23.17,67.45,99,25,25.95,100.19,12.00,482.00,null,null,null
2023-09-18T15:25:03Z,23.19,67.56,99,25,32.31,100.17,13.00,487.00,0,0,0
2023-09-18T15:26:03Z,23.20,67.59,99,25,28.63,100.19,13.00,487.00,null,null,null
2023-09-18T15:27:03Z,23.23,67.64,99,24,32.73,100.18,14.00,496.00,null,null,null
2023-09-18T15:28:03Z,23.20,67.69,99,25,26.11,100.18,14.00,498.00,null,null,null
2023-09-18T15:29:03Z,23.22,67.75,99,25,29.72,100.18,14.00,498.00,null,null,null
2023-09-18T15:30:03Z,23.23,67.80,99,25,23.15,100.18,14.00,498.00,0,0,0
2023-09-18T15:31:03Z,23.22,67.83,99,25,34.76,100.17,14.00,498.00,null,null,null
2023-09-18T15:32:03Z,23.26,67.93,99,25,28.51,100.18,15.00,503.00,null,null,null
2023-09-18T15:33:03Z,23.23,67.99,99,25,30.60,100.19,17.00,518.00,null,null,null
2023-09-18T15:34:03Z,23.27,68.05,99,25,22.89,100.19,17.00,517.00,null,null,null
2023-09-18T15:35:03Z,23.27,68.10,99,25,28.47,100.18,18.00,524.00,0,0,0
2023-09-18T15:36:03Z,23.27,68.13,99,25,49.32,100.17,19.00,530.00,null,null,null
2023-09-18T15:37:03Z,23.26,68.20,99,25,31.91,100.18,18.00,524.00,null,null,null
2023-09-18T15:38:03Z,23.26,68.21,99,24,29.55,100.19,19.00,530.00,null,null,null
2023-09-18T15:39:03Z,23.25,68.24,99,24,32.17,100.19,20.00,536.00,null,null,null
2023-09-18T15:40:03Z,23.27,68.29,99,24,33.32,100.19,20.00,536.00,0,0,0
2023-09-18T15:41:03Z,23.30,68.29,99,23,43.77,100.20,21.00,540.00,null,null,null
2023-09-18T15:42:03Z,23.31,68.36,99,23,37.45,100.19,21.00,540.00,null,null,null
2023-09-18T15:43:03Z,23.30,68.39,99,24,26.16,100.21,21.00,543.00,null,null,null
2023-09-18T15:44:03Z,23.30,68.43,99,23,28.50,100.19,21.00,543.00,null,null,null
2023-09-18T15:45:03Z,23.31,68.45,99,24,25.29,100.22,22.00,549.00,0,0,0
2023-09-18T15:46:03Z,23.34,68.53,99,23,29.88,100.22,22.00,549.00,null,null,null
2023-09-18T15:47:03Z,23.34,68.58,99,20,29.17,100.21,23.00,555.00,null,null,null
2023-09-18T15:48:03Z,23.33,68.62,99,17,25.13,100.20,23.00,555.00,null,null,null
2023-09-18T15:49:03Z,23.34,68.70,99,16,31.46,100.22,25.00,566.00,null,null,null
2023-09-18T15:50:03Z,23.36,68.71,99,10,36.53,100.23,25.00,566.00,0,0,0
2023-09-18T15:51:03Z,23.36,68.70,99,6,34.15,100.21,26.00,572.00,null,null,null
2023-09-18T15:52:03Z,23.37,68.67,99,5,34.95,100.21,26.00,572.00,null,null,null
2023-09-18T15:53:03Z,23.37,68.72,99,5,31.37,100.22,27.00,578.00,null,null,null
2023-09-18T15:54:03Z,23.37,68.73,99,6,25.95,100.24,27.00,578.00,null,null,null
2023-09-18T15:55:03Z,23.36,68.64,99,6,24.31,100.22,28.00,588.00,0,0,0
2023-09-18T15:56:03Z,23.38,68.71,99,4,28.88,100.21,28.00,588.00,null,null,null
2023-09-18T15:57:03Z,23.38,68.70,99,5,29.32,100.23,29.00,594.00,null,null,null
2023-09-18T15:58:03Z,23.38,68.73,99,5,25.65,100.22,30.00,599.00,null,null,null
2023-09-18T15:59:03Z,23.40,68.78,99,6,30.82,100.23,31.00,605.00,null,null,null
2023-09-18T16:00:03Z,23.40,68.78,99,4,30.38,100.22,30.00,600.00,0,0,0
2023-09-18T16:01:03Z,23.42,68.79,99,5,28.71,100.22,32.00,611.00,null,null,null
2023-09-18T16:02:03Z,23.42,68.76,99,5,25.19,100.23,33.00,617.00,null,null,null
2023-09-18T16:03:03Z,23.42,68.74,99,5,28.01,100.22,33.00,617.00,null,null,null
2023-09-18T16:04:03Z,23.43,68.77,99,6,28.33,100.21,34.00,629.00,null,null,null
2023-09-18T16:05:03Z,23.42,68.79,99,5,26.82,100.23,33.00,617.00,0,0,0
2023-09-18T16:06:03Z,23.42,68.75,99,5,28.36,100.23,35.00,631.00,null,null,null
2023-09-18T16:07:03Z,23.44,68.73,99,3,30.56,100.23,35.00,631.00,null,null,null
2023-09-18T16:08:03Z,23.43,68.80,99,3,30.02,100.23,36.00,637.00,null,null,null
2023-09-18T16:09:03Z,23.46,68.80,99,4,30.52,100.23,36.00,640.00,null,null,null
2023-09-18T16:10:03Z,23.44,68.85,99,5,31.35,100.22,37.00,645.00,0,0,0
2023-09-18T16:11:03Z,23.46,68.83,99,5,28.17,100.22,37.00,645.00,null,null,null
2023-09-18T16:12:03Z,23.46,68.86,99,3,32.60,100.23,38.00,652.00,null,null,null
2023-09-18T16:13:03Z,23.47,68.88,99,3,26.21,100.23,37.00,645.00,null,null,null
2023-09-18T16:14:03Z,23.47,68.87,99,3,31.68,100.24,39.00,659.00,null,null,null
2023-09-18T16:15:03Z,23.46,68.84,99,3,37.92,100.24,39.00,659.00,0,0,0
2023-09-18T16:16:03Z,23.47,68.88,99,2,27.99,100.23,39.00,659.00,null,null,null
2023-09-18T16:17:03Z,23.49,68.88,99,2,27.69,100.24,41.00,671.00,null,null,null
2023-09-18T16:18:03Z,23.49,68.86,99,4,38.67,100.23,41.00,671.00,null,null,null
2023-09-18T16:19:03Z,23.46,68.89,99,3,26.41,100.24,42.00,678.00,null,null,null
2023-09-18T16:20:03Z,23.49,68.93,99,4,29.62,100.25,42.00,678.00,0,0,0
2023-09-18T16:21:03Z,23.49,68.85,99,4,21.18,100.25,42.00,678.00,null,null,null
2023-09-18T16:22:03Z,23.50,68.89,99,3,24.39,100.26,44.00,694.00,null,null,null
2023-09-18T16:23:03Z,23.51,68.86,99,3,31.97,100.24,44.00,694.00,null,null,null
2023-09-18T16:24:03Z,23.51,68.88,99,3,32.39,100.25,44.00,694.00,null,null,null
2023-09-18T16:25:03Z,23.51,68.84,99,3,21.64,100.26,46.00,706.00,0,0,0
2023-09-18T16:26:03Z,23.54,68.88,99,3,29.82,100.25,44.00,694.00,null,null,null
2023-09-18T16:27:03Z,23.51,68.83,99,3,27.12,100.26,46.00,706.00,null,null,null
2023-09-18T16:28:03Z,23.51,68.87,99,3,31.18,100.25,46.00,706.00,null,null,null
2023-09-18T16:29:03Z,23.53,68.91,99,2,26.43,100.25,47.00,714.00,null,null,null
2023-09-18T16:30:03Z,23.53,68.88,99,3,25.56,100.25,47.00,714.00,0,0,0
2023-09-18T16:31:03Z,23.51,68.93,99,3,26.00,100.26,47.00,714.00,null,null,null
2023-09-18T16:32:03Z,23.53,68.83,99,3,26.84,100.26,47.00,714.00,null,null,null
2023-09-18T16:33:03Z,23.55,68.88,99,4,33.48,100.26,49.00,726.00,null,null,null
2023-09-18T16:34:03Z,23.53,68.84,99,3,26.16,100.27,49.00,726.00,null,null,null
2023-09-18T16:35:03Z,23.51,68.87,99,3,34.21,100.27,49.00,726.00,0,0,0
2023-09-18T16:36:03Z,23.54,68.87,99,3,30.74,100.26,51.00,735.00,null,null,null
2023-09-18T16:37:03Z,23.54,68.82,99,2,27.06,100.28,52.00,744.00,null,null,null
2023-09-18T16:38:03Z,23.55,68.86,99,2,26.57,100.27,52.00,744.00,null,null,null
2023-09-18T16:39:03Z,23.55,68.88,99,3,28.50,100.28,52.00,744.00,null,null,null
2023-09-18T16:40:03Z,23.55,68.87,99,3,26.97,100.27,52.00,744.00,0,0,0
2023-09-18T16:41:03Z,23.55,68.94,99,4,35.35,100.29,53.00,752.00,null,null,null
2023-09-18T16:42:03Z,23.58,68.90,99,3,26.46,100.29,53.00,752.00,null,null,null
2023-09-18T16:43:03Z,23.58,68.86,99,3,25.41,100.29,54.00,761.00,null,null,null
2023-09-18T16:44:03Z,23.55,68.81,99,2,33.62,100.29,54.00,761.00,null,null,null
2023-09-18T16:45:03Z,23.58,68.84,99,2,24.43,100.30,54.00,761.00,0,0,0
2023-09-18T16:46:03Z,23.60,68.71,99,3,23.05,100.29,54.00,761.00,null,null,null
2023-09-18T16:47:03Z,23.60,68.68,99,3,25.00,100.30,56.00,768.00,null,null,null
2023-09-18T16:48:03Z,23.60,68.69,99,3,25.50,100.31,56.00,768.00,null,null,null
2023-09-18T16:49:03Z,23.58,68.67,99,3,29.33,100.29,57.00,778.00,null,null,null
2023-09-18T16:50:03Z,23.60,68.64,99,3,30.03,100.31,57.00,778.00,0,0,0
2023-09-18T16:51:03Z,23.58,68.63,99,3,29.13,100.30,57.00,778.00,null,null,null
2023-09-18T16:52:03Z,23.60,68.67,99,2,26.93,100.29,57.00,778.00,null,null,null
2023-09-18T16:53:03Z,23.61,68.56,99,3,28.36,100.30,57.00,778.00,null,null,null
2023-09-18T16:54:03Z,23.60,68.49,99,3,32.13,100.32,57.00,778.00,null,null,null
2023-09-18T16:55:03Z,23.60,68.47,99,3,24.76,100.31,57.00,778.00,0,0,0
2023-09-18T16:56:03Z,23.61,68.37,99,3,26.91,100.33,56.00,768.00,null,null,null
2023-09-18T16:57:03Z,23.61,68.35,99,3,28.58,100.32,56.00,768.00,null,null,null
2023-09-18T16:58:03Z,23.61,68.30,99,2,31.54,100.33,56.00,768.00,null,null,null
2023-09-18T16:59:03Z,23.61,68.26,99,2,35.32,100.33,56.00,768.00,null,null,null
2023-09-18T17:00:03Z,23.61,68.21,99,2,32.83,100.33,56.00,768.00,0,0,0
2023-09-18T17:01:03Z,23.61,68.17,99,3,28.93,100.33,56.00,774.00,null,null,null
2023-09-18T17:02:03Z,23.61,68.12,99,2,25.09,100.33,55.00,765.00,null,null,null
2023-09-18T17:03:03Z,23.60,68.01,99,3,32.26,100.34,55.00,765.00,null,null,null
2023-09-18T17:04:03Z,23.60,67.88,99,3,28.20,100.34,54.00,757.00,null,null,null
2023-09-18T17:05:03Z,23.63,67.82,99,2,33.86,100.34,54.00,757.00,0,0,0
2023-09-18T17:06:03Z,23.63,67.78,99,2,25.06,100.35,53.00,748.00,null,null,null
2023-09-18T17:07:03Z,23.63,67.67,99,2,30.28,100.35,54.00,757.00,null,null,null
2023-09-18T17:08:03Z,23.63,67.47,99,2,27.47,100.34,55.00,765.00,null,null,null
2023-09-18T17:09:03Z,23.61,67.35,99,2,28.68,100.35,54.00,757.00,null,null,null
2023-09-18T17:10:03Z,23.63,67.30,99,1,21.92,100.36,54.00,757.00,0,0,0
2023-09-18T17:11:03Z,23.64,67.31,99,1,26.60,100.36,52.00,746.00,null,null,null
2023-09-18T17:12:03Z,23.63,67.30,99,2,29.33,100.35,51.00,737.00,null,null,null
2023-09-18T17:13:03Z,23.65,67.16,99,2,31.56,100.36,51.00,737.00,null,null,null
2023-09-18T17:14:03Z,23.63,67.16,99,2,32.63,100.36,52.00,744.00,null,null,null
2023-09-18T17:15:03Z,23.63,67.07,99,2,28.04,100.36,52.00,744.00,0,0,0
2023-09-18T17:16:03Z,23.64,67.11,99,2,31.90,100.37,51.00,735.00,null,null,null
2023-09-18T17:17:03Z,23.60,66.99,99,2,28.76,100.36,51.00,735.00,null,null,null
2023-09-18T17:18:03Z,23.67,66.90,99,2,28.83,100.37,48.00,719.00,null,null,null
2023-09-18T17:19:03Z,23.64,66.86,99,2,37.31,100.37,48.00,719.00,null,null,null
2023-09-18T17:20:03Z,23.64,66.84,99,2,32.15,100.37,48.00,719.00,0,0,0
2023-09-18T17:21:03Z,23.63,66.72,99,2,27.55,100.38,47.00,712.00,null,null,null
2023-09-18T17:22:03Z,23.67,66.69,99,2,29.54,100.38,48.00,717.00,null,null,null
2023-09-18T17:23:03Z,23.65,66.69,99,2,28.07,100.38,48.00,717.00,null,null,null
2023-09-18T17:24:03Z,23.64,66.52,99,2,25.98,100.39,47.00,710.00,null,null,null
2023-09-18T17:25:03Z,23.65,66.45,99,2,27.99,100.38,47.00,710.00,0,0,0
2023-09-18T17:26:03Z,23.64,66.28,99,1,26.06,100.38,47.00,710.00,null,null,null
2023-09-18T17:27:03Z,23.65,66.21,99,1,27.84,100.39,44.00,692.00,null,null,null
2023-09-18T17:28:03Z,23.64,66.12,99,1,33.07,100.39,47.00,710.00,null,null,null
2023-09-18T17:29:03Z,23.64,66.04,99,1,35.64,100.39,45.00,700.00,null,null,null
2023-09-18T17:30:03Z,23.65,66.08,99,1,28.17,100.39,45.00,700.00,0,0,0
2023-09-18T17:31:03Z,23.65,66.06,99,1,33.39,100.39,43.00,683.00,null,null,null
2023-09-18T17:32:03Z,23.65,65.93,99,1,28.89,100.39,44.00,692.00,null,null,null
2023-09-18T17:33:03Z,23.63,65.96,99,1,33.59,100.40,44.00,692.00,null,null,null
2023-09-18T17:34:03Z,23.64,65.96,99,1,32.97,100.40,44.00,692.00,null,null,null
2023-09-18T17:35:03Z,23.64,66.00,99,1,22.55,100.41,43.00,683.00,0,0,0
2023-09-18T17:36:03Z,23.63,65.99,99,1,30.36,100.41,42.00,678.00,null,null,null
2023-09-18T17:37:03Z,23.65,65.97,99,1,30.99,100.41,43.00,683.00,null,null,null
2023-09-18T17:38:03Z,23.68,65.99,99,0,27.34,100.40,43.00,683.00,null,null,null
2023-09-18T17:39:03Z,23.67,65.98,99,0,30.61,100.41,43.00,683.00,null,null,null
2023-09-18T17:40:03Z,23.64,66.00,99,0,24.61,100.42,43.00,683.00,0,0,0
2023-09-18T17:41:03Z,23.67,66.02,99,0,24.79,100.42,40.00,668.00,null,null,null
2023-09-18T17:42:03Z,23.64,66.02,99,0,24.96,100.41,42.00,678.00,null,null,null
2023-09-18T17:43:03Z,23.67,65.98,99,1,25.95,100.42,40.00,668.00,null,null,null
2023-09-18T17:44:03Z,23.63,66.17,99,0,24.58,100.42,42.00,678.00,null,null,null
2023-09-18T17:45:03Z,23.64,66.14,99,0,28.84,100.43,43.00,683.00,0,0,0
2023-09-18T17:46:03Z,23.65,66.25,99,0,37.98,100.42,40.00,668.00,null,null,null
2023-09-18T17:47:03Z,23.68,66.16,99,0,36.24,100.43,41.00,671.00,null,null,null
2023-09-18T17:48:03Z,23.64,66.21,99,0,29.54,100.43,42.00,678.00,null,null,null
2023-09-18T17:49:03Z,23.65,66.25,99,0,30.25,100.43,40.00,668.00,null,null,null
2023-09-18T17:50:03Z,23.67,66.21,99,0,28.12,100.43,39.00,659.00,0,0,0
2023-09-18T17:51:03Z,23.65,66.28,99,0,31.42,100.44,42.00,678.00,null,null,null
2023-09-18T17:52:03Z,23.67,66.21,99,0,31.74,100.44,39.00,659.00,null,null,null
2023-09-18T17:53:03Z,23.68,66.31,99,0,28.23,100.45,42.00,678.00,null,null,null
2023-09-18T17:54:03Z,23.65,66.28,99,0,24.19,100.45,41.00,671.00,null,null,null
2023-09-18T17:55:03Z,23.63,66.38,99,0,28.42,100.45,41.00,671.00,0,0,0
2023-09-18T17:56:03Z,23.68,66.34,99,0,31.08,100.45,41.00,671.00,null,null,null
2023-09-18T17:57:03Z,23.68,66.33,99,0,26.43,100.46,41.00,671.00,null,null,null
2023-09-18T17:58:03Z,23.64,66.40,99,0,26.21,100.46,41.00,671.00,null,null,null
2023-09-18T17:59:03Z,23.67,66.38,99,0,28.09,100.45,41.00,671.00,null,null,null
2023-09-18T18:00:03Z,23.65,66.44,99,0,31.95,100.46,41.00,675.00,0,0,0
2023-09-18T18:01:03Z,23.65,66.49,99,0,25.26,100.47,41.00,675.00,null,null,null
2023-09-18T18:02:03Z,23.64,66.42,99,0,29.49,100.47,41.00,675.00,null,null,null
2023-09-18T18:03:03Z,23.64,66.49,99,0,25.87,100.48,41.00,675.00,null,null,null
2023-09-18T18:04:03Z,23.67,66.47,99,0,33.31,100.47,41.00,675.00,null,null,null
2023-09-18T18:05:03Z,23.63,66.50,99,0,29.12,100.48,41.00,675.00,0,0,0
2023-09-18T18:06:03Z,23.65,66.47,99,0,28.20,100.48,41.00,675.00,null,null,null
2023-09-18T18:07:03Z,23.65,66.44,99,0,29.57,100.48,41.00,675.00,null,null,null
2023-09-18T18:08:03Z,23.64,66.51,99,0,30.85,100.48,41.00,675.00,null,null,null
2023-09-18T18:09:03Z,23.65,66.50,99,0,42.31,100.49,41.00,675.00,null,null,null
2023-09-18T18:10:03Z,23.64,66.60,99,0,27.84,100.49,41.00,675.00,0,0,0
2023-09-18T18:11:03Z,23.65,66.60,99,0,27.14,100.49,43.00,683.00,null,null,null
2023-09-18T18:12:03Z,23.67,66.66,99,0,33.97,100.49,43.00,683.00,null,null,null
2023-09-18T18:13:03Z,23.65,66.71,99,0,28.12,100.49,44.00,692.00,null,null,null
2023-09-18T18:14:03Z,23.64,66.75,99,0,28.73,100.50,44.00,692.00,null,null,null
2023-09-18T18:15:03Z,23.64,66.78,99,0,30.97,100.50,45.00,697.00,0,0,0
2023-09-18T18:16:03Z,23.65,66.78,99,0,28.50,100.50,45.00,697.00,null,null,null
2023-09-18T18:17:03Z,23.67,66.84,99,0,26.71,100.50,46.00,704.00,null,null,null
2023-09-18T18:18:03Z,23.67,66.92,99,0,27.18,100.50,47.00,712.00,null,null,null
2023-09-18T18:19:03Z,23.65,66.90,99,0,32.26,100.50,47.00,712.00,null,null,null
2023-09-18T18:20:03Z,23.64,66.96,99,0,36.29,100.51,48.00,719.00,0,0,0
2023-09-18T18:21:03Z,23.67,66.97,99,0,29.58,100.51,48.00,719.00,null,null,null
2023-09-18T18:22:03Z,23.67,66.99,99,0,24.68,100.51,52.00,744.00,null,null,null
2023-09-18T18:23:03Z,23.67,67.00,99,0,41.41,100.51,52.00,744.00,null,null,null
2023-09-18T18:24:03Z,23.64,67.07,99,0,25.65,100.52,52.00,744.00,null,null,null
2023-09-18T18:25:03Z,23.67,67.07,99,0,28.93,100.51,53.00,752.00,0,0,0
2023-09-18T18:26:03Z,23.65,67.06,99,0,34.23,100.52,55.00,763.00,null,null,null
2023-09-18T18:27:03Z,23.67,67.10,99,0,33.56,100.52,56.00,772.00,null,null,null
2023-09-18T18:28:03Z,23.68,67.11,99,0,38.50,100.52,57.00,780.00,null,null,null
2023-09-18T18:29:03Z,23.64,67.16,99,0,31.41,100.53,59.00,791.00,null,null,null
2023-09-18T18:30:03Z,23.63,67.18,99,0,31.99,100.53,61.00,802.00,0,0,0
2023-09-18T18:31:03Z,23.68,67.15,99,0,39.19,100.53,61.00,802.00,null,null,null
2023-09-18T18:32:03Z,23.68,67.15,99,0,32.19,100.53,63.00,819.00,null,null,null
2023-09-18T18:33:03Z,23.68,67.21,99,0,35.21,100.53,62.00,810.00,null,null,null
2023-09-18T18:34:03Z,23.65,67.20,99,0,43.77,100.54,67.00,846.00,null,null,null
2023-09-18T18:35:03Z,23.65,67.15,99,0,32.57,100.53,67.00,846.00,0,0,0
2023-09-18T18:36:03Z,23.64,67.17,99,0,32.45,100.54,69.00,855.00,null,null,null
2023-09-18T18:37:03Z,23.65,67.16,99,0,25.90,100.54,69.00,855.00,null,null,null
2023-09-18T18:38:03Z,23.68,67.09,99,0,24.43,100.54,71.00,868.00,null,null,null
2023-09-18T18:39:03Z,23.64,67.06,99,0,24.89,100.54,71.00,868.00,null,null,null
2023-09-18T18:40:03Z,23.68,66.94,99,0,48.72,100.55,73.00,880.00,0,0,0
2023-09-18T18:41:03Z,23.65,66.96,99,0,31.48,100.55,73.00,880.00,null,null,null
2023-09-18T18:42:03Z,23.65,66.81,99,0,41.66,100.55,73.00,880.00,null,null,null
2023-09-18T18:43:03Z,23.67,66.77,99,0,31.62,100.55,74.00,889.00,null,null,null
2023-09-18T18:44:03Z,23.67,66.75,99,0,50.58,100.55,73.00,880.00,null,null,null
2023-09-18T18:45:03Z,23.65,66.74,99,0,29.38,100.55,73.00,880.00,0,0,0
2023-09-18T18:46:03Z,23.67,66.69,99,0,30.53,100.55,74.00,887.00,null,null,null
2023-09-18T18:47:03Z,23.64,66.55,99,0,29.12,100.56,75.00,897.00,null,null,null
2023-09-18T18:48:03Z,23.65,66.60,99,0,28.09,100.56,75.00,897.00,null,null,null
2023-09-18T18:49:03Z,23.68,66.51,99,0,30.51,100.56,75.00,897.00,null,null,null
2023-09-18T18:50:03Z,23.67,66.47,99,0,29.51,100.56,75.00,897.00,0,0,0
2023-09-18T18:51:03Z,23.65,66.47,99,0,26.16,100.56,75.00,897.00,null,null,null
2023-09-18T18:52:03Z,23.67,66.55,99,0,31.35,100.57,77.00,907.00,null,null,null
2023-09-18T18:53:03Z,23.65,66.56,99,0,29.16,100.57,75.00,897.00,null,null,null
2023-09-18T18:54:03Z,23.65,66.56,99,0,28.96,100.57,77.00,907.00,null,null,null
2023-09-18T18:55:03Z,23.65,66.56,99,0,26.69,100.57,77.00,907.00,0,0,0
2023-09-18T18:56:03Z,23.65,66.55,99,0,27.10,100.57,75.00,897.00,null,null,null
2023-09-18T18:57:03Z,23.67,66.58,99,0,32.78,100.58,79.00,920.00,null,null,null
2023-09-18T18:58:03Z,23.67,66.57,99,0,26.34,100.57,79.00,920.00,null,null,null
2023-09-18T18:59:03Z,23.65,66.50,99,0,25.41,100.58,79.00,920.00,null,null,null
2023-09-18T19:00:03Z,23.63,66.50,99,0,33.37,100.58,79.00,925.00,0,0,0
2023-09-18T19:01:03Z,23.65,66.48,99,0,27.02,100.59,79.00,925.00,null,null,null
2023-09-18T19:02:03Z,23.65,66.53,99,0,34.70,100.59,79.00,925.00,null,null,null
2023-09-18T19:03:03Z,23.65,66.57,99,0,27.77,100.58,82.00,940.00,null,null,null
2023-09-18T19:04:03Z,23.67,66.61,99,0,29.73,100.59,83.00,951.00,null,null,null
2023-09-18T19:05:03Z,23.64,66.69,99,0,27.47,100.59,83.00,951.00,0,0,0
2023-09-18T19:06:03Z,23.65,66.65,99,0,30.28,100.59,83.00,951.00,null,null,null
2023-09-18T19:07:03Z,23.67,66.71,99,0,28.85,100.59,85.00,961.00,null,null,null
2023-09-18T19:08:03Z,23.65,66.71,99,0,27.34,100.59,87.00,977.00,null,null,null
2023-09-18T19:09:03Z,23.64,66.72,99,0,26.69,100.59,87.00,977.00,null,null,null
2023-09-18T19:10:03Z,23.65,66.74,99,0,35.00,100.60,87.00,977.00,0,0,0
2023-09-18T19:11:03Z,23.65,66.77,99,0,34.06,100.59,89.00,990.00,null,null,null
2023-09-18T19:12:03Z,23.67,66.77,99,0,29.07,100.60,88.00,981.00,null,null,null
2023-09-18T19:13:03Z,23.68,66.83,99,0,33.24,100.60,90.00,995.00,null,null,null
2023-09-18T19:14:03Z,23.64,66.82,99,0,27.62,100.60,90.00,995.00,null,null,null
2023-09-18T19:15:03Z,23.64,66.84,99,0,34.80,100.60,90.00,995.00,0,0,0
2023-09-18T19:16:03Z,23.65,66.84,99,0,25.50,100.61,92.00,1009.00,null,null,null
2023-09-18T19:17:03Z,23.65,66.81,99,0,29.47,100.61,92.00,1009.00,null,null,null
2023-09-18T19:18:03Z,23.65,66.82,99,0,28.50,100.61,92.00,1009.00,null,null,null
2023-09-18T19:19:03Z,23.68,66.86,99,0,28.17,100.61,94.00,1019.00,null,null,null
2023-09-18T19:20:03Z,23.64,66.89,99,0,29.90,100.60,92.00,1009.00,0,0,0
2023-09-18T19:21:03Z,23.65,66.90,99,0,28.47,100.61,94.00,1019.00,null,null,null
2023-09-18T19:22:03Z,23.65,66.87,99,0,31.89,100.61,98.00,1044.00,null,null,null
2023-09-18T19:23:03Z,23.65,66.83,99,0,32.33,100.62,94.00,1019.00,null,null,null
2023-09-18T19:24:03Z,23.64,66.93,99,0,32.26,100.62,98.00,1044.00,null,null,null
2023-09-18T19:25:03Z,23.64,66.92,99,0,36.95,100.62,98.00,1044.00,0,0,0
2023-09-18T19:26:03Z,23.65,66.94,99,0,null,100.63,100.00,1060.00,null,null,null
2023-09-18T19:27:03Z,23.64,67.05,99,0,31.04,100.63,100.00,1060.00,null,null,null
2023-09-18T19:28:03Z,23.65,67.24,99,0,47.59,100.63,102.00,1071.00,null,null,null
2023-09-18T19:29:03Z,23.64,67.20,99,0,35.88,100.63,102.00,1071.00,null,null,null
2023-09-18T19:30:03Z,23.63,67.15,99,0,44.94,100.64,102.00,1071.00,0,0,0
2023-09-18T19:31:03Z,23.67,67.18,99,0,30.05,100.64,104.00,1083.00,null,null,null
2023-09-18T19:32:03Z,23.64,67.12,99,0,23.68,100.63,104.00,1083.00,null,null,null
2023-09-18T19:33:03Z,23.64,67.07,99,0,32.73,100.64,104.00,1083.00,null,null,null
2023-09-18T19:34:03Z,23.65,67.07,99,0,35.85,100.64,106.00,1099.00,null,null,null
2023-09-18T19:35:03Z,23.64,66.97,99,0,29.79,100.64,106.00,1099.00,0,0,0
2023-09-18T19:36:03Z,23.67,66.89,99,0,32.52,100.65,106.00,1099.00,null,null,null
2023-09-18T19:37:03Z,23.65,66.86,99,0,30.41,100.64,106.00,1099.00,null,null,null
2023-09-18T19:38:03Z,23.67,66.88,99,0,31.24,100.64,109.00,1118.00,null,null,null
2023-09-18T19:39:03Z,23.64,66.89,99,0,32.81,100.65,106.00,1099.00,null,null,null
2023-09-18T19:40:03Z,23.63,66.78,99,0,29.05,100.65,109.00,1118.00,0,0,0
2023-09-18T19:41:03Z,23.65,66.77,99,0,24.96,100.65,111.00,1131.00,null,null,null
2023-09-18T19:42:03Z,23.64,66.78,99,0,26.24,100.64,109.00,1118.00,null,null,null
2023-09-18T19:43:03Z,23.65,66.78,99,0,32.07,100.65,111.00,1131.00,null,null,null
2023-09-18T19:44:03Z,23.65,66.81,99,0,29.80,100.65,111.00,1131.00,null,null,null
2023-09-18T19:45:03Z,23.63,66.84,99,0,25.16,100.65,113.00,1144.00,0,0,0
2023-09-18T19:46:03Z,23.64,66.84,99,0,28.78,100.65,113.00,1144.00,null,null,null
2023-09-18T19:47:03Z,23.64,66.84,99,0,41.25,100.66,113.00,1144.00,null,null,null
2023-09-18T19:48:03Z,23.64,66.83,99,0,26.67,100.65,116.00,1163.00,null,null,null
2023-09-18T19:49:03Z,23.64,66.88,99,0,50.93,100.65,116.00,1163.00,null,null,null
2023-09-18T19:50:03Z,23.65,66.91,99,0,37.89,100.65,116.00,1163.00,0,0,0
2023-09-18T19:51:03Z,23.64,66.99,99,0,38.74,100.66,116.00,1163.00,null,null,null
2023-09-18T19:52:03Z,23.64,66.96,99,0,30.91,100.65,116.00,1163.00,null,null,null
2023-09-18T19:53:03Z,23.64,67.04,99,0,31.84,100.65,116.00,1163.00,null,null,null
2023-09-18T19:54:03Z,23.64,66.98,99,0,30.91,100.66,118.00,1178.00,null,null,null
2023-09-18T19:55:03Z,23.64,67.03,99,0,31.47,100.66,118.00,1178.00,0,0,0
2023-09-18T19:56:03Z,23.64,67.02,99,0,32.20,100.66,118.00,1178.00,null,null,null
2023-09-18T19:57:03Z,23.65,67.08,99,0,27.78,100.65,116.00,1163.00,null,null,null
2023-09-18T19:58:03Z,23.63,67.12,99,0,30.16,100.66,118.00,1178.00,null,null,null
2023-09-18T19:59:03Z,23.61,67.08,99,0,31.95,100.67,118.00,1178.00,null,null,null
2023-09-18T20:00:03Z,23.64,67.11,99,0,28.12,100.67,116.00,1163.00,0,0,0
2023-09-18T20:01:03Z,23.61,67.11,99,0,null,100.67,118.00,1178.00,null,null,null
2023-09-18T20:02:03Z,23.63,67.11,99,0,35.02,100.67,120.00,1191.00,null,null,null
2023-09-18T20:03:03Z,23.63,67.12,99,0,23.63,100.67,118.00,1178.00,null,null,null
2023-09-18T20:04:03Z,23.63,67.17,99,0,26.36,100.67,118.00,1178.00,null,null,null
2023-09-18T20:05:03Z,23.63,67.16,99,0,23.86,100.67,118.00,1178.00,0,0,0
2023-09-18T20:06:03Z,23.63,67.18,99,0,26.03,100.68,118.00,1178.00,null,null,null
2023-09-18T20:07:03Z,23.65,67.21,99,0,32.19,100.67,118.00,1178.00,null,null,null
2023-09-18T20:08:03Z,23.63,67.27,99,0,61.85,100.68,120.00,1191.00,null,null,null
2023-09-18T20:09:03Z,23.63,67.31,99,0,27.85,100.68,118.00,1181.00,null,null,null
2023-09-18T20:10:03Z,23.63,67.74,99,0,28.02,100.67,118.00,1181.00,0,0,0
2023-09-18T20:11:03Z,23.64,68.00,99,0,31.57,100.67,118.00,1181.00,null,null,null
2023-09-18T20:12:03Z,23.63,67.64,99,0,32.47,100.67,120.00,1191.00,null,null,null
2023-09-18T20:13:03Z,23.64,67.87,99,0,29.96,100.67,122.00,1204.00,null,null,null
2023-09-18T20:14:03Z,23.63,68.15,99,0,29.80,100.68,120.00,1191.00,null,null,null
2023-09-18T20:15:03Z,23.61,68.53,99,0,33.80,100.67,122.00,1204.00,0,0,0
2023-09-18T20:16:03Z,23.64,68.91,99,0,22.89,100.67,121.00,1195.00,null,null,null
2023-09-18T20:17:03Z,23.65,69.14,99,0,27.38,100.67,119.00,1184.00,null,null,null
2023-09-18T20:18:03Z,23.65,69.74,99,0,26.78,100.67,124.00,1215.00,null,null,null
2023-09-18T20:19:03Z,23.65,71.23,99,0,29.78,100.67,122.00,1204.00,null,null,null
2023-09-18T20:20:03Z,23.64,71.70,99,0,28.77,100.67,117.00,1174.00,0,0,0
2023-09-18T20:21:03Z,23.68,71.59,99,0,24.39,100.68,118.00,1181.00,null,null,null
2023-09-18T20:22:03Z,23.65,71.41,99,0,37.40,100.68,118.00,1181.00,null,null,null
2023-09-18T20:23:03Z,23.68,71.28,99,0,23.45,100.69,121.00,1198.00,null,null,null
2023-09-18T20:24:03Z,23.67,71.70,99,0,29.09,100.68,123.00,1212.00,null,null,null
2023-09-18T20:25:03Z,23.68,71.59,99,0,32.13,100.68,123.00,1212.00,0,0,0
2023-09-18T20:26:03Z,23.68,71.32,99,0,40.25,100.69,123.00,1212.00,null,null,null
2023-09-18T20:27:03Z,23.67,71.43,99,0,34.15,100.69,126.00,1231.00,null,null,null
2023-09-18T20:28:03Z,23.68,71.54,99,0,41.55,100.69,126.00,1231.00,null,null,null
2023-09-18T20:29:03Z,23.67,71.50,99,0,30.29,100.69,129.00,1252.00,null,null,null
2023-09-18T20:30:03Z,23.67,71.50,99,0,26.62,100.69,129.00,1252.00,0,0,0
2023-09-18T20:31:03Z,23.68,71.51,99,0,22.24,100.69,131.00,1266.00,null,null,null
2023-09-18T20:32:03Z,23.70,71.55,99,0,24.83,100.69,135.00,1288.00,null,null,null
2023-09-18T20:33:03Z,23.68,71.44,99,0,25.09,100.69,135.00,1288.00,null,null,null
2023-09-18T20:34:03Z,23.68,71.28,99,0,27.99,100.69,135.00,1288.00,null,null,null
2023-09-18T20:35:03Z,23.67,71.03,99,0,22.18,100.69,137.00,1302.00,0,0,0
2023-09-18T20:36:03Z,23.68,70.95,99,0,26.41,100.69,139.00,1316.00,null,null,null
2023-09-18T20:37:03Z,23.70,70.81,99,0,29.21,100.69,139.00,1316.00,null,null,null
2023-09-18T20:38:03Z,23.68,70.69,99,0,25.29,100.69,137.00,1302.00,null,null,null
2023-09-18T20:39:03Z,23.67,70.62,99,0,25.09,100.69,145.00,1352.00,null,null,null
2023-09-18T20:40:03Z,23.68,70.47,99,0,22.49,100.69,145.00,1352.00,0,0,0
2023-09-18T20:41:03Z,23.71,70.39,99,0,26.08,100.70,145.00,1352.00,null,null,null
2023-09-18T20:42:03Z,23.71,70.32,99,0,45.12,100.70,145.00,1352.00,null,null,null
2023-09-18T20:43:03Z,23.70,70.30,99,0,51.22,100.69,145.00,1352.00,null,null,null
2023-09-18T20:44:03Z,23.68,70.19,99,0,24.46,100.70,148.00,1376.00,null,null,null
2023-09-18T20:45:03Z,23.70,70.14,99,0,26.38,100.69,150.00,1389.00,0,0,0
2023-09-18T20:46:03Z,23.68,70.51,99,0,27.55,100.71,152.00,1404.00,null,null,null
2023-09-18T20:47:03Z,23.70,70.56,99,0,26.14,100.70,151.00,1393.00,null,null,null
2023-09-18T20:48:03Z,23.71,70.55,99,0,34.85,100.69,151.00,1393.00,null,null,null
2023-09-18T20:49:03Z,23.67,70.49,99,0,28.14,100.69,151.00,1393.00,null,null,null
2023-09-18T20:50:03Z,23.70,70.68,99,0,25.73,100.69,154.00,1416.00,0,0,0
2023-09-18T20:51:03Z,23.73,70.59,99,0,40.27,100.69,154.00,1416.00,null,null,null
2023-09-18T20:52:03Z,23.71,70.43,99,0,25.19,100.69,157.00,1436.00,null,null,null
2023-09-18T20:53:03Z,23.70,70.65,99,0,38.48,100.69,157.00,1436.00,null,null,null
2023-09-18T20:54:03Z,23.71,70.89,99,0,37.23,100.69,161.00,1462.00,null,null,null
2023-09-18T20:55:03Z,23.73,70.85,99,0,31.00,100.70,162.00,1465.00,0,0,0
2023-09-18T20:56:03Z,23.74,70.76,99,0,29.61,100.70,162.00,1465.00,null,null,null
2023-09-18T20:57:03Z,23.73,70.77,99,0,29.16,100.70,166.00,1495.00,null,null,null
2023-09-18T20:58:03Z,23.73,70.76,99,0,36.09,100.70,166.00,1495.00,null,null,null
2023-09-18T20:59:03Z,23.73,70.74,99,0,25.65,100.70,169.00,1496.00,null,null,null
2023-09-18T21:00:03Z,23.73,70.74,99,0,25.82,100.70,171.00,1499.00,0,0,0
2023-09-18T21:01:03Z,23.73,70.65,99,0,22.78,100.71,171.00,1499.00,null,null,null
2023-09-18T21:02:03Z,23.73,70.52,99,0,25.19,100.70,174.00,1504.00,null,null,null
2023-09-18T21:03:03Z,23.74,70.42,99,0,24.39,100.71,171.00,1499.00,null,null,null
2023-09-18T21:04:03Z,23.73,70.28,99,0,22.05,100.71,174.00,1504.00,null,null,null
2023-09-18T21:05:03Z,23.73,70.01,99,0,28.02,100.71,174.00,1504.00,0,0,0
2023-09-18T21:06:03Z,23.74,69.94,99,0,27.68,100.72,177.00,1507.00,null,null,null
2023-09-18T21:07:03Z,23.74,70.02,99,0,22.31,100.71,177.00,1507.00,null,null,null
2023-09-18T21:08:03Z,23.71,70.00,99,0,22.83,100.71,179.00,1512.00,null,null,null
2023-09-18T21:09:03Z,23.73,69.92,99,0,21.49,100.72,179.00,1512.00,null,null,null
2023-09-18T21:10:03Z,23.74,69.84,99,0,25.26,100.72,228.00,1579.00,0,0,0
2023-09-18T21:11:03Z,23.73,69.71,99,0,39.58,100.72,249.00,1604.00,null,null,null
2023-09-18T21:12:03Z,23.73,69.52,99,0,29.74,100.72,247.00,1602.00,null,null,null
2023-09-18T21:13:03Z,23.74,69.56,99,0,25.62,100.73,258.00,1614.00,null,null,null
2023-09-18T21:14:03Z,23.73,69.62,99,0,26.06,100.72,258.00,1614.00,null,null,null
2023-09-18T21:15:03Z,23.74,69.65,99,0,25.50,100.73,264.00,1620.00,0,0,0
2023-09-18T21:16:03Z,23.75,69.62,99,0,21.99,100.73,264.00,1620.00,null,null,null
2023-09-18T21:17:03Z,23.75,69.49,99,0,27.10,100.73,242.00,1595.00,null,null,null
2023-09-18T21:18:03Z,23.74,69.39,99,0,28.61,100.73,242.00,1595.00,null,null,null
2023-09-18T21:19:03Z,23.75,69.37,99,0,31.88,100.74,269.00,1627.00,null,null,null
2023-09-18T21:20:03Z,23.73,69.46,99,0,28.88,100.74,242.00,1595.00,0,0,0
2023-09-18T21:21:03Z,23.78,69.39,99,0,26.93,100.74,269.00,1627.00,null,null,null
2023-09-18T21:22:03Z,23.75,69.33,99,0,24.27,100.74,242.00,1595.00,null,null,null
2023-09-18T21:23:03Z,23.73,69.28,99,0,22.55,100.73,242.00,1595.00,null,null,null
2023-09-18T21:24:03Z,23.73,69.30,99,0,31.08,100.74,264.00,1620.00,null,null,null
2023-09-18T21:25:03Z,24.07,69.59,99,0,46.08,100.74,264.00,1620.00,0,0,0
