TIME,TEMP,HUM,BATT,LIGHT,NOISE_A,PRESS,CCS811_VOCS,CCS811_ECO2,PM_1,PM_25,PM_10
ISO 8601,C,%,%,Lux,dBA,kPa,ppb,ppm,ug/m3,ug/m3,ug/m3
Time,Temperature,Humidity,Battery,Light,Noise dBA,Barometric pressure,VOC Gas CCS811,eCO2 Gas CCS811,PM 1.0,PM 2.5,PM 10.0
,55,56,10,14,53,58,113,112,89,87,88
2023-09-08T00:00:07Z,25.71,68.50,100,0,33.07,101.58,209.00,1555.00,24,36,36
2023-09-08T00:01:07Z,25.69,68.48,100,0,35.21,101.59,209.00,1555.00,null,null,null
2023-09-08T00:02:07Z,25.74,68.46,100,0,30.17,101.59,209.00,1555.00,null,null,null
2023-09-08T00:03:07Z,25.71,68.48,100,0,33.17,101.59,209.00,1555.00,null,null,null
2023-09-08T00:04:07Z,25.71,68.52,100,0,34.83,101.59,209.00,1555.00,null,null,null
2023-09-08T00:05:07Z,25.69,68.47,100,0,31.70,101.59,209.00,1555.00,18,36,36
2023-09-08T00:06:07Z,25.72,68.49,100,0,35.53,101.59,209.00,1555.00,null,null,null
2023-09-08T00:07:07Z,25.71,68.44,100,0,31.73,101.59,209.00,1555.00,null,null,null
2023-09-08T00:08:07Z,25.71,68.40,100,0,34.06,101.59,209.00,1555.00,null,null,null
2023-09-08T00:09:07Z,25.68,68.45,100,0,32.91,101.59,209.00,1555.00,null,null,null
2023-09-08T00:10:07Z,25.72,68.51,100,0,30.71,101.59,209.00,1555.00,12,27,27
2023-09-08T00:11:07Z,25.74,68.44,100,0,34.83,101.60,206.00,1548.00,null,null,null
2023-09-08T00:12:07Z,25.75,68.45,100,0,31.38,101.59,209.00,1555.00,null,null,null
2023-09-08T00:13:07Z,25.72,68.39,100,0,36.09,101.60,214.00,1559.00,null,null,null
2023-09-08T00:14:07Z,25.71,68.46,100,0,29.18,101.60,217.00,1563.00,null,null,null
2023-09-08T00:15:07Z,25.71,68.51,100,0,30.60,101.60,220.00,1567.00,23,32,39
2023-09-08T00:16:07Z,25.72,68.48,100,0,32.26,101.60,220.00,1567.00,null,null,null
2023-09-08T00:17:07Z,25.74,68.44,100,0,31.50,101.60,220.00,1567.00,null,null,null
2023-09-08T00:18:07Z,25.74,68.41,100,0,32.39,101.60,220.00,1567.00,null,null,null
2023-09-08T00:19:07Z,25.75,68.45,100,0,33.95,101.60,220.00,1567.00,null,null,null
2023-09-08T00:20:07Z,25.75,68.42,100,0,32.46,101.60,221.00,1569.00,23,32,32
2023-09-08T00:21:07Z,25.72,68.39,100,0,33.58,101.60,217.00,1563.00,null,null,null
2023-09-08T00:22:07Z,25.75,68.44,100,0,31.52,101.60,220.00,1567.00,null,null,null
2023-09-08T00:23:07Z,25.74,68.41,100,0,34.88,101.59,221.00,1569.00,null,null,null
2023-09-08T00:24:07Z,25.74,68.39,100,0,31.16,101.59,220.00,1567.00,null,null,null
2023-09-08T00:25:07Z,25.74,68.42,100,0,30.72,101.59,220.00,1567.00,24,39,39
2023-09-08T00:26:07Z,25.75,68.46,100,0,32.30,101.59,217.00,1563.00,null,null,null
2023-09-08T00:27:07Z,25.75,68.38,100,0,32.53,101.59,217.00,1563.00,null,null,null
2023-09-08T00:28:07Z,25.74,68.35,100,0,34.18,101.59,217.00,1563.00,null,null,null
2023-09-08T00:29:07Z,25.77,68.43,100,0,30.87,101.59,220.00,1567.00,null,null,null
2023-09-08T00:30:07Z,25.74,68.42,100,0,33.72,101.58,221.00,1569.00,25,49,49
2023-09-08T00:31:07Z,25.74,68.45,100,0,33.28,101.59,220.00,1567.00,null,null,null
2023-09-08T00:32:07Z,25.75,68.36,100,0,35.43,101.58,226.00,1575.00,null,null,null
2023-09-08T00:33:07Z,25.74,68.31,100,0,33.30,101.58,221.00,1569.00,null,null,null
2023-09-08T00:34:07Z,25.75,68.35,100,0,34.20,101.58,226.00,1575.00,null,null,null
2023-09-08T00:35:07Z,25.72,68.35,100,0,31.92,101.58,221.00,1569.00,23,40,40
2023-09-08T00:36:07Z,25.74,68.38,100,0,32.82,101.58,226.00,1575.00,null,null,null
2023-09-08T00:37:07Z,25.74,68.32,100,0,32.69,101.59,226.00,1575.00,null,null,null
2023-09-08T00:38:07Z,25.75,68.31,100,0,33.85,101.58,233.00,1586.00,null,null,null
2023-09-08T00:39:07Z,25.75,68.38,100,0,33.41,101.58,234.00,1587.00,null,null,null
2023-09-08T00:40:07Z,25.75,68.37,100,0,32.19,101.59,234.00,1587.00,29,53,53
2023-09-08T00:41:07Z,25.78,68.38,100,0,33.57,101.59,234.00,1587.00,null,null,null
2023-09-08T00:42:07Z,25.77,68.35,100,0,31.30,101.58,238.00,1592.00,null,null,null
2023-09-08T00:43:07Z,25.72,68.38,100,0,35.20,101.58,238.00,1592.00,null,null,null
2023-09-08T00:44:07Z,25.72,68.39,100,0,31.28,101.58,238.00,1592.00,null,null,null
2023-09-08T00:45:07Z,25.72,68.43,100,0,32.83,101.58,238.00,1592.00,19,40,40
2023-09-08T00:46:07Z,25.72,68.40,100,0,34.61,101.58,238.00,1592.00,null,null,null
2023-09-08T00:47:07Z,25.75,68.39,100,0,30.98,101.58,238.00,1592.00,null,null,null
2023-09-08T00:48:07Z,25.77,68.36,100,0,34.92,101.58,238.00,1592.00,null,null,null
2023-09-08T00:49:07Z,25.75,68.36,100,0,32.99,101.58,238.00,1592.00,null,null,null
2023-09-08T00:50:07Z,25.74,68.41,100,0,33.15,101.58,238.00,1592.00,21,32,32
2023-09-08T00:51:07Z,25.75,68.41,100,0,31.59,101.58,233.00,1586.00,null,null,null
2023-09-08T00:52:07Z,25.78,68.41,100,0,30.25,101.58,234.00,1587.00,null,null,null
2023-09-08T00:53:07Z,25.78,68.38,100,0,31.01,101.58,234.00,1587.00,null,null,null
2023-09-08T00:54:07Z,25.78,68.38,100,0,34.05,101.58,234.00,1587.00,null,null,null
2023-09-08T00:55:07Z,25.75,68.40,100,0,37.20,101.58,234.00,1587.00,20,33,33
2023-09-08T00:56:07Z,25.75,68.34,100,0,30.85,101.58,229.00,1581.00,null,null,null
2023-09-08T00:57:07Z,25.78,68.27,100,0,31.45,101.58,229.00,1581.00,null,null,null
2023-09-08T00:58:07Z,25.77,68.29,100,0,31.28,101.58,229.00,1581.00,null,null,null
2023-09-08T00:59:07Z,25.77,68.24,100,0,31.18,101.58,226.00,1575.00,null,null,null
2023-09-08T01:00:07Z,25.79,68.24,100,0,33.20,101.58,224.00,1572.00,17,23,23
2023-09-08T01:01:07Z,25.77,68.24,100,0,33.28,101.58,220.00,1567.00,null,null,null
2023-09-08T01:02:07Z,25.78,68.24,100,0,34.11,101.58,220.00,1567.00,null,null,null
2023-09-08T01:03:07Z,25.78,68.19,100,0,33.75,101.59,220.00,1567.00,null,null,null
2023-09-08T01:04:07Z,25.78,68.28,100,0,30.67,101.58,217.00,1563.00,null,null,null
2023-09-08T01:05:07Z,25.77,68.34,100,0,33.13,101.59,214.00,1559.00,17,24,24
2023-09-08T01:06:07Z,25.77,68.23,100,0,29.04,101.58,209.00,1555.00,null,null,null
2023-09-08T01:07:07Z,25.75,68.17,100,0,31.24,101.58,217.00,1563.00,null,null,null
2023-09-08T01:08:07Z,25.78,68.19,100,0,32.82,101.59,217.00,1563.00,null,null,null
2023-09-08T01:09:07Z,25.72,68.20,100,0,33.40,101.58,220.00,1567.00,null,null,null
2023-09-08T01:10:07Z,25.75,68.23,100,0,33.27,101.58,222.00,1571.00,22,33,33
2023-09-08T01:11:07Z,25.77,68.17,100,0,29.65,101.58,224.00,1572.00,null,null,null
2023-09-08T01:12:07Z,25.77,68.07,100,0,33.51,101.58,228.00,1579.00,null,null,null
2023-09-08T01:13:07Z,25.79,68.05,100,0,34.72,101.58,228.00,1579.00,null,null,null
2023-09-08T01:14:07Z,25.75,68.06,100,0,31.56,101.58,228.00,1579.00,null,null,null
2023-09-08T01:15:07Z,25.75,68.10,100,0,29.95,101.58,224.00,1572.00,26,30,30
2023-09-08T01:16:07Z,25.77,68.05,100,0,34.44,101.58,220.00,1567.00,null,null,null
2023-09-08T01:17:07Z,25.77,68.03,100,0,29.67,101.58,224.00,1572.00,null,null,null
2023-09-08T01:18:07Z,25.77,68.01,100,0,33.99,101.58,224.00,1572.00,null,null,null
2023-09-08T01:19:07Z,25.75,68.05,100,0,31.71,101.58,220.00,1567.00,null,null,null
2023-09-08T01:20:07Z,25.77,68.11,100,0,32.31,101.58,217.00,1563.00,23,31,31
2023-09-08T01:21:07Z,25.77,68.15,100,0,31.60,101.58,212.00,1557.00,null,null,null
2023-09-08T01:22:07Z,25.78,68.07,100,0,32.03,101.58,212.00,1557.00,null,null,null
2023-09-08T01:23:07Z,25.74,68.06,100,0,33.11,101.58,212.00,1557.00,null,null,null
2023-09-08T01:24:07Z,25.74,68.06,100,0,35.42,101.58,212.00,1557.00,null,null,null
2023-09-08T01:25:07Z,25.75,68.06,100,0,35.70,101.57,216.00,1562.00,26,37,37
2023-09-08T01:26:07Z,25.78,68.13,100,0,35.51,101.58,184.00,1518.00,null,null,null
2023-09-08T01:27:07Z,25.77,68.04,100,0,37.97,101.57,208.00,1552.00,null,null,null
2023-09-08T01:28:07Z,25.74,68.05,100,0,33.42,101.57,212.00,1557.00,null,null,null
2023-09-08T01:29:07Z,25.72,68.05,100,0,34.17,101.57,216.00,1562.00,null,null,null
2023-09-08T01:30:07Z,25.74,68.04,100,0,32.46,101.57,216.00,1562.00,26,31,31
2023-09-08T01:31:07Z,25.75,68.07,100,0,33.30,101.57,219.00,1566.00,null,null,null
2023-09-08T01:32:07Z,25.77,68.07,100,0,31.27,101.56,220.00,1567.00,null,null,null
2023-09-08T01:33:07Z,25.77,68.01,100,0,null,101.56,217.00,1563.00,null,null,null
2023-09-08T01:34:07Z,25.72,68.06,100,0,32.41,101.56,217.00,1563.00,null,null,null
2023-09-08T01:35:07Z,25.72,68.05,100,0,35.35,101.56,228.00,1579.00,19,27,27
2023-09-08T01:36:07Z,25.77,68.10,100,0,30.60,101.56,236.00,1590.00,null,null,null
2023-09-08T01:37:07Z,25.75,68.09,100,0,32.93,101.56,268.00,1625.00,null,null,null
2023-09-08T01:38:07Z,25.75,68.09,100,0,31.07,101.56,264.00,1620.00,null,null,null
2023-09-08T01:39:07Z,25.74,68.17,100,0,33.70,101.57,268.00,1625.00,null,null,null
2023-09-08T01:40:07Z,25.77,68.11,100,0,33.77,101.56,268.00,1625.00,21,29,29
2023-09-08T01:41:07Z,25.77,67.96,100,0,38.88,101.57,264.00,1620.00,null,null,null
2023-09-08T01:42:07Z,25.74,67.91,100,0,31.53,101.57,260.00,1615.00,null,null,null
2023-09-08T01:43:07Z,25.74,67.88,100,0,33.28,101.57,258.00,1614.00,null,null,null
2023-09-08T01:44:07Z,25.75,67.87,100,0,30.84,101.57,258.00,1614.00,null,null,null
2023-09-08T01:45:07Z,25.74,67.93,100,0,32.16,101.57,249.00,1604.00,23,37,37
2023-09-08T01:46:07Z,25.78,67.93,100,0,31.96,101.57,249.00,1604.00,null,null,null
2023-09-08T01:47:07Z,25.77,67.87,100,0,33.76,101.57,244.00,1598.00,null,null,null
2023-09-08T01:48:07Z,25.77,67.87,100,0,33.11,101.57,241.00,1594.00,null,null,null
2023-09-08T01:49:07Z,25.79,67.83,100,0,29.74,101.58,241.00,1594.00,null,null,null
2023-09-08T01:50:07Z,25.78,67.86,100,0,30.95,101.57,236.00,1591.00,28,44,44
2023-09-08T01:51:07Z,25.81,67.84,100,0,33.31,101.57,231.00,1583.00,null,null,null
2023-09-08T01:52:07Z,25.79,67.79,100,0,31.56,101.57,231.00,1583.00,null,null,null
2023-09-08T01:53:07Z,25.81,67.79,100,0,32.09,101.58,224.00,1572.00,null,null,null
2023-09-08T01:54:07Z,25.79,67.70,100,0,32.83,101.58,224.00,1572.00,null,null,null
2023-09-08T01:55:07Z,25.79,67.75,100,0,33.59,101.57,223.00,1572.00,29,40,40
2023-09-08T01:56:07Z,25.81,67.80,100,0,33.70,101.57,217.00,1563.00,null,null,null
2023-09-08T01:57:07Z,25.77,67.78,100,0,35.35,101.57,212.00,1557.00,null,null,null
2023-09-08T01:58:07Z,25.82,67.73,100,0,33.24,101.57,212.00,1557.00,null,null,null
2023-09-08T01:59:07Z,25.77,67.69,100,0,36.53,101.57,211.00,1556.00,null,null,null
2023-09-08T02:00:07Z,25.77,67.71,100,0,35.22,101.57,211.00,1556.00,19,31,31
2023-09-08T02:01:07Z,25.79,67.63,100,0,30.22,101.57,208.00,1552.00,null,null,null
2023-09-08T02:02:07Z,25.77,67.61,100,0,31.58,101.57,203.00,1544.00,null,null,null
2023-09-08T02:03:07Z,25.77,67.60,100,0,35.22,101.57,199.00,1540.00,null,null,null
2023-09-08T02:04:07Z,25.75,67.56,100,0,30.88,101.57,199.00,1540.00,null,null,null
2023-09-08T02:05:07Z,25.77,67.54,100,0,34.55,101.57,196.00,1536.00,30,44,44
2023-09-08T02:06:07Z,25.78,67.53,100,0,36.07,101.57,193.00,1531.00,null,null,null
2023-09-08T02:07:07Z,25.78,67.51,100,0,33.39,101.57,193.00,1531.00,null,null,null
2023-09-08T02:08:07Z,25.79,67.52,100,0,31.05,101.57,189.00,1526.00,null,null,null
2023-09-08T02:09:07Z,25.77,67.50,100,0,34.47,101.57,189.00,1526.00,null,null,null
2023-09-08T02:10:07Z,25.75,67.45,100,0,33.72,101.57,186.00,1522.00,15,19,19
2023-09-08T02:11:07Z,25.78,67.51,100,0,32.87,101.57,184.00,1518.00,null,null,null
2023-09-08T02:12:07Z,25.78,67.43,100,0,30.28,101.57,184.00,1518.00,null,null,null
2023-09-08T02:13:07Z,25.78,67.38,100,0,31.84,101.57,179.00,1512.00,null,null,null
2023-09-08T02:14:07Z,25.74,67.43,100,0,33.67,101.57,179.00,1512.00,null,null,null
2023-09-08T02:15:07Z,25.75,67.48,100,0,31.14,101.57,177.00,1507.00,19,31,31
2023-09-08T02:16:07Z,25.77,67.44,100,0,33.24,101.57,176.00,1506.00,null,null,null
2023-09-08T02:17:07Z,25.75,67.43,100,0,32.05,101.57,173.00,1502.00,null,null,null
2023-09-08T02:18:07Z,25.74,67.37,100,0,33.59,101.56,173.00,1502.00,null,null,null
2023-09-08T02:19:07Z,25.75,67.38,100,0,33.09,101.56,174.00,1503.00,null,null,null
2023-09-08T02:20:07Z,25.74,67.40,100,0,32.06,101.56,173.00,1502.00,21,27,27
2023-09-08T02:21:07Z,25.77,67.34,100,0,31.42,101.56,171.00,1499.00,null,null,null
2023-09-08T02:22:07Z,25.74,67.24,100,0,32.23,101.57,170.00,1498.00,null,null,null
2023-09-08T02:23:07Z,25.75,67.36,100,0,30.85,101.56,170.00,1498.00,null,null,null
2023-09-08T02:24:07Z,25.77,67.27,100,0,32.39,101.57,167.00,1499.00,null,null,null
2023-09-08T02:25:07Z,25.74,67.26,100,0,34.45,101.56,167.00,1499.00,14,21,21
2023-09-08T02:26:07Z,25.75,67.15,100,0,33.56,101.56,168.00,1495.00,null,null,null
2023-09-08T02:27:07Z,25.74,67.10,100,0,33.56,101.56,166.00,1495.00,null,null,null
2023-09-08T02:28:07Z,25.74,67.12,100,0,32.69,101.56,163.00,1474.00,null,null,null
2023-09-08T02:29:07Z,25.74,67.07,100,0,30.47,101.56,163.00,1474.00,null,null,null
2023-09-08T02:30:07Z,25.69,67.02,100,0,32.84,101.56,163.00,1474.00,17,26,26
2023-09-08T02:31:07Z,25.74,67.04,100,0,31.69,101.56,161.00,1458.00,null,null,null
2023-09-08T02:32:07Z,25.74,66.91,100,0,35.92,101.56,157.00,1432.00,null,null,null
2023-09-08T02:33:07Z,25.72,66.95,100,0,31.02,101.56,154.00,1416.00,null,null,null
2023-09-08T02:34:07Z,25.72,66.99,100,0,31.95,101.55,154.00,1416.00,null,null,null
2023-09-08T02:35:07Z,25.72,66.89,100,0,31.20,101.55,157.00,1432.00,9,14,14
2023-09-08T02:36:07Z,25.74,66.98,100,0,32.23,101.55,166.00,1491.00,null,null,null
2023-09-08T02:37:07Z,25.74,66.88,100,0,33.51,101.55,176.00,1506.00,null,null,null
2023-09-08T02:38:07Z,25.75,66.82,100,0,30.68,101.55,186.00,1522.00,null,null,null
2023-09-08T02:39:07Z,25.72,66.81,100,0,31.37,101.55,191.00,1529.00,null,null,null
2023-09-08T02:40:07Z,25.72,66.86,100,0,31.07,101.56,196.00,1535.00,15,18,18
2023-09-08T02:41:07Z,25.75,66.77,100,0,32.60,101.56,198.00,1539.00,null,null,null
2023-09-08T02:42:07Z,25.72,66.73,100,0,32.47,101.56,198.00,1539.00,null,null,null
2023-09-08T02:43:07Z,25.75,66.82,100,0,33.21,101.56,205.00,1547.00,null,null,null
2023-09-08T02:44:07Z,25.72,66.72,100,0,37.48,101.56,198.00,1539.00,null,null,null
2023-09-08T02:45:07Z,25.71,66.69,100,0,34.57,101.56,201.00,1543.00,8,17,17
2023-09-08T02:46:07Z,25.77,66.74,100,0,33.48,101.56,201.00,1543.00,null,null,null
2023-09-08T02:47:07Z,25.75,66.71,100,0,31.07,101.56,201.00,1543.00,null,null,null
2023-09-08T02:48:07Z,25.77,66.67,100,0,32.38,101.56,197.00,1537.00,null,null,null
2023-09-08T02:49:07Z,25.72,66.59,100,0,30.15,101.56,204.00,1547.00,null,null,null
2023-09-08T02:50:07Z,25.74,66.63,100,0,33.76,101.56,212.00,1559.00,16,21,21
2023-09-08T02:51:07Z,25.74,66.62,100,0,36.92,101.56,216.00,1562.00,null,null,null
2023-09-08T02:52:07Z,25.74,66.59,100,0,32.06,101.56,224.00,1572.00,null,null,null
2023-09-08T02:53:07Z,25.74,66.66,100,0,33.40,101.56,224.00,1572.00,null,null,null
2023-09-08T02:54:07Z,25.72,66.57,100,0,33.99,101.56,224.00,1572.00,null,null,null
2023-09-08T02:55:07Z,25.72,66.57,100,0,34.71,101.55,224.00,1572.00,10,14,37
2023-09-08T02:56:07Z,25.72,66.58,100,0,31.69,101.55,224.00,1572.00,null,null,null
2023-09-08T02:57:07Z,25.72,66.57,100,0,37.78,101.55,220.00,1567.00,null,null,null
2023-09-08T02:58:07Z,25.72,66.57,100,0,30.23,101.55,220.00,1567.00,null,null,null
2023-09-08T02:59:07Z,25.74,66.50,100,0,30.38,101.55,216.00,1562.00,null,null,null
2023-09-08T03:00:07Z,25.72,66.51,100,0,32.53,101.55,216.00,1562.00,13,14,14
2023-09-08T03:01:07Z,25.74,66.53,100,0,31.35,101.55,212.00,1559.00,null,null,null
2023-09-08T03:02:07Z,25.72,66.49,100,0,33.90,101.55,209.00,1555.00,null,null,null
2023-09-08T03:03:07Z,25.71,66.47,100,0,31.99,101.55,205.00,1547.00,null,null,null
2023-09-08T03:04:07Z,25.71,66.45,100,0,31.62,101.55,205.00,1547.00,null,null,null
2023-09-08T03:05:07Z,25.68,66.41,100,0,31.15,101.55,201.00,1543.00,9,19,19
2023-09-08T03:06:07Z,25.72,66.50,100,0,34.91,101.55,198.00,1538.00,null,null,null
2023-09-08T03:07:07Z,25.71,66.38,100,0,32.36,101.54,195.00,1534.00,null,null,null
2023-09-08T03:08:07Z,25.69,66.35,100,0,32.06,101.55,195.00,1534.00,null,null,null
2023-09-08T03:09:07Z,25.68,66.36,100,0,32.04,101.55,191.00,1529.00,null,null,null
2023-09-08T03:10:07Z,25.69,66.40,100,0,29.47,101.54,188.00,1525.00,9,13,13
2023-09-08T03:11:07Z,25.68,66.40,100,0,32.84,101.54,184.00,1519.00,null,null,null
2023-09-08T03:12:07Z,25.71,66.31,100,0,31.48,101.54,181.00,1514.00,null,null,null
2023-09-08T03:13:07Z,25.68,66.33,100,0,31.09,101.54,178.00,1509.00,null,null,null
2023-09-08T03:14:07Z,25.68,66.29,100,0,32.90,101.54,178.00,1509.00,null,null,null
2023-09-08T03:15:07Z,25.64,66.40,100,0,30.86,101.54,175.00,1505.00,7,15,15
2023-09-08T03:16:07Z,25.67,66.35,100,0,31.31,101.54,172.00,1501.00,null,null,null
2023-09-08T03:17:07Z,25.67,66.32,100,0,32.97,101.54,172.00,1501.00,null,null,null
2023-09-08T03:18:07Z,25.68,66.36,100,0,31.24,101.54,168.00,1494.00,null,null,null
2023-09-08T03:19:07Z,25.67,66.18,100,0,32.06,101.55,156.00,1425.00,null,null,null
2023-09-08T03:20:07Z,25.65,66.27,100,0,32.99,101.55,156.00,1425.00,6,6,6
2023-09-08T03:21:07Z,25.67,66.24,100,0,34.14,101.55,149.00,1380.00,null,null,null
2023-09-08T03:22:07Z,25.64,66.17,100,0,33.75,101.54,151.00,1397.00,null,null,null
2023-09-08T03:23:07Z,25.65,66.14,100,0,30.35,101.54,151.00,1397.00,null,null,null
2023-09-08T03:24:07Z,25.65,66.16,100,0,31.74,101.54,149.00,1380.00,null,null,null
2023-09-08T03:25:07Z,25.64,66.14,100,0,31.04,101.54,147.00,1367.00,5,5,5
2023-09-08T03:26:07Z,25.65,66.20,100,0,34.30,101.54,142.00,1338.00,null,null,null
2023-09-08T03:27:07Z,25.64,66.13,100,0,33.42,101.55,146.00,1360.00,null,null,null
2023-09-08T03:28:07Z,25.62,66.22,100,0,32.58,101.55,151.00,1397.00,null,null,null
2023-09-08T03:29:07Z,25.64,66.18,100,0,30.46,101.55,154.00,1413.00,null,null,null
2023-09-08T03:30:07Z,25.59,66.30,100,0,30.31,101.54,154.00,1413.00,9,12,12
2023-09-08T03:31:07Z,25.62,66.18,100,0,34.33,101.54,149.00,1380.00,null,null,null
2023-09-08T03:32:07Z,25.62,66.29,100,0,32.57,101.55,156.00,1425.00,null,null,null
2023-09-08T03:33:07Z,25.62,66.21,100,0,35.08,101.55,153.00,1408.00,null,null,null
2023-09-08T03:34:07Z,25.61,66.13,100,0,32.87,101.55,156.00,1425.00,null,null,null
2023-09-08T03:35:07Z,25.57,66.21,100,0,29.94,101.55,156.00,1425.00,7,9,9
2023-09-08T03:36:07Z,25.58,66.26,100,0,40.20,101.55,151.00,1397.00,null,null,null
2023-09-08T03:37:07Z,25.62,66.20,100,0,32.04,101.55,151.00,1397.00,null,null,null
2023-09-08T03:38:07Z,25.61,66.11,100,0,32.49,101.55,154.00,1413.00,null,null,null
2023-09-08T03:39:07Z,25.59,66.09,100,0,34.02,101.55,151.00,1397.00,null,null,null
2023-09-08T03:40:07Z,25.59,66.24,100,0,30.81,101.55,151.00,1397.00,9,11,11
2023-09-08T03:41:07Z,25.61,66.15,100,0,31.56,101.54,149.00,1380.00,null,null,null
2023-09-08T03:42:07Z,25.59,66.01,100,0,38.91,101.54,151.00,1397.00,null,null,null
2023-09-08T03:43:07Z,25.59,66.09,100,0,31.20,101.54,149.00,1380.00,null,null,null
2023-09-08T03:44:07Z,25.58,66.03,100,0,35.03,101.54,147.00,1367.00,null,null,null
2023-09-08T03:45:07Z,25.55,65.98,100,0,31.12,101.54,146.00,1360.00,12,19,19
2023-09-08T03:46:07Z,25.57,66.01,100,0,31.51,101.54,142.00,1338.00,null,null,null
2023-09-08T03:47:07Z,25.61,65.97,100,0,32.48,101.54,142.00,1338.00,null,null,null
2023-09-08T03:48:07Z,25.59,65.95,100,0,32.48,101.54,141.00,1330.00,null,null,null
2023-09-08T03:49:07Z,25.62,65.90,100,0,43.33,101.54,141.00,1330.00,null,null,null
2023-09-08T03:50:07Z,25.57,65.90,100,0,32.37,101.54,139.00,1316.00,10,16,16
2023-09-08T03:51:07Z,25.59,65.79,100,0,34.66,101.54,142.00,1338.00,null,null,null
2023-09-08T03:52:07Z,25.62,65.84,100,0,31.59,101.54,139.00,1313.00,null,null,null
2023-09-08T03:53:07Z,25.61,65.84,100,0,42.85,101.54,157.00,1432.00,null,null,null
2023-09-08T03:54:07Z,25.59,65.85,100,0,31.51,101.54,172.00,1501.00,null,null,null
2023-09-08T03:55:07Z,25.55,65.81,100,0,33.54,101.54,186.00,1522.00,12,13,13
2023-09-08T03:56:07Z,25.59,65.88,100,0,35.11,101.54,192.00,1530.00,null,null,null
2023-09-08T03:57:07Z,25.61,65.75,100,0,37.80,101.54,207.00,1551.00,null,null,null
2023-09-08T03:58:07Z,25.61,65.78,100,0,36.24,101.54,210.00,1556.00,null,null,null
2023-09-08T03:59:07Z,25.59,65.85,100,0,35.35,101.54,210.00,1556.00,null,null,null
2023-09-08T04:00:07Z,25.54,65.84,100,0,35.17,101.54,210.00,1556.00,9,15,15
2023-09-08T04:01:07Z,25.59,65.85,100,0,31.26,101.55,210.00,1556.00,null,null,null
2023-09-08T04:02:07Z,25.54,65.79,100,0,37.18,101.54,210.00,1556.00,null,null,null
2023-09-08T04:03:07Z,25.58,65.84,100,0,30.63,101.55,207.00,1551.00,null,null,null
2023-09-08T04:04:07Z,25.55,65.84,100,0,35.16,101.55,204.00,1547.00,null,null,null
2023-09-08T04:05:07Z,25.57,65.79,100,0,32.15,101.55,201.00,1543.00,7,7,7
2023-09-08T04:06:07Z,25.58,65.79,100,0,33.22,101.55,201.00,1543.00,null,null,null
2023-09-08T04:07:07Z,25.59,65.74,100,0,34.11,101.55,198.00,1538.00,null,null,null
2023-09-08T04:08:07Z,25.55,65.75,100,0,33.90,101.54,197.00,1537.00,null,null,null
2023-09-08T04:09:07Z,25.59,65.72,100,0,32.28,101.55,192.00,1530.00,null,null,null
2023-09-08T04:10:07Z,25.52,65.72,100,0,33.17,101.55,204.00,1546.00,9,10,10
2023-09-08T04:11:07Z,25.55,65.75,100,0,32.14,101.55,200.00,1542.00,null,null,null
2023-09-08T04:12:07Z,25.57,65.75,100,0,36.45,101.55,198.00,1538.00,null,null,null
2023-09-08T04:13:07Z,25.57,65.70,100,0,33.71,101.54,195.00,1534.00,null,null,null
2023-09-08T04:14:07Z,25.55,65.69,100,0,32.06,101.54,197.00,1537.00,null,null,null
2023-09-08T04:15:07Z,25.54,65.83,100,0,31.96,101.54,194.00,1533.00,1,1,1
2023-09-08T04:16:07Z,25.57,65.84,100,0,33.93,101.54,189.00,1526.00,null,null,null
2023-09-08T04:17:07Z,25.57,65.78,100,0,36.76,101.54,186.00,1522.00,null,null,null
2023-09-08T04:18:07Z,25.58,65.78,100,0,37.13,101.54,184.00,1518.00,null,null,null
2023-09-08T04:19:07Z,25.58,65.75,100,0,31.54,101.54,181.00,1514.00,null,null,null
2023-09-08T04:20:07Z,25.52,65.72,100,0,32.96,101.54,178.00,1509.00,8,16,16
2023-09-08T04:21:07Z,25.54,65.73,100,0,31.88,101.54,180.00,1513.00,null,null,null
2023-09-08T04:22:07Z,25.55,65.65,100,0,35.13,101.55,174.00,1504.00,null,null,null
2023-09-08T04:23:07Z,25.57,65.68,100,0,40.94,101.54,172.00,1500.00,null,null,null
2023-09-08T04:24:07Z,25.54,65.73,100,0,32.06,101.54,169.00,1496.00,null,null,null
2023-09-08T04:25:07Z,25.55,65.70,100,0,32.24,101.54,167.00,1499.00,7,7,7
2023-09-08T04:26:07Z,25.57,65.73,100,0,31.51,101.55,164.00,1478.00,null,null,null
2023-09-08T04:27:07Z,25.51,65.71,100,0,36.26,101.55,169.00,1496.00,null,null,null
2023-09-08T04:28:07Z,25.55,65.69,100,0,32.38,101.55,169.00,1496.00,null,null,null
2023-09-08T04:29:07Z,25.54,65.68,100,0,35.85,101.55,167.00,1499.00,null,null,null
2023-09-08T04:30:07Z,25.52,65.60,100,0,33.01,101.55,164.00,1478.00,12,14,14
2023-09-08T04:31:07Z,25.54,65.65,100,0,33.40,101.55,162.00,1465.00,null,null,null
2023-09-08T04:32:07Z,25.54,65.69,100,0,42.26,101.55,162.00,1465.00,null,null,null
2023-09-08T04:33:07Z,25.54,65.72,100,0,33.32,101.55,162.00,1465.00,null,null,null
2023-09-08T04:34:07Z,25.52,65.63,100,0,34.29,101.54,159.00,1445.00,null,null,null
2023-09-08T04:35:07Z,25.52,65.68,100,0,34.14,101.54,156.00,1429.00,6,7,7
2023-09-08T04:36:07Z,25.52,65.62,100,0,32.94,101.55,154.00,1413.00,null,null,null
2023-09-08T04:37:07Z,25.57,65.58,100,0,33.67,101.55,154.00,1413.00,null,null,null
2023-09-08T04:38:07Z,25.54,65.57,100,0,31.34,101.55,151.00,1397.00,null,null,null
2023-09-08T04:39:07Z,25.55,65.59,100,0,30.78,101.55,149.00,1380.00,null,null,null
2023-09-08T04:40:07Z,25.52,65.49,100,0,31.13,101.55,148.00,1372.00,7,7,7
2023-09-08T04:41:07Z,25.52,65.48,100,0,34.81,101.55,144.00,1349.00,null,null,null
2023-09-08T04:42:07Z,25.55,65.40,100,0,32.07,101.55,142.00,1334.00,null,null,null
2023-09-08T04:43:07Z,25.55,65.43,100,0,37.99,101.55,142.00,1334.00,null,null,null
2023-09-08T04:44:07Z,25.54,65.49,100,0,46.09,101.55,148.00,1372.00,null,null,null
2023-09-08T04:45:07Z,25.55,65.63,100,0,34.55,101.55,151.00,1397.00,7,8,8
2023-09-08T04:46:07Z,25.55,65.62,100,0,35.67,101.55,154.00,1413.00,null,null,null
2023-09-08T04:47:07Z,25.55,65.47,100,0,39.12,101.55,154.00,1413.00,null,null,null
2023-09-08T04:48:07Z,25.55,65.56,100,0,35.01,101.56,154.00,1413.00,null,null,null
2023-09-08T04:49:07Z,25.57,65.48,100,0,30.97,101.55,167.00,1499.00,null,null,null
2023-09-08T04:50:07Z,25.55,65.56,100,0,34.73,101.55,174.00,1504.00,9,11,11
2023-09-08T04:51:07Z,25.57,65.56,100,0,33.69,101.56,180.00,1513.00,null,null,null
2023-09-08T04:52:07Z,25.55,65.53,100,0,36.33,101.56,188.00,1525.00,null,null,null
2023-09-08T04:53:07Z,25.57,65.52,100,0,36.22,101.56,188.00,1525.00,null,null,null
2023-09-08T04:54:07Z,25.54,65.48,100,0,39.96,101.55,191.00,1529.00,null,null,null
2023-09-08T04:55:07Z,25.57,65.41,100,0,31.52,101.56,191.00,1529.00,3,6,6
2023-09-08T04:56:07Z,25.58,65.42,100,0,30.61,101.56,191.00,1529.00,null,null,null
2023-09-08T04:57:07Z,25.58,65.42,100,0,39.07,101.56,191.00,1529.00,null,null,null
2023-09-08T04:58:07Z,25.55,65.42,100,0,33.65,101.56,188.00,1525.00,null,null,null
2023-09-08T04:59:07Z,25.54,65.40,100,0,36.21,101.56,191.00,1529.00,null,null,null
2023-09-08T05:00:07Z,25.57,65.40,100,0,33.17,101.56,191.00,1529.00,7,11,22
2023-09-08T05:01:07Z,25.57,65.41,100,0,31.03,101.57,191.00,1529.00,null,null,null
2023-09-08T05:02:07Z,25.61,65.30,100,0,36.88,101.57,191.00,1529.00,null,null,null
2023-09-08T05:03:07Z,25.58,65.25,100,0,31.35,101.57,191.00,1529.00,null,null,null
2023-09-08T05:04:07Z,25.57,65.34,100,0,31.20,101.57,188.00,1525.00,null,null,null
2023-09-08T05:05:07Z,25.55,65.14,100,0,32.70,101.57,186.00,1521.00,8,12,12
2023-09-08T05:06:07Z,25.57,65.34,100,0,34.74,101.57,185.00,1520.00,null,null,null
2023-09-08T05:07:07Z,25.58,65.20,100,0,32.73,101.57,186.00,1521.00,null,null,null
2023-09-08T05:08:07Z,25.54,65.26,100,0,34.20,101.57,193.00,1532.00,null,null,null
2023-09-08T05:09:07Z,25.57,65.28,100,0,39.00,101.57,191.00,1529.00,null,null,null
2023-09-08T05:10:07Z,25.54,65.25,100,0,33.12,101.57,191.00,1529.00,6,11,11
2023-09-08T05:11:07Z,25.58,65.25,100,0,35.45,101.57,200.00,1542.00,null,null,null
2023-09-08T05:12:07Z,25.55,65.24,100,0,33.80,101.57,207.00,1550.00,null,null,null
2023-09-08T05:13:07Z,25.55,65.22,100,0,31.56,101.57,212.00,1557.00,null,null,null
2023-09-08T05:14:07Z,25.55,65.21,100,0,36.91,101.57,215.00,1560.00,null,null,null
2023-09-08T05:15:07Z,25.55,65.23,100,0,41.78,101.57,215.00,1560.00,7,8,8
2023-09-08T05:16:07Z,25.58,65.12,100,0,34.29,101.57,215.00,1560.00,null,null,null
2023-09-08T05:17:07Z,25.57,65.04,100,0,35.22,101.57,215.00,1560.00,null,null,null
2023-09-08T05:18:07Z,25.55,65.07,100,0,35.13,101.57,212.00,1557.00,null,null,null
2023-09-08T05:19:07Z,25.55,65.09,100,0,38.82,101.58,209.00,1553.00,null,null,null
2023-09-08T05:20:07Z,25.54,65.04,100,0,34.03,101.57,203.00,1544.00,11,13,13
2023-09-08T05:21:07Z,25.57,65.04,100,0,41.30,101.58,203.00,1544.00,null,null,null
2023-09-08T05:22:07Z,25.54,64.92,100,0,35.28,101.58,199.00,1540.00,null,null,null
2023-09-08T05:23:07Z,25.55,64.95,100,0,35.42,101.58,193.00,1532.00,null,null,null
2023-09-08T05:24:07Z,25.54,64.89,100,0,34.82,101.59,191.00,1528.00,null,null,null
2023-09-08T05:25:07Z,25.52,64.88,100,0,33.02,101.59,185.00,1520.00,2,4,4
2023-09-08T05:26:07Z,25.55,64.84,100,0,36.14,101.59,182.00,1516.00,null,null,null
2023-09-08T05:27:07Z,25.54,64.84,100,0,33.95,101.59,179.00,1512.00,null,null,null
2023-09-08T05:28:07Z,25.54,64.77,100,0,35.10,101.59,177.00,1507.00,null,null,null
2023-09-08T05:29:07Z,25.51,64.89,100,0,37.93,101.59,174.00,1503.00,null,null,null
2023-09-08T05:30:07Z,25.51,64.79,100,0,37.28,101.59,169.00,1496.00,10,12,12
2023-09-08T05:31:07Z,25.52,64.77,100,0,36.21,101.58,166.00,1491.00,null,null,null
2023-09-08T05:32:07Z,25.51,64.77,100,0,31.96,101.58,164.00,1478.00,null,null,null
2023-09-08T05:33:07Z,25.54,64.83,100,0,39.86,101.58,161.00,1462.00,null,null,null
2023-09-08T05:34:07Z,25.51,64.78,100,0,35.27,101.58,158.00,1441.00,null,null,null
2023-09-08T05:35:07Z,25.52,64.79,100,0,36.51,101.58,161.00,1462.00,6,6,6
2023-09-08T05:36:07Z,25.52,64.86,100,0,34.83,101.58,158.00,1441.00,null,null,null
2023-09-08T05:37:07Z,25.54,64.76,100,0,33.45,101.58,156.00,1425.00,null,null,null
2023-09-08T05:38:07Z,25.51,64.77,100,0,39.31,101.58,153.00,1408.00,null,null,null
2023-09-08T05:39:07Z,25.49,64.78,100,0,35.09,101.58,153.00,1408.00,null,null,null
2023-09-08T05:40:07Z,25.52,64.80,100,0,38.09,101.58,151.00,1393.00,9,9,9
2023-09-08T05:41:07Z,25.49,64.81,100,0,35.90,101.58,146.00,1360.00,null,null,null
2023-09-08T05:42:07Z,25.52,64.88,100,0,37.54,101.58,146.00,1360.00,null,null,null
2023-09-08T05:43:07Z,25.49,64.82,100,0,37.40,101.58,150.00,1385.00,null,null,null
2023-09-08T05:44:07Z,25.49,64.74,100,0,34.49,101.58,153.00,1408.00,null,null,null
2023-09-08T05:45:07Z,25.47,64.72,100,0,35.11,101.58,168.00,1495.00,9,10,10
2023-09-08T05:46:07Z,25.51,64.82,100,0,35.06,101.58,179.00,1512.00,null,null,null
2023-09-08T05:47:07Z,25.48,64.65,100,0,35.88,101.58,182.00,1516.00,null,null,null
2023-09-08T05:48:07Z,25.48,64.68,100,0,36.75,101.58,191.00,1528.00,null,null,null
2023-09-08T05:49:07Z,25.45,64.72,100,0,35.98,101.58,196.00,1536.00,null,null,null
2023-09-08T05:50:07Z,25.48,64.73,100,0,37.15,101.58,199.00,1540.00,6,7,7
2023-09-08T05:51:07Z,25.48,64.71,100,0,37.50,101.58,199.00,1540.00,null,null,null
2023-09-08T05:52:07Z,25.48,64.73,100,0,32.84,101.58,203.00,1544.00,null,null,null
2023-09-08T05:53:07Z,25.48,64.74,100,0,34.34,101.58,203.00,1544.00,null,null,null
2023-09-08T05:54:07Z,25.44,64.67,100,0,38.44,101.59,203.00,1544.00,null,null,null
2023-09-08T05:55:07Z,25.45,64.70,100,0,37.70,101.59,203.00,1544.00,6,11,11
2023-09-08T05:56:07Z,25.45,64.85,100,0,39.89,101.59,199.00,1540.00,null,null,null
2023-09-08T05:57:07Z,25.47,64.74,100,0,40.15,101.59,196.00,1536.00,null,null,null
2023-09-08T05:58:07Z,25.47,64.61,100,0,38.71,101.59,196.00,1536.00,null,null,null
2023-09-08T05:59:07Z,25.44,64.75,100,0,43.42,101.59,193.00,1532.00,null,null,null
2023-09-08T06:00:07Z,25.44,64.69,100,0,35.59,101.59,187.00,1524.00,8,8,8
2023-09-08T06:01:07Z,25.47,64.62,100,0,37.79,101.59,185.00,1520.00,null,null,null
2023-09-08T06:02:07Z,25.42,64.58,100,0,36.92,101.59,185.00,1520.00,null,null,null
2023-09-08T06:03:07Z,25.44,64.56,100,0,33.87,101.59,182.00,1516.00,null,null,null
2023-09-08T06:04:07Z,25.42,64.54,100,0,34.34,101.59,187.00,1524.00,null,null,null
2023-09-08T06:05:07Z,25.42,64.58,100,0,36.06,101.59,193.00,1532.00,6,12,12
2023-09-08T06:06:07Z,25.44,64.68,100,0,37.51,101.59,193.00,1532.00,null,null,null
2023-09-08T06:07:07Z,25.44,64.61,100,0,35.23,101.59,199.00,1540.00,null,null,null
2023-09-08T06:08:07Z,25.44,64.65,100,0,41.58,101.59,199.00,1540.00,null,null,null
2023-09-08T06:09:07Z,25.42,64.74,100,0,35.35,101.59,199.00,1540.00,null,null,null
2023-09-08T06:10:07Z,25.39,64.76,100,0,38.70,101.59,203.00,1544.00,5,8,8
2023-09-08T06:11:07Z,25.41,64.79,100,0,35.40,101.59,196.00,1536.00,null,null,null
2023-09-08T06:12:07Z,25.42,64.76,100,0,38.37,101.60,199.00,1540.00,null,null,null
2023-09-08T06:13:07Z,25.42,64.79,100,0,38.32,101.60,196.00,1536.00,null,null,null
2023-09-08T06:14:07Z,25.39,64.89,100,0,34.33,101.60,196.00,1536.00,null,null,null
2023-09-08T06:15:07Z,25.41,64.90,100,0,39.63,101.59,193.00,1532.00,11,12,12
2023-09-08T06:16:07Z,25.41,64.92,100,0,33.72,101.60,191.00,1528.00,null,null,null
2023-09-08T06:17:07Z,25.44,64.77,100,0,32.87,101.60,191.00,1528.00,null,null,null
2023-09-08T06:18:07Z,25.38,64.78,100,0,40.55,101.60,187.00,1524.00,null,null,null
2023-09-08T06:19:07Z,25.39,64.81,100,0,37.53,101.60,185.00,1520.00,null,null,null
2023-09-08T06:20:07Z,25.42,64.80,100,0,39.04,101.60,182.00,1516.00,4,9,9
2023-09-08T06:21:07Z,25.39,64.75,100,0,36.38,101.60,179.00,1512.00,null,null,null
2023-09-08T06:22:07Z,25.41,64.71,100,0,36.94,101.61,182.00,1516.00,null,null,null
2023-09-08T06:23:07Z,25.42,64.78,100,0,33.62,101.61,182.00,1516.00,null,null,null
2023-09-08T06:24:07Z,25.41,64.67,100,0,32.77,101.60,177.00,1507.00,null,null,null
2023-09-08T06:25:07Z,25.41,64.71,100,0,36.84,101.61,177.00,1507.00,7,10,10
2023-09-08T06:26:07Z,25.42,64.68,100,0,38.31,101.61,174.00,1503.00,null,null,null
2023-09-08T06:27:07Z,25.41,64.71,100,0,31.16,101.61,172.00,1500.00,null,null,null
2023-09-08T06:28:07Z,25.44,64.70,100,0,34.60,101.61,174.00,1503.00,null,null,null
2023-09-08T06:29:07Z,25.39,64.68,100,0,37.06,101.61,174.00,1503.00,null,null,null
2023-09-08T06:30:07Z,25.39,64.69,100,0,34.14,101.61,177.00,1507.00,7,10,10
2023-09-08T06:31:07Z,25.41,64.58,100,0,34.24,101.62,172.00,1500.00,null,null,null
2023-09-08T06:32:07Z,25.42,64.63,100,0,39.10,101.61,174.00,1503.00,null,null,null
2023-09-08T06:33:07Z,25.41,64.65,100,0,36.55,101.62,172.00,1500.00,null,null,null
2023-09-08T06:34:07Z,25.39,64.61,100,0,38.43,101.62,172.00,1500.00,null,null,null
2023-09-08T06:35:07Z,25.38,64.59,100,0,null,101.61,168.00,1495.00,8,10,17
2023-09-08T06:36:07Z,25.38,64.56,100,0,34.07,101.62,166.00,1495.00,null,null,null
2023-09-08T06:37:07Z,25.42,64.59,100,0,35.66,101.61,166.00,1495.00,null,null,null
2023-09-08T06:38:07Z,25.41,64.59,100,0,39.95,101.61,185.00,1520.00,null,null,null
2023-09-08T06:39:07Z,25.42,64.51,100,0,35.34,101.61,203.00,1544.00,null,null,null
2023-09-08T06:40:07Z,25.38,64.44,100,0,38.03,101.61,221.00,1569.00,7,7,7
2023-09-08T06:41:07Z,25.41,64.65,100,0,38.25,101.62,228.00,1579.00,null,null,null
2023-09-08T06:42:07Z,25.41,64.60,100,0,38.70,101.61,258.00,1614.00,null,null,null
2023-09-08T06:43:07Z,25.41,64.61,100,0,36.16,101.61,283.00,1641.00,null,null,null
2023-09-08T06:44:07Z,25.42,64.54,100,0,34.84,101.62,299.00,1660.00,null,null,null
2023-09-08T06:45:07Z,25.39,64.69,100,0,35.00,101.61,308.00,1669.00,7,7,7
2023-09-08T06:46:07Z,25.41,64.68,100,0,34.15,101.61,313.00,1674.00,null,null,null
2023-09-08T06:47:07Z,25.42,64.56,100,0,34.25,101.61,318.00,1678.00,null,null,null
2023-09-08T06:48:07Z,25.42,64.55,100,0,38.62,101.62,344.00,1704.00,null,null,null
2023-09-08T06:49:07Z,25.42,64.63,100,0,33.30,101.61,364.00,1726.00,null,null,null
2023-09-08T06:50:07Z,25.41,64.63,100,0,33.79,101.61,374.00,1736.00,8,12,27
2023-09-08T06:51:07Z,25.42,64.64,100,0,37.05,101.61,379.00,1739.00,null,null,null
2023-09-08T06:52:07Z,25.42,64.68,100,0,34.04,101.62,386.00,1746.00,null,null,null
2023-09-08T06:53:07Z,25.41,64.67,100,0,35.73,101.61,386.00,1746.00,null,null,null
2023-09-08T06:54:07Z,25.42,64.61,100,0,40.23,101.61,379.00,1739.00,null,null,null
2023-09-08T06:55:07Z,25.41,64.63,100,0,35.94,101.61,374.00,1736.00,5,7,7
2023-09-08T06:56:07Z,25.42,64.69,100,0,32.55,101.61,369.00,1731.00,null,null,null
2023-09-08T06:57:07Z,25.42,64.66,100,0,36.60,101.61,364.00,1726.00,null,null,null
2023-09-08T06:58:07Z,25.45,64.71,100,0,34.52,101.61,357.00,1720.00,null,null,null
2023-09-08T06:59:07Z,25.41,64.71,100,0,35.33,101.61,348.00,1709.00,null,null,null
2023-09-08T07:00:07Z,25.42,64.70,100,0,39.03,101.62,344.00,1704.00,9,9,9
2023-09-08T07:01:07Z,25.41,65.00,100,0,36.81,101.62,332.00,1694.00,null,null,null
2023-09-08T07:02:07Z,25.41,64.93,100,0,34.72,101.63,323.00,1685.00,null,null,null
2023-09-08T07:03:07Z,25.42,64.87,100,0,32.60,101.62,313.00,1674.00,null,null,null
2023-09-08T07:04:07Z,25.42,64.83,100,0,34.20,101.63,304.00,1665.00,null,null,null
2023-09-08T07:05:07Z,25.39,64.82,100,0,34.30,101.63,299.00,1660.00,4,4,4
2023-09-08T07:06:07Z,25.41,64.91,100,0,37.91,101.63,291.00,1651.00,null,null,null
2023-09-08T07:07:07Z,25.42,64.79,100,0,34.74,101.63,285.00,1644.00,null,null,null
2023-09-08T07:08:07Z,25.45,64.75,100,0,34.43,101.63,279.00,1637.00,null,null,null
2023-09-08T07:09:07Z,25.44,64.80,100,0,36.86,101.63,269.00,1627.00,null,null,null
2023-09-08T07:10:07Z,25.39,64.84,100,0,34.00,101.62,265.00,1623.00,5,7,7
2023-09-08T07:11:07Z,25.41,64.78,100,0,34.04,101.62,258.00,1614.00,null,null,null
2023-09-08T07:12:07Z,25.42,64.76,100,0,35.44,101.62,254.00,1610.00,null,null,null
2023-09-08T07:13:07Z,25.42,64.76,100,0,35.84,101.62,246.00,1601.00,null,null,null
2023-09-08T07:14:07Z,25.39,64.74,100,0,35.80,101.63,238.00,1592.00,null,null,null
2023-09-08T07:15:07Z,25.41,64.75,100,0,40.17,101.63,235.00,1588.00,9,10,10
2023-09-08T07:16:07Z,25.41,64.72,100,0,36.49,101.63,228.00,1579.00,null,null,null
2023-09-08T07:17:07Z,25.39,64.63,100,0,36.74,101.63,221.00,1569.00,null,null,null
2023-09-08T07:18:07Z,25.41,64.62,100,0,39.31,101.63,218.00,1564.00,null,null,null
2023-09-08T07:19:07Z,25.37,64.71,100,0,35.03,101.62,212.00,1557.00,null,null,null
2023-09-08T07:20:07Z,25.38,64.90,100,0,39.23,101.62,206.00,1548.00,9,10,10
2023-09-08T07:21:07Z,25.37,64.96,100,0,32.24,101.61,199.00,1540.00,null,null,null
2023-09-08T07:22:07Z,25.39,64.97,100,0,35.74,101.62,193.00,1532.00,null,null,null
2023-09-08T07:23:07Z,25.38,64.92,100,0,38.21,101.62,193.00,1532.00,null,null,null
2023-09-08T07:24:07Z,25.37,64.94,100,0,34.52,101.62,212.00,1557.00,null,null,null
2023-09-08T07:25:07Z,25.37,64.99,100,0,40.25,101.63,225.00,1573.00,6,8,8
2023-09-08T07:26:07Z,25.39,65.03,100,0,38.21,101.62,235.00,1588.00,null,null,null
2023-09-08T07:27:07Z,25.39,65.00,100,0,39.73,101.62,249.00,1606.00,null,null,null
2023-09-08T07:28:07Z,25.38,64.98,100,0,38.38,101.62,262.00,1618.00,null,null,null
2023-09-08T07:29:07Z,25.38,65.00,100,0,36.78,101.62,269.00,1627.00,null,null,null
2023-09-08T07:30:07Z,25.37,65.08,100,0,35.31,101.62,279.00,1637.00,9,10,10
2023-09-08T07:31:07Z,25.37,65.04,100,0,34.22,101.62,283.00,1641.00,null,null,null
2023-09-08T07:32:07Z,25.37,65.03,100,0,36.95,101.62,291.00,1651.00,null,null,null
2023-09-08T07:33:07Z,25.39,64.97,100,0,33.58,101.62,291.00,1651.00,null,null,null
2023-09-08T07:34:07Z,25.39,65.00,100,0,39.97,101.62,295.00,1656.00,null,null,null
2023-09-08T07:35:07Z,25.37,65.03,100,0,34.82,101.63,299.00,1660.00,8,8,8
2023-09-08T07:36:07Z,25.39,65.05,100,0,37.89,101.63,299.00,1660.00,null,null,null
2023-09-08T07:37:07Z,25.37,65.26,100,0,37.48,101.63,295.00,1656.00,null,null,null
2023-09-08T07:38:07Z,25.41,65.04,100,0,45.09,101.63,292.00,1652.00,null,null,null
2023-09-08T07:39:07Z,25.44,65.19,100,0,42.21,101.63,295.00,1656.00,null,null,null
2023-09-08T07:40:07Z,25.38,65.17,100,0,36.77,101.63,291.00,1651.00,8,12,12
2023-09-08T07:41:07Z,25.42,65.22,100,0,31.64,101.64,285.00,1644.00,null,null,null
2023-09-08T07:42:07Z,25.44,65.28,100,0,49.43,101.64,279.00,1637.00,null,null,null
2023-09-08T07:43:07Z,25.45,65.20,100,0,51.96,101.64,266.00,1624.00,null,null,null
2023-09-08T07:44:07Z,25.47,65.19,100,0,64.99,101.64,265.00,1623.00,null,null,null
2023-09-08T07:45:07Z,25.47,65.18,100,0,50.16,101.64,258.00,1614.00,13,14,14
2023-09-08T07:46:07Z,25.47,65.14,100,0,38.88,101.63,254.00,1610.00,null,null,null
2023-09-08T07:47:07Z,25.47,65.05,100,0,32.91,101.64,249.00,1606.00,null,null,null
2023-09-08T07:48:07Z,25.47,65.03,100,0,56.09,101.64,242.00,1597.00,null,null,null
2023-09-08T07:49:07Z,25.47,65.07,100,0,32.81,101.64,235.00,1588.00,null,null,null
2023-09-08T07:50:07Z,25.48,65.13,100,0,36.89,101.64,231.00,1583.00,8,12,12
2023-09-08T07:51:07Z,25.48,65.09,100,0,40.18,101.64,225.00,1573.00,null,null,null
2023-09-08T07:52:07Z,25.48,65.02,100,0,39.57,101.64,221.00,1569.00,null,null,null
2023-09-08T07:53:07Z,25.51,65.01,100,0,38.46,101.64,218.00,1564.00,null,null,null
2023-09-08T07:54:07Z,25.48,64.97,100,0,39.82,101.63,212.00,1557.00,null,null,null
2023-09-08T07:55:07Z,25.48,64.94,100,0,36.05,101.63,209.00,1553.00,7,7,7
2023-09-08T07:56:07Z,25.51,64.96,100,0,46.04,101.63,203.00,1544.00,null,null,null
2023-09-08T07:57:07Z,25.52,64.99,100,0,43.25,101.63,199.00,1540.00,null,null,null
2023-09-08T07:58:07Z,25.51,65.10,100,0,38.98,101.64,193.00,1532.00,null,null,null
2023-09-08T07:59:07Z,25.51,65.17,100,0,33.38,101.63,193.00,1532.00,null,null,null
2023-09-08T08:00:07Z,25.51,65.21,100,0,42.30,101.64,191.00,1528.00,11,20,20
2023-09-08T08:01:07Z,25.52,65.10,100,0,43.04,101.64,187.00,1524.00,null,null,null
2023-09-08T08:02:07Z,25.55,65.00,100,0,41.29,101.64,185.00,1520.00,null,null,null
2023-09-08T08:03:07Z,25.54,64.98,100,0,42.26,101.64,179.00,1512.00,null,null,null
2023-09-08T08:04:07Z,25.52,64.92,100,0,41.46,101.65,174.00,1503.00,null,null,null
2023-09-08T08:05:07Z,25.52,64.90,100,0,38.51,101.65,169.00,1496.00,6,7,7
2023-09-08T08:06:07Z,25.55,64.92,100,0,40.02,101.66,164.00,1478.00,null,null,null
2023-09-08T08:07:07Z,25.54,64.82,100,0,35.81,101.65,158.00,1441.00,null,null,null
2023-09-08T08:08:07Z,25.49,64.89,100,0,34.77,101.65,153.00,1408.00,null,null,null
2023-09-08T08:09:07Z,25.51,64.84,100,0,36.20,101.65,151.00,1393.00,null,null,null
2023-09-08T08:10:07Z,25.49,64.89,100,0,34.54,101.65,146.00,1360.00,6,6,6
2023-09-08T08:11:07Z,25.49,64.76,100,0,36.93,101.65,143.00,1345.00,null,null,null
2023-09-08T08:12:07Z,25.48,64.78,100,0,37.65,101.65,140.00,1321.00,null,null,null
2023-09-08T08:13:07Z,25.48,64.80,100,0,39.24,101.64,142.00,1338.00,null,null,null
2023-09-08T08:14:07Z,25.47,64.79,100,0,33.85,101.64,138.00,1310.00,null,null,null
2023-09-08T08:15:07Z,25.47,64.93,100,0,48.35,101.64,135.00,1291.00,9,9,9
2023-09-08T08:16:07Z,25.44,65.14,100,0,57.78,101.64,135.00,1291.00,null,null,null
2023-09-08T08:17:07Z,25.49,65.29,100,0,37.88,101.64,135.00,1291.00,null,null,null
2023-09-08T08:18:07Z,25.48,65.26,100,0,39.43,101.64,136.00,1299.00,null,null,null
2023-09-08T08:19:07Z,25.48,65.30,100,0,37.76,101.64,136.00,1299.00,null,null,null
2023-09-08T08:20:07Z,25.45,65.34,100,0,38.20,101.64,138.00,1310.00,18,20,20
2023-09-08T08:21:07Z,25.47,65.38,100,0,35.45,101.64,140.00,1324.00,null,null,null
2023-09-08T08:22:07Z,25.51,65.38,100,0,46.84,101.64,140.00,1324.00,null,null,null
2023-09-08T08:23:07Z,25.47,65.36,100,0,38.33,101.64,138.00,1310.00,null,null,null
2023-09-08T08:24:07Z,25.51,65.39,100,0,34.32,101.64,140.00,1324.00,null,null,null
2023-09-08T08:25:07Z,25.48,65.57,100,0,34.84,101.64,136.00,1299.00,7,7,7
2023-09-08T08:26:07Z,25.54,65.54,100,0,34.71,101.64,134.00,1281.00,null,null,null
2023-09-08T08:27:07Z,25.51,65.50,100,0,35.65,101.65,136.00,1299.00,null,null,null
2023-09-08T08:28:07Z,25.55,65.39,100,0,36.56,101.64,136.00,1299.00,null,null,null
2023-09-08T08:29:07Z,25.54,65.35,100,0,38.13,101.65,134.00,1281.00,null,null,null
2023-09-08T08:30:07Z,25.54,65.33,100,0,42.29,101.65,131.00,1266.00,9,9,9
2023-09-08T08:31:07Z,25.57,65.28,100,0,37.79,101.64,130.00,1255.00,null,null,null
2023-09-08T08:32:07Z,25.55,65.21,100,0,38.94,101.65,128.00,1242.00,null,null,null
2023-09-08T08:33:07Z,25.57,65.21,100,0,57.27,101.65,127.00,1235.00,null,null,null
2023-09-08T08:34:07Z,25.55,65.20,100,0,39.40,101.65,122.00,1207.00,null,null,null
2023-09-08T08:35:07Z,25.54,65.06,100,0,36.92,101.65,118.00,1181.00,14,14,14
2023-09-08T08:36:07Z,25.55,65.01,100,0,56.66,101.65,115.00,1156.00,null,null,null
2023-09-08T08:37:07Z,25.55,65.06,100,0,40.53,101.65,111.00,1131.00,null,null,null
2023-09-08T08:38:07Z,25.58,65.10,100,0,57.52,101.65,106.00,1102.00,null,null,null
2023-09-08T08:39:07Z,25.57,64.73,100,0,43.33,101.65,103.00,1077.00,null,null,null
2023-09-08T08:40:07Z,25.55,64.73,100,0,40.78,101.64,94.00,1019.00,11,16,16
2023-09-08T08:41:07Z,25.59,64.65,100,0,42.26,101.64,88.00,981.00,null,null,null
2023-09-08T08:42:07Z,25.55,64.70,100,0,44.45,101.64,85.00,964.00,null,null,null
2023-09-08T08:43:07Z,25.57,64.98,100,0,60.69,101.64,82.00,942.00,null,null,null
2023-09-08T08:44:07Z,25.54,64.85,100,0,38.85,101.64,78.00,913.00,null,null,null
2023-09-08T08:45:07Z,25.51,64.56,100,0,40.02,101.64,73.00,885.00,9,12,12
2023-09-08T08:46:07Z,25.58,64.49,100,0,40.43,101.65,70.00,863.00,null,null,null
2023-09-08T08:47:07Z,25.54,64.04,100,0,39.58,101.64,66.00,838.00,null,null,null
2023-09-08T08:48:07Z,25.55,64.23,100,0,38.89,101.65,68.00,848.00,null,null,null
2023-09-08T08:49:07Z,25.52,64.16,100,0,36.37,101.65,69.00,857.00,null,null,null
2023-09-08T08:50:07Z,25.54,64.37,100,0,37.70,101.65,71.00,868.00,15,23,23
2023-09-08T08:51:07Z,25.55,64.44,100,0,36.60,101.65,69.00,853.00,null,null,null
2023-09-08T08:52:07Z,25.55,64.09,100,0,37.79,101.65,70.00,863.00,null,null,null
2023-09-08T08:53:07Z,25.52,63.82,100,0,37.78,101.65,66.00,836.00,null,null,null
2023-09-08T08:54:07Z,25.54,63.86,100,0,37.92,101.65,59.00,793.00,null,null,null
2023-09-08T08:55:07Z,25.48,64.07,100,0,36.95,101.65,56.00,772.00,13,19,19
2023-09-08T08:56:07Z,25.51,64.26,100,0,41.31,101.65,53.00,754.00,null,null,null
2023-09-08T08:57:07Z,25.52,64.16,100,0,36.74,101.65,52.00,744.00,null,null,null
2023-09-08T08:58:07Z,25.51,64.43,100,0,34.27,101.66,48.00,719.00,null,null,null
2023-09-08T08:59:07Z,25.51,64.25,100,0,37.55,101.65,46.00,708.00,null,null,null
2023-09-08T09:00:07Z,25.51,64.13,100,0,36.61,101.65,44.00,692.00,17,19,19
2023-09-08T09:01:07Z,25.52,64.21,100,0,44.50,101.65,45.00,697.00,null,null,null
2023-09-08T09:02:07Z,25.48,64.36,100,0,33.56,101.65,43.00,686.00,null,null,null
2023-09-08T09:03:07Z,25.51,64.49,100,0,40.92,101.65,41.00,674.00,null,null,null
2023-09-08T09:04:07Z,25.52,64.50,100,0,39.04,101.65,41.00,674.00,null,null,null
2023-09-08T09:05:07Z,25.55,64.49,100,0,40.27,101.65,41.00,674.00,3,4,4
2023-09-08T09:06:07Z,25.54,64.34,100,0,40.71,101.65,40.00,668.00,null,null,null
2023-09-08T09:07:07Z,25.51,64.22,100,0,39.33,101.65,39.00,659.00,null,null,null
2023-09-08T09:08:07Z,25.52,64.71,100,0,42.00,101.65,36.00,641.00,null,null,null
2023-09-08T09:09:07Z,25.52,64.77,100,0,33.89,101.66,33.00,620.00,null,null,null
2023-09-08T09:10:07Z,25.49,64.92,100,0,45.29,101.66,31.00,605.00,12,13,13
2023-09-08T09:11:07Z,25.54,64.95,100,0,35.66,101.66,31.00,605.00,null,null,null
2023-09-08T09:12:07Z,25.58,64.90,100,0,52.96,101.66,32.00,614.00,null,null,null
2023-09-08T09:13:07Z,25.49,64.81,100,0,36.98,101.66,32.00,614.00,null,null,null
2023-09-08T09:14:07Z,25.51,64.68,100,0,37.68,101.66,32.00,614.00,null,null,null
2023-09-08T09:15:07Z,25.55,65.16,100,0,41.44,101.66,31.00,607.00,17,17,17
2023-09-08T09:16:07Z,25.52,65.05,100,0,36.48,101.66,27.00,581.00,null,null,null
2023-09-08T09:17:07Z,25.54,65.54,100,0,39.19,101.66,28.00,589.00,null,null,null
2023-09-08T09:18:07Z,25.58,65.39,100,0,59.50,101.66,28.00,589.00,null,null,null
2023-09-08T09:19:07Z,25.55,65.75,100,0,38.93,101.66,31.00,607.00,null,null,null
2023-09-08T09:20:07Z,25.57,65.73,100,0,35.92,101.66,41.00,672.00,10,17,33
2023-09-08T09:21:07Z,25.58,65.47,100,0,39.75,101.66,46.00,708.00,null,null,null
2023-09-08T09:22:07Z,25.59,65.16,100,0,36.70,101.66,45.00,699.00,null,null,null
2023-09-08T09:23:07Z,25.58,65.50,100,0,38.30,101.66,46.00,704.00,null,null,null
2023-09-08T09:24:07Z,25.58,65.48,100,0,40.99,101.66,49.00,726.00,null,null,null
2023-09-08T09:25:07Z,25.57,65.69,100,0,37.68,101.66,50.00,733.00,10,16,16
2023-09-08T09:26:07Z,25.59,65.79,100,0,40.22,101.66,49.00,726.00,null,null,null
2023-09-08T09:27:07Z,25.58,65.79,100,0,36.26,101.66,50.00,732.00,null,null,null
2023-09-08T09:28:07Z,25.58,65.76,100,0,39.23,101.66,53.00,752.00,null,null,null
2023-09-08T09:29:07Z,25.58,65.52,100,0,40.83,101.66,52.00,744.00,null,null,null
2023-09-08T09:30:07Z,25.59,65.32,100,0,38.33,101.66,49.00,726.00,16,19,19
2023-09-08T09:31:07Z,25.58,65.39,100,0,38.95,101.66,45.00,699.00,null,null,null
2023-09-08T09:32:07Z,25.62,65.12,100,0,39.36,101.66,43.00,683.00,null,null,null
2023-09-08T09:33:07Z,25.59,65.21,100,0,36.99,101.66,40.00,666.00,null,null,null
2023-09-08T09:34:07Z,25.59,65.43,100,0,60.26,101.66,40.00,666.00,null,null,null
2023-09-08T09:35:07Z,25.58,65.50,100,0,58.91,101.66,39.00,659.00,7,12,12
2023-09-08T09:36:07Z,25.58,65.63,100,0,60.27,101.66,40.00,668.00,null,null,null
2023-09-08T09:37:07Z,25.62,65.75,100,0,38.05,101.66,46.00,708.00,null,null,null
2023-09-08T09:38:07Z,25.61,66.04,100,0,40.90,101.66,52.00,744.00,null,null,null
2023-09-08T09:39:07Z,25.61,66.84,100,0,42.23,101.66,58.00,783.00,null,null,null
2023-09-08T09:40:07Z,25.65,67.00,100,0,41.86,101.66,58.00,785.00,11,21,21
2023-09-08T09:41:07Z,25.64,66.92,100,0,33.79,101.66,62.00,813.00,null,null,null
2023-09-08T09:42:07Z,25.65,66.73,100,0,37.01,101.66,67.00,840.00,null,null,null
2023-09-08T09:43:07Z,25.64,66.83,100,0,31.33,101.66,73.00,880.00,null,null,null
2023-09-08T09:44:07Z,25.64,66.71,100,0,31.59,101.66,73.00,882.00,null,null,null
2023-09-08T09:45:07Z,25.65,66.71,100,0,30.19,101.66,79.00,920.00,16,25,31
2023-09-08T09:46:07Z,25.69,66.70,100,0,32.45,101.66,82.00,942.00,null,null,null
2023-09-08T09:47:07Z,25.68,66.69,100,0,35.17,101.66,86.00,970.00,null,null,null
2023-09-08T09:48:07Z,25.68,66.63,100,0,30.21,101.66,89.00,987.00,null,null,null
2023-09-08T09:49:07Z,25.67,66.69,100,0,31.44,101.66,93.00,1014.00,null,null,null
2023-09-08T09:50:07Z,25.69,66.64,100,0,32.65,101.66,94.00,1019.00,18,21,39
2023-09-08T09:51:07Z,25.69,66.57,100,0,30.96,101.66,99.00,1050.00,null,null,null
2023-09-08T09:52:07Z,25.71,66.57,100,0,32.51,101.66,101.00,1068.00,null,null,null
2023-09-08T09:53:07Z,25.71,66.51,100,0,29.79,101.66,103.00,1081.00,null,null,null
2023-09-08T09:54:07Z,25.69,66.53,100,0,30.44,101.67,107.00,1107.00,null,null,null
2023-09-08T09:55:07Z,25.71,66.49,100,0,30.71,101.66,107.00,1107.00,13,19,19
2023-09-08T09:56:07Z,25.74,66.52,100,0,34.58,101.67,109.00,1122.00,null,null,null
2023-09-08T09:57:07Z,25.72,66.48,100,0,33.53,101.67,113.00,1147.00,null,null,null
2023-09-08T09:58:07Z,25.75,66.47,100,0,30.29,101.67,113.00,1147.00,null,null,null
2023-09-08T09:59:07Z,25.72,66.43,100,0,32.83,101.67,112.00,1140.00,null,null,null
2023-09-08T10:00:07Z,25.71,66.44,100,0,31.48,101.67,116.00,1163.00,13,17,17
2023-09-08T10:01:07Z,25.77,66.39,100,0,32.01,101.67,120.00,1191.00,null,null,null
2023-09-08T10:02:07Z,25.77,66.37,100,0,30.46,101.67,117.00,1174.00,null,null,null
2023-09-08T10:03:07Z,25.74,66.36,100,0,30.52,101.67,120.00,1188.00,null,null,null
2023-09-08T10:04:07Z,25.78,66.42,100,0,30.23,101.66,122.00,1204.00,null,null,null
2023-09-08T10:05:07Z,25.75,66.45,100,0,30.89,101.66,122.00,1201.00,12,12,12
2023-09-08T10:06:07Z,25.74,66.44,100,0,34.29,101.67,122.00,1201.00,null,null,null
2023-09-08T10:07:07Z,25.78,66.38,100,0,29.21,101.66,124.00,1215.00,null,null,null
2023-09-08T10:08:07Z,25.75,66.40,100,0,32.14,101.66,124.00,1215.00,null,null,null
2023-09-08T10:09:07Z,25.77,66.39,100,0,31.92,101.66,124.00,1215.00,null,null,null
2023-09-08T10:10:07Z,25.74,66.40,100,0,32.48,101.66,124.00,1215.00,11,18,18
2023-09-08T10:11:07Z,25.81,66.42,100,0,32.72,101.66,128.00,1242.00,null,null,null
2023-09-08T10:12:07Z,25.81,66.35,100,0,30.21,101.66,127.00,1238.00,null,null,null
2023-09-08T10:13:07Z,25.79,66.35,100,0,30.12,101.66,127.00,1238.00,null,null,null
2023-09-08T10:14:07Z,25.78,66.38,100,0,31.45,101.67,127.00,1238.00,null,null,null
2023-09-08T10:15:07Z,25.81,66.37,100,0,30.95,101.66,127.00,1238.00,12,16,16
2023-09-08T10:16:07Z,25.81,66.38,100,0,29.42,101.66,127.00,1238.00,null,null,null
2023-09-08T10:17:07Z,25.82,66.37,100,0,37.43,101.66,129.00,1252.00,null,null,null
2023-09-08T10:18:07Z,25.81,66.36,100,0,31.39,101.67,129.00,1252.00,null,null,null
2023-09-08T10:19:07Z,25.81,66.33,100,0,31.52,101.66,129.00,1252.00,null,null,null
2023-09-08T10:20:07Z,25.81,66.37,100,0,29.96,101.66,129.00,1252.00,15,18,25
2023-09-08T10:21:07Z,25.85,66.40,100,0,31.13,101.66,129.00,1252.00,null,null,null
2023-09-08T10:22:07Z,25.82,66.32,100,0,30.91,101.66,129.00,1252.00,null,null,null
2023-09-08T10:23:07Z,25.82,66.39,100,0,31.62,101.66,129.00,1252.00,null,null,null
2023-09-08T10:24:07Z,25.85,66.37,100,0,29.38,101.66,129.00,1252.00,null,null,null
2023-09-08T10:25:07Z,25.82,66.37,100,0,35.98,101.66,129.00,1252.00,12,18,18
2023-09-08T10:26:07Z,25.85,66.44,100,0,31.11,101.66,129.00,1252.00,null,null,null
2023-09-08T10:27:07Z,25.88,66.38,100,0,30.28,101.66,129.00,1252.00,null,null,null
2023-09-08T10:28:07Z,25.88,66.38,100,0,29.53,101.66,129.00,1252.00,null,null,null
2023-09-08T10:29:07Z,25.82,66.35,100,0,30.63,101.66,129.00,1252.00,null,null,null
2023-09-08T10:30:07Z,25.84,66.40,100,0,29.25,101.66,129.00,1252.00,11,15,30
2023-09-08T10:31:07Z,25.88,66.40,100,0,34.63,101.66,129.00,1252.00,null,null,null
2023-09-08T10:32:07Z,25.86,66.35,100,0,29.22,101.66,129.00,1252.00,null,null,null
2023-09-08T10:33:07Z,25.85,66.37,100,0,30.54,101.67,129.00,1252.00,null,null,null
2023-09-08T10:34:07Z,25.88,66.39,100,0,29.90,101.66,129.00,1252.00,null,null,null
2023-09-08T10:35:07Z,25.85,66.44,100,0,31.65,101.66,129.00,1252.00,10,17,17
2023-09-08T10:36:07Z,25.86,66.45,100,0,29.77,101.66,129.00,1252.00,null,null,null
2023-09-08T10:37:07Z,25.88,66.33,100,0,32.51,101.66,129.00,1252.00,null,null,null
2023-09-08T10:38:07Z,25.88,66.39,100,0,30.58,101.67,129.00,1252.00,null,null,null
2023-09-08T10:39:07Z,25.89,66.35,100,0,30.82,101.66,129.00,1252.00,null,null,null
2023-09-08T10:40:07Z,25.88,66.44,100,0,31.88,101.66,127.00,1238.00,7,9,9
2023-09-08T10:41:07Z,25.89,66.44,100,0,31.64,101.66,129.00,1252.00,null,null,null
2023-09-08T10:42:07Z,25.89,66.38,100,0,30.89,101.66,129.00,1252.00,null,null,null
2023-09-08T10:43:07Z,25.92,66.39,100,0,33.30,101.65,129.00,1252.00,null,null,null
2023-09-08T10:44:07Z,25.90,66.36,100,0,31.72,101.65,129.00,1252.00,null,null,null
2023-09-08T10:45:07Z,25.90,66.41,100,0,30.47,101.66,129.00,1252.00,9,13,13
2023-09-08T10:46:07Z,25.92,66.44,100,0,30.79,101.65,127.00,1238.00,null,null,null
2023-09-08T10:47:07Z,25.93,66.38,100,0,30.34,101.65,127.00,1238.00,null,null,null
2023-09-08T10:48:07Z,25.93,66.39,100,0,30.14,101.65,127.00,1238.00,null,null,null
2023-09-08T10:49:07Z,25.90,66.37,100,0,31.99,101.65,127.00,1238.00,null,null,null
2023-09-08T10:50:07Z,25.93,66.41,100,0,30.79,101.65,124.00,1215.00,8,10,17
2023-09-08T10:51:07Z,25.93,66.41,100,0,30.91,101.65,127.00,1238.00,null,null,null
2023-09-08T10:52:07Z,25.95,66.37,100,0,32.15,101.65,127.00,1238.00,null,null,null
2023-09-08T10:53:07Z,25.90,66.38,100,0,30.71,101.65,127.00,1238.00,null,null,null
2023-09-08T10:54:07Z,25.95,66.39,100,0,31.62,101.65,124.00,1215.00,null,null,null
2023-09-08T10:55:07Z,25.92,66.42,100,0,29.51,101.65,124.00,1215.00,8,18,18
2023-09-08T10:56:07Z,25.93,66.43,100,0,29.90,101.65,124.00,1215.00,null,null,null
2023-09-08T10:57:07Z,25.95,66.38,100,0,33.28,101.65,124.00,1215.00,null,null,null
2023-09-08T10:58:07Z,25.96,66.35,100,0,30.96,101.65,124.00,1215.00,null,null,null
2023-09-08T10:59:07Z,25.93,66.40,100,0,29.86,101.65,124.00,1215.00,null,null,null
2023-09-08T11:00:07Z,25.96,66.43,100,0,32.95,101.65,122.00,1201.00,11,17,29
2023-09-08T11:01:07Z,25.96,66.44,100,0,32.26,101.65,124.00,1215.00,null,null,null
2023-09-08T11:02:07Z,25.98,66.37,100,0,30.51,101.65,124.00,1215.00,null,null,null
2023-09-08T11:03:07Z,25.98,66.39,100,0,31.67,101.65,122.00,1201.00,null,null,null
2023-09-08T11:04:07Z,25.99,66.39,100,0,29.03,101.65,122.00,1201.00,null,null,null
2023-09-08T11:05:07Z,25.99,66.44,100,0,29.78,101.65,122.00,1201.00,10,14,14
2023-09-08T11:06:07Z,25.99,66.40,100,0,30.84,101.66,122.00,1201.00,null,null,null
2023-09-08T11:07:07Z,26.02,66.42,100,0,30.11,101.65,122.00,1201.00,null,null,null
2023-09-08T11:08:07Z,25.98,66.41,100,0,30.60,101.66,120.00,1188.00,null,null,null
2023-09-08T11:09:07Z,26.00,66.53,100,0,47.79,101.66,122.00,1201.00,null,null,null
2023-09-08T11:10:07Z,25.99,66.59,100,0,33.13,101.66,120.00,1188.00,20,22,22
2023-09-08T11:11:07Z,26.05,66.55,100,0,36.19,101.66,122.00,1201.00,null,null,null
2023-09-08T11:12:07Z,26.03,66.52,100,0,34.59,101.66,122.00,1201.00,null,null,null
2023-09-08T11:13:07Z,26.05,66.49,100,0,32.72,101.66,120.00,1188.00,null,null,null
2023-09-08T11:14:07Z,26.03,66.53,100,0,31.78,101.65,120.00,1188.00,null,null,null
2023-09-08T11:15:07Z,26.02,66.50,100,0,33.83,101.66,120.00,1188.00,10,10,16
2023-09-08T11:16:07Z,26.03,66.58,100,0,30.75,101.65,117.00,1174.00,null,null,null
2023-09-08T11:17:07Z,26.03,66.51,100,0,34.95,101.65,120.00,1188.00,null,null,null
2023-09-08T11:18:07Z,26.05,66.55,100,0,31.64,101.65,114.00,1153.00,null,null,null
2023-09-08T11:19:07Z,26.05,66.60,100,0,41.21,101.66,114.00,1153.00,null,null,null
2023-09-08T11:20:07Z,26.02,66.65,100,0,36.04,101.65,112.00,1140.00,18,18,29
2023-09-08T11:21:07Z,26.06,66.70,100,0,30.88,101.65,110.00,1128.00,null,null,null
2023-09-08T11:22:07Z,26.03,66.59,100,0,31.22,101.65,110.00,1128.00,null,null,null
2023-09-08T11:23:07Z,26.06,66.62,100,0,32.74,101.65,109.00,1118.00,null,null,null
2023-09-08T11:24:07Z,26.08,66.61,100,0,30.75,101.65,107.00,1107.00,null,null,null
2023-09-08T11:25:07Z,26.09,66.59,100,0,30.70,101.65,107.00,1107.00,13,14,14
2023-09-08T11:26:07Z,26.12,66.63,100,0,33.28,101.65,104.00,1083.00,null,null,null
2023-09-08T11:27:07Z,26.13,66.57,100,0,33.90,101.65,104.00,1083.00,null,null,null
2023-09-08T11:28:07Z,26.12,66.55,100,0,30.65,101.65,104.00,1083.00,null,null,null
2023-09-08T11:29:07Z,26.10,66.57,100,0,30.42,101.65,102.00,1071.00,null,null,null
2023-09-08T11:30:07Z,26.12,66.58,100,0,29.80,101.65,102.00,1071.00,8,14,14
2023-09-08T11:31:07Z,26.12,66.58,100,0,33.78,101.65,99.00,1056.00,null,null,null
2023-09-08T11:32:07Z,26.13,66.55,100,0,31.36,101.65,99.00,1056.00,null,null,null
2023-09-08T11:33:07Z,26.15,66.66,100,0,39.60,101.65,98.00,1044.00,null,null,null
2023-09-08T11:34:07Z,26.15,66.35,100,0,32.12,101.65,98.00,1044.00,null,null,null
2023-09-08T11:35:07Z,26.13,66.32,100,0,31.03,101.66,99.00,1056.00,7,9,9
2023-09-08T11:36:07Z,26.16,66.37,100,0,36.87,101.66,99.00,1056.00,null,null,null
2023-09-08T11:37:07Z,26.16,66.26,100,0,36.52,101.66,104.00,1083.00,null,null,null
2023-09-08T11:38:07Z,26.19,66.29,100,0,34.85,101.66,105.00,1095.00,null,null,null
2023-09-08T11:39:07Z,26.20,66.30,100,0,38.48,101.66,105.00,1095.00,null,null,null
2023-09-08T11:40:07Z,26.16,66.34,100,0,29.42,101.65,107.00,1107.00,13,13,13
2023-09-08T11:41:07Z,26.18,66.38,100,0,31.61,101.66,105.00,1095.00,null,null,null
2023-09-08T11:42:07Z,26.16,66.28,100,0,37.82,101.66,109.00,1118.00,null,null,null
2023-09-08T11:43:07Z,26.22,66.36,100,0,31.39,101.65,109.00,1118.00,null,null,null
2023-09-08T11:44:07Z,26.18,66.35,100,0,33.66,101.65,109.00,1118.00,null,null,null
2023-09-08T11:45:07Z,26.20,66.39,100,0,32.04,101.65,110.00,1128.00,15,15,15
2023-09-08T11:46:07Z,26.19,66.41,100,0,33.43,101.65,110.00,1128.00,null,null,null
2023-09-08T11:47:07Z,26.22,66.33,100,0,30.46,101.65,112.00,1140.00,null,null,null
2023-09-08T11:48:07Z,26.19,66.38,100,0,35.17,101.65,112.00,1140.00,null,null,null
2023-09-08T11:49:07Z,26.18,66.48,100,0,32.50,101.65,112.00,1140.00,null,null,null
2023-09-08T11:50:07Z,26.18,66.45,100,0,44.69,101.65,112.00,1140.00,9,11,11
2023-09-08T11:51:07Z,26.18,66.49,100,0,30.35,101.65,112.00,1140.00,null,null,null
2023-09-08T11:52:07Z,26.18,66.44,100,0,31.70,101.65,114.00,1153.00,null,null,null
2023-09-08T11:53:07Z,26.18,66.46,100,0,29.93,101.65,114.00,1153.00,null,null,null
2023-09-08T11:54:07Z,26.20,66.50,100,0,35.24,101.64,117.00,1174.00,null,null,null
2023-09-08T11:55:07Z,26.16,66.61,100,0,35.43,101.64,114.00,1153.00,10,12,12
2023-09-08T11:56:07Z,26.19,66.60,100,0,35.47,101.64,120.00,1188.00,null,null,null
2023-09-08T11:57:07Z,26.19,66.53,100,0,31.68,101.65,117.00,1174.00,null,null,null
2023-09-08T11:58:07Z,26.19,66.53,100,0,33.28,101.64,120.00,1188.00,null,null,null
2023-09-08T11:59:07Z,26.18,66.57,100,0,30.78,101.64,120.00,1188.00,null,null,null
2023-09-08T12:00:07Z,26.16,66.59,100,0,32.80,101.64,120.00,1188.00,13,20,20
2023-09-08T12:01:07Z,26.16,66.61,100,0,30.14,101.64,120.00,1188.00,null,null,null
2023-09-08T12:02:07Z,26.16,66.64,100,0,29.90,101.64,122.00,1201.00,null,null,null
2023-09-08T12:03:07Z,26.18,66.62,100,0,33.24,101.64,122.00,1201.00,null,null,null
2023-09-08T12:04:07Z,26.16,66.63,100,0,31.71,101.64,122.00,1201.00,null,null,null
2023-09-08T12:05:07Z,26.15,66.65,100,0,32.35,101.64,124.00,1215.00,11,13,13
2023-09-08T12:06:07Z,26.16,66.70,100,0,30.52,101.64,124.00,1215.00,null,null,null
2023-09-08T12:07:07Z,26.12,66.64,100,0,31.77,101.64,124.00,1215.00,null,null,null
2023-09-08T12:08:07Z,26.18,66.67,100,0,30.77,101.63,124.00,1215.00,null,null,null
2023-09-08T12:09:07Z,26.16,66.65,100,0,29.20,101.62,124.00,1215.00,null,null,null
2023-09-08T12:10:07Z,26.15,66.70,100,0,33.71,101.63,127.00,1238.00,9,15,15
2023-09-08T12:11:07Z,26.15,66.69,100,0,30.38,101.63,127.00,1238.00,null,null,null
2023-09-08T12:12:07Z,26.15,66.65,100,0,30.67,101.63,127.00,1238.00,null,null,null
2023-09-08T12:13:07Z,26.15,66.66,100,0,30.41,101.63,127.00,1238.00,null,null,null
2023-09-08T12:14:07Z,26.13,66.72,100,0,30.96,101.63,127.00,1238.00,null,null,null
2023-09-08T12:15:07Z,26.15,66.72,100,0,29.49,101.63,127.00,1238.00,7,8,8
2023-09-08T12:16:07Z,26.16,66.79,100,0,30.25,101.62,127.00,1238.00,null,null,null
2023-09-08T12:17:07Z,26.15,66.75,100,0,31.42,101.62,126.00,1228.00,null,null,null
2023-09-08T12:18:07Z,26.13,66.70,100,0,30.81,101.62,126.00,1228.00,null,null,null
2023-09-08T12:19:07Z,26.12,66.79,100,0,33.30,101.62,127.00,1238.00,null,null,null
2023-09-08T12:20:07Z,26.13,66.80,100,0,32.79,101.62,126.00,1228.00,12,25,25
2023-09-08T12:21:07Z,26.13,66.80,100,0,30.50,101.62,126.00,1228.00,null,null,null
2023-09-08T12:22:07Z,26.15,66.72,100,0,32.27,101.62,126.00,1228.00,null,null,null
2023-09-08T12:23:07Z,26.15,66.82,100,0,29.81,101.62,127.00,1238.00,null,null,null
2023-09-08T12:24:07Z,26.12,66.82,100,0,30.97,101.62,126.00,1228.00,null,null,null
2023-09-08T12:25:07Z,26.09,66.80,100,0,30.92,101.62,126.00,1228.00,13,18,18
2023-09-08T12:26:07Z,26.13,66.84,100,0,30.49,101.62,126.00,1228.00,null,null,null
2023-09-08T12:27:07Z,26.10,66.80,100,0,31.08,101.62,126.00,1228.00,null,null,null
2023-09-08T12:28:07Z,26.13,66.85,100,0,34.95,101.63,128.00,1242.00,null,null,null
2023-09-08T12:29:07Z,26.13,66.87,100,0,29.95,101.62,126.00,1228.00,null,null,null
2023-09-08T12:30:07Z,26.12,66.85,100,0,29.73,101.62,126.00,1228.00,12,25,43
2023-09-08T12:31:07Z,26.12,66.87,100,0,29.44,101.63,126.00,1228.00,null,null,null
2023-09-08T12:32:07Z,26.15,66.87,100,0,29.01,101.63,126.00,1228.00,null,null,null
2023-09-08T12:33:07Z,26.13,66.87,100,0,29.62,101.62,126.00,1228.00,null,null,null
2023-09-08T12:34:07Z,26.12,66.90,100,0,31.30,101.63,126.00,1228.00,null,null,null
2023-09-08T12:35:07Z,26.12,66.92,100,0,29.71,101.62,126.00,1228.00,12,12,12
2023-09-08T12:36:07Z,26.13,66.95,100,0,29.98,101.62,126.00,1228.00,null,null,null
2023-09-08T12:37:07Z,26.13,66.90,100,0,31.38,101.62,126.00,1228.00,null,null,null
2023-09-08T12:38:07Z,26.12,66.88,100,0,31.48,101.62,126.00,1228.00,null,null,null
2023-09-08T12:39:07Z,26.12,66.91,100,0,29.71,101.62,126.00,1228.00,null,null,null
2023-09-08T12:40:07Z,26.08,66.91,100,0,31.12,101.62,126.00,1228.00,8,9,9
2023-09-08T12:41:07Z,26.10,66.96,100,0,29.56,101.62,126.00,1228.00,null,null,null
2023-09-08T12:42:07Z,26.12,66.87,100,0,34.11,101.62,126.00,1228.00,null,null,null
2023-09-08T12:43:07Z,26.13,66.94,100,0,31.75,101.62,126.00,1228.00,null,null,null
2023-09-08T12:44:07Z,26.10,66.91,100,0,32.45,101.62,126.00,1228.00,null,null,null
2023-09-08T12:45:07Z,26.12,66.98,100,0,30.37,101.62,126.00,1228.00,19,30,30
2023-09-08T12:46:07Z,26.12,67.02,100,0,29.71,101.62,126.00,1228.00,null,null,null
2023-09-08T12:47:07Z,26.12,66.96,100,0,30.05,101.62,126.00,1228.00,null,null,null
2023-09-08T12:48:07Z,26.10,66.97,100,0,29.90,101.61,126.00,1228.00,null,null,null
2023-09-08T12:49:07Z,26.10,67.01,100,0,31.72,101.61,126.00,1228.00,null,null,null
2023-09-08T12:50:07Z,26.12,66.95,100,0,30.39,101.61,126.00,1228.00,13,27,27
2023-09-08T12:51:07Z,26.13,67.01,100,0,32.74,101.61,126.00,1228.00,null,null,null
2023-09-08T12:52:07Z,26.10,67.00,100,0,31.36,101.61,126.00,1228.00,null,null,null
2023-09-08T12:53:07Z,26.12,67.04,100,0,32.47,101.61,122.00,1204.00,null,null,null
2023-09-08T12:54:07Z,26.10,67.03,100,0,29.54,101.61,126.00,1228.00,null,null,null
2023-09-08T12:55:07Z,26.09,67.10,100,0,31.47,101.61,126.00,1228.00,7,9,9
2023-09-08T12:56:07Z,26.12,67.10,100,0,31.35,101.61,126.00,1228.00,null,null,null
2023-09-08T12:57:07Z,26.10,66.96,100,0,30.39,101.61,126.00,1228.00,null,null,null
2023-09-08T12:58:07Z,26.10,66.97,100,0,30.86,101.61,126.00,1228.00,null,null,null
2023-09-08T12:59:07Z,26.12,66.99,100,0,34.39,101.61,126.00,1228.00,null,null,null
2023-09-08T13:00:07Z,26.08,67.12,100,0,29.83,101.60,122.00,1204.00,14,22,22
2023-09-08T13:01:07Z,26.09,67.06,100,0,29.87,101.60,122.00,1204.00,null,null,null
2023-09-08T13:02:07Z,26.08,67.05,100,0,29.11,101.60,122.00,1204.00,null,null,null
2023-09-08T13:03:07Z,26.13,67.06,100,0,31.82,101.60,126.00,1228.00,null,null,null
2023-09-08T13:04:07Z,26.12,67.07,100,0,30.54,101.60,126.00,1228.00,null,null,null
2023-09-08T13:05:07Z,26.09,67.09,100,0,29.35,101.60,126.00,1228.00,14,15,15
2023-09-08T13:06:07Z,26.12,67.09,100,0,31.13,101.60,126.00,1228.00,null,null,null
2023-09-08T13:07:07Z,26.12,67.07,100,0,32.49,101.60,126.00,1228.00,null,null,null
2023-09-08T13:08:07Z,26.09,67.09,100,0,30.54,101.60,122.00,1204.00,null,null,null
2023-09-08T13:09:07Z,26.09,67.05,100,0,34.88,101.60,122.00,1204.00,null,null,null
2023-09-08T13:10:07Z,26.09,67.06,100,0,33.40,101.59,122.00,1204.00,13,18,29
2023-09-08T13:11:07Z,26.10,67.11,100,0,29.32,101.60,122.00,1204.00,null,null,null
2023-09-08T13:12:07Z,26.10,67.04,100,0,30.10,101.60,122.00,1204.00,null,null,null
2023-09-08T13:13:07Z,26.10,67.07,100,0,30.70,101.60,122.00,1204.00,null,null,null
2023-09-08T13:14:07Z,26.10,67.04,100,0,31.10,101.60,122.00,1204.00,null,null,null
2023-09-08T13:15:07Z,26.12,67.10,100,0,29.64,101.60,122.00,1204.00,8,19,19
2023-09-08T13:16:07Z,26.09,67.11,100,0,31.59,101.60,120.00,1191.00,null,null,null
2023-09-08T13:17:07Z,26.13,67.03,100,0,31.26,101.60,122.00,1204.00,null,null,null
2023-09-08T13:18:07Z,26.12,67.05,100,0,32.18,101.59,122.00,1204.00,null,null,null
2023-09-08T13:19:07Z,26.10,67.12,100,0,35.44,101.60,122.00,1204.00,null,null,null
2023-09-08T13:20:07Z,26.08,67.12,100,0,30.22,101.60,120.00,1191.00,11,20,20
2023-09-08T13:21:07Z,26.10,67.17,100,0,30.66,101.59,122.00,1204.00,null,null,null
2023-09-08T13:22:07Z,26.08,67.14,100,0,31.76,101.59,122.00,1204.00,null,null,null
2023-09-08T13:23:07Z,26.12,67.16,100,0,31.28,101.59,120.00,1191.00,null,null,null
2023-09-08T13:24:07Z,26.08,67.11,100,0,30.57,101.59,122.00,1204.00,null,null,null
2023-09-08T13:25:07Z,26.10,67.06,100,0,32.57,101.59,120.00,1191.00,7,9,9
2023-09-08T13:26:07Z,26.12,67.16,100,0,30.80,101.59,120.00,1191.00,null,null,null
2023-09-08T13:27:07Z,26.10,67.17,100,0,31.24,101.59,120.00,1191.00,null,null,null
2023-09-08T13:28:07Z,26.12,67.11,100,0,32.39,101.59,120.00,1191.00,null,null,null
2023-09-08T13:29:07Z,26.10,67.13,100,0,33.77,101.59,120.00,1191.00,null,null,null
2023-09-08T13:30:07Z,26.09,67.18,100,0,33.36,101.59,120.00,1191.00,16,19,19
2023-09-08T13:31:07Z,26.09,67.18,100,0,35.80,101.59,120.00,1191.00,null,null,null
2023-09-08T13:32:07Z,26.10,67.19,100,0,32.27,101.59,120.00,1191.00,null,null,null
2023-09-08T13:33:07Z,26.12,67.17,100,0,32.63,101.58,120.00,1191.00,null,null,null
2023-09-08T13:34:07Z,26.12,67.16,100,0,30.58,101.58,118.00,1178.00,null,null,null
2023-09-08T13:35:07Z,26.10,67.18,100,0,30.91,101.58,120.00,1191.00,15,18,18
2023-09-08T13:36:07Z,26.10,67.22,100,0,31.82,101.58,118.00,1178.00,null,null,null
2023-09-08T13:37:07Z,26.10,67.21,100,0,33.16,101.58,120.00,1191.00,null,null,null
2023-09-08T13:38:07Z,26.09,67.21,100,0,31.91,101.58,120.00,1191.00,null,null,null
2023-09-08T13:39:07Z,26.09,67.15,100,0,32.96,101.58,118.00,1178.00,null,null,null
2023-09-08T13:40:07Z,26.09,67.18,100,0,30.47,101.57,118.00,1178.00,10,11,11
2023-09-08T13:41:07Z,26.06,67.21,100,0,32.62,101.58,118.00,1178.00,null,null,null
2023-09-08T13:42:07Z,26.12,67.11,100,0,29.80,101.57,118.00,1178.00,null,null,null
2023-09-08T13:43:07Z,26.10,67.23,100,0,30.23,101.58,118.00,1178.00,null,null,null
2023-09-08T13:44:07Z,26.09,67.22,100,0,31.31,101.57,118.00,1178.00,null,null,null
2023-09-08T13:45:07Z,26.09,67.20,100,0,33.90,101.57,118.00,1178.00,11,12,12
2023-09-08T13:46:07Z,26.10,67.22,100,0,28.87,101.57,116.00,1163.00,null,null,null
2023-09-08T13:47:07Z,26.12,67.16,100,0,30.85,101.57,118.00,1178.00,null,null,null
2023-09-08T13:48:07Z,26.10,67.22,100,0,30.46,101.57,118.00,1178.00,null,null,null
2023-09-08T13:49:07Z,26.09,67.19,100,0,34.11,101.57,118.00,1178.00,null,null,null
2023-09-08T13:50:07Z,26.08,67.30,100,0,34.27,101.57,118.00,1178.00,6,9,9
2023-09-08T13:51:07Z,26.13,67.27,100,0,29.57,101.57,117.00,1168.00,null,null,null
2023-09-08T13:52:07Z,26.12,67.22,100,0,29.30,101.57,117.00,1168.00,null,null,null
2023-09-08T13:53:07Z,26.08,67.23,100,0,29.68,101.57,118.00,1178.00,null,null,null
2023-09-08T13:54:07Z,26.12,67.22,100,0,33.70,101.57,118.00,1178.00,null,null,null
2023-09-08T13:55:07Z,26.09,67.27,100,0,33.48,101.57,118.00,1178.00,8,12,12
2023-09-08T13:56:07Z,26.10,67.28,100,0,32.54,101.57,114.00,1153.00,null,null,null
2023-09-08T13:57:07Z,26.13,67.24,100,0,33.41,101.56,117.00,1168.00,null,null,null
2023-09-08T13:58:07Z,26.12,67.25,100,0,30.96,101.57,118.00,1178.00,null,null,null
2023-09-08T13:59:07Z,26.10,67.26,100,0,32.92,101.56,117.00,1168.00,null,null,null
2023-09-08T14:00:07Z,26.12,67.25,100,0,29.72,101.56,114.00,1153.00,8,17,17
2023-09-08T14:01:07Z,26.10,67.31,100,0,31.82,101.56,114.00,1153.00,null,null,null
2023-09-08T14:02:07Z,26.10,67.24,100,0,30.91,101.56,114.00,1153.00,null,null,null
2023-09-08T14:03:07Z,26.12,67.24,100,0,31.21,101.56,118.00,1178.00,null,null,null
2023-09-08T14:04:07Z,26.12,67.20,100,0,30.12,101.56,118.00,1178.00,null,null,null
2023-09-08T14:05:07Z,26.10,67.30,100,0,30.35,101.56,118.00,1178.00,13,14,14
2023-09-08T14:06:07Z,26.09,67.30,100,0,31.63,101.55,114.00,1153.00,null,null,null
2023-09-08T14:07:07Z,26.12,67.24,100,0,30.37,101.55,117.00,1168.00,null,null,null
2023-09-08T14:08:07Z,26.13,67.21,100,0,29.74,101.55,116.00,1163.00,null,null,null
2023-09-08T14:09:07Z,26.15,67.27,100,0,32.21,101.55,116.00,1163.00,null,null,null
2023-09-08T14:10:07Z,26.09,67.26,100,0,36.44,101.55,114.00,1153.00,13,13,13
2023-09-08T14:11:07Z,26.10,67.25,100,0,34.36,101.54,114.00,1153.00,null,null,null
2023-09-08T14:12:07Z,26.13,67.26,100,0,35.06,101.55,114.00,1153.00,null,null,null
2023-09-08T14:13:07Z,26.15,67.25,100,0,35.02,101.55,114.00,1153.00,null,null,null
2023-09-08T14:14:07Z,26.10,67.25,100,0,33.60,101.55,114.00,1153.00,null,null,null
2023-09-08T14:15:07Z,26.10,67.21,100,0,34.39,101.55,111.00,1134.00,13,14,14
2023-09-08T14:16:07Z,26.15,67.28,100,0,32.96,101.55,116.00,1163.00,null,null,null
2023-09-08T14:17:07Z,26.10,67.22,100,0,32.66,101.55,111.00,1134.00,null,null,null
2023-09-08T14:18:07Z,26.12,67.30,100,0,32.86,101.55,113.00,1144.00,null,null,null
2023-09-08T14:19:07Z,26.10,67.30,100,0,31.70,101.56,111.00,1134.00,null,null,null
2023-09-08T14:20:07Z,26.12,67.25,100,0,30.98,101.56,111.00,1134.00,12,18,18
2023-09-08T14:21:07Z,26.12,67.34,100,0,29.67,101.56,114.00,1153.00,null,null,null
2023-09-08T14:22:07Z,26.10,67.26,100,0,32.76,101.55,114.00,1153.00,null,null,null
2023-09-08T14:23:07Z,26.12,67.25,100,0,34.66,101.56,114.00,1153.00,null,null,null
2023-09-08T14:24:07Z,26.10,67.27,100,0,32.62,101.55,114.00,1153.00,null,null,null
2023-09-08T14:25:07Z,26.12,67.30,100,0,32.25,101.55,114.00,1153.00,8,8,8
2023-09-08T14:26:07Z,26.12,67.27,100,0,28.85,101.55,114.00,1153.00,null,null,null
2023-09-08T14:27:07Z,26.13,67.20,100,0,31.30,101.55,114.00,1153.00,null,null,null
2023-09-08T14:28:07Z,26.15,67.23,100,0,30.05,101.54,116.00,1163.00,null,null,null
2023-09-08T14:29:07Z,26.13,67.24,100,0,32.47,101.55,116.00,1163.00,null,null,null
2023-09-08T14:30:07Z,26.12,67.26,100,0,29.51,101.54,116.00,1163.00,7,9,9
2023-09-08T14:31:07Z,26.13,67.29,100,0,32.11,101.54,114.00,1153.00,null,null,null
2023-09-08T14:32:07Z,26.13,67.23,100,0,29.86,101.54,114.00,1153.00,null,null,null
2023-09-08T14:33:07Z,26.13,67.29,100,0,32.77,101.55,116.00,1163.00,null,null,null
2023-09-08T14:34:07Z,26.13,67.25,100,0,30.21,101.54,111.00,1134.00,null,null,null
2023-09-08T14:35:07Z,26.13,67.30,100,0,30.45,101.54,114.00,1153.00,9,10,10
2023-09-08T14:36:07Z,26.13,67.29,100,0,31.59,101.54,114.00,1153.00,null,null,null
2023-09-08T14:37:07Z,26.15,67.24,100,0,31.73,101.54,111.00,1134.00,null,null,null
2023-09-08T14:38:07Z,26.13,67.26,100,0,33.90,101.54,113.00,1144.00,null,null,null
2023-09-08T14:39:07Z,26.16,67.26,100,0,30.25,101.53,114.00,1153.00,null,null,null
2023-09-08T14:40:07Z,26.13,67.31,100,0,30.28,101.54,111.00,1134.00,7,10,10
2023-09-08T14:41:07Z,26.13,67.26,100,0,32.34,101.53,111.00,1134.00,null,null,null
2023-09-08T14:42:07Z,26.16,67.20,100,0,34.45,101.53,111.00,1134.00,null,null,null
2023-09-08T14:43:07Z,26.16,67.23,100,0,33.63,101.52,113.00,1144.00,null,null,null
2023-09-08T14:44:07Z,26.10,67.23,100,0,31.71,101.52,113.00,1144.00,null,null,null
2023-09-08T14:45:07Z,26.13,67.25,100,0,30.25,101.52,113.00,1144.00,7,7,7
2023-09-08T14:46:07Z,26.12,67.26,100,0,33.75,101.52,111.00,1134.00,null,null,null
2023-09-08T14:47:07Z,26.13,67.21,100,0,29.37,101.52,111.00,1134.00,null,null,null
2023-09-08T14:48:07Z,26.15,67.24,100,0,32.78,101.52,113.00,1144.00,null,null,null
2023-09-08T14:49:07Z,26.13,67.18,100,0,31.18,101.52,111.00,1131.00,null,null,null
2023-09-08T14:50:07Z,26.12,67.23,100,0,34.58,101.52,113.00,1144.00,7,17,17
2023-09-08T14:51:07Z,26.16,67.29,100,0,30.39,101.52,111.00,1131.00,null,null,null
2023-09-08T14:52:07Z,26.18,67.23,100,0,31.12,101.51,109.00,1122.00,null,null,null
2023-09-08T14:53:07Z,26.15,67.22,100,0,31.80,101.52,111.00,1131.00,null,null,null
2023-09-08T14:54:07Z,26.15,67.22,100,0,32.99,101.52,113.00,1144.00,null,null,null
2023-09-08T14:55:07Z,26.12,67.23,100,0,30.52,101.52,113.00,1144.00,7,8,8
2023-09-08T14:56:07Z,26.16,67.26,100,0,29.89,101.51,111.00,1131.00,null,null,null
2023-09-08T14:57:07Z,26.16,67.20,100,0,31.79,101.51,109.00,1122.00,null,null,null
2023-09-08T14:58:07Z,26.15,67.18,100,0,29.61,101.52,111.00,1131.00,null,null,null
2023-09-08T14:59:07Z,26.15,67.22,100,0,31.33,101.52,111.00,1131.00,null,null,null
2023-09-08T15:00:07Z,26.13,67.29,100,0,30.60,101.51,111.00,1131.00,12,12,12
2023-09-08T15:01:07Z,26.15,67.23,100,0,31.33,101.51,109.00,1122.00,null,null,null
2023-09-08T15:02:07Z,26.16,67.23,100,0,35.50,101.51,111.00,1131.00,null,null,null
2023-09-08T15:03:07Z,26.15,67.19,100,0,29.28,101.51,111.00,1131.00,null,null,null
2023-09-08T15:04:07Z,26.15,67.22,100,0,30.04,101.51,111.00,1131.00,null,null,null
2023-09-08T15:05:07Z,26.13,67.25,100,0,34.01,101.51,111.00,1131.00,10,15,15
2023-09-08T15:06:07Z,26.15,67.24,100,0,32.62,101.51,109.00,1122.00,null,null,null
2023-09-08T15:07:07Z,26.15,67.18,100,0,30.22,101.51,111.00,1131.00,null,null,null
2023-09-08T15:08:07Z,26.16,67.18,100,0,32.04,101.51,111.00,1131.00,null,null,null
2023-09-08T15:09:07Z,26.16,67.22,100,0,33.73,101.51,111.00,1131.00,null,null,null
2023-09-08T15:10:07Z,26.15,67.19,100,0,31.97,101.51,111.00,1131.00,14,17,17
2023-09-08T15:11:07Z,26.15,67.19,100,0,30.85,101.51,111.00,1131.00,null,null,null
2023-09-08T15:12:07Z,26.16,67.21,100,0,33.21,101.51,111.00,1131.00,null,null,null
2023-09-08T15:13:07Z,26.15,67.19,100,0,32.02,101.51,111.00,1131.00,null,null,null
2023-09-08T15:14:07Z,26.18,67.20,100,0,32.06,101.51,111.00,1131.00,null,null,null
2023-09-08T15:15:07Z,26.16,67.24,100,0,35.60,101.51,111.00,1131.00,13,18,18
2023-09-08T15:16:07Z,26.18,67.20,100,0,31.00,101.51,111.00,1131.00,null,null,null
2023-09-08T15:17:07Z,26.15,67.16,100,0,30.28,101.51,109.00,1118.00,null,null,null
2023-09-08T15:18:07Z,26.18,67.15,100,0,31.58,101.51,111.00,1131.00,null,null,null
2023-09-08T15:19:07Z,26.15,67.17,100,0,33.09,101.51,111.00,1131.00,null,null,null
2023-09-08T15:20:07Z,26.16,67.16,100,0,32.57,101.51,109.00,1118.00,10,12,12
2023-09-08T15:21:07Z,26.18,67.18,100,0,30.10,101.51,109.00,1118.00,null,null,null
2023-09-08T15:22:07Z,26.16,67.18,100,0,32.24,101.50,109.00,1118.00,null,null,null
2023-09-08T15:23:07Z,26.16,67.12,100,0,33.37,101.51,111.00,1131.00,null,null,null
2023-09-08T15:24:07Z,26.15,67.18,100,0,32.25,101.51,111.00,1131.00,null,null,null
2023-09-08T15:25:07Z,26.18,67.12,100,0,31.13,101.51,109.00,1118.00,10,11,11
2023-09-08T15:26:07Z,26.18,67.20,100,0,29.74,101.51,109.00,1118.00,null,null,null
2023-09-08T15:27:07Z,26.18,67.16,100,0,29.32,101.51,111.00,1131.00,null,null,null
2023-09-08T15:28:07Z,26.18,67.17,100,0,31.23,101.51,111.00,1131.00,null,null,null
2023-09-08T15:29:07Z,26.18,67.11,100,0,30.20,101.51,111.00,1131.00,null,null,null
2023-09-08T15:30:07Z,26.16,67.21,100,0,31.16,101.51,111.00,1131.00,14,16,16
2023-09-08T15:31:07Z,26.18,67.15,100,0,31.04,101.51,109.00,1118.00,null,null,null
2023-09-08T15:32:07Z,26.20,67.16,100,0,31.56,101.51,109.00,1118.00,null,null,null
2023-09-08T15:33:07Z,26.18,67.17,100,0,29.99,101.51,109.00,1118.00,null,null,null
2023-09-08T15:34:07Z,26.19,67.17,100,0,31.14,101.51,109.00,1118.00,null,null,null
2023-09-08T15:35:07Z,26.16,67.17,100,0,31.17,101.51,111.00,1131.00,10,10,10
2023-09-08T15:36:07Z,26.19,67.17,100,0,33.12,101.51,109.00,1118.00,null,null,null
2023-09-08T15:37:07Z,26.20,67.11,100,0,31.87,101.51,109.00,1118.00,null,null,null
2023-09-08T15:38:07Z,26.19,67.12,100,0,30.31,101.50,111.00,1131.00,null,null,null
2023-09-08T15:39:07Z,26.19,67.11,100,0,31.24,101.50,111.00,1131.00,null,null,null
2023-09-08T15:40:07Z,26.15,67.13,100,0,32.35,101.51,109.00,1118.00,12,18,18
2023-09-08T15:41:07Z,26.18,67.14,100,0,32.70,101.51,109.00,1118.00,null,null,null
2023-09-08T15:42:07Z,26.19,67.11,100,0,31.67,101.50,109.00,1118.00,null,null,null
2023-09-08T15:43:07Z,26.19,67.14,100,0,30.58,101.50,109.00,1118.00,null,null,null
2023-09-08T15:44:07Z,26.16,67.12,100,0,30.59,101.50,109.00,1118.00,null,null,null
2023-09-08T15:45:07Z,26.18,67.15,100,0,31.05,101.49,109.00,1118.00,12,12,12
2023-09-08T15:46:07Z,26.19,67.13,100,0,29.76,101.50,109.00,1118.00,null,null,null
2023-09-08T15:47:07Z,26.19,67.11,100,0,32.01,101.49,109.00,1118.00,null,null,null
2023-09-08T15:48:07Z,26.19,67.10,100,0,31.02,101.49,109.00,1118.00,null,null,null
2023-09-08T15:49:07Z,26.18,67.07,100,0,31.09,101.49,109.00,1118.00,null,null,null
2023-09-08T15:50:07Z,26.16,67.11,100,0,31.64,101.49,109.00,1118.00,8,12,12
2023-09-08T15:51:07Z,26.18,67.11,100,0,29.87,101.49,107.00,1107.00,null,null,null
2023-09-08T15:52:07Z,26.22,67.09,100,0,31.05,101.49,109.00,1118.00,null,null,null
2023-09-08T15:53:07Z,26.22,67.06,100,0,36.02,101.49,109.00,1118.00,null,null,null
2023-09-08T15:54:07Z,26.19,67.08,100,0,32.24,101.49,109.00,1118.00,null,null,null
2023-09-08T15:55:07Z,26.19,67.11,100,0,30.70,101.49,109.00,1118.00,11,12,12
2023-09-08T15:56:07Z,26.22,67.11,100,0,30.48,101.49,109.00,1118.00,null,null,null
2023-09-08T15:57:07Z,26.25,67.04,100,0,32.88,101.49,109.00,1118.00,null,null,null
2023-09-08T15:58:07Z,26.20,67.08,100,0,29.94,101.50,96.00,1035.00,null,null,null
2023-09-08T15:59:07Z,26.19,67.06,100,0,29.21,101.49,109.00,1118.00,null,null,null
2023-09-08T16:00:07Z,26.19,67.05,100,0,33.47,101.49,109.00,1118.00,13,17,17
2023-09-08T16:01:07Z,26.19,67.07,100,0,29.73,101.49,109.00,1118.00,null,null,null
2023-09-08T16:02:07Z,26.22,67.04,100,0,30.19,101.49,109.00,1118.00,null,null,null
2023-09-08T16:03:07Z,26.19,67.00,100,0,34.25,101.50,111.00,1131.00,null,null,null
2023-09-08T16:04:07Z,26.19,67.05,100,0,29.16,101.50,111.00,1131.00,null,null,null
2023-09-08T16:05:07Z,26.19,67.04,100,0,30.66,101.50,111.00,1131.00,6,7,7
2023-09-08T16:06:07Z,26.19,67.09,100,0,31.81,101.49,109.00,1118.00,null,null,null
2023-09-08T16:07:07Z,26.22,67.05,100,0,30.38,101.50,109.00,1118.00,null,null,null
2023-09-08T16:08:07Z,26.20,67.04,100,0,31.88,101.50,111.00,1131.00,null,null,null
2023-09-08T16:09:07Z,26.22,67.05,100,0,31.57,101.49,111.00,1131.00,null,null,null
2023-09-08T16:10:07Z,26.22,67.06,100,0,31.24,101.49,111.00,1131.00,14,14,14
2023-09-08T16:11:07Z,26.20,67.07,100,0,29.35,101.49,109.00,1118.00,null,null,null
2023-09-08T16:12:07Z,26.22,66.96,100,0,30.44,101.50,111.00,1131.00,null,null,null
2023-09-08T16:13:07Z,26.23,67.01,100,0,31.12,101.49,111.00,1131.00,null,null,null
2023-09-08T16:14:07Z,26.19,67.04,100,0,32.62,101.50,111.00,1131.00,null,null,null
2023-09-08T16:15:07Z,26.19,67.05,100,0,32.82,101.49,111.00,1131.00,13,13,13
2023-09-08T16:16:07Z,26.22,67.05,100,0,31.82,101.49,109.00,1118.00,null,null,null
2023-09-08T16:17:07Z,26.22,67.01,100,0,31.45,101.50,111.00,1131.00,null,null,null
2023-09-08T16:18:07Z,26.20,66.99,100,0,32.24,101.49,111.00,1131.00,null,null,null
2023-09-08T16:19:07Z,26.22,67.04,100,0,34.60,101.50,113.00,1144.00,null,null,null
2023-09-08T16:20:07Z,26.20,67.02,100,0,34.72,101.49,111.00,1131.00,13,14,14
2023-09-08T16:21:07Z,26.19,67.01,100,0,30.91,101.50,109.00,1118.00,null,null,null
2023-09-08T16:22:07Z,26.22,66.95,100,0,30.71,101.50,111.00,1131.00,null,null,null
2023-09-08T16:23:07Z,26.22,67.05,100,0,33.19,101.50,111.00,1131.00,null,null,null
2023-09-08T16:24:07Z,26.22,67.01,100,0,30.72,101.50,111.00,1131.00,null,null,null
2023-09-08T16:25:07Z,26.22,67.01,100,0,32.16,101.50,113.00,1144.00,6,11,11
2023-09-08T16:26:07Z,26.22,67.00,100,0,31.77,101.50,111.00,1131.00,null,null,null
2023-09-08T16:27:07Z,26.23,66.97,100,0,34.67,101.50,113.00,1144.00,null,null,null
2023-09-08T16:28:07Z,26.22,66.99,100,0,36.72,101.50,113.00,1144.00,null,null,null
2023-09-08T16:29:07Z,26.23,66.98,100,0,34.98,101.50,111.00,1131.00,null,null,null
2023-09-08T16:30:07Z,26.20,67.00,100,0,33.66,101.50,111.00,1131.00,10,13,13
2023-09-08T16:31:07Z,26.22,67.03,100,0,32.14,101.50,111.00,1131.00,null,null,null
2023-09-08T16:32:07Z,26.23,67.00,100,0,32.72,101.50,111.00,1131.00,null,null,null
2023-09-08T16:33:07Z,26.22,66.97,100,0,30.09,101.50,111.00,1131.00,null,null,null
2023-09-08T16:34:07Z,26.19,67.01,100,0,32.02,101.50,111.00,1131.00,null,null,null
2023-09-08T16:35:07Z,26.20,67.00,100,0,30.11,101.50,111.00,1131.00,8,19,19
2023-09-08T16:36:07Z,26.20,67.00,100,0,31.74,101.49,113.00,1144.00,null,null,null
2023-09-08T16:37:07Z,26.23,66.97,100,0,30.97,101.49,111.00,1131.00,null,null,null
2023-09-08T16:38:07Z,26.23,66.96,100,0,33.92,101.49,113.00,1144.00,null,null,null
2023-09-08T16:39:07Z,26.23,67.02,100,0,31.77,101.50,113.00,1144.00,null,null,null
2023-09-08T16:40:07Z,26.22,66.98,100,0,32.86,101.49,113.00,1144.00,8,8,8
2023-09-08T16:41:07Z,26.20,66.99,100,0,31.97,101.49,113.00,1144.00,null,null,null
2023-09-08T16:42:07Z,26.22,66.95,100,0,31.55,101.49,113.00,1144.00,null,null,null
2023-09-08T16:43:07Z,26.20,66.93,100,0,30.45,101.50,113.00,1144.00,null,null,null
2023-09-08T16:44:07Z,26.23,66.93,100,0,31.93,101.50,113.00,1144.00,null,null,null
2023-09-08T16:45:07Z,26.22,66.96,100,0,29.18,101.50,113.00,1144.00,11,16,16
2023-09-08T16:46:07Z,26.22,67.01,100,0,32.16,101.50,113.00,1144.00,null,null,null
2023-09-08T16:47:07Z,26.22,66.94,100,0,32.48,101.50,113.00,1144.00,null,null,null
2023-09-08T16:48:07Z,26.22,66.94,100,0,30.70,101.50,113.00,1144.00,null,null,null
2023-09-08T16:49:07Z,26.22,66.92,100,0,null,101.49,113.00,1144.00,null,null,null
2023-09-08T16:50:07Z,26.25,66.97,100,0,29.31,101.49,116.00,1163.00,7,9,9
2023-09-08T16:51:07Z,26.25,66.94,100,0,31.51,101.50,100.00,1060.00,null,null,null
2023-09-08T16:52:07Z,26.23,66.92,100,0,32.06,101.50,100.00,1060.00,null,null,null
2023-09-08T16:53:07Z,26.19,66.96,100,0,30.64,101.49,113.00,1144.00,null,null,null
2023-09-08T16:54:07Z,26.20,66.94,100,0,30.98,101.49,116.00,1163.00,null,null,null
2023-09-08T16:55:07Z,26.19,66.94,100,0,32.73,101.49,113.00,1144.00,13,16,16
2023-09-08T16:56:07Z,26.22,66.94,100,0,31.71,101.49,113.00,1144.00,null,null,null
2023-09-08T16:57:07Z,26.23,66.89,100,0,29.91,101.49,113.00,1144.00,null,null,null
2023-09-08T16:58:07Z,26.25,66.97,100,0,32.99,101.49,116.00,1163.00,null,null,null
2023-09-08T16:59:07Z,26.23,66.94,100,0,29.65,101.49,100.00,1060.00,null,null,null
2023-09-08T17:00:07Z,26.20,66.95,100,0,33.09,101.49,113.00,1144.00,8,13,13
2023-09-08T17:01:07Z,26.22,66.94,100,0,32.88,101.49,116.00,1163.00,null,null,null
2023-09-08T17:02:07Z,26.26,66.93,100,0,29.33,101.49,113.00,1144.00,null,null,null
2023-09-08T17:03:07Z,26.25,66.98,100,0,31.16,101.49,103.00,1077.00,null,null,null
2023-09-08T17:04:07Z,26.25,66.93,100,0,33.10,101.49,103.00,1077.00,null,null,null
2023-09-08T17:05:07Z,26.23,66.95,100,0,31.49,101.49,103.00,1077.00,12,12,12
2023-09-08T17:06:07Z,26.23,66.94,100,0,29.32,101.49,116.00,1163.00,null,null,null
2023-09-08T17:07:07Z,26.23,66.91,100,0,31.00,101.50,116.00,1163.00,null,null,null
2023-09-08T17:08:07Z,26.23,66.93,100,0,32.71,101.50,116.00,1163.00,null,null,null
2023-09-08T17:09:07Z,26.25,66.95,100,0,30.34,101.50,116.00,1163.00,null,null,null
2023-09-08T17:10:07Z,26.23,66.94,100,0,31.46,101.50,103.00,1077.00,9,9,9
2023-09-08T17:11:07Z,26.25,66.93,100,0,30.70,101.50,116.00,1163.00,null,null,null
2023-09-08T17:12:07Z,26.25,66.89,100,0,32.77,101.50,103.00,1077.00,null,null,null
2023-09-08T17:13:07Z,26.25,66.88,100,0,31.83,101.50,103.00,1077.00,null,null,null
2023-09-08T17:14:07Z,26.25,66.92,100,0,34.83,101.50,105.00,1090.00,null,null,null
2023-09-08T17:15:07Z,26.22,66.89,100,0,33.33,101.50,103.00,1077.00,12,16,16
2023-09-08T17:16:07Z,26.25,66.88,100,0,31.95,101.50,116.00,1163.00,null,null,null
2023-09-08T17:17:07Z,26.28,66.88,100,0,29.94,101.50,103.00,1077.00,null,null,null
2023-09-08T17:18:07Z,26.23,66.89,100,0,32.20,101.50,103.00,1077.00,null,null,null
2023-09-08T17:19:07Z,26.23,66.87,100,0,30.02,101.50,118.00,1178.00,null,null,null
2023-09-08T17:20:07Z,26.25,66.94,100,0,31.36,101.50,118.00,1178.00,15,16,16
2023-09-08T17:21:07Z,26.26,66.93,100,0,29.55,101.50,105.00,1090.00,null,null,null
2023-09-08T17:22:07Z,26.26,66.87,100,0,29.90,101.50,103.00,1077.00,null,null,null
2023-09-08T17:23:07Z,26.23,66.84,100,0,32.23,101.50,105.00,1090.00,null,null,null
2023-09-08T17:24:07Z,26.23,66.91,100,0,29.22,101.50,116.00,1163.00,null,null,null
2023-09-08T17:25:07Z,26.25,66.87,100,0,31.11,101.50,116.00,1163.00,8,10,10
2023-09-08T17:26:07Z,26.22,66.87,100,0,30.01,101.50,103.00,1077.00,null,null,null
2023-09-08T17:27:07Z,26.25,66.86,100,0,32.77,101.50,118.00,1178.00,null,null,null
2023-09-08T17:28:07Z,26.26,66.82,100,0,31.49,101.50,105.00,1090.00,null,null,null
2023-09-08T17:29:07Z,26.25,66.87,100,0,29.55,101.50,105.00,1090.00,null,null,null
2023-09-08T17:30:07Z,26.25,66.84,100,0,32.58,101.50,103.00,1077.00,6,7,7
2023-09-08T17:31:07Z,26.25,66.84,100,0,30.47,101.50,105.00,1090.00,null,null,null
2023-09-08T17:32:07Z,26.26,66.83,100,0,32.26,101.50,105.00,1090.00,null,null,null
2023-09-08T17:33:07Z,26.28,66.80,100,0,33.58,101.50,103.00,1077.00,null,null,null
2023-09-08T17:34:07Z,26.25,66.85,100,0,31.59,101.49,105.00,1090.00,null,null,null
2023-09-08T17:35:07Z,26.26,66.83,100,0,33.10,101.50,103.00,1077.00,10,14,14
2023-09-08T17:36:07Z,26.28,66.80,100,0,32.08,101.50,105.00,1090.00,null,null,null
2023-09-08T17:37:07Z,26.25,66.79,100,0,30.08,101.50,105.00,1090.00,null,null,null
2023-09-08T17:38:07Z,26.23,66.80,100,0,30.58,101.50,103.00,1077.00,null,null,null
2023-09-08T17:39:07Z,26.26,66.78,100,0,31.07,101.50,118.00,1178.00,null,null,null
2023-09-08T17:40:07Z,26.25,66.81,100,0,31.51,101.50,105.00,1090.00,12,17,17
2023-09-08T17:41:07Z,26.26,66.81,100,0,29.56,101.50,105.00,1090.00,null,null,null
2023-09-08T17:42:07Z,26.25,66.83,100,0,32.12,101.50,105.00,1090.00,null,null,null
2023-09-08T17:43:07Z,26.26,66.71,100,0,32.74,101.50,105.00,1090.00,null,null,null
2023-09-08T17:44:07Z,26.26,66.79,100,0,34.18,101.50,104.00,1086.00,null,null,null
2023-09-08T17:45:07Z,26.26,66.81,100,0,31.96,101.50,103.00,1077.00,10,14,14
2023-09-08T17:46:07Z,26.25,66.82,100,0,33.92,101.50,105.00,1090.00,null,null,null
2023-09-08T17:47:07Z,26.26,66.79,100,0,32.98,101.50,105.00,1090.00,null,null,null
2023-09-08T17:48:07Z,26.26,66.77,100,0,34.10,101.50,105.00,1090.00,null,null,null
2023-09-08T17:49:07Z,26.26,66.78,100,0,30.26,101.50,103.00,1077.00,null,null,null
2023-09-08T17:50:07Z,26.25,66.76,100,0,30.33,101.50,105.00,1090.00,8,8,8
2023-09-08T17:51:07Z,26.26,66.81,100,0,29.73,101.51,105.00,1090.00,null,null,null
2023-09-08T17:52:07Z,26.28,66.74,100,0,30.43,101.50,103.00,1077.00,null,null,null
2023-09-08T17:53:07Z,26.25,66.77,100,0,31.82,101.50,106.00,1099.00,null,null,null
2023-09-08T17:54:07Z,26.28,66.76,100,0,31.29,101.50,103.00,1077.00,null,null,null
2023-09-08T17:55:07Z,26.26,66.77,100,0,30.76,101.51,105.00,1090.00,7,7,7
2023-09-08T17:56:07Z,26.26,66.77,100,0,33.41,101.51,105.00,1090.00,null,null,null
2023-09-08T17:57:07Z,26.28,66.71,100,0,29.37,101.51,105.00,1090.00,null,null,null
2023-09-08T17:58:07Z,26.28,66.72,100,0,29.37,101.50,106.00,1099.00,null,null,null
2023-09-08T17:59:07Z,26.25,66.72,100,0,29.00,101.50,106.00,1099.00,null,null,null
2023-09-08T18:00:07Z,26.26,66.77,100,0,31.75,101.50,106.00,1099.00,8,10,10
2023-09-08T18:01:07Z,26.28,66.80,100,0,32.65,101.51,105.00,1090.00,null,null,null
2023-09-08T18:02:07Z,26.29,66.68,100,0,29.15,101.50,105.00,1090.00,null,null,null
2023-09-08T18:03:07Z,26.26,66.71,100,0,30.73,101.51,106.00,1099.00,null,null,null
2023-09-08T18:04:07Z,26.23,66.69,100,0,30.67,101.51,106.00,1099.00,null,null,null
2023-09-08T18:05:07Z,26.26,66.69,100,0,33.70,101.51,120.00,1188.00,7,7,7
2023-09-08T18:06:07Z,26.26,66.71,100,0,31.29,101.51,106.00,1099.00,null,null,null
2023-09-08T18:07:07Z,26.26,66.72,100,0,34.03,101.51,106.00,1099.00,null,null,null
2023-09-08T18:08:07Z,26.25,66.64,100,0,34.01,101.51,106.00,1099.00,null,null,null
2023-09-08T18:09:07Z,26.28,66.72,100,0,32.22,101.51,106.00,1099.00,null,null,null
2023-09-08T18:10:07Z,26.28,66.68,100,0,30.89,101.51,106.00,1099.00,12,12,12
2023-09-08T18:11:07Z,26.28,66.73,100,0,30.32,101.51,104.00,1086.00,null,null,null
2023-09-08T18:12:07Z,26.23,66.66,100,0,31.49,101.51,106.00,1099.00,null,null,null
2023-09-08T18:13:07Z,26.28,66.68,100,0,30.53,101.51,120.00,1188.00,null,null,null
2023-09-08T18:14:07Z,26.25,66.70,100,0,30.01,101.52,106.00,1099.00,null,null,null
2023-09-08T18:15:07Z,26.28,66.72,100,0,32.75,101.52,106.00,1099.00,16,23,23
2023-09-08T18:16:07Z,26.29,66.68,100,0,30.33,101.52,104.00,1086.00,null,null,null
2023-09-08T18:17:07Z,26.29,66.65,100,0,32.10,101.52,108.00,1110.00,null,null,null
2023-09-08T18:18:07Z,26.29,66.64,100,0,30.64,101.52,106.00,1099.00,null,null,null
2023-09-08T18:19:07Z,26.28,66.62,100,0,31.12,101.52,106.00,1099.00,null,null,null
2023-09-08T18:20:07Z,26.26,66.68,100,0,30.17,101.52,106.00,1099.00,15,16,16
2023-09-08T18:21:07Z,26.26,66.67,100,0,30.77,101.52,106.00,1099.00,null,null,null
2023-09-08T18:22:07Z,26.26,66.59,100,0,33.40,101.52,108.00,1110.00,null,null,null
2023-09-08T18:23:07Z,26.26,66.64,100,0,30.79,101.52,108.00,1110.00,null,null,null
2023-09-08T18:24:07Z,26.26,66.66,100,0,30.34,101.52,108.00,1110.00,null,null,null
2023-09-08T18:25:07Z,26.28,66.69,100,0,36.43,101.53,108.00,1110.00,9,13,13
2023-09-08T18:26:07Z,26.29,66.63,100,0,29.60,101.53,106.00,1099.00,null,null,null
2023-09-08T18:27:07Z,26.26,66.70,100,0,29.62,101.52,106.00,1099.00,null,null,null
2023-09-08T18:28:07Z,26.28,66.64,100,0,31.92,101.53,106.00,1099.00,null,null,null
2023-09-08T18:29:07Z,26.28,66.64,100,0,35.19,101.52,106.00,1099.00,null,null,null
2023-09-08T18:30:07Z,26.26,66.68,100,0,33.51,101.52,106.00,1099.00,13,14,14
2023-09-08T18:31:07Z,26.29,66.67,100,0,31.14,101.52,106.00,1099.00,null,null,null
2023-09-08T18:32:07Z,26.28,66.64,100,0,32.33,101.51,108.00,1110.00,null,null,null
2023-09-08T18:33:07Z,26.28,66.60,100,0,31.12,101.52,106.00,1099.00,null,null,null
2023-09-08T18:34:07Z,26.26,66.59,100,0,31.58,101.51,108.00,1110.00,null,null,null
2023-09-08T18:35:07Z,26.26,66.64,100,0,32.73,101.51,108.00,1110.00,10,12,12
2023-09-08T18:36:07Z,26.29,66.62,100,0,30.85,101.51,106.00,1099.00,null,null,null
2023-09-08T18:37:07Z,26.28,66.58,100,0,29.48,101.51,108.00,1110.00,null,null,null
2023-09-08T18:38:07Z,26.29,66.62,100,0,32.71,101.52,108.00,1110.00,null,null,null
2023-09-08T18:39:07Z,26.28,66.60,100,0,34.76,101.52,106.00,1099.00,null,null,null
2023-09-08T18:40:07Z,26.26,66.64,100,0,34.81,101.52,106.00,1099.00,12,16,16
2023-09-08T18:41:07Z,26.28,66.62,100,0,34.19,101.52,104.00,1086.00,null,null,null
2023-09-08T18:42:07Z,26.30,66.58,100,0,35.73,101.53,106.00,1099.00,null,null,null
2023-09-08T18:43:07Z,26.28,66.58,100,0,31.20,101.53,106.00,1099.00,null,null,null
2023-09-08T18:44:07Z,26.26,66.63,100,0,30.44,101.54,106.00,1099.00,null,null,null
2023-09-08T18:45:07Z,26.26,66.57,100,0,31.73,101.54,108.00,1110.00,12,13,13
2023-09-08T18:46:07Z,26.28,66.58,100,0,31.99,101.54,106.00,1099.00,null,null,null
2023-09-08T18:47:07Z,26.28,66.60,100,0,31.40,101.55,106.00,1099.00,null,null,null
2023-09-08T18:48:07Z,26.28,66.58,100,0,32.79,101.55,106.00,1099.00,null,null,null
2023-09-08T18:49:07Z,26.29,66.60,100,0,31.71,101.54,106.00,1099.00,null,null,null
2023-09-08T18:50:07Z,26.29,66.61,100,0,30.67,101.54,110.00,1125.00,11,11,11
2023-09-08T18:51:07Z,26.28,66.59,100,0,30.44,101.54,108.00,1110.00,null,null,null
2023-09-08T18:52:07Z,26.30,66.53,100,0,29.92,101.54,108.00,1110.00,null,null,null
2023-09-08T18:53:07Z,26.29,66.60,100,0,29.71,101.53,108.00,1110.00,null,null,null
2023-09-08T18:54:07Z,26.28,66.60,100,0,29.21,101.53,108.00,1110.00,null,null,null
2023-09-08T18:55:07Z,26.26,66.57,100,0,33.61,101.53,108.00,1110.00,4,6,6
2023-09-08T18:56:07Z,26.29,66.60,100,0,28.92,101.53,108.00,1110.00,null,null,null
2023-09-08T18:57:07Z,26.28,66.55,100,0,30.60,101.53,108.00,1110.00,null,null,null
2023-09-08T18:58:07Z,26.28,66.61,100,0,30.07,101.53,108.00,1110.00,null,null,null
2023-09-08T18:59:07Z,26.28,66.54,100,0,30.59,101.53,108.00,1110.00,null,null,null
2023-09-08T19:00:07Z,26.28,66.54,100,0,36.03,101.53,108.00,1110.00,15,15,15
2023-09-08T19:01:07Z,26.29,66.59,100,0,29.69,101.53,110.00,1125.00,null,null,null
2023-09-08T19:02:07Z,26.28,66.57,100,0,31.28,101.53,108.00,1110.00,null,null,null
2023-09-08T19:03:07Z,26.30,66.57,100,0,31.31,101.53,108.00,1110.00,null,null,null
2023-09-08T19:04:07Z,26.28,66.56,100,0,32.19,101.54,110.00,1125.00,null,null,null
2023-09-08T19:05:07Z,26.32,66.58,100,0,31.89,101.53,110.00,1125.00,12,14,14
2023-09-08T19:06:07Z,26.28,66.55,100,0,29.44,101.54,110.00,1125.00,null,null,null
2023-09-08T19:07:07Z,26.28,66.57,100,0,33.40,101.54,110.00,1125.00,null,null,null
2023-09-08T19:08:07Z,26.29,66.55,100,0,34.31,101.54,110.00,1125.00,null,null,null
2023-09-08T19:09:07Z,26.29,66.55,100,0,30.52,101.54,108.00,1110.00,null,null,null
2023-09-08T19:10:07Z,26.29,66.57,100,0,33.14,101.54,110.00,1125.00,14,16,16
2023-09-08T19:11:07Z,26.29,66.59,100,0,31.77,101.55,110.00,1125.00,null,null,null
2023-09-08T19:12:07Z,26.26,66.55,100,0,30.40,101.54,110.00,1125.00,null,null,null
2023-09-08T19:13:07Z,26.29,66.55,100,0,31.59,101.54,110.00,1125.00,null,null,null
2023-09-08T19:14:07Z,26.29,66.50,100,0,29.32,101.54,110.00,1125.00,null,null,null
2023-09-08T19:15:07Z,26.28,66.50,100,0,28.91,101.54,110.00,1125.00,7,7,7
2023-09-08T19:16:07Z,26.30,66.57,100,0,29.71,101.53,110.00,1125.00,null,null,null
2023-09-08T19:17:07Z,26.32,66.48,100,0,30.46,101.53,110.00,1125.00,null,null,null
2023-09-08T19:18:07Z,26.30,66.51,100,0,29.15,101.53,110.00,1125.00,null,null,null
2023-09-08T19:19:07Z,26.29,66.54,100,0,30.62,101.53,110.00,1125.00,null,null,null
2023-09-08T19:20:07Z,26.29,66.57,100,0,34.34,101.54,110.00,1125.00,7,15,15
2023-09-08T19:21:07Z,26.32,66.53,100,0,29.50,101.54,110.00,1125.00,null,null,null
2023-09-08T19:22:07Z,26.28,66.50,100,0,30.60,101.54,110.00,1125.00,null,null,null
2023-09-08T19:23:07Z,26.29,66.47,100,0,33.41,101.54,110.00,1125.00,null,null,null
2023-09-08T19:24:07Z,26.28,66.50,100,0,33.04,101.54,110.00,1125.00,null,null,null
2023-09-08T19:25:07Z,26.29,66.53,100,0,31.39,101.55,110.00,1125.00,13,14,14
2023-09-08T19:26:07Z,26.32,66.52,100,0,32.99,101.54,110.00,1125.00,null,null,null
2023-09-08T19:27:07Z,26.29,66.46,100,0,30.97,101.55,113.00,1144.00,null,null,null
2023-09-08T19:28:07Z,26.28,66.52,100,0,34.02,101.55,113.00,1144.00,null,null,null
2023-09-08T19:29:07Z,26.30,66.49,100,0,30.15,101.56,113.00,1144.00,null,null,null
2023-09-08T19:30:07Z,26.28,66.54,100,0,31.09,101.56,113.00,1144.00,9,14,14
2023-09-08T19:31:07Z,26.28,66.57,100,0,29.53,101.56,110.00,1125.00,null,null,null
2023-09-08T19:32:07Z,26.30,66.49,100,0,33.04,101.56,113.00,1144.00,null,null,null
2023-09-08T19:33:07Z,26.28,66.48,100,0,31.98,101.57,113.00,1144.00,null,null,null
2023-09-08T19:34:07Z,26.30,66.51,100,0,31.51,101.57,113.00,1144.00,null,null,null
2023-09-08T19:35:07Z,26.28,66.53,100,0,30.48,101.56,113.00,1144.00,10,13,13
2023-09-08T19:36:07Z,26.32,66.54,100,0,34.93,101.57,113.00,1144.00,null,null,null
2023-09-08T19:37:07Z,26.30,66.44,100,0,32.76,101.57,113.00,1144.00,null,null,null
2023-09-08T19:38:07Z,26.30,66.46,100,0,29.70,101.57,113.00,1144.00,null,null,null
2023-09-08T19:39:07Z,26.28,66.53,100,0,30.43,101.57,113.00,1144.00,null,null,null
2023-09-08T19:40:07Z,26.30,66.48,100,0,30.66,101.57,113.00,1144.00,12,15,15
2023-09-08T19:41:07Z,26.30,66.56,100,0,29.93,101.56,115.00,1156.00,null,null,null
2023-09-08T19:42:07Z,26.30,66.47,100,0,30.73,101.56,113.00,1144.00,null,null,null
2023-09-08T19:43:07Z,26.30,66.46,100,0,31.79,101.56,115.00,1156.00,null,null,null
2023-09-08T19:44:07Z,26.29,66.46,100,0,29.77,101.56,115.00,1156.00,null,null,null
2023-09-08T19:45:07Z,26.29,66.49,100,0,29.99,101.56,115.00,1156.00,16,21,21
2023-09-08T19:46:07Z,26.26,66.48,100,0,37.57,101.56,115.00,1156.00,null,null,null
2023-09-08T19:47:07Z,26.29,66.46,100,0,33.17,101.56,115.00,1156.00,null,null,null
2023-09-08T19:48:07Z,26.30,66.51,100,0,34.14,101.56,115.00,1156.00,null,null,null
2023-09-08T19:49:07Z,26.28,66.51,100,0,34.64,101.55,115.00,1156.00,null,null,null
2023-09-08T19:50:07Z,26.29,66.50,100,0,30.81,101.56,115.00,1156.00,9,16,16
2023-09-08T19:51:07Z,26.30,66.48,100,0,31.60,101.55,115.00,1156.00,null,null,null
2023-09-08T19:52:07Z,26.29,66.43,100,0,33.44,101.55,115.00,1156.00,null,null,null
2023-09-08T19:53:07Z,26.29,66.46,100,0,30.69,101.55,115.00,1156.00,null,null,null
2023-09-08T19:54:07Z,26.30,66.47,100,0,29.81,101.55,117.00,1171.00,null,null,null
2023-09-08T19:55:07Z,26.29,66.51,100,0,29.43,101.56,117.00,1171.00,12,20,20
2023-09-08T19:56:07Z,26.29,66.52,100,0,29.94,101.56,117.00,1171.00,null,null,null
2023-09-08T19:57:07Z,26.32,66.48,100,0,29.11,101.56,117.00,1171.00,null,null,null
2023-09-08T19:58:07Z,26.30,66.46,100,0,29.57,101.56,117.00,1171.00,null,null,null
2023-09-08T19:59:07Z,26.29,66.50,100,0,31.84,101.56,117.00,1171.00,null,null,null
2023-09-08T20:00:07Z,26.28,66.50,100,0,32.49,101.56,120.00,1188.00,12,15,31
2023-09-08T20:01:07Z,26.30,66.50,100,0,30.90,101.56,120.00,1188.00,null,null,null
2023-09-08T20:02:07Z,26.32,66.50,100,0,30.40,101.56,120.00,1188.00,null,null,null
2023-09-08T20:03:07Z,26.29,66.45,100,0,29.61,101.56,120.00,1188.00,null,null,null
2023-09-08T20:04:07Z,26.32,66.46,100,0,29.05,101.56,122.00,1201.00,null,null,null
2023-09-08T20:05:07Z,26.29,66.48,100,0,31.17,101.56,122.00,1201.00,18,23,23
2023-09-08T20:06:07Z,26.29,66.52,100,0,31.14,101.56,120.00,1188.00,null,null,null
2023-09-08T20:07:07Z,26.30,66.47,100,0,31.39,101.56,122.00,1201.00,null,null,null
2023-09-08T20:08:07Z,26.30,66.47,100,0,30.58,101.56,120.00,1188.00,null,null,null
2023-09-08T20:09:07Z,26.28,66.46,100,0,30.44,101.56,122.00,1201.00,null,null,null
2023-09-08T20:10:07Z,26.28,66.54,100,0,31.59,101.56,122.00,1201.00,11,22,22
2023-09-08T20:11:07Z,26.29,66.49,100,0,30.83,101.56,124.00,1215.00,null,null,null
2023-09-08T20:12:07Z,26.30,66.48,100,0,33.72,101.56,124.00,1215.00,null,null,null
2023-09-08T20:13:07Z,26.32,66.49,100,0,31.38,101.56,124.00,1215.00,null,null,null
2023-09-08T20:14:07Z,26.29,66.47,100,0,33.96,101.57,124.00,1215.00,null,null,null
2023-09-08T20:15:07Z,26.29,66.45,100,0,30.16,101.57,124.00,1215.00,25,32,32
2023-09-08T20:16:07Z,26.32,66.48,100,0,28.14,101.57,124.00,1215.00,null,null,null
2023-09-08T20:17:07Z,26.36,66.42,100,0,34.61,101.57,124.00,1215.00,null,null,null
2023-09-08T20:18:07Z,26.30,66.45,100,0,29.48,101.57,126.00,1231.00,null,null,null
2023-09-08T20:19:07Z,26.30,66.45,100,0,30.13,101.57,126.00,1231.00,null,null,null
2023-09-08T20:20:07Z,26.28,66.46,100,0,33.13,101.57,126.00,1231.00,15,20,31
2023-09-08T20:21:07Z,26.32,66.46,100,0,29.31,101.57,124.00,1215.00,null,null,null
2023-09-08T20:22:07Z,26.30,66.44,100,0,30.35,101.57,129.00,1248.00,null,null,null
2023-09-08T20:23:07Z,26.32,66.45,100,0,30.20,101.58,129.00,1248.00,null,null,null
2023-09-08T20:24:07Z,26.33,66.44,100,0,30.32,101.58,129.00,1248.00,null,null,null
2023-09-08T20:25:07Z,26.30,66.47,100,0,29.78,101.58,129.00,1248.00,26,47,47
2023-09-08T20:26:07Z,26.30,66.47,100,0,30.09,101.57,126.00,1231.00,null,null,null
2023-09-08T20:27:07Z,26.32,66.45,100,0,32.60,101.57,131.00,1262.00,null,null,null
2023-09-08T20:28:07Z,26.32,66.46,100,0,35.11,101.57,131.00,1262.00,null,null,null
2023-09-08T20:29:07Z,26.30,66.40,100,0,31.31,101.57,131.00,1262.00,null,null,null
2023-09-08T20:30:07Z,26.32,66.43,100,0,33.06,101.57,131.00,1262.00,27,30,37
2023-09-08T20:31:07Z,26.32,66.46,100,0,32.88,101.56,131.00,1262.00,null,null,null
2023-09-08T20:32:07Z,26.32,66.41,100,0,31.51,101.57,133.00,1277.00,null,null,null
2023-09-08T20:33:07Z,26.30,66.43,100,0,31.31,101.57,133.00,1277.00,null,null,null
2023-09-08T20:34:07Z,26.30,66.43,100,0,31.55,101.57,133.00,1277.00,null,null,null
2023-09-08T20:35:07Z,26.32,66.44,100,0,29.64,101.57,137.00,1302.00,30,44,44
2023-09-08T20:36:07Z,26.29,66.44,100,0,30.36,101.57,133.00,1277.00,null,null,null
2023-09-08T20:37:07Z,26.33,66.45,100,0,29.99,101.57,137.00,1302.00,null,null,null
2023-09-08T20:38:07Z,26.32,66.41,100,0,31.43,101.56,137.00,1302.00,null,null,null
2023-09-08T20:39:07Z,26.29,66.42,100,0,29.46,101.56,137.00,1302.00,null,null,null
2023-09-08T20:40:07Z,26.30,66.44,100,0,33.95,101.56,139.00,1316.00,33,46,46
2023-09-08T20:41:07Z,26.29,66.45,100,0,30.23,101.56,137.00,1302.00,null,null,null
2023-09-08T20:42:07Z,26.30,66.40,100,0,33.90,101.56,139.00,1316.00,null,null,null
2023-09-08T20:43:07Z,26.30,66.41,100,0,28.44,101.56,139.00,1316.00,null,null,null
2023-09-08T20:44:07Z,26.29,66.42,100,0,29.80,101.56,139.00,1316.00,null,null,null
2023-09-08T20:45:07Z,26.28,66.38,100,0,34.13,101.56,142.00,1334.00,36,60,66
2023-09-08T20:46:07Z,26.33,66.42,100,0,29.77,101.56,142.00,1334.00,null,null,null
2023-09-08T20:47:07Z,26.30,66.41,100,0,29.80,101.56,142.00,1334.00,null,null,null
2023-09-08T20:48:07Z,26.32,66.41,100,0,30.50,101.56,144.00,1349.00,null,null,null
2023-09-08T20:49:07Z,26.29,66.43,100,0,37.85,101.56,144.00,1349.00,null,null,null
2023-09-08T20:50:07Z,26.29,66.42,100,0,34.58,101.56,142.00,1334.00,32,57,57
2023-09-08T20:51:07Z,26.33,66.43,100,0,35.31,101.56,144.00,1349.00,null,null,null
2023-09-08T20:52:07Z,26.32,66.40,100,0,32.53,101.56,144.00,1349.00,null,null,null
2023-09-08T20:53:07Z,26.30,66.38,100,0,30.93,101.56,144.00,1349.00,null,null,null
2023-09-08T20:54:07Z,26.32,66.40,100,0,31.70,101.56,144.00,1349.00,null,null,null
2023-09-08T20:55:07Z,26.29,66.43,100,0,30.69,101.57,144.00,1349.00,43,53,59
2023-09-08T20:56:07Z,26.33,66.43,100,0,31.57,101.56,144.00,1349.00,null,null,null
2023-09-08T20:57:07Z,26.32,66.40,100,0,30.26,101.56,147.00,1367.00,null,null,null
2023-09-08T20:58:07Z,26.33,66.39,100,0,30.13,101.56,147.00,1367.00,null,null,null
2023-09-08T20:59:07Z,26.30,66.42,100,0,30.88,101.56,147.00,1367.00,null,null,null
2023-09-08T21:00:07Z,26.30,66.37,100,0,31.79,101.56,147.00,1367.00,34,46,62
2023-09-08T21:01:07Z,26.32,66.44,100,0,30.21,101.56,151.00,1393.00,null,null,null
2023-09-08T21:02:07Z,26.33,66.36,100,0,29.47,101.55,151.00,1393.00,null,null,null
2023-09-08T21:03:07Z,26.32,66.41,100,0,30.72,101.55,151.00,1393.00,null,null,null
2023-09-08T21:04:07Z,26.32,66.38,100,0,33.58,101.55,151.00,1393.00,null,null,null
2023-09-08T21:05:07Z,26.32,66.42,100,0,30.44,101.56,151.00,1393.00,27,58,58
2023-09-08T21:06:07Z,26.32,66.40,100,0,28.98,101.56,151.00,1393.00,null,null,null
2023-09-08T21:07:07Z,26.33,66.39,100,0,32.29,101.55,151.00,1393.00,null,null,null
2023-09-08T21:08:07Z,26.33,66.40,100,0,32.58,101.56,151.00,1393.00,null,null,null
2023-09-08T21:09:07Z,26.32,66.40,100,0,31.11,101.56,151.00,1393.00,null,null,null
2023-09-08T21:10:07Z,26.30,66.42,100,0,29.33,101.56,151.00,1393.00,30,49,49
2023-09-08T21:11:07Z,26.33,66.39,100,0,31.97,101.56,151.00,1393.00,null,null,null
2023-09-08T21:12:07Z,26.32,66.38,100,0,32.08,101.57,151.00,1393.00,null,null,null
2023-09-08T21:13:07Z,26.33,66.37,100,0,32.53,101.56,151.00,1393.00,null,null,null
2023-09-08T21:14:07Z,26.35,66.37,100,0,29.70,101.56,151.00,1393.00,null,null,null
2023-09-08T21:15:07Z,26.32,66.42,100,0,28.87,101.57,151.00,1393.00,23,40,40
2023-09-08T21:16:07Z,26.32,66.42,100,0,33.95,101.56,151.00,1393.00,null,null,null
2023-09-08T21:17:07Z,26.33,66.38,100,0,29.78,101.57,151.00,1393.00,null,null,null
2023-09-08T21:18:07Z,26.32,66.39,100,0,32.12,101.57,153.00,1408.00,null,null,null
2023-09-08T21:19:07Z,26.32,66.40,100,0,29.89,101.57,153.00,1408.00,null,null,null
2023-09-08T21:20:07Z,26.29,66.38,100,0,31.07,101.57,153.00,1408.00,29,48,48
2023-09-08T21:21:07Z,26.32,66.37,100,0,30.46,101.56,151.00,1393.00,null,null,null
2023-09-08T21:22:07Z,26.33,66.35,100,0,29.28,101.57,151.00,1393.00,null,null,null
2023-09-08T21:23:07Z,26.33,66.36,100,0,32.60,101.57,151.00,1393.00,null,null,null
2023-09-08T21:24:07Z,26.32,66.33,100,0,30.51,101.57,151.00,1393.00,null,null,null
2023-09-08T21:25:07Z,26.30,66.44,100,0,33.17,101.57,151.00,1393.00,18,29,29
2023-09-08T21:26:07Z,26.33,66.40,100,0,29.91,101.56,153.00,1408.00,null,null,null
2023-09-08T21:27:07Z,26.35,66.37,100,0,30.28,101.56,153.00,1408.00,null,null,null
2023-09-08T21:28:07Z,26.32,66.37,100,0,31.23,101.56,153.00,1408.00,null,null,null
2023-09-08T21:29:07Z,26.30,66.37,100,0,30.09,101.56,153.00,1408.00,null,null,null
2023-09-08T21:30:07Z,26.30,66.41,100,0,31.36,101.57,153.00,1408.00,22,35,35
2023-09-08T21:31:07Z,26.33,66.40,100,0,32.29,101.56,153.00,1408.00,null,null,null
2023-09-08T21:32:07Z,26.33,66.36,100,0,33.91,101.57,153.00,1408.00,null,null,null
2023-09-08T21:33:07Z,26.33,66.37,100,0,33.86,101.57,153.00,1408.00,null,null,null
2023-09-08T21:34:07Z,26.33,66.36,100,0,30.58,101.57,151.00,1393.00,null,null,null
2023-09-08T21:35:07Z,26.32,66.38,100,0,30.04,101.57,153.00,1408.00,22,41,41
2023-09-08T21:36:07Z,26.35,66.31,100,0,31.71,101.57,153.00,1408.00,null,null,null
2023-09-08T21:37:07Z,26.32,66.35,100,0,32.27,101.57,153.00,1408.00,null,null,null
2023-09-08T21:38:07Z,26.33,66.34,100,0,31.02,101.57,153.00,1408.00,null,null,null
2023-09-08T21:39:07Z,26.33,66.38,100,0,29.86,101.57,153.00,1408.00,null,null,null
2023-09-08T21:40:07Z,26.32,66.39,100,0,33.27,101.57,153.00,1408.00,25,37,37
2023-09-08T21:41:07Z,26.35,66.43,100,0,29.12,101.57,153.00,1408.00,null,null,null
2023-09-08T21:42:07Z,26.35,66.37,100,0,30.97,101.57,153.00,1408.00,null,null,null
2023-09-08T21:43:07Z,26.33,66.39,100,0,32.53,101.57,153.00,1408.00,null,null,null
2023-09-08T21:44:07Z,26.32,66.39,100,0,29.93,101.57,151.00,1393.00,null,null,null
2023-09-08T21:45:07Z,26.33,66.38,100,0,30.10,101.58,151.00,1393.00,24,33,33
2023-09-08T21:46:07Z,26.33,66.41,100,0,30.07,101.57,151.00,1393.00,null,null,null
2023-09-08T21:47:07Z,26.33,66.41,100,0,32.83,101.57,153.00,1408.00,null,null,null
2023-09-08T21:48:07Z,26.33,66.37,100,0,30.07,101.57,153.00,1408.00,null,null,null
2023-09-08T21:49:07Z,26.35,66.37,100,0,30.72,101.56,153.00,1408.00,null,null,null
2023-09-08T21:50:07Z,26.30,66.38,100,0,29.50,101.56,153.00,1408.00,34,42,42
2023-09-08T21:51:07Z,26.32,66.37,100,0,29.27,101.56,153.00,1408.00,null,null,null
2023-09-08T21:52:07Z,26.32,66.40,100,0,30.26,101.55,153.00,1408.00,null,null,null
2023-09-08T21:53:07Z,26.33,66.38,100,0,32.40,101.56,151.00,1393.00,null,null,null
2023-09-08T21:54:07Z,26.32,66.39,100,0,31.19,101.56,153.00,1408.00,null,null,null
2023-09-08T21:55:07Z,26.32,66.39,100,0,31.31,101.56,153.00,1408.00,27,41,54
2023-09-08T21:56:07Z,26.33,66.43,100,0,30.74,101.56,151.00,1393.00,null,null,null
2023-09-08T21:57:07Z,26.33,66.39,100,0,31.38,101.56,151.00,1393.00,null,null,null
2023-09-08T21:58:07Z,26.33,66.38,100,0,31.31,101.56,151.00,1393.00,null,null,null
2023-09-08T21:59:07Z,26.35,66.40,100,0,29.31,101.56,151.00,1393.00,null,null,null
2023-09-08T22:00:07Z,26.29,66.38,100,0,30.99,101.56,151.00,1393.00,21,31,31
2023-09-08T22:01:07Z,26.33,66.40,100,0,30.97,101.56,151.00,1393.00,null,null,null
2023-09-08T22:02:07Z,26.35,66.38,100,0,34.38,101.56,151.00,1393.00,null,null,null
2023-09-08T22:03:07Z,26.35,66.39,100,0,31.01,101.57,151.00,1393.00,null,null,null
2023-09-08T22:04:07Z,26.33,66.39,100,0,32.14,101.57,151.00,1393.00,null,null,null
2023-09-08T22:05:07Z,26.35,66.40,100,0,32.23,101.57,151.00,1393.00,25,42,49
2023-09-08T22:06:07Z,26.32,66.41,100,0,28.77,101.56,151.00,1393.00,null,null,null
2023-09-08T22:07:07Z,26.35,66.35,100,0,30.89,101.57,151.00,1393.00,null,null,null
2023-09-08T22:08:07Z,26.32,66.35,100,0,29.40,101.56,151.00,1393.00,null,null,null
2023-09-08T22:09:07Z,26.32,66.41,100,0,30.57,101.56,151.00,1393.00,null,null,null
2023-09-08T22:10:07Z,26.32,66.40,100,0,32.61,101.56,151.00,1393.00,22,31,31
2023-09-08T22:11:07Z,26.32,66.41,100,0,30.42,101.55,151.00,1393.00,null,null,null
2023-09-08T22:12:07Z,26.30,66.43,100,0,30.35,101.56,151.00,1393.00,null,null,null
2023-09-08T22:13:07Z,26.33,66.39,100,0,28.89,101.56,151.00,1393.00,null,null,null
2023-09-08T22:14:07Z,26.30,66.39,100,0,33.00,101.56,151.00,1393.00,null,null,null
2023-09-08T22:15:07Z,26.33,66.38,100,0,31.79,101.56,151.00,1393.00,22,35,35
2023-09-08T22:16:07Z,26.33,66.45,100,0,29.92,101.56,151.00,1393.00,null,null,null
2023-09-08T22:17:07Z,26.33,66.41,100,0,31.61,101.56,151.00,1393.00,null,null,null
2023-09-08T22:18:07Z,26.35,66.41,100,0,28.11,101.56,151.00,1393.00,null,null,null
2023-09-08T22:19:07Z,26.33,66.35,100,0,33.78,101.56,151.00,1393.00,null,null,null
2023-09-08T22:20:07Z,26.33,66.39,100,0,28.98,101.56,151.00,1393.00,23,34,34
2023-09-08T22:21:07Z,26.33,66.39,100,0,31.16,101.56,151.00,1393.00,null,null,null
2023-09-08T22:22:07Z,26.36,66.34,100,0,33.39,101.56,147.00,1367.00,null,null,null
2023-09-08T22:23:07Z,26.33,66.38,100,0,29.70,101.57,151.00,1393.00,null,null,null
2023-09-08T22:24:07Z,26.36,66.40,100,0,33.25,101.57,147.00,1367.00,null,null,null
2023-09-08T22:25:07Z,26.30,66.37,100,0,30.91,101.57,147.00,1367.00,21,31,31
2023-09-08T22:26:07Z,26.33,66.39,100,0,30.52,101.56,147.00,1367.00,null,null,null
2023-09-08T22:27:07Z,26.33,66.36,100,0,29.98,101.57,151.00,1393.00,null,null,null
2023-09-08T22:28:07Z,26.35,66.41,100,0,28.50,101.57,147.00,1367.00,null,null,null
2023-09-08T22:29:07Z,26.30,66.40,100,0,30.52,101.57,151.00,1393.00,null,null,null
2023-09-08T22:30:07Z,26.32,66.40,100,0,31.00,101.57,147.00,1367.00,16,18,18
2023-09-08T22:31:07Z,26.33,66.44,100,0,32.28,101.57,147.00,1367.00,null,null,null
2023-09-08T22:32:07Z,26.35,66.39,100,0,33.28,101.57,147.00,1367.00,null,null,null
2023-09-08T22:33:07Z,26.35,66.39,100,0,29.00,101.56,147.00,1367.00,null,null,null
2023-09-08T22:34:07Z,26.33,66.39,100,0,29.67,101.57,147.00,1367.00,null,null,null
2023-09-08T22:35:07Z,26.32,66.41,100,0,33.84,101.57,151.00,1393.00,23,33,33
2023-09-08T22:36:07Z,26.32,66.41,100,0,30.26,101.57,144.00,1349.00,null,null,null
2023-09-08T22:37:07Z,26.35,66.39,100,0,29.58,101.56,147.00,1367.00,null,null,null
2023-09-08T22:38:07Z,26.33,66.36,100,0,33.65,101.56,147.00,1367.00,null,null,null
2023-09-08T22:39:07Z,26.32,66.37,100,0,31.65,101.56,147.00,1367.00,null,null,null
2023-09-08T22:40:07Z,26.33,66.44,100,0,32.36,101.57,147.00,1367.00,21,26,26
2023-09-08T22:41:07Z,26.35,66.41,100,0,33.85,101.57,144.00,1349.00,null,null,null
2023-09-08T22:42:07Z,26.35,66.35,100,0,29.48,101.57,147.00,1367.00,null,null,null
2023-09-08T22:43:07Z,26.36,66.39,100,0,30.39,101.57,147.00,1367.00,null,null,null
2023-09-08T22:44:07Z,26.33,66.34,100,0,29.87,101.57,147.00,1367.00,null,null,null
2023-09-08T22:45:07Z,26.35,66.41,100,0,29.62,101.57,147.00,1367.00,19,35,35
2023-09-08T22:46:07Z,26.35,66.38,100,0,31.41,101.57,144.00,1349.00,null,null,null
2023-09-08T22:47:07Z,26.35,66.39,100,0,28.52,101.57,147.00,1367.00,null,null,null
2023-09-08T22:48:07Z,26.33,66.37,100,0,31.85,101.58,147.00,1367.00,null,null,null
2023-09-08T22:49:07Z,26.35,66.39,100,0,30.38,101.58,147.00,1367.00,null,null,null
2023-09-08T22:50:07Z,26.33,66.36,100,0,29.50,101.58,147.00,1367.00,15,24,24
2023-09-08T22:51:07Z,26.35,66.43,100,0,30.17,101.58,144.00,1349.00,null,null,null
2023-09-08T22:52:07Z,26.35,66.35,100,0,31.72,101.58,147.00,1367.00,null,null,null
2023-09-08T22:53:07Z,26.36,66.35,100,0,30.90,101.57,147.00,1367.00,null,null,null
2023-09-08T22:54:07Z,26.33,66.38,100,0,30.79,101.57,147.00,1367.00,null,null,null
2023-09-08T22:55:07Z,26.33,66.40,100,0,30.74,101.57,147.00,1367.00,28,47,47
2023-09-08T22:56:07Z,26.36,66.36,100,0,29.21,101.56,144.00,1349.00,null,null,null
2023-09-08T22:57:07Z,26.33,66.30,100,0,30.02,101.56,147.00,1367.00,null,null,null
2023-09-08T22:58:07Z,26.35,66.35,100,0,30.51,101.56,147.00,1367.00,null,null,null
2023-09-08T22:59:07Z,26.32,66.35,100,0,35.09,101.56,147.00,1367.00,null,null,null
2023-09-08T23:00:07Z,26.33,66.38,100,0,34.56,101.56,144.00,1349.00,24,41,47
2023-09-08T23:01:07Z,26.35,66.38,100,0,35.82,101.56,144.00,1349.00,null,null,null
2023-09-08T23:02:07Z,26.36,66.38,100,0,28.88,101.56,144.00,1349.00,null,null,null
2023-09-08T23:03:07Z,26.33,66.37,100,0,31.64,101.56,144.00,1349.00,null,null,null
2023-09-08T23:04:07Z,26.35,66.35,100,0,31.41,101.56,144.00,1349.00,null,null,null
2023-09-08T23:05:07Z,26.35,66.36,100,0,30.40,101.56,144.00,1349.00,20,24,24
2023-09-08T23:06:07Z,26.33,66.43,100,0,30.10,101.56,144.00,1349.00,null,null,null
2023-09-08T23:07:07Z,26.36,66.38,100,0,30.30,101.55,144.00,1349.00,null,null,null
2023-09-08T23:08:07Z,26.35,66.28,100,0,30.85,101.56,144.00,1349.00,null,null,null
2023-09-08T23:09:07Z,26.32,66.33,100,0,30.56,101.56,142.00,1334.00,null,null,null
2023-09-08T23:10:07Z,26.32,66.38,100,0,33.23,101.56,144.00,1349.00,19,25,25
2023-09-08T23:11:07Z,26.35,66.38,100,0,34.22,101.56,144.00,1349.00,null,null,null
2023-09-08T23:12:07Z,26.37,66.35,100,0,30.48,101.56,144.00,1349.00,null,null,null
2023-09-08T23:13:07Z,26.33,66.29,100,0,33.15,101.56,144.00,1349.00,null,null,null
2023-09-08T23:14:07Z,26.36,66.35,100,0,30.80,101.56,147.00,1367.00,null,null,null
2023-09-08T23:15:07Z,26.33,66.36,100,0,30.24,101.55,144.00,1349.00,15,23,23
2023-09-08T23:16:07Z,26.35,66.36,100,0,32.19,101.55,142.00,1334.00,null,null,null
2023-09-08T23:17:07Z,26.33,66.34,100,0,29.27,101.55,144.00,1349.00,null,null,null
2023-09-08T23:18:07Z,26.36,66.35,100,0,32.81,101.55,144.00,1349.00,null,null,null
2023-09-08T23:19:07Z,26.35,66.30,100,0,30.22,101.55,144.00,1349.00,null,null,null
2023-09-08T23:20:07Z,26.33,66.35,100,0,34.60,101.55,144.00,1349.00,17,24,24
2023-09-08T23:21:07Z,26.35,66.35,100,0,29.50,101.55,144.00,1349.00,null,null,null
2023-09-08T23:22:07Z,26.35,66.34,100,0,30.46,101.55,142.00,1334.00,null,null,null
2023-09-08T23:23:07Z,26.35,66.34,100,0,32.24,101.55,144.00,1349.00,null,null,null
2023-09-08T23:24:07Z,26.35,66.35,100,0,31.37,101.55,142.00,1334.00,null,null,null
2023-09-08T23:25:07Z,26.30,66.35,100,0,33.34,101.55,144.00,1349.00,18,28,28
2023-09-08T23:26:07Z,26.36,66.35,100,0,31.30,101.55,142.00,1334.00,null,null,null
2023-09-08T23:27:07Z,26.32,66.32,100,0,30.88,101.55,144.00,1349.00,null,null,null
2023-09-08T23:28:07Z,26.36,66.31,100,0,33.14,101.55,142.00,1334.00,null,null,null
2023-09-08T23:29:07Z,26.36,66.33,100,0,29.60,101.54,142.00,1334.00,null,null,null
2023-09-08T23:30:07Z,26.33,66.30,100,0,33.92,101.55,142.00,1334.00,18,22,28
2023-09-08T23:31:07Z,26.36,66.33,100,0,32.29,101.55,142.00,1334.00,null,null,null
2023-09-08T23:32:07Z,26.36,66.29,100,0,30.39,101.54,142.00,1334.00,null,null,null
2023-09-08T23:33:07Z,26.35,66.33,100,0,29.97,101.54,142.00,1334.00,null,null,null
2023-09-08T23:34:07Z,26.35,66.30,100,0,30.57,101.54,142.00,1334.00,null,null,null
2023-09-08T23:35:07Z,26.32,66.35,100,0,33.63,101.53,142.00,1334.00,16,20,32
2023-09-08T23:36:07Z,26.32,66.30,100,0,31.13,101.54,142.00,1334.00,null,null,null
2023-09-08T23:37:07Z,26.36,66.29,100,0,32.51,101.53,142.00,1334.00,null,null,null
2023-09-08T23:38:07Z,26.35,66.26,100,0,30.10,101.54,142.00,1334.00,null,null,null
2023-09-08T23:39:07Z,26.35,66.33,100,0,29.98,101.54,142.00,1334.00,null,null,null
2023-09-08T23:40:07Z,26.32,66.32,100,0,31.35,101.54,142.00,1334.00,14,14,37
2023-09-08T23:41:07Z,26.35,66.33,100,0,29.92,101.54,142.00,1334.00,null,null,null
2023-09-08T23:42:07Z,26.35,66.30,100,0,32.26,101.54,142.00,1334.00,null,null,null
2023-09-08T23:43:07Z,26.37,66.33,100,0,32.59,101.54,142.00,1334.00,null,null,null
2023-09-08T23:44:07Z,26.36,66.29,100,0,29.40,101.53,142.00,1334.00,null,null,null
2023-09-08T23:45:07Z,26.33,66.25,100,0,32.04,101.54,142.00,1334.00,13,17,29
2023-09-08T23:46:07Z,26.33,66.31,100,0,30.12,101.54,142.00,1334.00,null,null,null
2023-09-08T23:47:07Z,26.35,66.28,100,0,30.53,101.55,139.00,1316.00,null,null,null
2023-09-08T23:48:07Z,26.35,66.32,100,0,31.46,101.55,139.00,1316.00,null,null,null
2023-09-08T23:49:07Z,26.32,66.25,100,0,30.91,101.55,139.00,1316.00,null,null,null
2023-09-08T23:50:07Z,26.33,66.32,100,0,29.70,101.56,139.00,1316.00,21,24,24
2023-09-08T23:51:07Z,26.35,66.29,100,0,31.20,101.55,139.00,1316.00,null,null,null
2023-09-08T23:52:07Z,26.33,66.26,100,0,28.87,101.55,139.00,1316.00,null,null,null
2023-09-08T23:53:07Z,26.33,66.26,100,0,30.09,101.55,139.00,1316.00,null,null,null
2023-09-08T23:54:07Z,26.35,66.25,100,0,32.95,101.55,139.00,1316.00,null,null,null
2023-09-08T23:55:07Z,26.32,66.24,100,0,32.69,101.55,139.00,1316.00,16,27,27
2023-09-08T23:56:07Z,26.35,66.28,100,0,30.26,101.55,142.00,1334.00,null,null,null
2023-09-08T23:57:07Z,26.35,66.24,100,0,31.08,101.55,139.00,1316.00,null,null,null
2023-09-08T23:58:07Z,26.33,66.22,100,0,31.72,101.55,142.00,1334.00,null,null,null
2023-09-08T23:59:07Z,26.35,66.22,100,0,29.96,101.56,139.00,1316.00,null,null,null
