TIME,TEMP,HUM,BATT,LIGHT,NOISE_A,PRESS,CCS811_VOCS,CCS811_ECO2,PM_1,PM_25,PM_10
ISO 8601,C,%,%,Lux,dBA,kPa,ppb,ppm,ug/m3,ug/m3,ug/m3
Time,Temperature,Humidity,Battery,Light,Noise dBA,Barometric pressure,VOC Gas CCS811,eCO2 Gas CCS811,PM 1.0,PM 2.5,PM 10.0
,55,56,10,14,53,58,113,112,89,87,88
2023-09-13T00:00:04Z,19.68,70.14,99,0,31.38,101.41,40.00,665.00,0,0,0
2023-09-13T00:01:04Z,19.67,70.05,98,0,34.00,101.41,40.00,665.00,null,null,null
2023-09-13T00:02:04Z,19.70,70.10,98,0,36.03,101.41,41.00,672.00,null,null,null
2023-09-13T00:03:04Z,19.70,70.09,98,0,35.41,101.41,41.00,672.00,null,null,null
2023-09-13T00:04:04Z,19.68,70.29,98,0,33.94,101.42,42.00,678.00,null,null,null
2023-09-13T00:05:04Z,19.67,70.16,98,0,32.14,101.42,41.00,672.00,1,1,1
2023-09-13T00:06:04Z,19.66,69.83,98,0,34.33,101.41,40.00,665.00,null,null,null
2023-09-13T00:07:04Z,19.68,70.05,98,0,32.79,101.42,38.00,650.00,null,null,null
2023-09-13T00:08:04Z,19.68,70.11,98,0,36.63,101.42,39.00,656.00,null,null,null
2023-09-13T00:09:04Z,19.67,70.02,98,0,37.49,101.42,39.00,656.00,null,null,null
2023-09-13T00:10:04Z,19.66,70.03,98,0,38.31,101.42,40.00,665.00,0,0,0
2023-09-13T00:11:04Z,19.67,70.05,98,0,37.77,101.41,40.00,665.00,null,null,null
2023-09-13T00:12:04Z,19.68,70.13,98,0,30.49,101.42,41.00,672.00,null,null,null
2023-09-13T00:13:04Z,19.64,69.64,98,0,30.19,101.42,41.00,672.00,null,null,null
2023-09-13T00:14:04Z,19.60,69.64,98,0,36.73,101.41,39.00,656.00,null,null,null
2023-09-13T00:15:04Z,19.58,69.61,99,0,34.76,101.42,36.00,638.00,0,0,0
2023-09-13T00:16:04Z,19.54,69.74,98,0,34.10,101.42,35.00,633.00,null,null,null
2023-09-13T00:17:04Z,19.53,69.65,98,0,37.94,101.42,33.00,620.00,null,null,null
2023-09-13T00:18:04Z,19.51,69.63,98,0,39.25,101.42,32.00,611.00,null,null,null
2023-09-13T00:19:04Z,19.53,69.98,98,0,34.99,101.42,30.00,602.00,null,null,null
2023-09-13T00:20:04Z,19.48,69.92,98,0,37.76,101.42,30.00,597.00,1,1,1
2023-09-13T00:21:04Z,19.51,69.98,98,0,36.39,101.42,30.00,603.00,null,null,null
2023-09-13T00:22:04Z,19.53,69.93,98,0,37.60,101.42,31.00,607.00,null,null,null
2023-09-13T00:23:04Z,19.51,69.75,98,0,37.08,101.42,32.00,615.00,null,null,null
2023-09-13T00:24:04Z,19.50,69.81,98,0,35.86,101.42,31.00,607.00,null,null,null
2023-09-13T00:25:04Z,19.47,69.77,98,0,32.19,101.42,31.00,607.00,0,0,0
2023-09-13T00:26:04Z,19.48,69.82,99,0,29.76,101.42,31.00,607.00,null,null,null
2023-09-13T00:27:04Z,19.46,69.46,98,0,34.98,101.42,30.00,603.00,null,null,null
2023-09-13T00:28:04Z,19.46,69.38,98,0,32.89,101.42,29.00,592.00,null,null,null
2023-09-13T00:29:04Z,19.38,69.45,99,0,27.97,101.42,27.00,578.00,null,null,null
2023-09-13T00:30:04Z,19.36,69.48,98,0,32.74,101.42,25.00,570.00,0,0,0
2023-09-13T00:31:04Z,19.37,69.64,98,0,35.55,101.43,24.00,560.00,null,null,null
2023-09-13T00:32:04Z,19.34,69.52,98,0,39.85,101.42,23.00,552.00,null,null,null
2023-09-13T00:33:04Z,19.29,69.29,98,0,39.74,101.43,22.00,545.00,null,null,null
2023-09-13T00:34:04Z,19.26,69.29,98,0,32.50,101.43,20.00,533.00,null,null,null
2023-09-13T00:35:04Z,19.23,69.38,98,0,32.98,101.44,19.00,526.00,0,0,0
2023-09-13T00:36:04Z,19.24,69.67,98,0,37.32,101.44,21.00,539.00,null,null,null
2023-09-13T00:37:04Z,19.24,69.62,99,0,37.60,101.44,21.00,543.00,null,null,null
2023-09-13T00:38:04Z,19.26,69.62,98,0,37.67,101.45,22.00,548.00,null,null,null
2023-09-13T00:39:04Z,19.23,69.55,98,0,36.62,101.44,22.00,545.00,null,null,null
2023-09-13T00:40:04Z,19.26,69.62,98,0,42.11,101.45,25.00,569.00,0,0,0
2023-09-13T00:41:04Z,19.26,69.67,98,0,34.48,101.46,22.00,549.00,null,null,null
2023-09-13T00:42:04Z,19.27,69.50,98,0,34.21,101.45,22.00,549.00,null,null,null
2023-09-13T00:43:04Z,19.24,69.08,98,0,34.90,101.46,22.00,545.00,null,null,null
2023-09-13T00:44:04Z,19.23,69.22,98,0,42.19,101.46,23.00,555.00,null,null,null
2023-09-13T00:45:04Z,19.16,69.08,99,0,42.17,101.46,23.00,555.00,0,0,0
2023-09-13T00:46:04Z,19.22,69.36,98,0,39.65,101.46,23.00,552.00,null,null,null
2023-09-13T00:47:04Z,19.19,69.43,99,0,37.78,101.46,22.00,548.00,null,null,null
2023-09-13T00:48:04Z,19.17,69.21,98,0,34.18,101.45,22.00,548.00,null,null,null
2023-09-13T00:49:04Z,19.17,69.01,98,0,34.57,101.47,22.00,548.00,null,null,null
2023-09-13T00:50:04Z,19.16,68.86,98,0,40.15,101.46,22.00,548.00,0,6,6
2023-09-13T00:51:04Z,19.15,68.75,98,0,33.44,101.47,21.00,543.00,null,null,null
2023-09-13T00:52:04Z,19.12,68.40,98,0,35.86,101.47,20.00,537.00,null,null,null
2023-09-13T00:53:04Z,19.13,68.65,98,0,36.28,101.47,21.00,542.00,null,null,null
2023-09-13T00:54:04Z,19.10,68.52,98,0,41.68,101.47,21.00,542.00,null,null,null
2023-09-13T00:55:04Z,19.07,68.17,98,0,33.05,101.47,20.00,534.00,0,0,0
2023-09-13T00:56:04Z,19.07,68.05,98,0,39.62,101.46,18.00,523.00,null,null,null
2023-09-13T00:57:04Z,19.03,67.97,98,0,33.69,101.46,16.00,506.00,null,null,null
2023-09-13T00:58:04Z,18.97,68.04,98,0,38.43,101.46,14.00,495.00,null,null,null
2023-09-13T00:59:04Z,18.96,68.18,99,0,35.37,101.47,13.00,491.00,null,null,null
2023-09-13T01:00:04Z,18.93,68.18,98,0,31.47,101.46,13.00,487.00,0,1,1
2023-09-13T01:01:04Z,18.93,68.16,98,0,42.39,101.46,12.00,482.00,null,null,null
2023-09-13T01:02:04Z,18.90,68.12,98,0,34.99,101.46,11.00,478.00,null,null,null
2023-09-13T01:03:04Z,18.92,68.45,98,0,39.81,101.47,9.00,464.00,null,null,null
2023-09-13T01:04:04Z,18.90,68.56,98,0,36.17,101.46,13.00,486.00,null,null,null
2023-09-13T01:05:04Z,18.87,68.67,98,0,32.47,101.46,13.00,486.00,0,0,0
2023-09-13T01:06:04Z,18.92,68.71,99,0,39.69,101.46,13.00,486.00,null,null,null
2023-09-13T01:07:04Z,18.90,68.68,98,0,37.71,101.46,13.00,491.00,null,null,null
2023-09-13T01:08:04Z,18.93,68.85,98,0,31.45,101.47,15.00,500.00,null,null,null
2023-09-13T01:09:04Z,18.92,68.82,98,0,35.32,101.46,14.00,496.00,null,null,null
2023-09-13T01:10:04Z,18.89,68.82,98,0,37.47,101.46,14.00,496.00,0,0,0
2023-09-13T01:11:04Z,18.93,69.02,98,0,33.60,101.47,15.00,502.00,null,null,null
2023-09-13T01:12:04Z,18.96,68.93,98,0,31.53,101.47,16.00,506.00,null,null,null
2023-09-13T01:13:04Z,18.93,68.90,98,0,32.26,101.47,17.00,514.00,null,null,null
2023-09-13T01:14:04Z,18.96,68.91,98,0,32.66,101.47,19.00,530.00,null,null,null
2023-09-13T01:15:04Z,18.95,68.97,98,0,40.23,101.47,21.00,543.00,0,0,0
2023-09-13T01:16:04Z,18.96,68.96,98,0,31.05,101.47,20.00,534.00,null,null,null
2023-09-13T01:17:04Z,18.97,68.48,98,0,30.08,101.47,20.00,534.00,null,null,null
2023-09-13T01:18:04Z,18.97,68.73,98,0,29.38,101.48,20.00,534.00,null,null,null
2023-09-13T01:19:04Z,18.95,68.52,98,0,37.08,101.48,20.00,534.00,null,null,null
2023-09-13T01:20:04Z,18.93,68.82,98,0,37.74,101.48,19.00,530.00,0,0,0
2023-09-13T01:21:04Z,18.96,68.72,98,0,33.89,101.48,19.00,526.00,null,null,null
2023-09-13T01:22:04Z,18.95,68.79,98,0,29.93,101.48,21.00,539.00,null,null,null
2023-09-13T01:23:04Z,18.95,68.80,98,0,34.09,101.48,20.00,537.00,null,null,null
2023-09-13T01:24:04Z,18.95,68.47,98,0,29.90,101.48,20.00,534.00,null,null,null
2023-09-13T01:25:04Z,18.90,68.57,98,0,31.45,101.47,20.00,534.00,0,0,0
2023-09-13T01:26:04Z,18.93,68.86,98,0,29.27,101.48,19.00,527.00,null,null,null
2023-09-13T01:27:04Z,18.95,68.75,98,0,36.63,101.48,18.00,523.00,null,null,null
2023-09-13T01:28:04Z,18.95,68.84,99,0,33.79,101.48,19.00,530.00,null,null,null
2023-09-13T01:29:04Z,18.93,68.95,98,0,38.65,101.48,20.00,534.00,null,null,null
2023-09-13T01:30:04Z,18.93,69.01,98,0,36.49,101.49,21.00,543.00,1,1,1
2023-09-13T01:31:04Z,18.95,68.92,98,0,35.29,101.49,21.00,543.00,null,null,null
2023-09-13T01:32:04Z,18.93,68.72,98,0,34.50,101.49,21.00,543.00,null,null,null
2023-09-13T01:33:04Z,18.96,69.05,98,0,30.24,101.49,23.00,552.00,null,null,null
2023-09-13T01:34:04Z,18.95,69.22,98,0,30.45,101.49,22.00,548.00,null,null,null
2023-09-13T01:35:04Z,18.96,68.75,98,0,28.81,101.48,23.00,552.00,0,0,0
2023-09-13T01:36:04Z,18.93,68.77,98,0,30.70,101.49,23.00,552.00,null,null,null
2023-09-13T01:37:04Z,18.96,68.92,98,0,43.26,101.49,22.00,548.00,null,null,null
2023-09-13T01:38:04Z,18.95,68.67,98,0,33.56,101.49,23.00,552.00,null,null,null
2023-09-13T01:39:04Z,18.95,68.77,98,0,31.41,101.49,23.00,552.00,null,null,null
2023-09-13T01:40:04Z,18.95,68.58,99,0,34.22,101.49,23.00,552.00,1,1,1
2023-09-13T01:41:04Z,18.97,68.55,99,0,30.66,101.49,23.00,556.00,null,null,null
2023-09-13T01:42:04Z,18.96,68.69,98,0,34.06,101.50,23.00,556.00,null,null,null
2023-09-13T01:43:04Z,18.96,68.53,98,0,31.02,101.50,23.00,556.00,null,null,null
2023-09-13T01:44:04Z,18.93,68.52,98,0,32.94,101.51,23.00,556.00,null,null,null
2023-09-13T01:45:04Z,18.95,68.64,98,0,29.17,101.50,23.00,556.00,5,5,5
2023-09-13T01:46:04Z,18.95,68.50,98,0,32.05,101.50,23.00,556.00,null,null,null
2023-09-13T01:47:04Z,18.96,68.42,98,0,30.69,101.50,23.00,556.00,null,null,null
2023-09-13T01:48:04Z,18.96,68.23,98,0,33.62,101.50,23.00,552.00,null,null,null
2023-09-13T01:49:04Z,18.96,68.31,98,0,35.98,101.51,23.00,552.00,null,null,null
2023-09-13T01:50:04Z,18.93,68.50,98,0,33.08,101.50,22.00,548.00,1,2,2
2023-09-13T01:51:04Z,18.95,68.52,98,0,32.24,101.51,22.00,548.00,null,null,null
2023-09-13T01:52:04Z,18.95,67.87,99,0,34.88,101.50,21.00,539.00,null,null,null
2023-09-13T01:53:04Z,18.93,67.84,98,0,34.68,101.50,20.00,534.00,null,null,null
2023-09-13T01:54:04Z,18.90,68.18,98,0,31.61,101.50,19.00,531.00,null,null,null
2023-09-13T01:55:04Z,18.86,68.28,98,0,33.63,101.50,18.00,523.00,0,0,0
2023-09-13T01:56:04Z,18.89,68.22,98,0,33.45,101.51,17.00,518.00,null,null,null
2023-09-13T01:57:04Z,18.90,68.35,99,0,36.22,101.50,17.00,515.00,null,null,null
2023-09-13T01:58:04Z,18.87,68.12,98,0,36.08,101.50,16.00,506.00,null,null,null
2023-09-13T01:59:04Z,18.86,68.38,98,0,37.15,101.51,17.00,515.00,null,null,null
2023-09-13T02:00:04Z,18.86,68.57,98,0,43.41,101.51,15.00,502.00,2,2,2
2023-09-13T02:01:04Z,18.86,68.51,98,0,37.89,101.51,15.00,502.00,null,null,null
2023-09-13T02:02:04Z,18.85,68.83,98,0,44.66,101.52,16.00,506.00,null,null,null
2023-09-13T02:03:04Z,18.86,68.87,98,0,42.75,101.51,17.00,514.00,null,null,null
2023-09-13T02:04:04Z,18.87,68.93,98,0,28.91,101.51,19.00,530.00,null,null,null
2023-09-13T02:05:04Z,18.87,68.80,98,0,32.53,101.52,20.00,534.00,2,3,3
2023-09-13T02:06:04Z,18.90,68.56,98,0,32.87,101.51,20.00,534.00,null,null,null
2023-09-13T02:07:04Z,18.90,68.64,98,0,34.78,101.51,21.00,542.00,null,null,null
2023-09-13T02:08:04Z,18.92,68.68,98,0,31.65,101.52,21.00,542.00,null,null,null
2023-09-13T02:09:04Z,18.90,68.84,98,0,34.84,101.51,21.00,542.00,null,null,null
2023-09-13T02:10:04Z,18.87,68.69,98,0,41.91,101.52,21.00,543.00,1,1,1
2023-09-13T02:11:04Z,18.90,68.67,99,0,31.40,101.52,23.00,552.00,null,null,null
2023-09-13T02:12:04Z,18.92,68.64,98,0,53.33,101.52,23.00,552.00,null,null,null
2023-09-13T02:13:04Z,18.95,68.77,98,0,29.60,101.51,24.00,561.00,null,null,null
2023-09-13T02:14:04Z,18.93,68.92,98,0,37.68,101.52,25.00,569.00,null,null,null
2023-09-13T02:15:04Z,18.92,68.71,98,0,57.43,101.52,25.00,569.00,1,1,1
2023-09-13T02:16:04Z,18.96,68.89,98,0,29.93,101.52,27.00,578.00,null,null,null
2023-09-13T02:17:04Z,18.97,68.81,98,0,29.96,101.52,27.00,578.00,null,null,null
2023-09-13T02:18:04Z,18.92,68.59,98,0,29.83,101.52,27.00,581.00,null,null,null
2023-09-13T02:19:04Z,18.95,68.53,98,0,38.93,101.52,28.00,588.00,null,null,null
2023-09-13T02:20:04Z,18.96,68.88,98,0,29.49,101.52,29.00,592.00,0,0,0
2023-09-13T02:21:04Z,18.97,68.78,98,0,39.58,101.52,29.00,596.00,null,null,null
2023-09-13T02:22:04Z,18.97,68.72,98,0,35.18,101.52,29.00,596.00,null,null,null
2023-09-13T02:23:04Z,18.97,68.74,99,0,32.96,101.52,29.00,592.00,null,null,null
2023-09-13T02:24:04Z,18.96,68.44,98,0,48.99,101.52,28.00,588.00,null,null,null
2023-09-13T02:25:04Z,18.95,68.83,98,0,34.60,101.53,28.00,588.00,3,3,3
2023-09-13T02:26:04Z,18.96,68.77,98,0,29.56,101.53,27.00,581.00,null,null,null
2023-09-13T02:27:04Z,18.95,68.52,98,0,35.19,101.52,27.00,581.00,null,null,null
2023-09-13T02:28:04Z,18.92,68.61,98,0,37.95,101.53,27.00,578.00,null,null,null
2023-09-13T02:29:04Z,18.92,68.82,98,0,30.94,101.53,27.00,578.00,null,null,null
2023-09-13T02:30:04Z,18.90,68.93,98,0,36.29,101.53,27.00,578.00,1,1,1
2023-09-13T02:31:04Z,18.92,68.70,99,0,31.90,101.53,27.00,578.00,null,null,null
2023-09-13T02:32:04Z,18.95,68.62,98,0,31.54,101.53,28.00,584.00,null,null,null
2023-09-13T02:33:04Z,18.92,68.63,98,0,37.31,101.53,28.00,584.00,null,null,null
2023-09-13T02:34:04Z,18.93,68.46,98,0,33.15,101.53,27.00,578.00,null,null,null
2023-09-13T02:35:04Z,18.90,68.71,98,0,36.48,101.54,28.00,584.00,0,0,0
2023-09-13T02:36:04Z,18.87,68.65,98,0,31.06,101.54,27.00,578.00,null,null,null
2023-09-13T02:37:04Z,18.90,68.61,98,0,39.73,101.54,25.00,567.00,null,null,null
2023-09-13T02:38:04Z,18.86,68.54,98,0,37.74,101.54,25.00,567.00,null,null,null
2023-09-13T02:39:04Z,18.85,68.37,98,0,39.32,101.54,23.00,552.00,null,null,null
2023-09-13T02:40:04Z,18.83,68.45,98,0,37.10,101.54,21.00,539.00,2,2,9
2023-09-13T02:41:04Z,18.83,68.63,99,0,29.64,101.54,21.00,539.00,null,null,null
2023-09-13T02:42:04Z,18.83,68.65,98,0,32.24,101.54,21.00,539.00,null,null,null
2023-09-13T02:43:04Z,18.82,68.74,98,0,30.54,101.54,21.00,539.00,null,null,null
2023-09-13T02:44:04Z,18.82,68.82,99,0,36.78,101.54,21.00,542.00,null,null,null
2023-09-13T02:45:04Z,18.77,68.78,98,0,36.28,101.54,20.00,534.00,2,2,2
2023-09-13T02:46:04Z,18.79,68.86,98,0,39.60,101.54,19.00,526.00,null,null,null
2023-09-13T02:47:04Z,18.82,68.81,99,0,37.61,101.54,20.00,534.00,null,null,null
2023-09-13T02:48:04Z,18.79,69.15,98,0,27.45,101.54,20.00,534.00,null,null,null
2023-09-13T02:49:04Z,18.80,68.91,99,0,30.60,101.54,22.00,548.00,null,null,null
2023-09-13T02:50:04Z,18.79,68.97,99,0,32.67,101.55,22.00,548.00,1,6,6
2023-09-13T02:51:04Z,18.80,69.00,98,0,38.60,101.54,23.00,552.00,null,null,null
2023-09-13T02:52:04Z,18.80,69.06,98,0,40.83,101.54,23.00,552.00,null,null,null
2023-09-13T02:53:04Z,18.82,68.96,98,0,32.48,101.54,21.00,543.00,null,null,null
2023-09-13T02:54:04Z,18.79,68.86,98,0,36.03,101.54,20.00,537.00,null,null,null
2023-09-13T02:55:04Z,18.76,68.91,98,0,36.37,101.53,21.00,543.00,1,1,1
2023-09-13T02:56:04Z,18.79,68.95,98,0,43.50,101.54,21.00,543.00,null,null,null
2023-09-13T02:57:04Z,18.80,69.00,98,0,34.26,101.54,22.00,548.00,null,null,null
2023-09-13T02:58:04Z,18.79,68.97,98,0,30.20,101.54,22.00,548.00,null,null,null
2023-09-13T02:59:04Z,18.77,69.04,98,0,38.84,101.53,23.00,552.00,null,null,null
2023-09-13T03:00:04Z,18.73,69.04,98,0,41.72,101.53,22.00,548.00,0,0,0
2023-09-13T03:01:04Z,18.77,69.13,98,0,33.34,101.54,30.00,599.00,null,null,null
2023-09-13T03:02:04Z,18.77,69.06,98,0,37.15,101.53,21.00,543.00,null,null,null
2023-09-13T03:03:04Z,18.75,69.01,98,0,31.43,101.54,21.00,543.00,null,null,null
2023-09-13T03:04:04Z,18.75,69.30,98,0,33.23,101.53,20.00,534.00,null,null,null
2023-09-13T03:05:04Z,18.75,69.17,98,0,40.86,101.54,21.00,539.00,1,1,1
2023-09-13T03:06:04Z,18.77,69.23,99,0,28.58,101.53,22.00,548.00,null,null,null
2023-09-13T03:07:04Z,18.75,69.09,98,0,31.91,101.53,21.00,543.00,null,null,null
2023-09-13T03:08:04Z,18.73,69.19,98,0,50.79,101.53,23.00,552.00,null,null,null
2023-09-13T03:09:04Z,18.71,69.15,99,0,32.26,101.53,31.00,607.00,null,null,null
2023-09-13T03:10:04Z,18.69,69.25,98,0,34.57,101.53,33.00,623.00,0,1,1
2023-09-13T03:11:04Z,18.71,69.49,98,0,37.33,101.53,33.00,623.00,null,null,null
2023-09-13T03:12:04Z,18.72,69.24,98,0,32.64,101.53,35.00,631.00,null,null,null
2023-09-13T03:13:04Z,18.71,69.18,98,0,30.75,101.53,36.00,637.00,null,null,null
2023-09-13T03:14:04Z,18.69,69.21,99,0,30.47,101.53,36.00,637.00,null,null,null
2023-09-13T03:15:04Z,18.69,69.34,98,0,36.74,101.53,34.00,627.00,0,0,0
2023-09-13T03:16:04Z,18.68,69.49,98,0,41.02,101.53,34.00,627.00,null,null,null
2023-09-13T03:17:04Z,18.71,69.51,99,0,37.71,101.53,36.00,637.00,null,null,null
2023-09-13T03:18:04Z,18.68,69.43,98,0,37.35,101.53,37.00,645.00,null,null,null
2023-09-13T03:19:04Z,18.69,69.58,98,0,38.07,101.53,38.00,650.00,null,null,null
2023-09-13T03:20:04Z,18.66,69.48,98,0,34.70,101.53,39.00,656.00,2,2,2
2023-09-13T03:21:04Z,18.69,69.42,98,0,32.12,101.54,39.00,656.00,null,null,null
2023-09-13T03:22:04Z,18.71,69.35,98,0,31.35,101.54,39.00,656.00,null,null,null
2023-09-13T03:23:04Z,18.71,69.40,98,0,37.81,101.54,39.00,656.00,null,null,null
2023-09-13T03:24:04Z,18.71,69.36,99,0,32.37,101.54,39.00,656.00,null,null,null
2023-09-13T03:25:04Z,18.71,69.49,98,0,33.32,101.54,39.00,656.00,1,1,1
2023-09-13T03:26:04Z,18.69,69.50,98,0,32.63,101.54,39.00,656.00,null,null,null
2023-09-13T03:27:04Z,18.69,69.28,98,0,34.14,101.54,38.00,650.00,null,null,null
2023-09-13T03:28:04Z,18.66,69.33,98,0,30.69,101.54,37.00,645.00,null,null,null
2023-09-13T03:29:04Z,18.68,69.44,98,0,36.07,101.54,37.00,645.00,null,null,null
2023-09-13T03:30:04Z,18.65,69.49,99,0,33.46,101.54,37.00,645.00,1,5,5
2023-09-13T03:31:04Z,18.69,69.48,98,0,35.43,101.54,37.00,645.00,null,null,null
2023-09-13T03:32:04Z,18.69,69.60,98,0,34.40,101.54,38.00,650.00,null,null,null
2023-09-13T03:33:04Z,18.66,69.54,98,0,32.84,101.54,38.00,650.00,null,null,null
2023-09-13T03:34:04Z,18.66,69.45,98,0,34.96,101.54,39.00,656.00,null,null,null
2023-09-13T03:35:04Z,18.64,69.62,98,0,37.24,101.54,39.00,656.00,3,3,3
2023-09-13T03:36:04Z,18.69,69.69,98,0,36.89,101.54,39.00,659.00,null,null,null
2023-09-13T03:37:04Z,18.71,69.59,98,0,31.48,101.54,39.00,659.00,null,null,null
2023-09-13T03:38:04Z,18.69,69.58,98,0,32.82,101.54,40.00,668.00,null,null,null
2023-09-13T03:39:04Z,18.68,69.52,98,0,47.04,101.54,41.00,675.00,null,null,null
2023-09-13T03:40:04Z,18.66,69.70,98,0,32.42,101.53,40.00,668.00,1,1,1
2023-09-13T03:41:04Z,18.68,69.66,98,0,30.75,101.54,40.00,668.00,null,null,null
2023-09-13T03:42:04Z,18.68,69.58,99,0,33.48,101.54,40.00,668.00,null,null,null
2023-09-13T03:43:04Z,18.68,69.52,98,0,32.75,101.54,40.00,668.00,null,null,null
2023-09-13T03:44:04Z,18.66,69.53,98,0,32.99,101.53,39.00,659.00,null,null,null
2023-09-13T03:45:04Z,18.66,69.47,98,0,41.07,101.54,40.00,668.00,1,1,1
2023-09-13T03:46:04Z,18.66,69.75,98,0,40.57,101.54,41.00,675.00,null,null,null
2023-09-13T03:47:04Z,18.68,69.70,99,0,40.04,101.54,39.00,660.00,null,null,null
2023-09-13T03:48:04Z,18.68,69.48,98,0,31.07,101.53,41.00,675.00,null,null,null
2023-09-13T03:49:04Z,18.66,69.66,98,0,37.03,101.53,41.00,675.00,null,null,null
2023-09-13T03:50:04Z,18.66,69.55,98,0,38.44,101.54,40.00,668.00,2,5,5
2023-09-13T03:51:04Z,18.65,69.48,98,0,37.85,101.54,40.00,668.00,null,null,null
2023-09-13T03:52:04Z,18.66,69.60,98,0,34.63,101.54,39.00,659.00,null,null,null
2023-09-13T03:53:04Z,18.68,69.69,98,0,36.19,101.53,39.00,659.00,null,null,null
2023-09-13T03:54:04Z,18.68,69.82,98,0,37.90,101.54,40.00,668.00,null,null,null
2023-09-13T03:55:04Z,18.65,69.86,98,0,39.80,101.54,41.00,675.00,1,1,1
2023-09-13T03:56:04Z,18.66,69.77,98,0,38.43,101.54,42.00,682.00,null,null,null
2023-09-13T03:57:04Z,18.72,70.00,98,0,36.60,101.54,43.00,686.00,null,null,null
2023-09-13T03:58:04Z,18.71,69.81,98,0,35.42,101.54,45.00,699.00,null,null,null
2023-09-13T03:59:04Z,18.73,69.63,98,0,34.04,101.54,46.00,702.00,null,null,null
2023-09-13T04:00:04Z,18.69,69.74,98,0,29.47,101.54,46.00,708.00,0,0,16
2023-09-13T04:01:04Z,18.72,69.82,98,0,30.83,101.54,46.00,708.00,null,null,null
2023-09-13T04:02:04Z,18.71,69.61,98,0,45.25,101.54,46.00,702.00,null,null,null
2023-09-13T04:03:04Z,18.72,69.48,98,0,37.12,101.54,46.00,704.00,null,null,null
2023-09-13T04:04:04Z,18.71,69.55,98,0,36.92,101.54,46.00,708.00,null,null,null
2023-09-13T04:05:04Z,18.71,69.79,98,0,33.83,101.54,45.00,700.00,2,2,2
2023-09-13T04:06:04Z,18.72,69.72,98,0,33.71,101.54,46.00,702.00,null,null,null
2023-09-13T04:07:04Z,18.73,69.98,99,0,34.66,101.55,47.00,714.00,null,null,null
2023-09-13T04:08:04Z,18.75,69.72,98,0,33.14,101.55,47.00,714.00,null,null,null
2023-09-13T04:09:04Z,18.73,69.63,98,0,47.97,101.55,40.00,666.00,null,null,null
2023-09-13T04:10:04Z,18.72,69.88,98,0,34.20,101.55,51.00,735.00,0,0,0
2023-09-13T04:11:04Z,18.76,69.87,99,0,46.44,101.55,49.00,726.00,null,null,null
2023-09-13T04:12:04Z,18.75,69.51,98,0,35.52,101.55,38.00,652.00,null,null,null
2023-09-13T04:13:04Z,18.73,69.45,98,0,33.00,101.55,38.00,652.00,null,null,null
2023-09-13T04:14:04Z,18.68,69.53,99,0,32.41,101.55,46.00,704.00,null,null,null
2023-09-13T04:15:04Z,18.69,69.58,98,0,33.52,101.55,44.00,692.00,4,4,4
2023-09-13T04:16:04Z,18.69,69.67,98,0,48.63,101.56,43.00,688.00,null,null,null
2023-09-13T04:17:04Z,18.68,69.76,98,0,39.02,101.56,43.00,688.00,null,null,null
2023-09-13T04:18:04Z,18.69,69.86,99,0,34.77,101.56,42.00,682.00,null,null,null
2023-09-13T04:19:04Z,18.68,69.92,99,0,34.52,101.56,43.00,686.00,null,null,null
2023-09-13T04:20:04Z,18.68,70.03,98,0,48.37,101.56,43.00,686.00,1,1,1
2023-09-13T04:21:04Z,18.69,70.11,98,0,35.80,101.57,44.00,694.00,null,null,null
2023-09-13T04:22:04Z,18.71,69.86,98,0,37.79,101.56,45.00,699.00,null,null,null
2023-09-13T04:23:04Z,18.73,70.12,98,0,42.19,101.57,46.00,708.00,null,null,null
2023-09-13T04:24:04Z,18.72,70.08,98,0,57.01,101.57,47.00,714.00,null,null,null
2023-09-13T04:25:04Z,18.73,70.13,98,0,37.09,101.57,49.00,726.00,4,4,4
2023-09-13T04:26:04Z,18.75,70.10,98,0,35.30,101.57,50.00,730.00,null,null,null
2023-09-13T04:27:04Z,18.72,69.75,99,0,34.80,101.57,39.00,659.00,null,null,null
2023-09-13T04:28:04Z,18.75,69.79,99,0,39.09,101.57,49.00,726.00,null,null,null
2023-09-13T04:29:04Z,18.75,69.76,98,0,34.15,101.57,39.00,659.00,null,null,null
2023-09-13T04:30:04Z,18.72,69.78,98,0,42.11,101.58,39.00,659.00,1,1,1
2023-09-13T04:31:04Z,18.76,70.20,98,0,36.77,101.57,49.00,726.00,null,null,null
2023-09-13T04:32:04Z,18.76,69.75,98,0,35.46,101.57,39.00,659.00,null,null,null
2023-09-13T04:33:04Z,18.75,69.89,98,0,45.54,101.57,39.00,659.00,null,null,null
2023-09-13T04:34:04Z,18.75,69.85,98,0,35.44,101.57,40.00,665.00,null,null,null
2023-09-13T04:35:04Z,18.75,70.23,98,0,35.01,101.57,39.00,659.00,1,1,1
2023-09-13T04:36:04Z,18.75,69.87,98,0,34.18,101.57,39.00,659.00,null,null,null
2023-09-13T04:37:04Z,18.75,69.97,98,0,41.42,101.57,39.00,659.00,null,null,null
2023-09-13T04:38:04Z,18.75,70.09,98,0,32.45,101.57,40.00,665.00,null,null,null
2023-09-13T04:39:04Z,18.75,69.92,98,0,47.09,101.57,41.00,672.00,null,null,null
2023-09-13T04:40:04Z,18.76,70.06,98,0,37.26,101.57,44.00,692.00,0,0,0
2023-09-13T04:41:04Z,18.75,70.23,98,0,38.35,101.57,45.00,697.00,null,null,null
2023-09-13T04:42:04Z,18.76,69.95,98,0,36.52,101.57,45.00,697.00,null,null,null
2023-09-13T04:43:04Z,18.79,69.92,98,0,41.14,101.57,45.00,697.00,null,null,null
2023-09-13T04:44:04Z,18.76,69.95,98,0,38.23,101.57,45.00,697.00,null,null,null
2023-09-13T04:45:04Z,18.75,69.80,98,0,28.67,101.58,46.00,708.00,0,0,0
2023-09-13T04:46:04Z,18.77,69.72,98,0,35.88,101.58,44.00,692.00,null,null,null
2023-09-13T04:47:04Z,18.77,70.11,98,0,36.25,101.58,45.00,699.00,null,null,null
2023-09-13T04:48:04Z,18.79,69.70,98,0,31.93,101.58,43.00,686.00,null,null,null
2023-09-13T04:49:04Z,18.79,69.79,98,0,37.54,101.58,45.00,699.00,null,null,null
2023-09-13T04:50:04Z,18.77,69.81,98,0,33.17,101.58,44.00,692.00,2,2,2
2023-09-13T04:51:04Z,18.79,69.94,98,0,33.38,101.58,44.00,692.00,null,null,null
2023-09-13T04:52:04Z,18.82,69.79,98,0,35.84,101.59,45.00,697.00,null,null,null
2023-09-13T04:53:04Z,18.79,69.99,98,0,32.69,101.59,45.00,697.00,null,null,null
2023-09-13T04:54:04Z,18.77,69.74,99,0,36.87,101.58,46.00,708.00,null,null,null
2023-09-13T04:55:04Z,18.82,69.93,98,0,37.57,101.58,48.00,717.00,0,0,0
2023-09-13T04:56:04Z,18.80,69.86,98,0,37.12,101.58,50.00,730.00,null,null,null
2023-09-13T04:57:04Z,18.83,69.51,98,0,39.95,101.58,46.00,708.00,null,null,null
2023-09-13T04:58:04Z,18.80,69.51,98,0,31.38,101.58,45.00,699.00,null,null,null
2023-09-13T04:59:04Z,18.77,69.49,98,0,38.74,101.59,44.00,692.00,null,null,null
2023-09-13T05:00:04Z,18.77,69.70,98,0,37.02,101.59,43.00,686.00,1,1,1
2023-09-13T05:01:04Z,18.76,69.85,98,0,42.93,101.60,42.00,678.00,null,null,null
2023-09-13T05:02:04Z,18.75,69.62,98,0,31.35,101.59,41.00,672.00,null,null,null
2023-09-13T05:03:04Z,18.76,69.62,98,0,43.27,101.60,40.00,666.00,null,null,null
2023-09-13T05:04:04Z,18.72,69.69,98,0,40.42,101.60,40.00,666.00,null,null,null
2023-09-13T05:05:04Z,18.73,69.63,98,0,39.93,101.60,50.00,732.00,2,2,2
2023-09-13T05:06:04Z,18.77,69.54,98,0,33.43,101.60,48.00,719.00,null,null,null
2023-09-13T05:07:04Z,18.75,69.55,98,0,42.87,101.60,38.00,652.00,null,null,null
2023-09-13T05:08:04Z,18.76,69.69,98,0,36.06,101.60,38.00,652.00,null,null,null
2023-09-13T05:09:04Z,18.75,69.74,98,0,42.56,101.60,38.00,652.00,null,null,null
2023-09-13T05:10:04Z,18.71,69.64,98,0,31.75,101.60,37.00,646.00,2,2,2
2023-09-13T05:11:04Z,18.72,69.54,98,0,33.16,101.60,46.00,704.00,null,null,null
2023-09-13T05:12:04Z,18.69,69.56,98,0,37.47,101.61,46.00,708.00,null,null,null
2023-09-13T05:13:04Z,18.71,69.53,98,0,39.08,101.60,46.00,708.00,null,null,null
2023-09-13T05:14:04Z,18.71,69.53,99,0,38.39,101.61,46.00,708.00,null,null,null
2023-09-13T05:15:04Z,18.69,69.60,98,0,36.56,101.60,46.00,708.00,0,2,2
2023-09-13T05:16:04Z,18.66,69.46,98,0,33.32,101.61,46.00,708.00,null,null,null
2023-09-13T05:17:04Z,18.72,69.27,98,0,36.10,101.61,46.00,704.00,null,null,null
2023-09-13T05:18:04Z,18.71,69.49,98,0,31.31,101.61,46.00,704.00,null,null,null
2023-09-13T05:19:04Z,18.69,69.43,98,0,33.02,101.62,46.00,704.00,null,null,null
2023-09-13T05:20:04Z,18.68,69.58,98,0,35.69,101.61,46.00,708.00,3,4,4
2023-09-13T05:21:04Z,18.71,69.60,98,0,37.88,101.62,47.00,714.00,null,null,null
2023-09-13T05:22:04Z,18.72,69.74,98,0,34.75,101.62,51.00,735.00,null,null,null
2023-09-13T05:23:04Z,18.72,69.80,98,0,35.15,101.62,53.00,752.00,null,null,null
2023-09-13T05:24:04Z,18.72,69.54,98,0,33.76,101.62,54.00,759.00,null,null,null
2023-09-13T05:25:04Z,18.71,69.64,98,0,38.74,101.62,58.00,783.00,2,2,2
2023-09-13T05:26:04Z,18.75,69.75,98,0,32.21,101.62,62.00,813.00,null,null,null
2023-09-13T05:27:04Z,18.73,69.31,98,0,37.08,101.62,50.00,730.00,null,null,null
2023-09-13T05:28:04Z,18.73,69.38,98,0,38.01,101.63,61.00,804.00,null,null,null
2023-09-13T05:29:04Z,18.72,69.45,98,0,34.57,101.63,60.00,795.00,null,null,null
2023-09-13T05:30:04Z,18.71,69.35,98,0,40.17,101.63,58.00,787.00,6,6,6
2023-09-13T05:31:04Z,18.72,69.25,98,0,34.32,101.63,58.00,783.00,null,null,null
2023-09-13T05:32:04Z,18.68,69.13,99,0,37.44,101.63,55.00,765.00,null,null,null
2023-09-13T05:33:04Z,18.69,69.37,98,0,42.72,101.63,56.00,772.00,null,null,null
2023-09-13T05:34:04Z,18.68,69.50,99,0,38.68,101.64,55.00,765.00,null,null,null
2023-09-13T05:35:04Z,18.68,69.69,98,0,36.43,101.64,55.00,765.00,1,1,1
2023-09-13T05:36:04Z,18.68,69.24,98,0,39.52,101.64,54.00,759.00,null,null,null
2023-09-13T05:37:04Z,18.68,69.32,98,0,40.06,101.64,54.00,759.00,null,null,null
2023-09-13T05:38:04Z,18.66,69.49,98,0,38.71,101.64,52.00,744.00,null,null,null
2023-09-13T05:39:04Z,18.68,69.72,98,0,35.41,101.64,52.00,744.00,null,null,null
2023-09-13T05:40:04Z,18.68,69.54,98,0,40.00,101.64,54.00,759.00,3,3,3
2023-09-13T05:41:04Z,18.69,69.39,98,0,36.70,101.64,54.00,759.00,null,null,null
2023-09-13T05:42:04Z,18.72,69.58,98,0,42.01,101.65,55.00,765.00,null,null,null
2023-09-13T05:43:04Z,18.71,69.61,98,0,35.29,101.65,56.00,770.00,null,null,null
2023-09-13T05:44:04Z,18.71,69.65,98,0,41.16,101.65,58.00,787.00,null,null,null
2023-09-13T05:45:04Z,18.75,69.63,98,0,38.68,101.65,62.00,813.00,4,4,4
2023-09-13T05:46:04Z,18.75,69.10,98,0,38.78,101.65,51.00,735.00,null,null,null
2023-09-13T05:47:04Z,18.75,68.88,98,0,34.01,101.65,49.00,728.00,null,null,null
2023-09-13T05:48:04Z,18.71,68.73,99,0,38.37,101.66,46.00,708.00,null,null,null
2023-09-13T05:49:04Z,18.71,68.72,98,0,39.54,101.66,56.00,772.00,null,null,null
2023-09-13T05:50:04Z,18.71,69.15,98,0,34.76,101.66,55.00,765.00,2,2,2
2023-09-13T05:51:04Z,18.71,69.19,98,0,35.89,101.66,55.00,765.00,null,null,null
2023-09-13T05:52:04Z,18.69,69.04,98,0,40.44,101.67,56.00,772.00,null,null,null
2023-09-13T05:53:04Z,18.72,69.17,98,0,38.67,101.67,55.00,765.00,null,null,null
2023-09-13T05:54:04Z,18.69,69.03,98,0,33.72,101.67,56.00,772.00,null,null,null
2023-09-13T05:55:04Z,18.71,69.12,98,0,37.29,101.67,57.00,776.00,1,1,1
2023-09-13T05:56:04Z,18.73,68.98,98,0,35.71,101.67,57.00,776.00,null,null,null
2023-09-13T05:57:04Z,18.73,68.97,98,0,39.73,101.68,57.00,776.00,null,null,null
2023-09-13T05:58:04Z,18.71,68.96,98,0,39.64,101.68,59.00,791.00,null,null,null
2023-09-13T05:59:04Z,18.71,68.77,98,0,35.96,101.68,56.00,772.00,null,null,null
2023-09-13T06:00:04Z,18.72,68.76,98,0,37.42,101.69,55.00,765.00,3,4,4
2023-09-13T06:01:04Z,18.72,68.71,98,0,36.21,101.69,55.00,765.00,null,null,null
2023-09-13T06:02:04Z,18.72,68.74,98,0,38.94,101.69,55.00,765.00,null,null,null
2023-09-13T06:03:04Z,18.71,68.73,98,0,34.46,101.69,56.00,772.00,null,null,null
2023-09-13T06:04:04Z,18.69,68.71,98,0,34.44,101.70,57.00,778.00,null,null,null
2023-09-13T06:05:04Z,18.69,68.73,98,0,40.59,101.70,56.00,772.00,1,2,2
2023-09-13T06:06:04Z,18.71,68.76,98,0,35.50,101.70,55.00,765.00,null,null,null
2023-09-13T06:07:04Z,18.68,68.52,98,0,38.40,101.70,53.00,749.00,null,null,null
2023-09-13T06:08:04Z,18.64,68.56,98,0,37.56,101.71,52.00,744.00,null,null,null
2023-09-13T06:09:04Z,18.62,68.58,98,0,37.15,101.71,50.00,730.00,null,null,null
2023-09-13T06:10:04Z,18.56,68.74,98,0,38.96,101.71,48.00,719.00,4,7,7
2023-09-13T06:11:04Z,18.56,68.72,98,0,36.36,101.72,47.00,715.00,null,null,null
2023-09-13T06:12:04Z,18.58,68.89,99,0,33.76,101.72,47.00,712.00,null,null,null
2023-09-13T06:13:04Z,18.56,68.93,98,0,32.69,101.72,47.00,710.00,null,null,null
2023-09-13T06:14:04Z,18.55,68.83,98,0,32.71,101.72,47.00,710.00,null,null,null
2023-09-13T06:15:04Z,18.54,68.82,98,0,43.63,101.72,47.00,710.00,10,13,19
2023-09-13T06:16:04Z,18.54,68.82,98,0,41.36,101.73,45.00,699.00,null,null,null
2023-09-13T06:17:04Z,18.55,68.93,98,0,35.39,101.72,46.00,706.00,null,null,null
2023-09-13T06:18:04Z,18.58,69.12,98,0,38.27,101.72,47.00,710.00,null,null,null
2023-09-13T06:19:04Z,18.56,69.20,98,0,37.93,101.72,48.00,719.00,null,null,null
2023-09-13T06:20:04Z,18.55,69.21,99,0,44.64,101.73,52.00,742.00,3,3,3
2023-09-13T06:21:04Z,18.58,69.06,98,0,39.95,101.73,52.00,742.00,null,null,null
2023-09-13T06:22:04Z,18.61,69.06,98,0,39.04,101.73,54.00,759.00,null,null,null
2023-09-13T06:23:04Z,18.56,68.76,98,0,42.79,101.72,54.00,759.00,null,null,null
2023-09-13T06:24:04Z,18.55,68.74,98,0,39.91,101.73,51.00,737.00,null,null,null
2023-09-13T06:25:04Z,18.52,68.57,98,0,44.54,101.73,51.00,735.00,3,3,3
2023-09-13T06:26:04Z,18.52,68.63,98,0,41.13,101.72,50.00,730.00,null,null,null
2023-09-13T06:27:04Z,18.51,68.74,98,0,40.63,101.73,50.00,730.00,null,null,null
2023-09-13T06:28:04Z,18.49,68.58,98,0,43.21,101.73,47.00,712.00,null,null,null
2023-09-13T06:29:04Z,18.45,68.64,98,0,41.98,101.73,47.00,712.00,null,null,null
2023-09-13T06:30:04Z,18.45,68.99,99,41,37.87,101.73,46.00,704.00,3,3,19
2023-09-13T06:31:04Z,18.47,69.03,98,43,42.98,101.74,45.00,699.00,null,null,null
2023-09-13T06:32:04Z,18.49,69.03,98,47,40.99,101.74,47.00,710.00,null,null,null
2023-09-13T06:33:04Z,18.47,69.12,98,64,36.84,101.75,47.00,710.00,null,null,null
2023-09-13T06:34:04Z,18.45,69.15,99,68,51.06,101.75,47.00,710.00,null,null,null
2023-09-13T06:35:04Z,18.44,69.22,98,78,44.08,101.75,48.00,719.00,2,6,6
2023-09-13T06:36:04Z,18.45,69.24,98,85,44.00,101.75,47.00,710.00,null,null,null
2023-09-13T06:37:04Z,18.47,69.24,99,84,40.38,101.75,47.00,714.00,null,null,null
2023-09-13T06:38:04Z,18.42,69.32,98,92,37.69,101.75,47.00,714.00,null,null,null
2023-09-13T06:39:04Z,18.44,69.43,98,94,36.14,101.75,47.00,714.00,null,null,null
2023-09-13T06:40:04Z,18.44,69.46,98,98,38.50,101.75,47.00,714.00,2,3,3
2023-09-13T06:41:04Z,18.45,69.60,98,102,38.12,101.75,50.00,732.00,null,null,null
2023-09-13T06:42:04Z,18.44,69.45,98,104,43.05,101.76,51.00,735.00,null,null,null
2023-09-13T06:43:04Z,18.45,69.47,98,103,39.62,101.75,51.00,735.00,null,null,null
2023-09-13T06:44:04Z,18.42,69.29,98,104,35.33,101.76,50.00,732.00,null,null,null
2023-09-13T06:45:04Z,18.42,69.31,98,104,35.42,101.75,50.00,732.00,1,6,6
2023-09-13T06:46:04Z,18.41,69.33,98,98,42.25,101.76,47.00,714.00,null,null,null
2023-09-13T06:47:04Z,18.39,69.39,98,95,40.55,101.76,46.00,708.00,null,null,null
2023-09-13T06:48:04Z,18.38,69.46,98,91,42.29,101.76,46.00,708.00,null,null,null
2023-09-13T06:49:04Z,18.38,69.40,99,88,40.59,101.76,46.00,704.00,null,null,null
2023-09-13T06:50:04Z,18.32,69.40,98,88,38.04,101.76,47.00,714.00,5,8,8
2023-09-13T06:51:04Z,18.34,69.46,98,71,43.53,101.77,46.00,708.00,null,null,null
2023-09-13T06:52:04Z,18.32,69.58,98,73,59.68,101.77,46.00,708.00,null,null,null
2023-09-13T06:53:04Z,18.36,70.66,98,33,36.49,101.77,47.00,714.00,null,null,null
2023-09-13T06:54:04Z,18.39,71.01,98,29,38.33,101.77,50.00,732.00,null,null,null
2023-09-13T06:55:04Z,18.39,71.11,98,25,52.48,101.77,52.00,746.00,3,3,19
2023-09-13T06:56:04Z,18.41,70.82,98,36,39.71,101.78,53.00,749.00,null,null,null
2023-09-13T06:57:04Z,18.41,70.73,98,30,47.61,101.78,56.00,768.00,null,null,null
2023-09-13T06:58:04Z,18.39,70.77,98,39,39.70,101.78,57.00,780.00,null,null,null
2023-09-13T06:59:04Z,18.39,71.55,98,38,43.57,101.78,59.00,793.00,null,null,null
2023-09-13T07:00:04Z,18.41,71.32,98,26,36.73,101.79,60.00,800.00,2,2,2
2023-09-13T07:01:04Z,18.44,70.84,99,31,36.80,101.79,60.00,800.00,null,null,null
2023-09-13T07:02:04Z,18.44,70.77,98,36,40.78,101.79,62.00,813.00,null,null,null
2023-09-13T07:03:04Z,18.44,71.13,98,36,44.25,101.80,63.00,819.00,null,null,null
2023-09-13T07:04:04Z,18.47,71.45,98,49,69.15,101.80,68.00,851.00,null,null,null
2023-09-13T07:05:04Z,18.51,71.82,98,37,42.49,101.80,73.00,880.00,1,1,1
2023-09-13T07:06:04Z,18.54,72.34,98,36,57.50,101.80,86.00,967.00,null,null,null
2023-09-13T07:07:04Z,18.55,71.41,98,32,40.51,101.80,86.00,970.00,null,null,null
2023-09-13T07:08:04Z,18.55,71.47,99,41,65.44,101.80,94.00,1019.00,null,null,null
2023-09-13T07:09:04Z,18.54,71.15,98,33,67.32,101.80,94.00,1019.00,null,null,null
2023-09-13T07:10:04Z,18.55,71.35,99,35,67.98,101.80,99.00,1050.00,65,154,170
2023-09-13T07:11:04Z,18.58,71.26,98,33,37.85,101.81,94.00,1019.00,null,null,null
2023-09-13T07:12:04Z,18.58,70.87,98,48,65.40,101.81,94.00,1019.00,null,null,null
2023-09-13T07:13:04Z,18.61,70.68,98,54,44.94,101.80,93.00,1012.00,null,null,null
2023-09-13T07:14:04Z,18.56,70.67,98,59,42.98,101.81,94.00,1019.00,null,null,null
2023-09-13T07:15:04Z,18.59,70.76,98,83,67.58,101.81,94.00,1019.00,93,167,236
2023-09-13T07:16:04Z,18.59,70.76,98,61,68.36,101.81,92.00,1007.00,null,null,null
2023-09-13T07:17:04Z,18.58,70.31,98,109,48.32,101.81,90.00,995.00,null,null,null
2023-09-13T07:18:04Z,18.59,70.53,98,112,48.12,101.81,90.00,992.00,null,null,null
2023-09-13T07:19:04Z,18.62,70.66,98,119,67.97,101.80,92.00,1004.00,null,null,null
2023-09-13T07:20:04Z,18.61,70.71,98,112,67.76,101.81,90.00,992.00,110,210,257
2023-09-13T07:21:04Z,18.62,70.57,99,118,68.62,101.81,90.00,992.00,null,null,null
2023-09-13T07:22:04Z,18.65,70.06,98,163,58.96,101.82,87.00,972.00,null,null,null
2023-09-13T07:23:04Z,18.61,69.77,98,242,57.25,101.81,87.00,972.00,null,null,null
2023-09-13T07:24:04Z,18.58,69.80,98,266,51.87,101.81,83.00,945.00,null,null,null
2023-09-13T07:25:04Z,18.61,70.05,98,305,51.09,101.81,81.00,933.00,78,135,162
2023-09-13T07:26:04Z,18.62,70.27,98,219,53.05,101.82,79.00,925.00,null,null,null
2023-09-13T07:27:04Z,18.61,70.40,98,284,42.86,101.82,79.00,925.00,null,null,null
2023-09-13T07:28:04Z,18.64,70.34,98,581,43.47,101.82,79.00,925.00,null,null,null
2023-09-13T07:29:04Z,18.64,70.29,98,370,56.16,101.82,79.00,925.00,null,null,null
2023-09-13T07:30:04Z,18.66,70.31,98,522,48.84,101.81,78.00,918.00,24,52,52
2023-09-13T07:31:04Z,18.68,70.15,98,481,49.63,101.82,78.00,918.00,null,null,null
2023-09-13T07:32:04Z,18.68,69.72,98,587,50.77,101.82,76.00,905.00,null,null,null
2023-09-13T07:33:04Z,18.66,69.53,98,684,46.54,101.82,73.00,885.00,null,null,null
2023-09-13T07:34:04Z,18.68,69.70,99,723,39.68,101.82,72.00,874.00,null,null,null
2023-09-13T07:35:04Z,18.68,69.86,98,655,45.11,101.82,72.00,874.00,6,12,12
2023-09-13T07:36:04Z,18.72,69.79,98,581,37.31,101.82,70.00,863.00,null,null,null
2023-09-13T07:37:04Z,18.75,69.83,98,563,40.14,101.82,71.00,868.00,null,null,null
2023-09-13T07:38:04Z,18.76,70.09,98,541,43.14,101.82,61.00,802.00,null,null,null
2023-09-13T07:39:04Z,18.79,70.12,98,472,38.27,101.82,62.00,810.00,null,null,null
2023-09-13T07:40:04Z,18.82,70.23,98,776,35.90,101.82,65.00,827.00,5,5,5
2023-09-13T07:41:04Z,18.87,70.31,98,822,41.83,101.82,66.00,834.00,null,null,null
2023-09-13T07:42:04Z,18.93,70.25,98,827,42.99,101.82,67.00,846.00,null,null,null
2023-09-13T07:43:04Z,18.93,69.77,98,705,38.04,101.82,65.00,827.00,null,null,null
2023-09-13T07:44:04Z,18.97,69.66,98,779,40.54,101.82,66.00,834.00,null,null,null
2023-09-13T07:45:04Z,18.96,69.59,98,387,38.50,101.82,66.00,834.00,9,9,9
2023-09-13T07:46:04Z,18.96,68.99,98,836,38.29,101.82,64.00,825.00,null,null,null
2023-09-13T07:47:04Z,18.99,69.00,98,815,39.29,101.82,64.00,825.00,null,null,null
2023-09-13T07:48:04Z,19.02,69.13,98,831,38.46,101.82,63.00,815.00,null,null,null
2023-09-13T07:49:04Z,19.03,69.05,98,853,37.48,101.82,61.00,806.00,null,null,null
2023-09-13T07:50:04Z,19.03,69.06,98,908,44.28,101.82,61.00,806.00,5,5,15
2023-09-13T07:51:04Z,19.05,69.04,98,938,36.11,101.83,61.00,806.00,null,null,null
2023-09-13T07:52:04Z,19.06,68.94,98,975,37.25,101.83,61.00,802.00,null,null,null
2023-09-13T07:53:04Z,19.05,68.31,98,803,35.09,101.82,58.00,785.00,null,null,null
2023-09-13T07:54:04Z,19.03,68.42,98,958,39.63,101.82,54.00,757.00,null,null,null
2023-09-13T07:55:04Z,19.05,68.53,98,846,44.14,101.82,53.00,748.00,1,2,13
2023-09-13T07:56:04Z,19.07,68.45,98,991,40.59,101.83,50.00,733.00,null,null,null
2023-09-13T07:57:04Z,19.10,68.57,98,968,38.96,101.82,50.00,733.00,null,null,null
2023-09-13T07:58:04Z,19.12,68.33,98,966,41.98,101.82,50.00,733.00,null,null,null
2023-09-13T07:59:04Z,19.10,68.17,99,1048,40.05,101.82,46.00,704.00,null,null,null
2023-09-13T08:00:04Z,19.13,68.22,98,1052,38.88,101.82,46.00,704.00,2,2,2
2023-09-13T08:01:04Z,19.16,68.21,98,1015,40.27,101.82,45.00,697.00,null,null,null
2023-09-13T08:02:04Z,19.17,68.05,98,1097,37.86,101.81,45.00,697.00,null,null,null
2023-09-13T08:03:04Z,19.22,67.93,98,994,40.24,101.82,43.00,683.00,null,null,null
2023-09-13T08:04:04Z,19.20,68.10,98,1047,39.22,101.81,43.00,688.00,null,null,null
2023-09-13T08:05:04Z,19.23,68.16,98,887,41.30,101.83,45.00,697.00,2,2,2
2023-09-13T08:06:04Z,19.27,68.24,98,1041,39.18,101.81,46.00,704.00,null,null,null
2023-09-13T08:07:04Z,19.33,68.12,98,1119,37.23,101.81,43.00,688.00,null,null,null
2023-09-13T08:08:04Z,19.37,68.11,98,1175,39.03,101.80,45.00,697.00,null,null,null
2023-09-13T08:09:04Z,19.41,68.12,98,1171,36.80,101.81,46.00,702.00,null,null,null
2023-09-13T08:10:04Z,19.41,68.03,98,1185,40.35,101.81,47.00,710.00,0,0,0
2023-09-13T08:11:04Z,19.44,67.31,98,1166,41.59,101.81,46.00,702.00,null,null,null
2023-09-13T08:12:04Z,19.48,67.47,98,1172,46.12,101.80,45.00,697.00,null,null,null
2023-09-13T08:13:04Z,19.50,67.34,98,970,43.76,101.80,45.00,697.00,null,null,null
2023-09-13T08:14:04Z,19.51,67.22,98,1225,38.86,101.80,43.00,688.00,null,null,null
2023-09-13T08:15:04Z,19.53,67.33,98,1158,39.98,101.80,43.00,688.00,2,2,2
2023-09-13T08:16:04Z,19.57,67.16,98,1209,38.18,101.81,42.00,678.00,null,null,null
2023-09-13T08:17:04Z,19.55,66.62,98,1193,40.56,101.81,39.00,656.00,null,null,null
2023-09-13T08:18:04Z,19.53,66.56,98,1153,40.94,101.81,37.00,643.00,null,null,null
2023-09-13T08:19:04Z,19.51,66.60,98,1209,38.72,101.81,33.00,623.00,null,null,null
2023-09-13T08:20:04Z,19.51,66.49,98,1200,35.29,101.80,32.00,612.00,1,2,2
2023-09-13T08:21:04Z,19.47,66.35,98,1193,38.18,101.80,28.00,584.00,null,null,null
2023-09-13T08:22:04Z,19.54,66.70,99,1238,40.22,101.81,26.00,575.00,null,null,null
2023-09-13T08:23:04Z,19.53,66.78,98,1195,42.03,101.81,26.00,575.00,null,null,null
2023-09-13T08:24:04Z,19.55,66.84,98,1223,38.02,101.81,27.00,578.00,null,null,null
2023-09-13T08:25:04Z,19.58,66.80,98,1129,34.93,101.82,28.00,586.00,1,1,1
2023-09-13T08:26:04Z,19.63,66.85,98,1140,43.70,101.81,27.00,578.00,null,null,null
2023-09-13T08:27:04Z,19.67,66.78,98,1160,38.88,101.81,28.00,586.00,null,null,null
2023-09-13T08:28:04Z,19.70,66.78,98,1140,42.02,101.81,29.00,592.00,null,null,null
2023-09-13T08:29:04Z,19.73,66.82,98,1118,37.70,101.82,30.00,597.00,null,null,null
2023-09-13T08:30:04Z,19.73,66.42,98,954,41.24,101.82,30.00,602.00,3,3,3
2023-09-13T08:31:04Z,19.77,66.36,98,490,49.14,101.83,30.00,602.00,null,null,null
2023-09-13T08:32:04Z,19.81,66.14,98,1158,38.47,101.82,23.00,553.00,null,null,null
2023-09-13T08:33:04Z,19.80,65.41,99,1126,39.47,101.82,23.00,555.00,null,null,null
2023-09-13T08:34:04Z,19.81,65.94,99,983,40.99,101.82,21.00,543.00,null,null,null
2023-09-13T08:35:04Z,19.82,66.08,98,523,35.83,101.83,20.00,536.00,1,1,1
2023-09-13T08:36:04Z,19.82,65.88,98,380,37.16,101.82,20.00,536.00,null,null,null
2023-09-13T08:37:04Z,19.82,66.22,99,1130,39.42,101.82,23.00,551.00,null,null,null
2023-09-13T08:38:04Z,19.88,65.95,98,1111,41.51,101.82,23.00,555.00,null,null,null
2023-09-13T08:39:04Z,19.88,65.83,98,1090,38.04,101.82,23.00,555.00,null,null,null
2023-09-13T08:40:04Z,19.88,65.87,98,932,39.95,101.83,23.00,555.00,2,2,2
2023-09-13T08:41:04Z,19.94,65.86,98,991,42.68,101.83,24.00,561.00,null,null,null
2023-09-13T08:42:04Z,19.95,65.92,98,663,39.84,101.84,25.00,565.00,null,null,null
2023-09-13T08:43:04Z,19.98,65.74,98,956,38.50,101.83,25.00,570.00,null,null,null
2023-09-13T08:44:04Z,20.01,65.61,99,1011,38.20,101.83,26.00,575.00,null,null,null
2023-09-13T08:45:04Z,19.99,65.94,98,999,37.74,101.83,27.00,578.00,4,6,6
2023-09-13T08:46:04Z,20.05,65.83,98,592,40.39,101.84,26.00,577.00,null,null,null
2023-09-13T08:47:04Z,20.15,65.67,98,968,40.56,101.84,29.00,594.00,null,null,null
2023-09-13T08:48:04Z,20.18,65.71,98,522,41.73,101.84,30.00,602.00,null,null,null
2023-09-13T08:49:04Z,20.17,65.59,98,665,35.88,101.85,33.00,617.00,null,null,null
2023-09-13T08:50:04Z,20.19,65.75,98,352,39.34,101.85,33.00,623.00,5,7,7
2023-09-13T08:51:04Z,20.19,65.76,99,337,39.88,101.85,34.00,626.00,null,null,null
2023-09-13T08:52:04Z,20.22,66.09,98,328,38.58,101.85,36.00,640.00,null,null,null
2023-09-13T08:53:04Z,20.25,66.12,98,254,35.61,101.85,37.00,645.00,null,null,null
2023-09-13T08:54:04Z,20.24,66.09,98,219,40.12,101.85,30.00,599.00,null,null,null
2023-09-13T08:55:04Z,20.21,66.00,98,210,37.59,101.85,39.00,659.00,5,10,10
2023-09-13T08:56:04Z,20.21,65.55,98,210,36.71,101.86,38.00,652.00,null,null,null
2023-09-13T08:57:04Z,20.19,65.63,98,204,38.01,101.86,39.00,657.00,null,null,null
2023-09-13T08:58:04Z,20.17,65.57,98,189,38.36,101.86,39.00,657.00,null,null,null
2023-09-13T08:59:04Z,20.14,65.56,98,180,36.02,101.86,39.00,657.00,null,null,null
2023-09-13T09:00:04Z,20.11,65.69,98,176,38.68,101.86,40.00,666.00,3,3,3
2023-09-13T09:01:04Z,20.15,65.61,98,216,35.91,101.86,41.00,672.00,null,null,null
2023-09-13T09:02:04Z,20.12,65.49,98,233,38.62,101.86,40.00,666.00,null,null,null
2023-09-13T09:03:04Z,20.15,65.50,98,248,38.25,101.86,40.00,666.00,null,null,null
2023-09-13T09:04:04Z,20.14,65.47,98,232,40.39,101.86,40.00,666.00,null,null,null
2023-09-13T09:05:04Z,20.11,65.41,98,224,38.45,101.87,39.00,657.00,1,1,1
2023-09-13T09:06:04Z,20.06,65.50,98,230,39.05,101.87,38.00,650.00,null,null,null
2023-09-13T09:07:04Z,20.09,65.52,98,271,40.46,101.86,39.00,657.00,null,null,null
2023-09-13T09:08:04Z,20.09,65.54,98,287,40.80,101.86,39.00,657.00,null,null,null
2023-09-13T09:09:04Z,20.08,65.36,98,274,39.14,101.86,39.00,657.00,null,null,null
2023-09-13T09:10:04Z,20.05,65.17,98,279,38.90,101.86,39.00,657.00,3,3,3
2023-09-13T09:11:04Z,20.06,65.25,98,298,42.63,101.87,39.00,656.00,null,null,null
2023-09-13T09:12:04Z,20.06,64.94,98,339,38.68,101.86,37.00,645.00,null,null,null
2023-09-13T09:13:04Z,20.05,65.05,98,353,39.00,101.86,37.00,646.00,null,null,null
2023-09-13T09:14:04Z,20.06,64.88,98,340,41.10,101.87,35.00,633.00,null,null,null
2023-09-13T09:15:04Z,19.99,64.33,98,334,36.79,101.86,34.00,627.00,2,2,2
2023-09-13T09:16:04Z,19.97,64.19,98,453,35.53,101.86,30.00,599.00,null,null,null
2023-09-13T09:17:04Z,19.97,64.47,98,449,37.76,101.86,29.00,594.00,null,null,null
2023-09-13T09:18:04Z,19.95,64.59,99,392,38.26,101.87,29.00,591.00,null,null,null
2023-09-13T09:19:04Z,19.92,64.66,98,398,39.65,101.87,28.00,588.00,null,null,null
2023-09-13T09:20:04Z,19.92,64.88,98,360,38.44,101.87,27.00,580.00,0,0,11
2023-09-13T09:21:04Z,19.92,65.14,98,348,39.23,101.87,26.00,574.00,null,null,null
2023-09-13T09:22:04Z,19.97,65.18,98,355,40.93,101.87,26.00,574.00,null,null,null
2023-09-13T09:23:04Z,19.94,64.92,98,511,39.88,101.87,27.00,580.00,null,null,null
2023-09-13T09:24:04Z,19.94,64.76,98,370,36.11,101.87,26.00,574.00,null,null,null
2023-09-13T09:25:04Z,19.92,64.73,98,545,37.75,101.87,25.00,566.00,1,1,17
2023-09-13T09:26:04Z,19.95,64.85,98,413,39.67,101.87,26.00,572.00,null,null,null
2023-09-13T09:27:04Z,19.97,64.81,98,417,37.28,101.87,25.00,566.00,null,null,null
2023-09-13T09:28:04Z,19.95,65.01,98,525,35.44,101.87,25.00,566.00,null,null,null
2023-09-13T09:29:04Z,19.97,65.20,98,362,39.65,101.87,26.00,574.00,null,null,null
2023-09-13T09:30:04Z,19.97,65.19,98,295,37.64,101.87,26.00,574.00,3,3,3
2023-09-13T09:31:04Z,19.98,64.98,98,254,37.01,101.88,26.00,574.00,null,null,null
2023-09-13T09:32:04Z,19.98,65.11,98,261,36.87,101.88,26.00,574.00,null,null,null
2023-09-13T09:33:04Z,19.95,64.93,99,221,37.82,101.87,26.00,574.00,null,null,null
2023-09-13T09:34:04Z,19.98,65.17,98,284,44.46,101.87,26.00,574.00,null,null,null
2023-09-13T09:35:04Z,19.95,65.18,98,397,40.67,101.88,26.00,574.00,0,0,15
2023-09-13T09:36:04Z,19.98,65.43,98,514,41.28,101.88,27.00,580.00,null,null,null
2023-09-13T09:37:04Z,19.98,65.16,98,515,39.65,101.88,27.00,581.00,null,null,null
2023-09-13T09:38:04Z,20.01,65.20,98,471,38.71,101.88,28.00,588.00,null,null,null
2023-09-13T09:39:04Z,20.01,65.30,98,238,38.17,101.88,28.00,588.00,null,null,null
2023-09-13T09:40:04Z,20.01,65.24,99,192,36.61,101.89,28.00,588.00,1,1,1
2023-09-13T09:41:04Z,20.02,64.86,98,207,38.20,101.88,28.00,584.00,null,null,null
2023-09-13T09:42:04Z,20.01,64.65,98,257,36.83,101.88,27.00,580.00,null,null,null
2023-09-13T09:43:04Z,19.99,64.66,99,348,39.11,101.88,26.00,577.00,null,null,null
2023-09-13T09:44:04Z,19.99,64.67,98,290,38.71,101.89,26.00,572.00,null,null,null
2023-09-13T09:45:04Z,19.97,64.74,98,312,39.24,101.88,26.00,572.00,2,4,4
2023-09-13T09:46:04Z,19.99,64.87,98,294,39.11,101.88,26.00,572.00,null,null,null
2023-09-13T09:47:04Z,20.01,65.05,98,169,34.40,101.89,25.00,566.00,null,null,null
2023-09-13T09:48:04Z,20.01,65.07,98,159,35.02,101.88,25.00,570.00,null,null,null
2023-09-13T09:49:04Z,20.02,65.16,98,109,37.81,101.88,26.00,574.00,null,null,null
2023-09-13T09:50:04Z,20.01,65.22,98,103,39.76,101.88,27.00,580.00,1,1,8
2023-09-13T09:51:04Z,20.01,65.04,98,115,36.08,101.88,26.00,574.00,null,null,null
2023-09-13T09:52:04Z,20.02,64.92,98,131,33.82,101.88,26.00,574.00,null,null,null
2023-09-13T09:53:04Z,20.02,65.14,99,164,39.47,101.89,26.00,574.00,null,null,null
2023-09-13T09:54:04Z,20.01,64.92,98,265,40.55,101.88,25.00,570.00,null,null,null
2023-09-13T09:55:04Z,20.02,65.09,98,211,41.72,101.89,26.00,574.00,2,3,3
2023-09-13T09:56:04Z,20.02,65.17,98,270,39.98,101.88,26.00,574.00,null,null,null
2023-09-13T09:57:04Z,20.04,65.07,98,161,40.74,101.88,28.00,584.00,null,null,null
2023-09-13T09:58:04Z,20.06,65.14,98,163,40.40,101.88,28.00,588.00,null,null,null
2023-09-13T09:59:04Z,20.04,65.33,98,133,35.17,101.88,28.00,588.00,null,null,null
2023-09-13T10:00:04Z,20.04,65.20,98,145,35.07,101.88,28.00,588.00,2,4,4
2023-09-13T10:01:04Z,20.06,65.26,98,154,41.45,101.88,30.00,597.00,null,null,null
2023-09-13T10:02:04Z,20.06,65.14,98,142,37.18,101.88,29.00,592.00,null,null,null
2023-09-13T10:03:04Z,20.11,65.32,98,138,37.65,101.88,31.00,607.00,null,null,null
2023-09-13T10:04:04Z,20.08,65.15,98,166,36.86,101.87,33.00,617.00,null,null,null
2023-09-13T10:05:04Z,20.08,65.13,98,172,38.14,101.87,34.00,627.00,3,3,3
2023-09-13T10:06:04Z,20.12,65.06,98,168,38.94,101.88,34.00,627.00,null,null,null
2023-09-13T10:07:04Z,20.11,64.83,98,147,37.82,101.88,34.00,627.00,null,null,null
2023-09-13T10:08:04Z,20.11,65.00,98,164,36.92,101.87,35.00,633.00,null,null,null
2023-09-13T10:09:04Z,20.09,64.83,98,155,35.82,101.87,35.00,633.00,null,null,null
2023-09-13T10:10:04Z,20.14,64.49,98,164,38.85,101.88,34.00,627.00,2,2,2
2023-09-13T10:11:04Z,20.11,64.24,98,162,33.96,101.88,35.00,634.00,null,null,null
2023-09-13T10:12:04Z,20.14,64.18,99,164,36.25,101.88,34.00,626.00,null,null,null
2023-09-13T10:13:04Z,20.12,64.35,99,173,42.36,101.88,34.00,626.00,null,null,null
2023-09-13T10:14:04Z,20.11,64.23,98,174,40.80,101.88,32.00,615.00,null,null,null
2023-09-13T10:15:04Z,20.11,64.18,98,179,42.62,101.87,33.00,618.00,1,1,1
2023-09-13T10:16:04Z,20.11,63.74,98,175,40.41,101.87,30.00,602.00,null,null,null
2023-09-13T10:17:04Z,20.11,63.39,98,187,42.43,101.88,30.00,602.00,null,null,null
2023-09-13T10:18:04Z,20.11,63.59,99,198,42.49,101.88,29.00,596.00,null,null,null
2023-09-13T10:19:04Z,20.09,63.69,98,215,39.62,101.88,28.00,589.00,null,null,null
2023-09-13T10:20:04Z,20.09,63.79,98,208,35.86,101.88,28.00,586.00,0,0,0
2023-09-13T10:21:04Z,20.12,64.11,98,198,39.62,101.88,28.00,584.00,null,null,null
2023-09-13T10:22:04Z,20.12,64.12,98,195,37.85,101.88,28.00,584.00,null,null,null
2023-09-13T10:23:04Z,20.11,63.99,98,191,40.46,101.88,28.00,584.00,null,null,null
2023-09-13T10:24:04Z,20.11,63.73,99,177,40.22,101.88,27.00,580.00,null,null,null
2023-09-13T10:25:04Z,20.09,63.57,98,175,41.22,101.88,27.00,580.00,1,1,1
2023-09-13T10:26:04Z,20.12,63.69,99,173,44.21,101.88,25.00,569.00,null,null,null
2023-09-13T10:27:04Z,20.12,63.66,98,169,38.67,101.88,26.00,575.00,null,null,null
2023-09-13T10:28:04Z,20.12,63.90,98,154,36.35,101.88,26.00,575.00,null,null,null
2023-09-13T10:29:04Z,20.11,63.89,98,140,44.58,101.88,25.00,565.00,null,null,null
2023-09-13T10:30:04Z,20.11,63.68,98,153,35.88,101.88,25.00,565.00,0,0,0
2023-09-13T10:31:04Z,20.11,63.80,98,166,40.68,101.88,24.00,560.00,null,null,null
2023-09-13T10:32:04Z,20.12,63.96,98,204,35.67,101.88,23.00,556.00,null,null,null
2023-09-13T10:33:04Z,20.12,63.91,98,183,34.76,101.88,25.00,565.00,null,null,null
2023-09-13T10:34:04Z,20.14,63.84,98,213,40.12,101.88,25.00,565.00,null,null,null
2023-09-13T10:35:04Z,20.11,63.87,98,189,38.15,101.89,25.00,565.00,3,3,3
2023-09-13T10:36:04Z,20.11,64.07,98,183,39.91,101.89,23.00,556.00,null,null,null
2023-09-13T10:37:04Z,20.15,63.79,98,190,41.06,101.89,23.00,556.00,null,null,null
2023-09-13T10:38:04Z,20.14,64.13,98,189,41.62,101.89,25.00,565.00,null,null,null
2023-09-13T10:39:04Z,20.18,64.20,98,199,42.56,101.89,25.00,570.00,null,null,null
2023-09-13T10:40:04Z,20.15,64.24,99,199,38.04,101.88,27.00,580.00,0,0,0
2023-09-13T10:41:04Z,20.17,64.12,98,200,36.92,101.88,29.00,591.00,null,null,null
2023-09-13T10:42:04Z,20.21,64.17,98,201,37.08,101.89,30.00,597.00,null,null,null
2023-09-13T10:43:04Z,20.21,64.08,98,191,39.94,101.88,31.00,607.00,null,null,null
2023-09-13T10:44:04Z,20.22,64.41,98,200,39.81,101.88,31.00,607.00,null,null,null
2023-09-13T10:45:04Z,20.19,64.14,98,190,36.80,101.89,30.00,603.00,1,1,1
2023-09-13T10:46:04Z,20.24,64.30,98,185,35.11,101.89,32.00,615.00,null,null,null
2023-09-13T10:47:04Z,20.25,64.23,98,173,40.54,101.89,32.00,612.00,null,null,null
2023-09-13T10:48:04Z,20.25,64.08,98,168,39.26,101.89,25.00,567.00,null,null,null
2023-09-13T10:49:04Z,20.24,64.28,98,179,35.77,101.89,26.00,574.00,null,null,null
2023-09-13T10:50:04Z,20.25,63.71,98,165,38.52,101.89,33.00,623.00,0,0,11
2023-09-13T10:51:04Z,20.22,63.59,98,170,38.20,101.89,25.00,569.00,null,null,null
2023-09-13T10:52:04Z,20.25,63.70,98,166,39.23,101.89,31.00,607.00,null,null,null
2023-09-13T10:53:04Z,20.24,63.55,98,156,36.43,101.89,23.00,552.00,null,null,null
2023-09-13T10:54:04Z,20.24,63.80,98,168,36.25,101.89,31.00,607.00,null,null,null
2023-09-13T10:55:04Z,20.27,63.94,99,175,38.71,101.89,31.00,607.00,2,2,2
2023-09-13T10:56:04Z,20.28,64.21,98,166,35.53,101.89,25.00,567.00,null,null,null
2023-09-13T10:57:04Z,20.29,64.34,98,169,36.73,101.89,28.00,586.00,null,null,null
2023-09-13T10:58:04Z,20.35,64.16,98,178,38.68,101.90,28.00,588.00,null,null,null
2023-09-13T10:59:04Z,20.29,63.55,98,146,37.55,101.89,28.00,586.00,null,null,null
2023-09-13T11:00:04Z,20.29,63.67,98,124,64.22,101.89,27.00,578.00,0,1,17
2023-09-13T11:01:04Z,20.32,63.87,98,131,43.07,101.89,27.00,578.00,null,null,null
2023-09-13T11:02:04Z,20.33,63.86,98,127,43.47,101.89,25.00,567.00,null,null,null
2023-09-13T11:03:04Z,20.33,63.91,98,132,39.34,101.89,25.00,567.00,null,null,null
2023-09-13T11:04:04Z,20.33,63.76,98,130,46.39,101.90,25.00,565.00,null,null,null
2023-09-13T11:05:04Z,20.32,63.71,98,129,38.37,101.89,25.00,565.00,0,0,0
2023-09-13T11:06:04Z,20.33,63.85,98,128,38.27,101.89,25.00,569.00,null,null,null
2023-09-13T11:07:04Z,20.35,63.59,98,136,37.33,101.89,25.00,567.00,null,null,null
2023-09-13T11:08:04Z,20.35,63.58,98,146,50.85,101.89,24.00,564.00,null,null,null
2023-09-13T11:09:04Z,20.35,63.80,98,151,38.54,101.89,24.00,564.00,null,null,null
2023-09-13T11:10:04Z,20.33,63.64,98,158,35.07,101.89,25.00,567.00,0,0,0
2023-09-13T11:11:04Z,20.35,63.80,98,177,37.35,101.89,25.00,569.00,null,null,null
2023-09-13T11:12:04Z,20.36,63.68,99,142,40.59,101.89,25.00,565.00,null,null,null
2023-09-13T11:13:04Z,20.38,63.82,99,115,40.40,101.89,26.00,572.00,null,null,null
2023-09-13T11:14:04Z,20.36,63.79,98,106,39.27,101.89,25.00,565.00,null,null,null
2023-09-13T11:15:04Z,20.33,63.69,98,102,38.85,101.89,25.00,565.00,0,0,11
2023-09-13T11:16:04Z,20.41,63.73,98,96,40.05,101.90,24.00,564.00,null,null,null
2023-09-13T11:17:04Z,20.38,63.53,98,85,39.32,101.89,24.00,564.00,null,null,null
2023-09-13T11:18:04Z,20.38,63.64,98,76,34.74,101.90,23.00,556.00,null,null,null
2023-09-13T11:19:04Z,20.39,63.89,98,72,44.17,101.90,23.00,556.00,null,null,null
2023-09-13T11:20:04Z,20.36,63.98,98,70,45.21,101.90,22.00,548.00,1,1,1
2023-09-13T11:21:04Z,20.39,64.24,98,65,37.80,101.90,22.00,548.00,null,null,null
2023-09-13T11:22:04Z,20.39,63.88,98,62,44.42,101.90,22.00,545.00,null,null,null
2023-09-13T11:23:04Z,20.38,63.79,98,64,40.85,101.90,22.00,545.00,null,null,null
2023-09-13T11:24:04Z,20.38,63.91,98,64,42.11,101.90,22.00,545.00,null,null,null
2023-09-13T11:25:04Z,20.39,63.92,98,64,41.06,101.91,22.00,545.00,4,9,24
2023-09-13T11:26:04Z,20.38,64.04,98,65,41.23,101.91,22.00,545.00,null,null,null
2023-09-13T11:27:04Z,20.39,64.20,98,60,41.56,101.91,22.00,548.00,null,null,null
2023-09-13T11:28:04Z,20.39,64.34,98,60,41.93,101.91,23.00,552.00,null,null,null
2023-09-13T11:29:04Z,20.39,64.15,98,56,40.52,101.91,23.00,553.00,null,null,null
2023-09-13T11:30:04Z,20.36,63.35,98,51,47.99,101.91,23.00,552.00,7,7,7
2023-09-13T11:31:04Z,20.41,62.97,98,53,39.29,101.91,22.00,549.00,null,null,null
2023-09-13T11:32:04Z,20.39,62.48,98,47,40.54,101.91,21.00,539.00,null,null,null
2023-09-13T11:33:04Z,20.36,62.50,98,51,35.99,101.91,19.00,529.00,null,null,null
2023-09-13T11:34:04Z,20.32,62.51,98,54,42.02,101.91,18.00,520.00,null,null,null
2023-09-13T11:35:04Z,20.31,62.23,98,54,38.18,101.91,15.00,501.00,0,1,17
2023-09-13T11:36:04Z,20.33,62.89,98,55,42.93,101.91,15.00,502.00,null,null,null
2023-09-13T11:37:04Z,20.33,62.86,98,56,39.51,101.91,14.00,493.00,null,null,null
2023-09-13T11:38:04Z,20.33,63.01,98,59,39.09,101.91,14.00,496.00,null,null,null
2023-09-13T11:39:04Z,20.32,62.92,98,63,37.97,101.91,15.00,500.00,null,null,null
2023-09-13T11:40:04Z,20.35,62.97,98,69,41.90,101.92,16.00,506.00,3,3,3
2023-09-13T11:41:04Z,20.33,63.01,98,66,41.30,101.92,16.00,506.00,null,null,null
2023-09-13T11:42:04Z,20.36,62.93,98,60,36.29,101.92,15.00,500.00,null,null,null
2023-09-13T11:43:04Z,20.35,63.13,98,55,41.10,101.92,14.00,496.00,null,null,null
2023-09-13T11:44:04Z,20.33,63.19,99,53,36.60,101.92,14.00,496.00,null,null,null
2023-09-13T11:45:04Z,20.33,63.24,98,52,40.96,101.92,16.00,506.00,0,0,0
2023-09-13T11:46:04Z,20.32,63.10,98,50,36.10,101.91,16.00,506.00,null,null,null
2023-09-13T11:47:04Z,20.32,62.97,98,50,37.63,101.92,15.00,500.00,null,null,null
2023-09-13T11:48:04Z,20.33,63.09,98,49,39.53,101.91,14.00,493.00,null,null,null
2023-09-13T11:49:04Z,20.31,63.07,98,49,37.73,101.92,12.00,485.00,null,null,null
2023-09-13T11:50:04Z,20.28,63.08,98,50,39.40,101.92,12.00,485.00,3,7,7
2023-09-13T11:51:04Z,20.32,63.36,98,50,44.45,101.92,12.00,485.00,null,null,null
2023-09-13T11:52:04Z,20.29,63.52,98,50,37.65,101.92,12.00,483.00,null,null,null
2023-09-13T11:53:04Z,20.31,63.68,98,49,56.59,101.92,13.00,487.00,null,null,null
2023-09-13T11:54:04Z,20.29,63.64,98,50,41.70,101.92,14.00,495.00,null,null,null
2023-09-13T11:55:04Z,20.33,63.80,98,53,40.71,101.92,15.00,505.00,0,0,0
2023-09-13T11:56:04Z,20.33,63.72,98,52,40.31,101.93,16.00,508.00,null,null,null
2023-09-13T11:57:04Z,20.35,63.73,98,56,45.02,101.93,18.00,523.00,null,null,null
2023-09-13T11:58:04Z,20.36,63.47,98,60,44.17,101.93,19.00,529.00,null,null,null
2023-09-13T11:59:04Z,20.36,63.60,98,61,40.62,101.93,19.00,529.00,null,null,null
2023-09-13T12:00:04Z,20.36,63.60,98,63,39.11,101.93,20.00,533.00,1,1,1
2023-09-13T12:01:04Z,20.38,63.30,98,62,40.55,101.93,19.00,529.00,null,null,null
2023-09-13T12:02:04Z,20.35,63.31,98,64,41.70,101.93,18.00,523.00,null,null,null
2023-09-13T12:03:04Z,20.36,63.38,98,64,41.79,101.93,17.00,517.00,null,null,null
2023-09-13T12:04:04Z,20.38,63.33,98,64,42.23,101.93,18.00,523.00,null,null,null
2023-09-13T12:05:04Z,20.35,63.28,98,67,42.72,101.93,18.00,523.00,2,6,6
2023-09-13T12:06:04Z,20.36,63.47,99,70,43.67,101.93,18.00,523.00,null,null,null
2023-09-13T12:07:04Z,20.38,63.40,98,72,43.58,101.93,20.00,533.00,null,null,null
2023-09-13T12:08:04Z,20.35,63.06,98,75,46.97,101.93,20.00,533.00,null,null,null
2023-09-13T12:09:04Z,20.35,63.03,98,74,50.68,101.92,20.00,534.00,null,null,null
2023-09-13T12:10:04Z,20.33,63.28,98,78,38.71,101.93,19.00,529.00,2,2,2
2023-09-13T12:11:04Z,20.33,63.32,98,78,40.54,101.93,18.00,523.00,null,null,null
2023-09-13T12:12:04Z,20.36,63.53,99,76,41.16,101.93,19.00,529.00,null,null,null
2023-09-13T12:13:04Z,20.36,63.57,98,73,42.38,101.93,20.00,533.00,null,null,null
2023-09-13T12:14:04Z,20.35,63.35,99,70,39.51,101.93,20.00,537.00,null,null,null
2023-09-13T12:15:04Z,20.39,63.52,98,72,38.15,101.93,20.00,533.00,3,3,3
2023-09-13T12:16:04Z,20.39,63.46,98,72,37.59,101.93,19.00,529.00,null,null,null
2023-09-13T12:17:04Z,20.39,63.31,98,68,40.80,101.93,19.00,529.00,null,null,null
2023-09-13T12:18:04Z,20.41,63.27,98,69,39.53,101.93,17.00,517.00,null,null,null
2023-09-13T12:19:04Z,20.39,63.40,98,66,37.00,101.93,18.00,523.00,null,null,null
2023-09-13T12:20:04Z,20.33,63.20,98,67,37.84,101.94,17.00,517.00,4,7,14
2023-09-13T12:21:04Z,20.36,63.07,99,66,40.23,101.93,18.00,519.00,null,null,null
2023-09-13T12:22:04Z,20.39,63.23,98,67,39.31,101.93,17.00,515.00,null,null,null
2023-09-13T12:23:04Z,20.39,63.36,98,70,39.34,101.93,18.00,519.00,null,null,null
2023-09-13T12:24:04Z,20.38,63.39,98,72,43.44,101.93,17.00,517.00,null,null,null
2023-09-13T12:25:04Z,20.39,63.52,98,72,38.96,101.93,20.00,533.00,1,1,1
2023-09-13T12:26:04Z,20.41,63.30,98,75,47.12,101.93,20.00,533.00,null,null,null
2023-09-13T12:27:04Z,20.42,63.14,98,73,43.35,101.93,20.00,537.00,null,null,null
2023-09-13T12:28:04Z,20.41,63.19,98,76,37.32,101.93,21.00,543.00,null,null,null
2023-09-13T12:29:04Z,20.41,63.38,98,77,39.19,101.93,22.00,546.00,null,null,null
2023-09-13T12:30:04Z,20.39,63.14,98,80,41.88,101.93,22.00,549.00,0,0,0
2023-09-13T12:31:04Z,20.42,62.87,98,82,40.52,101.93,23.00,555.00,null,null,null
2023-09-13T12:32:04Z,20.46,62.97,98,83,39.91,101.93,23.00,552.00,null,null,null
2023-09-13T12:33:04Z,20.48,63.03,98,82,35.95,101.93,23.00,555.00,null,null,null
2023-09-13T12:34:04Z,20.43,62.89,98,81,40.91,101.93,23.00,555.00,null,null,null
2023-09-13T12:35:04Z,20.42,62.78,98,86,43.83,101.93,23.00,555.00,3,8,8
2023-09-13T12:36:04Z,20.46,62.59,98,87,38.29,101.93,23.00,552.00,null,null,null
2023-09-13T12:37:04Z,20.48,62.45,98,87,42.80,101.93,23.00,552.00,null,null,null
2023-09-13T12:38:04Z,20.46,62.90,98,87,40.75,101.92,23.00,552.00,null,null,null
2023-09-13T12:39:04Z,20.46,62.56,98,87,44.39,101.92,23.00,552.00,null,null,null
2023-09-13T12:40:04Z,20.46,62.86,98,88,37.73,101.93,24.00,560.00,0,0,0
2023-09-13T12:41:04Z,20.48,62.84,98,87,37.43,101.92,23.00,552.00,null,null,null
2023-09-13T12:42:04Z,20.49,62.92,98,87,42.61,101.92,23.00,555.00,null,null,null
2023-09-13T12:43:04Z,20.49,63.10,98,87,38.06,101.93,25.00,565.00,null,null,null
2023-09-13T12:44:04Z,20.50,62.70,98,87,36.79,101.93,25.00,569.00,null,null,null
2023-09-13T12:45:04Z,20.48,62.79,98,88,39.45,101.92,26.00,575.00,0,0,0
2023-09-13T12:46:04Z,20.52,62.68,98,87,35.77,101.93,25.00,569.00,null,null,null
2023-09-13T12:47:04Z,20.50,62.86,98,83,37.74,101.93,26.00,575.00,null,null,null
2023-09-13T12:48:04Z,20.50,62.87,98,77,39.17,101.93,25.00,569.00,null,null,null
2023-09-13T12:49:04Z,20.49,62.65,98,70,35.70,101.93,27.00,578.00,null,null,null
2023-09-13T12:50:04Z,20.50,62.72,98,60,38.84,101.93,27.00,581.00,2,2,2
2023-09-13T12:51:04Z,20.55,62.68,98,57,40.96,101.93,26.00,575.00,null,null,null
2023-09-13T12:52:04Z,20.55,62.67,99,54,38.23,101.93,26.00,575.00,null,null,null
2023-09-13T12:53:04Z,20.53,62.71,98,54,40.91,101.93,26.00,575.00,null,null,null
2023-09-13T12:54:04Z,20.55,62.36,98,54,37.35,101.93,25.00,570.00,null,null,null
2023-09-13T12:55:04Z,20.52,62.35,98,56,36.26,101.93,24.00,564.00,0,0,0
2023-09-13T12:56:04Z,20.50,62.42,98,61,43.31,101.93,24.00,560.00,null,null,null
2023-09-13T12:57:04Z,20.53,62.38,98,65,35.71,101.93,24.00,560.00,null,null,null
2023-09-13T12:58:04Z,20.53,62.36,98,69,36.41,101.93,24.00,564.00,null,null,null
2023-09-13T12:59:04Z,20.50,62.05,99,70,38.88,101.93,24.00,564.00,null,null,null
2023-09-13T13:00:04Z,20.52,62.44,98,74,37.82,101.92,23.00,556.00,1,1,12
2023-09-13T13:01:04Z,20.53,62.46,98,73,38.52,101.92,22.00,549.00,null,null,null
2023-09-13T13:02:04Z,20.55,62.43,98,72,38.15,101.92,22.00,549.00,null,null,null
2023-09-13T13:03:04Z,20.55,62.53,98,72,42.89,101.93,22.00,549.00,null,null,null
2023-09-13T13:04:04Z,20.55,62.79,98,72,41.39,101.92,24.00,560.00,null,null,null
2023-09-13T13:05:04Z,20.56,62.27,98,70,33.40,101.92,23.00,555.00,3,3,3
2023-09-13T13:06:04Z,20.57,62.52,98,72,37.42,101.92,24.00,560.00,null,null,null
2023-09-13T13:07:04Z,20.59,62.54,98,71,38.92,101.92,23.00,552.00,null,null,null
2023-09-13T13:08:04Z,20.57,62.53,98,73,36.74,101.92,24.00,560.00,null,null,null
2023-09-13T13:09:04Z,20.56,62.16,99,76,39.36,101.92,24.00,560.00,null,null,null
2023-09-13T13:10:04Z,20.56,62.31,98,78,39.28,101.92,23.00,556.00,0,0,0
2023-09-13T13:11:04Z,20.59,62.31,98,81,40.23,101.92,23.00,552.00,null,null,null
2023-09-13T13:12:04Z,20.60,62.42,98,84,41.18,101.92,24.00,564.00,null,null,null
2023-09-13T13:13:04Z,20.59,62.60,98,87,41.15,101.92,25.00,570.00,null,null,null
2023-09-13T13:14:04Z,20.59,62.18,98,89,39.30,101.92,26.00,575.00,null,null,null
2023-09-13T13:15:04Z,20.60,62.52,98,92,47.49,101.92,28.00,588.00,0,5,5
2023-09-13T13:16:04Z,20.63,61.97,98,91,38.97,101.92,26.00,575.00,null,null,null
2023-09-13T13:17:04Z,20.64,62.00,98,91,36.69,101.93,26.00,575.00,null,null,null
2023-09-13T13:18:04Z,20.62,61.99,98,94,42.49,101.93,25.00,570.00,null,null,null
2023-09-13T13:19:04Z,20.62,62.00,98,91,37.40,101.92,25.00,567.00,null,null,null
2023-09-13T13:20:04Z,20.62,61.77,98,93,41.99,101.92,25.00,567.00,2,2,2
2023-09-13T13:21:04Z,20.64,62.12,98,93,38.10,101.93,25.00,565.00,null,null,null
2023-09-13T13:22:04Z,20.64,61.95,98,92,38.97,101.93,23.00,556.00,null,null,null
2023-09-13T13:23:04Z,20.63,61.89,98,94,40.19,101.93,23.00,556.00,null,null,null
2023-09-13T13:24:04Z,20.66,62.02,98,93,41.89,101.93,23.00,553.00,null,null,null
2023-09-13T13:25:04Z,20.66,62.02,98,92,37.95,101.93,23.00,553.00,0,0,0
2023-09-13T13:26:04Z,20.64,61.89,98,89,41.25,101.93,23.00,553.00,null,null,null
2023-09-13T13:27:04Z,20.64,62.09,98,86,38.45,101.93,23.00,553.00,null,null,null
2023-09-13T13:28:04Z,20.64,61.80,98,83,34.79,101.92,23.00,556.00,null,null,null
2023-09-13T13:29:04Z,20.64,61.67,98,80,39.25,101.92,23.00,553.00,null,null,null
2023-09-13T13:30:04Z,20.66,61.67,98,82,39.76,101.93,22.00,549.00,0,0,0
2023-09-13T13:31:04Z,20.68,61.72,98,80,41.04,101.92,20.00,537.00,null,null,null
2023-09-13T13:32:04Z,20.68,61.73,98,77,40.15,101.92,21.00,543.00,null,null,null
2023-09-13T13:33:04Z,20.69,61.87,98,72,39.40,101.92,20.00,537.00,null,null,null
2023-09-13T13:34:04Z,20.68,61.88,98,67,35.13,101.92,20.00,533.00,null,null,null
2023-09-13T13:35:04Z,20.64,61.59,98,64,39.90,101.92,20.00,533.00,0,0,0
2023-09-13T13:36:04Z,20.68,61.61,98,61,38.53,101.91,19.00,526.00,null,null,null
2023-09-13T13:37:04Z,20.69,61.72,98,61,37.35,101.92,19.00,526.00,null,null,null
2023-09-13T13:38:04Z,20.68,61.73,98,59,37.73,101.92,19.00,530.00,null,null,null
2023-09-13T13:39:04Z,20.69,61.90,98,59,42.10,101.91,19.00,526.00,null,null,null
2023-09-13T13:40:04Z,20.69,61.90,98,60,33.80,101.91,19.00,530.00,0,0,0
2023-09-13T13:41:04Z,20.70,61.84,98,58,37.71,101.91,19.00,526.00,null,null,null
2023-09-13T13:42:04Z,20.70,61.47,98,59,32.88,101.91,19.00,530.00,null,null,null
2023-09-13T13:43:04Z,20.70,61.72,98,62,34.32,101.92,19.00,526.00,null,null,null
2023-09-13T13:44:04Z,20.69,61.58,98,63,33.63,101.92,19.00,526.00,null,null,null
2023-09-13T13:45:04Z,20.64,61.53,98,64,34.85,101.92,17.00,514.00,2,2,2
2023-09-13T13:46:04Z,20.69,61.42,98,77,38.85,101.92,14.00,498.00,null,null,null
2023-09-13T13:47:04Z,20.70,61.41,98,66,40.46,101.92,15.00,502.00,null,null,null
2023-09-13T13:48:04Z,20.70,61.41,98,66,41.56,101.92,14.00,498.00,null,null,null
2023-09-13T13:49:04Z,20.70,61.71,98,68,40.35,101.92,14.00,498.00,null,null,null
2023-09-13T13:50:04Z,20.66,61.69,98,69,40.91,101.92,16.00,506.00,2,7,7
2023-09-13T13:51:04Z,20.69,61.82,98,75,38.09,101.92,15.00,502.00,null,null,null
2023-09-13T13:52:04Z,20.69,61.94,98,77,39.52,101.92,17.00,514.00,null,null,null
2023-09-13T13:53:04Z,20.69,61.52,98,77,36.25,101.92,19.00,530.00,null,null,null
2023-09-13T13:54:04Z,20.70,61.45,98,82,34.80,101.93,20.00,534.00,null,null,null
2023-09-13T13:55:04Z,20.72,61.59,98,84,37.60,101.92,19.00,526.00,2,2,2
2023-09-13T13:56:04Z,20.70,61.69,98,87,39.13,101.92,17.00,514.00,null,null,null
2023-09-13T13:57:04Z,20.73,61.79,98,88,36.79,101.92,17.00,518.00,null,null,null
2023-09-13T13:58:04Z,20.73,61.26,98,87,40.85,101.93,17.00,514.00,null,null,null
2023-09-13T13:59:04Z,20.72,61.49,98,84,36.28,101.92,17.00,514.00,null,null,null
2023-09-13T14:00:04Z,20.70,61.40,98,82,37.48,101.92,17.00,514.00,1,1,1
2023-09-13T14:01:04Z,20.75,61.44,98,81,38.23,101.92,15.00,502.00,null,null,null
2023-09-13T14:02:04Z,20.73,61.43,98,80,39.33,101.92,14.00,495.00,null,null,null
2023-09-13T14:03:04Z,20.72,61.72,99,72,33.87,101.91,14.00,493.00,null,null,null
2023-09-13T14:04:04Z,20.73,61.85,98,70,38.03,101.92,15.00,502.00,null,null,null
2023-09-13T14:05:04Z,20.69,61.83,98,66,36.58,101.92,14.00,495.00,1,1,1
2023-09-13T14:06:04Z,20.76,61.80,98,61,39.37,101.92,14.00,498.00,null,null,null
2023-09-13T14:07:04Z,20.78,61.95,98,60,39.35,101.91,15.00,500.00,null,null,null
2023-09-13T14:08:04Z,20.79,61.95,98,67,36.04,101.92,16.00,506.00,null,null,null
2023-09-13T14:09:04Z,20.79,61.98,98,50,36.70,101.92,18.00,523.00,null,null,null
2023-09-13T14:10:04Z,20.78,61.97,98,47,39.90,101.91,20.00,537.00,1,1,1
2023-09-13T14:11:04Z,20.80,62.00,98,44,39.75,101.91,20.00,537.00,null,null,null
2023-09-13T14:12:04Z,20.82,62.03,98,46,37.89,101.91,22.00,546.00,null,null,null
2023-09-13T14:13:04Z,20.84,61.70,98,34,40.60,101.91,23.00,552.00,null,null,null
2023-09-13T14:14:04Z,20.84,61.86,98,36,39.74,101.91,22.00,545.00,null,null,null
2023-09-13T14:15:04Z,20.84,62.38,98,32,38.92,101.91,20.00,537.00,2,2,2
2023-09-13T14:16:04Z,20.86,62.52,98,27,39.34,101.90,21.00,542.00,null,null,null
2023-09-13T14:17:04Z,20.87,62.43,98,34,37.57,101.91,23.00,556.00,null,null,null
2023-09-13T14:18:04Z,20.86,61.29,98,33,34.99,101.91,25.00,570.00,null,null,null
2023-09-13T14:19:04Z,20.87,62.05,98,28,43.38,101.90,24.00,564.00,null,null,null
2023-09-13T14:20:04Z,20.86,62.07,98,26,39.22,101.90,23.00,556.00,0,0,0
2023-09-13T14:21:04Z,20.89,62.24,98,25,35.42,101.90,24.00,564.00,null,null,null
2023-09-13T14:22:04Z,20.93,62.41,98,27,41.12,101.90,27.00,578.00,null,null,null
2023-09-13T14:23:04Z,20.92,62.28,98,27,39.92,101.89,27.00,578.00,null,null,null
2023-09-13T14:24:04Z,20.93,62.67,98,27,38.38,101.90,28.00,586.00,null,null,null
2023-09-13T14:25:04Z,20.90,62.35,98,26,35.85,101.90,30.00,597.00,1,1,1
2023-09-13T14:26:04Z,20.94,62.18,98,20,42.54,101.89,30.00,597.00,null,null,null
2023-09-13T14:27:04Z,20.96,62.73,98,22,37.66,101.90,32.00,614.00,null,null,null
2023-09-13T14:28:04Z,20.97,62.32,98,24,47.20,101.89,33.00,620.00,null,null,null
2023-09-13T14:29:04Z,20.99,62.41,98,18,38.60,101.89,35.00,633.00,null,null,null
2023-09-13T14:30:04Z,20.97,62.63,98,15,39.60,101.89,35.00,633.00,0,0,0
2023-09-13T14:31:04Z,21.00,62.33,98,15,38.57,101.89,36.00,637.00,null,null,null
2023-09-13T14:32:04Z,21.02,62.26,98,15,39.74,101.90,39.00,656.00,null,null,null
2023-09-13T14:33:04Z,21.03,62.14,98,16,37.56,101.90,40.00,665.00,null,null,null
2023-09-13T14:34:04Z,21.03,61.75,98,16,47.92,101.90,41.00,671.00,null,null,null
2023-09-13T14:35:04Z,21.03,62.39,98,16,41.71,101.90,39.00,660.00,1,1,1
2023-09-13T14:36:04Z,21.04,61.72,98,16,40.33,101.90,39.00,656.00,null,null,null
2023-09-13T14:37:04Z,21.04,61.15,98,15,37.39,101.90,40.00,668.00,null,null,null
2023-09-13T14:38:04Z,21.03,60.87,98,15,38.45,101.90,41.00,671.00,null,null,null
2023-09-13T14:39:04Z,21.02,61.39,98,16,40.36,101.90,38.00,653.00,null,null,null
2023-09-13T14:40:04Z,21.03,62.19,98,16,40.28,101.90,37.00,646.00,1,1,1
2023-09-13T14:41:04Z,21.04,61.51,98,16,41.66,101.90,37.00,649.00,null,null,null
2023-09-13T14:42:04Z,21.03,60.84,98,16,40.96,101.90,39.00,660.00,null,null,null
2023-09-13T14:43:04Z,21.06,62.27,98,17,39.72,101.89,38.00,650.00,null,null,null
2023-09-13T14:44:04Z,21.06,61.66,98,15,42.84,101.89,36.00,637.00,null,null,null
2023-09-13T14:45:04Z,21.04,60.86,98,14,38.54,101.89,37.00,646.00,1,1,1
2023-09-13T14:46:04Z,21.07,61.89,98,15,40.38,101.89,36.00,638.00,null,null,null
2023-09-13T14:47:04Z,21.08,62.19,98,15,38.06,101.89,35.00,633.00,null,null,null
2023-09-13T14:48:04Z,21.07,60.79,98,16,39.73,101.89,36.00,638.00,null,null,null
2023-09-13T14:49:04Z,21.06,60.29,98,19,36.27,101.89,36.00,638.00,null,null,null
2023-09-13T14:50:04Z,21.04,60.22,99,18,45.25,101.89,35.00,633.00,1,1,1
2023-09-13T14:51:04Z,21.06,60.20,98,20,43.17,101.89,31.00,607.00,null,null,null
2023-09-13T14:52:04Z,21.03,60.21,98,19,39.23,101.89,28.00,589.00,null,null,null
2023-09-13T14:53:04Z,21.03,60.31,98,21,40.72,101.89,26.00,575.00,null,null,null
2023-09-13T14:54:04Z,21.00,60.24,98,21,38.14,101.89,22.00,548.00,null,null,null
2023-09-13T14:55:04Z,20.99,59.79,98,21,40.59,101.88,21.00,540.00,1,1,1
2023-09-13T14:56:04Z,21.02,59.67,98,25,37.28,101.89,18.00,519.00,null,null,null
2023-09-13T14:57:04Z,20.99,60.18,98,26,37.23,101.89,16.00,506.00,null,null,null
2023-09-13T14:58:04Z,21.00,60.90,98,26,41.91,101.89,14.00,497.00,null,null,null
2023-09-13T14:59:04Z,21.02,60.83,98,29,41.32,101.89,14.00,492.00,null,null,null
2023-09-13T15:00:04Z,21.02,60.49,98,28,39.83,101.89,15.00,500.00,2,4,4
2023-09-13T15:01:04Z,21.03,60.84,98,30,47.04,101.89,15.00,500.00,null,null,null
2023-09-13T15:02:04Z,21.03,61.07,98,30,38.85,101.89,15.00,500.00,null,null,null
2023-09-13T15:03:04Z,21.03,60.56,98,33,38.16,101.89,14.00,495.00,null,null,null
2023-09-13T15:04:04Z,21.02,61.09,98,33,40.37,101.89,15.00,505.00,null,null,null
2023-09-13T15:05:04Z,21.06,61.15,98,33,45.60,101.89,17.00,514.00,0,0,0
2023-09-13T15:06:04Z,21.08,61.17,98,33,35.14,101.89,17.00,518.00,null,null,null
2023-09-13T15:07:04Z,21.10,61.45,98,33,45.30,101.89,18.00,520.00,null,null,null
2023-09-13T15:08:04Z,21.10,60.98,98,33,41.03,101.88,18.00,524.00,null,null,null
2023-09-13T15:09:04Z,21.08,60.80,98,33,46.10,101.88,19.00,527.00,null,null,null
2023-09-13T15:10:04Z,21.10,61.08,98,33,37.76,101.88,19.00,527.00,1,1,1
2023-09-13T15:11:04Z,21.15,60.60,98,32,40.45,101.88,19.00,527.00,null,null,null
2023-09-13T15:12:04Z,21.15,61.15,99,33,42.87,101.88,20.00,533.00,null,null,null
2023-09-13T15:13:04Z,21.14,61.46,98,32,40.12,101.88,20.00,537.00,null,null,null
2023-09-13T15:14:04Z,21.14,61.14,98,30,38.63,101.88,21.00,542.00,null,null,null
2023-09-13T15:15:04Z,21.14,60.98,98,28,38.78,101.88,22.00,548.00,0,0,0
2023-09-13T15:16:04Z,21.15,60.59,98,27,40.67,101.88,22.00,548.00,null,null,null
2023-09-13T15:17:04Z,21.14,59.85,98,26,39.44,101.89,20.00,536.00,null,null,null
2023-09-13T15:18:04Z,21.13,59.47,98,25,33.07,101.88,18.00,524.00,null,null,null
2023-09-13T15:19:04Z,21.11,59.26,98,27,45.15,101.88,15.00,502.00,null,null,null
2023-09-13T15:20:04Z,21.10,59.27,98,26,39.14,101.89,12.00,485.00,0,0,0
2023-09-13T15:21:04Z,21.11,59.76,98,23,43.50,101.88,11.00,477.00,null,null,null
2023-09-13T15:22:04Z,21.10,59.34,98,25,38.78,101.89,9.00,460.00,null,null,null
2023-09-13T15:23:04Z,21.11,60.13,98,26,37.14,101.89,9.00,464.00,null,null,null
2023-09-13T15:24:04Z,21.08,60.75,98,25,39.64,101.89,10.00,472.00,null,null,null
2023-09-13T15:25:04Z,21.11,60.84,98,25,38.87,101.89,11.00,477.00,1,1,1
2023-09-13T15:26:04Z,21.14,60.31,98,25,37.10,101.89,11.00,477.00,null,null,null
2023-09-13T15:27:04Z,21.15,60.56,98,25,41.99,101.89,13.00,488.00,null,null,null
2023-09-13T15:28:04Z,21.18,61.13,99,23,44.65,101.89,14.00,497.00,null,null,null
2023-09-13T15:29:04Z,21.15,61.31,98,25,35.35,101.89,17.00,514.00,null,null,null
2023-09-13T15:30:04Z,21.18,61.40,98,25,35.53,101.89,19.00,531.00,1,1,1
2023-09-13T15:31:04Z,21.24,61.51,98,25,39.24,101.89,23.00,556.00,null,null,null
2023-09-13T15:32:04Z,21.24,61.53,98,25,47.09,101.89,28.00,584.00,null,null,null
2023-09-13T15:33:04Z,21.23,60.60,98,23,44.15,101.89,28.00,584.00,null,null,null
2023-09-13T15:34:04Z,21.21,61.27,98,23,42.15,101.89,32.00,611.00,null,null,null
2023-09-13T15:35:04Z,21.24,61.59,98,23,37.57,101.89,33.00,618.00,0,0,0
2023-09-13T15:36:04Z,21.26,61.47,98,23,39.53,101.89,34.00,624.00,null,null,null
2023-09-13T15:37:04Z,21.27,61.03,98,23,38.79,101.89,27.00,578.00,null,null,null
2023-09-13T15:38:04Z,21.29,61.17,98,25,41.15,101.90,29.00,592.00,null,null,null
2023-09-13T15:39:04Z,21.27,61.54,98,26,35.48,101.89,30.00,600.00,null,null,null
2023-09-13T15:40:04Z,21.27,61.58,98,25,39.15,101.89,30.00,600.00,0,0,0
2023-09-13T15:41:04Z,21.29,61.34,98,23,46.40,101.89,30.00,600.00,null,null,null
2023-09-13T15:42:04Z,21.31,61.24,98,23,37.61,101.89,31.00,607.00,null,null,null
2023-09-13T15:43:04Z,21.31,60.61,98,25,36.39,101.88,31.00,607.00,null,null,null
2023-09-13T15:44:04Z,21.31,61.26,98,25,40.77,101.88,33.00,623.00,null,null,null
2023-09-13T15:45:04Z,21.31,61.21,98,24,36.89,101.88,32.00,614.00,0,0,0
2023-09-13T15:46:04Z,21.29,61.05,98,24,47.08,101.88,33.00,620.00,null,null,null
2023-09-13T15:47:04Z,21.34,61.06,98,22,39.74,101.88,34.00,627.00,null,null,null
2023-09-13T15:48:04Z,21.31,61.22,98,24,42.23,101.87,35.00,633.00,null,null,null
2023-09-13T15:49:04Z,21.35,60.74,98,23,35.23,101.87,35.00,633.00,null,null,null
2023-09-13T15:50:04Z,21.34,60.87,98,21,36.91,101.87,35.00,634.00,1,1,1
2023-09-13T15:51:04Z,21.34,60.91,98,22,42.79,101.87,34.00,627.00,null,null,null
2023-09-13T15:52:04Z,21.35,60.73,98,22,38.43,101.87,35.00,633.00,null,null,null
2023-09-13T15:53:04Z,21.38,61.09,98,20,35.99,101.87,36.00,640.00,null,null,null
2023-09-13T15:54:04Z,21.35,61.06,98,20,38.16,101.87,36.00,641.00,null,null,null
2023-09-13T15:55:04Z,21.35,60.77,98,19,39.85,101.87,36.00,641.00,0,5,5
2023-09-13T15:56:04Z,21.38,61.01,98,20,40.09,101.87,35.00,633.00,null,null,null
2023-09-13T15:57:04Z,21.38,61.24,98,19,40.90,101.87,37.00,646.00,null,null,null
2023-09-13T15:58:04Z,21.43,61.18,98,20,37.01,101.87,39.00,657.00,null,null,null
2023-09-13T15:59:04Z,21.40,61.23,98,19,37.11,101.87,41.00,674.00,null,null,null
2023-09-13T16:00:04Z,21.40,61.06,98,20,42.36,101.87,41.00,674.00,0,0,0
2023-09-13T16:01:04Z,21.43,61.20,98,20,38.65,101.87,42.00,679.00,null,null,null
2023-09-13T16:02:04Z,21.47,61.15,98,20,38.77,101.87,43.00,688.00,null,null,null
2023-09-13T16:03:04Z,21.44,61.17,98,20,39.44,101.87,44.00,694.00,null,null,null
2023-09-13T16:04:04Z,21.44,61.17,98,20,39.18,101.87,44.00,694.00,null,null,null
2023-09-13T16:05:04Z,21.45,61.08,98,20,55.18,101.87,46.00,702.00,0,0,0
2023-09-13T16:06:04Z,21.47,61.02,98,20,38.14,101.87,46.00,702.00,null,null,null
2023-09-13T16:07:04Z,21.47,61.02,98,19,36.75,101.88,47.00,710.00,null,null,null
2023-09-13T16:08:04Z,21.45,61.08,98,19,39.98,101.88,47.00,714.00,null,null,null
2023-09-13T16:09:04Z,21.45,61.03,98,19,35.02,101.88,48.00,719.00,null,null,null
2023-09-13T16:10:04Z,21.47,60.89,98,19,34.65,101.88,47.00,714.00,0,0,0
2023-09-13T16:11:04Z,21.48,60.82,98,19,36.87,101.87,47.00,714.00,null,null,null
2023-09-13T16:12:04Z,21.50,60.97,98,19,38.95,101.88,47.00,710.00,null,null,null
2023-09-13T16:13:04Z,21.51,61.02,99,18,39.20,101.87,47.00,714.00,null,null,null
2023-09-13T16:14:04Z,21.53,61.11,98,18,39.34,101.87,48.00,719.00,null,null,null
2023-09-13T16:15:04Z,21.50,61.17,98,16,39.63,101.87,50.00,732.00,0,0,0
2023-09-13T16:16:04Z,21.51,60.87,98,18,39.91,101.88,50.00,732.00,null,null,null
2023-09-13T16:17:04Z,21.54,60.82,98,18,39.54,101.88,48.00,719.00,null,null,null
2023-09-13T16:18:04Z,21.54,60.59,98,18,39.48,101.88,48.00,719.00,null,null,null
2023-09-13T16:19:04Z,21.53,61.07,98,18,43.63,101.88,49.00,726.00,null,null,null
2023-09-13T16:20:04Z,21.54,60.85,98,16,34.35,101.88,48.00,719.00,0,0,0
2023-09-13T16:21:04Z,21.51,60.86,99,18,38.61,101.88,47.00,714.00,null,null,null
2023-09-13T16:22:04Z,21.54,60.86,98,17,37.50,101.88,47.00,714.00,null,null,null
2023-09-13T16:23:04Z,21.51,60.68,98,18,41.21,101.88,47.00,714.00,null,null,null
2023-09-13T16:24:04Z,21.54,60.31,98,16,37.01,101.88,48.00,717.00,null,null,null
2023-09-13T16:25:04Z,21.51,60.22,98,16,45.78,101.88,45.00,697.00,2,7,7
2023-09-13T16:26:04Z,21.54,59.98,98,18,44.75,101.88,43.00,688.00,null,null,null
2023-09-13T16:27:04Z,21.51,60.28,98,16,39.51,101.88,41.00,672.00,null,null,null
2023-09-13T16:28:04Z,21.53,60.06,98,16,40.20,101.88,40.00,666.00,null,null,null
2023-09-13T16:29:04Z,21.53,60.39,98,15,49.65,101.88,39.00,659.00,null,null,null
2023-09-13T16:30:04Z,21.53,60.48,99,15,36.95,101.88,38.00,653.00,0,0,0
2023-09-13T16:31:04Z,21.54,60.63,98,18,39.76,101.88,38.00,653.00,null,null,null
2023-09-13T16:32:04Z,21.54,60.63,98,17,38.13,101.88,39.00,660.00,null,null,null
2023-09-13T16:33:04Z,21.55,60.67,98,15,33.81,101.88,40.00,666.00,null,null,null
2023-09-13T16:34:04Z,21.54,60.76,98,14,36.54,101.88,42.00,682.00,null,null,null
2023-09-13T16:35:04Z,21.55,60.86,98,16,41.64,101.88,43.00,688.00,0,0,0
2023-09-13T16:36:04Z,21.61,60.87,98,14,40.38,101.88,43.00,688.00,null,null,null
2023-09-13T16:37:04Z,21.59,60.85,98,13,34.43,101.88,44.00,694.00,null,null,null
2023-09-13T16:38:04Z,21.59,60.81,98,13,37.19,101.88,44.00,694.00,null,null,null
2023-09-13T16:39:04Z,21.58,60.78,98,13,45.34,101.88,44.00,694.00,null,null,null
2023-09-13T16:40:04Z,21.59,60.88,98,13,40.12,101.88,44.00,694.00,1,1,1
2023-09-13T16:41:04Z,21.62,60.79,98,13,39.04,101.89,46.00,702.00,null,null,null
2023-09-13T16:42:04Z,21.61,60.79,98,13,33.45,101.88,46.00,702.00,null,null,null
2023-09-13T16:43:04Z,21.61,60.86,98,13,40.75,101.88,47.00,710.00,null,null,null
2023-09-13T16:44:04Z,21.64,60.89,98,13,37.93,101.88,47.00,710.00,null,null,null
2023-09-13T16:45:04Z,21.61,60.95,98,14,40.32,101.88,47.00,714.00,0,0,0
2023-09-13T16:46:04Z,21.64,60.89,98,13,39.06,101.88,48.00,719.00,null,null,null
2023-09-13T16:47:04Z,21.65,60.71,98,13,37.58,101.88,50.00,732.00,null,null,null
2023-09-13T16:48:04Z,21.65,60.92,98,12,37.69,101.89,51.00,740.00,null,null,null
2023-09-13T16:49:04Z,21.66,60.92,98,12,42.56,101.88,51.00,740.00,null,null,null
2023-09-13T16:50:04Z,21.65,60.82,98,12,39.63,101.88,51.00,740.00,1,1,1
2023-09-13T16:51:04Z,21.68,60.90,98,10,40.60,101.89,53.00,748.00,null,null,null
2023-09-13T16:52:04Z,21.68,60.69,98,12,43.68,101.88,53.00,754.00,null,null,null
2023-09-13T16:53:04Z,21.71,60.95,98,11,37.90,101.88,55.00,763.00,null,null,null
2023-09-13T16:54:04Z,21.68,60.99,98,11,47.16,101.88,53.00,754.00,null,null,null
2023-09-13T16:55:04Z,21.69,61.02,98,11,40.04,101.88,55.00,763.00,0,0,0
2023-09-13T16:56:04Z,21.69,60.85,98,9,34.89,101.88,56.00,768.00,null,null,null
2023-09-13T16:57:04Z,21.69,60.40,98,9,36.02,101.88,56.00,768.00,null,null,null
2023-09-13T16:58:04Z,21.69,60.59,98,9,39.59,101.88,55.00,763.00,null,null,null
2023-09-13T16:59:04Z,21.68,60.59,98,8,50.27,101.88,54.00,757.00,null,null,null
2023-09-13T17:00:04Z,21.71,60.92,98,11,37.68,101.89,54.00,757.00,1,1,1
2023-09-13T17:01:04Z,21.71,60.76,98,11,44.60,101.89,53.00,748.00,null,null,null
2023-09-13T17:02:04Z,21.72,60.84,98,11,43.37,101.88,53.00,748.00,null,null,null
2023-09-13T17:03:04Z,21.72,60.80,98,11,37.43,101.89,53.00,754.00,null,null,null
2023-09-13T17:04:04Z,21.74,60.85,98,11,39.77,101.89,53.00,754.00,null,null,null
2023-09-13T17:05:04Z,21.69,60.58,98,9,46.22,101.89,53.00,754.00,1,1,1
2023-09-13T17:06:04Z,21.71,60.36,98,9,42.62,101.88,51.00,740.00,null,null,null
2023-09-13T17:07:04Z,21.72,60.71,98,9,41.77,101.88,50.00,732.00,null,null,null
2023-09-13T17:08:04Z,21.72,60.53,98,9,34.94,101.89,50.00,732.00,null,null,null
2023-09-13T17:09:04Z,21.72,60.61,98,8,39.34,101.88,51.00,740.00,null,null,null
2023-09-13T17:10:04Z,21.71,60.49,98,7,34.11,101.88,51.00,740.00,2,2,2
2023-09-13T17:11:04Z,21.72,59.99,98,7,39.55,101.89,49.00,726.00,null,null,null
2023-09-13T17:12:04Z,21.71,60.29,98,7,33.69,101.88,46.00,708.00,null,null,null
2023-09-13T17:13:04Z,21.71,60.13,98,7,39.30,101.89,45.00,697.00,null,null,null
2023-09-13T17:14:04Z,21.69,60.45,98,7,39.12,101.89,46.00,702.00,null,null,null
2023-09-13T17:15:04Z,21.69,60.65,98,8,35.88,101.88,45.00,697.00,1,1,1
2023-09-13T17:16:04Z,21.71,60.46,98,8,40.23,101.88,45.00,697.00,null,null,null
2023-09-13T17:17:04Z,21.69,60.55,98,8,37.18,101.89,43.00,688.00,null,null,null
2023-09-13T17:18:04Z,21.69,60.61,98,7,39.64,101.89,45.00,697.00,null,null,null
2023-09-13T17:19:04Z,21.68,60.62,98,7,39.63,101.89,45.00,697.00,null,null,null
2023-09-13T17:20:04Z,21.71,60.49,98,7,42.49,101.88,45.00,697.00,0,0,0
2023-09-13T17:21:04Z,21.72,60.71,98,6,39.22,101.89,45.00,697.00,null,null,null
2023-09-13T17:22:04Z,21.72,60.48,98,6,41.14,101.89,46.00,702.00,null,null,null
2023-09-13T17:23:04Z,21.72,60.80,98,6,38.55,101.88,46.00,702.00,null,null,null
2023-09-13T17:24:04Z,21.74,60.97,98,6,39.53,101.89,46.00,702.00,null,null,null
2023-09-13T17:25:04Z,21.74,61.21,98,4,48.93,101.89,48.00,719.00,0,0,0
2023-09-13T17:26:04Z,21.78,61.27,99,3,38.92,101.88,51.00,740.00,null,null,null
2023-09-13T17:27:04Z,21.77,60.96,98,3,39.82,101.88,42.00,678.00,null,null,null
2023-09-13T17:28:04Z,21.80,61.36,98,3,35.42,101.88,43.00,686.00,null,null,null
2023-09-13T17:29:04Z,21.78,61.04,98,3,44.82,101.88,43.00,683.00,null,null,null
2023-09-13T17:30:04Z,21.80,61.32,98,6,60.03,101.88,45.00,700.00,0,0,0
2023-09-13T17:31:04Z,21.81,61.16,98,6,46.03,101.88,43.00,683.00,null,null,null
2023-09-13T17:32:04Z,21.82,61.23,98,6,45.80,101.88,44.00,692.00,null,null,null
2023-09-13T17:33:04Z,21.82,61.39,98,6,42.29,101.88,45.00,700.00,null,null,null
2023-09-13T17:34:04Z,21.81,61.26,99,6,39.31,101.88,45.00,697.00,null,null,null
2023-09-13T17:35:04Z,21.84,61.28,98,3,43.47,101.88,44.00,692.00,3,3,3
2023-09-13T17:36:04Z,21.84,61.38,98,6,43.14,101.88,44.00,692.00,null,null,null
2023-09-13T17:37:04Z,21.86,61.31,98,6,46.52,101.88,44.00,692.00,null,null,null
2023-09-13T17:38:04Z,21.86,61.31,98,2,42.14,101.88,44.00,692.00,null,null,null
2023-09-13T17:39:04Z,21.85,61.37,98,6,43.02,101.88,44.00,692.00,null,null,null
2023-09-13T17:40:04Z,21.88,61.26,98,6,39.70,101.88,44.00,692.00,2,3,3
2023-09-13T17:41:04Z,21.89,61.30,98,6,42.88,101.89,43.00,683.00,null,null,null
2023-09-13T17:42:04Z,21.92,61.18,98,6,38.83,101.89,43.00,683.00,null,null,null
2023-09-13T17:43:04Z,21.91,61.20,98,6,44.50,101.89,44.00,692.00,null,null,null
2023-09-13T17:44:04Z,21.92,61.19,98,6,40.22,101.89,43.00,686.00,null,null,null
2023-09-13T17:45:04Z,21.94,61.20,98,3,39.82,101.89,44.00,692.00,3,3,3
2023-09-13T17:46:04Z,21.96,61.26,98,3,35.33,101.89,42.00,678.00,null,null,null
2023-09-13T17:47:04Z,21.98,61.12,98,4,48.89,101.89,44.00,692.00,null,null,null
2023-09-13T17:48:04Z,21.96,61.20,98,3,37.67,101.89,45.00,700.00,null,null,null
2023-09-13T17:49:04Z,21.98,61.16,98,3,34.24,101.89,46.00,704.00,null,null,null
2023-09-13T17:50:04Z,21.98,61.21,98,4,35.62,101.89,47.00,715.00,0,0,0
2023-09-13T17:51:04Z,21.98,61.16,98,4,45.06,101.89,47.00,715.00,null,null,null
2023-09-13T17:52:04Z,22.02,61.09,98,4,42.89,101.89,50.00,732.00,null,null,null
2023-09-13T17:53:04Z,22.05,61.09,98,3,37.87,101.88,50.00,732.00,null,null,null
2023-09-13T17:54:04Z,22.01,61.06,98,3,39.97,101.88,51.00,740.00,null,null,null
2023-09-13T17:55:04Z,21.98,61.06,98,5,47.44,101.88,51.00,740.00,1,1,1
2023-09-13T17:56:04Z,22.02,61.11,98,105,61.24,101.89,49.00,728.00,null,null,null
2023-09-13T17:57:04Z,22.01,60.81,98,106,62.11,101.88,51.00,740.00,null,null,null
2023-09-13T17:58:04Z,22.02,60.80,98,3,53.71,101.89,50.00,732.00,null,null,null
2023-09-13T17:59:04Z,21.99,60.44,98,2,38.08,101.88,49.00,728.00,null,null,null
2023-09-13T18:00:04Z,21.99,60.49,98,2,44.85,101.89,46.00,708.00,2,2,9
2023-09-13T18:01:04Z,22.02,60.66,98,2,33.80,101.88,43.00,686.00,null,null,null
2023-09-13T18:02:04Z,22.01,60.05,98,2,40.36,101.89,45.00,700.00,null,null,null
2023-09-13T18:03:04Z,21.99,60.02,98,2,40.75,101.89,43.00,683.00,null,null,null
2023-09-13T18:04:04Z,21.96,60.28,98,2,42.35,101.88,41.00,671.00,null,null,null
2023-09-13T18:05:04Z,21.95,60.12,98,1,38.85,101.89,38.00,652.00,3,3,3
2023-09-13T18:06:04Z,21.96,59.89,98,0,41.67,101.88,37.00,645.00,null,null,null
2023-09-13T18:07:04Z,21.96,59.78,98,0,43.80,101.88,35.00,633.00,null,null,null
2023-09-13T18:08:04Z,21.96,59.89,98,0,38.07,101.89,32.00,615.00,null,null,null
2023-09-13T18:09:04Z,21.92,59.88,98,0,38.21,101.88,30.00,602.00,null,null,null
2023-09-13T18:10:04Z,21.92,60.03,98,0,44.23,101.89,29.00,594.00,1,3,3
2023-09-13T18:11:04Z,21.94,59.84,98,0,49.76,101.88,27.00,581.00,null,null,null
2023-09-13T18:12:04Z,21.92,59.86,98,0,33.74,101.88,26.00,577.00,null,null,null
2023-09-13T18:13:04Z,21.91,59.67,98,0,32.92,101.89,26.00,577.00,null,null,null
2023-09-13T18:14:04Z,21.92,60.03,98,0,36.55,101.88,25.00,567.00,null,null,null
2023-09-13T18:15:04Z,21.88,59.85,99,0,38.71,101.88,24.00,561.00,2,2,2
2023-09-13T18:16:04Z,21.89,60.09,98,0,38.66,101.89,21.00,543.00,null,null,null
2023-09-13T18:17:04Z,21.89,60.18,98,0,37.96,101.88,21.00,543.00,null,null,null
2023-09-13T18:18:04Z,21.88,59.78,98,0,34.21,101.89,21.00,543.00,null,null,null
2023-09-13T18:19:04Z,21.91,60.12,98,0,40.26,101.88,20.00,536.00,null,null,null
2023-09-13T18:20:04Z,21.86,60.17,98,0,41.76,101.89,20.00,536.00,1,1,1
2023-09-13T18:21:04Z,21.86,60.06,98,0,41.53,101.88,19.00,526.00,null,null,null
2023-09-13T18:22:04Z,21.88,60.28,98,0,47.87,101.89,19.00,526.00,null,null,null
2023-09-13T18:23:04Z,21.89,59.88,98,0,42.23,101.88,19.00,531.00,null,null,null
2023-09-13T18:24:04Z,21.86,60.18,98,0,44.60,101.89,19.00,530.00,null,null,null
2023-09-13T18:25:04Z,21.84,60.33,98,0,36.91,101.89,19.00,526.00,1,1,1
2023-09-13T18:26:04Z,21.86,60.26,98,0,39.86,101.89,17.00,515.00,null,null,null
2023-09-13T18:27:04Z,21.85,60.65,98,0,36.70,101.89,17.00,515.00,null,null,null
2023-09-13T18:28:04Z,21.82,60.71,98,0,37.03,101.88,15.00,505.00,null,null,null
2023-09-13T18:29:04Z,21.85,61.09,98,0,39.25,101.89,14.00,498.00,null,null,null
2023-09-13T18:30:04Z,21.82,61.14,98,0,34.89,101.88,14.00,493.00,3,3,3
2023-09-13T18:31:04Z,21.81,61.16,98,0,37.76,101.88,12.00,485.00,null,null,null
2023-09-13T18:32:04Z,21.81,61.20,98,0,37.82,101.88,14.00,496.00,null,null,null
2023-09-13T18:33:04Z,21.81,61.24,98,0,44.10,101.89,14.00,496.00,null,null,null
2023-09-13T18:34:04Z,21.81,61.49,99,0,39.64,101.89,14.00,496.00,null,null,null
2023-09-13T18:35:04Z,21.78,61.45,99,0,37.46,101.89,13.00,487.00,3,3,3
2023-09-13T18:36:04Z,21.80,61.50,98,0,43.19,101.89,12.00,480.00,null,null,null
2023-09-13T18:37:04Z,21.81,61.59,98,0,38.58,101.89,12.00,480.00,null,null,null
2023-09-13T18:38:04Z,21.80,61.73,98,0,37.11,101.89,12.00,480.00,null,null,null
2023-09-13T18:39:04Z,21.78,61.81,98,0,37.75,101.89,12.00,480.00,null,null,null
2023-09-13T18:40:04Z,21.80,61.94,98,0,33.20,101.89,10.00,466.00,2,2,2
2023-09-13T18:41:04Z,21.77,62.02,98,0,43.45,101.89,9.00,463.00,null,null,null
2023-09-13T18:42:04Z,21.78,62.08,98,0,40.24,101.89,11.00,473.00,null,null,null
2023-09-13T18:43:04Z,21.77,62.12,98,0,34.55,101.90,11.00,476.00,null,null,null
2023-09-13T18:44:04Z,21.75,62.14,98,0,37.89,101.90,8.00,459.00,null,null,null
2023-09-13T18:45:04Z,21.77,62.19,98,0,40.07,101.90,8.00,459.00,2,2,2
2023-09-13T18:46:04Z,21.75,62.21,98,0,49.27,101.90,8.00,454.00,null,null,null
2023-09-13T18:47:04Z,21.77,62.25,98,0,36.82,101.90,7.00,451.00,null,null,null
2023-09-13T18:48:04Z,21.75,62.27,98,0,40.73,101.89,7.00,447.00,null,null,null
2023-09-13T18:49:04Z,21.75,62.30,98,0,42.66,101.89,7.00,447.00,null,null,null
2023-09-13T18:50:04Z,21.72,62.35,98,0,33.44,101.90,7.00,450.00,0,0,0
2023-09-13T18:51:04Z,21.75,62.41,98,0,39.16,101.90,13.00,488.00,null,null,null
2023-09-13T18:52:04Z,21.75,62.38,98,0,39.68,101.90,8.00,455.00,null,null,null
2023-09-13T18:53:04Z,21.71,62.45,99,0,45.26,101.90,9.00,460.00,null,null,null
2023-09-13T18:54:04Z,21.72,62.45,98,0,36.69,101.89,15.00,500.00,null,null,null
2023-09-13T18:55:04Z,21.71,62.48,98,0,35.30,101.90,16.00,508.00,0,0,0
2023-09-13T18:56:04Z,21.77,62.55,98,0,37.97,101.90,17.00,515.00,null,null,null
2023-09-13T18:57:04Z,21.72,62.50,98,0,37.10,101.90,10.00,466.00,null,null,null
2023-09-13T18:58:04Z,21.71,62.48,98,0,46.46,101.89,16.00,508.00,null,null,null
2023-09-13T18:59:04Z,21.72,62.53,98,0,34.01,101.89,16.00,508.00,null,null,null
2023-09-13T19:00:04Z,21.71,62.64,98,0,37.22,101.90,15.00,503.00,3,3,3
2023-09-13T19:01:04Z,21.69,62.66,98,0,37.44,101.90,15.00,503.00,null,null,null
2023-09-13T19:02:04Z,21.72,62.55,98,0,39.41,101.90,15.00,500.00,null,null,null
2023-09-13T19:03:04Z,21.72,62.67,98,0,40.63,101.90,15.00,500.00,null,null,null
2023-09-13T19:04:04Z,21.68,62.65,98,0,36.58,101.90,13.00,488.00,null,null,null
2023-09-13T19:05:04Z,21.66,62.69,98,0,41.40,101.89,13.00,488.00,2,2,2
2023-09-13T19:06:04Z,21.66,62.69,98,0,35.46,101.90,13.00,486.00,null,null,null
2023-09-13T19:07:04Z,21.66,62.66,98,0,37.88,101.89,12.00,481.00,null,null,null
2023-09-13T19:08:04Z,21.65,62.76,98,0,43.29,101.89,11.00,477.00,null,null,null
2023-09-13T19:09:04Z,21.65,62.75,98,0,53.70,101.90,11.00,476.00,null,null,null
2023-09-13T19:10:04Z,21.62,62.85,98,0,38.12,101.90,11.00,476.00,3,3,3
2023-09-13T19:11:04Z,21.62,62.81,98,0,39.04,101.90,10.00,472.00,null,null,null
2023-09-13T19:12:04Z,21.62,62.83,98,0,41.10,101.90,9.00,465.00,null,null,null
2023-09-13T19:13:04Z,21.59,62.86,98,0,40.40,101.90,9.00,465.00,null,null,null
2023-09-13T19:14:04Z,21.61,62.87,98,0,37.14,101.90,11.00,476.00,null,null,null
2023-09-13T19:15:04Z,21.62,62.94,98,0,34.75,101.90,13.00,488.00,4,5,11
2023-09-13T19:16:04Z,21.64,62.90,98,0,36.95,101.90,15.00,505.00,null,null,null
2023-09-13T19:17:04Z,21.66,62.93,98,0,37.75,101.91,19.00,526.00,null,null,null
2023-09-13T19:18:04Z,21.65,62.90,98,0,37.96,101.90,22.00,548.00,null,null,null
2023-09-13T19:19:04Z,21.66,63.00,98,0,36.78,101.91,25.00,569.00,null,null,null
2023-09-13T19:20:04Z,21.66,63.02,98,0,33.95,101.91,26.00,577.00,3,3,3
2023-09-13T19:21:04Z,21.69,63.02,98,0,33.80,101.91,29.00,596.00,null,null,null
2023-09-13T19:22:04Z,21.74,62.98,98,0,37.70,101.91,33.00,617.00,null,null,null
2023-09-13T19:23:04Z,21.72,62.99,98,0,42.13,101.91,35.00,633.00,null,null,null
2023-09-13T19:24:04Z,21.72,63.05,98,0,39.09,101.91,37.00,646.00,null,null,null
2023-09-13T19:25:04Z,21.77,63.03,98,0,38.37,101.91,40.00,666.00,0,0,0
2023-09-13T19:26:04Z,21.75,63.04,98,0,35.45,101.92,34.00,627.00,null,null,null
2023-09-13T19:27:04Z,21.78,63.06,99,0,37.97,101.92,35.00,631.00,null,null,null
2023-09-13T19:28:04Z,21.77,63.03,98,0,36.60,101.92,35.00,631.00,null,null,null
2023-09-13T19:29:04Z,21.77,62.94,98,0,35.31,101.92,33.00,620.00,null,null,null
2023-09-13T19:30:04Z,21.74,62.98,98,0,42.45,101.91,32.00,614.00,0,0,0
2023-09-13T19:31:04Z,21.75,62.99,98,0,42.79,101.92,40.00,666.00,null,null,null
2023-09-13T19:32:04Z,21.72,62.95,98,0,40.54,101.92,30.00,600.00,null,null,null
2023-09-13T19:33:04Z,21.74,62.97,98,0,37.88,101.92,37.00,646.00,null,null,null
2023-09-13T19:34:04Z,21.71,62.94,98,0,31.85,101.92,37.00,646.00,null,null,null
2023-09-13T19:35:04Z,21.69,62.94,98,0,36.97,101.92,36.00,638.00,2,11,11
2023-09-13T19:36:04Z,21.71,63.01,98,0,39.91,101.92,35.00,633.00,null,null,null
2023-09-13T19:37:04Z,21.71,63.08,98,0,33.67,101.93,34.00,629.00,null,null,null
2023-09-13T19:38:04Z,21.71,63.06,98,0,39.82,101.92,34.00,629.00,null,null,null
2023-09-13T19:39:04Z,21.68,63.08,98,0,37.31,101.92,35.00,633.00,null,null,null
2023-09-13T19:40:04Z,21.68,63.10,98,0,36.95,101.93,33.00,623.00,0,0,0
2023-09-13T19:41:04Z,21.66,63.08,98,0,41.86,101.93,33.00,623.00,null,null,null
2023-09-13T19:42:04Z,21.66,63.10,98,0,36.04,101.93,33.00,623.00,null,null,null
2023-09-13T19:43:04Z,21.71,63.01,98,0,33.85,101.93,35.00,633.00,null,null,null
2023-09-13T19:44:04Z,21.69,63.11,98,0,38.67,101.93,37.00,646.00,null,null,null
2023-09-13T19:45:04Z,21.69,63.19,98,0,37.80,101.93,38.00,652.00,1,1,1
2023-09-13T19:46:04Z,21.69,63.11,98,0,36.74,101.93,38.00,652.00,null,null,null
2023-09-13T19:47:04Z,21.69,63.22,98,0,35.66,101.93,39.00,659.00,null,null,null
2023-09-13T19:48:04Z,21.71,63.22,98,0,40.85,101.92,40.00,666.00,null,null,null
2023-09-13T19:49:04Z,21.69,63.15,98,0,36.34,101.93,40.00,666.00,null,null,null
2023-09-13T19:50:04Z,21.71,63.22,98,0,38.59,101.92,41.00,674.00,4,5,5
2023-09-13T19:51:04Z,21.71,63.13,98,0,40.49,101.93,41.00,674.00,null,null,null
2023-09-13T19:52:04Z,21.71,63.12,99,0,36.89,101.92,41.00,674.00,null,null,null
2023-09-13T19:53:04Z,21.69,63.16,98,0,34.64,101.92,40.00,666.00,null,null,null
2023-09-13T19:54:04Z,21.69,63.12,98,0,34.64,101.92,41.00,674.00,null,null,null
2023-09-13T19:55:04Z,21.69,63.14,98,0,36.37,101.92,41.00,674.00,0,0,0
2023-09-13T19:56:04Z,21.72,63.16,98,0,38.45,101.93,40.00,666.00,null,null,null
2023-09-13T19:57:04Z,21.69,63.08,98,0,39.38,101.93,40.00,666.00,null,null,null
2023-09-13T19:58:04Z,21.71,63.11,98,0,36.64,101.93,40.00,666.00,null,null,null
2023-09-13T19:59:04Z,21.71,63.11,98,0,41.82,101.92,40.00,666.00,null,null,null
2023-09-13T20:00:04Z,21.68,63.10,98,0,33.07,101.92,39.00,659.00,1,1,1
2023-09-13T20:01:04Z,21.69,63.13,98,0,32.32,101.92,39.00,659.00,null,null,null
2023-09-13T20:02:04Z,21.69,63.08,98,0,37.01,101.92,40.00,666.00,null,null,null
2023-09-13T20:03:04Z,21.69,63.07,99,0,32.31,101.93,41.00,674.00,null,null,null
2023-09-13T20:04:04Z,21.71,63.06,98,0,31.35,101.92,42.00,682.00,null,null,null
2023-09-13T20:05:04Z,21.66,63.10,98,0,43.23,101.93,43.00,686.00,0,0,0
2023-09-13T20:06:04Z,21.71,63.08,98,0,38.13,101.92,44.00,692.00,null,null,null
2023-09-13T20:07:04Z,21.71,63.09,99,0,35.84,101.93,44.00,692.00,null,null,null
2023-09-13T20:08:04Z,21.69,63.11,98,0,37.71,101.92,44.00,692.00,null,null,null
2023-09-13T20:09:04Z,21.72,63.12,98,0,36.65,101.92,44.00,692.00,null,null,null
2023-09-13T20:10:04Z,21.72,63.11,98,0,43.47,101.92,46.00,708.00,2,3,3
2023-09-13T20:11:04Z,21.71,63.10,98,0,35.29,101.92,47.00,715.00,null,null,null
2023-09-13T20:12:04Z,21.72,63.14,98,0,39.41,101.93,50.00,733.00,null,null,null
2023-09-13T20:13:04Z,21.77,63.16,98,0,43.33,101.93,51.00,737.00,null,null,null
2023-09-13T20:14:04Z,21.74,63.19,98,0,40.58,101.93,45.00,697.00,null,null,null
2023-09-13T20:15:04Z,21.77,63.15,98,0,39.18,101.93,54.00,759.00,1,1,1
2023-09-13T20:16:04Z,21.77,63.20,98,91,49.34,101.93,45.00,700.00,null,null,null
2023-09-13T20:17:04Z,21.78,63.12,98,91,39.54,101.93,45.00,697.00,null,null,null
2023-09-13T20:18:04Z,21.77,63.34,98,96,49.14,101.94,45.00,697.00,null,null,null
2023-09-13T20:19:04Z,21.75,63.53,98,98,44.69,101.94,42.00,679.00,null,null,null
2023-09-13T20:20:04Z,21.77,63.64,98,0,43.04,101.95,40.00,668.00,4,4,4
2023-09-13T20:21:04Z,21.75,63.47,98,0,37.67,101.94,40.00,668.00,null,null,null
2023-09-13T20:22:04Z,21.80,63.32,98,0,37.03,101.94,40.00,668.00,null,null,null
2023-09-13T20:23:04Z,21.77,63.21,98,0,39.60,101.94,39.00,656.00,null,null,null
2023-09-13T20:24:04Z,21.75,63.16,99,0,39.81,101.94,39.00,657.00,null,null,null
2023-09-13T20:25:04Z,21.75,63.19,98,0,37.71,101.94,39.00,657.00,1,1,1
2023-09-13T20:26:04Z,21.77,63.22,98,0,39.70,101.94,38.00,650.00,null,null,null
2023-09-13T20:27:04Z,21.75,63.14,98,0,40.05,101.94,38.00,650.00,null,null,null
2023-09-13T20:28:04Z,21.72,63.07,98,0,37.61,101.94,37.00,643.00,null,null,null
2023-09-13T20:29:04Z,21.75,63.12,98,0,39.75,101.94,44.00,692.00,null,null,null
2023-09-13T20:30:04Z,21.71,63.13,98,0,37.86,101.94,35.00,631.00,2,5,5
2023-09-13T20:31:04Z,21.72,63.19,98,0,39.17,101.94,44.00,692.00,null,null,null
2023-09-13T20:32:04Z,21.74,63.17,98,0,38.51,101.94,44.00,692.00,null,null,null
2023-09-13T20:33:04Z,21.74,63.17,98,0,41.16,101.94,45.00,700.00,null,null,null
2023-09-13T20:34:04Z,21.72,63.18,98,0,39.17,101.94,46.00,708.00,null,null,null
2023-09-13T20:35:04Z,21.74,63.21,98,0,35.86,101.94,47.00,715.00,1,4,4
2023-09-13T20:36:04Z,21.74,63.28,98,0,44.60,101.94,50.00,733.00,null,null,null
2023-09-13T20:37:04Z,21.78,63.25,98,0,37.41,101.94,52.00,742.00,null,null,null
2023-09-13T20:38:04Z,21.75,63.32,98,0,34.44,101.94,44.00,692.00,null,null,null
2023-09-13T20:39:04Z,21.80,63.35,98,0,41.48,101.94,46.00,708.00,null,null,null
2023-09-13T20:40:04Z,21.77,63.32,98,0,42.59,101.94,47.00,715.00,4,4,4
2023-09-13T20:41:04Z,21.81,63.23,98,0,40.20,101.94,47.00,715.00,null,null,null
2023-09-13T20:42:04Z,21.80,63.26,98,0,37.69,101.94,49.00,728.00,null,null,null
2023-09-13T20:43:04Z,21.80,63.15,98,0,36.61,101.94,47.00,715.00,null,null,null
2023-09-13T20:44:04Z,21.77,63.15,99,0,37.33,101.94,46.00,708.00,null,null,null
2023-09-13T20:45:04Z,21.75,63.10,98,0,39.89,101.94,45.00,700.00,2,2,2
2023-09-13T20:46:04Z,21.75,63.15,98,0,37.78,101.94,45.00,700.00,null,null,null
2023-09-13T20:47:04Z,21.77,63.13,98,0,36.78,101.94,45.00,700.00,null,null,null
2023-09-13T20:48:04Z,21.75,63.15,98,0,42.73,101.94,45.00,700.00,null,null,null
2023-09-13T20:49:04Z,21.77,63.12,98,0,39.44,101.94,45.00,697.00,null,null,null
2023-09-13T20:50:04Z,21.75,63.23,98,0,34.90,101.94,45.00,697.00,4,4,4
2023-09-13T20:51:04Z,21.74,63.14,98,0,34.81,101.94,45.00,697.00,null,null,null
2023-09-13T20:52:04Z,21.77,63.07,98,0,35.65,101.94,54.00,759.00,null,null,null
2023-09-13T20:53:04Z,21.75,63.11,98,0,38.69,101.94,45.00,697.00,null,null,null
2023-09-13T20:54:04Z,21.74,63.22,98,0,37.79,101.94,45.00,697.00,null,null,null
2023-09-13T20:55:04Z,21.74,63.18,98,0,41.16,101.94,53.00,749.00,2,3,3
2023-09-13T20:56:04Z,21.72,63.13,98,0,41.99,101.94,53.00,749.00,null,null,null
2023-09-13T20:57:04Z,21.74,63.10,98,0,40.75,101.94,53.00,749.00,null,null,null
2023-09-13T20:58:04Z,21.77,63.05,98,0,38.62,101.94,53.00,749.00,null,null,null
2023-09-13T20:59:04Z,21.72,63.09,98,0,35.76,101.94,43.00,688.00,null,null,null
2023-09-13T21:00:04Z,21.74,63.09,98,0,39.30,101.94,53.00,749.00,2,6,6
2023-09-13T21:01:04Z,21.72,63.25,98,0,39.09,101.94,53.00,749.00,null,null,null
2023-09-13T21:02:04Z,21.72,63.15,98,0,42.12,101.94,52.00,742.00,null,null,null
2023-09-13T21:03:04Z,21.74,63.19,98,0,38.06,101.94,51.00,737.00,null,null,null
2023-09-13T21:04:04Z,21.74,63.20,98,0,38.88,101.94,51.00,737.00,null,null,null
2023-09-13T21:05:04Z,21.71,63.24,98,0,35.13,101.94,50.00,733.00,3,3,3
2023-09-13T21:06:04Z,21.72,63.18,98,0,36.73,101.94,51.00,737.00,null,null,null
2023-09-13T21:07:04Z,21.71,63.22,98,0,39.98,101.94,50.00,733.00,null,null,null
2023-09-13T21:08:04Z,21.68,63.20,98,0,38.47,101.94,49.00,726.00,null,null,null
2023-09-13T21:09:04Z,21.71,63.23,98,0,34.70,101.94,49.00,726.00,null,null,null
2023-09-13T21:10:04Z,21.68,63.28,98,0,38.43,101.94,49.00,726.00,3,8,8
2023-09-13T21:11:04Z,21.71,63.22,98,0,38.14,101.94,47.00,714.00,null,null,null
2023-09-13T21:12:04Z,21.68,63.21,98,0,37.40,101.94,47.00,715.00,null,null,null
2023-09-13T21:13:04Z,21.65,63.22,98,0,37.73,101.94,47.00,715.00,null,null,null
2023-09-13T21:14:04Z,21.65,63.27,98,0,36.51,101.94,47.00,715.00,null,null,null
2023-09-13T21:15:04Z,21.65,63.29,98,0,35.30,101.94,46.00,708.00,4,5,5
2023-09-13T21:16:04Z,21.69,63.26,98,0,40.88,101.94,44.00,692.00,null,null,null
2023-09-13T21:17:04Z,21.66,63.32,98,0,41.77,101.94,46.00,708.00,null,null,null
2023-09-13T21:18:04Z,21.65,63.26,98,0,37.14,101.93,44.00,692.00,null,null,null
2023-09-13T21:19:04Z,21.65,63.25,98,0,34.77,101.94,45.00,700.00,null,null,null
2023-09-13T21:20:04Z,21.66,63.26,98,0,38.76,101.94,45.00,700.00,2,2,2
2023-09-13T21:21:04Z,21.66,63.37,98,0,31.81,101.94,44.00,692.00,null,null,null
2023-09-13T21:22:04Z,21.66,63.26,98,0,39.28,101.94,46.00,708.00,null,null,null
2023-09-13T21:23:04Z,21.65,63.32,98,0,35.31,101.94,46.00,708.00,null,null,null
2023-09-13T21:24:04Z,21.66,63.41,98,0,32.60,101.94,46.00,708.00,null,null,null
2023-09-13T21:25:04Z,21.65,63.37,98,0,43.50,101.94,46.00,708.00,1,1,1
2023-09-13T21:26:04Z,21.66,63.41,98,0,36.62,101.94,44.00,692.00,null,null,null
2023-09-13T21:27:04Z,21.68,63.32,98,0,35.41,101.93,44.00,692.00,null,null,null
2023-09-13T21:28:04Z,21.65,63.31,98,0,39.27,101.94,45.00,700.00,null,null,null
2023-09-13T21:29:04Z,21.62,63.40,98,0,34.14,101.94,46.00,708.00,null,null,null
2023-09-13T21:30:04Z,21.62,63.30,98,0,39.15,101.94,46.00,708.00,1,3,3
2023-09-13T21:31:04Z,21.65,63.37,98,0,39.20,101.94,44.00,692.00,null,null,null
2023-09-13T21:32:04Z,21.62,63.29,98,0,39.14,101.94,45.00,700.00,null,null,null
2023-09-13T21:33:04Z,21.61,63.28,98,0,44.96,101.94,45.00,700.00,null,null,null
2023-09-13T21:34:04Z,21.62,63.29,98,0,42.08,101.94,43.00,683.00,null,null,null
2023-09-13T21:35:04Z,21.61,63.38,98,0,36.71,101.94,43.00,683.00,5,5,5
2023-09-13T21:36:04Z,21.59,63.39,98,0,42.12,101.94,42.00,678.00,null,null,null
2023-09-13T21:37:04Z,21.59,63.36,98,0,41.18,101.94,44.00,692.00,null,null,null
2023-09-13T21:38:04Z,21.62,63.32,98,0,37.00,101.94,44.00,692.00,null,null,null
2023-09-13T21:39:04Z,21.59,63.37,98,0,34.64,101.94,44.00,692.00,null,null,null
2023-09-13T21:40:04Z,21.59,63.37,98,0,39.05,101.94,44.00,692.00,4,6,6
2023-09-13T21:41:04Z,21.59,63.40,98,0,37.80,101.94,43.00,683.00,null,null,null
2023-09-13T21:42:04Z,21.58,63.27,98,0,42.85,101.93,43.00,683.00,null,null,null
2023-09-13T21:43:04Z,21.57,63.37,98,0,46.82,101.94,43.00,683.00,null,null,null
2023-09-13T21:44:04Z,21.59,63.37,98,0,39.64,101.94,43.00,683.00,null,null,null
2023-09-13T21:45:04Z,21.58,63.35,98,0,35.58,101.94,44.00,692.00,3,3,3
2023-09-13T21:46:04Z,21.62,63.40,98,0,42.52,101.94,42.00,678.00,null,null,null
2023-09-13T21:47:04Z,21.61,63.45,98,0,40.95,101.93,43.00,683.00,null,null,null
2023-09-13T21:48:04Z,21.59,63.42,98,0,49.92,101.93,44.00,692.00,null,null,null
2023-09-13T21:49:04Z,21.58,63.35,98,0,43.60,101.94,43.00,683.00,null,null,null
2023-09-13T21:50:04Z,21.58,63.40,98,0,40.26,101.94,43.00,683.00,2,4,4
2023-09-13T21:51:04Z,21.58,63.40,98,0,33.56,101.94,42.00,678.00,null,null,null
2023-09-13T21:52:04Z,21.55,63.38,98,0,37.64,101.94,43.00,683.00,null,null,null
2023-09-13T21:53:04Z,21.55,63.36,99,0,37.36,101.94,43.00,683.00,null,null,null
2023-09-13T21:54:04Z,21.57,63.43,98,0,38.51,101.94,42.00,678.00,null,null,null
2023-09-13T21:55:04Z,21.55,63.40,98,0,37.13,101.94,42.00,678.00,4,5,12
2023-09-13T21:56:04Z,21.55,63.44,98,0,39.91,101.94,41.00,674.00,null,null,null
2023-09-13T21:57:04Z,21.55,63.41,98,0,39.80,101.94,41.00,674.00,null,null,null
2023-09-13T21:58:04Z,21.55,63.38,98,0,40.41,101.95,40.00,666.00,null,null,null
2023-09-13T21:59:04Z,21.53,63.44,98,0,36.99,101.95,39.00,657.00,null,null,null
2023-09-13T22:00:04Z,21.50,63.47,98,0,39.49,101.94,39.00,657.00,2,2,2
2023-09-13T22:01:04Z,21.51,63.48,98,0,34.17,101.95,38.00,652.00,null,null,null
2023-09-13T22:02:04Z,21.51,63.45,98,0,32.74,101.95,37.00,645.00,null,null,null
2023-09-13T22:03:04Z,21.53,63.47,98,0,38.46,101.95,36.00,640.00,null,null,null
2023-09-13T22:04:04Z,21.50,63.54,98,0,39.08,101.95,38.00,652.00,null,null,null
2023-09-13T22:05:04Z,21.51,63.56,98,0,32.54,101.95,37.00,645.00,3,3,3
2023-09-13T22:06:04Z,21.50,63.60,98,0,37.17,101.96,36.00,640.00,null,null,null
2023-09-13T22:07:04Z,21.50,63.59,98,0,39.17,101.96,37.00,645.00,null,null,null
2023-09-13T22:08:04Z,21.47,63.54,98,0,30.68,101.96,37.00,645.00,null,null,null
2023-09-13T22:09:04Z,21.48,63.56,98,0,38.29,101.96,37.00,645.00,null,null,null
2023-09-13T22:10:04Z,21.50,63.56,98,0,42.01,101.96,38.00,652.00,3,3,3
2023-09-13T22:11:04Z,21.50,63.60,98,0,32.81,101.96,36.00,640.00,null,null,null
2023-09-13T22:12:04Z,21.48,63.51,98,0,38.00,101.96,36.00,640.00,null,null,null
2023-09-13T22:13:04Z,21.48,63.60,98,0,38.52,101.96,35.00,631.00,null,null,null
2023-09-13T22:14:04Z,21.47,63.56,98,0,38.06,101.96,35.00,631.00,null,null,null
2023-09-13T22:15:04Z,21.41,63.67,98,0,35.99,101.97,35.00,631.00,3,7,7
2023-09-13T22:16:04Z,21.44,63.69,98,0,41.12,101.96,32.00,615.00,null,null,null
2023-09-13T22:17:04Z,21.41,63.67,98,0,36.54,101.96,32.00,615.00,null,null,null
2023-09-13T22:18:04Z,21.43,63.65,98,0,38.14,101.96,32.00,611.00,null,null,null
2023-09-13T22:19:04Z,21.41,63.67,98,0,40.73,101.97,30.00,600.00,null,null,null
2023-09-13T22:20:04Z,21.41,63.68,98,0,42.18,101.96,32.00,615.00,0,0,0
2023-09-13T22:21:04Z,21.45,63.72,98,0,36.96,101.96,34.00,626.00,null,null,null
2023-09-13T22:22:04Z,21.47,63.77,98,0,38.51,101.97,36.00,640.00,null,null,null
2023-09-13T22:23:04Z,21.44,63.77,98,0,40.13,101.96,39.00,659.00,null,null,null
2023-09-13T22:24:04Z,21.44,63.73,98,0,38.44,101.96,38.00,652.00,null,null,null
2023-09-13T22:25:04Z,21.43,63.72,98,0,36.33,101.96,38.00,652.00,2,7,7
2023-09-13T22:26:04Z,21.41,63.80,98,0,37.44,101.96,35.00,631.00,null,null,null
2023-09-13T22:27:04Z,21.41,63.85,98,0,42.10,101.96,33.00,620.00,null,null,null
2023-09-13T22:28:04Z,21.41,64.02,98,0,40.65,101.96,34.00,626.00,null,null,null
2023-09-13T22:29:04Z,21.43,64.05,98,0,36.73,101.96,36.00,640.00,null,null,null
2023-09-13T22:30:04Z,21.41,63.93,98,0,39.69,101.96,37.00,646.00,0,4,4
2023-09-13T22:31:04Z,21.43,63.90,98,0,41.43,101.96,37.00,646.00,null,null,null
2023-09-13T22:32:04Z,21.45,63.88,98,0,36.91,101.96,37.00,646.00,null,null,null
2023-09-13T22:33:04Z,21.45,63.85,98,0,31.65,101.97,39.00,659.00,null,null,null
2023-09-13T22:34:04Z,21.47,63.86,98,0,36.86,101.96,40.00,668.00,null,null,null
2023-09-13T22:35:04Z,21.47,63.91,98,0,41.18,101.96,42.00,678.00,1,2,2
2023-09-13T22:36:04Z,21.50,63.93,98,0,34.22,101.96,46.00,708.00,null,null,null
2023-09-13T22:37:04Z,21.50,63.96,98,0,33.84,101.96,48.00,719.00,null,null,null
2023-09-13T22:38:04Z,21.51,63.90,98,0,36.45,101.96,51.00,735.00,null,null,null
2023-09-13T22:39:04Z,21.47,63.92,98,0,39.06,101.96,52.00,744.00,null,null,null
2023-09-13T22:40:04Z,21.48,63.93,98,0,37.37,101.96,53.00,748.00,2,2,2
2023-09-13T22:41:04Z,21.53,64.00,98,0,38.73,101.96,52.00,744.00,null,null,null
2023-09-13T22:42:04Z,21.54,63.99,98,0,40.40,101.96,53.00,748.00,null,null,null
2023-09-13T22:43:04Z,21.55,64.08,98,0,37.84,101.96,53.00,748.00,null,null,null
2023-09-13T22:44:04Z,21.51,63.83,98,0,39.93,101.96,52.00,744.00,null,null,null
2023-09-13T22:45:04Z,21.54,63.79,98,0,32.29,101.96,51.00,735.00,2,2,2
2023-09-13T22:46:04Z,21.53,63.62,98,0,36.05,101.95,51.00,735.00,null,null,null
2023-09-13T22:47:04Z,21.57,63.58,98,0,36.57,101.96,50.00,730.00,null,null,null
2023-09-13T22:48:04Z,21.58,63.51,98,0,40.61,101.95,50.00,730.00,null,null,null
2023-09-13T22:49:04Z,21.54,63.56,98,0,40.16,101.95,49.00,726.00,null,null,null
2023-09-13T22:50:04Z,21.53,63.53,98,0,35.52,101.95,47.00,714.00,1,1,1
2023-09-13T22:51:04Z,21.54,63.57,98,0,37.79,101.95,47.00,714.00,null,null,null
2023-09-13T22:52:04Z,21.57,63.58,98,0,38.20,101.94,47.00,714.00,null,null,null
2023-09-13T22:53:04Z,21.57,63.57,98,0,38.94,101.94,47.00,714.00,null,null,null
2023-09-13T22:54:04Z,21.59,63.51,98,0,35.64,101.95,49.00,726.00,null,null,null
2023-09-13T22:55:04Z,21.55,63.62,98,0,34.06,101.95,47.00,714.00,1,1,1
2023-09-13T22:56:04Z,21.58,63.64,98,0,39.65,101.95,46.00,708.00,null,null,null
2023-09-13T22:57:04Z,21.57,63.66,98,0,40.39,101.95,46.00,708.00,null,null,null
2023-09-13T22:58:04Z,21.55,63.57,98,0,36.44,101.95,46.00,708.00,null,null,null
2023-09-13T22:59:04Z,21.54,63.58,98,0,35.55,101.95,46.00,708.00,null,null,null
2023-09-13T23:00:04Z,21.57,63.51,98,0,41.95,101.95,46.00,708.00,2,2,2
2023-09-13T23:01:04Z,21.57,63.47,98,0,35.24,101.95,46.00,708.00,null,null,null
2023-09-13T23:02:04Z,21.59,63.48,98,0,34.15,101.94,46.00,708.00,null,null,null
2023-09-13T23:03:04Z,21.55,63.48,98,0,34.41,101.95,46.00,708.00,null,null,null
2023-09-13T23:04:04Z,21.55,63.41,98,0,37.34,101.95,46.00,708.00,null,null,null
2023-09-13T23:05:04Z,21.57,63.38,98,0,33.58,101.94,46.00,708.00,1,6,6
2023-09-13T23:06:04Z,21.58,63.37,98,0,35.03,101.94,45.00,700.00,null,null,null
2023-09-13T23:07:04Z,21.57,63.34,98,0,35.93,101.95,45.00,700.00,null,null,null
2023-09-13T23:08:04Z,21.57,63.34,98,0,39.28,101.95,45.00,700.00,null,null,null
2023-09-13T23:09:04Z,21.55,63.31,98,0,34.81,101.95,45.00,700.00,null,null,null
2023-09-13T23:10:04Z,21.57,63.39,98,0,33.76,101.95,44.00,692.00,2,2,2
2023-09-13T23:11:04Z,21.59,63.36,98,0,36.03,101.95,45.00,700.00,null,null,null
2023-09-13T23:12:04Z,21.59,63.34,98,0,34.91,101.95,44.00,692.00,null,null,null
2023-09-13T23:13:04Z,21.55,63.32,98,0,38.42,101.95,44.00,692.00,null,null,null
2023-09-13T23:14:04Z,21.58,63.37,98,0,36.96,101.94,44.00,692.00,null,null,null
2023-09-13T23:15:04Z,21.57,63.35,98,0,33.99,101.94,43.00,683.00,4,4,4
2023-09-13T23:16:04Z,21.57,63.35,98,0,29.31,101.94,43.00,683.00,null,null,null
2023-09-13T23:17:04Z,21.57,63.32,98,0,33.41,101.94,43.00,683.00,null,null,null
2023-09-13T23:18:04Z,21.58,63.30,98,0,37.85,101.94,42.00,678.00,null,null,null
2023-09-13T23:19:04Z,21.55,63.28,98,0,33.14,101.94,43.00,683.00,null,null,null
2023-09-13T23:20:04Z,21.54,63.32,98,0,36.09,101.94,42.00,678.00,1,1,1
2023-09-13T23:21:04Z,21.57,63.29,98,0,34.20,101.94,42.00,678.00,null,null,null
2023-09-13T23:22:04Z,21.55,63.24,98,0,35.82,101.94,42.00,678.00,null,null,null
2023-09-13T23:23:04Z,21.58,63.24,98,0,32.39,101.94,43.00,686.00,null,null,null
2023-09-13T23:24:04Z,21.57,63.27,98,0,34.50,101.93,43.00,686.00,null,null,null
2023-09-13T23:25:04Z,21.54,63.25,98,0,39.03,101.94,42.00,678.00,0,0,0
2023-09-13T23:26:04Z,21.57,63.30,98,0,36.40,101.94,42.00,678.00,null,null,null
2023-09-13T23:27:04Z,21.57,63.20,98,0,36.93,101.94,42.00,678.00,null,null,null
2023-09-13T23:28:04Z,21.55,63.18,98,0,34.89,101.93,43.00,686.00,null,null,null
2023-09-13T23:29:04Z,21.53,63.19,99,0,39.27,101.93,43.00,686.00,null,null,null
2023-09-13T23:30:04Z,21.54,63.14,98,0,33.97,101.93,43.00,686.00,3,3,3
2023-09-13T23:31:04Z,21.55,63.18,98,0,43.27,101.94,42.00,682.00,null,null,null
2023-09-13T23:32:04Z,21.54,63.10,98,0,45.30,101.94,41.00,674.00,null,null,null
2023-09-13T23:33:04Z,21.55,63.16,98,0,47.83,101.94,42.00,682.00,null,null,null
2023-09-13T23:34:04Z,21.53,63.14,98,0,43.58,101.93,41.00,674.00,null,null,null
2023-09-13T23:35:04Z,21.54,63.15,98,0,39.06,101.94,41.00,674.00,5,5,5
2023-09-13T23:36:04Z,21.54,63.13,98,0,38.27,101.94,40.00,666.00,null,null,null
2023-09-13T23:37:04Z,21.54,63.13,98,0,49.23,101.93,40.00,666.00,null,null,null
2023-09-13T23:38:04Z,21.53,63.13,98,0,38.77,101.93,40.00,666.00,null,null,null
2023-09-13T23:39:04Z,21.54,63.13,98,0,33.38,101.94,40.00,666.00,null,null,null
2023-09-13T23:40:04Z,21.51,63.14,98,0,34.91,101.94,39.00,659.00,3,3,3
2023-09-13T23:41:04Z,21.50,63.16,98,0,42.38,101.94,39.00,659.00,null,null,null
2023-09-13T23:42:04Z,21.51,63.13,98,0,36.02,101.94,39.00,659.00,null,null,null
2023-09-13T23:43:04Z,21.54,63.13,98,0,33.12,101.94,38.00,652.00,null,null,null
2023-09-13T23:44:04Z,21.50,63.21,98,0,32.87,101.94,38.00,652.00,null,null,null
2023-09-13T23:45:04Z,21.48,63.22,98,0,40.00,101.93,38.00,652.00,0,0,0
2023-09-13T23:46:04Z,21.50,63.21,98,0,39.85,101.93,38.00,652.00,null,null,null
2023-09-13T23:47:04Z,21.51,63.19,98,0,36.57,101.93,38.00,652.00,null,null,null
2023-09-13T23:48:04Z,21.50,63.20,98,0,46.86,101.93,38.00,652.00,null,null,null
2023-09-13T23:49:04Z,21.47,63.22,99,0,40.79,101.93,38.00,652.00,null,null,null
2023-09-13T23:50:04Z,21.48,63.22,98,0,37.94,101.93,38.00,652.00,0,0,0
2023-09-13T23:51:04Z,21.47,63.23,98,0,37.56,101.93,38.00,652.00,null,null,null
2023-09-13T23:52:04Z,21.48,63.20,98,0,33.60,101.93,38.00,652.00,null,null,null
2023-09-13T23:53:04Z,21.48,63.22,98,0,38.21,101.93,38.00,652.00,null,null,null
2023-09-13T23:54:04Z,21.47,63.22,98,0,51.55,101.93,38.00,652.00,null,null,null
2023-09-13T23:55:04Z,21.47,63.23,98,0,31.07,101.93,39.00,659.00,1,1,1
2023-09-13T23:56:04Z,21.47,63.24,98,0,36.08,101.93,38.00,652.00,null,null,null
2023-09-13T23:57:04Z,21.50,63.22,98,0,35.57,101.93,39.00,659.00,null,null,null
2023-09-13T23:58:04Z,21.48,63.20,99,0,39.14,101.92,39.00,659.00,null,null,null
2023-09-13T23:59:04Z,21.45,63.27,98,0,31.88,101.93,38.00,652.00,null,null,null
