TIME,TEMP,HUM,BATT,LIGHT,NOISE_A,PRESS,CCS811_VOCS,CCS811_ECO2,PM_1,PM_25,PM_10
ISO 8601,C,%,%,Lux,dBA,kPa,ppb,ppm,ug/m3,ug/m3,ug/m3
Time,Temperature,Humidity,Battery,Light,Noise dBA,Barometric pressure,VOC Gas CCS811,eCO2 Gas CCS811,PM 1.0,PM 2.5,PM 10.0
,55,56,10,14,53,58,113,112,89,87,88
2023-09-13T00:00:03Z,28.09,62.94,100,0,42.09,101.80,38.00,652.00,0,0,0
2023-09-13T00:01:03Z,28.13,62.85,100,0,31.93,101.80,38.00,652.00,null,null,null
2023-09-13T00:02:03Z,28.13,62.86,100,0,30.57,101.80,38.00,652.00,null,null,null
2023-09-13T00:03:03Z,28.11,62.84,100,0,29.38,101.80,39.00,659.00,null,null,null
2023-09-13T00:04:03Z,28.12,62.89,100,0,30.68,101.80,38.00,652.00,null,null,null
2023-09-13T00:05:03Z,28.11,62.85,100,0,29.36,101.81,38.00,652.00,0,0,0
2023-09-13T00:06:03Z,28.13,62.86,100,0,31.38,101.81,38.00,652.00,null,null,null
2023-09-13T00:07:03Z,28.13,62.81,100,0,29.15,101.81,38.00,652.00,null,null,null
2023-09-13T00:08:03Z,28.13,62.82,100,0,26.99,101.81,38.00,652.00,null,null,null
2023-09-13T00:09:03Z,28.12,62.80,100,0,29.27,101.81,38.00,652.00,null,null,null
2023-09-13T00:10:03Z,28.13,62.78,100,0,31.28,101.81,38.00,652.00,0,0,0
2023-09-13T00:11:03Z,28.13,62.76,100,0,34.89,101.81,38.00,652.00,null,null,null
2023-09-13T00:12:03Z,28.13,62.76,100,0,29.77,101.81,38.00,652.00,null,null,null
2023-09-13T00:13:03Z,28.11,62.75,100,0,29.87,101.80,39.00,659.00,null,null,null
2023-09-13T00:14:03Z,28.13,62.78,100,0,30.36,101.81,39.00,659.00,null,null,null
2023-09-13T00:15:03Z,28.12,62.77,100,0,32.35,101.81,39.00,659.00,0,0,0
2023-09-13T00:16:03Z,28.16,62.76,100,0,45.76,101.80,39.00,659.00,null,null,null
2023-09-13T00:17:03Z,28.12,62.70,100,0,45.99,101.81,41.00,672.00,null,null,null
2023-09-13T00:18:03Z,28.13,62.78,100,0,28.14,101.81,40.00,668.00,null,null,null
2023-09-13T00:19:03Z,28.13,62.73,100,0,27.84,101.81,41.00,672.00,null,null,null
2023-09-13T00:20:03Z,28.11,62.75,100,0,29.01,101.81,40.00,668.00,0,0,0
2023-09-13T00:21:03Z,28.15,62.78,100,0,31.99,101.81,41.00,672.00,null,null,null
2023-09-13T00:22:03Z,28.12,62.76,100,0,30.53,101.81,39.00,659.00,null,null,null
2023-09-13T00:23:03Z,28.13,62.80,100,0,31.56,101.81,41.00,672.00,null,null,null
2023-09-13T00:24:03Z,28.12,62.84,100,0,54.79,101.82,39.00,659.00,null,null,null
2023-09-13T00:25:03Z,28.12,62.86,100,0,29.94,101.81,41.00,672.00,0,0,0
2023-09-13T00:26:03Z,28.13,62.87,100,0,45.93,101.81,39.00,659.00,null,null,null
2023-09-13T00:27:03Z,28.16,62.85,100,0,27.94,101.82,41.00,672.00,null,null,null
2023-09-13T00:28:03Z,28.16,62.89,100,0,48.76,101.82,39.00,659.00,null,null,null
2023-09-13T00:29:03Z,28.15,62.87,100,0,35.80,101.82,41.00,672.00,null,null,null
2023-09-13T00:30:03Z,28.13,62.94,100,0,33.36,101.82,39.00,659.00,0,0,0
2023-09-13T00:31:03Z,28.15,62.89,100,0,28.02,101.83,41.00,672.00,null,null,null
2023-09-13T00:32:03Z,28.16,62.88,100,0,46.94,101.83,41.00,672.00,null,null,null
2023-09-13T00:33:03Z,28.15,62.88,100,0,28.57,101.83,41.00,672.00,null,null,null
2023-09-13T00:34:03Z,28.12,62.88,100,0,35.28,101.83,41.00,672.00,null,null,null
2023-09-13T00:35:03Z,28.13,62.93,100,0,48.88,101.84,39.00,659.00,0,0,0
2023-09-13T00:36:03Z,28.15,62.88,100,0,48.12,101.83,39.00,659.00,null,null,null
2023-09-13T00:37:03Z,28.15,62.88,100,0,28.12,101.83,41.00,672.00,null,null,null
2023-09-13T00:38:03Z,28.16,62.84,100,0,52.84,101.84,41.00,672.00,null,null,null
2023-09-13T00:39:03Z,28.13,62.92,100,0,30.61,101.84,41.00,672.00,null,null,null
2023-09-13T00:40:03Z,28.15,62.96,100,0,33.74,101.85,41.00,672.00,0,0,0
2023-09-13T00:41:03Z,28.15,62.94,100,0,29.03,101.85,38.00,652.00,null,null,null
2023-09-13T00:42:03Z,28.13,62.94,100,0,29.21,101.85,39.00,659.00,null,null,null
2023-09-13T00:43:03Z,28.15,62.94,100,0,34.96,101.85,41.00,672.00,null,null,null
2023-09-13T00:44:03Z,28.15,62.92,100,0,32.32,101.85,39.00,659.00,null,null,null
2023-09-13T00:45:03Z,28.16,62.96,100,0,31.55,101.85,41.00,672.00,0,0,0
2023-09-13T00:46:03Z,28.15,62.94,100,0,48.12,101.86,38.00,652.00,null,null,null
2023-09-13T00:47:03Z,28.16,62.97,100,0,51.78,101.86,39.00,659.00,null,null,null
2023-09-13T00:48:03Z,28.15,62.97,100,0,57.27,101.86,41.00,672.00,null,null,null
2023-09-13T00:49:03Z,28.13,62.95,100,0,46.76,101.86,39.00,659.00,null,null,null
2023-09-13T00:50:03Z,28.15,62.96,100,0,32.10,101.87,41.00,672.00,0,0,0
2023-09-13T00:51:03Z,28.16,62.93,100,0,27.80,101.87,38.00,652.00,null,null,null
2023-09-13T00:52:03Z,28.16,62.95,100,0,34.27,101.87,41.00,672.00,null,null,null
2023-09-13T00:53:03Z,28.15,63.00,100,0,33.64,101.86,39.00,659.00,null,null,null
2023-09-13T00:54:03Z,28.15,63.00,100,0,53.82,101.86,39.00,659.00,null,null,null
2023-09-13T00:55:03Z,28.15,62.96,100,0,29.77,101.87,39.00,659.00,0,0,0
2023-09-13T00:56:03Z,28.16,62.94,100,0,40.04,101.87,41.00,672.00,null,null,null
2023-09-13T00:57:03Z,28.16,62.91,100,0,29.46,101.87,39.00,659.00,null,null,null
2023-09-13T00:58:03Z,28.18,62.93,100,0,32.41,101.87,41.00,672.00,null,null,null
2023-09-13T00:59:03Z,28.15,62.87,100,0,32.19,101.86,39.00,659.00,null,null,null
2023-09-13T01:00:03Z,28.16,62.89,100,0,28.64,101.86,41.00,672.00,0,0,0
2023-09-13T01:01:03Z,28.16,62.83,100,0,31.82,101.87,39.00,659.00,null,null,null
2023-09-13T01:02:03Z,28.15,62.81,100,0,29.53,101.86,39.00,659.00,null,null,null
2023-09-13T01:03:03Z,28.15,62.76,100,0,29.03,101.87,39.00,659.00,null,null,null
2023-09-13T01:04:03Z,28.15,62.79,100,0,30.82,101.87,39.00,659.00,null,null,null
2023-09-13T01:05:03Z,28.15,62.78,100,0,30.40,101.87,41.00,672.00,0,0,0
2023-09-13T01:06:03Z,28.15,62.82,100,0,30.60,101.87,39.00,659.00,null,null,null
2023-09-13T01:07:03Z,28.16,62.73,100,0,30.66,101.87,41.00,672.00,null,null,null
2023-09-13T01:08:03Z,28.16,62.69,100,0,32.32,101.87,40.00,668.00,null,null,null
2023-09-13T01:09:03Z,28.13,62.71,100,0,28.50,101.87,40.00,668.00,null,null,null
2023-09-13T01:10:03Z,28.15,62.64,100,0,28.95,101.87,40.00,668.00,0,0,0
2023-09-13T01:11:03Z,28.16,62.64,100,0,30.24,101.86,40.00,668.00,null,null,null
2023-09-13T01:12:03Z,28.16,62.59,100,0,37.15,101.87,40.00,668.00,null,null,null
2023-09-13T01:13:03Z,28.16,62.60,100,0,31.16,101.87,40.00,668.00,null,null,null
2023-09-13T01:14:03Z,28.13,62.59,100,0,30.71,101.87,40.00,668.00,null,null,null
2023-09-13T01:15:03Z,28.15,62.59,100,0,29.86,101.87,40.00,668.00,0,0,0
2023-09-13T01:16:03Z,28.15,62.56,100,0,30.93,101.87,40.00,668.00,null,null,null
2023-09-13T01:17:03Z,28.18,62.51,100,0,29.77,101.88,39.00,659.00,null,null,null
2023-09-13T01:18:03Z,28.15,62.50,100,0,31.73,101.87,40.00,668.00,null,null,null
2023-09-13T01:19:03Z,28.16,62.55,100,0,29.80,101.87,39.00,659.00,null,null,null
2023-09-13T01:20:03Z,28.15,62.55,100,0,30.46,101.88,40.00,668.00,0,0,0
2023-09-13T01:21:03Z,28.15,62.50,100,0,30.72,101.88,39.00,659.00,null,null,null
2023-09-13T01:22:03Z,28.15,62.44,100,0,26.19,101.87,40.00,668.00,null,null,null
2023-09-13T01:23:03Z,28.15,62.35,100,0,28.91,101.88,39.00,659.00,null,null,null
2023-09-13T01:24:03Z,28.16,62.25,100,0,25.76,101.88,40.00,668.00,null,null,null
2023-09-13T01:25:03Z,28.15,62.23,100,0,31.97,101.87,39.00,659.00,0,0,0
2023-09-13T01:26:03Z,28.15,62.28,100,0,33.00,101.88,40.00,666.00,null,null,null
2023-09-13T01:27:03Z,28.16,62.25,100,0,31.50,101.88,38.00,652.00,null,null,null
2023-09-13T01:28:03Z,28.18,62.25,100,0,28.77,101.88,39.00,659.00,null,null,null
2023-09-13T01:29:03Z,28.13,62.29,100,0,29.82,101.88,38.00,652.00,null,null,null
2023-09-13T01:30:03Z,28.12,62.27,100,0,33.25,101.88,39.00,659.00,0,0,0
2023-09-13T01:31:03Z,28.13,62.22,100,0,31.95,101.88,38.00,652.00,null,null,null
2023-09-13T01:32:03Z,28.15,62.20,100,0,30.11,101.88,39.00,657.00,null,null,null
2023-09-13T01:33:03Z,28.15,62.21,100,0,32.65,101.88,39.00,657.00,null,null,null
2023-09-13T01:34:03Z,28.13,62.24,100,0,29.60,101.88,39.00,657.00,null,null,null
2023-09-13T01:35:03Z,28.12,62.23,100,0,35.39,101.88,39.00,657.00,0,0,0
2023-09-13T01:36:03Z,28.15,62.21,100,0,47.26,101.89,39.00,657.00,null,null,null
2023-09-13T01:37:03Z,28.13,62.17,100,0,40.70,101.89,39.00,657.00,null,null,null
2023-09-13T01:38:03Z,28.12,62.15,100,0,51.32,101.89,39.00,657.00,null,null,null
2023-09-13T01:39:03Z,28.12,62.19,100,0,30.58,101.89,39.00,657.00,null,null,null
2023-09-13T01:40:03Z,28.12,62.13,100,0,50.36,101.89,39.00,657.00,0,0,0
2023-09-13T01:41:03Z,28.13,62.17,100,0,51.53,101.90,39.00,657.00,null,null,null
2023-09-13T01:42:03Z,28.13,62.09,100,0,49.18,101.90,39.00,657.00,null,null,null
2023-09-13T01:43:03Z,28.13,62.17,100,0,46.93,101.89,39.00,657.00,null,null,null
2023-09-13T01:44:03Z,28.12,62.12,100,0,31.41,101.90,39.00,657.00,null,null,null
2023-09-13T01:45:03Z,28.12,62.17,100,0,31.38,101.90,39.00,657.00,0,0,0
2023-09-13T01:46:03Z,28.13,62.10,100,0,31.95,101.90,38.00,653.00,null,null,null
2023-09-13T01:47:03Z,28.13,62.09,100,0,54.34,101.90,39.00,657.00,null,null,null
2023-09-13T01:48:03Z,28.12,62.13,100,0,32.14,101.89,38.00,653.00,null,null,null
2023-09-13T01:49:03Z,28.13,62.08,100,0,46.55,101.90,40.00,666.00,null,null,null
2023-09-13T01:50:03Z,28.11,62.08,100,0,50.62,101.89,43.00,686.00,0,0,0
2023-09-13T01:51:03Z,28.13,62.10,100,0,32.29,101.89,41.00,674.00,null,null,null
2023-09-13T01:52:03Z,28.13,62.07,100,0,49.47,101.89,43.00,686.00,null,null,null
2023-09-13T01:53:03Z,28.12,62.04,100,0,31.50,101.89,41.00,674.00,null,null,null
2023-09-13T01:54:03Z,28.11,62.05,100,0,31.74,101.90,43.00,686.00,null,null,null
2023-09-13T01:55:03Z,28.12,62.06,100,0,28.11,101.89,44.00,690.00,0,0,0
2023-09-13T01:56:03Z,28.15,62.06,100,0,29.93,101.89,41.00,674.00,null,null,null
2023-09-13T01:57:03Z,28.13,62.04,100,0,31.55,101.89,43.00,686.00,null,null,null
2023-09-13T01:58:03Z,28.12,62.00,100,0,28.84,101.89,44.00,690.00,null,null,null
2023-09-13T01:59:03Z,28.12,62.08,100,0,46.67,101.90,43.00,686.00,null,null,null
2023-09-13T02:00:03Z,28.11,62.05,100,0,39.46,101.90,44.00,690.00,0,0,0
2023-09-13T02:01:03Z,28.11,62.05,100,0,41.61,101.90,43.00,686.00,null,null,null
2023-09-13T02:02:03Z,28.12,62.01,100,0,36.98,101.90,43.00,686.00,null,null,null
2023-09-13T02:03:03Z,28.11,61.96,100,0,33.02,101.90,43.00,686.00,null,null,null
2023-09-13T02:04:03Z,28.11,62.02,100,0,31.85,101.90,43.00,686.00,null,null,null
2023-09-13T02:05:03Z,28.09,62.02,100,0,29.50,101.90,43.00,686.00,0,0,0
2023-09-13T02:06:03Z,28.12,62.01,100,0,36.30,101.91,43.00,686.00,null,null,null
2023-09-13T02:07:03Z,28.12,61.97,100,0,32.01,101.90,43.00,686.00,null,null,null
2023-09-13T02:08:03Z,28.12,61.94,100,0,28.22,101.90,44.00,690.00,null,null,null
2023-09-13T02:09:03Z,28.12,61.94,100,0,30.76,101.90,43.00,686.00,null,null,null
2023-09-13T02:10:03Z,28.09,62.01,100,0,33.54,101.90,43.00,686.00,0,0,0
2023-09-13T02:11:03Z,28.09,61.93,100,0,29.11,101.90,43.00,686.00,null,null,null
2023-09-13T02:12:03Z,28.11,61.92,100,0,29.11,101.90,43.00,686.00,null,null,null
2023-09-13T02:13:03Z,28.09,61.91,100,0,29.69,101.91,43.00,686.00,null,null,null
2023-09-13T02:14:03Z,28.09,61.97,100,0,32.95,101.91,43.00,686.00,null,null,null
2023-09-13T02:15:03Z,28.09,61.91,100,0,30.39,101.90,43.00,686.00,0,0,0
2023-09-13T02:16:03Z,28.08,61.94,100,0,29.99,101.91,41.00,674.00,null,null,null
2023-09-13T02:17:03Z,28.09,61.94,100,0,31.40,101.91,43.00,686.00,null,null,null
2023-09-13T02:18:03Z,28.09,61.93,100,0,29.11,101.91,43.00,686.00,null,null,null
2023-09-13T02:19:03Z,28.09,61.91,100,0,32.31,101.91,43.00,686.00,null,null,null
2023-09-13T02:20:03Z,28.07,61.95,100,0,32.35,101.91,41.00,674.00,0,0,0
2023-09-13T02:21:03Z,28.04,61.95,100,0,30.10,101.91,41.00,674.00,null,null,null
2023-09-13T02:22:03Z,28.09,61.95,100,0,30.09,101.91,43.00,686.00,null,null,null
2023-09-13T02:23:03Z,28.08,61.93,100,0,31.88,101.91,41.00,674.00,null,null,null
2023-09-13T02:24:03Z,28.08,61.94,100,0,30.66,101.91,41.00,674.00,null,null,null
2023-09-13T02:25:03Z,28.04,61.94,100,0,29.67,101.92,43.00,686.00,0,0,0
2023-09-13T02:26:03Z,28.07,61.90,100,0,40.37,101.92,41.00,674.00,null,null,null
2023-09-13T02:27:03Z,28.07,61.90,100,0,31.54,101.92,41.00,674.00,null,null,null
2023-09-13T02:28:03Z,28.08,61.91,100,0,28.80,101.91,43.00,686.00,null,null,null
2023-09-13T02:29:03Z,28.07,61.90,100,0,32.50,101.92,41.00,674.00,null,null,null
2023-09-13T02:30:03Z,28.07,61.90,100,0,31.80,101.92,41.00,674.00,0,0,0
2023-09-13T02:31:03Z,28.08,61.91,100,0,32.42,101.92,41.00,674.00,null,null,null
2023-09-13T02:32:03Z,28.08,61.91,100,0,27.44,101.92,43.00,686.00,null,null,null
2023-09-13T02:33:03Z,28.07,61.90,100,0,32.26,101.92,41.00,674.00,null,null,null
2023-09-13T02:34:03Z,28.05,61.89,100,0,29.37,101.92,43.00,686.00,null,null,null
2023-09-13T02:35:03Z,28.05,61.89,100,0,33.23,101.92,41.00,674.00,0,0,0
2023-09-13T02:36:03Z,28.05,61.87,100,0,30.58,101.92,41.00,674.00,null,null,null
2023-09-13T02:37:03Z,28.07,61.90,100,0,46.18,101.92,43.00,686.00,null,null,null
2023-09-13T02:38:03Z,28.05,61.90,100,0,31.16,101.93,43.00,686.00,null,null,null
2023-09-13T02:39:03Z,28.07,61.87,100,0,33.94,101.93,44.00,690.00,null,null,null
2023-09-13T02:40:03Z,28.04,61.92,100,0,30.01,101.93,44.00,690.00,0,0,0
2023-09-13T02:41:03Z,28.05,61.90,100,0,30.30,101.93,44.00,690.00,null,null,null
2023-09-13T02:42:03Z,28.04,61.86,100,0,30.41,101.93,45.00,699.00,null,null,null
2023-09-13T02:43:03Z,28.04,61.90,100,0,29.57,101.93,45.00,699.00,null,null,null
2023-09-13T02:44:03Z,28.07,61.92,100,0,30.97,101.93,46.00,706.00,null,null,null
2023-09-13T02:45:03Z,28.02,61.87,100,0,30.23,101.93,46.00,706.00,0,0,0
2023-09-13T02:46:03Z,28.05,61.91,100,0,33.72,101.93,46.00,706.00,null,null,null
2023-09-13T02:47:03Z,28.05,61.86,100,0,30.32,101.93,46.00,706.00,null,null,null
2023-09-13T02:48:03Z,28.04,61.88,100,0,28.98,101.93,46.00,706.00,null,null,null
2023-09-13T02:49:03Z,28.04,61.83,100,0,31.07,101.93,48.00,717.00,null,null,null
2023-09-13T02:50:03Z,28.02,61.80,100,0,29.12,101.93,46.00,706.00,0,0,0
2023-09-13T02:51:03Z,28.02,61.84,100,0,31.47,101.93,48.00,717.00,null,null,null
2023-09-13T02:52:03Z,28.05,61.84,100,0,30.60,101.93,46.00,706.00,null,null,null
2023-09-13T02:53:03Z,28.02,61.84,100,0,31.47,101.93,48.00,717.00,null,null,null
2023-09-13T02:54:03Z,28.02,61.87,100,0,29.16,101.93,48.00,717.00,null,null,null
2023-09-13T02:55:03Z,28.02,61.80,100,0,32.66,101.93,48.00,717.00,0,0,0
2023-09-13T02:56:03Z,28.05,61.78,100,0,33.90,101.92,46.00,706.00,null,null,null
2023-09-13T02:57:03Z,28.04,61.83,100,0,33.35,101.92,46.00,706.00,null,null,null
2023-09-13T02:58:03Z,28.02,61.80,100,0,28.93,101.92,48.00,717.00,null,null,null
2023-09-13T02:59:03Z,28.02,61.79,100,0,27.73,101.93,48.00,717.00,null,null,null
2023-09-13T03:00:03Z,28.01,61.85,100,0,28.19,101.93,48.00,717.00,0,0,0
2023-09-13T03:01:03Z,28.00,61.84,100,0,32.33,101.93,46.00,706.00,null,null,null
2023-09-13T03:02:03Z,28.04,61.83,100,0,26.69,101.93,48.00,717.00,null,null,null
2023-09-13T03:03:03Z,28.02,61.78,100,0,25.98,101.93,48.00,717.00,null,null,null
2023-09-13T03:04:03Z,28.00,61.83,100,0,30.96,101.92,48.00,717.00,null,null,null
2023-09-13T03:05:03Z,28.00,61.80,100,0,33.36,101.92,48.00,717.00,0,0,0
2023-09-13T03:06:03Z,28.00,61.83,100,0,26.41,101.92,45.00,699.00,null,null,null
2023-09-13T03:07:03Z,28.04,61.78,100,0,38.67,101.92,48.00,717.00,null,null,null
2023-09-13T03:08:03Z,28.02,61.80,100,0,30.76,101.92,46.00,706.00,null,null,null
2023-09-13T03:09:03Z,28.01,61.80,100,0,29.22,101.92,48.00,717.00,null,null,null
2023-09-13T03:10:03Z,28.01,61.83,100,0,34.81,101.92,46.00,706.00,0,0,0
2023-09-13T03:11:03Z,28.01,61.84,100,0,33.91,101.92,45.00,699.00,null,null,null
2023-09-13T03:12:03Z,28.00,61.84,100,0,32.22,101.92,46.00,706.00,null,null,null
2023-09-13T03:13:03Z,28.01,61.81,100,0,31.86,101.92,45.00,699.00,null,null,null
2023-09-13T03:14:03Z,28.00,61.88,100,0,28.36,101.92,46.00,706.00,null,null,null
2023-09-13T03:15:03Z,27.98,61.87,100,0,28.27,101.92,46.00,706.00,0,0,0
2023-09-13T03:16:03Z,28.00,61.90,100,0,34.87,101.92,46.00,706.00,null,null,null
2023-09-13T03:17:03Z,28.02,61.90,100,0,26.06,101.92,46.00,706.00,null,null,null
2023-09-13T03:18:03Z,28.01,61.89,100,0,32.26,101.93,48.00,717.00,null,null,null
2023-09-13T03:19:03Z,27.98,61.90,100,0,32.88,101.92,48.00,717.00,null,null,null
2023-09-13T03:20:03Z,28.00,61.92,100,0,30.30,101.92,48.00,717.00,0,0,0
2023-09-13T03:21:03Z,28.00,61.88,100,0,28.51,101.93,48.00,717.00,null,null,null
2023-09-13T03:22:03Z,28.01,61.89,100,0,26.71,101.93,48.00,717.00,null,null,null
2023-09-13T03:23:03Z,27.98,61.87,100,0,27.78,101.93,46.00,706.00,null,null,null
2023-09-13T03:24:03Z,28.01,61.87,100,0,33.85,101.93,48.00,717.00,null,null,null
2023-09-13T03:25:03Z,27.98,61.86,100,0,32.63,101.93,48.00,717.00,0,0,0
2023-09-13T03:26:03Z,28.00,61.91,100,0,29.36,101.93,48.00,717.00,null,null,null
2023-09-13T03:27:03Z,28.00,61.84,100,0,28.99,101.93,48.00,717.00,null,null,null
2023-09-13T03:28:03Z,27.98,61.89,100,0,32.95,101.93,48.00,717.00,null,null,null
2023-09-13T03:29:03Z,27.97,61.93,100,0,38.55,101.93,48.00,717.00,null,null,null
2023-09-13T03:30:03Z,28.00,61.87,100,0,32.90,101.92,48.00,717.00,0,0,0
2023-09-13T03:31:03Z,28.00,61.89,100,0,30.01,101.93,48.00,717.00,null,null,null
2023-09-13T03:32:03Z,28.01,61.86,100,0,31.36,101.93,48.00,717.00,null,null,null
2023-09-13T03:33:03Z,28.00,61.87,100,0,31.75,101.92,50.00,730.00,null,null,null
2023-09-13T03:34:03Z,27.97,61.84,100,0,30.54,101.92,50.00,730.00,null,null,null
2023-09-13T03:35:03Z,27.97,61.85,100,0,31.80,101.93,50.00,730.00,0,0,0
2023-09-13T03:36:03Z,27.97,61.91,100,0,31.16,101.93,50.00,730.00,null,null,null
2023-09-13T03:37:03Z,27.98,61.82,100,0,30.61,101.93,50.00,730.00,null,null,null
2023-09-13T03:38:03Z,27.98,61.85,100,0,29.13,101.93,50.00,730.00,null,null,null
2023-09-13T03:39:03Z,27.97,61.84,100,0,30.77,101.92,50.00,730.00,null,null,null
2023-09-13T03:40:03Z,27.98,61.85,100,0,26.99,101.93,47.00,712.00,0,0,0
2023-09-13T03:41:03Z,27.97,61.81,100,0,32.41,101.93,48.00,719.00,null,null,null
2023-09-13T03:42:03Z,27.98,61.81,100,0,32.01,101.92,48.00,719.00,null,null,null
2023-09-13T03:43:03Z,27.95,61.82,100,0,29.33,101.92,48.00,719.00,null,null,null
2023-09-13T03:44:03Z,27.95,61.78,100,0,31.21,101.92,48.00,719.00,null,null,null
2023-09-13T03:45:03Z,27.98,61.81,100,0,28.57,101.92,48.00,719.00,0,0,0
2023-09-13T03:46:03Z,27.98,61.87,100,0,30.70,101.92,48.00,719.00,null,null,null
2023-09-13T03:47:03Z,27.97,61.85,100,0,27.77,101.92,48.00,719.00,null,null,null
2023-09-13T03:48:03Z,27.95,61.78,100,0,29.86,101.92,48.00,719.00,null,null,null
2023-09-13T03:49:03Z,27.98,61.80,100,0,29.43,101.92,47.00,712.00,null,null,null
2023-09-13T03:50:03Z,27.94,61.80,100,0,29.20,101.92,48.00,719.00,0,0,0
2023-09-13T03:51:03Z,27.95,61.78,100,0,28.23,101.93,48.00,719.00,null,null,null
2023-09-13T03:52:03Z,27.98,61.78,100,0,29.88,101.92,48.00,719.00,null,null,null
2023-09-13T03:53:03Z,27.98,61.77,100,0,31.43,101.93,48.00,719.00,null,null,null
2023-09-13T03:54:03Z,27.97,61.77,100,0,39.69,101.92,48.00,719.00,null,null,null
2023-09-13T03:55:03Z,27.94,61.79,100,0,29.08,101.93,48.00,719.00,0,0,0
2023-09-13T03:56:03Z,27.95,61.81,100,0,29.12,101.93,48.00,719.00,null,null,null
2023-09-13T03:57:03Z,27.95,61.74,100,0,29.90,101.92,48.00,719.00,null,null,null
2023-09-13T03:58:03Z,27.97,61.74,100,0,30.79,101.93,50.00,730.00,null,null,null
2023-09-13T03:59:03Z,27.97,61.74,100,0,27.59,101.93,48.00,717.00,null,null,null
2023-09-13T04:00:03Z,27.95,61.75,100,0,28.71,101.93,48.00,717.00,0,0,0
2023-09-13T04:01:03Z,27.95,61.74,100,0,28.63,101.93,47.00,712.00,null,null,null
2023-09-13T04:02:03Z,27.97,61.70,100,0,29.92,101.92,50.00,730.00,null,null,null
2023-09-13T04:03:03Z,27.95,61.74,100,0,46.49,101.93,48.00,717.00,null,null,null
2023-09-13T04:04:03Z,27.94,61.74,100,0,29.09,101.93,48.00,717.00,null,null,null
2023-09-13T04:05:03Z,27.92,61.75,100,0,29.23,101.93,48.00,717.00,0,0,0
2023-09-13T04:06:03Z,27.95,61.70,100,0,30.52,101.93,46.00,704.00,null,null,null
2023-09-13T04:07:03Z,27.97,61.67,100,0,30.78,101.93,48.00,717.00,null,null,null
2023-09-13T04:08:03Z,27.94,61.71,100,0,29.00,101.93,48.00,717.00,null,null,null
2023-09-13T04:09:03Z,27.95,61.73,100,0,32.83,101.93,48.00,717.00,null,null,null
2023-09-13T04:10:03Z,27.92,61.70,100,0,31.46,101.94,48.00,717.00,0,0,0
2023-09-13T04:11:03Z,27.97,61.71,100,0,30.93,101.94,47.00,710.00,null,null,null
2023-09-13T04:12:03Z,27.94,61.69,100,0,34.58,101.93,48.00,717.00,null,null,null
2023-09-13T04:13:03Z,27.95,61.75,100,0,29.09,101.94,48.00,717.00,null,null,null
2023-09-13T04:14:03Z,27.94,61.67,100,0,29.48,101.94,47.00,712.00,null,null,null
2023-09-13T04:15:03Z,27.94,61.70,100,0,30.41,101.94,48.00,717.00,0,0,0
2023-09-13T04:16:03Z,27.94,61.70,100,0,30.89,101.94,47.00,710.00,null,null,null
2023-09-13T04:17:03Z,27.95,61.69,100,0,31.54,101.95,48.00,717.00,null,null,null
2023-09-13T04:18:03Z,27.94,61.66,100,0,29.09,101.94,48.00,717.00,null,null,null
2023-09-13T04:19:03Z,27.94,61.66,100,0,32.35,101.94,48.00,717.00,null,null,null
2023-09-13T04:20:03Z,27.91,61.72,100,0,29.44,101.95,48.00,717.00,0,0,0
2023-09-13T04:21:03Z,27.95,61.65,100,0,33.42,101.95,47.00,710.00,null,null,null
2023-09-13T04:22:03Z,27.94,61.63,100,0,33.99,101.95,47.00,710.00,null,null,null
2023-09-13T04:23:03Z,27.90,61.63,100,0,29.57,101.95,48.00,717.00,null,null,null
2023-09-13T04:24:03Z,27.90,61.67,100,0,28.14,101.96,48.00,717.00,null,null,null
2023-09-13T04:25:03Z,27.92,61.62,100,0,31.45,101.95,48.00,717.00,0,0,0
2023-09-13T04:26:03Z,27.94,61.65,100,0,28.67,101.95,47.00,710.00,null,null,null
2023-09-13T04:27:03Z,27.95,61.62,100,0,33.95,101.96,48.00,717.00,null,null,null
2023-09-13T04:28:03Z,27.92,61.61,100,0,31.24,101.95,48.00,717.00,null,null,null
2023-09-13T04:29:03Z,27.92,61.60,100,0,30.30,101.95,48.00,717.00,null,null,null
2023-09-13T04:30:03Z,27.91,61.63,100,0,30.30,101.96,48.00,717.00,0,0,0
2023-09-13T04:31:03Z,27.90,61.62,100,0,31.38,101.95,48.00,717.00,null,null,null
2023-09-13T04:32:03Z,27.94,61.57,100,0,30.54,101.95,48.00,717.00,null,null,null
2023-09-13T04:33:03Z,27.90,61.54,100,0,30.80,101.95,48.00,717.00,null,null,null
2023-09-13T04:34:03Z,27.91,61.59,100,0,33.37,101.95,47.00,710.00,null,null,null
2023-09-13T04:35:03Z,27.92,61.57,100,0,30.99,101.95,48.00,717.00,0,0,0
2023-09-13T04:36:03Z,27.91,61.61,100,0,32.95,101.95,47.00,710.00,null,null,null
2023-09-13T04:37:03Z,27.94,61.56,100,0,27.84,101.95,48.00,717.00,null,null,null
2023-09-13T04:38:03Z,27.92,61.58,100,0,30.17,101.95,48.00,717.00,null,null,null
2023-09-13T04:39:03Z,27.88,61.58,100,0,31.08,101.95,47.00,710.00,null,null,null
2023-09-13T04:40:03Z,27.90,61.56,100,0,30.46,101.95,47.00,710.00,0,0,0
2023-09-13T04:41:03Z,27.91,61.57,100,0,29.50,101.96,47.00,710.00,null,null,null
2023-09-13T04:42:03Z,27.90,61.50,100,0,30.91,101.95,47.00,710.00,null,null,null
2023-09-13T04:43:03Z,27.91,61.51,100,0,29.35,101.95,47.00,710.00,null,null,null
2023-09-13T04:44:03Z,27.90,61.54,100,0,31.69,101.95,47.00,710.00,null,null,null
2023-09-13T04:45:03Z,27.92,61.56,100,0,26.80,101.96,47.00,710.00,0,0,0
2023-09-13T04:46:03Z,27.92,61.59,100,0,31.45,101.96,47.00,710.00,null,null,null
2023-09-13T04:47:03Z,27.92,61.49,100,0,29.03,101.96,47.00,710.00,null,null,null
2023-09-13T04:48:03Z,27.91,61.48,100,0,30.05,101.96,47.00,710.00,null,null,null
2023-09-13T04:49:03Z,27.91,61.55,100,0,29.26,101.96,47.00,710.00,null,null,null
2023-09-13T04:50:03Z,27.90,61.53,100,0,29.76,101.96,47.00,710.00,0,0,0
2023-09-13T04:51:03Z,27.91,61.56,100,0,29.36,101.96,47.00,710.00,null,null,null
2023-09-13T04:52:03Z,27.91,61.53,100,0,29.76,101.97,46.00,702.00,null,null,null
2023-09-13T04:53:03Z,27.90,61.51,100,0,31.21,101.96,47.00,710.00,null,null,null
2023-09-13T04:54:03Z,27.87,61.51,100,0,31.39,101.97,46.00,702.00,null,null,null
2023-09-13T04:55:03Z,27.87,61.50,100,0,28.87,101.96,47.00,710.00,0,0,0
2023-09-13T04:56:03Z,27.90,61.51,100,0,26.06,101.97,46.00,702.00,null,null,null
2023-09-13T04:57:03Z,27.90,61.50,100,0,45.74,101.97,46.00,702.00,null,null,null
2023-09-13T04:58:03Z,27.88,61.53,100,0,29.62,101.97,46.00,702.00,null,null,null
2023-09-13T04:59:03Z,27.91,61.53,100,0,27.99,101.97,46.00,702.00,null,null,null
2023-09-13T05:00:03Z,27.88,61.53,100,0,28.83,101.97,46.00,702.00,0,0,0
2023-09-13T05:01:03Z,27.88,61.47,100,0,31.19,101.98,46.00,702.00,null,null,null
2023-09-13T05:02:03Z,27.90,61.47,100,0,29.80,101.98,46.00,702.00,null,null,null
2023-09-13T05:03:03Z,27.90,61.51,100,0,28.68,101.98,46.00,702.00,null,null,null
2023-09-13T05:04:03Z,27.90,61.52,100,0,28.81,101.98,46.00,702.00,null,null,null
2023-09-13T05:05:03Z,27.87,61.51,100,0,34.15,101.99,46.00,702.00,0,0,0
2023-09-13T05:06:03Z,27.90,61.49,100,0,28.81,101.98,46.00,702.00,null,null,null
2023-09-13T05:07:03Z,27.87,61.46,100,0,31.86,101.99,46.00,702.00,null,null,null
2023-09-13T05:08:03Z,27.87,61.47,100,0,28.09,101.99,45.00,697.00,null,null,null
2023-09-13T05:09:03Z,27.87,61.47,100,0,33.84,101.98,45.00,697.00,null,null,null
2023-09-13T05:10:03Z,27.85,61.49,100,0,36.39,101.99,45.00,697.00,0,0,0
2023-09-13T05:11:03Z,27.88,61.51,100,0,30.14,101.99,45.00,697.00,null,null,null
2023-09-13T05:12:03Z,27.87,61.43,100,0,30.85,101.99,45.00,697.00,null,null,null
2023-09-13T05:13:03Z,27.85,61.48,100,0,27.80,101.99,45.00,697.00,null,null,null
2023-09-13T05:14:03Z,27.85,61.47,100,0,31.38,101.99,45.00,697.00,null,null,null
2023-09-13T05:15:03Z,27.87,61.52,100,0,30.84,101.99,45.00,697.00,0,0,0
2023-09-13T05:16:03Z,27.88,61.42,100,0,29.98,101.99,43.00,688.00,null,null,null
2023-09-13T05:17:03Z,27.88,61.47,100,0,31.62,102.00,45.00,697.00,null,null,null
2023-09-13T05:18:03Z,27.85,61.48,100,0,30.17,102.00,45.00,697.00,null,null,null
2023-09-13T05:19:03Z,27.85,61.44,100,0,32.47,102.00,45.00,697.00,null,null,null
2023-09-13T05:20:03Z,27.85,61.48,100,0,31.54,102.00,43.00,688.00,0,0,0
2023-09-13T05:21:03Z,27.85,61.49,100,0,31.31,102.00,43.00,688.00,null,null,null
2023-09-13T05:22:03Z,27.87,61.44,100,0,30.03,102.00,43.00,688.00,null,null,null
2023-09-13T05:23:03Z,27.85,61.45,100,0,31.59,102.00,43.00,688.00,null,null,null
2023-09-13T05:24:03Z,27.88,61.42,100,0,30.90,102.00,43.00,688.00,null,null,null
2023-09-13T05:25:03Z,27.84,61.42,100,0,30.25,102.00,43.00,688.00,0,0,0
2023-09-13T05:26:03Z,27.85,61.42,100,0,31.24,102.01,42.00,679.00,null,null,null
2023-09-13T05:27:03Z,27.85,61.40,100,0,30.73,102.01,45.00,697.00,null,null,null
2023-09-13T05:28:03Z,27.82,61.41,100,0,29.89,102.01,43.00,688.00,null,null,null
2023-09-13T05:29:03Z,27.85,61.42,100,0,29.99,102.01,43.00,688.00,null,null,null
2023-09-13T05:30:03Z,27.82,61.45,100,0,30.47,102.02,43.00,688.00,0,0,0
2023-09-13T05:31:03Z,27.84,61.42,100,0,32.77,102.02,42.00,679.00,null,null,null
2023-09-13T05:32:03Z,27.84,61.40,100,0,35.49,102.02,43.00,688.00,null,null,null
2023-09-13T05:33:03Z,27.82,61.45,100,0,33.17,102.02,43.00,688.00,null,null,null
2023-09-13T05:34:03Z,27.82,61.42,100,0,31.95,102.02,42.00,679.00,null,null,null
2023-09-13T05:35:03Z,27.85,61.47,100,0,29.57,102.02,42.00,679.00,0,0,0
2023-09-13T05:36:03Z,27.82,61.46,100,0,28.98,102.03,43.00,688.00,null,null,null
2023-09-13T05:37:03Z,27.87,61.47,100,0,31.11,102.02,42.00,679.00,null,null,null
2023-09-13T05:38:03Z,27.85,61.44,100,0,30.19,102.03,45.00,697.00,null,null,null
2023-09-13T05:39:03Z,27.84,61.46,100,0,35.48,102.03,45.00,697.00,null,null,null
2023-09-13T05:40:03Z,27.84,61.47,100,0,34.35,102.03,43.00,688.00,0,0,0
2023-09-13T05:41:03Z,27.81,61.45,100,0,31.53,102.03,43.00,688.00,null,null,null
2023-09-13T05:42:03Z,27.84,61.41,100,0,32.93,102.04,43.00,688.00,null,null,null
2023-09-13T05:43:03Z,27.81,61.47,100,0,31.24,102.04,43.00,688.00,null,null,null
2023-09-13T05:44:03Z,27.85,61.40,100,0,30.32,102.04,43.00,688.00,null,null,null
2023-09-13T05:45:03Z,27.81,61.46,100,0,28.71,102.05,43.00,688.00,0,0,0
2023-09-13T05:46:03Z,27.81,61.46,100,0,28.92,102.05,43.00,688.00,null,null,null
2023-09-13T05:47:03Z,27.84,61.44,100,0,28.85,102.05,43.00,688.00,null,null,null
2023-09-13T05:48:03Z,27.82,61.45,100,0,29.17,102.05,43.00,688.00,null,null,null
2023-09-13T05:49:03Z,27.81,61.40,100,0,30.19,102.05,43.00,688.00,null,null,null
2023-09-13T05:50:03Z,27.82,61.38,100,0,29.88,102.06,43.00,688.00,0,0,0
2023-09-13T05:51:03Z,27.82,61.43,100,0,30.68,102.05,43.00,688.00,null,null,null
2023-09-13T05:52:03Z,27.81,61.40,100,0,29.63,102.06,43.00,688.00,null,null,null
2023-09-13T05:53:03Z,27.81,61.41,100,0,32.24,102.05,45.00,697.00,null,null,null
2023-09-13T05:54:03Z,27.81,61.40,100,0,30.52,102.06,46.00,702.00,null,null,null
2023-09-13T05:55:03Z,27.78,61.48,100,0,32.93,102.06,46.00,702.00,0,0,0
2023-09-13T05:56:03Z,27.80,61.41,100,0,31.33,102.07,47.00,710.00,null,null,null
2023-09-13T05:57:03Z,27.84,61.38,100,0,32.17,102.07,47.00,710.00,null,null,null
2023-09-13T05:58:03Z,27.81,61.35,100,0,29.97,102.07,47.00,710.00,null,null,null
2023-09-13T05:59:03Z,27.80,61.37,100,0,32.64,102.08,47.00,710.00,null,null,null
2023-09-13T06:00:03Z,27.80,61.40,100,0,31.43,102.08,47.00,710.00,0,0,0
2023-09-13T06:01:03Z,27.80,61.39,100,0,32.65,102.08,47.00,710.00,null,null,null
2023-09-13T06:02:03Z,27.82,61.35,100,0,29.68,102.08,51.00,735.00,null,null,null
2023-09-13T06:03:03Z,27.78,61.33,100,0,31.98,102.08,53.00,748.00,null,null,null
2023-09-13T06:04:03Z,27.80,61.35,100,0,30.91,102.09,55.00,765.00,null,null,null
2023-09-13T06:05:03Z,27.80,61.35,100,0,26.43,102.09,56.00,774.00,0,0,0
2023-09-13T06:06:03Z,27.82,61.27,100,0,44.10,102.09,56.00,774.00,null,null,null
2023-09-13T06:07:03Z,27.81,61.25,100,0,40.39,102.09,55.00,765.00,null,null,null
2023-09-13T06:08:03Z,27.81,61.21,100,0,38.75,102.09,54.00,761.00,null,null,null
2023-09-13T06:09:03Z,27.81,61.23,100,0,32.10,102.10,56.00,770.00,null,null,null
2023-09-13T06:10:03Z,27.77,61.20,100,0,50.05,102.10,56.00,770.00,0,0,0
2023-09-13T06:11:03Z,27.80,61.20,100,0,37.02,102.10,54.00,757.00,null,null,null
2023-09-13T06:12:03Z,27.81,61.18,100,0,35.51,102.10,54.00,757.00,null,null,null
2023-09-13T06:13:03Z,27.75,61.17,100,0,36.17,102.11,54.00,757.00,null,null,null
2023-09-13T06:14:03Z,27.77,61.16,100,0,42.60,102.10,54.00,757.00,null,null,null
2023-09-13T06:15:03Z,27.80,61.18,100,0,40.53,102.11,54.00,757.00,0,0,0
2023-09-13T06:16:03Z,27.75,61.09,100,0,40.51,102.11,54.00,757.00,null,null,null
2023-09-13T06:17:03Z,27.78,61.14,100,0,38.64,102.11,54.00,757.00,null,null,null
2023-09-13T06:18:03Z,27.78,61.16,100,0,37.21,102.11,54.00,757.00,null,null,null
2023-09-13T06:19:03Z,27.77,61.16,100,0,35.39,102.11,54.00,757.00,null,null,null
2023-09-13T06:20:03Z,27.74,61.15,100,0,34.98,102.11,54.00,757.00,0,0,0
2023-09-13T06:21:03Z,27.74,61.11,100,0,37.08,102.11,62.00,810.00,null,null,null
2023-09-13T06:22:03Z,27.74,61.17,100,0,40.75,102.11,62.00,810.00,null,null,null
2023-09-13T06:23:03Z,27.75,61.10,100,0,37.40,102.11,62.00,810.00,null,null,null
2023-09-13T06:24:03Z,27.74,61.11,100,0,34.52,102.11,52.00,744.00,null,null,null
2023-09-13T06:25:03Z,27.70,61.10,100,0,35.82,102.11,61.00,802.00,0,0,0
2023-09-13T06:26:03Z,27.74,61.02,100,0,40.43,102.11,62.00,810.00,null,null,null
2023-09-13T06:27:03Z,27.74,61.10,100,0,30.20,102.12,62.00,810.00,null,null,null
2023-09-13T06:28:03Z,27.72,61.06,100,0,43.87,102.11,62.00,810.00,null,null,null
2023-09-13T06:29:03Z,27.71,61.07,100,0,37.21,102.12,63.00,815.00,null,null,null
2023-09-13T06:30:03Z,27.71,61.13,100,0,56.24,102.12,63.00,815.00,0,0,0
2023-09-13T06:31:03Z,27.74,61.12,100,0,35.33,102.12,62.00,810.00,null,null,null
2023-09-13T06:32:03Z,27.75,61.10,100,0,41.88,102.12,65.00,830.00,null,null,null
2023-09-13T06:33:03Z,27.72,61.08,100,0,45.93,102.12,56.00,770.00,null,null,null
2023-09-13T06:34:03Z,27.71,61.13,100,0,36.12,102.12,65.00,830.00,null,null,null
2023-09-13T06:35:03Z,27.70,61.05,100,0,45.00,102.12,66.00,834.00,0,0,0
2023-09-13T06:36:03Z,27.70,61.14,100,0,41.52,102.12,65.00,830.00,null,null,null
2023-09-13T06:37:03Z,27.71,61.11,100,0,45.08,102.13,66.00,834.00,null,null,null
2023-09-13T06:38:03Z,27.70,61.13,100,0,37.80,102.13,67.00,844.00,null,null,null
2023-09-13T06:39:03Z,27.70,61.14,100,0,37.74,102.13,68.00,851.00,null,null,null
2023-09-13T06:40:03Z,27.68,61.14,100,0,48.21,102.13,70.00,865.00,0,0,0
2023-09-13T06:41:03Z,27.71,61.15,100,0,36.64,102.13,70.00,865.00,null,null,null
2023-09-13T06:42:03Z,27.70,61.20,100,0,45.53,102.13,73.00,882.00,null,null,null
2023-09-13T06:43:03Z,27.68,61.12,100,0,48.93,102.13,73.00,882.00,null,null,null
2023-09-13T06:44:03Z,27.67,61.13,100,0,38.62,102.13,73.00,882.00,null,null,null
2023-09-13T06:45:03Z,27.64,61.15,100,0,48.89,102.13,74.00,889.00,0,0,0
2023-09-13T06:46:03Z,27.70,61.17,100,0,43.13,102.13,74.00,889.00,null,null,null
2023-09-13T06:47:03Z,27.68,61.12,100,0,43.73,102.14,75.00,897.00,null,null,null
2023-09-13T06:48:03Z,27.70,61.14,100,0,39.61,102.13,75.00,897.00,null,null,null
2023-09-13T06:49:03Z,27.70,61.15,100,0,38.98,102.13,75.00,897.00,null,null,null
2023-09-13T06:50:03Z,27.67,61.20,100,0,37.74,102.13,75.00,897.00,0,0,0
2023-09-13T06:51:03Z,27.67,61.18,100,0,43.36,102.14,75.00,897.00,null,null,null
2023-09-13T06:52:03Z,27.70,61.16,100,0,35.23,102.14,76.00,902.00,null,null,null
2023-09-13T06:53:03Z,27.68,61.19,100,0,37.09,102.14,76.00,902.00,null,null,null
2023-09-13T06:54:03Z,27.70,61.17,100,0,41.56,102.14,78.00,913.00,null,null,null
2023-09-13T06:55:03Z,27.68,61.20,100,0,41.43,102.15,78.00,913.00,0,0,0
2023-09-13T06:56:03Z,27.67,61.16,100,0,44.74,102.15,78.00,913.00,null,null,null
2023-09-13T06:57:03Z,27.67,61.18,100,0,40.84,102.14,78.00,913.00,null,null,null
2023-09-13T06:58:03Z,27.64,61.18,100,0,39.36,102.15,78.00,913.00,null,null,null
2023-09-13T06:59:03Z,27.65,61.19,100,0,34.39,102.15,78.00,913.00,null,null,null
2023-09-13T07:00:03Z,27.62,61.16,100,0,39.97,102.15,78.00,913.00,0,0,0
2023-09-13T07:01:03Z,27.67,61.16,100,0,38.85,102.15,79.00,920.00,null,null,null
2023-09-13T07:02:03Z,27.65,61.14,100,0,42.44,102.15,79.00,920.00,null,null,null
2023-09-13T07:03:03Z,27.67,61.16,100,0,41.41,102.16,79.00,920.00,null,null,null
2023-09-13T07:04:03Z,27.65,61.18,100,0,46.19,102.16,80.00,930.00,null,null,null
2023-09-13T07:05:03Z,27.64,61.19,100,0,35.95,102.16,79.00,920.00,0,0,0
2023-09-13T07:06:03Z,27.64,61.16,100,0,41.86,102.16,80.00,930.00,null,null,null
2023-09-13T07:07:03Z,27.65,61.13,100,0,39.57,102.16,80.00,930.00,null,null,null
2023-09-13T07:08:03Z,27.64,61.20,100,0,42.82,102.16,80.00,930.00,null,null,null
2023-09-13T07:09:03Z,27.62,61.21,100,0,37.60,102.16,80.00,930.00,null,null,null
2023-09-13T07:10:03Z,27.61,61.22,100,0,40.22,102.17,83.00,945.00,0,0,0
2023-09-13T07:11:03Z,27.64,61.16,100,0,48.24,102.17,80.00,930.00,null,null,null
2023-09-13T07:12:03Z,27.62,61.16,100,0,43.84,102.17,80.00,930.00,null,null,null
2023-09-13T07:13:03Z,27.60,61.19,100,0,43.76,102.17,80.00,930.00,null,null,null
2023-09-13T07:14:03Z,27.61,61.16,100,0,41.29,102.16,80.00,930.00,null,null,null
2023-09-13T07:15:03Z,27.61,61.22,100,0,44.73,102.16,80.00,930.00,0,0,0
2023-09-13T07:16:03Z,27.60,61.22,100,0,42.13,102.17,80.00,930.00,null,null,null
2023-09-13T07:17:03Z,27.61,61.20,100,0,33.11,102.16,80.00,930.00,null,null,null
2023-09-13T07:18:03Z,27.60,61.21,100,0,45.87,102.16,83.00,945.00,null,null,null
2023-09-13T07:19:03Z,27.61,61.20,100,0,43.46,102.16,83.00,945.00,null,null,null
2023-09-13T07:20:03Z,27.61,61.25,100,0,40.16,102.16,80.00,930.00,0,0,0
2023-09-13T07:21:03Z,27.61,61.27,100,0,45.66,102.17,79.00,920.00,null,null,null
2023-09-13T07:22:03Z,27.61,61.19,100,0,62.03,102.17,79.00,920.00,null,null,null
2023-09-13T07:23:03Z,27.61,61.17,100,0,37.20,102.17,80.00,930.00,null,null,null
2023-09-13T07:24:03Z,27.61,61.18,100,0,47.41,102.17,83.00,945.00,null,null,null
2023-09-13T07:25:03Z,27.60,61.19,100,0,39.35,102.17,83.00,945.00,0,0,0
2023-09-13T07:26:03Z,27.57,61.15,100,0,36.68,102.17,83.00,945.00,null,null,null
2023-09-13T07:27:03Z,27.60,61.17,100,0,44.51,102.17,83.00,945.00,null,null,null
2023-09-13T07:28:03Z,27.58,61.18,100,0,46.24,102.18,83.00,945.00,null,null,null
2023-09-13T07:29:03Z,27.57,61.20,100,0,38.72,102.17,83.00,945.00,null,null,null
2023-09-13T07:30:03Z,27.57,61.22,100,0,42.39,102.17,83.00,945.00,0,0,0
2023-09-13T07:31:03Z,27.57,61.21,100,0,47.35,102.17,83.00,945.00,null,null,null
2023-09-13T07:32:03Z,27.57,61.22,100,0,38.98,102.17,83.00,945.00,null,null,null
2023-09-13T07:33:03Z,27.57,61.26,100,0,37.16,102.17,83.00,945.00,null,null,null
2023-09-13T07:34:03Z,27.58,61.19,100,0,39.29,102.17,81.00,933.00,null,null,null
2023-09-13T07:35:03Z,27.58,61.23,100,0,41.14,102.17,83.00,945.00,0,0,0
2023-09-13T07:36:03Z,27.58,61.26,100,0,42.75,102.17,84.00,954.00,null,null,null
2023-09-13T07:37:03Z,27.58,61.22,100,0,40.67,102.17,81.00,933.00,null,null,null
2023-09-13T07:38:03Z,27.57,61.27,100,0,43.50,102.17,83.00,945.00,null,null,null
2023-09-13T07:39:03Z,27.56,61.28,100,0,39.22,102.18,82.00,942.00,null,null,null
2023-09-13T07:40:03Z,27.57,61.26,100,0,37.29,102.18,81.00,933.00,0,0,0
2023-09-13T07:41:03Z,27.57,61.23,100,0,40.67,102.17,81.00,933.00,null,null,null
2023-09-13T07:42:03Z,27.57,61.21,100,0,36.77,102.18,83.00,945.00,null,null,null
2023-09-13T07:43:03Z,27.58,61.27,100,0,42.15,102.18,83.00,945.00,null,null,null
2023-09-13T07:44:03Z,27.57,61.20,100,0,43.54,102.18,81.00,933.00,null,null,null
2023-09-13T07:45:03Z,27.54,61.26,100,0,40.36,102.18,83.00,945.00,0,0,0
2023-09-13T07:46:03Z,27.53,61.28,100,0,42.09,102.18,79.00,920.00,null,null,null
2023-09-13T07:47:03Z,27.57,61.28,100,0,34.86,102.19,79.00,920.00,null,null,null
2023-09-13T07:48:03Z,27.56,61.28,100,0,36.79,102.18,79.00,920.00,null,null,null
2023-09-13T07:49:03Z,27.56,61.31,100,0,35.38,102.19,81.00,933.00,null,null,null
2023-09-13T07:50:03Z,27.53,61.29,100,0,36.73,102.18,79.00,920.00,0,0,0
2023-09-13T07:51:03Z,27.57,61.27,100,0,35.18,102.18,79.00,920.00,null,null,null
2023-09-13T07:52:03Z,27.56,61.27,100,0,38.49,102.18,79.00,920.00,null,null,null
2023-09-13T07:53:03Z,27.57,61.26,100,0,46.73,102.19,79.00,920.00,null,null,null
2023-09-13T07:54:03Z,27.54,61.27,100,0,39.85,102.19,79.00,920.00,null,null,null
2023-09-13T07:55:03Z,27.51,61.27,100,0,38.70,102.19,79.00,920.00,0,0,0
2023-09-13T07:56:03Z,27.56,61.28,100,0,45.87,102.19,77.00,909.00,null,null,null
2023-09-13T07:57:03Z,27.56,61.24,100,0,33.71,102.19,79.00,920.00,null,null,null
2023-09-13T07:58:03Z,27.54,61.20,100,0,32.47,102.19,80.00,930.00,null,null,null
2023-09-13T07:59:03Z,27.53,61.26,100,0,38.09,102.19,80.00,930.00,null,null,null
2023-09-13T08:00:03Z,27.54,61.33,100,0,42.51,102.19,77.00,909.00,0,0,0
2023-09-13T08:01:03Z,27.54,61.32,100,0,37.40,102.19,77.00,909.00,null,null,null
2023-09-13T08:02:03Z,27.53,61.30,100,0,44.50,102.19,77.00,909.00,null,null,null
2023-09-13T08:03:03Z,27.53,61.28,100,0,37.18,102.19,77.00,909.00,null,null,null
2023-09-13T08:04:03Z,27.54,61.24,100,0,41.97,102.19,77.00,909.00,null,null,null
2023-09-13T08:05:03Z,27.53,61.29,100,0,46.59,102.19,79.00,920.00,0,0,0
2023-09-13T08:06:03Z,27.54,61.26,100,0,46.19,102.19,77.00,909.00,null,null,null
2023-09-13T08:07:03Z,27.54,61.28,100,0,42.72,102.19,77.00,909.00,null,null,null
2023-09-13T08:08:03Z,27.54,61.32,100,0,44.54,102.19,77.00,909.00,null,null,null
2023-09-13T08:09:03Z,27.51,61.26,100,0,33.41,102.20,77.00,909.00,null,null,null
2023-09-13T08:10:03Z,27.53,61.32,100,0,36.85,102.20,77.00,909.00,0,0,0
2023-09-13T08:11:03Z,27.53,61.33,100,0,41.70,102.20,77.00,909.00,null,null,null
2023-09-13T08:12:03Z,27.54,61.28,100,0,45.91,102.20,77.00,909.00,null,null,null
2023-09-13T08:13:03Z,27.53,61.33,100,0,37.17,102.20,77.00,909.00,null,null,null
2023-09-13T08:14:03Z,27.51,61.30,100,0,42.73,102.20,77.00,909.00,null,null,null
2023-09-13T08:15:03Z,27.53,61.28,100,0,39.70,102.21,77.00,909.00,0,0,0
2023-09-13T08:16:03Z,27.51,61.33,100,0,45.58,102.20,76.00,902.00,null,null,null
2023-09-13T08:17:03Z,27.54,61.24,100,0,36.36,102.21,76.00,902.00,null,null,null
2023-09-13T08:18:03Z,27.50,61.28,100,0,37.19,102.21,79.00,920.00,null,null,null
2023-09-13T08:19:03Z,27.53,61.27,100,0,39.28,102.21,76.00,902.00,null,null,null
2023-09-13T08:20:03Z,27.49,61.30,100,0,33.77,102.21,76.00,902.00,0,0,0
2023-09-13T08:21:03Z,27.50,61.29,100,0,33.32,102.21,76.00,902.00,null,null,null
2023-09-13T08:22:03Z,27.53,61.29,100,0,44.49,102.22,76.00,902.00,null,null,null
2023-09-13T08:23:03Z,27.53,61.28,100,0,40.87,102.22,74.00,891.00,null,null,null
2023-09-13T08:24:03Z,27.51,61.31,100,0,45.37,102.22,74.00,891.00,null,null,null
2023-09-13T08:25:03Z,27.53,61.31,100,0,41.74,102.22,74.00,891.00,0,0,0
2023-09-13T08:26:03Z,27.56,61.31,100,0,42.89,102.22,74.00,891.00,null,null,null
2023-09-13T08:27:03Z,27.53,61.29,100,0,42.50,102.22,74.00,887.00,null,null,null
2023-09-13T08:28:03Z,27.53,61.29,100,0,38.02,102.22,74.00,887.00,null,null,null
2023-09-13T08:29:03Z,27.50,61.26,100,0,41.06,102.22,74.00,887.00,null,null,null
2023-09-13T08:30:03Z,27.49,61.34,100,0,36.38,102.22,74.00,887.00,0,0,0
2023-09-13T08:31:03Z,27.51,61.30,100,0,41.90,102.22,74.00,887.00,null,null,null
2023-09-13T08:32:03Z,27.51,61.33,100,0,44.45,102.22,74.00,887.00,null,null,null
2023-09-13T08:33:03Z,27.51,61.23,100,0,34.35,102.22,74.00,887.00,null,null,null
2023-09-13T08:34:03Z,27.50,61.31,100,0,38.75,102.22,75.00,897.00,null,null,null
2023-09-13T08:35:03Z,27.47,61.26,100,0,40.20,102.22,74.00,887.00,0,0,0
2023-09-13T08:36:03Z,27.53,61.29,100,0,36.76,102.21,73.00,880.00,null,null,null
2023-09-13T08:37:03Z,27.50,61.28,100,0,31.00,102.22,73.00,880.00,null,null,null
2023-09-13T08:38:03Z,27.50,61.26,100,0,45.06,102.22,73.00,880.00,null,null,null
2023-09-13T08:39:03Z,27.50,61.29,100,0,39.12,102.22,73.00,880.00,null,null,null
2023-09-13T08:40:03Z,27.51,61.30,100,0,44.03,102.22,73.00,880.00,0,0,0
2023-09-13T08:41:03Z,27.53,61.27,100,0,43.13,102.23,73.00,880.00,null,null,null
2023-09-13T08:42:03Z,27.51,61.27,100,0,40.18,102.22,73.00,880.00,null,null,null
2023-09-13T08:43:03Z,27.47,61.27,100,0,44.77,102.23,71.00,872.00,null,null,null
2023-09-13T08:44:03Z,27.47,61.25,100,0,48.92,102.23,71.00,872.00,null,null,null
2023-09-13T08:45:03Z,27.50,61.24,100,0,37.15,102.23,71.00,872.00,0,0,0
2023-09-13T08:46:03Z,27.50,61.29,100,0,49.26,102.23,71.00,872.00,null,null,null
2023-09-13T08:47:03Z,27.51,61.20,100,0,45.25,102.23,70.00,863.00,null,null,null
2023-09-13T08:48:03Z,27.50,61.26,100,0,37.57,102.23,73.00,882.00,null,null,null
2023-09-13T08:49:03Z,27.47,61.24,100,0,44.90,102.23,70.00,863.00,null,null,null
2023-09-13T08:50:03Z,27.49,61.23,100,0,40.97,102.24,71.00,872.00,0,0,0
2023-09-13T08:51:03Z,27.49,61.23,100,0,39.58,102.24,70.00,865.00,null,null,null
2023-09-13T08:52:03Z,27.50,61.26,100,0,42.95,102.25,70.00,865.00,null,null,null
2023-09-13T08:53:03Z,27.47,61.25,100,0,39.67,102.24,69.00,853.00,null,null,null
2023-09-13T08:54:03Z,27.50,61.27,100,0,42.28,102.24,69.00,853.00,null,null,null
2023-09-13T08:55:03Z,27.46,61.21,100,0,47.05,102.25,67.00,840.00,0,0,0
2023-09-13T08:56:03Z,27.49,61.26,100,0,45.19,102.25,68.00,851.00,null,null,null
2023-09-13T08:57:03Z,27.47,61.25,100,0,40.25,102.25,67.00,840.00,null,null,null
2023-09-13T08:58:03Z,27.50,61.22,100,0,36.93,102.25,67.00,840.00,null,null,null
2023-09-13T08:59:03Z,27.49,61.24,100,0,42.69,102.25,67.00,844.00,null,null,null
2023-09-13T09:00:03Z,27.47,61.26,100,0,35.01,102.25,67.00,844.00,0,0,0
2023-09-13T09:01:03Z,27.49,61.23,100,0,43.76,102.25,63.00,819.00,null,null,null
2023-09-13T09:02:03Z,27.51,61.18,100,0,46.14,102.26,66.00,834.00,null,null,null
2023-09-13T09:03:03Z,27.51,61.27,100,0,45.64,102.25,66.00,834.00,null,null,null
2023-09-13T09:04:03Z,27.49,61.23,100,0,36.53,102.25,64.00,825.00,null,null,null
2023-09-13T09:05:03Z,27.47,61.19,100,0,40.61,102.26,66.00,834.00,0,0,0
2023-09-13T09:06:03Z,27.50,61.18,100,0,41.80,102.26,63.00,815.00,null,null,null
2023-09-13T09:07:03Z,27.49,61.20,100,0,38.49,102.26,65.00,830.00,null,null,null
2023-09-13T09:08:03Z,27.49,61.19,100,0,40.23,102.25,65.00,830.00,null,null,null
2023-09-13T09:09:03Z,27.47,61.24,100,0,42.24,102.26,63.00,815.00,null,null,null
2023-09-13T09:10:03Z,27.47,61.18,100,0,42.10,102.25,63.00,815.00,0,0,0
2023-09-13T09:11:03Z,27.50,61.19,100,0,45.70,102.25,62.00,810.00,null,null,null
2023-09-13T09:12:03Z,27.49,61.18,100,0,39.62,102.26,62.00,810.00,null,null,null
2023-09-13T09:13:03Z,27.47,61.16,100,0,44.54,102.26,62.00,810.00,null,null,null
2023-09-13T09:14:03Z,27.47,61.14,100,0,43.27,102.26,62.00,810.00,null,null,null
2023-09-13T09:15:03Z,27.46,61.23,100,0,48.04,102.26,62.00,810.00,0,0,0
2023-09-13T09:16:03Z,27.49,61.19,100,0,44.26,102.26,61.00,802.00,null,null,null
2023-09-13T09:17:03Z,27.49,61.15,100,0,42.08,102.26,60.00,795.00,null,null,null
2023-09-13T09:18:03Z,27.47,61.19,100,0,43.08,102.26,60.00,795.00,null,null,null
2023-09-13T09:19:03Z,27.44,61.15,100,0,31.74,102.26,60.00,795.00,null,null,null
2023-09-13T09:20:03Z,27.44,61.19,100,0,42.79,102.26,58.00,785.00,0,0,0
2023-09-13T09:21:03Z,27.47,61.15,100,0,39.41,102.26,58.00,785.00,null,null,null
2023-09-13T09:22:03Z,27.47,61.14,100,0,46.97,102.26,60.00,795.00,null,null,null
2023-09-13T09:23:03Z,27.46,61.12,100,0,40.97,102.26,58.00,785.00,null,null,null
2023-09-13T09:24:03Z,27.44,61.15,100,0,40.23,102.26,58.00,785.00,null,null,null
2023-09-13T09:25:03Z,27.46,61.20,100,0,46.46,102.26,58.00,785.00,0,0,0
2023-09-13T09:26:03Z,27.44,61.15,100,0,38.48,102.26,58.00,785.00,null,null,null
2023-09-13T09:27:03Z,27.47,61.13,100,0,34.38,102.26,57.00,776.00,null,null,null
2023-09-13T09:28:03Z,27.47,61.15,100,0,44.03,102.26,57.00,776.00,null,null,null
2023-09-13T09:29:03Z,27.47,61.13,100,0,42.86,102.26,57.00,776.00,null,null,null
2023-09-13T09:30:03Z,27.46,61.13,100,0,46.44,102.27,56.00,768.00,0,0,0
2023-09-13T09:31:03Z,27.47,61.12,100,0,35.32,102.27,56.00,768.00,null,null,null
2023-09-13T09:32:03Z,27.49,61.10,100,0,40.12,102.27,54.00,761.00,null,null,null
2023-09-13T09:33:03Z,27.49,61.16,100,0,45.38,102.27,54.00,761.00,null,null,null
2023-09-13T09:34:03Z,27.46,61.10,100,0,43.98,102.27,54.00,761.00,null,null,null
2023-09-13T09:35:03Z,27.46,61.11,100,0,39.48,102.27,54.00,761.00,0,0,0
2023-09-13T09:36:03Z,27.47,61.11,100,0,39.62,102.27,53.00,752.00,null,null,null
2023-09-13T09:37:03Z,27.49,61.10,100,0,38.00,102.28,53.00,752.00,null,null,null
2023-09-13T09:38:03Z,27.47,61.10,100,0,43.06,102.27,53.00,752.00,null,null,null
2023-09-13T09:39:03Z,27.46,61.08,100,0,43.96,102.27,53.00,752.00,null,null,null
2023-09-13T09:40:03Z,27.46,61.11,100,0,37.87,102.28,53.00,752.00,0,0,0
2023-09-13T09:41:03Z,27.49,61.05,100,0,34.65,102.28,52.00,744.00,null,null,null
2023-09-13T09:42:03Z,27.46,61.05,100,0,42.04,102.27,53.00,752.00,null,null,null
2023-09-13T09:43:03Z,27.47,61.09,100,0,36.80,102.27,52.00,744.00,null,null,null
2023-09-13T09:44:03Z,27.46,61.11,100,0,43.71,102.27,51.00,740.00,null,null,null
2023-09-13T09:45:03Z,27.47,61.10,100,0,45.41,102.27,51.00,740.00,0,0,0
2023-09-13T09:46:03Z,27.47,61.04,100,0,39.07,102.27,51.00,740.00,null,null,null
2023-09-13T09:47:03Z,27.46,61.03,100,0,37.22,102.28,50.00,732.00,null,null,null
2023-09-13T09:48:03Z,27.44,61.03,100,0,47.09,102.28,50.00,732.00,null,null,null
2023-09-13T09:49:03Z,27.44,61.05,100,0,44.53,102.27,50.00,732.00,null,null,null
2023-09-13T09:50:03Z,27.44,61.08,100,0,38.42,102.28,50.00,732.00,0,0,0
2023-09-13T09:51:03Z,27.44,61.01,100,0,35.28,102.28,49.00,726.00,null,null,null
2023-09-13T09:52:03Z,27.46,61.02,100,0,45.66,102.28,49.00,726.00,null,null,null
2023-09-13T09:53:03Z,27.46,61.02,100,0,44.37,102.28,49.00,726.00,null,null,null
2023-09-13T09:54:03Z,27.46,61.04,100,0,39.87,102.27,49.00,726.00,null,null,null
2023-09-13T09:55:03Z,27.46,61.03,100,0,40.60,102.27,47.00,714.00,0,0,0
2023-09-13T09:56:03Z,27.44,60.93,100,0,42.28,102.27,47.00,714.00,null,null,null
2023-09-13T09:57:03Z,27.46,60.99,100,0,35.41,102.27,47.00,714.00,null,null,null
2023-09-13T09:58:03Z,27.47,60.98,100,0,38.72,102.27,46.00,706.00,null,null,null
2023-09-13T09:59:03Z,27.47,60.94,100,0,44.46,102.27,46.00,706.00,null,null,null
2023-09-13T10:00:03Z,27.44,60.95,100,0,46.19,102.26,45.00,700.00,0,0,0
2023-09-13T10:01:03Z,27.47,60.93,100,0,38.94,102.27,45.00,700.00,null,null,null
2023-09-13T10:02:03Z,27.44,60.95,100,0,40.78,102.27,45.00,700.00,null,null,null
2023-09-13T10:03:03Z,27.46,60.95,100,0,45.94,102.27,45.00,700.00,null,null,null
2023-09-13T10:04:03Z,27.44,60.95,100,0,31.31,102.26,44.00,692.00,null,null,null
2023-09-13T10:05:03Z,27.41,60.94,100,0,44.15,102.26,44.00,692.00,0,0,0
2023-09-13T10:06:03Z,27.46,60.90,100,0,35.97,102.27,43.00,688.00,null,null,null
2023-09-13T10:07:03Z,27.47,60.92,100,0,40.20,102.27,44.00,692.00,null,null,null
2023-09-13T10:08:03Z,27.44,60.92,100,0,41.57,102.27,41.00,675.00,null,null,null
2023-09-13T10:09:03Z,27.46,60.92,100,0,39.18,102.27,43.00,688.00,null,null,null
2023-09-13T10:10:03Z,27.44,60.90,100,0,45.84,102.27,41.00,675.00,0,0,0
2023-09-13T10:11:03Z,27.46,60.86,100,0,44.72,102.26,41.00,675.00,null,null,null
2023-09-13T10:12:03Z,27.46,60.87,100,0,36.84,102.26,41.00,675.00,null,null,null
2023-09-13T10:13:03Z,27.47,60.89,100,0,37.29,102.27,41.00,675.00,null,null,null
2023-09-13T10:14:03Z,27.43,60.92,100,0,38.32,102.26,41.00,672.00,null,null,null
2023-09-13T10:15:03Z,27.43,60.90,100,0,41.75,102.27,41.00,672.00,0,0,0
2023-09-13T10:16:03Z,27.44,60.91,100,0,37.78,102.26,40.00,665.00,null,null,null
2023-09-13T10:17:03Z,27.47,60.86,100,0,38.81,102.26,41.00,672.00,null,null,null
2023-09-13T10:18:03Z,27.44,60.88,100,0,41.56,102.26,41.00,672.00,null,null,null
2023-09-13T10:19:03Z,27.44,60.90,100,0,42.53,102.26,40.00,665.00,null,null,null
2023-09-13T10:20:03Z,27.44,60.90,100,0,46.51,102.26,40.00,665.00,0,0,0
2023-09-13T10:21:03Z,27.43,60.78,100,0,46.56,102.26,39.00,657.00,null,null,null
2023-09-13T10:22:03Z,27.44,60.86,100,0,45.17,102.26,40.00,665.00,null,null,null
2023-09-13T10:23:03Z,27.43,60.87,100,0,42.58,102.26,40.00,665.00,null,null,null
2023-09-13T10:24:03Z,27.46,60.85,100,0,49.75,102.26,39.00,657.00,null,null,null
2023-09-13T10:25:03Z,27.41,60.87,100,0,46.47,102.26,39.00,657.00,0,0,0
2023-09-13T10:26:03Z,27.46,60.82,100,0,44.00,102.26,38.00,652.00,null,null,null
2023-09-13T10:27:03Z,27.46,60.84,100,0,46.08,102.27,38.00,652.00,null,null,null
2023-09-13T10:28:03Z,27.46,60.78,100,0,46.32,102.27,38.00,652.00,null,null,null
2023-09-13T10:29:03Z,27.43,60.84,100,0,46.96,102.27,38.00,652.00,null,null,null
2023-09-13T10:30:03Z,27.43,60.83,100,0,45.36,102.27,38.00,652.00,0,0,0
2023-09-13T10:31:03Z,27.43,60.79,100,0,40.00,102.27,36.00,638.00,null,null,null
2023-09-13T10:32:03Z,27.44,60.84,100,0,36.26,102.27,37.00,643.00,null,null,null
2023-09-13T10:33:03Z,27.43,60.87,100,0,46.60,102.27,38.00,652.00,null,null,null
2023-09-13T10:34:03Z,27.43,60.84,100,0,43.04,102.27,36.00,638.00,null,null,null
2023-09-13T10:35:03Z,27.43,60.85,100,0,43.88,102.27,36.00,638.00,0,0,0
2023-09-13T10:36:03Z,27.44,60.80,100,0,38.61,102.27,36.00,638.00,null,null,null
2023-09-13T10:37:03Z,27.47,60.81,100,0,44.61,102.27,36.00,638.00,null,null,null
2023-09-13T10:38:03Z,27.43,60.86,100,0,41.57,102.27,36.00,638.00,null,null,null
2023-09-13T10:39:03Z,27.44,60.84,100,0,39.00,102.27,36.00,638.00,null,null,null
2023-09-13T10:40:03Z,27.41,60.82,100,0,42.50,102.27,36.00,638.00,0,0,0
2023-09-13T10:41:03Z,27.43,60.76,100,0,39.45,102.27,36.00,638.00,null,null,null
2023-09-13T10:42:03Z,27.47,60.81,100,0,40.92,102.27,35.00,634.00,null,null,null
2023-09-13T10:43:03Z,27.46,60.79,100,0,42.31,102.27,35.00,634.00,null,null,null
2023-09-13T10:44:03Z,27.43,60.80,100,0,42.94,102.27,35.00,634.00,null,null,null
2023-09-13T10:45:03Z,27.41,60.78,100,0,40.70,102.27,35.00,634.00,0,0,0
2023-09-13T10:46:03Z,27.46,60.76,100,0,37.28,102.26,34.00,627.00,null,null,null
2023-09-13T10:47:03Z,27.43,60.78,100,0,34.12,102.27,34.00,627.00,null,null,null
2023-09-13T10:48:03Z,27.44,60.78,100,0,38.36,102.27,34.00,627.00,null,null,null
2023-09-13T10:49:03Z,27.44,60.78,100,0,34.66,102.27,34.00,627.00,null,null,null
2023-09-13T10:50:03Z,27.44,60.76,100,0,45.07,102.27,34.00,627.00,0,0,0
2023-09-13T10:51:03Z,27.44,60.68,100,0,43.19,102.27,33.00,623.00,null,null,null
2023-09-13T10:52:03Z,27.46,60.73,100,0,35.20,102.27,34.00,629.00,null,null,null
2023-09-13T10:53:03Z,27.43,60.72,100,0,37.02,102.27,34.00,629.00,null,null,null
2023-09-13T10:54:03Z,27.44,60.74,100,0,45.51,102.27,33.00,623.00,null,null,null
2023-09-13T10:55:03Z,27.43,60.77,100,0,42.74,102.27,33.00,623.00,0,0,0
2023-09-13T10:56:03Z,27.43,60.65,100,0,43.55,102.27,32.00,615.00,null,null,null
2023-09-13T10:57:03Z,27.44,60.68,100,0,34.91,102.27,33.00,617.00,null,null,null
2023-09-13T10:58:03Z,27.46,60.72,100,0,41.63,102.27,33.00,623.00,null,null,null
2023-09-13T10:59:03Z,27.44,60.69,100,0,38.77,102.27,33.00,617.00,null,null,null
2023-09-13T11:00:03Z,27.46,60.69,100,0,34.61,102.27,33.00,617.00,0,0,0
2023-09-13T11:01:03Z,27.44,60.72,100,0,45.22,102.27,33.00,617.00,null,null,null
2023-09-13T11:02:03Z,27.44,60.72,100,0,46.94,102.27,33.00,617.00,null,null,null
2023-09-13T11:03:03Z,27.44,60.70,100,0,38.66,102.27,33.00,617.00,null,null,null
2023-09-13T11:04:03Z,27.43,60.66,100,0,43.80,102.28,32.00,611.00,null,null,null
2023-09-13T11:05:03Z,27.43,60.69,100,0,41.30,102.28,32.00,611.00,0,0,0
2023-09-13T11:06:03Z,27.43,60.65,100,0,41.45,102.27,32.00,611.00,null,null,null
2023-09-13T11:07:03Z,27.46,60.64,100,0,41.82,102.27,32.00,611.00,null,null,null
2023-09-13T11:08:03Z,27.46,60.65,100,0,39.49,102.27,31.00,605.00,null,null,null
2023-09-13T11:09:03Z,27.41,60.64,100,0,40.98,102.27,31.00,605.00,null,null,null
2023-09-13T11:10:03Z,27.41,60.66,100,0,37.45,102.27,31.00,605.00,0,0,0
2023-09-13T11:11:03Z,27.44,60.57,100,0,46.10,102.27,30.00,600.00,null,null,null
2023-09-13T11:12:03Z,27.44,60.59,100,0,42.09,102.26,31.00,605.00,null,null,null
2023-09-13T11:13:03Z,27.44,60.63,100,0,47.10,102.27,30.00,600.00,null,null,null
2023-09-13T11:14:03Z,27.44,60.63,100,0,44.92,102.27,30.00,600.00,null,null,null
2023-09-13T11:15:03Z,27.43,60.64,100,0,43.34,102.27,30.00,600.00,0,0,0
2023-09-13T11:16:03Z,27.43,60.54,100,0,48.11,102.27,29.00,592.00,null,null,null
2023-09-13T11:17:03Z,27.41,60.54,100,0,39.22,102.27,29.00,592.00,null,null,null
2023-09-13T11:18:03Z,27.43,60.58,100,0,44.17,102.28,29.00,592.00,null,null,null
2023-09-13T11:19:03Z,27.43,60.61,100,0,42.63,102.28,28.00,588.00,null,null,null
2023-09-13T11:20:03Z,27.44,60.56,100,0,45.42,102.28,29.00,592.00,0,0,0
2023-09-13T11:21:03Z,27.41,60.55,100,0,50.48,102.28,29.00,592.00,null,null,null
2023-09-13T11:22:03Z,27.47,60.51,100,0,33.84,102.28,28.00,588.00,null,null,null
2023-09-13T11:23:03Z,27.46,60.52,100,0,42.50,102.28,28.00,588.00,null,null,null
2023-09-13T11:24:03Z,27.44,60.55,100,0,46.04,102.28,28.00,588.00,null,null,null
2023-09-13T11:25:03Z,27.41,60.56,100,0,42.11,102.29,28.00,588.00,0,0,0
2023-09-13T11:26:03Z,27.46,60.50,100,0,46.34,102.28,27.00,581.00,null,null,null
2023-09-13T11:27:03Z,27.46,60.51,100,0,42.68,102.29,27.00,581.00,null,null,null
2023-09-13T11:28:03Z,27.44,60.48,100,0,42.82,102.28,27.00,581.00,null,null,null
2023-09-13T11:29:03Z,27.43,60.50,100,0,44.13,102.29,27.00,581.00,null,null,null
2023-09-13T11:30:03Z,27.41,60.50,100,0,38.93,102.29,26.00,575.00,0,0,0
2023-09-13T11:31:03Z,27.46,60.39,100,0,46.62,102.29,25.00,566.00,null,null,null
2023-09-13T11:32:03Z,27.44,60.45,100,0,42.97,102.29,26.00,575.00,null,null,null
2023-09-13T11:33:03Z,27.46,60.40,100,0,44.89,102.29,25.00,569.00,null,null,null
2023-09-13T11:34:03Z,27.44,60.43,100,0,40.60,102.29,25.00,569.00,null,null,null
2023-09-13T11:35:03Z,27.43,60.41,100,0,43.36,102.28,25.00,569.00,0,0,0
2023-09-13T11:36:03Z,27.46,60.29,100,0,42.88,102.29,24.00,560.00,null,null,null
2023-09-13T11:37:03Z,27.46,60.34,100,0,45.97,102.29,25.00,566.00,null,null,null
2023-09-13T11:38:03Z,27.44,60.34,100,0,36.59,102.29,25.00,566.00,null,null,null
2023-09-13T11:39:03Z,27.44,60.32,100,0,43.87,102.29,25.00,566.00,null,null,null
2023-09-13T11:40:03Z,27.43,60.36,100,0,33.10,102.29,24.00,560.00,0,0,0
2023-09-13T11:41:03Z,27.43,60.25,100,0,45.98,102.29,23.00,553.00,null,null,null
2023-09-13T11:42:03Z,27.47,60.30,100,0,39.38,102.30,24.00,560.00,null,null,null
2023-09-13T11:43:03Z,27.44,60.28,100,0,46.37,102.30,24.00,560.00,null,null,null
2023-09-13T11:44:03Z,27.43,60.31,100,0,39.17,102.29,23.00,553.00,null,null,null
2023-09-13T11:45:03Z,27.43,60.34,100,0,37.23,102.29,23.00,553.00,0,0,0
2023-09-13T11:46:03Z,27.43,60.24,100,0,47.31,102.29,22.00,549.00,null,null,null
2023-09-13T11:47:03Z,27.44,60.22,100,0,32.33,102.30,24.00,560.00,null,null,null
2023-09-13T11:48:03Z,27.44,60.28,100,0,45.60,102.30,23.00,553.00,null,null,null
2023-09-13T11:49:03Z,27.44,60.26,100,0,40.36,102.29,23.00,553.00,null,null,null
2023-09-13T11:50:03Z,27.41,60.29,100,0,41.23,102.29,21.00,542.00,0,0,0
2023-09-13T11:51:03Z,27.43,60.21,100,0,42.77,102.29,21.00,542.00,null,null,null
2023-09-13T11:52:03Z,27.44,60.24,100,0,42.32,102.30,22.00,546.00,null,null,null
2023-09-13T11:53:03Z,27.44,60.25,100,0,41.60,102.30,22.00,546.00,null,null,null
2023-09-13T11:54:03Z,27.43,60.25,100,0,41.19,102.30,21.00,542.00,null,null,null
2023-09-13T11:55:03Z,27.43,60.29,100,0,47.82,102.30,21.00,542.00,0,0,0
2023-09-13T11:56:03Z,27.46,60.24,100,0,38.12,102.30,22.00,549.00,null,null,null
2023-09-13T11:57:03Z,27.46,60.24,100,0,36.40,102.30,23.00,553.00,null,null,null
2023-09-13T11:58:03Z,27.47,60.23,100,0,37.71,102.30,23.00,553.00,null,null,null
2023-09-13T11:59:03Z,27.44,60.18,100,0,40.84,102.30,22.00,546.00,null,null,null
2023-09-13T12:00:03Z,27.44,60.23,100,0,46.13,102.31,22.00,546.00,0,0,0
2023-09-13T12:01:03Z,27.44,60.12,100,0,43.33,102.31,22.00,546.00,null,null,null
2023-09-13T12:02:03Z,27.43,60.18,100,0,41.99,102.30,21.00,542.00,null,null,null
2023-09-13T12:03:03Z,27.46,60.16,100,0,42.94,102.31,21.00,542.00,null,null,null
2023-09-13T12:04:03Z,27.43,60.17,100,0,39.13,102.31,21.00,542.00,null,null,null
2023-09-13T12:05:03Z,27.43,60.21,100,0,43.18,102.31,21.00,539.00,0,0,0
2023-09-13T12:06:03Z,27.41,60.04,100,0,41.94,102.30,21.00,539.00,null,null,null
2023-09-13T12:07:03Z,27.44,60.10,100,0,40.13,102.30,21.00,539.00,null,null,null
2023-09-13T12:08:03Z,27.43,60.12,100,0,42.89,102.30,21.00,539.00,null,null,null
2023-09-13T12:09:03Z,27.44,60.11,100,0,47.03,102.30,21.00,539.00,null,null,null
2023-09-13T12:10:03Z,27.44,60.11,100,0,40.51,102.30,21.00,539.00,0,0,0
2023-09-13T12:11:03Z,27.46,59.99,100,0,42.92,102.30,21.00,539.00,null,null,null
2023-09-13T12:12:03Z,27.43,60.08,100,0,42.26,102.30,21.00,539.00,null,null,null
2023-09-13T12:13:03Z,27.41,60.11,100,0,41.15,102.30,20.00,534.00,null,null,null
2023-09-13T12:14:03Z,27.46,60.12,100,0,41.19,102.30,21.00,539.00,null,null,null
2023-09-13T12:15:03Z,27.43,60.16,100,0,45.26,102.30,21.00,539.00,0,0,0
2023-09-13T12:16:03Z,27.46,60.09,100,0,43.06,102.30,19.00,529.00,null,null,null
2023-09-13T12:17:03Z,27.44,60.14,100,0,46.39,102.30,20.00,534.00,null,null,null
2023-09-13T12:18:03Z,27.47,60.16,100,0,35.78,102.30,20.00,534.00,null,null,null
2023-09-13T12:19:03Z,27.44,60.13,100,0,45.20,102.31,20.00,534.00,null,null,null
2023-09-13T12:20:03Z,27.44,60.17,100,0,44.70,102.31,20.00,534.00,0,0,0
2023-09-13T12:21:03Z,27.44,60.07,100,0,40.90,102.31,20.00,534.00,null,null,null
2023-09-13T12:22:03Z,27.44,60.07,100,0,32.23,102.31,20.00,534.00,null,null,null
2023-09-13T12:23:03Z,27.44,60.10,100,0,47.38,102.30,19.00,529.00,null,null,null
2023-09-13T12:24:03Z,27.46,60.09,100,0,44.32,102.30,19.00,529.00,null,null,null
2023-09-13T12:25:03Z,27.44,60.06,100,0,44.21,102.30,18.00,524.00,0,0,0
2023-09-13T12:26:03Z,27.44,60.07,100,0,45.82,102.31,19.00,529.00,null,null,null
2023-09-13T12:27:03Z,27.47,60.02,100,0,46.83,102.30,19.00,529.00,null,null,null
2023-09-13T12:28:03Z,27.47,60.06,100,0,47.87,102.30,19.00,529.00,null,null,null
2023-09-13T12:29:03Z,27.43,60.01,100,0,38.83,102.30,18.00,524.00,null,null,null
2023-09-13T12:30:03Z,27.46,60.06,100,0,36.06,102.30,18.00,524.00,0,0,0
2023-09-13T12:31:03Z,27.47,60.01,100,0,46.36,102.30,18.00,524.00,null,null,null
2023-09-13T12:32:03Z,27.46,59.99,100,0,41.98,102.30,18.00,524.00,null,null,null
2023-09-13T12:33:03Z,27.44,60.00,100,0,39.86,102.30,18.00,524.00,null,null,null
2023-09-13T12:34:03Z,27.47,60.05,100,0,42.93,102.30,18.00,524.00,null,null,null
2023-09-13T12:35:03Z,27.44,59.99,100,0,36.84,102.30,18.00,524.00,0,0,0
2023-09-13T12:36:03Z,27.47,59.90,100,0,37.00,102.30,17.00,518.00,null,null,null
2023-09-13T12:37:03Z,27.46,59.93,100,0,46.70,102.30,17.00,518.00,null,null,null
2023-09-13T12:38:03Z,27.46,59.90,100,0,47.44,102.30,17.00,518.00,null,null,null
2023-09-13T12:39:03Z,27.44,59.93,100,0,41.15,102.30,17.00,518.00,null,null,null
2023-09-13T12:40:03Z,27.43,59.95,100,0,37.80,102.30,17.00,515.00,0,0,0
2023-09-13T12:41:03Z,27.44,59.79,100,0,49.35,102.30,16.00,506.00,null,null,null
2023-09-13T12:42:03Z,27.47,59.88,100,0,40.36,102.29,17.00,515.00,null,null,null
2023-09-13T12:43:03Z,27.47,59.89,100,0,35.60,102.30,17.00,515.00,null,null,null
2023-09-13T12:44:03Z,27.46,59.90,100,0,42.49,102.29,17.00,515.00,null,null,null
2023-09-13T12:45:03Z,27.43,59.96,100,0,44.15,102.30,17.00,515.00,0,0,0
2023-09-13T12:46:03Z,27.49,59.88,100,0,43.22,102.29,13.00,491.00,null,null,null
2023-09-13T12:47:03Z,27.46,59.89,100,0,35.85,102.30,17.00,517.00,null,null,null
2023-09-13T12:48:03Z,27.44,59.94,100,0,44.31,102.30,17.00,517.00,null,null,null
2023-09-13T12:49:03Z,27.46,59.93,100,0,34.41,102.30,17.00,517.00,null,null,null
2023-09-13T12:50:03Z,27.43,59.97,100,0,40.16,102.30,17.00,517.00,0,0,0
2023-09-13T12:51:03Z,27.47,59.77,100,0,44.86,102.30,16.00,506.00,null,null,null
2023-09-13T12:52:03Z,27.49,59.87,100,0,39.19,102.29,16.00,506.00,null,null,null
2023-09-13T12:53:03Z,27.46,59.85,100,0,41.39,102.30,16.00,506.00,null,null,null
2023-09-13T12:54:03Z,27.46,59.83,100,0,40.33,102.29,16.00,506.00,null,null,null
2023-09-13T12:55:03Z,27.44,59.92,100,0,29.53,102.29,17.00,517.00,0,0,0
2023-09-13T12:56:03Z,27.47,59.74,100,0,40.50,102.29,15.00,502.00,null,null,null
2023-09-13T12:57:03Z,27.46,59.81,100,0,43.14,102.30,17.00,517.00,null,null,null
2023-09-13T12:58:03Z,27.49,59.86,100,0,37.69,102.30,16.00,506.00,null,null,null
2023-09-13T12:59:03Z,27.46,59.86,100,0,45.69,102.30,14.00,496.00,null,null,null
2023-09-13T13:00:03Z,27.44,59.82,100,0,42.47,102.29,16.00,506.00,0,0,0
2023-09-13T13:01:03Z,27.44,59.73,100,0,43.58,102.29,14.00,496.00,null,null,null
2023-09-13T13:02:03Z,27.46,59.79,100,0,32.39,102.29,16.00,508.00,null,null,null
2023-09-13T13:03:03Z,27.44,59.84,100,0,37.37,102.29,16.00,506.00,null,null,null
2023-09-13T13:04:03Z,27.47,59.81,100,0,40.84,102.29,16.00,506.00,null,null,null
2023-09-13T13:05:03Z,27.47,59.85,100,0,37.87,102.29,15.00,502.00,0,0,0
2023-09-13T13:06:03Z,27.47,59.71,100,0,40.03,102.29,14.00,496.00,null,null,null
2023-09-13T13:07:03Z,27.46,59.71,100,0,37.69,102.29,15.00,501.00,null,null,null
2023-09-13T13:08:03Z,27.49,59.74,100,0,40.34,102.29,15.00,501.00,null,null,null
2023-09-13T13:09:03Z,27.46,59.72,100,0,45.44,102.29,15.00,501.00,null,null,null
2023-09-13T13:10:03Z,27.46,59.76,100,0,42.65,102.29,14.00,496.00,0,0,0
2023-09-13T13:11:03Z,27.47,59.69,100,0,47.54,102.29,14.00,496.00,null,null,null
2023-09-13T13:12:03Z,27.47,59.70,100,0,43.16,102.28,15.00,501.00,null,null,null
2023-09-13T13:13:03Z,27.49,59.72,100,0,46.16,102.28,15.00,501.00,null,null,null
2023-09-13T13:14:03Z,27.44,59.76,100,0,38.68,102.29,16.00,508.00,null,null,null
2023-09-13T13:15:03Z,27.46,59.78,100,0,38.82,102.29,14.00,496.00,0,0,0
2023-09-13T13:16:03Z,27.46,59.78,100,0,37.69,102.29,15.00,502.00,null,null,null
2023-09-13T13:17:03Z,27.49,59.85,100,0,42.01,102.29,14.00,496.00,null,null,null
2023-09-13T13:18:03Z,27.47,59.79,100,0,39.23,102.29,14.00,496.00,null,null,null
2023-09-13T13:19:03Z,27.46,59.86,100,0,41.86,102.29,14.00,496.00,null,null,null
2023-09-13T13:20:03Z,27.47,59.89,100,0,35.13,102.29,14.00,496.00,0,0,0
2023-09-13T13:21:03Z,27.47,59.84,100,0,33.63,102.29,14.00,496.00,null,null,null
2023-09-13T13:22:03Z,27.47,59.87,100,0,38.76,102.29,14.00,496.00,null,null,null
2023-09-13T13:23:03Z,27.49,59.91,100,0,43.48,102.29,16.00,506.00,null,null,null
2023-09-13T13:24:03Z,27.47,59.90,100,0,47.19,102.29,14.00,496.00,null,null,null
2023-09-13T13:25:03Z,27.49,59.89,100,0,37.82,102.29,15.00,502.00,0,0,0
2023-09-13T13:26:03Z,27.47,59.92,100,0,48.25,102.29,14.00,496.00,null,null,null
2023-09-13T13:27:03Z,27.50,59.92,100,0,40.82,102.29,15.00,502.00,null,null,null
2023-09-13T13:28:03Z,27.49,59.88,100,0,43.16,102.29,15.00,502.00,null,null,null
2023-09-13T13:29:03Z,27.49,59.88,100,0,43.59,102.29,14.00,496.00,null,null,null
2023-09-13T13:30:03Z,27.47,59.95,100,0,39.96,102.29,14.00,496.00,0,0,0
2023-09-13T13:31:03Z,27.46,59.89,100,0,41.88,102.28,14.00,496.00,null,null,null
2023-09-13T13:32:03Z,27.49,59.88,100,0,41.68,102.29,15.00,502.00,null,null,null
2023-09-13T13:33:03Z,27.49,59.95,100,0,43.23,102.28,14.00,496.00,null,null,null
2023-09-13T13:34:03Z,27.50,59.96,100,0,37.83,102.28,14.00,496.00,null,null,null
2023-09-13T13:35:03Z,27.47,59.95,100,0,37.74,102.28,15.00,502.00,0,0,0
2023-09-13T13:36:03Z,27.49,59.93,100,0,44.69,102.29,14.00,496.00,null,null,null
2023-09-13T13:37:03Z,27.50,59.95,100,0,39.88,102.28,14.00,496.00,null,null,null
2023-09-13T13:38:03Z,27.50,59.94,100,0,45.50,102.28,14.00,496.00,null,null,null
2023-09-13T13:39:03Z,27.50,59.91,100,0,42.77,102.28,14.00,496.00,null,null,null
2023-09-13T13:40:03Z,27.50,59.94,100,0,38.99,102.28,14.00,496.00,0,0,0
2023-09-13T13:41:03Z,27.51,59.92,100,0,47.01,102.28,14.00,496.00,null,null,null
2023-09-13T13:42:03Z,27.49,59.87,100,0,39.98,102.28,15.00,502.00,null,null,null
2023-09-13T13:43:03Z,27.50,59.95,100,0,36.54,102.29,14.00,496.00,null,null,null
2023-09-13T13:44:03Z,27.49,59.89,100,0,44.07,102.28,14.00,496.00,null,null,null
2023-09-13T13:45:03Z,27.50,59.96,100,0,37.11,102.28,14.00,496.00,0,0,0
2023-09-13T13:46:03Z,27.47,59.87,100,0,44.58,102.28,14.00,496.00,null,null,null
2023-09-13T13:47:03Z,27.49,59.91,100,0,41.23,102.28,14.00,496.00,null,null,null
2023-09-13T13:48:03Z,27.51,59.90,100,0,45.40,102.28,14.00,496.00,null,null,null
2023-09-13T13:49:03Z,27.50,59.93,100,0,41.44,102.28,15.00,502.00,null,null,null
2023-09-13T13:50:03Z,27.49,59.91,100,0,38.22,102.28,15.00,502.00,0,0,0
2023-09-13T13:51:03Z,27.50,59.91,100,0,44.15,102.28,14.00,496.00,null,null,null
2023-09-13T13:52:03Z,27.51,59.92,100,0,34.74,102.28,14.00,496.00,null,null,null
2023-09-13T13:53:03Z,27.51,59.82,100,0,43.16,102.28,14.00,496.00,null,null,null
2023-09-13T13:54:03Z,27.50,59.88,100,0,41.93,102.28,14.00,496.00,null,null,null
2023-09-13T13:55:03Z,27.51,59.91,100,0,48.28,102.28,14.00,496.00,0,0,0
2023-09-13T13:56:03Z,27.50,59.85,100,0,41.08,102.29,14.00,496.00,null,null,null
2023-09-13T13:57:03Z,27.54,59.87,100,0,48.56,102.28,14.00,496.00,null,null,null
2023-09-13T13:58:03Z,27.50,59.91,100,0,39.38,102.28,13.00,491.00,null,null,null
2023-09-13T13:59:03Z,27.53,59.94,100,0,43.43,102.29,13.00,491.00,null,null,null
2023-09-13T14:00:03Z,27.53,59.91,100,0,48.95,102.28,14.00,496.00,0,0,0
2023-09-13T14:01:03Z,27.51,59.87,100,0,45.78,102.28,13.00,491.00,null,null,null
2023-09-13T14:02:03Z,27.53,59.85,100,0,45.99,102.28,14.00,496.00,null,null,null
2023-09-13T14:03:03Z,27.51,59.86,100,0,40.23,102.28,14.00,496.00,null,null,null
2023-09-13T14:04:03Z,27.50,59.85,100,0,43.24,102.28,13.00,491.00,null,null,null
2023-09-13T14:05:03Z,27.50,59.84,100,0,40.91,102.27,13.00,491.00,0,0,0
2023-09-13T14:06:03Z,27.53,59.83,100,0,40.96,102.28,13.00,486.00,null,null,null
2023-09-13T14:07:03Z,27.53,59.82,100,0,40.43,102.28,13.00,491.00,null,null,null
2023-09-13T14:08:03Z,27.54,59.87,100,0,42.43,102.28,13.00,491.00,null,null,null
2023-09-13T14:09:03Z,27.51,59.92,100,0,45.86,102.28,13.00,486.00,null,null,null
2023-09-13T14:10:03Z,27.54,59.87,100,0,46.38,102.28,13.00,491.00,0,0,0
2023-09-13T14:11:03Z,27.51,59.91,100,0,45.01,102.28,13.00,486.00,null,null,null
2023-09-13T14:12:03Z,27.53,59.90,100,0,38.36,102.27,13.00,491.00,null,null,null
2023-09-13T14:13:03Z,27.56,59.90,100,0,39.90,102.27,13.00,491.00,null,null,null
2023-09-13T14:14:03Z,27.51,59.92,100,0,42.81,102.28,13.00,491.00,null,null,null
2023-09-13T14:15:03Z,27.54,59.92,100,0,42.69,102.28,13.00,491.00,0,0,0
2023-09-13T14:16:03Z,27.56,59.85,100,0,43.26,102.28,13.00,486.00,null,null,null
2023-09-13T14:17:03Z,27.54,59.86,100,0,37.15,102.28,13.00,491.00,null,null,null
2023-09-13T14:18:03Z,27.53,59.89,100,0,35.51,102.28,14.00,496.00,null,null,null
2023-09-13T14:19:03Z,27.51,59.93,100,0,44.01,102.27,14.00,496.00,null,null,null
2023-09-13T14:20:03Z,27.54,59.95,100,0,42.19,102.28,13.00,491.00,0,0,0
2023-09-13T14:21:03Z,27.54,59.89,100,0,43.83,102.27,13.00,491.00,null,null,null
2023-09-13T14:22:03Z,27.56,59.90,100,0,44.02,102.27,13.00,486.00,null,null,null
2023-09-13T14:23:03Z,27.54,59.94,100,0,38.29,102.27,13.00,491.00,null,null,null
2023-09-13T14:24:03Z,27.56,59.96,100,0,43.11,102.27,13.00,491.00,null,null,null
2023-09-13T14:25:03Z,27.53,59.93,100,0,39.67,102.27,13.00,486.00,0,0,0
2023-09-13T14:26:03Z,27.56,59.89,100,0,42.87,102.27,13.00,486.00,null,null,null
2023-09-13T14:27:03Z,27.57,59.89,100,0,34.15,102.27,13.00,486.00,null,null,null
2023-09-13T14:28:03Z,27.54,59.93,100,0,44.97,102.27,13.00,491.00,null,null,null
2023-09-13T14:29:03Z,27.58,59.94,100,0,33.75,102.26,13.00,491.00,null,null,null
2023-09-13T14:30:03Z,27.57,59.93,100,0,43.99,102.27,13.00,491.00,0,0,0
2023-09-13T14:31:03Z,27.56,59.93,100,0,35.14,102.27,13.00,491.00,null,null,null
2023-09-13T14:32:03Z,27.56,59.90,100,0,42.60,102.27,13.00,491.00,null,null,null
2023-09-13T14:33:03Z,27.57,59.91,100,0,47.25,102.27,13.00,491.00,null,null,null
2023-09-13T14:34:03Z,27.57,59.89,100,0,40.52,102.27,13.00,491.00,null,null,null
2023-09-13T14:35:03Z,27.58,59.94,100,0,44.34,102.27,13.00,486.00,0,0,0
2023-09-13T14:36:03Z,27.58,59.84,100,0,45.83,102.26,13.00,486.00,null,null,null
2023-09-13T14:37:03Z,27.58,59.84,100,0,43.05,102.26,13.00,486.00,null,null,null
2023-09-13T14:38:03Z,27.58,59.85,100,0,30.70,102.27,13.00,491.00,null,null,null
2023-09-13T14:39:03Z,27.56,59.89,100,0,41.94,102.26,13.00,486.00,null,null,null
2023-09-13T14:40:03Z,27.57,59.85,100,0,42.37,102.27,13.00,486.00,0,0,0
2023-09-13T14:41:03Z,27.57,59.80,100,0,37.45,102.26,13.00,491.00,null,null,null
2023-09-13T14:42:03Z,27.58,59.89,100,0,35.85,102.26,13.00,486.00,null,null,null
2023-09-13T14:43:03Z,27.58,59.83,100,0,32.82,102.26,13.00,491.00,null,null,null
2023-09-13T14:44:03Z,27.57,59.85,100,0,45.44,102.26,13.00,491.00,null,null,null
2023-09-13T14:45:03Z,27.60,59.84,100,0,43.02,102.26,13.00,486.00,0,0,0
2023-09-13T14:46:03Z,27.58,59.81,100,0,40.92,102.26,13.00,491.00,null,null,null
2023-09-13T14:47:03Z,27.60,59.81,100,0,43.52,102.26,13.00,491.00,null,null,null
2023-09-13T14:48:03Z,27.58,59.82,100,0,45.27,102.26,13.00,486.00,null,null,null
2023-09-13T14:49:03Z,27.57,59.88,100,0,45.30,102.26,13.00,491.00,null,null,null
2023-09-13T14:50:03Z,27.57,59.87,100,0,42.47,102.25,13.00,486.00,0,0,0
2023-09-13T14:51:03Z,27.58,59.78,100,0,43.51,102.25,13.00,486.00,null,null,null
2023-09-13T14:52:03Z,27.58,59.82,100,0,40.04,102.25,13.00,486.00,null,null,null
2023-09-13T14:53:03Z,27.57,59.63,100,0,52.15,102.25,13.00,486.00,null,null,null
2023-09-13T14:54:03Z,27.58,59.80,100,0,45.12,102.25,14.00,492.00,null,null,null
2023-09-13T14:55:03Z,27.58,59.78,100,0,45.14,102.24,13.00,486.00,0,0,0
2023-09-13T14:56:03Z,27.58,59.73,100,0,43.60,102.24,13.00,486.00,null,null,null
2023-09-13T14:57:03Z,27.60,59.70,100,0,46.57,102.24,14.00,492.00,null,null,null
2023-09-13T14:58:03Z,27.61,59.83,100,0,36.52,102.24,14.00,492.00,null,null,null
2023-09-13T14:59:03Z,27.58,59.80,100,0,41.06,102.25,13.00,486.00,null,null,null
2023-09-13T15:00:03Z,27.57,59.83,100,0,41.53,102.25,13.00,486.00,0,0,0
2023-09-13T15:01:03Z,27.61,59.82,100,0,37.43,102.24,13.00,486.00,null,null,null
2023-09-13T15:02:03Z,27.58,59.84,100,0,47.92,102.25,13.00,486.00,null,null,null
2023-09-13T15:03:03Z,27.60,59.85,100,0,36.93,102.25,13.00,486.00,null,null,null
2023-09-13T15:04:03Z,27.60,59.90,100,0,42.49,102.24,13.00,486.00,null,null,null
2023-09-13T15:05:03Z,27.58,59.85,100,0,42.15,102.24,13.00,486.00,0,0,0
2023-09-13T15:06:03Z,27.60,59.85,100,0,39.86,102.24,13.00,486.00,null,null,null
2023-09-13T15:07:03Z,27.60,59.88,100,0,38.11,102.24,13.00,486.00,null,null,null
2023-09-13T15:08:03Z,27.61,59.85,100,0,44.75,102.24,13.00,491.00,null,null,null
2023-09-13T15:09:03Z,27.58,59.92,100,0,44.96,102.24,13.00,491.00,null,null,null
2023-09-13T15:10:03Z,27.58,59.91,100,0,45.96,102.24,13.00,486.00,0,0,0
2023-09-13T15:11:03Z,27.60,59.87,100,0,40.14,102.24,13.00,486.00,null,null,null
2023-09-13T15:12:03Z,27.60,59.88,100,0,39.78,102.24,13.00,486.00,null,null,null
2023-09-13T15:13:03Z,27.60,59.87,100,0,45.10,102.24,13.00,486.00,null,null,null
2023-09-13T15:14:03Z,27.61,59.91,100,0,43.89,102.24,13.00,486.00,null,null,null
2023-09-13T15:15:03Z,27.60,59.90,100,0,44.16,102.24,13.00,486.00,0,0,0
2023-09-13T15:16:03Z,27.60,59.87,100,0,44.08,102.24,13.00,486.00,null,null,null
2023-09-13T15:17:03Z,27.62,59.91,100,0,39.06,102.24,13.00,491.00,null,null,null
2023-09-13T15:18:03Z,27.61,59.92,100,0,39.73,102.25,13.00,491.00,null,null,null
2023-09-13T15:19:03Z,27.61,59.92,100,0,44.19,102.24,13.00,486.00,null,null,null
2023-09-13T15:20:03Z,27.61,59.92,100,0,37.33,102.25,13.00,491.00,0,0,0
2023-09-13T15:21:03Z,27.61,59.87,100,0,47.00,102.24,13.00,486.00,null,null,null
2023-09-13T15:22:03Z,27.60,59.90,100,0,47.52,102.25,13.00,491.00,null,null,null
2023-09-13T15:23:03Z,27.62,59.83,100,0,41.10,102.25,13.00,491.00,null,null,null
2023-09-13T15:24:03Z,27.60,59.82,100,0,35.50,102.25,13.00,491.00,null,null,null
2023-09-13T15:25:03Z,27.58,59.87,100,0,38.34,102.25,13.00,491.00,0,0,0
2023-09-13T15:26:03Z,27.60,59.86,100,0,40.98,102.25,13.00,491.00,null,null,null
2023-09-13T15:27:03Z,27.61,59.79,100,0,41.46,102.25,13.00,491.00,null,null,null
2023-09-13T15:28:03Z,27.61,59.87,100,0,47.06,102.25,14.00,496.00,null,null,null
2023-09-13T15:29:03Z,27.60,59.86,100,0,43.63,102.25,15.00,502.00,null,null,null
2023-09-13T15:30:03Z,27.58,59.82,100,0,42.25,102.25,14.00,496.00,0,0,0
2023-09-13T15:31:03Z,27.58,59.75,100,0,43.20,102.25,13.00,491.00,null,null,null
2023-09-13T15:32:03Z,27.62,59.75,100,0,44.84,102.25,16.00,506.00,null,null,null
2023-09-13T15:33:03Z,27.61,59.74,100,0,42.93,102.25,15.00,502.00,null,null,null
2023-09-13T15:34:03Z,27.61,59.74,100,0,41.74,102.25,16.00,508.00,null,null,null
2023-09-13T15:35:03Z,27.61,59.74,100,0,39.25,102.25,17.00,517.00,0,0,0
2023-09-13T15:36:03Z,27.60,59.55,100,0,40.67,102.25,17.00,517.00,null,null,null
2023-09-13T15:37:03Z,27.62,59.57,100,0,45.49,102.25,17.00,517.00,null,null,null
2023-09-13T15:38:03Z,27.62,59.52,100,0,37.96,102.25,17.00,517.00,null,null,null
2023-09-13T15:39:03Z,27.61,59.53,100,0,52.86,102.25,17.00,517.00,null,null,null
2023-09-13T15:40:03Z,27.61,59.55,100,0,36.50,102.24,17.00,517.00,0,0,0
2023-09-13T15:41:03Z,27.60,59.50,100,0,36.14,102.25,17.00,517.00,null,null,null
2023-09-13T15:42:03Z,27.62,59.57,100,0,44.67,102.24,17.00,517.00,null,null,null
2023-09-13T15:43:03Z,27.61,59.46,100,0,45.36,102.24,18.00,523.00,null,null,null
2023-09-13T15:44:03Z,27.61,59.40,100,0,46.16,102.24,18.00,523.00,null,null,null
2023-09-13T15:45:03Z,27.60,59.39,100,0,42.96,102.24,17.00,517.00,0,0,0
2023-09-13T15:46:03Z,27.61,59.24,100,0,44.01,102.23,17.00,517.00,null,null,null
2023-09-13T15:47:03Z,27.62,59.27,100,0,37.40,102.23,18.00,523.00,null,null,null
2023-09-13T15:48:03Z,27.61,59.23,100,0,53.51,102.23,16.00,508.00,null,null,null
2023-09-13T15:49:03Z,27.61,59.20,100,0,39.59,102.23,18.00,523.00,null,null,null
2023-09-13T15:50:03Z,27.62,59.19,100,0,39.23,102.23,18.00,523.00,0,0,0
2023-09-13T15:51:03Z,27.61,59.00,100,0,47.23,102.23,15.00,501.00,null,null,null
2023-09-13T15:52:03Z,27.62,59.01,100,0,39.54,102.22,16.00,506.00,null,null,null
2023-09-13T15:53:03Z,27.60,58.92,100,0,41.21,102.23,16.00,506.00,null,null,null
2023-09-13T15:54:03Z,27.60,58.96,100,0,40.20,102.23,16.00,506.00,null,null,null
2023-09-13T15:55:03Z,27.58,59.01,100,0,37.89,102.23,15.00,501.00,0,0,0
2023-09-13T15:56:03Z,27.61,58.76,100,0,44.01,102.22,15.00,501.00,null,null,null
2023-09-13T15:57:03Z,27.64,58.81,100,0,39.72,102.22,15.00,501.00,null,null,null
2023-09-13T15:58:03Z,27.60,58.84,100,0,63.32,102.22,14.00,497.00,null,null,null
2023-09-13T15:59:03Z,27.58,58.88,100,0,47.17,102.22,15.00,501.00,null,null,null
2023-09-13T16:00:03Z,27.61,58.87,100,0,47.67,102.23,14.00,497.00,0,0,0
2023-09-13T16:01:03Z,27.62,58.64,100,0,47.99,102.23,14.00,497.00,null,null,null
2023-09-13T16:02:03Z,27.62,59.03,100,0,39.94,102.23,15.00,501.00,null,null,null
2023-09-13T16:03:03Z,27.62,59.00,100,0,39.50,102.23,14.00,497.00,null,null,null
2023-09-13T16:04:03Z,27.61,58.97,100,0,39.95,102.23,14.00,497.00,null,null,null
2023-09-13T16:05:03Z,27.61,59.08,100,0,48.95,102.23,14.00,492.00,0,0,0
2023-09-13T16:06:03Z,27.60,58.83,100,0,44.91,102.23,14.00,492.00,null,null,null
2023-09-13T16:07:03Z,27.62,58.96,100,0,39.77,102.23,13.00,486.00,null,null,null
2023-09-13T16:08:03Z,27.62,58.84,100,0,43.78,102.23,13.00,486.00,null,null,null
2023-09-13T16:09:03Z,27.60,58.90,100,0,42.57,102.23,13.00,486.00,null,null,null
2023-09-13T16:10:03Z,27.62,59.03,100,0,42.29,102.23,13.00,486.00,0,0,0
2023-09-13T16:11:03Z,27.61,58.73,100,0,37.06,102.23,12.00,481.00,null,null,null
2023-09-13T16:12:03Z,27.61,58.90,100,0,51.49,102.23,12.00,485.00,null,null,null
2023-09-13T16:13:03Z,27.64,58.93,100,0,42.59,102.23,12.00,481.00,null,null,null
2023-09-13T16:14:03Z,27.62,59.00,100,0,37.07,102.23,12.00,481.00,null,null,null
2023-09-13T16:15:03Z,27.60,58.96,100,0,46.00,102.23,12.00,481.00,0,0,0
2023-09-13T16:16:03Z,27.60,58.83,100,0,45.81,102.23,12.00,481.00,null,null,null
2023-09-13T16:17:03Z,27.60,58.87,100,0,42.65,102.23,11.00,476.00,null,null,null
2023-09-13T16:18:03Z,27.61,58.97,100,0,49.74,102.24,12.00,481.00,null,null,null
2023-09-13T16:19:03Z,27.61,58.84,100,0,43.62,102.23,12.00,481.00,null,null,null
2023-09-13T16:20:03Z,27.58,58.60,100,0,38.28,102.24,11.00,476.00,0,0,0
2023-09-13T16:21:03Z,27.61,58.19,100,0,38.07,102.23,12.00,480.00,null,null,null
2023-09-13T16:22:03Z,27.60,58.06,100,0,45.05,102.23,12.00,485.00,null,null,null
2023-09-13T16:23:03Z,27.60,57.95,100,0,39.08,102.23,12.00,485.00,null,null,null
2023-09-13T16:24:03Z,27.61,57.97,100,0,45.15,102.24,12.00,485.00,null,null,null
2023-09-13T16:25:03Z,27.60,57.72,100,0,36.53,102.24,12.00,485.00,0,0,0
2023-09-13T16:26:03Z,27.57,57.29,100,0,43.59,102.24,13.00,487.00,null,null,null
2023-09-13T16:27:03Z,27.57,57.40,100,0,41.59,102.24,13.00,487.00,null,null,null
2023-09-13T16:28:03Z,27.58,57.22,100,0,43.53,102.24,12.00,480.00,null,null,null
2023-09-13T16:29:03Z,27.57,57.10,100,0,41.54,102.24,14.00,493.00,null,null,null
2023-09-13T16:30:03Z,27.58,57.23,100,0,42.31,102.24,12.00,485.00,0,0,0
2023-09-13T16:31:03Z,27.57,56.75,100,0,43.77,102.24,12.00,482.00,null,null,null
2023-09-13T16:32:03Z,27.57,57.25,100,0,40.11,102.24,12.00,485.00,null,null,null
2023-09-13T16:33:03Z,27.57,56.67,100,0,47.06,102.24,12.00,480.00,null,null,null
2023-09-13T16:34:03Z,27.56,56.78,100,0,40.43,102.24,13.00,488.00,null,null,null
2023-09-13T16:35:03Z,27.56,56.73,100,0,45.29,102.23,12.00,485.00,0,0,0
2023-09-13T16:36:03Z,27.54,56.60,100,0,34.46,102.23,12.00,481.00,null,null,null
2023-09-13T16:37:03Z,27.57,56.80,100,0,44.43,102.23,13.00,488.00,null,null,null
2023-09-13T16:38:03Z,27.54,56.82,100,0,47.54,102.23,12.00,485.00,null,null,null
2023-09-13T16:39:03Z,27.51,56.88,100,0,46.82,102.24,12.00,485.00,null,null,null
2023-09-13T16:40:03Z,27.53,56.84,100,0,47.39,102.24,12.00,485.00,0,0,0
2023-09-13T16:41:03Z,27.54,56.47,100,0,37.06,102.24,11.00,477.00,null,null,null
2023-09-13T16:42:03Z,27.51,56.61,100,0,42.54,102.24,13.00,488.00,null,null,null
2023-09-13T16:43:03Z,27.50,56.84,100,0,36.69,102.24,14.00,497.00,null,null,null
2023-09-13T16:44:03Z,27.51,57.02,100,0,43.04,102.24,14.00,496.00,null,null,null
2023-09-13T16:45:03Z,27.51,57.16,100,0,46.78,102.24,16.00,506.00,0,0,0
2023-09-13T16:46:03Z,27.53,57.14,100,0,38.70,102.24,16.00,506.00,null,null,null
2023-09-13T16:47:03Z,27.53,57.36,100,0,38.17,102.24,19.00,527.00,null,null,null
2023-09-13T16:48:03Z,27.50,57.52,100,0,44.17,102.24,19.00,527.00,null,null,null
2023-09-13T16:49:03Z,27.51,57.62,100,0,39.50,102.24,22.00,545.00,null,null,null
2023-09-13T16:50:03Z,27.50,57.66,100,0,38.92,102.24,22.00,549.00,0,0,0
2023-09-13T16:51:03Z,27.50,57.39,100,0,38.59,102.24,22.00,545.00,null,null,null
2023-09-13T16:52:03Z,27.50,57.44,100,0,43.48,102.25,23.00,556.00,null,null,null
2023-09-13T16:53:03Z,27.69,56.40,99,0,49.22,102.26,35.00,634.00,null,null,null
2023-09-13T16:54:03Z,27.60,55.58,99,0,58.26,102.26,46.00,708.00,null,null,null
2023-09-13T16:55:03Z,27.51,55.88,99,0,50.40,102.26,56.00,772.00,0,0,0
2023-09-13T16:56:03Z,27.43,55.70,99,0,59.60,102.26,63.00,819.00,null,null,null
2023-09-13T16:57:03Z,27.37,55.97,99,0,55.00,102.25,74.00,891.00,null,null,null
2023-09-13T16:58:03Z,27.32,56.14,99,0,55.51,102.26,78.00,918.00,null,null,null
2023-09-13T16:59:03Z,27.30,56.22,99,0,51.56,102.26,87.00,975.00,null,null,null
2023-09-13T17:00:03Z,27.25,56.33,99,0,63.28,102.26,92.00,1007.00,0,0,0
2023-09-13T17:01:03Z,27.23,56.39,99,0,63.28,102.26,95.00,1029.00,null,null,null
2023-09-13T17:02:03Z,27.20,56.50,99,0,63.49,102.26,108.00,1113.00,null,null,null
2023-09-13T17:03:03Z,27.16,56.60,99,0,53.62,102.25,113.00,1147.00,null,null,null
2023-09-13T17:04:03Z,27.16,56.65,99,0,66.64,102.26,117.00,1174.00,null,null,null
2023-09-13T17:05:03Z,27.12,56.63,99,0,63.20,102.26,121.00,1195.00,0,0,0
2023-09-13T17:06:03Z,27.13,57.00,99,0,63.39,102.26,122.00,1207.00,null,null,null
2023-09-13T17:07:03Z,27.10,56.99,99,0,51.80,102.26,123.00,1212.00,null,null,null
2023-09-13T17:08:03Z,27.10,57.12,99,0,56.60,102.26,123.00,1212.00,null,null,null
2023-09-13T17:09:03Z,27.09,57.19,99,0,52.93,102.26,126.00,1231.00,null,null,null
2023-09-13T17:10:03Z,27.06,57.20,99,0,43.64,102.26,126.00,1231.00,0,0,0
2023-09-13T17:11:03Z,27.06,57.23,99,0,69.92,102.26,123.00,1212.00,null,null,null
2023-09-13T17:12:03Z,27.05,57.26,99,0,49.87,102.26,126.00,1231.00,null,null,null
2023-09-13T17:13:03Z,27.04,57.30,99,0,41.65,102.26,121.00,1198.00,null,null,null
2023-09-13T17:14:03Z,27.00,57.29,99,0,53.85,102.26,121.00,1198.00,null,null,null
2023-09-13T17:15:03Z,27.04,57.40,99,0,66.39,102.26,121.00,1198.00,0,0,0
2023-09-13T17:16:03Z,27.04,57.47,99,0,44.34,102.26,119.00,1184.00,null,null,null
2023-09-13T17:17:03Z,27.02,57.52,99,0,78.09,102.26,119.00,1184.00,null,null,null
2023-09-13T17:18:03Z,27.02,57.54,99,0,40.80,102.26,119.00,1184.00,null,null,null
2023-09-13T17:19:03Z,26.99,57.61,99,0,36.86,102.26,119.00,1184.00,null,null,null
2023-09-13T17:20:03Z,27.02,57.72,99,0,64.83,102.26,117.00,1171.00,0,0,0
2023-09-13T17:21:03Z,26.81,53.48,99,0,54.87,102.26,81.00,935.00,null,null,null
2023-09-13T17:22:03Z,26.85,53.92,99,0,60.92,102.29,83.00,951.00,null,null,null
2023-09-13T17:23:03Z,26.83,51.47,99,0,59.87,102.29,69.00,853.00,null,null,null
2023-09-13T17:24:03Z,26.75,49.82,99,0,75.21,102.29,62.00,808.00,null,null,null
2023-09-13T17:25:03Z,26.69,49.12,99,0,57.42,102.29,56.00,770.00,0,0,0
2023-09-13T17:26:03Z,26.64,48.00,99,0,51.94,102.29,63.00,815.00,null,null,null
2023-09-13T17:27:03Z,26.53,47.04,99,0,55.90,102.29,55.00,765.00,null,null,null
2023-09-13T17:28:03Z,26.41,46.47,99,0,51.83,102.28,48.00,719.00,null,null,null
2023-09-13T17:29:03Z,26.27,45.77,99,0,65.04,102.28,41.00,675.00,null,null,null
2023-09-13T17:30:03Z,26.13,45.36,99,0,60.96,102.26,39.00,656.00,0,0,0
2023-09-13T17:31:03Z,25.99,45.15,99,0,67.20,102.17,37.00,649.00,null,null,null
2023-09-13T17:32:03Z,25.81,45.17,99,0,58.55,102.12,32.00,611.00,null,null,null
2023-09-13T17:33:03Z,25.11,51.26,99,403,46.52,102.07,25.00,566.00,null,null,null
2023-09-13T17:34:03Z,24.29,55.31,99,14,77.55,102.06,10.00,466.00,null,null,null
2023-09-13T17:35:03Z,24.47,57.11,99,0,51.25,102.05,2.00,415.00,0,0,0
2023-09-13T17:36:03Z,24.54,55.14,99,0,52.16,102.06,1.00,411.00,null,null,null
2023-09-13T17:37:03Z,24.55,55.23,99,0,55.85,102.06,5.00,434.00,null,null,null
2023-09-13T17:38:03Z,24.55,55.28,99,0,50.50,102.05,4.00,428.00,null,null,null
2023-09-13T17:39:03Z,24.55,55.39,99,0,55.54,102.04,3.00,424.00,null,null,null
2023-09-13T17:40:03Z,24.49,55.45,99,0,51.60,102.05,2.00,415.00,0,0,0
2023-09-13T17:41:03Z,24.47,55.42,99,0,41.47,102.04,1.00,409.00,null,null,null
2023-09-13T17:42:03Z,24.47,55.43,99,0,53.59,102.05,0.00,406.00,null,null,null
2023-09-13T17:43:03Z,24.43,55.51,99,0,58.48,102.05,0.00,401.00,null,null,null
2023-09-13T17:44:03Z,24.40,55.55,99,0,47.85,102.06,0.00,400.00,null,null,null
2023-09-13T17:45:03Z,24.37,55.65,99,0,53.81,102.06,0.00,400.00,0,0,0
2023-09-13T17:46:03Z,24.34,55.62,99,0,48.02,102.06,0.00,400.00,null,null,null
2023-09-13T17:47:03Z,24.37,55.51,99,0,53.78,102.06,4.00,428.00,null,null,null
2023-09-13T17:48:03Z,24.31,55.56,99,0,42.08,102.06,4.00,428.00,null,null,null
2023-09-13T17:49:03Z,24.31,55.65,99,0,50.82,102.06,3.00,420.00,null,null,null
2023-09-13T17:50:03Z,24.29,55.60,99,0,58.24,102.06,2.00,415.00,0,0,0
2023-09-13T17:51:03Z,24.27,55.63,99,0,50.42,102.07,1.00,408.00,null,null,null
2023-09-13T17:52:03Z,24.27,55.68,99,0,55.89,102.07,1.00,408.00,null,null,null
2023-09-13T17:53:03Z,24.24,55.81,99,0,44.48,102.07,0.00,405.00,null,null,null
2023-09-13T17:54:03Z,24.24,55.78,99,0,47.05,102.06,4.00,432.00,null,null,null
2023-09-13T17:55:03Z,24.21,55.59,99,0,47.08,102.06,3.00,426.00,0,0,0
2023-09-13T17:56:03Z,24.20,55.74,99,0,60.93,102.06,3.00,425.00,null,null,null
2023-09-13T17:57:03Z,24.21,55.76,99,0,53.65,102.06,3.00,421.00,null,null,null
2023-09-13T17:58:03Z,24.20,55.66,99,0,53.06,102.06,2.00,415.00,null,null,null
2023-09-13T17:59:03Z,24.20,55.75,99,0,47.38,102.06,2.00,416.00,null,null,null
2023-09-13T18:00:03Z,24.16,55.80,99,0,53.22,102.06,1.00,413.00,0,0,0
2023-09-13T18:01:03Z,24.16,55.80,99,0,59.86,102.06,0.00,405.00,null,null,null
2023-09-13T18:02:03Z,24.14,55.73,99,0,52.82,102.06,0.00,405.00,null,null,null
2023-09-13T18:03:03Z,24.13,55.84,99,0,56.84,102.06,0.00,403.00,null,null,null
2023-09-13T18:04:03Z,24.13,55.90,99,0,93.91,102.06,0.00,400.00,null,null,null
2023-09-13T18:05:03Z,24.11,55.89,99,0,56.05,102.06,0.00,400.00,0,0,0
2023-09-13T18:06:03Z,24.36,60.09,99,0,48.72,102.05,24.00,560.00,null,null,null
2023-09-13T18:07:03Z,24.40,57.92,99,0,47.23,102.06,1.00,411.00,null,null,null
2023-09-13T18:08:03Z,24.40,57.40,99,0,51.44,102.06,3.00,425.00,null,null,null
2023-09-13T18:09:03Z,24.43,57.13,99,0,42.03,102.06,3.00,425.00,null,null,null
2023-09-13T18:10:03Z,24.39,57.05,99,0,59.61,102.06,6.00,441.00,0,0,0
2023-09-13T18:11:03Z,24.41,56.90,99,0,42.11,102.05,5.00,436.00,null,null,null
2023-09-13T18:12:03Z,24.41,56.90,99,0,49.14,102.05,7.00,450.00,null,null,null
2023-09-13T18:13:03Z,24.43,56.85,99,0,43.74,102.05,6.00,445.00,null,null,null
2023-09-13T18:14:03Z,24.43,56.84,99,0,48.13,102.06,8.00,455.00,null,null,null
2023-09-13T18:15:03Z,24.43,56.78,99,0,55.54,102.05,7.00,450.00,0,0,0
2023-09-13T18:16:03Z,24.43,56.77,99,0,40.79,102.05,9.00,460.00,null,null,null
2023-09-13T18:17:03Z,24.49,56.81,99,0,42.43,102.05,9.00,463.00,null,null,null
2023-09-13T18:18:03Z,24.46,56.79,99,0,39.90,102.04,10.00,472.00,null,null,null
2023-09-13T18:19:03Z,24.47,56.81,99,0,41.81,102.05,11.00,477.00,null,null,null
2023-09-13T18:20:03Z,24.47,56.85,99,0,50.35,102.05,11.00,477.00,0,0,0
2023-09-13T18:21:03Z,24.47,56.77,99,0,38.61,102.05,9.00,463.00,null,null,null
2023-09-13T18:22:03Z,24.50,56.79,99,0,54.58,102.05,10.00,472.00,null,null,null
2023-09-13T18:23:03Z,24.50,56.78,99,0,51.16,102.05,12.00,481.00,null,null,null
2023-09-13T18:24:03Z,24.50,56.83,99,0,42.81,102.05,10.00,472.00,null,null,null
2023-09-13T18:25:03Z,24.53,56.81,99,0,47.86,102.05,11.00,477.00,0,0,0
2023-09-13T18:26:03Z,24.53,56.79,99,0,41.89,102.04,10.00,472.00,null,null,null
2023-09-13T18:27:03Z,24.50,56.77,99,0,47.55,102.05,11.00,477.00,null,null,null
2023-09-13T18:28:03Z,24.51,56.79,99,0,40.56,102.05,10.00,472.00,null,null,null
2023-09-13T18:29:03Z,24.49,56.77,99,0,46.81,102.05,11.00,477.00,null,null,null
2023-09-13T18:30:03Z,24.50,56.80,99,0,43.23,102.05,10.00,472.00,0,0,0
2023-09-13T18:31:03Z,24.55,56.74,99,0,41.29,102.04,10.00,472.00,null,null,null
2023-09-13T18:32:03Z,24.55,56.79,99,0,63.10,102.05,12.00,481.00,null,null,null
2023-09-13T18:33:03Z,24.54,56.82,99,0,53.14,102.05,11.00,477.00,null,null,null
2023-09-13T18:34:03Z,24.53,56.79,99,0,64.23,102.04,10.00,472.00,null,null,null
2023-09-13T18:35:03Z,24.51,56.79,99,0,52.93,102.05,10.00,472.00,0,0,0
2023-09-13T18:36:03Z,24.55,56.81,99,0,50.33,102.05,9.00,460.00,null,null,null
2023-09-13T18:37:03Z,24.54,56.77,99,0,52.05,102.05,10.00,472.00,null,null,null
2023-09-13T18:38:03Z,24.54,56.84,99,0,40.43,102.05,10.00,472.00,null,null,null
2023-09-13T18:39:03Z,24.53,56.79,99,0,46.68,102.06,9.00,460.00,null,null,null
2023-09-13T18:40:03Z,24.50,56.79,99,0,44.15,102.06,9.00,463.00,0,0,0
2023-09-13T18:41:03Z,24.54,56.78,99,0,57.50,102.05,8.00,455.00,null,null,null
2023-09-13T18:42:03Z,24.54,56.75,99,0,61.97,102.05,9.00,463.00,null,null,null
2023-09-13T18:43:03Z,24.54,56.77,99,0,55.12,102.05,9.00,463.00,null,null,null
2023-09-13T18:44:03Z,24.53,56.81,99,0,65.57,102.06,8.00,455.00,null,null,null
2023-09-13T18:45:03Z,24.53,56.86,99,0,71.60,102.06,9.00,463.00,0,0,0
2023-09-13T18:46:03Z,24.54,56.86,99,0,68.53,102.06,9.00,460.00,null,null,null
2023-09-13T18:47:03Z,24.53,56.92,99,0,53.77,102.06,9.00,463.00,null,null,null
2023-09-13T18:48:03Z,24.55,56.92,99,0,57.53,102.06,8.00,455.00,null,null,null
2023-09-13T18:49:03Z,24.53,56.95,99,0,62.78,102.06,9.00,463.00,null,null,null
2023-09-13T18:50:03Z,24.55,56.95,99,0,57.62,102.06,9.00,463.00,0,0,0
2023-09-13T18:51:03Z,24.57,56.96,99,0,65.22,102.06,7.00,450.00,null,null,null
2023-09-13T18:52:03Z,24.57,56.98,99,0,63.48,102.06,9.00,463.00,null,null,null
2023-09-13T18:53:03Z,24.60,56.93,99,0,65.81,102.06,9.00,463.00,null,null,null
2023-09-13T18:54:03Z,24.57,56.98,99,0,62.69,102.06,9.00,460.00,null,null,null
2023-09-13T18:55:03Z,24.58,56.98,99,0,57.01,102.07,10.00,472.00,0,0,0
2023-09-13T18:56:03Z,24.61,56.95,99,0,60.69,102.06,9.00,460.00,null,null,null
2023-09-13T18:57:03Z,24.63,56.95,99,0,53.94,102.06,9.00,463.00,null,null,null
2023-09-13T18:58:03Z,24.65,56.96,99,0,54.03,102.06,10.00,472.00,null,null,null
2023-09-13T18:59:03Z,24.63,56.94,99,0,51.41,102.07,9.00,463.00,null,null,null
2023-09-13T19:00:03Z,24.60,56.94,99,0,40.99,102.06,9.00,463.00,0,0,0
2023-09-13T19:01:03Z,24.63,56.88,99,0,54.77,102.07,11.00,477.00,null,null,null
2023-09-13T19:02:03Z,24.68,56.91,99,0,49.12,102.07,11.00,477.00,null,null,null
2023-09-13T19:03:03Z,24.70,56.92,99,0,45.21,102.07,10.00,472.00,null,null,null
2023-09-13T19:04:03Z,24.67,56.89,99,0,61.42,102.07,11.00,477.00,null,null,null
2023-09-13T19:05:03Z,24.65,56.90,99,0,66.20,102.06,10.00,472.00,0,0,0
2023-09-13T19:06:03Z,24.68,56.89,99,0,55.46,102.07,11.00,477.00,null,null,null
2023-09-13T19:07:03Z,24.65,56.83,99,0,57.82,102.07,9.00,463.00,null,null,null
2023-09-13T19:08:03Z,24.65,56.88,99,0,58.82,102.06,9.00,463.00,null,null,null
2023-09-13T19:09:03Z,24.68,56.87,99,0,55.30,102.07,12.00,481.00,null,null,null
2023-09-13T19:10:03Z,24.68,56.89,99,0,58.00,102.07,10.00,472.00,0,0,0
2023-09-13T19:11:03Z,24.70,56.87,99,0,51.39,102.07,12.00,481.00,null,null,null
2023-09-13T19:12:03Z,24.70,56.83,99,0,50.64,102.07,10.00,472.00,null,null,null
2023-09-13T19:13:03Z,24.71,56.83,99,0,39.94,102.07,13.00,486.00,null,null,null
2023-09-13T19:14:03Z,24.68,56.79,99,0,57.22,102.07,11.00,477.00,null,null,null
2023-09-13T19:15:03Z,24.70,56.78,99,0,50.11,102.07,14.00,493.00,0,0,0
2023-09-13T19:16:03Z,24.71,56.79,99,0,50.29,102.07,14.00,498.00,null,null,null
2023-09-13T19:17:03Z,24.72,56.77,99,0,53.80,102.07,14.00,498.00,null,null,null
2023-09-13T19:18:03Z,24.71,56.79,99,0,56.67,102.08,14.00,493.00,null,null,null
2023-09-13T19:19:03Z,24.71,56.77,99,0,55.14,102.08,14.00,498.00,null,null,null
2023-09-13T19:20:03Z,24.74,56.78,99,0,52.05,102.08,15.00,502.00,0,0,0
2023-09-13T19:21:03Z,24.71,56.75,99,0,59.38,102.08,14.00,498.00,null,null,null
2023-09-13T19:22:03Z,24.72,56.71,99,0,63.45,102.09,14.00,493.00,null,null,null
2023-09-13T19:23:03Z,24.71,56.74,99,0,65.29,102.08,15.00,502.00,null,null,null
2023-09-13T19:24:03Z,24.70,56.70,99,0,46.92,102.09,13.00,491.00,null,null,null
2023-09-13T19:25:03Z,24.70,56.73,99,0,49.51,102.09,14.00,497.00,0,0,0
2023-09-13T19:26:03Z,24.71,56.70,99,0,58.67,102.09,13.00,491.00,null,null,null
2023-09-13T19:27:03Z,24.70,57.27,99,0,63.55,102.08,15.00,502.00,null,null,null
2023-09-13T19:28:03Z,24.74,57.32,99,0,49.37,102.09,13.00,487.00,null,null,null
2023-09-13T19:29:03Z,24.71,57.22,99,0,61.44,102.09,14.00,493.00,null,null,null
2023-09-13T19:30:03Z,24.74,57.27,99,0,41.22,102.09,14.00,493.00,0,0,0
2023-09-13T19:31:03Z,24.75,57.44,99,0,57.07,102.09,14.00,493.00,null,null,null
2023-09-13T19:32:03Z,24.75,57.35,99,0,63.36,102.09,16.00,506.00,null,null,null
2023-09-13T19:33:03Z,24.78,57.42,99,0,60.40,102.09,15.00,501.00,null,null,null
2023-09-13T19:34:03Z,24.79,57.46,99,0,63.10,102.09,15.00,501.00,null,null,null
2023-09-13T19:35:03Z,24.77,57.47,99,0,58.11,102.10,15.00,501.00,0,0,0
2023-09-13T19:36:03Z,24.79,57.61,99,0,55.88,102.10,14.00,496.00,null,null,null
2023-09-13T19:37:03Z,24.78,57.57,99,0,54.31,102.10,14.00,496.00,null,null,null
2023-09-13T19:38:03Z,24.84,57.57,99,0,67.17,102.10,14.00,496.00,null,null,null
2023-09-13T19:39:03Z,24.81,57.59,99,0,48.69,102.10,14.00,496.00,null,null,null
2023-09-13T19:40:03Z,24.82,57.52,99,0,45.84,102.10,14.00,496.00,0,0,0
2023-09-13T19:41:03Z,24.85,57.54,99,0,47.44,102.10,14.00,496.00,null,null,null
2023-09-13T19:42:03Z,24.85,57.49,99,0,63.23,102.10,14.00,496.00,null,null,null
2023-09-13T19:43:03Z,24.84,57.45,99,0,46.78,102.10,13.00,491.00,null,null,null
2023-09-13T19:44:03Z,24.82,57.46,99,0,53.23,102.10,14.00,496.00,null,null,null
2023-09-13T19:45:03Z,24.81,57.47,99,0,57.45,102.10,14.00,496.00,0,0,0
2023-09-13T19:46:03Z,24.82,57.52,99,0,48.44,102.10,14.00,496.00,null,null,null
2023-09-13T19:47:03Z,24.84,57.45,99,0,58.42,102.10,14.00,496.00,null,null,null
2023-09-13T19:48:03Z,24.82,57.40,99,0,50.42,102.10,14.00,496.00,null,null,null
2023-09-13T19:49:03Z,24.82,57.41,99,0,65.11,102.10,14.00,496.00,null,null,null
2023-09-13T19:50:03Z,24.79,57.41,99,0,49.50,102.10,14.00,496.00,0,0,0
2023-09-13T19:51:03Z,24.81,57.40,99,0,57.00,102.10,14.00,496.00,null,null,null
2023-09-13T19:52:03Z,24.81,57.36,99,0,51.71,102.10,14.00,496.00,null,null,null
2023-09-13T19:53:03Z,24.81,57.34,99,0,60.15,102.10,13.00,491.00,null,null,null
2023-09-13T19:54:03Z,24.81,57.28,99,0,51.20,102.10,13.00,491.00,null,null,null
2023-09-13T19:55:03Z,24.79,57.37,99,0,72.96,102.10,13.00,491.00,0,0,0
2023-09-13T19:56:03Z,24.81,57.50,99,0,58.06,102.10,13.00,491.00,null,null,null
2023-09-13T19:57:03Z,24.82,57.81,99,0,35.85,102.10,13.00,491.00,null,null,null
2023-09-13T19:58:03Z,24.79,57.82,99,0,58.73,102.10,12.00,485.00,null,null,null
2023-09-13T19:59:03Z,24.81,58.11,99,0,45.16,102.10,12.00,485.00,null,null,null
2023-09-13T20:00:03Z,24.81,58.38,99,0,66.36,102.10,12.00,485.00,0,0,0
2023-09-13T20:01:03Z,24.85,58.48,99,0,56.24,102.09,12.00,480.00,null,null,null
2023-09-13T20:02:03Z,24.85,58.63,99,0,64.64,102.10,12.00,480.00,null,null,null
2023-09-13T20:03:03Z,24.88,58.42,99,0,47.89,102.10,12.00,480.00,null,null,null
2023-09-13T20:04:03Z,24.90,57.86,99,0,44.20,102.10,12.00,480.00,null,null,null
2023-09-13T20:05:03Z,24.90,57.33,99,0,43.54,102.10,12.00,485.00,0,0,0
2023-09-13T20:06:03Z,24.92,56.87,99,0,56.74,102.10,12.00,485.00,null,null,null
2023-09-13T20:07:03Z,24.88,56.63,99,0,44.95,102.10,12.00,485.00,null,null,null
2023-09-13T20:08:03Z,24.88,56.52,99,0,53.94,102.10,13.00,488.00,null,null,null
2023-09-13T20:09:03Z,24.87,56.38,99,0,42.45,102.10,15.00,500.00,null,null,null
2023-09-13T20:10:03Z,24.85,56.34,99,0,36.37,102.09,15.00,505.00,0,0,0
2023-09-13T20:11:03Z,24.87,56.15,99,0,52.13,102.10,17.00,515.00,null,null,null
2023-09-13T20:12:03Z,24.87,56.16,99,0,64.43,102.09,19.00,529.00,null,null,null
2023-09-13T20:13:03Z,24.85,56.15,99,0,47.53,102.13,19.00,529.00,null,null,null
2023-09-13T20:14:03Z,24.82,56.19,99,0,56.88,102.13,20.00,534.00,null,null,null
2023-09-13T20:15:03Z,24.81,56.11,99,0,47.67,102.13,20.00,537.00,0,0,0
2023-09-13T20:16:03Z,24.81,56.01,99,0,50.93,102.13,20.00,537.00,null,null,null
2023-09-13T20:17:03Z,24.82,55.87,99,0,64.64,102.14,22.00,546.00,null,null,null
2023-09-13T20:18:03Z,24.82,55.80,99,0,49.56,102.13,22.00,546.00,null,null,null
2023-09-13T20:19:03Z,24.79,55.68,99,0,45.03,102.14,20.00,537.00,null,null,null
2023-09-13T20:20:03Z,24.77,55.56,99,0,44.06,102.14,21.00,542.00,0,0,0
2023-09-13T20:21:03Z,24.77,55.46,99,0,49.19,102.14,21.00,542.00,null,null,null
2023-09-13T20:22:03Z,24.74,55.40,99,0,45.22,102.14,21.00,542.00,null,null,null
2023-09-13T20:23:03Z,24.75,55.27,99,0,40.80,102.14,18.00,523.00,null,null,null
2023-09-13T20:24:03Z,24.72,55.23,99,0,48.71,102.15,21.00,539.00,null,null,null
2023-09-13T20:25:03Z,24.67,55.16,99,0,43.59,102.15,20.00,534.00,0,0,0
2023-09-13T20:26:03Z,24.64,55.01,99,0,49.17,102.15,19.00,529.00,null,null,null
2023-09-13T20:27:03Z,24.64,54.96,99,0,41.95,102.15,19.00,529.00,null,null,null
2023-09-13T20:28:03Z,24.63,54.97,99,0,46.12,102.15,17.00,518.00,null,null,null
2023-09-13T20:29:03Z,24.58,54.89,99,0,44.98,102.16,16.00,506.00,null,null,null
2023-09-13T20:30:03Z,24.55,54.84,99,0,41.90,102.15,18.00,524.00,0,0,0
2023-09-13T20:31:03Z,24.53,54.75,99,0,43.61,102.16,15.00,501.00,null,null,null
2023-09-13T20:32:03Z,24.51,54.78,99,0,40.19,102.16,16.00,506.00,null,null,null
2023-09-13T20:33:03Z,24.47,54.70,99,0,41.54,102.16,16.00,506.00,null,null,null
2023-09-13T20:34:03Z,24.43,54.66,99,0,37.33,102.16,16.00,506.00,null,null,null
2023-09-13T20:35:03Z,24.41,54.64,99,0,41.80,102.16,14.00,497.00,0,0,0
2023-09-13T20:36:03Z,24.39,54.57,99,0,40.57,102.16,13.00,491.00,null,null,null
2023-09-13T20:37:03Z,24.36,54.53,99,0,49.95,102.16,14.00,497.00,null,null,null
2023-09-13T20:38:03Z,24.33,54.53,99,0,45.42,102.16,14.00,497.00,null,null,null
2023-09-13T20:39:03Z,24.30,54.54,99,0,51.33,102.15,13.00,491.00,null,null,null
2023-09-13T20:40:03Z,24.23,54.52,99,0,36.77,102.15,13.00,491.00,0,0,0
2023-09-13T20:41:03Z,24.21,54.44,99,0,44.80,102.15,20.00,533.00,null,null,null
2023-09-13T20:42:03Z,24.19,54.40,99,0,46.84,102.15,20.00,533.00,null,null,null
2023-09-13T20:43:03Z,24.14,54.45,99,0,45.19,102.15,19.00,527.00,null,null,null
2023-09-13T20:44:03Z,24.11,54.39,99,0,47.02,102.15,18.00,520.00,null,null,null
2023-09-13T20:45:03Z,24.07,54.41,99,0,45.16,102.15,17.00,515.00,0,0,0
2023-09-13T20:46:03Z,24.03,54.41,99,0,49.70,102.15,14.00,496.00,null,null,null
2023-09-13T20:47:03Z,23.99,54.37,99,0,47.11,102.14,15.00,505.00,null,null,null
2023-09-13T20:48:03Z,23.99,54.36,99,0,55.08,102.15,13.00,488.00,null,null,null
2023-09-13T20:49:03Z,23.92,54.38,99,0,49.12,102.15,13.00,488.00,null,null,null
2023-09-13T20:50:03Z,23.88,54.39,99,0,46.08,102.15,14.00,496.00,0,0,0
2023-09-13T20:51:03Z,23.88,54.33,99,0,41.84,102.15,10.00,466.00,null,null,null
2023-09-13T20:52:03Z,23.85,54.41,99,0,47.42,102.15,12.00,485.00,null,null,null
2023-09-13T20:53:03Z,23.76,54.38,99,0,51.69,102.15,11.00,477.00,null,null,null
2023-09-13T20:54:03Z,23.73,54.43,99,0,43.58,102.15,9.00,462.00,null,null,null
2023-09-13T20:55:03Z,23.69,54.39,99,0,52.66,102.15,15.00,502.00,0,0,0
2023-09-13T20:56:03Z,23.69,54.34,99,0,52.21,102.16,14.00,495.00,null,null,null
2023-09-13T20:57:03Z,23.63,54.36,99,0,47.28,102.16,14.00,495.00,null,null,null
2023-09-13T20:58:03Z,23.60,54.34,99,0,49.88,102.16,13.00,491.00,null,null,null
2023-09-13T20:59:03Z,23.56,54.38,99,0,43.19,102.16,13.00,491.00,null,null,null
2023-09-13T21:00:03Z,23.52,54.41,99,0,44.95,102.16,12.00,483.00,0,0,0
2023-09-13T21:01:03Z,23.49,54.36,99,0,38.03,102.15,10.00,466.00,null,null,null
2023-09-13T21:02:03Z,23.48,54.41,99,0,42.43,102.15,11.00,475.00,null,null,null
2023-09-13T21:03:03Z,23.42,54.39,99,0,44.17,102.15,10.00,466.00,null,null,null
2023-09-13T21:04:03Z,23.41,54.42,99,0,50.69,102.15,10.00,466.00,null,null,null
2023-09-13T21:05:03Z,23.35,54.46,99,0,45.36,102.15,9.00,464.00,0,0,0
2023-09-13T21:06:03Z,23.32,54.41,99,0,52.51,102.15,8.00,457.00,null,null,null
2023-09-13T21:07:03Z,23.29,54.43,99,0,42.68,102.15,8.00,457.00,null,null,null
2023-09-13T21:08:03Z,23.25,54.35,99,0,40.24,102.15,8.00,454.00,null,null,null
2023-09-13T21:09:03Z,23.20,54.38,99,0,46.25,102.15,8.00,454.00,null,null,null
2023-09-13T21:10:03Z,23.17,54.41,99,0,48.26,102.16,8.00,457.00,0,0,0
2023-09-13T21:11:03Z,23.17,54.39,99,0,57.02,102.16,7.00,448.00,null,null,null
2023-09-13T21:12:03Z,23.14,54.40,99,0,44.27,102.16,8.00,454.00,null,null,null
2023-09-13T21:13:03Z,23.04,54.40,99,0,37.05,102.16,7.00,448.00,null,null,null
2023-09-13T21:14:03Z,23.04,54.40,99,0,45.62,102.16,6.00,445.00,null,null,null
2023-09-13T21:15:03Z,22.98,54.42,99,0,47.53,102.16,6.00,445.00,0,0,0
2023-09-13T21:16:03Z,23.00,54.38,99,0,45.07,102.16,5.00,435.00,null,null,null
2023-09-13T21:17:03Z,22.97,54.41,99,0,45.67,102.16,5.00,435.00,null,null,null
2023-09-13T21:18:03Z,22.91,54.36,99,0,46.83,102.16,5.00,435.00,null,null,null
2023-09-13T21:19:03Z,22.88,54.44,99,0,54.53,102.15,4.00,428.00,null,null,null
2023-09-13T21:20:03Z,22.84,54.43,99,0,54.96,102.15,4.00,428.00,0,0,0
2023-09-13T21:21:03Z,22.83,54.39,99,0,42.34,102.15,3.00,423.00,null,null,null
2023-09-13T21:22:03Z,22.77,54.46,99,0,58.32,102.15,3.00,423.00,null,null,null
2023-09-13T21:23:03Z,22.76,54.43,99,0,41.77,102.15,2.00,417.00,null,null,null
2023-09-13T21:24:03Z,22.73,54.46,99,0,42.69,102.15,2.00,417.00,null,null,null
2023-09-13T21:25:03Z,22.67,54.52,99,0,44.33,102.15,7.00,451.00,0,0,0
2023-09-13T21:26:03Z,22.66,54.41,99,0,43.78,102.14,7.00,447.00,null,null,null
2023-09-13T21:27:03Z,22.63,54.46,99,0,43.77,102.15,7.00,447.00,null,null,null
2023-09-13T21:28:03Z,22.58,54.45,99,0,42.30,102.15,6.00,443.00,null,null,null
2023-09-13T21:29:03Z,22.54,54.46,99,0,45.11,102.14,5.00,438.00,null,null,null
2023-09-13T21:30:03Z,22.51,54.48,99,0,45.23,102.14,5.00,438.00,0,0,0
2023-09-13T21:31:03Z,22.48,54.44,99,0,53.40,102.14,4.00,428.00,null,null,null
2023-09-13T21:32:03Z,22.50,54.40,99,0,63.85,102.14,4.00,428.00,null,null,null
2023-09-13T21:33:03Z,22.46,54.42,99,0,81.68,102.13,4.00,428.00,null,null,null
2023-09-13T21:34:03Z,22.40,54.34,99,0,75.82,102.11,3.00,425.00,null,null,null
2023-09-13T21:35:03Z,22.37,54.36,99,0,79.22,102.08,3.00,421.00,0,0,0
2023-09-13T21:36:03Z,22.37,54.36,99,0,27.77,102.08,1.00,411.00,null,null,null
2023-09-13T21:37:03Z,22.33,54.37,99,0,81.86,102.06,2.00,416.00,null,null,null
2023-09-13T21:38:03Z,22.29,54.33,99,0,72.64,102.03,2.00,416.00,null,null,null
2023-09-13T21:39:03Z,22.26,54.38,99,0,80.54,102.03,1.00,411.00,null,null,null
2023-09-13T21:40:03Z,22.20,54.34,99,0,83.58,102.06,1.00,408.00,0,0,0
2023-09-13T21:41:03Z,22.16,54.35,99,0,91.40,102.05,0.00,405.00,null,null,null
2023-09-13T21:42:03Z,22.11,54.33,99,0,79.96,102.07,0.00,405.00,null,null,null
2023-09-13T21:43:03Z,22.06,54.36,99,0,76.14,102.10,0.00,405.00,null,null,null
2023-09-13T21:44:03Z,22.00,54.21,99,0,71.87,102.11,0.00,405.00,null,null,null
2023-09-13T21:45:03Z,21.95,54.27,99,0,81.52,102.11,0.00,406.00,0,0,0
2023-09-13T21:46:03Z,21.92,54.22,99,0,89.75,102.12,0.00,400.00,null,null,null
2023-09-13T21:47:03Z,21.89,54.25,99,0,78.13,102.10,0.00,405.00,null,null,null
2023-09-13T21:48:03Z,21.84,54.31,99,0,78.35,102.08,0.00,400.00,null,null,null
2023-09-13T21:49:03Z,21.81,54.35,99,0,85.48,102.10,0.00,400.00,null,null,null
2023-09-13T21:50:03Z,21.72,54.33,99,0,80.06,102.13,0.00,400.00,0,0,0
2023-09-13T21:51:03Z,21.67,54.24,99,0,81.28,102.13,3.00,425.00,null,null,null
2023-09-13T21:52:03Z,21.64,54.26,99,0,79.59,102.14,4.00,432.00,null,null,null
2023-09-13T21:53:03Z,21.61,54.26,99,0,83.70,102.13,3.00,421.00,null,null,null
2023-09-13T21:54:03Z,21.52,54.14,99,0,47.76,102.11,2.00,417.00,null,null,null
2023-09-13T21:55:03Z,21.48,54.22,99,0,37.48,102.11,2.00,417.00,0,0,0
2023-09-13T21:56:03Z,21.45,54.26,98,0,51.37,102.11,2.00,415.00,null,null,null
2023-09-13T21:57:03Z,21.40,54.28,98,0,21.71,102.08,1.00,410.00,null,null,null
2023-09-13T21:58:03Z,21.35,54.37,98,0,25.73,102.08,1.00,410.00,null,null,null
2023-09-13T21:59:03Z,21.30,54.55,98,0,23.54,102.08,1.00,407.00,null,null,null
2023-09-13T22:00:03Z,21.27,54.71,99,0,30.60,102.08,0.00,402.00,0,0,0
2023-09-13T22:01:03Z,21.24,54.75,98,0,23.63,102.08,0.00,400.00,null,null,null
2023-09-13T22:02:03Z,21.20,54.93,98,0,27.62,102.08,5.00,436.00,null,null,null
2023-09-13T22:03:03Z,21.17,55.08,98,0,34.23,102.08,5.00,436.00,null,null,null
2023-09-13T22:04:03Z,21.14,55.20,98,0,30.80,102.08,5.00,436.00,null,null,null
2023-09-13T22:05:03Z,21.11,55.33,99,0,24.03,102.09,5.00,436.00,0,0,0
2023-09-13T22:06:03Z,21.10,55.40,98,0,27.64,102.08,3.00,425.00,null,null,null
2023-09-13T22:07:03Z,21.09,55.52,98,0,22.94,102.08,4.00,432.00,null,null,null
2023-09-13T22:08:03Z,21.07,55.65,98,0,24.31,102.09,5.00,436.00,null,null,null
2023-09-13T22:09:03Z,21.03,55.80,98,0,23.05,102.09,5.00,436.00,null,null,null
2023-09-13T22:10:03Z,21.03,55.85,98,0,22.66,102.08,5.00,433.00,0,0,0
2023-09-13T22:11:03Z,21.00,55.91,98,0,29.53,102.09,5.00,433.00,null,null,null
2023-09-13T22:12:03Z,21.03,55.98,98,0,22.83,102.09,5.00,436.00,null,null,null
2023-09-13T22:13:03Z,20.99,56.09,98,0,24.89,102.09,5.00,439.00,null,null,null
2023-09-13T22:14:03Z,20.97,56.20,98,0,20.39,102.09,5.00,439.00,null,null,null
2023-09-13T22:15:03Z,20.97,56.25,98,0,37.78,102.09,5.00,439.00,0,0,0
2023-09-13T22:16:03Z,20.97,56.31,98,0,24.86,102.09,5.00,433.00,null,null,null
2023-09-13T22:17:03Z,20.94,56.33,98,0,25.35,102.09,5.00,438.00,null,null,null
2023-09-13T22:18:03Z,20.95,56.44,98,0,20.67,102.09,6.00,442.00,null,null,null
2023-09-13T22:19:03Z,20.95,56.49,98,0,20.85,102.09,6.00,442.00,null,null,null
2023-09-13T22:20:03Z,20.94,56.57,98,0,32.21,102.09,7.00,446.00,0,0,0
2023-09-13T22:21:03Z,20.94,56.61,98,0,25.82,102.10,6.00,442.00,null,null,null
2023-09-13T22:22:03Z,20.97,56.63,98,0,24.89,102.09,7.00,451.00,null,null,null
2023-09-13T22:23:03Z,20.94,56.70,98,0,23.45,102.09,7.00,451.00,null,null,null
2023-09-13T22:24:03Z,20.95,56.74,98,0,23.63,102.09,8.00,455.00,null,null,null
2023-09-13T22:25:03Z,20.97,56.79,98,0,23.20,102.09,8.00,457.00,0,0,0
2023-09-13T22:26:03Z,21.00,56.81,98,0,23.72,102.09,7.00,451.00,null,null,null
2023-09-13T22:27:03Z,20.99,56.87,98,0,30.28,102.09,8.00,459.00,null,null,null
2023-09-13T22:28:03Z,21.00,56.88,98,0,26.55,102.09,9.00,463.00,null,null,null
2023-09-13T22:29:03Z,20.99,56.94,98,0,22.31,102.09,9.00,463.00,null,null,null
2023-09-13T22:30:03Z,21.01,56.97,98,0,25.84,102.09,10.00,466.00,0,0,0
2023-09-13T22:31:03Z,21.01,56.98,98,0,20.93,102.09,9.00,463.00,null,null,null
2023-09-13T22:32:03Z,21.03,57.02,98,0,22.37,102.09,11.00,473.00,null,null,null
2023-09-13T22:33:03Z,21.03,57.03,98,0,22.61,102.09,11.00,473.00,null,null,null
2023-09-13T22:34:03Z,21.06,57.09,98,0,36.11,102.09,11.00,478.00,null,null,null
2023-09-13T22:35:03Z,21.06,57.15,98,0,26.31,102.09,11.00,478.00,0,0,0
2023-09-13T22:36:03Z,21.06,57.12,98,0,23.35,102.09,11.00,478.00,null,null,null
2023-09-13T22:37:03Z,21.09,57.19,98,0,23.10,102.09,13.00,486.00,null,null,null
2023-09-13T22:38:03Z,21.11,57.17,98,0,24.86,102.09,12.00,481.00,null,null,null
2023-09-13T22:39:03Z,21.14,57.22,98,0,21.85,102.09,13.00,486.00,null,null,null
2023-09-13T22:40:03Z,21.11,57.21,98,0,27.94,102.09,13.00,491.00,0,0,0
2023-09-13T22:41:03Z,21.16,57.21,98,0,23.10,102.09,13.00,491.00,null,null,null
2023-09-13T22:42:03Z,21.16,57.19,98,0,23.45,102.09,14.00,496.00,null,null,null
2023-09-13T22:43:03Z,21.17,57.24,98,0,25.13,102.08,15.00,500.00,null,null,null
2023-09-13T22:44:03Z,21.18,57.27,98,0,25.41,102.08,15.00,500.00,null,null,null
2023-09-13T22:45:03Z,21.20,57.23,98,0,35.98,102.08,14.00,497.00,0,0,0
2023-09-13T22:46:03Z,21.21,57.26,98,0,37.57,102.08,15.00,500.00,null,null,null
2023-09-13T22:47:03Z,21.23,57.26,98,0,35.45,102.08,14.00,497.00,null,null,null
2023-09-13T22:48:03Z,21.21,57.29,98,0,23.90,102.08,15.00,505.00,null,null,null
2023-09-13T22:49:03Z,21.25,57.29,98,0,39.40,102.08,15.00,505.00,null,null,null
2023-09-13T22:50:03Z,21.27,57.33,98,0,27.45,102.08,9.00,465.00,0,0,0
2023-09-13T22:51:03Z,21.28,57.33,98,0,22.12,102.08,9.00,463.00,null,null,null
2023-09-13T22:52:03Z,21.31,57.29,98,0,22.18,102.08,10.00,472.00,null,null,null
2023-09-13T22:53:03Z,21.31,57.35,98,0,22.24,102.08,10.00,472.00,null,null,null
2023-09-13T22:54:03Z,21.30,57.32,98,0,28.83,102.07,11.00,477.00,null,null,null
2023-09-13T22:55:03Z,21.34,57.38,98,0,26.19,102.08,11.00,477.00,0,0,0
2023-09-13T22:56:03Z,21.35,57.33,98,0,26.84,102.07,10.00,472.00,null,null,null
2023-09-13T22:57:03Z,21.40,57.34,98,0,27.28,102.08,12.00,482.00,null,null,null
2023-09-13T22:58:03Z,21.38,57.36,98,0,37.11,102.07,12.00,482.00,null,null,null
2023-09-13T22:59:03Z,21.41,57.36,98,0,24.58,102.08,13.00,487.00,null,null,null
2023-09-13T23:00:03Z,21.42,57.39,98,0,28.47,102.07,14.00,492.00,0,0,0
2023-09-13T23:01:03Z,21.45,57.35,98,0,34.79,102.08,12.00,482.00,null,null,null
2023-09-13T23:02:03Z,21.46,57.33,98,0,23.35,102.08,14.00,492.00,null,null,null
2023-09-13T23:03:03Z,21.48,57.41,98,0,35.66,102.08,14.00,492.00,null,null,null
2023-09-13T23:04:03Z,21.49,57.38,98,0,29.18,102.08,14.00,495.00,null,null,null
2023-09-13T23:05:03Z,21.49,57.41,98,0,24.61,102.08,14.00,495.00,0,0,0
2023-09-13T23:06:03Z,21.51,57.32,98,0,40.20,102.08,14.00,495.00,null,null,null
2023-09-13T23:07:03Z,21.52,57.36,98,0,23.86,102.08,15.00,500.00,null,null,null
2023-09-13T23:08:03Z,21.57,57.38,98,0,22.94,102.08,15.00,500.00,null,null,null
2023-09-13T23:09:03Z,21.57,57.37,98,0,25.90,102.07,15.00,505.00,null,null,null
2023-09-13T23:10:03Z,21.60,57.39,98,0,34.75,102.07,15.00,505.00,0,0,0
2023-09-13T23:11:03Z,21.61,57.42,98,0,32.97,102.08,15.00,505.00,null,null,null
2023-09-13T23:12:03Z,21.61,57.38,98,0,22.89,102.08,17.00,515.00,null,null,null
2023-09-13T23:13:03Z,21.64,57.43,98,0,21.85,102.08,17.00,515.00,null,null,null
2023-09-13T23:14:03Z,21.62,57.38,98,0,22.55,102.08,18.00,519.00,null,null,null
2023-09-13T23:15:03Z,21.65,57.43,98,0,25.90,102.08,18.00,519.00,0,0,0
2023-09-13T23:16:03Z,21.67,57.42,98,0,22.61,102.08,18.00,519.00,null,null,null
2023-09-13T23:17:03Z,21.71,57.38,98,0,24.46,102.08,18.00,524.00,null,null,null
2023-09-13T23:18:03Z,21.74,57.42,98,0,21.41,102.08,18.00,524.00,null,null,null
2023-09-13T23:19:03Z,21.72,57.39,98,0,31.95,102.07,19.00,531.00,null,null,null
2023-09-13T23:20:03Z,21.72,57.40,98,0,20.85,102.08,19.00,531.00,0,0,0
2023-09-13T23:21:03Z,21.75,57.42,98,0,33.36,102.07,18.00,524.00,null,null,null
2023-09-13T23:22:03Z,21.78,57.44,98,0,31.57,102.07,13.00,491.00,null,null,null
2023-09-13T23:23:03Z,21.79,57.46,98,0,31.56,102.07,13.00,491.00,null,null,null
2023-09-13T23:24:03Z,21.78,57.45,98,0,31.32,102.07,13.00,491.00,null,null,null
2023-09-13T23:25:03Z,21.82,57.41,98,0,31.16,102.07,14.00,498.00,0,0,0
2023-09-13T23:26:03Z,21.82,57.40,98,0,31.53,102.07,13.00,491.00,null,null,null
2023-09-13T23:27:03Z,21.84,57.40,98,0,30.95,102.07,14.00,498.00,null,null,null
2023-09-13T23:28:03Z,21.86,57.44,98,0,31.51,102.07,14.00,498.00,null,null,null
2023-09-13T23:29:03Z,21.85,57.42,98,0,31.49,102.07,14.00,493.00,null,null,null
2023-09-13T23:30:03Z,21.86,57.42,98,0,34.93,102.06,15.00,502.00,0,0,0
2023-09-13T23:31:03Z,21.89,57.41,98,0,30.99,102.06,14.00,498.00,null,null,null
2023-09-13T23:32:03Z,21.89,57.40,98,0,31.60,102.06,15.00,502.00,null,null,null
2023-09-13T23:33:03Z,21.91,57.45,98,0,31.30,102.06,15.00,502.00,null,null,null
2023-09-13T23:34:03Z,21.92,57.40,98,0,31.09,102.06,15.00,502.00,null,null,null
2023-09-13T23:35:03Z,21.92,57.46,98,0,32.99,102.06,15.00,502.00,0,0,0
2023-09-13T23:36:03Z,21.96,57.43,98,0,31.59,102.06,17.00,514.00,null,null,null
2023-09-13T23:37:03Z,21.97,57.38,98,0,30.92,102.06,17.00,514.00,null,null,null
2023-09-13T23:38:03Z,21.99,57.40,98,0,23.59,102.06,17.00,514.00,null,null,null
2023-09-13T23:39:03Z,21.97,57.41,98,0,22.66,102.06,17.00,514.00,null,null,null
2023-09-13T23:40:03Z,22.02,57.42,98,0,26.62,102.06,17.00,518.00,0,0,0
2023-09-13T23:41:03Z,22.02,57.39,98,0,22.55,102.06,17.00,518.00,null,null,null
2023-09-13T23:42:03Z,22.05,57.42,98,0,24.61,102.06,18.00,524.00,null,null,null
2023-09-13T23:43:03Z,22.05,57.42,98,0,28.61,102.07,18.00,524.00,null,null,null
2023-09-13T23:44:03Z,22.05,57.42,98,0,21.02,102.06,18.00,524.00,null,null,null
2023-09-13T23:45:03Z,22.05,57.43,98,0,24.54,102.06,18.00,524.00,0,0,0
2023-09-13T23:46:03Z,22.05,57.41,98,0,23.40,102.06,19.00,529.00,null,null,null
2023-09-13T23:47:03Z,22.11,57.41,98,0,31.14,102.06,19.00,529.00,null,null,null
2023-09-13T23:48:03Z,22.09,57.46,98,0,27.06,102.06,20.00,536.00,null,null,null
2023-09-13T23:49:03Z,22.12,57.44,98,0,29.25,102.06,20.00,536.00,null,null,null
2023-09-13T23:50:03Z,22.13,57.45,98,0,33.04,102.06,20.00,536.00,0,0,0
2023-09-13T23:51:03Z,22.15,57.40,98,0,23.45,102.05,20.00,536.00,null,null,null
2023-09-13T23:52:03Z,22.15,57.42,98,0,25.41,102.05,21.00,540.00,null,null,null
2023-09-13T23:53:03Z,22.16,57.44,98,0,22.37,102.05,21.00,540.00,null,null,null
2023-09-13T23:54:03Z,22.15,57.45,98,0,25.35,102.05,21.00,540.00,null,null,null
2023-09-13T23:55:03Z,22.19,57.41,98,0,25.65,102.05,21.00,540.00,0,0,0
2023-09-13T23:56:03Z,22.18,57.45,98,0,26.64,102.05,22.00,546.00,null,null,null
2023-09-13T23:57:03Z,22.20,57.44,98,0,21.85,102.05,22.00,546.00,null,null,null
2023-09-13T23:58:03Z,22.22,57.45,98,0,25.32,102.06,22.00,546.00,null,null,null
2023-09-13T23:59:03Z,22.22,57.44,98,0,25.56,102.05,22.00,546.00,null,null,null
