TIME,TEMP,HUM,BATT,LIGHT,NOISE_A,PRESS,CCS811_VOCS,CCS811_ECO2,PM_1,PM_25,PM_10
ISO 8601,C,%,%,Lux,dBA,kPa,ppb,ppm,ug/m3,ug/m3,ug/m3
Time,Temperature,Humidity,Battery,Light,Noise dBA,Barometric pressure,VOC Gas CCS811,eCO2 Gas CCS811,PM 1.0,PM 2.5,PM 10.0
,55,56,10,14,53,58,113,112,89,87,88
2023-08-06T00:00:26Z,26.31,65.76,99,0,28.28,101.23,0.00,400.00,0,0,0
2023-08-06T00:01:26Z,26.32,65.76,99,0,24.76,101.24,0.00,400.00,null,null,null
2023-08-06T00:02:26Z,26.32,65.73,99,0,30.08,101.24,0.00,400.00,null,null,null
2023-08-06T00:03:26Z,26.31,65.75,99,0,36.20,101.24,0.00,403.00,null,null,null
2023-08-06T00:04:26Z,26.32,65.73,99,0,27.69,101.24,0.00,400.00,null,null,null
2023-08-06T00:05:26Z,26.29,65.71,99,0,35.17,101.24,0.00,403.00,0,0,0
2023-08-06T00:06:26Z,26.29,65.74,99,0,30.24,101.25,1.00,409.00,null,null,null
2023-08-06T00:07:26Z,26.29,65.71,99,0,25.90,101.24,1.00,409.00,null,null,null
2023-08-06T00:08:26Z,26.29,65.75,99,0,37.60,101.24,0.00,402.00,null,null,null
2023-08-06T00:09:26Z,26.29,65.76,99,0,32.28,101.24,0.00,400.00,null,null,null
2023-08-06T00:10:26Z,26.29,65.75,99,0,39.26,101.25,0.00,400.00,0,0,0
2023-08-06T00:11:26Z,26.28,65.81,99,0,37.58,101.24,0.00,406.00,null,null,null
2023-08-06T00:12:26Z,26.32,65.75,99,0,38.80,101.25,0.00,406.00,null,null,null
2023-08-06T00:13:26Z,26.25,65.75,100,0,30.51,101.24,0.00,406.00,null,null,null
2023-08-06T00:14:26Z,26.29,65.75,99,0,37.86,101.25,0.00,405.00,null,null,null
2023-08-06T00:15:26Z,26.28,65.76,99,0,35.75,101.25,0.00,400.00,0,0,0
2023-08-06T00:16:26Z,26.29,65.81,99,0,31.59,101.25,0.00,400.00,null,null,null
2023-08-06T00:17:26Z,26.31,65.77,99,0,37.87,101.25,0.00,400.00,null,null,null
2023-08-06T00:18:26Z,26.28,65.80,99,0,24.54,101.25,0.00,400.00,null,null,null
2023-08-06T00:19:26Z,26.28,65.77,100,0,24.61,101.25,0.00,400.00,null,null,null
2023-08-06T00:20:26Z,26.29,65.82,99,0,28.06,101.25,0.00,400.00,0,0,0
2023-08-06T00:21:26Z,26.28,65.84,99,0,27.20,101.25,0.00,400.00,null,null,null
2023-08-06T00:22:26Z,26.28,65.79,99,0,31.77,101.25,0.00,400.00,null,null,null
2023-08-06T00:23:26Z,26.28,65.83,100,0,57.60,101.25,0.00,400.00,null,null,null
2023-08-06T00:24:26Z,26.27,65.87,99,0,29.07,101.26,0.00,400.00,null,null,null
2023-08-06T00:25:26Z,26.27,65.82,99,0,39.45,101.26,0.00,400.00,0,0,0
2023-08-06T00:26:26Z,26.27,65.90,99,0,27.59,101.26,0.00,400.00,null,null,null
2023-08-06T00:27:26Z,26.27,65.90,99,0,27.22,101.26,0.00,403.00,null,null,null
2023-08-06T00:28:26Z,26.25,65.88,99,0,24.23,101.26,0.00,403.00,null,null,null
2023-08-06T00:29:26Z,26.28,65.91,100,0,76.96,101.27,0.00,403.00,null,null,null
2023-08-06T00:30:26Z,26.25,65.90,99,0,36.75,101.26,0.00,400.00,0,0,0
2023-08-06T00:31:26Z,26.27,66.00,99,0,23.15,101.27,0.00,400.00,null,null,null
2023-08-06T00:32:26Z,26.28,65.91,99,0,24.76,101.27,0.00,400.00,null,null,null
2023-08-06T00:33:26Z,26.25,65.96,99,0,24.72,101.27,0.00,400.00,null,null,null
2023-08-06T00:34:26Z,26.27,65.92,99,0,25.82,101.27,0.00,403.00,null,null,null
2023-08-06T00:35:26Z,26.25,65.95,100,0,25.00,101.27,0.00,400.00,0,0,0
2023-08-06T00:36:26Z,26.27,66.00,99,0,27.40,101.27,0.00,400.00,null,null,null
2023-08-06T00:37:26Z,26.25,65.98,99,0,23.94,101.27,0.00,403.00,null,null,null
2023-08-06T00:38:26Z,26.27,65.99,99,0,22.83,101.28,0.00,403.00,null,null,null
2023-08-06T00:39:26Z,26.25,65.96,99,0,25.59,101.28,0.00,403.00,null,null,null
2023-08-06T00:40:26Z,26.25,65.93,99,0,26.93,101.28,0.00,402.00,0,0,0
2023-08-06T00:41:26Z,26.27,66.06,99,0,24.11,101.28,0.00,402.00,null,null,null
2023-08-06T00:42:26Z,26.28,65.98,99,0,24.83,101.29,0.00,400.00,null,null,null
2023-08-06T00:43:26Z,26.28,66.01,100,0,22.61,101.29,0.00,403.00,null,null,null
2023-08-06T00:44:26Z,26.27,66.03,99,0,23.72,101.29,0.00,403.00,null,null,null
2023-08-06T00:45:26Z,26.25,66.01,99,0,26.48,101.29,0.00,403.00,0,0,0
2023-08-06T00:46:26Z,26.24,66.06,99,0,25.41,101.29,0.00,402.00,null,null,null
2023-08-06T00:47:26Z,26.28,66.00,99,0,22.72,101.29,3.00,425.00,null,null,null
2023-08-06T00:48:26Z,26.27,66.01,99,0,24.93,101.30,0.00,400.00,null,null,null
2023-08-06T00:49:26Z,26.27,66.02,99,0,22.89,101.30,0.00,400.00,null,null,null
2023-08-06T00:50:26Z,26.27,66.00,99,0,26.46,101.31,0.00,400.00,0,0,0
2023-08-06T00:51:26Z,26.25,66.07,99,0,26.41,101.31,0.00,400.00,null,null,null
2023-08-06T00:52:26Z,26.25,66.05,99,0,25.29,101.31,0.00,400.00,null,null,null
2023-08-06T00:53:26Z,26.24,65.98,99,0,25.32,101.31,0.00,400.00,null,null,null
2023-08-06T00:54:26Z,26.24,66.02,99,0,24.58,101.31,2.00,417.00,null,null,null
2023-08-06T00:55:26Z,26.24,66.02,99,0,46.26,101.31,3.00,423.00,0,0,0
2023-08-06T00:56:26Z,26.25,66.07,99,0,25.95,101.31,2.00,417.00,null,null,null
2023-08-06T00:57:26Z,26.25,66.00,99,0,26.73,101.31,0.00,400.00,null,null,null
2023-08-06T00:58:26Z,26.24,66.03,100,0,26.48,101.31,0.00,400.00,null,null,null
2023-08-06T00:59:26Z,26.27,65.97,99,0,24.79,101.31,3.00,421.00,null,null,null
2023-08-06T01:00:26Z,26.23,66.04,99,0,23.20,101.32,0.00,400.00,0,0,0
2023-08-06T01:01:26Z,26.24,66.08,99,0,27.45,101.32,3.00,421.00,null,null,null
2023-08-06T01:02:26Z,26.24,65.98,99,0,23.49,101.31,3.00,421.00,null,null,null
2023-08-06T01:03:26Z,26.24,66.02,99,0,22.83,101.32,3.00,421.00,null,null,null
2023-08-06T01:04:26Z,26.25,66.02,99,0,28.33,101.32,3.00,420.00,null,null,null
2023-08-06T01:05:26Z,26.23,66.05,99,0,34.88,101.32,0.00,400.00,0,0,0
2023-08-06T01:06:26Z,26.25,66.08,99,0,34.67,101.31,5.00,433.00,null,null,null
2023-08-06T01:07:26Z,26.25,66.01,99,0,34.18,101.32,1.00,410.00,null,null,null
2023-08-06T01:08:26Z,26.24,66.02,99,0,29.57,101.32,2.00,415.00,null,null,null
2023-08-06T01:09:26Z,26.21,66.04,99,0,27.99,101.32,5.00,433.00,null,null,null
2023-08-06T01:10:26Z,26.21,66.00,99,0,25.19,101.32,4.00,432.00,0,0,0
2023-08-06T01:11:26Z,26.23,66.08,99,0,26.87,101.32,4.00,432.00,null,null,null
2023-08-06T01:12:26Z,26.23,66.07,99,0,28.70,101.32,4.00,427.00,null,null,null
2023-08-06T01:13:26Z,26.23,65.98,99,0,26.60,101.32,3.00,423.00,null,null,null
2023-08-06T01:14:26Z,26.23,65.98,100,0,25.41,101.32,3.00,423.00,null,null,null
2023-08-06T01:15:26Z,26.23,66.04,99,0,24.50,101.33,3.00,422.00,0,0,0
2023-08-06T01:16:26Z,26.23,66.06,99,0,30.74,101.32,3.00,426.00,null,null,null
2023-08-06T01:17:26Z,26.23,66.05,99,0,28.07,101.33,3.00,424.00,null,null,null
2023-08-06T01:18:26Z,26.21,66.10,99,0,29.58,101.33,3.00,424.00,null,null,null
2023-08-06T01:19:26Z,26.23,66.08,99,0,28.76,101.34,5.00,435.00,null,null,null
2023-08-06T01:20:26Z,26.21,66.04,99,0,29.20,101.35,6.00,441.00,0,0,0
2023-08-06T01:21:26Z,26.21,66.10,99,0,30.76,101.35,5.00,435.00,null,null,null
2023-08-06T01:22:26Z,26.20,66.11,99,0,28.20,101.35,6.00,441.00,null,null,null
2023-08-06T01:23:26Z,26.21,66.09,99,0,49.72,101.35,5.00,438.00,null,null,null
2023-08-06T01:24:26Z,26.21,66.10,99,0,31.16,101.36,5.00,436.00,null,null,null
2023-08-06T01:25:26Z,26.18,66.13,99,0,29.83,101.35,5.00,436.00,0,0,0
2023-08-06T01:26:26Z,26.23,66.19,99,0,29.42,101.35,5.00,434.00,null,null,null
2023-08-06T01:27:26Z,26.20,66.17,99,0,31.45,101.35,5.00,438.00,null,null,null
2023-08-06T01:28:26Z,26.20,66.17,100,0,28.23,101.36,5.00,436.00,null,null,null
2023-08-06T01:29:26Z,26.20,66.15,99,0,29.22,101.36,5.00,436.00,null,null,null
2023-08-06T01:30:26Z,26.20,66.17,99,0,30.97,101.36,5.00,435.00,0,0,0
2023-08-06T01:31:26Z,26.17,66.19,99,0,45.96,101.36,4.00,432.00,null,null,null
2023-08-06T01:32:26Z,26.21,66.18,99,0,29.41,101.35,3.00,424.00,null,null,null
2023-08-06T01:33:26Z,26.20,66.19,99,0,28.52,101.36,5.00,433.00,null,null,null
2023-08-06T01:34:26Z,26.18,66.15,99,0,29.01,101.36,5.00,433.00,null,null,null
2023-08-06T01:35:26Z,26.15,66.18,99,0,31.80,101.36,3.00,426.00,0,0,0
2023-08-06T01:36:26Z,26.17,66.13,99,0,32.28,101.36,3.00,426.00,null,null,null
2023-08-06T01:37:26Z,26.18,66.13,99,0,29.86,101.36,3.00,424.00,null,null,null
2023-08-06T01:38:26Z,26.20,66.14,100,0,30.81,101.36,3.00,424.00,null,null,null
2023-08-06T01:39:26Z,26.20,66.15,99,0,29.18,101.36,3.00,424.00,null,null,null
2023-08-06T01:40:26Z,26.18,66.12,99,0,27.22,101.36,3.00,420.00,0,0,0
2023-08-06T01:41:26Z,26.17,66.18,99,0,30.85,101.37,2.00,418.00,null,null,null
2023-08-06T01:42:26Z,26.17,66.12,99,0,29.55,101.37,2.00,416.00,null,null,null
2023-08-06T01:43:26Z,26.20,66.14,99,0,52.09,101.38,2.00,416.00,null,null,null
2023-08-06T01:44:26Z,26.17,66.17,99,0,32.39,101.38,3.00,420.00,null,null,null
2023-08-06T01:45:26Z,26.15,66.17,99,0,29.16,101.38,3.00,420.00,0,0,0
2023-08-06T01:46:26Z,26.18,66.15,99,0,32.36,101.38,1.00,407.00,null,null,null
2023-08-06T01:47:26Z,26.17,66.14,100,0,28.70,101.38,1.00,413.00,null,null,null
2023-08-06T01:48:26Z,26.18,66.10,100,0,29.77,101.38,1.00,411.00,null,null,null
2023-08-06T01:49:26Z,26.18,66.11,99,0,28.76,101.38,0.00,405.00,null,null,null
2023-08-06T01:50:26Z,26.15,66.14,100,0,22.89,101.38,0.00,405.00,0,0,0
2023-08-06T01:51:26Z,26.18,66.11,99,0,26.03,101.39,0.00,400.00,null,null,null
2023-08-06T01:52:26Z,26.18,66.06,99,0,24.35,101.39,0.00,400.00,null,null,null
2023-08-06T01:53:26Z,26.18,66.08,99,0,24.83,101.39,0.00,400.00,null,null,null
2023-08-06T01:54:26Z,26.18,66.06,99,0,22.89,101.38,0.00,400.00,null,null,null
2023-08-06T01:55:26Z,26.15,66.04,99,0,26.73,101.38,0.00,400.00,0,0,0
2023-08-06T01:56:26Z,26.21,66.07,99,0,29.98,101.38,0.00,400.00,null,null,null
2023-08-06T01:57:26Z,26.20,66.01,100,0,25.22,101.39,0.00,400.00,null,null,null
2023-08-06T01:58:26Z,26.17,66.05,100,0,25.13,101.38,0.00,400.00,null,null,null
2023-08-06T01:59:26Z,26.17,66.04,99,0,42.38,101.39,0.00,400.00,null,null,null
2023-08-06T02:00:26Z,26.18,66.08,99,0,25.59,101.39,0.00,400.00,0,0,0
2023-08-06T02:01:26Z,26.17,66.06,99,0,48.81,101.39,0.00,400.00,null,null,null
2023-08-06T02:02:26Z,26.17,66.04,99,0,23.94,101.39,0.00,400.00,null,null,null
2023-08-06T02:03:26Z,26.18,66.04,99,0,23.40,101.39,0.00,400.00,null,null,null
2023-08-06T02:04:26Z,26.17,66.03,99,0,23.54,101.39,0.00,400.00,null,null,null
2023-08-06T02:05:26Z,26.15,66.00,99,0,27.59,101.39,0.00,400.00,0,0,0
2023-08-06T02:06:26Z,26.20,66.01,99,0,23.54,101.39,0.00,400.00,null,null,null
2023-08-06T02:07:26Z,26.18,65.97,99,0,27.66,101.39,0.00,400.00,null,null,null
2023-08-06T02:08:26Z,26.17,65.98,99,0,23.25,101.39,0.00,400.00,null,null,null
2023-08-06T02:09:26Z,26.14,66.02,99,0,44.24,101.40,0.00,400.00,null,null,null
2023-08-06T02:10:26Z,26.15,65.98,99,0,23.94,101.39,0.00,400.00,0,0,0
2023-08-06T02:11:26Z,26.15,65.98,99,0,36.33,101.39,0.00,400.00,null,null,null
2023-08-06T02:12:26Z,26.15,65.96,99,0,30.07,101.40,0.00,400.00,null,null,null
2023-08-06T02:13:26Z,26.17,65.98,99,0,35.18,101.40,0.00,400.00,null,null,null
2023-08-06T02:14:26Z,26.15,65.98,99,0,42.48,101.40,0.00,400.00,null,null,null
2023-08-06T02:15:26Z,26.14,66.00,99,0,24.68,101.40,0.00,400.00,0,0,0
2023-08-06T02:16:26Z,26.14,65.94,99,0,27.38,101.40,0.00,400.00,null,null,null
2023-08-06T02:17:26Z,26.14,65.98,99,0,25.32,101.40,0.00,400.00,null,null,null
2023-08-06T02:18:26Z,26.15,65.94,99,0,45.38,101.40,0.00,400.00,null,null,null
2023-08-06T02:19:26Z,26.17,65.97,99,0,34.11,101.40,0.00,400.00,null,null,null
2023-08-06T02:20:26Z,26.15,65.94,99,0,54.20,101.40,0.00,400.00,0,0,0
2023-08-06T02:21:26Z,26.14,65.95,99,0,38.27,101.40,0.00,400.00,null,null,null
2023-08-06T02:22:26Z,26.15,65.95,99,0,44.24,101.40,0.00,400.00,null,null,null
2023-08-06T02:23:26Z,26.14,65.92,99,0,47.30,101.40,0.00,400.00,null,null,null
2023-08-06T02:24:26Z,26.17,65.94,99,0,26.36,101.40,0.00,400.00,null,null,null
2023-08-06T02:25:26Z,26.14,65.92,99,0,24.11,101.41,0.00,405.00,0,0,0
2023-08-06T02:26:26Z,26.14,65.92,99,0,25.00,101.40,0.00,405.00,null,null,null
2023-08-06T02:27:26Z,26.14,65.90,99,0,25.62,101.40,0.00,400.00,null,null,null
2023-08-06T02:28:26Z,26.14,65.90,99,0,24.61,101.40,0.00,405.00,null,null,null
2023-08-06T02:29:26Z,26.14,65.92,99,0,25.79,101.41,0.00,400.00,null,null,null
2023-08-06T02:30:26Z,26.12,65.89,99,0,24.76,101.41,0.00,400.00,0,0,0
2023-08-06T02:31:26Z,26.14,65.91,100,0,24.86,101.42,0.00,400.00,null,null,null
2023-08-06T02:32:26Z,26.14,65.90,99,0,32.24,101.42,0.00,400.00,null,null,null
2023-08-06T02:33:26Z,26.14,65.91,100,0,23.40,101.41,0.00,400.00,null,null,null
2023-08-06T02:34:26Z,26.14,65.88,99,0,23.72,101.42,0.00,400.00,null,null,null
2023-08-06T02:35:26Z,26.11,65.92,99,0,24.58,101.42,0.00,400.00,0,0,0
2023-08-06T02:36:26Z,26.12,65.90,99,0,28.51,101.42,0.00,400.00,null,null,null
2023-08-06T02:37:26Z,26.12,65.87,99,0,22.94,101.42,0.00,400.00,null,null,null
2023-08-06T02:38:26Z,26.11,65.89,99,0,25.67,101.42,0.00,405.00,null,null,null
2023-08-06T02:39:26Z,26.12,65.85,99,0,26.00,101.42,0.00,400.00,null,null,null
2023-08-06T02:40:26Z,26.12,65.89,99,0,24.11,101.42,0.00,405.00,0,0,0
2023-08-06T02:41:26Z,26.14,65.86,99,0,24.68,101.42,0.00,400.00,null,null,null
2023-08-06T02:42:26Z,26.12,65.86,99,0,24.54,101.42,0.00,400.00,null,null,null
2023-08-06T02:43:26Z,26.11,65.84,99,0,48.71,101.42,0.00,400.00,null,null,null
2023-08-06T02:44:26Z,26.11,65.86,99,0,34.13,101.42,0.00,400.00,null,null,null
2023-08-06T02:45:26Z,26.11,65.87,99,0,38.88,101.42,0.00,400.00,0,0,0
2023-08-06T02:46:26Z,26.09,65.85,99,0,24.61,101.43,0.00,405.00,null,null,null
2023-08-06T02:47:26Z,26.11,65.86,99,0,26.84,101.43,0.00,405.00,null,null,null
2023-08-06T02:48:26Z,26.11,65.86,99,0,50.39,101.42,0.00,400.00,null,null,null
2023-08-06T02:49:26Z,26.07,65.87,99,0,24.72,101.42,0.00,400.00,null,null,null
2023-08-06T02:50:26Z,26.08,65.85,99,0,25.41,101.43,0.00,400.00,0,0,0
2023-08-06T02:51:26Z,26.09,65.86,99,0,23.45,101.42,0.00,400.00,null,null,null
2023-08-06T02:52:26Z,26.09,65.85,99,0,41.66,101.43,0.00,400.00,null,null,null
2023-08-06T02:53:26Z,26.09,65.86,100,0,23.54,101.41,0.00,400.00,null,null,null
2023-08-06T02:54:26Z,26.11,65.84,99,0,32.28,101.42,0.00,400.00,null,null,null
2023-08-06T02:55:26Z,26.05,65.84,99,0,27.87,101.42,0.00,400.00,0,0,0
2023-08-06T02:56:26Z,26.08,65.85,99,0,26.48,101.41,0.00,400.00,null,null,null
2023-08-06T02:57:26Z,26.11,65.80,99,0,40.16,101.42,0.00,400.00,null,null,null
2023-08-06T02:58:26Z,26.09,65.81,99,0,28.83,101.42,0.00,400.00,null,null,null
2023-08-06T02:59:26Z,26.05,65.80,99,0,35.94,101.42,0.00,400.00,null,null,null
2023-08-06T03:00:26Z,26.09,65.80,99,0,22.12,101.42,0.00,400.00,0,0,0
2023-08-06T03:01:26Z,26.09,65.79,99,0,52.21,101.42,0.00,400.00,null,null,null
2023-08-06T03:02:26Z,26.09,65.77,99,0,27.71,101.43,0.00,400.00,null,null,null
2023-08-06T03:03:26Z,26.11,65.77,99,0,28.85,101.42,0.00,400.00,null,null,null
2023-08-06T03:04:26Z,26.04,65.81,99,0,29.15,101.43,0.00,400.00,null,null,null
2023-08-06T03:05:26Z,26.07,65.78,99,0,24.07,101.43,0.00,400.00,0,0,0
2023-08-06T03:06:26Z,26.07,65.79,99,0,49.07,101.43,0.00,400.00,null,null,null
2023-08-06T03:07:26Z,26.07,65.81,99,0,48.62,101.43,0.00,400.00,null,null,null
2023-08-06T03:08:26Z,26.07,65.78,99,0,31.88,101.43,0.00,406.00,null,null,null
2023-08-06T03:09:26Z,26.07,65.74,99,0,26.11,101.43,0.00,406.00,null,null,null
2023-08-06T03:10:26Z,26.05,65.78,100,0,28.20,101.43,0.00,403.00,0,0,0
2023-08-06T03:11:26Z,26.05,65.77,99,0,48.09,101.43,0.00,400.00,null,null,null
2023-08-06T03:12:26Z,26.07,65.78,99,0,48.18,101.43,0.00,400.00,null,null,null
2023-08-06T03:13:26Z,26.08,65.74,100,0,23.54,101.43,0.00,400.00,null,null,null
2023-08-06T03:14:26Z,26.02,65.74,99,0,49.32,101.43,0.00,400.00,null,null,null
2023-08-06T03:15:26Z,26.02,65.78,99,0,42.94,101.43,0.00,405.00,0,0,0
2023-08-06T03:16:26Z,26.05,65.75,99,0,45.95,101.43,0.00,401.00,null,null,null
2023-08-06T03:17:26Z,26.04,65.78,99,0,23.90,101.43,0.00,401.00,null,null,null
2023-08-06T03:18:26Z,26.05,65.73,99,0,24.86,101.43,0.00,400.00,null,null,null
2023-08-06T03:19:26Z,26.02,65.74,99,0,53.22,101.43,0.00,403.00,null,null,null
2023-08-06T03:20:26Z,26.02,65.74,100,0,28.23,101.44,0.00,403.00,0,0,0
2023-08-06T03:21:26Z,26.05,65.70,99,0,43.06,101.43,0.00,403.00,null,null,null
2023-08-06T03:22:26Z,26.04,65.73,99,0,24.15,101.43,0.00,402.00,null,null,null
2023-08-06T03:23:26Z,26.00,65.74,99,0,29.67,101.43,0.00,402.00,null,null,null
2023-08-06T03:24:26Z,26.01,65.74,99,0,28.76,101.43,0.00,400.00,null,null,null
2023-08-06T03:25:26Z,26.01,65.70,99,0,66.88,101.43,0.00,400.00,0,0,0
2023-08-06T03:26:26Z,26.01,65.74,99,0,33.69,101.43,0.00,400.00,null,null,null
2023-08-06T03:27:26Z,26.02,65.67,99,0,54.55,101.44,0.00,400.00,null,null,null
2023-08-06T03:28:26Z,26.00,65.67,99,0,28.22,101.43,0.00,400.00,null,null,null
2023-08-06T03:29:26Z,26.02,65.70,99,0,30.12,101.44,0.00,400.00,null,null,null
2023-08-06T03:30:26Z,26.00,65.69,99,0,29.90,101.43,0.00,400.00,0,0,0
2023-08-06T03:31:26Z,26.02,65.70,99,0,25.50,101.43,0.00,400.00,null,null,null
2023-08-06T03:32:26Z,26.01,65.69,100,0,22.99,101.44,0.00,400.00,null,null,null
2023-08-06T03:33:26Z,26.00,65.68,99,0,41.21,101.44,0.00,405.00,null,null,null
2023-08-06T03:34:26Z,26.00,65.69,99,0,54.85,101.44,0.00,400.00,null,null,null
2023-08-06T03:35:26Z,26.01,65.69,100,0,21.78,101.44,0.00,405.00,0,0,0
2023-08-06T03:36:26Z,26.01,65.64,99,0,22.89,101.44,0.00,400.00,null,null,null
2023-08-06T03:37:26Z,25.97,65.68,99,0,29.07,101.44,0.00,400.00,null,null,null
2023-08-06T03:38:26Z,25.97,65.66,99,0,27.84,101.45,0.00,400.00,null,null,null
2023-08-06T03:39:26Z,25.98,65.62,99,0,24.68,101.44,0.00,400.00,null,null,null
2023-08-06T03:40:26Z,25.94,65.66,99,0,29.07,101.44,0.00,406.00,0,0,0
2023-08-06T03:41:26Z,26.00,65.66,99,0,28.19,101.44,0.00,400.00,null,null,null
2023-08-06T03:42:26Z,26.00,65.64,99,0,22.24,101.44,0.00,400.00,null,null,null
2023-08-06T03:43:26Z,25.97,65.63,99,0,30.07,101.44,0.00,406.00,null,null,null
2023-08-06T03:44:26Z,25.96,65.62,100,0,25.79,101.44,0.00,400.00,null,null,null
2023-08-06T03:45:26Z,25.96,65.60,100,0,21.49,101.44,0.00,400.00,0,0,0
2023-08-06T03:46:26Z,25.97,65.65,99,0,26.03,101.44,0.00,405.00,null,null,null
2023-08-06T03:47:26Z,25.97,65.65,99,0,24.07,101.44,0.00,405.00,null,null,null
2023-08-06T03:48:26Z,25.96,65.61,99,0,27.12,101.44,0.00,405.00,null,null,null
2023-08-06T03:49:26Z,25.97,65.61,99,0,22.12,101.45,0.00,403.00,null,null,null
2023-08-06T03:50:26Z,25.96,65.65,99,0,48.53,101.44,0.00,403.00,0,0,0
2023-08-06T03:51:26Z,25.96,65.63,100,0,24.19,101.45,0.00,400.00,null,null,null
2023-08-06T03:52:26Z,25.96,65.60,99,0,24.83,101.45,0.00,405.00,null,null,null
2023-08-06T03:53:26Z,25.94,65.64,99,0,23.05,101.45,0.00,400.00,null,null,null
2023-08-06T03:54:26Z,25.94,65.60,99,0,24.03,101.45,0.00,400.00,null,null,null
2023-08-06T03:55:26Z,25.93,65.61,99,0,26.29,101.45,0.00,400.00,0,0,0
2023-08-06T03:56:26Z,25.94,65.59,99,0,24.11,101.45,0.00,400.00,null,null,null
2023-08-06T03:57:26Z,25.94,65.62,99,0,34.96,101.45,0.00,400.00,null,null,null
2023-08-06T03:58:26Z,25.94,65.59,99,0,25.82,101.44,0.00,400.00,null,null,null
2023-08-06T03:59:26Z,25.93,65.56,99,0,45.73,101.45,0.00,400.00,null,null,null
2023-08-06T04:00:26Z,25.93,65.57,99,0,26.67,101.45,0.00,400.00,0,0,0
2023-08-06T04:01:26Z,25.91,65.58,99,0,31.67,101.45,0.00,400.00,null,null,null
2023-08-06T04:02:26Z,25.91,65.59,99,0,24.46,101.45,0.00,400.00,null,null,null
2023-08-06T04:03:26Z,25.94,65.56,100,0,30.66,101.45,0.00,400.00,null,null,null
2023-08-06T04:04:26Z,25.91,65.63,99,0,26.43,101.45,0.00,400.00,null,null,null
2023-08-06T04:05:26Z,25.93,65.60,99,0,27.69,101.45,0.00,400.00,0,0,0
2023-08-06T04:06:26Z,25.91,65.54,99,0,27.30,101.45,0.00,400.00,null,null,null
2023-08-06T04:07:26Z,25.90,65.57,99,0,24.65,101.46,0.00,400.00,null,null,null
2023-08-06T04:08:26Z,25.91,65.55,99,0,36.07,101.46,0.00,400.00,null,null,null
2023-08-06T04:09:26Z,25.88,65.57,100,0,27.78,101.46,0.00,400.00,null,null,null
2023-08-06T04:10:26Z,25.90,65.55,99,0,26.67,101.46,0.00,400.00,0,0,0
2023-08-06T04:11:26Z,25.93,65.56,99,0,23.20,101.46,0.00,400.00,null,null,null
2023-08-06T04:12:26Z,25.90,65.54,99,0,32.73,101.46,0.00,405.00,null,null,null
2023-08-06T04:13:26Z,25.90,65.55,99,0,36.18,101.46,0.00,400.00,null,null,null
2023-08-06T04:14:26Z,25.90,65.52,100,0,47.34,101.46,0.00,400.00,null,null,null
2023-08-06T04:15:26Z,25.88,65.57,99,0,26.34,101.46,0.00,400.00,0,0,0
2023-08-06T04:16:26Z,25.88,65.60,100,0,32.55,101.46,0.00,400.00,null,null,null
2023-08-06T04:17:26Z,25.88,65.51,99,0,25.98,101.46,0.00,406.00,null,null,null
2023-08-06T04:18:26Z,25.88,65.53,99,0,29.67,101.46,0.00,406.00,null,null,null
2023-08-06T04:19:26Z,25.87,65.57,99,0,25.09,101.46,0.00,406.00,null,null,null
2023-08-06T04:20:26Z,25.86,65.53,99,0,23.72,101.46,0.00,405.00,0,0,0
2023-08-06T04:21:26Z,25.86,65.55,99,0,28.51,101.46,0.00,400.00,null,null,null
2023-08-06T04:22:26Z,25.87,65.49,99,0,25.13,101.47,0.00,400.00,null,null,null
2023-08-06T04:23:26Z,25.88,65.52,100,0,35.51,101.46,0.00,400.00,null,null,null
2023-08-06T04:24:26Z,25.83,65.53,99,0,34.20,101.47,0.00,406.00,null,null,null
2023-08-06T04:25:26Z,25.88,65.51,99,0,34.31,101.47,0.00,400.00,0,0,0
2023-08-06T04:26:26Z,25.87,65.51,99,0,35.82,101.47,0.00,400.00,null,null,null
2023-08-06T04:27:26Z,25.86,65.49,100,0,28.89,101.47,0.00,400.00,null,null,null
2023-08-06T04:28:26Z,25.86,65.49,99,0,31.10,101.47,0.00,400.00,null,null,null
2023-08-06T04:29:26Z,25.83,65.50,99,0,24.27,101.47,0.00,400.00,null,null,null
2023-08-06T04:30:26Z,25.86,65.48,99,0,24.43,101.47,0.00,400.00,0,0,0
2023-08-06T04:31:26Z,25.84,65.47,99,0,25.73,101.47,0.00,400.00,null,null,null
2023-08-06T04:32:26Z,25.87,65.52,99,0,26.89,101.48,0.00,400.00,null,null,null
2023-08-06T04:33:26Z,25.84,65.46,99,0,25.84,101.48,0.00,400.00,null,null,null
2023-08-06T04:34:26Z,25.83,65.48,99,0,23.35,101.48,0.00,400.00,null,null,null
2023-08-06T04:35:26Z,25.83,65.46,99,0,30.23,101.48,0.00,400.00,0,0,0
2023-08-06T04:36:26Z,25.83,65.37,99,0,28.01,101.48,0.00,400.00,null,null,null
2023-08-06T04:37:26Z,25.83,65.39,99,0,26.26,101.48,0.00,402.00,null,null,null
2023-08-06T04:38:26Z,25.84,65.41,99,0,25.50,101.48,0.00,400.00,null,null,null
2023-08-06T04:39:26Z,25.83,65.46,100,0,28.36,101.48,0.00,400.00,null,null,null
2023-08-06T04:40:26Z,25.83,65.47,99,0,27.57,101.48,0.00,402.00,0,0,0
2023-08-06T04:41:26Z,25.81,65.48,99,0,26.26,101.48,0.00,402.00,null,null,null
2023-08-06T04:42:26Z,25.83,65.45,99,0,50.57,101.48,0.00,400.00,null,null,null
2023-08-06T04:43:26Z,25.83,65.46,99,0,25.13,101.48,0.00,400.00,null,null,null
2023-08-06T04:44:26Z,25.83,65.43,99,0,29.96,101.49,0.00,402.00,null,null,null
2023-08-06T04:45:26Z,25.81,65.45,99,0,28.99,101.48,0.00,400.00,0,0,0
2023-08-06T04:46:26Z,25.81,65.46,99,0,25.65,101.49,0.00,400.00,null,null,null
2023-08-06T04:47:26Z,25.80,65.48,99,0,25.13,101.49,0.00,402.00,null,null,null
2023-08-06T04:48:26Z,25.83,65.45,99,0,42.44,101.49,0.00,400.00,null,null,null
2023-08-06T04:49:26Z,25.81,65.50,99,0,25.87,101.50,0.00,400.00,null,null,null
2023-08-06T04:50:26Z,25.78,65.47,99,0,35.35,101.49,0.00,400.00,0,0,0
2023-08-06T04:51:26Z,25.81,65.44,99,0,49.89,101.49,0.00,400.00,null,null,null
2023-08-06T04:52:26Z,25.80,65.42,99,0,21.64,101.49,0.00,400.00,null,null,null
2023-08-06T04:53:26Z,25.81,65.44,99,0,24.76,101.50,0.00,400.00,null,null,null
2023-08-06T04:54:26Z,25.78,65.43,99,0,23.45,101.50,0.00,400.00,null,null,null
2023-08-06T04:55:26Z,25.78,65.40,99,0,28.74,101.50,0.00,400.00,0,0,0
2023-08-06T04:56:26Z,25.80,65.40,99,0,25.47,101.50,0.00,400.00,null,null,null
2023-08-06T04:57:26Z,25.78,65.42,99,0,25.98,101.50,0.00,400.00,null,null,null
2023-08-06T04:58:26Z,25.80,65.42,99,0,32.82,101.50,0.00,400.00,null,null,null
2023-08-06T04:59:26Z,25.80,65.41,99,0,26.69,101.50,0.00,400.00,null,null,null
2023-08-06T05:00:26Z,25.77,65.42,99,0,27.06,101.50,0.00,400.00,0,0,0
2023-08-06T05:01:26Z,25.80,65.38,99,0,36.86,101.50,0.00,400.00,null,null,null
2023-08-06T05:02:26Z,25.78,65.43,99,0,44.35,101.50,0.00,400.00,null,null,null
2023-08-06T05:03:26Z,25.78,65.38,99,0,43.44,101.51,0.00,400.00,null,null,null
2023-08-06T05:04:26Z,25.78,65.38,99,0,31.74,101.51,0.00,400.00,null,null,null
2023-08-06T05:05:26Z,25.77,65.41,99,0,30.97,101.51,0.00,400.00,0,0,0
2023-08-06T05:06:26Z,25.74,65.38,99,0,33.32,101.51,0.00,400.00,null,null,null
2023-08-06T05:07:26Z,25.77,65.33,99,0,53.82,101.51,6.00,443.00,null,null,null
2023-08-06T05:08:26Z,25.77,65.36,99,0,36.74,101.51,0.00,400.00,null,null,null
2023-08-06T05:09:26Z,25.74,65.39,99,0,33.85,101.51,0.00,400.00,null,null,null
2023-08-06T05:10:26Z,25.76,65.35,99,0,26.34,101.52,6.00,443.00,0,0,0
2023-08-06T05:11:26Z,25.76,65.34,99,0,34.81,101.52,0.00,400.00,null,null,null
2023-08-06T05:12:26Z,25.76,65.35,99,0,46.83,101.52,0.00,400.00,null,null,null
2023-08-06T05:13:26Z,25.77,65.38,99,0,27.38,101.52,0.00,400.00,null,null,null
2023-08-06T05:14:26Z,25.77,65.36,99,0,31.24,101.52,0.00,400.00,null,null,null
2023-08-06T05:15:26Z,25.78,65.41,99,0,27.14,101.52,0.00,400.00,0,0,0
2023-08-06T05:16:26Z,25.77,65.30,99,0,22.94,101.52,0.00,400.00,null,null,null
2023-08-06T05:17:26Z,25.74,65.35,99,0,27.94,101.52,0.00,400.00,null,null,null
2023-08-06T05:18:26Z,25.74,65.31,99,0,32.47,101.52,5.00,438.00,null,null,null
2023-08-06T05:19:26Z,25.74,65.36,99,0,26.93,101.53,5.00,438.00,null,null,null
2023-08-06T05:20:26Z,25.73,65.32,99,0,27.44,101.52,5.00,438.00,0,0,0
2023-08-06T05:21:26Z,25.72,65.34,99,0,24.50,101.53,5.00,435.00,null,null,null
2023-08-06T05:22:26Z,25.74,65.32,99,0,26.89,101.53,5.00,436.00,null,null,null
2023-08-06T05:23:26Z,25.76,65.31,99,0,29.74,101.53,5.00,436.00,null,null,null
2023-08-06T05:24:26Z,25.73,65.30,99,0,26.46,101.53,0.00,400.00,null,null,null
2023-08-06T05:25:26Z,25.72,65.30,99,0,28.14,101.53,5.00,435.00,0,0,0
2023-08-06T05:26:26Z,25.74,65.28,99,0,34.12,101.53,5.00,438.00,null,null,null
2023-08-06T05:27:26Z,25.74,65.25,99,0,25.22,101.53,5.00,438.00,null,null,null
2023-08-06T05:28:26Z,25.73,65.31,99,0,25.70,101.52,5.00,435.00,null,null,null
2023-08-06T05:29:26Z,25.72,65.25,99,0,29.07,101.53,5.00,434.00,null,null,null
2023-08-06T05:30:26Z,25.73,65.30,99,0,24.23,101.53,5.00,434.00,0,0,0
2023-08-06T05:31:26Z,25.73,65.27,99,0,39.36,101.53,3.00,425.00,null,null,null
2023-08-06T05:32:26Z,25.73,65.25,99,0,30.93,101.54,4.00,432.00,null,null,null
2023-08-06T05:33:26Z,25.72,65.25,99,0,32.42,101.53,3.00,425.00,null,null,null
2023-08-06T05:34:26Z,25.73,65.25,99,0,27.02,101.53,3.00,421.00,null,null,null
2023-08-06T05:35:26Z,25.72,65.24,99,0,45.30,101.53,3.00,420.00,0,0,0
2023-08-06T05:36:26Z,25.69,65.16,99,0,28.31,101.53,3.00,423.00,null,null,null
2023-08-06T05:37:26Z,25.72,65.15,99,0,28.25,101.53,3.00,421.00,null,null,null
2023-08-06T05:38:26Z,25.69,65.16,99,0,28.96,101.54,2.00,417.00,null,null,null
2023-08-06T05:39:26Z,25.73,65.16,99,0,30.36,101.54,2.00,416.00,null,null,null
2023-08-06T05:40:26Z,25.69,65.16,99,0,25.06,101.54,2.00,416.00,0,0,0
2023-08-06T05:41:26Z,25.70,65.07,99,0,25.09,101.54,2.00,416.00,null,null,null
2023-08-06T05:42:26Z,25.70,65.09,99,0,48.88,101.55,1.00,410.00,null,null,null
2023-08-06T05:43:26Z,25.67,65.07,99,0,46.82,101.54,1.00,408.00,null,null,null
2023-08-06T05:44:26Z,25.69,65.06,99,0,39.24,101.54,0.00,405.00,null,null,null
2023-08-06T05:45:26Z,25.66,65.00,99,0,25.59,101.54,1.00,407.00,0,0,0
2023-08-06T05:46:26Z,25.69,64.95,99,0,38.32,101.55,0.00,400.00,null,null,null
2023-08-06T05:47:26Z,25.70,64.97,99,0,22.99,101.55,0.00,405.00,null,null,null
2023-08-06T05:48:26Z,25.69,64.96,99,0,23.86,101.54,0.00,405.00,null,null,null
2023-08-06T05:49:26Z,25.69,64.97,99,0,29.76,101.55,0.00,405.00,null,null,null
2023-08-06T05:50:26Z,25.66,64.95,99,0,32.28,101.55,0.00,405.00,0,0,0
2023-08-06T05:51:26Z,25.64,64.88,99,0,27.62,101.55,0.00,400.00,null,null,null
2023-08-06T05:52:26Z,25.66,64.91,99,0,26.00,101.55,0.00,400.00,null,null,null
2023-08-06T05:53:26Z,25.64,64.88,99,0,30.44,101.55,0.00,400.00,null,null,null
2023-08-06T05:54:26Z,25.67,64.89,99,0,53.31,101.55,0.00,400.00,null,null,null
2023-08-06T05:55:26Z,25.67,64.90,99,0,26.43,101.55,0.00,400.00,0,0,0
2023-08-06T05:56:26Z,25.63,64.81,99,0,26.76,101.55,0.00,400.00,null,null,null
2023-08-06T05:57:26Z,25.64,64.87,99,0,23.54,101.55,0.00,400.00,null,null,null
2023-08-06T05:58:26Z,25.63,64.83,100,0,33.54,101.55,0.00,400.00,null,null,null
2023-08-06T05:59:26Z,25.64,64.84,99,0,32.94,101.55,0.00,400.00,null,null,null
2023-08-06T06:00:26Z,25.63,64.88,99,0,50.67,101.55,0.00,400.00,0,0,0
2023-08-06T06:01:26Z,25.64,64.75,99,0,28.17,101.55,0.00,400.00,null,null,null
2023-08-06T06:02:26Z,25.63,64.76,99,0,27.36,101.56,0.00,400.00,null,null,null
2023-08-06T06:03:26Z,25.63,64.75,99,0,26.41,101.55,0.00,400.00,null,null,null
2023-08-06T06:04:26Z,25.62,64.78,99,0,29.83,101.55,0.00,400.00,null,null,null
2023-08-06T06:05:26Z,25.58,64.76,99,0,28.96,101.55,0.00,400.00,0,0,0
2023-08-06T06:06:26Z,25.63,64.66,99,0,22.43,101.55,0.00,400.00,null,null,null
2023-08-06T06:07:26Z,25.60,64.72,99,0,46.34,101.56,0.00,405.00,null,null,null
2023-08-06T06:08:26Z,25.60,64.73,99,0,26.48,101.56,1.00,408.00,null,null,null
2023-08-06T06:09:26Z,25.58,64.72,99,0,34.36,101.56,0.00,405.00,null,null,null
2023-08-06T06:10:26Z,25.62,64.72,99,0,49.54,101.57,0.00,405.00,0,0,0
2023-08-06T06:11:26Z,25.60,64.61,99,0,34.01,101.56,0.00,406.00,null,null,null
2023-08-06T06:12:26Z,25.62,64.72,99,0,22.72,101.57,0.00,406.00,null,null,null
2023-08-06T06:13:26Z,25.58,64.71,100,0,37.13,101.57,0.00,406.00,null,null,null
2023-08-06T06:14:26Z,25.58,64.72,99,0,27.96,101.57,0.00,400.00,null,null,null
2023-08-06T06:15:26Z,25.57,64.69,99,0,22.94,101.57,0.00,406.00,0,0,0
2023-08-06T06:16:26Z,25.58,64.61,99,0,56.46,101.57,0.00,406.00,null,null,null
2023-08-06T06:17:26Z,25.57,64.66,99,0,27.36,101.57,0.00,400.00,null,null,null
2023-08-06T06:18:26Z,25.58,64.64,99,0,32.51,101.56,0.00,406.00,null,null,null
2023-08-06T06:19:26Z,25.56,64.65,99,0,28.02,101.57,0.00,406.00,null,null,null
2023-08-06T06:20:26Z,25.56,64.63,99,0,56.14,101.57,0.00,400.00,0,0,0
2023-08-06T06:21:26Z,25.57,64.56,99,0,57.69,101.56,0.00,400.00,null,null,null
2023-08-06T06:22:26Z,25.57,64.63,99,0,26.78,101.57,0.00,400.00,null,null,null
2023-08-06T06:23:26Z,25.57,64.59,99,0,57.09,101.57,0.00,400.00,null,null,null
2023-08-06T06:24:26Z,25.57,64.61,99,0,25.87,101.57,0.00,400.00,null,null,null
2023-08-06T06:25:26Z,25.54,64.60,99,0,25.03,101.57,0.00,400.00,0,0,0
2023-08-06T06:26:26Z,25.58,64.51,99,0,48.75,101.56,0.00,400.00,null,null,null
2023-08-06T06:27:26Z,25.54,64.55,100,0,61.35,101.57,0.00,400.00,null,null,null
2023-08-06T06:28:26Z,25.57,64.56,99,0,30.35,101.57,0.00,400.00,null,null,null
2023-08-06T06:29:26Z,25.54,64.54,99,0,28.09,101.57,0.00,405.00,null,null,null
2023-08-06T06:30:26Z,25.54,64.55,99,0,23.20,101.58,0.00,405.00,0,0,0
2023-08-06T06:31:26Z,25.56,64.50,99,0,50.67,101.58,0.00,405.00,null,null,null
2023-08-06T06:32:26Z,25.53,64.48,99,0,23.10,101.57,1.00,410.00,null,null,null
2023-08-06T06:33:26Z,25.54,64.54,99,0,56.94,101.58,1.00,409.00,null,null,null
2023-08-06T06:34:26Z,25.53,64.51,99,0,39.31,101.58,1.00,413.00,null,null,null
2023-08-06T06:35:26Z,25.54,64.53,99,0,56.16,101.57,1.00,410.00,0,0,0
2023-08-06T06:36:26Z,25.54,64.41,99,0,28.07,101.58,1.00,410.00,null,null,null
2023-08-06T06:37:26Z,25.54,64.47,99,0,25.50,101.58,1.00,410.00,null,null,null
2023-08-06T06:38:26Z,25.51,64.43,99,0,31.41,101.58,1.00,410.00,null,null,null
2023-08-06T06:39:26Z,25.54,64.48,99,0,45.92,101.59,2.00,414.00,null,null,null
2023-08-06T06:40:26Z,25.51,64.51,99,0,34.15,101.58,2.00,414.00,0,0,0
2023-08-06T06:41:26Z,25.51,64.37,99,0,27.51,101.58,1.00,407.00,null,null,null
2023-08-06T06:42:26Z,25.53,64.45,99,0,49.83,101.58,1.00,407.00,null,null,null
2023-08-06T06:43:26Z,25.53,64.38,99,0,22.78,101.58,0.00,406.00,null,null,null
2023-08-06T06:44:26Z,25.51,64.41,99,0,26.16,101.58,0.00,406.00,null,null,null
2023-08-06T06:45:26Z,25.49,64.41,99,0,26.36,101.58,0.00,406.00,0,0,0
2023-08-06T06:46:26Z,25.49,64.36,99,0,28.51,101.59,0.00,406.00,null,null,null
2023-08-06T06:47:26Z,25.53,64.41,99,0,26.62,101.59,0.00,400.00,null,null,null
2023-08-06T06:48:26Z,25.50,64.44,99,0,24.61,101.59,0.00,403.00,null,null,null
2023-08-06T06:49:26Z,25.50,64.42,99,0,27.62,101.59,0.00,403.00,null,null,null
2023-08-06T06:50:26Z,25.49,64.40,99,0,32.09,101.59,0.00,403.00,0,0,0
2023-08-06T06:51:26Z,25.49,64.35,100,0,25.22,101.59,0.00,403.00,null,null,null
2023-08-06T06:52:26Z,25.49,64.35,99,0,27.57,101.59,0.00,400.00,null,null,null
2023-08-06T06:53:26Z,25.50,64.40,99,0,57.47,101.59,0.00,400.00,null,null,null
2023-08-06T06:54:26Z,25.50,64.39,99,0,25.87,101.59,0.00,400.00,null,null,null
2023-08-06T06:55:26Z,25.49,64.41,99,0,29.03,101.60,0.00,400.00,0,0,0
2023-08-06T06:56:26Z,25.47,64.36,99,0,23.45,101.59,0.00,403.00,null,null,null
2023-08-06T06:57:26Z,25.47,64.44,100,0,29.93,101.59,0.00,403.00,null,null,null
2023-08-06T06:58:26Z,25.49,64.44,99,0,29.68,101.59,0.00,403.00,null,null,null
2023-08-06T06:59:26Z,25.47,64.45,99,0,25.56,101.59,1.00,408.00,null,null,null
2023-08-06T07:00:26Z,25.46,64.47,99,0,29.69,101.60,1.00,407.00,0,0,0
2023-08-06T07:01:26Z,25.47,64.47,99,0,28.40,101.60,1.00,407.00,null,null,null
2023-08-06T07:02:26Z,25.47,64.49,99,0,27.10,101.60,0.00,400.00,null,null,null
2023-08-06T07:03:26Z,25.47,64.47,100,0,29.18,101.60,0.00,405.00,null,null,null
2023-08-06T07:04:26Z,25.47,64.50,99,0,20.85,101.60,0.00,405.00,null,null,null
2023-08-06T07:05:26Z,25.47,64.49,99,0,25.65,101.60,0.00,405.00,0,0,0
2023-08-06T07:06:26Z,25.46,64.46,99,0,29.25,101.61,0.00,405.00,null,null,null
2023-08-06T07:07:26Z,25.47,64.49,100,0,25.53,101.61,0.00,403.00,null,null,null
2023-08-06T07:08:26Z,25.50,64.50,99,0,27.40,101.61,1.00,407.00,null,null,null
2023-08-06T07:09:26Z,25.47,64.54,99,0,28.64,101.61,0.00,405.00,null,null,null
2023-08-06T07:10:26Z,25.46,64.53,99,0,23.10,101.61,0.00,401.00,0,0,0
2023-08-06T07:11:26Z,25.46,64.52,99,0,25.84,101.61,0.00,401.00,null,null,null
2023-08-06T07:12:26Z,25.47,64.51,99,0,29.82,101.61,1.00,410.00,null,null,null
2023-08-06T07:13:26Z,25.49,64.54,99,0,35.60,101.61,1.00,409.00,null,null,null
2023-08-06T07:14:26Z,25.47,64.57,99,0,23.68,101.61,1.00,409.00,null,null,null
2023-08-06T07:15:26Z,25.46,64.54,99,0,23.54,101.61,0.00,401.00,0,0,0
2023-08-06T07:16:26Z,25.45,64.58,99,0,28.09,101.61,2.00,415.00,null,null,null
2023-08-06T07:17:26Z,25.49,64.61,100,0,24.15,101.61,0.00,406.00,null,null,null
2023-08-06T07:18:26Z,25.46,64.54,99,0,25.47,101.61,1.00,409.00,null,null,null
2023-08-06T07:19:26Z,25.45,64.59,100,0,26.95,101.62,1.00,409.00,null,null,null
2023-08-06T07:20:26Z,25.46,64.59,99,0,21.78,101.61,1.00,409.00,0,0,0
2023-08-06T07:21:26Z,25.46,64.59,99,0,21.85,101.61,0.00,406.00,null,null,null
2023-08-06T07:22:26Z,25.49,64.65,99,0,24.39,101.62,1.00,407.00,null,null,null
2023-08-06T07:23:26Z,25.46,64.64,99,0,23.49,101.62,1.00,407.00,null,null,null
2023-08-06T07:24:26Z,25.46,64.64,99,0,24.31,101.62,0.00,406.00,null,null,null
2023-08-06T07:25:26Z,25.45,64.66,99,0,24.50,101.62,0.00,406.00,0,0,0
2023-08-06T07:26:26Z,25.45,64.67,99,0,26.71,101.63,0.00,403.00,null,null,null
2023-08-06T07:27:26Z,25.46,64.62,99,0,31.36,101.63,1.00,408.00,null,null,null
2023-08-06T07:28:26Z,25.45,64.65,100,0,26.62,101.63,0.00,402.00,null,null,null
2023-08-06T07:29:26Z,25.46,64.69,99,0,32.83,101.64,0.00,402.00,null,null,null
2023-08-06T07:30:26Z,25.43,64.68,99,0,25.09,101.63,0.00,406.00,0,0,0
2023-08-06T07:31:26Z,25.46,64.67,99,0,25.59,101.63,0.00,401.00,null,null,null
2023-08-06T07:32:26Z,25.46,64.67,99,0,30.75,101.63,0.00,401.00,null,null,null
2023-08-06T07:33:26Z,25.49,64.70,100,0,23.98,101.64,0.00,400.00,null,null,null
2023-08-06T07:34:26Z,25.42,64.67,100,0,25.00,101.64,0.00,400.00,null,null,null
2023-08-06T07:35:26Z,25.45,64.71,99,0,22.55,101.64,0.00,400.00,0,0,0
2023-08-06T07:36:26Z,25.45,64.70,99,0,24.83,101.64,0.00,400.00,null,null,null
2023-08-06T07:37:26Z,25.46,64.70,99,0,24.46,101.64,0.00,403.00,null,null,null
2023-08-06T07:38:26Z,25.42,64.72,99,0,28.58,101.64,0.00,403.00,null,null,null
2023-08-06T07:39:26Z,25.45,64.73,99,0,32.95,101.63,0.00,403.00,null,null,null
2023-08-06T07:40:26Z,25.42,64.74,99,0,25.50,101.64,0.00,400.00,0,0,0
2023-08-06T07:41:26Z,25.45,64.74,100,0,25.35,101.64,0.00,400.00,null,null,null
2023-08-06T07:42:26Z,25.45,64.70,99,0,30.91,101.64,0.00,400.00,null,null,null
2023-08-06T07:43:26Z,25.46,64.76,99,0,23.49,101.64,0.00,403.00,null,null,null
2023-08-06T07:44:26Z,25.42,64.72,99,0,28.74,101.65,0.00,400.00,null,null,null
2023-08-06T07:45:26Z,25.43,64.72,99,0,25.00,101.65,1.00,408.00,0,0,0
2023-08-06T07:46:26Z,25.45,64.71,99,0,28.22,101.65,1.00,408.00,null,null,null
2023-08-06T07:47:26Z,25.43,64.76,100,0,26.82,101.65,0.00,405.00,null,null,null
2023-08-06T07:48:26Z,25.45,64.72,99,0,27.08,101.65,0.00,400.00,null,null,null
2023-08-06T07:49:26Z,25.42,64.75,99,0,33.48,101.64,0.00,405.00,null,null,null
2023-08-06T07:50:26Z,25.42,64.80,99,0,25.44,101.65,0.00,400.00,0,0,0
2023-08-06T07:51:26Z,25.42,64.76,99,0,22.89,101.65,0.00,400.00,null,null,null
2023-08-06T07:52:26Z,25.43,64.74,100,0,23.63,101.65,0.00,406.00,null,null,null
2023-08-06T07:53:26Z,25.43,64.75,99,0,25.67,101.64,2.00,414.00,null,null,null
2023-08-06T07:54:26Z,25.40,64.78,99,0,25.22,101.65,2.00,414.00,null,null,null
2023-08-06T07:55:26Z,25.40,64.77,99,0,26.64,101.65,0.00,400.00,0,0,0
2023-08-06T07:56:26Z,25.43,64.76,99,0,24.96,101.64,0.00,400.00,null,null,null
2023-08-06T07:57:26Z,25.43,64.75,99,0,21.64,101.64,0.00,406.00,null,null,null
2023-08-06T07:58:26Z,25.40,64.76,99,0,27.26,101.65,0.00,400.00,null,null,null
2023-08-06T07:59:26Z,25.42,64.78,99,0,24.79,101.65,0.00,406.00,null,null,null
2023-08-06T08:00:26Z,25.40,64.73,99,0,26.21,101.65,0.00,406.00,0,0,0
2023-08-06T08:01:26Z,25.43,64.82,99,0,33.57,101.65,0.00,405.00,null,null,null
2023-08-06T08:02:26Z,25.42,64.78,99,0,33.68,101.65,0.00,400.00,null,null,null
2023-08-06T08:03:26Z,25.42,64.79,99,0,24.96,101.65,0.00,400.00,null,null,null
2023-08-06T08:04:26Z,25.43,64.76,99,0,29.28,101.65,0.00,406.00,null,null,null
2023-08-06T08:05:26Z,25.40,64.79,99,0,25.38,101.66,0.00,400.00,0,0,0
2023-08-06T08:06:26Z,25.40,64.75,99,0,26.46,101.65,0.00,400.00,null,null,null
2023-08-06T08:07:26Z,25.40,64.81,99,0,33.12,101.65,0.00,400.00,null,null,null
2023-08-06T08:08:26Z,25.42,64.81,99,0,29.65,101.65,0.00,400.00,null,null,null
2023-08-06T08:09:26Z,25.39,64.78,99,0,27.02,101.65,0.00,400.00,null,null,null
2023-08-06T08:10:26Z,25.39,64.80,100,0,31.10,101.65,1.00,409.00,0,0,0
2023-08-06T08:11:26Z,25.39,64.77,99,0,26.78,101.65,0.00,400.00,null,null,null
2023-08-06T08:12:26Z,25.42,64.82,99,0,25.00,101.65,0.00,403.00,null,null,null
2023-08-06T08:13:26Z,25.39,64.78,100,0,22.55,101.66,0.00,403.00,null,null,null
2023-08-06T08:14:26Z,25.37,64.81,99,0,23.45,101.66,0.00,400.00,null,null,null
2023-08-06T08:15:26Z,25.39,64.78,99,0,31.79,101.66,0.00,403.00,0,0,0
2023-08-06T08:16:26Z,25.37,64.78,99,0,26.95,101.66,0.00,400.00,null,null,null
2023-08-06T08:17:26Z,25.40,64.79,99,0,28.54,101.67,0.00,400.00,null,null,null
2023-08-06T08:18:26Z,25.42,64.83,99,0,23.77,101.66,0.00,400.00,null,null,null
2023-08-06T08:19:26Z,25.37,64.82,99,0,24.68,101.66,0.00,400.00,null,null,null
2023-08-06T08:20:26Z,25.39,64.81,99,0,22.24,101.66,0.00,400.00,0,0,0
2023-08-06T08:21:26Z,25.37,64.79,99,0,26.84,101.66,0.00,400.00,null,null,null
2023-08-06T08:22:26Z,25.40,64.77,99,0,23.35,101.66,0.00,400.00,null,null,null
2023-08-06T08:23:26Z,25.39,64.79,99,0,38.61,101.66,0.00,400.00,null,null,null
2023-08-06T08:24:26Z,25.36,64.79,99,0,28.76,101.67,0.00,405.00,null,null,null
2023-08-06T08:25:26Z,25.37,64.83,99,0,27.90,101.66,0.00,405.00,0,0,0
2023-08-06T08:26:26Z,25.39,64.80,100,0,25.06,101.66,0.00,400.00,null,null,null
2023-08-06T08:27:26Z,25.39,64.82,99,0,33.18,101.66,0.00,400.00,null,null,null
2023-08-06T08:28:26Z,25.36,64.77,99,0,25.92,101.67,0.00,400.00,null,null,null
2023-08-06T08:29:26Z,25.39,64.79,99,0,27.12,101.65,0.00,400.00,null,null,null
2023-08-06T08:30:26Z,25.36,64.81,99,0,27.38,101.66,0.00,400.00,0,0,0
2023-08-06T08:31:26Z,25.36,64.80,99,0,26.93,101.66,0.00,400.00,null,null,null
2023-08-06T08:32:26Z,25.37,64.80,99,0,37.77,101.66,0.00,400.00,null,null,null
2023-08-06T08:33:26Z,25.37,64.79,99,0,25.87,101.66,0.00,400.00,null,null,null
2023-08-06T08:34:26Z,25.39,64.79,99,0,30.68,101.66,0.00,403.00,null,null,null
2023-08-06T08:35:26Z,25.36,64.81,99,0,29.17,101.67,1.00,408.00,0,0,0
2023-08-06T08:36:26Z,25.36,64.83,99,0,29.41,101.66,1.00,408.00,null,null,null
2023-08-06T08:37:26Z,25.36,64.81,99,0,32.82,101.66,1.00,408.00,null,null,null
2023-08-06T08:38:26Z,25.37,64.81,99,0,27.66,101.66,1.00,410.00,null,null,null
2023-08-06T08:39:26Z,25.35,64.81,100,0,27.66,101.67,2.00,416.00,null,null,null
2023-08-06T08:40:26Z,25.36,64.78,99,0,29.84,101.66,2.00,414.00,0,0,0
2023-08-06T08:41:26Z,25.33,64.85,99,0,29.35,101.66,2.00,414.00,null,null,null
2023-08-06T08:42:26Z,25.37,64.79,99,0,38.52,101.67,1.00,408.00,null,null,null
2023-08-06T08:43:26Z,25.37,64.78,99,0,39.38,101.67,1.00,408.00,null,null,null
2023-08-06T08:44:26Z,25.35,64.82,100,0,41.71,101.67,1.00,408.00,null,null,null
2023-08-06T08:45:26Z,25.35,64.82,100,0,42.62,101.67,1.00,413.00,0,0,0
2023-08-06T08:46:26Z,25.37,64.85,99,0,36.15,101.67,1.00,407.00,null,null,null
2023-08-06T08:47:26Z,25.35,64.80,99,0,41.19,101.67,0.00,401.00,null,null,null
2023-08-06T08:48:26Z,25.37,64.80,99,0,46.02,101.67,1.00,410.00,null,null,null
2023-08-06T08:49:26Z,25.36,64.78,99,0,42.42,101.67,1.00,409.00,null,null,null
2023-08-06T08:50:26Z,25.36,64.83,99,0,42.76,101.67,0.00,403.00,0,0,0
2023-08-06T08:51:26Z,25.35,64.79,100,0,38.09,101.67,0.00,400.00,null,null,null
2023-08-06T08:52:26Z,25.35,64.78,100,0,43.06,101.67,0.00,400.00,null,null,null
2023-08-06T08:53:26Z,25.35,64.81,99,0,40.62,101.68,0.00,403.00,null,null,null
2023-08-06T08:54:26Z,25.36,64.81,99,0,43.53,101.67,0.00,400.00,null,null,null
2023-08-06T08:55:26Z,25.35,64.81,99,0,57.02,101.67,0.00,400.00,0,0,0
2023-08-06T08:56:26Z,25.35,64.83,99,0,48.27,101.67,0.00,400.00,null,null,null
2023-08-06T08:57:26Z,25.37,64.84,99,0,41.56,101.67,0.00,400.00,null,null,null
2023-08-06T08:58:26Z,25.33,64.79,99,0,41.20,101.68,0.00,400.00,null,null,null
2023-08-06T08:59:26Z,25.32,64.85,99,0,43.99,101.68,0.00,400.00,null,null,null
2023-08-06T09:00:26Z,25.33,64.82,99,0,40.31,101.68,0.00,400.00,0,0,0
2023-08-06T09:01:26Z,25.35,64.84,99,0,40.44,101.67,0.00,400.00,null,null,null
2023-08-06T09:02:26Z,25.33,64.84,99,0,42.56,101.68,0.00,400.00,null,null,null
2023-08-06T09:03:26Z,25.35,64.81,99,0,46.75,101.68,0.00,400.00,null,null,null
2023-08-06T09:04:26Z,25.35,64.82,100,0,43.17,101.68,1.00,409.00,null,null,null
2023-08-06T09:05:26Z,25.33,64.83,99,0,44.16,101.68,1.00,409.00,0,0,0
2023-08-06T09:06:26Z,25.35,64.83,99,0,32.59,101.67,1.00,413.00,null,null,null
2023-08-06T09:07:26Z,25.35,64.80,99,0,40.60,101.68,1.00,413.00,null,null,null
2023-08-06T09:08:26Z,25.35,64.86,99,0,37.99,101.67,1.00,411.00,null,null,null
2023-08-06T09:09:26Z,25.36,64.84,99,0,39.79,101.68,1.00,411.00,null,null,null
2023-08-06T09:10:26Z,25.33,64.86,99,0,46.78,101.67,1.00,409.00,0,0,0
2023-08-06T09:11:26Z,25.36,64.87,99,0,41.38,101.68,1.00,409.00,null,null,null
2023-08-06T09:12:26Z,25.36,64.82,99,0,37.59,101.67,1.00,409.00,null,null,null
2023-08-06T09:13:26Z,25.35,64.86,99,0,48.79,101.68,2.00,418.00,null,null,null
2023-08-06T09:14:26Z,25.35,64.87,99,0,36.79,101.68,4.00,432.00,null,null,null
2023-08-06T09:15:26Z,25.33,64.88,99,0,36.15,101.68,5.00,435.00,0,0,0
2023-08-06T09:16:26Z,25.33,64.86,99,0,38.40,101.67,6.00,445.00,null,null,null
2023-08-06T09:17:26Z,25.33,64.82,99,0,46.84,101.68,6.00,443.00,null,null,null
2023-08-06T09:18:26Z,25.33,64.86,99,0,40.56,101.68,7.00,447.00,null,null,null
2023-08-06T09:19:26Z,25.32,64.87,99,0,48.30,101.68,6.00,442.00,null,null,null
2023-08-06T09:20:26Z,25.32,64.88,100,0,45.02,101.68,6.00,442.00,0,0,0
2023-08-06T09:21:26Z,25.33,64.89,99,0,34.19,101.69,6.00,442.00,null,null,null
2023-08-06T09:22:26Z,25.35,64.89,99,0,41.97,101.68,6.00,442.00,null,null,null
2023-08-06T09:23:26Z,25.33,64.84,99,0,31.97,101.68,7.00,446.00,null,null,null
2023-08-06T09:24:26Z,25.32,64.89,99,0,44.31,101.68,5.00,439.00,null,null,null
2023-08-06T09:25:26Z,25.30,64.94,99,0,33.53,101.68,5.00,439.00,0,0,0
2023-08-06T09:26:26Z,25.33,64.91,99,0,44.18,101.68,5.00,438.00,null,null,null
2023-08-06T09:27:26Z,25.33,64.91,99,0,43.36,101.68,4.00,432.00,null,null,null
2023-08-06T09:28:26Z,25.30,64.91,99,0,41.48,101.69,4.00,427.00,null,null,null
2023-08-06T09:29:26Z,25.32,64.92,99,0,37.96,101.69,3.00,424.00,null,null,null
2023-08-06T09:30:26Z,25.32,64.89,99,0,40.14,101.68,4.00,427.00,0,0,0
2023-08-06T09:31:26Z,25.32,64.92,99,0,49.17,101.69,3.00,423.00,null,null,null
2023-08-06T09:32:26Z,25.33,64.95,99,0,37.16,101.69,3.00,423.00,null,null,null
2023-08-06T09:33:26Z,25.33,64.90,99,0,46.31,101.69,3.00,422.00,null,null,null
2023-08-06T09:34:26Z,25.29,64.89,99,0,40.43,101.69,2.00,417.00,null,null,null
2023-08-06T09:35:26Z,25.30,64.95,99,0,36.16,101.69,3.00,421.00,0,0,0
2023-08-06T09:36:26Z,25.30,64.94,99,0,43.16,101.69,2.00,416.00,null,null,null
2023-08-06T09:37:26Z,25.32,64.92,99,0,40.03,101.69,2.00,415.00,null,null,null
2023-08-06T09:38:26Z,25.32,64.91,99,0,44.41,101.70,2.00,415.00,null,null,null
2023-08-06T09:39:26Z,25.32,64.94,99,0,46.91,101.70,1.00,413.00,null,null,null
2023-08-06T09:40:26Z,25.30,64.95,99,0,47.60,101.70,2.00,414.00,0,0,0
2023-08-06T09:41:26Z,25.30,64.97,99,0,41.01,101.70,1.00,411.00,null,null,null
2023-08-06T09:42:26Z,25.32,64.93,99,0,52.10,101.70,0.00,402.00,null,null,null
2023-08-06T09:43:26Z,25.32,64.94,99,0,37.63,101.70,1.00,409.00,null,null,null
2023-08-06T09:44:26Z,25.29,64.94,99,0,44.54,101.70,0.00,400.00,null,null,null
2023-08-06T09:45:26Z,25.29,64.96,99,0,45.34,101.69,0.00,402.00,0,0,0
2023-08-06T09:46:26Z,25.32,64.94,99,0,49.07,101.71,0.00,400.00,null,null,null
2023-08-06T09:47:26Z,25.33,64.96,99,0,44.21,101.70,0.00,400.00,null,null,null
2023-08-06T09:48:26Z,25.32,64.92,99,0,33.02,101.70,0.00,400.00,null,null,null
2023-08-06T09:49:26Z,25.30,64.95,99,0,43.53,101.70,0.00,400.00,null,null,null
2023-08-06T09:50:26Z,25.30,64.98,100,0,37.30,101.70,0.00,400.00,0,0,0
2023-08-06T09:51:26Z,25.29,64.96,99,0,43.21,101.70,0.00,400.00,null,null,null
2023-08-06T09:52:26Z,25.29,64.93,99,0,45.09,101.70,0.00,400.00,null,null,null
2023-08-06T09:53:26Z,25.33,64.95,99,0,43.76,101.70,0.00,400.00,null,null,null
2023-08-06T09:54:26Z,25.29,64.98,99,0,43.49,101.70,0.00,400.00,null,null,null
2023-08-06T09:55:26Z,25.29,64.97,99,0,44.01,101.70,0.00,405.00,0,0,0
2023-08-06T09:56:26Z,25.29,64.96,99,0,42.63,101.70,0.00,400.00,null,null,null
2023-08-06T09:57:26Z,25.32,64.97,99,0,37.36,101.71,0.00,403.00,null,null,null
2023-08-06T09:58:26Z,25.32,64.94,99,0,39.12,101.71,0.00,403.00,null,null,null
2023-08-06T09:59:26Z,25.30,64.97,100,0,43.54,101.70,1.00,408.00,null,null,null
2023-08-06T10:00:26Z,25.29,64.96,99,0,42.87,101.70,1.00,408.00,0,0,0
2023-08-06T10:01:26Z,25.33,64.98,99,0,42.26,101.70,1.00,411.00,null,null,null
2023-08-06T10:02:26Z,25.32,64.98,99,0,42.17,101.70,1.00,407.00,null,null,null
2023-08-06T10:03:26Z,25.32,64.99,99,0,33.11,101.71,0.00,405.00,null,null,null
2023-08-06T10:04:26Z,25.29,64.95,99,0,38.03,101.70,1.00,409.00,null,null,null
2023-08-06T10:05:26Z,25.30,64.97,99,0,39.80,101.70,0.00,405.00,0,0,0
2023-08-06T10:06:26Z,25.32,65.03,99,0,46.30,101.71,1.00,409.00,null,null,null
2023-08-06T10:07:26Z,25.32,64.97,99,0,50.72,101.71,1.00,409.00,null,null,null
2023-08-06T10:08:26Z,25.30,64.98,99,0,47.20,101.71,1.00,408.00,null,null,null
2023-08-06T10:09:26Z,25.32,65.03,99,0,33.15,101.72,0.00,403.00,null,null,null
2023-08-06T10:10:26Z,25.30,64.97,99,0,36.98,101.71,0.00,401.00,0,0,0
2023-08-06T10:11:26Z,25.32,65.03,99,0,45.65,101.72,0.00,400.00,null,null,null
2023-08-06T10:12:26Z,25.30,65.02,99,0,42.28,101.72,0.00,405.00,null,null,null
2023-08-06T10:13:26Z,25.29,65.03,100,0,46.15,101.72,0.00,405.00,null,null,null
2023-08-06T10:14:26Z,25.30,65.00,99,0,50.19,101.72,0.00,405.00,null,null,null
2023-08-06T10:15:26Z,25.32,65.00,99,0,43.57,101.72,0.00,405.00,0,0,0
2023-08-06T10:16:26Z,25.32,65.07,99,0,40.19,101.73,0.00,400.00,null,null,null
2023-08-06T10:17:26Z,25.32,65.00,99,0,41.46,101.72,0.00,400.00,null,null,null
2023-08-06T10:18:26Z,25.33,65.04,99,0,41.66,101.72,0.00,400.00,null,null,null
2023-08-06T10:19:26Z,25.32,65.01,99,0,42.50,101.72,0.00,400.00,null,null,null
2023-08-06T10:20:26Z,25.27,65.00,99,0,44.46,101.71,0.00,400.00,0,0,0
2023-08-06T10:21:26Z,25.32,65.05,99,0,37.54,101.72,0.00,400.00,null,null,null
2023-08-06T10:22:26Z,25.32,65.02,99,0,43.49,101.72,0.00,400.00,null,null,null
2023-08-06T10:23:26Z,25.32,65.04,99,0,44.82,101.71,0.00,400.00,null,null,null
2023-08-06T10:24:26Z,25.29,65.04,99,0,42.27,101.72,0.00,400.00,null,null,null
2023-08-06T10:25:26Z,25.27,65.02,99,0,34.62,101.72,0.00,400.00,0,0,0
2023-08-06T10:26:26Z,25.30,65.08,99,0,47.14,101.72,0.00,400.00,null,null,null
2023-08-06T10:27:26Z,25.32,65.06,99,0,45.05,101.73,0.00,400.00,null,null,null
2023-08-06T10:28:26Z,25.30,65.05,99,0,46.11,101.72,0.00,400.00,null,null,null
2023-08-06T10:29:26Z,25.32,65.08,99,0,48.19,101.73,0.00,400.00,null,null,null
2023-08-06T10:30:26Z,25.30,65.05,99,0,42.26,101.73,0.00,400.00,0,0,0
2023-08-06T10:31:26Z,25.32,65.07,99,0,42.70,101.73,0.00,406.00,null,null,null
2023-08-06T10:32:26Z,25.29,65.03,100,0,43.11,101.73,0.00,400.00,null,null,null
2023-08-06T10:33:26Z,25.30,65.04,99,0,33.58,101.73,0.00,400.00,null,null,null
2023-08-06T10:34:26Z,25.27,65.04,99,0,44.26,101.73,0.00,400.00,null,null,null
2023-08-06T10:35:26Z,25.32,65.08,99,0,46.49,101.73,0.00,400.00,0,0,0
2023-08-06T10:36:26Z,25.30,65.05,99,0,41.95,101.73,0.00,400.00,null,null,null
2023-08-06T10:37:26Z,25.29,65.07,99,0,38.70,101.73,0.00,400.00,null,null,null
2023-08-06T10:38:26Z,25.32,65.03,100,0,39.34,101.73,0.00,400.00,null,null,null
2023-08-06T10:39:26Z,25.29,65.05,99,0,44.53,101.73,0.00,400.00,null,null,null
2023-08-06T10:40:26Z,25.32,65.11,99,0,40.56,101.73,0.00,400.00,0,0,0
2023-08-06T10:41:26Z,25.32,65.07,99,0,45.43,101.74,0.00,400.00,null,null,null
2023-08-06T10:42:26Z,25.30,65.05,99,0,30.84,101.73,0.00,400.00,null,null,null
2023-08-06T10:43:26Z,25.32,65.08,99,0,45.02,101.74,0.00,400.00,null,null,null
2023-08-06T10:44:26Z,25.32,65.05,99,0,37.87,101.73,0.00,400.00,null,null,null
2023-08-06T10:45:26Z,25.32,65.05,99,0,42.97,101.74,0.00,400.00,0,0,0
2023-08-06T10:46:26Z,25.30,65.05,99,0,42.98,101.75,0.00,400.00,null,null,null
2023-08-06T10:47:26Z,25.32,65.11,99,0,41.14,101.74,0.00,400.00,null,null,null
2023-08-06T10:48:26Z,25.30,65.07,99,0,40.29,101.75,0.00,400.00,null,null,null
2023-08-06T10:49:26Z,25.30,65.07,99,0,41.34,101.74,0.00,400.00,null,null,null
2023-08-06T10:50:26Z,25.29,65.05,99,0,39.49,101.74,0.00,400.00,0,0,0
2023-08-06T10:51:26Z,25.30,65.09,99,0,46.15,101.74,0.00,400.00,null,null,null
2023-08-06T10:52:26Z,25.32,65.08,99,0,38.11,101.73,0.00,400.00,null,null,null
2023-08-06T10:53:26Z,25.30,65.10,99,0,40.30,101.73,0.00,400.00,null,null,null
2023-08-06T10:54:26Z,25.33,65.08,99,0,46.01,101.73,0.00,400.00,null,null,null
2023-08-06T10:55:26Z,25.32,65.10,100,0,48.95,101.74,0.00,400.00,0,0,0
2023-08-06T10:56:26Z,25.32,65.08,99,0,41.70,101.73,0.00,400.00,null,null,null
2023-08-06T10:57:26Z,25.32,65.07,99,0,40.50,101.74,0.00,400.00,null,null,null
2023-08-06T10:58:26Z,25.32,65.10,99,0,45.14,101.73,0.00,400.00,null,null,null
2023-08-06T10:59:26Z,25.29,65.09,99,0,45.59,101.73,0.00,400.00,null,null,null
2023-08-06T11:00:26Z,25.30,65.08,99,0,40.94,101.74,0.00,400.00,0,0,0
2023-08-06T11:01:26Z,25.33,65.13,99,0,43.08,101.73,0.00,400.00,null,null,null
2023-08-06T11:02:26Z,25.33,65.13,99,0,40.37,101.73,0.00,400.00,null,null,null
2023-08-06T11:03:26Z,25.35,65.15,99,0,39.82,101.73,0.00,400.00,null,null,null
2023-08-06T11:04:26Z,25.32,65.08,99,0,34.82,101.73,0.00,400.00,null,null,null
2023-08-06T11:05:26Z,25.32,65.13,99,0,40.61,101.73,0.00,400.00,0,0,0
2023-08-06T11:06:26Z,25.35,65.08,99,0,43.93,101.73,0.00,400.00,null,null,null
2023-08-06T11:07:26Z,25.33,65.13,99,0,37.72,101.73,0.00,400.00,null,null,null
2023-08-06T11:08:26Z,25.33,65.09,99,0,42.19,101.73,0.00,400.00,null,null,null
2023-08-06T11:09:26Z,25.30,65.09,99,0,45.61,101.73,0.00,400.00,null,null,null
2023-08-06T11:10:26Z,25.30,65.11,99,0,40.32,101.73,0.00,400.00,0,0,0
2023-08-06T11:11:26Z,25.33,65.10,99,0,32.57,101.74,0.00,400.00,null,null,null
2023-08-06T11:12:26Z,25.35,65.14,99,0,38.20,101.74,0.00,400.00,null,null,null
2023-08-06T11:13:26Z,25.33,65.11,99,0,45.13,101.74,0.00,400.00,null,null,null
2023-08-06T11:14:26Z,25.32,65.11,99,0,46.25,101.74,0.00,400.00,null,null,null
2023-08-06T11:15:26Z,25.32,65.11,99,0,32.47,101.74,0.00,400.00,0,0,0
2023-08-06T11:16:26Z,25.32,65.13,99,0,32.95,101.73,0.00,400.00,null,null,null
2023-08-06T11:17:26Z,25.30,65.12,99,0,39.39,101.74,0.00,400.00,null,null,null
2023-08-06T11:18:26Z,25.33,65.12,99,0,40.40,101.74,0.00,405.00,null,null,null
2023-08-06T11:19:26Z,25.32,65.13,99,0,36.29,101.74,0.00,405.00,null,null,null
2023-08-06T11:20:26Z,25.32,65.13,99,0,43.67,101.74,0.00,405.00,0,0,0
2023-08-06T11:21:26Z,25.30,65.10,99,0,37.77,101.75,0.00,400.00,null,null,null
2023-08-06T11:22:26Z,25.33,65.12,99,0,41.98,101.74,0.00,405.00,null,null,null
2023-08-06T11:23:26Z,25.35,65.10,99,0,42.88,101.74,0.00,405.00,null,null,null
2023-08-06T11:24:26Z,25.33,65.13,99,0,38.39,101.74,0.00,405.00,null,null,null
2023-08-06T11:25:26Z,25.32,65.19,99,0,37.21,101.74,0.00,400.00,0,0,0
2023-08-06T11:26:26Z,25.33,65.15,99,0,38.23,101.75,0.00,400.00,null,null,null
2023-08-06T11:27:26Z,25.35,65.11,99,0,39.51,101.74,0.00,400.00,null,null,null
2023-08-06T11:28:26Z,25.35,65.18,99,0,40.40,101.74,0.00,400.00,null,null,null
2023-08-06T11:29:26Z,25.32,65.13,100,0,41.39,101.74,0.00,402.00,null,null,null
2023-08-06T11:30:26Z,25.33,65.16,99,0,38.88,101.75,0.00,402.00,0,0,0
2023-08-06T11:31:26Z,25.32,65.18,99,0,39.77,101.74,0.00,400.00,null,null,null
2023-08-06T11:32:26Z,25.32,65.14,99,0,43.20,101.74,0.00,400.00,null,null,null
2023-08-06T11:33:26Z,25.32,65.10,99,0,45.49,101.74,0.00,400.00,null,null,null
2023-08-06T11:34:26Z,25.35,65.13,99,0,42.75,101.74,0.00,400.00,null,null,null
2023-08-06T11:35:26Z,25.35,65.14,99,0,45.96,101.75,0.00,400.00,0,0,0
2023-08-06T11:36:26Z,25.36,65.18,99,0,31.49,101.75,0.00,400.00,null,null,null
2023-08-06T11:37:26Z,25.32,65.18,99,0,42.18,101.75,0.00,400.00,null,null,null
2023-08-06T11:38:26Z,25.33,65.14,99,0,41.46,101.74,0.00,400.00,null,null,null
2023-08-06T11:39:26Z,25.33,65.17,100,0,48.21,101.75,0.00,400.00,null,null,null
2023-08-06T11:40:26Z,25.32,65.17,99,0,34.29,101.75,0.00,400.00,0,0,0
2023-08-06T11:41:26Z,25.33,65.16,99,0,41.43,101.74,0.00,400.00,null,null,null
2023-08-06T11:42:26Z,25.35,65.16,99,0,46.56,101.74,0.00,400.00,null,null,null
2023-08-06T11:43:26Z,25.35,65.14,99,0,42.99,101.74,0.00,400.00,null,null,null
2023-08-06T11:44:26Z,25.33,65.15,99,0,32.24,101.74,0.00,400.00,null,null,null
2023-08-06T11:45:26Z,25.32,65.18,99,0,44.56,101.74,0.00,400.00,0,0,0
2023-08-06T11:46:26Z,25.32,65.18,99,0,39.96,101.74,0.00,400.00,null,null,null
2023-08-06T11:47:26Z,25.33,65.21,99,0,46.18,101.74,0.00,400.00,null,null,null
2023-08-06T11:48:26Z,25.36,65.19,99,0,43.51,101.74,0.00,400.00,null,null,null
2023-08-06T11:49:26Z,25.35,65.16,100,0,40.40,101.74,0.00,400.00,null,null,null
2023-08-06T11:50:26Z,25.35,65.21,99,0,44.92,101.74,0.00,400.00,0,0,0
2023-08-06T11:51:26Z,25.33,65.23,99,0,44.79,101.74,0.00,400.00,null,null,null
2023-08-06T11:52:26Z,25.36,65.16,99,0,38.58,101.74,0.00,400.00,null,null,null
2023-08-06T11:53:26Z,25.33,65.20,99,0,46.98,101.74,0.00,400.00,null,null,null
2023-08-06T11:54:26Z,25.36,65.22,99,0,42.14,101.74,0.00,400.00,null,null,null
2023-08-06T11:55:26Z,25.35,65.18,99,0,43.60,101.75,0.00,400.00,0,0,0
2023-08-06T11:56:26Z,25.35,65.26,99,0,37.88,101.75,0.00,400.00,null,null,null
2023-08-06T11:57:26Z,25.36,65.20,99,0,41.47,101.75,0.00,400.00,null,null,null
2023-08-06T11:58:26Z,25.36,65.22,99,0,41.41,101.75,0.00,403.00,null,null,null
2023-08-06T11:59:26Z,25.35,65.21,99,0,46.06,101.75,0.00,400.00,null,null,null
2023-08-06T12:00:26Z,25.36,65.26,99,0,48.28,101.74,0.00,400.00,0,0,0
2023-08-06T12:01:26Z,25.35,65.24,99,0,43.28,101.75,0.00,400.00,null,null,null
2023-08-06T12:02:26Z,25.35,65.21,99,0,38.12,101.74,0.00,403.00,null,null,null
2023-08-06T12:03:26Z,25.36,65.23,99,0,48.45,101.74,0.00,403.00,null,null,null
2023-08-06T12:04:26Z,25.33,65.22,99,0,42.32,101.75,0.00,400.00,null,null,null
2023-08-06T12:05:26Z,25.36,65.23,99,0,38.97,101.74,0.00,400.00,0,0,0
2023-08-06T12:06:26Z,25.36,65.21,99,0,31.70,101.75,0.00,400.00,null,null,null
2023-08-06T12:07:26Z,25.36,65.22,99,0,41.74,101.74,0.00,400.00,null,null,null
2023-08-06T12:08:26Z,25.37,65.23,99,0,39.93,101.74,0.00,400.00,null,null,null
2023-08-06T12:09:26Z,25.37,65.25,99,0,33.56,101.75,0.00,400.00,null,null,null
2023-08-06T12:10:26Z,25.35,65.21,99,0,34.99,101.75,0.00,400.00,0,0,0
2023-08-06T12:11:26Z,25.37,65.19,99,0,42.36,101.75,0.00,403.00,null,null,null
2023-08-06T12:12:26Z,25.36,65.21,100,0,38.88,101.75,0.00,403.00,null,null,null
2023-08-06T12:13:26Z,25.36,65.19,99,0,38.90,101.75,0.00,403.00,null,null,null
2023-08-06T12:14:26Z,25.36,65.23,99,0,44.53,101.75,0.00,403.00,null,null,null
2023-08-06T12:15:26Z,25.33,65.22,99,0,45.34,101.75,0.00,400.00,0,0,0
2023-08-06T12:16:26Z,25.36,65.22,99,0,46.92,101.75,0.00,400.00,null,null,null
2023-08-06T12:17:26Z,25.37,65.20,99,0,45.24,101.74,0.00,400.00,null,null,null
2023-08-06T12:18:26Z,25.36,65.19,99,0,42.52,101.74,0.00,400.00,null,null,null
2023-08-06T12:19:26Z,25.37,65.17,99,0,41.47,101.75,0.00,400.00,null,null,null
2023-08-06T12:20:26Z,25.36,65.23,100,0,47.00,101.75,0.00,400.00,0,0,0
2023-08-06T12:21:26Z,25.37,65.26,99,0,43.97,101.75,0.00,400.00,null,null,null
2023-08-06T12:22:26Z,25.36,65.21,99,0,37.66,101.75,0.00,400.00,null,null,null
2023-08-06T12:23:26Z,25.36,65.20,99,0,41.61,101.75,0.00,400.00,null,null,null
2023-08-06T12:24:26Z,25.36,65.17,99,0,41.50,101.75,0.00,400.00,null,null,null
2023-08-06T12:25:26Z,25.36,65.20,99,0,41.40,101.75,0.00,400.00,0,0,0
2023-08-06T12:26:26Z,25.39,65.21,99,0,41.37,101.75,0.00,400.00,null,null,null
2023-08-06T12:27:26Z,25.39,65.21,99,0,46.28,101.75,0.00,400.00,null,null,null
2023-08-06T12:28:26Z,25.37,65.20,99,0,46.65,101.75,0.00,400.00,null,null,null
2023-08-06T12:29:26Z,25.39,65.19,99,0,42.72,101.76,0.00,400.00,null,null,null
2023-08-06T12:30:26Z,25.37,65.18,99,0,44.01,101.76,0.00,405.00,0,0,0
2023-08-06T12:31:26Z,25.39,65.22,99,0,37.85,101.76,0.00,400.00,null,null,null
2023-08-06T12:32:26Z,25.40,65.24,99,0,38.83,101.76,0.00,400.00,null,null,null
2023-08-06T12:33:26Z,25.39,65.21,99,0,44.17,101.76,0.00,400.00,null,null,null
2023-08-06T12:34:26Z,25.37,65.22,99,0,42.92,101.75,0.00,400.00,null,null,null
2023-08-06T12:35:26Z,25.37,65.21,99,0,44.79,101.76,0.00,400.00,0,0,0
2023-08-06T12:36:26Z,25.40,65.22,99,0,46.06,101.76,0.00,400.00,null,null,null
2023-08-06T12:37:26Z,25.40,65.18,99,0,42.48,101.76,0.00,400.00,null,null,null
2023-08-06T12:38:26Z,25.40,65.18,99,0,39.00,101.76,0.00,400.00,null,null,null
2023-08-06T12:39:26Z,25.40,65.19,99,0,37.55,101.76,0.00,400.00,null,null,null
2023-08-06T12:40:26Z,25.39,65.15,99,0,46.21,101.76,0.00,405.00,0,0,0
2023-08-06T12:41:26Z,25.39,65.19,99,0,41.62,101.76,0.00,400.00,null,null,null
2023-08-06T12:42:26Z,25.39,65.18,99,0,48.74,101.76,0.00,400.00,null,null,null
2023-08-06T12:43:26Z,25.40,65.18,99,0,38.77,101.76,0.00,405.00,null,null,null
2023-08-06T12:44:26Z,25.39,65.13,99,0,45.33,101.76,1.00,409.00,null,null,null
2023-08-06T12:45:26Z,25.37,65.13,99,0,42.36,101.76,1.00,411.00,0,0,0
2023-08-06T12:46:26Z,25.40,65.16,99,0,40.28,101.76,1.00,411.00,null,null,null
2023-08-06T12:47:26Z,25.37,65.15,99,0,39.01,101.75,1.00,410.00,null,null,null
2023-08-06T12:48:26Z,25.39,65.14,99,0,49.57,101.76,1.00,410.00,null,null,null
2023-08-06T12:49:26Z,25.39,65.18,100,0,38.17,101.76,2.00,417.00,null,null,null
2023-08-06T12:50:26Z,25.39,65.17,100,0,44.84,101.76,1.00,408.00,0,0,0
2023-08-06T12:51:26Z,25.42,66.17,99,3,38.31,101.75,1.00,408.00,null,null,null
2023-08-06T12:52:26Z,25.37,65.63,99,2,40.93,101.76,0.00,400.00,null,null,null
2023-08-06T12:53:26Z,25.40,65.43,99,3,53.00,101.76,0.00,406.00,null,null,null
2023-08-06T12:54:26Z,25.39,65.73,99,3,42.99,101.76,1.00,413.00,null,null,null
2023-08-06T12:55:26Z,25.35,65.95,99,3,42.97,101.76,3.00,424.00,0,0,0
2023-08-06T12:56:26Z,25.40,65.73,99,3,37.04,101.77,3.00,421.00,null,null,null
2023-08-06T12:57:26Z,25.39,65.90,100,3,41.79,101.77,4.00,427.00,null,null,null
2023-08-06T12:58:26Z,25.37,65.82,99,2,40.83,101.77,3.00,424.00,null,null,null
2023-08-06T12:59:26Z,25.37,65.79,99,2,43.00,101.77,3.00,424.00,null,null,null
2023-08-06T13:00:26Z,25.36,65.83,99,2,38.14,101.77,3.00,422.00,0,0,0
2023-08-06T13:01:26Z,25.39,65.76,99,2,41.59,101.77,3.00,422.00,null,null,null
2023-08-06T13:02:26Z,25.39,65.79,99,2,36.76,101.78,3.00,422.00,null,null,null
2023-08-06T13:03:26Z,25.39,65.80,99,1,41.59,101.78,3.00,422.00,null,null,null
2023-08-06T13:04:26Z,25.39,65.82,100,2,35.12,101.77,3.00,422.00,null,null,null
2023-08-06T13:05:26Z,25.36,65.77,99,1,37.82,101.78,3.00,421.00,0,0,0
2023-08-06T13:06:26Z,25.39,65.74,99,1,35.61,101.78,2.00,416.00,null,null,null
2023-08-06T13:07:26Z,25.40,65.78,99,1,38.70,101.79,2.00,417.00,null,null,null
2023-08-06T13:08:26Z,25.39,65.77,99,1,35.49,101.78,2.00,414.00,null,null,null
2023-08-06T13:09:26Z,25.39,65.75,99,1,39.76,101.78,1.00,409.00,null,null,null
2023-08-06T13:10:26Z,25.33,65.77,99,1,41.23,101.79,1.00,408.00,0,0,0
2023-08-06T13:11:26Z,25.37,65.78,99,0,36.10,101.78,1.00,408.00,null,null,null
2023-08-06T13:12:26Z,25.36,65.74,99,1,32.87,101.78,0.00,403.00,null,null,null
2023-08-06T13:13:26Z,25.39,65.77,99,1,40.53,101.78,1.00,407.00,null,null,null
2023-08-06T13:14:26Z,25.36,65.73,99,1,29.37,101.78,0.00,403.00,null,null,null
2023-08-06T13:15:26Z,25.36,65.76,99,1,38.12,101.78,0.00,402.00,0,0,0
2023-08-06T13:16:26Z,25.36,65.75,99,1,37.69,101.78,0.00,400.00,null,null,null
2023-08-06T13:17:26Z,25.39,65.73,99,2,39.54,101.79,0.00,402.00,null,null,null
2023-08-06T13:18:26Z,25.37,65.71,99,2,34.68,101.79,0.00,406.00,null,null,null
2023-08-06T13:19:26Z,25.35,65.73,99,2,35.66,101.79,0.00,406.00,null,null,null
2023-08-06T13:20:26Z,25.36,65.75,99,4,29.94,101.79,0.00,403.00,0,0,0
2023-08-06T13:21:26Z,25.37,65.70,99,5,38.74,101.79,0.00,400.00,null,null,null
2023-08-06T13:22:26Z,25.36,65.73,99,7,36.28,101.79,0.00,403.00,null,null,null
2023-08-06T13:23:26Z,25.36,65.71,99,6,34.39,101.79,0.00,403.00,null,null,null
2023-08-06T13:24:26Z,25.36,65.64,99,4,40.91,101.79,0.00,406.00,null,null,null
2023-08-06T13:25:26Z,25.37,65.63,99,3,32.15,101.79,0.00,403.00,0,0,0
2023-08-06T13:26:26Z,25.36,65.66,99,5,35.17,101.80,0.00,400.00,null,null,null
2023-08-06T13:27:26Z,25.39,65.64,99,6,36.17,101.79,0.00,400.00,null,null,null
2023-08-06T13:28:26Z,25.36,65.66,99,6,37.46,101.78,1.00,407.00,null,null,null
2023-08-06T13:29:26Z,25.35,65.59,99,4,38.87,101.79,0.00,400.00,null,null,null
2023-08-06T13:30:26Z,25.35,65.61,99,3,36.39,101.79,0.00,400.00,0,0,0
2023-08-06T13:31:26Z,25.35,65.59,99,3,40.89,101.79,0.00,400.00,null,null,null
2023-08-06T13:32:26Z,25.36,65.54,99,3,35.75,101.78,0.00,402.00,null,null,null
2023-08-06T13:33:26Z,25.37,65.55,99,3,38.79,101.79,0.00,400.00,null,null,null
2023-08-06T13:34:26Z,25.35,65.59,99,3,30.56,101.79,0.00,400.00,null,null,null
2023-08-06T13:35:26Z,25.36,65.63,99,3,41.03,101.79,0.00,400.00,0,0,0
2023-08-06T13:36:26Z,25.36,65.59,99,2,39.53,101.78,0.00,400.00,null,null,null
2023-08-06T13:37:26Z,25.36,65.59,99,2,34.50,101.78,0.00,400.00,null,null,null
2023-08-06T13:38:26Z,25.35,65.64,99,3,40.90,101.79,0.00,400.00,null,null,null
2023-08-06T13:39:26Z,25.36,65.62,99,2,37.97,101.78,0.00,400.00,null,null,null
2023-08-06T13:40:26Z,25.33,65.68,99,3,39.80,101.79,0.00,400.00,0,0,0
2023-08-06T13:41:26Z,25.35,65.66,99,3,37.62,101.79,0.00,400.00,null,null,null
2023-08-06T13:42:26Z,25.39,65.64,99,4,35.31,101.79,0.00,400.00,null,null,null
2023-08-06T13:43:26Z,25.35,65.59,99,3,37.94,101.79,0.00,400.00,null,null,null
2023-08-06T13:44:26Z,25.37,65.60,99,4,34.27,101.79,0.00,400.00,null,null,null
2023-08-06T13:45:26Z,25.36,65.55,99,5,39.91,101.78,0.00,400.00,0,0,0
2023-08-06T13:46:26Z,25.36,65.60,99,4,33.82,101.79,0.00,400.00,null,null,null
2023-08-06T13:47:26Z,25.37,65.56,99,3,38.81,101.79,0.00,400.00,null,null,null
2023-08-06T13:48:26Z,25.36,65.56,99,3,28.89,101.78,0.00,400.00,null,null,null
2023-08-06T13:49:26Z,25.37,65.54,99,5,41.71,101.79,0.00,400.00,null,null,null
2023-08-06T13:50:26Z,25.35,65.57,99,9,38.06,101.79,0.00,400.00,0,0,0
2023-08-06T13:51:26Z,25.36,65.56,99,8,37.66,101.78,0.00,400.00,null,null,null
2023-08-06T13:52:26Z,25.39,65.53,99,8,37.89,101.78,0.00,400.00,null,null,null
2023-08-06T13:53:26Z,25.37,65.51,99,8,38.60,101.78,0.00,400.00,null,null,null
2023-08-06T13:54:26Z,25.37,65.52,99,8,40.12,101.79,0.00,400.00,null,null,null
2023-08-06T13:55:26Z,25.37,65.53,99,8,31.13,101.78,0.00,405.00,0,0,0
2023-08-06T13:56:26Z,25.37,65.54,99,8,30.06,101.78,0.00,400.00,null,null,null
2023-08-06T13:57:26Z,25.39,65.52,99,8,33.14,101.78,0.00,400.00,null,null,null
2023-08-06T13:58:26Z,25.37,65.48,99,8,29.51,101.79,0.00,400.00,null,null,null
2023-08-06T13:59:26Z,25.37,65.52,99,8,36.48,101.79,0.00,400.00,null,null,null
2023-08-06T14:00:26Z,25.36,65.53,99,8,36.84,101.78,0.00,400.00,0,0,0
2023-08-06T14:01:26Z,25.39,65.45,99,9,33.75,101.79,0.00,400.00,null,null,null
2023-08-06T14:02:26Z,25.40,65.45,99,9,31.86,101.78,0.00,400.00,null,null,null
2023-08-06T14:03:26Z,25.37,65.38,99,5,33.91,101.79,0.00,400.00,null,null,null
2023-08-06T14:04:26Z,25.40,65.38,99,6,37.13,101.78,0.00,400.00,null,null,null
2023-08-06T14:05:26Z,25.37,65.39,99,9,37.42,101.78,0.00,405.00,0,0,0
2023-08-06T14:06:26Z,25.40,65.40,99,10,35.19,101.78,0.00,405.00,null,null,null
2023-08-06T14:07:26Z,25.39,65.37,99,10,34.63,101.77,0.00,400.00,null,null,null
2023-08-06T14:08:26Z,25.40,65.41,99,11,39.87,101.77,0.00,400.00,null,null,null
2023-08-06T14:09:26Z,25.40,65.36,99,10,41.62,101.78,0.00,400.00,null,null,null
2023-08-06T14:10:26Z,25.40,65.36,99,10,40.49,101.77,0.00,400.00,0,0,0
2023-08-06T14:11:26Z,25.42,65.38,99,8,33.05,101.78,0.00,400.00,null,null,null
2023-08-06T14:12:26Z,25.42,65.29,99,4,37.23,101.78,0.00,400.00,null,null,null
2023-08-06T14:13:26Z,25.42,65.36,99,4,36.04,101.77,0.00,400.00,null,null,null
2023-08-06T14:14:26Z,25.40,65.30,99,5,40.37,101.78,0.00,400.00,null,null,null
2023-08-06T14:15:26Z,25.40,65.36,99,4,31.14,101.78,0.00,400.00,0,0,0
2023-08-06T14:16:26Z,25.43,65.36,99,4,33.25,101.78,0.00,400.00,null,null,null
2023-08-06T14:17:26Z,25.43,65.29,99,3,36.73,101.78,0.00,400.00,null,null,null
2023-08-06T14:18:26Z,25.45,65.27,99,4,36.70,101.77,0.00,400.00,null,null,null
2023-08-06T14:19:26Z,25.45,65.31,100,2,34.94,101.77,0.00,403.00,null,null,null
2023-08-06T14:20:26Z,25.42,65.33,99,2,34.18,101.77,0.00,400.00,0,0,0
2023-08-06T14:21:26Z,25.45,65.30,99,2,37.08,101.77,0.00,400.00,null,null,null
2023-08-06T14:22:26Z,25.46,65.27,99,1,32.41,101.77,0.00,400.00,null,null,null
2023-08-06T14:23:26Z,25.42,65.28,99,2,38.40,101.77,0.00,400.00,null,null,null
2023-08-06T14:24:26Z,25.45,65.27,99,2,32.31,101.77,0.00,400.00,null,null,null
2023-08-06T14:25:26Z,25.45,65.24,99,2,34.60,101.77,0.00,400.00,0,0,0
2023-08-06T14:26:26Z,25.43,65.23,99,2,38.19,101.77,1.00,407.00,null,null,null
2023-08-06T14:27:26Z,25.45,65.26,99,2,33.82,101.77,1.00,407.00,null,null,null
2023-08-06T14:28:26Z,25.42,65.28,99,1,39.31,101.77,0.00,403.00,null,null,null
2023-08-06T14:29:26Z,25.47,65.23,99,2,35.18,101.76,0.00,400.00,null,null,null
2023-08-06T14:30:26Z,25.43,65.23,99,2,33.75,101.77,0.00,403.00,0,0,0
2023-08-06T14:31:26Z,25.45,65.26,99,2,38.74,101.76,0.00,403.00,null,null,null
2023-08-06T14:32:26Z,25.45,65.23,99,4,40.37,101.77,0.00,400.00,null,null,null
2023-08-06T14:33:26Z,25.46,65.16,99,3,30.46,101.77,0.00,403.00,null,null,null
2023-08-06T14:34:26Z,25.42,65.22,99,4,30.16,101.77,0.00,403.00,null,null,null
2023-08-06T14:35:26Z,25.46,65.24,99,4,35.29,101.77,0.00,403.00,0,0,0
2023-08-06T14:36:26Z,25.46,65.19,99,4,40.01,101.78,0.00,400.00,null,null,null
2023-08-06T14:37:26Z,25.43,65.19,99,3,42.89,101.78,1.00,407.00,null,null,null
2023-08-06T14:38:26Z,25.45,65.16,99,4,34.71,101.78,1.00,407.00,null,null,null
2023-08-06T14:39:26Z,25.47,65.19,99,4,36.52,101.78,1.00,407.00,null,null,null
2023-08-06T14:40:26Z,25.46,65.18,99,7,33.98,101.78,0.00,400.00,0,0,0
2023-08-06T14:41:26Z,25.45,65.14,99,7,36.67,101.78,0.00,400.00,null,null,null
2023-08-06T14:42:26Z,25.46,65.13,99,9,31.27,101.78,0.00,400.00,null,null,null
2023-08-06T14:43:26Z,25.49,65.17,99,10,43.26,101.78,0.00,400.00,null,null,null
2023-08-06T14:44:26Z,25.45,65.16,99,10,32.58,101.78,0.00,400.00,null,null,null
2023-08-06T14:45:26Z,25.47,65.20,99,8,39.11,101.78,0.00,400.00,0,0,0
2023-08-06T14:46:26Z,25.50,65.15,99,17,30.56,101.78,0.00,402.00,null,null,null
2023-08-06T14:47:26Z,25.50,65.13,99,6,39.75,101.78,0.00,402.00,null,null,null
2023-08-06T14:48:26Z,25.49,65.17,99,8,35.02,101.78,0.00,402.00,null,null,null
2023-08-06T14:49:26Z,25.49,65.16,99,5,36.69,101.78,0.00,402.00,null,null,null
2023-08-06T14:50:26Z,25.49,65.17,99,11,36.78,101.78,0.00,402.00,0,0,0
2023-08-06T14:51:26Z,25.46,65.16,99,7,29.68,101.78,0.00,401.00,null,null,null
2023-08-06T14:52:26Z,25.47,65.11,99,4,35.15,101.78,0.00,401.00,null,null,null
2023-08-06T14:53:26Z,25.51,65.13,99,10,39.35,101.78,0.00,400.00,null,null,null
2023-08-06T14:54:26Z,25.50,65.19,99,15,31.45,101.78,0.00,400.00,null,null,null
2023-08-06T14:55:26Z,25.49,65.16,99,15,38.44,101.78,0.00,400.00,0,0,0
2023-08-06T14:56:26Z,25.50,65.15,99,18,40.42,101.77,0.00,402.00,null,null,null
2023-08-06T14:57:26Z,25.47,65.17,99,12,41.59,101.77,0.00,402.00,null,null,null
2023-08-06T14:58:26Z,25.47,65.10,99,7,43.46,101.77,0.00,400.00,null,null,null
2023-08-06T14:59:26Z,25.50,65.13,99,9,39.26,101.78,0.00,400.00,null,null,null
2023-08-06T15:00:26Z,25.50,65.10,99,17,35.88,101.78,0.00,400.00,0,0,0
2023-08-06T15:01:26Z,25.51,65.15,99,18,38.93,101.78,0.00,400.00,null,null,null
2023-08-06T15:02:26Z,25.51,65.09,99,18,29.65,101.78,0.00,400.00,null,null,null
2023-08-06T15:03:26Z,25.51,65.13,99,18,31.55,101.78,0.00,400.00,null,null,null
2023-08-06T15:04:26Z,25.51,65.08,99,17,34.56,101.78,0.00,400.00,null,null,null
2023-08-06T15:05:26Z,25.51,65.10,99,18,35.94,101.78,0.00,400.00,0,0,0
2023-08-06T15:06:26Z,25.53,65.10,99,18,34.91,101.78,0.00,400.00,null,null,null
2023-08-06T15:07:26Z,25.53,65.08,100,18,30.09,101.77,0.00,400.00,null,null,null
2023-08-06T15:08:26Z,25.53,65.09,99,18,32.23,101.77,0.00,400.00,null,null,null
2023-08-06T15:09:26Z,25.53,65.05,99,18,34.05,101.77,0.00,400.00,null,null,null
2023-08-06T15:10:26Z,25.51,65.08,99,18,34.53,101.77,0.00,400.00,0,0,0
2023-08-06T15:11:26Z,25.53,65.11,99,19,37.89,101.77,0.00,400.00,null,null,null
2023-08-06T15:12:26Z,25.53,65.05,99,20,37.47,101.77,0.00,405.00,null,null,null
2023-08-06T15:13:26Z,25.54,65.03,99,20,36.65,101.78,0.00,405.00,null,null,null
2023-08-06T15:14:26Z,25.56,65.08,99,20,36.96,101.77,0.00,405.00,null,null,null
2023-08-06T15:15:26Z,25.54,65.09,99,20,37.97,101.78,0.00,400.00,0,0,0
2023-08-06T15:16:26Z,25.54,65.10,99,15,31.34,101.77,0.00,400.00,null,null,null
2023-08-06T15:17:26Z,25.56,65.05,99,16,35.80,101.77,0.00,400.00,null,null,null
2023-08-06T15:18:26Z,25.54,65.09,99,21,35.12,101.77,0.00,400.00,null,null,null
2023-08-06T15:19:26Z,25.54,65.08,100,14,36.92,101.77,0.00,400.00,null,null,null
2023-08-06T15:20:26Z,25.54,65.09,99,10,32.39,101.77,0.00,400.00,0,0,0
2023-08-06T15:21:26Z,25.57,65.09,99,6,32.34,101.77,0.00,400.00,null,null,null
2023-08-06T15:22:26Z,25.56,65.03,99,11,40.37,101.77,0.00,400.00,null,null,null
2023-08-06T15:23:26Z,25.56,65.02,99,20,30.19,101.77,0.00,400.00,null,null,null
2023-08-06T15:24:26Z,25.56,65.01,99,21,37.73,101.77,0.00,400.00,null,null,null
2023-08-06T15:25:26Z,25.58,65.07,99,20,34.43,101.77,0.00,400.00,0,0,0
2023-08-06T15:26:26Z,25.57,65.05,99,21,29.70,101.77,0.00,400.00,null,null,null
2023-08-06T15:27:26Z,25.62,65.05,99,22,29.42,101.77,0.00,405.00,null,null,null
2023-08-06T15:28:26Z,25.58,65.04,99,22,39.89,101.77,0.00,405.00,null,null,null
2023-08-06T15:29:26Z,25.60,65.05,99,22,36.89,101.77,0.00,405.00,null,null,null
2023-08-06T15:30:26Z,25.58,65.07,99,22,37.99,101.77,0.00,405.00,0,0,0
2023-08-06T15:31:26Z,25.60,65.02,99,20,39.50,101.77,0.00,400.00,null,null,null
2023-08-06T15:32:26Z,25.60,65.00,99,22,34.70,101.77,0.00,405.00,null,null,null
2023-08-06T15:33:26Z,25.60,64.96,99,22,35.37,101.77,0.00,405.00,null,null,null
2023-08-06T15:34:26Z,25.60,65.03,99,11,34.90,101.78,0.00,405.00,null,null,null
2023-08-06T15:35:26Z,25.60,64.98,99,5,28.06,101.78,0.00,405.00,0,0,0
2023-08-06T15:36:26Z,25.63,65.03,99,22,34.36,101.77,0.00,400.00,null,null,null
2023-08-06T15:37:26Z,25.64,64.96,99,23,32.40,101.77,0.00,400.00,null,null,null
2023-08-06T15:38:26Z,25.63,64.98,99,6,38.20,101.77,0.00,400.00,null,null,null
2023-08-06T15:39:26Z,25.64,64.99,99,24,30.75,101.77,0.00,400.00,null,null,null
2023-08-06T15:40:26Z,25.62,64.94,99,25,33.48,101.77,0.00,400.00,0,0,0
2023-08-06T15:41:26Z,25.62,64.98,99,24,35.68,101.77,0.00,400.00,null,null,null
2023-08-06T15:42:26Z,25.63,64.96,99,9,33.76,101.78,0.00,400.00,null,null,null
2023-08-06T15:43:26Z,25.64,64.93,99,22,34.37,101.78,0.00,400.00,null,null,null
2023-08-06T15:44:26Z,25.66,64.94,99,25,37.78,101.77,0.00,400.00,null,null,null
2023-08-06T15:45:26Z,25.63,64.95,99,21,41.21,101.77,0.00,405.00,0,0,0
2023-08-06T15:46:26Z,25.64,64.91,99,5,34.14,101.77,0.00,405.00,null,null,null
2023-08-06T15:47:26Z,25.66,64.91,99,2,36.15,101.78,0.00,400.00,null,null,null
2023-08-06T15:48:26Z,25.64,64.90,99,2,29.91,101.77,0.00,400.00,null,null,null
2023-08-06T15:49:26Z,25.64,64.92,99,2,37.28,101.78,0.00,405.00,null,null,null
2023-08-06T15:50:26Z,25.66,64.87,99,2,30.91,101.78,0.00,400.00,0,0,0
2023-08-06T15:51:26Z,25.64,64.92,99,3,37.95,101.78,0.00,405.00,null,null,null
2023-08-06T15:52:26Z,25.69,64.90,99,3,29.91,101.78,0.00,405.00,null,null,null
2023-08-06T15:53:26Z,25.67,64.87,99,4,39.73,101.79,0.00,400.00,null,null,null
2023-08-06T15:54:26Z,25.66,64.87,99,3,39.70,101.78,0.00,400.00,null,null,null
2023-08-06T15:55:26Z,25.67,64.83,99,5,35.10,101.78,0.00,400.00,0,0,0
2023-08-06T15:56:26Z,25.66,64.84,99,6,37.63,101.79,0.00,400.00,null,null,null
2023-08-06T15:57:26Z,25.67,64.78,99,7,32.11,101.79,0.00,400.00,null,null,null
2023-08-06T15:58:26Z,25.67,64.81,99,25,34.27,101.78,0.00,400.00,null,null,null
2023-08-06T15:59:26Z,25.69,64.81,99,24,35.97,101.79,0.00,400.00,null,null,null
2023-08-06T16:00:26Z,25.64,64.81,99,25,36.95,101.78,0.00,405.00,0,0,0
2023-08-06T16:01:26Z,25.69,64.76,99,21,33.39,101.79,0.00,405.00,null,null,null
2023-08-06T16:02:26Z,25.69,64.81,99,26,34.09,101.79,0.00,400.00,null,null,null
2023-08-06T16:03:26Z,25.70,64.78,99,26,57.37,101.79,0.00,400.00,null,null,null
2023-08-06T16:04:26Z,25.72,64.81,99,11,54.09,101.79,0.00,400.00,null,null,null
2023-08-06T16:05:26Z,25.69,64.97,99,20,67.62,101.79,0.00,405.00,0,0,0
2023-08-06T16:06:26Z,25.70,64.97,99,13,79.60,101.79,0.00,405.00,null,null,null
2023-08-06T16:07:26Z,25.72,64.98,99,10,43.16,101.79,1.00,409.00,null,null,null
2023-08-06T16:08:26Z,25.70,65.02,99,9,43.15,101.79,2.00,414.00,null,null,null
2023-08-06T16:09:26Z,25.74,65.02,99,7,39.24,101.79,2.00,414.00,null,null,null
2023-08-06T16:10:26Z,25.74,65.05,99,7,43.41,101.79,1.00,413.00,0,0,0
2023-08-06T16:11:26Z,25.73,65.26,99,5,45.05,101.79,1.00,413.00,null,null,null
2023-08-06T16:12:26Z,25.74,65.17,99,6,46.59,101.79,1.00,413.00,null,null,null
2023-08-06T16:13:26Z,25.72,65.41,99,6,46.72,101.79,2.00,414.00,null,null,null
2023-08-06T16:14:26Z,25.74,65.42,99,5,45.96,101.79,1.00,410.00,null,null,null
2023-08-06T16:15:26Z,25.73,65.46,99,8,52.97,101.79,1.00,410.00,0,0,0
2023-08-06T16:16:26Z,25.74,65.53,99,5,46.99,101.79,1.00,410.00,null,null,null
2023-08-06T16:17:26Z,25.74,65.41,99,2,37.30,101.79,1.00,410.00,null,null,null
2023-08-06T16:18:26Z,25.76,65.52,99,2,36.77,101.80,2.00,414.00,null,null,null
2023-08-06T16:19:26Z,25.76,65.79,99,2,37.12,101.80,0.00,400.00,null,null,null
2023-08-06T16:20:26Z,25.76,65.79,99,2,35.36,101.80,0.00,400.00,0,0,0
2023-08-06T16:21:26Z,25.77,65.86,99,2,37.30,101.80,0.00,400.00,null,null,null
2023-08-06T16:22:26Z,25.76,66.06,99,2,40.64,101.80,0.00,400.00,null,null,null
2023-08-06T16:23:26Z,25.77,66.06,99,2,43.16,101.80,0.00,400.00,null,null,null
2023-08-06T16:24:26Z,25.77,66.09,99,2,34.33,101.80,0.00,405.00,null,null,null
2023-08-06T16:25:26Z,25.76,66.18,99,2,39.62,101.80,0.00,400.00,0,0,0
2023-08-06T16:26:26Z,25.80,66.37,99,2,37.11,101.80,0.00,405.00,null,null,null
2023-08-06T16:27:26Z,25.78,66.29,99,1,39.20,101.80,0.00,400.00,null,null,null
2023-08-06T16:28:26Z,25.80,66.56,99,2,37.27,101.80,0.00,402.00,null,null,null
2023-08-06T16:29:26Z,25.77,66.39,99,2,35.95,101.80,0.00,402.00,null,null,null
2023-08-06T16:30:26Z,25.78,66.43,99,2,37.37,101.80,1.00,409.00,0,0,0
2023-08-06T16:31:26Z,25.81,66.56,99,2,39.55,101.79,1.00,409.00,null,null,null
2023-08-06T16:32:26Z,25.80,66.87,99,2,35.32,101.79,1.00,409.00,null,null,null
2023-08-06T16:33:26Z,25.80,67.20,99,2,35.16,101.79,0.00,405.00,null,null,null
2023-08-06T16:34:26Z,25.80,67.18,99,2,72.30,101.79,0.00,405.00,null,null,null
2023-08-06T16:35:26Z,25.81,67.26,99,2,37.77,101.79,0.00,405.00,0,0,0
2023-08-06T16:36:26Z,25.81,67.09,99,3,39.32,101.80,0.00,400.00,null,null,null
2023-08-06T16:37:26Z,25.81,67.21,99,5,42.18,101.79,0.00,403.00,null,null,null
2023-08-06T16:38:26Z,25.86,67.60,99,10,40.48,101.79,1.00,407.00,null,null,null
2023-08-06T16:39:26Z,25.86,67.64,99,5,38.87,101.79,0.00,403.00,null,null,null
2023-08-06T16:40:26Z,25.86,67.26,99,7,38.67,101.79,0.00,403.00,0,0,0
2023-08-06T16:41:26Z,25.87,67.41,99,27,38.16,101.80,0.00,403.00,null,null,null
2023-08-06T16:42:26Z,25.87,67.49,99,29,43.18,101.79,0.00,402.00,null,null,null
2023-08-06T16:43:26Z,25.87,67.82,99,13,40.53,101.80,0.00,406.00,null,null,null
2023-08-06T16:44:26Z,25.87,67.91,99,23,44.67,101.80,0.00,400.00,null,null,null
2023-08-06T16:45:26Z,25.84,67.82,100,27,47.70,101.80,0.00,403.00,0,0,0
2023-08-06T16:46:26Z,25.88,67.78,99,27,37.80,101.80,0.00,403.00,null,null,null
2023-08-06T16:47:26Z,25.91,67.83,99,23,36.94,101.80,0.00,403.00,null,null,null
2023-08-06T16:48:26Z,25.91,67.90,99,27,35.77,101.80,1.00,408.00,null,null,null
2023-08-06T16:49:26Z,25.88,67.92,99,26,38.23,101.80,1.00,408.00,null,null,null
2023-08-06T16:50:26Z,25.90,67.72,99,21,41.37,101.81,1.00,407.00,0,0,0
2023-08-06T16:51:26Z,25.91,67.58,99,27,33.67,101.80,1.00,411.00,null,null,null
2023-08-06T16:52:26Z,25.91,67.86,99,14,42.84,101.80,1.00,411.00,null,null,null
2023-08-06T16:53:26Z,25.94,67.57,99,27,33.10,101.81,0.00,400.00,null,null,null
2023-08-06T16:54:26Z,25.94,67.93,99,27,29.04,101.81,1.00,409.00,null,null,null
2023-08-06T16:55:26Z,25.94,68.27,99,27,42.04,101.81,0.00,405.00,0,0,0
2023-08-06T16:56:26Z,25.94,67.58,99,27,39.51,101.81,0.00,401.00,null,null,null
2023-08-06T16:57:26Z,25.97,67.71,99,28,42.37,101.81,1.00,409.00,null,null,null
2023-08-06T16:58:26Z,25.94,68.21,99,27,33.88,101.81,2.00,414.00,null,null,null
2023-08-06T16:59:26Z,25.96,68.86,99,22,39.09,101.81,1.00,408.00,null,null,null
2023-08-06T17:00:26Z,25.96,67.94,99,3,35.26,101.81,0.00,406.00,0,0,0
2023-08-06T17:01:26Z,25.94,68.53,99,3,38.04,101.82,1.00,413.00,null,null,null
2023-08-06T17:02:26Z,25.97,68.23,99,4,40.73,101.82,1.00,407.00,null,null,null
2023-08-06T17:03:26Z,25.96,69.18,99,26,39.94,101.82,1.00,410.00,null,null,null
2023-08-06T17:04:26Z,25.96,69.42,99,5,33.89,101.82,1.00,407.00,null,null,null
2023-08-06T17:05:26Z,26.00,69.38,99,23,34.05,101.82,0.00,403.00,0,0,0
2023-08-06T17:06:26Z,26.00,69.45,99,25,34.31,101.81,0.00,403.00,null,null,null
2023-08-06T17:07:26Z,26.01,69.32,99,27,39.88,101.81,1.00,407.00,null,null,null
2023-08-06T17:08:26Z,26.01,69.06,99,27,36.64,101.81,1.00,407.00,null,null,null
2023-08-06T17:09:26Z,26.02,69.35,100,27,39.02,101.81,1.00,410.00,null,null,null
2023-08-06T17:10:26Z,26.02,69.23,99,27,38.28,101.81,0.00,405.00,0,0,0
2023-08-06T17:11:26Z,26.04,69.10,99,27,37.48,101.82,0.00,403.00,null,null,null
2023-08-06T17:12:26Z,26.02,68.97,99,27,35.42,101.82,1.00,413.00,null,null,null
2023-08-06T17:13:26Z,26.05,68.96,99,27,39.13,101.81,1.00,407.00,null,null,null
2023-08-06T17:14:26Z,26.04,68.80,99,27,39.41,101.82,1.00,407.00,null,null,null
2023-08-06T17:15:26Z,26.02,68.89,99,26,36.44,101.81,1.00,407.00,0,0,0
2023-08-06T17:16:26Z,26.05,68.73,99,27,37.07,101.82,1.00,407.00,null,null,null
2023-08-06T17:17:26Z,26.05,68.68,99,27,38.34,101.81,1.00,410.00,null,null,null
2023-08-06T17:18:26Z,26.04,68.63,99,26,43.87,101.81,1.00,408.00,null,null,null
2023-08-06T17:19:26Z,26.05,68.47,99,26,35.37,101.82,1.00,408.00,null,null,null
2023-08-06T17:20:26Z,26.07,68.46,99,25,43.19,101.81,1.00,408.00,0,0,0
2023-08-06T17:21:26Z,26.09,68.63,99,15,58.00,101.82,1.00,407.00,null,null,null
2023-08-06T17:22:26Z,26.08,68.49,99,24,35.35,101.81,0.00,405.00,null,null,null
2023-08-06T17:23:26Z,26.08,68.38,99,20,40.49,101.81,0.00,400.00,null,null,null
2023-08-06T17:24:26Z,26.08,68.44,99,22,38.08,101.82,0.00,405.00,null,null,null
2023-08-06T17:25:26Z,26.07,68.40,99,20,35.93,101.81,0.00,400.00,0,0,0
2023-08-06T17:26:26Z,26.12,68.11,99,18,34.53,101.82,0.00,400.00,null,null,null
2023-08-06T17:27:26Z,26.14,68.18,99,16,39.53,101.82,0.00,403.00,null,null,null
2023-08-06T17:28:26Z,26.11,68.32,99,13,35.15,101.82,0.00,403.00,null,null,null
2023-08-06T17:29:26Z,26.11,68.21,99,12,40.32,101.83,0.00,400.00,null,null,null
2023-08-06T17:30:26Z,26.11,68.14,99,10,47.72,101.83,0.00,403.00,0,0,0
2023-08-06T17:31:26Z,26.12,68.12,99,7,39.49,101.82,0.00,403.00,null,null,null
2023-08-06T17:32:26Z,26.12,67.77,99,5,44.07,101.82,0.00,403.00,null,null,null
2023-08-06T17:33:26Z,26.08,67.70,99,3,47.54,101.83,0.00,403.00,null,null,null
2023-08-06T17:34:26Z,26.12,67.59,99,2,48.55,101.83,1.00,408.00,null,null,null
2023-08-06T17:35:26Z,26.14,67.54,99,2,48.13,101.83,1.00,407.00,0,0,0
2023-08-06T17:36:26Z,26.14,67.49,99,1,48.53,101.83,1.00,407.00,null,null,null
2023-08-06T17:37:26Z,26.14,67.46,99,1,51.44,101.83,1.00,407.00,null,null,null
2023-08-06T17:38:26Z,26.12,67.42,99,1,47.68,101.83,1.00,409.00,null,null,null
2023-08-06T17:39:26Z,26.14,67.56,99,1,51.49,101.83,1.00,409.00,null,null,null
2023-08-06T17:40:26Z,26.15,67.37,100,2,49.74,101.83,1.00,409.00,0,0,0
2023-08-06T17:41:26Z,26.15,67.60,99,2,43.88,101.83,1.00,409.00,null,null,null
2023-08-06T17:42:26Z,26.15,67.66,99,1,51.55,101.83,2.00,414.00,null,null,null
2023-08-06T17:43:26Z,26.17,68.15,99,1,47.87,101.83,1.00,408.00,null,null,null
2023-08-06T17:44:26Z,26.15,67.61,99,1,46.36,101.84,0.00,400.00,null,null,null
2023-08-06T17:45:26Z,26.17,67.66,99,1,42.50,101.84,0.00,401.00,0,0,0
2023-08-06T17:46:26Z,26.15,67.43,99,1,39.34,101.84,0.00,401.00,null,null,null
2023-08-06T17:47:26Z,26.15,67.26,99,2,33.21,101.85,0.00,400.00,null,null,null
2023-08-06T17:48:26Z,26.15,67.22,99,2,46.34,101.85,0.00,400.00,null,null,null
2023-08-06T17:49:26Z,26.15,67.05,99,1,40.19,101.84,0.00,400.00,null,null,null
2023-08-06T17:50:26Z,26.17,67.05,99,1,45.34,101.84,0.00,400.00,0,0,0
2023-08-06T17:51:26Z,26.17,66.94,99,1,42.47,101.85,0.00,400.00,null,null,null
2023-08-06T17:52:26Z,26.18,66.99,99,1,40.96,101.84,0.00,400.00,null,null,null
2023-08-06T17:53:26Z,26.18,66.90,99,1,40.66,101.84,0.00,400.00,null,null,null
2023-08-06T17:54:26Z,26.17,67.12,99,1,42.96,101.84,0.00,403.00,null,null,null
2023-08-06T17:55:26Z,26.17,67.10,99,1,36.73,101.84,0.00,400.00,0,0,0
2023-08-06T17:56:26Z,26.18,67.29,99,1,42.47,101.84,0.00,403.00,null,null,null
2023-08-06T17:57:26Z,26.20,67.13,99,1,40.94,101.84,0.00,400.00,null,null,null
2023-08-06T17:58:26Z,26.18,66.95,99,1,41.92,101.85,0.00,403.00,null,null,null
2023-08-06T17:59:26Z,26.21,66.74,99,1,43.43,101.84,0.00,403.00,null,null,null
2023-08-06T18:00:26Z,26.18,66.82,99,1,41.27,101.85,0.00,403.00,0,0,0
2023-08-06T18:01:26Z,26.20,66.74,99,1,38.16,101.85,0.00,400.00,null,null,null
2023-08-06T18:02:26Z,26.20,66.78,99,1,37.97,101.86,0.00,403.00,null,null,null
2023-08-06T18:03:26Z,26.20,66.56,99,1,39.41,101.86,0.00,400.00,null,null,null
2023-08-06T18:04:26Z,26.18,66.41,99,1,35.00,101.86,0.00,400.00,null,null,null
2023-08-06T18:05:26Z,26.17,66.17,99,2,36.33,101.86,0.00,400.00,0,0,0
2023-08-06T18:06:26Z,26.20,66.12,99,1,43.95,101.86,0.00,405.00,null,null,null
2023-08-06T18:07:26Z,26.18,66.20,99,1,37.98,101.86,1.00,407.00,null,null,null
2023-08-06T18:08:26Z,26.21,66.24,99,1,49.97,101.86,0.00,405.00,null,null,null
2023-08-06T18:09:26Z,26.20,65.74,99,1,38.59,101.86,1.00,407.00,null,null,null
2023-08-06T18:10:26Z,26.20,66.05,99,1,40.63,101.86,1.00,410.00,0,0,0
2023-08-06T18:11:26Z,26.18,65.95,99,1,35.14,101.86,1.00,413.00,null,null,null
2023-08-06T18:12:26Z,26.21,65.68,99,1,50.35,101.86,0.00,406.00,null,null,null
2023-08-06T18:13:26Z,26.21,65.45,99,1,50.65,101.87,2.00,416.00,null,null,null
2023-08-06T18:14:26Z,26.18,65.41,99,1,37.51,101.86,2.00,414.00,null,null,null
2023-08-06T18:15:26Z,26.21,65.68,99,1,44.45,101.87,2.00,414.00,0,0,0
2023-08-06T18:16:26Z,26.20,65.66,99,1,47.39,101.87,2.00,417.00,null,null,null
2023-08-06T18:17:26Z,26.20,65.84,99,1,41.52,101.87,3.00,421.00,null,null,null
2023-08-06T18:18:26Z,26.18,65.82,99,0,40.48,101.87,3.00,426.00,null,null,null
2023-08-06T18:19:26Z,26.18,65.88,99,1,42.19,101.87,3.00,425.00,null,null,null
2023-08-06T18:20:26Z,26.18,65.97,99,1,37.33,101.87,5.00,435.00,0,0,0
2023-08-06T18:21:26Z,26.20,65.91,99,1,41.59,101.87,6.00,441.00,null,null,null
2023-08-06T18:22:26Z,26.23,66.05,99,1,41.76,101.87,6.00,443.00,null,null,null
2023-08-06T18:23:26Z,26.21,66.17,99,0,39.08,101.87,7.00,451.00,null,null,null
2023-08-06T18:24:26Z,26.18,66.08,99,1,39.64,101.88,7.00,451.00,null,null,null
2023-08-06T18:25:26Z,26.20,66.25,99,1,59.05,101.88,8.00,457.00,0,0,0
2023-08-06T18:26:26Z,26.21,66.18,99,1,39.76,101.88,9.00,460.00,null,null,null
2023-08-06T18:27:26Z,26.20,66.36,99,1,43.51,101.88,9.00,464.00,null,null,null
2023-08-06T18:28:26Z,26.20,66.60,99,0,38.72,101.88,9.00,462.00,null,null,null
2023-08-06T18:29:26Z,26.21,66.46,100,1,37.27,101.88,11.00,475.00,null,null,null
2023-08-06T18:30:26Z,26.20,66.29,99,1,40.85,101.89,11.00,475.00,0,0,0
2023-08-06T18:31:26Z,26.20,66.52,99,1,44.41,101.88,11.00,477.00,null,null,null
2023-08-06T18:32:26Z,26.20,66.51,99,1,36.78,101.88,11.00,477.00,null,null,null
2023-08-06T18:33:26Z,26.21,66.43,99,1,39.29,101.88,12.00,482.00,null,null,null
2023-08-06T18:34:26Z,26.23,66.36,99,1,37.27,101.88,11.00,476.00,null,null,null
2023-08-06T18:35:26Z,26.20,66.35,99,1,38.95,101.88,11.00,476.00,0,0,0
2023-08-06T18:36:26Z,26.21,66.40,99,1,45.86,101.88,11.00,473.00,null,null,null
2023-08-06T18:37:26Z,26.23,66.23,99,1,40.63,101.88,11.00,478.00,null,null,null
2023-08-06T18:38:26Z,26.25,66.62,99,1,32.89,101.89,11.00,478.00,null,null,null
2023-08-06T18:39:26Z,26.21,66.72,99,1,41.63,101.88,9.00,464.00,null,null,null
2023-08-06T18:40:26Z,26.23,66.30,99,1,41.70,101.88,13.00,486.00,0,0,0
2023-08-06T18:41:26Z,26.23,66.22,99,1,43.94,101.89,12.00,481.00,null,null,null
2023-08-06T18:42:26Z,26.23,66.36,99,1,48.31,101.89,12.00,481.00,null,null,null
2023-08-06T18:43:26Z,26.23,66.15,99,1,38.84,101.88,12.00,480.00,null,null,null
2023-08-06T18:44:26Z,26.23,66.21,99,1,42.87,101.88,11.00,476.00,null,null,null
2023-08-06T18:45:26Z,26.23,66.31,99,1,48.63,101.89,12.00,480.00,0,0,0
2023-08-06T18:46:26Z,26.21,66.12,99,1,48.60,101.89,11.00,478.00,null,null,null
2023-08-06T18:47:26Z,26.24,66.01,99,0,44.87,101.89,12.00,480.00,null,null,null
2023-08-06T18:48:26Z,26.23,65.87,99,0,41.02,101.89,11.00,473.00,null,null,null
2023-08-06T18:49:26Z,26.23,65.88,99,0,39.78,101.89,11.00,473.00,null,null,null
2023-08-06T18:50:26Z,26.23,65.63,99,0,46.69,101.88,9.00,464.00,0,0,0
2023-08-06T18:51:26Z,26.21,65.71,99,0,42.99,101.89,9.00,463.00,null,null,null
2023-08-06T18:52:26Z,26.23,65.71,99,0,49.71,101.89,10.00,470.00,null,null,null
2023-08-06T18:53:26Z,26.23,65.57,99,0,48.80,101.89,11.00,473.00,null,null,null
2023-08-06T18:54:26Z,26.23,65.43,99,0,43.82,101.88,11.00,473.00,null,null,null
2023-08-06T18:55:26Z,26.23,65.16,99,0,38.37,101.88,9.00,465.00,0,0,0
2023-08-06T18:56:26Z,26.25,64.98,99,0,40.57,101.88,11.00,477.00,null,null,null
2023-08-06T18:57:26Z,26.24,64.86,99,0,50.25,101.89,6.00,442.00,null,null,null
2023-08-06T18:58:26Z,26.24,64.93,99,0,37.38,101.89,9.00,463.00,null,null,null
2023-08-06T18:59:26Z,26.24,64.98,99,0,46.74,101.88,8.00,459.00,null,null,null
2023-08-06T19:00:26Z,26.23,65.02,99,0,34.79,101.89,8.00,456.00,0,0,0
2023-08-06T19:01:26Z,26.25,64.76,99,0,34.68,101.89,8.00,456.00,null,null,null
2023-08-06T19:02:26Z,26.24,65.03,99,0,37.24,101.89,3.00,426.00,null,null,null
2023-08-06T19:03:26Z,26.23,64.71,99,0,38.01,101.89,7.00,452.00,null,null,null
2023-08-06T19:04:26Z,26.23,64.62,99,0,36.09,101.89,7.00,450.00,null,null,null
2023-08-06T19:05:26Z,26.23,64.38,99,0,47.13,101.89,7.00,450.00,0,0,0
2023-08-06T19:06:26Z,26.23,64.56,99,0,41.75,101.89,6.00,445.00,null,null,null
2023-08-06T19:07:26Z,26.21,64.65,99,0,31.66,101.89,6.00,445.00,null,null,null
2023-08-06T19:08:26Z,26.21,64.52,99,0,36.68,101.89,6.00,445.00,null,null,null
2023-08-06T19:09:26Z,26.23,64.44,99,0,34.94,101.89,5.00,439.00,null,null,null
2023-08-06T19:10:26Z,26.23,64.36,99,0,40.62,101.89,5.00,439.00,0,0,0
2023-08-06T19:11:26Z,26.21,64.56,99,0,38.32,101.89,5.00,434.00,null,null,null
2023-08-06T19:12:26Z,26.20,64.58,99,0,43.30,101.89,5.00,433.00,null,null,null
2023-08-06T19:13:26Z,26.23,64.97,99,0,42.27,101.90,5.00,438.00,null,null,null
2023-08-06T19:14:26Z,26.23,65.09,99,0,41.32,101.89,3.00,425.00,null,null,null
2023-08-06T19:15:26Z,26.23,64.49,99,0,42.47,101.90,2.00,417.00,0,0,0
2023-08-06T19:16:26Z,26.21,64.36,99,0,42.03,101.90,2.00,417.00,null,null,null
2023-08-06T19:17:26Z,26.23,63.75,99,0,39.21,101.90,1.00,408.00,null,null,null
2023-08-06T19:18:26Z,26.20,63.31,99,0,39.32,101.90,0.00,401.00,null,null,null
2023-08-06T19:19:26Z,26.21,63.26,99,0,45.07,101.90,0.00,401.00,null,null,null
2023-08-06T19:20:26Z,26.17,62.47,99,0,40.60,101.90,0.00,400.00,0,0,0
2023-08-06T19:21:26Z,26.20,62.33,99,0,44.73,101.90,1.00,407.00,null,null,null
2023-08-06T19:22:26Z,26.20,62.32,99,0,51.03,101.90,0.00,400.00,null,null,null
2023-08-06T19:23:26Z,26.20,62.13,99,0,40.27,101.90,0.00,400.00,null,null,null
2023-08-06T19:24:26Z,26.17,61.72,99,0,42.97,101.91,0.00,403.00,null,null,null
2023-08-06T19:25:26Z,26.17,61.73,99,0,43.81,101.90,0.00,401.00,0,0,0
2023-08-06T19:26:26Z,26.17,62.00,99,0,41.62,101.90,0.00,403.00,null,null,null
2023-08-06T19:27:26Z,26.17,62.17,99,0,39.35,101.91,0.00,400.00,null,null,null
2023-08-06T19:28:26Z,26.18,61.86,99,0,39.06,101.91,0.00,402.00,null,null,null
2023-08-06T19:29:26Z,26.17,62.19,99,0,42.48,101.91,0.00,402.00,null,null,null
2023-08-06T19:30:26Z,26.17,62.09,99,0,66.14,101.90,0.00,406.00,0,0,0
2023-08-06T19:31:26Z,26.18,62.25,99,0,45.29,101.91,1.00,410.00,null,null,null
2023-08-06T19:32:26Z,26.18,62.48,99,0,46.84,101.91,0.00,402.00,null,null,null
2023-08-06T19:33:26Z,26.20,62.51,99,0,42.22,101.91,1.00,410.00,null,null,null
2023-08-06T19:34:26Z,26.15,62.77,99,0,51.32,101.91,2.00,415.00,null,null,null
2023-08-06T19:35:26Z,26.17,62.83,99,0,35.10,101.92,0.00,406.00,0,0,0
2023-08-06T19:36:26Z,26.18,63.14,99,0,42.26,101.91,0.00,403.00,null,null,null
2023-08-06T19:37:26Z,26.18,63.07,99,0,47.19,101.91,1.00,408.00,null,null,null
2023-08-06T19:38:26Z,26.18,63.30,99,0,35.29,101.91,0.00,403.00,null,null,null
2023-08-06T19:39:26Z,26.18,63.43,99,0,39.34,101.91,0.00,400.00,null,null,null
2023-08-06T19:40:26Z,26.15,63.49,100,0,37.18,101.92,0.00,400.00,0,0,0
2023-08-06T19:41:26Z,26.20,63.79,99,0,39.84,101.91,1.00,408.00,null,null,null
2023-08-06T19:42:26Z,26.18,63.69,99,0,30.85,101.92,1.00,409.00,null,null,null
2023-08-06T19:43:26Z,26.15,63.80,99,0,32.77,101.91,1.00,413.00,null,null,null
2023-08-06T19:44:26Z,26.15,63.93,99,0,34.19,101.91,1.00,409.00,null,null,null
2023-08-06T19:45:26Z,26.18,63.87,99,0,46.65,101.92,1.00,409.00,0,0,0
2023-08-06T19:46:26Z,26.15,63.69,99,0,38.08,101.91,0.00,403.00,null,null,null
2023-08-06T19:47:26Z,26.18,63.41,99,0,36.02,101.92,0.00,400.00,null,null,null
2023-08-06T19:48:26Z,26.20,63.08,99,0,44.55,101.92,0.00,400.00,null,null,null
2023-08-06T19:49:26Z,26.18,62.90,99,0,49.33,101.92,0.00,400.00,null,null,null
2023-08-06T19:50:26Z,26.17,62.44,99,0,41.33,101.92,0.00,400.00,0,0,0
2023-08-06T19:51:26Z,26.17,62.34,99,0,39.40,101.92,0.00,400.00,null,null,null
2023-08-06T19:52:26Z,26.18,62.15,99,0,32.72,101.93,0.00,400.00,null,null,null
2023-08-06T19:53:26Z,26.17,61.83,99,0,44.48,101.93,0.00,402.00,null,null,null
2023-08-06T19:54:26Z,26.18,61.73,99,0,34.16,101.93,0.00,400.00,null,null,null
2023-08-06T19:55:26Z,26.14,61.87,99,0,46.04,101.94,0.00,401.00,0,0,0
2023-08-06T19:56:26Z,26.17,61.67,99,0,35.80,101.94,0.00,400.00,null,null,null
2023-08-06T19:57:26Z,26.17,61.78,99,0,34.72,101.94,0.00,403.00,null,null,null
2023-08-06T19:58:26Z,26.18,61.81,99,0,42.90,101.94,0.00,402.00,null,null,null
2023-08-06T19:59:26Z,26.18,61.86,99,0,38.80,101.94,1.00,409.00,null,null,null
2023-08-06T20:00:26Z,26.15,61.78,99,0,42.19,101.94,1.00,409.00,0,0,0
2023-08-06T20:01:26Z,26.15,61.67,99,0,44.63,101.94,0.00,402.00,null,null,null
2023-08-06T20:02:26Z,26.17,62.17,99,0,35.83,101.94,1.00,411.00,null,null,null
2023-08-06T20:03:26Z,26.18,62.28,99,0,40.78,101.94,1.00,413.00,null,null,null
2023-08-06T20:04:26Z,26.21,62.18,99,0,32.14,101.95,1.00,409.00,null,null,null
2023-08-06T20:05:26Z,26.15,62.49,99,0,43.54,101.95,1.00,410.00,0,0,0
2023-08-06T20:06:26Z,26.18,62.40,99,0,34.83,101.95,1.00,407.00,null,null,null
2023-08-06T20:07:26Z,26.18,62.49,99,0,44.72,101.95,1.00,409.00,null,null,null
2023-08-06T20:08:26Z,26.20,62.67,99,0,42.79,101.95,1.00,407.00,null,null,null
2023-08-06T20:09:26Z,26.17,62.21,99,0,36.87,101.95,1.00,409.00,null,null,null
2023-08-06T20:10:26Z,26.18,62.08,99,0,48.60,101.95,1.00,410.00,0,0,0
2023-08-06T20:11:26Z,26.18,62.31,99,0,39.35,101.95,0.00,405.00,null,null,null
2023-08-06T20:12:26Z,26.17,61.96,99,0,40.99,101.95,0.00,406.00,null,null,null
2023-08-06T20:13:26Z,26.18,61.96,99,0,41.21,101.95,1.00,409.00,null,null,null
2023-08-06T20:14:26Z,26.20,62.12,99,0,37.11,101.95,1.00,409.00,null,null,null
2023-08-06T20:15:26Z,26.17,62.47,99,0,34.73,101.95,0.00,402.00,0,0,0
2023-08-06T20:16:26Z,26.17,62.21,99,0,41.97,101.95,0.00,403.00,null,null,null
2023-08-06T20:17:26Z,26.18,61.76,99,0,56.59,101.95,1.00,408.00,null,null,null
2023-08-06T20:18:26Z,26.18,62.47,99,0,34.70,101.95,0.00,406.00,null,null,null
2023-08-06T20:19:26Z,26.17,62.56,99,0,42.52,101.96,0.00,405.00,null,null,null
2023-08-06T20:20:26Z,26.17,62.97,99,0,33.80,101.95,0.00,405.00,0,0,0
2023-08-06T20:21:26Z,26.15,62.38,99,0,33.51,101.95,0.00,400.00,null,null,null
2023-08-06T20:22:26Z,26.20,62.73,99,0,35.98,101.95,0.00,405.00,null,null,null
2023-08-06T20:23:26Z,26.18,62.52,99,0,52.65,101.96,0.00,402.00,null,null,null
2023-08-06T20:24:26Z,26.18,63.15,99,0,67.39,101.96,0.00,402.00,null,null,null
2023-08-06T20:25:26Z,26.18,63.37,99,0,62.42,101.96,0.00,400.00,0,0,0
2023-08-06T20:26:26Z,26.17,63.55,99,0,50.83,101.96,0.00,400.00,null,null,null
2023-08-06T20:27:26Z,26.18,63.61,99,0,47.27,101.96,1.00,413.00,null,null,null
2023-08-06T20:28:26Z,26.17,63.77,99,0,42.12,101.97,2.00,417.00,null,null,null
2023-08-06T20:29:26Z,26.18,63.76,99,0,61.27,101.96,2.00,414.00,null,null,null
2023-08-06T20:30:26Z,26.17,63.82,99,0,49.67,101.97,2.00,418.00,0,0,0
2023-08-06T20:31:26Z,26.18,61.69,99,0,62.40,101.97,2.00,418.00,null,null,null
2023-08-06T20:32:26Z,26.17,63.23,99,0,57.75,101.97,3.00,424.00,null,null,null
2023-08-06T20:33:26Z,26.18,63.18,99,0,58.68,101.97,2.00,416.00,null,null,null
2023-08-06T20:34:26Z,26.21,63.49,99,0,57.84,101.98,2.00,418.00,null,null,null
2023-08-06T20:35:26Z,26.20,63.04,99,0,63.38,101.98,1.00,409.00,0,0,0
2023-08-06T20:36:26Z,26.21,61.23,99,0,51.31,101.98,0.00,400.00,null,null,null
2023-08-06T20:37:26Z,26.21,61.66,99,0,55.55,101.98,1.00,411.00,null,null,null
2023-08-06T20:38:26Z,26.20,62.78,99,0,39.41,101.98,2.00,414.00,null,null,null
2023-08-06T20:39:26Z,26.18,62.03,99,0,72.13,101.98,0.00,402.00,null,null,null
2023-08-06T20:40:26Z,26.21,61.95,99,0,44.59,101.98,3.00,420.00,0,0,0
2023-08-06T20:41:26Z,26.18,61.72,99,0,60.67,101.98,5.00,434.00,null,null,null
2023-08-06T20:42:26Z,26.23,62.07,99,0,45.95,101.99,3.00,422.00,null,null,null
2023-08-06T20:43:26Z,26.20,61.36,99,0,63.10,101.98,1.00,407.00,null,null,null
2023-08-06T20:44:26Z,26.21,61.55,99,0,59.47,101.98,0.00,406.00,null,null,null
2023-08-06T20:45:26Z,26.20,61.25,99,0,57.93,101.98,0.00,400.00,0,0,0
2023-08-06T20:46:26Z,26.21,61.44,99,0,66.97,101.99,0.00,400.00,null,null,null
2023-08-06T20:47:26Z,26.20,61.44,99,0,48.58,101.98,0.00,400.00,null,null,null
2023-08-06T20:48:26Z,26.23,61.15,99,0,61.24,101.98,0.00,400.00,null,null,null
2023-08-06T20:49:26Z,26.18,61.08,99,0,55.26,101.99,0.00,400.00,null,null,null
2023-08-06T20:50:26Z,26.20,61.04,99,0,45.82,101.98,0.00,400.00,0,0,0
2023-08-06T20:51:26Z,26.21,61.10,99,0,46.28,101.99,0.00,400.00,null,null,null
2023-08-06T20:52:26Z,26.21,60.96,99,0,59.76,101.99,0.00,400.00,null,null,null
2023-08-06T20:53:26Z,26.21,60.66,99,0,64.07,101.99,0.00,400.00,null,null,null
2023-08-06T20:54:26Z,26.20,60.70,99,0,55.13,101.99,0.00,401.00,null,null,null
2023-08-06T20:55:26Z,26.20,60.81,99,0,56.50,101.99,0.00,405.00,0,0,0
2023-08-06T20:56:26Z,26.20,60.93,99,0,54.82,101.99,0.00,400.00,null,null,null
2023-08-06T20:57:26Z,26.23,61.35,99,0,51.58,101.99,0.00,406.00,null,null,null
2023-08-06T20:58:26Z,26.18,61.91,99,0,61.34,101.99,1.00,409.00,null,null,null
2023-08-06T20:59:26Z,26.20,61.87,99,0,57.01,102.00,1.00,413.00,null,null,null
2023-08-06T21:00:26Z,26.20,62.20,99,0,41.83,102.00,1.00,413.00,0,0,0
2023-08-06T21:01:26Z,26.23,62.27,99,0,45.35,102.00,3.00,420.00,null,null,null
2023-08-06T21:02:26Z,26.24,62.29,99,0,58.33,102.00,3.00,420.00,null,null,null
2023-08-06T21:03:26Z,26.23,62.30,99,0,56.35,102.00,3.00,420.00,null,null,null
2023-08-06T21:04:26Z,26.23,62.27,99,0,55.86,102.00,3.00,420.00,null,null,null
2023-08-06T21:05:26Z,26.23,62.52,99,0,57.44,102.00,3.00,420.00,0,0,0
2023-08-06T21:06:26Z,26.24,62.81,99,0,47.39,102.00,3.00,420.00,null,null,null
2023-08-06T21:07:26Z,26.25,62.50,99,0,64.29,102.00,5.00,439.00,null,null,null
2023-08-06T21:08:26Z,26.23,62.73,99,0,72.00,102.00,5.00,435.00,null,null,null
2023-08-06T21:09:26Z,26.25,62.75,99,0,51.91,102.01,7.00,448.00,null,null,null
2023-08-06T21:10:26Z,26.24,62.54,99,0,56.31,102.01,5.00,435.00,0,0,0
2023-08-06T21:11:26Z,26.27,63.09,99,0,46.75,102.01,6.00,443.00,null,null,null
2023-08-06T21:12:26Z,26.27,63.15,99,0,49.10,102.01,7.00,448.00,null,null,null
2023-08-06T21:13:26Z,26.29,63.36,99,0,57.47,102.01,7.00,448.00,null,null,null
2023-08-06T21:14:26Z,26.27,62.81,99,0,48.96,102.01,7.00,446.00,null,null,null
2023-08-06T21:15:26Z,26.25,61.85,99,0,58.56,102.01,3.00,420.00,0,0,0
2023-08-06T21:16:26Z,26.27,61.37,99,0,45.87,102.01,2.00,415.00,null,null,null
2023-08-06T21:17:26Z,26.27,61.77,99,0,66.97,102.01,0.00,405.00,null,null,null
2023-08-06T21:18:26Z,26.27,62.21,99,0,47.99,102.01,0.00,405.00,null,null,null
2023-08-06T21:19:26Z,26.24,61.73,99,0,68.07,102.01,0.00,405.00,null,null,null
2023-08-06T21:20:26Z,26.24,62.40,99,0,44.49,102.01,3.00,426.00,0,0,0
2023-08-06T21:21:26Z,26.25,62.03,99,0,51.55,102.01,3.00,420.00,null,null,null
2023-08-06T21:22:26Z,26.27,61.62,99,0,46.76,102.01,1.00,409.00,null,null,null
2023-08-06T21:23:26Z,26.28,61.40,100,0,47.44,102.01,0.00,406.00,null,null,null
2023-08-06T21:24:26Z,26.24,62.31,99,0,56.08,102.01,0.00,402.00,null,null,null
2023-08-06T21:25:26Z,26.25,62.39,99,0,61.44,102.01,2.00,417.00,0,0,0
2023-08-06T21:26:26Z,26.24,62.09,99,0,49.64,102.01,0.00,400.00,null,null,null
2023-08-06T21:27:26Z,26.27,62.22,99,0,58.98,102.01,2.00,417.00,null,null,null
2023-08-06T21:28:26Z,26.25,61.62,99,0,45.89,102.01,1.00,408.00,null,null,null
2023-08-06T21:29:26Z,26.27,61.18,99,0,54.21,102.01,0.00,400.00,null,null,null
2023-08-06T21:30:26Z,26.25,61.36,99,0,69.05,102.01,0.00,400.00,0,0,0
2023-08-06T21:31:26Z,26.28,62.26,99,0,52.92,102.01,0.00,400.00,null,null,null
2023-08-06T21:32:26Z,26.27,62.27,99,0,57.46,102.01,0.00,400.00,null,null,null
2023-08-06T21:33:26Z,26.25,61.94,99,0,47.73,102.01,0.00,400.00,null,null,null
2023-08-06T21:34:26Z,26.27,61.45,99,0,57.08,102.01,0.00,403.00,null,null,null
2023-08-06T21:35:26Z,26.28,62.25,99,0,62.63,102.01,0.00,402.00,0,0,0
2023-08-06T21:36:26Z,26.25,62.38,99,0,72.78,102.01,0.00,400.00,null,null,null
2023-08-06T21:37:26Z,26.28,61.87,99,0,59.34,102.01,1.00,409.00,null,null,null
2023-08-06T21:38:26Z,26.28,61.96,99,0,65.97,102.01,2.00,417.00,null,null,null
2023-08-06T21:39:26Z,26.28,61.64,99,0,50.24,102.02,1.00,413.00,null,null,null
2023-08-06T21:40:26Z,26.28,62.27,99,0,63.58,102.02,1.00,411.00,0,0,0
2023-08-06T21:41:26Z,26.28,62.52,99,0,58.81,102.02,0.00,405.00,null,null,null
2023-08-06T21:42:26Z,26.31,62.50,99,0,53.76,102.02,2.00,414.00,null,null,null
2023-08-06T21:43:26Z,26.32,62.92,99,0,50.01,102.02,2.00,416.00,null,null,null
2023-08-06T21:44:26Z,26.59,61.68,99,0,50.08,102.02,1.00,408.00,null,null,null
2023-08-06T21:45:26Z,26.62,61.53,99,0,51.48,102.02,1.00,410.00,0,0,0
2023-08-06T21:46:26Z,26.62,61.11,99,0,53.52,102.02,0.00,401.00,null,null,null
2023-08-06T21:47:26Z,26.64,60.82,99,0,48.66,102.02,0.00,400.00,null,null,null
2023-08-06T21:48:26Z,26.64,60.51,99,0,48.90,102.02,0.00,400.00,null,null,null
2023-08-06T21:49:26Z,26.67,60.29,99,0,58.72,102.02,0.00,400.00,null,null,null
2023-08-06T21:50:26Z,26.67,60.05,99,0,53.10,102.02,0.00,400.00,0,0,0
2023-08-06T21:51:26Z,26.67,59.75,99,0,49.14,102.02,0.00,400.00,null,null,null
2023-08-06T21:52:26Z,26.71,59.94,99,0,45.71,102.02,0.00,400.00,null,null,null
2023-08-06T21:53:26Z,26.72,59.68,99,0,50.30,102.01,0.00,400.00,null,null,null
2023-08-06T21:54:26Z,26.68,59.47,99,0,54.64,102.01,0.00,400.00,null,null,null
2023-08-06T21:55:26Z,26.71,59.39,99,0,48.09,102.02,0.00,400.00,0,0,0
2023-08-06T21:56:26Z,26.69,59.56,99,0,45.81,102.02,0.00,400.00,null,null,null
2023-08-06T21:57:26Z,26.72,60.36,99,0,45.43,102.02,0.00,402.00,null,null,null
2023-08-06T21:58:26Z,26.72,60.67,99,0,52.36,102.02,1.00,411.00,null,null,null
2023-08-06T21:59:26Z,26.74,60.32,99,0,44.70,102.02,3.00,420.00,null,null,null
2023-08-06T22:00:26Z,26.74,60.72,99,0,56.08,102.02,2.00,416.00,0,0,0
2023-08-06T22:01:26Z,26.75,60.74,99,0,54.44,102.02,3.00,425.00,null,null,null
2023-08-06T22:02:26Z,26.79,61.09,99,0,54.38,102.02,1.00,407.00,null,null,null
2023-08-06T22:03:26Z,26.77,61.09,99,0,53.66,102.02,0.00,403.00,null,null,null
2023-08-06T22:04:26Z,26.79,61.20,99,0,44.47,102.02,1.00,410.00,null,null,null
2023-08-06T22:05:26Z,26.82,61.25,99,0,51.77,102.02,2.00,417.00,0,0,0
2023-08-06T22:06:26Z,26.81,61.33,99,0,67.43,102.02,3.00,420.00,null,null,null
2023-08-06T22:07:26Z,26.81,61.17,99,0,63.09,102.02,2.00,415.00,null,null,null
2023-08-06T22:08:26Z,26.85,61.38,99,0,47.31,102.02,3.00,424.00,null,null,null
2023-08-06T22:09:26Z,26.85,61.41,99,0,60.27,102.02,3.00,420.00,null,null,null
2023-08-06T22:10:26Z,26.85,61.48,99,0,59.33,102.02,3.00,424.00,0,0,0
2023-08-06T22:11:26Z,26.83,61.53,99,0,47.98,102.02,3.00,426.00,null,null,null
