TIME,TEMP,HUM,BATT,LIGHT,NOISE_A,PRESS,CCS811_VOCS,CCS811_ECO2,PM_1,PM_25,PM_10
ISO 8601,C,%,%,Lux,dBA,kPa,ppb,ppm,ug/m3,ug/m3,ug/m3
Time,Temperature,Humidity,Battery,Light,Noise dBA,Barometric pressure,VOC Gas CCS811,eCO2 Gas CCS811,PM 1.0,PM 2.5,PM 10.0
,55,56,10,14,53,58,113,112,89,87,88
2023-08-18T23:59:03Z,27.01,67.17,99,0,42.78,100.93,110.00,1125.00,null,null,null
2023-08-19T00:00:03Z,27.01,67.15,99,0,44.18,100.93,112.00,1137.00,null,null,null
2023-08-19T00:01:03Z,26.98,67.20,99,0,41.41,100.93,110.00,1125.00,18,32,36
2023-08-19T00:02:03Z,26.99,67.17,99,0,41.60,100.94,110.00,1125.00,null,null,null
2023-08-19T00:03:03Z,27.01,67.16,99,0,41.84,100.94,110.00,1125.00,null,null,null
2023-08-19T00:04:03Z,27.01,67.09,99,0,43.89,100.93,108.00,1110.00,null,null,null
2023-08-19T00:05:03Z,26.99,67.17,99,0,41.46,100.93,108.00,1110.00,null,null,null
2023-08-19T00:06:03Z,26.99,67.15,99,0,41.58,100.93,108.00,1110.00,14,27,30
2023-08-19T00:07:03Z,26.98,67.19,99,0,45.68,100.94,106.00,1099.00,null,null,null
2023-08-19T00:08:03Z,26.99,67.12,99,0,42.44,100.94,106.00,1099.00,null,null,null
2023-08-19T00:09:03Z,27.01,67.11,99,0,41.62,100.95,104.00,1086.00,null,null,null
2023-08-19T00:10:03Z,26.98,67.14,99,0,47.89,100.95,106.00,1099.00,null,null,null
2023-08-19T00:11:03Z,26.98,67.19,99,0,41.98,100.96,106.00,1099.00,18,36,39
2023-08-19T00:12:03Z,26.96,67.19,99,0,44.53,100.97,104.00,1086.00,null,null,null
2023-08-19T00:13:03Z,26.99,67.15,99,0,48.78,100.97,104.00,1086.00,null,null,null
2023-08-19T00:14:03Z,26.98,67.19,99,0,41.99,100.98,103.00,1081.00,null,null,null
2023-08-19T00:15:03Z,26.98,67.18,99,0,44.36,100.98,103.00,1081.00,null,null,null
2023-08-19T00:16:03Z,26.96,67.19,99,0,41.12,100.97,103.00,1081.00,15,29,36
2023-08-19T00:17:03Z,26.98,67.24,99,0,42.05,100.98,103.00,1081.00,null,null,null
2023-08-19T00:18:03Z,26.98,67.17,99,0,43.99,100.98,103.00,1081.00,null,null,null
2023-08-19T00:19:03Z,26.98,67.29,99,0,41.94,100.98,103.00,1081.00,null,null,null
2023-08-19T00:20:03Z,26.96,67.22,99,0,42.44,100.98,102.00,1071.00,null,null,null
2023-08-19T00:21:03Z,26.95,67.15,99,0,41.08,100.97,103.00,1081.00,14,25,30
2023-08-19T00:22:03Z,26.95,67.24,99,0,41.84,100.98,100.00,1062.00,null,null,null
2023-08-19T00:23:03Z,26.98,67.20,99,0,47.96,100.98,102.00,1071.00,null,null,null
2023-08-19T00:24:03Z,26.98,67.20,99,0,49.01,100.97,100.00,1062.00,null,null,null
2023-08-19T00:25:03Z,26.95,67.19,99,0,42.34,100.97,100.00,1062.00,null,null,null
2023-08-19T00:26:03Z,26.95,67.26,99,0,41.57,100.96,103.00,1081.00,14,23,30
2023-08-19T00:27:03Z,26.95,67.23,99,0,41.39,100.96,99.00,1053.00,null,null,null
2023-08-19T00:28:03Z,26.96,67.25,99,0,41.25,100.96,99.00,1053.00,null,null,null
2023-08-19T00:29:03Z,26.98,67.20,99,0,41.97,100.96,99.00,1053.00,null,null,null
2023-08-19T00:30:03Z,26.98,67.22,99,0,42.36,100.95,100.00,1062.00,null,null,null
2023-08-19T00:31:03Z,26.96,67.21,99,0,43.01,100.95,100.00,1062.00,14,28,30
2023-08-19T00:32:03Z,26.95,67.24,99,0,41.29,100.94,103.00,1081.00,null,null,null
2023-08-19T00:33:03Z,26.96,67.20,99,0,42.27,100.94,99.00,1050.00,null,null,null
2023-08-19T00:34:03Z,26.96,67.20,99,0,41.19,100.95,100.00,1062.00,null,null,null
2023-08-19T00:35:03Z,26.96,67.21,99,0,41.43,100.95,100.00,1062.00,null,null,null
2023-08-19T00:36:03Z,26.92,67.24,99,0,41.31,100.94,100.00,1062.00,16,25,31
2023-08-19T00:37:03Z,26.94,67.25,99,0,41.88,100.94,99.00,1050.00,null,null,null
2023-08-19T00:38:03Z,26.95,67.22,99,0,41.41,100.94,99.00,1053.00,null,null,null
2023-08-19T00:39:03Z,26.95,67.19,99,0,41.59,100.93,103.00,1081.00,null,null,null
2023-08-19T00:40:03Z,26.95,67.21,99,0,41.57,100.93,100.00,1062.00,null,null,null
2023-08-19T00:41:03Z,26.92,67.16,99,0,41.77,100.92,100.00,1062.00,14,28,29
2023-08-19T00:42:03Z,26.94,67.27,99,0,41.50,100.93,100.00,1062.00,null,null,null
2023-08-19T00:43:03Z,26.98,67.22,99,0,41.36,100.92,99.00,1053.00,null,null,null
2023-08-19T00:44:03Z,26.95,67.23,99,0,41.64,100.92,103.00,1081.00,null,null,null
2023-08-19T00:45:03Z,26.94,67.22,99,0,41.65,100.91,100.00,1062.00,null,null,null
2023-08-19T00:46:03Z,26.94,67.22,99,0,41.43,100.91,99.00,1053.00,13,21,32
2023-08-19T00:47:03Z,26.91,67.25,99,0,41.37,100.91,99.00,1053.00,null,null,null
2023-08-19T00:48:03Z,26.95,67.21,99,0,42.31,100.91,102.00,1071.00,null,null,null
2023-08-19T00:49:03Z,26.94,67.15,99,0,41.83,100.91,103.00,1081.00,null,null,null
2023-08-19T00:50:03Z,26.94,67.16,99,0,41.38,100.91,100.00,1062.00,null,null,null
2023-08-19T00:51:03Z,26.92,67.25,99,0,42.23,100.90,103.00,1081.00,12,23,24
2023-08-19T00:52:03Z,26.94,67.31,99,0,41.45,100.91,103.00,1081.00,null,null,null
2023-08-19T00:53:03Z,26.94,67.23,99,0,41.15,100.91,102.00,1071.00,null,null,null
2023-08-19T00:54:03Z,26.92,67.25,99,0,41.77,100.91,100.00,1062.00,null,null,null
2023-08-19T00:55:03Z,26.95,67.24,99,0,40.93,100.91,102.00,1071.00,null,null,null
2023-08-19T00:56:03Z,26.92,67.26,99,0,41.79,100.92,100.00,1062.00,14,25,26
2023-08-19T00:57:03Z,26.95,67.26,99,0,41.48,100.92,102.00,1071.00,null,null,null
2023-08-19T00:58:03Z,26.94,67.25,99,0,42.03,100.93,99.00,1053.00,null,null,null
2023-08-19T00:59:03Z,26.92,67.23,99,0,41.78,100.93,103.00,1081.00,null,null,null
2023-08-19T01:00:03Z,26.91,67.24,99,0,42.29,100.93,103.00,1081.00,null,null,null
2023-08-19T01:01:03Z,26.94,67.23,99,0,41.17,100.92,102.00,1071.00,12,21,26
2023-08-19T01:02:03Z,26.91,67.25,99,0,41.60,100.92,102.00,1071.00,null,null,null
2023-08-19T01:03:03Z,26.94,67.25,99,0,41.30,100.92,102.00,1071.00,null,null,null
2023-08-19T01:04:03Z,26.94,67.30,99,0,42.08,100.93,102.00,1071.00,null,null,null
2023-08-19T01:05:03Z,26.92,67.27,99,0,41.12,100.93,102.00,1071.00,null,null,null
2023-08-19T01:06:03Z,26.91,67.26,99,0,41.32,100.93,102.00,1071.00,12,22,25
2023-08-19T01:07:03Z,26.92,67.29,99,0,41.90,100.93,103.00,1081.00,null,null,null
2023-08-19T01:08:03Z,26.92,67.26,99,0,42.42,100.94,102.00,1071.00,null,null,null
2023-08-19T01:09:03Z,26.92,67.25,99,0,41.43,100.93,103.00,1081.00,null,null,null
2023-08-19T01:10:03Z,26.92,67.23,99,0,41.63,100.93,102.00,1071.00,null,null,null
2023-08-19T01:11:03Z,26.92,67.30,99,0,40.81,100.93,103.00,1081.00,13,21,27
2023-08-19T01:12:03Z,26.91,67.27,99,0,41.09,100.92,102.00,1071.00,null,null,null
2023-08-19T01:13:03Z,26.94,67.25,99,0,42.68,100.92,102.00,1071.00,null,null,null
2023-08-19T01:14:03Z,26.92,67.21,99,0,41.66,100.91,105.00,1090.00,null,null,null
2023-08-19T01:15:03Z,26.92,67.27,99,0,42.21,100.92,103.00,1077.00,null,null,null
2023-08-19T01:16:03Z,26.90,67.25,99,0,41.07,100.92,102.00,1071.00,14,26,27
2023-08-19T01:17:03Z,26.91,67.28,99,0,41.90,100.91,102.00,1071.00,null,null,null
2023-08-19T01:18:03Z,26.92,67.23,99,0,42.19,100.91,103.00,1077.00,null,null,null
2023-08-19T01:19:03Z,26.92,67.31,99,0,41.70,100.92,103.00,1077.00,null,null,null
2023-08-19T01:20:03Z,26.92,67.32,99,0,40.47,100.93,103.00,1077.00,null,null,null
2023-08-19T01:21:03Z,26.90,67.35,99,0,41.94,100.93,103.00,1077.00,13,22,26
2023-08-19T01:22:03Z,26.90,67.32,99,0,40.96,100.94,102.00,1071.00,null,null,null
2023-08-19T01:23:03Z,26.91,67.33,99,0,41.74,100.93,103.00,1077.00,null,null,null
2023-08-19T01:24:03Z,26.91,67.29,99,0,41.28,100.93,103.00,1077.00,null,null,null
2023-08-19T01:25:03Z,26.90,67.25,99,0,41.85,100.93,104.00,1086.00,null,null,null
2023-08-19T01:26:03Z,26.90,67.27,99,0,41.73,100.94,103.00,1077.00,13,23,27
2023-08-19T01:27:03Z,26.90,67.33,99,0,41.89,100.94,103.00,1077.00,null,null,null
2023-08-19T01:28:03Z,26.94,67.27,99,0,41.24,100.92,103.00,1077.00,null,null,null
2023-08-19T01:29:03Z,26.90,67.27,99,0,41.73,100.93,103.00,1077.00,null,null,null
2023-08-19T01:30:03Z,26.91,67.27,99,0,45.70,100.92,103.00,1077.00,null,null,null
2023-08-19T01:31:03Z,26.88,67.32,99,0,41.31,100.94,103.00,1077.00,12,23,23
2023-08-19T01:32:03Z,26.88,67.29,99,0,41.71,100.94,103.00,1077.00,null,null,null
2023-08-19T01:33:03Z,26.90,67.27,99,0,42.39,100.93,103.00,1077.00,null,null,null
2023-08-19T01:34:03Z,26.90,67.28,99,0,41.56,100.94,103.00,1077.00,null,null,null
2023-08-19T01:35:03Z,26.91,67.27,99,0,42.16,100.94,102.00,1071.00,null,null,null
2023-08-19T01:36:03Z,26.90,67.29,99,0,41.21,100.94,103.00,1081.00,9,16,16
2023-08-19T01:37:03Z,26.90,67.32,99,0,41.39,100.94,103.00,1077.00,null,null,null
2023-08-19T01:38:03Z,26.88,67.30,99,0,41.64,100.94,102.00,1071.00,null,null,null
2023-08-19T01:39:03Z,26.91,67.26,99,0,41.03,100.93,102.00,1071.00,null,null,null
2023-08-19T01:40:03Z,26.90,67.29,99,0,41.39,100.93,102.00,1071.00,null,null,null
2023-08-19T01:41:03Z,26.91,67.31,99,0,41.50,100.92,102.00,1071.00,9,14,15
2023-08-19T01:42:03Z,26.87,67.35,99,0,41.15,100.93,99.00,1053.00,null,null,null
2023-08-19T01:43:03Z,26.90,67.24,99,0,41.24,100.93,102.00,1071.00,null,null,null
2023-08-19T01:44:03Z,26.88,67.18,99,0,41.63,100.94,100.00,1062.00,null,null,null
2023-08-19T01:45:03Z,26.92,67.27,99,0,41.06,100.93,100.00,1062.00,null,null,null
2023-08-19T01:46:03Z,26.90,67.25,99,0,41.19,100.94,99.00,1053.00,10,18,23
2023-08-19T01:47:03Z,26.90,67.25,99,0,42.49,100.93,97.00,1041.00,null,null,null
2023-08-19T01:48:03Z,26.90,67.22,99,0,42.15,100.93,99.00,1053.00,null,null,null
2023-08-19T01:49:03Z,26.88,67.23,99,0,41.35,100.93,99.00,1050.00,null,null,null
2023-08-19T01:50:03Z,26.88,67.22,99,0,41.89,100.93,99.00,1050.00,null,null,null
2023-08-19T01:51:03Z,26.88,67.22,99,0,42.38,100.93,99.00,1050.00,8,13,15
2023-08-19T01:52:03Z,26.88,67.24,99,0,42.09,100.93,99.00,1050.00,null,null,null
2023-08-19T01:53:03Z,26.88,67.21,99,0,41.17,100.93,100.00,1062.00,null,null,null
2023-08-19T01:54:03Z,26.88,67.19,99,0,41.24,100.93,99.00,1050.00,null,null,null
2023-08-19T01:55:03Z,26.88,67.19,99,0,41.76,100.93,100.00,1062.00,null,null,null
2023-08-19T01:56:03Z,26.90,67.22,99,0,41.45,100.93,99.00,1050.00,10,16,19
2023-08-19T01:57:03Z,26.88,67.20,99,0,41.67,100.93,99.00,1050.00,null,null,null
2023-08-19T01:58:03Z,26.88,67.16,99,0,41.41,100.94,100.00,1062.00,null,null,null
2023-08-19T01:59:03Z,26.88,67.21,99,0,42.15,100.93,99.00,1050.00,null,null,null
2023-08-19T02:00:03Z,26.88,67.20,99,0,41.54,100.93,100.00,1062.00,null,null,null
2023-08-19T02:01:03Z,26.88,67.15,99,0,41.50,100.93,100.00,1062.00,8,15,16
2023-08-19T02:02:03Z,26.87,67.18,99,0,41.69,100.93,99.00,1050.00,null,null,null
2023-08-19T02:03:03Z,26.87,67.21,99,0,42.31,100.92,99.00,1050.00,null,null,null
2023-08-19T02:04:03Z,26.87,67.17,99,0,41.58,100.93,100.00,1062.00,null,null,null
2023-08-19T02:05:03Z,26.87,67.16,99,0,41.35,100.93,99.00,1050.00,null,null,null
2023-08-19T02:06:03Z,26.87,67.17,99,0,42.22,100.93,100.00,1062.00,2,8,8
2023-08-19T02:07:03Z,26.88,67.17,99,0,41.89,100.93,100.00,1062.00,null,null,null
2023-08-19T02:08:03Z,26.87,67.15,99,0,41.59,100.93,99.00,1050.00,null,null,null
2023-08-19T02:09:03Z,26.87,67.12,99,0,41.08,100.93,100.00,1062.00,null,null,null
2023-08-19T02:10:03Z,26.85,67.10,99,0,41.49,100.93,100.00,1062.00,null,null,null
2023-08-19T02:11:03Z,26.88,67.16,99,0,41.39,100.93,99.00,1050.00,10,17,17
2023-08-19T02:12:03Z,26.85,67.15,99,0,41.75,100.93,100.00,1062.00,null,null,null
2023-08-19T02:13:03Z,26.88,67.09,99,0,40.89,100.93,100.00,1062.00,null,null,null
2023-08-19T02:14:03Z,26.87,67.10,99,0,41.42,100.93,99.00,1050.00,null,null,null
2023-08-19T02:15:03Z,26.87,67.06,99,0,41.96,100.93,99.00,1050.00,null,null,null
2023-08-19T02:16:03Z,26.84,67.15,99,0,41.50,100.93,99.00,1050.00,8,15,15
2023-08-19T02:17:03Z,26.85,67.11,99,0,41.68,100.93,99.00,1050.00,null,null,null
2023-08-19T02:18:03Z,26.88,67.09,99,0,41.48,100.92,99.00,1050.00,null,null,null
2023-08-19T02:19:03Z,26.88,67.08,99,0,41.47,100.93,100.00,1062.00,null,null,null
2023-08-19T02:20:03Z,26.85,67.09,99,0,41.70,100.93,99.00,1050.00,null,null,null
2023-08-19T02:21:03Z,26.85,67.07,99,0,41.39,100.93,99.00,1050.00,8,13,13
2023-08-19T02:22:03Z,26.87,67.08,99,0,41.46,100.93,99.00,1050.00,null,null,null
2023-08-19T02:23:03Z,26.85,67.00,99,0,41.59,100.93,97.00,1038.00,null,null,null
2023-08-19T02:24:03Z,26.87,66.99,99,0,42.25,100.92,97.00,1038.00,null,null,null
2023-08-19T02:25:03Z,26.85,66.98,99,0,41.77,100.93,97.00,1038.00,null,null,null
2023-08-19T02:26:03Z,26.85,66.99,99,0,42.04,100.93,97.00,1038.00,9,15,24
2023-08-19T02:27:03Z,26.87,67.00,99,0,41.96,100.93,97.00,1038.00,null,null,null
2023-08-19T02:28:03Z,26.87,66.97,99,0,42.24,100.93,97.00,1038.00,null,null,null
2023-08-19T02:29:03Z,26.85,66.95,99,0,41.28,100.93,96.00,1032.00,null,null,null
2023-08-19T02:30:03Z,26.88,66.91,99,0,41.72,100.92,96.00,1032.00,null,null,null
2023-08-19T02:31:03Z,26.87,66.97,99,0,41.77,100.93,99.00,1050.00,8,13,15
2023-08-19T02:32:03Z,26.87,67.00,99,345,41.79,100.91,97.00,1038.00,null,null,null
2023-08-19T02:33:03Z,26.88,66.95,99,339,41.20,100.92,99.00,1050.00,null,null,null
2023-08-19T02:34:03Z,26.88,66.89,99,335,40.99,100.91,97.00,1038.00,null,null,null
2023-08-19T02:35:03Z,26.88,66.87,99,332,41.85,100.91,97.00,1038.00,null,null,null
2023-08-19T02:36:03Z,26.87,66.93,99,327,41.76,100.91,97.00,1038.00,7,13,16
2023-08-19T02:37:03Z,26.85,66.88,99,326,41.24,100.91,97.00,1038.00,null,null,null
2023-08-19T02:38:03Z,26.88,66.84,99,324,41.13,100.91,99.00,1050.00,null,null,null
2023-08-19T02:39:03Z,26.85,66.85,99,320,41.62,100.91,99.00,1050.00,null,null,null
2023-08-19T02:40:03Z,26.88,66.89,99,320,41.76,100.90,97.00,1038.00,null,null,null
2023-08-19T02:41:03Z,26.85,66.87,99,237,44.03,100.91,99.00,1050.00,8,15,15
2023-08-19T02:42:03Z,26.87,66.80,99,234,45.71,100.92,99.00,1050.00,null,null,null
2023-08-19T02:43:03Z,26.87,66.84,99,236,45.06,100.91,99.00,1050.00,null,null,null
2023-08-19T02:44:03Z,26.85,66.89,99,234,43.71,100.92,99.00,1050.00,null,null,null
2023-08-19T02:45:03Z,26.85,66.93,99,233,47.27,100.91,97.00,1038.00,null,null,null
2023-08-19T02:46:03Z,26.85,66.93,99,232,44.23,100.91,97.00,1038.00,4,9,12
2023-08-19T02:47:03Z,26.88,66.95,99,232,45.38,100.91,97.00,1038.00,null,null,null
2023-08-19T02:48:03Z,26.87,67.00,99,230,47.34,100.90,99.00,1050.00,null,null,null
2023-08-19T02:49:03Z,26.87,67.03,99,230,46.42,100.91,97.00,1038.00,null,null,null
2023-08-19T02:50:03Z,26.88,66.97,99,229,48.28,100.91,99.00,1050.00,null,null,null
2023-08-19T02:51:03Z,26.85,67.01,99,232,48.49,100.91,99.00,1050.00,8,13,15
2023-08-19T02:52:03Z,26.85,67.09,99,231,46.71,100.91,99.00,1050.00,null,null,null
2023-08-19T02:53:03Z,26.90,67.06,99,228,43.40,100.91,99.00,1050.00,null,null,null
2023-08-19T02:54:03Z,26.88,66.98,99,231,45.44,100.91,100.00,1062.00,null,null,null
2023-08-19T02:55:03Z,26.87,67.05,99,229,43.54,100.91,100.00,1062.00,null,null,null
2023-08-19T02:56:03Z,26.88,66.98,99,229,45.68,100.92,100.00,1062.00,5,9,9
2023-08-19T02:57:03Z,26.91,67.04,99,229,47.12,100.91,100.00,1062.00,null,null,null
2023-08-19T02:58:03Z,26.90,66.95,99,229,42.95,100.91,100.00,1062.00,null,null,null
2023-08-19T02:59:03Z,26.90,66.87,99,229,44.24,100.91,100.00,1062.00,null,null,null
2023-08-19T03:00:03Z,26.91,66.87,99,229,44.43,100.92,100.00,1062.00,null,null,null
2023-08-19T03:01:03Z,26.90,66.88,99,228,46.50,100.91,99.00,1050.00,7,13,16
2023-08-19T03:02:03Z,26.91,66.98,99,228,43.10,100.92,100.00,1062.00,null,null,null
2023-08-19T03:03:03Z,26.91,66.89,99,228,45.34,100.92,100.00,1062.00,null,null,null
2023-08-19T03:04:03Z,26.92,66.90,99,228,48.00,100.92,99.00,1050.00,null,null,null
2023-08-19T03:05:03Z,26.92,66.92,99,228,46.11,100.92,99.00,1050.00,null,null,null
2023-08-19T03:06:03Z,26.91,66.97,99,228,45.98,100.92,100.00,1062.00,2,8,10
2023-08-19T03:07:03Z,26.94,66.94,99,228,45.22,100.92,99.00,1050.00,null,null,null
2023-08-19T03:08:03Z,26.92,66.89,99,228,49.13,100.93,99.00,1050.00,null,null,null
2023-08-19T03:09:03Z,26.91,66.83,99,228,45.31,100.93,100.00,1062.00,null,null,null
2023-08-19T03:10:03Z,26.94,66.78,99,228,44.11,100.93,99.00,1050.00,null,null,null
2023-08-19T03:11:03Z,26.92,66.85,99,228,47.15,100.92,100.00,1062.00,7,14,14
2023-08-19T03:12:03Z,26.91,66.81,99,228,50.08,100.93,99.00,1050.00,null,null,null
2023-08-19T03:13:03Z,26.92,66.84,99,228,44.31,100.93,100.00,1062.00,null,null,null
2023-08-19T03:14:03Z,26.94,66.78,99,228,45.85,100.93,99.00,1050.00,null,null,null
2023-08-19T03:15:03Z,26.94,66.85,99,228,46.92,100.92,100.00,1062.00,null,null,null
2023-08-19T03:16:03Z,26.92,66.83,99,227,46.71,100.93,100.00,1062.00,6,9,12
2023-08-19T03:17:03Z,26.95,66.82,99,228,47.90,100.92,99.00,1050.00,null,null,null
2023-08-19T03:18:03Z,26.94,66.78,99,228,44.21,100.93,100.00,1062.00,null,null,null
2023-08-19T03:19:03Z,26.92,66.84,99,227,45.51,100.93,100.00,1062.00,null,null,null
2023-08-19T03:20:03Z,26.94,66.89,99,227,54.66,100.93,100.00,1062.00,null,null,null
2023-08-19T03:21:03Z,26.94,66.84,99,227,46.20,100.93,103.00,1081.00,4,8,8
2023-08-19T03:22:03Z,26.95,66.82,99,0,48.63,100.93,103.00,1081.00,null,null,null
2023-08-19T03:23:03Z,26.95,66.73,99,0,48.41,100.94,100.00,1062.00,null,null,null
2023-08-19T03:24:03Z,26.95,66.73,99,0,44.83,100.94,102.00,1071.00,null,null,null
2023-08-19T03:25:03Z,26.94,66.60,99,0,46.65,100.95,102.00,1071.00,null,null,null
2023-08-19T03:26:03Z,26.95,66.66,99,0,47.13,100.94,105.00,1090.00,7,12,12
2023-08-19T03:27:03Z,26.96,66.67,99,0,49.11,100.95,105.00,1090.00,null,null,null
2023-08-19T03:28:03Z,26.96,66.57,99,0,48.46,100.95,105.00,1090.00,null,null,null
2023-08-19T03:29:03Z,27.01,66.59,99,0,44.34,100.95,105.00,1090.00,null,null,null
2023-08-19T03:30:03Z,26.96,66.58,99,0,46.15,100.95,105.00,1090.00,null,null,null
2023-08-19T03:31:03Z,26.94,66.51,99,0,43.57,100.95,105.00,1090.00,2,7,9
2023-08-19T03:32:03Z,26.98,66.57,99,0,51.07,100.95,105.00,1095.00,null,null,null
2023-08-19T03:33:03Z,26.98,66.53,99,0,45.90,100.95,105.00,1095.00,null,null,null
2023-08-19T03:34:03Z,26.98,66.48,99,0,42.53,100.95,105.00,1095.00,null,null,null
2023-08-19T03:35:03Z,26.95,66.55,99,0,44.97,100.95,105.00,1095.00,null,null,null
2023-08-19T03:36:03Z,26.96,66.51,99,0,46.21,100.95,107.00,1107.00,5,9,9
2023-08-19T03:37:03Z,26.98,66.50,99,0,46.41,100.96,105.00,1095.00,null,null,null
2023-08-19T03:38:03Z,26.99,66.45,99,0,48.98,100.95,105.00,1095.00,null,null,null
2023-08-19T03:39:03Z,26.98,66.45,99,0,46.45,100.95,107.00,1107.00,null,null,null
2023-08-19T03:40:03Z,26.99,66.40,99,0,44.04,100.96,105.00,1095.00,null,null,null
2023-08-19T03:41:03Z,26.96,66.44,99,0,46.41,100.96,105.00,1095.00,4,7,9
2023-08-19T03:42:03Z,26.98,66.33,99,0,46.71,100.96,105.00,1095.00,null,null,null
2023-08-19T03:43:03Z,26.98,66.28,99,0,52.83,100.96,105.00,1095.00,null,null,null
2023-08-19T03:44:03Z,26.99,66.36,99,0,44.08,100.96,105.00,1095.00,null,null,null
2023-08-19T03:45:03Z,26.98,66.36,99,0,46.21,100.96,105.00,1095.00,null,null,null
2023-08-19T03:46:03Z,26.95,66.38,99,0,49.44,100.96,105.00,1095.00,5,8,8
2023-08-19T03:47:03Z,26.96,66.32,99,0,42.84,100.96,105.00,1095.00,null,null,null
2023-08-19T03:48:03Z,26.98,66.26,99,0,47.73,100.96,107.00,1107.00,null,null,null
2023-08-19T03:49:03Z,26.98,66.27,99,0,46.77,100.96,107.00,1107.00,null,null,null
2023-08-19T03:50:03Z,26.99,66.31,99,0,55.37,100.96,105.00,1095.00,null,null,null
2023-08-19T03:51:03Z,26.96,66.31,99,0,44.84,100.96,107.00,1107.00,3,5,9
2023-08-19T03:52:03Z,26.96,66.36,99,0,43.58,100.96,105.00,1095.00,null,null,null
2023-08-19T03:53:03Z,27.01,66.30,99,0,49.41,100.97,107.00,1107.00,null,null,null
2023-08-19T03:54:03Z,27.01,66.29,99,0,46.08,100.97,107.00,1107.00,null,null,null
2023-08-19T03:55:03Z,26.98,66.41,99,0,45.22,100.97,105.00,1095.00,null,null,null
2023-08-19T03:56:03Z,26.96,66.38,99,0,52.71,100.97,107.00,1107.00,5,10,10
2023-08-19T03:57:03Z,26.96,66.36,99,0,48.37,100.98,105.00,1095.00,null,null,null
2023-08-19T03:58:03Z,27.01,66.32,99,0,46.92,100.98,107.00,1107.00,null,null,null
2023-08-19T03:59:03Z,26.98,66.24,99,0,47.05,100.98,107.00,1107.00,null,null,null
2023-08-19T04:00:03Z,26.98,66.22,99,0,45.33,100.98,107.00,1107.00,null,null,null
2023-08-19T04:01:03Z,26.98,66.22,99,0,45.18,100.98,109.00,1122.00,3,5,7
2023-08-19T04:02:03Z,26.99,66.19,99,0,46.83,100.98,109.00,1122.00,null,null,null
2023-08-19T04:03:03Z,27.01,66.18,99,0,47.24,100.99,109.00,1122.00,null,null,null
2023-08-19T04:04:03Z,27.01,66.28,99,0,52.89,100.98,107.00,1107.00,null,null,null
2023-08-19T04:05:03Z,26.98,66.25,99,0,46.32,100.99,107.00,1107.00,null,null,null
2023-08-19T04:06:03Z,26.99,66.25,99,0,48.53,100.98,105.00,1095.00,3,7,7
2023-08-19T04:07:03Z,26.99,66.26,99,0,47.78,100.99,109.00,1122.00,null,null,null
2023-08-19T04:08:03Z,26.98,66.20,99,0,48.71,100.99,109.00,1122.00,null,null,null
2023-08-19T04:09:03Z,26.98,66.20,99,0,52.14,100.98,109.00,1122.00,null,null,null
2023-08-19T04:10:03Z,27.01,66.24,99,0,45.26,100.99,109.00,1122.00,null,null,null
2023-08-19T04:11:03Z,26.96,66.12,99,0,46.63,100.99,109.00,1122.00,6,8,8
2023-08-19T04:12:03Z,26.98,66.09,99,0,45.76,100.98,109.00,1122.00,null,null,null
2023-08-19T04:13:03Z,26.99,66.12,99,0,44.54,100.99,109.00,1122.00,null,null,null
2023-08-19T04:14:03Z,26.99,66.05,99,0,44.34,100.98,109.00,1122.00,null,null,null
2023-08-19T04:15:03Z,26.99,66.12,99,0,42.61,100.99,109.00,1122.00,null,null,null
2023-08-19T04:16:03Z,26.98,66.04,99,0,44.46,100.98,109.00,1122.00,3,6,9
2023-08-19T04:17:03Z,26.98,66.15,99,0,46.16,100.99,109.00,1122.00,null,null,null
2023-08-19T04:18:03Z,26.99,66.05,99,0,44.17,100.99,109.00,1122.00,null,null,null
2023-08-19T04:19:03Z,27.01,66.12,99,0,46.30,100.99,109.00,1122.00,null,null,null
2023-08-19T04:20:03Z,26.98,66.16,99,0,48.04,100.99,109.00,1122.00,null,null,null
2023-08-19T04:21:03Z,26.99,66.10,99,0,43.72,100.99,109.00,1122.00,5,9,9
2023-08-19T04:22:03Z,26.99,66.07,99,0,46.76,100.99,109.00,1122.00,null,null,null
2023-08-19T04:23:03Z,27.01,66.03,99,0,44.50,100.99,109.00,1122.00,null,null,null
2023-08-19T04:24:03Z,27.01,65.93,99,0,45.86,101.00,109.00,1122.00,null,null,null
2023-08-19T04:25:03Z,26.98,65.98,99,0,46.27,101.00,107.00,1107.00,null,null,null
2023-08-19T04:26:03Z,26.98,66.03,99,0,44.00,101.00,107.00,1107.00,3,7,8
2023-08-19T04:27:03Z,26.98,66.30,99,0,41.30,101.00,109.00,1122.00,null,null,null
2023-08-19T04:28:03Z,26.98,66.06,99,0,41.33,101.00,109.00,1122.00,null,null,null
2023-08-19T04:29:03Z,26.99,65.97,99,0,41.98,101.00,109.00,1122.00,null,null,null
2023-08-19T04:30:03Z,26.96,65.84,99,0,41.41,101.00,109.00,1122.00,null,null,null
2023-08-19T04:31:03Z,26.98,65.88,99,0,40.91,101.00,107.00,1107.00,4,7,8
2023-08-19T04:32:03Z,26.96,65.87,99,0,41.21,101.00,106.00,1102.00,null,null,null
2023-08-19T04:33:03Z,26.96,65.75,99,0,41.57,101.00,107.00,1107.00,null,null,null
2023-08-19T04:34:03Z,26.98,65.76,99,0,41.26,101.01,106.00,1102.00,null,null,null
2023-08-19T04:35:03Z,26.95,65.74,99,0,41.00,101.00,108.00,1110.00,null,null,null
2023-08-19T04:36:03Z,26.95,65.72,99,0,42.30,101.01,105.00,1093.00,3,7,7
2023-08-19T04:37:03Z,26.96,65.78,99,0,42.20,101.00,103.00,1081.00,null,null,null
2023-08-19T04:38:03Z,26.94,65.68,99,0,42.11,101.00,104.00,1083.00,null,null,null
2023-08-19T04:39:03Z,26.94,65.66,99,0,41.61,101.00,103.00,1081.00,null,null,null
2023-08-19T04:40:03Z,26.95,65.55,99,0,41.22,101.00,103.00,1081.00,null,null,null
2023-08-19T04:41:03Z,26.92,65.50,99,0,41.96,101.01,101.00,1068.00,3,7,7
2023-08-19T04:42:03Z,26.94,65.59,99,0,42.07,101.01,98.00,1044.00,null,null,null
2023-08-19T04:43:03Z,26.94,65.54,99,0,42.38,101.01,100.00,1062.00,null,null,null
2023-08-19T04:44:03Z,26.91,65.60,99,0,41.64,101.01,100.00,1062.00,null,null,null
2023-08-19T04:45:03Z,26.92,65.64,99,0,41.53,101.01,100.00,1062.00,null,null,null
2023-08-19T04:46:03Z,26.91,65.57,99,0,41.67,101.02,98.00,1044.00,3,5,8
2023-08-19T04:47:03Z,26.91,65.61,99,0,41.64,101.02,98.00,1044.00,null,null,null
2023-08-19T04:48:03Z,26.90,65.53,99,0,41.66,101.02,98.00,1044.00,null,null,null
2023-08-19T04:49:03Z,26.92,65.50,99,0,41.29,101.02,96.00,1032.00,null,null,null
2023-08-19T04:50:03Z,26.88,65.48,99,0,41.51,101.02,96.00,1032.00,null,null,null
2023-08-19T04:51:03Z,26.90,65.41,99,0,42.14,101.02,96.00,1032.00,3,6,6
2023-08-19T04:52:03Z,26.88,65.41,99,0,41.55,101.02,94.00,1019.00,null,null,null
2023-08-19T04:53:03Z,26.87,65.42,99,0,41.77,101.03,96.00,1032.00,null,null,null
2023-08-19T04:54:03Z,26.90,65.42,99,0,41.35,101.03,96.00,1032.00,null,null,null
2023-08-19T04:55:03Z,26.88,65.44,99,0,41.35,101.03,96.00,1032.00,null,null,null
2023-08-19T04:56:03Z,26.87,65.47,99,0,41.52,101.03,94.00,1019.00,3,6,6
2023-08-19T04:57:03Z,26.88,65.47,99,0,42.10,101.03,96.00,1032.00,null,null,null
2023-08-19T04:58:03Z,26.88,65.46,99,0,42.16,101.03,94.00,1019.00,null,null,null
2023-08-19T04:59:03Z,26.87,65.44,99,0,41.94,101.03,94.00,1019.00,null,null,null
2023-08-19T05:00:03Z,26.84,65.43,99,0,40.67,101.03,94.00,1019.00,null,null,null
2023-08-19T05:01:03Z,26.83,65.49,99,0,41.62,101.04,92.00,1009.00,4,7,7
2023-08-19T05:02:03Z,26.85,65.48,99,0,41.81,101.04,92.00,1009.00,null,null,null
2023-08-19T05:03:03Z,26.87,65.48,99,0,42.05,101.04,94.00,1019.00,null,null,null
2023-08-19T05:04:03Z,26.85,65.52,99,0,40.93,101.04,94.00,1019.00,null,null,null
2023-08-19T05:05:03Z,26.83,65.55,99,0,42.05,101.03,96.00,1032.00,null,null,null
2023-08-19T05:06:03Z,26.83,65.55,99,0,41.15,101.04,96.00,1032.00,2,3,7
2023-08-19T05:07:03Z,26.85,65.63,99,0,40.95,101.04,94.00,1019.00,null,null,null
2023-08-19T05:08:03Z,26.85,65.58,99,0,41.22,101.04,94.00,1019.00,null,null,null
2023-08-19T05:09:03Z,26.84,65.55,99,1,40.73,101.05,96.00,1032.00,null,null,null
2023-08-19T05:10:03Z,26.85,65.53,99,1,41.88,101.04,96.00,1032.00,null,null,null
2023-08-19T05:11:03Z,26.83,65.52,99,1,41.18,101.05,96.00,1032.00,1,4,4
2023-08-19T05:12:03Z,26.84,65.51,99,1,41.83,101.05,94.00,1019.00,null,null,null
2023-08-19T05:13:03Z,26.84,65.53,99,1,41.36,101.05,98.00,1044.00,null,null,null
2023-08-19T05:14:03Z,26.84,65.51,99,0,41.36,101.05,96.00,1032.00,null,null,null
2023-08-19T05:15:03Z,26.83,65.51,99,0,42.31,101.05,98.00,1044.00,null,null,null
2023-08-19T05:16:03Z,26.83,65.45,99,0,41.48,101.05,96.00,1032.00,2,3,6
2023-08-19T05:17:03Z,26.83,65.30,99,0,41.39,101.05,96.00,1032.00,null,null,null
2023-08-19T05:18:03Z,26.83,65.30,99,0,42.96,101.06,94.00,1019.00,null,null,null
2023-08-19T05:19:03Z,26.83,65.31,99,0,40.94,101.06,94.00,1019.00,null,null,null
2023-08-19T05:20:03Z,26.78,65.34,99,1,42.69,101.06,96.00,1032.00,null,null,null
2023-08-19T05:21:03Z,26.80,65.38,99,1,41.24,101.06,94.00,1019.00,2,4,4
2023-08-19T05:22:03Z,26.80,65.45,99,2,41.39,101.06,96.00,1032.00,null,null,null
2023-08-19T05:23:03Z,26.84,65.36,99,0,41.85,101.06,94.00,1019.00,null,null,null
2023-08-19T05:24:03Z,26.81,65.41,99,1,41.21,101.06,94.00,1019.00,null,null,null
2023-08-19T05:25:03Z,26.78,65.40,99,1,42.21,101.06,94.00,1019.00,null,null,null
2023-08-19T05:26:03Z,26.80,65.44,99,1,41.30,101.07,94.00,1019.00,3,6,8
2023-08-19T05:27:03Z,26.80,65.42,99,1,41.22,101.06,94.00,1019.00,null,null,null
2023-08-19T05:28:03Z,26.80,65.45,99,0,41.51,101.06,96.00,1032.00,null,null,null
2023-08-19T05:29:03Z,26.78,65.41,99,1,40.83,101.07,96.00,1032.00,null,null,null
2023-08-19T05:30:03Z,26.78,65.46,99,1,41.97,101.06,96.00,1032.00,null,null,null
2023-08-19T05:31:03Z,26.74,65.37,99,1,41.66,101.07,96.00,1032.00,2,3,3
2023-08-19T05:32:03Z,26.78,65.30,99,2,41.07,101.07,94.00,1019.00,null,null,null
2023-08-19T05:33:03Z,26.78,65.28,99,2,41.23,101.06,96.00,1032.00,null,null,null
2023-08-19T05:34:03Z,26.78,65.28,99,2,41.17,101.07,96.00,1032.00,null,null,null
2023-08-19T05:35:03Z,26.77,65.31,99,2,41.38,101.07,96.00,1032.00,null,null,null
2023-08-19T05:36:03Z,26.75,65.31,99,2,41.37,101.07,94.00,1019.00,2,3,3
2023-08-19T05:37:03Z,26.75,65.37,99,2,42.05,101.08,96.00,1032.00,null,null,null
2023-08-19T05:38:03Z,26.75,65.39,99,3,42.33,101.07,96.00,1032.00,null,null,null
2023-08-19T05:39:03Z,26.78,65.46,99,3,40.88,101.08,98.00,1044.00,null,null,null
2023-08-19T05:40:03Z,26.77,65.49,99,3,40.84,101.08,96.00,1032.00,null,null,null
2023-08-19T05:41:03Z,26.75,65.50,99,3,41.22,101.08,98.00,1044.00,1,3,4
2023-08-19T05:42:03Z,26.77,65.50,99,3,41.46,101.08,98.00,1044.00,null,null,null
2023-08-19T05:43:03Z,26.75,65.47,99,3,42.29,101.09,101.00,1068.00,null,null,null
2023-08-19T05:44:03Z,26.73,65.47,99,3,43.57,101.08,100.00,1062.00,null,null,null
2023-08-19T05:45:03Z,26.75,65.49,99,3,40.95,101.09,100.00,1062.00,null,null,null
2023-08-19T05:46:03Z,26.75,65.47,99,3,41.24,101.09,101.00,1068.00,2,3,3
2023-08-19T05:47:03Z,26.73,65.46,99,3,42.06,101.09,100.00,1062.00,null,null,null
2023-08-19T05:48:03Z,26.73,65.44,99,3,41.40,101.09,101.00,1068.00,null,null,null
2023-08-19T05:49:03Z,26.75,65.39,99,3,44.84,101.09,101.00,1068.00,null,null,null
2023-08-19T05:50:03Z,26.74,65.44,99,3,41.49,101.10,101.00,1068.00,null,null,null
2023-08-19T05:51:03Z,26.75,65.40,99,3,40.92,101.10,100.00,1062.00,4,7,7
2023-08-19T05:52:03Z,26.75,65.39,99,3,41.68,101.10,100.00,1062.00,null,null,null
2023-08-19T05:53:03Z,26.77,65.33,99,3,41.29,101.10,100.00,1062.00,null,null,null
2023-08-19T05:54:03Z,26.75,65.38,99,3,42.28,101.10,96.00,1032.00,null,null,null
2023-08-19T05:55:03Z,26.75,65.43,99,3,41.35,101.11,96.00,1032.00,null,null,null
2023-08-19T05:56:03Z,26.74,65.41,99,3,40.20,101.11,96.00,1032.00,2,4,7
2023-08-19T05:57:03Z,26.74,65.53,99,3,45.29,101.11,108.00,1113.00,null,null,null
2023-08-19T05:58:03Z,26.75,65.44,99,3,46.59,101.11,96.00,1032.00,null,null,null
2023-08-19T05:59:03Z,26.74,65.57,99,3,44.34,101.11,110.00,1128.00,null,null,null
2023-08-19T06:00:03Z,26.77,65.67,99,4,45.00,101.11,100.00,1062.00,null,null,null
2023-08-19T06:01:03Z,26.73,65.56,99,5,45.06,101.11,100.00,1062.00,3,6,7
2023-08-19T06:02:03Z,26.77,65.49,99,4,45.28,101.12,100.00,1062.00,null,null,null
2023-08-19T06:03:03Z,26.74,65.49,99,5,45.24,101.12,100.00,1062.00,null,null,null
2023-08-19T06:04:03Z,26.75,65.50,99,4,48.25,101.12,100.00,1062.00,null,null,null
2023-08-19T06:05:03Z,26.74,65.51,99,4,47.95,101.12,101.00,1068.00,null,null,null
2023-08-19T06:06:03Z,26.75,65.55,99,4,44.79,101.13,100.00,1062.00,2,5,7
2023-08-19T06:07:03Z,26.77,65.60,99,4,44.65,101.13,101.00,1068.00,null,null,null
2023-08-19T06:08:03Z,26.75,65.59,99,5,44.48,101.12,101.00,1068.00,null,null,null
2023-08-19T06:09:03Z,26.77,65.48,99,5,45.62,101.13,103.00,1081.00,null,null,null
2023-08-19T06:10:03Z,26.77,65.53,99,4,66.12,101.13,103.00,1081.00,null,null,null
2023-08-19T06:11:03Z,26.77,65.59,99,5,66.32,101.13,117.00,1168.00,2,4,7
2023-08-19T06:12:03Z,26.77,65.61,99,5,46.44,101.13,105.00,1093.00,null,null,null
2023-08-19T06:13:03Z,26.77,65.53,99,5,43.80,101.13,103.00,1081.00,null,null,null
2023-08-19T06:14:03Z,26.77,65.54,99,6,57.74,101.14,105.00,1093.00,null,null,null
2023-08-19T06:15:03Z,26.78,65.60,99,5,47.43,101.14,105.00,1093.00,null,null,null
2023-08-19T06:16:03Z,26.77,65.64,99,5,44.77,101.14,108.00,1110.00,3,6,8
2023-08-19T06:17:03Z,26.80,65.63,99,4,45.81,101.15,109.00,1118.00,null,null,null
2023-08-19T06:18:03Z,26.77,65.79,99,4,59.06,101.15,109.00,1118.00,null,null,null
2023-08-19T06:19:03Z,26.78,65.80,99,5,65.51,101.15,109.00,1122.00,null,null,null
2023-08-19T06:20:03Z,26.78,65.83,99,5,57.27,101.15,109.00,1122.00,null,null,null
2023-08-19T06:21:03Z,26.80,65.92,99,5,62.15,101.16,113.00,1147.00,2,4,4
2023-08-19T06:22:03Z,26.81,65.89,99,5,44.92,101.16,111.00,1134.00,null,null,null
2023-08-19T06:23:03Z,26.80,65.65,99,6,59.42,101.16,115.00,1159.00,null,null,null
2023-08-19T06:24:03Z,26.83,65.66,99,6,41.74,101.17,119.00,1184.00,null,null,null
2023-08-19T06:25:03Z,26.84,65.92,99,6,43.49,101.17,126.00,1228.00,null,null,null
2023-08-19T06:26:03Z,26.81,66.01,99,6,46.57,101.17,124.00,1215.00,2,3,3
2023-08-19T06:27:03Z,26.81,66.02,99,7,47.74,101.18,126.00,1231.00,null,null,null
2023-08-19T06:28:03Z,26.83,65.91,99,6,42.83,101.17,128.00,1242.00,null,null,null
2023-08-19T06:29:03Z,26.83,65.98,99,7,68.41,101.18,130.00,1259.00,null,null,null
2023-08-19T06:30:03Z,26.83,65.94,99,7,43.88,101.18,133.00,1274.00,null,null,null
2023-08-19T06:31:03Z,26.84,66.00,99,7,44.94,101.18,133.00,1274.00,3,6,8
2023-08-19T06:32:03Z,26.87,66.01,99,7,45.08,101.18,135.00,1288.00,null,null,null
2023-08-19T06:33:03Z,26.87,65.88,99,3,40.72,101.18,137.00,1302.00,null,null,null
2023-08-19T06:34:03Z,26.84,65.35,99,3,41.82,101.18,137.00,1302.00,null,null,null
2023-08-19T06:35:03Z,26.87,65.09,99,3,41.73,101.18,136.00,1299.00,null,null,null
2023-08-19T06:36:03Z,26.81,64.92,99,3,42.21,101.18,138.00,1310.00,1,4,4
2023-08-19T06:37:03Z,26.81,65.17,99,3,41.38,101.18,138.00,1310.00,null,null,null
2023-08-19T06:38:03Z,26.84,65.25,99,3,42.03,101.18,136.00,1295.00,null,null,null
2023-08-19T06:39:03Z,26.83,65.32,99,3,42.00,101.17,138.00,1310.00,null,null,null
2023-08-19T06:40:03Z,26.80,65.35,99,3,41.78,101.17,136.00,1299.00,null,null,null
2023-08-19T06:41:03Z,26.81,65.34,99,4,42.43,101.17,134.00,1285.00,2,3,3
2023-08-19T06:42:03Z,26.78,65.35,99,4,41.71,101.17,132.00,1270.00,null,null,null
2023-08-19T06:43:03Z,26.81,65.35,99,4,41.71,101.17,132.00,1270.00,null,null,null
2023-08-19T06:44:03Z,26.83,65.30,99,6,41.20,101.17,132.00,1270.00,null,null,null
2023-08-19T06:45:03Z,26.80,65.30,99,6,41.84,101.18,134.00,1285.00,null,null,null
2023-08-19T06:46:03Z,26.81,65.17,99,4,40.64,101.18,132.00,1270.00,2,4,4
2023-08-19T06:47:03Z,26.78,65.31,99,4,41.40,101.18,136.00,1295.00,null,null,null
2023-08-19T06:48:03Z,26.77,65.27,99,5,41.04,101.18,132.00,1270.00,null,null,null
2023-08-19T06:49:03Z,26.77,65.20,99,4,41.87,101.19,132.00,1270.00,null,null,null
2023-08-19T06:50:03Z,26.78,65.11,99,4,42.70,101.18,136.00,1295.00,null,null,null
2023-08-19T06:51:03Z,26.77,64.98,99,4,53.01,101.19,136.00,1295.00,2,6,6
2023-08-19T06:52:03Z,26.77,64.93,99,4,44.61,101.19,138.00,1310.00,null,null,null
2023-08-19T06:53:03Z,26.77,66.05,99,4,46.01,101.19,136.00,1295.00,null,null,null
2023-08-19T06:54:03Z,26.77,67.04,99,9,43.59,101.20,133.00,1274.00,null,null,null
2023-08-19T06:55:03Z,26.77,66.25,99,8,44.98,101.19,129.00,1248.00,null,null,null
2023-08-19T06:56:03Z,26.77,66.54,99,9,44.69,101.19,130.00,1259.00,3,7,7
2023-08-19T06:57:03Z,26.75,66.41,99,9,52.52,101.20,130.00,1259.00,null,null,null
2023-08-19T06:58:03Z,26.73,66.57,99,9,57.44,101.20,130.00,1259.00,null,null,null
2023-08-19T06:59:03Z,26.77,66.48,99,10,44.65,101.20,135.00,1288.00,null,null,null
2023-08-19T07:00:03Z,26.75,66.41,99,12,59.95,101.20,133.00,1274.00,null,null,null
2023-08-19T07:01:03Z,26.78,66.49,99,11,47.41,101.21,133.00,1274.00,2,4,7
2023-08-19T07:02:03Z,26.77,66.50,99,12,53.33,101.21,133.00,1274.00,null,null,null
2023-08-19T07:03:03Z,26.78,66.62,99,12,46.50,101.21,135.00,1288.00,null,null,null
2023-08-19T07:04:03Z,26.77,66.57,99,11,69.12,101.21,138.00,1310.00,null,null,null
2023-08-19T07:05:03Z,26.75,66.46,99,11,47.23,101.21,139.00,1316.00,null,null,null
2023-08-19T07:06:03Z,26.77,66.53,99,12,55.10,101.21,142.00,1334.00,2,4,4
2023-08-19T07:07:03Z,26.77,66.31,99,11,45.60,101.22,144.00,1349.00,null,null,null
2023-08-19T07:08:03Z,26.77,66.31,99,11,45.38,101.22,151.00,1397.00,null,null,null
2023-08-19T07:09:03Z,26.78,66.44,99,12,42.73,101.22,157.00,1436.00,null,null,null
2023-08-19T07:10:03Z,26.81,66.48,99,12,48.21,101.22,157.00,1436.00,null,null,null
2023-08-19T07:11:03Z,26.78,66.52,99,12,45.54,101.22,161.00,1458.00,2,3,3
2023-08-19T07:12:03Z,26.81,66.48,99,12,46.63,101.22,163.00,1474.00,null,null,null
2023-08-19T07:13:03Z,26.83,66.37,99,11,47.13,101.22,163.00,1474.00,null,null,null
2023-08-19T07:14:03Z,26.84,66.41,99,12,44.25,101.23,78.00,915.00,null,null,null
2023-08-19T07:15:03Z,26.81,66.62,99,12,56.42,101.22,74.00,891.00,null,null,null
2023-08-19T07:16:03Z,26.83,66.60,99,12,47.43,101.23,79.00,923.00,2,6,8
2023-08-19T07:17:03Z,26.84,66.50,99,13,48.82,101.23,80.00,927.00,null,null,null
2023-08-19T07:18:03Z,26.85,66.46,99,13,47.14,101.23,83.00,949.00,null,null,null
2023-08-19T07:19:03Z,26.84,66.48,99,12,46.16,101.23,86.00,970.00,null,null,null
2023-08-19T07:20:03Z,26.84,66.38,99,12,45.23,101.23,88.00,981.00,null,null,null
2023-08-19T07:21:03Z,26.83,66.42,99,18,44.59,101.23,89.00,990.00,2,4,4
2023-08-19T07:22:03Z,26.84,66.40,99,13,45.19,101.24,90.00,997.00,null,null,null
2023-08-19T07:23:03Z,26.85,66.52,99,17,45.22,101.24,92.00,1004.00,null,null,null
2023-08-19T07:24:03Z,26.85,66.48,99,15,66.34,101.24,95.00,1029.00,null,null,null
2023-08-19T07:25:03Z,26.87,66.53,99,15,42.60,101.25,99.00,1056.00,null,null,null
2023-08-19T07:26:03Z,26.87,66.82,99,13,47.54,101.24,103.00,1077.00,128,292,386
2023-08-19T07:27:03Z,26.84,66.66,99,12,47.25,101.24,104.00,1086.00,null,null,null
2023-08-19T07:28:03Z,26.85,66.74,99,15,45.24,101.25,108.00,1113.00,null,null,null
2023-08-19T07:29:03Z,26.88,66.72,99,15,59.29,101.25,108.00,1110.00,null,null,null
2023-08-19T07:30:03Z,26.88,66.73,99,15,43.67,101.25,113.00,1147.00,null,null,null
2023-08-19T07:31:03Z,26.87,66.74,99,15,50.38,101.25,115.00,1159.00,77,171,242
2023-08-19T07:32:03Z,26.88,66.77,99,14,47.05,101.26,120.00,1188.00,null,null,null
2023-08-19T07:33:03Z,26.88,66.73,99,12,44.50,101.26,120.00,1188.00,null,null,null
2023-08-19T07:34:03Z,26.91,66.71,99,12,44.21,101.26,121.00,1198.00,null,null,null
2023-08-19T07:35:03Z,26.90,66.62,99,10,42.88,101.26,124.00,1215.00,null,null,null
2023-08-19T07:36:03Z,26.90,66.60,99,9,45.40,101.26,124.00,1215.00,70,146,190
2023-08-19T07:37:03Z,26.90,66.63,99,12,46.11,101.26,124.00,1215.00,null,null,null
2023-08-19T07:38:03Z,26.91,66.54,99,12,43.20,101.26,128.00,1242.00,null,null,null
2023-08-19T07:39:03Z,26.91,66.57,99,13,47.17,101.26,126.00,1228.00,null,null,null
2023-08-19T07:40:03Z,26.91,66.49,99,14,46.88,101.27,128.00,1242.00,null,null,null
2023-08-19T07:41:03Z,26.88,66.52,99,14,48.69,101.27,130.00,1255.00,50,109,150
2023-08-19T07:42:03Z,26.92,66.52,99,9,48.03,101.27,130.00,1255.00,null,null,null
2023-08-19T07:43:03Z,26.92,66.03,99,11,48.84,101.27,132.00,1270.00,null,null,null
2023-08-19T07:44:03Z,26.90,65.81,99,10,48.43,101.27,130.00,1255.00,null,null,null
2023-08-19T07:45:03Z,26.91,65.75,99,10,47.79,101.27,128.00,1242.00,null,null,null
2023-08-19T07:46:03Z,26.90,65.73,99,9,45.65,101.27,126.00,1231.00,5,9,9
2023-08-19T07:47:03Z,26.90,65.69,99,8,48.90,101.28,125.00,1224.00,null,null,null
2023-08-19T07:48:03Z,26.91,65.64,99,8,49.20,101.27,123.00,1212.00,null,null,null
2023-08-19T07:49:03Z,26.91,65.68,99,9,44.60,101.27,121.00,1198.00,null,null,null
2023-08-19T07:50:03Z,26.90,65.64,99,10,43.11,101.28,119.00,1184.00,null,null,null
2023-08-19T07:51:03Z,26.90,65.60,99,9,49.42,101.28,117.00,1171.00,10,27,46
2023-08-19T07:52:03Z,26.87,65.63,99,10,46.57,101.28,117.00,1171.00,null,null,null
2023-08-19T07:53:03Z,26.88,65.65,99,10,46.61,101.28,115.00,1156.00,null,null,null
2023-08-19T07:54:03Z,26.87,65.63,99,11,48.77,101.28,113.00,1144.00,null,null,null
2023-08-19T07:55:03Z,26.85,65.62,99,19,70.30,101.28,113.00,1144.00,null,null,null
2023-08-19T07:56:03Z,26.87,65.47,99,20,49.02,101.29,113.00,1144.00,8,22,30
2023-08-19T07:57:03Z,26.88,65.34,99,19,46.30,101.28,109.00,1118.00,null,null,null
2023-08-19T07:58:03Z,26.88,65.52,99,18,44.56,101.29,107.00,1105.00,null,null,null
2023-08-19T07:59:03Z,26.88,65.41,99,19,43.95,101.29,106.00,1099.00,null,null,null
2023-08-19T08:00:03Z,26.88,65.42,99,18,65.91,101.29,104.00,1086.00,null,null,null
2023-08-19T08:01:03Z,26.88,65.50,99,17,58.86,101.29,104.00,1086.00,8,15,25
2023-08-19T08:02:03Z,26.87,65.57,99,17,64.99,101.29,104.00,1086.00,null,null,null
2023-08-19T08:03:03Z,26.90,65.47,99,18,54.99,101.29,104.00,1086.00,null,null,null
2023-08-19T08:04:03Z,26.90,65.49,99,19,64.08,101.29,103.00,1077.00,null,null,null
2023-08-19T08:05:03Z,26.88,65.46,99,20,58.37,101.30,103.00,1077.00,null,null,null
2023-08-19T08:06:03Z,26.87,65.52,99,21,50.69,101.29,103.00,1077.00,8,13,18
2023-08-19T08:07:03Z,26.88,65.44,99,23,46.07,101.29,103.00,1077.00,null,null,null
2023-08-19T08:08:03Z,26.87,65.52,99,15,68.23,101.29,104.00,1086.00,null,null,null
2023-08-19T08:09:03Z,26.90,65.43,99,9,56.51,101.30,100.00,1062.00,null,null,null
2023-08-19T08:10:03Z,26.85,65.48,99,9,48.87,101.30,99.00,1050.00,null,null,null
2023-08-19T08:11:03Z,26.85,65.44,99,9,50.09,101.30,99.00,1050.00,10,19,20
2023-08-19T08:12:03Z,26.85,65.31,99,9,48.33,101.31,95.00,1029.00,null,null,null
2023-08-19T08:13:03Z,26.88,65.35,99,17,63.51,101.30,95.00,1029.00,null,null,null
2023-08-19T08:14:03Z,26.90,65.35,99,17,45.86,101.30,93.00,1017.00,null,null,null
2023-08-19T08:15:03Z,26.88,65.44,99,18,43.65,101.30,93.00,1017.00,null,null,null
2023-08-19T08:16:03Z,26.85,65.37,99,18,69.50,101.31,91.00,1001.00,5,13,16
2023-08-19T08:17:03Z,26.87,65.33,99,18,48.13,101.31,88.00,981.00,null,null,null
2023-08-19T08:18:03Z,26.85,65.24,99,17,49.09,101.30,86.00,967.00,null,null,null
2023-08-19T08:19:03Z,26.85,65.12,99,19,64.59,101.31,84.00,956.00,null,null,null
2023-08-19T08:20:03Z,26.87,64.91,99,33,40.46,101.30,83.00,951.00,null,null,null
2023-08-19T08:21:03Z,26.83,64.95,99,33,42.08,101.30,81.00,933.00,5,11,15
2023-08-19T08:22:03Z,26.84,64.79,99,32,41.97,101.31,78.00,918.00,null,null,null
2023-08-19T08:23:03Z,26.83,64.68,99,32,51.63,101.31,77.00,909.00,null,null,null
2023-08-19T08:24:03Z,26.84,64.61,99,35,52.99,101.30,76.00,900.00,null,null,null
2023-08-19T08:25:03Z,26.83,64.15,99,35,41.63,101.31,73.00,882.00,null,null,null
2023-08-19T08:26:03Z,26.78,64.21,99,33,46.95,101.31,70.00,863.00,3,7,7
2023-08-19T08:27:03Z,26.78,64.19,99,35,55.42,101.31,68.00,851.00,null,null,null
2023-08-19T08:28:03Z,26.78,64.12,99,34,39.52,101.31,64.00,825.00,null,null,null
2023-08-19T08:29:03Z,26.75,64.18,99,32,51.92,101.31,64.00,825.00,null,null,null
2023-08-19T08:30:03Z,26.74,64.58,99,27,40.49,101.32,67.00,844.00,null,null,null
2023-08-19T08:31:03Z,26.74,64.73,99,29,45.25,101.32,70.00,863.00,3,5,13
2023-08-19T08:32:03Z,26.71,64.80,99,30,42.97,101.32,85.00,961.00,null,null,null
2023-08-19T08:33:03Z,26.74,64.85,99,33,43.87,101.32,92.00,1004.00,null,null,null
2023-08-19T08:34:03Z,26.71,64.06,99,35,42.03,101.32,96.00,1032.00,null,null,null
2023-08-19T08:35:03Z,26.67,63.64,99,47,41.09,101.33,101.00,1068.00,null,null,null
2023-08-19T08:36:03Z,26.65,64.45,99,27,42.13,101.33,104.00,1086.00,1,5,5
2023-08-19T08:37:03Z,26.63,64.61,99,31,40.73,101.33,104.00,1086.00,null,null,null
2023-08-19T08:38:03Z,26.63,64.53,99,37,41.29,101.34,104.00,1086.00,null,null,null
2023-08-19T08:39:03Z,26.63,64.42,99,35,41.42,101.34,102.00,1071.00,null,null,null
2023-08-19T08:40:03Z,26.60,64.49,99,36,40.86,101.35,100.00,1062.00,null,null,null
2023-08-19T08:41:03Z,26.58,64.50,99,35,42.03,101.35,99.00,1050.00,3,5,8
2023-08-19T08:42:03Z,26.58,64.48,99,35,42.75,101.35,98.00,1044.00,null,null,null
2023-08-19T08:43:03Z,26.57,64.53,99,38,42.71,101.35,94.00,1019.00,null,null,null
2023-08-19T08:44:03Z,26.54,64.59,99,32,40.83,101.36,93.00,1014.00,null,null,null
2023-08-19T08:45:03Z,26.54,64.54,99,32,41.64,101.35,92.00,1004.00,null,null,null
2023-08-19T08:46:03Z,26.51,64.47,99,34,41.43,101.35,90.00,995.00,1,4,7
2023-08-19T08:47:03Z,26.50,64.46,99,34,41.66,101.36,87.00,972.00,null,null,null
2023-08-19T08:48:03Z,26.50,64.46,99,37,42.33,101.37,85.00,961.00,null,null,null
2023-08-19T08:49:03Z,26.50,64.36,99,32,40.98,101.36,85.00,961.00,null,null,null
2023-08-19T08:50:03Z,26.50,64.40,99,29,41.72,101.36,85.00,961.00,null,null,null
2023-08-19T08:51:03Z,26.47,64.61,99,28,41.33,101.36,87.00,972.00,2,4,4
2023-08-19T08:52:03Z,26.45,64.68,99,27,41.86,101.36,90.00,995.00,null,null,null
2023-08-19T08:53:03Z,26.47,64.61,99,29,41.77,101.36,90.00,995.00,null,null,null
2023-08-19T08:54:03Z,26.47,64.61,99,29,41.69,101.36,92.00,1004.00,null,null,null
2023-08-19T08:55:03Z,26.44,64.63,99,29,41.22,101.37,92.00,1004.00,null,null,null
2023-08-19T08:56:03Z,26.43,64.71,99,27,44.32,101.36,93.00,1014.00,3,6,6
2023-08-19T08:57:03Z,26.44,64.80,99,30,42.03,101.36,93.00,1014.00,null,null,null
2023-08-19T08:58:03Z,26.44,64.79,99,35,41.58,101.37,92.00,1004.00,null,null,null
2023-08-19T08:59:03Z,26.43,64.81,99,36,40.64,101.36,92.00,1004.00,null,null,null
2023-08-19T09:00:03Z,26.43,64.76,99,49,41.68,101.36,92.00,1004.00,null,null,null
2023-08-19T09:01:03Z,26.40,64.83,99,39,42.99,101.36,93.00,1014.00,2,3,7
2023-08-19T09:02:03Z,26.40,64.93,99,38,42.57,101.36,92.00,1009.00,null,null,null
2023-08-19T09:03:03Z,26.41,64.84,99,82,42.66,101.36,97.00,1038.00,null,null,null
2023-08-19T09:04:03Z,26.40,64.77,99,38,40.77,101.37,100.00,1060.00,null,null,null
2023-08-19T09:05:03Z,26.40,64.76,99,42,41.10,101.36,100.00,1060.00,null,null,null
2023-08-19T09:06:03Z,26.39,64.84,99,60,41.41,101.36,104.00,1083.00,2,4,4
2023-08-19T09:07:03Z,26.39,64.99,99,45,40.17,101.36,104.00,1083.00,null,null,null
2023-08-19T09:08:03Z,26.40,64.99,99,50,41.62,101.36,107.00,1105.00,null,null,null
2023-08-19T09:09:03Z,26.39,64.94,99,38,41.89,101.37,108.00,1113.00,null,null,null
2023-08-19T09:10:03Z,26.39,64.81,99,44,42.09,101.37,107.00,1105.00,null,null,null
2023-08-19T09:11:03Z,26.37,64.75,99,36,41.20,101.37,104.00,1083.00,2,3,4
2023-08-19T09:12:03Z,26.36,64.68,99,35,40.69,101.37,105.00,1095.00,null,null,null
2023-08-19T09:13:03Z,26.36,64.76,99,36,43.89,101.37,102.00,1071.00,null,null,null
2023-08-19T09:14:03Z,26.34,64.86,99,36,42.20,101.37,100.00,1060.00,null,null,null
2023-08-19T09:15:03Z,26.34,64.93,99,42,40.14,101.38,100.00,1060.00,null,null,null
2023-08-19T09:16:03Z,26.34,64.94,99,54,41.15,101.37,99.00,1050.00,2,3,3
2023-08-19T09:17:03Z,26.33,64.83,99,35,41.16,101.38,99.00,1050.00,null,null,null
2023-08-19T09:18:03Z,26.37,64.79,99,109,41.45,101.38,97.00,1038.00,null,null,null
2023-08-19T09:19:03Z,26.33,64.81,99,42,40.41,101.38,92.00,1009.00,null,null,null
2023-08-19T09:20:03Z,26.32,64.86,99,53,41.87,101.37,92.00,1009.00,null,null,null
2023-08-19T09:21:03Z,26.30,64.87,99,41,41.27,101.38,90.00,992.00,1,2,3
2023-08-19T09:22:03Z,26.33,64.97,99,39,41.03,101.38,90.00,992.00,null,null,null
2023-08-19T09:23:03Z,26.33,64.95,99,38,41.82,101.38,88.00,983.00,null,null,null
2023-08-19T09:24:03Z,26.33,64.90,99,74,40.66,101.37,87.00,972.00,null,null,null
2023-08-19T09:25:03Z,26.32,64.91,99,50,40.81,101.37,87.00,972.00,null,null,null
2023-08-19T09:26:03Z,26.33,64.89,99,33,42.85,101.37,85.00,961.00,2,8,11
2023-08-19T09:27:03Z,26.32,64.86,99,32,45.25,101.38,83.00,951.00,null,null,null
2023-08-19T09:28:03Z,26.33,64.59,99,35,45.61,101.37,80.00,930.00,null,null,null
2023-08-19T09:29:03Z,26.32,64.60,99,41,40.91,101.37,79.00,925.00,null,null,null
2023-08-19T09:30:03Z,26.30,64.66,99,94,41.50,101.37,79.00,925.00,null,null,null
2023-08-19T09:31:03Z,26.30,64.71,99,35,41.96,101.38,78.00,915.00,2,4,8
2023-08-19T09:32:03Z,26.29,64.55,99,33,40.89,101.37,77.00,907.00,null,null,null
2023-08-19T09:33:03Z,26.32,64.44,99,36,41.14,101.38,75.00,897.00,null,null,null
2023-08-19T09:34:03Z,26.30,64.57,99,54,40.94,101.38,73.00,880.00,null,null,null
2023-08-19T09:35:03Z,26.29,64.57,99,35,41.12,101.38,73.00,880.00,null,null,null
2023-08-19T09:36:03Z,26.27,64.67,99,36,40.83,101.38,71.00,870.00,1,3,4
2023-08-19T09:37:03Z,26.27,64.46,99,32,41.95,101.38,68.00,848.00,null,null,null
2023-08-19T09:38:03Z,26.30,64.31,99,34,41.51,101.38,67.00,844.00,null,null,null
2023-08-19T09:39:03Z,26.27,64.38,99,31,41.28,101.39,66.00,834.00,null,null,null
2023-08-19T09:40:03Z,26.27,64.26,99,26,41.94,101.39,65.00,827.00,null,null,null
2023-08-19T09:41:03Z,26.24,64.20,99,23,41.65,101.38,62.00,808.00,2,3,6
2023-08-19T09:42:03Z,26.23,64.22,99,82,42.11,101.39,61.00,806.00,null,null,null
2023-08-19T09:43:03Z,26.26,64.24,99,79,42.30,101.39,61.00,802.00,null,null,null
2023-08-19T09:44:03Z,26.24,64.22,99,78,41.37,101.39,58.00,787.00,null,null,null
2023-08-19T09:45:03Z,26.23,63.95,99,78,41.37,101.39,57.00,776.00,null,null,null
2023-08-19T09:46:03Z,26.26,63.91,99,80,43.21,101.38,57.00,776.00,0,1,3
2023-08-19T09:47:03Z,26.23,63.88,99,81,41.34,101.38,54.00,761.00,null,null,null
2023-08-19T09:48:03Z,26.23,63.72,99,79,41.94,101.38,53.00,749.00,null,null,null
2023-08-19T09:49:03Z,26.20,63.59,99,78,41.69,101.38,60.00,800.00,null,null,null
2023-08-19T09:50:03Z,26.23,63.62,99,77,42.12,101.38,58.00,783.00,null,null,null
2023-08-19T09:51:03Z,26.22,63.80,99,77,41.54,101.39,56.00,774.00,0,2,2
2023-08-19T09:52:03Z,26.23,63.78,99,20,40.97,101.38,55.00,763.00,null,null,null
2023-08-19T09:53:03Z,26.22,63.82,99,19,41.83,101.39,53.00,748.00,null,null,null
2023-08-19T09:54:03Z,26.22,63.83,99,77,41.34,101.38,53.00,748.00,null,null,null
2023-08-19T09:55:03Z,26.19,63.77,99,60,41.88,101.38,50.00,732.00,null,null,null
2023-08-19T09:56:03Z,26.22,63.76,99,77,42.83,101.38,50.00,732.00,1,4,4
2023-08-19T09:57:03Z,26.17,63.70,99,75,41.27,101.38,48.00,717.00,null,null,null
2023-08-19T09:58:03Z,26.20,63.69,99,77,41.79,101.38,46.00,704.00,null,null,null
2023-08-19T09:59:03Z,26.20,63.61,99,76,44.61,101.38,46.00,704.00,null,null,null
2023-08-19T10:00:03Z,26.19,63.70,99,76,41.28,101.38,45.00,697.00,null,null,null
2023-08-19T10:01:03Z,26.17,63.62,99,77,57.77,101.37,43.00,686.00,2,4,7
2023-08-19T10:02:03Z,26.19,63.61,99,19,41.89,101.39,42.00,679.00,null,null,null
2023-08-19T10:03:03Z,26.17,63.62,99,55,45.91,101.38,41.00,671.00,null,null,null
2023-08-19T10:04:03Z,26.19,63.50,99,73,49.25,101.38,43.00,686.00,null,null,null
2023-08-19T10:05:03Z,26.16,63.56,99,74,55.28,101.38,42.00,679.00,null,null,null
2023-08-19T10:06:03Z,26.16,63.60,99,22,47.11,101.39,42.00,679.00,1,2,2
2023-08-19T10:07:03Z,26.17,63.82,99,20,46.85,101.39,39.00,660.00,null,null,null
2023-08-19T10:08:03Z,26.20,64.12,99,73,49.75,101.39,40.00,665.00,null,null,null
2023-08-19T10:09:03Z,26.20,64.17,99,80,47.27,101.39,42.00,679.00,null,null,null
2023-08-19T10:10:03Z,26.20,64.33,99,80,47.04,101.39,42.00,679.00,null,null,null
2023-08-19T10:11:03Z,26.20,64.39,99,78,45.39,101.39,43.00,683.00,0,2,2
2023-08-19T10:12:03Z,26.23,64.12,99,77,50.68,101.39,43.00,683.00,null,null,null
2023-08-19T10:13:03Z,26.23,63.97,99,77,46.05,101.39,44.00,694.00,null,null,null
2023-08-19T10:14:03Z,26.24,63.59,99,76,50.74,101.39,36.00,641.00,null,null,null
2023-08-19T10:15:03Z,26.23,63.82,99,104,48.26,101.39,44.00,694.00,null,null,null
2023-08-19T10:16:03Z,26.23,64.42,99,97,45.10,101.39,36.00,641.00,1,2,2
2023-08-19T10:17:03Z,26.27,64.46,99,96,45.42,101.38,35.00,633.00,null,null,null
2023-08-19T10:18:03Z,26.26,64.14,99,40,52.79,101.39,37.00,646.00,null,null,null
2023-08-19T10:19:03Z,26.30,63.65,99,41,69.80,101.39,36.00,641.00,null,null,null
2023-08-19T10:20:03Z,26.29,63.23,99,39,57.95,101.40,35.00,634.00,null,null,null
2023-08-19T10:21:03Z,26.27,62.92,99,39,49.24,101.40,34.00,627.00,1,1,3
2023-08-19T10:22:03Z,26.26,62.98,99,39,54.40,101.40,33.00,620.00,null,null,null
2023-08-19T10:23:03Z,26.27,63.36,99,39,56.51,101.40,31.00,607.00,null,null,null
2023-08-19T10:24:03Z,26.27,63.44,99,38,50.90,101.40,29.00,594.00,null,null,null
2023-08-19T10:25:03Z,26.30,64.35,99,78,62.98,101.40,28.00,588.00,null,null,null
2023-08-19T10:26:03Z,26.32,64.27,99,76,72.75,101.41,29.00,592.00,1,2,3
2023-08-19T10:27:03Z,26.36,64.50,99,78,57.03,101.41,29.00,592.00,null,null,null
2023-08-19T10:28:03Z,26.36,64.57,99,81,58.83,101.41,29.00,592.00,null,null,null
2023-08-19T10:29:03Z,26.40,64.24,99,81,71.91,101.41,30.00,599.00,null,null,null
2023-08-19T10:30:03Z,26.40,64.46,99,82,55.15,101.41,29.00,592.00,null,null,null
2023-08-19T10:31:03Z,26.41,64.57,99,80,71.19,101.41,30.00,599.00,2,3,3
2023-08-19T10:32:03Z,26.43,64.92,99,80,75.66,101.41,30.00,603.00,null,null,null
2023-08-19T10:33:03Z,26.44,64.29,99,51,57.56,101.42,30.00,603.00,null,null,null
2023-08-19T10:34:03Z,26.44,62.78,99,52,49.27,101.41,29.00,592.00,null,null,null
2023-08-19T10:35:03Z,26.43,62.09,99,53,45.25,101.41,29.00,594.00,null,null,null
2023-08-19T10:36:03Z,26.41,61.70,99,54,60.35,101.41,29.00,596.00,2,3,3
2023-08-19T10:37:03Z,26.40,61.65,99,57,63.77,101.41,28.00,588.00,null,null,null
2023-08-19T10:38:03Z,26.41,61.83,99,60,54.08,101.41,27.00,580.00,null,null,null
2023-08-19T10:39:03Z,26.41,61.86,99,60,59.31,101.42,25.00,565.00,null,null,null
2023-08-19T10:40:03Z,26.41,61.57,99,61,59.60,101.42,24.00,560.00,null,null,null
2023-08-19T10:41:03Z,26.39,61.54,99,60,49.56,101.41,23.00,553.00,2,4,6
2023-08-19T10:42:03Z,26.40,61.80,99,57,46.87,101.42,22.00,548.00,null,null,null
2023-08-19T10:43:03Z,26.37,61.49,99,57,43.86,101.42,22.00,548.00,null,null,null
2023-08-19T10:44:03Z,26.40,61.17,99,56,45.16,101.42,21.00,539.00,null,null,null
2023-08-19T10:45:03Z,26.39,61.12,99,110,46.45,101.42,20.00,537.00,null,null,null
2023-08-19T10:46:03Z,26.40,61.04,99,112,43.49,101.43,19.00,531.00,1,3,3
2023-08-19T10:47:03Z,26.40,60.88,99,48,42.77,101.42,18.00,519.00,null,null,null
2023-08-19T10:48:03Z,26.37,61.21,99,106,43.13,101.42,17.00,515.00,null,null,null
2023-08-19T10:49:03Z,26.39,61.24,99,98,41.37,101.42,15.00,505.00,null,null,null
2023-08-19T10:50:03Z,26.40,61.24,99,96,46.62,101.42,15.00,502.00,null,null,null
2023-08-19T10:51:03Z,26.39,61.35,99,95,42.60,101.43,14.00,495.00,2,5,5
2023-08-19T10:52:03Z,26.43,61.48,99,97,41.65,101.43,13.00,488.00,null,null,null
2023-08-19T10:53:03Z,26.41,61.34,99,96,41.56,101.42,13.00,488.00,null,null,null
2023-08-19T10:54:03Z,26.40,61.32,99,91,41.24,101.43,13.00,488.00,null,null,null
2023-08-19T10:55:03Z,26.41,61.07,99,89,43.71,101.43,12.00,482.00,null,null,null
2023-08-19T10:56:03Z,26.40,60.91,99,90,41.55,101.42,12.00,482.00,2,4,4
2023-08-19T10:57:03Z,26.40,60.86,99,91,41.77,101.42,12.00,482.00,null,null,null
2023-08-19T10:58:03Z,26.41,60.64,99,69,47.44,101.42,11.00,478.00,null,null,null
2023-08-19T10:59:03Z,26.41,60.64,99,93,41.51,101.42,11.00,478.00,null,null,null
2023-08-19T11:00:03Z,26.40,60.53,99,90,41.82,101.43,11.00,473.00,null,null,null
2023-08-19T11:01:03Z,26.39,60.47,99,87,42.19,101.43,10.00,470.00,2,4,6
2023-08-19T11:02:03Z,26.41,60.27,99,85,41.52,101.43,9.00,464.00,null,null,null
2023-08-19T11:03:03Z,26.41,60.45,99,83,41.29,101.43,9.00,460.00,null,null,null
2023-08-19T11:04:03Z,26.41,60.22,99,82,41.79,101.43,8.00,455.00,null,null,null
2023-08-19T11:05:03Z,26.39,60.17,99,82,41.29,101.43,7.00,446.00,null,null,null
2023-08-19T11:06:03Z,26.37,60.15,99,85,41.85,101.44,7.00,450.00,0,2,3
2023-08-19T11:07:03Z,26.39,60.18,99,87,47.00,101.43,7.00,447.00,null,null,null
2023-08-19T11:08:03Z,26.40,60.26,99,87,42.08,101.44,6.00,441.00,null,null,null
2023-08-19T11:09:03Z,26.41,60.21,99,92,42.37,101.44,5.00,434.00,null,null,null
2023-08-19T11:10:03Z,26.39,60.43,99,93,41.98,101.44,5.00,438.00,null,null,null
2023-08-19T11:11:03Z,26.39,60.31,99,90,41.14,101.44,5.00,434.00,2,3,3
2023-08-19T11:12:03Z,26.40,60.48,99,88,41.73,101.44,4.00,428.00,null,null,null
2023-08-19T11:13:03Z,26.40,60.09,99,88,41.88,101.44,4.00,428.00,null,null,null
2023-08-19T11:14:03Z,26.39,60.28,99,71,41.40,101.44,4.00,427.00,null,null,null
2023-08-19T11:15:03Z,26.39,60.01,99,71,42.92,101.44,3.00,421.00,null,null,null
2023-08-19T11:16:03Z,26.40,60.15,99,74,41.96,101.44,3.00,424.00,1,4,4
2023-08-19T11:17:03Z,26.39,60.11,99,76,41.28,101.45,2.00,415.00,null,null,null
2023-08-19T11:18:03Z,26.39,59.93,99,78,42.83,101.45,3.00,420.00,null,null,null
2023-08-19T11:19:03Z,26.39,59.97,99,78,42.59,101.44,2.00,415.00,null,null,null
2023-08-19T11:20:03Z,26.39,59.98,99,75,42.71,101.45,2.00,415.00,null,null,null
2023-08-19T11:21:03Z,26.39,59.79,99,71,43.07,101.44,2.00,415.00,2,3,3
2023-08-19T11:22:03Z,26.40,59.75,99,70,43.43,101.45,3.00,420.00,null,null,null
2023-08-19T11:23:03Z,26.39,59.57,99,71,41.89,101.45,2.00,417.00,null,null,null
2023-08-19T11:24:03Z,26.40,59.57,99,79,42.53,101.45,2.00,417.00,null,null,null
2023-08-19T11:25:03Z,26.37,59.41,99,83,44.25,101.46,2.00,414.00,null,null,null
2023-08-19T11:26:03Z,26.37,59.60,99,84,41.02,101.45,2.00,414.00,2,3,3
2023-08-19T11:27:03Z,26.39,59.48,99,84,41.99,101.45,1.00,409.00,null,null,null
2023-08-19T11:28:03Z,26.39,59.47,99,53,43.52,101.45,1.00,409.00,null,null,null
2023-08-19T11:29:03Z,26.36,59.41,99,55,40.57,101.46,1.00,409.00,null,null,null
2023-08-19T11:30:03Z,26.37,59.48,99,83,41.60,101.46,0.00,405.00,null,null,null
2023-08-19T11:31:03Z,26.36,59.79,99,63,42.07,101.46,0.00,405.00,1,4,4
2023-08-19T11:32:03Z,26.37,59.91,99,78,40.96,101.46,0.00,400.00,null,null,null
2023-08-19T11:33:03Z,26.37,59.72,99,51,42.17,101.46,0.00,400.00,null,null,null
2023-08-19T11:34:03Z,26.37,59.80,99,84,50.68,101.46,0.00,405.00,null,null,null
2023-08-19T11:35:03Z,26.37,59.82,99,86,40.85,101.47,0.00,400.00,null,null,null
2023-08-19T11:36:03Z,26.34,59.68,99,64,41.79,101.47,0.00,400.00,2,2,2
2023-08-19T11:37:03Z,26.36,59.62,99,64,41.93,101.47,0.00,401.00,null,null,null
2023-08-19T11:38:03Z,26.36,59.71,99,72,41.63,101.47,0.00,400.00,null,null,null
2023-08-19T11:39:03Z,26.37,59.41,99,72,41.14,101.48,0.00,400.00,null,null,null
2023-08-19T11:40:03Z,26.37,59.37,99,68,41.33,101.48,0.00,400.00,null,null,null
2023-08-19T11:41:03Z,26.36,59.41,99,62,40.76,101.47,0.00,400.00,1,1,3
2023-08-19T11:42:03Z,26.34,59.55,99,57,41.98,101.47,0.00,400.00,null,null,null
2023-08-19T11:43:03Z,26.36,59.32,99,56,42.48,101.47,0.00,400.00,null,null,null
2023-08-19T11:44:03Z,26.36,59.25,99,56,41.67,101.48,0.00,400.00,null,null,null
2023-08-19T11:45:03Z,26.34,59.20,99,62,42.06,101.49,0.00,400.00,null,null,null
2023-08-19T11:46:03Z,26.34,59.29,99,70,44.15,101.48,0.00,405.00,1,2,2
2023-08-19T11:47:03Z,26.34,59.24,99,75,41.11,101.48,0.00,400.00,null,null,null
2023-08-19T11:48:03Z,26.36,59.16,99,72,43.08,101.47,0.00,400.00,null,null,null
2023-08-19T11:49:03Z,26.34,59.05,99,47,40.72,101.47,0.00,405.00,null,null,null
2023-08-19T11:50:03Z,26.36,58.93,99,56,42.58,101.47,0.00,401.00,null,null,null
2023-08-19T11:51:03Z,26.33,59.00,99,80,42.79,101.46,0.00,400.00,1,3,3
2023-08-19T11:52:03Z,26.34,59.03,99,60,46.62,101.47,0.00,400.00,null,null,null
2023-08-19T11:53:03Z,26.34,58.97,99,67,42.01,101.46,0.00,400.00,null,null,null
2023-08-19T11:54:03Z,26.32,59.12,99,62,45.31,101.47,0.00,400.00,null,null,null
2023-08-19T11:55:03Z,26.33,59.23,99,59,46.57,101.47,0.00,400.00,null,null,null
2023-08-19T11:56:03Z,26.33,59.30,99,57,42.49,101.48,0.00,400.00,1,3,6
2023-08-19T11:57:03Z,26.36,59.17,99,56,42.15,101.48,0.00,400.00,null,null,null
2023-08-19T11:58:03Z,26.36,59.14,99,59,41.96,101.48,0.00,405.00,null,null,null
2023-08-19T11:59:03Z,26.36,58.95,99,61,41.22,101.47,0.00,405.00,null,null,null
2023-08-19T12:00:03Z,26.34,59.00,99,50,42.67,101.48,0.00,405.00,null,null,null
2023-08-19T12:01:03Z,26.34,58.83,99,59,41.88,101.47,0.00,402.00,2,2,3
2023-08-19T12:02:03Z,26.33,58.75,99,59,43.19,101.47,0.00,400.00,null,null,null
2023-08-19T12:03:03Z,26.36,58.77,99,59,40.90,101.48,0.00,403.00,null,null,null
2023-08-19T12:04:03Z,26.34,58.84,99,60,52.14,101.48,0.00,400.00,null,null,null
2023-08-19T12:05:03Z,26.32,58.96,99,66,46.47,101.48,0.00,400.00,null,null,null
2023-08-19T12:06:03Z,26.33,58.77,99,72,44.07,101.49,0.00,400.00,1,1,4
2023-08-19T12:07:03Z,26.33,58.79,99,80,41.58,101.49,0.00,400.00,null,null,null
2023-08-19T12:08:03Z,26.34,58.72,99,87,46.32,101.49,0.00,400.00,null,null,null
2023-08-19T12:09:03Z,26.34,58.71,99,60,46.38,101.49,0.00,403.00,null,null,null
2023-08-19T12:10:03Z,26.33,58.71,99,65,41.48,101.49,0.00,400.00,null,null,null
2023-08-19T12:11:03Z,26.36,58.77,99,60,42.47,101.49,0.00,400.00,2,3,3
2023-08-19T12:12:03Z,26.33,58.89,99,65,41.57,101.49,0.00,400.00,null,null,null
2023-08-19T12:13:03Z,26.33,59.03,99,60,45.65,101.49,0.00,400.00,null,null,null
2023-08-19T12:14:03Z,26.34,58.84,99,61,48.72,101.49,0.00,400.00,null,null,null
2023-08-19T12:15:03Z,26.33,58.81,99,61,42.07,101.49,0.00,400.00,null,null,null
2023-08-19T12:16:03Z,26.34,58.64,99,61,45.36,101.49,0.00,400.00,1,2,2
2023-08-19T12:17:03Z,26.33,58.69,99,96,42.82,101.50,0.00,400.00,null,null,null
2023-08-19T12:18:03Z,26.33,58.68,99,98,42.08,101.49,0.00,400.00,null,null,null
2023-08-19T12:19:03Z,26.33,58.66,99,61,45.99,101.50,0.00,400.00,null,null,null
2023-08-19T12:20:03Z,26.33,58.69,99,100,48.47,101.50,0.00,400.00,null,null,null
2023-08-19T12:21:03Z,26.32,58.72,99,59,43.18,101.50,0.00,400.00,1,2,2
2023-08-19T12:22:03Z,26.33,58.85,99,68,45.28,101.50,0.00,400.00,null,null,null
2023-08-19T12:23:03Z,26.32,58.57,99,94,63.42,101.51,0.00,400.00,null,null,null
2023-08-19T12:24:03Z,26.33,58.52,99,94,63.52,101.51,0.00,403.00,null,null,null
2023-08-19T12:25:03Z,26.30,58.58,99,92,42.14,101.50,0.00,403.00,null,null,null
2023-08-19T12:26:03Z,26.29,58.67,99,97,45.10,101.50,0.00,401.00,1,4,4
2023-08-19T12:27:03Z,26.32,58.61,99,79,41.97,101.51,0.00,400.00,null,null,null
2023-08-19T12:28:03Z,26.29,58.57,99,99,42.28,101.50,0.00,400.00,null,null,null
2023-08-19T12:29:03Z,26.29,58.58,99,61,45.57,101.51,0.00,400.00,null,null,null
2023-08-19T12:30:03Z,26.30,58.70,99,110,46.99,101.51,0.00,400.00,null,null,null
2023-08-19T12:31:03Z,26.26,58.82,99,110,42.56,101.51,0.00,400.00,2,4,6
2023-08-19T12:32:03Z,26.27,59.10,99,49,42.77,101.51,0.00,400.00,null,null,null
2023-08-19T12:33:03Z,26.29,59.18,99,51,41.39,101.52,0.00,400.00,null,null,null
2023-08-19T12:34:03Z,26.27,59.24,99,118,43.66,101.51,0.00,400.00,null,null,null
2023-08-19T12:35:03Z,26.26,59.40,99,113,42.54,101.51,0.00,400.00,null,null,null
2023-08-19T12:36:03Z,26.26,59.33,99,50,42.19,101.51,0.00,400.00,1,2,3
2023-08-19T12:37:03Z,26.27,59.32,99,54,52.79,101.51,0.00,400.00,null,null,null
2023-08-19T12:38:03Z,26.27,59.39,99,132,42.29,101.51,0.00,405.00,null,null,null
2023-08-19T12:39:03Z,26.26,59.37,99,73,43.28,101.51,0.00,405.00,null,null,null
2023-08-19T12:40:03Z,26.24,59.45,99,57,42.87,101.51,0.00,400.00,null,null,null
2023-08-19T12:41:03Z,26.24,59.49,99,138,41.96,101.51,0.00,400.00,2,6,8
2023-08-19T12:42:03Z,26.27,59.56,99,136,42.42,101.51,3.00,426.00,null,null,null
2023-08-19T12:43:03Z,26.29,59.56,99,76,43.40,101.52,0.00,400.00,null,null,null
2023-08-19T12:44:03Z,26.26,59.62,99,139,41.67,101.51,0.00,400.00,null,null,null
2023-08-19T12:45:03Z,26.26,59.73,99,146,45.03,101.51,0.00,400.00,null,null,null
2023-08-19T12:46:03Z,26.26,59.75,99,150,41.14,101.52,0.00,400.00,1,3,6
2023-08-19T12:47:03Z,26.27,59.70,99,148,41.71,101.51,0.00,400.00,null,null,null
2023-08-19T12:48:03Z,26.27,59.64,99,60,55.85,101.52,0.00,400.00,null,null,null
2023-08-19T12:49:03Z,26.27,59.57,99,65,50.40,101.52,3.00,423.00,null,null,null
2023-08-19T12:50:03Z,26.24,59.27,99,56,53.52,101.53,2.00,418.00,null,null,null
2023-08-19T12:51:03Z,26.24,59.24,99,58,41.77,101.52,2.00,418.00,2,3,6
2023-08-19T12:52:03Z,26.24,59.21,99,65,54.53,101.52,3.00,423.00,null,null,null
2023-08-19T12:53:03Z,26.24,59.28,99,60,47.57,101.52,3.00,421.00,null,null,null
2023-08-19T12:54:03Z,26.22,59.44,99,49,43.07,101.53,2.00,416.00,null,null,null
2023-08-19T12:55:03Z,26.24,59.40,99,49,49.80,101.53,2.00,416.00,null,null,null
2023-08-19T12:56:03Z,26.23,59.41,99,48,42.28,101.53,2.00,416.00,2,2,4
2023-08-19T12:57:03Z,26.23,59.51,99,53,42.15,101.52,2.00,416.00,null,null,null
2023-08-19T12:58:03Z,26.24,59.44,99,178,43.02,101.52,1.00,409.00,null,null,null
2023-08-19T12:59:03Z,26.23,59.33,99,68,40.22,101.53,1.00,409.00,null,null,null
2023-08-19T13:00:03Z,26.23,59.30,99,85,47.30,101.53,0.00,405.00,null,null,null
2023-08-19T13:01:03Z,26.23,59.43,99,75,46.56,101.52,5.00,435.00,2,4,4
2023-08-19T13:02:03Z,26.23,59.37,99,85,50.05,101.52,5.00,435.00,null,null,null
2023-08-19T13:03:03Z,26.24,59.37,99,188,41.19,101.52,5.00,438.00,null,null,null
2023-08-19T13:04:03Z,26.23,59.35,99,108,41.90,101.53,5.00,435.00,null,null,null
2023-08-19T13:05:03Z,26.23,59.34,99,146,47.82,101.53,5.00,435.00,null,null,null
2023-08-19T13:06:03Z,26.20,59.59,99,86,42.72,101.54,4.00,428.00,2,4,7
2023-08-19T13:07:03Z,26.22,59.80,99,73,42.82,101.53,5.00,435.00,null,null,null
2023-08-19T13:08:03Z,26.24,59.87,99,52,59.42,101.53,4.00,428.00,null,null,null
2023-08-19T13:09:03Z,26.23,60.26,99,113,53.44,101.54,5.00,433.00,null,null,null
2023-08-19T13:10:03Z,26.24,60.19,99,35,42.26,101.54,5.00,433.00,null,null,null
2023-08-19T13:11:03Z,26.23,60.05,99,35,43.56,101.54,5.00,438.00,1,2,2
2023-08-19T13:12:03Z,26.23,60.39,99,33,47.44,101.54,5.00,438.00,null,null,null
2023-08-19T13:13:03Z,26.24,60.10,99,36,55.02,101.54,0.00,401.00,null,null,null
2023-08-19T13:14:03Z,26.24,60.06,99,29,43.56,101.55,1.00,411.00,null,null,null
2023-08-19T13:15:03Z,26.24,60.26,99,32,42.02,101.54,0.00,405.00,null,null,null
2023-08-19T13:16:03Z,26.23,60.20,99,104,44.12,101.54,1.00,411.00,1,3,3
2023-08-19T13:17:03Z,26.23,60.12,99,35,57.23,101.54,0.00,405.00,null,null,null
2023-08-19T13:18:03Z,26.27,59.95,99,26,60.74,101.55,1.00,411.00,null,null,null
2023-08-19T13:19:03Z,26.27,60.03,99,21,60.11,101.54,1.00,411.00,null,null,null
2023-08-19T13:20:03Z,26.24,59.93,99,22,45.29,101.55,0.00,405.00,null,null,null
2023-08-19T13:21:03Z,26.24,60.11,99,27,68.49,101.55,0.00,405.00,1,6,7
2023-08-19T13:22:03Z,26.23,60.20,99,93,41.73,101.55,0.00,405.00,null,null,null
2023-08-19T13:23:03Z,26.27,60.15,99,28,41.44,101.54,2.00,418.00,null,null,null
2023-08-19T13:24:03Z,26.26,60.00,99,32,42.86,101.55,5.00,434.00,null,null,null
2023-08-19T13:25:03Z,26.27,59.98,99,133,42.03,101.55,5.00,438.00,null,null,null
2023-08-19T13:26:03Z,26.24,59.94,99,34,67.39,101.55,5.00,438.00,2,4,5
2023-08-19T13:27:03Z,26.24,60.14,99,143,67.28,101.55,5.00,438.00,null,null,null
2023-08-19T13:28:03Z,26.24,60.15,99,34,43.00,101.55,5.00,438.00,null,null,null
2023-08-19T13:29:03Z,26.24,60.12,99,111,40.07,101.55,6.00,443.00,null,null,null
2023-08-19T13:30:03Z,26.26,60.14,99,36,42.01,101.56,6.00,443.00,null,null,null
2023-08-19T13:31:03Z,26.27,60.20,99,38,63.32,101.56,6.00,443.00,1,2,4
2023-08-19T13:32:03Z,26.23,60.28,99,34,41.18,101.56,6.00,443.00,null,null,null
2023-08-19T13:33:03Z,26.26,60.19,99,29,61.36,101.56,6.00,443.00,null,null,null
2023-08-19T13:34:03Z,26.27,60.35,99,142,42.31,101.56,7.00,447.00,null,null,null
2023-08-19T13:35:03Z,26.27,60.35,99,148,56.41,101.56,7.00,448.00,null,null,null
2023-08-19T13:36:03Z,26.26,60.46,99,86,53.08,101.56,7.00,448.00,3,6,6
2023-08-19T13:37:03Z,26.27,60.39,99,32,41.43,101.58,12.00,485.00,null,null,null
2023-08-19T13:38:03Z,26.26,60.42,99,146,49.05,101.57,8.00,454.00,null,null,null
2023-08-19T13:39:03Z,26.26,60.52,99,159,41.89,101.57,8.00,454.00,null,null,null
2023-08-19T13:40:03Z,26.26,60.56,99,146,42.19,101.57,8.00,457.00,null,null,null
2023-08-19T13:41:03Z,26.26,60.52,99,108,43.85,101.57,8.00,454.00,1,1,3
2023-08-19T13:42:03Z,26.26,60.54,99,26,64.98,101.57,8.00,454.00,null,null,null
2023-08-19T13:43:03Z,26.26,60.40,99,24,48.32,101.58,7.00,448.00,null,null,null
2023-08-19T13:44:03Z,26.27,60.45,99,26,61.40,101.57,7.00,448.00,null,null,null
2023-08-19T13:45:03Z,26.24,60.45,99,28,42.91,101.58,7.00,448.00,null,null,null
2023-08-19T13:46:03Z,26.29,60.47,99,28,42.83,101.58,7.00,448.00,3,6,6
2023-08-19T13:47:03Z,26.26,60.36,99,31,45.89,101.59,8.00,454.00,null,null,null
2023-08-19T13:48:03Z,26.26,60.16,99,36,41.40,101.58,8.00,454.00,null,null,null
2023-08-19T13:49:03Z,26.27,60.13,99,50,47.84,101.58,8.00,457.00,null,null,null
2023-08-19T13:50:03Z,26.26,60.01,99,142,42.19,101.57,8.00,457.00,null,null,null
2023-08-19T13:51:03Z,26.27,60.15,99,65,41.03,101.58,7.00,452.00,2,6,6
2023-08-19T13:52:03Z,26.27,60.41,99,51,44.21,101.58,7.00,452.00,null,null,null
2023-08-19T13:53:03Z,26.27,60.71,99,63,56.78,101.58,8.00,454.00,null,null,null
2023-08-19T13:54:03Z,26.27,60.81,99,65,43.07,101.58,8.00,457.00,null,null,null
2023-08-19T13:55:03Z,26.29,60.77,99,27,44.93,101.59,7.00,452.00,null,null,null
2023-08-19T13:56:03Z,26.27,59.87,99,35,43.66,101.58,7.00,452.00,3,6,6
2023-08-19T13:57:03Z,26.26,60.22,99,183,58.37,101.58,7.00,452.00,null,null,null
2023-08-19T13:58:03Z,26.29,60.26,99,188,55.42,101.58,9.00,461.00,null,null,null
2023-08-19T13:59:03Z,26.30,60.23,99,187,49.02,101.58,8.00,454.00,null,null,null
2023-08-19T14:00:03Z,26.27,60.47,99,201,44.40,101.59,8.00,457.00,null,null,null
2023-08-19T14:01:03Z,26.30,60.41,99,200,40.99,101.58,8.00,454.00,2,3,3
2023-08-19T14:02:03Z,26.32,60.28,99,202,43.04,101.58,8.00,457.00,null,null,null
2023-08-19T14:03:03Z,26.32,60.34,99,186,45.97,101.59,8.00,457.00,null,null,null
2023-08-19T14:04:03Z,26.30,60.40,99,184,44.56,101.58,8.00,454.00,null,null,null
2023-08-19T14:05:03Z,26.29,60.34,99,184,46.19,101.59,8.00,454.00,null,null,null
2023-08-19T14:06:03Z,26.30,60.25,99,183,50.56,101.59,8.00,454.00,3,3,8
2023-08-19T14:07:03Z,26.29,60.13,99,186,47.01,101.59,8.00,457.00,null,null,null
2023-08-19T14:08:03Z,26.32,60.14,99,188,41.16,101.59,8.00,457.00,null,null,null
2023-08-19T14:09:03Z,26.29,60.09,99,192,63.94,101.59,7.00,452.00,null,null,null
2023-08-19T14:10:03Z,26.29,60.13,99,196,41.23,101.60,7.00,447.00,null,null,null
2023-08-19T14:11:03Z,26.32,60.11,99,201,67.31,101.60,7.00,452.00,3,4,7
2023-08-19T14:12:03Z,26.29,60.10,99,204,51.33,101.60,7.00,452.00,null,null,null
2023-08-19T14:13:03Z,26.30,60.21,99,21,41.61,101.60,7.00,452.00,null,null,null
2023-08-19T14:14:03Z,26.30,60.22,99,19,54.55,101.60,7.00,452.00,null,null,null
2023-08-19T14:15:03Z,26.32,60.23,99,19,41.65,101.60,7.00,448.00,null,null,null
2023-08-19T14:16:03Z,26.30,60.13,99,22,43.67,101.60,7.00,447.00,2,6,7
2023-08-19T14:17:03Z,26.30,60.34,99,25,42.82,101.59,7.00,452.00,null,null,null
2023-08-19T14:18:03Z,26.30,60.21,99,23,55.84,101.60,7.00,448.00,null,null,null
2023-08-19T14:19:03Z,26.32,60.32,99,25,41.41,101.60,7.00,452.00,null,null,null
2023-08-19T14:20:03Z,26.34,60.32,99,30,43.62,101.60,7.00,448.00,null,null,null
2023-08-19T14:21:03Z,26.32,60.22,99,57,42.14,101.60,7.00,448.00,1,4,4
2023-08-19T14:22:03Z,26.34,60.17,99,42,41.26,101.60,7.00,452.00,null,null,null
2023-08-19T14:23:03Z,26.30,60.18,99,41,41.90,101.60,7.00,452.00,null,null,null
2023-08-19T14:24:03Z,26.34,60.18,99,78,42.21,101.60,8.00,457.00,null,null,null
2023-08-19T14:25:03Z,26.33,60.02,99,25,41.42,101.61,9.00,461.00,null,null,null
2023-08-19T14:26:03Z,26.32,60.01,99,24,41.64,101.61,8.00,457.00,1,4,7
2023-08-19T14:27:03Z,26.32,59.98,99,43,40.56,101.61,7.00,452.00,null,null,null
2023-08-19T14:28:03Z,26.34,59.71,99,39,43.05,101.61,7.00,452.00,null,null,null
2023-08-19T14:29:03Z,26.34,59.87,99,32,42.54,101.61,7.00,452.00,null,null,null
2023-08-19T14:30:03Z,26.34,59.78,99,32,42.51,101.61,7.00,447.00,null,null,null
2023-08-19T14:31:03Z,26.30,59.86,99,37,43.72,101.62,7.00,452.00,2,3,3
2023-08-19T14:32:03Z,26.33,59.77,99,227,41.37,101.61,7.00,447.00,null,null,null
2023-08-19T14:33:03Z,26.34,59.74,99,39,41.08,101.62,7.00,452.00,null,null,null
2023-08-19T14:34:03Z,26.33,59.85,99,164,43.45,101.61,7.00,452.00,null,null,null
2023-08-19T14:35:03Z,26.32,59.87,99,187,42.26,101.60,7.00,447.00,null,null,null
2023-08-19T14:36:03Z,26.34,59.75,99,51,42.77,101.61,7.00,452.00,2,4,6
2023-08-19T14:37:03Z,26.34,59.80,99,60,42.98,101.62,7.00,447.00,null,null,null
2023-08-19T14:38:03Z,26.34,59.94,99,32,48.65,101.62,7.00,447.00,null,null,null
2023-08-19T14:39:03Z,26.33,59.94,99,29,40.81,101.62,7.00,447.00,null,null,null
2023-08-19T14:40:03Z,26.34,59.84,99,28,41.31,101.62,7.00,447.00,null,null,null
2023-08-19T14:41:03Z,26.33,59.72,99,24,44.07,101.63,7.00,447.00,1,4,9
2023-08-19T14:42:03Z,26.32,59.76,99,22,42.30,101.63,7.00,447.00,null,null,null
2023-08-19T14:43:03Z,26.34,59.91,99,32,41.69,101.62,7.00,447.00,null,null,null
2023-08-19T14:44:03Z,26.36,60.19,99,108,61.39,101.62,7.00,452.00,null,null,null
2023-08-19T14:45:03Z,26.36,60.46,99,277,42.33,101.61,8.00,457.00,null,null,null
2023-08-19T14:46:03Z,26.36,60.64,99,39,42.85,101.62,8.00,457.00,3,6,6
2023-08-19T14:47:03Z,26.34,60.81,99,45,41.83,101.63,9.00,463.00,null,null,null
2023-08-19T14:48:03Z,26.37,60.71,99,301,41.12,101.62,9.00,463.00,null,null,null
2023-08-19T14:49:03Z,26.36,60.72,99,57,62.64,101.63,10.00,466.00,null,null,null
2023-08-19T14:50:03Z,26.39,60.76,99,250,42.07,101.62,11.00,475.00,null,null,null
2023-08-19T14:51:03Z,26.40,60.75,99,263,63.38,101.62,14.00,492.00,1,2,6
2023-08-19T14:52:03Z,26.43,60.63,99,123,46.70,101.62,14.00,496.00,null,null,null
2023-08-19T14:53:03Z,26.43,60.80,99,19,56.97,101.64,15.00,501.00,null,null,null
2023-08-19T14:54:03Z,26.43,60.76,99,17,48.93,101.64,14.00,496.00,null,null,null
2023-08-19T14:55:03Z,26.45,60.85,99,23,40.84,101.63,16.00,508.00,null,null,null
2023-08-19T14:56:03Z,26.45,60.84,99,33,40.85,101.63,16.00,506.00,3,6,6
2023-08-19T14:57:03Z,26.45,60.84,99,269,40.35,101.64,17.00,517.00,null,null,null
2023-08-19T14:58:03Z,26.48,60.72,99,270,40.75,101.62,16.00,506.00,null,null,null
2023-08-19T14:59:03Z,26.47,60.66,99,276,40.53,101.62,18.00,523.00,null,null,null
2023-08-19T15:00:03Z,26.48,60.71,99,34,54.86,101.63,18.00,523.00,null,null,null
2023-08-19T15:01:03Z,26.47,60.78,99,270,46.15,101.62,18.00,523.00,2,3,7
2023-08-19T15:02:03Z,26.48,61.03,99,279,62.27,101.62,18.00,523.00,null,null,null
2023-08-19T15:03:03Z,26.50,60.95,99,270,41.95,101.62,19.00,529.00,null,null,null
2023-08-19T15:04:03Z,26.47,60.76,99,32,42.31,101.63,20.00,534.00,null,null,null
2023-08-19T15:05:03Z,26.50,60.55,99,291,56.59,101.62,19.00,529.00,null,null,null
2023-08-19T15:06:03Z,26.50,60.77,99,107,51.71,101.63,20.00,534.00,2,4,7
2023-08-19T15:07:03Z,26.50,60.83,99,38,41.66,101.63,17.00,517.00,null,null,null
2023-08-19T15:08:03Z,26.51,60.65,99,26,44.88,101.62,18.00,523.00,null,null,null
2023-08-19T15:09:03Z,26.50,60.42,99,35,52.01,101.63,19.00,529.00,null,null,null
2023-08-19T15:10:03Z,26.47,60.37,99,292,54.74,101.61,18.00,523.00,null,null,null
2023-08-19T15:11:03Z,26.51,60.41,99,268,42.13,101.62,18.00,523.00,1,2,2
2023-08-19T15:12:03Z,26.50,60.41,99,291,42.56,101.61,18.00,523.00,null,null,null
2023-08-19T15:13:03Z,26.51,60.25,99,41,47.62,101.63,17.00,517.00,null,null,null
2023-08-19T15:14:03Z,26.51,60.31,99,261,48.88,101.62,18.00,520.00,null,null,null
2023-08-19T15:15:03Z,26.50,60.22,99,32,46.94,101.62,16.00,508.00,null,null,null
2023-08-19T15:16:03Z,26.50,60.26,99,298,43.42,101.61,15.00,505.00,2,3,7
2023-08-19T15:17:03Z,26.51,60.47,99,284,43.67,101.61,16.00,508.00,null,null,null
2023-08-19T15:18:03Z,26.53,60.41,99,278,50.94,101.61,16.00,508.00,null,null,null
2023-08-19T15:19:03Z,26.51,60.32,99,275,49.93,101.61,16.00,508.00,null,null,null
2023-08-19T15:20:03Z,26.51,60.34,99,284,45.66,101.62,16.00,508.00,null,null,null
2023-08-19T15:21:03Z,26.53,60.42,99,289,48.95,101.61,16.00,508.00,3,8,9
2023-08-19T15:22:03Z,26.53,60.16,99,295,49.10,101.61,15.00,501.00,null,null,null
2023-08-19T15:23:03Z,26.53,60.04,99,292,41.46,101.62,15.00,505.00,null,null,null
2023-08-19T15:24:03Z,26.54,60.15,99,48,54.50,101.63,15.00,500.00,null,null,null
2023-08-19T15:25:03Z,26.53,60.31,99,293,45.32,101.63,15.00,500.00,null,null,null
2023-08-19T15:26:03Z,26.54,60.38,99,21,42.51,101.63,14.00,496.00,9,13,15
2023-08-19T15:27:03Z,26.54,60.60,99,29,42.96,101.63,14.00,496.00,null,null,null
2023-08-19T15:28:03Z,26.54,60.48,99,300,44.64,101.62,15.00,501.00,null,null,null
2023-08-19T15:29:03Z,26.54,60.43,99,43,45.01,101.63,15.00,501.00,null,null,null
2023-08-19T15:30:03Z,26.54,60.41,99,25,42.37,101.63,14.00,496.00,null,null,null
2023-08-19T15:31:03Z,26.54,60.43,99,297,78.33,101.62,14.00,496.00,26,30,31
2023-08-19T15:32:03Z,26.55,60.39,99,302,45.38,101.62,14.00,496.00,null,null,null
2023-08-19T15:33:03Z,26.57,59.93,99,294,39.59,101.62,14.00,492.00,null,null,null
2023-08-19T15:34:03Z,26.57,60.10,99,296,43.22,101.62,13.00,491.00,null,null,null
2023-08-19T15:35:03Z,26.54,59.79,99,298,41.54,101.61,12.00,483.00,null,null,null
2023-08-19T15:36:03Z,26.54,60.06,99,292,47.93,101.62,12.00,483.00,42,52,52
2023-08-19T15:37:03Z,26.55,60.11,99,297,52.38,101.62,12.00,483.00,null,null,null
2023-08-19T15:38:03Z,26.60,60.04,99,295,41.98,101.62,12.00,483.00,null,null,null
2023-08-19T15:39:03Z,26.57,59.85,99,286,55.24,101.62,12.00,483.00,null,null,null
2023-08-19T15:40:03Z,26.57,59.39,99,288,41.67,101.63,11.00,478.00,null,null,null
2023-08-19T15:41:03Z,26.55,59.33,99,285,44.11,101.62,12.00,480.00,10,14,17
2023-08-19T15:42:03Z,26.57,59.32,99,280,41.54,101.63,9.00,465.00,null,null,null
2023-08-19T15:43:03Z,26.54,58.90,99,277,61.62,101.63,9.00,465.00,null,null,null
2023-08-19T15:44:03Z,26.54,59.27,99,111,41.45,101.64,9.00,462.00,null,null,null
2023-08-19T15:45:03Z,26.54,59.01,99,43,44.46,101.64,8.00,457.00,null,null,null
2023-08-19T15:46:03Z,26.54,59.15,99,191,65.33,101.63,7.00,452.00,6,8,8
2023-08-19T15:47:03Z,26.54,59.13,99,77,45.65,101.63,6.00,444.00,null,null,null
2023-08-19T15:48:03Z,26.53,58.55,99,23,42.60,101.64,6.00,444.00,null,null,null
2023-08-19T15:49:03Z,26.50,58.49,99,29,45.44,101.64,6.00,443.00,null,null,null
2023-08-19T15:50:03Z,26.50,58.52,99,179,42.47,101.64,5.00,436.00,null,null,null
2023-08-19T15:51:03Z,26.47,58.57,99,21,49.05,101.64,5.00,433.00,2,3,5
2023-08-19T15:52:03Z,26.44,58.20,99,68,41.10,101.65,3.00,424.00,null,null,null
2023-08-19T15:53:03Z,26.47,58.27,99,198,44.44,101.64,2.00,417.00,null,null,null
2023-08-19T15:54:03Z,26.45,58.52,99,192,44.08,101.64,1.00,413.00,null,null,null
2023-08-19T15:55:03Z,26.45,58.22,99,181,42.82,101.64,0.00,406.00,null,null,null
2023-08-19T15:56:03Z,26.44,58.51,99,23,41.51,101.65,1.00,407.00,1,2,2
2023-08-19T15:57:03Z,26.43,58.40,99,165,42.48,101.64,0.00,400.00,null,null,null
2023-08-19T15:58:03Z,26.40,58.40,99,145,45.85,101.64,0.00,400.00,null,null,null
2023-08-19T15:59:03Z,26.41,58.40,99,133,43.13,101.64,0.00,400.00,null,null,null
2023-08-19T16:00:03Z,26.40,58.32,99,123,43.72,101.64,0.00,400.00,null,null,null
2023-08-19T16:01:03Z,26.43,58.49,99,113,57.74,101.64,0.00,400.00,2,2,4
2023-08-19T16:02:03Z,26.41,58.52,99,97,42.62,101.64,0.00,400.00,null,null,null
2023-08-19T16:03:03Z,26.41,58.37,99,96,41.37,101.64,0.00,400.00,null,null,null
2023-08-19T16:04:03Z,26.43,58.58,99,87,56.60,101.64,0.00,400.00,null,null,null
2023-08-19T16:05:03Z,26.41,58.28,99,76,43.83,101.64,0.00,400.00,null,null,null
2023-08-19T16:06:03Z,26.39,57.80,99,66,54.31,101.64,0.00,400.00,2,3,3
2023-08-19T16:07:03Z,26.39,57.64,99,60,53.45,101.64,0.00,400.00,null,null,null
2023-08-19T16:08:03Z,26.37,57.97,99,52,48.16,101.63,0.00,400.00,null,null,null
2023-08-19T16:09:03Z,26.37,58.02,99,44,46.76,101.63,0.00,400.00,null,null,null
2023-08-19T16:10:03Z,26.36,57.92,99,16,55.87,101.64,0.00,400.00,null,null,null
2023-08-19T16:11:03Z,26.33,57.93,99,19,45.02,101.64,0.00,400.00,3,6,6
2023-08-19T16:12:03Z,26.30,58.10,99,20,54.87,101.64,0.00,400.00,null,null,null
2023-08-19T16:13:03Z,26.32,58.27,99,31,43.24,101.64,0.00,400.00,null,null,null
2023-08-19T16:14:03Z,26.29,58.33,99,25,42.71,101.64,0.00,400.00,null,null,null
2023-08-19T16:15:03Z,26.29,58.08,99,20,42.07,101.64,0.00,400.00,null,null,null
2023-08-19T16:16:03Z,26.26,58.20,99,21,55.13,101.64,0.00,400.00,2,4,4
2023-08-19T16:17:03Z,26.26,58.35,99,22,40.48,101.63,0.00,400.00,null,null,null
2023-08-19T16:18:03Z,26.24,58.22,99,20,44.49,101.64,0.00,400.00,null,null,null
2023-08-19T16:19:03Z,26.23,58.20,99,18,64.46,101.64,4.00,432.00,null,null,null
2023-08-19T16:20:03Z,26.20,57.99,99,20,41.32,101.64,3.00,422.00,null,null,null
2023-08-19T16:21:03Z,26.17,58.12,99,23,49.87,101.65,3.00,422.00,2,3,4
2023-08-19T16:22:03Z,26.19,58.20,99,17,51.06,101.64,2.00,416.00,null,null,null
2023-08-19T16:23:03Z,26.17,58.08,99,12,48.20,101.65,3.00,420.00,null,null,null
2023-08-19T16:24:03Z,26.14,57.99,99,15,50.32,101.65,1.00,410.00,null,null,null
2023-08-19T16:25:03Z,26.17,57.80,99,19,62.78,101.65,1.00,410.00,null,null,null
2023-08-19T16:26:03Z,26.13,57.86,99,16,43.74,101.64,1.00,407.00,1,3,3
2023-08-19T16:27:03Z,26.14,58.17,99,10,41.43,101.65,0.00,403.00,null,null,null
2023-08-19T16:28:03Z,26.13,58.31,99,13,43.93,101.65,0.00,403.00,null,null,null
2023-08-19T16:29:03Z,26.14,58.39,99,13,41.69,101.65,0.00,402.00,null,null,null
2023-08-19T16:30:03Z,26.13,58.39,99,13,41.31,101.65,0.00,400.00,null,null,null
2023-08-19T16:31:03Z,26.10,58.40,99,18,44.91,101.65,0.00,403.00,2,4,6
2023-08-19T16:32:03Z,26.12,58.35,99,22,42.13,101.66,0.00,400.00,null,null,null
2023-08-19T16:33:03Z,26.10,58.29,99,21,41.38,101.65,0.00,400.00,null,null,null
2023-08-19T16:34:03Z,26.10,58.40,99,18,41.37,101.65,0.00,400.00,null,null,null
2023-08-19T16:35:03Z,26.07,58.43,99,20,52.35,101.65,0.00,400.00,null,null,null
2023-08-19T16:36:03Z,26.07,58.47,99,21,45.07,101.64,0.00,400.00,1,1,3
2023-08-19T16:37:03Z,26.06,58.38,99,21,45.60,101.64,0.00,400.00,null,null,null
2023-08-19T16:38:03Z,26.10,58.40,99,20,56.95,101.64,0.00,400.00,null,null,null
2023-08-19T16:39:03Z,26.07,58.45,99,18,44.83,101.65,0.00,400.00,null,null,null
2023-08-19T16:40:03Z,26.06,58.54,99,14,47.14,101.65,0.00,400.00,null,null,null
2023-08-19T16:41:03Z,26.06,58.58,99,12,44.99,101.66,0.00,405.00,1,2,4
2023-08-19T16:42:03Z,26.09,58.45,99,13,44.72,101.66,0.00,405.00,null,null,null
2023-08-19T16:43:03Z,26.06,58.47,99,13,49.29,101.66,0.00,405.00,null,null,null
2023-08-19T16:44:03Z,26.07,58.35,99,9,60.99,101.65,0.00,405.00,null,null,null
2023-08-19T16:45:03Z,26.06,58.44,99,12,54.29,101.65,0.00,405.00,null,null,null
2023-08-19T16:46:03Z,26.07,58.56,99,7,51.48,101.66,0.00,405.00,2,4,9
2023-08-19T16:47:03Z,26.07,58.42,99,7,52.21,101.66,0.00,405.00,null,null,null
2023-08-19T16:48:03Z,26.06,58.34,99,11,49.90,101.67,0.00,405.00,null,null,null
2023-08-19T16:49:03Z,26.09,58.54,99,13,45.71,101.66,0.00,405.00,null,null,null
2023-08-19T16:50:03Z,26.04,58.53,99,12,42.71,101.66,0.00,405.00,null,null,null
2023-08-19T16:51:03Z,26.06,58.43,99,12,46.79,101.67,1.00,408.00,1,2,4
2023-08-19T16:52:03Z,26.03,58.52,99,14,47.17,101.67,0.00,405.00,null,null,null
2023-08-19T16:53:03Z,26.06,58.41,99,15,44.28,101.66,1.00,408.00,null,null,null
2023-08-19T16:54:03Z,26.04,58.43,99,15,53.25,101.66,1.00,408.00,null,null,null
2023-08-19T16:55:03Z,26.03,58.45,99,16,42.09,101.67,1.00,408.00,null,null,null
2023-08-19T16:56:03Z,26.02,58.57,99,14,48.35,101.67,1.00,408.00,1,2,2
2023-08-19T16:57:03Z,26.04,58.64,99,12,41.42,101.68,0.00,405.00,null,null,null
2023-08-19T16:58:03Z,26.03,58.77,99,16,45.56,101.68,0.00,405.00,null,null,null
2023-08-19T16:59:03Z,26.02,58.96,99,15,47.50,101.68,0.00,405.00,null,null,null
2023-08-19T17:00:03Z,26.03,59.01,99,13,41.33,101.68,0.00,405.00,null,null,null
2023-08-19T17:01:03Z,26.02,58.99,99,15,48.83,101.68,0.00,405.00,1,2,2
2023-08-19T17:02:03Z,26.02,58.98,99,10,47.30,101.68,0.00,405.00,null,null,null
2023-08-19T17:03:03Z,26.02,58.96,99,11,43.16,101.69,0.00,405.00,null,null,null
2023-08-19T17:04:03Z,26.03,58.99,99,10,41.28,101.68,0.00,401.00,null,null,null
2023-08-19T17:05:03Z,26.02,59.07,99,9,57.24,101.69,0.00,405.00,null,null,null
2023-08-19T17:06:03Z,26.00,59.20,99,9,43.00,101.69,0.00,405.00,1,3,3
2023-08-19T17:07:03Z,25.99,59.35,99,10,47.19,101.68,0.00,405.00,null,null,null
2023-08-19T17:08:03Z,26.02,59.40,99,9,56.21,101.69,0.00,400.00,null,null,null
2023-08-19T17:09:03Z,26.00,59.70,99,10,49.46,101.69,0.00,400.00,null,null,null
2023-08-19T17:10:03Z,25.99,60.06,99,9,48.19,101.69,0.00,400.00,null,null,null
2023-08-19T17:11:03Z,25.97,60.33,99,8,46.33,101.69,0.00,400.00,1,2,4
2023-08-19T17:12:03Z,26.00,60.54,99,11,52.29,101.69,0.00,402.00,null,null,null
2023-08-19T17:13:03Z,25.99,60.18,99,10,44.87,101.70,0.00,402.00,null,null,null
2023-08-19T17:14:03Z,25.99,59.99,99,10,54.50,101.69,0.00,406.00,null,null,null
2023-08-19T17:15:03Z,25.97,61.58,99,27,53.21,101.70,1.00,409.00,null,null,null
2023-08-19T17:16:03Z,25.99,60.57,99,26,47.15,101.69,0.00,400.00,1,2,2
2023-08-19T17:17:03Z,25.99,60.39,99,16,47.50,101.69,1.00,409.00,null,null,null
2023-08-19T17:18:03Z,25.99,61.78,99,27,58.30,101.69,2.00,414.00,null,null,null
2023-08-19T17:19:03Z,26.00,62.91,99,8,51.53,101.70,1.00,410.00,null,null,null
2023-08-19T17:20:03Z,25.97,60.83,99,8,45.35,101.70,0.00,406.00,null,null,null
2023-08-19T17:21:03Z,25.99,60.64,99,6,47.00,101.69,3.00,422.00,2,4,4
2023-08-19T17:22:03Z,25.97,60.53,99,7,46.97,101.70,3.00,426.00,null,null,null
2023-08-19T17:23:03Z,26.02,60.49,99,7,50.14,101.69,3.00,426.00,null,null,null
2023-08-19T17:24:03Z,25.97,60.52,99,7,42.82,101.69,3.00,426.00,null,null,null
2023-08-19T17:25:03Z,25.99,61.69,99,9,47.43,101.70,3.00,426.00,null,null,null
2023-08-19T17:26:03Z,25.97,61.20,99,9,46.00,101.70,3.00,426.00,0,1,3
2023-08-19T17:27:03Z,25.97,61.78,99,9,55.69,101.70,2.00,417.00,null,null,null
2023-08-19T17:28:03Z,25.99,60.56,99,10,57.24,101.70,3.00,422.00,null,null,null
2023-08-19T17:29:03Z,25.97,61.15,99,9,51.63,101.70,5.00,436.00,null,null,null
2023-08-19T17:30:03Z,25.96,60.70,99,8,50.75,101.70,4.00,432.00,null,null,null
2023-08-19T17:31:03Z,25.96,60.75,99,8,56.11,101.70,5.00,433.00,2,4,5
2023-08-19T17:32:03Z,25.96,60.63,99,8,47.71,101.71,3.00,426.00,null,null,null
2023-08-19T17:33:03Z,25.96,61.14,99,7,43.73,101.71,5.00,436.00,null,null,null
2023-08-19T17:34:03Z,25.97,60.26,99,8,52.81,101.71,4.00,432.00,null,null,null
2023-08-19T17:35:03Z,25.95,60.20,99,7,49.73,101.71,6.00,443.00,null,null,null
2023-08-19T17:36:03Z,25.93,60.51,99,6,44.00,101.71,7.00,446.00,1,4,4
2023-08-19T17:37:03Z,25.93,60.71,99,7,43.83,101.71,6.00,443.00,null,null,null
2023-08-19T17:38:03Z,25.93,60.29,99,6,42.90,101.71,7.00,446.00,null,null,null
2023-08-19T17:39:03Z,25.92,60.43,99,5,47.82,101.71,7.00,446.00,null,null,null
2023-08-19T17:40:03Z,25.92,60.64,99,6,43.40,101.71,7.00,446.00,null,null,null
2023-08-19T17:41:03Z,25.90,60.18,99,6,40.47,101.71,7.00,446.00,3,5,5
2023-08-19T17:42:03Z,25.92,60.13,99,6,54.64,101.71,8.00,455.00,null,null,null
2023-08-19T17:43:03Z,25.92,60.06,99,6,56.44,101.72,8.00,455.00,null,null,null
2023-08-19T17:44:03Z,25.90,60.28,99,6,43.30,101.72,8.00,455.00,null,null,null
2023-08-19T17:45:03Z,25.89,60.09,99,6,41.28,101.72,7.00,451.00,null,null,null
2023-08-19T17:46:03Z,25.88,60.27,99,7,52.99,101.72,8.00,457.00,4,7,7
2023-08-19T17:47:03Z,25.89,60.18,99,6,67.97,101.72,8.00,459.00,null,null,null
2023-08-19T17:48:03Z,25.89,60.52,99,6,45.82,101.72,9.00,462.00,null,null,null
2023-08-19T17:49:03Z,25.89,60.26,99,6,46.38,101.72,9.00,463.00,null,null,null
2023-08-19T17:50:03Z,25.88,60.05,99,6,55.09,101.72,10.00,466.00,null,null,null
2023-08-19T17:51:03Z,25.88,60.30,99,6,55.15,101.72,11.00,475.00,3,4,4
2023-08-19T17:52:03Z,25.89,60.20,99,6,50.20,101.73,11.00,475.00,null,null,null
2023-08-19T17:53:03Z,25.85,60.02,99,7,49.44,101.73,11.00,475.00,null,null,null
2023-08-19T17:54:03Z,25.83,59.87,99,7,52.79,101.72,10.00,466.00,null,null,null
2023-08-19T17:55:03Z,25.82,59.84,99,7,45.39,101.72,10.00,466.00,null,null,null
2023-08-19T17:56:03Z,25.82,59.86,99,7,47.18,101.73,10.00,466.00,2,2,2
2023-08-19T17:57:03Z,25.82,59.87,99,8,45.79,101.74,9.00,462.00,null,null,null
2023-08-19T17:58:03Z,25.81,59.82,99,8,47.55,101.73,9.00,462.00,null,null,null
2023-08-19T17:59:03Z,25.79,59.73,99,8,48.12,101.74,9.00,462.00,null,null,null
2023-08-19T18:00:03Z,25.78,59.69,99,7,44.71,101.73,10.00,466.00,null,null,null
2023-08-19T18:01:03Z,25.78,59.89,99,6,49.66,101.73,10.00,466.00,2,4,4
2023-08-19T18:02:03Z,25.78,59.87,99,10,65.54,101.73,10.00,466.00,null,null,null
2023-08-19T18:03:03Z,25.78,59.78,99,21,58.32,101.73,10.00,466.00,null,null,null
2023-08-19T18:04:03Z,25.79,59.75,99,10,54.49,101.73,12.00,480.00,null,null,null
2023-08-19T18:05:03Z,25.75,59.86,99,10,61.21,101.73,12.00,483.00,null,null,null
2023-08-19T18:06:03Z,25.76,59.97,99,12,62.18,101.73,11.00,478.00,3,5,5
2023-08-19T18:07:03Z,25.78,60.05,99,11,64.57,101.73,11.00,475.00,null,null,null
2023-08-19T18:08:03Z,25.79,60.11,99,12,57.30,101.73,12.00,483.00,null,null,null
2023-08-19T18:09:03Z,25.78,60.03,99,12,53.12,101.73,13.00,486.00,null,null,null
2023-08-19T18:10:03Z,25.76,60.03,99,13,52.53,101.74,12.00,483.00,null,null,null
2023-08-19T18:11:03Z,25.78,60.29,99,12,46.35,101.74,12.00,483.00,3,7,8
2023-08-19T18:12:03Z,25.75,60.33,99,7,60.02,101.74,12.00,480.00,null,null,null
2023-08-19T18:13:03Z,25.75,60.29,99,7,52.09,101.74,12.00,480.00,null,null,null
2023-08-19T18:14:03Z,25.73,60.41,99,8,52.34,101.74,12.00,480.00,null,null,null
2023-08-19T18:15:03Z,25.75,60.40,99,7,50.57,101.75,12.00,482.00,null,null,null
2023-08-19T18:16:03Z,25.72,60.60,99,6,58.54,101.74,12.00,482.00,3,7,8
2023-08-19T18:17:03Z,25.73,60.55,99,7,47.36,101.74,12.00,482.00,null,null,null
2023-08-19T18:18:03Z,25.73,60.59,99,6,47.12,101.74,12.00,481.00,null,null,null
2023-08-19T18:19:03Z,25.73,60.91,99,5,58.40,101.74,13.00,491.00,null,null,null
2023-08-19T18:20:03Z,25.73,60.78,99,7,57.80,101.74,12.00,480.00,null,null,null
2023-08-19T18:21:03Z,25.71,61.12,99,5,53.33,101.74,12.00,485.00,3,6,6
2023-08-19T18:22:03Z,25.73,61.26,99,7,47.19,101.74,14.00,493.00,null,null,null
2023-08-19T18:23:03Z,25.72,61.08,99,6,64.79,101.74,14.00,498.00,null,null,null
2023-08-19T18:24:03Z,25.73,61.17,99,4,70.48,101.75,17.00,518.00,null,null,null
2023-08-19T18:25:03Z,25.75,61.46,99,6,60.64,101.75,20.00,533.00,null,null,null
2023-08-19T18:26:03Z,25.75,61.71,99,4,46.86,101.75,21.00,540.00,7,12,13
2023-08-19T18:27:03Z,25.73,61.36,99,4,58.60,101.76,23.00,553.00,null,null,null
2023-08-19T18:28:03Z,25.76,61.47,99,4,48.38,101.75,24.00,560.00,null,null,null
2023-08-19T18:29:03Z,25.76,61.43,99,6,61.61,101.76,25.00,566.00,null,null,null
2023-08-19T18:30:03Z,25.73,61.79,99,6,64.50,101.76,28.00,586.00,null,null,null
2023-08-19T18:31:03Z,25.78,61.86,99,6,49.69,101.76,30.00,600.00,4,8,10
2023-08-19T18:32:03Z,25.78,61.59,99,6,51.56,101.76,31.00,605.00,null,null,null
2023-08-19T18:33:03Z,25.78,61.83,99,4,50.28,101.76,35.00,634.00,null,null,null
2023-08-19T18:34:03Z,25.78,61.90,99,4,47.20,101.76,35.00,634.00,null,null,null
2023-08-19T18:35:03Z,25.79,62.14,99,4,52.64,101.76,40.00,665.00,null,null,null
2023-08-19T18:36:03Z,25.75,61.93,99,4,53.74,101.76,40.00,665.00,7,11,11
2023-08-19T18:37:03Z,25.82,61.88,99,6,54.19,101.75,41.00,672.00,null,null,null
2023-08-19T18:38:03Z,25.78,62.51,99,3,50.08,101.76,43.00,688.00,null,null,null
2023-08-19T18:39:03Z,25.79,62.58,99,3,54.11,101.76,47.00,714.00,null,null,null
2023-08-19T18:40:03Z,25.78,62.01,99,6,51.02,101.76,52.00,744.00,null,null,null
2023-08-19T18:41:03Z,25.81,62.22,99,5,50.32,101.76,54.00,759.00,7,9,12
2023-08-19T18:42:03Z,25.81,61.97,99,5,48.05,101.76,56.00,774.00,null,null,null
2023-08-19T18:43:03Z,25.79,61.93,99,5,48.89,101.76,58.00,785.00,null,null,null
2023-08-19T18:44:03Z,25.81,61.84,99,5,47.18,101.76,60.00,795.00,null,null,null
2023-08-19T18:45:03Z,25.82,61.95,99,3,48.03,101.77,61.00,804.00,null,null,null
2023-08-19T18:46:03Z,25.83,62.39,99,3,49.35,101.77,65.00,832.00,9,17,22
2023-08-19T18:47:03Z,25.82,61.95,99,3,55.94,101.77,66.00,834.00,null,null,null
2023-08-19T18:48:03Z,25.85,61.77,99,0,54.11,101.77,68.00,851.00,null,null,null
2023-08-19T18:49:03Z,25.83,61.92,99,0,48.47,101.77,72.00,874.00,null,null,null
2023-08-19T18:50:03Z,25.83,61.79,99,3,51.22,101.78,72.00,874.00,null,null,null
2023-08-19T18:51:03Z,25.82,61.95,99,3,47.92,101.77,73.00,885.00,6,9,16
2023-08-19T18:52:03Z,25.83,61.83,99,0,56.35,101.77,75.00,895.00,null,null,null
2023-08-19T18:53:03Z,25.86,61.83,99,0,50.24,101.77,77.00,909.00,null,null,null
2023-08-19T18:54:03Z,25.88,61.87,99,0,51.39,101.78,79.00,920.00,null,null,null
2023-08-19T18:55:03Z,25.86,61.77,99,0,47.93,101.78,80.00,930.00,null,null,null
2023-08-19T18:56:03Z,25.86,62.09,99,0,50.45,101.78,83.00,945.00,5,8,9
2023-08-19T18:57:03Z,25.88,62.07,99,0,51.89,101.78,84.00,956.00,null,null,null
2023-08-19T18:58:03Z,25.89,61.81,99,0,53.76,101.78,84.00,956.00,null,null,null
2023-08-19T18:59:03Z,25.88,61.80,99,0,46.11,101.79,86.00,967.00,null,null,null
2023-08-19T19:00:03Z,25.88,61.78,99,0,48.75,101.79,87.00,977.00,null,null,null
2023-08-19T19:01:03Z,25.86,62.00,99,0,47.64,101.80,87.00,977.00,7,12,12
2023-08-19T19:02:03Z,25.88,62.26,99,0,44.68,101.80,87.00,977.00,null,null,null
2023-08-19T19:03:03Z,25.89,62.15,99,0,53.85,101.80,88.00,981.00,null,null,null
2023-08-19T19:04:03Z,25.88,61.78,99,0,55.67,101.81,89.00,990.00,null,null,null
2023-08-19T19:05:03Z,25.89,61.73,99,0,54.16,101.80,89.00,990.00,null,null,null
2023-08-19T19:06:03Z,25.89,61.72,99,0,42.57,101.81,92.00,1009.00,7,13,14
2023-08-19T19:07:03Z,25.90,62.46,99,0,41.46,101.81,91.00,1001.00,null,null,null
2023-08-19T19:08:03Z,25.92,61.93,99,0,54.63,101.81,90.00,992.00,null,null,null
2023-08-19T19:09:03Z,25.92,61.84,99,0,54.13,101.81,91.00,1001.00,null,null,null
2023-08-19T19:10:03Z,25.93,61.91,99,0,52.73,101.82,91.00,1001.00,null,null,null
2023-08-19T19:11:03Z,25.92,61.75,99,0,55.83,101.82,91.00,1001.00,6,9,13
2023-08-19T19:12:03Z,25.92,61.75,99,0,47.03,101.82,91.00,1001.00,null,null,null
2023-08-19T19:13:03Z,25.93,61.70,99,0,49.82,101.82,91.00,1001.00,null,null,null
2023-08-19T19:14:03Z,25.95,61.67,99,0,58.41,101.82,94.00,1019.00,null,null,null
2023-08-19T19:15:03Z,25.93,61.65,99,0,54.51,101.83,94.00,1019.00,null,null,null
2023-08-19T19:16:03Z,25.95,61.65,99,0,40.23,101.83,94.00,1019.00,6,9,10
2023-08-19T19:17:03Z,25.96,61.64,99,0,53.37,101.83,92.00,1009.00,null,null,null
2023-08-19T19:18:03Z,25.96,61.53,99,0,57.67,101.82,94.00,1019.00,null,null,null
2023-08-19T19:19:03Z,25.95,61.54,99,0,44.47,101.82,92.00,1009.00,null,null,null
2023-08-19T19:20:03Z,25.96,61.45,99,0,43.87,101.83,92.00,1009.00,null,null,null
2023-08-19T19:21:03Z,25.96,61.50,99,0,42.72,101.82,92.00,1009.00,5,10,10
2023-08-19T19:22:03Z,25.96,61.50,99,0,45.59,101.82,90.00,997.00,null,null,null
2023-08-19T19:23:03Z,25.95,61.48,99,0,40.14,101.83,90.00,997.00,null,null,null
2023-08-19T19:24:03Z,25.96,61.47,99,0,52.51,101.83,90.00,997.00,null,null,null
2023-08-19T19:25:03Z,25.95,61.49,99,0,42.83,101.83,90.00,997.00,null,null,null
2023-08-19T19:26:03Z,25.96,61.63,99,0,40.28,101.83,90.00,997.00,6,8,11
2023-08-19T19:27:03Z,25.97,61.64,99,0,50.79,101.83,90.00,997.00,null,null,null
2023-08-19T19:28:03Z,25.97,61.68,99,0,48.18,101.83,90.00,997.00,null,null,null
2023-08-19T19:29:03Z,26.00,61.58,99,0,49.22,101.84,90.00,997.00,null,null,null
2023-08-19T19:30:03Z,25.99,61.59,99,0,49.47,101.83,89.00,987.00,null,null,null
2023-08-19T19:31:03Z,25.99,61.64,99,0,57.34,101.84,89.00,987.00,4,7,7
2023-08-19T19:32:03Z,25.99,61.60,99,0,58.19,101.84,89.00,987.00,null,null,null
2023-08-19T19:33:03Z,26.00,61.62,99,0,49.11,101.84,89.00,987.00,null,null,null
2023-08-19T19:34:03Z,26.00,61.62,99,0,43.37,101.84,89.00,987.00,null,null,null
2023-08-19T19:35:03Z,25.99,61.55,99,0,45.09,101.85,89.00,987.00,null,null,null
2023-08-19T19:36:03Z,26.02,61.67,99,0,46.95,101.85,87.00,975.00,3,4,8
2023-08-19T19:37:03Z,26.02,61.71,99,0,51.03,101.85,89.00,987.00,null,null,null
2023-08-19T19:38:03Z,26.02,61.69,99,0,49.97,101.85,87.00,975.00,null,null,null
2023-08-19T19:39:03Z,26.04,61.66,99,0,49.48,101.85,87.00,975.00,null,null,null
2023-08-19T19:40:03Z,26.02,61.67,99,0,41.99,101.86,87.00,975.00,null,null,null
2023-08-19T19:41:03Z,26.02,61.73,99,0,37.35,101.85,87.00,975.00,4,8,8
2023-08-19T19:42:03Z,26.04,61.77,99,0,41.31,101.87,87.00,975.00,null,null,null
2023-08-19T19:43:03Z,26.04,61.77,99,0,42.29,101.87,86.00,967.00,null,null,null
2023-08-19T19:44:03Z,26.07,61.70,99,0,47.55,101.86,87.00,975.00,null,null,null
2023-08-19T19:45:03Z,26.04,61.73,99,0,42.20,101.87,85.00,964.00,null,null,null
2023-08-19T19:46:03Z,26.03,61.75,99,0,42.14,101.87,87.00,975.00,3,7,10
2023-08-19T19:47:03Z,26.03,61.81,99,0,43.54,101.87,85.00,964.00,null,null,null
2023-08-19T19:48:03Z,26.07,61.85,99,0,55.08,101.87,85.00,964.00,null,null,null
2023-08-19T19:49:03Z,26.07,61.80,99,0,41.96,101.87,86.00,967.00,null,null,null
2023-08-19T19:50:03Z,26.07,61.84,99,0,41.45,101.87,86.00,967.00,null,null,null
2023-08-19T19:51:03Z,26.04,61.88,99,0,37.40,101.87,86.00,967.00,3,4,4
2023-08-19T19:52:03Z,26.07,61.88,99,0,48.56,101.87,84.00,956.00,null,null,null
2023-08-19T19:53:03Z,26.07,61.88,99,0,40.58,101.87,86.00,967.00,null,null,null
2023-08-19T19:54:03Z,26.09,61.89,99,0,48.43,101.88,86.00,967.00,null,null,null
2023-08-19T19:55:03Z,26.09,61.88,99,0,39.20,101.87,86.00,967.00,null,null,null
2023-08-19T19:56:03Z,26.09,61.96,99,0,44.87,101.87,86.00,967.00,4,7,12
2023-08-19T19:57:03Z,26.10,61.87,99,0,48.43,101.87,86.00,967.00,null,null,null
2023-08-19T19:58:03Z,26.10,61.84,99,0,44.16,101.87,86.00,967.00,null,null,null
2023-08-19T19:59:03Z,26.12,61.84,99,0,41.71,101.88,86.00,967.00,null,null,null
2023-08-19T20:00:03Z,26.13,61.82,99,0,44.30,101.87,86.00,967.00,null,null,null
2023-08-19T20:01:03Z,26.10,61.88,99,0,43.67,101.87,86.00,967.00,2,4,7
2023-08-19T20:02:03Z,26.10,61.89,99,0,42.85,101.87,86.00,967.00,null,null,null
2023-08-19T20:03:03Z,26.13,61.77,99,0,39.47,101.88,86.00,967.00,null,null,null
2023-08-19T20:04:03Z,26.13,61.87,99,0,44.21,101.88,86.00,967.00,null,null,null
2023-08-19T20:05:03Z,26.12,61.83,99,0,41.10,101.87,86.00,967.00,null,null,null
2023-08-19T20:06:03Z,26.13,61.75,99,0,45.99,101.88,86.00,967.00,2,4,4
2023-08-19T20:07:03Z,26.13,61.74,99,0,43.05,101.88,86.00,967.00,null,null,null
2023-08-19T20:08:03Z,26.14,61.77,99,0,41.03,101.88,86.00,967.00,null,null,null
2023-08-19T20:09:03Z,26.13,61.77,99,0,39.15,101.87,87.00,975.00,null,null,null
2023-08-19T20:10:03Z,26.12,61.77,99,0,41.86,101.87,87.00,975.00,null,null,null
2023-08-19T20:11:03Z,26.16,61.81,99,0,40.20,101.87,86.00,967.00,2,6,7
2023-08-19T20:12:03Z,26.13,61.80,99,0,41.95,101.88,86.00,967.00,null,null,null
2023-08-19T20:13:03Z,26.14,61.79,99,0,44.65,101.88,86.00,967.00,null,null,null
2023-08-19T20:14:03Z,26.14,61.77,99,0,46.92,101.87,84.00,956.00,null,null,null
2023-08-19T20:15:03Z,26.17,61.73,99,0,42.01,101.87,84.00,956.00,null,null,null
2023-08-19T20:16:03Z,26.14,61.70,99,0,40.98,101.87,84.00,956.00,1,2,4
2023-08-19T20:17:03Z,26.16,61.80,99,0,44.41,101.86,84.00,954.00,null,null,null
2023-08-19T20:18:03Z,26.16,61.72,99,0,41.02,101.86,84.00,956.00,null,null,null
2023-08-19T20:19:03Z,26.17,61.73,99,0,42.66,101.87,84.00,954.00,null,null,null
2023-08-19T20:20:03Z,26.17,61.76,99,0,43.38,101.87,83.00,945.00,null,null,null
2023-08-19T20:21:03Z,26.17,61.74,99,0,50.44,101.87,83.00,945.00,2,3,7
2023-08-19T20:22:03Z,26.17,61.77,99,0,49.88,101.88,84.00,954.00,null,null,null
2023-08-19T20:23:03Z,26.20,61.78,99,0,42.12,101.88,83.00,945.00,null,null,null
2023-08-19T20:24:03Z,26.17,61.78,99,0,42.32,101.88,83.00,945.00,null,null,null
2023-08-19T20:25:03Z,26.19,61.72,99,0,41.58,101.88,84.00,954.00,null,null,null
2023-08-19T20:26:03Z,26.16,61.71,99,0,48.92,101.88,84.00,954.00,1,3,3
2023-08-19T20:27:03Z,26.22,61.74,99,0,45.22,101.89,82.00,940.00,null,null,null
2023-08-19T20:28:03Z,26.22,61.70,99,0,41.99,101.89,80.00,930.00,null,null,null
2023-08-19T20:29:03Z,26.20,61.67,99,0,42.71,101.89,82.00,940.00,null,null,null
2023-08-19T20:30:03Z,26.20,61.70,99,0,48.63,101.90,82.00,940.00,null,null,null
2023-08-19T20:31:03Z,26.20,61.70,99,0,47.32,101.90,82.00,940.00,2,3,4
2023-08-19T20:32:03Z,26.22,61.74,99,0,40.53,101.90,82.00,940.00,null,null,null
2023-08-19T20:33:03Z,26.24,61.69,99,0,39.52,101.90,82.00,940.00,null,null,null
2023-08-19T20:34:03Z,26.22,61.65,99,0,39.71,101.91,82.00,940.00,null,null,null
2023-08-19T20:35:03Z,26.23,61.67,99,0,42.25,101.91,80.00,927.00,null,null,null
2023-08-19T20:36:03Z,26.23,61.63,99,0,43.64,101.91,69.00,857.00,2,3,3
2023-08-19T20:37:03Z,26.23,61.69,99,0,51.17,101.92,69.00,857.00,null,null,null
2023-08-19T20:38:03Z,26.26,61.64,99,0,47.35,101.92,80.00,927.00,null,null,null
2023-08-19T20:39:03Z,26.23,61.60,99,0,44.30,101.92,69.00,857.00,null,null,null
2023-08-19T20:40:03Z,26.26,61.64,99,0,37.85,101.92,69.00,857.00,null,null,null
2023-08-19T20:41:03Z,26.24,61.60,99,0,44.72,101.92,69.00,857.00,1,2,2
2023-08-19T20:42:03Z,26.24,61.65,99,0,42.38,101.92,69.00,857.00,null,null,null
2023-08-19T20:43:03Z,26.24,61.58,99,0,42.45,101.92,69.00,857.00,null,null,null
2023-08-19T20:44:03Z,26.26,61.60,99,0,42.10,101.92,69.00,857.00,null,null,null
2023-08-19T20:45:03Z,26.26,61.60,99,0,47.18,101.92,69.00,857.00,null,null,null
2023-08-19T20:46:03Z,26.24,61.64,99,0,44.66,101.91,69.00,857.00,1,3,4
2023-08-19T20:47:03Z,26.27,61.66,99,0,39.94,101.91,69.00,857.00,null,null,null
2023-08-19T20:48:03Z,26.26,61.60,99,0,42.01,101.91,69.00,857.00,null,null,null
2023-08-19T20:49:03Z,26.26,61.59,99,0,42.80,101.91,69.00,857.00,null,null,null
2023-08-19T20:50:03Z,26.26,61.58,99,0,44.14,101.92,69.00,857.00,null,null,null
2023-08-19T20:51:03Z,26.26,61.59,99,0,44.46,101.92,69.00,857.00,1,2,2
2023-08-19T20:52:03Z,26.27,61.62,99,0,44.17,101.92,69.00,857.00,null,null,null
2023-08-19T20:53:03Z,26.27,61.62,99,0,42.72,101.92,69.00,857.00,null,null,null
2023-08-19T20:54:03Z,26.30,61.62,99,0,49.51,101.92,69.00,857.00,null,null,null
2023-08-19T20:55:03Z,26.27,61.61,99,0,43.60,101.92,69.00,857.00,null,null,null
2023-08-19T20:56:03Z,26.29,61.60,99,0,41.50,101.93,69.00,857.00,2,3,7
2023-08-19T20:57:03Z,26.30,61.66,99,0,37.40,101.92,69.00,857.00,null,null,null
2023-08-19T20:58:03Z,26.30,61.59,99,0,44.24,101.93,68.00,848.00,null,null,null
2023-08-19T20:59:03Z,26.30,61.61,99,0,41.29,101.93,68.00,848.00,null,null,null
2023-08-19T21:00:03Z,26.29,61.59,99,0,47.75,101.93,68.00,848.00,null,null,null
2023-08-19T21:01:03Z,26.32,61.61,99,0,42.19,101.93,68.00,848.00,1,2,2
2023-08-19T21:02:03Z,26.30,61.60,99,0,48.88,101.93,68.00,848.00,null,null,null
2023-08-19T21:03:03Z,26.32,61.55,99,0,47.13,101.93,69.00,857.00,null,null,null
2023-08-19T21:04:03Z,26.32,61.57,99,0,50.06,101.93,69.00,857.00,null,null,null
2023-08-19T21:05:03Z,26.33,61.61,99,0,40.78,101.94,69.00,857.00,null,null,null
2023-08-19T21:06:03Z,26.30,61.62,99,0,41.98,101.93,69.00,857.00,2,3,4
2023-08-19T21:07:03Z,26.33,61.67,99,0,42.36,101.93,68.00,848.00,null,null,null
2023-08-19T21:08:03Z,26.32,61.65,99,0,40.33,101.94,69.00,857.00,null,null,null
2023-08-19T21:09:03Z,26.30,61.66,99,0,37.95,101.94,69.00,857.00,null,null,null
2023-08-19T21:10:03Z,26.33,61.68,99,0,44.23,101.94,71.00,870.00,null,null,null
2023-08-19T21:11:03Z,26.30,61.62,99,0,42.48,101.94,71.00,870.00,2,3,7
2023-08-19T21:12:03Z,26.36,61.62,99,0,42.78,101.94,71.00,870.00,null,null,null
2023-08-19T21:13:03Z,26.33,61.64,99,0,42.16,101.94,73.00,882.00,null,null,null
2023-08-19T21:14:03Z,26.34,61.65,99,0,40.42,101.93,73.00,882.00,null,null,null
2023-08-19T21:15:03Z,26.33,61.63,99,0,43.26,101.94,74.00,891.00,null,null,null
2023-08-19T21:16:03Z,26.33,62.11,99,19,41.84,101.94,74.00,891.00,2,6,6
2023-08-19T21:17:03Z,26.34,61.90,99,19,40.49,101.94,75.00,895.00,null,null,null
2023-08-19T21:18:03Z,26.40,61.88,99,19,41.50,101.94,75.00,895.00,null,null,null
2023-08-19T21:19:03Z,26.37,61.86,99,19,47.31,101.94,75.00,895.00,null,null,null
2023-08-19T21:20:03Z,26.39,61.82,99,19,40.90,101.95,75.00,895.00,null,null,null
2023-08-19T21:21:03Z,26.39,61.78,99,19,41.66,101.95,75.00,895.00,2,5,7
2023-08-19T21:22:03Z,26.40,61.84,99,19,41.09,101.95,76.00,902.00,null,null,null
2023-08-19T21:23:03Z,26.40,61.78,99,19,41.87,101.95,76.00,902.00,null,null,null
2023-08-19T21:24:03Z,26.43,61.70,99,19,41.57,101.95,75.00,895.00,null,null,null
2023-08-19T21:25:03Z,26.45,61.64,99,19,42.10,101.95,76.00,902.00,null,null,null
2023-08-19T21:26:03Z,26.45,61.67,99,19,41.29,101.95,76.00,902.00,2,4,4
2023-08-19T21:27:03Z,26.45,61.69,99,19,41.50,101.95,74.00,891.00,null,null,null
2023-08-19T21:28:03Z,26.47,61.67,99,19,41.49,101.95,74.00,891.00,null,null,null
2023-08-19T21:29:03Z,26.45,61.66,99,19,41.10,101.94,74.00,891.00,null,null,null
2023-08-19T21:30:03Z,26.47,61.62,99,19,44.74,101.94,74.00,891.00,null,null,null
2023-08-19T21:31:03Z,26.45,61.56,99,19,41.41,101.94,74.00,891.00,2,5,5
2023-08-19T21:32:03Z,26.48,61.56,99,19,41.27,101.93,74.00,891.00,null,null,null
2023-08-19T21:33:03Z,26.48,61.50,99,19,40.99,101.93,74.00,891.00,null,null,null
2023-08-19T21:34:03Z,26.48,61.50,99,19,42.03,101.94,74.00,891.00,null,null,null
2023-08-19T21:35:03Z,26.50,61.53,99,19,40.66,101.94,74.00,891.00,null,null,null
2023-08-19T21:36:03Z,26.50,61.53,99,19,40.94,101.94,74.00,891.00,2,3,7
2023-08-19T21:37:03Z,26.48,61.55,99,19,41.24,101.95,73.00,882.00,null,null,null
2023-08-19T21:38:03Z,26.50,61.52,99,19,50.06,101.95,73.00,882.00,null,null,null
2023-08-19T21:39:03Z,26.53,61.53,99,19,42.01,101.95,74.00,891.00,null,null,null
2023-08-19T21:40:03Z,26.51,61.49,99,19,42.24,101.95,74.00,891.00,null,null,null
2023-08-19T21:41:03Z,26.53,61.57,99,19,43.48,101.94,74.00,891.00,1,6,6
2023-08-19T21:42:03Z,26.53,61.52,99,19,45.15,101.95,74.00,891.00,null,null,null
2023-08-19T21:43:03Z,26.53,61.48,99,19,41.38,101.95,74.00,891.00,null,null,null
2023-08-19T21:44:03Z,26.53,61.48,99,19,41.17,101.95,74.00,891.00,null,null,null
2023-08-19T21:45:03Z,26.53,61.56,99,19,41.80,101.95,76.00,902.00,null,null,null
2023-08-19T21:46:03Z,26.53,61.55,99,19,47.38,101.95,76.00,902.00,1,3,3
2023-08-19T21:47:03Z,26.55,61.54,99,19,41.13,101.95,74.00,891.00,null,null,null
2023-08-19T21:48:03Z,26.54,61.50,99,16,48.46,101.95,76.00,902.00,null,null,null
2023-08-19T21:49:03Z,26.55,61.47,99,6,42.24,101.95,76.00,902.00,null,null,null
2023-08-19T21:50:03Z,26.54,61.56,99,7,43.75,101.95,76.00,902.00,null,null,null
2023-08-19T21:51:03Z,26.55,61.55,99,6,46.06,101.95,78.00,913.00,2,3,3
2023-08-19T21:52:03Z,26.54,61.66,99,6,50.65,101.96,76.00,902.00,null,null,null
2023-08-19T21:53:03Z,26.57,61.54,99,7,41.73,101.96,78.00,913.00,null,null,null
2023-08-19T21:54:03Z,26.55,61.53,99,6,42.92,101.95,78.00,913.00,null,null,null
2023-08-19T21:55:03Z,26.57,61.51,99,7,54.94,101.96,78.00,913.00,null,null,null
2023-08-19T21:56:03Z,26.57,61.51,99,7,48.97,101.96,78.00,913.00,2,4,4
2023-08-19T21:57:03Z,26.60,61.52,99,7,42.61,101.95,76.00,902.00,null,null,null
2023-08-19T21:58:03Z,26.55,61.49,99,7,43.03,101.95,78.00,913.00,null,null,null
2023-08-19T21:59:03Z,26.57,61.46,99,7,42.11,101.95,76.00,902.00,null,null,null
2023-08-19T22:00:03Z,26.58,61.51,99,6,41.99,101.95,76.00,902.00,null,null,null
2023-08-19T22:01:03Z,26.58,61.49,99,7,41.19,101.95,78.00,913.00,2,3,3
2023-08-19T22:02:03Z,26.60,61.49,99,7,41.16,101.95,76.00,902.00,null,null,null
2023-08-19T22:03:03Z,26.58,61.52,99,6,44.12,101.96,78.00,913.00,null,null,null
2023-08-19T22:04:03Z,26.58,61.49,99,7,42.76,101.96,76.00,902.00,null,null,null
2023-08-19T22:05:03Z,26.58,61.46,99,7,46.00,101.96,76.00,902.00,null,null,null
2023-08-19T22:06:03Z,26.57,61.42,99,7,42.20,101.97,76.00,902.00,1,4,5
2023-08-19T22:07:03Z,26.57,61.51,99,7,43.32,101.97,78.00,913.00,null,null,null
2023-08-19T22:08:03Z,26.57,61.46,99,6,43.24,101.97,76.00,902.00,null,null,null
2023-08-19T22:09:03Z,26.60,61.53,99,7,41.53,101.96,76.00,902.00,null,null,null
2023-08-19T22:10:03Z,26.57,61.50,99,7,41.54,101.96,76.00,902.00,null,null,null
2023-08-19T22:11:03Z,26.58,61.49,99,7,41.58,101.96,78.00,913.00,2,3,3
2023-08-19T22:12:03Z,26.60,61.46,99,7,41.29,101.96,76.00,902.00,null,null,null
2023-08-19T22:13:03Z,26.60,61.48,99,7,42.38,101.96,76.00,902.00,null,null,null
2023-08-19T22:14:03Z,26.60,61.47,99,7,41.04,101.97,76.00,902.00,null,null,null
2023-08-19T22:15:03Z,26.58,61.45,99,7,41.89,101.97,76.00,902.00,null,null,null
2023-08-19T22:16:03Z,26.57,61.42,99,7,50.22,101.97,76.00,902.00,2,8,8
2023-08-19T22:17:03Z,26.60,61.42,99,6,42.51,101.97,76.00,902.00,null,null,null
2023-08-19T22:18:03Z,26.58,61.41,99,7,41.01,101.97,78.00,913.00,null,null,null
2023-08-19T22:19:03Z,26.60,61.51,99,7,41.78,101.97,76.00,902.00,null,null,null
2023-08-19T22:20:03Z,26.60,61.52,99,7,46.10,101.97,76.00,902.00,null,null,null
2023-08-19T22:21:03Z,26.61,61.51,99,7,42.30,101.97,78.00,913.00,1,3,3
2023-08-19T22:22:03Z,26.58,61.56,99,7,41.06,101.97,78.00,913.00,null,null,null
2023-08-19T22:23:03Z,26.60,61.51,99,7,42.21,101.97,78.00,913.00,null,null,null
2023-08-19T22:24:03Z,26.60,61.53,99,7,42.41,101.97,78.00,913.00,null,null,null
2023-08-19T22:25:03Z,26.61,61.54,99,7,41.41,101.97,79.00,923.00,null,null,null
2023-08-19T22:26:03Z,26.60,61.55,99,7,41.31,101.97,79.00,923.00,1,3,4
2023-08-19T22:27:03Z,26.60,61.57,99,7,42.23,101.97,79.00,923.00,null,null,null
2023-08-19T22:28:03Z,26.60,61.46,99,7,41.66,101.96,79.00,923.00,null,null,null
2023-08-19T22:29:03Z,26.63,61.49,99,7,48.04,101.97,79.00,923.00,null,null,null
2023-08-19T22:30:03Z,26.61,61.49,99,7,41.51,101.97,81.00,933.00,null,null,null
2023-08-19T22:31:03Z,26.58,61.48,99,7,41.25,101.97,79.00,923.00,2,3,3
2023-08-19T22:32:03Z,26.61,61.39,99,7,42.51,101.97,79.00,923.00,null,null,null
2023-08-19T22:33:03Z,26.61,61.40,99,7,null,101.97,79.00,923.00,null,null,null
2023-08-19T22:34:03Z,26.60,61.43,99,6,57.47,101.97,79.00,923.00,null,null,null
2023-08-19T22:35:03Z,26.61,61.39,99,6,40.99,101.97,79.00,923.00,null,null,null
2023-08-19T22:36:03Z,26.60,61.56,99,6,41.79,101.98,79.00,923.00,1,6,10
2023-08-19T22:37:03Z,26.61,61.53,99,6,40.93,101.97,79.00,923.00,null,null,null
2023-08-19T22:38:03Z,26.61,61.60,99,6,42.22,101.97,81.00,933.00,null,null,null
2023-08-19T22:39:03Z,26.61,61.59,99,6,42.00,101.97,79.00,923.00,null,null,null
2023-08-19T22:40:03Z,26.61,61.63,99,6,43.66,101.97,81.00,933.00,null,null,null
2023-08-19T22:41:03Z,26.63,61.54,99,6,41.26,101.97,81.00,933.00,2,4,4
2023-08-19T22:42:03Z,26.63,61.54,99,7,41.83,101.97,83.00,945.00,null,null,null
2023-08-19T22:43:03Z,26.60,61.42,99,6,42.16,101.97,83.00,945.00,null,null,null
2023-08-19T22:44:03Z,26.61,61.47,99,6,42.52,101.97,83.00,945.00,null,null,null
2023-08-19T22:45:03Z,26.60,61.62,99,6,40.88,101.97,83.00,945.00,null,null,null
2023-08-19T22:46:03Z,26.58,61.68,99,6,44.48,101.97,83.00,945.00,3,4,7
2023-08-19T22:47:03Z,26.63,61.65,99,6,41.91,101.97,83.00,945.00,null,null,null
2023-08-19T22:48:03Z,26.60,61.68,99,6,42.16,101.96,84.00,956.00,null,null,null
2023-08-19T22:49:03Z,26.60,61.71,99,7,42.00,101.96,84.00,956.00,null,null,null
2023-08-19T22:50:03Z,26.63,61.68,99,7,47.31,101.96,84.00,956.00,null,null,null
2023-08-19T22:51:03Z,26.58,61.69,99,7,46.53,101.97,84.00,956.00,2,3,8
2023-08-19T22:52:03Z,26.63,61.72,99,7,42.62,101.96,84.00,956.00,null,null,null
2023-08-19T22:53:03Z,26.61,61.63,99,6,41.22,101.96,86.00,970.00,null,null,null
2023-08-19T22:54:03Z,26.64,61.67,99,6,42.28,101.96,86.00,970.00,null,null,null
2023-08-19T22:55:03Z,26.61,61.69,99,6,41.94,101.97,86.00,970.00,null,null,null
2023-08-19T22:56:03Z,26.63,61.63,99,6,42.25,101.97,86.00,970.00,2,3,3
2023-08-19T22:57:03Z,26.63,61.65,99,6,42.60,101.97,86.00,970.00,null,null,null
2023-08-19T22:58:03Z,26.60,61.62,99,6,42.77,101.97,86.00,970.00,null,null,null
2023-08-19T22:59:03Z,26.63,61.55,99,6,41.06,101.98,86.00,970.00,null,null,null
2023-08-19T23:00:03Z,26.61,61.56,99,6,46.15,101.98,86.00,970.00,null,null,null
2023-08-19T23:01:03Z,26.63,61.49,99,6,41.91,101.98,86.00,970.00,1,3,4
2023-08-19T23:02:03Z,26.61,61.48,99,6,41.65,101.97,86.00,970.00,null,null,null
2023-08-19T23:03:03Z,26.61,61.52,99,6,43.71,101.97,88.00,981.00,null,null,null
2023-08-19T23:04:03Z,26.64,61.52,99,7,41.94,101.98,88.00,981.00,null,null,null
2023-08-19T23:05:03Z,26.61,61.56,99,6,50.35,101.98,88.00,981.00,null,null,null
2023-08-19T23:06:03Z,26.63,61.64,99,6,41.38,101.98,86.00,970.00,0,1,4
2023-08-19T23:07:03Z,26.61,61.62,99,7,42.79,101.98,88.00,981.00,null,null,null
2023-08-19T23:08:03Z,26.60,61.57,99,6,41.81,101.98,88.00,981.00,null,null,null
2023-08-19T23:09:03Z,26.61,61.62,99,6,41.49,101.98,88.00,981.00,null,null,null
2023-08-19T23:10:03Z,26.63,61.62,99,6,43.22,101.98,88.00,981.00,null,null,null
2023-08-19T23:11:03Z,26.63,61.67,99,6,44.25,101.99,88.00,981.00,2,3,5
2023-08-19T23:12:03Z,26.64,61.69,99,6,43.22,101.99,88.00,981.00,null,null,null
2023-08-19T23:13:03Z,26.64,61.65,99,6,42.60,101.99,90.00,992.00,null,null,null
2023-08-19T23:14:03Z,26.64,61.69,99,6,41.69,101.99,90.00,992.00,null,null,null
2023-08-19T23:15:03Z,26.63,61.60,99,6,43.28,101.99,90.00,992.00,null,null,null
2023-08-19T23:16:03Z,26.61,61.62,99,6,42.27,101.99,90.00,992.00,1,2,2
2023-08-19T23:17:03Z,26.63,61.63,99,6,45.21,102.00,90.00,992.00,null,null,null
2023-08-19T23:18:03Z,26.63,61.60,99,6,43.74,102.00,90.00,992.00,null,null,null
2023-08-19T23:19:03Z,26.64,61.42,99,6,43.57,102.00,90.00,992.00,null,null,null
2023-08-19T23:20:03Z,26.63,61.48,99,6,42.20,102.00,88.00,981.00,null,null,null
2023-08-19T23:21:03Z,26.63,61.63,99,6,41.65,102.00,90.00,992.00,1,6,6
2023-08-19T23:22:03Z,26.61,61.84,99,6,48.18,102.00,90.00,992.00,null,null,null
2023-08-19T23:23:03Z,26.64,61.66,99,6,43.60,102.00,88.00,983.00,null,null,null
2023-08-19T23:24:03Z,26.61,61.64,99,6,41.05,102.00,90.00,992.00,null,null,null
2023-08-19T23:25:03Z,26.63,61.50,99,6,41.68,102.00,90.00,992.00,null,null,null
2023-08-19T23:26:03Z,26.64,61.51,99,6,53.51,102.00,88.00,981.00,1,3,3
2023-08-19T23:27:03Z,26.63,61.59,99,5,54.01,102.01,88.00,981.00,null,null,null
2023-08-19T23:28:03Z,26.64,61.59,99,0,60.36,102.01,88.00,981.00,null,null,null
2023-08-19T23:29:03Z,26.61,61.97,99,0,56.78,102.01,88.00,981.00,null,null,null
2023-08-19T23:30:03Z,26.61,62.06,99,0,42.30,102.01,88.00,981.00,null,null,null
2023-08-19T23:31:03Z,26.63,61.89,99,0,42.34,102.01,87.00,972.00,1,2,2
2023-08-19T23:32:03Z,26.61,61.84,99,0,41.49,102.02,87.00,972.00,null,null,null
2023-08-19T23:33:03Z,26.64,61.79,99,16,50.66,102.02,87.00,972.00,null,null,null
2023-08-19T23:34:03Z,26.63,61.81,99,10,44.19,102.02,87.00,972.00,null,null,null
2023-08-19T23:35:03Z,26.61,62.09,99,12,41.80,102.01,87.00,972.00,null,null,null
2023-08-19T23:36:03Z,26.63,62.14,99,11,41.55,102.02,88.00,983.00,3,5,7
2023-08-19T23:37:03Z,26.63,62.22,99,13,41.27,102.01,88.00,983.00,null,null,null
2023-08-19T23:38:03Z,26.65,61.81,99,13,43.61,102.01,90.00,995.00,null,null,null
2023-08-19T23:39:03Z,26.65,61.87,99,13,41.76,102.02,90.00,995.00,null,null,null
2023-08-19T23:40:03Z,26.64,61.92,99,13,41.35,102.02,90.00,995.00,null,null,null
2023-08-19T23:41:03Z,26.63,61.87,99,13,41.97,102.01,90.00,995.00,1,3,6
2023-08-19T23:42:03Z,26.64,61.84,99,13,40.69,102.01,90.00,995.00,null,null,null
2023-08-19T23:43:03Z,26.67,61.81,99,13,50.95,102.02,90.00,995.00,null,null,null
2023-08-19T23:44:03Z,26.67,61.76,99,13,42.26,102.01,93.00,1012.00,null,null,null
2023-08-19T23:45:03Z,26.67,61.76,99,12,42.05,102.01,93.00,1012.00,null,null,null
2023-08-19T23:46:03Z,26.64,61.75,99,12,47.15,102.01,93.00,1012.00,1,6,6
2023-08-19T23:47:03Z,26.63,61.83,99,12,41.76,102.01,93.00,1012.00,null,null,null
2023-08-19T23:48:03Z,26.64,61.79,99,12,41.53,102.01,90.00,995.00,null,null,null
2023-08-19T23:49:03Z,26.67,61.78,99,12,41.92,102.01,90.00,995.00,null,null,null
2023-08-19T23:50:03Z,26.64,61.74,99,12,41.10,102.01,94.00,1019.00,null,null,null
2023-08-19T23:51:03Z,26.65,61.69,99,12,41.08,102.01,94.00,1019.00,2,3,7
2023-08-19T23:52:03Z,26.64,61.75,99,12,42.53,102.01,94.00,1019.00,null,null,null
2023-08-19T23:53:03Z,26.65,61.70,99,12,41.99,102.01,94.00,1019.00,null,null,null
2023-08-19T23:54:03Z,26.63,61.73,99,12,42.52,102.01,94.00,1019.00,null,null,null
2023-08-19T23:55:03Z,26.65,61.71,99,12,44.95,102.01,94.00,1019.00,null,null,null
2023-08-19T23:56:03Z,26.64,61.72,99,12,42.05,102.01,93.00,1012.00,2,3,7
2023-08-19T23:57:03Z,26.65,61.75,99,12,43.73,102.01,94.00,1019.00,null,null,null
2023-08-19T23:58:03Z,26.68,61.67,99,12,43.57,102.01,94.00,1019.00,null,null,null
