TIME,TEMP,HUM,BATT,LIGHT,NOISE_A,PRESS,CCS811_VOCS,CCS811_ECO2,PM_1,PM_25,PM_10
ISO 8601,C,%,%,Lux,dBA,kPa,ppb,ppm,ug/m3,ug/m3,ug/m3
Time,Temperature,Humidity,Battery,Light,Noise dBA,Barometric pressure,VOC Gas CCS811,eCO2 Gas CCS811,PM 1.0,PM 2.5,PM 10.0
,55,56,10,14,53,58,113,112,89,87,88
2023-08-24T23:59:06Z,25.82,64.41,99,0,41.02,101.01,37.00,645.00,null,null,null
2023-08-25T00:00:06Z,25.81,64.45,99,0,41.92,101.01,37.00,645.00,2,6,8
2023-08-25T00:01:06Z,25.81,64.38,99,0,41.89,101.01,38.00,650.00,null,null,null
2023-08-25T00:02:06Z,25.85,64.40,99,0,41.55,101.01,38.00,650.00,null,null,null
2023-08-25T00:03:06Z,25.83,64.35,99,0,41.47,101.01,38.00,650.00,null,null,null
2023-08-25T00:04:06Z,25.83,64.38,99,0,41.24,101.01,38.00,650.00,null,null,null
2023-08-25T00:05:06Z,25.82,64.35,99,0,41.19,101.02,38.00,650.00,5,6,6
2023-08-25T00:06:06Z,25.82,64.35,99,0,42.21,101.02,38.00,650.00,null,null,null
2023-08-25T00:07:06Z,25.85,64.30,99,0,41.86,101.01,38.00,650.00,null,null,null
2023-08-25T00:08:06Z,25.85,64.30,99,0,41.66,101.02,38.00,650.00,null,null,null
2023-08-25T00:09:06Z,25.85,64.27,99,0,41.34,101.02,39.00,657.00,null,null,null
2023-08-25T00:10:06Z,25.85,64.19,99,0,41.41,101.01,38.00,650.00,2,3,3
2023-08-25T00:11:06Z,25.85,64.15,99,0,41.91,101.01,38.00,653.00,null,null,null
2023-08-25T00:12:06Z,25.85,64.07,99,0,40.87,101.01,38.00,653.00,null,null,null
2023-08-25T00:13:06Z,25.86,64.02,99,0,41.37,101.01,38.00,653.00,null,null,null
2023-08-25T00:14:06Z,25.85,64.01,99,0,41.82,101.01,38.00,653.00,null,null,null
2023-08-25T00:15:06Z,25.85,63.99,99,0,40.80,101.01,38.00,653.00,3,6,7
2023-08-25T00:16:06Z,25.86,63.94,99,0,41.04,101.01,38.00,653.00,null,null,null
2023-08-25T00:17:06Z,25.85,63.85,99,0,41.16,101.01,38.00,653.00,null,null,null
2023-08-25T00:18:06Z,25.86,63.84,99,0,41.02,101.01,38.00,653.00,null,null,null
2023-08-25T00:19:06Z,25.85,63.70,99,0,41.26,101.00,37.00,649.00,null,null,null
2023-08-25T00:20:06Z,25.83,63.76,99,0,40.93,101.00,38.00,653.00,3,4,4
2023-08-25T00:21:06Z,25.85,63.68,99,0,41.44,101.00,36.00,640.00,null,null,null
2023-08-25T00:22:06Z,25.88,63.63,99,0,41.66,101.00,38.00,653.00,null,null,null
2023-08-25T00:23:06Z,25.86,63.63,99,0,41.33,101.00,37.00,645.00,null,null,null
2023-08-25T00:24:06Z,25.85,63.62,99,0,40.98,101.00,37.00,645.00,null,null,null
2023-08-25T00:25:06Z,25.85,63.51,99,0,42.74,101.00,36.00,640.00,2,4,4
2023-08-25T00:26:06Z,25.86,63.50,99,0,41.74,101.00,36.00,640.00,null,null,null
2023-08-25T00:27:06Z,25.88,63.51,99,0,40.74,101.00,38.00,653.00,null,null,null
2023-08-25T00:28:06Z,25.90,63.49,99,0,41.26,101.00,38.00,653.00,null,null,null
2023-08-25T00:29:06Z,25.86,63.46,99,0,41.75,101.00,37.00,645.00,null,null,null
2023-08-25T00:30:06Z,25.88,63.49,99,0,40.96,101.00,37.00,645.00,3,6,6
2023-08-25T00:31:06Z,25.86,63.44,99,0,41.17,101.00,36.00,640.00,null,null,null
2023-08-25T00:32:06Z,25.85,63.42,99,0,41.26,101.00,37.00,645.00,null,null,null
2023-08-25T00:33:06Z,25.88,63.47,99,0,41.90,101.00,37.00,645.00,null,null,null
2023-08-25T00:34:06Z,25.88,63.35,99,0,41.14,101.00,37.00,645.00,null,null,null
2023-08-25T00:35:06Z,25.85,63.39,99,0,41.13,101.00,36.00,640.00,3,6,6
2023-08-25T00:36:06Z,25.88,63.41,99,0,41.01,101.00,37.00,645.00,null,null,null
2023-08-25T00:37:06Z,25.86,63.37,99,0,42.41,101.00,37.00,645.00,null,null,null
2023-08-25T00:38:06Z,25.89,63.34,99,0,41.07,101.00,37.00,645.00,null,null,null
2023-08-25T00:39:06Z,25.88,63.32,99,0,41.41,101.00,37.00,645.00,null,null,null
2023-08-25T00:40:06Z,25.86,63.33,99,0,41.49,100.99,37.00,645.00,3,6,7
2023-08-25T00:41:06Z,25.88,63.37,99,0,41.80,101.00,37.00,645.00,null,null,null
2023-08-25T00:42:06Z,25.89,63.41,99,0,41.01,101.00,37.00,645.00,null,null,null
2023-08-25T00:43:06Z,25.89,63.32,99,0,40.98,101.00,36.00,640.00,null,null,null
2023-08-25T00:44:06Z,25.90,63.38,99,0,42.41,101.00,37.00,645.00,null,null,null
2023-08-25T00:45:06Z,25.88,63.35,99,0,41.63,101.00,37.00,645.00,3,6,6
2023-08-25T00:46:06Z,25.88,63.33,99,0,42.09,100.99,36.00,640.00,null,null,null
2023-08-25T00:47:06Z,25.88,63.25,99,0,41.62,100.99,37.00,645.00,null,null,null
2023-08-25T00:48:06Z,25.90,63.12,99,0,49.59,101.00,37.00,645.00,null,null,null
2023-08-25T00:49:06Z,25.89,63.06,99,0,41.85,100.99,37.00,646.00,null,null,null
2023-08-25T00:50:06Z,25.89,63.04,99,0,41.90,100.99,38.00,652.00,4,7,7
2023-08-25T00:51:06Z,25.89,62.94,99,0,41.02,101.00,37.00,646.00,null,null,null
2023-08-25T00:52:06Z,25.89,62.96,99,0,41.26,101.00,37.00,646.00,null,null,null
2023-08-25T00:53:06Z,25.89,62.91,99,0,40.91,100.99,37.00,646.00,null,null,null
2023-08-25T00:54:06Z,25.92,62.82,99,0,41.80,101.00,36.00,640.00,null,null,null
2023-08-25T00:55:06Z,25.88,62.84,99,0,41.40,101.00,37.00,646.00,3,6,6
2023-08-25T00:56:06Z,25.86,62.89,99,0,41.67,101.00,36.00,640.00,null,null,null
2023-08-25T00:57:06Z,25.89,62.91,99,0,40.96,100.99,36.00,640.00,null,null,null
2023-08-25T00:58:06Z,25.90,62.83,99,0,41.17,100.99,37.00,646.00,null,null,null
2023-08-25T00:59:06Z,25.90,62.86,99,0,42.07,100.99,36.00,640.00,null,null,null
2023-08-25T01:00:06Z,25.89,62.90,99,0,41.42,101.00,36.00,640.00,5,7,10
2023-08-25T01:01:06Z,25.90,62.91,99,0,41.24,100.99,36.00,640.00,null,null,null
2023-08-25T01:02:06Z,25.92,62.93,99,0,41.48,101.00,36.00,640.00,null,null,null
2023-08-25T01:03:06Z,25.89,62.86,99,0,41.05,101.00,36.00,640.00,null,null,null
2023-08-25T01:04:06Z,25.90,62.91,99,0,41.91,101.00,37.00,646.00,null,null,null
2023-08-25T01:05:06Z,25.89,62.81,99,0,41.40,101.00,36.00,640.00,3,7,7
2023-08-25T01:06:06Z,25.88,62.77,99,0,41.49,101.00,36.00,640.00,null,null,null
2023-08-25T01:07:06Z,25.93,62.68,99,0,41.66,101.00,37.00,646.00,null,null,null
2023-08-25T01:08:06Z,25.92,62.68,99,0,41.09,101.00,37.00,646.00,null,null,null
2023-08-25T01:09:06Z,25.92,62.70,99,0,41.72,101.00,38.00,653.00,null,null,null
2023-08-25T01:10:06Z,25.90,62.71,99,0,40.81,101.00,37.00,646.00,4,7,11
2023-08-25T01:11:06Z,25.92,62.64,99,0,41.55,101.00,36.00,641.00,null,null,null
2023-08-25T01:12:06Z,25.92,62.56,99,0,41.42,101.00,37.00,646.00,null,null,null
2023-08-25T01:13:06Z,25.88,62.50,99,0,40.51,101.00,37.00,646.00,null,null,null
2023-08-25T01:14:06Z,25.93,62.50,99,0,41.41,101.00,37.00,646.00,null,null,null
2023-08-25T01:15:06Z,25.90,62.52,99,0,40.62,101.00,37.00,646.00,2,4,7
2023-08-25T01:16:06Z,25.90,62.56,99,0,41.41,101.00,37.00,646.00,null,null,null
2023-08-25T01:17:06Z,25.93,62.49,99,0,41.66,101.00,37.00,646.00,null,null,null
2023-08-25T01:18:06Z,25.89,62.46,99,0,41.56,100.99,37.00,646.00,null,null,null
2023-08-25T01:19:06Z,25.90,62.52,99,0,40.46,101.00,37.00,646.00,null,null,null
2023-08-25T01:20:06Z,25.89,62.45,99,0,42.51,101.00,37.00,646.00,3,6,7
2023-08-25T01:21:06Z,25.89,62.54,99,0,41.56,101.00,37.00,646.00,null,null,null
2023-08-25T01:22:06Z,25.92,62.40,99,0,41.05,101.00,37.00,646.00,null,null,null
2023-08-25T01:23:06Z,25.90,62.37,99,0,41.82,101.00,37.00,646.00,null,null,null
2023-08-25T01:24:06Z,25.93,62.33,99,0,41.40,101.00,37.00,646.00,null,null,null
2023-08-25T01:25:06Z,25.90,62.32,99,0,40.97,101.00,37.00,646.00,4,6,6
2023-08-25T01:26:06Z,25.89,62.38,99,0,41.55,101.00,37.00,646.00,null,null,null
2023-08-25T01:27:06Z,25.92,62.27,99,0,42.12,101.01,37.00,646.00,null,null,null
2023-08-25T01:28:06Z,25.90,62.18,99,0,41.18,101.00,37.00,646.00,null,null,null
2023-08-25T01:29:06Z,25.90,62.24,99,0,41.16,101.00,38.00,652.00,null,null,null
2023-08-25T01:30:06Z,25.90,62.29,99,0,41.61,101.00,37.00,646.00,3,4,4
2023-08-25T01:31:06Z,25.92,62.23,99,0,41.77,101.00,38.00,652.00,null,null,null
2023-08-25T01:32:06Z,25.93,62.08,99,0,41.28,101.00,38.00,652.00,null,null,null
2023-08-25T01:33:06Z,25.92,62.08,99,0,41.30,101.00,38.00,652.00,null,null,null
2023-08-25T01:34:06Z,25.90,62.08,99,0,41.38,101.00,37.00,646.00,null,null,null
2023-08-25T01:35:06Z,25.90,62.09,99,0,41.44,100.99,37.00,646.00,3,4,4
2023-08-25T01:36:06Z,25.90,62.08,99,0,41.00,101.00,37.00,646.00,null,null,null
2023-08-25T01:37:06Z,25.92,61.87,99,0,41.09,101.00,36.00,638.00,null,null,null
2023-08-25T01:38:06Z,25.92,61.86,99,0,41.22,101.00,36.00,638.00,null,null,null
2023-08-25T01:39:06Z,25.90,61.81,99,0,41.31,101.00,37.00,646.00,null,null,null
2023-08-25T01:40:06Z,25.90,61.81,99,0,41.55,100.99,37.00,646.00,2,3,3
2023-08-25T01:41:06Z,25.92,61.73,99,0,41.30,101.00,36.00,638.00,null,null,null
2023-08-25T01:42:06Z,25.93,61.74,99,0,41.24,100.99,38.00,652.00,null,null,null
2023-08-25T01:43:06Z,25.89,61.66,99,0,41.48,100.99,37.00,646.00,null,null,null
2023-08-25T01:44:06Z,25.92,61.59,99,0,41.71,101.00,37.00,643.00,null,null,null
2023-08-25T01:45:06Z,25.92,61.58,99,0,41.33,100.99,37.00,643.00,3,6,6
2023-08-25T01:46:06Z,25.90,61.54,99,0,41.57,101.00,37.00,643.00,null,null,null
2023-08-25T01:47:06Z,25.93,61.40,99,0,41.50,101.00,36.00,638.00,null,null,null
2023-08-25T01:48:06Z,25.92,61.42,99,0,41.29,100.99,36.00,638.00,null,null,null
2023-08-25T01:49:06Z,25.90,61.46,99,0,41.54,100.99,36.00,638.00,null,null,null
2023-08-25T01:50:06Z,25.88,61.38,99,0,41.18,100.99,36.00,638.00,4,7,7
2023-08-25T01:51:06Z,25.89,61.45,99,0,41.06,100.99,36.00,638.00,null,null,null
2023-08-25T01:52:06Z,25.92,61.31,99,0,42.26,100.99,36.00,638.00,null,null,null
2023-08-25T01:53:06Z,25.93,61.30,99,0,41.28,100.99,36.00,638.00,null,null,null
2023-08-25T01:54:06Z,25.92,61.21,99,0,41.14,100.99,35.00,631.00,null,null,null
2023-08-25T01:55:06Z,25.90,61.23,99,0,41.38,100.99,36.00,638.00,3,4,6
2023-08-25T01:56:06Z,25.90,61.24,99,0,41.94,100.99,36.00,638.00,null,null,null
2023-08-25T01:57:06Z,25.90,61.28,99,0,42.01,100.99,34.00,627.00,null,null,null
2023-08-25T01:58:06Z,25.92,61.20,99,0,41.48,100.99,35.00,631.00,null,null,null
2023-08-25T01:59:06Z,25.92,61.26,99,0,41.37,100.99,36.00,638.00,null,null,null
2023-08-25T02:00:06Z,25.92,61.19,99,0,39.86,101.00,35.00,634.00,3,6,6
2023-08-25T02:01:06Z,25.92,61.22,99,0,41.37,100.99,35.00,634.00,null,null,null
2023-08-25T02:02:06Z,25.92,61.18,99,0,41.02,101.00,35.00,634.00,null,null,null
2023-08-25T02:03:06Z,25.89,61.25,99,0,41.34,101.00,36.00,638.00,null,null,null
2023-08-25T02:04:06Z,25.88,61.22,99,0,42.14,101.00,35.00,634.00,null,null,null
2023-08-25T02:05:06Z,25.90,61.14,99,0,42.37,101.00,35.00,634.00,4,7,8
2023-08-25T02:06:06Z,25.90,61.14,99,0,40.67,101.00,35.00,634.00,null,null,null
2023-08-25T02:07:06Z,25.90,61.09,99,0,41.30,101.00,35.00,634.00,null,null,null
2023-08-25T02:08:06Z,25.90,61.08,99,0,41.43,101.00,35.00,634.00,null,null,null
2023-08-25T02:09:06Z,25.90,61.06,99,0,41.68,100.99,34.00,624.00,null,null,null
2023-08-25T02:10:06Z,25.90,60.92,99,0,41.33,101.00,35.00,634.00,3,4,4
2023-08-25T02:11:06Z,25.90,60.82,99,0,41.30,101.00,34.00,624.00,null,null,null
2023-08-25T02:12:06Z,25.92,60.91,99,0,41.57,101.00,34.00,624.00,null,null,null
2023-08-25T02:13:06Z,25.90,60.77,99,0,42.09,101.00,34.00,624.00,null,null,null
2023-08-25T02:14:06Z,25.90,60.57,99,0,41.66,100.99,34.00,624.00,null,null,null
2023-08-25T02:15:06Z,25.89,60.68,99,0,42.45,100.99,34.00,624.00,2,3,6
2023-08-25T02:16:06Z,25.90,60.72,99,0,44.02,100.99,34.00,627.00,null,null,null
2023-08-25T02:17:06Z,25.90,60.58,99,0,41.80,100.99,35.00,631.00,null,null,null
2023-08-25T02:18:06Z,25.90,60.47,99,0,41.17,100.99,34.00,627.00,null,null,null
2023-08-25T02:19:06Z,25.92,60.43,99,0,41.43,100.99,34.00,627.00,null,null,null
2023-08-25T02:20:06Z,25.89,60.53,99,0,41.03,100.99,34.00,627.00,2,4,4
2023-08-25T02:21:06Z,25.92,60.52,99,0,41.31,100.99,33.00,623.00,null,null,null
2023-08-25T02:22:06Z,25.90,60.55,99,0,41.03,100.99,34.00,627.00,null,null,null
2023-08-25T02:23:06Z,25.89,60.40,99,0,41.84,100.99,34.00,627.00,null,null,null
2023-08-25T02:24:06Z,25.90,60.40,99,0,41.92,100.98,33.00,623.00,null,null,null
2023-08-25T02:25:06Z,25.88,60.42,99,0,41.40,100.98,33.00,623.00,3,4,7
2023-08-25T02:26:06Z,25.90,60.26,99,0,41.58,100.99,33.00,623.00,null,null,null
2023-08-25T02:27:06Z,25.92,60.26,99,0,41.32,100.99,33.00,623.00,null,null,null
2023-08-25T02:28:06Z,25.93,60.21,99,0,42.20,100.98,33.00,623.00,null,null,null
2023-08-25T02:29:06Z,25.88,60.14,99,0,41.35,100.99,34.00,627.00,null,null,null
2023-08-25T02:30:06Z,25.89,60.05,99,0,41.05,100.99,33.00,620.00,3,5,5
2023-08-25T02:31:06Z,25.89,60.11,99,0,41.00,100.99,33.00,620.00,null,null,null
2023-08-25T02:32:06Z,25.89,60.06,99,0,41.64,100.99,33.00,620.00,null,null,null
2023-08-25T02:33:06Z,25.89,59.99,99,0,41.47,100.99,33.00,620.00,null,null,null
2023-08-25T02:34:06Z,25.88,60.04,99,0,40.99,100.99,34.00,627.00,null,null,null
2023-08-25T02:35:06Z,25.89,59.98,99,0,41.37,100.99,33.00,620.00,1,3,3
2023-08-25T02:36:06Z,25.89,60.02,99,0,42.06,100.99,33.00,620.00,null,null,null
2023-08-25T02:37:06Z,25.90,60.11,99,0,42.01,100.99,32.00,615.00,null,null,null
2023-08-25T02:38:06Z,25.88,59.93,99,0,41.56,100.99,33.00,620.00,null,null,null
2023-08-25T02:39:06Z,25.88,60.01,99,0,40.99,100.99,33.00,620.00,null,null,null
2023-08-25T02:40:06Z,25.88,59.82,99,0,41.73,100.99,33.00,620.00,2,4,6
2023-08-25T02:41:06Z,25.90,59.86,99,0,42.11,100.99,33.00,620.00,null,null,null
2023-08-25T02:42:06Z,25.89,59.65,99,0,42.11,100.99,32.00,615.00,null,null,null
2023-08-25T02:43:06Z,25.88,59.52,99,0,41.43,100.99,33.00,623.00,null,null,null
2023-08-25T02:44:06Z,25.89,59.61,99,0,42.17,100.99,32.00,615.00,null,null,null
2023-08-25T02:45:06Z,25.88,59.56,99,0,42.65,100.99,33.00,623.00,3,6,7
2023-08-25T02:46:06Z,25.88,59.56,99,0,41.37,100.99,32.00,615.00,null,null,null
2023-08-25T02:47:06Z,25.89,59.44,99,0,41.54,100.99,32.00,615.00,null,null,null
2023-08-25T02:48:06Z,25.89,59.37,99,0,39.64,100.99,32.00,615.00,null,null,null
2023-08-25T02:49:06Z,25.88,59.24,99,0,42.18,100.99,31.00,607.00,null,null,null
2023-08-25T02:50:06Z,25.86,59.26,99,0,41.49,100.99,31.00,607.00,2,3,4
2023-08-25T02:51:06Z,25.88,59.24,99,0,41.63,100.99,31.00,607.00,null,null,null
2023-08-25T02:52:06Z,25.86,59.04,99,0,41.19,100.99,32.00,615.00,null,null,null
2023-08-25T02:53:06Z,25.88,58.98,99,0,41.48,100.99,32.00,615.00,null,null,null
2023-08-25T02:54:06Z,25.85,58.95,99,0,41.84,100.99,32.00,615.00,null,null,null
2023-08-25T02:55:06Z,25.86,58.97,99,0,42.48,100.98,32.00,612.00,4,6,7
2023-08-25T02:56:06Z,25.88,59.05,99,0,42.12,100.98,32.00,612.00,null,null,null
2023-08-25T02:57:06Z,25.88,58.86,99,0,41.69,100.99,32.00,612.00,null,null,null
2023-08-25T02:58:06Z,25.86,58.88,99,0,41.23,100.98,32.00,612.00,null,null,null
2023-08-25T02:59:06Z,25.89,58.94,99,0,41.09,100.99,31.00,605.00,null,null,null
2023-08-25T03:00:06Z,25.83,58.81,99,0,41.61,100.98,32.00,612.00,1,2,2
2023-08-25T03:01:06Z,25.86,58.93,99,0,41.44,100.99,32.00,612.00,null,null,null
2023-08-25T03:02:06Z,25.88,58.93,99,0,41.41,100.98,32.00,612.00,null,null,null
2023-08-25T03:03:06Z,25.86,58.89,99,0,41.87,100.98,32.00,612.00,null,null,null
2023-08-25T03:04:06Z,25.86,58.96,99,0,41.55,100.98,32.00,612.00,null,null,null
2023-08-25T03:05:06Z,25.85,58.80,99,0,42.38,100.99,32.00,612.00,2,4,4
2023-08-25T03:06:06Z,25.85,58.79,99,0,41.55,100.99,32.00,612.00,null,null,null
2023-08-25T03:07:06Z,25.86,58.74,99,0,41.54,100.99,32.00,612.00,null,null,null
2023-08-25T03:08:06Z,25.86,58.72,99,0,41.67,100.98,32.00,612.00,null,null,null
2023-08-25T03:09:06Z,25.85,58.74,99,0,42.70,100.98,32.00,612.00,null,null,null
2023-08-25T03:10:06Z,25.83,58.69,99,0,41.41,100.98,31.00,605.00,1,3,3
2023-08-25T03:11:06Z,25.86,58.76,99,0,41.53,100.98,33.00,617.00,null,null,null
2023-08-25T03:12:06Z,25.86,58.64,99,0,41.26,100.99,31.00,605.00,null,null,null
2023-08-25T03:13:06Z,25.86,58.72,99,0,41.47,100.98,32.00,612.00,null,null,null
2023-08-25T03:14:06Z,25.86,58.71,99,0,42.20,100.98,33.00,617.00,null,null,null
2023-08-25T03:15:06Z,25.85,58.56,99,0,41.11,100.98,32.00,612.00,3,4,6
2023-08-25T03:16:06Z,25.83,58.55,99,0,41.45,100.98,32.00,612.00,null,null,null
2023-08-25T03:17:06Z,25.86,58.49,99,0,41.81,100.99,32.00,612.00,null,null,null
2023-08-25T03:18:06Z,25.89,57.94,99,673,41.11,100.97,32.00,612.00,null,null,null
2023-08-25T03:19:06Z,25.82,58.17,99,659,41.79,100.97,34.00,624.00,null,null,null
2023-08-25T03:20:06Z,25.83,58.06,99,654,41.76,100.97,33.00,618.00,2,3,3
2023-08-25T03:21:06Z,25.82,57.94,99,650,41.67,100.97,33.00,618.00,null,null,null
2023-08-25T03:22:06Z,25.83,58.02,99,643,41.42,100.97,33.00,618.00,null,null,null
2023-08-25T03:23:06Z,25.85,57.95,99,642,42.24,100.96,33.00,618.00,null,null,null
2023-08-25T03:24:06Z,25.85,57.99,99,638,42.28,100.96,33.00,618.00,null,null,null
2023-08-25T03:25:06Z,25.82,58.05,99,637,41.55,100.96,33.00,618.00,1,3,3
2023-08-25T03:26:06Z,25.82,57.71,99,633,41.60,100.96,33.00,618.00,null,null,null
2023-08-25T03:27:06Z,25.82,58.11,99,554,47.86,100.95,35.00,631.00,null,null,null
2023-08-25T03:28:06Z,25.83,58.31,99,553,45.73,100.95,33.00,618.00,null,null,null
2023-08-25T03:29:06Z,25.81,58.27,99,550,48.71,100.95,32.00,612.00,null,null,null
2023-08-25T03:30:06Z,25.79,58.50,99,549,48.26,100.95,33.00,617.00,2,3,3
2023-08-25T03:31:06Z,25.83,58.61,99,551,46.13,100.95,32.00,612.00,null,null,null
2023-08-25T03:32:06Z,25.82,58.42,99,549,46.37,100.95,33.00,617.00,null,null,null
2023-08-25T03:33:06Z,25.85,58.69,99,548,49.00,100.95,33.00,620.00,null,null,null
2023-08-25T03:34:06Z,25.83,58.87,99,547,48.03,100.95,33.00,617.00,null,null,null
2023-08-25T03:35:06Z,25.88,58.75,99,547,47.70,100.95,32.00,615.00,2,3,3
2023-08-25T03:36:06Z,25.86,58.83,99,545,46.15,100.95,33.00,617.00,null,null,null
2023-08-25T03:37:06Z,25.85,58.55,99,545,45.74,100.95,32.00,615.00,null,null,null
2023-08-25T03:38:06Z,25.89,58.92,99,544,48.49,100.95,34.00,627.00,null,null,null
2023-08-25T03:39:06Z,25.88,58.88,99,547,49.22,100.95,33.00,623.00,null,null,null
2023-08-25T03:40:06Z,25.88,58.76,99,543,47.91,100.95,32.00,615.00,2,3,3
2023-08-25T03:41:06Z,25.90,59.32,99,543,45.60,100.95,34.00,627.00,null,null,null
2023-08-25T03:42:06Z,25.90,59.38,99,543,50.37,100.95,32.00,615.00,null,null,null
2023-08-25T03:43:06Z,25.93,58.78,99,544,47.38,100.95,32.00,615.00,null,null,null
2023-08-25T03:44:06Z,25.92,59.29,99,544,47.58,100.95,34.00,627.00,null,null,null
2023-08-25T03:45:06Z,25.88,58.92,99,544,49.65,100.95,32.00,615.00,2,3,3
2023-08-25T03:46:06Z,25.93,59.07,99,544,45.83,100.95,34.00,629.00,null,null,null
2023-08-25T03:47:06Z,25.93,59.27,99,543,47.24,100.95,34.00,629.00,null,null,null
2023-08-25T03:48:06Z,25.95,58.97,99,543,48.55,100.95,33.00,623.00,null,null,null
2023-08-25T03:49:06Z,25.93,58.81,99,543,48.02,100.95,34.00,629.00,null,null,null
2023-08-25T03:50:06Z,25.96,58.63,99,543,52.03,100.95,34.00,629.00,1,2,2
2023-08-25T03:51:06Z,25.96,58.79,99,543,48.81,100.95,35.00,634.00,null,null,null
2023-08-25T03:52:06Z,25.97,59.61,99,543,44.63,100.95,36.00,640.00,null,null,null
2023-08-25T03:53:06Z,25.99,59.01,99,543,46.09,100.95,34.00,627.00,null,null,null
2023-08-25T03:54:06Z,25.97,58.90,99,543,46.85,100.95,35.00,634.00,null,null,null
2023-08-25T03:55:06Z,25.97,58.87,99,543,46.62,100.95,34.00,629.00,1,2,2
2023-08-25T03:56:06Z,25.96,58.95,99,542,49.37,100.95,35.00,634.00,null,null,null
2023-08-25T03:57:06Z,25.97,58.74,99,542,47.88,100.95,35.00,634.00,null,null,null
2023-08-25T03:58:06Z,26.00,58.74,99,542,43.29,100.95,34.00,629.00,null,null,null
2023-08-25T03:59:06Z,25.97,58.64,99,542,48.10,100.95,34.00,629.00,null,null,null
2023-08-25T04:00:06Z,25.99,58.48,99,542,48.76,100.95,35.00,634.00,2,3,3
2023-08-25T04:01:06Z,25.97,58.13,99,542,47.35,100.94,35.00,634.00,null,null,null
2023-08-25T04:02:06Z,25.99,58.15,99,542,55.31,100.95,35.00,634.00,null,null,null
2023-08-25T04:03:06Z,26.02,58.15,99,542,48.87,100.95,36.00,641.00,null,null,null
2023-08-25T04:04:06Z,26.00,59.09,99,542,53.88,100.95,35.00,634.00,null,null,null
2023-08-25T04:05:06Z,26.03,58.82,99,542,47.56,100.95,34.00,629.00,1,3,3
2023-08-25T04:06:06Z,26.02,58.71,99,542,49.51,100.95,34.00,629.00,null,null,null
2023-08-25T04:07:06Z,26.04,59.41,99,542,47.39,100.95,37.00,646.00,null,null,null
2023-08-25T04:08:06Z,26.03,60.11,99,542,46.69,100.95,35.00,634.00,null,null,null
2023-08-25T04:09:06Z,26.03,60.01,99,542,46.65,100.95,35.00,633.00,null,null,null
2023-08-25T04:10:06Z,26.04,59.85,99,542,45.60,100.95,35.00,633.00,1,2,2
2023-08-25T04:11:06Z,26.03,59.03,99,542,48.21,100.96,36.00,637.00,null,null,null
2023-08-25T04:12:06Z,26.04,58.59,99,542,48.66,100.95,38.00,650.00,null,null,null
2023-08-25T04:13:06Z,26.07,58.59,99,542,51.40,100.95,39.00,656.00,null,null,null
2023-08-25T04:14:06Z,26.06,58.93,99,542,46.15,100.95,38.00,652.00,null,null,null
2023-08-25T04:15:06Z,26.06,59.70,99,542,46.18,100.95,38.00,650.00,2,2,2
2023-08-25T04:16:06Z,26.06,59.04,99,542,46.95,100.95,38.00,653.00,null,null,null
2023-08-25T04:17:06Z,26.09,58.20,99,542,50.59,100.94,39.00,660.00,null,null,null
2023-08-25T04:18:06Z,26.09,58.21,99,542,48.45,100.95,40.00,665.00,null,null,null
2023-08-25T04:19:06Z,26.07,58.34,99,542,48.39,100.94,38.00,652.00,null,null,null
2023-08-25T04:20:06Z,26.09,58.47,99,542,49.41,100.94,38.00,652.00,1,2,2
2023-08-25T04:21:06Z,26.07,58.58,99,542,47.92,100.94,39.00,656.00,null,null,null
2023-08-25T04:22:06Z,26.12,58.85,99,542,47.70,100.94,39.00,656.00,null,null,null
2023-08-25T04:23:06Z,26.09,58.25,99,540,50.46,100.94,36.00,641.00,null,null,null
2023-08-25T04:24:06Z,26.10,58.17,99,0,42.26,100.95,38.00,652.00,null,null,null
2023-08-25T04:25:06Z,26.09,58.45,99,0,42.28,100.95,39.00,659.00,1,1,1
2023-08-25T04:26:06Z,26.09,58.37,99,0,46.14,100.95,37.00,646.00,null,null,null
2023-08-25T04:27:06Z,26.10,57.79,99,0,42.16,100.96,38.00,652.00,null,null,null
2023-08-25T04:28:06Z,26.09,57.56,99,0,43.03,100.96,38.00,653.00,null,null,null
2023-08-25T04:29:06Z,26.09,57.45,99,0,41.94,100.97,38.00,653.00,null,null,null
2023-08-25T04:30:06Z,26.09,57.83,99,0,42.42,100.97,38.00,653.00,2,3,6
2023-08-25T04:31:06Z,26.06,58.20,99,0,41.38,100.97,37.00,646.00,null,null,null
2023-08-25T04:32:06Z,26.07,57.63,99,0,41.38,100.97,37.00,646.00,null,null,null
2023-08-25T04:33:06Z,26.06,57.77,99,0,41.64,100.97,37.00,649.00,null,null,null
2023-08-25T04:34:06Z,26.06,58.61,99,0,41.67,100.97,36.00,641.00,null,null,null
2023-08-25T04:35:06Z,26.07,57.97,99,0,41.65,100.98,36.00,640.00,2,3,7
2023-08-25T04:36:06Z,26.07,58.17,99,0,43.11,100.98,37.00,646.00,null,null,null
2023-08-25T04:37:06Z,26.07,57.71,99,0,42.19,100.98,35.00,634.00,null,null,null
2023-08-25T04:38:06Z,26.09,57.42,99,0,45.20,100.98,35.00,634.00,null,null,null
2023-08-25T04:39:06Z,26.06,57.47,99,0,42.38,100.98,36.00,641.00,null,null,null
2023-08-25T04:40:06Z,26.06,57.46,99,0,42.84,100.98,36.00,641.00,2,2,2
2023-08-25T04:41:06Z,26.04,57.42,99,0,44.74,100.98,36.00,641.00,null,null,null
2023-08-25T04:42:06Z,26.07,57.31,99,0,41.62,100.98,36.00,641.00,null,null,null
2023-08-25T04:43:06Z,26.06,57.74,99,0,41.41,100.98,35.00,634.00,null,null,null
2023-08-25T04:44:06Z,26.07,57.36,99,0,42.30,100.98,36.00,641.00,null,null,null
2023-08-25T04:45:06Z,26.06,57.30,99,0,41.71,100.98,36.00,641.00,0,2,2
2023-08-25T04:46:06Z,26.04,57.22,99,0,41.56,100.98,35.00,634.00,null,null,null
2023-08-25T04:47:06Z,26.06,57.28,99,0,41.71,100.98,36.00,641.00,null,null,null
2023-08-25T04:48:06Z,26.03,57.36,99,0,42.90,100.97,35.00,634.00,null,null,null
2023-08-25T04:49:06Z,26.04,57.73,99,0,42.39,100.97,35.00,634.00,null,null,null
2023-08-25T04:50:06Z,26.03,57.08,99,0,41.19,100.97,35.00,631.00,0,1,1
2023-08-25T04:51:06Z,26.02,56.88,99,0,44.26,100.97,36.00,638.00,null,null,null
2023-08-25T04:52:06Z,26.04,57.02,99,0,42.04,100.97,36.00,638.00,null,null,null
2023-08-25T04:53:06Z,26.02,57.02,99,0,41.80,100.97,36.00,638.00,null,null,null
2023-08-25T04:54:06Z,26.04,57.05,99,0,43.41,100.97,35.00,633.00,null,null,null
2023-08-25T04:55:06Z,26.02,57.17,99,0,44.57,100.98,36.00,638.00,0,1,2
2023-08-25T04:56:06Z,26.06,57.20,99,0,42.56,100.98,35.00,633.00,null,null,null
2023-08-25T04:57:06Z,26.04,57.68,99,0,41.40,100.99,36.00,638.00,null,null,null
2023-08-25T04:58:06Z,26.02,57.24,99,0,42.70,100.98,35.00,634.00,null,null,null
2023-08-25T04:59:06Z,26.03,57.27,99,0,42.32,100.98,36.00,638.00,null,null,null
2023-08-25T05:00:06Z,25.99,57.29,99,0,41.38,100.98,35.00,631.00,1,2,2
2023-08-25T05:01:06Z,26.02,57.29,99,0,42.71,100.99,35.00,631.00,null,null,null
2023-08-25T05:02:06Z,26.03,56.94,99,0,41.63,100.98,35.00,631.00,null,null,null
2023-08-25T05:03:06Z,26.03,57.29,99,0,42.24,100.99,36.00,638.00,null,null,null
2023-08-25T05:04:06Z,26.02,57.45,99,0,41.55,100.99,35.00,631.00,null,null,null
2023-08-25T05:05:06Z,26.02,57.58,99,0,42.50,100.99,35.00,631.00,1,1,1
2023-08-25T05:06:06Z,26.00,57.20,99,0,41.84,100.99,35.00,634.00,null,null,null
2023-08-25T05:07:06Z,26.02,56.84,99,0,42.10,100.98,35.00,631.00,null,null,null
2023-08-25T05:08:06Z,26.03,56.87,99,0,42.11,100.98,35.00,633.00,null,null,null
2023-08-25T05:09:06Z,26.00,56.71,99,0,41.83,100.98,36.00,638.00,null,null,null
2023-08-25T05:10:06Z,26.00,56.58,99,0,44.60,100.98,36.00,638.00,1,2,2
2023-08-25T05:11:06Z,25.99,56.62,99,0,41.57,100.98,36.00,638.00,null,null,null
2023-08-25T05:12:06Z,26.00,56.84,99,0,41.21,100.98,35.00,631.00,null,null,null
2023-08-25T05:13:06Z,26.00,57.25,99,0,42.06,100.98,34.00,626.00,null,null,null
2023-08-25T05:14:06Z,26.02,56.91,99,0,44.66,100.98,34.00,626.00,null,null,null
2023-08-25T05:15:06Z,25.99,56.88,99,0,42.90,100.98,35.00,633.00,0,0,1
2023-08-25T05:16:06Z,25.99,57.19,99,0,53.02,100.99,35.00,633.00,null,null,null
2023-08-25T05:17:06Z,26.00,56.58,99,0,42.37,100.98,35.00,633.00,null,null,null
2023-08-25T05:18:06Z,25.99,54.89,99,0,50.95,100.98,36.00,638.00,null,null,null
2023-08-25T05:19:06Z,25.95,54.66,99,0,47.24,100.99,36.00,638.00,null,null,null
2023-08-25T05:20:06Z,25.93,54.39,99,0,44.06,100.98,36.00,637.00,0,0,0
2023-08-25T05:21:06Z,25.93,54.41,99,0,44.44,100.99,34.00,626.00,null,null,null
2023-08-25T05:22:06Z,25.89,54.20,99,0,44.52,100.98,33.00,623.00,null,null,null
2023-08-25T05:23:06Z,25.88,54.13,99,0,48.47,100.99,34.00,624.00,null,null,null
2023-08-25T05:24:06Z,25.88,54.28,99,0,49.23,100.98,33.00,617.00,null,null,null
2023-08-25T05:25:06Z,25.82,54.37,99,0,47.27,100.98,30.00,603.00,0,1,2
2023-08-25T05:26:06Z,25.82,54.24,99,0,48.23,100.99,30.00,597.00,null,null,null
2023-08-25T05:27:06Z,25.81,54.44,99,0,52.29,100.98,30.00,603.00,null,null,null
2023-08-25T05:28:06Z,25.82,54.36,99,0,47.25,100.99,32.00,611.00,null,null,null
2023-08-25T05:29:06Z,25.76,54.13,99,0,50.49,100.99,30.00,603.00,null,null,null
2023-08-25T05:30:06Z,25.76,53.95,99,1,53.02,100.98,30.00,603.00,1,2,4
2023-08-25T05:31:06Z,25.75,54.05,99,1,52.30,100.99,29.00,594.00,null,null,null
2023-08-25T05:32:06Z,25.73,53.98,99,1,51.87,100.99,29.00,594.00,null,null,null
2023-08-25T05:33:06Z,25.73,54.00,99,1,48.71,100.99,28.00,589.00,null,null,null
2023-08-25T05:34:06Z,25.69,54.00,99,1,49.87,100.99,27.00,581.00,null,null,null
2023-08-25T05:35:06Z,25.69,54.26,99,1,50.65,100.99,26.00,577.00,0,2,2
2023-08-25T05:36:06Z,25.71,54.41,99,1,48.56,100.99,26.00,575.00,null,null,null
2023-08-25T05:37:06Z,25.68,54.13,99,1,42.62,100.99,25.00,570.00,null,null,null
2023-08-25T05:38:06Z,25.66,54.26,99,1,49.85,100.99,26.00,577.00,null,null,null
2023-08-25T05:39:06Z,25.66,54.11,99,1,49.46,100.99,25.00,570.00,null,null,null
2023-08-25T05:40:06Z,25.65,54.12,99,1,49.93,100.99,25.00,569.00,0,1,1
2023-08-25T05:41:06Z,25.65,54.15,99,1,45.43,100.99,26.00,577.00,null,null,null
2023-08-25T05:42:06Z,25.65,54.27,99,1,50.65,100.98,25.00,569.00,null,null,null
2023-08-25T05:43:06Z,25.65,54.29,99,1,49.31,100.99,25.00,570.00,null,null,null
2023-08-25T05:44:06Z,25.64,54.21,99,1,50.26,100.98,24.00,564.00,null,null,null
2023-08-25T05:45:06Z,25.58,54.11,99,1,47.52,100.98,26.00,577.00,0,1,2
2023-08-25T05:46:06Z,25.58,54.04,99,1,49.10,100.98,26.00,577.00,null,null,null
2023-08-25T05:47:06Z,25.61,54.19,99,1,50.70,100.98,25.00,569.00,null,null,null
2023-08-25T05:48:06Z,25.59,54.34,99,1,45.01,100.98,26.00,577.00,null,null,null
2023-08-25T05:49:06Z,25.56,54.29,99,1,46.04,100.97,26.00,577.00,null,null,null
2023-08-25T05:50:06Z,25.55,54.11,99,1,51.22,100.97,26.00,575.00,0,0,1
2023-08-25T05:51:06Z,25.58,54.23,99,1,49.73,100.98,27.00,581.00,null,null,null
2023-08-25T05:52:06Z,25.56,54.36,99,1,42.76,100.98,27.00,581.00,null,null,null
2023-08-25T05:53:06Z,25.55,54.52,99,1,45.74,100.98,27.00,578.00,null,null,null
2023-08-25T05:54:06Z,25.55,54.19,99,2,41.61,100.97,27.00,578.00,null,null,null
2023-08-25T05:55:06Z,25.55,54.10,99,2,41.65,100.97,29.00,592.00,0,1,1
2023-08-25T05:56:06Z,25.52,53.83,99,2,40.42,100.97,28.00,586.00,null,null,null
2023-08-25T05:57:06Z,25.55,53.95,99,1,41.02,100.97,28.00,586.00,null,null,null
2023-08-25T05:58:06Z,25.52,53.90,99,1,40.82,100.97,27.00,581.00,null,null,null
2023-08-25T05:59:06Z,25.49,54.12,99,1,43.59,100.97,27.00,581.00,null,null,null
2023-08-25T06:00:06Z,25.49,53.95,99,1,42.79,100.97,28.00,586.00,0,0,0
2023-08-25T06:01:06Z,25.51,54.09,99,1,41.51,100.97,27.00,581.00,null,null,null
2023-08-25T06:02:06Z,25.49,54.24,99,1,55.38,100.97,27.00,581.00,null,null,null
2023-08-25T06:03:06Z,25.48,54.09,99,1,42.48,100.97,28.00,586.00,null,null,null
2023-08-25T06:04:06Z,25.48,54.05,99,1,42.07,100.97,28.00,586.00,null,null,null
2023-08-25T06:05:06Z,25.48,54.05,99,1,42.70,100.97,28.00,586.00,0,1,3
2023-08-25T06:06:06Z,25.49,53.85,99,2,42.14,100.97,27.00,581.00,null,null,null
2023-08-25T06:07:06Z,25.48,53.78,99,2,41.70,100.97,27.00,581.00,null,null,null
2023-08-25T06:08:06Z,25.46,53.73,99,2,42.48,100.97,27.00,581.00,null,null,null
2023-08-25T06:09:06Z,25.46,53.87,99,2,43.27,100.97,26.00,577.00,null,null,null
2023-08-25T06:10:06Z,25.45,53.90,99,1,41.69,100.97,26.00,577.00,0,1,1
2023-08-25T06:11:06Z,25.44,53.95,99,0,41.56,100.97,26.00,577.00,null,null,null
2023-08-25T06:12:06Z,25.44,54.03,99,1,42.35,100.97,26.00,577.00,null,null,null
2023-08-25T06:13:06Z,25.45,53.89,99,1,43.72,100.97,26.00,577.00,null,null,null
2023-08-25T06:14:06Z,25.44,53.88,99,1,42.28,100.97,25.00,569.00,null,null,null
2023-08-25T06:15:06Z,25.41,53.88,99,1,45.97,100.97,25.00,569.00,0,1,1
2023-08-25T06:16:06Z,25.44,53.87,99,2,43.08,100.97,25.00,569.00,null,null,null
2023-08-25T06:17:06Z,25.44,53.97,99,2,44.25,100.97,25.00,569.00,null,null,null
2023-08-25T06:18:06Z,25.42,54.04,99,2,40.77,100.97,25.00,569.00,null,null,null
2023-08-25T06:19:06Z,25.42,54.17,99,3,42.89,100.97,25.00,569.00,null,null,null
2023-08-25T06:20:06Z,25.42,54.20,99,2,44.06,100.96,25.00,569.00,0,0,0
2023-08-25T06:21:06Z,25.41,54.21,99,3,43.80,100.97,25.00,569.00,null,null,null
2023-08-25T06:22:06Z,25.41,54.32,99,3,42.76,100.97,25.00,569.00,null,null,null
2023-08-25T06:23:06Z,25.41,54.48,99,2,43.40,100.97,24.00,564.00,null,null,null
2023-08-25T06:24:06Z,25.41,54.42,99,3,41.81,100.97,24.00,564.00,null,null,null
2023-08-25T06:25:06Z,25.41,54.61,99,3,42.93,100.97,24.00,564.00,1,1,1
2023-08-25T06:26:06Z,25.39,54.63,99,3,44.70,100.97,24.00,564.00,null,null,null
2023-08-25T06:27:06Z,25.42,54.66,99,3,43.02,100.97,25.00,570.00,null,null,null
2023-08-25T06:28:06Z,25.41,54.57,99,3,44.17,100.97,25.00,570.00,null,null,null
2023-08-25T06:29:06Z,25.41,54.70,99,3,41.39,100.97,25.00,570.00,null,null,null
2023-08-25T06:30:06Z,25.41,54.69,99,3,46.19,100.97,25.00,570.00,0,1,2
2023-08-25T06:31:06Z,25.41,54.81,99,3,45.33,100.97,24.00,564.00,null,null,null
2023-08-25T06:32:06Z,25.42,54.64,99,3,44.02,100.97,25.00,565.00,null,null,null
2023-08-25T06:33:06Z,25.42,54.62,99,3,44.44,100.97,25.00,570.00,null,null,null
2023-08-25T06:34:06Z,25.39,54.67,99,3,44.27,100.97,25.00,570.00,null,null,null
2023-08-25T06:35:06Z,25.39,54.66,99,3,41.87,100.97,25.00,570.00,1,1,3
2023-08-25T06:36:06Z,25.39,54.70,99,3,42.55,100.97,24.00,564.00,null,null,null
2023-08-25T06:37:06Z,25.38,54.71,99,3,41.65,100.97,25.00,570.00,null,null,null
2023-08-25T06:38:06Z,25.39,54.91,99,3,40.02,100.97,25.00,570.00,null,null,null
2023-08-25T06:39:06Z,25.39,55.06,99,3,42.29,100.97,25.00,569.00,null,null,null
2023-08-25T06:40:06Z,25.39,55.09,99,3,39.93,100.97,25.00,569.00,0,1,1
2023-08-25T06:41:06Z,25.38,55.16,99,3,42.03,100.97,25.00,569.00,null,null,null
2023-08-25T06:42:06Z,25.42,55.26,99,3,41.47,100.98,25.00,569.00,null,null,null
2023-08-25T06:43:06Z,25.39,55.14,99,2,40.91,100.98,26.00,572.00,null,null,null
2023-08-25T06:44:06Z,25.39,55.19,99,3,42.70,100.97,20.00,537.00,null,null,null
2023-08-25T06:45:06Z,25.39,55.34,99,3,41.50,100.98,20.00,537.00,0,1,1
2023-08-25T06:46:06Z,25.38,55.13,99,4,42.17,100.97,19.00,531.00,null,null,null
2023-08-25T06:47:06Z,25.41,55.22,99,4,41.41,100.97,21.00,543.00,null,null,null
2023-08-25T06:48:06Z,25.39,55.44,99,4,41.73,100.97,21.00,543.00,null,null,null
2023-08-25T06:49:06Z,25.41,55.46,99,5,41.32,100.97,20.00,537.00,null,null,null
2023-08-25T06:50:06Z,25.38,56.20,99,5,44.67,100.97,20.00,537.00,0,0,0
2023-08-25T06:51:06Z,25.39,55.96,99,6,42.79,100.97,20.00,533.00,null,null,null
2023-08-25T06:52:06Z,25.39,56.33,99,5,42.49,100.97,20.00,533.00,null,null,null
2023-08-25T06:53:06Z,25.39,56.56,99,6,40.73,100.97,19.00,530.00,null,null,null
2023-08-25T06:54:06Z,25.38,56.72,99,7,42.60,100.97,19.00,530.00,null,null,null
2023-08-25T06:55:06Z,25.38,56.60,99,7,40.29,100.97,19.00,530.00,0,0,0
2023-08-25T06:56:06Z,25.38,56.75,99,7,41.23,100.97,19.00,530.00,null,null,null
2023-08-25T06:57:06Z,25.38,56.64,99,7,41.83,100.97,19.00,530.00,null,null,null
2023-08-25T06:58:06Z,25.38,57.50,99,7,41.82,100.97,19.00,530.00,null,null,null
2023-08-25T06:59:06Z,25.38,56.90,99,6,41.59,100.97,20.00,536.00,null,null,null
2023-08-25T07:00:06Z,25.32,56.51,99,6,41.48,100.96,19.00,531.00,0,0,0
2023-08-25T07:01:06Z,25.37,56.48,99,8,60.22,100.97,19.00,526.00,null,null,null
2023-08-25T07:02:06Z,25.34,57.12,99,5,48.03,100.96,19.00,530.00,null,null,null
2023-08-25T07:03:06Z,25.32,57.50,99,5,48.33,100.96,19.00,526.00,null,null,null
2023-08-25T07:04:06Z,25.32,56.27,99,6,44.77,100.96,18.00,519.00,null,null,null
2023-08-25T07:05:06Z,25.30,55.08,99,6,46.90,100.96,19.00,526.00,0,0,2
2023-08-25T07:06:06Z,25.30,54.32,99,6,50.21,100.96,19.00,530.00,null,null,null
2023-08-25T07:07:06Z,25.30,54.20,99,6,47.59,100.96,18.00,524.00,null,null,null
2023-08-25T07:08:06Z,25.28,53.38,99,6,47.93,100.96,17.00,514.00,null,null,null
2023-08-25T07:09:06Z,25.23,53.07,99,6,49.61,100.95,16.00,508.00,null,null,null
2023-08-25T07:10:06Z,25.21,53.05,99,18,45.98,100.95,23.00,552.00,0,1,1
2023-08-25T07:11:06Z,25.18,52.91,99,18,44.76,100.95,20.00,536.00,null,null,null
2023-08-25T07:12:06Z,25.20,52.62,99,17,54.91,100.95,18.00,524.00,null,null,null
2023-08-25T07:13:06Z,25.17,52.94,99,18,49.13,100.96,17.00,518.00,null,null,null
2023-08-25T07:14:06Z,25.14,52.02,99,17,50.65,100.96,15.00,501.00,null,null,null
2023-08-25T07:15:06Z,25.14,52.13,99,15,47.40,100.97,15.00,502.00,0,1,1
2023-08-25T07:16:06Z,25.10,52.17,99,14,47.66,100.97,14.00,493.00,null,null,null
2023-08-25T07:17:06Z,25.10,52.04,99,16,50.51,100.97,19.00,526.00,null,null,null
2023-08-25T07:18:06Z,25.05,51.93,99,13,47.27,100.97,14.00,498.00,null,null,null
2023-08-25T07:19:06Z,25.03,51.80,99,13,59.40,100.97,14.00,496.00,null,null,null
2023-08-25T07:20:06Z,25.04,51.79,99,16,42.30,100.97,13.00,491.00,1,2,2
2023-08-25T07:21:06Z,24.98,52.10,99,14,46.32,100.97,13.00,486.00,null,null,null
2023-08-25T07:22:06Z,25.03,52.26,99,17,42.56,100.96,12.00,480.00,null,null,null
2023-08-25T07:23:06Z,24.98,51.69,99,17,42.25,100.96,9.00,463.00,null,null,null
2023-08-25T07:24:06Z,24.98,52.11,99,15,40.49,100.96,10.00,470.00,null,null,null
2023-08-25T07:25:06Z,24.93,52.61,99,15,41.50,100.96,9.00,463.00,0,1,2
2023-08-25T07:26:06Z,24.91,51.41,99,14,40.99,100.97,8.00,454.00,null,null,null
2023-08-25T07:27:06Z,24.93,51.27,99,19,54.50,100.97,8.00,455.00,null,null,null
2023-08-25T07:28:06Z,24.90,51.19,99,20,40.92,100.97,7.00,451.00,null,null,null
2023-08-25T07:29:06Z,24.87,51.09,99,19,41.64,100.97,7.00,446.00,null,null,null
2023-08-25T07:30:06Z,24.84,51.37,99,19,48.63,100.96,5.00,439.00,0,1,2
2023-08-25T07:31:06Z,24.83,51.32,99,21,41.50,100.97,4.00,427.00,null,null,null
2023-08-25T07:32:06Z,24.83,50.67,99,18,41.46,100.96,4.00,427.00,null,null,null
2023-08-25T07:33:06Z,24.80,51.00,99,22,40.77,100.96,2.00,418.00,null,null,null
2023-08-25T07:34:06Z,24.77,51.07,99,19,41.41,100.96,3.00,420.00,null,null,null
2023-08-25T07:35:06Z,24.76,51.08,99,21,40.52,100.95,1.00,410.00,0,1,1
2023-08-25T07:36:06Z,24.74,50.90,99,22,40.63,100.96,1.00,407.00,null,null,null
2023-08-25T07:37:06Z,24.76,50.59,99,22,41.02,100.96,0.00,400.00,null,null,null
2023-08-25T07:38:06Z,24.73,50.76,99,53,44.81,100.96,2.00,417.00,null,null,null
2023-08-25T07:39:06Z,24.70,51.04,99,35,40.70,100.96,0.00,403.00,null,null,null
2023-08-25T07:40:06Z,24.69,50.73,99,34,40.42,100.96,0.00,403.00,0,0,0
2023-08-25T07:41:06Z,24.67,50.81,99,32,41.01,100.97,0.00,400.00,null,null,null
2023-08-25T07:42:06Z,24.67,51.06,99,32,40.72,100.97,0.00,400.00,null,null,null
2023-08-25T07:43:06Z,24.66,50.70,99,31,40.97,100.97,0.00,400.00,null,null,null
2023-08-25T07:44:06Z,24.63,50.68,99,32,40.64,100.97,0.00,400.00,null,null,null
2023-08-25T07:45:06Z,24.62,50.65,99,34,41.64,100.96,0.00,400.00,0,0,0
2023-08-25T07:46:06Z,24.62,50.69,99,45,40.58,100.97,0.00,400.00,null,null,null
2023-08-25T07:47:06Z,24.60,50.80,99,47,40.80,100.97,0.00,400.00,null,null,null
2023-08-25T07:48:06Z,24.60,50.83,99,33,40.58,100.97,0.00,400.00,null,null,null
2023-08-25T07:49:06Z,24.59,50.69,99,43,39.79,100.96,0.00,400.00,null,null,null
2023-08-25T07:50:06Z,24.55,50.79,99,38,40.35,100.97,0.00,402.00,0,1,2
2023-08-25T07:51:06Z,24.55,50.67,99,34,41.22,100.97,0.00,400.00,null,null,null
2023-08-25T07:52:06Z,24.56,50.61,99,35,41.34,100.98,0.00,400.00,null,null,null
2023-08-25T07:53:06Z,24.53,50.83,99,35,41.75,100.98,0.00,400.00,null,null,null
2023-08-25T07:54:06Z,24.50,50.48,99,35,41.11,100.98,0.00,400.00,null,null,null
2023-08-25T07:55:06Z,24.52,50.78,99,32,41.45,100.98,0.00,400.00,0,0,0
2023-08-25T07:56:06Z,24.50,50.57,99,33,48.10,100.98,0.00,400.00,null,null,null
2023-08-25T07:57:06Z,24.49,50.35,99,32,50.68,100.99,0.00,400.00,null,null,null
2023-08-25T07:58:06Z,24.47,50.52,99,30,49.48,100.98,0.00,400.00,null,null,null
2023-08-25T07:59:06Z,24.47,49.99,99,28,49.59,100.98,0.00,400.00,null,null,null
2023-08-25T08:00:06Z,24.44,50.36,99,26,45.98,100.98,0.00,400.00,3,11,14
2023-08-25T08:01:06Z,24.42,50.48,99,26,50.75,100.98,0.00,400.00,null,null,null
2023-08-25T08:02:06Z,24.42,49.98,99,28,null,100.97,0.00,400.00,null,null,null
2023-08-25T08:03:06Z,24.42,50.03,99,26,53.35,100.97,0.00,401.00,null,null,null
2023-08-25T08:04:06Z,24.39,49.94,99,39,48.31,100.96,0.00,401.00,null,null,null
2023-08-25T08:05:06Z,24.37,50.27,99,33,43.44,100.96,0.00,400.00,2,3,6
2023-08-25T08:06:06Z,24.36,50.07,99,25,42.29,100.96,0.00,400.00,null,null,null
2023-08-25T08:07:06Z,24.36,50.37,99,77,41.47,100.96,0.00,405.00,null,null,null
2023-08-25T08:08:06Z,24.33,50.54,99,51,41.24,100.96,0.00,400.00,null,null,null
2023-08-25T08:09:06Z,24.33,50.89,99,90,40.20,100.96,0.00,400.00,null,null,null
2023-08-25T08:10:06Z,24.35,50.74,99,91,39.98,100.96,0.00,400.00,2,6,7
2023-08-25T08:11:06Z,24.33,50.69,99,95,41.07,100.96,0.00,400.00,null,null,null
2023-08-25T08:12:06Z,24.35,50.61,99,68,42.18,100.95,0.00,405.00,null,null,null
2023-08-25T08:13:06Z,24.37,50.64,99,92,40.08,100.95,1.00,409.00,null,null,null
2023-08-25T08:14:06Z,24.33,50.73,99,104,41.08,100.95,1.00,409.00,null,null,null
2023-08-25T08:15:06Z,24.37,51.21,99,61,41.26,100.95,1.00,409.00,0,1,2
2023-08-25T08:16:06Z,24.36,51.16,99,97,41.22,100.95,0.00,405.00,null,null,null
2023-08-25T08:17:06Z,24.36,50.75,99,90,40.70,100.94,0.00,405.00,null,null,null
2023-08-25T08:18:06Z,24.37,50.33,99,105,41.75,100.94,1.00,409.00,null,null,null
2023-08-25T08:19:06Z,24.35,50.36,99,94,40.60,100.94,0.00,405.00,null,null,null
2023-08-25T08:20:06Z,24.36,50.35,99,53,41.48,100.94,0.00,405.00,0,0,0
2023-08-25T08:21:06Z,24.33,50.31,99,67,40.94,100.94,0.00,405.00,null,null,null
2023-08-25T08:22:06Z,24.36,50.31,99,97,40.68,100.94,0.00,400.00,null,null,null
2023-08-25T08:23:06Z,24.36,50.18,99,106,40.89,100.94,0.00,400.00,null,null,null
2023-08-25T08:24:06Z,24.33,50.20,99,119,40.55,100.94,0.00,405.00,null,null,null
2023-08-25T08:25:06Z,24.33,50.19,99,100,41.24,100.94,0.00,401.00,0,1,1
2023-08-25T08:26:06Z,24.33,50.44,99,71,40.31,100.94,0.00,401.00,null,null,null
2023-08-25T08:27:06Z,24.35,50.23,99,106,40.94,100.94,0.00,400.00,null,null,null
2023-08-25T08:28:06Z,24.33,50.14,99,118,40.57,100.94,0.00,400.00,null,null,null
2023-08-25T08:29:06Z,24.32,50.04,99,114,39.91,100.94,0.00,400.00,null,null,null
2023-08-25T08:30:06Z,24.29,50.02,99,121,41.64,100.93,0.00,400.00,0,0,0
2023-08-25T08:31:06Z,24.33,49.92,99,122,41.02,100.94,0.00,400.00,null,null,null
2023-08-25T08:32:06Z,24.32,49.81,99,121,41.56,100.93,0.00,400.00,null,null,null
2023-08-25T08:33:06Z,24.32,50.09,99,117,40.44,100.93,0.00,400.00,null,null,null
2023-08-25T08:34:06Z,24.32,49.88,99,113,40.88,100.94,0.00,400.00,null,null,null
2023-08-25T08:35:06Z,24.29,49.99,99,118,40.86,100.94,0.00,400.00,0,0,0
2023-08-25T08:36:06Z,24.29,50.05,99,102,40.90,100.94,0.00,400.00,null,null,null
2023-08-25T08:37:06Z,24.32,49.95,99,85,41.68,100.93,0.00,400.00,null,null,null
2023-08-25T08:38:06Z,24.31,50.01,99,73,40.30,100.93,1.00,409.00,null,null,null
2023-08-25T08:39:06Z,24.26,49.98,99,60,42.23,100.93,0.00,405.00,null,null,null
2023-08-25T08:40:06Z,24.28,50.04,99,67,41.53,100.93,0.00,405.00,0,1,1
2023-08-25T08:41:06Z,24.31,49.92,99,92,41.10,100.93,0.00,400.00,null,null,null
2023-08-25T08:42:06Z,24.26,49.96,99,119,41.23,100.93,0.00,400.00,null,null,null
2023-08-25T08:43:06Z,24.29,50.13,99,103,40.76,100.93,0.00,400.00,null,null,null
2023-08-25T08:44:06Z,24.29,50.02,99,75,40.64,100.93,0.00,400.00,null,null,null
2023-08-25T08:45:06Z,24.29,50.25,99,122,41.23,100.93,0.00,400.00,0,1,1
2023-08-25T08:46:06Z,24.29,50.25,99,45,41.17,100.94,0.00,400.00,null,null,null
2023-08-25T08:47:06Z,24.29,50.05,99,128,40.86,100.93,0.00,400.00,null,null,null
2023-08-25T08:48:06Z,24.28,49.93,99,122,40.93,100.93,1.00,408.00,null,null,null
2023-08-25T08:49:06Z,24.26,50.07,99,81,40.05,100.93,0.00,405.00,null,null,null
2023-08-25T08:50:06Z,24.25,49.80,99,75,41.20,100.93,0.00,405.00,0,1,1
2023-08-25T08:51:06Z,24.26,49.75,99,136,41.53,100.93,0.00,405.00,null,null,null
2023-08-25T08:52:06Z,24.26,49.80,99,121,41.30,100.93,0.00,402.00,null,null,null
2023-08-25T08:53:06Z,24.25,49.66,99,130,41.48,100.93,0.00,402.00,null,null,null
2023-08-25T08:54:06Z,24.23,50.03,99,130,40.74,100.92,1.00,408.00,null,null,null
2023-08-25T08:55:06Z,24.23,49.80,99,123,39.94,100.92,0.00,400.00,0,0,0
2023-08-25T08:56:06Z,24.25,49.80,99,75,41.47,100.93,0.00,400.00,null,null,null
2023-08-25T08:57:06Z,24.26,49.70,99,86,41.76,100.93,0.00,400.00,null,null,null
2023-08-25T08:58:06Z,24.29,50.03,99,123,40.70,100.93,0.00,406.00,null,null,null
2023-08-25T08:59:06Z,24.26,49.67,99,116,40.67,100.93,0.00,400.00,null,null,null
2023-08-25T09:00:06Z,24.23,49.83,99,62,39.55,100.93,0.00,401.00,0,1,1
2023-08-25T09:01:06Z,24.22,49.70,99,69,42.30,100.94,0.00,400.00,null,null,null
2023-08-25T09:02:06Z,24.25,49.96,99,50,40.56,100.93,0.00,401.00,null,null,null
2023-08-25T09:03:06Z,24.25,50.14,99,95,39.11,100.93,0.00,400.00,null,null,null
2023-08-25T09:04:06Z,24.28,49.77,99,126,40.42,100.93,0.00,400.00,null,null,null
2023-08-25T09:05:06Z,24.25,49.67,99,136,41.97,100.93,0.00,400.00,0,0,0
2023-08-25T09:06:06Z,24.23,49.78,99,139,40.47,100.92,6.00,443.00,null,null,null
2023-08-25T09:07:06Z,24.22,49.87,99,93,39.83,100.93,0.00,402.00,null,null,null
2023-08-25T09:08:06Z,24.25,50.20,99,64,40.62,100.93,0.00,400.00,null,null,null
2023-08-25T09:09:06Z,24.23,50.10,99,91,41.74,100.93,0.00,400.00,null,null,null
2023-08-25T09:10:06Z,24.22,49.87,99,94,40.15,100.93,0.00,403.00,0,0,0
2023-08-25T09:11:06Z,24.23,49.97,99,86,39.85,100.93,0.00,400.00,null,null,null
2023-08-25T09:12:06Z,24.23,49.86,99,101,41.39,100.92,0.00,403.00,null,null,null
2023-08-25T09:13:06Z,24.21,49.94,99,84,40.61,100.92,6.00,441.00,null,null,null
2023-08-25T09:14:06Z,24.22,49.81,99,78,40.06,100.92,0.00,403.00,null,null,null
2023-08-25T09:15:06Z,24.21,49.93,99,107,41.92,100.92,0.00,403.00,0,1,1
2023-08-25T09:16:06Z,24.22,50.08,99,91,40.27,100.92,4.00,432.00,null,null,null
2023-08-25T09:17:06Z,24.26,50.50,99,106,39.71,100.92,5.00,436.00,null,null,null
2023-08-25T09:18:06Z,24.23,50.36,99,97,39.91,100.92,5.00,435.00,null,null,null
2023-08-25T09:19:06Z,24.26,50.15,99,105,41.52,100.92,0.00,400.00,null,null,null
2023-08-25T09:20:06Z,24.25,50.05,99,83,41.59,100.92,0.00,405.00,0,1,1
2023-08-25T09:21:06Z,24.21,49.71,99,91,41.56,100.92,0.00,405.00,null,null,null
2023-08-25T09:22:06Z,24.23,49.50,99,103,41.22,100.92,1.00,410.00,null,null,null
2023-08-25T09:23:06Z,24.23,49.63,99,105,41.65,100.91,1.00,410.00,null,null,null
2023-08-25T09:24:06Z,24.22,49.46,99,100,40.26,100.92,1.00,407.00,null,null,null
2023-08-25T09:25:06Z,24.23,49.27,99,131,39.93,100.91,0.00,402.00,0,0,0
2023-08-25T09:26:06Z,24.22,49.25,99,109,39.79,100.91,5.00,439.00,null,null,null
2023-08-25T09:27:06Z,24.22,49.41,99,101,40.78,100.91,5.00,439.00,null,null,null
2023-08-25T09:28:06Z,24.25,49.11,99,94,40.99,100.91,5.00,439.00,null,null,null
2023-08-25T09:29:06Z,24.22,49.37,99,89,42.00,100.91,6.00,444.00,null,null,null
2023-08-25T09:30:06Z,24.19,49.41,99,108,41.21,100.91,5.00,436.00,1,2,3
2023-08-25T09:31:06Z,24.21,49.37,99,74,41.41,100.91,5.00,436.00,null,null,null
2023-08-25T09:32:06Z,24.21,49.34,99,100,40.27,100.91,5.00,439.00,null,null,null
2023-08-25T09:33:06Z,24.21,49.37,99,80,41.10,100.91,5.00,436.00,null,null,null
2023-08-25T09:34:06Z,24.21,49.17,99,76,40.48,100.91,5.00,433.00,null,null,null
2023-08-25T09:35:06Z,24.22,49.27,99,101,40.34,100.92,6.00,442.00,0,1,1
2023-08-25T09:36:06Z,24.23,49.28,99,110,39.70,100.91,5.00,433.00,null,null,null
2023-08-25T09:37:06Z,24.22,49.23,99,142,40.88,100.92,5.00,433.00,null,null,null
2023-08-25T09:38:06Z,24.21,49.18,99,158,41.57,100.91,5.00,438.00,null,null,null
2023-08-25T09:39:06Z,24.21,49.23,99,107,41.00,100.91,5.00,433.00,null,null,null
2023-08-25T09:40:06Z,24.18,49.32,99,119,41.50,100.91,5.00,433.00,0,1,2
2023-08-25T09:41:06Z,24.18,49.20,99,132,40.58,100.91,5.00,433.00,null,null,null
2023-08-25T09:42:06Z,24.21,49.26,99,118,40.66,100.91,5.00,433.00,null,null,null
2023-08-25T09:43:06Z,24.21,49.23,99,118,40.79,100.91,3.00,426.00,null,null,null
2023-08-25T09:44:06Z,24.21,49.24,99,102,40.51,100.92,3.00,426.00,null,null,null
2023-08-25T09:45:06Z,24.18,49.12,99,110,40.34,100.91,5.00,433.00,0,1,1
2023-08-25T09:46:06Z,24.18,49.09,99,97,40.48,100.92,4.00,427.00,null,null,null
2023-08-25T09:47:06Z,24.18,49.21,99,95,41.13,100.93,4.00,427.00,null,null,null
2023-08-25T09:48:06Z,24.19,48.94,99,103,40.20,100.92,4.00,427.00,null,null,null
2023-08-25T09:49:06Z,24.19,49.04,99,106,41.01,100.93,4.00,427.00,null,null,null
2023-08-25T09:50:06Z,24.18,48.96,99,107,40.78,100.93,4.00,427.00,0,1,1
2023-08-25T09:51:06Z,24.18,48.83,99,94,40.89,100.93,3.00,423.00,null,null,null
2023-08-25T09:52:06Z,24.16,48.79,99,59,40.61,100.93,3.00,423.00,null,null,null
2023-08-25T09:53:06Z,24.19,48.63,99,96,39.82,100.93,3.00,421.00,null,null,null
2023-08-25T09:54:06Z,24.16,48.72,99,110,39.89,100.93,3.00,426.00,null,null,null
2023-08-25T09:55:06Z,24.16,48.77,99,117,41.36,100.93,3.00,426.00,0,1,1
2023-08-25T09:56:06Z,24.16,48.68,99,119,41.65,100.93,3.00,426.00,null,null,null
2023-08-25T09:57:06Z,24.18,48.77,99,118,40.45,100.93,3.00,426.00,null,null,null
2023-08-25T09:58:06Z,24.16,48.68,99,129,40.52,100.93,3.00,421.00,null,null,null
2023-08-25T09:59:06Z,24.13,48.84,99,113,39.57,100.93,3.00,423.00,null,null,null
2023-08-25T10:00:06Z,24.15,48.81,99,136,40.83,100.93,2.00,417.00,0,0,0
2023-08-25T10:01:06Z,24.16,48.84,99,125,40.91,100.92,2.00,417.00,null,null,null
2023-08-25T10:02:06Z,24.18,48.87,99,108,40.57,100.92,2.00,417.00,null,null,null
2023-08-25T10:03:06Z,24.16,48.88,99,127,40.82,100.92,2.00,417.00,null,null,null
2023-08-25T10:04:06Z,24.15,48.95,99,132,40.00,100.92,2.00,417.00,null,null,null
2023-08-25T10:05:06Z,24.12,49.01,99,134,43.15,100.92,2.00,417.00,0,1,1
2023-08-25T10:06:06Z,24.16,48.94,99,107,40.23,100.92,2.00,417.00,null,null,null
2023-08-25T10:07:06Z,24.19,48.76,99,82,39.70,100.92,1.00,413.00,null,null,null
2023-08-25T10:08:06Z,24.16,48.83,99,110,40.69,100.92,1.00,413.00,null,null,null
2023-08-25T10:09:06Z,24.16,48.84,99,96,40.13,100.92,1.00,413.00,null,null,null
2023-08-25T10:10:06Z,24.13,48.80,99,84,42.48,100.92,1.00,409.00,0,1,1
2023-08-25T10:11:06Z,24.16,48.84,99,80,41.05,100.92,1.00,409.00,null,null,null
2023-08-25T10:12:06Z,24.18,48.64,99,83,40.31,100.93,1.00,409.00,null,null,null
2023-08-25T10:13:06Z,24.16,48.72,99,82,41.10,100.93,1.00,409.00,null,null,null
2023-08-25T10:14:06Z,24.15,48.87,99,82,40.34,100.93,2.00,415.00,null,null,null
2023-08-25T10:15:06Z,24.13,48.94,99,105,40.47,100.93,0.00,405.00,0,1,1
2023-08-25T10:16:06Z,24.15,49.02,99,104,41.21,100.92,0.00,402.00,null,null,null
2023-08-25T10:17:06Z,24.16,49.09,99,112,41.16,100.92,0.00,405.00,null,null,null
2023-08-25T10:18:06Z,24.18,49.16,99,106,41.09,100.92,1.00,409.00,null,null,null
2023-08-25T10:19:06Z,24.16,49.28,99,105,39.54,100.92,1.00,409.00,null,null,null
2023-08-25T10:20:06Z,24.15,49.28,99,113,42.69,100.91,0.00,405.00,1,1,1
2023-08-25T10:21:06Z,24.15,49.28,99,122,40.78,100.92,1.00,409.00,null,null,null
2023-08-25T10:22:06Z,24.19,49.28,99,109,41.44,100.92,0.00,405.00,null,null,null
2023-08-25T10:23:06Z,24.18,49.31,99,121,40.75,100.92,1.00,413.00,null,null,null
2023-08-25T10:24:06Z,24.18,49.22,99,110,39.87,100.92,1.00,413.00,null,null,null
2023-08-25T10:25:06Z,24.19,49.27,99,111,40.37,100.92,2.00,417.00,0,1,1
2023-08-25T10:26:06Z,24.18,49.26,99,102,40.48,100.92,1.00,408.00,null,null,null
2023-08-25T10:27:06Z,24.18,49.18,99,100,40.93,100.93,1.00,413.00,null,null,null
2023-08-25T10:28:06Z,24.18,49.07,99,108,40.75,100.92,1.00,413.00,null,null,null
2023-08-25T10:29:06Z,24.19,49.11,99,102,40.91,100.92,1.00,413.00,null,null,null
2023-08-25T10:30:06Z,24.21,49.05,99,98,41.34,100.92,1.00,413.00,0,1,1
2023-08-25T10:31:06Z,24.19,49.00,99,86,41.12,100.93,1.00,413.00,null,null,null
2023-08-25T10:32:06Z,24.19,49.04,99,83,40.99,100.92,1.00,413.00,null,null,null
2023-08-25T10:33:06Z,24.21,49.11,99,86,40.26,100.92,1.00,413.00,null,null,null
2023-08-25T10:34:06Z,24.21,49.17,99,93,41.37,100.92,1.00,413.00,null,null,null
2023-08-25T10:35:06Z,24.21,49.31,99,93,41.31,100.92,1.00,413.00,0,1,2
2023-08-25T10:36:06Z,24.21,49.34,99,90,40.79,100.92,1.00,408.00,null,null,null
2023-08-25T10:37:06Z,24.22,49.34,99,95,39.32,100.91,1.00,413.00,null,null,null
2023-08-25T10:38:06Z,24.25,49.23,99,112,39.83,100.92,0.00,400.00,null,null,null
2023-08-25T10:39:06Z,24.25,49.29,99,114,39.78,100.91,0.00,400.00,null,null,null
2023-08-25T10:40:06Z,24.23,49.21,99,105,42.91,100.91,5.00,436.00,0,2,3
2023-08-25T10:41:06Z,24.23,49.12,99,108,40.85,100.92,6.00,442.00,null,null,null
2023-08-25T10:42:06Z,24.22,49.09,99,113,40.29,100.91,0.00,400.00,null,null,null
2023-08-25T10:43:06Z,24.25,49.09,99,100,41.02,100.91,0.00,405.00,null,null,null
2023-08-25T10:44:06Z,24.22,48.99,99,94,42.02,100.91,0.00,405.00,null,null,null
2023-08-25T10:45:06Z,24.21,49.11,99,91,40.85,100.91,6.00,442.00,0,0,0
2023-08-25T10:46:06Z,24.25,49.25,99,87,40.01,100.91,5.00,436.00,null,null,null
2023-08-25T10:47:06Z,24.25,49.09,99,89,41.24,100.91,0.00,400.00,null,null,null
2023-08-25T10:48:06Z,24.23,49.17,99,90,41.13,100.91,0.00,405.00,null,null,null
2023-08-25T10:49:06Z,24.26,49.12,99,90,40.52,100.91,0.00,405.00,null,null,null
2023-08-25T10:50:06Z,24.25,49.25,99,96,40.39,100.91,0.00,405.00,0,1,1
2023-08-25T10:51:06Z,24.25,49.16,99,91,40.78,100.91,0.00,400.00,null,null,null
2023-08-25T10:52:06Z,24.28,49.18,99,92,40.59,100.91,0.00,405.00,null,null,null
2023-08-25T10:53:06Z,24.28,49.12,99,93,40.36,100.91,0.00,405.00,null,null,null
2023-08-25T10:54:06Z,24.26,49.14,99,92,39.84,100.91,0.00,405.00,null,null,null
2023-08-25T10:55:06Z,24.26,49.03,99,92,40.23,100.91,0.00,405.00,1,2,2
2023-08-25T10:56:06Z,24.26,48.90,99,90,41.26,100.91,0.00,405.00,null,null,null
2023-08-25T10:57:06Z,24.26,48.71,99,91,40.89,100.91,0.00,400.00,null,null,null
2023-08-25T10:58:06Z,24.26,48.79,99,90,40.70,100.91,0.00,406.00,null,null,null
2023-08-25T10:59:06Z,24.28,48.81,99,89,40.93,100.91,0.00,400.00,null,null,null
2023-08-25T11:00:06Z,24.25,48.71,99,92,40.46,100.92,0.00,400.00,0,1,1
2023-08-25T11:01:06Z,24.26,48.57,99,95,41.08,100.92,0.00,406.00,null,null,null
2023-08-25T11:02:06Z,24.29,48.65,99,89,40.64,100.92,0.00,401.00,null,null,null
2023-08-25T11:03:06Z,24.26,48.54,99,89,41.25,100.92,0.00,406.00,null,null,null
2023-08-25T11:04:06Z,24.28,48.58,99,86,41.74,100.91,0.00,401.00,null,null,null
2023-08-25T11:05:06Z,24.26,48.52,99,84,41.21,100.91,0.00,401.00,0,1,1
2023-08-25T11:06:06Z,24.26,48.39,99,84,40.29,100.91,0.00,401.00,null,null,null
2023-08-25T11:07:06Z,24.28,48.50,99,85,40.35,100.91,0.00,401.00,null,null,null
2023-08-25T11:08:06Z,24.31,48.52,99,87,41.09,100.91,0.00,401.00,null,null,null
2023-08-25T11:09:06Z,24.28,48.55,99,86,40.44,100.92,0.00,401.00,null,null,null
2023-08-25T11:10:06Z,24.28,48.35,99,86,40.32,100.91,0.00,401.00,0,0,0
2023-08-25T11:11:06Z,24.26,48.33,99,85,41.24,100.91,0.00,400.00,null,null,null
2023-08-25T11:12:06Z,24.26,48.21,99,83,40.42,100.91,0.00,400.00,null,null,null
2023-08-25T11:13:06Z,24.28,48.21,99,85,40.93,100.91,0.00,400.00,null,null,null
2023-08-25T11:14:06Z,24.26,48.20,99,85,39.76,100.91,0.00,400.00,null,null,null
2023-08-25T11:15:06Z,24.28,48.33,99,89,40.52,100.91,0.00,400.00,0,1,3
2023-08-25T11:16:06Z,24.29,48.31,99,87,40.22,100.91,0.00,400.00,null,null,null
2023-08-25T11:17:06Z,24.29,48.17,99,87,40.48,100.92,0.00,403.00,null,null,null
2023-08-25T11:18:06Z,24.31,48.10,99,88,40.80,100.92,1.00,408.00,null,null,null
2023-08-25T11:19:06Z,24.31,48.04,99,92,41.68,100.93,0.00,405.00,null,null,null
2023-08-25T11:20:06Z,24.28,48.06,99,88,41.06,100.93,0.00,405.00,0,0,0
2023-08-25T11:21:06Z,24.28,48.10,99,88,41.01,100.93,0.00,405.00,null,null,null
2023-08-25T11:22:06Z,24.29,47.97,99,92,41.65,100.94,0.00,405.00,null,null,null
2023-08-25T11:23:06Z,24.28,48.07,99,92,40.92,100.94,0.00,405.00,null,null,null
2023-08-25T11:24:06Z,24.28,48.10,99,92,40.93,100.94,0.00,405.00,null,null,null
2023-08-25T11:25:06Z,24.29,47.92,99,93,45.35,100.94,0.00,405.00,0,1,1
2023-08-25T11:26:06Z,24.26,47.98,99,93,40.10,100.94,0.00,400.00,null,null,null
2023-08-25T11:27:06Z,24.29,48.06,99,88,40.28,100.94,0.00,400.00,null,null,null
2023-08-25T11:28:06Z,24.31,48.04,99,86,41.10,100.94,0.00,400.00,null,null,null
2023-08-25T11:29:06Z,24.29,47.98,99,83,40.54,100.94,0.00,400.00,null,null,null
2023-08-25T11:30:06Z,24.28,47.92,99,80,40.25,100.94,0.00,400.00,0,0,0
2023-08-25T11:31:06Z,24.31,47.86,99,87,40.47,100.94,0.00,400.00,null,null,null
2023-08-25T11:32:06Z,24.29,47.76,99,78,40.96,100.94,0.00,400.00,null,null,null
2023-08-25T11:33:06Z,24.31,47.76,99,78,40.66,100.93,0.00,400.00,null,null,null
2023-08-25T11:34:06Z,24.29,47.81,99,79,40.22,100.93,0.00,406.00,null,null,null
2023-08-25T11:35:06Z,24.29,47.69,99,76,41.44,100.94,0.00,400.00,0,1,1
2023-08-25T11:36:06Z,24.31,47.69,99,73,38.82,100.93,0.00,406.00,null,null,null
2023-08-25T11:37:06Z,24.28,47.57,99,71,41.37,100.93,0.00,406.00,null,null,null
2023-08-25T11:38:06Z,24.29,47.68,99,66,40.44,100.93,0.00,406.00,null,null,null
2023-08-25T11:39:06Z,24.31,47.62,99,62,40.85,100.92,0.00,403.00,null,null,null
2023-08-25T11:40:06Z,24.31,47.69,99,58,40.51,100.92,0.00,403.00,0,0,0
2023-08-25T11:41:06Z,24.29,47.73,99,56,40.33,100.92,0.00,403.00,null,null,null
2023-08-25T11:42:06Z,24.33,47.59,99,58,39.86,100.92,0.00,403.00,null,null,null
2023-08-25T11:43:06Z,24.32,47.69,99,58,40.40,100.92,0.00,403.00,null,null,null
2023-08-25T11:44:06Z,24.33,47.62,99,65,40.85,100.92,0.00,403.00,null,null,null
2023-08-25T11:45:06Z,24.29,47.58,99,56,42.97,100.91,0.00,403.00,0,0,0
2023-08-25T11:46:06Z,24.29,47.52,99,52,40.88,100.91,0.00,400.00,null,null,null
2023-08-25T11:47:06Z,24.32,47.50,99,61,40.98,100.91,0.00,400.00,null,null,null
2023-08-25T11:48:06Z,24.29,47.42,99,58,40.79,100.91,0.00,400.00,null,null,null
2023-08-25T11:49:06Z,24.32,47.63,99,56,40.15,100.91,0.00,400.00,null,null,null
2023-08-25T11:50:06Z,24.31,47.66,99,55,41.64,100.91,0.00,400.00,0,0,0
2023-08-25T11:51:06Z,24.32,47.69,99,55,40.50,100.90,0.00,400.00,null,null,null
2023-08-25T11:52:06Z,24.31,47.49,99,55,41.59,100.90,0.00,400.00,null,null,null
2023-08-25T11:53:06Z,24.32,47.49,99,54,40.43,100.90,0.00,400.00,null,null,null
2023-08-25T11:54:06Z,24.32,47.53,99,55,40.80,100.91,0.00,400.00,null,null,null
2023-08-25T11:55:06Z,24.31,47.52,99,55,40.52,100.91,0.00,400.00,0,0,0
2023-08-25T11:56:06Z,24.31,47.59,99,55,40.43,100.91,0.00,400.00,null,null,null
2023-08-25T11:57:06Z,24.32,47.53,99,55,40.92,100.91,0.00,405.00,null,null,null
2023-08-25T11:58:06Z,24.35,47.45,99,56,40.92,100.91,0.00,405.00,null,null,null
2023-08-25T11:59:06Z,24.32,47.35,99,57,39.99,100.91,0.00,405.00,null,null,null
2023-08-25T12:00:06Z,24.31,47.46,99,57,41.25,100.90,0.00,405.00,0,1,1
2023-08-25T12:01:06Z,24.32,47.36,99,58,40.67,100.90,0.00,400.00,null,null,null
2023-08-25T12:02:06Z,24.33,47.44,99,58,40.56,100.90,0.00,400.00,null,null,null
2023-08-25T12:03:06Z,24.32,47.32,99,59,40.76,100.90,0.00,400.00,null,null,null
2023-08-25T12:04:06Z,24.36,47.45,99,59,41.47,100.90,0.00,400.00,null,null,null
2023-08-25T12:05:06Z,24.32,47.41,99,60,42.06,100.90,0.00,400.00,0,0,0
2023-08-25T12:06:06Z,24.32,47.48,99,60,39.94,100.90,0.00,400.00,null,null,null
2023-08-25T12:07:06Z,24.35,47.29,99,61,41.92,100.90,0.00,400.00,null,null,null
2023-08-25T12:08:06Z,24.33,47.38,99,62,39.53,100.90,0.00,400.00,null,null,null
2023-08-25T12:09:06Z,24.35,47.31,99,63,41.43,100.90,0.00,400.00,null,null,null
2023-08-25T12:10:06Z,24.35,47.50,99,65,40.10,100.90,0.00,400.00,0,1,1
2023-08-25T12:11:06Z,24.35,47.41,99,66,40.28,100.90,0.00,400.00,null,null,null
2023-08-25T12:12:06Z,24.37,47.37,99,66,39.66,100.89,0.00,400.00,null,null,null
2023-08-25T12:13:06Z,24.35,47.38,99,68,41.26,100.90,0.00,400.00,null,null,null
2023-08-25T12:14:06Z,24.33,47.41,99,70,40.34,100.90,0.00,400.00,null,null,null
2023-08-25T12:15:06Z,24.35,47.48,99,72,40.29,100.90,0.00,400.00,0,2,2
2023-08-25T12:16:06Z,24.37,47.47,99,73,40.24,100.90,0.00,400.00,null,null,null
2023-08-25T12:17:06Z,24.37,47.25,99,74,40.05,100.90,0.00,400.00,null,null,null
2023-08-25T12:18:06Z,24.36,47.45,99,76,41.81,100.90,0.00,405.00,null,null,null
2023-08-25T12:19:06Z,24.36,47.54,99,77,40.49,100.90,0.00,400.00,null,null,null
2023-08-25T12:20:06Z,24.35,47.54,99,79,40.32,100.90,0.00,400.00,0,0,0
2023-08-25T12:21:06Z,24.37,47.67,99,81,41.40,100.89,0.00,400.00,null,null,null
2023-08-25T12:22:06Z,24.39,47.68,99,83,40.92,100.89,0.00,405.00,null,null,null
2023-08-25T12:23:06Z,24.36,47.63,99,85,38.88,100.90,0.00,405.00,null,null,null
2023-08-25T12:24:06Z,24.39,47.74,99,88,40.47,100.90,0.00,405.00,null,null,null
2023-08-25T12:25:06Z,24.39,47.77,99,91,43.30,100.90,0.00,405.00,0,0,0
2023-08-25T12:26:06Z,24.39,47.86,99,93,39.76,100.90,0.00,400.00,null,null,null
2023-08-25T12:27:06Z,24.40,47.80,99,96,41.58,100.90,0.00,403.00,null,null,null
2023-08-25T12:28:06Z,24.40,47.82,99,99,40.37,100.90,0.00,406.00,null,null,null
2023-08-25T12:29:06Z,24.40,47.88,99,100,40.56,100.89,0.00,406.00,null,null,null
2023-08-25T12:30:06Z,24.40,47.90,99,103,41.01,100.90,0.00,406.00,0,1,1
2023-08-25T12:31:06Z,24.42,47.82,99,108,39.11,100.90,0.00,406.00,null,null,null
2023-08-25T12:32:06Z,24.43,47.96,99,115,40.68,100.90,0.00,406.00,null,null,null
2023-08-25T12:33:06Z,24.43,47.94,99,121,41.08,100.90,0.00,406.00,null,null,null
2023-08-25T12:34:06Z,24.42,48.01,99,52,43.12,100.90,0.00,406.00,null,null,null
2023-08-25T12:35:06Z,24.40,48.00,99,46,40.74,100.91,0.00,406.00,0,1,1
2023-08-25T12:36:06Z,24.40,47.96,99,56,42.30,100.91,1.00,409.00,null,null,null
2023-08-25T12:37:06Z,24.44,48.00,99,128,41.24,100.91,1.00,409.00,null,null,null
2023-08-25T12:38:06Z,24.43,47.81,99,131,42.42,100.91,1.00,409.00,null,null,null
2023-08-25T12:39:06Z,24.43,47.81,99,126,40.64,100.91,1.00,409.00,null,null,null
2023-08-25T12:40:06Z,24.44,47.79,99,120,41.27,100.91,1.00,409.00,1,1,1
2023-08-25T12:41:06Z,24.42,47.77,99,53,41.41,100.91,1.00,409.00,null,null,null
2023-08-25T12:42:06Z,24.43,47.80,99,53,41.39,100.91,1.00,409.00,null,null,null
2023-08-25T12:43:06Z,24.43,47.71,99,139,41.96,100.91,1.00,409.00,null,null,null
2023-08-25T12:44:06Z,24.44,47.59,99,107,39.77,100.91,2.00,415.00,null,null,null
2023-08-25T12:45:06Z,24.42,47.63,99,45,56.55,100.91,1.00,411.00,0,1,4
2023-08-25T12:46:06Z,24.44,47.60,99,49,41.04,100.91,2.00,415.00,null,null,null
2023-08-25T12:47:06Z,24.44,47.56,99,52,41.00,100.91,2.00,415.00,null,null,null
2023-08-25T12:48:06Z,24.46,47.68,99,50,40.20,100.92,2.00,415.00,null,null,null
2023-08-25T12:49:06Z,24.47,47.63,99,53,41.37,100.91,2.00,415.00,null,null,null
2023-08-25T12:50:06Z,24.46,47.53,99,153,39.43,100.91,1.00,411.00,1,1,1
2023-08-25T12:51:06Z,24.46,47.52,99,171,41.24,100.91,1.00,411.00,null,null,null
2023-08-25T12:52:06Z,24.46,47.56,99,65,42.56,100.91,1.00,411.00,null,null,null
2023-08-25T12:53:06Z,24.47,47.79,99,45,41.15,100.91,1.00,411.00,null,null,null
2023-08-25T12:54:06Z,24.47,47.65,99,47,40.60,100.91,0.00,406.00,null,null,null
2023-08-25T12:55:06Z,24.43,47.69,99,143,39.95,100.91,2.00,415.00,1,1,2
2023-08-25T12:56:06Z,24.46,47.62,99,45,39.76,100.91,1.00,411.00,null,null,null
2023-08-25T12:57:06Z,24.44,47.66,99,148,41.31,100.91,1.00,411.00,null,null,null
2023-08-25T12:58:06Z,24.46,47.58,99,150,39.99,100.90,2.00,415.00,null,null,null
2023-08-25T12:59:06Z,24.44,47.58,99,159,39.63,100.90,1.00,411.00,null,null,null
2023-08-25T13:00:06Z,24.43,47.50,99,110,40.25,100.90,1.00,411.00,0,1,1
2023-08-25T13:01:06Z,24.44,47.50,99,142,41.26,100.90,1.00,409.00,null,null,null
2023-08-25T13:02:06Z,24.44,47.43,99,139,40.12,100.91,1.00,409.00,null,null,null
2023-08-25T13:03:06Z,24.43,47.53,99,147,41.36,100.90,1.00,409.00,null,null,null
2023-08-25T13:04:06Z,24.44,47.58,99,40,40.48,100.90,1.00,409.00,null,null,null
2023-08-25T13:05:06Z,24.42,47.59,99,37,39.65,100.90,0.00,406.00,0,1,1
2023-08-25T13:06:06Z,24.44,47.71,99,95,41.62,100.90,0.00,406.00,null,null,null
2023-08-25T13:07:06Z,24.46,47.58,99,162,41.60,100.90,1.00,409.00,null,null,null
2023-08-25T13:08:06Z,24.46,47.72,99,163,40.08,100.89,1.00,411.00,null,null,null
2023-08-25T13:09:06Z,24.44,47.63,99,42,41.00,100.90,1.00,411.00,null,null,null
2023-08-25T13:10:06Z,24.46,47.66,99,42,39.94,100.90,1.00,409.00,0,1,1
2023-08-25T13:11:06Z,24.44,47.68,99,137,40.91,100.90,1.00,409.00,null,null,null
2023-08-25T13:12:06Z,24.46,47.69,99,75,44.11,100.90,1.00,411.00,null,null,null
2023-08-25T13:13:06Z,24.46,47.73,99,42,41.68,100.90,1.00,411.00,null,null,null
2023-08-25T13:14:06Z,24.44,47.60,99,105,41.84,100.89,1.00,411.00,null,null,null
2023-08-25T13:15:06Z,24.44,47.69,99,45,41.26,100.90,1.00,411.00,1,2,3
2023-08-25T13:16:06Z,24.44,47.60,99,52,40.46,100.90,1.00,411.00,null,null,null
2023-08-25T13:17:06Z,24.46,47.63,99,195,42.50,100.90,2.00,415.00,null,null,null
2023-08-25T13:18:06Z,24.46,47.59,99,49,40.60,100.90,1.00,411.00,null,null,null
2023-08-25T13:19:06Z,24.46,47.53,99,201,41.02,100.89,1.00,411.00,null,null,null
2023-08-25T13:20:06Z,24.47,47.46,99,82,40.70,100.90,1.00,411.00,0,0,0
2023-08-25T13:21:06Z,24.47,47.42,99,208,40.91,100.89,1.00,411.00,null,null,null
2023-08-25T13:22:06Z,24.47,47.32,99,208,40.94,100.88,1.00,409.00,null,null,null
2023-08-25T13:23:06Z,24.49,47.44,99,45,40.74,100.89,0.00,406.00,null,null,null
2023-08-25T13:24:06Z,24.47,47.39,99,43,41.48,100.89,0.00,401.00,null,null,null
2023-08-25T13:25:06Z,24.49,47.39,99,49,41.11,100.89,0.00,401.00,1,2,3
2023-08-25T13:26:06Z,24.46,47.41,99,215,40.16,100.89,0.00,401.00,null,null,null
2023-08-25T13:27:06Z,24.49,47.26,99,216,39.13,100.88,0.00,406.00,null,null,null
2023-08-25T13:28:06Z,24.49,47.38,99,87,41.16,100.89,0.00,406.00,null,null,null
2023-08-25T13:29:06Z,24.49,47.29,99,221,40.08,100.88,0.00,401.00,null,null,null
2023-08-25T13:30:06Z,24.47,47.41,99,221,39.38,100.88,0.00,406.00,0,1,1
2023-08-25T13:31:06Z,24.49,47.56,99,222,40.28,100.87,0.00,401.00,null,null,null
2023-08-25T13:32:06Z,24.50,47.60,99,223,40.09,100.88,0.00,406.00,null,null,null
2023-08-25T13:33:06Z,24.49,47.55,99,153,40.55,100.88,0.00,406.00,null,null,null
2023-08-25T13:34:06Z,24.50,47.59,99,227,40.19,100.88,0.00,406.00,null,null,null
2023-08-25T13:35:06Z,24.49,47.67,99,228,40.61,100.88,0.00,406.00,0,0,0
2023-08-25T13:36:06Z,24.52,47.74,99,230,41.21,100.88,0.00,406.00,null,null,null
2023-08-25T13:37:06Z,24.50,47.58,99,232,39.80,100.88,0.00,406.00,null,null,null
2023-08-25T13:38:06Z,24.50,47.68,99,237,39.48,100.87,0.00,406.00,null,null,null
2023-08-25T13:39:06Z,24.53,47.65,99,238,40.36,100.88,0.00,406.00,null,null,null
2023-08-25T13:40:06Z,24.50,47.64,99,240,40.89,100.87,1.00,409.00,0,1,1
2023-08-25T13:41:06Z,24.53,47.65,99,243,40.29,100.87,0.00,406.00,null,null,null
2023-08-25T13:42:06Z,24.55,47.46,99,246,40.70,100.87,1.00,409.00,null,null,null
2023-08-25T13:43:06Z,24.55,47.54,99,249,41.92,100.88,1.00,409.00,null,null,null
2023-08-25T13:44:06Z,24.55,47.52,99,252,40.43,100.88,1.00,409.00,null,null,null
2023-08-25T13:45:06Z,24.53,47.61,99,258,39.48,100.87,1.00,409.00,1,1,1
2023-08-25T13:46:06Z,24.56,47.71,99,116,40.57,100.88,1.00,409.00,null,null,null
2023-08-25T13:47:06Z,24.56,47.64,99,216,39.83,100.87,1.00,409.00,null,null,null
2023-08-25T13:48:06Z,24.56,47.47,99,63,40.92,100.87,0.00,406.00,null,null,null
2023-08-25T13:49:06Z,24.53,47.42,99,266,40.66,100.86,0.00,406.00,null,null,null
2023-08-25T13:50:06Z,24.53,47.71,99,271,40.21,100.86,1.00,409.00,1,1,1
2023-08-25T13:51:06Z,24.56,47.87,99,275,40.71,100.86,1.00,409.00,null,null,null
2023-08-25T13:52:06Z,24.57,47.87,99,281,40.10,100.85,0.00,406.00,null,null,null
2023-08-25T13:53:06Z,24.59,47.92,99,49,41.17,100.87,0.00,403.00,null,null,null
2023-08-25T13:54:06Z,24.59,47.87,99,35,40.31,100.87,0.00,403.00,null,null,null
2023-08-25T13:55:06Z,24.59,48.01,99,31,40.06,100.87,0.00,403.00,0,1,1
2023-08-25T13:56:06Z,24.56,48.08,99,34,40.82,100.86,0.00,403.00,null,null,null
2023-08-25T13:57:06Z,24.57,47.96,99,36,41.15,100.86,0.00,403.00,null,null,null
2023-08-25T13:58:06Z,24.59,47.67,99,39,40.75,100.87,0.00,406.00,null,null,null
2023-08-25T13:59:06Z,24.60,47.81,99,55,40.63,100.86,1.00,411.00,null,null,null
2023-08-25T14:00:06Z,24.57,47.70,99,56,41.05,100.86,0.00,403.00,1,2,3
2023-08-25T14:01:06Z,24.57,47.82,99,205,40.89,100.86,1.00,409.00,null,null,null
2023-08-25T14:02:06Z,24.57,47.74,99,59,41.80,100.87,0.00,403.00,null,null,null
2023-08-25T14:03:06Z,24.62,47.72,99,43,40.71,100.87,1.00,409.00,null,null,null
2023-08-25T14:04:06Z,24.60,47.87,99,47,41.73,100.86,0.00,403.00,null,null,null
2023-08-25T14:05:06Z,24.59,47.92,99,35,41.57,100.87,0.00,403.00,0,1,1
2023-08-25T14:06:06Z,24.59,47.98,99,32,40.66,100.87,0.00,400.00,null,null,null
2023-08-25T14:07:06Z,24.60,48.04,99,28,40.75,100.87,0.00,403.00,null,null,null
2023-08-25T14:08:06Z,24.62,48.06,99,26,41.07,100.87,0.00,403.00,null,null,null
2023-08-25T14:09:06Z,24.62,47.93,99,25,40.19,100.87,0.00,406.00,null,null,null
2023-08-25T14:10:06Z,24.60,48.03,99,23,40.49,100.87,0.00,403.00,1,2,3
2023-08-25T14:11:06Z,24.57,48.14,99,24,40.94,100.88,0.00,403.00,null,null,null
2023-08-25T14:12:06Z,24.60,48.03,99,25,40.15,100.87,0.00,406.00,null,null,null
2023-08-25T14:13:06Z,24.59,48.04,99,27,41.10,100.87,0.00,406.00,null,null,null
2023-08-25T14:14:06Z,24.62,48.09,99,29,40.49,100.87,0.00,406.00,null,null,null
2023-08-25T14:15:06Z,24.60,48.13,99,31,39.95,100.88,0.00,406.00,1,2,3
2023-08-25T14:16:06Z,24.60,48.06,99,33,41.84,100.86,0.00,406.00,null,null,null
2023-08-25T14:17:06Z,24.62,48.11,99,36,41.57,100.87,0.00,406.00,null,null,null
2023-08-25T14:18:06Z,24.63,47.98,99,42,40.32,100.86,1.00,409.00,null,null,null
2023-08-25T14:19:06Z,24.63,47.85,99,45,40.75,100.86,1.00,409.00,null,null,null
2023-08-25T14:20:06Z,24.63,47.95,99,45,41.16,100.86,0.00,406.00,1,3,4
2023-08-25T14:21:06Z,24.64,47.96,99,47,44.10,100.86,0.00,406.00,null,null,null
2023-08-25T14:22:06Z,24.63,47.99,99,50,41.23,100.86,0.00,406.00,null,null,null
2023-08-25T14:23:06Z,24.64,47.91,99,55,40.13,100.86,0.00,406.00,null,null,null
2023-08-25T14:24:06Z,24.63,48.08,99,65,39.73,100.86,0.00,406.00,null,null,null
2023-08-25T14:25:06Z,24.63,48.19,99,75,40.27,100.86,0.00,406.00,1,3,3
2023-08-25T14:26:06Z,24.64,48.09,99,82,40.50,100.85,0.00,406.00,null,null,null
2023-08-25T14:27:06Z,24.66,48.09,99,263,40.41,100.84,0.00,406.00,null,null,null
2023-08-25T14:28:06Z,24.66,47.98,99,352,40.95,100.83,0.00,406.00,null,null,null
2023-08-25T14:29:06Z,24.64,47.95,99,351,40.08,100.83,0.00,406.00,null,null,null
2023-08-25T14:30:06Z,24.66,47.99,99,260,40.87,100.84,0.00,406.00,1,2,2
2023-08-25T14:31:06Z,24.66,48.15,99,69,41.24,100.84,0.00,406.00,null,null,null
2023-08-25T14:32:06Z,24.67,48.19,99,83,39.81,100.84,0.00,406.00,null,null,null
2023-08-25T14:33:06Z,24.69,48.22,99,69,39.37,100.83,0.00,406.00,null,null,null
2023-08-25T14:34:06Z,24.67,48.07,99,134,40.15,100.83,1.00,409.00,null,null,null
2023-08-25T14:35:06Z,24.64,47.94,99,247,40.03,100.83,1.00,409.00,0,2,2
2023-08-25T14:36:06Z,24.69,48.14,99,420,39.76,100.82,0.00,406.00,null,null,null
2023-08-25T14:37:06Z,24.70,48.00,99,213,40.63,100.82,1.00,409.00,null,null,null
2023-08-25T14:38:06Z,24.67,47.90,99,390,40.34,100.81,1.00,409.00,null,null,null
2023-08-25T14:39:06Z,24.67,48.03,99,380,40.58,100.81,1.00,409.00,null,null,null
2023-08-25T14:40:06Z,24.70,47.97,99,379,39.84,100.81,0.00,406.00,0,1,1
2023-08-25T14:41:06Z,24.67,48.08,99,382,40.61,100.81,0.00,406.00,null,null,null
2023-08-25T14:42:06Z,24.72,47.96,99,394,40.55,100.80,0.00,406.00,null,null,null
2023-08-25T14:43:06Z,24.73,48.13,99,394,41.17,100.81,0.00,406.00,null,null,null
2023-08-25T14:44:06Z,24.73,48.17,99,395,41.08,100.81,0.00,406.00,null,null,null
2023-08-25T14:45:06Z,24.73,48.08,99,353,41.48,100.80,0.00,406.00,0,1,1
2023-08-25T14:46:06Z,24.76,48.06,99,397,40.32,100.80,0.00,406.00,null,null,null
2023-08-25T14:47:06Z,24.74,48.14,99,400,39.52,100.80,0.00,400.00,null,null,null
2023-08-25T14:48:06Z,24.76,48.29,99,366,41.10,100.80,0.00,400.00,null,null,null
2023-08-25T14:49:06Z,24.76,48.29,99,388,40.53,100.80,0.00,400.00,null,null,null
2023-08-25T14:50:06Z,24.73,48.30,99,42,40.42,100.81,0.00,400.00,0,1,2
2023-08-25T14:51:06Z,24.74,48.47,99,36,42.89,100.81,0.00,400.00,null,null,null
2023-08-25T14:52:06Z,24.76,48.49,99,34,40.33,100.81,0.00,403.00,null,null,null
2023-08-25T14:53:06Z,24.74,48.42,99,33,39.91,100.81,0.00,400.00,null,null,null
2023-08-25T14:54:06Z,24.76,48.46,99,37,41.12,100.81,0.00,403.00,null,null,null
2023-08-25T14:55:06Z,24.74,48.49,99,51,39.42,100.81,0.00,403.00,0,1,1
2023-08-25T14:56:06Z,24.76,48.45,99,40,41.93,100.81,0.00,403.00,null,null,null
2023-08-25T14:57:06Z,24.77,48.15,99,44,40.27,100.81,0.00,400.00,null,null,null
2023-08-25T14:58:06Z,24.79,48.09,99,67,40.41,100.80,0.00,405.00,null,null,null
2023-08-25T14:59:06Z,24.80,48.16,99,75,40.36,100.81,0.00,405.00,null,null,null
2023-08-25T15:00:06Z,24.77,48.16,99,417,40.85,100.79,0.00,405.00,1,1,1
2023-08-25T15:01:06Z,24.80,48.08,99,55,42.00,100.80,0.00,405.00,null,null,null
2023-08-25T15:02:06Z,24.77,48.14,99,46,40.40,100.81,0.00,400.00,null,null,null
2023-08-25T15:03:06Z,24.80,48.05,99,174,41.18,100.80,0.00,400.00,null,null,null
2023-08-25T15:04:06Z,24.80,48.14,99,58,40.99,100.80,0.00,405.00,null,null,null
2023-08-25T15:05:06Z,24.80,48.17,99,50,39.92,100.80,0.00,405.00,1,2,2
2023-08-25T15:06:06Z,24.79,48.04,99,53,40.69,100.80,0.00,400.00,null,null,null
2023-08-25T15:07:06Z,24.80,48.18,99,69,41.24,100.80,0.00,400.00,null,null,null
2023-08-25T15:08:06Z,24.82,48.05,99,377,40.19,100.80,0.00,405.00,null,null,null
2023-08-25T15:09:06Z,24.82,47.98,99,381,40.14,100.80,0.00,405.00,null,null,null
2023-08-25T15:10:06Z,24.82,48.15,99,45,41.01,100.80,0.00,405.00,1,1,1
2023-08-25T15:11:06Z,24.82,48.11,99,42,42.44,100.81,0.00,400.00,null,null,null
2023-08-25T15:12:06Z,24.82,48.17,99,39,41.08,100.80,0.00,405.00,null,null,null
2023-08-25T15:13:06Z,24.83,48.25,99,38,40.74,100.81,0.00,405.00,null,null,null
2023-08-25T15:14:06Z,24.82,48.29,99,45,40.88,100.80,0.00,400.00,null,null,null
2023-08-25T15:15:06Z,24.82,48.25,99,81,41.69,100.80,0.00,400.00,1,2,2
2023-08-25T15:16:06Z,24.82,48.24,99,332,40.89,100.79,0.00,400.00,null,null,null
2023-08-25T15:17:06Z,24.83,48.28,99,328,41.13,100.79,0.00,400.00,null,null,null
2023-08-25T15:18:06Z,24.84,48.37,99,154,39.82,100.80,0.00,403.00,null,null,null
2023-08-25T15:19:06Z,24.83,48.44,99,116,40.16,100.79,0.00,403.00,null,null,null
2023-08-25T15:20:06Z,24.83,48.30,99,44,42.05,100.79,0.00,403.00,1,1,1
2023-08-25T15:21:06Z,24.83,48.34,99,40,48.88,100.79,0.00,403.00,null,null,null
2023-08-25T15:22:06Z,24.86,48.28,99,191,57.14,100.79,0.00,400.00,null,null,null
2023-08-25T15:23:06Z,24.83,48.14,99,97,63.64,100.79,1.00,408.00,null,null,null
2023-08-25T15:24:06Z,24.83,48.05,99,158,41.07,100.78,0.00,405.00,null,null,null
2023-08-25T15:25:06Z,24.83,48.08,99,216,40.91,100.78,0.00,400.00,1,1,3
2023-08-25T15:26:06Z,24.84,48.05,99,202,41.06,100.78,0.00,400.00,null,null,null
2023-08-25T15:27:06Z,24.83,48.07,99,202,40.48,100.78,0.00,400.00,null,null,null
2023-08-25T15:28:06Z,24.83,48.06,99,153,55.06,100.78,0.00,400.00,null,null,null
2023-08-25T15:29:06Z,24.83,48.17,99,206,63.81,100.78,0.00,402.00,null,null,null
2023-08-25T15:30:06Z,24.80,48.11,99,221,40.53,100.78,0.00,400.00,1,3,3
2023-08-25T15:31:06Z,24.83,48.20,99,219,39.49,100.78,0.00,400.00,null,null,null
2023-08-25T15:32:06Z,24.86,48.14,99,220,40.93,100.77,0.00,402.00,null,null,null
2023-08-25T15:33:06Z,24.83,48.10,99,163,40.65,100.78,0.00,400.00,null,null,null
2023-08-25T15:34:06Z,24.86,48.10,99,148,40.84,100.78,0.00,400.00,null,null,null
2023-08-25T15:35:06Z,24.84,47.94,99,146,40.74,100.78,0.00,400.00,1,5,5
2023-08-25T15:36:06Z,24.84,47.87,99,108,46.37,100.78,0.00,400.00,null,null,null
2023-08-25T15:37:06Z,24.87,47.96,99,104,43.30,100.78,0.00,403.00,null,null,null
2023-08-25T15:38:06Z,24.86,48.31,99,128,41.33,100.77,0.00,400.00,null,null,null
2023-08-25T15:39:06Z,24.87,48.58,99,167,41.17,100.77,0.00,400.00,null,null,null
2023-08-25T15:40:06Z,24.88,48.27,99,191,51.39,100.76,0.00,402.00,2,5,5
2023-08-25T15:41:06Z,24.88,48.45,99,192,54.19,100.76,0.00,400.00,null,null,null
2023-08-25T15:42:06Z,24.88,48.39,99,185,41.29,100.76,1.00,407.00,null,null,null
2023-08-25T15:43:06Z,24.90,48.43,99,206,42.69,100.76,1.00,407.00,null,null,null
2023-08-25T15:44:06Z,24.88,48.59,99,177,44.13,100.76,1.00,407.00,null,null,null
2023-08-25T15:45:06Z,24.88,48.70,99,90,42.23,100.77,1.00,410.00,3,6,12
2023-08-25T15:46:06Z,24.90,48.53,99,111,41.27,100.76,1.00,407.00,null,null,null
2023-08-25T15:47:06Z,24.91,48.49,99,59,43.03,100.77,2.00,415.00,null,null,null
2023-08-25T15:48:06Z,24.91,48.43,99,50,41.75,100.77,2.00,415.00,null,null,null
2023-08-25T15:49:06Z,24.90,48.35,99,58,45.53,100.77,2.00,415.00,null,null,null
2023-08-25T15:50:06Z,24.91,48.39,99,156,41.09,100.78,2.00,415.00,3,4,4
2023-08-25T15:51:06Z,24.90,48.43,99,151,41.13,100.77,1.00,410.00,null,null,null
2023-08-25T15:52:06Z,24.91,48.46,99,62,41.69,100.78,2.00,415.00,null,null,null
2023-08-25T15:53:06Z,24.88,48.22,99,54,41.73,100.77,2.00,415.00,null,null,null
2023-08-25T15:54:06Z,24.88,48.12,99,51,42.16,100.77,2.00,415.00,null,null,null
2023-08-25T15:55:06Z,24.87,48.25,99,53,40.62,100.77,2.00,415.00,3,6,8
2023-08-25T15:56:06Z,24.88,48.25,99,65,40.43,100.77,2.00,415.00,null,null,null
2023-08-25T15:57:06Z,24.93,48.22,99,50,40.20,100.77,1.00,407.00,null,null,null
2023-08-25T15:58:06Z,24.88,48.13,99,50,40.25,100.77,1.00,411.00,null,null,null
2023-08-25T15:59:06Z,24.88,48.20,99,76,40.84,100.77,1.00,411.00,null,null,null
2023-08-25T16:00:06Z,24.86,48.28,99,67,40.37,100.76,1.00,411.00,3,6,6
2023-08-25T16:01:06Z,24.87,48.33,99,80,40.38,100.76,1.00,411.00,null,null,null
2023-08-25T16:02:06Z,24.88,48.36,99,76,41.78,100.76,1.00,407.00,null,null,null
2023-08-25T16:03:06Z,24.90,48.40,99,69,40.54,100.76,1.00,407.00,null,null,null
2023-08-25T16:04:06Z,24.88,48.43,99,55,40.09,100.76,1.00,407.00,null,null,null
2023-08-25T16:05:06Z,24.87,48.45,99,42,39.94,100.76,1.00,407.00,2,3,3
2023-08-25T16:06:06Z,24.91,48.45,99,40,41.27,100.77,1.00,407.00,null,null,null
2023-08-25T16:07:06Z,24.90,48.26,99,39,40.86,100.76,0.00,402.00,null,null,null
2023-08-25T16:08:06Z,24.91,48.26,99,36,41.54,100.77,1.00,407.00,null,null,null
2023-08-25T16:09:06Z,24.90,48.30,99,39,40.90,100.76,1.00,407.00,null,null,null
2023-08-25T16:10:06Z,24.90,48.29,99,39,39.28,100.76,1.00,407.00,3,7,7
2023-08-25T16:11:06Z,24.87,48.25,99,41,42.07,100.76,0.00,400.00,null,null,null
2023-08-25T16:12:06Z,24.88,48.26,99,38,40.57,100.76,0.00,402.00,null,null,null
2023-08-25T16:13:06Z,24.88,48.30,99,39,40.37,100.76,1.00,407.00,null,null,null
2023-08-25T16:14:06Z,24.88,48.32,99,37,39.78,100.77,0.00,402.00,null,null,null
2023-08-25T16:15:06Z,24.87,48.34,99,34,41.16,100.77,0.00,402.00,3,8,10
2023-08-25T16:16:06Z,24.88,48.27,99,31,41.90,100.77,0.00,402.00,null,null,null
2023-08-25T16:17:06Z,24.87,48.40,99,27,40.11,100.77,0.00,402.00,null,null,null
2023-08-25T16:18:06Z,24.90,48.33,99,26,40.64,100.77,0.00,402.00,null,null,null
2023-08-25T16:19:06Z,24.88,48.36,99,24,42.26,100.77,0.00,402.00,null,null,null
2023-08-25T16:20:06Z,24.88,48.30,99,25,40.90,100.76,0.00,400.00,2,5,5
2023-08-25T16:21:06Z,24.88,48.37,99,26,40.55,100.76,0.00,400.00,null,null,null
2023-08-25T16:22:06Z,24.90,48.39,99,27,41.11,100.77,0.00,402.00,null,null,null
2023-08-25T16:23:06Z,24.91,48.28,99,27,40.78,100.76,0.00,402.00,null,null,null
2023-08-25T16:24:06Z,24.90,48.30,99,27,41.59,100.76,0.00,400.00,null,null,null
2023-08-25T16:25:06Z,24.87,48.27,99,29,40.59,100.77,0.00,400.00,2,4,4
2023-08-25T16:26:06Z,24.88,48.27,99,30,40.46,100.76,0.00,400.00,null,null,null
2023-08-25T16:27:06Z,24.90,48.26,99,31,41.44,100.76,0.00,400.00,null,null,null
2023-08-25T16:28:06Z,24.88,48.26,99,32,41.06,100.76,0.00,400.00,null,null,null
2023-08-25T16:29:06Z,24.87,48.28,99,32,41.65,100.76,0.00,400.00,null,null,null
2023-08-25T16:30:06Z,24.86,48.41,99,30,41.09,100.76,1.00,408.00,2,5,6
2023-08-25T16:31:06Z,24.87,48.61,99,29,46.47,100.76,0.00,403.00,null,null,null
2023-08-25T16:32:06Z,24.91,49.17,99,29,40.03,100.77,0.00,403.00,null,null,null
2023-08-25T16:33:06Z,24.88,48.94,99,28,43.14,100.77,0.00,400.00,null,null,null
2023-08-25T16:34:06Z,24.88,48.89,99,28,41.82,100.76,0.00,402.00,null,null,null
2023-08-25T16:35:06Z,24.90,49.17,99,26,39.50,100.77,0.00,402.00,3,6,7
2023-08-25T16:36:06Z,24.90,48.93,99,25,40.81,100.77,0.00,402.00,null,null,null
2023-08-25T16:37:06Z,24.90,48.66,99,24,41.11,100.77,0.00,402.00,null,null,null
2023-08-25T16:38:06Z,24.88,48.65,99,24,41.38,100.77,1.00,408.00,null,null,null
2023-08-25T16:39:06Z,24.90,48.74,99,23,41.97,100.77,1.00,413.00,null,null,null
2023-08-25T16:40:06Z,24.88,48.68,99,22,41.86,100.77,1.00,408.00,2,3,3
2023-08-25T16:41:06Z,24.91,48.72,99,20,46.07,100.77,1.00,413.00,null,null,null
2023-08-25T16:42:06Z,24.91,48.77,99,20,41.48,100.77,1.00,413.00,null,null,null
2023-08-25T16:43:06Z,24.87,48.69,99,19,40.50,100.77,1.00,410.00,null,null,null
2023-08-25T16:44:06Z,24.88,48.82,99,18,40.75,100.77,2.00,416.00,null,null,null
2023-08-25T16:45:06Z,24.88,48.86,99,18,41.59,100.77,1.00,410.00,6,10,14
2023-08-25T16:46:06Z,24.90,48.96,99,22,42.78,100.77,1.00,410.00,null,null,null
2023-08-25T16:47:06Z,24.91,48.93,99,21,40.73,100.77,2.00,415.00,null,null,null
2023-08-25T16:48:06Z,24.91,49.03,99,23,48.96,100.77,2.00,415.00,null,null,null
2023-08-25T16:49:06Z,24.90,49.10,99,23,41.29,100.77,2.00,415.00,null,null,null
2023-08-25T16:50:06Z,24.90,49.22,99,23,41.19,100.77,2.00,418.00,8,12,13
2023-08-25T16:51:06Z,24.91,49.13,99,21,41.42,100.77,2.00,418.00,null,null,null
2023-08-25T16:52:06Z,24.95,49.22,99,18,41.53,100.77,3.00,421.00,null,null,null
2023-08-25T16:53:06Z,24.93,49.37,99,15,40.54,100.77,3.00,425.00,null,null,null
2023-08-25T16:54:06Z,24.93,49.57,99,13,41.58,100.77,3.00,421.00,null,null,null
2023-08-25T16:55:06Z,24.93,49.51,99,10,44.37,100.77,3.00,424.00,6,11,11
2023-08-25T16:56:06Z,24.91,49.35,99,9,40.55,100.77,3.00,424.00,null,null,null
2023-08-25T16:57:06Z,24.93,49.29,99,8,42.03,100.77,3.00,424.00,null,null,null
2023-08-25T16:58:06Z,24.94,49.22,99,7,40.86,100.77,3.00,424.00,null,null,null
2023-08-25T16:59:06Z,24.91,49.29,99,7,41.57,100.77,4.00,428.00,null,null,null
2023-08-25T17:00:06Z,24.93,49.39,99,6,40.35,100.77,4.00,428.00,5,10,10
2023-08-25T17:01:06Z,24.90,49.48,99,6,42.58,100.77,4.00,428.00,null,null,null
2023-08-25T17:02:06Z,24.93,49.48,99,6,42.15,100.78,5.00,434.00,null,null,null
2023-08-25T17:03:06Z,24.94,49.56,99,6,42.99,100.78,5.00,434.00,null,null,null
2023-08-25T17:04:06Z,24.94,49.59,99,6,40.88,100.78,5.00,436.00,null,null,null
2023-08-25T17:05:06Z,24.93,49.64,99,6,42.17,100.78,5.00,436.00,4,7,7
2023-08-25T17:06:06Z,24.91,49.69,99,6,42.84,100.78,6.00,442.00,null,null,null
2023-08-25T17:07:06Z,24.93,49.71,99,6,40.41,100.78,6.00,445.00,null,null,null
2023-08-25T17:08:06Z,24.91,49.89,99,6,42.39,100.78,6.00,445.00,null,null,null
2023-08-25T17:09:06Z,24.93,49.83,99,6,41.00,100.78,5.00,439.00,null,null,null
2023-08-25T17:10:06Z,24.93,49.90,99,6,46.16,100.79,6.00,444.00,4,7,8
2023-08-25T17:11:06Z,24.93,49.97,99,6,41.68,100.78,6.00,444.00,null,null,null
2023-08-25T17:12:06Z,24.93,50.06,99,7,44.41,100.78,7.00,447.00,null,null,null
2023-08-25T17:13:06Z,24.94,50.04,99,6,40.38,100.79,7.00,447.00,null,null,null
2023-08-25T17:14:06Z,24.93,50.16,99,6,45.39,100.78,7.00,447.00,null,null,null
2023-08-25T17:15:06Z,24.93,50.13,99,6,40.82,100.79,7.00,447.00,5,8,12
2023-08-25T17:16:06Z,24.94,50.17,99,6,44.16,100.79,7.00,447.00,null,null,null
2023-08-25T17:17:06Z,24.93,50.27,99,6,40.28,100.78,7.00,450.00,null,null,null
2023-08-25T17:18:06Z,24.94,50.23,99,6,40.35,100.79,7.00,448.00,null,null,null
2023-08-25T17:19:06Z,24.94,50.33,99,6,39.33,100.78,7.00,448.00,null,null,null
2023-08-25T17:20:06Z,24.93,50.43,99,6,41.95,100.79,8.00,454.00,7,12,12
2023-08-25T17:21:06Z,24.95,50.43,99,6,48.36,100.79,8.00,454.00,null,null,null
2023-08-25T17:22:06Z,24.95,50.53,99,5,null,100.78,8.00,459.00,null,null,null
2023-08-25T17:23:06Z,24.94,50.55,99,4,40.64,100.79,9.00,462.00,null,null,null
2023-08-25T17:24:06Z,24.93,50.53,99,6,48.40,100.79,9.00,464.00,null,null,null
2023-08-25T17:25:06Z,24.95,50.60,99,4,40.93,100.78,10.00,472.00,9,16,18
2023-08-25T17:26:06Z,24.95,50.64,99,4,41.57,100.78,11.00,476.00,null,null,null
2023-08-25T17:27:06Z,24.97,50.56,99,6,40.37,100.78,11.00,476.00,null,null,null
2023-08-25T17:28:06Z,24.95,50.65,99,6,42.45,100.78,12.00,481.00,null,null,null
2023-08-25T17:29:06Z,24.94,50.72,99,5,41.72,100.79,13.00,486.00,null,null,null
2023-08-25T17:30:06Z,24.94,50.77,99,7,40.96,100.78,13.00,491.00,7,12,15
2023-08-25T17:31:06Z,24.95,50.80,99,6,41.22,100.79,12.00,485.00,null,null,null
2023-08-25T17:32:06Z,24.95,50.82,99,4,40.69,100.78,13.00,487.00,null,null,null
2023-08-25T17:33:06Z,24.97,50.82,99,3,41.94,100.78,14.00,493.00,null,null,null
2023-08-25T17:34:06Z,24.95,50.93,99,15,52.32,100.78,14.00,498.00,null,null,null
2023-08-25T17:35:06Z,24.97,50.96,99,13,58.58,100.78,14.00,498.00,3,6,6
2023-08-25T17:36:06Z,24.97,50.92,99,13,46.72,100.78,15.00,502.00,null,null,null
2023-08-25T17:37:06Z,24.94,50.94,99,12,49.14,100.78,16.00,506.00,null,null,null
2023-08-25T17:38:06Z,24.94,50.99,99,11,50.81,100.78,17.00,517.00,null,null,null
2023-08-25T17:39:06Z,24.97,50.94,99,11,53.73,100.77,19.00,526.00,null,null,null
2023-08-25T17:40:06Z,24.95,50.90,99,12,51.08,100.78,18.00,519.00,5,10,12
2023-08-25T17:41:06Z,24.93,50.93,99,12,46.94,100.78,19.00,526.00,null,null,null
2023-08-25T17:42:06Z,24.93,50.83,99,12,48.12,100.77,19.00,526.00,null,null,null
2023-08-25T17:43:06Z,24.95,50.90,99,11,61.86,100.78,19.00,530.00,null,null,null
2023-08-25T17:44:06Z,24.94,50.93,99,11,47.78,100.78,19.00,530.00,null,null,null
2023-08-25T17:45:06Z,24.94,50.90,99,12,60.90,100.78,19.00,530.00,6,8,11
2023-08-25T17:46:06Z,24.93,50.93,99,12,47.88,100.78,20.00,536.00,null,null,null
2023-08-25T17:47:06Z,24.94,50.99,99,8,47.79,100.78,20.00,536.00,null,null,null
2023-08-25T17:48:06Z,24.94,51.06,99,7,45.64,100.77,21.00,540.00,null,null,null
2023-08-25T17:49:06Z,24.94,51.21,99,8,54.10,100.78,21.00,540.00,null,null,null
2023-08-25T17:50:06Z,24.91,51.09,99,7,47.37,100.78,23.00,552.00,6,8,8
2023-08-25T17:51:06Z,24.94,51.12,99,7,71.95,100.78,21.00,543.00,null,null,null
2023-08-25T17:52:06Z,24.95,51.21,99,7,64.57,100.78,23.00,552.00,null,null,null
2023-08-25T17:53:06Z,24.94,51.20,99,7,47.04,100.78,23.00,555.00,null,null,null
2023-08-25T17:54:06Z,24.94,51.23,99,7,45.57,100.78,23.00,555.00,null,null,null
2023-08-25T17:55:06Z,24.94,51.30,99,6,49.52,100.78,22.00,548.00,3,7,8
2023-08-25T17:56:06Z,24.94,51.33,99,6,48.91,100.78,22.00,545.00,null,null,null
2023-08-25T17:57:06Z,24.95,51.40,99,6,53.71,100.78,22.00,548.00,null,null,null
2023-08-25T17:58:06Z,24.94,51.41,99,6,42.30,100.79,23.00,552.00,null,null,null
2023-08-25T17:59:06Z,24.95,51.52,99,6,44.56,100.79,23.00,552.00,null,null,null
2023-08-25T18:00:06Z,24.91,51.50,99,7,56.32,100.79,23.00,552.00,3,5,5
2023-08-25T18:01:06Z,24.93,51.55,99,7,43.72,100.80,22.00,548.00,null,null,null
2023-08-25T18:02:06Z,24.94,51.50,99,7,56.83,100.80,23.00,552.00,null,null,null
2023-08-25T18:03:06Z,24.94,51.64,99,7,50.00,100.79,23.00,552.00,null,null,null
2023-08-25T18:04:06Z,24.93,51.78,99,7,42.30,100.81,22.00,548.00,null,null,null
2023-08-25T18:05:06Z,24.93,52.05,99,7,44.93,100.81,21.00,542.00,3,3,3
2023-08-25T18:06:06Z,24.94,52.18,99,7,50.56,100.81,22.00,546.00,null,null,null
2023-08-25T18:07:06Z,24.94,52.62,99,7,46.92,100.81,21.00,542.00,null,null,null
2023-08-25T18:08:06Z,24.94,52.67,99,7,41.30,100.81,20.00,536.00,null,null,null
2023-08-25T18:09:06Z,24.94,52.89,99,7,43.16,100.81,20.00,536.00,null,null,null
2023-08-25T18:10:06Z,24.93,53.01,99,7,50.96,100.81,19.00,530.00,2,5,5
2023-08-25T18:11:06Z,24.93,53.12,99,7,43.61,100.82,19.00,530.00,null,null,null
2023-08-25T18:12:06Z,24.91,53.52,99,7,40.64,100.82,19.00,530.00,null,null,null
2023-08-25T18:13:06Z,24.93,53.63,99,8,41.58,100.82,18.00,520.00,null,null,null
2023-08-25T18:14:06Z,24.90,53.65,99,8,41.88,100.82,18.00,520.00,null,null,null
2023-08-25T18:15:06Z,24.91,53.76,99,8,50.08,100.81,16.00,508.00,1,2,2
2023-08-25T18:16:06Z,24.90,53.92,99,8,41.17,100.82,16.00,508.00,null,null,null
2023-08-25T18:17:06Z,24.91,53.86,99,7,45.16,100.82,15.00,502.00,null,null,null
2023-08-25T18:18:06Z,24.90,53.98,99,7,48.67,100.81,15.00,500.00,null,null,null
2023-08-25T18:19:06Z,24.91,54.06,99,7,47.29,100.81,15.00,500.00,null,null,null
2023-08-25T18:20:06Z,24.91,53.89,99,7,42.91,100.81,15.00,500.00,3,4,4
2023-08-25T18:21:06Z,24.87,53.77,99,7,42.48,100.82,15.00,500.00,null,null,null
2023-08-25T18:22:06Z,24.90,53.70,99,7,42.99,100.81,15.00,500.00,null,null,null
2023-08-25T18:23:06Z,24.90,53.56,99,7,44.53,100.81,15.00,502.00,null,null,null
2023-08-25T18:24:06Z,24.88,53.64,99,7,42.70,100.81,15.00,505.00,null,null,null
2023-08-25T18:25:06Z,24.90,53.53,99,7,42.27,100.81,16.00,508.00,3,4,4
2023-08-25T18:26:06Z,24.88,53.45,99,7,47.55,100.82,15.00,505.00,null,null,null
2023-08-25T18:27:06Z,24.90,53.43,99,7,40.64,100.82,16.00,508.00,null,null,null
2023-08-25T18:28:06Z,24.88,53.50,99,7,41.13,100.82,16.00,508.00,null,null,null
2023-08-25T18:29:06Z,24.86,53.57,99,7,44.03,100.81,16.00,508.00,null,null,null
2023-08-25T18:30:06Z,24.86,53.53,99,7,46.91,100.81,18.00,520.00,6,10,10
2023-08-25T18:31:06Z,24.87,53.58,99,7,47.07,100.82,16.00,508.00,null,null,null
2023-08-25T18:32:06Z,24.88,53.60,99,7,41.77,100.82,18.00,520.00,null,null,null
2023-08-25T18:33:06Z,24.86,53.61,99,7,40.62,100.81,18.00,520.00,null,null,null
2023-08-25T18:34:06Z,24.86,53.58,99,7,45.41,100.81,16.00,508.00,null,null,null
2023-08-25T18:35:06Z,24.84,53.55,99,7,44.46,100.81,16.00,508.00,5,6,6
2023-08-25T18:36:06Z,24.84,53.51,99,7,41.09,100.81,16.00,508.00,null,null,null
2023-08-25T18:37:06Z,24.86,53.56,99,7,40.37,100.82,15.00,505.00,null,null,null
2023-08-25T18:38:06Z,24.86,53.53,99,7,40.63,100.82,15.00,505.00,null,null,null
2023-08-25T18:39:06Z,24.83,53.53,99,6,39.82,100.82,15.00,505.00,null,null,null
2023-08-25T18:40:06Z,24.82,53.52,99,6,40.68,100.82,15.00,501.00,2,5,5
2023-08-25T18:41:06Z,24.84,53.63,99,6,41.31,100.81,15.00,501.00,null,null,null
2023-08-25T18:42:06Z,24.83,53.58,99,6,40.69,100.82,14.00,496.00,null,null,null
2023-08-25T18:43:06Z,24.86,53.55,99,6,41.84,100.82,14.00,496.00,null,null,null
2023-08-25T18:44:06Z,24.84,53.62,99,6,40.69,100.82,14.00,492.00,null,null,null
2023-08-25T18:45:06Z,24.82,53.63,99,6,40.07,100.82,14.00,496.00,2,6,7
2023-08-25T18:46:06Z,24.82,53.61,99,6,42.57,100.82,14.00,492.00,null,null,null
2023-08-25T18:47:06Z,24.83,53.66,99,6,40.50,100.82,14.00,492.00,null,null,null
2023-08-25T18:48:06Z,24.83,53.62,99,6,40.16,100.82,14.00,492.00,null,null,null
2023-08-25T18:49:06Z,24.82,53.66,99,6,40.70,100.82,13.00,486.00,null,null,null
2023-08-25T18:50:06Z,24.82,53.63,99,6,46.26,100.82,13.00,486.00,2,4,4
2023-08-25T18:51:06Z,24.82,53.70,99,6,48.75,100.82,13.00,486.00,null,null,null
2023-08-25T18:52:06Z,24.83,53.72,99,6,42.09,100.82,13.00,486.00,null,null,null
2023-08-25T18:53:06Z,24.80,53.68,99,6,40.47,100.82,11.00,478.00,null,null,null
2023-08-25T18:54:06Z,24.80,53.72,99,6,42.54,100.83,12.00,483.00,null,null,null
2023-08-25T18:55:06Z,24.80,53.67,99,6,43.53,100.82,12.00,483.00,1,2,9
2023-08-25T18:56:06Z,24.80,53.77,99,6,53.68,100.83,11.00,478.00,null,null,null
2023-08-25T18:57:06Z,24.82,53.83,99,6,41.24,100.82,11.00,478.00,null,null,null
2023-08-25T18:58:06Z,24.83,53.94,99,6,47.49,100.83,11.00,478.00,null,null,null
2023-08-25T18:59:06Z,24.79,54.11,99,6,43.22,100.83,11.00,478.00,null,null,null
2023-08-25T19:00:06Z,24.80,54.03,99,6,41.52,100.83,11.00,478.00,1,5,5
2023-08-25T19:01:06Z,24.79,53.93,99,6,41.83,100.84,10.00,466.00,null,null,null
2023-08-25T19:02:06Z,24.79,53.81,99,6,43.49,100.84,11.00,473.00,null,null,null
2023-08-25T19:03:06Z,24.79,53.76,99,6,42.48,100.84,11.00,473.00,null,null,null
2023-08-25T19:04:06Z,24.77,53.76,99,6,47.07,100.84,10.00,466.00,null,null,null
2023-08-25T19:05:06Z,24.77,53.73,99,6,45.07,100.85,11.00,475.00,1,3,3
2023-08-25T19:06:06Z,24.74,53.73,99,6,43.61,100.84,10.00,466.00,null,null,null
2023-08-25T19:07:06Z,24.79,53.74,99,6,52.87,100.85,11.00,475.00,null,null,null
2023-08-25T19:08:06Z,24.77,53.88,99,6,52.01,100.85,10.00,470.00,null,null,null
2023-08-25T19:09:06Z,24.76,53.90,99,6,43.20,100.85,10.00,466.00,null,null,null
2023-08-25T19:10:06Z,24.77,53.98,99,6,41.98,100.86,9.00,463.00,1,1,1
2023-08-25T19:11:06Z,24.77,54.16,99,6,42.99,100.85,9.00,463.00,null,null,null
2023-08-25T19:12:06Z,24.76,54.30,99,6,41.81,100.85,9.00,463.00,null,null,null
2023-08-25T19:13:06Z,24.77,54.38,99,6,45.22,100.85,8.00,459.00,null,null,null
2023-08-25T19:14:06Z,24.73,54.52,99,6,40.79,100.85,8.00,454.00,null,null,null
2023-08-25T19:15:06Z,24.72,54.63,99,6,46.50,100.85,10.00,470.00,1,2,3
2023-08-25T19:16:06Z,24.73,54.71,99,6,43.75,100.85,10.00,470.00,null,null,null
2023-08-25T19:17:06Z,24.72,54.67,99,6,46.58,100.85,10.00,470.00,null,null,null
2023-08-25T19:18:06Z,24.72,54.79,99,6,42.25,100.85,7.00,448.00,null,null,null
2023-08-25T19:19:06Z,24.72,54.88,99,6,44.08,100.85,8.00,459.00,null,null,null
2023-08-25T19:20:06Z,24.70,54.93,99,6,51.01,100.85,8.00,459.00,2,3,6
2023-08-25T19:21:06Z,24.70,54.86,99,6,42.44,100.85,8.00,459.00,null,null,null
2023-08-25T19:22:06Z,24.70,54.97,99,6,51.63,100.85,8.00,459.00,null,null,null
2023-08-25T19:23:06Z,24.70,54.99,99,6,47.58,100.85,8.00,459.00,null,null,null
2023-08-25T19:24:06Z,24.64,55.05,99,6,41.64,100.85,8.00,455.00,null,null,null
2023-08-25T19:25:06Z,24.66,55.00,99,6,42.44,100.86,8.00,455.00,1,2,2
2023-08-25T19:26:06Z,24.64,54.96,99,6,42.32,100.86,8.00,455.00,null,null,null
2023-08-25T19:27:06Z,24.67,54.92,99,6,44.67,100.85,7.00,450.00,null,null,null
2023-08-25T19:28:06Z,24.67,54.99,99,6,41.76,100.86,7.00,450.00,null,null,null
2023-08-25T19:29:06Z,24.66,54.90,99,0,39.80,100.86,8.00,455.00,null,null,null
2023-08-25T19:30:06Z,24.60,54.97,99,6,59.20,100.86,7.00,450.00,1,5,6
2023-08-25T19:31:06Z,24.62,54.87,99,6,44.50,100.86,7.00,450.00,null,null,null
2023-08-25T19:32:06Z,24.62,54.86,99,6,42.71,100.86,7.00,450.00,null,null,null
2023-08-25T19:33:06Z,24.62,54.87,99,6,45.50,100.87,7.00,450.00,null,null,null
2023-08-25T19:34:06Z,24.63,54.80,99,6,41.27,100.87,7.00,450.00,null,null,null
2023-08-25T19:35:06Z,24.59,54.76,99,6,43.19,100.87,7.00,450.00,1,2,2
2023-08-25T19:36:06Z,24.59,54.77,99,6,48.01,100.87,7.00,447.00,null,null,null
2023-08-25T19:37:06Z,24.62,54.80,99,6,47.63,100.86,7.00,447.00,null,null,null
2023-08-25T19:38:06Z,24.60,54.81,99,6,46.65,100.86,7.00,447.00,null,null,null
2023-08-25T19:39:06Z,24.56,54.75,99,6,49.97,100.87,7.00,447.00,null,null,null
2023-08-25T19:40:06Z,24.59,54.74,99,6,42.58,100.87,6.00,444.00,2,2,2
2023-08-25T19:41:06Z,24.57,54.78,99,6,51.41,100.87,6.00,444.00,null,null,null
2023-08-25T19:42:06Z,24.57,54.73,99,6,63.89,100.87,6.00,444.00,null,null,null
2023-08-25T19:43:06Z,24.56,54.74,99,6,40.51,100.87,7.00,448.00,null,null,null
2023-08-25T19:44:06Z,24.55,54.74,99,6,41.47,100.88,6.00,444.00,null,null,null
2023-08-25T19:45:06Z,24.55,54.76,99,6,41.30,100.87,7.00,448.00,2,2,2
2023-08-25T19:46:06Z,24.55,54.75,99,6,40.83,100.87,7.00,448.00,null,null,null
2023-08-25T19:47:06Z,24.55,54.71,99,6,40.01,100.88,7.00,448.00,null,null,null
2023-08-25T19:48:06Z,24.55,54.76,99,6,41.86,100.88,5.00,439.00,null,null,null
2023-08-25T19:49:06Z,24.52,54.76,99,6,42.00,100.87,5.00,439.00,null,null,null
2023-08-25T19:50:06Z,24.53,54.80,99,6,39.99,100.87,5.00,439.00,2,2,2
2023-08-25T19:51:06Z,24.50,54.81,99,6,42.50,100.88,5.00,434.00,null,null,null
2023-08-25T19:52:06Z,24.52,54.80,99,6,40.61,100.88,5.00,434.00,null,null,null
2023-08-25T19:53:06Z,24.50,54.85,99,6,40.66,100.88,5.00,439.00,null,null,null
2023-08-25T19:54:06Z,24.49,54.80,99,6,41.52,100.88,5.00,434.00,null,null,null
2023-08-25T19:55:06Z,24.49,54.80,99,6,41.35,100.88,5.00,434.00,1,2,2
2023-08-25T19:56:06Z,24.46,54.80,99,6,41.22,100.88,5.00,434.00,null,null,null
2023-08-25T19:57:06Z,24.46,54.78,99,6,41.87,100.88,5.00,434.00,null,null,null
2023-08-25T19:58:06Z,24.44,54.77,99,6,50.44,100.88,3.00,426.00,null,null,null
2023-08-25T19:59:06Z,24.46,54.89,99,0,46.18,100.88,4.00,428.00,null,null,null
2023-08-25T20:00:06Z,24.44,55.02,99,6,40.52,100.88,4.00,428.00,2,2,2
2023-08-25T20:01:06Z,24.44,55.14,99,6,39.49,100.88,4.00,428.00,null,null,null
2023-08-25T20:02:06Z,24.43,54.99,99,6,43.71,100.88,5.00,434.00,null,null,null
2023-08-25T20:03:06Z,24.44,54.96,99,6,41.28,100.88,5.00,434.00,null,null,null
2023-08-25T20:04:06Z,24.43,55.08,99,6,41.31,100.88,5.00,434.00,null,null,null
2023-08-25T20:05:06Z,24.44,55.22,99,6,43.62,100.88,5.00,439.00,1,2,2
2023-08-25T20:06:06Z,24.43,55.37,99,6,41.00,100.88,5.00,439.00,null,null,null
2023-08-25T20:07:06Z,24.46,55.41,99,6,40.66,100.87,6.00,443.00,null,null,null
2023-08-25T20:08:06Z,24.46,55.53,99,6,41.48,100.88,6.00,445.00,null,null,null
2023-08-25T20:09:06Z,24.46,55.57,99,6,40.92,100.87,8.00,454.00,null,null,null
2023-08-25T20:10:06Z,24.46,55.64,99,6,41.05,100.88,8.00,459.00,1,2,2
2023-08-25T20:11:06Z,24.49,55.57,99,0,42.70,100.88,9.00,463.00,null,null,null
2023-08-25T20:12:06Z,24.49,55.07,99,6,40.68,100.88,10.00,466.00,null,null,null
2023-08-25T20:13:06Z,24.49,55.03,99,6,41.32,100.88,11.00,475.00,null,null,null
2023-08-25T20:14:06Z,24.47,55.35,99,6,46.09,100.88,11.00,475.00,null,null,null
2023-08-25T20:15:06Z,24.46,55.44,99,6,49.81,100.88,10.00,472.00,2,6,10
2023-08-25T20:16:06Z,24.47,55.71,99,6,41.61,100.89,11.00,477.00,null,null,null
2023-08-25T20:17:06Z,24.49,55.90,99,6,43.41,100.89,13.00,486.00,null,null,null
2023-08-25T20:18:06Z,24.50,55.65,99,6,43.50,100.89,12.00,482.00,null,null,null
2023-08-25T20:19:06Z,24.50,55.71,99,5,71.53,100.88,14.00,496.00,null,null,null
2023-08-25T20:20:06Z,24.52,55.99,99,5,47.77,100.89,14.00,498.00,1,3,6
2023-08-25T20:21:06Z,24.52,56.02,99,5,51.11,100.89,15.00,500.00,null,null,null
2023-08-25T20:22:06Z,24.50,56.00,99,5,46.98,100.89,15.00,503.00,null,null,null
2023-08-25T20:23:06Z,24.53,56.07,99,5,48.71,100.89,17.00,518.00,null,null,null
2023-08-25T20:24:06Z,24.52,55.95,99,5,44.06,100.89,17.00,518.00,null,null,null
2023-08-25T20:25:06Z,24.53,56.08,99,0,64.81,100.89,19.00,530.00,0,1,2
2023-08-25T20:26:06Z,24.53,56.00,99,5,55.66,100.89,20.00,533.00,null,null,null
2023-08-25T20:27:06Z,24.57,55.95,99,5,46.13,100.89,20.00,537.00,null,null,null
2023-08-25T20:28:06Z,24.55,55.94,99,5,43.35,100.89,21.00,543.00,null,null,null
2023-08-25T20:29:06Z,24.57,55.99,99,0,42.19,100.89,22.00,549.00,null,null,null
2023-08-25T20:30:06Z,24.56,56.20,99,0,41.10,100.89,23.00,555.00,1,2,11
2023-08-25T20:31:06Z,24.55,56.32,99,0,40.87,100.89,24.00,561.00,null,null,null
2023-08-25T20:32:06Z,24.57,56.23,99,0,42.20,100.90,23.00,552.00,null,null,null
2023-08-25T20:33:06Z,24.59,56.28,99,0,40.01,100.89,23.00,552.00,null,null,null
2023-08-25T20:34:06Z,24.60,56.28,99,0,41.69,100.89,25.00,570.00,null,null,null
2023-08-25T20:35:06Z,24.59,56.33,99,0,48.63,100.89,25.00,569.00,1,2,2
2023-08-25T20:36:06Z,24.60,56.41,99,0,40.80,100.89,25.00,569.00,null,null,null
2023-08-25T20:37:06Z,24.62,56.26,99,0,49.68,100.90,27.00,580.00,null,null,null
2023-08-25T20:38:06Z,24.62,56.46,99,0,47.38,100.90,29.00,594.00,null,null,null
2023-08-25T20:39:06Z,24.63,56.63,99,0,45.72,100.90,29.00,594.00,null,null,null
2023-08-25T20:40:06Z,24.62,56.69,99,0,41.81,100.90,29.00,594.00,1,3,3
2023-08-25T20:41:06Z,24.66,56.58,99,0,40.69,100.89,30.00,599.00,null,null,null
2023-08-25T20:42:06Z,24.62,56.56,99,0,40.52,100.90,30.00,602.00,null,null,null
2023-08-25T20:43:06Z,24.64,56.55,99,0,41.95,100.90,32.00,611.00,null,null,null
2023-08-25T20:44:06Z,24.66,56.79,99,0,48.41,100.90,32.00,615.00,null,null,null
2023-08-25T20:45:06Z,24.64,56.68,99,0,40.92,100.91,33.00,618.00,1,3,6
2023-08-25T20:46:06Z,24.63,56.50,99,0,41.92,100.91,34.00,624.00,null,null,null
2023-08-25T20:47:06Z,24.69,56.79,99,0,41.47,100.90,34.00,629.00,null,null,null
2023-08-25T20:48:06Z,24.70,56.84,99,0,40.55,100.90,34.00,624.00,null,null,null
2023-08-25T20:49:06Z,24.69,56.90,99,0,41.35,100.91,35.00,631.00,null,null,null
2023-08-25T20:50:06Z,24.67,56.94,99,0,40.63,100.90,36.00,637.00,1,2,2
2023-08-25T20:51:06Z,24.70,56.95,99,0,41.13,100.90,37.00,645.00,null,null,null
2023-08-25T20:52:06Z,24.69,56.62,99,0,46.18,100.90,37.00,645.00,null,null,null
2023-08-25T20:53:06Z,24.70,57.45,99,0,45.70,100.90,39.00,656.00,null,null,null
2023-08-25T20:54:06Z,24.67,57.11,99,0,42.13,100.90,38.00,650.00,null,null,null
2023-08-25T20:55:06Z,24.70,56.87,99,0,43.23,100.90,39.00,657.00,1,2,6
2023-08-25T20:56:06Z,24.73,57.16,99,0,44.74,100.89,39.00,660.00,null,null,null
2023-08-25T20:57:06Z,24.73,57.31,99,0,42.41,100.90,41.00,671.00,null,null,null
2023-08-25T20:58:06Z,24.73,57.44,99,0,41.54,100.89,41.00,671.00,null,null,null
2023-08-25T20:59:06Z,24.70,56.98,99,0,41.30,100.90,41.00,671.00,null,null,null
2023-08-25T21:00:06Z,24.73,56.78,99,0,49.67,100.90,38.00,653.00,1,7,8
2023-08-25T21:01:06Z,24.76,56.73,99,0,41.14,100.90,42.00,678.00,null,null,null
2023-08-25T21:02:06Z,24.76,56.34,99,0,42.51,100.90,39.00,659.00,null,null,null
2023-08-25T21:03:06Z,24.76,56.79,99,0,44.47,100.89,40.00,665.00,null,null,null
2023-08-25T21:04:06Z,24.77,56.62,99,0,42.78,100.90,38.00,653.00,null,null,null
2023-08-25T21:05:06Z,24.79,56.55,99,0,41.47,100.90,39.00,659.00,2,2,2
2023-08-25T21:06:06Z,24.77,56.56,99,0,42.15,100.89,39.00,659.00,null,null,null
2023-08-25T21:07:06Z,24.80,56.79,99,0,41.37,100.90,40.00,665.00,null,null,null
2023-08-25T21:08:06Z,24.79,56.61,99,0,42.60,100.89,39.00,657.00,null,null,null
2023-08-25T21:09:06Z,24.79,56.62,99,0,41.12,100.89,40.00,665.00,null,null,null
2023-08-25T21:10:06Z,24.79,56.14,99,0,41.84,100.89,41.00,672.00,1,1,2
2023-08-25T21:11:06Z,24.80,56.23,99,0,41.29,100.89,41.00,674.00,null,null,null
2023-08-25T21:12:06Z,24.80,56.47,99,0,43.92,100.89,42.00,682.00,null,null,null
2023-08-25T21:13:06Z,24.80,56.61,99,0,40.50,100.89,41.00,672.00,null,null,null
2023-08-25T21:14:06Z,24.80,56.42,99,0,43.00,100.89,42.00,679.00,null,null,null
2023-08-25T21:15:06Z,24.80,56.02,99,0,40.75,100.90,42.00,679.00,1,1,1
2023-08-25T21:16:06Z,24.83,55.62,99,0,42.72,100.89,42.00,682.00,null,null,null
2023-08-25T21:17:06Z,24.87,55.64,99,0,44.41,100.89,43.00,688.00,null,null,null
2023-08-25T21:18:06Z,24.86,55.95,99,0,42.50,100.89,43.00,688.00,null,null,null
2023-08-25T21:19:06Z,24.86,55.51,99,0,40.23,100.89,41.00,674.00,null,null,null
2023-08-25T21:20:06Z,24.86,55.46,99,0,41.44,100.89,42.00,679.00,1,4,6
2023-08-25T21:21:06Z,24.84,55.57,99,0,42.34,100.89,42.00,679.00,null,null,null
2023-08-25T21:22:06Z,24.88,55.86,99,0,40.75,100.89,42.00,679.00,null,null,null
2023-08-25T21:23:06Z,24.88,55.49,99,0,42.08,100.88,41.00,674.00,null,null,null
2023-08-25T21:24:06Z,24.86,55.36,99,0,41.53,100.89,42.00,679.00,null,null,null
2023-08-25T21:25:06Z,24.87,55.96,99,0,41.73,100.88,42.00,679.00,1,2,5
2023-08-25T21:26:06Z,24.88,55.48,99,0,40.36,100.88,41.00,674.00,null,null,null
2023-08-25T21:27:06Z,24.90,55.86,99,0,44.13,100.88,41.00,675.00,null,null,null
2023-08-25T21:28:06Z,24.90,55.37,99,0,40.26,100.88,41.00,674.00,null,null,null
2023-08-25T21:29:06Z,24.88,55.27,99,0,40.58,100.88,41.00,675.00,null,null,null
2023-08-25T21:30:06Z,24.90,55.19,99,0,42.26,100.88,43.00,683.00,2,3,3
2023-08-25T21:31:06Z,24.93,55.23,99,0,41.44,100.87,43.00,683.00,null,null,null
2023-08-25T21:32:06Z,24.93,55.16,99,0,41.07,100.87,43.00,683.00,null,null,null
2023-08-25T21:33:06Z,24.93,55.93,99,0,55.80,100.88,43.00,683.00,null,null,null
2023-08-25T21:34:06Z,24.91,55.49,99,0,41.30,100.88,41.00,671.00,null,null,null
2023-08-25T21:35:06Z,24.91,55.33,99,0,40.48,100.88,41.00,675.00,1,2,2
2023-08-25T21:36:06Z,24.93,55.30,99,0,40.44,100.88,41.00,675.00,null,null,null
2023-08-25T21:37:06Z,24.93,55.29,99,0,41.60,100.87,41.00,672.00,null,null,null
2023-08-25T21:38:06Z,24.93,55.29,99,0,43.01,100.87,41.00,675.00,null,null,null
2023-08-25T21:39:06Z,24.94,55.31,99,0,44.97,100.88,41.00,672.00,null,null,null
2023-08-25T21:40:06Z,24.94,55.29,99,0,42.42,100.88,41.00,672.00,2,3,4
2023-08-25T21:41:06Z,24.94,55.25,99,0,41.80,100.88,41.00,672.00,null,null,null
2023-08-25T21:42:06Z,24.93,55.20,99,0,41.64,100.87,41.00,675.00,null,null,null
2023-08-25T21:43:06Z,24.97,55.16,99,0,40.91,100.87,43.00,683.00,null,null,null
2023-08-25T21:44:06Z,24.94,55.18,99,0,40.58,100.87,43.00,683.00,null,null,null
2023-08-25T21:45:06Z,24.95,55.18,99,0,41.33,100.87,42.00,679.00,2,3,3
2023-08-25T21:46:06Z,24.94,55.21,99,0,41.07,100.88,42.00,679.00,null,null,null
2023-08-25T21:47:06Z,24.97,55.42,99,0,40.26,100.87,42.00,679.00,null,null,null
2023-08-25T21:48:06Z,24.97,55.33,99,0,40.91,100.87,41.00,672.00,null,null,null
2023-08-25T21:49:06Z,24.97,55.26,99,0,41.02,100.86,41.00,672.00,null,null,null
2023-08-25T21:50:06Z,24.94,55.16,99,0,41.24,100.86,41.00,672.00,2,3,6
2023-08-25T21:51:06Z,24.98,55.19,99,0,40.95,100.86,42.00,679.00,null,null,null
2023-08-25T21:52:06Z,25.00,55.15,99,0,40.71,100.86,43.00,683.00,null,null,null
2023-08-25T21:53:06Z,25.01,55.15,99,0,41.23,100.86,42.00,679.00,null,null,null
2023-08-25T21:54:06Z,24.97,55.15,99,0,39.63,100.86,42.00,679.00,null,null,null
2023-08-25T21:55:06Z,24.98,55.19,99,0,42.42,100.86,41.00,672.00,2,3,11
2023-08-25T21:56:06Z,25.00,55.20,99,0,41.42,100.86,42.00,679.00,null,null,null
2023-08-25T21:57:06Z,25.03,55.17,99,0,40.78,100.86,42.00,679.00,null,null,null
2023-08-25T21:58:06Z,25.00,55.15,99,0,42.23,100.86,42.00,679.00,null,null,null
2023-08-25T21:59:06Z,24.98,55.17,99,0,49.35,100.86,42.00,679.00,null,null,null
2023-08-25T22:00:06Z,25.01,55.16,99,0,42.57,100.86,42.00,679.00,1,5,5
2023-08-25T22:01:06Z,25.00,55.23,99,0,40.67,100.86,42.00,679.00,null,null,null
2023-08-25T22:02:06Z,25.01,55.18,99,0,40.90,100.86,42.00,679.00,null,null,null
2023-08-25T22:03:06Z,25.01,55.17,99,0,41.11,100.86,42.00,679.00,null,null,null
2023-08-25T22:04:06Z,25.01,55.20,99,0,40.84,100.86,42.00,679.00,null,null,null
2023-08-25T22:05:06Z,24.98,55.20,99,0,40.74,100.86,42.00,679.00,1,2,2
2023-08-25T22:06:06Z,25.00,55.18,99,0,40.64,100.86,42.00,679.00,null,null,null
2023-08-25T22:07:06Z,25.03,55.14,99,0,40.88,100.86,42.00,679.00,null,null,null
2023-08-25T22:08:06Z,25.03,55.13,99,0,41.63,100.86,41.00,672.00,null,null,null
2023-08-25T22:09:06Z,25.01,55.14,99,0,41.09,100.86,42.00,679.00,null,null,null
2023-08-25T22:10:06Z,25.00,55.15,99,0,64.87,100.86,42.00,679.00,1,5,5
2023-08-25T22:11:06Z,25.01,55.17,99,0,40.86,100.86,42.00,679.00,null,null,null
2023-08-25T22:12:06Z,25.04,55.12,99,0,41.55,100.85,42.00,679.00,null,null,null
2023-08-25T22:13:06Z,25.04,55.16,99,0,40.67,100.85,42.00,679.00,null,null,null
2023-08-25T22:14:06Z,25.04,55.09,99,0,40.59,100.85,42.00,679.00,null,null,null
2023-08-25T22:15:06Z,25.03,55.15,99,0,40.84,100.85,42.00,679.00,1,3,4
2023-08-25T22:16:06Z,25.03,55.19,99,0,41.29,100.85,41.00,672.00,null,null,null
2023-08-25T22:17:06Z,25.04,55.59,99,0,46.04,100.85,42.00,679.00,null,null,null
2023-08-25T22:18:06Z,25.04,55.58,99,0,41.13,100.85,41.00,675.00,null,null,null
2023-08-25T22:19:06Z,25.08,55.40,99,0,42.57,100.85,41.00,675.00,null,null,null
2023-08-25T22:20:06Z,25.05,55.35,99,0,42.06,100.85,41.00,675.00,1,2,2
2023-08-25T22:21:06Z,25.07,55.29,99,0,45.87,100.85,41.00,675.00,null,null,null
2023-08-25T22:22:06Z,25.05,55.22,99,0,40.37,100.85,41.00,675.00,null,null,null
2023-08-25T22:23:06Z,25.07,55.28,99,0,41.99,100.85,43.00,683.00,null,null,null
2023-08-25T22:24:06Z,25.07,55.23,99,0,41.54,100.84,43.00,683.00,null,null,null
2023-08-25T22:25:06Z,25.05,55.27,99,0,42.17,100.85,41.00,675.00,1,3,7
2023-08-25T22:26:06Z,25.07,55.25,99,0,40.32,100.84,43.00,683.00,null,null,null
2023-08-25T22:27:06Z,25.08,55.24,99,0,42.02,100.84,41.00,675.00,null,null,null
2023-08-25T22:28:06Z,25.07,55.24,99,0,40.68,100.84,43.00,688.00,null,null,null
2023-08-25T22:29:06Z,25.05,55.18,99,0,41.63,100.84,43.00,688.00,null,null,null
2023-08-25T22:30:06Z,25.07,55.19,99,0,40.57,100.84,43.00,683.00,2,3,6
2023-08-25T22:31:06Z,25.07,55.20,99,0,39.98,100.84,43.00,688.00,null,null,null
2023-08-25T22:32:06Z,25.10,55.15,99,0,41.20,100.84,43.00,683.00,null,null,null
2023-08-25T22:33:06Z,25.08,55.16,99,0,41.25,100.84,43.00,683.00,null,null,null
2023-08-25T22:34:06Z,25.07,55.19,99,0,40.61,100.84,43.00,683.00,null,null,null
2023-08-25T22:35:06Z,25.07,55.19,99,0,40.61,100.84,42.00,679.00,1,2,2
2023-08-25T22:36:06Z,25.08,55.15,99,0,41.11,100.83,43.00,683.00,null,null,null
2023-08-25T22:37:06Z,25.10,55.08,99,0,43.39,100.84,43.00,683.00,null,null,null
2023-08-25T22:38:06Z,25.10,55.16,99,0,40.93,100.84,43.00,683.00,null,null,null
2023-08-25T22:39:06Z,25.08,55.18,99,0,41.25,100.84,43.00,683.00,null,null,null
2023-08-25T22:40:06Z,25.08,55.21,99,0,42.76,100.84,43.00,683.00,2,3,3
2023-08-25T22:41:06Z,25.08,55.21,99,0,40.28,100.84,43.00,683.00,null,null,null
2023-08-25T22:42:06Z,25.08,55.19,99,0,41.41,100.84,43.00,683.00,null,null,null
2023-08-25T22:43:06Z,25.11,55.22,99,0,41.12,100.84,43.00,683.00,null,null,null
2023-08-25T22:44:06Z,25.11,55.63,99,0,41.62,100.85,43.00,683.00,null,null,null
2023-08-25T22:45:06Z,25.10,55.33,99,0,41.38,100.84,41.00,675.00,1,2,3
2023-08-25T22:46:06Z,25.13,55.69,99,0,39.96,100.85,42.00,679.00,null,null,null
2023-08-25T22:47:06Z,25.11,55.73,99,0,41.39,100.85,42.00,679.00,null,null,null
2023-08-25T22:48:06Z,25.11,55.49,99,0,50.48,100.84,43.00,688.00,null,null,null
2023-08-25T22:49:06Z,25.11,55.41,99,0,40.44,100.85,43.00,688.00,null,null,null
2023-08-25T22:50:06Z,25.11,55.61,99,0,42.04,100.84,43.00,688.00,2,4,8
2023-08-25T22:51:06Z,25.11,55.52,99,0,41.62,100.84,43.00,688.00,null,null,null
2023-08-25T22:52:06Z,25.14,55.73,99,0,41.39,100.84,45.00,697.00,null,null,null
2023-08-25T22:53:06Z,25.14,55.68,99,0,42.21,100.84,45.00,697.00,null,null,null
2023-08-25T22:54:06Z,25.14,55.47,99,0,41.73,100.84,46.00,702.00,null,null,null
2023-08-25T22:55:06Z,25.14,55.42,99,0,44.17,100.84,46.00,702.00,0,2,2
2023-08-25T22:56:06Z,25.13,55.40,99,0,69.89,100.84,46.00,702.00,null,null,null
2023-08-25T22:57:06Z,25.13,55.34,99,0,40.89,100.84,47.00,712.00,null,null,null
2023-08-25T22:58:06Z,25.13,55.43,99,0,41.30,100.84,46.00,702.00,null,null,null
2023-08-25T22:59:06Z,25.13,55.59,99,0,40.16,100.84,46.00,702.00,null,null,null
2023-08-25T23:00:06Z,25.13,55.61,99,0,48.03,100.84,46.00,702.00,2,3,4
2023-08-25T23:01:06Z,25.13,55.60,99,0,42.65,100.84,46.00,702.00,null,null,null
2023-08-25T23:02:06Z,25.13,55.82,99,0,41.70,100.84,46.00,702.00,null,null,null
2023-08-25T23:03:06Z,25.15,55.73,99,0,51.48,100.84,46.00,706.00,null,null,null
2023-08-25T23:04:06Z,25.14,55.84,99,0,60.11,100.84,47.00,712.00,null,null,null
2023-08-25T23:05:06Z,25.14,55.82,99,0,42.16,100.84,46.00,706.00,1,3,7
2023-08-25T23:06:06Z,25.15,55.96,99,0,40.28,100.84,47.00,712.00,null,null,null
2023-08-25T23:07:06Z,25.15,56.04,99,0,41.11,100.84,47.00,712.00,null,null,null
2023-08-25T23:08:06Z,25.17,56.00,99,0,41.36,100.84,48.00,719.00,null,null,null
2023-08-25T23:09:06Z,25.15,55.86,99,0,41.04,100.84,49.00,728.00,null,null,null
2023-08-25T23:10:06Z,25.15,56.04,99,0,41.56,100.84,51.00,735.00,1,2,5
2023-08-25T23:11:06Z,25.17,56.00,99,0,48.09,100.84,53.00,748.00,null,null,null
2023-08-25T23:12:06Z,25.18,55.99,99,0,48.26,100.84,53.00,752.00,null,null,null
2023-08-25T23:13:06Z,25.20,56.00,99,0,40.84,100.84,53.00,752.00,null,null,null
2023-08-25T23:14:06Z,25.17,55.90,99,0,41.75,100.84,54.00,761.00,null,null,null
2023-08-25T23:15:06Z,25.17,55.88,99,0,41.14,100.84,54.00,761.00,1,2,2
2023-08-25T23:16:06Z,25.18,55.88,99,0,42.43,100.84,54.00,761.00,null,null,null
2023-08-25T23:17:06Z,25.20,55.87,99,0,59.54,100.84,56.00,768.00,null,null,null
2023-08-25T23:18:06Z,25.20,55.96,99,0,48.53,100.84,56.00,768.00,null,null,null
2023-08-25T23:19:06Z,25.20,56.00,99,0,41.92,100.85,56.00,768.00,null,null,null
2023-08-25T23:20:06Z,25.18,56.03,99,0,41.92,100.84,56.00,768.00,2,3,5
2023-08-25T23:21:06Z,25.18,56.05,99,0,64.04,100.84,56.00,768.00,null,null,null
2023-08-25T23:22:06Z,25.21,56.06,99,0,41.36,100.84,57.00,778.00,null,null,null
2023-08-25T23:23:06Z,25.21,55.82,99,0,40.60,100.84,58.00,787.00,null,null,null
2023-08-25T23:24:06Z,25.20,55.81,99,0,40.63,100.84,56.00,768.00,null,null,null
2023-08-25T23:25:06Z,25.20,55.75,99,0,41.19,100.84,57.00,778.00,1,2,2
2023-08-25T23:26:06Z,25.20,55.78,99,0,41.28,100.85,58.00,785.00,null,null,null
2023-08-25T23:27:06Z,25.21,55.82,99,0,40.82,100.85,58.00,787.00,null,null,null
2023-08-25T23:28:06Z,25.23,55.79,99,0,41.65,100.84,58.00,787.00,null,null,null
2023-08-25T23:29:06Z,25.20,55.88,99,0,41.48,100.84,60.00,795.00,null,null,null
2023-08-25T23:30:06Z,25.20,55.91,99,0,44.42,100.85,58.00,787.00,2,6,6
2023-08-25T23:31:06Z,25.21,55.86,99,0,41.84,100.84,60.00,795.00,null,null,null
2023-08-25T23:32:06Z,25.21,55.88,99,0,41.85,100.84,58.00,787.00,null,null,null
2023-08-25T23:33:06Z,25.23,55.89,99,0,41.59,100.85,60.00,795.00,null,null,null
2023-08-25T23:34:06Z,25.24,55.76,99,0,50.91,100.84,50.00,733.00,null,null,null
2023-08-25T23:35:06Z,25.23,55.86,99,0,42.04,100.84,50.00,733.00,1,2,2
2023-08-25T23:36:06Z,25.21,55.89,99,0,41.11,100.84,60.00,795.00,null,null,null
2023-08-25T23:37:06Z,25.24,55.81,99,0,42.15,100.85,62.00,813.00,null,null,null
2023-08-25T23:38:06Z,25.24,55.91,99,15,42.42,100.84,62.00,813.00,null,null,null
2023-08-25T23:39:06Z,25.24,55.81,99,603,45.08,100.83,53.00,749.00,null,null,null
2023-08-25T23:40:06Z,25.23,55.59,99,588,40.79,100.83,54.00,759.00,1,3,3
2023-08-25T23:41:06Z,25.25,55.63,99,578,43.77,100.83,55.00,765.00,null,null,null
2023-08-25T23:42:06Z,25.27,55.52,99,573,40.84,100.83,55.00,765.00,null,null,null
2023-08-25T23:43:06Z,25.27,55.49,99,570,52.74,100.83,55.00,765.00,null,null,null
2023-08-25T23:44:06Z,25.27,55.56,99,567,41.69,100.83,55.00,765.00,null,null,null
2023-08-25T23:45:06Z,25.27,55.60,99,565,41.39,100.82,54.00,757.00,2,2,2
2023-08-25T23:46:06Z,25.28,55.67,99,563,41.00,100.82,54.00,757.00,null,null,null
2023-08-25T23:47:06Z,25.28,55.56,99,559,44.19,100.82,55.00,765.00,null,null,null
2023-08-25T23:48:06Z,25.30,55.53,99,556,41.49,100.82,55.00,765.00,null,null,null
2023-08-25T23:49:06Z,25.31,55.60,99,558,41.23,100.82,54.00,757.00,null,null,null
2023-08-25T23:50:06Z,25.30,55.51,99,555,40.64,100.82,55.00,765.00,1,3,3
2023-08-25T23:51:06Z,25.32,55.54,99,557,41.36,100.82,55.00,765.00,null,null,null
2023-08-25T23:52:06Z,25.32,55.50,99,555,41.03,100.81,54.00,757.00,null,null,null
2023-08-25T23:53:06Z,25.32,55.57,99,554,41.14,100.82,54.00,757.00,null,null,null
2023-08-25T23:54:06Z,25.31,55.55,99,553,40.66,100.81,54.00,757.00,null,null,null
2023-08-25T23:55:06Z,25.31,55.49,99,552,41.45,100.82,54.00,757.00,1,2,2
2023-08-25T23:56:06Z,25.32,55.51,99,550,41.33,100.82,54.00,757.00,null,null,null
2023-08-25T23:57:06Z,25.34,55.49,99,550,41.46,100.82,55.00,765.00,null,null,null
2023-08-25T23:58:06Z,25.34,55.49,99,549,45.68,100.82,55.00,765.00,null,null,null
