TIME,TEMP,HUM,BATT,LIGHT,NOISE_A,PRESS,CCS811_VOCS,CCS811_ECO2,PM_1,PM_25,PM_10
ISO 8601,C,%,%,Lux,dBA,kPa,ppb,ppm,ug/m3,ug/m3,ug/m3
Time,Temperature,Humidity,Battery,Light,Noise dBA,Barometric pressure,VOC Gas CCS811,eCO2 Gas CCS811,PM 1.0,PM 2.5,PM 10.0
,55,56,10,14,53,58,113,112,89,87,88
2023-08-29T00:00:04Z,25.29,54.26,99,0,46.04,101.14,179.00,1512.00,0,0,0
2023-08-29T00:01:04Z,25.30,54.25,99,0,47.54,101.14,179.00,1512.00,null,null,null
2023-08-29T00:02:04Z,25.33,54.21,99,0,47.79,101.14,179.00,1512.00,null,null,null
2023-08-29T00:03:04Z,25.29,54.17,99,0,48.24,101.14,182.00,1516.00,null,null,null
2023-08-29T00:04:04Z,25.30,54.21,99,0,47.34,101.13,182.00,1516.00,null,null,null
2023-08-29T00:05:04Z,25.30,54.18,99,0,43.40,101.13,182.00,1516.00,0,0,0
2023-08-29T00:06:04Z,25.33,54.10,99,0,42.87,101.13,182.00,1516.00,null,null,null
2023-08-29T00:07:04Z,25.29,54.03,99,0,45.08,101.13,182.00,1516.00,null,null,null
2023-08-29T00:08:04Z,25.29,54.05,99,0,43.88,101.13,182.00,1516.00,null,null,null
2023-08-29T00:09:04Z,25.29,54.03,99,0,46.30,101.13,182.00,1516.00,null,null,null
2023-08-29T00:10:04Z,25.32,54.07,99,0,45.65,101.13,179.00,1512.00,2,2,2
2023-08-29T00:11:04Z,25.32,54.07,99,0,43.83,101.13,179.00,1512.00,null,null,null
2023-08-29T00:12:04Z,25.32,53.99,99,0,43.00,101.13,179.00,1512.00,null,null,null
2023-08-29T00:13:04Z,25.30,53.97,99,0,46.03,101.13,179.00,1512.00,null,null,null
2023-08-29T00:14:04Z,25.29,54.02,99,0,46.62,101.13,176.00,1506.00,null,null,null
2023-08-29T00:15:04Z,25.32,54.13,99,0,42.15,101.13,179.00,1512.00,0,0,0
2023-08-29T00:16:04Z,25.29,54.24,99,0,48.14,101.13,176.00,1506.00,null,null,null
2023-08-29T00:17:04Z,25.32,54.33,99,0,42.09,101.14,176.00,1506.00,null,null,null
2023-08-29T00:18:04Z,25.32,54.44,99,0,44.09,101.13,177.00,1507.00,null,null,null
2023-08-29T00:19:04Z,25.30,54.52,99,0,44.36,101.13,177.00,1507.00,null,null,null
2023-08-29T00:20:04Z,25.30,54.53,99,0,45.97,101.13,177.00,1507.00,0,0,0
2023-08-29T00:21:04Z,25.32,54.51,99,0,44.23,101.13,177.00,1507.00,null,null,null
2023-08-29T00:22:04Z,25.35,54.46,99,0,46.52,101.14,177.00,1507.00,null,null,null
2023-08-29T00:23:04Z,25.32,54.44,99,0,47.53,101.13,177.00,1507.00,null,null,null
2023-08-29T00:24:04Z,25.32,54.43,99,0,43.95,101.13,177.00,1507.00,null,null,null
2023-08-29T00:25:04Z,25.32,54.44,99,0,43.76,101.13,177.00,1507.00,1,1,1
2023-08-29T00:26:04Z,25.33,54.57,99,0,46.84,101.13,177.00,1507.00,null,null,null
2023-08-29T00:27:04Z,25.33,54.49,99,0,44.47,101.13,177.00,1507.00,null,null,null
2023-08-29T00:28:04Z,25.33,54.51,99,0,43.76,101.13,177.00,1507.00,null,null,null
2023-08-29T00:29:04Z,25.32,54.52,99,0,43.98,101.12,179.00,1512.00,null,null,null
2023-08-29T00:30:04Z,25.30,54.59,99,0,44.57,101.12,179.00,1512.00,1,1,1
2023-08-29T00:31:04Z,25.30,54.52,99,0,42.84,101.12,179.00,1512.00,null,null,null
2023-08-29T00:32:04Z,25.33,54.46,99,0,49.48,101.12,177.00,1507.00,null,null,null
2023-08-29T00:33:04Z,25.33,54.47,99,0,42.09,101.12,177.00,1507.00,null,null,null
2023-08-29T00:34:04Z,25.30,54.38,99,0,47.22,101.12,177.00,1507.00,null,null,null
2023-08-29T00:35:04Z,25.30,54.34,99,0,44.67,101.12,177.00,1507.00,1,1,1
2023-08-29T00:36:04Z,25.35,54.32,99,0,49.21,101.12,177.00,1507.00,null,null,null
2023-08-29T00:37:04Z,25.36,54.33,99,0,42.06,101.12,177.00,1507.00,null,null,null
2023-08-29T00:38:04Z,25.35,54.33,99,0,42.90,101.12,177.00,1507.00,null,null,null
2023-08-29T00:39:04Z,25.35,54.32,99,0,47.61,101.12,177.00,1507.00,null,null,null
2023-08-29T00:40:04Z,25.33,54.35,99,0,42.68,101.11,177.00,1507.00,3,5,5
2023-08-29T00:41:04Z,25.35,54.26,99,0,45.82,101.11,177.00,1507.00,null,null,null
2023-08-29T00:42:04Z,25.36,54.21,99,0,43.69,101.11,177.00,1507.00,null,null,null
2023-08-29T00:43:04Z,25.33,54.28,99,0,43.63,101.11,179.00,1512.00,null,null,null
2023-08-29T00:44:04Z,25.35,54.28,99,0,45.00,101.11,173.00,1502.00,null,null,null
2023-08-29T00:45:04Z,25.30,54.21,99,0,47.71,101.11,173.00,1502.00,0,0,0
2023-08-29T00:46:04Z,25.33,54.19,99,0,46.34,101.11,176.00,1506.00,null,null,null
2023-08-29T00:47:04Z,25.35,54.19,99,0,45.78,101.11,176.00,1506.00,null,null,null
2023-08-29T00:48:04Z,25.36,54.09,99,0,45.76,101.11,176.00,1506.00,null,null,null
2023-08-29T00:49:04Z,25.33,54.17,99,0,46.01,101.11,176.00,1506.00,null,null,null
2023-08-29T00:50:04Z,25.33,54.11,99,0,40.91,101.11,172.00,1500.00,3,3,3
2023-08-29T00:51:04Z,25.32,54.12,99,0,43.71,101.11,172.00,1500.00,null,null,null
2023-08-29T00:52:04Z,25.35,54.04,99,0,44.35,101.11,172.00,1500.00,null,null,null
2023-08-29T00:53:04Z,25.35,54.10,99,0,44.65,101.11,172.00,1500.00,null,null,null
2023-08-29T00:54:04Z,25.33,54.10,99,0,47.08,101.11,172.00,1500.00,null,null,null
2023-08-29T00:55:04Z,25.33,54.09,99,0,43.03,101.11,172.00,1500.00,0,0,0
2023-08-29T00:56:04Z,25.37,54.08,99,0,46.51,101.11,169.00,1496.00,null,null,null
2023-08-29T00:57:04Z,25.33,54.08,99,0,49.57,101.11,172.00,1500.00,null,null,null
2023-08-29T00:58:04Z,25.35,54.04,99,0,44.38,101.11,169.00,1496.00,null,null,null
2023-08-29T00:59:04Z,25.33,54.05,99,0,42.30,101.11,169.00,1496.00,null,null,null
2023-08-29T01:00:04Z,25.32,53.98,99,0,44.14,101.11,169.00,1496.00,0,0,0
2023-08-29T01:01:04Z,25.36,54.00,99,0,42.80,101.11,169.00,1496.00,null,null,null
2023-08-29T01:02:04Z,25.37,54.01,99,0,47.04,101.11,169.00,1496.00,null,null,null
2023-08-29T01:03:04Z,25.33,54.04,99,0,45.71,101.11,169.00,1496.00,null,null,null
2023-08-29T01:04:04Z,25.37,54.01,99,0,44.95,101.11,169.00,1496.00,null,null,null
2023-08-29T01:05:04Z,25.32,54.01,99,0,43.82,101.11,169.00,1496.00,2,4,4
2023-08-29T01:06:04Z,25.36,54.07,99,0,41.71,101.11,165.00,1487.00,null,null,null
2023-08-29T01:07:04Z,25.35,54.04,99,0,49.10,101.11,169.00,1496.00,null,null,null
2023-08-29T01:08:04Z,25.37,54.11,99,0,41.45,101.11,169.00,1496.00,null,null,null
2023-08-29T01:09:04Z,25.35,54.11,99,0,43.11,101.11,169.00,1496.00,null,null,null
2023-08-29T01:10:04Z,25.33,54.19,99,0,41.22,101.11,165.00,1487.00,0,1,1
2023-08-29T01:11:04Z,25.36,54.19,99,0,46.57,101.11,165.00,1487.00,null,null,null
2023-08-29T01:12:04Z,25.36,54.24,99,0,43.66,101.11,165.00,1487.00,null,null,null
2023-08-29T01:13:04Z,25.35,54.24,99,0,44.82,101.11,169.00,1496.00,null,null,null
2023-08-29T01:14:04Z,25.33,54.35,99,0,42.78,101.11,169.00,1496.00,null,null,null
2023-08-29T01:15:04Z,25.33,54.33,99,0,44.02,101.11,166.00,1495.00,0,0,0
2023-08-29T01:16:04Z,25.33,54.37,99,0,48.94,101.11,166.00,1495.00,null,null,null
2023-08-29T01:17:04Z,25.36,54.61,99,0,43.50,101.11,169.00,1496.00,null,null,null
2023-08-29T01:18:04Z,25.35,54.60,99,0,45.47,101.10,166.00,1495.00,null,null,null
2023-08-29T01:19:04Z,25.35,54.65,99,0,43.90,101.10,166.00,1495.00,null,null,null
2023-08-29T01:20:04Z,25.33,54.75,99,0,46.79,101.10,169.00,1496.00,2,2,2
2023-08-29T01:21:04Z,25.36,54.72,99,0,40.20,101.11,166.00,1495.00,null,null,null
2023-08-29T01:22:04Z,25.36,54.68,99,0,44.48,101.10,169.00,1496.00,null,null,null
2023-08-29T01:23:04Z,25.36,54.65,99,0,48.84,101.10,169.00,1496.00,null,null,null
2023-08-29T01:24:04Z,25.33,54.66,99,0,46.37,101.10,169.00,1496.00,null,null,null
2023-08-29T01:25:04Z,25.36,54.69,99,0,45.18,101.10,169.00,1496.00,0,0,0
2023-08-29T01:26:04Z,25.36,54.69,99,0,43.47,101.10,166.00,1495.00,null,null,null
2023-08-29T01:27:04Z,25.36,54.69,99,0,48.81,101.10,166.00,1495.00,null,null,null
2023-08-29T01:28:04Z,25.33,54.70,99,0,44.07,101.10,169.00,1496.00,null,null,null
2023-08-29T01:29:04Z,25.35,54.74,99,0,47.97,101.09,169.00,1496.00,null,null,null
2023-08-29T01:30:04Z,25.33,54.75,99,0,46.35,101.09,169.00,1496.00,2,2,2
2023-08-29T01:31:04Z,25.36,54.74,99,0,44.94,101.09,164.00,1478.00,null,null,null
2023-08-29T01:32:04Z,25.35,54.75,99,0,42.12,101.09,166.00,1495.00,null,null,null
2023-08-29T01:33:04Z,25.32,54.78,99,0,46.63,101.09,166.00,1495.00,null,null,null
2023-08-29T01:34:04Z,25.32,54.83,99,0,45.20,101.09,164.00,1478.00,null,null,null
2023-08-29T01:35:04Z,25.33,54.84,99,0,45.47,101.09,164.00,1478.00,0,0,0
2023-08-29T01:36:04Z,25.33,54.76,99,0,44.50,101.09,164.00,1478.00,null,null,null
2023-08-29T01:37:04Z,25.33,55.03,99,0,44.76,101.09,164.00,1478.00,null,null,null
2023-08-29T01:38:04Z,25.33,55.02,99,0,46.49,101.09,187.00,1523.00,null,null,null
2023-08-29T01:39:04Z,25.33,55.06,99,0,45.87,101.09,191.00,1528.00,null,null,null
2023-08-29T01:40:04Z,25.32,55.06,99,0,44.16,101.09,193.00,1532.00,0,0,0
2023-08-29T01:41:04Z,25.35,55.13,99,0,47.32,101.10,198.00,1539.00,null,null,null
2023-08-29T01:42:04Z,25.33,55.16,99,0,45.25,101.09,198.00,1539.00,null,null,null
2023-08-29T01:43:04Z,25.35,55.20,99,0,41.68,101.09,202.00,1543.00,null,null,null
2023-08-29T01:44:04Z,25.36,55.12,99,0,44.03,101.09,202.00,1543.00,null,null,null
2023-08-29T01:45:04Z,25.33,55.20,99,0,43.85,101.09,202.00,1543.00,1,1,1
2023-08-29T01:46:04Z,25.36,55.20,99,0,44.89,101.09,166.00,1495.00,null,null,null
2023-08-29T01:47:04Z,25.33,55.21,99,0,43.02,101.09,139.00,1316.00,null,null,null
2023-08-29T01:48:04Z,25.33,55.18,99,0,47.03,101.09,142.00,1334.00,null,null,null
2023-08-29T01:49:04Z,25.33,55.15,99,0,45.71,101.08,139.00,1316.00,null,null,null
2023-08-29T01:50:04Z,25.33,55.19,99,0,48.39,101.09,139.00,1316.00,0,0,0
2023-08-29T01:51:04Z,25.33,55.18,99,0,49.12,101.09,139.00,1316.00,null,null,null
2023-08-29T01:52:04Z,25.35,55.20,99,0,44.24,101.09,139.00,1316.00,null,null,null
2023-08-29T01:53:04Z,25.35,55.20,99,0,45.18,101.09,142.00,1334.00,null,null,null
2023-08-29T01:54:04Z,25.36,55.21,99,0,45.67,101.09,142.00,1334.00,null,null,null
2023-08-29T01:55:04Z,25.35,55.23,99,0,46.78,101.09,139.00,1316.00,1,1,1
2023-08-29T01:56:04Z,25.35,55.28,99,0,44.37,101.09,142.00,1334.00,null,null,null
2023-08-29T01:57:04Z,25.35,55.23,99,0,47.56,101.09,137.00,1302.00,null,null,null
2023-08-29T01:58:04Z,25.35,55.21,99,0,43.30,101.09,142.00,1334.00,null,null,null
2023-08-29T01:59:04Z,25.33,55.17,99,0,43.48,101.09,142.00,1334.00,null,null,null
2023-08-29T02:00:04Z,25.33,55.17,99,0,46.71,101.09,139.00,1316.00,1,2,2
2023-08-29T02:01:04Z,25.36,55.11,99,0,47.92,101.09,135.00,1291.00,null,null,null
2023-08-29T02:02:04Z,25.35,55.01,99,0,47.54,101.09,138.00,1307.00,null,null,null
2023-08-29T02:03:04Z,25.36,55.06,99,0,49.39,101.09,135.00,1291.00,null,null,null
2023-08-29T02:04:04Z,25.35,54.94,99,0,47.17,101.09,135.00,1291.00,null,null,null
2023-08-29T02:05:04Z,25.35,54.96,99,0,47.25,101.09,134.00,1285.00,0,0,0
2023-08-29T02:06:04Z,25.35,54.96,99,0,46.05,101.09,134.00,1285.00,null,null,null
2023-08-29T02:07:04Z,25.37,55.01,99,0,44.88,101.09,134.00,1285.00,null,null,null
2023-08-29T02:08:04Z,25.36,55.05,99,0,44.83,101.09,131.00,1262.00,null,null,null
2023-08-29T02:09:04Z,25.37,55.12,99,0,41.73,101.09,131.00,1262.00,null,null,null
2023-08-29T02:10:04Z,25.32,55.18,99,0,42.90,101.09,131.00,1262.00,3,3,3
2023-08-29T02:11:04Z,25.35,55.27,99,0,47.15,101.09,134.00,1285.00,null,null,null
2023-08-29T02:12:04Z,25.39,55.25,99,0,42.23,101.09,135.00,1291.00,null,null,null
2023-08-29T02:13:04Z,25.33,55.21,99,0,46.98,101.09,135.00,1291.00,null,null,null
2023-08-29T02:14:04Z,25.36,55.22,99,0,45.24,101.08,135.00,1291.00,null,null,null
2023-08-29T02:15:04Z,25.36,55.19,99,0,43.45,101.09,135.00,1291.00,0,0,0
2023-08-29T02:16:04Z,25.37,55.19,99,0,43.66,101.09,134.00,1285.00,null,null,null
2023-08-29T02:17:04Z,25.36,55.18,99,0,42.28,101.09,135.00,1291.00,null,null,null
2023-08-29T02:18:04Z,25.33,55.14,99,0,42.03,101.09,134.00,1285.00,null,null,null
2023-08-29T02:19:04Z,25.33,55.21,99,0,43.44,101.09,131.00,1262.00,null,null,null
2023-08-29T02:20:04Z,25.33,55.12,99,0,42.20,101.08,131.00,1262.00,0,0,0
2023-08-29T02:21:04Z,25.36,55.08,99,0,43.22,101.08,134.00,1285.00,null,null,null
2023-08-29T02:22:04Z,25.36,55.05,99,0,47.94,101.09,134.00,1285.00,null,null,null
2023-08-29T02:23:04Z,25.39,55.06,99,0,45.15,101.08,134.00,1285.00,null,null,null
2023-08-29T02:24:04Z,25.35,55.03,99,0,45.50,101.08,131.00,1262.00,null,null,null
2023-08-29T02:25:04Z,25.35,55.06,99,0,46.29,101.08,131.00,1262.00,2,2,2
2023-08-29T02:26:04Z,25.35,55.03,99,0,44.17,101.08,130.00,1255.00,null,null,null
2023-08-29T02:27:04Z,25.37,55.02,99,0,41.23,101.09,131.00,1262.00,null,null,null
2023-08-29T02:28:04Z,25.36,55.09,99,0,44.76,101.09,130.00,1255.00,null,null,null
2023-08-29T02:29:04Z,25.33,55.06,99,0,44.55,101.08,130.00,1255.00,null,null,null
2023-08-29T02:30:04Z,25.35,55.09,99,0,45.61,101.08,130.00,1255.00,0,0,0
2023-08-29T02:31:04Z,25.35,55.18,99,0,47.29,101.08,128.00,1242.00,null,null,null
2023-08-29T02:32:04Z,25.36,55.16,99,0,45.10,101.08,128.00,1242.00,null,null,null
2023-08-29T02:33:04Z,25.37,55.20,99,0,44.37,101.08,128.00,1242.00,null,null,null
2023-08-29T02:34:04Z,25.37,55.16,99,0,46.29,101.08,126.00,1231.00,null,null,null
2023-08-29T02:35:04Z,25.35,55.20,99,0,43.10,101.08,128.00,1242.00,1,3,3
2023-08-29T02:36:04Z,25.33,55.22,99,0,47.27,101.08,126.00,1231.00,null,null,null
2023-08-29T02:37:04Z,25.36,55.14,99,0,48.97,101.08,126.00,1231.00,null,null,null
2023-08-29T02:38:04Z,25.35,55.15,99,0,45.57,101.08,126.00,1231.00,null,null,null
2023-08-29T02:39:04Z,25.37,55.16,99,0,51.99,101.08,124.00,1220.00,null,null,null
2023-08-29T02:40:04Z,25.32,55.17,99,0,47.87,101.08,124.00,1220.00,0,1,4
2023-08-29T02:41:04Z,25.37,55.19,99,0,45.90,101.08,124.00,1220.00,null,null,null
2023-08-29T02:42:04Z,25.33,55.07,99,0,48.79,101.08,124.00,1220.00,null,null,null
2023-08-29T02:43:04Z,25.35,55.06,99,0,46.65,101.08,122.00,1201.00,null,null,null
2023-08-29T02:44:04Z,25.32,55.07,99,0,41.61,101.08,124.00,1220.00,null,null,null
2023-08-29T02:45:04Z,25.33,55.08,99,0,48.67,101.08,122.00,1201.00,0,0,0
2023-08-29T02:46:04Z,25.36,55.12,99,0,46.57,101.08,120.00,1191.00,null,null,null
2023-08-29T02:47:04Z,25.36,55.03,99,0,45.00,101.08,120.00,1191.00,null,null,null
2023-08-29T02:48:04Z,25.33,55.07,99,0,45.05,101.08,120.00,1191.00,null,null,null
2023-08-29T02:49:04Z,25.35,55.08,99,0,42.03,101.08,126.00,1231.00,null,null,null
2023-08-29T02:50:04Z,25.33,55.16,99,0,48.75,101.08,130.00,1255.00,1,1,1
2023-08-29T02:51:04Z,25.36,55.19,99,0,47.06,101.08,131.00,1262.00,null,null,null
2023-08-29T02:52:04Z,25.36,55.20,99,0,47.95,101.08,131.00,1262.00,null,null,null
2023-08-29T02:53:04Z,25.35,55.20,99,0,45.38,101.08,134.00,1285.00,null,null,null
2023-08-29T02:54:04Z,25.32,55.20,99,0,44.87,101.08,134.00,1285.00,null,null,null
2023-08-29T02:55:04Z,25.35,55.20,99,0,43.07,101.08,134.00,1285.00,0,1,1
2023-08-29T02:56:04Z,25.36,55.19,99,0,45.14,101.08,134.00,1285.00,null,null,null
2023-08-29T02:57:04Z,25.35,55.12,99,0,45.43,101.08,134.00,1285.00,null,null,null
2023-08-29T02:58:04Z,25.33,55.17,99,0,45.26,101.07,134.00,1285.00,null,null,null
2023-08-29T02:59:04Z,25.33,55.22,99,0,47.84,101.07,134.00,1285.00,null,null,null
2023-08-29T03:00:04Z,25.33,55.18,99,0,45.71,101.07,131.00,1262.00,0,0,0
2023-08-29T03:01:04Z,25.33,55.19,99,0,43.61,101.07,131.00,1262.00,null,null,null
2023-08-29T03:02:04Z,25.37,55.12,99,0,46.68,101.07,131.00,1262.00,null,null,null
2023-08-29T03:03:04Z,25.33,55.09,99,0,44.92,101.07,131.00,1262.00,null,null,null
2023-08-29T03:04:04Z,25.36,55.11,99,0,45.61,101.07,130.00,1255.00,null,null,null
2023-08-29T03:05:04Z,25.32,55.13,99,0,47.83,101.07,130.00,1255.00,0,0,0
2023-08-29T03:06:04Z,25.35,55.14,99,0,42.05,101.07,128.00,1242.00,null,null,null
2023-08-29T03:07:04Z,25.35,55.16,99,0,42.48,101.07,134.00,1285.00,null,null,null
2023-08-29T03:08:04Z,25.35,55.13,99,0,47.04,101.07,135.00,1291.00,null,null,null
2023-08-29T03:09:04Z,25.36,55.15,99,0,42.16,101.07,135.00,1291.00,null,null,null
2023-08-29T03:10:04Z,25.32,55.18,99,0,44.84,101.08,135.00,1291.00,0,0,0
2023-08-29T03:11:04Z,25.35,55.16,99,0,44.84,101.07,134.00,1285.00,null,null,null
2023-08-29T03:12:04Z,25.36,55.10,99,0,47.52,101.07,135.00,1291.00,null,null,null
2023-08-29T03:13:04Z,25.35,55.03,99,0,46.29,101.07,135.00,1291.00,null,null,null
2023-08-29T03:14:04Z,25.33,55.08,99,0,44.15,101.07,135.00,1291.00,null,null,null
2023-08-29T03:15:04Z,25.36,55.07,99,0,43.37,101.08,134.00,1285.00,0,0,0
2023-08-29T03:16:04Z,25.35,55.06,99,0,44.05,101.08,131.00,1262.00,null,null,null
2023-08-29T03:17:04Z,25.36,55.02,99,0,45.49,101.07,131.00,1262.00,null,null,null
2023-08-29T03:18:04Z,25.35,55.00,99,0,44.83,101.07,131.00,1262.00,null,null,null
2023-08-29T03:19:04Z,25.37,55.00,99,0,46.03,101.08,130.00,1255.00,null,null,null
2023-08-29T03:20:04Z,25.33,54.99,99,0,43.62,101.07,130.00,1255.00,1,1,1
2023-08-29T03:21:04Z,25.36,55.00,99,0,44.70,101.08,128.00,1242.00,null,null,null
2023-08-29T03:22:04Z,25.36,55.01,99,0,48.80,101.08,130.00,1255.00,null,null,null
2023-08-29T03:23:04Z,25.35,55.00,99,0,47.84,101.07,128.00,1242.00,null,null,null
2023-08-29T03:24:04Z,25.35,55.00,99,0,46.65,101.07,128.00,1242.00,null,null,null
2023-08-29T03:25:04Z,25.33,55.12,99,0,47.75,101.07,126.00,1231.00,0,0,0
2023-08-29T03:26:04Z,25.36,55.11,99,0,45.34,101.07,134.00,1285.00,null,null,null
2023-08-29T03:27:04Z,25.37,55.15,99,0,46.57,101.07,139.00,1316.00,null,null,null
2023-08-29T03:28:04Z,25.33,55.16,99,0,49.58,101.07,142.00,1334.00,null,null,null
2023-08-29T03:29:04Z,25.32,55.08,99,0,44.61,101.07,146.00,1360.00,null,null,null
2023-08-29T03:30:04Z,25.33,55.16,99,0,44.43,101.07,146.00,1360.00,0,0,0
2023-08-29T03:31:04Z,25.37,55.16,99,0,47.22,101.07,146.00,1360.00,null,null,null
2023-08-29T03:32:04Z,25.37,55.12,99,0,46.09,101.07,148.00,1376.00,null,null,null
2023-08-29T03:33:04Z,25.37,55.23,99,0,44.71,101.07,146.00,1360.00,null,null,null
2023-08-29T03:34:04Z,25.36,55.22,99,0,43.46,101.07,146.00,1360.00,null,null,null
2023-08-29T03:35:04Z,25.36,55.23,99,0,43.96,101.06,150.00,1385.00,0,0,0
2023-08-29T03:36:04Z,25.35,55.31,99,0,43.11,101.06,150.00,1385.00,null,null,null
2023-08-29T03:37:04Z,25.37,55.28,99,0,42.75,101.06,152.00,1400.00,null,null,null
2023-08-29T03:38:04Z,25.35,55.35,99,0,48.89,101.06,154.00,1413.00,null,null,null
2023-08-29T03:39:04Z,25.37,55.39,99,0,42.74,101.06,156.00,1429.00,null,null,null
2023-08-29T03:40:04Z,25.33,55.38,99,0,41.94,101.05,156.00,1429.00,1,1,1
2023-08-29T03:41:04Z,25.37,55.42,99,0,45.76,101.05,156.00,1429.00,null,null,null
2023-08-29T03:42:04Z,25.37,55.31,99,0,47.83,101.05,159.00,1445.00,null,null,null
2023-08-29T03:43:04Z,25.36,55.28,99,0,48.07,101.05,159.00,1445.00,null,null,null
2023-08-29T03:44:04Z,25.36,55.34,99,0,42.85,101.05,162.00,1465.00,null,null,null
2023-08-29T03:45:04Z,25.35,55.41,99,0,47.63,101.05,162.00,1465.00,1,1,1
2023-08-29T03:46:04Z,25.35,55.44,99,0,46.38,101.05,156.00,1429.00,null,null,null
2023-08-29T03:47:04Z,25.37,55.46,99,0,47.78,101.05,156.00,1429.00,null,null,null
2023-08-29T03:48:04Z,25.36,55.42,99,0,41.72,101.04,156.00,1429.00,null,null,null
2023-08-29T03:49:04Z,25.37,55.37,99,0,42.04,101.04,154.00,1413.00,null,null,null
2023-08-29T03:50:04Z,25.33,55.39,99,0,46.87,101.04,154.00,1413.00,1,2,2
2023-08-29T03:51:04Z,25.36,55.33,99,0,43.18,101.05,154.00,1413.00,null,null,null
2023-08-29T03:52:04Z,25.36,55.37,99,0,45.10,101.04,152.00,1400.00,null,null,null
2023-08-29T03:53:04Z,25.35,55.31,99,0,50.34,101.04,150.00,1385.00,null,null,null
2023-08-29T03:54:04Z,25.35,55.31,99,0,40.98,101.04,150.00,1385.00,null,null,null
2023-08-29T03:55:04Z,25.33,55.30,99,0,43.45,101.04,147.00,1367.00,1,1,1
2023-08-29T03:56:04Z,25.35,55.26,99,0,43.98,101.04,146.00,1360.00,null,null,null
2023-08-29T03:57:04Z,25.36,55.25,99,0,49.15,101.04,146.00,1360.00,null,null,null
2023-08-29T03:58:04Z,25.35,55.24,99,0,44.75,101.04,146.00,1360.00,null,null,null
2023-08-29T03:59:04Z,25.35,55.22,99,0,49.07,101.04,146.00,1360.00,null,null,null
2023-08-29T04:00:04Z,25.35,55.25,99,0,45.16,101.04,144.00,1349.00,0,0,0
2023-08-29T04:01:04Z,25.36,55.23,99,0,43.04,101.04,139.00,1316.00,null,null,null
2023-08-29T04:02:04Z,25.35,55.24,99,0,43.78,101.04,142.00,1334.00,null,null,null
2023-08-29T04:03:04Z,25.40,55.20,99,0,49.41,101.04,142.00,1334.00,null,null,null
2023-08-29T04:04:04Z,25.36,55.22,99,0,43.30,101.04,139.00,1316.00,null,null,null
2023-08-29T04:05:04Z,25.32,55.26,99,0,43.11,101.04,139.00,1316.00,0,0,0
2023-08-29T04:06:04Z,25.37,55.22,99,0,44.07,101.04,135.00,1291.00,null,null,null
2023-08-29T04:07:04Z,25.37,55.21,99,0,42.73,101.04,135.00,1291.00,null,null,null
2023-08-29T04:08:04Z,25.36,55.17,99,0,49.75,101.04,135.00,1291.00,null,null,null
2023-08-29T04:09:04Z,25.37,55.22,99,0,47.58,101.04,135.00,1291.00,null,null,null
2023-08-29T04:10:04Z,25.33,55.23,99,0,48.81,101.04,134.00,1285.00,1,1,1
2023-08-29T04:11:04Z,25.37,55.20,99,0,43.22,101.04,131.00,1262.00,null,null,null
2023-08-29T04:12:04Z,25.37,55.15,99,0,45.92,101.05,131.00,1262.00,null,null,null
2023-08-29T04:13:04Z,25.35,55.15,99,0,44.76,101.04,130.00,1255.00,null,null,null
2023-08-29T04:14:04Z,25.35,55.21,99,0,47.25,101.04,131.00,1262.00,null,null,null
2023-08-29T04:15:04Z,25.35,55.21,99,0,50.09,101.04,130.00,1255.00,0,0,0
2023-08-29T04:16:04Z,25.36,55.23,99,0,46.21,101.04,128.00,1242.00,null,null,null
2023-08-29T04:17:04Z,25.36,55.25,99,0,46.66,101.04,130.00,1255.00,null,null,null
2023-08-29T04:18:04Z,25.37,55.28,99,0,47.16,101.04,126.00,1228.00,null,null,null
2023-08-29T04:19:04Z,25.37,55.37,99,0,43.31,101.04,126.00,1228.00,null,null,null
2023-08-29T04:20:04Z,25.35,55.33,99,0,42.60,101.04,126.00,1228.00,1,1,1
2023-08-29T04:21:04Z,25.35,55.37,99,0,43.15,101.04,122.00,1204.00,null,null,null
2023-08-29T04:22:04Z,25.35,55.34,99,0,44.00,101.04,124.00,1215.00,null,null,null
2023-08-29T04:23:04Z,25.36,55.29,99,0,43.30,101.04,122.00,1204.00,null,null,null
2023-08-29T04:24:04Z,25.35,55.38,99,0,48.12,101.04,122.00,1204.00,null,null,null
2023-08-29T04:25:04Z,25.33,55.41,99,0,44.25,101.04,122.00,1204.00,0,0,0
2023-08-29T04:26:04Z,25.37,55.40,99,0,44.99,101.04,118.00,1178.00,null,null,null
2023-08-29T04:27:04Z,25.35,55.34,99,0,42.39,101.04,124.00,1215.00,null,null,null
2023-08-29T04:28:04Z,25.35,55.33,99,0,49.09,101.05,122.00,1204.00,null,null,null
2023-08-29T04:29:04Z,25.35,55.33,99,0,46.78,101.05,124.00,1215.00,null,null,null
2023-08-29T04:30:04Z,25.36,55.43,99,0,45.06,101.05,122.00,1204.00,0,0,0
2023-08-29T04:31:04Z,25.35,55.41,99,0,47.62,101.05,122.00,1204.00,null,null,null
2023-08-29T04:32:04Z,25.35,55.37,99,0,45.86,101.05,120.00,1188.00,null,null,null
2023-08-29T04:33:04Z,25.36,55.42,99,0,47.59,101.05,120.00,1188.00,null,null,null
2023-08-29T04:34:04Z,25.36,55.43,99,0,44.09,101.05,122.00,1204.00,null,null,null
2023-08-29T04:35:04Z,25.35,55.41,99,0,43.01,101.05,120.00,1188.00,1,1,1
2023-08-29T04:36:04Z,25.36,55.33,99,0,44.42,101.05,122.00,1204.00,null,null,null
2023-08-29T04:37:04Z,25.35,55.34,99,0,43.50,101.05,122.00,1204.00,null,null,null
2023-08-29T04:38:04Z,25.35,55.34,99,0,47.11,101.05,120.00,1188.00,null,null,null
2023-08-29T04:39:04Z,25.35,55.33,99,0,47.81,101.04,120.00,1188.00,null,null,null
2023-08-29T04:40:04Z,25.35,55.33,99,0,44.36,101.04,118.00,1178.00,0,0,0
2023-08-29T04:41:04Z,25.37,55.35,99,0,44.65,101.04,118.00,1178.00,null,null,null
2023-08-29T04:42:04Z,25.36,55.31,99,0,46.89,101.04,118.00,1178.00,null,null,null
2023-08-29T04:43:04Z,25.37,55.24,99,0,43.03,101.04,117.00,1171.00,null,null,null
2023-08-29T04:44:04Z,25.32,55.29,99,0,48.44,101.04,119.00,1184.00,null,null,null
2023-08-29T04:45:04Z,25.33,55.33,99,0,46.29,101.04,117.00,1171.00,0,0,0
2023-08-29T04:46:04Z,25.35,55.29,99,0,48.92,101.04,115.00,1156.00,null,null,null
2023-08-29T04:47:04Z,25.36,55.20,99,0,44.53,101.04,115.00,1156.00,null,null,null
2023-08-29T04:48:04Z,25.36,55.21,99,0,43.54,101.04,115.00,1159.00,null,null,null
2023-08-29T04:49:04Z,25.35,55.23,99,0,47.29,101.04,115.00,1159.00,null,null,null
2023-08-29T04:50:04Z,25.32,55.24,99,0,42.11,101.04,115.00,1159.00,1,1,1
2023-08-29T04:51:04Z,25.37,55.23,99,0,46.01,101.04,115.00,1159.00,null,null,null
2023-08-29T04:52:04Z,25.35,55.16,99,0,42.32,101.04,113.00,1147.00,null,null,null
2023-08-29T04:53:04Z,25.36,55.13,99,0,44.15,101.04,112.00,1137.00,null,null,null
2023-08-29T04:54:04Z,25.37,55.20,99,0,43.91,101.05,113.00,1147.00,null,null,null
2023-08-29T04:55:04Z,25.32,55.21,99,0,43.76,101.04,113.00,1147.00,0,0,0
2023-08-29T04:56:04Z,25.33,55.24,99,0,45.48,101.04,112.00,1137.00,null,null,null
2023-08-29T04:57:04Z,25.39,55.18,99,0,44.13,101.04,112.00,1137.00,null,null,null
2023-08-29T04:58:04Z,25.35,55.17,99,0,46.44,101.04,110.00,1125.00,null,null,null
2023-08-29T04:59:04Z,25.35,55.14,99,0,42.81,101.04,110.00,1125.00,null,null,null
2023-08-29T05:00:04Z,25.33,55.17,99,0,41.05,101.05,110.00,1125.00,0,0,0
2023-08-29T05:01:04Z,25.36,55.16,99,0,44.81,101.05,110.00,1125.00,null,null,null
2023-08-29T05:02:04Z,25.36,55.12,99,0,47.05,101.05,109.00,1118.00,null,null,null
2023-08-29T05:03:04Z,25.37,55.30,99,0,44.53,101.05,109.00,1118.00,null,null,null
2023-08-29T05:04:04Z,25.36,55.30,99,0,41.22,101.05,107.00,1105.00,null,null,null
2023-08-29T05:05:04Z,25.33,55.42,99,0,44.57,101.05,108.00,1110.00,1,1,1
2023-08-29T05:06:04Z,25.33,55.43,99,0,47.56,101.05,110.00,1125.00,null,null,null
2023-08-29T05:07:04Z,25.36,55.35,99,0,43.52,101.05,110.00,1125.00,null,null,null
2023-08-29T05:08:04Z,25.32,55.39,99,0,46.12,101.06,110.00,1125.00,null,null,null
2023-08-29T05:09:04Z,25.33,55.35,99,0,51.60,101.06,111.00,1134.00,null,null,null
2023-08-29T05:10:04Z,25.33,55.39,99,0,51.27,101.06,110.00,1125.00,0,0,0
2023-08-29T05:11:04Z,25.35,55.34,99,0,46.46,101.06,111.00,1134.00,null,null,null
2023-08-29T05:12:04Z,25.37,55.31,99,0,44.10,101.06,110.00,1125.00,null,null,null
2023-08-29T05:13:04Z,25.35,55.35,99,2,44.70,101.06,111.00,1134.00,null,null,null
2023-08-29T05:14:04Z,25.33,55.38,99,3,50.54,101.06,110.00,1125.00,null,null,null
2023-08-29T05:15:04Z,25.33,55.36,99,3,43.77,101.06,110.00,1125.00,1,1,1
2023-08-29T05:16:04Z,25.35,55.38,99,3,47.70,101.06,110.00,1125.00,null,null,null
2023-08-29T05:17:04Z,25.33,55.33,99,5,44.26,101.06,108.00,1110.00,null,null,null
2023-08-29T05:18:04Z,25.36,55.39,99,5,44.19,101.06,108.00,1110.00,null,null,null
2023-08-29T05:19:04Z,25.32,55.47,99,6,43.06,101.06,108.00,1110.00,null,null,null
2023-08-29T05:20:04Z,25.30,55.46,99,7,44.79,101.06,108.00,1110.00,0,0,0
2023-08-29T05:21:04Z,25.33,55.52,99,8,47.17,101.07,107.00,1105.00,null,null,null
2023-08-29T05:22:04Z,25.35,55.47,99,6,43.80,101.06,108.00,1110.00,null,null,null
2023-08-29T05:23:04Z,25.33,55.43,99,7,41.98,101.06,108.00,1110.00,null,null,null
2023-08-29T05:24:04Z,25.35,55.49,99,7,46.57,101.07,108.00,1110.00,null,null,null
2023-08-29T05:25:04Z,25.32,55.50,99,7,48.40,101.07,108.00,1110.00,0,0,0
2023-08-29T05:26:04Z,25.35,55.46,99,8,47.26,101.06,107.00,1105.00,null,null,null
2023-08-29T05:27:04Z,25.33,55.48,99,10,49.65,101.07,107.00,1105.00,null,null,null
2023-08-29T05:28:04Z,25.36,55.44,99,10,50.03,101.07,108.00,1110.00,null,null,null
2023-08-29T05:29:04Z,25.33,55.47,99,11,44.43,101.07,107.00,1105.00,null,null,null
2023-08-29T05:30:04Z,25.32,55.57,99,11,47.96,101.07,107.00,1105.00,0,0,0
2023-08-29T05:31:04Z,25.33,55.50,99,11,46.38,101.07,105.00,1095.00,null,null,null
2023-08-29T05:32:04Z,25.32,55.49,99,11,44.69,101.07,105.00,1095.00,null,null,null
2023-08-29T05:33:04Z,25.32,55.56,99,9,44.89,101.07,105.00,1095.00,null,null,null
2023-08-29T05:34:04Z,25.33,55.55,99,11,48.05,101.07,105.00,1095.00,null,null,null
2023-08-29T05:35:04Z,25.33,55.53,99,12,44.58,101.07,105.00,1095.00,2,2,2
2023-08-29T05:36:04Z,25.35,55.50,99,13,49.26,101.07,103.00,1081.00,null,null,null
2023-08-29T05:37:04Z,25.33,55.49,99,15,46.88,101.07,105.00,1095.00,null,null,null
2023-08-29T05:38:04Z,25.35,55.48,99,12,47.19,101.07,105.00,1095.00,null,null,null
2023-08-29T05:39:04Z,25.30,55.49,99,13,44.38,101.07,102.00,1071.00,null,null,null
2023-08-29T05:40:04Z,25.32,55.53,99,14,44.56,101.08,102.00,1071.00,0,1,1
2023-08-29T05:41:04Z,25.35,55.55,99,14,46.28,101.08,102.00,1071.00,null,null,null
2023-08-29T05:42:04Z,25.37,55.56,99,16,48.77,101.08,102.00,1071.00,null,null,null
2023-08-29T05:43:04Z,25.36,55.66,99,16,52.65,101.08,102.00,1071.00,null,null,null
2023-08-29T05:44:04Z,25.32,55.66,99,17,45.51,101.08,103.00,1081.00,null,null,null
2023-08-29T05:45:04Z,25.29,55.69,99,16,42.96,101.08,103.00,1081.00,0,0,0
2023-08-29T05:46:04Z,25.33,55.76,99,17,47.05,101.08,102.00,1071.00,null,null,null
2023-08-29T05:47:04Z,25.35,55.82,99,18,41.87,101.08,102.00,1071.00,null,null,null
2023-08-29T05:48:04Z,25.33,55.80,99,19,49.43,101.08,105.00,1095.00,null,null,null
2023-08-29T05:49:04Z,25.35,55.77,99,19,44.11,101.07,108.00,1113.00,null,null,null
2023-08-29T05:50:04Z,25.35,55.77,99,18,47.70,101.08,112.00,1137.00,1,1,1
2023-08-29T05:51:04Z,25.35,55.82,99,19,46.80,101.08,113.00,1147.00,null,null,null
2023-08-29T05:52:04Z,25.35,55.80,99,19,45.42,101.08,115.00,1159.00,null,null,null
2023-08-29T05:53:04Z,25.33,55.80,99,21,46.38,101.08,118.00,1178.00,null,null,null
2023-08-29T05:54:04Z,25.33,55.76,99,22,43.45,101.08,121.00,1195.00,null,null,null
2023-08-29T05:55:04Z,25.32,55.76,99,22,45.52,101.08,121.00,1195.00,0,0,0
2023-08-29T05:56:04Z,25.33,55.85,99,22,47.65,101.08,122.00,1204.00,null,null,null
2023-08-29T05:57:04Z,25.32,55.83,99,21,45.09,101.08,122.00,1204.00,null,null,null
2023-08-29T05:58:04Z,25.33,55.85,99,21,42.43,101.08,124.00,1215.00,null,null,null
2023-08-29T05:59:04Z,25.35,55.91,99,22,46.89,101.08,124.00,1215.00,null,null,null
2023-08-29T06:00:04Z,25.29,55.93,99,23,48.35,101.08,124.00,1215.00,0,0,0
2023-08-29T06:01:04Z,25.32,55.90,99,24,46.93,101.08,124.00,1215.00,null,null,null
2023-08-29T06:02:04Z,25.32,55.86,99,23,47.52,101.08,124.00,1215.00,null,null,null
2023-08-29T06:03:04Z,25.32,55.81,99,26,46.73,101.07,124.00,1215.00,null,null,null
2023-08-29T06:04:04Z,25.27,55.88,99,24,49.03,101.07,124.00,1215.00,null,null,null
2023-08-29T06:05:04Z,25.30,55.86,99,25,45.13,101.07,124.00,1215.00,0,0,0
2023-08-29T06:06:04Z,25.30,55.87,99,28,44.99,101.07,124.00,1215.00,null,null,null
2023-08-29T06:07:04Z,25.30,55.83,99,29,47.11,101.07,122.00,1204.00,null,null,null
2023-08-29T06:08:04Z,25.32,55.86,99,27,45.82,101.07,121.00,1195.00,null,null,null
2023-08-29T06:09:04Z,25.32,55.86,99,29,44.67,101.07,122.00,1204.00,null,null,null
2023-08-29T06:10:04Z,25.29,55.91,99,30,45.56,101.07,121.00,1195.00,0,0,0
2023-08-29T06:11:04Z,25.32,55.92,99,30,45.62,101.07,121.00,1195.00,null,null,null
2023-08-29T06:12:04Z,25.32,55.87,99,30,51.51,101.07,121.00,1195.00,null,null,null
2023-08-29T06:13:04Z,25.32,55.88,99,29,46.40,101.07,118.00,1178.00,null,null,null
2023-08-29T06:14:04Z,25.29,55.88,99,29,48.68,101.07,118.00,1178.00,null,null,null
2023-08-29T06:15:04Z,25.29,55.88,99,30,46.15,101.07,117.00,1168.00,0,0,0
2023-08-29T06:16:04Z,25.30,55.84,99,33,45.63,101.07,117.00,1168.00,null,null,null
2023-08-29T06:17:04Z,25.30,55.77,99,33,43.54,101.08,117.00,1168.00,null,null,null
2023-08-29T06:18:04Z,25.29,55.84,99,32,45.30,101.07,115.00,1159.00,null,null,null
2023-08-29T06:19:04Z,25.29,55.88,99,33,42.64,101.07,115.00,1159.00,null,null,null
2023-08-29T06:20:04Z,25.33,55.90,99,34,43.64,101.07,115.00,1159.00,0,0,0
2023-08-29T06:21:04Z,25.32,55.96,99,37,45.91,101.08,113.00,1147.00,null,null,null
2023-08-29T06:22:04Z,25.35,55.87,99,38,44.06,101.07,112.00,1137.00,null,null,null
2023-08-29T06:23:04Z,25.30,55.93,99,38,43.35,101.07,113.00,1147.00,null,null,null
2023-08-29T06:24:04Z,25.30,55.89,99,39,44.10,101.08,112.00,1137.00,null,null,null
2023-08-29T06:25:04Z,25.29,55.91,99,39,42.80,101.08,112.00,1137.00,0,0,0
2023-08-29T06:26:04Z,25.33,55.91,99,40,43.66,101.08,112.00,1137.00,null,null,null
2023-08-29T06:27:04Z,25.32,55.87,99,42,50.04,101.08,110.00,1125.00,null,null,null
2023-08-29T06:28:04Z,25.30,55.94,99,43,46.32,101.08,108.00,1113.00,null,null,null
2023-08-29T06:29:04Z,25.30,56.05,99,43,45.65,101.08,110.00,1125.00,null,null,null
2023-08-29T06:30:04Z,25.29,56.02,99,42,46.11,101.08,112.00,1137.00,0,0,0
2023-08-29T06:31:04Z,25.32,56.04,99,40,47.98,101.08,110.00,1125.00,null,null,null
2023-08-29T06:32:04Z,25.33,56.03,99,42,40.14,101.08,112.00,1137.00,null,null,null
2023-08-29T06:33:04Z,25.33,56.01,99,42,42.25,101.09,112.00,1137.00,null,null,null
2023-08-29T06:34:04Z,25.33,56.08,99,42,48.35,101.08,112.00,1137.00,null,null,null
2023-08-29T06:35:04Z,25.29,56.10,99,40,44.72,101.08,112.00,1137.00,0,0,0
2023-08-29T06:36:04Z,25.33,55.98,99,42,47.41,101.08,110.00,1125.00,null,null,null
2023-08-29T06:37:04Z,25.32,55.97,99,43,45.48,101.09,110.00,1125.00,null,null,null
2023-08-29T06:38:04Z,25.33,55.86,99,42,46.29,101.08,110.00,1125.00,null,null,null
2023-08-29T06:39:04Z,25.35,55.95,99,43,50.86,101.08,110.00,1125.00,null,null,null
2023-08-29T06:40:04Z,25.30,56.09,99,45,50.39,101.08,110.00,1125.00,1,1,1
2023-08-29T06:41:04Z,25.32,56.13,99,44,52.66,101.08,112.00,1137.00,null,null,null
2023-08-29T06:42:04Z,25.33,56.11,99,47,52.62,101.08,115.00,1159.00,null,null,null
2023-08-29T06:43:04Z,25.33,56.14,99,48,51.55,101.08,115.00,1159.00,null,null,null
2023-08-29T06:44:04Z,25.32,56.12,99,49,50.69,101.08,115.00,1159.00,null,null,null
2023-08-29T06:45:04Z,25.35,56.14,99,48,51.83,101.08,115.00,1159.00,0,0,0
2023-08-29T06:46:04Z,25.35,56.05,99,49,53.09,101.08,113.00,1147.00,null,null,null
2023-08-29T06:47:04Z,25.37,56.09,99,49,47.64,101.08,113.00,1147.00,null,null,null
2023-08-29T06:48:04Z,25.36,55.97,99,48,49.45,101.08,113.00,1147.00,null,null,null
2023-08-29T06:49:04Z,25.36,56.00,99,48,48.33,101.08,112.00,1137.00,null,null,null
2023-08-29T06:50:04Z,25.30,56.02,99,49,50.22,101.08,110.00,1125.00,0,0,0
2023-08-29T06:51:04Z,25.36,55.94,99,49,48.25,101.08,112.00,1137.00,null,null,null
2023-08-29T06:52:04Z,25.36,55.89,99,50,51.29,101.08,112.00,1137.00,null,null,null
2023-08-29T06:53:04Z,25.36,55.90,99,52,49.84,101.08,110.00,1125.00,null,null,null
2023-08-29T06:54:04Z,25.36,55.81,99,53,48.72,101.08,110.00,1125.00,null,null,null
2023-08-29T06:55:04Z,25.35,55.86,99,51,50.66,101.08,110.00,1125.00,1,1,1
2023-08-29T06:56:04Z,25.35,55.82,99,53,54.28,101.07,106.00,1102.00,null,null,null
2023-08-29T06:57:04Z,25.37,55.84,99,53,51.61,101.08,108.00,1113.00,null,null,null
2023-08-29T06:58:04Z,25.36,55.83,99,53,49.76,101.07,106.00,1102.00,null,null,null
2023-08-29T06:59:04Z,25.36,55.82,99,55,50.98,101.07,115.00,1159.00,null,null,null
2023-08-29T07:00:04Z,25.35,55.82,99,58,48.30,101.07,117.00,1168.00,0,0,0
2023-08-29T07:01:04Z,25.36,55.78,99,58,50.13,101.07,121.00,1195.00,null,null,null
2023-08-29T07:02:04Z,25.36,55.73,99,59,48.30,101.07,121.00,1195.00,null,null,null
2023-08-29T07:03:04Z,25.37,55.66,99,61,54.00,101.07,124.00,1215.00,null,null,null
2023-08-29T07:04:04Z,25.37,55.76,99,64,48.70,101.07,124.00,1215.00,null,null,null
2023-08-29T07:05:04Z,25.36,55.71,99,65,57.22,101.07,121.00,1195.00,0,0,0
2023-08-29T07:06:04Z,25.37,55.74,99,65,48.08,101.07,122.00,1204.00,null,null,null
2023-08-29T07:07:04Z,25.36,55.90,99,64,48.34,101.07,122.00,1204.00,null,null,null
2023-08-29T07:08:04Z,25.39,55.93,99,65,48.77,101.07,121.00,1195.00,null,null,null
2023-08-29T07:09:04Z,25.37,55.98,99,65,46.97,101.07,121.00,1195.00,null,null,null
2023-08-29T07:10:04Z,25.36,55.97,99,65,55.85,101.07,121.00,1195.00,0,0,0
2023-08-29T07:11:04Z,25.37,56.01,99,65,52.41,101.07,121.00,1195.00,null,null,null
2023-08-29T07:12:04Z,25.39,55.89,99,69,51.79,101.07,121.00,1195.00,null,null,null
2023-08-29T07:13:04Z,25.37,55.91,99,67,50.39,101.07,118.00,1178.00,null,null,null
2023-08-29T07:14:04Z,25.36,55.92,99,70,46.93,101.07,118.00,1178.00,null,null,null
2023-08-29T07:15:04Z,25.37,55.92,99,72,51.33,101.07,118.00,1178.00,0,0,0
2023-08-29T07:16:04Z,25.39,55.91,99,71,51.84,101.07,117.00,1168.00,null,null,null
2023-08-29T07:17:04Z,25.40,55.88,99,70,48.24,101.07,117.00,1168.00,null,null,null
2023-08-29T07:18:04Z,25.39,55.88,99,67,47.50,101.07,113.00,1147.00,null,null,null
2023-08-29T07:19:04Z,25.40,55.89,99,65,50.76,101.07,115.00,1159.00,null,null,null
2023-08-29T07:20:04Z,25.39,55.87,99,65,50.80,101.07,113.00,1147.00,0,0,0
2023-08-29T07:21:04Z,25.37,55.83,99,66,51.03,101.07,112.00,1137.00,null,null,null
2023-08-29T07:22:04Z,25.37,55.83,99,71,48.93,101.07,112.00,1137.00,null,null,null
2023-08-29T07:23:04Z,25.39,55.83,99,71,49.74,101.07,110.00,1125.00,null,null,null
2023-08-29T07:24:04Z,25.39,55.82,99,71,52.84,101.07,110.00,1125.00,null,null,null
2023-08-29T07:25:04Z,25.39,55.89,99,71,48.44,101.07,108.00,1113.00,0,0,0
2023-08-29T07:26:04Z,25.37,55.95,99,71,53.03,101.07,108.00,1113.00,null,null,null
2023-08-29T07:27:04Z,25.42,55.89,99,71,50.11,101.07,108.00,1113.00,null,null,null
2023-08-29T07:28:04Z,25.40,55.88,99,76,49.41,101.07,106.00,1102.00,null,null,null
2023-08-29T07:29:04Z,25.42,55.79,99,80,49.87,101.07,106.00,1102.00,null,null,null
2023-08-29T07:30:04Z,25.40,55.75,99,80,51.16,101.07,105.00,1095.00,0,0,0
2023-08-29T07:31:04Z,25.42,55.74,99,85,49.16,101.06,105.00,1095.00,null,null,null
2023-08-29T07:32:04Z,25.42,55.58,99,85,51.57,101.06,103.00,1081.00,null,null,null
2023-08-29T07:33:04Z,25.40,55.49,99,83,52.25,101.06,102.00,1071.00,null,null,null
2023-08-29T07:34:04Z,25.37,55.33,99,82,48.42,101.06,100.00,1062.00,null,null,null
2023-08-29T07:35:04Z,25.37,55.23,99,83,47.85,101.06,99.00,1050.00,2,2,2
2023-08-29T07:36:04Z,25.37,55.10,99,82,50.61,101.06,93.00,1017.00,null,null,null
2023-08-29T07:37:04Z,25.42,55.00,99,82,47.77,101.06,93.00,1017.00,null,null,null
2023-08-29T07:38:04Z,25.40,54.90,99,85,53.77,101.06,92.00,1009.00,null,null,null
2023-08-29T07:39:04Z,25.37,54.84,99,82,54.51,101.06,89.00,987.00,null,null,null
2023-08-29T07:40:04Z,25.36,54.76,99,85,48.94,101.06,85.00,961.00,0,0,6
2023-08-29T07:41:04Z,25.36,54.78,99,86,49.06,101.05,82.00,942.00,null,null,null
2023-08-29T07:42:04Z,25.39,54.65,99,88,48.25,101.05,81.00,935.00,null,null,null
2023-08-29T07:43:04Z,25.36,54.56,99,92,50.75,101.05,82.00,940.00,null,null,null
2023-08-29T07:44:04Z,25.35,54.56,99,92,49.69,101.05,80.00,930.00,null,null,null
2023-08-29T07:45:04Z,25.35,54.48,99,92,52.96,101.05,77.00,907.00,0,0,3
2023-08-29T07:46:04Z,25.33,54.44,99,93,50.97,101.05,77.00,907.00,null,null,null
2023-08-29T07:47:04Z,25.35,54.38,99,97,54.06,101.05,76.00,900.00,null,null,null
2023-08-29T07:48:04Z,25.35,54.44,99,93,53.56,101.04,76.00,900.00,null,null,null
2023-08-29T07:49:04Z,25.32,54.39,99,90,51.73,101.04,73.00,880.00,null,null,null
2023-08-29T07:50:04Z,25.33,54.38,99,92,51.17,101.04,69.00,857.00,1,1,1
2023-08-29T07:51:04Z,25.32,54.30,99,93,48.25,101.04,66.00,838.00,null,null,null
2023-08-29T07:52:04Z,25.30,54.25,99,93,48.18,101.04,66.00,838.00,null,null,null
2023-08-29T07:53:04Z,25.33,54.25,99,94,48.72,101.04,66.00,838.00,null,null,null
2023-08-29T07:54:04Z,25.32,54.22,99,97,51.70,101.04,62.00,808.00,null,null,null
2023-08-29T07:55:04Z,25.29,54.24,99,101,49.19,101.04,62.00,810.00,0,0,0
2023-08-29T07:56:04Z,25.30,54.24,99,101,56.50,101.04,61.00,802.00,null,null,null
2023-08-29T07:57:04Z,25.32,54.09,99,99,49.45,101.04,60.00,798.00,null,null,null
2023-08-29T07:58:04Z,25.33,54.06,99,101,51.88,101.04,58.00,787.00,null,null,null
2023-08-29T07:59:04Z,25.29,54.04,99,99,58.66,101.04,58.00,787.00,null,null,null
2023-08-29T08:00:04Z,25.26,54.14,99,102,49.89,101.04,57.00,780.00,2,3,3
2023-08-29T08:01:04Z,25.27,54.16,99,102,55.45,101.05,56.00,770.00,null,null,null
2023-08-29T08:02:04Z,25.30,54.16,99,103,49.82,101.05,56.00,770.00,null,null,null
2023-08-29T08:03:04Z,25.29,54.08,99,106,54.41,101.05,57.00,780.00,null,null,null
2023-08-29T08:04:04Z,25.27,54.20,99,157,50.38,101.04,56.00,770.00,null,null,null
2023-08-29T08:05:04Z,25.25,53.95,99,143,52.06,101.04,53.00,754.00,2,2,2
2023-08-29T08:06:04Z,25.22,53.97,99,145,49.49,101.04,51.00,737.00,null,null,null
2023-08-29T08:07:04Z,25.18,54.02,99,147,47.55,101.04,47.00,715.00,null,null,null
2023-08-29T08:08:04Z,25.16,54.04,99,149,39.43,101.04,46.00,702.00,null,null,null
2023-08-29T08:09:04Z,25.12,54.11,99,151,44.35,101.04,44.00,694.00,null,null,null
2023-08-29T08:10:04Z,25.09,54.19,99,154,38.31,101.04,42.00,679.00,1,1,1
2023-08-29T08:11:04Z,25.05,54.02,99,154,45.08,101.04,41.00,675.00,null,null,null
2023-08-29T08:12:04Z,25.03,53.88,99,155,47.28,101.03,39.00,659.00,null,null,null
2023-08-29T08:13:04Z,24.96,54.33,99,162,52.44,101.03,36.00,641.00,null,null,null
2023-08-29T08:14:04Z,24.91,54.18,99,158,43.28,101.03,33.00,620.00,null,null,null
2023-08-29T08:15:04Z,24.89,54.41,99,156,41.85,101.03,33.00,618.00,0,0,0
2023-08-29T08:16:04Z,24.86,54.35,99,158,55.09,101.03,30.00,603.00,null,null,null
2023-08-29T08:17:04Z,24.86,54.43,99,160,55.74,101.03,30.00,597.00,null,null,null
2023-08-29T08:18:04Z,24.84,54.28,99,162,38.65,101.03,29.00,592.00,null,null,null
2023-08-29T08:19:04Z,24.82,54.51,99,161,48.47,101.03,28.00,589.00,null,null,null
2023-08-29T08:20:04Z,24.78,54.29,99,160,44.40,101.03,27.00,581.00,0,0,0
2023-08-29T08:21:04Z,24.75,54.21,99,160,50.88,101.03,25.00,570.00,null,null,null
2023-08-29T08:22:04Z,24.74,54.19,99,159,49.16,101.03,25.00,566.00,null,null,null
2023-08-29T08:23:04Z,24.70,54.24,99,159,44.89,101.03,30.00,603.00,null,null,null
2023-08-29T08:24:04Z,24.68,54.34,99,162,51.53,101.03,30.00,599.00,null,null,null
2023-08-29T08:25:04Z,24.67,54.22,99,164,44.33,101.03,29.00,592.00,2,2,2
2023-08-29T08:26:04Z,24.67,54.26,99,165,43.05,101.02,29.00,591.00,null,null,null
2023-08-29T08:27:04Z,24.65,54.35,99,171,47.43,101.02,26.00,574.00,null,null,null
2023-08-29T08:28:04Z,24.64,53.76,99,171,41.66,101.02,23.00,556.00,null,null,null
2023-08-29T08:29:04Z,24.64,53.93,99,176,54.87,101.02,25.00,565.00,null,null,null
2023-08-29T08:30:04Z,24.61,54.14,99,180,44.78,101.02,25.00,565.00,2,2,2
2023-08-29T08:31:04Z,24.60,53.99,99,184,44.43,101.02,24.00,560.00,null,null,null
2023-08-29T08:32:04Z,24.60,53.93,99,188,43.41,101.02,23.00,551.00,null,null,null
2023-08-29T08:33:04Z,24.57,53.74,99,192,53.24,101.02,22.00,545.00,null,null,null
2023-08-29T08:34:04Z,24.54,54.05,99,191,48.38,101.01,21.00,540.00,null,null,null
2023-08-29T08:35:04Z,24.53,53.72,99,194,41.73,101.01,19.00,527.00,0,0,0
2023-08-29T08:36:04Z,24.49,53.69,99,197,49.22,101.01,19.00,529.00,null,null,null
2023-08-29T08:37:04Z,24.54,53.95,99,197,50.89,101.01,17.00,517.00,null,null,null
2023-08-29T08:38:04Z,24.51,53.91,99,197,47.33,101.01,17.00,517.00,null,null,null
2023-08-29T08:39:04Z,24.48,53.75,99,200,43.06,101.01,17.00,517.00,null,null,null
2023-08-29T08:40:04Z,24.47,53.82,99,197,47.45,101.00,16.00,506.00,0,0,0
2023-08-29T08:41:04Z,24.45,53.84,99,199,51.99,101.00,16.00,506.00,null,null,null
2023-08-29T08:42:04Z,24.48,53.83,99,203,48.94,101.00,16.00,506.00,null,null,null
2023-08-29T08:43:04Z,24.48,53.83,99,209,52.71,101.00,15.00,502.00,null,null,null
2023-08-29T08:44:04Z,24.45,53.68,99,207,47.01,100.99,15.00,502.00,null,null,null
2023-08-29T08:45:04Z,24.45,53.78,99,206,49.81,100.99,15.00,501.00,0,0,0
2023-08-29T08:46:04Z,24.45,53.49,99,207,41.51,100.99,12.00,481.00,null,null,null
2023-08-29T08:47:04Z,24.45,53.48,99,209,53.49,101.00,13.00,486.00,null,null,null
2023-08-29T08:48:04Z,24.41,53.43,99,209,55.81,100.99,15.00,505.00,null,null,null
2023-08-29T08:49:04Z,24.38,53.59,99,206,51.04,100.99,14.00,492.00,null,null,null
2023-08-29T08:50:04Z,24.37,53.69,99,210,49.00,100.98,13.00,488.00,2,3,3
2023-08-29T08:51:04Z,24.37,53.45,99,207,45.19,100.98,13.00,488.00,null,null,null
2023-08-29T08:52:04Z,24.37,53.64,99,209,54.46,100.98,13.00,488.00,null,null,null
2023-08-29T08:53:04Z,24.36,53.59,99,213,47.52,100.98,14.00,492.00,null,null,null
2023-08-29T08:54:04Z,24.34,53.56,99,210,47.95,100.98,14.00,492.00,null,null,null
2023-08-29T08:55:04Z,24.31,53.41,99,210,41.40,100.98,14.00,492.00,4,4,4
2023-08-29T08:56:04Z,24.36,53.54,99,212,56.41,100.98,12.00,480.00,null,null,null
2023-08-29T08:57:04Z,24.33,53.79,99,212,49.79,100.97,12.00,480.00,null,null,null
2023-08-29T08:58:04Z,24.37,53.63,99,214,49.69,100.97,11.00,475.00,null,null,null
2023-08-29T08:59:04Z,24.33,53.46,99,215,54.36,100.97,12.00,483.00,null,null,null
2023-08-29T09:00:04Z,24.37,53.50,99,217,38.07,100.98,12.00,483.00,1,1,1
2023-08-29T09:01:04Z,24.34,53.32,99,221,52.70,100.98,11.00,473.00,null,null,null
2023-08-29T09:02:04Z,24.34,53.29,99,223,44.53,100.97,11.00,473.00,null,null,null
2023-08-29T09:03:04Z,24.36,53.37,99,223,43.92,100.98,9.00,462.00,null,null,null
2023-08-29T09:04:04Z,24.34,53.23,99,223,45.61,100.98,9.00,462.00,null,null,null
2023-08-29T09:05:04Z,24.30,53.22,99,222,47.09,100.97,9.00,462.00,1,1,1
2023-08-29T09:06:04Z,24.33,52.97,99,222,60.84,100.97,7.00,448.00,null,null,null
2023-08-29T09:07:04Z,24.30,53.22,99,222,47.32,100.98,6.00,444.00,null,null,null
2023-08-29T09:08:04Z,24.31,53.06,99,224,42.27,100.97,5.00,439.00,null,null,null
2023-08-29T09:09:04Z,24.28,53.12,99,218,50.59,100.97,6.00,444.00,null,null,null
2023-08-29T09:10:04Z,24.30,53.12,99,220,45.99,100.97,7.00,448.00,0,0,0
2023-08-29T09:11:04Z,24.30,53.02,99,222,42.20,100.97,6.00,444.00,null,null,null
2023-08-29T09:12:04Z,24.27,52.85,99,225,45.14,100.97,5.00,434.00,null,null,null
2023-08-29T09:13:04Z,24.26,52.92,99,231,46.59,100.97,5.00,434.00,null,null,null
2023-08-29T09:14:04Z,24.24,53.09,99,231,51.16,100.96,5.00,434.00,null,null,null
2023-08-29T09:15:04Z,24.24,52.84,99,234,47.39,100.97,10.00,470.00,2,2,2
2023-08-29T09:16:04Z,24.24,52.60,99,235,46.80,100.97,7.00,450.00,null,null,null
2023-08-29T09:17:04Z,24.20,52.58,99,234,47.93,100.96,6.00,441.00,null,null,null
2023-08-29T09:18:04Z,24.17,52.74,99,238,51.55,100.96,7.00,446.00,null,null,null
2023-08-29T09:19:04Z,24.19,52.37,99,249,56.51,100.96,7.00,446.00,null,null,null
2023-08-29T09:20:04Z,24.17,52.64,99,259,48.68,100.96,5.00,436.00,1,1,1
2023-08-29T09:21:04Z,24.15,52.55,99,269,59.59,100.96,4.00,432.00,null,null,null
2023-08-29T09:22:04Z,24.15,52.69,99,273,40.39,100.96,2.00,418.00,null,null,null
2023-08-29T09:23:04Z,24.15,52.73,99,275,57.56,100.96,2.00,415.00,null,null,null
2023-08-29T09:24:04Z,24.13,52.73,99,275,50.57,100.96,2.00,415.00,null,null,null
2023-08-29T09:25:04Z,24.15,52.76,99,278,54.12,100.95,3.00,424.00,0,0,0
2023-08-29T09:26:04Z,24.17,52.82,99,278,46.57,100.96,3.00,420.00,null,null,null
2023-08-29T09:27:04Z,24.20,52.76,99,285,46.78,100.96,3.00,423.00,null,null,null
2023-08-29T09:28:04Z,24.19,52.67,99,285,46.92,100.96,3.00,423.00,null,null,null
2023-08-29T09:29:04Z,24.17,52.57,99,285,42.82,100.96,4.00,427.00,null,null,null
2023-08-29T09:30:04Z,24.17,52.44,99,284,45.80,100.96,4.00,427.00,0,0,0
2023-08-29T09:31:04Z,24.19,52.14,99,285,49.21,100.95,4.00,427.00,null,null,null
2023-08-29T09:32:04Z,24.19,52.35,99,279,45.62,100.96,3.00,423.00,null,null,null
2023-08-29T09:33:04Z,24.19,52.58,99,269,43.66,100.96,2.00,418.00,null,null,null
2023-08-29T09:34:04Z,24.19,52.29,99,263,50.82,100.96,2.00,415.00,null,null,null
2023-08-29T09:35:04Z,24.21,52.17,99,256,38.68,100.94,2.00,415.00,0,0,5
2023-08-29T09:36:04Z,24.20,52.03,99,259,50.96,100.94,3.00,423.00,null,null,null
2023-08-29T09:37:04Z,24.21,51.67,99,259,50.93,100.95,2.00,416.00,null,null,null
2023-08-29T09:38:04Z,24.21,51.92,99,254,47.15,100.95,2.00,416.00,null,null,null
2023-08-29T09:39:04Z,24.19,51.39,99,256,46.85,100.94,1.00,407.00,null,null,null
2023-08-29T09:40:04Z,24.15,51.69,99,258,49.88,100.94,1.00,407.00,0,0,0
2023-08-29T09:41:04Z,24.17,51.72,99,262,54.15,100.95,2.00,416.00,null,null,null
2023-08-29T09:42:04Z,24.19,51.39,99,262,50.27,100.94,3.00,421.00,null,null,null
2023-08-29T09:43:04Z,24.20,51.25,99,256,43.89,100.94,3.00,421.00,null,null,null
2023-08-29T09:44:04Z,24.17,51.12,99,250,47.38,100.94,1.00,411.00,null,null,null
2023-08-29T09:45:04Z,24.17,51.39,99,254,50.23,100.94,3.00,422.00,1,1,7
2023-08-29T09:46:04Z,24.20,51.44,99,267,43.92,100.94,3.00,421.00,null,null,null
2023-08-29T09:47:04Z,24.21,51.32,99,269,38.31,100.94,3.00,424.00,null,null,null
2023-08-29T09:48:04Z,24.23,51.21,99,267,47.81,100.94,4.00,427.00,null,null,null
2023-08-29T09:49:04Z,24.21,51.19,99,268,51.25,100.94,4.00,432.00,null,null,null
2023-08-29T09:50:04Z,24.21,50.85,99,272,56.77,100.94,4.00,432.00,2,2,2
2023-08-29T09:51:04Z,24.24,50.70,99,263,45.08,100.93,5.00,435.00,null,null,null
2023-08-29T09:52:04Z,24.24,50.89,99,262,46.61,100.93,5.00,433.00,null,null,null
2023-08-29T09:53:04Z,24.24,50.86,99,269,47.04,100.94,4.00,432.00,null,null,null
2023-08-29T09:54:04Z,24.24,50.95,99,277,38.56,100.94,6.00,442.00,null,null,null
2023-08-29T09:55:04Z,24.24,50.70,99,273,47.61,100.93,6.00,442.00,0,0,0
2023-08-29T09:56:04Z,24.26,50.73,99,275,48.49,100.94,6.00,441.00,null,null,null
2023-08-29T09:57:04Z,24.26,50.48,99,271,45.18,100.93,0.00,403.00,null,null,null
2023-08-29T09:58:04Z,24.26,50.35,99,263,49.92,100.93,0.00,403.00,null,null,null
2023-08-29T09:59:04Z,24.26,50.53,99,265,42.64,100.93,0.00,400.00,null,null,null
2023-08-29T10:00:04Z,24.23,50.64,99,272,44.52,100.92,0.00,400.00,2,2,2
2023-08-29T10:01:04Z,24.27,50.27,99,282,53.20,100.93,6.00,441.00,null,null,null
2023-08-29T10:02:04Z,24.27,49.55,99,299,48.27,100.93,0.00,400.00,null,null,null
2023-08-29T10:03:04Z,24.24,49.82,99,304,51.50,100.93,0.00,400.00,null,null,null
2023-08-29T10:04:04Z,24.23,50.24,99,303,54.91,100.93,3.00,424.00,null,null,null
2023-08-29T10:05:04Z,24.23,49.76,99,303,51.82,100.93,3.00,424.00,1,1,1
2023-08-29T10:06:04Z,24.24,49.82,99,284,31.80,100.93,1.00,411.00,null,null,null
2023-08-29T10:07:04Z,24.23,49.64,99,279,44.71,100.93,2.00,415.00,null,null,null
2023-08-29T10:08:04Z,24.24,49.19,99,292,49.00,100.92,3.00,425.00,null,null,null
2023-08-29T10:09:04Z,24.27,49.55,99,295,46.04,100.92,3.00,425.00,null,null,null
2023-08-29T10:10:04Z,24.20,48.85,99,301,57.28,100.92,0.00,400.00,2,2,2
2023-08-29T10:11:04Z,24.23,49.28,99,304,52.52,100.93,3.00,424.00,null,null,null
2023-08-29T10:12:04Z,24.24,48.85,99,308,48.22,100.93,4.00,428.00,null,null,null
2023-08-29T10:13:04Z,24.24,48.70,99,295,40.99,100.93,3.00,426.00,null,null,null
2023-08-29T10:14:04Z,24.23,48.81,99,289,49.27,100.93,5.00,434.00,null,null,null
2023-08-29T10:15:04Z,24.23,48.45,99,294,43.65,100.93,5.00,435.00,1,1,1
2023-08-29T10:16:04Z,24.21,48.72,99,301,52.35,100.93,3.00,422.00,null,null,null
2023-08-29T10:17:04Z,24.26,48.92,99,302,43.09,100.93,2.00,414.00,null,null,null
2023-08-29T10:18:04Z,24.26,48.85,99,310,53.56,100.92,0.00,400.00,null,null,null
2023-08-29T10:19:04Z,24.26,48.89,99,301,46.70,100.91,1.00,413.00,null,null,null
2023-08-29T10:20:04Z,24.23,48.73,99,304,50.13,100.93,2.00,416.00,2,2,2
2023-08-29T10:21:04Z,24.24,48.68,99,311,47.41,100.92,7.00,451.00,null,null,null
2023-08-29T10:22:04Z,24.27,48.66,99,316,53.11,100.92,7.00,451.00,null,null,null
2023-08-29T10:23:04Z,24.24,48.28,99,312,48.41,100.91,2.00,414.00,null,null,null
2023-08-29T10:24:04Z,24.26,48.46,99,312,55.28,100.92,6.00,443.00,null,null,null
2023-08-29T10:25:04Z,24.23,48.52,99,313,52.73,100.92,0.00,403.00,4,4,4
2023-08-29T10:26:04Z,24.28,48.16,99,320,50.27,100.92,4.00,432.00,null,null,null
2023-08-29T10:27:04Z,24.26,48.34,99,333,47.54,100.91,0.00,403.00,null,null,null
2023-08-29T10:28:04Z,24.26,48.66,99,334,41.46,100.91,0.00,400.00,null,null,null
2023-08-29T10:29:04Z,24.27,48.51,99,333,43.18,100.90,1.00,411.00,null,null,null
2023-08-29T10:30:04Z,24.27,48.63,99,333,45.57,100.91,2.00,415.00,2,3,3
2023-08-29T10:31:04Z,24.28,48.52,99,336,47.38,100.90,2.00,415.00,null,null,null
2023-08-29T10:32:04Z,24.31,48.61,99,336,49.90,100.90,3.00,420.00,null,null,null
2023-08-29T10:33:04Z,24.31,48.06,99,335,57.97,100.91,1.00,411.00,null,null,null
2023-08-29T10:34:04Z,24.31,48.03,99,343,38.82,100.90,3.00,420.00,null,null,null
2023-08-29T10:35:04Z,24.27,48.15,99,341,54.52,100.90,2.00,416.00,0,0,0
2023-08-29T10:36:04Z,24.30,48.02,99,350,45.09,100.90,1.00,411.00,null,null,null
2023-08-29T10:37:04Z,24.31,47.92,99,356,44.98,100.90,0.00,405.00,null,null,null
2023-08-29T10:38:04Z,24.31,48.05,99,362,35.69,100.90,1.00,409.00,null,null,null
2023-08-29T10:39:04Z,24.30,48.17,99,367,54.80,100.90,1.00,411.00,null,null,null
2023-08-29T10:40:04Z,24.31,48.25,99,373,42.12,100.89,1.00,411.00,2,2,2
2023-08-29T10:41:04Z,24.31,48.38,99,378,47.46,100.90,1.00,411.00,null,null,null
2023-08-29T10:42:04Z,24.34,48.36,99,385,45.96,100.90,2.00,415.00,null,null,null
2023-08-29T10:43:04Z,24.33,48.23,99,392,40.13,100.90,3.00,420.00,null,null,null
2023-08-29T10:44:04Z,24.34,48.23,99,406,40.88,100.90,3.00,424.00,null,null,null
2023-08-29T10:45:04Z,24.37,48.48,99,428,45.58,100.91,5.00,439.00,4,4,4
2023-08-29T10:46:04Z,24.38,48.35,99,427,50.62,100.91,5.00,434.00,null,null,null
2023-08-29T10:47:04Z,24.40,47.93,99,419,48.57,100.90,5.00,434.00,null,null,null
2023-08-29T10:48:04Z,24.41,48.21,99,424,50.06,100.90,6.00,445.00,null,null,null
2023-08-29T10:49:04Z,24.40,48.08,99,431,51.92,100.90,7.00,450.00,null,null,null
2023-08-29T10:50:04Z,24.43,47.85,99,419,53.18,100.90,8.00,455.00,3,3,3
2023-08-29T10:51:04Z,24.44,48.22,99,454,54.61,100.90,7.00,450.00,null,null,null
2023-08-29T10:52:04Z,24.44,47.92,99,445,51.59,100.90,8.00,455.00,null,null,null
2023-08-29T10:53:04Z,24.47,47.89,99,405,62.72,100.90,7.00,450.00,null,null,null
2023-08-29T10:54:04Z,24.44,46.89,99,404,51.53,100.90,5.00,439.00,null,null,null
2023-08-29T10:55:04Z,24.44,47.27,99,396,41.86,100.90,6.00,441.00,1,1,1
2023-08-29T10:56:04Z,24.44,47.44,99,373,54.02,100.90,3.00,425.00,null,null,null
2023-08-29T10:57:04Z,24.45,47.55,99,362,37.55,100.90,3.00,425.00,null,null,null
2023-08-29T10:58:04Z,24.45,47.27,99,342,48.22,100.90,3.00,425.00,null,null,null
2023-08-29T10:59:04Z,24.45,47.29,99,336,47.04,100.90,3.00,422.00,null,null,null
2023-08-29T11:00:04Z,24.41,47.38,99,345,48.59,100.89,2.00,417.00,3,7,7
2023-08-29T11:01:04Z,24.41,47.15,99,364,50.49,100.90,2.00,417.00,null,null,null
2023-08-29T11:02:04Z,24.44,47.45,99,376,49.70,100.90,2.00,415.00,null,null,null
2023-08-29T11:03:04Z,24.43,47.69,99,380,54.75,100.89,1.00,410.00,null,null,null
2023-08-29T11:04:04Z,24.45,47.40,99,382,49.19,100.90,2.00,415.00,null,null,null
2023-08-29T11:05:04Z,24.43,47.48,99,415,52.55,100.90,2.00,415.00,2,2,2
2023-08-29T11:06:04Z,24.43,47.59,99,459,48.13,100.90,1.00,410.00,null,null,null
2023-08-29T11:07:04Z,24.45,47.05,99,439,49.98,100.89,1.00,410.00,null,null,null
2023-08-29T11:08:04Z,24.45,47.41,99,452,53.34,100.89,1.00,411.00,null,null,null
2023-08-29T11:09:04Z,24.44,47.63,99,434,41.09,100.89,1.00,410.00,null,null,null
2023-08-29T11:10:04Z,24.45,47.59,99,445,53.54,100.89,2.00,417.00,7,10,10
2023-08-29T11:11:04Z,24.47,47.41,99,427,36.33,100.89,3.00,422.00,null,null,null
2023-08-29T11:12:04Z,24.45,47.15,99,427,47.35,100.89,3.00,425.00,null,null,null
2023-08-29T11:13:04Z,24.48,47.36,99,423,63.99,100.89,4.00,432.00,null,null,null
2023-08-29T11:14:04Z,24.48,47.48,99,446,49.30,100.89,5.00,435.00,null,null,null
2023-08-29T11:15:04Z,24.48,47.31,99,442,39.46,100.89,6.00,445.00,2,2,2
2023-08-29T11:16:04Z,24.51,47.47,99,408,49.45,100.88,5.00,438.00,null,null,null
2023-08-29T11:17:04Z,24.54,47.54,99,418,45.28,100.89,6.00,445.00,null,null,null
2023-08-29T11:18:04Z,24.53,47.45,99,403,46.92,100.88,7.00,451.00,null,null,null
2023-08-29T11:19:04Z,24.51,47.65,99,395,54.97,100.88,9.00,461.00,null,null,null
2023-08-29T11:20:04Z,24.53,47.83,99,395,51.98,100.88,10.00,472.00,2,2,2
2023-08-29T11:21:04Z,24.54,47.88,99,408,55.15,100.88,11.00,473.00,null,null,null
2023-08-29T11:22:04Z,24.55,47.60,99,393,47.41,100.88,12.00,483.00,null,null,null
2023-08-29T11:23:04Z,24.57,47.67,99,393,49.00,100.88,14.00,495.00,null,null,null
2023-08-29T11:24:04Z,24.57,47.34,99,401,52.96,100.88,13.00,491.00,null,null,null
2023-08-29T11:25:04Z,24.55,47.88,99,401,50.55,100.88,13.00,491.00,4,6,6
2023-08-29T11:26:04Z,24.58,47.36,99,401,49.23,100.88,11.00,473.00,null,null,null
2023-08-29T11:27:04Z,24.61,47.38,99,407,47.01,100.88,12.00,480.00,null,null,null
2023-08-29T11:28:04Z,24.55,47.37,99,418,40.86,100.87,12.00,485.00,null,null,null
2023-08-29T11:29:04Z,24.58,47.78,99,418,44.29,100.88,12.00,485.00,null,null,null
2023-08-29T11:30:04Z,24.57,47.12,99,423,39.71,100.88,12.00,483.00,4,8,8
2023-08-29T11:31:04Z,24.58,47.36,99,450,44.66,100.87,11.00,477.00,null,null,null
2023-08-29T11:32:04Z,24.60,47.51,99,428,47.80,100.87,11.00,475.00,null,null,null
2023-08-29T11:33:04Z,24.57,47.66,99,435,54.61,100.88,10.00,472.00,null,null,null
2023-08-29T11:34:04Z,24.60,47.88,99,400,44.85,100.88,10.00,472.00,null,null,null
2023-08-29T11:35:04Z,24.58,47.74,99,382,42.36,100.88,11.00,473.00,4,4,4
2023-08-29T11:36:04Z,24.58,47.19,99,362,48.85,100.87,12.00,480.00,null,null,null
2023-08-29T11:37:04Z,24.61,47.03,99,383,38.40,100.88,12.00,485.00,null,null,null
2023-08-29T11:38:04Z,24.60,47.25,99,400,54.29,100.88,12.00,480.00,null,null,null
2023-08-29T11:39:04Z,24.60,47.18,99,342,43.35,100.87,10.00,472.00,null,null,null
2023-08-29T11:40:04Z,24.60,47.39,99,329,48.55,100.88,11.00,477.00,4,4,4
2023-08-29T11:41:04Z,24.64,47.42,99,370,49.44,100.87,11.00,475.00,null,null,null
2023-08-29T11:42:04Z,24.63,47.43,99,353,43.87,100.88,12.00,480.00,null,null,null
2023-08-29T11:43:04Z,24.61,47.32,99,371,51.48,100.87,12.00,480.00,null,null,null
2023-08-29T11:44:04Z,24.61,47.11,99,371,48.37,100.87,13.00,491.00,null,null,null
2023-08-29T11:45:04Z,24.61,47.24,99,397,40.71,100.87,12.00,480.00,2,3,3
2023-08-29T11:46:04Z,24.65,47.42,99,423,42.53,100.88,11.00,473.00,null,null,null
2023-08-29T11:47:04Z,24.63,47.22,99,432,47.86,100.87,10.00,472.00,null,null,null
2023-08-29T11:48:04Z,24.64,47.37,99,456,48.48,100.87,11.00,477.00,null,null,null
2023-08-29T11:49:04Z,24.63,47.32,99,457,50.65,100.88,12.00,480.00,null,null,null
2023-08-29T11:50:04Z,24.63,47.10,99,470,48.34,100.88,11.00,475.00,1,1,1
2023-08-29T11:51:04Z,24.64,47.24,99,409,43.75,100.87,12.00,485.00,null,null,null
2023-08-29T11:52:04Z,24.65,47.27,99,416,46.49,100.87,14.00,496.00,null,null,null
2023-08-29T11:53:04Z,24.68,47.15,99,400,42.46,100.87,13.00,491.00,null,null,null
2023-08-29T11:54:04Z,24.67,47.00,99,410,47.12,100.87,13.00,491.00,null,null,null
2023-08-29T11:55:04Z,24.65,47.21,99,409,52.72,100.87,14.00,496.00,3,5,5
2023-08-29T11:56:04Z,24.67,47.35,99,431,51.24,100.87,14.00,496.00,null,null,null
2023-08-29T11:57:04Z,24.70,46.71,99,413,46.94,100.87,14.00,495.00,null,null,null
2023-08-29T11:58:04Z,24.68,47.46,99,427,46.88,100.87,15.00,502.00,null,null,null
2023-08-29T11:59:04Z,24.68,47.03,99,408,52.22,100.86,14.00,495.00,null,null,null
2023-08-29T12:00:04Z,24.68,47.20,99,407,49.04,100.86,15.00,503.00,3,3,3
2023-08-29T12:01:04Z,24.68,46.16,99,401,47.19,100.86,14.00,496.00,null,null,null
2023-08-29T12:02:04Z,24.71,46.99,99,402,46.68,100.87,14.00,498.00,null,null,null
2023-08-29T12:03:04Z,24.68,47.35,99,411,47.14,100.86,13.00,491.00,null,null,null
2023-08-29T12:04:04Z,24.70,47.16,99,419,46.93,100.87,14.00,495.00,null,null,null
2023-08-29T12:05:04Z,24.70,47.27,99,428,45.76,100.86,15.00,500.00,0,0,0
2023-08-29T12:06:04Z,24.70,46.94,99,436,55.83,100.86,12.00,485.00,null,null,null
2023-08-29T12:07:04Z,24.74,47.19,99,437,51.80,100.86,13.00,491.00,null,null,null
2023-08-29T12:08:04Z,24.71,47.31,99,444,45.56,100.86,13.00,491.00,null,null,null
2023-08-29T12:09:04Z,24.72,47.48,99,476,48.35,100.86,14.00,495.00,null,null,null
2023-08-29T12:10:04Z,24.70,47.09,99,468,44.08,100.85,14.00,498.00,0,0,0
2023-08-29T12:11:04Z,24.72,47.40,99,456,47.86,100.85,15.00,500.00,null,null,null
2023-08-29T12:12:04Z,24.75,47.11,99,475,44.68,100.84,12.00,485.00,null,null,null
2023-08-29T12:13:04Z,24.74,47.28,99,461,50.42,100.84,8.00,456.00,null,null,null
2023-08-29T12:14:04Z,24.72,47.39,99,366,57.54,100.84,13.00,491.00,null,null,null
2023-08-29T12:15:04Z,24.75,47.51,99,342,47.95,100.84,14.00,498.00,3,3,3
2023-08-29T12:16:04Z,24.76,46.45,99,346,50.43,100.83,8.00,456.00,null,null,null
2023-08-29T12:17:04Z,24.78,46.72,99,365,45.14,100.83,7.00,446.00,null,null,null
2023-08-29T12:18:04Z,24.76,46.67,99,353,50.26,100.83,7.00,450.00,null,null,null
2023-08-29T12:19:04Z,24.76,47.17,99,387,39.70,100.83,7.00,446.00,null,null,null
2023-08-29T12:20:04Z,24.76,47.40,99,400,51.59,100.83,7.00,451.00,2,2,2
2023-08-29T12:21:04Z,24.79,46.74,99,400,49.33,100.84,5.00,439.00,null,null,null
2023-08-29T12:22:04Z,24.78,47.04,99,432,51.68,100.83,7.00,450.00,null,null,null
2023-08-29T12:23:04Z,24.76,46.74,99,466,57.24,100.84,6.00,444.00,null,null,null
2023-08-29T12:24:04Z,24.78,46.60,99,484,49.70,100.84,7.00,452.00,null,null,null
2023-08-29T12:25:04Z,24.78,46.26,99,494,58.28,100.84,7.00,452.00,0,0,0
2023-08-29T12:26:04Z,24.81,46.53,99,500,43.06,100.84,6.00,442.00,null,null,null
2023-08-29T12:27:04Z,24.82,46.42,99,501,46.13,100.84,7.00,450.00,null,null,null
2023-08-29T12:28:04Z,24.79,46.26,99,506,53.31,100.83,6.00,442.00,null,null,null
2023-08-29T12:29:04Z,24.81,46.44,99,508,44.88,100.83,5.00,436.00,null,null,null
2023-08-29T12:30:04Z,24.78,46.38,99,512,48.50,100.83,6.00,442.00,2,3,3
2023-08-29T12:31:04Z,24.79,46.92,99,515,40.46,100.83,6.00,442.00,null,null,null
2023-08-29T12:32:04Z,24.81,46.66,99,521,50.32,100.82,6.00,441.00,null,null,null
2023-08-29T12:33:04Z,24.79,47.17,99,529,50.16,100.82,7.00,450.00,null,null,null
2023-08-29T12:34:04Z,24.79,46.49,99,576,57.06,100.82,7.00,446.00,null,null,null
2023-08-29T12:35:04Z,24.81,46.67,99,581,50.01,100.82,6.00,442.00,3,3,3
2023-08-29T12:36:04Z,24.81,46.94,99,570,53.53,100.82,7.00,446.00,null,null,null
2023-08-29T12:37:04Z,24.82,47.05,99,562,48.25,100.83,6.00,444.00,null,null,null
2023-08-29T12:38:04Z,24.82,46.68,99,556,42.14,100.83,7.00,446.00,null,null,null
2023-08-29T12:39:04Z,24.84,46.61,99,565,42.76,100.82,7.00,450.00,null,null,null
2023-08-29T12:40:04Z,24.84,46.14,99,572,56.52,100.82,7.00,452.00,2,2,2
2023-08-29T12:41:04Z,24.82,46.07,99,574,43.27,100.82,6.00,443.00,null,null,null
2023-08-29T12:42:04Z,24.89,46.42,99,577,52.33,100.82,6.00,443.00,null,null,null
2023-08-29T12:43:04Z,24.82,46.21,99,564,46.93,100.82,3.00,426.00,null,null,null
2023-08-29T12:44:04Z,24.86,46.55,99,594,51.11,100.82,4.00,432.00,null,null,null
2023-08-29T12:45:04Z,24.88,46.79,99,606,43.54,100.82,4.00,432.00,1,1,1
2023-08-29T12:46:04Z,24.88,46.33,99,610,43.00,100.82,3.00,424.00,null,null,null
2023-08-29T12:47:04Z,24.89,46.53,99,618,42.04,100.82,3.00,424.00,null,null,null
2023-08-29T12:48:04Z,24.91,46.72,99,616,73.85,100.82,4.00,432.00,null,null,null
2023-08-29T12:49:04Z,24.89,46.56,99,615,49.87,100.82,5.00,436.00,null,null,null
2023-08-29T12:50:04Z,24.92,45.95,99,611,42.40,100.81,6.00,442.00,1,1,1
2023-08-29T12:51:04Z,24.94,46.37,99,590,47.84,100.82,5.00,438.00,null,null,null
2023-08-29T12:52:04Z,24.95,46.50,99,576,53.12,100.82,6.00,442.00,null,null,null
2023-08-29T12:53:04Z,24.96,46.47,99,612,49.27,100.82,6.00,442.00,null,null,null
2023-08-29T12:54:04Z,24.96,46.71,99,613,48.52,100.83,6.00,442.00,null,null,null
2023-08-29T12:55:04Z,24.95,46.67,99,612,53.10,100.82,7.00,450.00,4,7,7
2023-08-29T12:56:04Z,24.96,46.56,99,595,44.96,100.82,7.00,450.00,null,null,null
2023-08-29T12:57:04Z,24.98,46.58,99,588,46.72,100.82,8.00,457.00,null,null,null
2023-08-29T12:58:04Z,24.99,46.36,99,604,51.83,100.81,10.00,466.00,null,null,null
2023-08-29T12:59:04Z,24.96,46.43,99,612,39.55,100.81,9.00,462.00,null,null,null
2023-08-29T13:00:04Z,24.99,46.39,99,613,47.88,100.81,10.00,466.00,1,1,1
2023-08-29T13:01:04Z,25.02,46.29,99,604,52.45,100.82,7.00,452.00,null,null,null
2023-08-29T13:02:04Z,25.00,46.43,99,562,44.19,100.81,8.00,457.00,null,null,null
2023-08-29T13:03:04Z,25.03,46.63,99,503,52.66,100.82,9.00,462.00,null,null,null
2023-08-29T13:04:04Z,25.02,46.16,99,516,38.00,100.81,8.00,457.00,null,null,null
2023-08-29T13:05:04Z,25.00,45.47,99,539,51.12,100.81,7.00,447.00,4,5,5
2023-08-29T13:06:04Z,25.03,45.80,99,567,37.35,100.82,7.00,448.00,null,null,null
2023-08-29T13:07:04Z,25.02,45.72,99,583,40.14,100.81,5.00,434.00,null,null,null
2023-08-29T13:08:04Z,25.05,45.98,99,567,48.60,100.81,6.00,444.00,null,null,null
2023-08-29T13:09:04Z,25.03,46.18,99,532,46.89,100.81,7.00,447.00,null,null,null
2023-08-29T13:10:04Z,25.05,45.81,99,534,56.60,100.81,7.00,447.00,2,2,2
2023-08-29T13:11:04Z,25.05,46.31,99,479,36.92,100.81,7.00,447.00,null,null,null
2023-08-29T13:12:04Z,25.06,46.39,99,450,48.62,100.81,7.00,446.00,null,null,null
2023-08-29T13:13:04Z,25.05,46.09,99,461,47.21,100.81,7.00,450.00,null,null,null
2023-08-29T13:14:04Z,25.05,46.27,99,494,50.28,100.81,8.00,456.00,null,null,null
2023-08-29T13:15:04Z,25.05,46.39,99,542,50.29,100.81,7.00,452.00,0,0,0
2023-08-29T13:16:04Z,25.08,46.01,99,589,47.21,100.81,6.00,442.00,null,null,null
2023-08-29T13:17:04Z,25.09,46.23,99,619,46.96,100.81,8.00,456.00,null,null,null
2023-08-29T13:18:04Z,25.12,46.34,99,621,41.65,100.82,8.00,459.00,null,null,null
2023-08-29T13:19:04Z,25.09,46.06,99,600,54.10,100.81,8.00,457.00,null,null,null
2023-08-29T13:20:04Z,25.12,46.22,99,536,48.41,100.81,8.00,456.00,2,2,2
2023-08-29T13:21:04Z,25.09,45.97,99,511,43.80,100.81,8.00,456.00,null,null,null
2023-08-29T13:22:04Z,25.11,46.20,99,524,38.05,100.81,7.00,447.00,null,null,null
2023-08-29T13:23:04Z,25.12,46.47,99,545,42.85,100.81,8.00,459.00,null,null,null
2023-08-29T13:24:04Z,25.12,46.45,99,534,59.22,100.81,9.00,462.00,null,null,null
2023-08-29T13:25:04Z,25.09,45.93,99,465,45.58,100.81,8.00,457.00,2,2,2
2023-08-29T13:26:04Z,25.12,45.55,99,448,50.03,100.81,8.00,456.00,null,null,null
2023-08-29T13:27:04Z,25.12,45.58,99,398,45.76,100.82,6.00,441.00,null,null,null
2023-08-29T13:28:04Z,25.11,45.92,99,377,50.92,100.81,6.00,441.00,null,null,null
2023-08-29T13:29:04Z,25.08,45.78,99,375,52.21,100.80,5.00,438.00,null,null,null
2023-08-29T13:30:04Z,25.11,46.14,99,392,50.71,100.80,6.00,443.00,3,3,3
2023-08-29T13:31:04Z,25.11,45.54,99,404,50.81,100.80,5.00,438.00,null,null,null
2023-08-29T13:32:04Z,25.14,46.14,99,422,48.94,100.80,6.00,444.00,null,null,null
2023-08-29T13:33:04Z,25.12,46.16,99,441,50.56,100.80,7.00,447.00,null,null,null
2023-08-29T13:34:04Z,25.12,46.30,99,447,48.37,100.79,8.00,456.00,null,null,null
2023-08-29T13:35:04Z,25.12,46.25,99,447,54.24,100.80,8.00,457.00,2,2,2
2023-08-29T13:36:04Z,25.16,45.99,99,415,52.06,100.80,8.00,457.00,null,null,null
2023-08-29T13:37:04Z,25.14,45.90,99,380,50.74,100.80,8.00,459.00,null,null,null
2023-08-29T13:38:04Z,25.15,45.76,99,371,44.16,100.80,8.00,456.00,null,null,null
2023-08-29T13:39:04Z,25.15,45.98,99,380,41.32,100.80,7.00,447.00,null,null,null
2023-08-29T13:40:04Z,25.09,46.05,99,389,42.01,100.80,8.00,456.00,3,3,3
2023-08-29T13:41:04Z,25.14,46.01,99,381,42.73,100.81,8.00,456.00,null,null,null
2023-08-29T13:42:04Z,25.12,46.07,99,400,46.48,100.80,9.00,463.00,null,null,null
2023-08-29T13:43:04Z,25.14,45.43,99,409,53.00,100.80,10.00,470.00,null,null,null
2023-08-29T13:44:04Z,25.14,45.83,99,405,54.20,100.79,9.00,462.00,null,null,null
2023-08-29T13:45:04Z,25.11,46.08,99,418,51.01,100.80,8.00,459.00,2,2,2
2023-08-29T13:46:04Z,25.12,45.56,99,441,44.34,100.80,8.00,456.00,null,null,null
2023-08-29T13:47:04Z,25.12,45.59,99,448,48.70,100.80,8.00,459.00,null,null,null
2023-08-29T13:48:04Z,25.12,45.03,99,463,51.07,100.80,8.00,454.00,null,null,null
2023-08-29T13:49:04Z,25.09,46.19,99,518,41.57,100.80,7.00,448.00,null,null,null
2023-08-29T13:50:04Z,25.11,46.31,99,506,41.58,100.80,6.00,443.00,1,1,1
2023-08-29T13:51:04Z,25.14,46.64,99,483,35.70,100.80,6.00,442.00,null,null,null
2023-08-29T13:52:04Z,25.12,47.11,99,436,41.41,100.80,7.00,452.00,null,null,null
2023-08-29T13:53:04Z,25.14,47.22,99,380,35.89,100.80,8.00,456.00,null,null,null
2023-08-29T13:54:04Z,25.14,47.52,99,321,38.22,100.80,9.00,464.00,null,null,null
2023-08-29T13:55:04Z,25.11,47.82,99,263,39.71,100.80,10.00,472.00,2,4,4
2023-08-29T13:56:04Z,25.14,47.96,99,249,35.52,100.79,10.00,472.00,null,null,null
2023-08-29T13:57:04Z,25.14,48.07,99,243,35.80,100.79,13.00,487.00,null,null,null
2023-08-29T13:58:04Z,25.15,48.20,99,236,35.84,100.79,14.00,497.00,null,null,null
2023-08-29T13:59:04Z,25.15,48.29,99,244,38.80,100.79,16.00,508.00,null,null,null
2023-08-29T14:00:04Z,25.12,48.50,99,254,38.48,100.79,17.00,517.00,1,1,1
2023-08-29T14:01:04Z,25.18,48.75,99,261,36.64,100.79,18.00,519.00,null,null,null
2023-08-29T14:02:04Z,25.15,48.84,99,264,54.08,100.79,19.00,530.00,null,null,null
2023-08-29T14:03:04Z,25.19,48.84,99,265,43.49,100.79,21.00,540.00,null,null,null
2023-08-29T14:04:04Z,25.15,48.91,99,254,42.26,100.79,21.00,543.00,null,null,null
2023-08-29T14:05:04Z,25.14,48.97,99,233,37.35,100.79,23.00,552.00,2,4,4
2023-08-29T14:06:04Z,25.19,48.97,99,220,48.12,100.79,23.00,552.00,null,null,null
2023-08-29T14:07:04Z,25.16,49.07,99,214,37.39,100.79,25.00,565.00,null,null,null
2023-08-29T14:08:04Z,25.16,49.11,99,203,42.53,100.79,26.00,572.00,null,null,null
2023-08-29T14:09:04Z,25.16,49.21,99,191,40.49,100.79,28.00,584.00,null,null,null
2023-08-29T14:10:04Z,25.16,49.19,99,192,39.61,100.79,28.00,588.00,3,3,3
2023-08-29T14:11:04Z,25.18,49.27,99,198,40.19,100.80,28.00,588.00,null,null,null
2023-08-29T14:12:04Z,25.18,49.29,99,188,37.34,100.80,30.00,597.00,null,null,null
2023-08-29T14:13:04Z,25.21,49.28,99,175,37.42,100.79,30.00,600.00,null,null,null
2023-08-29T14:14:04Z,25.18,49.37,99,162,38.29,100.79,32.00,614.00,null,null,null
2023-08-29T14:15:04Z,25.16,49.46,99,151,36.80,100.80,32.00,614.00,3,3,3
2023-08-29T14:16:04Z,25.16,49.43,99,147,32.68,100.80,35.00,634.00,null,null,null
2023-08-29T14:17:04Z,25.19,49.39,99,145,37.29,100.79,34.00,629.00,null,null,null
2023-08-29T14:18:04Z,25.18,49.39,99,141,42.69,100.79,36.00,641.00,null,null,null
2023-08-29T14:19:04Z,25.18,49.55,99,142,44.93,100.79,37.00,649.00,null,null,null
2023-08-29T14:20:04Z,25.16,49.57,99,146,39.36,100.79,39.00,656.00,1,6,6
2023-08-29T14:21:04Z,25.16,49.61,99,152,37.97,100.80,37.00,649.00,null,null,null
2023-08-29T14:22:04Z,25.18,49.68,99,163,41.05,100.80,41.00,671.00,null,null,null
2023-08-29T14:23:04Z,25.18,49.65,99,172,36.35,100.80,41.00,671.00,null,null,null
2023-08-29T14:24:04Z,25.19,49.63,99,168,42.86,100.80,42.00,679.00,null,null,null
2023-08-29T14:25:04Z,25.15,49.71,99,167,40.15,100.79,40.00,665.00,5,5,5
2023-08-29T14:26:04Z,25.19,49.80,99,172,33.95,100.80,41.00,671.00,null,null,null
2023-08-29T14:27:04Z,25.19,49.76,99,178,40.08,100.79,43.00,683.00,null,null,null
2023-08-29T14:28:04Z,25.16,49.70,99,182,38.43,100.79,41.00,671.00,null,null,null
2023-08-29T14:29:04Z,25.19,49.57,99,185,39.05,100.79,44.00,694.00,null,null,null
2023-08-29T14:30:04Z,25.15,49.69,99,180,40.08,100.79,44.00,694.00,1,1,1
2023-08-29T14:31:04Z,25.18,49.55,99,172,39.97,100.79,43.00,688.00,null,null,null
2023-08-29T14:32:04Z,25.16,49.77,99,175,38.94,100.79,44.00,694.00,null,null,null
2023-08-29T14:33:04Z,25.19,49.83,99,175,40.18,100.79,43.00,683.00,null,null,null
2023-08-29T14:34:04Z,25.16,49.85,99,173,45.04,100.80,44.00,692.00,null,null,null
2023-08-29T14:35:04Z,25.16,49.98,99,168,43.48,100.79,47.00,710.00,3,3,8
2023-08-29T14:36:04Z,25.18,49.96,99,166,39.52,100.79,47.00,710.00,null,null,null
2023-08-29T14:37:04Z,25.21,49.92,99,163,39.21,100.79,47.00,715.00,null,null,null
2023-08-29T14:38:04Z,25.18,50.20,99,160,58.15,100.79,47.00,715.00,null,null,null
2023-08-29T14:39:04Z,25.16,50.62,99,162,42.00,100.79,47.00,710.00,null,null,null
2023-08-29T14:40:04Z,25.18,50.92,99,160,36.18,100.78,47.00,715.00,1,2,2
2023-08-29T14:41:04Z,25.19,50.91,99,160,32.25,100.78,48.00,717.00,null,null,null
2023-08-29T14:42:04Z,25.19,50.82,99,161,41.01,100.78,49.00,728.00,null,null,null
2023-08-29T14:43:04Z,25.18,50.87,99,161,44.15,100.78,49.00,728.00,null,null,null
2023-08-29T14:44:04Z,25.19,50.89,99,162,40.98,100.78,51.00,735.00,null,null,null
2023-08-29T14:45:04Z,25.16,50.94,99,163,35.77,100.78,52.00,744.00,1,1,1
2023-08-29T14:46:04Z,25.18,50.78,99,168,38.70,100.77,52.00,744.00,null,null,null
2023-08-29T14:47:04Z,25.21,50.72,99,177,33.95,100.77,51.00,735.00,null,null,null
2023-08-29T14:48:04Z,25.21,50.68,99,183,41.68,100.77,53.00,752.00,null,null,null
2023-08-29T14:49:04Z,25.19,50.64,99,190,42.05,100.78,56.00,770.00,null,null,null
2023-08-29T14:50:04Z,25.16,50.51,99,191,40.53,100.77,56.00,770.00,1,1,1
2023-08-29T14:51:04Z,25.16,49.96,99,182,45.70,100.77,53.00,752.00,null,null,null
2023-08-29T14:52:04Z,25.18,50.31,99,165,39.72,100.77,56.00,770.00,null,null,null
2023-08-29T14:53:04Z,25.19,50.18,99,158,38.62,100.77,53.00,752.00,null,null,null
2023-08-29T14:54:04Z,25.16,50.07,99,160,34.69,100.77,57.00,778.00,null,null,null
2023-08-29T14:55:04Z,25.18,50.18,99,160,30.03,100.78,56.00,770.00,2,3,3
2023-08-29T14:56:04Z,25.18,50.18,99,158,38.89,100.77,56.00,770.00,null,null,null
2023-08-29T14:57:04Z,25.18,50.11,99,156,41.17,100.76,54.00,761.00,null,null,null
2023-08-29T14:58:04Z,25.18,50.03,99,155,41.46,100.76,56.00,770.00,null,null,null
2023-08-29T14:59:04Z,25.19,50.14,99,158,35.64,100.76,54.00,761.00,null,null,null
2023-08-29T15:00:04Z,25.15,50.11,99,165,36.38,100.77,57.00,778.00,1,1,1
2023-08-29T15:01:04Z,25.18,49.97,99,162,39.12,100.76,57.00,778.00,null,null,null
2023-08-29T15:02:04Z,25.16,50.15,99,166,34.03,100.76,54.00,761.00,null,null,null
2023-08-29T15:03:04Z,25.16,50.18,99,171,37.41,100.76,57.00,778.00,null,null,null
2023-08-29T15:04:04Z,25.16,50.08,99,177,36.58,100.76,57.00,778.00,null,null,null
2023-08-29T15:05:04Z,25.15,49.87,99,183,38.28,100.76,56.00,770.00,0,0,0
2023-08-29T15:06:04Z,25.14,49.96,99,182,39.33,100.75,56.00,770.00,null,null,null
2023-08-29T15:07:04Z,25.18,49.86,99,182,31.65,100.75,57.00,778.00,null,null,null
2023-08-29T15:08:04Z,25.18,49.74,99,178,37.51,100.75,58.00,787.00,null,null,null
2023-08-29T15:09:04Z,25.15,49.83,99,175,44.33,100.75,57.00,780.00,null,null,null
2023-08-29T15:10:04Z,25.14,49.69,99,177,50.30,100.76,56.00,770.00,5,5,5
2023-08-29T15:11:04Z,25.18,49.89,99,182,43.78,100.75,57.00,780.00,null,null,null
2023-08-29T15:12:04Z,25.14,49.55,99,182,48.22,100.75,57.00,778.00,null,null,null
2023-08-29T15:13:04Z,25.12,49.65,99,191,34.29,100.75,59.00,791.00,null,null,null
2023-08-29T15:14:04Z,25.15,49.77,99,207,42.46,100.75,57.00,780.00,null,null,null
2023-08-29T15:15:04Z,25.15,49.30,99,230,37.78,100.75,56.00,770.00,4,4,4
2023-08-29T15:16:04Z,25.18,49.57,99,237,35.89,100.75,56.00,772.00,null,null,null
2023-08-29T15:17:04Z,25.14,49.54,99,224,37.49,100.74,57.00,780.00,null,null,null
2023-08-29T15:18:04Z,25.15,49.61,99,220,44.06,100.75,57.00,780.00,null,null,null
2023-08-29T15:19:04Z,25.14,49.62,99,233,51.86,100.75,55.00,763.00,null,null,null
2023-08-29T15:20:04Z,25.14,49.36,99,263,37.62,100.76,57.00,780.00,2,2,2
2023-08-29T15:21:04Z,25.14,49.40,99,297,43.77,100.74,55.00,763.00,null,null,null
2023-08-29T15:22:04Z,25.15,49.37,99,328,41.79,100.74,55.00,763.00,null,null,null
2023-08-29T15:23:04Z,25.15,49.51,99,333,41.69,100.74,55.00,763.00,null,null,null
2023-08-29T15:24:04Z,25.14,49.61,99,316,34.47,100.74,56.00,772.00,null,null,null
2023-08-29T15:25:04Z,25.12,49.81,99,286,33.52,100.75,56.00,772.00,3,3,3
2023-08-29T15:26:04Z,25.14,49.73,99,271,38.34,100.74,54.00,761.00,null,null,null
2023-08-29T15:27:04Z,25.15,49.75,99,268,40.62,100.74,57.00,780.00,null,null,null
2023-08-29T15:28:04Z,25.12,49.70,99,281,37.00,100.74,54.00,761.00,null,null,null
2023-08-29T15:29:04Z,25.11,49.80,99,304,34.87,100.73,59.00,791.00,null,null,null
2023-08-29T15:30:04Z,25.14,49.73,99,319,51.38,100.73,54.00,761.00,3,3,3
2023-08-29T15:31:04Z,25.14,49.79,99,323,46.18,100.73,57.00,780.00,null,null,null
2023-08-29T15:32:04Z,25.14,49.79,99,339,43.54,100.73,54.00,761.00,null,null,null
2023-08-29T15:33:04Z,25.14,49.72,99,359,41.94,100.73,57.00,778.00,null,null,null
2023-08-29T15:34:04Z,25.12,49.69,99,369,36.80,100.73,59.00,791.00,null,null,null
2023-08-29T15:35:04Z,25.14,49.76,99,342,41.86,100.73,56.00,772.00,2,3,3
2023-08-29T15:36:04Z,25.14,49.91,99,292,41.27,100.73,54.00,761.00,null,null,null
2023-08-29T15:37:04Z,25.14,49.77,99,255,37.61,100.73,57.00,778.00,null,null,null
2023-08-29T15:38:04Z,25.15,49.83,99,230,43.48,100.74,57.00,778.00,null,null,null
2023-08-29T15:39:04Z,25.14,49.88,99,213,41.41,100.74,56.00,770.00,null,null,null
2023-08-29T15:40:04Z,25.14,49.91,99,201,37.53,100.73,57.00,778.00,1,1,1
2023-08-29T15:41:04Z,25.18,49.87,99,204,39.66,100.73,56.00,770.00,null,null,null
2023-08-29T15:42:04Z,25.15,49.83,99,213,41.52,100.73,57.00,778.00,null,null,null
2023-08-29T15:43:04Z,25.15,49.94,99,225,37.51,100.73,56.00,770.00,null,null,null
2023-08-29T15:44:04Z,25.14,49.90,99,241,38.33,100.74,57.00,778.00,null,null,null
2023-08-29T15:45:04Z,25.12,49.45,99,255,41.23,100.73,54.00,761.00,3,4,4
2023-08-29T15:46:04Z,25.12,49.48,99,267,37.33,100.73,59.00,791.00,null,null,null
2023-08-29T15:47:04Z,25.12,49.64,99,270,41.61,100.71,56.00,772.00,null,null,null
2023-08-29T15:48:04Z,25.14,49.67,99,254,43.11,100.72,57.00,780.00,null,null,null
2023-08-29T15:49:04Z,25.14,49.80,99,234,39.64,100.72,59.00,791.00,null,null,null
2023-08-29T15:50:04Z,25.09,49.78,99,212,39.88,100.72,54.00,761.00,3,3,3
2023-08-29T15:51:04Z,25.15,49.42,99,199,34.50,100.73,57.00,778.00,null,null,null
2023-08-29T15:52:04Z,25.12,49.62,99,189,34.50,100.73,57.00,780.00,null,null,null
2023-08-29T15:53:04Z,25.12,49.18,99,182,31.51,100.72,57.00,780.00,null,null,null
2023-08-29T15:54:04Z,25.11,49.38,99,178,42.17,100.72,56.00,772.00,null,null,null
2023-08-29T15:55:04Z,25.09,49.65,99,182,31.89,100.72,55.00,763.00,2,4,4
2023-08-29T15:56:04Z,25.14,49.29,99,187,36.84,100.71,57.00,780.00,null,null,null
2023-08-29T15:57:04Z,25.12,49.06,99,194,50.86,100.73,57.00,780.00,null,null,null
2023-08-29T15:58:04Z,25.14,49.19,99,187,41.66,100.72,55.00,763.00,null,null,null
2023-08-29T15:59:04Z,25.09,49.67,99,177,42.35,100.71,56.00,772.00,null,null,null
2023-08-29T16:00:04Z,25.11,49.63,99,170,41.01,100.71,55.00,763.00,5,9,9
2023-08-29T16:01:04Z,25.11,49.54,99,161,41.69,100.71,56.00,772.00,null,null,null
2023-08-29T16:02:04Z,25.08,49.94,99,158,37.85,100.71,57.00,780.00,null,null,null
2023-08-29T16:03:04Z,25.11,49.52,99,158,43.14,100.71,56.00,770.00,null,null,null
2023-08-29T16:04:04Z,25.09,49.93,99,153,44.78,100.71,55.00,763.00,null,null,null
2023-08-29T16:05:04Z,25.11,49.76,99,148,47.74,100.70,57.00,778.00,4,4,4
2023-08-29T16:06:04Z,25.12,49.38,99,146,59.17,100.70,53.00,752.00,null,null,null
2023-08-29T16:07:04Z,25.12,49.84,99,157,47.08,100.71,57.00,780.00,null,null,null
2023-08-29T16:08:04Z,25.09,49.80,99,171,38.32,100.70,54.00,761.00,null,null,null
2023-08-29T16:09:04Z,25.11,49.69,99,182,42.35,100.70,57.00,778.00,null,null,null
2023-08-29T16:10:04Z,25.11,49.85,99,199,41.24,100.70,59.00,791.00,2,3,3
2023-08-29T16:11:04Z,25.09,49.76,99,198,35.32,100.70,56.00,770.00,null,null,null
2023-08-29T16:12:04Z,25.08,49.30,99,188,40.62,100.70,57.00,778.00,null,null,null
2023-08-29T16:13:04Z,25.09,49.15,99,185,48.77,100.70,57.00,780.00,null,null,null
2023-08-29T16:14:04Z,25.08,49.81,99,172,38.44,100.70,59.00,791.00,null,null,null
2023-08-29T16:15:04Z,25.06,49.64,99,152,42.82,100.70,56.00,770.00,2,2,8
2023-08-29T16:16:04Z,25.06,49.23,99,143,36.27,100.70,56.00,772.00,null,null,null
2023-08-29T16:17:04Z,25.08,49.87,99,142,45.12,100.70,59.00,791.00,null,null,null
2023-08-29T16:18:04Z,25.08,49.75,99,150,39.42,100.71,56.00,770.00,null,null,null
2023-08-29T16:19:04Z,25.08,49.66,99,174,38.07,100.70,54.00,761.00,null,null,null
2023-08-29T16:20:04Z,25.06,49.50,99,212,41.13,100.71,57.00,780.00,4,4,4
2023-08-29T16:21:04Z,25.11,50.17,99,217,39.88,100.70,55.00,763.00,null,null,null
2023-08-29T16:22:04Z,25.08,49.58,99,192,39.92,100.70,57.00,778.00,null,null,null
2023-08-29T16:23:04Z,25.09,49.79,99,171,48.62,100.69,57.00,780.00,null,null,null
2023-08-29T16:24:04Z,25.06,49.43,99,152,43.32,100.70,57.00,778.00,null,null,null
2023-08-29T16:25:04Z,25.05,49.71,99,141,44.73,100.70,57.00,780.00,1,1,1
2023-08-29T16:26:04Z,25.06,49.35,99,140,45.88,100.70,55.00,763.00,null,null,null
2023-08-29T16:27:04Z,25.09,49.42,99,141,44.32,100.70,56.00,772.00,null,null,null
2023-08-29T16:28:04Z,25.08,49.26,99,135,41.18,100.69,56.00,772.00,null,null,null
2023-08-29T16:29:04Z,25.06,49.74,99,134,39.12,100.70,56.00,772.00,null,null,null
2023-08-29T16:30:04Z,25.03,49.52,99,137,42.76,100.70,56.00,772.00,5,5,5
2023-08-29T16:31:04Z,25.06,49.46,99,137,39.50,100.69,55.00,763.00,null,null,null
2023-08-29T16:32:04Z,25.08,49.67,99,132,42.11,100.70,55.00,763.00,null,null,null
2023-08-29T16:33:04Z,25.06,49.86,99,127,43.05,100.69,56.00,772.00,null,null,null
2023-08-29T16:34:04Z,25.06,49.89,99,122,57.73,100.69,56.00,770.00,null,null,null
2023-08-29T16:35:04Z,25.06,49.85,99,122,33.24,100.69,53.00,752.00,2,3,3
2023-08-29T16:36:04Z,25.06,50.42,99,129,34.29,100.69,57.00,778.00,null,null,null
2023-08-29T16:37:04Z,25.06,50.14,99,124,37.63,100.70,57.00,778.00,null,null,null
2023-08-29T16:38:04Z,25.08,49.79,99,104,36.70,100.69,54.00,761.00,null,null,null
2023-08-29T16:39:04Z,25.08,49.93,99,99,40.71,100.70,56.00,770.00,null,null,null
2023-08-29T16:40:04Z,25.02,50.05,99,104,42.32,100.69,53.00,752.00,4,6,6
2023-08-29T16:41:04Z,25.06,50.14,99,108,41.10,100.71,56.00,770.00,null,null,null
2023-08-29T16:42:04Z,25.05,49.98,99,104,32.37,100.70,54.00,761.00,null,null,null
2023-08-29T16:43:04Z,25.05,49.87,99,108,46.44,100.69,56.00,770.00,null,null,null
2023-08-29T16:44:04Z,25.03,49.98,99,115,40.87,100.70,53.00,752.00,null,null,null
2023-08-29T16:45:04Z,25.05,50.15,99,122,40.38,100.69,57.00,778.00,1,1,1
2023-08-29T16:46:04Z,25.05,50.23,99,120,39.02,100.69,56.00,770.00,null,null,null
2023-08-29T16:47:04Z,25.03,50.17,99,120,30.03,100.69,57.00,778.00,null,null,null
2023-08-29T16:48:04Z,25.02,50.54,99,112,46.02,100.69,57.00,778.00,null,null,null
2023-08-29T16:49:04Z,25.02,50.27,99,103,37.22,100.69,54.00,761.00,null,null,null
2023-08-29T16:50:04Z,25.02,50.42,99,100,32.51,100.69,56.00,770.00,4,4,4
2023-08-29T16:51:04Z,25.02,50.09,99,115,40.40,100.69,58.00,787.00,null,null,null
2023-08-29T16:52:04Z,25.02,50.54,99,132,32.28,100.69,58.00,787.00,null,null,null
2023-08-29T16:53:04Z,25.03,50.65,99,114,41.39,100.68,59.00,793.00,null,null,null
2023-08-29T16:54:04Z,25.02,50.39,99,89,44.59,100.69,58.00,787.00,null,null,null
2023-08-29T16:55:04Z,25.02,50.32,99,79,35.79,100.69,59.00,793.00,1,1,1
2023-08-29T16:56:04Z,25.05,50.29,99,80,39.92,100.70,59.00,793.00,null,null,null
2023-08-29T16:57:04Z,25.05,50.15,99,89,41.07,100.69,57.00,778.00,null,null,null
2023-08-29T16:58:04Z,25.02,50.02,99,95,38.98,100.69,60.00,798.00,null,null,null
2023-08-29T16:59:04Z,25.00,50.16,99,100,35.20,100.69,58.00,787.00,null,null,null
2023-08-29T17:00:04Z,25.00,50.20,99,94,42.77,100.69,60.00,798.00,3,3,3
2023-08-29T17:01:04Z,25.02,50.22,99,80,35.54,100.69,58.00,787.00,null,null,null
2023-08-29T17:02:04Z,25.03,50.05,99,70,35.83,100.69,60.00,798.00,null,null,null
2023-08-29T17:03:04Z,25.02,50.17,99,69,46.87,100.68,56.00,770.00,null,null,null
2023-08-29T17:04:04Z,25.00,50.29,99,63,39.90,100.68,60.00,798.00,null,null,null
2023-08-29T17:05:04Z,24.96,50.59,99,64,41.63,100.69,56.00,770.00,0,0,0
2023-08-29T17:06:04Z,25.00,50.69,99,64,35.99,100.69,57.00,778.00,null,null,null
2023-08-29T17:07:04Z,24.99,50.44,99,60,39.42,100.69,59.00,793.00,null,null,null
2023-08-29T17:08:04Z,24.99,50.27,99,62,36.05,100.69,59.00,793.00,null,null,null
2023-08-29T17:09:04Z,24.99,50.59,99,64,40.98,100.69,57.00,778.00,null,null,null
2023-08-29T17:10:04Z,24.98,50.74,99,68,36.49,100.69,59.00,793.00,1,3,22
2023-08-29T17:11:04Z,25.00,50.84,99,68,37.25,100.69,61.00,806.00,null,null,null
2023-08-29T17:12:04Z,25.00,50.56,99,72,39.53,100.69,61.00,806.00,null,null,null
2023-08-29T17:13:04Z,25.00,50.49,99,73,36.83,100.69,59.00,793.00,null,null,null
2023-08-29T17:14:04Z,24.98,50.50,99,77,40.72,100.70,59.00,793.00,null,null,null
2023-08-29T17:15:04Z,24.98,50.53,99,83,34.01,100.69,59.00,793.00,3,4,4
2023-08-29T17:16:04Z,24.99,50.55,99,87,40.88,100.69,56.00,770.00,null,null,null
2023-08-29T17:17:04Z,24.99,50.66,99,84,42.82,100.68,58.00,787.00,null,null,null
2023-08-29T17:18:04Z,25.00,50.97,99,79,41.51,100.69,56.00,770.00,null,null,null
2023-08-29T17:19:04Z,24.99,50.95,99,71,36.40,100.69,56.00,770.00,null,null,null
2023-08-29T17:20:04Z,24.98,50.91,99,64,41.21,100.69,58.00,783.00,5,7,7
2023-08-29T17:21:04Z,24.99,51.14,99,64,40.21,100.68,53.00,752.00,null,null,null
2023-08-29T17:22:04Z,24.98,51.46,99,67,37.27,100.68,54.00,761.00,null,null,null
2023-08-29T17:23:04Z,24.96,51.47,99,63,39.52,100.68,52.00,742.00,null,null,null
2023-08-29T17:24:04Z,24.94,52.08,99,54,34.47,100.69,49.00,726.00,null,null,null
2023-08-29T17:25:04Z,24.95,53.22,99,52,40.48,100.68,57.00,776.00,83,173,333
2023-08-29T17:26:04Z,24.95,53.25,99,45,45.27,100.68,67.00,844.00,null,null,null
2023-08-29T17:27:04Z,24.96,53.72,99,44,41.86,100.68,75.00,897.00,null,null,null
2023-08-29T17:28:04Z,24.95,53.94,99,44,43.92,100.68,88.00,981.00,null,null,null
2023-08-29T17:29:04Z,24.95,53.34,99,43,29.89,100.67,102.00,1071.00,null,null,null
2023-08-29T17:30:04Z,24.95,53.04,99,42,39.05,100.67,129.00,1252.00,63,132,206
2023-08-29T17:31:04Z,24.98,52.62,99,42,36.67,100.67,156.00,1425.00,null,null,null
2023-08-29T17:32:04Z,24.98,52.51,99,42,40.22,100.67,171.00,1499.00,null,null,null
2023-08-29T17:33:04Z,24.98,52.49,99,42,52.38,100.67,180.00,1513.00,null,null,null
2023-08-29T17:34:04Z,24.94,52.65,99,39,30.76,100.67,185.00,1520.00,null,null,null
2023-08-29T17:35:04Z,24.95,53.08,99,38,33.06,100.68,207.00,1550.00,54,114,138
2023-08-29T17:36:04Z,24.95,52.77,99,41,41.73,100.67,210.00,1556.00,null,null,null
2023-08-29T17:37:04Z,24.98,52.62,99,39,38.80,100.67,210.00,1556.00,null,null,null
2023-08-29T17:38:04Z,24.95,52.99,99,38,38.07,100.68,214.00,1560.00,null,null,null
2023-08-29T17:39:04Z,24.95,52.54,99,40,41.01,100.68,210.00,1556.00,null,null,null
2023-08-29T17:40:04Z,24.94,52.49,99,47,40.90,100.68,214.00,1560.00,36,78,131
2023-08-29T17:41:04Z,24.92,52.43,99,45,30.08,100.68,207.00,1550.00,null,null,null
2023-08-29T17:42:04Z,24.94,52.26,99,47,40.01,100.67,207.00,1550.00,null,null,null
2023-08-29T17:43:04Z,24.95,52.14,99,50,35.37,100.66,191.00,1528.00,null,null,null
2023-08-29T17:44:04Z,24.92,52.02,99,56,39.87,100.66,183.00,1517.00,null,null,null
2023-08-29T17:45:04Z,24.92,51.97,99,50,45.50,100.66,180.00,1513.00,27,47,66
2023-08-29T17:46:04Z,24.92,52.07,99,50,40.96,100.66,174.00,1503.00,null,null,null
2023-08-29T17:47:04Z,24.91,52.11,99,54,35.87,100.66,164.00,1482.00,null,null,null
2023-08-29T17:48:04Z,24.92,52.08,99,49,38.76,100.66,167.00,1499.00,null,null,null
2023-08-29T17:49:04Z,24.88,52.16,99,46,37.95,100.66,157.00,1436.00,null,null,null
2023-08-29T17:50:04Z,24.89,52.10,99,49,38.06,100.68,157.00,1436.00,16,30,45
2023-08-29T17:51:04Z,24.91,52.22,99,39,38.94,100.67,151.00,1397.00,null,null,null
2023-08-29T17:52:04Z,24.89,52.02,99,38,37.69,100.67,149.00,1380.00,null,null,null
2023-08-29T17:53:04Z,24.86,52.10,99,37,36.33,100.67,143.00,1345.00,null,null,null
2023-08-29T17:54:04Z,24.88,52.16,99,28,41.06,100.67,138.00,1310.00,null,null,null
2023-08-29T17:55:04Z,24.85,52.31,99,26,33.20,100.68,136.00,1295.00,15,35,64
2023-08-29T17:56:04Z,24.89,52.15,99,25,40.85,100.67,128.00,1245.00,null,null,null
2023-08-29T17:57:04Z,24.88,52.12,99,23,39.34,100.67,128.00,1245.00,null,null,null
2023-08-29T17:58:04Z,24.88,52.08,99,20,34.37,100.67,126.00,1231.00,null,null,null
2023-08-29T17:59:04Z,24.86,52.15,99,18,36.89,100.67,122.00,1207.00,null,null,null
2023-08-29T18:00:04Z,24.85,52.11,99,14,35.42,100.67,115.00,1159.00,16,28,36
2023-08-29T18:01:04Z,24.88,52.25,99,17,40.38,100.67,115.00,1159.00,null,null,null
2023-08-29T18:02:04Z,24.86,52.12,99,16,33.50,100.66,109.00,1122.00,null,null,null
2023-08-29T18:03:04Z,24.84,52.22,99,17,43.92,100.68,111.00,1134.00,null,null,null
2023-08-29T18:04:04Z,24.81,52.29,99,20,36.16,100.67,105.00,1093.00,null,null,null
2023-08-29T18:05:04Z,24.84,52.32,99,22,37.06,100.68,105.00,1093.00,8,18,23
2023-08-29T18:06:04Z,24.84,52.32,99,22,39.85,100.67,101.00,1068.00,null,null,null
2023-08-29T18:07:04Z,24.82,52.40,99,20,39.03,100.67,98.00,1044.00,null,null,null
2023-08-29T18:08:04Z,24.82,52.43,99,18,38.70,100.67,98.00,1044.00,null,null,null
2023-08-29T18:09:04Z,24.79,52.40,99,20,40.29,100.67,92.00,1004.00,null,null,null
2023-08-29T18:10:04Z,24.79,52.50,99,21,38.19,100.68,93.00,1014.00,1,1,1
2023-08-29T18:11:04Z,24.79,52.57,99,21,37.24,100.68,87.00,977.00,null,null,null
2023-08-29T18:12:04Z,24.78,52.72,99,23,41.11,100.67,86.00,967.00,null,null,null
2023-08-29T18:13:04Z,24.78,52.85,99,22,35.43,100.68,89.00,990.00,null,null,null
2023-08-29T18:14:04Z,24.76,52.73,99,18,36.88,100.68,86.00,967.00,null,null,null
2023-08-29T18:15:04Z,24.78,52.80,99,16,34.95,100.69,87.00,977.00,13,16,16
2023-08-29T18:16:04Z,24.81,52.97,99,16,31.01,100.69,86.00,967.00,null,null,null
2023-08-29T18:17:04Z,24.79,52.94,99,12,37.99,100.69,82.00,940.00,null,null,null
2023-08-29T18:18:04Z,24.79,52.97,99,12,39.63,100.69,82.00,940.00,null,null,null
2023-08-29T18:19:04Z,24.76,53.02,99,10,33.83,100.70,80.00,927.00,null,null,null
2023-08-29T18:20:04Z,24.76,53.09,99,8,47.12,100.70,77.00,907.00,5,8,8
2023-08-29T18:21:04Z,24.75,53.09,99,8,37.37,100.70,77.00,907.00,null,null,null
2023-08-29T18:22:04Z,24.75,53.34,99,8,39.90,100.70,73.00,885.00,null,null,null
2023-08-29T18:23:04Z,24.75,53.15,99,8,42.16,100.70,75.00,897.00,null,null,null
2023-08-29T18:24:04Z,24.71,53.24,99,7,40.18,100.69,72.00,874.00,null,null,null
2023-08-29T18:25:04Z,24.72,53.22,99,13,42.11,100.70,83.00,951.00,1,2,2
2023-08-29T18:26:04Z,24.72,53.38,99,18,39.15,100.69,83.00,951.00,null,null,null
2023-08-29T18:27:04Z,24.76,53.26,99,19,39.01,100.69,80.00,927.00,null,null,null
2023-08-29T18:28:04Z,24.74,53.29,99,19,34.85,100.69,72.00,874.00,null,null,null
2023-08-29T18:29:04Z,24.72,53.34,99,18,46.08,100.68,83.00,951.00,null,null,null
2023-08-29T18:30:04Z,24.71,53.35,99,16,39.06,100.69,83.00,951.00,8,9,9
2023-08-29T18:31:04Z,24.75,53.58,99,13,34.17,100.69,83.00,951.00,null,null,null
2023-08-29T18:32:04Z,24.76,53.38,99,13,40.79,100.69,73.00,885.00,null,null,null
2023-08-29T18:33:04Z,24.74,53.28,99,11,38.84,100.68,70.00,865.00,null,null,null
2023-08-29T18:34:04Z,24.75,53.40,99,8,37.29,100.69,83.00,951.00,null,null,null
2023-08-29T18:35:04Z,24.71,53.42,99,7,29.47,100.68,72.00,874.00,2,4,4
2023-08-29T18:36:04Z,24.70,53.67,99,8,34.28,100.68,80.00,927.00,null,null,null
2023-08-29T18:37:04Z,24.75,53.45,99,7,49.43,100.68,83.00,951.00,null,null,null
2023-08-29T18:38:04Z,24.74,53.62,99,6,29.44,100.67,73.00,885.00,null,null,null
2023-08-29T18:39:04Z,24.71,53.66,99,6,39.93,100.69,80.00,927.00,null,null,null
2023-08-29T18:40:04Z,24.70,53.53,99,6,39.58,100.68,83.00,951.00,1,1,1
2023-08-29T18:41:04Z,24.75,53.57,99,6,41.59,100.67,80.00,927.00,null,null,null
2023-08-29T18:42:04Z,24.70,53.60,99,5,37.98,100.68,70.00,865.00,null,null,null
2023-08-29T18:43:04Z,24.71,53.79,99,5,35.05,100.69,80.00,927.00,null,null,null
2023-08-29T18:44:04Z,24.74,53.73,99,3,41.32,100.68,80.00,927.00,null,null,null
2023-08-29T18:45:04Z,24.70,53.71,99,3,40.55,100.68,78.00,918.00,4,4,4
2023-08-29T18:46:04Z,24.72,53.72,99,0,42.77,100.69,77.00,907.00,null,null,null
2023-08-29T18:47:04Z,24.74,53.77,99,0,40.57,100.69,78.00,918.00,null,null,null
2023-08-29T18:48:04Z,24.70,53.70,99,0,38.40,100.68,78.00,918.00,null,null,null
2023-08-29T18:49:04Z,24.68,53.79,99,0,38.55,100.69,75.00,897.00,null,null,null
2023-08-29T18:50:04Z,24.68,53.80,99,0,42.99,100.68,75.00,897.00,4,5,5
2023-08-29T18:51:04Z,24.67,54.11,99,0,39.32,100.68,74.00,887.00,null,null,null
2023-08-29T18:52:04Z,24.70,54.16,99,0,37.39,100.68,77.00,907.00,null,null,null
2023-08-29T18:53:04Z,24.68,53.92,99,0,41.68,100.68,77.00,907.00,null,null,null
2023-08-29T18:54:04Z,24.67,53.89,99,0,36.33,100.68,75.00,897.00,null,null,null
2023-08-29T18:55:04Z,24.68,54.02,99,0,40.88,100.68,75.00,897.00,3,3,3
2023-08-29T18:56:04Z,24.68,54.03,99,0,46.16,100.68,74.00,887.00,null,null,null
2023-08-29T18:57:04Z,24.70,53.99,99,0,37.08,100.68,72.00,877.00,null,null,null
2023-08-29T18:58:04Z,24.67,54.09,99,0,28.98,100.68,72.00,877.00,null,null,null
2023-08-29T18:59:04Z,24.67,54.26,99,0,37.20,100.68,71.00,868.00,null,null,null
2023-08-29T19:00:04Z,24.64,54.25,99,0,38.39,100.68,71.00,868.00,3,6,6
2023-08-29T19:01:04Z,24.65,54.23,99,0,34.14,100.67,74.00,887.00,null,null,null
2023-08-29T19:02:04Z,24.65,54.22,99,0,38.81,100.69,77.00,907.00,null,null,null
2023-08-29T19:03:04Z,24.64,54.14,99,0,40.09,100.68,77.00,907.00,null,null,null
2023-08-29T19:04:04Z,24.64,54.21,99,0,33.93,100.68,75.00,897.00,null,null,null
2023-08-29T19:05:04Z,24.64,54.35,99,0,36.99,100.68,75.00,897.00,2,2,2
2023-08-29T19:06:04Z,24.64,54.45,99,0,35.38,100.68,74.00,887.00,null,null,null
2023-08-29T19:07:04Z,24.63,54.42,99,0,36.14,100.68,74.00,887.00,null,null,null
2023-08-29T19:08:04Z,24.63,54.43,99,0,38.05,100.68,74.00,887.00,null,null,null
2023-08-29T19:09:04Z,24.63,54.48,99,0,38.70,100.69,75.00,897.00,null,null,null
2023-08-29T19:10:04Z,24.60,54.48,99,0,45.02,100.69,75.00,897.00,2,3,3
2023-08-29T19:11:04Z,24.63,54.54,99,0,38.95,100.68,75.00,897.00,null,null,null
2023-08-29T19:12:04Z,24.64,54.54,99,0,31.74,100.68,75.00,897.00,null,null,null
2023-08-29T19:13:04Z,24.61,54.53,99,0,32.12,100.69,75.00,897.00,null,null,null
2023-08-29T19:14:04Z,24.61,54.61,99,0,30.17,100.68,75.00,897.00,null,null,null
2023-08-29T19:15:04Z,24.58,54.63,99,0,37.95,100.68,75.00,897.00,2,3,3
2023-08-29T19:16:04Z,24.60,54.73,99,0,36.20,100.68,77.00,907.00,null,null,null
2023-08-29T19:17:04Z,24.61,54.65,99,0,38.84,100.68,74.00,887.00,null,null,null
2023-08-29T19:18:04Z,24.60,54.81,99,0,40.06,100.68,74.00,887.00,null,null,null
2023-08-29T19:19:04Z,24.57,54.79,99,0,40.10,100.68,74.00,887.00,null,null,null
2023-08-29T19:20:04Z,24.57,54.89,99,0,43.63,100.68,75.00,897.00,0,0,0
2023-08-29T19:21:04Z,24.60,54.83,99,0,40.50,100.69,72.00,877.00,null,null,null
2023-08-29T19:22:04Z,24.60,54.82,99,0,40.56,100.68,72.00,877.00,null,null,null
2023-08-29T19:23:04Z,24.61,55.20,99,0,32.97,100.68,74.00,887.00,null,null,null
2023-08-29T19:24:04Z,24.57,54.90,99,0,31.64,100.68,75.00,897.00,null,null,null
2023-08-29T19:25:04Z,24.55,54.93,99,0,33.29,100.68,72.00,877.00,3,3,3
2023-08-29T19:26:04Z,24.58,54.93,99,0,35.90,100.68,72.00,877.00,null,null,null
2023-08-29T19:27:04Z,24.57,55.03,99,0,42.80,100.68,74.00,887.00,null,null,null
2023-08-29T19:28:04Z,24.58,55.01,99,0,38.83,100.67,74.00,887.00,null,null,null
2023-08-29T19:29:04Z,24.55,55.06,99,0,38.91,100.68,72.00,877.00,null,null,null
2023-08-29T19:30:04Z,24.57,55.06,99,0,38.16,100.68,72.00,877.00,0,0,0
2023-08-29T19:31:04Z,24.57,55.15,99,0,33.61,100.68,75.00,897.00,null,null,null
2023-08-29T19:32:04Z,24.58,55.02,99,0,35.09,100.68,75.00,897.00,null,null,null
2023-08-29T19:33:04Z,24.54,55.02,99,0,46.56,100.68,74.00,887.00,null,null,null
2023-08-29T19:34:04Z,24.55,55.09,99,0,40.92,100.69,72.00,877.00,null,null,null
2023-08-29T19:35:04Z,24.51,55.13,99,0,36.67,100.67,74.00,887.00,1,1,1
2023-08-29T19:36:04Z,24.54,55.29,99,0,33.74,100.68,74.00,887.00,null,null,null
2023-08-29T19:37:04Z,24.53,55.19,99,0,41.22,100.68,71.00,868.00,null,null,null
2023-08-29T19:38:04Z,24.54,55.33,99,0,34.27,100.68,75.00,897.00,null,null,null
2023-08-29T19:39:04Z,24.54,55.28,99,0,34.63,100.68,72.00,877.00,null,null,null
2023-08-29T19:40:04Z,24.51,55.25,99,0,39.71,100.67,74.00,887.00,1,2,8
2023-08-29T19:41:04Z,24.55,55.25,99,0,39.63,100.68,74.00,887.00,null,null,null
2023-08-29T19:42:04Z,24.55,55.30,99,0,38.80,100.67,74.00,887.00,null,null,null
2023-08-29T19:43:04Z,24.54,55.38,99,0,42.13,100.67,74.00,887.00,null,null,null
2023-08-29T19:44:04Z,24.51,55.43,99,0,39.60,100.67,74.00,887.00,null,null,null
2023-08-29T19:45:04Z,24.51,55.41,99,0,35.93,100.68,75.00,897.00,0,0,0
2023-08-29T19:46:04Z,24.54,55.38,99,0,41.66,100.67,75.00,897.00,null,null,null
2023-08-29T19:47:04Z,24.51,55.33,99,0,36.65,100.66,74.00,887.00,null,null,null
2023-08-29T19:48:04Z,24.51,55.38,99,0,35.36,100.66,72.00,877.00,null,null,null
2023-08-29T19:49:04Z,24.49,55.43,99,0,38.96,100.66,69.00,855.00,null,null,null
2023-08-29T19:50:04Z,24.48,55.45,99,0,44.73,100.66,69.00,855.00,0,0,0
2023-08-29T19:51:04Z,24.49,55.60,99,0,33.94,100.66,71.00,868.00,null,null,null
2023-08-29T19:52:04Z,24.48,55.60,99,0,36.17,100.66,72.00,877.00,null,null,null
2023-08-29T19:53:04Z,24.49,55.53,99,0,42.11,100.66,71.00,868.00,null,null,null
2023-08-29T19:54:04Z,24.47,55.56,99,0,40.23,100.65,74.00,887.00,null,null,null
2023-08-29T19:55:04Z,24.45,55.69,99,0,40.44,100.66,74.00,887.00,0,0,0
2023-08-29T19:56:04Z,24.44,55.60,99,0,37.92,100.66,72.00,877.00,null,null,null
2023-08-29T19:57:04Z,24.48,55.55,99,0,35.32,100.66,71.00,868.00,null,null,null
2023-08-29T19:58:04Z,24.45,55.60,99,0,33.44,100.66,71.00,868.00,null,null,null
2023-08-29T19:59:04Z,24.45,55.64,99,0,32.12,100.65,74.00,887.00,null,null,null
2023-08-29T20:00:04Z,24.45,55.56,99,0,37.95,100.65,74.00,887.00,1,1,1
2023-08-29T20:01:04Z,24.45,55.59,99,0,39.58,100.66,74.00,887.00,null,null,null
2023-08-29T20:02:04Z,24.47,55.64,99,0,39.73,100.65,75.00,897.00,null,null,null
2023-08-29T20:03:04Z,24.47,55.52,99,0,41.76,100.65,74.00,887.00,null,null,null
2023-08-29T20:04:04Z,24.45,55.59,99,0,38.68,100.65,74.00,887.00,null,null,null
2023-08-29T20:05:04Z,24.44,55.80,99,0,39.68,100.66,74.00,887.00,1,1,1
2023-08-29T20:06:04Z,24.45,55.71,99,0,33.91,100.66,71.00,870.00,null,null,null
2023-08-29T20:07:04Z,24.45,55.75,99,0,41.02,100.66,71.00,868.00,null,null,null
2023-08-29T20:08:04Z,24.47,55.80,99,0,36.22,100.66,69.00,857.00,null,null,null
2023-08-29T20:09:04Z,24.43,55.92,99,0,40.94,100.66,73.00,880.00,null,null,null
2023-08-29T20:10:04Z,24.41,55.76,99,0,32.58,100.65,73.00,880.00,0,0,0
2023-08-29T20:11:04Z,24.43,55.76,99,0,35.39,100.66,73.00,880.00,null,null,null
2023-08-29T20:12:04Z,24.47,55.81,99,0,39.96,100.66,73.00,880.00,null,null,null
2023-08-29T20:13:04Z,24.41,55.74,99,0,42.92,100.66,73.00,880.00,null,null,null
2023-08-29T20:14:04Z,24.44,55.84,99,0,39.02,100.65,74.00,887.00,null,null,null
2023-08-29T20:15:04Z,24.41,55.83,99,0,33.54,100.66,71.00,870.00,0,0,0
2023-08-29T20:16:04Z,24.43,55.95,99,0,36.65,100.66,68.00,848.00,null,null,null
2023-08-29T20:17:04Z,24.43,55.95,99,0,40.14,100.66,68.00,848.00,null,null,null
2023-08-29T20:18:04Z,24.41,56.03,99,0,43.74,100.65,71.00,870.00,null,null,null
2023-08-29T20:19:04Z,24.40,56.09,99,0,34.52,100.66,73.00,880.00,null,null,null
2023-08-29T20:20:04Z,24.38,55.98,99,0,42.00,100.65,73.00,880.00,0,0,0
2023-08-29T20:21:04Z,24.41,56.00,99,0,28.40,100.65,74.00,889.00,null,null,null
2023-08-29T20:22:04Z,24.43,56.00,99,0,31.83,100.65,74.00,889.00,null,null,null
2023-08-29T20:23:04Z,24.43,56.06,99,0,35.29,100.64,73.00,880.00,null,null,null
2023-08-29T20:24:04Z,24.41,55.93,99,0,34.95,100.64,73.00,880.00,null,null,null
2023-08-29T20:25:04Z,24.38,56.11,99,0,40.43,100.64,73.00,880.00,2,3,3
2023-08-29T20:26:04Z,24.40,56.10,99,0,37.95,100.64,73.00,880.00,null,null,null
2023-08-29T20:27:04Z,24.40,56.18,99,0,37.39,100.63,74.00,889.00,null,null,null
2023-08-29T20:28:04Z,24.38,56.14,99,0,28.74,100.63,74.00,889.00,null,null,null
2023-08-29T20:29:04Z,24.38,56.20,99,0,41.01,100.63,78.00,913.00,null,null,null
2023-08-29T20:30:04Z,24.37,56.20,99,0,32.24,100.64,78.00,913.00,2,3,3
2023-08-29T20:31:04Z,24.41,56.22,99,0,43.86,100.63,78.00,913.00,null,null,null
2023-08-29T20:32:04Z,24.40,56.25,99,0,38.70,100.63,79.00,923.00,null,null,null
2023-08-29T20:33:04Z,24.38,56.27,99,0,40.24,100.63,77.00,909.00,null,null,null
2023-08-29T20:34:04Z,24.40,56.32,99,0,36.88,100.62,76.00,900.00,null,null,null
2023-08-29T20:35:04Z,24.36,56.42,99,0,42.53,100.62,79.00,920.00,0,0,0
2023-08-29T20:36:04Z,24.40,56.52,99,0,41.96,100.62,79.00,920.00,null,null,null
2023-08-29T20:37:04Z,24.40,56.34,99,0,38.06,100.63,79.00,920.00,null,null,null
2023-08-29T20:38:04Z,24.40,56.49,99,0,38.96,100.62,79.00,920.00,null,null,null
2023-08-29T20:39:04Z,24.38,56.49,99,0,48.09,100.62,80.00,930.00,null,null,null
2023-08-29T20:40:04Z,24.37,56.44,99,0,36.32,100.62,77.00,909.00,0,0,0
2023-08-29T20:41:04Z,24.38,56.38,99,0,42.46,100.62,80.00,930.00,null,null,null
2023-08-29T20:42:04Z,24.40,56.51,99,0,41.86,100.61,79.00,920.00,null,null,null
2023-08-29T20:43:04Z,24.38,56.44,99,0,35.80,100.62,83.00,949.00,null,null,null
2023-08-29T20:44:04Z,24.38,56.43,99,0,40.74,100.61,80.00,930.00,null,null,null
2023-08-29T20:45:04Z,24.38,56.50,99,0,35.44,100.61,85.00,959.00,0,0,0
2023-08-29T20:46:04Z,24.38,56.57,99,0,40.06,100.61,85.00,959.00,null,null,null
2023-08-29T20:47:04Z,24.37,56.43,99,0,38.56,100.61,83.00,949.00,null,null,null
2023-08-29T20:48:04Z,24.37,56.45,99,0,39.93,100.61,85.00,959.00,null,null,null
2023-08-29T20:49:04Z,24.36,56.55,99,0,41.84,100.60,85.00,959.00,null,null,null
2023-08-29T20:50:04Z,24.34,56.65,99,0,37.96,100.60,83.00,949.00,1,1,1
2023-08-29T20:51:04Z,24.37,56.59,99,0,35.84,100.60,85.00,959.00,null,null,null
2023-08-29T20:52:04Z,24.37,56.58,99,0,35.74,100.59,85.00,959.00,null,null,null
2023-08-29T20:53:04Z,24.36,56.67,99,0,45.68,100.59,83.00,949.00,null,null,null
2023-08-29T20:54:04Z,24.37,56.66,99,0,39.12,100.60,86.00,970.00,null,null,null
2023-08-29T20:55:04Z,24.36,56.57,99,0,40.02,100.59,86.00,970.00,0,1,1
2023-08-29T20:56:04Z,24.37,56.71,99,0,33.62,100.59,88.00,983.00,null,null,null
2023-08-29T20:57:04Z,24.37,56.94,99,0,36.63,100.59,85.00,959.00,null,null,null
2023-08-29T20:58:04Z,24.37,57.01,99,0,36.22,100.59,89.00,987.00,null,null,null
2023-08-29T20:59:04Z,24.37,57.06,99,0,34.39,100.60,89.00,987.00,null,null,null
2023-08-29T21:00:04Z,24.37,57.41,99,0,39.72,100.59,87.00,975.00,1,1,1
2023-08-29T21:01:04Z,24.37,57.77,99,0,30.87,100.59,85.00,964.00,null,null,null
2023-08-29T21:02:04Z,24.34,58.42,99,0,32.78,100.59,85.00,964.00,null,null,null
2023-08-29T21:03:04Z,24.36,58.22,99,0,39.86,100.59,87.00,975.00,null,null,null
2023-08-29T21:04:04Z,24.33,58.70,99,0,43.51,100.59,90.00,997.00,null,null,null
2023-08-29T21:05:04Z,24.34,59.44,99,0,50.97,100.58,90.00,997.00,1,1,1
2023-08-29T21:06:04Z,24.38,60.14,99,0,37.57,100.58,87.00,977.00,null,null,null
2023-08-29T21:07:04Z,24.40,59.86,99,0,39.17,100.58,89.00,990.00,null,null,null
2023-08-29T21:08:04Z,24.37,60.00,99,0,28.60,100.58,92.00,1004.00,null,null,null
2023-08-29T21:09:04Z,24.40,60.15,99,0,42.55,100.58,96.00,1032.00,null,null,null
2023-08-29T21:10:04Z,24.37,59.72,99,0,34.28,100.58,96.00,1032.00,2,2,2
2023-08-29T21:11:04Z,24.38,59.36,99,0,39.41,100.58,98.00,1044.00,null,null,null
2023-08-29T21:12:04Z,24.37,59.28,99,0,42.03,100.58,96.00,1032.00,null,null,null
2023-08-29T21:13:04Z,24.40,59.68,99,0,36.39,100.58,98.00,1044.00,null,null,null
2023-08-29T21:14:04Z,24.36,59.79,99,0,33.53,100.58,96.00,1032.00,null,null,null
2023-08-29T21:15:04Z,24.36,59.80,99,0,39.63,100.57,100.00,1062.00,2,2,2
2023-08-29T21:16:04Z,24.37,59.76,99,0,39.78,100.57,98.00,1044.00,null,null,null
2023-08-29T21:17:04Z,24.37,59.70,99,0,37.94,100.57,102.00,1074.00,null,null,null
2023-08-29T21:18:04Z,24.38,59.65,99,0,37.62,100.57,106.00,1099.00,null,null,null
2023-08-29T21:19:04Z,24.38,59.48,99,0,39.35,100.57,106.00,1099.00,null,null,null
2023-08-29T21:20:04Z,24.34,59.48,99,0,37.58,100.57,106.00,1099.00,2,2,2
2023-08-29T21:21:04Z,24.36,59.12,99,0,38.39,100.57,106.00,1099.00,null,null,null
2023-08-29T21:22:04Z,24.37,59.03,99,0,40.93,100.57,111.00,1131.00,null,null,null
2023-08-29T21:23:04Z,24.38,59.07,99,0,44.35,100.57,106.00,1099.00,null,null,null
2023-08-29T21:24:04Z,24.38,58.99,99,0,50.97,100.57,111.00,1131.00,null,null,null
2023-08-29T21:25:04Z,24.37,59.00,99,0,41.77,100.57,106.00,1099.00,0,0,0
2023-08-29T21:26:04Z,24.37,59.13,99,0,32.72,100.57,108.00,1110.00,null,null,null
2023-08-29T21:27:04Z,24.38,59.05,99,9,37.57,100.56,106.00,1099.00,null,null,null
2023-08-29T21:28:04Z,24.36,59.01,99,1,32.91,100.56,108.00,1110.00,null,null,null
2023-08-29T21:29:04Z,24.37,59.05,99,0,30.91,100.57,106.00,1099.00,null,null,null
2023-08-29T21:30:04Z,24.37,58.97,99,1,36.15,100.57,108.00,1110.00,1,1,1
2023-08-29T21:31:04Z,24.37,58.92,99,1,35.58,100.56,106.00,1099.00,null,null,null
2023-08-29T21:32:04Z,24.36,58.91,99,1,38.33,100.56,101.00,1068.00,null,null,null
2023-08-29T21:33:04Z,24.36,58.82,99,1,29.13,100.56,104.00,1086.00,null,null,null
2023-08-29T21:34:04Z,24.34,58.90,99,1,33.16,100.56,104.00,1086.00,null,null,null
2023-08-29T21:35:04Z,24.36,58.89,99,1,37.98,100.55,104.00,1086.00,0,0,0
2023-08-29T21:36:04Z,24.34,58.94,99,1,44.03,100.55,106.00,1099.00,null,null,null
2023-08-29T21:37:04Z,24.37,58.95,99,1,47.09,100.54,104.00,1086.00,null,null,null
2023-08-29T21:38:04Z,24.38,58.94,99,1,38.41,100.54,104.00,1086.00,null,null,null
2023-08-29T21:39:04Z,24.36,58.80,99,1,39.54,100.55,104.00,1086.00,null,null,null
2023-08-29T21:40:04Z,24.36,58.80,99,1,31.01,100.55,104.00,1086.00,3,4,4
2023-08-29T21:41:04Z,24.36,58.89,99,1,42.53,100.55,104.00,1086.00,null,null,null
2023-08-29T21:42:04Z,24.38,58.85,99,1,38.26,100.55,104.00,1086.00,null,null,null
2023-08-29T21:43:04Z,24.36,58.87,99,1,39.18,100.55,104.00,1086.00,null,null,null
2023-08-29T21:44:04Z,24.36,58.78,99,1,37.34,100.54,104.00,1086.00,null,null,null
2023-08-29T21:45:04Z,24.34,58.88,99,1,33.77,100.54,104.00,1086.00,1,1,1
2023-08-29T21:46:04Z,24.37,58.86,99,1,33.85,100.54,106.00,1099.00,null,null,null
2023-08-29T21:47:04Z,24.38,58.87,99,1,36.59,100.53,108.00,1110.00,null,null,null
2023-08-29T21:48:04Z,24.37,58.90,99,1,36.93,100.53,106.00,1099.00,null,null,null
2023-08-29T21:49:04Z,24.37,58.86,99,1,40.26,100.53,111.00,1131.00,null,null,null
2023-08-29T21:50:04Z,24.36,58.99,99,1,39.02,100.53,108.00,1110.00,1,1,1
2023-08-29T21:51:04Z,24.37,58.93,99,1,31.07,100.53,111.00,1131.00,null,null,null
2023-08-29T21:52:04Z,24.37,58.74,99,0,55.26,100.52,108.00,1110.00,null,null,null
2023-08-29T21:53:04Z,24.37,58.95,99,1,27.30,100.52,112.00,1140.00,null,null,null
2023-08-29T21:54:04Z,24.37,59.20,99,1,37.24,100.53,111.00,1131.00,null,null,null
2023-08-29T21:55:04Z,24.36,59.11,99,1,40.51,100.53,108.00,1110.00,3,3,3
2023-08-29T21:56:04Z,24.36,59.00,99,1,35.95,100.53,113.00,1144.00,null,null,null
2023-08-29T21:57:04Z,24.37,59.09,99,1,40.89,100.52,111.00,1131.00,null,null,null
2023-08-29T21:58:04Z,24.37,59.14,99,1,36.71,100.52,108.00,1110.00,null,null,null
2023-08-29T21:59:04Z,24.36,59.18,99,1,33.79,100.53,113.00,1144.00,null,null,null
2023-08-29T22:00:04Z,24.36,59.11,99,1,35.66,100.52,113.00,1144.00,3,3,9
2023-08-29T22:01:04Z,24.37,59.09,99,1,34.43,100.52,113.00,1144.00,null,null,null
2023-08-29T22:02:04Z,24.38,59.10,99,1,32.44,100.52,113.00,1144.00,null,null,null
2023-08-29T22:03:04Z,24.38,59.10,99,1,37.00,100.52,113.00,1144.00,null,null,null
2023-08-29T22:04:04Z,24.38,59.28,99,1,42.31,100.51,113.00,1144.00,null,null,null
2023-08-29T22:05:04Z,24.36,59.24,99,1,43.03,100.51,113.00,1144.00,0,0,0
2023-08-29T22:06:04Z,24.38,59.14,99,0,66.06,100.51,115.00,1156.00,null,null,null
2023-08-29T22:07:04Z,24.37,59.08,99,1,47.63,100.51,115.00,1156.00,null,null,null
2023-08-29T22:08:04Z,24.37,59.87,99,1,35.08,100.51,113.00,1144.00,null,null,null
2023-08-29T22:09:04Z,24.36,59.80,99,0,51.79,100.50,113.00,1144.00,null,null,null
2023-08-29T22:10:04Z,24.37,60.12,99,0,48.56,100.50,116.00,1163.00,5,5,5
2023-08-29T22:11:04Z,24.43,60.34,99,0,42.78,100.50,116.00,1163.00,null,null,null
2023-08-29T22:12:04Z,24.44,60.52,99,0,45.17,100.50,117.00,1168.00,null,null,null
2023-08-29T22:13:04Z,24.45,60.70,99,0,44.13,100.50,121.00,1198.00,null,null,null
2023-08-29T22:14:04Z,24.43,60.68,99,1,46.18,100.51,121.00,1198.00,null,null,null
2023-08-29T22:15:04Z,24.45,60.79,99,1,44.75,100.51,126.00,1231.00,2,2,2
2023-08-29T22:16:04Z,24.51,60.83,99,1,45.80,100.50,129.00,1252.00,null,null,null
2023-08-29T22:17:04Z,24.53,60.96,99,1,47.76,100.51,129.00,1252.00,null,null,null
2023-08-29T22:18:04Z,24.54,61.05,99,0,45.73,100.51,137.00,1302.00,null,null,null
2023-08-29T22:19:04Z,24.53,61.08,99,0,47.16,100.50,134.00,1285.00,null,null,null
2023-08-29T22:20:04Z,24.54,61.21,99,0,46.22,100.51,139.00,1316.00,0,0,0
2023-08-29T22:21:04Z,24.54,61.21,99,0,45.11,100.51,139.00,1316.00,null,null,null
2023-08-29T22:22:04Z,24.55,61.31,99,0,44.44,100.50,145.00,1356.00,null,null,null
2023-08-29T22:23:04Z,24.55,61.20,99,0,42.58,100.51,146.00,1360.00,null,null,null
2023-08-29T22:24:04Z,24.57,61.37,99,0,50.13,100.51,151.00,1393.00,null,null,null
2023-08-29T22:25:04Z,24.57,61.45,99,0,44.53,100.51,146.00,1360.00,0,0,0
2023-08-29T22:26:04Z,24.58,61.67,99,0,44.17,100.51,146.00,1360.00,null,null,null
2023-08-29T22:27:04Z,24.58,61.36,99,0,45.68,100.51,155.00,1420.00,null,null,null
2023-08-29T22:28:04Z,24.60,61.65,99,0,45.83,100.51,155.00,1420.00,null,null,null
2023-08-29T22:29:04Z,24.61,61.78,99,0,43.97,100.51,155.00,1420.00,null,null,null
2023-08-29T22:30:04Z,24.58,61.84,99,0,42.40,100.51,156.00,1425.00,0,0,0
2023-08-29T22:31:04Z,24.63,61.81,99,0,43.52,100.51,156.00,1425.00,null,null,null
2023-08-29T22:32:04Z,24.61,61.91,99,0,44.30,100.50,156.00,1425.00,null,null,null
2023-08-29T22:33:04Z,24.63,61.85,99,1,42.65,100.50,156.00,1425.00,null,null,null
2023-08-29T22:34:04Z,24.63,61.72,99,0,47.43,100.50,158.00,1441.00,null,null,null
2023-08-29T22:35:04Z,24.60,62.01,99,0,45.22,100.50,161.00,1458.00,1,1,1
2023-08-29T22:36:04Z,24.63,62.14,99,0,47.80,100.50,153.00,1408.00,null,null,null
2023-08-29T22:37:04Z,24.64,62.27,99,0,42.39,100.50,163.00,1470.00,null,null,null
2023-08-29T22:38:04Z,24.63,62.21,99,0,39.76,100.50,161.00,1458.00,null,null,null
2023-08-29T22:39:04Z,24.63,62.18,99,0,45.94,100.50,158.00,1441.00,null,null,null
2023-08-29T22:40:04Z,24.63,62.16,99,0,48.62,100.50,158.00,1441.00,0,0,0
2023-08-29T22:41:04Z,24.63,62.37,99,0,38.62,100.50,165.00,1487.00,null,null,null
2023-08-29T22:42:04Z,24.63,62.20,99,0,44.33,100.50,167.00,1499.00,null,null,null
2023-08-29T22:43:04Z,24.67,62.31,99,0,40.67,100.51,165.00,1487.00,null,null,null
2023-08-29T22:44:04Z,24.63,62.37,99,0,42.67,100.51,170.00,1498.00,null,null,null
2023-08-29T22:45:04Z,24.64,62.50,99,0,42.22,100.51,163.00,1474.00,0,0,0
2023-08-29T22:46:04Z,24.63,62.35,99,0,42.91,100.51,161.00,1458.00,null,null,null
2023-08-29T22:47:04Z,24.64,62.36,99,0,42.26,100.51,167.00,1499.00,null,null,null
2023-08-29T22:48:04Z,24.63,62.35,99,0,46.01,100.51,167.00,1499.00,null,null,null
2023-08-29T22:49:04Z,24.63,62.49,99,0,43.17,100.51,163.00,1474.00,null,null,null
2023-08-29T22:50:04Z,24.60,62.71,99,0,43.93,100.51,167.00,1499.00,1,1,1
2023-08-29T22:51:04Z,24.65,62.61,99,0,47.66,100.51,163.00,1474.00,null,null,null
2023-08-29T22:52:04Z,24.63,62.59,99,0,43.45,100.50,170.00,1498.00,null,null,null
2023-08-29T22:53:04Z,24.64,62.65,99,0,46.18,100.51,163.00,1474.00,null,null,null
2023-08-29T22:54:04Z,24.63,62.60,99,0,45.86,100.50,170.00,1498.00,null,null,null
2023-08-29T22:55:04Z,24.64,62.86,99,0,42.76,100.50,163.00,1474.00,0,0,0
2023-08-29T22:56:04Z,24.65,62.92,99,0,44.44,100.51,168.00,1494.00,null,null,null
2023-08-29T22:57:04Z,24.67,62.76,99,0,43.74,100.50,168.00,1494.00,null,null,null
2023-08-29T22:58:04Z,24.64,62.73,99,0,43.56,100.50,168.00,1494.00,null,null,null
2023-08-29T22:59:04Z,24.64,62.95,99,0,44.30,100.50,170.00,1498.00,null,null,null
2023-08-29T23:00:04Z,24.63,63.01,99,0,45.29,100.50,161.00,1458.00,0,0,0
2023-08-29T23:01:04Z,24.64,63.23,99,0,42.54,100.49,168.00,1494.00,null,null,null
2023-08-29T23:02:04Z,24.65,63.16,99,0,43.82,100.49,168.00,1494.00,null,null,null
2023-08-29T23:03:04Z,24.64,62.96,99,0,41.96,100.49,168.00,1494.00,null,null,null
2023-08-29T23:04:04Z,24.63,63.13,99,0,42.90,100.49,168.00,1494.00,null,null,null
2023-08-29T23:05:04Z,24.64,63.20,99,0,41.53,100.49,168.00,1494.00,1,1,1
2023-08-29T23:06:04Z,24.65,63.33,99,0,44.04,100.49,168.00,1494.00,null,null,null
2023-08-29T23:07:04Z,24.67,63.41,99,0,46.48,100.49,165.00,1487.00,null,null,null
2023-08-29T23:08:04Z,24.65,63.31,99,0,42.27,100.49,162.00,1465.00,null,null,null
2023-08-29T23:09:04Z,24.67,63.59,99,0,41.35,100.49,165.00,1487.00,null,null,null
2023-08-29T23:10:04Z,24.65,63.60,99,0,41.85,100.49,174.00,1503.00,0,0,0
2023-08-29T23:11:04Z,24.67,63.43,99,0,45.64,100.49,178.00,1509.00,null,null,null
2023-08-29T23:12:04Z,24.67,63.49,99,0,43.03,100.49,181.00,1515.00,null,null,null
2023-08-29T23:13:04Z,24.65,63.64,99,0,42.90,100.49,181.00,1515.00,null,null,null
2023-08-29T23:14:04Z,24.65,63.61,99,0,48.28,100.49,189.00,1526.00,null,null,null
2023-08-29T23:15:04Z,24.67,63.52,99,0,42.81,100.49,189.00,1526.00,1,1,1
2023-08-29T23:16:04Z,24.65,63.63,99,0,46.08,100.49,189.00,1526.00,null,null,null
2023-08-29T23:17:04Z,24.65,63.70,99,0,44.66,100.49,189.00,1526.00,null,null,null
2023-08-29T23:18:04Z,24.65,63.57,99,0,42.70,100.49,189.00,1526.00,null,null,null
2023-08-29T23:19:04Z,24.68,63.69,99,0,45.66,100.50,189.00,1526.00,null,null,null
2023-08-29T23:20:04Z,24.68,63.92,99,0,46.87,100.50,189.00,1526.00,0,0,0
2023-08-29T23:21:04Z,24.67,63.88,99,0,43.84,100.50,187.00,1523.00,null,null,null
2023-08-29T23:22:04Z,24.68,63.65,99,0,47.73,100.50,182.00,1516.00,null,null,null
2023-08-29T23:23:04Z,24.70,63.80,99,0,45.07,100.49,189.00,1526.00,null,null,null
2023-08-29T23:24:04Z,24.65,63.79,99,0,42.74,100.49,187.00,1523.00,null,null,null
2023-08-29T23:25:04Z,24.65,63.87,99,0,40.95,100.50,190.00,1527.00,0,0,0
2023-08-29T23:26:04Z,24.71,64.02,99,0,47.65,100.50,187.00,1523.00,null,null,null
2023-08-29T23:27:04Z,24.68,63.86,99,0,46.78,100.50,190.00,1527.00,null,null,null
2023-08-29T23:28:04Z,24.68,64.09,99,0,44.10,100.50,190.00,1527.00,null,null,null
2023-08-29T23:29:04Z,24.68,64.04,99,0,42.00,100.50,182.00,1516.00,null,null,null
2023-08-29T23:30:04Z,24.65,63.94,99,0,43.20,100.50,190.00,1527.00,0,0,0
2023-08-29T23:31:04Z,24.67,63.95,99,0,44.69,100.51,190.00,1527.00,null,null,null
2023-08-29T23:32:04Z,24.71,63.68,99,0,46.46,100.51,182.00,1516.00,null,null,null
2023-08-29T23:33:04Z,24.70,63.54,99,0,41.67,100.51,192.00,1530.00,null,null,null
2023-08-29T23:34:04Z,24.68,63.91,99,0,42.32,100.51,192.00,1530.00,null,null,null
2023-08-29T23:35:04Z,24.68,63.72,99,0,39.70,100.51,190.00,1527.00,0,0,0
2023-08-29T23:36:04Z,24.68,63.84,99,0,49.73,100.51,192.00,1530.00,null,null,null
2023-08-29T23:37:04Z,24.70,63.80,99,0,44.75,100.51,190.00,1527.00,null,null,null
2023-08-29T23:38:04Z,24.70,63.87,99,0,43.11,100.51,190.00,1527.00,null,null,null
2023-08-29T23:39:04Z,24.67,63.91,99,0,44.45,100.51,182.00,1516.00,null,null,null
2023-08-29T23:40:04Z,24.67,64.37,99,0,41.55,100.51,197.00,1537.00,0,0,0
2023-08-29T23:41:04Z,24.70,64.19,99,0,42.48,100.52,196.00,1535.00,null,null,null
2023-08-29T23:42:04Z,24.70,64.24,99,0,41.96,100.52,212.00,1559.00,null,null,null
2023-08-29T23:43:04Z,24.70,64.01,99,0,45.19,100.52,220.00,1567.00,null,null,null
2023-08-29T23:44:04Z,24.70,64.11,99,0,44.55,100.52,220.00,1567.00,null,null,null
2023-08-29T23:45:04Z,24.68,64.14,99,0,44.76,100.52,217.00,1563.00,0,0,0
2023-08-29T23:46:04Z,24.71,64.08,99,0,42.61,100.52,217.00,1563.00,null,null,null
2023-08-29T23:47:04Z,24.70,64.05,99,0,46.68,100.52,224.00,1572.00,null,null,null
2023-08-29T23:48:04Z,24.71,64.22,99,0,43.47,100.53,224.00,1572.00,null,null,null
2023-08-29T23:49:04Z,24.71,64.13,99,0,44.32,100.52,220.00,1567.00,null,null,null
2023-08-29T23:50:04Z,24.71,64.02,99,0,43.42,100.52,224.00,1572.00,0,0,0
2023-08-29T23:51:04Z,24.68,64.15,99,0,45.31,100.53,224.00,1572.00,null,null,null
2023-08-29T23:52:04Z,24.72,64.01,99,0,41.67,100.53,220.00,1567.00,null,null,null
2023-08-29T23:53:04Z,24.70,64.07,99,0,39.60,100.52,224.00,1572.00,null,null,null
2023-08-29T23:54:04Z,24.74,64.02,99,0,45.91,100.52,224.00,1572.00,null,null,null
2023-08-29T23:55:04Z,24.71,64.09,99,0,47.84,100.52,220.00,1567.00,0,0,0
2023-08-29T23:56:04Z,24.72,64.06,99,0,42.21,100.52,220.00,1567.00,null,null,null
2023-08-29T23:57:04Z,24.72,64.06,99,0,41.67,100.52,220.00,1567.00,null,null,null
2023-08-29T23:58:04Z,24.70,64.14,99,0,45.61,100.52,217.00,1563.00,null,null,null
2023-08-29T23:59:04Z,24.72,64.00,99,0,46.36,100.51,217.00,1563.00,null,null,null
