TIME,TEMP,HUM,BATT,LIGHT,NOISE_A,PRESS,CCS811_VOCS,CCS811_ECO2,PM_1,PM_25,PM_10
ISO 8601,C,%,%,Lux,dBA,kPa,ppb,ppm,ug/m3,ug/m3,ug/m3
Time,Temperature,Humidity,Battery,Light,Noise dBA,Barometric pressure,VOC Gas CCS811,eCO2 Gas CCS811,PM 1.0,PM 2.5,PM 10.0
,55,56,10,14,53,58,113,112,89,87,88
2023-09-16T00:00:05Z,24.23,58.82,71,0,31.44,100.71,17.00,515.00,0,0,0
2023-09-16T00:01:05Z,24.23,58.71,71,0,28.57,100.71,16.00,506.00,null,null,null
2023-09-16T00:02:05Z,24.23,58.68,71,0,29.36,100.71,17.00,515.00,null,null,null
2023-09-16T00:03:05Z,24.22,58.72,71,0,27.14,100.71,17.00,515.00,null,null,null
2023-09-16T00:04:05Z,24.20,58.70,71,0,26.43,100.71,17.00,515.00,null,null,null
2023-09-16T00:05:05Z,24.20,58.75,71,0,33.05,100.71,17.00,515.00,0,0,0
2023-09-16T00:06:05Z,24.22,58.71,71,0,31.58,100.71,16.00,506.00,null,null,null
2023-09-16T00:07:05Z,24.22,58.71,71,0,29.97,100.71,17.00,515.00,null,null,null
2023-09-16T00:08:05Z,24.22,58.71,71,0,29.89,100.71,17.00,515.00,null,null,null
2023-09-16T00:09:05Z,24.23,58.72,71,0,34.91,100.71,17.00,515.00,null,null,null
2023-09-16T00:10:05Z,24.20,58.71,71,0,33.11,100.71,17.00,515.00,0,0,0
2023-09-16T00:11:05Z,24.22,58.72,71,0,29.88,100.71,17.00,518.00,null,null,null
2023-09-16T00:12:05Z,24.23,58.72,71,0,29.97,100.71,17.00,515.00,null,null,null
2023-09-16T00:13:05Z,24.20,58.73,71,0,30.24,100.71,17.00,515.00,null,null,null
2023-09-16T00:14:05Z,24.20,58.73,71,0,33.59,100.71,17.00,518.00,null,null,null
2023-09-16T00:15:05Z,24.22,58.70,71,0,28.78,100.71,17.00,515.00,0,0,0
2023-09-16T00:16:05Z,24.20,58.75,71,0,28.91,100.71,17.00,518.00,null,null,null
2023-09-16T00:17:05Z,24.20,58.67,71,0,29.00,100.71,17.00,514.00,null,null,null
2023-09-16T00:18:05Z,24.19,58.73,71,0,31.51,100.71,17.00,518.00,null,null,null
2023-09-16T00:19:05Z,24.17,58.74,71,0,26.82,100.71,17.00,515.00,null,null,null
2023-09-16T00:20:05Z,24.20,58.71,71,0,28.80,100.71,17.00,515.00,0,0,0
2023-09-16T00:21:05Z,24.19,58.74,71,0,28.98,100.71,17.00,518.00,null,null,null
2023-09-16T00:22:05Z,24.22,58.75,71,0,31.02,100.71,17.00,518.00,null,null,null
2023-09-16T00:23:05Z,24.19,58.74,71,0,26.89,100.71,17.00,514.00,null,null,null
2023-09-16T00:24:05Z,24.22,58.71,71,0,29.41,100.70,17.00,518.00,null,null,null
2023-09-16T00:25:05Z,24.19,58.73,71,0,30.46,100.70,17.00,515.00,0,0,0
2023-09-16T00:26:05Z,24.17,58.74,71,0,30.45,100.70,17.00,518.00,null,null,null
2023-09-16T00:27:05Z,24.20,58.73,71,0,28.23,100.70,17.00,518.00,null,null,null
2023-09-16T00:28:05Z,24.17,58.68,71,0,31.51,100.70,17.00,518.00,null,null,null
2023-09-16T00:29:05Z,24.17,58.75,71,0,28.89,100.69,17.00,518.00,null,null,null
2023-09-16T00:30:05Z,24.17,58.75,71,0,31.70,100.70,17.00,514.00,0,0,0
2023-09-16T00:31:05Z,24.17,58.71,71,0,29.07,100.70,16.00,506.00,null,null,null
2023-09-16T00:32:05Z,24.17,58.71,71,0,30.31,100.69,17.00,518.00,null,null,null
2023-09-16T00:33:05Z,24.17,58.70,71,0,30.47,100.69,18.00,520.00,null,null,null
2023-09-16T00:34:05Z,24.16,58.76,71,0,27.68,100.69,17.00,518.00,null,null,null
2023-09-16T00:35:05Z,24.15,58.74,71,0,29.04,100.69,17.00,514.00,0,0,0
2023-09-16T00:36:05Z,24.17,58.74,71,0,29.93,100.69,17.00,515.00,null,null,null
2023-09-16T00:37:05Z,24.15,58.74,71,0,28.58,100.69,18.00,520.00,null,null,null
2023-09-16T00:38:05Z,24.16,58.74,71,0,29.61,100.69,18.00,520.00,null,null,null
2023-09-16T00:39:05Z,24.15,58.72,71,0,35.00,100.69,17.00,518.00,null,null,null
2023-09-16T00:40:05Z,24.15,58.73,71,0,30.40,100.69,18.00,520.00,0,0,0
2023-09-16T00:41:05Z,24.16,58.78,71,0,32.16,100.69,17.00,518.00,null,null,null
2023-09-16T00:42:05Z,24.15,58.74,71,0,28.64,100.69,17.00,514.00,null,null,null
2023-09-16T00:43:05Z,24.17,58.70,71,0,27.45,100.69,18.00,520.00,null,null,null
2023-09-16T00:44:05Z,24.15,58.71,71,0,24.72,100.69,18.00,520.00,null,null,null
2023-09-16T00:45:05Z,24.12,58.73,71,0,30.04,100.70,18.00,520.00,0,0,0
2023-09-16T00:46:05Z,24.15,58.74,71,0,29.15,100.69,17.00,515.00,null,null,null
2023-09-16T00:47:05Z,24.13,58.72,71,0,33.26,100.69,18.00,520.00,null,null,null
2023-09-16T00:48:05Z,24.13,58.70,71,0,30.60,100.69,18.00,520.00,null,null,null
2023-09-16T00:49:05Z,24.12,58.72,71,0,29.15,100.69,18.00,520.00,null,null,null
2023-09-16T00:50:05Z,24.12,58.75,71,0,30.08,100.69,18.00,520.00,0,0,0
2023-09-16T00:51:05Z,24.13,58.75,71,0,29.68,100.69,17.00,514.00,null,null,null
2023-09-16T00:52:05Z,24.13,58.70,71,0,27.42,100.68,17.00,517.00,null,null,null
2023-09-16T00:53:05Z,24.13,58.71,71,0,30.18,100.69,18.00,520.00,null,null,null
2023-09-16T00:54:05Z,24.10,58.70,71,0,31.09,100.69,18.00,520.00,null,null,null
2023-09-16T00:55:05Z,24.12,58.76,71,0,30.51,100.68,17.00,518.00,0,0,0
2023-09-16T00:56:05Z,24.10,58.76,71,0,29.15,100.68,17.00,517.00,null,null,null
2023-09-16T00:57:05Z,24.10,58.73,71,0,30.81,100.69,17.00,517.00,null,null,null
2023-09-16T00:58:05Z,24.10,58.77,71,0,33.33,100.68,18.00,520.00,null,null,null
2023-09-16T00:59:05Z,24.12,58.76,71,0,30.07,100.69,17.00,514.00,null,null,null
2023-09-16T01:00:05Z,24.10,58.74,71,0,28.77,100.69,17.00,514.00,0,0,0
2023-09-16T01:01:05Z,24.12,58.78,71,0,28.71,100.69,18.00,520.00,null,null,null
2023-09-16T01:02:05Z,24.12,58.77,71,0,28.61,100.69,17.00,517.00,null,null,null
2023-09-16T01:03:05Z,24.12,58.71,71,0,30.78,100.68,17.00,517.00,null,null,null
2023-09-16T01:04:05Z,24.10,58.74,71,0,29.08,100.68,19.00,527.00,null,null,null
2023-09-16T01:05:05Z,24.10,58.73,71,0,32.70,100.68,19.00,527.00,0,0,0
2023-09-16T01:06:05Z,24.10,58.76,71,0,30.41,100.68,19.00,527.00,null,null,null
2023-09-16T01:07:05Z,24.09,58.74,71,0,32.39,100.68,18.00,523.00,null,null,null
2023-09-16T01:08:05Z,24.10,58.71,71,0,31.46,100.68,19.00,527.00,null,null,null
2023-09-16T01:09:05Z,24.12,58.68,71,0,33.03,100.68,18.00,520.00,null,null,null
2023-09-16T01:10:05Z,24.09,58.76,71,0,29.46,100.68,19.00,527.00,0,0,0
2023-09-16T01:11:05Z,24.09,58.74,71,0,32.58,100.68,18.00,523.00,null,null,null
2023-09-16T01:12:05Z,24.13,58.71,71,0,36.45,100.68,18.00,520.00,null,null,null
2023-09-16T01:13:05Z,24.09,58.71,71,0,28.44,100.69,19.00,527.00,null,null,null
2023-09-16T01:14:05Z,24.12,58.73,71,0,29.42,100.69,19.00,527.00,null,null,null
2023-09-16T01:15:05Z,24.06,58.75,71,0,29.26,100.69,19.00,527.00,0,0,0
2023-09-16T01:16:05Z,24.10,58.74,71,0,27.12,100.69,18.00,523.00,null,null,null
2023-09-16T01:17:05Z,24.09,58.72,70,0,30.31,100.69,19.00,527.00,null,null,null
2023-09-16T01:18:05Z,24.08,58.74,71,0,30.25,100.69,19.00,527.00,null,null,null
2023-09-16T01:19:05Z,24.08,58.74,70,0,28.98,100.69,19.00,527.00,null,null,null
2023-09-16T01:20:05Z,24.06,58.74,70,0,28.07,100.69,19.00,527.00,0,0,0
2023-09-16T01:21:05Z,24.09,58.70,70,0,31.74,100.68,19.00,527.00,null,null,null
2023-09-16T01:22:05Z,24.08,58.75,70,0,28.36,100.68,20.00,533.00,null,null,null
2023-09-16T01:23:05Z,24.09,58.74,70,0,27.06,100.68,18.00,523.00,null,null,null
2023-09-16T01:24:05Z,24.06,58.74,71,0,29.21,100.69,20.00,533.00,null,null,null
2023-09-16T01:25:05Z,24.06,58.71,70,0,31.65,100.68,19.00,527.00,0,0,0
2023-09-16T01:26:05Z,24.06,58.75,70,0,31.70,100.69,20.00,533.00,null,null,null
2023-09-16T01:27:05Z,24.09,58.74,70,0,33.12,100.68,19.00,529.00,null,null,null
2023-09-16T01:28:05Z,24.06,58.74,70,0,30.86,100.68,20.00,533.00,null,null,null
2023-09-16T01:29:05Z,24.08,58.72,70,0,30.49,100.68,20.00,533.00,null,null,null
2023-09-16T01:30:05Z,24.06,58.74,70,0,29.98,100.68,20.00,533.00,0,0,0
2023-09-16T01:31:05Z,24.08,58.75,70,0,26.55,100.68,19.00,527.00,null,null,null
2023-09-16T01:32:05Z,24.09,58.74,70,0,28.55,100.68,19.00,529.00,null,null,null
2023-09-16T01:33:05Z,24.05,58.75,70,0,28.99,100.67,20.00,533.00,null,null,null
2023-09-16T01:34:05Z,24.05,58.75,70,0,29.79,100.67,19.00,529.00,null,null,null
2023-09-16T01:35:05Z,24.08,58.76,70,0,28.19,100.67,19.00,529.00,0,0,0
2023-09-16T01:36:05Z,24.08,58.76,70,0,27.62,100.67,19.00,529.00,null,null,null
2023-09-16T01:37:05Z,24.06,58.72,70,0,33.76,100.67,19.00,529.00,null,null,null
2023-09-16T01:38:05Z,24.05,58.70,70,0,30.51,100.67,20.00,533.00,null,null,null
2023-09-16T01:39:05Z,24.03,58.74,70,0,28.89,100.67,20.00,533.00,null,null,null
2023-09-16T01:40:05Z,24.02,58.77,70,0,29.88,100.67,20.00,533.00,0,0,0
2023-09-16T01:41:05Z,24.05,58.75,70,0,27.69,100.67,19.00,529.00,null,null,null
2023-09-16T01:42:05Z,24.05,58.74,70,0,32.10,100.67,19.00,529.00,null,null,null
2023-09-16T01:43:05Z,24.05,58.73,70,0,27.90,100.67,20.00,533.00,null,null,null
2023-09-16T01:44:05Z,24.02,58.72,70,0,28.23,100.67,20.00,533.00,null,null,null
2023-09-16T01:45:05Z,24.02,58.76,70,0,33.94,100.67,20.00,533.00,0,0,0
2023-09-16T01:46:05Z,24.03,58.76,70,0,31.67,100.66,19.00,529.00,null,null,null
2023-09-16T01:47:05Z,24.02,58.75,70,0,31.12,100.66,20.00,533.00,null,null,null
2023-09-16T01:48:05Z,24.02,58.73,70,0,30.02,100.66,19.00,529.00,null,null,null
2023-09-16T01:49:05Z,24.06,58.74,70,0,30.19,100.66,20.00,537.00,null,null,null
2023-09-16T01:50:05Z,24.03,58.75,70,0,29.12,100.66,20.00,533.00,0,0,0
2023-09-16T01:51:05Z,24.05,58.76,70,0,24.27,100.66,20.00,533.00,null,null,null
2023-09-16T01:52:05Z,24.03,58.71,70,0,30.09,100.66,20.00,533.00,null,null,null
2023-09-16T01:53:05Z,24.05,58.75,70,0,28.33,100.67,20.00,537.00,null,null,null
2023-09-16T01:54:05Z,24.02,58.72,70,0,29.87,100.67,20.00,533.00,null,null,null
2023-09-16T01:55:05Z,24.00,58.77,70,0,32.23,100.67,20.00,537.00,0,0,0
2023-09-16T01:56:05Z,23.99,58.76,70,0,32.51,100.67,20.00,533.00,null,null,null
2023-09-16T01:57:05Z,24.00,58.71,70,0,29.77,100.67,20.00,533.00,null,null,null
2023-09-16T01:58:05Z,24.02,58.71,70,0,32.58,100.67,20.00,537.00,null,null,null
2023-09-16T01:59:05Z,24.02,58.76,70,0,26.43,100.67,20.00,537.00,null,null,null
2023-09-16T02:00:05Z,24.00,58.77,70,0,30.33,100.67,20.00,533.00,0,0,0
2023-09-16T02:01:05Z,24.02,58.74,70,0,29.80,100.67,19.00,529.00,null,null,null
2023-09-16T02:02:05Z,24.00,58.73,70,0,26.99,100.67,20.00,537.00,null,null,null
2023-09-16T02:03:05Z,24.02,58.77,70,0,28.64,100.67,20.00,537.00,null,null,null
2023-09-16T02:04:05Z,24.02,58.73,70,0,32.44,100.67,20.00,533.00,null,null,null
2023-09-16T02:05:05Z,24.00,58.78,70,0,36.29,100.67,20.00,537.00,0,0,0
2023-09-16T02:06:05Z,23.99,58.74,70,0,30.84,100.67,19.00,529.00,null,null,null
2023-09-16T02:07:05Z,24.02,58.76,70,0,29.31,100.67,20.00,537.00,null,null,null
2023-09-16T02:08:05Z,24.00,58.73,70,0,32.26,100.67,20.00,533.00,null,null,null
2023-09-16T02:09:05Z,23.99,58.74,70,0,27.96,100.68,20.00,537.00,null,null,null
2023-09-16T02:10:05Z,23.99,58.76,70,0,28.31,100.68,20.00,537.00,0,0,0
2023-09-16T02:11:05Z,24.00,58.78,70,0,27.53,100.68,19.00,529.00,null,null,null
2023-09-16T02:12:05Z,24.00,58.70,70,0,30.19,100.68,20.00,533.00,null,null,null
2023-09-16T02:13:05Z,24.00,58.73,70,0,25.95,100.68,22.00,545.00,null,null,null
2023-09-16T02:14:05Z,23.99,58.78,70,0,30.91,100.68,20.00,537.00,null,null,null
2023-09-16T02:15:05Z,23.98,58.78,70,0,27.69,100.68,21.00,540.00,0,0,0
2023-09-16T02:16:05Z,23.99,58.76,70,0,30.41,100.68,20.00,533.00,null,null,null
2023-09-16T02:17:05Z,23.95,58.77,70,0,26.87,100.68,21.00,540.00,null,null,null
2023-09-16T02:18:05Z,24.00,58.78,70,0,31.49,100.68,21.00,540.00,null,null,null
2023-09-16T02:19:05Z,23.98,58.76,70,0,27.57,100.68,20.00,533.00,null,null,null
2023-09-16T02:20:05Z,23.95,58.74,70,0,35.32,100.68,21.00,540.00,0,0,0
2023-09-16T02:21:05Z,23.99,58.79,70,0,34.40,100.68,20.00,533.00,null,null,null
2023-09-16T02:22:05Z,23.99,58.73,70,0,29.21,100.68,21.00,540.00,null,null,null
2023-09-16T02:23:05Z,23.99,58.75,70,0,27.42,100.68,20.00,537.00,null,null,null
2023-09-16T02:24:05Z,23.96,58.74,70,0,30.09,100.68,20.00,533.00,null,null,null
2023-09-16T02:25:05Z,23.96,58.79,70,0,28.81,100.68,20.00,537.00,0,0,0
2023-09-16T02:26:05Z,23.98,58.79,70,0,31.92,100.68,20.00,533.00,null,null,null
2023-09-16T02:27:05Z,23.95,58.75,70,0,28.40,100.68,20.00,533.00,null,null,null
2023-09-16T02:28:05Z,23.96,58.73,70,0,27.24,100.68,20.00,533.00,null,null,null
2023-09-16T02:29:05Z,23.96,58.75,70,0,29.17,100.68,22.00,545.00,null,null,null
2023-09-16T02:30:05Z,23.95,58.77,70,0,33.71,100.68,21.00,540.00,0,0,0
2023-09-16T02:31:05Z,23.98,58.76,70,0,30.43,100.68,22.00,545.00,null,null,null
2023-09-16T02:32:05Z,23.93,58.76,70,0,31.99,100.68,22.00,545.00,null,null,null
2023-09-16T02:33:05Z,23.96,58.74,70,0,36.38,100.68,21.00,540.00,null,null,null
2023-09-16T02:34:05Z,23.96,58.74,70,0,28.22,100.68,22.00,545.00,null,null,null
2023-09-16T02:35:05Z,23.95,58.72,70,0,30.15,100.68,22.00,545.00,0,0,0
2023-09-16T02:36:05Z,23.95,58.80,70,0,36.43,100.68,22.00,549.00,null,null,null
2023-09-16T02:37:05Z,23.95,58.72,70,0,29.28,100.68,21.00,540.00,null,null,null
2023-09-16T02:38:05Z,23.95,58.73,70,0,31.21,100.68,22.00,545.00,null,null,null
2023-09-16T02:39:05Z,23.95,58.75,70,0,28.14,100.68,22.00,549.00,null,null,null
2023-09-16T02:40:05Z,23.93,58.75,70,0,30.34,100.68,22.00,545.00,0,0,0
2023-09-16T02:41:05Z,23.93,58.79,70,0,32.74,100.68,21.00,540.00,null,null,null
2023-09-16T02:42:05Z,23.93,58.74,70,0,29.32,100.68,21.00,540.00,null,null,null
2023-09-16T02:43:05Z,23.95,58.71,70,0,28.09,100.68,22.00,545.00,null,null,null
2023-09-16T02:44:05Z,23.93,58.73,70,0,30.86,100.68,22.00,549.00,null,null,null
2023-09-16T02:45:05Z,23.92,58.77,70,0,27.94,100.67,22.00,545.00,0,0,0
2023-09-16T02:46:05Z,23.92,58.78,70,0,28.42,100.67,22.00,545.00,null,null,null
2023-09-16T02:47:05Z,23.93,58.76,70,0,29.28,100.68,21.00,540.00,null,null,null
2023-09-16T02:48:05Z,23.93,58.73,70,0,27.02,100.68,21.00,540.00,null,null,null
2023-09-16T02:49:05Z,23.92,58.73,70,0,31.16,100.68,22.00,545.00,null,null,null
2023-09-16T02:50:05Z,23.91,58.74,70,0,28.02,100.68,22.00,549.00,0,0,0
2023-09-16T02:51:05Z,23.93,58.76,69,0,30.26,100.68,22.00,545.00,null,null,null
2023-09-16T02:52:05Z,23.95,58.75,69,0,26.80,100.67,22.00,545.00,null,null,null
2023-09-16T02:53:05Z,23.95,58.79,70,0,31.48,100.67,21.00,540.00,null,null,null
2023-09-16T02:54:05Z,23.91,58.79,70,0,28.88,100.67,21.00,540.00,null,null,null
2023-09-16T02:55:05Z,23.92,58.80,70,0,34.32,100.67,21.00,540.00,0,0,0
2023-09-16T02:56:05Z,23.91,58.81,70,0,33.39,100.67,22.00,545.00,null,null,null
2023-09-16T02:57:05Z,23.93,58.75,70,0,30.51,100.67,22.00,545.00,null,null,null
2023-09-16T02:58:05Z,23.95,58.74,69,0,33.67,100.67,22.00,545.00,null,null,null
2023-09-16T02:59:05Z,23.91,58.76,70,0,28.31,100.67,22.00,549.00,null,null,null
2023-09-16T03:00:05Z,23.91,58.77,70,0,37.81,100.67,22.00,545.00,0,0,0
2023-09-16T03:01:05Z,23.89,58.77,70,0,31.86,100.67,22.00,545.00,null,null,null
2023-09-16T03:02:05Z,23.91,58.73,69,0,28.42,100.67,22.00,545.00,null,null,null
2023-09-16T03:03:05Z,23.91,58.78,69,0,30.71,100.67,22.00,549.00,null,null,null
2023-09-16T03:04:05Z,23.89,58.80,69,0,29.04,100.67,22.00,545.00,null,null,null
2023-09-16T03:05:05Z,23.91,58.77,70,0,29.72,100.67,22.00,545.00,0,0,0
2023-09-16T03:06:05Z,23.92,58.77,69,0,30.29,100.67,22.00,545.00,null,null,null
2023-09-16T03:07:05Z,23.91,58.74,69,0,29.63,100.67,22.00,545.00,null,null,null
2023-09-16T03:08:05Z,23.92,58.80,69,0,32.94,100.66,22.00,549.00,null,null,null
2023-09-16T03:09:05Z,23.92,58.80,69,0,31.31,100.67,18.00,524.00,null,null,null
2023-09-16T03:10:05Z,23.88,58.75,69,0,29.82,100.66,18.00,524.00,0,0,0
2023-09-16T03:11:05Z,23.91,58.74,69,0,29.13,100.66,18.00,524.00,null,null,null
2023-09-16T03:12:05Z,23.91,58.75,69,0,31.77,100.66,19.00,529.00,null,null,null
2023-09-16T03:13:05Z,23.92,58.79,69,0,30.94,100.66,18.00,524.00,null,null,null
2023-09-16T03:14:05Z,23.91,58.74,69,0,29.44,100.66,18.00,524.00,null,null,null
2023-09-16T03:15:05Z,23.89,58.80,69,0,30.01,100.67,19.00,529.00,0,0,0
2023-09-16T03:16:05Z,23.88,58.80,69,0,29.81,100.67,18.00,524.00,null,null,null
2023-09-16T03:17:05Z,23.89,58.78,69,0,32.54,100.67,18.00,524.00,null,null,null
2023-09-16T03:18:05Z,23.88,58.73,69,0,30.66,100.67,18.00,524.00,null,null,null
2023-09-16T03:19:05Z,23.88,58.73,69,0,26.57,100.67,19.00,529.00,null,null,null
2023-09-16T03:20:05Z,23.88,58.73,69,0,26.50,100.67,19.00,529.00,0,0,0
2023-09-16T03:21:05Z,23.89,58.77,69,0,31.49,100.67,19.00,529.00,null,null,null
2023-09-16T03:22:05Z,23.89,58.74,69,0,30.93,100.67,18.00,524.00,null,null,null
2023-09-16T03:23:05Z,23.88,58.79,69,0,27.62,100.67,19.00,529.00,null,null,null
2023-09-16T03:24:05Z,23.87,58.79,69,0,29.20,100.67,18.00,524.00,null,null,null
2023-09-16T03:25:05Z,23.87,58.79,69,0,30.80,100.66,18.00,524.00,0,0,0
2023-09-16T03:26:05Z,23.88,58.75,69,0,28.89,100.66,18.00,519.00,null,null,null
2023-09-16T03:27:05Z,23.88,58.75,69,0,29.28,100.67,18.00,524.00,null,null,null
2023-09-16T03:28:05Z,23.89,58.77,69,0,30.29,100.67,18.00,524.00,null,null,null
2023-09-16T03:29:05Z,23.88,58.75,69,0,29.08,100.67,18.00,524.00,null,null,null
2023-09-16T03:30:05Z,23.88,58.77,69,0,31.03,100.66,18.00,524.00,0,0,0
2023-09-16T03:31:05Z,23.87,58.76,69,0,29.32,100.67,18.00,519.00,null,null,null
2023-09-16T03:32:05Z,23.88,58.80,69,0,28.30,100.67,19.00,530.00,null,null,null
2023-09-16T03:33:05Z,23.87,58.75,69,0,30.81,100.66,19.00,530.00,null,null,null
2023-09-16T03:34:05Z,23.85,58.80,69,0,29.21,100.66,19.00,530.00,null,null,null
2023-09-16T03:35:05Z,23.84,58.76,69,0,29.80,100.66,18.00,524.00,0,0,0
2023-09-16T03:36:05Z,23.88,58.79,69,0,37.54,100.66,18.00,519.00,null,null,null
2023-09-16T03:37:05Z,23.88,58.74,69,0,29.65,100.66,19.00,530.00,null,null,null
2023-09-16T03:38:05Z,23.85,58.73,69,0,29.32,100.67,20.00,534.00,null,null,null
2023-09-16T03:39:05Z,23.85,58.75,69,0,29.79,100.66,20.00,534.00,null,null,null
2023-09-16T03:40:05Z,23.84,58.81,69,0,30.33,100.66,19.00,530.00,0,0,0
2023-09-16T03:41:05Z,23.85,58.75,69,0,30.12,100.66,18.00,519.00,null,null,null
2023-09-16T03:42:05Z,23.87,58.75,69,0,28.27,100.66,19.00,530.00,null,null,null
2023-09-16T03:43:05Z,23.85,58.74,69,0,29.00,100.66,18.00,524.00,null,null,null
2023-09-16T03:44:05Z,23.84,58.78,69,0,31.67,100.66,20.00,534.00,null,null,null
2023-09-16T03:45:05Z,23.84,58.80,69,0,28.51,100.66,18.00,524.00,0,0,0
2023-09-16T03:46:05Z,23.85,58.80,69,0,28.02,100.66,18.00,519.00,null,null,null
2023-09-16T03:47:05Z,23.85,58.77,69,0,31.55,100.66,18.00,524.00,null,null,null
2023-09-16T03:48:05Z,23.87,58.76,69,0,33.22,100.65,18.00,524.00,null,null,null
2023-09-16T03:49:05Z,23.82,58.76,69,0,24.39,100.65,18.00,524.00,null,null,null
2023-09-16T03:50:05Z,23.84,58.78,69,0,28.19,100.66,19.00,530.00,0,0,0
2023-09-16T03:51:05Z,23.84,58.77,69,0,31.34,100.66,18.00,519.00,null,null,null
2023-09-16T03:52:05Z,23.85,58.76,69,0,36.55,100.66,18.00,524.00,null,null,null
2023-09-16T03:53:05Z,23.84,58.82,69,0,30.94,100.66,18.00,519.00,null,null,null
2023-09-16T03:54:05Z,23.84,58.76,69,0,29.68,100.66,18.00,519.00,null,null,null
2023-09-16T03:55:05Z,23.84,58.76,69,0,32.29,100.66,18.00,519.00,0,0,0
2023-09-16T03:56:05Z,23.82,58.78,69,0,29.87,100.66,18.00,519.00,null,null,null
2023-09-16T03:57:05Z,23.84,58.73,69,0,29.62,100.65,18.00,519.00,null,null,null
2023-09-16T03:58:05Z,23.82,58.75,69,0,29.16,100.65,19.00,529.00,null,null,null
2023-09-16T03:59:05Z,23.82,58.77,69,0,29.01,100.65,18.00,524.00,null,null,null
2023-09-16T04:00:05Z,23.81,58.82,69,0,29.22,100.66,18.00,524.00,0,0,0
2023-09-16T04:01:05Z,23.82,58.78,69,0,30.14,100.65,19.00,530.00,null,null,null
2023-09-16T04:02:05Z,23.81,58.74,69,0,29.43,100.66,19.00,530.00,null,null,null
2023-09-16T04:03:05Z,23.81,58.77,69,0,28.22,100.65,19.00,529.00,null,null,null
2023-09-16T04:04:05Z,23.81,58.74,69,0,29.07,100.65,18.00,524.00,null,null,null
2023-09-16T04:05:05Z,23.81,58.76,69,0,31.54,100.65,19.00,529.00,0,0,0
2023-09-16T04:06:05Z,23.82,58.77,69,0,31.48,100.65,18.00,524.00,null,null,null
2023-09-16T04:07:05Z,23.81,58.74,69,0,30.65,100.65,19.00,530.00,null,null,null
2023-09-16T04:08:05Z,23.81,58.77,69,0,30.11,100.65,20.00,534.00,null,null,null
2023-09-16T04:09:05Z,23.82,58.79,69,0,28.27,100.65,18.00,519.00,null,null,null
2023-09-16T04:10:05Z,23.79,58.76,69,0,30.19,100.65,18.00,524.00,0,0,0
2023-09-16T04:11:05Z,23.82,58.75,69,0,28.68,100.65,18.00,524.00,null,null,null
2023-09-16T04:12:05Z,23.79,58.73,69,0,31.36,100.65,18.00,519.00,null,null,null
2023-09-16T04:13:05Z,23.79,58.74,69,0,29.76,100.65,19.00,529.00,null,null,null
2023-09-16T04:14:05Z,23.78,58.75,69,0,30.82,100.65,19.00,529.00,null,null,null
2023-09-16T04:15:05Z,23.78,58.78,69,0,29.61,100.65,18.00,519.00,0,0,0
2023-09-16T04:16:05Z,23.79,58.74,69,0,26.06,100.65,18.00,524.00,null,null,null
2023-09-16T04:17:05Z,23.79,58.74,69,0,27.97,100.65,19.00,529.00,null,null,null
2023-09-16T04:18:05Z,23.78,58.76,69,0,29.44,100.65,18.00,524.00,null,null,null
2023-09-16T04:19:05Z,23.78,58.74,69,0,31.84,100.65,18.00,524.00,null,null,null
2023-09-16T04:20:05Z,23.77,58.76,69,0,30.57,100.65,18.00,524.00,0,0,0
2023-09-16T04:21:05Z,23.75,58.75,68,0,30.03,100.65,18.00,524.00,null,null,null
2023-09-16T04:22:05Z,23.78,58.77,68,0,30.96,100.65,18.00,519.00,null,null,null
2023-09-16T04:23:05Z,23.75,58.73,68,0,32.31,100.65,18.00,524.00,null,null,null
2023-09-16T04:24:05Z,23.75,58.77,69,0,30.97,100.65,19.00,529.00,null,null,null
2023-09-16T04:25:05Z,23.75,58.76,69,0,30.19,100.65,18.00,519.00,0,0,0
2023-09-16T04:26:05Z,23.75,58.77,68,0,32.30,100.65,18.00,524.00,null,null,null
2023-09-16T04:27:05Z,23.79,58.72,68,0,28.51,100.65,18.00,524.00,null,null,null
2023-09-16T04:28:05Z,23.78,58.79,68,0,31.84,100.65,18.00,524.00,null,null,null
2023-09-16T04:29:05Z,23.74,58.81,69,0,30.76,100.65,18.00,524.00,null,null,null
2023-09-16T04:30:05Z,23.75,58.79,68,0,27.16,100.65,20.00,536.00,0,0,0
2023-09-16T04:31:05Z,23.77,58.82,68,0,29.74,100.65,18.00,519.00,null,null,null
2023-09-16T04:32:05Z,23.77,58.77,68,0,30.73,100.64,18.00,524.00,null,null,null
2023-09-16T04:33:05Z,23.77,58.80,68,0,31.84,100.65,18.00,524.00,null,null,null
2023-09-16T04:34:05Z,23.77,58.78,68,0,28.57,100.65,18.00,519.00,null,null,null
2023-09-16T04:35:05Z,23.72,58.77,68,0,31.56,100.64,18.00,524.00,0,0,0
2023-09-16T04:36:05Z,23.77,58.77,68,0,30.03,100.64,20.00,536.00,null,null,null
2023-09-16T04:37:05Z,23.77,58.78,68,0,30.43,100.64,18.00,524.00,null,null,null
2023-09-16T04:38:05Z,23.74,58.77,68,0,29.41,100.64,18.00,524.00,null,null,null
2023-09-16T04:39:05Z,23.71,58.77,68,0,32.19,100.64,20.00,536.00,null,null,null
2023-09-16T04:40:05Z,23.74,58.81,68,0,33.61,100.65,20.00,536.00,0,0,0
2023-09-16T04:41:05Z,23.75,58.80,68,0,30.68,100.65,21.00,539.00,null,null,null
2023-09-16T04:42:05Z,23.75,58.76,68,0,25.03,100.64,18.00,524.00,null,null,null
2023-09-16T04:43:05Z,23.75,58.77,68,0,30.77,100.64,18.00,524.00,null,null,null
2023-09-16T04:44:05Z,23.72,58.78,68,0,31.75,100.65,18.00,524.00,null,null,null
2023-09-16T04:45:05Z,23.69,58.78,68,0,29.91,100.64,20.00,536.00,0,0,0
2023-09-16T04:46:05Z,23.74,58.77,68,0,30.30,100.64,21.00,539.00,null,null,null
2023-09-16T04:47:05Z,23.72,58.78,68,0,31.79,100.65,20.00,536.00,null,null,null
2023-09-16T04:48:05Z,23.71,58.78,68,0,30.72,100.65,20.00,536.00,null,null,null
2023-09-16T04:49:05Z,23.72,58.75,68,0,29.63,100.65,20.00,536.00,null,null,null
2023-09-16T04:50:05Z,23.69,58.79,68,0,31.70,100.65,20.00,536.00,0,0,0
2023-09-16T04:51:05Z,23.71,58.77,68,0,28.71,100.65,21.00,539.00,null,null,null
2023-09-16T04:52:05Z,23.72,58.74,68,0,27.92,100.65,21.00,539.00,null,null,null
2023-09-16T04:53:05Z,23.72,58.75,68,0,31.88,100.65,21.00,540.00,null,null,null
2023-09-16T04:54:05Z,23.72,58.74,68,0,27.18,100.65,21.00,539.00,null,null,null
2023-09-16T04:55:05Z,23.71,58.79,68,0,29.86,100.66,21.00,543.00,0,0,0
2023-09-16T04:56:05Z,23.72,58.78,68,0,26.67,100.66,21.00,539.00,null,null,null
2023-09-16T04:57:05Z,23.71,58.76,68,0,32.08,100.66,21.00,539.00,null,null,null
2023-09-16T04:58:05Z,23.68,58.71,68,0,30.41,100.66,21.00,539.00,null,null,null
2023-09-16T04:59:05Z,23.69,58.74,68,0,29.50,100.65,21.00,543.00,null,null,null
2023-09-16T05:00:05Z,23.68,58.74,68,0,30.57,100.66,21.00,543.00,0,0,0
2023-09-16T05:01:05Z,23.69,58.77,68,0,28.63,100.66,21.00,540.00,null,null,null
2023-09-16T05:02:05Z,23.69,58.76,68,0,28.68,100.66,21.00,539.00,null,null,null
2023-09-16T05:03:05Z,23.69,58.79,68,0,29.77,100.66,21.00,539.00,null,null,null
2023-09-16T05:04:05Z,23.67,58.78,68,0,29.49,100.66,21.00,539.00,null,null,null
2023-09-16T05:05:05Z,23.68,58.80,68,0,31.16,100.66,21.00,539.00,0,0,0
2023-09-16T05:06:05Z,23.67,58.80,68,0,30.65,100.66,20.00,536.00,null,null,null
2023-09-16T05:07:05Z,23.69,58.79,68,0,30.67,100.66,21.00,539.00,null,null,null
2023-09-16T05:08:05Z,23.68,58.76,68,0,32.14,100.66,21.00,539.00,null,null,null
2023-09-16T05:09:05Z,23.68,58.78,68,0,26.57,100.66,21.00,539.00,null,null,null
2023-09-16T05:10:05Z,23.68,58.79,68,0,27.85,100.66,21.00,539.00,0,0,0
2023-09-16T05:11:05Z,23.67,58.79,68,0,28.54,100.66,20.00,536.00,null,null,null
2023-09-16T05:12:05Z,23.68,58.76,68,0,29.88,100.66,21.00,539.00,null,null,null
2023-09-16T05:13:05Z,23.67,58.76,68,0,26.76,100.66,21.00,539.00,null,null,null
2023-09-16T05:14:05Z,23.68,58.76,68,0,29.76,100.66,21.00,539.00,null,null,null
2023-09-16T05:15:05Z,23.65,58.75,68,0,32.34,100.66,21.00,539.00,0,0,0
2023-09-16T05:16:05Z,23.67,58.81,68,0,30.33,100.66,20.00,536.00,null,null,null
2023-09-16T05:17:05Z,23.67,58.75,68,0,35.64,100.67,21.00,539.00,null,null,null
2023-09-16T05:18:05Z,23.65,58.78,68,0,29.60,100.66,21.00,539.00,null,null,null
2023-09-16T05:19:05Z,23.67,58.74,68,0,28.09,100.66,21.00,539.00,null,null,null
2023-09-16T05:20:05Z,23.65,58.80,68,0,31.02,100.66,21.00,543.00,0,0,0
2023-09-16T05:21:05Z,23.65,58.79,67,0,31.62,100.67,20.00,536.00,null,null,null
2023-09-16T05:22:05Z,23.67,58.76,68,0,29.48,100.66,21.00,539.00,null,null,null
2023-09-16T05:23:05Z,23.65,58.76,68,0,29.60,100.66,21.00,539.00,null,null,null
2023-09-16T05:24:05Z,23.65,58.78,68,0,30.61,100.66,20.00,536.00,null,null,null
2023-09-16T05:25:05Z,23.64,58.80,68,0,30.66,100.66,20.00,533.00,0,0,0
2023-09-16T05:26:05Z,23.65,58.80,67,0,26.34,100.66,20.00,536.00,null,null,null
2023-09-16T05:27:05Z,23.67,58.78,67,0,26.93,100.66,20.00,536.00,null,null,null
2023-09-16T05:28:05Z,23.64,58.77,68,0,30.57,100.66,20.00,536.00,null,null,null
2023-09-16T05:29:05Z,23.65,58.82,67,0,30.76,100.66,20.00,533.00,null,null,null
2023-09-16T05:30:05Z,23.64,58.84,67,0,38.21,100.66,21.00,539.00,0,0,0
2023-09-16T05:31:05Z,23.62,58.85,67,0,27.51,100.66,21.00,539.00,null,null,null
2023-09-16T05:32:05Z,23.65,58.78,67,0,31.17,100.66,21.00,539.00,null,null,null
2023-09-16T05:33:05Z,23.64,58.77,67,0,29.41,100.66,21.00,539.00,null,null,null
2023-09-16T05:34:05Z,23.64,58.85,67,0,29.97,100.66,20.00,536.00,null,null,null
2023-09-16T05:35:05Z,23.64,58.79,67,0,28.57,100.66,20.00,536.00,0,0,0
2023-09-16T05:36:05Z,23.64,58.83,67,0,32.14,100.66,21.00,539.00,null,null,null
2023-09-16T05:37:05Z,23.64,58.78,67,0,33.26,100.66,21.00,539.00,null,null,null
2023-09-16T05:38:05Z,23.62,58.82,67,0,28.50,100.66,20.00,536.00,null,null,null
2023-09-16T05:39:05Z,23.62,58.81,67,0,27.73,100.66,20.00,536.00,null,null,null
2023-09-16T05:40:05Z,23.62,58.83,67,0,31.39,100.66,20.00,536.00,0,0,0
2023-09-16T05:41:05Z,23.64,58.80,67,0,29.12,100.67,20.00,536.00,null,null,null
2023-09-16T05:42:05Z,23.65,58.82,67,0,30.76,100.67,20.00,536.00,null,null,null
2023-09-16T05:43:05Z,23.64,58.77,67,0,31.28,100.67,20.00,536.00,null,null,null
2023-09-16T05:44:05Z,23.64,58.81,67,0,28.96,100.67,20.00,536.00,null,null,null
2023-09-16T05:45:05Z,23.62,58.82,67,0,43.99,100.66,20.00,536.00,0,0,0
2023-09-16T05:46:05Z,23.62,58.85,67,0,35.52,100.67,20.00,536.00,null,null,null
2023-09-16T05:47:05Z,23.62,58.79,67,0,31.12,100.67,20.00,536.00,null,null,null
2023-09-16T05:48:05Z,23.64,58.78,67,0,29.20,100.67,20.00,536.00,null,null,null
2023-09-16T05:49:05Z,23.61,58.81,67,0,29.37,100.67,20.00,536.00,null,null,null
2023-09-16T05:50:05Z,23.59,58.79,67,0,31.07,100.67,20.00,536.00,0,0,0
2023-09-16T05:51:05Z,23.62,58.78,67,0,33.42,100.67,20.00,536.00,null,null,null
2023-09-16T05:52:05Z,23.61,58.78,67,0,28.80,100.67,20.00,536.00,null,null,null
2023-09-16T05:53:05Z,23.62,58.76,67,0,29.49,100.67,20.00,536.00,null,null,null
2023-09-16T05:54:05Z,23.59,58.79,67,0,29.70,100.67,20.00,536.00,null,null,null
2023-09-16T05:55:05Z,23.58,58.82,67,0,32.07,100.67,20.00,536.00,0,0,0
2023-09-16T05:56:05Z,23.59,58.83,67,0,28.19,100.67,20.00,536.00,null,null,null
2023-09-16T05:57:05Z,23.59,58.80,67,0,31.48,100.67,20.00,533.00,null,null,null
2023-09-16T05:58:05Z,23.59,58.81,67,0,28.17,100.67,20.00,533.00,null,null,null
2023-09-16T05:59:05Z,23.61,58.83,67,0,24.61,100.67,20.00,533.00,null,null,null
2023-09-16T06:00:05Z,23.59,58.85,67,0,27.64,100.67,20.00,533.00,0,0,0
2023-09-16T06:01:05Z,23.59,58.84,67,0,29.54,100.68,20.00,536.00,null,null,null
2023-09-16T06:02:05Z,23.61,58.80,67,0,29.54,100.68,20.00,533.00,null,null,null
2023-09-16T06:03:05Z,23.59,58.79,67,0,26.50,100.68,20.00,536.00,null,null,null
2023-09-16T06:04:05Z,23.57,58.79,67,0,26.55,100.68,20.00,533.00,null,null,null
2023-09-16T06:05:05Z,23.57,58.84,67,0,28.42,100.68,20.00,533.00,0,0,0
2023-09-16T06:06:05Z,23.59,58.79,67,0,28.45,100.68,20.00,533.00,null,null,null
2023-09-16T06:07:05Z,23.58,58.78,67,0,28.06,100.68,20.00,533.00,null,null,null
2023-09-16T06:08:05Z,23.61,58.82,67,0,28.19,100.68,20.00,533.00,null,null,null
2023-09-16T06:09:05Z,23.59,58.82,67,0,27.47,100.68,20.00,533.00,null,null,null
2023-09-16T06:10:05Z,23.55,58.80,67,0,26.95,100.68,20.00,533.00,0,0,0
2023-09-16T06:11:05Z,23.59,58.80,67,0,30.65,100.69,20.00,533.00,null,null,null
2023-09-16T06:12:05Z,23.58,58.79,67,0,30.01,100.69,20.00,533.00,null,null,null
2023-09-16T06:13:05Z,23.57,58.81,67,0,35.70,100.68,20.00,533.00,null,null,null
2023-09-16T06:14:05Z,23.58,58.84,67,0,30.80,100.69,20.00,533.00,null,null,null
2023-09-16T06:15:05Z,23.55,58.80,67,0,29.31,100.69,20.00,533.00,0,0,0
2023-09-16T06:16:05Z,23.55,58.82,67,0,30.20,100.69,20.00,533.00,null,null,null
2023-09-16T06:17:05Z,23.58,58.80,67,0,33.41,100.69,20.00,533.00,null,null,null
2023-09-16T06:18:05Z,23.57,58.84,67,0,30.78,100.69,20.00,533.00,null,null,null
2023-09-16T06:19:05Z,23.55,58.82,67,0,30.82,100.69,19.00,527.00,null,null,null
2023-09-16T06:20:05Z,23.57,58.81,67,0,28.47,100.69,20.00,533.00,0,0,0
2023-09-16T06:21:05Z,23.57,58.83,67,0,33.09,100.69,20.00,533.00,null,null,null
2023-09-16T06:22:05Z,23.57,58.82,67,0,28.31,100.70,19.00,527.00,null,null,null
2023-09-16T06:23:05Z,23.58,58.82,67,0,33.50,100.70,19.00,527.00,null,null,null
2023-09-16T06:24:05Z,23.57,58.86,67,0,33.40,100.70,19.00,527.00,null,null,null
2023-09-16T06:25:05Z,23.57,58.85,67,0,33.28,100.70,19.00,527.00,0,0,0
2023-09-16T06:26:05Z,23.55,58.87,66,0,29.28,100.70,19.00,527.00,null,null,null
2023-09-16T06:27:05Z,23.57,58.84,66,0,29.04,100.70,19.00,527.00,null,null,null
2023-09-16T06:28:05Z,23.58,58.82,66,0,32.66,100.70,20.00,533.00,null,null,null
2023-09-16T06:29:05Z,23.54,58.84,67,0,29.27,100.70,19.00,527.00,null,null,null
2023-09-16T06:30:05Z,23.55,58.87,66,0,28.78,100.70,19.00,527.00,0,0,0
2023-09-16T06:31:05Z,23.57,58.82,66,0,30.08,100.70,18.00,523.00,null,null,null
2023-09-16T06:32:05Z,23.55,58.86,67,0,32.94,100.70,19.00,527.00,null,null,null
2023-09-16T06:33:05Z,23.52,58.86,66,0,29.82,100.70,19.00,527.00,null,null,null
2023-09-16T06:34:05Z,23.54,58.88,66,0,33.40,100.70,19.00,527.00,null,null,null
2023-09-16T06:35:05Z,23.52,58.86,66,0,29.21,100.71,18.00,523.00,0,0,0
2023-09-16T06:36:05Z,23.55,58.88,66,0,31.22,100.71,18.00,523.00,null,null,null
2023-09-16T06:37:05Z,23.58,58.89,66,0,29.37,100.71,19.00,527.00,null,null,null
2023-09-16T06:38:05Z,23.57,58.86,66,0,29.38,100.71,19.00,527.00,null,null,null
2023-09-16T06:39:05Z,23.55,58.90,66,0,33.56,100.71,19.00,527.00,null,null,null
2023-09-16T06:40:05Z,23.52,58.91,66,0,27.20,100.71,18.00,523.00,0,0,0
2023-09-16T06:41:05Z,23.55,58.91,66,0,29.17,100.71,17.00,517.00,null,null,null
2023-09-16T06:42:05Z,23.55,58.83,66,0,34.04,100.71,19.00,527.00,null,null,null
2023-09-16T06:43:05Z,23.57,58.87,66,0,30.85,100.71,18.00,523.00,null,null,null
2023-09-16T06:44:05Z,23.55,58.88,66,0,29.69,100.72,19.00,527.00,null,null,null
2023-09-16T06:45:05Z,23.52,58.85,66,0,28.80,100.71,19.00,527.00,0,0,0
2023-09-16T06:46:05Z,23.54,58.91,66,0,30.41,100.72,17.00,517.00,null,null,null
2023-09-16T06:47:05Z,23.55,58.89,66,0,31.70,100.72,18.00,523.00,null,null,null
2023-09-16T06:48:05Z,23.54,58.87,66,0,32.12,100.72,18.00,523.00,null,null,null
2023-09-16T06:49:05Z,23.54,58.90,66,0,30.06,100.72,18.00,523.00,null,null,null
2023-09-16T06:50:05Z,23.54,58.87,66,0,32.03,100.72,18.00,523.00,0,0,0
2023-09-16T06:51:05Z,23.54,58.93,66,0,31.36,100.72,18.00,523.00,null,null,null
2023-09-16T06:52:05Z,23.57,58.89,66,0,27.32,100.72,18.00,523.00,null,null,null
2023-09-16T06:53:05Z,23.54,58.88,66,0,31.72,100.72,18.00,523.00,null,null,null
2023-09-16T06:54:05Z,23.57,58.92,66,0,28.34,100.72,18.00,523.00,null,null,null
2023-09-16T06:55:05Z,23.52,58.93,66,0,33.63,100.72,18.00,523.00,0,0,0
2023-09-16T06:56:05Z,23.54,58.91,66,0,34.77,100.72,17.00,517.00,null,null,null
2023-09-16T06:57:05Z,23.55,58.87,66,0,29.55,100.72,18.00,523.00,null,null,null
2023-09-16T06:58:05Z,23.54,58.90,66,0,32.22,100.72,19.00,527.00,null,null,null
2023-09-16T06:59:05Z,23.57,58.88,66,0,34.06,100.73,19.00,527.00,null,null,null
2023-09-16T07:00:05Z,23.51,58.92,66,0,30.84,100.73,17.00,517.00,0,0,0
2023-09-16T07:01:05Z,23.55,58.88,66,0,30.10,100.73,18.00,523.00,null,null,null
2023-09-16T07:02:05Z,23.54,58.89,66,0,33.82,100.73,17.00,517.00,null,null,null
2023-09-16T07:03:05Z,23.57,58.94,66,0,29.62,100.73,18.00,523.00,null,null,null
2023-09-16T07:04:05Z,23.54,58.93,66,0,28.85,100.73,17.00,517.00,null,null,null
2023-09-16T07:05:05Z,23.52,58.93,66,0,33.56,100.73,17.00,517.00,0,0,0
2023-09-16T07:06:05Z,23.55,58.92,66,0,28.44,100.74,18.00,523.00,null,null,null
2023-09-16T07:07:05Z,23.52,58.91,66,0,29.53,100.74,18.00,523.00,null,null,null
2023-09-16T07:08:05Z,23.55,58.92,66,0,47.68,100.73,18.00,523.00,null,null,null
2023-09-16T07:09:05Z,23.54,58.95,66,0,29.55,100.74,18.00,523.00,null,null,null
2023-09-16T07:10:05Z,23.52,58.95,66,0,27.38,100.75,18.00,523.00,0,0,0
2023-09-16T07:11:05Z,23.55,58.92,66,0,34.86,100.74,18.00,523.00,null,null,null
2023-09-16T07:12:05Z,23.57,58.93,66,0,27.04,100.74,18.00,523.00,null,null,null
2023-09-16T07:13:05Z,23.55,58.94,66,0,27.68,100.74,18.00,523.00,null,null,null
2023-09-16T07:14:05Z,23.54,58.91,66,0,28.09,100.74,18.00,523.00,null,null,null
2023-09-16T07:15:05Z,23.54,58.95,66,0,28.19,100.74,18.00,523.00,0,0,0
2023-09-16T07:16:05Z,23.55,58.96,66,0,37.99,100.74,18.00,523.00,null,null,null
2023-09-16T07:17:05Z,23.57,58.93,66,0,26.69,100.74,18.00,523.00,null,null,null
2023-09-16T07:18:05Z,23.55,58.96,66,0,34.17,100.75,18.00,523.00,null,null,null
2023-09-16T07:19:05Z,23.54,58.93,66,0,38.08,100.74,18.00,523.00,null,null,null
2023-09-16T07:20:05Z,23.55,58.95,66,0,30.20,100.75,18.00,523.00,0,0,0
2023-09-16T07:21:05Z,23.57,58.96,65,0,29.32,100.75,18.00,523.00,null,null,null
2023-09-16T07:22:05Z,23.57,58.92,66,0,30.50,100.75,18.00,523.00,null,null,null
2023-09-16T07:23:05Z,23.55,58.90,66,0,31.54,100.75,18.00,523.00,null,null,null
2023-09-16T07:24:05Z,23.54,58.91,65,0,40.28,100.75,18.00,523.00,null,null,null
2023-09-16T07:25:05Z,23.54,58.97,66,0,32.14,100.76,18.00,523.00,0,0,0
2023-09-16T07:26:05Z,23.55,58.92,66,0,30.98,100.76,18.00,523.00,null,null,null
2023-09-16T07:27:05Z,23.55,58.90,65,0,31.69,100.76,18.00,523.00,null,null,null
2023-09-16T07:28:05Z,23.57,58.94,65,0,31.29,100.76,18.00,523.00,null,null,null
2023-09-16T07:29:05Z,23.54,58.93,65,0,30.94,100.76,17.00,517.00,null,null,null
2023-09-16T07:30:05Z,23.54,58.98,66,0,30.22,100.76,18.00,523.00,0,0,0
2023-09-16T07:31:05Z,23.58,58.91,65,0,28.93,100.76,18.00,523.00,null,null,null
2023-09-16T07:32:05Z,23.57,58.90,65,0,30.64,100.76,18.00,523.00,null,null,null
2023-09-16T07:33:05Z,23.55,58.92,65,0,32.61,100.76,17.00,517.00,null,null,null
2023-09-16T07:34:05Z,23.57,58.95,65,0,29.27,100.76,17.00,517.00,null,null,null
2023-09-16T07:35:05Z,23.52,58.93,65,0,46.53,100.76,18.00,523.00,0,0,0
2023-09-16T07:36:05Z,23.57,58.96,65,0,33.00,100.77,17.00,517.00,null,null,null
2023-09-16T07:37:05Z,23.54,58.94,65,0,30.96,100.76,18.00,523.00,null,null,null
2023-09-16T07:38:05Z,23.58,58.95,65,0,29.32,100.76,18.00,523.00,null,null,null
2023-09-16T07:39:05Z,23.54,58.94,65,0,31.51,100.76,17.00,517.00,null,null,null
2023-09-16T07:40:05Z,23.55,58.98,65,0,32.39,100.76,17.00,517.00,0,0,0
2023-09-16T07:41:05Z,23.55,58.96,65,0,28.55,100.77,18.00,523.00,null,null,null
2023-09-16T07:42:05Z,23.55,58.93,65,0,30.67,100.77,18.00,523.00,null,null,null
2023-09-16T07:43:05Z,23.55,59.00,65,0,30.89,100.77,17.00,517.00,null,null,null
2023-09-16T07:44:05Z,23.57,58.97,65,0,26.95,100.77,17.00,517.00,null,null,null
2023-09-16T07:45:05Z,23.55,59.01,65,0,29.16,100.77,17.00,517.00,0,0,0
2023-09-16T07:46:05Z,23.52,59.00,65,0,29.38,100.77,18.00,523.00,null,null,null
2023-09-16T07:47:05Z,23.58,59.02,65,0,32.32,100.77,17.00,517.00,null,null,null
2023-09-16T07:48:05Z,23.57,59.00,65,0,31.59,100.77,18.00,523.00,null,null,null
2023-09-16T07:49:05Z,23.57,59.04,65,0,27.94,100.77,17.00,517.00,null,null,null
2023-09-16T07:50:05Z,23.54,59.03,65,0,34.19,100.77,18.00,523.00,0,0,0
2023-09-16T07:51:05Z,23.57,59.02,65,0,30.60,100.77,17.00,517.00,null,null,null
2023-09-16T07:52:05Z,23.58,59.00,65,0,27.32,100.77,18.00,523.00,null,null,null
2023-09-16T07:53:05Z,23.55,59.00,65,0,33.19,100.77,17.00,517.00,null,null,null
2023-09-16T07:54:05Z,23.54,59.02,65,0,30.11,100.77,18.00,523.00,null,null,null
2023-09-16T07:55:05Z,23.57,59.04,65,0,34.26,100.77,17.00,517.00,0,0,0
2023-09-16T07:56:05Z,23.59,58.99,65,0,31.23,100.77,18.00,523.00,null,null,null
2023-09-16T07:57:05Z,23.58,58.96,65,0,33.67,100.77,17.00,517.00,null,null,null
2023-09-16T07:58:05Z,23.58,58.99,65,0,35.34,100.78,18.00,523.00,null,null,null
2023-09-16T07:59:05Z,23.55,59.05,65,0,33.81,100.77,17.00,517.00,null,null,null
2023-09-16T08:00:05Z,23.57,59.06,65,0,29.40,100.78,17.00,517.00,1,1,1
2023-09-16T08:01:05Z,23.59,59.06,65,0,29.31,100.78,17.00,517.00,null,null,null
2023-09-16T08:02:05Z,23.59,59.04,65,0,33.15,100.78,17.00,517.00,null,null,null
2023-09-16T08:03:05Z,23.58,59.11,65,0,29.20,100.78,17.00,517.00,null,null,null
2023-09-16T08:04:05Z,23.58,59.08,65,0,31.62,100.78,18.00,523.00,null,null,null
2023-09-16T08:05:05Z,23.58,59.10,64,0,30.10,100.78,17.00,517.00,0,0,0
2023-09-16T08:06:05Z,23.61,59.10,64,0,30.40,100.78,18.00,523.00,null,null,null
2023-09-16T08:07:05Z,23.62,59.08,64,0,30.93,100.78,17.00,517.00,null,null,null
2023-09-16T08:08:05Z,23.62,59.07,64,0,33.78,100.78,17.00,517.00,null,null,null
2023-09-16T08:09:05Z,23.64,59.13,65,0,32.75,100.78,17.00,517.00,null,null,null
2023-09-16T08:10:05Z,23.61,59.11,65,0,29.01,100.78,17.00,517.00,0,0,0
2023-09-16T08:11:05Z,23.62,59.09,64,0,31.79,100.78,17.00,517.00,null,null,null
2023-09-16T08:12:05Z,23.64,59.12,64,0,31.54,100.78,18.00,523.00,null,null,null
2023-09-16T08:13:05Z,23.62,59.07,64,0,28.80,100.78,17.00,517.00,null,null,null
2023-09-16T08:14:05Z,23.61,59.12,64,0,28.70,100.79,18.00,523.00,null,null,null
2023-09-16T08:15:05Z,23.61,59.17,64,0,30.23,100.78,17.00,517.00,0,0,0
2023-09-16T08:16:05Z,23.64,59.16,64,0,26.24,100.79,16.00,506.00,null,null,null
2023-09-16T08:17:05Z,23.62,59.14,64,0,27.06,100.79,17.00,517.00,null,null,null
2023-09-16T08:18:05Z,23.62,59.18,64,0,31.86,100.79,17.00,517.00,null,null,null
2023-09-16T08:19:05Z,23.67,59.18,64,0,30.93,100.79,17.00,517.00,null,null,null
2023-09-16T08:20:05Z,23.64,59.20,64,0,31.43,100.79,17.00,517.00,0,0,0
2023-09-16T08:21:05Z,23.65,59.15,64,0,28.61,100.79,16.00,506.00,null,null,null
2023-09-16T08:22:05Z,23.67,59.18,64,0,31.82,100.79,17.00,517.00,null,null,null
2023-09-16T08:23:05Z,23.68,59.14,64,0,30.77,100.79,17.00,517.00,null,null,null
2023-09-16T08:24:05Z,23.69,59.21,64,0,30.84,100.79,17.00,517.00,null,null,null
2023-09-16T08:25:05Z,23.68,59.26,64,0,27.97,100.79,17.00,517.00,0,0,0
2023-09-16T08:26:05Z,23.69,59.23,64,0,33.50,100.79,15.00,501.00,null,null,null
2023-09-16T08:27:05Z,23.68,59.21,64,0,31.00,100.79,18.00,523.00,null,null,null
2023-09-16T08:28:05Z,23.71,59.22,64,0,29.08,100.79,17.00,517.00,null,null,null
2023-09-16T08:29:05Z,23.71,59.25,64,0,28.09,100.79,17.00,517.00,null,null,null
2023-09-16T08:30:05Z,23.69,59.26,64,0,31.04,100.79,16.00,506.00,0,0,0
2023-09-16T08:31:05Z,23.72,59.20,64,0,35.28,100.80,16.00,506.00,null,null,null
2023-09-16T08:32:05Z,23.71,59.25,64,0,29.54,100.79,18.00,523.00,null,null,null
2023-09-16T08:33:05Z,23.74,59.24,64,0,29.99,100.79,16.00,506.00,null,null,null
2023-09-16T08:34:05Z,23.74,59.25,64,0,30.32,100.80,17.00,517.00,null,null,null
2023-09-16T08:35:05Z,23.72,59.30,64,0,29.35,100.79,15.00,501.00,0,0,0
2023-09-16T08:36:05Z,23.74,59.27,64,0,30.66,100.79,16.00,506.00,null,null,null
2023-09-16T08:37:05Z,23.77,59.27,64,0,33.53,100.79,16.00,506.00,null,null,null
2023-09-16T08:38:05Z,23.77,59.29,64,0,34.89,100.79,14.00,493.00,null,null,null
2023-09-16T08:39:05Z,23.75,59.28,64,0,33.39,100.79,13.00,487.00,null,null,null
2023-09-16T08:40:05Z,23.75,59.32,64,0,33.06,100.80,13.00,487.00,0,0,0
2023-09-16T08:41:05Z,23.81,59.27,64,0,31.56,100.79,14.00,493.00,null,null,null
2023-09-16T08:42:05Z,23.79,59.29,64,0,33.24,100.79,14.00,493.00,null,null,null
2023-09-16T08:43:05Z,23.79,59.31,64,0,34.42,100.79,13.00,487.00,null,null,null
2023-09-16T08:44:05Z,23.81,59.36,64,0,29.95,100.80,14.00,493.00,null,null,null
2023-09-16T08:45:05Z,23.81,59.36,64,0,32.30,100.80,13.00,487.00,0,0,0
2023-09-16T08:46:05Z,23.81,59.36,64,0,33.41,100.80,14.00,493.00,null,null,null
2023-09-16T08:47:05Z,23.81,59.35,64,0,30.25,100.80,13.00,487.00,null,null,null
2023-09-16T08:48:05Z,23.85,59.34,64,0,27.32,100.80,14.00,493.00,null,null,null
2023-09-16T08:49:05Z,23.87,59.34,64,0,33.75,100.80,13.00,487.00,null,null,null
2023-09-16T08:50:05Z,23.85,59.38,64,0,30.98,100.80,14.00,493.00,0,0,0
2023-09-16T08:51:05Z,23.85,59.40,64,0,31.75,100.80,13.00,487.00,null,null,null
2023-09-16T08:52:05Z,23.88,59.38,64,0,31.40,100.79,14.00,493.00,null,null,null
2023-09-16T08:53:05Z,23.91,59.36,64,0,33.53,100.80,13.00,487.00,null,null,null
2023-09-16T08:54:05Z,23.88,59.40,64,0,30.54,100.80,13.00,487.00,null,null,null
2023-09-16T08:55:05Z,23.87,59.42,64,0,32.07,100.80,13.00,487.00,0,0,0
2023-09-16T08:56:05Z,23.92,59.38,64,0,33.18,100.80,14.00,493.00,null,null,null
2023-09-16T08:57:05Z,23.91,59.39,64,0,31.42,100.80,13.00,487.00,null,null,null
2023-09-16T08:58:05Z,23.91,59.41,64,0,32.58,100.80,13.00,487.00,null,null,null
2023-09-16T08:59:05Z,23.92,59.45,64,0,29.73,100.80,14.00,493.00,null,null,null
2023-09-16T09:00:05Z,23.93,59.43,64,0,32.11,100.80,13.00,487.00,0,0,0
2023-09-16T09:01:05Z,23.93,59.40,64,0,37.23,100.80,13.00,487.00,null,null,null
2023-09-16T09:02:05Z,23.96,59.42,64,0,34.20,100.80,14.00,493.00,null,null,null
2023-09-16T09:03:05Z,23.98,59.41,64,0,41.20,100.80,13.00,487.00,null,null,null
2023-09-16T09:04:05Z,23.98,59.49,64,0,31.62,100.80,14.00,493.00,null,null,null
2023-09-16T09:05:05Z,23.96,59.50,64,0,32.21,100.80,14.00,493.00,0,0,0
2023-09-16T09:06:05Z,23.99,59.45,64,0,31.81,100.79,13.00,487.00,null,null,null
2023-09-16T09:07:05Z,24.02,59.43,64,0,33.08,100.79,14.00,493.00,null,null,null
2023-09-16T09:08:05Z,24.00,59.45,64,0,26.89,100.80,13.00,487.00,null,null,null
2023-09-16T09:09:05Z,24.02,59.51,64,0,33.02,100.80,14.00,493.00,null,null,null
2023-09-16T09:10:05Z,24.02,59.49,64,0,32.64,100.80,14.00,493.00,0,0,0
2023-09-16T09:11:05Z,24.06,59.51,64,0,29.17,100.80,14.00,493.00,null,null,null
2023-09-16T09:12:05Z,24.08,59.50,64,0,32.79,100.80,14.00,493.00,null,null,null
2023-09-16T09:13:05Z,24.09,59.50,64,0,30.84,100.80,14.00,493.00,null,null,null
2023-09-16T09:14:05Z,24.09,59.52,64,0,32.36,100.79,14.00,498.00,null,null,null
2023-09-16T09:15:05Z,24.09,59.56,64,0,30.51,100.79,14.00,498.00,0,0,0
2023-09-16T09:16:05Z,24.12,59.53,63,0,32.59,100.79,14.00,498.00,null,null,null
2023-09-16T09:17:05Z,24.10,59.51,64,0,34.15,100.79,14.00,498.00,null,null,null
2023-09-16T09:18:05Z,24.13,59.55,64,0,31.82,100.79,14.00,498.00,null,null,null
2023-09-16T09:19:05Z,24.15,59.55,64,0,31.00,100.79,14.00,498.00,null,null,null
2023-09-16T09:20:05Z,24.13,59.56,64,0,28.91,100.79,14.00,498.00,0,0,0
2023-09-16T09:21:05Z,24.17,59.55,64,0,30.14,100.79,14.00,498.00,null,null,null
2023-09-16T09:22:05Z,24.20,59.52,64,0,34.05,100.79,14.00,498.00,null,null,null
2023-09-16T09:23:05Z,24.19,59.56,64,0,34.61,100.79,14.00,498.00,null,null,null
2023-09-16T09:24:05Z,24.17,59.57,63,0,32.51,100.80,14.00,498.00,null,null,null
2023-09-16T09:25:05Z,24.19,59.60,64,0,32.24,100.79,15.00,502.00,0,0,0
2023-09-16T09:26:05Z,24.22,59.57,63,0,31.00,100.80,15.00,502.00,null,null,null
2023-09-16T09:27:05Z,24.24,59.59,64,0,31.65,100.80,15.00,502.00,null,null,null
2023-09-16T09:28:05Z,24.24,59.56,63,0,28.67,100.80,15.00,502.00,null,null,null
2023-09-16T09:29:05Z,24.26,59.59,63,0,30.07,100.80,15.00,502.00,null,null,null
2023-09-16T09:30:05Z,24.24,59.59,63,0,31.16,100.80,9.00,461.00,0,0,0
2023-09-16T09:31:05Z,24.27,59.62,63,0,30.78,100.80,15.00,502.00,null,null,null
2023-09-16T09:32:05Z,24.30,59.65,63,0,30.61,100.80,9.00,461.00,null,null,null
2023-09-16T09:33:05Z,24.30,59.60,63,0,30.36,100.80,10.00,466.00,null,null,null
2023-09-16T09:34:05Z,24.32,59.66,63,0,29.01,100.80,10.00,466.00,null,null,null
2023-09-16T09:35:05Z,24.33,59.64,63,0,30.46,100.80,10.00,466.00,0,0,0
2023-09-16T09:36:05Z,24.36,59.63,63,0,28.45,100.80,10.00,466.00,null,null,null
2023-09-16T09:37:05Z,24.37,59.64,63,0,34.21,100.80,10.00,466.00,null,null,null
2023-09-16T09:38:05Z,24.36,59.67,63,0,32.89,100.80,11.00,473.00,null,null,null
2023-09-16T09:39:05Z,24.37,59.63,63,0,32.53,100.80,11.00,473.00,null,null,null
2023-09-16T09:40:05Z,24.39,59.70,63,0,30.89,100.80,11.00,473.00,0,0,0
2023-09-16T09:41:05Z,24.42,59.69,63,0,34.11,100.80,10.00,466.00,null,null,null
2023-09-16T09:42:05Z,24.42,59.69,63,0,31.20,100.80,11.00,473.00,null,null,null
2023-09-16T09:43:05Z,24.42,59.70,63,0,30.23,100.80,11.00,473.00,null,null,null
2023-09-16T09:44:05Z,24.43,59.68,63,0,31.48,100.80,11.00,473.00,null,null,null
2023-09-16T09:45:05Z,24.45,59.70,63,0,30.83,100.80,11.00,478.00,0,0,0
2023-09-16T09:46:05Z,24.46,59.66,63,0,30.74,100.79,10.00,466.00,null,null,null
2023-09-16T09:47:05Z,24.46,59.67,63,0,30.62,100.80,11.00,478.00,null,null,null
2023-09-16T09:48:05Z,24.49,59.71,63,0,31.99,100.79,11.00,478.00,null,null,null
2023-09-16T09:49:05Z,24.50,59.71,63,0,33.33,100.79,11.00,478.00,null,null,null
2023-09-16T09:50:05Z,24.50,59.69,63,0,32.97,100.79,11.00,478.00,0,0,0
2023-09-16T09:51:05Z,24.51,59.73,63,0,34.68,100.79,11.00,478.00,null,null,null
2023-09-16T09:52:05Z,24.51,59.71,63,0,30.99,100.79,12.00,481.00,null,null,null
2023-09-16T09:53:05Z,24.54,59.72,63,0,31.11,100.79,11.00,478.00,null,null,null
2023-09-16T09:54:05Z,24.56,59.77,63,0,30.41,100.79,11.00,478.00,null,null,null
2023-09-16T09:55:05Z,24.56,59.74,63,0,36.22,100.79,12.00,481.00,0,0,0
2023-09-16T09:56:05Z,24.60,59.80,63,0,36.47,100.79,11.00,478.00,null,null,null
2023-09-16T09:57:05Z,24.60,59.77,63,0,32.92,100.79,11.00,473.00,null,null,null
2023-09-16T09:58:05Z,24.61,59.77,63,0,33.71,100.79,11.00,476.00,null,null,null
2023-09-16T09:59:05Z,24.61,59.82,63,0,31.08,100.79,12.00,481.00,null,null,null
2023-09-16T10:00:05Z,24.64,59.77,63,0,32.67,100.79,12.00,481.00,0,0,0
2023-09-16T10:01:05Z,24.64,59.81,63,0,31.62,100.79,11.00,476.00,null,null,null
2023-09-16T10:02:05Z,24.67,59.83,63,0,32.33,100.79,11.00,476.00,null,null,null
2023-09-16T10:03:05Z,24.68,59.83,63,0,34.26,100.79,12.00,481.00,null,null,null
2023-09-16T10:04:05Z,24.71,59.83,63,0,30.82,100.79,11.00,476.00,null,null,null
2023-09-16T10:05:05Z,24.68,59.85,63,0,31.15,100.78,11.00,476.00,0,0,0
2023-09-16T10:06:05Z,24.71,59.83,63,0,33.40,100.78,14.00,497.00,null,null,null
2023-09-16T10:07:05Z,24.73,59.84,63,0,33.86,100.79,14.00,497.00,null,null,null
2023-09-16T10:08:05Z,24.75,59.85,63,0,32.70,100.78,12.00,481.00,null,null,null
2023-09-16T10:09:05Z,24.75,59.88,63,0,29.88,100.78,8.00,457.00,null,null,null
2023-09-16T10:10:05Z,24.77,59.91,63,0,33.65,100.78,7.00,447.00,0,0,0
2023-09-16T10:11:05Z,24.78,59.84,63,0,31.70,100.77,7.00,447.00,null,null,null
2023-09-16T10:12:05Z,24.81,59.91,63,0,31.40,100.77,8.00,455.00,null,null,null
2023-09-16T10:13:05Z,24.83,59.90,63,0,29.15,100.77,7.00,447.00,null,null,null
2023-09-16T10:14:05Z,24.84,59.93,63,0,32.88,100.77,8.00,457.00,null,null,null
2023-09-16T10:15:05Z,24.85,59.93,63,0,30.42,100.78,9.00,462.00,0,0,0
2023-09-16T10:16:05Z,24.88,59.90,63,0,32.21,100.77,9.00,462.00,null,null,null
2023-09-16T10:17:05Z,24.90,59.91,63,0,33.94,100.77,7.00,447.00,null,null,null
2023-09-16T10:18:05Z,24.93,59.97,63,0,29.74,100.78,8.00,455.00,null,null,null
2023-09-16T10:19:05Z,24.94,59.94,63,0,31.91,100.77,8.00,457.00,null,null,null
2023-09-16T10:20:05Z,24.94,59.95,63,0,30.15,100.78,9.00,462.00,0,0,0
2023-09-16T10:21:05Z,24.98,59.96,62,0,35.71,100.78,8.00,457.00,null,null,null
2023-09-16T10:22:05Z,24.98,59.93,62,0,29.98,100.78,8.00,457.00,null,null,null
2023-09-16T10:23:05Z,24.98,59.96,63,0,29.82,100.78,8.00,457.00,null,null,null
2023-09-16T10:24:05Z,25.01,59.99,63,0,29.33,100.78,8.00,457.00,null,null,null
2023-09-16T10:25:05Z,25.00,59.99,63,0,32.28,100.78,9.00,465.00,0,0,0
2023-09-16T10:26:05Z,25.02,59.97,62,0,32.03,100.79,11.00,475.00,null,null,null
2023-09-16T10:27:05Z,25.05,59.95,62,0,28.01,100.79,11.00,475.00,null,null,null
2023-09-16T10:28:05Z,25.05,59.97,63,0,29.40,100.79,11.00,475.00,null,null,null
2023-09-16T10:29:05Z,25.06,60.02,63,0,28.61,100.78,11.00,475.00,null,null,null
2023-09-16T10:30:05Z,25.06,60.03,63,0,28.85,100.78,12.00,480.00,0,0,0
2023-09-16T10:31:05Z,25.14,59.99,63,0,34.71,100.78,12.00,480.00,null,null,null
2023-09-16T10:32:05Z,25.15,60.01,62,0,30.64,100.79,12.00,480.00,null,null,null
2023-09-16T10:33:05Z,25.16,60.06,62,0,33.53,100.79,12.00,480.00,null,null,null
2023-09-16T10:34:05Z,25.18,60.06,62,0,34.09,100.78,12.00,480.00,null,null,null
2023-09-16T10:35:05Z,25.18,60.03,63,0,30.49,100.78,12.00,480.00,0,0,0
2023-09-16T10:36:05Z,25.19,60.03,62,0,31.95,100.79,12.00,480.00,null,null,null
2023-09-16T10:37:05Z,25.22,60.08,62,0,30.86,100.78,12.00,483.00,null,null,null
2023-09-16T10:38:05Z,25.21,60.09,62,0,32.23,100.79,12.00,480.00,null,null,null
2023-09-16T10:39:05Z,25.25,60.07,62,0,38.50,100.79,12.00,483.00,null,null,null
2023-09-16T10:40:05Z,25.25,60.12,62,0,30.09,100.79,14.00,493.00,0,0,0
2023-09-16T10:41:05Z,25.29,60.08,62,0,30.79,100.79,14.00,493.00,null,null,null
2023-09-16T10:42:05Z,25.30,60.08,62,0,32.44,100.78,14.00,493.00,null,null,null
2023-09-16T10:43:05Z,25.32,60.12,62,0,27.55,100.79,14.00,493.00,null,null,null
2023-09-16T10:44:05Z,25.33,60.14,62,0,32.07,100.79,14.00,493.00,null,null,null
2023-09-16T10:45:05Z,25.36,60.19,62,0,27.16,100.79,14.00,493.00,0,0,0
2023-09-16T10:46:05Z,25.38,60.14,62,0,33.02,100.79,14.00,493.00,null,null,null
2023-09-16T10:47:05Z,25.41,60.16,62,0,34.34,100.78,15.00,500.00,null,null,null
2023-09-16T10:48:05Z,25.39,60.17,62,0,29.47,100.78,15.00,500.00,null,null,null
2023-09-16T10:49:05Z,25.44,60.21,62,0,31.27,100.78,15.00,500.00,null,null,null
2023-09-16T10:50:05Z,25.45,60.21,62,0,32.56,100.79,15.00,505.00,0,0,0
2023-09-16T10:51:05Z,25.48,60.25,62,0,35.22,100.78,15.00,505.00,null,null,null
2023-09-16T10:52:05Z,25.48,60.19,62,0,32.66,100.78,15.00,501.00,null,null,null
2023-09-16T10:53:05Z,25.52,60.24,62,0,30.25,100.78,15.00,505.00,null,null,null
2023-09-16T10:54:05Z,25.53,60.28,62,0,26.48,100.78,15.00,505.00,null,null,null
2023-09-16T10:55:05Z,25.55,60.32,62,0,30.24,100.78,15.00,501.00,0,0,0
2023-09-16T10:56:05Z,25.59,60.28,62,0,33.42,100.78,15.00,501.00,null,null,null
2023-09-16T10:57:05Z,25.60,60.34,62,0,33.09,100.78,15.00,505.00,null,null,null
2023-09-16T10:58:05Z,25.63,60.34,62,0,31.03,100.77,15.00,505.00,null,null,null
2023-09-16T10:59:05Z,25.66,60.37,62,0,28.55,100.77,17.00,515.00,null,null,null
2023-09-16T11:00:05Z,25.66,60.40,62,0,27.89,100.78,17.00,515.00,0,0,0
2023-09-16T11:01:05Z,25.70,60.36,62,0,43.27,100.77,15.00,505.00,null,null,null
2023-09-16T11:02:05Z,25.74,60.33,62,0,38.40,100.77,17.00,515.00,null,null,null
2023-09-16T11:03:05Z,25.74,60.35,62,0,34.10,100.78,18.00,523.00,null,null,null
2023-09-16T11:04:05Z,25.77,60.40,62,0,32.19,100.78,18.00,523.00,null,null,null
2023-09-16T11:05:05Z,25.80,60.45,62,0,30.89,100.77,11.00,478.00,0,0,0
2023-09-16T11:06:05Z,25.80,60.38,62,0,30.86,100.77,11.00,478.00,null,null,null
2023-09-16T11:07:05Z,25.84,60.45,62,0,31.31,100.77,12.00,482.00,null,null,null
2023-09-16T11:08:05Z,25.87,60.47,62,0,27.57,100.77,12.00,482.00,null,null,null
2023-09-16T11:09:05Z,25.87,60.43,62,0,33.19,100.77,12.00,482.00,null,null,null
2023-09-16T11:10:05Z,25.90,60.52,62,0,26.55,100.76,12.00,482.00,0,0,0
2023-09-16T11:11:05Z,25.94,60.44,62,0,31.81,100.76,12.00,482.00,null,null,null
2023-09-16T11:12:05Z,25.94,60.48,62,0,34.21,100.76,13.00,487.00,null,null,null
2023-09-16T11:13:05Z,26.00,60.47,62,0,33.73,100.76,13.00,487.00,null,null,null
2023-09-16T11:14:05Z,26.00,60.49,61,0,32.63,100.76,13.00,487.00,null,null,null
2023-09-16T11:15:05Z,26.04,60.51,62,0,31.48,100.76,13.00,487.00,0,0,0
2023-09-16T11:16:05Z,26.04,60.53,61,0,28.34,100.75,14.00,498.00,null,null,null
2023-09-16T11:17:05Z,26.13,60.53,62,0,27.22,100.76,14.00,498.00,null,null,null
2023-09-16T11:18:05Z,26.14,60.50,62,0,27.96,100.75,14.00,498.00,null,null,null
2023-09-16T11:19:05Z,26.14,60.53,62,0,27.78,100.75,15.00,503.00,null,null,null
2023-09-16T11:20:05Z,26.18,60.58,62,0,35.90,100.75,15.00,503.00,0,0,0
2023-09-16T11:21:05Z,26.20,60.51,62,0,31.12,100.75,17.00,514.00,null,null,null
2023-09-16T11:22:05Z,26.23,60.55,61,0,29.48,100.76,17.00,514.00,null,null,null
2023-09-16T11:23:05Z,26.25,60.56,62,0,30.77,100.75,17.00,514.00,null,null,null
2023-09-16T11:24:05Z,26.30,60.60,62,0,32.43,100.76,11.00,478.00,null,null,null
2023-09-16T11:25:05Z,26.30,60.61,62,0,30.36,100.75,11.00,478.00,0,0,0
2023-09-16T11:26:05Z,26.35,60.62,62,0,28.07,100.75,11.00,478.00,null,null,null
2023-09-16T11:27:05Z,26.39,60.67,61,0,36.63,100.75,11.00,478.00,null,null,null
2023-09-16T11:28:05Z,26.39,60.64,62,0,29.12,100.75,12.00,481.00,null,null,null
2023-09-16T11:29:05Z,26.45,60.65,62,0,28.67,100.75,12.00,481.00,null,null,null
2023-09-16T11:30:05Z,26.47,60.71,62,0,27.69,100.75,13.00,488.00,0,0,0
2023-09-16T11:31:05Z,26.50,60.68,61,0,30.26,100.75,13.00,488.00,null,null,null
2023-09-16T11:32:05Z,26.52,60.66,61,0,28.60,100.75,13.00,488.00,null,null,null
2023-09-16T11:33:05Z,26.54,60.70,61,0,37.39,100.75,14.00,495.00,null,null,null
2023-09-16T11:34:05Z,26.58,60.71,61,0,31.63,100.75,15.00,500.00,null,null,null
2023-09-16T11:35:05Z,26.59,60.72,61,0,29.00,100.75,15.00,500.00,0,0,0
2023-09-16T11:36:05Z,26.63,60.75,61,0,38.13,100.75,15.00,500.00,null,null,null
2023-09-16T11:37:05Z,26.68,60.76,61,0,29.32,100.75,14.00,495.00,null,null,null
2023-09-16T11:38:05Z,26.72,60.82,61,0,31.02,100.75,15.00,501.00,null,null,null
2023-09-16T11:39:05Z,26.73,60.85,61,0,29.90,100.75,15.00,501.00,null,null,null
2023-09-16T11:40:05Z,26.76,60.88,61,0,27.08,100.75,16.00,506.00,0,0,0
2023-09-16T11:41:05Z,26.81,60.87,61,0,24.79,100.75,14.00,492.00,null,null,null
2023-09-16T11:42:05Z,26.85,60.91,61,0,30.57,100.75,14.00,497.00,null,null,null
2023-09-16T11:43:05Z,26.86,60.98,61,0,31.42,100.76,14.00,492.00,null,null,null
2023-09-16T11:44:05Z,26.93,61.01,61,0,28.40,100.76,14.00,497.00,null,null,null
2023-09-16T11:45:05Z,26.94,61.07,61,0,27.51,100.76,14.00,497.00,0,0,0
2023-09-16T11:46:05Z,27.02,61.04,61,0,27.16,100.77,15.00,502.00,null,null,null
2023-09-16T11:47:05Z,27.05,61.04,61,0,28.91,100.76,15.00,502.00,null,null,null
2023-09-16T11:48:05Z,27.09,61.09,61,0,26.26,100.76,16.00,508.00,null,null,null
2023-09-16T11:49:05Z,27.14,61.14,61,0,26.08,100.76,16.00,508.00,null,null,null
2023-09-16T11:50:05Z,27.16,61.21,61,0,27.97,100.76,17.00,518.00,0,0,0
2023-09-16T11:51:05Z,27.20,61.18,61,0,31.85,100.76,18.00,524.00,null,null,null
2023-09-16T11:52:05Z,27.27,61.18,61,0,25.65,100.76,18.00,524.00,null,null,null
2023-09-16T11:53:05Z,27.30,61.09,61,0,36.66,100.76,13.00,486.00,null,null,null
2023-09-16T11:54:05Z,27.34,61.07,61,0,27.64,100.75,14.00,493.00,null,null,null
2023-09-16T11:55:05Z,27.37,61.07,61,0,31.54,100.75,14.00,493.00,0,0,0
2023-09-16T11:56:05Z,27.44,61.15,61,0,28.55,100.74,14.00,493.00,null,null,null
2023-09-16T11:57:05Z,27.48,61.21,61,0,29.07,100.74,14.00,498.00,null,null,null
2023-09-16T11:58:05Z,27.54,61.35,61,0,29.07,100.74,15.00,503.00,null,null,null
2023-09-16T11:59:05Z,27.59,61.54,61,0,32.75,100.75,15.00,503.00,null,null,null
2023-09-16T12:00:05Z,27.64,61.69,61,0,30.40,100.75,17.00,517.00,0,0,0
2023-09-16T12:01:05Z,27.72,61.86,61,0,29.35,100.75,18.00,523.00,null,null,null
2023-09-16T12:02:05Z,27.78,61.91,61,0,29.64,100.75,18.00,524.00,null,null,null
2023-09-16T12:03:05Z,27.84,62.10,61,0,29.81,100.75,13.00,491.00,null,null,null
2023-09-16T12:04:05Z,27.91,62.24,61,0,28.15,100.76,13.00,491.00,null,null,null
2023-09-16T12:05:05Z,27.98,62.38,61,0,33.90,100.75,15.00,501.00,1,1,1
2023-09-16T12:06:05Z,28.06,62.65,61,0,28.33,100.74,14.00,497.00,null,null,null
2023-09-16T12:07:05Z,28.15,63.03,61,0,30.36,100.74,16.00,508.00,null,null,null
2023-09-16T12:08:05Z,28.22,63.31,61,0,29.09,100.74,17.00,518.00,null,null,null
2023-09-16T12:09:05Z,28.30,63.55,61,0,32.60,100.74,19.00,526.00,null,null,null
2023-09-16T12:10:05Z,28.39,63.71,61,0,37.46,100.74,18.00,523.00,0,0,0
2023-09-16T12:11:05Z,28.53,63.78,61,0,30.79,100.74,20.00,537.00,null,null,null
2023-09-16T12:12:05Z,28.64,63.68,61,0,27.10,100.73,21.00,539.00,null,null,null
2023-09-16T12:13:05Z,28.74,63.81,61,0,27.94,100.73,22.00,549.00,null,null,null
2023-09-16T12:14:05Z,28.83,64.19,61,0,26.29,100.74,24.00,561.00,null,null,null
2023-09-16T12:15:05Z,28.93,64.40,61,0,31.93,100.74,19.00,526.00,0,0,0
2023-09-16T12:16:05Z,29.07,64.30,61,0,29.28,100.74,19.00,530.00,null,null,null
2023-09-16T12:17:05Z,29.19,63.79,61,0,30.49,100.74,21.00,543.00,null,null,null
2023-09-16T12:18:05Z,29.25,62.41,61,0,28.83,100.74,22.00,546.00,null,null,null
2023-09-16T12:19:05Z,29.28,61.32,61,0,30.63,100.74,23.00,552.00,null,null,null
2023-09-16T12:20:05Z,29.28,60.91,61,0,23.20,100.74,25.00,570.00,0,0,0
2023-09-16T12:21:05Z,29.34,60.60,61,0,28.02,100.73,25.00,569.00,null,null,null
2023-09-16T12:22:05Z,29.31,60.16,61,0,35.94,100.74,24.00,561.00,null,null,null
2023-09-16T12:23:05Z,29.31,59.89,61,0,29.38,100.73,25.00,566.00,null,null,null
2023-09-16T12:24:05Z,29.27,59.73,61,0,27.96,100.73,25.00,566.00,null,null,null
2023-09-16T12:25:05Z,29.25,59.57,61,0,28.27,100.73,23.00,555.00,0,0,0
2023-09-16T12:26:05Z,29.24,59.41,61,0,27.38,100.74,23.00,555.00,null,null,null
2023-09-16T12:27:05Z,29.22,59.58,61,0,28.23,100.74,23.00,552.00,null,null,null
2023-09-16T12:28:05Z,29.24,61.03,61,0,30.92,100.73,24.00,564.00,null,null,null
2023-09-16T12:29:05Z,29.27,61.77,61,0,28.01,100.73,22.00,545.00,null,null,null
2023-09-16T12:30:05Z,29.32,62.82,60,0,27.90,100.73,20.00,534.00,0,0,0
2023-09-16T12:31:05Z,29.41,63.36,60,0,35.13,100.73,22.00,546.00,null,null,null
2023-09-16T12:32:05Z,29.51,63.61,61,0,27.62,100.74,21.00,540.00,null,null,null
2023-09-16T12:33:05Z,29.62,63.73,61,0,28.73,100.74,23.00,553.00,null,null,null
2023-09-16T12:34:05Z,29.72,63.81,61,0,29.93,100.74,25.00,570.00,null,null,null
2023-09-16T12:35:05Z,29.82,63.53,60,0,26.41,100.73,26.00,574.00,0,0,0
2023-09-16T12:36:05Z,29.90,62.87,60,0,31.25,100.74,20.00,534.00,null,null,null
2023-09-16T12:37:05Z,29.99,62.83,60,0,24.86,100.74,22.00,546.00,null,null,null
2023-09-16T12:38:05Z,30.06,62.47,60,0,27.62,100.74,25.00,565.00,null,null,null
2023-09-16T12:39:05Z,30.13,62.37,60,0,28.58,100.74,24.00,560.00,null,null,null
2023-09-16T12:40:05Z,30.18,62.22,60,0,24.61,100.73,25.00,570.00,0,0,0
2023-09-16T12:41:05Z,30.24,61.91,60,0,31.42,100.73,26.00,575.00,null,null,null
2023-09-16T12:42:05Z,30.29,62.05,60,0,28.44,100.72,27.00,581.00,null,null,null
2023-09-16T12:43:05Z,30.34,62.08,60,0,40.41,100.73,22.00,545.00,null,null,null
2023-09-16T12:44:05Z,30.40,62.34,60,0,27.92,100.72,22.00,545.00,null,null,null
2023-09-16T12:45:05Z,30.45,62.46,60,0,29.72,100.72,21.00,540.00,0,0,0
2023-09-16T12:46:05Z,30.53,62.38,60,0,26.46,100.73,22.00,549.00,null,null,null
2023-09-16T12:47:05Z,30.61,62.38,60,0,24.65,100.73,25.00,566.00,null,null,null
2023-09-16T12:48:05Z,30.66,62.25,60,0,27.87,100.72,25.00,566.00,null,null,null
2023-09-16T12:49:05Z,30.73,62.28,60,0,30.25,100.72,26.00,574.00,null,null,null
2023-09-16T12:50:05Z,30.80,62.29,60,0,25.29,100.72,26.00,574.00,0,0,0
2023-09-16T12:51:05Z,30.86,62.09,60,0,33.39,100.73,26.00,572.00,null,null,null
2023-09-16T12:52:05Z,30.89,61.69,60,0,25.06,100.73,29.00,596.00,null,null,null
2023-09-16T12:53:05Z,30.94,61.18,60,0,28.04,100.73,28.00,589.00,null,null,null
2023-09-16T12:54:05Z,30.98,60.87,60,0,25.50,100.73,27.00,580.00,null,null,null
2023-09-16T12:55:05Z,30.99,60.90,60,0,28.76,100.73,31.00,607.00,0,0,0
2023-09-16T12:56:05Z,31.02,60.92,60,0,28.91,100.73,31.00,607.00,null,null,null
2023-09-16T12:57:05Z,31.03,60.94,60,0,23.94,100.73,31.00,607.00,null,null,null
2023-09-16T12:58:05Z,31.06,60.88,60,0,30.60,100.73,28.00,589.00,null,null,null
2023-09-16T12:59:05Z,31.10,60.48,60,0,27.22,100.73,31.00,607.00,null,null,null
2023-09-16T13:00:05Z,31.10,60.06,60,0,25.38,100.73,32.00,615.00,0,0,0
2023-09-16T13:01:05Z,31.10,59.82,60,0,30.67,100.73,31.00,607.00,null,null,null
2023-09-16T13:02:05Z,31.12,59.75,60,0,39.95,100.73,31.00,607.00,null,null,null
2023-09-16T13:03:05Z,31.08,59.72,60,0,27.75,100.73,30.00,600.00,null,null,null
2023-09-16T13:04:05Z,31.09,59.56,60,0,29.77,100.73,31.00,607.00,null,null,null
2023-09-16T13:05:05Z,31.10,59.36,60,0,27.87,100.73,32.00,615.00,0,0,0
2023-09-16T13:06:05Z,31.06,59.15,60,0,27.18,100.73,31.00,607.00,null,null,null
2023-09-16T13:07:05Z,31.06,59.15,60,0,30.45,100.73,28.00,589.00,null,null,null
2023-09-16T13:08:05Z,31.03,59.24,60,0,28.68,100.73,31.00,605.00,null,null,null
2023-09-16T13:09:05Z,31.03,59.33,60,0,36.78,100.73,29.00,596.00,null,null,null
2023-09-16T13:10:05Z,31.01,59.33,60,0,28.63,100.73,30.00,599.00,0,0,0
2023-09-16T13:11:05Z,31.02,59.18,60,0,30.56,100.73,28.00,589.00,null,null,null
2023-09-16T13:12:05Z,31.02,59.50,60,0,28.17,100.73,28.00,589.00,null,null,null
2023-09-16T13:13:05Z,30.99,59.74,60,0,26.76,100.73,28.00,589.00,null,null,null
2023-09-16T13:14:05Z,31.03,60.06,60,0,27.16,100.73,28.00,589.00,null,null,null
2023-09-16T13:15:05Z,31.03,60.01,60,0,27.68,100.72,27.00,581.00,0,0,0
2023-09-16T13:16:05Z,31.05,59.55,60,0,31.72,100.72,27.00,581.00,null,null,null
2023-09-16T13:17:05Z,31.09,60.15,60,0,26.11,100.73,30.00,599.00,null,null,null
2023-09-16T13:18:05Z,31.12,60.56,60,0,25.76,100.73,29.00,592.00,null,null,null
2023-09-16T13:19:05Z,31.12,60.72,60,0,27.18,100.73,29.00,596.00,null,null,null
2023-09-16T13:20:05Z,31.19,60.70,60,0,27.69,100.73,28.00,588.00,0,0,0
2023-09-16T13:21:05Z,31.23,60.71,60,0,25.13,100.73,29.00,596.00,null,null,null
2023-09-16T13:22:05Z,31.28,60.68,60,0,26.64,100.73,29.00,596.00,null,null,null
2023-09-16T13:23:05Z,31.29,60.66,60,0,29.60,100.73,24.00,560.00,null,null,null
2023-09-16T13:24:05Z,31.36,60.67,60,0,32.24,100.73,22.00,545.00,null,null,null
2023-09-16T13:25:05Z,31.39,60.58,60,0,27.53,100.73,25.00,570.00,0,0,0
2023-09-16T13:26:05Z,31.42,60.31,60,0,30.50,100.73,23.00,552.00,null,null,null
2023-09-16T13:27:05Z,31.46,60.01,60,0,31.35,100.73,24.00,560.00,null,null,null
2023-09-16T13:28:05Z,31.46,59.79,60,0,27.66,100.73,25.00,565.00,null,null,null
2023-09-16T13:29:05Z,31.49,59.70,60,0,29.33,100.73,22.00,549.00,null,null,null
2023-09-16T13:30:05Z,31.49,59.48,60,0,29.57,100.73,25.00,570.00,0,0,0
2023-09-16T13:31:05Z,31.49,58.92,60,0,28.84,100.73,25.00,570.00,null,null,null
2023-09-16T13:32:05Z,31.47,58.81,60,0,28.23,100.73,25.00,570.00,null,null,null
2023-09-16T13:33:05Z,31.46,58.97,60,0,28.12,100.73,22.00,546.00,null,null,null
2023-09-16T13:34:05Z,31.46,59.20,60,0,29.20,100.73,25.00,570.00,null,null,null
2023-09-16T13:35:05Z,31.47,59.45,60,0,32.39,100.73,24.00,564.00,0,0,0
2023-09-16T13:36:05Z,31.44,59.47,59,0,28.20,100.73,21.00,540.00,null,null,null
2023-09-16T13:37:05Z,31.47,59.40,60,0,27.45,100.73,23.00,555.00,null,null,null
2023-09-16T13:38:05Z,31.50,59.26,59,0,27.66,100.73,25.00,565.00,null,null,null
2023-09-16T13:39:05Z,31.47,59.11,59,0,28.61,100.73,25.00,565.00,null,null,null
2023-09-16T13:40:05Z,31.49,58.82,59,0,29.33,100.73,24.00,564.00,0,0,0
2023-09-16T13:41:05Z,31.46,58.51,59,0,24.46,100.74,21.00,539.00,null,null,null
2023-09-16T13:42:05Z,31.47,58.12,59,0,31.37,100.74,23.00,556.00,null,null,null
2023-09-16T13:43:05Z,31.43,57.84,59,0,28.92,100.73,25.00,565.00,null,null,null
2023-09-16T13:44:05Z,31.42,57.61,60,0,31.26,100.73,23.00,556.00,null,null,null
2023-09-16T13:45:05Z,31.32,57.47,59,0,26.73,100.73,23.00,555.00,0,0,0
2023-09-16T13:46:05Z,31.29,57.52,59,0,29.04,100.73,20.00,533.00,null,null,null
2023-09-16T13:47:05Z,31.29,57.44,59,0,27.94,100.72,22.00,549.00,null,null,null
2023-09-16T13:48:05Z,31.25,57.41,59,0,28.80,100.73,22.00,549.00,null,null,null
2023-09-16T13:49:05Z,31.19,57.47,59,0,33.78,100.73,20.00,533.00,null,null,null
2023-09-16T13:50:05Z,31.15,57.63,59,0,28.74,100.72,25.00,567.00,0,0,0
2023-09-16T13:51:05Z,31.16,57.79,59,0,28.68,100.72,28.00,584.00,null,null,null
2023-09-16T13:52:05Z,31.12,57.82,59,0,26.91,100.73,26.00,577.00,null,null,null
2023-09-16T13:53:05Z,31.10,57.86,59,0,34.34,100.73,23.00,551.00,null,null,null
2023-09-16T13:54:05Z,31.08,57.84,60,0,31.51,100.72,25.00,567.00,null,null,null
2023-09-16T13:55:05Z,31.05,57.85,59,0,29.25,100.72,25.00,567.00,0,0,0
2023-09-16T13:56:05Z,31.03,57.93,59,0,27.73,100.72,23.00,551.00,null,null,null
2023-09-16T13:57:05Z,31.02,57.82,59,0,29.08,100.72,25.00,567.00,null,null,null
2023-09-16T13:58:05Z,30.98,57.72,59,0,31.43,100.72,24.00,561.00,null,null,null
2023-09-16T13:59:05Z,30.96,57.66,59,0,29.08,100.72,22.00,545.00,null,null,null
2023-09-16T14:00:05Z,30.96,57.57,59,0,27.82,100.72,25.00,567.00,1,1,1
2023-09-16T14:01:05Z,30.92,57.72,59,0,32.28,100.71,23.00,551.00,null,null,null
2023-09-16T14:02:05Z,30.91,57.77,59,0,32.85,100.72,20.00,534.00,null,null,null
2023-09-16T14:03:05Z,30.89,58.00,59,0,29.91,100.72,22.00,545.00,null,null,null
2023-09-16T14:04:05Z,30.88,58.26,59,0,32.59,100.72,21.00,539.00,null,null,null
2023-09-16T14:05:05Z,30.88,58.50,59,0,26.55,100.72,21.00,539.00,0,0,0
2023-09-16T14:06:05Z,30.89,58.61,59,0,31.20,100.72,22.00,545.00,null,null,null
2023-09-16T14:07:05Z,30.89,58.87,59,0,26.93,100.72,22.00,545.00,null,null,null
2023-09-16T14:08:05Z,30.92,58.98,59,0,31.64,100.72,22.00,549.00,null,null,null
2023-09-16T14:09:05Z,30.94,58.77,59,0,26.84,100.71,19.00,529.00,null,null,null
2023-09-16T14:10:05Z,30.95,58.47,59,0,32.11,100.71,22.00,549.00,0,0,0
2023-09-16T14:11:05Z,30.94,58.23,59,0,27.04,100.72,23.00,553.00,null,null,null
2023-09-16T14:12:05Z,30.94,58.20,59,0,31.28,100.72,24.00,561.00,null,null,null
2023-09-16T14:13:05Z,30.95,58.21,59,0,24.79,100.72,23.00,551.00,null,null,null
2023-09-16T14:14:05Z,30.94,58.26,59,0,33.67,100.72,24.00,561.00,null,null,null
2023-09-16T14:15:05Z,30.95,58.31,59,0,25.03,100.72,22.00,545.00,0,0,0
2023-09-16T14:16:05Z,30.96,58.30,59,0,34.99,100.72,23.00,553.00,null,null,null
2023-09-16T14:17:05Z,30.95,58.05,59,0,30.64,100.72,22.00,545.00,null,null,null
2023-09-16T14:18:05Z,30.94,57.81,59,0,29.60,100.72,23.00,551.00,null,null,null
2023-09-16T14:19:05Z,30.91,57.67,59,0,27.94,100.72,22.00,545.00,null,null,null
2023-09-16T14:20:05Z,30.91,57.60,59,0,32.05,100.72,20.00,534.00,0,0,0
2023-09-16T14:21:05Z,30.89,57.68,59,0,26.24,100.72,23.00,551.00,null,null,null
2023-09-16T14:22:05Z,30.86,57.74,59,0,28.87,100.72,22.00,545.00,null,null,null
2023-09-16T14:23:05Z,30.88,57.78,59,0,27.40,100.72,23.00,551.00,null,null,null
2023-09-16T14:24:05Z,30.82,57.88,59,0,28.83,100.72,21.00,539.00,null,null,null
2023-09-16T14:25:05Z,30.84,58.00,59,0,24.61,100.73,18.00,523.00,0,0,0
2023-09-16T14:26:05Z,30.85,58.20,59,0,28.74,100.73,22.00,545.00,null,null,null
2023-09-16T14:27:05Z,30.85,58.33,59,0,37.05,100.72,22.00,545.00,null,null,null
2023-09-16T14:28:05Z,30.89,58.46,59,0,30.46,100.72,20.00,533.00,null,null,null
2023-09-16T14:29:05Z,30.89,58.49,59,0,29.92,100.73,21.00,539.00,null,null,null
2023-09-16T14:30:05Z,30.86,58.56,59,0,28.04,100.72,21.00,539.00,1,1,1
2023-09-16T14:31:05Z,30.89,58.55,58,0,34.26,100.72,21.00,539.00,null,null,null
2023-09-16T14:32:05Z,30.92,58.41,59,0,29.25,100.73,22.00,545.00,null,null,null
2023-09-16T14:33:05Z,30.92,58.34,59,0,29.94,100.73,22.00,545.00,null,null,null
2023-09-16T14:34:05Z,30.92,58.32,59,0,29.49,100.73,21.00,539.00,null,null,null
2023-09-16T14:35:05Z,30.94,58.47,59,0,29.37,100.73,22.00,545.00,0,0,0
2023-09-16T14:36:05Z,30.95,58.67,59,0,31.48,100.72,21.00,539.00,null,null,null
2023-09-16T14:37:05Z,30.99,58.72,58,0,30.52,100.72,22.00,545.00,null,null,null
2023-09-16T14:38:05Z,30.98,58.78,58,0,33.21,100.72,22.00,545.00,null,null,null
2023-09-16T14:39:05Z,31.01,58.73,58,0,27.73,100.72,22.00,549.00,null,null,null
2023-09-16T14:40:05Z,31.02,58.81,58,0,26.36,100.72,20.00,533.00,0,0,0
2023-09-16T14:41:05Z,31.06,58.72,58,0,26.64,100.72,21.00,540.00,null,null,null
2023-09-16T14:42:05Z,31.09,58.71,58,0,28.30,100.72,22.00,545.00,null,null,null
2023-09-16T14:43:05Z,31.09,58.68,58,0,28.92,100.72,23.00,553.00,null,null,null
2023-09-16T14:44:05Z,31.12,58.64,58,0,28.68,100.72,24.00,561.00,null,null,null
2023-09-16T14:45:05Z,31.12,58.68,58,0,26.89,100.72,24.00,561.00,0,0,0
2023-09-16T14:46:05Z,31.15,58.52,58,0,28.76,100.72,24.00,561.00,null,null,null
2023-09-16T14:47:05Z,31.16,58.48,59,0,35.73,100.72,24.00,561.00,null,null,null
2023-09-16T14:48:05Z,31.16,58.49,58,0,30.67,100.73,25.00,570.00,null,null,null
2023-09-16T14:49:05Z,31.19,58.55,58,0,31.93,100.73,25.00,570.00,null,null,null
2023-09-16T14:50:05Z,31.19,58.49,58,0,34.00,100.72,24.00,561.00,0,0,0
2023-09-16T14:51:05Z,31.22,58.30,58,0,32.47,100.73,25.00,570.00,null,null,null
2023-09-16T14:52:05Z,31.22,58.11,58,0,28.77,100.73,25.00,570.00,null,null,null
2023-09-16T14:53:05Z,31.19,57.90,58,0,32.68,100.73,25.00,567.00,null,null,null
2023-09-16T14:54:05Z,31.21,57.85,58,0,28.54,100.73,22.00,545.00,null,null,null
2023-09-16T14:55:05Z,31.21,57.82,58,0,29.72,100.73,25.00,567.00,0,0,0
2023-09-16T14:56:05Z,31.19,57.78,58,0,30.34,100.73,25.00,567.00,null,null,null
2023-09-16T14:57:05Z,31.19,57.67,58,0,26.67,100.73,23.00,551.00,null,null,null
2023-09-16T14:58:05Z,31.18,57.56,58,0,29.98,100.73,25.00,567.00,null,null,null
2023-09-16T14:59:05Z,31.18,57.44,58,0,28.55,100.73,25.00,567.00,null,null,null
2023-09-16T15:00:05Z,31.15,57.45,58,0,30.21,100.73,23.00,556.00,0,0,0
2023-09-16T15:01:05Z,31.15,57.34,58,0,29.32,100.72,23.00,556.00,null,null,null
2023-09-16T15:02:05Z,31.13,57.30,58,0,31.48,100.72,23.00,551.00,null,null,null
2023-09-16T15:03:05Z,31.10,57.22,58,0,26.73,100.73,20.00,534.00,null,null,null
2023-09-16T15:04:05Z,31.06,57.15,58,0,30.65,100.72,25.00,565.00,null,null,null
2023-09-16T15:05:05Z,31.06,57.19,58,0,26.14,100.72,23.00,556.00,0,0,0
2023-09-16T15:06:05Z,31.05,57.29,58,0,28.64,100.72,21.00,540.00,null,null,null
2023-09-16T15:07:05Z,31.05,57.38,58,0,29.56,100.72,23.00,551.00,null,null,null
2023-09-16T15:08:05Z,31.05,57.53,58,0,34.29,100.72,23.00,551.00,null,null,null
2023-09-16T15:09:05Z,31.05,57.66,58,0,24.19,100.73,22.00,545.00,null,null,null
2023-09-16T15:10:05Z,31.03,57.80,58,0,26.80,100.73,23.00,551.00,0,0,0
2023-09-16T15:11:05Z,31.05,57.78,58,0,29.76,100.73,21.00,539.00,null,null,null
2023-09-16T15:12:05Z,31.05,57.73,58,0,31.02,100.73,18.00,523.00,null,null,null
2023-09-16T15:13:05Z,31.05,57.80,58,0,28.39,100.73,23.00,556.00,null,null,null
2023-09-16T15:14:05Z,31.05,57.81,58,0,31.97,100.73,22.00,545.00,null,null,null
2023-09-16T15:15:05Z,31.06,57.83,58,0,32.91,100.73,19.00,529.00,0,0,0
2023-09-16T15:16:05Z,31.09,57.58,58,0,28.47,100.73,22.00,545.00,null,null,null
2023-09-16T15:17:05Z,31.08,57.52,58,0,25.70,100.73,23.00,551.00,null,null,null
2023-09-16T15:18:05Z,31.09,57.48,58,0,29.56,100.73,20.00,534.00,null,null,null
2023-09-16T15:19:05Z,31.06,57.28,58,0,25.03,100.73,22.00,545.00,null,null,null
2023-09-16T15:20:05Z,31.06,57.22,57,0,30.22,100.72,22.00,545.00,0,0,0
2023-09-16T15:21:05Z,31.03,57.19,57,0,26.41,100.73,23.00,551.00,null,null,null
2023-09-16T15:22:05Z,31.05,57.40,58,0,27.85,100.73,23.00,551.00,null,null,null
2023-09-16T15:23:05Z,31.06,57.58,57,0,28.76,100.72,22.00,545.00,null,null,null
2023-09-16T15:24:05Z,31.05,57.65,58,0,27.68,100.73,23.00,551.00,null,null,null
2023-09-16T15:25:05Z,31.05,57.63,58,0,31.97,100.73,23.00,551.00,0,0,0
2023-09-16T15:26:05Z,31.09,57.50,58,0,27.38,100.73,22.00,545.00,null,null,null
2023-09-16T15:27:05Z,31.06,57.49,58,0,30.42,100.73,23.00,551.00,null,null,null
2023-09-16T15:28:05Z,31.08,57.37,58,0,27.78,100.74,23.00,551.00,null,null,null
2023-09-16T15:29:05Z,31.06,57.23,57,0,29.97,100.73,22.00,545.00,null,null,null
2023-09-16T15:30:05Z,31.08,56.97,58,0,27.77,100.73,23.00,556.00,0,0,0
2023-09-16T15:31:05Z,31.06,56.54,58,0,27.66,100.73,23.00,551.00,null,null,null
2023-09-16T15:32:05Z,31.03,56.31,58,0,32.03,100.73,23.00,555.00,null,null,null
2023-09-16T15:33:05Z,30.99,56.17,58,0,32.08,100.73,22.00,545.00,null,null,null
2023-09-16T15:34:05Z,30.96,56.14,58,0,45.98,100.73,20.00,533.00,null,null,null
2023-09-16T15:35:05Z,30.92,56.37,58,0,31.45,100.73,22.00,546.00,0,0,0
2023-09-16T15:36:05Z,30.89,56.43,57,0,32.77,100.72,17.00,517.00,null,null,null
2023-09-16T15:37:05Z,30.89,56.38,57,0,25.95,100.72,16.00,506.00,null,null,null
2023-09-16T15:38:05Z,30.85,56.27,57,0,27.10,100.72,20.00,533.00,null,null,null
2023-09-16T15:39:05Z,30.82,56.22,57,0,33.41,100.72,19.00,526.00,null,null,null
2023-09-16T15:40:05Z,30.80,56.21,57,0,26.76,100.72,18.00,524.00,0,0,0
2023-09-16T15:41:05Z,30.80,56.22,57,0,26.50,100.72,18.00,524.00,null,null,null
2023-09-16T15:42:05Z,30.74,56.20,57,0,24.72,100.72,15.00,501.00,null,null,null
2023-09-16T15:43:05Z,30.71,56.20,58,0,28.17,100.72,18.00,519.00,null,null,null
2023-09-16T15:44:05Z,30.71,56.18,58,0,25.56,100.72,15.00,502.00,null,null,null
2023-09-16T15:45:05Z,30.66,56.21,57,0,35.70,100.72,17.00,514.00,0,0,0
2023-09-16T15:46:05Z,30.65,56.24,57,0,28.54,100.73,15.00,502.00,null,null,null
2023-09-16T15:47:05Z,30.62,56.20,57,0,29.04,100.72,15.00,502.00,null,null,null
2023-09-16T15:48:05Z,30.59,56.12,57,0,30.69,100.73,15.00,502.00,null,null,null
2023-09-16T15:49:05Z,30.58,56.13,57,0,29.28,100.72,17.00,514.00,null,null,null
2023-09-16T15:50:05Z,30.55,56.10,57,0,26.21,100.72,14.00,497.00,0,0,0
2023-09-16T15:51:05Z,30.53,56.16,57,0,32.17,100.73,13.00,491.00,null,null,null
2023-09-16T15:52:05Z,30.51,56.09,57,0,27.12,100.72,14.00,497.00,null,null,null
2023-09-16T15:53:05Z,30.48,56.13,57,0,25.50,100.73,15.00,502.00,null,null,null
2023-09-16T15:54:05Z,30.45,56.13,57,0,31.02,100.73,14.00,497.00,null,null,null
2023-09-16T15:55:05Z,30.44,56.20,57,0,27.26,100.73,14.00,497.00,0,0,0
2023-09-16T15:56:05Z,30.43,56.34,57,0,31.60,100.72,12.00,485.00,null,null,null
2023-09-16T15:57:05Z,30.40,56.30,57,0,32.99,100.73,11.00,478.00,null,null,null
2023-09-16T15:58:05Z,30.37,56.28,57,0,30.12,100.72,11.00,478.00,null,null,null
2023-09-16T15:59:05Z,30.38,56.29,57,0,28.93,100.73,11.00,473.00,null,null,null
2023-09-16T16:00:05Z,30.33,56.31,57,0,22.89,100.73,11.00,478.00,0,0,0
2023-09-16T16:01:05Z,30.38,56.30,57,0,28.67,100.73,11.00,478.00,null,null,null
2023-09-16T16:02:05Z,30.37,56.28,57,0,30.67,100.74,11.00,478.00,null,null,null
2023-09-16T16:03:05Z,30.30,56.25,57,0,28.71,100.74,11.00,473.00,null,null,null
2023-09-16T16:04:05Z,30.30,56.26,57,0,25.82,100.74,11.00,473.00,null,null,null
2023-09-16T16:05:05Z,30.30,56.22,57,0,29.13,100.74,11.00,473.00,0,0,0
2023-09-16T16:06:05Z,30.29,56.26,57,0,26.11,100.74,12.00,480.00,null,null,null
2023-09-16T16:07:05Z,30.26,56.18,57,0,29.97,100.74,11.00,478.00,null,null,null
2023-09-16T16:08:05Z,30.24,56.13,57,0,26.31,100.74,12.00,480.00,null,null,null
2023-09-16T16:09:05Z,30.24,56.13,57,0,29.12,100.75,18.00,520.00,null,null,null
2023-09-16T16:10:05Z,30.20,56.10,57,0,25.35,100.75,16.00,508.00,0,0,0
2023-09-16T16:11:05Z,30.21,56.07,57,0,30.50,100.75,16.00,508.00,null,null,null
2023-09-16T16:12:05Z,30.20,55.94,57,0,36.67,100.75,16.00,508.00,null,null,null
2023-09-16T16:13:05Z,30.13,55.98,57,0,28.52,100.75,16.00,508.00,null,null,null
2023-09-16T16:14:05Z,30.14,55.93,57,0,35.10,100.75,15.00,502.00,null,null,null
2023-09-16T16:15:05Z,30.10,55.93,57,0,29.15,100.76,16.00,508.00,0,0,0
2023-09-16T16:16:05Z,30.07,55.87,57,0,24.86,100.76,16.00,508.00,null,null,null
2023-09-16T16:17:05Z,30.06,55.88,57,0,26.84,100.76,15.00,502.00,null,null,null
2023-09-16T16:18:05Z,30.04,55.79,57,0,28.17,100.76,14.00,497.00,null,null,null
2023-09-16T16:19:05Z,29.99,55.77,57,0,34.36,100.76,14.00,497.00,null,null,null
2023-09-16T16:20:05Z,29.96,55.71,57,0,31.67,100.76,14.00,492.00,0,0,0
2023-09-16T16:21:05Z,29.93,55.74,57,0,32.14,100.76,14.00,496.00,null,null,null
2023-09-16T16:22:05Z,29.89,55.67,57,0,29.76,100.76,13.00,487.00,null,null,null
2023-09-16T16:23:05Z,29.87,55.60,57,0,30.44,100.76,12.00,482.00,null,null,null
2023-09-16T16:24:05Z,29.83,55.60,57,0,28.34,100.76,13.00,487.00,null,null,null
2023-09-16T16:25:05Z,29.77,55.60,57,0,29.27,100.76,12.00,482.00,1,1,1
2023-09-16T16:26:05Z,29.79,55.64,57,0,27.28,100.76,11.00,477.00,null,null,null
2023-09-16T16:27:05Z,29.75,55.65,57,0,28.44,100.75,11.00,477.00,null,null,null
2023-09-16T16:28:05Z,29.70,55.65,57,0,32.29,100.75,11.00,477.00,null,null,null
2023-09-16T16:29:05Z,29.66,55.67,57,0,31.36,100.75,16.00,506.00,null,null,null
2023-09-16T16:30:05Z,29.65,55.67,57,0,26.93,100.75,16.00,506.00,0,0,0
2023-09-16T16:31:05Z,29.62,55.75,57,0,26.08,100.75,15.00,501.00,null,null,null
2023-09-16T16:32:05Z,29.60,55.76,57,0,25.35,100.75,14.00,497.00,null,null,null
2023-09-16T16:33:05Z,29.56,55.72,57,0,31.59,100.76,14.00,497.00,null,null,null
2023-09-16T16:34:05Z,29.55,55.72,57,0,37.28,100.76,15.00,501.00,null,null,null
2023-09-16T16:35:05Z,29.52,55.73,57,0,29.03,100.75,15.00,501.00,0,0,0
2023-09-16T16:36:05Z,29.48,55.75,57,0,37.05,100.75,12.00,483.00,null,null,null
2023-09-16T16:37:05Z,29.49,55.69,57,0,35.43,100.76,13.00,486.00,null,null,null
2023-09-16T16:38:05Z,29.45,55.67,57,0,31.13,100.76,14.00,496.00,null,null,null
2023-09-16T16:39:05Z,29.41,55.65,57,0,33.30,100.76,13.00,491.00,null,null,null
2023-09-16T16:40:05Z,29.37,55.62,57,0,28.91,100.76,11.00,478.00,0,0,0
2023-09-16T16:41:05Z,29.34,55.64,57,0,29.44,100.77,11.00,478.00,null,null,null
2023-09-16T16:42:05Z,29.35,55.60,57,0,32.99,100.77,11.00,478.00,null,null,null
2023-09-16T16:43:05Z,29.31,55.60,57,0,31.30,100.76,11.00,478.00,null,null,null
2023-09-16T16:44:05Z,29.27,55.57,57,0,28.68,100.76,11.00,473.00,null,null,null
2023-09-16T16:45:05Z,29.22,55.59,57,0,25.32,100.76,11.00,473.00,0,0,0
2023-09-16T16:46:05Z,29.24,55.65,57,0,31.75,100.77,11.00,475.00,null,null,null
2023-09-16T16:47:05Z,29.19,55.58,57,0,33.50,100.77,11.00,475.00,null,null,null
2023-09-16T16:48:05Z,29.17,55.59,57,0,29.96,100.76,11.00,475.00,null,null,null
2023-09-16T16:49:05Z,29.15,55.55,57,0,31.77,100.76,11.00,475.00,null,null,null
2023-09-16T16:50:05Z,29.08,55.53,57,0,28.67,100.77,10.00,466.00,0,0,0
2023-09-16T16:51:05Z,29.09,55.62,57,0,34.24,100.77,10.00,466.00,null,null,null
2023-09-16T16:52:05Z,29.04,55.55,57,0,31.66,100.77,9.00,462.00,null,null,null
2023-09-16T16:53:05Z,29.02,55.52,57,0,29.64,100.77,9.00,462.00,null,null,null
2023-09-16T16:54:05Z,29.00,55.53,57,0,33.27,100.76,9.00,462.00,null,null,null
2023-09-16T16:55:05Z,28.96,55.50,57,0,31.99,100.76,8.00,455.00,0,0,0
2023-09-16T16:56:05Z,28.94,55.59,57,0,32.70,100.76,8.00,455.00,null,null,null
2023-09-16T16:57:05Z,28.93,55.54,57,0,34.86,100.76,8.00,455.00,null,null,null
2023-09-16T16:58:05Z,28.87,55.50,57,0,29.57,100.77,7.00,450.00,null,null,null
2023-09-16T16:59:05Z,28.86,55.52,57,0,31.62,100.77,7.00,450.00,null,null,null
2023-09-16T17:00:05Z,28.83,55.47,57,0,34.64,100.77,6.00,445.00,0,0,0
2023-09-16T17:01:05Z,28.81,55.52,57,0,33.76,100.78,7.00,450.00,null,null,null
2023-09-16T17:02:05Z,28.78,55.51,56,0,31.66,100.78,6.00,445.00,null,null,null
2023-09-16T17:03:05Z,28.74,55.48,57,0,34.78,100.78,6.00,441.00,null,null,null
2023-09-16T17:04:05Z,28.71,55.48,56,0,36.05,100.78,12.00,481.00,null,null,null
2023-09-16T17:05:05Z,28.67,55.44,57,0,33.50,100.78,11.00,476.00,0,0,0
2023-09-16T17:06:05Z,28.67,55.53,56,0,27.84,100.78,11.00,476.00,null,null,null
2023-09-16T17:07:05Z,28.66,55.48,56,0,29.65,100.78,11.00,476.00,null,null,null
2023-09-16T17:08:05Z,28.64,55.46,56,0,28.84,100.78,10.00,466.00,null,null,null
2023-09-16T17:09:05Z,28.59,55.52,56,0,33.02,100.78,9.00,462.00,null,null,null
2023-09-16T17:10:05Z,28.56,55.45,56,0,31.64,100.78,10.00,466.00,0,0,0
2023-09-16T17:11:05Z,28.54,55.50,56,0,32.89,100.78,10.00,466.00,null,null,null
2023-09-16T17:12:05Z,28.51,55.49,56,0,28.99,100.78,9.00,462.00,null,null,null
2023-09-16T17:13:05Z,28.49,55.46,56,0,33.91,100.79,9.00,462.00,null,null,null
2023-09-16T17:14:05Z,28.46,55.40,56,0,30.70,100.79,8.00,457.00,null,null,null
2023-09-16T17:15:05Z,28.43,55.46,56,0,32.96,100.80,8.00,457.00,0,0,0
2023-09-16T17:16:05Z,28.43,55.51,56,0,38.81,100.80,7.00,447.00,null,null,null
2023-09-16T17:17:05Z,28.39,55.52,56,0,28.15,100.79,7.00,452.00,null,null,null
2023-09-16T17:18:05Z,28.39,55.49,56,0,31.82,100.79,7.00,452.00,null,null,null
2023-09-16T17:19:05Z,28.35,55.47,56,0,34.53,100.80,7.00,452.00,null,null,null
2023-09-16T17:20:05Z,28.33,55.46,56,0,27.55,100.81,7.00,447.00,0,0,0
2023-09-16T17:21:05Z,28.30,55.51,56,0,30.84,100.81,6.00,443.00,null,null,null
2023-09-16T17:22:05Z,28.29,55.48,56,0,25.73,100.81,7.00,447.00,null,null,null
2023-09-16T17:23:05Z,28.25,55.48,56,0,31.69,100.81,6.00,443.00,null,null,null
2023-09-16T17:24:05Z,28.23,55.48,57,0,29.84,100.81,6.00,443.00,null,null,null
2023-09-16T17:25:05Z,28.19,55.47,56,0,32.33,100.82,8.00,457.00,0,0,0
2023-09-16T17:26:05Z,28.18,55.56,56,0,29.49,100.82,7.00,447.00,null,null,null
2023-09-16T17:27:05Z,28.18,55.49,56,0,27.94,100.82,7.00,447.00,null,null,null
2023-09-16T17:28:05Z,28.15,55.49,56,0,33.70,100.83,7.00,447.00,null,null,null
2023-09-16T17:29:05Z,28.15,55.45,56,0,34.66,100.82,7.00,447.00,null,null,null
2023-09-16T17:30:05Z,28.09,55.51,56,0,36.90,100.82,7.00,447.00,0,0,0
2023-09-16T17:31:05Z,28.08,55.55,56,0,29.47,100.82,7.00,447.00,null,null,null
2023-09-16T17:32:05Z,28.06,55.49,56,0,28.25,100.82,6.00,442.00,null,null,null
2023-09-16T17:33:05Z,28.05,55.52,56,0,27.94,100.82,6.00,442.00,null,null,null
2023-09-16T17:34:05Z,28.01,55.47,56,0,30.78,100.82,7.00,447.00,null,null,null
2023-09-16T17:35:05Z,27.96,55.53,56,0,35.83,100.82,5.00,436.00,0,0,0
2023-09-16T17:36:05Z,27.96,55.55,56,0,29.35,100.82,6.00,442.00,null,null,null
2023-09-16T17:37:05Z,27.95,55.50,56,0,32.65,100.82,5.00,436.00,null,null,null
2023-09-16T17:38:05Z,27.96,55.48,56,0,31.95,100.82,5.00,436.00,null,null,null
2023-09-16T17:39:05Z,27.92,55.52,56,0,27.24,100.82,5.00,436.00,null,null,null
2023-09-16T17:40:05Z,27.89,55.49,56,0,30.79,100.83,4.00,432.00,0,0,0
2023-09-16T17:41:05Z,27.87,55.56,56,0,28.07,100.83,5.00,436.00,null,null,null
2023-09-16T17:42:05Z,27.88,55.56,56,0,33.70,100.82,4.00,432.00,null,null,null
2023-09-16T17:43:05Z,27.84,55.53,56,0,28.20,100.83,4.00,432.00,null,null,null
2023-09-16T17:44:05Z,27.82,55.53,56,0,33.50,100.83,3.00,423.00,null,null,null
2023-09-16T17:45:05Z,27.80,55.51,56,0,32.24,100.83,4.00,432.00,0,0,0
2023-09-16T17:46:05Z,27.78,55.62,56,0,29.33,100.83,3.00,423.00,null,null,null
2023-09-16T17:47:05Z,27.75,55.50,56,0,32.30,100.83,3.00,421.00,null,null,null
2023-09-16T17:48:05Z,27.74,55.54,56,0,31.28,100.83,3.00,421.00,null,null,null
2023-09-16T17:49:05Z,27.74,55.53,56,0,29.41,100.83,8.00,454.00,null,null,null
2023-09-16T17:50:05Z,27.71,55.53,56,0,36.02,100.84,8.00,456.00,0,0,0
2023-09-16T17:51:05Z,27.71,55.56,56,0,29.44,100.84,9.00,463.00,null,null,null
2023-09-16T17:52:05Z,27.68,55.55,55,0,34.01,100.84,8.00,454.00,null,null,null
2023-09-16T17:53:05Z,27.68,55.52,56,0,29.94,100.84,8.00,454.00,null,null,null
2023-09-16T17:54:05Z,27.65,55.56,56,0,27.87,100.84,8.00,456.00,null,null,null
2023-09-16T17:55:05Z,27.63,55.55,56,0,36.30,100.84,8.00,456.00,0,0,0
2023-09-16T17:56:05Z,27.60,55.60,56,0,31.48,100.84,8.00,456.00,null,null,null
2023-09-16T17:57:05Z,27.60,55.58,56,0,35.71,100.84,8.00,456.00,null,null,null
2023-09-16T17:58:05Z,27.59,55.56,56,0,35.73,100.84,8.00,454.00,null,null,null
2023-09-16T17:59:05Z,27.54,55.58,56,0,36.66,100.84,8.00,454.00,null,null,null
2023-09-16T18:00:05Z,27.52,55.61,56,0,30.62,100.84,7.00,448.00,0,0,0
2023-09-16T18:01:05Z,27.52,55.65,56,0,31.48,100.85,8.00,454.00,null,null,null
2023-09-16T18:02:05Z,27.54,55.58,56,0,32.60,100.84,7.00,448.00,null,null,null
2023-09-16T18:03:05Z,27.51,55.58,56,0,34.75,100.84,7.00,448.00,null,null,null
2023-09-16T18:04:05Z,27.50,55.60,56,0,27.89,100.84,6.00,444.00,null,null,null
2023-09-16T18:05:05Z,27.45,55.54,56,0,30.75,100.84,7.00,448.00,0,0,0
2023-09-16T18:06:05Z,27.45,55.66,55,0,26.24,100.84,6.00,444.00,null,null,null
2023-09-16T18:07:05Z,27.43,55.65,55,0,29.82,100.84,6.00,444.00,null,null,null
2023-09-16T18:08:05Z,27.41,55.63,56,0,29.40,100.84,7.00,448.00,null,null,null
2023-09-16T18:09:05Z,27.41,55.62,56,0,30.97,100.84,7.00,448.00,null,null,null
2023-09-16T18:10:05Z,27.39,55.60,55,0,31.74,100.84,6.00,444.00,0,0,0
2023-09-16T18:11:05Z,27.40,55.64,55,0,33.56,100.84,5.00,434.00,null,null,null
2023-09-16T18:12:05Z,27.36,55.63,56,0,32.12,100.84,5.00,439.00,null,null,null
2023-09-16T18:13:05Z,27.34,55.63,55,0,29.78,100.85,5.00,439.00,null,null,null
2023-09-16T18:14:05Z,27.34,55.65,56,0,32.97,100.85,5.00,439.00,null,null,null
2023-09-16T18:15:05Z,27.30,55.63,55,0,33.83,100.85,5.00,434.00,0,0,0
2023-09-16T18:16:05Z,27.29,55.67,55,0,32.79,100.85,5.00,434.00,null,null,null
2023-09-16T18:17:05Z,27.31,55.64,55,0,35.86,100.85,5.00,439.00,null,null,null
2023-09-16T18:18:05Z,27.29,55.66,55,0,32.67,100.85,5.00,434.00,null,null,null
2023-09-16T18:19:05Z,27.27,55.67,55,0,31.95,100.86,4.00,427.00,null,null,null
2023-09-16T18:20:05Z,27.23,55.68,56,0,31.11,100.86,4.00,427.00,0,0,0
2023-09-16T18:21:05Z,27.24,55.71,55,0,33.08,100.86,10.00,470.00,null,null,null
2023-09-16T18:22:05Z,27.23,55.65,55,0,33.91,100.86,10.00,470.00,null,null,null
2023-09-16T18:23:05Z,27.20,55.66,55,0,31.07,100.86,10.00,470.00,null,null,null
2023-09-16T18:24:05Z,27.20,55.61,55,0,30.33,100.86,9.00,463.00,null,null,null
2023-09-16T18:25:05Z,27.16,55.63,55,0,32.99,100.86,9.00,463.00,0,0,0
2023-09-16T18:26:05Z,27.16,55.68,55,0,30.65,100.86,9.00,463.00,null,null,null
2023-09-16T18:27:05Z,27.14,55.61,55,0,33.55,100.86,9.00,463.00,null,null,null
2023-09-16T18:28:05Z,27.14,55.64,55,0,28.42,100.86,8.00,459.00,null,null,null
2023-09-16T18:29:05Z,27.13,55.65,56,0,32.01,100.86,8.00,459.00,null,null,null
2023-09-16T18:30:05Z,27.13,55.74,55,0,28.84,100.86,8.00,459.00,0,0,0
2023-09-16T18:31:05Z,27.09,55.70,55,0,35.39,100.86,9.00,463.00,null,null,null
2023-09-16T18:32:05Z,27.10,55.72,55,0,33.47,100.86,9.00,463.00,null,null,null
2023-09-16T18:33:05Z,27.10,55.71,55,0,32.95,100.86,8.00,459.00,null,null,null
2023-09-16T18:34:05Z,27.06,55.67,55,0,30.54,100.86,8.00,455.00,null,null,null
2023-09-16T18:35:05Z,27.05,55.65,55,0,30.03,100.86,8.00,455.00,0,0,0
2023-09-16T18:36:05Z,27.05,55.72,55,0,40.97,100.86,8.00,455.00,null,null,null
2023-09-16T18:37:05Z,27.02,55.70,55,0,32.85,100.86,8.00,455.00,null,null,null
2023-09-16T18:38:05Z,27.05,55.70,55,0,34.66,100.87,8.00,455.00,null,null,null
2023-09-16T18:39:05Z,27.00,55.66,55,0,31.04,100.87,8.00,455.00,null,null,null
2023-09-16T18:40:05Z,27.00,55.72,55,0,31.86,100.86,7.00,448.00,0,0,0
2023-09-16T18:41:05Z,26.96,55.75,54,0,27.80,100.86,7.00,448.00,null,null,null
2023-09-16T18:42:05Z,26.99,55.70,55,0,32.75,100.86,6.00,445.00,null,null,null
2023-09-16T18:43:05Z,26.96,55.68,55,0,33.50,100.87,7.00,448.00,null,null,null
2023-09-16T18:44:05Z,26.94,55.67,55,0,32.72,100.87,8.00,455.00,null,null,null
2023-09-16T18:45:05Z,26.92,55.71,55,0,30.41,100.87,8.00,455.00,0,0,0
2023-09-16T18:46:05Z,26.90,55.76,54,0,32.61,100.87,7.00,448.00,null,null,null
2023-09-16T18:47:05Z,26.92,55.74,55,0,34.31,100.88,6.00,445.00,null,null,null
2023-09-16T18:48:05Z,26.90,55.72,55,0,32.97,100.88,6.00,444.00,null,null,null
2023-09-16T18:49:05Z,26.89,55.78,54,0,34.18,100.87,6.00,444.00,null,null,null
2023-09-16T18:50:05Z,26.88,55.72,55,0,30.18,100.88,6.00,445.00,0,0,0
2023-09-16T18:51:05Z,26.86,55.76,54,0,35.13,100.88,6.00,444.00,null,null,null
2023-09-16T18:52:05Z,26.88,55.73,55,0,31.59,100.88,6.00,441.00,null,null,null
2023-09-16T18:53:05Z,26.86,55.76,54,0,34.97,100.88,6.00,444.00,null,null,null
2023-09-16T18:54:05Z,26.83,55.73,54,0,33.70,100.88,5.00,436.00,null,null,null
2023-09-16T18:55:05Z,26.82,55.71,54,0,33.32,100.88,6.00,441.00,0,0,0
2023-09-16T18:56:05Z,26.81,55.76,54,0,33.05,100.88,6.00,441.00,null,null,null
2023-09-16T18:57:05Z,26.79,55.78,54,0,36.45,100.88,5.00,436.00,null,null,null
2023-09-16T18:58:05Z,26.81,55.74,54,0,34.14,100.88,6.00,441.00,null,null,null
2023-09-16T18:59:05Z,26.78,55.75,54,0,32.28,100.88,6.00,441.00,null,null,null
2023-09-16T19:00:05Z,26.76,55.73,54,0,44.33,100.88,5.00,436.00,0,0,0
2023-09-16T19:01:05Z,26.78,55.77,54,0,34.29,100.88,5.00,435.00,null,null,null
2023-09-16T19:02:05Z,26.75,55.77,54,0,33.26,100.88,4.00,432.00,null,null,null
2023-09-16T19:03:05Z,26.75,55.78,54,0,30.68,100.88,4.00,432.00,null,null,null
2023-09-16T19:04:05Z,26.75,55.77,54,0,32.71,100.88,5.00,436.00,null,null,null
2023-09-16T19:05:05Z,26.72,55.79,54,0,26.97,100.88,4.00,432.00,0,0,0
2023-09-16T19:06:05Z,26.73,55.82,54,0,33.03,100.88,5.00,439.00,null,null,null
2023-09-16T19:07:05Z,26.72,55.79,54,0,33.41,100.88,6.00,445.00,null,null,null
2023-09-16T19:08:05Z,26.72,55.82,54,0,37.22,100.88,7.00,450.00,null,null,null
2023-09-16T19:09:05Z,26.69,55.78,54,0,32.94,100.89,6.00,445.00,null,null,null
2023-09-16T19:10:05Z,26.66,55.79,54,0,39.94,100.88,6.00,445.00,0,0,0
2023-09-16T19:11:05Z,26.68,55.79,54,0,34.77,100.89,5.00,439.00,null,null,null
2023-09-16T19:12:05Z,26.68,55.83,54,0,31.19,100.89,6.00,445.00,null,null,null
2023-09-16T19:13:05Z,26.63,55.80,54,0,39.28,100.89,6.00,445.00,null,null,null
2023-09-16T19:14:05Z,26.65,55.80,54,0,34.85,100.88,7.00,450.00,null,null,null
2023-09-16T19:15:05Z,26.66,55.79,54,0,31.45,100.88,6.00,445.00,0,0,0
2023-09-16T19:16:05Z,26.63,55.82,54,0,31.20,100.89,5.00,439.00,null,null,null
2023-09-16T19:17:05Z,26.63,55.79,54,0,35.76,100.88,5.00,439.00,null,null,null
2023-09-16T19:18:05Z,26.61,55.79,54,0,31.48,100.88,5.00,435.00,null,null,null
2023-09-16T19:19:05Z,26.61,55.80,54,0,31.32,100.88,5.00,439.00,null,null,null
2023-09-16T19:20:05Z,26.58,55.82,54,0,33.03,100.89,5.00,439.00,0,0,0
2023-09-16T19:21:05Z,26.58,55.82,54,0,32.65,100.88,6.00,445.00,null,null,null
2023-09-16T19:22:05Z,26.55,55.80,54,0,36.65,100.89,5.00,439.00,null,null,null
2023-09-16T19:23:05Z,26.57,55.78,54,0,30.07,100.89,5.00,439.00,null,null,null
2023-09-16T19:24:05Z,26.55,55.86,54,0,34.36,100.89,5.00,439.00,null,null,null
2023-09-16T19:25:05Z,26.55,55.79,54,0,33.41,100.89,5.00,439.00,0,0,0
2023-09-16T19:26:05Z,26.54,55.84,54,0,36.71,100.89,5.00,439.00,null,null,null
2023-09-16T19:27:05Z,26.52,55.86,54,0,34.06,100.89,5.00,435.00,null,null,null
2023-09-16T19:28:05Z,26.52,55.79,54,0,34.82,100.89,5.00,439.00,null,null,null
2023-09-16T19:29:05Z,26.52,55.81,54,0,38.01,100.89,5.00,439.00,null,null,null
2023-09-16T19:30:05Z,26.50,55.81,54,0,32.97,100.89,5.00,439.00,0,0,0
2023-09-16T19:31:05Z,26.50,55.84,54,0,32.37,100.90,5.00,435.00,null,null,null
2023-09-16T19:32:05Z,26.50,55.83,54,0,32.21,100.90,5.00,435.00,null,null,null
2023-09-16T19:33:05Z,26.48,55.85,54,0,37.85,100.90,5.00,435.00,null,null,null
2023-09-16T19:34:05Z,26.50,55.82,54,0,32.22,100.90,5.00,435.00,null,null,null
2023-09-16T19:35:05Z,26.42,55.86,54,0,36.17,100.90,5.00,435.00,0,0,0
2023-09-16T19:36:05Z,26.47,55.82,54,0,40.18,100.90,5.00,435.00,null,null,null
2023-09-16T19:37:05Z,26.45,55.80,54,0,33.48,100.91,4.00,428.00,null,null,null
2023-09-16T19:38:05Z,26.42,55.81,54,0,34.43,100.91,5.00,435.00,null,null,null
2023-09-16T19:39:05Z,26.41,55.84,54,0,35.49,100.91,5.00,435.00,null,null,null
2023-09-16T19:40:05Z,26.41,55.83,54,0,36.12,100.91,4.00,428.00,0,0,0
2023-09-16T19:41:05Z,26.42,55.84,54,0,37.18,100.91,4.00,428.00,null,null,null
2023-09-16T19:42:05Z,26.39,55.84,54,0,31.97,100.91,4.00,428.00,null,null,null
2023-09-16T19:43:05Z,26.38,55.85,54,0,36.08,100.91,4.00,428.00,null,null,null
2023-09-16T19:44:05Z,26.35,55.85,54,0,35.33,100.92,4.00,428.00,null,null,null
2023-09-16T19:45:05Z,26.34,55.87,54,0,33.27,100.91,4.00,428.00,0,0,0
2023-09-16T19:46:05Z,26.35,55.84,54,0,32.34,100.92,4.00,428.00,null,null,null
2023-09-16T19:47:05Z,26.34,55.84,54,0,37.01,100.91,4.00,428.00,null,null,null
2023-09-16T19:48:05Z,26.35,55.87,54,0,34.49,100.92,4.00,428.00,null,null,null
2023-09-16T19:49:05Z,26.35,55.85,54,0,38.10,100.91,3.00,424.00,null,null,null
2023-09-16T19:50:05Z,26.30,55.86,54,0,35.18,100.92,3.00,424.00,0,0,0
2023-09-16T19:51:05Z,26.32,55.86,54,0,32.53,100.92,3.00,424.00,null,null,null
2023-09-16T19:52:05Z,26.31,55.83,54,0,33.90,100.92,3.00,424.00,null,null,null
2023-09-16T19:53:05Z,26.31,55.80,54,0,35.44,100.92,3.00,424.00,null,null,null
2023-09-16T19:54:05Z,26.28,55.88,54,0,30.91,100.92,3.00,424.00,null,null,null
2023-09-16T19:55:05Z,26.25,55.83,54,0,34.68,100.92,3.00,420.00,0,0,0
2023-09-16T19:56:05Z,26.30,55.87,54,0,32.88,100.92,3.00,424.00,null,null,null
2023-09-16T19:57:05Z,26.28,55.85,54,0,35.74,100.92,3.00,424.00,null,null,null
2023-09-16T19:58:05Z,26.25,55.85,54,0,35.08,100.92,3.00,424.00,null,null,null
2023-09-16T19:59:05Z,26.27,55.83,54,0,35.74,100.92,3.00,420.00,null,null,null
2023-09-16T20:00:05Z,26.24,55.91,54,0,31.82,100.93,3.00,420.00,0,0,0
2023-09-16T20:01:05Z,26.25,55.87,54,0,32.60,100.92,7.00,448.00,null,null,null
2023-09-16T20:02:05Z,26.25,55.84,54,0,33.58,100.92,3.00,420.00,null,null,null
2023-09-16T20:03:05Z,26.21,55.83,54,0,33.14,100.93,3.00,420.00,null,null,null
2023-09-16T20:04:05Z,26.21,55.88,54,0,34.64,100.93,8.00,454.00,null,null,null
2023-09-16T20:05:05Z,26.23,55.93,54,0,32.79,100.93,8.00,454.00,0,0,0
2023-09-16T20:06:05Z,26.20,55.88,53,0,32.78,100.93,6.00,445.00,null,null,null
2023-09-16T20:07:05Z,26.18,55.86,54,0,32.83,100.93,8.00,454.00,null,null,null
2023-09-16T20:08:05Z,26.20,55.92,54,0,32.34,100.93,7.00,448.00,null,null,null
2023-09-16T20:09:05Z,26.17,55.87,54,0,36.96,100.93,8.00,454.00,null,null,null
2023-09-16T20:10:05Z,26.15,55.89,54,0,36.21,100.93,7.00,448.00,0,0,0
2023-09-16T20:11:05Z,26.17,55.93,54,0,35.39,100.93,6.00,445.00,null,null,null
2023-09-16T20:12:05Z,26.17,55.88,54,0,33.78,100.93,7.00,448.00,null,null,null
2023-09-16T20:13:05Z,26.14,55.90,54,0,32.25,100.93,7.00,448.00,null,null,null
2023-09-16T20:14:05Z,26.13,55.92,54,0,31.72,100.93,7.00,448.00,null,null,null
2023-09-16T20:15:05Z,26.13,55.89,53,0,36.02,100.93,6.00,445.00,0,0,0
2023-09-16T20:16:05Z,26.11,55.89,54,0,32.74,100.93,6.00,441.00,null,null,null
2023-09-16T20:17:05Z,26.10,55.90,54,0,32.82,100.93,6.00,445.00,null,null,null
2023-09-16T20:18:05Z,26.10,55.92,54,0,33.38,100.93,6.00,445.00,null,null,null
2023-09-16T20:19:05Z,26.10,55.88,53,0,39.59,100.93,6.00,441.00,null,null,null
2023-09-16T20:20:05Z,26.08,55.96,54,0,32.23,100.93,6.00,441.00,0,0,0
2023-09-16T20:21:05Z,26.07,55.88,53,0,34.34,100.94,6.00,441.00,null,null,null
2023-09-16T20:22:05Z,26.08,55.94,54,0,35.67,100.94,6.00,441.00,null,null,null
2023-09-16T20:23:05Z,26.08,55.97,54,0,32.52,100.94,6.00,445.00,null,null,null
2023-09-16T20:24:05Z,26.07,55.94,54,0,34.40,100.94,6.00,445.00,null,null,null
2023-09-16T20:25:05Z,26.04,55.93,54,0,33.76,100.93,6.00,441.00,0,1,1
2023-09-16T20:26:05Z,26.07,55.96,54,0,33.43,100.94,6.00,441.00,null,null,null
2023-09-16T20:27:05Z,26.04,55.92,53,0,30.75,100.94,6.00,441.00,null,null,null
2023-09-16T20:28:05Z,26.04,55.92,54,0,33.62,100.94,6.00,441.00,null,null,null
2023-09-16T20:29:05Z,26.03,55.94,54,0,33.88,100.94,6.00,441.00,null,null,null
2023-09-16T20:30:05Z,26.02,55.96,53,0,35.31,100.94,6.00,441.00,0,0,0
2023-09-16T20:31:05Z,25.99,55.94,53,0,33.57,100.95,6.00,441.00,null,null,null
2023-09-16T20:32:05Z,26.02,55.93,53,0,32.66,100.94,6.00,441.00,null,null,null
2023-09-16T20:33:05Z,25.99,55.90,53,0,33.03,100.95,5.00,434.00,null,null,null
2023-09-16T20:34:05Z,26.00,55.88,54,0,36.08,100.94,5.00,434.00,null,null,null
2023-09-16T20:35:05Z,25.99,55.90,53,0,32.67,100.95,5.00,434.00,0,0,0
2023-09-16T20:36:05Z,25.99,55.93,53,0,36.16,100.95,5.00,434.00,null,null,null
2023-09-16T20:37:05Z,25.94,55.92,53,0,35.36,100.95,5.00,434.00,null,null,null
2023-09-16T20:38:05Z,25.96,55.92,53,0,33.79,100.95,5.00,434.00,null,null,null
2023-09-16T20:39:05Z,25.94,55.95,53,0,31.82,100.95,5.00,434.00,null,null,null
2023-09-16T20:40:05Z,25.94,56.00,53,0,32.39,100.95,5.00,434.00,0,0,0
2023-09-16T20:41:05Z,25.94,55.96,53,0,37.88,100.95,4.00,428.00,null,null,null
2023-09-16T20:42:05Z,25.93,55.94,53,0,33.82,100.95,4.00,428.00,null,null,null
2023-09-16T20:43:05Z,25.93,56.00,53,0,35.53,100.95,4.00,428.00,null,null,null
2023-09-16T20:44:05Z,25.92,55.98,53,0,33.79,100.95,4.00,428.00,null,null,null
2023-09-16T20:45:05Z,25.90,55.97,53,0,34.15,100.95,4.00,428.00,0,0,0
2023-09-16T20:46:05Z,25.90,55.94,53,0,32.58,100.95,4.00,428.00,null,null,null
2023-09-16T20:47:05Z,25.90,55.96,53,0,33.30,100.95,4.00,428.00,null,null,null
2023-09-16T20:48:05Z,25.90,55.99,53,0,33.94,100.95,4.00,428.00,null,null,null
2023-09-16T20:49:05Z,25.87,55.98,53,0,35.21,100.95,4.00,428.00,null,null,null
2023-09-16T20:50:05Z,25.87,55.94,53,0,36.37,100.95,4.00,428.00,0,0,0
2023-09-16T20:51:05Z,25.87,56.02,53,0,35.07,100.95,3.00,424.00,null,null,null
2023-09-16T20:52:05Z,25.87,55.97,53,0,33.39,100.95,3.00,424.00,null,null,null
2023-09-16T20:53:05Z,25.84,55.94,53,0,31.95,100.95,3.00,424.00,null,null,null
2023-09-16T20:54:05Z,25.84,55.99,53,0,35.21,100.94,3.00,424.00,null,null,null
2023-09-16T20:55:05Z,25.83,56.00,53,0,32.69,100.95,3.00,424.00,0,0,0
2023-09-16T20:56:05Z,25.83,55.98,53,0,32.37,100.95,3.00,422.00,null,null,null
2023-09-16T20:57:05Z,25.84,55.97,53,0,36.62,100.95,3.00,422.00,null,null,null
2023-09-16T20:58:05Z,25.81,55.99,53,0,35.08,100.95,3.00,424.00,null,null,null
2023-09-16T20:59:05Z,25.80,56.00,53,0,31.61,100.95,3.00,424.00,null,null,null
2023-09-16T21:00:05Z,25.80,55.98,53,0,34.67,100.96,4.00,428.00,0,0,0
2023-09-16T21:01:05Z,25.79,55.97,53,0,33.72,100.95,3.00,422.00,null,null,null
2023-09-16T21:02:05Z,25.81,55.94,53,0,34.41,100.95,3.00,422.00,null,null,null
2023-09-16T21:03:05Z,25.77,55.97,53,0,32.80,100.95,3.00,422.00,null,null,null
2023-09-16T21:04:05Z,25.76,55.98,53,0,35.57,100.95,1.00,410.00,null,null,null
2023-09-16T21:05:05Z,25.74,55.99,53,0,40.31,100.95,3.00,422.00,0,0,0
2023-09-16T21:06:05Z,25.76,55.98,53,0,36.58,100.95,7.00,446.00,null,null,null
2023-09-16T21:07:05Z,25.76,55.97,53,0,35.35,100.96,2.00,415.00,null,null,null
2023-09-16T21:08:05Z,25.76,56.00,53,0,32.92,100.96,2.00,415.00,null,null,null
2023-09-16T21:09:05Z,25.76,55.98,53,0,32.57,100.96,2.00,415.00,null,null,null
2023-09-16T21:10:05Z,25.76,56.03,53,0,33.29,100.96,2.00,415.00,0,0,0
2023-09-16T21:11:05Z,25.74,56.03,53,0,31.79,100.96,2.00,415.00,null,null,null
2023-09-16T21:12:05Z,25.73,56.04,53,0,34.52,100.96,7.00,446.00,null,null,null
2023-09-16T21:13:05Z,25.74,56.03,53,0,35.09,100.96,8.00,459.00,null,null,null
2023-09-16T21:14:05Z,25.72,56.00,53,0,34.61,100.96,7.00,451.00,null,null,null
2023-09-16T21:15:05Z,25.72,56.01,53,0,35.80,100.96,8.00,459.00,0,0,0
2023-09-16T21:16:05Z,25.70,56.04,53,0,36.46,100.96,6.00,444.00,null,null,null
2023-09-16T21:17:05Z,25.69,56.00,53,0,32.30,100.95,7.00,446.00,null,null,null
2023-09-16T21:18:05Z,25.69,56.02,53,0,33.51,100.96,7.00,451.00,null,null,null
2023-09-16T21:19:05Z,25.69,55.98,53,0,35.19,100.96,7.00,451.00,null,null,null
2023-09-16T21:20:05Z,25.69,56.06,53,0,35.45,100.96,7.00,446.00,1,1,1
2023-09-16T21:21:05Z,25.66,56.02,53,0,30.91,100.96,7.00,446.00,null,null,null
2023-09-16T21:22:05Z,25.66,56.03,53,0,35.20,100.96,7.00,451.00,null,null,null
2023-09-16T21:23:05Z,25.66,56.03,53,0,34.13,100.96,7.00,446.00,null,null,null
2023-09-16T21:24:05Z,25.66,56.06,53,0,30.48,100.96,7.00,446.00,null,null,null
2023-09-16T21:25:05Z,25.66,56.04,53,0,31.29,100.96,7.00,446.00,0,0,0
2023-09-16T21:26:05Z,25.63,56.04,53,0,37.11,100.96,6.00,444.00,null,null,null
2023-09-16T21:27:05Z,25.66,55.99,53,0,30.52,100.97,6.00,444.00,null,null,null
2023-09-16T21:28:05Z,25.63,56.03,53,0,33.42,100.97,6.00,444.00,null,null,null
2023-09-16T21:29:05Z,25.62,56.07,53,0,35.32,100.97,6.00,444.00,null,null,null
2023-09-16T21:30:05Z,25.60,56.01,53,0,32.41,100.97,6.00,444.00,0,0,0
2023-09-16T21:31:05Z,25.62,56.01,53,0,33.64,100.97,6.00,444.00,null,null,null
2023-09-16T21:32:05Z,25.60,56.05,53,0,29.56,100.97,7.00,446.00,null,null,null
2023-09-16T21:33:05Z,25.62,56.03,53,0,31.80,100.97,6.00,444.00,null,null,null
2023-09-16T21:34:05Z,25.59,56.02,53,0,33.82,100.97,7.00,446.00,null,null,null
2023-09-16T21:35:05Z,25.59,56.05,53,0,32.27,100.97,7.00,446.00,0,0,0
2023-09-16T21:36:05Z,25.57,56.03,53,0,30.67,100.97,6.00,444.00,null,null,null
2023-09-16T21:37:05Z,25.59,56.02,53,0,35.01,100.97,6.00,444.00,null,null,null
2023-09-16T21:38:05Z,25.57,56.07,53,0,36.69,100.97,6.00,444.00,null,null,null
2023-09-16T21:39:05Z,25.55,56.04,53,0,34.65,100.97,6.00,444.00,null,null,null
2023-09-16T21:40:05Z,25.56,56.08,53,0,32.80,100.96,6.00,444.00,0,0,0
2023-09-16T21:41:05Z,25.56,56.06,53,0,36.25,100.96,6.00,444.00,null,null,null
2023-09-16T21:42:05Z,25.53,56.03,52,0,32.96,100.96,6.00,444.00,null,null,null
2023-09-16T21:43:05Z,25.55,56.02,53,0,34.65,100.97,6.00,444.00,null,null,null
2023-09-16T21:44:05Z,25.53,56.09,53,0,32.20,100.97,6.00,444.00,null,null,null
2023-09-16T21:45:05Z,25.51,56.08,53,0,32.79,100.97,5.00,439.00,0,0,0
2023-09-16T21:46:05Z,25.52,56.03,53,0,35.79,100.97,6.00,444.00,null,null,null
2023-09-16T21:47:05Z,25.53,56.03,53,0,33.77,100.97,6.00,444.00,null,null,null
2023-09-16T21:48:05Z,25.52,56.01,53,0,33.99,100.97,6.00,444.00,null,null,null
2023-09-16T21:49:05Z,25.49,56.05,52,0,30.19,100.96,5.00,439.00,null,null,null
2023-09-16T21:50:05Z,25.49,56.08,53,0,33.19,100.97,5.00,439.00,1,1,1
2023-09-16T21:51:05Z,25.48,56.03,53,0,29.89,100.97,5.00,439.00,null,null,null
2023-09-16T21:52:05Z,25.49,56.07,52,0,32.31,100.97,5.00,435.00,null,null,null
2023-09-16T21:53:05Z,25.49,56.09,53,0,30.60,100.96,5.00,439.00,null,null,null
2023-09-16T21:54:05Z,25.46,56.07,53,0,32.53,100.97,5.00,439.00,null,null,null
2023-09-16T21:55:05Z,25.45,56.11,53,0,36.65,100.97,5.00,435.00,0,0,0
2023-09-16T21:56:05Z,25.45,56.11,52,0,33.79,100.97,5.00,435.00,null,null,null
2023-09-16T21:57:05Z,25.46,56.05,52,0,37.18,100.97,5.00,435.00,null,null,null
2023-09-16T21:58:05Z,25.45,56.07,53,0,35.15,100.97,5.00,435.00,null,null,null
2023-09-16T21:59:05Z,25.44,56.07,53,0,35.06,100.97,5.00,435.00,null,null,null
2023-09-16T22:00:05Z,25.42,56.09,53,0,36.64,100.97,5.00,435.00,0,0,0
2023-09-16T22:01:05Z,25.44,56.09,53,0,34.88,100.97,5.00,435.00,null,null,null
2023-09-16T22:02:05Z,25.45,56.03,53,0,33.13,100.97,5.00,435.00,null,null,null
2023-09-16T22:03:05Z,25.45,56.09,53,0,36.84,100.97,5.00,435.00,null,null,null
2023-09-16T22:04:05Z,25.42,56.09,52,0,33.27,100.97,4.00,427.00,null,null,null
2023-09-16T22:05:05Z,25.42,56.11,53,0,31.72,100.97,5.00,435.00,0,0,0
2023-09-16T22:06:05Z,25.39,56.03,52,0,32.43,100.97,4.00,427.00,null,null,null
2023-09-16T22:07:05Z,25.42,56.09,52,0,36.40,100.97,5.00,435.00,null,null,null
2023-09-16T22:08:05Z,25.41,56.08,53,0,32.85,100.97,4.00,427.00,null,null,null
2023-09-16T22:09:05Z,25.41,56.09,52,0,37.39,100.97,4.00,427.00,null,null,null
2023-09-16T22:10:05Z,25.39,56.13,52,0,34.37,100.97,5.00,435.00,0,0,0
2023-09-16T22:11:05Z,25.38,56.07,52,0,31.16,100.97,4.00,427.00,null,null,null
2023-09-16T22:12:05Z,25.39,56.10,53,0,35.60,100.97,4.00,427.00,null,null,null
2023-09-16T22:13:05Z,25.38,56.07,53,0,34.78,100.97,4.00,427.00,null,null,null
2023-09-16T22:14:05Z,25.36,56.10,52,0,35.11,100.97,4.00,427.00,null,null,null
2023-09-16T22:15:05Z,25.35,56.14,52,0,32.55,100.97,4.00,427.00,0,0,0
2023-09-16T22:16:05Z,25.35,56.13,53,0,33.43,100.97,3.00,424.00,null,null,null
2023-09-16T22:17:05Z,25.33,56.08,53,0,30.96,100.97,4.00,427.00,null,null,null
2023-09-16T22:18:05Z,25.38,56.09,52,0,34.60,100.97,3.00,424.00,null,null,null
2023-09-16T22:19:05Z,25.33,56.11,52,0,35.48,100.97,4.00,427.00,null,null,null
2023-09-16T22:20:05Z,25.32,56.11,52,0,33.49,100.97,4.00,427.00,0,0,0
2023-09-16T22:21:05Z,25.32,56.07,52,0,39.11,100.97,3.00,420.00,null,null,null
2023-09-16T22:22:05Z,25.32,56.13,52,0,34.87,100.97,4.00,427.00,null,null,null
2023-09-16T22:23:05Z,25.32,56.10,52,0,33.65,100.97,3.00,424.00,null,null,null
2023-09-16T22:24:05Z,25.29,56.09,52,0,36.26,100.97,3.00,424.00,null,null,null
2023-09-16T22:25:05Z,25.26,56.14,53,0,33.49,100.97,3.00,424.00,0,0,0
2023-09-16T22:26:05Z,25.29,56.11,52,0,30.97,100.97,3.00,420.00,null,null,null
2023-09-16T22:27:05Z,25.29,56.10,53,0,33.58,100.97,3.00,424.00,null,null,null
2023-09-16T22:28:05Z,25.28,56.06,52,0,33.60,100.97,3.00,424.00,null,null,null
2023-09-16T22:29:05Z,25.29,56.11,52,0,38.00,100.97,3.00,424.00,null,null,null
2023-09-16T22:30:05Z,25.25,56.09,52,0,33.62,100.97,3.00,424.00,0,0,0
2023-09-16T22:31:05Z,25.28,56.07,52,0,33.36,100.97,2.00,415.00,null,null,null
2023-09-16T22:32:05Z,25.29,56.12,52,0,41.89,100.97,3.00,420.00,null,null,null
2023-09-16T22:33:05Z,25.26,56.12,52,0,31.44,100.98,3.00,424.00,null,null,null
2023-09-16T22:34:05Z,25.24,56.09,52,0,31.70,100.97,3.00,424.00,null,null,null
2023-09-16T22:35:05Z,25.25,56.13,52,0,34.64,100.97,2.00,414.00,0,1,1
2023-09-16T22:36:05Z,25.26,56.13,52,0,33.05,100.97,2.00,415.00,null,null,null
2023-09-16T22:37:05Z,25.26,56.16,52,0,35.41,100.97,2.00,415.00,null,null,null
2023-09-16T22:38:05Z,25.25,56.09,52,0,29.16,100.97,2.00,415.00,null,null,null
2023-09-16T22:39:05Z,25.24,56.17,52,0,34.13,100.97,2.00,415.00,null,null,null
2023-09-16T22:40:05Z,25.18,56.14,52,0,33.37,100.97,0.00,405.00,0,0,0
2023-09-16T22:41:05Z,25.24,56.16,52,0,35.81,100.97,2.00,414.00,null,null,null
2023-09-16T22:42:05Z,25.22,56.15,52,0,31.69,100.97,2.00,414.00,null,null,null
2023-09-16T22:43:05Z,25.19,56.20,52,0,33.86,100.97,2.00,414.00,null,null,null
2023-09-16T22:44:05Z,25.19,56.11,52,0,34.08,100.97,2.00,414.00,null,null,null
2023-09-16T22:45:05Z,25.16,56.17,52,0,33.15,100.96,2.00,414.00,0,0,0
2023-09-16T22:46:05Z,25.21,56.15,52,0,32.88,100.97,2.00,414.00,null,null,null
2023-09-16T22:47:05Z,25.16,56.06,52,0,33.90,100.96,2.00,414.00,null,null,null
2023-09-16T22:48:05Z,25.18,56.13,52,0,35.42,100.96,2.00,414.00,null,null,null
2023-09-16T22:49:05Z,25.16,56.17,52,0,31.68,100.96,2.00,414.00,null,null,null
2023-09-16T22:50:05Z,25.15,56.12,52,0,33.69,100.96,2.00,414.00,0,0,0
2023-09-16T22:51:05Z,25.15,56.12,52,0,33.91,100.96,2.00,414.00,null,null,null
2023-09-16T22:52:05Z,25.18,56.15,52,0,34.46,100.96,2.00,414.00,null,null,null
2023-09-16T22:53:05Z,25.18,56.15,52,0,32.40,100.96,2.00,414.00,null,null,null
2023-09-16T22:54:05Z,25.15,56.18,52,0,34.99,100.96,2.00,414.00,null,null,null
2023-09-16T22:55:05Z,25.15,56.16,52,0,33.51,100.96,2.00,414.00,0,0,0
2023-09-16T22:56:05Z,25.15,56.16,52,0,35.72,100.95,2.00,414.00,null,null,null
2023-09-16T22:57:05Z,25.15,56.16,52,0,34.31,100.95,2.00,414.00,null,null,null
2023-09-16T22:58:05Z,25.12,56.13,52,0,32.48,100.95,2.00,414.00,null,null,null
2023-09-16T22:59:05Z,25.11,56.16,52,0,32.66,100.95,1.00,410.00,null,null,null
2023-09-16T23:00:05Z,25.09,56.19,52,0,35.13,100.95,2.00,414.00,0,0,0
2023-09-16T23:01:05Z,25.11,56.14,52,0,34.80,100.94,2.00,414.00,null,null,null
2023-09-16T23:02:05Z,25.12,56.14,52,0,32.36,100.94,2.00,414.00,null,null,null
2023-09-16T23:03:05Z,25.09,56.18,52,0,32.88,100.94,1.00,410.00,null,null,null
2023-09-16T23:04:05Z,25.09,56.16,52,0,34.02,100.94,2.00,414.00,null,null,null
2023-09-16T23:05:05Z,25.08,56.20,52,0,32.49,100.94,2.00,414.00,0,0,0
2023-09-16T23:06:05Z,25.12,56.19,52,0,34.56,100.94,1.00,410.00,null,null,null
2023-09-16T23:07:05Z,25.08,56.20,52,0,34.47,100.94,1.00,410.00,null,null,null
2023-09-16T23:08:05Z,25.12,56.20,52,0,34.19,100.94,2.00,414.00,null,null,null
2023-09-16T23:09:05Z,25.06,56.20,52,0,35.87,100.94,2.00,414.00,null,null,null
2023-09-16T23:10:05Z,25.08,56.20,52,0,33.76,100.94,1.00,410.00,0,0,0
2023-09-16T23:11:05Z,25.08,56.17,52,0,34.73,100.94,1.00,410.00,null,null,null
2023-09-16T23:12:05Z,25.05,56.16,52,0,35.20,100.94,1.00,410.00,null,null,null
2023-09-16T23:13:05Z,25.08,56.22,52,0,34.06,100.94,1.00,410.00,null,null,null
2023-09-16T23:14:05Z,25.05,56.16,52,0,32.94,100.94,1.00,410.00,null,null,null
2023-09-16T23:15:05Z,25.04,56.20,52,0,33.57,100.94,1.00,410.00,0,0,0
2023-09-16T23:16:05Z,25.06,56.21,52,0,38.04,100.94,1.00,410.00,null,null,null
2023-09-16T23:17:05Z,25.05,56.18,52,0,32.16,100.94,1.00,410.00,null,null,null
2023-09-16T23:18:05Z,25.05,56.22,52,0,34.28,100.94,1.00,410.00,null,null,null
2023-09-16T23:19:05Z,25.04,56.22,52,0,35.43,100.94,0.00,405.00,null,null,null
2023-09-16T23:20:05Z,25.02,56.16,52,0,31.67,100.94,1.00,410.00,0,0,0
2023-09-16T23:21:05Z,25.04,56.21,52,0,32.39,100.93,1.00,410.00,null,null,null
2023-09-16T23:22:05Z,25.01,56.16,52,0,34.95,100.93,0.00,405.00,null,null,null
2023-09-16T23:23:05Z,25.01,56.18,52,0,34.15,100.94,1.00,410.00,null,null,null
2023-09-16T23:24:05Z,25.02,56.23,52,0,34.27,100.93,1.00,410.00,null,null,null
2023-09-16T23:25:05Z,25.01,56.19,52,0,32.31,100.93,0.00,405.00,0,0,0
2023-09-16T23:26:05Z,25.01,56.17,52,0,33.95,100.94,1.00,410.00,null,null,null
2023-09-16T23:27:05Z,25.01,56.19,52,0,32.55,100.93,0.00,405.00,null,null,null
2023-09-16T23:28:05Z,25.01,56.22,52,0,39.08,100.94,0.00,405.00,null,null,null
2023-09-16T23:29:05Z,25.00,56.17,52,0,32.58,100.93,0.00,405.00,null,null,null
2023-09-16T23:30:05Z,24.95,56.23,52,0,31.70,100.94,0.00,405.00,0,0,0
2023-09-16T23:31:05Z,25.00,56.22,52,0,35.03,100.93,0.00,401.00,null,null,null
2023-09-16T23:32:05Z,25.01,56.14,52,0,40.13,100.93,0.00,405.00,null,null,null
2023-09-16T23:33:05Z,24.98,56.24,52,0,33.53,100.93,0.00,405.00,null,null,null
2023-09-16T23:34:05Z,24.97,56.21,52,0,30.19,100.93,0.00,405.00,null,null,null
2023-09-16T23:35:05Z,24.95,56.18,52,0,35.01,100.93,0.00,405.00,0,0,0
2023-09-16T23:36:05Z,24.97,56.20,52,0,41.65,100.92,0.00,401.00,null,null,null
2023-09-16T23:37:05Z,24.97,56.21,52,0,33.42,100.92,0.00,401.00,null,null,null
2023-09-16T23:38:05Z,24.94,56.21,52,0,33.27,100.92,0.00,405.00,null,null,null
2023-09-16T23:39:05Z,24.93,56.22,52,0,39.41,100.92,0.00,401.00,null,null,null
2023-09-16T23:40:05Z,24.93,56.20,52,0,31.20,100.92,0.00,401.00,0,0,0
2023-09-16T23:41:05Z,24.93,56.14,52,0,33.67,100.92,0.00,401.00,null,null,null
2023-09-16T23:42:05Z,24.93,56.21,52,0,34.28,100.92,0.00,401.00,null,null,null
2023-09-16T23:43:05Z,24.93,56.18,52,0,33.19,100.92,0.00,401.00,null,null,null
2023-09-16T23:44:05Z,24.91,56.26,52,0,29.97,100.92,0.00,401.00,null,null,null
2023-09-16T23:45:05Z,24.91,56.24,52,0,35.12,100.92,0.00,400.00,0,0,0
2023-09-16T23:46:05Z,24.88,56.22,52,0,33.62,100.93,0.00,400.00,null,null,null
2023-09-16T23:47:05Z,24.93,56.23,52,0,32.79,100.92,1.00,408.00,null,null,null
2023-09-16T23:48:05Z,24.90,56.25,52,0,35.58,100.92,1.00,408.00,null,null,null
2023-09-16T23:49:05Z,24.91,56.24,52,0,32.92,100.92,0.00,402.00,null,null,null
2023-09-16T23:50:05Z,24.90,56.25,52,0,33.35,100.93,1.00,408.00,0,0,0
2023-09-16T23:51:05Z,24.90,56.25,52,0,32.99,100.92,0.00,400.00,null,null,null
2023-09-16T23:52:05Z,24.90,56.25,52,0,32.96,100.92,0.00,400.00,null,null,null
2023-09-16T23:53:05Z,24.90,56.19,52,0,31.10,100.92,0.00,400.00,null,null,null
2023-09-16T23:54:05Z,24.85,56.24,52,0,32.14,100.93,0.00,406.00,null,null,null
2023-09-16T23:55:05Z,24.85,56.24,52,0,32.58,100.92,0.00,406.00,0,0,0
2023-09-16T23:56:05Z,24.84,56.23,52,0,31.51,100.93,1.00,410.00,null,null,null
2023-09-16T23:57:05Z,24.85,56.21,52,0,33.06,100.93,0.00,406.00,null,null,null
2023-09-16T23:58:05Z,24.85,56.26,52,0,34.08,100.92,0.00,406.00,null,null,null
2023-09-16T23:59:05Z,24.85,56.22,52,0,34.62,100.93,0.00,400.00,null,null,null
