TIME,TEMP,HUM,BATT,LIGHT,NOISE_A,PRESS,CCS811_VOCS,CCS811_ECO2,PM_1,PM_25,PM_10
ISO 8601,C,%,%,Lux,dBA,kPa,ppb,ppm,ug/m3,ug/m3,ug/m3
Time,Temperature,Humidity,Battery,Light,Noise dBA,Barometric pressure,VOC Gas CCS811,eCO2 Gas CCS811,PM 1.0,PM 2.5,PM 10.0
,55,56,10,14,53,58,113,112,89,87,88
2023-09-13T00:00:05Z,24.81,64.33,99,0,25.00,101.12,3.00,426.00,0,0,0
2023-09-13T00:01:05Z,24.79,64.38,99,0,22.61,101.12,3.00,426.00,null,null,null
2023-09-13T00:02:05Z,24.82,64.34,99,0,20.85,101.12,3.00,426.00,null,null,null
2023-09-13T00:03:05Z,24.79,64.32,99,0,22.99,101.13,3.00,426.00,null,null,null
2023-09-13T00:04:05Z,24.79,64.35,99,0,28.15,101.13,3.00,426.00,null,null,null
2023-09-13T00:05:05Z,24.78,64.34,100,0,23.40,101.12,3.00,422.00,0,0,0
2023-09-13T00:06:05Z,24.78,64.32,99,0,26.41,101.13,3.00,426.00,null,null,null
2023-09-13T00:07:05Z,24.79,64.31,99,0,22.43,101.13,3.00,422.00,null,null,null
2023-09-13T00:08:05Z,24.79,64.31,100,0,24.39,101.13,3.00,426.00,null,null,null
2023-09-13T00:09:05Z,24.77,64.29,99,0,27.44,101.13,3.00,422.00,null,null,null
2023-09-13T00:10:05Z,24.78,64.26,99,0,23.15,101.13,3.00,426.00,0,0,0
2023-09-13T00:11:05Z,24.77,64.27,100,0,25.16,101.13,3.00,422.00,null,null,null
2023-09-13T00:12:05Z,24.77,64.22,100,0,25.16,101.13,3.00,426.00,null,null,null
2023-09-13T00:13:05Z,24.77,64.27,99,0,23.54,101.13,3.00,424.00,null,null,null
2023-09-13T00:14:05Z,24.75,64.22,100,0,25.16,101.13,3.00,426.00,null,null,null
2023-09-13T00:15:05Z,24.77,64.28,99,0,23.94,101.13,3.00,424.00,0,0,0
2023-09-13T00:16:05Z,24.77,64.26,99,0,21.34,101.13,3.00,422.00,null,null,null
2023-09-13T00:17:05Z,24.77,64.21,100,0,21.85,101.13,3.00,422.00,null,null,null
2023-09-13T00:18:05Z,24.75,64.26,100,0,23.94,101.14,3.00,424.00,null,null,null
2023-09-13T00:19:05Z,24.75,64.26,100,0,22.37,101.13,3.00,422.00,null,null,null
2023-09-13T00:20:05Z,24.72,64.27,99,0,22.99,101.13,3.00,426.00,0,0,0
2023-09-13T00:21:05Z,24.74,64.28,99,0,21.02,101.13,3.00,424.00,null,null,null
2023-09-13T00:22:05Z,24.75,64.22,99,0,23.72,101.14,4.00,432.00,null,null,null
2023-09-13T00:23:05Z,24.74,64.25,99,0,23.90,101.15,4.00,428.00,null,null,null
2023-09-13T00:24:05Z,24.72,64.28,100,0,22.55,101.14,4.00,432.00,null,null,null
2023-09-13T00:25:05Z,24.72,64.27,99,0,22.66,101.14,4.00,432.00,0,0,0
2023-09-13T00:26:05Z,24.72,64.27,99,0,21.99,101.14,5.00,435.00,null,null,null
2023-09-13T00:27:05Z,24.74,64.21,100,0,21.71,101.14,5.00,435.00,null,null,null
2023-09-13T00:28:05Z,24.72,64.24,99,0,25.90,101.15,5.00,434.00,null,null,null
2023-09-13T00:29:05Z,24.71,64.16,99,0,25.22,101.14,5.00,434.00,null,null,null
2023-09-13T00:30:05Z,24.71,64.22,99,0,26.06,101.16,5.00,434.00,0,0,8
2023-09-13T00:31:05Z,24.70,64.21,100,0,24.93,101.15,5.00,438.00,null,null,null
2023-09-13T00:32:05Z,24.72,64.17,99,0,21.64,101.15,5.00,434.00,null,null,null
2023-09-13T00:33:05Z,24.71,64.16,99,0,21.78,101.16,5.00,434.00,null,null,null
2023-09-13T00:34:05Z,24.72,64.14,100,0,24.50,101.17,5.00,434.00,null,null,null
2023-09-13T00:35:05Z,24.72,64.14,99,0,24.50,101.16,5.00,434.00,1,2,2
2023-09-13T00:36:05Z,24.70,64.09,99,0,21.85,101.17,5.00,434.00,null,null,null
2023-09-13T00:37:05Z,24.71,64.07,99,0,26.93,101.17,5.00,434.00,null,null,null
2023-09-13T00:38:05Z,24.68,64.07,99,0,22.61,101.17,5.00,434.00,null,null,null
2023-09-13T00:39:05Z,24.71,64.09,99,0,21.56,101.17,3.00,426.00,null,null,null
2023-09-13T00:40:05Z,24.68,64.12,99,0,23.54,101.17,5.00,434.00,1,1,1
2023-09-13T00:41:05Z,24.68,64.06,99,0,21.92,101.18,5.00,434.00,null,null,null
2023-09-13T00:42:05Z,24.70,64.11,99,0,25.90,101.18,5.00,434.00,null,null,null
2023-09-13T00:43:05Z,24.70,64.06,100,0,21.92,101.17,5.00,434.00,null,null,null
2023-09-13T00:44:05Z,24.70,64.13,99,0,20.93,101.18,5.00,434.00,null,null,null
2023-09-13T00:45:05Z,24.66,64.12,99,0,24.46,101.18,5.00,434.00,0,0,0
2023-09-13T00:46:05Z,24.67,64.12,99,0,23.94,101.18,5.00,434.00,null,null,null
2023-09-13T00:47:05Z,24.68,64.05,100,0,23.90,101.18,5.00,434.00,null,null,null
2023-09-13T00:48:05Z,24.71,64.06,99,0,24.11,101.18,5.00,434.00,null,null,null
2023-09-13T00:49:05Z,24.67,64.08,99,0,23.45,101.19,5.00,434.00,null,null,null
2023-09-13T00:50:05Z,24.67,63.82,99,0,22.94,101.19,5.00,434.00,0,0,0
2023-09-13T00:51:05Z,24.67,63.91,99,0,23.54,101.19,3.00,426.00,null,null,null
2023-09-13T00:52:05Z,24.68,64.00,99,0,40.59,101.18,3.00,426.00,null,null,null
2023-09-13T00:53:05Z,24.66,63.95,99,0,24.83,101.19,3.00,426.00,null,null,null
2023-09-13T00:54:05Z,24.67,63.71,99,0,25.03,101.19,3.00,426.00,null,null,null
2023-09-13T00:55:05Z,24.67,63.89,99,0,23.35,101.19,3.00,426.00,0,0,0
2023-09-13T00:56:05Z,24.67,63.97,99,0,23.63,101.19,3.00,426.00,null,null,null
2023-09-13T00:57:05Z,24.68,63.89,100,0,22.18,101.19,3.00,423.00,null,null,null
2023-09-13T00:58:05Z,24.68,63.87,99,0,22.94,101.18,3.00,423.00,null,null,null
2023-09-13T00:59:05Z,24.66,63.74,99,0,22.94,101.18,2.00,418.00,null,null,null
2023-09-13T01:00:05Z,24.66,63.63,99,0,29.37,101.19,3.00,426.00,0,0,0
2023-09-13T01:01:05Z,24.67,63.45,99,0,23.25,101.19,3.00,422.00,null,null,null
2023-09-13T01:02:05Z,24.64,62.89,100,0,23.86,101.19,3.00,420.00,null,null,null
2023-09-13T01:03:05Z,24.67,63.56,99,0,21.49,101.19,3.00,424.00,null,null,null
2023-09-13T01:04:05Z,24.63,63.73,99,0,21.34,101.19,3.00,420.00,null,null,null
2023-09-13T01:05:05Z,24.64,63.74,99,0,25.13,101.20,3.00,420.00,0,0,0
2023-09-13T01:06:05Z,24.64,63.72,99,0,25.84,101.19,3.00,420.00,null,null,null
2023-09-13T01:07:05Z,24.64,63.80,99,0,23.86,101.19,3.00,420.00,null,null,null
2023-09-13T01:08:05Z,24.66,63.83,99,0,23.90,101.19,2.00,416.00,null,null,null
2023-09-13T01:09:05Z,24.64,63.81,99,0,24.39,101.19,2.00,416.00,null,null,null
2023-09-13T01:10:05Z,24.61,63.81,99,0,24.46,101.19,2.00,418.00,0,0,0
2023-09-13T01:11:05Z,24.60,63.83,99,0,24.07,101.19,2.00,416.00,null,null,null
2023-09-13T01:12:05Z,24.61,63.77,100,0,22.37,101.19,2.00,418.00,null,null,null
2023-09-13T01:13:05Z,24.61,63.80,99,0,24.68,101.19,2.00,416.00,null,null,null
2023-09-13T01:14:05Z,24.60,63.79,99,0,27.24,101.19,2.00,416.00,null,null,null
2023-09-13T01:15:05Z,24.58,63.69,99,0,22.37,101.19,2.00,416.00,0,0,0
2023-09-13T01:16:05Z,24.63,63.79,99,0,22.55,101.19,3.00,420.00,null,null,null
2023-09-13T01:17:05Z,24.61,63.75,100,0,21.78,101.19,2.00,416.00,null,null,null
2023-09-13T01:18:05Z,24.57,63.76,99,0,24.03,101.20,2.00,416.00,null,null,null
2023-09-13T01:19:05Z,24.58,63.74,99,0,38.93,101.20,2.00,418.00,null,null,null
2023-09-13T01:20:05Z,24.58,63.75,99,0,24.19,101.20,3.00,420.00,1,1,1
2023-09-13T01:21:05Z,24.60,63.75,99,0,21.92,101.20,2.00,418.00,null,null,null
2023-09-13T01:22:05Z,24.60,63.75,99,0,23.94,101.20,2.00,418.00,null,null,null
2023-09-13T01:23:05Z,24.58,63.74,100,0,23.90,101.20,2.00,418.00,null,null,null
2023-09-13T01:24:05Z,24.57,63.72,100,0,24.89,101.20,3.00,422.00,null,null,null
2023-09-13T01:25:05Z,24.58,63.69,99,0,22.78,101.20,3.00,422.00,0,0,0
2023-09-13T01:26:05Z,24.57,63.71,99,0,24.03,101.20,3.00,422.00,null,null,null
2023-09-13T01:27:05Z,24.57,63.70,99,0,24.79,101.20,3.00,422.00,null,null,null
2023-09-13T01:28:05Z,24.56,63.70,100,0,22.55,101.20,3.00,420.00,null,null,null
2023-09-13T01:29:05Z,24.57,63.73,99,0,24.65,101.21,3.00,422.00,null,null,null
2023-09-13T01:30:05Z,24.56,63.69,99,0,23.45,101.20,3.00,422.00,1,1,1
2023-09-13T01:31:05Z,24.57,63.66,99,0,20.76,101.21,3.00,422.00,null,null,null
2023-09-13T01:32:05Z,24.56,63.72,99,0,24.89,101.20,3.00,422.00,null,null,null
2023-09-13T01:33:05Z,24.57,63.61,99,0,25.35,101.20,3.00,422.00,null,null,null
2023-09-13T01:34:05Z,24.54,63.64,99,0,24.03,101.21,3.00,422.00,null,null,null
2023-09-13T01:35:05Z,24.54,63.65,99,0,24.11,101.21,3.00,422.00,0,0,0
2023-09-13T01:36:05Z,24.57,63.56,100,0,25.19,101.21,3.00,422.00,null,null,null
2023-09-13T01:37:05Z,24.54,63.55,99,0,22.61,101.21,3.00,422.00,null,null,null
2023-09-13T01:38:05Z,24.54,63.61,99,0,25.00,101.21,3.00,422.00,null,null,null
2023-09-13T01:39:05Z,24.53,63.61,99,0,22.37,101.21,3.00,422.00,null,null,null
2023-09-13T01:40:05Z,24.54,63.64,99,0,25.09,101.21,3.00,422.00,0,0,0
2023-09-13T01:41:05Z,24.54,63.65,100,0,20.93,101.22,3.00,426.00,null,null,null
2023-09-13T01:42:05Z,24.54,63.63,100,0,21.41,101.22,3.00,422.00,null,null,null
2023-09-13T01:43:05Z,24.53,63.61,99,0,23.45,101.22,3.00,422.00,null,null,null
2023-09-13T01:44:05Z,24.50,63.63,99,0,21.26,101.22,3.00,426.00,null,null,null
2023-09-13T01:45:05Z,24.51,63.65,100,0,24.58,101.22,3.00,426.00,0,0,0
2023-09-13T01:46:05Z,24.56,63.64,99,0,23.20,101.22,3.00,426.00,null,null,null
2023-09-13T01:47:05Z,24.51,63.57,99,0,22.99,101.22,3.00,426.00,null,null,null
2023-09-13T01:48:05Z,24.53,63.63,99,0,23.54,101.22,3.00,426.00,null,null,null
2023-09-13T01:49:05Z,24.51,63.57,99,0,24.07,101.22,3.00,426.00,null,null,null
2023-09-13T01:50:05Z,24.50,63.64,100,0,21.99,101.22,3.00,426.00,0,0,0
2023-09-13T01:51:05Z,24.51,63.52,99,0,23.40,101.22,3.00,426.00,null,null,null
2023-09-13T01:52:05Z,24.53,63.48,99,0,23.54,101.22,3.00,426.00,null,null,null
2023-09-13T01:53:05Z,24.51,63.50,99,0,21.26,101.22,3.00,422.00,null,null,null
2023-09-13T01:54:05Z,24.48,63.48,100,0,23.59,101.22,3.00,422.00,null,null,null
2023-09-13T01:55:05Z,24.48,63.48,100,0,22.24,101.22,3.00,422.00,0,0,0
2023-09-13T01:56:05Z,24.48,63.46,100,0,27.53,101.22,3.00,422.00,null,null,null
2023-09-13T01:57:05Z,24.51,63.24,99,0,25.44,101.22,3.00,422.00,null,null,null
2023-09-13T01:58:05Z,24.50,63.34,100,0,23.15,101.22,3.00,426.00,null,null,null
2023-09-13T01:59:05Z,24.51,63.47,99,0,23.15,101.22,3.00,422.00,null,null,null
2023-09-13T02:00:05Z,24.50,63.46,99,0,22.18,101.22,3.00,422.00,0,0,0
2023-09-13T02:01:05Z,24.50,63.49,100,0,23.59,101.22,3.00,422.00,null,null,null
2023-09-13T02:02:05Z,24.48,63.42,99,0,23.98,101.22,3.00,422.00,null,null,null
2023-09-13T02:03:05Z,24.50,63.48,100,0,22.49,101.22,3.00,422.00,null,null,null
2023-09-13T02:04:05Z,24.48,63.50,99,0,23.40,101.23,3.00,422.00,null,null,null
2023-09-13T02:05:05Z,24.48,63.51,99,0,21.85,101.22,3.00,422.00,1,1,1
2023-09-13T02:06:05Z,24.47,63.46,100,0,22.72,101.23,3.00,422.00,null,null,null
2023-09-13T02:07:05Z,24.45,63.50,99,0,23.68,101.23,3.00,420.00,null,null,null
2023-09-13T02:08:05Z,24.48,63.48,99,0,24.72,101.23,3.00,422.00,null,null,null
2023-09-13T02:09:05Z,24.44,63.42,100,0,22.24,101.22,3.00,422.00,null,null,null
2023-09-13T02:10:05Z,24.45,63.47,99,0,21.34,101.23,3.00,422.00,0,0,0
2023-09-13T02:11:05Z,24.47,63.43,99,0,22.05,101.23,3.00,422.00,null,null,null
2023-09-13T02:12:05Z,24.45,63.38,99,0,22.99,101.23,3.00,420.00,null,null,null
2023-09-13T02:13:05Z,24.45,63.42,99,0,24.39,101.23,3.00,420.00,null,null,null
2023-09-13T02:14:05Z,24.47,63.42,99,0,20.76,101.23,3.00,420.00,null,null,null
2023-09-13T02:15:05Z,24.44,63.40,99,0,21.78,101.23,3.00,422.00,1,1,1
2023-09-13T02:16:05Z,24.45,63.43,99,0,22.43,101.23,3.00,420.00,null,null,null
2023-09-13T02:17:05Z,24.44,63.35,99,0,22.05,101.23,3.00,422.00,null,null,null
2023-09-13T02:18:05Z,24.44,63.41,100,0,23.68,101.23,3.00,422.00,null,null,null
2023-09-13T02:19:05Z,24.45,63.38,100,0,23.20,101.23,3.00,420.00,null,null,null
2023-09-13T02:20:05Z,24.44,63.36,99,0,22.83,101.24,3.00,420.00,2,2,2
2023-09-13T02:21:05Z,24.44,63.41,99,0,32.45,101.24,3.00,420.00,null,null,null
2023-09-13T02:22:05Z,24.43,63.41,99,0,22.18,101.24,3.00,420.00,null,null,null
2023-09-13T02:23:05Z,24.43,63.35,99,0,22.66,101.23,3.00,420.00,null,null,null
2023-09-13T02:24:05Z,24.44,63.35,99,0,25.53,101.24,3.00,420.00,null,null,null
2023-09-13T02:25:05Z,24.43,63.35,99,0,23.35,101.24,3.00,420.00,0,0,0
2023-09-13T02:26:05Z,24.44,63.31,100,0,23.54,101.24,1.00,410.00,null,null,null
2023-09-13T02:27:05Z,24.41,63.30,99,0,23.49,101.24,3.00,420.00,null,null,null
2023-09-13T02:28:05Z,24.43,63.31,100,0,22.31,101.24,3.00,420.00,null,null,null
2023-09-13T02:29:05Z,24.37,63.35,99,0,22.89,101.24,3.00,420.00,null,null,null
2023-09-13T02:30:05Z,24.39,63.35,100,0,24.35,101.24,3.00,420.00,0,0,0
2023-09-13T02:31:05Z,24.41,63.38,99,0,23.05,101.24,2.00,416.00,null,null,null
2023-09-13T02:32:05Z,24.41,63.35,99,0,24.54,101.25,2.00,416.00,null,null,null
2023-09-13T02:33:05Z,24.41,63.29,99,0,21.64,101.24,3.00,420.00,null,null,null
2023-09-13T02:34:05Z,24.41,63.38,99,0,21.49,101.24,3.00,420.00,null,null,null
2023-09-13T02:35:05Z,24.39,63.39,99,0,21.49,101.25,2.00,416.00,0,0,0
2023-09-13T02:36:05Z,24.37,63.28,99,0,26.82,101.25,1.00,410.00,null,null,null
2023-09-13T02:37:05Z,24.40,63.32,100,0,25.53,101.25,2.00,416.00,null,null,null
2023-09-13T02:38:05Z,24.43,63.35,100,0,22.43,101.24,2.00,416.00,null,null,null
2023-09-13T02:39:05Z,24.39,63.15,99,0,23.15,101.25,2.00,416.00,null,null,null
2023-09-13T02:40:05Z,24.39,63.26,99,0,21.41,101.25,3.00,421.00,0,0,0
2023-09-13T02:41:05Z,24.39,63.29,99,0,21.18,101.25,1.00,407.00,null,null,null
2023-09-13T02:42:05Z,24.37,63.19,99,0,23.20,101.25,1.00,410.00,null,null,null
2023-09-13T02:43:05Z,24.39,63.29,100,0,24.68,101.25,2.00,415.00,null,null,null
2023-09-13T02:44:05Z,24.37,63.25,99,0,25.53,101.25,1.00,410.00,null,null,null
2023-09-13T02:45:05Z,24.37,63.28,100,0,24.93,101.25,1.00,410.00,0,0,0
2023-09-13T02:46:05Z,24.37,63.36,99,0,21.78,101.25,0.00,403.00,null,null,null
2023-09-13T02:47:05Z,24.39,63.30,99,0,28.77,101.25,1.00,410.00,null,null,null
2023-09-13T02:48:05Z,24.37,63.25,99,0,23.25,101.25,1.00,410.00,null,null,null
2023-09-13T02:49:05Z,24.36,63.28,99,0,24.03,101.25,1.00,410.00,null,null,null
2023-09-13T02:50:05Z,24.37,63.27,99,0,23.59,101.25,1.00,410.00,0,0,0
2023-09-13T02:51:05Z,24.36,63.28,100,0,22.83,101.25,1.00,407.00,null,null,null
2023-09-13T02:52:05Z,24.37,63.25,99,0,23.35,101.25,1.00,407.00,null,null,null
2023-09-13T02:53:05Z,24.36,63.28,99,0,25.87,101.25,1.00,407.00,null,null,null
2023-09-13T02:54:05Z,24.34,63.24,99,0,25.87,101.25,1.00,407.00,null,null,null
2023-09-13T02:55:05Z,24.34,63.24,99,0,21.78,101.25,1.00,411.00,0,0,0
2023-09-13T02:56:05Z,24.36,63.18,99,0,21.34,101.25,1.00,408.00,null,null,null
2023-09-13T02:57:05Z,24.36,63.23,100,0,24.76,101.25,1.00,411.00,null,null,null
2023-09-13T02:58:05Z,24.36,63.25,99,0,22.55,101.25,2.00,415.00,null,null,null
2023-09-13T02:59:05Z,24.34,63.24,99,0,24.50,101.25,1.00,407.00,null,null,null
2023-09-13T03:00:05Z,24.33,63.15,99,0,23.30,101.24,1.00,411.00,1,1,1
2023-09-13T03:01:05Z,24.33,63.16,99,0,21.99,101.24,1.00,408.00,null,null,null
2023-09-13T03:02:05Z,24.36,63.16,99,0,24.03,101.24,1.00,411.00,null,null,null
2023-09-13T03:03:05Z,24.33,63.17,99,0,25.82,101.24,1.00,411.00,null,null,null
2023-09-13T03:04:05Z,24.33,63.18,100,0,24.86,101.24,1.00,408.00,null,null,null
2023-09-13T03:05:05Z,24.31,63.15,99,0,21.56,101.24,1.00,408.00,1,1,1
2023-09-13T03:06:05Z,24.36,63.19,100,0,25.22,101.25,0.00,403.00,null,null,null
2023-09-13T03:07:05Z,24.34,63.15,99,0,37.89,101.25,1.00,408.00,null,null,null
2023-09-13T03:08:05Z,24.33,63.16,99,0,26.67,101.25,1.00,408.00,null,null,null
2023-09-13T03:09:05Z,24.34,63.17,99,0,22.43,101.24,1.00,408.00,null,null,null
2023-09-13T03:10:05Z,24.31,63.18,99,0,24.83,101.24,1.00,408.00,1,1,1
2023-09-13T03:11:05Z,24.33,63.14,99,0,22.55,101.24,0.00,400.00,null,null,null
2023-09-13T03:12:05Z,24.33,63.15,99,0,22.24,101.24,0.00,405.00,null,null,null
2023-09-13T03:13:05Z,24.31,63.18,99,0,30.33,101.23,0.00,405.00,null,null,null
2023-09-13T03:14:05Z,24.31,63.15,99,0,24.19,101.24,0.00,405.00,null,null,null
2023-09-13T03:15:05Z,24.29,63.14,99,0,22.78,101.23,0.00,405.00,1,1,1
2023-09-13T03:16:05Z,24.30,63.18,99,0,24.65,101.24,0.00,400.00,null,null,null
2023-09-13T03:17:05Z,24.31,63.11,99,0,24.79,101.24,0.00,400.00,null,null,null
2023-09-13T03:18:05Z,24.30,63.15,99,0,24.61,101.24,0.00,400.00,null,null,null
2023-09-13T03:19:05Z,24.30,63.12,100,0,23.68,101.24,0.00,400.00,null,null,null
2023-09-13T03:20:05Z,24.30,63.09,99,0,25.32,101.25,0.00,400.00,0,0,0
2023-09-13T03:21:05Z,24.29,63.14,100,0,25.13,101.25,0.00,400.00,null,null,null
2023-09-13T03:22:05Z,24.33,63.13,99,0,23.35,101.25,0.00,402.00,null,null,null
2023-09-13T03:23:05Z,24.30,63.15,99,0,22.78,101.25,1.00,407.00,null,null,null
2023-09-13T03:24:05Z,24.31,63.10,100,0,20.48,101.25,0.00,402.00,null,null,null
2023-09-13T03:25:05Z,24.27,63.09,100,0,25.16,101.26,0.00,402.00,0,0,0
2023-09-13T03:26:05Z,24.30,63.14,99,0,26.99,101.25,0.00,400.00,null,null,null
2023-09-13T03:27:05Z,24.27,63.07,99,0,22.43,101.25,0.00,406.00,null,null,null
2023-09-13T03:28:05Z,24.26,63.10,99,0,22.89,101.25,0.00,403.00,null,null,null
2023-09-13T03:29:05Z,24.27,63.08,99,0,22.18,101.25,0.00,403.00,null,null,null
2023-09-13T03:30:05Z,24.27,63.09,99,0,20.76,101.25,0.00,403.00,1,1,1
2023-09-13T03:31:05Z,24.29,63.05,100,0,23.54,101.25,0.00,400.00,null,null,null
2023-09-13T03:32:05Z,24.26,63.04,99,0,24.89,101.24,1.00,408.00,null,null,null
2023-09-13T03:33:05Z,24.27,63.06,99,0,24.68,101.25,0.00,405.00,null,null,null
2023-09-13T03:34:05Z,24.29,63.11,99,0,25.73,101.25,0.00,405.00,null,null,null
2023-09-13T03:35:05Z,24.24,63.10,100,0,23.90,101.25,0.00,400.00,1,1,1
2023-09-13T03:36:05Z,24.24,63.08,99,0,23.68,101.25,5.00,436.00,null,null,null
2023-09-13T03:37:05Z,24.24,63.01,99,0,22.05,101.25,6.00,442.00,null,null,null
2023-09-13T03:38:05Z,24.26,63.02,99,0,24.31,101.24,5.00,436.00,null,null,null
2023-09-13T03:39:05Z,24.27,63.10,100,0,23.05,101.25,0.00,400.00,null,null,null
2023-09-13T03:40:05Z,24.23,63.08,99,0,24.76,101.24,0.00,400.00,0,0,0
2023-09-13T03:41:05Z,24.23,63.03,99,0,24.76,101.25,3.00,425.00,null,null,null
2023-09-13T03:42:05Z,24.23,63.08,99,0,27.28,101.24,4.00,432.00,null,null,null
2023-09-13T03:43:05Z,24.26,63.01,99,0,24.15,101.24,4.00,432.00,null,null,null
2023-09-13T03:44:05Z,24.26,63.03,99,0,22.83,101.24,0.00,400.00,null,null,null
2023-09-13T03:45:05Z,24.21,63.04,99,0,23.59,101.24,0.00,405.00,0,0,0
2023-09-13T03:46:05Z,24.24,63.06,99,0,22.99,101.24,5.00,433.00,null,null,null
2023-09-13T03:47:05Z,24.24,63.03,100,0,24.83,101.24,5.00,436.00,null,null,null
2023-09-13T03:48:05Z,24.26,63.03,100,0,25.82,101.24,6.00,442.00,null,null,null
2023-09-13T03:49:05Z,24.20,63.03,99,0,28.11,101.25,0.00,400.00,null,null,null
2023-09-13T03:50:05Z,24.20,63.07,99,0,25.03,101.24,5.00,436.00,0,1,1
2023-09-13T03:51:05Z,24.23,63.05,99,0,21.78,101.25,5.00,433.00,null,null,null
2023-09-13T03:52:05Z,24.24,63.01,99,0,24.68,101.25,5.00,433.00,null,null,null
2023-09-13T03:53:05Z,24.24,63.01,99,0,28.31,101.24,5.00,433.00,null,null,null
2023-09-13T03:54:05Z,24.19,63.01,99,0,23.90,101.24,5.00,433.00,null,null,null
2023-09-13T03:55:05Z,24.21,63.02,100,0,28.67,101.24,4.00,428.00,0,0,0
2023-09-13T03:56:05Z,24.21,63.00,100,0,26.14,101.25,3.00,422.00,null,null,null
2023-09-13T03:57:05Z,24.23,62.97,99,0,22.72,101.24,5.00,433.00,null,null,null
2023-09-13T03:58:05Z,24.19,62.93,99,0,22.94,101.25,4.00,428.00,null,null,null
2023-09-13T03:59:05Z,24.20,62.99,99,0,31.50,101.25,4.00,428.00,null,null,null
2023-09-13T04:00:05Z,24.23,62.99,99,0,22.94,101.24,4.00,428.00,0,0,0
2023-09-13T04:01:05Z,24.20,62.99,99,0,28.77,101.25,3.00,420.00,null,null,null
2023-09-13T04:02:05Z,24.20,62.98,99,0,23.90,101.25,4.00,428.00,null,null,null
2023-09-13T04:03:05Z,24.20,62.98,100,0,36.46,101.24,3.00,422.00,null,null,null
2023-09-13T04:04:05Z,24.20,62.98,99,0,23.90,101.25,3.00,422.00,null,null,null
2023-09-13T04:05:05Z,24.17,62.97,99,0,28.44,101.25,3.00,420.00,1,3,3
2023-09-13T04:06:05Z,24.17,62.95,99,0,23.77,101.25,3.00,420.00,null,null,null
2023-09-13T04:07:05Z,24.21,62.92,100,0,23.35,101.25,3.00,422.00,null,null,null
2023-09-13T04:08:05Z,24.20,62.91,99,0,29.64,101.26,3.00,422.00,null,null,null
2023-09-13T04:09:05Z,24.19,62.98,100,0,25.03,101.26,3.00,420.00,null,null,null
2023-09-13T04:10:05Z,24.17,62.96,100,0,25.35,101.27,3.00,422.00,1,1,1
2023-09-13T04:11:05Z,24.16,62.96,99,0,22.94,101.26,2.00,416.00,null,null,null
2023-09-13T04:12:05Z,24.17,62.94,99,0,20.67,101.26,2.00,416.00,null,null,null
2023-09-13T04:13:05Z,24.17,62.94,100,0,25.53,101.26,3.00,420.00,null,null,null
2023-09-13T04:14:05Z,24.23,62.96,99,0,24.43,101.27,3.00,420.00,null,null,null
2023-09-13T04:15:05Z,24.17,62.92,100,0,23.77,101.27,2.00,416.00,1,1,1
2023-09-13T04:16:05Z,24.17,62.92,99,0,23.90,101.27,1.00,411.00,null,null,null
2023-09-13T04:17:05Z,24.19,62.92,99,0,21.10,101.27,2.00,416.00,null,null,null
2023-09-13T04:18:05Z,24.17,62.97,99,0,23.15,101.28,2.00,416.00,null,null,null
2023-09-13T04:19:05Z,24.16,62.95,99,0,24.65,101.28,2.00,416.00,null,null,null
2023-09-13T04:20:05Z,24.17,62.96,99,0,22.89,101.28,1.00,411.00,1,1,1
2023-09-13T04:21:05Z,24.17,62.93,99,0,22.55,101.28,1.00,411.00,null,null,null
2023-09-13T04:22:05Z,24.17,62.88,99,0,21.85,101.28,1.00,411.00,null,null,null
2023-09-13T04:23:05Z,24.19,62.95,99,0,24.79,101.28,1.00,411.00,null,null,null
2023-09-13T04:24:05Z,24.17,62.90,99,0,22.43,101.29,1.00,411.00,null,null,null
2023-09-13T04:25:05Z,24.15,62.94,100,0,26.93,101.29,1.00,411.00,3,3,3
2023-09-13T04:26:05Z,24.17,62.97,99,0,22.43,101.29,0.00,403.00,null,null,null
2023-09-13T04:27:05Z,24.17,62.92,99,0,25.56,101.29,1.00,411.00,null,null,null
2023-09-13T04:28:05Z,24.16,62.93,99,0,22.18,101.29,1.00,411.00,null,null,null
2023-09-13T04:29:05Z,24.16,62.94,100,0,24.65,101.29,1.00,408.00,null,null,null
2023-09-13T04:30:05Z,24.16,62.97,100,0,23.40,101.29,1.00,411.00,1,1,1
2023-09-13T04:31:05Z,24.16,62.98,99,0,22.99,101.29,0.00,403.00,null,null,null
2023-09-13T04:32:05Z,24.15,62.92,100,0,21.85,101.29,1.00,411.00,null,null,null
2023-09-13T04:33:05Z,24.13,62.93,99,0,27.12,101.29,1.00,408.00,null,null,null
2023-09-13T04:34:05Z,24.15,62.92,99,0,31.29,101.29,1.00,408.00,null,null,null
2023-09-13T04:35:05Z,24.16,62.96,99,0,29.65,101.29,1.00,408.00,0,0,0
2023-09-13T04:36:05Z,24.16,62.93,99,0,23.63,101.29,0.00,401.00,null,null,null
2023-09-13T04:37:05Z,24.15,62.91,99,0,22.43,101.29,0.00,403.00,null,null,null
2023-09-13T04:38:05Z,24.13,62.88,99,0,25.19,101.28,1.00,408.00,null,null,null
2023-09-13T04:39:05Z,24.13,62.92,99,0,22.05,101.29,0.00,403.00,null,null,null
2023-09-13T04:40:05Z,24.13,62.94,99,0,22.55,101.28,1.00,408.00,0,0,0
2023-09-13T04:41:05Z,24.15,62.92,99,0,24.31,101.29,0.00,401.00,null,null,null
2023-09-13T04:42:05Z,24.13,62.93,99,0,23.94,101.29,0.00,403.00,null,null,null
2023-09-13T04:43:05Z,24.13,62.88,100,0,34.53,101.29,1.00,408.00,null,null,null
2023-09-13T04:44:05Z,24.13,62.94,99,0,24.19,101.29,0.00,403.00,null,null,null
2023-09-13T04:45:05Z,24.10,62.94,99,0,25.19,101.29,0.00,403.00,1,1,1
2023-09-13T04:46:05Z,24.13,62.90,100,0,22.37,101.29,0.00,401.00,null,null,null
2023-09-13T04:47:05Z,24.13,62.92,99,0,21.71,101.29,0.00,403.00,null,null,null
2023-09-13T04:48:05Z,24.12,62.92,99,0,22.94,101.29,0.00,403.00,null,null,null
2023-09-13T04:49:05Z,24.13,62.91,99,0,26.00,101.30,0.00,401.00,null,null,null
2023-09-13T04:50:05Z,24.10,62.88,99,0,20.85,101.30,0.00,401.00,2,3,3
2023-09-13T04:51:05Z,24.10,62.90,99,0,23.30,101.30,0.00,400.00,null,null,null
2023-09-13T04:52:05Z,24.12,62.92,99,0,25.41,101.30,0.00,405.00,null,null,null
2023-09-13T04:53:05Z,24.13,62.94,99,0,30.17,101.30,0.00,405.00,null,null,null
2023-09-13T04:54:05Z,24.12,62.91,99,0,24.68,101.30,1.00,407.00,null,null,null
2023-09-13T04:55:05Z,24.10,62.92,99,0,21.26,101.30,0.00,405.00,3,3,3
2023-09-13T04:56:05Z,24.12,62.89,100,0,27.14,101.30,0.00,400.00,null,null,null
2023-09-13T04:57:05Z,24.12,62.88,99,0,24.89,101.30,1.00,408.00,null,null,null
2023-09-13T04:58:05Z,24.09,62.86,99,0,24.58,101.30,0.00,403.00,null,null,null
2023-09-13T04:59:05Z,24.09,62.87,99,0,27.99,101.30,0.00,403.00,null,null,null
2023-09-13T05:00:05Z,24.09,62.94,99,0,23.45,101.31,1.00,408.00,1,1,1
2023-09-13T05:01:05Z,24.10,62.89,99,0,25.79,101.31,0.00,400.00,null,null,null
2023-09-13T05:02:05Z,24.10,62.86,100,0,25.35,101.31,0.00,403.00,null,null,null
2023-09-13T05:03:05Z,24.08,62.91,99,0,22.99,101.31,0.00,403.00,null,null,null
2023-09-13T05:04:05Z,24.09,62.87,99,0,21.64,101.31,0.00,403.00,null,null,null
2023-09-13T05:05:05Z,24.06,62.85,99,0,25.22,101.32,0.00,403.00,2,2,2
2023-09-13T05:06:05Z,24.09,62.89,99,0,22.37,101.31,0.00,400.00,null,null,null
2023-09-13T05:07:05Z,24.09,62.88,99,0,21.99,101.31,0.00,403.00,null,null,null
2023-09-13T05:08:05Z,24.10,62.86,100,0,23.10,101.32,0.00,400.00,null,null,null
2023-09-13T05:09:05Z,24.09,62.92,99,0,23.15,101.32,0.00,403.00,null,null,null
2023-09-13T05:10:05Z,24.08,62.91,99,0,22.49,101.32,0.00,403.00,1,1,1
2023-09-13T05:11:05Z,24.10,62.84,100,0,28.07,101.32,0.00,400.00,null,null,null
2023-09-13T05:12:05Z,24.10,62.89,100,0,38.52,101.32,1.00,407.00,null,null,null
2023-09-13T05:13:05Z,24.09,62.90,100,0,24.31,101.33,0.00,403.00,null,null,null
2023-09-13T05:14:05Z,24.08,62.82,99,0,27.28,101.32,0.00,403.00,null,null,null
2023-09-13T05:15:05Z,24.08,62.84,99,0,27.10,101.32,0.00,403.00,0,0,0
2023-09-13T05:16:05Z,24.10,62.84,100,0,25.19,101.33,0.00,400.00,null,null,null
2023-09-13T05:17:05Z,24.09,62.81,99,0,23.68,101.33,0.00,403.00,null,null,null
2023-09-13T05:18:05Z,24.09,62.78,99,0,22.43,101.33,0.00,400.00,null,null,null
2023-09-13T05:19:05Z,24.09,62.81,99,0,21.34,101.33,0.00,400.00,null,null,null
2023-09-13T05:20:05Z,24.08,62.88,99,0,29.37,101.33,0.00,400.00,1,1,1
2023-09-13T05:21:05Z,24.08,62.88,100,0,24.83,101.33,0.00,400.00,null,null,null
2023-09-13T05:22:05Z,24.08,62.78,99,0,25.62,101.34,0.00,405.00,null,null,null
2023-09-13T05:23:05Z,24.06,62.83,99,0,22.24,101.34,0.00,405.00,null,null,null
2023-09-13T05:24:05Z,24.05,62.84,99,0,27.97,101.34,0.00,405.00,null,null,null
2023-09-13T05:25:05Z,24.06,62.83,99,0,27.02,101.34,0.00,405.00,1,1,1
2023-09-13T05:26:05Z,24.06,62.81,99,0,26.31,101.34,0.00,400.00,null,null,null
2023-09-13T05:27:05Z,24.06,62.79,99,0,22.05,101.34,0.00,405.00,null,null,null
2023-09-13T05:28:05Z,24.05,62.78,99,0,31.48,101.35,0.00,405.00,null,null,null
2023-09-13T05:29:05Z,24.05,62.80,100,0,22.31,101.35,0.00,400.00,null,null,null
2023-09-13T05:30:05Z,24.06,62.81,99,0,30.04,101.35,0.00,405.00,0,0,0
2023-09-13T05:31:05Z,24.06,62.83,100,0,31.12,101.35,0.00,400.00,null,null,null
2023-09-13T05:32:05Z,24.06,62.74,99,0,34.79,101.35,0.00,405.00,null,null,null
2023-09-13T05:33:05Z,24.05,62.76,100,0,26.14,101.35,1.00,409.00,null,null,null
2023-09-13T05:34:05Z,24.06,62.80,100,0,25.29,101.35,1.00,409.00,null,null,null
2023-09-13T05:35:05Z,24.02,62.77,99,0,27.66,101.35,0.00,405.00,2,2,2
2023-09-13T05:36:05Z,24.03,62.80,99,0,26.60,101.35,0.00,400.00,null,null,null
2023-09-13T05:37:05Z,24.05,62.74,99,0,25.35,101.35,0.00,405.00,null,null,null
2023-09-13T05:38:05Z,24.05,62.81,99,0,25.95,101.35,1.00,409.00,null,null,null
2023-09-13T05:39:05Z,24.03,62.77,100,0,27.24,101.35,0.00,400.00,null,null,null
2023-09-13T05:40:05Z,24.02,62.79,100,0,26.41,101.35,0.00,405.00,0,0,0
2023-09-13T05:41:05Z,24.03,62.80,100,0,27.55,101.35,0.00,400.00,null,null,null
2023-09-13T05:42:05Z,24.00,62.81,99,0,35.40,101.36,1.00,407.00,null,null,null
2023-09-13T05:43:05Z,24.05,62.77,99,0,26.29,101.36,0.00,402.00,null,null,null
2023-09-13T05:44:05Z,24.00,62.73,99,0,24.93,101.36,1.00,407.00,null,null,null
2023-09-13T05:45:05Z,24.03,62.79,99,0,23.05,101.37,1.00,407.00,0,0,0
2023-09-13T05:46:05Z,24.02,62.80,99,0,25.76,101.37,0.00,400.00,null,null,null
2023-09-13T05:47:05Z,24.05,62.70,99,0,27.45,101.37,1.00,407.00,null,null,null
2023-09-13T05:48:05Z,24.05,62.78,99,0,30.53,101.37,1.00,407.00,null,null,null
2023-09-13T05:49:05Z,24.00,62.75,99,0,35.98,101.37,0.00,402.00,null,null,null
2023-09-13T05:50:05Z,23.99,62.76,99,0,23.59,101.37,0.00,402.00,0,0,0
2023-09-13T05:51:05Z,24.00,62.76,99,0,25.50,101.38,0.00,400.00,null,null,null
2023-09-13T05:52:05Z,24.02,62.77,99,0,24.96,101.38,0.00,402.00,null,null,null
2023-09-13T05:53:05Z,24.03,62.70,100,0,25.84,101.38,0.00,402.00,null,null,null
2023-09-13T05:54:05Z,24.00,62.72,99,0,23.77,101.38,1.00,407.00,null,null,null
2023-09-13T05:55:05Z,23.98,62.75,99,0,21.85,101.38,0.00,405.00,1,1,1
2023-09-13T05:56:05Z,23.99,62.69,100,0,22.99,101.38,0.00,400.00,null,null,null
2023-09-13T05:57:05Z,24.02,62.69,99,0,25.70,101.38,0.00,405.00,null,null,null
2023-09-13T05:58:05Z,24.00,62.71,99,0,25.00,101.38,1.00,407.00,null,null,null
2023-09-13T05:59:05Z,23.99,62.70,99,0,25.00,101.38,1.00,407.00,null,null,null
2023-09-13T06:00:05Z,23.99,62.75,100,0,23.54,101.39,0.00,405.00,1,1,1
2023-09-13T06:01:05Z,24.02,62.72,99,0,36.06,101.39,0.00,400.00,null,null,null
2023-09-13T06:02:05Z,24.00,62.70,99,0,22.31,101.39,1.00,408.00,null,null,null
2023-09-13T06:03:05Z,24.02,62.71,100,0,23.20,101.39,1.00,408.00,null,null,null
2023-09-13T06:04:05Z,23.98,62.71,100,0,28.22,101.40,1.00,408.00,null,null,null
2023-09-13T06:05:05Z,24.00,62.73,99,0,26.26,101.40,0.00,405.00,0,0,0
2023-09-13T06:06:05Z,24.00,62.73,99,0,26.78,101.40,0.00,405.00,null,null,null
2023-09-13T06:07:05Z,24.02,62.73,99,0,29.16,101.40,1.00,408.00,null,null,null
2023-09-13T06:08:05Z,23.99,62.69,99,0,23.59,101.40,1.00,408.00,null,null,null
2023-09-13T06:09:05Z,24.02,62.69,99,0,29.61,101.40,1.00,408.00,null,null,null
2023-09-13T06:10:05Z,23.99,62.67,99,0,28.73,101.40,1.00,408.00,2,2,2
2023-09-13T06:11:05Z,24.02,62.70,99,0,25.44,101.41,0.00,400.00,null,null,null
2023-09-13T06:12:05Z,24.00,62.66,99,0,23.15,101.41,1.00,408.00,null,null,null
2023-09-13T06:13:05Z,23.99,62.68,99,0,25.35,101.41,1.00,408.00,null,null,null
2023-09-13T06:14:05Z,23.98,62.69,100,0,21.18,101.41,1.00,408.00,null,null,null
2023-09-13T06:15:05Z,23.98,62.67,99,0,24.07,101.41,0.00,405.00,0,0,0
2023-09-13T06:16:05Z,24.00,62.71,99,0,30.86,101.41,0.00,400.00,null,null,null
2023-09-13T06:17:05Z,23.98,62.70,99,0,26.89,101.41,0.00,405.00,null,null,null
2023-09-13T06:18:05Z,23.99,62.69,99,0,23.45,101.42,0.00,405.00,null,null,null
2023-09-13T06:19:05Z,23.96,62.69,99,0,22.72,101.41,0.00,405.00,null,null,null
2023-09-13T06:20:05Z,23.99,62.71,99,0,24.61,101.42,0.00,405.00,1,1,1
2023-09-13T06:21:05Z,23.98,62.66,99,0,25.41,101.42,0.00,400.00,null,null,null
2023-09-13T06:22:05Z,23.99,62.69,99,0,27.30,101.41,0.00,405.00,null,null,null
2023-09-13T06:23:05Z,23.99,62.60,99,0,28.64,101.41,0.00,405.00,null,null,null
2023-09-13T06:24:05Z,23.98,62.61,99,0,23.98,101.42,0.00,405.00,null,null,null
2023-09-13T06:25:05Z,23.98,62.61,100,0,22.49,101.41,0.00,405.00,1,1,1
2023-09-13T06:26:05Z,23.98,62.63,99,0,24.76,101.41,0.00,400.00,null,null,null
2023-09-13T06:27:05Z,23.99,62.60,99,0,22.24,101.42,0.00,405.00,null,null,null
2023-09-13T06:28:05Z,23.99,62.55,99,0,32.35,101.42,0.00,400.00,null,null,null
2023-09-13T06:29:05Z,23.99,62.62,99,0,22.66,101.42,0.00,400.00,null,null,null
2023-09-13T06:30:05Z,23.94,62.61,99,0,29.70,101.42,0.00,405.00,2,3,3
2023-09-13T06:31:05Z,23.98,62.59,99,0,25.41,101.42,0.00,400.00,null,null,null
2023-09-13T06:32:05Z,23.99,62.61,100,0,25.73,101.42,0.00,400.00,null,null,null
2023-09-13T06:33:05Z,23.98,62.60,99,0,25.00,101.42,0.00,400.00,null,null,null
2023-09-13T06:34:05Z,23.98,62.63,99,0,43.08,101.43,0.00,405.00,null,null,null
2023-09-13T06:35:05Z,23.94,62.59,99,0,32.44,101.43,0.00,405.00,3,3,3
2023-09-13T06:36:05Z,23.96,62.60,99,0,27.59,101.43,0.00,400.00,null,null,null
2023-09-13T06:37:05Z,23.99,62.59,99,0,23.40,101.43,0.00,405.00,null,null,null
2023-09-13T06:38:05Z,23.98,62.60,99,0,25.95,101.43,0.00,405.00,null,null,null
2023-09-13T06:39:05Z,23.96,62.59,99,0,25.03,101.43,0.00,405.00,null,null,null
2023-09-13T06:40:05Z,23.96,62.61,99,0,26.69,101.43,0.00,405.00,2,2,2
2023-09-13T06:41:05Z,23.96,62.56,100,0,33.52,101.43,0.00,400.00,null,null,null
2023-09-13T06:42:05Z,23.99,62.57,100,0,25.53,101.43,0.00,405.00,null,null,null
2023-09-13T06:43:05Z,23.98,62.56,99,0,23.63,101.44,1.00,409.00,null,null,null
2023-09-13T06:44:05Z,23.99,62.59,99,0,21.85,101.44,0.00,400.00,null,null,null
2023-09-13T06:45:05Z,23.96,62.57,99,0,26.11,101.44,0.00,405.00,4,4,4
2023-09-13T06:46:05Z,23.99,62.56,99,0,27.04,101.44,0.00,400.00,null,null,null
2023-09-13T06:47:05Z,23.99,62.56,99,0,25.09,101.44,0.00,405.00,null,null,null
2023-09-13T06:48:05Z,23.98,62.51,99,0,32.53,101.44,0.00,405.00,null,null,null
2023-09-13T06:49:05Z,23.99,62.54,99,0,37.24,101.44,0.00,405.00,null,null,null
2023-09-13T06:50:05Z,23.96,62.52,99,0,25.09,101.44,0.00,405.00,3,3,3
2023-09-13T06:51:05Z,23.99,62.55,99,0,24.19,101.44,0.00,400.00,null,null,null
2023-09-13T06:52:05Z,23.98,62.51,99,0,26.03,101.45,0.00,405.00,null,null,null
2023-09-13T06:53:05Z,23.98,62.46,99,0,45.31,101.45,0.00,405.00,null,null,null
2023-09-13T06:54:05Z,23.94,62.53,99,0,31.16,101.46,0.00,405.00,null,null,null
2023-09-13T06:55:05Z,23.96,62.48,99,0,22.12,101.45,0.00,400.00,1,1,1
2023-09-13T06:56:05Z,23.96,62.49,99,0,26.34,101.45,0.00,400.00,null,null,null
2023-09-13T06:57:05Z,23.98,62.44,99,0,24.96,101.46,1.00,408.00,null,null,null
2023-09-13T06:58:05Z,23.96,62.44,100,0,30.89,101.46,1.00,408.00,null,null,null
2023-09-13T06:59:05Z,23.96,62.48,99,0,23.20,101.46,1.00,408.00,null,null,null
2023-09-13T07:00:05Z,23.94,62.46,99,0,27.57,101.47,1.00,408.00,1,1,1
2023-09-13T07:01:05Z,23.98,62.46,99,0,26.67,101.47,0.00,400.00,null,null,null
2023-09-13T07:02:05Z,23.99,62.45,99,0,25.59,101.47,0.00,403.00,null,null,null
2023-09-13T07:03:05Z,23.99,62.46,100,0,37.05,101.47,0.00,403.00,null,null,null
2023-09-13T07:04:05Z,23.96,62.43,100,0,28.91,101.48,1.00,408.00,null,null,null
2023-09-13T07:05:05Z,23.98,62.47,100,0,27.60,101.47,0.00,403.00,2,5,5
2023-09-13T07:06:05Z,23.99,62.44,99,0,30.80,101.48,0.00,400.00,null,null,null
2023-09-13T07:07:05Z,23.96,62.44,100,0,27.40,101.47,0.00,403.00,null,null,null
2023-09-13T07:08:05Z,23.98,62.38,99,0,24.79,101.48,0.00,403.00,null,null,null
2023-09-13T07:09:05Z,23.96,62.40,99,0,27.69,101.48,0.00,403.00,null,null,null
2023-09-13T07:10:05Z,23.96,62.42,99,0,28.22,101.48,0.00,403.00,0,0,0
2023-09-13T07:11:05Z,23.94,62.43,99,0,35.95,101.48,0.00,400.00,null,null,null
2023-09-13T07:12:05Z,23.98,62.36,99,0,30.18,101.48,0.00,403.00,null,null,null
2023-09-13T07:13:05Z,23.98,62.35,100,0,30.46,101.48,0.00,403.00,null,null,null
2023-09-13T07:14:05Z,23.98,62.42,99,0,30.19,101.48,0.00,403.00,null,null,null
2023-09-13T07:15:05Z,23.96,62.38,99,0,28.15,101.48,0.00,403.00,1,1,1
2023-09-13T07:16:05Z,23.98,62.41,100,0,28.70,101.48,0.00,400.00,null,null,null
2023-09-13T07:17:05Z,23.96,62.42,99,0,21.92,101.48,0.00,403.00,null,null,null
2023-09-13T07:18:05Z,23.99,62.42,99,0,26.46,101.48,0.00,403.00,null,null,null
2023-09-13T07:19:05Z,23.98,62.38,99,0,32.63,101.48,0.00,403.00,null,null,null
2023-09-13T07:20:05Z,23.96,62.43,99,0,30.81,101.48,0.00,403.00,2,2,2
2023-09-13T07:21:05Z,23.96,62.39,99,0,24.79,101.49,0.00,400.00,null,null,null
2023-09-13T07:22:05Z,23.98,62.39,99,0,26.41,101.48,0.00,403.00,null,null,null
2023-09-13T07:23:05Z,23.98,62.41,99,0,28.60,101.48,0.00,403.00,null,null,null
2023-09-13T07:24:05Z,23.94,62.42,100,0,25.79,101.48,0.00,403.00,null,null,null
2023-09-13T07:25:05Z,23.96,62.41,100,0,25.41,101.49,0.00,403.00,2,2,2
2023-09-13T07:26:05Z,23.98,62.42,99,0,25.32,101.49,0.00,400.00,null,null,null
2023-09-13T07:27:05Z,23.99,62.34,99,0,24.43,101.48,0.00,403.00,null,null,null
2023-09-13T07:28:05Z,23.98,62.34,99,0,29.37,101.49,0.00,403.00,null,null,null
2023-09-13T07:29:05Z,23.99,62.33,99,0,27.97,101.48,0.00,403.00,null,null,null
2023-09-13T07:30:05Z,23.96,62.39,100,0,29.54,101.48,0.00,403.00,0,0,0
2023-09-13T07:31:05Z,23.99,62.31,99,0,27.71,101.48,0.00,400.00,null,null,null
2023-09-13T07:32:05Z,24.00,62.34,100,0,29.79,101.48,0.00,403.00,null,null,null
2023-09-13T07:33:05Z,24.00,62.30,99,0,26.08,101.48,0.00,403.00,null,null,null
2023-09-13T07:34:05Z,23.98,62.33,99,0,29.27,101.48,0.00,403.00,null,null,null
2023-09-13T07:35:05Z,23.98,62.31,99,0,45.82,101.48,0.00,400.00,0,0,0
2023-09-13T07:36:05Z,23.99,62.25,99,0,28.99,101.48,0.00,400.00,null,null,null
2023-09-13T07:37:05Z,24.00,62.30,99,0,35.41,101.49,0.00,403.00,null,null,null
2023-09-13T07:38:05Z,23.98,62.23,99,0,27.85,101.48,0.00,403.00,null,null,null
2023-09-13T07:39:05Z,23.98,62.27,99,0,31.71,101.48,1.00,407.00,null,null,null
2023-09-13T07:40:05Z,23.98,62.24,99,0,35.94,101.48,0.00,403.00,3,3,3
2023-09-13T07:41:05Z,23.99,62.19,99,0,37.13,101.49,0.00,403.00,null,null,null
2023-09-13T07:42:05Z,23.99,62.19,99,0,23.25,101.48,1.00,407.00,null,null,null
2023-09-13T07:43:05Z,23.99,62.27,99,0,31.54,101.48,1.00,407.00,null,null,null
2023-09-13T07:44:05Z,24.00,62.21,99,0,28.92,101.48,0.00,403.00,null,null,null
2023-09-13T07:45:05Z,23.98,62.23,99,0,32.96,101.48,0.00,403.00,0,0,0
2023-09-13T07:46:05Z,24.00,62.19,99,0,34.49,101.48,0.00,400.00,null,null,null
2023-09-13T07:47:05Z,24.02,62.14,99,0,26.67,101.49,1.00,408.00,null,null,null
2023-09-13T07:48:05Z,23.98,62.18,99,0,28.36,101.49,1.00,408.00,null,null,null
2023-09-13T07:49:05Z,23.99,62.15,99,0,29.98,101.49,0.00,405.00,null,null,null
2023-09-13T07:50:05Z,23.99,62.20,99,0,34.55,101.49,1.00,408.00,2,3,3
2023-09-13T07:51:05Z,23.99,62.18,99,0,25.82,101.49,0.00,405.00,null,null,null
2023-09-13T07:52:05Z,24.02,62.14,100,0,28.37,101.50,0.00,405.00,null,null,null
2023-09-13T07:53:05Z,24.00,62.16,99,0,30.37,101.49,0.00,405.00,null,null,null
2023-09-13T07:54:05Z,24.00,62.17,99,0,32.60,101.50,1.00,408.00,null,null,null
2023-09-13T07:55:05Z,23.99,62.11,100,0,29.65,101.49,0.00,405.00,1,1,1
2023-09-13T07:56:05Z,23.99,62.02,99,0,30.48,101.49,0.00,405.00,null,null,null
2023-09-13T07:57:05Z,24.00,62.09,99,0,25.92,101.49,1.00,408.00,null,null,null
2023-09-13T07:58:05Z,23.99,62.06,99,0,26.06,101.49,1.00,408.00,null,null,null
2023-09-13T07:59:05Z,24.03,61.91,99,0,25.29,101.49,0.00,405.00,null,null,null
2023-09-13T08:00:05Z,24.02,61.18,99,0,23.45,101.49,0.00,405.00,0,0,0
2023-09-13T08:01:05Z,24.02,60.73,99,0,26.67,101.49,0.00,406.00,null,null,null
2023-09-13T08:02:05Z,24.05,60.30,99,0,25.90,101.48,1.00,410.00,null,null,null
2023-09-13T08:03:05Z,24.03,60.29,99,0,28.63,101.47,1.00,407.00,null,null,null
2023-09-13T08:04:05Z,24.00,60.19,99,0,33.09,101.47,1.00,407.00,null,null,null
2023-09-13T08:05:05Z,24.00,60.17,99,0,36.55,101.47,0.00,406.00,2,2,2
2023-09-13T08:06:05Z,24.05,60.05,99,0,33.25,101.47,0.00,400.00,null,null,null
2023-09-13T08:07:05Z,24.03,60.03,99,0,30.44,101.46,0.00,403.00,null,null,null
2023-09-13T08:08:05Z,24.08,60.02,99,0,27.28,101.46,0.00,400.00,null,null,null
2023-09-13T08:09:05Z,24.05,60.01,99,0,33.42,101.46,0.00,400.00,null,null,null
2023-09-13T08:10:05Z,24.06,60.05,99,0,24.61,101.46,0.00,400.00,2,2,2
2023-09-13T08:11:05Z,24.05,60.35,99,0,25.09,101.46,0.00,400.00,null,null,null
2023-09-13T08:12:05Z,24.08,60.57,99,0,25.65,101.46,0.00,400.00,null,null,null
2023-09-13T08:13:05Z,24.08,60.41,99,0,31.45,101.44,0.00,400.00,null,null,null
2023-09-13T08:14:05Z,24.09,60.52,100,0,31.24,101.45,0.00,400.00,null,null,null
2023-09-13T08:15:05Z,24.09,60.65,99,0,28.33,101.45,0.00,402.00,0,0,0
2023-09-13T08:16:05Z,24.10,60.53,99,0,37.15,101.45,0.00,400.00,null,null,null
2023-09-13T08:17:05Z,24.09,60.61,99,0,32.51,101.46,0.00,406.00,null,null,null
2023-09-13T08:18:05Z,24.15,60.43,99,0,28.12,101.45,0.00,406.00,null,null,null
2023-09-13T08:19:05Z,24.13,60.35,99,0,32.64,101.44,0.00,406.00,null,null,null
2023-09-13T08:20:05Z,24.12,60.55,99,0,31.51,101.44,0.00,403.00,1,1,1
2023-09-13T08:21:05Z,24.12,60.50,99,0,30.63,101.44,0.00,400.00,null,null,null
2023-09-13T08:22:05Z,24.15,60.44,99,0,29.01,101.44,0.00,403.00,null,null,null
2023-09-13T08:23:05Z,24.15,60.69,99,0,29.62,101.44,0.00,403.00,null,null,null
2023-09-13T08:24:05Z,24.15,60.87,100,0,32.77,101.44,0.00,406.00,null,null,null
2023-09-13T08:25:05Z,24.16,60.89,99,0,32.31,101.44,0.00,401.00,1,1,1
2023-09-13T08:26:05Z,24.17,60.91,99,0,29.73,101.43,0.00,400.00,null,null,null
2023-09-13T08:27:05Z,24.19,60.90,100,0,32.87,101.43,0.00,402.00,null,null,null
2023-09-13T08:28:05Z,24.15,61.03,99,0,28.91,101.43,0.00,406.00,null,null,null
2023-09-13T08:29:05Z,24.17,61.04,99,0,37.50,101.44,0.00,406.00,null,null,null
2023-09-13T08:30:05Z,24.19,61.11,99,0,30.73,101.44,0.00,402.00,2,2,2
2023-09-13T08:31:05Z,24.19,61.16,99,0,32.05,101.45,0.00,402.00,null,null,null
2023-09-13T08:32:05Z,24.20,61.08,99,0,31.83,101.44,0.00,406.00,null,null,null
2023-09-13T08:33:05Z,24.21,61.05,99,0,30.44,101.44,0.00,406.00,null,null,null
2023-09-13T08:34:05Z,24.21,61.15,99,0,31.16,101.45,0.00,406.00,null,null,null
2023-09-13T08:35:05Z,24.24,61.07,99,0,29.57,101.45,1.00,410.00,2,2,2
2023-09-13T08:36:05Z,24.23,61.09,99,0,29.57,101.46,1.00,410.00,null,null,null
2023-09-13T08:37:05Z,24.24,61.06,99,0,34.87,101.45,1.00,410.00,null,null,null
2023-09-13T08:38:05Z,24.23,61.04,99,0,28.81,101.46,1.00,410.00,null,null,null
2023-09-13T08:39:05Z,24.27,61.11,99,0,30.03,101.45,1.00,410.00,null,null,null
2023-09-13T08:40:05Z,24.23,61.05,99,0,28.54,101.46,0.00,400.00,0,1,1
2023-09-13T08:41:05Z,24.27,61.12,99,0,28.84,101.45,6.00,442.00,null,null,null
2023-09-13T08:42:05Z,24.27,61.07,99,0,27.55,101.46,0.00,400.00,null,null,null
2023-09-13T08:43:05Z,24.27,61.04,99,0,23.49,101.46,0.00,400.00,null,null,null
2023-09-13T08:44:05Z,24.27,61.06,99,0,29.64,101.45,0.00,400.00,null,null,null
2023-09-13T08:45:05Z,24.30,61.07,99,0,27.80,101.45,0.00,405.00,0,0,0
2023-09-13T08:46:05Z,24.30,61.02,99,0,23.05,101.46,0.00,405.00,null,null,null
2023-09-13T08:47:05Z,24.31,61.10,100,0,28.48,101.46,0.00,405.00,null,null,null
2023-09-13T08:48:05Z,24.29,61.12,100,0,27.68,101.47,0.00,405.00,null,null,null
2023-09-13T08:49:05Z,24.30,61.11,99,0,27.87,101.46,0.00,405.00,null,null,null
2023-09-13T08:50:05Z,24.31,61.15,99,0,24.96,101.47,0.00,405.00,1,1,1
2023-09-13T08:51:05Z,24.31,61.07,99,0,24.68,101.47,1.00,408.00,null,null,null
2023-09-13T08:52:05Z,24.31,61.06,99,0,29.77,101.47,1.00,408.00,null,null,null
2023-09-13T08:53:05Z,24.31,61.01,99,0,25.82,101.48,1.00,408.00,null,null,null
2023-09-13T08:54:05Z,24.31,61.06,99,0,30.75,101.48,1.00,408.00,null,null,null
2023-09-13T08:55:05Z,24.31,61.01,100,0,27.42,101.49,1.00,408.00,1,2,2
2023-09-13T08:56:05Z,24.33,60.92,99,0,28.42,101.49,1.00,408.00,null,null,null
2023-09-13T08:57:05Z,24.33,60.97,99,0,27.92,101.50,1.00,408.00,null,null,null
2023-09-13T08:58:05Z,24.33,60.97,99,0,23.90,101.50,1.00,408.00,null,null,null
2023-09-13T08:59:05Z,24.34,60.94,100,0,24.43,101.51,1.00,410.00,null,null,null
2023-09-13T09:00:05Z,24.31,60.90,99,0,23.94,101.51,1.00,408.00,1,1,1
2023-09-13T09:01:05Z,24.36,60.85,99,0,28.42,101.52,1.00,408.00,null,null,null
2023-09-13T09:02:05Z,24.33,60.85,99,0,26.84,101.52,1.00,408.00,null,null,null
2023-09-13T09:03:05Z,24.36,60.89,99,0,22.55,101.52,1.00,408.00,null,null,null
2023-09-13T09:04:05Z,24.34,60.90,100,0,28.51,101.52,1.00,408.00,null,null,null
2023-09-13T09:05:05Z,24.34,60.85,99,0,24.68,101.53,1.00,408.00,2,2,2
2023-09-13T09:06:05Z,24.40,60.82,99,0,26.87,101.53,1.00,408.00,null,null,null
2023-09-13T09:07:05Z,24.39,60.78,99,0,24.46,101.52,1.00,408.00,null,null,null
2023-09-13T09:08:05Z,24.37,60.76,99,0,26.03,101.52,1.00,410.00,null,null,null
2023-09-13T09:09:05Z,24.37,60.79,99,0,31.02,101.53,1.00,408.00,null,null,null
2023-09-13T09:10:05Z,24.34,60.72,100,0,29.79,101.52,1.00,408.00,1,1,1
2023-09-13T09:11:05Z,24.40,60.63,99,0,32.30,101.52,1.00,413.00,null,null,null
2023-09-13T09:12:05Z,24.36,60.70,99,0,29.43,101.52,1.00,413.00,null,null,null
2023-09-13T09:13:05Z,24.39,60.71,99,0,31.16,101.52,1.00,413.00,null,null,null
2023-09-13T09:14:05Z,24.37,60.74,99,0,24.58,101.53,2.00,415.00,null,null,null
2023-09-13T09:15:05Z,24.39,60.73,99,0,33.65,101.53,1.00,413.00,1,1,1
2023-09-13T09:16:05Z,24.40,60.75,99,0,34.27,101.53,1.00,413.00,null,null,null
2023-09-13T09:17:05Z,24.39,60.70,100,0,23.05,101.53,1.00,408.00,null,null,null
2023-09-13T09:18:05Z,24.40,60.68,99,0,32.65,101.52,2.00,415.00,null,null,null
2023-09-13T09:19:05Z,24.41,60.62,99,0,24.35,101.52,1.00,413.00,null,null,null
2023-09-13T09:20:05Z,24.40,60.76,99,0,37.17,101.53,2.00,415.00,1,1,1
2023-09-13T09:21:05Z,24.40,60.61,99,0,23.90,101.53,2.00,415.00,null,null,null
2023-09-13T09:22:05Z,24.43,60.62,99,0,26.26,101.53,2.00,415.00,null,null,null
2023-09-13T09:23:05Z,24.40,60.64,100,0,27.36,101.53,2.00,415.00,null,null,null
2023-09-13T09:24:05Z,24.41,60.66,99,0,29.76,101.53,2.00,415.00,null,null,null
2023-09-13T09:25:05Z,24.41,60.61,100,0,26.97,101.53,1.00,413.00,2,2,2
2023-09-13T09:26:05Z,24.41,60.62,99,0,24.31,101.52,2.00,415.00,null,null,null
2023-09-13T09:27:05Z,24.44,60.56,100,0,23.81,101.52,2.00,415.00,null,null,null
2023-09-13T09:28:05Z,24.41,60.61,99,0,28.19,101.53,2.00,415.00,null,null,null
2023-09-13T09:29:05Z,24.44,60.60,99,0,28.57,101.53,1.00,413.00,null,null,null
2023-09-13T09:30:05Z,24.44,60.66,99,0,26.87,101.53,1.00,413.00,0,1,1
2023-09-13T09:31:05Z,24.43,60.65,99,0,23.98,101.54,2.00,415.00,null,null,null
2023-09-13T09:32:05Z,24.43,60.64,100,0,29.09,101.54,2.00,415.00,null,null,null
2023-09-13T09:33:05Z,24.43,60.58,100,0,26.87,101.54,2.00,415.00,null,null,null
2023-09-13T09:34:05Z,24.47,60.53,99,0,29.68,101.54,2.00,415.00,null,null,null
2023-09-13T09:35:05Z,24.45,60.57,99,0,29.54,101.54,3.00,420.00,0,0,0
2023-09-13T09:36:05Z,24.45,60.58,99,0,29.04,101.54,3.00,420.00,null,null,null
2023-09-13T09:37:05Z,24.45,60.54,100,0,24.03,101.54,3.00,420.00,null,null,null
2023-09-13T09:38:05Z,24.45,60.59,99,0,31.56,101.53,3.00,420.00,null,null,null
2023-09-13T09:39:05Z,24.47,60.54,99,0,37.01,101.54,3.00,420.00,null,null,null
2023-09-13T09:40:05Z,24.44,60.57,100,0,29.08,101.54,3.00,420.00,0,0,0
2023-09-13T09:41:05Z,24.50,60.66,99,0,27.10,101.55,3.00,420.00,null,null,null
2023-09-13T09:42:05Z,24.47,60.58,99,0,22.24,101.54,3.00,420.00,null,null,null
2023-09-13T09:43:05Z,24.47,60.59,99,0,27.53,101.54,3.00,420.00,null,null,null
2023-09-13T09:44:05Z,24.50,60.55,99,0,24.11,101.54,3.00,420.00,null,null,null
2023-09-13T09:45:05Z,24.45,60.57,99,0,25.03,101.55,3.00,420.00,1,1,1
2023-09-13T09:46:05Z,24.48,60.54,99,0,24.50,101.55,3.00,420.00,null,null,null
2023-09-13T09:47:05Z,24.50,60.54,100,0,27.42,101.55,3.00,423.00,null,null,null
2023-09-13T09:48:05Z,24.47,60.53,100,0,25.70,101.55,3.00,420.00,null,null,null
2023-09-13T09:49:05Z,24.45,60.60,100,0,26.62,101.55,3.00,420.00,null,null,null
2023-09-13T09:50:05Z,24.48,60.57,99,0,37.74,101.56,3.00,420.00,3,3,3
2023-09-13T09:51:05Z,24.51,60.55,99,0,23.20,101.56,3.00,420.00,null,null,null
2023-09-13T09:52:05Z,24.51,60.53,99,0,25.26,101.55,3.00,420.00,null,null,null
2023-09-13T09:53:05Z,24.48,60.45,99,0,24.11,101.55,3.00,420.00,null,null,null
2023-09-13T09:54:05Z,24.48,60.42,99,0,25.53,101.55,3.00,420.00,null,null,null
2023-09-13T09:55:05Z,24.47,60.43,99,0,30.44,101.55,3.00,420.00,2,2,2
2023-09-13T09:56:05Z,24.51,60.30,99,0,26.93,101.55,3.00,420.00,null,null,null
2023-09-13T09:57:05Z,24.51,60.33,100,0,35.00,101.55,3.00,420.00,null,null,null
2023-09-13T09:58:05Z,24.50,60.28,99,0,22.37,101.55,3.00,420.00,null,null,null
2023-09-13T09:59:05Z,24.50,60.36,99,0,24.43,101.54,3.00,420.00,null,null,null
2023-09-13T10:00:05Z,24.48,60.53,100,0,27.85,101.54,3.00,420.00,2,2,2
2023-09-13T10:01:05Z,24.48,60.55,100,0,28.11,101.54,3.00,420.00,null,null,null
2023-09-13T10:02:05Z,24.51,60.55,99,0,24.43,101.54,3.00,420.00,null,null,null
2023-09-13T10:03:05Z,24.50,60.51,100,0,24.96,101.54,3.00,420.00,null,null,null
2023-09-13T10:04:05Z,24.53,60.47,100,0,25.03,101.54,3.00,420.00,null,null,null
2023-09-13T10:05:05Z,24.50,60.51,99,0,25.87,101.54,3.00,420.00,0,1,1
2023-09-13T10:06:05Z,24.51,60.57,99,0,22.78,101.54,3.00,420.00,null,null,null
2023-09-13T10:07:05Z,24.50,60.51,99,0,21.64,101.54,3.00,420.00,null,null,null
2023-09-13T10:08:05Z,24.53,60.61,99,0,26.34,101.55,3.00,420.00,null,null,null
2023-09-13T10:09:05Z,24.48,60.65,99,0,23.35,101.55,3.00,420.00,null,null,null
2023-09-13T10:10:05Z,24.51,60.67,100,0,24.15,101.55,3.00,420.00,2,3,3
2023-09-13T10:11:05Z,24.50,60.61,99,0,24.19,101.55,3.00,423.00,null,null,null
2023-09-13T10:12:05Z,24.51,60.60,99,0,28.95,101.55,3.00,420.00,null,null,null
2023-09-13T10:13:05Z,24.54,60.44,99,0,23.86,101.55,3.00,420.00,null,null,null
2023-09-13T10:14:05Z,24.51,60.24,99,0,24.31,101.55,3.00,420.00,null,null,null
2023-09-13T10:15:05Z,24.50,60.44,99,0,24.43,101.55,3.00,423.00,1,1,1
2023-09-13T10:16:05Z,24.53,60.23,99,0,24.96,101.55,3.00,420.00,null,null,null
2023-09-13T10:17:05Z,24.53,60.33,99,0,26.53,101.54,3.00,423.00,null,null,null
2023-09-13T10:18:05Z,24.53,60.20,100,0,27.92,101.55,3.00,420.00,null,null,null
2023-09-13T10:19:05Z,24.54,60.19,99,0,22.43,101.55,2.00,418.00,null,null,null
2023-09-13T10:20:05Z,24.51,60.15,99,0,31.14,101.55,2.00,418.00,3,4,4
2023-09-13T10:21:05Z,24.53,60.21,99,0,25.47,101.55,3.00,423.00,null,null,null
2023-09-13T10:22:05Z,24.54,60.27,99,0,23.63,101.56,2.00,418.00,null,null,null
2023-09-13T10:23:05Z,24.51,60.24,99,0,28.47,101.56,2.00,415.00,null,null,null
2023-09-13T10:24:05Z,24.53,60.20,99,0,28.80,101.56,2.00,418.00,null,null,null
2023-09-13T10:25:05Z,24.53,60.27,99,0,27.38,101.55,3.00,423.00,0,0,0
2023-09-13T10:26:05Z,24.54,60.20,100,0,26.91,101.55,3.00,420.00,null,null,null
2023-09-13T10:27:05Z,24.53,60.11,99,0,24.54,101.55,2.00,418.00,null,null,null
2023-09-13T10:28:05Z,24.54,60.12,99,0,22.24,101.56,3.00,423.00,null,null,null
2023-09-13T10:29:05Z,24.53,60.10,99,0,27.80,101.55,2.00,418.00,null,null,null
2023-09-13T10:30:05Z,24.54,60.20,99,0,30.41,101.55,2.00,418.00,1,1,1
2023-09-13T10:31:05Z,24.53,60.20,99,0,25.98,101.55,2.00,418.00,null,null,null
2023-09-13T10:32:05Z,24.56,60.23,99,0,38.06,101.55,3.00,423.00,null,null,null
2023-09-13T10:33:05Z,24.56,60.23,99,0,28.74,101.55,3.00,423.00,null,null,null
2023-09-13T10:34:05Z,24.54,60.28,99,0,24.65,101.55,3.00,423.00,null,null,null
2023-09-13T10:35:05Z,24.53,60.27,99,0,32.26,101.56,3.00,420.00,3,3,3
2023-09-13T10:36:05Z,24.53,60.31,99,0,27.59,101.55,2.00,415.00,null,null,null
2023-09-13T10:37:05Z,24.57,60.32,100,0,24.31,101.56,3.00,420.00,null,null,null
2023-09-13T10:38:05Z,24.56,60.17,99,0,24.72,101.55,3.00,420.00,null,null,null
2023-09-13T10:39:05Z,24.56,60.31,99,0,25.67,101.55,3.00,423.00,null,null,null
2023-09-13T10:40:05Z,24.54,60.35,99,0,25.09,101.55,3.00,420.00,0,0,0
2023-09-13T10:41:05Z,24.54,60.30,99,0,23.25,101.55,3.00,420.00,null,null,null
2023-09-13T10:42:05Z,24.53,60.26,99,0,23.35,101.55,3.00,420.00,null,null,null
2023-09-13T10:43:05Z,24.54,60.25,99,0,26.84,101.55,3.00,420.00,null,null,null
2023-09-13T10:44:05Z,24.53,60.25,99,0,29.40,101.55,2.00,415.00,null,null,null
2023-09-13T10:45:05Z,24.56,60.27,100,0,26.43,101.55,3.00,420.00,2,2,2
2023-09-13T10:46:05Z,24.57,60.25,100,0,31.62,101.56,3.00,420.00,null,null,null
2023-09-13T10:47:05Z,24.54,60.26,99,0,24.89,101.55,3.00,420.00,null,null,null
2023-09-13T10:48:05Z,24.56,60.25,99,0,24.65,101.56,3.00,420.00,null,null,null
2023-09-13T10:49:05Z,24.54,60.20,99,0,25.00,101.55,3.00,420.00,null,null,null
2023-09-13T10:50:05Z,24.56,60.23,99,0,27.94,101.56,3.00,423.00,3,3,3
2023-09-13T10:51:05Z,24.56,60.12,99,0,27.99,101.56,3.00,423.00,null,null,null
2023-09-13T10:52:05Z,24.56,60.12,99,0,27.99,101.56,3.00,423.00,null,null,null
2023-09-13T10:53:05Z,24.57,60.05,100,0,26.31,101.56,2.00,418.00,null,null,null
2023-09-13T10:54:05Z,24.54,60.01,99,0,28.42,101.56,3.00,423.00,null,null,null
2023-09-13T10:55:05Z,24.54,60.09,99,0,23.40,101.56,3.00,423.00,1,1,1
2023-09-13T10:56:05Z,24.54,60.05,100,0,25.35,101.56,2.00,418.00,null,null,null
2023-09-13T10:57:05Z,24.54,60.13,100,0,23.90,101.56,2.00,418.00,null,null,null
2023-09-13T10:58:05Z,24.56,60.06,99,0,27.68,101.56,2.00,418.00,null,null,null
2023-09-13T10:59:05Z,24.56,60.07,99,0,23.81,101.56,2.00,418.00,null,null,null
2023-09-13T11:00:05Z,24.57,60.04,100,0,31.38,101.57,3.00,423.00,1,1,1
2023-09-13T11:01:05Z,24.56,60.00,100,0,31.38,101.57,2.00,418.00,null,null,null
2023-09-13T11:02:05Z,24.58,60.00,99,0,26.50,101.57,2.00,418.00,null,null,null
2023-09-13T11:03:05Z,24.56,60.00,99,0,25.06,101.56,2.00,418.00,null,null,null
2023-09-13T11:04:05Z,24.57,60.06,99,0,25.67,101.57,3.00,423.00,null,null,null
2023-09-13T11:05:05Z,24.57,60.05,99,0,25.70,101.56,2.00,418.00,2,2,2
2023-09-13T11:06:05Z,24.57,60.08,100,0,29.42,101.56,2.00,418.00,null,null,null
2023-09-13T11:07:05Z,24.58,59.93,100,0,25.70,101.56,2.00,418.00,null,null,null
2023-09-13T11:08:05Z,24.57,59.96,99,0,26.00,101.55,2.00,418.00,null,null,null
2023-09-13T11:09:05Z,24.56,59.98,99,0,26.69,101.55,2.00,416.00,null,null,null
2023-09-13T11:10:05Z,24.54,59.99,99,0,26.91,101.55,2.00,418.00,1,1,1
2023-09-13T11:11:05Z,24.56,59.87,99,0,24.39,101.55,2.00,418.00,null,null,null
2023-09-13T11:12:05Z,24.60,59.70,100,0,25.98,101.56,2.00,418.00,null,null,null
2023-09-13T11:13:05Z,24.58,59.84,99,0,26.53,101.56,3.00,423.00,null,null,null
2023-09-13T11:14:05Z,24.56,59.84,100,0,25.06,101.56,2.00,418.00,null,null,null
2023-09-13T11:15:05Z,24.56,59.80,99,0,21.78,101.56,2.00,416.00,0,0,0
2023-09-13T11:16:05Z,24.57,59.86,99,0,31.60,101.56,2.00,418.00,null,null,null
2023-09-13T11:17:05Z,24.58,59.88,100,0,25.26,101.57,2.00,418.00,null,null,null
2023-09-13T11:18:05Z,24.58,59.83,100,0,29.32,101.57,2.00,418.00,null,null,null
2023-09-13T11:19:05Z,24.57,59.93,100,0,25.13,101.57,2.00,418.00,null,null,null
2023-09-13T11:20:05Z,24.57,59.83,99,0,36.84,101.57,2.00,416.00,2,2,2
2023-09-13T11:21:05Z,24.56,59.90,99,0,27.40,101.57,2.00,416.00,null,null,null
2023-09-13T11:22:05Z,24.58,59.85,99,0,26.43,101.58,2.00,416.00,null,null,null
2023-09-13T11:23:05Z,24.60,59.88,100,0,24.03,101.58,2.00,416.00,null,null,null
2023-09-13T11:24:05Z,24.57,60.06,99,0,31.56,101.58,2.00,416.00,null,null,null
2023-09-13T11:25:05Z,24.58,59.88,99,0,26.08,101.58,2.00,416.00,2,2,2
2023-09-13T11:26:05Z,24.56,59.83,99,0,32.85,101.58,2.00,416.00,null,null,null
2023-09-13T11:27:05Z,24.58,59.84,99,0,28.40,101.59,2.00,416.00,null,null,null
2023-09-13T11:28:05Z,24.58,59.94,99,0,29.04,101.58,2.00,416.00,null,null,null
2023-09-13T11:29:05Z,24.60,59.97,99,0,23.54,101.58,2.00,416.00,null,null,null
2023-09-13T11:30:05Z,24.57,59.87,99,0,25.76,101.58,2.00,416.00,1,2,2
2023-09-13T11:31:05Z,24.58,59.97,99,0,30.26,101.59,2.00,416.00,null,null,null
2023-09-13T11:32:05Z,24.56,59.89,99,0,25.98,101.59,2.00,416.00,null,null,null
2023-09-13T11:33:05Z,24.58,60.02,100,0,27.08,101.59,2.00,416.00,null,null,null
2023-09-13T11:34:05Z,24.60,59.98,99,0,26.64,101.59,2.00,416.00,null,null,null
2023-09-13T11:35:05Z,24.60,59.98,99,0,31.34,101.59,2.00,416.00,1,1,1
2023-09-13T11:36:05Z,24.60,60.00,99,0,23.72,101.59,2.00,418.00,null,null,null
2023-09-13T11:37:05Z,24.58,60.02,99,0,27.18,101.59,2.00,418.00,null,null,null
2023-09-13T11:38:05Z,24.60,60.08,99,0,31.40,101.59,2.00,418.00,null,null,null
2023-09-13T11:39:05Z,24.57,60.12,99,0,27.08,101.60,2.00,418.00,null,null,null
2023-09-13T11:40:05Z,24.58,60.06,99,0,24.39,101.60,2.00,418.00,1,3,3
2023-09-13T11:41:05Z,24.60,60.06,99,0,27.10,101.60,2.00,418.00,null,null,null
2023-09-13T11:42:05Z,24.61,60.21,100,0,22.31,101.60,2.00,418.00,null,null,null
2023-09-13T11:43:05Z,24.60,60.15,99,0,26.06,101.60,2.00,418.00,null,null,null
2023-09-13T11:44:05Z,24.57,60.18,99,0,25.50,101.60,2.00,418.00,null,null,null
2023-09-13T11:45:05Z,24.58,60.22,99,0,26.50,101.60,2.00,418.00,0,0,0
2023-09-13T11:46:05Z,24.58,60.17,99,0,33.21,101.60,2.00,418.00,null,null,null
2023-09-13T11:47:05Z,24.60,60.21,99,0,27.22,101.60,2.00,418.00,null,null,null
2023-09-13T11:48:05Z,24.61,60.25,99,0,26.34,101.60,2.00,418.00,null,null,null
2023-09-13T11:49:05Z,24.60,60.14,100,0,31.34,101.60,3.00,420.00,null,null,null
2023-09-13T11:50:05Z,24.58,60.21,99,0,36.52,101.60,3.00,423.00,0,0,0
2023-09-13T11:51:05Z,24.60,60.08,99,0,26.55,101.60,2.00,418.00,null,null,null
2023-09-13T11:52:05Z,24.60,60.22,100,0,25.53,101.60,3.00,423.00,null,null,null
2023-09-13T11:53:05Z,24.60,60.14,99,0,28.39,101.60,2.00,418.00,null,null,null
2023-09-13T11:54:05Z,24.61,60.16,100,0,37.15,101.60,3.00,423.00,null,null,null
2023-09-13T11:55:05Z,24.60,60.31,99,0,34.99,101.60,3.00,423.00,1,1,1
2023-09-13T11:56:05Z,24.58,60.21,100,0,31.12,101.61,3.00,423.00,null,null,null
2023-09-13T11:57:05Z,24.61,59.91,99,0,27.22,101.61,2.00,418.00,null,null,null
2023-09-13T11:58:05Z,24.60,60.08,99,0,26.26,101.61,2.00,418.00,null,null,null
2023-09-13T11:59:05Z,24.61,60.04,100,0,28.66,101.61,3.00,423.00,null,null,null
2023-09-13T12:00:05Z,24.60,59.90,99,0,22.83,101.61,3.00,423.00,3,3,3
2023-09-13T12:01:05Z,24.60,59.94,99,0,26.11,101.61,2.00,418.00,null,null,null
2023-09-13T12:02:05Z,24.60,59.96,99,0,26.19,101.61,2.00,418.00,null,null,null
2023-09-13T12:03:05Z,24.60,59.99,99,0,26.84,101.61,3.00,423.00,null,null,null
2023-09-13T12:04:05Z,24.58,60.06,99,0,26.08,101.61,2.00,418.00,null,null,null
2023-09-13T12:05:05Z,24.57,59.95,99,0,22.31,101.61,2.00,418.00,2,2,2
2023-09-13T12:06:05Z,24.63,59.89,99,0,26.78,101.61,2.00,418.00,null,null,null
2023-09-13T12:07:05Z,24.58,60.01,99,0,22.61,101.61,2.00,418.00,null,null,null
2023-09-13T12:08:05Z,24.60,59.88,99,0,25.32,101.61,3.00,423.00,null,null,null
2023-09-13T12:09:05Z,24.61,60.05,99,0,23.72,101.60,2.00,418.00,null,null,null
2023-09-13T12:10:05Z,24.58,60.00,99,0,23.77,101.61,2.00,418.00,0,0,0
2023-09-13T12:11:05Z,24.58,59.83,99,0,35.21,101.61,2.00,418.00,null,null,null
2023-09-13T12:12:05Z,24.61,59.87,99,0,27.24,101.60,2.00,418.00,null,null,null
2023-09-13T12:13:05Z,24.60,59.82,99,0,26.34,101.61,2.00,418.00,null,null,null
2023-09-13T12:14:05Z,24.60,59.85,99,0,21.64,101.61,2.00,418.00,null,null,null
2023-09-13T12:15:05Z,24.60,59.98,99,0,22.49,101.61,2.00,418.00,0,1,1
2023-09-13T12:16:05Z,24.60,59.89,99,0,25.13,101.61,2.00,416.00,null,null,null
2023-09-13T12:17:05Z,24.60,60.00,99,0,23.98,101.61,2.00,418.00,null,null,null
2023-09-13T12:18:05Z,24.60,59.98,100,0,23.54,101.62,2.00,418.00,null,null,null
2023-09-13T12:19:05Z,24.60,59.92,99,0,22.94,101.61,2.00,418.00,null,null,null
2023-09-13T12:20:05Z,24.61,60.01,99,0,29.54,101.61,2.00,418.00,1,1,1
2023-09-13T12:21:05Z,24.61,60.02,100,0,23.45,101.61,2.00,418.00,null,null,null
2023-09-13T12:22:05Z,24.63,59.98,99,0,29.99,101.61,2.00,418.00,null,null,null
2023-09-13T12:23:05Z,24.60,59.93,99,0,25.44,101.61,2.00,418.00,null,null,null
2023-09-13T12:24:05Z,24.60,59.97,99,0,29.41,101.61,2.00,418.00,null,null,null
2023-09-13T12:25:05Z,24.60,59.89,99,0,30.69,101.61,2.00,418.00,2,2,2
2023-09-13T12:26:05Z,24.58,60.07,99,0,36.49,101.61,2.00,418.00,null,null,null
2023-09-13T12:27:05Z,24.61,60.10,99,0,26.64,101.61,2.00,418.00,null,null,null
2023-09-13T12:28:05Z,24.61,60.05,99,0,29.83,101.61,2.00,418.00,null,null,null
2023-09-13T12:29:05Z,24.61,60.05,99,0,27.68,101.61,2.00,418.00,null,null,null
2023-09-13T12:30:05Z,24.61,60.04,99,0,30.10,101.60,2.00,416.00,0,2,2
2023-09-13T12:31:05Z,24.61,60.08,100,0,24.07,101.61,2.00,418.00,null,null,null
2023-09-13T12:32:05Z,24.61,60.08,99,0,25.32,101.61,2.00,418.00,null,null,null
2023-09-13T12:33:05Z,24.58,60.18,99,0,34.47,101.61,2.00,418.00,null,null,null
2023-09-13T12:34:05Z,24.58,60.17,100,0,35.73,101.60,2.00,418.00,null,null,null
2023-09-13T12:35:05Z,24.61,60.20,99,0,33.39,101.60,2.00,418.00,0,0,0
2023-09-13T12:36:05Z,24.61,60.08,99,0,25.90,101.60,2.00,418.00,null,null,null
2023-09-13T12:37:05Z,24.61,59.94,99,0,26.73,101.60,3.00,423.00,null,null,null
2023-09-13T12:38:05Z,24.61,60.08,99,0,30.43,101.60,2.00,418.00,null,null,null
2023-09-13T12:39:05Z,24.61,60.06,99,0,27.68,101.60,2.00,418.00,null,null,null
2023-09-13T12:40:05Z,24.58,60.18,99,0,36.51,101.60,2.00,418.00,1,2,2
2023-09-13T12:41:05Z,24.60,60.02,99,0,26.48,101.60,2.00,418.00,null,null,null
2023-09-13T12:42:05Z,24.60,59.95,99,0,24.31,101.60,2.00,418.00,null,null,null
2023-09-13T12:43:05Z,24.61,60.12,99,0,31.97,101.60,2.00,418.00,null,null,null
2023-09-13T12:44:05Z,24.58,60.07,100,0,26.91,101.60,2.00,418.00,null,null,null
2023-09-13T12:45:05Z,24.60,60.22,99,0,28.37,101.60,2.00,418.00,1,1,1
2023-09-13T12:46:05Z,24.63,60.22,99,0,25.19,101.60,2.00,418.00,null,null,null
2023-09-13T12:47:05Z,24.63,60.07,99,0,28.07,101.60,2.00,418.00,null,null,null
2023-09-13T12:48:05Z,24.60,60.28,100,0,26.36,101.60,2.00,418.00,null,null,null
2023-09-13T12:49:05Z,24.61,60.33,99,0,33.00,101.60,3.00,420.00,null,null,null
2023-09-13T12:50:05Z,24.60,60.17,99,0,28.28,101.60,2.00,415.00,0,0,0
2023-09-13T12:51:05Z,24.61,60.23,100,0,31.28,101.60,2.00,418.00,null,null,null
2023-09-13T12:52:05Z,24.60,60.22,99,0,26.00,101.60,3.00,423.00,null,null,null
2023-09-13T12:53:05Z,24.58,60.25,99,0,26.55,101.60,3.00,423.00,null,null,null
2023-09-13T12:54:05Z,24.61,60.12,99,0,31.32,101.60,3.00,420.00,null,null,null
2023-09-13T12:55:05Z,24.60,60.19,99,0,24.27,101.60,3.00,423.00,2,2,2
2023-09-13T12:56:05Z,24.61,60.21,99,0,25.59,101.60,3.00,423.00,null,null,null
2023-09-13T12:57:05Z,24.58,59.88,99,0,30.30,101.60,3.00,423.00,null,null,null
2023-09-13T12:58:05Z,24.63,60.07,99,0,27.64,101.60,2.00,418.00,null,null,null
2023-09-13T12:59:05Z,24.61,60.08,99,0,23.10,101.60,2.00,418.00,null,null,null
2023-09-13T13:00:05Z,24.58,60.21,100,0,23.49,101.60,3.00,423.00,0,0,0
2023-09-13T13:01:05Z,24.58,60.16,99,0,24.46,101.60,3.00,423.00,null,null,null
2023-09-13T13:02:05Z,24.61,60.20,99,0,20.85,101.60,2.00,418.00,null,null,null
2023-09-13T13:03:05Z,24.61,60.11,99,0,26.21,101.59,2.00,418.00,null,null,null
2023-09-13T13:04:05Z,24.60,60.29,99,0,27.53,101.59,2.00,418.00,null,null,null
2023-09-13T13:05:05Z,24.58,60.28,99,0,23.49,101.59,3.00,420.00,2,7,13
2023-09-13T13:06:05Z,24.61,60.26,99,0,24.11,101.59,2.00,415.00,null,null,null
2023-09-13T13:07:05Z,24.63,60.26,99,0,25.70,101.59,2.00,415.00,null,null,null
2023-09-13T13:08:05Z,24.60,60.23,99,0,25.84,101.59,3.00,420.00,null,null,null
2023-09-13T13:09:05Z,24.58,60.17,99,0,22.61,101.59,2.00,418.00,null,null,null
2023-09-13T13:10:05Z,24.61,60.22,99,0,21.71,101.59,2.00,418.00,2,2,2
2023-09-13T13:11:05Z,24.61,60.22,99,0,24.54,101.59,3.00,423.00,null,null,null
2023-09-13T13:12:05Z,24.63,60.13,99,0,25.44,101.59,2.00,418.00,null,null,null
2023-09-13T13:13:05Z,24.61,60.15,100,0,24.76,101.59,2.00,418.00,null,null,null
2023-09-13T13:14:05Z,24.60,60.27,99,0,29.16,101.59,3.00,423.00,null,null,null
2023-09-13T13:15:05Z,24.60,60.32,99,0,32.43,101.59,3.00,420.00,1,1,1
2023-09-13T13:16:05Z,24.60,60.30,99,0,23.40,101.59,3.00,420.00,null,null,null
2023-09-13T13:17:05Z,24.61,60.01,99,0,26.16,101.59,2.00,415.00,null,null,null
2023-09-13T13:18:05Z,24.61,60.10,99,0,23.68,101.59,2.00,418.00,null,null,null
2023-09-13T13:19:05Z,24.60,60.26,99,0,27.66,101.59,2.00,418.00,null,null,null
2023-09-13T13:20:05Z,24.61,60.23,99,0,23.05,101.59,3.00,420.00,0,0,0
2023-09-13T13:21:05Z,24.61,60.22,100,0,32.10,101.60,2.00,418.00,null,null,null
2023-09-13T13:22:05Z,24.61,60.01,99,0,26.89,101.60,2.00,418.00,null,null,null
2023-09-13T13:23:05Z,24.60,60.25,99,0,23.05,101.60,3.00,423.00,null,null,null
2023-09-13T13:24:05Z,24.63,60.23,99,0,31.63,101.59,3.00,420.00,null,null,null
2023-09-13T13:25:05Z,24.61,60.24,99,0,28.45,101.59,3.00,423.00,1,1,1
2023-09-13T13:26:05Z,24.61,60.26,99,0,25.87,101.59,3.00,423.00,null,null,null
2023-09-13T13:27:05Z,24.63,60.31,99,0,32.06,101.59,3.00,420.00,null,null,null
2023-09-13T13:28:05Z,24.63,60.27,99,0,26.60,101.59,3.00,420.00,null,null,null
2023-09-13T13:29:05Z,24.61,60.23,99,0,28.98,101.59,3.00,420.00,null,null,null
2023-09-13T13:30:05Z,24.60,60.17,99,0,31.05,101.59,2.00,418.00,1,1,1
2023-09-13T13:31:05Z,24.63,60.21,99,0,37.75,101.59,3.00,423.00,null,null,null
2023-09-13T13:32:05Z,24.63,60.08,100,0,27.06,101.59,3.00,423.00,null,null,null
2023-09-13T13:33:05Z,24.60,60.11,99,0,31.12,101.59,2.00,418.00,null,null,null
2023-09-13T13:34:05Z,24.63,60.25,100,0,24.68,101.58,3.00,423.00,null,null,null
2023-09-13T13:35:05Z,24.61,60.26,99,0,31.01,101.58,3.00,420.00,0,0,0
2023-09-13T13:36:05Z,24.61,60.30,99,0,24.68,101.58,2.00,415.00,null,null,null
2023-09-13T13:37:05Z,24.61,60.25,99,0,24.23,101.58,3.00,420.00,null,null,null
2023-09-13T13:38:05Z,24.61,60.28,99,0,23.86,101.58,3.00,420.00,null,null,null
2023-09-13T13:39:05Z,24.60,60.31,100,0,23.40,101.58,3.00,420.00,null,null,null
2023-09-13T13:40:05Z,24.60,60.34,99,0,18.77,101.58,3.00,420.00,2,2,2
2023-09-13T13:41:05Z,24.63,60.32,99,0,22.05,101.58,3.00,420.00,null,null,null
2023-09-13T13:42:05Z,24.60,60.21,100,0,28.31,101.58,3.00,420.00,null,null,null
2023-09-13T13:43:05Z,24.58,60.18,99,0,29.23,101.58,3.00,423.00,null,null,null
2023-09-13T13:44:05Z,24.60,60.29,99,0,26.06,101.58,3.00,423.00,null,null,null
2023-09-13T13:45:05Z,24.61,60.21,100,0,24.61,101.58,3.00,420.00,0,0,0
2023-09-13T13:46:05Z,24.60,60.20,99,0,22.66,101.58,3.00,423.00,null,null,null
2023-09-13T13:47:05Z,24.63,60.21,99,0,40.08,101.58,3.00,423.00,null,null,null
2023-09-13T13:48:05Z,24.60,60.29,99,0,25.79,101.59,3.00,423.00,null,null,null
2023-09-13T13:49:05Z,24.60,60.33,99,0,22.49,101.58,2.00,415.00,null,null,null
2023-09-13T13:50:05Z,24.61,60.26,99,0,25.09,101.59,3.00,420.00,0,0,0
2023-09-13T13:51:05Z,24.61,60.23,99,0,29.17,101.59,3.00,420.00,null,null,null
2023-09-13T13:52:05Z,24.60,60.43,100,0,35.65,101.59,3.00,423.00,null,null,null
2023-09-13T13:53:05Z,24.63,60.39,99,0,22.61,101.59,3.00,420.00,null,null,null
2023-09-13T13:54:05Z,24.60,60.37,99,0,30.27,101.59,3.00,420.00,null,null,null
2023-09-13T13:55:05Z,24.61,60.36,99,0,22.43,101.59,3.00,420.00,2,2,2
2023-09-13T13:56:05Z,24.61,60.41,99,0,24.23,101.59,3.00,420.00,null,null,null
2023-09-13T13:57:05Z,24.61,60.36,100,0,22.99,101.59,3.00,420.00,null,null,null
2023-09-13T13:58:05Z,24.63,60.33,99,0,25.92,101.59,3.00,420.00,null,null,null
2023-09-13T13:59:05Z,24.63,60.38,99,0,27.90,101.59,2.00,415.00,null,null,null
2023-09-13T14:00:05Z,24.61,60.34,99,0,24.68,101.59,3.00,423.00,2,2,2
2023-09-13T14:01:05Z,24.63,60.37,99,0,25.65,101.58,3.00,420.00,null,null,null
2023-09-13T14:02:05Z,24.60,60.38,99,0,23.25,101.58,3.00,420.00,null,null,null
2023-09-13T14:03:05Z,24.63,60.37,100,0,23.30,101.58,3.00,420.00,null,null,null
2023-09-13T14:04:05Z,24.60,60.41,99,0,27.28,101.58,3.00,420.00,null,null,null
2023-09-13T14:05:05Z,24.61,60.36,99,0,29.92,101.58,3.00,420.00,0,0,0
2023-09-13T14:06:05Z,24.61,60.31,99,0,27.40,101.58,3.00,420.00,null,null,null
2023-09-13T14:07:05Z,24.61,60.31,99,0,24.72,101.58,3.00,420.00,null,null,null
2023-09-13T14:08:05Z,24.63,60.31,99,0,22.05,101.58,3.00,420.00,null,null,null
2023-09-13T14:09:05Z,24.61,60.33,99,0,26.34,101.58,3.00,420.00,null,null,null
2023-09-13T14:10:05Z,24.60,60.32,99,0,24.35,101.58,2.00,415.00,1,1,1
2023-09-13T14:11:05Z,24.63,60.36,99,0,23.63,101.58,3.00,423.00,null,null,null
2023-09-13T14:12:05Z,24.61,60.30,99,0,24.96,101.57,3.00,420.00,null,null,null
2023-09-13T14:13:05Z,24.60,60.37,99,0,27.62,101.57,3.00,420.00,null,null,null
2023-09-13T14:14:05Z,24.60,60.35,99,0,24.31,101.57,3.00,420.00,null,null,null
2023-09-13T14:15:05Z,24.61,60.37,99,0,30.12,101.57,3.00,420.00,2,2,2
2023-09-13T14:16:05Z,24.61,60.41,99,0,22.99,101.58,3.00,420.00,null,null,null
2023-09-13T14:17:05Z,24.63,60.32,99,0,23.68,101.57,3.00,420.00,null,null,null
2023-09-13T14:18:05Z,24.61,60.44,100,0,28.15,101.57,3.00,420.00,null,null,null
2023-09-13T14:19:05Z,24.61,60.49,99,0,22.83,101.57,3.00,420.00,null,null,null
2023-09-13T14:20:05Z,24.60,60.56,99,0,25.29,101.57,3.00,420.00,0,0,0
2023-09-13T14:21:05Z,24.63,60.52,99,0,26.14,101.56,3.00,420.00,null,null,null
2023-09-13T14:22:05Z,24.63,60.46,99,0,28.81,101.56,3.00,423.00,null,null,null
2023-09-13T14:23:05Z,24.61,60.54,99,0,31.39,101.56,3.00,423.00,null,null,null
2023-09-13T14:24:05Z,24.63,60.52,99,0,26.29,101.56,3.00,423.00,null,null,null
2023-09-13T14:25:05Z,24.60,60.53,99,0,23.77,101.56,3.00,423.00,1,2,2
2023-09-13T14:26:05Z,24.60,60.49,99,0,22.49,101.56,3.00,423.00,null,null,null
2023-09-13T14:27:05Z,24.61,60.50,100,0,25.98,101.56,3.00,423.00,null,null,null
2023-09-13T14:28:05Z,24.60,60.54,100,0,28.74,101.55,3.00,423.00,null,null,null
2023-09-13T14:29:05Z,24.61,60.60,99,0,36.11,101.56,4.00,427.00,null,null,null
2023-09-13T14:30:05Z,24.60,60.55,99,0,31.19,101.55,3.00,420.00,0,0,0
2023-09-13T14:31:05Z,24.61,60.57,99,0,30.78,101.56,3.00,423.00,null,null,null
2023-09-13T14:32:05Z,24.64,60.48,99,0,23.68,101.56,4.00,427.00,null,null,null
2023-09-13T14:33:05Z,24.60,60.53,99,0,27.18,101.56,3.00,423.00,null,null,null
2023-09-13T14:34:05Z,24.60,60.54,100,0,42.28,101.56,4.00,427.00,null,null,null
2023-09-13T14:35:05Z,24.60,60.55,100,0,24.23,101.56,3.00,423.00,0,0,0
2023-09-13T14:36:05Z,24.60,60.57,99,0,33.23,101.56,4.00,427.00,null,null,null
2023-09-13T14:37:05Z,24.61,60.51,99,0,32.24,101.56,4.00,427.00,null,null,null
2023-09-13T14:38:05Z,24.60,60.60,99,0,24.61,101.56,4.00,427.00,null,null,null
2023-09-13T14:39:05Z,24.61,60.58,99,0,25.73,101.56,4.00,427.00,null,null,null
2023-09-13T14:40:05Z,24.58,60.59,99,0,23.81,101.56,4.00,427.00,0,0,0
2023-09-13T14:41:05Z,24.61,60.58,99,0,30.87,101.56,4.00,427.00,null,null,null
2023-09-13T14:42:05Z,24.63,60.59,99,0,29.46,101.56,4.00,427.00,null,null,null
2023-09-13T14:43:05Z,24.61,60.56,99,0,28.17,101.55,4.00,427.00,null,null,null
2023-09-13T14:44:05Z,24.61,60.61,99,0,31.93,101.55,4.00,427.00,null,null,null
2023-09-13T14:45:05Z,24.58,60.61,99,0,25.79,101.55,4.00,427.00,1,1,1
2023-09-13T14:46:05Z,24.60,60.59,99,0,28.42,101.55,4.00,427.00,null,null,null
2023-09-13T14:47:05Z,24.61,60.58,100,0,33.57,101.55,4.00,427.00,null,null,null
2023-09-13T14:48:05Z,24.63,60.60,99,0,32.26,101.55,5.00,434.00,null,null,null
2023-09-13T14:49:05Z,24.61,60.60,99,0,27.32,101.55,4.00,427.00,null,null,null
2023-09-13T14:50:05Z,24.60,60.68,100,0,27.04,101.55,5.00,434.00,0,0,0
2023-09-13T14:51:05Z,24.60,60.66,99,0,30.01,101.55,5.00,434.00,null,null,null
2023-09-13T14:52:05Z,24.61,60.71,99,0,25.76,101.54,5.00,434.00,null,null,null
2023-09-13T14:53:05Z,24.60,60.62,99,0,30.21,101.54,4.00,427.00,null,null,null
2023-09-13T14:54:05Z,24.60,60.63,99,0,28.27,101.55,5.00,434.00,null,null,null
2023-09-13T14:55:05Z,24.60,60.63,99,0,26.34,101.54,5.00,434.00,2,2,2
2023-09-13T14:56:05Z,24.61,60.63,99,0,29.17,101.54,5.00,434.00,null,null,null
2023-09-13T14:57:05Z,24.60,60.66,100,0,31.89,101.54,5.00,434.00,null,null,null
2023-09-13T14:58:05Z,24.61,60.65,99,0,25.09,101.54,5.00,434.00,null,null,null
2023-09-13T14:59:05Z,24.60,60.62,99,0,27.08,101.54,5.00,434.00,null,null,null
2023-09-13T15:00:05Z,24.57,60.64,99,0,30.20,101.54,5.00,434.00,1,1,1
2023-09-13T15:01:05Z,24.61,60.61,99,0,24.39,101.54,5.00,434.00,null,null,null
2023-09-13T15:02:05Z,24.61,60.57,99,0,26.06,101.54,5.00,434.00,null,null,null
2023-09-13T15:03:05Z,24.61,60.56,99,0,30.56,101.53,5.00,434.00,null,null,null
2023-09-13T15:04:05Z,24.60,60.62,99,0,26.46,101.54,5.00,434.00,null,null,null
2023-09-13T15:05:05Z,24.60,60.59,99,0,25.41,101.54,5.00,434.00,1,1,1
2023-09-13T15:06:05Z,24.60,60.59,99,0,23.98,101.53,5.00,434.00,null,null,null
2023-09-13T15:07:05Z,24.61,60.65,100,0,23.54,101.53,5.00,434.00,null,null,null
2023-09-13T15:08:05Z,24.60,60.60,99,0,28.88,101.53,5.00,434.00,null,null,null
2023-09-13T15:09:05Z,24.61,60.63,99,0,28.80,101.54,5.00,434.00,null,null,null
2023-09-13T15:10:05Z,24.60,60.58,99,0,26.21,101.53,4.00,427.00,0,0,0
2023-09-13T15:11:05Z,24.61,60.56,99,0,29.61,101.53,5.00,434.00,null,null,null
2023-09-13T15:12:05Z,24.63,60.54,99,0,35.88,101.53,5.00,434.00,null,null,null
2023-09-13T15:13:05Z,24.60,60.59,99,0,24.96,101.53,5.00,434.00,null,null,null
2023-09-13T15:14:05Z,24.58,60.55,99,0,32.03,101.53,5.00,434.00,null,null,null
2023-09-13T15:15:05Z,24.60,60.59,99,0,28.84,101.53,5.00,434.00,2,2,2
2023-09-13T15:16:05Z,24.58,60.59,100,0,34.52,101.53,5.00,434.00,null,null,null
2023-09-13T15:17:05Z,24.60,60.53,99,0,23.81,101.53,5.00,434.00,null,null,null
2023-09-13T15:18:05Z,24.61,60.58,99,0,23.05,101.53,5.00,434.00,null,null,null
2023-09-13T15:19:05Z,24.61,60.58,99,0,27.78,101.53,5.00,434.00,null,null,null
2023-09-13T15:20:05Z,24.60,60.53,99,0,30.14,101.53,5.00,434.00,1,1,1
2023-09-13T15:21:05Z,24.64,60.51,99,0,28.17,101.54,5.00,434.00,null,null,null
2023-09-13T15:22:05Z,24.60,60.55,99,0,25.47,101.54,5.00,434.00,null,null,null
2023-09-13T15:23:05Z,24.60,60.54,100,0,25.00,101.54,5.00,434.00,null,null,null
2023-09-13T15:24:05Z,24.64,60.57,99,0,25.00,101.54,5.00,434.00,null,null,null
2023-09-13T15:25:05Z,24.60,60.61,99,0,27.49,101.55,5.00,434.00,0,0,0
2023-09-13T15:26:05Z,24.61,60.56,99,0,29.88,101.54,5.00,434.00,null,null,null
2023-09-13T15:27:05Z,24.63,60.57,99,0,28.58,101.54,5.00,434.00,null,null,null
2023-09-13T15:28:05Z,24.61,60.59,99,0,26.55,101.54,5.00,434.00,null,null,null
2023-09-13T15:29:05Z,24.63,60.60,100,0,29.33,101.54,5.00,434.00,null,null,null
2023-09-13T15:30:05Z,24.61,60.58,99,0,31.76,101.54,5.00,434.00,1,1,1
2023-09-13T15:31:05Z,24.61,60.61,99,0,27.44,101.54,5.00,434.00,null,null,null
2023-09-13T15:32:05Z,24.61,60.53,99,0,25.19,101.54,5.00,434.00,null,null,null
2023-09-13T15:33:05Z,24.61,60.56,99,0,25.41,101.54,5.00,434.00,null,null,null
2023-09-13T15:34:05Z,24.61,60.63,99,0,29.23,101.54,5.00,434.00,null,null,null
2023-09-13T15:35:05Z,24.60,60.59,100,0,26.29,101.54,5.00,434.00,1,1,1
2023-09-13T15:36:05Z,24.60,60.61,99,0,25.98,101.54,5.00,434.00,null,null,null
2023-09-13T15:37:05Z,24.60,60.56,99,0,33.24,101.54,5.00,434.00,null,null,null
2023-09-13T15:38:05Z,24.60,60.59,99,0,23.63,101.54,5.00,438.00,null,null,null
2023-09-13T15:39:05Z,24.60,60.64,100,0,26.50,101.54,5.00,434.00,null,null,null
2023-09-13T15:40:05Z,24.61,60.57,99,0,28.81,101.54,5.00,438.00,2,2,2
2023-09-13T15:41:05Z,24.60,60.58,99,0,26.64,101.54,5.00,438.00,null,null,null
2023-09-13T15:42:05Z,24.61,60.55,99,0,27.12,101.54,5.00,438.00,null,null,null
2023-09-13T15:43:05Z,24.61,60.57,99,0,28.70,101.53,5.00,438.00,null,null,null
2023-09-13T15:44:05Z,24.60,60.60,99,0,23.49,101.53,5.00,438.00,null,null,null
2023-09-13T15:45:05Z,24.60,60.56,99,0,20.29,101.53,5.00,434.00,0,0,0
2023-09-13T15:46:05Z,24.58,60.61,99,0,26.41,101.53,5.00,438.00,null,null,null
2023-09-13T15:47:05Z,24.61,60.54,99,0,26.60,101.53,5.00,438.00,null,null,null
2023-09-13T15:48:05Z,24.60,60.57,99,0,25.50,101.52,5.00,438.00,null,null,null
2023-09-13T15:49:05Z,24.61,60.54,99,0,31.71,101.52,5.00,434.00,null,null,null
2023-09-13T15:50:05Z,24.58,60.49,99,0,30.94,101.52,5.00,438.00,0,0,0
2023-09-13T15:51:05Z,24.63,60.54,99,0,27.12,101.52,5.00,438.00,null,null,null
2023-09-13T15:52:05Z,24.61,60.51,99,0,27.04,101.52,5.00,438.00,null,null,null
2023-09-13T15:53:05Z,24.61,60.54,99,0,25.56,101.52,5.00,438.00,null,null,null
2023-09-13T15:54:05Z,24.63,60.47,99,0,27.71,101.52,6.00,441.00,null,null,null
2023-09-13T15:55:05Z,24.61,60.43,99,0,25.35,101.52,5.00,438.00,0,4,4
2023-09-13T15:56:05Z,24.60,60.38,99,0,25.98,101.52,5.00,438.00,null,null,null
2023-09-13T15:57:05Z,24.61,60.40,99,0,24.31,101.52,5.00,438.00,null,null,null
2023-09-13T15:58:05Z,24.63,60.33,99,0,35.69,101.52,5.00,438.00,null,null,null
2023-09-13T15:59:05Z,24.60,60.35,99,0,25.03,101.53,6.00,441.00,null,null,null
2023-09-13T16:00:05Z,24.61,60.37,99,0,29.63,101.53,5.00,438.00,1,1,1
2023-09-13T16:01:05Z,24.64,60.35,99,0,26.43,101.53,5.00,438.00,null,null,null
2023-09-13T16:02:05Z,24.61,60.22,99,0,27.80,101.53,6.00,441.00,null,null,null
2023-09-13T16:03:05Z,24.63,60.30,99,0,27.53,101.52,6.00,442.00,null,null,null
2023-09-13T16:04:05Z,24.58,60.24,99,0,22.61,101.53,5.00,438.00,null,null,null
2023-09-13T16:05:05Z,24.60,60.33,99,0,27.77,101.53,6.00,442.00,0,0,0
2023-09-13T16:06:05Z,24.61,60.37,99,0,23.45,101.53,5.00,438.00,null,null,null
2023-09-13T16:07:05Z,24.61,60.26,99,0,24.11,101.52,6.00,441.00,null,null,null
2023-09-13T16:08:05Z,24.61,60.36,99,0,27.30,101.53,5.00,438.00,null,null,null
2023-09-13T16:09:05Z,24.61,60.18,99,0,25.47,101.53,5.00,438.00,null,null,null
2023-09-13T16:10:05Z,24.61,60.28,99,0,24.58,101.53,6.00,442.00,1,1,1
2023-09-13T16:11:05Z,24.60,60.18,99,0,25.90,101.53,5.00,438.00,null,null,null
2023-09-13T16:12:05Z,24.63,60.20,99,0,23.94,101.52,6.00,442.00,null,null,null
2023-09-13T16:13:05Z,24.63,60.23,99,0,27.53,101.53,6.00,442.00,null,null,null
2023-09-13T16:14:05Z,24.61,60.19,100,0,26.53,101.53,6.00,442.00,null,null,null
2023-09-13T16:15:05Z,24.60,60.17,99,0,34.71,101.53,6.00,442.00,3,3,3
2023-09-13T16:16:05Z,24.60,60.23,99,0,35.39,101.53,5.00,438.00,null,null,null
2023-09-13T16:17:05Z,24.61,60.16,99,0,20.85,101.53,6.00,442.00,null,null,null
2023-09-13T16:18:05Z,24.61,60.13,99,0,26.95,101.53,6.00,442.00,null,null,null
2023-09-13T16:19:05Z,24.61,60.13,99,0,28.06,101.53,6.00,442.00,null,null,null
2023-09-13T16:20:05Z,24.58,60.12,99,0,25.00,101.53,6.00,442.00,1,1,1
2023-09-13T16:21:05Z,24.60,60.13,99,0,36.04,101.53,5.00,438.00,null,null,null
2023-09-13T16:22:05Z,24.60,60.10,99,0,30.63,101.53,6.00,442.00,null,null,null
2023-09-13T16:23:05Z,24.58,60.07,100,0,25.19,101.53,6.00,442.00,null,null,null
2023-09-13T16:24:05Z,24.61,60.07,99,0,27.60,101.53,6.00,442.00,null,null,null
2023-09-13T16:25:05Z,24.60,60.10,99,0,32.12,101.53,6.00,442.00,1,1,1
2023-09-13T16:26:05Z,24.58,60.19,99,0,24.83,101.53,5.00,438.00,null,null,null
2023-09-13T16:27:05Z,24.60,60.07,99,0,22.49,101.53,6.00,442.00,null,null,null
2023-09-13T16:28:05Z,24.58,60.08,99,0,29.76,101.53,6.00,442.00,null,null,null
2023-09-13T16:29:05Z,24.60,60.12,100,0,22.37,101.54,6.00,442.00,null,null,null
2023-09-13T16:30:05Z,24.60,60.13,99,0,27.53,101.54,5.00,438.00,0,0,0
2023-09-13T16:31:05Z,24.61,60.07,99,0,27.84,101.54,5.00,438.00,null,null,null
2023-09-13T16:32:05Z,24.60,60.05,99,0,25.73,101.54,6.00,442.00,null,null,null
2023-09-13T16:33:05Z,24.60,59.98,99,0,23.94,101.54,6.00,442.00,null,null,null
2023-09-13T16:34:05Z,24.60,60.03,99,0,22.18,101.54,6.00,442.00,null,null,null
2023-09-13T16:35:05Z,24.58,60.00,99,0,27.55,101.53,6.00,442.00,3,3,3
2023-09-13T16:36:05Z,24.58,59.98,99,0,30.99,101.53,5.00,438.00,null,null,null
2023-09-13T16:37:05Z,24.58,60.04,99,0,28.47,101.53,6.00,442.00,null,null,null
2023-09-13T16:38:05Z,24.58,60.02,99,0,19.98,101.53,6.00,442.00,null,null,null
2023-09-13T16:39:05Z,24.58,60.04,99,0,30.98,101.53,6.00,442.00,null,null,null
2023-09-13T16:40:05Z,24.57,60.04,100,0,27.89,101.53,6.00,442.00,0,0,0
2023-09-13T16:41:05Z,24.61,60.06,99,0,30.85,101.53,5.00,438.00,null,null,null
2023-09-13T16:42:05Z,24.58,59.99,99,0,31.62,101.53,6.00,442.00,null,null,null
2023-09-13T16:43:05Z,24.57,60.03,100,0,23.40,101.53,6.00,442.00,null,null,null
2023-09-13T16:44:05Z,24.58,60.02,100,0,26.00,101.54,5.00,438.00,null,null,null
2023-09-13T16:45:05Z,24.58,60.05,99,0,29.43,101.54,5.00,438.00,2,2,2
2023-09-13T16:46:05Z,24.57,60.03,99,0,29.57,101.53,5.00,438.00,null,null,null
2023-09-13T16:47:05Z,24.57,59.98,99,0,27.12,101.54,6.00,442.00,null,null,null
2023-09-13T16:48:05Z,24.57,60.02,99,0,23.94,101.54,6.00,442.00,null,null,null
2023-09-13T16:49:05Z,24.58,60.00,100,0,25.03,101.54,6.00,442.00,null,null,null
2023-09-13T16:50:05Z,24.58,60.06,99,0,29.04,101.54,6.00,442.00,1,1,1
2023-09-13T16:51:05Z,24.58,60.06,99,0,33.12,101.54,5.00,438.00,null,null,null
2023-09-13T16:52:05Z,24.57,60.13,99,0,27.34,101.54,6.00,442.00,null,null,null
2023-09-13T16:53:05Z,24.57,59.99,99,0,26.24,101.54,5.00,438.00,null,null,null
2023-09-13T16:54:05Z,24.56,60.04,99,0,24.15,101.54,5.00,438.00,null,null,null
2023-09-13T16:55:05Z,24.56,60.06,99,0,30.34,101.54,6.00,442.00,0,0,0
2023-09-13T16:56:05Z,24.57,60.06,100,0,23.40,101.53,5.00,433.00,null,null,null
2023-09-13T16:57:05Z,24.58,59.99,100,0,29.89,101.54,5.00,438.00,null,null,null
2023-09-13T16:58:05Z,24.57,60.02,99,0,26.64,101.54,6.00,442.00,null,null,null
2023-09-13T16:59:05Z,24.56,60.04,99,0,33.45,101.54,5.00,438.00,null,null,null
2023-09-13T17:00:05Z,24.56,60.01,99,0,25.38,101.54,6.00,442.00,2,3,3
2023-09-13T17:01:05Z,24.56,60.06,100,0,27.59,101.54,5.00,438.00,null,null,null
2023-09-13T17:02:05Z,24.56,60.06,99,0,32.36,101.54,6.00,442.00,null,null,null
2023-09-13T17:03:05Z,24.57,59.95,99,0,23.86,101.54,6.00,442.00,null,null,null
2023-09-13T17:04:05Z,24.54,59.98,99,0,24.27,101.54,6.00,442.00,null,null,null
2023-09-13T17:05:05Z,24.53,59.99,99,0,27.85,101.54,6.00,442.00,1,1,1
2023-09-13T17:06:05Z,24.54,60.01,100,0,25.79,101.54,5.00,438.00,null,null,null
2023-09-13T17:07:05Z,24.54,59.94,99,0,31.67,101.54,5.00,438.00,null,null,null
2023-09-13T17:08:05Z,24.56,59.96,99,0,30.24,101.54,6.00,442.00,null,null,null
2023-09-13T17:09:05Z,24.57,60.00,99,0,25.56,101.54,6.00,442.00,null,null,null
2023-09-13T17:10:05Z,24.54,60.01,99,0,32.62,101.55,6.00,442.00,1,1,4
2023-09-13T17:11:05Z,24.54,60.06,99,0,28.92,101.54,5.00,438.00,null,null,null
2023-09-13T17:12:05Z,24.53,60.04,100,0,27.40,101.54,6.00,442.00,null,null,null
2023-09-13T17:13:05Z,24.54,59.96,99,0,26.82,101.54,6.00,442.00,null,null,null
2023-09-13T17:14:05Z,24.54,60.01,99,0,26.41,101.54,6.00,442.00,null,null,null
2023-09-13T17:15:05Z,24.54,60.03,99,0,28.14,101.54,6.00,442.00,2,2,2
2023-09-13T17:16:05Z,24.53,59.95,99,0,32.81,101.54,5.00,438.00,null,null,null
2023-09-13T17:17:05Z,24.54,59.95,99,0,24.31,101.54,6.00,442.00,null,null,null
2023-09-13T17:18:05Z,24.54,60.01,99,0,25.26,101.54,6.00,442.00,null,null,null
2023-09-13T17:19:05Z,24.54,59.99,99,0,27.20,101.55,6.00,442.00,null,null,null
2023-09-13T17:20:05Z,24.51,60.10,99,0,44.81,101.54,6.00,442.00,0,0,0
2023-09-13T17:21:05Z,24.54,59.99,99,0,26.36,101.54,5.00,438.00,null,null,null
2023-09-13T17:22:05Z,24.54,60.05,99,0,24.11,101.55,6.00,442.00,null,null,null
2023-09-13T17:23:05Z,24.53,60.04,99,0,22.55,101.54,6.00,442.00,null,null,null
2023-09-13T17:24:05Z,24.53,60.05,99,0,26.36,101.55,5.00,438.00,null,null,null
2023-09-13T17:25:05Z,24.51,60.05,100,0,23.63,101.54,6.00,442.00,0,0,0
2023-09-13T17:26:05Z,24.53,59.96,99,0,24.68,101.54,5.00,438.00,null,null,null
2023-09-13T17:27:05Z,24.53,60.04,100,0,23.30,101.54,6.00,442.00,null,null,null
2023-09-13T17:28:05Z,24.51,60.01,99,0,29.55,101.55,6.00,442.00,null,null,null
2023-09-13T17:29:05Z,24.53,60.05,100,0,33.11,101.54,6.00,442.00,null,null,null
2023-09-13T17:30:05Z,24.51,60.02,99,0,31.71,101.54,6.00,442.00,4,4,4
2023-09-13T17:31:05Z,24.53,60.12,100,0,26.21,101.54,5.00,438.00,null,null,null
2023-09-13T17:32:05Z,24.56,60.04,99,0,22.99,101.55,6.00,444.00,null,null,null
2023-09-13T17:33:05Z,24.53,59.99,99,0,27.20,101.54,6.00,442.00,null,null,null
2023-09-13T17:34:05Z,24.53,60.05,99,0,24.35,101.55,6.00,442.00,null,null,null
2023-09-13T17:35:05Z,24.50,60.07,99,0,26.87,101.54,6.00,442.00,1,1,1
2023-09-13T17:36:05Z,24.51,60.07,99,0,24.07,101.54,5.00,438.00,null,null,null
2023-09-13T17:37:05Z,24.54,60.01,100,0,25.16,101.54,6.00,442.00,null,null,null
2023-09-13T17:38:05Z,24.51,60.02,99,0,23.59,101.55,6.00,444.00,null,null,null
2023-09-13T17:39:05Z,24.50,60.06,99,0,26.78,101.55,6.00,442.00,null,null,null
2023-09-13T17:40:05Z,24.51,60.08,100,0,27.71,101.55,6.00,442.00,1,1,1
2023-09-13T17:41:05Z,24.51,60.05,99,0,29.62,101.55,5.00,438.00,null,null,null
2023-09-13T17:42:05Z,24.50,60.02,100,0,28.12,101.55,6.00,444.00,null,null,null
2023-09-13T17:43:05Z,24.51,60.07,100,0,26.97,101.55,6.00,444.00,null,null,null
2023-09-13T17:44:05Z,24.51,60.07,99,0,30.15,101.55,6.00,444.00,null,null,null
2023-09-13T17:45:05Z,24.51,60.09,99,0,32.08,101.55,6.00,444.00,0,0,0
2023-09-13T17:46:05Z,24.51,60.15,99,0,23.59,101.56,5.00,438.00,null,null,null
2023-09-13T17:47:05Z,24.51,60.07,100,0,22.31,101.55,6.00,444.00,null,null,null
2023-09-13T17:48:05Z,24.53,60.08,99,0,28.93,101.56,6.00,444.00,null,null,null
2023-09-13T17:49:05Z,24.51,60.17,99,0,29.00,101.56,6.00,444.00,null,null,null
2023-09-13T17:50:05Z,24.50,60.13,99,0,28.66,101.55,6.00,444.00,0,0,0
2023-09-13T17:51:05Z,24.50,60.08,100,0,28.11,101.55,6.00,442.00,null,null,null
2023-09-13T17:52:05Z,24.51,60.10,99,0,30.99,101.55,7.00,448.00,null,null,null
2023-09-13T17:53:05Z,24.48,60.13,99,0,24.11,101.55,6.00,444.00,null,null,null
2023-09-13T17:54:05Z,24.50,60.08,99,0,27.04,101.55,6.00,444.00,null,null,null
2023-09-13T17:55:05Z,24.51,60.09,99,0,39.60,101.55,6.00,444.00,1,5,5
2023-09-13T17:56:05Z,24.51,60.13,99,0,23.86,101.55,6.00,442.00,null,null,null
2023-09-13T17:57:05Z,24.50,60.06,99,0,25.79,101.55,6.00,444.00,null,null,null
2023-09-13T17:58:05Z,24.50,60.07,100,0,27.18,101.55,7.00,448.00,null,null,null
2023-09-13T17:59:05Z,24.50,60.08,99,0,20.09,101.55,6.00,444.00,null,null,null
2023-09-13T18:00:05Z,24.50,60.10,99,0,22.61,101.55,6.00,444.00,1,2,2
2023-09-13T18:01:05Z,24.50,60.13,99,0,27.36,101.55,6.00,442.00,null,null,null
2023-09-13T18:02:05Z,24.48,60.18,99,0,21.64,101.55,7.00,448.00,null,null,null
2023-09-13T18:03:05Z,24.50,60.16,99,0,25.70,101.55,7.00,448.00,null,null,null
2023-09-13T18:04:05Z,24.48,60.12,99,0,25.95,101.55,6.00,444.00,null,null,null
2023-09-13T18:05:05Z,24.48,60.08,99,0,22.66,101.55,7.00,448.00,0,0,0
2023-09-13T18:06:05Z,24.48,60.18,99,0,25.56,101.55,6.00,444.00,null,null,null
2023-09-13T18:07:05Z,24.48,60.09,99,0,22.94,101.56,7.00,448.00,null,null,null
2023-09-13T18:08:05Z,24.47,60.13,99,0,24.86,101.56,7.00,448.00,null,null,null
2023-09-13T18:09:05Z,24.50,60.13,99,0,27.06,101.56,7.00,448.00,null,null,null
2023-09-13T18:10:05Z,24.48,60.13,100,0,22.12,101.55,7.00,448.00,3,3,3
2023-09-13T18:11:05Z,24.48,60.10,99,0,29.54,101.56,6.00,444.00,null,null,null
2023-09-13T18:12:05Z,24.48,60.09,99,0,27.34,101.55,7.00,448.00,null,null,null
2023-09-13T18:13:05Z,24.48,60.12,99,0,24.83,101.55,7.00,448.00,null,null,null
2023-09-13T18:14:05Z,24.47,60.08,99,0,24.15,101.56,8.00,454.00,null,null,null
2023-09-13T18:15:05Z,24.45,60.22,99,0,26.06,101.55,6.00,444.00,0,1,1
2023-09-13T18:16:05Z,24.48,60.10,99,0,23.72,101.55,7.00,448.00,null,null,null
2023-09-13T18:17:05Z,24.48,60.16,99,0,26.64,101.55,8.00,454.00,null,null,null
2023-09-13T18:18:05Z,24.47,60.09,99,0,28.07,101.56,7.00,448.00,null,null,null
2023-09-13T18:19:05Z,24.47,60.14,99,0,24.50,101.56,8.00,454.00,null,null,null
2023-09-13T18:20:05Z,24.48,60.18,99,0,27.40,101.56,8.00,454.00,2,2,2
2023-09-13T18:21:05Z,24.45,60.11,99,0,26.84,101.56,7.00,448.00,null,null,null
2023-09-13T18:22:05Z,24.47,60.12,99,0,22.72,101.56,7.00,448.00,null,null,null
2023-09-13T18:23:05Z,24.47,60.13,100,0,27.22,101.56,8.00,454.00,null,null,null
2023-09-13T18:24:05Z,24.45,60.19,99,0,25.06,101.56,8.00,454.00,null,null,null
2023-09-13T18:25:05Z,24.47,60.09,100,0,23.40,101.56,8.00,454.00,2,2,2
2023-09-13T18:26:05Z,24.45,60.15,99,0,23.10,101.56,7.00,448.00,null,null,null
2023-09-13T18:27:05Z,24.45,60.15,99,0,28.31,101.56,8.00,454.00,null,null,null
2023-09-13T18:28:05Z,24.45,60.19,99,0,22.99,101.56,8.00,454.00,null,null,null
2023-09-13T18:29:05Z,24.47,60.15,99,0,21.18,101.56,8.00,454.00,null,null,null
2023-09-13T18:30:05Z,24.44,60.11,99,0,22.78,101.56,8.00,454.00,1,2,2
2023-09-13T18:31:05Z,24.47,60.15,99,0,26.34,101.56,7.00,448.00,null,null,null
2023-09-13T18:32:05Z,24.45,60.14,99,0,29.47,101.56,8.00,454.00,null,null,null
2023-09-13T18:33:05Z,24.44,60.17,99,0,24.93,101.56,8.00,457.00,null,null,null
2023-09-13T18:34:05Z,24.44,60.20,99,0,22.43,101.56,8.00,457.00,null,null,null
2023-09-13T18:35:05Z,24.44,60.16,99,0,29.67,101.56,8.00,454.00,3,4,4
2023-09-13T18:36:05Z,24.45,60.19,99,0,30.41,101.56,8.00,454.00,null,null,null
2023-09-13T18:37:05Z,24.45,60.19,99,0,28.63,101.56,8.00,457.00,null,null,null
2023-09-13T18:38:05Z,24.44,60.11,99,0,26.53,101.56,8.00,457.00,null,null,null
2023-09-13T18:39:05Z,24.45,60.19,99,0,27.59,101.57,8.00,454.00,null,null,null
2023-09-13T18:40:05Z,24.43,60.18,99,0,22.18,101.57,8.00,457.00,3,3,3
2023-09-13T18:41:05Z,24.41,60.21,99,0,24.35,101.57,8.00,454.00,null,null,null
2023-09-13T18:42:05Z,24.47,60.12,99,0,22.72,101.57,8.00,457.00,null,null,null
2023-09-13T18:43:05Z,24.45,60.17,99,0,23.20,101.57,8.00,457.00,null,null,null
2023-09-13T18:44:05Z,24.44,60.16,99,0,24.54,101.58,8.00,457.00,null,null,null
2023-09-13T18:45:05Z,24.44,60.16,99,0,26.08,101.57,8.00,457.00,0,0,0
2023-09-13T18:46:05Z,24.44,60.16,99,0,26.41,101.58,8.00,454.00,null,null,null
2023-09-13T18:47:05Z,24.43,60.21,99,0,30.28,101.57,8.00,457.00,null,null,null
2023-09-13T18:48:05Z,24.43,60.17,99,0,21.64,101.58,8.00,457.00,null,null,null
2023-09-13T18:49:05Z,24.44,60.21,99,0,23.20,101.58,8.00,457.00,null,null,null
2023-09-13T18:50:05Z,24.43,60.16,100,0,32.15,101.58,8.00,457.00,1,1,1
2023-09-13T18:51:05Z,24.43,60.25,99,0,30.37,101.58,8.00,457.00,null,null,null
2023-09-13T18:52:05Z,24.44,60.19,99,0,23.40,101.58,8.00,454.00,null,null,null
2023-09-13T18:53:05Z,24.43,60.16,100,0,26.41,101.58,9.00,461.00,null,null,null
2023-09-13T18:54:05Z,24.43,60.18,99,0,27.24,101.58,9.00,461.00,null,null,null
2023-09-13T18:55:05Z,24.43,60.20,99,0,24.79,101.58,9.00,461.00,2,2,2
2023-09-13T18:56:05Z,24.43,60.17,99,0,29.28,101.58,8.00,454.00,null,null,null
2023-09-13T18:57:05Z,24.43,60.21,99,0,27.16,101.58,9.00,461.00,null,null,null
2023-09-13T18:58:05Z,24.41,60.19,100,0,23.30,101.58,9.00,461.00,null,null,null
2023-09-13T18:59:05Z,24.43,60.17,99,0,25.56,101.58,9.00,461.00,null,null,null
2023-09-13T19:00:05Z,24.43,60.22,100,0,29.03,101.58,9.00,461.00,1,1,1
2023-09-13T19:01:05Z,24.44,60.23,99,0,25.59,101.58,8.00,457.00,null,null,null
2023-09-13T19:02:05Z,24.44,60.21,99,0,22.83,101.58,9.00,461.00,null,null,null
2023-09-13T19:03:05Z,24.43,60.16,100,0,27.24,101.58,9.00,461.00,null,null,null
2023-09-13T19:04:05Z,24.40,60.22,100,0,28.68,101.58,9.00,461.00,null,null,null
2023-09-13T19:05:05Z,24.41,60.23,99,0,25.73,101.58,9.00,465.00,2,2,2
2023-09-13T19:06:05Z,24.40,60.23,100,0,26.14,101.58,9.00,461.00,null,null,null
2023-09-13T19:07:05Z,24.41,60.22,99,0,24.89,101.58,9.00,461.00,null,null,null
2023-09-13T19:08:05Z,24.41,60.23,99,0,25.79,101.58,9.00,461.00,null,null,null
2023-09-13T19:09:05Z,24.41,60.23,99,0,25.19,101.58,9.00,465.00,null,null,null
2023-09-13T19:10:05Z,24.41,60.22,99,0,38.95,101.58,9.00,465.00,1,1,1
2023-09-13T19:11:05Z,24.40,60.23,100,0,30.34,101.59,9.00,461.00,null,null,null
2023-09-13T19:12:05Z,24.41,60.23,99,0,28.22,101.59,9.00,465.00,null,null,null
2023-09-13T19:13:05Z,24.40,60.19,99,0,26.24,101.59,9.00,465.00,null,null,null
2023-09-13T19:14:05Z,24.39,60.22,99,0,24.72,101.59,9.00,465.00,null,null,null
2023-09-13T19:15:05Z,24.39,60.23,99,0,26.99,101.59,9.00,461.00,1,1,1
2023-09-13T19:16:05Z,24.40,60.31,99,0,23.63,101.59,8.00,457.00,null,null,null
2023-09-13T19:17:05Z,24.41,60.25,99,0,22.37,101.59,9.00,462.00,null,null,null
2023-09-13T19:18:05Z,24.40,60.18,99,0,24.54,101.60,9.00,462.00,null,null,null
2023-09-13T19:19:05Z,24.39,60.21,99,0,28.57,101.60,9.00,465.00,null,null,null
2023-09-13T19:20:05Z,24.37,60.21,99,0,26.48,101.60,9.00,461.00,1,1,1
2023-09-13T19:21:05Z,24.39,60.25,99,0,30.60,101.60,9.00,461.00,null,null,null
2023-09-13T19:22:05Z,24.40,60.24,99,0,25.50,101.60,9.00,462.00,null,null,null
2023-09-13T19:23:05Z,24.39,60.23,99,0,26.71,101.60,9.00,465.00,null,null,null
2023-09-13T19:24:05Z,24.41,60.29,99,0,25.13,101.61,9.00,465.00,null,null,null
2023-09-13T19:25:05Z,24.39,60.27,99,0,22.89,101.60,9.00,462.00,1,1,1
2023-09-13T19:26:05Z,24.39,60.24,99,0,22.18,101.61,8.00,457.00,null,null,null
2023-09-13T19:27:05Z,24.40,60.25,100,0,28.63,101.61,10.00,470.00,null,null,null
2023-09-13T19:28:05Z,24.39,60.29,99,0,32.96,101.61,9.00,464.00,null,null,null
2023-09-13T19:29:05Z,24.36,60.28,99,0,23.54,101.61,9.00,462.00,null,null,null
2023-09-13T19:30:05Z,24.39,60.26,99,0,31.43,101.61,9.00,462.00,1,1,1
2023-09-13T19:31:05Z,24.39,60.26,99,0,31.26,101.61,8.00,457.00,null,null,null
2023-09-13T19:32:05Z,24.36,60.25,100,0,25.00,101.61,9.00,464.00,null,null,null
2023-09-13T19:33:05Z,24.34,60.28,99,0,24.54,101.61,9.00,464.00,null,null,null
2023-09-13T19:34:05Z,24.36,60.26,100,0,25.22,101.62,9.00,464.00,null,null,null
2023-09-13T19:35:05Z,24.37,60.31,99,0,25.56,101.61,9.00,464.00,1,3,3
2023-09-13T19:36:05Z,24.39,60.28,99,0,21.64,101.62,9.00,462.00,null,null,null
2023-09-13T19:37:05Z,24.40,60.31,100,0,29.46,101.62,9.00,464.00,null,null,null
2023-09-13T19:38:05Z,24.37,60.30,100,0,34.51,101.62,9.00,462.00,null,null,null
2023-09-13T19:39:05Z,24.36,60.28,99,0,28.55,101.62,9.00,464.00,null,null,null
2023-09-13T19:40:05Z,24.36,60.33,100,0,29.48,101.62,9.00,464.00,1,1,1
2023-09-13T19:41:05Z,24.37,60.30,100,0,30.17,101.62,9.00,462.00,null,null,null
2023-09-13T19:42:05Z,24.36,60.33,99,0,29.11,101.62,9.00,464.00,null,null,null
2023-09-13T19:43:05Z,24.36,60.30,99,0,31.97,101.62,9.00,464.00,null,null,null
2023-09-13T19:44:05Z,24.36,60.31,100,0,28.44,101.62,9.00,464.00,null,null,null
2023-09-13T19:45:05Z,24.36,60.30,99,0,30.83,101.62,9.00,464.00,0,0,0
2023-09-13T19:46:05Z,24.36,60.35,99,0,30.17,101.62,9.00,462.00,null,null,null
2023-09-13T19:47:05Z,24.36,60.28,99,0,28.73,101.62,9.00,464.00,null,null,null
2023-09-13T19:48:05Z,24.36,60.36,99,0,30.84,101.62,9.00,464.00,null,null,null
2023-09-13T19:49:05Z,24.36,60.33,99,0,29.33,101.62,9.00,462.00,null,null,null
2023-09-13T19:50:05Z,24.33,60.35,99,0,29.04,101.62,9.00,462.00,0,1,1
2023-09-13T19:51:05Z,24.37,60.34,99,0,28.91,101.62,9.00,462.00,null,null,null
2023-09-13T19:52:05Z,24.33,60.34,100,0,28.78,101.62,9.00,464.00,null,null,null
2023-09-13T19:53:05Z,24.34,60.31,99,0,28.30,101.62,9.00,462.00,null,null,null
2023-09-13T19:54:05Z,24.34,60.31,99,0,28.60,101.62,9.00,462.00,null,null,null
2023-09-13T19:55:05Z,24.33,60.32,99,0,30.33,101.62,9.00,462.00,1,1,1
2023-09-13T19:56:05Z,24.34,60.31,99,0,28.61,101.62,9.00,462.00,null,null,null
2023-09-13T19:57:05Z,24.36,60.35,99,0,29.71,101.62,9.00,462.00,null,null,null
2023-09-13T19:58:05Z,24.33,60.32,99,0,28.64,101.62,9.00,462.00,null,null,null
2023-09-13T19:59:05Z,24.36,60.36,99,0,26.48,101.62,9.00,462.00,null,null,null
2023-09-13T20:00:05Z,24.31,60.40,99,0,26.14,101.62,9.00,462.00,2,2,2
2023-09-13T20:01:05Z,24.34,60.37,99,0,24.54,101.62,9.00,462.00,null,null,null
2023-09-13T20:02:05Z,24.34,60.34,99,0,23.81,101.62,9.00,462.00,null,null,null
2023-09-13T20:03:05Z,24.34,60.34,99,0,31.41,101.62,9.00,464.00,null,null,null
2023-09-13T20:04:05Z,24.36,60.43,99,0,22.89,101.62,9.00,464.00,null,null,null
2023-09-13T20:05:05Z,24.31,60.38,100,0,23.05,101.62,9.00,462.00,1,1,1
2023-09-13T20:06:05Z,24.34,60.37,100,0,27.62,101.62,9.00,464.00,null,null,null
2023-09-13T20:07:05Z,24.33,60.37,99,0,25.65,101.62,9.00,464.00,null,null,null
2023-09-13T20:08:05Z,24.33,60.37,99,0,26.14,101.62,9.00,462.00,null,null,null
2023-09-13T20:09:05Z,24.30,60.39,99,0,27.20,101.62,9.00,464.00,null,null,null
2023-09-13T20:10:05Z,24.30,60.39,99,0,23.94,101.63,9.00,464.00,1,2,2
2023-09-13T20:11:05Z,24.33,60.36,99,0,27.26,101.63,9.00,464.00,null,null,null
2023-09-13T20:12:05Z,24.31,60.37,99,0,23.49,101.63,9.00,464.00,null,null,null
2023-09-13T20:13:05Z,24.33,60.42,99,0,26.46,101.63,9.00,464.00,null,null,null
2023-09-13T20:14:05Z,24.31,60.39,100,0,25.06,101.63,9.00,464.00,null,null,null
2023-09-13T20:15:05Z,24.31,60.41,100,0,22.94,101.63,9.00,464.00,1,2,2
2023-09-13T20:16:05Z,24.30,60.38,99,0,30.43,101.63,9.00,464.00,null,null,null
2023-09-13T20:17:05Z,24.31,60.40,99,0,22.37,101.62,9.00,464.00,null,null,null
2023-09-13T20:18:05Z,24.34,60.36,100,0,25.22,101.62,9.00,464.00,null,null,null
2023-09-13T20:19:05Z,24.30,60.41,99,0,23.40,101.62,9.00,464.00,null,null,null
2023-09-13T20:20:05Z,24.30,60.43,99,0,29.36,101.62,9.00,464.00,2,2,2
2023-09-13T20:21:05Z,24.33,60.37,99,0,29.37,101.62,9.00,464.00,null,null,null
2023-09-13T20:22:05Z,24.30,60.40,100,0,26.50,101.63,9.00,464.00,null,null,null
2023-09-13T20:23:05Z,24.31,60.38,99,0,25.38,101.63,9.00,464.00,null,null,null
2023-09-13T20:24:05Z,24.33,60.42,99,0,22.99,101.63,9.00,464.00,null,null,null
2023-09-13T20:25:05Z,24.30,60.44,100,0,35.75,101.63,9.00,464.00,0,0,0
2023-09-13T20:26:05Z,24.31,60.45,99,0,24.76,101.63,9.00,464.00,null,null,null
2023-09-13T20:27:05Z,24.30,60.42,99,0,43.14,101.63,9.00,464.00,null,null,null
2023-09-13T20:28:05Z,24.31,60.43,99,0,24.50,101.63,9.00,464.00,null,null,null
2023-09-13T20:29:05Z,24.33,60.46,99,0,22.49,101.63,9.00,464.00,null,null,null
2023-09-13T20:30:05Z,24.29,60.43,99,0,21.78,101.63,9.00,464.00,0,1,1
2023-09-13T20:31:05Z,24.31,60.43,99,0,24.31,101.63,9.00,464.00,null,null,null
2023-09-13T20:32:05Z,24.30,60.39,99,0,26.73,101.63,10.00,472.00,null,null,null
2023-09-13T20:33:05Z,24.27,60.43,99,0,29.27,101.63,9.00,464.00,null,null,null
2023-09-13T20:34:05Z,24.31,60.44,99,0,22.49,101.64,9.00,464.00,null,null,null
2023-09-13T20:35:05Z,24.30,60.42,99,0,25.98,101.63,10.00,472.00,3,3,3
2023-09-13T20:36:05Z,24.30,60.44,99,0,25.32,101.64,11.00,476.00,null,null,null
2023-09-13T20:37:05Z,24.29,60.41,99,0,24.58,101.64,9.00,464.00,null,null,null
2023-09-13T20:38:05Z,24.29,60.41,100,0,23.20,101.64,10.00,472.00,null,null,null
2023-09-13T20:39:05Z,24.29,60.43,100,0,25.22,101.64,9.00,464.00,null,null,null
2023-09-13T20:40:05Z,24.27,60.43,99,0,25.67,101.63,9.00,464.00,2,2,2
2023-09-13T20:41:05Z,24.30,60.44,99,0,21.85,101.63,11.00,476.00,null,null,null
2023-09-13T20:42:05Z,24.29,60.40,99,0,27.51,101.63,10.00,472.00,null,null,null
2023-09-13T20:43:05Z,24.30,60.45,99,0,30.16,101.63,10.00,472.00,null,null,null
2023-09-13T20:44:05Z,24.30,60.46,99,0,25.84,101.64,10.00,472.00,null,null,null
2023-09-13T20:45:05Z,24.27,60.45,100,0,32.62,101.63,10.00,472.00,0,0,0
2023-09-13T20:46:05Z,24.30,60.47,99,0,31.73,101.63,11.00,476.00,null,null,null
2023-09-13T20:47:05Z,24.29,60.43,99,0,23.59,101.64,10.00,472.00,null,null,null
2023-09-13T20:48:05Z,24.29,60.46,99,0,26.97,101.64,10.00,472.00,null,null,null
2023-09-13T20:49:05Z,24.27,60.45,99,0,28.60,101.63,12.00,481.00,null,null,null
2023-09-13T20:50:05Z,24.26,60.48,99,0,22.72,101.64,12.00,481.00,2,3,3
2023-09-13T20:51:05Z,24.29,60.46,99,0,32.37,101.64,12.00,481.00,null,null,null
2023-09-13T20:52:05Z,24.29,60.42,99,0,24.54,101.64,12.00,481.00,null,null,null
2023-09-13T20:53:05Z,24.27,60.50,99,0,24.07,101.64,12.00,481.00,null,null,null
2023-09-13T20:54:05Z,24.26,60.48,99,0,31.71,101.64,12.00,481.00,null,null,null
2023-09-13T20:55:05Z,24.27,60.46,99,0,24.93,101.64,12.00,481.00,0,0,0
2023-09-13T20:56:05Z,24.27,60.55,99,0,25.13,101.64,12.00,481.00,null,null,null
2023-09-13T20:57:05Z,24.29,60.45,99,0,23.59,101.64,12.00,481.00,null,null,null
2023-09-13T20:58:05Z,24.27,60.41,100,0,25.35,101.64,12.00,485.00,null,null,null
2023-09-13T20:59:05Z,24.26,60.47,100,0,24.83,101.64,12.00,485.00,null,null,null
2023-09-13T21:00:05Z,24.26,60.42,99,0,28.22,101.64,12.00,485.00,2,2,2
2023-09-13T21:01:05Z,24.24,60.48,100,0,29.60,101.64,12.00,485.00,null,null,null
2023-09-13T21:02:05Z,24.26,60.48,100,0,24.46,101.64,19.00,531.00,null,null,null
2023-09-13T21:03:05Z,24.27,60.46,99,0,23.10,101.64,12.00,485.00,null,null,null
2023-09-13T21:04:05Z,24.26,60.49,99,0,25.41,101.64,12.00,485.00,null,null,null
2023-09-13T21:05:05Z,24.26,60.48,99,0,27.64,101.64,12.00,485.00,0,0,0
2023-09-13T21:06:05Z,24.27,60.50,99,0,25.56,101.64,12.00,485.00,null,null,null
2023-09-13T21:07:05Z,24.27,60.51,99,0,27.22,101.64,13.00,487.00,null,null,null
2023-09-13T21:08:05Z,24.26,60.49,99,0,24.35,101.64,13.00,487.00,null,null,null
2023-09-13T21:09:05Z,24.26,60.55,99,0,25.73,101.64,13.00,487.00,null,null,null
2023-09-13T21:10:05Z,24.26,60.52,99,0,24.76,101.64,13.00,487.00,2,3,3
2023-09-13T21:11:05Z,24.24,60.53,99,0,25.67,101.64,14.00,496.00,null,null,null
2023-09-13T21:12:05Z,24.26,60.52,99,0,25.67,101.64,20.00,534.00,null,null,null
2023-09-13T21:13:05Z,24.23,60.55,100,0,22.72,101.64,13.00,487.00,null,null,null
2023-09-13T21:14:05Z,24.21,60.51,99,0,23.94,101.64,21.00,543.00,null,null,null
2023-09-13T21:15:05Z,24.24,60.60,99,0,25.98,101.64,20.00,534.00,2,3,3
2023-09-13T21:16:05Z,24.26,60.53,99,0,25.41,101.64,21.00,543.00,null,null,null
2023-09-13T21:17:05Z,24.23,60.52,99,0,35.70,101.64,14.00,496.00,null,null,null
2023-09-13T21:18:05Z,24.26,60.53,99,0,26.57,101.64,21.00,543.00,null,null,null
2023-09-13T21:19:05Z,24.24,60.56,99,0,25.79,101.64,14.00,496.00,null,null,null
2023-09-13T21:20:05Z,24.21,60.57,99,0,25.38,101.64,21.00,543.00,0,0,0
2023-09-13T21:21:05Z,24.23,60.56,99,0,24.65,101.64,22.00,546.00,null,null,null
2023-09-13T21:22:05Z,24.24,60.53,99,0,20.58,101.64,22.00,546.00,null,null,null
2023-09-13T21:23:05Z,24.27,60.58,99,0,25.70,101.64,22.00,546.00,null,null,null
2023-09-13T21:24:05Z,24.24,60.53,99,0,23.30,101.63,14.00,498.00,null,null,null
2023-09-13T21:25:05Z,24.21,60.58,99,0,24.76,101.64,22.00,546.00,1,1,1
2023-09-13T21:26:05Z,24.21,60.56,99,0,28.88,101.64,22.00,546.00,null,null,null
2023-09-13T21:27:05Z,24.23,60.56,99,0,25.38,101.63,23.00,551.00,null,null,null
2023-09-13T21:28:05Z,24.26,60.55,100,0,23.05,101.64,23.00,551.00,null,null,null
2023-09-13T21:29:05Z,24.23,60.59,99,0,25.92,101.64,15.00,502.00,null,null,null
2023-09-13T21:30:05Z,24.26,60.58,99,0,28.04,101.63,23.00,551.00,0,0,0
2023-09-13T21:31:05Z,24.23,60.58,99,0,20.39,101.64,15.00,502.00,null,null,null
2023-09-13T21:32:05Z,24.21,60.56,99,0,30.38,101.63,23.00,551.00,null,null,null
2023-09-13T21:33:05Z,24.24,60.57,100,0,26.60,101.64,23.00,556.00,null,null,null
2023-09-13T21:34:05Z,24.24,60.54,99,0,24.96,101.64,23.00,556.00,null,null,null
2023-09-13T21:35:05Z,24.21,60.61,99,0,22.94,101.64,23.00,556.00,6,6,6
2023-09-13T21:36:05Z,24.21,60.57,99,0,24.19,101.64,23.00,556.00,null,null,null
2023-09-13T21:37:05Z,24.20,60.58,99,0,23.90,101.63,23.00,556.00,null,null,null
2023-09-13T21:38:05Z,24.21,60.52,99,0,28.88,101.64,23.00,556.00,null,null,null
2023-09-13T21:39:05Z,24.21,60.60,99,0,25.59,101.63,23.00,556.00,null,null,null
2023-09-13T21:40:05Z,24.23,60.60,99,0,26.67,101.64,23.00,556.00,2,2,2
2023-09-13T21:41:05Z,24.23,60.59,99,0,33.22,101.64,25.00,565.00,null,null,null
2023-09-13T21:42:05Z,24.21,60.56,99,0,30.21,101.64,23.00,556.00,null,null,null
2023-09-13T21:43:05Z,24.20,60.52,99,0,23.30,101.64,23.00,556.00,null,null,null
2023-09-13T21:44:05Z,24.21,60.56,99,0,23.40,101.63,25.00,565.00,null,null,null
2023-09-13T21:45:05Z,24.21,60.61,100,0,25.35,101.64,25.00,565.00,0,0,0
2023-09-13T21:46:05Z,24.23,60.60,99,0,26.19,101.64,25.00,565.00,null,null,null
2023-09-13T21:47:05Z,24.23,60.53,99,0,32.31,101.64,25.00,565.00,null,null,null
2023-09-13T21:48:05Z,24.21,60.55,99,0,29.87,101.64,25.00,565.00,null,null,null
2023-09-13T21:49:05Z,24.19,60.57,99,0,28.07,101.64,25.00,565.00,null,null,null
2023-09-13T21:50:05Z,24.21,60.59,99,0,26.29,101.64,25.00,565.00,2,3,3
2023-09-13T21:51:05Z,24.23,60.58,99,0,26.26,101.64,25.00,565.00,null,null,null
2023-09-13T21:52:05Z,24.24,60.59,100,0,24.58,101.64,25.00,565.00,null,null,null
2023-09-13T21:53:05Z,24.20,60.58,99,0,25.29,101.64,25.00,565.00,null,null,null
2023-09-13T21:54:05Z,24.20,60.61,99,0,22.55,101.64,25.00,570.00,null,null,null
2023-09-13T21:55:05Z,24.20,60.62,99,0,26.11,101.64,25.00,570.00,1,1,1
2023-09-13T21:56:05Z,24.19,60.58,99,0,22.18,101.64,25.00,570.00,null,null,null
2023-09-13T21:57:05Z,24.20,60.58,100,0,28.91,101.64,25.00,570.00,null,null,null
2023-09-13T21:58:05Z,24.19,60.61,99,0,27.26,101.64,25.00,570.00,null,null,null
2023-09-13T21:59:05Z,24.20,60.59,99,0,25.00,101.64,25.00,570.00,null,null,null
2023-09-13T22:00:05Z,24.17,60.64,99,0,24.31,101.64,25.00,570.00,1,1,1
2023-09-13T22:01:05Z,24.20,60.63,100,0,24.68,101.64,25.00,570.00,null,null,null
2023-09-13T22:02:05Z,24.20,60.65,99,0,22.18,101.64,25.00,570.00,null,null,null
2023-09-13T22:03:05Z,24.19,60.62,99,0,22.37,101.64,25.00,570.00,null,null,null
2023-09-13T22:04:05Z,24.21,60.64,99,0,29.63,101.64,26.00,575.00,null,null,null
2023-09-13T22:05:05Z,24.19,60.65,99,0,24.89,101.65,25.00,570.00,1,1,9
2023-09-13T22:06:05Z,24.20,60.66,99,0,26.71,101.65,25.00,570.00,null,null,null
2023-09-13T22:07:05Z,24.20,60.62,99,0,23.72,101.65,25.00,570.00,null,null,null
2023-09-13T22:08:05Z,24.19,60.63,99,0,23.98,101.65,26.00,575.00,null,null,null
2023-09-13T22:09:05Z,24.17,60.65,99,0,28.39,101.65,26.00,575.00,null,null,null
2023-09-13T22:10:05Z,24.19,60.66,100,0,25.87,101.65,26.00,575.00,0,0,0
2023-09-13T22:11:05Z,24.20,60.63,100,0,29.23,101.65,25.00,570.00,null,null,null
2023-09-13T22:12:05Z,24.20,60.63,99,0,23.10,101.66,26.00,575.00,null,null,null
2023-09-13T22:13:05Z,24.20,60.60,99,0,25.47,101.66,26.00,575.00,null,null,null
2023-09-13T22:14:05Z,24.19,60.59,99,0,22.72,101.66,26.00,575.00,null,null,null
2023-09-13T22:15:05Z,24.17,60.65,99,0,27.69,101.65,25.00,570.00,2,2,2
2023-09-13T22:16:05Z,24.19,60.66,99,0,23.94,101.66,26.00,575.00,null,null,null
2023-09-13T22:17:05Z,24.19,60.63,99,0,35.12,101.65,26.00,575.00,null,null,null
2023-09-13T22:18:05Z,24.19,60.64,99,0,25.47,101.65,26.00,575.00,null,null,null
2023-09-13T22:19:05Z,24.15,60.64,99,0,29.49,101.65,26.00,575.00,null,null,null
2023-09-13T22:20:05Z,24.17,60.68,99,0,23.81,101.66,26.00,575.00,0,0,0
2023-09-13T22:21:05Z,24.17,60.63,99,0,27.78,101.65,26.00,575.00,null,null,null
2023-09-13T22:22:05Z,24.16,60.69,99,0,23.25,101.65,26.00,575.00,null,null,null
2023-09-13T22:23:05Z,24.20,60.63,99,0,26.41,101.65,26.00,575.00,null,null,null
2023-09-13T22:24:05Z,24.19,60.64,99,0,24.96,101.65,26.00,575.00,null,null,null
2023-09-13T22:25:05Z,24.17,60.67,100,0,21.71,101.65,25.00,570.00,2,2,2
2023-09-13T22:26:05Z,24.17,60.67,99,0,24.72,101.66,26.00,575.00,null,null,null
2023-09-13T22:27:05Z,24.17,60.62,99,0,26.73,101.65,26.00,575.00,null,null,null
2023-09-13T22:28:05Z,24.19,60.68,99,0,24.86,101.65,26.00,575.00,null,null,null
2023-09-13T22:29:05Z,24.17,60.66,99,0,24.89,101.66,26.00,575.00,null,null,null
2023-09-13T22:30:05Z,24.15,60.67,99,0,24.61,101.65,26.00,575.00,1,1,1
2023-09-13T22:31:05Z,24.17,60.71,100,0,24.39,101.66,26.00,575.00,null,null,null
2023-09-13T22:32:05Z,24.16,60.66,99,0,28.11,101.66,25.00,570.00,null,null,null
2023-09-13T22:33:05Z,24.17,60.64,100,0,25.38,101.65,26.00,575.00,null,null,null
2023-09-13T22:34:05Z,24.19,60.67,99,0,21.18,101.65,26.00,575.00,null,null,null
2023-09-13T22:35:05Z,24.16,60.70,99,0,28.89,101.65,26.00,575.00,1,1,1
2023-09-13T22:36:05Z,24.15,60.72,100,0,25.98,101.65,25.00,570.00,null,null,null
2023-09-13T22:37:05Z,24.16,60.62,99,0,26.71,101.65,26.00,575.00,null,null,null
2023-09-13T22:38:05Z,24.16,60.63,99,0,28.77,101.65,26.00,575.00,null,null,null
2023-09-13T22:39:05Z,24.13,60.66,99,0,23.68,101.65,25.00,570.00,null,null,null
2023-09-13T22:40:05Z,24.13,60.66,99,0,23.98,101.65,25.00,570.00,2,2,2
2023-09-13T22:41:05Z,24.17,60.71,99,0,23.77,101.65,26.00,575.00,null,null,null
2023-09-13T22:42:05Z,24.16,60.70,99,0,28.44,101.65,26.00,575.00,null,null,null
2023-09-13T22:43:05Z,24.16,60.70,99,0,24.83,101.65,25.00,570.00,null,null,null
2023-09-13T22:44:05Z,24.15,60.69,99,0,29.18,101.65,25.00,570.00,null,null,null
2023-09-13T22:45:05Z,24.15,60.69,99,0,26.89,101.65,26.00,575.00,1,1,1
2023-09-13T22:46:05Z,24.16,60.70,99,0,29.68,101.65,26.00,575.00,null,null,null
2023-09-13T22:47:05Z,24.16,60.67,99,0,26.43,101.65,25.00,570.00,null,null,null
2023-09-13T22:48:05Z,24.13,60.66,99,0,21.02,101.65,25.00,570.00,null,null,null
2023-09-13T22:49:05Z,24.15,60.67,99,0,23.77,101.64,26.00,575.00,null,null,null
2023-09-13T22:50:05Z,24.09,60.70,99,0,26.31,101.64,25.00,570.00,2,2,2
2023-09-13T22:51:05Z,24.15,60.70,99,0,32.10,101.64,25.00,570.00,null,null,null
2023-09-13T22:52:05Z,24.13,60.63,99,0,25.47,101.64,25.00,570.00,null,null,null
2023-09-13T22:53:05Z,24.15,60.67,99,0,25.00,101.64,25.00,570.00,null,null,null
2023-09-13T22:54:05Z,24.16,60.68,99,0,25.16,101.64,25.00,570.00,null,null,null
2023-09-13T22:55:05Z,24.13,60.72,100,0,21.41,101.64,25.00,570.00,0,0,0
2023-09-13T22:56:05Z,24.16,60.64,99,0,28.71,101.64,25.00,570.00,null,null,null
2023-09-13T22:57:05Z,24.15,60.68,99,0,24.50,101.64,25.00,570.00,null,null,null
2023-09-13T22:58:05Z,24.15,60.68,99,0,24.93,101.64,25.00,570.00,null,null,null
2023-09-13T22:59:05Z,24.13,60.71,99,0,25.98,101.64,25.00,570.00,null,null,null
2023-09-13T23:00:05Z,24.12,60.72,99,0,29.04,101.64,25.00,565.00,1,1,1
2023-09-13T23:01:05Z,24.16,60.74,99,0,22.78,101.64,25.00,565.00,null,null,null
2023-09-13T23:02:05Z,24.12,60.71,99,0,23.81,101.64,25.00,570.00,null,null,null
2023-09-13T23:03:05Z,24.15,60.67,99,0,25.41,101.64,25.00,565.00,null,null,null
2023-09-13T23:04:05Z,24.13,60.73,99,0,21.99,101.64,25.00,570.00,null,null,null
2023-09-13T23:05:05Z,24.12,60.75,99,0,23.15,101.64,25.00,565.00,1,3,3
2023-09-13T23:06:05Z,24.13,60.68,99,0,22.31,101.64,25.00,565.00,null,null,null
2023-09-13T23:07:05Z,24.13,60.71,99,0,25.84,101.65,25.00,565.00,null,null,null
2023-09-13T23:08:05Z,24.13,60.67,99,0,18.91,101.64,25.00,565.00,null,null,null
2023-09-13T23:09:05Z,24.15,60.68,99,0,24.96,101.64,25.00,565.00,null,null,null
2023-09-13T23:10:05Z,24.12,60.72,99,0,27.12,101.64,25.00,565.00,1,1,1
2023-09-13T23:11:05Z,24.10,60.70,100,0,26.87,101.65,25.00,565.00,null,null,null
2023-09-13T23:12:05Z,24.12,60.64,99,0,22.99,101.64,25.00,565.00,null,null,null
2023-09-13T23:13:05Z,24.10,60.69,99,0,23.45,101.64,25.00,565.00,null,null,null
2023-09-13T23:14:05Z,24.10,60.70,99,0,22.49,101.64,25.00,565.00,null,null,null
2023-09-13T23:15:05Z,24.10,60.71,99,0,24.31,101.64,25.00,565.00,1,1,1
2023-09-13T23:16:05Z,24.10,60.72,99,0,27.08,101.64,25.00,565.00,null,null,null
2023-09-13T23:17:05Z,24.12,60.72,100,0,25.82,101.64,25.00,565.00,null,null,null
2023-09-13T23:18:05Z,24.10,60.73,100,0,22.31,101.63,23.00,556.00,null,null,null
2023-09-13T23:19:05Z,24.10,60.70,99,0,22.94,101.63,23.00,556.00,null,null,null
2023-09-13T23:20:05Z,24.09,60.78,99,0,24.31,101.63,23.00,556.00,3,3,3
2023-09-13T23:21:05Z,24.10,60.71,99,0,23.81,101.64,23.00,551.00,null,null,null
2023-09-13T23:22:05Z,24.10,60.73,99,0,22.94,101.64,23.00,556.00,null,null,null
2023-09-13T23:23:05Z,24.10,60.74,99,0,24.43,101.63,23.00,556.00,null,null,null
2023-09-13T23:24:05Z,24.10,60.74,99,0,27.87,101.63,25.00,565.00,null,null,null
2023-09-13T23:25:05Z,24.09,60.74,99,0,22.24,101.63,25.00,565.00,0,0,0
2023-09-13T23:26:05Z,24.10,60.70,99,0,27.26,101.63,25.00,565.00,null,null,null
2023-09-13T23:27:05Z,24.10,60.71,99,0,25.59,101.63,23.00,556.00,null,null,null
2023-09-13T23:28:05Z,24.09,60.70,99,0,27.22,101.63,23.00,556.00,null,null,null
2023-09-13T23:29:05Z,24.09,60.70,99,0,23.30,101.63,23.00,556.00,null,null,null
2023-09-13T23:30:05Z,24.09,60.74,99,0,24.58,101.63,23.00,556.00,1,1,1
2023-09-13T23:31:05Z,24.10,60.74,100,0,20.29,101.63,23.00,556.00,null,null,null
2023-09-13T23:32:05Z,24.09,60.75,99,0,24.54,101.63,23.00,556.00,null,null,null
2023-09-13T23:33:05Z,24.10,60.74,99,0,27.32,101.63,23.00,551.00,null,null,null
2023-09-13T23:34:05Z,24.10,60.73,99,0,23.40,101.63,23.00,556.00,null,null,null
2023-09-13T23:35:05Z,24.09,60.75,99,0,23.86,101.63,23.00,556.00,3,3,3
2023-09-13T23:36:05Z,24.12,60.76,99,0,33.19,101.63,23.00,551.00,null,null,null
2023-09-13T23:37:05Z,24.10,60.73,99,0,22.89,101.63,22.00,545.00,null,null,null
2023-09-13T23:38:05Z,24.08,60.74,99,0,20.39,101.63,23.00,556.00,null,null,null
2023-09-13T23:39:05Z,24.06,60.77,99,0,25.82,101.63,23.00,556.00,null,null,null
2023-09-13T23:40:05Z,24.08,60.77,99,0,21.99,101.63,23.00,551.00,0,0,0
2023-09-13T23:41:05Z,24.06,60.79,99,0,21.49,101.63,23.00,551.00,null,null,null
2023-09-13T23:42:05Z,24.09,60.74,99,0,24.31,101.63,23.00,551.00,null,null,null
2023-09-13T23:43:05Z,24.10,60.80,100,0,23.49,101.63,23.00,556.00,null,null,null
2023-09-13T23:44:05Z,24.06,60.76,99,0,22.18,101.63,23.00,551.00,null,null,null
2023-09-13T23:45:05Z,24.06,60.79,100,0,22.99,101.63,23.00,551.00,3,5,5
2023-09-13T23:46:05Z,24.08,60.77,99,0,27.36,101.63,23.00,551.00,null,null,null
2023-09-13T23:47:05Z,24.10,60.73,99,0,24.23,101.63,23.00,551.00,null,null,null
2023-09-13T23:48:05Z,24.06,60.76,99,0,23.35,101.62,23.00,556.00,null,null,null
2023-09-13T23:49:05Z,24.08,60.76,99,0,25.13,101.63,23.00,551.00,null,null,null
2023-09-13T23:50:05Z,24.08,60.76,99,0,24.19,101.63,23.00,551.00,3,4,4
2023-09-13T23:51:05Z,24.03,60.76,99,0,27.16,101.63,23.00,551.00,null,null,null
2023-09-13T23:52:05Z,24.08,60.74,99,0,23.68,101.63,23.00,551.00,null,null,null
2023-09-13T23:53:05Z,24.06,60.75,99,0,22.83,101.63,23.00,556.00,null,null,null
2023-09-13T23:54:05Z,24.06,60.76,100,0,22.61,101.62,23.00,551.00,null,null,null
2023-09-13T23:55:05Z,24.05,60.73,99,0,24.15,101.62,23.00,551.00,1,6,6
2023-09-13T23:56:05Z,24.05,60.78,100,0,21.85,101.62,23.00,556.00,null,null,null
2023-09-13T23:57:05Z,24.06,60.76,99,0,23.45,101.62,23.00,551.00,null,null,null
2023-09-13T23:58:05Z,24.05,60.78,99,0,22.55,101.62,23.00,551.00,null,null,null
2023-09-13T23:59:05Z,24.05,60.72,99,0,21.99,101.62,23.00,551.00,null,null,null
