TIME,TEMP,HUM,BATT,LIGHT,NOISE_A,PRESS,CCS811_VOCS,CCS811_ECO2,PM_1,PM_25,PM_10
ISO 8601,C,%,%,Lux,dBA,kPa,ppb,ppm,ug/m3,ug/m3,ug/m3
Time,Temperature,Humidity,Battery,Light,Noise dBA,Barometric pressure,VOC Gas CCS811,eCO2 Gas CCS811,PM 1.0,PM 2.5,PM 10.0
,55,56,10,14,53,58,113,112,89,87,88
2023-09-19T00:00:04Z,22.85,58.27,23,0,30.22,100.61,0.00,405.00,0,0,0
2023-09-19T00:01:04Z,22.85,58.32,24,0,27.02,100.61,0.00,400.00,null,null,null
2023-09-19T00:02:04Z,22.86,58.28,23,0,29.83,100.61,0.00,400.00,null,null,null
2023-09-19T00:03:04Z,22.82,58.29,23,0,27.40,100.61,0.00,400.00,null,null,null
2023-09-19T00:04:04Z,22.85,58.26,23,0,21.64,100.61,0.00,400.00,null,null,null
2023-09-19T00:05:04Z,22.85,58.29,23,0,28.33,100.61,0.00,400.00,0,0,0
2023-09-19T00:06:04Z,22.83,58.27,23,0,26.55,100.61,0.00,400.00,null,null,null
2023-09-19T00:07:04Z,22.85,58.26,23,0,31.27,100.61,0.00,400.00,null,null,null
2023-09-19T00:08:04Z,22.85,58.29,23,0,26.43,100.61,0.00,400.00,null,null,null
2023-09-19T00:09:04Z,22.83,58.27,24,0,27.30,100.61,0.00,400.00,null,null,null
2023-09-19T00:10:04Z,22.83,58.25,23,0,27.71,100.61,0.00,400.00,0,0,0
2023-09-19T00:11:04Z,22.85,58.25,23,0,26.60,100.61,0.00,400.00,null,null,null
2023-09-19T00:12:04Z,22.85,58.26,23,0,29.64,100.60,0.00,400.00,null,null,null
2023-09-19T00:13:04Z,22.82,58.29,23,0,26.53,100.60,0.00,400.00,null,null,null
2023-09-19T00:14:04Z,22.85,58.29,23,0,27.22,100.60,0.00,400.00,null,null,null
2023-09-19T00:15:04Z,22.83,58.27,23,0,26.78,100.60,1.00,408.00,0,0,0
2023-09-19T00:16:04Z,22.82,58.25,23,0,28.52,100.60,0.00,400.00,null,null,null
2023-09-19T00:17:04Z,22.82,58.31,23,0,24.93,100.60,1.00,408.00,null,null,null
2023-09-19T00:18:04Z,22.85,58.27,23,0,25.90,100.60,0.00,405.00,null,null,null
2023-09-19T00:19:04Z,22.85,58.22,23,0,29.41,100.60,0.00,405.00,null,null,null
2023-09-19T00:20:04Z,22.83,58.26,23,0,30.14,100.60,1.00,409.00,0,0,0
2023-09-19T00:21:04Z,22.83,58.23,23,0,28.01,100.59,0.00,400.00,null,null,null
2023-09-19T00:22:04Z,22.82,58.25,23,0,28.06,100.60,1.00,409.00,null,null,null
2023-09-19T00:23:04Z,22.82,58.27,23,0,28.22,100.60,0.00,405.00,null,null,null
2023-09-19T00:24:04Z,22.82,58.21,23,0,28.99,100.59,0.00,405.00,null,null,null
2023-09-19T00:25:04Z,22.80,58.27,23,0,28.54,100.59,1.00,409.00,0,0,0
2023-09-19T00:26:04Z,22.82,58.26,23,0,27.55,100.59,0.00,405.00,null,null,null
2023-09-19T00:27:04Z,22.80,58.26,23,0,28.70,100.59,0.00,405.00,null,null,null
2023-09-19T00:28:04Z,22.82,58.27,23,0,25.03,100.59,0.00,405.00,null,null,null
2023-09-19T00:29:04Z,22.80,58.29,24,0,28.12,100.59,0.00,405.00,null,null,null
2023-09-19T00:30:04Z,22.80,58.24,23,0,33.38,100.59,0.00,405.00,0,0,0
2023-09-19T00:31:04Z,22.80,58.22,23,0,32.52,100.58,1.00,409.00,null,null,null
2023-09-19T00:32:04Z,22.79,58.22,23,0,29.48,100.58,1.00,409.00,null,null,null
2023-09-19T00:33:04Z,22.80,58.27,23,0,31.62,100.58,1.00,409.00,null,null,null
2023-09-19T00:34:04Z,22.79,58.22,23,0,28.89,100.58,0.00,405.00,null,null,null
2023-09-19T00:35:04Z,22.78,58.21,23,0,27.22,100.58,1.00,409.00,0,0,0
2023-09-19T00:36:04Z,22.80,58.26,23,0,28.04,100.58,0.00,405.00,null,null,null
2023-09-19T00:37:04Z,22.80,58.22,23,0,31.33,100.58,0.00,405.00,null,null,null
2023-09-19T00:38:04Z,22.80,58.22,23,0,30.35,100.58,0.00,405.00,null,null,null
2023-09-19T00:39:04Z,22.79,58.27,23,0,29.04,100.58,0.00,405.00,null,null,null
2023-09-19T00:40:04Z,22.79,58.19,23,0,29.56,100.58,0.00,400.00,0,0,0
2023-09-19T00:41:04Z,22.79,58.22,23,0,27.64,100.58,3.00,423.00,null,null,null
2023-09-19T00:42:04Z,22.79,58.22,23,0,29.96,100.59,3.00,423.00,null,null,null
2023-09-19T00:43:04Z,22.78,58.19,23,0,29.68,100.59,4.00,428.00,null,null,null
2023-09-19T00:44:04Z,22.78,58.18,23,0,27.16,100.59,4.00,428.00,null,null,null
2023-09-19T00:45:04Z,22.78,58.22,23,0,30.70,100.60,3.00,423.00,0,0,0
2023-09-19T00:46:04Z,22.76,58.19,23,0,26.78,100.60,3.00,423.00,null,null,null
2023-09-19T00:47:04Z,22.78,58.22,23,0,26.00,100.60,3.00,420.00,null,null,null
2023-09-19T00:48:04Z,22.79,58.20,23,0,27.20,100.60,3.00,420.00,null,null,null
2023-09-19T00:49:04Z,22.78,58.24,23,0,22.83,100.61,3.00,423.00,null,null,null
2023-09-19T00:50:04Z,22.76,58.21,23,0,29.94,100.61,4.00,428.00,0,0,0
2023-09-19T00:51:04Z,22.78,58.25,23,0,28.67,100.61,2.00,415.00,null,null,null
2023-09-19T00:52:04Z,22.76,58.17,23,0,26.43,100.61,2.00,418.00,null,null,null
2023-09-19T00:53:04Z,22.76,58.15,23,0,28.12,100.61,3.00,420.00,null,null,null
2023-09-19T00:54:04Z,22.76,58.20,23,0,27.57,100.61,2.00,415.00,null,null,null
2023-09-19T00:55:04Z,22.75,58.20,23,0,29.09,100.62,3.00,423.00,0,0,0
2023-09-19T00:56:04Z,22.78,58.17,23,0,28.19,100.61,4.00,428.00,null,null,null
2023-09-19T00:57:04Z,22.73,58.18,23,0,27.42,100.61,2.00,415.00,null,null,null
2023-09-19T00:58:04Z,22.76,58.17,23,0,30.78,100.62,10.00,466.00,null,null,null
2023-09-19T00:59:04Z,22.76,58.23,23,0,30.46,100.61,2.00,415.00,null,null,null
2023-09-19T01:00:04Z,22.76,58.23,23,0,28.58,100.62,3.00,420.00,0,0,0
2023-09-19T01:01:04Z,22.76,58.24,23,0,23.77,100.62,2.00,415.00,null,null,null
2023-09-19T01:02:04Z,22.76,58.19,23,0,29.69,100.62,3.00,420.00,null,null,null
2023-09-19T01:03:04Z,22.76,58.17,23,0,22.83,100.62,2.00,415.00,null,null,null
2023-09-19T01:04:04Z,22.75,58.18,23,0,25.26,100.62,3.00,423.00,null,null,null
2023-09-19T01:05:04Z,22.75,58.17,23,0,32.07,100.62,3.00,420.00,0,0,0
2023-09-19T01:06:04Z,22.73,58.22,23,0,28.78,100.62,2.00,415.00,null,null,null
2023-09-19T01:07:04Z,22.73,58.20,23,0,29.15,100.62,7.00,452.00,null,null,null
2023-09-19T01:08:04Z,22.73,58.15,23,0,26.41,100.62,8.00,457.00,null,null,null
2023-09-19T01:09:04Z,22.73,58.20,23,0,23.40,100.62,9.00,461.00,null,null,null
2023-09-19T01:10:04Z,22.73,58.22,23,0,25.44,100.62,8.00,457.00,0,0,0
2023-09-19T01:11:04Z,22.73,58.15,23,0,31.06,100.62,8.00,457.00,null,null,null
2023-09-19T01:12:04Z,22.73,58.13,23,0,26.48,100.62,9.00,461.00,null,null,null
2023-09-19T01:13:04Z,22.72,58.18,23,0,26.95,100.62,10.00,466.00,null,null,null
2023-09-19T01:14:04Z,22.72,58.18,23,0,25.82,100.62,9.00,461.00,null,null,null
2023-09-19T01:15:04Z,22.70,58.20,23,0,29.68,100.63,10.00,466.00,0,0,0
2023-09-19T01:16:04Z,22.73,58.20,23,0,31.38,100.62,9.00,461.00,null,null,null
2023-09-19T01:17:04Z,22.72,58.16,23,0,24.61,100.62,8.00,457.00,null,null,null
2023-09-19T01:18:04Z,22.72,58.21,23,0,27.14,100.62,8.00,457.00,null,null,null
2023-09-19T01:19:04Z,22.72,58.22,23,0,28.48,100.62,8.00,457.00,null,null,null
2023-09-19T01:20:04Z,22.70,58.20,23,0,21.56,100.62,9.00,461.00,0,0,0
2023-09-19T01:21:04Z,22.69,58.20,22,0,28.40,100.62,8.00,457.00,null,null,null
2023-09-19T01:22:04Z,22.70,58.17,23,0,25.79,100.62,8.00,457.00,null,null,null
2023-09-19T01:23:04Z,22.70,58.18,23,0,29.99,100.62,9.00,461.00,null,null,null
2023-09-19T01:24:04Z,22.70,58.20,23,0,23.54,100.63,8.00,457.00,null,null,null
2023-09-19T01:25:04Z,22.70,58.19,23,0,28.02,100.63,9.00,461.00,0,0,0
2023-09-19T01:26:04Z,22.69,58.18,23,0,27.40,100.63,10.00,466.00,null,null,null
2023-09-19T01:27:04Z,22.69,58.22,23,0,25.59,100.62,8.00,457.00,null,null,null
2023-09-19T01:28:04Z,22.70,58.16,23,0,27.28,100.63,9.00,461.00,null,null,null
2023-09-19T01:29:04Z,22.70,58.20,23,0,25.95,100.63,8.00,457.00,null,null,null
2023-09-19T01:30:04Z,22.65,58.20,23,0,27.30,100.64,8.00,457.00,0,0,0
2023-09-19T01:31:04Z,22.68,58.15,23,0,31.07,100.63,8.00,457.00,null,null,null
2023-09-19T01:32:04Z,22.69,58.10,23,0,29.31,100.63,9.00,461.00,null,null,null
2023-09-19T01:33:04Z,22.69,58.17,23,0,23.81,100.62,8.00,457.00,null,null,null
2023-09-19T01:34:04Z,22.69,58.14,23,0,27.78,100.64,8.00,457.00,null,null,null
2023-09-19T01:35:04Z,22.68,58.15,23,0,24.68,100.64,8.00,457.00,0,0,0
2023-09-19T01:36:04Z,22.66,58.17,22,0,24.61,100.64,9.00,461.00,null,null,null
2023-09-19T01:37:04Z,22.66,58.19,23,0,25.47,100.64,8.00,457.00,null,null,null
2023-09-19T01:38:04Z,22.66,58.16,23,0,29.77,100.64,7.00,452.00,null,null,null
2023-09-19T01:39:04Z,22.65,58.17,22,0,31.31,100.64,7.00,452.00,null,null,null
2023-09-19T01:40:04Z,22.66,58.15,23,0,30.08,100.64,7.00,452.00,0,0,0
2023-09-19T01:41:04Z,22.68,58.13,22,0,26.64,100.63,8.00,457.00,null,null,null
2023-09-19T01:42:04Z,22.68,58.14,23,0,29.88,100.64,8.00,457.00,null,null,null
2023-09-19T01:43:04Z,22.66,58.15,23,0,25.62,100.63,8.00,457.00,null,null,null
2023-09-19T01:44:04Z,22.66,58.16,23,0,26.67,100.63,8.00,457.00,null,null,null
2023-09-19T01:45:04Z,22.65,58.14,23,0,26.00,100.63,7.00,452.00,0,0,0
2023-09-19T01:46:04Z,22.65,58.14,22,0,27.45,100.62,7.00,450.00,null,null,null
2023-09-19T01:47:04Z,22.65,58.16,22,0,24.50,100.63,10.00,466.00,null,null,null
2023-09-19T01:48:04Z,22.68,58.11,22,0,24.35,100.63,8.00,457.00,null,null,null
2023-09-19T01:49:04Z,22.65,58.12,22,0,26.36,100.63,8.00,457.00,null,null,null
2023-09-19T01:50:04Z,22.65,58.16,23,0,28.77,100.63,8.00,457.00,0,0,0
2023-09-19T01:51:04Z,22.66,58.12,22,0,25.38,100.63,7.00,452.00,null,null,null
2023-09-19T01:52:04Z,22.69,58.09,22,0,27.10,100.62,7.00,452.00,null,null,null
2023-09-19T01:53:04Z,22.65,58.12,22,0,27.53,100.63,7.00,452.00,null,null,null
2023-09-19T01:54:04Z,22.66,58.13,22,0,27.97,100.63,7.00,452.00,null,null,null
2023-09-19T01:55:04Z,22.63,58.16,22,0,30.78,100.62,7.00,452.00,0,0,0
2023-09-19T01:56:04Z,22.66,58.11,22,0,26.24,100.62,8.00,457.00,null,null,null
2023-09-19T01:57:04Z,22.66,58.12,22,0,31.97,100.62,9.00,461.00,null,null,null
2023-09-19T01:58:04Z,22.65,58.15,22,0,23.72,100.62,7.00,452.00,null,null,null
2023-09-19T01:59:04Z,22.65,58.16,22,0,26.03,100.62,10.00,466.00,null,null,null
2023-09-19T02:00:04Z,22.63,58.13,23,0,26.26,100.62,9.00,461.00,0,0,0
2023-09-19T02:01:04Z,22.62,58.09,22,0,27.87,100.62,7.00,452.00,null,null,null
2023-09-19T02:02:04Z,22.63,58.12,22,0,24.19,100.62,10.00,466.00,null,null,null
2023-09-19T02:03:04Z,22.65,58.10,22,0,29.03,100.62,9.00,461.00,null,null,null
2023-09-19T02:04:04Z,22.62,58.13,23,0,36.28,100.62,10.00,466.00,null,null,null
2023-09-19T02:05:04Z,22.63,58.13,22,0,24.43,100.61,9.00,461.00,0,0,0
2023-09-19T02:06:04Z,22.63,58.12,22,0,31.70,100.62,8.00,457.00,null,null,null
2023-09-19T02:07:04Z,22.62,58.15,22,0,31.59,100.62,6.00,443.00,null,null,null
2023-09-19T02:08:04Z,22.63,58.09,22,0,25.22,100.62,6.00,443.00,null,null,null
2023-09-19T02:09:04Z,22.63,58.11,22,0,28.88,100.63,8.00,457.00,null,null,null
2023-09-19T02:10:04Z,22.63,58.11,23,0,24.07,100.63,7.00,452.00,0,0,0
2023-09-19T02:11:04Z,22.65,58.11,22,0,28.71,100.62,7.00,450.00,null,null,null
2023-09-19T02:12:04Z,22.62,58.09,22,0,28.30,100.62,7.00,452.00,null,null,null
2023-09-19T02:13:04Z,22.62,58.14,22,0,27.47,100.62,8.00,457.00,null,null,null
2023-09-19T02:14:04Z,22.62,58.11,22,0,26.73,100.62,8.00,457.00,null,null,null
2023-09-19T02:15:04Z,22.61,58.09,22,0,28.01,100.62,7.00,452.00,0,0,0
2023-09-19T02:16:04Z,22.62,58.15,22,0,25.73,100.63,6.00,443.00,null,null,null
2023-09-19T02:17:04Z,22.63,58.14,22,0,26.87,100.63,8.00,457.00,null,null,null
2023-09-19T02:18:04Z,22.62,58.06,22,0,23.35,100.63,7.00,452.00,null,null,null
2023-09-19T02:19:04Z,22.61,58.10,22,0,29.25,100.63,7.00,452.00,null,null,null
2023-09-19T02:20:04Z,22.62,58.14,22,0,29.33,100.64,7.00,450.00,0,0,0
2023-09-19T02:21:04Z,22.59,58.10,22,0,25.65,100.63,7.00,452.00,null,null,null
2023-09-19T02:22:04Z,22.61,58.14,22,0,29.03,100.63,7.00,450.00,null,null,null
2023-09-19T02:23:04Z,22.58,58.10,22,0,27.80,100.64,7.00,452.00,null,null,null
2023-09-19T02:24:04Z,22.59,58.12,22,0,25.06,100.64,7.00,450.00,null,null,null
2023-09-19T02:25:04Z,22.59,58.11,22,0,29.20,100.64,8.00,457.00,0,0,0
2023-09-19T02:26:04Z,22.61,58.11,22,0,23.86,100.65,7.00,450.00,null,null,null
2023-09-19T02:27:04Z,22.59,58.07,22,0,27.68,100.65,7.00,450.00,null,null,null
2023-09-19T02:28:04Z,22.61,58.12,22,0,27.49,100.65,7.00,450.00,null,null,null
2023-09-19T02:29:04Z,22.59,58.07,22,0,26.69,100.64,9.00,461.00,null,null,null
2023-09-19T02:30:04Z,22.56,58.12,22,0,30.91,100.64,8.00,457.00,0,0,0
2023-09-19T02:31:04Z,22.59,58.08,22,0,24.50,100.64,7.00,450.00,null,null,null
2023-09-19T02:32:04Z,22.59,58.11,22,0,29.12,100.64,7.00,452.00,null,null,null
2023-09-19T02:33:04Z,22.59,58.09,22,0,27.94,100.64,7.00,452.00,null,null,null
2023-09-19T02:34:04Z,22.58,58.11,22,0,25.65,100.64,7.00,450.00,null,null,null
2023-09-19T02:35:04Z,22.56,58.12,22,0,25.32,100.64,6.00,443.00,0,0,0
2023-09-19T02:36:04Z,22.56,58.10,22,0,29.26,100.64,6.00,443.00,null,null,null
2023-09-19T02:37:04Z,22.58,58.09,22,0,30.53,100.64,7.00,452.00,null,null,null
2023-09-19T02:38:04Z,22.59,58.11,22,0,27.04,100.64,7.00,450.00,null,null,null
2023-09-19T02:39:04Z,22.55,58.16,22,0,29.58,100.64,9.00,461.00,null,null,null
2023-09-19T02:40:04Z,22.58,58.13,22,0,27.20,100.64,8.00,457.00,0,0,0
2023-09-19T02:41:04Z,22.55,58.10,22,0,27.08,100.63,7.00,450.00,null,null,null
2023-09-19T02:42:04Z,22.56,58.10,22,0,31.38,100.63,7.00,452.00,null,null,null
2023-09-19T02:43:04Z,22.58,58.11,22,0,25.92,100.62,8.00,457.00,null,null,null
2023-09-19T02:44:04Z,22.56,58.12,22,0,35.04,100.62,7.00,452.00,null,null,null
2023-09-19T02:45:04Z,22.59,58.11,22,0,35.67,100.62,8.00,457.00,0,0,0
2023-09-19T02:46:04Z,22.58,58.05,22,0,32.81,100.62,7.00,450.00,null,null,null
2023-09-19T02:47:04Z,22.56,58.08,22,0,29.15,100.62,7.00,452.00,null,null,null
2023-09-19T02:48:04Z,22.56,58.07,22,0,28.68,100.62,7.00,450.00,null,null,null
2023-09-19T02:49:04Z,22.58,58.05,22,0,30.15,100.62,7.00,450.00,null,null,null
2023-09-19T02:50:04Z,22.55,58.08,22,0,30.40,100.62,7.00,452.00,0,0,0
2023-09-19T02:51:04Z,22.56,58.11,22,0,27.64,100.62,6.00,443.00,null,null,null
2023-09-19T02:52:04Z,22.56,58.08,22,0,27.36,100.63,6.00,443.00,null,null,null
2023-09-19T02:53:04Z,22.53,58.12,22,0,29.63,100.62,7.00,452.00,null,null,null
2023-09-19T02:54:04Z,22.55,58.08,22,0,30.01,100.62,6.00,443.00,null,null,null
2023-09-19T02:55:04Z,22.55,58.05,22,0,26.87,100.61,7.00,450.00,0,0,0
2023-09-19T02:56:04Z,22.56,58.09,22,0,25.92,100.61,7.00,452.00,null,null,null
2023-09-19T02:57:04Z,22.56,58.05,22,0,27.12,100.61,7.00,450.00,null,null,null
2023-09-19T02:58:04Z,22.55,58.08,22,0,27.73,100.62,6.00,443.00,null,null,null
2023-09-19T02:59:04Z,22.52,58.12,22,0,24.03,100.61,7.00,452.00,null,null,null
2023-09-19T03:00:04Z,22.55,58.13,22,0,30.92,100.62,6.00,443.00,0,0,0
2023-09-19T03:01:04Z,22.55,58.10,22,0,26.82,100.62,6.00,443.00,null,null,null
2023-09-19T03:02:04Z,22.53,58.08,22,0,26.21,100.62,7.00,450.00,null,null,null
2023-09-19T03:03:04Z,22.55,58.05,22,0,40.69,100.61,5.00,438.00,null,null,null
2023-09-19T03:04:04Z,22.51,58.11,22,0,29.94,100.61,5.00,438.00,null,null,null
2023-09-19T03:05:04Z,22.52,58.13,22,0,28.01,100.62,7.00,450.00,0,0,0
2023-09-19T03:06:04Z,22.52,58.06,22,0,31.28,100.61,6.00,443.00,null,null,null
2023-09-19T03:07:04Z,22.53,58.02,22,0,29.62,100.61,6.00,443.00,null,null,null
2023-09-19T03:08:04Z,22.52,58.10,22,0,21.85,100.61,6.00,443.00,null,null,null
2023-09-19T03:09:04Z,22.52,58.08,22,0,29.20,100.61,7.00,450.00,null,null,null
2023-09-19T03:10:04Z,22.52,58.05,22,0,28.84,100.61,6.00,443.00,0,0,0
2023-09-19T03:11:04Z,22.52,58.07,22,0,26.89,100.60,7.00,450.00,null,null,null
2023-09-19T03:12:04Z,22.52,58.10,22,0,25.87,100.61,7.00,452.00,null,null,null
2023-09-19T03:13:04Z,22.53,58.10,22,0,32.53,100.61,7.00,452.00,null,null,null
2023-09-19T03:14:04Z,22.51,58.06,22,0,26.46,100.60,7.00,450.00,null,null,null
2023-09-19T03:15:04Z,22.51,58.10,22,0,26.48,100.60,6.00,443.00,0,0,0
2023-09-19T03:16:04Z,22.52,58.06,22,0,27.38,100.59,7.00,450.00,null,null,null
2023-09-19T03:17:04Z,22.53,58.07,22,0,24.79,100.60,6.00,443.00,null,null,null
2023-09-19T03:18:04Z,22.52,58.11,22,0,28.78,100.60,6.00,443.00,null,null,null
2023-09-19T03:19:04Z,22.53,58.07,22,0,27.49,100.60,6.00,443.00,null,null,null
2023-09-19T03:20:04Z,22.53,58.10,22,0,30.41,100.60,7.00,450.00,0,0,0
2023-09-19T03:21:04Z,22.52,58.13,21,0,24.61,100.60,5.00,438.00,null,null,null
2023-09-19T03:22:04Z,22.53,58.12,22,0,29.37,100.59,7.00,450.00,null,null,null
2023-09-19T03:23:04Z,22.51,58.09,22,0,28.42,100.60,6.00,443.00,null,null,null
2023-09-19T03:24:04Z,22.49,58.09,22,0,27.89,100.60,6.00,443.00,null,null,null
2023-09-19T03:25:04Z,22.51,58.14,22,0,25.38,100.60,6.00,443.00,0,0,0
2023-09-19T03:26:04Z,22.49,58.10,22,0,29.49,100.60,7.00,450.00,null,null,null
2023-09-19T03:27:04Z,22.51,58.09,21,0,26.89,100.60,6.00,443.00,null,null,null
2023-09-19T03:28:04Z,22.49,58.10,22,0,22.99,100.61,7.00,450.00,null,null,null
2023-09-19T03:29:04Z,22.49,58.11,22,0,26.00,100.60,7.00,450.00,null,null,null
2023-09-19T03:30:04Z,22.51,58.10,22,0,29.91,100.61,7.00,450.00,0,0,0
2023-09-19T03:31:04Z,22.49,58.09,21,0,27.22,100.61,5.00,438.00,null,null,null
2023-09-19T03:32:04Z,22.51,58.11,22,0,30.20,100.60,5.00,438.00,null,null,null
2023-09-19T03:33:04Z,22.49,58.07,21,0,25.90,100.61,5.00,438.00,null,null,null
2023-09-19T03:34:04Z,22.49,58.14,22,0,25.67,100.60,6.00,443.00,null,null,null
2023-09-19T03:35:04Z,22.49,58.09,21,0,26.11,100.60,6.00,443.00,0,0,0
2023-09-19T03:36:04Z,22.49,58.15,21,0,25.98,100.60,5.00,438.00,null,null,null
2023-09-19T03:37:04Z,22.46,58.11,22,0,27.57,100.60,6.00,443.00,null,null,null
2023-09-19T03:38:04Z,22.49,58.15,21,0,26.21,100.60,5.00,438.00,null,null,null
2023-09-19T03:39:04Z,22.48,58.11,21,0,27.60,100.59,6.00,443.00,null,null,null
2023-09-19T03:40:04Z,22.48,58.12,22,0,26.97,100.59,6.00,443.00,0,0,0
2023-09-19T03:41:04Z,22.49,58.09,21,0,26.82,100.59,5.00,438.00,null,null,null
2023-09-19T03:42:04Z,22.48,58.08,21,0,25.76,100.60,6.00,443.00,null,null,null
2023-09-19T03:43:04Z,22.48,58.12,21,0,28.40,100.59,7.00,450.00,null,null,null
2023-09-19T03:44:04Z,22.48,58.09,22,0,25.35,100.59,7.00,450.00,null,null,null
2023-09-19T03:45:04Z,22.48,58.09,22,0,26.26,100.59,5.00,438.00,0,0,0
2023-09-19T03:46:04Z,22.48,58.06,21,0,29.15,100.58,6.00,443.00,null,null,null
2023-09-19T03:47:04Z,22.49,58.13,21,0,30.40,100.59,5.00,438.00,null,null,null
2023-09-19T03:48:04Z,22.48,58.07,21,0,27.49,100.58,7.00,450.00,null,null,null
2023-09-19T03:49:04Z,22.46,58.12,21,0,26.60,100.57,6.00,443.00,null,null,null
2023-09-19T03:50:04Z,22.46,58.11,21,0,27.51,100.57,6.00,443.00,0,0,0
2023-09-19T03:51:04Z,22.51,58.10,21,0,27.87,100.57,6.00,443.00,null,null,null
2023-09-19T03:52:04Z,22.48,58.11,21,0,25.09,100.56,5.00,438.00,null,null,null
2023-09-19T03:53:04Z,22.45,58.11,21,0,31.32,100.56,6.00,443.00,null,null,null
2023-09-19T03:54:04Z,22.46,58.07,21,0,26.26,100.57,6.00,443.00,null,null,null
2023-09-19T03:55:04Z,22.46,58.09,21,0,27.04,100.57,5.00,438.00,0,0,0
2023-09-19T03:56:04Z,22.48,58.11,21,0,28.30,100.56,5.00,438.00,null,null,null
2023-09-19T03:57:04Z,22.48,58.12,21,0,27.99,100.57,5.00,438.00,null,null,null
2023-09-19T03:58:04Z,22.46,58.09,21,0,30.50,100.56,6.00,443.00,null,null,null
2023-09-19T03:59:04Z,22.48,58.04,22,0,28.51,100.57,5.00,435.00,null,null,null
2023-09-19T04:00:04Z,22.45,58.11,21,0,27.22,100.57,5.00,435.00,0,0,0
2023-09-19T04:01:04Z,22.46,58.05,21,0,26.80,100.55,5.00,435.00,null,null,null
2023-09-19T04:02:04Z,22.46,58.04,21,0,29.68,100.56,5.00,438.00,null,null,null
2023-09-19T04:03:04Z,22.46,58.07,21,0,29.60,100.56,5.00,438.00,null,null,null
2023-09-19T04:04:04Z,22.48,58.12,21,0,22.12,100.56,5.00,438.00,null,null,null
2023-09-19T04:05:04Z,22.45,58.09,21,0,27.26,100.56,5.00,438.00,0,0,0
2023-09-19T04:06:04Z,22.45,58.09,21,0,23.30,100.55,5.00,438.00,null,null,null
2023-09-19T04:07:04Z,22.48,58.09,21,0,25.06,100.56,6.00,443.00,null,null,null
2023-09-19T04:08:04Z,22.45,58.01,21,0,29.16,100.55,5.00,438.00,null,null,null
2023-09-19T04:09:04Z,22.45,58.09,21,0,31.38,100.55,6.00,443.00,null,null,null
2023-09-19T04:10:04Z,22.46,58.09,21,0,33.46,100.55,5.00,438.00,0,0,0
2023-09-19T04:11:04Z,22.46,58.07,21,0,28.39,100.54,5.00,438.00,null,null,null
2023-09-19T04:12:04Z,22.46,58.05,21,0,27.18,100.54,5.00,438.00,null,null,null
2023-09-19T04:13:04Z,22.46,58.04,21,0,29.16,100.54,5.00,438.00,null,null,null
2023-09-19T04:14:04Z,22.46,58.08,21,0,25.26,100.54,5.00,438.00,null,null,null
2023-09-19T04:15:04Z,22.43,58.03,21,0,32.04,100.54,5.00,438.00,0,0,0
2023-09-19T04:16:04Z,22.45,58.04,21,0,34.58,100.54,5.00,438.00,null,null,null
2023-09-19T04:17:04Z,22.45,58.05,21,0,28.73,100.54,5.00,438.00,null,null,null
2023-09-19T04:18:04Z,22.45,58.06,21,0,24.89,100.54,5.00,438.00,null,null,null
2023-09-19T04:19:04Z,22.46,58.04,21,0,28.33,100.53,5.00,438.00,null,null,null
2023-09-19T04:20:04Z,22.45,58.09,21,0,29.01,100.53,5.00,438.00,0,0,0
2023-09-19T04:21:04Z,22.45,58.01,21,0,23.59,100.53,5.00,438.00,null,null,null
2023-09-19T04:22:04Z,22.43,58.10,21,0,29.74,100.53,5.00,438.00,null,null,null
2023-09-19T04:23:04Z,22.45,58.03,21,0,31.26,100.53,5.00,438.00,null,null,null
2023-09-19T04:24:04Z,22.45,58.01,21,0,26.82,100.52,5.00,435.00,null,null,null
2023-09-19T04:25:04Z,22.42,58.03,21,0,31.54,100.52,5.00,435.00,0,0,0
2023-09-19T04:26:04Z,22.43,58.05,21,0,29.87,100.52,5.00,438.00,null,null,null
2023-09-19T04:27:04Z,22.43,58.09,21,0,22.18,100.52,5.00,435.00,null,null,null
2023-09-19T04:28:04Z,22.45,58.00,21,0,24.83,100.52,5.00,435.00,null,null,null
2023-09-19T04:29:04Z,22.42,58.07,21,0,30.77,100.52,5.00,435.00,null,null,null
2023-09-19T04:30:04Z,22.45,58.09,21,0,28.57,100.52,5.00,438.00,0,0,0
2023-09-19T04:31:04Z,22.42,58.05,21,0,30.58,100.52,5.00,435.00,null,null,null
2023-09-19T04:32:04Z,22.43,58.03,21,0,25.76,100.51,5.00,438.00,null,null,null
2023-09-19T04:33:04Z,22.43,58.05,21,0,29.35,100.51,5.00,438.00,null,null,null
2023-09-19T04:34:04Z,22.43,58.03,21,0,23.30,100.51,5.00,438.00,null,null,null
2023-09-19T04:35:04Z,22.43,58.06,21,0,25.56,100.52,5.00,435.00,0,0,0
2023-09-19T04:36:04Z,22.41,58.02,21,0,29.11,100.52,5.00,435.00,null,null,null
2023-09-19T04:37:04Z,22.43,58.04,21,0,28.54,100.51,5.00,438.00,null,null,null
2023-09-19T04:38:04Z,22.42,58.01,21,0,29.47,100.51,5.00,438.00,null,null,null
2023-09-19T04:39:04Z,22.42,58.02,21,0,29.43,100.51,5.00,438.00,null,null,null
2023-09-19T04:40:04Z,22.43,58.09,21,0,29.84,100.51,5.00,435.00,0,0,0
2023-09-19T04:41:04Z,22.45,58.06,21,0,28.52,100.52,5.00,438.00,null,null,null
2023-09-19T04:42:04Z,22.45,58.06,21,0,28.07,100.51,5.00,435.00,null,null,null
2023-09-19T04:43:04Z,22.42,58.04,21,0,31.30,100.51,5.00,435.00,null,null,null
2023-09-19T04:44:04Z,22.42,58.04,21,0,29.04,100.51,5.00,435.00,null,null,null
2023-09-19T04:45:04Z,22.42,58.02,21,0,31.97,100.51,5.00,435.00,0,0,0
2023-09-19T04:46:04Z,22.41,58.05,21,0,28.61,100.51,5.00,435.00,null,null,null
2023-09-19T04:47:04Z,22.41,57.98,21,0,24.79,100.51,5.00,435.00,null,null,null
2023-09-19T04:48:04Z,22.41,58.02,21,0,28.20,100.51,5.00,438.00,null,null,null
2023-09-19T04:49:04Z,22.42,58.05,21,0,26.80,100.51,5.00,435.00,null,null,null
2023-09-19T04:50:04Z,22.41,58.03,21,0,27.97,100.51,5.00,435.00,0,0,0
2023-09-19T04:51:04Z,22.39,58.01,21,0,24.79,100.51,5.00,435.00,null,null,null
2023-09-19T04:52:04Z,22.39,57.99,21,0,28.99,100.51,5.00,435.00,null,null,null
2023-09-19T04:53:04Z,22.41,58.09,21,0,29.98,100.51,5.00,435.00,null,null,null
2023-09-19T04:54:04Z,22.42,58.05,21,0,29.64,100.51,5.00,435.00,null,null,null
2023-09-19T04:55:04Z,22.42,57.98,21,0,34.65,100.51,4.00,428.00,0,0,0
2023-09-19T04:56:04Z,22.42,58.05,21,0,25.35,100.51,5.00,435.00,null,null,null
2023-09-19T04:57:04Z,22.39,58.04,21,0,28.68,100.51,5.00,435.00,null,null,null
2023-09-19T04:58:04Z,22.41,57.95,21,0,28.09,100.52,5.00,435.00,null,null,null
2023-09-19T04:59:04Z,22.43,58.04,21,0,33.10,100.51,5.00,435.00,null,null,null
2023-09-19T05:00:04Z,22.39,58.04,21,0,32.80,100.51,5.00,435.00,0,0,0
2023-09-19T05:01:04Z,22.42,58.05,21,0,29.12,100.52,4.00,428.00,null,null,null
2023-09-19T05:02:04Z,22.41,58.05,20,0,31.92,100.51,5.00,435.00,null,null,null
2023-09-19T05:03:04Z,22.41,57.96,21,0,24.83,100.51,5.00,435.00,null,null,null
2023-09-19T05:04:04Z,22.41,58.06,21,0,28.73,100.52,5.00,435.00,null,null,null
2023-09-19T05:05:04Z,22.41,58.06,21,0,28.98,100.52,5.00,435.00,0,0,0
2023-09-19T05:06:04Z,22.36,58.03,21,0,25.65,100.52,5.00,435.00,null,null,null
2023-09-19T05:07:04Z,22.42,57.96,21,0,31.91,100.52,5.00,435.00,null,null,null
2023-09-19T05:08:04Z,22.38,58.02,21,0,36.08,100.52,5.00,435.00,null,null,null
2023-09-19T05:09:04Z,22.39,57.95,20,0,27.47,100.52,5.00,435.00,null,null,null
2023-09-19T05:10:04Z,22.38,58.00,20,0,34.74,100.53,5.00,435.00,0,0,0
2023-09-19T05:11:04Z,22.41,58.00,21,0,25.59,100.52,5.00,435.00,null,null,null
2023-09-19T05:12:04Z,22.39,58.08,21,0,30.16,100.52,4.00,428.00,null,null,null
2023-09-19T05:13:04Z,22.36,58.00,21,0,27.08,100.52,5.00,435.00,null,null,null
2023-09-19T05:14:04Z,22.41,58.02,21,0,30.36,100.52,5.00,435.00,null,null,null
2023-09-19T05:15:04Z,22.36,58.00,21,0,28.89,100.52,5.00,435.00,0,0,0
2023-09-19T05:16:04Z,22.39,58.01,20,0,30.73,100.52,5.00,435.00,null,null,null
2023-09-19T05:17:04Z,22.36,58.02,20,0,29.60,100.52,5.00,435.00,null,null,null
2023-09-19T05:18:04Z,22.41,57.99,20,0,29.88,100.52,5.00,435.00,null,null,null
2023-09-19T05:19:04Z,22.38,58.02,20,0,33.46,100.52,4.00,428.00,null,null,null
2023-09-19T05:20:04Z,22.36,58.00,20,0,28.77,100.52,5.00,435.00,0,0,0
2023-09-19T05:21:04Z,22.38,58.02,20,0,32.90,100.52,5.00,435.00,null,null,null
2023-09-19T05:22:04Z,22.36,58.04,21,0,26.73,100.52,4.00,428.00,null,null,null
2023-09-19T05:23:04Z,22.38,58.03,20,0,28.70,100.52,3.00,425.00,null,null,null
2023-09-19T05:24:04Z,22.38,57.99,21,0,23.68,100.51,3.00,425.00,null,null,null
2023-09-19T05:25:04Z,22.35,57.96,20,0,29.17,100.51,3.00,425.00,0,0,0
2023-09-19T05:26:04Z,22.38,58.02,20,0,30.45,100.52,3.00,425.00,null,null,null
2023-09-19T05:27:04Z,22.38,57.99,20,0,32.54,100.51,4.00,428.00,null,null,null
2023-09-19T05:28:04Z,22.36,57.98,20,0,29.58,100.51,5.00,435.00,null,null,null
2023-09-19T05:29:04Z,22.38,58.02,20,0,30.46,100.51,4.00,428.00,null,null,null
2023-09-19T05:30:04Z,22.36,58.03,21,0,49.42,100.51,5.00,435.00,0,0,0
2023-09-19T05:31:04Z,22.38,58.04,20,0,28.74,100.51,3.00,425.00,null,null,null
2023-09-19T05:32:04Z,22.39,58.02,20,0,28.58,100.51,4.00,428.00,null,null,null
2023-09-19T05:33:04Z,22.35,58.02,20,0,33.04,100.50,5.00,435.00,null,null,null
2023-09-19T05:34:04Z,22.38,58.00,20,0,42.29,100.50,5.00,435.00,null,null,null
2023-09-19T05:35:04Z,22.35,57.96,20,0,45.37,100.50,4.00,428.00,0,0,0
2023-09-19T05:36:04Z,22.38,57.96,20,0,29.62,100.50,4.00,428.00,null,null,null
2023-09-19T05:37:04Z,22.38,58.04,20,0,29.99,100.50,4.00,428.00,null,null,null
2023-09-19T05:38:04Z,22.36,58.02,20,0,25.44,100.50,4.00,428.00,null,null,null
2023-09-19T05:39:04Z,22.36,58.05,20,0,30.57,100.50,4.00,428.00,null,null,null
2023-09-19T05:40:04Z,22.36,58.06,20,0,31.51,100.50,4.00,428.00,0,0,0
2023-09-19T05:41:04Z,22.35,57.99,20,0,48.59,100.50,4.00,428.00,null,null,null
2023-09-19T05:42:04Z,22.35,58.02,20,0,38.92,100.50,4.00,428.00,null,null,null
2023-09-19T05:43:04Z,22.36,57.98,20,0,29.42,100.50,4.00,428.00,null,null,null
2023-09-19T05:44:04Z,22.38,58.05,20,0,31.81,100.49,4.00,428.00,null,null,null
2023-09-19T05:45:04Z,22.34,57.97,20,0,34.74,100.50,4.00,428.00,0,0,0
2023-09-19T05:46:04Z,22.38,58.01,20,0,38.10,100.49,4.00,428.00,null,null,null
2023-09-19T05:47:04Z,22.35,57.95,20,0,35.98,100.49,4.00,428.00,null,null,null
2023-09-19T05:48:04Z,22.36,58.00,20,0,33.11,100.49,4.00,428.00,null,null,null
2023-09-19T05:49:04Z,22.36,57.99,20,0,37.74,100.49,4.00,428.00,null,null,null
2023-09-19T05:50:04Z,22.35,57.99,20,0,40.31,100.48,4.00,428.00,0,0,0
2023-09-19T05:51:04Z,22.35,58.00,20,0,39.96,100.48,3.00,425.00,null,null,null
2023-09-19T05:52:04Z,22.35,58.00,20,0,36.00,100.48,3.00,425.00,null,null,null
2023-09-19T05:53:04Z,22.35,57.99,20,0,37.86,100.47,3.00,425.00,null,null,null
2023-09-19T05:54:04Z,22.36,57.99,20,0,35.98,100.48,4.00,428.00,null,null,null
2023-09-19T05:55:04Z,22.35,58.00,20,0,32.74,100.48,4.00,428.00,0,0,0
2023-09-19T05:56:04Z,22.36,58.01,20,0,37.77,100.48,3.00,425.00,null,null,null
2023-09-19T05:57:04Z,22.38,58.04,20,0,32.01,100.47,4.00,428.00,null,null,null
2023-09-19T05:58:04Z,22.36,58.00,20,0,33.24,100.47,4.00,428.00,null,null,null
2023-09-19T05:59:04Z,22.35,58.04,20,0,33.39,100.46,5.00,435.00,null,null,null
2023-09-19T06:00:04Z,22.35,57.97,20,0,29.18,100.47,4.00,428.00,0,0,0
2023-09-19T06:01:04Z,22.36,58.03,20,0,34.03,100.46,3.00,425.00,null,null,null
2023-09-19T06:02:04Z,22.36,58.00,20,0,29.58,100.46,5.00,435.00,null,null,null
2023-09-19T06:03:04Z,22.34,58.00,20,0,27.38,100.46,4.00,428.00,null,null,null
2023-09-19T06:04:04Z,22.34,58.03,20,0,29.60,100.45,5.00,435.00,null,null,null
2023-09-19T06:05:04Z,22.34,57.99,20,0,31.97,100.45,4.00,428.00,0,0,0
2023-09-19T06:06:04Z,22.35,57.96,20,0,29.97,100.45,5.00,435.00,null,null,null
2023-09-19T06:07:04Z,22.35,58.04,20,0,33.39,100.44,5.00,435.00,null,null,null
2023-09-19T06:08:04Z,22.39,58.02,20,0,28.89,100.45,4.00,428.00,null,null,null
2023-09-19T06:09:04Z,22.34,58.04,20,0,39.18,100.45,5.00,435.00,null,null,null
2023-09-19T06:10:04Z,22.36,58.04,20,0,34.53,100.45,5.00,435.00,0,0,0
2023-09-19T06:11:04Z,22.36,58.01,20,0,32.01,100.45,4.00,428.00,null,null,null
2023-09-19T06:12:04Z,22.36,57.99,20,0,36.76,100.45,5.00,435.00,null,null,null
2023-09-19T06:13:04Z,22.34,58.00,20,0,32.24,100.45,5.00,435.00,null,null,null
2023-09-19T06:14:04Z,22.35,58.00,20,0,37.92,100.45,5.00,435.00,null,null,null
2023-09-19T06:15:04Z,22.35,58.01,20,0,31.02,100.44,5.00,435.00,0,0,0
2023-09-19T06:16:04Z,22.35,58.04,20,0,36.68,100.44,5.00,435.00,null,null,null
2023-09-19T06:17:04Z,22.36,58.01,20,0,43.79,100.44,5.00,435.00,null,null,null
2023-09-19T06:18:04Z,22.36,57.99,20,0,48.75,100.44,5.00,435.00,null,null,null
2023-09-19T06:19:04Z,22.39,58.01,20,0,41.06,100.44,3.00,425.00,null,null,null
2023-09-19T06:20:04Z,22.36,58.03,20,0,35.99,100.44,4.00,428.00,0,0,0
2023-09-19T06:21:04Z,22.35,58.04,20,0,38.75,100.45,4.00,428.00,null,null,null
2023-09-19T06:22:04Z,22.36,58.05,20,0,30.86,100.44,5.00,435.00,null,null,null
2023-09-19T06:23:04Z,22.35,58.01,20,0,43.67,100.44,5.00,435.00,null,null,null
2023-09-19T06:24:04Z,22.35,57.99,20,0,30.48,100.44,5.00,435.00,null,null,null
2023-09-19T06:25:04Z,22.35,58.04,20,0,31.13,100.44,5.00,435.00,0,0,0
2023-09-19T06:26:04Z,22.36,57.99,20,0,30.43,100.43,5.00,435.00,null,null,null
2023-09-19T06:27:04Z,22.36,58.00,20,0,28.67,100.44,5.00,435.00,null,null,null
2023-09-19T06:28:04Z,22.35,57.97,20,0,28.51,100.44,5.00,435.00,null,null,null
2023-09-19T06:29:04Z,22.36,58.00,20,0,28.77,100.43,5.00,435.00,null,null,null
2023-09-19T06:30:04Z,22.35,58.04,20,0,27.94,100.43,5.00,435.00,0,0,0
2023-09-19T06:31:04Z,22.36,57.99,19,0,29.27,100.44,5.00,435.00,null,null,null
2023-09-19T06:32:04Z,22.36,57.97,20,0,32.91,100.43,5.00,435.00,null,null,null
2023-09-19T06:33:04Z,22.36,58.01,20,0,24.35,100.43,5.00,438.00,null,null,null
2023-09-19T06:34:04Z,22.35,58.01,20,0,29.46,100.43,5.00,435.00,null,null,null
2023-09-19T06:35:04Z,22.36,58.00,20,0,31.11,100.42,5.00,435.00,0,0,0
2023-09-19T06:36:04Z,22.38,58.02,19,0,29.51,100.43,5.00,435.00,null,null,null
2023-09-19T06:37:04Z,22.38,58.04,20,0,36.64,100.43,5.00,435.00,null,null,null
2023-09-19T06:38:04Z,22.36,58.02,20,0,30.05,100.43,5.00,435.00,null,null,null
2023-09-19T06:39:04Z,22.36,58.01,20,0,31.34,100.44,5.00,435.00,null,null,null
2023-09-19T06:40:04Z,22.36,58.00,19,0,28.88,100.42,5.00,435.00,0,0,0
2023-09-19T06:41:04Z,22.36,58.01,20,0,34.10,100.42,5.00,438.00,null,null,null
2023-09-19T06:42:04Z,22.38,58.05,19,0,35.25,100.43,5.00,435.00,null,null,null
2023-09-19T06:43:04Z,22.35,57.98,19,0,26.97,100.43,5.00,435.00,null,null,null
2023-09-19T06:44:04Z,22.36,58.02,19,0,31.49,100.42,5.00,435.00,null,null,null
2023-09-19T06:45:04Z,22.38,57.99,20,0,32.90,100.42,5.00,435.00,0,0,0
2023-09-19T06:46:04Z,22.38,58.01,19,0,32.53,100.42,5.00,435.00,null,null,null
2023-09-19T06:47:04Z,22.38,58.02,19,0,29.27,100.43,5.00,435.00,null,null,null
2023-09-19T06:48:04Z,22.35,58.00,19,0,31.38,100.43,5.00,435.00,null,null,null
2023-09-19T06:49:04Z,22.36,57.99,20,0,29.37,100.43,5.00,438.00,null,null,null
2023-09-19T06:50:04Z,22.36,58.03,19,0,35.73,100.43,5.00,438.00,0,0,0
2023-09-19T06:51:04Z,22.38,57.96,19,0,32.41,100.43,5.00,435.00,null,null,null
2023-09-19T06:52:04Z,22.36,58.03,19,0,25.76,100.43,5.00,438.00,null,null,null
2023-09-19T06:53:04Z,22.38,57.96,19,0,30.53,100.43,5.00,438.00,null,null,null
2023-09-19T06:54:04Z,22.38,58.04,20,0,30.69,100.42,5.00,438.00,null,null,null
2023-09-19T06:55:04Z,22.38,58.02,19,0,30.18,100.43,5.00,438.00,0,0,0
2023-09-19T06:56:04Z,22.38,57.99,19,0,29.44,100.42,4.00,428.00,null,null,null
2023-09-19T06:57:04Z,22.38,57.96,19,0,35.58,100.42,5.00,438.00,null,null,null
2023-09-19T06:58:04Z,22.36,58.00,19,0,33.67,100.42,5.00,438.00,null,null,null
2023-09-19T06:59:04Z,22.38,58.00,19,0,33.10,100.42,5.00,435.00,null,null,null
2023-09-19T07:00:04Z,22.38,57.96,19,0,29.53,100.41,5.00,435.00,0,0,0
2023-09-19T07:01:04Z,22.38,57.96,19,0,33.50,100.41,5.00,438.00,null,null,null
2023-09-19T07:02:04Z,22.35,57.94,19,0,34.99,100.41,5.00,435.00,null,null,null
2023-09-19T07:03:04Z,22.38,57.99,19,0,26.82,100.41,5.00,438.00,null,null,null
2023-09-19T07:04:04Z,22.38,58.02,19,0,38.72,100.41,5.00,438.00,null,null,null
2023-09-19T07:05:04Z,22.36,58.01,19,0,33.25,100.40,5.00,435.00,0,0,0
2023-09-19T07:06:04Z,22.38,58.02,19,0,36.83,100.40,5.00,435.00,null,null,null
2023-09-19T07:07:04Z,22.38,57.96,19,0,33.47,100.39,5.00,438.00,null,null,null
2023-09-19T07:08:04Z,22.36,58.04,19,0,32.54,100.39,5.00,438.00,null,null,null
2023-09-19T07:09:04Z,22.36,58.04,19,0,36.53,100.40,5.00,438.00,null,null,null
2023-09-19T07:10:04Z,22.38,58.00,19,0,32.23,100.40,5.00,438.00,0,0,0
2023-09-19T07:11:04Z,22.36,58.01,19,0,38.39,100.41,5.00,438.00,null,null,null
2023-09-19T07:12:04Z,22.38,57.96,19,0,28.58,100.40,5.00,438.00,null,null,null
2023-09-19T07:13:04Z,22.36,58.00,19,0,42.60,100.40,5.00,438.00,null,null,null
2023-09-19T07:14:04Z,22.35,58.00,19,0,31.13,100.40,5.00,435.00,null,null,null
2023-09-19T07:15:04Z,22.36,58.03,19,0,36.50,100.40,5.00,435.00,0,0,0
2023-09-19T07:16:04Z,22.36,57.96,19,0,34.72,100.39,5.00,435.00,null,null,null
2023-09-19T07:17:04Z,22.36,57.99,19,0,26.93,100.40,5.00,438.00,null,null,null
2023-09-19T07:18:04Z,22.36,58.04,19,0,33.75,100.40,5.00,438.00,null,null,null
2023-09-19T07:19:04Z,22.38,58.06,18,0,33.89,100.41,5.00,438.00,null,null,null
2023-09-19T07:20:04Z,22.36,57.99,19,0,32.17,100.40,5.00,438.00,0,0,0
2023-09-19T07:21:04Z,22.36,57.99,18,0,30.56,100.40,5.00,435.00,null,null,null
2023-09-19T07:22:04Z,22.36,57.98,18,0,30.60,100.39,5.00,438.00,null,null,null
2023-09-19T07:23:04Z,22.38,57.97,18,0,29.86,100.39,5.00,438.00,null,null,null
2023-09-19T07:24:04Z,22.35,58.03,19,0,27.42,100.39,5.00,438.00,null,null,null
2023-09-19T07:25:04Z,22.35,57.95,19,0,30.69,100.39,6.00,443.00,0,0,0
2023-09-19T07:26:04Z,22.39,58.00,18,0,31.95,100.39,6.00,443.00,null,null,null
2023-09-19T07:27:04Z,22.39,57.96,19,0,40.72,100.38,6.00,443.00,null,null,null
2023-09-19T07:28:04Z,22.39,57.97,19,0,28.89,100.38,5.00,438.00,null,null,null
2023-09-19T07:29:04Z,22.36,57.95,18,0,29.73,100.37,5.00,438.00,null,null,null
2023-09-19T07:30:04Z,22.36,58.04,19,0,31.46,100.37,5.00,438.00,0,0,0
2023-09-19T07:31:04Z,22.36,57.97,18,0,35.14,100.38,5.00,438.00,null,null,null
2023-09-19T07:32:04Z,22.38,57.97,19,0,32.79,100.37,5.00,438.00,null,null,null
2023-09-19T07:33:04Z,22.35,58.00,18,0,33.14,100.38,5.00,438.00,null,null,null
2023-09-19T07:34:04Z,22.38,57.95,18,0,29.09,100.37,5.00,438.00,null,null,null
2023-09-19T07:35:04Z,22.35,58.00,18,0,29.07,100.37,5.00,438.00,0,0,0
2023-09-19T07:36:04Z,22.35,57.98,18,0,31.12,100.36,5.00,438.00,null,null,null
2023-09-19T07:37:04Z,22.38,58.01,18,0,23.15,100.37,5.00,438.00,null,null,null
2023-09-19T07:38:04Z,22.36,58.03,18,0,25.70,100.37,5.00,438.00,null,null,null
2023-09-19T07:39:04Z,22.35,57.95,18,0,23.45,100.36,6.00,443.00,null,null,null
2023-09-19T07:40:04Z,22.38,58.03,18,0,33.60,100.37,5.00,438.00,0,0,0
2023-09-19T07:41:04Z,22.36,57.99,18,0,29.96,100.36,5.00,438.00,null,null,null
2023-09-19T07:42:04Z,22.36,57.95,18,0,29.28,100.36,5.00,435.00,null,null,null
2023-09-19T07:43:04Z,22.38,57.97,18,0,37.37,100.36,5.00,438.00,null,null,null
2023-09-19T07:44:04Z,22.35,57.92,18,0,30.21,100.36,5.00,438.00,null,null,null
2023-09-19T07:45:04Z,22.35,58.00,18,0,31.84,100.36,5.00,438.00,0,0,0
2023-09-19T07:46:04Z,22.38,57.94,18,0,31.73,100.36,5.00,435.00,null,null,null
2023-09-19T07:47:04Z,22.38,58.00,18,0,35.53,100.35,5.00,438.00,null,null,null
2023-09-19T07:48:04Z,22.39,58.00,18,0,30.54,100.35,5.00,438.00,null,null,null
2023-09-19T07:49:04Z,22.39,58.00,18,0,28.83,100.36,6.00,443.00,null,null,null
2023-09-19T07:50:04Z,22.35,58.04,18,0,27.89,100.34,5.00,438.00,0,0,0
2023-09-19T07:51:04Z,22.38,57.99,18,0,30.08,100.35,5.00,435.00,null,null,null
2023-09-19T07:52:04Z,22.36,58.02,18,0,28.70,100.35,5.00,438.00,null,null,null
2023-09-19T07:53:04Z,22.36,57.96,18,0,39.56,100.36,5.00,438.00,null,null,null
2023-09-19T07:54:04Z,22.36,57.97,18,0,44.52,100.36,5.00,438.00,null,null,null
2023-09-19T07:55:04Z,22.36,57.97,18,0,39.74,100.35,5.00,438.00,0,0,0
2023-09-19T07:56:04Z,22.36,57.90,18,0,42.48,100.35,5.00,438.00,null,null,null
2023-09-19T07:57:04Z,22.35,57.89,18,0,39.00,100.35,5.00,438.00,null,null,null
2023-09-19T07:58:04Z,22.36,57.85,18,0,39.36,100.36,5.00,438.00,null,null,null
2023-09-19T07:59:04Z,22.34,57.80,18,0,35.39,100.36,5.00,438.00,null,null,null
2023-09-19T08:00:04Z,22.31,57.79,18,0,38.78,100.37,5.00,438.00,0,0,0
2023-09-19T08:01:04Z,22.34,57.71,18,0,41.02,100.36,5.00,438.00,null,null,null
2023-09-19T08:02:04Z,22.32,57.70,18,0,37.81,100.36,6.00,441.00,null,null,null
2023-09-19T08:03:04Z,22.30,57.69,18,0,42.04,100.35,6.00,441.00,null,null,null
2023-09-19T08:04:04Z,22.28,57.69,18,0,41.17,100.36,6.00,441.00,null,null,null
2023-09-19T08:05:04Z,22.28,57.68,18,0,39.28,100.35,6.00,441.00,0,0,0
2023-09-19T08:06:04Z,22.27,57.71,18,0,37.03,100.34,6.00,441.00,null,null,null
2023-09-19T08:07:04Z,22.28,57.72,18,0,36.71,100.35,6.00,441.00,null,null,null
2023-09-19T08:08:04Z,22.24,57.73,18,0,38.69,100.36,6.00,441.00,null,null,null
2023-09-19T08:09:04Z,22.24,57.77,18,0,42.08,100.35,12.00,480.00,null,null,null
2023-09-19T08:10:04Z,22.24,57.78,18,0,40.57,100.36,10.00,466.00,0,0,0
2023-09-19T08:11:04Z,22.25,57.80,17,0,38.90,100.36,10.00,466.00,null,null,null
2023-09-19T08:12:04Z,22.24,57.79,18,0,36.77,100.36,10.00,466.00,null,null,null
2023-09-19T08:13:04Z,22.21,57.81,18,0,39.58,100.36,5.00,435.00,null,null,null
2023-09-19T08:14:04Z,22.22,57.84,18,0,34.67,100.36,11.00,475.00,null,null,null
2023-09-19T08:15:04Z,22.22,57.86,18,0,39.45,100.37,11.00,475.00,0,0,0
2023-09-19T08:16:04Z,22.22,57.86,18,0,36.94,100.37,9.00,463.00,null,null,null
2023-09-19T08:17:04Z,22.22,57.85,18,0,34.56,100.36,11.00,475.00,null,null,null
2023-09-19T08:18:04Z,22.24,57.88,18,0,40.60,100.37,11.00,475.00,null,null,null
2023-09-19T08:19:04Z,22.20,57.85,18,0,39.22,100.36,11.00,475.00,null,null,null
2023-09-19T08:20:04Z,22.21,57.93,18,0,42.83,100.37,11.00,475.00,0,0,0
2023-09-19T08:21:04Z,22.20,57.89,17,0,38.69,100.36,11.00,475.00,null,null,null
2023-09-19T08:22:04Z,22.22,57.90,18,0,37.99,100.37,10.00,466.00,null,null,null
2023-09-19T08:23:04Z,22.21,57.93,18,0,43.08,100.37,11.00,475.00,null,null,null
2023-09-19T08:24:04Z,22.21,57.90,17,0,36.91,100.36,10.00,466.00,null,null,null
2023-09-19T08:25:04Z,22.20,57.89,18,0,37.99,100.37,11.00,475.00,0,0,0
2023-09-19T08:26:04Z,22.22,57.95,17,0,39.32,100.37,11.00,475.00,null,null,null
2023-09-19T08:27:04Z,22.21,57.95,18,0,38.36,100.36,10.00,466.00,null,null,null
2023-09-19T08:28:04Z,22.21,57.99,17,0,41.10,100.36,11.00,475.00,null,null,null
2023-09-19T08:29:04Z,22.22,57.93,18,0,37.47,100.36,10.00,466.00,null,null,null
2023-09-19T08:30:04Z,22.21,58.03,18,0,40.08,100.36,11.00,475.00,0,0,0
2023-09-19T08:31:04Z,22.21,57.97,17,0,37.87,100.36,10.00,466.00,null,null,null
2023-09-19T08:32:04Z,22.24,58.03,17,0,38.69,100.36,11.00,475.00,null,null,null
2023-09-19T08:33:04Z,22.22,57.94,17,0,39.00,100.36,10.00,466.00,null,null,null
2023-09-19T08:34:04Z,22.21,57.99,17,0,41.83,100.35,11.00,475.00,null,null,null
2023-09-19T08:35:04Z,22.24,58.02,17,0,38.31,100.34,11.00,475.00,0,0,0
2023-09-19T08:36:04Z,22.24,58.00,17,0,37.98,100.35,11.00,475.00,null,null,null
2023-09-19T08:37:04Z,22.22,58.00,17,0,39.25,100.34,9.00,463.00,null,null,null
2023-09-19T08:38:04Z,22.22,58.00,17,0,40.89,100.35,10.00,466.00,null,null,null
2023-09-19T08:39:04Z,22.24,58.03,17,0,39.51,100.36,10.00,466.00,null,null,null
2023-09-19T08:40:04Z,22.21,58.01,17,0,40.41,100.35,11.00,475.00,0,0,0
2023-09-19T08:41:04Z,22.25,58.01,17,0,40.44,100.35,10.00,466.00,null,null,null
2023-09-19T08:42:04Z,22.22,57.99,17,0,39.88,100.36,5.00,435.00,null,null,null
2023-09-19T08:43:04Z,22.25,58.02,17,0,42.71,100.36,11.00,475.00,null,null,null
2023-09-19T08:44:04Z,22.25,58.04,17,0,36.19,100.36,5.00,435.00,null,null,null
2023-09-19T08:45:04Z,22.24,58.04,17,0,39.47,100.35,5.00,435.00,0,0,0
2023-09-19T08:46:04Z,22.25,58.06,17,0,43.31,100.36,10.00,466.00,null,null,null
2023-09-19T08:47:04Z,22.27,58.00,17,0,41.09,100.36,5.00,435.00,null,null,null
2023-09-19T08:48:04Z,22.28,58.01,17,0,41.89,100.36,5.00,435.00,null,null,null
2023-09-19T08:49:04Z,22.27,58.09,17,0,45.93,100.37,5.00,435.00,null,null,null
2023-09-19T08:50:04Z,22.25,58.00,17,0,41.06,100.36,5.00,435.00,0,0,0
2023-09-19T08:51:04Z,22.28,58.09,17,0,42.50,100.37,5.00,435.00,null,null,null
2023-09-19T08:52:04Z,22.25,58.03,17,0,42.59,100.36,5.00,435.00,null,null,null
2023-09-19T08:53:04Z,22.28,58.03,17,0,41.66,100.35,5.00,435.00,null,null,null
2023-09-19T08:54:04Z,22.25,58.06,17,0,36.56,100.35,5.00,435.00,null,null,null
2023-09-19T08:55:04Z,22.28,58.04,17,0,41.21,100.33,5.00,435.00,0,0,0
2023-09-19T08:56:04Z,22.30,58.02,17,0,39.49,100.34,5.00,438.00,null,null,null
2023-09-19T08:57:04Z,22.28,58.00,17,0,41.62,100.34,5.00,435.00,null,null,null
2023-09-19T08:58:04Z,22.28,58.07,17,0,39.42,100.35,5.00,435.00,null,null,null
2023-09-19T08:59:04Z,22.30,58.07,17,0,41.54,100.35,5.00,435.00,null,null,null
2023-09-19T09:00:04Z,22.30,58.06,17,0,38.65,100.36,5.00,438.00,0,0,0
2023-09-19T09:01:04Z,22.31,58.06,17,0,40.27,100.35,5.00,438.00,null,null,null
2023-09-19T09:02:04Z,22.31,58.09,17,0,41.07,100.35,5.00,438.00,null,null,null
2023-09-19T09:03:04Z,22.30,58.10,17,0,36.67,100.35,5.00,435.00,null,null,null
2023-09-19T09:04:04Z,22.31,58.04,17,0,39.21,100.35,5.00,438.00,null,null,null
2023-09-19T09:05:04Z,22.28,58.05,17,0,44.78,100.36,5.00,435.00,0,0,0
2023-09-19T09:06:04Z,22.31,58.06,17,0,43.54,100.34,5.00,435.00,null,null,null
2023-09-19T09:07:04Z,22.31,58.10,17,0,47.75,100.35,5.00,435.00,null,null,null
2023-09-19T09:08:04Z,22.30,58.09,17,0,45.89,100.34,6.00,443.00,null,null,null
2023-09-19T09:09:04Z,22.34,58.13,17,0,48.61,100.35,5.00,438.00,null,null,null
2023-09-19T09:10:04Z,22.32,58.11,17,0,46.63,100.35,5.00,438.00,0,0,0
2023-09-19T09:11:04Z,22.34,58.11,17,0,37.83,100.34,5.00,435.00,null,null,null
2023-09-19T09:12:04Z,22.35,58.06,17,0,40.03,100.34,6.00,443.00,null,null,null
2023-09-19T09:13:04Z,22.34,58.14,17,0,46.24,100.34,6.00,443.00,null,null,null
2023-09-19T09:14:04Z,22.36,58.12,17,0,39.81,100.35,5.00,438.00,null,null,null
2023-09-19T09:15:04Z,22.35,58.16,17,0,42.74,100.35,7.00,450.00,0,0,0
2023-09-19T09:16:04Z,22.35,58.08,17,0,33.32,100.36,7.00,450.00,null,null,null
2023-09-19T09:17:04Z,22.35,58.10,17,0,45.34,100.35,5.00,438.00,null,null,null
2023-09-19T09:18:04Z,22.36,58.12,17,0,43.85,100.36,5.00,438.00,null,null,null
2023-09-19T09:19:04Z,22.36,58.10,17,0,35.88,100.36,7.00,450.00,null,null,null
2023-09-19T09:20:04Z,22.35,58.13,17,0,39.05,100.37,6.00,443.00,0,0,0
2023-09-19T09:21:04Z,22.38,58.15,17,0,40.10,100.34,7.00,452.00,null,null,null
2023-09-19T09:22:04Z,22.38,58.15,17,0,37.32,100.36,7.00,452.00,null,null,null
2023-09-19T09:23:04Z,22.38,58.08,17,0,36.56,100.36,7.00,450.00,null,null,null
2023-09-19T09:24:04Z,22.41,58.12,17,0,43.80,100.37,6.00,443.00,null,null,null
2023-09-19T09:25:04Z,22.38,58.13,17,0,44.07,100.36,6.00,443.00,0,0,0
2023-09-19T09:26:04Z,22.39,58.11,17,0,37.39,100.34,7.00,452.00,null,null,null
2023-09-19T09:27:04Z,22.39,58.15,17,0,40.98,100.35,6.00,443.00,null,null,null
2023-09-19T09:28:04Z,22.36,58.12,17,0,41.36,100.35,6.00,443.00,null,null,null
2023-09-19T09:29:04Z,22.39,58.17,17,0,38.68,100.36,6.00,443.00,null,null,null
2023-09-19T09:30:04Z,22.39,58.11,17,0,36.82,100.35,7.00,450.00,0,0,0
2023-09-19T09:31:04Z,22.41,58.10,17,0,45.92,100.35,8.00,457.00,null,null,null
2023-09-19T09:32:04Z,22.41,58.12,17,0,38.20,100.34,7.00,452.00,null,null,null
2023-09-19T09:33:04Z,22.41,58.11,16,0,42.45,100.35,6.00,443.00,null,null,null
2023-09-19T09:34:04Z,22.39,58.16,17,0,41.35,100.34,6.00,443.00,null,null,null
2023-09-19T09:35:04Z,22.38,58.18,17,0,40.41,100.35,7.00,450.00,0,0,0
2023-09-19T09:36:04Z,22.42,58.09,16,0,39.27,100.34,6.00,443.00,null,null,null
2023-09-19T09:37:04Z,22.42,58.11,17,0,43.30,100.36,7.00,452.00,null,null,null
2023-09-19T09:38:04Z,22.43,58.11,17,0,40.40,100.35,8.00,457.00,null,null,null
2023-09-19T09:39:04Z,22.38,58.15,17,0,38.44,100.34,8.00,457.00,null,null,null
2023-09-19T09:40:04Z,22.41,58.17,16,0,40.78,100.35,8.00,457.00,0,0,0
2023-09-19T09:41:04Z,22.43,58.15,16,0,42.12,100.34,8.00,457.00,null,null,null
2023-09-19T09:42:04Z,22.43,58.18,16,0,38.83,100.34,10.00,466.00,null,null,null
2023-09-19T09:43:04Z,22.43,58.18,17,0,40.05,100.34,7.00,452.00,null,null,null
2023-09-19T09:44:04Z,22.42,58.17,17,0,41.23,100.33,8.00,457.00,null,null,null
2023-09-19T09:45:04Z,22.43,58.14,17,0,41.00,100.34,7.00,452.00,0,0,0
2023-09-19T09:46:04Z,22.42,58.16,16,0,38.98,100.33,8.00,457.00,null,null,null
2023-09-19T09:47:04Z,22.43,58.16,16,0,38.58,100.33,8.00,457.00,null,null,null
2023-09-19T09:48:04Z,22.43,58.20,17,0,40.53,100.34,9.00,461.00,null,null,null
2023-09-19T09:49:04Z,22.43,58.18,17,0,37.74,100.35,8.00,457.00,null,null,null
2023-09-19T09:50:04Z,22.48,58.22,17,0,41.69,100.34,8.00,457.00,0,0,0
2023-09-19T09:51:04Z,22.45,58.19,16,0,39.73,100.35,10.00,466.00,null,null,null
2023-09-19T09:52:04Z,22.45,58.20,16,0,40.40,100.33,9.00,461.00,null,null,null
2023-09-19T09:53:04Z,22.43,58.17,17,0,39.85,100.34,10.00,466.00,null,null,null
2023-09-19T09:54:04Z,22.48,58.16,16,0,37.51,100.33,9.00,461.00,null,null,null
2023-09-19T09:55:04Z,22.48,58.23,16,0,40.30,100.33,10.00,466.00,0,0,0
2023-09-19T09:56:04Z,22.48,58.21,16,0,38.80,100.33,9.00,461.00,null,null,null
2023-09-19T09:57:04Z,22.49,58.19,16,0,38.37,100.33,11.00,475.00,null,null,null
2023-09-19T09:58:04Z,22.48,58.26,16,0,40.06,100.32,10.00,466.00,null,null,null
2023-09-19T09:59:04Z,22.48,58.20,16,0,41.93,100.32,9.00,462.00,null,null,null
2023-09-19T10:00:04Z,22.48,58.28,16,0,37.40,100.33,10.00,466.00,0,0,0
2023-09-19T10:01:04Z,22.49,58.24,16,0,34.81,100.32,9.00,462.00,null,null,null
2023-09-19T10:02:04Z,22.48,58.24,16,0,43.92,100.32,9.00,462.00,null,null,null
2023-09-19T10:03:04Z,22.48,58.23,16,0,41.44,100.32,8.00,457.00,null,null,null
2023-09-19T10:04:04Z,22.49,58.22,16,0,42.42,100.31,11.00,475.00,null,null,null
2023-09-19T10:05:04Z,22.51,58.20,16,0,44.66,100.32,11.00,475.00,0,0,0
2023-09-19T10:06:04Z,22.52,58.22,16,0,41.08,100.31,10.00,466.00,null,null,null
2023-09-19T10:07:04Z,22.52,58.23,16,0,48.14,100.32,11.00,475.00,null,null,null
2023-09-19T10:08:04Z,22.53,58.27,16,0,43.58,100.31,12.00,483.00,null,null,null
2023-09-19T10:09:04Z,22.53,58.26,16,0,42.60,100.32,11.00,473.00,null,null,null
2023-09-19T10:10:04Z,22.52,58.26,16,0,46.88,100.31,11.00,473.00,0,0,0
2023-09-19T10:11:04Z,22.52,58.25,16,0,39.66,100.32,11.00,478.00,null,null,null
2023-09-19T10:12:04Z,22.55,58.28,16,0,39.45,100.32,11.00,478.00,null,null,null
2023-09-19T10:13:04Z,22.55,58.25,16,0,41.51,100.32,11.00,478.00,null,null,null
2023-09-19T10:14:04Z,22.53,58.27,16,0,40.18,100.30,11.00,478.00,null,null,null
2023-09-19T10:15:04Z,22.52,58.30,16,0,38.33,100.32,11.00,478.00,0,0,0
2023-09-19T10:16:04Z,22.55,58.29,16,0,43.88,100.30,11.00,478.00,null,null,null
2023-09-19T10:17:04Z,22.56,58.29,16,0,41.87,100.31,11.00,478.00,null,null,null
2023-09-19T10:18:04Z,22.56,58.30,16,0,42.31,100.31,11.00,478.00,null,null,null
2023-09-19T10:19:04Z,22.56,58.31,16,0,36.81,100.31,11.00,478.00,null,null,null
2023-09-19T10:20:04Z,22.56,58.29,16,0,37.58,100.31,12.00,483.00,0,0,0
2023-09-19T10:21:04Z,22.58,58.27,16,0,40.81,100.32,12.00,483.00,null,null,null
2023-09-19T10:22:04Z,22.58,58.24,16,0,37.89,100.32,12.00,483.00,null,null,null
2023-09-19T10:23:04Z,22.59,58.31,16,0,34.33,100.32,13.00,488.00,null,null,null
2023-09-19T10:24:04Z,22.59,58.30,16,0,33.82,100.33,12.00,483.00,null,null,null
2023-09-19T10:25:04Z,22.56,58.32,16,0,38.36,100.31,12.00,483.00,0,0,0
2023-09-19T10:26:04Z,22.59,58.31,16,0,37.26,100.32,12.00,483.00,null,null,null
2023-09-19T10:27:04Z,22.58,58.27,16,0,40.61,100.32,12.00,483.00,null,null,null
2023-09-19T10:28:04Z,22.62,58.27,16,0,36.67,100.31,12.00,483.00,null,null,null
2023-09-19T10:29:04Z,22.59,58.33,16,0,33.57,100.30,11.00,478.00,null,null,null
2023-09-19T10:30:04Z,22.59,58.30,16,0,36.08,100.31,11.00,478.00,0,0,0
2023-09-19T10:31:04Z,22.62,58.33,16,0,32.20,100.30,11.00,478.00,null,null,null
2023-09-19T10:32:04Z,22.61,58.31,16,0,32.99,100.31,12.00,483.00,null,null,null
2023-09-19T10:33:04Z,22.62,58.30,16,0,28.45,100.30,13.00,488.00,null,null,null
2023-09-19T10:34:04Z,22.61,58.33,16,0,35.52,100.31,14.00,495.00,null,null,null
2023-09-19T10:35:04Z,22.61,58.30,16,0,33.69,100.30,14.00,495.00,0,0,0
2023-09-19T10:36:04Z,22.61,58.31,16,0,35.25,100.30,13.00,488.00,null,null,null
2023-09-19T10:37:04Z,22.62,58.31,16,0,33.84,100.30,13.00,488.00,null,null,null
2023-09-19T10:38:04Z,22.63,58.31,16,0,38.00,100.31,13.00,488.00,null,null,null
2023-09-19T10:39:04Z,22.63,58.34,16,0,46.55,100.30,13.00,488.00,null,null,null
2023-09-19T10:40:04Z,22.63,58.34,16,0,35.06,100.29,14.00,495.00,0,0,0
2023-09-19T10:41:04Z,22.66,58.30,16,0,30.96,100.31,14.00,495.00,null,null,null
2023-09-19T10:42:04Z,22.65,58.32,16,0,38.58,100.30,14.00,495.00,null,null,null
2023-09-19T10:43:04Z,22.63,58.36,16,0,40.04,100.30,14.00,498.00,null,null,null
2023-09-19T10:44:04Z,22.65,58.34,16,0,31.05,100.30,13.00,488.00,null,null,null
2023-09-19T10:45:04Z,22.63,58.36,16,0,28.96,100.30,14.00,495.00,0,0,0
2023-09-19T10:46:04Z,22.66,58.38,16,0,31.12,100.30,14.00,498.00,null,null,null
2023-09-19T10:47:04Z,22.66,58.32,16,0,35.07,100.29,14.00,495.00,null,null,null
2023-09-19T10:48:04Z,22.65,58.38,16,0,33.95,100.29,13.00,488.00,null,null,null
2023-09-19T10:49:04Z,22.66,58.38,16,0,38.49,100.30,14.00,498.00,null,null,null
2023-09-19T10:50:04Z,22.65,58.38,16,0,35.00,100.31,14.00,495.00,0,0,0
2023-09-19T10:51:04Z,22.68,58.39,16,0,31.74,100.30,14.00,495.00,null,null,null
2023-09-19T10:52:04Z,22.68,58.36,16,0,29.31,100.30,14.00,495.00,null,null,null
2023-09-19T10:53:04Z,22.69,58.35,16,0,32.54,100.29,14.00,495.00,null,null,null
2023-09-19T10:54:04Z,22.69,58.39,16,0,28.12,100.29,14.00,495.00,null,null,null
2023-09-19T10:55:04Z,22.66,58.37,16,0,30.17,100.30,14.00,495.00,0,0,0
2023-09-19T10:56:04Z,22.69,58.37,16,0,32.75,100.31,14.00,495.00,null,null,null
2023-09-19T10:57:04Z,22.68,58.39,16,0,30.33,100.29,13.00,488.00,null,null,null
2023-09-19T10:58:04Z,22.72,58.36,16,0,36.18,100.30,14.00,498.00,null,null,null
2023-09-19T10:59:04Z,22.69,58.42,16,0,25.87,100.31,14.00,498.00,null,null,null
2023-09-19T11:00:04Z,22.69,58.40,16,0,30.77,100.30,14.00,498.00,0,0,0
2023-09-19T11:01:04Z,22.72,58.35,16,0,52.94,100.31,14.00,495.00,null,null,null
2023-09-19T11:02:04Z,22.70,58.43,16,0,45.12,100.31,14.00,498.00,null,null,null
2023-09-19T11:03:04Z,22.72,58.34,16,0,29.97,100.31,14.00,498.00,null,null,null
2023-09-19T11:04:04Z,22.70,58.42,16,0,31.06,100.31,15.00,505.00,null,null,null
2023-09-19T11:05:04Z,22.70,58.39,16,0,33.99,100.32,15.00,505.00,0,0,0
2023-09-19T11:06:04Z,22.73,58.41,16,0,33.70,100.31,14.00,498.00,null,null,null
2023-09-19T11:07:04Z,22.73,58.37,16,0,30.20,100.31,14.00,498.00,null,null,null
2023-09-19T11:08:04Z,22.73,58.41,16,0,38.75,100.31,14.00,498.00,null,null,null
2023-09-19T11:09:04Z,22.70,58.42,16,0,42.83,100.32,15.00,505.00,null,null,null
2023-09-19T11:10:04Z,22.73,58.39,16,0,34.51,100.31,15.00,505.00,0,0,0
2023-09-19T11:11:04Z,22.73,58.39,15,0,33.99,100.31,15.00,505.00,null,null,null
2023-09-19T11:12:04Z,22.75,58.40,16,0,42.13,100.31,15.00,505.00,null,null,null
2023-09-19T11:13:04Z,22.76,58.40,16,0,36.58,100.31,9.00,463.00,null,null,null
2023-09-19T11:14:04Z,22.75,58.40,16,0,32.54,100.31,9.00,463.00,null,null,null
2023-09-19T11:15:04Z,22.75,58.38,15,0,32.21,100.31,8.00,454.00,0,0,0
2023-09-19T11:16:04Z,22.73,58.41,16,0,31.47,100.32,8.00,454.00,null,null,null
2023-09-19T11:17:04Z,22.75,58.36,16,0,31.93,100.31,14.00,498.00,null,null,null
2023-09-19T11:18:04Z,22.73,58.40,16,0,26.67,100.30,9.00,463.00,null,null,null
2023-09-19T11:19:04Z,22.76,58.37,15,0,35.71,100.32,14.00,498.00,null,null,null
2023-09-19T11:20:04Z,22.75,58.44,16,0,36.80,100.31,8.00,454.00,0,0,0
2023-09-19T11:21:04Z,22.75,58.40,15,0,33.35,100.31,8.00,457.00,null,null,null
2023-09-19T11:22:04Z,22.76,58.40,15,0,33.26,100.31,8.00,454.00,null,null,null
2023-09-19T11:23:04Z,22.76,58.45,15,0,29.35,100.31,8.00,454.00,null,null,null
2023-09-19T11:24:04Z,22.78,58.41,15,0,33.08,100.30,8.00,457.00,null,null,null
2023-09-19T11:25:04Z,22.76,58.45,16,0,29.09,100.31,7.00,448.00,0,0,0
2023-09-19T11:26:04Z,22.75,58.43,16,0,33.96,100.30,7.00,448.00,null,null,null
2023-09-19T11:27:04Z,22.75,58.37,15,0,25.16,100.30,7.00,448.00,null,null,null
2023-09-19T11:28:04Z,22.76,58.41,15,0,31.34,100.31,8.00,454.00,null,null,null
2023-09-19T11:29:04Z,22.76,58.44,15,0,37.16,100.31,8.00,457.00,null,null,null
2023-09-19T11:30:04Z,22.76,58.45,15,0,36.86,100.30,8.00,454.00,0,0,0
2023-09-19T11:31:04Z,22.79,58.47,15,0,42.72,100.30,7.00,448.00,null,null,null
2023-09-19T11:32:04Z,22.78,58.41,15,0,34.98,100.31,8.00,454.00,null,null,null
2023-09-19T11:33:04Z,22.78,58.43,15,0,34.42,100.31,8.00,457.00,null,null,null
2023-09-19T11:34:04Z,22.76,58.45,15,0,29.47,100.33,8.00,454.00,null,null,null
2023-09-19T11:35:04Z,22.79,58.45,15,0,39.11,100.31,8.00,454.00,0,0,0
2023-09-19T11:36:04Z,22.79,58.47,15,0,35.03,100.31,8.00,457.00,null,null,null
2023-09-19T11:37:04Z,22.82,58.44,15,0,43.87,100.31,8.00,454.00,null,null,null
2023-09-19T11:38:04Z,22.78,58.49,15,0,31.97,100.30,8.00,454.00,null,null,null
2023-09-19T11:39:04Z,22.78,58.48,15,0,37.16,100.32,8.00,457.00,null,null,null
2023-09-19T11:40:04Z,22.78,58.47,15,0,31.55,100.31,8.00,454.00,0,0,0
2023-09-19T11:41:04Z,22.78,58.44,15,0,41.70,100.31,8.00,454.00,null,null,null
2023-09-19T11:42:04Z,22.80,58.53,15,0,32.84,100.32,8.00,457.00,null,null,null
2023-09-19T11:43:04Z,22.79,58.44,15,0,43.87,100.30,8.00,454.00,null,null,null
2023-09-19T11:44:04Z,22.78,58.46,15,0,38.82,100.31,8.00,454.00,null,null,null
2023-09-19T11:45:04Z,22.78,58.46,15,0,35.24,100.31,8.00,457.00,0,0,0
2023-09-19T11:46:04Z,22.82,58.48,15,0,39.16,100.30,8.00,454.00,null,null,null
2023-09-19T11:47:04Z,22.76,58.48,15,0,36.65,100.30,8.00,454.00,null,null,null
2023-09-19T11:48:04Z,22.78,58.43,15,0,39.48,100.31,8.00,457.00,null,null,null
2023-09-19T11:49:04Z,22.79,58.47,15,0,33.61,100.31,8.00,454.00,null,null,null
2023-09-19T11:50:04Z,22.80,58.49,15,0,37.45,100.30,8.00,454.00,0,0,0
2023-09-19T11:51:04Z,22.79,58.46,15,0,33.99,100.31,8.00,457.00,null,null,null
2023-09-19T11:52:04Z,22.80,58.43,15,0,39.90,100.31,8.00,454.00,null,null,null
2023-09-19T11:53:04Z,22.82,58.47,15,0,34.87,100.31,8.00,454.00,null,null,null
2023-09-19T11:54:04Z,22.79,58.51,15,0,29.95,100.31,8.00,454.00,null,null,null
2023-09-19T11:55:04Z,22.78,58.50,15,0,32.26,100.31,8.00,454.00,0,0,0
2023-09-19T11:56:04Z,22.80,58.46,15,0,38.62,100.31,6.00,444.00,null,null,null
2023-09-19T11:57:04Z,22.79,58.48,15,0,40.03,100.32,8.00,457.00,null,null,null
2023-09-19T11:58:04Z,22.83,58.51,15,0,39.34,100.31,8.00,454.00,null,null,null
2023-09-19T11:59:04Z,22.82,58.50,15,0,41.39,100.31,8.00,454.00,null,null,null
2023-09-19T12:00:04Z,22.79,58.49,15,0,43.20,100.31,8.00,457.00,0,0,0
2023-09-19T12:01:04Z,22.80,58.46,15,0,35.95,100.32,7.00,448.00,null,null,null
2023-09-19T12:02:04Z,22.83,58.51,15,0,42.92,100.31,8.00,457.00,null,null,null
2023-09-19T12:03:04Z,22.82,58.53,15,0,32.98,100.32,8.00,457.00,null,null,null
2023-09-19T12:04:04Z,22.82,58.50,15,0,27.55,100.31,8.00,457.00,null,null,null
2023-09-19T12:05:04Z,22.80,58.51,15,0,30.25,100.31,8.00,457.00,0,0,0
2023-09-19T12:06:04Z,22.83,58.49,15,0,32.97,100.31,8.00,457.00,null,null,null
2023-09-19T12:07:04Z,22.85,58.50,15,0,30.39,100.31,9.00,463.00,null,null,null
2023-09-19T12:08:04Z,22.85,58.52,15,0,32.80,100.31,9.00,463.00,null,null,null
2023-09-19T12:09:04Z,22.85,58.51,15,0,35.80,100.31,8.00,457.00,null,null,null
2023-09-19T12:10:04Z,22.83,58.54,15,0,30.68,100.31,9.00,463.00,0,0,15
2023-09-19T12:11:04Z,22.83,58.50,15,0,31.92,100.31,9.00,463.00,null,null,null
2023-09-19T12:12:04Z,22.85,58.51,15,0,32.48,100.30,9.00,463.00,null,null,null
2023-09-19T12:13:04Z,22.85,58.52,15,0,32.70,100.31,9.00,463.00,null,null,null
2023-09-19T12:14:04Z,22.85,58.60,15,0,29.44,100.31,9.00,463.00,null,null,null
2023-09-19T12:15:04Z,22.83,58.49,15,0,29.08,100.31,10.00,470.00,0,0,0
2023-09-19T12:16:04Z,22.86,58.55,15,0,31.24,100.30,9.00,463.00,null,null,null
2023-09-19T12:17:04Z,22.87,58.53,15,0,36.91,100.30,10.00,470.00,null,null,null
2023-09-19T12:18:04Z,22.85,58.52,15,0,34.01,100.31,10.00,470.00,null,null,null
2023-09-19T12:19:04Z,22.86,58.50,15,0,30.11,100.30,10.00,470.00,null,null,null
2023-09-19T12:20:04Z,22.86,58.50,15,0,37.59,100.31,10.00,470.00,0,0,0
2023-09-19T12:21:04Z,22.86,58.53,15,0,34.63,100.30,11.00,475.00,null,null,null
2023-09-19T12:22:04Z,22.85,58.49,15,0,35.75,100.29,9.00,463.00,null,null,null
2023-09-19T12:23:04Z,22.85,58.57,15,0,49.80,100.30,10.00,470.00,null,null,null
2023-09-19T12:24:04Z,22.86,58.51,15,0,40.54,100.31,10.00,470.00,null,null,null
2023-09-19T12:25:04Z,22.87,58.53,15,0,35.52,100.31,10.00,470.00,0,0,0
2023-09-19T12:26:04Z,22.87,58.55,15,0,41.36,100.29,10.00,470.00,null,null,null
2023-09-19T12:27:04Z,22.86,58.60,15,0,37.28,100.30,10.00,470.00,null,null,null
2023-09-19T12:28:04Z,22.87,58.52,15,0,39.70,100.31,11.00,475.00,null,null,null
2023-09-19T12:29:04Z,22.86,58.53,15,0,33.97,100.30,11.00,475.00,null,null,null
2023-09-19T12:30:04Z,22.86,58.52,15,0,31.98,100.30,11.00,475.00,0,0,0
2023-09-19T12:31:04Z,22.86,58.56,14,0,34.84,100.31,11.00,475.00,null,null,null
2023-09-19T12:32:04Z,22.87,58.52,14,0,30.83,100.31,12.00,480.00,null,null,null
2023-09-19T12:33:04Z,22.89,58.49,15,0,34.31,100.31,11.00,475.00,null,null,null
2023-09-19T12:34:04Z,22.87,58.53,15,0,34.15,100.31,12.00,480.00,null,null,null
2023-09-19T12:35:04Z,22.87,58.50,15,0,38.64,100.29,11.00,475.00,0,0,0
2023-09-19T12:36:04Z,22.89,58.51,14,0,29.54,100.32,13.00,486.00,null,null,null
2023-09-19T12:37:04Z,22.89,58.54,15,0,33.48,100.30,12.00,480.00,null,null,null
2023-09-19T12:38:04Z,22.86,58.51,15,0,35.42,100.30,12.00,480.00,null,null,null
2023-09-19T12:39:04Z,22.89,58.53,14,0,28.30,100.30,12.00,480.00,null,null,null
2023-09-19T12:40:04Z,22.89,58.56,14,0,31.09,100.30,12.00,480.00,0,0,0
2023-09-19T12:41:04Z,22.90,58.55,15,0,34.27,100.31,12.00,480.00,null,null,null
2023-09-19T12:42:04Z,22.87,58.52,14,0,31.02,100.30,12.00,480.00,null,null,null
2023-09-19T12:43:04Z,22.87,58.55,14,0,33.49,100.30,12.00,480.00,null,null,null
2023-09-19T12:44:04Z,22.87,58.59,15,0,27.80,100.30,12.00,480.00,null,null,null
2023-09-19T12:45:04Z,22.87,58.59,14,0,32.74,100.29,12.00,480.00,0,0,0
2023-09-19T12:46:04Z,22.91,58.55,14,0,29.07,100.29,13.00,486.00,null,null,null
2023-09-19T12:47:04Z,22.89,58.55,14,0,33.05,100.30,13.00,486.00,null,null,null
2023-09-19T12:48:04Z,22.90,58.58,14,0,30.18,100.30,14.00,492.00,null,null,null
2023-09-19T12:49:04Z,22.89,58.58,14,0,32.77,100.31,13.00,486.00,null,null,null
2023-09-19T12:50:04Z,22.90,58.53,14,0,36.51,100.30,13.00,486.00,0,0,0
2023-09-19T12:51:04Z,22.90,58.52,14,0,53.60,100.30,13.00,486.00,null,null,null
2023-09-19T12:52:04Z,22.89,58.53,14,0,32.12,100.30,13.00,486.00,null,null,null
2023-09-19T12:53:04Z,22.89,58.58,14,0,36.10,100.30,12.00,480.00,null,null,null
2023-09-19T12:54:04Z,22.89,58.56,14,0,38.76,100.29,13.00,486.00,null,null,null
2023-09-19T12:55:04Z,22.90,58.63,14,0,34.08,100.29,14.00,492.00,0,0,0
2023-09-19T12:56:04Z,22.91,58.58,14,0,27.08,100.29,12.00,480.00,null,null,null
2023-09-19T12:57:04Z,22.93,58.58,14,0,38.70,100.30,14.00,492.00,null,null,null
2023-09-19T12:58:04Z,22.93,58.57,14,0,41.61,100.29,14.00,492.00,null,null,null
2023-09-19T12:59:04Z,22.91,58.57,14,0,34.87,100.29,14.00,492.00,null,null,null
2023-09-19T13:00:04Z,22.91,58.58,14,0,36.50,100.30,14.00,492.00,0,0,0
2023-09-19T13:01:04Z,22.91,58.59,14,0,35.55,100.30,13.00,486.00,null,null,null
2023-09-19T13:02:04Z,22.91,58.57,14,0,34.08,100.30,14.00,492.00,null,null,null
2023-09-19T13:03:04Z,22.93,58.57,14,0,37.11,100.29,14.00,496.00,null,null,null
2023-09-19T13:04:04Z,22.91,58.62,14,0,29.65,100.30,14.00,492.00,null,null,null
2023-09-19T13:05:04Z,22.91,58.60,14,0,40.09,100.29,14.00,496.00,0,0,0
2023-09-19T13:06:04Z,22.91,58.59,14,0,38.44,100.29,14.00,496.00,null,null,null
2023-09-19T13:07:04Z,22.93,58.64,14,0,33.91,100.30,14.00,496.00,null,null,null
2023-09-19T13:08:04Z,22.90,58.61,14,0,42.01,100.30,15.00,501.00,null,null,null
2023-09-19T13:09:04Z,22.93,58.62,14,0,31.64,100.30,15.00,501.00,null,null,null
2023-09-19T13:10:04Z,22.91,58.62,14,0,35.41,100.30,15.00,501.00,0,0,0
2023-09-19T13:11:04Z,22.93,58.64,14,0,32.90,100.30,15.00,501.00,null,null,null
2023-09-19T13:12:04Z,22.93,58.62,14,0,31.56,100.30,15.00,501.00,null,null,null
2023-09-19T13:13:04Z,22.93,58.59,14,0,35.80,100.31,16.00,508.00,null,null,null
2023-09-19T13:14:04Z,22.93,58.62,14,0,30.08,100.30,14.00,496.00,null,null,null
2023-09-19T13:15:04Z,22.93,58.61,14,0,34.73,100.30,14.00,496.00,0,0,0
2023-09-19T13:16:04Z,22.93,58.61,14,0,29.63,100.30,15.00,501.00,null,null,null
2023-09-19T13:17:04Z,22.94,58.58,14,0,30.88,100.29,16.00,508.00,null,null,null
2023-09-19T13:18:04Z,22.93,58.61,14,0,31.46,100.29,16.00,508.00,null,null,null
2023-09-19T13:19:04Z,22.93,58.60,14,0,33.74,100.29,14.00,496.00,null,null,null
2023-09-19T13:20:04Z,22.94,58.63,14,0,52.97,100.30,14.00,496.00,0,0,0
2023-09-19T13:21:04Z,22.96,58.65,14,0,41.20,100.29,14.00,496.00,null,null,null
2023-09-19T13:22:04Z,22.96,58.61,14,0,46.86,100.28,17.00,517.00,null,null,null
2023-09-19T13:23:04Z,22.96,58.64,14,0,50.32,100.29,17.00,517.00,null,null,null
2023-09-19T13:24:04Z,22.96,58.69,14,0,53.74,100.29,17.00,517.00,null,null,null
2023-09-19T13:25:04Z,22.96,58.64,14,0,32.44,100.28,17.00,517.00,0,0,0
2023-09-19T13:26:04Z,22.99,58.61,14,0,40.70,100.29,16.00,508.00,null,null,null
2023-09-19T13:27:04Z,22.97,58.60,14,0,46.26,100.29,16.00,508.00,null,null,null
2023-09-19T13:28:04Z,22.97,58.64,14,0,45.50,100.29,16.00,508.00,null,null,null
2023-09-19T13:29:04Z,22.97,58.61,14,0,40.99,100.29,17.00,517.00,null,null,null
2023-09-19T13:30:04Z,22.99,58.60,14,0,37.11,100.29,17.00,517.00,0,0,0
2023-09-19T13:31:04Z,22.96,58.60,14,0,33.90,100.28,17.00,517.00,null,null,null
2023-09-19T13:32:04Z,23.00,58.63,14,0,71.08,100.29,17.00,517.00,null,null,null
2023-09-19T13:33:04Z,22.99,58.60,14,0,29.99,100.29,17.00,517.00,null,null,null
2023-09-19T13:34:04Z,22.96,58.64,14,0,29.80,100.29,17.00,517.00,null,null,null
2023-09-19T13:35:04Z,22.99,58.63,14,0,35.48,100.30,17.00,517.00,0,0,0
2023-09-19T13:36:04Z,22.99,58.67,14,0,45.67,100.30,17.00,517.00,null,null,null
2023-09-19T13:37:04Z,22.99,58.65,14,0,40.41,100.30,17.00,517.00,null,null,null
2023-09-19T13:38:04Z,22.99,58.66,14,0,37.28,100.29,17.00,517.00,null,null,null
2023-09-19T13:39:04Z,23.00,58.69,14,0,34.55,100.29,18.00,523.00,null,null,null
2023-09-19T13:40:04Z,22.99,58.71,14,0,39.89,100.30,17.00,517.00,0,0,0
2023-09-19T13:41:04Z,23.00,58.67,14,0,34.87,100.30,17.00,517.00,null,null,null
2023-09-19T13:42:04Z,23.01,58.71,14,0,32.87,100.29,17.00,517.00,null,null,null
2023-09-19T13:43:04Z,23.01,58.66,14,0,27.69,100.30,17.00,517.00,null,null,null
2023-09-19T13:44:04Z,23.00,58.72,14,0,34.97,100.30,17.00,517.00,null,null,null
2023-09-19T13:45:04Z,23.00,58.70,14,0,38.32,100.29,17.00,517.00,0,0,0
2023-09-19T13:46:04Z,23.03,58.70,14,0,33.57,100.30,18.00,523.00,null,null,null
2023-09-19T13:47:04Z,23.03,58.66,14,0,25.67,100.30,18.00,523.00,null,null,null
2023-09-19T13:48:04Z,23.00,58.65,14,0,41.86,100.31,17.00,517.00,null,null,null
2023-09-19T13:49:04Z,23.04,58.70,14,0,40.67,100.31,17.00,517.00,null,null,null
2023-09-19T13:50:04Z,23.04,58.71,14,0,36.06,100.31,17.00,517.00,0,0,0
2023-09-19T13:51:04Z,23.04,58.68,14,0,33.67,100.31,17.00,517.00,null,null,null
2023-09-19T13:52:04Z,23.06,58.71,14,0,36.74,100.30,18.00,523.00,null,null,null
2023-09-19T13:53:04Z,23.04,58.70,14,0,40.75,100.30,19.00,529.00,null,null,null
2023-09-19T13:54:04Z,23.06,58.69,14,0,34.48,100.30,17.00,517.00,null,null,null
2023-09-19T13:55:04Z,23.06,58.74,14,0,34.96,100.30,18.00,523.00,0,0,0
2023-09-19T13:56:04Z,23.07,58.64,14,0,31.19,100.30,18.00,523.00,null,null,null
2023-09-19T13:57:04Z,23.07,58.66,14,0,46.82,100.30,18.00,523.00,null,null,null
2023-09-19T13:58:04Z,23.08,58.69,14,0,34.56,100.30,18.00,523.00,null,null,null
2023-09-19T13:59:04Z,23.07,58.72,14,0,37.45,100.30,18.00,523.00,null,null,null
2023-09-19T14:00:04Z,23.07,58.71,14,0,31.67,100.30,19.00,529.00,0,0,0
2023-09-19T14:01:04Z,23.10,58.68,14,0,33.64,100.30,18.00,523.00,null,null,null
2023-09-19T14:02:04Z,23.08,58.71,14,0,39.04,100.30,19.00,529.00,null,null,null
2023-09-19T14:03:04Z,23.10,58.74,14,0,36.25,100.30,18.00,523.00,null,null,null
2023-09-19T14:04:04Z,23.08,58.71,14,0,36.53,100.31,19.00,529.00,null,null,null
2023-09-19T14:05:04Z,23.11,58.72,14,0,39.93,100.30,19.00,529.00,0,0,0
2023-09-19T14:06:04Z,23.08,58.67,14,0,38.98,100.29,19.00,529.00,null,null,null
2023-09-19T14:07:04Z,23.10,58.74,14,0,33.52,100.29,19.00,529.00,null,null,null
2023-09-19T14:08:04Z,23.11,58.78,14,0,37.28,100.29,19.00,529.00,null,null,null
2023-09-19T14:09:04Z,23.13,58.74,14,0,35.56,100.29,18.00,524.00,null,null,null
2023-09-19T14:10:04Z,23.11,58.69,14,0,30.20,100.30,19.00,529.00,0,0,0
2023-09-19T14:11:04Z,23.14,58.71,14,0,29.31,100.29,19.00,529.00,null,null,null
2023-09-19T14:12:04Z,23.13,58.71,14,0,29.88,100.29,19.00,529.00,null,null,null
2023-09-19T14:13:04Z,23.13,58.76,14,0,34.28,100.29,19.00,529.00,null,null,null
2023-09-19T14:14:04Z,23.13,58.76,14,0,35.31,100.29,18.00,524.00,null,null,null
2023-09-19T14:15:04Z,23.14,58.76,14,0,36.70,100.29,18.00,524.00,0,0,0
2023-09-19T14:16:04Z,23.14,58.73,14,0,46.94,100.30,18.00,524.00,null,null,null
2023-09-19T14:17:04Z,23.16,58.72,14,0,37.88,100.30,18.00,523.00,null,null,null
2023-09-19T14:18:04Z,23.16,58.74,14,0,34.58,100.30,19.00,529.00,null,null,null
2023-09-19T14:19:04Z,23.14,58.77,14,0,37.78,100.29,19.00,529.00,null,null,null
2023-09-19T14:20:04Z,23.14,58.76,14,0,48.62,100.30,19.00,529.00,0,0,0
2023-09-19T14:21:04Z,23.16,58.76,14,0,32.01,100.30,18.00,524.00,null,null,null
2023-09-19T14:22:04Z,23.17,58.76,14,0,47.63,100.29,18.00,524.00,null,null,null
2023-09-19T14:23:04Z,23.18,58.75,14,0,48.03,100.29,19.00,530.00,null,null,null
2023-09-19T14:24:04Z,23.18,58.71,14,0,35.37,100.29,18.00,524.00,null,null,null
2023-09-19T14:25:04Z,23.18,58.73,14,0,40.67,100.29,20.00,534.00,0,0,0
2023-09-19T14:26:04Z,23.18,58.75,14,0,38.11,100.30,18.00,523.00,null,null,null
2023-09-19T14:27:04Z,23.20,58.70,14,0,31.18,100.29,19.00,530.00,null,null,null
2023-09-19T14:28:04Z,23.20,58.72,14,0,41.47,100.30,20.00,534.00,null,null,null
2023-09-19T14:29:04Z,23.20,58.78,14,0,38.53,100.29,20.00,534.00,null,null,null
2023-09-19T14:30:04Z,23.20,58.79,14,0,50.90,100.29,19.00,530.00,0,0,0
2023-09-19T14:31:04Z,23.23,58.75,14,0,42.63,100.29,19.00,530.00,null,null,null
2023-09-19T14:32:04Z,23.20,58.76,14,0,44.59,100.30,20.00,536.00,null,null,null
2023-09-19T14:33:04Z,23.21,58.75,14,0,32.33,100.29,19.00,530.00,null,null,null
2023-09-19T14:34:04Z,23.21,58.75,14,0,43.07,100.29,21.00,542.00,null,null,null
2023-09-19T14:35:04Z,23.21,58.79,14,0,50.06,100.29,19.00,530.00,0,0,0
2023-09-19T14:36:04Z,23.24,58.82,14,0,32.65,100.28,21.00,542.00,null,null,null
2023-09-19T14:37:04Z,23.26,58.78,14,0,37.83,100.27,20.00,536.00,null,null,null
2023-09-19T14:38:04Z,23.23,58.78,14,0,31.48,100.29,20.00,536.00,null,null,null
2023-09-19T14:39:04Z,23.24,58.76,14,0,34.66,100.29,20.00,536.00,null,null,null
2023-09-19T14:40:04Z,23.23,58.76,14,0,42.98,100.29,20.00,536.00,0,0,0
2023-09-19T14:41:04Z,23.26,58.79,14,0,38.99,100.28,20.00,536.00,null,null,null
2023-09-19T14:42:04Z,23.24,58.81,14,0,35.65,100.30,20.00,536.00,null,null,null
2023-09-19T14:43:04Z,23.26,58.76,14,0,32.24,100.30,21.00,542.00,null,null,null
2023-09-19T14:44:04Z,23.27,58.82,14,0,41.74,100.29,20.00,536.00,null,null,null
2023-09-19T14:45:04Z,23.27,58.80,14,0,31.92,100.30,20.00,536.00,0,0,0
2023-09-19T14:46:04Z,23.28,58.77,14,0,31.82,100.29,20.00,536.00,null,null,null
2023-09-19T14:47:04Z,23.27,58.79,14,0,31.70,100.30,19.00,529.00,null,null,null
2023-09-19T14:48:04Z,23.28,58.80,14,0,29.83,100.29,19.00,529.00,null,null,null
2023-09-19T14:49:04Z,23.28,58.80,14,0,32.66,100.30,20.00,536.00,null,null,null
2023-09-19T14:50:04Z,23.27,58.84,14,0,31.02,100.30,21.00,542.00,0,0,0
2023-09-19T14:51:04Z,23.28,58.75,14,0,27.85,100.30,17.00,517.00,null,null,null
2023-09-19T14:52:04Z,23.28,58.80,14,0,34.34,100.31,21.00,542.00,null,null,null
2023-09-19T14:53:04Z,23.30,58.82,14,0,31.23,100.30,18.00,523.00,null,null,null
2023-09-19T14:54:04Z,23.28,58.80,14,0,34.58,100.29,21.00,542.00,null,null,null
2023-09-19T14:55:04Z,23.28,58.84,14,0,37.85,100.30,18.00,523.00,0,0,0
2023-09-19T14:56:04Z,23.31,58.84,14,0,31.22,100.30,20.00,536.00,null,null,null
2023-09-19T14:57:04Z,23.33,58.78,14,0,30.50,100.30,21.00,542.00,null,null,null
2023-09-19T14:58:04Z,23.33,58.79,14,0,33.53,100.29,21.00,542.00,null,null,null
2023-09-19T14:59:04Z,23.34,58.83,14,0,44.01,100.29,18.00,523.00,null,null,null
2023-09-19T15:00:04Z,23.33,58.82,14,0,42.47,100.28,21.00,542.00,0,0,0
2023-09-19T15:01:04Z,23.33,58.83,13,0,37.93,100.28,18.00,523.00,null,null,null
2023-09-19T15:02:04Z,23.35,58.85,14,0,39.35,100.28,22.00,548.00,null,null,null
2023-09-19T15:03:04Z,23.33,58.86,14,0,39.26,100.28,19.00,529.00,null,null,null
2023-09-19T15:04:04Z,23.34,58.85,14,0,40.24,100.28,19.00,529.00,null,null,null
2023-09-19T15:05:04Z,23.31,58.84,14,0,32.67,100.29,19.00,529.00,0,0,0
2023-09-19T15:06:04Z,23.37,58.82,14,0,34.61,100.28,19.00,529.00,null,null,null
2023-09-19T15:07:04Z,23.34,58.82,14,0,30.72,100.28,19.00,529.00,null,null,null
2023-09-19T15:08:04Z,23.34,58.87,14,0,35.75,100.28,19.00,529.00,null,null,null
2023-09-19T15:09:04Z,23.37,58.87,13,0,33.18,100.29,18.00,523.00,null,null,null
2023-09-19T15:10:04Z,23.35,58.87,14,0,37.83,100.29,22.00,548.00,0,0,0
2023-09-19T15:11:04Z,23.37,58.81,13,0,34.62,100.29,19.00,529.00,null,null,null
2023-09-19T15:12:04Z,23.35,58.85,13,0,42.37,100.27,22.00,548.00,null,null,null
2023-09-19T15:13:04Z,23.35,58.84,13,0,38.13,100.28,19.00,529.00,null,null,null
2023-09-19T15:14:04Z,23.37,58.84,13,0,44.52,100.29,19.00,529.00,null,null,null
2023-09-19T15:15:04Z,23.35,58.84,13,0,37.12,100.29,18.00,523.00,0,0,0
2023-09-19T15:16:04Z,23.37,58.81,13,0,29.64,100.28,22.00,548.00,null,null,null
2023-09-19T15:17:04Z,23.35,58.87,13,0,40.74,100.27,22.00,548.00,null,null,null
2023-09-19T15:18:04Z,23.40,58.84,13,0,31.54,100.28,23.00,552.00,null,null,null
2023-09-19T15:19:04Z,23.35,58.85,13,0,33.98,100.28,19.00,529.00,null,null,null
2023-09-19T15:20:04Z,23.35,58.87,13,0,45.69,100.26,19.00,529.00,0,0,0
2023-09-19T15:21:04Z,23.37,58.87,13,0,42.48,100.27,19.00,529.00,null,null,null
2023-09-19T15:22:04Z,23.38,58.84,13,0,34.98,100.26,20.00,536.00,null,null,null
2023-09-19T15:23:04Z,23.40,58.85,13,0,35.42,100.27,23.00,552.00,null,null,null
2023-09-19T15:24:04Z,23.40,58.88,13,0,43.28,100.27,23.00,552.00,null,null,null
2023-09-19T15:25:04Z,23.38,58.87,13,0,38.09,100.27,20.00,536.00,0,0,0
2023-09-19T15:26:04Z,23.42,58.84,13,0,41.03,100.27,23.00,552.00,null,null,null
2023-09-19T15:27:04Z,23.40,58.87,13,0,39.46,100.27,23.00,552.00,null,null,null
2023-09-19T15:28:04Z,23.42,58.81,13,0,34.11,100.27,20.00,536.00,null,null,null
2023-09-19T15:29:04Z,23.41,58.87,13,0,43.46,100.28,23.00,552.00,null,null,null
2023-09-19T15:30:04Z,23.40,58.86,13,0,36.79,100.29,23.00,552.00,0,0,0
2023-09-19T15:31:04Z,23.41,58.94,13,0,38.06,100.28,20.00,536.00,null,null,null
2023-09-19T15:32:04Z,23.41,58.88,13,0,47.81,100.27,23.00,552.00,null,null,null
2023-09-19T15:33:04Z,23.44,58.86,13,0,44.87,100.28,23.00,552.00,null,null,null
2023-09-19T15:34:04Z,23.41,58.87,13,0,40.38,100.27,20.00,536.00,null,null,null
2023-09-19T15:35:04Z,23.42,58.91,13,0,31.16,100.28,23.00,552.00,0,0,0
2023-09-19T15:36:04Z,23.44,58.87,13,0,33.05,100.27,23.00,552.00,null,null,null
2023-09-19T15:37:04Z,23.42,58.90,13,0,38.05,100.28,20.00,536.00,null,null,null
2023-09-19T15:38:04Z,23.44,58.90,13,0,40.38,100.28,23.00,552.00,null,null,null
2023-09-19T15:39:04Z,23.41,58.87,13,0,35.41,100.28,23.00,552.00,null,null,null
2023-09-19T15:40:04Z,23.44,58.89,13,0,36.96,100.28,20.00,536.00,0,0,0
2023-09-19T15:41:04Z,23.45,58.90,13,0,39.22,100.28,23.00,552.00,null,null,null
2023-09-19T15:42:04Z,23.45,58.91,13,0,34.39,100.27,23.00,552.00,null,null,null
2023-09-19T15:43:04Z,23.45,58.90,13,0,48.79,100.27,20.00,536.00,null,null,null
2023-09-19T15:44:04Z,23.42,58.94,13,0,33.85,100.28,23.00,552.00,null,null,null
2023-09-19T15:45:04Z,23.44,58.90,13,0,31.31,100.29,23.00,552.00,0,0,0
2023-09-19T15:46:04Z,23.42,58.86,13,0,36.08,100.28,23.00,552.00,null,null,null
2023-09-19T15:47:04Z,23.47,58.86,13,0,29.25,100.28,23.00,552.00,null,null,null
2023-09-19T15:48:04Z,23.45,58.90,13,0,44.22,100.28,23.00,552.00,null,null,null
2023-09-19T15:49:04Z,23.44,58.93,13,0,33.47,100.27,23.00,552.00,null,null,null
2023-09-19T15:50:04Z,23.45,58.92,13,0,39.65,100.28,20.00,536.00,0,0,0
2023-09-19T15:51:04Z,23.45,58.93,13,0,39.07,100.27,23.00,552.00,null,null,null
2023-09-19T15:52:04Z,23.45,58.89,13,0,41.02,100.28,24.00,561.00,null,null,null
2023-09-19T15:53:04Z,23.47,58.92,13,0,27.82,100.29,21.00,542.00,null,null,null
2023-09-19T15:54:04Z,23.44,58.92,13,0,32.61,100.28,24.00,561.00,null,null,null
2023-09-19T15:55:04Z,23.45,59.00,13,0,31.90,100.27,21.00,542.00,0,0,0
2023-09-19T15:56:04Z,23.45,58.89,13,0,35.60,100.28,24.00,561.00,null,null,null
2023-09-19T15:57:04Z,23.47,58.92,13,0,37.45,100.27,21.00,542.00,null,null,null
2023-09-19T15:58:04Z,23.48,58.91,13,0,28.02,100.27,24.00,561.00,null,null,null
2023-09-19T15:59:04Z,23.47,58.93,13,0,29.79,100.26,21.00,542.00,null,null,null
2023-09-19T16:00:04Z,23.45,58.91,13,0,43.78,100.26,24.00,561.00,0,0,0
2023-09-19T16:01:04Z,23.48,58.93,13,0,35.45,100.26,21.00,542.00,null,null,null
2023-09-19T16:02:04Z,23.48,58.91,13,0,35.02,100.27,24.00,561.00,null,null,null
2023-09-19T16:03:04Z,23.47,58.93,13,0,33.95,100.26,21.00,542.00,null,null,null
2023-09-19T16:04:04Z,23.47,58.93,13,0,31.92,100.26,24.00,561.00,null,null,null
2023-09-19T16:05:04Z,23.45,58.93,13,0,43.84,100.27,21.00,542.00,0,0,0
2023-09-19T16:06:04Z,23.49,58.93,13,0,29.79,100.26,24.00,561.00,null,null,null
2023-09-19T16:07:04Z,23.47,58.97,13,0,36.43,100.26,21.00,542.00,null,null,null
2023-09-19T16:08:04Z,23.45,58.92,13,0,29.73,100.27,24.00,561.00,null,null,null
2023-09-19T16:09:04Z,23.47,58.92,13,0,33.14,100.27,21.00,542.00,null,null,null
2023-09-19T16:10:04Z,23.47,58.97,13,0,31.66,100.26,24.00,561.00,0,0,0
2023-09-19T16:11:04Z,23.48,58.93,13,0,32.82,100.26,21.00,542.00,null,null,null
2023-09-19T16:12:04Z,23.48,58.92,13,0,34.30,100.27,24.00,561.00,null,null,null
2023-09-19T16:13:04Z,23.51,58.95,13,0,34.87,100.26,21.00,542.00,null,null,null
2023-09-19T16:14:04Z,23.48,58.96,13,0,25.00,100.27,23.00,552.00,null,null,null
2023-09-19T16:15:04Z,23.51,58.99,13,0,44.65,100.26,20.00,536.00,0,0,0
2023-09-19T16:16:04Z,23.49,58.99,13,0,30.67,100.27,20.00,536.00,null,null,null
2023-09-19T16:17:04Z,23.51,58.95,13,0,27.30,100.26,23.00,552.00,null,null,null
2023-09-19T16:18:04Z,23.48,59.00,13,0,32.84,100.27,25.00,567.00,null,null,null
2023-09-19T16:19:04Z,23.49,58.96,13,0,40.09,100.28,25.00,567.00,null,null,null
2023-09-19T16:20:04Z,23.47,58.97,13,0,31.99,100.27,24.00,561.00,0,0,0
2023-09-19T16:21:04Z,23.51,58.98,13,0,29.64,100.27,20.00,536.00,null,null,null
2023-09-19T16:22:04Z,23.51,58.92,13,0,30.81,100.28,25.00,567.00,null,null,null
2023-09-19T16:23:04Z,23.49,58.99,13,0,31.07,100.28,25.00,567.00,null,null,null
2023-09-19T16:24:04Z,23.48,58.98,13,0,26.11,100.27,25.00,567.00,null,null,null
2023-09-19T16:25:04Z,23.49,58.96,13,0,35.40,100.28,25.00,567.00,0,0,0
2023-09-19T16:26:04Z,23.52,59.02,13,0,29.41,100.27,25.00,567.00,null,null,null
2023-09-19T16:27:04Z,23.49,58.96,13,0,30.53,100.27,25.00,567.00,null,null,null
2023-09-19T16:28:04Z,23.49,58.98,13,0,51.82,100.27,25.00,567.00,null,null,null
2023-09-19T16:29:04Z,23.49,58.98,13,0,28.30,100.27,25.00,567.00,null,null,null
2023-09-19T16:30:04Z,23.49,59.01,13,0,31.36,100.27,25.00,567.00,0,0,0
2023-09-19T16:31:04Z,23.49,59.02,13,0,34.88,100.27,25.00,567.00,null,null,null
2023-09-19T16:32:04Z,23.51,58.98,13,0,29.73,100.27,25.00,567.00,null,null,null
2023-09-19T16:33:04Z,23.51,58.99,13,0,34.78,100.27,25.00,567.00,null,null,null
2023-09-19T16:34:04Z,23.52,59.00,13,0,31.92,100.27,25.00,567.00,null,null,null
2023-09-19T16:35:04Z,23.49,58.93,13,0,35.40,100.27,25.00,567.00,0,0,0
2023-09-19T16:36:04Z,23.52,59.01,13,0,27.04,100.27,25.00,567.00,null,null,null
2023-09-19T16:37:04Z,23.52,58.99,13,0,43.25,100.27,25.00,567.00,null,null,null
2023-09-19T16:38:04Z,23.51,59.02,13,0,40.95,100.27,25.00,567.00,null,null,null
2023-09-19T16:39:04Z,23.51,58.98,13,0,35.33,100.27,25.00,567.00,null,null,null
2023-09-19T16:40:04Z,23.49,59.00,13,0,26.31,100.27,25.00,567.00,0,0,0
2023-09-19T16:41:04Z,23.54,59.01,13,0,33.34,100.27,25.00,567.00,null,null,null
2023-09-19T16:42:04Z,23.52,58.99,13,0,33.48,100.28,25.00,567.00,null,null,null
2023-09-19T16:43:04Z,23.52,59.02,13,0,30.18,100.28,25.00,567.00,null,null,null
2023-09-19T16:44:04Z,23.52,59.01,13,0,36.00,100.28,25.00,567.00,null,null,null
2023-09-19T16:45:04Z,23.52,58.99,13,0,30.25,100.27,24.00,561.00,0,0,0
2023-09-19T16:46:04Z,23.52,59.02,13,0,31.55,100.29,24.00,561.00,null,null,null
2023-09-19T16:47:04Z,23.54,59.02,13,0,36.55,100.27,25.00,567.00,null,null,null
2023-09-19T16:48:04Z,23.52,59.02,13,0,34.24,100.28,25.00,567.00,null,null,null
2023-09-19T16:49:04Z,23.52,59.03,13,0,33.17,100.27,25.00,567.00,null,null,null
2023-09-19T16:50:04Z,23.51,59.05,13,0,36.67,100.28,25.00,567.00,0,0,0
2023-09-19T16:51:04Z,23.56,59.06,13,0,35.80,100.29,25.00,567.00,null,null,null
2023-09-19T16:52:04Z,23.54,59.01,13,0,32.13,100.27,26.00,574.00,null,null,null
2023-09-19T16:53:04Z,23.52,59.06,13,0,28.99,100.28,25.00,567.00,null,null,null
2023-09-19T16:54:04Z,23.54,59.01,13,0,48.47,100.29,26.00,574.00,null,null,null
2023-09-19T16:55:04Z,23.54,59.05,12,0,42.69,100.28,25.00,567.00,0,0,0
2023-09-19T16:56:04Z,23.55,59.03,13,0,39.84,100.29,25.00,567.00,null,null,null
2023-09-19T16:57:04Z,23.55,59.03,12,0,33.87,100.29,25.00,567.00,null,null,null
2023-09-19T16:58:04Z,23.56,59.03,12,0,36.43,100.28,25.00,567.00,null,null,null
2023-09-19T16:59:04Z,23.54,59.06,13,0,34.88,100.28,25.00,567.00,null,null,null
2023-09-19T17:00:04Z,23.55,59.09,13,0,50.03,100.28,25.00,567.00,0,0,0
2023-09-19T17:01:04Z,23.56,59.02,12,0,30.61,100.28,25.00,567.00,null,null,null
2023-09-19T17:02:04Z,23.54,59.05,12,0,34.68,100.29,25.00,567.00,null,null,null
2023-09-19T17:03:04Z,23.56,59.10,12,0,51.56,100.28,25.00,567.00,null,null,null
2023-09-19T17:04:04Z,23.55,59.04,12,0,25.90,100.28,25.00,567.00,null,null,null
2023-09-19T17:05:04Z,23.56,59.11,13,0,40.62,100.29,25.00,567.00,0,0,0
2023-09-19T17:06:04Z,23.58,59.02,12,0,27.87,100.29,25.00,567.00,null,null,null
2023-09-19T17:07:04Z,23.55,59.04,12,0,31.47,100.28,25.00,567.00,null,null,null
2023-09-19T17:08:04Z,23.56,59.05,12,0,35.31,100.29,25.00,567.00,null,null,null
2023-09-19T17:09:04Z,23.56,59.04,12,0,24.72,100.29,25.00,567.00,null,null,null
2023-09-19T17:10:04Z,23.58,59.04,12,0,33.09,100.28,25.00,567.00,0,0,0
2023-09-19T17:11:04Z,23.56,59.06,12,0,35.29,100.28,25.00,567.00,null,null,null
2023-09-19T17:12:04Z,23.56,59.03,12,0,32.24,100.29,25.00,567.00,null,null,null
2023-09-19T17:13:04Z,23.58,59.08,12,0,32.77,100.30,26.00,574.00,null,null,null
2023-09-19T17:14:04Z,23.55,59.07,12,0,33.70,100.29,22.00,548.00,null,null,null
2023-09-19T17:15:04Z,23.56,59.11,12,0,35.41,100.29,22.00,548.00,0,0,0
2023-09-19T17:16:04Z,23.56,59.05,12,0,41.48,100.29,25.00,567.00,null,null,null
2023-09-19T17:17:04Z,23.56,59.10,12,0,47.77,100.29,23.00,552.00,null,null,null
2023-09-19T17:18:04Z,23.56,59.09,12,0,25.92,100.30,26.00,574.00,null,null,null
2023-09-19T17:19:04Z,23.58,59.05,12,0,33.37,100.30,25.00,567.00,null,null,null
2023-09-19T17:20:04Z,23.56,59.09,12,0,33.67,100.29,25.00,567.00,0,0,0
2023-09-19T17:21:04Z,23.58,59.08,12,0,36.86,100.30,25.00,567.00,null,null,null
2023-09-19T17:22:04Z,23.58,59.06,12,0,27.12,100.29,25.00,567.00,null,null,null
2023-09-19T17:23:04Z,23.58,59.09,12,0,33.71,100.31,25.00,567.00,null,null,null
2023-09-19T17:24:04Z,23.59,59.09,12,0,30.25,100.29,25.00,567.00,null,null,null
2023-09-19T17:25:04Z,23.59,59.08,12,0,32.85,100.30,25.00,567.00,0,0,0
2023-09-19T17:26:04Z,23.59,59.00,12,0,30.92,100.29,25.00,567.00,null,null,null
2023-09-19T17:27:04Z,23.59,59.09,12,0,34.42,100.30,25.00,567.00,null,null,null
2023-09-19T17:28:04Z,23.61,59.10,12,0,36.20,100.30,25.00,567.00,null,null,null
2023-09-19T17:29:04Z,23.58,59.08,12,0,30.17,100.30,25.00,567.00,null,null,null
2023-09-19T17:30:04Z,23.59,59.07,12,0,31.24,100.29,25.00,567.00,0,0,0
2023-09-19T17:31:04Z,23.59,59.08,12,0,26.89,100.29,25.00,567.00,null,null,null
2023-09-19T17:32:04Z,23.59,59.08,12,0,27.60,100.29,25.00,567.00,null,null,null
2023-09-19T17:33:04Z,23.62,59.07,12,0,23.49,100.29,25.00,567.00,null,null,null
2023-09-19T17:34:04Z,23.58,59.11,12,0,28.67,100.29,25.00,567.00,null,null,null
2023-09-19T17:35:04Z,23.59,59.09,12,0,30.83,100.29,25.00,567.00,0,0,0
2023-09-19T17:36:04Z,23.61,59.10,12,0,25.22,100.30,25.00,567.00,null,null,null
2023-09-19T17:37:04Z,23.59,59.07,12,0,38.09,100.29,25.00,567.00,null,null,null
2023-09-19T17:38:04Z,23.58,59.07,12,0,37.03,100.30,25.00,567.00,null,null,null
2023-09-19T17:39:04Z,23.58,59.09,12,0,27.49,100.29,25.00,567.00,null,null,null
2023-09-19T17:40:04Z,23.59,59.07,12,0,32.97,100.29,25.00,567.00,0,0,0
2023-09-19T17:41:04Z,23.59,59.14,12,0,39.81,100.30,25.00,567.00,null,null,null
2023-09-19T17:42:04Z,23.59,59.09,12,0,26.53,100.29,25.00,567.00,null,null,null
2023-09-19T17:43:04Z,23.59,59.11,12,0,30.91,100.30,24.00,561.00,null,null,null
2023-09-19T17:44:04Z,23.58,59.14,12,0,29.60,100.30,25.00,567.00,null,null,null
2023-09-19T17:45:04Z,23.59,59.12,12,0,38.42,100.30,25.00,567.00,0,0,0
2023-09-19T17:46:04Z,23.59,59.12,12,0,28.07,100.29,25.00,567.00,null,null,null
2023-09-19T17:47:04Z,23.58,59.14,12,0,39.03,100.30,25.00,567.00,null,null,null
2023-09-19T17:48:04Z,23.59,59.11,11,0,34.56,100.30,24.00,561.00,null,null,null
2023-09-19T17:49:04Z,23.59,59.15,12,0,24.23,100.30,25.00,567.00,null,null,null
2023-09-19T17:50:04Z,23.59,59.08,12,0,29.89,100.30,25.00,567.00,0,0,0
2023-09-19T17:51:04Z,23.62,59.08,12,0,32.74,100.29,25.00,567.00,null,null,null
2023-09-19T17:52:04Z,23.59,59.11,12,0,32.91,100.29,25.00,567.00,null,null,null
2023-09-19T17:53:04Z,23.59,59.07,12,0,28.55,100.30,25.00,567.00,null,null,null
2023-09-19T17:54:04Z,23.59,59.14,12,0,33.77,100.29,25.00,567.00,null,null,null
2023-09-19T17:55:04Z,23.59,59.12,12,0,27.36,100.29,25.00,567.00,0,0,0
2023-09-19T17:56:04Z,23.61,59.09,12,0,26.48,100.29,25.00,567.00,null,null,null
2023-09-19T17:57:04Z,23.59,59.12,12,0,27.36,100.30,25.00,567.00,null,null,null
2023-09-19T17:58:04Z,23.58,59.11,12,0,30.78,100.29,25.00,567.00,null,null,null
2023-09-19T17:59:04Z,23.61,59.15,12,0,35.51,100.30,25.00,567.00,null,null,null
2023-09-19T18:00:04Z,23.59,59.12,12,0,29.44,100.30,25.00,567.00,0,0,0
2023-09-19T18:01:04Z,23.62,59.15,12,0,31.70,100.30,25.00,567.00,null,null,null
2023-09-19T18:02:04Z,23.61,59.15,12,0,32.84,100.29,25.00,567.00,null,null,null
2023-09-19T18:03:04Z,23.59,59.12,12,0,33.14,100.29,25.00,567.00,null,null,null
2023-09-19T18:04:04Z,23.58,59.14,12,0,31.95,100.30,25.00,567.00,null,null,null
2023-09-19T18:05:04Z,23.59,59.15,12,0,32.89,100.29,25.00,567.00,0,0,0
2023-09-19T18:06:04Z,23.58,59.11,12,0,32.43,100.29,25.00,567.00,null,null,null
2023-09-19T18:07:04Z,23.61,59.12,11,0,34.11,100.29,24.00,561.00,null,null,null
2023-09-19T18:08:04Z,23.59,59.11,11,0,35.57,100.29,25.00,567.00,null,null,null
2023-09-19T18:09:04Z,23.58,59.16,12,0,34.03,100.29,24.00,561.00,null,null,null
2023-09-19T18:10:04Z,23.59,59.11,11,0,30.51,100.28,21.00,542.00,0,0,0
2023-09-19T18:11:04Z,23.58,59.12,11,0,34.20,100.29,25.00,567.00,null,null,null
2023-09-19T18:12:04Z,23.56,59.16,11,0,31.61,100.28,24.00,561.00,null,null,null
2023-09-19T18:13:04Z,23.58,59.08,11,0,27.42,100.29,20.00,536.00,null,null,null
2023-09-19T18:14:04Z,23.56,59.14,11,0,31.75,100.29,23.00,552.00,null,null,null
2023-09-19T18:15:04Z,23.59,59.09,12,0,35.74,100.29,23.00,552.00,0,0,0
2023-09-19T18:16:04Z,23.58,59.11,11,0,24.79,100.29,23.00,552.00,null,null,null
2023-09-19T18:17:04Z,23.59,59.13,11,0,31.13,100.30,21.00,542.00,null,null,null
2023-09-19T18:18:04Z,23.56,59.13,11,0,28.83,100.29,24.00,561.00,null,null,null
2023-09-19T18:19:04Z,23.58,59.08,11,0,34.63,100.30,21.00,542.00,null,null,null
2023-09-19T18:20:04Z,23.59,59.13,11,0,33.88,100.28,24.00,561.00,0,0,0
2023-09-19T18:21:04Z,23.59,59.13,11,0,34.12,100.29,19.00,529.00,null,null,null
2023-09-19T18:22:04Z,23.58,59.15,12,0,33.60,100.30,20.00,536.00,null,null,null
2023-09-19T18:23:04Z,23.58,59.09,12,0,26.03,100.29,24.00,561.00,null,null,null
2023-09-19T18:24:04Z,23.56,59.08,11,0,31.90,100.29,23.00,552.00,null,null,null
2023-09-19T18:25:04Z,23.56,59.13,11,0,32.36,100.29,20.00,536.00,0,0,0
2023-09-19T18:26:04Z,23.58,59.14,11,0,31.41,100.29,23.00,552.00,null,null,null
2023-09-19T18:27:04Z,23.58,59.13,11,0,28.39,100.29,23.00,552.00,null,null,null
2023-09-19T18:28:04Z,23.56,59.12,11,0,31.91,100.29,20.00,536.00,null,null,null
2023-09-19T18:29:04Z,23.55,59.13,11,0,29.99,100.30,23.00,552.00,null,null,null
2023-09-19T18:30:04Z,23.52,59.16,11,0,27.26,100.29,23.00,552.00,0,0,0
2023-09-19T18:31:04Z,23.55,59.14,11,0,28.81,100.29,20.00,536.00,null,null,null
2023-09-19T18:32:04Z,23.54,59.14,11,0,27.28,100.29,23.00,552.00,null,null,null
2023-09-19T18:33:04Z,23.55,59.16,11,0,22.37,100.29,23.00,552.00,null,null,null
2023-09-19T18:34:04Z,23.54,59.15,11,0,28.42,100.29,19.00,529.00,null,null,null
2023-09-19T18:35:04Z,23.54,59.14,11,0,30.17,100.29,19.00,529.00,0,0,0
2023-09-19T18:36:04Z,23.51,59.10,11,0,32.01,100.30,20.00,536.00,null,null,null
2023-09-19T18:37:04Z,23.54,59.13,11,0,29.91,100.29,23.00,552.00,null,null,null
2023-09-19T18:38:04Z,23.54,59.14,11,0,35.36,100.29,22.00,548.00,null,null,null
2023-09-19T18:39:04Z,23.54,59.14,11,0,32.11,100.29,19.00,529.00,null,null,null
2023-09-19T18:40:04Z,23.51,59.11,11,0,32.05,100.29,19.00,529.00,0,0,0
2023-09-19T18:41:04Z,23.54,59.13,11,0,28.45,100.30,19.00,529.00,null,null,null
2023-09-19T18:42:04Z,23.52,59.14,11,0,31.86,100.30,19.00,529.00,null,null,null
2023-09-19T18:43:04Z,23.51,59.16,11,0,32.84,100.30,18.00,523.00,null,null,null
2023-09-19T18:44:04Z,23.51,59.11,11,0,29.22,100.30,21.00,542.00,null,null,null
2023-09-19T18:45:04Z,23.48,59.16,11,0,32.16,100.29,21.00,542.00,0,0,0
2023-09-19T18:46:04Z,23.52,59.15,11,0,30.42,100.30,21.00,542.00,null,null,null
2023-09-19T18:47:04Z,23.51,59.14,11,0,33.10,100.30,19.00,529.00,null,null,null
2023-09-19T18:48:04Z,23.51,59.13,11,0,33.85,100.30,19.00,529.00,null,null,null
2023-09-19T18:49:04Z,23.49,59.14,11,0,32.20,100.30,18.00,523.00,null,null,null
2023-09-19T18:50:04Z,23.48,59.18,11,0,28.39,100.31,22.00,548.00,0,0,0
2023-09-19T18:51:04Z,23.49,59.20,11,0,39.04,100.30,17.00,517.00,null,null,null
2023-09-19T18:52:04Z,23.49,59.09,11,0,28.17,100.31,21.00,542.00,null,null,null
2023-09-19T18:53:04Z,23.48,59.18,11,0,25.65,100.30,18.00,523.00,null,null,null
2023-09-19T18:54:04Z,23.49,59.15,11,0,27.78,100.31,21.00,542.00,null,null,null
2023-09-19T18:55:04Z,23.47,59.12,11,0,35.26,100.30,18.00,523.00,0,0,0
2023-09-19T18:56:04Z,23.48,59.16,11,0,28.14,100.30,21.00,542.00,null,null,null
2023-09-19T18:57:04Z,23.49,59.15,11,0,35.95,100.31,18.00,523.00,null,null,null
2023-09-19T18:58:04Z,23.48,59.10,11,0,37.87,100.30,21.00,542.00,null,null,null
2023-09-19T18:59:04Z,23.49,59.16,11,0,24.35,100.29,17.00,517.00,null,null,null
2023-09-19T19:00:04Z,23.47,59.15,11,0,33.36,100.30,21.00,542.00,0,0,0
2023-09-19T19:01:04Z,23.47,59.16,11,0,34.85,100.30,18.00,523.00,null,null,null
2023-09-19T19:02:04Z,23.45,59.17,11,0,26.57,100.30,21.00,542.00,null,null,null
2023-09-19T19:03:04Z,23.44,59.12,11,0,32.38,100.30,17.00,517.00,null,null,null
2023-09-19T19:04:04Z,23.45,59.17,11,0,31.35,100.30,20.00,536.00,null,null,null
2023-09-19T19:05:04Z,23.44,59.18,11,0,33.86,100.30,19.00,529.00,0,0,0
2023-09-19T19:06:04Z,23.42,59.06,11,0,24.46,100.29,19.00,529.00,null,null,null
2023-09-19T19:07:04Z,23.44,59.13,11,0,29.93,100.29,19.00,529.00,null,null,null
2023-09-19T19:08:04Z,23.44,59.14,11,0,36.55,100.29,19.00,529.00,null,null,null
2023-09-19T19:09:04Z,23.44,59.18,11,0,27.97,100.28,19.00,529.00,null,null,null
2023-09-19T19:10:04Z,23.40,59.15,11,0,37.56,100.28,19.00,529.00,0,0,0
2023-09-19T19:11:04Z,23.44,59.14,11,0,30.52,100.28,19.00,529.00,null,null,null
2023-09-19T19:12:04Z,23.42,59.18,11,0,34.09,100.29,19.00,529.00,null,null,null
2023-09-19T19:13:04Z,23.44,59.15,11,0,32.44,100.28,18.00,523.00,null,null,null
2023-09-19T19:14:04Z,23.41,59.12,11,0,30.92,100.28,19.00,529.00,null,null,null
2023-09-19T19:15:04Z,23.41,59.14,11,0,32.47,100.28,19.00,529.00,0,0,0
2023-09-19T19:16:04Z,23.41,59.16,11,0,23.49,100.28,19.00,529.00,null,null,null
2023-09-19T19:17:04Z,23.41,59.20,11,0,29.13,100.29,20.00,536.00,null,null,null
2023-09-19T19:18:04Z,23.41,59.15,11,0,23.68,100.28,18.00,523.00,null,null,null
2023-09-19T19:19:04Z,23.41,59.17,11,0,31.56,100.29,20.00,536.00,null,null,null
2023-09-19T19:20:04Z,23.40,59.19,11,0,30.90,100.29,18.00,523.00,0,0,0
2023-09-19T19:21:04Z,23.40,59.18,11,0,29.07,100.29,18.00,523.00,null,null,null
2023-09-19T19:22:04Z,23.38,59.17,11,0,33.75,100.29,15.00,503.00,null,null,null
2023-09-19T19:23:04Z,23.38,59.16,11,0,32.10,100.29,19.00,529.00,null,null,null
2023-09-19T19:24:04Z,23.38,59.19,11,0,33.45,100.29,19.00,529.00,null,null,null
2023-09-19T19:25:04Z,23.38,59.13,11,0,28.63,100.29,19.00,529.00,0,0,0
2023-09-19T19:26:04Z,23.37,59.19,11,0,26.71,100.29,19.00,529.00,null,null,null
2023-09-19T19:27:04Z,23.37,59.19,11,0,33.74,100.29,19.00,529.00,null,null,null
2023-09-19T19:28:04Z,23.38,59.14,11,0,30.65,100.28,19.00,529.00,null,null,null
2023-09-19T19:29:04Z,23.35,59.22,11,0,25.87,100.29,19.00,529.00,null,null,null
2023-09-19T19:30:04Z,23.35,59.17,11,0,32.85,100.30,19.00,529.00,0,0,0
2023-09-19T19:31:04Z,23.37,59.12,11,0,27.49,100.29,18.00,523.00,null,null,null
2023-09-19T19:32:04Z,23.35,59.13,11,0,27.28,100.29,15.00,501.00,null,null,null
2023-09-19T19:33:04Z,23.35,59.18,11,0,36.22,100.29,15.00,501.00,null,null,null
2023-09-19T19:34:04Z,23.34,59.17,11,0,35.19,100.29,15.00,501.00,null,null,null
2023-09-19T19:35:04Z,23.37,59.14,11,0,33.19,100.30,15.00,501.00,0,0,0
2023-09-19T19:36:04Z,23.35,59.17,11,0,33.34,100.29,15.00,501.00,null,null,null
2023-09-19T19:37:04Z,23.35,59.22,11,0,26.06,100.30,18.00,523.00,null,null,null
2023-09-19T19:38:04Z,23.34,59.18,11,0,30.06,100.30,14.00,496.00,null,null,null
2023-09-19T19:39:04Z,23.34,59.15,11,0,29.15,100.30,17.00,517.00,null,null,null
2023-09-19T19:40:04Z,23.34,59.20,11,0,31.51,100.31,14.00,496.00,0,0,0
2023-09-19T19:41:04Z,23.34,59.19,11,0,31.28,100.30,17.00,517.00,null,null,null
2023-09-19T19:42:04Z,23.35,59.14,11,0,29.12,100.30,13.00,491.00,null,null,null
2023-09-19T19:43:04Z,23.34,59.15,11,0,30.04,100.30,17.00,517.00,null,null,null
2023-09-19T19:44:04Z,23.31,59.14,11,0,32.45,100.30,17.00,517.00,null,null,null
2023-09-19T19:45:04Z,23.30,59.24,11,0,32.45,100.29,17.00,517.00,0,0,0
2023-09-19T19:46:04Z,23.33,59.20,11,0,37.62,100.30,15.00,503.00,null,null,null
2023-09-19T19:47:04Z,23.33,59.18,11,0,26.08,100.30,15.00,503.00,null,null,null
2023-09-19T19:48:04Z,23.33,59.21,11,0,24.31,100.31,14.00,496.00,null,null,null
2023-09-19T19:49:04Z,23.30,59.18,11,0,26.43,100.30,15.00,503.00,null,null,null
2023-09-19T19:50:04Z,23.30,59.16,11,0,31.48,100.30,14.00,496.00,0,0,0
2023-09-19T19:51:04Z,23.31,59.20,10,0,34.69,100.31,15.00,501.00,null,null,null
2023-09-19T19:52:04Z,23.33,59.22,10,0,34.26,100.31,15.00,503.00,null,null,null
2023-09-19T19:53:04Z,23.31,59.19,11,0,29.18,100.30,14.00,496.00,null,null,null
2023-09-19T19:54:04Z,23.31,59.24,11,0,34.78,100.31,15.00,503.00,null,null,null
2023-09-19T19:55:04Z,23.30,59.23,11,0,28.12,100.30,13.00,491.00,0,0,0
2023-09-19T19:56:04Z,23.28,59.21,10,0,28.17,100.30,17.00,517.00,null,null,null
2023-09-19T19:57:04Z,23.30,59.16,10,0,26.11,100.30,15.00,503.00,null,null,null
2023-09-19T19:58:04Z,23.27,59.19,11,0,28.17,100.31,13.00,491.00,null,null,null
2023-09-19T19:59:04Z,23.30,59.20,10,0,33.68,100.30,17.00,517.00,null,null,null
2023-09-19T20:00:04Z,23.28,59.24,11,0,29.64,100.30,15.00,501.00,0,0,0
2023-09-19T20:01:04Z,23.28,59.20,10,0,30.93,100.30,15.00,503.00,null,null,null
2023-09-19T20:02:04Z,23.28,59.23,10,0,25.65,100.31,13.00,491.00,null,null,null
2023-09-19T20:03:04Z,23.28,59.20,11,0,28.64,100.30,17.00,517.00,null,null,null
2023-09-19T20:04:04Z,23.27,59.25,11,0,29.78,100.30,15.00,501.00,null,null,null
2023-09-19T20:05:04Z,23.27,59.20,10,0,36.49,100.31,14.00,496.00,0,0,0
2023-09-19T20:06:04Z,23.23,59.22,10,0,25.32,100.30,15.00,503.00,null,null,null
2023-09-19T20:07:04Z,23.27,59.16,10,0,23.72,100.30,16.00,508.00,null,null,null
2023-09-19T20:08:04Z,23.24,59.20,11,0,28.19,100.30,15.00,503.00,null,null,null
2023-09-19T20:09:04Z,23.26,59.21,10,0,31.72,100.29,16.00,508.00,null,null,null
2023-09-19T20:10:04Z,23.24,59.25,10,0,33.03,100.29,15.00,503.00,0,0,0
2023-09-19T20:11:04Z,23.24,59.20,10,0,29.40,100.29,15.00,502.00,null,null,null
2023-09-19T20:12:04Z,23.26,59.21,10,0,32.70,100.29,15.00,503.00,null,null,null
2023-09-19T20:13:04Z,23.27,59.21,10,0,30.10,100.29,12.00,485.00,null,null,null
2023-09-19T20:14:04Z,23.21,59.23,11,0,32.60,100.28,12.00,485.00,null,null,null
2023-09-19T20:15:04Z,23.21,59.20,10,0,30.22,100.29,15.00,503.00,0,0,0
2023-09-19T20:16:04Z,23.24,59.22,10,0,37.06,100.28,15.00,503.00,null,null,null
2023-09-19T20:17:04Z,23.23,59.23,10,0,30.24,100.29,16.00,508.00,null,null,null
2023-09-19T20:18:04Z,23.21,59.19,10,0,27.10,100.30,16.00,508.00,null,null,null
2023-09-19T20:19:04Z,23.23,59.23,11,0,27.66,100.30,15.00,503.00,null,null,null
2023-09-19T20:20:04Z,23.23,59.20,10,0,32.64,100.31,16.00,508.00,0,0,0
2023-09-19T20:21:04Z,23.21,59.23,10,0,32.58,100.30,14.00,497.00,null,null,null
2023-09-19T20:22:04Z,23.23,59.22,10,0,27.77,100.30,15.00,503.00,null,null,null
2023-09-19T20:23:04Z,23.23,59.22,10,0,30.46,100.30,16.00,508.00,null,null,null
2023-09-19T20:24:04Z,23.21,59.22,10,0,30.61,100.30,15.00,503.00,null,null,null
2023-09-19T20:25:04Z,23.18,59.20,10,0,30.35,100.29,16.00,508.00,0,0,0
2023-09-19T20:26:04Z,23.21,59.22,10,0,30.70,100.29,15.00,503.00,null,null,null
2023-09-19T20:27:04Z,23.23,59.20,10,0,26.14,100.29,15.00,503.00,null,null,null
2023-09-19T20:28:04Z,23.18,59.19,10,0,33.12,100.30,16.00,508.00,null,null,null
2023-09-19T20:29:04Z,23.20,59.22,10,0,26.24,100.29,15.00,503.00,null,null,null
2023-09-19T20:30:04Z,23.17,59.22,10,0,29.07,100.31,16.00,508.00,0,0,0
2023-09-19T20:31:04Z,23.21,59.23,10,0,30.36,100.29,15.00,503.00,null,null,null
2023-09-19T20:32:04Z,23.20,59.21,10,0,29.57,100.29,16.00,508.00,null,null,null
2023-09-19T20:33:04Z,23.17,59.21,10,0,28.60,100.30,15.00,503.00,null,null,null
2023-09-19T20:34:04Z,23.17,59.23,10,0,27.16,100.31,16.00,508.00,null,null,null
2023-09-19T20:35:04Z,23.17,59.24,10,0,31.20,100.30,15.00,503.00,0,0,0
2023-09-19T20:36:04Z,23.20,59.21,10,0,32.44,100.29,16.00,508.00,null,null,null
2023-09-19T20:37:04Z,23.18,59.24,10,0,25.70,100.30,15.00,503.00,null,null,null
2023-09-19T20:38:04Z,23.20,59.17,10,0,22.66,100.30,15.00,503.00,null,null,null
2023-09-19T20:39:04Z,23.17,59.22,10,0,25.16,100.30,14.00,497.00,null,null,null
2023-09-19T20:40:04Z,23.20,59.25,10,0,32.06,100.30,14.00,497.00,0,0,0
2023-09-19T20:41:04Z,23.18,59.25,10,0,26.60,100.30,13.00,486.00,null,null,null
2023-09-19T20:42:04Z,23.18,59.25,10,0,26.06,100.30,13.00,486.00,null,null,null
2023-09-19T20:43:04Z,23.14,59.18,10,0,30.34,100.30,13.00,486.00,null,null,null
2023-09-19T20:44:04Z,23.18,59.25,10,0,28.60,100.30,14.00,492.00,null,null,null
2023-09-19T20:45:04Z,23.16,59.26,10,0,28.99,100.30,14.00,492.00,0,0,0
2023-09-19T20:46:04Z,23.17,59.22,10,0,28.48,100.30,13.00,486.00,null,null,null
2023-09-19T20:47:04Z,23.18,59.26,10,0,31.74,100.30,14.00,497.00,null,null,null
2023-09-19T20:48:04Z,23.17,59.23,10,0,25.29,100.30,14.00,492.00,null,null,null
2023-09-19T20:49:04Z,23.16,59.24,10,0,28.91,100.31,14.00,497.00,null,null,null
2023-09-19T20:50:04Z,23.16,59.25,10,0,28.87,100.29,14.00,497.00,0,0,0
2023-09-19T20:51:04Z,23.13,59.17,10,0,25.32,100.31,13.00,486.00,null,null,null
2023-09-19T20:52:04Z,23.16,59.20,10,0,33.69,100.30,14.00,492.00,null,null,null
2023-09-19T20:53:04Z,23.14,59.23,10,0,29.43,100.30,15.00,503.00,null,null,null
2023-09-19T20:54:04Z,23.11,59.26,10,0,32.12,100.31,14.00,492.00,null,null,null
2023-09-19T20:55:04Z,23.14,59.24,10,0,29.80,100.30,14.00,492.00,0,0,0
2023-09-19T20:56:04Z,23.13,59.24,10,0,30.40,100.30,14.00,492.00,null,null,null
2023-09-19T20:57:04Z,23.13,59.20,10,0,27.80,100.30,14.00,497.00,null,null,null
2023-09-19T20:58:04Z,23.11,59.26,10,0,25.44,100.29,14.00,497.00,null,null,null
2023-09-19T20:59:04Z,23.13,59.19,10,0,27.78,100.29,14.00,492.00,null,null,null
2023-09-19T21:00:04Z,23.11,59.24,10,0,28.52,100.29,14.00,492.00,0,0,0
2023-09-19T21:01:04Z,23.13,59.29,10,0,24.31,100.30,14.00,497.00,null,null,null
2023-09-19T21:02:04Z,23.17,59.27,10,0,26.71,100.29,14.00,492.00,null,null,null
2023-09-19T21:03:04Z,23.11,59.23,10,0,33.15,100.30,13.00,486.00,null,null,null
2023-09-19T21:04:04Z,23.11,59.23,10,0,29.89,100.28,14.00,492.00,null,null,null
2023-09-19T21:05:04Z,23.11,59.24,10,0,32.34,100.29,14.00,492.00,0,0,0
2023-09-19T21:06:04Z,23.13,59.24,10,0,23.30,100.29,14.00,492.00,null,null,null
2023-09-19T21:07:04Z,23.11,59.23,10,0,22.78,100.29,14.00,492.00,null,null,null
2023-09-19T21:08:04Z,23.10,59.21,10,0,26.76,100.29,14.00,492.00,null,null,null
2023-09-19T21:09:04Z,23.10,59.23,10,0,26.53,100.29,14.00,492.00,null,null,null
2023-09-19T21:10:04Z,23.08,59.29,10,0,31.54,100.29,13.00,487.00,0,0,0
2023-09-19T21:11:04Z,23.10,59.23,10,0,28.88,100.29,12.00,482.00,null,null,null
2023-09-19T21:12:04Z,23.10,59.23,10,0,31.18,100.29,12.00,482.00,null,null,null
2023-09-19T21:13:04Z,23.08,59.25,10,0,32.17,100.29,14.00,492.00,null,null,null
2023-09-19T21:14:04Z,23.10,59.23,10,0,31.20,100.29,14.00,492.00,null,null,null
2023-09-19T21:15:04Z,23.08,59.24,10,0,28.92,100.29,13.00,487.00,0,0,0
2023-09-19T21:16:04Z,23.10,59.28,10,0,29.86,100.30,12.00,482.00,null,null,null
2023-09-19T21:17:04Z,23.10,59.28,10,0,33.49,100.29,13.00,486.00,null,null,null
2023-09-19T21:18:04Z,23.10,59.28,10,0,30.59,100.29,12.00,482.00,null,null,null
2023-09-19T21:19:04Z,23.10,59.22,10,0,27.87,100.29,12.00,482.00,null,null,null
2023-09-19T21:20:04Z,23.06,59.29,10,0,31.66,100.29,13.00,487.00,0,0,0
2023-09-19T21:21:04Z,23.08,59.25,10,0,27.60,100.29,12.00,482.00,null,null,null
2023-09-19T21:22:04Z,23.07,59.28,10,0,24.27,100.29,12.00,482.00,null,null,null
2023-09-19T21:23:04Z,23.06,59.24,10,0,24.50,100.29,12.00,482.00,null,null,null
2023-09-19T21:24:04Z,23.07,59.25,10,0,30.50,100.29,13.00,487.00,null,null,null
2023-09-19T21:25:04Z,23.08,59.27,10,0,27.94,100.28,12.00,482.00,0,0,0
2023-09-19T21:26:04Z,23.08,59.21,10,0,30.71,100.28,12.00,482.00,null,null,null
2023-09-19T21:27:04Z,23.07,59.27,10,0,26.26,100.29,13.00,487.00,null,null,null
2023-09-19T21:28:04Z,23.06,59.27,10,0,21.26,100.28,11.00,477.00,null,null,null
2023-09-19T21:29:04Z,23.06,59.25,10,0,35.89,100.28,11.00,477.00,null,null,null
2023-09-19T21:30:04Z,23.04,59.29,10,0,28.81,100.28,13.00,486.00,0,0,0
2023-09-19T21:31:04Z,23.04,59.26,10,0,31.63,100.28,12.00,482.00,null,null,null
2023-09-19T21:32:04Z,23.07,59.26,10,0,27.49,100.27,11.00,477.00,null,null,null
2023-09-19T21:33:04Z,23.07,59.30,10,0,28.07,100.28,12.00,482.00,null,null,null
2023-09-19T21:34:04Z,23.06,59.25,10,0,27.82,100.28,11.00,477.00,null,null,null
2023-09-19T21:35:04Z,23.03,59.28,10,0,31.06,100.28,11.00,477.00,0,0,0
2023-09-19T21:36:04Z,23.04,59.33,10,0,30.84,100.28,13.00,486.00,null,null,null
2023-09-19T21:37:04Z,23.04,59.26,10,0,24.31,100.27,12.00,482.00,null,null,null
2023-09-19T21:38:04Z,23.03,59.29,10,0,25.92,100.27,11.00,477.00,null,null,null
2023-09-19T21:39:04Z,23.04,59.29,10,0,28.31,100.28,11.00,477.00,null,null,null
2023-09-19T21:40:04Z,23.04,59.27,10,0,30.72,100.27,10.00,470.00,0,0,0
2023-09-19T21:41:04Z,23.03,59.23,10,0,25.50,100.27,10.00,470.00,null,null,null
2023-09-19T21:42:04Z,23.03,59.27,10,0,29.88,100.26,12.00,482.00,null,null,null
2023-09-19T21:43:04Z,23.04,59.27,10,0,28.30,100.27,11.00,477.00,null,null,null
2023-09-19T21:44:04Z,23.04,59.31,10,0,25.35,100.26,11.00,477.00,null,null,null
2023-09-19T21:45:04Z,23.00,59.30,10,0,30.57,100.26,12.00,482.00,0,0,0
2023-09-19T21:46:04Z,23.03,59.27,10,0,27.78,100.26,10.00,470.00,null,null,null
2023-09-19T21:47:04Z,23.03,59.25,10,0,32.80,100.25,12.00,482.00,null,null,null
2023-09-19T21:48:04Z,23.03,59.26,10,0,31.22,100.25,11.00,477.00,null,null,null
2023-09-19T21:49:04Z,23.00,59.26,10,0,28.19,100.26,10.00,470.00,null,null,null
2023-09-19T21:50:04Z,23.01,59.30,10,0,33.70,100.25,11.00,477.00,0,0,0
2023-09-19T21:51:04Z,23.00,59.25,10,0,31.52,100.26,11.00,477.00,null,null,null
2023-09-19T21:52:04Z,23.01,59.31,10,0,24.93,100.25,12.00,482.00,null,null,null
2023-09-19T21:53:04Z,23.00,59.31,10,0,30.14,100.25,10.00,470.00,null,null,null
2023-09-19T21:54:04Z,23.01,59.29,10,0,30.20,100.25,12.00,482.00,null,null,null
2023-09-19T21:55:04Z,23.00,59.27,10,0,31.18,100.25,10.00,470.00,0,0,0
2023-09-19T21:56:04Z,23.00,59.24,10,0,35.30,100.25,12.00,482.00,null,null,null
2023-09-19T21:57:04Z,23.00,59.29,10,0,30.81,100.26,11.00,476.00,null,null,null
2023-09-19T21:58:04Z,23.00,59.28,10,0,27.10,100.25,11.00,477.00,null,null,null
2023-09-19T21:59:04Z,23.00,59.27,10,0,24.93,100.25,10.00,470.00,null,null,null
2023-09-19T22:00:04Z,22.96,59.28,10,0,30.67,100.25,10.00,470.00,0,0,0
2023-09-19T22:01:04Z,23.00,59.30,10,0,31.18,100.25,10.00,470.00,null,null,null
2023-09-19T22:02:04Z,22.99,59.28,10,0,31.18,100.25,11.00,477.00,null,null,null
2023-09-19T22:03:04Z,22.99,59.29,10,0,22.83,100.25,10.00,470.00,null,null,null
2023-09-19T22:04:04Z,22.99,59.31,10,0,23.05,100.26,10.00,470.00,null,null,null
2023-09-19T22:05:04Z,23.00,59.30,10,0,32.01,100.24,10.00,470.00,0,0,0
2023-09-19T22:06:04Z,22.99,59.31,10,0,30.84,100.24,11.00,477.00,null,null,null
2023-09-19T22:07:04Z,22.97,59.27,10,0,31.84,100.25,10.00,470.00,null,null,null
2023-09-19T22:08:04Z,23.00,59.24,10,0,29.93,100.25,9.00,463.00,null,null,null
2023-09-19T22:09:04Z,22.96,59.24,10,0,35.56,100.24,11.00,476.00,null,null,null
2023-09-19T22:10:04Z,22.96,59.34,10,0,30.18,100.24,11.00,476.00,0,0,0
2023-09-19T22:11:04Z,22.97,59.27,10,0,29.93,100.24,10.00,470.00,null,null,null
2023-09-19T22:12:04Z,22.99,59.28,10,0,28.74,100.24,10.00,470.00,null,null,null
2023-09-19T22:13:04Z,22.99,59.33,10,0,28.04,100.25,10.00,470.00,null,null,null
2023-09-19T22:14:04Z,22.94,59.30,10,0,23.90,100.24,9.00,463.00,null,null,null
2023-09-19T22:15:04Z,22.97,59.33,10,0,33.17,100.24,9.00,463.00,0,0,0
2023-09-19T22:16:04Z,22.96,59.27,10,0,28.22,100.24,9.00,463.00,null,null,null
2023-09-19T22:17:04Z,22.97,59.26,10,0,26.80,100.24,10.00,470.00,null,null,null
2023-09-19T22:18:04Z,22.97,59.26,10,0,32.37,100.23,9.00,463.00,null,null,null
2023-09-19T22:19:04Z,22.96,59.34,10,0,28.92,100.23,10.00,470.00,null,null,null
2023-09-19T22:20:04Z,22.96,59.31,10,0,32.64,100.23,9.00,463.00,0,0,0
2023-09-19T22:21:04Z,22.94,59.31,10,0,29.61,100.24,9.00,463.00,null,null,null
2023-09-19T22:22:04Z,22.96,59.29,10,0,28.67,100.24,10.00,470.00,null,null,null
2023-09-19T22:23:04Z,22.96,59.26,10,0,22.99,100.24,9.00,463.00,null,null,null
2023-09-19T22:24:04Z,22.94,59.30,10,0,31.62,100.25,9.00,463.00,null,null,null
2023-09-19T22:25:04Z,22.94,59.31,10,0,27.36,100.23,9.00,463.00,0,0,0
2023-09-19T22:26:04Z,22.94,59.33,10,0,30.64,100.24,10.00,470.00,null,null,null
2023-09-19T22:27:04Z,22.96,59.29,10,0,31.08,100.24,9.00,463.00,null,null,null
2023-09-19T22:28:04Z,22.94,59.30,10,0,29.20,100.24,9.00,463.00,null,null,null
2023-09-19T22:29:04Z,22.96,59.31,10,0,28.92,100.24,10.00,470.00,null,null,null
2023-09-19T22:30:04Z,22.94,59.31,10,0,29.20,100.24,9.00,463.00,0,0,0
2023-09-19T22:31:04Z,22.96,59.30,10,0,35.45,100.24,9.00,463.00,null,null,null
2023-09-19T22:32:04Z,22.93,59.32,10,0,30.09,100.24,10.00,470.00,null,null,null
2023-09-19T22:33:04Z,22.93,59.30,10,0,27.68,100.24,9.00,463.00,null,null,null
2023-09-19T22:34:04Z,22.94,59.38,10,0,27.02,100.24,9.00,463.00,null,null,null
2023-09-19T22:35:04Z,22.91,59.32,10,0,29.49,100.24,10.00,470.00,0,0,0
2023-09-19T22:36:04Z,22.96,59.33,10,0,27.59,100.24,9.00,460.00,null,null,null
2023-09-19T22:37:04Z,22.93,59.31,10,0,26.38,100.23,8.00,455.00,null,null,null
2023-09-19T22:38:04Z,22.93,59.32,10,0,32.11,100.23,8.00,455.00,null,null,null
2023-09-19T22:39:04Z,22.93,59.29,10,0,28.73,100.24,8.00,455.00,null,null,null
2023-09-19T22:40:04Z,22.93,59.32,10,0,27.78,100.24,9.00,460.00,0,0,0
2023-09-19T22:41:04Z,22.94,59.32,10,0,26.84,100.23,8.00,455.00,null,null,null
2023-09-19T22:42:04Z,22.93,59.29,10,0,30.38,100.23,9.00,460.00,null,null,null
2023-09-19T22:43:04Z,22.93,59.31,10,0,26.80,100.23,9.00,460.00,null,null,null
2023-09-19T22:44:04Z,22.93,59.35,10,0,31.48,100.23,9.00,460.00,null,null,null
2023-09-19T22:45:04Z,22.91,59.30,10,0,27.49,100.23,9.00,460.00,0,0,0
2023-09-19T22:46:04Z,22.91,59.37,10,0,26.08,100.24,8.00,455.00,null,null,null
2023-09-19T22:47:04Z,22.90,59.30,10,0,25.92,100.23,9.00,460.00,null,null,null
2023-09-19T22:48:04Z,22.93,59.28,10,0,26.11,100.24,9.00,460.00,null,null,null
2023-09-19T22:49:04Z,22.91,59.32,10,0,29.60,100.24,9.00,460.00,null,null,null
2023-09-19T22:50:04Z,22.90,59.33,10,0,29.40,100.23,8.00,455.00,0,0,0
2023-09-19T22:51:04Z,22.90,59.35,10,0,25.70,100.23,9.00,460.00,null,null,null
2023-09-19T22:52:04Z,22.90,59.32,10,0,23.40,100.23,9.00,460.00,null,null,null
2023-09-19T22:53:04Z,22.90,59.29,10,0,29.47,100.22,9.00,460.00,null,null,null
2023-09-19T22:54:04Z,22.89,59.29,10,0,27.32,100.23,9.00,460.00,null,null,null
2023-09-19T22:55:04Z,22.90,59.36,10,0,26.57,100.23,9.00,460.00,0,0,0
2023-09-19T22:56:04Z,22.91,59.37,10,0,28.67,100.23,8.00,455.00,null,null,null
2023-09-19T22:57:04Z,22.90,59.31,10,0,27.16,100.23,8.00,455.00,null,null,null
2023-09-19T22:58:04Z,22.90,59.34,10,0,30.26,100.22,8.00,455.00,null,null,null
2023-09-19T22:59:04Z,22.89,59.40,10,0,29.00,100.23,8.00,455.00,null,null,null
2023-09-19T23:00:04Z,22.89,59.32,10,0,30.98,100.22,8.00,455.00,0,0,0
2023-09-19T23:01:04Z,22.90,59.34,10,0,27.38,100.22,8.00,455.00,null,null,null
2023-09-19T23:02:04Z,22.89,59.34,10,0,24.65,100.22,8.00,455.00,null,null,null
2023-09-19T23:03:04Z,22.86,59.33,10,0,27.77,100.21,8.00,455.00,null,null,null
2023-09-19T23:04:04Z,22.87,59.30,10,0,26.84,100.22,8.00,455.00,null,null,null
2023-09-19T23:05:04Z,22.86,59.34,10,0,28.11,100.21,8.00,455.00,0,0,0
2023-09-19T23:06:04Z,22.89,59.30,10,0,27.36,100.22,7.00,448.00,null,null,null
2023-09-19T23:07:04Z,22.89,59.30,9,0,34.88,100.22,7.00,448.00,null,null,null
