TIME,TEMP,HUM,BATT,LIGHT,NOISE_A,PRESS,CCS811_VOCS,CCS811_ECO2,PM_1,PM_25,PM_10
ISO 8601,C,%,%,Lux,dBA,kPa,ppb,ppm,ug/m3,ug/m3,ug/m3
Time,Temperature,Humidity,Battery,Light,Noise dBA,Barometric pressure,VOC Gas CCS811,eCO2 Gas CCS811,PM 1.0,PM 2.5,PM 10.0
,55,56,10,14,53,58,113,112,89,87,88
2023-08-09T00:00:01Z,23.12,66.44,99,0,29.16,101.53,29.00,592.00,0,0,0
2023-08-09T00:01:01Z,23.13,66.41,99,0,31.25,101.53,28.00,586.00,null,null,null
2023-08-09T00:02:01Z,23.15,66.42,99,0,27.69,101.53,29.00,592.00,null,null,null
2023-08-09T00:03:01Z,23.13,66.39,99,0,29.35,101.53,29.00,592.00,null,null,null
2023-08-09T00:04:01Z,23.13,66.32,99,0,29.49,101.52,28.00,586.00,null,null,null
2023-08-09T00:05:01Z,23.12,66.31,99,0,29.38,101.52,29.00,592.00,0,0,0
2023-08-09T00:06:01Z,23.13,66.26,99,0,30.56,101.52,28.00,586.00,null,null,null
2023-08-09T00:07:01Z,23.10,66.32,99,0,35.52,101.52,29.00,592.00,null,null,null
2023-08-09T00:08:01Z,23.12,66.55,99,0,30.39,101.53,28.00,586.00,null,null,null
2023-08-09T00:09:01Z,23.10,66.28,99,0,29.76,101.54,29.00,592.00,null,null,null
2023-08-09T00:10:01Z,23.09,66.36,99,0,30.76,101.53,30.00,602.00,0,0,0
2023-08-09T00:11:01Z,23.12,66.36,99,0,29.56,101.54,36.00,641.00,null,null,null
2023-08-09T00:12:01Z,23.10,66.18,99,0,39.38,101.53,40.00,666.00,null,null,null
2023-08-09T00:13:01Z,23.12,66.05,99,0,40.09,101.54,44.00,690.00,null,null,null
2023-08-09T00:14:01Z,23.12,66.20,99,0,32.82,101.55,45.00,700.00,null,null,null
2023-08-09T00:15:01Z,23.10,66.33,99,0,29.55,101.54,42.00,682.00,0,0,0
2023-08-09T00:16:01Z,23.12,66.34,99,0,29.49,101.54,39.00,657.00,null,null,null
2023-08-09T00:17:01Z,23.12,66.32,99,0,29.37,101.54,39.00,657.00,null,null,null
2023-08-09T00:18:01Z,23.09,66.41,99,0,29.91,101.54,37.00,649.00,null,null,null
2023-08-09T00:19:01Z,23.09,66.41,99,0,29.37,101.55,37.00,649.00,null,null,null
2023-08-09T00:20:01Z,23.12,66.46,99,0,29.49,101.55,36.00,641.00,0,0,0
2023-08-09T00:21:01Z,23.08,66.54,99,0,29.69,101.55,36.00,641.00,null,null,null
2023-08-09T00:22:01Z,23.10,66.41,99,0,28.19,101.54,37.00,649.00,null,null,null
2023-08-09T00:23:01Z,23.09,66.48,99,0,29.25,101.54,37.00,649.00,null,null,null
2023-08-09T00:24:01Z,23.10,66.53,99,0,28.40,101.54,39.00,657.00,null,null,null
2023-08-09T00:25:01Z,23.06,66.43,99,0,30.06,101.54,39.00,657.00,0,0,0
2023-08-09T00:26:01Z,23.09,66.45,99,0,31.10,101.54,39.00,657.00,null,null,null
2023-08-09T00:27:01Z,23.08,66.45,99,0,29.18,101.54,41.00,674.00,null,null,null
2023-08-09T00:28:01Z,23.09,66.47,99,0,29.41,101.54,40.00,666.00,null,null,null
2023-08-09T00:29:01Z,23.08,66.43,99,0,28.67,101.54,40.00,666.00,null,null,null
2023-08-09T00:30:01Z,23.06,66.39,99,0,30.45,101.53,41.00,674.00,0,0,0
2023-08-09T00:31:01Z,23.06,66.54,99,0,29.61,101.54,40.00,666.00,null,null,null
2023-08-09T00:32:01Z,23.09,66.43,99,0,28.54,101.54,41.00,674.00,null,null,null
2023-08-09T00:33:01Z,23.05,66.43,99,0,28.83,101.54,40.00,666.00,null,null,null
2023-08-09T00:34:01Z,23.05,66.41,99,0,30.21,101.54,41.00,674.00,null,null,null
2023-08-09T00:35:01Z,23.08,66.40,99,0,30.60,101.54,41.00,674.00,0,0,0
2023-08-09T00:36:01Z,23.06,66.43,99,0,29.30,101.54,40.00,666.00,null,null,null
2023-08-09T00:37:01Z,23.08,66.34,99,0,29.04,101.54,40.00,666.00,null,null,null
2023-08-09T00:38:01Z,23.06,66.35,99,0,29.65,101.55,40.00,666.00,null,null,null
2023-08-09T00:39:01Z,23.03,66.36,99,0,29.54,101.54,39.00,657.00,null,null,null
2023-08-09T00:40:01Z,23.03,66.42,99,0,29.08,101.54,40.00,666.00,0,0,0
2023-08-09T00:41:01Z,23.06,66.39,99,0,29.27,101.54,40.00,666.00,null,null,null
2023-08-09T00:42:01Z,23.06,66.38,99,0,28.98,101.53,40.00,666.00,null,null,null
2023-08-09T00:43:01Z,23.02,66.35,99,0,29.28,101.54,40.00,666.00,null,null,null
2023-08-09T00:44:01Z,23.03,66.33,99,0,28.48,101.53,40.00,666.00,null,null,null
2023-08-09T00:45:01Z,23.02,66.33,99,0,31.91,101.54,39.00,657.00,0,0,0
2023-08-09T00:46:01Z,23.03,66.33,99,0,30.78,101.54,37.00,649.00,null,null,null
2023-08-09T00:47:01Z,23.03,66.26,99,0,29.50,101.54,39.00,657.00,null,null,null
2023-08-09T00:48:01Z,23.03,66.30,99,0,30.42,101.54,37.00,649.00,null,null,null
2023-08-09T00:49:01Z,23.02,66.33,99,0,29.00,101.54,36.00,641.00,null,null,null
2023-08-09T00:50:01Z,23.02,66.37,99,0,29.72,101.54,37.00,649.00,0,0,0
2023-08-09T00:51:01Z,23.02,66.36,99,0,29.22,101.54,36.00,641.00,null,null,null
2023-08-09T00:52:01Z,23.03,66.34,99,0,29.09,101.55,37.00,649.00,null,null,null
2023-08-09T00:53:01Z,23.02,66.34,99,0,30.33,101.55,36.00,641.00,null,null,null
2023-08-09T00:54:01Z,22.99,66.28,99,0,28.54,101.55,36.00,641.00,null,null,null
2023-08-09T00:55:01Z,23.00,66.33,99,0,29.15,101.55,36.00,641.00,0,0,0
2023-08-09T00:56:01Z,22.99,66.30,99,0,29.38,101.55,36.00,641.00,null,null,null
2023-08-09T00:57:01Z,23.00,66.32,99,0,28.54,101.55,35.00,634.00,null,null,null
2023-08-09T00:58:01Z,23.00,66.33,99,0,30.04,101.55,35.00,634.00,null,null,null
2023-08-09T00:59:01Z,22.99,66.30,99,0,28.99,101.55,35.00,634.00,null,null,null
2023-08-09T01:00:01Z,22.96,66.25,99,0,29.41,101.56,35.00,634.00,0,0,0
2023-08-09T01:01:01Z,22.98,66.36,99,0,28.73,101.55,34.00,624.00,null,null,null
2023-08-09T01:02:01Z,22.98,66.25,99,0,34.97,101.55,36.00,641.00,null,null,null
2023-08-09T01:03:01Z,22.95,66.32,99,0,30.32,101.55,36.00,641.00,null,null,null
2023-08-09T01:04:01Z,22.96,66.33,99,0,28.93,101.56,35.00,634.00,null,null,null
2023-08-09T01:05:01Z,22.96,66.32,99,0,29.47,101.56,35.00,634.00,0,0,0
2023-08-09T01:06:01Z,22.96,66.29,99,0,33.36,101.56,34.00,624.00,null,null,null
2023-08-09T01:07:01Z,22.96,66.28,99,0,30.91,101.56,35.00,634.00,null,null,null
2023-08-09T01:08:01Z,22.96,66.27,99,0,31.57,101.56,35.00,634.00,null,null,null
2023-08-09T01:09:01Z,22.94,66.28,99,0,29.27,101.57,34.00,624.00,null,null,null
2023-08-09T01:10:01Z,22.95,66.31,99,0,29.83,101.56,35.00,634.00,0,0,0
2023-08-09T01:11:01Z,22.95,66.30,99,0,28.81,101.56,34.00,624.00,null,null,null
2023-08-09T01:12:01Z,22.95,66.33,99,0,29.30,101.56,34.00,624.00,null,null,null
2023-08-09T01:13:01Z,22.94,66.27,99,0,29.25,101.56,35.00,634.00,null,null,null
2023-08-09T01:14:01Z,22.96,66.30,99,0,29.07,101.56,34.00,624.00,null,null,null
2023-08-09T01:15:01Z,22.92,66.32,99,0,28.25,101.56,34.00,624.00,0,0,0
2023-08-09T01:16:01Z,22.94,66.32,99,0,29.43,101.57,33.00,617.00,null,null,null
2023-08-09T01:17:01Z,22.94,66.27,99,0,29.70,101.57,33.00,617.00,null,null,null
2023-08-09T01:18:01Z,22.92,66.31,99,0,30.17,101.57,33.00,617.00,null,null,null
2023-08-09T01:19:01Z,22.91,66.31,99,0,29.50,101.57,33.00,617.00,null,null,null
2023-08-09T01:20:01Z,22.91,66.29,99,0,29.82,101.57,33.00,617.00,0,0,0
2023-08-09T01:21:01Z,22.94,66.32,99,0,29.01,101.57,32.00,611.00,null,null,null
2023-08-09T01:22:01Z,22.92,66.27,99,0,30.41,101.57,33.00,617.00,null,null,null
2023-08-09T01:23:01Z,22.92,66.30,99,0,28.39,101.57,33.00,617.00,null,null,null
2023-08-09T01:24:01Z,22.91,66.30,99,0,29.37,101.58,33.00,617.00,null,null,null
2023-08-09T01:25:01Z,22.89,66.34,99,0,27.85,101.58,33.00,617.00,0,0,0
2023-08-09T01:26:01Z,22.91,66.36,99,0,30.12,101.58,32.00,611.00,null,null,null
2023-08-09T01:27:01Z,22.91,66.30,99,0,29.07,101.58,32.00,611.00,null,null,null
2023-08-09T01:28:01Z,22.91,66.33,99,0,29.32,101.59,32.00,611.00,null,null,null
2023-08-09T01:29:01Z,22.91,66.34,99,0,28.92,101.59,32.00,611.00,null,null,null
2023-08-09T01:30:01Z,22.89,66.30,99,0,29.94,101.59,32.00,611.00,0,0,0
2023-08-09T01:31:01Z,22.92,66.35,99,0,31.45,101.59,30.00,602.00,null,null,null
2023-08-09T01:32:01Z,22.89,66.33,99,0,29.49,101.59,30.00,602.00,null,null,null
2023-08-09T01:33:01Z,22.91,66.34,99,0,31.02,101.59,32.00,611.00,null,null,null
2023-08-09T01:34:01Z,22.91,66.31,99,0,29.91,101.59,29.00,592.00,null,null,null
2023-08-09T01:35:01Z,22.87,66.34,99,0,28.55,101.59,29.00,592.00,0,0,0
2023-08-09T01:36:01Z,22.87,66.39,99,0,28.89,101.59,28.00,586.00,null,null,null
2023-08-09T01:37:01Z,22.87,66.31,99,0,29.47,101.59,29.00,592.00,null,null,null
2023-08-09T01:38:01Z,22.88,66.35,99,0,28.66,101.59,29.00,592.00,null,null,null
2023-08-09T01:39:01Z,22.87,66.34,99,0,30.13,101.59,29.00,592.00,null,null,null
2023-08-09T01:40:01Z,22.88,66.38,99,0,28.85,101.59,29.00,592.00,0,0,0
2023-08-09T01:41:01Z,22.88,66.33,99,0,28.36,101.59,28.00,586.00,null,null,null
2023-08-09T01:42:01Z,22.87,66.37,99,0,29.01,101.59,28.00,586.00,null,null,null
2023-08-09T01:43:01Z,22.87,66.32,99,0,29.25,101.60,29.00,592.00,null,null,null
2023-08-09T01:44:01Z,22.87,66.35,99,0,29.54,101.60,28.00,586.00,null,null,null
2023-08-09T01:45:01Z,22.87,66.40,99,0,29.01,101.60,28.00,586.00,0,0,0
2023-08-09T01:46:01Z,22.82,66.35,99,0,29.17,101.60,28.00,586.00,null,null,null
2023-08-09T01:47:01Z,22.85,66.29,99,0,29.16,101.60,28.00,586.00,null,null,null
2023-08-09T01:48:01Z,22.87,66.27,99,0,29.08,101.60,28.00,586.00,null,null,null
2023-08-09T01:49:01Z,22.85,66.29,99,0,33.57,101.60,28.00,586.00,null,null,null
2023-08-09T01:50:01Z,22.85,66.28,99,0,29.17,101.60,27.00,578.00,0,0,0
2023-08-09T01:51:01Z,22.83,66.32,99,0,29.04,101.60,27.00,578.00,null,null,null
2023-08-09T01:52:01Z,22.85,66.26,99,0,28.19,101.60,27.00,578.00,null,null,null
2023-08-09T01:53:01Z,22.85,66.23,99,0,29.09,101.60,27.00,578.00,null,null,null
2023-08-09T01:54:01Z,22.83,66.23,99,0,32.21,101.60,28.00,586.00,null,null,null
2023-08-09T01:55:01Z,22.81,66.29,99,0,28.34,101.60,28.00,586.00,0,0,0
2023-08-09T01:56:01Z,22.81,66.28,99,0,28.07,101.60,26.00,574.00,null,null,null
2023-08-09T01:57:01Z,22.81,66.26,99,0,30.37,101.60,26.00,574.00,null,null,null
2023-08-09T01:58:01Z,22.82,66.32,99,0,28.98,101.61,26.00,574.00,null,null,null
2023-08-09T01:59:01Z,22.81,66.28,99,0,28.54,101.60,25.00,569.00,null,null,null
2023-08-09T02:00:01Z,22.81,66.27,99,0,29.54,101.60,26.00,574.00,0,0,0
2023-08-09T02:01:01Z,22.81,66.31,99,0,29.56,101.61,25.00,569.00,null,null,null
2023-08-09T02:02:01Z,22.81,66.30,99,0,28.42,101.61,25.00,569.00,null,null,null
2023-08-09T02:03:01Z,22.82,66.25,99,0,30.17,101.61,25.00,569.00,null,null,null
2023-08-09T02:04:01Z,22.78,66.24,99,0,28.89,101.61,25.00,569.00,null,null,null
2023-08-09T02:05:01Z,22.78,66.30,99,0,28.77,101.61,25.00,569.00,0,0,0
2023-08-09T02:06:01Z,22.78,66.33,99,0,28.68,101.61,24.00,564.00,null,null,null
2023-08-09T02:07:01Z,22.78,66.30,99,0,31.58,101.61,26.00,574.00,null,null,null
2023-08-09T02:08:01Z,22.78,66.29,99,0,31.29,101.62,25.00,569.00,null,null,null
2023-08-09T02:09:01Z,22.79,66.28,99,0,29.78,101.62,25.00,569.00,null,null,null
2023-08-09T02:10:01Z,22.78,66.30,99,0,29.38,101.62,25.00,569.00,0,0,0
2023-08-09T02:11:01Z,22.76,66.26,99,0,29.20,101.62,24.00,564.00,null,null,null
2023-08-09T02:12:01Z,22.76,66.28,99,0,30.04,101.63,24.00,564.00,null,null,null
2023-08-09T02:13:01Z,22.76,66.22,99,0,29.74,101.62,24.00,564.00,null,null,null
2023-08-09T02:14:01Z,22.78,66.29,99,0,30.69,101.63,26.00,575.00,null,null,null
2023-08-09T02:15:01Z,22.75,66.24,99,0,29.36,101.63,24.00,564.00,0,0,0
2023-08-09T02:16:01Z,22.75,66.28,99,0,28.96,101.63,24.00,564.00,null,null,null
2023-08-09T02:17:01Z,22.76,66.28,99,0,30.02,101.63,24.00,564.00,null,null,null
2023-08-09T02:18:01Z,22.76,66.29,99,0,29.35,101.63,24.00,564.00,null,null,null
2023-08-09T02:19:01Z,22.75,66.22,99,0,29.94,101.63,23.00,555.00,null,null,null
2023-08-09T02:20:01Z,22.74,66.31,99,0,28.87,101.63,24.00,564.00,0,0,0
2023-08-09T02:21:01Z,22.76,66.32,99,0,29.15,101.63,24.00,564.00,null,null,null
2023-08-09T02:22:01Z,22.75,66.23,99,0,28.92,101.63,24.00,564.00,null,null,null
2023-08-09T02:23:01Z,22.74,66.29,99,0,28.93,101.63,25.00,569.00,null,null,null
2023-08-09T02:24:01Z,22.75,66.31,99,0,28.48,101.63,25.00,570.00,null,null,null
2023-08-09T02:25:01Z,22.75,66.29,99,0,28.87,101.63,24.00,564.00,0,0,0
2023-08-09T02:26:01Z,22.72,66.29,99,0,29.25,101.63,22.00,549.00,null,null,null
2023-08-09T02:27:01Z,22.74,66.23,99,0,29.18,101.63,25.00,570.00,null,null,null
2023-08-09T02:28:01Z,22.74,66.29,99,0,31.49,101.64,26.00,577.00,null,null,null
2023-08-09T02:29:01Z,22.74,66.28,99,0,28.52,101.64,26.00,577.00,null,null,null
2023-08-09T02:30:01Z,22.75,66.28,99,0,29.54,101.64,26.00,577.00,0,0,0
2023-08-09T02:31:01Z,22.74,66.29,99,0,29.65,101.65,24.00,564.00,null,null,null
2023-08-09T02:32:01Z,22.74,66.27,99,0,28.81,101.65,26.00,577.00,null,null,null
2023-08-09T02:33:01Z,22.72,66.28,99,0,28.76,101.65,26.00,577.00,null,null,null
2023-08-09T02:34:01Z,22.71,66.29,99,0,30.12,101.65,26.00,577.00,null,null,null
2023-08-09T02:35:01Z,22.71,66.30,99,0,29.96,101.66,26.00,577.00,0,0,0
2023-08-09T02:36:01Z,22.71,66.29,99,0,28.68,101.66,25.00,570.00,null,null,null
2023-08-09T02:37:01Z,22.72,66.23,99,0,29.08,101.66,26.00,577.00,null,null,null
2023-08-09T02:38:01Z,22.71,66.25,99,0,29.21,101.67,28.00,584.00,null,null,null
2023-08-09T02:39:01Z,22.71,66.23,99,0,30.50,101.66,26.00,577.00,null,null,null
2023-08-09T02:40:01Z,22.69,66.27,99,0,28.47,101.67,28.00,584.00,0,0,0
2023-08-09T02:41:01Z,22.68,66.27,99,0,29.05,101.66,25.00,570.00,null,null,null
2023-08-09T02:42:01Z,22.71,66.27,99,0,30.17,101.67,26.00,577.00,null,null,null
2023-08-09T02:43:01Z,22.71,66.24,99,0,31.54,101.66,26.00,577.00,null,null,null
2023-08-09T02:44:01Z,22.69,66.23,99,0,29.25,101.66,28.00,584.00,null,null,null
2023-08-09T02:45:01Z,22.69,66.20,99,0,29.07,101.66,28.00,584.00,0,0,0
2023-08-09T02:46:01Z,22.68,66.29,99,0,28.84,101.66,28.00,584.00,null,null,null
2023-08-09T02:47:01Z,22.69,66.20,99,0,29.25,101.66,28.00,584.00,null,null,null
2023-08-09T02:48:01Z,22.69,66.17,99,0,29.71,101.66,29.00,591.00,null,null,null
2023-08-09T02:49:01Z,22.68,66.17,99,0,28.71,101.66,29.00,591.00,null,null,null
2023-08-09T02:50:01Z,22.69,66.17,99,0,29.11,101.66,29.00,591.00,0,0,0
2023-08-09T02:51:01Z,22.69,66.16,99,0,28.61,101.66,28.00,584.00,null,null,null
2023-08-09T02:52:01Z,22.71,66.12,99,0,28.57,101.66,29.00,591.00,null,null,null
2023-08-09T02:53:01Z,22.71,66.12,99,0,28.36,101.65,29.00,591.00,null,null,null
2023-08-09T02:54:01Z,22.67,66.12,99,0,29.01,101.65,29.00,591.00,null,null,null
2023-08-09T02:55:01Z,22.69,66.12,99,0,28.89,101.64,28.00,584.00,0,0,0
2023-08-09T02:56:01Z,22.68,66.10,99,0,28.99,101.65,28.00,584.00,null,null,null
2023-08-09T02:57:01Z,22.68,66.05,99,0,27.59,101.64,29.00,591.00,null,null,null
2023-08-09T02:58:01Z,22.69,66.04,99,0,29.35,101.65,29.00,591.00,null,null,null
2023-08-09T02:59:01Z,22.69,66.10,99,0,30.54,101.64,28.00,584.00,null,null,null
2023-08-09T03:00:01Z,22.69,66.13,99,0,28.74,101.65,28.00,584.00,0,0,0
2023-08-09T03:01:01Z,22.69,66.09,99,0,29.04,101.65,26.00,577.00,null,null,null
2023-08-09T03:02:01Z,22.71,66.07,99,0,28.95,101.64,28.00,584.00,null,null,null
2023-08-09T03:03:01Z,22.68,66.05,99,0,36.57,101.64,28.00,584.00,null,null,null
2023-08-09T03:04:01Z,22.68,66.00,99,0,29.00,101.64,28.00,584.00,null,null,null
2023-08-09T03:05:01Z,22.65,66.06,99,0,31.05,101.63,28.00,584.00,0,0,0
2023-08-09T03:06:01Z,22.67,66.07,99,0,28.77,101.64,26.00,577.00,null,null,null
2023-08-09T03:07:01Z,22.68,66.06,99,0,29.53,101.64,28.00,584.00,null,null,null
2023-08-09T03:08:01Z,22.68,66.05,99,0,29.74,101.64,26.00,577.00,null,null,null
2023-08-09T03:09:01Z,22.68,66.08,99,0,28.80,101.64,26.00,577.00,null,null,null
2023-08-09T03:10:01Z,22.65,66.06,99,0,30.03,101.65,26.00,577.00,0,0,0
2023-08-09T03:11:01Z,22.65,66.10,99,0,29.49,101.65,25.00,569.00,null,null,null
2023-08-09T03:12:01Z,22.65,66.01,99,0,28.81,101.65,26.00,577.00,null,null,null
2023-08-09T03:13:01Z,22.67,66.03,99,0,29.81,101.64,26.00,577.00,null,null,null
2023-08-09T03:14:01Z,22.64,66.02,99,0,29.13,101.65,26.00,577.00,null,null,null
2023-08-09T03:15:01Z,22.64,66.01,99,0,29.81,101.66,25.00,569.00,0,0,0
2023-08-09T03:16:01Z,22.65,66.04,99,0,28.76,101.66,25.00,569.00,null,null,null
2023-08-09T03:17:01Z,22.65,66.00,99,0,29.37,101.66,26.00,577.00,null,null,null
2023-08-09T03:18:01Z,22.67,66.04,99,0,29.05,101.67,25.00,569.00,null,null,null
2023-08-09T03:19:01Z,22.62,66.02,99,0,29.76,101.67,25.00,569.00,null,null,null
2023-08-09T03:20:01Z,22.65,66.00,99,0,34.76,101.67,25.00,569.00,0,0,0
2023-08-09T03:21:01Z,22.64,66.01,99,0,28.88,101.67,24.00,564.00,null,null,null
2023-08-09T03:22:01Z,22.62,65.97,99,0,29.11,101.67,25.00,569.00,null,null,null
2023-08-09T03:23:01Z,22.64,66.02,99,0,29.11,101.67,25.00,569.00,null,null,null
2023-08-09T03:24:01Z,22.62,65.99,99,0,29.26,101.67,25.00,569.00,null,null,null
2023-08-09T03:25:01Z,22.62,66.05,99,0,30.10,101.67,25.00,569.00,0,0,0
2023-08-09T03:26:01Z,22.62,66.04,99,0,29.23,101.67,24.00,564.00,null,null,null
2023-08-09T03:27:01Z,22.61,65.98,99,0,30.20,101.68,24.00,564.00,null,null,null
2023-08-09T03:28:01Z,22.62,65.97,99,0,29.15,101.68,24.00,564.00,null,null,null
2023-08-09T03:29:01Z,22.61,66.00,99,0,29.23,101.68,24.00,564.00,null,null,null
2023-08-09T03:30:01Z,22.58,66.01,99,0,28.02,101.68,24.00,564.00,0,0,0
2023-08-09T03:31:01Z,22.61,66.01,99,0,28.91,101.68,23.00,555.00,null,null,null
2023-08-09T03:32:01Z,22.62,65.96,99,0,29.18,101.68,24.00,564.00,null,null,null
2023-08-09T03:33:01Z,22.61,65.98,99,0,28.67,101.69,24.00,564.00,null,null,null
2023-08-09T03:34:01Z,22.60,65.98,99,0,28.71,101.68,24.00,564.00,null,null,null
2023-08-09T03:35:01Z,22.57,66.00,99,0,28.14,101.69,24.00,564.00,0,0,0
2023-08-09T03:36:01Z,22.61,65.96,99,0,29.79,101.69,23.00,555.00,null,null,null
2023-08-09T03:37:01Z,22.60,65.96,99,0,28.83,101.69,24.00,564.00,null,null,null
2023-08-09T03:38:01Z,22.61,65.92,99,0,31.42,101.68,23.00,555.00,null,null,null
2023-08-09T03:39:01Z,22.61,65.88,99,0,28.68,101.69,23.00,555.00,null,null,null
2023-08-09T03:40:01Z,22.57,65.97,99,0,29.12,101.69,23.00,555.00,0,0,0
2023-08-09T03:41:01Z,22.57,65.93,99,0,28.47,101.70,23.00,555.00,null,null,null
2023-08-09T03:42:01Z,22.58,65.93,99,0,29.03,101.70,23.00,555.00,null,null,null
2023-08-09T03:43:01Z,22.58,65.91,99,0,29.30,101.70,23.00,555.00,null,null,null
2023-08-09T03:44:01Z,22.57,65.93,99,0,29.61,101.70,23.00,555.00,null,null,null
2023-08-09T03:45:01Z,22.57,65.95,99,0,29.33,101.70,23.00,555.00,0,0,0
2023-08-09T03:46:01Z,22.55,65.92,99,0,29.57,101.71,22.00,546.00,null,null,null
2023-08-09T03:47:01Z,22.58,65.91,99,0,28.77,101.71,23.00,555.00,null,null,null
2023-08-09T03:48:01Z,22.54,65.93,99,0,29.47,101.71,23.00,555.00,null,null,null
2023-08-09T03:49:01Z,22.57,65.90,99,0,28.58,101.70,23.00,555.00,null,null,null
2023-08-09T03:50:01Z,22.55,65.94,99,0,29.21,101.70,23.00,555.00,0,0,0
2023-08-09T03:51:01Z,22.57,65.93,99,0,28.33,101.69,22.00,546.00,null,null,null
2023-08-09T03:52:01Z,22.58,66.00,99,0,31.44,101.70,23.00,555.00,null,null,null
2023-08-09T03:53:01Z,22.55,65.94,99,0,29.33,101.69,23.00,555.00,null,null,null
2023-08-09T03:54:01Z,22.55,65.95,99,0,29.01,101.69,23.00,555.00,null,null,null
2023-08-09T03:55:01Z,22.55,65.92,99,0,29.20,101.70,23.00,555.00,0,0,0
2023-08-09T03:56:01Z,22.55,65.91,99,0,29.51,101.71,22.00,546.00,null,null,null
2023-08-09T03:57:01Z,22.54,65.92,99,0,30.66,101.71,23.00,555.00,null,null,null
2023-08-09T03:58:01Z,22.52,65.89,99,0,29.18,101.71,23.00,555.00,null,null,null
2023-08-09T03:59:01Z,22.55,65.90,99,0,28.37,101.71,23.00,555.00,null,null,null
2023-08-09T04:00:01Z,22.52,65.88,99,0,33.19,101.71,23.00,555.00,0,0,0
2023-08-09T04:01:01Z,22.52,65.91,99,0,29.01,101.71,21.00,540.00,null,null,null
2023-08-09T04:02:01Z,22.54,65.91,99,0,29.40,101.72,17.00,517.00,null,null,null
2023-08-09T04:03:01Z,22.54,65.91,99,0,31.97,101.72,17.00,517.00,null,null,null
2023-08-09T04:04:01Z,22.52,65.92,99,0,28.48,101.71,17.00,517.00,null,null,null
2023-08-09T04:05:01Z,22.51,65.90,99,0,30.46,101.72,17.00,517.00,0,0,0
2023-08-09T04:06:01Z,22.50,65.88,99,0,29.09,101.72,17.00,514.00,null,null,null
2023-08-09T04:07:01Z,22.52,65.90,99,0,30.04,101.72,17.00,517.00,null,null,null
2023-08-09T04:08:01Z,22.52,65.88,99,0,29.67,101.72,17.00,517.00,null,null,null
2023-08-09T04:09:01Z,22.50,65.92,99,0,28.70,101.72,17.00,517.00,null,null,null
2023-08-09T04:10:01Z,22.50,65.91,99,0,29.91,101.72,17.00,517.00,0,0,0
2023-08-09T04:11:01Z,22.50,65.90,99,0,29.43,101.72,17.00,514.00,null,null,null
2023-08-09T04:12:01Z,22.51,65.85,99,0,30.59,101.72,17.00,517.00,null,null,null
2023-08-09T04:13:01Z,22.51,65.83,99,0,29.68,101.72,17.00,517.00,null,null,null
2023-08-09T04:14:01Z,22.50,65.86,99,0,29.12,101.72,17.00,517.00,null,null,null
2023-08-09T04:15:01Z,22.48,65.88,99,0,29.73,101.72,17.00,517.00,0,0,0
2023-08-09T04:16:01Z,22.47,65.92,99,0,28.87,101.72,17.00,514.00,null,null,null
2023-08-09T04:17:01Z,22.50,65.89,99,0,29.16,101.72,17.00,517.00,null,null,null
2023-08-09T04:18:01Z,22.48,65.94,99,0,30.01,101.72,17.00,517.00,null,null,null
2023-08-09T04:19:01Z,22.50,65.85,99,0,30.83,101.72,17.00,517.00,null,null,null
2023-08-09T04:20:01Z,22.48,65.91,99,0,29.31,101.72,17.00,517.00,0,0,0
2023-08-09T04:21:01Z,22.47,65.88,99,0,28.51,101.72,17.00,514.00,null,null,null
2023-08-09T04:22:01Z,22.48,65.84,99,0,33.39,101.72,17.00,517.00,null,null,null
2023-08-09T04:23:01Z,22.48,65.90,99,0,28.22,101.72,17.00,517.00,null,null,null
2023-08-09T04:24:01Z,22.47,65.87,99,0,29.32,101.72,17.00,517.00,null,null,null
2023-08-09T04:25:01Z,22.47,65.87,99,0,28.87,101.72,17.00,517.00,0,0,0
2023-08-09T04:26:01Z,22.47,65.86,99,0,29.68,101.72,17.00,514.00,null,null,null
2023-08-09T04:27:01Z,22.47,65.82,99,0,28.55,101.72,18.00,523.00,null,null,null
2023-08-09T04:28:01Z,22.45,65.85,99,0,28.34,101.72,17.00,517.00,null,null,null
2023-08-09T04:29:01Z,22.47,65.84,99,0,31.38,101.72,17.00,517.00,null,null,null
2023-08-09T04:30:01Z,22.45,65.84,99,0,28.81,101.73,17.00,517.00,0,0,0
2023-08-09T04:31:01Z,22.44,65.87,99,0,29.33,101.73,17.00,514.00,null,null,null
2023-08-09T04:32:01Z,22.44,65.81,99,0,29.50,101.73,17.00,517.00,null,null,null
2023-08-09T04:33:01Z,22.45,65.80,99,0,35.09,101.73,17.00,517.00,null,null,null
2023-08-09T04:34:01Z,22.45,65.85,99,0,29.28,101.74,17.00,517.00,null,null,null
2023-08-09T04:35:01Z,22.45,65.87,99,0,31.57,101.73,17.00,517.00,0,0,0
2023-08-09T04:36:01Z,22.45,65.86,99,0,29.13,101.73,17.00,514.00,null,null,null
2023-08-09T04:37:01Z,22.47,65.85,99,0,36.66,101.74,17.00,514.00,null,null,null
2023-08-09T04:38:01Z,22.43,65.87,99,0,29.69,101.74,17.00,514.00,null,null,null
2023-08-09T04:39:01Z,22.44,65.82,99,0,29.35,101.74,17.00,517.00,null,null,null
2023-08-09T04:40:01Z,22.44,65.88,99,0,32.10,101.74,17.00,514.00,0,0,0
2023-08-09T04:41:01Z,22.41,65.86,99,0,29.98,101.74,15.00,503.00,null,null,null
2023-08-09T04:42:01Z,22.44,65.82,99,0,29.40,101.74,17.00,514.00,null,null,null
2023-08-09T04:43:01Z,22.44,65.86,99,0,28.45,101.74,17.00,514.00,null,null,null
2023-08-09T04:44:01Z,22.44,65.86,99,0,28.95,101.74,17.00,514.00,null,null,null
2023-08-09T04:45:01Z,22.44,65.88,99,0,28.70,101.74,15.00,503.00,0,0,0
2023-08-09T04:46:01Z,22.41,65.83,99,0,29.76,101.74,15.00,500.00,null,null,null
2023-08-09T04:47:01Z,22.43,65.83,99,0,29.80,101.74,17.00,514.00,null,null,null
2023-08-09T04:48:01Z,22.43,65.81,99,0,29.73,101.74,17.00,514.00,null,null,null
2023-08-09T04:49:01Z,22.41,65.83,99,0,30.31,101.74,15.00,503.00,null,null,null
2023-08-09T04:50:01Z,22.41,65.86,99,0,29.17,101.74,17.00,514.00,0,0,0
2023-08-09T04:51:01Z,22.43,65.84,99,0,29.96,101.74,15.00,503.00,null,null,null
2023-08-09T04:52:01Z,22.40,65.82,99,0,32.82,101.74,15.00,503.00,null,null,null
2023-08-09T04:53:01Z,22.41,65.82,99,0,31.52,101.73,15.00,503.00,null,null,null
2023-08-09T04:54:01Z,22.41,65.84,99,0,30.53,101.73,15.00,503.00,null,null,null
2023-08-09T04:55:01Z,22.40,65.88,99,0,30.86,101.74,17.00,514.00,0,0,0
2023-08-09T04:56:01Z,22.41,65.86,99,0,30.46,101.74,15.00,503.00,null,null,null
2023-08-09T04:57:01Z,22.41,65.90,99,0,29.93,101.74,17.00,514.00,null,null,null
2023-08-09T04:58:01Z,22.40,65.89,99,0,40.03,101.74,17.00,514.00,null,null,null
2023-08-09T04:59:01Z,22.39,65.88,99,0,29.84,101.75,17.00,514.00,null,null,null
2023-08-09T05:00:01Z,22.39,65.89,99,0,32.54,101.74,17.00,514.00,0,0,0
2023-08-09T05:01:01Z,22.40,65.91,99,0,31.77,101.75,15.00,503.00,null,null,null
2023-08-09T05:02:01Z,22.39,65.88,99,0,31.56,101.75,17.00,514.00,null,null,null
2023-08-09T05:03:01Z,22.39,65.90,99,0,30.42,101.75,17.00,517.00,null,null,null
2023-08-09T05:04:01Z,22.39,65.94,99,0,30.03,101.75,17.00,517.00,null,null,null
2023-08-09T05:05:01Z,22.39,65.95,99,0,31.04,101.75,17.00,517.00,0,0,0
2023-08-09T05:06:01Z,22.37,65.92,99,0,30.39,101.75,17.00,514.00,null,null,null
2023-08-09T05:07:01Z,22.39,65.92,99,0,45.79,101.75,17.00,517.00,null,null,null
2023-08-09T05:08:01Z,22.39,65.87,99,0,31.45,101.75,17.00,517.00,null,null,null
2023-08-09T05:09:01Z,22.37,65.97,99,0,31.40,101.74,17.00,517.00,null,null,null
2023-08-09T05:10:01Z,22.36,65.96,99,0,30.26,101.74,17.00,517.00,0,0,0
2023-08-09T05:11:01Z,22.37,66.00,99,0,29.70,101.75,17.00,514.00,null,null,null
2023-08-09T05:12:01Z,22.39,65.98,99,0,30.06,101.75,18.00,523.00,null,null,null
2023-08-09T05:13:01Z,22.37,65.97,99,0,33.23,101.74,17.00,517.00,null,null,null
2023-08-09T05:14:01Z,22.36,65.97,99,0,30.93,101.75,18.00,523.00,null,null,null
2023-08-09T05:15:01Z,22.34,65.96,99,0,34.57,101.75,17.00,517.00,0,0,0
2023-08-09T05:16:01Z,22.37,66.00,99,0,30.38,101.75,17.00,517.00,null,null,null
2023-08-09T05:17:01Z,22.37,65.95,99,0,28.77,101.75,18.00,523.00,null,null,null
2023-08-09T05:18:01Z,22.36,65.95,99,0,31.97,101.75,18.00,523.00,null,null,null
2023-08-09T05:19:01Z,22.34,65.99,99,0,29.83,101.75,18.00,523.00,null,null,null
2023-08-09T05:20:01Z,22.34,65.97,99,0,31.04,101.75,18.00,523.00,0,0,0
2023-08-09T05:21:01Z,22.34,66.00,99,0,29.86,101.75,17.00,517.00,null,null,null
2023-08-09T05:22:01Z,22.34,65.92,99,0,31.35,101.75,18.00,523.00,null,null,null
2023-08-09T05:23:01Z,22.34,65.98,99,0,34.50,101.75,18.00,523.00,null,null,null
2023-08-09T05:24:01Z,22.34,65.95,99,0,39.07,101.75,18.00,523.00,null,null,null
2023-08-09T05:25:01Z,22.33,65.98,99,0,28.34,101.75,18.00,523.00,0,0,0
2023-08-09T05:26:01Z,22.33,65.99,99,0,34.82,101.75,18.00,523.00,null,null,null
2023-08-09T05:27:01Z,22.34,66.00,99,0,30.15,101.75,18.00,523.00,null,null,null
2023-08-09T05:28:01Z,22.34,65.95,99,0,30.15,101.75,18.00,523.00,null,null,null
2023-08-09T05:29:01Z,22.34,65.92,99,0,31.13,101.75,18.00,523.00,null,null,null
2023-08-09T05:30:01Z,22.33,65.92,99,0,29.87,101.75,18.00,523.00,0,0,0
2023-08-09T05:31:01Z,22.30,66.01,99,0,32.17,101.75,17.00,517.00,null,null,null
2023-08-09T05:32:01Z,22.34,65.97,99,0,28.98,101.76,18.00,523.00,null,null,null
2023-08-09T05:33:01Z,22.31,65.98,99,0,29.09,101.76,18.00,523.00,null,null,null
2023-08-09T05:34:01Z,22.30,65.98,99,0,29.54,101.76,18.00,523.00,null,null,null
2023-08-09T05:35:01Z,22.30,65.96,99,0,30.43,101.75,18.00,523.00,0,0,0
2023-08-09T05:36:01Z,22.27,65.97,99,0,30.80,101.75,17.00,517.00,null,null,null
2023-08-09T05:37:01Z,22.31,65.99,99,0,30.30,101.75,18.00,523.00,null,null,null
2023-08-09T05:38:01Z,22.31,65.99,99,0,31.16,101.75,18.00,523.00,null,null,null
2023-08-09T05:39:01Z,22.30,65.94,99,0,30.88,101.75,18.00,523.00,null,null,null
2023-08-09T05:40:01Z,22.28,65.98,99,0,30.52,101.74,18.00,523.00,0,0,0
2023-08-09T05:41:01Z,22.28,65.98,99,0,39.63,101.74,17.00,517.00,null,null,null
2023-08-09T05:42:01Z,22.31,65.97,99,0,30.75,101.74,18.00,523.00,null,null,null
2023-08-09T05:43:01Z,22.30,66.01,99,0,29.97,101.74,17.00,517.00,null,null,null
2023-08-09T05:44:01Z,22.28,65.93,99,0,31.47,101.75,17.00,517.00,null,null,null
2023-08-09T05:45:01Z,22.27,65.99,99,0,30.81,101.74,17.00,517.00,0,0,0
2023-08-09T05:46:01Z,22.28,65.95,99,0,28.58,101.74,17.00,514.00,null,null,null
2023-08-09T05:47:01Z,22.28,65.99,99,0,30.06,101.75,17.00,517.00,null,null,null
2023-08-09T05:48:01Z,22.27,65.97,99,0,30.55,101.75,17.00,517.00,null,null,null
2023-08-09T05:49:01Z,22.27,65.89,99,0,30.66,101.75,17.00,517.00,null,null,null
2023-08-09T05:50:01Z,22.27,65.96,99,0,31.12,101.75,17.00,517.00,0,0,0
2023-08-09T05:51:01Z,22.27,66.01,99,0,33.99,101.75,17.00,514.00,null,null,null
2023-08-09T05:52:01Z,22.27,65.95,99,0,35.14,101.75,17.00,517.00,null,null,null
2023-08-09T05:53:01Z,22.28,66.02,99,0,30.63,101.75,17.00,514.00,null,null,null
2023-08-09T05:54:01Z,22.24,65.95,99,0,33.21,101.76,17.00,517.00,null,null,null
2023-08-09T05:55:01Z,22.24,65.98,99,0,30.99,101.75,24.00,560.00,0,0,0
2023-08-09T05:56:01Z,22.25,65.96,99,0,35.02,101.75,23.00,552.00,null,null,null
2023-08-09T05:57:01Z,22.25,65.98,99,0,35.94,101.75,17.00,514.00,null,null,null
2023-08-09T05:58:01Z,22.25,65.95,99,0,31.20,101.75,17.00,514.00,null,null,null
2023-08-09T05:59:01Z,22.27,66.00,99,0,34.34,101.75,17.00,517.00,null,null,null
2023-08-09T06:00:01Z,22.24,65.98,99,0,35.38,101.75,17.00,514.00,0,0,0
2023-08-09T06:01:01Z,22.24,65.97,99,0,32.61,101.75,23.00,552.00,null,null,null
2023-08-09T06:02:01Z,22.25,65.95,99,0,31.45,101.75,24.00,560.00,null,null,null
2023-08-09T06:03:01Z,22.27,65.96,99,0,29.83,101.75,17.00,514.00,null,null,null
2023-08-09T06:04:01Z,22.24,65.97,99,0,34.88,101.75,17.00,514.00,null,null,null
2023-08-09T06:05:01Z,22.24,65.97,99,0,29.03,101.75,24.00,560.00,0,0,0
2023-08-09T06:06:01Z,22.23,66.02,99,0,29.55,101.76,23.00,552.00,null,null,null
2023-08-09T06:07:01Z,22.24,65.93,99,0,31.02,101.75,24.00,560.00,null,null,null
2023-08-09T06:08:01Z,22.23,65.94,99,0,33.66,101.76,24.00,560.00,null,null,null
2023-08-09T06:09:01Z,22.23,65.93,99,0,30.87,101.76,24.00,560.00,null,null,null
2023-08-09T06:10:01Z,22.20,65.98,99,0,30.95,101.77,24.00,560.00,0,0,0
2023-08-09T06:11:01Z,22.24,65.95,99,0,30.02,101.77,23.00,552.00,null,null,null
2023-08-09T06:12:01Z,22.24,65.91,99,0,28.68,101.78,24.00,560.00,null,null,null
2023-08-09T06:13:01Z,22.21,65.96,99,0,31.81,101.78,24.00,560.00,null,null,null
2023-08-09T06:14:01Z,22.24,65.97,99,0,31.11,101.77,24.00,560.00,null,null,null
2023-08-09T06:15:01Z,22.23,65.98,99,0,30.11,101.78,24.00,560.00,0,0,0
2023-08-09T06:16:01Z,22.23,66.01,99,0,30.25,101.78,23.00,552.00,null,null,null
2023-08-09T06:17:01Z,22.23,65.97,99,0,32.53,101.78,24.00,560.00,null,null,null
2023-08-09T06:18:01Z,22.21,65.98,99,0,30.27,101.79,24.00,560.00,null,null,null
2023-08-09T06:19:01Z,22.21,65.97,99,0,30.19,101.79,24.00,560.00,null,null,null
2023-08-09T06:20:01Z,22.21,66.00,99,0,28.50,101.79,24.00,560.00,0,0,0
2023-08-09T06:21:01Z,22.21,66.00,99,0,35.71,101.79,23.00,552.00,null,null,null
2023-08-09T06:22:01Z,22.21,65.97,99,0,31.04,101.80,24.00,560.00,null,null,null
2023-08-09T06:23:01Z,22.23,65.99,99,0,29.03,101.79,24.00,560.00,null,null,null
2023-08-09T06:24:01Z,22.23,65.93,99,0,30.43,101.80,24.00,560.00,null,null,null
2023-08-09T06:25:01Z,22.20,65.97,99,0,30.37,101.79,24.00,560.00,0,0,0
2023-08-09T06:26:01Z,22.20,65.94,99,0,29.96,101.79,22.00,548.00,null,null,null
2023-08-09T06:27:01Z,22.21,65.96,99,0,29.92,101.79,23.00,552.00,null,null,null
2023-08-09T06:28:01Z,22.23,65.92,99,0,35.19,101.79,24.00,560.00,null,null,null
2023-08-09T06:29:01Z,22.18,65.96,99,0,31.07,101.79,24.00,560.00,null,null,null
2023-08-09T06:30:01Z,22.17,65.94,99,0,30.96,101.79,24.00,560.00,0,0,0
2023-08-09T06:31:01Z,22.21,65.91,99,0,35.01,101.79,23.00,552.00,null,null,null
2023-08-09T06:32:01Z,22.21,65.88,99,0,32.42,101.79,24.00,560.00,null,null,null
2023-08-09T06:33:01Z,22.21,66.00,99,0,30.39,101.79,24.00,560.00,null,null,null
2023-08-09T06:34:01Z,22.20,65.92,99,0,31.70,101.79,24.00,560.00,null,null,null
2023-08-09T06:35:01Z,22.18,65.94,99,0,33.38,101.79,23.00,552.00,0,0,0
2023-08-09T06:36:01Z,22.21,65.94,99,0,33.11,101.79,23.00,552.00,null,null,null
2023-08-09T06:37:01Z,22.20,65.96,99,0,28.81,101.79,24.00,560.00,null,null,null
2023-08-09T06:38:01Z,22.20,65.87,99,0,32.31,101.79,24.00,560.00,null,null,null
2023-08-09T06:39:01Z,22.18,65.85,99,0,33.56,101.79,23.00,552.00,null,null,null
2023-08-09T06:40:01Z,22.18,65.85,99,0,29.18,101.79,23.00,552.00,0,0,0
2023-08-09T06:41:01Z,22.20,65.85,99,0,30.79,101.79,22.00,548.00,null,null,null
2023-08-09T06:42:01Z,22.20,65.86,99,0,28.47,101.79,23.00,552.00,null,null,null
2023-08-09T06:43:01Z,22.21,65.86,99,0,30.92,101.79,23.00,552.00,null,null,null
2023-08-09T06:44:01Z,22.18,65.90,99,0,29.99,101.79,22.00,548.00,null,null,null
2023-08-09T06:45:01Z,22.20,65.86,99,0,34.41,101.79,23.00,552.00,0,0,0
2023-08-09T06:46:01Z,22.18,65.87,99,0,33.37,101.80,22.00,548.00,null,null,null
2023-08-09T06:47:01Z,22.20,65.86,99,0,35.44,101.80,23.00,552.00,null,null,null
2023-08-09T06:48:01Z,22.18,65.91,99,0,30.35,101.79,23.00,552.00,null,null,null
2023-08-09T06:49:01Z,22.20,65.92,99,0,35.08,101.79,23.00,552.00,null,null,null
2023-08-09T06:50:01Z,22.17,65.89,99,0,31.76,101.80,23.00,552.00,0,0,0
2023-08-09T06:51:01Z,22.20,65.82,99,0,30.11,101.79,22.00,548.00,null,null,null
2023-08-09T06:52:01Z,22.18,65.81,99,0,29.32,101.80,22.00,548.00,null,null,null
2023-08-09T06:53:01Z,22.18,65.77,99,0,31.24,101.80,23.00,552.00,null,null,null
2023-08-09T06:54:01Z,22.18,65.86,99,0,31.30,101.80,22.00,548.00,null,null,null
2023-08-09T06:55:01Z,22.20,65.84,99,0,33.57,101.80,22.00,548.00,0,0,0
2023-08-09T06:56:01Z,22.20,65.90,99,0,32.55,101.80,21.00,542.00,null,null,null
2023-08-09T06:57:01Z,22.21,65.88,99,0,33.88,101.80,22.00,548.00,null,null,null
2023-08-09T06:58:01Z,22.18,65.78,99,0,30.24,101.80,23.00,552.00,null,null,null
2023-08-09T06:59:01Z,22.18,65.80,99,0,29.22,101.81,22.00,548.00,null,null,null
2023-08-09T07:00:01Z,22.18,65.88,99,0,33.73,101.81,22.00,548.00,0,0,0
2023-08-09T07:01:01Z,22.20,65.86,99,0,30.03,101.80,22.00,548.00,null,null,null
2023-08-09T07:02:01Z,22.18,65.79,99,0,35.62,101.81,22.00,548.00,null,null,null
2023-08-09T07:03:01Z,22.18,65.79,99,0,38.48,101.81,22.00,548.00,null,null,null
2023-08-09T07:04:01Z,22.18,65.80,99,0,30.46,101.82,22.00,548.00,null,null,null
2023-08-09T07:05:01Z,22.16,65.86,99,0,33.51,101.82,22.00,548.00,0,0,0
2023-08-09T07:06:01Z,22.17,65.85,99,0,33.44,101.82,21.00,542.00,null,null,null
2023-08-09T07:07:01Z,22.18,65.86,99,0,32.75,101.82,23.00,552.00,null,null,null
2023-08-09T07:08:01Z,22.17,65.80,99,0,41.75,101.81,22.00,548.00,null,null,null
2023-08-09T07:09:01Z,22.16,65.83,99,0,32.27,101.82,22.00,548.00,null,null,null
2023-08-09T07:10:01Z,22.17,65.82,99,0,30.80,101.82,22.00,548.00,0,0,0
2023-08-09T07:11:01Z,22.18,65.84,99,0,29.21,101.82,22.00,548.00,null,null,null
2023-08-09T07:12:01Z,22.18,65.81,99,0,29.83,101.81,22.00,548.00,null,null,null
2023-08-09T07:13:01Z,22.17,65.79,99,0,31.99,101.81,23.00,552.00,null,null,null
2023-08-09T07:14:01Z,22.17,65.79,99,0,29.67,101.81,22.00,548.00,null,null,null
2023-08-09T07:15:01Z,22.16,65.84,99,0,30.97,101.80,23.00,552.00,0,0,0
2023-08-09T07:16:01Z,22.17,65.82,99,0,29.21,101.81,22.00,548.00,null,null,null
2023-08-09T07:17:01Z,22.21,65.78,99,1,38.14,101.82,23.00,552.00,null,null,null
2023-08-09T07:18:01Z,22.18,65.84,99,1,33.22,101.82,23.00,552.00,null,null,null
2023-08-09T07:19:01Z,22.16,65.80,99,1,32.77,101.83,23.00,552.00,null,null,null
2023-08-09T07:20:01Z,22.18,65.87,99,1,30.48,101.83,23.00,552.00,0,0,0
2023-08-09T07:21:01Z,22.16,65.86,99,0,33.53,101.83,22.00,548.00,null,null,null
2023-08-09T07:22:01Z,22.14,65.78,99,1,35.42,101.84,23.00,552.00,null,null,null
2023-08-09T07:23:01Z,22.16,65.79,99,1,29.96,101.84,23.00,552.00,null,null,null
2023-08-09T07:24:01Z,22.16,65.69,99,1,35.06,101.84,23.00,552.00,null,null,null
2023-08-09T07:25:01Z,22.16,65.77,99,1,31.82,101.84,23.00,556.00,0,0,0
2023-08-09T07:26:01Z,22.17,65.76,99,1,29.83,101.84,22.00,548.00,null,null,null
2023-08-09T07:27:01Z,22.17,65.69,99,1,34.72,101.85,22.00,548.00,null,null,null
2023-08-09T07:28:01Z,22.17,65.70,99,1,29.84,101.85,23.00,552.00,null,null,null
2023-08-09T07:29:01Z,22.16,65.70,99,1,30.80,101.85,23.00,552.00,null,null,null
2023-08-09T07:30:01Z,22.17,65.82,99,1,31.32,101.86,23.00,552.00,0,0,0
2023-08-09T07:31:01Z,22.17,65.70,99,1,31.52,101.86,21.00,542.00,null,null,null
2023-08-09T07:32:01Z,22.17,65.66,99,1,32.42,101.86,23.00,552.00,null,null,null
2023-08-09T07:33:01Z,22.17,65.58,99,1,31.67,101.86,23.00,552.00,null,null,null
2023-08-09T07:34:01Z,22.14,65.67,99,1,30.40,101.86,22.00,546.00,null,null,null
2023-08-09T07:35:01Z,22.14,65.65,99,1,30.34,101.87,22.00,546.00,0,0,0
2023-08-09T07:36:01Z,22.16,65.73,99,1,35.01,101.86,21.00,540.00,null,null,null
2023-08-09T07:37:01Z,22.18,65.63,99,1,30.75,101.86,22.00,546.00,null,null,null
2023-08-09T07:38:01Z,22.16,65.62,99,1,29.48,101.86,22.00,546.00,null,null,null
2023-08-09T07:39:01Z,22.14,65.68,99,1,34.40,101.86,21.00,540.00,null,null,null
2023-08-09T07:40:01Z,22.16,65.50,99,1,31.69,101.87,21.00,540.00,0,0,0
2023-08-09T07:41:01Z,22.17,65.48,99,1,31.98,101.87,20.00,536.00,null,null,null
2023-08-09T07:42:01Z,22.17,65.45,99,1,33.15,101.87,21.00,540.00,null,null,null
2023-08-09T07:43:01Z,22.16,65.45,99,1,30.01,101.88,20.00,536.00,null,null,null
2023-08-09T07:44:01Z,22.14,65.56,99,1,31.09,101.87,20.00,536.00,null,null,null
2023-08-09T07:45:01Z,22.16,65.58,99,2,31.67,101.87,20.00,536.00,0,0,0
2023-08-09T07:46:01Z,22.14,65.57,99,2,34.26,101.88,19.00,530.00,null,null,null
2023-08-09T07:47:01Z,22.17,65.55,99,2,31.84,101.88,20.00,536.00,null,null,null
2023-08-09T07:48:01Z,22.16,65.56,99,2,33.08,101.88,20.00,536.00,null,null,null
2023-08-09T07:49:01Z,22.17,65.62,99,2,38.08,101.88,20.00,536.00,null,null,null
2023-08-09T07:50:01Z,22.17,65.59,99,2,41.21,101.88,20.00,536.00,0,0,0
2023-08-09T07:51:01Z,22.16,65.57,99,2,30.59,101.88,19.00,530.00,null,null,null
2023-08-09T07:52:01Z,22.14,65.44,99,1,29.78,101.88,20.00,536.00,null,null,null
2023-08-09T07:53:01Z,22.17,65.47,99,1,31.01,101.89,20.00,536.00,null,null,null
2023-08-09T07:54:01Z,22.14,65.40,99,2,31.63,101.89,20.00,536.00,null,null,null
2023-08-09T07:55:01Z,22.16,65.39,99,2,30.05,101.88,20.00,536.00,0,0,0
2023-08-09T07:56:01Z,22.16,65.46,99,2,38.80,101.88,19.00,530.00,null,null,null
2023-08-09T07:57:01Z,22.18,65.47,99,1,30.67,101.88,20.00,536.00,null,null,null
2023-08-09T07:58:01Z,22.14,65.52,99,1,32.62,101.88,20.00,536.00,null,null,null
2023-08-09T07:59:01Z,22.14,65.57,99,1,32.03,101.88,20.00,536.00,null,null,null
2023-08-09T08:00:01Z,22.13,65.56,99,2,31.09,101.88,20.00,536.00,0,0,0
2023-08-09T08:01:01Z,22.14,65.58,99,2,31.97,101.88,19.00,530.00,null,null,null
2023-08-09T08:02:01Z,22.18,65.59,99,2,32.80,101.89,20.00,536.00,null,null,null
2023-08-09T08:03:01Z,22.16,65.55,99,2,31.62,101.89,20.00,536.00,null,null,null
2023-08-09T08:04:01Z,22.17,65.62,99,2,30.70,101.89,20.00,536.00,null,null,null
2023-08-09T08:05:01Z,22.16,65.62,99,2,31.44,101.90,20.00,536.00,0,0,0
2023-08-09T08:06:01Z,22.18,65.70,99,2,30.72,101.90,19.00,530.00,null,null,null
2023-08-09T08:07:01Z,22.16,65.67,99,2,35.51,101.89,21.00,540.00,null,null,null
2023-08-09T08:08:01Z,22.16,65.56,99,2,32.52,101.89,21.00,540.00,null,null,null
2023-08-09T08:09:01Z,22.17,65.33,99,2,30.24,101.89,21.00,540.00,null,null,null
2023-08-09T08:10:01Z,22.16,65.18,99,2,30.87,101.89,20.00,536.00,0,0,0
2023-08-09T08:11:01Z,22.14,65.20,99,1,32.95,101.89,20.00,534.00,null,null,null
2023-08-09T08:12:01Z,22.16,65.05,99,2,31.06,101.89,20.00,534.00,null,null,null
2023-08-09T08:13:01Z,22.14,65.01,99,1,29.99,101.89,20.00,534.00,null,null,null
2023-08-09T08:14:01Z,22.13,65.12,99,1,30.94,101.89,20.00,534.00,null,null,null
2023-08-09T08:15:01Z,22.13,65.19,99,2,30.76,101.89,19.00,531.00,0,0,0
2023-08-09T08:16:01Z,22.14,65.33,99,2,30.86,101.89,18.00,523.00,null,null,null
2023-08-09T08:17:01Z,22.13,65.38,99,2,33.10,101.89,19.00,530.00,null,null,null
2023-08-09T08:18:01Z,22.16,65.43,99,2,31.97,101.89,19.00,530.00,null,null,null
2023-08-09T08:19:01Z,22.16,65.39,99,2,30.67,101.89,19.00,530.00,null,null,null
2023-08-09T08:20:01Z,22.12,65.21,99,2,31.62,101.90,19.00,530.00,0,0,0
2023-08-09T08:21:01Z,22.14,65.25,99,2,30.54,101.89,20.00,534.00,null,null,null
2023-08-09T08:22:01Z,22.16,65.25,99,2,32.36,101.89,20.00,536.00,null,null,null
2023-08-09T08:23:01Z,22.14,65.24,99,2,30.62,101.90,19.00,530.00,null,null,null
2023-08-09T08:24:01Z,22.14,65.15,99,2,31.01,101.90,21.00,540.00,null,null,null
2023-08-09T08:25:01Z,22.14,65.10,99,2,30.40,101.90,20.00,534.00,0,0,0
2023-08-09T08:26:01Z,22.12,65.01,99,2,31.29,101.90,20.00,534.00,null,null,null
2023-08-09T08:27:01Z,22.14,64.98,99,2,31.77,101.90,20.00,534.00,null,null,null
2023-08-09T08:28:01Z,22.14,64.83,99,2,33.04,101.90,20.00,534.00,null,null,null
2023-08-09T08:29:01Z,22.16,64.94,99,2,32.99,101.90,21.00,540.00,null,null,null
2023-08-09T08:30:01Z,22.12,65.01,99,2,31.64,101.90,21.00,540.00,0,0,0
2023-08-09T08:31:01Z,22.13,65.16,99,2,32.82,101.89,22.00,545.00,null,null,null
2023-08-09T08:32:01Z,22.14,65.21,99,2,34.81,101.90,23.00,551.00,null,null,null
2023-08-09T08:33:01Z,22.13,65.17,99,2,29.89,101.90,23.00,556.00,null,null,null
2023-08-09T08:34:01Z,22.10,64.99,99,2,32.13,101.90,27.00,578.00,null,null,null
2023-08-09T08:35:01Z,22.13,64.57,99,2,31.86,101.90,27.00,578.00,0,0,0
2023-08-09T08:36:01Z,22.14,64.59,99,2,33.86,101.90,27.00,578.00,null,null,null
2023-08-09T08:37:01Z,22.13,64.61,99,1,38.76,101.90,27.00,578.00,null,null,null
2023-08-09T08:38:01Z,22.13,64.44,99,1,29.80,101.90,27.00,578.00,null,null,null
2023-08-09T08:39:01Z,22.12,64.17,99,1,32.64,101.90,26.00,575.00,null,null,null
2023-08-09T08:40:01Z,22.12,64.18,99,1,33.74,101.90,25.00,567.00,0,0,0
2023-08-09T08:41:01Z,22.13,64.28,99,1,33.85,101.90,25.00,567.00,null,null,null
2023-08-09T08:42:01Z,22.12,64.37,99,1,36.75,101.91,25.00,565.00,null,null,null
2023-08-09T08:43:01Z,22.10,64.42,99,1,40.29,101.91,25.00,565.00,null,null,null
2023-08-09T08:44:01Z,22.13,64.18,99,1,30.41,101.91,26.00,575.00,null,null,null
2023-08-09T08:45:01Z,22.12,64.22,99,1,32.74,101.91,29.00,596.00,0,0,0
2023-08-09T08:46:01Z,22.13,64.31,99,1,32.74,101.91,31.00,607.00,null,null,null
2023-08-09T08:47:01Z,22.14,64.41,99,1,34.94,101.91,32.00,612.00,null,null,null
2023-08-09T08:48:01Z,22.16,64.47,99,0,31.31,101.91,33.00,618.00,null,null,null
2023-08-09T08:49:01Z,22.14,64.52,99,0,35.97,101.91,34.00,624.00,null,null,null
2023-08-09T08:50:01Z,22.12,64.46,99,0,46.53,101.91,34.00,624.00,0,0,0
2023-08-09T08:51:01Z,22.13,63.92,99,0,29.94,101.91,32.00,612.00,null,null,null
2023-08-09T08:52:01Z,22.14,63.65,99,0,34.78,101.91,30.00,600.00,null,null,null
2023-08-09T08:53:01Z,22.13,63.49,99,0,33.05,101.92,30.00,600.00,null,null,null
2023-08-09T08:54:01Z,22.10,63.64,99,0,35.92,101.91,28.00,584.00,null,null,null
2023-08-09T08:55:01Z,22.12,63.96,99,1,31.82,101.91,28.00,584.00,0,0,0
2023-08-09T08:56:01Z,22.13,64.32,99,1,32.61,101.91,26.00,572.00,null,null,null
2023-08-09T08:57:01Z,22.14,64.51,99,1,34.40,101.91,27.00,578.00,null,null,null
2023-08-09T08:58:01Z,22.14,64.67,99,1,33.24,101.91,27.00,578.00,null,null,null
2023-08-09T08:59:01Z,22.14,64.85,99,1,35.85,101.91,29.00,592.00,null,null,null
2023-08-09T09:00:01Z,22.13,64.75,99,2,31.50,101.91,28.00,586.00,0,0,0
2023-08-09T09:01:01Z,22.16,64.87,99,2,33.11,101.91,28.00,586.00,null,null,null
2023-08-09T09:02:01Z,22.16,64.87,99,2,31.80,101.91,29.00,591.00,null,null,null
2023-08-09T09:03:01Z,22.16,64.86,99,2,36.60,101.91,30.00,597.00,null,null,null
2023-08-09T09:04:01Z,22.16,64.78,99,2,32.61,101.91,30.00,597.00,null,null,null
2023-08-09T09:05:01Z,22.13,64.78,99,2,33.74,101.91,30.00,597.00,0,0,0
2023-08-09T09:06:01Z,22.16,64.77,99,2,34.53,101.91,29.00,591.00,null,null,null
2023-08-09T09:07:01Z,22.17,64.81,99,2,38.29,101.91,30.00,597.00,null,null,null
2023-08-09T09:08:01Z,22.16,64.73,99,2,34.63,101.92,29.00,591.00,null,null,null
2023-08-09T09:09:01Z,22.17,64.68,99,2,34.66,101.91,30.00,597.00,null,null,null
2023-08-09T09:10:01Z,22.14,64.62,99,2,35.10,101.91,30.00,597.00,0,0,0
2023-08-09T09:11:01Z,22.17,64.58,99,2,33.64,101.92,29.00,592.00,null,null,null
2023-08-09T09:12:01Z,22.17,64.59,99,2,32.91,101.92,29.00,592.00,null,null,null
2023-08-09T09:13:01Z,22.18,64.57,99,2,38.47,101.91,29.00,592.00,null,null,null
2023-08-09T09:14:01Z,22.18,64.56,99,2,34.70,101.91,28.00,586.00,null,null,null
2023-08-09T09:15:01Z,22.17,64.56,99,2,34.03,101.91,28.00,586.00,0,0,0
2023-08-09T09:16:01Z,22.18,64.55,99,2,31.18,101.91,27.00,578.00,null,null,null
2023-08-09T09:17:01Z,22.21,64.54,99,2,31.59,101.91,27.00,578.00,null,null,null
2023-08-09T09:18:01Z,22.18,64.53,99,2,31.68,101.91,28.00,586.00,null,null,null
2023-08-09T09:19:01Z,22.20,64.52,99,2,32.19,101.91,27.00,578.00,null,null,null
2023-08-09T09:20:01Z,22.17,64.54,99,2,32.12,101.92,27.00,578.00,0,0,0
2023-08-09T09:21:01Z,22.21,64.50,99,2,31.12,101.91,26.00,575.00,null,null,null
2023-08-09T09:22:01Z,22.23,64.41,99,2,36.60,101.91,26.00,575.00,null,null,null
2023-08-09T09:23:01Z,22.20,64.53,99,2,31.90,101.91,26.00,575.00,null,null,null
2023-08-09T09:24:01Z,22.20,64.52,99,2,33.70,101.92,25.00,569.00,null,null,null
2023-08-09T09:25:01Z,22.21,64.51,99,2,32.97,101.92,25.00,569.00,0,0,0
2023-08-09T09:26:01Z,22.20,64.53,99,2,30.43,101.92,25.00,565.00,null,null,null
2023-08-09T09:27:01Z,22.20,64.44,99,2,31.51,101.92,25.00,569.00,null,null,null
2023-08-09T09:28:01Z,22.23,64.48,99,2,29.98,101.92,25.00,569.00,null,null,null
2023-08-09T09:29:01Z,22.23,64.44,99,2,34.67,101.92,25.00,569.00,null,null,null
2023-08-09T09:30:01Z,22.21,64.45,99,2,35.30,101.93,25.00,565.00,0,0,0
2023-08-09T09:31:01Z,22.21,64.45,99,2,32.21,101.92,23.00,556.00,null,null,null
2023-08-09T09:32:01Z,22.23,64.37,99,2,31.47,101.92,25.00,565.00,null,null,null
2023-08-09T09:33:01Z,22.23,64.35,99,2,29.87,101.92,23.00,556.00,null,null,null
2023-08-09T09:34:01Z,22.23,64.34,99,2,40.70,101.91,23.00,556.00,null,null,null
2023-08-09T09:35:01Z,22.20,64.42,99,2,35.67,101.92,23.00,556.00,0,0,0
2023-08-09T09:36:01Z,22.24,64.40,99,2,36.31,101.91,23.00,551.00,null,null,null
2023-08-09T09:37:01Z,22.24,64.45,99,2,40.83,101.91,25.00,565.00,null,null,null
2023-08-09T09:38:01Z,22.24,64.35,99,2,40.91,101.92,25.00,565.00,null,null,null
2023-08-09T09:39:01Z,22.23,64.29,99,2,32.94,101.91,25.00,565.00,null,null,null
2023-08-09T09:40:01Z,22.23,64.31,99,2,31.70,101.90,25.00,565.00,0,0,0
2023-08-09T09:41:01Z,22.27,64.45,99,2,30.85,101.90,25.00,569.00,null,null,null
2023-08-09T09:42:01Z,22.25,64.37,99,2,31.70,101.91,19.00,529.00,null,null,null
2023-08-09T09:43:01Z,22.25,64.37,99,2,31.83,101.91,19.00,531.00,null,null,null
2023-08-09T09:44:01Z,22.28,64.37,99,2,32.30,101.91,19.00,531.00,null,null,null
2023-08-09T09:45:01Z,22.25,64.38,99,2,31.22,101.91,19.00,531.00,0,0,0
2023-08-09T09:46:01Z,22.24,64.35,99,2,30.50,101.93,19.00,531.00,null,null,null
2023-08-09T09:47:01Z,22.24,64.32,99,2,33.52,101.93,28.00,586.00,null,null,null
2023-08-09T09:48:01Z,22.24,64.26,99,2,31.29,101.93,28.00,586.00,null,null,null
2023-08-09T09:49:01Z,22.24,64.28,99,2,31.95,101.93,28.00,586.00,null,null,null
2023-08-09T09:50:01Z,22.25,64.22,99,2,35.02,101.94,28.00,586.00,0,0,0
2023-08-09T09:51:01Z,22.27,64.30,99,2,30.04,101.94,21.00,540.00,null,null,null
2023-08-09T09:52:01Z,22.25,64.20,99,2,34.29,101.94,20.00,537.00,null,null,null
2023-08-09T09:53:01Z,22.27,64.15,99,2,29.91,101.94,21.00,540.00,null,null,null
2023-08-09T09:54:01Z,22.25,64.22,99,2,32.19,101.94,22.00,546.00,null,null,null
2023-08-09T09:55:01Z,22.24,64.17,99,2,30.71,101.94,22.00,546.00,0,0,0
2023-08-09T09:56:01Z,22.24,64.11,99,2,30.20,101.94,28.00,589.00,null,null,null
2023-08-09T09:57:01Z,22.25,64.14,99,2,30.45,101.94,29.00,596.00,null,null,null
2023-08-09T09:58:01Z,22.25,64.07,99,2,30.46,101.94,22.00,546.00,null,null,null
2023-08-09T09:59:01Z,22.27,64.09,99,2,31.33,101.94,22.00,546.00,null,null,null
2023-08-09T10:00:01Z,22.27,64.04,99,2,30.20,101.94,21.00,540.00,0,0,0
2023-08-09T10:01:01Z,22.28,64.08,99,2,32.55,101.94,21.00,540.00,null,null,null
2023-08-09T10:02:01Z,22.27,64.05,99,2,33.97,101.94,22.00,546.00,null,null,null
2023-08-09T10:03:01Z,22.27,63.77,99,2,39.18,101.94,21.00,540.00,null,null,null
2023-08-09T10:04:01Z,22.27,63.73,99,1,36.38,101.94,20.00,534.00,null,null,null
2023-08-09T10:05:01Z,22.28,63.89,99,2,29.95,101.94,19.00,530.00,0,0,0
2023-08-09T10:06:01Z,22.27,63.50,99,1,34.72,101.94,18.00,520.00,null,null,null
2023-08-09T10:07:01Z,22.28,63.23,99,2,35.42,101.94,19.00,526.00,null,null,null
2023-08-09T10:08:01Z,22.28,62.40,99,3,30.92,101.93,18.00,519.00,null,null,null
2023-08-09T10:09:01Z,22.27,62.27,99,2,29.83,101.94,15.00,500.00,null,null,null
2023-08-09T10:10:01Z,22.28,62.09,99,2,29.77,101.94,12.00,483.00,0,0,0
2023-08-09T10:11:01Z,22.28,62.39,99,0,33.84,101.94,10.00,466.00,null,null,null
2023-08-09T10:12:01Z,22.27,62.65,99,2,30.87,101.94,9.00,460.00,null,null,null
2023-08-09T10:13:01Z,22.25,63.00,99,2,31.27,101.94,9.00,460.00,null,null,null
2023-08-09T10:14:01Z,22.27,63.22,99,2,30.64,101.94,8.00,459.00,null,null,null
2023-08-09T10:15:01Z,22.27,63.30,99,2,29.09,101.95,9.00,465.00,0,0,0
2023-08-09T10:16:01Z,22.28,63.37,99,2,31.24,101.95,8.00,459.00,null,null,null
2023-08-09T10:17:01Z,22.28,63.43,99,2,31.55,101.95,9.00,464.00,null,null,null
2023-08-09T10:18:01Z,22.27,63.47,99,2,36.11,101.95,11.00,473.00,null,null,null
2023-08-09T10:19:01Z,22.27,63.50,99,2,34.03,101.95,11.00,477.00,null,null,null
2023-08-09T10:20:01Z,22.28,63.53,99,2,42.94,101.95,11.00,477.00,0,0,0
2023-08-09T10:21:01Z,22.27,63.49,99,2,30.34,101.96,11.00,477.00,null,null,null
2023-08-09T10:22:01Z,22.27,63.55,99,2,28.96,101.96,12.00,481.00,null,null,null
2023-08-09T10:23:01Z,22.30,63.51,99,2,33.76,101.96,12.00,481.00,null,null,null
2023-08-09T10:24:01Z,22.33,63.64,99,2,32.42,101.96,13.00,486.00,null,null,null
2023-08-09T10:25:01Z,22.28,63.65,99,2,32.23,101.96,12.00,481.00,0,0,0
2023-08-09T10:26:01Z,22.30,63.62,99,2,32.68,101.95,12.00,481.00,null,null,null
2023-08-09T10:27:01Z,22.30,63.62,99,2,31.88,101.95,13.00,486.00,null,null,null
2023-08-09T10:28:01Z,22.30,63.64,99,2,32.02,101.96,13.00,486.00,null,null,null
2023-08-09T10:29:01Z,22.31,63.62,99,2,32.76,101.96,13.00,486.00,null,null,null
2023-08-09T10:30:01Z,22.31,63.66,99,2,41.01,101.95,13.00,486.00,0,0,0
2023-08-09T10:31:01Z,22.30,63.66,99,2,34.79,101.96,12.00,481.00,null,null,null
2023-08-09T10:32:01Z,22.30,63.57,99,2,37.37,101.96,13.00,488.00,null,null,null
2023-08-09T10:33:01Z,22.30,63.21,99,2,38.73,101.96,13.00,486.00,null,null,null
2023-08-09T10:34:01Z,22.31,62.67,99,2,37.33,101.95,12.00,482.00,null,null,null
2023-08-09T10:35:01Z,22.28,62.55,99,2,36.24,101.95,11.00,473.00,0,0,0
2023-08-09T10:36:01Z,22.31,63.08,99,2,31.31,101.95,9.00,460.00,null,null,null
2023-08-09T10:37:01Z,22.30,63.19,99,2,32.34,101.96,8.00,459.00,null,null,null
2023-08-09T10:38:01Z,22.31,63.34,99,2,30.61,101.95,8.00,459.00,null,null,null
2023-08-09T10:39:01Z,22.31,63.25,99,2,35.32,101.96,8.00,454.00,null,null,null
2023-08-09T10:40:01Z,22.30,62.62,99,2,32.29,101.95,8.00,454.00,0,0,0
2023-08-09T10:41:01Z,22.31,62.78,99,2,32.51,101.96,7.00,446.00,null,null,null
2023-08-09T10:42:01Z,22.33,62.94,99,2,37.11,101.96,6.00,442.00,null,null,null
2023-08-09T10:43:01Z,22.31,62.97,99,2,33.80,101.95,6.00,442.00,null,null,null
2023-08-09T10:44:01Z,22.31,63.06,99,2,31.38,101.95,6.00,442.00,null,null,null
2023-08-09T10:45:01Z,22.30,63.13,99,2,35.25,101.95,6.00,442.00,0,0,0
2023-08-09T10:46:01Z,22.30,63.19,99,2,31.12,101.95,5.00,439.00,null,null,null
2023-08-09T10:47:01Z,22.31,63.16,99,2,31.19,101.95,6.00,442.00,null,null,null
2023-08-09T10:48:01Z,22.28,63.11,99,2,31.64,101.95,6.00,442.00,null,null,null
2023-08-09T10:49:01Z,22.33,63.09,99,2,31.08,101.95,6.00,442.00,null,null,null
2023-08-09T10:50:01Z,22.31,62.39,99,2,32.05,101.95,6.00,442.00,0,0,0
2023-08-09T10:51:01Z,22.31,62.25,99,2,31.96,101.95,3.00,425.00,null,null,null
2023-08-09T10:52:01Z,22.33,62.49,99,2,34.84,101.95,3.00,425.00,null,null,null
2023-08-09T10:53:01Z,22.33,62.39,99,2,34.31,101.96,3.00,421.00,null,null,null
2023-08-09T10:54:01Z,22.33,62.79,99,2,37.12,101.95,3.00,421.00,null,null,null
2023-08-09T10:55:01Z,22.30,62.89,99,2,33.33,101.95,2.00,416.00,0,0,0
2023-08-09T10:56:01Z,22.33,62.88,99,2,33.64,101.96,1.00,411.00,null,null,null
2023-08-09T10:57:01Z,22.34,62.93,99,2,35.85,101.95,3.00,421.00,null,null,null
2023-08-09T10:58:01Z,22.33,62.79,99,2,35.86,101.95,3.00,421.00,null,null,null
2023-08-09T10:59:01Z,22.33,62.54,99,2,35.57,101.95,3.00,421.00,null,null,null
2023-08-09T11:00:01Z,22.30,62.14,99,2,33.11,101.95,3.00,421.00,0,0,0
2023-08-09T11:01:01Z,22.34,61.69,99,2,33.74,101.95,1.00,413.00,null,null,null
2023-08-09T11:02:01Z,22.33,61.74,99,2,31.46,101.95,0.00,403.00,null,null,null
2023-08-09T11:03:01Z,22.33,61.81,99,2,32.57,101.95,0.00,400.00,null,null,null
2023-08-09T11:04:01Z,22.33,61.47,99,2,44.49,101.95,0.00,400.00,null,null,null
2023-08-09T11:05:01Z,22.33,61.95,99,2,35.03,101.94,0.00,400.00,0,0,0
2023-08-09T11:06:01Z,22.31,62.09,99,2,38.02,101.94,0.00,400.00,null,null,null
2023-08-09T11:07:01Z,22.31,62.33,99,2,35.68,101.94,0.00,405.00,null,null,null
2023-08-09T11:08:01Z,22.33,62.31,99,2,33.04,101.94,1.00,409.00,null,null,null
2023-08-09T11:09:01Z,22.33,62.50,99,7,35.25,101.94,1.00,409.00,null,null,null
2023-08-09T11:10:01Z,22.28,63.16,99,7,34.62,101.94,1.00,413.00,0,0,0
2023-08-09T11:11:01Z,22.33,63.13,99,7,34.12,101.94,1.00,410.00,null,null,null
2023-08-09T11:12:01Z,22.33,63.02,99,7,36.42,101.94,3.00,423.00,null,null,null
2023-08-09T11:13:01Z,22.36,63.15,99,7,43.23,101.94,3.00,426.00,null,null,null
2023-08-09T11:14:01Z,22.33,63.53,99,3,38.40,101.94,5.00,433.00,null,null,null
2023-08-09T11:15:01Z,22.33,63.81,99,6,45.00,101.95,5.00,435.00,0,0,0
2023-08-09T11:16:01Z,22.34,63.54,99,6,37.14,101.94,5.00,436.00,null,null,null
2023-08-09T11:17:01Z,22.36,63.40,99,6,37.51,101.94,7.00,447.00,null,null,null
2023-08-09T11:18:01Z,22.36,63.67,99,7,34.95,101.94,8.00,454.00,null,null,null
2023-08-09T11:19:01Z,22.34,64.06,99,7,33.71,101.94,8.00,457.00,null,null,null
2023-08-09T11:20:01Z,22.36,64.06,99,5,70.54,101.94,8.00,456.00,0,0,0
2023-08-09T11:21:01Z,22.37,64.58,99,7,33.72,101.94,9.00,464.00,null,null,null
2023-08-09T11:22:01Z,22.37,64.38,99,7,32.62,101.94,10.00,466.00,null,null,null
2023-08-09T11:23:01Z,22.39,64.61,99,6,38.66,101.94,11.00,478.00,null,null,null
2023-08-09T11:24:01Z,22.40,64.74,99,6,35.14,101.94,12.00,481.00,null,null,null
2023-08-09T11:25:01Z,22.41,64.46,99,7,46.02,101.93,12.00,485.00,0,0,0
2023-08-09T11:26:01Z,22.40,64.41,99,3,31.36,101.94,12.00,485.00,null,null,null
2023-08-09T11:27:01Z,22.44,64.16,99,0,38.87,101.94,14.00,496.00,null,null,null
2023-08-09T11:28:01Z,22.43,64.04,99,0,35.49,101.94,14.00,495.00,null,null,null
2023-08-09T11:29:01Z,22.43,64.15,99,0,31.83,101.94,13.00,487.00,null,null,null
2023-08-09T11:30:01Z,22.41,63.61,99,3,32.82,101.94,14.00,495.00,0,0,0
2023-08-09T11:31:01Z,22.47,63.84,99,2,33.44,101.93,13.00,487.00,null,null,null
2023-08-09T11:32:01Z,22.45,63.73,99,2,30.97,101.93,12.00,483.00,null,null,null
2023-08-09T11:33:01Z,22.43,63.86,99,2,33.52,101.93,12.00,485.00,null,null,null
2023-08-09T11:34:01Z,22.47,64.03,99,3,32.22,101.93,12.00,483.00,null,null,null
2023-08-09T11:35:01Z,22.44,63.83,99,3,37.92,101.94,12.00,483.00,0,0,0
2023-08-09T11:36:01Z,22.47,63.89,99,2,32.42,101.94,12.00,481.00,null,null,null
2023-08-09T11:37:01Z,22.44,64.14,99,2,33.18,101.94,12.00,483.00,null,null,null
2023-08-09T11:38:01Z,22.50,64.04,99,2,32.22,101.94,12.00,483.00,null,null,null
2023-08-09T11:39:01Z,22.47,63.99,99,2,32.54,101.94,12.00,483.00,null,null,null
2023-08-09T11:40:01Z,22.47,64.06,99,2,33.90,101.94,12.00,483.00,0,0,0
2023-08-09T11:41:01Z,22.50,64.02,99,2,31.39,101.94,12.00,481.00,null,null,null
2023-08-09T11:42:01Z,22.51,64.16,99,2,34.05,101.94,12.00,483.00,null,null,null
2023-08-09T11:43:01Z,22.45,64.11,99,2,35.14,101.95,12.00,481.00,null,null,null
2023-08-09T11:44:01Z,22.48,63.98,99,2,36.30,101.95,12.00,483.00,null,null,null
2023-08-09T11:45:01Z,22.48,64.06,99,2,40.29,101.95,12.00,481.00,0,0,0
2023-08-09T11:46:01Z,22.50,64.15,99,2,31.35,101.95,11.00,476.00,null,null,null
2023-08-09T11:47:01Z,22.50,63.91,99,2,37.23,101.95,12.00,481.00,null,null,null
2023-08-09T11:48:01Z,22.50,63.88,99,2,35.18,101.95,12.00,483.00,null,null,null
2023-08-09T11:49:01Z,22.51,64.21,99,3,35.65,101.95,12.00,481.00,null,null,null
2023-08-09T11:50:01Z,22.51,63.91,99,2,30.67,101.95,12.00,483.00,0,0,0
2023-08-09T11:51:01Z,22.50,64.35,99,2,34.33,101.94,11.00,476.00,null,null,null
2023-08-09T11:52:01Z,22.51,64.22,99,2,33.07,101.94,12.00,481.00,null,null,null
2023-08-09T11:53:01Z,22.51,64.38,99,0,38.08,101.94,12.00,481.00,null,null,null
2023-08-09T11:54:01Z,22.50,64.37,99,1,34.32,101.94,12.00,481.00,null,null,null
2023-08-09T11:55:01Z,22.50,64.44,99,2,35.82,101.94,11.00,478.00,0,0,0
2023-08-09T11:56:01Z,22.52,64.35,99,2,36.89,101.93,11.00,478.00,null,null,null
2023-08-09T11:57:01Z,22.51,64.33,99,2,34.47,101.93,12.00,481.00,null,null,null
2023-08-09T11:58:01Z,22.51,64.37,99,2,36.59,101.94,12.00,481.00,null,null,null
2023-08-09T11:59:01Z,22.52,64.45,99,2,32.58,101.93,11.00,478.00,null,null,null
2023-08-09T12:00:01Z,22.51,64.40,99,2,39.10,101.93,12.00,481.00,0,0,0
2023-08-09T12:01:01Z,22.51,64.39,99,2,34.71,101.93,11.00,473.00,null,null,null
2023-08-09T12:02:01Z,22.54,64.54,99,2,33.20,101.92,11.00,478.00,null,null,null
2023-08-09T12:03:01Z,22.52,64.50,99,2,34.49,101.92,12.00,481.00,null,null,null
2023-08-09T12:04:01Z,22.54,64.39,99,2,32.61,101.93,12.00,481.00,null,null,null
2023-08-09T12:05:01Z,22.55,64.35,99,2,33.18,101.92,12.00,481.00,0,0,0
2023-08-09T12:06:01Z,22.54,64.54,99,2,36.23,101.93,11.00,473.00,null,null,null
2023-08-09T12:07:01Z,22.57,64.46,99,2,36.65,101.93,12.00,481.00,null,null,null
2023-08-09T12:08:01Z,22.57,64.39,99,2,36.54,101.93,12.00,481.00,null,null,null
2023-08-09T12:09:01Z,22.55,64.19,99,2,35.92,101.93,12.00,481.00,null,null,null
2023-08-09T12:10:01Z,22.55,64.51,99,2,34.01,101.94,12.00,481.00,0,0,0
2023-08-09T12:11:01Z,22.57,64.35,99,2,36.01,101.94,11.00,478.00,null,null,null
2023-08-09T12:12:01Z,22.55,64.38,99,2,33.86,101.93,11.00,478.00,null,null,null
2023-08-09T12:13:01Z,22.58,64.44,99,2,32.31,101.93,12.00,481.00,null,null,null
2023-08-09T12:14:01Z,22.57,64.48,99,2,35.72,101.94,11.00,478.00,null,null,null
2023-08-09T12:15:01Z,22.55,64.46,99,2,32.18,101.94,12.00,481.00,0,0,0
2023-08-09T12:16:01Z,22.55,64.49,99,2,33.18,101.94,11.00,473.00,null,null,null
2023-08-09T12:17:01Z,22.58,64.48,99,2,33.25,101.94,11.00,478.00,null,null,null
2023-08-09T12:18:01Z,22.55,64.49,99,2,30.72,101.94,12.00,481.00,null,null,null
2023-08-09T12:19:01Z,22.57,64.40,99,2,28.85,101.95,11.00,478.00,null,null,null
2023-08-09T12:20:01Z,22.57,64.42,99,2,31.77,101.94,11.00,478.00,0,0,0
2023-08-09T12:21:01Z,22.58,64.51,99,2,35.24,101.94,11.00,473.00,null,null,null
2023-08-09T12:22:01Z,22.60,64.48,99,3,29.96,101.94,11.00,478.00,null,null,null
2023-08-09T12:23:01Z,22.60,64.34,99,3,33.71,101.93,11.00,478.00,null,null,null
2023-08-09T12:24:01Z,22.60,64.32,99,2,31.02,101.93,11.00,478.00,null,null,null
2023-08-09T12:25:01Z,22.58,64.39,99,6,33.67,101.94,11.00,478.00,0,0,0
2023-08-09T12:26:01Z,22.60,64.12,99,2,35.03,101.93,10.00,466.00,null,null,null
2023-08-09T12:27:01Z,22.60,64.40,99,2,35.41,101.93,12.00,481.00,null,null,null
2023-08-09T12:28:01Z,22.60,64.35,99,2,31.24,101.93,11.00,478.00,null,null,null
2023-08-09T12:29:01Z,22.60,64.38,99,2,30.32,101.93,11.00,478.00,null,null,null
2023-08-09T12:30:01Z,22.61,64.39,99,2,37.25,101.93,11.00,478.00,0,0,0
2023-08-09T12:31:01Z,22.62,64.39,99,2,32.33,101.93,10.00,466.00,null,null,null
2023-08-09T12:32:01Z,22.61,64.41,99,2,30.81,101.93,11.00,473.00,null,null,null
2023-08-09T12:33:01Z,22.62,64.38,99,2,31.59,101.93,11.00,478.00,null,null,null
2023-08-09T12:34:01Z,22.61,64.32,99,2,30.85,101.94,11.00,473.00,null,null,null
2023-08-09T12:35:01Z,22.62,64.36,99,2,39.11,101.93,11.00,473.00,0,0,0
2023-08-09T12:36:01Z,22.62,64.32,99,2,32.08,101.93,10.00,466.00,null,null,null
2023-08-09T12:37:01Z,22.62,64.29,99,2,31.66,101.92,11.00,478.00,null,null,null
2023-08-09T12:38:01Z,22.61,64.43,99,2,31.36,101.92,11.00,478.00,null,null,null
2023-08-09T12:39:01Z,22.64,64.33,99,2,30.01,101.93,11.00,473.00,null,null,null
2023-08-09T12:40:01Z,22.62,64.35,99,2,30.73,101.93,11.00,473.00,0,0,0
2023-08-09T12:41:01Z,22.65,64.35,99,2,40.78,101.93,10.00,466.00,null,null,null
2023-08-09T12:42:01Z,22.67,64.16,99,2,34.34,101.92,11.00,473.00,null,null,null
2023-08-09T12:43:01Z,22.64,64.23,99,2,31.36,101.92,11.00,476.00,null,null,null
2023-08-09T12:44:01Z,22.64,64.31,99,2,31.07,101.92,11.00,476.00,null,null,null
2023-08-09T12:45:01Z,22.65,64.31,99,2,32.82,101.93,11.00,473.00,0,0,0
2023-08-09T12:46:01Z,22.64,64.31,99,2,35.51,101.93,10.00,466.00,null,null,null
2023-08-09T12:47:01Z,22.65,64.23,99,2,30.55,101.92,11.00,473.00,null,null,null
2023-08-09T12:48:01Z,22.68,64.32,99,2,33.20,101.92,11.00,476.00,null,null,null
2023-08-09T12:49:01Z,22.67,64.33,99,2,37.28,101.92,11.00,473.00,null,null,null
2023-08-09T12:50:01Z,22.65,64.14,99,2,32.37,101.92,11.00,473.00,0,0,0
2023-08-09T12:51:01Z,22.68,64.33,99,2,30.71,101.93,10.00,472.00,null,null,null
2023-08-09T12:52:01Z,22.65,64.30,99,2,37.92,101.93,11.00,473.00,null,null,null
2023-08-09T12:53:01Z,22.67,64.27,99,2,32.96,101.93,11.00,473.00,null,null,null
2023-08-09T12:54:01Z,22.67,64.23,99,2,31.94,101.93,10.00,466.00,null,null,null
2023-08-09T12:55:01Z,22.67,64.16,99,2,41.92,101.93,10.00,472.00,0,0,0
2023-08-09T12:56:01Z,22.68,64.28,99,2,36.81,101.93,9.00,464.00,null,null,null
2023-08-09T12:57:01Z,22.68,64.23,99,2,34.19,101.93,10.00,466.00,null,null,null
2023-08-09T12:58:01Z,22.68,64.26,99,2,37.73,101.92,10.00,472.00,null,null,null
2023-08-09T12:59:01Z,22.65,64.27,99,2,35.00,101.92,10.00,466.00,null,null,null
2023-08-09T13:00:01Z,22.68,64.23,99,2,32.16,101.92,10.00,466.00,0,0,0
2023-08-09T13:01:01Z,22.69,64.22,99,2,31.85,101.92,9.00,464.00,null,null,null
2023-08-09T13:02:01Z,22.69,64.23,99,2,33.29,101.93,10.00,472.00,null,null,null
2023-08-09T13:03:01Z,22.69,64.22,99,2,34.60,101.93,10.00,472.00,null,null,null
2023-08-09T13:04:01Z,22.69,64.19,99,2,34.95,101.92,9.00,464.00,null,null,null
2023-08-09T13:05:01Z,22.71,64.25,99,2,32.40,101.93,10.00,472.00,0,0,0
2023-08-09T13:06:01Z,22.68,64.22,99,2,33.74,101.93,9.00,462.00,null,null,null
2023-08-09T13:07:01Z,22.72,64.19,99,2,35.71,101.93,10.00,472.00,null,null,null
2023-08-09T13:08:01Z,22.72,64.19,99,2,33.19,101.93,10.00,472.00,null,null,null
2023-08-09T13:09:01Z,22.69,64.24,99,2,34.84,101.93,10.00,472.00,null,null,null
2023-08-09T13:10:01Z,22.68,64.21,99,3,44.95,101.93,10.00,472.00,0,0,0
2023-08-09T13:11:01Z,22.74,64.12,99,2,32.20,101.93,9.00,464.00,null,null,null
2023-08-09T13:12:01Z,22.74,64.22,99,3,36.43,101.92,10.00,472.00,null,null,null
2023-08-09T13:13:01Z,22.72,64.25,99,2,35.16,101.93,9.00,464.00,null,null,null
2023-08-09T13:14:01Z,22.71,64.07,99,2,34.44,101.93,9.00,462.00,null,null,null
2023-08-09T13:15:01Z,22.71,64.22,99,2,38.01,101.93,9.00,464.00,0,0,0
2023-08-09T13:16:01Z,22.74,64.23,99,2,44.76,101.93,9.00,461.00,null,null,null
2023-08-09T13:17:01Z,22.72,64.24,99,3,31.72,101.93,10.00,472.00,null,null,null
2023-08-09T13:18:01Z,22.72,64.29,99,3,30.22,101.93,10.00,472.00,null,null,null
2023-08-09T13:19:01Z,22.72,64.29,99,3,31.00,101.94,10.00,466.00,null,null,null
2023-08-09T13:20:01Z,22.74,64.34,99,3,32.27,101.94,9.00,462.00,0,0,0
2023-08-09T13:21:01Z,22.74,64.32,99,3,31.77,101.94,9.00,462.00,null,null,null
2023-08-09T13:22:01Z,22.74,64.21,99,3,34.16,101.94,10.00,466.00,null,null,null
2023-08-09T13:23:01Z,22.74,64.28,99,3,34.38,101.94,10.00,472.00,null,null,null
2023-08-09T13:24:01Z,22.74,64.25,99,3,38.59,101.94,10.00,466.00,null,null,null
2023-08-09T13:25:01Z,22.72,64.22,99,3,30.97,101.94,10.00,466.00,0,0,0
2023-08-09T13:26:01Z,22.76,64.29,99,3,29.83,101.94,9.00,464.00,null,null,null
2023-08-09T13:27:01Z,22.76,64.23,99,3,36.53,101.95,9.00,465.00,null,null,null
2023-08-09T13:28:01Z,22.76,64.24,99,3,34.68,101.94,9.00,465.00,null,null,null
2023-08-09T13:29:01Z,22.76,64.26,99,3,39.43,101.94,9.00,465.00,null,null,null
2023-08-09T13:30:01Z,22.76,64.29,99,3,31.31,101.94,9.00,463.00,0,0,0
2023-08-09T13:31:01Z,22.75,64.26,99,3,33.27,101.93,8.00,455.00,null,null,null
2023-08-09T13:32:01Z,22.75,64.26,99,3,30.77,101.93,8.00,459.00,null,null,null
2023-08-09T13:33:01Z,22.78,64.24,99,3,33.62,101.94,8.00,459.00,null,null,null
2023-08-09T13:34:01Z,22.78,64.28,99,3,29.72,101.94,8.00,457.00,null,null,null
2023-08-09T13:35:01Z,22.78,64.24,99,3,33.11,101.94,8.00,455.00,0,0,0
2023-08-09T13:36:01Z,22.78,64.26,99,3,35.65,101.93,8.00,454.00,null,null,null
2023-08-09T13:37:01Z,22.79,64.20,99,3,32.38,101.94,7.00,451.00,null,null,null
2023-08-09T13:38:01Z,22.79,64.18,99,3,34.67,101.94,8.00,457.00,null,null,null
2023-08-09T13:39:01Z,22.78,64.16,99,3,29.57,101.94,8.00,454.00,null,null,null
2023-08-09T13:40:01Z,22.81,64.11,99,3,29.72,101.94,8.00,454.00,0,0,0
2023-08-09T13:41:01Z,22.79,64.16,99,3,30.62,101.94,7.00,447.00,null,null,null
2023-08-09T13:42:01Z,22.79,64.19,99,3,29.53,101.94,8.00,454.00,null,null,null
2023-08-09T13:43:01Z,22.79,64.07,99,3,37.66,101.94,8.00,454.00,null,null,null
2023-08-09T13:44:01Z,22.79,64.10,99,3,37.45,101.94,7.00,447.00,null,null,null
2023-08-09T13:45:01Z,22.79,64.16,99,3,34.37,101.94,8.00,454.00,0,0,0
2023-08-09T13:46:01Z,22.82,64.08,99,3,30.92,101.94,6.00,444.00,null,null,null
2023-08-09T13:47:01Z,22.81,64.11,99,3,29.89,101.94,8.00,454.00,null,null,null
2023-08-09T13:48:01Z,22.82,64.10,99,3,32.56,101.93,7.00,447.00,null,null,null
2023-08-09T13:49:01Z,22.81,64.06,99,3,32.74,101.93,7.00,447.00,null,null,null
2023-08-09T13:50:01Z,22.79,64.12,99,3,31.20,101.94,7.00,447.00,0,0,0
2023-08-09T13:51:01Z,22.83,64.03,99,3,33.20,101.93,6.00,444.00,null,null,null
2023-08-09T13:52:01Z,22.83,64.06,99,3,31.00,101.93,6.00,444.00,null,null,null
2023-08-09T13:53:01Z,22.82,64.09,99,3,34.84,101.94,7.00,447.00,null,null,null
2023-08-09T13:54:01Z,22.81,64.04,99,3,33.56,101.94,6.00,444.00,null,null,null
2023-08-09T13:55:01Z,22.79,64.08,99,3,30.67,101.94,6.00,444.00,0,0,0
2023-08-09T13:56:01Z,22.83,63.95,99,3,33.55,101.94,6.00,442.00,null,null,null
2023-08-09T13:57:01Z,22.85,63.98,99,3,30.79,101.94,6.00,444.00,null,null,null
2023-08-09T13:58:01Z,22.83,63.99,99,3,32.34,101.94,6.00,444.00,null,null,null
2023-08-09T13:59:01Z,22.85,64.01,99,3,31.48,101.93,6.00,444.00,null,null,null
2023-08-09T14:00:01Z,22.82,63.99,99,3,32.82,101.93,6.00,442.00,0,0,0
2023-08-09T14:01:01Z,22.83,63.95,99,3,32.90,101.93,5.00,436.00,null,null,null
2023-08-09T14:02:01Z,22.85,64.05,99,3,33.90,101.93,6.00,442.00,null,null,null
2023-08-09T14:03:01Z,22.87,63.89,99,3,40.72,101.93,6.00,442.00,null,null,null
2023-08-09T14:04:01Z,22.83,63.95,99,3,40.36,101.93,6.00,442.00,null,null,null
2023-08-09T14:05:01Z,22.83,63.96,99,3,39.46,101.93,6.00,442.00,0,0,0
2023-08-09T14:06:01Z,22.85,63.94,99,3,32.96,101.93,5.00,436.00,null,null,null
2023-08-09T14:07:01Z,22.85,63.91,99,3,36.30,101.93,6.00,442.00,null,null,null
2023-08-09T14:08:01Z,22.85,63.88,99,3,31.26,101.94,6.00,442.00,null,null,null
2023-08-09T14:09:01Z,22.88,63.85,99,3,34.67,101.94,5.00,436.00,null,null,null
2023-08-09T14:10:01Z,22.88,63.96,99,3,33.91,101.94,6.00,442.00,0,0,0
2023-08-09T14:11:01Z,22.87,63.88,99,2,34.27,101.93,5.00,436.00,null,null,null
2023-08-09T14:12:01Z,22.85,63.95,99,3,32.30,101.93,6.00,442.00,null,null,null
2023-08-09T14:13:01Z,22.89,63.89,99,3,34.54,101.93,6.00,442.00,null,null,null
2023-08-09T14:14:01Z,22.87,63.93,99,2,35.46,101.94,5.00,436.00,null,null,null
2023-08-09T14:15:01Z,22.87,63.94,99,3,42.25,101.93,6.00,442.00,0,0,0
2023-08-09T14:16:01Z,22.89,63.82,99,3,38.51,101.93,5.00,436.00,null,null,null
2023-08-09T14:17:01Z,22.88,63.90,99,1,33.80,101.93,6.00,442.00,null,null,null
2023-08-09T14:18:01Z,22.91,63.85,99,3,30.33,101.93,6.00,442.00,null,null,null
2023-08-09T14:19:01Z,22.89,63.79,99,3,30.60,101.93,5.00,436.00,null,null,null
2023-08-09T14:20:01Z,22.88,63.88,99,3,32.53,101.93,5.00,436.00,0,0,0
2023-08-09T14:21:01Z,22.89,63.84,99,3,32.41,101.93,5.00,433.00,null,null,null
2023-08-09T14:22:01Z,22.92,63.85,99,3,30.49,101.93,5.00,436.00,null,null,null
2023-08-09T14:23:01Z,22.89,63.85,99,3,30.44,101.93,5.00,436.00,null,null,null
2023-08-09T14:24:01Z,22.88,63.79,99,3,34.60,101.92,5.00,436.00,null,null,null
2023-08-09T14:25:01Z,22.91,63.82,99,3,32.28,101.93,5.00,436.00,0,0,0
2023-08-09T14:26:01Z,22.91,63.79,99,3,36.66,101.93,5.00,433.00,null,null,null
2023-08-09T14:27:01Z,22.92,63.80,99,3,35.19,101.93,5.00,436.00,null,null,null
2023-08-09T14:28:01Z,22.89,63.78,99,3,30.73,101.93,5.00,436.00,null,null,null
2023-08-09T14:29:01Z,22.91,63.76,99,3,31.59,101.93,5.00,433.00,null,null,null
2023-08-09T14:30:01Z,22.92,63.83,99,3,31.06,101.93,5.00,436.00,0,0,0
2023-08-09T14:31:01Z,22.92,63.75,99,3,34.80,101.93,5.00,433.00,null,null,null
2023-08-09T14:32:01Z,22.89,63.72,99,3,31.87,101.93,5.00,433.00,null,null,null
2023-08-09T14:33:01Z,22.94,63.80,99,3,31.12,101.92,5.00,436.00,null,null,null
2023-08-09T14:34:01Z,22.92,63.80,99,3,34.01,101.93,5.00,433.00,null,null,null
2023-08-09T14:35:01Z,22.92,63.76,99,3,30.39,101.93,5.00,433.00,0,0,0
2023-08-09T14:36:01Z,22.92,63.80,99,3,31.80,101.92,3.00,426.00,null,null,null
2023-08-09T14:37:01Z,22.94,63.72,99,3,32.79,101.92,5.00,433.00,null,null,null
2023-08-09T14:38:01Z,22.94,63.75,99,3,36.11,101.93,5.00,436.00,null,null,null
2023-08-09T14:39:01Z,22.92,63.70,99,3,36.14,101.93,5.00,433.00,null,null,null
2023-08-09T14:40:01Z,22.92,63.75,99,3,35.22,101.93,4.00,432.00,0,0,0
2023-08-09T14:41:01Z,22.95,63.77,99,3,35.20,101.93,3.00,426.00,null,null,null
2023-08-09T14:42:01Z,22.94,63.77,99,3,31.73,101.93,5.00,433.00,null,null,null
2023-08-09T14:43:01Z,22.96,63.69,99,3,36.20,101.92,5.00,433.00,null,null,null
2023-08-09T14:44:01Z,22.95,63.76,99,3,33.56,101.93,5.00,436.00,null,null,null
2023-08-09T14:45:01Z,22.94,63.79,99,3,38.52,101.93,5.00,433.00,0,0,0
2023-08-09T14:46:01Z,22.94,63.72,99,3,34.91,101.92,3.00,426.00,null,null,null
2023-08-09T14:47:01Z,22.95,63.72,99,3,34.40,101.93,5.00,436.00,null,null,null
2023-08-09T14:48:01Z,22.95,63.80,99,3,33.72,101.92,5.00,436.00,null,null,null
2023-08-09T14:49:01Z,22.96,63.76,99,2,37.89,101.92,5.00,433.00,null,null,null
2023-08-09T14:50:01Z,22.96,63.77,99,3,37.72,101.92,5.00,433.00,0,0,0
2023-08-09T14:51:01Z,22.95,63.78,99,3,34.33,101.92,3.00,426.00,null,null,null
2023-08-09T14:52:01Z,22.95,63.78,99,3,35.17,101.92,5.00,433.00,null,null,null
2023-08-09T14:53:01Z,22.98,63.70,99,3,33.69,101.93,5.00,436.00,null,null,null
2023-08-09T14:54:01Z,22.96,63.84,99,3,37.03,101.93,6.00,441.00,null,null,null
2023-08-09T14:55:01Z,22.95,63.76,99,3,37.78,101.92,5.00,436.00,0,0,0
2023-08-09T14:56:01Z,22.98,63.78,99,3,39.90,101.92,5.00,433.00,null,null,null
2023-08-09T14:57:01Z,22.99,63.84,99,3,34.01,101.93,5.00,436.00,null,null,null
2023-08-09T14:58:01Z,22.99,63.81,99,3,51.29,101.92,5.00,436.00,null,null,null
2023-08-09T14:59:01Z,22.96,63.83,99,3,37.25,101.92,5.00,436.00,null,null,null
2023-08-09T15:00:01Z,22.96,63.84,99,3,36.50,101.92,5.00,436.00,0,0,0
2023-08-09T15:01:01Z,23.00,63.83,99,3,37.91,101.93,5.00,433.00,null,null,null
2023-08-09T15:02:01Z,23.00,63.89,99,3,34.63,101.93,6.00,442.00,null,null,null
2023-08-09T15:03:01Z,22.98,63.85,99,3,35.95,101.92,5.00,436.00,null,null,null
2023-08-09T15:04:01Z,23.00,63.84,99,3,32.09,101.93,6.00,442.00,null,null,null
2023-08-09T15:05:01Z,22.99,63.91,99,3,36.34,101.92,6.00,442.00,0,0,0
2023-08-09T15:06:01Z,22.99,63.96,99,3,33.73,101.92,5.00,436.00,null,null,null
2023-08-09T15:07:01Z,22.99,63.85,99,3,37.99,101.93,6.00,442.00,null,null,null
2023-08-09T15:08:01Z,23.00,63.89,99,3,40.61,101.92,6.00,442.00,null,null,null
2023-08-09T15:09:01Z,23.02,63.93,99,3,32.89,101.93,6.00,442.00,null,null,null
2023-08-09T15:10:01Z,22.99,63.94,99,3,31.90,101.93,6.00,444.00,0,0,0
2023-08-09T15:11:01Z,23.02,63.84,99,3,36.22,101.93,5.00,436.00,null,null,null
2023-08-09T15:12:01Z,23.00,63.82,99,3,37.32,101.93,6.00,444.00,null,null,null
2023-08-09T15:13:01Z,22.99,63.84,99,3,34.66,101.93,6.00,444.00,null,null,null
2023-08-09T15:14:01Z,23.02,63.84,99,3,30.43,101.93,6.00,444.00,null,null,null
2023-08-09T15:15:01Z,23.00,63.86,99,3,34.16,101.93,6.00,444.00,0,0,0
2023-08-09T15:16:01Z,23.03,63.90,99,3,33.26,101.93,5.00,436.00,null,null,null
2023-08-09T15:17:01Z,23.03,63.86,99,3,32.48,101.93,6.00,444.00,null,null,null
2023-08-09T15:18:01Z,23.06,63.87,99,3,31.10,101.93,6.00,444.00,null,null,null
2023-08-09T15:19:01Z,23.03,63.85,99,3,29.56,101.93,6.00,444.00,null,null,null
2023-08-09T15:20:01Z,23.00,63.84,99,3,34.60,101.92,6.00,444.00,0,0,0
2023-08-09T15:21:01Z,23.03,63.89,99,3,33.12,101.93,6.00,442.00,null,null,null
2023-08-09T15:22:01Z,23.05,63.84,99,3,38.70,101.92,7.00,447.00,null,null,null
2023-08-09T15:23:01Z,23.05,63.84,99,3,32.68,101.92,6.00,444.00,null,null,null
2023-08-09T15:24:01Z,23.05,63.80,99,3,30.49,101.92,6.00,444.00,null,null,null
2023-08-09T15:25:01Z,23.03,63.79,99,3,34.41,101.93,6.00,444.00,0,0,0
2023-08-09T15:26:01Z,23.05,63.80,99,3,36.09,101.93,6.00,442.00,null,null,null
2023-08-09T15:27:01Z,23.03,63.86,99,3,30.25,101.92,7.00,447.00,null,null,null
2023-08-09T15:28:01Z,23.05,63.70,99,3,31.37,101.93,6.00,444.00,null,null,null
2023-08-09T15:29:01Z,23.06,63.82,99,3,32.53,101.93,7.00,447.00,null,null,null
2023-08-09T15:30:01Z,23.03,63.83,99,3,30.13,101.92,7.00,447.00,0,0,0
2023-08-09T15:31:01Z,23.06,63.83,99,3,30.30,101.93,6.00,444.00,null,null,null
2023-08-09T15:32:01Z,23.10,63.68,99,3,32.56,101.92,6.00,444.00,null,null,null
2023-08-09T15:33:01Z,23.08,63.71,99,3,31.67,101.92,7.00,447.00,null,null,null
2023-08-09T15:34:01Z,23.08,63.75,99,3,33.23,101.92,7.00,447.00,null,null,null
2023-08-09T15:35:01Z,23.06,63.77,99,5,31.05,101.92,6.00,444.00,0,0,0
2023-08-09T15:36:01Z,23.08,63.77,99,3,29.72,101.92,6.00,442.00,null,null,null
2023-08-09T15:37:01Z,23.08,63.76,99,3,30.67,101.92,7.00,447.00,null,null,null
2023-08-09T15:38:01Z,23.09,63.78,99,3,31.81,101.92,6.00,444.00,null,null,null
2023-08-09T15:39:01Z,23.08,63.73,99,3,33.79,101.92,7.00,447.00,null,null,null
2023-08-09T15:40:01Z,23.06,63.75,99,3,33.80,101.92,7.00,447.00,0,0,0
2023-08-09T15:41:01Z,23.06,63.76,99,3,33.37,101.92,6.00,444.00,null,null,null
2023-08-09T15:42:01Z,23.09,63.76,99,3,30.33,101.92,6.00,444.00,null,null,null
2023-08-09T15:43:01Z,23.08,63.68,99,3,35.91,101.92,6.00,444.00,null,null,null
2023-08-09T15:44:01Z,23.10,63.75,99,5,31.28,101.92,7.00,451.00,null,null,null
2023-08-09T15:45:01Z,23.08,63.75,99,3,43.12,101.92,7.00,447.00,0,0,0
2023-08-09T15:46:01Z,23.10,63.68,99,8,32.36,101.92,6.00,444.00,null,null,null
2023-08-09T15:47:01Z,23.13,63.68,99,8,33.76,101.92,7.00,451.00,null,null,null
2023-08-09T15:48:01Z,23.12,63.58,99,16,35.38,101.92,7.00,451.00,null,null,null
2023-08-09T15:49:01Z,23.13,63.57,99,16,41.82,101.92,7.00,451.00,null,null,null
2023-08-09T15:50:01Z,23.10,63.63,99,16,35.51,101.92,7.00,451.00,0,0,0
2023-08-09T15:51:01Z,23.12,63.70,99,16,35.97,101.92,7.00,451.00,null,null,null
2023-08-09T15:52:01Z,23.12,63.66,99,17,37.57,101.92,9.00,461.00,null,null,null
2023-08-09T15:53:01Z,23.13,63.68,99,16,34.26,101.93,9.00,464.00,null,null,null
2023-08-09T15:54:01Z,23.12,63.67,99,16,35.74,101.92,9.00,464.00,null,null,null
2023-08-09T15:55:01Z,23.15,63.62,99,16,34.66,101.92,10.00,472.00,0,0,0
2023-08-09T15:56:01Z,23.13,63.61,99,16,40.76,101.93,10.00,472.00,null,null,null
2023-08-09T15:57:01Z,23.13,63.59,99,16,47.94,101.93,11.00,475.00,null,null,null
2023-08-09T15:58:01Z,23.13,63.57,99,16,38.95,101.93,12.00,482.00,null,null,null
2023-08-09T15:59:01Z,23.15,63.70,99,16,33.91,101.93,13.00,491.00,null,null,null
2023-08-09T16:00:01Z,23.12,63.71,99,16,36.65,101.93,13.00,491.00,0,0,0
2023-08-09T16:01:01Z,23.13,63.76,99,16,33.94,101.93,13.00,491.00,null,null,null
2023-08-09T16:02:01Z,23.15,63.67,99,16,34.17,101.93,15.00,501.00,null,null,null
2023-08-09T16:03:01Z,23.17,63.61,99,16,38.17,101.93,15.00,505.00,null,null,null
2023-08-09T16:04:01Z,23.15,63.69,99,16,39.29,101.93,17.00,514.00,null,null,null
2023-08-09T16:05:01Z,23.13,63.73,99,16,43.28,101.93,18.00,519.00,0,0,0
2023-08-09T16:06:01Z,23.15,63.73,99,16,33.11,101.93,17.00,514.00,null,null,null
2023-08-09T16:07:01Z,23.17,63.71,99,16,65.74,101.93,18.00,523.00,null,null,null
2023-08-09T16:08:01Z,23.16,63.74,99,16,34.53,101.93,19.00,529.00,null,null,null
2023-08-09T16:09:01Z,23.20,63.73,99,15,38.93,101.93,19.00,529.00,null,null,null
2023-08-09T16:10:01Z,23.16,63.75,99,15,37.19,101.92,20.00,534.00,0,0,0
2023-08-09T16:11:01Z,23.20,63.77,99,8,37.21,101.92,19.00,530.00,null,null,null
2023-08-09T16:12:01Z,23.20,63.68,99,15,38.18,101.93,23.00,552.00,null,null,null
2023-08-09T16:13:01Z,23.20,63.79,99,13,43.27,101.92,27.00,581.00,null,null,null
2023-08-09T16:14:01Z,23.23,63.87,99,16,39.30,101.93,28.00,588.00,null,null,null
2023-08-09T16:15:01Z,23.22,63.81,99,17,50.56,101.93,30.00,600.00,0,0,0
2023-08-09T16:16:01Z,23.20,63.81,99,17,42.05,101.92,29.00,592.00,null,null,null
2023-08-09T16:17:01Z,23.23,63.76,99,17,42.45,101.93,31.00,605.00,null,null,null
2023-08-09T16:18:01Z,23.25,63.79,99,16,39.98,101.92,31.00,605.00,null,null,null
2023-08-09T16:19:01Z,23.20,63.80,99,17,49.67,101.92,23.00,556.00,null,null,null
2023-08-09T16:20:01Z,23.25,63.98,99,16,39.94,101.93,31.00,605.00,0,0,0
2023-08-09T16:21:01Z,23.20,64.13,99,16,43.19,101.92,22.00,545.00,null,null,null
2023-08-09T16:22:01Z,23.25,64.07,99,17,41.06,101.92,28.00,588.00,null,null,null
2023-08-09T16:23:01Z,23.25,64.27,99,17,43.08,101.92,21.00,540.00,null,null,null
2023-08-09T16:24:01Z,23.25,64.35,99,17,40.90,101.92,20.00,537.00,null,null,null
2023-08-09T16:25:01Z,23.23,64.45,99,17,44.57,101.92,20.00,537.00,0,0,0
2023-08-09T16:26:01Z,23.26,64.55,99,17,40.48,101.92,28.00,584.00,null,null,null
2023-08-09T16:27:01Z,23.23,64.59,99,16,42.92,101.93,20.00,537.00,null,null,null
2023-08-09T16:28:01Z,23.26,64.65,99,16,43.61,101.92,28.00,584.00,null,null,null
2023-08-09T16:29:01Z,23.23,64.54,99,16,40.08,101.93,20.00,537.00,null,null,null
2023-08-09T16:30:01Z,23.26,64.98,99,17,39.50,101.93,28.00,584.00,0,0,0
2023-08-09T16:31:01Z,23.27,65.00,99,16,41.65,101.92,20.00,536.00,null,null,null
2023-08-09T16:32:01Z,23.29,65.03,99,14,42.74,101.93,20.00,536.00,null,null,null
2023-08-09T16:33:01Z,23.27,65.43,99,7,51.20,101.92,20.00,536.00,null,null,null
2023-08-09T16:34:01Z,23.27,65.19,99,17,48.13,101.92,19.00,531.00,null,null,null
2023-08-09T16:35:01Z,23.29,66.35,99,14,52.00,101.92,21.00,543.00,0,0,0
2023-08-09T16:36:01Z,23.27,66.14,99,13,57.67,101.92,20.00,533.00,null,null,null
2023-08-09T16:37:01Z,23.30,66.72,99,14,44.38,101.92,22.00,545.00,null,null,null
2023-08-09T16:38:01Z,23.33,66.57,99,14,42.15,101.92,21.00,543.00,null,null,null
2023-08-09T16:39:01Z,23.29,66.82,99,14,57.41,101.92,22.00,548.00,null,null,null
2023-08-09T16:40:01Z,23.30,66.69,99,14,50.23,101.92,22.00,546.00,0,0,0
2023-08-09T16:41:01Z,23.33,67.76,99,15,50.73,101.93,24.00,564.00,null,null,null
2023-08-09T16:42:01Z,23.33,66.72,99,17,69.93,101.93,23.00,552.00,null,null,null
2023-08-09T16:43:01Z,23.34,67.15,99,17,49.33,101.93,26.00,577.00,null,null,null
2023-08-09T16:44:01Z,23.33,67.02,99,16,66.68,101.93,25.00,565.00,null,null,null
2023-08-09T16:45:01Z,23.33,67.16,99,15,70.41,101.93,26.00,572.00,0,0,0
2023-08-09T16:46:01Z,23.38,67.56,99,16,53.64,101.93,26.00,577.00,null,null,null
2023-08-09T16:47:01Z,23.37,67.08,99,17,47.86,101.93,25.00,567.00,null,null,null
2023-08-09T16:48:01Z,23.40,67.03,99,17,47.63,101.93,25.00,565.00,null,null,null
2023-08-09T16:49:01Z,23.40,66.90,99,16,46.61,101.93,25.00,565.00,null,null,null
2023-08-09T16:50:01Z,23.38,66.92,99,7,43.82,101.92,26.00,572.00,0,0,0
2023-08-09T16:51:01Z,23.38,66.76,99,7,48.26,101.93,28.00,584.00,null,null,null
2023-08-09T16:52:01Z,23.40,67.33,99,12,51.55,101.93,26.00,577.00,null,null,null
2023-08-09T16:53:01Z,23.44,67.06,99,11,56.15,101.92,27.00,578.00,null,null,null
2023-08-09T16:54:01Z,23.43,66.75,99,13,45.06,101.92,28.00,588.00,null,null,null
2023-08-09T16:55:01Z,23.42,66.98,99,13,50.91,101.92,29.00,594.00,0,0,0
2023-08-09T16:56:01Z,23.44,66.74,99,13,58.11,101.92,29.00,594.00,null,null,null
2023-08-09T16:57:01Z,23.47,66.69,99,13,48.66,101.92,32.00,614.00,null,null,null
2023-08-09T16:58:01Z,23.47,66.77,99,13,50.68,101.92,36.00,641.00,null,null,null
2023-08-09T16:59:01Z,23.46,66.63,99,13,50.16,101.92,96.00,1035.00,null,null,null
2023-08-09T17:00:01Z,23.46,66.43,99,13,47.64,101.92,121.00,1198.00,0,0,0
2023-08-09T17:01:01Z,23.47,66.55,99,13,50.39,101.92,124.00,1215.00,null,null,null
2023-08-09T17:02:01Z,23.49,66.42,99,15,40.37,101.92,130.00,1259.00,null,null,null
2023-08-09T17:03:01Z,23.49,66.47,99,15,50.96,101.92,133.00,1277.00,null,null,null
2023-08-09T17:04:01Z,23.47,66.46,99,15,46.41,101.92,135.00,1291.00,null,null,null
2023-08-09T17:05:01Z,23.49,66.33,99,16,56.10,101.92,133.00,1277.00,0,0,0
2023-08-09T17:06:01Z,23.49,66.27,99,13,50.23,101.92,133.00,1277.00,null,null,null
2023-08-09T17:07:01Z,23.51,66.21,99,13,50.47,101.92,130.00,1259.00,null,null,null
2023-08-09T17:08:01Z,23.53,66.23,99,15,44.58,101.92,135.00,1291.00,null,null,null
2023-08-09T17:09:01Z,23.51,66.20,99,15,52.24,101.92,135.00,1291.00,null,null,null
2023-08-09T17:10:01Z,23.50,66.04,99,15,29.53,101.91,135.00,1291.00,0,0,0
2023-08-09T17:11:01Z,23.51,66.14,99,15,41.09,101.91,133.00,1274.00,null,null,null
2023-08-09T17:12:01Z,23.53,66.09,99,16,33.13,101.91,133.00,1274.00,null,null,null
2023-08-09T17:13:01Z,23.53,65.95,99,13,35.48,101.92,130.00,1259.00,null,null,null
2023-08-09T17:14:01Z,23.53,66.11,99,13,48.80,101.92,128.00,1245.00,null,null,null
2023-08-09T17:15:01Z,23.51,66.00,99,13,45.38,101.92,126.00,1231.00,0,0,0
2023-08-09T17:16:01Z,23.53,66.00,99,15,31.36,101.92,126.00,1231.00,null,null,null
2023-08-09T17:17:01Z,23.57,65.98,99,15,44.75,101.92,123.00,1212.00,null,null,null
2023-08-09T17:18:01Z,23.56,65.91,99,15,40.23,101.92,123.00,1212.00,null,null,null
2023-08-09T17:19:01Z,23.56,66.12,99,13,37.69,101.92,121.00,1198.00,null,null,null
2023-08-09T17:20:01Z,23.53,66.09,99,13,48.47,101.92,119.00,1184.00,0,0,0
2023-08-09T17:21:01Z,23.56,66.11,99,13,38.14,101.92,119.00,1184.00,null,null,null
2023-08-09T17:22:01Z,23.56,65.95,99,13,50.67,101.93,119.00,1184.00,null,null,null
2023-08-09T17:23:01Z,23.60,65.83,99,13,53.28,101.92,117.00,1171.00,null,null,null
2023-08-09T17:24:01Z,23.57,65.95,99,14,50.91,101.92,117.00,1171.00,null,null,null
2023-08-09T17:25:01Z,23.58,65.96,99,14,52.04,101.92,119.00,1184.00,0,0,0
2023-08-09T17:26:01Z,23.57,65.95,99,12,45.90,101.92,119.00,1184.00,null,null,null
2023-08-09T17:27:01Z,23.60,65.92,99,14,46.20,101.92,115.00,1156.00,null,null,null
2023-08-09T17:28:01Z,23.57,65.78,99,13,40.32,101.92,112.00,1137.00,null,null,null
2023-08-09T17:29:01Z,23.60,65.56,99,12,52.24,101.92,107.00,1107.00,null,null,null
2023-08-09T17:30:01Z,23.60,65.53,99,13,47.51,101.92,105.00,1093.00,0,0,0
2023-08-09T17:31:01Z,23.60,65.57,99,14,49.01,101.93,105.00,1093.00,null,null,null
2023-08-09T17:32:01Z,23.63,65.54,99,13,54.01,101.93,105.00,1093.00,null,null,null
2023-08-09T17:33:01Z,23.63,65.46,99,13,52.63,101.93,103.00,1081.00,null,null,null
2023-08-09T17:34:01Z,23.60,65.43,99,13,54.24,101.92,99.00,1053.00,null,null,null
2023-08-09T17:35:01Z,23.61,65.55,99,13,52.71,101.93,97.00,1041.00,0,0,0
2023-08-09T17:36:01Z,23.60,65.53,99,12,50.99,101.92,93.00,1017.00,null,null,null
2023-08-09T17:37:01Z,23.63,65.57,99,13,38.51,101.92,93.00,1017.00,null,null,null
2023-08-09T17:38:01Z,23.61,65.61,99,13,51.81,101.92,93.00,1017.00,null,null,null
2023-08-09T17:39:01Z,23.61,65.45,99,12,54.74,101.92,91.00,1001.00,null,null,null
2023-08-09T17:40:01Z,23.63,65.70,99,16,37.92,101.93,91.00,1001.00,0,0,0
2023-08-09T17:41:01Z,23.65,65.62,99,8,60.61,101.93,93.00,1017.00,null,null,null
2023-08-09T17:42:01Z,23.65,65.73,99,8,30.77,101.93,99.00,1053.00,null,null,null
2023-08-09T17:43:01Z,23.65,65.56,99,8,30.68,101.93,101.00,1065.00,null,null,null
2023-08-09T17:44:01Z,23.65,65.49,99,9,35.98,101.93,101.00,1065.00,null,null,null
2023-08-09T17:45:01Z,23.65,65.65,99,7,29.82,101.93,103.00,1081.00,0,0,0
2023-08-09T17:46:01Z,23.68,66.05,99,6,49.68,101.93,103.00,1081.00,null,null,null
2023-08-09T17:47:01Z,23.68,65.77,99,8,34.03,101.93,102.00,1071.00,null,null,null
2023-08-09T17:48:01Z,23.67,65.77,99,5,36.65,101.93,102.00,1071.00,null,null,null
2023-08-09T17:49:01Z,23.67,65.80,99,5,31.74,101.93,102.00,1071.00,null,null,null
2023-08-09T17:50:01Z,23.68,65.78,99,5,29.61,101.93,99.00,1056.00,0,0,0
2023-08-09T17:51:01Z,23.67,65.65,99,5,30.20,101.93,98.00,1044.00,null,null,null
2023-08-09T17:52:01Z,23.68,65.62,99,5,32.13,101.93,97.00,1041.00,null,null,null
2023-08-09T17:53:01Z,23.70,65.48,99,5,31.36,101.93,93.00,1017.00,null,null,null
2023-08-09T17:54:01Z,23.70,65.60,99,5,38.03,101.94,93.00,1012.00,null,null,null
2023-08-09T17:55:01Z,23.70,65.53,99,5,29.01,101.93,91.00,1001.00,0,0,0
2023-08-09T17:56:01Z,23.70,65.59,99,5,34.77,101.93,89.00,990.00,null,null,null
2023-08-09T17:57:01Z,23.71,65.51,99,5,33.20,101.93,87.00,972.00,null,null,null
2023-08-09T17:58:01Z,23.74,65.49,99,6,32.60,101.93,85.00,961.00,null,null,null
2023-08-09T17:59:01Z,23.70,65.48,99,6,30.54,101.93,83.00,951.00,null,null,null
2023-08-09T18:00:01Z,23.68,65.46,99,6,32.78,101.93,82.00,940.00,0,0,0
2023-08-09T18:01:01Z,23.70,65.42,99,5,30.85,101.93,80.00,927.00,null,null,null
2023-08-09T18:02:01Z,23.74,65.36,99,5,29.93,101.94,78.00,918.00,null,null,null
2023-08-09T18:03:01Z,23.68,65.38,99,5,30.17,101.93,77.00,907.00,null,null,null
2023-08-09T18:04:01Z,23.71,65.33,99,5,33.11,101.93,75.00,897.00,null,null,null
2023-08-09T18:05:01Z,23.71,65.36,99,5,31.71,101.93,73.00,885.00,0,0,0
2023-08-09T18:06:01Z,23.71,65.31,99,5,31.63,101.94,72.00,874.00,null,null,null
2023-08-09T18:07:01Z,23.73,65.23,99,5,31.68,101.93,72.00,874.00,null,null,null
2023-08-09T18:08:01Z,23.73,65.21,99,5,32.91,101.93,71.00,872.00,null,null,null
2023-08-09T18:09:01Z,23.74,65.20,99,5,30.86,101.93,68.00,851.00,null,null,null
2023-08-09T18:10:01Z,23.73,65.20,99,5,35.20,101.93,67.00,840.00,0,0,0
2023-08-09T18:11:01Z,23.74,65.25,99,5,35.87,101.94,65.00,832.00,null,null,null
2023-08-09T18:12:01Z,23.74,65.17,99,5,30.42,101.94,63.00,815.00,null,null,null
2023-08-09T18:13:01Z,23.77,65.11,99,5,32.70,101.94,62.00,813.00,null,null,null
2023-08-09T18:14:01Z,23.75,65.12,99,5,32.00,101.94,51.00,740.00,null,null,null
2023-08-09T18:15:01Z,23.73,65.12,99,5,40.36,101.94,50.00,732.00,0,0,0
2023-08-09T18:16:01Z,23.74,65.12,99,5,29.64,101.94,60.00,795.00,null,null,null
2023-08-09T18:17:01Z,23.78,65.06,99,5,40.32,101.94,58.00,785.00,null,null,null
2023-08-09T18:18:01Z,23.75,65.06,99,6,40.60,101.94,47.00,712.00,null,null,null
2023-08-09T18:19:01Z,23.74,65.04,99,6,31.35,101.94,46.00,704.00,null,null,null
2023-08-09T18:20:01Z,23.75,65.03,99,5,37.14,101.94,56.00,768.00,0,0,0
2023-08-09T18:21:01Z,23.74,65.06,99,5,32.94,101.94,43.00,688.00,null,null,null
2023-08-09T18:22:01Z,23.77,64.99,99,5,31.99,101.94,53.00,749.00,null,null,null
2023-08-09T18:23:01Z,23.75,64.97,99,5,29.38,101.94,42.00,679.00,null,null,null
2023-08-09T18:24:01Z,23.78,65.01,99,5,34.91,101.94,41.00,672.00,null,null,null
2023-08-09T18:25:01Z,23.78,64.97,99,5,31.15,101.94,41.00,672.00,0,0,0
2023-08-09T18:26:01Z,23.77,64.97,99,5,37.60,101.94,40.00,665.00,null,null,null
2023-08-09T18:27:01Z,23.78,64.94,99,5,30.72,101.94,40.00,665.00,null,null,null
2023-08-09T18:28:01Z,23.78,64.95,99,5,34.10,101.94,39.00,656.00,null,null,null
2023-08-09T18:29:01Z,23.77,64.93,99,4,33.65,101.94,39.00,656.00,null,null,null
2023-08-09T18:30:01Z,23.75,64.93,99,4,29.09,101.94,37.00,649.00,0,0,0
2023-08-09T18:31:01Z,23.77,64.94,99,4,31.81,101.94,37.00,649.00,null,null,null
2023-08-09T18:32:01Z,23.78,64.91,99,4,36.53,101.95,36.00,641.00,null,null,null
2023-08-09T18:33:01Z,23.80,64.88,99,3,31.29,101.94,35.00,634.00,null,null,null
2023-08-09T18:34:01Z,23.78,64.87,99,3,31.87,101.94,34.00,629.00,null,null,null
2023-08-09T18:35:01Z,23.77,64.93,99,3,30.69,101.94,34.00,629.00,0,0,0
2023-08-09T18:36:01Z,23.77,64.85,99,5,30.97,101.95,33.00,620.00,null,null,null
2023-08-09T18:37:01Z,23.78,64.83,99,3,34.24,101.95,32.00,615.00,null,null,null
2023-08-09T18:38:01Z,23.78,64.83,99,3,30.74,101.95,32.00,615.00,null,null,null
2023-08-09T18:39:01Z,23.78,64.80,99,3,29.86,101.95,31.00,607.00,null,null,null
2023-08-09T18:40:01Z,23.80,64.80,99,3,33.20,101.95,31.00,607.00,0,0,0
2023-08-09T18:41:01Z,23.80,64.85,99,2,29.91,101.95,30.00,600.00,null,null,null
2023-08-09T18:42:01Z,23.81,64.81,99,2,37.57,101.95,30.00,600.00,null,null,null
2023-08-09T18:43:01Z,23.80,64.82,99,2,30.23,101.95,29.00,594.00,null,null,null
2023-08-09T18:44:01Z,23.78,64.78,99,2,30.08,101.95,29.00,594.00,null,null,null
2023-08-09T18:45:01Z,23.78,64.78,99,1,39.02,101.95,28.00,588.00,0,0,0
2023-08-09T18:46:01Z,23.78,64.78,99,1,33.37,101.95,28.00,588.00,null,null,null
2023-08-09T18:47:01Z,23.81,64.78,99,0,31.30,101.95,28.00,588.00,null,null,null
2023-08-09T18:48:01Z,23.80,64.74,99,0,32.18,101.95,27.00,580.00,null,null,null
2023-08-09T18:49:01Z,23.80,64.77,99,0,29.62,101.95,28.00,588.00,null,null,null
2023-08-09T18:50:01Z,23.80,64.73,99,0,30.31,101.95,26.00,577.00,0,0,0
2023-08-09T18:51:01Z,23.81,64.74,99,0,32.44,101.95,28.00,584.00,null,null,null
2023-08-09T18:52:01Z,23.82,64.70,99,0,32.69,101.95,28.00,584.00,null,null,null
2023-08-09T18:53:01Z,23.81,64.70,99,0,29.21,101.95,28.00,584.00,null,null,null
2023-08-09T18:54:01Z,23.81,64.67,99,0,33.64,101.95,26.00,574.00,null,null,null
2023-08-09T18:55:01Z,23.80,64.68,99,0,31.87,101.95,26.00,574.00,0,0,0
2023-08-09T18:56:01Z,23.81,64.67,99,0,29.69,101.95,25.00,567.00,null,null,null
2023-08-09T18:57:01Z,23.82,64.65,99,0,31.85,101.95,25.00,567.00,null,null,null
2023-08-09T18:58:01Z,23.81,64.65,99,0,35.00,101.96,25.00,567.00,null,null,null
2023-08-09T18:59:01Z,23.82,64.64,99,0,30.51,101.95,25.00,567.00,null,null,null
2023-08-09T19:00:01Z,23.81,64.66,99,0,31.02,101.95,25.00,565.00,0,0,0
2023-08-09T19:01:01Z,23.82,64.68,99,0,34.11,101.95,25.00,565.00,null,null,null
2023-08-09T19:02:01Z,23.84,64.63,99,0,31.97,101.95,25.00,565.00,null,null,null
2023-08-09T19:03:01Z,23.81,64.67,99,0,30.30,101.95,23.00,556.00,null,null,null
2023-08-09T19:04:01Z,23.81,64.66,99,0,30.74,101.95,23.00,556.00,null,null,null
2023-08-09T19:05:01Z,23.82,64.62,99,0,29.86,101.94,23.00,556.00,0,0,0
2023-08-09T19:06:01Z,23.81,64.64,99,0,35.02,101.95,23.00,552.00,null,null,null
2023-08-09T19:07:01Z,23.81,64.66,99,0,32.85,101.94,23.00,552.00,null,null,null
2023-08-09T19:08:01Z,23.82,64.65,99,0,31.46,101.95,23.00,552.00,null,null,null
2023-08-09T19:09:01Z,23.82,64.63,99,0,33.79,101.95,23.00,552.00,null,null,null
2023-08-09T19:10:01Z,23.81,64.60,99,0,30.70,101.95,25.00,565.00,0,0,0
2023-08-09T19:11:01Z,23.82,64.64,99,0,31.43,101.95,23.00,556.00,null,null,null
2023-08-09T19:12:01Z,23.84,64.60,99,0,34.17,101.94,23.00,552.00,null,null,null
2023-08-09T19:13:01Z,23.82,64.59,99,0,32.86,101.95,23.00,552.00,null,null,null
2023-08-09T19:14:01Z,23.82,64.61,99,0,32.20,101.95,23.00,552.00,null,null,null
2023-08-09T19:15:01Z,23.82,64.60,99,0,38.13,101.95,23.00,552.00,0,0,0
2023-08-09T19:16:01Z,23.82,64.62,99,0,31.70,101.95,23.00,552.00,null,null,null
2023-08-09T19:17:01Z,23.82,64.60,99,0,31.02,101.95,23.00,552.00,null,null,null
2023-08-09T19:18:01Z,23.85,64.53,99,0,33.51,101.95,23.00,552.00,null,null,null
2023-08-09T19:19:01Z,23.84,64.59,99,0,31.58,101.95,22.00,545.00,null,null,null
2023-08-09T19:20:01Z,23.81,64.57,99,0,30.82,101.95,21.00,539.00,0,0,0
2023-08-09T19:21:01Z,23.86,64.57,99,0,29.05,101.95,22.00,545.00,null,null,null
2023-08-09T19:22:01Z,23.85,64.55,99,0,30.50,101.95,22.00,545.00,null,null,null
2023-08-09T19:23:01Z,23.84,64.54,99,0,29.93,101.95,22.00,545.00,null,null,null
2023-08-09T19:24:01Z,23.84,64.58,99,0,34.36,101.95,21.00,539.00,null,null,null
2023-08-09T19:25:01Z,23.84,64.54,99,0,33.31,101.95,21.00,539.00,0,0,0
2023-08-09T19:26:01Z,23.84,64.57,99,0,35.74,101.95,21.00,539.00,null,null,null
2023-08-09T19:27:01Z,23.86,64.54,99,0,30.77,101.95,20.00,534.00,null,null,null
2023-08-09T19:28:01Z,23.85,64.55,99,0,32.55,101.95,21.00,539.00,null,null,null
2023-08-09T19:29:01Z,23.85,64.56,99,0,28.95,101.95,21.00,539.00,null,null,null
2023-08-09T19:30:01Z,23.84,64.56,99,0,33.32,101.96,21.00,539.00,0,0,0
2023-08-09T19:31:01Z,23.84,64.62,99,0,36.12,101.95,20.00,534.00,null,null,null
2023-08-09T19:32:01Z,23.84,64.56,99,0,34.01,101.96,21.00,539.00,null,null,null
2023-08-09T19:33:01Z,23.85,64.56,99,0,30.19,101.96,20.00,534.00,null,null,null
2023-08-09T19:34:01Z,23.88,64.57,99,0,33.46,101.96,20.00,534.00,null,null,null
2023-08-09T19:35:01Z,23.84,64.53,99,0,33.34,101.96,20.00,534.00,0,0,0
2023-08-09T19:36:01Z,23.85,64.54,99,0,33.47,101.96,20.00,534.00,null,null,null
2023-08-09T19:37:01Z,23.86,64.56,99,0,31.42,101.96,20.00,534.00,null,null,null
2023-08-09T19:38:01Z,23.86,64.54,99,0,33.95,101.96,20.00,534.00,null,null,null
2023-08-09T19:39:01Z,23.84,64.55,99,0,30.21,101.97,19.00,529.00,null,null,null
2023-08-09T19:40:01Z,23.85,64.57,99,0,34.19,101.96,19.00,529.00,0,0,0
2023-08-09T19:41:01Z,23.86,64.55,99,0,31.71,101.96,19.00,529.00,null,null,null
2023-08-09T19:42:01Z,23.86,64.46,99,0,31.84,101.96,19.00,529.00,null,null,null
2023-08-09T19:43:01Z,23.86,64.50,99,0,32.52,101.96,19.00,529.00,null,null,null
2023-08-09T19:44:01Z,23.84,64.51,99,0,31.37,101.97,19.00,526.00,null,null,null
2023-08-09T19:45:01Z,23.84,64.47,99,0,32.37,101.97,19.00,526.00,0,0,0
2023-08-09T19:46:01Z,23.84,64.55,99,0,32.47,101.97,19.00,526.00,null,null,null
2023-08-09T19:47:01Z,23.89,64.50,99,0,28.71,101.97,19.00,526.00,null,null,null
2023-08-09T19:48:01Z,23.86,64.52,99,0,30.15,101.97,19.00,526.00,null,null,null
2023-08-09T19:49:01Z,23.84,64.50,99,0,31.64,101.98,18.00,520.00,null,null,null
2023-08-09T19:50:01Z,23.85,64.50,99,0,28.83,101.98,18.00,520.00,0,0,0
2023-08-09T19:51:01Z,23.84,64.48,99,0,29.97,101.98,18.00,520.00,null,null,null
2023-08-09T19:52:01Z,23.85,64.46,99,0,29.84,101.98,18.00,520.00,null,null,null
2023-08-09T19:53:01Z,23.86,64.48,99,0,29.11,101.98,18.00,520.00,null,null,null
2023-08-09T19:54:01Z,23.85,64.48,99,0,31.85,101.98,17.00,517.00,null,null,null
2023-08-09T19:55:01Z,23.85,64.51,99,0,30.97,101.99,17.00,517.00,0,0,0
2023-08-09T19:56:01Z,23.86,64.55,99,0,34.60,101.99,17.00,517.00,null,null,null
2023-08-09T19:57:01Z,23.86,64.49,99,0,30.16,101.99,17.00,517.00,null,null,null
2023-08-09T19:58:01Z,23.88,64.53,99,0,33.86,101.99,16.00,506.00,null,null,null
2023-08-09T19:59:01Z,23.84,64.53,99,0,31.76,101.99,17.00,517.00,null,null,null
2023-08-09T20:00:01Z,23.84,64.55,99,0,31.14,101.99,16.00,506.00,0,0,0
2023-08-09T20:01:01Z,23.86,64.50,99,0,30.24,101.99,16.00,506.00,null,null,null
2023-08-09T20:02:01Z,23.86,64.53,99,0,31.31,101.99,16.00,506.00,null,null,null
2023-08-09T20:03:01Z,23.85,64.52,99,0,29.42,101.99,16.00,506.00,null,null,null
2023-08-09T20:04:01Z,23.86,64.48,99,0,28.45,102.00,15.00,502.00,null,null,null
2023-08-09T20:05:01Z,23.86,64.50,99,0,31.19,101.99,15.00,502.00,0,0,0
2023-08-09T20:06:01Z,23.88,64.54,99,0,33.25,101.99,15.00,502.00,null,null,null
2023-08-09T20:07:01Z,23.86,64.49,99,0,35.26,102.00,15.00,502.00,null,null,null
2023-08-09T20:08:01Z,23.88,64.53,99,0,34.78,102.00,14.00,496.00,null,null,null
2023-08-09T20:09:01Z,23.88,64.51,99,0,29.55,102.00,14.00,496.00,null,null,null
2023-08-09T20:10:01Z,23.86,64.56,99,0,30.61,101.99,14.00,496.00,0,0,0
2023-08-09T20:11:01Z,23.89,64.51,99,0,29.89,102.00,14.00,492.00,null,null,null
2023-08-09T20:12:01Z,23.86,64.49,99,0,31.48,102.00,14.00,496.00,null,null,null
2023-08-09T20:13:01Z,23.88,64.44,99,0,30.58,102.00,14.00,492.00,null,null,null
2023-08-09T20:14:01Z,23.88,64.47,99,0,31.46,102.00,14.00,492.00,null,null,null
2023-08-09T20:15:01Z,23.86,64.51,99,0,30.94,101.99,14.00,492.00,0,0,0
2023-08-09T20:16:01Z,23.85,64.49,99,0,30.63,102.00,14.00,492.00,null,null,null
2023-08-09T20:17:01Z,23.89,64.45,99,0,29.68,102.00,14.00,492.00,null,null,null
2023-08-09T20:18:01Z,23.89,64.48,99,0,30.29,102.00,14.00,492.00,null,null,null
2023-08-09T20:19:01Z,23.88,64.48,99,0,32.01,102.00,14.00,492.00,null,null,null
2023-08-09T20:20:01Z,23.86,64.48,99,0,29.64,102.00,13.00,486.00,0,0,0
2023-08-09T20:21:01Z,23.88,64.54,99,0,28.92,102.01,13.00,486.00,null,null,null
2023-08-09T20:22:01Z,23.86,64.47,99,0,35.55,102.01,13.00,486.00,null,null,null
2023-08-09T20:23:01Z,23.88,64.47,99,0,30.26,102.01,13.00,486.00,null,null,null
2023-08-09T20:24:01Z,23.86,64.48,99,0,31.59,102.01,12.00,483.00,null,null,null
2023-08-09T20:25:01Z,23.86,64.45,99,0,35.42,102.01,12.00,483.00,0,0,0
2023-08-09T20:26:01Z,23.88,64.45,99,0,33.44,102.02,12.00,483.00,null,null,null
2023-08-09T20:27:01Z,23.88,64.45,99,0,30.04,102.02,12.00,483.00,null,null,null
2023-08-09T20:28:01Z,23.88,64.46,99,0,30.16,102.02,11.00,476.00,null,null,null
2023-08-09T20:29:01Z,23.89,64.48,99,0,32.89,102.02,11.00,476.00,null,null,null
2023-08-09T20:30:01Z,23.86,64.49,99,0,34.68,102.02,11.00,476.00,0,0,0
2023-08-09T20:31:01Z,23.86,64.51,99,0,33.56,102.02,11.00,476.00,null,null,null
2023-08-09T20:32:01Z,23.89,64.45,99,0,33.46,102.02,11.00,476.00,null,null,null
2023-08-09T20:33:01Z,23.88,64.45,99,0,33.75,102.02,11.00,476.00,null,null,null
2023-08-09T20:34:01Z,23.88,64.43,99,0,30.73,102.02,11.00,476.00,null,null,null
2023-08-09T20:35:01Z,23.88,64.48,99,0,30.60,102.03,11.00,476.00,0,0,0
2023-08-09T20:36:01Z,23.86,64.49,99,0,29.79,102.02,11.00,476.00,null,null,null
2023-08-09T20:37:01Z,23.88,64.45,99,0,31.84,102.03,11.00,473.00,null,null,null
2023-08-09T20:38:01Z,23.89,64.42,99,0,32.52,102.03,11.00,473.00,null,null,null
2023-08-09T20:39:01Z,23.88,64.44,99,0,28.71,102.02,11.00,473.00,null,null,null
2023-08-09T20:40:01Z,23.88,64.46,99,0,31.84,102.03,11.00,473.00,0,0,0
2023-08-09T20:41:01Z,23.88,64.49,99,0,32.57,102.03,11.00,473.00,null,null,null
2023-08-09T20:42:01Z,23.91,64.38,99,0,36.05,102.03,11.00,473.00,null,null,null
2023-08-09T20:43:01Z,23.91,64.41,99,0,29.28,102.03,11.00,473.00,null,null,null
2023-08-09T20:44:01Z,23.92,64.37,99,0,29.96,102.03,11.00,473.00,null,null,null
2023-08-09T20:45:01Z,23.86,64.42,99,0,30.94,102.03,11.00,473.00,0,0,0
2023-08-09T20:46:01Z,23.91,64.40,99,0,30.09,102.03,11.00,473.00,null,null,null
2023-08-09T20:47:01Z,23.91,64.38,99,0,28.60,102.03,11.00,473.00,null,null,null
2023-08-09T20:48:01Z,23.91,64.30,99,0,29.57,102.03,11.00,473.00,null,null,null
2023-08-09T20:49:01Z,23.89,64.38,99,0,34.49,102.03,11.00,473.00,null,null,null
2023-08-09T20:50:01Z,23.89,64.38,99,0,31.79,102.03,9.00,465.00,0,0,0
2023-08-09T20:51:01Z,23.88,64.37,99,0,30.32,102.03,9.00,465.00,null,null,null
2023-08-09T20:52:01Z,23.88,64.35,99,0,28.50,102.03,9.00,465.00,null,null,null
2023-08-09T20:53:01Z,23.89,64.35,99,0,32.90,102.04,9.00,465.00,null,null,null
2023-08-09T20:54:01Z,23.88,64.34,99,0,29.83,102.03,9.00,465.00,null,null,null
2023-08-09T20:55:01Z,23.88,64.34,99,0,32.96,102.04,9.00,462.00,0,0,0
2023-08-09T20:56:01Z,23.89,64.37,99,0,30.42,102.04,9.00,462.00,null,null,null
2023-08-09T20:57:01Z,23.91,64.30,99,0,30.68,102.04,9.00,465.00,null,null,null
2023-08-09T20:58:01Z,23.91,64.34,99,0,30.66,102.04,9.00,462.00,null,null,null
2023-08-09T20:59:01Z,23.91,64.29,99,0,32.21,102.04,8.00,457.00,null,null,null
2023-08-09T21:00:01Z,23.89,64.33,99,0,32.60,102.04,9.00,465.00,0,0,0
2023-08-09T21:01:01Z,23.86,64.35,99,0,29.40,102.04,8.00,457.00,null,null,null
2023-08-09T21:02:01Z,23.86,64.31,99,0,32.44,102.04,9.00,462.00,null,null,null
2023-08-09T21:03:01Z,23.89,64.25,99,0,35.97,102.04,9.00,462.00,null,null,null
2023-08-09T21:04:01Z,23.89,64.30,99,0,30.33,102.04,9.00,462.00,null,null,null
2023-08-09T21:05:01Z,23.91,64.31,99,0,32.20,102.04,8.00,457.00,0,0,0
2023-08-09T21:06:01Z,23.89,64.29,99,0,28.91,102.05,7.00,452.00,null,null,null
2023-08-09T21:07:01Z,23.89,64.23,99,0,31.19,102.04,8.00,457.00,null,null,null
2023-08-09T21:08:01Z,23.89,64.24,99,0,29.40,102.04,9.00,460.00,null,null,null
2023-08-09T21:09:01Z,23.91,64.27,99,0,35.82,102.04,9.00,460.00,null,null,null
2023-08-09T21:10:01Z,23.89,64.29,99,0,30.34,102.04,8.00,457.00,0,0,0
2023-08-09T21:11:01Z,23.92,64.32,99,0,30.23,102.05,7.00,452.00,null,null,null
2023-08-09T21:12:01Z,23.91,64.22,99,0,34.60,102.05,8.00,457.00,null,null,null
2023-08-09T21:13:01Z,23.88,64.23,99,0,29.04,102.05,9.00,460.00,null,null,null
2023-08-09T21:14:01Z,23.88,64.20,99,0,29.07,102.04,9.00,460.00,null,null,null
2023-08-09T21:15:01Z,23.89,64.24,99,0,30.39,102.05,8.00,455.00,0,0,0
2023-08-09T21:16:01Z,23.91,64.25,99,0,28.85,102.05,7.00,450.00,null,null,null
2023-08-09T21:17:01Z,23.89,64.21,99,0,29.30,102.05,7.00,452.00,null,null,null
2023-08-09T21:18:01Z,23.91,64.21,99,0,30.14,102.05,8.00,455.00,null,null,null
2023-08-09T21:19:01Z,23.89,64.25,99,0,29.63,102.05,8.00,455.00,null,null,null
2023-08-09T21:20:01Z,23.88,64.24,99,0,30.45,102.05,7.00,452.00,0,0,0
2023-08-09T21:21:01Z,23.88,64.27,99,0,30.86,102.05,7.00,450.00,null,null,null
2023-08-09T21:22:01Z,23.91,64.24,99,0,29.37,102.05,7.00,452.00,null,null,null
2023-08-09T21:23:01Z,23.91,64.23,99,0,28.48,102.05,8.00,455.00,null,null,null
2023-08-09T21:24:01Z,23.89,64.22,99,0,29.09,102.05,8.00,455.00,null,null,null
2023-08-09T21:25:01Z,23.89,64.17,99,0,28.51,102.05,7.00,450.00,0,0,0
2023-08-09T21:26:01Z,23.89,64.22,99,0,30.42,102.05,7.00,446.00,null,null,null
2023-08-09T21:27:01Z,23.92,64.15,99,0,29.46,102.05,7.00,450.00,null,null,null
2023-08-09T21:28:01Z,23.91,64.22,99,0,30.44,102.05,7.00,450.00,null,null,null
2023-08-09T21:29:01Z,23.88,64.19,99,0,28.58,102.05,7.00,450.00,null,null,null
2023-08-09T21:30:01Z,23.89,64.19,99,0,28.98,102.05,7.00,450.00,0,0,0
2023-08-09T21:31:01Z,23.89,64.21,99,0,30.14,102.05,6.00,442.00,null,null,null
2023-08-09T21:32:01Z,23.91,64.22,99,0,31.21,102.05,7.00,450.00,null,null,null
2023-08-09T21:33:01Z,23.91,64.16,99,0,29.03,102.06,7.00,446.00,null,null,null
2023-08-09T21:34:01Z,23.88,64.16,99,0,29.65,102.05,7.00,446.00,null,null,null
2023-08-09T21:35:01Z,23.88,64.18,99,0,30.38,102.06,7.00,446.00,0,0,0
2023-08-09T21:36:01Z,23.89,64.22,99,0,29.40,102.06,6.00,442.00,null,null,null
2023-08-09T21:37:01Z,23.89,64.11,99,0,33.20,102.06,6.00,442.00,null,null,null
2023-08-09T21:38:01Z,23.89,64.12,99,0,29.97,102.06,6.00,442.00,null,null,null
2023-08-09T21:39:01Z,23.92,64.20,99,0,31.11,102.06,6.00,442.00,null,null,null
2023-08-09T21:40:01Z,23.88,64.16,99,0,29.71,102.06,6.00,442.00,0,0,0
2023-08-09T21:41:01Z,23.88,64.17,99,0,29.42,102.06,5.00,436.00,null,null,null
2023-08-09T21:42:01Z,23.92,64.15,99,0,28.45,102.06,7.00,446.00,null,null,null
2023-08-09T21:43:01Z,23.89,64.13,99,0,33.83,102.07,6.00,442.00,null,null,null
2023-08-09T21:44:01Z,23.91,64.15,99,0,29.71,102.07,6.00,442.00,null,null,null
2023-08-09T21:45:01Z,23.89,64.16,99,0,28.83,102.07,6.00,442.00,0,0,0
2023-08-09T21:46:01Z,23.91,64.17,99,0,29.23,102.07,5.00,436.00,null,null,null
2023-08-09T21:47:01Z,23.88,64.11,99,0,31.05,102.07,7.00,446.00,null,null,null
2023-08-09T21:48:01Z,23.89,64.15,99,0,29.88,102.07,6.00,442.00,null,null,null
2023-08-09T21:49:01Z,23.91,64.11,99,0,30.37,102.07,6.00,442.00,null,null,null
2023-08-09T21:50:01Z,23.91,64.12,99,0,30.46,102.06,6.00,442.00,0,0,0
2023-08-09T21:51:01Z,23.91,64.15,99,0,29.61,102.07,5.00,434.00,null,null,null
2023-08-09T21:52:01Z,23.89,64.11,99,0,30.31,102.07,6.00,442.00,null,null,null
2023-08-09T21:53:01Z,23.88,64.08,99,0,29.91,102.07,6.00,442.00,null,null,null
2023-08-09T21:54:01Z,23.89,64.09,99,0,29.81,102.07,5.00,436.00,null,null,null
2023-08-09T21:55:01Z,23.88,64.08,99,0,29.43,102.07,5.00,436.00,0,0,0
2023-08-09T21:56:01Z,23.88,64.15,99,0,33.27,102.07,5.00,434.00,null,null,null
2023-08-09T21:57:01Z,23.92,64.08,99,0,30.01,102.07,5.00,436.00,null,null,null
2023-08-09T21:58:01Z,23.91,64.08,99,0,29.48,102.07,5.00,436.00,null,null,null
2023-08-09T21:59:01Z,23.88,64.07,99,0,30.19,102.07,5.00,436.00,null,null,null
2023-08-09T22:00:01Z,23.89,64.09,99,0,30.79,102.07,5.00,436.00,0,0,0
2023-08-09T22:01:01Z,23.89,64.18,99,0,31.64,102.07,4.00,427.00,null,null,null
2023-08-09T22:02:01Z,23.91,64.09,99,0,30.43,102.07,5.00,436.00,null,null,null
2023-08-09T22:03:01Z,23.91,64.05,99,0,33.90,102.07,5.00,436.00,null,null,null
2023-08-09T22:04:01Z,23.89,64.22,99,0,30.62,102.07,5.00,436.00,null,null,null
2023-08-09T22:05:01Z,23.89,64.60,99,0,28.88,102.07,5.00,436.00,0,0,0
2023-08-09T22:06:01Z,23.91,64.46,99,0,32.58,102.07,6.00,444.00,null,null,null
2023-08-09T22:07:01Z,23.91,64.68,99,0,31.62,102.08,14.00,492.00,null,null,null
2023-08-09T22:08:01Z,23.89,64.42,99,0,35.65,102.09,25.00,567.00,null,null,null
2023-08-09T22:09:01Z,23.91,64.35,99,0,29.81,102.09,28.00,588.00,null,null,null
2023-08-09T22:10:01Z,23.92,64.26,99,0,32.55,102.09,32.00,615.00,0,0,0
2023-08-09T22:11:01Z,23.91,64.24,99,0,31.11,102.09,34.00,627.00,null,null,null
2023-08-09T22:12:01Z,23.91,64.19,99,0,29.49,102.09,38.00,652.00,null,null,null
2023-08-09T22:13:01Z,23.89,64.16,99,0,29.26,102.09,39.00,659.00,null,null,null
2023-08-09T22:14:01Z,23.92,64.14,99,0,29.57,102.09,40.00,668.00,null,null,null
2023-08-09T22:15:01Z,23.92,64.16,99,0,29.63,102.09,40.00,668.00,0,0,0
2023-08-09T22:16:01Z,23.91,64.17,99,0,30.31,102.09,40.00,668.00,null,null,null
2023-08-09T22:17:01Z,23.92,64.13,99,0,34.10,102.09,41.00,675.00,null,null,null
2023-08-09T22:18:01Z,23.91,64.15,99,0,35.68,102.09,41.00,675.00,null,null,null
2023-08-09T22:19:01Z,23.91,64.11,99,0,39.19,102.09,44.00,692.00,null,null,null
2023-08-09T22:20:01Z,23.92,64.06,99,0,35.17,102.09,41.00,675.00,0,0,0
2023-08-09T22:21:01Z,23.92,64.11,99,0,35.26,102.08,41.00,675.00,null,null,null
2023-08-09T22:22:01Z,23.91,64.06,99,0,36.12,102.09,41.00,675.00,null,null,null
2023-08-09T22:23:01Z,23.89,64.06,99,0,36.15,102.09,40.00,668.00,null,null,null
2023-08-09T22:24:01Z,23.91,64.09,99,0,35.40,102.09,40.00,668.00,null,null,null
2023-08-09T22:25:01Z,23.91,64.07,99,0,35.32,102.09,40.00,668.00,0,0,0
2023-08-09T22:26:01Z,23.94,64.11,99,0,30.51,102.09,41.00,675.00,null,null,null
2023-08-09T22:27:01Z,23.89,64.07,99,0,30.50,102.09,41.00,675.00,null,null,null
2023-08-09T22:28:01Z,23.94,64.07,99,0,35.42,102.09,41.00,675.00,null,null,null
2023-08-09T22:29:01Z,23.91,64.05,99,0,30.41,102.08,43.00,683.00,null,null,null
2023-08-09T22:30:01Z,23.91,64.10,99,0,30.17,102.08,43.00,683.00,0,0,0
2023-08-09T22:31:01Z,23.88,64.12,99,0,30.27,102.09,44.00,692.00,null,null,null
2023-08-09T22:32:01Z,23.91,64.03,99,0,29.79,102.09,43.00,683.00,null,null,null
2023-08-09T22:33:01Z,23.92,64.04,99,0,30.43,102.09,43.00,683.00,null,null,null
2023-08-09T22:34:01Z,23.91,64.09,99,0,30.48,102.09,43.00,683.00,null,null,null
2023-08-09T22:35:01Z,23.91,64.05,99,0,30.54,102.09,43.00,683.00,0,0,0
2023-08-09T22:36:01Z,23.91,64.11,99,0,30.18,102.09,43.00,683.00,null,null,null
2023-08-09T22:37:01Z,23.94,64.09,99,0,30.37,102.09,43.00,683.00,null,null,null
2023-08-09T22:38:01Z,23.91,64.07,99,0,30.31,102.09,43.00,683.00,null,null,null
2023-08-09T22:39:01Z,23.88,64.09,99,0,31.94,102.09,43.00,683.00,null,null,null
2023-08-09T22:40:01Z,23.91,64.11,99,0,29.56,102.09,43.00,683.00,0,0,0
2023-08-09T22:41:01Z,23.92,64.11,99,0,30.58,102.09,43.00,683.00,null,null,null
2023-08-09T22:42:01Z,23.91,64.11,99,0,30.49,102.09,43.00,683.00,null,null,null
2023-08-09T22:43:01Z,23.91,64.11,99,0,31.79,102.09,43.00,683.00,null,null,null
2023-08-09T22:44:01Z,23.89,64.08,99,0,29.71,102.09,43.00,683.00,null,null,null
2023-08-09T22:45:01Z,23.91,64.08,99,0,41.21,102.09,43.00,683.00,0,0,0
2023-08-09T22:46:01Z,23.88,64.11,99,0,30.36,102.10,41.00,675.00,null,null,null
2023-08-09T22:47:01Z,23.92,64.04,99,0,29.25,102.10,41.00,675.00,null,null,null
2023-08-09T22:48:01Z,23.92,64.13,99,0,28.54,102.10,41.00,675.00,null,null,null
2023-08-09T22:49:01Z,23.91,64.09,99,0,29.31,102.09,41.00,675.00,null,null,null
2023-08-09T22:50:01Z,23.89,64.04,99,0,28.54,102.10,41.00,675.00,0,0,0
2023-08-09T22:51:01Z,23.91,64.08,99,0,31.03,102.09,40.00,668.00,null,null,null
2023-08-09T22:52:01Z,23.92,63.99,99,0,30.53,102.09,39.00,659.00,null,null,null
2023-08-09T22:53:01Z,23.88,64.00,99,0,31.55,102.09,39.00,659.00,null,null,null
2023-08-09T22:54:01Z,23.91,64.10,99,0,28.98,102.09,39.00,659.00,null,null,null
2023-08-09T22:55:01Z,23.91,64.13,99,0,27.97,102.09,39.00,659.00,0,0,0
2023-08-09T22:56:01Z,23.92,64.10,99,0,29.79,102.09,39.00,659.00,null,null,null
2023-08-09T22:57:01Z,23.91,64.14,99,0,30.94,102.09,39.00,659.00,null,null,null
2023-08-09T22:58:01Z,23.91,64.11,99,0,28.87,102.09,39.00,659.00,null,null,null
2023-08-09T22:59:01Z,23.89,64.16,99,0,30.96,102.09,39.00,659.00,null,null,null
2023-08-09T23:00:01Z,23.92,64.17,99,0,36.74,102.10,39.00,659.00,0,0,0
2023-08-09T23:01:01Z,23.92,64.20,99,0,29.04,102.09,39.00,659.00,null,null,null
2023-08-09T23:02:01Z,23.92,64.13,99,0,28.51,102.10,39.00,659.00,null,null,null
2023-08-09T23:03:01Z,23.91,64.16,99,0,29.36,102.09,39.00,659.00,null,null,null
2023-08-09T23:04:01Z,23.91,64.14,99,0,29.54,102.09,39.00,659.00,null,null,null
2023-08-09T23:05:01Z,23.91,64.23,99,0,35.65,102.09,38.00,652.00,0,0,0
2023-08-09T23:06:01Z,23.89,64.27,99,0,29.05,102.10,38.00,652.00,null,null,null
2023-08-09T23:07:01Z,23.91,64.16,99,0,33.30,102.10,37.00,649.00,null,null,null
2023-08-09T23:08:01Z,23.91,64.19,99,0,29.00,102.10,37.00,645.00,null,null,null
2023-08-09T23:09:01Z,23.89,64.13,99,0,27.78,102.10,37.00,645.00,null,null,null
2023-08-09T23:10:01Z,23.91,64.14,99,0,29.26,102.10,37.00,645.00,0,0,0
2023-08-09T23:11:01Z,23.91,64.15,99,0,29.01,102.10,37.00,645.00,null,null,null
2023-08-09T23:12:01Z,23.89,64.14,99,0,33.32,102.10,37.00,645.00,null,null,null
2023-08-09T23:13:01Z,23.89,64.10,99,0,32.47,102.10,37.00,645.00,null,null,null
2023-08-09T23:14:01Z,23.91,64.21,99,0,34.09,102.10,37.00,645.00,null,null,null
2023-08-09T23:15:01Z,23.91,64.12,99,0,32.33,102.10,36.00,640.00,0,0,0
2023-08-09T23:16:01Z,23.92,64.11,99,0,29.44,102.09,37.00,645.00,null,null,null
2023-08-09T23:17:01Z,23.92,64.11,99,0,34.48,102.10,37.00,645.00,null,null,null
2023-08-09T23:18:01Z,23.91,64.17,99,0,29.04,102.10,37.00,645.00,null,null,null
2023-08-09T23:19:01Z,23.91,64.16,99,0,29.16,102.10,36.00,640.00,null,null,null
2023-08-09T23:20:01Z,23.91,64.07,99,0,28.55,102.09,36.00,640.00,0,0,0
2023-08-09T23:21:01Z,23.92,64.24,99,0,29.98,102.10,36.00,640.00,null,null,null
2023-08-09T23:22:01Z,23.91,64.23,99,0,28.88,102.10,37.00,645.00,null,null,null
2023-08-09T23:23:01Z,23.89,64.27,99,0,29.37,102.10,36.00,640.00,null,null,null
2023-08-09T23:24:01Z,23.89,64.22,99,0,29.07,102.10,36.00,637.00,null,null,null
2023-08-09T23:25:01Z,23.89,64.28,99,0,29.07,102.10,36.00,640.00,0,0,0
2023-08-09T23:26:01Z,23.89,64.25,99,0,28.92,102.10,36.00,637.00,null,null,null
2023-08-09T23:27:01Z,23.89,64.16,99,0,30.02,102.10,36.00,637.00,null,null,null
2023-08-09T23:28:01Z,23.91,64.37,99,0,28.87,102.10,36.00,640.00,null,null,null
2023-08-09T23:29:01Z,23.91,64.27,99,0,30.12,102.10,36.00,637.00,null,null,null
2023-08-09T23:30:01Z,23.88,64.34,99,0,30.62,102.10,34.00,627.00,0,0,0
2023-08-09T23:31:01Z,23.91,64.31,99,0,28.58,102.10,34.00,627.00,null,null,null
2023-08-09T23:32:01Z,23.91,64.28,99,0,30.23,102.10,36.00,637.00,null,null,null
2023-08-09T23:33:01Z,23.89,64.28,99,0,29.13,102.10,34.00,627.00,null,null,null
2023-08-09T23:34:01Z,23.88,64.31,99,0,35.28,102.10,34.00,627.00,null,null,null
2023-08-09T23:35:01Z,23.91,64.27,99,0,29.12,102.10,34.00,627.00,0,0,0
2023-08-09T23:36:01Z,23.86,64.32,99,0,30.70,102.10,34.00,627.00,null,null,null
2023-08-09T23:37:01Z,23.91,64.27,99,0,29.46,102.10,34.00,627.00,null,null,null
2023-08-09T23:38:01Z,23.89,64.32,99,0,29.61,102.10,34.00,627.00,null,null,null
2023-08-09T23:39:01Z,23.88,64.33,99,0,28.66,102.10,33.00,623.00,null,null,null
2023-08-09T23:40:01Z,23.89,64.35,99,0,29.50,102.10,33.00,623.00,0,0,0
2023-08-09T23:41:01Z,23.91,64.38,99,0,29.44,102.10,33.00,623.00,null,null,null
2023-08-09T23:42:01Z,23.89,64.38,99,0,29.84,102.10,33.00,623.00,null,null,null
2023-08-09T23:43:01Z,23.89,64.33,99,0,32.12,102.10,33.00,623.00,null,null,null
2023-08-09T23:44:01Z,23.91,64.41,99,0,29.41,102.10,32.00,615.00,null,null,null
2023-08-09T23:45:01Z,23.89,64.32,99,0,29.76,102.10,32.00,615.00,0,0,0
2023-08-09T23:46:01Z,23.89,64.32,99,0,27.59,102.10,32.00,615.00,null,null,null
2023-08-09T23:47:01Z,23.89,64.38,99,0,29.11,102.10,32.00,615.00,null,null,null
2023-08-09T23:48:01Z,23.89,64.33,99,0,29.53,102.10,32.00,615.00,null,null,null
2023-08-09T23:49:01Z,23.89,64.35,99,0,29.13,102.10,31.00,607.00,null,null,null
2023-08-09T23:50:01Z,23.89,64.32,99,0,28.44,102.10,32.00,615.00,0,0,0
2023-08-09T23:51:01Z,23.89,64.23,99,0,28.87,102.10,32.00,615.00,null,null,null
2023-08-09T23:52:01Z,23.89,64.23,99,0,29.72,102.10,33.00,618.00,null,null,null
2023-08-09T23:53:01Z,23.88,64.34,99,0,29.73,102.09,34.00,626.00,null,null,null
2023-08-09T23:54:01Z,23.88,64.24,99,0,29.33,102.09,33.00,623.00,null,null,null
2023-08-09T23:55:01Z,23.88,64.28,99,0,28.71,102.10,34.00,626.00,0,0,0
2023-08-09T23:56:01Z,23.91,64.20,99,0,31.18,102.10,33.00,623.00,null,null,null
2023-08-09T23:57:01Z,23.91,64.33,99,0,32.01,102.10,35.00,631.00,null,null,null
2023-08-09T23:58:01Z,23.89,64.21,99,0,29.83,102.10,34.00,627.00,null,null,null
2023-08-09T23:59:01Z,23.89,64.23,99,0,28.85,102.10,36.00,640.00,null,null,null
