TIME,TEMP,HUM,BATT,LIGHT,NOISE_A,PRESS,CCS811_VOCS,CCS811_ECO2,PM_1,PM_25,PM_10
ISO 8601,C,%,%,Lux,dBA,kPa,ppb,ppm,ug/m3,ug/m3,ug/m3
Time,Temperature,Humidity,Battery,Light,Noise dBA,Barometric pressure,VOC Gas CCS811,eCO2 Gas CCS811,PM 1.0,PM 2.5,PM 10.0
,55,56,10,14,53,58,113,112,89,87,88
2023-09-12T00:00:08Z,23.53,70.76,100,0,28.34,101.35,52.00,746.00,0,0,0
2023-09-12T00:01:08Z,23.54,70.80,100,0,29.86,101.35,51.00,737.00,null,null,null
2023-09-12T00:02:08Z,23.55,70.81,100,0,30.30,101.35,52.00,746.00,null,null,null
2023-09-12T00:03:08Z,23.54,70.76,100,0,29.54,101.35,52.00,746.00,null,null,null
2023-09-12T00:04:08Z,23.55,70.79,100,0,29.47,101.35,52.00,746.00,null,null,null
2023-09-12T00:05:08Z,23.51,70.78,100,0,31.45,101.35,52.00,746.00,0,0,0
2023-09-12T00:06:08Z,23.54,70.79,100,0,29.26,101.35,51.00,737.00,null,null,null
2023-09-12T00:07:08Z,23.55,70.76,100,0,28.22,101.34,52.00,746.00,null,null,null
2023-09-12T00:08:08Z,23.54,70.78,100,0,28.47,101.35,52.00,746.00,null,null,null
2023-09-12T00:09:08Z,23.55,70.76,100,0,29.11,101.34,52.00,746.00,null,null,null
2023-09-12T00:10:08Z,23.55,70.78,100,0,32.35,101.34,52.00,746.00,0,0,0
2023-09-12T00:11:08Z,23.55,70.74,100,0,30.32,101.34,51.00,737.00,null,null,null
2023-09-12T00:12:08Z,23.55,70.72,100,0,30.19,101.34,53.00,752.00,null,null,null
2023-09-12T00:13:08Z,23.53,70.72,100,0,37.82,101.34,53.00,752.00,null,null,null
2023-09-12T00:14:08Z,23.54,70.75,100,0,30.18,101.34,53.00,752.00,null,null,null
2023-09-12T00:15:08Z,23.57,70.72,100,0,29.71,101.35,52.00,746.00,0,0,0
2023-09-12T00:16:08Z,23.53,70.75,100,0,27.68,101.34,52.00,744.00,null,null,null
2023-09-12T00:17:08Z,23.57,70.73,100,0,28.34,101.34,52.00,746.00,null,null,null
2023-09-12T00:18:08Z,23.54,70.73,100,0,29.33,101.34,52.00,744.00,null,null,null
2023-09-12T00:19:08Z,23.53,70.78,100,0,29.77,101.34,52.00,744.00,null,null,null
2023-09-12T00:20:08Z,23.53,70.74,100,0,30.14,101.34,51.00,737.00,0,0,0
2023-09-12T00:21:08Z,23.53,70.75,100,0,28.64,101.34,52.00,744.00,null,null,null
2023-09-12T00:22:08Z,23.53,70.73,100,0,29.73,101.34,52.00,746.00,null,null,null
2023-09-12T00:23:08Z,23.51,70.80,100,0,28.48,101.33,53.00,752.00,null,null,null
2023-09-12T00:24:08Z,23.53,70.77,100,0,29.33,101.33,51.00,737.00,null,null,null
2023-09-12T00:25:08Z,23.51,70.81,100,0,28.40,101.34,52.00,746.00,0,0,0
2023-09-12T00:26:08Z,23.54,70.79,100,0,30.15,101.33,52.00,746.00,null,null,null
2023-09-12T00:27:08Z,23.51,70.77,100,0,28.91,101.33,52.00,746.00,null,null,null
2023-09-12T00:28:08Z,23.51,70.76,100,0,29.88,101.33,52.00,746.00,null,null,null
2023-09-12T00:29:08Z,23.51,70.77,100,0,28.11,101.33,52.00,746.00,null,null,null
2023-09-12T00:30:08Z,23.48,70.78,100,0,30.11,101.33,51.00,737.00,0,0,0
2023-09-12T00:31:08Z,23.51,70.79,100,0,29.40,101.33,52.00,746.00,null,null,null
2023-09-12T00:32:08Z,23.54,70.78,100,0,29.64,101.33,52.00,746.00,null,null,null
2023-09-12T00:33:08Z,23.53,70.80,100,0,29.38,101.33,52.00,746.00,null,null,null
2023-09-12T00:34:08Z,23.51,70.78,100,0,28.98,101.33,53.00,754.00,null,null,null
2023-09-12T00:35:08Z,23.53,70.83,100,0,36.76,101.33,52.00,746.00,0,0,0
2023-09-12T00:36:08Z,23.50,70.81,100,0,29.95,101.33,51.00,737.00,null,null,null
2023-09-12T00:37:08Z,23.51,70.81,100,0,29.00,101.33,52.00,746.00,null,null,null
2023-09-12T00:38:08Z,23.50,70.79,100,0,33.03,101.33,52.00,746.00,null,null,null
2023-09-12T00:39:08Z,23.51,70.82,100,0,28.93,101.33,52.00,746.00,null,null,null
2023-09-12T00:40:08Z,23.48,70.83,100,0,31.63,101.33,53.00,754.00,0,0,0
2023-09-12T00:41:08Z,23.50,70.83,100,0,28.54,101.33,53.00,754.00,null,null,null
2023-09-12T00:42:08Z,23.51,70.79,100,0,28.73,101.33,53.00,754.00,null,null,null
2023-09-12T00:43:08Z,23.53,70.80,100,0,33.71,101.33,52.00,746.00,null,null,null
2023-09-12T00:44:08Z,23.50,70.79,100,0,29.61,101.33,52.00,746.00,null,null,null
2023-09-12T00:45:08Z,23.50,70.84,100,0,29.17,101.33,53.00,754.00,0,0,0
2023-09-12T00:46:08Z,23.50,70.81,100,0,29.99,101.33,53.00,754.00,null,null,null
2023-09-12T00:47:08Z,23.51,70.81,100,0,28.57,101.33,55.00,763.00,null,null,null
2023-09-12T00:48:08Z,23.50,70.84,100,0,30.88,101.33,55.00,763.00,null,null,null
2023-09-12T00:49:08Z,23.48,70.88,100,0,28.63,101.33,53.00,754.00,null,null,null
2023-09-12T00:50:08Z,23.50,70.84,100,0,30.14,101.33,55.00,763.00,0,0,0
2023-09-12T00:51:08Z,23.50,70.85,100,0,29.68,101.33,55.00,763.00,null,null,null
2023-09-12T00:52:08Z,23.47,70.90,100,0,27.99,101.33,55.00,763.00,null,null,null
2023-09-12T00:53:08Z,23.48,70.90,100,0,29.95,101.34,53.00,754.00,null,null,null
2023-09-12T00:54:08Z,23.47,70.89,100,0,28.60,101.33,55.00,763.00,null,null,null
2023-09-12T00:55:08Z,23.46,70.90,100,0,29.95,101.33,55.00,763.00,0,0,0
2023-09-12T00:56:08Z,23.48,70.91,100,0,29.36,101.33,53.00,754.00,null,null,null
2023-09-12T00:57:08Z,23.47,70.91,100,0,30.95,101.33,52.00,746.00,null,null,null
2023-09-12T00:58:08Z,23.47,70.94,100,0,32.54,101.32,52.00,746.00,null,null,null
2023-09-12T00:59:08Z,23.46,70.90,100,0,29.88,101.32,53.00,754.00,null,null,null
2023-09-12T01:00:08Z,23.46,70.92,100,0,29.73,101.31,55.00,763.00,0,0,0
2023-09-12T01:01:08Z,23.50,70.94,100,0,31.82,101.31,55.00,763.00,null,null,null
2023-09-12T01:02:08Z,23.46,70.94,100,0,30.85,101.32,55.00,763.00,null,null,null
2023-09-12T01:03:08Z,23.48,70.93,100,0,34.51,101.32,56.00,772.00,null,null,null
2023-09-12T01:04:08Z,23.46,70.90,100,0,39.06,101.31,56.00,772.00,null,null,null
2023-09-12T01:05:08Z,23.46,70.93,100,0,33.22,101.31,56.00,772.00,0,0,0
2023-09-12T01:06:08Z,23.46,70.90,100,0,33.48,101.31,55.00,763.00,null,null,null
2023-09-12T01:07:08Z,23.44,70.89,100,0,32.47,101.31,55.00,763.00,null,null,null
2023-09-12T01:08:08Z,23.44,70.93,100,0,33.48,101.31,55.00,763.00,null,null,null
2023-09-12T01:09:08Z,23.44,70.90,100,0,29.50,101.31,56.00,772.00,null,null,null
2023-09-12T01:10:08Z,23.43,70.92,100,0,34.53,101.31,56.00,772.00,0,0,0
2023-09-12T01:11:08Z,23.46,70.94,100,0,35.21,101.31,55.00,763.00,null,null,null
2023-09-12T01:12:08Z,23.46,70.96,100,0,32.28,101.31,55.00,763.00,null,null,null
2023-09-12T01:13:08Z,23.44,70.94,100,0,27.77,101.30,56.00,772.00,null,null,null
2023-09-12T01:14:08Z,23.47,70.95,100,0,23.05,101.30,57.00,780.00,null,null,null
2023-09-12T01:15:08Z,23.46,70.99,100,0,30.71,101.30,57.00,780.00,0,0,0
2023-09-12T01:16:08Z,23.47,70.98,100,0,27.85,101.30,55.00,763.00,null,null,null
2023-09-12T01:17:08Z,23.44,70.97,100,0,22.72,101.30,57.00,780.00,null,null,null
2023-09-12T01:18:08Z,23.43,71.00,100,0,23.20,101.30,59.00,791.00,null,null,null
2023-09-12T01:19:08Z,23.41,70.98,100,0,28.31,101.30,59.00,791.00,null,null,null
2023-09-12T01:20:08Z,23.40,70.96,100,0,22.72,101.30,59.00,791.00,0,0,0
2023-09-12T01:21:08Z,23.43,70.97,100,0,22.72,101.30,57.00,780.00,null,null,null
2023-09-12T01:22:08Z,23.41,70.95,100,0,28.96,101.30,57.00,780.00,null,null,null
2023-09-12T01:23:08Z,23.41,70.96,100,0,26.80,101.30,59.00,791.00,null,null,null
2023-09-12T01:24:08Z,23.41,71.01,100,0,28.42,101.30,59.00,791.00,null,null,null
2023-09-12T01:25:08Z,23.41,71.00,100,0,34.10,101.30,59.00,791.00,0,0,0
2023-09-12T01:26:08Z,23.43,70.99,100,0,23.59,101.30,60.00,795.00,null,null,null
2023-09-12T01:27:08Z,23.41,71.00,100,0,22.55,101.30,60.00,795.00,null,null,null
2023-09-12T01:28:08Z,23.40,71.01,100,0,29.79,101.30,59.00,791.00,null,null,null
2023-09-12T01:29:08Z,23.40,71.05,100,0,23.54,101.30,59.00,791.00,null,null,null
2023-09-12T01:30:08Z,23.41,71.03,100,0,21.56,101.29,60.00,795.00,0,0,0
2023-09-12T01:31:08Z,23.40,71.03,100,0,24.27,101.30,59.00,791.00,null,null,null
2023-09-12T01:32:08Z,23.40,71.05,100,0,27.66,101.29,59.00,791.00,null,null,null
2023-09-12T01:33:08Z,23.38,71.07,100,0,25.62,101.29,59.00,791.00,null,null,null
2023-09-12T01:34:08Z,23.38,71.01,100,0,24.86,101.30,60.00,795.00,null,null,null
2023-09-12T01:35:08Z,23.41,71.12,100,0,24.50,101.30,62.00,808.00,0,0,0
2023-09-12T01:36:08Z,23.38,71.09,100,0,23.77,101.29,62.00,808.00,null,null,null
2023-09-12T01:37:08Z,23.38,71.06,100,0,21.41,101.30,62.00,808.00,null,null,null
2023-09-12T01:38:08Z,23.38,71.08,100,0,25.06,101.29,62.00,808.00,null,null,null
2023-09-12T01:39:08Z,23.38,71.11,100,0,25.82,101.30,63.00,817.00,null,null,null
2023-09-12T01:40:08Z,23.38,71.12,100,0,23.77,101.30,62.00,808.00,0,0,0
2023-09-12T01:41:08Z,23.40,71.10,100,0,24.61,101.29,62.00,808.00,null,null,null
2023-09-12T01:42:08Z,23.37,71.11,100,0,25.59,101.30,62.00,808.00,null,null,null
2023-09-12T01:43:08Z,23.37,71.11,100,0,25.62,101.30,63.00,817.00,null,null,null
2023-09-12T01:44:08Z,23.37,71.11,100,0,23.10,101.30,63.00,817.00,null,null,null
2023-09-12T01:45:08Z,23.34,71.16,100,0,24.15,101.30,63.00,817.00,0,0,0
2023-09-12T01:46:08Z,23.35,71.13,100,0,24.50,101.30,63.00,817.00,null,null,null
2023-09-12T01:47:08Z,23.37,71.13,100,0,26.53,101.30,63.00,817.00,null,null,null
2023-09-12T01:48:08Z,23.35,71.13,100,0,21.78,101.29,63.00,817.00,null,null,null
2023-09-12T01:49:08Z,23.35,71.14,100,0,24.27,101.29,65.00,827.00,null,null,null
2023-09-12T01:50:08Z,23.34,71.18,100,0,28.81,101.30,63.00,817.00,0,0,0
2023-09-12T01:51:08Z,23.34,71.15,100,0,24.03,101.30,63.00,817.00,null,null,null
2023-09-12T01:52:08Z,23.33,71.16,100,0,23.94,101.30,63.00,817.00,null,null,null
2023-09-12T01:53:08Z,23.33,71.16,100,0,22.05,101.29,63.00,817.00,null,null,null
2023-09-12T01:54:08Z,23.33,71.16,100,0,25.53,101.30,63.00,817.00,null,null,null
2023-09-12T01:55:08Z,23.30,71.17,100,0,22.37,101.30,63.00,817.00,0,0,0
2023-09-12T01:56:08Z,23.30,71.19,100,0,22.83,101.29,63.00,817.00,null,null,null
2023-09-12T01:57:08Z,23.34,71.23,100,0,22.43,101.30,63.00,817.00,null,null,null
2023-09-12T01:58:08Z,23.30,71.18,100,0,23.10,101.30,63.00,817.00,null,null,null
2023-09-12T01:59:08Z,23.31,71.21,100,0,23.20,101.30,63.00,817.00,null,null,null
2023-09-12T02:00:08Z,23.33,71.24,100,0,23.98,101.30,63.00,817.00,0,0,0
2023-09-12T02:01:08Z,23.33,71.24,100,0,21.85,101.30,63.00,817.00,null,null,null
2023-09-12T02:02:08Z,23.31,71.22,100,0,22.37,101.30,63.00,817.00,null,null,null
2023-09-12T02:03:08Z,23.31,71.20,100,0,23.40,101.30,63.00,817.00,null,null,null
2023-09-12T02:04:08Z,23.30,71.22,100,0,25.82,101.30,62.00,808.00,null,null,null
2023-09-12T02:05:08Z,23.27,71.23,100,0,25.73,101.30,63.00,817.00,0,0,0
2023-09-12T02:06:08Z,23.27,71.22,100,0,25.06,101.30,63.00,817.00,null,null,null
2023-09-12T02:07:08Z,23.28,71.21,100,0,23.90,101.31,62.00,808.00,null,null,null
2023-09-12T02:08:08Z,23.28,71.26,100,0,27.78,101.31,62.00,808.00,null,null,null
2023-09-12T02:09:08Z,23.27,71.21,100,0,26.97,101.31,62.00,808.00,null,null,null
2023-09-12T02:10:08Z,23.27,71.26,100,0,25.56,101.30,63.00,817.00,0,0,0
2023-09-12T02:11:08Z,23.28,71.28,100,0,22.99,101.30,60.00,800.00,null,null,null
2023-09-12T02:12:08Z,23.28,71.29,100,0,23.98,101.30,60.00,800.00,null,null,null
2023-09-12T02:13:08Z,23.30,71.28,100,0,22.31,101.30,62.00,808.00,null,null,null
2023-09-12T02:14:08Z,23.26,71.30,100,0,22.94,101.30,62.00,808.00,null,null,null
2023-09-12T02:15:08Z,23.26,71.31,100,0,24.07,101.30,60.00,800.00,0,0,0
2023-09-12T02:16:08Z,23.27,71.26,100,0,26.08,101.30,60.00,800.00,null,null,null
2023-09-12T02:17:08Z,23.27,71.28,100,0,23.35,101.30,60.00,800.00,null,null,null
2023-09-12T02:18:08Z,23.27,71.28,100,0,20.19,101.29,62.00,808.00,null,null,null
2023-09-12T02:19:08Z,23.24,71.26,100,0,22.78,101.30,62.00,808.00,null,null,null
2023-09-12T02:20:08Z,23.24,71.32,100,0,21.78,101.30,73.00,880.00,0,0,0
2023-09-12T02:21:08Z,23.24,71.32,100,0,26.03,101.30,71.00,870.00,null,null,null
2023-09-12T02:22:08Z,23.27,71.29,100,0,24.27,101.30,74.00,889.00,null,null,null
2023-09-12T02:23:08Z,23.26,71.28,100,0,23.98,101.30,63.00,817.00,null,null,null
2023-09-12T02:24:08Z,23.26,71.35,100,0,21.10,101.30,63.00,817.00,null,null,null
2023-09-12T02:25:08Z,23.26,71.36,100,0,22.99,101.30,63.00,817.00,0,0,0
2023-09-12T02:26:08Z,23.26,71.34,100,0,23.59,101.30,63.00,817.00,null,null,null
2023-09-12T02:27:08Z,23.24,71.35,100,0,24.79,101.30,63.00,817.00,null,null,null
2023-09-12T02:28:08Z,23.23,71.43,100,0,21.92,101.30,74.00,889.00,null,null,null
2023-09-12T02:29:08Z,23.21,71.42,100,0,22.05,101.30,74.00,889.00,null,null,null
2023-09-12T02:30:08Z,23.24,71.49,100,0,23.77,101.30,76.00,902.00,0,0,0
2023-09-12T02:31:08Z,23.23,71.48,100,0,23.25,101.30,74.00,889.00,null,null,null
2023-09-12T02:32:08Z,23.24,71.46,100,0,20.39,101.31,76.00,902.00,null,null,null
2023-09-12T02:33:08Z,23.24,71.49,100,0,21.49,101.31,76.00,902.00,null,null,null
2023-09-12T02:34:08Z,23.23,71.51,100,0,22.05,101.31,74.00,889.00,null,null,null
2023-09-12T02:35:08Z,23.20,71.55,100,0,21.49,101.30,74.00,889.00,0,0,0
2023-09-12T02:36:08Z,23.23,71.50,100,0,23.68,101.30,74.00,889.00,null,null,null
2023-09-12T02:37:08Z,23.23,71.54,100,0,22.94,101.30,74.00,889.00,null,null,null
2023-09-12T02:38:08Z,23.21,71.57,100,0,22.72,101.30,73.00,880.00,null,null,null
2023-09-12T02:39:08Z,23.23,71.55,100,0,22.49,101.30,74.00,889.00,null,null,null
2023-09-12T02:40:08Z,23.19,71.64,100,0,24.07,101.31,74.00,889.00,0,0,0
2023-09-12T02:41:08Z,23.21,71.60,100,0,22.99,101.31,74.00,889.00,null,null,null
2023-09-12T02:42:08Z,23.20,71.64,100,0,24.15,101.31,74.00,889.00,null,null,null
2023-09-12T02:43:08Z,23.23,71.65,100,0,22.66,101.30,74.00,889.00,null,null,null
2023-09-12T02:44:08Z,23.20,71.71,100,0,23.20,101.31,73.00,880.00,null,null,null
2023-09-12T02:45:08Z,23.19,71.70,100,0,22.94,101.30,74.00,889.00,0,0,0
2023-09-12T02:46:08Z,23.17,71.73,100,0,23.30,101.31,73.00,880.00,null,null,null
2023-09-12T02:47:08Z,23.19,71.74,100,0,22.83,101.31,74.00,889.00,null,null,null
2023-09-12T02:48:08Z,23.19,71.78,100,0,18.91,101.31,73.00,880.00,null,null,null
2023-09-12T02:49:08Z,23.17,71.77,100,0,24.86,101.31,73.00,885.00,null,null,null
2023-09-12T02:50:08Z,23.17,71.77,100,0,25.82,101.30,73.00,885.00,0,0,0
2023-09-12T02:51:08Z,23.19,71.81,100,0,23.30,101.31,70.00,865.00,null,null,null
2023-09-12T02:52:08Z,23.17,71.80,100,0,23.20,101.30,72.00,874.00,null,null,null
2023-09-12T02:53:08Z,23.17,71.82,100,0,22.72,101.30,72.00,874.00,null,null,null
2023-09-12T02:54:08Z,23.17,71.82,100,0,23.54,101.30,72.00,874.00,null,null,null
2023-09-12T02:55:08Z,23.11,71.88,100,0,22.72,101.30,72.00,874.00,0,0,0
2023-09-12T02:56:08Z,23.16,71.83,100,0,23.68,101.30,72.00,874.00,null,null,null
2023-09-12T02:57:08Z,23.16,71.87,100,0,23.25,101.30,72.00,874.00,null,null,null
2023-09-12T02:58:08Z,23.16,71.90,100,0,21.64,101.30,70.00,865.00,null,null,null
2023-09-12T02:59:08Z,23.14,71.96,100,0,24.31,101.30,70.00,865.00,null,null,null
2023-09-12T03:00:08Z,23.14,71.92,100,0,22.12,101.30,70.00,865.00,0,0,0
2023-09-12T03:01:08Z,23.14,71.93,100,0,22.55,101.30,68.00,848.00,null,null,null
2023-09-12T03:02:08Z,23.16,71.91,100,0,23.40,101.30,70.00,865.00,null,null,null
2023-09-12T03:03:08Z,23.13,71.93,100,0,25.53,101.30,68.00,848.00,null,null,null
2023-09-12T03:04:08Z,23.11,71.91,100,0,24.76,101.30,68.00,848.00,null,null,null
2023-09-12T03:05:08Z,23.11,71.97,100,0,23.30,101.30,68.00,848.00,0,0,0
2023-09-12T03:06:08Z,23.13,71.93,100,0,20.93,101.30,68.00,848.00,null,null,null
2023-09-12T03:07:08Z,23.11,71.92,100,0,24.65,101.30,68.00,848.00,null,null,null
2023-09-12T03:08:08Z,23.11,71.95,100,0,23.86,101.30,68.00,848.00,null,null,null
2023-09-12T03:09:08Z,23.11,71.96,100,0,21.85,101.30,67.00,844.00,null,null,null
2023-09-12T03:10:08Z,23.10,71.98,100,0,21.26,101.30,67.00,844.00,0,0,0
2023-09-12T03:11:08Z,23.13,71.98,100,0,23.45,101.30,67.00,844.00,null,null,null
2023-09-12T03:12:08Z,23.13,71.97,100,0,21.18,101.30,67.00,844.00,null,null,null
2023-09-12T03:13:08Z,23.09,71.98,100,0,27.30,101.30,67.00,844.00,null,null,null
2023-09-12T03:14:08Z,23.10,71.97,100,0,23.05,101.30,67.00,844.00,null,null,null
2023-09-12T03:15:08Z,23.09,71.99,100,0,22.72,101.30,68.00,848.00,0,0,0
2023-09-12T03:16:08Z,23.07,72.03,100,0,23.25,101.30,67.00,844.00,null,null,null
2023-09-12T03:17:08Z,23.11,72.01,100,0,22.72,101.30,67.00,844.00,null,null,null
2023-09-12T03:18:08Z,23.09,72.01,100,0,23.35,101.30,67.00,844.00,null,null,null
2023-09-12T03:19:08Z,23.07,72.04,100,0,22.49,101.30,67.00,844.00,null,null,null
2023-09-12T03:20:08Z,23.06,72.00,100,0,24.23,101.29,67.00,844.00,0,0,0
2023-09-12T03:21:08Z,23.07,72.03,100,0,20.19,101.30,66.00,834.00,null,null,null
2023-09-12T03:22:08Z,23.09,72.01,100,0,24.65,101.30,66.00,834.00,null,null,null
2023-09-12T03:23:08Z,23.06,72.03,100,0,20.85,101.30,67.00,844.00,null,null,null
2023-09-12T03:24:08Z,23.06,72.04,100,0,23.63,101.29,67.00,844.00,null,null,null
2023-09-12T03:25:08Z,23.04,72.05,100,0,24.96,101.29,67.00,844.00,0,0,0
2023-09-12T03:26:08Z,23.07,72.06,100,0,22.83,101.30,67.00,844.00,null,null,null
2023-09-12T03:27:08Z,23.07,72.04,100,0,24.65,101.30,67.00,844.00,null,null,null
2023-09-12T03:28:08Z,23.06,72.00,100,0,22.83,101.30,67.00,844.00,null,null,null
2023-09-12T03:29:08Z,23.03,72.05,100,0,23.30,101.29,67.00,844.00,null,null,null
2023-09-12T03:30:08Z,23.07,72.07,100,0,31.37,101.30,67.00,844.00,0,0,0
2023-09-12T03:31:08Z,23.03,72.05,100,0,23.68,101.30,67.00,844.00,null,null,null
2023-09-12T03:32:08Z,23.06,72.09,100,0,23.20,101.29,67.00,844.00,null,null,null
2023-09-12T03:33:08Z,23.06,72.11,100,0,23.98,101.29,67.00,844.00,null,null,null
2023-09-12T03:34:08Z,23.03,72.07,100,0,24.89,101.29,67.00,844.00,null,null,null
2023-09-12T03:35:08Z,23.00,72.12,100,0,23.94,101.29,67.00,844.00,0,0,0
2023-09-12T03:36:08Z,23.04,72.09,100,0,22.43,101.29,67.00,844.00,null,null,null
2023-09-12T03:37:08Z,23.03,72.05,100,0,21.78,101.29,66.00,834.00,null,null,null
2023-09-12T03:38:08Z,23.02,72.10,100,0,25.13,101.29,64.00,825.00,null,null,null
2023-09-12T03:39:08Z,23.02,72.09,100,0,25.13,101.28,66.00,834.00,null,null,null
2023-09-12T03:40:08Z,23.00,72.14,100,0,23.05,101.29,66.00,834.00,0,0,0
2023-09-12T03:41:08Z,23.00,72.10,100,0,21.34,101.28,66.00,834.00,null,null,null
2023-09-12T03:42:08Z,23.02,72.10,100,0,22.83,101.28,66.00,834.00,null,null,null
2023-09-12T03:43:08Z,23.03,72.14,100,0,25.67,101.28,67.00,844.00,null,null,null
2023-09-12T03:44:08Z,22.99,72.14,100,0,22.24,101.28,67.00,844.00,null,null,null
2023-09-12T03:45:08Z,23.02,72.10,100,0,22.24,101.28,67.00,844.00,0,0,0
2023-09-12T03:46:08Z,23.02,72.13,100,0,22.12,101.28,67.00,844.00,null,null,null
2023-09-12T03:47:08Z,23.02,72.11,100,0,22.37,101.28,67.00,844.00,null,null,null
2023-09-12T03:48:08Z,23.02,72.09,100,0,21.99,101.28,67.00,844.00,null,null,null
2023-09-12T03:49:08Z,22.99,72.07,100,0,23.25,101.28,67.00,844.00,null,null,null
2023-09-12T03:50:08Z,22.98,72.20,100,0,24.15,101.28,68.00,848.00,0,0,0
2023-09-12T03:51:08Z,23.00,72.11,100,0,22.49,101.28,67.00,844.00,null,null,null
2023-09-12T03:52:08Z,22.98,72.09,100,0,23.54,101.28,67.00,844.00,null,null,null
2023-09-12T03:53:08Z,23.02,72.07,100,0,22.43,101.28,67.00,844.00,null,null,null
2023-09-12T03:54:08Z,22.99,72.13,100,0,21.10,101.28,68.00,848.00,null,null,null
2023-09-12T03:55:08Z,22.99,72.15,100,0,23.45,101.28,68.00,848.00,0,0,0
2023-09-12T03:56:08Z,22.98,72.14,100,0,23.40,101.28,68.00,848.00,null,null,null
2023-09-12T03:57:08Z,22.99,72.12,100,0,21.56,101.28,67.00,844.00,null,null,null
2023-09-12T03:58:08Z,22.99,72.14,100,0,20.39,101.28,68.00,848.00,null,null,null
2023-09-12T03:59:08Z,22.98,72.13,100,0,26.08,101.28,67.00,844.00,null,null,null
2023-09-12T04:00:08Z,22.95,72.14,100,0,29.32,101.28,68.00,848.00,0,0,0
2023-09-12T04:01:08Z,22.99,72.15,100,0,47.21,101.28,68.00,848.00,null,null,null
2023-09-12T04:02:08Z,22.98,72.15,100,0,20.76,101.28,68.00,848.00,null,null,null
2023-09-12T04:03:08Z,22.98,72.18,100,0,23.20,101.28,68.00,848.00,null,null,null
2023-09-12T04:04:08Z,22.95,72.16,100,0,20.93,101.28,68.00,848.00,null,null,null
2023-09-12T04:05:08Z,22.95,72.17,100,0,25.29,101.28,68.00,848.00,0,0,0
2023-09-12T04:06:08Z,22.96,72.16,100,0,23.35,101.28,68.00,848.00,null,null,null
2023-09-12T04:07:08Z,22.96,72.15,100,0,25.13,101.28,68.00,848.00,null,null,null
2023-09-12T04:08:08Z,22.98,72.13,100,0,29.48,101.28,68.00,848.00,null,null,null
2023-09-12T04:09:08Z,22.98,72.15,100,0,23.05,101.28,70.00,865.00,null,null,null
2023-09-12T04:10:08Z,22.95,72.21,100,0,32.26,101.27,70.00,865.00,0,0,0
2023-09-12T04:11:08Z,22.95,72.14,100,0,25.73,101.27,68.00,848.00,null,null,null
2023-09-12T04:12:08Z,22.96,72.13,100,0,21.56,101.27,70.00,865.00,null,null,null
2023-09-12T04:13:08Z,22.96,72.15,100,0,24.15,101.27,67.00,844.00,null,null,null
2023-09-12T04:14:08Z,22.93,72.13,100,0,27.89,101.27,67.00,844.00,null,null,null
2023-09-12T04:15:08Z,22.95,72.13,100,0,21.49,101.27,68.00,848.00,0,0,0
2023-09-12T04:16:08Z,22.92,72.19,100,0,27.99,101.27,68.00,848.00,null,null,null
2023-09-12T04:17:08Z,22.90,72.13,100,0,31.86,101.27,68.00,848.00,null,null,null
2023-09-12T04:18:08Z,22.95,72.13,100,0,24.35,101.27,70.00,865.00,null,null,null
2023-09-12T04:19:08Z,22.93,72.14,100,0,23.45,101.27,70.00,865.00,null,null,null
2023-09-12T04:20:08Z,22.92,72.15,100,0,23.05,101.26,68.00,848.00,0,0,0
2023-09-12T04:21:08Z,22.92,72.15,100,0,22.49,101.26,67.00,844.00,null,null,null
2023-09-12T04:22:08Z,22.90,72.15,99,0,22.18,101.26,68.00,848.00,null,null,null
2023-09-12T04:23:08Z,22.92,72.17,100,0,22.61,101.26,68.00,848.00,null,null,null
2023-09-12T04:24:08Z,22.92,72.16,100,0,20.58,101.26,68.00,848.00,null,null,null
2023-09-12T04:25:08Z,22.92,72.17,100,0,23.63,101.26,68.00,848.00,0,0,0
2023-09-12T04:26:08Z,22.90,72.18,100,0,25.92,101.26,67.00,844.00,null,null,null
2023-09-12T04:27:08Z,22.89,72.16,100,0,22.94,101.27,68.00,848.00,null,null,null
2023-09-12T04:28:08Z,22.89,72.14,100,0,23.94,101.26,68.00,848.00,null,null,null
2023-09-12T04:29:08Z,22.88,72.18,100,0,24.31,101.27,68.00,848.00,null,null,null
2023-09-12T04:30:08Z,22.89,72.17,100,0,24.68,101.26,68.00,848.00,0,0,0
2023-09-12T04:31:08Z,22.88,72.17,100,0,23.40,101.26,67.00,844.00,null,null,null
2023-09-12T04:32:08Z,22.89,72.17,100,0,29.05,101.26,68.00,848.00,null,null,null
2023-09-12T04:33:08Z,22.90,72.21,100,0,28.67,101.26,67.00,844.00,null,null,null
2023-09-12T04:34:08Z,22.88,72.22,100,0,34.49,101.27,68.00,848.00,null,null,null
2023-09-12T04:35:08Z,22.88,72.23,100,0,23.25,101.26,68.00,848.00,0,0,0
2023-09-12T04:36:08Z,22.89,72.23,100,0,24.11,101.26,68.00,848.00,null,null,null
2023-09-12T04:37:08Z,22.88,72.21,100,0,24.15,101.26,67.00,844.00,null,null,null
2023-09-12T04:38:08Z,22.86,72.27,100,0,29.73,101.26,68.00,848.00,null,null,null
2023-09-12T04:39:08Z,22.86,72.25,100,0,23.30,101.25,67.00,840.00,null,null,null
2023-09-12T04:40:08Z,22.84,72.23,100,0,26.64,101.26,67.00,840.00,0,0,0
2023-09-12T04:41:08Z,22.84,72.24,100,0,24.96,101.25,68.00,848.00,null,null,null
2023-09-12T04:42:08Z,22.88,72.21,100,0,22.94,101.26,68.00,848.00,null,null,null
2023-09-12T04:43:08Z,22.86,72.26,100,0,22.43,101.26,68.00,848.00,null,null,null
2023-09-12T04:44:08Z,22.84,72.22,100,0,34.95,101.25,69.00,855.00,null,null,null
2023-09-12T04:45:08Z,22.83,72.24,100,0,33.46,101.25,70.00,865.00,0,0,0
2023-09-12T04:46:08Z,22.86,72.22,100,0,25.03,101.26,68.00,848.00,null,null,null
2023-09-12T04:47:08Z,22.83,72.23,100,0,26.99,101.26,70.00,865.00,null,null,null
2023-09-12T04:48:08Z,22.86,72.24,100,0,25.41,101.26,68.00,848.00,null,null,null
2023-09-12T04:49:08Z,22.84,72.24,100,0,22.94,101.25,70.00,865.00,null,null,null
2023-09-12T04:50:08Z,22.82,72.27,100,0,22.18,101.25,68.00,848.00,0,0,0
2023-09-12T04:51:08Z,22.83,72.25,100,0,22.24,101.26,69.00,855.00,null,null,null
2023-09-12T04:52:08Z,22.82,72.25,100,0,41.19,101.26,69.00,855.00,null,null,null
2023-09-12T04:53:08Z,22.82,72.25,100,0,23.15,101.26,69.00,855.00,null,null,null
2023-09-12T04:54:08Z,22.82,72.28,100,0,27.68,101.26,71.00,868.00,null,null,null
2023-09-12T04:55:08Z,22.80,72.28,100,0,26.73,101.26,71.00,868.00,0,0,0
2023-09-12T04:56:08Z,22.82,72.31,100,0,31.72,101.26,71.00,868.00,null,null,null
2023-09-12T04:57:08Z,22.82,72.24,100,0,21.41,101.26,72.00,877.00,null,null,null
2023-09-12T04:58:08Z,22.83,72.23,100,0,29.01,101.26,72.00,874.00,null,null,null
2023-09-12T04:59:08Z,22.79,72.29,100,0,32.84,101.25,73.00,885.00,null,null,null
2023-09-12T05:00:08Z,22.80,72.27,100,0,32.77,101.26,72.00,877.00,0,0,0
2023-09-12T05:01:08Z,22.79,72.27,100,0,26.29,101.26,71.00,868.00,null,null,null
2023-09-12T05:02:08Z,22.80,72.24,100,0,31.50,101.26,71.00,868.00,null,null,null
2023-09-12T05:03:08Z,22.79,72.26,100,0,29.01,101.26,73.00,885.00,null,null,null
2023-09-12T05:04:08Z,22.79,72.26,100,0,30.53,101.26,71.00,868.00,null,null,null
2023-09-12T05:05:08Z,22.79,72.25,100,0,28.47,101.26,72.00,877.00,0,0,0
2023-09-12T05:06:08Z,22.76,72.27,100,0,28.95,101.25,72.00,877.00,null,null,null
2023-09-12T05:07:08Z,22.80,72.25,100,0,25.32,101.26,72.00,877.00,null,null,null
2023-09-12T05:08:08Z,22.79,72.21,100,0,27.60,101.26,72.00,877.00,null,null,null
2023-09-12T05:09:08Z,22.78,72.26,100,0,26.64,101.26,73.00,885.00,null,null,null
2023-09-12T05:10:08Z,22.78,72.26,100,0,22.66,101.25,72.00,877.00,0,0,0
2023-09-12T05:11:08Z,22.76,72.23,100,0,22.31,101.26,71.00,868.00,null,null,null
2023-09-12T05:12:08Z,22.79,72.25,100,0,24.58,101.26,73.00,885.00,null,null,null
2023-09-12T05:13:08Z,22.80,72.25,100,0,23.86,101.26,72.00,877.00,null,null,null
2023-09-12T05:14:08Z,22.79,72.30,100,0,26.89,101.26,74.00,889.00,null,null,null
2023-09-12T05:15:08Z,22.76,72.30,100,0,25.00,101.26,71.00,868.00,0,0,0
2023-09-12T05:16:08Z,22.78,72.25,100,0,24.31,101.26,72.00,877.00,null,null,null
2023-09-12T05:17:08Z,22.76,72.24,100,0,28.77,101.26,72.00,877.00,null,null,null
2023-09-12T05:18:08Z,22.76,72.25,100,0,27.08,101.26,73.00,885.00,null,null,null
2023-09-12T05:19:08Z,22.75,72.24,99,0,28.74,101.26,73.00,885.00,null,null,null
2023-09-12T05:20:08Z,22.76,72.28,100,0,24.93,101.26,72.00,877.00,0,0,0
2023-09-12T05:21:08Z,22.76,72.24,100,0,24.58,101.26,71.00,868.00,null,null,null
2023-09-12T05:22:08Z,22.76,72.24,100,0,35.47,101.26,75.00,897.00,null,null,null
2023-09-12T05:23:08Z,22.75,72.23,100,0,28.48,101.26,75.00,897.00,null,null,null
2023-09-12T05:24:08Z,22.72,72.23,100,0,23.54,101.27,73.00,885.00,null,null,null
2023-09-12T05:25:08Z,22.75,72.29,100,0,27.06,101.27,79.00,925.00,0,0,0
2023-09-12T05:26:08Z,22.76,72.27,100,0,30.71,101.26,74.00,889.00,null,null,null
2023-09-12T05:27:08Z,22.76,72.24,100,0,38.65,101.26,74.00,889.00,null,null,null
2023-09-12T05:28:08Z,22.73,72.27,100,0,29.60,101.26,77.00,907.00,null,null,null
2023-09-12T05:29:08Z,22.75,72.29,100,0,32.99,101.26,81.00,933.00,null,null,null
2023-09-12T05:30:08Z,22.73,72.30,100,0,30.30,101.26,76.00,900.00,0,0,0
2023-09-12T05:31:08Z,22.75,72.32,100,0,25.00,101.26,81.00,933.00,null,null,null
2023-09-12T05:32:08Z,22.75,72.22,100,0,44.83,101.26,76.00,900.00,null,null,null
2023-09-12T05:33:08Z,22.73,72.28,100,0,25.98,101.26,77.00,907.00,null,null,null
2023-09-12T05:34:08Z,22.72,72.26,100,0,30.20,101.26,83.00,945.00,null,null,null
2023-09-12T05:35:08Z,22.73,72.30,100,0,33.94,101.26,84.00,956.00,0,0,0
2023-09-12T05:36:08Z,22.72,72.30,100,0,28.96,101.26,84.00,956.00,null,null,null
2023-09-12T05:37:08Z,22.72,72.29,100,0,25.53,101.26,84.00,956.00,null,null,null
2023-09-12T05:38:08Z,22.72,72.25,100,0,22.55,101.25,84.00,956.00,null,null,null
2023-09-12T05:39:08Z,22.73,72.30,100,0,23.10,101.26,84.00,956.00,null,null,null
2023-09-12T05:40:08Z,22.72,72.32,100,0,26.19,101.26,84.00,956.00,0,0,0
2023-09-12T05:41:08Z,22.73,72.31,100,0,30.79,101.26,86.00,970.00,null,null,null
2023-09-12T05:42:08Z,22.71,72.29,100,0,30.46,101.26,84.00,956.00,null,null,null
2023-09-12T05:43:08Z,22.72,72.32,100,0,25.50,101.26,84.00,956.00,null,null,null
2023-09-12T05:44:08Z,22.68,72.32,100,0,28.11,101.26,86.00,970.00,null,null,null
2023-09-12T05:45:08Z,22.69,72.28,100,0,32.83,101.26,86.00,970.00,0,0,0
2023-09-12T05:46:08Z,22.71,72.30,100,0,24.03,101.26,84.00,956.00,null,null,null
2023-09-12T05:47:08Z,22.72,72.32,100,0,24.07,101.25,86.00,970.00,null,null,null
2023-09-12T05:48:08Z,22.69,72.30,100,0,24.03,101.26,86.00,970.00,null,null,null
2023-09-12T05:49:08Z,22.68,72.36,100,0,23.40,101.26,84.00,956.00,null,null,null
2023-09-12T05:50:08Z,22.69,72.37,100,0,25.09,101.26,86.00,970.00,0,0,0
2023-09-12T05:51:08Z,22.69,72.37,100,0,32.51,101.26,86.00,970.00,null,null,null
2023-09-12T05:52:08Z,22.69,72.38,100,0,30.10,101.26,84.00,956.00,null,null,null
2023-09-12T05:53:08Z,22.69,72.37,100,0,23.20,101.26,86.00,970.00,null,null,null
2023-09-12T05:54:08Z,22.69,72.40,100,0,27.30,101.26,86.00,970.00,null,null,null
2023-09-12T05:55:08Z,22.69,72.42,100,0,23.81,101.26,84.00,956.00,0,0,0
2023-09-12T05:56:08Z,22.66,72.41,100,0,24.35,101.26,84.00,956.00,null,null,null
2023-09-12T05:57:08Z,22.68,72.43,100,0,30.10,101.26,84.00,956.00,null,null,null
2023-09-12T05:58:08Z,22.66,72.41,100,0,29.23,101.27,84.00,956.00,null,null,null
2023-09-12T05:59:08Z,22.68,72.38,100,0,30.13,101.26,84.00,956.00,null,null,null
2023-09-12T06:00:08Z,22.66,72.48,100,0,28.36,101.27,86.00,970.00,0,0,0
2023-09-12T06:01:08Z,22.66,72.40,100,0,25.41,101.27,84.00,956.00,null,null,null
2023-09-12T06:02:08Z,22.68,72.39,100,0,26.24,101.27,84.00,956.00,null,null,null
2023-09-12T06:03:08Z,22.68,72.46,100,0,31.61,101.27,86.00,970.00,null,null,null
2023-09-12T06:04:08Z,22.66,72.48,100,0,27.69,101.27,84.00,956.00,null,null,null
2023-09-12T06:05:08Z,22.66,72.47,100,0,25.82,101.27,84.00,956.00,0,0,0
2023-09-12T06:06:08Z,22.66,72.49,100,0,25.62,101.28,84.00,956.00,null,null,null
2023-09-12T06:07:08Z,22.66,72.47,100,0,21.99,101.27,84.00,956.00,null,null,null
2023-09-12T06:08:08Z,22.65,72.49,100,0,23.30,101.27,84.00,956.00,null,null,null
2023-09-12T06:09:08Z,22.66,72.50,100,0,26.57,101.27,84.00,956.00,null,null,null
2023-09-12T06:10:08Z,22.65,72.54,100,0,25.53,101.28,84.00,956.00,0,0,0
2023-09-12T06:11:08Z,22.63,72.48,100,0,27.73,101.28,84.00,956.00,null,null,null
2023-09-12T06:12:08Z,22.65,72.55,100,0,28.73,101.28,84.00,956.00,null,null,null
2023-09-12T06:13:08Z,22.62,72.51,100,0,27.59,101.28,84.00,956.00,null,null,null
2023-09-12T06:14:08Z,22.65,72.54,100,0,27.90,101.28,83.00,945.00,null,null,null
2023-09-12T06:15:08Z,22.63,72.57,100,0,29.93,101.28,84.00,956.00,0,0,0
2023-09-12T06:16:08Z,22.63,72.54,100,0,26.26,101.28,83.00,945.00,null,null,null
2023-09-12T06:17:08Z,22.65,72.57,100,0,29.99,101.28,84.00,956.00,null,null,null
2023-09-12T06:18:08Z,22.63,72.53,100,0,29.44,101.29,84.00,956.00,null,null,null
2023-09-12T06:19:08Z,22.63,72.58,100,0,28.58,101.28,84.00,956.00,null,null,null
2023-09-12T06:20:08Z,22.59,72.55,100,0,29.41,101.28,84.00,956.00,0,0,0
2023-09-12T06:21:08Z,22.62,72.55,100,0,25.84,101.29,84.00,956.00,null,null,null
2023-09-12T06:22:08Z,22.62,72.58,100,0,25.76,101.29,84.00,956.00,null,null,null
2023-09-12T06:23:08Z,22.62,72.56,100,0,25.50,101.29,84.00,956.00,null,null,null
2023-09-12T06:24:08Z,22.62,72.59,100,0,27.78,101.29,84.00,956.00,null,null,null
2023-09-12T06:25:08Z,22.62,72.62,100,0,23.68,101.29,84.00,956.00,0,0,0
2023-09-12T06:26:08Z,22.62,72.61,100,0,36.68,101.30,84.00,956.00,null,null,null
2023-09-12T06:27:08Z,22.62,72.66,100,0,37.97,101.30,86.00,970.00,null,null,null
2023-09-12T06:28:08Z,22.63,72.62,100,0,28.95,101.29,86.00,970.00,null,null,null
2023-09-12T06:29:08Z,22.62,72.69,100,0,27.73,101.30,86.00,970.00,null,null,null
2023-09-12T06:30:08Z,22.62,72.67,100,0,29.77,101.29,88.00,981.00,0,0,0
2023-09-12T06:31:08Z,22.61,72.68,100,0,38.29,101.29,84.00,956.00,null,null,null
2023-09-12T06:32:08Z,22.61,72.67,100,0,24.39,101.29,86.00,970.00,null,null,null
2023-09-12T06:33:08Z,22.59,72.70,100,0,23.86,101.30,88.00,981.00,null,null,null
2023-09-12T06:34:08Z,22.61,72.69,100,0,24.93,101.29,86.00,970.00,null,null,null
2023-09-12T06:35:08Z,22.56,72.75,100,0,29.62,101.30,88.00,981.00,0,0,0
2023-09-12T06:36:08Z,22.61,72.72,100,0,36.04,101.29,87.00,972.00,null,null,null
2023-09-12T06:37:08Z,22.59,72.71,100,0,27.45,101.30,88.00,981.00,null,null,null
2023-09-12T06:38:08Z,22.61,72.77,100,0,35.98,101.30,88.00,981.00,null,null,null
2023-09-12T06:39:08Z,22.61,72.76,100,0,23.81,101.30,88.00,983.00,null,null,null
2023-09-12T06:40:08Z,22.61,72.75,100,0,28.68,101.31,88.00,983.00,0,0,0
2023-09-12T06:41:08Z,22.61,72.78,100,0,41.03,101.30,88.00,983.00,null,null,null
2023-09-12T06:42:08Z,22.62,72.71,100,0,47.63,101.30,88.00,983.00,null,null,null
2023-09-12T06:43:08Z,22.61,72.79,100,0,29.15,101.31,90.00,992.00,null,null,null
2023-09-12T06:44:08Z,22.59,72.75,100,0,25.87,101.31,88.00,983.00,null,null,null
2023-09-12T06:45:08Z,22.61,72.69,100,0,22.89,101.31,88.00,983.00,0,0,0
2023-09-12T06:46:08Z,22.62,72.69,100,0,28.25,101.31,91.00,1001.00,null,null,null
2023-09-12T06:47:08Z,22.61,72.72,100,0,24.07,101.31,91.00,1001.00,null,null,null
2023-09-12T06:48:08Z,22.63,72.76,100,0,30.06,101.32,90.00,992.00,null,null,null
2023-09-12T06:49:08Z,22.62,72.74,100,0,23.05,101.32,90.00,992.00,null,null,null
2023-09-12T06:50:08Z,22.62,72.74,100,0,28.89,101.32,93.00,1014.00,0,0,0
2023-09-12T06:51:08Z,22.61,72.71,100,0,24.03,101.32,93.00,1014.00,null,null,null
2023-09-12T06:52:08Z,22.61,72.81,100,0,24.43,101.32,96.00,1032.00,null,null,null
2023-09-12T06:53:08Z,22.62,72.79,100,0,25.41,101.32,96.00,1035.00,null,null,null
2023-09-12T06:54:08Z,22.59,72.73,100,0,26.64,101.32,96.00,1035.00,null,null,null
2023-09-12T06:55:08Z,22.58,72.80,100,0,25.13,101.32,99.00,1056.00,0,0,0
2023-09-12T06:56:08Z,22.62,72.81,100,0,24.43,101.32,96.00,1035.00,null,null,null
2023-09-12T06:57:08Z,22.61,73.03,100,0,20.93,101.32,98.00,1047.00,null,null,null
2023-09-12T06:58:08Z,22.61,72.81,100,0,26.26,101.33,98.00,1047.00,null,null,null
2023-09-12T06:59:08Z,22.61,72.78,100,0,26.03,101.33,98.00,1047.00,null,null,null
2023-09-12T07:00:08Z,22.59,72.79,100,0,26.38,101.33,98.00,1047.00,0,0,0
2023-09-12T07:01:08Z,22.62,72.78,100,0,28.76,101.33,98.00,1047.00,null,null,null
2023-09-12T07:02:08Z,22.63,72.83,100,0,28.47,101.33,98.00,1047.00,null,null,null
2023-09-12T07:03:08Z,22.61,72.77,100,0,34.56,101.33,100.00,1060.00,null,null,null
2023-09-12T07:04:08Z,22.61,72.87,100,0,27.20,101.34,100.00,1060.00,null,null,null
2023-09-12T07:05:08Z,22.62,72.79,100,0,29.61,101.34,100.00,1060.00,0,0,0
2023-09-12T07:06:08Z,22.62,72.75,100,0,37.08,101.34,98.00,1047.00,null,null,null
2023-09-12T07:07:08Z,22.61,72.78,100,0,35.08,101.34,100.00,1060.00,null,null,null
2023-09-12T07:08:08Z,22.62,72.77,100,0,24.07,101.34,100.00,1060.00,null,null,null
2023-09-12T07:09:08Z,22.59,72.79,100,0,32.19,101.35,102.00,1071.00,null,null,null
2023-09-12T07:10:08Z,22.61,72.83,100,0,26.48,101.35,102.00,1071.00,0,0,0
2023-09-12T07:11:08Z,22.59,72.84,100,0,29.44,101.35,104.00,1083.00,null,null,null
2023-09-12T07:12:08Z,22.59,72.80,100,0,22.94,101.35,104.00,1083.00,null,null,null
2023-09-12T07:13:08Z,22.58,72.79,100,0,27.84,101.35,104.00,1083.00,null,null,null
2023-09-12T07:14:08Z,22.59,72.78,100,0,26.41,101.35,104.00,1083.00,null,null,null
2023-09-12T07:15:08Z,22.59,72.81,100,0,28.60,101.35,104.00,1083.00,0,0,0
2023-09-12T07:16:08Z,22.58,72.79,100,0,27.49,101.35,102.00,1071.00,null,null,null
2023-09-12T07:17:08Z,22.58,72.76,100,0,28.93,101.35,102.00,1071.00,null,null,null
2023-09-12T07:18:08Z,22.59,72.75,100,0,27.42,101.36,100.00,1060.00,null,null,null
2023-09-12T07:19:08Z,22.61,72.75,100,0,32.33,101.36,102.00,1071.00,null,null,null
2023-09-12T07:20:08Z,22.56,72.79,100,1,28.28,101.35,102.00,1071.00,0,0,0
2023-09-12T07:21:08Z,22.61,72.76,100,1,29.86,101.36,100.00,1060.00,null,null,null
2023-09-12T07:22:08Z,22.58,72.73,100,1,34.15,101.36,104.00,1083.00,null,null,null
2023-09-12T07:23:08Z,22.58,72.74,100,1,26.62,101.36,103.00,1081.00,null,null,null
2023-09-12T07:24:08Z,22.59,72.68,100,1,26.97,101.36,103.00,1081.00,null,null,null
2023-09-12T07:25:08Z,22.58,72.77,100,1,28.54,101.36,103.00,1081.00,0,0,0
2023-09-12T07:26:08Z,22.58,72.72,100,1,31.70,101.36,98.00,1047.00,null,null,null
2023-09-12T07:27:08Z,22.59,72.75,100,1,36.24,101.36,103.00,1081.00,null,null,null
2023-09-12T07:28:08Z,22.59,72.73,100,1,24.86,101.36,102.00,1071.00,null,null,null
2023-09-12T07:29:08Z,22.56,72.74,100,1,32.83,101.36,101.00,1068.00,null,null,null
2023-09-12T07:30:08Z,22.56,72.75,100,1,31.12,101.36,101.00,1068.00,0,0,0
2023-09-12T07:31:08Z,22.59,72.72,100,1,29.20,101.36,98.00,1047.00,null,null,null
2023-09-12T07:32:08Z,22.59,72.70,100,1,39.01,101.36,101.00,1068.00,null,null,null
2023-09-12T07:33:08Z,22.56,72.70,100,1,30.86,101.36,101.00,1068.00,null,null,null
2023-09-12T07:34:08Z,22.56,72.74,100,1,32.45,101.37,101.00,1068.00,null,null,null
2023-09-12T07:35:08Z,22.56,72.80,100,0,38.02,101.36,101.00,1068.00,0,0,0
2023-09-12T07:36:08Z,22.58,72.81,100,0,26.08,101.37,98.00,1047.00,null,null,null
2023-09-12T07:37:08Z,22.58,72.77,100,0,31.05,101.37,100.00,1060.00,null,null,null
2023-09-12T07:38:08Z,22.58,72.70,100,0,36.92,101.37,102.00,1071.00,null,null,null
2023-09-12T07:39:08Z,22.61,72.75,100,0,38.01,101.37,101.00,1068.00,null,null,null
2023-09-12T07:40:08Z,22.58,72.76,100,0,34.18,101.36,100.00,1060.00,0,0,0
2023-09-12T07:41:08Z,22.59,72.72,100,0,28.40,101.37,100.00,1060.00,null,null,null
2023-09-12T07:42:08Z,22.58,72.72,100,0,24.07,101.37,101.00,1068.00,null,null,null
2023-09-12T07:43:08Z,22.58,72.70,100,0,27.66,101.37,101.00,1068.00,null,null,null
2023-09-12T07:44:08Z,22.59,72.75,100,0,30.78,101.37,101.00,1068.00,null,null,null
2023-09-12T07:45:08Z,22.53,72.73,100,0,28.66,101.37,98.00,1047.00,0,0,0
2023-09-12T07:46:08Z,22.55,72.77,100,0,28.01,101.37,99.00,1056.00,null,null,null
2023-09-12T07:47:08Z,22.59,72.72,100,0,26.73,101.37,98.00,1047.00,null,null,null
2023-09-12T07:48:08Z,22.55,72.75,100,0,32.73,101.37,99.00,1056.00,null,null,null
2023-09-12T07:49:08Z,22.58,72.77,100,0,29.41,101.37,98.00,1047.00,null,null,null
2023-09-12T07:50:08Z,22.56,72.75,100,0,26.50,101.37,98.00,1047.00,0,0,0
2023-09-12T07:51:08Z,22.56,72.82,100,0,27.77,101.37,98.00,1047.00,null,null,null
2023-09-12T07:52:08Z,22.58,72.80,100,0,25.47,101.38,98.00,1047.00,null,null,null
2023-09-12T07:53:08Z,22.58,72.77,100,0,25.38,101.37,98.00,1047.00,null,null,null
2023-09-12T07:54:08Z,22.55,72.75,100,0,40.50,101.38,98.00,1047.00,null,null,null
2023-09-12T07:55:08Z,22.55,72.87,100,0,26.53,101.37,98.00,1047.00,0,0,0
2023-09-12T07:56:08Z,22.56,73.06,100,0,27.38,101.38,100.00,1060.00,null,null,null
2023-09-12T07:57:08Z,22.58,72.83,100,0,29.88,101.38,102.00,1071.00,null,null,null
2023-09-12T07:58:08Z,22.56,72.80,100,0,29.60,101.38,104.00,1083.00,null,null,null
2023-09-12T07:59:08Z,22.59,72.91,100,0,25.53,101.38,105.00,1095.00,null,null,null
2023-09-12T08:00:08Z,22.59,72.91,100,0,29.79,101.38,110.00,1125.00,0,0,0
2023-09-12T08:01:08Z,22.62,72.87,100,0,23.86,101.38,112.00,1137.00,null,null,null
2023-09-12T08:02:08Z,22.62,72.76,100,0,23.45,101.38,112.00,1137.00,null,null,null
2023-09-12T08:03:08Z,22.62,72.80,100,0,26.24,101.38,114.00,1150.00,null,null,null
2023-09-12T08:04:08Z,22.62,72.77,100,0,24.93,101.38,117.00,1171.00,null,null,null
2023-09-12T08:05:08Z,22.63,72.81,100,0,30.36,101.38,119.00,1184.00,0,0,0
2023-09-12T08:06:08Z,22.66,72.75,100,0,34.20,101.38,121.00,1198.00,null,null,null
2023-09-12T08:07:08Z,22.66,72.73,100,0,27.34,101.38,121.00,1198.00,null,null,null
2023-09-12T08:08:08Z,22.68,72.70,100,0,21.85,101.38,126.00,1228.00,null,null,null
2023-09-12T08:09:08Z,22.68,72.66,100,0,28.47,101.38,126.00,1228.00,null,null,null
2023-09-12T08:10:08Z,22.68,72.69,100,0,27.12,101.38,128.00,1242.00,0,0,0
2023-09-12T08:11:08Z,22.66,72.73,99,0,21.71,101.38,128.00,1242.00,null,null,null
2023-09-12T08:12:08Z,22.69,72.57,100,1,25.03,101.38,130.00,1255.00,null,null,null
2023-09-12T08:13:08Z,22.71,72.60,100,1,27.99,101.38,130.00,1255.00,null,null,null
2023-09-12T08:14:08Z,22.69,72.58,100,0,42.76,101.38,132.00,1270.00,null,null,null
2023-09-12T08:15:08Z,22.69,73.13,100,1,20.29,101.39,134.00,1285.00,0,0,0
2023-09-12T08:16:08Z,22.73,72.96,100,1,26.64,101.39,130.00,1259.00,null,null,null
2023-09-12T08:17:08Z,22.75,73.08,100,1,27.97,101.39,128.00,1245.00,null,null,null
2023-09-12T08:18:08Z,22.72,72.99,100,1,31.37,101.39,118.00,1181.00,null,null,null
2023-09-12T08:19:08Z,22.72,72.94,100,1,25.98,101.39,126.00,1231.00,null,null,null
2023-09-12T08:20:08Z,22.71,72.96,100,1,26.82,101.39,126.00,1231.00,0,0,0
2023-09-12T08:21:08Z,22.73,73.07,100,1,28.55,101.39,126.00,1231.00,null,null,null
2023-09-12T08:22:08Z,22.73,72.85,100,2,24.46,101.39,126.00,1231.00,null,null,null
2023-09-12T08:23:08Z,22.73,73.11,100,2,23.30,101.39,126.00,1231.00,null,null,null
2023-09-12T08:24:08Z,22.73,73.00,100,2,22.78,101.39,124.00,1215.00,null,null,null
2023-09-12T08:25:08Z,22.73,73.02,100,1,29.00,101.39,124.00,1215.00,0,0,0
2023-09-12T08:26:08Z,22.76,72.99,100,1,24.31,101.39,121.00,1198.00,null,null,null
2023-09-12T08:27:08Z,22.72,72.85,100,2,24.07,101.39,114.00,1153.00,null,null,null
2023-09-12T08:28:08Z,22.76,72.86,100,2,25.32,101.39,121.00,1198.00,null,null,null
2023-09-12T08:29:08Z,22.73,72.94,100,3,25.95,101.39,112.00,1140.00,null,null,null
2023-09-12T08:30:08Z,22.72,72.95,100,2,23.40,101.39,119.00,1184.00,0,0,0
2023-09-12T08:31:08Z,22.75,72.86,100,2,28.15,101.39,114.00,1150.00,null,null,null
2023-09-12T08:32:08Z,22.73,72.79,100,2,23.77,101.39,110.00,1128.00,null,null,null
2023-09-12T08:33:08Z,22.73,72.74,100,2,22.61,101.39,117.00,1171.00,null,null,null
2023-09-12T08:34:08Z,22.76,72.91,100,3,41.34,101.39,118.00,1181.00,null,null,null
2023-09-12T08:35:08Z,22.72,72.78,100,3,25.62,101.39,108.00,1113.00,0,0,0
2023-09-12T08:36:08Z,22.73,72.75,100,2,24.43,101.40,112.00,1137.00,null,null,null
2023-09-12T08:37:08Z,22.75,72.78,100,2,24.19,101.40,114.00,1150.00,null,null,null
2023-09-12T08:38:08Z,22.76,72.71,99,2,27.40,101.40,108.00,1113.00,null,null,null
2023-09-12T08:39:08Z,22.75,72.81,100,2,22.94,101.40,107.00,1107.00,null,null,null
2023-09-12T08:40:08Z,22.73,72.76,100,1,22.99,101.40,106.00,1099.00,0,0,0
2023-09-12T08:41:08Z,22.73,72.64,100,1,25.53,101.40,112.00,1137.00,null,null,null
2023-09-12T08:42:08Z,22.75,72.75,100,2,25.13,101.39,115.00,1159.00,null,null,null
2023-09-12T08:43:08Z,22.76,72.60,100,2,40.79,101.40,106.00,1099.00,null,null,null
2023-09-12T08:44:08Z,22.75,72.66,100,2,28.93,101.40,107.00,1107.00,null,null,null
2023-09-12T08:45:08Z,22.75,72.67,100,2,40.31,101.39,105.00,1095.00,0,0,0
2023-09-12T08:46:08Z,22.76,72.60,100,2,37.68,101.40,107.00,1107.00,null,null,null
2023-09-12T08:47:08Z,22.76,72.68,100,2,32.65,101.39,105.00,1095.00,null,null,null
2023-09-12T08:48:08Z,22.75,72.58,100,1,24.46,101.40,107.00,1107.00,null,null,null
2023-09-12T08:49:08Z,22.75,72.67,100,1,30.95,101.40,105.00,1095.00,null,null,null
2023-09-12T08:50:08Z,22.76,72.56,100,1,39.66,101.40,107.00,1107.00,0,0,0
2023-09-12T08:51:08Z,22.76,72.46,100,2,32.85,101.40,105.00,1095.00,null,null,null
2023-09-12T08:52:08Z,22.78,72.45,100,2,32.39,101.40,107.00,1107.00,null,null,null
2023-09-12T08:53:08Z,22.78,72.62,100,2,26.97,101.40,107.00,1107.00,null,null,null
2023-09-12T08:54:08Z,22.76,72.58,100,2,28.89,101.40,107.00,1107.00,null,null,null
2023-09-12T08:55:08Z,22.75,72.54,100,2,27.71,101.40,105.00,1095.00,0,0,0
2023-09-12T08:56:08Z,22.76,72.62,100,2,26.41,101.40,105.00,1095.00,null,null,null
2023-09-12T08:57:08Z,22.75,72.65,100,2,31.96,101.40,105.00,1095.00,null,null,null
2023-09-12T08:58:08Z,22.75,72.52,100,2,25.13,101.39,104.00,1083.00,null,null,null
2023-09-12T08:59:08Z,22.76,72.52,100,2,29.74,101.39,104.00,1083.00,null,null,null
2023-09-12T09:00:08Z,22.76,72.50,100,2,22.61,101.40,101.00,1065.00,0,0,0
2023-09-12T09:01:08Z,22.76,72.46,100,2,26.78,101.40,101.00,1065.00,null,null,null
2023-09-12T09:02:08Z,22.78,72.45,100,3,28.55,101.40,101.00,1065.00,null,null,null
2023-09-12T09:03:08Z,22.78,72.42,100,3,47.99,101.40,104.00,1083.00,null,null,null
2023-09-12T09:04:08Z,22.78,72.50,100,3,37.78,101.40,101.00,1065.00,null,null,null
2023-09-12T09:05:08Z,22.79,72.44,100,2,27.80,101.40,101.00,1065.00,0,0,0
2023-09-12T09:06:08Z,22.78,72.38,100,2,27.92,101.40,101.00,1065.00,null,null,null
2023-09-12T09:07:08Z,22.76,72.39,100,2,42.20,101.40,104.00,1083.00,null,null,null
2023-09-12T09:08:08Z,22.78,72.40,100,2,43.53,101.40,105.00,1095.00,null,null,null
2023-09-12T09:09:08Z,22.79,72.42,100,2,33.11,101.40,105.00,1095.00,null,null,null
2023-09-12T09:10:08Z,22.79,72.47,99,2,35.19,101.40,107.00,1107.00,0,0,0
2023-09-12T09:11:08Z,22.80,72.39,100,2,27.71,101.40,107.00,1107.00,null,null,null
2023-09-12T09:12:08Z,22.80,72.33,100,2,33.94,101.40,105.00,1095.00,null,null,null
2023-09-12T09:13:08Z,22.79,72.26,100,2,28.51,101.40,107.00,1107.00,null,null,null
2023-09-12T09:14:08Z,22.80,72.40,100,2,27.89,101.40,105.00,1095.00,null,null,null
2023-09-12T09:15:08Z,22.78,72.22,100,3,29.61,101.40,107.00,1107.00,0,0,0
2023-09-12T09:16:08Z,22.82,72.35,100,3,26.71,101.40,107.00,1105.00,null,null,null
2023-09-12T09:17:08Z,22.79,72.22,100,3,27.77,101.40,107.00,1107.00,null,null,null
2023-09-12T09:18:08Z,22.82,72.41,100,3,29.84,101.40,111.00,1134.00,null,null,null
2023-09-12T09:19:08Z,22.78,72.57,100,4,23.98,101.40,107.00,1107.00,null,null,null
2023-09-12T09:20:08Z,22.80,72.47,100,4,23.90,101.40,107.00,1107.00,0,0,0
2023-09-12T09:21:08Z,22.80,72.59,100,3,31.77,101.40,107.00,1107.00,null,null,null
2023-09-12T09:22:08Z,22.83,73.24,100,4,28.60,101.40,112.00,1137.00,null,null,null
2023-09-12T09:23:08Z,22.80,72.79,100,17,33.96,101.40,112.00,1137.00,null,null,null
2023-09-12T09:24:08Z,22.84,72.31,100,17,35.75,101.40,118.00,1181.00,null,null,null
2023-09-12T09:25:08Z,22.83,72.61,100,17,37.42,101.40,124.00,1220.00,0,0,0
2023-09-12T09:26:08Z,22.88,72.28,100,16,22.83,101.40,122.00,1204.00,null,null,null
2023-09-12T09:27:08Z,22.88,72.28,100,16,29.26,101.40,124.00,1220.00,null,null,null
2023-09-12T09:28:08Z,22.88,72.42,100,16,27.59,101.40,127.00,1238.00,null,null,null
2023-09-12T09:29:08Z,22.88,72.45,100,14,27.14,101.40,129.00,1252.00,null,null,null
2023-09-12T09:30:08Z,22.86,72.21,100,12,31.66,101.40,131.00,1266.00,0,0,0
2023-09-12T09:31:08Z,22.88,72.24,100,14,26.60,101.40,133.00,1277.00,null,null,null
2023-09-12T09:32:08Z,22.90,72.05,100,15,46.80,101.40,135.00,1291.00,null,null,null
2023-09-12T09:33:08Z,22.92,71.94,100,26,51.85,101.40,139.00,1313.00,null,null,null
2023-09-12T09:34:08Z,22.90,71.86,100,62,25.22,101.39,135.00,1291.00,null,null,null
2023-09-12T09:35:08Z,22.90,71.92,100,20,26.67,101.40,135.00,1291.00,0,0,0
2023-09-12T09:36:08Z,22.92,72.00,100,52,34.02,101.40,133.00,1277.00,null,null,null
2023-09-12T09:37:08Z,22.89,71.89,100,19,38.14,101.39,139.00,1313.00,null,null,null
2023-09-12T09:38:08Z,22.92,71.96,100,20,24.58,101.40,139.00,1313.00,null,null,null
2023-09-12T09:39:08Z,22.92,71.85,100,18,36.47,101.39,139.00,1313.00,null,null,null
2023-09-12T09:40:08Z,22.92,71.87,100,19,34.76,101.39,141.00,1330.00,0,0,0
2023-09-12T09:41:08Z,22.95,72.08,100,21,27.26,101.39,143.00,1345.00,null,null,null
2023-09-12T09:42:08Z,22.95,71.89,100,38,27.34,101.39,143.00,1345.00,null,null,null
2023-09-12T09:43:08Z,22.96,71.97,100,32,36.99,101.39,147.00,1367.00,null,null,null
2023-09-12T09:44:08Z,22.96,71.86,100,26,38.38,101.39,150.00,1385.00,null,null,null
2023-09-12T09:45:08Z,22.95,71.91,100,27,33.29,101.39,147.00,1367.00,0,0,0
2023-09-12T09:46:08Z,22.95,71.94,100,30,32.61,101.39,147.00,1367.00,null,null,null
2023-09-12T09:47:08Z,22.99,71.87,100,24,29.73,101.39,150.00,1385.00,null,null,null
2023-09-12T09:48:08Z,22.98,72.08,100,22,29.95,101.39,147.00,1367.00,null,null,null
2023-09-12T09:49:08Z,23.00,72.02,100,23,29.35,101.39,147.00,1367.00,null,null,null
2023-09-12T09:50:08Z,23.00,72.05,100,56,35.25,101.38,150.00,1385.00,0,0,0
2023-09-12T09:51:08Z,23.00,71.99,100,47,27.55,101.38,152.00,1400.00,null,null,null
2023-09-12T09:52:08Z,23.02,71.91,100,34,24.79,101.39,152.00,1400.00,null,null,null
2023-09-12T09:53:08Z,23.02,71.89,100,33,26.19,101.38,152.00,1400.00,null,null,null
2023-09-12T09:54:08Z,23.02,71.81,100,25,28.80,101.38,152.00,1400.00,null,null,null
2023-09-12T09:55:08Z,23.00,71.70,100,30,28.36,101.39,152.00,1400.00,0,0,0
2023-09-12T09:56:08Z,23.02,71.59,100,19,25.90,101.38,153.00,1408.00,null,null,null
2023-09-12T09:57:08Z,23.03,71.53,100,20,24.86,101.38,151.00,1393.00,null,null,null
2023-09-12T09:58:08Z,23.03,71.43,100,34,26.26,101.39,151.00,1393.00,null,null,null
2023-09-12T09:59:08Z,23.03,71.43,100,25,24.31,101.39,148.00,1376.00,null,null,null
2023-09-12T10:00:08Z,23.02,71.42,100,28,25.47,101.39,148.00,1376.00,0,0,0
2023-09-12T10:01:08Z,23.03,71.34,100,23,34.03,101.38,145.00,1352.00,null,null,null
2023-09-12T10:02:08Z,23.04,71.34,100,28,24.43,101.38,145.00,1352.00,null,null,null
2023-09-12T10:03:08Z,23.03,71.21,100,26,23.45,101.39,142.00,1338.00,null,null,null
2023-09-12T10:04:08Z,23.06,71.26,100,20,22.24,101.38,145.00,1352.00,null,null,null
2023-09-12T10:05:08Z,23.04,71.19,100,18,26.76,101.39,142.00,1338.00,0,0,0
2023-09-12T10:06:08Z,23.04,71.23,100,17,23.72,101.38,142.00,1338.00,null,null,null
2023-09-12T10:07:08Z,23.06,71.05,100,15,21.85,101.39,142.00,1338.00,null,null,null
2023-09-12T10:08:08Z,23.04,71.01,100,16,28.40,101.39,139.00,1313.00,null,null,null
2023-09-12T10:09:08Z,23.03,70.90,100,16,31.01,101.39,139.00,1313.00,null,null,null
2023-09-12T10:10:08Z,23.03,71.03,100,15,40.14,101.39,136.00,1299.00,0,0,0
2023-09-12T10:11:08Z,23.04,70.94,100,14,27.10,101.39,136.00,1299.00,null,null,null
2023-09-12T10:12:08Z,23.06,70.88,100,12,25.87,101.39,136.00,1299.00,null,null,null
2023-09-12T10:13:08Z,23.06,70.76,100,14,24.61,101.39,136.00,1299.00,null,null,null
2023-09-12T10:14:08Z,23.06,70.80,100,15,36.83,101.39,136.00,1299.00,null,null,null
2023-09-12T10:15:08Z,23.06,70.79,100,19,22.94,101.39,134.00,1285.00,0,0,0
2023-09-12T10:16:08Z,23.06,70.78,100,17,27.10,101.39,129.00,1252.00,null,null,null
2023-09-12T10:17:08Z,23.06,70.72,100,19,30.89,101.39,132.00,1270.00,null,null,null
2023-09-12T10:18:08Z,23.07,70.66,100,20,26.36,101.39,134.00,1281.00,null,null,null
2023-09-12T10:19:08Z,23.04,70.59,100,20,24.43,101.39,131.00,1262.00,null,null,null
2023-09-12T10:20:08Z,23.06,70.58,100,20,27.53,101.39,129.00,1248.00,0,0,0
2023-09-12T10:21:08Z,23.07,70.60,100,23,23.94,101.39,127.00,1235.00,null,null,null
2023-09-12T10:22:08Z,23.07,70.51,100,30,29.68,101.39,127.00,1235.00,null,null,null
2023-09-12T10:23:08Z,23.09,70.44,100,24,22.24,101.39,124.00,1220.00,null,null,null
2023-09-12T10:24:08Z,23.04,70.44,100,22,30.46,101.39,124.00,1220.00,null,null,null
2023-09-12T10:25:08Z,23.06,70.48,100,28,27.78,101.39,124.00,1220.00,0,0,0
2023-09-12T10:26:08Z,23.06,70.59,100,27,28.20,101.38,124.00,1220.00,null,null,null
2023-09-12T10:27:08Z,23.07,70.38,100,25,24.61,101.38,129.00,1248.00,null,null,null
2023-09-12T10:28:08Z,23.04,70.36,100,22,23.45,101.38,129.00,1248.00,null,null,null
2023-09-12T10:29:08Z,23.06,70.35,100,22,31.82,101.39,127.00,1235.00,null,null,null
2023-09-12T10:30:08Z,23.07,70.35,100,27,33.16,101.38,129.00,1248.00,0,0,0
2023-09-12T10:31:08Z,23.07,70.41,100,22,24.86,101.38,127.00,1235.00,null,null,null
2023-09-12T10:32:08Z,23.09,70.41,100,22,32.71,101.38,127.00,1235.00,null,null,null
2023-09-12T10:33:08Z,23.09,70.51,100,23,30.20,101.38,124.00,1220.00,null,null,null
2023-09-12T10:34:08Z,23.09,70.53,100,19,28.34,101.38,127.00,1235.00,null,null,null
2023-09-12T10:35:08Z,23.07,70.41,100,20,27.36,101.38,129.00,1248.00,0,0,0
2023-09-12T10:36:08Z,23.10,70.39,100,19,27.53,101.38,127.00,1235.00,null,null,null
2023-09-12T10:37:08Z,23.10,70.23,100,20,32.74,101.38,129.00,1248.00,null,null,null
2023-09-12T10:38:08Z,23.10,70.37,100,20,24.23,101.38,128.00,1245.00,null,null,null
2023-09-12T10:39:08Z,23.10,70.32,100,22,23.68,101.38,127.00,1235.00,null,null,null
2023-09-12T10:40:08Z,23.10,70.34,100,25,28.06,101.38,129.00,1248.00,0,0,0
2023-09-12T10:41:08Z,23.10,70.23,100,22,26.82,101.38,127.00,1235.00,null,null,null
2023-09-12T10:42:08Z,23.13,70.30,100,21,26.67,101.38,130.00,1259.00,null,null,null
2023-09-12T10:43:08Z,23.13,70.10,100,22,27.36,101.38,129.00,1248.00,null,null,null
2023-09-12T10:44:08Z,23.10,70.14,100,22,26.08,101.38,128.00,1245.00,null,null,null
2023-09-12T10:45:08Z,23.11,70.07,100,24,29.61,101.38,126.00,1231.00,0,0,0
2023-09-12T10:46:08Z,23.11,70.01,100,23,24.39,101.38,126.00,1231.00,null,null,null
2023-09-12T10:47:08Z,23.14,70.03,100,22,29.12,101.38,124.00,1215.00,null,null,null
2023-09-12T10:48:08Z,23.10,70.19,100,22,24.65,101.38,124.00,1215.00,null,null,null
2023-09-12T10:49:08Z,23.11,70.04,100,22,27.62,101.38,126.00,1231.00,null,null,null
2023-09-12T10:50:08Z,23.11,70.05,100,26,22.83,101.38,126.00,1231.00,0,0,0
2023-09-12T10:51:08Z,23.13,70.03,100,22,28.33,101.38,126.00,1231.00,null,null,null
2023-09-12T10:52:08Z,23.11,70.07,100,20,29.55,101.38,126.00,1231.00,null,null,null
2023-09-12T10:53:08Z,23.11,69.87,100,21,24.27,101.38,126.00,1231.00,null,null,null
2023-09-12T10:54:08Z,23.11,69.86,100,19,23.90,101.38,126.00,1231.00,null,null,null
2023-09-12T10:55:08Z,23.11,69.76,100,20,25.22,101.38,124.00,1215.00,0,0,0
2023-09-12T10:56:08Z,23.11,69.74,100,21,28.20,101.38,124.00,1215.00,null,null,null
2023-09-12T10:57:08Z,23.13,69.81,100,19,26.19,101.38,126.00,1228.00,null,null,null
2023-09-12T10:58:08Z,23.10,69.62,100,18,23.49,101.38,122.00,1201.00,null,null,null
2023-09-12T10:59:08Z,23.13,69.67,100,18,24.43,101.38,121.00,1198.00,null,null,null
2023-09-12T11:00:08Z,23.10,69.64,100,17,33.38,101.38,123.00,1212.00,0,0,0
2023-09-12T11:01:08Z,23.13,69.57,100,17,22.49,101.38,121.00,1198.00,null,null,null
2023-09-12T11:02:08Z,23.13,69.58,100,18,24.07,101.37,119.00,1184.00,null,null,null
2023-09-12T11:03:08Z,23.11,69.68,100,19,23.25,101.37,117.00,1168.00,null,null,null
2023-09-12T11:04:08Z,23.16,69.75,100,27,24.35,101.37,119.00,1184.00,null,null,null
2023-09-12T11:05:08Z,23.16,69.69,100,19,29.50,101.37,117.00,1174.00,0,0,0
2023-09-12T11:06:08Z,23.13,70.10,100,19,23.30,101.37,119.00,1184.00,null,null,null
2023-09-12T11:07:08Z,23.16,69.89,99,20,24.86,101.37,120.00,1188.00,null,null,null
2023-09-12T11:08:08Z,23.16,69.86,100,19,29.58,101.37,122.00,1201.00,null,null,null
2023-09-12T11:09:08Z,23.14,69.68,100,19,24.65,101.37,122.00,1201.00,null,null,null
2023-09-12T11:10:08Z,23.13,69.72,100,18,26.16,101.37,123.00,1212.00,0,0,0
2023-09-12T11:11:08Z,23.14,69.72,100,18,25.98,101.37,123.00,1212.00,null,null,null
2023-09-12T11:12:08Z,23.19,69.65,100,18,23.94,101.38,123.00,1212.00,null,null,null
2023-09-12T11:13:08Z,23.14,69.51,100,18,37.05,101.37,123.00,1212.00,null,null,null
2023-09-12T11:14:08Z,23.14,69.42,99,18,28.91,101.37,121.00,1198.00,null,null,null
2023-09-12T11:15:08Z,23.14,69.59,100,17,26.71,101.37,121.00,1198.00,0,0,0
2023-09-12T11:16:08Z,23.16,69.55,100,17,25.92,101.37,119.00,1184.00,null,null,null
2023-09-12T11:17:08Z,23.16,69.56,100,17,37.83,101.37,119.00,1184.00,null,null,null
2023-09-12T11:18:08Z,23.14,69.45,100,18,31.86,101.37,117.00,1168.00,null,null,null
2023-09-12T11:19:08Z,23.17,69.44,100,18,33.33,101.37,117.00,1168.00,null,null,null
2023-09-12T11:20:08Z,23.16,69.32,100,18,29.32,101.37,114.00,1153.00,0,0,0
2023-09-12T11:21:08Z,23.16,69.18,100,18,32.48,101.37,114.00,1153.00,null,null,null
2023-09-12T11:22:08Z,23.17,69.08,100,19,24.23,101.37,114.00,1150.00,null,null,null
2023-09-12T11:23:08Z,23.16,69.07,100,20,26.91,101.37,111.00,1131.00,null,null,null
2023-09-12T11:24:08Z,23.14,69.07,100,19,28.67,101.37,109.00,1118.00,null,null,null
2023-09-12T11:25:08Z,23.14,69.04,100,20,29.25,101.37,109.00,1118.00,0,0,0
2023-09-12T11:26:08Z,23.17,69.07,100,20,29.92,101.37,105.00,1093.00,null,null,null
2023-09-12T11:27:08Z,23.17,69.01,100,20,27.59,101.37,105.00,1093.00,null,null,null
2023-09-12T11:28:08Z,23.16,69.07,100,20,29.97,101.37,105.00,1093.00,null,null,null
2023-09-12T11:29:08Z,23.16,68.95,100,20,27.49,101.36,101.00,1065.00,null,null,null
2023-09-12T11:30:08Z,23.14,68.80,100,20,29.72,101.37,101.00,1065.00,0,0,0
2023-09-12T11:31:08Z,23.14,68.90,100,20,30.73,101.36,101.00,1065.00,null,null,null
2023-09-12T11:32:08Z,23.16,68.94,100,20,26.55,101.37,101.00,1065.00,null,null,null
2023-09-12T11:33:08Z,23.19,68.88,100,19,29.84,101.36,99.00,1053.00,null,null,null
2023-09-12T11:34:08Z,23.19,68.80,100,20,32.26,101.36,101.00,1065.00,null,null,null
2023-09-12T11:35:08Z,23.17,68.88,100,19,28.01,101.36,99.00,1053.00,0,0,0
2023-09-12T11:36:08Z,23.17,68.74,100,18,25.19,101.36,97.00,1041.00,null,null,null
2023-09-12T11:37:08Z,23.19,68.72,100,18,32.42,101.36,99.00,1050.00,null,null,null
2023-09-12T11:38:08Z,23.20,68.78,100,18,24.89,101.36,99.00,1050.00,null,null,null
2023-09-12T11:39:08Z,23.20,68.73,100,18,30.97,101.36,97.00,1041.00,null,null,null
2023-09-12T11:40:08Z,23.17,68.74,100,18,24.54,101.36,97.00,1038.00,0,0,0
2023-09-12T11:41:08Z,23.19,68.81,100,19,24.15,101.36,94.00,1019.00,null,null,null
2023-09-12T11:42:08Z,23.20,68.92,100,19,28.34,101.36,95.00,1029.00,null,null,null
2023-09-12T11:43:08Z,23.16,69.14,100,19,28.09,101.36,97.00,1041.00,null,null,null
2023-09-12T11:44:08Z,23.17,69.01,100,19,27.08,101.36,99.00,1053.00,null,null,null
2023-09-12T11:45:08Z,23.17,69.11,100,18,23.59,101.36,101.00,1065.00,0,0,0
2023-09-12T11:46:08Z,23.19,69.21,100,17,33.25,101.36,101.00,1065.00,null,null,null
2023-09-12T11:47:08Z,23.21,69.03,100,17,25.90,101.36,105.00,1093.00,null,null,null
2023-09-12T11:48:08Z,23.23,68.89,100,17,27.92,101.36,107.00,1105.00,null,null,null
2023-09-12T11:49:08Z,23.20,68.78,100,17,30.07,101.37,109.00,1118.00,null,null,null
2023-09-12T11:50:08Z,23.20,68.71,100,18,30.56,101.36,107.00,1105.00,0,0,0
2023-09-12T11:51:08Z,23.21,68.53,100,19,34.58,101.36,108.00,1113.00,null,null,null
2023-09-12T11:52:08Z,23.21,68.65,100,20,26.21,101.36,106.00,1102.00,null,null,null
2023-09-12T11:53:08Z,23.20,68.67,100,19,29.31,101.36,104.00,1086.00,null,null,null
2023-09-12T11:54:08Z,23.21,68.67,100,19,23.20,101.36,104.00,1086.00,null,null,null
2023-09-12T11:55:08Z,23.20,69.11,100,18,31.24,101.36,106.00,1102.00,0,0,0
2023-09-12T11:56:08Z,23.23,68.94,100,18,26.60,101.36,109.00,1118.00,null,null,null
2023-09-12T11:57:08Z,23.20,68.88,100,18,25.56,101.36,111.00,1131.00,null,null,null
2023-09-12T11:58:08Z,23.20,68.80,100,18,28.44,101.36,111.00,1131.00,null,null,null
2023-09-12T11:59:08Z,23.20,68.94,100,18,28.25,101.36,114.00,1150.00,null,null,null
2023-09-12T12:00:08Z,23.21,68.98,100,17,26.50,101.36,111.00,1131.00,0,0,0
2023-09-12T12:01:08Z,23.24,68.99,100,17,29.08,101.36,114.00,1150.00,null,null,null
2023-09-12T12:02:08Z,23.23,69.08,100,16,35.04,101.36,116.00,1163.00,null,null,null
2023-09-12T12:03:08Z,23.23,69.06,100,15,32.13,101.36,116.00,1163.00,null,null,null
2023-09-12T12:04:08Z,23.23,68.95,100,15,25.67,101.36,116.00,1163.00,null,null,null
2023-09-12T12:05:08Z,23.23,68.81,100,14,34.17,101.36,114.00,1150.00,0,0,0
2023-09-12T12:06:08Z,23.23,68.89,100,14,29.53,101.36,114.00,1150.00,null,null,null
2023-09-12T12:07:08Z,23.24,68.81,100,14,30.72,101.36,111.00,1131.00,null,null,null
2023-09-12T12:08:08Z,23.24,68.81,100,14,37.86,101.36,111.00,1131.00,null,null,null
2023-09-12T12:09:08Z,23.23,68.77,100,15,34.33,101.36,111.00,1131.00,null,null,null
2023-09-12T12:10:08Z,23.24,68.72,100,15,36.80,101.36,109.00,1118.00,0,0,0
2023-09-12T12:11:08Z,23.23,68.58,100,15,28.09,101.36,112.00,1140.00,null,null,null
2023-09-12T12:12:08Z,23.26,68.65,100,15,37.59,101.36,108.00,1113.00,null,null,null
2023-09-12T12:13:08Z,23.24,68.48,99,15,36.26,101.36,94.00,1019.00,null,null,null
2023-09-12T12:14:08Z,23.24,68.30,100,14,27.24,101.36,106.00,1102.00,null,null,null
2023-09-12T12:15:08Z,23.24,68.10,100,14,33.06,101.36,102.00,1074.00,0,0,0
2023-09-12T12:16:08Z,23.23,68.04,100,15,30.97,101.37,104.00,1083.00,null,null,null
2023-09-12T12:17:08Z,23.26,68.08,100,15,27.18,101.36,102.00,1071.00,null,null,null
2023-09-12T12:18:08Z,23.23,68.03,100,15,33.74,101.36,86.00,970.00,null,null,null
2023-09-12T12:19:08Z,23.23,68.49,100,15,39.93,101.36,100.00,1060.00,null,null,null
2023-09-12T12:20:08Z,23.24,68.36,100,14,27.38,101.36,100.00,1062.00,0,0,0
2023-09-12T12:21:08Z,23.24,68.14,100,14,27.90,101.36,100.00,1062.00,null,null,null
2023-09-12T12:22:08Z,23.24,68.38,100,10,29.94,101.36,100.00,1060.00,null,null,null
2023-09-12T12:23:08Z,23.27,68.46,100,11,33.25,101.35,102.00,1074.00,null,null,null
2023-09-12T12:24:08Z,23.26,68.44,100,11,25.76,101.35,90.00,995.00,null,null,null
2023-09-12T12:25:08Z,23.27,68.37,100,14,25.41,101.36,90.00,995.00,0,0,0
2023-09-12T12:26:08Z,23.27,68.23,100,14,31.16,101.36,90.00,995.00,null,null,null
2023-09-12T12:27:08Z,23.28,68.18,100,14,25.65,101.35,92.00,1004.00,null,null,null
2023-09-12T12:28:08Z,23.28,68.10,100,14,35.79,101.35,92.00,1004.00,null,null,null
2023-09-12T12:29:08Z,23.27,68.13,100,12,31.20,101.36,92.00,1004.00,null,null,null
2023-09-12T12:30:08Z,23.28,68.06,100,14,22.43,101.35,90.00,992.00,0,0,0
2023-09-12T12:31:08Z,23.27,67.83,99,14,23.45,101.35,88.00,981.00,null,null,null
2023-09-12T12:32:08Z,23.28,68.05,100,14,28.23,101.35,86.00,970.00,null,null,null
2023-09-12T12:33:08Z,23.28,67.84,100,14,27.38,101.35,86.00,970.00,null,null,null
2023-09-12T12:34:08Z,23.28,68.03,100,15,47.22,101.34,86.00,970.00,null,null,null
2023-09-12T12:35:08Z,23.28,68.18,100,15,23.72,101.35,88.00,981.00,0,0,0
2023-09-12T12:36:08Z,23.27,68.13,100,17,27.55,101.35,88.00,981.00,null,null,null
2023-09-12T12:37:08Z,23.27,68.21,100,17,27.97,101.35,88.00,981.00,null,null,null
2023-09-12T12:38:08Z,23.28,67.78,100,18,32.62,101.35,92.00,1004.00,null,null,null
2023-09-12T12:39:08Z,23.28,67.81,100,17,30.43,101.35,88.00,981.00,null,null,null
2023-09-12T12:40:08Z,23.26,67.81,100,17,24.65,101.35,90.00,992.00,0,0,0
2023-09-12T12:41:08Z,23.30,67.98,100,17,23.49,101.35,85.00,959.00,null,null,null
2023-09-12T12:42:08Z,23.28,67.82,100,18,25.00,101.34,85.00,959.00,null,null,null
2023-09-12T12:43:08Z,23.27,67.74,100,17,26.60,101.35,85.00,959.00,null,null,null
2023-09-12T12:44:08Z,23.27,67.64,100,16,28.77,101.35,86.00,970.00,null,null,null
2023-09-12T12:45:08Z,23.28,67.85,100,17,26.36,101.34,86.00,970.00,0,0,0
2023-09-12T12:46:08Z,23.28,67.98,100,16,25.03,101.34,83.00,949.00,null,null,null
2023-09-12T12:47:08Z,23.27,67.92,100,16,29.74,101.35,85.00,959.00,null,null,null
2023-09-12T12:48:08Z,23.27,67.64,100,15,30.97,101.35,85.00,959.00,null,null,null
2023-09-12T12:49:08Z,23.27,67.85,100,15,25.53,101.34,86.00,970.00,null,null,null
2023-09-12T12:50:08Z,23.28,68.02,100,15,24.89,101.34,81.00,935.00,0,0,0
2023-09-12T12:51:08Z,23.30,68.03,100,15,24.58,101.34,83.00,949.00,null,null,null
2023-09-12T12:52:08Z,23.30,67.95,100,14,25.79,101.34,83.00,949.00,null,null,null
2023-09-12T12:53:08Z,23.30,67.87,100,14,24.68,101.34,85.00,959.00,null,null,null
2023-09-12T12:54:08Z,23.27,67.82,100,15,23.54,101.34,85.00,959.00,null,null,null
2023-09-12T12:55:08Z,23.30,67.81,100,14,28.48,101.35,85.00,959.00,0,0,0
2023-09-12T12:56:08Z,23.30,67.87,100,14,28.06,101.34,85.00,959.00,null,null,null
2023-09-12T12:57:08Z,23.31,68.15,100,15,25.56,101.34,85.00,959.00,null,null,null
2023-09-12T12:58:08Z,23.31,68.08,100,14,22.31,101.34,88.00,981.00,null,null,null
2023-09-12T12:59:08Z,23.31,67.95,100,14,30.43,101.34,88.00,981.00,null,null,null
2023-09-12T13:00:08Z,23.30,67.74,100,14,26.93,101.34,88.00,981.00,0,0,0
2023-09-12T13:01:08Z,23.28,67.77,100,13,25.56,101.34,88.00,981.00,null,null,null
2023-09-12T13:02:08Z,23.31,67.81,100,13,28.25,101.35,86.00,970.00,null,null,null
2023-09-12T13:03:08Z,23.30,67.70,100,12,23.90,101.34,86.00,970.00,null,null,null
2023-09-12T13:04:08Z,23.31,67.63,100,11,29.69,101.34,88.00,981.00,null,null,null
2023-09-12T13:05:08Z,23.28,67.94,100,8,21.56,101.34,86.00,970.00,0,0,0
2023-09-12T13:06:08Z,23.30,67.83,100,11,24.50,101.35,83.00,949.00,null,null,null
2023-09-12T13:07:08Z,23.33,67.74,100,10,31.81,101.35,85.00,959.00,null,null,null
2023-09-12T13:08:08Z,23.30,67.55,100,10,30.01,101.35,86.00,970.00,null,null,null
2023-09-12T13:09:08Z,23.30,67.53,100,9,24.58,101.35,86.00,970.00,null,null,null
2023-09-12T13:10:08Z,23.31,67.60,100,10,22.99,101.35,83.00,949.00,0,0,0
2023-09-12T13:11:08Z,23.30,67.49,100,8,22.94,101.35,81.00,935.00,null,null,null
2023-09-12T13:12:08Z,23.33,67.44,100,8,30.30,101.35,83.00,949.00,null,null,null
2023-09-12T13:13:08Z,23.33,67.65,100,10,63.15,101.35,83.00,949.00,null,null,null
2023-09-12T13:14:08Z,23.34,67.68,100,8,27.04,101.34,83.00,949.00,null,null,null
2023-09-12T13:15:08Z,23.33,67.39,100,8,28.28,101.34,81.00,935.00,0,0,0
2023-09-12T13:16:08Z,23.34,67.21,100,8,23.94,101.34,79.00,923.00,null,null,null
2023-09-12T13:17:08Z,23.35,67.28,100,8,24.07,101.34,79.00,923.00,null,null,null
2023-09-12T13:18:08Z,23.37,66.98,100,8,23.68,101.35,78.00,915.00,null,null,null
2023-09-12T13:19:08Z,23.35,66.99,100,8,28.06,101.35,78.00,913.00,null,null,null
2023-09-12T13:20:08Z,23.34,67.10,100,10,23.30,101.34,76.00,902.00,0,0,0
2023-09-12T13:21:08Z,23.35,67.30,100,10,27.49,101.35,74.00,889.00,null,null,null
2023-09-12T13:22:08Z,23.33,67.05,100,10,22.31,101.34,75.00,895.00,null,null,null
2023-09-12T13:23:08Z,23.35,67.34,100,10,25.79,101.34,74.00,889.00,null,null,null
2023-09-12T13:24:08Z,23.33,67.09,100,9,23.49,101.34,75.00,895.00,null,null,null
2023-09-12T13:25:08Z,23.34,67.20,100,9,26.41,101.34,74.00,889.00,0,0,0
2023-09-12T13:26:08Z,23.34,67.01,100,9,26.57,101.34,74.00,889.00,null,null,null
2023-09-12T13:27:08Z,23.37,67.12,100,8,24.07,101.35,74.00,889.00,null,null,null
2023-09-12T13:28:08Z,23.33,66.79,100,8,23.59,101.34,76.00,902.00,null,null,null
2023-09-12T13:29:08Z,23.33,66.85,100,8,22.99,101.34,74.00,889.00,null,null,null
2023-09-12T13:30:08Z,23.33,66.90,100,8,23.90,101.34,74.00,889.00,0,0,0
2023-09-12T13:31:08Z,23.33,66.72,100,8,29.11,101.34,71.00,870.00,null,null,null
2023-09-12T13:32:08Z,23.35,66.41,100,8,25.38,101.34,72.00,877.00,null,null,null
2023-09-12T13:33:08Z,23.33,66.40,100,9,25.92,101.34,69.00,855.00,null,null,null
2023-09-12T13:34:08Z,23.31,66.57,100,8,22.83,101.34,69.00,855.00,null,null,null
2023-09-12T13:35:08Z,23.33,66.59,100,9,25.84,101.34,67.00,846.00,0,0,0
2023-09-12T13:36:08Z,23.34,66.66,100,8,27.80,101.34,66.00,836.00,null,null,null
2023-09-12T13:37:08Z,23.33,66.89,100,8,25.38,101.34,66.00,836.00,null,null,null
2023-09-12T13:38:08Z,23.31,66.71,100,8,26.11,101.34,66.00,838.00,null,null,null
2023-09-12T13:39:08Z,23.33,66.57,100,8,29.40,101.34,66.00,836.00,null,null,null
2023-09-12T13:40:08Z,23.31,66.99,100,6,30.63,101.34,67.00,846.00,0,0,0
2023-09-12T13:41:08Z,23.33,66.68,100,7,22.78,101.33,65.00,830.00,null,null,null
2023-09-12T13:42:08Z,23.34,66.78,100,6,24.58,101.33,66.00,836.00,null,null,null
2023-09-12T13:43:08Z,23.31,66.70,100,6,35.85,101.33,66.00,836.00,null,null,null
2023-09-12T13:44:08Z,23.31,66.68,100,7,25.03,101.34,65.00,830.00,null,null,null
2023-09-12T13:45:08Z,23.33,66.82,100,8,32.92,101.34,67.00,846.00,0,0,0
2023-09-12T13:46:08Z,23.34,66.79,100,6,23.94,101.34,65.00,830.00,null,null,null
2023-09-12T13:47:08Z,23.35,66.67,100,6,27.69,101.34,65.00,830.00,null,null,null
2023-09-12T13:48:08Z,23.34,66.73,100,7,25.50,101.34,66.00,836.00,null,null,null
2023-09-12T13:49:08Z,23.37,66.57,100,6,27.38,101.34,66.00,836.00,null,null,null
2023-09-12T13:50:08Z,23.35,66.55,100,6,26.82,101.34,65.00,827.00,0,0,0
2023-09-12T13:51:08Z,23.35,66.46,100,6,25.56,101.34,62.00,808.00,null,null,null
2023-09-12T13:52:08Z,23.37,66.77,100,4,23.98,101.34,62.00,808.00,null,null,null
2023-09-12T13:53:08Z,23.37,66.44,100,7,25.73,101.34,61.00,802.00,null,null,null
2023-09-12T13:54:08Z,23.37,66.41,100,7,28.55,101.34,59.00,793.00,null,null,null
2023-09-12T13:55:08Z,23.35,66.55,100,7,24.19,101.34,59.00,793.00,0,0,0
2023-09-12T13:56:08Z,23.37,66.58,100,8,26.69,101.34,56.00,772.00,null,null,null
2023-09-12T13:57:08Z,23.38,66.64,100,5,27.44,101.34,57.00,780.00,null,null,null
2023-09-12T13:58:08Z,23.37,66.66,100,7,28.83,101.34,57.00,780.00,null,null,null
2023-09-12T13:59:08Z,23.40,66.70,100,5,24.11,101.34,57.00,780.00,null,null,null
2023-09-12T14:00:08Z,23.38,66.76,100,7,28.42,101.34,57.00,780.00,0,0,0
2023-09-12T14:01:08Z,23.38,66.75,100,6,26.57,101.34,56.00,774.00,null,null,null
2023-09-12T14:02:08Z,23.40,66.71,100,6,23.77,101.34,56.00,774.00,null,null,null
2023-09-12T14:03:08Z,23.38,66.75,100,6,32.11,101.34,59.00,793.00,null,null,null
2023-09-12T14:04:08Z,23.38,66.66,100,6,32.44,101.34,59.00,793.00,null,null,null
2023-09-12T14:05:08Z,23.37,66.86,100,6,26.64,101.34,57.00,780.00,0,0,0
2023-09-12T14:06:08Z,23.40,66.85,100,6,42.99,101.34,58.00,785.00,null,null,null
2023-09-12T14:07:08Z,23.38,66.86,100,6,27.16,101.34,56.00,774.00,null,null,null
2023-09-12T14:08:08Z,23.38,67.31,100,6,26.06,101.34,58.00,785.00,null,null,null
2023-09-12T14:09:08Z,23.37,66.95,100,5,24.27,101.34,57.00,778.00,null,null,null
2023-09-12T14:10:08Z,23.38,66.85,100,7,34.49,101.34,56.00,774.00,0,0,0
2023-09-12T14:11:08Z,23.40,67.33,100,7,61.85,101.34,55.00,765.00,null,null,null
2023-09-12T14:12:08Z,23.40,67.05,100,6,60.96,101.34,56.00,768.00,null,null,null
2023-09-12T14:13:08Z,23.40,67.04,100,7,26.62,101.34,59.00,793.00,null,null,null
2023-09-12T14:14:08Z,23.40,66.85,100,7,24.23,101.34,58.00,785.00,null,null,null
2023-09-12T14:15:08Z,23.37,66.83,100,7,31.66,101.34,56.00,774.00,0,0,0
2023-09-12T14:16:08Z,23.37,66.71,100,7,26.99,101.34,56.00,774.00,null,null,null
2023-09-12T14:17:08Z,23.40,66.73,100,7,28.36,101.34,57.00,780.00,null,null,null
2023-09-12T14:18:08Z,23.38,66.57,100,5,29.57,101.34,57.00,780.00,null,null,null
2023-09-12T14:19:08Z,23.37,66.78,100,7,25.41,101.34,59.00,793.00,null,null,null
2023-09-12T14:20:08Z,23.38,66.61,100,7,25.26,101.34,58.00,785.00,0,0,0
2023-09-12T14:21:08Z,23.38,66.43,100,7,27.44,101.34,57.00,780.00,null,null,null
2023-09-12T14:22:08Z,23.38,66.50,100,8,25.76,101.34,56.00,772.00,null,null,null
2023-09-12T14:23:08Z,23.37,66.48,100,8,35.95,101.34,56.00,772.00,null,null,null
2023-09-12T14:24:08Z,23.37,66.34,100,8,26.29,101.34,56.00,772.00,null,null,null
2023-09-12T14:25:08Z,23.37,66.49,100,8,25.76,101.34,55.00,765.00,0,0,0
2023-09-12T14:26:08Z,23.35,66.45,100,8,27.24,101.34,56.00,772.00,null,null,null
2023-09-12T14:27:08Z,23.37,66.49,100,8,28.37,101.34,56.00,772.00,null,null,null
2023-09-12T14:28:08Z,23.35,66.38,100,8,33.31,101.34,55.00,765.00,null,null,null
2023-09-12T14:29:08Z,23.35,66.60,100,8,32.53,101.33,56.00,772.00,null,null,null
2023-09-12T14:30:08Z,23.37,66.49,100,8,28.68,101.33,56.00,772.00,0,0,0
2023-09-12T14:31:08Z,23.37,66.50,100,8,26.29,101.33,54.00,757.00,null,null,null
2023-09-12T14:32:08Z,23.37,66.45,100,8,27.30,101.33,54.00,757.00,null,null,null
2023-09-12T14:33:08Z,23.37,66.65,100,8,22.43,101.33,54.00,757.00,null,null,null
2023-09-12T14:34:08Z,23.37,66.55,100,7,28.14,101.33,55.00,765.00,null,null,null
2023-09-12T14:35:08Z,23.35,66.66,100,6,25.29,101.33,54.00,757.00,0,0,0
2023-09-12T14:36:08Z,23.35,66.57,100,6,25.09,101.33,54.00,757.00,null,null,null
2023-09-12T14:37:08Z,23.35,66.64,100,6,31.12,101.33,55.00,765.00,null,null,null
2023-09-12T14:38:08Z,23.34,66.69,100,6,30.33,101.33,55.00,765.00,null,null,null
2023-09-12T14:39:08Z,23.33,66.60,100,5,30.76,101.33,55.00,765.00,null,null,null
2023-09-12T14:40:08Z,23.35,66.61,100,6,26.21,101.33,55.00,765.00,0,0,0
2023-09-12T14:41:08Z,23.34,66.55,100,5,24.07,101.33,55.00,765.00,null,null,null
2023-09-12T14:42:08Z,23.35,66.58,100,5,27.53,101.32,55.00,765.00,null,null,null
2023-09-12T14:43:08Z,23.35,66.65,100,4,26.57,101.32,55.00,765.00,null,null,null
2023-09-12T14:44:08Z,23.37,66.63,100,5,26.21,101.32,55.00,765.00,null,null,null
2023-09-12T14:45:08Z,23.35,66.76,100,4,30.45,101.32,55.00,765.00,0,0,0
2023-09-12T14:46:08Z,23.40,66.77,100,4,27.02,101.33,53.00,749.00,null,null,null
2023-09-12T14:47:08Z,23.35,66.79,100,4,30.38,101.32,51.00,740.00,null,null,null
2023-09-12T14:48:08Z,23.37,66.77,100,4,24.27,101.33,53.00,749.00,null,null,null
2023-09-12T14:49:08Z,23.34,66.77,100,4,32.49,101.33,51.00,740.00,null,null,null
2023-09-12T14:50:08Z,23.34,66.87,100,4,28.02,101.33,51.00,740.00,0,0,0
2023-09-12T14:51:08Z,23.33,66.69,100,3,25.90,101.33,51.00,740.00,null,null,null
2023-09-12T14:52:08Z,23.34,66.82,100,3,23.40,101.32,54.00,757.00,null,null,null
2023-09-12T14:53:08Z,23.34,66.93,100,3,43.57,101.33,51.00,740.00,null,null,null
2023-09-12T14:54:08Z,23.35,66.83,100,3,33.61,101.33,51.00,740.00,null,null,null
2023-09-12T14:55:08Z,23.33,66.80,100,3,24.83,101.33,53.00,749.00,0,0,0
2023-09-12T14:56:08Z,23.33,66.80,100,3,26.55,101.32,50.00,732.00,null,null,null
2023-09-12T14:57:08Z,23.34,66.83,100,3,27.55,101.33,51.00,740.00,null,null,null
2023-09-12T14:58:08Z,23.34,66.82,100,3,28.34,101.33,51.00,740.00,null,null,null
2023-09-12T14:59:08Z,23.37,66.80,100,3,26.97,101.33,50.00,732.00,null,null,null
2023-09-12T15:00:08Z,23.33,66.86,100,3,46.29,101.33,51.00,740.00,0,0,0
2023-09-12T15:01:08Z,23.34,66.93,100,3,53.20,101.33,49.00,726.00,null,null,null
2023-09-12T15:02:08Z,23.31,66.88,100,2,34.67,101.33,49.00,726.00,null,null,null
2023-09-12T15:03:08Z,23.31,66.90,100,2,28.71,101.33,50.00,732.00,null,null,null
2023-09-12T15:04:08Z,23.33,66.96,100,3,33.11,101.32,47.00,714.00,null,null,null
2023-09-12T15:05:08Z,23.33,66.90,100,3,25.92,101.33,47.00,714.00,0,0,0
2023-09-12T15:06:08Z,23.33,66.93,100,3,36.27,101.32,44.00,690.00,null,null,null
2023-09-12T15:07:08Z,23.33,66.99,100,3,23.94,101.33,46.00,704.00,null,null,null
2023-09-12T15:08:08Z,23.31,66.98,100,3,24.15,101.33,45.00,699.00,null,null,null
2023-09-12T15:09:08Z,23.31,67.00,100,3,32.21,101.32,45.00,699.00,null,null,null
2023-09-12T15:10:08Z,23.30,67.10,100,3,25.73,101.32,45.00,699.00,0,0,0
2023-09-12T15:11:08Z,23.33,67.15,100,3,32.70,101.32,44.00,690.00,null,null,null
2023-09-12T15:12:08Z,23.30,67.14,100,3,28.98,101.32,45.00,699.00,null,null,null
2023-09-12T15:13:08Z,23.33,67.14,100,2,29.86,101.32,46.00,704.00,null,null,null
2023-09-12T15:14:08Z,23.33,67.21,100,3,26.00,101.32,45.00,699.00,null,null,null
2023-09-12T15:15:08Z,23.34,67.20,100,3,24.39,101.32,46.00,704.00,0,0,0
2023-09-12T15:16:08Z,23.31,67.26,100,3,24.39,101.32,45.00,699.00,null,null,null
2023-09-12T15:17:08Z,23.31,67.28,100,3,30.39,101.32,45.00,699.00,null,null,null
2023-09-12T15:18:08Z,23.33,67.34,100,3,27.87,101.32,43.00,683.00,null,null,null
2023-09-12T15:19:08Z,23.30,67.31,100,4,24.31,101.32,44.00,692.00,null,null,null
2023-09-12T15:20:08Z,23.28,67.43,100,4,22.66,101.32,44.00,692.00,0,0,0
2023-09-12T15:21:08Z,23.31,67.45,100,4,24.86,101.32,44.00,692.00,null,null,null
2023-09-12T15:22:08Z,23.30,67.44,100,4,29.79,101.32,44.00,692.00,null,null,null
2023-09-12T15:23:08Z,23.31,67.49,100,5,25.44,101.31,45.00,699.00,null,null,null
2023-09-12T15:24:08Z,23.30,67.54,100,4,27.73,101.32,44.00,692.00,null,null,null
2023-09-12T15:25:08Z,23.31,67.55,100,4,26.71,101.31,44.00,692.00,0,0,0
2023-09-12T15:26:08Z,23.31,67.55,100,4,27.64,101.32,45.00,699.00,null,null,null
2023-09-12T15:27:08Z,23.31,67.61,100,4,26.69,101.32,45.00,699.00,null,null,null
2023-09-12T15:28:08Z,23.30,67.64,100,4,26.24,101.31,25.00,566.00,null,null,null
2023-09-12T15:29:08Z,23.28,67.63,100,5,28.15,101.32,23.00,552.00,null,null,null
2023-09-12T15:30:08Z,23.30,67.67,100,5,24.35,101.32,24.00,561.00,0,0,0
2023-09-12T15:31:08Z,23.31,67.71,100,5,26.76,101.32,23.00,555.00,null,null,null
2023-09-12T15:32:08Z,23.28,67.75,100,5,22.78,101.32,24.00,561.00,null,null,null
2023-09-12T15:33:08Z,23.31,67.75,100,5,26.24,101.32,24.00,560.00,null,null,null
2023-09-12T15:34:08Z,23.30,67.80,100,5,30.49,101.32,24.00,560.00,null,null,null
2023-09-12T15:35:08Z,23.31,67.77,100,5,30.61,101.32,24.00,564.00,0,0,0
2023-09-12T15:36:08Z,23.31,67.81,100,5,32.47,101.32,24.00,564.00,null,null,null
2023-09-12T15:37:08Z,23.30,67.86,100,5,22.49,101.32,24.00,564.00,null,null,null
2023-09-12T15:38:08Z,23.33,67.89,100,5,33.50,101.32,26.00,572.00,null,null,null
2023-09-12T15:39:08Z,23.30,67.91,100,6,23.68,101.32,26.00,575.00,null,null,null
2023-09-12T15:40:08Z,23.30,67.99,100,6,36.83,101.32,26.00,575.00,0,0,0
2023-09-12T15:41:08Z,23.33,67.97,100,8,25.62,101.32,26.00,575.00,null,null,null
2023-09-12T15:42:08Z,23.31,68.03,100,8,27.16,101.32,26.00,572.00,null,null,null
2023-09-12T15:43:08Z,23.30,68.08,100,8,23.90,101.32,26.00,575.00,null,null,null
2023-09-12T15:44:08Z,23.34,68.13,100,8,27.22,101.32,26.00,572.00,null,null,null
2023-09-12T15:45:08Z,23.31,68.11,100,8,26.29,101.32,26.00,575.00,0,0,0
2023-09-12T15:46:08Z,23.34,68.18,100,8,31.87,101.31,24.00,564.00,null,null,null
2023-09-12T15:47:08Z,23.33,68.13,100,9,29.82,101.31,26.00,575.00,null,null,null
2023-09-12T15:48:08Z,23.33,68.13,100,9,31.42,101.31,26.00,575.00,null,null,null
2023-09-12T15:49:08Z,23.33,67.92,100,9,24.03,101.32,26.00,575.00,null,null,null
2023-09-12T15:50:08Z,23.33,67.72,100,9,34.59,101.32,26.00,575.00,0,0,0
2023-09-12T15:51:08Z,23.33,67.51,100,8,28.48,101.31,27.00,578.00,null,null,null
2023-09-12T15:52:08Z,23.33,67.38,100,6,27.64,101.31,27.00,578.00,null,null,null
2023-09-12T15:53:08Z,23.34,67.25,100,5,23.81,101.31,25.00,566.00,null,null,null
2023-09-12T15:54:08Z,23.33,67.06,100,5,26.95,101.31,24.00,561.00,null,null,null
2023-09-12T15:55:08Z,23.31,67.07,100,5,51.00,101.31,24.00,561.00,0,0,0
2023-09-12T15:56:08Z,23.31,66.86,100,4,27.80,101.31,24.00,561.00,null,null,null
2023-09-12T15:57:08Z,23.34,66.81,100,4,24.58,101.31,23.00,551.00,null,null,null
2023-09-12T15:58:08Z,23.33,66.58,100,4,28.83,101.32,23.00,551.00,null,null,null
2023-09-12T15:59:08Z,23.34,66.57,100,4,27.75,101.31,23.00,551.00,null,null,null
2023-09-12T16:00:08Z,23.33,66.67,100,4,33.42,101.31,22.00,545.00,0,0,0
2023-09-12T16:01:08Z,23.34,66.51,100,4,31.56,101.31,20.00,537.00,null,null,null
2023-09-12T16:02:08Z,23.30,66.60,100,3,25.73,101.32,21.00,540.00,null,null,null
2023-09-12T16:03:08Z,23.33,66.48,100,3,29.27,101.32,21.00,540.00,null,null,null
2023-09-12T16:04:08Z,23.31,66.47,100,3,27.26,101.32,20.00,537.00,null,null,null
2023-09-12T16:05:08Z,23.30,66.56,100,3,25.41,101.32,20.00,533.00,0,0,0
2023-09-12T16:06:08Z,23.30,66.57,100,4,26.71,101.33,18.00,520.00,null,null,null
2023-09-12T16:07:08Z,23.33,66.58,100,3,23.49,101.32,18.00,520.00,null,null,null
2023-09-12T16:08:08Z,23.31,66.67,100,2,26.76,101.32,18.00,520.00,null,null,null
2023-09-12T16:09:08Z,23.28,66.74,100,2,25.09,101.33,18.00,520.00,null,null,null
2023-09-12T16:10:08Z,23.31,66.84,100,2,31.30,101.33,18.00,520.00,0,0,0
2023-09-12T16:11:08Z,23.27,66.85,100,2,31.21,101.33,16.00,508.00,null,null,null
2023-09-12T16:12:08Z,23.28,66.94,100,2,23.90,101.33,18.00,523.00,null,null,null
2023-09-12T16:13:08Z,23.30,67.01,100,2,25.50,101.33,18.00,523.00,null,null,null
2023-09-12T16:14:08Z,23.27,66.99,100,3,26.48,101.33,18.00,523.00,null,null,null
2023-09-12T16:15:08Z,23.28,67.02,100,3,27.68,101.33,19.00,529.00,0,0,0
2023-09-12T16:16:08Z,23.27,67.06,100,3,31.61,101.33,18.00,523.00,null,null,null
2023-09-12T16:17:08Z,23.27,67.15,100,3,31.63,101.33,18.00,523.00,null,null,null
2023-09-12T16:18:08Z,23.27,67.16,100,3,36.30,101.32,19.00,529.00,null,null,null
2023-09-12T16:19:08Z,23.26,67.19,100,3,28.54,101.32,19.00,529.00,null,null,null
2023-09-12T16:20:08Z,23.26,67.27,100,3,25.09,101.33,19.00,529.00,0,0,0
2023-09-12T16:21:08Z,23.26,67.34,100,2,25.84,101.33,18.00,524.00,null,null,null
2023-09-12T16:22:08Z,23.24,67.32,100,1,32.59,101.33,19.00,529.00,null,null,null
2023-09-12T16:23:08Z,23.27,67.30,100,1,34.97,101.33,26.00,574.00,null,null,null
2023-09-12T16:24:08Z,23.26,67.32,100,1,26.34,101.33,19.00,531.00,null,null,null
2023-09-12T16:25:08Z,23.26,67.47,100,2,27.36,101.33,19.00,531.00,0,0,0
2023-09-12T16:26:08Z,23.27,67.40,100,2,27.34,101.33,20.00,536.00,null,null,null
2023-09-12T16:27:08Z,23.27,67.25,100,2,30.01,101.33,19.00,531.00,null,null,null
2023-09-12T16:28:08Z,23.26,67.27,100,2,25.06,101.33,20.00,536.00,null,null,null
2023-09-12T16:29:08Z,23.24,67.32,100,2,27.80,101.33,21.00,542.00,null,null,null
2023-09-12T16:30:08Z,23.26,67.38,100,1,30.07,101.33,29.00,594.00,0,0,0
2023-09-12T16:31:08Z,23.23,67.37,100,1,29.86,101.34,24.00,561.00,null,null,null
2023-09-12T16:32:08Z,23.26,67.37,100,1,31.77,101.34,33.00,618.00,null,null,null
2023-09-12T16:33:08Z,23.26,67.37,100,1,23.72,101.34,27.00,581.00,null,null,null
2023-09-12T16:34:08Z,23.23,67.39,100,1,25.38,101.34,28.00,588.00,null,null,null
2023-09-12T16:35:08Z,23.23,67.19,100,0,25.95,101.34,38.00,652.00,0,0,0
2023-09-12T16:36:08Z,23.23,67.21,100,0,23.20,101.34,37.00,649.00,null,null,null
2023-09-12T16:37:08Z,23.23,67.16,100,0,23.10,101.34,39.00,657.00,null,null,null
2023-09-12T16:38:08Z,23.24,67.08,100,0,27.20,101.33,39.00,657.00,null,null,null
2023-09-12T16:39:08Z,23.20,67.09,100,0,26.57,101.33,37.00,649.00,null,null,null
2023-09-12T16:40:08Z,23.20,67.10,100,0,25.22,101.34,37.00,649.00,0,0,0
2023-09-12T16:41:08Z,23.20,67.11,100,0,24.35,101.34,37.00,643.00,null,null,null
2023-09-12T16:42:08Z,23.20,67.11,100,0,25.90,101.34,37.00,649.00,null,null,null
2023-09-12T16:43:08Z,23.19,67.16,100,0,26.31,101.34,37.00,649.00,null,null,null
2023-09-12T16:44:08Z,23.19,67.16,100,0,24.31,101.34,39.00,657.00,null,null,null
2023-09-12T16:45:08Z,23.20,67.21,100,0,31.77,101.34,40.00,665.00,0,0,0
2023-09-12T16:46:08Z,23.19,67.63,100,0,27.44,101.34,40.00,665.00,null,null,null
2023-09-12T16:47:08Z,23.16,68.32,100,0,27.80,101.34,45.00,699.00,null,null,null
2023-09-12T16:48:08Z,23.16,68.11,100,0,27.32,101.34,47.00,715.00,null,null,null
2023-09-12T16:49:08Z,23.17,68.35,100,0,23.63,101.34,50.00,730.00,null,null,null
2023-09-12T16:50:08Z,23.14,68.42,100,0,32.98,101.34,52.00,746.00,0,0,0
2023-09-12T16:51:08Z,23.16,68.48,100,0,24.58,101.34,51.00,740.00,null,null,null
2023-09-12T16:52:08Z,23.17,68.73,100,0,24.93,101.34,51.00,740.00,null,null,null
2023-09-12T16:53:08Z,23.16,68.89,100,0,24.27,101.35,50.00,732.00,null,null,null
2023-09-12T16:54:08Z,23.14,69.17,100,0,35.31,101.34,47.00,714.00,null,null,null
2023-09-12T16:55:08Z,23.14,69.29,100,0,35.23,101.34,47.00,714.00,0,0,0
2023-09-12T16:56:08Z,23.13,69.49,100,0,24.72,101.34,45.00,699.00,null,null,null
2023-09-12T16:57:08Z,23.11,69.57,100,0,23.86,101.34,44.00,690.00,null,null,null
2023-09-12T16:58:08Z,23.14,69.61,100,0,29.41,101.34,44.00,690.00,null,null,null
2023-09-12T16:59:08Z,23.13,69.64,100,0,26.62,101.34,42.00,682.00,null,null,null
2023-09-12T17:00:08Z,23.09,69.58,100,0,24.76,101.34,42.00,682.00,0,0,0
2023-09-12T17:01:08Z,23.09,69.64,100,0,28.68,101.34,42.00,682.00,null,null,null
2023-09-12T17:02:08Z,23.10,69.79,100,0,28.45,101.34,41.00,675.00,null,null,null
2023-09-12T17:03:08Z,23.09,69.78,100,0,29.23,101.34,41.00,675.00,null,null,null
2023-09-12T17:04:08Z,23.10,69.93,100,0,25.29,101.34,41.00,671.00,null,null,null
2023-09-12T17:05:08Z,23.07,69.96,100,0,28.23,101.34,41.00,671.00,0,0,0
2023-09-12T17:06:08Z,23.09,70.09,100,0,26.29,101.34,40.00,666.00,null,null,null
2023-09-12T17:07:08Z,23.09,70.29,100,0,26.80,101.34,41.00,671.00,null,null,null
2023-09-12T17:08:08Z,23.07,70.16,100,0,24.54,101.34,41.00,671.00,null,null,null
2023-09-12T17:09:08Z,23.06,69.93,100,0,28.30,101.34,41.00,671.00,null,null,null
2023-09-12T17:10:08Z,23.04,70.08,100,0,26.53,101.34,41.00,675.00,0,0,0
2023-09-12T17:11:08Z,23.06,69.98,100,0,24.86,101.34,41.00,671.00,null,null,null
2023-09-12T17:12:08Z,23.06,69.97,100,0,25.32,101.34,41.00,675.00,null,null,null
2023-09-12T17:13:08Z,23.04,69.91,100,0,26.29,101.34,41.00,675.00,null,null,null
2023-09-12T17:14:08Z,23.03,69.86,100,0,29.42,101.34,41.00,675.00,null,null,null
2023-09-12T17:15:08Z,23.04,69.87,100,0,28.31,101.34,41.00,675.00,0,0,0
2023-09-12T17:16:08Z,23.04,69.87,100,0,26.19,101.34,40.00,666.00,null,null,null
2023-09-12T17:17:08Z,23.03,69.87,100,0,26.06,101.34,41.00,671.00,null,null,null
2023-09-12T17:18:08Z,23.03,70.10,100,0,26.41,101.35,40.00,666.00,null,null,null
2023-09-12T17:19:08Z,23.02,70.20,100,0,25.59,101.35,40.00,666.00,null,null,null
2023-09-12T17:20:08Z,23.00,70.21,100,0,30.82,101.35,41.00,675.00,0,0,0
2023-09-12T17:21:08Z,23.02,70.19,100,0,28.52,101.35,41.00,675.00,null,null,null
2023-09-12T17:22:08Z,23.00,70.01,100,0,23.49,101.34,41.00,675.00,null,null,null
2023-09-12T17:23:08Z,23.00,70.04,100,0,25.92,101.34,41.00,675.00,null,null,null
2023-09-12T17:24:08Z,22.99,70.02,100,0,31.29,101.34,41.00,675.00,null,null,null
2023-09-12T17:25:08Z,22.99,69.94,100,0,27.71,101.35,41.00,671.00,0,0,0
2023-09-12T17:26:08Z,23.02,69.90,100,0,24.27,101.35,40.00,666.00,null,null,null
2023-09-12T17:27:08Z,22.99,69.76,100,0,24.15,101.35,40.00,666.00,null,null,null
2023-09-12T17:28:08Z,22.98,69.86,100,0,27.34,101.35,39.00,657.00,null,null,null
2023-09-12T17:29:08Z,22.98,69.78,100,0,27.45,101.35,39.00,657.00,null,null,null
2023-09-12T17:30:08Z,22.96,69.78,100,0,21.78,101.35,38.00,652.00,0,0,0
2023-09-12T17:31:08Z,22.96,69.72,100,0,24.58,101.35,37.00,645.00,null,null,null
2023-09-12T17:32:08Z,22.95,69.77,100,0,32.29,101.35,38.00,650.00,null,null,null
2023-09-12T17:33:08Z,22.96,69.74,100,0,30.14,101.35,37.00,645.00,null,null,null
2023-09-12T17:34:08Z,22.95,69.73,100,0,25.84,101.36,38.00,650.00,null,null,null
2023-09-12T17:35:08Z,22.95,69.77,100,0,23.45,101.36,37.00,645.00,0,0,0
2023-09-12T17:36:08Z,22.93,69.68,100,0,25.16,101.36,36.00,640.00,null,null,null
2023-09-12T17:37:08Z,22.95,69.71,100,0,33.34,101.36,37.00,645.00,null,null,null
2023-09-12T17:38:08Z,22.93,69.65,100,0,24.46,101.36,37.00,645.00,null,null,null
2023-09-12T17:39:08Z,22.90,69.74,100,0,23.10,101.36,37.00,645.00,null,null,null
2023-09-12T17:40:08Z,22.92,69.81,100,0,26.64,101.36,36.00,638.00,0,0,0
2023-09-12T17:41:08Z,22.93,69.74,100,0,24.15,101.36,35.00,633.00,null,null,null
2023-09-12T17:42:08Z,22.92,69.81,100,0,25.53,101.37,36.00,638.00,null,null,null
2023-09-12T17:43:08Z,22.89,69.88,100,0,25.53,101.37,34.00,629.00,null,null,null
2023-09-12T17:44:08Z,22.92,70.05,100,0,31.45,101.38,35.00,633.00,null,null,null
2023-09-12T17:45:08Z,22.88,70.14,100,0,29.57,101.38,35.00,633.00,0,0,0
2023-09-12T17:46:08Z,22.90,70.43,100,0,24.23,101.38,36.00,640.00,null,null,null
2023-09-12T17:47:08Z,22.88,71.05,100,0,30.11,101.38,35.00,634.00,null,null,null
2023-09-12T17:48:08Z,22.88,71.44,100,0,30.66,101.38,35.00,634.00,null,null,null
2023-09-12T17:49:08Z,22.88,71.60,100,0,31.38,101.39,34.00,627.00,null,null,null
2023-09-12T17:50:08Z,22.83,71.87,100,0,25.00,101.39,34.00,627.00,0,0,0
2023-09-12T17:51:08Z,22.84,72.21,100,0,25.13,101.39,34.00,624.00,null,null,null
2023-09-12T17:52:08Z,22.84,72.20,100,0,26.41,101.39,34.00,624.00,null,null,null
2023-09-12T17:53:08Z,22.83,72.24,100,0,25.92,101.39,33.00,618.00,null,null,null
2023-09-12T17:54:08Z,22.80,72.27,100,0,23.45,101.40,33.00,618.00,null,null,null
2023-09-12T17:55:08Z,22.82,72.43,100,0,25.38,101.40,32.00,614.00,0,0,0
2023-09-12T17:56:08Z,22.83,72.31,100,0,24.07,101.40,32.00,614.00,null,null,null
2023-09-12T17:57:08Z,22.79,72.42,100,0,26.97,101.40,32.00,614.00,null,null,null
2023-09-12T17:58:08Z,22.79,72.40,100,0,22.78,101.40,31.00,605.00,null,null,null
2023-09-12T17:59:08Z,22.79,72.51,100,0,27.44,101.40,31.00,605.00,null,null,null
2023-09-12T18:00:08Z,22.78,72.21,100,0,30.20,101.40,31.00,605.00,0,0,0
2023-09-12T18:01:08Z,22.76,72.01,100,0,30.89,101.40,31.00,607.00,null,null,null
2023-09-12T18:02:08Z,22.76,72.09,100,0,27.36,101.40,31.00,607.00,null,null,null
2023-09-12T18:03:08Z,22.76,71.92,100,0,24.35,101.40,30.00,602.00,null,null,null
2023-09-12T18:04:08Z,22.73,71.94,100,0,27.80,101.40,30.00,602.00,null,null,null
2023-09-12T18:05:08Z,22.73,72.02,100,0,29.61,101.40,30.00,602.00,0,0,0
2023-09-12T18:06:08Z,22.75,72.15,100,0,26.26,101.40,33.00,618.00,null,null,null
2023-09-12T18:07:08Z,22.71,72.36,100,0,25.76,101.40,29.00,594.00,null,null,null
2023-09-12T18:08:08Z,22.72,72.04,100,0,25.90,101.40,33.00,617.00,null,null,null
2023-09-12T18:09:08Z,22.71,72.21,100,0,25.35,101.40,33.00,618.00,null,null,null
2023-09-12T18:10:08Z,22.71,72.31,100,0,24.15,101.40,33.00,623.00,0,0,0
2023-09-12T18:11:08Z,22.66,72.44,100,0,31.85,101.40,31.00,607.00,null,null,null
2023-09-12T18:12:08Z,22.66,72.16,100,0,24.93,101.40,31.00,607.00,null,null,null
2023-09-12T18:13:08Z,22.66,72.13,100,0,26.31,101.40,30.00,603.00,null,null,null
2023-09-12T18:14:08Z,22.65,72.29,100,0,30.16,101.40,30.00,603.00,null,null,null
2023-09-12T18:15:08Z,22.62,72.26,100,0,24.89,101.40,30.00,602.00,0,0,0
2023-09-12T18:16:08Z,22.65,71.81,100,0,24.68,101.40,30.00,599.00,null,null,null
2023-09-12T18:17:08Z,22.63,71.54,100,0,28.17,101.40,30.00,603.00,null,null,null
2023-09-12T18:18:08Z,22.61,71.50,100,0,26.34,101.40,29.00,596.00,null,null,null
2023-09-12T18:19:08Z,22.62,71.51,100,0,23.86,101.40,28.00,589.00,null,null,null
2023-09-12T18:20:08Z,22.58,71.70,100,0,25.73,101.41,29.00,596.00,0,0,0
2023-09-12T18:21:08Z,22.58,71.76,100,0,32.80,101.41,28.00,589.00,null,null,null
2023-09-12T18:22:08Z,22.58,71.68,100,0,25.13,101.40,27.00,580.00,null,null,null
2023-09-12T18:23:08Z,22.59,71.85,100,0,27.75,101.40,28.00,589.00,null,null,null
2023-09-12T18:24:08Z,22.58,72.03,100,0,26.62,101.40,29.00,592.00,null,null,null
2023-09-12T18:25:08Z,22.55,72.05,100,0,22.78,101.41,29.00,592.00,0,0,0
2023-09-12T18:26:08Z,22.56,72.12,100,0,23.72,101.41,29.00,592.00,null,null,null
2023-09-12T18:27:08Z,22.56,72.33,100,0,26.24,101.41,29.00,592.00,null,null,null
2023-09-12T18:28:08Z,22.53,72.31,100,0,29.64,101.41,28.00,588.00,null,null,null
2023-09-12T18:29:08Z,22.55,72.37,100,0,22.12,101.41,29.00,592.00,null,null,null
2023-09-12T18:30:08Z,22.55,72.61,100,0,23.30,101.41,30.00,599.00,0,0,0
2023-09-12T18:31:08Z,22.55,72.67,100,0,27.57,101.41,30.00,602.00,null,null,null
2023-09-12T18:32:08Z,22.53,72.79,100,0,24.58,101.41,31.00,607.00,null,null,null
2023-09-12T18:33:08Z,22.53,72.81,100,0,30.55,101.42,30.00,602.00,null,null,null
2023-09-12T18:34:08Z,22.51,72.95,100,0,25.76,101.42,31.00,607.00,null,null,null
2023-09-12T18:35:08Z,22.51,72.70,100,0,30.13,101.42,31.00,607.00,0,0,0
2023-09-12T18:36:08Z,22.51,72.92,100,0,29.31,101.42,32.00,614.00,null,null,null
2023-09-12T18:37:08Z,22.51,73.15,100,0,32.61,101.43,31.00,607.00,null,null,null
2023-09-12T18:38:08Z,22.49,73.06,100,0,30.30,101.42,31.00,607.00,null,null,null
2023-09-12T18:39:08Z,22.47,73.12,100,0,24.83,101.43,31.00,607.00,null,null,null
2023-09-12T18:40:08Z,22.48,72.96,100,0,23.15,101.43,31.00,607.00,0,0,0
2023-09-12T18:41:08Z,22.49,73.21,100,0,27.87,101.43,32.00,612.00,null,null,null
2023-09-12T18:42:08Z,22.48,73.21,100,0,32.14,101.43,32.00,612.00,null,null,null
2023-09-12T18:43:08Z,22.48,73.26,100,0,30.70,101.44,32.00,612.00,null,null,null
2023-09-12T18:44:08Z,22.47,73.20,100,0,25.79,101.44,33.00,617.00,null,null,null
2023-09-12T18:45:08Z,22.47,73.41,100,0,24.27,101.43,35.00,631.00,0,0,0
2023-09-12T18:46:08Z,22.47,73.41,100,0,25.44,101.44,34.00,626.00,null,null,null
2023-09-12T18:47:08Z,22.45,73.55,100,0,22.37,101.44,35.00,631.00,null,null,null
2023-09-12T18:48:08Z,22.47,73.56,100,0,24.93,101.44,35.00,631.00,null,null,null
2023-09-12T18:49:08Z,22.45,73.78,100,0,23.35,101.44,36.00,640.00,null,null,null
2023-09-12T18:50:08Z,22.45,73.71,100,0,28.14,101.44,34.00,626.00,0,0,0
2023-09-12T18:51:08Z,22.45,73.84,100,0,24.35,101.44,36.00,640.00,null,null,null
2023-09-12T18:52:08Z,22.45,73.79,100,0,25.13,101.44,35.00,634.00,null,null,null
2023-09-12T18:53:08Z,22.44,73.74,100,0,23.54,101.45,36.00,640.00,null,null,null
2023-09-12T18:54:08Z,22.41,73.74,100,0,23.72,101.45,37.00,645.00,null,null,null
2023-09-12T18:55:08Z,22.44,73.87,100,0,22.89,101.45,37.00,649.00,0,0,0
2023-09-12T18:56:08Z,22.41,73.81,100,0,25.32,101.45,37.00,643.00,null,null,null
2023-09-12T18:57:08Z,22.42,74.03,100,0,26.73,101.45,38.00,650.00,null,null,null
2023-09-12T18:58:08Z,22.41,73.99,100,0,33.71,101.46,38.00,650.00,null,null,null
2023-09-12T18:59:08Z,22.42,74.13,100,0,23.15,101.46,39.00,656.00,null,null,null
2023-09-12T19:00:08Z,22.41,74.18,100,0,28.11,101.46,39.00,656.00,0,0,0
2023-09-12T19:01:08Z,22.40,74.42,100,0,26.84,101.46,39.00,656.00,null,null,null
2023-09-12T19:02:08Z,22.41,74.10,100,0,24.46,101.46,38.00,650.00,null,null,null
2023-09-12T19:03:08Z,22.40,74.20,100,0,33.00,101.46,39.00,656.00,null,null,null
2023-09-12T19:04:08Z,22.37,74.32,100,0,27.18,101.46,39.00,656.00,null,null,null
2023-09-12T19:05:08Z,22.38,73.98,100,0,25.32,101.46,39.00,656.00,0,0,0
2023-09-12T19:06:08Z,22.40,74.34,100,0,24.39,101.46,40.00,665.00,null,null,null
2023-09-12T19:07:08Z,22.38,74.30,100,0,25.67,101.46,40.00,665.00,null,null,null
2023-09-12T19:08:08Z,22.40,74.40,100,0,24.31,101.47,41.00,672.00,null,null,null
2023-09-12T19:09:08Z,22.38,74.58,100,0,23.59,101.47,41.00,672.00,null,null,null
2023-09-12T19:10:08Z,22.38,74.63,100,0,25.19,101.47,41.00,675.00,0,0,0
2023-09-12T19:11:08Z,22.37,74.72,100,0,23.68,101.47,41.00,672.00,null,null,null
2023-09-12T19:12:08Z,22.38,74.70,100,0,22.94,101.47,41.00,675.00,null,null,null
2023-09-12T19:13:08Z,22.37,74.59,100,0,25.44,101.47,41.00,675.00,null,null,null
2023-09-12T19:14:08Z,22.35,74.63,100,0,23.45,101.47,41.00,675.00,null,null,null
2023-09-12T19:15:08Z,22.35,74.83,100,0,26.46,101.47,42.00,682.00,0,0,0
2023-09-12T19:16:08Z,22.38,74.86,100,0,24.68,101.47,41.00,671.00,null,null,null
2023-09-12T19:17:08Z,22.37,74.68,100,0,27.59,101.47,43.00,683.00,null,null,null
2023-09-12T19:18:08Z,22.37,74.96,100,0,22.66,101.48,44.00,690.00,null,null,null
2023-09-12T19:19:08Z,22.35,74.95,100,0,24.96,101.47,43.00,683.00,null,null,null
2023-09-12T19:20:08Z,22.32,74.81,100,0,30.31,101.48,43.00,683.00,0,0,0
2023-09-12T19:21:08Z,22.35,75.06,100,0,25.00,101.48,43.00,683.00,null,null,null
2023-09-12T19:22:08Z,22.35,74.86,100,0,25.95,101.48,43.00,683.00,null,null,null
2023-09-12T19:23:08Z,22.32,75.20,100,0,24.07,101.49,43.00,683.00,null,null,null
2023-09-12T19:24:08Z,22.31,74.53,100,0,25.22,101.49,41.00,675.00,null,null,null
2023-09-12T19:25:08Z,22.32,74.37,100,0,27.18,101.49,42.00,682.00,0,0,0
2023-09-12T19:26:08Z,22.32,74.36,100,0,25.38,101.49,41.00,675.00,null,null,null
2023-09-12T19:27:08Z,22.32,74.36,100,0,22.94,101.50,42.00,682.00,null,null,null
2023-09-12T19:28:08Z,22.31,74.31,100,0,26.48,101.50,42.00,682.00,null,null,null
2023-09-12T19:29:08Z,22.32,74.14,100,0,23.81,101.51,42.00,682.00,null,null,null
2023-09-12T19:30:08Z,22.31,74.06,100,0,27.06,101.51,43.00,688.00,0,0,0
2023-09-12T19:31:08Z,22.28,73.98,100,0,22.18,101.51,43.00,688.00,null,null,null
2023-09-12T19:32:08Z,22.32,73.61,100,0,26.41,101.51,42.00,682.00,null,null,null
2023-09-12T19:33:08Z,22.29,73.35,100,0,27.34,101.52,43.00,683.00,null,null,null
2023-09-12T19:34:08Z,22.31,73.42,100,0,32.87,101.52,41.00,675.00,null,null,null
2023-09-12T19:35:08Z,22.31,73.25,100,0,24.89,101.52,41.00,671.00,0,0,0
2023-09-12T19:36:08Z,22.31,73.22,100,0,24.65,101.52,39.00,660.00,null,null,null
2023-09-12T19:37:08Z,22.28,73.17,100,0,31.63,101.53,39.00,660.00,null,null,null
2023-09-12T19:38:08Z,22.28,73.23,100,0,25.92,101.52,39.00,660.00,null,null,null
2023-09-12T19:39:08Z,22.25,73.16,100,0,26.11,101.52,39.00,660.00,null,null,null
2023-09-12T19:40:08Z,22.27,73.10,100,0,29.56,101.52,39.00,660.00,0,0,0
2023-09-12T19:41:08Z,22.27,72.92,100,0,26.64,101.52,39.00,660.00,null,null,null
2023-09-12T19:42:08Z,22.27,72.81,100,0,26.91,101.53,40.00,668.00,null,null,null
2023-09-12T19:43:08Z,22.28,72.65,100,0,25.13,101.53,40.00,668.00,null,null,null
2023-09-12T19:44:08Z,22.28,72.63,100,0,22.18,101.52,40.00,668.00,null,null,null
2023-09-12T19:45:08Z,22.28,72.67,100,0,24.43,101.53,40.00,668.00,0,0,0
2023-09-12T19:46:08Z,22.29,72.52,100,0,25.47,101.53,39.00,656.00,null,null,null
2023-09-12T19:47:08Z,22.28,72.40,100,0,25.79,101.53,39.00,659.00,null,null,null
2023-09-12T19:48:08Z,22.29,72.31,100,0,30.54,101.53,39.00,659.00,null,null,null
2023-09-12T19:49:08Z,22.29,72.29,100,0,25.67,101.53,39.00,659.00,null,null,null
2023-09-12T19:50:08Z,22.27,72.23,100,0,23.68,101.53,39.00,656.00,0,0,0
2023-09-12T19:51:08Z,22.25,72.16,100,0,25.03,101.53,39.00,656.00,null,null,null
2023-09-12T19:52:08Z,22.27,72.06,100,0,29.32,101.54,39.00,656.00,null,null,null
2023-09-12T19:53:08Z,22.29,72.08,100,0,26.31,101.53,37.00,646.00,null,null,null
2023-09-12T19:54:08Z,22.27,72.05,100,0,23.81,101.54,39.00,656.00,null,null,null
2023-09-12T19:55:08Z,22.27,72.04,100,0,24.93,101.53,39.00,656.00,0,0,0
2023-09-12T19:56:08Z,22.28,72.04,100,0,37.23,101.54,39.00,656.00,null,null,null
2023-09-12T19:57:08Z,22.28,72.01,100,0,22.78,101.54,39.00,656.00,null,null,null
2023-09-12T19:58:08Z,22.27,71.94,100,0,23.77,101.54,39.00,656.00,null,null,null
2023-09-12T19:59:08Z,22.27,71.95,100,0,29.53,101.54,37.00,646.00,null,null,null
2023-09-12T20:00:08Z,22.27,71.93,100,0,30.81,101.54,37.00,646.00,0,0,0
2023-09-12T20:01:08Z,22.27,71.89,100,0,26.14,101.55,37.00,646.00,null,null,null
2023-09-12T20:02:08Z,22.24,71.93,100,0,28.01,101.54,37.00,646.00,null,null,null
2023-09-12T20:03:08Z,22.25,71.86,100,0,23.30,101.55,39.00,656.00,null,null,null
2023-09-12T20:04:08Z,22.25,71.84,100,0,25.79,101.54,39.00,660.00,null,null,null
2023-09-12T20:05:08Z,22.24,71.85,100,0,26.43,101.54,39.00,660.00,0,0,0
2023-09-12T20:06:08Z,22.28,71.81,100,0,23.15,101.54,47.00,715.00,null,null,null
2023-09-12T20:07:08Z,22.25,71.84,100,0,24.65,101.54,39.00,660.00,null,null,null
2023-09-12T20:08:08Z,22.24,71.72,100,0,24.89,101.54,40.00,666.00,null,null,null
2023-09-12T20:09:08Z,22.23,71.66,100,0,25.35,101.54,50.00,733.00,null,null,null
2023-09-12T20:10:08Z,22.24,71.81,100,0,24.86,101.54,50.00,733.00,0,0,0
2023-09-12T20:11:08Z,22.24,71.79,100,0,24.68,101.54,49.00,726.00,null,null,null
2023-09-12T20:12:08Z,22.24,71.73,100,0,22.83,101.54,50.00,730.00,null,null,null
2023-09-12T20:13:08Z,22.23,71.69,100,0,25.35,101.53,52.00,742.00,null,null,null
2023-09-12T20:14:08Z,22.24,71.70,100,0,23.40,101.54,52.00,742.00,null,null,null
2023-09-12T20:15:08Z,22.23,71.74,100,0,25.41,101.54,53.00,748.00,0,0,0
2023-09-12T20:16:08Z,22.24,71.69,100,0,26.71,101.54,52.00,742.00,null,null,null
2023-09-12T20:17:08Z,22.24,71.64,100,0,32.79,101.54,53.00,748.00,null,null,null
2023-09-12T20:18:08Z,22.23,71.64,100,0,27.08,101.55,53.00,748.00,null,null,null
2023-09-12T20:19:08Z,22.21,71.64,100,0,24.54,101.55,52.00,742.00,null,null,null
2023-09-12T20:20:08Z,22.20,71.67,100,0,25.00,101.55,52.00,742.00,0,0,0
2023-09-12T20:21:08Z,22.21,71.72,100,0,23.63,101.55,50.00,733.00,null,null,null
2023-09-12T20:22:08Z,22.20,71.67,100,0,30.02,101.55,50.00,733.00,null,null,null
2023-09-12T20:23:08Z,22.21,71.65,100,0,26.38,101.55,50.00,733.00,null,null,null
2023-09-12T20:24:08Z,22.23,71.66,100,0,24.15,101.55,52.00,742.00,null,null,null
2023-09-12T20:25:08Z,22.20,71.75,100,0,24.46,101.56,52.00,742.00,0,0,0
2023-09-12T20:26:08Z,22.20,71.67,100,0,27.89,101.56,51.00,737.00,null,null,null
2023-09-12T20:27:08Z,22.20,71.59,100,0,22.78,101.55,52.00,742.00,null,null,null
2023-09-12T20:28:08Z,22.18,71.62,100,0,25.44,101.56,52.00,742.00,null,null,null
2023-09-12T20:29:08Z,22.15,71.70,100,0,26.36,101.56,50.00,733.00,null,null,null
2023-09-12T20:30:08Z,22.17,71.61,100,0,25.32,101.56,53.00,748.00,0,0,0
2023-09-12T20:31:08Z,22.18,71.64,100,0,25.95,101.56,52.00,742.00,null,null,null
2023-09-12T20:32:08Z,22.21,71.63,100,0,22.24,101.56,53.00,748.00,null,null,null
2023-09-12T20:33:08Z,22.20,71.52,100,0,23.72,101.56,54.00,757.00,null,null,null
2023-09-12T20:34:08Z,22.18,71.48,100,0,24.39,101.56,54.00,757.00,null,null,null
2023-09-12T20:35:08Z,22.18,71.56,100,0,24.31,101.56,54.00,757.00,0,0,0
2023-09-12T20:36:08Z,22.17,71.43,100,0,23.45,101.56,54.00,757.00,null,null,null
2023-09-12T20:37:08Z,22.21,71.33,100,0,26.57,101.56,54.00,757.00,null,null,null
2023-09-12T20:38:08Z,22.18,71.33,100,0,22.83,101.57,53.00,748.00,null,null,null
2023-09-12T20:39:08Z,22.17,71.33,100,0,25.03,101.57,53.00,748.00,null,null,null
2023-09-12T20:40:08Z,22.17,71.28,100,0,24.86,101.57,52.00,742.00,0,0,0
2023-09-12T20:41:08Z,22.17,71.22,100,0,20.48,101.57,50.00,733.00,null,null,null
2023-09-12T20:42:08Z,22.17,71.19,100,0,25.19,101.57,52.00,742.00,null,null,null
2023-09-12T20:43:08Z,22.15,71.11,100,0,24.43,101.57,51.00,737.00,null,null,null
2023-09-12T20:44:08Z,22.14,71.08,100,0,24.03,101.57,48.00,717.00,null,null,null
2023-09-12T20:45:08Z,22.14,71.01,100,0,28.33,101.58,48.00,717.00,0,0,0
2023-09-12T20:46:08Z,22.11,70.82,100,0,22.43,101.58,46.00,706.00,null,null,null
2023-09-12T20:47:08Z,22.14,70.89,100,0,26.26,101.58,46.00,702.00,null,null,null
2023-09-12T20:48:08Z,22.13,70.73,100,0,26.43,101.58,43.00,686.00,null,null,null
2023-09-12T20:49:08Z,22.11,70.70,100,17,22.61,101.58,44.00,692.00,null,null,null
2023-09-12T20:50:08Z,22.10,70.79,100,16,25.90,101.59,44.00,692.00,0,0,0
2023-09-12T20:51:08Z,22.11,70.81,100,16,26.36,101.58,42.00,679.00,null,null,null
2023-09-12T20:52:08Z,22.10,70.58,100,15,26.21,101.59,42.00,679.00,null,null,null
2023-09-12T20:53:08Z,22.10,70.56,100,15,32.97,101.58,43.00,686.00,null,null,null
2023-09-12T20:54:08Z,22.13,70.51,100,15,30.79,101.59,44.00,692.00,null,null,null
2023-09-12T20:55:08Z,22.10,70.48,100,15,27.44,101.58,44.00,692.00,0,0,0
2023-09-12T20:56:08Z,22.11,70.50,100,13,37.96,101.59,42.00,679.00,null,null,null
2023-09-12T20:57:08Z,22.13,70.27,100,13,40.73,101.59,41.00,675.00,null,null,null
2023-09-12T20:58:08Z,22.10,70.28,100,13,28.14,101.59,41.00,675.00,null,null,null
2023-09-12T20:59:08Z,22.10,70.25,100,11,54.81,101.59,40.00,668.00,null,null,null
2023-09-12T21:00:08Z,22.08,70.17,100,13,23.94,101.59,40.00,668.00,0,0,0
2023-09-12T21:01:08Z,22.10,70.17,100,13,39.00,101.59,39.00,660.00,null,null,null
2023-09-12T21:02:08Z,22.07,70.07,100,13,27.69,101.59,40.00,668.00,null,null,null
2023-09-12T21:03:08Z,22.07,70.03,100,13,26.71,101.59,40.00,668.00,null,null,null
2023-09-12T21:04:08Z,22.04,69.97,100,13,24.07,101.59,39.00,659.00,null,null,null
2023-09-12T21:05:08Z,22.04,69.99,100,12,44.37,101.59,38.00,653.00,0,0,0
2023-09-12T21:06:08Z,22.04,69.92,100,12,25.87,101.60,37.00,645.00,null,null,null
2023-09-12T21:07:08Z,22.03,69.91,100,12,25.06,101.59,37.00,645.00,null,null,null
2023-09-12T21:08:08Z,22.01,69.71,100,12,36.98,101.59,36.00,638.00,null,null,null
2023-09-12T21:09:08Z,22.03,69.76,100,12,23.94,101.58,36.00,637.00,null,null,null
2023-09-12T21:10:08Z,21.98,69.84,100,12,34.44,101.59,34.00,626.00,0,0,0
2023-09-12T21:11:08Z,22.00,69.86,100,12,23.59,101.58,35.00,633.00,null,null,null
2023-09-12T21:12:08Z,21.98,69.81,100,12,21.92,101.59,37.00,646.00,null,null,null
2023-09-12T21:13:08Z,21.97,69.69,100,12,23.68,101.58,36.00,638.00,null,null,null
2023-09-12T21:14:08Z,21.96,69.66,100,12,26.11,101.59,37.00,643.00,null,null,null
2023-09-12T21:15:08Z,21.96,69.69,100,12,28.89,101.59,36.00,638.00,0,0,0
2023-09-12T21:16:08Z,21.96,69.58,100,12,22.49,101.59,36.00,638.00,null,null,null
2023-09-12T21:17:08Z,21.97,69.61,100,12,28.23,101.58,35.00,631.00,null,null,null
2023-09-12T21:18:08Z,21.96,69.70,99,12,47.39,101.58,37.00,643.00,null,null,null
2023-09-12T21:19:08Z,21.94,69.76,100,12,47.91,101.58,36.00,638.00,null,null,null
2023-09-12T21:20:08Z,21.93,69.73,100,12,32.82,101.59,37.00,646.00,0,0,0
2023-09-12T21:21:08Z,21.94,69.67,100,12,26.34,101.58,38.00,652.00,null,null,null
2023-09-12T21:22:08Z,21.93,69.69,100,13,39.17,101.58,37.00,643.00,null,null,null
2023-09-12T21:23:08Z,21.96,69.61,100,12,25.13,101.58,39.00,659.00,null,null,null
2023-09-12T21:24:08Z,21.90,69.67,100,12,22.24,101.59,38.00,652.00,null,null,null
2023-09-12T21:25:08Z,21.93,69.86,100,12,22.99,101.58,38.00,652.00,0,0,0
2023-09-12T21:26:08Z,21.94,69.44,100,12,24.54,101.58,37.00,646.00,null,null,null
2023-09-12T21:27:08Z,21.93,69.44,100,12,34.17,101.59,37.00,643.00,null,null,null
2023-09-12T21:28:08Z,21.89,69.37,100,12,30.53,101.59,36.00,638.00,null,null,null
2023-09-12T21:29:08Z,21.89,69.42,100,12,39.65,101.59,36.00,638.00,null,null,null
2023-09-12T21:30:08Z,21.87,69.33,100,12,25.90,101.59,37.00,643.00,0,0,0
2023-09-12T21:31:08Z,21.89,69.18,100,12,31.96,101.59,35.00,631.00,null,null,null
2023-09-12T21:32:08Z,21.86,69.19,100,12,26.93,101.59,35.00,633.00,null,null,null
2023-09-12T21:33:08Z,21.89,69.22,100,12,40.91,101.59,33.00,623.00,null,null,null
2023-09-12T21:34:08Z,21.86,69.22,100,12,22.83,101.59,32.00,615.00,null,null,null
2023-09-12T21:35:08Z,21.84,68.94,100,12,30.51,101.60,32.00,612.00,0,0,0
2023-09-12T21:36:08Z,21.84,68.98,100,11,43.27,101.59,30.00,599.00,null,null,null
2023-09-12T21:37:08Z,21.83,69.01,100,0,23.63,101.60,29.00,591.00,null,null,null
2023-09-12T21:38:08Z,21.80,68.99,100,0,25.44,101.60,29.00,591.00,null,null,null
2023-09-12T21:39:08Z,21.79,68.98,100,0,21.02,101.60,29.00,591.00,null,null,null
2023-09-12T21:40:08Z,21.79,69.13,100,0,27.24,101.60,29.00,591.00,0,0,0
2023-09-12T21:41:08Z,21.77,69.12,100,0,27.18,101.60,29.00,591.00,null,null,null
2023-09-12T21:42:08Z,21.79,69.11,100,0,31.64,101.61,29.00,591.00,null,null,null
2023-09-12T21:43:08Z,21.80,69.11,100,0,29.41,101.61,30.00,599.00,null,null,null
2023-09-12T21:44:08Z,21.79,68.93,100,0,25.00,101.61,30.00,599.00,null,null,null
2023-09-12T21:45:08Z,21.74,68.96,100,0,31.45,101.62,30.00,599.00,0,0,0
2023-09-12T21:46:08Z,21.76,68.96,100,0,26.48,101.62,36.00,641.00,null,null,null
2023-09-12T21:47:08Z,21.76,68.91,100,0,25.92,101.61,28.00,586.00,null,null,null
2023-09-12T21:48:08Z,21.72,68.91,100,0,32.91,101.61,28.00,586.00,null,null,null
2023-09-12T21:49:08Z,21.73,69.02,100,0,27.53,101.61,36.00,637.00,null,null,null
2023-09-12T21:50:08Z,21.69,68.87,100,0,26.16,101.62,36.00,637.00,0,0,0
2023-09-12T21:51:08Z,21.72,68.73,100,0,28.36,101.63,33.00,623.00,null,null,null
2023-09-12T21:52:08Z,21.70,68.75,100,0,27.94,101.62,34.00,627.00,null,null,null
2023-09-12T21:53:08Z,21.70,68.67,100,0,28.36,101.63,33.00,618.00,null,null,null
2023-09-12T21:54:08Z,21.69,68.90,100,0,36.04,101.63,34.00,624.00,null,null,null
2023-09-12T21:55:08Z,21.69,69.01,100,0,29.88,101.64,34.00,624.00,0,0,0
2023-09-12T21:56:08Z,21.73,68.86,100,0,28.51,101.63,33.00,623.00,null,null,null
2023-09-12T21:57:08Z,21.72,68.93,100,0,32.39,101.63,36.00,637.00,null,null,null
2023-09-12T21:58:08Z,21.69,68.70,100,0,28.81,101.64,36.00,637.00,null,null,null
2023-09-12T21:59:08Z,21.67,68.67,100,0,29.25,101.63,36.00,641.00,null,null,null
2023-09-12T22:00:08Z,21.69,68.65,100,0,29.21,101.63,36.00,641.00,0,0,0
2023-09-12T22:01:08Z,21.70,68.74,100,0,29.65,101.64,35.00,634.00,null,null,null
2023-09-12T22:02:08Z,21.70,68.70,100,0,28.81,101.64,35.00,634.00,null,null,null
2023-09-12T22:03:08Z,21.69,68.75,100,0,29.76,101.64,35.00,634.00,null,null,null
2023-09-12T22:04:08Z,21.67,68.64,100,0,29.54,101.64,36.00,637.00,null,null,null
2023-09-12T22:05:08Z,21.69,68.42,100,0,28.60,101.64,36.00,641.00,0,0,0
2023-09-12T22:06:08Z,21.69,68.55,100,0,30.77,101.64,34.00,627.00,null,null,null
2023-09-12T22:07:08Z,21.69,68.71,100,0,29.86,101.64,36.00,641.00,null,null,null
2023-09-12T22:08:08Z,21.67,68.59,100,0,31.08,101.65,36.00,641.00,null,null,null
2023-09-12T22:09:08Z,21.70,68.60,100,0,24.58,101.65,36.00,641.00,null,null,null
2023-09-12T22:10:08Z,21.69,68.51,100,0,23.45,101.64,37.00,646.00,0,0,0
2023-09-12T22:11:08Z,21.69,68.30,100,0,23.49,101.65,36.00,641.00,null,null,null
2023-09-12T22:12:08Z,21.66,68.38,100,0,22.18,101.65,35.00,634.00,null,null,null
2023-09-12T22:13:08Z,21.67,68.45,100,0,21.78,101.65,34.00,627.00,null,null,null
2023-09-12T22:14:08Z,21.67,68.49,100,0,23.63,101.66,35.00,634.00,null,null,null
2023-09-12T22:15:08Z,21.66,68.59,99,0,21.78,101.65,34.00,627.00,0,0,0
2023-09-12T22:16:08Z,21.66,68.28,100,0,20.29,101.65,34.00,627.00,null,null,null
2023-09-12T22:17:08Z,21.65,68.31,100,0,25.41,101.65,34.00,627.00,null,null,null
2023-09-12T22:18:08Z,21.63,68.33,100,0,22.24,101.66,34.00,624.00,null,null,null
2023-09-12T22:19:08Z,21.62,68.37,100,0,22.37,101.66,34.00,624.00,null,null,null
2023-09-12T22:20:08Z,21.65,68.65,100,0,24.27,101.66,34.00,624.00,0,0,0
2023-09-12T22:21:08Z,21.65,68.76,100,0,22.49,101.66,34.00,627.00,null,null,null
2023-09-12T22:22:08Z,21.65,68.32,99,0,24.19,101.66,33.00,623.00,null,null,null
2023-09-12T22:23:08Z,21.65,68.38,100,0,25.38,101.67,34.00,627.00,null,null,null
2023-09-12T22:24:08Z,21.62,68.62,100,0,26.93,101.68,34.00,627.00,null,null,null
2023-09-12T22:25:08Z,21.62,68.48,100,0,26.24,101.67,34.00,627.00,0,0,0
2023-09-12T22:26:08Z,21.63,68.45,100,0,22.12,101.68,34.00,627.00,null,null,null
2023-09-12T22:27:08Z,21.65,68.81,100,0,26.34,101.67,34.00,627.00,null,null,null
2023-09-12T22:28:08Z,21.63,68.43,100,0,23.35,101.68,36.00,637.00,null,null,null
2023-09-12T22:29:08Z,21.65,68.47,100,0,24.54,101.68,36.00,641.00,null,null,null
2023-09-12T22:30:08Z,21.62,68.64,100,0,24.15,101.68,36.00,641.00,0,0,0
2023-09-12T22:31:08Z,21.63,68.40,100,0,23.98,101.68,36.00,641.00,null,null,null
2023-09-12T22:32:08Z,21.62,68.45,100,0,23.81,101.69,36.00,641.00,null,null,null
2023-09-12T22:33:08Z,21.63,68.48,100,0,23.20,101.69,36.00,641.00,null,null,null
2023-09-12T22:34:08Z,21.59,68.50,100,0,23.86,101.69,35.00,634.00,null,null,null
2023-09-12T22:35:08Z,21.59,68.56,100,0,24.65,101.70,34.00,627.00,0,0,0
2023-09-12T22:36:08Z,21.57,68.56,100,0,22.43,101.69,33.00,620.00,null,null,null
2023-09-12T22:37:08Z,21.59,68.60,100,0,22.12,101.69,33.00,620.00,null,null,null
2023-09-12T22:38:08Z,21.53,68.82,100,0,25.09,101.70,31.00,607.00,null,null,null
2023-09-12T22:39:08Z,21.55,68.79,100,0,23.15,101.70,30.00,602.00,null,null,null
2023-09-12T22:40:08Z,21.53,68.86,100,0,24.15,101.71,30.00,602.00,0,0,0
2023-09-12T22:41:08Z,21.52,69.00,100,0,24.72,101.70,30.00,602.00,null,null,null
2023-09-12T22:42:08Z,21.55,68.98,100,0,22.24,101.70,30.00,602.00,null,null,null
2023-09-12T22:43:08Z,21.55,69.17,100,0,21.85,101.71,31.00,607.00,null,null,null
2023-09-12T22:44:08Z,21.50,69.04,100,0,24.58,101.70,32.00,615.00,null,null,null
2023-09-12T22:45:08Z,21.50,68.96,100,0,23.77,101.70,30.00,602.00,0,0,0
2023-09-12T22:46:08Z,21.49,68.96,100,0,22.43,101.71,30.00,602.00,null,null,null
2023-09-12T22:47:08Z,21.49,68.98,100,0,23.94,101.70,30.00,602.00,null,null,null
2023-09-12T22:48:08Z,21.45,68.97,100,0,30.27,101.71,30.00,602.00,null,null,null
2023-09-12T22:49:08Z,21.45,69.07,100,0,24.19,101.70,30.00,602.00,null,null,null
2023-09-12T22:50:08Z,21.48,69.15,100,0,21.78,101.71,30.00,602.00,0,0,0
2023-09-12T22:51:08Z,21.42,69.06,100,0,23.86,101.71,28.00,589.00,null,null,null
2023-09-12T22:52:08Z,21.43,69.10,100,0,24.68,101.72,28.00,589.00,null,null,null
2023-09-12T22:53:08Z,21.41,69.15,100,0,23.59,101.71,28.00,589.00,null,null,null
2023-09-12T22:54:08Z,21.41,69.16,100,0,24.46,101.71,29.00,596.00,null,null,null
2023-09-12T22:55:08Z,21.39,69.22,100,0,22.24,101.71,30.00,602.00,0,0,0
2023-09-12T22:56:08Z,21.39,69.28,100,0,23.20,101.72,29.00,596.00,null,null,null
2023-09-12T22:57:08Z,21.41,69.27,100,0,29.43,101.71,30.00,602.00,null,null,null
2023-09-12T22:58:08Z,21.41,69.14,100,0,24.43,101.71,30.00,602.00,null,null,null
2023-09-12T22:59:08Z,21.42,69.17,100,0,21.49,101.71,31.00,607.00,null,null,null
2023-09-12T23:00:08Z,21.39,69.32,100,0,23.54,101.71,31.00,607.00,0,0,0
2023-09-12T23:01:08Z,21.39,68.99,100,0,24.76,101.72,30.00,597.00,null,null,null
2023-09-12T23:02:08Z,21.41,69.01,100,0,24.61,101.72,32.00,615.00,null,null,null
2023-09-12T23:03:08Z,21.36,68.64,100,0,24.58,101.72,31.00,607.00,null,null,null
2023-09-12T23:04:08Z,21.36,68.75,100,0,22.61,101.72,30.00,600.00,null,null,null
2023-09-12T23:05:08Z,21.34,68.96,100,0,24.19,101.71,28.00,589.00,0,0,0
2023-09-12T23:06:08Z,21.35,68.98,100,0,23.49,101.72,28.00,589.00,null,null,null
2023-09-12T23:07:08Z,21.36,68.90,100,0,23.05,101.72,28.00,589.00,null,null,null
2023-09-12T23:08:08Z,21.35,69.04,100,0,31.63,101.72,28.00,589.00,null,null,null
2023-09-12T23:09:08Z,21.28,68.98,100,0,22.12,101.72,29.00,596.00,null,null,null
2023-09-12T23:10:08Z,21.29,68.95,100,0,23.94,101.72,29.00,596.00,0,0,0
2023-09-12T23:11:08Z,21.32,68.98,100,0,23.49,101.73,29.00,596.00,null,null,null
2023-09-12T23:12:08Z,21.31,68.95,100,0,27.06,101.72,29.00,596.00,null,null,null
2023-09-12T23:13:08Z,21.31,68.96,100,0,25.00,101.73,29.00,596.00,null,null,null
2023-09-12T23:14:08Z,21.28,68.99,100,0,23.05,101.73,29.00,596.00,null,null,null
2023-09-12T23:15:08Z,21.31,68.96,100,0,23.05,101.73,30.00,602.00,0,0,0
2023-09-12T23:16:08Z,21.27,68.95,100,0,22.78,101.72,29.00,596.00,null,null,null
2023-09-12T23:17:08Z,21.31,69.01,100,0,27.99,101.72,29.00,596.00,null,null,null
2023-09-12T23:18:08Z,21.29,68.99,100,0,23.72,101.72,31.00,607.00,null,null,null
2023-09-12T23:19:08Z,21.28,68.93,100,0,25.22,101.73,32.00,615.00,null,null,null
2023-09-12T23:20:08Z,21.28,68.91,100,0,25.70,101.72,32.00,615.00,0,0,0
2023-09-12T23:21:08Z,21.28,69.06,100,0,23.63,101.73,31.00,607.00,null,null,null
2023-09-12T23:22:08Z,21.28,69.06,100,0,23.90,101.72,31.00,607.00,null,null,null
2023-09-12T23:23:08Z,21.28,68.90,100,0,23.10,101.72,32.00,615.00,null,null,null
2023-09-12T23:24:08Z,21.27,68.68,100,0,22.61,101.73,31.00,607.00,null,null,null
2023-09-12T23:25:08Z,21.24,68.69,100,0,22.12,101.72,32.00,614.00,0,0,0
2023-09-12T23:26:08Z,21.25,68.73,100,0,22.24,101.72,34.00,629.00,null,null,null
2023-09-12T23:27:08Z,21.24,68.54,100,0,21.18,101.73,30.00,600.00,null,null,null
2023-09-12T23:28:08Z,21.25,68.68,100,0,22.94,101.72,34.00,624.00,null,null,null
2023-09-12T23:29:08Z,21.21,68.67,100,0,23.30,101.72,30.00,600.00,null,null,null
2023-09-12T23:30:08Z,21.22,68.65,100,0,25.00,101.72,34.00,629.00,0,0,0
2023-09-12T23:31:08Z,21.22,68.55,100,0,21.99,101.72,34.00,629.00,null,null,null
2023-09-12T23:32:08Z,21.24,68.74,100,0,26.62,101.72,34.00,629.00,null,null,null
2023-09-12T23:33:08Z,21.21,68.54,100,0,25.79,101.72,34.00,629.00,null,null,null
2023-09-12T23:34:08Z,21.19,68.48,100,0,23.10,101.72,34.00,624.00,null,null,null
2023-09-12T23:35:08Z,21.21,68.49,100,0,22.49,101.72,34.00,624.00,0,0,0
2023-09-12T23:36:08Z,21.21,68.52,100,0,23.35,101.72,32.00,615.00,null,null,null
2023-09-12T23:37:08Z,21.18,68.35,100,0,25.44,101.72,32.00,611.00,null,null,null
2023-09-12T23:38:08Z,21.19,68.40,100,0,23.30,101.72,32.00,611.00,null,null,null
2023-09-12T23:39:08Z,21.18,68.47,100,0,24.03,101.72,32.00,611.00,null,null,null
2023-09-12T23:40:08Z,21.16,68.40,100,0,27.44,101.72,32.00,611.00,0,0,0
2023-09-12T23:41:08Z,21.18,68.89,100,0,26.24,101.72,32.00,611.00,null,null,null
2023-09-12T23:42:08Z,21.16,68.49,100,0,27.30,101.72,34.00,624.00,null,null,null
2023-09-12T23:43:08Z,21.22,68.49,100,0,22.55,101.72,34.00,629.00,null,null,null
2023-09-12T23:44:08Z,21.19,68.71,100,0,23.54,101.72,36.00,637.00,null,null,null
2023-09-12T23:45:08Z,21.18,68.30,100,0,22.89,101.72,36.00,640.00,0,0,0
2023-09-12T23:46:08Z,21.21,68.29,100,0,25.87,101.72,36.00,637.00,null,null,null
2023-09-12T23:47:08Z,21.18,68.06,100,0,21.99,101.73,36.00,637.00,null,null,null
2023-09-12T23:48:08Z,21.16,68.24,100,0,22.89,101.73,34.00,629.00,null,null,null
2023-09-12T23:49:08Z,21.15,68.17,100,0,23.86,101.73,34.00,629.00,null,null,null
2023-09-12T23:50:08Z,21.12,68.06,100,0,25.82,101.73,33.00,620.00,0,0,0
2023-09-12T23:51:08Z,21.15,68.43,100,0,22.83,101.73,31.00,607.00,null,null,null
2023-09-12T23:52:08Z,21.15,68.21,100,0,26.78,101.73,32.00,615.00,null,null,null
2023-09-12T23:53:08Z,21.15,68.59,100,0,22.99,101.73,34.00,629.00,null,null,null
2023-09-12T23:54:08Z,21.14,68.61,100,0,22.78,101.73,34.00,629.00,null,null,null
2023-09-12T23:55:08Z,21.14,68.34,100,0,24.83,101.73,36.00,637.00,0,0,0
2023-09-12T23:56:08Z,21.15,68.20,100,0,23.81,101.73,36.00,637.00,null,null,null
2023-09-12T23:57:08Z,21.12,67.95,100,0,24.46,101.73,33.00,620.00,null,null,null
2023-09-12T23:58:08Z,21.12,68.01,100,0,21.71,101.74,32.00,615.00,null,null,null
2023-09-12T23:59:08Z,21.09,68.11,100,0,25.65,101.73,32.00,615.00,null,null,null
