TIME,TEMP,HUM,BATT,LIGHT,NOISE_A,PRESS,CCS811_VOCS,CCS811_ECO2,PM_1,PM_25,PM_10
ISO 8601,C,%,%,Lux,dBA,kPa,ppb,ppm,ug/m3,ug/m3,ug/m3
Time,Temperature,Humidity,Battery,Light,Noise dBA,Barometric pressure,VOC Gas CCS811,eCO2 Gas CCS811,PM 1.0,PM 2.5,PM 10.0
,55,56,10,14,53,58,113,112,89,87,88
2023-08-22T00:00:01Z,24.10,63.20,100,10,26.19,102.18,316.00,1677.00,0,0,0
2023-08-22T00:01:01Z,24.10,63.33,99,10,45.96,102.18,316.00,1677.00,null,null,null
2023-08-22T00:02:01Z,24.13,63.84,100,0,44.33,102.18,318.00,1678.00,null,null,null
2023-08-22T00:03:01Z,24.14,63.75,100,0,41.92,102.18,314.00,1676.00,null,null,null
2023-08-22T00:04:01Z,24.13,63.72,100,0,45.41,102.17,327.00,1689.00,null,null,null
2023-08-22T00:05:01Z,24.16,63.75,99,5,44.35,102.17,331.00,1692.00,0,0,0
2023-08-22T00:06:01Z,24.18,63.68,100,0,44.28,102.17,334.00,1695.00,null,null,null
2023-08-22T00:07:01Z,24.18,63.58,99,0,45.88,102.16,344.00,1704.00,null,null,null
2023-08-22T00:08:01Z,24.21,63.62,100,5,44.33,102.15,351.00,1713.00,null,null,null
2023-08-22T00:09:01Z,24.24,63.60,100,5,42.31,102.15,351.00,1713.00,null,null,null
2023-08-22T00:10:01Z,24.23,63.61,100,0,41.98,102.15,351.00,1713.00,0,0,0
2023-08-22T00:11:01Z,24.24,63.47,100,0,46.44,102.15,357.00,1720.00,null,null,null
2023-08-22T00:12:01Z,24.27,63.42,100,8,46.39,102.15,357.00,1720.00,null,null,null
2023-08-22T00:13:01Z,24.27,63.31,99,8,41.44,102.16,323.00,1685.00,null,null,null
2023-08-22T00:14:01Z,24.28,63.18,100,8,41.45,102.16,323.00,1685.00,null,null,null
2023-08-22T00:15:01Z,24.27,63.09,99,5,42.61,102.16,327.00,1689.00,0,0,0
2023-08-22T00:16:01Z,24.28,63.16,100,5,43.26,102.16,322.00,1683.00,null,null,null
2023-08-22T00:17:01Z,24.31,63.04,100,0,44.03,102.15,327.00,1689.00,null,null,null
2023-08-22T00:18:01Z,24.35,63.19,99,0,42.09,102.16,327.00,1689.00,null,null,null
2023-08-22T00:19:01Z,24.32,63.19,100,0,46.07,102.16,327.00,1689.00,null,null,null
2023-08-22T00:20:01Z,24.37,63.13,99,0,47.91,102.16,327.00,1689.00,0,0,0
2023-08-22T00:21:01Z,24.34,63.13,100,5,45.74,102.15,327.00,1689.00,null,null,null
2023-08-22T00:22:01Z,24.37,63.13,100,5,46.77,102.15,336.00,1698.00,null,null,null
2023-08-22T00:23:01Z,24.37,63.13,99,5,46.54,102.15,327.00,1689.00,null,null,null
2023-08-22T00:24:01Z,24.38,63.15,99,5,42.72,102.15,336.00,1698.00,null,null,null
2023-08-22T00:25:01Z,24.37,63.10,100,0,44.18,102.15,336.00,1698.00,0,0,0
2023-08-22T00:26:01Z,24.41,63.07,100,0,42.46,102.15,336.00,1698.00,null,null,null
2023-08-22T00:27:01Z,24.41,63.03,100,5,41.18,102.15,342.00,1704.00,null,null,null
2023-08-22T00:28:01Z,24.42,63.08,100,5,45.44,102.15,336.00,1698.00,null,null,null
2023-08-22T00:29:01Z,24.44,62.79,100,5,45.46,102.14,336.00,1698.00,null,null,null
2023-08-22T00:30:01Z,24.42,63.02,100,0,44.09,102.15,336.00,1698.00,0,0,0
2023-08-22T00:31:01Z,24.45,62.94,100,0,44.20,102.14,322.00,1683.00,null,null,null
2023-08-22T00:32:01Z,24.47,62.88,99,5,42.12,102.14,342.00,1704.00,null,null,null
2023-08-22T00:33:01Z,24.48,62.84,100,0,45.00,102.15,342.00,1704.00,null,null,null
2023-08-22T00:34:01Z,24.48,62.97,100,5,44.93,102.15,342.00,1704.00,null,null,null
2023-08-22T00:35:01Z,24.48,62.92,100,5,43.72,102.14,342.00,1704.00,0,0,0
2023-08-22T00:36:01Z,24.49,62.91,100,0,42.99,102.14,336.00,1698.00,null,null,null
2023-08-22T00:37:01Z,24.51,62.86,99,5,44.09,102.14,342.00,1704.00,null,null,null
2023-08-22T00:38:01Z,24.51,62.75,99,0,44.40,102.14,342.00,1704.00,null,null,null
2023-08-22T00:39:01Z,24.51,62.87,100,0,43.03,102.15,336.00,1698.00,null,null,null
2023-08-22T00:40:01Z,24.48,62.79,100,5,44.92,102.14,336.00,1698.00,0,0,0
2023-08-22T00:41:01Z,24.51,62.55,100,0,46.05,102.14,336.00,1698.00,null,null,null
2023-08-22T00:42:01Z,24.54,62.72,100,5,42.43,102.14,341.00,1703.00,null,null,null
2023-08-22T00:43:01Z,24.55,62.50,100,5,44.02,102.14,341.00,1703.00,null,null,null
2023-08-22T00:44:01Z,24.55,62.74,99,5,43.99,102.14,341.00,1703.00,null,null,null
2023-08-22T00:45:01Z,24.51,62.76,100,5,44.20,102.14,341.00,1703.00,0,0,0
2023-08-22T00:46:01Z,24.55,62.61,99,0,46.42,102.14,336.00,1698.00,null,null,null
2023-08-22T00:47:01Z,24.54,62.46,100,5,41.67,102.13,341.00,1703.00,null,null,null
2023-08-22T00:48:01Z,24.54,62.68,100,5,44.37,102.13,341.00,1703.00,null,null,null
2023-08-22T00:49:01Z,24.55,62.62,100,5,45.50,102.14,341.00,1703.00,null,null,null
2023-08-22T00:50:01Z,24.58,62.64,100,0,45.70,102.14,341.00,1703.00,0,0,0
2023-08-22T00:51:01Z,24.57,62.62,99,5,42.87,102.13,341.00,1703.00,null,null,null
2023-08-22T00:52:01Z,24.61,62.54,99,0,45.90,102.14,341.00,1703.00,null,null,null
2023-08-22T00:53:01Z,24.59,62.54,99,5,44.55,102.13,341.00,1703.00,null,null,null
2023-08-22T00:54:01Z,24.58,62.42,100,0,43.66,102.13,332.00,1694.00,null,null,null
2023-08-22T00:55:01Z,24.59,62.56,100,5,42.23,102.13,332.00,1694.00,0,0,0
2023-08-22T00:56:01Z,24.62,62.51,100,5,42.41,102.12,332.00,1694.00,null,null,null
2023-08-22T00:57:01Z,24.62,62.45,100,0,42.16,102.12,341.00,1703.00,null,null,null
2023-08-22T00:58:01Z,24.61,62.49,100,0,43.21,102.12,341.00,1703.00,null,null,null
2023-08-22T00:59:01Z,24.61,62.48,100,0,45.20,102.13,332.00,1694.00,null,null,null
2023-08-22T01:00:01Z,24.61,62.44,100,5,44.07,102.13,332.00,1694.00,0,0,0
2023-08-22T01:01:01Z,24.64,62.46,100,0,44.66,102.14,332.00,1694.00,null,null,null
2023-08-22T01:02:01Z,24.65,62.39,100,5,44.29,102.14,332.00,1694.00,null,null,null
2023-08-22T01:03:01Z,24.67,62.39,100,0,45.86,102.13,332.00,1694.00,null,null,null
2023-08-22T01:04:01Z,24.67,62.36,100,5,45.29,102.14,332.00,1694.00,null,null,null
2023-08-22T01:05:01Z,24.65,62.44,100,5,43.65,102.13,332.00,1694.00,0,0,0
2023-08-22T01:06:01Z,24.65,62.45,100,0,46.34,102.14,332.00,1694.00,null,null,null
2023-08-22T01:07:01Z,24.68,62.45,100,0,46.51,102.13,332.00,1694.00,null,null,null
2023-08-22T01:08:01Z,24.68,62.48,100,0,46.59,102.13,332.00,1694.00,null,null,null
2023-08-22T01:09:01Z,24.68,62.47,100,5,45.83,102.13,332.00,1694.00,null,null,null
2023-08-22T01:10:01Z,24.65,62.26,100,5,44.05,102.13,332.00,1694.00,0,0,0
2023-08-22T01:11:01Z,24.68,62.63,100,0,43.21,102.13,332.00,1694.00,null,null,null
2023-08-22T01:12:01Z,24.68,62.65,100,5,46.19,102.14,332.00,1694.00,null,null,null
2023-08-22T01:13:01Z,24.68,62.68,100,5,44.59,102.13,332.00,1694.00,null,null,null
2023-08-22T01:14:01Z,24.69,62.65,100,5,44.65,102.14,332.00,1694.00,null,null,null
2023-08-22T01:15:01Z,24.67,62.66,100,0,43.66,102.14,332.00,1694.00,0,0,0
2023-08-22T01:16:01Z,24.69,62.45,100,0,25.03,102.15,326.00,1687.00,null,null,null
2023-08-22T01:17:01Z,24.68,62.17,100,0,27.73,102.14,341.00,1703.00,null,null,null
2023-08-22T01:18:01Z,24.67,62.19,100,0,23.94,102.14,345.00,1705.00,null,null,null
2023-08-22T01:19:01Z,24.71,62.14,99,0,29.04,102.13,335.00,1696.00,null,null,null
2023-08-22T01:20:01Z,24.71,62.07,99,0,25.59,102.13,335.00,1696.00,0,0,0
2023-08-22T01:21:01Z,24.71,62.07,100,0,20.67,102.12,330.00,1691.00,null,null,null
2023-08-22T01:22:01Z,24.71,62.03,100,0,24.03,102.12,330.00,1691.00,null,null,null
2023-08-22T01:23:01Z,24.72,61.91,100,0,25.65,102.12,330.00,1691.00,null,null,null
2023-08-22T01:24:01Z,24.69,61.97,100,0,25.92,102.12,330.00,1691.00,null,null,null
2023-08-22T01:25:01Z,24.69,61.94,99,0,27.24,102.11,322.00,1683.00,0,0,0
2023-08-22T01:26:01Z,24.69,61.91,100,0,29.22,102.11,322.00,1683.00,null,null,null
2023-08-22T01:27:01Z,24.71,61.82,100,0,33.45,102.11,322.00,1683.00,null,null,null
2023-08-22T01:28:01Z,24.71,61.91,100,0,23.77,102.10,316.00,1677.00,null,null,null
2023-08-22T01:29:01Z,24.74,61.88,100,0,25.67,102.11,316.00,1677.00,null,null,null
2023-08-22T01:30:01Z,24.71,61.83,100,0,25.29,102.10,316.00,1677.00,0,0,0
2023-08-22T01:31:01Z,24.69,61.77,100,0,23.40,102.11,316.00,1677.00,null,null,null
2023-08-22T01:32:01Z,24.71,61.74,100,0,29.69,102.10,310.00,1671.00,null,null,null
2023-08-22T01:33:01Z,24.68,61.71,100,0,30.78,102.11,313.00,1674.00,null,null,null
2023-08-22T01:34:01Z,24.69,61.77,99,0,29.38,102.11,306.00,1668.00,null,null,null
2023-08-22T01:35:01Z,24.71,61.71,100,0,25.29,102.10,303.00,1664.00,0,0,0
2023-08-22T01:36:01Z,24.69,61.66,100,0,30.75,102.10,300.00,1661.00,null,null,null
2023-08-22T01:37:01Z,24.72,61.64,100,0,25.67,102.11,300.00,1661.00,null,null,null
2023-08-22T01:38:01Z,24.71,61.63,100,0,25.38,102.10,300.00,1661.00,null,null,null
2023-08-22T01:39:01Z,24.68,61.63,100,0,22.05,102.11,300.00,1661.00,null,null,null
2023-08-22T01:40:01Z,24.67,61.69,100,0,25.82,102.10,300.00,1661.00,0,0,0
2023-08-22T01:41:01Z,24.69,61.65,100,0,27.77,102.10,295.00,1656.00,null,null,null
2023-08-22T01:42:01Z,24.72,61.59,99,0,26.82,102.10,295.00,1656.00,null,null,null
2023-08-22T01:43:01Z,24.71,61.68,99,0,26.03,102.10,295.00,1656.00,null,null,null
2023-08-22T01:44:01Z,24.69,61.63,100,0,25.16,102.10,295.00,1656.00,null,null,null
2023-08-22T01:45:01Z,24.68,61.72,99,0,25.84,102.10,295.00,1656.00,0,0,0
2023-08-22T01:46:01Z,24.71,61.68,100,0,27.89,102.10,295.00,1656.00,null,null,null
2023-08-22T01:47:01Z,24.69,61.68,100,0,26.53,102.10,300.00,1661.00,null,null,null
2023-08-22T01:48:01Z,24.69,61.67,100,0,24.93,102.10,295.00,1656.00,null,null,null
2023-08-22T01:49:01Z,24.71,61.66,100,0,24.03,102.10,295.00,1656.00,null,null,null
2023-08-22T01:50:01Z,24.68,61.77,100,0,24.19,102.10,295.00,1656.00,0,0,0
2023-08-22T01:51:01Z,24.71,61.65,100,0,38.12,102.10,292.00,1652.00,null,null,null
2023-08-22T01:52:01Z,24.69,61.64,100,0,22.83,102.10,300.00,1661.00,null,null,null
2023-08-22T01:53:01Z,24.74,61.64,100,0,26.95,102.10,300.00,1661.00,null,null,null
2023-08-22T01:54:01Z,24.71,61.59,100,0,23.90,102.11,295.00,1656.00,null,null,null
2023-08-22T01:55:01Z,24.71,61.62,100,0,25.50,102.10,295.00,1656.00,0,0,0
2023-08-22T01:56:01Z,24.71,61.58,100,0,23.68,102.10,295.00,1656.00,null,null,null
2023-08-22T01:57:01Z,24.69,61.66,100,0,24.65,102.10,295.00,1656.00,null,null,null
2023-08-22T01:58:01Z,24.69,61.61,100,0,25.35,102.10,288.00,1648.00,null,null,null
2023-08-22T01:59:01Z,24.67,61.64,100,0,30.41,102.10,295.00,1656.00,null,null,null
2023-08-22T02:00:01Z,24.69,61.63,100,0,24.27,102.09,295.00,1656.00,0,0,0
2023-08-22T02:01:01Z,24.69,61.59,100,0,29.04,102.09,295.00,1656.00,null,null,null
2023-08-22T02:02:01Z,24.69,61.55,100,0,27.20,102.10,283.00,1641.00,null,null,null
2023-08-22T02:03:01Z,24.68,61.59,100,0,25.76,102.10,295.00,1656.00,null,null,null
2023-08-22T02:04:01Z,24.69,61.61,100,0,21.49,102.10,295.00,1656.00,null,null,null
2023-08-22T02:05:01Z,24.71,61.58,100,0,24.31,102.10,295.00,1656.00,0,0,0
2023-08-22T02:06:01Z,24.69,61.58,100,0,28.45,102.11,288.00,1648.00,null,null,null
2023-08-22T02:07:01Z,24.69,61.64,100,0,26.50,102.10,295.00,1656.00,null,null,null
2023-08-22T02:08:01Z,24.71,61.77,100,0,25.41,102.10,295.00,1656.00,null,null,null
2023-08-22T02:09:01Z,24.72,61.64,100,0,24.58,102.11,292.00,1652.00,null,null,null
2023-08-22T02:10:01Z,24.71,61.64,100,0,26.11,102.10,295.00,1656.00,0,0,0
2023-08-22T02:11:01Z,24.71,61.57,100,0,26.48,102.10,288.00,1648.00,null,null,null
2023-08-22T02:12:01Z,24.72,61.55,100,0,25.26,102.10,295.00,1656.00,null,null,null
2023-08-22T02:13:01Z,24.71,61.59,100,0,27.55,102.10,295.00,1656.00,null,null,null
2023-08-22T02:14:01Z,24.71,61.53,100,0,27.71,102.10,295.00,1656.00,null,null,null
2023-08-22T02:15:01Z,24.71,61.61,100,0,23.05,102.10,295.00,1656.00,0,0,0
2023-08-22T02:16:01Z,24.74,61.60,100,0,24.72,102.10,295.00,1656.00,null,null,null
2023-08-22T02:17:01Z,24.69,61.51,100,0,24.93,102.10,295.00,1656.00,null,null,null
2023-08-22T02:18:01Z,24.71,61.57,100,0,24.43,102.10,295.00,1656.00,null,null,null
2023-08-22T02:19:01Z,24.69,61.62,100,0,25.35,102.10,295.00,1656.00,null,null,null
2023-08-22T02:20:01Z,24.72,61.59,100,0,25.26,102.10,295.00,1656.00,0,0,0
2023-08-22T02:21:01Z,24.71,61.57,100,0,26.67,102.10,288.00,1648.00,null,null,null
2023-08-22T02:22:01Z,24.71,61.58,100,0,22.24,102.10,295.00,1656.00,null,null,null
2023-08-22T02:23:01Z,24.72,61.55,100,0,27.42,102.10,295.00,1656.00,null,null,null
2023-08-22T02:24:01Z,24.71,61.57,100,0,23.30,102.10,295.00,1656.00,null,null,null
2023-08-22T02:25:01Z,24.67,61.50,100,0,23.45,102.10,295.00,1656.00,0,0,0
2023-08-22T02:26:01Z,24.72,61.57,99,0,25.59,102.10,288.00,1648.00,null,null,null
2023-08-22T02:27:01Z,24.69,61.51,100,0,24.23,102.09,295.00,1656.00,null,null,null
2023-08-22T02:28:01Z,24.72,61.53,100,0,25.13,102.10,288.00,1648.00,null,null,null
2023-08-22T02:29:01Z,24.71,61.52,100,0,30.31,102.09,288.00,1648.00,null,null,null
2023-08-22T02:30:01Z,24.69,61.56,100,0,27.18,102.09,288.00,1648.00,0,0,0
2023-08-22T02:31:01Z,24.71,61.58,100,0,28.01,102.09,288.00,1648.00,null,null,null
2023-08-22T02:32:01Z,24.71,61.57,99,0,25.29,102.09,295.00,1656.00,null,null,null
2023-08-22T02:33:01Z,24.69,61.56,100,0,26.57,102.09,295.00,1656.00,null,null,null
2023-08-22T02:34:01Z,24.69,61.58,100,0,26.99,102.09,288.00,1648.00,null,null,null
2023-08-22T02:35:01Z,24.69,61.56,100,0,22.89,102.09,288.00,1648.00,0,0,0
2023-08-22T02:36:01Z,24.72,61.56,100,0,25.19,102.09,288.00,1648.00,null,null,null
2023-08-22T02:37:01Z,24.74,61.57,100,0,22.78,102.09,288.00,1648.00,null,null,null
2023-08-22T02:38:01Z,24.72,61.51,100,0,26.06,102.09,288.00,1648.00,null,null,null
2023-08-22T02:39:01Z,24.71,61.50,100,0,26.46,102.09,288.00,1648.00,null,null,null
2023-08-22T02:40:01Z,24.69,61.50,100,0,23.10,102.09,288.00,1648.00,0,0,0
2023-08-22T02:41:01Z,24.71,61.51,100,0,25.16,102.09,283.00,1641.00,null,null,null
2023-08-22T02:42:01Z,24.72,61.46,99,0,25.29,102.09,283.00,1641.00,null,null,null
2023-08-22T02:43:01Z,24.71,61.47,100,0,28.11,102.09,288.00,1648.00,null,null,null
2023-08-22T02:44:01Z,24.69,61.50,100,0,24.83,102.09,283.00,1641.00,null,null,null
2023-08-22T02:45:01Z,24.71,61.49,100,0,26.11,102.08,283.00,1641.00,0,0,0
2023-08-22T02:46:01Z,24.69,61.53,100,0,30.39,102.09,283.00,1641.00,null,null,null
2023-08-22T02:47:01Z,24.71,61.45,100,0,26.11,102.09,283.00,1641.00,null,null,null
2023-08-22T02:48:01Z,24.69,61.45,100,0,25.03,102.09,288.00,1648.00,null,null,null
2023-08-22T02:49:01Z,24.69,61.54,99,0,28.98,102.09,283.00,1641.00,null,null,null
2023-08-22T02:50:01Z,24.71,61.48,100,0,26.00,102.09,283.00,1641.00,0,0,0
2023-08-22T02:51:01Z,24.71,61.56,100,0,24.23,102.09,283.00,1641.00,null,null,null
2023-08-22T02:52:01Z,24.71,61.48,100,0,24.79,102.09,288.00,1648.00,null,null,null
2023-08-22T02:53:01Z,24.71,61.50,99,0,34.67,102.10,288.00,1648.00,null,null,null
2023-08-22T02:54:01Z,24.71,61.46,100,0,24.07,102.10,288.00,1648.00,null,null,null
2023-08-22T02:55:01Z,24.71,61.52,99,0,27.22,102.09,288.00,1648.00,0,0,0
2023-08-22T02:56:01Z,24.72,61.58,100,0,24.19,102.09,283.00,1641.00,null,null,null
2023-08-22T02:57:01Z,24.71,61.48,100,0,28.09,102.10,288.00,1648.00,null,null,null
2023-08-22T02:58:01Z,24.72,61.53,100,0,24.68,102.09,288.00,1648.00,null,null,null
2023-08-22T02:59:01Z,24.71,61.52,100,0,25.56,102.09,288.00,1648.00,null,null,null
2023-08-22T03:00:01Z,24.67,61.50,100,0,23.94,102.09,288.00,1648.00,0,0,0
2023-08-22T03:01:01Z,24.71,61.45,100,0,26.67,102.09,288.00,1648.00,null,null,null
2023-08-22T03:02:01Z,24.72,61.45,100,0,26.82,102.08,288.00,1648.00,null,null,null
2023-08-22T03:03:01Z,24.71,61.48,100,0,28.50,102.09,288.00,1648.00,null,null,null
2023-08-22T03:04:01Z,24.72,61.40,100,0,25.67,102.09,288.00,1648.00,null,null,null
2023-08-22T03:05:01Z,24.71,61.45,100,0,27.42,102.08,283.00,1641.00,0,0,0
2023-08-22T03:06:01Z,24.69,61.41,99,0,26.14,102.08,283.00,1641.00,null,null,null
2023-08-22T03:07:01Z,24.71,61.41,100,0,26.11,102.08,288.00,1648.00,null,null,null
2023-08-22T03:08:01Z,24.71,61.46,100,0,25.38,102.08,288.00,1648.00,null,null,null
2023-08-22T03:09:01Z,24.72,61.38,100,0,26.78,102.08,283.00,1641.00,null,null,null
2023-08-22T03:10:01Z,24.68,61.41,100,0,27.32,102.08,283.00,1641.00,0,0,0
2023-08-22T03:11:01Z,24.72,61.38,100,0,24.15,102.08,283.00,1641.00,null,null,null
2023-08-22T03:12:01Z,24.72,61.40,100,0,28.47,102.08,283.00,1641.00,null,null,null
2023-08-22T03:13:01Z,24.69,61.36,100,0,26.24,102.08,283.00,1641.00,null,null,null
2023-08-22T03:14:01Z,24.69,61.36,100,0,24.96,102.08,283.00,1641.00,null,null,null
2023-08-22T03:15:01Z,24.69,61.35,100,0,24.11,102.07,283.00,1641.00,0,0,0
2023-08-22T03:16:01Z,24.71,61.37,100,0,22.99,102.07,283.00,1641.00,null,null,null
2023-08-22T03:17:01Z,24.72,61.40,100,0,24.43,102.07,276.00,1633.00,null,null,null
2023-08-22T03:18:01Z,24.71,61.35,100,0,27.40,102.07,283.00,1641.00,null,null,null
2023-08-22T03:19:01Z,24.71,61.38,100,0,27.53,102.08,283.00,1641.00,null,null,null
2023-08-22T03:20:01Z,24.71,61.31,99,0,25.73,102.08,276.00,1633.00,0,0,0
2023-08-22T03:21:01Z,24.68,61.36,100,0,26.76,102.08,283.00,1641.00,null,null,null
2023-08-22T03:22:01Z,24.71,61.37,100,0,26.62,102.08,283.00,1641.00,null,null,null
2023-08-22T03:23:01Z,24.71,61.38,100,0,27.47,102.08,283.00,1641.00,null,null,null
2023-08-22T03:24:01Z,24.69,61.41,99,0,23.86,102.08,283.00,1641.00,null,null,null
2023-08-22T03:25:01Z,24.69,61.32,100,0,29.04,102.08,283.00,1641.00,0,0,0
2023-08-22T03:26:01Z,24.71,61.37,100,0,26.82,102.08,283.00,1641.00,null,null,null
2023-08-22T03:27:01Z,24.72,61.32,100,0,27.62,102.08,283.00,1641.00,null,null,null
2023-08-22T03:28:01Z,24.71,61.32,100,0,25.67,102.08,283.00,1641.00,null,null,null
2023-08-22T03:29:01Z,24.69,61.40,100,0,27.84,102.08,276.00,1633.00,null,null,null
2023-08-22T03:30:01Z,24.71,61.36,100,0,26.00,102.08,283.00,1641.00,0,0,0
2023-08-22T03:31:01Z,24.74,61.40,100,0,27.32,102.08,283.00,1641.00,null,null,null
2023-08-22T03:32:01Z,24.69,61.39,99,0,30.53,102.08,283.00,1641.00,null,null,null
2023-08-22T03:33:01Z,24.71,61.39,100,0,27.59,102.08,266.00,1624.00,null,null,null
2023-08-22T03:34:01Z,24.72,61.36,100,0,27.26,102.08,283.00,1641.00,null,null,null
2023-08-22T03:35:01Z,24.69,61.35,100,0,30.53,102.08,283.00,1641.00,0,0,0
2023-08-22T03:36:01Z,24.69,61.28,100,0,25.92,102.08,283.00,1641.00,null,null,null
2023-08-22T03:37:01Z,24.72,61.34,100,0,25.38,102.08,283.00,1641.00,null,null,null
2023-08-22T03:38:01Z,24.71,61.31,100,0,27.12,102.08,283.00,1641.00,null,null,null
2023-08-22T03:39:01Z,24.72,61.28,100,0,24.46,102.08,283.00,1641.00,null,null,null
2023-08-22T03:40:01Z,24.69,61.37,100,0,25.26,102.07,283.00,1641.00,0,0,0
2023-08-22T03:41:01Z,24.68,61.31,99,0,25.47,102.08,283.00,1641.00,null,null,null
2023-08-22T03:42:01Z,24.71,61.29,100,0,27.12,102.07,283.00,1641.00,null,null,null
2023-08-22T03:43:01Z,24.71,61.33,100,0,25.09,102.07,288.00,1648.00,null,null,null
2023-08-22T03:44:01Z,24.71,61.26,100,0,27.55,102.08,288.00,1648.00,null,null,null
2023-08-22T03:45:01Z,24.71,61.29,99,0,26.76,102.08,283.00,1641.00,0,0,0
2023-08-22T03:46:01Z,24.72,61.32,100,0,25.41,102.08,283.00,1641.00,null,null,null
2023-08-22T03:47:01Z,24.74,61.25,100,0,26.50,102.08,283.00,1641.00,null,null,null
2023-08-22T03:48:01Z,24.68,61.31,100,0,31.63,102.08,283.00,1641.00,null,null,null
2023-08-22T03:49:01Z,24.69,61.29,100,0,23.94,102.08,283.00,1641.00,null,null,null
2023-08-22T03:50:01Z,24.69,61.27,100,0,26.38,102.07,283.00,1641.00,0,0,0
2023-08-22T03:51:01Z,24.72,61.23,100,0,26.50,102.08,288.00,1648.00,null,null,null
2023-08-22T03:52:01Z,24.71,61.27,100,0,25.35,102.07,287.00,1647.00,null,null,null
2023-08-22T03:53:01Z,24.72,61.24,100,0,25.03,102.07,283.00,1641.00,null,null,null
2023-08-22T03:54:01Z,24.69,61.21,100,0,24.68,102.07,287.00,1647.00,null,null,null
2023-08-22T03:55:01Z,24.69,61.25,100,0,25.73,102.08,287.00,1647.00,0,0,0
2023-08-22T03:56:01Z,24.71,61.26,100,0,23.20,102.08,283.00,1641.00,null,null,null
2023-08-22T03:57:01Z,24.72,61.24,100,0,26.97,102.08,283.00,1641.00,null,null,null
2023-08-22T03:58:01Z,24.71,61.24,100,0,27.34,102.08,287.00,1647.00,null,null,null
2023-08-22T03:59:01Z,24.72,61.32,100,0,29.23,102.08,287.00,1647.00,null,null,null
2023-08-22T04:00:01Z,24.72,61.23,100,0,35.83,102.08,283.00,1641.00,0,0,0
2023-08-22T04:01:01Z,24.72,61.20,100,0,27.49,102.08,287.00,1647.00,null,null,null
2023-08-22T04:02:01Z,24.72,61.17,100,0,26.03,102.08,287.00,1647.00,null,null,null
2023-08-22T04:03:01Z,24.71,61.25,100,0,53.79,102.08,287.00,1647.00,null,null,null
2023-08-22T04:04:01Z,24.71,61.20,100,0,25.13,102.08,283.00,1641.00,null,null,null
2023-08-22T04:05:01Z,24.71,61.18,99,0,27.42,102.08,287.00,1647.00,0,0,0
2023-08-22T04:06:01Z,24.72,61.24,99,0,28.25,102.08,287.00,1647.00,null,null,null
2023-08-22T04:07:01Z,24.74,61.19,99,0,26.53,102.08,287.00,1647.00,null,null,null
2023-08-22T04:08:01Z,24.71,61.17,100,0,36.11,102.08,287.00,1647.00,null,null,null
2023-08-22T04:09:01Z,24.71,61.23,99,0,25.87,102.07,287.00,1647.00,null,null,null
2023-08-22T04:10:01Z,24.71,61.23,100,0,26.06,102.07,287.00,1647.00,0,0,0
2023-08-22T04:11:01Z,24.72,61.20,100,0,30.16,102.07,287.00,1647.00,null,null,null
2023-08-22T04:12:01Z,24.71,61.20,99,0,31.23,102.07,287.00,1647.00,null,null,null
2023-08-22T04:13:01Z,24.71,61.20,100,0,27.90,102.07,287.00,1647.00,null,null,null
2023-08-22T04:14:01Z,24.72,61.21,100,0,34.09,102.07,287.00,1647.00,null,null,null
2023-08-22T04:15:01Z,24.72,61.18,100,0,30.61,102.07,280.00,1638.00,0,0,0
2023-08-22T04:16:01Z,24.74,61.18,100,0,26.60,102.07,280.00,1638.00,null,null,null
2023-08-22T04:17:01Z,24.72,61.20,100,0,27.96,102.07,287.00,1647.00,null,null,null
2023-08-22T04:18:01Z,24.71,61.22,99,0,29.13,102.07,287.00,1647.00,null,null,null
2023-08-22T04:19:01Z,24.69,61.16,100,0,26.73,102.08,280.00,1638.00,null,null,null
2023-08-22T04:20:01Z,24.71,61.20,100,0,27.80,102.08,287.00,1647.00,0,0,0
2023-08-22T04:21:01Z,24.71,61.17,100,0,28.50,102.07,280.00,1638.00,null,null,null
2023-08-22T04:22:01Z,24.74,61.15,100,0,28.31,102.08,287.00,1647.00,null,null,null
2023-08-22T04:23:01Z,24.72,61.17,100,0,27.84,102.07,287.00,1647.00,null,null,null
2023-08-22T04:24:01Z,24.71,61.21,100,0,27.38,102.07,287.00,1647.00,null,null,null
2023-08-22T04:25:01Z,24.71,61.18,99,0,26.08,102.07,287.00,1647.00,0,0,0
2023-08-22T04:26:01Z,24.71,61.17,100,0,32.89,102.06,287.00,1647.00,null,null,null
2023-08-22T04:27:01Z,24.72,61.20,100,0,24.31,102.07,287.00,1647.00,null,null,null
2023-08-22T04:28:01Z,24.69,61.23,99,0,46.28,102.07,287.00,1647.00,null,null,null
2023-08-22T04:29:01Z,24.71,61.15,100,0,30.57,102.07,292.00,1652.00,null,null,null
2023-08-22T04:30:01Z,24.68,61.13,100,0,27.16,102.07,287.00,1647.00,0,0,0
2023-08-22T04:31:01Z,24.72,61.13,100,0,45.76,102.07,287.00,1647.00,null,null,null
2023-08-22T04:32:01Z,24.71,61.16,100,0,26.36,102.07,287.00,1647.00,null,null,null
2023-08-22T04:33:01Z,24.69,61.12,100,0,31.27,102.07,292.00,1652.00,null,null,null
2023-08-22T04:34:01Z,24.72,61.12,100,0,23.63,102.07,292.00,1652.00,null,null,null
2023-08-22T04:35:01Z,24.71,61.20,100,0,30.79,102.07,287.00,1647.00,0,0,0
2023-08-22T04:36:01Z,24.72,61.16,100,0,25.32,102.07,256.00,1611.00,null,null,null
2023-08-22T04:37:01Z,24.69,61.14,100,0,23.98,102.07,253.00,1607.00,null,null,null
2023-08-22T04:38:01Z,24.69,61.15,100,0,26.87,102.07,256.00,1611.00,null,null,null
2023-08-22T04:39:01Z,24.69,61.12,100,0,27.96,102.07,256.00,1611.00,null,null,null
2023-08-22T04:40:01Z,24.68,61.15,100,0,25.53,102.07,253.00,1607.00,0,0,0
2023-08-22T04:41:01Z,24.71,61.14,99,0,27.59,102.07,253.00,1607.00,null,null,null
2023-08-22T04:42:01Z,24.72,61.16,100,0,26.14,102.06,253.00,1607.00,null,null,null
2023-08-22T04:43:01Z,24.69,61.18,100,0,25.87,102.06,253.00,1607.00,null,null,null
2023-08-22T04:44:01Z,24.71,61.13,100,0,28.84,102.06,253.00,1607.00,null,null,null
2023-08-22T04:45:01Z,24.67,61.13,100,0,29.43,102.06,253.00,1607.00,0,0,0
2023-08-22T04:46:01Z,24.71,61.09,100,0,32.92,102.06,253.00,1607.00,null,null,null
2023-08-22T04:47:01Z,24.69,61.04,100,0,33.20,102.06,248.00,1603.00,null,null,null
2023-08-22T04:48:01Z,24.71,61.09,100,0,36.34,102.06,248.00,1603.00,null,null,null
2023-08-22T04:49:01Z,24.68,61.08,100,0,34.77,102.06,248.00,1603.00,null,null,null
2023-08-22T04:50:01Z,24.69,61.12,100,0,23.81,102.06,248.00,1603.00,0,0,0
2023-08-22T04:51:01Z,24.74,61.12,100,0,24.93,102.06,248.00,1603.00,null,null,null
2023-08-22T04:52:01Z,24.69,61.08,100,0,22.83,102.07,248.00,1603.00,null,null,null
2023-08-22T04:53:01Z,24.71,61.09,100,0,21.85,102.07,253.00,1607.00,null,null,null
2023-08-22T04:54:01Z,24.69,61.13,100,0,25.35,102.07,253.00,1607.00,null,null,null
2023-08-22T04:55:01Z,24.71,61.11,100,0,29.71,102.07,253.00,1607.00,0,0,0
2023-08-22T04:56:01Z,24.69,61.10,100,0,32.74,102.08,253.00,1607.00,null,null,null
2023-08-22T04:57:01Z,24.71,61.03,100,0,35.13,102.07,248.00,1603.00,null,null,null
2023-08-22T04:58:01Z,24.71,61.09,99,0,38.42,102.08,248.00,1603.00,null,null,null
2023-08-22T04:59:01Z,24.71,61.02,100,0,38.68,102.08,248.00,1603.00,null,null,null
2023-08-22T05:00:01Z,24.68,61.04,100,0,43.37,102.08,248.00,1603.00,0,0,0
2023-08-22T05:01:01Z,24.69,61.01,99,0,29.84,102.08,248.00,1603.00,null,null,null
2023-08-22T05:02:01Z,24.68,61.00,100,0,36.16,102.08,245.00,1599.00,null,null,null
2023-08-22T05:03:01Z,24.69,61.02,100,0,30.06,102.09,248.00,1603.00,null,null,null
2023-08-22T05:04:01Z,24.69,61.07,100,0,34.23,102.08,248.00,1603.00,null,null,null
2023-08-22T05:05:01Z,24.69,61.02,100,0,39.19,102.08,248.00,1603.00,0,0,0
2023-08-22T05:06:01Z,24.69,61.07,100,0,44.09,102.09,245.00,1599.00,null,null,null
2023-08-22T05:07:01Z,24.71,61.06,100,0,39.47,102.09,253.00,1607.00,null,null,null
2023-08-22T05:08:01Z,24.69,61.01,100,0,27.87,102.09,248.00,1603.00,null,null,null
2023-08-22T05:09:01Z,24.68,61.03,100,0,29.79,102.09,253.00,1607.00,null,null,null
2023-08-22T05:10:01Z,24.69,61.08,100,0,34.58,102.09,253.00,1607.00,0,0,0
2023-08-22T05:11:01Z,24.68,61.08,99,0,39.68,102.09,248.00,1603.00,null,null,null
2023-08-22T05:12:01Z,24.69,61.02,100,0,37.68,102.09,253.00,1607.00,null,null,null
2023-08-22T05:13:01Z,24.71,61.03,100,0,34.93,102.10,253.00,1607.00,null,null,null
2023-08-22T05:14:01Z,24.71,61.06,100,0,37.22,102.09,248.00,1603.00,null,null,null
2023-08-22T05:15:01Z,24.71,61.08,100,0,34.55,102.09,248.00,1603.00,0,0,0
2023-08-22T05:16:01Z,24.69,61.03,100,0,36.81,102.10,248.00,1603.00,null,null,null
2023-08-22T05:17:01Z,24.65,60.98,100,0,44.21,102.10,248.00,1603.00,null,null,null
2023-08-22T05:18:01Z,24.68,61.06,100,0,43.07,102.10,248.00,1603.00,null,null,null
2023-08-22T05:19:01Z,24.69,61.04,99,0,35.47,102.10,248.00,1603.00,null,null,null
2023-08-22T05:20:01Z,24.69,61.07,100,0,29.30,102.10,256.00,1611.00,0,0,0
2023-08-22T05:21:01Z,24.69,61.07,100,0,34.56,102.10,256.00,1611.00,null,null,null
2023-08-22T05:22:01Z,24.68,61.04,100,0,34.08,102.09,253.00,1607.00,null,null,null
2023-08-22T05:23:01Z,24.71,61.04,100,0,34.52,102.09,256.00,1611.00,null,null,null
2023-08-22T05:24:01Z,24.68,61.03,100,0,27.78,102.09,253.00,1607.00,null,null,null
2023-08-22T05:25:01Z,24.67,61.08,100,0,29.79,102.09,256.00,1611.00,0,0,0
2023-08-22T05:26:01Z,24.71,61.13,99,0,36.13,102.09,253.00,1607.00,null,null,null
2023-08-22T05:27:01Z,24.68,61.03,100,0,33.03,102.09,260.00,1615.00,null,null,null
2023-08-22T05:28:01Z,24.68,61.04,99,0,33.89,102.09,253.00,1607.00,null,null,null
2023-08-22T05:29:01Z,24.68,61.03,100,0,32.46,102.09,253.00,1607.00,null,null,null
2023-08-22T05:30:01Z,24.69,61.04,100,0,31.72,102.09,260.00,1615.00,0,0,0
2023-08-22T05:31:01Z,24.69,61.07,100,0,28.66,102.09,256.00,1611.00,null,null,null
2023-08-22T05:32:01Z,24.68,61.07,99,0,41.80,102.10,256.00,1611.00,null,null,null
2023-08-22T05:33:01Z,24.67,61.00,100,0,32.53,102.10,260.00,1615.00,null,null,null
2023-08-22T05:34:01Z,24.65,61.03,100,0,33.41,102.09,256.00,1611.00,null,null,null
2023-08-22T05:35:01Z,24.67,61.04,100,0,25.26,102.09,256.00,1611.00,0,0,0
2023-08-22T05:36:01Z,24.67,61.04,100,0,33.59,102.09,256.00,1611.00,null,null,null
2023-08-22T05:37:01Z,24.67,61.08,100,0,39.69,102.08,260.00,1615.00,null,null,null
2023-08-22T05:38:01Z,24.69,61.07,100,0,42.70,102.09,260.00,1615.00,null,null,null
2023-08-22T05:39:01Z,24.68,61.09,100,0,36.20,102.08,260.00,1615.00,null,null,null
2023-08-22T05:40:01Z,24.67,61.12,100,0,29.89,102.09,256.00,1611.00,0,0,0
2023-08-22T05:41:01Z,24.68,61.07,99,0,26.67,102.09,263.00,1619.00,null,null,null
2023-08-22T05:42:01Z,24.68,61.08,100,0,26.48,102.09,260.00,1615.00,null,null,null
2023-08-22T05:43:01Z,24.69,61.07,100,0,27.14,102.09,267.00,1624.00,null,null,null
2023-08-22T05:44:01Z,24.68,61.09,100,0,26.95,102.09,267.00,1624.00,null,null,null
2023-08-22T05:45:01Z,24.67,61.09,100,0,40.50,102.09,263.00,1619.00,0,0,0
2023-08-22T05:46:01Z,24.67,61.07,100,0,42.31,102.10,260.00,1615.00,null,null,null
2023-08-22T05:47:01Z,24.69,61.03,99,0,36.87,102.09,256.00,1611.00,null,null,null
2023-08-22T05:48:01Z,24.69,61.18,100,0,30.69,102.09,263.00,1619.00,null,null,null
2023-08-22T05:49:01Z,24.64,61.12,100,0,35.22,102.09,263.00,1619.00,null,null,null
2023-08-22T05:50:01Z,24.69,61.27,100,0,28.39,102.09,260.00,1615.00,0,0,0
2023-08-22T05:51:01Z,24.67,61.10,100,0,39.65,102.09,264.00,1620.00,null,null,null
2023-08-22T05:52:01Z,24.67,61.36,100,0,33.36,102.09,267.00,1624.00,null,null,null
2023-08-22T05:53:01Z,24.67,61.24,100,0,29.30,102.10,266.00,1624.00,null,null,null
2023-08-22T05:54:01Z,24.67,61.25,100,0,33.98,102.10,270.00,1628.00,null,null,null
2023-08-22T05:55:01Z,24.67,61.22,100,0,29.71,102.09,266.00,1624.00,0,0,0
2023-08-22T05:56:01Z,24.67,61.14,100,0,38.42,102.10,263.00,1619.00,null,null,null
2023-08-22T05:57:01Z,24.68,61.08,99,0,30.61,102.10,267.00,1624.00,null,null,null
2023-08-22T05:58:01Z,24.71,61.09,100,0,32.03,102.11,267.00,1624.00,null,null,null
2023-08-22T05:59:01Z,24.65,61.09,100,0,31.29,102.11,267.00,1624.00,null,null,null
2023-08-22T06:00:01Z,24.67,61.09,100,0,41.85,102.11,263.00,1619.00,0,0,0
2023-08-22T06:01:01Z,24.68,61.12,100,0,32.55,102.11,256.00,1611.00,null,null,null
2023-08-22T06:02:01Z,24.69,61.13,100,0,40.38,102.11,263.00,1619.00,null,null,null
2023-08-22T06:03:01Z,24.69,61.18,100,0,41.94,102.11,263.00,1619.00,null,null,null
2023-08-22T06:04:01Z,24.67,61.14,100,0,31.22,102.11,270.00,1628.00,null,null,null
2023-08-22T06:05:01Z,24.68,61.13,100,0,30.94,102.11,267.00,1624.00,0,0,0
2023-08-22T06:06:01Z,24.68,61.18,99,0,43.53,102.11,267.00,1624.00,null,null,null
2023-08-22T06:07:01Z,24.68,61.16,100,0,31.13,102.11,267.00,1624.00,null,null,null
2023-08-22T06:08:01Z,24.68,61.16,100,0,30.98,102.11,267.00,1624.00,null,null,null
2023-08-22T06:09:01Z,24.68,61.29,99,0,38.46,102.10,270.00,1628.00,null,null,null
2023-08-22T06:10:01Z,24.68,61.26,100,0,26.87,102.11,266.00,1624.00,0,0,0
2023-08-22T06:11:01Z,24.68,61.21,99,0,33.94,102.10,270.00,1628.00,null,null,null
2023-08-22T06:12:01Z,24.68,61.10,100,0,29.91,102.10,267.00,1624.00,null,null,null
2023-08-22T06:13:01Z,24.68,61.13,99,0,33.68,102.11,270.00,1628.00,null,null,null
2023-08-22T06:14:01Z,24.67,61.11,100,0,34.45,102.10,267.00,1624.00,null,null,null
2023-08-22T06:15:01Z,24.68,61.09,100,0,33.67,102.10,270.00,1628.00,0,0,0
2023-08-22T06:16:01Z,24.68,61.15,100,0,40.20,102.10,270.00,1628.00,null,null,null
2023-08-22T06:17:01Z,24.68,61.17,100,0,32.32,102.10,270.00,1628.00,null,null,null
2023-08-22T06:18:01Z,24.69,61.09,100,0,30.69,102.11,267.00,1624.00,null,null,null
2023-08-22T06:19:01Z,24.65,61.13,100,0,41.43,102.11,267.00,1624.00,null,null,null
2023-08-22T06:20:01Z,24.69,61.15,100,0,39.59,102.10,270.00,1628.00,0,0,0
2023-08-22T06:21:01Z,24.68,61.11,100,0,38.02,102.10,270.00,1628.00,null,null,null
2023-08-22T06:22:01Z,24.68,61.13,100,0,48.26,102.10,270.00,1628.00,null,null,null
2023-08-22T06:23:01Z,24.67,61.11,100,0,41.48,102.11,267.00,1624.00,null,null,null
2023-08-22T06:24:01Z,24.65,61.14,100,0,38.70,102.10,267.00,1624.00,null,null,null
2023-08-22T06:25:01Z,24.67,61.18,100,0,38.06,102.11,263.00,1619.00,0,0,0
2023-08-22T06:26:01Z,24.68,61.14,100,0,35.27,102.10,263.00,1619.00,null,null,null
2023-08-22T06:27:01Z,24.68,61.09,100,0,38.88,102.11,267.00,1624.00,null,null,null
2023-08-22T06:28:01Z,24.67,61.13,100,0,42.73,102.11,263.00,1619.00,null,null,null
2023-08-22T06:29:01Z,24.67,61.13,99,0,30.91,102.10,263.00,1619.00,null,null,null
2023-08-22T06:30:01Z,24.65,61.14,99,0,33.61,102.11,263.00,1619.00,0,0,0
2023-08-22T06:31:01Z,24.67,61.18,100,0,40.29,102.11,256.00,1611.00,null,null,null
2023-08-22T06:32:01Z,24.68,61.15,100,0,33.09,102.11,263.00,1619.00,null,null,null
2023-08-22T06:33:01Z,24.68,61.14,99,0,33.66,102.11,267.00,1624.00,null,null,null
2023-08-22T06:34:01Z,24.65,61.13,99,0,36.34,102.11,267.00,1624.00,null,null,null
2023-08-22T06:35:01Z,24.67,61.15,100,0,27.59,102.11,267.00,1624.00,0,0,0
2023-08-22T06:36:01Z,24.68,61.17,99,0,39.30,102.11,263.00,1619.00,null,null,null
2023-08-22T06:37:01Z,24.67,61.10,100,0,39.55,102.12,263.00,1619.00,null,null,null
2023-08-22T06:38:01Z,24.67,61.18,99,0,44.29,102.12,263.00,1619.00,null,null,null
2023-08-22T06:39:01Z,24.68,61.12,100,0,30.58,102.12,263.00,1619.00,null,null,null
2023-08-22T06:40:01Z,24.65,61.17,100,0,38.60,102.12,263.00,1619.00,0,0,0
2023-08-22T06:41:01Z,24.68,61.22,100,0,24.07,102.12,267.00,1624.00,null,null,null
2023-08-22T06:42:01Z,24.67,61.16,99,0,33.36,102.12,263.00,1619.00,null,null,null
2023-08-22T06:43:01Z,24.68,61.18,100,0,31.07,102.12,267.00,1624.00,null,null,null
2023-08-22T06:44:01Z,24.67,61.10,99,0,34.24,102.13,263.00,1619.00,null,null,null
2023-08-22T06:45:01Z,24.67,61.20,100,0,26.73,102.12,263.00,1619.00,0,0,0
2023-08-22T06:46:01Z,24.67,61.15,100,0,51.81,102.12,256.00,1611.00,null,null,null
2023-08-22T06:47:01Z,24.67,61.17,100,0,28.70,102.12,267.00,1624.00,null,null,null
2023-08-22T06:48:01Z,24.67,61.17,100,0,26.29,102.12,270.00,1628.00,null,null,null
2023-08-22T06:49:01Z,24.65,61.17,100,0,36.17,102.12,260.00,1615.00,null,null,null
2023-08-22T06:50:01Z,24.65,61.24,99,0,41.44,102.12,263.00,1619.00,0,0,0
2023-08-22T06:51:01Z,24.67,61.22,99,0,31.71,102.12,256.00,1611.00,null,null,null
2023-08-22T06:52:01Z,24.65,61.17,100,0,39.83,102.12,267.00,1624.00,null,null,null
2023-08-22T06:53:01Z,24.67,61.23,100,0,33.49,102.12,263.00,1619.00,null,null,null
2023-08-22T06:54:01Z,24.67,61.23,99,0,30.75,102.12,260.00,1615.00,null,null,null
2023-08-22T06:55:01Z,24.62,61.20,100,0,31.45,102.12,256.00,1611.00,0,0,0
2023-08-22T06:56:01Z,24.68,61.23,100,0,32.99,102.12,263.00,1619.00,null,null,null
2023-08-22T06:57:01Z,24.64,61.23,100,0,34.36,102.12,260.00,1615.00,null,null,null
2023-08-22T06:58:01Z,24.65,61.24,100,0,28.30,102.13,263.00,1619.00,null,null,null
2023-08-22T06:59:01Z,24.67,61.23,100,0,32.06,102.13,256.00,1611.00,null,null,null
2023-08-22T07:00:01Z,24.64,61.25,100,0,35.64,102.13,253.00,1607.00,0,0,0
2023-08-22T07:01:01Z,24.65,61.24,100,0,30.62,102.13,256.00,1611.00,null,null,null
2023-08-22T07:02:01Z,24.65,61.21,100,0,31.44,102.13,260.00,1615.00,null,null,null
2023-08-22T07:03:01Z,24.65,61.24,100,0,25.06,102.12,256.00,1611.00,null,null,null
2023-08-22T07:04:01Z,24.65,61.23,100,0,35.12,102.13,253.00,1607.00,null,null,null
2023-08-22T07:05:01Z,24.65,61.24,100,0,34.67,102.13,260.00,1615.00,0,0,0
2023-08-22T07:06:01Z,24.67,61.30,100,0,32.28,102.13,260.00,1615.00,null,null,null
2023-08-22T07:07:01Z,24.65,61.22,100,0,37.96,102.13,253.00,1607.00,null,null,null
2023-08-22T07:08:01Z,24.67,61.23,100,0,35.72,102.13,256.00,1611.00,null,null,null
2023-08-22T07:09:01Z,24.65,61.28,99,0,35.30,102.13,260.00,1615.00,null,null,null
2023-08-22T07:10:01Z,24.65,61.30,100,0,38.52,102.13,256.00,1611.00,0,0,0
2023-08-22T07:11:01Z,24.65,61.33,100,0,27.94,102.14,256.00,1611.00,null,null,null
2023-08-22T07:12:01Z,24.65,61.30,100,0,39.20,102.14,259.00,1615.00,null,null,null
2023-08-22T07:13:01Z,24.64,61.32,99,0,36.33,102.14,259.00,1615.00,null,null,null
2023-08-22T07:14:01Z,24.64,61.40,99,0,28.09,102.14,259.00,1615.00,null,null,null
2023-08-22T07:15:01Z,24.65,61.36,100,0,28.66,102.14,259.00,1615.00,0,0,0
2023-08-22T07:16:01Z,24.65,61.39,100,0,36.68,102.14,256.00,1611.00,null,null,null
2023-08-22T07:17:01Z,24.64,61.39,100,0,29.13,102.14,253.00,1607.00,null,null,null
2023-08-22T07:18:01Z,24.62,61.37,100,0,35.26,102.14,256.00,1611.00,null,null,null
2023-08-22T07:19:01Z,24.64,61.40,100,0,34.03,102.14,256.00,1611.00,null,null,null
2023-08-22T07:20:01Z,24.62,61.37,100,0,29.87,102.15,256.00,1611.00,0,0,0
2023-08-22T07:21:01Z,24.65,61.39,100,0,35.56,102.15,256.00,1611.00,null,null,null
2023-08-22T07:22:01Z,24.64,61.36,100,0,40.23,102.15,259.00,1615.00,null,null,null
2023-08-22T07:23:01Z,24.64,61.42,100,0,31.45,102.15,259.00,1615.00,null,null,null
2023-08-22T07:24:01Z,24.64,61.41,99,0,49.61,102.15,256.00,1611.00,null,null,null
2023-08-22T07:25:01Z,24.64,61.39,100,0,31.58,102.15,256.00,1611.00,0,0,0
2023-08-22T07:26:01Z,24.65,61.39,100,0,28.25,102.15,253.00,1607.00,null,null,null
2023-08-22T07:27:01Z,24.64,61.39,99,0,35.64,102.15,253.00,1607.00,null,null,null
2023-08-22T07:28:01Z,24.67,61.35,100,0,34.06,102.15,259.00,1615.00,null,null,null
2023-08-22T07:29:01Z,24.64,61.36,100,0,29.82,102.15,259.00,1615.00,null,null,null
2023-08-22T07:30:01Z,24.64,61.36,99,0,32.82,102.15,259.00,1615.00,0,0,0
2023-08-22T07:31:01Z,24.61,61.46,99,0,34.85,102.14,259.00,1615.00,null,null,null
2023-08-22T07:32:01Z,24.67,61.36,100,0,28.36,102.15,266.00,1624.00,null,null,null
2023-08-22T07:33:01Z,24.65,61.40,99,0,30.03,102.14,264.00,1620.00,null,null,null
2023-08-22T07:34:01Z,24.64,61.39,100,0,29.82,102.15,259.00,1615.00,null,null,null
2023-08-22T07:35:01Z,24.64,61.37,100,0,31.45,102.15,264.00,1620.00,0,0,0
2023-08-22T07:36:01Z,24.65,61.43,100,0,33.81,102.15,259.00,1615.00,null,null,null
2023-08-22T07:37:01Z,24.65,61.42,100,0,35.42,102.14,264.00,1620.00,null,null,null
2023-08-22T07:38:01Z,24.64,61.40,100,0,30.35,102.14,259.00,1615.00,null,null,null
2023-08-22T07:39:01Z,24.64,61.39,100,0,30.60,102.14,259.00,1615.00,null,null,null
2023-08-22T07:40:01Z,24.61,61.44,100,0,34.26,102.14,264.00,1620.00,0,0,0
2023-08-22T07:41:01Z,24.67,61.39,100,0,30.74,102.14,259.00,1615.00,null,null,null
2023-08-22T07:42:01Z,24.65,61.40,99,0,26.71,102.14,259.00,1615.00,null,null,null
2023-08-22T07:43:01Z,24.65,61.39,100,0,32.99,102.15,264.00,1620.00,null,null,null
2023-08-22T07:44:01Z,24.65,61.44,100,0,34.52,102.14,264.00,1620.00,null,null,null
2023-08-22T07:45:01Z,24.64,61.45,100,0,38.92,102.14,264.00,1620.00,0,0,0
2023-08-22T07:46:01Z,24.64,61.46,100,0,31.23,102.14,264.00,1620.00,null,null,null
2023-08-22T07:47:01Z,24.65,61.50,100,0,36.72,102.14,264.00,1620.00,null,null,null
2023-08-22T07:48:01Z,24.64,61.42,100,0,36.99,102.13,264.00,1620.00,null,null,null
2023-08-22T07:49:01Z,24.67,61.42,100,0,29.08,102.14,264.00,1620.00,null,null,null
2023-08-22T07:50:01Z,24.65,61.45,100,0,41.62,102.14,264.00,1620.00,0,0,0
2023-08-22T07:51:01Z,24.65,61.49,100,0,30.14,102.14,264.00,1620.00,null,null,null
2023-08-22T07:52:01Z,24.67,61.45,100,0,46.20,102.15,264.00,1620.00,null,null,null
2023-08-22T07:53:01Z,24.64,61.44,100,0,43.16,102.15,264.00,1620.00,null,null,null
2023-08-22T07:54:01Z,24.64,61.44,99,0,31.11,102.15,264.00,1620.00,null,null,null
2023-08-22T07:55:01Z,24.65,61.47,100,0,34.11,102.15,264.00,1620.00,0,0,0
2023-08-22T07:56:01Z,24.65,61.46,99,0,29.92,102.15,264.00,1620.00,null,null,null
2023-08-22T07:57:01Z,24.67,61.43,100,0,38.06,102.16,266.00,1624.00,null,null,null
2023-08-22T07:58:01Z,24.62,61.41,99,0,30.70,102.15,264.00,1620.00,null,null,null
2023-08-22T07:59:01Z,24.64,61.43,100,0,33.95,102.16,266.00,1624.00,null,null,null
2023-08-22T08:00:01Z,24.65,61.45,100,0,45.39,102.16,266.00,1624.00,0,0,0
2023-08-22T08:01:01Z,24.64,61.44,100,0,30.23,102.15,264.00,1620.00,null,null,null
2023-08-22T08:02:01Z,24.65,61.44,100,0,33.64,102.15,259.00,1615.00,null,null,null
2023-08-22T08:03:01Z,24.64,61.49,100,0,35.15,102.15,259.00,1615.00,null,null,null
2023-08-22T08:04:01Z,24.65,61.51,99,0,34.26,102.15,264.00,1620.00,null,null,null
2023-08-22T08:05:01Z,24.64,61.42,100,0,31.54,102.15,264.00,1620.00,0,0,0
2023-08-22T08:06:01Z,24.67,61.47,99,0,35.75,102.14,264.00,1620.00,null,null,null
2023-08-22T08:07:01Z,24.65,61.51,100,0,52.64,102.15,264.00,1620.00,null,null,null
2023-08-22T08:08:01Z,24.64,61.54,99,0,35.96,102.15,264.00,1620.00,null,null,null
2023-08-22T08:09:01Z,24.62,61.60,100,0,36.32,102.16,266.00,1624.00,null,null,null
2023-08-22T08:10:01Z,24.64,61.64,100,0,33.56,102.16,266.00,1624.00,0,0,0
2023-08-22T08:11:01Z,24.65,61.65,99,0,34.24,102.17,264.00,1620.00,null,null,null
2023-08-22T08:12:01Z,24.67,61.57,99,0,30.08,102.17,270.00,1628.00,null,null,null
2023-08-22T08:13:01Z,24.65,61.54,100,0,34.44,102.16,270.00,1628.00,null,null,null
2023-08-22T08:14:01Z,24.65,61.61,100,0,37.00,102.17,274.00,1632.00,null,null,null
2023-08-22T08:15:01Z,24.65,61.59,100,0,23.10,102.17,274.00,1632.00,0,0,0
2023-08-22T08:16:01Z,24.64,61.64,100,0,36.93,102.17,270.00,1628.00,null,null,null
2023-08-22T08:17:01Z,24.67,61.61,99,0,32.22,102.18,270.00,1628.00,null,null,null
2023-08-22T08:18:01Z,24.67,61.60,100,0,40.46,102.18,270.00,1628.00,null,null,null
2023-08-22T08:19:01Z,24.67,61.60,100,0,27.26,102.18,270.00,1628.00,null,null,null
2023-08-22T08:20:01Z,24.64,61.64,99,0,26.29,102.17,270.00,1628.00,0,0,0
2023-08-22T08:21:01Z,24.67,61.56,100,0,27.77,102.17,266.00,1624.00,null,null,null
2023-08-22T08:22:01Z,24.67,61.59,100,0,29.21,102.17,266.00,1624.00,null,null,null
2023-08-22T08:23:01Z,24.65,61.59,100,0,25.92,102.17,266.00,1624.00,null,null,null
2023-08-22T08:24:01Z,24.65,61.62,99,0,31.65,102.17,266.00,1624.00,null,null,null
2023-08-22T08:25:01Z,24.65,61.64,100,0,32.84,102.17,264.00,1620.00,0,0,0
2023-08-22T08:26:01Z,24.65,61.63,100,0,42.08,102.16,266.00,1624.00,null,null,null
2023-08-22T08:27:01Z,24.65,61.61,100,0,33.14,102.17,264.00,1620.00,null,null,null
2023-08-22T08:28:01Z,24.65,61.63,100,0,26.99,102.16,264.00,1620.00,null,null,null
2023-08-22T08:29:01Z,24.64,61.64,100,0,32.75,102.17,259.00,1615.00,null,null,null
2023-08-22T08:30:01Z,24.64,61.66,100,0,31.64,102.16,264.00,1620.00,0,0,0
2023-08-22T08:31:01Z,24.65,61.63,100,0,45.00,102.16,264.00,1620.00,null,null,null
2023-08-22T08:32:01Z,24.67,61.58,100,0,35.08,102.16,259.00,1615.00,null,null,null
2023-08-22T08:33:01Z,24.67,61.63,100,0,35.94,102.17,259.00,1615.00,null,null,null
2023-08-22T08:34:01Z,24.64,61.60,100,0,36.31,102.17,259.00,1615.00,null,null,null
2023-08-22T08:35:01Z,24.65,61.59,100,0,34.72,102.17,264.00,1620.00,0,0,0
2023-08-22T08:36:01Z,24.67,61.62,100,1,39.56,102.16,264.00,1620.00,null,null,null
2023-08-22T08:37:01Z,24.67,61.58,99,0,34.58,102.17,259.00,1615.00,null,null,null
2023-08-22T08:38:01Z,24.67,61.59,100,0,33.41,102.17,256.00,1611.00,null,null,null
2023-08-22T08:39:01Z,24.62,61.64,99,0,null,102.18,253.00,1607.00,null,null,null
2023-08-22T08:40:01Z,24.62,61.64,100,0,36.40,102.17,259.00,1615.00,0,0,0
2023-08-22T08:41:01Z,24.64,61.58,100,0,42.05,102.17,256.00,1611.00,null,null,null
2023-08-22T08:42:01Z,24.68,61.54,100,0,31.17,102.18,256.00,1611.00,null,null,null
2023-08-22T08:43:01Z,24.64,61.54,100,0,28.20,102.18,256.00,1611.00,null,null,null
2023-08-22T08:44:01Z,24.67,61.57,99,1,32.45,102.18,244.00,1598.00,null,null,null
2023-08-22T08:45:01Z,24.64,61.59,100,0,35.68,102.17,253.00,1607.00,0,0,0
2023-08-22T08:46:01Z,24.67,61.55,100,0,32.50,102.18,248.00,1603.00,null,null,null
2023-08-22T08:47:01Z,24.67,61.59,99,0,25.16,102.17,248.00,1603.00,null,null,null
2023-08-22T08:48:01Z,24.65,61.59,100,0,46.49,102.18,253.00,1607.00,null,null,null
2023-08-22T08:49:01Z,24.65,61.61,100,0,41.05,102.18,256.00,1611.00,null,null,null
2023-08-22T08:50:01Z,24.65,61.60,100,0,30.42,102.18,256.00,1611.00,0,0,0
2023-08-22T08:51:01Z,24.67,61.65,100,0,34.09,102.18,253.00,1607.00,null,null,null
2023-08-22T08:52:01Z,24.65,61.63,100,0,30.38,102.18,256.00,1611.00,null,null,null
2023-08-22T08:53:01Z,24.65,61.61,99,0,26.38,102.17,248.00,1603.00,null,null,null
2023-08-22T08:54:01Z,24.68,61.64,100,0,32.62,102.17,248.00,1603.00,null,null,null
2023-08-22T08:55:01Z,24.65,61.60,100,0,47.02,102.17,253.00,1607.00,0,0,0
2023-08-22T08:56:01Z,24.67,61.62,100,0,31.58,102.16,244.00,1598.00,null,null,null
2023-08-22T08:57:01Z,24.67,61.60,100,0,32.64,102.16,248.00,1603.00,null,null,null
2023-08-22T08:58:01Z,24.68,61.61,99,0,34.25,102.16,244.00,1598.00,null,null,null
2023-08-22T08:59:01Z,24.67,61.61,100,0,52.12,102.17,244.00,1598.00,null,null,null
2023-08-22T09:00:01Z,24.65,61.65,100,0,33.66,102.17,248.00,1603.00,0,0,0
2023-08-22T09:01:01Z,24.69,61.60,99,0,36.07,102.17,242.00,1595.00,null,null,null
2023-08-22T09:02:01Z,24.67,61.53,100,0,37.52,102.17,244.00,1598.00,null,null,null
2023-08-22T09:03:01Z,24.64,61.61,99,0,40.60,102.16,248.00,1603.00,null,null,null
2023-08-22T09:04:01Z,24.67,61.60,100,0,30.65,102.17,244.00,1598.00,null,null,null
2023-08-22T09:05:01Z,24.65,61.61,100,0,36.58,102.17,244.00,1598.00,0,0,0
2023-08-22T09:06:01Z,24.67,61.62,100,0,35.68,102.17,242.00,1595.00,null,null,null
2023-08-22T09:07:01Z,24.68,61.54,99,0,36.37,102.17,244.00,1598.00,null,null,null
2023-08-22T09:08:01Z,24.69,61.57,100,0,31.63,102.17,244.00,1598.00,null,null,null
2023-08-22T09:09:01Z,24.69,61.64,100,0,45.54,102.17,244.00,1598.00,null,null,null
2023-08-22T09:10:01Z,24.67,61.63,99,0,30.62,102.16,244.00,1598.00,0,0,0
2023-08-22T09:11:01Z,24.69,61.67,99,0,40.95,102.16,248.00,1603.00,null,null,null
2023-08-22T09:12:01Z,24.68,61.63,99,0,46.99,102.17,244.00,1598.00,null,null,null
2023-08-22T09:13:01Z,24.69,61.65,100,0,33.92,102.17,244.00,1598.00,null,null,null
2023-08-22T09:14:01Z,24.68,61.62,100,0,33.28,102.17,244.00,1598.00,null,null,null
2023-08-22T09:15:01Z,24.68,61.68,99,0,56.77,102.17,244.00,1598.00,0,0,0
2023-08-22T09:16:01Z,24.69,61.62,99,0,34.13,102.16,244.00,1598.00,null,null,null
2023-08-22T09:17:01Z,24.71,61.58,100,0,33.94,102.16,242.00,1595.00,null,null,null
2023-08-22T09:18:01Z,24.69,61.61,100,0,29.93,102.16,244.00,1598.00,null,null,null
2023-08-22T09:19:01Z,24.69,61.64,99,0,28.91,102.16,244.00,1598.00,null,null,null
2023-08-22T09:20:01Z,24.71,61.64,100,0,33.67,102.16,242.00,1595.00,0,0,0
2023-08-22T09:21:01Z,24.69,61.62,100,0,35.31,102.16,244.00,1598.00,null,null,null
2023-08-22T09:22:01Z,24.68,61.61,100,0,23.15,102.16,244.00,1598.00,null,null,null
2023-08-22T09:23:01Z,24.67,61.59,100,0,29.55,102.16,244.00,1598.00,null,null,null
2023-08-22T09:24:01Z,24.68,61.62,100,0,27.42,102.16,244.00,1598.00,null,null,null
2023-08-22T09:25:01Z,24.69,61.59,100,0,35.18,102.16,244.00,1598.00,0,0,0
2023-08-22T09:26:01Z,24.72,61.63,100,0,29.42,102.15,242.00,1595.00,null,null,null
2023-08-22T09:27:01Z,24.71,61.55,100,0,40.65,102.16,238.00,1592.00,null,null,null
2023-08-22T09:28:01Z,24.68,61.57,99,0,38.87,102.16,242.00,1595.00,null,null,null
2023-08-22T09:29:01Z,24.68,61.57,100,0,26.29,102.16,242.00,1595.00,null,null,null
2023-08-22T09:30:01Z,24.69,61.62,99,0,49.00,102.15,242.00,1595.00,0,0,0
2023-08-22T09:31:01Z,24.69,61.57,100,0,33.61,102.16,238.00,1592.00,null,null,null
2023-08-22T09:32:01Z,24.71,61.52,100,0,28.92,102.17,236.00,1591.00,null,null,null
2023-08-22T09:33:01Z,24.69,61.53,100,0,33.22,102.17,236.00,1591.00,null,null,null
2023-08-22T09:34:01Z,24.71,61.55,99,0,31.54,102.17,238.00,1592.00,null,null,null
2023-08-22T09:35:01Z,24.71,61.51,99,0,37.46,102.17,238.00,1592.00,0,0,0
2023-08-22T09:36:01Z,24.71,61.51,99,0,25.98,102.16,236.00,1591.00,null,null,null
2023-08-22T09:37:01Z,24.72,61.51,100,0,35.82,102.16,238.00,1592.00,null,null,null
2023-08-22T09:38:01Z,24.69,61.45,100,0,29.73,102.16,238.00,1592.00,null,null,null
2023-08-22T09:39:01Z,24.69,61.52,100,0,32.30,102.16,236.00,1591.00,null,null,null
2023-08-22T09:40:01Z,24.68,61.47,99,0,31.51,102.17,236.00,1591.00,0,0,0
2023-08-22T09:41:01Z,24.71,61.50,99,0,27.42,102.16,231.00,1583.00,null,null,null
2023-08-22T09:42:01Z,24.71,61.10,99,0,28.73,102.17,236.00,1591.00,null,null,null
2023-08-22T09:43:01Z,24.69,60.51,100,0,42.69,102.17,226.00,1576.00,null,null,null
2023-08-22T09:44:01Z,24.62,60.61,100,0,35.35,102.17,204.00,1547.00,null,null,null
2023-08-22T09:45:01Z,24.58,60.70,100,0,32.38,102.17,185.00,1520.00,0,0,0
2023-08-22T09:46:01Z,24.59,60.84,100,0,36.33,102.16,173.00,1502.00,null,null,null
2023-08-22T09:47:01Z,24.55,61.00,100,0,37.09,102.16,163.00,1470.00,null,null,null
2023-08-22T09:48:01Z,24.51,61.14,100,0,41.83,102.16,156.00,1429.00,null,null,null
2023-08-22T09:49:01Z,24.49,61.23,100,0,37.61,102.16,152.00,1404.00,null,null,null
2023-08-22T09:50:01Z,24.48,61.31,100,0,35.35,102.16,150.00,1389.00,0,0,0
2023-08-22T09:51:01Z,24.48,61.31,99,0,33.00,102.16,144.00,1349.00,null,null,null
2023-08-22T09:52:01Z,24.47,61.36,99,0,42.61,102.16,138.00,1307.00,null,null,null
2023-08-22T09:53:01Z,24.42,61.33,100,0,29.08,102.15,136.00,1295.00,null,null,null
2023-08-22T09:54:01Z,24.44,61.45,100,0,39.18,102.15,135.00,1288.00,null,null,null
2023-08-22T09:55:01Z,24.39,61.57,99,0,36.26,102.16,135.00,1288.00,0,0,0
2023-08-22T09:56:01Z,24.44,61.53,100,0,34.09,102.16,136.00,1295.00,null,null,null
2023-08-22T09:57:01Z,24.44,61.47,99,0,33.51,102.17,135.00,1288.00,null,null,null
2023-08-22T09:58:01Z,24.44,61.55,100,0,35.49,102.16,136.00,1295.00,null,null,null
2023-08-22T09:59:01Z,24.42,61.42,99,0,31.12,102.17,135.00,1288.00,null,null,null
2023-08-22T10:00:01Z,24.39,61.28,99,0,47.86,102.18,129.00,1248.00,0,0,0
2023-08-22T10:01:01Z,24.38,61.13,100,0,33.53,102.18,129.00,1252.00,null,null,null
2023-08-22T10:02:01Z,24.38,61.11,100,0,43.78,102.19,122.00,1201.00,null,null,null
2023-08-22T10:03:01Z,24.35,61.16,100,0,37.24,102.18,118.00,1178.00,null,null,null
2023-08-22T10:04:01Z,24.34,61.18,100,0,34.41,102.18,114.00,1150.00,null,null,null
2023-08-22T10:05:01Z,24.35,61.24,99,0,32.88,102.17,116.00,1163.00,0,0,0
2023-08-22T10:06:01Z,24.34,61.23,99,0,34.76,102.18,118.00,1178.00,null,null,null
2023-08-22T10:07:01Z,24.32,61.11,100,0,32.98,102.16,114.00,1150.00,null,null,null
2023-08-22T10:08:01Z,24.32,61.23,100,0,42.49,102.17,112.00,1140.00,null,null,null
2023-08-22T10:09:01Z,24.35,61.26,99,0,45.67,102.17,114.00,1150.00,null,null,null
2023-08-22T10:10:01Z,24.29,61.19,99,0,28.44,102.18,110.00,1128.00,0,0,0
2023-08-22T10:11:01Z,24.29,61.01,100,0,43.38,102.18,110.00,1128.00,null,null,null
2023-08-22T10:12:01Z,24.29,60.92,100,0,33.20,102.17,108.00,1113.00,null,null,null
2023-08-22T10:13:01Z,24.32,60.97,100,0,30.90,102.16,106.00,1102.00,null,null,null
2023-08-22T10:14:01Z,24.29,60.99,100,0,39.34,102.17,106.00,1102.00,null,null,null
2023-08-22T10:15:01Z,24.29,60.98,100,0,34.95,102.17,105.00,1095.00,0,0,0
2023-08-22T10:16:01Z,24.29,61.03,100,4,34.69,102.15,104.00,1083.00,null,null,null
2023-08-22T10:17:01Z,24.29,61.05,100,0,34.30,102.16,106.00,1102.00,null,null,null
2023-08-22T10:18:01Z,24.29,61.08,100,0,31.56,102.15,110.00,1128.00,null,null,null
2023-08-22T10:19:01Z,24.31,61.09,100,0,33.06,102.15,110.00,1128.00,null,null,null
2023-08-22T10:20:01Z,24.29,61.13,100,0,35.17,102.17,110.00,1128.00,0,0,0
2023-08-22T10:21:01Z,24.32,60.93,99,0,35.03,102.16,112.00,1140.00,null,null,null
2023-08-22T10:22:01Z,24.31,60.89,99,0,37.84,102.15,114.00,1150.00,null,null,null
2023-08-22T10:23:01Z,24.32,60.83,99,0,33.51,102.16,112.00,1140.00,null,null,null
2023-08-22T10:24:01Z,24.31,60.83,100,0,39.88,102.17,112.00,1140.00,null,null,null
2023-08-22T10:25:01Z,24.29,60.76,100,0,34.79,102.16,110.00,1128.00,0,0,0
2023-08-22T10:26:01Z,24.31,60.67,100,1,36.26,102.15,106.00,1102.00,null,null,null
2023-08-22T10:27:01Z,24.31,60.64,100,0,38.11,102.16,107.00,1107.00,null,null,null
2023-08-22T10:28:01Z,24.31,60.75,99,0,35.96,102.16,107.00,1107.00,null,null,null
2023-08-22T10:29:01Z,24.32,60.83,100,0,41.59,102.17,106.00,1102.00,null,null,null
2023-08-22T10:30:01Z,24.31,60.87,100,0,36.85,102.17,105.00,1095.00,0,0,0
2023-08-22T10:31:01Z,24.31,60.81,100,2,40.71,102.16,105.00,1095.00,null,null,null
2023-08-22T10:32:01Z,24.31,60.74,99,0,40.30,102.16,105.00,1095.00,null,null,null
2023-08-22T10:33:01Z,24.32,60.66,100,0,31.30,102.16,103.00,1077.00,null,null,null
2023-08-22T10:34:01Z,24.31,60.61,100,0,31.62,102.15,102.00,1071.00,null,null,null
2023-08-22T10:35:01Z,24.28,60.73,100,0,35.49,102.14,100.00,1060.00,0,0,0
2023-08-22T10:36:01Z,24.31,60.70,99,0,28.85,102.14,100.00,1060.00,null,null,null
2023-08-22T10:37:01Z,24.31,60.55,99,0,30.49,102.14,100.00,1060.00,null,null,null
2023-08-22T10:38:01Z,24.31,60.55,100,0,29.91,102.15,97.00,1038.00,null,null,null
2023-08-22T10:39:01Z,24.28,60.46,99,0,30.93,102.15,94.00,1019.00,null,null,null
2023-08-22T10:40:01Z,24.27,60.38,99,0,30.72,102.15,92.00,1009.00,0,0,0
2023-08-22T10:41:01Z,24.28,60.49,100,0,33.51,102.14,90.00,995.00,null,null,null
2023-08-22T10:42:01Z,24.29,60.50,100,0,30.96,102.14,90.00,995.00,null,null,null
2023-08-22T10:43:01Z,24.24,60.54,100,0,30.49,102.13,91.00,1001.00,null,null,null
2023-08-22T10:44:01Z,24.27,60.64,99,0,28.19,102.14,109.00,1118.00,null,null,null
2023-08-22T10:45:01Z,24.27,60.57,100,0,35.36,102.13,97.00,1038.00,0,0,0
2023-08-22T10:46:01Z,24.28,60.57,99,0,31.18,102.14,99.00,1050.00,null,null,null
2023-08-22T10:47:01Z,24.29,60.47,100,0,28.25,102.14,100.00,1060.00,null,null,null
2023-08-22T10:48:01Z,24.28,60.24,99,0,42.19,102.14,97.00,1038.00,null,null,null
2023-08-22T10:49:01Z,24.27,60.28,100,0,35.22,102.14,92.00,1004.00,null,null,null
2023-08-22T10:50:01Z,24.24,60.35,99,0,37.63,102.13,88.00,983.00,0,0,0
2023-08-22T10:51:01Z,24.27,60.40,100,0,26.64,102.12,105.00,1095.00,null,null,null
2023-08-22T10:52:01Z,24.28,60.43,99,0,30.11,102.13,91.00,1001.00,null,null,null
2023-08-22T10:53:01Z,24.28,60.36,100,0,37.99,102.13,91.00,1001.00,null,null,null
2023-08-22T10:54:01Z,24.28,60.26,100,0,39.76,102.12,88.00,983.00,null,null,null
2023-08-22T10:55:01Z,24.25,60.34,100,0,32.98,102.14,87.00,972.00,0,0,0
2023-08-22T10:56:01Z,24.27,60.19,99,0,33.98,102.12,85.00,964.00,null,null,null
2023-08-22T10:57:01Z,24.27,60.14,100,0,32.14,102.12,88.00,981.00,null,null,null
2023-08-22T10:58:01Z,24.23,60.14,99,0,30.26,102.13,87.00,972.00,null,null,null
2023-08-22T10:59:01Z,24.24,60.02,99,0,40.89,102.12,98.00,1044.00,null,null,null
2023-08-22T11:00:01Z,24.23,60.05,99,0,29.88,102.13,92.00,1009.00,0,0,0
2023-08-22T11:01:01Z,24.21,60.14,100,0,34.64,102.12,89.00,990.00,null,null,null
2023-08-22T11:02:01Z,24.23,60.09,100,0,38.75,102.12,89.00,990.00,null,null,null
2023-08-22T11:03:01Z,24.21,60.25,99,0,38.86,102.12,92.00,1009.00,null,null,null
2023-08-22T11:04:01Z,24.23,60.33,100,0,48.49,102.12,92.00,1009.00,null,null,null
2023-08-22T11:05:01Z,24.24,60.38,99,0,34.74,102.12,93.00,1014.00,0,0,0
2023-08-22T11:06:01Z,24.24,60.38,100,0,44.39,102.12,96.00,1035.00,null,null,null
2023-08-22T11:07:01Z,24.25,60.42,100,0,36.39,102.12,96.00,1035.00,null,null,null
2023-08-22T11:08:01Z,24.24,60.35,100,0,38.88,102.13,85.00,964.00,null,null,null
2023-08-22T11:09:01Z,24.25,60.50,100,0,39.40,102.13,101.00,1065.00,null,null,null
2023-08-22T11:10:01Z,24.27,60.54,100,0,27.47,102.13,103.00,1077.00,0,0,0
2023-08-22T11:11:01Z,24.28,60.61,100,0,29.79,102.12,108.00,1113.00,null,null,null
2023-08-22T11:12:01Z,24.27,60.66,99,0,29.07,102.12,120.00,1191.00,null,null,null
2023-08-22T11:13:01Z,24.29,60.71,100,0,34.11,102.13,122.00,1201.00,null,null,null
2023-08-22T11:14:01Z,24.28,60.75,100,0,31.31,102.13,134.00,1281.00,null,null,null
2023-08-22T11:15:01Z,24.29,60.77,100,0,29.21,102.13,142.00,1338.00,0,0,0
2023-08-22T11:16:01Z,24.31,60.77,100,0,30.53,102.12,150.00,1385.00,null,null,null
2023-08-22T11:17:01Z,24.32,60.73,100,0,33.24,102.12,154.00,1413.00,null,null,null
2023-08-22T11:18:01Z,24.34,60.66,99,0,28.96,102.12,166.00,1491.00,null,null,null
2023-08-22T11:19:01Z,24.35,60.67,100,0,30.42,102.12,171.00,1499.00,null,null,null
2023-08-22T11:20:01Z,24.35,60.69,100,0,29.93,102.11,174.00,1503.00,0,0,0
2023-08-22T11:21:01Z,24.35,60.70,100,0,36.84,102.10,177.00,1507.00,null,null,null
2023-08-22T11:22:01Z,24.37,60.61,100,0,31.57,102.11,182.00,1516.00,null,null,null
2023-08-22T11:23:01Z,24.38,60.61,100,0,38.27,102.11,185.00,1520.00,null,null,null
2023-08-22T11:24:01Z,24.38,60.66,100,0,31.17,102.11,187.00,1524.00,null,null,null
2023-08-22T11:25:01Z,24.38,60.60,100,0,30.15,102.10,187.00,1524.00,0,0,0
2023-08-22T11:26:01Z,24.41,60.61,100,0,29.46,102.10,192.00,1530.00,null,null,null
2023-08-22T11:27:01Z,24.39,60.67,99,0,35.08,102.11,193.00,1532.00,null,null,null
2023-08-22T11:28:01Z,24.45,60.60,100,0,27.77,102.10,193.00,1532.00,null,null,null
2023-08-22T11:29:01Z,24.41,60.54,99,0,26.67,102.10,196.00,1536.00,null,null,null
2023-08-22T11:30:01Z,24.42,60.51,100,0,28.81,102.10,196.00,1536.00,0,0,0
2023-08-22T11:31:01Z,24.44,60.51,100,0,40.76,102.10,196.00,1536.00,null,null,null
2023-08-22T11:32:01Z,24.45,60.48,100,0,37.90,102.10,196.00,1536.00,null,null,null
2023-08-22T11:33:01Z,24.44,60.44,100,0,41.26,102.09,196.00,1536.00,null,null,null
2023-08-22T11:34:01Z,24.47,60.62,100,0,41.76,102.10,196.00,1536.00,null,null,null
2023-08-22T11:35:01Z,24.45,60.60,100,0,32.01,102.11,199.00,1540.00,0,0,0
2023-08-22T11:36:01Z,24.47,60.48,100,0,33.77,102.10,199.00,1540.00,null,null,null
2023-08-22T11:37:01Z,24.47,60.52,99,0,42.65,102.10,199.00,1540.00,null,null,null
2023-08-22T11:38:01Z,24.49,60.40,100,0,35.25,102.10,199.00,1540.00,null,null,null
2023-08-22T11:39:01Z,24.49,60.48,100,0,37.65,102.10,203.00,1544.00,null,null,null
2023-08-22T11:40:01Z,24.47,60.51,99,0,27.42,102.10,203.00,1544.00,0,0,0
2023-08-22T11:41:01Z,24.48,60.50,99,0,38.66,102.10,203.00,1544.00,null,null,null
2023-08-22T11:42:01Z,24.51,60.48,100,0,30.59,102.10,203.00,1544.00,null,null,null
2023-08-22T11:43:01Z,24.51,60.44,100,0,32.24,102.10,203.00,1544.00,null,null,null
2023-08-22T11:44:01Z,24.51,60.45,100,0,29.36,102.10,206.00,1548.00,null,null,null
2023-08-22T11:45:01Z,24.51,60.48,100,0,32.57,102.09,203.00,1544.00,0,0,0
2023-08-22T11:46:01Z,24.51,60.44,100,0,31.35,102.09,203.00,1544.00,null,null,null
2023-08-22T11:47:01Z,24.54,60.45,99,0,31.30,102.10,203.00,1544.00,null,null,null
2023-08-22T11:48:01Z,24.51,60.56,99,0,31.98,102.09,203.00,1544.00,null,null,null
2023-08-22T11:49:01Z,24.54,60.55,100,0,39.13,102.09,217.00,1563.00,null,null,null
2023-08-22T11:50:01Z,24.54,60.42,99,0,34.81,102.09,212.00,1557.00,0,0,0
2023-08-22T11:51:01Z,24.52,60.33,100,0,35.08,102.09,212.00,1557.00,null,null,null
2023-08-22T11:52:01Z,24.55,60.41,99,0,28.91,102.10,212.00,1557.00,null,null,null
2023-08-22T11:53:01Z,24.55,60.34,100,0,34.75,102.10,209.00,1553.00,null,null,null
2023-08-22T11:54:01Z,24.55,60.26,100,0,33.15,102.09,209.00,1553.00,null,null,null
2023-08-22T11:55:01Z,24.54,60.37,100,0,29.67,102.09,209.00,1553.00,0,0,0
2023-08-22T11:56:01Z,24.55,60.33,100,0,37.41,102.10,206.00,1548.00,null,null,null
2023-08-22T11:57:01Z,24.55,60.20,99,0,29.95,102.09,209.00,1553.00,null,null,null
2023-08-22T11:58:01Z,24.57,60.22,100,0,27.53,102.10,211.00,1556.00,null,null,null
2023-08-22T11:59:01Z,24.57,60.28,100,0,35.74,102.09,211.00,1556.00,null,null,null
2023-08-22T12:00:01Z,24.55,60.20,100,0,43.27,102.09,206.00,1548.00,0,0,0
2023-08-22T12:01:01Z,24.57,60.25,100,0,37.81,102.10,211.00,1556.00,null,null,null
2023-08-22T12:02:01Z,24.61,60.17,100,0,40.46,102.09,206.00,1548.00,null,null,null
2023-08-22T12:03:01Z,24.61,60.35,100,8,47.28,102.09,211.00,1556.00,null,null,null
2023-08-22T12:04:01Z,24.62,60.44,99,54,41.99,102.08,209.00,1553.00,null,null,null
2023-08-22T12:05:01Z,24.58,60.54,100,54,53.77,102.09,212.00,1557.00,0,0,0
2023-08-22T12:06:01Z,24.62,60.40,100,53,59.40,102.10,212.00,1557.00,null,null,null
2023-08-22T12:07:01Z,24.61,60.47,100,57,71.07,102.10,212.00,1557.00,null,null,null
2023-08-22T12:08:01Z,24.62,60.24,100,59,46.64,102.11,209.00,1553.00,null,null,null
2023-08-22T12:09:01Z,24.64,60.13,100,60,32.18,102.11,205.00,1547.00,null,null,null
2023-08-22T12:10:01Z,24.62,60.21,99,61,38.02,102.11,205.00,1547.00,0,0,0
2023-08-22T12:11:01Z,24.62,60.08,100,59,49.83,102.11,196.00,1535.00,null,null,null
2023-08-22T12:12:01Z,24.65,60.55,100,46,63.46,102.11,196.00,1535.00,null,null,null
2023-08-22T12:13:01Z,24.71,60.57,100,57,53.03,102.12,199.00,1540.00,null,null,null
2023-08-22T12:14:01Z,24.69,60.27,99,48,41.03,102.11,196.00,1536.00,null,null,null
2023-08-22T12:15:01Z,24.71,60.16,100,52,48.71,102.11,196.00,1536.00,0,0,0
2023-08-22T12:16:01Z,24.75,60.03,100,48,50.05,102.11,196.00,1535.00,null,null,null
2023-08-22T12:17:01Z,24.72,59.96,100,47,57.83,102.12,204.00,1547.00,null,null,null
2023-08-22T12:18:01Z,24.76,60.32,100,46,46.34,102.12,202.00,1543.00,null,null,null
2023-08-22T12:19:01Z,24.72,60.48,99,48,35.48,102.12,223.00,1572.00,null,null,null
2023-08-22T12:20:01Z,24.74,60.38,100,36,45.96,102.12,217.00,1563.00,0,0,0
2023-08-22T12:21:01Z,24.74,60.41,99,47,55.32,102.12,225.00,1573.00,null,null,null
2023-08-22T12:22:01Z,24.75,60.55,99,49,47.68,102.12,236.00,1591.00,null,null,null
2023-08-22T12:23:01Z,24.74,60.36,99,47,28.48,102.12,255.00,1611.00,null,null,null
2023-08-22T12:24:01Z,24.72,59.92,99,47,38.51,102.11,212.00,1557.00,null,null,null
2023-08-22T12:25:01Z,24.68,59.54,100,47,28.28,102.11,198.00,1539.00,0,0,0
2023-08-22T12:26:01Z,24.67,59.23,100,47,42.76,102.11,161.00,1462.00,null,null,null
2023-08-22T12:27:01Z,24.65,59.19,100,48,27.71,102.11,147.00,1367.00,null,null,null
2023-08-22T12:28:01Z,24.61,58.88,100,47,32.58,102.11,132.00,1270.00,null,null,null
2023-08-22T12:29:01Z,24.59,58.92,100,47,38.12,102.11,114.00,1150.00,null,null,null
2023-08-22T12:30:01Z,24.58,59.20,99,47,37.49,102.10,104.00,1083.00,0,0,0
2023-08-22T12:31:01Z,24.58,59.37,99,47,35.90,102.11,105.00,1093.00,null,null,null
2023-08-22T12:32:01Z,24.57,58.76,99,47,37.26,102.10,92.00,1004.00,null,null,null
2023-08-22T12:33:01Z,24.57,58.88,100,47,30.35,102.10,92.00,1004.00,null,null,null
2023-08-22T12:34:01Z,24.58,58.73,100,47,33.28,102.10,93.00,1014.00,null,null,null
2023-08-22T12:35:01Z,24.54,58.19,100,47,32.84,102.10,85.00,961.00,0,0,0
2023-08-22T12:36:01Z,24.52,58.30,100,48,36.55,102.10,77.00,907.00,null,null,null
2023-08-22T12:37:01Z,24.52,58.25,100,48,33.74,102.11,70.00,865.00,null,null,null
2023-08-22T12:38:01Z,24.49,58.27,100,49,24.03,102.10,59.00,791.00,null,null,null
2023-08-22T12:39:01Z,24.47,57.91,100,48,30.40,102.10,56.00,772.00,null,null,null
2023-08-22T12:40:01Z,24.48,58.28,99,49,30.86,102.10,49.00,728.00,0,0,0
2023-08-22T12:41:01Z,24.49,58.14,100,49,31.65,102.10,46.00,704.00,null,null,null
2023-08-22T12:42:01Z,24.51,58.46,99,48,29.53,102.10,49.00,728.00,null,null,null
2023-08-22T12:43:01Z,24.48,58.46,99,48,39.17,102.09,45.00,699.00,null,null,null
2023-08-22T12:44:01Z,24.48,58.71,99,47,31.26,102.09,39.00,660.00,null,null,null
2023-08-22T12:45:01Z,24.45,58.52,99,47,30.57,102.09,38.00,653.00,0,0,0
2023-08-22T12:46:01Z,24.47,58.68,100,47,35.42,102.09,36.00,637.00,null,null,null
2023-08-22T12:47:01Z,24.48,58.55,100,47,29.83,102.09,36.00,640.00,null,null,null
2023-08-22T12:48:01Z,24.49,58.74,100,47,37.86,102.09,39.00,660.00,null,null,null
2023-08-22T12:49:01Z,24.54,58.59,100,48,33.53,102.09,42.00,678.00,null,null,null
2023-08-22T12:50:01Z,24.48,58.08,100,48,32.75,102.09,42.00,678.00,0,0,0
2023-08-22T12:51:01Z,24.51,58.50,100,47,28.71,102.09,39.00,657.00,null,null,null
2023-08-22T12:52:01Z,24.52,58.64,100,47,28.02,102.09,40.00,668.00,null,null,null
2023-08-22T12:53:01Z,24.54,58.80,100,46,28.52,102.09,47.00,715.00,null,null,null
2023-08-22T12:54:01Z,24.55,58.79,100,47,30.46,102.10,57.00,778.00,null,null,null
2023-08-22T12:55:01Z,24.54,58.84,99,46,29.74,102.09,62.00,810.00,0,0,0
2023-08-22T12:56:01Z,24.54,59.10,100,47,34.37,102.10,66.00,836.00,null,null,null
2023-08-22T12:57:01Z,24.57,59.09,100,47,31.62,102.10,77.00,907.00,null,null,null
2023-08-22T12:58:01Z,24.58,59.30,99,47,28.91,102.09,88.00,983.00,null,null,null
2023-08-22T12:59:01Z,24.59,59.31,100,48,35.59,102.10,96.00,1035.00,null,null,null
2023-08-22T13:00:01Z,24.61,59.39,100,48,39.40,102.10,102.00,1071.00,0,0,0
2023-08-22T13:01:01Z,24.61,59.27,100,47,36.35,102.10,110.00,1125.00,null,null,null
2023-08-22T13:02:01Z,24.62,59.34,99,47,38.20,102.10,116.00,1163.00,null,null,null
2023-08-22T13:03:01Z,24.62,59.31,100,48,30.14,102.10,122.00,1204.00,null,null,null
2023-08-22T13:04:01Z,24.61,59.31,99,48,35.22,102.10,120.00,1191.00,null,null,null
2023-08-22T13:05:01Z,24.59,59.37,99,49,26.11,102.10,126.00,1228.00,0,0,0
2023-08-22T13:06:01Z,24.61,59.18,100,49,36.79,102.10,126.00,1228.00,null,null,null
2023-08-22T13:07:01Z,24.65,58.42,100,49,29.64,102.09,118.00,1178.00,null,null,null
2023-08-22T13:08:01Z,24.65,58.89,100,49,31.90,102.09,120.00,1188.00,null,null,null
2023-08-22T13:09:01Z,24.65,59.20,100,49,34.01,102.09,122.00,1204.00,null,null,null
2023-08-22T13:10:01Z,24.64,59.33,100,49,44.09,102.09,128.00,1242.00,0,0,0
2023-08-22T13:11:01Z,24.62,59.12,100,49,30.90,102.09,128.00,1242.00,null,null,null
2023-08-22T13:12:01Z,24.67,59.20,100,50,35.43,102.09,132.00,1270.00,null,null,null
2023-08-22T13:13:01Z,24.68,59.30,100,49,38.59,102.09,136.00,1299.00,null,null,null
2023-08-22T13:14:01Z,24.65,59.24,100,50,29.09,102.10,139.00,1313.00,null,null,null
2023-08-22T13:15:01Z,24.68,59.28,100,50,26.95,102.08,144.00,1349.00,0,0,0
2023-08-22T13:16:01Z,24.68,59.23,100,50,28.25,102.09,144.00,1349.00,null,null,null
2023-08-22T13:17:01Z,24.71,59.23,100,50,34.61,102.08,149.00,1380.00,null,null,null
2023-08-22T13:18:01Z,24.68,59.23,100,50,36.35,102.09,149.00,1380.00,null,null,null
2023-08-22T13:19:01Z,24.71,59.28,100,50,43.31,102.08,151.00,1397.00,null,null,null
2023-08-22T13:20:01Z,24.68,59.29,100,50,28.42,102.09,154.00,1416.00,0,0,0
2023-08-22T13:21:01Z,24.72,59.34,100,50,32.91,102.09,161.00,1462.00,null,null,null
2023-08-22T13:22:01Z,24.71,59.20,100,50,34.15,102.09,164.00,1478.00,null,null,null
2023-08-22T13:23:01Z,24.69,59.27,100,50,34.69,102.08,172.00,1500.00,null,null,null
2023-08-22T13:24:01Z,24.71,59.31,99,50,32.90,102.08,169.00,1496.00,null,null,null
2023-08-22T13:25:01Z,24.74,59.29,100,50,26.87,102.08,172.00,1501.00,0,0,0
2023-08-22T13:26:01Z,24.74,59.37,100,50,28.57,102.09,169.00,1496.00,null,null,null
2023-08-22T13:27:01Z,24.74,59.40,100,50,30.79,102.08,172.00,1501.00,null,null,null
2023-08-22T13:28:01Z,24.72,59.29,100,52,27.10,102.08,181.00,1514.00,null,null,null
2023-08-22T13:29:01Z,24.72,59.30,99,52,40.63,102.08,178.00,1509.00,null,null,null
2023-08-22T13:30:01Z,24.75,59.44,100,47,29.83,102.08,178.00,1509.00,0,0,0
2023-08-22T13:31:01Z,24.74,59.44,100,32,30.43,102.08,183.00,1517.00,null,null,null
2023-08-22T13:32:01Z,24.75,59.44,99,50,38.75,102.08,184.00,1519.00,null,null,null
2023-08-22T13:33:01Z,24.78,59.44,100,50,27.42,102.08,186.00,1521.00,null,null,null
2023-08-22T13:34:01Z,24.75,59.44,100,51,33.59,102.08,186.00,1521.00,null,null,null
2023-08-22T13:35:01Z,24.74,59.44,100,51,28.73,102.08,189.00,1526.00,0,0,0
2023-08-22T13:36:01Z,24.78,59.41,100,51,29.61,102.07,187.00,1523.00,null,null,null
2023-08-22T13:37:01Z,24.75,59.42,100,50,38.85,102.08,189.00,1526.00,null,null,null
2023-08-22T13:38:01Z,24.76,59.39,100,50,28.58,102.07,189.00,1526.00,null,null,null
2023-08-22T13:39:01Z,24.76,59.40,100,50,30.60,102.08,189.00,1526.00,null,null,null
2023-08-22T13:40:01Z,24.76,59.38,100,49,31.18,102.08,189.00,1526.00,0,0,0
2023-08-22T13:41:01Z,24.79,59.34,100,48,33.80,102.08,192.00,1530.00,null,null,null
2023-08-22T13:42:01Z,24.79,59.30,99,48,33.17,102.07,189.00,1526.00,null,null,null
2023-08-22T13:43:01Z,24.80,59.40,100,47,31.02,102.08,189.00,1526.00,null,null,null
2023-08-22T13:44:01Z,24.82,58.89,99,48,35.45,102.07,189.00,1526.00,null,null,null
2023-08-22T13:45:01Z,24.79,59.02,100,47,27.32,102.07,186.00,1521.00,0,0,0
2023-08-22T13:46:01Z,24.82,58.85,100,48,30.13,102.07,186.00,1521.00,null,null,null
2023-08-22T13:47:01Z,24.82,59.03,100,47,30.82,102.07,180.00,1513.00,null,null,null
2023-08-22T13:48:01Z,24.82,57.89,100,47,30.78,102.06,180.00,1513.00,null,null,null
2023-08-22T13:49:01Z,24.80,58.17,100,26,32.73,102.07,166.00,1491.00,null,null,null
2023-08-22T13:50:01Z,24.80,58.73,100,47,29.43,102.07,163.00,1474.00,0,0,0
2023-08-22T13:51:01Z,24.82,58.80,100,48,29.20,102.07,166.00,1491.00,null,null,null
2023-08-22T13:52:01Z,24.82,58.99,100,48,33.50,102.06,166.00,1495.00,null,null,null
2023-08-22T13:53:01Z,24.83,59.01,100,47,32.70,102.07,170.00,1497.00,null,null,null
2023-08-22T13:54:01Z,24.83,58.97,99,28,31.87,102.07,172.00,1501.00,null,null,null
2023-08-22T13:55:01Z,24.82,59.07,100,47,28.66,102.08,177.00,1507.00,0,0,0
2023-08-22T13:56:01Z,24.85,59.03,99,47,25.35,102.07,180.00,1513.00,null,null,null
2023-08-22T13:57:01Z,24.83,59.11,99,47,33.95,102.07,180.00,1513.00,null,null,null
2023-08-22T13:58:01Z,24.88,58.97,100,47,36.15,102.07,186.00,1521.00,null,null,null
2023-08-22T13:59:01Z,24.86,59.11,100,47,45.57,102.07,186.00,1521.00,null,null,null
2023-08-22T14:00:01Z,24.88,58.94,100,47,41.68,102.06,188.00,1525.00,0,0,0
2023-08-22T14:01:01Z,24.86,58.98,100,46,32.94,102.06,186.00,1521.00,null,null,null
2023-08-22T14:02:01Z,24.89,58.72,100,46,39.92,102.07,186.00,1521.00,null,null,null
2023-08-22T14:03:01Z,24.86,58.86,100,46,33.34,102.06,187.00,1524.00,null,null,null
2023-08-22T14:04:01Z,24.86,58.95,100,46,35.38,102.06,187.00,1524.00,null,null,null
2023-08-22T14:05:01Z,24.86,58.75,99,48,40.95,102.06,198.00,1538.00,0,0,0
2023-08-22T14:06:01Z,24.89,58.93,99,46,31.20,102.06,188.00,1525.00,null,null,null
2023-08-22T14:07:01Z,24.90,58.68,100,45,34.21,102.07,188.00,1525.00,null,null,null
2023-08-22T14:08:01Z,24.86,58.69,99,46,30.18,102.06,187.00,1524.00,null,null,null
2023-08-22T14:09:01Z,24.90,58.80,100,45,41.33,102.06,187.00,1524.00,null,null,null
2023-08-22T14:10:01Z,24.90,58.70,100,45,38.05,102.06,186.00,1521.00,0,0,0
2023-08-22T14:11:01Z,24.89,58.63,99,44,28.77,102.06,185.00,1520.00,null,null,null
2023-08-22T14:12:01Z,24.90,58.60,100,44,41.43,102.06,185.00,1520.00,null,null,null
2023-08-22T14:13:01Z,24.90,58.54,100,44,41.21,102.06,182.00,1516.00,null,null,null
2023-08-22T14:14:01Z,24.90,58.71,100,42,34.63,102.06,182.00,1516.00,null,null,null
2023-08-22T14:15:01Z,24.89,58.56,100,45,35.59,102.06,185.00,1520.00,0,0,0
2023-08-22T14:16:01Z,24.92,58.53,100,45,41.41,102.05,182.00,1516.00,null,null,null
2023-08-22T14:17:01Z,24.93,58.31,100,44,45.87,102.05,185.00,1520.00,null,null,null
2023-08-22T14:18:01Z,24.96,58.42,100,45,31.70,102.06,185.00,1520.00,null,null,null
2023-08-22T14:19:01Z,24.92,58.41,100,45,33.33,102.06,185.00,1520.00,null,null,null
2023-08-22T14:20:01Z,24.95,58.39,99,46,45.11,102.05,185.00,1520.00,0,0,0
2023-08-22T14:21:01Z,24.95,58.32,100,46,39.29,102.06,182.00,1516.00,null,null,null
2023-08-22T14:22:01Z,24.93,58.46,100,47,40.03,102.06,182.00,1516.00,null,null,null
2023-08-22T14:23:01Z,24.95,58.36,100,47,48.01,102.06,185.00,1520.00,null,null,null
2023-08-22T14:24:01Z,24.96,58.36,100,47,40.27,102.06,185.00,1520.00,null,null,null
2023-08-22T14:25:01Z,24.96,58.19,100,47,29.07,102.06,185.00,1520.00,0,0,0
2023-08-22T14:26:01Z,24.98,58.14,100,47,24.65,102.07,185.00,1520.00,null,null,null
2023-08-22T14:27:01Z,24.99,58.16,100,47,28.92,102.06,181.00,1515.00,null,null,null
2023-08-22T14:28:01Z,24.98,58.33,100,47,29.93,102.06,185.00,1520.00,null,null,null
2023-08-22T14:29:01Z,24.95,58.35,100,47,38.53,102.06,182.00,1516.00,null,null,null
2023-08-22T14:30:01Z,24.96,58.26,100,47,34.95,102.06,185.00,1520.00,0,0,0
2023-08-22T14:31:01Z,24.98,58.03,99,46,27.97,102.06,182.00,1516.00,null,null,null
2023-08-22T14:32:01Z,25.00,57.96,100,46,31.68,102.06,181.00,1515.00,null,null,null
2023-08-22T14:33:01Z,24.99,58.13,99,46,39.00,102.06,181.00,1515.00,null,null,null
2023-08-22T14:34:01Z,24.98,57.96,100,45,34.38,102.05,177.00,1508.00,null,null,null
2023-08-22T14:35:01Z,24.96,58.05,100,45,28.12,102.05,177.00,1508.00,0,0,0
2023-08-22T14:36:01Z,25.00,58.14,100,45,36.16,102.05,177.00,1508.00,null,null,null
2023-08-22T14:37:01Z,24.99,57.92,100,44,45.11,102.06,174.00,1504.00,null,null,null
2023-08-22T14:38:01Z,25.00,58.04,99,44,30.70,102.06,174.00,1504.00,null,null,null
2023-08-22T14:39:01Z,25.00,58.17,99,44,29.61,102.05,181.00,1515.00,null,null,null
2023-08-22T14:40:01Z,25.02,58.12,99,45,24.27,102.05,181.00,1515.00,0,0,0
2023-08-22T14:41:01Z,25.02,58.15,99,45,36.12,102.05,181.00,1515.00,null,null,null
2023-08-22T14:42:01Z,25.02,57.91,100,44,33.67,102.05,181.00,1515.00,null,null,null
2023-08-22T14:43:01Z,25.00,57.50,100,45,34.28,102.05,177.00,1508.00,null,null,null
2023-08-22T14:44:01Z,25.03,56.97,99,45,40.74,102.05,174.00,1503.00,null,null,null
2023-08-22T14:45:01Z,25.02,57.20,100,45,31.92,102.05,171.00,1499.00,0,0,0
2023-08-22T14:46:01Z,25.02,57.47,100,45,28.27,102.05,171.00,1499.00,null,null,null
2023-08-22T14:47:01Z,25.03,57.19,100,44,35.29,102.05,168.00,1495.00,null,null,null
2023-08-22T14:48:01Z,25.04,57.09,100,45,28.45,102.05,165.00,1487.00,null,null,null
2023-08-22T14:49:01Z,25.06,56.88,100,44,37.63,102.04,163.00,1470.00,null,null,null
2023-08-22T14:50:01Z,25.03,56.53,100,44,30.32,102.04,160.00,1453.00,0,0,0
2023-08-22T14:51:01Z,25.03,56.25,99,44,37.34,102.05,160.00,1453.00,null,null,null
2023-08-22T14:52:01Z,25.08,56.37,99,44,35.16,102.04,159.00,1445.00,null,null,null
2023-08-22T14:53:01Z,25.04,56.75,99,44,47.37,102.04,152.00,1404.00,null,null,null
2023-08-22T14:54:01Z,25.04,56.59,100,45,29.43,102.05,154.00,1416.00,null,null,null
2023-08-22T14:55:01Z,25.04,56.65,99,44,30.48,102.04,152.00,1404.00,0,0,0
2023-08-22T14:56:01Z,25.06,56.59,99,41,36.96,102.04,147.00,1367.00,null,null,null
2023-08-22T14:57:01Z,25.06,56.63,100,44,43.66,102.05,150.00,1389.00,null,null,null
2023-08-22T14:58:01Z,25.06,56.60,99,44,27.36,102.04,150.00,1389.00,null,null,null
2023-08-22T14:59:01Z,25.04,56.32,100,44,37.11,102.05,152.00,1404.00,null,null,null
2023-08-22T15:00:01Z,25.03,56.79,99,44,32.51,102.04,150.00,1389.00,0,0,0
2023-08-22T15:01:01Z,25.08,56.23,100,43,31.50,102.04,143.00,1341.00,null,null,null
2023-08-22T15:02:01Z,25.06,56.22,100,44,29.98,102.03,148.00,1372.00,null,null,null
2023-08-22T15:03:01Z,25.08,56.32,100,43,36.57,102.03,150.00,1389.00,null,null,null
2023-08-22T15:04:01Z,25.08,56.01,99,44,31.13,102.04,147.00,1367.00,null,null,null
2023-08-22T15:05:01Z,25.06,55.91,100,44,44.68,102.04,145.00,1356.00,0,0,0
2023-08-22T15:06:01Z,25.06,55.56,100,44,28.91,102.04,140.00,1321.00,null,null,null
2023-08-22T15:07:01Z,25.09,55.69,100,43,37.28,102.03,137.00,1302.00,null,null,null
2023-08-22T15:08:01Z,25.09,55.84,99,43,30.02,102.03,139.00,1316.00,null,null,null
2023-08-22T15:09:01Z,25.08,55.23,100,43,37.14,102.03,135.00,1291.00,null,null,null
2023-08-22T15:10:01Z,25.06,55.37,100,43,40.38,102.04,135.00,1288.00,0,0,0
2023-08-22T15:11:01Z,25.08,55.54,100,43,33.04,102.04,130.00,1259.00,null,null,null
2023-08-22T15:12:01Z,25.08,55.40,99,43,33.43,102.03,128.00,1245.00,null,null,null
2023-08-22T15:13:01Z,25.09,55.75,99,43,40.20,102.03,128.00,1245.00,null,null,null
2023-08-22T15:14:01Z,25.08,55.38,99,43,36.84,102.04,129.00,1248.00,null,null,null
2023-08-22T15:15:01Z,25.09,54.95,100,43,27.71,102.03,133.00,1274.00,0,0,0
2023-08-22T15:16:01Z,25.08,55.09,100,45,52.70,102.02,127.00,1238.00,null,null,null
2023-08-22T15:17:01Z,25.08,55.24,100,42,43.03,102.03,122.00,1207.00,null,null,null
2023-08-22T15:18:01Z,25.08,54.95,100,43,33.88,102.03,125.00,1224.00,null,null,null
2023-08-22T15:19:01Z,25.09,55.61,100,41,44.02,102.02,127.00,1238.00,null,null,null
2023-08-22T15:20:01Z,25.09,55.80,100,43,42.13,102.03,130.00,1259.00,0,0,0
2023-08-22T15:21:01Z,25.10,55.32,99,43,26.64,102.03,127.00,1235.00,null,null,null
2023-08-22T15:22:01Z,25.10,54.95,99,43,45.71,102.03,130.00,1259.00,null,null,null
2023-08-22T15:23:01Z,25.09,54.71,100,43,26.64,102.03,130.00,1259.00,null,null,null
2023-08-22T15:24:01Z,25.10,54.90,100,42,38.52,102.04,127.00,1238.00,null,null,null
2023-08-22T15:25:01Z,25.08,54.43,100,42,46.68,102.03,121.00,1195.00,0,0,0
2023-08-22T15:26:01Z,25.09,54.89,99,42,37.08,102.04,118.00,1181.00,null,null,null
2023-08-22T15:27:01Z,25.10,55.33,100,42,29.42,102.03,118.00,1181.00,null,null,null
2023-08-22T15:28:01Z,25.09,55.27,99,42,27.44,102.03,122.00,1207.00,null,null,null
2023-08-22T15:29:01Z,25.10,54.95,100,42,31.91,102.02,121.00,1195.00,null,null,null
2023-08-22T15:30:01Z,25.08,55.22,99,41,37.81,102.02,122.00,1207.00,0,0,0
2023-08-22T15:31:01Z,25.10,54.75,100,41,41.10,102.02,121.00,1195.00,null,null,null
2023-08-22T15:32:01Z,25.12,55.03,100,41,29.48,102.02,122.00,1207.00,null,null,null
2023-08-22T15:33:01Z,25.12,55.02,100,41,31.35,102.02,125.00,1224.00,null,null,null
2023-08-22T15:34:01Z,25.10,55.00,99,41,50.10,102.02,122.00,1207.00,null,null,null
2023-08-22T15:35:01Z,25.09,55.15,100,41,36.22,102.01,125.00,1224.00,0,0,0
2023-08-22T15:36:01Z,25.12,55.21,100,41,35.95,102.01,125.00,1224.00,null,null,null
2023-08-22T15:37:01Z,25.09,55.00,100,40,35.12,102.01,125.00,1224.00,null,null,null
2023-08-22T15:38:01Z,25.10,54.33,99,39,45.84,102.02,133.00,1274.00,null,null,null
2023-08-22T15:39:01Z,25.09,54.57,100,39,33.93,102.02,127.00,1238.00,null,null,null
2023-08-22T15:40:01Z,25.09,55.18,99,39,38.54,102.02,127.00,1238.00,0,0,0
2023-08-22T15:41:01Z,25.13,54.59,100,39,36.34,102.01,125.00,1224.00,null,null,null
2023-08-22T15:42:01Z,25.12,54.86,100,38,32.50,102.01,129.00,1252.00,null,null,null
2023-08-22T15:43:01Z,25.10,54.89,99,38,36.02,102.01,130.00,1259.00,null,null,null
2023-08-22T15:44:01Z,25.12,54.88,100,38,27.85,102.01,133.00,1274.00,null,null,null
2023-08-22T15:45:01Z,25.10,54.80,99,38,48.70,102.01,133.00,1274.00,0,0,0
2023-08-22T15:46:01Z,25.10,55.07,100,38,34.47,102.01,127.00,1238.00,null,null,null
2023-08-22T15:47:01Z,25.10,54.82,100,38,36.73,102.01,133.00,1274.00,null,null,null
2023-08-22T15:48:01Z,25.12,54.87,99,38,40.77,102.01,135.00,1288.00,null,null,null
2023-08-22T15:49:01Z,25.12,55.10,100,37,30.61,102.02,136.00,1295.00,null,null,null
2023-08-22T15:50:01Z,25.10,54.91,100,38,37.79,102.02,142.00,1334.00,0,0,0
2023-08-22T15:51:01Z,25.13,54.71,99,37,34.71,102.02,139.00,1316.00,null,null,null
2023-08-22T15:52:01Z,25.12,54.36,100,36,40.56,102.03,142.00,1334.00,null,null,null
2023-08-22T15:53:01Z,25.12,54.78,99,36,35.84,102.03,135.00,1288.00,null,null,null
2023-08-22T15:54:01Z,25.12,54.73,100,33,45.10,102.02,135.00,1288.00,null,null,null
2023-08-22T15:55:01Z,25.09,55.68,99,35,44.02,102.02,135.00,1288.00,0,0,0
2023-08-22T15:56:01Z,25.12,55.99,100,35,38.62,102.02,133.00,1274.00,null,null,null
2023-08-22T15:57:01Z,25.09,56.09,100,35,42.07,102.03,132.00,1270.00,null,null,null
2023-08-22T15:58:01Z,25.10,55.81,100,35,32.40,102.03,132.00,1270.00,null,null,null
2023-08-22T15:59:01Z,25.10,55.86,100,35,38.32,102.03,131.00,1262.00,null,null,null
2023-08-22T16:00:01Z,25.12,56.06,100,35,34.91,102.02,135.00,1291.00,0,0,0
2023-08-22T16:01:01Z,25.10,55.88,100,35,35.63,102.03,140.00,1321.00,null,null,null
2023-08-22T16:02:01Z,25.12,55.95,100,35,32.26,102.03,143.00,1341.00,null,null,null
2023-08-22T16:03:01Z,25.12,55.58,99,35,30.23,102.03,140.00,1321.00,null,null,null
2023-08-22T16:04:01Z,25.09,55.29,100,35,44.57,102.03,139.00,1316.00,null,null,null
2023-08-22T16:05:01Z,25.09,55.53,99,35,29.87,102.03,134.00,1281.00,0,0,0
2023-08-22T16:06:01Z,25.12,55.18,99,35,36.84,102.03,125.00,1224.00,null,null,null
2023-08-22T16:07:01Z,25.15,54.59,99,35,28.83,102.03,122.00,1207.00,null,null,null
2023-08-22T16:08:01Z,25.12,55.40,100,34,35.54,102.02,125.00,1224.00,null,null,null
2023-08-22T16:09:01Z,25.13,55.33,100,35,43.98,102.03,122.00,1207.00,null,null,null
2023-08-22T16:10:01Z,25.12,55.63,100,35,32.72,102.02,130.00,1259.00,0,0,0
2023-08-22T16:11:01Z,25.18,55.44,100,35,36.50,102.02,134.00,1281.00,null,null,null
2023-08-22T16:12:01Z,25.13,55.47,100,34,35.89,102.02,134.00,1281.00,null,null,null
2023-08-22T16:13:01Z,25.15,55.62,100,33,37.42,102.02,134.00,1281.00,null,null,null
2023-08-22T16:14:01Z,25.13,55.86,100,34,38.57,102.02,137.00,1302.00,null,null,null
2023-08-22T16:15:01Z,25.16,55.32,100,33,36.88,102.03,132.00,1270.00,0,0,0
2023-08-22T16:16:01Z,25.16,55.17,100,33,38.39,102.03,130.00,1259.00,null,null,null
2023-08-22T16:17:01Z,25.15,55.31,100,32,40.60,102.03,130.00,1259.00,null,null,null
2023-08-22T16:18:01Z,25.16,55.04,100,32,29.21,102.03,122.00,1207.00,null,null,null
2023-08-22T16:19:01Z,25.16,55.52,99,32,29.93,102.03,122.00,1207.00,null,null,null
2023-08-22T16:20:01Z,25.15,55.48,100,33,29.88,102.03,128.00,1245.00,0,0,0
2023-08-22T16:21:01Z,25.18,55.75,100,33,38.15,102.02,128.00,1245.00,null,null,null
2023-08-22T16:22:01Z,25.15,55.51,99,33,31.99,102.02,131.00,1262.00,null,null,null
2023-08-22T16:23:01Z,25.18,55.44,100,33,33.15,102.02,133.00,1274.00,null,null,null
2023-08-22T16:24:01Z,25.15,55.48,100,33,31.77,102.02,133.00,1274.00,null,null,null
2023-08-22T16:25:01Z,25.18,55.88,100,33,27.22,102.01,137.00,1302.00,0,0,0
2023-08-22T16:26:01Z,25.19,55.71,99,33,40.72,102.02,135.00,1291.00,null,null,null
2023-08-22T16:27:01Z,25.18,55.50,100,33,38.65,102.02,139.00,1316.00,null,null,null
2023-08-22T16:28:01Z,25.19,55.29,100,33,42.36,102.02,139.00,1316.00,null,null,null
2023-08-22T16:29:01Z,25.19,55.09,100,33,32.38,102.02,137.00,1302.00,null,null,null
2023-08-22T16:30:01Z,25.19,55.67,100,28,35.78,102.01,136.00,1295.00,0,0,0
2023-08-22T16:31:01Z,25.19,55.79,100,28,47.97,102.02,134.00,1281.00,null,null,null
2023-08-22T16:32:01Z,25.22,55.85,100,27,30.71,102.02,143.00,1341.00,null,null,null
2023-08-22T16:33:01Z,25.22,55.77,100,28,32.77,102.02,148.00,1372.00,null,null,null
2023-08-22T16:34:01Z,25.23,55.89,100,28,30.91,102.02,153.00,1408.00,null,null,null
2023-08-22T16:35:01Z,25.22,55.96,100,28,38.56,102.02,156.00,1425.00,0,0,0
2023-08-22T16:36:01Z,25.26,55.91,99,27,34.69,102.02,156.00,1425.00,null,null,null
2023-08-22T16:37:01Z,25.25,55.82,100,27,32.94,102.03,145.00,1352.00,null,null,null
2023-08-22T16:38:01Z,25.25,55.62,99,27,30.68,102.02,147.00,1367.00,null,null,null
2023-08-22T16:39:01Z,25.25,55.66,100,27,40.97,102.02,146.00,1364.00,null,null,null
2023-08-22T16:40:01Z,25.25,55.63,99,27,37.91,102.02,146.00,1364.00,0,0,0
2023-08-22T16:41:01Z,25.29,55.23,100,27,35.75,102.03,146.00,1364.00,null,null,null
2023-08-22T16:42:01Z,25.27,55.56,100,27,32.69,102.03,146.00,1364.00,null,null,null
2023-08-22T16:43:01Z,25.29,55.53,99,27,32.35,102.02,144.00,1349.00,null,null,null
2023-08-22T16:44:01Z,25.27,55.75,99,27,30.81,102.02,149.00,1380.00,null,null,null
2023-08-22T16:45:01Z,25.29,55.86,100,27,30.16,102.02,147.00,1367.00,0,0,0
2023-08-22T16:46:01Z,25.29,55.88,100,27,31.02,102.02,150.00,1385.00,null,null,null
2023-08-22T16:47:01Z,25.29,55.80,100,27,29.83,102.02,152.00,1400.00,null,null,null
2023-08-22T16:48:01Z,25.29,55.66,100,26,48.31,102.02,147.00,1367.00,null,null,null
2023-08-22T16:49:01Z,25.30,55.49,99,26,33.37,102.02,149.00,1380.00,null,null,null
2023-08-22T16:50:01Z,25.29,55.72,100,27,28.74,102.02,151.00,1397.00,0,0,0
2023-08-22T16:51:01Z,25.30,55.33,100,26,42.72,102.02,151.00,1397.00,null,null,null
2023-08-22T16:52:01Z,25.31,54.35,99,26,42.41,102.02,140.00,1324.00,null,null,null
2023-08-22T16:53:01Z,25.34,54.53,99,26,42.53,102.02,133.00,1277.00,null,null,null
2023-08-22T16:54:01Z,25.33,54.40,100,25,43.12,102.01,122.00,1201.00,null,null,null
2023-08-22T16:55:01Z,25.33,54.51,100,25,47.60,102.02,114.00,1153.00,0,0,0
2023-08-22T16:56:01Z,25.37,54.35,100,25,44.04,102.02,108.00,1113.00,null,null,null
2023-08-22T16:57:01Z,25.39,54.08,100,25,45.56,102.02,105.00,1090.00,null,null,null
2023-08-22T16:58:01Z,25.40,54.16,100,24,42.81,102.02,99.00,1050.00,null,null,null
2023-08-22T16:59:01Z,25.40,54.22,99,24,44.85,102.02,97.00,1038.00,null,null,null
2023-08-22T17:00:01Z,25.40,54.28,100,24,43.24,102.01,94.00,1019.00,0,0,0
2023-08-22T17:01:01Z,25.41,54.24,100,24,44.34,102.02,89.00,987.00,null,null,null
2023-08-22T17:02:01Z,25.43,53.89,100,24,42.92,102.02,89.00,987.00,null,null,null
2023-08-22T17:03:01Z,25.46,54.28,100,24,43.85,102.02,87.00,975.00,null,null,null
2023-08-22T17:04:01Z,25.46,54.34,100,24,44.91,102.02,87.00,975.00,null,null,null
2023-08-22T17:05:01Z,25.43,54.26,100,23,44.43,102.01,85.00,964.00,0,0,0
2023-08-22T17:06:01Z,25.49,54.18,100,23,48.23,102.02,87.00,975.00,null,null,null
2023-08-22T17:07:01Z,25.50,54.20,100,23,44.50,102.02,89.00,987.00,null,null,null
2023-08-22T17:08:01Z,25.51,54.37,100,23,45.47,102.02,89.00,987.00,null,null,null
2023-08-22T17:09:01Z,25.51,53.86,100,23,50.02,102.02,84.00,954.00,null,null,null
2023-08-22T17:10:01Z,25.51,54.03,100,23,48.26,102.01,84.00,954.00,0,0,0
2023-08-22T17:11:01Z,25.53,54.26,100,22,44.68,102.01,85.00,964.00,null,null,null
2023-08-22T17:12:01Z,25.53,53.72,99,22,44.03,102.01,85.00,964.00,null,null,null
2023-08-22T17:13:01Z,25.53,54.08,100,21,42.11,102.01,89.00,987.00,null,null,null
2023-08-22T17:14:01Z,25.54,54.06,100,22,44.69,102.02,87.00,975.00,null,null,null
2023-08-22T17:15:01Z,25.55,54.03,100,21,43.72,102.01,89.00,987.00,0,0,0
2023-08-22T17:16:01Z,25.58,54.14,99,21,42.73,102.01,85.00,964.00,null,null,null
2023-08-22T17:17:01Z,25.61,54.10,100,21,45.10,102.01,89.00,987.00,null,null,null
2023-08-22T17:18:01Z,25.55,54.25,99,20,45.46,102.01,90.00,997.00,null,null,null
2023-08-22T17:19:01Z,25.58,53.92,100,21,43.04,102.02,90.00,997.00,null,null,null
2023-08-22T17:20:01Z,25.57,54.10,100,21,41.59,102.02,92.00,1009.00,0,0,0
2023-08-22T17:21:01Z,25.58,54.04,100,20,42.42,102.02,90.00,997.00,null,null,null
2023-08-22T17:22:01Z,25.63,54.26,99,20,44.90,102.01,94.00,1019.00,null,null,null
2023-08-22T17:23:01Z,25.63,53.94,100,20,46.49,102.01,97.00,1038.00,null,null,null
2023-08-22T17:24:01Z,25.60,53.85,100,19,43.64,102.01,97.00,1038.00,null,null,null
2023-08-22T17:25:01Z,25.63,53.81,100,20,47.67,102.01,94.00,1019.00,0,0,0
2023-08-22T17:26:01Z,25.63,54.09,100,19,44.09,102.01,90.00,997.00,null,null,null
2023-08-22T17:27:01Z,25.63,54.25,100,19,46.55,102.01,94.00,1019.00,null,null,null
2023-08-22T17:28:01Z,25.64,54.27,99,18,47.18,102.01,97.00,1038.00,null,null,null
2023-08-22T17:29:01Z,25.67,54.39,100,18,44.55,102.02,103.00,1077.00,null,null,null
2023-08-22T17:30:01Z,25.66,54.30,100,18,44.99,102.01,105.00,1090.00,0,0,0
2023-08-22T17:31:01Z,25.69,54.53,99,18,49.41,102.01,106.00,1102.00,null,null,null
2023-08-22T17:32:01Z,25.67,54.35,100,18,47.72,102.01,110.00,1128.00,null,null,null
2023-08-22T17:33:01Z,25.67,54.64,100,18,45.33,102.01,110.00,1128.00,null,null,null
2023-08-22T17:34:01Z,25.64,54.19,100,18,46.74,102.02,112.00,1140.00,null,null,null
2023-08-22T17:35:01Z,25.67,54.15,100,18,46.35,102.02,112.00,1140.00,0,0,0
2023-08-22T17:36:01Z,25.69,53.97,99,18,43.22,102.02,108.00,1113.00,null,null,null
2023-08-22T17:37:01Z,25.69,53.77,100,17,48.16,102.03,103.00,1077.00,null,null,null
2023-08-22T17:38:01Z,25.69,53.88,100,17,45.73,102.02,99.00,1050.00,null,null,null
2023-08-22T17:39:01Z,25.67,53.70,99,17,47.27,102.02,97.00,1038.00,null,null,null
2023-08-22T17:40:01Z,25.66,53.53,100,17,45.98,102.02,92.00,1009.00,0,0,0
2023-08-22T17:41:01Z,25.70,53.69,100,16,46.71,102.03,90.00,997.00,null,null,null
2023-08-22T17:42:01Z,25.69,53.43,100,16,47.21,102.03,89.00,987.00,null,null,null
2023-08-22T17:43:01Z,25.70,53.77,100,16,48.80,102.03,89.00,987.00,null,null,null
2023-08-22T17:44:01Z,25.67,53.57,100,15,47.33,102.03,85.00,964.00,null,null,null
2023-08-22T17:45:01Z,25.69,53.39,99,15,47.95,102.03,85.00,964.00,0,0,0
2023-08-22T17:46:01Z,25.70,53.39,99,15,46.44,102.03,82.00,942.00,null,null,null
2023-08-22T17:47:01Z,25.70,53.60,100,15,42.47,102.03,82.00,942.00,null,null,null
2023-08-22T17:48:01Z,25.70,53.44,100,15,44.53,102.03,84.00,954.00,null,null,null
2023-08-22T17:49:01Z,25.70,53.60,100,15,48.43,102.03,82.00,942.00,null,null,null
2023-08-22T17:50:01Z,25.71,53.63,100,14,47.27,102.03,82.00,942.00,0,0,0
2023-08-22T17:51:01Z,25.70,53.53,99,14,46.66,102.03,82.00,942.00,null,null,null
2023-08-22T17:52:01Z,25.71,53.36,100,14,47.43,102.03,82.00,942.00,null,null,null
2023-08-22T17:53:01Z,25.71,53.58,100,14,47.63,102.04,82.00,942.00,null,null,null
2023-08-22T17:54:01Z,25.71,53.38,100,13,46.99,102.03,82.00,942.00,null,null,null
2023-08-22T17:55:01Z,25.73,53.37,100,14,49.68,102.03,82.00,942.00,0,0,0
2023-08-22T17:56:01Z,25.71,53.47,99,13,49.07,102.03,82.00,942.00,null,null,null
2023-08-22T17:57:01Z,25.71,53.26,99,13,45.36,102.03,80.00,930.00,null,null,null
2023-08-22T17:58:01Z,25.71,53.42,100,12,45.65,102.03,79.00,920.00,null,null,null
2023-08-22T17:59:01Z,25.71,53.40,99,12,46.73,102.03,79.00,920.00,null,null,null
2023-08-22T18:00:01Z,25.71,53.38,100,12,46.40,102.03,79.00,920.00,0,0,0
2023-08-22T18:01:01Z,25.73,53.75,100,12,60.62,102.04,82.00,942.00,null,null,null
2023-08-22T18:02:01Z,25.74,53.97,100,9,47.91,102.03,82.00,942.00,null,null,null
2023-08-22T18:03:01Z,25.71,54.22,100,12,39.96,102.03,85.00,964.00,null,null,null
2023-08-22T18:04:01Z,25.71,54.41,100,12,32.31,102.03,92.00,1009.00,null,null,null
2023-08-22T18:05:01Z,25.74,54.30,99,11,33.26,102.03,99.00,1050.00,0,0,0
2023-08-22T18:06:01Z,25.71,54.21,99,11,30.53,102.04,103.00,1077.00,null,null,null
2023-08-22T18:07:01Z,25.73,54.16,100,11,32.03,102.03,110.00,1128.00,null,null,null
2023-08-22T18:08:01Z,25.73,54.17,100,10,26.97,102.03,112.00,1140.00,null,null,null
2023-08-22T18:09:01Z,25.70,54.13,100,11,38.11,102.04,114.00,1153.00,null,null,null
2023-08-22T18:10:01Z,25.70,54.05,100,10,41.66,102.04,114.00,1153.00,0,0,0
2023-08-22T18:11:01Z,25.71,53.64,100,10,38.73,102.03,105.00,1090.00,null,null,null
2023-08-22T18:12:01Z,25.71,54.01,100,9,25.03,102.03,102.00,1074.00,null,null,null
2023-08-22T18:13:01Z,25.71,54.21,100,9,33.00,102.03,105.00,1090.00,null,null,null
2023-08-22T18:14:01Z,25.69,54.23,99,9,37.67,102.04,110.00,1128.00,null,null,null
2023-08-22T18:15:01Z,25.69,54.14,99,9,32.58,102.04,117.00,1168.00,0,0,0
2023-08-22T18:16:01Z,25.70,53.72,100,9,31.24,102.04,117.00,1168.00,null,null,null
2023-08-22T18:17:01Z,25.69,53.37,100,9,47.41,102.04,114.00,1153.00,null,null,null
2023-08-22T18:18:01Z,25.70,53.62,100,9,32.64,102.04,108.00,1113.00,null,null,null
2023-08-22T18:19:01Z,25.69,53.30,100,9,37.03,102.04,110.00,1128.00,null,null,null
2023-08-22T18:20:01Z,25.67,54.10,100,9,41.24,102.04,106.00,1102.00,0,0,0
2023-08-22T18:21:01Z,25.70,54.37,100,9,49.55,102.04,110.00,1128.00,null,null,null
2023-08-22T18:22:01Z,25.69,54.34,100,8,27.84,102.04,120.00,1188.00,null,null,null
2023-08-22T18:23:01Z,25.67,54.52,100,9,41.49,102.05,122.00,1207.00,null,null,null
2023-08-22T18:24:01Z,25.67,54.53,100,8,59.87,102.04,128.00,1245.00,null,null,null
2023-08-22T18:25:01Z,25.69,54.59,100,7,31.07,102.05,133.00,1277.00,0,0,0
2023-08-22T18:26:01Z,25.66,54.50,100,7,29.40,102.04,138.00,1307.00,null,null,null
2023-08-22T18:27:01Z,25.66,54.52,99,7,27.30,102.04,143.00,1341.00,null,null,null
2023-08-22T18:28:01Z,25.66,54.64,100,7,27.08,102.05,145.00,1356.00,null,null,null
2023-08-22T18:29:01Z,25.64,54.61,100,6,34.23,102.05,149.00,1380.00,null,null,null
2023-08-22T18:30:01Z,25.64,53.98,100,6,43.94,102.05,149.00,1380.00,0,0,0
2023-08-22T18:31:01Z,25.63,54.54,100,6,37.58,102.06,145.00,1356.00,null,null,null
2023-08-22T18:32:01Z,25.64,53.36,100,6,33.38,102.06,138.00,1307.00,null,null,null
2023-08-22T18:33:01Z,25.61,53.92,100,6,37.82,102.06,130.00,1259.00,null,null,null
2023-08-22T18:34:01Z,25.63,54.30,99,5,31.68,102.06,130.00,1259.00,null,null,null
2023-08-22T18:35:01Z,25.61,54.31,100,5,35.21,102.05,133.00,1277.00,0,0,0
2023-08-22T18:36:01Z,25.61,54.34,100,6,31.16,102.05,133.00,1277.00,null,null,null
2023-08-22T18:37:01Z,25.64,53.99,100,5,36.57,102.06,133.00,1277.00,null,null,null
2023-08-22T18:38:01Z,25.63,53.77,100,5,29.61,102.06,128.00,1245.00,null,null,null
2023-08-22T18:39:01Z,25.60,54.07,100,5,28.76,102.05,124.00,1215.00,null,null,null
2023-08-22T18:40:01Z,25.58,54.35,99,4,38.03,102.06,128.00,1245.00,0,0,0
2023-08-22T18:41:01Z,25.60,54.39,99,4,34.77,102.06,130.00,1259.00,null,null,null
2023-08-22T18:42:01Z,25.61,53.30,100,4,34.59,102.06,120.00,1188.00,null,null,null
2023-08-22T18:43:01Z,25.60,53.72,100,4,41.99,102.05,114.00,1153.00,null,null,null
2023-08-22T18:44:01Z,25.57,53.25,99,3,26.26,102.05,106.00,1102.00,null,null,null
2023-08-22T18:45:01Z,25.55,53.63,100,3,34.27,102.06,102.00,1074.00,0,0,0
2023-08-22T18:46:01Z,25.57,53.62,100,3,31.89,102.06,105.00,1090.00,null,null,null
2023-08-22T18:47:01Z,25.55,53.22,99,3,47.35,102.05,100.00,1062.00,null,null,null
2023-08-22T18:48:01Z,25.60,53.89,100,3,30.36,102.05,100.00,1062.00,null,null,null
2023-08-22T18:49:01Z,25.54,54.16,99,3,30.54,102.05,100.00,1062.00,null,null,null
2023-08-22T18:50:01Z,25.55,54.33,99,3,35.35,102.06,106.00,1102.00,0,0,0
2023-08-22T18:51:01Z,25.54,54.42,99,3,36.27,102.06,106.00,1102.00,null,null,null
2023-08-22T18:52:01Z,25.57,53.99,100,3,32.30,102.05,120.00,1188.00,null,null,null
2023-08-22T18:53:01Z,25.57,54.27,100,2,26.48,102.05,114.00,1153.00,null,null,null
2023-08-22T18:54:01Z,25.55,54.53,100,3,34.96,102.05,114.00,1153.00,null,null,null
2023-08-22T18:55:01Z,25.55,54.65,99,3,42.19,102.06,122.00,1201.00,0,0,0
2023-08-22T18:56:01Z,25.55,54.70,100,2,36.94,102.07,128.00,1245.00,null,null,null
2023-08-22T18:57:01Z,25.53,54.68,100,2,34.00,102.07,135.00,1291.00,null,null,null
2023-08-22T18:58:01Z,25.55,54.71,100,2,37.74,102.06,138.00,1307.00,null,null,null
2023-08-22T18:59:01Z,25.53,54.08,100,2,39.16,102.06,140.00,1321.00,null,null,null
2023-08-22T19:00:01Z,25.54,54.61,100,1,31.24,102.07,135.00,1291.00,0,0,0
2023-08-22T19:01:01Z,25.53,54.05,100,1,38.90,102.07,133.00,1277.00,null,null,null
2023-08-22T19:02:01Z,25.51,54.04,100,1,44.39,102.07,128.00,1245.00,null,null,null
2023-08-22T19:03:01Z,25.53,54.44,100,1,31.76,102.07,122.00,1201.00,null,null,null
2023-08-22T19:04:01Z,25.51,54.39,100,0,42.76,102.07,120.00,1188.00,null,null,null
2023-08-22T19:05:01Z,25.51,54.63,99,0,45.10,102.07,122.00,1207.00,0,0,0
2023-08-22T19:06:01Z,25.51,54.05,100,0,35.20,102.08,128.00,1245.00,null,null,null
2023-08-22T19:07:01Z,25.51,53.72,100,0,42.00,102.08,125.00,1224.00,null,null,null
2023-08-22T19:08:01Z,25.50,54.34,100,0,44.00,102.08,117.00,1168.00,null,null,null
2023-08-22T19:09:01Z,25.49,54.27,99,0,30.69,102.08,108.00,1113.00,null,null,null
2023-08-22T19:10:01Z,25.49,54.57,100,0,34.13,102.07,101.00,1065.00,0,0,0
2023-08-22T19:11:01Z,25.47,54.60,100,0,28.91,102.08,103.00,1077.00,null,null,null
2023-08-22T19:12:01Z,25.47,54.72,99,0,33.49,102.08,108.00,1113.00,null,null,null
2023-08-22T19:13:01Z,25.49,54.79,100,0,38.37,102.08,112.00,1140.00,null,null,null
2023-08-22T19:14:01Z,25.47,54.96,100,0,44.35,102.07,117.00,1174.00,null,null,null
2023-08-22T19:15:01Z,25.46,54.89,100,0,30.96,102.07,121.00,1195.00,0,0,0
2023-08-22T19:16:01Z,25.46,54.75,100,0,41.43,102.07,124.00,1215.00,null,null,null
2023-08-22T19:17:01Z,25.46,54.49,100,0,35.63,102.07,124.00,1215.00,null,null,null
2023-08-22T19:18:01Z,25.46,54.31,100,0,28.44,102.07,120.00,1188.00,null,null,null
2023-08-22T19:19:01Z,25.44,54.47,99,0,33.21,102.07,110.00,1128.00,null,null,null
2023-08-22T19:20:01Z,25.41,54.86,99,0,35.69,102.07,108.00,1113.00,0,0,0
2023-08-22T19:21:01Z,25.44,54.97,99,0,35.36,102.07,112.00,1140.00,null,null,null
2023-08-22T19:22:01Z,25.43,54.99,100,0,38.43,102.07,120.00,1188.00,null,null,null
2023-08-22T19:23:01Z,25.41,54.97,100,0,41.48,102.07,126.00,1231.00,null,null,null
2023-08-22T19:24:01Z,25.43,55.07,100,0,33.77,102.07,128.00,1245.00,null,null,null
2023-08-22T19:25:01Z,25.41,54.83,100,0,37.88,102.07,133.00,1277.00,0,0,0
2023-08-22T19:26:01Z,25.44,54.69,100,0,43.16,102.08,126.00,1231.00,null,null,null
2023-08-22T19:27:01Z,25.40,54.59,99,0,29.74,102.08,120.00,1188.00,null,null,null
2023-08-22T19:28:01Z,25.39,54.62,100,0,43.67,102.09,106.00,1102.00,null,null,null
2023-08-22T19:29:01Z,25.39,54.69,100,0,33.48,102.09,99.00,1050.00,null,null,null
2023-08-22T19:30:01Z,25.34,54.84,100,0,30.13,102.09,89.00,987.00,0,0,0
2023-08-22T19:31:01Z,25.34,54.84,99,0,28.93,102.09,82.00,942.00,null,null,null
2023-08-22T19:32:01Z,25.34,54.88,100,0,32.98,102.09,71.00,870.00,null,null,null
2023-08-22T19:33:01Z,25.31,55.03,100,0,33.38,102.10,68.00,848.00,null,null,null
2023-08-22T19:34:01Z,25.33,55.08,100,0,36.33,102.10,69.00,857.00,null,null,null
2023-08-22T19:35:01Z,25.31,54.94,100,0,31.92,102.10,65.00,830.00,0,0,0
2023-08-22T19:36:01Z,25.30,55.08,100,0,33.30,102.10,61.00,802.00,null,null,null
2023-08-22T19:37:01Z,25.31,55.18,100,0,41.54,102.10,60.00,795.00,null,null,null
2023-08-22T19:38:01Z,25.31,55.22,99,0,38.95,102.11,58.00,783.00,null,null,null
2023-08-22T19:39:01Z,25.29,55.24,100,0,41.20,102.11,58.00,783.00,null,null,null
2023-08-22T19:40:01Z,25.29,55.35,100,0,41.18,102.11,63.00,819.00,0,0,0
2023-08-22T19:41:01Z,25.31,55.48,100,0,33.47,102.11,56.00,774.00,null,null,null
2023-08-22T19:42:01Z,25.29,55.28,100,0,36.35,102.12,62.00,810.00,null,null,null
2023-08-22T19:43:01Z,25.30,55.22,100,0,33.33,102.12,63.00,819.00,null,null,null
2023-08-22T19:44:01Z,25.25,55.28,100,0,31.16,102.12,60.00,795.00,null,null,null
2023-08-22T19:45:01Z,25.26,55.34,100,0,47.69,102.13,50.00,733.00,0,0,0
2023-08-22T19:46:01Z,25.29,55.44,100,0,37.82,102.13,45.00,699.00,null,null,null
2023-08-22T19:47:01Z,25.23,55.46,100,0,37.06,102.13,46.00,706.00,null,null,null
2023-08-22T19:48:01Z,25.23,55.56,99,0,35.95,102.13,56.00,768.00,null,null,null
2023-08-22T19:49:01Z,25.22,55.54,100,0,35.50,102.13,56.00,768.00,null,null,null
2023-08-22T19:50:01Z,25.23,55.56,100,0,42.17,102.13,56.00,768.00,0,0,0
2023-08-22T19:51:01Z,25.22,55.76,100,0,42.46,102.13,56.00,768.00,null,null,null
2023-08-22T19:52:01Z,25.22,55.73,100,0,31.09,102.13,64.00,825.00,null,null,null
2023-08-22T19:53:01Z,25.23,55.70,100,0,36.48,102.13,69.00,857.00,null,null,null
2023-08-22T19:54:01Z,25.23,55.63,100,0,33.45,102.14,74.00,889.00,null,null,null
2023-08-22T19:55:01Z,25.20,55.61,99,0,31.10,102.13,76.00,900.00,0,0,0
2023-08-22T19:56:01Z,25.22,55.68,100,0,33.55,102.13,71.00,870.00,null,null,null
2023-08-22T19:57:01Z,25.20,55.70,100,0,28.23,102.13,69.00,857.00,null,null,null
2023-08-22T19:58:01Z,25.20,55.80,100,0,28.33,102.14,74.00,889.00,null,null,null
2023-08-22T19:59:01Z,25.20,55.82,99,0,38.11,102.14,79.00,923.00,null,null,null
2023-08-22T20:00:01Z,25.19,55.83,100,0,29.18,102.14,84.00,956.00,0,0,0
2023-08-22T20:01:01Z,25.19,55.85,99,0,29.43,102.14,84.00,956.00,null,null,null
2023-08-22T20:02:01Z,25.20,55.85,100,0,32.95,102.14,87.00,977.00,null,null,null
2023-08-22T20:03:01Z,25.16,55.78,99,0,37.29,102.15,86.00,967.00,null,null,null
2023-08-22T20:04:01Z,25.16,55.55,100,0,32.34,102.15,83.00,945.00,null,null,null
2023-08-22T20:05:01Z,25.15,55.68,99,0,33.02,102.15,80.00,930.00,0,0,0
2023-08-22T20:06:01Z,25.16,55.75,100,0,28.12,102.15,80.00,930.00,null,null,null
2023-08-22T20:07:01Z,25.16,55.70,100,0,33.94,102.14,83.00,945.00,null,null,null
2023-08-22T20:08:01Z,25.18,55.46,100,0,25.98,102.14,84.00,954.00,null,null,null
2023-08-22T20:09:01Z,25.16,55.48,99,0,24.31,102.14,77.00,909.00,null,null,null
2023-08-22T20:10:01Z,25.12,55.71,100,0,38.08,102.14,77.00,909.00,0,0,0
2023-08-22T20:11:01Z,25.13,55.63,100,0,28.09,102.14,82.00,942.00,null,null,null
2023-08-22T20:12:01Z,25.12,55.47,99,0,31.54,102.15,82.00,942.00,null,null,null
2023-08-22T20:13:01Z,25.10,55.19,100,0,24.61,102.14,74.00,889.00,null,null,null
2023-08-22T20:14:01Z,25.10,55.43,100,0,30.15,102.14,68.00,848.00,null,null,null
2023-08-22T20:15:01Z,25.08,55.15,99,0,24.89,102.15,64.00,821.00,0,0,0
2023-08-22T20:16:01Z,25.06,55.15,100,0,24.65,102.15,65.00,832.00,null,null,null
2023-08-22T20:17:01Z,25.04,55.19,100,0,30.99,102.14,60.00,795.00,null,null,null
2023-08-22T20:18:01Z,25.06,54.85,99,0,45.48,102.14,60.00,795.00,null,null,null
2023-08-22T20:19:01Z,25.04,54.80,100,0,28.60,102.14,56.00,768.00,null,null,null
2023-08-22T20:20:01Z,24.99,54.59,100,0,32.78,102.15,55.00,763.00,0,0,0
2023-08-22T20:21:01Z,25.02,54.73,100,0,28.27,102.15,52.00,746.00,null,null,null
2023-08-22T20:22:01Z,25.03,55.02,100,0,34.27,102.15,62.00,813.00,null,null,null
2023-08-22T20:23:01Z,25.02,55.03,100,0,30.80,102.15,77.00,909.00,null,null,null
2023-08-22T20:24:01Z,25.02,54.80,99,0,27.78,102.15,73.00,880.00,null,null,null
2023-08-22T20:25:01Z,25.00,54.42,100,0,26.69,102.16,64.00,821.00,0,0,0
2023-08-22T20:26:01Z,24.96,54.61,100,0,33.23,102.14,64.00,821.00,null,null,null
2023-08-22T20:27:01Z,25.00,54.50,99,0,30.78,102.15,65.00,832.00,null,null,null
2023-08-22T20:28:01Z,24.98,54.73,100,0,34.45,102.15,61.00,804.00,null,null,null
2023-08-22T20:29:01Z,24.99,54.55,99,0,36.64,102.15,60.00,800.00,null,null,null
2023-08-22T20:30:01Z,24.99,54.83,100,0,29.70,102.15,60.00,800.00,0,0,0
2023-08-22T20:31:01Z,24.93,54.89,100,0,36.10,102.15,62.00,813.00,null,null,null
2023-08-22T20:32:01Z,24.98,54.61,100,0,34.25,102.15,68.00,848.00,null,null,null
2023-08-22T20:33:01Z,24.98,54.54,100,0,31.81,102.15,71.00,872.00,null,null,null
2023-08-22T20:34:01Z,24.95,54.43,99,0,29.80,102.15,69.00,857.00,null,null,null
2023-08-22T20:35:01Z,24.98,54.74,100,0,40.28,102.15,67.00,840.00,0,0,0
2023-08-22T20:36:01Z,24.96,54.81,100,0,34.44,102.15,69.00,857.00,null,null,null
2023-08-22T20:37:01Z,24.95,54.51,99,0,35.40,102.15,76.00,900.00,null,null,null
2023-08-22T20:38:01Z,24.93,54.79,100,0,27.36,102.15,74.00,889.00,null,null,null
2023-08-22T20:39:01Z,24.95,54.86,99,0,31.17,102.14,74.00,889.00,null,null,null
2023-08-22T20:40:01Z,24.95,54.65,99,0,27.85,102.14,77.00,909.00,0,0,0
2023-08-22T20:41:01Z,24.95,54.74,99,0,27.62,102.14,76.00,900.00,null,null,null
2023-08-22T20:42:01Z,24.93,54.63,100,0,37.54,102.14,79.00,920.00,null,null,null
2023-08-22T20:43:01Z,24.95,54.69,100,0,29.54,102.14,82.00,942.00,null,null,null
2023-08-22T20:44:01Z,24.95,54.56,100,0,32.00,102.14,85.00,964.00,null,null,null
2023-08-22T20:45:01Z,24.92,54.55,100,0,27.84,102.14,87.00,975.00,0,0,0
2023-08-22T20:46:01Z,24.95,54.69,99,0,30.72,102.14,89.00,987.00,null,null,null
2023-08-22T20:47:01Z,24.96,54.59,100,0,31.97,102.14,92.00,1009.00,null,null,null
2023-08-22T20:48:01Z,24.93,54.22,99,0,31.97,102.14,92.00,1009.00,null,null,null
2023-08-22T20:49:01Z,24.92,54.22,100,0,37.37,102.14,87.00,975.00,null,null,null
2023-08-22T20:50:01Z,24.90,54.53,100,0,42.03,102.14,85.00,964.00,0,0,0
2023-08-22T20:51:01Z,24.89,54.59,100,0,30.72,102.14,87.00,975.00,null,null,null
2023-08-22T20:52:01Z,24.92,54.57,100,0,37.59,102.14,89.00,987.00,null,null,null
2023-08-22T20:53:01Z,24.90,54.19,100,0,30.88,102.13,92.00,1009.00,null,null,null
2023-08-22T20:54:01Z,24.88,53.98,99,0,31.67,102.14,85.00,964.00,null,null,null
2023-08-22T20:55:01Z,24.86,54.49,100,0,45.55,102.13,80.00,930.00,0,0,0
2023-08-22T20:56:01Z,24.89,54.51,99,0,36.92,102.14,80.00,930.00,null,null,null
2023-08-22T20:57:01Z,24.86,54.40,99,0,31.72,102.14,85.00,964.00,null,null,null
2023-08-22T20:58:01Z,24.88,54.16,100,0,26.82,102.14,84.00,954.00,null,null,null
2023-08-22T20:59:01Z,24.85,54.17,100,0,28.85,102.13,82.00,942.00,null,null,null
2023-08-22T21:00:01Z,24.85,54.19,100,0,37.14,102.14,80.00,930.00,0,0,0
2023-08-22T21:01:01Z,24.86,54.37,99,0,24.68,102.14,80.00,930.00,null,null,null
2023-08-22T21:02:01Z,24.86,54.11,99,0,30.70,102.14,80.00,930.00,null,null,null
2023-08-22T21:03:01Z,24.83,54.32,99,0,35.17,102.13,84.00,954.00,null,null,null
2023-08-22T21:04:01Z,24.83,54.52,100,0,31.57,102.13,85.00,964.00,null,null,null
2023-08-22T21:05:01Z,24.83,54.37,100,0,23.86,102.14,87.00,975.00,0,0,0
2023-08-22T21:06:01Z,24.86,54.56,99,0,37.50,102.13,87.00,975.00,null,null,null
2023-08-22T21:07:01Z,24.83,54.48,100,0,25.95,102.13,90.00,997.00,null,null,null
2023-08-22T21:08:01Z,24.85,54.44,100,0,31.82,102.13,94.00,1019.00,null,null,null
2023-08-22T21:09:01Z,24.82,54.48,100,0,38.12,102.14,99.00,1050.00,null,null,null
2023-08-22T21:10:01Z,24.82,54.24,99,0,29.05,102.14,99.00,1050.00,0,0,0
2023-08-22T21:11:01Z,24.82,54.14,100,0,30.27,102.15,94.00,1019.00,null,null,null
2023-08-22T21:12:01Z,24.83,54.00,100,0,33.27,102.14,87.00,975.00,null,null,null
2023-08-22T21:13:01Z,24.79,53.92,100,0,31.40,102.15,87.00,975.00,null,null,null
2023-08-22T21:14:01Z,24.80,54.30,100,0,31.10,102.14,84.00,954.00,null,null,null
2023-08-22T21:15:01Z,24.78,54.35,99,0,31.60,102.14,82.00,942.00,0,0,0
2023-08-22T21:16:01Z,24.78,54.37,100,0,28.22,102.14,82.00,942.00,null,null,null
2023-08-22T21:17:01Z,24.79,54.33,100,0,30.76,102.14,85.00,964.00,null,null,null
2023-08-22T21:18:01Z,24.75,54.13,100,0,29.97,102.15,87.00,975.00,null,null,null
2023-08-22T21:19:01Z,24.74,53.81,99,0,42.76,102.15,87.00,975.00,null,null,null
2023-08-22T21:20:01Z,24.74,53.97,100,0,26.99,102.15,79.00,925.00,0,0,0
2023-08-22T21:21:01Z,24.75,54.19,100,0,27.59,102.15,71.00,870.00,null,null,null
2023-08-22T21:22:01Z,24.74,54.32,99,0,26.78,102.15,71.00,870.00,null,null,null
2023-08-22T21:23:01Z,24.72,54.38,99,0,24.11,102.14,75.00,895.00,null,null,null
2023-08-22T21:24:01Z,24.72,54.55,100,0,23.68,102.14,76.00,905.00,null,null,null
2023-08-22T21:25:01Z,24.72,54.60,99,0,26.67,102.14,81.00,935.00,0,0,0
2023-08-22T21:26:01Z,24.71,54.58,99,0,33.27,102.15,83.00,945.00,null,null,null
2023-08-22T21:27:01Z,24.72,54.60,99,0,29.22,102.15,84.00,956.00,null,null,null
2023-08-22T21:28:01Z,24.74,54.60,100,0,27.97,102.15,87.00,977.00,null,null,null
2023-08-22T21:29:01Z,24.69,54.50,99,0,36.68,102.15,91.00,1001.00,null,null,null
2023-08-22T21:30:01Z,24.69,54.66,100,0,31.80,102.14,89.00,990.00,0,0,0
2023-08-22T21:31:01Z,24.74,54.75,100,0,31.01,102.15,87.00,977.00,null,null,null
2023-08-22T21:32:01Z,24.74,54.73,99,0,33.12,102.14,89.00,990.00,null,null,null
2023-08-22T21:33:01Z,24.72,54.86,99,0,28.77,102.14,91.00,1001.00,null,null,null
2023-08-22T21:34:01Z,24.71,54.77,100,0,28.80,102.14,93.00,1012.00,null,null,null
2023-08-22T21:35:01Z,24.71,54.82,100,0,33.32,102.14,93.00,1012.00,0,0,0
2023-08-22T21:36:01Z,24.69,54.78,100,0,27.45,102.14,91.00,1001.00,null,null,null
2023-08-22T21:37:01Z,24.69,54.82,99,0,42.96,102.14,87.00,977.00,null,null,null
2023-08-22T21:38:01Z,24.68,54.81,100,0,30.84,102.14,83.00,945.00,null,null,null
2023-08-22T21:39:01Z,24.67,54.68,100,0,29.03,102.14,79.00,925.00,null,null,null
2023-08-22T21:40:01Z,24.67,54.75,100,0,42.01,102.14,75.00,895.00,0,0,0
2023-08-22T21:41:01Z,24.65,54.73,99,0,25.70,102.14,66.00,834.00,null,null,null
2023-08-22T21:42:01Z,24.65,54.89,100,0,42.79,102.14,67.00,844.00,null,null,null
2023-08-22T21:43:01Z,24.64,54.95,100,0,28.17,102.14,69.00,853.00,null,null,null
2023-08-22T21:44:01Z,24.65,55.04,100,0,25.98,102.15,72.00,874.00,null,null,null
2023-08-22T21:45:01Z,24.65,55.09,100,0,26.41,102.15,78.00,913.00,0,0,0
2023-08-22T21:46:01Z,24.67,55.00,100,0,30.27,102.14,81.00,933.00,null,null,null
2023-08-22T21:47:01Z,24.62,54.96,100,0,26.43,102.15,78.00,913.00,null,null,null
2023-08-22T21:48:01Z,24.61,55.02,100,0,31.60,102.14,78.00,913.00,null,null,null
2023-08-22T21:49:01Z,24.61,55.17,100,0,33.04,102.14,81.00,933.00,null,null,null
2023-08-22T21:50:01Z,24.61,55.07,100,0,25.13,102.14,79.00,925.00,0,0,0
2023-08-22T21:51:01Z,24.62,55.13,100,0,26.19,102.14,81.00,933.00,null,null,null
2023-08-22T21:52:01Z,24.61,55.21,100,0,25.26,102.14,81.00,933.00,null,null,null
2023-08-22T21:53:01Z,24.61,55.23,100,0,25.98,102.13,84.00,956.00,null,null,null
2023-08-22T21:54:01Z,24.59,55.29,100,0,35.74,102.13,89.00,990.00,null,null,null
2023-08-22T21:55:01Z,24.59,55.34,100,0,31.88,102.13,89.00,990.00,0,0,0
2023-08-22T21:56:01Z,24.62,55.33,100,0,28.54,102.13,89.00,990.00,null,null,null
2023-08-22T21:57:01Z,24.59,55.28,100,0,41.37,102.13,89.00,990.00,null,null,null
2023-08-22T21:58:01Z,24.58,55.31,100,0,31.35,102.14,89.00,990.00,null,null,null
2023-08-22T21:59:01Z,24.58,55.40,100,0,30.78,102.14,84.00,956.00,null,null,null
2023-08-22T22:00:01Z,24.54,55.41,100,0,52.29,102.14,79.00,923.00,0,0,0
2023-08-22T22:01:01Z,24.55,55.51,100,0,26.64,102.14,75.00,895.00,null,null,null
2023-08-22T22:02:01Z,24.55,55.47,100,0,25.22,102.14,78.00,915.00,null,null,null
2023-08-22T22:03:01Z,24.57,55.55,100,0,26.67,102.14,83.00,945.00,null,null,null
2023-08-22T22:04:01Z,24.55,55.60,100,0,24.50,102.14,86.00,967.00,null,null,null
2023-08-22T22:05:01Z,24.55,55.62,99,0,26.71,102.14,89.00,990.00,0,0,0
2023-08-22T22:06:01Z,24.54,55.62,100,0,42.27,102.14,89.00,990.00,null,null,null
2023-08-22T22:07:01Z,24.57,55.57,100,0,40.02,102.14,93.00,1012.00,null,null,null
2023-08-22T22:08:01Z,24.55,55.65,99,0,32.48,102.14,97.00,1041.00,null,null,null
2023-08-22T22:09:01Z,24.52,55.63,99,0,28.04,102.14,95.00,1029.00,null,null,null
2023-08-22T22:10:01Z,24.54,55.70,100,0,39.23,102.14,95.00,1029.00,0,0,0
2023-08-22T22:11:01Z,24.54,55.71,100,0,29.81,102.14,95.00,1029.00,null,null,null
2023-08-22T22:12:01Z,24.55,55.75,100,0,25.95,102.14,97.00,1041.00,null,null,null
2023-08-22T22:13:01Z,24.54,55.72,99,0,29.15,102.14,96.00,1032.00,null,null,null
2023-08-22T22:14:01Z,24.55,55.73,100,0,24.11,102.13,101.00,1065.00,null,null,null
2023-08-22T22:15:01Z,24.54,55.76,100,0,31.02,102.14,105.00,1090.00,0,0,0
2023-08-22T22:16:01Z,24.57,55.77,100,0,31.95,102.14,105.00,1093.00,null,null,null
2023-08-22T22:17:01Z,24.54,55.68,100,0,28.50,102.13,101.00,1068.00,null,null,null
2023-08-22T22:18:01Z,24.52,55.77,100,0,27.30,102.13,97.00,1041.00,null,null,null
2023-08-22T22:19:01Z,24.48,55.75,100,0,23.40,102.13,88.00,981.00,null,null,null
2023-08-22T22:20:01Z,24.48,55.77,100,0,26.93,102.13,81.00,935.00,0,0,0
2023-08-22T22:21:01Z,24.47,55.75,100,0,29.86,102.13,78.00,915.00,null,null,null
2023-08-22T22:22:01Z,24.47,55.88,100,0,25.16,102.13,77.00,907.00,null,null,null
2023-08-22T22:23:01Z,24.45,55.87,100,0,30.70,102.13,81.00,935.00,null,null,null
2023-08-22T22:24:01Z,24.45,55.88,100,0,34.17,102.13,79.00,925.00,null,null,null
2023-08-22T22:25:01Z,24.44,55.90,100,0,24.93,102.13,81.00,935.00,0,0,0
2023-08-22T22:26:01Z,24.44,55.95,100,0,27.44,102.14,79.00,925.00,null,null,null
2023-08-22T22:27:01Z,24.45,55.93,100,0,34.94,102.14,78.00,915.00,null,null,null
2023-08-22T22:28:01Z,24.42,55.96,99,0,26.55,102.14,75.00,895.00,null,null,null
2023-08-22T22:29:01Z,24.41,56.00,100,0,25.44,102.14,71.00,868.00,null,null,null
2023-08-22T22:30:01Z,24.41,56.08,99,0,30.51,102.14,69.00,855.00,0,0,0
2023-08-22T22:31:01Z,24.41,56.04,100,0,24.83,102.14,74.00,887.00,null,null,null
2023-08-22T22:32:01Z,24.42,56.04,100,0,25.44,102.14,78.00,915.00,null,null,null
2023-08-22T22:33:01Z,24.42,56.06,99,0,33.07,102.14,81.00,935.00,null,null,null
2023-08-22T22:34:01Z,24.42,56.10,100,0,30.07,102.14,86.00,970.00,null,null,null
2023-08-22T22:35:01Z,24.41,56.13,100,0,24.58,102.14,90.00,992.00,0,0,0
2023-08-22T22:36:01Z,24.42,56.09,100,0,23.59,102.14,92.00,1004.00,null,null,null
2023-08-22T22:37:01Z,24.44,56.11,100,0,30.59,102.14,93.00,1014.00,null,null,null
2023-08-22T22:38:01Z,24.44,56.14,99,0,24.50,102.15,98.00,1044.00,null,null,null
2023-08-22T22:39:01Z,24.47,56.09,100,0,28.22,102.14,99.00,1056.00,null,null,null
2023-08-22T22:40:01Z,24.44,56.13,99,0,24.27,102.14,101.00,1068.00,0,0,0
2023-08-22T22:41:01Z,24.42,56.20,99,0,24.46,102.14,101.00,1068.00,null,null,null
2023-08-22T22:42:01Z,24.42,56.24,99,0,28.77,102.14,101.00,1068.00,null,null,null
2023-08-22T22:43:01Z,24.41,56.20,100,0,27.32,102.14,98.00,1044.00,null,null,null
2023-08-22T22:44:01Z,24.41,56.23,100,0,23.59,102.14,93.00,1014.00,null,null,null
2023-08-22T22:45:01Z,24.39,56.23,100,0,28.52,102.15,96.00,1032.00,0,0,0
2023-08-22T22:46:01Z,24.39,56.26,100,0,25.06,102.15,96.00,1032.00,null,null,null
2023-08-22T22:47:01Z,24.41,56.19,100,0,24.07,102.15,97.00,1041.00,null,null,null
2023-08-22T22:48:01Z,24.41,56.25,99,0,26.34,102.15,101.00,1068.00,null,null,null
2023-08-22T22:49:01Z,24.41,56.32,100,0,26.48,102.15,101.00,1065.00,null,null,null
2023-08-22T22:50:01Z,24.41,56.34,99,0,28.07,102.14,103.00,1077.00,0,0,0
2023-08-22T22:51:01Z,24.37,56.34,99,0,26.76,102.14,101.00,1065.00,null,null,null
2023-08-22T22:52:01Z,24.41,56.30,99,0,27.14,102.14,105.00,1090.00,null,null,null
2023-08-22T22:53:01Z,24.39,56.38,100,0,27.53,102.14,106.00,1102.00,null,null,null
2023-08-22T22:54:01Z,24.39,56.33,100,0,26.60,102.14,106.00,1102.00,null,null,null
2023-08-22T22:55:01Z,24.39,56.40,99,0,26.57,102.14,110.00,1128.00,0,0,0
2023-08-22T22:56:01Z,24.37,56.38,100,0,26.29,102.14,110.00,1128.00,null,null,null
2023-08-22T22:57:01Z,24.38,56.38,99,0,22.55,102.14,112.00,1140.00,null,null,null
2023-08-22T22:58:01Z,24.38,56.37,100,0,30.03,102.14,114.00,1153.00,null,null,null
2023-08-22T22:59:01Z,24.37,56.40,99,0,24.93,102.14,114.00,1153.00,null,null,null
2023-08-22T23:00:01Z,24.37,56.47,100,0,26.67,102.14,117.00,1168.00,0,0,0
2023-08-22T23:01:01Z,24.37,56.44,100,0,26.99,102.13,112.00,1140.00,null,null,null
2023-08-22T23:02:01Z,24.35,56.41,100,0,33.41,102.13,114.00,1153.00,null,null,null
2023-08-22T23:03:01Z,24.35,56.44,99,0,27.30,102.13,117.00,1168.00,null,null,null
2023-08-22T23:04:01Z,24.37,56.45,100,0,25.82,102.13,119.00,1184.00,null,null,null
2023-08-22T23:05:01Z,24.35,56.49,99,0,23.68,102.13,119.00,1184.00,0,0,0
2023-08-22T23:06:01Z,24.34,56.46,99,0,47.20,102.12,119.00,1184.00,null,null,null
2023-08-22T23:07:01Z,24.35,56.43,100,0,28.07,102.12,117.00,1168.00,null,null,null
2023-08-22T23:08:01Z,24.35,56.54,100,0,29.65,102.13,121.00,1198.00,null,null,null
2023-08-22T23:09:01Z,24.35,56.53,100,0,30.83,102.13,123.00,1212.00,null,null,null
2023-08-22T23:10:01Z,24.32,56.63,99,0,24.89,102.14,123.00,1212.00,0,0,0
2023-08-22T23:11:01Z,24.31,56.59,100,0,23.94,102.14,114.00,1153.00,null,null,null
2023-08-22T23:12:01Z,24.34,56.58,100,0,26.76,102.14,112.00,1140.00,null,null,null
2023-08-22T23:13:01Z,24.31,56.61,100,0,26.99,102.14,112.00,1140.00,null,null,null
2023-08-22T23:14:01Z,24.32,56.68,100,0,25.13,102.14,114.00,1153.00,null,null,null
2023-08-22T23:15:01Z,24.32,56.65,99,0,25.56,102.13,117.00,1168.00,0,0,0
2023-08-22T23:16:01Z,24.32,56.66,100,0,25.38,102.13,114.00,1153.00,null,null,null
2023-08-22T23:17:01Z,24.34,56.67,100,0,24.96,102.12,117.00,1168.00,null,null,null
2023-08-22T23:18:01Z,24.32,56.71,99,0,25.53,102.12,119.00,1184.00,null,null,null
2023-08-22T23:19:01Z,24.31,56.75,99,0,25.06,102.13,117.00,1168.00,null,null,null
2023-08-22T23:20:01Z,24.29,56.80,99,0,25.87,102.13,120.00,1188.00,0,0,0
2023-08-22T23:21:01Z,24.31,56.81,100,0,25.13,102.13,122.00,1201.00,null,null,null
2023-08-22T23:22:01Z,24.34,56.81,100,0,26.91,102.13,120.00,1188.00,null,null,null
2023-08-22T23:23:01Z,24.31,56.81,100,0,24.83,102.13,120.00,1188.00,null,null,null
2023-08-22T23:24:01Z,24.31,56.83,99,0,23.94,102.13,120.00,1188.00,null,null,null
2023-08-22T23:25:01Z,24.31,56.88,100,0,27.26,102.12,120.00,1188.00,0,0,0
2023-08-22T23:26:01Z,24.29,56.90,99,0,30.33,102.11,120.00,1188.00,null,null,null
2023-08-22T23:27:01Z,24.31,56.88,100,0,25.62,102.12,120.00,1188.00,null,null,null
2023-08-22T23:28:01Z,24.29,56.91,100,0,29.21,102.12,124.00,1215.00,null,null,null
2023-08-22T23:29:01Z,24.27,56.98,100,0,22.43,102.11,124.00,1215.00,null,null,null
2023-08-22T23:30:01Z,24.27,57.00,100,0,23.90,102.12,124.00,1215.00,0,0,0
2023-08-22T23:31:01Z,24.28,57.02,100,0,22.99,102.11,126.00,1231.00,null,null,null
2023-08-22T23:32:01Z,24.29,56.99,99,0,25.73,102.11,128.00,1245.00,null,null,null
2023-08-22T23:33:01Z,24.29,57.06,100,0,26.14,102.11,130.00,1259.00,null,null,null
2023-08-22T23:34:01Z,24.27,57.06,99,0,25.16,102.11,128.00,1245.00,null,null,null
2023-08-22T23:35:01Z,24.27,57.05,100,0,24.86,102.11,128.00,1245.00,0,0,0
2023-08-22T23:36:01Z,24.28,57.07,100,0,23.30,102.11,128.00,1245.00,null,null,null
2023-08-22T23:37:01Z,24.29,57.04,100,0,25.41,102.11,130.00,1259.00,null,null,null
2023-08-22T23:38:01Z,24.25,57.08,100,0,28.04,102.10,130.00,1259.00,null,null,null
2023-08-22T23:39:01Z,24.27,57.15,100,0,22.94,102.10,126.00,1231.00,null,null,null
2023-08-22T23:40:01Z,24.25,57.14,99,0,21.99,102.10,126.00,1231.00,0,0,0
2023-08-22T23:41:01Z,24.25,57.20,100,0,25.95,102.10,126.00,1231.00,null,null,null
2023-08-22T23:42:01Z,24.27,57.16,99,0,25.16,102.10,126.00,1231.00,null,null,null
2023-08-22T23:43:01Z,24.25,57.16,100,0,23.81,102.10,126.00,1231.00,null,null,null
2023-08-22T23:44:01Z,24.24,57.19,100,0,23.72,102.11,126.00,1231.00,null,null,null
2023-08-22T23:45:01Z,24.24,57.26,100,0,21.92,102.11,143.00,1341.00,0,0,0
2023-08-22T23:46:01Z,24.25,57.36,99,0,34.17,102.11,136.00,1295.00,null,null,null
2023-08-22T23:47:01Z,24.21,57.32,100,0,28.74,102.10,117.00,1174.00,null,null,null
2023-08-22T23:48:01Z,24.23,57.30,100,0,29.15,102.10,129.00,1248.00,null,null,null
2023-08-22T23:49:01Z,24.21,57.35,99,0,26.91,102.09,129.00,1248.00,null,null,null
2023-08-22T23:50:01Z,24.20,57.33,99,0,23.81,102.10,129.00,1248.00,0,0,0
2023-08-22T23:51:01Z,24.20,57.37,100,0,27.26,102.10,131.00,1266.00,null,null,null
2023-08-22T23:52:01Z,24.20,57.37,100,0,22.55,102.10,131.00,1266.00,null,null,null
2023-08-22T23:53:01Z,24.21,57.34,100,0,24.68,102.11,134.00,1281.00,null,null,null
2023-08-22T23:54:01Z,24.23,57.38,100,0,26.53,102.11,134.00,1281.00,null,null,null
2023-08-22T23:55:01Z,24.18,57.59,100,10,32.03,102.09,134.00,1281.00,0,0,0
2023-08-22T23:56:01Z,24.20,57.48,100,10,38.32,102.10,131.00,1266.00,null,null,null
2023-08-22T23:57:01Z,24.20,57.54,100,10,42.22,102.12,136.00,1295.00,null,null,null
2023-08-22T23:58:01Z,24.21,57.75,100,10,42.51,102.12,140.00,1324.00,null,null,null
2023-08-22T23:59:01Z,24.21,57.48,100,10,26.80,102.13,143.00,1341.00,null,null,null
