TIME,TEMP,HUM,BATT,LIGHT,NOISE_A,PRESS,CCS811_VOCS,CCS811_ECO2,PM_1,PM_25,PM_10
ISO 8601,C,%,%,Lux,dBA,kPa,ppb,ppm,ug/m3,ug/m3,ug/m3
Time,Temperature,Humidity,Battery,Light,Noise dBA,Barometric pressure,VOC Gas CCS811,eCO2 Gas CCS811,PM 1.0,PM 2.5,PM 10.0
,55,56,10,14,53,58,113,112,89,87,88
2023-08-07T00:00:04Z,23.59,60.01,98,0,25.06,102.05,299.00,1660.00,null,null,null
2023-08-07T00:01:04Z,23.58,59.95,98,0,24.68,102.05,299.00,1660.00,0,0,0
2023-08-07T00:02:04Z,23.61,59.95,98,0,22.31,102.05,292.00,1652.00,null,null,null
2023-08-07T00:03:04Z,23.62,60.01,98,0,23.30,102.06,292.00,1652.00,null,null,null
2023-08-07T00:04:04Z,23.62,59.95,98,0,22.61,102.06,291.00,1651.00,null,null,null
2023-08-07T00:05:04Z,23.62,59.88,98,0,25.79,102.05,291.00,1651.00,null,null,null
2023-08-07T00:06:04Z,23.62,59.97,98,0,23.40,102.05,298.00,1660.00,0,0,0
2023-08-07T00:07:04Z,23.64,59.81,98,0,25.82,102.05,297.00,1659.00,null,null,null
2023-08-07T00:08:04Z,23.64,59.84,98,0,26.26,102.05,290.00,1651.00,null,null,null
2023-08-07T00:09:04Z,23.65,59.83,98,0,24.72,102.05,297.00,1659.00,null,null,null
2023-08-07T00:10:04Z,23.64,59.79,98,0,24.72,102.05,288.00,1648.00,null,null,null
2023-08-07T00:11:04Z,23.64,59.89,99,0,25.47,102.05,295.00,1656.00,0,0,0
2023-08-07T00:12:04Z,23.66,59.81,98,0,27.71,102.06,295.00,1656.00,null,null,null
2023-08-07T00:13:04Z,23.66,59.74,98,0,28.48,102.05,295.00,1656.00,null,null,null
2023-08-07T00:14:04Z,23.68,59.79,98,0,26.95,102.06,292.00,1652.00,null,null,null
2023-08-07T00:15:04Z,23.69,59.68,98,0,26.57,102.06,288.00,1648.00,null,null,null
2023-08-07T00:16:04Z,23.65,59.73,98,0,26.03,102.06,292.00,1652.00,0,0,0
2023-08-07T00:17:04Z,23.68,59.62,99,0,22.72,102.06,291.00,1651.00,null,null,null
2023-08-07T00:18:04Z,23.69,59.68,98,0,25.76,102.07,282.00,1641.00,null,null,null
2023-08-07T00:19:04Z,23.69,59.57,98,0,24.27,102.06,289.00,1650.00,null,null,null
2023-08-07T00:20:04Z,23.66,59.54,98,0,25.29,102.06,289.00,1650.00,null,null,null
2023-08-07T00:21:04Z,23.69,59.56,98,0,27.40,102.06,288.00,1648.00,0,0,0
2023-08-07T00:22:04Z,23.72,59.56,98,0,23.10,102.06,281.00,1640.00,null,null,null
2023-08-07T00:23:04Z,23.71,59.52,98,0,26.53,102.06,295.00,1656.00,null,null,null
2023-08-07T00:24:04Z,23.73,59.49,98,0,25.70,102.06,288.00,1648.00,null,null,null
2023-08-07T00:25:04Z,23.71,59.58,98,0,27.34,102.06,288.00,1648.00,null,null,null
2023-08-07T00:26:04Z,23.71,59.44,98,0,24.61,102.07,288.00,1648.00,0,0,0
2023-08-07T00:27:04Z,23.73,59.52,98,0,26.14,102.07,288.00,1648.00,null,null,null
2023-08-07T00:28:04Z,23.73,59.39,98,0,25.00,102.07,286.00,1645.00,null,null,null
2023-08-07T00:29:04Z,23.72,59.47,98,0,25.19,102.07,293.00,1654.00,null,null,null
2023-08-07T00:30:04Z,23.73,59.46,98,0,27.12,102.07,293.00,1654.00,null,null,null
2023-08-07T00:31:04Z,23.75,59.38,98,0,27.89,102.06,292.00,1652.00,0,0,0
2023-08-07T00:32:04Z,23.75,59.36,98,0,25.09,102.07,257.00,1612.00,null,null,null
2023-08-07T00:33:04Z,23.75,59.42,98,0,26.06,102.06,257.00,1612.00,null,null,null
2023-08-07T00:34:04Z,23.75,59.59,98,0,22.99,102.06,263.00,1619.00,null,null,null
2023-08-07T00:35:04Z,23.76,59.43,98,0,24.50,102.06,256.00,1611.00,null,null,null
2023-08-07T00:36:04Z,23.75,59.42,98,0,25.95,102.06,270.00,1628.00,0,0,0
2023-08-07T00:37:04Z,23.76,59.50,99,0,24.15,102.06,256.00,1611.00,null,null,null
2023-08-07T00:38:04Z,23.79,59.42,98,0,25.03,102.06,255.00,1611.00,null,null,null
2023-08-07T00:39:04Z,23.78,59.44,98,0,36.76,102.06,262.00,1618.00,null,null,null
2023-08-07T00:40:04Z,23.78,59.39,98,0,25.41,102.06,262.00,1618.00,null,null,null
2023-08-07T00:41:04Z,23.78,59.31,98,0,24.76,102.06,261.00,1616.00,0,0,0
2023-08-07T00:42:04Z,23.76,59.26,98,0,26.43,102.06,247.00,1602.00,null,null,null
2023-08-07T00:43:04Z,23.78,59.30,98,0,24.79,102.06,254.00,1610.00,null,null,null
2023-08-07T00:44:04Z,23.78,59.30,98,0,25.03,102.06,260.00,1615.00,null,null,null
2023-08-07T00:45:04Z,23.79,59.26,98,0,25.44,102.06,260.00,1615.00,null,null,null
2023-08-07T00:46:04Z,23.76,59.24,98,0,24.50,102.06,254.00,1608.00,0,0,0
2023-08-07T00:47:04Z,23.78,59.30,98,0,25.41,102.06,249.00,1606.00,null,null,null
2023-08-07T00:48:04Z,23.78,59.28,98,0,24.76,102.06,245.00,1599.00,null,null,null
2023-08-07T00:49:04Z,23.81,59.33,98,0,28.31,102.06,253.00,1607.00,null,null,null
2023-08-07T00:50:04Z,23.81,59.34,98,0,25.53,102.06,245.00,1599.00,null,null,null
2023-08-07T00:51:04Z,23.79,59.31,98,0,24.61,102.06,252.00,1607.00,0,0,0
2023-08-07T00:52:04Z,23.81,59.28,98,0,25.56,102.06,244.00,1598.00,null,null,null
2023-08-07T00:53:04Z,23.81,59.33,99,0,23.20,102.06,252.00,1607.00,null,null,null
2023-08-07T00:54:04Z,23.81,59.38,98,0,24.43,102.06,242.00,1595.00,null,null,null
2023-08-07T00:55:04Z,23.76,59.50,98,0,23.94,102.06,255.00,1611.00,null,null,null
2023-08-07T00:56:04Z,23.82,59.36,98,0,25.19,102.06,255.00,1611.00,0,0,0
2023-08-07T00:57:04Z,23.82,59.43,98,0,25.19,102.06,248.00,1603.00,null,null,null
2023-08-07T00:58:04Z,23.83,59.57,98,0,24.68,102.06,255.00,1611.00,null,null,null
2023-08-07T00:59:04Z,23.82,59.52,98,0,24.07,102.06,248.00,1603.00,null,null,null
2023-08-07T01:00:04Z,23.82,59.47,98,0,24.43,102.06,255.00,1611.00,null,null,null
2023-08-07T01:01:04Z,23.81,59.42,99,0,25.00,102.05,247.00,1602.00,0,0,0
2023-08-07T01:02:04Z,23.83,59.54,98,0,26.14,102.05,241.00,1594.00,null,null,null
2023-08-07T01:03:04Z,23.82,59.51,98,0,23.86,102.05,247.00,1602.00,null,null,null
2023-08-07T01:04:04Z,23.81,59.58,98,0,28.22,102.05,245.00,1599.00,null,null,null
2023-08-07T01:05:04Z,23.85,59.53,98,0,24.23,102.05,253.00,1607.00,null,null,null
2023-08-07T01:06:04Z,23.83,59.64,98,0,25.90,102.05,245.00,1599.00,0,0,0
2023-08-07T01:07:04Z,23.83,59.71,98,0,29.50,102.05,244.00,1598.00,null,null,null
2023-08-07T01:08:04Z,23.83,59.67,98,0,22.12,102.06,252.00,1607.00,null,null,null
2023-08-07T01:09:04Z,23.86,59.62,98,0,26.50,102.06,252.00,1607.00,null,null,null
2023-08-07T01:10:04Z,23.85,59.54,98,0,24.83,102.06,244.00,1598.00,null,null,null
2023-08-07T01:11:04Z,23.85,59.57,98,0,24.96,102.05,252.00,1607.00,0,0,0
2023-08-07T01:12:04Z,23.85,59.65,98,0,26.57,102.05,244.00,1598.00,null,null,null
2023-08-07T01:13:04Z,23.85,59.62,99,0,23.54,102.06,259.00,1615.00,null,null,null
2023-08-07T01:14:04Z,23.86,59.58,98,0,24.23,102.06,249.00,1604.00,null,null,null
2023-08-07T01:15:04Z,23.86,59.60,98,0,25.67,102.06,249.00,1604.00,null,null,null
2023-08-07T01:16:04Z,23.83,59.58,99,0,24.07,102.07,249.00,1604.00,0,0,0
2023-08-07T01:17:04Z,23.86,59.67,99,0,26.31,102.06,242.00,1595.00,null,null,null
2023-08-07T01:18:04Z,23.89,59.47,98,0,23.77,102.07,248.00,1603.00,null,null,null
2023-08-07T01:19:04Z,23.86,59.54,98,0,27.10,102.07,248.00,1603.00,null,null,null
2023-08-07T01:20:04Z,23.86,59.58,98,0,23.45,102.07,242.00,1595.00,null,null,null
2023-08-07T01:21:04Z,23.86,59.66,98,0,27.20,102.07,241.00,1594.00,0,0,0
2023-08-07T01:22:04Z,23.88,59.55,98,0,24.79,102.06,241.00,1594.00,null,null,null
2023-08-07T01:23:04Z,23.89,59.45,98,0,24.39,102.07,241.00,1594.00,null,null,null
2023-08-07T01:24:04Z,23.89,59.44,98,0,31.68,102.07,234.00,1587.00,null,null,null
2023-08-07T01:25:04Z,23.86,59.50,98,0,28.60,102.06,240.00,1595.00,null,null,null
2023-08-07T01:26:04Z,23.88,59.55,98,0,23.49,102.06,246.00,1601.00,0,0,0
2023-08-07T01:27:04Z,23.88,59.77,99,0,24.76,102.06,239.00,1594.00,null,null,null
2023-08-07T01:28:04Z,23.88,59.72,98,0,22.05,102.07,242.00,1595.00,null,null,null
2023-08-07T01:29:04Z,23.89,59.63,98,0,28.36,102.06,254.00,1608.00,null,null,null
2023-08-07T01:30:04Z,23.90,59.68,99,0,28.64,102.07,243.00,1598.00,null,null,null
2023-08-07T01:31:04Z,23.88,59.79,98,0,28.77,102.07,237.00,1591.00,0,0,0
2023-08-07T01:32:04Z,23.89,59.75,98,0,23.35,102.07,228.00,1579.00,null,null,null
2023-08-07T01:33:04Z,23.92,59.74,98,0,26.19,102.07,233.00,1586.00,null,null,null
2023-08-07T01:34:04Z,23.92,59.92,98,0,26.14,102.06,242.00,1597.00,null,null,null
2023-08-07T01:35:04Z,23.89,59.75,98,0,24.89,102.07,233.00,1586.00,null,null,null
2023-08-07T01:36:04Z,23.90,59.84,98,0,33.00,102.07,238.00,1592.00,0,0,0
2023-08-07T01:37:04Z,23.90,59.85,98,0,26.73,102.06,238.00,1592.00,null,null,null
2023-08-07T01:38:04Z,23.93,59.76,98,0,23.86,102.07,238.00,1592.00,null,null,null
2023-08-07T01:39:04Z,23.92,59.74,98,0,23.49,102.07,236.00,1591.00,null,null,null
2023-08-07T01:40:04Z,23.92,59.83,98,0,25.06,102.07,240.00,1595.00,null,null,null
2023-08-07T01:41:04Z,23.90,59.80,99,0,22.83,102.07,236.00,1591.00,0,0,0
2023-08-07T01:42:04Z,23.92,59.77,98,0,26.19,102.07,236.00,1591.00,null,null,null
2023-08-07T01:43:04Z,23.89,59.82,99,0,26.67,102.07,236.00,1591.00,null,null,null
2023-08-07T01:44:04Z,23.93,59.81,99,0,23.90,102.06,236.00,1591.00,null,null,null
2023-08-07T01:45:04Z,23.92,59.84,98,0,25.59,102.07,236.00,1591.00,null,null,null
2023-08-07T01:46:04Z,23.90,59.87,98,0,31.72,102.07,236.00,1590.00,0,0,0
2023-08-07T01:47:04Z,23.93,59.88,98,0,24.50,102.07,230.00,1582.00,null,null,null
2023-08-07T01:48:04Z,23.94,59.83,98,0,22.61,102.06,230.00,1582.00,null,null,null
2023-08-07T01:49:04Z,23.93,59.84,98,0,26.26,102.06,234.00,1587.00,null,null,null
2023-08-07T01:50:04Z,23.93,59.96,98,0,24.15,102.07,234.00,1587.00,null,null,null
2023-08-07T01:51:04Z,23.93,60.12,98,0,25.90,102.07,234.00,1587.00,0,0,0
2023-08-07T01:52:04Z,23.94,59.93,99,0,26.14,102.07,234.00,1587.00,null,null,null
2023-08-07T01:53:04Z,23.92,60.13,98,0,25.67,102.06,240.00,1595.00,null,null,null
2023-08-07T01:54:04Z,23.93,60.14,98,0,25.06,102.06,240.00,1595.00,null,null,null
2023-08-07T01:55:04Z,23.94,59.98,98,0,24.27,102.06,233.00,1586.00,null,null,null
2023-08-07T01:56:04Z,23.94,60.06,98,0,24.61,102.06,233.00,1586.00,0,0,0
2023-08-07T01:57:04Z,23.98,60.16,98,0,26.55,102.06,240.00,1595.00,null,null,null
2023-08-07T01:58:04Z,23.94,60.09,98,0,26.64,102.06,233.00,1586.00,null,null,null
2023-08-07T01:59:04Z,23.98,60.06,98,0,26.43,102.06,238.00,1592.00,null,null,null
2023-08-07T02:00:04Z,23.96,60.05,98,0,27.73,102.06,242.00,1597.00,null,null,null
2023-08-07T02:01:04Z,23.96,60.14,98,0,24.65,102.06,238.00,1592.00,0,0,0
2023-08-07T02:02:04Z,23.98,60.06,99,0,24.93,102.05,238.00,1592.00,null,null,null
2023-08-07T02:03:04Z,23.98,60.12,98,0,25.92,102.06,237.00,1591.00,null,null,null
2023-08-07T02:04:04Z,23.96,60.20,98,0,27.97,102.06,242.00,1595.00,null,null,null
2023-08-07T02:05:04Z,23.94,60.06,98,0,24.50,102.06,237.00,1591.00,null,null,null
2023-08-07T02:06:04Z,23.99,60.06,98,0,30.26,102.06,236.00,1590.00,0,0,0
2023-08-07T02:07:04Z,24.01,60.12,98,0,27.73,102.06,236.00,1590.00,null,null,null
2023-08-07T02:08:04Z,24.02,60.01,98,0,31.36,102.06,236.00,1590.00,null,null,null
2023-08-07T02:09:04Z,24.02,60.11,98,0,22.99,102.06,236.00,1590.00,null,null,null
2023-08-07T02:10:04Z,24.02,60.25,98,0,25.67,102.05,235.00,1588.00,null,null,null
2023-08-07T02:11:04Z,24.01,60.07,98,0,27.53,102.05,236.00,1591.00,0,0,0
2023-08-07T02:12:04Z,23.99,60.46,98,0,25.62,102.05,239.00,1594.00,null,null,null
2023-08-07T02:13:04Z,24.02,60.35,98,0,25.44,102.05,231.00,1583.00,null,null,null
2023-08-07T02:14:04Z,24.05,60.25,98,0,25.26,102.05,231.00,1583.00,null,null,null
2023-08-07T02:15:04Z,24.01,60.29,98,0,25.06,102.06,236.00,1590.00,null,null,null
2023-08-07T02:16:04Z,24.02,60.36,98,0,23.86,102.05,235.00,1588.00,0,0,0
2023-08-07T02:17:04Z,24.03,60.25,98,0,30.02,102.05,235.00,1588.00,null,null,null
2023-08-07T02:18:04Z,24.03,60.33,98,0,24.19,102.05,230.00,1582.00,null,null,null
2023-08-07T02:19:04Z,24.03,60.39,98,0,27.66,102.05,235.00,1588.00,null,null,null
2023-08-07T02:20:04Z,24.03,60.21,98,0,23.72,102.05,234.00,1587.00,null,null,null
2023-08-07T02:21:04Z,24.02,60.19,99,0,24.72,102.05,232.00,1585.00,0,0,0
2023-08-07T02:22:04Z,24.06,60.18,98,0,27.20,102.05,232.00,1585.00,null,null,null
2023-08-07T02:23:04Z,24.05,60.24,98,0,27.40,102.05,231.00,1583.00,null,null,null
2023-08-07T02:24:04Z,24.03,60.34,98,0,23.94,102.04,236.00,1590.00,null,null,null
2023-08-07T02:25:04Z,24.05,60.19,98,0,25.35,102.05,229.00,1581.00,null,null,null
2023-08-07T02:26:04Z,24.03,60.18,98,0,23.40,102.05,241.00,1594.00,0,0,0
2023-08-07T02:27:04Z,24.05,60.20,98,0,26.76,102.05,234.00,1587.00,null,null,null
2023-08-07T02:28:04Z,24.06,60.05,98,0,24.68,102.06,234.00,1587.00,null,null,null
2023-08-07T02:29:04Z,24.05,60.28,98,0,27.14,102.05,234.00,1587.00,null,null,null
2023-08-07T02:30:04Z,24.03,60.15,98,0,27.08,102.05,227.00,1578.00,null,null,null
2023-08-07T02:31:04Z,24.06,60.27,98,0,25.35,102.06,234.00,1587.00,0,0,0
2023-08-07T02:32:04Z,24.08,60.11,98,0,28.92,102.06,220.00,1568.00,null,null,null
2023-08-07T02:33:04Z,24.06,60.27,98,0,24.83,102.06,233.00,1586.00,null,null,null
2023-08-07T02:34:04Z,24.06,60.28,98,0,24.79,102.06,226.00,1576.00,null,null,null
2023-08-07T02:35:04Z,24.08,60.07,98,0,25.82,102.06,226.00,1576.00,null,null,null
2023-08-07T02:36:04Z,24.08,60.23,98,0,28.28,102.07,233.00,1586.00,0,0,0
2023-08-07T02:37:04Z,24.08,60.27,98,0,27.16,102.06,227.00,1578.00,null,null,null
2023-08-07T02:38:04Z,24.06,60.26,98,0,26.08,102.06,229.00,1581.00,null,null,null
2023-08-07T02:39:04Z,24.06,60.12,98,0,25.19,102.07,225.00,1573.00,null,null,null
2023-08-07T02:40:04Z,24.06,60.03,99,0,26.06,102.06,226.00,1576.00,null,null,null
2023-08-07T02:41:04Z,24.06,60.10,99,0,22.94,102.07,226.00,1576.00,0,0,0
2023-08-07T02:42:04Z,24.08,59.95,99,0,28.77,102.06,226.00,1576.00,null,null,null
2023-08-07T02:43:04Z,24.09,60.00,98,0,25.70,102.06,226.00,1576.00,null,null,null
2023-08-07T02:44:04Z,24.10,59.97,98,0,27.96,102.06,226.00,1576.00,null,null,null
2023-08-07T02:45:04Z,24.08,59.89,98,0,26.06,102.06,229.00,1581.00,null,null,null
2023-08-07T02:46:04Z,24.08,60.14,98,0,29.98,102.07,225.00,1573.00,0,0,0
2023-08-07T02:47:04Z,24.09,59.89,98,0,22.94,102.07,225.00,1573.00,null,null,null
2023-08-07T02:48:04Z,24.08,59.91,98,0,24.83,102.07,217.00,1563.00,null,null,null
2023-08-07T02:49:04Z,24.10,59.90,98,0,25.82,102.07,217.00,1563.00,null,null,null
2023-08-07T02:50:04Z,24.09,59.89,98,0,26.67,102.07,224.00,1572.00,null,null,null
2023-08-07T02:51:04Z,24.08,59.95,98,0,29.65,102.07,217.00,1563.00,0,0,0
2023-08-07T02:52:04Z,24.10,60.15,99,0,24.61,102.07,223.00,1572.00,null,null,null
2023-08-07T02:53:04Z,24.09,60.23,98,0,25.06,102.07,217.00,1563.00,null,null,null
2023-08-07T02:54:04Z,24.08,60.03,98,0,23.63,102.07,223.00,1572.00,null,null,null
2023-08-07T02:55:04Z,24.08,59.97,98,0,30.31,102.07,222.00,1571.00,null,null,null
2023-08-07T02:56:04Z,24.09,60.28,98,0,25.82,102.07,216.00,1562.00,0,0,0
2023-08-07T02:57:04Z,24.10,60.30,98,0,26.06,102.07,220.00,1567.00,null,null,null
2023-08-07T02:58:04Z,24.09,60.12,98,0,26.38,102.07,219.00,1566.00,null,null,null
2023-08-07T02:59:04Z,24.09,60.07,98,0,27.30,102.07,226.00,1575.00,null,null,null
2023-08-07T03:00:04Z,24.09,60.06,98,0,25.35,102.07,215.00,1560.00,null,null,null
2023-08-07T03:01:04Z,24.10,60.20,98,0,26.03,102.06,221.00,1569.00,0,0,0
2023-08-07T03:02:04Z,24.08,60.20,98,0,24.54,102.06,214.00,1559.00,null,null,null
2023-08-07T03:03:04Z,24.13,60.30,98,0,26.41,102.06,214.00,1559.00,null,null,null
2023-08-07T03:04:04Z,24.12,60.18,98,0,26.19,102.07,218.00,1564.00,null,null,null
2023-08-07T03:05:04Z,24.12,60.35,99,0,26.31,102.06,224.00,1572.00,null,null,null
2023-08-07T03:06:04Z,24.08,60.28,98,0,24.39,102.07,221.00,1569.00,0,0,0
2023-08-07T03:07:04Z,24.10,60.15,98,0,25.50,102.06,217.00,1563.00,null,null,null
2023-08-07T03:08:04Z,24.12,60.29,99,0,27.14,102.07,224.00,1572.00,null,null,null
2023-08-07T03:09:04Z,24.12,60.17,98,0,26.82,102.06,220.00,1568.00,null,null,null
2023-08-07T03:10:04Z,24.09,60.17,98,0,29.96,102.06,219.00,1566.00,null,null,null
2023-08-07T03:11:04Z,24.12,60.12,98,0,24.65,102.07,219.00,1566.00,0,0,0
2023-08-07T03:12:04Z,24.15,60.21,98,0,23.59,102.07,222.00,1571.00,null,null,null
2023-08-07T03:13:04Z,24.12,60.14,99,0,27.55,102.06,218.00,1564.00,null,null,null
2023-08-07T03:14:04Z,24.13,60.18,98,0,26.69,102.06,218.00,1564.00,null,null,null
2023-08-07T03:15:04Z,24.16,60.09,98,0,30.08,102.06,222.00,1571.00,null,null,null
2023-08-07T03:16:04Z,24.10,60.03,98,0,25.29,102.07,217.00,1563.00,0,0,0
2023-08-07T03:17:04Z,24.15,60.07,98,0,23.45,102.07,220.00,1568.00,null,null,null
2023-08-07T03:18:04Z,24.13,60.09,98,0,25.65,102.07,220.00,1568.00,null,null,null
2023-08-07T03:19:04Z,24.13,60.12,98,0,34.11,102.06,220.00,1568.00,null,null,null
2023-08-07T03:20:04Z,24.13,60.01,98,0,34.77,102.06,220.00,1568.00,null,null,null
2023-08-07T03:21:04Z,24.15,60.25,98,0,25.03,102.06,217.00,1563.00,0,0,0
2023-08-07T03:22:04Z,24.13,60.26,98,0,23.72,102.07,216.00,1562.00,null,null,null
2023-08-07T03:23:04Z,24.15,60.15,98,0,25.90,102.06,212.00,1557.00,null,null,null
2023-08-07T03:24:04Z,24.15,60.01,98,0,25.00,102.07,208.00,1552.00,null,null,null
2023-08-07T03:25:04Z,24.15,60.13,98,0,26.48,102.07,218.00,1564.00,null,null,null
2023-08-07T03:26:04Z,24.15,60.05,98,0,31.31,102.07,214.00,1560.00,0,0,0
2023-08-07T03:27:04Z,24.16,60.17,99,0,29.84,102.07,217.00,1563.00,null,null,null
2023-08-07T03:28:04Z,24.16,60.05,98,0,29.31,102.07,217.00,1563.00,null,null,null
2023-08-07T03:29:04Z,24.15,60.06,98,0,29.90,102.07,217.00,1563.00,null,null,null
2023-08-07T03:30:04Z,24.16,59.99,98,0,30.42,102.07,214.00,1560.00,null,null,null
2023-08-07T03:31:04Z,24.15,60.05,98,0,28.89,102.07,214.00,1560.00,0,0,0
2023-08-07T03:32:04Z,24.15,60.02,98,0,28.15,102.07,212.00,1557.00,null,null,null
2023-08-07T03:33:04Z,24.16,59.98,98,0,25.62,102.07,206.00,1548.00,null,null,null
2023-08-07T03:34:04Z,24.17,59.93,98,0,27.34,102.07,206.00,1548.00,null,null,null
2023-08-07T03:35:04Z,24.16,60.01,98,0,27.97,102.07,211.00,1556.00,null,null,null
2023-08-07T03:36:04Z,24.16,60.05,98,0,26.91,102.07,211.00,1556.00,0,0,0
2023-08-07T03:37:04Z,24.19,60.04,98,0,24.93,102.07,211.00,1556.00,null,null,null
2023-08-07T03:38:04Z,24.19,59.95,99,0,25.65,102.06,215.00,1560.00,null,null,null
2023-08-07T03:39:04Z,24.19,60.05,98,0,25.82,102.07,210.00,1556.00,null,null,null
2023-08-07T03:40:04Z,24.15,59.93,98,0,25.26,102.07,210.00,1556.00,null,null,null
2023-08-07T03:41:04Z,24.17,59.99,98,0,27.28,102.07,210.00,1556.00,0,0,0
2023-08-07T03:42:04Z,24.17,59.88,98,0,26.46,102.07,209.00,1555.00,null,null,null
2023-08-07T03:43:04Z,24.17,60.04,98,0,23.72,102.07,209.00,1555.00,null,null,null
2023-08-07T03:44:04Z,24.19,60.08,98,0,26.31,102.07,209.00,1555.00,null,null,null
2023-08-07T03:45:04Z,24.16,60.01,98,0,26.43,102.07,214.00,1560.00,null,null,null
2023-08-07T03:46:04Z,24.19,60.11,98,0,26.36,102.07,209.00,1553.00,0,0,0
2023-08-07T03:47:04Z,24.20,59.87,98,0,25.00,102.07,203.00,1544.00,null,null,null
2023-08-07T03:48:04Z,24.17,59.86,98,0,37.64,102.07,203.00,1544.00,null,null,null
2023-08-07T03:49:04Z,24.20,59.90,98,0,28.78,102.07,202.00,1543.00,null,null,null
2023-08-07T03:50:04Z,24.17,59.97,98,0,24.15,102.07,196.00,1536.00,null,null,null
2023-08-07T03:51:04Z,24.16,60.01,98,0,29.49,102.07,208.00,1552.00,0,0,0
2023-08-07T03:52:04Z,24.19,59.95,98,0,28.87,102.06,196.00,1536.00,null,null,null
2023-08-07T03:53:04Z,24.19,60.04,98,0,24.39,102.06,201.00,1543.00,null,null,null
2023-08-07T03:54:04Z,24.20,60.14,98,0,37.82,102.07,201.00,1543.00,null,null,null
2023-08-07T03:55:04Z,24.20,60.01,98,0,30.32,102.07,207.00,1551.00,null,null,null
2023-08-07T03:56:04Z,24.19,60.23,98,0,38.27,102.07,200.00,1542.00,0,0,0
2023-08-07T03:57:04Z,24.20,60.09,98,0,24.58,102.07,200.00,1542.00,null,null,null
2023-08-07T03:58:04Z,24.22,60.06,98,0,23.59,102.07,207.00,1550.00,null,null,null
2023-08-07T03:59:04Z,24.17,60.02,98,0,28.83,102.06,204.00,1547.00,null,null,null
2023-08-07T04:00:04Z,24.19,60.16,98,0,25.76,102.07,204.00,1547.00,null,null,null
2023-08-07T04:01:04Z,24.19,60.06,98,0,24.68,102.07,198.00,1538.00,0,0,0
2023-08-07T04:02:04Z,24.22,60.04,98,0,26.38,102.07,204.00,1547.00,null,null,null
2023-08-07T04:03:04Z,24.22,60.10,98,0,25.73,102.07,198.00,1538.00,null,null,null
2023-08-07T04:04:04Z,24.22,60.19,98,0,24.27,102.07,204.00,1547.00,null,null,null
2023-08-07T04:05:04Z,24.22,60.11,98,0,25.67,102.07,198.00,1538.00,null,null,null
2023-08-07T04:06:04Z,24.19,59.94,99,0,25.00,102.07,204.00,1546.00,0,0,0
2023-08-07T04:07:04Z,24.22,60.33,98,0,27.18,102.07,204.00,1546.00,null,null,null
2023-08-07T04:08:04Z,24.22,59.96,98,0,26.24,102.07,195.00,1534.00,null,null,null
2023-08-07T04:09:04Z,24.20,59.93,98,0,30.34,102.07,197.00,1537.00,null,null,null
2023-08-07T04:10:04Z,24.20,60.10,98,0,27.18,102.07,202.00,1543.00,null,null,null
2023-08-07T04:11:04Z,24.23,60.30,98,0,24.46,102.07,202.00,1543.00,0,0,0
2023-08-07T04:12:04Z,24.23,60.19,98,0,25.56,102.07,199.00,1540.00,null,null,null
2023-08-07T04:13:04Z,24.24,60.28,98,0,27.28,102.07,195.00,1534.00,null,null,null
2023-08-07T04:14:04Z,24.22,60.20,99,0,25.06,102.07,198.00,1539.00,null,null,null
2023-08-07T04:15:04Z,24.23,60.39,98,0,29.57,102.07,195.00,1534.00,null,null,null
2023-08-07T04:16:04Z,24.20,60.49,98,0,25.65,102.07,198.00,1539.00,0,0,0
2023-08-07T04:17:04Z,24.22,60.26,98,0,24.72,102.07,198.00,1539.00,null,null,null
2023-08-07T04:18:04Z,24.23,60.24,98,0,25.22,102.07,203.00,1544.00,null,null,null
2023-08-07T04:19:04Z,24.24,60.17,98,0,43.62,102.07,201.00,1543.00,null,null,null
2023-08-07T04:20:04Z,24.22,60.33,98,0,29.94,102.08,199.00,1540.00,null,null,null
2023-08-07T04:21:04Z,24.22,60.22,98,0,22.78,102.07,201.00,1543.00,0,0,0
2023-08-07T04:22:04Z,24.23,60.26,98,0,26.93,102.07,193.00,1532.00,null,null,null
2023-08-07T04:23:04Z,24.27,60.18,99,0,28.22,102.07,191.00,1529.00,null,null,null
2023-08-07T04:24:04Z,24.23,60.15,98,0,24.89,102.07,181.00,1514.00,null,null,null
2023-08-07T04:25:04Z,24.24,60.24,98,0,27.96,102.07,193.00,1531.00,null,null,null
2023-08-07T04:26:04Z,24.24,60.18,98,0,33.50,102.07,198.00,1539.00,0,0,0
2023-08-07T04:27:04Z,24.26,60.27,98,0,24.68,102.08,198.00,1538.00,null,null,null
2023-08-07T04:28:04Z,24.26,60.15,98,0,26.73,102.08,178.00,1509.00,null,null,null
2023-08-07T04:29:04Z,24.26,60.31,98,0,26.62,102.07,177.00,1507.00,null,null,null
2023-08-07T04:30:04Z,24.26,60.23,98,0,22.66,102.08,174.00,1504.00,null,null,null
2023-08-07T04:31:04Z,24.24,60.25,98,0,25.76,102.07,176.00,1506.00,0,0,0
2023-08-07T04:32:04Z,24.24,60.27,98,0,23.77,102.08,189.00,1526.00,null,null,null
2023-08-07T04:33:04Z,24.26,60.16,98,0,25.09,102.08,189.00,1526.00,null,null,null
2023-08-07T04:34:04Z,24.26,60.12,98,0,23.30,102.08,170.00,1497.00,null,null,null
2023-08-07T04:35:04Z,24.26,60.23,98,0,29.01,102.08,175.00,1505.00,null,null,null
2023-08-07T04:36:04Z,24.27,60.15,98,0,24.76,102.08,170.00,1497.00,0,0,0
2023-08-07T04:37:04Z,24.24,60.06,98,0,26.73,102.08,170.00,1497.00,null,null,null
2023-08-07T04:38:04Z,24.24,60.20,98,0,24.86,102.08,189.00,1526.00,null,null,null
2023-08-07T04:39:04Z,24.27,60.33,98,0,27.78,102.08,198.00,1539.00,null,null,null
2023-08-07T04:40:04Z,24.26,60.25,98,0,26.80,102.08,172.00,1500.00,null,null,null
2023-08-07T04:41:04Z,24.26,60.19,98,0,25.32,102.08,174.00,1504.00,0,0,0
2023-08-07T04:42:04Z,24.27,60.18,98,0,29.21,102.08,173.00,1502.00,null,null,null
2023-08-07T04:43:04Z,24.29,60.16,98,0,23.10,102.08,177.00,1507.00,null,null,null
2023-08-07T04:44:04Z,24.27,60.25,98,0,24.96,102.08,173.00,1502.00,null,null,null
2023-08-07T04:45:04Z,24.27,60.07,98,0,24.11,102.08,165.00,1487.00,null,null,null
2023-08-07T04:46:04Z,24.26,60.01,98,0,22.99,102.08,176.00,1506.00,0,0,0
2023-08-07T04:47:04Z,24.29,60.06,98,0,29.18,102.08,172.00,1501.00,null,null,null
2023-08-07T04:48:04Z,24.26,60.08,98,0,23.90,102.08,166.00,1491.00,null,null,null
2023-08-07T04:49:04Z,24.27,60.13,98,0,24.96,102.08,171.00,1499.00,null,null,null
2023-08-07T04:50:04Z,24.27,60.06,98,0,26.03,102.08,171.00,1499.00,null,null,null
2023-08-07T04:51:04Z,24.27,60.16,98,0,24.68,102.08,171.00,1499.00,0,0,0
2023-08-07T04:52:04Z,24.27,60.10,98,0,26.14,102.09,174.00,1504.00,null,null,null
2023-08-07T04:53:04Z,24.29,60.18,98,0,23.40,102.09,171.00,1499.00,null,null,null
2023-08-07T04:54:04Z,24.29,60.29,98,0,24.31,102.09,171.00,1499.00,null,null,null
2023-08-07T04:55:04Z,24.29,60.25,98,0,26.38,102.09,169.00,1496.00,null,null,null
2023-08-07T04:56:04Z,24.29,60.31,98,0,26.38,102.09,168.00,1495.00,0,0,0
2023-08-07T04:57:04Z,24.30,60.12,98,0,25.13,102.09,168.00,1495.00,null,null,null
2023-08-07T04:58:04Z,24.29,60.14,98,0,26.80,102.09,170.00,1498.00,null,null,null
2023-08-07T04:59:04Z,24.30,59.99,98,0,27.08,102.09,169.00,1496.00,null,null,null
2023-08-07T05:00:04Z,24.27,60.09,98,0,26.97,102.09,169.00,1496.00,null,null,null
2023-08-07T05:01:04Z,24.29,60.33,98,0,25.95,102.09,164.00,1478.00,0,0,0
2023-08-07T05:02:04Z,24.30,60.09,98,0,25.35,102.09,162.00,1465.00,null,null,null
2023-08-07T05:03:04Z,24.30,59.97,98,0,24.27,102.09,168.00,1495.00,null,null,null
2023-08-07T05:04:04Z,24.30,60.19,98,0,22.05,102.09,163.00,1474.00,null,null,null
2023-08-07T05:05:04Z,24.29,60.12,98,0,26.60,102.09,168.00,1495.00,null,null,null
2023-08-07T05:06:04Z,24.30,60.19,98,0,27.16,102.09,172.00,1500.00,0,0,0
2023-08-07T05:07:04Z,24.33,60.08,98,0,40.15,102.09,163.00,1474.00,null,null,null
2023-08-07T05:08:04Z,24.33,60.13,98,0,21.41,102.09,163.00,1474.00,null,null,null
2023-08-07T05:09:04Z,24.32,60.16,98,0,25.92,102.09,168.00,1495.00,null,null,null
2023-08-07T05:10:04Z,24.30,60.25,98,0,24.27,102.09,167.00,1499.00,null,null,null
2023-08-07T05:11:04Z,24.30,60.26,98,0,25.70,102.10,160.00,1453.00,0,0,0
2023-08-07T05:12:04Z,24.33,60.25,98,0,28.58,102.10,155.00,1420.00,null,null,null
2023-08-07T05:13:04Z,24.32,60.17,98,0,26.03,102.09,159.00,1445.00,null,null,null
2023-08-07T05:14:04Z,24.32,60.28,98,0,26.93,102.09,170.00,1497.00,null,null,null
2023-08-07T05:15:04Z,24.30,60.35,98,0,28.25,102.09,164.00,1482.00,null,null,null
2023-08-07T05:16:04Z,24.30,60.25,98,0,25.59,102.10,164.00,1482.00,0,0,0
2023-08-07T05:17:04Z,24.29,60.17,98,0,25.47,102.09,164.00,1478.00,null,null,null
2023-08-07T05:18:04Z,24.30,60.10,98,0,25.41,102.10,166.00,1491.00,null,null,null
2023-08-07T05:19:04Z,24.33,60.23,98,0,25.50,102.10,166.00,1491.00,null,null,null
2023-08-07T05:20:04Z,24.32,60.25,98,0,26.55,102.10,168.00,1495.00,null,null,null
2023-08-07T05:21:04Z,24.30,60.23,98,0,28.52,102.10,166.00,1495.00,0,0,0
2023-08-07T05:22:04Z,24.30,60.17,98,0,29.79,102.10,168.00,1495.00,null,null,null
2023-08-07T05:23:04Z,24.30,60.18,98,0,29.28,102.10,159.00,1445.00,null,null,null
2023-08-07T05:24:04Z,24.33,60.32,98,0,28.81,102.10,168.00,1494.00,null,null,null
2023-08-07T05:25:04Z,24.30,60.23,98,0,26.69,102.10,163.00,1470.00,null,null,null
2023-08-07T05:26:04Z,24.32,60.60,99,0,29.07,102.10,168.00,1494.00,0,0,0
2023-08-07T05:27:04Z,24.33,60.54,98,0,28.01,102.09,165.00,1487.00,null,null,null
2023-08-07T05:28:04Z,24.33,60.71,98,0,26.08,102.10,165.00,1487.00,null,null,null
2023-08-07T05:29:04Z,24.30,60.38,98,0,26.57,102.09,156.00,1429.00,null,null,null
2023-08-07T05:30:04Z,24.33,60.39,98,0,26.43,102.09,161.00,1462.00,null,null,null
2023-08-07T05:31:04Z,24.32,60.45,98,0,23.10,102.09,164.00,1482.00,0,0,0
2023-08-07T05:32:04Z,24.32,60.49,98,0,26.46,102.09,164.00,1482.00,null,null,null
2023-08-07T05:33:04Z,24.32,60.33,98,0,26.64,102.09,161.00,1462.00,null,null,null
2023-08-07T05:34:04Z,24.33,60.22,98,0,24.93,102.09,155.00,1420.00,null,null,null
2023-08-07T05:35:04Z,24.32,60.57,98,0,23.77,102.09,157.00,1432.00,null,null,null
2023-08-07T05:36:04Z,24.30,60.33,98,0,27.20,102.09,155.00,1420.00,0,0,0
2023-08-07T05:37:04Z,24.33,60.25,98,0,28.14,102.09,154.00,1416.00,null,null,null
2023-08-07T05:38:04Z,24.34,60.37,98,0,28.02,102.09,160.00,1453.00,null,null,null
2023-08-07T05:39:04Z,24.32,60.33,99,0,25.53,102.09,160.00,1453.00,null,null,null
2023-08-07T05:40:04Z,24.33,60.42,98,0,27.69,102.09,160.00,1453.00,null,null,null
2023-08-07T05:41:04Z,24.33,60.40,98,0,25.90,102.09,162.00,1465.00,0,0,0
2023-08-07T05:42:04Z,24.32,60.43,98,0,23.49,102.10,158.00,1441.00,null,null,null
2023-08-07T05:43:04Z,24.33,60.28,98,0,25.92,102.10,162.00,1465.00,null,null,null
2023-08-07T05:44:04Z,24.33,60.37,98,0,26.95,102.09,167.00,1499.00,null,null,null
2023-08-07T05:45:04Z,24.34,60.23,98,0,27.45,102.10,158.00,1441.00,null,null,null
2023-08-07T05:46:04Z,24.30,60.58,98,0,26.48,102.10,164.00,1478.00,0,0,0
2023-08-07T05:47:04Z,24.32,60.45,98,0,24.79,102.10,158.00,1441.00,null,null,null
2023-08-07T05:48:04Z,24.32,60.44,98,0,28.17,102.10,161.00,1462.00,null,null,null
2023-08-07T05:49:04Z,24.33,60.61,98,0,29.58,102.09,161.00,1462.00,null,null,null
2023-08-07T05:50:04Z,24.30,60.48,98,0,26.91,102.09,161.00,1462.00,null,null,null
2023-08-07T05:51:04Z,24.30,60.43,98,0,26.80,102.09,161.00,1462.00,0,0,0
2023-08-07T05:52:04Z,24.32,60.38,98,0,29.90,102.09,156.00,1429.00,null,null,null
2023-08-07T05:53:04Z,24.33,60.58,98,0,25.98,102.09,165.00,1487.00,null,null,null
2023-08-07T05:54:04Z,24.32,60.47,98,0,25.98,102.09,160.00,1453.00,null,null,null
2023-08-07T05:55:04Z,24.32,60.43,98,0,25.00,102.09,164.00,1482.00,null,null,null
2023-08-07T05:56:04Z,24.30,60.62,98,0,28.66,102.09,164.00,1482.00,0,0,0
2023-08-07T05:57:04Z,24.33,60.49,98,0,25.44,102.09,159.00,1445.00,null,null,null
2023-08-07T05:58:04Z,24.33,60.75,98,0,24.61,102.09,159.00,1445.00,null,null,null
2023-08-07T05:59:04Z,24.30,60.98,98,0,29.43,102.08,161.00,1458.00,null,null,null
2023-08-07T06:00:04Z,24.34,60.81,98,0,25.95,102.08,155.00,1420.00,null,null,null
2023-08-07T06:01:04Z,24.30,60.66,98,0,27.94,102.09,161.00,1458.00,0,0,0
2023-08-07T06:02:04Z,24.33,60.49,98,0,27.16,102.09,157.00,1432.00,null,null,null
2023-08-07T06:03:04Z,24.32,60.49,98,0,23.90,102.08,163.00,1470.00,null,null,null
2023-08-07T06:04:04Z,24.32,60.45,98,0,27.87,102.09,167.00,1499.00,null,null,null
2023-08-07T06:05:04Z,24.33,60.44,99,0,23.49,102.09,167.00,1499.00,null,null,null
2023-08-07T06:06:04Z,24.30,60.59,98,0,27.82,102.09,166.00,1495.00,0,0,0
2023-08-07T06:07:04Z,24.32,60.63,98,0,24.93,102.09,175.00,1505.00,null,null,null
2023-08-07T06:08:04Z,24.32,60.52,98,0,24.72,102.09,175.00,1505.00,null,null,null
2023-08-07T06:09:04Z,24.32,60.63,98,0,26.71,102.09,170.00,1498.00,null,null,null
2023-08-07T06:10:04Z,24.33,60.84,98,0,27.96,102.10,174.00,1504.00,null,null,null
2023-08-07T06:11:04Z,24.32,61.22,99,0,32.01,102.10,167.00,1499.00,0,0,0
2023-08-07T06:12:04Z,24.32,60.88,98,0,31.20,102.10,172.00,1500.00,null,null,null
2023-08-07T06:13:04Z,24.29,60.74,99,0,28.63,102.10,166.00,1495.00,null,null,null
2023-08-07T06:14:04Z,24.30,60.57,98,0,33.17,102.10,165.00,1487.00,null,null,null
2023-08-07T06:15:04Z,24.29,60.51,98,0,27.20,102.10,165.00,1487.00,null,null,null
2023-08-07T06:16:04Z,24.24,60.52,98,0,35.69,102.10,155.00,1420.00,0,0,0
2023-08-07T06:17:04Z,24.24,60.55,98,0,32.34,102.10,174.00,1504.00,null,null,null
2023-08-07T06:18:04Z,24.26,60.57,98,0,28.25,102.10,171.00,1499.00,null,null,null
2023-08-07T06:19:04Z,24.27,60.41,98,0,34.34,102.10,154.00,1416.00,null,null,null
2023-08-07T06:20:04Z,24.23,60.50,98,0,24.79,102.10,151.00,1397.00,null,null,null
2023-08-07T06:21:04Z,24.24,60.36,98,0,25.73,102.11,174.00,1503.00,0,0,0
2023-08-07T06:22:04Z,24.27,60.51,98,0,23.10,102.11,170.00,1498.00,null,null,null
2023-08-07T06:23:04Z,24.27,60.33,98,0,24.89,102.11,159.00,1445.00,null,null,null
2023-08-07T06:24:04Z,24.27,60.16,98,0,24.96,102.11,150.00,1389.00,null,null,null
2023-08-07T06:25:04Z,24.29,60.21,98,0,29.21,102.11,152.00,1400.00,null,null,null
2023-08-07T06:26:04Z,24.27,60.21,98,0,24.19,102.11,155.00,1420.00,0,0,0
2023-08-07T06:27:04Z,24.29,60.15,98,0,26.64,102.12,155.00,1420.00,null,null,null
2023-08-07T06:28:04Z,24.29,60.20,98,0,26.06,102.11,146.00,1364.00,null,null,null
2023-08-07T06:29:04Z,24.29,60.31,98,0,22.66,102.12,151.00,1397.00,null,null,null
2023-08-07T06:30:04Z,24.30,60.38,98,0,25.38,102.12,150.00,1385.00,null,null,null
2023-08-07T06:31:04Z,24.30,60.30,98,0,23.68,102.12,148.00,1376.00,0,0,0
2023-08-07T06:32:04Z,24.32,60.25,98,0,24.50,102.12,151.00,1397.00,null,null,null
2023-08-07T06:33:04Z,24.27,60.34,98,0,24.19,102.12,143.00,1345.00,null,null,null
2023-08-07T06:34:04Z,24.29,60.21,98,0,24.68,102.12,156.00,1429.00,null,null,null
2023-08-07T06:35:04Z,24.29,60.32,99,0,24.72,102.12,150.00,1389.00,null,null,null
2023-08-07T06:36:04Z,24.29,60.15,98,0,25.19,102.11,151.00,1397.00,0,0,0
2023-08-07T06:37:04Z,24.30,60.17,98,0,26.71,102.12,150.00,1389.00,null,null,null
2023-08-07T06:38:04Z,24.29,60.16,98,0,25.29,102.12,148.00,1376.00,null,null,null
2023-08-07T06:39:04Z,24.29,60.17,98,0,24.03,102.12,148.00,1376.00,null,null,null
2023-08-07T06:40:04Z,24.29,60.16,98,0,25.19,102.12,148.00,1376.00,null,null,null
2023-08-07T06:41:04Z,24.27,60.20,98,0,25.22,102.12,143.00,1345.00,0,0,0
2023-08-07T06:42:04Z,24.27,60.24,98,0,26.11,102.13,143.00,1341.00,null,null,null
2023-08-07T06:43:04Z,24.32,60.08,99,0,26.03,102.12,143.00,1341.00,null,null,null
2023-08-07T06:44:04Z,24.29,60.01,98,0,26.69,102.12,148.00,1372.00,null,null,null
2023-08-07T06:45:04Z,24.30,59.89,98,0,44.41,102.12,143.00,1341.00,null,null,null
2023-08-07T06:46:04Z,24.26,59.99,98,0,43.36,102.12,139.00,1313.00,0,0,0
2023-08-07T06:47:04Z,24.27,59.64,98,0,32.90,102.12,135.00,1288.00,null,null,null
2023-08-07T06:48:04Z,24.23,59.40,98,0,33.40,102.12,130.00,1255.00,null,null,null
2023-08-07T06:49:04Z,24.23,59.20,98,0,36.94,102.12,146.00,1360.00,null,null,null
2023-08-07T06:50:04Z,24.22,59.24,98,0,42.00,102.12,144.00,1349.00,null,null,null
2023-08-07T06:51:04Z,24.19,59.15,98,0,33.55,102.12,144.00,1349.00,0,0,0
2023-08-07T06:52:04Z,24.19,59.33,98,0,37.28,102.12,141.00,1330.00,null,null,null
2023-08-07T06:53:04Z,24.16,59.11,98,0,33.11,102.13,141.00,1330.00,null,null,null
2023-08-07T06:54:04Z,24.16,59.75,98,0,33.71,102.13,143.00,1345.00,null,null,null
2023-08-07T06:55:04Z,24.15,59.81,98,0,34.12,102.12,160.00,1453.00,null,null,null
2023-08-07T06:56:04Z,24.12,59.50,98,0,33.97,102.13,183.00,1517.00,0,0,0
2023-08-07T06:57:04Z,24.15,59.19,98,0,34.06,102.13,181.00,1514.00,null,null,null
2023-08-07T06:58:04Z,24.12,59.11,98,0,33.12,102.13,173.00,1502.00,null,null,null
2023-08-07T06:59:04Z,24.10,59.00,98,0,34.11,102.13,164.00,1482.00,null,null,null
2023-08-07T07:00:04Z,24.06,58.99,98,0,35.31,102.14,164.00,1478.00,null,null,null
2023-08-07T07:01:04Z,24.06,58.87,98,0,31.65,102.14,151.00,1393.00,0,0,0
2023-08-07T07:02:04Z,24.09,60.30,98,0,34.57,102.14,142.00,1338.00,null,null,null
2023-08-07T07:03:04Z,24.06,60.11,98,0,32.72,102.14,165.00,1487.00,null,null,null
2023-08-07T07:04:04Z,24.06,59.91,98,0,36.66,102.14,181.00,1514.00,null,null,null
2023-08-07T07:05:04Z,24.06,59.82,98,0,33.03,102.14,172.00,1500.00,null,null,null
2023-08-07T07:06:04Z,24.03,59.84,98,0,32.33,102.14,166.00,1495.00,0,0,0
2023-08-07T07:07:04Z,24.05,59.63,98,0,30.30,102.14,163.00,1470.00,null,null,null
2023-08-07T07:08:04Z,24.02,59.44,98,0,36.60,102.14,160.00,1453.00,null,null,null
2023-08-07T07:09:04Z,24.03,59.46,98,0,30.14,102.14,160.00,1453.00,null,null,null
2023-08-07T07:10:04Z,24.03,59.34,98,0,33.93,102.14,151.00,1393.00,null,null,null
2023-08-07T07:11:04Z,24.01,59.59,98,0,40.41,102.14,150.00,1389.00,0,0,0
2023-08-07T07:12:04Z,23.99,59.78,98,0,32.37,102.14,146.00,1364.00,null,null,null
2023-08-07T07:13:04Z,24.03,60.00,98,0,28.58,102.14,162.00,1465.00,null,null,null
2023-08-07T07:14:04Z,24.01,60.58,98,0,30.10,102.14,165.00,1487.00,null,null,null
2023-08-07T07:15:04Z,23.98,60.60,98,0,36.10,102.14,172.00,1501.00,null,null,null
2023-08-07T07:16:04Z,23.98,60.33,98,0,34.21,102.14,177.00,1507.00,0,0,0
2023-08-07T07:17:04Z,23.98,60.01,98,0,36.19,102.14,166.00,1491.00,null,null,null
2023-08-07T07:18:04Z,23.99,60.22,98,0,32.54,102.15,172.00,1501.00,null,null,null
2023-08-07T07:19:04Z,23.98,60.03,98,0,35.73,102.14,168.00,1494.00,null,null,null
2023-08-07T07:20:04Z,23.98,59.90,98,0,39.13,102.15,172.00,1501.00,null,null,null
2023-08-07T07:21:04Z,23.94,59.88,98,0,32.28,102.15,163.00,1470.00,0,0,0
2023-08-07T07:22:04Z,23.94,60.32,98,0,null,102.15,168.00,1494.00,null,null,null
2023-08-07T07:23:04Z,23.96,60.21,98,0,30.60,102.15,170.00,1498.00,null,null,null
2023-08-07T07:24:04Z,23.94,60.14,98,0,27.14,102.16,168.00,1494.00,null,null,null
2023-08-07T07:25:04Z,23.96,60.09,98,0,28.66,102.15,172.00,1500.00,null,null,null
2023-08-07T07:26:04Z,23.99,60.15,98,0,34.81,102.15,172.00,1500.00,0,0,0
2023-08-07T07:27:04Z,23.94,60.00,98,0,30.22,102.15,172.00,1500.00,null,null,null
2023-08-07T07:28:04Z,23.98,59.79,98,0,32.10,102.15,167.00,1499.00,null,null,null
2023-08-07T07:29:04Z,23.93,59.86,98,0,35.34,102.15,157.00,1432.00,null,null,null
2023-08-07T07:30:04Z,23.92,60.15,98,0,36.38,102.15,157.00,1432.00,null,null,null
2023-08-07T07:31:04Z,23.93,60.13,99,0,34.01,102.14,157.00,1432.00,0,0,0
2023-08-07T07:32:04Z,23.92,60.09,98,0,34.25,102.14,156.00,1429.00,null,null,null
2023-08-07T07:33:04Z,23.94,59.89,98,2,34.07,102.14,156.00,1429.00,null,null,null
2023-08-07T07:34:04Z,23.92,59.82,98,2,36.27,102.14,151.00,1397.00,null,null,null
2023-08-07T07:35:04Z,23.92,59.86,98,0,33.22,102.14,147.00,1367.00,null,null,null
2023-08-07T07:36:04Z,23.92,60.35,98,0,33.96,102.14,151.00,1397.00,0,0,0
2023-08-07T07:37:04Z,23.93,60.06,98,0,39.48,102.14,154.00,1416.00,null,null,null
2023-08-07T07:38:04Z,23.92,59.87,98,2,32.19,102.14,151.00,1397.00,null,null,null
2023-08-07T07:39:04Z,23.90,59.72,98,2,35.20,102.14,151.00,1397.00,null,null,null
2023-08-07T07:40:04Z,23.90,59.70,98,0,27.18,102.14,152.00,1404.00,null,null,null
2023-08-07T07:41:04Z,23.92,59.43,98,0,24.43,102.14,148.00,1376.00,0,0,0
2023-08-07T07:42:04Z,23.90,59.35,98,0,24.03,102.14,148.00,1376.00,null,null,null
2023-08-07T07:43:04Z,23.94,59.25,98,0,26.36,102.14,143.00,1345.00,null,null,null
2023-08-07T07:44:04Z,23.92,59.23,98,0,30.21,102.14,143.00,1345.00,null,null,null
2023-08-07T07:45:04Z,23.93,59.16,99,0,25.76,102.13,146.00,1360.00,null,null,null
2023-08-07T07:46:04Z,23.92,59.18,98,0,26.93,102.13,146.00,1360.00,0,0,0
2023-08-07T07:47:04Z,23.94,59.19,98,0,28.58,102.13,145.00,1356.00,null,null,null
2023-08-07T07:48:04Z,23.96,59.11,98,0,28.12,102.13,142.00,1334.00,null,null,null
2023-08-07T07:49:04Z,23.93,59.09,98,0,28.11,102.13,145.00,1356.00,null,null,null
2023-08-07T07:50:04Z,23.94,59.12,98,0,31.37,102.12,142.00,1334.00,null,null,null
2023-08-07T07:51:04Z,23.94,59.15,98,0,25.29,102.12,141.00,1330.00,0,0,0
2023-08-07T07:52:04Z,23.93,59.07,98,0,28.15,102.12,141.00,1330.00,null,null,null
2023-08-07T07:53:04Z,23.96,59.10,98,0,28.07,102.12,141.00,1330.00,null,null,null
2023-08-07T07:54:04Z,23.94,59.02,98,0,29.47,102.12,141.00,1330.00,null,null,null
2023-08-07T07:55:04Z,23.94,59.08,98,0,29.09,102.12,144.00,1349.00,null,null,null
2023-08-07T07:56:04Z,23.94,59.19,98,0,26.08,102.12,140.00,1324.00,0,0,0
2023-08-07T07:57:04Z,23.94,59.14,98,0,26.69,102.11,144.00,1349.00,null,null,null
2023-08-07T07:58:04Z,23.98,59.03,98,0,27.22,102.11,140.00,1321.00,null,null,null
2023-08-07T07:59:04Z,23.96,58.91,98,0,27.22,102.11,140.00,1321.00,null,null,null
2023-08-07T08:00:04Z,23.94,58.86,98,1,28.19,102.11,139.00,1316.00,null,null,null
2023-08-07T08:01:04Z,23.96,59.12,98,1,24.39,102.12,143.00,1341.00,0,0,0
2023-08-07T08:02:04Z,23.96,59.19,98,1,28.34,102.11,135.00,1291.00,null,null,null
2023-08-07T08:03:04Z,24.01,59.09,98,1,30.01,102.12,142.00,1338.00,null,null,null
2023-08-07T08:04:04Z,23.96,58.81,98,1,24.58,102.11,142.00,1338.00,null,null,null
2023-08-07T08:05:04Z,23.96,59.09,98,1,28.55,102.12,146.00,1364.00,null,null,null
2023-08-07T08:06:04Z,23.98,59.19,98,1,27.90,102.12,139.00,1313.00,0,0,0
2023-08-07T08:07:04Z,23.96,58.90,98,1,28.44,102.12,134.00,1285.00,null,null,null
2023-08-07T08:08:04Z,23.99,59.05,98,1,25.16,102.12,134.00,1285.00,null,null,null
2023-08-07T08:09:04Z,23.98,58.81,98,1,27.69,102.12,138.00,1310.00,null,null,null
2023-08-07T08:10:04Z,23.99,59.05,98,1,25.06,102.12,142.00,1334.00,null,null,null
2023-08-07T08:11:04Z,23.98,59.16,98,1,24.43,102.12,137.00,1302.00,0,0,0
2023-08-07T08:12:04Z,23.98,58.93,99,1,26.95,102.12,137.00,1302.00,null,null,null
2023-08-07T08:13:04Z,23.99,58.98,99,1,26.08,102.12,137.00,1302.00,null,null,null
2023-08-07T08:14:04Z,23.99,59.15,98,1,27.69,102.12,145.00,1352.00,null,null,null
2023-08-07T08:15:04Z,23.98,59.36,98,1,27.44,102.12,140.00,1324.00,null,null,null
2023-08-07T08:16:04Z,23.96,58.94,98,2,28.80,102.12,138.00,1310.00,0,0,0
2023-08-07T08:17:04Z,23.98,59.23,98,2,24.89,102.12,149.00,1380.00,null,null,null
2023-08-07T08:18:04Z,23.98,59.15,98,2,24.79,102.12,140.00,1321.00,null,null,null
2023-08-07T08:19:04Z,23.98,59.23,98,2,29.03,102.11,148.00,1376.00,null,null,null
2023-08-07T08:20:04Z,23.96,59.33,98,2,28.57,102.11,148.00,1376.00,null,null,null
2023-08-07T08:21:04Z,23.94,59.17,99,2,26.64,102.12,146.00,1360.00,0,0,0
2023-08-07T08:22:04Z,23.99,59.45,98,2,28.61,102.12,143.00,1341.00,null,null,null
2023-08-07T08:23:04Z,23.98,59.39,98,2,26.08,102.11,150.00,1385.00,null,null,null
2023-08-07T08:24:04Z,23.99,59.50,98,1,26.21,102.12,145.00,1352.00,null,null,null
2023-08-07T08:25:04Z,23.96,59.52,98,1,27.02,102.12,145.00,1352.00,null,null,null
2023-08-07T08:26:04Z,23.96,59.38,98,1,27.80,102.12,149.00,1380.00,0,0,0
2023-08-07T08:27:04Z,23.98,59.48,98,1,28.19,102.12,144.00,1349.00,null,null,null
2023-08-07T08:28:04Z,23.99,59.96,98,1,29.27,102.12,157.00,1432.00,null,null,null
2023-08-07T08:29:04Z,24.02,59.74,98,1,26.50,102.12,159.00,1445.00,null,null,null
2023-08-07T08:30:04Z,24.01,60.00,98,1,24.96,102.12,157.00,1432.00,null,null,null
2023-08-07T08:31:04Z,23.98,59.93,98,1,26.82,102.12,159.00,1445.00,0,0,0
2023-08-07T08:32:04Z,23.99,60.06,98,1,27.77,102.12,154.00,1416.00,null,null,null
2023-08-07T08:33:04Z,23.99,60.03,98,1,30.22,102.12,157.00,1436.00,null,null,null
2023-08-07T08:34:04Z,24.01,60.00,98,1,28.11,102.12,162.00,1465.00,null,null,null
2023-08-07T08:35:04Z,24.01,59.97,98,1,27.85,102.12,166.00,1495.00,null,null,null
2023-08-07T08:36:04Z,24.01,60.15,99,1,28.64,102.12,171.00,1499.00,0,0,0
2023-08-07T08:37:04Z,24.01,60.15,98,1,27.71,102.12,161.00,1462.00,null,null,null
2023-08-07T08:38:04Z,24.02,60.42,98,1,27.26,102.12,166.00,1491.00,null,null,null
2023-08-07T08:39:04Z,24.02,59.90,99,1,26.57,102.13,168.00,1495.00,null,null,null
2023-08-07T08:40:04Z,23.99,60.00,98,1,27.40,102.13,161.00,1462.00,null,null,null
2023-08-07T08:41:04Z,24.01,59.74,98,1,25.29,102.13,164.00,1482.00,0,0,0
2023-08-07T08:42:04Z,24.02,59.80,98,1,28.50,102.13,163.00,1470.00,null,null,null
2023-08-07T08:43:04Z,24.02,59.94,99,1,28.58,102.14,160.00,1453.00,null,null,null
2023-08-07T08:44:04Z,24.01,60.02,98,1,29.12,102.14,160.00,1453.00,null,null,null
2023-08-07T08:45:04Z,24.01,59.87,98,1,28.31,102.14,164.00,1478.00,null,null,null
2023-08-07T08:46:04Z,24.01,59.90,98,1,24.54,102.14,164.00,1478.00,0,0,0
2023-08-07T08:47:04Z,24.02,60.10,98,1,26.87,102.14,159.00,1445.00,null,null,null
2023-08-07T08:48:04Z,24.03,60.19,98,1,27.22,102.14,158.00,1441.00,null,null,null
2023-08-07T08:49:04Z,24.03,60.00,98,1,25.59,102.14,168.00,1494.00,null,null,null
2023-08-07T08:50:04Z,24.02,60.20,98,1,24.46,102.14,163.00,1474.00,null,null,null
2023-08-07T08:51:04Z,24.05,60.04,98,1,28.14,102.14,173.00,1502.00,0,0,0
2023-08-07T08:52:04Z,24.03,59.89,98,1,31.66,102.14,167.00,1499.00,null,null,null
2023-08-07T08:53:04Z,24.05,60.05,98,1,28.37,102.14,172.00,1501.00,null,null,null
2023-08-07T08:54:04Z,24.05,60.03,98,1,27.57,102.14,177.00,1507.00,null,null,null
2023-08-07T08:55:04Z,24.06,59.77,98,1,29.58,102.14,167.00,1499.00,null,null,null
2023-08-07T08:56:04Z,24.05,59.75,98,1,31.37,102.14,166.00,1495.00,0,0,0
2023-08-07T08:57:04Z,24.06,60.22,98,0,25.67,102.15,166.00,1495.00,null,null,null
2023-08-07T08:58:04Z,24.08,60.58,98,0,29.58,102.15,166.00,1495.00,null,null,null
2023-08-07T08:59:04Z,24.08,60.65,98,0,24.79,102.14,170.00,1497.00,null,null,null
2023-08-07T09:00:04Z,24.08,60.54,98,0,26.03,102.15,178.00,1511.00,null,null,null
2023-08-07T09:01:04Z,24.09,60.25,98,1,26.82,102.14,184.00,1518.00,0,0,0
2023-08-07T09:02:04Z,24.10,60.42,98,1,33.07,102.13,178.00,1511.00,null,null,null
2023-08-07T09:03:04Z,24.09,60.51,98,0,26.57,102.13,177.00,1508.00,null,null,null
2023-08-07T09:04:04Z,24.10,60.58,98,2,28.68,102.14,177.00,1508.00,null,null,null
2023-08-07T09:05:04Z,24.10,60.60,98,1,30.78,102.14,182.00,1516.00,null,null,null
2023-08-07T09:06:04Z,24.10,60.56,98,0,26.84,102.13,182.00,1516.00,0,0,0
2023-08-07T09:07:04Z,24.13,60.50,98,1,27.53,102.13,182.00,1516.00,null,null,null
2023-08-07T09:08:04Z,24.13,60.69,98,1,27.78,102.13,182.00,1516.00,null,null,null
2023-08-07T09:09:04Z,24.12,60.71,98,1,27.10,102.13,193.00,1531.00,null,null,null
2023-08-07T09:10:04Z,24.15,60.64,99,0,29.92,102.14,187.00,1524.00,null,null,null
2023-08-07T09:11:04Z,24.12,60.81,98,0,33.27,102.13,192.00,1530.00,0,0,0
2023-08-07T09:12:04Z,24.15,60.70,98,0,44.01,102.14,184.00,1519.00,null,null,null
2023-08-07T09:13:04Z,24.17,60.62,98,1,31.77,102.14,192.00,1530.00,null,null,null
2023-08-07T09:14:04Z,24.15,60.49,98,0,29.37,102.13,191.00,1528.00,null,null,null
2023-08-07T09:15:04Z,24.16,60.41,99,0,24.43,102.13,186.00,1521.00,null,null,null
2023-08-07T09:16:04Z,24.16,60.52,99,2,41.36,102.13,186.00,1521.00,0,0,0
2023-08-07T09:17:04Z,24.16,60.39,98,0,28.85,102.13,186.00,1521.00,null,null,null
2023-08-07T09:18:04Z,24.17,60.65,98,0,31.44,102.13,185.00,1520.00,null,null,null
2023-08-07T09:19:04Z,24.19,60.47,98,2,27.47,102.13,185.00,1520.00,null,null,null
2023-08-07T09:20:04Z,24.17,60.62,98,0,27.73,102.13,190.00,1527.00,null,null,null
2023-08-07T09:21:04Z,24.17,60.62,98,0,44.91,102.13,193.00,1531.00,0,0,0
2023-08-07T09:22:04Z,24.20,60.57,98,0,24.43,102.13,184.00,1518.00,null,null,null
2023-08-07T09:23:04Z,24.20,60.31,98,1,27.45,102.12,184.00,1518.00,null,null,null
2023-08-07T09:24:04Z,24.19,60.45,98,0,29.35,102.12,188.00,1525.00,null,null,null
2023-08-07T09:25:04Z,24.20,60.36,98,0,27.14,102.12,187.00,1524.00,null,null,null
2023-08-07T09:26:04Z,24.17,60.51,98,1,27.60,102.12,183.00,1517.00,0,0,0
2023-08-07T09:27:04Z,24.20,60.45,98,1,29.18,102.12,183.00,1517.00,null,null,null
2023-08-07T09:28:04Z,24.20,60.51,98,1,31.19,102.12,187.00,1524.00,null,null,null
2023-08-07T09:29:04Z,24.20,59.94,98,2,32.29,102.11,177.00,1507.00,null,null,null
2023-08-07T09:30:04Z,24.20,59.65,98,1,36.06,102.11,168.00,1495.00,null,null,null
2023-08-07T09:31:04Z,24.17,59.74,98,1,31.18,102.12,171.00,1499.00,0,0,0
2023-08-07T09:32:04Z,24.20,59.85,98,1,27.10,102.11,176.00,1506.00,null,null,null
2023-08-07T09:33:04Z,24.17,60.26,98,1,38.35,102.12,173.00,1502.00,null,null,null
2023-08-07T09:34:04Z,24.19,59.62,98,1,40.03,102.11,162.00,1465.00,null,null,null
2023-08-07T09:35:04Z,24.17,59.46,98,1,40.80,102.12,156.00,1429.00,null,null,null
2023-08-07T09:36:04Z,24.16,59.43,98,1,38.29,102.12,151.00,1397.00,0,0,0
2023-08-07T09:37:04Z,24.17,59.35,98,1,49.87,102.12,151.00,1397.00,null,null,null
2023-08-07T09:38:04Z,24.17,59.23,98,1,49.27,102.12,148.00,1372.00,null,null,null
2023-08-07T09:39:04Z,24.16,59.42,98,1,29.99,102.12,150.00,1389.00,null,null,null
2023-08-07T09:40:04Z,24.17,59.40,98,1,29.96,102.11,151.00,1393.00,null,null,null
2023-08-07T09:41:04Z,24.15,57.95,99,1,35.15,102.12,138.00,1310.00,0,0,0
2023-08-07T09:42:04Z,24.12,57.11,98,1,32.15,102.12,118.00,1181.00,null,null,null
2023-08-07T09:43:04Z,24.09,56.96,98,0,30.52,102.12,106.00,1099.00,null,null,null
2023-08-07T09:44:04Z,24.08,56.90,99,2,45.29,102.12,103.00,1081.00,null,null,null
2023-08-07T09:45:04Z,24.01,56.48,98,1,27.44,102.12,88.00,981.00,null,null,null
2023-08-07T09:46:04Z,23.98,55.89,98,2,null,102.12,78.00,918.00,0,0,0
2023-08-07T09:47:04Z,23.90,55.33,98,2,28.70,102.12,65.00,830.00,null,null,null
2023-08-07T09:48:04Z,23.88,55.24,98,2,29.27,102.12,60.00,795.00,null,null,null
2023-08-07T09:49:04Z,23.78,55.36,98,2,28.64,102.12,51.00,735.00,null,null,null
2023-08-07T09:50:04Z,23.72,55.06,98,2,28.88,102.12,45.00,700.00,null,null,null
2023-08-07T09:51:04Z,23.69,55.77,98,1,34.73,102.12,51.00,735.00,0,0,0
2023-08-07T09:52:04Z,23.64,55.54,99,1,28.96,102.12,44.00,692.00,null,null,null
2023-08-07T09:53:04Z,23.59,55.61,98,2,30.80,102.12,45.00,699.00,null,null,null
2023-08-07T09:54:04Z,23.51,55.65,98,2,30.14,102.13,41.00,675.00,null,null,null
2023-08-07T09:55:04Z,23.52,55.95,98,2,34.00,102.12,43.00,686.00,null,null,null
2023-08-07T09:56:04Z,23.45,55.67,98,2,30.44,102.13,40.00,666.00,0,0,0
2023-08-07T09:57:04Z,23.45,56.30,98,0,31.02,102.12,35.00,631.00,null,null,null
2023-08-07T09:58:04Z,23.39,56.03,98,2,34.56,102.13,37.00,646.00,null,null,null
2023-08-07T09:59:04Z,23.37,56.23,98,2,30.39,102.12,37.00,646.00,null,null,null
2023-08-07T10:00:04Z,23.31,56.02,98,0,29.90,102.13,33.00,618.00,null,null,null
2023-08-07T10:01:04Z,23.30,55.84,98,2,29.50,102.13,31.00,605.00,0,0,0
2023-08-07T10:02:04Z,23.24,55.93,98,2,28.12,102.12,26.00,577.00,null,null,null
2023-08-07T10:03:04Z,23.21,56.01,98,1,27.84,102.12,25.00,567.00,null,null,null
2023-08-07T10:04:04Z,23.18,55.94,98,2,30.42,102.12,25.00,567.00,null,null,null
2023-08-07T10:05:04Z,23.11,55.82,98,2,31.44,102.12,23.00,551.00,null,null,null
2023-08-07T10:06:04Z,23.06,56.27,98,2,42.39,102.12,21.00,542.00,0,0,0
2023-08-07T10:07:04Z,23.04,55.97,98,2,29.69,102.13,18.00,524.00,null,null,null
2023-08-07T10:08:04Z,22.99,56.05,98,0,30.95,102.12,19.00,526.00,null,null,null
2023-08-07T10:09:04Z,22.96,56.36,98,0,31.84,102.12,19.00,531.00,null,null,null
2023-08-07T10:10:04Z,22.93,56.16,98,0,27.18,102.12,18.00,524.00,null,null,null
2023-08-07T10:11:04Z,22.90,56.15,98,0,33.62,102.12,17.00,517.00,0,0,0
2023-08-07T10:12:04Z,22.84,56.01,98,0,28.04,102.11,17.00,517.00,null,null,null
2023-08-07T10:13:04Z,22.84,56.16,98,0,33.98,102.11,15.00,503.00,null,null,null
2023-08-07T10:14:04Z,22.80,55.86,98,0,24.72,102.11,15.00,503.00,null,null,null
2023-08-07T10:15:04Z,22.73,55.43,98,0,26.84,102.11,13.00,487.00,null,null,null
2023-08-07T10:16:04Z,22.66,55.32,98,0,32.65,102.10,16.00,506.00,0,0,0
2023-08-07T10:17:04Z,22.60,55.53,98,1,28.61,102.10,9.00,463.00,null,null,null
2023-08-07T10:18:04Z,22.55,55.55,98,0,30.08,102.10,10.00,466.00,null,null,null
2023-08-07T10:19:04Z,22.51,55.39,98,1,27.62,102.10,5.00,438.00,null,null,null
2023-08-07T10:20:04Z,22.45,55.64,98,0,27.47,102.10,3.00,420.00,null,null,null
2023-08-07T10:21:04Z,22.39,56.03,98,2,27.38,102.10,3.00,425.00,0,0,0
2023-08-07T10:22:04Z,22.39,56.46,98,2,32.99,102.09,5.00,433.00,null,null,null
2023-08-07T10:23:04Z,22.33,56.28,98,2,30.57,102.09,6.00,445.00,null,null,null
2023-08-07T10:24:04Z,22.35,56.22,98,2,27.44,102.09,6.00,445.00,null,null,null
2023-08-07T10:25:04Z,22.33,56.16,98,2,28.11,102.09,9.00,462.00,null,null,null
2023-08-07T10:26:04Z,22.29,56.24,98,2,31.64,102.09,10.00,472.00,0,0,0
2023-08-07T10:27:04Z,22.26,55.96,98,0,43.51,102.09,9.00,461.00,null,null,null
2023-08-07T10:28:04Z,22.24,55.85,98,2,47.00,102.09,3.00,420.00,null,null,null
2023-08-07T10:29:04Z,22.21,55.77,98,2,41.25,102.08,5.00,439.00,null,null,null
2023-08-07T10:30:04Z,22.18,55.63,98,1,41.53,102.08,5.00,438.00,null,null,null
2023-08-07T10:31:04Z,22.14,55.62,98,1,47.13,102.08,5.00,435.00,0,0,0
2023-08-07T10:32:04Z,22.12,55.66,98,2,46.12,102.08,1.00,411.00,null,null,null
2023-08-07T10:33:04Z,22.09,55.72,98,1,52.32,102.08,3.00,421.00,null,null,null
2023-08-07T10:34:04Z,22.08,55.79,98,2,43.15,102.08,4.00,427.00,null,null,null
2023-08-07T10:35:04Z,22.04,55.67,98,2,39.36,102.08,5.00,436.00,null,null,null
2023-08-07T10:36:04Z,22.04,55.62,98,2,36.20,102.07,5.00,434.00,0,0,0
2023-08-07T10:37:04Z,22.00,55.58,98,0,43.82,102.07,0.00,400.00,null,null,null
2023-08-07T10:38:04Z,21.97,55.64,98,1,44.65,102.06,0.00,400.00,null,null,null
2023-08-07T10:39:04Z,21.91,55.46,98,1,32.45,102.06,0.00,400.00,null,null,null
2023-08-07T10:40:04Z,21.87,55.77,98,1,51.65,102.06,0.00,400.00,null,null,null
2023-08-07T10:41:04Z,21.80,55.76,98,1,31.72,102.06,1.00,407.00,0,0,0
2023-08-07T10:42:04Z,21.83,55.78,98,1,55.02,102.06,0.00,400.00,null,null,null
2023-08-07T10:43:04Z,21.78,55.23,98,0,49.44,102.07,1.00,410.00,null,null,null
2023-08-07T10:44:04Z,21.75,56.34,98,1,47.14,102.07,1.00,413.00,null,null,null
2023-08-07T10:45:04Z,21.75,56.97,98,1,38.49,102.07,5.00,433.00,null,null,null
2023-08-07T10:46:04Z,21.77,57.10,98,1,42.78,102.07,11.00,478.00,0,0,0
2023-08-07T10:47:04Z,21.81,57.18,98,0,41.25,102.06,11.00,478.00,null,null,null
2023-08-07T10:48:04Z,21.84,57.29,98,0,46.27,102.06,17.00,515.00,null,null,null
2023-08-07T10:49:04Z,21.90,57.36,98,0,46.09,102.06,21.00,539.00,null,null,null
2023-08-07T10:50:04Z,21.91,57.42,98,0,53.02,102.06,27.00,580.00,null,null,null
2023-08-07T10:51:04Z,21.93,57.40,98,0,35.35,102.05,29.00,596.00,0,0,0
2023-08-07T10:52:04Z,22.00,57.43,98,0,38.44,102.06,28.00,588.00,null,null,null
2023-08-07T10:53:04Z,22.02,57.36,98,0,51.52,102.06,32.00,614.00,null,null,null
2023-08-07T10:54:04Z,22.06,57.46,98,1,26.43,102.06,35.00,634.00,null,null,null
2023-08-07T10:55:04Z,22.06,57.48,98,0,43.47,102.05,41.00,675.00,null,null,null
2023-08-07T10:56:04Z,22.11,57.56,98,0,38.83,102.06,45.00,697.00,0,0,0
2023-08-07T10:57:04Z,22.15,57.54,98,0,54.15,102.06,46.00,708.00,null,null,null
2023-08-07T10:58:04Z,22.16,57.48,98,0,31.31,102.07,50.00,732.00,null,null,null
2023-08-07T10:59:04Z,22.21,57.56,98,0,27.64,102.06,55.00,765.00,null,null,null
2023-08-07T11:00:04Z,22.24,57.50,98,0,41.85,102.07,57.00,778.00,null,null,null
2023-08-07T11:01:04Z,22.22,57.59,98,0,44.27,102.07,61.00,806.00,0,0,0
2023-08-07T11:02:04Z,22.29,57.64,98,0,46.47,102.07,63.00,815.00,null,null,null
2023-08-07T11:03:04Z,22.33,57.62,98,0,28.87,102.06,56.00,772.00,null,null,null
2023-08-07T11:04:04Z,22.35,57.58,98,0,43.18,102.06,58.00,783.00,null,null,null
2023-08-07T11:05:04Z,22.38,57.62,98,0,40.49,102.06,62.00,810.00,null,null,null
2023-08-07T11:06:04Z,22.39,57.61,98,0,34.62,102.06,66.00,834.00,0,0,0
2023-08-07T11:07:04Z,22.42,57.65,98,0,39.98,102.06,63.00,817.00,null,null,null
2023-08-07T11:08:04Z,22.46,57.64,98,0,27.30,102.06,72.00,874.00,null,null,null
2023-08-07T11:09:04Z,22.48,57.65,98,1,34.60,102.06,74.00,887.00,null,null,null
2023-08-07T11:10:04Z,22.49,57.62,98,1,40.01,102.06,76.00,902.00,null,null,null
2023-08-07T11:11:04Z,22.51,57.67,98,1,39.50,102.05,76.00,902.00,0,0,0
2023-08-07T11:12:04Z,22.53,57.59,98,1,51.33,102.05,76.00,902.00,null,null,null
2023-08-07T11:13:04Z,22.59,57.64,98,0,38.79,102.05,76.00,902.00,null,null,null
2023-08-07T11:14:04Z,22.59,57.64,98,1,23.68,102.06,83.00,949.00,null,null,null
2023-08-07T11:15:04Z,22.63,57.51,98,1,28.48,102.06,83.00,949.00,null,null,null
2023-08-07T11:16:04Z,22.64,57.55,98,0,25.09,102.06,85.00,964.00,0,0,0
2023-08-07T11:17:04Z,22.69,57.55,98,0,25.95,102.06,83.00,949.00,null,null,null
2023-08-07T11:18:04Z,22.70,57.50,98,0,28.36,102.06,85.00,959.00,null,null,null
2023-08-07T11:19:04Z,22.67,57.40,98,0,26.03,102.06,90.00,992.00,null,null,null
2023-08-07T11:20:04Z,22.73,57.38,98,0,60.28,102.07,87.00,972.00,null,null,null
2023-08-07T11:21:04Z,22.74,57.39,98,0,64.15,102.06,87.00,972.00,0,0,0
2023-08-07T11:22:04Z,22.77,57.41,98,1,56.22,102.06,86.00,970.00,null,null,null
2023-08-07T11:23:04Z,22.80,57.40,98,0,71.82,102.07,77.00,907.00,null,null,null
2023-08-07T11:24:04Z,22.80,57.25,98,0,63.02,102.07,82.00,942.00,null,null,null
2023-08-07T11:25:04Z,22.82,57.23,98,0,66.59,102.07,81.00,935.00,null,null,null
2023-08-07T11:26:04Z,22.84,57.23,98,0,55.07,102.07,83.00,949.00,0,0,0
2023-08-07T11:27:04Z,22.86,57.28,98,1,64.39,102.07,79.00,925.00,null,null,null
2023-08-07T11:28:04Z,22.89,57.57,98,1,62.71,102.06,76.00,902.00,null,null,null
2023-08-07T11:29:04Z,22.89,57.86,98,1,63.30,102.06,81.00,933.00,null,null,null
2023-08-07T11:30:04Z,22.92,57.80,98,1,59.33,102.05,84.00,954.00,null,null,null
2023-08-07T11:31:04Z,22.92,58.06,98,1,62.46,102.05,84.00,954.00,0,0,0
2023-08-07T11:32:04Z,22.96,57.80,98,0,59.57,102.06,84.00,954.00,null,null,null
2023-08-07T11:33:04Z,22.96,57.76,98,0,46.19,102.06,86.00,967.00,null,null,null
2023-08-07T11:34:04Z,22.99,57.51,98,0,53.90,102.06,88.00,983.00,null,null,null
2023-08-07T11:35:04Z,23.00,57.64,98,0,60.15,102.06,87.00,977.00,null,null,null
2023-08-07T11:36:04Z,23.02,57.54,98,1,57.95,102.06,87.00,977.00,0,0,0
2023-08-07T11:37:04Z,23.06,57.39,98,2,63.85,102.05,87.00,975.00,null,null,null
2023-08-07T11:38:04Z,23.06,57.31,98,1,54.04,102.05,87.00,975.00,null,null,null
2023-08-07T11:39:04Z,23.07,57.40,98,1,66.34,102.05,87.00,975.00,null,null,null
2023-08-07T11:40:04Z,23.07,57.15,98,0,69.31,102.05,87.00,975.00,null,null,null
2023-08-07T11:41:04Z,23.07,57.23,98,3,68.77,102.05,86.00,967.00,0,0,0
2023-08-07T11:42:04Z,23.11,56.02,99,3,74.04,102.05,86.00,967.00,null,null,null
2023-08-07T11:43:04Z,23.08,54.94,98,3,55.06,102.05,79.00,923.00,null,null,null
2023-08-07T11:44:04Z,23.08,54.36,98,2,70.16,102.05,68.00,851.00,null,null,null
2023-08-07T11:45:04Z,23.03,53.71,98,1,71.41,102.05,51.00,740.00,null,null,null
2023-08-07T11:46:04Z,22.99,53.37,98,1,57.30,102.05,41.00,674.00,0,0,0
2023-08-07T11:47:04Z,22.94,53.30,98,2,56.16,102.05,34.00,626.00,null,null,null
2023-08-07T11:48:04Z,22.94,53.03,98,2,66.25,102.04,30.00,597.00,null,null,null
2023-08-07T11:49:04Z,22.92,52.59,98,2,67.63,102.04,19.00,527.00,null,null,null
2023-08-07T11:50:04Z,22.87,52.57,98,1,68.31,102.04,19.00,526.00,null,null,null
2023-08-07T11:51:04Z,22.83,52.39,98,1,54.16,102.03,15.00,505.00,0,0,0
2023-08-07T11:52:04Z,22.80,52.34,98,1,59.43,102.03,14.00,498.00,null,null,null
2023-08-07T11:53:04Z,22.77,52.00,98,1,72.03,102.03,11.00,478.00,null,null,null
2023-08-07T11:54:04Z,22.76,52.30,98,1,69.06,102.03,10.00,472.00,null,null,null
2023-08-07T11:55:04Z,22.73,52.20,98,1,74.78,102.03,7.00,451.00,null,null,null
2023-08-07T11:56:04Z,22.69,52.26,98,1,54.40,102.03,12.00,483.00,0,0,0
2023-08-07T11:57:04Z,22.66,52.28,99,1,72.54,102.03,8.00,457.00,null,null,null
2023-08-07T11:58:04Z,22.69,52.39,98,1,29.44,102.04,9.00,464.00,null,null,null
2023-08-07T11:59:04Z,22.62,52.13,98,0,58.43,102.04,9.00,464.00,null,null,null
2023-08-07T12:00:04Z,22.60,52.15,98,0,66.13,102.03,9.00,460.00,null,null,null
2023-08-07T12:01:04Z,22.56,52.20,98,0,52.03,102.04,8.00,454.00,0,0,0
2023-08-07T12:02:04Z,22.55,52.10,98,0,60.72,102.04,3.00,423.00,null,null,null
2023-08-07T12:03:04Z,22.53,51.90,98,0,61.86,102.03,4.00,428.00,null,null,null
2023-08-07T12:04:04Z,22.51,51.84,98,0,48.52,102.03,2.00,416.00,null,null,null
2023-08-07T12:05:04Z,22.46,51.84,98,0,58.84,102.03,3.00,422.00,null,null,null
2023-08-07T12:06:04Z,22.43,52.08,98,0,62.81,102.02,1.00,411.00,0,0,0
2023-08-07T12:07:04Z,22.43,52.29,98,0,55.40,102.03,0.00,400.00,null,null,null
2023-08-07T12:08:04Z,22.41,52.64,98,1,53.88,102.02,1.00,407.00,null,null,null
2023-08-07T12:09:04Z,22.38,52.65,98,1,57.26,102.01,1.00,411.00,null,null,null
2023-08-07T12:10:04Z,22.39,52.47,98,1,56.63,102.02,4.00,427.00,null,null,null
2023-08-07T12:11:04Z,22.36,52.71,98,1,58.73,102.01,3.00,423.00,0,0,0
2023-08-07T12:12:04Z,22.35,52.55,98,1,62.11,102.01,3.00,423.00,null,null,null
2023-08-07T12:13:04Z,22.35,52.37,98,1,57.50,102.01,1.00,407.00,null,null,null
2023-08-07T12:14:04Z,22.26,52.26,98,1,51.13,102.01,0.00,400.00,null,null,null
2023-08-07T12:15:04Z,22.26,52.10,98,1,52.50,102.01,0.00,400.00,null,null,null
2023-08-07T12:16:04Z,22.25,52.32,98,1,53.03,102.01,0.00,400.00,0,0,0
2023-08-07T12:17:04Z,22.22,52.29,98,2,54.49,102.01,0.00,401.00,null,null,null
2023-08-07T12:18:04Z,22.21,52.45,98,1,63.87,102.01,5.00,438.00,null,null,null
2023-08-07T12:19:04Z,22.18,52.61,98,1,58.22,102.01,6.00,445.00,null,null,null
2023-08-07T12:20:04Z,22.16,52.76,98,1,46.53,102.00,8.00,456.00,null,null,null
2023-08-07T12:21:04Z,22.15,52.74,98,1,54.92,102.00,8.00,456.00,0,0,0
2023-08-07T12:22:04Z,22.15,52.74,98,0,55.57,102.00,3.00,425.00,null,null,null
2023-08-07T12:23:04Z,22.14,52.81,98,0,62.84,102.00,3.00,421.00,null,null,null
2023-08-07T12:24:04Z,22.06,52.88,98,0,66.55,102.00,2.00,416.00,null,null,null
2023-08-07T12:25:04Z,22.06,53.03,98,0,47.79,102.00,2.00,415.00,null,null,null
2023-08-07T12:26:04Z,22.06,53.11,98,0,54.09,102.00,5.00,439.00,0,0,0
2023-08-07T12:27:04Z,22.05,53.03,98,0,62.95,102.00,3.00,420.00,null,null,null
2023-08-07T12:28:04Z,22.08,52.88,98,0,51.74,102.00,3.00,424.00,null,null,null
2023-08-07T12:29:04Z,22.04,53.07,98,0,45.19,102.00,3.00,422.00,null,null,null
2023-08-07T12:30:04Z,22.01,53.12,98,1,49.58,102.00,3.00,422.00,null,null,null
2023-08-07T12:31:04Z,21.98,53.42,99,1,60.87,102.00,3.00,422.00,0,0,0
2023-08-07T12:32:04Z,22.02,53.28,98,0,53.35,102.00,2.00,417.00,null,null,null
2023-08-07T12:33:04Z,22.01,53.38,98,1,57.07,101.99,5.00,436.00,null,null,null
2023-08-07T12:34:04Z,22.00,53.56,98,1,57.21,101.99,7.00,447.00,null,null,null
2023-08-07T12:35:04Z,22.00,53.52,98,1,62.13,101.99,6.00,443.00,null,null,null
2023-08-07T12:36:04Z,22.00,53.56,98,0,59.37,101.99,6.00,443.00,0,0,0
2023-08-07T12:37:04Z,22.00,53.77,98,0,51.28,101.98,6.00,442.00,null,null,null
2023-08-07T12:38:04Z,21.98,53.58,98,0,50.25,101.99,7.00,446.00,null,null,null
2023-08-07T12:39:04Z,22.00,53.42,98,0,55.07,101.99,8.00,457.00,null,null,null
2023-08-07T12:40:04Z,21.98,53.42,98,0,57.91,101.99,7.00,451.00,null,null,null
2023-08-07T12:41:04Z,21.97,53.08,98,0,54.87,101.99,6.00,444.00,0,0,0
2023-08-07T12:42:04Z,21.95,53.08,99,0,50.53,101.99,3.00,424.00,null,null,null
2023-08-07T12:43:04Z,21.97,52.93,98,0,52.05,101.99,5.00,433.00,null,null,null
2023-08-07T12:44:04Z,21.95,53.08,98,0,58.86,101.99,3.00,424.00,null,null,null
2023-08-07T12:45:04Z,21.94,52.93,98,1,59.39,101.99,2.00,417.00,null,null,null
2023-08-07T12:46:04Z,21.93,52.96,98,1,69.02,101.99,4.00,432.00,0,0,0
2023-08-07T12:47:04Z,21.94,53.13,98,1,53.76,101.99,1.00,413.00,null,null,null
2023-08-07T12:48:04Z,21.91,53.10,98,2,64.61,101.98,2.00,417.00,null,null,null
2023-08-07T12:49:04Z,21.93,53.17,98,3,63.94,101.98,1.00,413.00,null,null,null
2023-08-07T12:50:04Z,21.91,53.13,98,2,46.71,101.98,2.00,417.00,null,null,null
2023-08-07T12:51:04Z,21.90,53.43,98,3,30.82,101.98,6.00,443.00,0,0,0
2023-08-07T12:52:04Z,21.88,53.38,98,0,69.82,101.98,4.00,432.00,null,null,null
2023-08-07T12:53:04Z,21.91,53.75,98,0,60.67,101.98,0.00,401.00,null,null,null
2023-08-07T12:54:04Z,21.91,53.75,98,0,59.81,101.97,8.00,454.00,null,null,null
2023-08-07T12:55:04Z,21.93,54.06,98,0,61.82,101.97,12.00,483.00,null,null,null
2023-08-07T12:56:04Z,21.94,54.01,98,0,52.31,101.97,18.00,524.00,0,0,0
2023-08-07T12:57:04Z,21.98,54.14,98,0,66.79,101.97,20.00,536.00,null,null,null
2023-08-07T12:58:04Z,21.98,53.93,98,0,47.44,101.97,25.00,567.00,null,null,null
2023-08-07T12:59:04Z,22.00,54.03,98,0,27.16,101.97,28.00,589.00,null,null,null
2023-08-07T13:00:04Z,22.00,54.10,98,0,24.89,101.97,30.00,603.00,null,null,null
2023-08-07T13:01:04Z,22.02,54.12,98,0,76.43,101.97,36.00,641.00,0,0,0
2023-08-07T13:02:04Z,22.04,54.15,98,0,74.66,101.98,34.00,626.00,null,null,null
2023-08-07T13:03:04Z,22.05,54.13,98,0,75.75,101.97,36.00,641.00,null,null,null
2023-08-07T13:04:04Z,22.06,54.17,98,0,79.90,101.97,37.00,649.00,null,null,null
2023-08-07T13:05:04Z,22.08,54.24,98,0,75.89,101.97,42.00,678.00,null,null,null
2023-08-07T13:06:04Z,22.08,54.20,98,0,79.25,101.97,43.00,686.00,0,0,0
2023-08-07T13:07:04Z,22.11,54.18,98,0,74.78,101.98,42.00,678.00,null,null,null
2023-08-07T13:08:04Z,22.12,54.21,98,0,81.33,101.97,43.00,686.00,null,null,null
2023-08-07T13:09:04Z,22.12,54.31,98,0,30.35,101.97,47.00,715.00,null,null,null
2023-08-07T13:10:04Z,22.12,54.18,98,0,36.15,101.97,51.00,735.00,null,null,null
2023-08-07T13:11:04Z,22.15,54.27,98,0,28.50,101.97,53.00,752.00,0,0,0
2023-08-07T13:12:04Z,22.18,54.21,98,0,27.06,101.97,52.00,744.00,null,null,null
2023-08-07T13:13:04Z,22.19,54.24,98,0,26.14,101.97,55.00,763.00,null,null,null
2023-08-07T13:14:04Z,22.21,54.33,98,0,26.14,101.97,56.00,774.00,null,null,null
2023-08-07T13:15:04Z,22.19,54.34,98,0,26.87,101.97,55.00,765.00,null,null,null
2023-08-07T13:16:04Z,22.21,54.29,98,0,27.02,101.98,59.00,791.00,0,0,0
2023-08-07T13:17:04Z,22.24,54.16,98,0,37.88,101.98,55.00,763.00,null,null,null
2023-08-07T13:18:04Z,22.24,54.27,98,0,27.57,101.98,58.00,783.00,null,null,null
2023-08-07T13:19:04Z,22.25,54.31,98,0,27.06,101.97,58.00,787.00,null,null,null
2023-08-07T13:20:04Z,22.26,54.22,98,0,28.52,101.97,51.00,735.00,null,null,null
2023-08-07T13:21:04Z,22.26,54.30,98,0,29.35,101.97,52.00,742.00,0,0,0
2023-08-07T13:22:04Z,22.28,54.28,98,0,41.07,101.97,50.00,733.00,null,null,null
2023-08-07T13:23:04Z,22.29,54.26,98,0,25.62,101.98,52.00,742.00,null,null,null
2023-08-07T13:24:04Z,22.31,54.26,98,0,27.90,101.98,53.00,754.00,null,null,null
2023-08-07T13:25:04Z,22.31,54.32,98,0,25.47,101.97,55.00,763.00,null,null,null
2023-08-07T13:26:04Z,22.32,54.33,98,0,25.95,101.97,55.00,763.00,0,0,0
2023-08-07T13:27:04Z,22.33,54.26,98,0,28.02,101.98,53.00,749.00,null,null,null
2023-08-07T13:28:04Z,22.33,54.33,98,0,24.68,101.97,55.00,763.00,null,null,null
2023-08-07T13:29:04Z,22.35,54.26,99,0,32.24,101.98,57.00,776.00,null,null,null
2023-08-07T13:30:04Z,22.33,54.30,98,3,53.60,101.98,57.00,776.00,null,null,null
2023-08-07T13:31:04Z,22.33,54.33,98,0,38.80,101.98,57.00,776.00,0,0,0
2023-08-07T13:32:04Z,22.38,54.37,98,0,55.61,101.98,57.00,776.00,null,null,null
2023-08-07T13:33:04Z,22.38,54.36,98,0,31.60,101.98,56.00,774.00,null,null,null
2023-08-07T13:34:04Z,22.39,54.37,98,0,44.41,101.98,61.00,802.00,null,null,null
2023-08-07T13:35:04Z,22.39,54.22,98,0,56.31,101.98,58.00,785.00,null,null,null
2023-08-07T13:36:04Z,22.36,54.35,98,0,48.73,101.98,62.00,810.00,0,0,0
2023-08-07T13:37:04Z,22.42,54.25,98,0,55.25,101.98,57.00,780.00,null,null,null
2023-08-07T13:38:04Z,22.42,54.31,98,0,43.97,101.98,60.00,798.00,null,null,null
2023-08-07T13:39:04Z,22.41,54.39,98,5,53.64,101.98,60.00,798.00,null,null,null
2023-08-07T13:40:04Z,22.41,54.32,98,0,43.88,101.98,61.00,806.00,null,null,null
2023-08-07T13:41:04Z,22.41,54.43,98,3,30.86,101.98,61.00,804.00,0,0,0
2023-08-07T13:42:04Z,22.43,54.34,99,3,38.37,101.98,60.00,795.00,null,null,null
2023-08-07T13:43:04Z,22.45,54.37,98,5,41.08,101.98,57.00,778.00,null,null,null
2023-08-07T13:44:04Z,22.45,54.36,99,0,47.45,101.99,59.00,791.00,null,null,null
2023-08-07T13:45:04Z,22.46,54.35,98,5,42.00,101.99,60.00,800.00,null,null,null
2023-08-07T13:46:04Z,22.46,54.45,98,5,52.77,101.98,60.00,800.00,0,0,0
2023-08-07T13:47:04Z,22.43,54.64,98,5,52.07,101.98,59.00,791.00,null,null,null
2023-08-07T13:48:04Z,22.49,54.98,98,6,42.26,101.98,58.00,787.00,null,null,null
2023-08-07T13:49:04Z,22.49,55.06,98,6,39.01,101.98,58.00,787.00,null,null,null
2023-08-07T13:50:04Z,22.49,55.08,98,0,44.40,101.98,58.00,787.00,null,null,null
2023-08-07T13:51:04Z,22.51,55.56,98,0,46.18,101.98,65.00,827.00,0,0,0
2023-08-07T13:52:04Z,22.53,55.69,98,0,54.76,101.99,69.00,855.00,null,null,null
2023-08-07T13:53:04Z,22.53,55.64,98,0,49.55,101.99,75.00,897.00,null,null,null
2023-08-07T13:54:04Z,22.59,55.74,98,7,58.50,101.98,80.00,927.00,null,null,null
2023-08-07T13:55:04Z,22.59,55.78,98,7,54.43,101.98,83.00,945.00,null,null,null
2023-08-07T13:56:04Z,22.62,55.79,98,0,37.50,101.99,86.00,970.00,0,0,0
2023-08-07T13:57:04Z,22.64,55.79,98,3,58.51,101.98,91.00,1001.00,null,null,null
2023-08-07T13:58:04Z,22.64,55.80,98,6,54.71,101.99,98.00,1044.00,null,null,null
2023-08-07T13:59:04Z,22.69,55.84,98,3,52.27,101.98,98.00,1044.00,null,null,null
2023-08-07T14:00:04Z,22.70,55.84,98,3,48.04,101.98,100.00,1060.00,null,null,null
2023-08-07T14:01:04Z,22.70,55.84,98,5,35.12,101.98,102.00,1074.00,0,0,0
2023-08-07T14:02:04Z,22.73,55.82,98,5,55.06,101.98,102.00,1074.00,null,null,null
2023-08-07T14:03:04Z,22.76,55.80,98,3,37.10,101.98,102.00,1074.00,null,null,null
2023-08-07T14:04:04Z,22.76,55.84,98,0,59.32,101.99,90.00,997.00,null,null,null
2023-08-07T14:05:04Z,22.77,55.90,98,0,51.66,101.99,93.00,1012.00,null,null,null
2023-08-07T14:06:04Z,22.77,55.84,98,0,44.13,101.98,96.00,1035.00,0,0,0
2023-08-07T14:07:04Z,22.84,55.87,98,2,60.10,101.99,93.00,1012.00,null,null,null
2023-08-07T14:08:04Z,22.84,55.87,98,0,46.32,101.98,93.00,1012.00,null,null,null
2023-08-07T14:09:04Z,22.84,55.87,98,2,35.63,101.99,97.00,1041.00,null,null,null
2023-08-07T14:10:04Z,22.86,55.86,98,3,27.34,101.99,100.00,1062.00,null,null,null
2023-08-07T14:11:04Z,22.89,55.78,98,2,55.54,101.99,100.00,1062.00,0,0,0
2023-08-07T14:12:04Z,22.89,55.76,98,0,53.97,101.99,103.00,1077.00,null,null,null
2023-08-07T14:13:04Z,22.92,55.85,98,2,34.56,101.98,102.00,1074.00,null,null,null
2023-08-07T14:14:04Z,22.93,55.48,98,2,26.48,101.98,100.00,1060.00,null,null,null
2023-08-07T14:15:04Z,22.94,55.65,98,0,25.92,101.98,98.00,1047.00,null,null,null
2023-08-07T14:16:04Z,22.93,55.69,98,2,27.32,101.98,101.00,1068.00,0,0,0
2023-08-07T14:17:04Z,22.96,55.85,98,3,28.52,101.98,101.00,1065.00,null,null,null
2023-08-07T14:18:04Z,22.99,55.24,98,3,27.62,101.97,99.00,1056.00,null,null,null
2023-08-07T14:19:04Z,22.99,55.32,98,3,24.54,101.97,99.00,1056.00,null,null,null
2023-08-07T14:20:04Z,22.97,55.33,98,0,26.50,101.97,98.00,1044.00,null,null,null
2023-08-07T14:21:04Z,22.99,55.55,98,0,24.93,101.97,100.00,1060.00,0,0,0
2023-08-07T14:22:04Z,23.04,55.55,99,0,25.00,101.97,100.00,1060.00,null,null,null
2023-08-07T14:23:04Z,23.04,55.33,98,0,27.18,101.96,102.00,1074.00,null,null,null
2023-08-07T14:24:04Z,23.06,55.36,98,0,24.50,101.96,105.00,1095.00,null,null,null
2023-08-07T14:25:04Z,23.06,55.08,98,0,23.98,101.96,105.00,1095.00,null,null,null
2023-08-07T14:26:04Z,23.03,55.21,99,0,28.04,101.96,104.00,1086.00,0,0,0
2023-08-07T14:27:04Z,23.06,55.36,98,0,27.26,101.95,99.00,1050.00,null,null,null
2023-08-07T14:28:04Z,23.08,55.01,98,0,26.03,101.96,100.00,1060.00,null,null,null
2023-08-07T14:29:04Z,23.08,54.98,98,0,25.53,101.95,97.00,1041.00,null,null,null
2023-08-07T14:30:04Z,23.06,54.95,98,0,26.48,101.95,97.00,1041.00,null,null,null
2023-08-07T14:31:04Z,23.06,54.92,98,0,26.38,101.96,100.00,1062.00,0,0,0
2023-08-07T14:32:04Z,23.11,54.88,98,3,27.38,101.95,97.00,1041.00,null,null,null
2023-08-07T14:33:04Z,23.11,55.02,98,5,25.53,101.95,97.00,1038.00,null,null,null
2023-08-07T14:34:04Z,23.11,54.96,98,5,25.59,101.95,97.00,1038.00,null,null,null
2023-08-07T14:35:04Z,23.10,54.72,98,3,27.22,101.95,97.00,1038.00,null,null,null
2023-08-07T14:36:04Z,23.11,54.82,98,6,27.36,101.95,99.00,1050.00,0,0,0
2023-08-07T14:37:04Z,23.15,55.05,98,6,27.62,101.95,95.00,1029.00,null,null,null
2023-08-07T14:38:04Z,23.17,54.73,98,5,25.76,101.95,97.00,1038.00,null,null,null
2023-08-07T14:39:04Z,23.15,54.93,98,6,28.64,101.95,102.00,1071.00,null,null,null
2023-08-07T14:40:04Z,23.15,54.79,98,2,27.85,101.95,97.00,1038.00,null,null,null
2023-08-07T14:41:04Z,23.14,54.86,98,0,27.20,101.95,97.00,1038.00,0,0,0
2023-08-07T14:42:04Z,23.15,54.89,98,6,25.87,101.95,96.00,1032.00,null,null,null
2023-08-07T14:43:04Z,23.17,54.85,98,7,27.71,101.94,96.00,1032.00,null,null,null
2023-08-07T14:44:04Z,23.18,54.77,98,6,25.62,101.94,99.00,1053.00,null,null,null
2023-08-07T14:45:04Z,23.17,54.97,98,7,27.40,101.95,96.00,1032.00,null,null,null
2023-08-07T14:46:04Z,23.17,54.81,98,0,24.46,101.94,99.00,1050.00,0,0,0
2023-08-07T14:47:04Z,23.18,54.92,99,8,27.64,101.94,99.00,1050.00,null,null,null
2023-08-07T14:48:04Z,23.21,54.79,98,8,25.06,101.94,99.00,1050.00,null,null,null
2023-08-07T14:49:04Z,23.18,54.62,98,8,28.93,101.95,99.00,1050.00,null,null,null
2023-08-07T14:50:04Z,23.18,54.87,98,7,30.82,101.94,102.00,1074.00,null,null,null
2023-08-07T14:51:04Z,23.15,54.81,98,5,29.25,101.95,100.00,1062.00,0,0,0
2023-08-07T14:52:04Z,23.20,54.76,98,5,29.84,101.94,98.00,1047.00,null,null,null
2023-08-07T14:53:04Z,23.20,54.66,99,5,27.18,101.95,98.00,1044.00,null,null,null
2023-08-07T14:54:04Z,23.21,54.69,98,5,28.01,101.94,99.00,1056.00,null,null,null
2023-08-07T14:55:04Z,23.20,54.92,98,3,25.53,101.95,99.00,1056.00,null,null,null
2023-08-07T14:56:04Z,23.23,54.84,98,3,24.93,101.95,98.00,1044.00,0,0,0
2023-08-07T14:57:04Z,23.24,54.86,98,3,27.34,101.95,97.00,1041.00,null,null,null
2023-08-07T14:58:04Z,23.24,54.84,98,3,23.94,101.95,97.00,1041.00,null,null,null
2023-08-07T14:59:04Z,23.24,54.83,98,3,28.98,101.95,99.00,1056.00,null,null,null
2023-08-07T15:00:04Z,23.23,54.68,98,0,27.47,101.95,97.00,1041.00,null,null,null
2023-08-07T15:01:04Z,23.23,54.69,98,0,27.80,101.95,101.00,1065.00,0,0,0
2023-08-07T15:02:04Z,23.24,54.98,99,2,27.69,101.94,99.00,1050.00,null,null,null
2023-08-07T15:03:04Z,23.25,54.79,98,0,26.73,101.94,99.00,1053.00,null,null,null
2023-08-07T15:04:04Z,23.23,54.76,98,2,26.31,101.94,91.00,1001.00,null,null,null
2023-08-07T15:05:04Z,23.24,54.85,98,3,26.95,101.94,99.00,1050.00,null,null,null
2023-08-07T15:06:04Z,23.24,54.70,98,3,25.98,101.94,99.00,1050.00,0,0,0
2023-08-07T15:07:04Z,23.24,54.79,98,3,25.47,101.94,100.00,1062.00,null,null,null
2023-08-07T15:08:04Z,23.25,54.72,98,3,25.87,101.94,102.00,1071.00,null,null,null
2023-08-07T15:09:04Z,23.27,54.86,98,0,26.48,101.94,99.00,1050.00,null,null,null
2023-08-07T15:10:04Z,23.24,54.74,98,0,28.80,101.94,90.00,995.00,null,null,null
2023-08-07T15:11:04Z,23.25,54.67,98,0,24.93,101.94,100.00,1060.00,0,0,0
2023-08-07T15:12:04Z,23.28,54.75,99,0,25.38,101.94,92.00,1007.00,null,null,null
2023-08-07T15:13:04Z,23.28,54.82,98,0,24.72,101.94,93.00,1014.00,null,null,null
2023-08-07T15:14:04Z,23.27,54.78,98,0,27.47,101.93,90.00,992.00,null,null,null
2023-08-07T15:15:04Z,23.27,54.74,98,3,28.80,101.92,89.00,987.00,null,null,null
2023-08-07T15:16:04Z,23.27,54.80,99,5,37.56,101.92,93.00,1017.00,0,0,0
2023-08-07T15:17:04Z,23.27,54.87,98,5,25.62,101.92,86.00,970.00,null,null,null
2023-08-07T15:18:04Z,23.30,54.74,98,5,25.87,101.92,89.00,987.00,null,null,null
2023-08-07T15:19:04Z,23.28,54.79,98,6,27.42,101.92,90.00,997.00,null,null,null
2023-08-07T15:20:04Z,23.27,54.91,98,7,25.95,101.92,92.00,1007.00,null,null,null
2023-08-07T15:21:04Z,23.31,54.91,98,7,27.40,101.92,89.00,987.00,0,0,0
2023-08-07T15:22:04Z,23.28,55.02,98,6,25.73,101.92,89.00,987.00,null,null,null
2023-08-07T15:23:04Z,23.30,54.94,99,0,27.44,101.93,94.00,1019.00,null,null,null
2023-08-07T15:24:04Z,23.28,54.70,98,5,27.22,101.92,92.00,1004.00,null,null,null
2023-08-07T15:25:04Z,23.30,54.82,98,6,25.19,101.92,96.00,1035.00,null,null,null
2023-08-07T15:26:04Z,23.28,54.77,98,6,27.64,101.92,92.00,1004.00,0,0,0
2023-08-07T15:27:04Z,23.33,54.81,98,6,28.52,101.91,88.00,983.00,null,null,null
2023-08-07T15:28:04Z,23.31,54.76,98,6,29.17,101.92,90.00,997.00,null,null,null
2023-08-07T15:29:04Z,23.30,54.78,98,6,26.34,101.92,87.00,977.00,null,null,null
2023-08-07T15:30:04Z,23.31,54.57,99,5,24.61,101.92,87.00,977.00,null,null,null
2023-08-07T15:31:04Z,23.30,54.82,98,5,24.83,101.92,92.00,1009.00,0,0,0
2023-08-07T15:32:04Z,23.31,54.71,98,5,26.41,101.92,90.00,995.00,null,null,null
2023-08-07T15:33:04Z,23.33,54.81,98,5,28.02,101.92,94.00,1019.00,null,null,null
2023-08-07T15:34:04Z,23.34,54.71,98,3,26.08,101.92,90.00,995.00,null,null,null
2023-08-07T15:35:04Z,23.31,54.90,98,3,27.94,101.92,92.00,1007.00,null,null,null
2023-08-07T15:36:04Z,23.33,54.81,98,3,25.41,101.92,92.00,1009.00,0,0,0
2023-08-07T15:37:04Z,23.31,54.84,98,2,28.66,101.92,87.00,975.00,null,null,null
2023-08-07T15:38:04Z,23.34,54.71,98,0,25.35,101.92,90.00,995.00,null,null,null
2023-08-07T15:39:04Z,23.33,54.74,98,2,29.80,101.92,92.00,1007.00,null,null,null
2023-08-07T15:40:04Z,23.34,54.71,98,3,33.87,101.92,88.00,981.00,null,null,null
2023-08-07T15:41:04Z,23.33,54.69,98,3,25.95,101.91,93.00,1014.00,0,0,0
2023-08-07T15:42:04Z,23.34,54.60,98,5,27.97,101.91,91.00,1001.00,null,null,null
2023-08-07T15:43:04Z,23.34,54.75,98,5,26.64,101.91,91.00,1001.00,null,null,null
2023-08-07T15:44:04Z,23.31,54.77,98,0,30.45,101.91,89.00,987.00,null,null,null
2023-08-07T15:45:04Z,23.34,54.84,98,3,28.07,101.92,89.00,987.00,null,null,null
2023-08-07T15:46:04Z,23.33,54.82,98,5,31.53,101.92,89.00,987.00,0,0,0
2023-08-07T15:47:04Z,23.34,54.72,98,6,27.34,101.92,86.00,967.00,null,null,null
2023-08-07T15:48:04Z,23.34,54.88,98,6,28.44,101.91,90.00,997.00,null,null,null
2023-08-07T15:49:04Z,23.34,54.85,98,6,27.75,101.92,90.00,997.00,null,null,null
2023-08-07T15:50:04Z,23.35,55.02,98,6,30.15,101.91,90.00,997.00,null,null,null
2023-08-07T15:51:04Z,23.33,54.79,98,7,26.71,101.91,98.00,1044.00,0,0,0
2023-08-07T15:52:04Z,23.37,54.74,98,7,36.97,101.91,93.00,1017.00,null,null,null
2023-08-07T15:53:04Z,23.35,54.66,98,7,32.94,101.91,92.00,1007.00,null,null,null
2023-08-07T15:54:04Z,23.34,54.90,98,7,33.13,101.91,92.00,1007.00,null,null,null
2023-08-07T15:55:04Z,23.34,54.71,98,0,27.57,101.91,93.00,1014.00,null,null,null
2023-08-07T15:56:04Z,23.34,54.83,98,6,31.02,101.90,92.00,1007.00,0,0,0
2023-08-07T15:57:04Z,23.35,54.73,98,6,29.07,101.90,90.00,992.00,null,null,null
2023-08-07T15:58:04Z,23.34,54.75,99,6,30.38,101.91,89.00,990.00,null,null,null
2023-08-07T15:59:04Z,23.37,54.77,98,6,25.41,101.91,87.00,977.00,null,null,null
2023-08-07T16:00:04Z,23.35,54.84,98,6,29.12,101.90,90.00,992.00,null,null,null
2023-08-07T16:01:04Z,23.34,54.83,99,6,33.00,101.90,92.00,1007.00,0,0,0
2023-08-07T16:02:04Z,23.37,54.63,99,6,26.93,101.90,84.00,954.00,null,null,null
2023-08-07T16:03:04Z,23.35,55.00,98,6,27.28,101.90,90.00,997.00,null,null,null
2023-08-07T16:04:04Z,23.37,54.85,98,5,33.66,101.90,87.00,972.00,null,null,null
2023-08-07T16:05:04Z,23.34,54.67,98,5,27.64,101.91,86.00,970.00,null,null,null
2023-08-07T16:06:04Z,23.33,54.90,98,5,27.08,101.91,90.00,995.00,0,0,0
2023-08-07T16:07:04Z,23.37,54.63,98,3,33.02,101.90,88.00,983.00,null,null,null
2023-08-07T16:08:04Z,23.39,54.63,98,0,26.26,101.90,88.00,981.00,null,null,null
2023-08-07T16:09:04Z,23.38,54.64,98,0,33.36,101.90,90.00,995.00,null,null,null
2023-08-07T16:10:04Z,23.35,54.54,98,3,27.14,101.90,90.00,992.00,null,null,null
2023-08-07T16:11:04Z,23.35,54.98,98,0,29.55,101.90,87.00,977.00,0,0,0
2023-08-07T16:12:04Z,23.39,54.79,99,2,28.15,101.90,88.00,981.00,null,null,null
2023-08-07T16:13:04Z,23.38,54.78,98,2,27.44,101.90,88.00,981.00,null,null,null
2023-08-07T16:14:04Z,23.38,54.69,98,0,30.32,101.90,85.00,961.00,null,null,null
2023-08-07T16:15:04Z,23.38,54.57,98,0,26.16,101.90,87.00,972.00,null,null,null
2023-08-07T16:16:04Z,23.37,54.79,98,3,27.84,101.89,89.00,987.00,0,0,0
2023-08-07T16:17:04Z,23.39,54.65,98,0,30.49,101.89,87.00,975.00,null,null,null
2023-08-07T16:18:04Z,23.39,54.59,99,3,35.42,101.89,87.00,972.00,null,null,null
2023-08-07T16:19:04Z,23.38,54.66,98,0,27.14,101.89,89.00,987.00,null,null,null
2023-08-07T16:20:04Z,23.37,54.81,98,3,28.39,101.89,89.00,987.00,null,null,null
2023-08-07T16:21:04Z,23.37,54.73,99,3,30.65,101.89,90.00,995.00,0,0,0
2023-08-07T16:22:04Z,23.38,54.85,98,5,27.32,101.88,86.00,970.00,null,null,null
2023-08-07T16:23:04Z,23.39,54.78,98,5,30.52,101.89,87.00,972.00,null,null,null
2023-08-07T16:24:04Z,23.39,54.91,98,3,26.50,101.89,85.00,959.00,null,null,null
2023-08-07T16:25:04Z,23.38,54.83,98,3,26.93,101.89,90.00,992.00,null,null,null
2023-08-07T16:26:04Z,23.37,54.96,98,0,31.54,101.89,86.00,967.00,0,0,0
2023-08-07T16:27:04Z,23.38,54.68,99,0,35.94,101.89,84.00,954.00,null,null,null
2023-08-07T16:28:04Z,23.41,54.99,99,0,41.00,101.89,83.00,945.00,null,null,null
2023-08-07T16:29:04Z,23.39,54.57,98,3,34.27,101.89,81.00,933.00,null,null,null
2023-08-07T16:30:04Z,23.38,54.77,98,3,36.97,101.89,80.00,927.00,null,null,null
2023-08-07T16:31:04Z,23.37,54.91,98,3,32.05,101.89,80.00,930.00,0,0,0
2023-08-07T16:32:04Z,23.39,54.89,99,3,37.18,101.89,80.00,930.00,null,null,null
2023-08-07T16:33:04Z,23.39,54.93,98,3,35.42,101.89,83.00,951.00,null,null,null
2023-08-07T16:34:04Z,23.39,54.81,98,3,27.10,101.88,80.00,930.00,null,null,null
2023-08-07T16:35:04Z,23.39,54.81,98,0,26.31,101.88,78.00,915.00,null,null,null
2023-08-07T16:36:04Z,23.41,54.91,98,0,29.80,101.89,80.00,930.00,0,0,0
2023-08-07T16:37:04Z,23.39,54.78,98,0,28.83,101.89,83.00,951.00,null,null,null
2023-08-07T16:38:04Z,23.42,54.86,98,0,28.74,101.89,80.00,930.00,null,null,null
2023-08-07T16:39:04Z,23.41,54.77,98,0,30.29,101.89,85.00,959.00,null,null,null
2023-08-07T16:40:04Z,23.39,54.85,98,0,38.47,101.89,79.00,925.00,null,null,null
2023-08-07T16:41:04Z,23.39,54.72,98,0,31.28,101.89,83.00,945.00,0,0,0
2023-08-07T16:42:04Z,23.41,54.73,99,0,31.08,101.89,79.00,920.00,null,null,null
2023-08-07T16:43:04Z,23.42,54.90,98,0,29.49,101.89,76.00,900.00,null,null,null
2023-08-07T16:44:04Z,23.44,55.13,98,0,30.41,101.88,79.00,923.00,null,null,null
2023-08-07T16:45:04Z,23.41,54.95,98,0,25.79,101.88,84.00,956.00,null,null,null
2023-08-07T16:46:04Z,23.39,55.06,98,0,25.70,101.89,82.00,942.00,0,0,0
2023-08-07T16:47:04Z,23.44,55.03,98,0,28.71,101.88,83.00,951.00,null,null,null
2023-08-07T16:48:04Z,23.41,55.02,98,0,34.94,101.88,81.00,935.00,null,null,null
2023-08-07T16:49:04Z,23.42,54.90,98,0,37.50,101.88,81.00,935.00,null,null,null
2023-08-07T16:50:04Z,23.42,55.11,99,0,27.73,101.88,81.00,935.00,null,null,null
2023-08-07T16:51:04Z,23.41,54.95,98,0,31.54,101.88,83.00,949.00,0,0,0
2023-08-07T16:52:04Z,23.45,54.94,98,0,37.80,101.88,78.00,915.00,null,null,null
2023-08-07T16:53:04Z,23.44,55.03,98,0,31.51,101.88,78.00,915.00,null,null,null
2023-08-07T16:54:04Z,23.41,54.96,98,0,40.16,101.88,81.00,933.00,null,null,null
2023-08-07T16:55:04Z,23.42,54.99,98,0,26.08,101.88,80.00,930.00,null,null,null
2023-08-07T16:56:04Z,23.44,54.92,98,0,31.64,101.89,78.00,913.00,0,0,0
2023-08-07T16:57:04Z,23.42,54.97,98,3,29.88,101.88,78.00,913.00,null,null,null
2023-08-07T16:58:04Z,23.45,54.85,98,3,31.30,101.88,78.00,913.00,null,null,null
2023-08-07T16:59:04Z,23.45,55.09,98,3,39.45,101.88,83.00,945.00,null,null,null
2023-08-07T17:00:04Z,23.42,54.91,98,3,37.10,101.88,82.00,942.00,null,null,null
2023-08-07T17:01:04Z,23.42,54.98,98,3,33.64,101.87,77.00,909.00,0,0,0
2023-08-07T17:02:04Z,23.47,55.02,98,3,42.70,101.88,80.00,927.00,null,null,null
2023-08-07T17:03:04Z,23.44,54.87,98,3,29.09,101.88,77.00,909.00,null,null,null
2023-08-07T17:04:04Z,23.44,55.11,98,3,26.43,101.87,79.00,925.00,null,null,null
2023-08-07T17:05:04Z,23.45,55.00,98,3,26.97,101.87,79.00,925.00,null,null,null
2023-08-07T17:06:04Z,23.42,55.01,98,3,32.86,101.87,77.00,907.00,0,0,0
2023-08-07T17:07:04Z,23.45,54.99,98,3,26.43,101.87,77.00,907.00,null,null,null
2023-08-07T17:08:04Z,23.47,54.90,98,5,30.74,101.87,79.00,923.00,null,null,null
2023-08-07T17:09:04Z,23.47,54.96,98,5,32.44,101.87,79.00,923.00,null,null,null
2023-08-07T17:10:04Z,23.44,55.15,98,5,31.74,101.87,76.00,905.00,null,null,null
2023-08-07T17:11:04Z,23.45,55.04,98,6,34.23,101.87,73.00,885.00,0,0,0
2023-08-07T17:12:04Z,23.47,54.95,98,5,26.19,101.87,71.00,868.00,null,null,null
2023-08-07T17:13:04Z,23.48,55.00,98,7,45.08,101.87,78.00,918.00,null,null,null
2023-08-07T17:14:04Z,23.45,54.90,98,7,29.91,101.86,71.00,868.00,null,null,null
2023-08-07T17:15:04Z,23.47,54.99,98,8,42.90,101.86,76.00,900.00,null,null,null
2023-08-07T17:16:04Z,23.45,55.01,98,10,31.68,101.86,73.00,885.00,0,0,0
2023-08-07T17:17:04Z,23.44,54.98,98,7,36.42,101.86,76.00,900.00,null,null,null
2023-08-07T17:18:04Z,23.47,55.20,98,10,28.91,101.86,76.00,900.00,null,null,null
2023-08-07T17:19:04Z,23.45,55.17,98,19,38.62,101.86,80.00,930.00,null,null,null
2023-08-07T17:20:04Z,23.47,55.03,98,13,26.41,101.86,75.00,897.00,null,null,null
2023-08-07T17:21:04Z,23.44,54.89,98,12,37.10,101.86,75.00,897.00,0,0,0
2023-08-07T17:22:04Z,23.44,54.94,98,0,41.58,101.86,75.00,897.00,null,null,null
2023-08-07T17:23:04Z,23.51,55.22,98,23,38.48,101.86,75.00,897.00,null,null,null
2023-08-07T17:24:04Z,23.48,55.06,98,0,29.62,101.86,77.00,909.00,null,null,null
2023-08-07T17:25:04Z,23.47,55.11,98,0,28.70,101.87,74.00,891.00,null,null,null
2023-08-07T17:26:04Z,23.45,55.14,98,0,29.38,101.86,77.00,909.00,0,0,0
2023-08-07T17:27:04Z,23.48,55.04,98,0,25.41,101.86,77.00,909.00,null,null,null
2023-08-07T17:28:04Z,23.50,54.99,98,0,30.65,101.86,77.00,909.00,null,null,null
2023-08-07T17:29:04Z,23.47,54.98,98,0,34.50,101.86,77.00,907.00,null,null,null
2023-08-07T17:30:04Z,23.47,55.16,98,0,38.22,101.86,74.00,889.00,null,null,null
2023-08-07T17:31:04Z,23.45,55.01,98,0,27.45,101.86,77.00,907.00,0,0,0
2023-08-07T17:32:04Z,23.47,55.04,98,0,32.51,101.86,69.00,855.00,null,null,null
2023-08-07T17:33:04Z,23.48,55.06,98,0,28.78,101.86,76.00,902.00,null,null,null
2023-08-07T17:34:04Z,23.47,55.09,98,14,27.62,101.86,78.00,915.00,null,null,null
2023-08-07T17:35:04Z,23.47,55.01,98,0,30.24,101.85,73.00,885.00,null,null,null
2023-08-07T17:36:04Z,23.48,55.07,98,0,37.47,101.86,76.00,902.00,0,0,0
2023-08-07T17:37:04Z,23.47,55.05,98,0,31.02,101.86,71.00,868.00,null,null,null
2023-08-07T17:38:04Z,23.48,54.90,98,0,32.31,101.86,73.00,882.00,null,null,null
2023-08-07T17:39:04Z,23.48,55.10,98,0,31.71,101.86,71.00,868.00,null,null,null
2023-08-07T17:40:04Z,23.48,55.08,98,0,37.48,101.86,76.00,900.00,null,null,null
2023-08-07T17:41:04Z,23.48,55.11,98,29,27.82,101.86,73.00,880.00,0,0,0
2023-08-07T17:42:04Z,23.50,55.09,98,41,27.45,101.86,75.00,897.00,null,null,null
2023-08-07T17:43:04Z,23.51,55.06,98,45,27.14,101.86,75.00,897.00,null,null,null
2023-08-07T17:44:04Z,23.48,55.06,98,0,25.70,101.87,73.00,880.00,null,null,null
2023-08-07T17:45:04Z,23.51,55.15,98,0,27.92,101.87,77.00,909.00,null,null,null
2023-08-07T17:46:04Z,23.45,54.97,98,8,29.96,101.87,75.00,895.00,0,0,0
2023-08-07T17:47:04Z,23.48,54.96,98,40,29.15,101.87,70.00,863.00,null,null,null
2023-08-07T17:48:04Z,23.51,55.15,98,44,29.17,101.87,72.00,877.00,null,null,null
2023-08-07T17:49:04Z,23.52,55.20,98,45,27.18,101.87,72.00,877.00,null,null,null
2023-08-07T17:50:04Z,23.48,54.97,98,43,30.98,101.87,76.00,905.00,null,null,null
2023-08-07T17:51:04Z,23.48,55.04,98,0,31.19,101.87,72.00,874.00,0,0,0
2023-08-07T17:52:04Z,23.51,55.08,98,0,29.54,101.87,72.00,874.00,null,null,null
2023-08-07T17:53:04Z,23.51,55.10,98,0,27.69,101.87,72.00,874.00,null,null,null
2023-08-07T17:54:04Z,23.50,54.95,98,0,28.78,101.87,74.00,889.00,null,null,null
2023-08-07T17:55:04Z,23.52,55.19,98,40,27.92,101.86,74.00,889.00,null,null,null
2023-08-07T17:56:04Z,23.51,55.05,98,43,26.67,101.86,74.00,889.00,0,0,0
2023-08-07T17:57:04Z,23.51,55.08,99,44,29.48,101.86,71.00,872.00,null,null,null
2023-08-07T17:58:04Z,23.51,55.22,98,43,27.84,101.86,71.00,872.00,null,null,null
2023-08-07T17:59:04Z,23.52,54.92,98,43,27.45,101.86,76.00,900.00,null,null,null
2023-08-07T18:00:04Z,23.50,54.97,98,44,30.66,101.86,76.00,900.00,null,null,null
2023-08-07T18:01:04Z,23.51,55.07,98,44,29.05,101.86,76.00,900.00,0,0,0
2023-08-07T18:02:04Z,23.52,55.19,98,44,35.85,101.86,78.00,918.00,null,null,null
2023-08-07T18:03:04Z,23.52,55.29,98,44,27.12,101.86,78.00,915.00,null,null,null
2023-08-07T18:04:04Z,23.52,55.23,98,44,27.68,101.86,81.00,935.00,null,null,null
2023-08-07T18:05:04Z,23.52,55.24,98,44,39.67,101.86,81.00,933.00,null,null,null
2023-08-07T18:06:04Z,23.52,55.24,98,44,28.36,101.86,83.00,949.00,0,0,0
2023-08-07T18:07:04Z,23.54,55.38,98,44,30.23,101.86,83.00,945.00,null,null,null
2023-08-07T18:08:04Z,23.54,55.43,98,44,29.60,101.86,84.00,954.00,null,null,null
2023-08-07T18:09:04Z,23.52,55.45,98,44,29.44,101.86,86.00,970.00,null,null,null
2023-08-07T18:10:04Z,23.55,55.50,98,44,37.91,101.87,84.00,954.00,null,null,null
2023-08-07T18:11:04Z,23.55,55.78,99,44,31.37,101.87,86.00,970.00,0,0,0
2023-08-07T18:12:04Z,23.55,55.80,98,43,30.17,101.87,87.00,972.00,null,null,null
2023-08-07T18:13:04Z,23.58,55.84,98,43,25.29,101.86,87.00,972.00,null,null,null
2023-08-07T18:14:04Z,23.57,55.90,98,41,26.11,101.87,90.00,995.00,null,null,null
2023-08-07T18:15:04Z,23.55,55.72,98,41,30.13,101.86,97.00,1038.00,null,null,null
2023-08-07T18:16:04Z,23.55,55.82,98,40,26.69,101.86,100.00,1062.00,0,0,0
2023-08-07T18:17:04Z,23.58,55.94,98,40,26.57,101.86,108.00,1113.00,null,null,null
2023-08-07T18:18:04Z,23.57,55.93,98,40,32.17,101.87,115.00,1159.00,null,null,null
2023-08-07T18:19:04Z,23.58,56.13,98,35,26.03,101.86,118.00,1181.00,null,null,null
2023-08-07T18:20:04Z,23.58,56.19,98,34,28.80,101.86,133.00,1274.00,null,null,null
2023-08-07T18:21:04Z,23.58,56.45,98,33,27.77,101.87,137.00,1302.00,0,0,0
2023-08-07T18:22:04Z,23.59,56.43,98,30,27.51,101.87,133.00,1277.00,null,null,null
2023-08-07T18:23:04Z,23.59,56.92,98,20,27.36,101.87,137.00,1302.00,null,null,null
2023-08-07T18:24:04Z,23.61,56.91,98,13,31.24,101.87,143.00,1341.00,null,null,null
2023-08-07T18:25:04Z,23.59,56.96,98,6,26.84,101.86,147.00,1367.00,null,null,null
2023-08-07T18:26:04Z,23.59,57.24,98,2,28.87,101.87,161.00,1458.00,0,0,0
2023-08-07T18:27:04Z,23.61,57.56,98,0,31.24,101.87,161.00,1458.00,null,null,null
2023-08-07T18:28:04Z,23.62,57.80,99,0,29.79,101.87,168.00,1494.00,null,null,null
2023-08-07T18:29:04Z,23.61,58.38,98,0,28.12,101.87,160.00,1453.00,null,null,null
2023-08-07T18:30:04Z,23.61,58.66,98,0,26.69,101.87,152.00,1404.00,null,null,null
2023-08-07T18:31:04Z,23.59,58.24,98,0,24.93,101.86,163.00,1470.00,0,0,0
2023-08-07T18:32:04Z,23.64,58.32,98,0,26.99,101.86,165.00,1487.00,null,null,null
2023-08-07T18:33:04Z,23.68,57.89,98,0,27.28,101.86,157.00,1432.00,null,null,null
2023-08-07T18:34:04Z,23.65,57.99,98,0,27.92,101.87,160.00,1453.00,null,null,null
2023-08-07T18:35:04Z,23.65,57.84,98,0,34.74,101.87,154.00,1413.00,null,null,null
2023-08-07T18:36:04Z,23.65,57.70,98,0,28.96,101.86,158.00,1441.00,0,0,0
2023-08-07T18:37:04Z,23.65,57.71,98,0,29.90,101.87,161.00,1462.00,null,null,null
2023-08-07T18:38:04Z,23.69,57.54,99,0,27.59,101.86,156.00,1429.00,null,null,null
2023-08-07T18:39:04Z,23.69,57.27,98,0,27.57,101.87,151.00,1393.00,null,null,null
2023-08-07T18:40:04Z,23.69,57.24,98,0,29.33,101.86,147.00,1367.00,null,null,null
2023-08-07T18:41:04Z,23.68,57.08,98,0,25.62,101.86,150.00,1385.00,0,0,0
2023-08-07T18:42:04Z,23.69,57.12,98,0,28.81,101.87,145.00,1352.00,null,null,null
2023-08-07T18:43:04Z,23.69,56.86,98,0,27.18,101.87,145.00,1352.00,null,null,null
2023-08-07T18:44:04Z,23.69,56.79,98,0,29.01,101.87,152.00,1404.00,null,null,null
2023-08-07T18:45:04Z,23.69,56.86,98,0,29.07,101.86,144.00,1349.00,null,null,null
2023-08-07T18:46:04Z,23.69,56.84,99,0,27.55,101.87,149.00,1380.00,0,0,0
2023-08-07T18:47:04Z,23.72,56.89,98,0,30.01,101.86,144.00,1349.00,null,null,null
2023-08-07T18:48:04Z,23.71,56.80,98,0,27.60,101.86,148.00,1376.00,null,null,null
2023-08-07T18:49:04Z,23.71,56.65,98,0,27.96,101.86,152.00,1400.00,null,null,null
2023-08-07T18:50:04Z,23.72,56.53,98,0,28.47,101.86,145.00,1356.00,null,null,null
2023-08-07T18:51:04Z,23.72,56.60,98,0,26.57,101.86,150.00,1389.00,0,0,0
2023-08-07T18:52:04Z,23.72,56.46,98,0,34.74,101.86,150.00,1385.00,null,null,null
2023-08-07T18:53:04Z,23.73,56.32,98,0,30.70,101.86,145.00,1352.00,null,null,null
2023-08-07T18:54:04Z,23.71,56.48,98,0,25.03,101.85,145.00,1352.00,null,null,null
2023-08-07T18:55:04Z,23.72,56.74,98,0,28.40,101.86,145.00,1352.00,null,null,null
2023-08-07T18:56:04Z,23.73,56.39,98,0,28.02,101.85,153.00,1408.00,0,0,0
2023-08-07T18:57:04Z,23.72,56.51,98,0,26.78,101.85,144.00,1349.00,null,null,null
2023-08-07T18:58:04Z,23.72,56.59,98,0,25.38,101.85,144.00,1349.00,null,null,null
2023-08-07T18:59:04Z,23.75,56.36,98,0,25.41,101.85,152.00,1404.00,null,null,null
2023-08-07T19:00:04Z,23.73,56.24,98,0,29.28,101.85,128.00,1242.00,null,null,null
2023-08-07T19:01:04Z,23.72,56.14,98,0,27.92,101.85,151.00,1397.00,0,0,0
2023-08-07T19:02:04Z,23.73,56.22,98,0,26.60,101.84,142.00,1338.00,null,null,null
2023-08-07T19:03:04Z,23.72,56.11,98,0,27.68,101.84,146.00,1364.00,null,null,null
2023-08-07T19:04:04Z,23.71,56.00,98,0,30.16,101.84,146.00,1364.00,null,null,null
2023-08-07T19:05:04Z,23.71,55.99,98,0,28.17,101.84,138.00,1310.00,null,null,null
2023-08-07T19:06:04Z,23.71,56.05,98,0,28.23,101.84,138.00,1307.00,0,0,0
2023-08-07T19:07:04Z,23.75,55.97,98,0,28.67,101.83,138.00,1307.00,null,null,null
2023-08-07T19:08:04Z,23.75,55.89,98,0,26.16,101.83,122.00,1201.00,null,null,null
2023-08-07T19:09:04Z,23.73,55.87,98,0,26.95,101.83,111.00,1131.00,null,null,null
2023-08-07T19:10:04Z,23.73,55.78,98,0,29.27,101.83,124.00,1220.00,null,null,null
2023-08-07T19:11:04Z,23.72,56.02,98,0,31.24,101.83,122.00,1201.00,0,0,0
2023-08-07T19:12:04Z,23.76,56.04,98,0,30.14,101.83,124.00,1220.00,null,null,null
2023-08-07T19:13:04Z,23.73,55.81,98,0,26.69,101.83,113.00,1147.00,null,null,null
2023-08-07T19:14:04Z,23.73,55.83,98,0,26.82,101.83,124.00,1220.00,null,null,null
2023-08-07T19:15:04Z,23.73,55.95,98,0,28.95,101.83,122.00,1201.00,null,null,null
2023-08-07T19:16:04Z,23.73,55.90,98,0,26.03,101.83,122.00,1201.00,0,0,0
2023-08-07T19:17:04Z,23.75,55.93,98,0,30.86,101.83,117.00,1174.00,null,null,null
2023-08-07T19:18:04Z,23.73,56.14,98,0,28.01,101.83,103.00,1081.00,null,null,null
2023-08-07T19:19:04Z,23.72,55.90,98,0,25.79,101.83,124.00,1215.00,null,null,null
2023-08-07T19:20:04Z,23.75,55.84,98,0,30.34,101.82,121.00,1198.00,null,null,null
2023-08-07T19:21:04Z,23.73,55.94,98,0,29.95,101.82,103.00,1077.00,0,0,0
2023-08-07T19:22:04Z,23.72,55.67,98,0,29.81,101.82,117.00,1171.00,null,null,null
2023-08-07T19:23:04Z,23.73,55.71,98,0,30.02,101.82,107.00,1107.00,null,null,null
2023-08-07T19:24:04Z,23.73,55.73,98,0,26.34,101.82,110.00,1128.00,null,null,null
2023-08-07T19:25:04Z,23.72,55.70,98,0,27.04,101.82,110.00,1128.00,null,null,null
2023-08-07T19:26:04Z,23.76,55.80,98,0,25.56,101.82,113.00,1147.00,0,0,0
2023-08-07T19:27:04Z,23.73,55.50,98,0,27.71,101.82,85.00,964.00,null,null,null
2023-08-07T19:28:04Z,23.75,55.48,98,0,28.01,101.82,104.00,1083.00,null,null,null
2023-08-07T19:29:04Z,23.73,55.64,99,0,31.56,101.82,93.00,1012.00,null,null,null
2023-08-07T19:30:04Z,23.75,55.51,98,0,26.50,101.82,104.00,1083.00,null,null,null
2023-08-07T19:31:04Z,23.72,55.43,98,0,28.73,101.82,90.00,992.00,0,0,0
2023-08-07T19:32:04Z,23.73,55.44,98,0,28.54,101.82,98.00,1047.00,null,null,null
2023-08-07T19:33:04Z,23.73,55.45,98,0,28.80,101.82,98.00,1047.00,null,null,null
2023-08-07T19:34:04Z,23.71,55.43,98,0,28.27,101.82,93.00,1017.00,null,null,null
2023-08-07T19:35:04Z,23.73,55.28,98,0,26.71,101.82,90.00,992.00,null,null,null
2023-08-07T19:36:04Z,23.71,55.47,98,0,29.55,101.82,93.00,1012.00,0,0,0
2023-08-07T19:37:04Z,23.75,55.29,98,0,30.30,101.82,87.00,977.00,null,null,null
2023-08-07T19:38:04Z,23.76,55.35,98,0,28.37,101.82,78.00,913.00,null,null,null
2023-08-07T19:39:04Z,23.73,55.22,98,0,26.00,101.82,78.00,913.00,null,null,null
2023-08-07T19:40:04Z,23.75,55.27,99,0,31.53,101.82,89.00,987.00,null,null,null
2023-08-07T19:41:04Z,23.72,55.21,98,0,28.23,101.82,75.00,897.00,0,0,0
2023-08-07T19:42:04Z,23.73,55.17,99,0,26.43,101.82,89.00,987.00,null,null,null
2023-08-07T19:43:04Z,23.75,55.55,98,0,40.14,101.82,91.00,1001.00,null,null,null
2023-08-07T19:44:04Z,23.78,55.11,99,0,27.30,101.82,77.00,907.00,null,null,null
2023-08-07T19:45:04Z,23.72,55.11,98,0,31.70,101.82,73.00,885.00,null,null,null
2023-08-07T19:46:04Z,23.72,55.34,98,0,29.57,101.82,85.00,961.00,0,0,0
2023-08-07T19:47:04Z,23.69,55.11,98,0,27.16,101.82,83.00,951.00,null,null,null
2023-08-07T19:48:04Z,23.71,55.02,98,0,31.58,101.82,83.00,945.00,null,null,null
2023-08-07T19:49:04Z,23.72,55.02,98,0,31.70,101.82,85.00,959.00,null,null,null
2023-08-07T19:50:04Z,23.71,54.91,98,0,27.51,101.82,88.00,981.00,null,null,null
2023-08-07T19:51:04Z,23.71,53.68,98,0,29.61,101.82,74.00,891.00,0,0,0
2023-08-07T19:52:04Z,23.71,52.92,98,0,29.21,101.82,56.00,770.00,null,null,null
2023-08-07T19:53:04Z,23.71,52.29,98,0,27.69,101.82,50.00,732.00,null,null,null
2023-08-07T19:54:04Z,23.61,49.93,98,0,38.72,101.81,33.00,623.00,null,null,null
2023-08-07T19:55:04Z,23.48,49.97,98,0,33.68,101.82,15.00,505.00,null,null,null
2023-08-07T19:56:04Z,23.39,49.84,98,0,37.21,101.82,7.00,448.00,0,0,0
2023-08-07T19:57:04Z,23.34,50.18,99,0,40.89,101.82,0.00,400.00,null,null,null
2023-08-07T19:58:04Z,23.27,49.51,98,0,38.18,101.81,0.00,400.00,null,null,null
2023-08-07T19:59:04Z,23.21,49.49,98,0,37.49,101.81,0.00,400.00,null,null,null
2023-08-07T20:00:04Z,23.11,49.87,98,0,38.57,101.81,0.00,400.00,null,null,null
2023-08-07T20:01:04Z,23.07,49.54,98,0,34.98,101.81,0.00,400.00,0,0,0
2023-08-07T20:02:04Z,22.99,48.98,99,0,31.66,101.81,0.00,400.00,null,null,null
2023-08-07T20:03:04Z,22.94,49.00,98,0,43.69,101.81,0.00,405.00,null,null,null
2023-08-07T20:04:04Z,22.89,49.37,98,0,36.71,101.81,0.00,400.00,null,null,null
2023-08-07T20:05:04Z,22.86,49.33,98,0,35.92,101.81,0.00,400.00,null,null,null
2023-08-07T20:06:04Z,22.76,49.21,98,0,30.19,101.81,0.00,400.00,0,0,0
2023-08-07T20:07:04Z,22.70,49.17,98,0,34.94,101.81,0.00,400.00,null,null,null
2023-08-07T20:08:04Z,22.70,49.22,98,0,38.87,101.81,3.00,425.00,null,null,null
2023-08-07T20:09:04Z,22.62,48.83,98,0,35.73,101.81,0.00,406.00,null,null,null
2023-08-07T20:10:04Z,22.57,49.12,98,0,37.08,101.81,0.00,400.00,null,null,null
2023-08-07T20:11:04Z,22.53,49.25,98,0,37.11,101.81,0.00,400.00,0,0,0
2023-08-07T20:12:04Z,22.49,49.44,98,0,41.43,101.81,0.00,400.00,null,null,null
2023-08-07T20:13:04Z,22.43,49.35,98,0,32.98,101.81,0.00,405.00,null,null,null
2023-08-07T20:14:04Z,22.43,49.79,98,0,35.98,101.82,3.00,423.00,null,null,null
2023-08-07T20:15:04Z,22.42,49.35,98,0,38.93,101.82,1.00,413.00,null,null,null
2023-08-07T20:16:04Z,22.32,49.51,98,0,44.01,101.82,0.00,400.00,0,0,0
2023-08-07T20:17:04Z,22.31,49.37,98,0,35.39,101.81,0.00,400.00,null,null,null
2023-08-07T20:18:04Z,22.26,49.77,98,0,34.72,101.82,0.00,400.00,null,null,null
2023-08-07T20:19:04Z,22.21,49.58,98,0,36.48,101.82,0.00,402.00,null,null,null
2023-08-07T20:20:04Z,22.16,49.28,98,0,43.20,101.82,1.00,407.00,null,null,null
2023-08-07T20:21:04Z,22.09,49.93,98,0,33.23,101.82,0.00,400.00,0,0,0
2023-08-07T20:22:04Z,22.06,49.87,98,0,37.36,101.82,0.00,400.00,null,null,null
2023-08-07T20:23:04Z,22.04,50.02,98,0,35.36,101.82,0.00,400.00,null,null,null
2023-08-07T20:24:04Z,22.01,50.04,98,0,30.30,101.82,0.00,400.00,null,null,null
2023-08-07T20:25:04Z,21.98,50.12,98,0,35.02,101.82,0.00,400.00,null,null,null
2023-08-07T20:26:04Z,21.97,50.90,98,0,29.62,101.82,0.00,402.00,0,0,0
2023-08-07T20:27:04Z,22.00,50.83,98,0,28.95,101.82,11.00,477.00,null,null,null
2023-08-07T20:28:04Z,22.02,50.76,98,0,28.31,101.82,20.00,536.00,null,null,null
2023-08-07T20:29:04Z,22.01,50.98,98,0,27.77,101.82,27.00,581.00,null,null,null
2023-08-07T20:30:04Z,22.04,51.07,98,0,26.38,101.82,34.00,626.00,null,null,null
2023-08-07T20:31:04Z,22.01,51.04,98,0,26.03,101.82,41.00,671.00,0,0,0
2023-08-07T20:32:04Z,22.01,50.94,98,0,30.30,101.82,42.00,678.00,null,null,null
2023-08-07T20:33:04Z,22.00,50.63,98,0,28.31,101.82,39.00,657.00,null,null,null
2023-08-07T20:34:04Z,21.98,50.65,98,0,37.12,101.82,40.00,666.00,null,null,null
2023-08-07T20:35:04Z,21.97,50.77,98,0,32.38,101.82,38.00,650.00,null,null,null
2023-08-07T20:36:04Z,21.93,50.97,98,0,31.74,101.82,36.00,637.00,0,0,0
2023-08-07T20:37:04Z,21.91,50.82,98,0,37.20,101.82,36.00,637.00,null,null,null
2023-08-07T20:38:04Z,21.88,50.92,98,0,37.08,101.82,36.00,637.00,null,null,null
2023-08-07T20:39:04Z,21.85,51.13,98,0,31.39,101.82,33.00,620.00,null,null,null
2023-08-07T20:40:04Z,21.81,51.36,98,0,31.02,101.82,35.00,633.00,null,null,null
2023-08-07T20:41:04Z,21.78,51.30,98,0,30.71,101.82,37.00,643.00,0,0,0
2023-08-07T20:42:04Z,21.75,51.35,98,0,30.28,101.82,36.00,638.00,null,null,null
2023-08-07T20:43:04Z,21.75,51.44,98,0,42.25,101.82,37.00,643.00,null,null,null
2023-08-07T20:44:04Z,21.74,51.48,98,0,28.25,101.82,37.00,643.00,null,null,null
2023-08-07T20:45:04Z,21.70,51.49,98,0,28.23,101.82,43.00,686.00,null,null,null
2023-08-07T20:46:04Z,21.67,51.66,98,0,30.78,101.82,45.00,700.00,0,0,0
2023-08-07T20:47:04Z,21.67,51.72,98,0,42.65,101.82,48.00,719.00,null,null,null
2023-08-07T20:48:04Z,21.65,51.78,98,0,31.55,101.82,47.00,710.00,null,null,null
2023-08-07T20:49:04Z,21.64,51.71,98,0,33.76,101.82,44.00,690.00,null,null,null
2023-08-07T20:50:04Z,21.58,51.51,98,0,31.61,101.82,43.00,683.00,null,null,null
2023-08-07T20:51:04Z,21.56,51.63,98,0,25.06,101.82,38.00,653.00,0,0,0
2023-08-07T20:52:04Z,21.51,52.03,98,0,28.91,101.82,37.00,643.00,null,null,null
2023-08-07T20:53:04Z,21.51,51.97,98,0,26.29,101.82,38.00,650.00,null,null,null
2023-08-07T20:54:04Z,21.50,52.00,98,0,26.43,101.82,38.00,650.00,null,null,null
2023-08-07T20:55:04Z,21.46,52.18,98,0,32.42,101.81,36.00,637.00,null,null,null
2023-08-07T20:56:04Z,21.46,52.43,98,0,26.71,101.82,41.00,672.00,0,0,0
2023-08-07T20:57:04Z,21.44,52.37,99,0,33.65,101.82,41.00,675.00,null,null,null
2023-08-07T20:58:04Z,21.46,52.35,98,0,38.22,101.82,45.00,697.00,null,null,null
2023-08-07T20:59:04Z,21.43,52.53,98,0,27.34,101.82,46.00,704.00,null,null,null
2023-08-07T21:00:04Z,21.40,52.53,98,0,30.61,101.82,49.00,728.00,null,null,null
2023-08-07T21:01:04Z,21.42,52.64,98,0,37.29,101.82,47.00,712.00,0,0,0
2023-08-07T21:02:04Z,21.40,52.62,98,0,28.64,101.82,47.00,712.00,null,null,null
2023-08-07T21:03:04Z,21.39,52.65,98,0,26.67,101.82,51.00,735.00,null,null,null
2023-08-07T21:04:04Z,21.37,52.69,98,0,35.13,101.82,51.00,735.00,null,null,null
2023-08-07T21:05:04Z,21.36,52.85,98,0,26.99,101.82,55.00,763.00,null,null,null
2023-08-07T21:06:04Z,21.37,52.78,98,0,27.96,101.82,56.00,768.00,0,0,0
2023-08-07T21:07:04Z,21.37,52.86,98,0,26.78,101.82,52.00,742.00,null,null,null
2023-08-07T21:08:04Z,21.36,52.82,98,0,29.03,101.81,52.00,742.00,null,null,null
2023-08-07T21:09:04Z,21.36,52.96,98,0,29.43,101.81,54.00,759.00,null,null,null
2023-08-07T21:10:04Z,21.33,52.96,98,0,26.46,101.81,55.00,765.00,null,null,null
2023-08-07T21:11:04Z,21.32,53.03,99,0,28.61,101.81,55.00,765.00,0,0,0
2023-08-07T21:12:04Z,21.34,52.96,98,0,30.40,101.81,53.00,748.00,null,null,null
2023-08-07T21:13:04Z,21.34,53.21,98,0,30.11,101.81,54.00,757.00,null,null,null
2023-08-07T21:14:04Z,21.33,53.11,98,0,28.31,101.81,60.00,795.00,null,null,null
2023-08-07T21:15:04Z,21.32,53.11,98,0,25.26,101.81,57.00,780.00,null,null,null
2023-08-07T21:16:04Z,21.30,52.97,98,0,25.06,101.81,57.00,780.00,0,0,0
2023-08-07T21:17:04Z,21.32,52.87,98,0,26.82,101.82,51.00,735.00,null,null,null
2023-08-07T21:18:04Z,21.25,52.82,98,0,39.05,101.82,44.00,694.00,null,null,null
2023-08-07T21:19:04Z,21.19,52.78,98,0,38.30,101.82,32.00,611.00,null,null,null
2023-08-07T21:20:04Z,21.16,53.24,98,0,41.41,101.82,29.00,592.00,null,null,null
2023-08-07T21:21:04Z,21.19,53.38,98,0,51.60,101.82,37.00,646.00,0,0,0
2023-08-07T21:22:04Z,21.19,53.65,98,0,45.36,101.82,40.00,665.00,null,null,null
2023-08-07T21:23:04Z,21.23,54.00,98,0,34.74,101.82,50.00,732.00,null,null,null
2023-08-07T21:24:04Z,21.22,54.06,98,0,34.21,101.83,54.00,759.00,null,null,null
2023-08-07T21:25:04Z,21.25,54.08,98,0,36.94,101.83,61.00,806.00,null,null,null
2023-08-07T21:26:04Z,21.26,54.03,98,0,34.05,101.83,54.00,759.00,0,0,0
2023-08-07T21:27:04Z,21.32,54.04,98,0,36.69,101.83,56.00,768.00,null,null,null
2023-08-07T21:28:04Z,21.34,54.02,98,0,32.70,101.83,59.00,791.00,null,null,null
2023-08-07T21:29:04Z,21.36,54.02,98,0,42.22,101.83,66.00,834.00,null,null,null
2023-08-07T21:30:04Z,21.36,54.25,98,0,46.56,101.83,69.00,855.00,null,null,null
2023-08-07T21:31:04Z,21.37,54.41,98,0,34.39,101.83,82.00,942.00,0,0,0
2023-08-07T21:32:04Z,21.42,54.45,98,0,32.14,101.83,88.00,983.00,null,null,null
2023-08-07T21:33:04Z,21.46,54.46,98,0,35.40,101.83,95.00,1029.00,null,null,null
2023-08-07T21:34:04Z,21.47,54.43,98,0,31.17,101.83,102.00,1071.00,null,null,null
2023-08-07T21:35:04Z,21.50,54.34,98,0,36.26,101.83,104.00,1083.00,null,null,null
2023-08-07T21:36:04Z,21.49,54.31,98,0,33.73,101.84,106.00,1102.00,0,0,0
2023-08-07T21:37:04Z,21.51,54.28,98,0,34.49,101.84,106.00,1099.00,null,null,null
2023-08-07T21:38:04Z,21.54,54.27,98,0,35.56,101.84,108.00,1113.00,null,null,null
2023-08-07T21:39:04Z,21.54,54.25,98,0,34.03,101.84,110.00,1128.00,null,null,null
2023-08-07T21:40:04Z,21.57,54.29,98,0,35.96,101.84,113.00,1144.00,null,null,null
2023-08-07T21:41:04Z,21.58,54.30,98,0,35.08,101.84,113.00,1144.00,0,0,0
2023-08-07T21:42:04Z,21.63,54.23,98,0,39.89,101.84,112.00,1137.00,null,null,null
2023-08-07T21:43:04Z,21.64,54.25,98,0,30.80,101.84,120.00,1188.00,null,null,null
2023-08-07T21:44:04Z,21.65,54.22,98,0,33.77,101.84,117.00,1174.00,null,null,null
2023-08-07T21:45:04Z,21.67,54.24,98,0,32.70,101.84,122.00,1201.00,null,null,null
2023-08-07T21:46:04Z,21.68,54.30,98,0,37.53,101.84,124.00,1220.00,0,0,0
2023-08-07T21:47:04Z,21.68,54.38,98,0,25.84,101.84,136.00,1299.00,null,null,null
2023-08-07T21:48:04Z,21.71,54.44,98,0,27.53,101.85,148.00,1376.00,null,null,null
2023-08-07T21:49:04Z,21.71,54.54,98,0,26.69,101.85,165.00,1487.00,null,null,null
2023-08-07T21:50:04Z,21.74,54.56,98,0,28.89,101.85,184.00,1519.00,null,null,null
2023-08-07T21:51:04Z,21.77,54.68,98,0,63.19,101.84,195.00,1534.00,0,0,0
2023-08-07T21:52:04Z,21.80,54.92,98,0,28.15,101.85,182.00,1516.00,null,null,null
2023-08-07T21:53:04Z,21.81,54.90,98,0,30.05,101.85,191.00,1528.00,null,null,null
2023-08-07T21:54:04Z,21.84,54.91,98,0,35.87,101.85,212.00,1557.00,null,null,null
2023-08-07T21:55:04Z,21.84,55.06,98,0,29.36,101.85,226.00,1575.00,null,null,null
2023-08-07T21:56:04Z,21.84,55.17,98,0,24.35,101.85,234.00,1587.00,0,0,0
2023-08-07T21:57:04Z,21.87,55.10,98,0,26.97,101.85,234.00,1587.00,null,null,null
2023-08-07T21:58:04Z,21.91,55.27,98,0,40.71,101.85,239.00,1594.00,null,null,null
2023-08-07T21:59:04Z,21.93,55.26,98,0,26.43,101.85,252.00,1607.00,null,null,null
2023-08-07T22:00:04Z,21.94,55.09,98,0,25.73,101.86,262.00,1618.00,null,null,null
2023-08-07T22:01:04Z,21.97,55.20,98,0,26.34,101.85,273.00,1631.00,0,0,0
2023-08-07T22:02:04Z,21.97,55.21,98,0,27.71,101.86,273.00,1631.00,null,null,null
2023-08-07T22:03:04Z,22.01,55.27,98,0,26.26,101.86,284.00,1642.00,null,null,null
2023-08-07T22:04:04Z,22.01,55.20,98,0,26.31,101.86,278.00,1636.00,null,null,null
2023-08-07T22:05:04Z,22.01,55.21,98,0,27.20,101.85,288.00,1648.00,null,null,null
2023-08-07T22:06:04Z,22.04,55.21,98,0,27.24,101.85,288.00,1648.00,0,0,0
2023-08-07T22:07:04Z,22.04,55.23,99,0,27.78,101.85,288.00,1648.00,null,null,null
2023-08-07T22:08:04Z,22.08,55.18,98,0,27.49,101.85,294.00,1655.00,null,null,null
2023-08-07T22:09:04Z,22.09,55.18,98,0,28.23,101.84,293.00,1654.00,null,null,null
2023-08-07T22:10:04Z,22.09,55.19,98,0,24.27,101.85,293.00,1654.00,null,null,null
2023-08-07T22:11:04Z,22.11,55.18,98,0,25.41,101.85,293.00,1654.00,0,0,0
2023-08-07T22:12:04Z,22.14,55.18,98,0,27.82,101.85,299.00,1660.00,null,null,null
2023-08-07T22:13:04Z,22.15,55.12,99,0,27.16,101.85,301.00,1663.00,null,null,null
2023-08-07T22:14:04Z,22.16,55.27,98,0,27.20,101.85,301.00,1663.00,null,null,null
2023-08-07T22:15:04Z,22.16,55.12,98,0,25.79,101.84,297.00,1659.00,null,null,null
2023-08-07T22:16:04Z,22.16,55.16,98,0,26.03,101.85,298.00,1660.00,0,0,0
2023-08-07T22:17:04Z,22.21,55.13,98,0,26.26,101.84,298.00,1660.00,null,null,null
2023-08-07T22:18:04Z,22.21,55.11,98,0,26.16,101.83,291.00,1651.00,null,null,null
2023-08-07T22:19:04Z,22.22,55.03,98,0,26.29,101.84,297.00,1659.00,null,null,null
2023-08-07T22:20:04Z,22.22,55.17,98,0,26.78,101.84,297.00,1659.00,null,null,null
2023-08-07T22:21:04Z,22.24,55.32,98,0,27.78,101.84,297.00,1659.00,0,0,0
2023-08-07T22:22:04Z,22.25,55.16,98,0,25.35,101.84,292.00,1652.00,null,null,null
2023-08-07T22:23:04Z,22.24,55.23,98,0,26.57,101.84,276.00,1633.00,null,null,null
2023-08-07T22:24:04Z,22.26,55.13,98,0,30.09,101.83,296.00,1657.00,null,null,null
2023-08-07T22:25:04Z,22.28,55.15,98,0,26.11,101.84,276.00,1633.00,null,null,null
2023-08-07T22:26:04Z,22.28,55.17,98,0,25.32,101.84,276.00,1633.00,0,0,0
2023-08-07T22:27:04Z,22.29,55.19,98,0,27.57,101.84,280.00,1638.00,null,null,null
2023-08-07T22:28:04Z,22.31,55.29,98,0,27.55,101.84,275.00,1632.00,null,null,null
2023-08-07T22:29:04Z,22.31,55.59,98,0,26.36,101.83,271.00,1628.00,null,null,null
2023-08-07T22:30:04Z,22.32,55.18,98,0,27.75,101.83,276.00,1633.00,null,null,null
2023-08-07T22:31:04Z,22.33,55.32,98,0,28.37,101.83,286.00,1645.00,0,0,0
2023-08-07T22:32:04Z,22.36,55.32,98,0,23.35,101.82,282.00,1641.00,null,null,null
2023-08-07T22:33:04Z,22.33,55.23,98,0,28.06,101.83,282.00,1641.00,null,null,null
2023-08-07T22:34:04Z,22.35,55.64,99,0,25.13,101.82,286.00,1645.00,null,null,null
2023-08-07T22:35:04Z,22.36,55.28,98,0,25.82,101.82,288.00,1648.00,null,null,null
2023-08-07T22:36:04Z,22.36,55.39,98,0,24.89,101.81,281.00,1640.00,0,0,0
2023-08-07T22:37:04Z,22.38,55.40,98,0,25.95,101.81,281.00,1640.00,null,null,null
2023-08-07T22:38:04Z,22.42,55.43,98,0,27.55,101.81,281.00,1640.00,null,null,null
2023-08-07T22:39:04Z,22.41,55.22,98,0,25.50,101.81,287.00,1647.00,null,null,null
2023-08-07T22:40:04Z,22.39,55.29,98,0,28.81,101.82,291.00,1651.00,null,null,null
2023-08-07T22:41:04Z,22.38,55.35,98,0,29.78,101.82,286.00,1645.00,0,0,0
2023-08-07T22:42:04Z,22.43,55.34,99,0,30.27,101.82,286.00,1645.00,null,null,null
2023-08-07T22:43:04Z,22.43,55.33,98,0,30.72,101.81,286.00,1645.00,null,null,null
2023-08-07T22:44:04Z,22.42,55.35,98,0,29.44,101.82,278.00,1636.00,null,null,null
2023-08-07T22:45:04Z,22.45,55.28,98,0,29.92,101.81,278.00,1636.00,null,null,null
2023-08-07T22:46:04Z,22.45,55.26,98,0,24.79,101.82,278.00,1636.00,0,0,0
2023-08-07T22:47:04Z,22.45,55.33,98,0,27.77,101.82,271.00,1628.00,null,null,null
2023-08-07T22:48:04Z,22.48,55.26,98,0,25.13,101.82,278.00,1636.00,null,null,null
2023-08-07T22:49:04Z,22.51,55.35,98,0,25.29,101.82,284.00,1642.00,null,null,null
2023-08-07T22:50:04Z,22.48,55.47,98,0,25.32,101.82,291.00,1651.00,null,null,null
2023-08-07T22:51:04Z,22.51,55.69,98,0,26.16,101.81,296.00,1657.00,0,0,0
2023-08-07T22:52:04Z,22.51,55.50,98,0,25.95,101.81,291.00,1651.00,null,null,null
2023-08-07T22:53:04Z,22.52,55.56,98,0,22.94,101.81,293.00,1654.00,null,null,null
2023-08-07T22:54:04Z,22.55,55.48,98,0,28.52,101.81,288.00,1648.00,null,null,null
2023-08-07T22:55:04Z,22.53,55.56,98,0,37.39,101.81,288.00,1648.00,null,null,null
2023-08-07T22:56:04Z,22.52,55.67,99,0,26.87,101.81,293.00,1654.00,0,0,0
2023-08-07T22:57:04Z,22.52,55.55,98,0,25.03,101.81,288.00,1648.00,null,null,null
2023-08-07T22:58:04Z,22.55,55.53,98,0,25.95,101.81,287.00,1647.00,null,null,null
2023-08-07T22:59:04Z,22.56,55.58,99,0,27.28,101.81,287.00,1647.00,null,null,null
2023-08-07T23:00:04Z,22.55,55.47,98,0,25.16,101.82,287.00,1647.00,null,null,null
2023-08-07T23:01:04Z,22.57,55.52,98,0,28.47,101.82,287.00,1647.00,0,0,0
2023-08-07T23:02:04Z,22.59,55.60,98,0,25.98,101.82,287.00,1647.00,null,null,null
2023-08-07T23:03:04Z,22.62,55.61,98,0,29.42,101.82,287.00,1647.00,null,null,null
2023-08-07T23:04:04Z,22.59,55.62,98,0,25.95,101.82,287.00,1647.00,null,null,null
2023-08-07T23:05:04Z,22.60,55.55,98,0,24.79,101.82,292.00,1652.00,null,null,null
2023-08-07T23:06:04Z,22.60,55.61,98,0,26.38,101.82,292.00,1652.00,0,0,0
2023-08-07T23:07:04Z,22.62,55.67,99,0,26.57,101.82,285.00,1644.00,null,null,null
2023-08-07T23:08:04Z,22.63,55.58,98,0,24.39,101.82,290.00,1651.00,null,null,null
2023-08-07T23:09:04Z,22.62,55.59,98,0,27.55,101.82,290.00,1651.00,null,null,null
2023-08-07T23:10:04Z,22.62,55.76,98,0,25.79,101.82,290.00,1651.00,null,null,null
2023-08-07T23:11:04Z,22.63,55.63,98,0,24.79,101.82,294.00,1655.00,0,0,0
2023-08-07T23:12:04Z,22.67,55.72,98,0,24.86,101.82,289.00,1650.00,null,null,null
2023-08-07T23:13:04Z,22.67,55.87,99,0,27.04,101.83,289.00,1650.00,null,null,null
2023-08-07T23:14:04Z,22.67,55.65,98,0,24.79,101.82,281.00,1640.00,null,null,null
2023-08-07T23:15:04Z,22.66,55.78,98,0,25.19,101.83,289.00,1650.00,null,null,null
2023-08-07T23:16:04Z,22.67,55.89,98,0,24.76,101.82,285.00,1644.00,0,0,0
2023-08-07T23:17:04Z,22.69,55.79,98,0,25.32,101.82,285.00,1644.00,null,null,null
2023-08-07T23:18:04Z,22.67,55.71,99,0,26.31,101.82,285.00,1644.00,null,null,null
2023-08-07T23:19:04Z,22.69,55.79,98,0,27.32,101.82,295.00,1656.00,null,null,null
2023-08-07T23:20:04Z,22.72,55.81,98,0,28.44,101.82,285.00,1644.00,null,null,null
2023-08-07T23:21:04Z,22.72,55.74,98,0,27.45,101.81,284.00,1642.00,0,0,0
2023-08-07T23:22:04Z,22.70,55.74,98,0,25.87,101.81,287.00,1647.00,null,null,null
2023-08-07T23:23:04Z,22.73,55.91,98,0,25.50,101.81,294.00,1655.00,null,null,null
2023-08-07T23:24:04Z,22.73,56.02,98,0,25.82,101.82,291.00,1651.00,null,null,null
2023-08-07T23:25:04Z,22.73,55.88,99,0,27.20,101.81,291.00,1651.00,null,null,null
2023-08-07T23:26:04Z,22.74,55.96,98,0,24.31,101.82,290.00,1651.00,0,0,0
2023-08-07T23:27:04Z,22.76,56.00,98,0,25.06,101.81,290.00,1651.00,null,null,null
2023-08-07T23:28:04Z,22.77,55.91,98,0,26.11,101.82,261.00,1616.00,null,null,null
2023-08-07T23:29:04Z,22.76,56.07,98,0,24.76,101.82,254.00,1610.00,null,null,null
2023-08-07T23:30:04Z,22.76,56.01,98,0,28.45,101.82,260.00,1615.00,null,null,null
2023-08-07T23:31:04Z,22.76,56.22,98,0,25.59,101.82,254.00,1608.00,0,0,0
2023-08-07T23:32:04Z,22.77,56.14,98,0,23.30,101.81,254.00,1608.00,null,null,null
2023-08-07T23:33:04Z,22.80,56.29,98,0,25.70,101.81,260.00,1615.00,null,null,null
2023-08-07T23:34:04Z,22.82,56.30,98,0,22.99,101.81,255.00,1611.00,null,null,null
2023-08-07T23:35:04Z,22.80,56.41,98,0,27.14,101.82,254.00,1610.00,null,null,null
2023-08-07T23:36:04Z,22.80,56.49,98,0,26.48,101.81,261.00,1616.00,0,0,0
2023-08-07T23:37:04Z,22.83,56.43,98,0,24.39,101.81,254.00,1610.00,null,null,null
2023-08-07T23:38:04Z,22.83,56.45,98,0,26.31,101.81,261.00,1616.00,null,null,null
2023-08-07T23:39:04Z,22.83,56.38,99,0,24.68,101.81,254.00,1610.00,null,null,null
2023-08-07T23:40:04Z,22.84,56.38,98,0,28.17,101.81,260.00,1615.00,null,null,null
2023-08-07T23:41:04Z,22.84,56.48,98,0,24.27,101.81,260.00,1615.00,0,0,0
2023-08-07T23:42:04Z,22.86,56.46,98,0,26.53,101.81,260.00,1615.00,null,null,null
2023-08-07T23:43:04Z,22.86,56.45,98,0,25.79,101.81,260.00,1615.00,null,null,null
2023-08-07T23:44:04Z,22.89,56.39,98,0,25.90,101.81,259.00,1615.00,null,null,null
2023-08-07T23:45:04Z,22.89,56.37,98,0,27.47,101.81,259.00,1615.00,null,null,null
2023-08-07T23:46:04Z,22.87,56.45,98,0,27.55,101.80,257.00,1612.00,0,0,0
2023-08-07T23:47:04Z,22.92,56.46,98,0,27.04,101.81,249.00,1606.00,null,null,null
2023-08-07T23:48:04Z,22.92,56.33,98,0,24.79,101.80,257.00,1612.00,null,null,null
2023-08-07T23:49:04Z,22.93,56.45,98,0,33.01,101.81,257.00,1612.00,null,null,null
2023-08-07T23:50:04Z,22.93,56.39,98,0,24.79,101.81,257.00,1612.00,null,null,null
2023-08-07T23:51:04Z,22.93,56.40,98,0,28.48,101.81,257.00,1612.00,0,0,0
2023-08-07T23:52:04Z,22.96,56.49,98,0,27.06,101.81,257.00,1612.00,null,null,null
2023-08-07T23:53:04Z,22.97,56.57,98,0,25.03,101.81,262.00,1618.00,null,null,null
2023-08-07T23:54:04Z,22.96,56.48,98,0,26.03,101.81,257.00,1612.00,null,null,null
2023-08-07T23:55:04Z,22.94,56.52,98,0,38.72,101.81,261.00,1616.00,null,null,null
2023-08-07T23:56:04Z,22.99,56.51,98,0,27.22,101.81,267.00,1624.00,0,0,0
2023-08-07T23:57:04Z,22.99,56.52,98,0,26.38,101.81,261.00,1616.00,null,null,null
2023-08-07T23:58:04Z,23.00,56.48,98,0,29.01,101.81,261.00,1616.00,null,null,null
2023-08-07T23:59:04Z,23.00,56.48,98,0,24.65,101.81,261.00,1616.00,null,null,null
