TIME,TEMP,HUM,BATT,LIGHT,NOISE_A,PRESS,CCS811_VOCS,CCS811_ECO2,PM_1,PM_25,PM_10
ISO 8601,C,%,%,Lux,dBA,kPa,ppb,ppm,ug/m3,ug/m3,ug/m3
Time,Temperature,Humidity,Battery,Light,Noise dBA,Barometric pressure,VOC Gas CCS811,eCO2 Gas CCS811,PM 1.0,PM 2.5,PM 10.0
,55,56,10,14,53,58,113,112,89,87,88
2023-08-06T00:00:04Z,23.13,64.31,98,0,26.48,101.27,74.00,887.00,null,null,null
2023-08-06T00:01:04Z,23.13,64.35,98,0,27.18,101.26,76.00,900.00,0,0,0
2023-08-06T00:02:04Z,23.14,64.25,99,0,26.69,101.27,73.00,885.00,null,null,null
2023-08-06T00:03:04Z,23.15,64.24,98,0,24.86,101.28,75.00,897.00,null,null,null
2023-08-06T00:04:04Z,23.13,64.37,98,0,26.99,101.27,76.00,902.00,null,null,null
2023-08-06T00:05:04Z,23.17,64.44,98,0,27.18,101.28,77.00,909.00,null,null,null
2023-08-06T00:06:04Z,23.15,64.38,99,0,29.69,101.28,74.00,887.00,0,0,0
2023-08-06T00:07:04Z,23.21,64.42,98,0,28.93,101.28,71.00,872.00,null,null,null
2023-08-06T00:08:04Z,23.18,64.50,98,0,27.53,101.28,71.00,872.00,null,null,null
2023-08-06T00:09:04Z,23.18,64.66,98,0,28.06,101.28,74.00,887.00,null,null,null
2023-08-06T00:10:04Z,23.20,64.43,99,0,30.29,101.28,76.00,900.00,null,null,null
2023-08-06T00:11:04Z,23.21,64.78,98,0,30.44,101.29,76.00,900.00,0,0,0
2023-08-06T00:12:04Z,23.20,64.60,99,0,26.62,101.28,71.00,870.00,null,null,null
2023-08-06T00:13:04Z,23.20,64.45,98,0,28.99,101.28,73.00,880.00,null,null,null
2023-08-06T00:14:04Z,23.23,64.51,98,0,27.87,101.28,72.00,877.00,null,null,null
2023-08-06T00:15:04Z,23.21,64.38,98,0,27.40,101.28,70.00,863.00,null,null,null
2023-08-06T00:16:04Z,23.21,64.35,98,0,26.00,101.29,74.00,891.00,0,0,0
2023-08-06T00:17:04Z,23.23,64.42,98,0,27.26,101.28,72.00,877.00,null,null,null
2023-08-06T00:18:04Z,23.24,64.38,98,0,28.25,101.28,71.00,872.00,null,null,null
2023-08-06T00:19:04Z,23.24,64.59,99,0,31.55,101.29,75.00,895.00,null,null,null
2023-08-06T00:20:04Z,23.25,64.35,98,0,27.38,101.29,71.00,870.00,null,null,null
2023-08-06T00:21:04Z,23.24,64.26,98,0,28.15,101.29,63.00,819.00,0,0,0
2023-08-06T00:22:04Z,23.25,64.31,98,0,34.50,101.28,71.00,868.00,null,null,null
2023-08-06T00:23:04Z,23.27,64.28,98,0,27.06,101.29,62.00,808.00,null,null,null
2023-08-06T00:24:04Z,23.25,64.40,98,0,26.29,101.30,67.00,846.00,null,null,null
2023-08-06T00:25:04Z,23.25,64.19,98,0,28.19,101.29,63.00,815.00,null,null,null
2023-08-06T00:26:04Z,23.27,64.36,98,0,27.97,101.30,63.00,819.00,0,0,0
2023-08-06T00:27:04Z,23.25,64.29,98,0,25.41,101.30,61.00,804.00,null,null,null
2023-08-06T00:28:04Z,23.30,64.31,98,0,25.26,101.30,64.00,825.00,null,null,null
2023-08-06T00:29:04Z,23.30,64.28,98,0,28.04,101.30,60.00,800.00,null,null,null
2023-08-06T00:30:04Z,23.30,64.31,98,0,23.63,101.31,60.00,800.00,null,null,null
2023-08-06T00:31:04Z,23.30,64.23,98,0,25.35,101.30,63.00,819.00,0,0,0
2023-08-06T00:32:04Z,23.33,64.21,98,0,25.09,101.31,61.00,802.00,null,null,null
2023-08-06T00:33:04Z,23.31,64.30,99,0,25.03,101.30,63.00,819.00,null,null,null
2023-08-06T00:34:04Z,23.33,64.28,98,0,29.18,101.31,63.00,815.00,null,null,null
2023-08-06T00:35:04Z,23.31,64.21,98,0,25.73,101.30,59.00,793.00,null,null,null
2023-08-06T00:36:04Z,23.30,64.40,99,0,27.80,101.31,61.00,806.00,0,0,0
2023-08-06T00:37:04Z,23.33,64.17,98,0,25.92,101.31,57.00,776.00,null,null,null
2023-08-06T00:38:04Z,23.33,64.09,99,0,27.42,101.32,57.00,780.00,null,null,null
2023-08-06T00:39:04Z,23.35,64.22,98,0,26.69,101.32,57.00,776.00,null,null,null
2023-08-06T00:40:04Z,23.34,64.34,98,0,28.22,101.32,62.00,813.00,null,null,null
2023-08-06T00:41:04Z,23.33,64.31,98,0,23.40,101.32,58.00,783.00,0,0,0
2023-08-06T00:42:04Z,23.35,64.16,98,0,24.93,101.32,59.00,793.00,null,null,null
2023-08-06T00:43:04Z,23.35,64.41,98,0,26.46,101.32,60.00,798.00,null,null,null
2023-08-06T00:44:04Z,23.38,64.17,98,0,23.77,101.33,59.00,793.00,null,null,null
2023-08-06T00:45:04Z,23.35,64.15,98,0,26.41,101.33,61.00,806.00,null,null,null
2023-08-06T00:46:04Z,23.34,64.18,98,0,28.95,101.33,61.00,804.00,0,0,0
2023-08-06T00:47:04Z,23.37,64.09,98,0,25.47,101.34,61.00,804.00,null,null,null
2023-08-06T00:48:04Z,23.35,64.23,98,0,27.85,101.34,60.00,800.00,null,null,null
2023-08-06T00:49:04Z,23.39,64.20,99,0,25.70,101.35,60.00,800.00,null,null,null
2023-08-06T00:50:04Z,23.41,64.15,99,0,25.41,101.35,60.00,798.00,null,null,null
2023-08-06T00:51:04Z,23.37,64.07,99,0,26.43,101.35,60.00,798.00,0,0,0
2023-08-06T00:52:04Z,23.42,64.36,99,0,25.70,101.36,60.00,795.00,null,null,null
2023-08-06T00:53:04Z,23.39,64.16,98,0,23.98,101.35,59.00,791.00,null,null,null
2023-08-06T00:54:04Z,23.39,64.09,98,0,26.76,101.35,61.00,806.00,null,null,null
2023-08-06T00:55:04Z,23.39,64.07,98,0,24.79,101.35,56.00,770.00,null,null,null
2023-08-06T00:56:04Z,23.41,64.04,98,0,25.50,101.34,59.00,791.00,0,0,0
2023-08-06T00:57:04Z,23.41,64.06,98,0,28.58,101.35,59.00,791.00,null,null,null
2023-08-06T00:58:04Z,23.42,63.98,98,0,28.39,101.35,61.00,802.00,null,null,null
2023-08-06T00:59:04Z,23.42,64.02,99,0,26.64,101.35,61.00,802.00,null,null,null
2023-08-06T01:00:04Z,23.41,64.08,98,0,30.97,101.35,63.00,819.00,null,null,null
2023-08-06T01:01:04Z,23.42,63.97,98,0,28.34,101.35,60.00,798.00,0,0,0
2023-08-06T01:02:04Z,23.44,64.11,98,0,25.38,101.35,60.00,798.00,null,null,null
2023-08-06T01:03:04Z,23.44,64.02,98,0,25.59,101.36,63.00,817.00,null,null,null
2023-08-06T01:04:04Z,23.44,63.91,98,0,25.16,101.36,63.00,817.00,null,null,null
2023-08-06T01:05:04Z,23.45,64.04,98,0,26.24,101.36,60.00,800.00,null,null,null
2023-08-06T01:06:04Z,23.44,63.99,99,0,27.75,101.36,60.00,800.00,0,0,0
2023-08-06T01:07:04Z,23.45,63.93,98,0,26.21,101.36,56.00,774.00,null,null,null
2023-08-06T01:08:04Z,23.47,63.92,99,0,28.54,101.36,62.00,810.00,null,null,null
2023-08-06T01:09:04Z,23.47,64.00,98,0,27.68,101.36,59.00,793.00,null,null,null
2023-08-06T01:10:04Z,23.47,64.04,98,0,25.98,101.36,59.00,793.00,null,null,null
2023-08-06T01:11:04Z,23.48,64.41,98,0,28.99,101.36,61.00,804.00,0,0,0
2023-08-06T01:12:04Z,23.48,64.28,98,0,26.97,101.36,58.00,785.00,null,null,null
2023-08-06T01:13:04Z,23.50,64.29,98,0,26.80,101.36,60.00,798.00,null,null,null
2023-08-06T01:14:04Z,23.48,64.34,99,0,28.06,101.36,63.00,819.00,null,null,null
2023-08-06T01:15:04Z,23.48,64.32,98,0,28.70,101.37,60.00,795.00,null,null,null
2023-08-06T01:16:04Z,23.48,64.28,98,0,24.76,101.36,60.00,795.00,0,0,0
2023-08-06T01:17:04Z,23.51,64.27,98,0,27.80,101.37,61.00,804.00,null,null,null
2023-08-06T01:18:04Z,23.52,64.39,98,0,26.53,101.37,61.00,804.00,null,null,null
2023-08-06T01:19:04Z,23.51,64.33,98,0,27.34,101.38,62.00,813.00,null,null,null
2023-08-06T01:20:04Z,23.50,64.13,98,0,27.18,101.38,62.00,810.00,null,null,null
2023-08-06T01:21:04Z,23.50,64.22,98,0,23.63,101.38,61.00,804.00,0,0,0
2023-08-06T01:22:04Z,23.52,64.59,98,0,27.84,101.39,62.00,813.00,null,null,null
2023-08-06T01:23:04Z,23.51,64.54,98,0,26.19,101.39,60.00,798.00,null,null,null
2023-08-06T01:24:04Z,23.54,64.32,98,0,28.70,101.38,61.00,806.00,null,null,null
2023-08-06T01:25:04Z,23.54,64.27,99,0,29.61,101.39,61.00,806.00,null,null,null
2023-08-06T01:26:04Z,23.51,64.28,99,0,28.51,101.39,59.00,791.00,0,0,0
2023-08-06T01:27:04Z,23.54,64.42,99,0,25.67,101.39,63.00,815.00,null,null,null
2023-08-06T01:28:04Z,23.55,64.34,98,0,29.03,101.39,63.00,815.00,null,null,null
2023-08-06T01:29:04Z,23.57,64.41,98,0,31.19,101.40,65.00,830.00,null,null,null
2023-08-06T01:30:04Z,23.57,64.33,98,0,28.39,101.39,65.00,832.00,null,null,null
2023-08-06T01:31:04Z,23.58,64.35,98,0,26.11,101.39,64.00,821.00,0,0,0
2023-08-06T01:32:04Z,23.58,64.24,98,0,25.47,101.40,65.00,830.00,null,null,null
2023-08-06T01:33:04Z,23.59,64.51,98,0,27.51,101.40,64.00,825.00,null,null,null
2023-08-06T01:34:04Z,23.58,64.46,98,0,28.51,101.40,69.00,857.00,null,null,null
2023-08-06T01:35:04Z,23.59,64.39,98,0,26.78,101.40,69.00,857.00,null,null,null
2023-08-06T01:36:04Z,23.57,64.33,98,0,25.95,101.40,66.00,838.00,0,0,0
2023-08-06T01:37:04Z,23.58,64.46,99,0,24.54,101.40,64.00,825.00,null,null,null
2023-08-06T01:38:04Z,23.61,64.27,98,0,26.16,101.40,66.00,836.00,null,null,null
2023-08-06T01:39:04Z,23.62,64.18,98,0,28.73,101.40,64.00,821.00,null,null,null
2023-08-06T01:40:04Z,23.64,64.20,98,0,27.80,101.40,71.00,870.00,null,null,null
2023-08-06T01:41:04Z,23.61,64.49,98,0,28.89,101.41,71.00,868.00,0,0,0
2023-08-06T01:42:04Z,23.59,64.32,98,0,27.60,101.40,70.00,863.00,null,null,null
2023-08-06T01:43:04Z,23.62,64.21,99,0,25.90,101.41,69.00,857.00,null,null,null
2023-08-06T01:44:04Z,23.61,64.28,98,0,28.63,101.41,68.00,848.00,null,null,null
2023-08-06T01:45:04Z,23.62,64.20,99,0,27.26,101.41,69.00,855.00,null,null,null
2023-08-06T01:46:04Z,23.62,64.20,98,0,28.88,101.41,67.00,846.00,0,0,0
2023-08-06T01:47:04Z,23.64,64.08,98,0,26.71,101.42,71.00,872.00,null,null,null
2023-08-06T01:48:04Z,23.64,64.27,99,0,26.41,101.42,74.00,887.00,null,null,null
2023-08-06T01:49:04Z,23.66,64.26,98,0,26.64,101.42,74.00,891.00,null,null,null
2023-08-06T01:50:04Z,23.66,64.23,99,0,28.47,101.42,73.00,880.00,null,null,null
2023-08-06T01:51:04Z,23.66,64.16,98,0,26.95,101.42,73.00,880.00,0,0,0
2023-08-06T01:52:04Z,23.65,64.05,98,0,27.82,101.42,70.00,863.00,null,null,null
2023-08-06T01:53:04Z,23.68,63.99,98,0,26.26,101.42,68.00,848.00,null,null,null
2023-08-06T01:54:04Z,23.69,64.09,98,0,29.99,101.42,73.00,880.00,null,null,null
2023-08-06T01:55:04Z,23.68,64.02,98,0,27.99,101.42,67.00,846.00,null,null,null
2023-08-06T01:56:04Z,23.66,63.92,98,0,27.94,101.42,65.00,832.00,0,0,0
2023-08-06T01:57:04Z,23.71,64.00,99,0,29.27,101.42,67.00,840.00,null,null,null
2023-08-06T01:58:04Z,23.68,64.09,98,0,29.41,101.42,67.00,840.00,null,null,null
2023-08-06T01:59:04Z,23.71,64.01,99,0,29.50,101.43,68.00,851.00,null,null,null
2023-08-06T02:00:04Z,23.69,64.07,98,0,28.66,101.42,68.00,851.00,null,null,null
2023-08-06T02:01:04Z,23.71,64.02,99,0,27.04,101.42,66.00,838.00,0,0,0
2023-08-06T02:02:04Z,23.69,63.91,98,0,27.84,101.43,64.00,825.00,null,null,null
2023-08-06T02:03:04Z,23.75,64.07,98,0,28.34,101.43,66.00,834.00,null,null,null
2023-08-06T02:04:04Z,23.72,63.99,98,0,28.02,101.42,53.00,754.00,null,null,null
2023-08-06T02:05:04Z,23.72,64.00,98,0,24.11,101.43,63.00,817.00,null,null,null
2023-08-06T02:06:04Z,23.71,64.02,98,0,26.26,101.43,63.00,817.00,0,0,0
2023-08-06T02:07:04Z,23.75,64.08,98,0,27.68,101.43,65.00,830.00,null,null,null
2023-08-06T02:08:04Z,23.73,63.95,98,0,25.76,101.43,55.00,763.00,null,null,null
2023-08-06T02:09:04Z,23.75,64.03,98,0,30.80,101.42,62.00,813.00,null,null,null
2023-08-06T02:10:04Z,23.75,63.99,99,0,30.37,101.43,56.00,772.00,null,null,null
2023-08-06T02:11:04Z,23.76,63.87,99,0,25.92,101.43,52.00,746.00,0,0,0
2023-08-06T02:12:04Z,23.76,63.91,98,0,28.07,101.44,50.00,733.00,null,null,null
2023-08-06T02:13:04Z,23.76,63.99,98,0,25.76,101.43,53.00,754.00,null,null,null
2023-08-06T02:14:04Z,23.79,63.87,98,0,31.29,101.43,52.00,742.00,null,null,null
2023-08-06T02:15:04Z,23.76,63.80,98,0,29.38,101.43,51.00,740.00,null,null,null
2023-08-06T02:16:04Z,23.76,64.00,98,0,25.06,101.43,57.00,778.00,0,0,0
2023-08-06T02:17:04Z,23.78,63.91,98,0,28.04,101.44,75.00,895.00,null,null,null
2023-08-06T02:18:04Z,23.78,63.88,99,0,28.73,101.44,87.00,972.00,null,null,null
2023-08-06T02:19:04Z,23.76,63.84,99,0,28.85,101.43,83.00,951.00,null,null,null
2023-08-06T02:20:04Z,23.78,63.79,99,0,27.02,101.44,76.00,902.00,null,null,null
2023-08-06T02:21:04Z,23.78,63.76,98,0,25.62,101.44,71.00,872.00,0,0,0
2023-08-06T02:22:04Z,23.79,63.78,98,0,28.48,101.44,71.00,872.00,null,null,null
2023-08-06T02:23:04Z,23.81,63.73,98,0,28.92,101.44,69.00,855.00,null,null,null
2023-08-06T02:24:04Z,23.81,63.61,98,0,27.99,101.44,69.00,853.00,null,null,null
2023-08-06T02:25:04Z,23.81,63.69,98,0,27.30,101.44,65.00,832.00,null,null,null
2023-08-06T02:26:04Z,23.78,63.75,98,0,29.18,101.44,68.00,848.00,0,0,0
2023-08-06T02:27:04Z,23.81,63.77,98,0,34.75,101.44,66.00,838.00,null,null,null
2023-08-06T02:28:04Z,23.82,64.17,99,0,29.54,101.44,62.00,810.00,null,null,null
2023-08-06T02:29:04Z,23.82,64.34,98,0,31.09,101.44,62.00,810.00,null,null,null
2023-08-06T02:30:04Z,23.79,64.02,98,0,28.17,101.44,67.00,844.00,null,null,null
2023-08-06T02:31:04Z,23.81,63.80,99,0,29.47,101.45,61.00,806.00,0,0,0
2023-08-06T02:32:04Z,23.82,63.78,98,0,25.38,101.45,86.00,967.00,null,null,null
2023-08-06T02:33:04Z,23.81,63.85,98,0,24.93,101.45,105.00,1093.00,null,null,null
2023-08-06T02:34:04Z,23.81,63.97,98,0,38.55,101.46,92.00,1007.00,null,null,null
2023-08-06T02:35:04Z,23.82,63.73,98,0,28.30,101.46,87.00,972.00,null,null,null
2023-08-06T02:36:04Z,23.83,63.91,99,0,24.96,101.46,83.00,949.00,0,0,0
2023-08-06T02:37:04Z,23.82,64.22,98,0,28.85,101.45,82.00,940.00,null,null,null
2023-08-06T02:38:04Z,23.83,64.21,98,0,26.00,101.45,81.00,935.00,null,null,null
2023-08-06T02:39:04Z,23.83,63.82,98,0,24.23,101.45,79.00,920.00,null,null,null
2023-08-06T02:40:04Z,23.85,63.77,98,0,28.42,101.45,71.00,872.00,null,null,null
2023-08-06T02:41:04Z,23.82,63.88,99,0,31.84,101.45,81.00,933.00,0,0,0
2023-08-06T02:42:04Z,23.85,63.83,98,0,25.38,101.45,88.00,981.00,null,null,null
2023-08-06T02:43:04Z,23.82,63.63,98,0,24.72,101.45,83.00,949.00,null,null,null
2023-08-06T02:44:04Z,23.85,63.69,98,0,25.56,101.46,84.00,954.00,null,null,null
2023-08-06T02:45:04Z,23.83,63.76,99,0,28.42,101.46,79.00,920.00,null,null,null
2023-08-06T02:46:04Z,23.85,63.54,99,0,26.93,101.45,82.00,940.00,0,0,0
2023-08-06T02:47:04Z,23.85,63.51,98,0,26.41,101.45,80.00,930.00,null,null,null
2023-08-06T02:48:04Z,23.85,63.45,98,0,34.84,101.45,80.00,930.00,null,null,null
2023-08-06T02:49:04Z,23.85,63.71,98,0,24.72,101.46,80.00,930.00,null,null,null
2023-08-06T02:50:04Z,23.83,63.56,98,0,26.95,101.45,80.00,927.00,null,null,null
2023-08-06T02:51:04Z,23.85,63.55,98,0,23.49,101.45,80.00,927.00,0,0,0
2023-08-06T02:52:04Z,23.85,63.63,98,0,26.00,101.45,74.00,891.00,null,null,null
2023-08-06T02:53:04Z,23.85,63.56,98,0,23.94,101.45,74.00,891.00,null,null,null
2023-08-06T02:54:04Z,23.86,63.62,98,0,26.78,101.45,74.00,889.00,null,null,null
2023-08-06T02:55:04Z,23.88,63.52,98,0,27.82,101.45,72.00,877.00,null,null,null
2023-08-06T02:56:04Z,23.85,63.53,98,0,25.32,101.45,76.00,900.00,0,0,0
2023-08-06T02:57:04Z,23.88,63.59,98,0,24.93,101.45,76.00,900.00,null,null,null
2023-08-06T02:58:04Z,23.88,63.49,98,0,24.76,101.45,71.00,870.00,null,null,null
2023-08-06T02:59:04Z,23.88,63.45,98,0,23.81,101.45,71.00,870.00,null,null,null
2023-08-06T03:00:04Z,23.88,63.49,98,0,30.69,101.45,73.00,880.00,null,null,null
2023-08-06T03:01:04Z,23.89,63.44,98,0,26.24,101.46,71.00,868.00,0,0,0
2023-08-06T03:02:04Z,23.88,63.45,98,0,22.49,101.46,70.00,865.00,null,null,null
2023-08-06T03:03:04Z,23.88,63.38,99,0,26.95,101.46,70.00,865.00,null,null,null
2023-08-06T03:04:04Z,23.89,63.33,99,0,26.11,101.46,70.00,863.00,null,null,null
2023-08-06T03:05:04Z,23.86,63.39,99,0,26.89,101.46,65.00,832.00,null,null,null
2023-08-06T03:06:04Z,23.86,63.30,98,0,27.87,101.46,67.00,840.00,0,0,0
2023-08-06T03:07:04Z,23.89,63.39,98,0,25.29,101.47,69.00,857.00,null,null,null
2023-08-06T03:08:04Z,23.86,63.23,99,0,27.38,101.46,65.00,827.00,null,null,null
2023-08-06T03:09:04Z,23.86,63.18,99,0,26.38,101.47,68.00,848.00,null,null,null
2023-08-06T03:10:04Z,23.85,63.31,98,0,29.04,101.46,68.00,848.00,null,null,null
2023-08-06T03:11:04Z,23.86,63.50,99,0,24.61,101.46,69.00,853.00,0,0,0
2023-08-06T03:12:04Z,23.89,63.37,99,0,24.11,101.46,66.00,836.00,null,null,null
2023-08-06T03:13:04Z,23.90,63.47,98,0,25.41,101.46,66.00,834.00,null,null,null
2023-08-06T03:14:04Z,23.89,63.47,98,0,27.69,101.46,66.00,834.00,null,null,null
2023-08-06T03:15:04Z,23.88,63.55,99,0,27.34,101.47,65.00,830.00,null,null,null
2023-08-06T03:16:04Z,23.88,63.48,98,0,25.26,101.46,67.00,846.00,0,0,0
2023-08-06T03:17:04Z,23.89,63.50,98,0,26.19,101.47,65.00,830.00,null,null,null
2023-08-06T03:18:04Z,23.90,63.44,98,0,28.07,101.46,63.00,817.00,null,null,null
2023-08-06T03:19:04Z,23.90,63.43,98,0,28.42,101.47,62.00,810.00,null,null,null
2023-08-06T03:20:04Z,23.88,63.35,98,0,27.66,101.47,60.00,795.00,null,null,null
2023-08-06T03:21:04Z,23.89,63.38,98,0,24.19,101.47,57.00,780.00,0,0,0
2023-08-06T03:22:04Z,23.90,63.30,98,0,29.20,101.47,59.00,793.00,null,null,null
2023-08-06T03:23:04Z,23.89,63.23,98,0,25.41,101.46,59.00,793.00,null,null,null
2023-08-06T03:24:04Z,23.90,63.36,98,0,27.71,101.46,59.00,791.00,null,null,null
2023-08-06T03:25:04Z,23.88,63.29,98,0,27.42,101.47,62.00,808.00,null,null,null
2023-08-06T03:26:04Z,23.90,63.25,98,0,28.06,101.47,58.00,787.00,0,0,0
2023-08-06T03:27:04Z,23.89,63.20,98,0,24.83,101.47,57.00,776.00,null,null,null
2023-08-06T03:28:04Z,23.90,63.25,98,0,25.29,101.47,58.00,783.00,null,null,null
2023-08-06T03:29:04Z,23.92,63.31,98,0,25.67,101.47,56.00,774.00,null,null,null
2023-08-06T03:30:04Z,23.90,63.24,98,0,23.63,101.47,56.00,772.00,null,null,null
2023-08-06T03:31:04Z,23.89,63.15,98,0,27.57,101.47,57.00,780.00,0,0,0
2023-08-06T03:32:04Z,23.92,63.28,98,0,26.95,101.47,56.00,770.00,null,null,null
2023-08-06T03:33:04Z,23.89,63.20,98,0,26.64,101.47,52.00,746.00,null,null,null
2023-08-06T03:34:04Z,23.90,63.08,99,0,30.84,101.48,56.00,768.00,null,null,null
2023-08-06T03:35:04Z,23.89,63.06,98,0,25.73,101.48,53.00,752.00,null,null,null
2023-08-06T03:36:04Z,23.90,63.28,98,0,29.16,101.47,55.00,765.00,0,0,0
2023-08-06T03:37:04Z,23.92,63.20,98,0,28.55,101.47,54.00,757.00,null,null,null
2023-08-06T03:38:04Z,23.92,63.20,98,0,28.64,101.47,55.00,763.00,null,null,null
2023-08-06T03:39:04Z,23.89,63.21,98,0,26.50,101.48,53.00,748.00,null,null,null
2023-08-06T03:40:04Z,23.90,63.02,98,0,31.31,101.47,54.00,761.00,null,null,null
2023-08-06T03:41:04Z,23.90,63.12,99,0,29.95,101.48,54.00,761.00,0,0,0
2023-08-06T03:42:04Z,23.92,63.02,99,0,32.98,101.48,51.00,740.00,null,null,null
2023-08-06T03:43:04Z,23.90,63.03,98,0,27.97,101.47,51.00,740.00,null,null,null
2023-08-06T03:44:04Z,23.90,63.05,98,0,29.13,101.48,53.00,754.00,null,null,null
2023-08-06T03:45:04Z,23.93,63.03,98,0,32.29,101.47,51.00,737.00,null,null,null
2023-08-06T03:46:04Z,23.93,63.09,98,0,27.68,101.48,51.00,737.00,0,0,0
2023-08-06T03:47:04Z,23.94,63.04,98,0,26.99,101.48,48.00,719.00,null,null,null
2023-08-06T03:48:04Z,23.92,63.03,98,0,27.51,101.48,50.00,733.00,null,null,null
2023-08-06T03:49:04Z,23.94,63.02,98,0,25.13,101.48,46.00,708.00,null,null,null
2023-08-06T03:50:04Z,23.92,63.02,98,0,26.14,101.48,50.00,732.00,null,null,null
2023-08-06T03:51:04Z,23.92,62.97,98,0,28.47,101.48,48.00,717.00,0,0,0
2023-08-06T03:52:04Z,23.92,62.90,98,0,26.46,101.48,48.00,717.00,null,null,null
2023-08-06T03:53:04Z,23.93,63.02,98,0,28.89,101.48,47.00,714.00,null,null,null
2023-08-06T03:54:04Z,23.94,62.98,98,0,26.16,101.48,49.00,728.00,null,null,null
2023-08-06T03:55:04Z,23.93,63.11,98,0,27.64,101.48,49.00,726.00,null,null,null
2023-08-06T03:56:04Z,23.93,63.20,98,0,30.47,101.49,47.00,712.00,0,0,0
2023-08-06T03:57:04Z,23.93,63.04,98,0,26.21,101.48,45.00,700.00,null,null,null
2023-08-06T03:58:04Z,23.96,63.15,98,0,30.69,101.48,47.00,710.00,null,null,null
2023-08-06T03:59:04Z,23.93,63.20,98,0,29.01,101.49,48.00,719.00,null,null,null
2023-08-06T04:00:04Z,23.93,63.11,98,0,25.00,101.49,46.00,708.00,null,null,null
2023-08-06T04:01:04Z,23.93,63.20,98,0,28.06,101.48,46.00,708.00,0,0,0
2023-08-06T04:02:04Z,23.96,63.37,98,0,25.44,101.49,45.00,697.00,null,null,null
2023-08-06T04:03:04Z,23.93,63.13,98,0,28.30,101.48,44.00,694.00,null,null,null
2023-08-06T04:04:04Z,23.92,63.17,99,0,26.93,101.48,44.00,692.00,null,null,null
2023-08-06T04:05:04Z,23.94,63.32,99,0,29.30,101.49,44.00,692.00,null,null,null
2023-08-06T04:06:04Z,23.93,63.15,98,0,25.47,101.49,42.00,682.00,0,0,0
2023-08-06T04:07:04Z,23.96,63.04,98,0,28.14,101.49,44.00,690.00,null,null,null
2023-08-06T04:08:04Z,23.94,63.06,98,0,31.02,101.49,45.00,699.00,null,null,null
2023-08-06T04:09:04Z,23.93,63.03,98,0,29.44,101.50,45.00,699.00,null,null,null
2023-08-06T04:10:04Z,23.93,63.11,98,0,24.61,101.50,43.00,683.00,null,null,null
2023-08-06T04:11:04Z,23.94,63.31,98,0,24.31,101.50,43.00,683.00,0,0,0
2023-08-06T04:12:04Z,23.94,63.30,98,0,25.53,101.50,39.00,660.00,null,null,null
2023-08-06T04:13:04Z,23.96,63.20,98,0,25.92,101.50,41.00,675.00,null,null,null
2023-08-06T04:14:04Z,23.94,62.99,98,0,24.83,101.50,44.00,692.00,null,null,null
2023-08-06T04:15:04Z,23.96,62.96,99,0,24.31,101.50,40.00,668.00,null,null,null
2023-08-06T04:16:04Z,23.92,63.03,98,0,27.34,101.49,40.00,665.00,0,0,0
2023-08-06T04:17:04Z,23.96,63.05,98,0,26.53,101.50,40.00,665.00,null,null,null
2023-08-06T04:18:04Z,23.96,63.13,98,0,28.07,101.50,39.00,660.00,null,null,null
2023-08-06T04:19:04Z,23.99,62.91,98,0,27.55,101.50,39.00,660.00,null,null,null
2023-08-06T04:20:04Z,23.93,62.94,98,0,24.23,101.51,41.00,675.00,null,null,null
2023-08-06T04:21:04Z,23.96,63.12,98,0,32.74,101.51,41.00,675.00,0,0,0
2023-08-06T04:22:04Z,23.98,63.18,98,0,24.93,101.51,39.00,657.00,null,null,null
2023-08-06T04:23:04Z,24.01,62.93,98,0,27.24,101.51,36.00,641.00,null,null,null
2023-08-06T04:24:04Z,23.98,62.86,98,0,26.89,101.51,36.00,640.00,null,null,null
2023-08-06T04:25:04Z,23.96,62.90,98,0,27.08,101.51,37.00,646.00,null,null,null
2023-08-06T04:26:04Z,23.93,63.19,98,0,30.09,101.51,38.00,652.00,0,0,0
2023-08-06T04:27:04Z,23.96,62.77,98,0,25.26,101.52,37.00,643.00,null,null,null
2023-08-06T04:28:04Z,23.98,63.07,99,0,24.83,101.52,37.00,643.00,null,null,null
2023-08-06T04:29:04Z,23.98,62.93,98,0,27.73,101.52,36.00,641.00,null,null,null
2023-08-06T04:30:04Z,23.98,62.83,98,0,28.95,101.52,35.00,634.00,null,null,null
2023-08-06T04:31:04Z,23.98,62.97,98,0,28.12,101.52,37.00,649.00,0,0,0
2023-08-06T04:32:04Z,23.94,63.03,98,0,27.92,101.52,37.00,649.00,null,null,null
2023-08-06T04:33:04Z,23.98,62.87,98,0,29.74,101.52,35.00,631.00,null,null,null
2023-08-06T04:34:04Z,23.98,62.84,98,0,25.41,101.52,35.00,631.00,null,null,null
2023-08-06T04:35:04Z,23.96,63.17,98,0,28.28,101.52,36.00,637.00,null,null,null
2023-08-06T04:36:04Z,23.96,63.09,98,0,27.80,101.53,36.00,637.00,0,0,0
2023-08-06T04:37:04Z,24.01,63.25,98,0,24.93,101.53,34.00,627.00,null,null,null
2023-08-06T04:38:04Z,23.98,63.03,98,0,25.29,101.53,33.00,620.00,null,null,null
2023-08-06T04:39:04Z,23.98,63.20,98,0,24.07,101.53,56.00,770.00,null,null,null
2023-08-06T04:40:04Z,23.96,63.13,98,0,24.15,101.53,73.00,885.00,null,null,null
2023-08-06T04:41:04Z,23.98,63.23,98,0,28.73,101.53,66.00,836.00,0,0,0
2023-08-06T04:42:04Z,23.99,63.32,98,0,28.30,101.53,58.00,783.00,null,null,null
2023-08-06T04:43:04Z,23.98,63.19,98,0,27.99,101.53,52.00,746.00,null,null,null
2023-08-06T04:44:04Z,23.99,63.32,98,0,26.11,101.54,50.00,730.00,null,null,null
2023-08-06T04:45:04Z,23.99,63.18,98,0,26.38,101.53,52.00,742.00,null,null,null
2023-08-06T04:46:04Z,24.02,63.27,98,0,25.87,101.53,47.00,712.00,0,0,0
2023-08-06T04:47:04Z,24.01,63.34,98,0,24.43,101.54,44.00,690.00,null,null,null
2023-08-06T04:48:04Z,23.99,63.19,99,0,27.26,101.54,42.00,678.00,null,null,null
2023-08-06T04:49:04Z,23.99,63.24,98,0,22.89,101.54,45.00,697.00,null,null,null
2023-08-06T04:50:04Z,23.98,63.23,98,0,23.77,101.55,43.00,686.00,null,null,null
2023-08-06T04:51:04Z,23.99,63.27,98,0,26.38,101.54,45.00,697.00,0,0,0
2023-08-06T04:52:04Z,24.01,63.22,99,0,23.30,101.54,41.00,675.00,null,null,null
2023-08-06T04:53:04Z,24.01,63.40,98,0,22.61,101.55,43.00,683.00,null,null,null
2023-08-06T04:54:04Z,24.01,63.44,98,0,27.04,101.55,41.00,674.00,null,null,null
2023-08-06T04:55:04Z,23.98,63.32,98,0,26.00,101.55,40.00,666.00,null,null,null
2023-08-06T04:56:04Z,23.98,63.25,98,0,26.82,101.55,42.00,682.00,0,0,0
2023-08-06T04:57:04Z,23.99,63.08,98,0,23.77,101.55,40.00,665.00,null,null,null
2023-08-06T04:58:04Z,24.01,63.05,98,0,23.68,101.55,42.00,679.00,null,null,null
2023-08-06T04:59:04Z,24.01,63.18,98,0,25.70,101.55,39.00,656.00,null,null,null
2023-08-06T05:00:04Z,24.03,63.19,98,0,26.71,101.55,41.00,671.00,null,null,null
2023-08-06T05:01:04Z,23.99,63.26,98,0,25.44,101.56,40.00,668.00,0,0,0
2023-08-06T05:02:04Z,23.99,63.25,98,0,26.26,101.55,37.00,646.00,null,null,null
2023-08-06T05:03:04Z,24.02,63.32,98,0,23.81,101.55,37.00,645.00,null,null,null
2023-08-06T05:04:04Z,24.02,63.46,98,0,25.56,101.56,37.00,645.00,null,null,null
2023-08-06T05:05:04Z,23.98,63.36,98,0,25.32,101.55,35.00,634.00,null,null,null
2023-08-06T05:06:04Z,23.98,63.27,98,0,25.44,101.56,39.00,656.00,0,0,0
2023-08-06T05:07:04Z,24.01,63.20,99,0,28.04,101.56,36.00,641.00,null,null,null
2023-08-06T05:08:04Z,23.99,63.29,99,0,26.24,101.56,37.00,649.00,null,null,null
2023-08-06T05:09:04Z,24.02,63.25,99,0,25.65,101.56,38.00,652.00,null,null,null
2023-08-06T05:10:04Z,24.01,63.34,98,0,27.51,101.56,43.00,683.00,null,null,null
2023-08-06T05:11:04Z,23.99,63.04,99,0,25.41,101.56,40.00,668.00,0,0,0
2023-08-06T05:12:04Z,24.02,63.22,98,0,29.99,101.57,40.00,666.00,null,null,null
2023-08-06T05:13:04Z,24.03,63.31,99,0,25.95,101.57,39.00,657.00,null,null,null
2023-08-06T05:14:04Z,23.98,63.25,98,0,22.89,101.57,37.00,646.00,null,null,null
2023-08-06T05:15:04Z,24.03,63.18,99,0,27.47,101.57,35.00,634.00,null,null,null
2023-08-06T05:16:04Z,24.01,63.17,98,0,27.06,101.57,38.00,653.00,0,0,0
2023-08-06T05:17:04Z,24.01,63.07,98,0,27.69,101.57,36.00,641.00,null,null,null
2023-08-06T05:18:04Z,23.99,63.47,98,0,28.15,101.57,36.00,637.00,null,null,null
2023-08-06T05:19:04Z,24.02,63.29,99,0,25.00,101.58,34.00,629.00,null,null,null
2023-08-06T05:20:04Z,23.99,63.04,98,0,23.59,101.58,34.00,627.00,null,null,null
2023-08-06T05:21:04Z,24.01,63.16,98,0,28.37,101.58,35.00,634.00,0,0,0
2023-08-06T05:22:04Z,24.02,63.21,98,0,25.82,101.58,34.00,626.00,null,null,null
2023-08-06T05:23:04Z,24.02,63.16,98,0,26.87,101.58,33.00,617.00,null,null,null
2023-08-06T05:24:04Z,24.03,63.06,98,0,28.14,101.58,32.00,614.00,null,null,null
2023-08-06T05:25:04Z,24.03,62.98,98,0,27.80,101.58,32.00,614.00,null,null,null
2023-08-06T05:26:04Z,24.03,63.11,98,0,22.72,101.58,33.00,623.00,0,0,0
2023-08-06T05:27:04Z,24.01,62.92,98,0,22.31,101.58,30.00,599.00,null,null,null
2023-08-06T05:28:04Z,24.03,62.97,98,0,26.24,101.58,30.00,599.00,null,null,null
2023-08-06T05:29:04Z,24.02,62.92,98,0,26.14,101.58,33.00,618.00,null,null,null
2023-08-06T05:30:04Z,24.03,63.14,98,0,26.24,101.58,32.00,611.00,null,null,null
2023-08-06T05:31:04Z,24.02,63.11,98,0,24.89,101.58,33.00,617.00,0,0,0
2023-08-06T05:32:04Z,24.03,63.13,99,0,26.57,101.59,31.00,607.00,null,null,null
2023-08-06T05:33:04Z,24.03,63.02,99,0,27.10,101.59,31.00,605.00,null,null,null
2023-08-06T05:34:04Z,24.05,63.14,98,0,24.39,101.58,32.00,615.00,null,null,null
2023-08-06T05:35:04Z,24.03,63.11,99,0,28.63,101.59,40.00,665.00,null,null,null
2023-08-06T05:36:04Z,23.99,63.02,98,0,22.83,101.58,43.00,688.00,0,0,0
2023-08-06T05:37:04Z,24.03,63.07,98,0,30.91,101.59,41.00,672.00,null,null,null
2023-08-06T05:38:04Z,24.05,62.98,98,0,28.45,101.59,41.00,672.00,null,null,null
2023-08-06T05:39:04Z,24.05,63.05,98,0,27.92,101.59,41.00,671.00,null,null,null
2023-08-06T05:40:04Z,24.03,63.10,98,0,23.90,101.59,40.00,665.00,null,null,null
2023-08-06T05:41:04Z,24.03,62.93,98,0,30.89,101.59,38.00,653.00,0,0,0
2023-08-06T05:42:04Z,24.02,62.94,98,0,32.51,101.59,36.00,641.00,null,null,null
2023-08-06T05:43:04Z,24.03,62.88,98,0,24.86,101.60,36.00,641.00,null,null,null
2023-08-06T05:44:04Z,24.05,62.78,98,0,23.63,101.60,38.00,653.00,null,null,null
2023-08-06T05:45:04Z,24.05,63.11,98,0,25.47,101.60,39.00,660.00,null,null,null
2023-08-06T05:46:04Z,24.02,63.07,98,0,25.47,101.60,38.00,652.00,0,0,0
2023-08-06T05:47:04Z,24.03,63.08,99,0,25.53,101.60,39.00,657.00,null,null,null
2023-08-06T05:48:04Z,24.05,63.04,98,0,27.02,101.60,39.00,657.00,null,null,null
2023-08-06T05:49:04Z,24.03,62.97,99,0,29.76,101.60,35.00,634.00,null,null,null
2023-08-06T05:50:04Z,24.02,63.05,98,0,26.80,101.60,37.00,646.00,null,null,null
2023-08-06T05:51:04Z,24.02,63.10,98,0,23.20,101.60,37.00,646.00,0,0,0
2023-08-06T05:52:04Z,24.05,62.98,98,0,26.43,101.60,37.00,646.00,null,null,null
2023-08-06T05:53:04Z,24.02,63.01,98,0,26.19,101.60,37.00,646.00,null,null,null
2023-08-06T05:54:04Z,24.05,62.91,98,0,25.32,101.60,33.00,623.00,null,null,null
2023-08-06T05:55:04Z,24.05,62.92,98,0,29.89,101.60,35.00,631.00,null,null,null
2023-08-06T05:56:04Z,24.03,62.94,98,0,26.08,101.61,33.00,620.00,0,0,0
2023-08-06T05:57:04Z,24.05,63.09,98,0,29.41,101.61,34.00,629.00,null,null,null
2023-08-06T05:58:04Z,24.06,62.98,98,0,25.19,101.61,33.00,618.00,null,null,null
2023-08-06T05:59:04Z,24.05,62.98,98,0,28.58,101.60,33.00,618.00,null,null,null
2023-08-06T06:00:04Z,24.06,63.22,98,0,29.33,101.61,34.00,626.00,null,null,null
2023-08-06T06:01:04Z,24.03,63.13,98,0,23.10,101.61,36.00,638.00,0,0,0
2023-08-06T06:02:04Z,24.06,63.03,99,0,25.84,101.61,36.00,637.00,null,null,null
2023-08-06T06:03:04Z,24.08,62.94,98,0,28.89,101.61,32.00,615.00,null,null,null
2023-08-06T06:04:04Z,24.08,63.02,98,0,24.68,101.61,32.00,612.00,null,null,null
2023-08-06T06:05:04Z,24.05,62.95,98,0,24.46,101.61,30.00,603.00,null,null,null
2023-08-06T06:06:04Z,24.05,62.81,98,0,28.06,101.61,30.00,603.00,0,0,0
2023-08-06T06:07:04Z,24.03,63.10,98,0,27.51,101.61,30.00,602.00,null,null,null
2023-08-06T06:08:04Z,24.06,63.10,98,0,28.89,101.61,30.00,602.00,null,null,null
2023-08-06T06:09:04Z,24.05,62.79,98,0,26.00,101.62,30.00,600.00,null,null,null
2023-08-06T06:10:04Z,24.12,63.06,98,0,23.54,101.62,31.00,607.00,null,null,null
2023-08-06T06:11:04Z,24.06,62.97,98,0,29.15,101.62,30.00,603.00,0,0,0
2023-08-06T06:12:04Z,24.06,63.04,98,0,25.92,101.62,28.00,586.00,null,null,null
2023-08-06T06:13:04Z,24.08,62.94,98,0,26.71,101.62,28.00,586.00,null,null,null
2023-08-06T06:14:04Z,24.08,63.09,98,0,26.08,101.63,30.00,597.00,null,null,null
2023-08-06T06:15:04Z,24.08,63.11,98,0,25.56,101.63,30.00,603.00,null,null,null
2023-08-06T06:16:04Z,24.05,62.83,98,0,24.68,101.62,26.00,575.00,0,0,0
2023-08-06T06:17:04Z,24.06,62.97,98,0,28.09,101.63,29.00,596.00,null,null,null
2023-08-06T06:18:04Z,24.06,63.03,98,0,28.76,101.63,26.00,572.00,null,null,null
2023-08-06T06:19:04Z,24.08,62.96,98,0,32.25,101.62,26.00,572.00,null,null,null
2023-08-06T06:20:04Z,24.06,62.80,98,0,29.84,101.63,27.00,578.00,null,null,null
2023-08-06T06:21:04Z,24.06,63.02,98,0,26.19,101.62,27.00,578.00,0,0,0
2023-08-06T06:22:04Z,24.06,62.92,98,0,30.25,101.62,25.00,570.00,null,null,null
2023-08-06T06:23:04Z,24.06,63.05,98,0,25.22,101.63,24.00,564.00,null,null,null
2023-08-06T06:24:04Z,24.08,62.98,98,0,24.46,101.63,25.00,567.00,null,null,null
2023-08-06T06:25:04Z,24.06,62.96,99,0,25.84,101.62,24.00,560.00,null,null,null
2023-08-06T06:26:04Z,24.06,62.81,98,0,25.90,101.62,25.00,567.00,0,0,0
2023-08-06T06:27:04Z,24.08,63.20,98,0,29.08,101.63,25.00,566.00,null,null,null
2023-08-06T06:28:04Z,24.06,62.89,98,0,28.23,101.63,23.00,556.00,null,null,null
2023-08-06T06:29:04Z,24.05,62.98,98,0,26.64,101.63,25.00,565.00,null,null,null
2023-08-06T06:30:04Z,24.06,62.90,98,0,27.66,101.63,24.00,564.00,null,null,null
2023-08-06T06:31:04Z,24.05,62.84,98,0,25.70,101.63,21.00,543.00,0,0,0
2023-08-06T06:32:04Z,24.09,62.96,98,0,24.43,101.63,23.00,552.00,null,null,null
2023-08-06T06:33:04Z,24.08,62.74,98,0,25.82,101.63,27.00,580.00,null,null,null
2023-08-06T06:34:04Z,24.08,62.79,98,0,24.46,101.63,43.00,688.00,null,null,null
2023-08-06T06:35:04Z,24.06,62.75,98,0,23.81,101.63,42.00,679.00,null,null,null
2023-08-06T06:36:04Z,24.06,62.79,98,0,25.44,101.64,40.00,668.00,0,0,0
2023-08-06T06:37:04Z,24.08,62.85,98,0,23.98,101.63,35.00,634.00,null,null,null
2023-08-06T06:38:04Z,24.09,62.82,98,0,24.58,101.63,35.00,634.00,null,null,null
2023-08-06T06:39:04Z,24.08,62.75,98,0,23.98,101.63,34.00,624.00,null,null,null
2023-08-06T06:40:04Z,24.06,62.75,98,0,25.92,101.63,30.00,602.00,null,null,null
2023-08-06T06:41:04Z,24.06,62.76,98,0,23.81,101.63,30.00,600.00,0,0,0
2023-08-06T06:42:04Z,24.08,62.80,98,0,29.12,101.63,30.00,600.00,null,null,null
2023-08-06T06:43:04Z,24.08,62.88,98,0,27.77,101.63,30.00,597.00,null,null,null
2023-08-06T06:44:04Z,24.06,62.81,99,0,31.44,101.63,28.00,586.00,null,null,null
2023-08-06T06:45:04Z,24.08,62.72,98,0,23.63,101.64,28.00,586.00,null,null,null
2023-08-06T06:46:04Z,24.09,62.68,98,0,25.76,101.64,28.00,584.00,0,0,0
2023-08-06T06:47:04Z,24.09,62.92,98,0,26.06,101.63,30.00,603.00,null,null,null
2023-08-06T06:48:04Z,24.06,62.88,98,0,24.86,101.64,26.00,575.00,null,null,null
2023-08-06T06:49:04Z,24.08,62.89,98,0,24.83,101.64,26.00,575.00,null,null,null
2023-08-06T06:50:04Z,24.08,62.94,98,0,27.20,101.64,26.00,572.00,null,null,null
2023-08-06T06:51:04Z,24.08,62.85,98,0,24.07,101.64,26.00,572.00,0,0,0
2023-08-06T06:52:04Z,24.08,62.60,98,0,24.61,101.64,23.00,552.00,null,null,null
2023-08-06T06:53:04Z,24.08,62.53,98,0,27.16,101.63,25.00,570.00,null,null,null
2023-08-06T06:54:04Z,24.08,62.41,98,0,23.98,101.64,23.00,555.00,null,null,null
2023-08-06T06:55:04Z,24.06,62.30,98,0,25.84,101.64,23.00,555.00,null,null,null
2023-08-06T06:56:04Z,24.06,62.37,98,0,24.61,101.64,19.00,529.00,0,0,0
2023-08-06T06:57:04Z,24.03,62.23,98,0,25.56,101.64,19.00,529.00,null,null,null
2023-08-06T06:58:04Z,24.08,62.26,98,0,25.38,101.64,19.00,526.00,null,null,null
2023-08-06T06:59:04Z,24.06,62.19,99,0,25.82,101.64,18.00,519.00,null,null,null
2023-08-06T07:00:04Z,24.03,62.36,99,0,24.68,101.64,18.00,524.00,null,null,null
2023-08-06T07:01:04Z,24.06,62.30,98,0,25.67,101.65,19.00,526.00,0,0,0
2023-08-06T07:02:04Z,24.03,62.36,99,0,23.35,101.65,16.00,508.00,null,null,null
2023-08-06T07:03:04Z,24.02,62.15,98,0,24.65,101.65,16.00,506.00,null,null,null
2023-08-06T07:04:04Z,24.01,62.21,98,0,25.00,101.65,17.00,515.00,null,null,null
2023-08-06T07:05:04Z,24.01,62.11,98,0,26.48,101.65,15.00,501.00,null,null,null
2023-08-06T07:06:04Z,23.99,62.10,98,0,24.35,101.65,15.00,500.00,0,0,0
2023-08-06T07:07:04Z,24.02,62.28,98,0,26.29,101.65,14.00,493.00,null,null,null
2023-08-06T07:08:04Z,24.05,62.21,98,0,26.95,101.65,14.00,495.00,null,null,null
2023-08-06T07:09:04Z,24.01,62.16,98,0,22.99,101.65,14.00,492.00,null,null,null
2023-08-06T07:10:04Z,24.01,62.03,98,0,24.96,101.66,13.00,491.00,null,null,null
2023-08-06T07:11:04Z,24.02,62.11,98,0,29.56,101.66,12.00,482.00,0,0,0
2023-08-06T07:12:04Z,24.02,62.05,98,0,24.89,101.65,11.00,473.00,null,null,null
2023-08-06T07:13:04Z,24.03,61.99,98,0,30.26,101.66,13.00,488.00,null,null,null
2023-08-06T07:14:04Z,24.02,62.05,98,0,24.43,101.66,12.00,481.00,null,null,null
2023-08-06T07:15:04Z,24.02,62.01,98,0,23.40,101.66,11.00,478.00,null,null,null
2023-08-06T07:16:04Z,24.01,62.01,98,0,25.47,101.66,11.00,478.00,0,0,0
2023-08-06T07:17:04Z,24.01,62.09,99,0,23.59,101.66,10.00,470.00,null,null,null
2023-08-06T07:18:04Z,24.01,62.01,99,0,24.39,101.67,10.00,470.00,null,null,null
2023-08-06T07:19:04Z,24.02,62.07,98,0,30.72,101.66,9.00,464.00,null,null,null
2023-08-06T07:20:04Z,24.01,62.14,98,0,27.14,101.66,11.00,475.00,null,null,null
2023-08-06T07:21:04Z,23.99,62.17,98,0,21.56,101.67,11.00,473.00,0,0,0
2023-08-06T07:22:04Z,23.99,62.18,98,0,29.58,101.67,8.00,456.00,null,null,null
2023-08-06T07:23:04Z,23.99,62.29,98,0,37.10,101.66,11.00,473.00,null,null,null
2023-08-06T07:24:04Z,23.98,62.42,98,0,26.46,101.67,9.00,460.00,null,null,null
2023-08-06T07:25:04Z,23.98,62.63,99,0,23.20,101.67,10.00,466.00,null,null,null
2023-08-06T07:26:04Z,23.98,62.49,98,0,24.43,101.68,9.00,464.00,0,0,0
2023-08-06T07:27:04Z,24.01,62.40,98,0,23.94,101.68,8.00,457.00,null,null,null
2023-08-06T07:28:04Z,23.98,62.43,98,0,29.22,101.68,8.00,456.00,null,null,null
2023-08-06T07:29:04Z,23.96,62.35,98,0,24.35,101.68,8.00,456.00,null,null,null
2023-08-06T07:30:04Z,23.96,62.33,98,0,25.13,101.68,9.00,462.00,null,null,null
2023-08-06T07:31:04Z,23.99,62.31,98,0,24.54,101.68,8.00,455.00,0,0,0
2023-08-06T07:32:04Z,23.99,62.32,98,0,24.35,101.68,7.00,447.00,null,null,null
2023-08-06T07:33:04Z,23.94,62.35,98,0,29.48,101.68,8.00,454.00,null,null,null
2023-08-06T07:34:04Z,23.96,62.36,98,0,32.03,101.68,8.00,454.00,null,null,null
2023-08-06T07:35:04Z,23.96,62.41,98,0,30.01,101.68,9.00,460.00,null,null,null
2023-08-06T07:36:04Z,23.96,62.33,99,0,28.27,101.68,6.00,444.00,0,0,0
2023-08-06T07:37:04Z,23.94,62.39,98,0,24.68,101.69,7.00,451.00,null,null,null
2023-08-06T07:38:04Z,23.96,62.20,98,0,25.19,101.69,5.00,438.00,null,null,null
2023-08-06T07:39:04Z,23.94,62.10,98,0,25.59,101.69,5.00,434.00,null,null,null
2023-08-06T07:40:04Z,23.94,62.22,98,0,24.93,101.69,7.00,446.00,null,null,null
2023-08-06T07:41:04Z,23.93,62.23,98,0,26.73,101.69,6.00,441.00,0,0,0
2023-08-06T07:42:04Z,23.98,62.24,98,0,25.22,101.69,5.00,433.00,null,null,null
2023-08-06T07:43:04Z,23.96,62.13,98,0,24.11,101.69,4.00,427.00,null,null,null
2023-08-06T07:44:04Z,23.94,62.04,98,0,25.32,101.69,4.00,427.00,null,null,null
2023-08-06T07:45:04Z,23.96,62.31,98,0,23.90,101.69,5.00,436.00,null,null,null
2023-08-06T07:46:04Z,23.96,62.21,99,0,22.94,101.69,5.00,433.00,0,0,0
2023-08-06T07:47:04Z,23.93,62.29,99,0,23.20,101.69,4.00,427.00,null,null,null
2023-08-06T07:48:04Z,23.93,62.23,98,0,26.29,101.70,3.00,423.00,null,null,null
2023-08-06T07:49:04Z,23.93,62.29,98,0,25.32,101.69,3.00,426.00,null,null,null
2023-08-06T07:50:04Z,23.94,62.21,98,0,22.66,101.69,3.00,421.00,null,null,null
2023-08-06T07:51:04Z,23.94,62.16,98,0,25.19,101.69,5.00,433.00,0,0,0
2023-08-06T07:52:04Z,23.92,62.14,98,0,26.43,101.69,2.00,416.00,null,null,null
2023-08-06T07:53:04Z,23.94,62.31,98,0,26.53,101.69,3.00,423.00,null,null,null
2023-08-06T07:54:04Z,23.92,62.41,98,0,25.95,101.69,6.00,441.00,null,null,null
2023-08-06T07:55:04Z,23.94,62.46,98,0,25.90,101.69,7.00,447.00,null,null,null
2023-08-06T07:56:04Z,23.93,62.50,98,0,25.16,101.69,9.00,461.00,0,0,0
2023-08-06T07:57:04Z,23.90,62.37,99,0,24.27,101.69,8.00,459.00,null,null,null
2023-08-06T07:58:04Z,23.93,62.52,98,0,26.53,101.69,11.00,475.00,null,null,null
2023-08-06T07:59:04Z,23.94,62.69,98,0,23.35,101.70,12.00,480.00,null,null,null
2023-08-06T08:00:04Z,23.96,62.66,98,0,26.46,101.69,12.00,480.00,null,null,null
2023-08-06T08:01:04Z,23.94,62.51,98,0,25.09,101.69,9.00,464.00,0,0,0
2023-08-06T08:02:04Z,23.94,62.28,98,0,26.97,101.69,9.00,464.00,null,null,null
2023-08-06T08:03:04Z,23.94,62.32,98,0,23.49,101.70,7.00,450.00,null,null,null
2023-08-06T08:04:04Z,23.94,62.28,98,0,22.61,101.69,8.00,455.00,null,null,null
2023-08-06T08:05:04Z,23.93,62.32,98,0,22.05,101.69,6.00,442.00,null,null,null
2023-08-06T08:06:04Z,23.93,62.41,98,0,25.38,101.70,7.00,447.00,0,0,0
2023-08-06T08:07:04Z,23.93,62.32,98,0,28.80,101.70,7.00,447.00,null,null,null
2023-08-06T08:08:04Z,23.93,62.74,98,2,33.41,101.70,5.00,439.00,null,null,null
2023-08-06T08:09:04Z,23.92,62.56,99,2,33.75,101.69,7.00,451.00,null,null,null
2023-08-06T08:10:04Z,23.90,62.28,98,1,35.31,101.70,3.00,422.00,null,null,null
2023-08-06T08:11:04Z,23.88,62.23,98,1,47.39,101.70,3.00,422.00,0,0,0
2023-08-06T08:12:04Z,23.88,62.37,98,2,32.76,101.70,3.00,424.00,null,null,null
2023-08-06T08:13:04Z,23.89,62.20,99,2,35.23,101.70,5.00,436.00,null,null,null
2023-08-06T08:14:04Z,23.86,62.18,98,2,47.69,101.70,5.00,439.00,null,null,null
2023-08-06T08:15:04Z,23.83,62.05,98,2,33.18,101.71,4.00,432.00,null,null,null
2023-08-06T08:16:04Z,23.81,61.91,99,2,32.87,101.71,4.00,427.00,0,0,0
2023-08-06T08:17:04Z,23.83,61.79,98,2,33.93,101.71,4.00,427.00,null,null,null
2023-08-06T08:18:04Z,23.81,61.71,99,2,33.87,101.71,3.00,421.00,null,null,null
2023-08-06T08:19:04Z,23.81,61.63,98,2,30.24,101.71,3.00,420.00,null,null,null
2023-08-06T08:20:04Z,23.82,61.59,98,1,34.15,101.71,3.00,420.00,null,null,null
2023-08-06T08:21:04Z,23.78,61.52,98,1,29.97,101.72,1.00,411.00,0,0,0
2023-08-06T08:22:04Z,23.81,61.54,99,1,38.08,101.72,1.00,411.00,null,null,null
2023-08-06T08:23:04Z,23.79,61.34,99,1,30.94,101.72,1.00,409.00,null,null,null
2023-08-06T08:24:04Z,23.76,61.32,98,1,35.83,101.72,0.00,402.00,null,null,null
2023-08-06T08:25:04Z,23.78,61.26,98,1,44.72,101.72,0.00,400.00,null,null,null
2023-08-06T08:26:04Z,23.76,61.37,99,1,28.44,101.72,0.00,400.00,0,0,0
2023-08-06T08:27:04Z,23.78,61.06,98,1,25.95,101.73,0.00,406.00,null,null,null
2023-08-06T08:28:04Z,23.75,61.04,98,1,28.81,101.72,3.00,424.00,null,null,null
2023-08-06T08:29:04Z,23.76,60.69,98,1,29.49,101.72,1.00,410.00,null,null,null
2023-08-06T08:30:04Z,23.78,60.67,98,2,23.49,101.73,2.00,415.00,null,null,null
2023-08-06T08:31:04Z,23.75,60.75,98,2,30.55,101.72,2.00,414.00,0,0,0
2023-08-06T08:32:04Z,23.76,61.05,98,1,23.77,101.72,2.00,416.00,null,null,null
2023-08-06T08:33:04Z,23.79,60.99,98,2,34.02,101.72,2.00,416.00,null,null,null
2023-08-06T08:34:04Z,23.78,60.91,98,1,33.21,101.72,3.00,425.00,null,null,null
2023-08-06T08:35:04Z,23.78,60.85,98,1,24.61,101.73,3.00,421.00,null,null,null
2023-08-06T08:36:04Z,23.76,60.81,98,2,29.04,101.73,3.00,425.00,0,0,0
2023-08-06T08:37:04Z,23.78,61.01,99,2,24.50,101.72,3.00,425.00,null,null,null
2023-08-06T08:38:04Z,23.79,60.97,99,2,30.81,101.73,6.00,441.00,null,null,null
2023-08-06T08:39:04Z,23.79,60.95,98,0,24.54,101.73,8.00,454.00,null,null,null
2023-08-06T08:40:04Z,23.78,61.07,98,2,26.78,101.73,8.00,454.00,null,null,null
2023-08-06T08:41:04Z,23.78,61.17,98,0,27.44,101.73,9.00,460.00,0,0,0
2023-08-06T08:42:04Z,23.78,61.18,98,2,27.32,101.73,7.00,451.00,null,null,null
2023-08-06T08:43:04Z,23.81,60.86,98,0,28.27,101.73,8.00,459.00,null,null,null
2023-08-06T08:44:04Z,23.81,60.94,98,2,28.06,101.73,8.00,459.00,null,null,null
2023-08-06T08:45:04Z,23.81,60.97,98,0,26.60,101.73,8.00,459.00,null,null,null
2023-08-06T08:46:04Z,23.78,61.38,98,2,25.82,101.74,9.00,463.00,0,0,0
2023-08-06T08:47:04Z,23.81,61.06,98,1,25.35,101.73,8.00,454.00,null,null,null
2023-08-06T08:48:04Z,23.83,60.98,98,0,27.73,101.74,9.00,461.00,null,null,null
2023-08-06T08:49:04Z,23.81,60.97,98,1,28.74,101.74,8.00,456.00,null,null,null
2023-08-06T08:50:04Z,23.81,61.02,98,1,27.53,101.74,8.00,455.00,null,null,null
2023-08-06T08:51:04Z,23.82,61.27,98,2,27.66,101.74,11.00,477.00,0,0,0
2023-08-06T08:52:04Z,23.81,60.86,98,2,25.38,101.74,7.00,447.00,null,null,null
2023-08-06T08:53:04Z,23.81,60.86,98,0,26.14,101.74,7.00,452.00,null,null,null
2023-08-06T08:54:04Z,23.83,60.85,98,2,27.80,101.74,8.00,457.00,null,null,null
2023-08-06T08:55:04Z,23.81,61.47,98,2,24.27,101.74,9.00,462.00,null,null,null
2023-08-06T08:56:04Z,23.82,61.08,99,1,29.70,101.75,11.00,475.00,0,0,0
2023-08-06T08:57:04Z,23.81,61.49,98,1,26.67,101.75,11.00,478.00,null,null,null
2023-08-06T08:58:04Z,23.81,61.31,98,1,26.46,101.75,13.00,488.00,null,null,null
2023-08-06T08:59:04Z,23.79,61.21,98,1,25.38,101.75,11.00,473.00,null,null,null
2023-08-06T09:00:04Z,23.81,61.66,98,1,25.03,101.74,14.00,498.00,null,null,null
2023-08-06T09:01:04Z,23.79,61.40,98,1,26.11,101.74,13.00,487.00,0,0,0
2023-08-06T09:02:04Z,23.81,61.63,98,1,23.63,101.74,11.00,477.00,null,null,null
2023-08-06T09:03:04Z,23.81,62.28,98,1,26.84,101.74,11.00,477.00,null,null,null
2023-08-06T09:04:04Z,23.83,61.47,99,0,25.98,101.75,12.00,482.00,null,null,null
2023-08-06T09:05:04Z,23.81,62.13,98,0,31.77,101.75,14.00,497.00,null,null,null
2023-08-06T09:06:04Z,23.79,61.68,98,0,34.37,101.74,13.00,486.00,0,0,0
2023-08-06T09:07:04Z,23.83,62.11,98,1,23.10,101.75,14.00,495.00,null,null,null
2023-08-06T09:08:04Z,23.83,61.94,99,0,28.48,101.74,13.00,491.00,null,null,null
2023-08-06T09:09:04Z,23.82,62.01,98,0,28.31,101.75,12.00,483.00,null,null,null
2023-08-06T09:10:04Z,23.81,61.94,98,1,27.49,101.75,12.00,483.00,null,null,null
2023-08-06T09:11:04Z,23.83,62.27,99,1,33.48,101.74,14.00,498.00,0,0,0
2023-08-06T09:12:04Z,23.82,62.34,98,1,24.89,101.75,14.00,495.00,null,null,null
2023-08-06T09:13:04Z,23.81,62.34,98,1,33.42,101.74,14.00,495.00,null,null,null
2023-08-06T09:14:04Z,23.83,61.56,98,2,32.10,101.75,14.00,492.00,null,null,null
2023-08-06T09:15:04Z,23.82,61.41,98,2,38.51,101.75,12.00,483.00,null,null,null
2023-08-06T09:16:04Z,23.81,61.25,98,0,34.83,101.75,11.00,477.00,0,0,0
2023-08-06T09:17:04Z,23.82,61.20,98,0,36.73,101.75,9.00,465.00,null,null,null
2023-08-06T09:18:04Z,23.81,61.40,98,4,49.07,101.75,7.00,447.00,null,null,null
2023-08-06T09:19:04Z,23.83,61.24,98,0,25.50,101.75,7.00,451.00,null,null,null
2023-08-06T09:20:04Z,23.79,60.97,98,1,36.99,101.74,9.00,462.00,null,null,null
2023-08-06T09:21:04Z,23.83,60.92,98,0,23.25,101.75,8.00,455.00,0,0,0
2023-08-06T09:22:04Z,23.83,61.04,98,0,32.85,101.75,8.00,455.00,null,null,null
2023-08-06T09:23:04Z,23.83,61.47,99,0,27.85,101.76,6.00,445.00,null,null,null
2023-08-06T09:24:04Z,23.83,60.84,98,1,22.83,101.75,7.00,448.00,null,null,null
2023-08-06T09:25:04Z,23.82,61.03,98,1,26.48,101.76,5.00,438.00,null,null,null
2023-08-06T09:26:04Z,23.82,60.93,98,1,27.82,101.75,5.00,438.00,0,0,0
2023-08-06T09:27:04Z,23.83,60.86,98,1,26.97,101.75,5.00,438.00,null,null,null
2023-08-06T09:28:04Z,23.86,60.88,98,1,29.20,101.75,5.00,436.00,null,null,null
2023-08-06T09:29:04Z,23.86,61.14,98,0,26.46,101.75,6.00,443.00,null,null,null
2023-08-06T09:30:04Z,23.85,61.76,98,0,26.19,101.76,5.00,435.00,null,null,null
2023-08-06T09:31:04Z,23.83,61.64,98,0,26.84,101.75,7.00,447.00,0,0,0
2023-08-06T09:32:04Z,23.85,61.09,99,0,24.27,101.75,7.00,451.00,null,null,null
2023-08-06T09:33:04Z,23.86,61.39,98,0,27.85,101.76,7.00,448.00,null,null,null
2023-08-06T09:34:04Z,23.86,61.58,98,0,31.59,101.76,8.00,456.00,null,null,null
2023-08-06T09:35:04Z,23.85,61.11,98,0,28.23,101.76,10.00,470.00,null,null,null
2023-08-06T09:36:04Z,23.83,61.02,98,1,29.01,101.76,7.00,446.00,0,0,0
2023-08-06T09:37:04Z,23.86,60.88,98,0,26.99,101.77,7.00,446.00,null,null,null
2023-08-06T09:38:04Z,23.86,60.85,98,1,27.92,101.76,7.00,452.00,null,null,null
2023-08-06T09:39:04Z,23.88,61.07,99,1,22.66,101.76,6.00,444.00,null,null,null
2023-08-06T09:40:04Z,23.88,61.29,98,0,32.84,101.76,7.00,450.00,null,null,null
2023-08-06T09:41:04Z,23.83,61.12,98,0,27.68,101.76,6.00,445.00,0,0,0
2023-08-06T09:42:04Z,23.83,61.27,98,0,29.89,101.76,7.00,450.00,null,null,null
2023-08-06T09:43:04Z,23.86,61.04,98,0,28.54,101.76,6.00,445.00,null,null,null
2023-08-06T09:44:04Z,23.86,61.33,98,1,24.46,101.75,9.00,461.00,null,null,null
2023-08-06T09:45:04Z,23.88,60.95,98,1,26.46,101.76,6.00,442.00,null,null,null
2023-08-06T09:46:04Z,23.86,61.15,99,0,27.38,101.76,5.00,439.00,0,0,0
2023-08-06T09:47:04Z,23.83,61.12,98,0,23.59,101.77,6.00,445.00,null,null,null
2023-08-06T09:48:04Z,23.88,61.27,98,0,26.43,101.77,7.00,451.00,null,null,null
2023-08-06T09:49:04Z,23.89,61.22,98,0,28.60,101.76,7.00,446.00,null,null,null
2023-08-06T09:50:04Z,23.85,60.99,98,0,25.82,101.76,5.00,439.00,null,null,null
2023-08-06T09:51:04Z,23.82,60.90,98,0,25.53,101.76,3.00,426.00,0,0,0
2023-08-06T09:52:04Z,23.89,61.00,98,0,28.22,101.76,5.00,436.00,null,null,null
2023-08-06T09:53:04Z,23.89,60.86,98,0,27.59,101.76,3.00,425.00,null,null,null
2023-08-06T09:54:04Z,23.89,60.47,98,0,27.30,101.76,3.00,420.00,null,null,null
2023-08-06T09:55:04Z,23.86,60.80,98,0,25.06,101.76,6.00,441.00,null,null,null
2023-08-06T09:56:04Z,23.89,60.64,98,0,25.65,101.76,3.00,424.00,0,0,0
2023-08-06T09:57:04Z,23.89,60.73,98,0,21.92,101.76,4.00,428.00,null,null,null
2023-08-06T09:58:04Z,23.92,60.75,98,0,23.54,101.76,4.00,427.00,null,null,null
2023-08-06T09:59:04Z,23.88,60.88,98,0,28.42,101.76,3.00,423.00,null,null,null
2023-08-06T10:00:04Z,23.88,60.80,98,0,24.83,101.76,3.00,423.00,null,null,null
2023-08-06T10:01:04Z,23.89,60.98,98,0,27.75,101.76,3.00,422.00,0,0,0
2023-08-06T10:02:04Z,23.88,60.92,99,0,23.90,101.76,2.00,416.00,null,null,null
2023-08-06T10:03:04Z,23.88,60.71,98,0,22.72,101.76,5.00,436.00,null,null,null
2023-08-06T10:04:04Z,23.88,60.94,98,0,25.26,101.76,3.00,420.00,null,null,null
2023-08-06T10:05:04Z,23.88,60.83,98,0,24.07,101.76,3.00,420.00,null,null,null
2023-08-06T10:06:04Z,23.86,60.91,98,0,25.38,101.77,5.00,435.00,0,0,0
2023-08-06T10:07:04Z,23.89,61.16,98,0,28.88,101.76,4.00,427.00,null,null,null
2023-08-06T10:08:04Z,23.89,60.92,98,0,29.73,101.77,3.00,426.00,null,null,null
2023-08-06T10:09:04Z,23.90,60.82,98,0,27.14,101.77,1.00,413.00,null,null,null
2023-08-06T10:10:04Z,23.88,61.06,98,0,27.53,101.77,5.00,433.00,null,null,null
2023-08-06T10:11:04Z,23.89,60.76,98,0,27.85,101.77,3.00,423.00,0,0,0
2023-08-06T10:12:04Z,23.89,60.79,98,0,24.43,101.77,3.00,423.00,null,null,null
2023-08-06T10:13:04Z,23.90,60.82,98,0,23.59,101.77,4.00,428.00,null,null,null
2023-08-06T10:14:04Z,23.90,60.81,98,0,27.78,101.77,3.00,423.00,null,null,null
2023-08-06T10:15:04Z,23.89,60.76,98,0,26.48,101.77,3.00,423.00,null,null,null
2023-08-06T10:16:04Z,23.89,60.74,98,0,25.95,101.77,4.00,427.00,0,0,0
2023-08-06T10:17:04Z,23.89,60.76,98,0,23.30,101.77,3.00,426.00,null,null,null
2023-08-06T10:18:04Z,23.92,60.58,98,0,25.38,101.76,2.00,414.00,null,null,null
2023-08-06T10:19:04Z,23.90,60.85,98,0,24.83,101.77,2.00,416.00,null,null,null
2023-08-06T10:20:04Z,23.92,60.68,98,0,24.65,101.77,3.00,420.00,null,null,null
2023-08-06T10:21:04Z,23.89,60.50,98,0,25.00,101.76,4.00,428.00,0,0,0
2023-08-06T10:22:04Z,23.89,60.47,98,0,23.35,101.77,1.00,409.00,null,null,null
2023-08-06T10:23:04Z,23.90,60.41,98,0,25.06,101.77,1.00,409.00,null,null,null
2023-08-06T10:24:04Z,23.90,60.54,98,0,24.76,101.78,3.00,423.00,null,null,null
2023-08-06T10:25:04Z,23.89,60.53,98,0,25.41,101.77,2.00,415.00,null,null,null
2023-08-06T10:26:04Z,23.90,60.82,98,0,32.29,101.77,3.00,426.00,0,0,0
2023-08-06T10:27:04Z,23.90,60.31,98,0,45.12,101.77,1.00,408.00,null,null,null
2023-08-06T10:28:04Z,23.88,60.49,98,0,45.41,101.77,0.00,406.00,null,null,null
2023-08-06T10:29:04Z,23.88,60.49,99,0,32.66,101.77,0.00,400.00,null,null,null
2023-08-06T10:30:04Z,23.86,60.62,98,0,34.59,101.77,0.00,400.00,null,null,null
2023-08-06T10:31:04Z,23.83,60.60,99,0,35.83,101.77,0.00,400.00,0,0,0
2023-08-06T10:32:04Z,23.86,60.55,98,0,34.73,101.77,0.00,400.00,null,null,null
2023-08-06T10:33:04Z,23.88,60.37,98,0,33.74,101.77,0.00,400.00,null,null,null
2023-08-06T10:34:04Z,23.85,60.41,98,0,39.62,101.78,0.00,400.00,null,null,null
2023-08-06T10:35:04Z,23.83,60.45,98,0,33.80,101.77,0.00,400.00,null,null,null
2023-08-06T10:36:04Z,23.83,60.36,98,0,33.06,101.77,0.00,400.00,0,0,0
2023-08-06T10:37:04Z,23.83,60.45,99,0,35.13,101.77,0.00,400.00,null,null,null
2023-08-06T10:38:04Z,23.85,60.40,99,0,32.24,101.77,0.00,400.00,null,null,null
2023-08-06T10:39:04Z,23.81,60.42,98,0,39.08,101.78,1.00,407.00,null,null,null
2023-08-06T10:40:04Z,23.83,60.45,98,0,33.40,101.78,0.00,400.00,null,null,null
2023-08-06T10:41:04Z,23.81,60.55,98,0,35.87,101.78,1.00,411.00,0,0,0
2023-08-06T10:42:04Z,23.79,60.39,98,0,34.79,101.78,0.00,400.00,null,null,null
2023-08-06T10:43:04Z,23.81,60.39,98,0,37.77,101.78,1.00,407.00,null,null,null
2023-08-06T10:44:04Z,23.78,60.32,98,0,36.09,101.78,0.00,400.00,null,null,null
2023-08-06T10:45:04Z,23.79,60.43,98,0,36.89,101.78,1.00,407.00,null,null,null
2023-08-06T10:46:04Z,23.78,60.43,98,0,37.41,101.78,0.00,400.00,0,0,0
2023-08-06T10:47:04Z,23.76,60.43,99,0,37.54,101.78,0.00,400.00,null,null,null
2023-08-06T10:48:04Z,23.78,60.46,98,0,30.58,101.78,0.00,400.00,null,null,null
2023-08-06T10:49:04Z,23.78,60.54,98,0,36.15,101.78,1.00,407.00,null,null,null
2023-08-06T10:50:04Z,23.78,61.09,98,3,32.79,101.78,1.00,407.00,null,null,null
2023-08-06T10:51:04Z,23.76,63.91,98,5,33.85,101.78,1.00,407.00,0,0,0
2023-08-06T10:52:04Z,23.78,64.84,98,5,34.39,101.78,7.00,450.00,null,null,null
2023-08-06T10:53:04Z,23.82,65.66,98,5,36.85,101.78,25.00,565.00,null,null,null
2023-08-06T10:54:04Z,23.79,66.50,99,2,34.99,101.78,51.00,735.00,null,null,null
2023-08-06T10:55:04Z,23.81,66.71,98,5,36.90,101.78,66.00,838.00,null,null,null
2023-08-06T10:56:04Z,23.81,66.61,98,0,34.54,101.78,75.00,897.00,0,0,0
2023-08-06T10:57:04Z,23.85,65.99,98,3,35.61,101.78,78.00,915.00,null,null,null
2023-08-06T10:58:04Z,23.86,65.72,98,3,35.15,101.78,69.00,855.00,null,null,null
2023-08-06T10:59:04Z,23.86,65.85,98,2,35.14,101.78,63.00,815.00,null,null,null
2023-08-06T11:00:04Z,23.86,66.18,98,0,31.71,101.78,56.00,768.00,null,null,null
2023-08-06T11:01:04Z,23.85,65.94,98,0,33.03,101.78,48.00,719.00,0,0,0
2023-08-06T11:02:04Z,23.86,65.42,99,0,32.60,101.79,46.00,706.00,null,null,null
2023-08-06T11:03:04Z,23.90,65.23,98,0,35.02,101.78,43.00,683.00,null,null,null
2023-08-06T11:04:04Z,23.88,65.40,98,0,33.84,101.78,40.00,666.00,null,null,null
2023-08-06T11:05:04Z,23.86,65.36,98,0,33.99,101.78,37.00,646.00,null,null,null
2023-08-06T11:06:04Z,23.86,64.96,98,0,36.09,101.78,35.00,634.00,0,0,0
2023-08-06T11:07:04Z,23.86,65.05,98,0,35.12,101.79,33.00,618.00,null,null,null
2023-08-06T11:08:04Z,23.89,64.96,98,0,33.22,101.79,33.00,618.00,null,null,null
2023-08-06T11:09:04Z,23.86,64.64,98,0,34.01,101.79,31.00,605.00,null,null,null
2023-08-06T11:10:04Z,23.85,64.61,98,0,34.44,101.80,31.00,607.00,null,null,null
2023-08-06T11:11:04Z,23.86,64.43,98,0,37.95,101.79,29.00,594.00,0,0,0
2023-08-06T11:12:04Z,23.88,64.36,98,0,31.87,101.80,28.00,584.00,null,null,null
2023-08-06T11:13:04Z,23.89,64.26,98,0,28.55,101.80,28.00,584.00,null,null,null
2023-08-06T11:14:04Z,23.90,64.13,98,0,33.74,101.80,24.00,564.00,null,null,null
2023-08-06T11:15:04Z,23.89,64.04,98,0,31.07,101.80,25.00,566.00,null,null,null
2023-08-06T11:16:04Z,23.88,63.96,98,0,33.62,101.80,23.00,553.00,0,0,0
2023-08-06T11:17:04Z,23.90,63.80,98,0,37.40,101.80,21.00,542.00,null,null,null
2023-08-06T11:18:04Z,23.89,63.73,98,0,36.52,101.80,23.00,552.00,null,null,null
2023-08-06T11:19:04Z,23.88,63.61,98,0,34.48,101.80,20.00,537.00,null,null,null
2023-08-06T11:20:04Z,23.88,63.47,98,0,33.07,101.80,20.00,537.00,null,null,null
2023-08-06T11:21:04Z,23.89,63.48,98,0,33.97,101.80,19.00,526.00,0,0,0
2023-08-06T11:22:04Z,23.89,63.50,99,0,34.53,101.80,19.00,526.00,null,null,null
2023-08-06T11:23:04Z,23.89,63.33,99,0,36.23,101.80,18.00,524.00,null,null,null
2023-08-06T11:24:04Z,23.88,63.37,98,0,42.05,101.80,18.00,524.00,null,null,null
2023-08-06T11:25:04Z,23.88,63.85,98,0,34.08,101.80,17.00,517.00,null,null,null
2023-08-06T11:26:04Z,23.89,64.10,98,0,32.82,101.80,16.00,506.00,0,0,0
2023-08-06T11:27:04Z,23.89,63.77,98,0,34.61,101.80,17.00,518.00,null,null,null
2023-08-06T11:28:04Z,23.88,63.58,98,0,33.97,101.80,17.00,518.00,null,null,null
2023-08-06T11:29:04Z,23.88,63.84,98,0,35.11,101.81,18.00,520.00,null,null,null
2023-08-06T11:30:04Z,23.89,63.56,98,2,37.91,101.80,15.00,505.00,null,null,null
2023-08-06T11:31:04Z,23.89,63.90,99,0,34.80,101.80,16.00,506.00,0,0,0
2023-08-06T11:32:04Z,23.90,63.51,98,2,38.61,101.80,15.00,502.00,null,null,null
2023-08-06T11:33:04Z,23.90,63.47,98,3,34.79,101.81,14.00,498.00,null,null,null
2023-08-06T11:34:04Z,23.90,63.38,98,2,31.85,101.80,14.00,498.00,null,null,null
2023-08-06T11:35:04Z,23.89,63.24,98,3,33.11,101.80,12.00,481.00,null,null,null
2023-08-06T11:36:04Z,23.88,63.25,98,3,36.79,101.81,15.00,502.00,0,0,0
2023-08-06T11:37:04Z,23.88,63.28,98,2,32.19,101.80,13.00,488.00,null,null,null
2023-08-06T11:38:04Z,23.90,63.20,98,3,34.78,101.80,15.00,502.00,null,null,null
2023-08-06T11:39:04Z,23.89,63.58,98,3,35.28,101.80,22.00,549.00,null,null,null
2023-08-06T11:40:04Z,23.86,63.58,98,2,32.82,101.80,27.00,578.00,null,null,null
2023-08-06T11:41:04Z,23.86,63.36,98,2,35.57,101.80,32.00,615.00,0,0,0
2023-08-06T11:42:04Z,23.88,63.53,98,2,36.94,101.80,35.00,634.00,null,null,null
2023-08-06T11:43:04Z,23.88,63.48,98,3,30.37,101.80,43.00,683.00,null,null,null
2023-08-06T11:44:04Z,23.88,64.03,98,3,34.19,101.80,46.00,708.00,null,null,null
2023-08-06T11:45:04Z,23.88,63.97,98,2,37.34,101.80,56.00,772.00,null,null,null
2023-08-06T11:46:04Z,23.85,63.57,98,0,33.11,101.80,53.00,754.00,0,0,0
2023-08-06T11:47:04Z,23.88,63.49,98,0,38.97,101.80,53.00,748.00,null,null,null
2023-08-06T11:48:04Z,23.88,63.74,98,0,36.37,101.80,54.00,759.00,null,null,null
2023-08-06T11:49:04Z,23.89,63.99,98,0,34.39,101.80,57.00,776.00,null,null,null
2023-08-06T11:50:04Z,23.86,63.69,98,2,37.44,101.80,57.00,778.00,null,null,null
2023-08-06T11:51:04Z,23.89,63.57,98,0,36.06,101.80,61.00,802.00,0,0,0
2023-08-06T11:52:04Z,23.88,63.70,98,0,39.06,101.79,65.00,830.00,null,null,null
2023-08-06T11:53:04Z,23.89,63.39,99,2,35.49,101.80,67.00,846.00,null,null,null
2023-08-06T11:54:04Z,23.89,63.15,99,2,37.08,101.80,67.00,846.00,null,null,null
2023-08-06T11:55:04Z,23.90,63.47,98,0,25.79,101.81,69.00,853.00,null,null,null
2023-08-06T11:56:04Z,23.89,63.36,98,0,30.38,101.81,81.00,933.00,0,0,0
2023-08-06T11:57:04Z,23.89,63.09,99,0,29.58,101.81,96.00,1032.00,null,null,null
2023-08-06T11:58:04Z,23.90,63.28,98,0,30.46,101.80,107.00,1105.00,null,null,null
2023-08-06T11:59:04Z,23.92,63.32,98,0,23.81,101.80,102.00,1074.00,null,null,null
2023-08-06T12:00:04Z,23.90,63.51,98,0,35.16,101.81,105.00,1090.00,null,null,null
2023-08-06T12:01:04Z,23.92,63.11,98,1,33.15,101.80,102.00,1071.00,0,0,0
2023-08-06T12:02:04Z,23.93,62.98,98,0,35.13,101.79,104.00,1083.00,null,null,null
2023-08-06T12:03:04Z,23.92,62.96,98,1,35.76,101.80,96.00,1035.00,null,null,null
2023-08-06T12:04:04Z,23.92,62.63,98,1,41.53,101.80,90.00,992.00,null,null,null
2023-08-06T12:05:04Z,23.92,62.53,98,0,23.40,101.79,87.00,977.00,null,null,null
2023-08-06T12:06:04Z,23.89,62.44,98,0,25.56,101.80,90.00,997.00,0,0,0
2023-08-06T12:07:04Z,23.89,62.13,98,0,25.26,101.81,84.00,956.00,null,null,null
2023-08-06T12:08:04Z,23.93,62.35,98,0,25.32,101.81,95.00,1029.00,null,null,null
2023-08-06T12:09:04Z,23.92,62.44,98,0,28.27,101.80,107.00,1105.00,null,null,null
2023-08-06T12:10:04Z,23.93,62.38,98,0,24.96,101.80,105.00,1095.00,null,null,null
2023-08-06T12:11:04Z,23.94,62.27,98,0,25.32,101.81,103.00,1077.00,0,0,0
2023-08-06T12:12:04Z,23.94,62.34,98,0,28.95,101.81,103.00,1077.00,null,null,null
2023-08-06T12:13:04Z,23.94,62.45,98,0,25.73,101.80,102.00,1074.00,null,null,null
2023-08-06T12:14:04Z,23.93,62.23,98,0,26.03,101.80,102.00,1074.00,null,null,null
2023-08-06T12:15:04Z,23.96,62.29,98,0,25.73,101.80,100.00,1060.00,null,null,null
2023-08-06T12:16:04Z,23.96,62.42,98,0,24.43,101.80,99.00,1050.00,0,0,0
2023-08-06T12:17:04Z,23.96,62.38,98,0,24.46,101.80,95.00,1029.00,null,null,null
2023-08-06T12:18:04Z,23.98,62.11,98,0,29.37,101.80,90.00,997.00,null,null,null
2023-08-06T12:19:04Z,23.98,62.45,98,0,27.94,101.80,92.00,1007.00,null,null,null
2023-08-06T12:20:04Z,23.96,62.13,98,0,26.31,101.80,90.00,997.00,null,null,null
2023-08-06T12:21:04Z,23.93,61.99,98,0,26.24,101.80,92.00,1004.00,0,0,0
2023-08-06T12:22:04Z,23.96,62.30,98,0,23.94,101.80,92.00,1004.00,null,null,null
2023-08-06T12:23:04Z,23.99,62.19,98,0,24.68,101.80,90.00,992.00,null,null,null
2023-08-06T12:24:04Z,23.96,62.23,98,0,23.40,101.80,88.00,983.00,null,null,null
2023-08-06T12:25:04Z,23.98,62.08,98,0,26.76,101.80,88.00,983.00,null,null,null
2023-08-06T12:26:04Z,23.99,62.33,98,0,29.70,101.80,88.00,981.00,0,0,0
2023-08-06T12:27:04Z,24.01,62.15,99,0,27.53,101.80,87.00,972.00,null,null,null
2023-08-06T12:28:04Z,23.96,61.96,98,0,26.41,101.80,85.00,959.00,null,null,null
2023-08-06T12:29:04Z,23.96,62.03,98,0,24.07,101.80,85.00,959.00,null,null,null
2023-08-06T12:30:04Z,23.99,62.27,98,0,26.64,101.80,81.00,935.00,null,null,null
2023-08-06T12:31:04Z,23.96,62.29,98,0,28.22,101.80,83.00,949.00,0,0,0
2023-08-06T12:32:04Z,23.96,62.02,98,0,26.64,101.80,79.00,925.00,null,null,null
2023-08-06T12:33:04Z,23.98,62.23,98,0,27.18,101.80,87.00,972.00,null,null,null
2023-08-06T12:34:04Z,23.99,62.18,98,0,27.45,101.81,87.00,972.00,null,null,null
2023-08-06T12:35:04Z,23.99,62.19,98,0,24.86,101.80,87.00,972.00,null,null,null
2023-08-06T12:36:04Z,23.99,62.10,98,0,26.36,101.80,83.00,951.00,0,0,0
2023-08-06T12:37:04Z,23.99,61.98,98,0,24.89,101.80,80.00,927.00,null,null,null
2023-08-06T12:38:04Z,23.98,61.99,98,0,25.50,101.80,80.00,927.00,null,null,null
2023-08-06T12:39:04Z,23.98,62.11,99,0,26.76,101.80,79.00,925.00,null,null,null
2023-08-06T12:40:04Z,23.98,62.36,98,0,22.89,101.80,79.00,920.00,null,null,null
2023-08-06T12:41:04Z,23.99,62.07,98,0,25.16,101.80,78.00,913.00,0,0,0
2023-08-06T12:42:04Z,23.99,62.06,98,0,25.00,101.80,77.00,907.00,null,null,null
2023-08-06T12:43:04Z,24.01,62.15,98,0,25.84,101.80,82.00,942.00,null,null,null
2023-08-06T12:44:04Z,23.98,62.35,98,0,24.93,101.80,79.00,920.00,null,null,null
2023-08-06T12:45:04Z,24.01,62.03,98,0,23.35,101.80,75.00,897.00,null,null,null
2023-08-06T12:46:04Z,23.99,61.93,98,0,25.95,101.80,73.00,885.00,0,0,0
2023-08-06T12:47:04Z,23.99,62.21,98,0,24.83,101.80,73.00,880.00,null,null,null
2023-08-06T12:48:04Z,23.99,61.94,98,0,25.06,101.80,76.00,900.00,null,null,null
2023-08-06T12:49:04Z,24.01,62.18,98,0,27.62,101.80,78.00,913.00,null,null,null
2023-08-06T12:50:04Z,23.98,62.02,98,0,26.82,101.80,77.00,909.00,null,null,null
2023-08-06T12:51:04Z,23.98,62.02,98,0,24.11,101.80,75.00,897.00,0,0,0
2023-08-06T12:52:04Z,24.01,62.15,99,0,26.03,101.81,75.00,897.00,null,null,null
2023-08-06T12:53:04Z,24.01,61.91,98,0,28.73,101.80,75.00,897.00,null,null,null
2023-08-06T12:54:04Z,23.99,61.93,98,0,25.95,101.80,72.00,877.00,null,null,null
2023-08-06T12:55:04Z,24.02,61.89,98,0,29.43,101.80,74.00,891.00,null,null,null
2023-08-06T12:56:04Z,23.98,61.83,98,0,22.55,101.79,71.00,872.00,0,0,0
2023-08-06T12:57:04Z,23.98,61.72,99,0,25.84,101.80,69.00,853.00,null,null,null
2023-08-06T12:58:04Z,23.99,61.95,98,0,25.16,101.80,69.00,857.00,null,null,null
2023-08-06T12:59:04Z,23.99,62.01,98,0,32.28,101.79,74.00,889.00,null,null,null
2023-08-06T13:00:04Z,23.99,62.05,98,0,22.37,101.80,71.00,868.00,null,null,null
2023-08-06T13:01:04Z,23.98,61.78,98,0,27.90,101.80,74.00,887.00,0,0,0
2023-08-06T13:02:04Z,23.99,61.74,98,0,25.56,101.80,68.00,848.00,null,null,null
2023-08-06T13:03:04Z,23.98,61.84,98,0,29.60,101.80,71.00,872.00,null,null,null
2023-08-06T13:04:04Z,24.01,61.79,98,0,23.86,101.80,70.00,865.00,null,null,null
2023-08-06T13:05:04Z,24.01,61.69,98,0,23.90,101.80,67.00,846.00,null,null,null
2023-08-06T13:06:04Z,23.98,61.65,98,0,24.65,101.80,71.00,870.00,0,0,0
2023-08-06T13:07:04Z,24.01,61.77,98,0,26.14,101.80,66.00,834.00,null,null,null
2023-08-06T13:08:04Z,23.99,61.69,98,0,25.29,101.79,66.00,838.00,null,null,null
2023-08-06T13:09:04Z,23.99,61.82,99,0,25.62,101.80,67.00,846.00,null,null,null
2023-08-06T13:10:04Z,23.98,61.69,98,0,26.87,101.80,69.00,855.00,null,null,null
2023-08-06T13:11:04Z,23.99,61.80,98,0,29.30,101.80,70.00,863.00,0,0,0
2023-08-06T13:12:04Z,23.98,61.77,98,0,27.24,101.80,66.00,836.00,null,null,null
2023-08-06T13:13:04Z,23.98,61.68,98,0,25.00,101.81,66.00,834.00,null,null,null
2023-08-06T13:14:04Z,24.01,61.67,98,0,29.18,101.80,67.00,840.00,null,null,null
2023-08-06T13:15:04Z,23.98,61.87,98,0,26.36,101.80,67.00,840.00,null,null,null
2023-08-06T13:16:04Z,23.96,61.82,98,0,27.57,101.81,65.00,830.00,0,0,0
2023-08-06T13:17:04Z,23.99,61.73,98,0,26.97,101.81,65.00,830.00,null,null,null
2023-08-06T13:18:04Z,23.99,61.70,98,0,27.24,101.81,66.00,836.00,null,null,null
2023-08-06T13:19:04Z,24.01,61.76,98,0,23.05,101.81,66.00,836.00,null,null,null
2023-08-06T13:20:04Z,23.96,61.77,99,0,24.50,101.81,65.00,830.00,null,null,null
2023-08-06T13:21:04Z,23.94,61.77,98,0,24.76,101.81,62.00,810.00,0,0,0
2023-08-06T13:22:04Z,23.99,61.79,99,0,24.46,101.81,65.00,827.00,null,null,null
2023-08-06T13:23:04Z,23.99,61.83,98,0,29.77,101.81,62.00,810.00,null,null,null
2023-08-06T13:24:04Z,23.99,61.81,98,0,25.65,101.81,64.00,821.00,null,null,null
2023-08-06T13:25:04Z,23.98,61.77,98,0,24.27,101.80,64.00,821.00,null,null,null
2023-08-06T13:26:04Z,23.98,61.84,98,0,27.45,101.81,61.00,806.00,0,0,0
2023-08-06T13:27:04Z,23.98,61.94,98,0,26.11,101.81,61.00,804.00,null,null,null
2023-08-06T13:28:04Z,24.01,61.85,98,0,24.61,101.81,63.00,819.00,null,null,null
2023-08-06T13:29:04Z,23.99,61.77,98,0,23.40,101.80,61.00,804.00,null,null,null
2023-08-06T13:30:04Z,23.98,61.78,98,0,24.96,101.80,63.00,819.00,null,null,null
2023-08-06T13:31:04Z,23.96,61.87,98,0,30.28,101.80,61.00,804.00,0,0,0
2023-08-06T13:32:04Z,23.96,61.84,98,0,28.67,101.81,63.00,815.00,null,null,null
2023-08-06T13:33:04Z,23.99,61.70,98,0,28.88,101.80,62.00,813.00,null,null,null
2023-08-06T13:34:04Z,23.98,61.71,98,0,24.15,101.81,63.00,819.00,null,null,null
2023-08-06T13:35:04Z,23.98,61.76,98,0,25.13,101.80,63.00,819.00,null,null,null
2023-08-06T13:36:04Z,23.96,61.76,98,0,26.97,101.80,59.00,793.00,0,0,0
2023-08-06T13:37:04Z,23.98,61.80,98,0,27.22,101.81,59.00,793.00,null,null,null
2023-08-06T13:38:04Z,23.99,61.61,98,0,29.03,101.81,59.00,791.00,null,null,null
2023-08-06T13:39:04Z,23.96,61.62,98,0,24.89,101.80,60.00,798.00,null,null,null
2023-08-06T13:40:04Z,23.98,61.52,98,0,25.22,101.80,58.00,783.00,null,null,null
2023-08-06T13:41:04Z,23.94,61.48,98,0,25.41,101.80,60.00,795.00,0,0,0
2023-08-06T13:42:04Z,23.96,61.57,98,0,25.41,101.81,57.00,780.00,null,null,null
2023-08-06T13:43:04Z,23.98,61.56,98,0,26.55,101.81,60.00,795.00,null,null,null
2023-08-06T13:44:04Z,23.96,61.49,99,0,27.42,101.81,57.00,778.00,null,null,null
2023-08-06T13:45:04Z,23.98,61.39,98,0,24.03,101.81,59.00,793.00,null,null,null
2023-08-06T13:46:04Z,23.96,61.37,98,0,28.31,101.81,59.00,791.00,0,0,0
2023-08-06T13:47:04Z,23.96,61.32,98,0,27.04,101.81,57.00,776.00,null,null,null
2023-08-06T13:48:04Z,23.98,61.33,98,0,24.93,101.81,59.00,791.00,null,null,null
2023-08-06T13:49:04Z,23.96,61.42,98,0,30.05,101.81,56.00,774.00,null,null,null
2023-08-06T13:50:04Z,23.94,61.38,98,0,25.50,101.81,58.00,787.00,null,null,null
2023-08-06T13:51:04Z,23.96,61.37,98,0,24.43,101.81,56.00,774.00,0,0,0
2023-08-06T13:52:04Z,23.99,61.18,98,0,24.76,101.81,56.00,770.00,null,null,null
2023-08-06T13:53:04Z,23.98,61.27,98,0,26.67,101.81,59.00,793.00,null,null,null
2023-08-06T13:54:04Z,23.96,61.21,98,0,28.04,101.81,56.00,770.00,null,null,null
2023-08-06T13:55:04Z,23.94,61.06,98,0,25.13,101.81,57.00,778.00,null,null,null
2023-08-06T13:56:04Z,23.96,61.12,99,0,23.94,101.81,57.00,778.00,0,0,0
2023-08-06T13:57:04Z,23.96,61.04,98,0,24.93,101.81,54.00,761.00,null,null,null
2023-08-06T13:58:04Z,23.93,61.05,99,0,23.94,101.81,57.00,776.00,null,null,null
2023-08-06T13:59:04Z,23.98,61.05,98,0,24.68,101.81,57.00,776.00,null,null,null
2023-08-06T14:00:04Z,23.94,61.07,98,0,23.72,101.81,58.00,785.00,null,null,null
2023-08-06T14:01:04Z,23.92,61.08,98,0,27.96,101.81,56.00,772.00,0,0,0
2023-08-06T14:02:04Z,23.93,60.98,98,0,24.23,101.81,56.00,770.00,null,null,null
2023-08-06T14:03:04Z,23.96,60.99,98,0,25.70,101.81,58.00,783.00,null,null,null
2023-08-06T14:04:04Z,23.93,61.13,98,0,23.30,101.81,56.00,770.00,null,null,null
2023-08-06T14:05:04Z,23.92,61.07,98,0,27.84,101.80,55.00,765.00,null,null,null
2023-08-06T14:06:04Z,23.94,61.17,98,0,24.46,101.81,55.00,765.00,0,0,0
2023-08-06T14:07:04Z,23.96,61.11,98,0,27.90,101.81,55.00,765.00,null,null,null
2023-08-06T14:08:04Z,23.96,61.09,98,0,21.99,101.81,55.00,763.00,null,null,null
2023-08-06T14:09:04Z,23.93,61.04,98,0,26.19,101.81,57.00,776.00,null,null,null
2023-08-06T14:10:04Z,23.96,60.92,98,0,23.68,101.81,54.00,761.00,null,null,null
2023-08-06T14:11:04Z,23.96,61.06,98,0,24.76,101.81,56.00,774.00,0,0,0
2023-08-06T14:12:04Z,23.94,60.84,98,0,26.76,101.80,56.00,774.00,null,null,null
2023-08-06T14:13:04Z,23.94,60.88,98,0,25.76,101.81,54.00,759.00,null,null,null
2023-08-06T14:14:04Z,23.96,60.85,98,0,24.72,101.81,52.00,744.00,null,null,null
2023-08-06T14:15:04Z,23.98,60.96,98,0,26.99,101.80,54.00,759.00,null,null,null
2023-08-06T14:16:04Z,23.92,60.96,99,0,23.94,101.80,56.00,770.00,0,0,0
2023-08-06T14:17:04Z,23.94,60.96,98,0,24.35,101.80,52.00,742.00,null,null,null
2023-08-06T14:18:04Z,23.94,60.99,98,0,25.76,101.80,53.00,754.00,null,null,null
2023-08-06T14:19:04Z,23.94,60.88,98,0,25.84,101.81,53.00,754.00,null,null,null
2023-08-06T14:20:04Z,23.94,60.83,98,0,24.46,101.81,51.00,740.00,null,null,null
2023-08-06T14:21:04Z,23.92,60.96,98,0,27.45,101.80,55.00,765.00,0,0,0
2023-08-06T14:22:04Z,23.94,60.85,98,0,23.86,101.81,51.00,737.00,null,null,null
2023-08-06T14:23:04Z,23.93,60.82,98,0,25.98,101.81,53.00,752.00,null,null,null
2023-08-06T14:24:04Z,23.92,60.68,98,0,26.82,101.81,53.00,749.00,null,null,null
2023-08-06T14:25:04Z,23.92,60.70,98,0,21.99,101.80,54.00,759.00,null,null,null
2023-08-06T14:26:04Z,23.92,60.80,98,0,26.67,101.81,56.00,770.00,0,0,0
2023-08-06T14:27:04Z,23.92,60.61,98,0,27.90,101.80,50.00,733.00,null,null,null
2023-08-06T14:28:04Z,23.92,60.74,98,0,26.62,101.80,52.00,742.00,null,null,null
2023-08-06T14:29:04Z,23.93,60.77,98,0,27.16,101.80,55.00,765.00,null,null,null
2023-08-06T14:30:04Z,23.94,60.65,98,0,22.05,101.80,52.00,744.00,null,null,null
2023-08-06T14:31:04Z,23.92,60.72,98,0,23.90,101.81,51.00,737.00,0,0,0
2023-08-06T14:32:04Z,23.93,60.58,99,0,24.65,101.80,53.00,752.00,null,null,null
2023-08-06T14:33:04Z,23.93,60.50,99,0,26.31,101.81,55.00,765.00,null,null,null
2023-08-06T14:34:04Z,23.92,60.68,99,0,27.62,101.80,53.00,752.00,null,null,null
2023-08-06T14:35:04Z,23.89,60.70,98,0,26.16,101.81,51.00,735.00,null,null,null
2023-08-06T14:36:04Z,23.92,60.73,98,0,25.26,101.81,52.00,746.00,0,0,0
2023-08-06T14:37:04Z,23.92,60.59,98,0,28.54,101.81,52.00,746.00,null,null,null
2023-08-06T14:38:04Z,23.93,60.64,98,0,27.34,101.81,52.00,744.00,null,null,null
2023-08-06T14:39:04Z,23.90,60.50,98,0,25.62,101.81,50.00,730.00,null,null,null
2023-08-06T14:40:04Z,23.92,60.44,98,0,26.38,101.81,52.00,744.00,null,null,null
2023-08-06T14:41:04Z,23.92,60.57,98,0,30.92,101.81,52.00,744.00,0,0,0
2023-08-06T14:42:04Z,23.90,60.60,98,0,27.94,101.81,50.00,730.00,null,null,null
2023-08-06T14:43:04Z,23.93,60.53,98,0,25.03,101.81,50.00,730.00,null,null,null
2023-08-06T14:44:04Z,23.92,60.61,98,0,24.65,101.81,49.00,726.00,null,null,null
2023-08-06T14:45:04Z,23.90,60.62,99,0,25.62,101.81,51.00,740.00,null,null,null
2023-08-06T14:46:04Z,23.90,60.67,98,0,26.16,101.81,51.00,737.00,0,0,0
2023-08-06T14:47:04Z,23.92,60.56,98,0,23.72,101.81,46.00,706.00,null,null,null
2023-08-06T14:48:04Z,23.93,60.58,98,0,32.04,101.81,48.00,719.00,null,null,null
2023-08-06T14:49:04Z,23.92,60.43,98,0,24.39,101.81,48.00,717.00,null,null,null
2023-08-06T14:50:04Z,23.92,60.62,98,0,25.35,101.81,51.00,735.00,null,null,null
2023-08-06T14:51:04Z,23.89,60.59,98,0,23.94,101.81,51.00,735.00,0,0,0
2023-08-06T14:52:04Z,23.89,60.42,99,0,21.92,101.81,46.00,702.00,null,null,null
2023-08-06T14:53:04Z,23.92,60.50,98,0,22.05,101.81,50.00,733.00,null,null,null
2023-08-06T14:54:04Z,23.92,60.41,98,0,24.93,101.81,47.00,715.00,null,null,null
2023-08-06T14:55:04Z,23.90,60.36,98,0,26.71,101.81,45.00,700.00,null,null,null
2023-08-06T14:56:04Z,23.90,60.36,98,0,26.71,101.81,50.00,732.00,0,0,0
2023-08-06T14:57:04Z,23.92,60.40,98,0,24.72,101.81,47.00,712.00,null,null,null
2023-08-06T14:58:04Z,23.93,60.34,98,0,24.39,101.81,45.00,699.00,null,null,null
2023-08-06T14:59:04Z,23.92,60.35,98,0,27.16,101.81,45.00,699.00,null,null,null
2023-08-06T15:00:04Z,23.90,60.31,98,0,28.04,101.81,49.00,728.00,null,null,null
2023-08-06T15:01:04Z,23.89,60.30,98,0,27.60,101.81,47.00,710.00,0,0,0
2023-08-06T15:02:04Z,23.89,60.27,98,0,23.40,101.81,47.00,710.00,null,null,null
2023-08-06T15:03:04Z,23.89,60.29,98,0,26.31,101.81,46.00,708.00,null,null,null
2023-08-06T15:04:04Z,23.89,60.29,98,0,24.61,101.81,46.00,708.00,null,null,null
2023-08-06T15:05:04Z,23.92,60.17,98,0,24.35,101.81,47.00,715.00,null,null,null
2023-08-06T15:06:04Z,23.89,60.20,98,0,29.73,101.81,44.00,694.00,0,0,0
2023-08-06T15:07:04Z,23.90,60.34,99,0,22.89,101.81,44.00,694.00,null,null,null
2023-08-06T15:08:04Z,23.93,60.16,99,0,25.38,101.81,46.00,702.00,null,null,null
2023-08-06T15:09:04Z,23.90,60.27,98,0,25.26,101.81,46.00,708.00,null,null,null
2023-08-06T15:10:04Z,23.89,60.32,98,0,24.72,101.81,47.00,715.00,null,null,null
2023-08-06T15:11:04Z,23.92,60.26,98,0,26.06,101.81,45.00,700.00,0,0,0
2023-08-06T15:12:04Z,23.92,60.26,98,0,26.36,101.81,45.00,700.00,null,null,null
2023-08-06T15:13:04Z,23.90,60.14,98,0,27.68,101.81,43.00,686.00,null,null,null
2023-08-06T15:14:04Z,23.90,60.16,98,0,24.79,101.81,47.00,715.00,null,null,null
2023-08-06T15:15:04Z,23.90,60.11,98,0,25.73,101.81,46.00,702.00,null,null,null
2023-08-06T15:16:04Z,23.90,60.15,98,0,27.20,101.81,45.00,700.00,0,0,0
2023-08-06T15:17:04Z,23.90,60.13,99,0,26.36,101.81,45.00,700.00,null,null,null
2023-08-06T15:18:04Z,23.90,60.23,99,0,25.13,101.81,43.00,686.00,null,null,null
2023-08-06T15:19:04Z,23.90,60.21,98,0,24.19,101.81,47.00,714.00,null,null,null
2023-08-06T15:20:04Z,23.90,60.10,98,0,26.62,101.80,45.00,700.00,null,null,null
2023-08-06T15:21:04Z,23.88,60.16,98,0,25.29,101.80,47.00,714.00,0,0,0
2023-08-06T15:22:04Z,23.89,60.13,98,0,26.34,101.81,45.00,697.00,null,null,null
2023-08-06T15:23:04Z,23.92,60.02,98,0,26.31,101.81,45.00,697.00,null,null,null
2023-08-06T15:24:04Z,23.89,60.02,98,0,27.14,101.81,45.00,697.00,null,null,null
2023-08-06T15:25:04Z,23.88,60.11,98,0,25.56,101.81,44.00,694.00,null,null,null
2023-08-06T15:26:04Z,23.88,60.15,98,0,26.06,101.81,44.00,694.00,0,0,0
2023-08-06T15:27:04Z,23.89,60.13,98,0,25.87,101.82,46.00,706.00,null,null,null
2023-08-06T15:28:04Z,23.90,60.11,98,0,26.08,101.81,44.00,692.00,null,null,null
2023-08-06T15:29:04Z,23.90,60.12,98,0,25.19,101.81,44.00,692.00,null,null,null
2023-08-06T15:30:04Z,23.88,60.02,98,0,25.53,101.81,44.00,690.00,null,null,null
2023-08-06T15:31:04Z,23.88,60.05,98,0,29.97,101.81,46.00,704.00,0,0,0
2023-08-06T15:32:04Z,23.88,59.96,98,0,28.83,101.81,44.00,690.00,null,null,null
2023-08-06T15:33:04Z,23.90,59.97,98,0,28.22,101.81,43.00,688.00,null,null,null
2023-08-06T15:34:04Z,23.88,60.01,99,0,27.22,101.81,41.00,671.00,null,null,null
2023-08-06T15:35:04Z,23.85,59.95,99,0,25.22,101.81,43.00,683.00,null,null,null
2023-08-06T15:36:04Z,23.88,59.90,98,0,28.99,101.80,43.00,683.00,0,0,0
2023-08-06T15:37:04Z,23.90,59.93,98,0,25.56,101.81,39.00,657.00,null,null,null
2023-08-06T15:38:04Z,23.88,59.91,98,0,27.02,101.81,42.00,682.00,null,null,null
2023-08-06T15:39:04Z,23.88,59.99,98,0,25.53,101.80,42.00,682.00,null,null,null
2023-08-06T15:40:04Z,23.89,59.99,99,0,25.06,101.81,40.00,666.00,null,null,null
2023-08-06T15:41:04Z,23.86,59.99,98,0,25.03,101.81,40.00,666.00,0,0,0
2023-08-06T15:42:04Z,23.86,59.91,98,0,24.72,101.81,40.00,666.00,null,null,null
2023-08-06T15:43:04Z,23.89,59.82,98,0,28.73,101.81,41.00,675.00,null,null,null
2023-08-06T15:44:04Z,23.90,59.95,98,0,26.87,101.81,41.00,675.00,null,null,null
2023-08-06T15:45:04Z,23.88,59.90,98,0,25.82,101.81,39.00,660.00,null,null,null
2023-08-06T15:46:04Z,23.86,59.93,98,0,27.04,101.81,41.00,675.00,0,0,0
2023-08-06T15:47:04Z,23.86,60.00,98,0,27.87,101.82,44.00,690.00,null,null,null
2023-08-06T15:48:04Z,23.89,59.91,98,0,25.62,101.82,43.00,688.00,null,null,null
2023-08-06T15:49:04Z,23.89,59.74,98,0,24.11,101.82,41.00,674.00,null,null,null
2023-08-06T15:50:04Z,23.86,59.79,98,0,25.59,101.82,40.00,668.00,null,null,null
2023-08-06T15:51:04Z,23.88,59.78,98,0,28.50,101.82,39.00,656.00,0,0,0
2023-08-06T15:52:04Z,23.89,59.83,98,0,29.35,101.82,39.00,656.00,null,null,null
2023-08-06T15:53:04Z,23.90,59.80,98,0,28.11,101.82,41.00,671.00,null,null,null
2023-08-06T15:54:04Z,23.89,59.87,98,0,27.64,101.82,42.00,682.00,null,null,null
2023-08-06T15:55:04Z,23.86,59.93,98,0,25.84,101.82,42.00,682.00,null,null,null
2023-08-06T15:56:04Z,23.85,59.80,98,0,28.02,101.82,42.00,682.00,0,0,0
2023-08-06T15:57:04Z,23.89,59.97,98,0,25.26,101.82,42.00,682.00,null,null,null
2023-08-06T15:58:04Z,23.89,59.94,98,0,26.71,101.82,40.00,668.00,null,null,null
2023-08-06T15:59:04Z,23.85,59.87,98,0,23.10,101.82,40.00,665.00,null,null,null
2023-08-06T16:00:04Z,23.88,59.94,98,0,27.71,101.82,40.00,665.00,null,null,null
2023-08-06T16:01:04Z,23.88,59.81,99,0,26.97,101.82,38.00,650.00,0,0,0
2023-08-06T16:02:04Z,23.88,59.99,98,0,25.95,101.82,39.00,660.00,null,null,null
2023-08-06T16:03:04Z,23.90,59.77,98,0,25.53,101.83,39.00,660.00,null,null,null
2023-08-06T16:04:04Z,23.88,59.82,98,0,27.36,101.82,41.00,675.00,null,null,null
2023-08-06T16:05:04Z,23.88,59.81,98,0,26.14,101.83,37.00,645.00,null,null,null
2023-08-06T16:06:04Z,23.86,59.76,99,0,26.50,101.83,37.00,645.00,0,0,0
2023-08-06T16:07:04Z,23.89,59.71,99,0,26.48,101.82,37.00,645.00,null,null,null
2023-08-06T16:08:04Z,23.88,59.87,98,0,24.19,101.83,38.00,650.00,null,null,null
2023-08-06T16:09:04Z,23.89,59.68,98,0,28.51,101.83,39.00,656.00,null,null,null
2023-08-06T16:10:04Z,23.86,59.56,98,0,25.03,101.82,37.00,649.00,null,null,null
2023-08-06T16:11:04Z,23.88,59.77,99,0,28.34,101.83,39.00,660.00,0,0,0
2023-08-06T16:12:04Z,23.88,59.66,99,0,24.93,101.82,36.00,641.00,null,null,null
2023-08-06T16:13:04Z,23.90,59.60,98,0,23.30,101.82,39.00,659.00,null,null,null
2023-08-06T16:14:04Z,23.88,59.52,98,0,27.45,101.83,39.00,659.00,null,null,null
2023-08-06T16:15:04Z,23.86,59.58,99,0,23.49,101.83,37.00,646.00,null,null,null
2023-08-06T16:16:04Z,23.85,59.51,98,0,24.86,101.83,39.00,657.00,0,0,0
2023-08-06T16:17:04Z,23.88,59.52,98,0,28.02,101.83,39.00,657.00,null,null,null
2023-08-06T16:18:04Z,23.86,59.58,98,0,26.24,101.83,37.00,645.00,null,null,null
2023-08-06T16:19:04Z,23.88,59.65,98,0,27.94,101.83,39.00,656.00,null,null,null
2023-08-06T16:20:04Z,23.85,59.56,99,0,21.56,101.83,37.00,643.00,null,null,null
2023-08-06T16:21:04Z,23.85,59.53,98,0,23.81,101.83,37.00,643.00,0,0,0
2023-08-06T16:22:04Z,23.89,59.67,98,0,25.47,101.83,38.00,652.00,null,null,null
2023-08-06T16:23:04Z,23.88,59.61,98,0,23.77,101.83,38.00,652.00,null,null,null
2023-08-06T16:24:04Z,23.88,59.66,98,0,23.35,101.83,36.00,640.00,null,null,null
2023-08-06T16:25:04Z,23.86,59.68,98,0,22.83,101.83,38.00,652.00,null,null,null
2023-08-06T16:26:04Z,23.88,59.47,98,0,24.86,101.83,38.00,652.00,0,0,0
2023-08-06T16:27:04Z,23.89,59.54,98,0,27.06,101.83,38.00,650.00,null,null,null
2023-08-06T16:28:04Z,23.86,59.46,98,0,25.26,101.82,36.00,638.00,null,null,null
2023-08-06T16:29:04Z,23.86,59.46,98,0,24.72,101.82,34.00,629.00,null,null,null
2023-08-06T16:30:04Z,23.88,59.53,98,0,24.15,101.82,35.00,634.00,null,null,null
2023-08-06T16:31:04Z,23.83,59.42,99,0,26.03,101.83,35.00,634.00,0,0,0
2023-08-06T16:32:04Z,23.83,59.52,99,0,27.64,101.82,34.00,626.00,null,null,null
2023-08-06T16:33:04Z,23.83,59.42,99,0,23.77,101.82,35.00,633.00,null,null,null
2023-08-06T16:34:04Z,23.85,59.65,98,0,25.38,101.82,34.00,624.00,null,null,null
2023-08-06T16:35:04Z,23.86,59.63,98,0,30.89,101.83,35.00,633.00,null,null,null
2023-08-06T16:36:04Z,23.83,59.54,98,0,25.13,101.82,35.00,633.00,0,0,0
2023-08-06T16:37:04Z,23.86,59.52,98,0,24.96,101.83,33.00,620.00,null,null,null
2023-08-06T16:38:04Z,23.86,59.50,98,0,27.77,101.82,33.00,620.00,null,null,null
2023-08-06T16:39:04Z,23.86,59.47,98,0,24.11,101.82,36.00,640.00,null,null,null
2023-08-06T16:40:04Z,23.85,59.45,98,0,24.23,101.82,36.00,640.00,null,null,null
2023-08-06T16:41:04Z,23.85,59.42,98,0,22.83,101.83,34.00,627.00,0,0,0
2023-08-06T16:42:04Z,23.85,59.50,98,0,24.61,101.82,34.00,626.00,null,null,null
2023-08-06T16:43:04Z,23.86,59.51,98,0,24.15,101.83,33.00,617.00,null,null,null
2023-08-06T16:44:04Z,23.86,59.46,98,0,23.98,101.82,34.00,626.00,null,null,null
2023-08-06T16:45:04Z,23.85,59.48,98,0,27.80,101.83,32.00,615.00,null,null,null
2023-08-06T16:46:04Z,23.85,59.56,98,0,26.31,101.83,32.00,615.00,0,0,0
2023-08-06T16:47:04Z,23.86,59.44,99,0,25.56,101.83,34.00,624.00,null,null,null
2023-08-06T16:48:04Z,23.85,59.53,98,0,24.79,101.83,33.00,623.00,null,null,null
2023-08-06T16:49:04Z,23.88,59.61,98,0,28.45,101.83,32.00,614.00,null,null,null
2023-08-06T16:50:04Z,23.85,59.73,98,0,27.64,101.83,35.00,634.00,null,null,null
2023-08-06T16:51:04Z,23.82,59.53,98,0,24.46,101.83,35.00,633.00,0,0,0
2023-08-06T16:52:04Z,23.88,59.57,98,0,27.94,101.83,33.00,620.00,null,null,null
2023-08-06T16:53:04Z,23.85,59.47,98,0,25.65,101.83,32.00,612.00,null,null,null
2023-08-06T16:54:04Z,23.85,59.53,98,0,24.96,101.83,32.00,611.00,null,null,null
2023-08-06T16:55:04Z,23.81,59.52,98,0,27.42,101.83,32.00,611.00,null,null,null
2023-08-06T16:56:04Z,23.83,59.46,98,0,27.99,101.83,33.00,617.00,0,0,0
2023-08-06T16:57:04Z,23.88,59.47,98,0,25.44,101.84,33.00,617.00,null,null,null
2023-08-06T16:58:04Z,23.88,59.46,98,0,26.91,101.84,33.00,617.00,null,null,null
2023-08-06T16:59:04Z,23.83,59.44,98,0,27.59,101.84,31.00,605.00,null,null,null
2023-08-06T17:00:04Z,23.83,59.45,98,0,24.50,101.85,32.00,615.00,null,null,null
2023-08-06T17:01:04Z,23.85,59.51,98,0,23.72,101.85,34.00,627.00,0,0,0
2023-08-06T17:02:04Z,23.86,59.45,98,0,23.77,101.85,30.00,602.00,null,null,null
2023-08-06T17:03:04Z,23.86,59.47,98,0,23.15,101.84,34.00,624.00,null,null,null
2023-08-06T17:04:04Z,23.86,59.36,99,0,27.87,101.85,32.00,612.00,null,null,null
2023-08-06T17:05:04Z,23.83,59.39,98,0,24.72,101.84,34.00,624.00,null,null,null
2023-08-06T17:06:04Z,23.83,59.36,98,0,25.00,101.84,34.00,624.00,0,0,0
2023-08-06T17:07:04Z,23.85,59.50,98,0,27.40,101.84,32.00,612.00,null,null,null
2023-08-06T17:08:04Z,23.85,59.31,98,0,24.27,101.84,33.00,618.00,null,null,null
2023-08-06T17:09:04Z,23.85,59.31,98,0,27.55,101.84,31.00,605.00,null,null,null
2023-08-06T17:10:04Z,23.83,59.20,98,0,22.89,101.84,30.00,597.00,null,null,null
2023-08-06T17:11:04Z,23.85,59.17,98,0,25.35,101.84,32.00,612.00,0,0,0
2023-08-06T17:12:04Z,23.86,59.25,98,0,23.40,101.84,30.00,602.00,null,null,null
2023-08-06T17:13:04Z,23.85,59.25,98,0,25.00,101.84,29.00,596.00,null,null,null
2023-08-06T17:14:04Z,23.83,59.18,98,0,25.73,101.84,29.00,596.00,null,null,null
2023-08-06T17:15:04Z,23.85,59.20,98,0,24.11,101.84,30.00,602.00,null,null,null
2023-08-06T17:16:04Z,23.82,59.20,98,0,28.60,101.84,31.00,607.00,0,0,0
2023-08-06T17:17:04Z,23.85,59.19,98,0,24.65,101.84,31.00,607.00,null,null,null
2023-08-06T17:18:04Z,23.86,59.16,98,0,23.77,101.84,30.00,599.00,null,null,null
2023-08-06T17:19:04Z,23.83,59.26,98,0,26.95,101.84,31.00,605.00,null,null,null
2023-08-06T17:20:04Z,23.83,59.17,98,0,22.55,101.84,32.00,612.00,null,null,null
2023-08-06T17:21:04Z,23.82,59.20,98,0,30.32,101.84,31.00,605.00,0,0,0
2023-08-06T17:22:04Z,23.85,59.17,99,0,27.06,101.85,29.00,596.00,null,null,null
2023-08-06T17:23:04Z,23.86,59.03,98,0,27.77,101.85,29.00,596.00,null,null,null
2023-08-06T17:24:04Z,23.83,59.04,98,0,24.11,101.85,30.00,603.00,null,null,null
2023-08-06T17:25:04Z,23.85,59.11,98,0,27.14,101.85,30.00,602.00,null,null,null
2023-08-06T17:26:04Z,23.86,59.07,98,0,26.11,101.85,29.00,594.00,0,0,0
2023-08-06T17:27:04Z,23.82,59.07,98,0,27.34,101.85,30.00,602.00,null,null,null
2023-08-06T17:28:04Z,23.86,59.12,98,0,23.54,101.85,30.00,600.00,null,null,null
2023-08-06T17:29:04Z,23.85,59.17,98,0,28.91,101.85,29.00,592.00,null,null,null
2023-08-06T17:30:04Z,23.83,59.20,98,0,26.36,101.85,30.00,600.00,null,null,null
2023-08-06T17:31:04Z,23.83,59.16,98,0,22.12,101.85,30.00,599.00,0,0,0
2023-08-06T17:32:04Z,23.83,59.25,98,0,27.64,101.86,30.00,599.00,null,null,null
2023-08-06T17:33:04Z,23.85,59.18,99,0,26.67,101.86,28.00,584.00,null,null,null
2023-08-06T17:34:04Z,23.85,59.21,98,0,27.80,101.86,32.00,611.00,null,null,null
2023-08-06T17:35:04Z,23.85,59.15,98,0,29.56,101.86,30.00,597.00,null,null,null
2023-08-06T17:36:04Z,23.82,59.15,98,0,27.22,101.86,28.00,588.00,0,0,0
2023-08-06T17:37:04Z,23.83,59.18,98,0,27.47,101.86,29.00,596.00,null,null,null
2023-08-06T17:38:04Z,23.86,59.09,98,0,25.95,101.86,27.00,581.00,null,null,null
2023-08-06T17:39:04Z,23.85,59.25,98,0,24.50,101.86,30.00,602.00,null,null,null
2023-08-06T17:40:04Z,23.85,59.43,98,0,28.58,101.87,26.00,575.00,null,null,null
2023-08-06T17:41:04Z,23.83,59.42,98,0,27.04,101.87,28.00,584.00,0,0,0
2023-08-06T17:42:04Z,23.85,59.42,99,0,25.84,101.87,26.00,575.00,null,null,null
2023-08-06T17:43:04Z,23.83,59.30,98,0,23.25,101.87,28.00,584.00,null,null,null
2023-08-06T17:44:04Z,23.85,59.34,98,0,23.54,101.87,29.00,594.00,null,null,null
2023-08-06T17:45:04Z,23.83,59.07,98,0,28.34,101.87,27.00,581.00,null,null,null
2023-08-06T17:46:04Z,23.85,59.38,98,0,25.53,101.88,28.00,589.00,0,0,0
2023-08-06T17:47:04Z,23.86,59.32,98,0,25.13,101.88,29.00,591.00,null,null,null
2023-08-06T17:48:04Z,23.85,59.38,98,0,26.08,101.88,27.00,578.00,null,null,null
2023-08-06T17:49:04Z,23.86,59.26,98,0,26.00,101.88,27.00,578.00,null,null,null
2023-08-06T17:50:04Z,23.85,59.25,98,0,26.48,101.88,26.00,577.00,null,null,null
2023-08-06T17:51:04Z,23.85,59.35,98,0,25.35,101.88,28.00,589.00,0,0,0
2023-08-06T17:52:04Z,23.85,59.26,98,0,24.86,101.88,25.00,569.00,null,null,null
2023-08-06T17:53:04Z,23.86,59.19,98,0,26.84,101.88,26.00,577.00,null,null,null
2023-08-06T17:54:04Z,23.89,59.22,98,0,23.40,101.88,28.00,584.00,null,null,null
2023-08-06T17:55:04Z,23.85,59.31,98,0,28.12,101.89,29.00,592.00,null,null,null
2023-08-06T17:56:04Z,23.83,59.19,98,0,26.91,101.88,28.00,586.00,0,0,0
2023-08-06T17:57:04Z,23.86,59.27,98,0,27.34,101.88,27.00,580.00,null,null,null
2023-08-06T17:58:04Z,23.85,59.15,98,0,25.47,101.89,26.00,572.00,null,null,null
2023-08-06T17:59:04Z,23.83,59.22,98,0,25.65,101.89,25.00,570.00,null,null,null
2023-08-06T18:00:04Z,23.83,59.20,98,0,25.38,101.89,29.00,591.00,null,null,null
2023-08-06T18:01:04Z,23.85,59.22,98,0,28.74,101.89,25.00,569.00,0,0,0
2023-08-06T18:02:04Z,23.85,59.19,98,0,23.98,101.89,26.00,577.00,null,null,null
2023-08-06T18:03:04Z,23.86,59.10,98,0,26.06,101.90,28.00,589.00,null,null,null
2023-08-06T18:04:04Z,23.86,59.33,99,0,27.94,101.89,25.00,567.00,null,null,null
2023-08-06T18:05:04Z,23.86,59.32,99,0,25.79,101.90,27.00,580.00,null,null,null
2023-08-06T18:06:04Z,23.85,59.10,98,0,26.00,101.91,27.00,580.00,0,0,0
2023-08-06T18:07:04Z,23.86,59.19,98,0,23.35,101.90,26.00,574.00,null,null,null
2023-08-06T18:08:04Z,23.86,59.08,98,0,24.61,101.90,26.00,574.00,null,null,null
2023-08-06T18:09:04Z,23.86,59.31,98,0,26.46,101.90,25.00,566.00,null,null,null
2023-08-06T18:10:04Z,23.85,59.15,98,0,26.87,101.90,25.00,565.00,null,null,null
2023-08-06T18:11:04Z,23.83,59.22,98,0,25.29,101.91,24.00,564.00,0,0,0
2023-08-06T18:12:04Z,23.85,59.35,98,0,26.11,101.91,24.00,564.00,null,null,null
2023-08-06T18:13:04Z,23.85,59.05,98,0,26.62,101.90,24.00,564.00,null,null,null
2023-08-06T18:14:04Z,23.86,59.02,99,0,27.97,101.90,24.00,561.00,null,null,null
2023-08-06T18:15:04Z,23.86,59.04,98,0,29.38,101.90,25.00,569.00,null,null,null
2023-08-06T18:16:04Z,23.88,58.90,98,8,40.07,101.90,25.00,567.00,0,0,0
2023-08-06T18:17:04Z,23.85,55.19,98,10,31.66,101.91,17.00,517.00,null,null,null
2023-08-06T18:18:04Z,23.76,54.25,98,33,30.91,101.91,0.00,400.00,null,null,null
2023-08-06T18:19:04Z,23.75,54.12,98,7,30.43,101.92,0.00,400.00,null,null,null
2023-08-06T18:20:04Z,23.69,53.49,98,7,32.40,101.92,0.00,400.00,null,null,null
2023-08-06T18:21:04Z,23.62,52.94,98,93,51.27,101.91,0.00,400.00,0,0,0
2023-08-06T18:22:04Z,23.57,52.64,98,7,32.91,101.92,0.00,400.00,null,null,null
2023-08-06T18:23:04Z,23.51,52.27,98,6,36.75,101.91,0.00,400.00,null,null,null
2023-08-06T18:24:04Z,23.44,52.08,98,6,35.39,101.92,0.00,400.00,null,null,null
2023-08-06T18:25:04Z,23.38,52.65,98,4,33.36,101.91,0.00,400.00,null,null,null
2023-08-06T18:26:04Z,23.35,52.74,98,4,31.01,101.92,0.00,406.00,0,0,0
2023-08-06T18:27:04Z,23.33,52.70,98,3,38.19,101.92,0.00,400.00,null,null,null
2023-08-06T18:28:04Z,23.30,53.13,98,3,29.80,101.92,0.00,400.00,null,null,null
2023-08-06T18:29:04Z,23.27,53.15,98,3,34.02,101.92,0.00,403.00,null,null,null
2023-08-06T18:30:04Z,23.25,52.55,98,4,31.84,101.92,0.00,403.00,null,null,null
2023-08-06T18:31:04Z,23.17,52.19,98,6,32.15,101.93,0.00,400.00,0,0,0
2023-08-06T18:32:04Z,23.15,52.23,98,4,31.41,101.93,0.00,400.00,null,null,null
2023-08-06T18:33:04Z,23.11,52.17,98,4,29.47,101.93,0.00,400.00,null,null,null
2023-08-06T18:34:04Z,23.10,52.53,98,3,34.80,101.92,1.00,413.00,null,null,null
2023-08-06T18:35:04Z,23.04,52.86,98,3,30.10,101.93,1.00,413.00,null,null,null
2023-08-06T18:36:04Z,23.02,52.98,99,3,37.21,101.93,2.00,414.00,0,0,0
2023-08-06T18:37:04Z,23.02,53.08,98,3,36.33,101.93,2.00,414.00,null,null,null
2023-08-06T18:38:04Z,22.99,52.95,98,3,30.06,101.92,42.00,679.00,null,null,null
2023-08-06T18:39:04Z,22.96,52.77,98,3,30.46,101.93,24.00,561.00,null,null,null
2023-08-06T18:40:04Z,22.96,52.99,98,2,29.30,101.92,13.00,491.00,null,null,null
2023-08-06T18:41:04Z,22.90,52.83,98,2,29.25,101.92,11.00,476.00,0,0,0
2023-08-06T18:42:04Z,22.90,52.45,98,2,32.84,101.93,7.00,451.00,null,null,null
2023-08-06T18:43:04Z,22.86,52.39,98,2,30.14,101.93,2.00,415.00,null,null,null
2023-08-06T18:44:04Z,22.82,52.36,98,2,38.03,101.93,0.00,400.00,null,null,null
2023-08-06T18:45:04Z,22.76,52.71,98,2,35.84,101.93,0.00,400.00,null,null,null
2023-08-06T18:46:04Z,22.76,52.92,98,1,38.00,101.93,2.00,417.00,0,0,0
2023-08-06T18:47:04Z,22.66,52.47,98,0,31.92,101.93,0.00,400.00,null,null,null
2023-08-06T18:48:04Z,22.64,52.80,98,0,31.20,101.94,6.00,442.00,null,null,null
2023-08-06T18:49:04Z,22.60,52.75,98,0,32.33,101.94,5.00,436.00,null,null,null
2023-08-06T18:50:04Z,22.59,52.87,98,0,34.87,101.94,7.00,452.00,null,null,null
2023-08-06T18:51:04Z,22.52,52.18,98,0,28.01,101.93,9.00,460.00,0,0,0
2023-08-06T18:52:04Z,22.49,52.40,98,0,30.51,101.93,0.00,400.00,null,null,null
2023-08-06T18:53:04Z,22.43,52.26,98,0,33.03,101.93,0.00,400.00,null,null,null
2023-08-06T18:54:04Z,22.39,52.64,99,0,33.15,101.93,5.00,439.00,null,null,null
2023-08-06T18:55:04Z,22.33,51.97,98,0,31.95,101.93,2.00,415.00,null,null,null
2023-08-06T18:56:04Z,22.31,52.21,98,0,47.93,101.93,0.00,405.00,0,0,0
2023-08-06T18:57:04Z,22.22,51.45,98,0,29.89,101.93,0.00,400.00,null,null,null
2023-08-06T18:58:04Z,22.24,52.40,98,0,34.55,101.93,0.00,400.00,null,null,null
2023-08-06T18:59:04Z,22.21,52.51,98,0,31.43,101.93,5.00,434.00,null,null,null
2023-08-06T19:00:04Z,22.16,53.09,98,0,36.70,101.93,8.00,456.00,null,null,null
2023-08-06T19:01:04Z,22.15,52.47,98,0,31.69,101.93,11.00,475.00,0,0,0
2023-08-06T19:02:04Z,22.14,52.16,98,0,32.42,101.92,12.00,480.00,null,null,null
2023-08-06T19:03:04Z,22.12,53.14,98,0,38.71,101.93,11.00,475.00,null,null,null
2023-08-06T19:04:04Z,22.08,52.92,98,0,31.41,101.92,13.00,491.00,null,null,null
2023-08-06T19:05:04Z,22.06,52.85,98,0,33.25,101.92,11.00,478.00,null,null,null
2023-08-06T19:06:04Z,22.05,52.77,98,0,31.65,101.92,11.00,473.00,0,0,0
2023-08-06T19:07:04Z,22.05,52.77,98,0,29.54,101.92,1.00,409.00,null,null,null
2023-08-06T19:08:04Z,22.00,52.77,98,0,31.99,101.92,5.00,435.00,null,null,null
2023-08-06T19:09:04Z,22.02,53.06,98,0,31.72,101.92,7.00,452.00,null,null,null
2023-08-06T19:10:04Z,21.98,52.39,98,0,38.97,101.93,10.00,470.00,null,null,null
2023-08-06T19:11:04Z,21.98,53.15,98,0,43.04,101.93,10.00,470.00,0,0,0
2023-08-06T19:12:04Z,21.93,52.80,98,0,32.93,101.92,10.00,470.00,null,null,null
2023-08-06T19:13:04Z,21.93,52.86,98,0,34.09,101.92,7.00,446.00,null,null,null
2023-08-06T19:14:04Z,21.88,52.56,98,0,34.51,101.93,4.00,427.00,null,null,null
2023-08-06T19:15:04Z,21.84,52.67,98,0,36.51,101.93,0.00,400.00,null,null,null
2023-08-06T19:16:04Z,21.77,52.33,99,0,38.84,101.92,0.00,400.00,0,0,0
2023-08-06T19:17:04Z,21.77,52.76,98,0,38.90,101.93,0.00,400.00,null,null,null
2023-08-06T19:18:04Z,21.75,52.29,98,0,39.10,101.92,0.00,400.00,null,null,null
2023-08-06T19:19:04Z,21.68,52.30,98,0,41.83,101.92,0.00,400.00,null,null,null
2023-08-06T19:20:04Z,21.67,52.58,98,0,37.05,101.92,1.00,410.00,null,null,null
2023-08-06T19:21:04Z,21.63,52.65,98,0,35.98,101.92,0.00,400.00,0,0,0
2023-08-06T19:22:04Z,21.64,53.07,98,0,36.35,101.93,0.00,400.00,null,null,null
2023-08-06T19:23:04Z,21.61,52.81,98,0,38.39,101.93,0.00,405.00,null,null,null
2023-08-06T19:24:04Z,21.58,53.02,98,0,34.61,101.93,3.00,423.00,null,null,null
2023-08-06T19:25:04Z,21.56,53.13,98,0,38.40,101.93,2.00,414.00,null,null,null
2023-08-06T19:26:04Z,21.53,53.24,98,0,43.53,101.93,2.00,418.00,0,0,0
2023-08-06T19:27:04Z,21.53,52.98,98,0,38.20,101.93,0.00,405.00,null,null,null
2023-08-06T19:28:04Z,21.53,53.20,98,0,36.97,101.93,0.00,400.00,null,null,null
2023-08-06T19:29:04Z,21.49,53.06,98,0,41.20,101.93,0.00,400.00,null,null,null
2023-08-06T19:30:04Z,21.46,53.33,98,0,35.23,101.93,0.00,400.00,null,null,null
2023-08-06T19:31:04Z,21.43,53.29,98,0,38.03,101.93,0.00,402.00,0,0,0
2023-08-06T19:32:04Z,21.43,53.42,98,0,40.49,101.93,0.00,402.00,null,null,null
2023-08-06T19:33:04Z,21.42,53.40,98,0,35.96,101.93,0.00,402.00,null,null,null
2023-08-06T19:34:04Z,21.42,53.41,98,0,35.75,101.93,1.00,409.00,null,null,null
2023-08-06T19:35:04Z,21.40,53.61,98,0,32.82,101.93,1.00,409.00,null,null,null
2023-08-06T19:36:04Z,21.37,53.42,98,0,35.22,101.92,0.00,402.00,0,0,0
2023-08-06T19:37:04Z,21.36,53.71,98,0,37.21,101.93,0.00,400.00,null,null,null
2023-08-06T19:38:04Z,21.39,53.66,98,0,37.01,101.92,0.00,402.00,null,null,null
2023-08-06T19:39:04Z,21.36,53.61,98,0,38.20,101.92,0.00,400.00,null,null,null
2023-08-06T19:40:04Z,21.33,53.48,98,0,31.44,101.92,0.00,400.00,null,null,null
2023-08-06T19:41:04Z,21.33,53.62,98,0,36.38,101.92,0.00,400.00,0,0,0
2023-08-06T19:42:04Z,21.30,53.48,98,0,36.47,101.92,0.00,400.00,null,null,null
2023-08-06T19:43:04Z,21.29,53.88,99,0,44.09,101.92,1.00,408.00,null,null,null
2023-08-06T19:44:04Z,21.32,54.23,98,0,32.43,101.92,3.00,421.00,null,null,null
2023-08-06T19:45:04Z,21.29,54.26,99,0,36.79,101.92,7.00,448.00,null,null,null
2023-08-06T19:46:04Z,21.27,54.43,98,0,36.50,101.92,12.00,481.00,0,0,0
2023-08-06T19:47:04Z,21.29,54.19,98,0,35.47,101.93,24.00,561.00,null,null,null
2023-08-06T19:48:04Z,21.30,54.13,99,0,40.13,101.93,33.00,623.00,null,null,null
2023-08-06T19:49:04Z,21.30,54.28,98,0,32.17,101.93,37.00,645.00,null,null,null
2023-08-06T19:50:04Z,21.30,54.24,98,0,53.53,101.93,36.00,638.00,null,null,null
2023-08-06T19:51:04Z,21.32,54.60,98,0,43.14,101.93,39.00,660.00,0,0,0
2023-08-06T19:52:04Z,21.32,54.54,98,0,34.18,101.93,41.00,675.00,null,null,null
2023-08-06T19:53:04Z,21.32,54.36,98,0,37.59,101.94,47.00,714.00,null,null,null
2023-08-06T19:54:04Z,21.32,54.34,98,0,41.82,101.94,45.00,700.00,null,null,null
2023-08-06T19:55:04Z,21.30,54.64,98,0,38.18,101.94,43.00,683.00,null,null,null
2023-08-06T19:56:04Z,21.32,54.85,99,0,31.40,101.94,47.00,714.00,0,0,0
2023-08-06T19:57:04Z,21.36,54.73,98,0,50.11,101.94,62.00,813.00,null,null,null
2023-08-06T19:58:04Z,21.37,55.50,98,0,32.05,101.94,79.00,920.00,null,null,null
2023-08-06T19:59:04Z,21.39,55.63,98,0,36.20,101.95,96.00,1035.00,null,null,null
2023-08-06T20:00:04Z,21.40,55.67,98,0,33.24,101.95,112.00,1140.00,null,null,null
2023-08-06T20:01:04Z,21.44,55.66,99,0,29.69,101.95,122.00,1201.00,0,0,0
2023-08-06T20:02:04Z,21.47,55.83,98,0,31.80,101.95,122.00,1201.00,null,null,null
2023-08-06T20:03:04Z,21.50,55.83,98,0,44.69,101.96,135.00,1291.00,null,null,null
2023-08-06T20:04:04Z,21.51,55.73,98,0,41.36,101.95,144.00,1349.00,null,null,null
2023-08-06T20:05:04Z,21.53,55.99,98,0,30.61,101.95,156.00,1425.00,null,null,null
2023-08-06T20:06:04Z,21.56,56.01,98,0,35.48,101.96,161.00,1458.00,0,0,0
2023-08-06T20:07:04Z,21.58,55.74,98,0,31.59,101.96,163.00,1474.00,null,null,null
2023-08-06T20:08:04Z,21.63,55.73,98,0,39.23,101.96,172.00,1500.00,null,null,null
2023-08-06T20:09:04Z,21.60,56.11,98,0,30.14,101.96,176.00,1506.00,null,null,null
2023-08-06T20:10:04Z,21.64,56.26,98,0,40.06,101.96,184.00,1518.00,null,null,null
2023-08-06T20:11:04Z,21.63,56.41,98,0,34.53,101.96,187.00,1523.00,0,0,0
2023-08-06T20:12:04Z,21.67,56.22,98,0,31.40,101.96,195.00,1534.00,null,null,null
2023-08-06T20:13:04Z,21.70,57.19,99,0,28.07,101.97,202.00,1543.00,null,null,null
2023-08-06T20:14:04Z,21.71,56.65,98,0,31.60,101.96,266.00,1624.00,null,null,null
2023-08-06T20:15:04Z,21.73,57.46,98,0,35.05,101.97,318.00,1678.00,null,null,null
2023-08-06T20:16:04Z,21.75,56.83,98,0,33.25,101.97,461.00,1810.00,0,0,0
2023-08-06T20:17:04Z,21.77,56.52,98,0,28.12,101.97,461.00,1810.00,null,null,null
2023-08-06T20:18:04Z,21.78,56.32,98,0,30.91,101.97,394.00,1753.00,null,null,null
2023-08-06T20:19:04Z,21.80,56.64,98,0,31.76,101.97,346.00,1707.00,null,null,null
2023-08-06T20:20:04Z,21.80,56.35,98,0,29.23,101.97,335.00,1696.00,null,null,null
2023-08-06T20:21:04Z,21.81,56.58,98,0,32.95,101.97,315.00,1677.00,0,0,0
2023-08-06T20:22:04Z,21.84,56.48,98,0,39.87,101.97,300.00,1661.00,null,null,null
2023-08-06T20:23:04Z,21.84,56.47,98,0,29.46,101.97,308.00,1669.00,null,null,null
2023-08-06T20:24:04Z,21.85,56.19,98,0,36.36,101.98,300.00,1661.00,null,null,null
2023-08-06T20:25:04Z,21.85,56.09,98,0,32.83,101.98,292.00,1652.00,null,null,null
2023-08-06T20:26:04Z,21.85,56.14,98,0,34.36,101.98,269.00,1627.00,0,0,0
2023-08-06T20:27:04Z,21.85,56.27,98,0,31.03,101.98,246.00,1601.00,null,null,null
2023-08-06T20:28:04Z,21.88,56.23,98,0,32.23,101.98,247.00,1602.00,null,null,null
2023-08-06T20:29:04Z,21.91,56.15,98,0,37.00,101.98,237.00,1591.00,null,null,null
2023-08-06T20:30:04Z,21.88,56.15,98,0,33.80,101.98,223.00,1572.00,null,null,null
2023-08-06T20:31:04Z,21.91,56.25,98,0,35.88,101.98,222.00,1571.00,0,0,0
2023-08-06T20:32:04Z,21.93,56.21,98,0,34.16,101.99,218.00,1564.00,null,null,null
2023-08-06T20:33:04Z,21.94,55.96,98,0,34.00,101.99,212.00,1559.00,null,null,null
2023-08-06T20:34:04Z,21.97,56.06,98,0,38.76,101.99,203.00,1544.00,null,null,null
2023-08-06T20:35:04Z,21.94,56.39,98,0,32.19,101.99,194.00,1533.00,null,null,null
2023-08-06T20:36:04Z,21.94,56.82,99,0,34.09,101.99,211.00,1556.00,0,0,0
2023-08-06T20:37:04Z,21.98,56.69,98,0,30.56,101.99,246.00,1601.00,null,null,null
2023-08-06T20:38:04Z,22.01,56.65,98,0,29.30,101.99,261.00,1616.00,null,null,null
2023-08-06T20:39:04Z,22.00,56.93,98,0,33.74,101.99,294.00,1655.00,null,null,null
2023-08-06T20:40:04Z,22.01,56.78,98,0,35.35,101.99,299.00,1660.00,null,null,null
2023-08-06T20:41:04Z,22.01,56.71,99,0,28.06,101.99,299.00,1660.00,0,0,0
2023-08-06T20:42:04Z,22.06,56.96,99,0,24.65,101.99,300.00,1661.00,null,null,null
2023-08-06T20:43:04Z,22.08,56.77,98,0,27.02,101.99,302.00,1664.00,null,null,null
2023-08-06T20:44:04Z,22.08,56.81,98,0,27.47,101.99,297.00,1659.00,null,null,null
2023-08-06T20:45:04Z,22.08,56.76,98,0,23.90,102.00,296.00,1657.00,null,null,null
2023-08-06T20:46:04Z,22.12,56.73,98,0,27.47,101.99,301.00,1663.00,0,0,0
2023-08-06T20:47:04Z,22.14,56.75,98,0,31.37,101.99,299.00,1660.00,null,null,null
2023-08-06T20:48:04Z,22.14,56.79,98,0,28.42,102.00,305.00,1667.00,null,null,null
2023-08-06T20:49:04Z,22.15,56.79,98,0,27.60,101.99,299.00,1660.00,null,null,null
2023-08-06T20:50:04Z,22.15,56.81,98,0,30.81,101.99,305.00,1667.00,null,null,null
2023-08-06T20:51:04Z,22.15,56.79,98,0,26.73,101.99,298.00,1660.00,0,0,0
2023-08-06T20:52:04Z,22.18,56.79,98,0,27.42,102.00,298.00,1660.00,null,null,null
2023-08-06T20:53:04Z,22.21,56.73,98,0,25.98,102.00,298.00,1660.00,null,null,null
2023-08-06T20:54:04Z,22.22,56.69,98,0,27.22,102.00,306.00,1668.00,null,null,null
2023-08-06T20:55:04Z,22.21,56.75,98,0,31.00,102.00,313.00,1674.00,null,null,null
2023-08-06T20:56:04Z,22.24,56.77,98,0,27.40,102.00,310.00,1671.00,0,0,0
2023-08-06T20:57:04Z,22.25,56.83,98,0,28.11,102.00,302.00,1664.00,null,null,null
2023-08-06T20:58:04Z,22.25,56.75,99,0,28.04,102.00,284.00,1642.00,null,null,null
2023-08-06T20:59:04Z,22.26,56.76,98,0,26.62,102.00,284.00,1642.00,null,null,null
2023-08-06T21:00:04Z,22.26,56.80,98,0,28.63,102.00,283.00,1641.00,null,null,null
2023-08-06T21:01:04Z,22.26,56.84,98,0,30.63,102.00,283.00,1641.00,0,0,0
2023-08-06T21:02:04Z,22.29,56.88,98,0,26.29,102.01,283.00,1641.00,null,null,null
2023-08-06T21:03:04Z,22.31,56.90,98,0,23.81,102.00,291.00,1651.00,null,null,null
2023-08-06T21:04:04Z,22.31,56.90,98,0,27.44,102.00,291.00,1651.00,null,null,null
2023-08-06T21:05:04Z,22.31,56.96,98,0,28.74,102.00,298.00,1660.00,null,null,null
2023-08-06T21:06:04Z,22.33,56.88,98,0,24.79,102.00,297.00,1659.00,0,0,0
2023-08-06T21:07:04Z,22.35,56.93,98,0,29.43,102.01,290.00,1651.00,null,null,null
2023-08-06T21:08:04Z,22.33,56.93,98,0,30.54,102.01,297.00,1659.00,null,null,null
2023-08-06T21:09:04Z,22.33,56.90,98,0,35.68,102.00,296.00,1657.00,null,null,null
2023-08-06T21:10:04Z,22.36,56.91,98,0,34.21,102.01,286.00,1645.00,null,null,null
2023-08-06T21:11:04Z,22.38,56.85,98,0,36.20,102.01,286.00,1645.00,0,0,0
2023-08-06T21:12:04Z,22.36,56.95,98,0,32.72,102.01,280.00,1638.00,null,null,null
2023-08-06T21:13:04Z,22.38,56.85,98,0,35.70,102.01,279.00,1637.00,null,null,null
2023-08-06T21:14:04Z,22.35,56.90,98,0,33.36,102.01,273.00,1631.00,null,null,null
2023-08-06T21:15:04Z,22.41,56.94,98,0,32.56,102.01,279.00,1637.00,null,null,null
2023-08-06T21:16:04Z,22.36,56.89,98,0,31.91,102.01,277.00,1635.00,0,0,0
2023-08-06T21:17:04Z,22.39,56.89,98,0,30.73,102.01,277.00,1635.00,null,null,null
2023-08-06T21:18:04Z,22.43,56.83,98,0,38.51,102.01,283.00,1641.00,null,null,null
2023-08-06T21:19:04Z,22.39,57.08,98,0,29.87,102.01,283.00,1641.00,null,null,null
2023-08-06T21:20:04Z,22.42,57.25,98,0,25.03,102.01,293.00,1654.00,null,null,null
2023-08-06T21:21:04Z,22.42,57.07,98,0,27.84,102.01,289.00,1650.00,0,0,0
2023-08-06T21:22:04Z,22.43,57.17,98,0,25.22,102.01,290.00,1651.00,null,null,null
2023-08-06T21:23:04Z,22.46,57.25,98,0,25.13,102.01,295.00,1656.00,null,null,null
2023-08-06T21:24:04Z,22.46,57.26,98,0,24.50,102.02,298.00,1660.00,null,null,null
2023-08-06T21:25:04Z,22.49,57.39,98,0,25.98,102.02,303.00,1664.00,null,null,null
2023-08-06T21:26:04Z,22.52,57.39,98,0,25.16,102.02,303.00,1664.00,0,0,0
2023-08-06T21:27:04Z,22.52,57.45,98,0,25.84,102.02,311.00,1672.00,null,null,null
2023-08-06T21:28:04Z,22.53,57.41,98,0,28.30,102.02,311.00,1672.00,null,null,null
2023-08-06T21:29:04Z,22.53,57.49,98,0,27.51,102.02,311.00,1672.00,null,null,null
2023-08-06T21:30:04Z,22.56,57.47,99,0,29.09,102.02,316.00,1677.00,null,null,null
2023-08-06T21:31:04Z,22.53,57.49,99,0,26.16,102.02,314.00,1676.00,0,0,0
2023-08-06T21:32:04Z,22.56,57.45,98,0,28.50,102.02,314.00,1676.00,null,null,null
2023-08-06T21:33:04Z,22.56,57.45,98,0,24.39,102.02,322.00,1683.00,null,null,null
2023-08-06T21:34:04Z,22.59,57.50,98,0,28.09,102.02,313.00,1674.00,null,null,null
2023-08-06T21:35:04Z,22.59,57.54,98,0,25.47,102.01,321.00,1682.00,null,null,null
2023-08-06T21:36:04Z,22.59,57.56,98,0,28.22,102.02,321.00,1682.00,0,0,0
2023-08-06T21:37:04Z,22.64,57.57,98,0,32.55,102.02,320.00,1681.00,null,null,null
2023-08-06T21:38:04Z,22.64,57.59,98,0,31.59,102.02,327.00,1689.00,null,null,null
2023-08-06T21:39:04Z,22.64,57.66,98,0,28.83,102.02,327.00,1689.00,null,null,null
2023-08-06T21:40:04Z,22.63,57.61,98,0,26.31,102.02,326.00,1687.00,null,null,null
2023-08-06T21:41:04Z,22.64,57.62,98,0,24.86,102.02,326.00,1687.00,0,0,0
2023-08-06T21:42:04Z,22.66,57.59,98,0,25.62,102.02,326.00,1687.00,null,null,null
2023-08-06T21:43:04Z,22.67,57.60,99,0,25.32,102.02,325.00,1686.00,null,null,null
2023-08-06T21:44:04Z,22.69,57.61,98,0,26.08,102.02,325.00,1686.00,null,null,null
2023-08-06T21:45:04Z,22.69,57.52,98,0,26.99,102.02,325.00,1686.00,null,null,null
2023-08-06T21:46:04Z,22.69,57.65,98,0,24.83,102.02,331.00,1692.00,0,0,0
2023-08-06T21:47:04Z,22.72,57.52,98,0,29.26,102.02,330.00,1691.00,null,null,null
2023-08-06T21:48:04Z,22.74,57.57,98,0,23.72,102.03,330.00,1691.00,null,null,null
2023-08-06T21:49:04Z,22.72,57.59,98,0,27.06,102.02,330.00,1691.00,null,null,null
2023-08-06T21:50:04Z,22.72,57.59,98,0,28.60,102.02,336.00,1698.00,null,null,null
2023-08-06T21:51:04Z,22.73,57.60,98,0,26.91,102.02,336.00,1698.00,0,0,0
2023-08-06T21:52:04Z,22.73,57.57,98,0,27.49,102.02,336.00,1698.00,null,null,null
2023-08-06T21:53:04Z,22.77,57.56,98,0,27.26,102.02,335.00,1696.00,null,null,null
2023-08-06T21:54:04Z,22.77,57.63,98,0,26.69,102.02,308.00,1669.00,null,null,null
2023-08-06T21:55:04Z,22.79,57.66,98,0,28.54,102.02,302.00,1664.00,null,null,null
2023-08-06T21:56:04Z,22.79,57.68,98,0,27.53,102.02,301.00,1663.00,0,0,0
2023-08-06T21:57:04Z,22.79,57.66,98,0,26.21,102.02,292.00,1652.00,null,null,null
2023-08-06T21:58:04Z,22.79,57.66,98,0,24.03,102.03,299.00,1660.00,null,null,null
2023-08-06T21:59:04Z,22.84,57.66,98,0,24.83,102.02,299.00,1660.00,null,null,null
2023-08-06T22:00:04Z,22.80,57.65,98,0,29.17,102.02,305.00,1667.00,null,null,null
2023-08-06T22:01:04Z,22.82,57.71,98,0,28.91,102.02,305.00,1667.00,0,0,0
2023-08-06T22:02:04Z,22.83,57.68,99,0,26.71,102.03,299.00,1660.00,null,null,null
2023-08-06T22:03:04Z,22.89,57.65,98,0,28.09,102.03,305.00,1667.00,null,null,null
2023-08-06T22:04:04Z,22.84,57.68,98,0,25.62,102.02,304.00,1665.00,null,null,null
2023-08-06T22:05:04Z,22.87,57.73,98,0,23.81,102.02,304.00,1665.00,null,null,null
2023-08-06T22:06:04Z,22.87,57.74,98,0,31.41,102.03,304.00,1665.00,0,0,0
2023-08-06T22:07:04Z,22.87,57.68,98,0,25.84,102.03,308.00,1669.00,null,null,null
2023-08-06T22:08:04Z,22.87,57.67,98,0,27.80,102.03,308.00,1669.00,null,null,null
2023-08-06T22:09:04Z,22.87,57.85,98,0,29.79,102.03,308.00,1669.00,null,null,null
2023-08-06T22:10:04Z,22.90,57.78,98,0,28.68,102.03,303.00,1664.00,null,null,null
2023-08-06T22:11:04Z,22.89,57.79,98,0,28.66,102.03,303.00,1664.00,0,0,0
2023-08-06T22:12:04Z,22.92,57.77,98,0,24.65,102.03,303.00,1664.00,null,null,null
2023-08-06T22:13:04Z,22.92,57.80,98,0,26.93,102.03,303.00,1664.00,null,null,null
2023-08-06T22:14:04Z,22.92,57.81,98,0,30.93,102.03,303.00,1664.00,null,null,null
2023-08-06T22:15:04Z,22.93,57.68,98,0,24.89,102.03,303.00,1664.00,null,null,null
2023-08-06T22:16:04Z,22.92,57.83,98,0,29.08,102.03,305.00,1667.00,0,0,0
2023-08-06T22:17:04Z,22.94,57.75,98,0,26.46,102.02,310.00,1671.00,null,null,null
2023-08-06T22:18:04Z,22.94,57.77,98,0,34.35,102.03,310.00,1671.00,null,null,null
2023-08-06T22:19:04Z,22.96,57.82,98,0,28.73,102.03,308.00,1669.00,null,null,null
2023-08-06T22:20:04Z,22.97,57.89,98,0,27.55,102.03,308.00,1669.00,null,null,null
2023-08-06T22:21:04Z,22.96,57.93,99,0,26.91,102.02,314.00,1676.00,0,0,0
2023-08-06T22:22:04Z,22.97,57.89,99,0,27.14,102.03,307.00,1668.00,null,null,null
2023-08-06T22:23:04Z,22.99,57.91,98,0,28.28,102.02,307.00,1668.00,null,null,null
2023-08-06T22:24:04Z,23.00,57.91,98,0,30.60,102.03,313.00,1674.00,null,null,null
2023-08-06T22:25:04Z,23.00,58.03,99,0,26.14,102.03,313.00,1674.00,null,null,null
2023-08-06T22:26:04Z,23.02,57.99,98,0,25.29,102.03,312.00,1673.00,0,0,0
2023-08-06T22:27:04Z,23.00,58.02,98,0,28.27,102.03,312.00,1673.00,null,null,null
2023-08-06T22:28:04Z,23.02,58.09,98,0,29.40,102.03,312.00,1673.00,null,null,null
2023-08-06T22:29:04Z,23.03,58.07,98,0,28.96,102.03,320.00,1681.00,null,null,null
2023-08-06T22:30:04Z,23.06,58.05,98,0,29.08,102.03,320.00,1681.00,null,null,null
2023-08-06T22:31:04Z,23.04,58.05,98,0,26.16,102.04,320.00,1681.00,0,0,0
2023-08-06T22:32:04Z,23.06,58.11,99,0,25.13,102.03,308.00,1669.00,null,null,null
2023-08-06T22:33:04Z,23.04,58.08,98,0,24.76,102.04,318.00,1678.00,null,null,null
2023-08-06T22:34:04Z,23.06,58.11,98,0,25.79,102.03,318.00,1678.00,null,null,null
2023-08-06T22:35:04Z,23.07,58.11,98,0,29.89,102.03,316.00,1677.00,null,null,null
2023-08-06T22:36:04Z,23.07,58.22,99,0,31.64,102.03,316.00,1677.00,0,0,0
2023-08-06T22:37:04Z,23.08,58.18,98,0,28.50,102.03,316.00,1677.00,null,null,null
2023-08-06T22:38:04Z,23.06,58.17,98,0,26.43,102.04,321.00,1682.00,null,null,null
2023-08-06T22:39:04Z,23.10,58.20,98,0,29.91,102.04,321.00,1682.00,null,null,null
2023-08-06T22:40:04Z,23.10,58.28,98,0,30.80,102.03,321.00,1682.00,null,null,null
2023-08-06T22:41:04Z,23.08,58.31,98,0,25.62,102.03,314.00,1676.00,0,0,0
2023-08-06T22:42:04Z,23.14,58.31,98,0,25.65,102.04,308.00,1669.00,null,null,null
2023-08-06T22:43:04Z,23.15,58.37,98,0,31.60,102.04,314.00,1676.00,null,null,null
2023-08-06T22:44:04Z,23.11,58.37,98,0,28.81,102.04,314.00,1676.00,null,null,null
2023-08-06T22:45:04Z,23.14,58.31,98,0,29.47,102.04,314.00,1676.00,null,null,null
2023-08-06T22:46:04Z,23.14,58.40,99,0,23.63,102.04,314.00,1676.00,0,0,0
2023-08-06T22:47:04Z,23.15,58.44,98,0,27.04,102.04,314.00,1676.00,null,null,null
2023-08-06T22:48:04Z,23.17,58.34,98,0,28.98,102.04,313.00,1674.00,null,null,null
2023-08-06T22:49:04Z,23.18,58.34,98,0,27.85,102.04,321.00,1682.00,null,null,null
2023-08-06T22:50:04Z,23.17,58.35,98,0,28.57,102.05,313.00,1674.00,null,null,null
2023-08-06T22:51:04Z,23.17,58.42,98,0,27.68,102.05,319.00,1680.00,0,0,0
2023-08-06T22:52:04Z,23.20,58.49,99,0,28.02,102.05,311.00,1672.00,null,null,null
2023-08-06T22:53:04Z,23.17,58.54,98,0,29.76,102.05,319.00,1680.00,null,null,null
2023-08-06T22:54:04Z,23.18,58.66,98,0,26.97,102.05,326.00,1687.00,null,null,null
2023-08-06T22:55:04Z,23.21,58.59,98,0,28.06,102.05,318.00,1678.00,null,null,null
2023-08-06T22:56:04Z,23.21,58.79,98,0,25.50,102.05,326.00,1687.00,0,0,0
2023-08-06T22:57:04Z,23.20,58.74,99,0,26.21,102.05,323.00,1685.00,null,null,null
2023-08-06T22:58:04Z,23.24,58.67,99,0,29.77,102.05,318.00,1678.00,null,null,null
2023-08-06T22:59:04Z,23.21,58.71,99,0,30.84,102.05,326.00,1687.00,null,null,null
2023-08-06T23:00:04Z,23.23,58.69,98,0,27.64,102.05,326.00,1687.00,null,null,null
2023-08-06T23:01:04Z,23.24,58.71,98,0,29.38,102.05,324.00,1686.00,0,0,0
2023-08-06T23:02:04Z,23.25,58.82,98,0,26.78,102.05,324.00,1686.00,null,null,null
2023-08-06T23:03:04Z,23.24,58.75,98,0,30.85,102.05,310.00,1671.00,null,null,null
2023-08-06T23:04:04Z,23.27,58.76,98,0,25.32,102.05,320.00,1681.00,null,null,null
2023-08-06T23:05:04Z,23.27,58.70,98,0,26.89,102.06,301.00,1663.00,null,null,null
2023-08-06T23:06:04Z,23.25,58.77,98,0,27.22,102.05,302.00,1664.00,0,0,0
2023-08-06T23:07:04Z,23.30,58.79,98,0,30.99,102.06,292.00,1652.00,null,null,null
2023-08-06T23:08:04Z,23.30,58.70,99,0,28.11,102.05,299.00,1660.00,null,null,null
2023-08-06T23:09:04Z,23.28,58.75,98,0,25.70,102.06,295.00,1656.00,null,null,null
2023-08-06T23:10:04Z,23.31,58.81,98,0,25.67,102.06,298.00,1660.00,null,null,null
2023-08-06T23:11:04Z,23.31,58.87,98,0,28.76,102.06,298.00,1660.00,0,0,0
2023-08-06T23:12:04Z,23.31,58.85,98,0,28.47,102.06,298.00,1660.00,null,null,null
2023-08-06T23:13:04Z,23.31,58.85,98,0,25.32,102.05,290.00,1651.00,null,null,null
2023-08-06T23:14:04Z,23.34,58.86,98,0,27.20,102.05,297.00,1659.00,null,null,null
2023-08-06T23:15:04Z,23.31,58.92,98,0,26.48,102.05,290.00,1651.00,null,null,null
2023-08-06T23:16:04Z,23.35,58.99,98,0,30.04,102.05,296.00,1657.00,0,0,0
2023-08-06T23:17:04Z,23.35,59.02,98,0,25.82,102.05,296.00,1657.00,null,null,null
2023-08-06T23:18:04Z,23.34,59.11,98,0,28.48,102.05,289.00,1650.00,null,null,null
2023-08-06T23:19:04Z,23.35,59.14,98,0,27.47,102.05,288.00,1648.00,null,null,null
2023-08-06T23:20:04Z,23.35,59.14,98,0,24.65,102.05,302.00,1664.00,null,null,null
2023-08-06T23:21:04Z,23.35,59.18,98,0,28.27,102.05,302.00,1664.00,0,0,0
2023-08-06T23:22:04Z,23.38,59.13,98,0,33.60,102.05,302.00,1664.00,null,null,null
2023-08-06T23:23:04Z,23.39,59.26,98,0,28.45,102.04,307.00,1668.00,null,null,null
2023-08-06T23:24:04Z,23.41,59.26,98,0,29.73,102.04,297.00,1659.00,null,null,null
2023-08-06T23:25:04Z,23.39,59.20,98,0,29.67,102.05,295.00,1656.00,null,null,null
2023-08-06T23:26:04Z,23.41,59.22,98,0,28.44,102.05,305.00,1667.00,0,0,0
2023-08-06T23:27:04Z,23.41,59.18,98,0,26.48,102.05,292.00,1652.00,null,null,null
2023-08-06T23:28:04Z,23.42,59.20,99,0,24.89,102.04,305.00,1667.00,null,null,null
2023-08-06T23:29:04Z,23.41,59.19,98,0,25.26,102.05,299.00,1660.00,null,null,null
2023-08-06T23:30:04Z,23.42,59.27,98,0,24.96,102.04,305.00,1667.00,null,null,null
2023-08-06T23:31:04Z,23.41,59.30,98,0,30.89,102.04,294.00,1655.00,0,0,0
2023-08-06T23:32:04Z,23.44,59.33,98,0,27.20,102.04,294.00,1655.00,null,null,null
2023-08-06T23:33:04Z,23.45,59.44,98,0,31.56,102.04,300.00,1661.00,null,null,null
2023-08-06T23:34:04Z,23.44,59.44,98,0,25.79,102.04,298.00,1660.00,null,null,null
2023-08-06T23:35:04Z,23.47,59.35,98,0,28.39,102.04,292.00,1652.00,null,null,null
2023-08-06T23:36:04Z,23.45,59.34,98,0,26.62,102.04,298.00,1660.00,0,0,0
2023-08-06T23:37:04Z,23.48,59.38,98,0,26.08,102.05,292.00,1652.00,null,null,null
2023-08-06T23:38:04Z,23.48,59.39,98,0,28.99,102.04,297.00,1659.00,null,null,null
2023-08-06T23:39:04Z,23.48,59.34,98,0,25.13,102.04,291.00,1651.00,null,null,null
2023-08-06T23:40:04Z,23.48,59.37,98,0,33.56,102.05,304.00,1665.00,null,null,null
2023-08-06T23:41:04Z,23.48,59.42,98,0,27.47,102.05,295.00,1656.00,0,0,0
2023-08-06T23:42:04Z,23.48,59.59,98,0,27.55,102.05,295.00,1656.00,null,null,null
2023-08-06T23:43:04Z,23.52,59.58,98,0,31.29,102.06,289.00,1650.00,null,null,null
2023-08-06T23:44:04Z,23.52,59.48,98,0,26.11,102.05,294.00,1655.00,null,null,null
2023-08-06T23:45:04Z,23.51,59.49,98,0,25.90,102.06,294.00,1655.00,null,null,null
2023-08-06T23:46:04Z,23.51,59.63,98,0,24.79,102.05,308.00,1669.00,0,0,0
2023-08-06T23:47:04Z,23.52,59.45,98,0,24.58,102.06,300.00,1661.00,null,null,null
2023-08-06T23:48:04Z,23.52,59.48,99,0,27.04,102.06,300.00,1661.00,null,null,null
2023-08-06T23:49:04Z,23.55,59.49,98,0,25.32,102.06,300.00,1661.00,null,null,null
2023-08-06T23:50:04Z,23.54,59.49,98,0,23.05,102.05,293.00,1654.00,null,null,null
2023-08-06T23:51:04Z,23.55,59.48,98,0,24.76,102.05,292.00,1652.00,0,0,0
2023-08-06T23:52:04Z,23.54,59.50,98,0,23.59,102.05,292.00,1652.00,null,null,null
2023-08-06T23:53:04Z,23.55,59.56,98,0,25.26,102.05,292.00,1652.00,null,null,null
2023-08-06T23:54:04Z,23.55,59.63,98,0,23.86,102.06,298.00,1660.00,null,null,null
2023-08-06T23:55:04Z,23.55,59.78,98,0,24.93,102.05,305.00,1667.00,null,null,null
2023-08-06T23:56:04Z,23.57,59.92,98,0,25.59,102.05,294.00,1655.00,0,0,0
2023-08-06T23:57:04Z,23.59,59.99,99,0,21.99,102.06,293.00,1654.00,null,null,null
2023-08-06T23:58:04Z,23.59,59.87,98,0,25.95,102.06,300.00,1661.00,null,null,null
2023-08-06T23:59:04Z,23.59,59.91,99,0,22.72,102.05,293.00,1654.00,null,null,null
