TIME,TEMP,HUM,BATT,LIGHT,NOISE_A,PRESS,CCS811_VOCS,CCS811_ECO2,PM_1,PM_25,PM_10
ISO 8601,C,%,%,Lux,dBA,kPa,ppb,ppm,ug/m3,ug/m3,ug/m3
Time,Temperature,Humidity,Battery,Light,Noise dBA,Barometric pressure,VOC Gas CCS811,eCO2 Gas CCS811,PM 1.0,PM 2.5,PM 10.0
,55,56,10,14,53,58,113,112,89,87,88
2023-08-25T00:00:04Z,24.57,63.73,99,0,46.45,100.94,96.00,1035.00,0,0,0
2023-08-25T00:01:04Z,24.57,63.62,99,0,39.03,100.94,96.00,1035.00,null,null,null
2023-08-25T00:02:04Z,24.54,62.60,99,0,37.93,100.94,90.00,995.00,null,null,null
2023-08-25T00:03:04Z,24.54,62.46,99,0,47.11,100.94,90.00,995.00,null,null,null
2023-08-25T00:04:04Z,24.51,62.53,99,0,39.92,100.94,87.00,972.00,null,null,null
2023-08-25T00:05:04Z,24.51,62.78,99,0,43.06,100.95,82.00,940.00,4,4,4
2023-08-25T00:06:04Z,24.48,62.29,99,0,48.00,100.94,74.00,887.00,null,null,null
2023-08-25T00:07:04Z,24.48,62.44,99,0,45.56,100.95,77.00,907.00,null,null,null
2023-08-25T00:08:04Z,24.45,62.21,99,0,51.93,100.95,72.00,877.00,null,null,null
2023-08-25T00:09:04Z,24.39,62.48,99,0,40.34,100.94,72.00,874.00,null,null,null
2023-08-25T00:10:04Z,24.38,63.10,99,0,40.41,100.95,72.00,874.00,4,5,5
2023-08-25T00:11:04Z,24.39,62.50,99,0,44.53,100.94,66.00,836.00,null,null,null
2023-08-25T00:12:04Z,24.38,62.38,99,0,43.67,100.94,65.00,830.00,null,null,null
2023-08-25T00:13:04Z,24.37,62.48,99,0,38.61,100.94,67.00,846.00,null,null,null
2023-08-25T00:14:04Z,24.35,62.99,99,0,38.93,100.94,65.00,830.00,null,null,null
2023-08-25T00:15:04Z,24.34,63.46,99,0,46.70,100.94,63.00,819.00,3,4,4
2023-08-25T00:16:04Z,24.34,63.32,99,0,43.16,100.94,63.00,817.00,null,null,null
2023-08-25T00:17:04Z,24.34,63.32,99,0,45.06,100.94,66.00,836.00,null,null,null
2023-08-25T00:18:04Z,24.31,63.90,99,0,38.37,100.94,66.00,836.00,null,null,null
2023-08-25T00:19:04Z,24.31,63.57,99,0,51.89,100.94,68.00,848.00,null,null,null
2023-08-25T00:20:04Z,24.29,63.42,99,0,44.03,100.94,67.00,846.00,6,7,7
2023-08-25T00:21:04Z,24.34,63.28,99,0,46.40,100.94,65.00,827.00,null,null,null
2023-08-25T00:22:04Z,24.29,62.85,99,0,45.11,100.94,65.00,827.00,null,null,null
2023-08-25T00:23:04Z,24.29,63.22,99,0,40.00,100.94,63.00,819.00,null,null,null
2023-08-25T00:24:04Z,24.28,63.78,99,0,37.78,100.94,66.00,836.00,null,null,null
2023-08-25T00:25:04Z,24.28,63.42,99,0,41.98,100.94,63.00,819.00,3,3,3
2023-08-25T00:26:04Z,24.28,63.88,99,0,49.86,100.95,65.00,827.00,null,null,null
2023-08-25T00:27:04Z,24.28,63.78,99,0,48.29,100.94,65.00,830.00,null,null,null
2023-08-25T00:28:04Z,24.28,63.47,99,0,43.05,100.94,65.00,830.00,null,null,null
2023-08-25T00:29:04Z,24.27,63.77,99,0,42.42,100.94,65.00,827.00,null,null,null
2023-08-25T00:30:04Z,24.28,64.27,99,0,41.33,100.94,63.00,819.00,3,4,4
2023-08-25T00:31:04Z,24.29,64.40,99,0,41.49,100.94,64.00,825.00,null,null,null
2023-08-25T00:32:04Z,24.28,63.71,99,0,45.92,100.95,66.00,834.00,null,null,null
2023-08-25T00:33:04Z,24.29,63.84,99,0,48.88,100.94,66.00,836.00,null,null,null
2023-08-25T00:34:04Z,24.28,64.40,99,0,47.07,100.94,66.00,838.00,null,null,null
2023-08-25T00:35:04Z,24.28,64.46,99,0,40.62,100.94,67.00,844.00,4,4,4
2023-08-25T00:36:04Z,24.31,64.57,99,0,45.41,100.95,69.00,853.00,null,null,null
2023-08-25T00:37:04Z,24.31,63.96,99,0,39.33,100.94,70.00,865.00,null,null,null
2023-08-25T00:38:04Z,24.31,64.11,99,0,47.72,100.94,71.00,870.00,null,null,null
2023-08-25T00:39:04Z,24.32,63.53,99,0,41.50,100.94,69.00,857.00,null,null,null
2023-08-25T00:40:04Z,24.28,62.59,99,0,43.73,100.94,67.00,846.00,4,4,4
2023-08-25T00:41:04Z,24.29,62.38,99,0,39.23,100.94,65.00,830.00,null,null,null
2023-08-25T00:42:04Z,24.27,62.90,99,0,42.38,100.94,62.00,810.00,null,null,null
2023-08-25T00:43:04Z,24.25,63.35,99,0,41.65,100.94,61.00,802.00,null,null,null
2023-08-25T00:44:04Z,24.24,64.04,99,0,42.06,100.94,59.00,793.00,null,null,null
2023-08-25T00:45:04Z,24.21,64.08,99,0,42.72,100.94,73.00,885.00,3,3,3
2023-08-25T00:46:04Z,24.23,63.13,99,0,45.52,100.94,72.00,877.00,null,null,null
2023-08-25T00:47:04Z,24.24,62.91,99,0,40.59,100.94,72.00,874.00,null,null,null
2023-08-25T00:48:04Z,24.24,62.40,99,0,37.71,100.94,69.00,853.00,null,null,null
2023-08-25T00:49:04Z,24.23,63.05,99,0,38.78,100.94,69.00,853.00,null,null,null
2023-08-25T00:50:04Z,24.23,64.08,99,0,49.41,100.94,67.00,844.00,3,4,4
2023-08-25T00:51:04Z,24.21,63.22,99,0,39.68,100.94,63.00,817.00,null,null,null
2023-08-25T00:52:04Z,24.18,63.82,99,0,43.42,100.94,69.00,853.00,null,null,null
2023-08-25T00:53:04Z,24.20,63.57,99,0,48.21,100.94,67.00,846.00,null,null,null
2023-08-25T00:54:04Z,24.21,62.59,99,0,50.18,100.94,69.00,853.00,null,null,null
2023-08-25T00:55:04Z,24.18,62.63,99,0,44.13,100.94,69.00,853.00,2,2,18
2023-08-25T00:56:04Z,24.17,61.91,99,0,47.86,100.94,67.00,844.00,null,null,null
2023-08-25T00:57:04Z,24.16,62.09,99,0,52.92,100.94,64.00,821.00,null,null,null
2023-08-25T00:58:04Z,24.14,61.40,99,0,45.45,100.94,59.00,793.00,null,null,null
2023-08-25T00:59:04Z,24.11,62.09,99,0,39.23,100.94,57.00,778.00,null,null,null
2023-08-25T01:00:04Z,24.10,62.43,99,0,44.42,100.94,57.00,780.00,2,2,14
2023-08-25T01:01:04Z,24.08,62.79,99,0,42.26,100.94,58.00,785.00,null,null,null
2023-08-25T01:02:04Z,24.07,62.34,99,0,43.03,100.94,59.00,793.00,null,null,null
2023-08-25T01:03:04Z,24.10,62.60,99,0,50.02,100.94,59.00,793.00,null,null,null
2023-08-25T01:04:04Z,24.06,62.76,99,0,52.07,100.94,59.00,793.00,null,null,null
2023-08-25T01:05:04Z,24.06,62.60,99,0,43.11,100.94,57.00,776.00,3,3,3
2023-08-25T01:06:04Z,24.03,62.34,99,0,47.86,100.94,55.00,765.00,null,null,null
2023-08-25T01:07:04Z,24.04,62.16,99,0,45.56,100.94,53.00,749.00,null,null,null
2023-08-25T01:08:04Z,24.01,62.75,99,0,42.21,100.95,53.00,752.00,null,null,null
2023-08-25T01:09:04Z,24.01,63.29,99,0,47.74,100.95,53.00,749.00,null,null,null
2023-08-25T01:10:04Z,24.01,63.29,99,0,42.10,100.94,54.00,757.00,4,4,4
2023-08-25T01:11:04Z,24.00,63.38,99,0,43.52,100.94,54.00,757.00,null,null,null
2023-08-25T01:12:04Z,24.03,62.34,99,0,39.93,100.94,54.00,757.00,null,null,null
2023-08-25T01:13:04Z,23.96,62.66,99,0,40.04,100.94,56.00,774.00,null,null,null
2023-08-25T01:14:04Z,24.01,63.07,99,0,38.13,100.95,56.00,774.00,null,null,null
2023-08-25T01:15:04Z,23.97,61.82,99,0,48.61,100.95,54.00,757.00,1,1,1
2023-08-25T01:16:04Z,23.98,62.71,99,0,39.75,100.95,55.00,765.00,null,null,null
2023-08-25T01:17:04Z,24.01,62.91,99,0,41.43,100.95,55.00,765.00,null,null,null
2023-08-25T01:18:04Z,23.97,62.77,99,0,42.75,100.94,55.00,765.00,null,null,null
2023-08-25T01:19:04Z,23.98,62.77,99,0,43.46,100.95,57.00,776.00,null,null,null
2023-08-25T01:20:04Z,23.94,62.48,99,0,46.63,100.95,55.00,765.00,2,2,2
2023-08-25T01:21:04Z,23.96,62.08,99,0,41.78,100.95,54.00,759.00,null,null,null
2023-08-25T01:22:04Z,23.97,62.26,99,0,45.74,100.95,55.00,765.00,null,null,null
2023-08-25T01:23:04Z,23.94,62.27,99,0,40.66,100.95,53.00,749.00,null,null,null
2023-08-25T01:24:04Z,23.94,61.99,99,0,38.72,100.95,52.00,746.00,null,null,null
2023-08-25T01:25:04Z,23.91,61.91,99,0,40.13,100.95,52.00,746.00,1,4,4
2023-08-25T01:26:04Z,23.91,61.56,99,0,41.45,100.95,49.00,726.00,null,null,null
2023-08-25T01:27:04Z,23.90,61.48,99,0,48.49,100.95,48.00,717.00,null,null,null
2023-08-25T01:28:04Z,23.88,62.21,99,0,46.06,100.95,46.00,704.00,null,null,null
2023-08-25T01:29:04Z,23.88,62.09,99,0,45.23,100.95,45.00,699.00,null,null,null
2023-08-25T01:30:04Z,23.86,61.73,99,0,41.70,100.95,44.00,694.00,5,7,7
2023-08-25T01:31:04Z,23.86,62.69,99,0,43.92,100.95,47.00,712.00,null,null,null
2023-08-25T01:32:04Z,23.83,62.28,99,0,41.75,100.95,45.00,700.00,null,null,null
2023-08-25T01:33:04Z,23.81,61.68,99,0,51.26,100.95,45.00,700.00,null,null,null
2023-08-25T01:34:04Z,23.83,61.36,99,0,46.66,100.95,46.00,706.00,null,null,null
2023-08-25T01:35:04Z,23.80,61.27,99,0,41.51,100.95,45.00,700.00,3,4,4
2023-08-25T01:36:04Z,23.80,61.71,99,0,42.53,100.94,41.00,675.00,null,null,null
2023-08-25T01:37:04Z,23.77,61.01,99,0,45.37,100.94,41.00,675.00,null,null,null
2023-08-25T01:38:04Z,23.70,61.09,99,0,42.46,100.95,41.00,671.00,null,null,null
2023-08-25T01:39:04Z,23.73,61.62,99,0,40.03,100.95,47.00,712.00,null,null,null
2023-08-25T01:40:04Z,23.72,62.22,99,0,45.11,100.95,46.00,704.00,5,5,5
2023-08-25T01:41:04Z,23.69,61.24,99,0,41.53,100.95,45.00,699.00,null,null,null
2023-08-25T01:42:04Z,23.67,60.93,99,0,42.62,100.94,45.00,699.00,null,null,null
2023-08-25T01:43:04Z,23.65,60.82,99,0,47.27,100.94,44.00,690.00,null,null,null
2023-08-25T01:44:04Z,23.62,61.07,99,0,45.03,100.94,40.00,665.00,null,null,null
2023-08-25T01:45:04Z,23.60,60.86,99,0,39.01,100.94,39.00,656.00,2,2,2
2023-08-25T01:46:04Z,23.56,60.52,99,0,41.86,100.94,37.00,643.00,null,null,null
2023-08-25T01:47:04Z,23.56,61.17,99,0,40.34,100.94,35.00,633.00,null,null,null
2023-08-25T01:48:04Z,23.52,61.04,99,0,37.04,100.94,34.00,629.00,null,null,null
2023-08-25T01:49:04Z,23.53,61.84,99,0,41.07,100.94,33.00,618.00,null,null,null
2023-08-25T01:50:04Z,23.49,62.25,99,0,55.05,100.94,33.00,617.00,5,5,5
2023-08-25T01:51:04Z,23.50,62.69,99,0,48.38,100.94,33.00,623.00,null,null,null
2023-08-25T01:52:04Z,23.50,62.57,99,0,42.74,100.93,37.00,645.00,null,null,null
2023-08-25T01:53:04Z,23.50,63.00,99,0,41.92,100.93,39.00,657.00,null,null,null
2023-08-25T01:54:04Z,23.52,62.62,99,0,39.31,100.94,41.00,671.00,null,null,null
2023-08-25T01:55:04Z,23.53,62.47,99,0,44.98,100.94,42.00,678.00,7,7,7
2023-08-25T01:56:04Z,23.55,62.44,99,0,40.37,100.94,43.00,686.00,null,null,null
2023-08-25T01:57:04Z,23.53,62.57,99,0,37.64,100.94,44.00,692.00,null,null,null
2023-08-25T01:58:04Z,23.55,62.32,99,0,40.82,100.94,46.00,708.00,null,null,null
2023-08-25T01:59:04Z,23.52,61.49,99,0,41.64,100.94,45.00,700.00,null,null,null
2023-08-25T02:00:04Z,23.53,61.61,99,0,37.41,100.94,44.00,690.00,6,6,6
2023-08-25T02:01:04Z,23.53,61.66,99,0,37.46,100.94,42.00,682.00,null,null,null
2023-08-25T02:02:04Z,23.52,61.62,99,0,37.21,100.94,42.00,678.00,null,null,null
2023-08-25T02:03:04Z,23.52,61.60,99,0,42.77,100.94,41.00,671.00,null,null,null
2023-08-25T02:04:04Z,23.47,62.17,99,0,41.33,100.94,42.00,678.00,null,null,null
2023-08-25T02:05:04Z,23.49,61.28,99,0,45.92,100.95,41.00,672.00,2,2,2
2023-08-25T02:06:04Z,23.47,62.42,99,0,47.76,100.95,40.00,665.00,null,null,null
2023-08-25T02:07:04Z,23.46,62.22,99,0,40.36,100.95,41.00,671.00,null,null,null
2023-08-25T02:08:04Z,23.47,62.67,99,0,41.56,100.95,40.00,665.00,null,null,null
2023-08-25T02:09:04Z,23.45,61.84,99,0,40.54,100.95,42.00,678.00,null,null,null
2023-08-25T02:10:04Z,23.46,61.53,99,0,44.77,100.94,44.00,692.00,3,3,3
2023-08-25T02:11:04Z,23.46,61.91,99,0,41.45,100.95,56.00,768.00,null,null,null
2023-08-25T02:12:04Z,23.46,60.71,99,0,50.45,100.95,62.00,810.00,null,null,null
2023-08-25T02:13:04Z,23.45,60.93,99,0,41.21,100.95,67.00,844.00,null,null,null
2023-08-25T02:14:04Z,23.39,61.48,99,0,40.56,100.94,69.00,855.00,null,null,null
2023-08-25T02:15:04Z,23.42,61.91,99,0,38.94,100.94,79.00,923.00,3,4,4
2023-08-25T02:16:04Z,23.42,61.36,99,0,43.85,100.94,81.00,935.00,null,null,null
2023-08-25T02:17:04Z,23.40,61.63,99,0,46.39,100.94,83.00,945.00,null,null,null
2023-08-25T02:18:04Z,23.42,62.16,99,0,41.33,100.94,86.00,967.00,null,null,null
2023-08-25T02:19:04Z,23.42,61.73,99,0,40.00,100.94,86.00,970.00,null,null,null
2023-08-25T02:20:04Z,23.40,61.27,99,0,46.51,100.94,87.00,977.00,4,5,5
2023-08-25T02:21:04Z,23.40,60.24,99,0,48.49,100.94,81.00,933.00,null,null,null
2023-08-25T02:22:04Z,23.42,60.61,99,0,62.56,100.94,84.00,954.00,null,null,null
2023-08-25T02:23:04Z,23.39,59.65,99,0,42.58,100.93,77.00,907.00,null,null,null
2023-08-25T02:24:04Z,23.36,60.54,99,0,48.52,100.94,75.00,895.00,null,null,null
2023-08-25T02:25:04Z,23.36,61.24,99,0,40.38,100.94,75.00,897.00,2,3,3
2023-08-25T02:26:04Z,23.35,59.58,99,0,52.07,100.93,71.00,868.00,null,null,null
2023-08-25T02:27:04Z,23.33,60.93,99,0,44.35,100.94,73.00,885.00,null,null,null
2023-08-25T02:28:04Z,23.36,59.65,99,0,50.85,100.93,66.00,834.00,null,null,null
2023-08-25T02:29:04Z,23.35,60.90,99,0,null,100.93,72.00,877.00,null,null,null
2023-08-25T02:30:04Z,23.32,60.16,99,0,40.47,100.93,69.00,855.00,0,0,0
2023-08-25T02:31:04Z,23.33,61.49,99,0,43.53,100.94,73.00,885.00,null,null,null
2023-08-25T02:32:04Z,23.35,60.78,99,0,43.42,100.94,71.00,870.00,null,null,null
2023-08-25T02:33:04Z,23.35,60.18,99,0,36.93,100.94,69.00,855.00,null,null,null
2023-08-25T02:34:04Z,23.33,60.82,99,0,41.62,100.94,73.00,885.00,null,null,null
2023-08-25T02:35:04Z,23.33,60.97,99,0,42.17,100.94,71.00,868.00,4,4,4
2023-08-25T02:36:04Z,23.36,60.59,99,0,45.91,100.94,69.00,855.00,null,null,null
2023-08-25T02:37:04Z,23.35,60.59,99,0,45.75,100.94,69.00,857.00,null,null,null
2023-08-25T02:38:04Z,23.33,60.85,99,0,40.84,100.94,71.00,868.00,null,null,null
2023-08-25T02:39:04Z,23.35,60.64,99,0,43.15,100.94,68.00,848.00,null,null,null
2023-08-25T02:40:04Z,23.35,60.44,99,0,45.19,100.95,69.00,857.00,1,1,1
2023-08-25T02:41:04Z,23.33,61.05,99,0,40.83,100.94,69.00,857.00,null,null,null
2023-08-25T02:42:04Z,23.36,61.07,99,0,39.05,100.94,69.00,855.00,null,null,null
2023-08-25T02:43:04Z,23.33,60.61,99,0,40.09,100.95,71.00,868.00,null,null,null
2023-08-25T02:44:04Z,23.33,60.97,99,0,38.66,100.94,72.00,877.00,null,null,null
2023-08-25T02:45:04Z,23.35,61.20,99,0,42.96,100.94,78.00,913.00,1,1,1
2023-08-25T02:46:04Z,23.36,61.60,99,0,42.63,100.94,81.00,933.00,null,null,null
2023-08-25T02:47:04Z,23.36,61.65,99,0,40.19,100.94,81.00,933.00,null,null,null
2023-08-25T02:48:04Z,23.39,61.72,99,0,39.88,100.94,78.00,918.00,null,null,null
2023-08-25T02:49:04Z,23.40,61.40,99,0,39.40,100.95,79.00,923.00,null,null,null
2023-08-25T02:50:04Z,23.42,61.06,99,0,40.57,100.95,83.00,945.00,0,0,0
2023-08-25T02:51:04Z,23.46,61.67,99,0,49.59,100.94,81.00,933.00,null,null,null
2023-08-25T02:52:04Z,23.46,60.93,99,0,44.28,100.95,84.00,956.00,null,null,null
2023-08-25T02:53:04Z,23.47,61.14,99,0,40.49,100.94,83.00,945.00,null,null,null
2023-08-25T02:54:04Z,23.47,61.18,99,0,45.86,100.94,83.00,945.00,null,null,null
2023-08-25T02:55:04Z,23.49,61.45,99,0,36.39,100.94,83.00,945.00,1,1,1
2023-08-25T02:56:04Z,23.52,61.42,99,0,39.03,100.94,79.00,923.00,null,null,null
2023-08-25T02:57:04Z,23.53,61.42,99,0,36.30,100.94,83.00,945.00,null,null,null
2023-08-25T02:58:04Z,23.53,59.22,99,0,42.61,100.94,83.00,945.00,null,null,null
2023-08-25T02:59:04Z,23.53,58.93,99,0,47.69,100.94,89.00,987.00,null,null,null
2023-08-25T03:00:04Z,23.52,60.12,99,0,40.58,100.94,86.00,970.00,3,3,3
2023-08-25T03:01:04Z,23.50,60.47,99,0,40.04,100.94,80.00,930.00,null,null,null
2023-08-25T03:02:04Z,23.52,60.75,99,0,48.05,100.94,87.00,977.00,null,null,null
2023-08-25T03:03:04Z,23.52,60.79,99,0,43.14,100.94,87.00,977.00,null,null,null
2023-08-25T03:04:04Z,23.52,60.86,99,0,47.26,100.94,87.00,977.00,null,null,null
2023-08-25T03:05:04Z,23.55,60.88,99,0,37.60,100.94,93.00,1012.00,1,1,17
2023-08-25T03:06:04Z,23.55,61.01,99,0,43.24,100.94,93.00,1012.00,null,null,null
2023-08-25T03:07:04Z,23.59,61.03,99,0,39.43,100.94,97.00,1038.00,null,null,null
2023-08-25T03:08:04Z,23.57,60.96,99,0,47.28,100.94,100.00,1062.00,null,null,null
2023-08-25T03:09:04Z,23.59,60.98,99,0,46.24,100.94,102.00,1074.00,null,null,null
2023-08-25T03:10:04Z,23.63,61.02,99,0,38.09,100.94,102.00,1074.00,0,0,0
2023-08-25T03:11:04Z,23.62,60.94,99,0,43.82,100.94,104.00,1086.00,null,null,null
2023-08-25T03:12:04Z,23.63,60.94,99,0,40.49,100.94,104.00,1086.00,null,null,null
2023-08-25T03:13:04Z,23.66,60.91,99,0,40.41,100.94,106.00,1099.00,null,null,null
2023-08-25T03:14:04Z,23.67,60.94,99,0,39.42,100.94,106.00,1099.00,null,null,null
2023-08-25T03:15:04Z,23.66,60.93,99,0,39.76,100.94,110.00,1125.00,1,1,1
2023-08-25T03:16:04Z,23.70,60.96,99,0,44.74,100.95,108.00,1110.00,null,null,null
2023-08-25T03:17:04Z,23.72,60.95,99,0,40.00,100.95,110.00,1125.00,null,null,null
2023-08-25T03:18:04Z,23.73,61.02,99,0,46.51,100.95,110.00,1125.00,null,null,null
2023-08-25T03:19:04Z,23.74,60.47,99,0,40.06,100.94,112.00,1137.00,null,null,null
2023-08-25T03:20:04Z,23.74,60.89,99,0,46.12,100.95,112.00,1137.00,1,1,1
2023-08-25T03:21:04Z,23.73,60.79,99,0,40.37,100.95,112.00,1137.00,null,null,null
2023-08-25T03:22:04Z,23.74,60.96,99,0,44.49,100.95,112.00,1137.00,null,null,null
2023-08-25T03:23:04Z,23.79,60.62,99,0,38.09,100.95,110.00,1125.00,null,null,null
2023-08-25T03:24:04Z,23.77,60.67,99,0,43.37,100.94,98.00,1047.00,null,null,null
2023-08-25T03:25:04Z,23.77,60.71,99,0,46.73,100.95,100.00,1060.00,0,0,0
2023-08-25T03:26:04Z,23.79,60.74,99,0,37.32,100.95,98.00,1047.00,null,null,null
2023-08-25T03:27:04Z,23.80,59.63,99,0,48.52,100.94,100.00,1060.00,null,null,null
2023-08-25T03:28:04Z,23.80,60.53,99,0,37.41,100.95,101.00,1068.00,null,null,null
2023-08-25T03:29:04Z,23.80,60.53,99,0,44.34,100.94,100.00,1060.00,null,null,null
2023-08-25T03:30:04Z,23.77,60.68,99,0,54.98,100.94,98.00,1047.00,1,1,1
2023-08-25T03:31:04Z,23.81,60.54,99,0,49.04,100.94,96.00,1035.00,null,null,null
2023-08-25T03:32:04Z,23.83,60.56,99,0,43.67,100.94,98.00,1047.00,null,null,null
2023-08-25T03:33:04Z,23.84,60.64,99,0,42.68,100.94,100.00,1060.00,null,null,null
2023-08-25T03:34:04Z,23.83,60.63,99,0,45.79,100.94,100.00,1060.00,null,null,null
2023-08-25T03:35:04Z,23.83,60.63,99,0,38.32,100.94,100.00,1060.00,0,0,0
2023-08-25T03:36:04Z,23.83,60.67,99,0,44.98,100.94,100.00,1060.00,null,null,null
2023-08-25T03:37:04Z,23.84,60.74,99,0,36.60,100.94,102.00,1071.00,null,null,null
2023-08-25T03:38:04Z,23.84,60.51,99,0,37.72,100.94,98.00,1047.00,null,null,null
2023-08-25T03:39:04Z,23.87,60.62,99,0,40.31,100.94,100.00,1060.00,null,null,null
2023-08-25T03:40:04Z,23.86,60.66,99,0,39.64,100.94,102.00,1071.00,1,1,1
2023-08-25T03:41:04Z,23.90,60.70,99,0,39.02,100.94,104.00,1083.00,null,null,null
2023-08-25T03:42:04Z,23.88,60.59,99,0,49.88,100.95,104.00,1083.00,null,null,null
2023-08-25T03:43:04Z,23.90,60.65,99,0,39.73,100.95,104.00,1083.00,null,null,null
2023-08-25T03:44:04Z,23.88,60.61,99,0,43.16,100.95,126.00,1231.00,null,null,null
2023-08-25T03:45:04Z,23.88,60.84,99,0,47.01,100.95,133.00,1277.00,1,2,2
2023-08-25T03:46:04Z,23.88,60.67,99,0,39.85,100.94,135.00,1291.00,null,null,null
2023-08-25T03:47:04Z,23.90,60.61,99,0,40.52,100.95,140.00,1321.00,null,null,null
2023-08-25T03:48:04Z,23.93,60.34,99,0,44.85,100.95,140.00,1321.00,null,null,null
2023-08-25T03:49:04Z,23.91,60.05,99,0,38.47,100.95,138.00,1307.00,null,null,null
2023-08-25T03:50:04Z,23.91,60.00,99,0,40.61,100.94,142.00,1334.00,2,2,2
2023-08-25T03:51:04Z,23.93,59.88,99,0,52.04,100.94,139.00,1316.00,null,null,null
2023-08-25T03:52:04Z,23.93,59.61,99,0,36.93,100.95,139.00,1316.00,null,null,null
2023-08-25T03:53:04Z,23.91,59.79,99,0,37.39,100.95,137.00,1302.00,null,null,null
2023-08-25T03:54:04Z,23.94,59.79,99,0,38.30,100.94,137.00,1302.00,null,null,null
2023-08-25T03:55:04Z,23.93,58.45,99,0,48.60,100.95,133.00,1274.00,1,1,1
2023-08-25T03:56:04Z,23.94,57.25,99,0,46.27,100.94,129.00,1252.00,null,null,null
2023-08-25T03:57:04Z,23.90,57.68,99,0,42.05,100.94,127.00,1238.00,null,null,null
2023-08-25T03:58:04Z,23.90,58.57,99,0,45.76,100.95,125.00,1224.00,null,null,null
2023-08-25T03:59:04Z,23.88,58.22,99,0,44.35,100.95,117.00,1168.00,null,null,null
2023-08-25T04:00:04Z,23.87,58.52,99,0,null,100.94,117.00,1168.00,0,0,0
2023-08-25T04:01:04Z,23.86,58.54,99,0,42.32,100.94,114.00,1153.00,null,null,null
2023-08-25T04:02:04Z,23.86,58.59,99,0,43.91,100.95,112.00,1140.00,null,null,null
2023-08-25T04:03:04Z,23.86,58.33,99,0,41.30,100.95,110.00,1128.00,null,null,null
2023-08-25T04:04:04Z,23.84,58.47,99,0,40.27,100.95,110.00,1128.00,null,null,null
2023-08-25T04:05:04Z,23.86,58.67,99,0,50.01,100.95,108.00,1113.00,0,0,0
2023-08-25T04:06:04Z,23.88,58.67,99,0,46.97,100.95,110.00,1128.00,null,null,null
2023-08-25T04:07:04Z,23.88,56.39,99,0,37.80,100.95,110.00,1128.00,null,null,null
2023-08-25T04:08:04Z,23.87,57.49,99,0,42.38,100.95,110.00,1125.00,null,null,null
2023-08-25T04:09:04Z,23.87,57.92,99,0,41.38,100.95,106.00,1102.00,null,null,null
2023-08-25T04:10:04Z,23.84,58.10,99,0,40.75,100.95,105.00,1090.00,0,0,0
2023-08-25T04:11:04Z,23.84,57.95,99,0,41.24,100.95,106.00,1102.00,null,null,null
2023-08-25T04:12:04Z,23.84,58.05,99,0,37.03,100.94,112.00,1140.00,null,null,null
2023-08-25T04:13:04Z,23.84,58.14,99,0,38.39,100.94,117.00,1168.00,null,null,null
2023-08-25T04:14:04Z,23.86,58.18,99,0,46.18,100.94,121.00,1195.00,null,null,null
2023-08-25T04:15:04Z,23.84,58.28,99,0,49.00,100.94,134.00,1281.00,0,0,0
2023-08-25T04:16:04Z,23.86,58.41,99,0,54.23,100.94,141.00,1330.00,null,null,null
2023-08-25T04:17:04Z,23.88,58.52,99,0,45.61,100.94,151.00,1393.00,null,null,null
2023-08-25T04:18:04Z,23.90,58.63,99,0,39.48,100.94,157.00,1432.00,null,null,null
2023-08-25T04:19:04Z,23.90,58.75,99,0,40.93,100.94,163.00,1470.00,null,null,null
2023-08-25T04:20:04Z,23.91,58.88,99,0,44.64,100.94,162.00,1465.00,0,0,0
2023-08-25T04:21:04Z,23.90,59.01,99,0,42.87,100.94,161.00,1458.00,null,null,null
2023-08-25T04:22:04Z,23.91,59.11,99,0,48.44,100.94,162.00,1465.00,null,null,null
2023-08-25T04:23:04Z,23.93,59.13,99,0,52.33,100.94,162.00,1465.00,null,null,null
2023-08-25T04:24:04Z,23.91,59.12,99,0,49.45,100.94,162.00,1465.00,null,null,null
2023-08-25T04:25:04Z,23.94,59.13,99,0,40.84,100.94,161.00,1458.00,0,0,0
2023-08-25T04:26:04Z,23.94,57.99,99,0,41.31,100.94,161.00,1458.00,null,null,null
2023-08-25T04:27:04Z,23.91,58.70,99,0,47.17,100.94,160.00,1453.00,null,null,null
2023-08-25T04:28:04Z,23.94,58.64,99,0,46.56,100.94,153.00,1408.00,null,null,null
2023-08-25T04:29:04Z,23.94,58.62,99,0,40.26,100.94,153.00,1408.00,null,null,null
2023-08-25T04:30:04Z,23.90,58.74,99,0,50.34,100.94,151.00,1393.00,1,1,1
2023-08-25T04:31:04Z,23.93,58.76,99,0,44.62,100.95,148.00,1376.00,null,null,null
2023-08-25T04:32:04Z,23.94,58.51,99,0,47.33,100.94,144.00,1349.00,null,null,null
2023-08-25T04:33:04Z,23.94,58.64,99,0,44.96,100.94,143.00,1345.00,null,null,null
2023-08-25T04:34:04Z,23.93,58.29,99,0,37.63,100.94,141.00,1330.00,null,null,null
2023-08-25T04:35:04Z,23.91,58.06,99,0,49.15,100.94,136.00,1299.00,1,1,1
2023-08-25T04:36:04Z,23.93,58.08,99,0,37.53,100.94,136.00,1295.00,null,null,null
2023-08-25T04:37:04Z,23.91,58.06,99,0,36.71,100.94,134.00,1281.00,null,null,null
2023-08-25T04:38:04Z,23.88,58.22,99,0,40.53,100.94,131.00,1266.00,null,null,null
2023-08-25T04:39:04Z,23.91,57.88,99,0,44.43,100.94,134.00,1281.00,null,null,null
2023-08-25T04:40:04Z,23.91,58.05,99,0,47.82,100.94,129.00,1252.00,0,0,0
2023-08-25T04:41:04Z,23.90,58.24,99,0,42.58,100.94,129.00,1252.00,null,null,null
2023-08-25T04:42:04Z,23.93,58.22,99,0,38.51,100.95,129.00,1252.00,null,null,null
2023-08-25T04:43:04Z,23.91,58.23,99,0,42.36,100.94,127.00,1238.00,null,null,null
2023-08-25T04:44:04Z,23.88,58.01,99,0,47.20,100.94,127.00,1238.00,null,null,null
2023-08-25T04:45:04Z,23.88,57.63,99,0,41.56,100.95,121.00,1195.00,0,0,0
2023-08-25T04:46:04Z,23.88,56.96,99,0,42.14,100.95,117.00,1168.00,null,null,null
2023-08-25T04:47:04Z,23.87,57.27,99,0,57.25,100.95,118.00,1181.00,null,null,null
2023-08-25T04:48:04Z,23.90,57.43,99,0,46.96,100.95,114.00,1153.00,null,null,null
2023-08-25T04:49:04Z,23.87,57.14,99,0,46.34,100.94,112.00,1140.00,null,null,null
2023-08-25T04:50:04Z,23.87,56.54,99,0,48.07,100.94,110.00,1128.00,0,0,15
2023-08-25T04:51:04Z,23.86,56.61,99,0,47.75,100.94,106.00,1099.00,null,null,null
2023-08-25T04:52:04Z,23.84,57.06,99,0,null,100.94,108.00,1110.00,null,null,null
2023-08-25T04:53:04Z,23.84,57.16,99,0,40.26,100.94,106.00,1102.00,null,null,null
2023-08-25T04:54:04Z,23.84,57.16,99,0,38.98,100.94,106.00,1102.00,null,null,null
2023-08-25T04:55:04Z,23.81,57.39,99,0,50.29,100.94,105.00,1090.00,0,0,0
2023-08-25T04:56:04Z,23.81,56.48,99,0,44.90,100.95,103.00,1077.00,null,null,null
2023-08-25T04:57:04Z,23.83,57.27,99,0,40.19,100.95,104.00,1086.00,null,null,null
2023-08-25T04:58:04Z,23.81,57.46,99,0,41.93,100.95,103.00,1077.00,null,null,null
2023-08-25T04:59:04Z,23.83,57.58,99,0,48.45,100.94,103.00,1077.00,null,null,null
2023-08-25T05:00:04Z,23.80,57.61,99,0,54.37,100.95,105.00,1090.00,1,1,1
2023-08-25T05:01:04Z,23.81,57.68,99,0,42.82,100.95,105.00,1090.00,null,null,null
2023-08-25T05:02:04Z,23.80,57.67,99,0,47.44,100.95,96.00,1032.00,null,null,null
2023-08-25T05:03:04Z,23.83,57.68,99,0,41.90,100.95,96.00,1032.00,null,null,null
2023-08-25T05:04:04Z,23.81,57.61,99,0,41.46,100.95,98.00,1044.00,null,null,null
2023-08-25T05:05:04Z,23.83,57.75,99,0,46.64,100.95,98.00,1044.00,0,0,0
2023-08-25T05:06:04Z,23.83,57.66,99,0,45.05,100.95,106.00,1099.00,null,null,null
2023-08-25T05:07:04Z,23.83,57.67,99,0,46.75,100.95,112.00,1140.00,null,null,null
2023-08-25T05:08:04Z,23.81,57.69,99,0,38.97,100.95,117.00,1168.00,null,null,null
2023-08-25T05:09:04Z,23.83,57.69,99,0,45.46,100.94,122.00,1204.00,null,null,null
2023-08-25T05:10:04Z,23.81,57.64,99,0,45.61,100.94,124.00,1220.00,0,0,0
2023-08-25T05:11:04Z,23.81,57.57,99,0,51.31,100.94,124.00,1220.00,null,null,null
2023-08-25T05:12:04Z,23.83,57.55,99,0,41.44,100.94,124.00,1220.00,null,null,null
2023-08-25T05:13:04Z,23.83,57.59,99,0,42.22,100.95,126.00,1228.00,null,null,null
2023-08-25T05:14:04Z,23.83,57.61,99,0,43.23,100.95,126.00,1228.00,null,null,null
2023-08-25T05:15:04Z,23.83,57.55,99,0,43.37,100.95,126.00,1228.00,0,0,0
2023-08-25T05:16:04Z,23.83,57.53,99,0,38.23,100.95,126.00,1228.00,null,null,null
2023-08-25T05:17:04Z,23.81,57.66,99,0,39.24,100.95,124.00,1220.00,null,null,null
2023-08-25T05:18:04Z,23.83,57.62,99,0,49.15,100.96,124.00,1220.00,null,null,null
2023-08-25T05:19:04Z,23.84,57.71,99,0,46.91,100.95,126.00,1228.00,null,null,null
2023-08-25T05:20:04Z,23.83,57.64,99,0,51.02,100.96,124.00,1220.00,0,0,0
2023-08-25T05:21:04Z,23.83,57.78,99,0,38.32,100.96,124.00,1220.00,null,null,null
2023-08-25T05:22:04Z,23.83,57.75,99,0,46.05,100.96,126.00,1228.00,null,null,null
2023-08-25T05:23:04Z,23.83,57.84,99,0,45.36,100.96,122.00,1204.00,null,null,null
2023-08-25T05:24:04Z,23.84,57.76,99,0,40.08,100.96,122.00,1204.00,null,null,null
2023-08-25T05:25:04Z,23.81,57.74,99,0,41.04,100.96,122.00,1204.00,0,0,0
2023-08-25T05:26:04Z,23.86,57.84,99,0,50.57,100.96,120.00,1191.00,null,null,null
2023-08-25T05:27:04Z,23.83,57.82,99,0,48.16,100.96,120.00,1191.00,null,null,null
2023-08-25T05:28:04Z,23.86,57.82,99,0,54.13,100.96,120.00,1191.00,null,null,null
2023-08-25T05:29:04Z,23.83,57.77,99,0,46.06,100.96,118.00,1178.00,null,null,null
2023-08-25T05:30:04Z,23.83,57.82,99,0,49.50,100.96,117.00,1168.00,0,0,0
2023-08-25T05:31:04Z,23.84,57.66,99,0,46.00,100.97,113.00,1144.00,null,null,null
2023-08-25T05:32:04Z,23.86,57.57,99,0,49.46,100.97,115.00,1156.00,null,null,null
2023-08-25T05:33:04Z,23.83,57.57,99,0,48.53,100.97,115.00,1156.00,null,null,null
2023-08-25T05:34:04Z,23.84,57.54,99,0,42.53,100.97,115.00,1156.00,null,null,null
2023-08-25T05:35:04Z,23.84,57.60,99,0,43.27,100.97,112.00,1140.00,1,1,1
2023-08-25T05:36:04Z,23.83,57.40,99,0,44.43,100.98,110.00,1125.00,null,null,null
2023-08-25T05:37:04Z,23.83,57.39,99,0,47.50,100.98,111.00,1131.00,null,null,null
2023-08-25T05:38:04Z,23.83,57.23,99,0,47.63,100.97,110.00,1125.00,null,null,null
2023-08-25T05:39:04Z,23.83,57.06,99,0,46.72,100.97,110.00,1125.00,null,null,null
2023-08-25T05:40:04Z,23.81,56.89,99,0,45.48,100.97,108.00,1113.00,0,0,0
2023-08-25T05:41:04Z,23.81,56.84,99,0,45.55,100.97,105.00,1090.00,null,null,null
2023-08-25T05:42:04Z,23.81,56.78,99,0,40.16,100.97,105.00,1090.00,null,null,null
2023-08-25T05:43:04Z,23.81,56.96,99,0,40.32,100.97,103.00,1081.00,null,null,null
2023-08-25T05:44:04Z,23.79,56.94,99,0,46.11,100.97,103.00,1081.00,null,null,null
2023-08-25T05:45:04Z,23.79,56.95,99,0,47.72,100.97,103.00,1081.00,0,0,0
2023-08-25T05:46:04Z,23.79,56.65,99,0,40.36,100.96,101.00,1068.00,null,null,null
2023-08-25T05:47:04Z,23.77,56.84,99,0,42.46,100.96,103.00,1077.00,null,null,null
2023-08-25T05:48:04Z,23.77,57.12,99,0,45.86,100.96,99.00,1056.00,null,null,null
2023-08-25T05:49:04Z,23.76,57.21,99,0,44.82,100.96,124.00,1220.00,null,null,null
2023-08-25T05:50:04Z,23.80,57.17,99,0,47.43,100.96,219.00,1566.00,1,1,1
2023-08-25T05:51:04Z,23.76,57.09,99,0,40.13,100.96,242.00,1597.00,null,null,null
2023-08-25T05:52:04Z,23.77,57.27,99,0,50.91,100.96,265.00,1623.00,null,null,null
2023-08-25T05:53:04Z,23.79,57.22,99,0,45.08,100.96,326.00,1687.00,null,null,null
2023-08-25T05:54:04Z,23.79,57.32,99,0,46.18,100.96,386.00,1746.00,null,null,null
2023-08-25T05:55:04Z,23.74,57.40,99,0,43.73,100.96,417.00,1772.00,1,1,1
2023-08-25T05:56:04Z,23.79,57.30,99,0,43.77,100.96,497.00,1836.00,null,null,null
2023-08-25T05:57:04Z,23.77,57.29,99,0,45.56,100.96,463.00,1811.00,null,null,null
2023-08-25T05:58:04Z,23.76,57.00,99,0,49.06,100.96,457.00,1806.00,null,null,null
2023-08-25T05:59:04Z,23.74,57.16,99,0,47.05,100.96,516.00,1851.00,null,null,null
2023-08-25T06:00:04Z,23.77,57.19,99,0,39.67,100.96,594.00,1906.00,0,0,0
2023-08-25T06:01:04Z,23.79,57.28,99,0,69.18,100.96,547.00,1874.00,null,null,null
2023-08-25T06:02:04Z,23.79,57.23,99,0,49.73,100.96,586.00,1900.00,null,null,null
2023-08-25T06:03:04Z,23.77,57.17,99,0,43.32,100.96,594.00,1906.00,null,null,null
2023-08-25T06:04:04Z,23.76,57.08,99,0,39.01,100.96,584.00,1899.00,null,null,null
2023-08-25T06:05:04Z,23.79,56.51,99,0,46.24,100.96,573.00,1892.00,0,0,0
2023-08-25T06:06:04Z,23.76,56.76,99,0,42.12,100.96,552.00,1878.00,null,null,null
2023-08-25T06:07:04Z,23.77,56.18,99,0,46.39,100.96,529.00,1860.00,null,null,null
2023-08-25T06:08:04Z,23.76,56.43,99,0,44.09,100.96,509.00,1846.00,null,null,null
2023-08-25T06:09:04Z,23.76,56.28,99,0,44.07,100.96,474.00,1819.00,null,null,null
2023-08-25T06:10:04Z,23.72,55.73,99,0,43.08,100.96,432.00,1784.00,1,1,1
2023-08-25T06:11:04Z,23.70,55.67,99,0,50.07,100.96,456.00,1805.00,null,null,null
2023-08-25T06:12:04Z,23.70,55.84,99,0,44.86,100.96,435.00,1787.00,null,null,null
2023-08-25T06:13:04Z,23.67,55.16,99,0,42.94,100.96,402.00,1759.00,null,null,null
2023-08-25T06:14:04Z,23.69,55.61,99,0,43.73,100.96,395.00,1754.00,null,null,null
2023-08-25T06:15:04Z,23.65,55.46,99,0,46.72,100.96,364.00,1726.00,0,0,12
2023-08-25T06:16:04Z,23.63,55.73,99,0,48.52,100.96,352.00,1714.00,null,null,null
2023-08-25T06:17:04Z,23.66,55.85,99,0,47.34,100.96,344.00,1704.00,null,null,null
2023-08-25T06:18:04Z,23.65,55.94,99,0,45.91,100.96,333.00,1695.00,null,null,null
2023-08-25T06:19:04Z,23.62,55.92,99,0,45.19,100.96,324.00,1686.00,null,null,null
2023-08-25T06:20:04Z,23.60,56.12,99,0,47.78,100.96,306.00,1668.00,1,1,1
2023-08-25T06:21:04Z,23.60,56.07,99,0,50.31,100.96,294.00,1655.00,null,null,null
2023-08-25T06:22:04Z,23.60,55.87,99,0,39.43,100.96,278.00,1636.00,null,null,null
2023-08-25T06:23:04Z,23.62,56.03,99,0,40.03,100.96,272.00,1629.00,null,null,null
2023-08-25T06:24:04Z,23.59,55.35,99,0,44.60,100.96,252.00,1607.00,null,null,null
2023-08-25T06:25:04Z,23.57,54.97,99,0,41.53,100.97,235.00,1588.00,0,0,0
2023-08-25T06:26:04Z,23.57,55.51,99,0,44.90,100.97,228.00,1579.00,null,null,null
2023-08-25T06:27:04Z,23.57,54.64,99,0,42.61,100.96,209.00,1555.00,null,null,null
2023-08-25T06:28:04Z,23.53,55.10,99,0,49.90,100.97,211.00,1556.00,null,null,null
2023-08-25T06:29:04Z,23.55,55.37,99,0,50.52,100.97,198.00,1539.00,null,null,null
2023-08-25T06:30:04Z,23.53,55.55,99,0,40.93,100.97,187.00,1524.00,0,0,0
2023-08-25T06:31:04Z,23.53,55.40,99,0,47.69,100.97,180.00,1513.00,null,null,null
2023-08-25T06:32:04Z,23.50,55.56,99,0,39.71,100.96,173.00,1502.00,null,null,null
2023-08-25T06:33:04Z,23.50,55.64,99,0,43.93,100.96,165.00,1487.00,null,null,null
2023-08-25T06:34:04Z,23.52,55.06,99,0,48.11,100.96,157.00,1436.00,null,null,null
2023-08-25T06:35:04Z,23.49,55.02,99,0,46.48,100.96,152.00,1400.00,0,0,0
2023-08-25T06:36:04Z,23.49,55.81,99,0,50.11,100.96,152.00,1400.00,null,null,null
2023-08-25T06:37:04Z,23.49,56.02,99,0,47.45,100.96,152.00,1400.00,null,null,null
2023-08-25T06:38:04Z,23.46,56.16,99,0,49.84,100.96,143.00,1341.00,null,null,null
2023-08-25T06:39:04Z,23.49,56.23,99,0,48.46,100.97,139.00,1313.00,null,null,null
2023-08-25T06:40:04Z,23.47,55.90,99,0,50.15,100.97,134.00,1285.00,0,0,0
2023-08-25T06:41:04Z,23.46,56.04,99,0,48.25,100.97,128.00,1242.00,null,null,null
2023-08-25T06:42:04Z,23.46,55.35,99,0,47.16,100.97,123.00,1212.00,null,null,null
2023-08-25T06:43:04Z,23.43,55.67,99,0,45.60,100.97,119.00,1184.00,null,null,null
2023-08-25T06:44:04Z,23.45,56.02,99,0,48.92,100.97,114.00,1153.00,null,null,null
2023-08-25T06:45:04Z,23.42,56.34,99,0,41.90,100.97,111.00,1131.00,0,0,0
2023-08-25T06:46:04Z,23.43,55.93,99,0,50.47,100.97,104.00,1086.00,null,null,null
2023-08-25T06:47:04Z,23.43,56.50,99,0,47.17,100.97,105.00,1090.00,null,null,null
2023-08-25T06:48:04Z,23.42,56.85,99,0,56.17,100.97,101.00,1065.00,null,null,null
2023-08-25T06:49:04Z,23.42,57.13,99,0,47.17,100.97,98.00,1044.00,null,null,null
2023-08-25T06:50:04Z,23.40,57.42,99,0,46.88,100.97,99.00,1056.00,0,0,0
2023-08-25T06:51:04Z,23.45,57.76,99,0,45.97,100.97,96.00,1032.00,null,null,null
2023-08-25T06:52:04Z,23.46,57.88,99,0,48.07,100.97,93.00,1014.00,null,null,null
2023-08-25T06:53:04Z,23.46,57.19,99,6,53.74,100.99,96.00,1032.00,null,null,null
2023-08-25T06:54:04Z,23.43,53.91,99,6,45.87,101.00,96.00,1032.00,null,null,null
2023-08-25T06:55:04Z,23.43,55.88,99,6,47.21,101.02,98.00,1044.00,0,0,0
2023-08-25T06:56:04Z,23.42,56.36,99,9,43.30,101.02,91.00,1001.00,null,null,null
2023-08-25T06:57:04Z,23.40,55.24,99,9,40.62,101.03,89.00,987.00,null,null,null
2023-08-25T06:58:04Z,23.40,54.64,99,9,46.63,101.03,87.00,975.00,null,null,null
2023-08-25T06:59:04Z,23.36,53.97,99,9,47.58,101.04,84.00,954.00,null,null,null
2023-08-25T07:00:04Z,23.38,53.77,99,9,42.71,101.03,83.00,945.00,1,2,2
2023-08-25T07:01:04Z,23.36,53.81,99,6,45.99,101.03,76.00,905.00,null,null,null
2023-08-25T07:02:04Z,23.33,53.40,99,7,51.78,101.02,73.00,880.00,null,null,null
2023-08-25T07:03:04Z,23.30,50.68,99,6,50.01,101.02,63.00,815.00,null,null,null
2023-08-25T07:04:04Z,23.29,53.04,99,6,56.95,101.02,62.00,813.00,null,null,null
2023-08-25T07:05:04Z,23.25,55.12,99,7,48.40,101.01,57.00,778.00,0,0,0
2023-08-25T07:06:04Z,23.22,56.05,99,6,52.12,101.01,54.00,759.00,null,null,null
2023-08-25T07:07:04Z,23.22,53.13,99,9,47.26,101.00,62.00,808.00,null,null,null
2023-08-25T07:08:04Z,23.19,54.70,99,8,45.40,101.00,72.00,874.00,null,null,null
2023-08-25T07:09:04Z,23.16,55.12,99,9,46.12,100.99,67.00,844.00,null,null,null
2023-08-25T07:10:04Z,23.14,54.12,99,9,47.34,100.99,60.00,800.00,0,0,0
2023-08-25T07:11:04Z,23.11,54.58,99,6,56.65,100.99,66.00,834.00,null,null,null
2023-08-25T07:12:04Z,23.11,53.72,99,9,59.39,100.99,63.00,817.00,null,null,null
2023-08-25T07:13:04Z,23.07,54.52,99,8,45.80,100.99,66.00,836.00,null,null,null
2023-08-25T07:14:04Z,23.04,52.85,99,7,51.92,100.99,64.00,825.00,null,null,null
2023-08-25T07:15:04Z,23.04,56.09,99,8,44.23,100.99,61.00,804.00,0,0,0
2023-08-25T07:16:04Z,23.02,57.44,99,8,49.28,100.99,60.00,800.00,null,null,null
2023-08-25T07:17:04Z,22.99,54.26,99,7,42.66,100.99,51.00,740.00,null,null,null
2023-08-25T07:18:04Z,22.99,56.38,99,9,50.38,100.99,62.00,808.00,null,null,null
2023-08-25T07:19:04Z,22.98,52.61,99,7,54.33,100.98,53.00,749.00,null,null,null
2023-08-25T07:20:04Z,22.98,56.02,99,12,53.72,100.98,56.00,768.00,0,0,0
2023-08-25T07:21:04Z,22.95,55.20,99,12,58.84,100.98,48.00,719.00,null,null,null
2023-08-25T07:22:04Z,22.92,54.40,99,11,46.85,100.98,49.00,726.00,null,null,null
2023-08-25T07:23:04Z,22.92,54.19,99,12,40.97,100.98,49.00,728.00,null,null,null
2023-08-25T07:24:04Z,22.94,55.07,99,13,49.78,100.98,43.00,683.00,null,null,null
2023-08-25T07:25:04Z,22.88,54.80,99,13,50.24,100.98,37.00,643.00,0,0,0
2023-08-25T07:26:04Z,22.87,56.52,99,12,50.15,100.98,39.00,660.00,null,null,null
2023-08-25T07:27:04Z,22.88,55.13,99,13,58.35,100.98,38.00,650.00,null,null,null
2023-08-25T07:28:04Z,22.87,52.46,99,13,49.31,100.98,32.00,612.00,null,null,null
2023-08-25T07:29:04Z,22.84,55.37,99,13,43.51,100.98,36.00,638.00,null,null,null
2023-08-25T07:30:04Z,22.82,54.35,99,12,59.49,100.98,29.00,596.00,0,0,0
2023-08-25T07:31:04Z,22.81,52.88,99,10,56.75,100.98,28.00,589.00,null,null,null
2023-08-25T07:32:04Z,22.84,53.34,99,12,55.67,100.98,27.00,581.00,null,null,null
2023-08-25T07:33:04Z,22.81,53.77,99,10,48.61,100.98,25.00,565.00,null,null,null
2023-08-25T07:34:04Z,22.78,54.03,99,14,53.17,100.97,23.00,551.00,null,null,null
2023-08-25T07:35:04Z,22.78,53.91,99,14,54.14,100.98,23.00,556.00,0,0,0
2023-08-25T07:36:04Z,22.78,52.80,99,14,61.57,100.98,18.00,524.00,null,null,null
2023-08-25T07:37:04Z,22.77,52.98,99,15,58.81,100.98,19.00,530.00,null,null,null
2023-08-25T07:38:04Z,22.74,51.42,99,15,46.05,100.97,14.00,493.00,null,null,null
2023-08-25T07:39:04Z,22.72,53.26,99,14,55.93,100.98,17.00,515.00,null,null,null
2023-08-25T07:40:04Z,22.71,53.94,99,14,57.09,100.98,15.00,501.00,0,0,0
2023-08-25T07:41:04Z,22.72,53.62,99,14,56.79,100.99,14.00,496.00,null,null,null
2023-08-25T07:42:04Z,22.71,52.57,99,14,47.88,100.99,13.00,488.00,null,null,null
2023-08-25T07:43:04Z,22.72,53.11,99,13,60.22,100.99,15.00,500.00,null,null,null
2023-08-25T07:44:04Z,22.72,52.48,99,11,63.44,101.00,12.00,480.00,null,null,null
2023-08-25T07:45:04Z,22.70,53.85,99,13,49.76,101.00,12.00,480.00,0,0,0
2023-08-25T07:46:04Z,22.72,53.22,99,7,46.78,101.00,14.00,492.00,null,null,null
2023-08-25T07:47:04Z,22.72,52.90,99,14,50.47,101.00,12.00,483.00,null,null,null
2023-08-25T07:48:04Z,22.74,54.10,99,11,50.34,101.00,12.00,483.00,null,null,null
2023-08-25T07:49:04Z,22.74,54.60,99,9,55.09,101.00,13.00,486.00,null,null,null
2023-08-25T07:50:04Z,22.74,53.33,99,9,43.24,101.01,14.00,497.00,0,0,0
2023-08-25T07:51:04Z,22.74,53.44,99,11,51.91,101.01,13.00,488.00,null,null,null
2023-08-25T07:52:04Z,22.74,54.21,99,8,59.71,101.01,14.00,492.00,null,null,null
2023-08-25T07:53:04Z,22.75,52.87,99,8,61.85,101.02,15.00,502.00,null,null,null
2023-08-25T07:54:04Z,22.74,52.48,99,12,52.06,101.02,14.00,493.00,null,null,null
2023-08-25T07:55:04Z,22.74,54.86,99,12,61.36,101.02,14.00,492.00,0,0,0
2023-08-25T07:56:04Z,22.75,52.49,99,17,56.31,101.02,11.00,473.00,null,null,null
2023-08-25T07:57:04Z,22.75,53.80,99,12,45.64,101.02,13.00,487.00,null,null,null
2023-08-25T07:58:04Z,22.72,53.29,99,14,61.11,101.02,11.00,476.00,null,null,null
2023-08-25T07:59:04Z,22.74,53.97,99,13,64.56,101.02,12.00,481.00,null,null,null
2023-08-25T08:00:04Z,22.78,53.63,99,10,55.73,101.02,13.00,486.00,1,1,1
2023-08-25T08:01:04Z,22.77,55.26,99,12,52.23,101.02,11.00,477.00,null,null,null
2023-08-25T08:02:04Z,22.78,55.00,99,13,44.51,101.02,11.00,478.00,null,null,null
2023-08-25T08:03:04Z,22.79,54.31,99,12,58.59,101.02,13.00,488.00,null,null,null
2023-08-25T08:04:04Z,22.82,54.35,99,18,43.30,101.01,17.00,518.00,null,null,null
2023-08-25T08:05:04Z,22.82,53.90,99,16,42.76,101.01,22.00,545.00,0,0,0
2023-08-25T08:06:04Z,22.84,54.22,99,13,59.31,101.00,19.00,527.00,null,null,null
2023-08-25T08:07:04Z,22.88,54.30,99,12,45.42,101.00,22.00,545.00,null,null,null
2023-08-25T08:08:04Z,22.85,55.51,99,15,46.63,101.01,22.00,545.00,null,null,null
2023-08-25T08:09:04Z,22.88,55.39,99,12,48.28,101.00,20.00,533.00,null,null,null
2023-08-25T08:10:04Z,22.90,55.45,99,10,56.82,101.01,22.00,545.00,0,0,0
2023-08-25T08:11:04Z,22.91,54.66,99,11,51.40,101.00,22.00,545.00,null,null,null
2023-08-25T08:12:04Z,22.92,56.12,99,10,57.39,101.00,25.00,569.00,null,null,null
2023-08-25T08:13:04Z,22.92,55.56,99,10,54.28,101.00,25.00,570.00,null,null,null
2023-08-25T08:14:04Z,22.95,54.79,99,10,51.74,101.00,25.00,565.00,null,null,null
2023-08-25T08:15:04Z,22.94,54.01,99,10,45.69,101.00,25.00,570.00,0,0,0
2023-08-25T08:16:04Z,22.95,54.04,99,10,54.94,101.00,25.00,565.00,null,null,null
2023-08-25T08:17:04Z,22.97,54.21,99,12,53.82,101.00,23.00,551.00,null,null,null
2023-08-25T08:18:04Z,22.97,54.30,99,16,51.66,101.00,25.00,565.00,null,null,null
2023-08-25T08:19:04Z,23.01,52.85,99,16,60.36,100.99,23.00,551.00,null,null,null
2023-08-25T08:20:04Z,22.99,52.32,99,16,49.66,100.99,23.00,556.00,0,0,0
2023-08-25T08:21:04Z,22.98,52.15,99,16,55.90,100.99,22.00,545.00,null,null,null
2023-08-25T08:22:04Z,22.97,53.48,99,16,47.76,100.99,21.00,542.00,null,null,null
2023-08-25T08:23:04Z,22.98,54.50,99,14,47.49,100.99,22.00,545.00,null,null,null
2023-08-25T08:24:04Z,22.98,54.61,99,11,50.16,100.99,24.00,564.00,null,null,null
2023-08-25T08:25:04Z,22.98,54.20,99,15,56.32,100.99,28.00,589.00,0,0,0
2023-08-25T08:26:04Z,22.99,53.82,99,9,43.99,100.99,32.00,615.00,null,null,null
2023-08-25T08:27:04Z,23.01,53.21,99,12,49.83,100.99,32.00,611.00,null,null,null
2023-08-25T08:28:04Z,23.04,52.93,99,16,47.76,100.99,30.00,602.00,null,null,null
2023-08-25T08:29:04Z,23.05,51.52,99,16,53.76,100.99,27.00,581.00,null,null,null
2023-08-25T08:30:04Z,23.02,51.42,99,16,44.05,101.00,26.00,577.00,0,0,0
2023-08-25T08:31:04Z,23.05,51.72,99,16,45.68,100.99,25.00,567.00,null,null,null
2023-08-25T08:32:04Z,23.05,51.31,99,15,45.17,101.00,20.00,537.00,null,null,null
2023-08-25T08:33:04Z,23.05,51.34,99,16,45.79,100.99,19.00,527.00,null,null,null
2023-08-25T08:34:04Z,23.07,51.28,99,16,49.01,100.99,17.00,514.00,null,null,null
2023-08-25T08:35:04Z,23.04,50.95,99,16,45.29,100.99,15.00,502.00,0,0,0
2023-08-25T08:36:04Z,23.08,50.86,99,16,49.37,100.99,14.00,496.00,null,null,null
2023-08-25T08:37:04Z,23.08,49.41,99,13,43.14,100.99,13.00,488.00,null,null,null
2023-08-25T08:38:04Z,23.07,49.68,99,13,44.80,100.99,12.00,483.00,null,null,null
2023-08-25T08:39:04Z,23.04,48.85,99,13,52.45,100.99,7.00,452.00,null,null,null
2023-08-25T08:40:04Z,23.01,48.36,99,14,48.50,100.99,3.00,422.00,1,1,1
2023-08-25T08:41:04Z,22.99,49.54,99,15,44.65,100.99,0.00,405.00,null,null,null
2023-08-25T08:42:04Z,22.95,49.71,99,15,47.56,100.99,0.00,400.00,null,null,null
2023-08-25T08:43:04Z,22.94,51.17,99,11,57.89,100.99,1.00,410.00,null,null,null
2023-08-25T08:44:04Z,22.92,49.45,99,7,46.71,100.99,0.00,400.00,null,null,null
2023-08-25T08:45:04Z,22.92,48.02,99,8,44.40,100.99,0.00,400.00,0,0,0
2023-08-25T08:46:04Z,22.91,48.33,99,13,54.61,100.99,0.00,400.00,null,null,null
2023-08-25T08:47:04Z,22.87,49.50,99,13,41.59,100.99,0.00,400.00,null,null,null
2023-08-25T08:48:04Z,22.84,47.87,99,12,46.95,100.99,0.00,400.00,null,null,null
2023-08-25T08:49:04Z,22.81,46.72,99,12,47.19,100.99,0.00,400.00,null,null,null
2023-08-25T08:50:04Z,22.75,47.12,99,8,44.76,100.99,0.00,400.00,0,0,0
2023-08-25T08:51:04Z,22.70,48.10,99,13,51.03,100.99,0.00,400.00,null,null,null
2023-08-25T08:52:04Z,22.64,49.05,99,9,45.68,100.99,0.00,400.00,null,null,null
2023-08-25T08:53:04Z,22.64,49.36,99,11,54.09,100.99,0.00,403.00,null,null,null
2023-08-25T08:54:04Z,22.58,50.04,99,8,55.85,100.99,0.00,400.00,null,null,null
2023-08-25T08:55:04Z,22.56,49.31,99,9,46.41,100.99,0.00,400.00,0,0,0
2023-08-25T08:56:04Z,22.56,50.64,99,8,48.67,100.99,0.00,400.00,null,null,null
2023-08-25T08:57:04Z,22.53,52.39,99,10,48.71,100.99,0.00,400.00,null,null,null
2023-08-25T08:58:04Z,22.54,53.02,99,10,48.49,100.99,2.00,414.00,null,null,null
2023-08-25T08:59:04Z,22.57,52.02,99,9,53.14,100.99,5.00,439.00,null,null,null
2023-08-25T09:00:04Z,22.54,52.58,99,11,42.75,100.99,11.00,475.00,0,1,1
2023-08-25T09:01:04Z,22.57,53.88,99,12,53.03,100.99,13.00,488.00,null,null,null
2023-08-25T09:02:04Z,22.57,53.83,99,12,57.77,100.99,17.00,515.00,null,null,null
2023-08-25T09:03:04Z,22.61,54.35,99,11,55.92,100.99,22.00,545.00,null,null,null
2023-08-25T09:04:04Z,22.65,53.96,99,10,55.94,100.99,25.00,570.00,null,null,null
2023-08-25T09:05:04Z,22.67,54.52,99,8,54.49,100.99,30.00,599.00,0,0,0
2023-08-25T09:06:04Z,22.68,54.61,99,11,55.04,100.99,33.00,620.00,null,null,null
2023-08-25T09:07:04Z,22.71,53.42,99,9,60.67,100.99,37.00,649.00,null,null,null
2023-08-25T09:08:04Z,22.75,53.12,99,9,45.21,100.99,41.00,672.00,null,null,null
2023-08-25T09:09:04Z,22.77,53.94,99,10,51.20,100.99,44.00,692.00,null,null,null
2023-08-25T09:10:04Z,22.78,53.38,99,10,56.96,100.99,43.00,683.00,0,0,0
2023-08-25T09:11:04Z,22.78,54.67,99,9,52.79,100.99,47.00,715.00,null,null,null
2023-08-25T09:12:04Z,22.82,51.04,99,6,53.24,100.99,45.00,700.00,null,null,null
2023-08-25T09:13:04Z,22.81,50.47,99,8,55.14,100.99,46.00,708.00,null,null,null
2023-08-25T09:14:04Z,22.81,52.08,99,10,54.51,100.98,43.00,688.00,null,null,null
2023-08-25T09:15:04Z,22.82,52.11,99,10,55.37,100.98,39.00,660.00,2,2,2
2023-08-25T09:16:04Z,22.81,51.87,99,12,51.02,100.99,37.00,646.00,null,null,null
2023-08-25T09:17:04Z,22.78,50.63,99,10,47.35,100.98,36.00,638.00,null,null,null
2023-08-25T09:18:04Z,22.81,51.48,99,10,45.49,100.98,37.00,646.00,null,null,null
2023-08-25T09:19:04Z,22.79,52.10,99,12,54.37,100.98,34.00,624.00,null,null,null
2023-08-25T09:20:04Z,22.78,52.83,99,10,57.25,100.98,36.00,638.00,0,0,0
2023-08-25T09:21:04Z,22.82,52.54,99,10,49.98,100.98,35.00,633.00,null,null,null
2023-08-25T09:22:04Z,22.82,52.36,99,9,56.51,100.98,36.00,640.00,null,null,null
2023-08-25T09:23:04Z,22.88,53.58,99,10,50.77,100.98,38.00,653.00,null,null,null
2023-08-25T09:24:04Z,22.85,54.09,99,8,42.85,100.99,39.00,657.00,null,null,null
2023-08-25T09:25:04Z,22.87,53.36,99,9,46.65,100.98,44.00,692.00,1,1,1
2023-08-25T09:26:04Z,22.90,55.14,99,10,52.18,100.98,45.00,700.00,null,null,null
2023-08-25T09:27:04Z,22.91,56.33,99,8,48.61,100.98,50.00,730.00,null,null,null
2023-08-25T09:28:04Z,22.97,55.51,99,9,46.59,100.98,54.00,759.00,null,null,null
2023-08-25T09:29:04Z,22.95,56.51,99,7,52.00,100.97,57.00,776.00,null,null,null
2023-08-25T09:30:04Z,22.95,56.16,99,9,50.43,100.97,64.00,821.00,13,22,22
2023-08-25T09:31:04Z,23.01,57.57,99,8,48.16,100.97,67.00,844.00,null,null,null
2023-08-25T09:32:04Z,23.02,51.84,99,7,45.98,100.98,68.00,848.00,null,null,null
2023-08-25T09:33:04Z,23.02,52.66,99,7,56.10,100.97,79.00,923.00,null,null,null
2023-08-25T09:34:04Z,23.01,53.37,99,7,49.38,100.98,69.00,855.00,null,null,null
2023-08-25T09:35:04Z,23.02,55.42,99,8,48.17,100.98,71.00,872.00,28,56,56
2023-08-25T09:36:04Z,23.04,54.89,99,8,52.24,100.98,68.00,851.00,null,null,null
2023-08-25T09:37:04Z,23.02,55.35,99,8,46.85,100.98,77.00,907.00,null,null,null
2023-08-25T09:38:04Z,23.05,54.42,99,8,54.62,100.98,81.00,935.00,null,null,null
2023-08-25T09:39:04Z,23.05,54.14,99,9,57.33,100.98,83.00,945.00,null,null,null
2023-08-25T09:40:04Z,23.07,55.41,99,8,46.64,100.98,86.00,970.00,17,28,28
2023-08-25T09:41:04Z,23.08,55.55,99,9,48.31,100.98,85.00,961.00,null,null,null
2023-08-25T09:42:04Z,23.12,54.39,99,8,41.79,100.98,87.00,972.00,null,null,null
2023-08-25T09:43:04Z,23.12,53.66,99,9,48.12,100.99,85.00,959.00,null,null,null
2023-08-25T09:44:04Z,23.12,53.69,99,8,47.29,100.99,90.00,995.00,null,null,null
2023-08-25T09:45:04Z,23.14,55.05,99,7,55.63,100.99,93.00,1017.00,7,12,12
2023-08-25T09:46:04Z,23.16,54.75,99,7,49.05,100.99,87.00,972.00,null,null,null
2023-08-25T09:47:04Z,23.15,54.25,99,7,45.07,100.99,91.00,1001.00,null,null,null
2023-08-25T09:48:04Z,23.18,53.88,99,7,58.93,100.99,88.00,983.00,null,null,null
2023-08-25T09:49:04Z,23.18,52.72,99,8,52.33,100.99,88.00,983.00,null,null,null
2023-08-25T09:50:04Z,23.18,53.76,99,9,56.87,101.00,92.00,1004.00,4,7,7
2023-08-25T09:51:04Z,23.16,53.73,99,7,63.12,101.00,83.00,945.00,null,null,null
2023-08-25T09:52:04Z,23.21,54.62,99,8,51.80,101.00,84.00,956.00,null,null,null
2023-08-25T09:53:04Z,23.22,53.46,99,8,56.01,101.00,85.00,959.00,null,null,null
2023-08-25T09:54:04Z,23.18,55.07,99,8,50.69,101.00,90.00,995.00,null,null,null
2023-08-25T09:55:04Z,23.23,55.19,99,8,53.50,101.00,85.00,961.00,5,7,7
2023-08-25T09:56:04Z,23.22,55.43,99,8,58.52,101.00,88.00,983.00,null,null,null
2023-08-25T09:57:04Z,23.26,55.15,99,7,50.09,101.00,93.00,1014.00,null,null,null
2023-08-25T09:58:04Z,23.28,55.05,99,9,47.75,101.00,81.00,933.00,null,null,null
2023-08-25T09:59:04Z,23.26,55.22,99,7,42.48,100.99,81.00,933.00,null,null,null
2023-08-25T10:00:04Z,23.32,54.94,99,8,52.46,101.00,83.00,945.00,6,8,8
2023-08-25T10:01:04Z,23.32,54.87,99,9,49.03,100.99,84.00,956.00,null,null,null
2023-08-25T10:02:04Z,23.33,55.16,99,10,50.36,100.99,84.00,956.00,null,null,null
2023-08-25T10:03:04Z,23.36,55.13,99,9,60.12,100.99,87.00,975.00,null,null,null
2023-08-25T10:04:04Z,23.36,54.77,99,8,51.73,100.99,87.00,975.00,null,null,null
2023-08-25T10:05:04Z,23.38,54.22,99,8,49.71,100.99,87.00,975.00,6,7,7
2023-08-25T10:06:04Z,23.39,54.29,99,8,62.84,100.99,87.00,977.00,null,null,null
2023-08-25T10:07:04Z,23.42,54.38,99,10,49.39,100.99,89.00,987.00,null,null,null
2023-08-25T10:08:04Z,23.42,54.46,99,9,47.98,100.99,89.00,987.00,null,null,null
2023-08-25T10:09:04Z,23.42,53.19,99,10,63.40,100.99,89.00,987.00,null,null,null
2023-08-25T10:10:04Z,23.43,54.84,99,9,56.42,100.99,91.00,1001.00,5,6,6
2023-08-25T10:11:04Z,23.43,54.01,99,9,51.35,100.99,84.00,956.00,null,null,null
2023-08-25T10:12:04Z,23.45,54.60,99,8,48.45,100.99,87.00,977.00,null,null,null
2023-08-25T10:13:04Z,23.49,54.37,99,9,50.84,100.99,89.00,987.00,null,null,null
2023-08-25T10:14:04Z,23.47,53.36,99,10,55.21,100.99,89.00,987.00,null,null,null
2023-08-25T10:15:04Z,23.49,54.53,99,10,50.27,100.99,92.00,1009.00,1,1,1
2023-08-25T10:16:04Z,23.50,54.36,99,10,49.91,100.99,89.00,987.00,null,null,null
2023-08-25T10:17:04Z,23.50,53.35,99,10,60.01,100.99,90.00,997.00,null,null,null
2023-08-25T10:18:04Z,23.50,53.32,99,10,65.77,100.99,92.00,1009.00,null,null,null
2023-08-25T10:19:04Z,23.55,53.98,99,10,50.07,100.98,87.00,977.00,null,null,null
2023-08-25T10:20:04Z,23.55,54.31,99,10,49.30,100.99,87.00,977.00,1,1,1
2023-08-25T10:21:04Z,23.56,54.15,99,10,57.20,100.99,89.00,987.00,null,null,null
2023-08-25T10:22:04Z,23.55,54.09,99,10,49.54,100.98,90.00,997.00,null,null,null
2023-08-25T10:23:04Z,23.57,53.37,99,10,54.48,100.98,87.00,977.00,null,null,null
2023-08-25T10:24:04Z,23.56,53.48,99,10,49.02,100.98,87.00,977.00,null,null,null
2023-08-25T10:25:04Z,23.57,52.89,99,10,45.17,100.99,89.00,990.00,6,7,7
2023-08-25T10:26:04Z,23.59,53.05,99,10,61.59,100.98,87.00,977.00,null,null,null
2023-08-25T10:27:04Z,23.60,52.53,99,10,53.63,100.98,89.00,990.00,null,null,null
2023-08-25T10:28:04Z,23.62,52.23,99,10,60.56,100.99,85.00,959.00,null,null,null
2023-08-25T10:29:04Z,23.60,52.19,99,10,46.31,100.99,83.00,949.00,null,null,null
2023-08-25T10:30:04Z,23.62,52.35,99,10,56.27,100.99,83.00,949.00,2,2,2
2023-08-25T10:31:04Z,23.59,52.86,99,10,53.80,100.98,77.00,909.00,null,null,null
2023-08-25T10:32:04Z,23.63,52.48,99,10,52.81,100.98,78.00,913.00,null,null,null
2023-08-25T10:33:04Z,23.62,51.52,99,9,52.62,100.98,73.00,885.00,null,null,null
2023-08-25T10:34:04Z,23.63,53.30,99,9,52.67,100.98,76.00,905.00,null,null,null
2023-08-25T10:35:04Z,23.62,52.97,99,9,51.40,100.98,70.00,865.00,1,1,1
2023-08-25T10:36:04Z,23.62,53.13,99,9,51.06,100.98,70.00,865.00,null,null,null
2023-08-25T10:37:04Z,23.63,52.97,99,9,48.59,100.98,74.00,889.00,null,null,null
2023-08-25T10:38:04Z,23.65,53.30,99,10,55.72,100.98,78.00,913.00,null,null,null
2023-08-25T10:39:04Z,23.65,52.57,99,10,49.75,100.97,78.00,915.00,null,null,null
2023-08-25T10:40:04Z,23.66,52.92,99,10,50.39,100.98,79.00,923.00,0,0,0
2023-08-25T10:41:04Z,23.65,53.35,99,10,47.10,100.98,81.00,935.00,null,null,null
2023-08-25T10:42:04Z,23.67,53.03,99,9,46.80,100.97,79.00,925.00,null,null,null
2023-08-25T10:43:04Z,23.67,51.62,99,11,57.76,100.97,81.00,935.00,null,null,null
2023-08-25T10:44:04Z,23.69,51.22,99,10,49.51,100.97,76.00,905.00,null,null,null
2023-08-25T10:45:04Z,23.67,52.89,99,10,56.75,100.97,78.00,918.00,3,3,3
2023-08-25T10:46:04Z,23.69,53.02,99,10,45.40,100.97,74.00,889.00,null,null,null
2023-08-25T10:47:04Z,23.70,52.77,99,10,53.34,100.97,78.00,913.00,null,null,null
2023-08-25T10:48:04Z,23.72,53.03,99,10,51.16,100.98,79.00,925.00,null,null,null
2023-08-25T10:49:04Z,23.67,52.20,99,10,46.09,100.98,76.00,900.00,null,null,null
2023-08-25T10:50:04Z,23.70,53.44,99,9,47.55,100.98,85.00,959.00,0,0,0
2023-08-25T10:51:04Z,23.72,53.49,99,9,48.42,100.97,78.00,915.00,null,null,null
2023-08-25T10:52:04Z,23.76,53.06,99,9,53.55,100.97,81.00,935.00,null,null,null
2023-08-25T10:53:04Z,23.73,53.01,99,9,46.55,100.97,74.00,887.00,null,null,null
2023-08-25T10:54:04Z,23.74,52.97,99,9,42.88,100.97,81.00,935.00,null,null,null
2023-08-25T10:55:04Z,23.73,51.10,99,9,49.57,100.97,79.00,925.00,0,0,0
2023-08-25T10:56:04Z,23.77,49.78,99,9,48.24,100.98,75.00,895.00,null,null,null
2023-08-25T10:57:04Z,23.76,49.40,99,10,54.80,100.97,62.00,810.00,null,null,null
2023-08-25T10:58:04Z,23.74,49.27,99,10,46.58,100.97,57.00,780.00,null,null,null
2023-08-25T10:59:04Z,23.76,48.53,99,10,42.46,100.98,59.00,793.00,null,null,null
2023-08-25T11:00:04Z,23.72,48.33,99,10,49.31,100.98,44.00,694.00,2,2,2
2023-08-25T11:01:04Z,23.74,48.89,99,10,54.77,100.98,48.00,719.00,null,null,null
2023-08-25T11:02:04Z,23.73,50.30,99,10,52.45,100.98,51.00,737.00,null,null,null
2023-08-25T11:03:04Z,23.74,50.58,99,10,47.26,100.98,45.00,700.00,null,null,null
2023-08-25T11:04:04Z,23.76,49.75,99,10,50.90,100.98,49.00,728.00,null,null,null
2023-08-25T11:05:04Z,23.73,49.60,99,10,47.92,100.98,41.00,674.00,0,3,3
2023-08-25T11:06:04Z,23.74,50.54,99,10,53.03,100.98,53.00,754.00,null,null,null
2023-08-25T11:07:04Z,23.72,50.41,99,10,50.14,100.98,51.00,735.00,null,null,null
2023-08-25T11:08:04Z,23.72,50.41,99,9,65.54,100.98,51.00,735.00,null,null,null
2023-08-25T11:09:04Z,23.73,50.43,99,9,44.65,100.98,49.00,728.00,null,null,null
2023-08-25T11:10:04Z,23.74,50.02,99,10,49.30,100.98,49.00,728.00,3,3,19
2023-08-25T11:11:04Z,23.72,50.71,99,10,51.24,100.98,51.00,735.00,null,null,null
2023-08-25T11:12:04Z,23.72,50.77,99,10,47.01,100.98,51.00,735.00,null,null,null
2023-08-25T11:13:04Z,23.72,50.78,99,10,46.88,100.98,51.00,735.00,null,null,null
2023-08-25T11:14:04Z,23.73,51.34,99,10,54.02,100.98,51.00,737.00,null,null,null
2023-08-25T11:15:04Z,23.74,49.84,99,10,49.10,100.97,47.00,714.00,0,1,13
2023-08-25T11:16:04Z,23.72,49.40,99,10,51.00,100.98,49.00,728.00,null,null,null
2023-08-25T11:17:04Z,23.72,48.95,99,10,49.27,100.98,48.00,717.00,null,null,null
2023-08-25T11:18:04Z,23.73,49.27,99,10,42.16,100.98,48.00,717.00,null,null,null
2023-08-25T11:19:04Z,23.73,50.41,99,10,42.43,100.98,41.00,675.00,null,null,null
2023-08-25T11:20:04Z,23.72,49.37,99,10,46.43,100.99,41.00,675.00,2,2,2
2023-08-25T11:21:04Z,23.73,49.52,99,10,47.44,100.99,41.00,675.00,null,null,null
2023-08-25T11:22:04Z,23.69,50.95,99,10,53.22,101.00,39.00,656.00,null,null,null
2023-08-25T11:23:04Z,23.69,46.97,99,9,52.55,101.01,37.00,643.00,null,null,null
2023-08-25T11:24:04Z,23.67,45.80,99,8,51.20,101.00,34.00,629.00,null,null,null
2023-08-25T11:25:04Z,23.69,45.84,99,9,45.75,101.00,27.00,581.00,1,1,1
2023-08-25T11:26:04Z,23.67,45.50,99,8,45.07,101.00,18.00,519.00,null,null,null
2023-08-25T11:27:04Z,23.66,46.11,99,8,47.34,100.99,15.00,500.00,null,null,null
2023-08-25T11:28:04Z,23.66,46.24,99,8,54.74,101.00,10.00,472.00,null,null,null
2023-08-25T11:29:04Z,23.63,46.15,99,7,46.76,100.99,9.00,465.00,null,null,null
2023-08-25T11:30:04Z,23.65,45.96,99,7,44.78,101.00,7.00,451.00,0,0,0
2023-08-25T11:31:04Z,23.62,45.35,99,7,54.07,101.00,3.00,422.00,null,null,null
2023-08-25T11:32:04Z,23.62,47.82,99,7,53.44,101.00,0.00,403.00,null,null,null
2023-08-25T11:33:04Z,23.62,47.86,99,7,55.10,101.00,0.00,400.00,null,null,null
2023-08-25T11:34:04Z,23.62,48.57,99,6,47.46,101.00,4.00,428.00,null,null,null
2023-08-25T11:35:04Z,23.60,49.27,99,7,45.97,101.00,6.00,444.00,2,2,2
2023-08-25T11:36:04Z,23.62,49.35,99,7,50.79,100.99,8.00,459.00,null,null,null
2023-08-25T11:37:04Z,23.62,49.86,99,6,45.30,100.99,13.00,491.00,null,null,null
2023-08-25T11:38:04Z,23.66,48.77,99,6,42.18,100.99,17.00,515.00,null,null,null
2023-08-25T11:39:04Z,23.62,50.65,99,6,44.95,100.98,22.00,546.00,null,null,null
2023-08-25T11:40:04Z,23.62,50.76,99,6,49.22,100.98,23.00,556.00,3,3,3
2023-08-25T11:41:04Z,23.65,50.11,99,6,54.47,100.98,26.00,572.00,null,null,null
2023-08-25T11:42:04Z,23.65,50.85,99,6,43.20,100.97,30.00,599.00,null,null,null
2023-08-25T11:43:04Z,23.66,51.29,99,6,53.01,100.97,33.00,623.00,null,null,null
2023-08-25T11:44:04Z,23.67,51.41,99,5,49.17,100.97,36.00,638.00,null,null,null
2023-08-25T11:45:04Z,23.70,51.61,99,5,43.84,100.97,38.00,652.00,2,2,17
2023-08-25T11:46:04Z,23.69,51.76,99,7,49.79,100.97,43.00,686.00,null,null,null
2023-08-25T11:47:04Z,23.67,51.89,99,5,49.46,100.97,44.00,694.00,null,null,null
2023-08-25T11:48:04Z,23.69,51.61,99,6,51.55,100.97,46.00,702.00,null,null,null
2023-08-25T11:49:04Z,23.72,51.70,99,6,45.04,100.97,50.00,732.00,null,null,null
2023-08-25T11:50:04Z,23.72,51.92,99,4,48.00,100.97,51.00,740.00,2,2,2
2023-08-25T11:51:04Z,23.70,52.08,99,4,55.13,100.97,51.00,740.00,null,null,null
2023-08-25T11:52:04Z,23.73,52.37,99,4,52.37,100.96,54.00,761.00,null,null,null
2023-08-25T11:53:04Z,23.73,52.51,99,3,49.30,100.96,54.00,761.00,null,null,null
2023-08-25T11:54:04Z,23.74,52.69,99,3,57.00,100.97,59.00,793.00,null,null,null
2023-08-25T11:55:04Z,23.73,52.80,99,3,48.26,100.97,61.00,802.00,0,0,0
2023-08-25T11:56:04Z,23.76,52.80,99,3,43.54,100.97,59.00,793.00,null,null,null
2023-08-25T11:57:04Z,23.79,52.72,99,3,49.50,100.97,53.00,749.00,null,null,null
2023-08-25T11:58:04Z,23.76,52.48,99,3,46.45,100.97,54.00,759.00,null,null,null
2023-08-25T11:59:04Z,23.76,52.41,99,3,44.40,100.97,54.00,759.00,null,null,null
2023-08-25T12:00:04Z,23.79,52.92,99,3,52.37,100.96,54.00,759.00,0,0,0
2023-08-25T12:01:04Z,23.80,53.02,99,3,61.63,100.96,56.00,768.00,null,null,null
2023-08-25T12:02:04Z,23.80,53.31,99,3,41.01,100.96,57.00,778.00,null,null,null
2023-08-25T12:03:04Z,23.80,53.43,99,3,42.99,100.96,57.00,778.00,null,null,null
2023-08-25T12:04:04Z,23.81,53.56,99,3,48.79,100.96,57.00,778.00,null,null,null
2023-08-25T12:05:04Z,23.84,53.64,99,3,42.46,100.96,60.00,800.00,1,3,3
2023-08-25T12:06:04Z,23.84,53.70,99,3,47.90,100.96,60.00,800.00,null,null,null
2023-08-25T12:07:04Z,23.83,53.85,99,3,59.96,100.96,60.00,800.00,null,null,null
2023-08-25T12:08:04Z,23.84,54.08,99,3,70.10,100.96,61.00,804.00,null,null,null
2023-08-25T12:09:04Z,23.83,54.27,99,3,64.25,100.96,64.00,825.00,null,null,null
2023-08-25T12:10:04Z,23.88,54.28,99,3,58.10,100.95,61.00,804.00,0,1,1
2023-08-25T12:11:04Z,23.90,54.25,99,3,51.57,100.96,65.00,827.00,null,null,null
2023-08-25T12:12:04Z,23.87,54.28,99,3,47.42,100.96,65.00,827.00,null,null,null
2023-08-25T12:13:04Z,23.90,54.33,99,3,48.25,100.96,63.00,815.00,null,null,null
2023-08-25T12:14:04Z,23.91,54.40,99,4,51.92,100.96,65.00,827.00,null,null,null
2023-08-25T12:15:04Z,23.90,54.57,99,6,52.03,100.96,66.00,836.00,4,5,5
2023-08-25T12:16:04Z,23.93,54.60,99,5,55.55,100.96,67.00,846.00,null,null,null
2023-08-25T12:17:04Z,23.94,54.38,99,6,60.35,100.96,67.00,846.00,null,null,null
2023-08-25T12:18:04Z,23.93,54.82,99,4,51.36,100.95,66.00,836.00,null,null,null
2023-08-25T12:19:04Z,23.96,54.94,99,6,54.94,100.95,68.00,851.00,null,null,null
2023-08-25T12:20:04Z,23.93,55.04,99,5,43.49,100.95,70.00,865.00,4,6,6
2023-08-25T12:21:04Z,23.98,55.10,99,5,45.70,100.95,68.00,851.00,null,null,null
2023-08-25T12:22:04Z,23.98,54.88,99,5,44.92,100.96,70.00,865.00,null,null,null
2023-08-25T12:23:04Z,24.00,54.70,99,5,48.56,100.97,68.00,851.00,null,null,null
2023-08-25T12:24:04Z,23.98,54.94,99,5,51.07,100.96,70.00,863.00,null,null,null
2023-08-25T12:25:04Z,24.00,54.92,99,6,49.09,100.96,70.00,865.00,1,1,1
2023-08-25T12:26:04Z,24.03,54.95,99,5,58.92,100.96,68.00,851.00,null,null,null
2023-08-25T12:27:04Z,24.01,54.73,99,5,43.48,100.96,68.00,851.00,null,null,null
2023-08-25T12:28:04Z,24.03,54.79,99,4,53.68,100.96,70.00,865.00,null,null,null
2023-08-25T12:29:04Z,24.04,53.66,99,6,53.90,100.96,72.00,874.00,null,null,null
2023-08-25T12:30:04Z,24.03,54.27,99,6,53.66,100.96,76.00,905.00,0,0,0
2023-08-25T12:31:04Z,24.04,54.48,99,6,48.21,100.96,70.00,863.00,null,null,null
2023-08-25T12:32:04Z,24.04,54.53,99,6,47.75,100.96,70.00,863.00,null,null,null
2023-08-25T12:33:04Z,24.06,54.54,99,6,46.84,100.97,70.00,863.00,null,null,null
2023-08-25T12:34:04Z,24.06,54.57,99,4,42.98,100.97,73.00,885.00,null,null,null
2023-08-25T12:35:04Z,24.04,54.63,99,4,48.03,100.97,73.00,885.00,1,1,1
2023-08-25T12:36:04Z,24.08,54.68,99,4,48.14,100.97,73.00,885.00,null,null,null
2023-08-25T12:37:04Z,24.10,54.65,99,4,51.55,100.97,75.00,895.00,null,null,null
2023-08-25T12:38:04Z,24.10,54.73,99,4,49.37,100.97,75.00,895.00,null,null,null
2023-08-25T12:39:04Z,24.08,54.58,99,6,47.26,100.97,73.00,885.00,null,null,null
2023-08-25T12:40:04Z,24.11,54.65,99,7,55.26,100.97,78.00,913.00,1,1,1
2023-08-25T12:41:04Z,24.11,54.61,99,5,43.94,100.97,72.00,874.00,null,null,null
2023-08-25T12:42:04Z,24.13,54.64,99,6,49.62,100.97,73.00,885.00,null,null,null
2023-08-25T12:43:04Z,24.11,54.03,99,7,47.98,100.97,75.00,895.00,null,null,null
2023-08-25T12:44:04Z,24.11,54.60,99,6,49.04,100.97,75.00,895.00,null,null,null
2023-08-25T12:45:04Z,24.13,54.28,99,4,48.36,100.98,75.00,895.00,2,3,3
2023-08-25T12:46:04Z,24.16,54.64,99,6,54.73,100.98,72.00,874.00,null,null,null
2023-08-25T12:47:04Z,24.13,54.65,99,5,51.38,100.98,73.00,885.00,null,null,null
2023-08-25T12:48:04Z,24.14,54.75,99,3,51.04,100.97,78.00,913.00,null,null,null
2023-08-25T12:49:04Z,24.14,54.81,99,6,51.83,100.98,73.00,885.00,null,null,null
2023-08-25T12:50:04Z,24.13,54.83,99,5,48.74,100.98,76.00,902.00,4,4,4
2023-08-25T12:51:04Z,24.16,54.93,99,5,50.09,100.98,76.00,902.00,null,null,null
2023-08-25T12:52:04Z,24.16,54.79,99,5,42.90,100.98,79.00,923.00,null,null,null
2023-08-25T12:53:04Z,24.18,54.68,99,3,54.61,100.98,76.00,902.00,null,null,null
2023-08-25T12:54:04Z,24.18,54.73,99,3,51.74,100.98,79.00,923.00,null,null,null
2023-08-25T12:55:04Z,24.20,54.67,99,5,50.25,100.98,79.00,923.00,0,0,0
2023-08-25T12:56:04Z,24.20,54.32,99,6,43.86,100.97,79.00,923.00,null,null,null
2023-08-25T12:57:04Z,24.20,53.77,99,7,49.81,100.97,78.00,913.00,null,null,null
2023-08-25T12:58:04Z,24.20,53.47,99,7,48.28,100.97,76.00,905.00,null,null,null
2023-08-25T12:59:04Z,24.20,54.20,99,7,52.61,100.97,78.00,915.00,null,null,null
2023-08-25T13:00:04Z,24.20,53.91,99,6,59.37,100.97,73.00,885.00,1,1,1
2023-08-25T13:01:04Z,24.21,53.23,99,7,57.58,100.97,76.00,905.00,null,null,null
2023-08-25T13:02:04Z,24.23,53.27,99,7,59.07,100.97,76.00,905.00,null,null,null
2023-08-25T13:03:04Z,24.23,53.89,99,5,52.97,100.96,76.00,905.00,null,null,null
2023-08-25T13:04:04Z,24.21,53.59,99,5,46.20,100.97,75.00,895.00,null,null,null
2023-08-25T13:05:04Z,24.20,53.51,99,6,51.72,100.96,71.00,868.00,1,2,2
2023-08-25T13:06:04Z,24.21,53.48,99,6,52.18,100.96,75.00,895.00,null,null,null
2023-08-25T13:07:04Z,24.24,53.36,99,4,58.40,100.97,71.00,868.00,null,null,null
2023-08-25T13:08:04Z,24.20,53.14,99,4,48.06,100.97,73.00,882.00,null,null,null
2023-08-25T13:09:04Z,24.21,53.62,99,4,61.63,100.97,74.00,891.00,null,null,null
2023-08-25T13:10:04Z,24.21,53.46,99,4,53.40,100.97,71.00,868.00,1,2,2
2023-08-25T13:11:04Z,24.23,53.45,99,6,56.05,100.96,73.00,882.00,null,null,null
2023-08-25T13:12:04Z,24.21,52.34,99,6,58.78,100.96,71.00,868.00,null,null,null
2023-08-25T13:13:04Z,24.23,52.54,99,6,55.67,100.96,74.00,887.00,null,null,null
2023-08-25T13:14:04Z,24.20,53.27,99,6,51.07,100.96,71.00,868.00,null,null,null
2023-08-25T13:15:04Z,24.21,52.92,99,7,48.37,100.96,69.00,855.00,5,13,13
2023-08-25T13:16:04Z,24.21,53.09,99,5,55.82,100.97,71.00,868.00,null,null,null
2023-08-25T13:17:04Z,24.21,52.83,99,4,47.41,100.96,67.00,844.00,null,null,null
2023-08-25T13:18:04Z,24.23,50.97,99,4,50.79,100.96,67.00,844.00,null,null,null
2023-08-25T13:19:04Z,24.21,52.66,99,4,45.21,100.96,70.00,865.00,null,null,null
2023-08-25T13:20:04Z,24.21,52.89,99,5,61.29,100.96,67.00,840.00,10,13,13
2023-08-25T13:21:04Z,24.20,52.83,99,6,62.08,100.95,67.00,844.00,null,null,null
2023-08-25T13:22:04Z,24.18,50.50,99,4,44.86,100.95,62.00,808.00,null,null,null
2023-08-25T13:23:04Z,24.20,50.96,99,5,62.70,100.95,68.00,848.00,null,null,null
2023-08-25T13:24:04Z,24.20,50.42,99,5,56.22,100.95,60.00,798.00,null,null,null
2023-08-25T13:25:04Z,24.17,50.29,99,4,45.50,100.95,58.00,783.00,9,11,11
2023-08-25T13:26:04Z,24.17,51.76,99,5,48.26,100.95,60.00,798.00,null,null,null
2023-08-25T13:27:04Z,24.14,52.09,99,6,49.14,100.95,58.00,785.00,null,null,null
2023-08-25T13:28:04Z,24.14,51.66,99,6,47.37,100.94,56.00,768.00,null,null,null
2023-08-25T13:29:04Z,24.16,51.58,99,6,47.90,100.95,60.00,795.00,null,null,null
2023-08-25T13:30:04Z,24.13,51.47,99,6,52.41,100.94,58.00,785.00,4,16,16
2023-08-25T13:31:04Z,24.16,52.01,99,7,58.33,100.94,60.00,795.00,null,null,null
2023-08-25T13:32:04Z,24.16,52.59,99,7,43.80,100.94,61.00,806.00,null,null,null
2023-08-25T13:33:04Z,24.16,52.16,99,7,51.37,100.94,58.00,787.00,null,null,null
2023-08-25T13:34:04Z,24.13,52.53,99,6,52.56,100.94,60.00,798.00,null,null,null
2023-08-25T13:35:04Z,24.16,52.68,99,6,45.53,100.94,60.00,798.00,13,19,19
2023-08-25T13:36:04Z,24.17,52.76,99,6,52.96,100.94,60.00,798.00,null,null,null
2023-08-25T13:37:04Z,24.16,51.65,99,7,52.39,100.94,62.00,808.00,null,null,null
2023-08-25T13:38:04Z,24.17,52.71,99,7,49.76,100.94,65.00,827.00,null,null,null
2023-08-25T13:39:04Z,24.18,52.92,99,7,56.83,100.94,65.00,832.00,null,null,null
2023-08-25T13:40:04Z,24.18,52.32,99,7,55.08,100.94,62.00,808.00,6,7,7
2023-08-25T13:41:04Z,24.21,52.71,99,7,45.65,100.94,67.00,840.00,null,null,null
2023-08-25T13:42:04Z,24.20,52.67,99,7,61.08,100.94,67.00,840.00,null,null,null
2023-08-25T13:43:04Z,24.18,52.48,99,6,48.87,100.94,67.00,840.00,null,null,null
2023-08-25T13:44:04Z,24.20,52.12,99,6,44.70,100.94,67.00,840.00,null,null,null
2023-08-25T13:45:04Z,24.18,52.07,99,7,60.79,100.94,68.00,851.00,14,17,28
2023-08-25T13:46:04Z,24.20,52.00,99,6,59.81,100.94,67.00,840.00,null,null,null
2023-08-25T13:47:04Z,24.20,51.77,99,6,51.65,100.93,67.00,840.00,null,null,null
2023-08-25T13:48:04Z,24.20,52.34,99,6,64.86,100.93,67.00,840.00,null,null,null
2023-08-25T13:49:04Z,24.20,52.14,99,6,53.31,100.93,67.00,840.00,null,null,null
2023-08-25T13:50:04Z,24.18,52.02,99,6,57.97,100.93,68.00,851.00,9,13,13
2023-08-25T13:51:04Z,24.23,51.22,99,6,53.55,100.93,67.00,840.00,null,null,null
2023-08-25T13:52:04Z,24.21,51.90,99,6,47.34,100.93,72.00,874.00,null,null,null
2023-08-25T13:53:04Z,24.24,52.22,99,7,43.69,100.93,68.00,851.00,null,null,null
2023-08-25T13:54:04Z,24.23,52.33,99,6,49.19,100.92,70.00,865.00,null,null,null
2023-08-25T13:55:04Z,24.24,52.29,99,7,46.78,100.93,71.00,868.00,9,12,12
2023-08-25T13:56:04Z,24.25,52.12,99,7,52.35,100.93,69.00,853.00,null,null,null
2023-08-25T13:57:04Z,24.23,51.36,99,6,48.33,100.93,59.00,793.00,null,null,null
2023-08-25T13:58:04Z,24.24,50.99,99,6,46.11,100.93,72.00,874.00,null,null,null
2023-08-25T13:59:04Z,24.24,51.53,99,6,49.46,100.93,70.00,865.00,null,null,null
2023-08-25T14:00:04Z,24.23,50.54,99,6,54.44,100.93,68.00,851.00,4,4,4
2023-08-25T14:01:04Z,24.23,49.99,99,6,53.93,100.93,63.00,815.00,null,null,null
2023-08-25T14:02:04Z,24.24,49.49,99,6,47.08,100.93,61.00,806.00,null,null,null
2023-08-25T14:03:04Z,24.21,48.54,99,6,47.54,100.92,58.00,785.00,null,null,null
2023-08-25T14:04:04Z,24.21,47.29,99,6,50.58,100.93,49.00,728.00,null,null,null
2023-08-25T14:05:04Z,24.18,46.95,99,6,48.73,100.93,40.00,666.00,0,0,0
2023-08-25T14:06:04Z,24.18,47.31,99,4,51.20,100.93,29.00,596.00,null,null,null
2023-08-25T14:07:04Z,24.20,46.75,99,4,55.27,100.93,25.00,569.00,null,null,null
2023-08-25T14:08:04Z,24.17,46.55,99,4,50.58,100.93,23.00,555.00,null,null,null
2023-08-25T14:09:04Z,24.13,45.86,99,4,43.96,100.92,15.00,503.00,null,null,null
2023-08-25T14:10:04Z,24.14,45.59,99,4,47.34,100.93,10.00,466.00,0,0,0
2023-08-25T14:11:04Z,24.13,45.41,99,4,46.28,100.93,2.00,415.00,null,null,null
2023-08-25T14:12:04Z,24.11,45.21,99,4,44.37,100.92,0.00,400.00,null,null,null
2023-08-25T14:13:04Z,24.10,46.42,99,6,47.46,100.92,0.00,400.00,null,null,null
2023-08-25T14:14:04Z,24.08,46.70,99,6,54.77,100.93,0.00,400.00,null,null,null
2023-08-25T14:15:04Z,24.06,46.97,99,7,50.75,100.93,1.00,408.00,1,1,1
2023-08-25T14:16:04Z,24.08,47.21,99,5,49.33,100.92,1.00,408.00,null,null,null
2023-08-25T14:17:04Z,24.08,47.64,99,6,46.74,100.93,1.00,411.00,null,null,null
2023-08-25T14:18:04Z,24.08,47.61,99,6,50.64,100.92,2.00,414.00,null,null,null
2023-08-25T14:19:04Z,24.07,47.42,99,5,49.32,100.92,3.00,425.00,null,null,null
2023-08-25T14:20:04Z,24.04,47.83,99,5,48.62,100.92,3.00,425.00,5,5,5
2023-08-25T14:21:04Z,24.04,48.35,99,6,47.57,100.92,1.00,413.00,null,null,null
2023-08-25T14:22:04Z,24.04,48.31,99,6,49.09,100.93,2.00,417.00,null,null,null
2023-08-25T14:23:04Z,24.01,48.34,99,6,56.14,100.92,5.00,438.00,null,null,null
2023-08-25T14:24:04Z,24.04,48.63,99,6,44.83,100.92,5.00,433.00,null,null,null
2023-08-25T14:25:04Z,24.00,47.92,99,7,62.60,100.92,7.00,446.00,3,5,5
2023-08-25T14:26:04Z,24.01,48.01,99,7,63.02,100.91,7.00,446.00,null,null,null
2023-08-25T14:27:04Z,23.98,48.59,99,8,62.43,100.90,7.00,451.00,null,null,null
2023-08-25T14:28:04Z,24.00,49.16,99,7,57.36,100.91,7.00,451.00,null,null,null
2023-08-25T14:29:04Z,23.98,49.32,99,7,50.89,100.91,8.00,459.00,null,null,null
2023-08-25T14:30:04Z,23.97,49.50,99,6,45.44,100.90,8.00,454.00,2,2,2
2023-08-25T14:31:04Z,23.96,49.45,99,6,61.26,100.91,9.00,464.00,null,null,null
2023-08-25T14:32:04Z,23.96,49.31,99,7,47.49,100.90,9.00,460.00,null,null,null
2023-08-25T14:33:04Z,23.97,49.39,99,6,56.19,100.90,11.00,476.00,null,null,null
2023-08-25T14:34:04Z,23.97,49.75,99,6,61.96,100.90,13.00,487.00,null,null,null
2023-08-25T14:35:04Z,23.98,49.03,99,7,55.04,100.90,12.00,485.00,5,5,5
2023-08-25T14:36:04Z,24.00,49.39,99,6,43.70,100.89,14.00,497.00,null,null,null
2023-08-25T14:37:04Z,23.97,49.32,99,6,49.18,100.89,13.00,487.00,null,null,null
2023-08-25T14:38:04Z,23.97,49.34,99,6,58.58,100.89,12.00,482.00,null,null,null
2023-08-25T14:39:04Z,23.97,49.05,99,7,61.09,100.89,13.00,487.00,null,null,null
2023-08-25T14:40:04Z,23.97,49.06,99,6,46.93,100.89,13.00,487.00,1,1,1
2023-08-25T14:41:04Z,23.96,48.35,99,6,62.60,100.90,13.00,487.00,null,null,null
2023-08-25T14:42:04Z,23.96,49.21,99,6,45.98,100.89,13.00,487.00,null,null,null
2023-08-25T14:43:04Z,23.96,48.79,99,6,54.44,100.89,11.00,476.00,null,null,null
2023-08-25T14:44:04Z,23.94,49.05,99,6,48.39,100.88,10.00,472.00,null,null,null
2023-08-25T14:45:04Z,23.97,49.21,99,6,58.59,100.89,11.00,476.00,2,2,2
2023-08-25T14:46:04Z,23.93,49.16,99,6,46.68,100.89,9.00,464.00,null,null,null
2023-08-25T14:47:04Z,23.94,49.10,99,7,53.30,100.88,12.00,481.00,null,null,null
2023-08-25T14:48:04Z,23.97,49.10,99,6,51.63,100.88,12.00,481.00,null,null,null
2023-08-25T14:49:04Z,23.97,49.29,99,6,52.30,100.88,11.00,476.00,null,null,null
2023-08-25T14:50:04Z,23.94,49.38,99,6,55.43,100.88,12.00,482.00,4,4,4
2023-08-25T14:51:04Z,23.96,49.24,99,5,44.18,100.88,11.00,476.00,null,null,null
2023-08-25T14:52:04Z,23.96,49.24,99,5,49.97,100.88,13.00,487.00,null,null,null
2023-08-25T14:53:04Z,23.98,49.31,99,5,53.01,100.88,15.00,502.00,null,null,null
2023-08-25T14:54:04Z,23.93,48.95,99,6,49.39,100.88,14.00,492.00,null,null,null
2023-08-25T14:55:04Z,23.97,49.12,99,4,51.69,100.88,14.00,493.00,7,7,7
2023-08-25T14:56:04Z,23.98,48.94,99,4,64.97,100.88,13.00,487.00,null,null,null
2023-08-25T14:57:04Z,23.96,48.58,99,6,49.74,100.88,12.00,481.00,null,null,null
2023-08-25T14:58:04Z,23.96,48.57,99,7,52.00,100.88,13.00,487.00,null,null,null
2023-08-25T14:59:04Z,23.96,48.38,99,6,44.66,100.88,9.00,464.00,null,null,null
2023-08-25T15:00:04Z,23.98,49.59,99,4,47.94,100.87,11.00,478.00,7,8,8
2023-08-25T15:01:04Z,23.94,50.31,99,4,50.70,100.87,12.00,482.00,null,null,null
2023-08-25T15:02:04Z,23.97,47.76,99,4,41.85,100.87,6.00,443.00,null,null,null
2023-08-25T15:03:04Z,23.93,46.62,99,3,48.65,100.87,6.00,443.00,null,null,null
2023-08-25T15:04:04Z,23.93,46.27,99,4,51.23,100.88,3.00,422.00,null,null,null
2023-08-25T15:05:04Z,23.90,46.93,99,4,45.17,100.87,0.00,400.00,1,1,1
2023-08-25T15:06:04Z,23.91,46.69,99,6,52.77,100.87,0.00,400.00,null,null,null
2023-08-25T15:07:04Z,23.94,46.70,99,6,52.44,100.87,0.00,400.00,null,null,null
2023-08-25T15:08:04Z,23.91,46.42,99,7,49.03,100.87,0.00,400.00,null,null,null
2023-08-25T15:09:04Z,23.93,46.75,99,7,45.67,100.87,0.00,400.00,null,null,null
2023-08-25T15:10:04Z,23.93,46.84,99,5,49.03,100.87,0.00,400.00,2,5,5
2023-08-25T15:11:04Z,23.91,46.48,99,5,45.44,100.87,0.00,400.00,null,null,null
2023-08-25T15:12:04Z,23.91,46.35,99,5,50.17,100.87,0.00,400.00,null,null,null
2023-08-25T15:13:04Z,23.90,46.13,99,5,46.69,100.87,0.00,400.00,null,null,null
2023-08-25T15:14:04Z,23.88,46.55,99,7,50.30,100.87,0.00,400.00,null,null,null
2023-08-25T15:15:04Z,23.90,46.51,99,6,49.28,100.87,0.00,400.00,1,1,1
2023-08-25T15:16:04Z,23.93,46.64,99,7,47.84,100.86,0.00,400.00,null,null,null
2023-08-25T15:17:04Z,23.88,46.69,99,6,49.09,100.86,0.00,400.00,null,null,null
2023-08-25T15:18:04Z,23.88,47.08,99,4,51.69,100.86,0.00,400.00,null,null,null
2023-08-25T15:19:04Z,23.87,47.16,99,4,48.71,100.86,0.00,400.00,null,null,null
2023-08-25T15:20:04Z,23.87,47.34,99,4,51.72,100.86,1.00,411.00,1,1,1
2023-08-25T15:21:04Z,23.86,47.18,99,4,49.60,100.86,1.00,407.00,null,null,null
2023-08-25T15:22:04Z,23.84,46.75,99,6,40.89,100.85,0.00,402.00,null,null,null
2023-08-25T15:23:04Z,23.86,46.72,99,5,43.05,100.85,0.00,400.00,null,null,null
2023-08-25T15:24:04Z,23.84,46.73,99,4,47.04,100.85,0.00,400.00,null,null,null
2023-08-25T15:25:04Z,23.84,46.97,99,6,42.36,100.85,0.00,400.00,2,2,2
2023-08-25T15:26:04Z,23.84,46.88,99,6,47.29,100.85,0.00,400.00,null,null,null
2023-08-25T15:27:04Z,23.86,47.02,99,4,51.43,100.84,0.00,400.00,null,null,null
2023-08-25T15:28:04Z,23.84,47.08,99,4,56.52,100.84,0.00,400.00,null,null,null
2023-08-25T15:29:04Z,23.81,47.07,99,4,50.72,100.84,0.00,403.00,null,null,null
2023-08-25T15:30:04Z,23.84,47.37,99,4,52.41,100.83,0.00,403.00,2,3,3
2023-08-25T15:31:04Z,23.81,47.44,99,4,50.28,100.83,2.00,418.00,null,null,null
2023-08-25T15:32:04Z,23.83,47.40,99,4,50.48,100.84,5.00,435.00,null,null,null
2023-08-25T15:33:04Z,23.81,47.14,99,4,46.11,100.84,5.00,435.00,null,null,null
2023-08-25T15:34:04Z,23.81,47.40,99,6,46.14,100.84,4.00,428.00,null,null,null
2023-08-25T15:35:04Z,23.81,47.30,99,4,47.70,100.84,5.00,435.00,1,1,1
2023-08-25T15:36:04Z,23.80,47.68,99,4,46.87,100.84,6.00,443.00,null,null,null
2023-08-25T15:37:04Z,23.83,47.71,99,6,64.27,100.84,8.00,459.00,null,null,null
2023-08-25T15:38:04Z,23.81,48.04,99,6,40.86,100.84,8.00,459.00,null,null,null
2023-08-25T15:39:04Z,23.80,48.13,99,5,51.04,100.83,7.00,452.00,null,null,null
2023-08-25T15:40:04Z,23.80,48.62,99,5,59.39,100.83,7.00,448.00,1,1,1
2023-08-25T15:41:04Z,23.80,48.55,99,5,42.66,100.83,7.00,447.00,null,null,null
2023-08-25T15:42:04Z,23.81,49.22,99,5,47.35,100.83,7.00,452.00,null,null,null
2023-08-25T15:43:04Z,23.81,49.52,99,5,49.21,100.83,7.00,446.00,null,null,null
2023-08-25T15:44:04Z,23.80,49.73,99,6,43.92,100.83,6.00,442.00,null,null,null
2023-08-25T15:45:04Z,23.77,48.92,99,6,45.66,100.83,5.00,433.00,2,2,2
2023-08-25T15:46:04Z,23.77,48.35,99,6,50.09,100.83,3.00,421.00,null,null,null
2023-08-25T15:47:04Z,23.77,48.37,99,6,46.39,100.84,0.00,403.00,null,null,null
2023-08-25T15:48:04Z,23.74,48.36,99,5,53.23,100.83,0.00,400.00,null,null,null
2023-08-25T15:49:04Z,23.73,48.39,99,5,47.76,100.83,2.00,418.00,null,null,null
2023-08-25T15:50:04Z,23.74,48.48,99,6,53.51,100.83,1.00,410.00,0,1,1
2023-08-25T15:51:04Z,23.73,48.71,99,6,43.67,100.83,0.00,402.00,null,null,null
2023-08-25T15:52:04Z,23.74,48.90,99,6,52.56,100.84,1.00,407.00,null,null,null
2023-08-25T15:53:04Z,23.72,49.17,99,6,46.03,100.83,0.00,401.00,null,null,null
2023-08-25T15:54:04Z,23.72,49.09,99,6,50.21,100.83,0.00,401.00,null,null,null
2023-08-25T15:55:04Z,23.70,48.92,99,6,47.85,100.84,1.00,413.00,3,3,3
2023-08-25T15:56:04Z,23.72,49.25,99,6,51.81,100.83,3.00,423.00,null,null,null
2023-08-25T15:57:04Z,23.72,49.83,99,5,48.46,100.83,5.00,435.00,null,null,null
2023-08-25T15:58:04Z,23.72,50.13,99,6,55.13,100.83,6.00,443.00,null,null,null
2023-08-25T15:59:04Z,23.72,49.99,99,6,56.81,100.83,7.00,446.00,null,null,null
2023-08-25T16:00:04Z,23.70,50.11,99,6,50.26,100.83,8.00,454.00,1,4,4
2023-08-25T16:01:04Z,23.67,50.62,99,5,50.41,100.83,9.00,465.00,null,null,null
2023-08-25T16:02:04Z,23.67,50.19,99,6,51.49,100.81,13.00,488.00,null,null,null
2023-08-25T16:03:04Z,23.72,49.71,99,6,49.95,100.82,17.00,517.00,null,null,null
2023-08-25T16:04:04Z,23.70,50.02,99,4,60.86,100.82,22.00,549.00,null,null,null
2023-08-25T16:05:04Z,23.69,50.45,99,4,49.97,100.82,27.00,578.00,1,1,1
2023-08-25T16:06:04Z,23.70,50.87,99,4,46.03,100.82,30.00,600.00,null,null,null
2023-08-25T16:07:04Z,23.69,50.90,99,4,45.38,100.82,34.00,626.00,null,null,null
2023-08-25T16:08:04Z,23.70,51.41,99,5,49.72,100.82,36.00,637.00,null,null,null
2023-08-25T16:09:04Z,23.69,50.55,99,5,46.10,100.82,35.00,634.00,null,null,null
2023-08-25T16:10:04Z,23.70,50.19,99,5,44.08,100.82,39.00,657.00,0,0,0
2023-08-25T16:11:04Z,23.70,50.20,99,6,46.78,100.82,39.00,657.00,null,null,null
2023-08-25T16:12:04Z,23.67,49.84,99,4,46.46,100.82,38.00,650.00,null,null,null
2023-08-25T16:13:04Z,23.66,49.84,99,3,55.83,100.82,36.00,640.00,null,null,null
2023-08-25T16:14:04Z,23.69,49.82,99,3,52.14,100.82,35.00,634.00,null,null,null
2023-08-25T16:15:04Z,23.67,49.42,99,5,48.66,100.82,32.00,614.00,0,1,1
2023-08-25T16:16:04Z,23.67,49.33,99,5,45.12,100.82,30.00,602.00,null,null,null
2023-08-25T16:17:04Z,23.66,49.61,99,5,42.87,100.81,28.00,588.00,null,null,null
2023-08-25T16:18:04Z,23.66,49.37,99,5,53.10,100.82,25.00,569.00,null,null,null
2023-08-25T16:19:04Z,23.65,48.79,99,5,49.83,100.82,21.00,542.00,null,null,null
2023-08-25T16:20:04Z,23.65,48.86,99,5,48.29,100.82,19.00,526.00,1,1,1
2023-08-25T16:21:04Z,23.63,49.00,99,3,48.74,100.81,19.00,526.00,null,null,null
2023-08-25T16:22:04Z,23.63,49.01,99,3,48.48,100.81,15.00,502.00,null,null,null
2023-08-25T16:23:04Z,23.65,49.30,99,3,44.92,100.81,14.00,493.00,null,null,null
2023-08-25T16:24:04Z,23.62,49.86,99,3,62.72,100.81,12.00,482.00,null,null,null
2023-08-25T16:25:04Z,23.63,48.83,99,3,49.55,100.81,11.00,473.00,1,1,1
2023-08-25T16:26:04Z,23.60,49.13,99,4,51.45,100.82,9.00,464.00,null,null,null
2023-08-25T16:27:04Z,23.62,49.74,99,4,45.22,100.82,10.00,472.00,null,null,null
2023-08-25T16:28:04Z,23.62,49.83,99,3,46.43,100.82,11.00,475.00,null,null,null
2023-08-25T16:29:04Z,23.59,50.11,99,6,44.49,100.81,12.00,481.00,null,null,null
2023-08-25T16:30:04Z,23.60,50.34,99,5,50.75,100.81,12.00,485.00,3,3,3
2023-08-25T16:31:04Z,23.59,50.47,99,3,56.63,100.81,13.00,488.00,null,null,null
2023-08-25T16:32:04Z,23.63,50.20,99,3,44.72,100.82,15.00,500.00,null,null,null
2023-08-25T16:33:04Z,23.60,49.55,99,3,43.31,100.82,14.00,497.00,null,null,null
2023-08-25T16:34:04Z,23.59,49.64,99,3,53.77,100.81,12.00,480.00,null,null,null
2023-08-25T16:35:04Z,23.56,49.83,99,3,58.48,100.81,11.00,475.00,0,0,0
2023-08-25T16:36:04Z,23.56,49.42,99,3,56.03,100.82,8.00,454.00,null,null,null
2023-08-25T16:37:04Z,23.56,50.23,99,3,49.01,100.81,11.00,475.00,null,null,null
2023-08-25T16:38:04Z,23.57,49.78,99,3,55.50,100.81,11.00,473.00,null,null,null
2023-08-25T16:39:04Z,23.59,49.89,99,3,49.78,100.81,8.00,459.00,null,null,null
2023-08-25T16:40:04Z,23.55,50.09,99,3,52.68,100.81,8.00,459.00,0,0,0
2023-08-25T16:41:04Z,23.55,50.60,99,5,57.10,100.82,8.00,459.00,null,null,null
2023-08-25T16:42:04Z,23.53,50.36,99,5,55.73,100.81,9.00,461.00,null,null,null
2023-08-25T16:43:04Z,23.52,50.46,99,5,53.30,100.82,9.00,465.00,null,null,null
2023-08-25T16:44:04Z,23.55,50.80,99,3,56.31,100.81,11.00,476.00,null,null,null
2023-08-25T16:45:04Z,23.52,50.30,99,3,50.25,100.81,12.00,480.00,1,1,1
2023-08-25T16:46:04Z,23.52,50.76,99,3,44.41,100.82,13.00,488.00,null,null,null
2023-08-25T16:47:04Z,23.49,50.27,99,3,53.48,100.81,12.00,483.00,null,null,null
2023-08-25T16:48:04Z,23.49,50.29,99,3,53.87,100.81,11.00,476.00,null,null,null
2023-08-25T16:49:04Z,23.52,49.47,99,3,59.71,100.81,8.00,454.00,null,null,null
2023-08-25T16:50:04Z,23.46,49.34,99,3,52.80,100.82,5.00,439.00,3,4,4
2023-08-25T16:51:04Z,23.46,49.37,99,3,50.73,100.82,2.00,414.00,null,null,null
2023-08-25T16:52:04Z,23.43,49.96,99,3,47.86,100.82,0.00,400.00,null,null,null
2023-08-25T16:53:04Z,23.43,49.97,99,3,55.92,100.82,0.00,400.00,null,null,null
2023-08-25T16:54:04Z,23.45,50.38,99,3,59.18,100.82,0.00,400.00,null,null,null
2023-08-25T16:55:04Z,23.42,50.19,99,3,56.33,100.82,0.00,402.00,0,0,0
2023-08-25T16:56:04Z,23.39,50.20,99,2,60.10,100.81,0.00,400.00,null,null,null
2023-08-25T16:57:04Z,23.42,50.16,99,2,47.44,100.82,0.00,402.00,null,null,null
2023-08-25T16:58:04Z,23.39,50.20,99,2,48.75,100.82,1.00,410.00,null,null,null
2023-08-25T16:59:04Z,23.40,50.82,99,3,48.38,100.82,3.00,424.00,null,null,null
2023-08-25T17:00:04Z,23.38,51.23,99,2,49.81,100.82,3.00,424.00,1,1,1
2023-08-25T17:01:04Z,23.39,50.97,99,2,47.80,100.82,4.00,432.00,null,null,null
2023-08-25T17:02:04Z,23.42,50.91,99,2,49.18,100.82,5.00,436.00,null,null,null
2023-08-25T17:03:04Z,23.42,51.28,99,2,51.04,100.82,6.00,441.00,null,null,null
2023-08-25T17:04:04Z,23.38,51.03,99,1,46.11,100.82,5.00,434.00,null,null,null
2023-08-25T17:05:04Z,23.39,51.56,99,0,50.35,100.82,6.00,441.00,1,1,1
2023-08-25T17:06:04Z,23.35,51.52,99,0,56.01,100.81,4.00,428.00,null,null,null
2023-08-25T17:07:04Z,23.39,51.73,99,0,55.96,100.82,6.00,444.00,null,null,null
2023-08-25T17:08:04Z,23.39,52.54,99,0,50.81,100.82,9.00,460.00,null,null,null
2023-08-25T17:09:04Z,23.38,52.10,99,0,46.77,100.82,11.00,476.00,null,null,null
2023-08-25T17:10:04Z,23.36,52.64,99,0,55.81,100.81,15.00,503.00,2,2,2
2023-08-25T17:11:04Z,23.36,52.27,99,0,49.58,100.81,15.00,502.00,null,null,null
2023-08-25T17:12:04Z,23.35,52.74,99,0,52.33,100.81,19.00,531.00,null,null,null
2023-08-25T17:13:04Z,23.35,53.43,99,0,46.46,100.82,23.00,553.00,null,null,null
2023-08-25T17:14:04Z,23.33,53.48,99,0,55.33,100.82,24.00,560.00,null,null,null
2023-08-25T17:15:04Z,23.36,53.97,99,0,49.31,100.82,25.00,569.00,2,2,2
2023-08-25T17:16:04Z,23.35,53.21,99,0,48.54,100.82,23.00,555.00,null,null,null
2023-08-25T17:17:04Z,23.35,53.48,99,0,43.04,100.82,25.00,569.00,null,null,null
2023-08-25T17:18:04Z,23.36,53.47,99,0,45.38,100.82,24.00,564.00,null,null,null
2023-08-25T17:19:04Z,23.33,53.40,99,0,45.88,100.82,25.00,569.00,null,null,null
2023-08-25T17:20:04Z,23.32,53.32,99,0,53.05,100.82,24.00,560.00,1,1,1
2023-08-25T17:21:04Z,23.33,53.10,99,0,46.99,100.82,22.00,546.00,null,null,null
2023-08-25T17:22:04Z,23.33,52.96,99,0,57.76,100.82,25.00,566.00,null,null,null
2023-08-25T17:23:04Z,23.33,53.43,99,0,45.17,100.81,26.00,575.00,null,null,null
2023-08-25T17:24:04Z,23.32,53.12,99,0,42.58,100.81,25.00,569.00,null,null,null
2023-08-25T17:25:04Z,23.32,53.18,99,0,43.40,100.81,28.00,589.00,2,2,2
2023-08-25T17:26:04Z,23.29,53.56,99,0,53.58,100.81,30.00,600.00,null,null,null
2023-08-25T17:27:04Z,23.30,53.47,99,0,48.38,100.81,30.00,599.00,null,null,null
2023-08-25T17:28:04Z,23.30,53.41,99,0,48.47,100.81,32.00,614.00,null,null,null
2023-08-25T17:29:04Z,23.29,53.37,99,0,51.84,100.81,35.00,631.00,null,null,null
2023-08-25T17:30:04Z,23.28,53.20,99,0,48.64,100.81,37.00,645.00,3,3,3
2023-08-25T17:31:04Z,23.28,53.23,99,0,52.07,100.81,41.00,671.00,null,null,null
2023-08-25T17:32:04Z,23.29,54.04,99,0,49.84,100.81,44.00,690.00,null,null,null
2023-08-25T17:33:04Z,23.25,54.52,99,0,46.51,100.81,44.00,690.00,null,null,null
2023-08-25T17:34:04Z,23.26,54.75,99,0,47.41,100.81,46.00,704.00,null,null,null
2023-08-25T17:35:04Z,23.28,54.78,99,0,47.17,100.81,44.00,692.00,1,1,1
2023-08-25T17:36:04Z,23.28,54.52,99,0,43.79,100.81,47.00,712.00,null,null,null
2023-08-25T17:37:04Z,23.29,54.21,99,0,43.66,100.80,51.00,735.00,null,null,null
2023-08-25T17:38:04Z,23.28,54.20,99,0,45.80,100.80,54.00,761.00,null,null,null
2023-08-25T17:39:04Z,23.29,54.62,99,0,42.70,100.80,53.00,749.00,null,null,null
2023-08-25T17:40:04Z,23.26,54.34,99,0,51.64,100.79,52.00,742.00,0,0,0
2023-08-25T17:41:04Z,23.26,54.30,99,0,49.13,100.80,53.00,752.00,null,null,null
2023-08-25T17:42:04Z,23.26,54.03,99,0,46.25,100.79,52.00,742.00,null,null,null
2023-08-25T17:43:04Z,23.28,53.99,99,0,48.06,100.79,56.00,770.00,null,null,null
2023-08-25T17:44:04Z,23.28,54.29,99,0,51.19,100.79,56.00,770.00,null,null,null
2023-08-25T17:45:04Z,23.25,54.38,99,0,51.87,100.78,58.00,785.00,1,1,1
2023-08-25T17:46:04Z,23.28,54.10,99,0,51.55,100.78,56.00,768.00,null,null,null
2023-08-25T17:47:04Z,23.28,53.96,99,0,44.34,100.78,60.00,795.00,null,null,null
2023-08-25T17:48:04Z,23.26,54.30,99,0,50.63,100.78,58.00,785.00,null,null,null
2023-08-25T17:49:04Z,23.26,55.11,99,0,48.78,100.77,62.00,810.00,null,null,null
2023-08-25T17:50:04Z,23.28,54.52,99,0,45.94,100.77,60.00,795.00,5,5,5
2023-08-25T17:51:04Z,23.25,54.53,99,0,46.22,100.77,61.00,804.00,null,null,null
2023-08-25T17:52:04Z,23.26,54.50,99,0,49.50,100.77,60.00,795.00,null,null,null
2023-08-25T17:53:04Z,23.23,54.26,99,0,57.73,100.77,57.00,776.00,null,null,null
2023-08-25T17:54:04Z,23.25,54.18,99,0,48.08,100.77,61.00,806.00,null,null,null
2023-08-25T17:55:04Z,23.22,54.22,99,0,46.26,100.77,57.00,776.00,3,6,6
2023-08-25T17:56:04Z,23.26,54.63,99,0,52.40,100.77,66.00,836.00,null,null,null
2023-08-25T17:57:04Z,23.26,55.15,99,0,51.20,100.77,57.00,776.00,null,null,null
2023-08-25T17:58:04Z,23.25,55.05,99,0,50.08,100.77,57.00,776.00,null,null,null
2023-08-25T17:59:04Z,23.25,55.21,99,0,45.20,100.79,57.00,776.00,null,null,null
2023-08-25T18:00:04Z,23.23,55.32,99,0,49.63,100.80,54.00,759.00,1,1,1
2023-08-25T18:01:04Z,23.23,56.01,99,0,46.84,100.81,58.00,787.00,null,null,null
2023-08-25T18:02:04Z,23.23,57.49,99,0,46.46,100.81,51.00,735.00,null,null,null
2023-08-25T18:03:04Z,23.22,58.75,99,0,55.61,100.82,42.00,678.00,null,null,null
2023-08-25T18:04:04Z,23.22,59.39,99,0,49.76,100.82,34.00,627.00,null,null,null
2023-08-25T18:05:04Z,23.21,59.22,99,0,51.28,100.82,30.00,600.00,1,1,1
2023-08-25T18:06:04Z,23.18,59.51,99,0,50.82,100.83,26.00,577.00,null,null,null
2023-08-25T18:07:04Z,23.18,59.83,99,0,49.97,100.83,24.00,560.00,null,null,null
2023-08-25T18:08:04Z,23.18,60.01,99,0,44.27,100.83,19.00,530.00,null,null,null
2023-08-25T18:09:04Z,23.16,60.32,99,0,51.83,100.83,18.00,523.00,null,null,null
2023-08-25T18:10:04Z,23.15,60.15,99,0,44.63,100.83,15.00,502.00,0,0,0
2023-08-25T18:11:04Z,23.12,60.07,99,0,51.61,100.83,14.00,492.00,null,null,null
2023-08-25T18:12:04Z,23.14,60.05,99,0,53.26,100.83,12.00,483.00,null,null,null
2023-08-25T18:13:04Z,23.11,60.24,99,0,50.77,100.83,12.00,483.00,null,null,null
2023-08-25T18:14:04Z,23.11,60.82,99,0,49.90,100.83,14.00,497.00,null,null,null
2023-08-25T18:15:04Z,23.08,61.03,99,0,50.84,100.83,17.00,517.00,7,7,18
2023-08-25T18:16:04Z,23.08,60.67,99,0,53.11,100.83,22.00,548.00,null,null,null
2023-08-25T18:17:04Z,23.04,60.61,99,0,54.86,100.83,28.00,589.00,null,null,null
2023-08-25T18:18:04Z,23.05,60.65,99,0,47.68,100.83,32.00,615.00,null,null,null
2023-08-25T18:19:04Z,23.02,61.04,99,0,53.57,100.84,36.00,637.00,null,null,null
2023-08-25T18:20:04Z,23.01,60.91,99,0,56.73,100.84,37.00,643.00,5,5,5
2023-08-25T18:21:04Z,22.95,61.53,99,0,49.81,100.84,37.00,643.00,null,null,null
2023-08-25T18:22:04Z,22.97,61.37,99,0,45.98,100.84,41.00,672.00,null,null,null
2023-08-25T18:23:04Z,22.95,61.25,99,0,44.06,100.84,44.00,690.00,null,null,null
2023-08-25T18:24:04Z,22.94,61.94,99,0,49.48,100.83,45.00,700.00,null,null,null
2023-08-25T18:25:04Z,22.90,62.13,99,0,50.37,100.82,46.00,702.00,2,2,2
2023-08-25T18:26:04Z,22.85,62.14,99,0,41.78,100.83,46.00,708.00,null,null,null
2023-08-25T18:27:04Z,22.85,61.42,99,0,45.76,100.82,51.00,735.00,null,null,null
2023-08-25T18:28:04Z,22.85,62.46,99,0,45.97,100.83,54.00,757.00,null,null,null
2023-08-25T18:29:04Z,22.81,61.80,99,0,51.15,100.83,56.00,770.00,null,null,null
2023-08-25T18:30:04Z,22.77,61.36,99,0,49.54,100.83,54.00,761.00,2,4,4
2023-08-25T18:31:04Z,22.75,61.36,99,0,51.99,100.83,54.00,757.00,null,null,null
2023-08-25T18:32:04Z,22.72,62.47,99,0,59.61,100.83,62.00,813.00,null,null,null
2023-08-25T18:33:04Z,22.71,62.62,99,0,null,100.83,71.00,872.00,null,null,null
2023-08-25T18:34:04Z,22.72,62.55,99,0,44.46,100.82,76.00,902.00,null,null,null
2023-08-25T18:35:04Z,22.70,63.07,99,0,57.23,100.82,85.00,964.00,4,5,5
2023-08-25T18:36:04Z,22.71,62.57,99,0,45.29,100.82,92.00,1009.00,null,null,null
2023-08-25T18:37:04Z,22.74,62.91,99,0,49.41,100.81,106.00,1102.00,null,null,null
2023-08-25T18:38:04Z,22.71,63.10,99,0,47.16,100.82,117.00,1168.00,null,null,null
2023-08-25T18:39:04Z,22.72,63.17,99,0,46.01,100.83,131.00,1262.00,null,null,null
2023-08-25T18:40:04Z,22.74,62.92,99,0,51.72,100.82,145.00,1356.00,10,13,13
2023-08-25T18:41:04Z,22.75,62.43,99,0,41.64,100.81,148.00,1372.00,null,null,null
2023-08-25T18:42:04Z,22.74,62.81,99,0,50.73,100.82,148.00,1372.00,null,null,null
2023-08-25T18:43:04Z,22.78,62.53,99,0,45.25,100.82,163.00,1470.00,null,null,null
2023-08-25T18:44:04Z,22.74,63.02,99,0,49.09,100.82,165.00,1487.00,null,null,null
2023-08-25T18:45:04Z,22.77,62.67,99,0,50.85,100.82,183.00,1517.00,5,11,11
2023-08-25T18:46:04Z,22.78,62.79,99,0,51.08,100.82,190.00,1527.00,null,null,null
2023-08-25T18:47:04Z,22.78,62.71,99,0,52.83,100.83,212.00,1559.00,null,null,null
2023-08-25T18:48:04Z,22.79,62.67,99,0,41.77,100.82,223.00,1572.00,null,null,null
2023-08-25T18:49:04Z,22.79,62.65,99,0,47.27,100.82,232.00,1585.00,null,null,null
2023-08-25T18:50:04Z,22.84,62.16,99,0,41.39,100.82,248.00,1603.00,9,9,9
2023-08-25T18:51:04Z,22.85,62.38,99,0,48.64,100.82,257.00,1612.00,null,null,null
2023-08-25T18:52:04Z,22.87,62.50,99,0,51.73,100.82,263.00,1619.00,null,null,null
2023-08-25T18:53:04Z,22.87,62.72,99,0,50.39,100.82,263.00,1619.00,null,null,null
2023-08-25T18:54:04Z,22.85,62.68,99,0,47.28,100.83,277.00,1635.00,null,null,null
2023-08-25T18:55:04Z,22.88,62.52,99,0,45.21,100.83,282.00,1641.00,5,6,6
2023-08-25T18:56:04Z,22.90,62.52,99,0,46.61,100.82,277.00,1635.00,null,null,null
2023-08-25T18:57:04Z,22.91,61.87,99,0,48.72,100.83,282.00,1641.00,null,null,null
2023-08-25T18:58:04Z,22.91,60.91,99,0,46.58,100.83,280.00,1638.00,null,null,null
2023-08-25T18:59:04Z,22.90,61.79,99,0,50.32,100.83,272.00,1629.00,null,null,null
2023-08-25T19:00:04Z,22.88,61.55,99,0,49.08,100.83,265.00,1623.00,3,9,9
2023-08-25T19:01:04Z,22.90,61.54,99,0,41.89,100.83,273.00,1631.00,null,null,null
2023-08-25T19:02:04Z,22.91,61.74,99,0,48.49,100.83,268.00,1625.00,null,null,null
2023-08-25T19:03:04Z,22.90,61.39,99,0,47.93,100.84,260.00,1615.00,null,null,null
2023-08-25T19:04:04Z,22.88,61.91,99,0,45.76,100.84,268.00,1625.00,null,null,null
2023-08-25T19:05:04Z,22.94,60.87,99,0,45.51,100.85,262.00,1618.00,3,4,4
2023-08-25T19:06:04Z,22.91,61.71,99,0,49.93,100.84,248.00,1603.00,null,null,null
2023-08-25T19:07:04Z,22.90,61.69,99,0,50.80,100.85,260.00,1615.00,null,null,null
2023-08-25T19:08:04Z,22.92,61.23,99,0,48.77,100.85,254.00,1610.00,null,null,null
2023-08-25T19:09:04Z,22.90,61.04,99,0,50.55,100.86,244.00,1598.00,null,null,null
2023-08-25T19:10:04Z,22.90,61.09,99,0,52.55,100.85,244.00,1598.00,2,2,2
2023-08-25T19:11:04Z,22.88,61.29,99,0,46.61,100.85,228.00,1579.00,null,null,null
2023-08-25T19:12:04Z,22.88,61.36,99,0,46.16,100.85,206.00,1548.00,null,null,null
2023-08-25T19:13:04Z,22.85,61.70,99,0,49.48,100.86,206.00,1548.00,null,null,null
2023-08-25T19:14:04Z,22.87,61.74,99,0,40.01,100.86,216.00,1562.00,null,null,null
2023-08-25T19:15:04Z,22.85,61.58,99,0,49.67,100.85,212.00,1559.00,3,4,4
2023-08-25T19:16:04Z,22.84,61.68,99,0,51.46,100.85,198.00,1539.00,null,null,null
2023-08-25T19:17:04Z,22.84,61.66,99,0,49.38,100.85,209.00,1555.00,null,null,null
2023-08-25T19:18:04Z,22.84,61.23,99,0,42.97,100.85,194.00,1533.00,null,null,null
2023-08-25T19:19:04Z,22.82,61.16,99,0,39.26,100.85,194.00,1533.00,null,null,null
2023-08-25T19:20:04Z,22.81,61.44,99,0,55.42,100.85,187.00,1524.00,2,4,4
2023-08-25T19:21:04Z,22.81,62.41,99,0,41.48,100.85,185.00,1520.00,null,null,null
2023-08-25T19:22:04Z,22.77,62.13,99,0,48.19,100.84,194.00,1533.00,null,null,null
2023-08-25T19:23:04Z,22.79,62.30,99,0,44.79,100.84,192.00,1530.00,null,null,null
2023-08-25T19:24:04Z,22.79,62.18,99,0,50.69,100.84,184.00,1518.00,null,null,null
2023-08-25T19:25:04Z,22.74,61.97,99,0,49.54,100.85,179.00,1512.00,4,5,5
2023-08-25T19:26:04Z,22.74,62.21,99,0,44.47,100.85,185.00,1520.00,null,null,null
2023-08-25T19:27:04Z,22.75,62.59,99,0,74.18,100.84,185.00,1520.00,null,null,null
2023-08-25T19:28:04Z,22.77,63.18,99,0,47.35,100.85,194.00,1533.00,null,null,null
2023-08-25T19:29:04Z,22.74,63.14,99,0,47.33,100.85,198.00,1538.00,null,null,null
2023-08-25T19:30:04Z,22.78,62.76,99,0,56.94,100.84,209.00,1555.00,2,2,2
2023-08-25T19:31:04Z,22.79,63.68,99,0,46.00,100.85,346.00,1707.00,null,null,null
2023-08-25T19:32:04Z,22.82,63.22,99,0,52.01,100.85,387.00,1747.00,null,null,null
2023-08-25T19:33:04Z,22.84,64.28,99,0,105.79,100.86,436.00,1788.00,null,null,null
2023-08-25T19:34:04Z,22.87,62.59,99,0,52.18,100.85,441.00,1792.00,null,null,null
2023-08-25T19:35:04Z,22.90,62.02,99,0,50.56,100.85,460.00,1809.00,2,2,2
2023-08-25T19:36:04Z,22.92,61.82,99,0,47.15,100.85,446.00,1798.00,null,null,null
2023-08-25T19:37:04Z,22.95,61.52,99,0,48.89,100.85,441.00,1792.00,null,null,null
2023-08-25T19:38:04Z,22.98,61.59,99,0,66.19,100.84,438.00,1789.00,null,null,null
2023-08-25T19:39:04Z,23.01,61.37,99,0,49.72,100.85,422.00,1775.00,null,null,null
2023-08-25T19:40:04Z,23.02,61.00,99,0,60.63,100.85,394.00,1753.00,1,1,1
2023-08-25T19:41:04Z,23.05,61.59,99,0,47.68,100.85,405.00,1762.00,null,null,null
2023-08-25T19:42:04Z,23.04,60.81,99,0,60.29,100.85,377.00,1738.00,null,null,null
2023-08-25T19:43:04Z,23.05,60.70,99,0,52.52,100.85,377.00,1738.00,null,null,null
2023-08-25T19:44:04Z,23.07,61.41,99,0,49.50,100.85,384.00,1743.00,null,null,null
2023-08-25T19:45:04Z,23.09,62.93,99,0,45.22,100.85,372.00,1735.00,2,2,2
2023-08-25T19:46:04Z,23.09,62.98,99,0,43.86,100.86,365.00,1728.00,null,null,null
2023-08-25T19:47:04Z,23.15,63.38,99,0,71.43,100.86,351.00,1713.00,null,null,null
2023-08-25T19:48:04Z,23.16,63.08,99,0,57.06,100.86,347.00,1708.00,null,null,null
2023-08-25T19:49:04Z,23.18,63.12,99,0,50.65,100.87,351.00,1713.00,null,null,null
2023-08-25T19:50:04Z,23.19,63.10,99,0,48.72,100.86,351.00,1713.00,2,2,13
2023-08-25T19:51:04Z,23.25,63.04,99,0,72.01,100.86,360.00,1723.00,null,null,null
2023-08-25T19:52:04Z,23.25,63.06,99,0,46.79,100.85,331.00,1692.00,null,null,null
2023-08-25T19:53:04Z,23.29,62.51,99,0,50.70,100.86,331.00,1692.00,null,null,null
2023-08-25T19:54:04Z,23.29,62.97,99,0,46.61,100.86,323.00,1685.00,null,null,null
2023-08-25T19:55:04Z,23.32,62.83,99,0,60.60,100.86,319.00,1680.00,3,3,3
2023-08-25T19:56:04Z,23.32,62.83,99,0,48.00,100.86,326.00,1687.00,null,null,null
2023-08-25T19:57:04Z,23.33,62.71,99,0,53.26,100.86,336.00,1698.00,null,null,null
2023-08-25T19:58:04Z,23.38,62.05,99,0,60.88,100.86,341.00,1703.00,null,null,null
2023-08-25T19:59:04Z,23.38,62.62,99,0,48.57,100.86,352.00,1714.00,null,null,null
2023-08-25T20:00:04Z,23.38,62.46,99,0,52.35,100.86,335.00,1696.00,2,2,2
2023-08-25T20:01:04Z,23.40,62.45,99,0,64.28,100.86,341.00,1703.00,null,null,null
2023-08-25T20:02:04Z,23.40,61.45,99,0,49.85,100.86,331.00,1692.00,null,null,null
2023-08-25T20:03:04Z,23.42,62.24,99,0,42.85,100.86,337.00,1699.00,null,null,null
2023-08-25T20:04:04Z,23.42,61.89,99,0,46.59,100.85,321.00,1682.00,null,null,null
2023-08-25T20:05:04Z,23.42,61.78,99,0,43.07,100.85,321.00,1682.00,2,2,2
2023-08-25T20:06:04Z,23.43,62.54,99,0,49.99,100.85,321.00,1682.00,null,null,null
2023-08-25T20:07:04Z,23.43,62.25,99,0,49.08,100.85,341.00,1703.00,null,null,null
2023-08-25T20:08:04Z,23.45,61.59,99,0,44.93,100.85,355.00,1717.00,null,null,null
2023-08-25T20:09:04Z,23.46,61.43,99,0,50.68,100.85,367.00,1730.00,null,null,null
2023-08-25T20:10:04Z,23.43,60.61,99,0,51.10,100.85,376.00,1739.00,3,8,8
2023-08-25T20:11:04Z,23.43,61.21,99,0,45.48,100.86,366.00,1729.00,null,null,null
2023-08-25T20:12:04Z,23.42,62.17,99,0,48.39,100.86,352.00,1714.00,null,null,null
2023-08-25T20:13:04Z,23.45,62.10,99,0,37.34,100.86,359.00,1721.00,null,null,null
2023-08-25T20:14:04Z,23.45,61.60,99,0,50.68,100.86,359.00,1721.00,null,null,null
2023-08-25T20:15:04Z,23.46,61.55,99,0,52.19,100.85,363.00,1725.00,4,4,4
2023-08-25T20:16:04Z,23.45,60.85,99,0,46.34,100.85,356.00,1718.00,null,null,null
2023-08-25T20:17:04Z,23.43,60.49,99,0,44.63,100.85,347.00,1708.00,null,null,null
2023-08-25T20:18:04Z,23.45,61.33,99,0,45.79,100.85,338.00,1700.00,null,null,null
2023-08-25T20:19:04Z,23.39,60.01,99,0,48.95,100.85,314.00,1676.00,null,null,null
2023-08-25T20:20:04Z,23.38,60.13,99,0,43.23,100.85,323.00,1685.00,3,5,17
2023-08-25T20:21:04Z,23.40,60.98,99,0,46.30,100.85,312.00,1673.00,null,null,null
2023-08-25T20:22:04Z,23.36,60.77,99,0,48.33,100.85,315.00,1677.00,null,null,null
2023-08-25T20:23:04Z,23.35,59.78,99,0,50.45,100.84,304.00,1665.00,null,null,null
2023-08-25T20:24:04Z,23.35,60.45,99,0,44.65,100.85,316.00,1677.00,null,null,null
2023-08-25T20:25:04Z,23.33,59.78,99,0,46.45,100.85,302.00,1664.00,4,4,4
2023-08-25T20:26:04Z,23.33,59.97,99,0,46.78,100.85,301.00,1663.00,null,null,null
2023-08-25T20:27:04Z,23.30,60.35,99,0,41.29,100.85,290.00,1651.00,null,null,null
2023-08-25T20:28:04Z,23.32,60.76,99,0,49.82,100.85,287.00,1647.00,null,null,null
2023-08-25T20:29:04Z,23.28,60.84,99,0,46.76,100.85,288.00,1648.00,null,null,null
2023-08-25T20:30:04Z,23.29,60.44,99,0,45.87,100.85,288.00,1648.00,5,6,6
2023-08-25T20:31:04Z,23.30,59.95,99,0,43.33,100.86,287.00,1647.00,null,null,null
2023-08-25T20:32:04Z,23.28,60.05,99,0,53.05,100.86,285.00,1644.00,null,null,null
2023-08-25T20:33:04Z,23.28,60.41,99,0,44.66,100.86,281.00,1640.00,null,null,null
2023-08-25T20:34:04Z,23.28,59.89,99,0,46.43,100.85,271.00,1628.00,null,null,null
2023-08-25T20:35:04Z,23.26,59.67,99,0,47.26,100.85,270.00,1628.00,1,1,1
2023-08-25T20:36:04Z,23.26,59.96,99,0,46.69,100.86,264.00,1620.00,null,null,null
2023-08-25T20:37:04Z,23.26,59.63,99,0,46.13,100.85,265.00,1623.00,null,null,null
2023-08-25T20:38:04Z,23.26,59.09,99,0,64.54,100.85,255.00,1611.00,null,null,null
2023-08-25T20:39:04Z,23.25,59.20,99,0,46.97,100.85,255.00,1611.00,null,null,null
2023-08-25T20:40:04Z,23.25,60.35,99,0,44.99,100.85,264.00,1620.00,1,1,1
2023-08-25T20:41:04Z,23.22,59.85,99,0,50.41,100.86,254.00,1608.00,null,null,null
2023-08-25T20:42:04Z,23.23,59.36,99,0,57.33,100.85,279.00,1637.00,null,null,null
2023-08-25T20:43:04Z,23.23,59.50,99,0,50.06,100.85,274.00,1632.00,null,null,null
2023-08-25T20:44:04Z,23.21,59.16,99,0,47.38,100.86,268.00,1625.00,null,null,null
2023-08-25T20:45:04Z,23.19,60.04,99,0,49.31,100.85,272.00,1629.00,0,0,0
2023-08-25T20:46:04Z,23.23,59.65,99,0,46.46,100.86,261.00,1616.00,null,null,null
2023-08-25T20:47:04Z,23.21,59.33,99,0,57.02,100.86,265.00,1621.00,null,null,null
2023-08-25T20:48:04Z,23.22,59.65,99,0,50.96,100.85,268.00,1625.00,null,null,null
2023-08-25T20:49:04Z,23.21,59.40,99,0,46.10,100.85,265.00,1621.00,null,null,null
2023-08-25T20:50:04Z,23.18,59.28,99,0,42.91,100.86,259.00,1615.00,1,2,2
2023-08-25T20:51:04Z,23.18,58.78,99,0,43.73,100.85,255.00,1611.00,null,null,null
2023-08-25T20:52:04Z,23.18,58.97,99,0,42.16,100.85,263.00,1619.00,null,null,null
2023-08-25T20:53:04Z,23.16,59.23,99,0,45.35,100.85,259.00,1615.00,null,null,null
2023-08-25T20:54:04Z,23.15,58.98,99,0,47.77,100.85,255.00,1611.00,null,null,null
2023-08-25T20:55:04Z,23.12,58.70,99,0,47.76,100.85,248.00,1603.00,2,2,2
2023-08-25T20:56:04Z,23.14,58.87,99,0,49.72,100.85,247.00,1602.00,null,null,null
2023-08-25T20:57:04Z,23.12,58.80,99,0,49.58,100.85,236.00,1591.00,null,null,null
2023-08-25T20:58:04Z,23.09,58.80,99,0,45.75,100.85,231.00,1583.00,null,null,null
2023-08-25T20:59:04Z,23.11,58.95,99,0,48.67,100.84,228.00,1579.00,null,null,null
2023-08-25T21:00:04Z,23.09,58.96,99,0,46.69,100.85,228.00,1579.00,0,0,0
2023-08-25T21:01:04Z,23.07,58.88,99,0,48.11,100.85,228.00,1579.00,null,null,null
2023-08-25T21:02:04Z,23.07,59.23,99,0,55.76,100.85,225.00,1573.00,null,null,null
2023-08-25T21:03:04Z,23.05,60.21,99,0,40.54,100.85,217.00,1563.00,null,null,null
2023-08-25T21:04:04Z,23.05,60.95,99,0,46.08,100.85,252.00,1607.00,null,null,null
2023-08-25T21:05:04Z,23.05,61.27,99,0,44.23,100.85,292.00,1652.00,0,0,0
2023-08-25T21:06:04Z,23.07,61.54,99,0,40.59,100.85,314.00,1676.00,null,null,null
2023-08-25T21:07:04Z,23.08,61.63,99,0,45.12,100.85,347.00,1708.00,null,null,null
2023-08-25T21:08:04Z,23.11,61.70,99,0,46.23,100.85,364.00,1726.00,null,null,null
2023-08-25T21:09:04Z,23.09,61.89,99,0,46.86,100.85,385.00,1744.00,null,null,null
2023-08-25T21:10:04Z,23.12,61.95,99,0,48.26,100.85,411.00,1767.00,5,5,5
2023-08-25T21:11:04Z,23.16,61.95,99,0,46.29,100.85,418.00,1774.00,null,null,null
2023-08-25T21:12:04Z,23.19,61.86,99,0,51.36,100.85,424.00,1777.00,null,null,null
2023-08-25T21:13:04Z,23.22,61.99,99,0,49.31,100.85,434.00,1785.00,null,null,null
2023-08-25T21:14:04Z,23.25,62.13,99,0,43.70,100.85,473.00,1818.00,null,null,null
2023-08-25T21:15:04Z,23.23,62.12,99,0,42.85,100.85,439.00,1790.00,2,2,2
2023-08-25T21:16:04Z,23.28,62.23,99,0,45.87,100.85,518.00,1852.00,null,null,null
2023-08-25T21:17:04Z,23.29,62.25,99,0,43.02,100.86,481.00,1825.00,null,null,null
2023-08-25T21:18:04Z,23.32,62.32,99,0,48.35,100.86,492.00,1833.00,null,null,null
2023-08-25T21:19:04Z,23.33,62.32,99,0,42.33,100.85,511.00,1847.00,null,null,null
2023-08-25T21:20:04Z,23.36,62.33,99,0,45.21,100.86,511.00,1847.00,3,5,5
2023-08-25T21:21:04Z,23.39,62.35,99,0,43.25,100.86,511.00,1847.00,null,null,null
2023-08-25T21:22:04Z,23.42,62.29,99,0,42.81,100.86,521.00,1853.00,null,null,null
2023-08-25T21:23:04Z,23.43,62.25,99,0,43.82,100.86,521.00,1853.00,null,null,null
2023-08-25T21:24:04Z,23.46,62.18,99,0,39.55,100.86,521.00,1853.00,null,null,null
2023-08-25T21:25:04Z,23.50,62.16,99,0,46.65,100.85,526.00,1857.00,1,1,1
2023-08-25T21:26:04Z,23.52,62.13,99,0,48.05,100.85,526.00,1857.00,null,null,null
2023-08-25T21:27:04Z,23.55,62.00,99,0,47.48,100.85,526.00,1857.00,null,null,null
2023-08-25T21:28:04Z,23.56,62.17,99,0,48.26,100.85,516.00,1851.00,null,null,null
2023-08-25T21:29:04Z,23.57,62.16,99,0,44.04,100.85,516.00,1851.00,null,null,null
2023-08-25T21:30:04Z,23.60,62.08,99,0,41.90,100.85,516.00,1851.00,2,2,2
2023-08-25T21:31:04Z,23.63,62.01,99,0,40.31,100.85,507.00,1844.00,null,null,null
2023-08-25T21:32:04Z,23.66,62.04,99,0,48.93,100.85,507.00,1844.00,null,null,null
2023-08-25T21:33:04Z,23.66,61.91,99,0,48.39,100.85,497.00,1836.00,null,null,null
2023-08-25T21:34:04Z,23.66,61.89,99,0,40.63,100.85,497.00,1836.00,null,null,null
2023-08-25T21:35:04Z,23.66,61.90,99,0,46.15,100.85,497.00,1836.00,1,2,2
2023-08-25T21:36:04Z,23.67,61.82,99,0,44.33,100.85,497.00,1836.00,null,null,null
2023-08-25T21:37:04Z,23.70,61.79,99,0,37.58,100.85,490.00,1832.00,null,null,null
2023-08-25T21:38:04Z,23.70,61.75,99,0,44.80,100.85,490.00,1832.00,null,null,null
2023-08-25T21:39:04Z,23.73,61.64,99,0,41.75,100.85,471.00,1817.00,null,null,null
2023-08-25T21:40:04Z,23.73,61.60,99,0,48.10,100.85,468.00,1814.00,2,2,2
2023-08-25T21:41:04Z,23.73,61.57,99,0,42.01,100.85,468.00,1814.00,null,null,null
2023-08-25T21:42:04Z,23.76,61.52,99,0,45.35,100.85,468.00,1814.00,null,null,null
2023-08-25T21:43:04Z,23.74,61.47,99,0,51.04,100.85,415.00,1771.00,null,null,null
2023-08-25T21:44:04Z,23.74,61.43,99,0,42.89,100.85,450.00,1800.00,null,null,null
2023-08-25T21:45:04Z,23.72,61.45,99,0,46.08,100.85,450.00,1800.00,2,2,2
2023-08-25T21:46:04Z,23.76,61.36,99,0,53.22,100.85,450.00,1800.00,null,null,null
2023-08-25T21:47:04Z,23.77,61.40,99,0,49.55,100.84,409.00,1765.00,null,null,null
2023-08-25T21:48:04Z,23.79,61.35,99,0,50.39,100.84,409.00,1765.00,null,null,null
2023-08-25T21:49:04Z,23.77,61.36,99,0,42.71,100.84,403.00,1760.00,null,null,null
2023-08-25T21:50:04Z,23.79,61.30,99,0,45.47,100.84,394.00,1753.00,1,1,1
2023-08-25T21:51:04Z,23.79,61.44,99,0,41.09,100.84,387.00,1747.00,null,null,null
2023-08-25T21:52:04Z,23.79,61.36,99,0,46.40,100.83,394.00,1753.00,null,null,null
2023-08-25T21:53:04Z,23.79,61.42,99,0,48.27,100.84,394.00,1753.00,null,null,null
2023-08-25T21:54:04Z,23.76,61.42,99,0,41.20,100.84,394.00,1753.00,null,null,null
2023-08-25T21:55:04Z,23.79,61.48,99,0,44.15,100.83,394.00,1753.00,1,1,1
2023-08-25T21:56:04Z,23.79,61.51,99,0,49.13,100.84,387.00,1747.00,null,null,null
2023-08-25T21:57:04Z,23.77,61.53,99,0,46.51,100.83,387.00,1747.00,null,null,null
2023-08-25T21:58:04Z,23.79,61.51,99,0,50.39,100.83,381.00,1741.00,null,null,null
2023-08-25T21:59:04Z,23.83,61.56,99,0,47.15,100.83,381.00,1741.00,null,null,null
2023-08-25T22:00:04Z,23.81,61.54,99,0,44.07,100.83,371.00,1734.00,0,0,0
2023-08-25T22:01:04Z,23.83,61.65,99,0,57.84,100.83,381.00,1741.00,null,null,null
2023-08-25T22:02:04Z,23.81,61.67,99,0,42.68,100.83,381.00,1741.00,null,null,null
2023-08-25T22:03:04Z,23.83,61.73,99,0,48.87,100.83,381.00,1741.00,null,null,null
2023-08-25T22:04:04Z,23.80,61.75,99,0,44.29,100.83,381.00,1741.00,null,null,null
2023-08-25T22:05:04Z,23.83,61.81,99,0,49.60,100.83,376.00,1739.00,0,0,0
2023-08-25T22:06:04Z,23.86,61.82,99,0,45.75,100.83,376.00,1739.00,null,null,null
2023-08-25T22:07:04Z,23.86,61.83,99,0,44.30,100.83,376.00,1739.00,null,null,null
2023-08-25T22:08:04Z,23.86,61.83,99,0,42.06,100.83,376.00,1739.00,null,null,null
2023-08-25T22:09:04Z,23.84,61.88,99,0,43.18,100.83,376.00,1739.00,null,null,null
2023-08-25T22:10:04Z,23.83,61.92,99,0,51.41,100.83,376.00,1739.00,0,0,0
2023-08-25T22:11:04Z,23.84,61.97,99,0,39.30,100.83,376.00,1739.00,null,null,null
2023-08-25T22:12:04Z,23.84,62.00,99,0,51.39,100.83,376.00,1739.00,null,null,null
2023-08-25T22:13:04Z,23.87,62.07,99,0,38.99,100.83,376.00,1739.00,null,null,null
2023-08-25T22:14:04Z,23.86,62.13,99,0,44.85,100.82,376.00,1739.00,null,null,null
2023-08-25T22:15:04Z,23.84,62.14,99,0,64.14,100.82,376.00,1739.00,0,0,0
2023-08-25T22:16:04Z,23.86,62.24,99,0,43.15,100.82,376.00,1739.00,null,null,null
2023-08-25T22:17:04Z,23.87,62.15,99,0,44.29,100.82,376.00,1739.00,null,null,null
2023-08-25T22:18:04Z,23.87,62.21,99,0,51.92,100.82,384.00,1743.00,null,null,null
2023-08-25T22:19:04Z,23.84,62.21,99,0,44.38,100.81,376.00,1739.00,null,null,null
2023-08-25T22:20:04Z,23.86,62.28,99,0,45.92,100.81,376.00,1739.00,0,0,0
2023-08-25T22:21:04Z,23.86,62.26,99,0,42.50,100.82,372.00,1735.00,null,null,null
2023-08-25T22:22:04Z,23.87,62.24,99,0,39.14,100.81,372.00,1735.00,null,null,null
2023-08-25T22:23:04Z,23.84,62.38,99,0,44.02,100.82,384.00,1743.00,null,null,null
2023-08-25T22:24:04Z,23.87,62.40,99,0,39.52,100.81,372.00,1735.00,null,null,null
2023-08-25T22:25:04Z,23.87,62.42,99,0,50.72,100.81,372.00,1735.00,1,1,1
2023-08-25T22:26:04Z,23.88,62.47,99,0,43.07,100.81,379.00,1739.00,null,null,null
2023-08-25T22:27:04Z,23.87,62.38,99,0,43.15,100.81,386.00,1746.00,null,null,null
2023-08-25T22:28:04Z,23.88,62.38,99,0,38.37,100.81,386.00,1746.00,null,null,null
2023-08-25T22:29:04Z,23.87,62.39,99,0,43.80,100.81,386.00,1746.00,null,null,null
2023-08-25T22:30:04Z,23.86,62.36,99,0,38.85,100.80,386.00,1746.00,0,0,0
2023-08-25T22:31:04Z,23.87,62.38,99,0,45.36,100.81,379.00,1739.00,null,null,null
2023-08-25T22:32:04Z,23.90,62.29,99,0,41.82,100.80,386.00,1746.00,null,null,null
2023-08-25T22:33:04Z,23.87,62.24,99,0,43.21,100.80,386.00,1746.00,null,null,null
2023-08-25T22:34:04Z,23.88,62.16,99,0,39.95,100.80,390.00,1749.00,null,null,null
2023-08-25T22:35:04Z,23.88,62.07,99,0,40.86,100.80,390.00,1749.00,1,1,1
2023-08-25T22:36:04Z,23.87,62.11,99,0,44.75,100.81,384.00,1743.00,null,null,null
2023-08-25T22:37:04Z,23.90,62.13,99,0,45.67,100.80,376.00,1739.00,null,null,null
2023-08-25T22:38:04Z,23.90,61.85,99,0,45.76,100.80,384.00,1743.00,null,null,null
2023-08-25T22:39:04Z,23.90,62.12,99,0,34.57,100.81,376.00,1739.00,null,null,null
2023-08-25T22:40:04Z,23.88,62.12,99,0,37.48,100.81,384.00,1743.00,0,0,0
2023-08-25T22:41:04Z,23.88,62.16,99,0,43.12,100.81,376.00,1739.00,null,null,null
2023-08-25T22:42:04Z,23.90,62.06,99,0,43.30,100.81,384.00,1743.00,null,null,null
2023-08-25T22:43:04Z,23.88,62.01,99,0,47.21,100.81,376.00,1739.00,null,null,null
2023-08-25T22:44:04Z,23.90,61.94,99,0,47.76,100.81,384.00,1743.00,null,null,null
2023-08-25T22:45:04Z,23.88,61.94,99,0,45.30,100.81,367.00,1730.00,1,2,2
2023-08-25T22:46:04Z,23.90,61.90,99,0,43.52,100.81,376.00,1739.00,null,null,null
2023-08-25T22:47:04Z,23.94,61.82,99,0,39.45,100.81,376.00,1739.00,null,null,null
2023-08-25T22:48:04Z,23.90,61.80,99,0,47.12,100.81,376.00,1739.00,null,null,null
2023-08-25T22:49:04Z,23.90,61.79,99,0,41.25,100.81,376.00,1739.00,null,null,null
2023-08-25T22:50:04Z,23.91,61.79,99,0,47.11,100.81,376.00,1739.00,0,0,0
2023-08-25T22:51:04Z,23.88,61.71,99,0,42.95,100.80,376.00,1739.00,null,null,null
2023-08-25T22:52:04Z,23.93,61.72,99,0,45.41,100.81,381.00,1741.00,null,null,null
2023-08-25T22:53:04Z,23.87,61.68,99,0,49.44,100.81,381.00,1741.00,null,null,null
2023-08-25T22:54:04Z,23.90,61.67,99,0,45.36,100.81,381.00,1741.00,null,null,null
2023-08-25T22:55:04Z,23.93,61.69,99,0,50.48,100.81,381.00,1741.00,1,1,17
2023-08-25T22:56:04Z,23.91,61.69,99,0,46.93,100.81,381.00,1741.00,null,null,null
2023-08-25T22:57:04Z,23.90,61.62,99,0,48.27,100.81,381.00,1741.00,null,null,null
2023-08-25T22:58:04Z,23.91,61.57,99,0,39.28,100.81,381.00,1741.00,null,null,null
2023-08-25T22:59:04Z,23.90,61.66,99,0,44.09,100.81,381.00,1741.00,null,null,null
2023-08-25T23:00:04Z,23.91,61.67,99,0,42.89,100.81,381.00,1741.00,0,0,0
2023-08-25T23:01:04Z,23.91,61.62,99,0,44.09,100.80,381.00,1741.00,null,null,null
2023-08-25T23:02:04Z,23.94,61.82,99,0,44.19,100.80,381.00,1741.00,null,null,null
2023-08-25T23:03:04Z,23.93,61.80,99,0,42.28,100.80,376.00,1739.00,null,null,null
2023-08-25T23:04:04Z,23.93,61.81,99,0,48.75,100.81,376.00,1739.00,null,null,null
2023-08-25T23:05:04Z,23.93,61.83,99,0,45.99,100.81,384.00,1743.00,1,1,1
2023-08-25T23:06:04Z,23.94,61.85,99,0,40.16,100.81,367.00,1730.00,null,null,null
2023-08-25T23:07:04Z,23.94,61.82,99,0,48.84,100.81,451.00,1801.00,null,null,null
2023-08-25T23:08:04Z,23.96,61.85,99,0,42.67,100.81,519.00,1852.00,null,null,null
2023-08-25T23:09:04Z,23.96,61.89,99,0,43.77,100.80,571.00,1890.00,null,null,null
2023-08-25T23:10:04Z,23.93,61.95,99,0,46.29,100.80,605.00,1914.00,0,0,0
2023-08-25T23:11:04Z,23.94,61.95,99,0,45.78,100.80,631.00,1930.00,null,null,null
2023-08-25T23:12:04Z,23.94,61.85,99,0,45.33,100.80,653.00,1943.00,null,null,null
2023-08-25T23:13:04Z,23.94,61.81,99,0,50.64,100.81,653.00,1943.00,null,null,null
2023-08-25T23:14:04Z,23.91,61.86,99,0,47.52,100.81,653.00,1943.00,null,null,null
2023-08-25T23:15:04Z,23.94,61.81,99,0,46.76,100.80,664.00,1950.00,0,0,0
2023-08-25T23:16:04Z,23.96,61.83,99,0,46.54,100.80,653.00,1943.00,null,null,null
2023-08-25T23:17:04Z,23.94,61.69,99,0,45.24,100.80,641.00,1935.00,null,null,null
2023-08-25T23:18:04Z,23.94,61.71,99,0,41.87,100.80,647.00,1939.00,null,null,null
2023-08-25T23:19:04Z,23.93,61.73,99,0,38.61,100.81,647.00,1939.00,null,null,null
2023-08-25T23:20:04Z,23.94,61.68,99,0,41.77,100.80,621.00,1923.00,1,1,1
2023-08-25T23:21:04Z,23.94,61.73,99,0,47.01,100.80,621.00,1923.00,null,null,null
2023-08-25T23:22:04Z,23.94,61.69,99,0,48.07,100.80,597.00,1909.00,null,null,null
2023-08-25T23:23:04Z,23.93,61.67,99,0,40.03,100.81,597.00,1909.00,null,null,null
2023-08-25T23:24:04Z,23.94,61.70,99,0,40.49,100.80,588.00,1902.00,null,null,null
2023-08-25T23:25:04Z,23.93,61.76,99,0,45.44,100.81,576.00,1894.00,0,0,0
2023-08-25T23:26:04Z,23.96,61.72,99,0,48.19,100.81,559.00,1883.00,null,null,null
2023-08-25T23:27:04Z,23.94,61.66,99,0,50.72,100.81,552.00,1878.00,null,null,null
2023-08-25T23:28:04Z,23.93,61.72,99,0,41.46,100.81,543.00,1870.00,null,null,null
2023-08-25T23:29:04Z,23.96,61.72,99,0,54.48,100.81,513.00,1848.00,null,null,null
2023-08-25T23:30:04Z,23.94,61.75,99,0,40.65,100.81,513.00,1848.00,1,1,1
2023-08-25T23:31:04Z,23.94,61.69,99,0,48.52,100.81,499.00,1838.00,null,null,null
2023-08-25T23:32:04Z,23.97,61.74,99,0,44.56,100.81,483.00,1827.00,null,null,null
2023-08-25T23:33:04Z,23.94,61.78,99,0,64.08,100.81,497.00,1836.00,null,null,null
2023-08-25T23:34:04Z,23.94,61.91,99,0,46.58,100.81,497.00,1836.00,null,null,null
2023-08-25T23:35:04Z,23.93,61.91,99,0,38.84,100.81,479.00,1823.00,1,1,1
2023-08-25T23:36:04Z,23.96,61.87,99,0,49.47,100.81,469.00,1815.00,null,null,null
2023-08-25T23:37:04Z,23.94,61.86,99,0,45.05,100.81,469.00,1815.00,null,null,null
2023-08-25T23:38:04Z,23.93,61.97,99,0,45.90,100.81,469.00,1815.00,null,null,null
2023-08-25T23:39:04Z,23.93,62.01,99,0,44.42,100.80,461.00,1810.00,null,null,null
2023-08-25T23:40:04Z,23.93,62.01,99,0,45.17,100.80,451.00,1801.00,0,0,0
2023-08-25T23:41:04Z,23.96,62.05,99,0,37.83,100.81,438.00,1789.00,null,null,null
2023-08-25T23:42:04Z,23.96,62.03,99,0,42.34,100.81,445.00,1796.00,null,null,null
2023-08-25T23:43:04Z,23.94,61.96,99,0,39.56,100.80,438.00,1789.00,null,null,null
2023-08-25T23:44:04Z,23.96,61.97,99,0,61.94,100.80,438.00,1789.00,null,null,null
2023-08-25T23:45:04Z,23.94,61.95,99,0,46.38,100.80,445.00,1796.00,1,1,1
2023-08-25T23:46:04Z,23.91,61.97,99,0,41.27,100.80,428.00,1780.00,null,null,null
2023-08-25T23:47:04Z,23.96,61.95,99,0,45.77,100.79,428.00,1780.00,null,null,null
2023-08-25T23:48:04Z,23.96,61.89,99,0,42.55,100.80,438.00,1789.00,null,null,null
2023-08-25T23:49:04Z,23.94,61.87,99,0,45.70,100.80,421.00,1774.00,null,null,null
2023-08-25T23:50:04Z,23.93,61.89,99,0,42.64,100.79,428.00,1780.00,1,1,1
2023-08-25T23:51:04Z,23.94,61.90,99,0,45.16,100.79,411.00,1767.00,null,null,null
2023-08-25T23:52:04Z,23.91,61.91,99,0,37.82,100.79,421.00,1774.00,null,null,null
2023-08-25T23:53:04Z,23.94,61.87,99,0,42.39,100.79,411.00,1767.00,null,null,null
2023-08-25T23:54:04Z,23.94,61.88,99,0,43.12,100.79,421.00,1774.00,null,null,null
2023-08-25T23:55:04Z,23.93,61.86,99,0,43.60,100.79,411.00,1767.00,1,1,1
2023-08-25T23:56:04Z,23.96,61.85,99,0,44.84,100.79,411.00,1767.00,null,null,null
2023-08-25T23:57:04Z,23.94,61.79,99,0,47.93,100.79,404.00,1761.00,null,null,null
2023-08-25T23:58:04Z,23.93,61.82,99,0,41.42,100.79,411.00,1767.00,null,null,null
2023-08-25T23:59:04Z,23.93,61.80,99,0,36.24,100.80,404.00,1761.00,null,null,null
