TIME,TEMP,HUM,BATT,LIGHT,NOISE_A,PRESS,CCS811_VOCS,CCS811_ECO2,PM_1,PM_25,PM_10
ISO 8601,C,%,%,Lux,dBA,kPa,ppb,ppm,ug/m3,ug/m3,ug/m3
Time,Temperature,Humidity,Battery,Light,Noise dBA,Barometric pressure,VOC Gas CCS811,eCO2 Gas CCS811,PM 1.0,PM 2.5,PM 10.0
,55,56,10,14,53,58,113,112,89,87,88
2023-08-08T00:00:58Z,21.90,58.47,99,0,22.78,101.86,0.00,400.00,null,null,null
2023-08-08T00:01:58Z,21.88,58.40,99,0,28.02,101.85,0.00,400.00,1,1,1
2023-08-08T00:02:58Z,21.90,58.35,99,0,24.39,101.86,0.00,400.00,null,null,null
2023-08-08T00:03:58Z,21.90,58.43,99,0,21.78,101.86,0.00,400.00,null,null,null
2023-08-08T00:04:58Z,21.88,58.40,99,0,27.45,101.86,0.00,400.00,null,null,null
2023-08-08T00:05:58Z,21.87,58.44,99,0,24.50,101.86,0.00,400.00,null,null,null
2023-08-08T00:06:58Z,21.87,58.45,99,0,26.84,101.86,0.00,400.00,1,2,2
2023-08-08T00:07:58Z,21.87,58.42,99,0,21.92,101.86,0.00,400.00,null,null,null
2023-08-08T00:08:58Z,21.90,58.38,99,0,24.35,101.86,0.00,400.00,null,null,null
2023-08-08T00:09:58Z,21.88,58.44,99,0,21.41,101.87,0.00,400.00,null,null,null
2023-08-08T00:10:58Z,21.87,58.48,99,0,30.82,101.87,0.00,400.00,null,null,null
2023-08-08T00:11:58Z,21.87,58.46,99,0,26.43,101.87,0.00,405.00,0,0,0
2023-08-08T00:12:58Z,21.87,58.46,99,0,30.91,101.87,0.00,405.00,null,null,null
2023-08-08T00:13:58Z,21.90,58.42,99,0,26.19,101.87,0.00,405.00,null,null,null
2023-08-08T00:14:58Z,21.86,58.49,99,0,25.82,101.87,0.00,400.00,null,null,null
2023-08-08T00:15:58Z,21.86,58.49,99,0,26.03,101.87,0.00,400.00,null,null,null
2023-08-08T00:16:58Z,21.86,58.53,99,0,22.72,101.86,0.00,405.00,1,1,1
2023-08-08T00:17:58Z,21.86,58.42,99,0,21.56,101.86,0.00,400.00,null,null,null
2023-08-08T00:18:58Z,21.87,58.47,99,0,21.64,101.86,0.00,405.00,null,null,null
2023-08-08T00:19:58Z,21.86,58.48,99,0,25.47,101.86,0.00,405.00,null,null,null
2023-08-08T00:20:58Z,21.84,58.53,99,0,28.93,101.86,0.00,400.00,null,null,null
2023-08-08T00:21:58Z,21.84,58.47,99,0,24.54,101.85,0.00,400.00,1,2,2
2023-08-08T00:22:58Z,21.84,58.48,99,0,23.94,101.85,0.00,400.00,null,null,null
2023-08-08T00:23:58Z,21.84,58.47,99,0,26.43,101.85,0.00,405.00,null,null,null
2023-08-08T00:24:58Z,21.86,58.52,99,0,26.19,101.85,0.00,405.00,null,null,null
2023-08-08T00:25:58Z,21.86,58.51,99,0,23.35,101.85,0.00,400.00,null,null,null
2023-08-08T00:26:58Z,21.83,58.48,99,0,25.79,101.85,0.00,400.00,0,0,0
2023-08-08T00:27:58Z,21.84,58.46,99,0,22.94,101.85,0.00,400.00,null,null,null
2023-08-08T00:28:58Z,21.83,58.55,99,0,23.40,101.85,0.00,405.00,null,null,null
2023-08-08T00:29:58Z,21.84,58.58,99,0,22.43,101.85,1.00,409.00,null,null,null
2023-08-08T00:30:58Z,21.84,58.62,99,0,24.39,101.84,1.00,409.00,null,null,null
2023-08-08T00:31:58Z,21.83,58.64,99,0,35.57,101.84,0.00,405.00,0,0,0
2023-08-08T00:32:58Z,21.84,58.58,99,0,26.11,101.84,1.00,408.00,null,null,null
2023-08-08T00:33:58Z,21.81,58.63,99,0,45.84,101.84,1.00,408.00,null,null,null
2023-08-08T00:34:58Z,21.83,58.67,99,0,23.40,101.83,1.00,410.00,null,null,null
2023-08-08T00:35:58Z,21.81,58.72,99,0,24.89,101.83,1.00,410.00,null,null,null
2023-08-08T00:36:58Z,21.80,58.74,99,0,33.42,101.83,1.00,410.00,0,0,0
2023-08-08T00:37:58Z,21.84,58.74,99,0,26.00,101.82,0.00,406.00,null,null,null
2023-08-08T00:38:58Z,21.81,58.76,99,0,22.49,101.83,1.00,410.00,null,null,null
2023-08-08T00:39:58Z,21.84,58.78,99,0,20.85,101.83,0.00,406.00,null,null,null
2023-08-08T00:40:58Z,21.80,58.74,99,0,23.10,101.82,0.00,401.00,null,null,null
2023-08-08T00:41:58Z,21.81,58.79,99,0,23.94,101.82,0.00,400.00,2,2,2
2023-08-08T00:42:58Z,21.83,58.71,99,0,23.25,101.82,0.00,400.00,null,null,null
2023-08-08T00:43:58Z,21.83,58.72,99,0,31.07,101.82,1.00,408.00,null,null,null
2023-08-08T00:44:58Z,21.81,58.78,99,0,31.79,101.81,1.00,408.00,null,null,null
2023-08-08T00:45:58Z,21.83,58.82,99,0,24.54,101.81,2.00,414.00,null,null,null
2023-08-08T00:46:58Z,21.83,58.81,99,0,22.55,101.81,2.00,414.00,2,2,2
2023-08-08T00:47:58Z,21.81,58.85,99,0,20.67,101.81,1.00,408.00,null,null,null
2023-08-08T00:48:58Z,21.81,58.84,99,0,23.05,101.81,1.00,413.00,null,null,null
2023-08-08T00:49:58Z,21.81,58.90,99,0,20.58,101.81,1.00,410.00,null,null,null
2023-08-08T00:50:58Z,21.83,58.87,99,0,21.02,101.81,1.00,410.00,null,null,null
2023-08-08T00:51:58Z,21.83,58.87,99,0,24.43,101.81,0.00,401.00,0,0,0
2023-08-08T00:52:58Z,21.83,58.82,99,0,24.50,101.81,0.00,400.00,null,null,null
2023-08-08T00:53:58Z,21.84,58.79,99,0,25.19,101.81,0.00,400.00,null,null,null
2023-08-08T00:54:58Z,21.81,58.78,99,0,21.56,101.81,0.00,400.00,null,null,null
2023-08-08T00:55:58Z,21.81,58.77,99,0,25.13,101.81,0.00,400.00,null,null,null
2023-08-08T00:56:58Z,21.81,58.82,99,0,25.65,101.81,0.00,400.00,1,1,1
2023-08-08T00:57:58Z,21.83,58.74,99,0,22.72,101.81,0.00,400.00,null,null,null
2023-08-08T00:58:58Z,21.78,58.78,99,0,24.11,101.80,0.00,403.00,null,null,null
2023-08-08T00:59:58Z,21.81,58.77,99,0,27.78,101.80,0.00,400.00,null,null,null
2023-08-08T01:00:58Z,21.80,58.79,99,0,34.21,101.80,0.00,400.00,null,null,null
2023-08-08T01:01:58Z,21.80,58.84,99,0,22.49,101.81,0.00,400.00,0,0,0
2023-08-08T01:02:58Z,21.81,58.79,99,0,22.55,101.81,0.00,400.00,null,null,null
2023-08-08T01:03:58Z,21.81,58.76,99,0,21.78,101.81,0.00,405.00,null,null,null
2023-08-08T01:04:58Z,21.80,58.80,99,0,22.78,101.81,0.00,400.00,null,null,null
2023-08-08T01:05:58Z,21.80,58.84,99,0,23.40,101.81,0.00,400.00,null,null,null
2023-08-08T01:06:58Z,21.81,58.85,99,0,23.40,101.81,0.00,405.00,1,1,1
2023-08-08T01:07:58Z,21.80,58.82,99,0,22.18,101.81,0.00,400.00,null,null,null
2023-08-08T01:08:58Z,21.81,58.86,99,0,25.09,101.80,0.00,405.00,null,null,null
2023-08-08T01:09:58Z,21.77,58.90,99,0,21.10,101.80,0.00,400.00,null,null,null
2023-08-08T01:10:58Z,21.78,58.87,99,0,20.93,101.80,0.00,405.00,null,null,null
2023-08-08T01:11:58Z,21.78,58.90,99,0,26.06,101.81,0.00,400.00,3,3,3
2023-08-08T01:12:58Z,21.78,58.92,99,0,23.20,101.80,0.00,405.00,null,null,null
2023-08-08T01:13:58Z,21.78,58.88,99,0,23.20,101.80,1.00,409.00,null,null,null
2023-08-08T01:14:58Z,21.78,58.95,99,0,27.82,101.80,0.00,405.00,null,null,null
2023-08-08T01:15:58Z,21.78,58.96,99,0,22.12,101.79,0.00,405.00,null,null,null
2023-08-08T01:16:58Z,21.76,58.98,99,0,24.39,101.79,0.00,403.00,1,1,1
2023-08-08T01:17:58Z,21.80,58.97,99,0,21.71,101.79,0.00,403.00,null,null,null
2023-08-08T01:18:58Z,21.77,59.00,99,0,27.53,101.79,0.00,401.00,null,null,null
2023-08-08T01:19:58Z,21.77,59.08,99,0,25.90,101.79,1.00,410.00,null,null,null
2023-08-08T01:20:58Z,21.77,59.11,99,0,26.95,101.78,2.00,415.00,null,null,null
2023-08-08T01:21:58Z,21.76,59.12,99,0,24.11,101.78,2.00,415.00,3,3,3
2023-08-08T01:22:58Z,21.78,59.17,99,0,32.03,101.79,2.00,414.00,null,null,null
2023-08-08T01:23:58Z,21.77,59.17,99,0,21.92,101.79,2.00,414.00,null,null,null
2023-08-08T01:24:58Z,21.76,59.18,99,0,28.66,101.79,2.00,414.00,null,null,null
2023-08-08T01:25:58Z,21.74,59.21,99,0,23.49,101.79,3.00,423.00,null,null,null
2023-08-08T01:26:58Z,21.74,59.22,99,0,22.72,101.78,5.00,433.00,0,0,0
2023-08-08T01:27:58Z,21.77,59.21,99,0,21.10,101.78,5.00,438.00,null,null,null
2023-08-08T01:28:58Z,21.76,59.21,99,0,24.46,101.78,2.00,415.00,null,null,null
2023-08-08T01:29:58Z,21.76,59.21,99,0,null,101.78,2.00,415.00,null,null,null
2023-08-08T01:30:58Z,21.76,59.22,99,0,24.65,101.78,2.00,415.00,null,null,null
2023-08-08T01:31:58Z,21.77,59.18,99,0,22.18,101.78,1.00,410.00,1,1,1
2023-08-08T01:32:58Z,21.76,59.23,99,0,23.30,101.78,1.00,408.00,null,null,null
2023-08-08T01:33:58Z,21.74,59.20,99,0,22.94,101.78,1.00,408.00,null,null,null
2023-08-08T01:34:58Z,21.78,59.19,99,0,22.99,101.78,3.00,422.00,null,null,null
2023-08-08T01:35:58Z,21.74,59.26,99,0,22.05,101.78,1.00,407.00,null,null,null
2023-08-08T01:36:58Z,21.73,59.26,99,0,21.78,101.78,2.00,415.00,1,1,1
2023-08-08T01:37:58Z,21.74,59.22,99,0,21.92,101.78,3.00,420.00,null,null,null
2023-08-08T01:38:58Z,21.74,59.18,99,0,23.63,101.78,3.00,420.00,null,null,null
2023-08-08T01:39:58Z,21.74,59.22,99,0,21.71,101.78,2.00,418.00,null,null,null
2023-08-08T01:40:58Z,21.74,59.20,99,0,46.81,101.78,2.00,418.00,null,null,null
2023-08-08T01:41:58Z,21.73,59.22,99,0,29.33,101.78,2.00,417.00,1,3,3
2023-08-08T01:42:58Z,21.73,59.20,99,0,19.98,101.78,2.00,417.00,null,null,null
2023-08-08T01:43:58Z,21.71,59.28,99,0,45.48,101.78,2.00,416.00,null,null,null
2023-08-08T01:44:58Z,21.73,59.25,99,0,39.78,101.78,1.00,411.00,null,null,null
2023-08-08T01:45:58Z,21.71,59.28,99,0,43.28,101.78,1.00,410.00,null,null,null
2023-08-08T01:46:58Z,21.71,59.27,99,0,46.77,101.78,1.00,410.00,0,0,0
2023-08-08T01:47:58Z,21.70,59.20,99,0,44.47,101.78,1.00,409.00,null,null,null
2023-08-08T01:48:58Z,21.71,59.30,99,0,34.31,101.78,1.00,410.00,null,null,null
2023-08-08T01:49:58Z,21.71,59.25,99,0,47.74,101.78,1.00,410.00,null,null,null
2023-08-08T01:50:58Z,21.71,59.32,99,0,29.41,101.78,1.00,409.00,null,null,null
2023-08-08T01:51:58Z,21.70,59.29,99,0,32.60,101.78,1.00,407.00,0,0,0
2023-08-08T01:52:58Z,21.73,59.27,99,0,34.08,101.79,0.00,403.00,null,null,null
2023-08-08T01:53:58Z,21.69,59.30,99,0,45.19,101.79,1.00,407.00,null,null,null
2023-08-08T01:54:58Z,21.70,59.30,99,0,24.43,101.79,1.00,407.00,null,null,null
2023-08-08T01:55:58Z,21.69,59.34,99,0,22.37,101.80,0.00,406.00,null,null,null
2023-08-08T01:56:58Z,21.69,59.37,99,0,33.64,101.79,1.00,410.00,1,1,1
2023-08-08T01:57:58Z,21.71,59.35,99,0,23.25,101.80,0.00,400.00,null,null,null
2023-08-08T01:58:58Z,21.70,59.31,99,0,39.31,101.80,0.00,403.00,null,null,null
2023-08-08T01:59:58Z,21.70,59.36,99,0,47.44,101.80,0.00,403.00,null,null,null
2023-08-08T02:00:58Z,21.69,59.40,99,0,22.18,101.80,0.00,403.00,null,null,null
2023-08-08T02:01:58Z,21.70,59.40,99,0,25.41,101.80,1.00,408.00,0,0,0
2023-08-08T02:02:58Z,21.71,59.40,99,0,23.35,101.80,0.00,402.00,null,null,null
2023-08-08T02:03:58Z,21.69,59.50,99,0,23.59,101.80,1.00,411.00,null,null,null
2023-08-08T02:04:58Z,21.69,59.45,99,0,23.49,101.80,0.00,400.00,null,null,null
2023-08-08T02:05:58Z,21.70,59.45,99,0,22.05,101.80,0.00,400.00,null,null,null
2023-08-08T02:06:58Z,21.66,59.47,99,0,27.97,101.80,0.00,405.00,1,1,1
2023-08-08T02:07:58Z,21.70,59.49,99,0,26.48,101.80,0.00,405.00,null,null,null
2023-08-08T02:08:58Z,21.69,59.43,99,0,28.52,101.80,0.00,400.00,null,null,null
2023-08-08T02:09:58Z,21.70,59.50,99,0,21.99,101.80,0.00,400.00,null,null,null
2023-08-08T02:10:58Z,21.69,59.48,99,0,23.63,101.80,0.00,400.00,null,null,null
2023-08-08T02:11:58Z,21.67,59.48,99,0,22.83,101.80,0.00,400.00,0,0,0
2023-08-08T02:12:58Z,21.69,59.47,99,0,23.77,101.80,0.00,400.00,null,null,null
2023-08-08T02:13:58Z,21.67,59.51,99,0,28.33,101.80,0.00,406.00,null,null,null
2023-08-08T02:14:58Z,21.67,59.51,99,0,26.64,101.80,0.00,406.00,null,null,null
2023-08-08T02:15:58Z,21.69,59.50,99,0,21.26,101.81,2.00,414.00,null,null,null
2023-08-08T02:16:58Z,21.69,59.50,99,0,23.25,101.80,1.00,409.00,2,2,2
2023-08-08T02:17:58Z,21.71,59.53,99,0,20.76,101.79,1.00,409.00,null,null,null
2023-08-08T02:18:58Z,21.67,59.58,99,0,23.45,101.79,1.00,413.00,null,null,null
2023-08-08T02:19:58Z,21.69,59.53,99,0,22.99,101.79,1.00,413.00,null,null,null
2023-08-08T02:20:58Z,21.69,59.37,99,0,32.53,101.79,0.00,406.00,null,null,null
2023-08-08T02:21:58Z,21.66,59.43,99,0,31.68,101.79,0.00,400.00,4,7,7
2023-08-08T02:22:58Z,21.67,59.53,99,0,28.85,101.79,1.00,409.00,null,null,null
2023-08-08T02:23:58Z,21.67,59.63,99,0,33.76,101.79,3.00,423.00,null,null,null
2023-08-08T02:24:58Z,21.70,59.68,99,0,29.13,101.79,4.00,427.00,null,null,null
2023-08-08T02:25:58Z,21.69,59.74,99,0,37.91,101.79,5.00,434.00,null,null,null
2023-08-08T02:26:58Z,21.69,59.73,99,0,30.96,101.78,5.00,433.00,35,97,113
2023-08-08T02:27:58Z,21.67,59.76,99,0,31.25,101.78,5.00,433.00,null,null,null
2023-08-08T02:28:58Z,21.67,59.79,99,0,31.54,101.78,4.00,428.00,null,null,null
2023-08-08T02:29:58Z,21.70,59.79,99,0,30.51,101.77,4.00,428.00,null,null,null
2023-08-08T02:30:58Z,21.71,59.84,99,0,31.62,101.77,5.00,435.00,null,null,null
2023-08-08T02:31:58Z,21.69,59.89,99,0,31.48,101.77,5.00,435.00,73,151,199
2023-08-08T02:32:58Z,21.71,59.88,99,0,29.47,101.77,4.00,428.00,null,null,null
2023-08-08T02:33:58Z,21.71,59.84,99,0,28.77,101.77,4.00,427.00,null,null,null
2023-08-08T02:34:58Z,21.70,59.88,99,0,32.77,101.77,5.00,434.00,null,null,null
2023-08-08T02:35:58Z,21.71,59.88,99,0,34.01,101.77,3.00,425.00,null,null,null
2023-08-08T02:36:58Z,21.69,59.83,99,0,32.32,101.77,3.00,425.00,108,230,294
2023-08-08T02:37:58Z,21.71,59.92,99,0,32.73,101.77,3.00,420.00,null,null,null
2023-08-08T02:38:58Z,21.70,59.91,99,0,29.27,101.77,3.00,420.00,null,null,null
2023-08-08T02:39:58Z,21.70,59.87,99,0,27.47,101.77,4.00,428.00,null,null,null
2023-08-08T02:40:58Z,21.73,59.77,99,0,22.66,101.77,3.00,424.00,null,null,null
2023-08-08T02:41:58Z,21.71,59.60,99,0,46.86,101.77,0.00,400.00,68,176,240
2023-08-08T02:42:58Z,21.74,59.49,99,0,47.63,101.77,0.00,400.00,null,null,null
2023-08-08T02:43:58Z,21.74,59.44,99,0,22.18,101.77,0.00,400.00,null,null,null
2023-08-08T02:44:58Z,21.73,59.39,99,0,41.13,101.77,0.00,400.00,null,null,null
2023-08-08T02:45:58Z,21.73,59.40,99,0,41.66,101.77,1.00,409.00,null,null,null
2023-08-08T02:46:58Z,21.73,59.38,99,0,57.31,101.77,2.00,414.00,35,61,82
2023-08-08T02:47:58Z,21.73,59.33,99,0,39.01,101.77,2.00,418.00,null,null,null
2023-08-08T02:48:58Z,21.73,59.32,99,0,24.68,101.77,4.00,427.00,null,null,null
2023-08-08T02:49:58Z,21.74,59.32,99,0,21.99,101.78,3.00,426.00,null,null,null
2023-08-08T02:50:58Z,21.73,59.28,99,0,24.58,101.78,5.00,438.00,null,null,null
2023-08-08T02:51:58Z,21.74,59.32,99,0,22.24,101.78,6.00,441.00,42,84,99
2023-08-08T02:52:58Z,21.71,59.28,99,0,23.05,101.78,6.00,445.00,null,null,null
2023-08-08T02:53:58Z,21.76,59.24,99,0,22.49,101.78,6.00,445.00,null,null,null
2023-08-08T02:54:58Z,21.74,59.27,99,0,23.40,101.78,5.00,434.00,null,null,null
2023-08-08T02:55:58Z,21.74,59.25,99,0,52.98,101.77,8.00,455.00,null,null,null
2023-08-08T02:56:58Z,21.73,59.29,99,0,21.71,101.77,9.00,463.00,31,68,79
2023-08-08T02:57:58Z,21.74,59.30,99,0,21.92,101.77,11.00,476.00,null,null,null
2023-08-08T02:58:58Z,21.74,59.36,99,0,24.35,101.77,12.00,485.00,null,null,null
2023-08-08T02:59:58Z,21.71,59.36,99,0,21.85,101.77,11.00,473.00,null,null,null
2023-08-08T03:00:58Z,21.73,59.29,99,0,21.92,101.77,10.00,472.00,null,null,null
2023-08-08T03:01:58Z,21.73,59.32,99,0,21.78,101.76,9.00,460.00,31,60,71
2023-08-08T03:02:58Z,21.73,59.24,99,0,21.85,101.76,7.00,450.00,null,null,null
2023-08-08T03:03:58Z,21.71,59.21,99,0,22.37,101.76,7.00,450.00,null,null,null
2023-08-08T03:04:58Z,21.73,59.14,99,0,22.78,101.76,7.00,450.00,null,null,null
2023-08-08T03:05:58Z,21.71,59.18,99,0,22.78,101.76,5.00,435.00,null,null,null
2023-08-08T03:06:58Z,21.69,59.17,99,0,20.09,101.77,5.00,433.00,23,33,60
2023-08-08T03:07:58Z,21.71,59.09,99,0,22.99,101.76,2.00,418.00,null,null,null
2023-08-08T03:08:58Z,21.73,59.12,99,0,22.31,101.77,3.00,425.00,null,null,null
2023-08-08T03:09:58Z,21.71,59.12,99,0,23.45,101.76,3.00,421.00,null,null,null
2023-08-08T03:10:58Z,21.71,59.09,99,0,20.09,101.77,4.00,427.00,null,null,null
2023-08-08T03:11:58Z,21.70,59.13,99,0,23.94,101.76,3.00,423.00,18,28,28
2023-08-08T03:12:58Z,21.71,59.07,99,0,23.86,101.76,3.00,423.00,null,null,null
2023-08-08T03:13:58Z,21.70,59.10,99,0,21.41,101.76,3.00,426.00,null,null,null
2023-08-08T03:14:58Z,21.69,59.14,99,0,23.40,101.76,3.00,426.00,null,null,null
2023-08-08T03:15:58Z,21.67,59.09,99,0,21.85,101.76,3.00,425.00,null,null,null
2023-08-08T03:16:58Z,21.66,59.12,99,0,23.86,101.77,3.00,421.00,26,34,56
2023-08-08T03:17:58Z,21.67,59.12,99,0,23.30,101.77,3.00,424.00,null,null,null
2023-08-08T03:18:58Z,21.67,59.09,99,0,20.29,101.77,3.00,424.00,null,null,null
2023-08-08T03:19:58Z,21.69,59.10,99,0,20.93,101.77,3.00,423.00,null,null,null
2023-08-08T03:20:58Z,21.69,59.16,99,0,23.63,101.76,3.00,423.00,null,null,null
2023-08-08T03:21:58Z,21.67,59.13,99,0,23.15,101.77,3.00,423.00,15,34,34
2023-08-08T03:22:58Z,21.64,59.15,99,0,22.83,101.77,3.00,422.00,null,null,null
2023-08-08T03:23:58Z,21.67,59.20,99,0,23.59,101.77,3.00,422.00,null,null,null
2023-08-08T03:24:58Z,21.67,59.12,99,0,22.49,101.77,3.00,420.00,null,null,null
2023-08-08T03:25:58Z,21.64,59.19,99,0,21.26,101.77,3.00,420.00,null,null,null
2023-08-08T03:26:58Z,21.64,59.21,99,0,21.99,101.77,2.00,415.00,22,37,47
2023-08-08T03:27:58Z,21.63,59.19,99,0,28.14,101.77,2.00,415.00,null,null,null
2023-08-08T03:28:58Z,21.64,59.18,99,0,23.40,101.77,3.00,424.00,null,null,null
2023-08-08T03:29:58Z,21.63,59.16,99,0,24.23,101.77,3.00,424.00,null,null,null
2023-08-08T03:30:58Z,21.63,59.22,99,0,27.75,101.78,2.00,418.00,null,null,null
2023-08-08T03:31:58Z,21.61,59.26,99,0,26.36,101.78,2.00,418.00,14,39,60
2023-08-08T03:32:58Z,21.64,59.20,99,0,26.71,101.78,1.00,411.00,null,null,null
2023-08-08T03:33:58Z,21.63,59.28,99,0,25.76,101.78,2.00,416.00,null,null,null
2023-08-08T03:34:58Z,21.64,59.31,99,0,39.16,101.79,3.00,420.00,null,null,null
2023-08-08T03:35:58Z,21.63,59.28,99,0,23.98,101.78,3.00,420.00,null,null,null
2023-08-08T03:36:58Z,21.61,59.34,99,0,23.59,101.79,2.00,417.00,18,30,46
2023-08-08T03:37:58Z,21.60,59.35,99,0,23.86,101.79,2.00,417.00,null,null,null
2023-08-08T03:38:58Z,21.61,59.41,99,0,23.25,101.79,2.00,416.00,null,null,null
2023-08-08T03:39:58Z,21.64,59.45,99,0,20.93,101.79,2.00,416.00,null,null,null
2023-08-08T03:40:58Z,21.61,59.44,99,0,21.26,101.79,3.00,425.00,null,null,null
2023-08-08T03:41:58Z,21.61,59.46,99,0,21.34,101.79,3.00,420.00,20,35,35
2023-08-08T03:42:58Z,21.60,59.46,99,0,35.42,101.80,3.00,420.00,null,null,null
2023-08-08T03:43:58Z,21.63,59.46,99,0,22.05,101.79,2.00,418.00,null,null,null
2023-08-08T03:44:58Z,21.60,59.46,99,0,21.85,101.79,2.00,418.00,null,null,null
2023-08-08T03:45:58Z,21.61,59.53,99,0,24.93,101.79,2.00,417.00,null,null,null
2023-08-08T03:46:58Z,21.60,59.61,99,0,21.02,101.78,2.00,417.00,16,28,28
2023-08-08T03:47:58Z,21.60,59.61,99,0,23.68,101.78,2.00,417.00,null,null,null
2023-08-08T03:48:58Z,21.60,59.62,99,0,22.78,101.78,2.00,416.00,null,null,null
2023-08-08T03:49:58Z,21.57,59.62,99,0,24.19,101.78,1.00,411.00,null,null,null
2023-08-08T03:50:58Z,21.60,59.66,99,0,23.63,101.77,2.00,415.00,null,null,null
2023-08-08T03:51:58Z,21.57,59.72,99,0,22.49,101.77,1.00,410.00,14,31,47
2023-08-08T03:52:58Z,21.57,59.72,99,0,25.84,101.78,1.00,410.00,null,null,null
2023-08-08T03:53:58Z,21.60,59.73,99,0,22.99,101.78,2.00,418.00,null,null,null
2023-08-08T03:54:58Z,21.60,59.79,99,0,23.45,101.77,2.00,418.00,null,null,null
2023-08-08T03:55:58Z,21.60,59.79,99,0,31.84,101.77,1.00,409.00,null,null,null
2023-08-08T03:56:58Z,21.57,59.83,99,0,30.75,101.77,1.00,413.00,9,20,41
2023-08-08T03:57:58Z,21.60,59.83,99,0,23.81,101.77,1.00,408.00,null,null,null
2023-08-08T03:58:58Z,21.57,59.88,99,0,24.46,101.77,0.00,406.00,null,null,null
2023-08-08T03:59:58Z,21.59,59.89,99,0,22.37,101.77,0.00,406.00,null,null,null
2023-08-08T04:00:58Z,21.57,59.94,99,0,23.10,101.77,0.00,406.00,null,null,null
2023-08-08T04:01:58Z,21.56,59.91,99,0,22.61,101.77,0.00,406.00,15,23,23
2023-08-08T04:02:58Z,21.56,59.94,99,0,32.50,101.77,0.00,402.00,null,null,null
2023-08-08T04:03:58Z,21.57,59.95,99,0,19.98,101.77,1.00,407.00,null,null,null
2023-08-08T04:04:58Z,21.59,60.00,99,0,29.49,101.77,1.00,407.00,null,null,null
2023-08-08T04:05:58Z,21.57,60.07,99,0,22.05,101.76,0.00,406.00,null,null,null
2023-08-08T04:06:58Z,21.56,60.05,99,0,25.82,101.77,1.00,410.00,11,21,21
2023-08-08T04:07:58Z,21.56,60.07,99,0,23.72,101.76,0.00,406.00,null,null,null
2023-08-08T04:08:58Z,21.57,60.13,99,0,35.96,101.77,0.00,406.00,null,null,null
2023-08-08T04:09:58Z,21.56,60.15,99,0,24.39,101.77,0.00,403.00,null,null,null
2023-08-08T04:10:58Z,21.56,60.25,99,0,33.97,101.77,1.00,413.00,null,null,null
2023-08-08T04:11:58Z,21.54,60.35,99,0,26.57,101.77,2.00,414.00,13,21,32
2023-08-08T04:12:58Z,21.54,60.41,99,0,54.85,101.77,1.00,408.00,null,null,null
2023-08-08T04:13:58Z,21.54,60.48,99,0,35.14,101.77,1.00,408.00,null,null,null
2023-08-08T04:14:58Z,21.57,60.59,99,0,46.22,101.77,1.00,411.00,null,null,null
2023-08-08T04:15:58Z,21.54,60.68,99,0,57.31,101.77,2.00,416.00,null,null,null
2023-08-08T04:16:58Z,21.51,60.72,99,0,28.06,101.76,2.00,416.00,9,11,26
2023-08-08T04:17:58Z,21.53,60.83,99,0,25.59,101.77,2.00,415.00,null,null,null
2023-08-08T04:18:58Z,21.53,60.91,99,0,64.80,101.77,2.00,416.00,null,null,null
2023-08-08T04:19:58Z,21.56,60.92,99,0,47.33,101.77,3.00,421.00,null,null,null
2023-08-08T04:20:58Z,21.54,61.05,99,0,56.78,101.77,3.00,424.00,null,null,null
2023-08-08T04:21:58Z,21.54,61.04,99,0,30.85,101.78,3.00,424.00,27,44,86
2023-08-08T04:22:58Z,21.59,61.24,99,0,60.97,101.78,6.00,444.00,null,null,null
2023-08-08T04:23:58Z,21.56,61.22,99,0,65.54,101.79,9.00,465.00,null,null,null
2023-08-08T04:24:58Z,21.56,61.20,99,0,43.91,101.78,9.00,464.00,null,null,null
2023-08-08T04:25:58Z,21.56,61.24,99,0,65.32,101.78,9.00,464.00,null,null,null
2023-08-08T04:26:58Z,21.54,61.33,99,0,40.93,101.79,10.00,466.00,35,90,127
2023-08-08T04:27:58Z,21.56,61.57,99,0,30.87,101.79,10.00,470.00,null,null,null
2023-08-08T04:28:58Z,21.59,61.43,99,0,30.97,101.78,11.00,476.00,null,null,null
2023-08-08T04:29:58Z,21.54,61.51,99,0,30.01,101.79,12.00,480.00,null,null,null
2023-08-08T04:30:58Z,21.56,61.46,99,0,30.64,101.79,11.00,477.00,null,null,null
2023-08-08T04:31:58Z,21.56,61.47,99,0,35.27,101.79,10.00,472.00,24,43,85
2023-08-08T04:32:58Z,21.57,61.61,99,0,32.62,101.78,10.00,472.00,null,null,null
2023-08-08T04:33:58Z,21.54,61.55,99,0,47.95,101.79,10.00,472.00,null,null,null
2023-08-08T04:34:58Z,21.57,61.57,99,0,22.49,101.79,10.00,472.00,null,null,null
2023-08-08T04:35:58Z,21.56,61.35,99,0,33.97,101.79,3.00,425.00,null,null,null
2023-08-08T04:36:58Z,21.56,60.67,99,0,28.92,101.78,4.00,432.00,18,31,46
2023-08-08T04:37:58Z,21.56,60.27,99,0,26.91,101.78,59.00,791.00,null,null,null
2023-08-08T04:38:58Z,21.56,60.19,99,0,23.45,101.79,26.00,572.00,null,null,null
2023-08-08T04:39:58Z,21.54,60.35,99,0,23.86,101.78,26.00,575.00,null,null,null
2023-08-08T04:40:58Z,21.51,60.48,99,0,20.93,101.78,17.00,517.00,null,null,null
2023-08-08T04:41:58Z,21.51,60.67,99,0,22.83,101.78,17.00,517.00,5,12,34
2023-08-08T04:42:58Z,21.50,60.75,99,0,22.83,101.78,12.00,482.00,null,null,null
2023-08-08T04:43:58Z,21.51,60.85,99,0,21.10,101.78,11.00,477.00,null,null,null
2023-08-08T04:44:58Z,21.51,60.89,99,0,23.63,101.78,11.00,477.00,null,null,null
2023-08-08T04:45:58Z,21.50,60.94,99,0,21.78,101.78,12.00,482.00,null,null,null
2023-08-08T04:46:58Z,21.46,60.97,99,0,22.78,101.77,11.00,475.00,10,20,35
2023-08-08T04:47:58Z,21.46,60.99,99,0,21.71,101.77,11.00,473.00,null,null,null
2023-08-08T04:48:58Z,21.47,61.02,99,0,22.55,101.77,11.00,473.00,null,null,null
2023-08-08T04:49:58Z,21.45,61.02,99,0,23.40,101.77,9.00,465.00,null,null,null
2023-08-08T04:50:58Z,21.45,61.05,99,0,23.68,101.77,9.00,464.00,null,null,null
2023-08-08T04:51:58Z,21.45,61.09,99,0,22.89,101.77,9.00,460.00,8,14,14
2023-08-08T04:52:58Z,21.43,61.13,99,0,21.92,101.77,7.00,451.00,null,null,null
2023-08-08T04:53:58Z,21.45,61.16,99,0,23.86,101.78,7.00,448.00,null,null,null
2023-08-08T04:54:58Z,21.42,61.12,99,0,23.40,101.78,7.00,448.00,null,null,null
2023-08-08T04:55:58Z,21.43,61.16,99,0,22.99,101.78,6.00,443.00,null,null,null
2023-08-08T04:56:58Z,21.40,61.14,99,0,22.18,101.78,6.00,443.00,11,17,17
2023-08-08T04:57:58Z,21.40,61.19,99,0,24.23,101.79,3.00,426.00,null,null,null
2023-08-08T04:58:58Z,21.40,61.19,99,0,24.61,101.78,3.00,426.00,null,null,null
2023-08-08T04:59:58Z,21.39,61.22,99,0,22.99,101.78,3.00,425.00,null,null,null
2023-08-08T05:00:58Z,21.39,61.19,99,0,23.86,101.78,2.00,416.00,null,null,null
2023-08-08T05:01:58Z,21.36,61.26,99,0,22.89,101.78,2.00,416.00,14,17,33
2023-08-08T05:02:58Z,21.38,61.26,99,0,20.67,101.78,1.00,410.00,null,null,null
2023-08-08T05:03:58Z,21.38,61.26,99,0,25.56,101.78,0.00,406.00,null,null,null
2023-08-08T05:04:58Z,21.36,61.27,99,0,19.98,101.77,1.00,408.00,null,null,null
2023-08-08T05:05:58Z,21.36,61.29,99,0,22.94,101.77,1.00,408.00,null,null,null
2023-08-08T05:06:58Z,21.35,61.31,99,0,25.67,101.76,0.00,403.00,6,8,8
2023-08-08T05:07:58Z,21.36,61.33,99,0,24.27,101.77,0.00,400.00,null,null,null
2023-08-08T05:08:58Z,21.35,61.27,99,0,23.40,101.77,0.00,400.00,null,null,null
2023-08-08T05:09:58Z,21.33,61.35,99,0,23.63,101.77,0.00,400.00,null,null,null
2023-08-08T05:10:58Z,21.33,61.34,99,0,20.48,101.77,0.00,405.00,null,null,null
2023-08-08T05:11:58Z,21.32,61.34,99,0,23.10,101.77,0.00,400.00,9,17,17
2023-08-08T05:12:58Z,21.32,61.37,99,0,24.15,101.77,0.00,400.00,null,null,null
2023-08-08T05:13:58Z,21.32,61.35,99,0,28.66,101.77,0.00,405.00,null,null,null
2023-08-08T05:14:58Z,21.29,61.39,99,0,24.89,101.77,0.00,400.00,null,null,null
2023-08-08T05:15:58Z,21.30,61.40,99,0,24.46,101.77,0.00,405.00,null,null,null
2023-08-08T05:16:58Z,21.32,61.42,99,0,26.31,101.77,0.00,400.00,5,14,45
2023-08-08T05:17:58Z,21.32,61.39,99,0,23.54,101.77,0.00,400.00,null,null,null
2023-08-08T05:18:58Z,21.30,61.42,99,0,25.35,101.77,0.00,400.00,null,null,null
2023-08-08T05:19:58Z,21.29,61.42,99,0,25.03,101.77,0.00,400.00,null,null,null
2023-08-08T05:20:58Z,21.28,61.39,99,0,34.36,101.76,0.00,400.00,null,null,null
2023-08-08T05:21:58Z,21.29,61.44,99,0,23.54,101.76,0.00,400.00,6,11,22
2023-08-08T05:22:58Z,21.26,61.44,99,0,26.11,101.75,0.00,400.00,null,null,null
2023-08-08T05:23:58Z,21.29,61.44,99,0,27.42,101.75,0.00,400.00,null,null,null
2023-08-08T05:24:58Z,21.28,61.43,99,0,21.99,101.75,0.00,400.00,null,null,null
2023-08-08T05:25:58Z,21.28,61.45,99,0,24.72,101.75,0.00,400.00,null,null,null
2023-08-08T05:26:58Z,21.28,61.45,99,0,27.99,101.75,0.00,400.00,7,14,14
2023-08-08T05:27:58Z,21.28,61.48,99,0,24.23,101.74,0.00,400.00,null,null,null
2023-08-08T05:28:58Z,21.25,61.45,99,0,24.89,101.75,0.00,400.00,null,null,null
2023-08-08T05:29:58Z,21.23,61.47,99,0,21.71,101.75,0.00,400.00,null,null,null
2023-08-08T05:30:58Z,21.22,61.49,99,0,23.15,101.75,0.00,400.00,null,null,null
2023-08-08T05:31:58Z,21.22,61.50,99,0,24.19,101.74,7.00,446.00,8,12,12
2023-08-08T05:32:58Z,21.23,61.52,99,0,25.59,101.74,6.00,442.00,null,null,null
2023-08-08T05:33:58Z,21.22,61.52,99,0,23.77,101.74,6.00,442.00,null,null,null
2023-08-08T05:34:58Z,21.23,61.52,99,0,26.97,101.75,6.00,442.00,null,null,null
2023-08-08T05:35:58Z,21.20,61.53,99,0,22.61,101.75,6.00,445.00,null,null,null
2023-08-08T05:36:58Z,21.22,61.56,99,0,23.72,101.75,6.00,441.00,6,6,6
2023-08-08T05:37:58Z,21.22,61.57,99,0,25.35,101.74,6.00,441.00,null,null,null
2023-08-08T05:38:58Z,21.22,61.58,99,0,24.68,101.75,5.00,433.00,null,null,null
2023-08-08T05:39:58Z,21.19,61.57,99,0,23.72,101.75,6.00,443.00,null,null,null
2023-08-08T05:40:58Z,21.19,61.57,99,0,27.59,101.75,5.00,438.00,null,null,null
2023-08-08T05:41:58Z,21.20,61.54,99,0,24.58,101.75,5.00,438.00,8,10,10
2023-08-08T05:42:58Z,21.19,61.59,99,0,23.30,101.75,5.00,433.00,null,null,null
2023-08-08T05:43:58Z,21.18,61.62,99,0,24.07,101.75,5.00,436.00,null,null,null
2023-08-08T05:44:58Z,21.18,61.64,99,0,23.72,101.75,4.00,432.00,null,null,null
2023-08-08T05:45:58Z,21.18,61.59,99,0,26.55,101.75,3.00,423.00,null,null,null
2023-08-08T05:46:58Z,21.18,61.67,99,0,23.86,101.75,4.00,427.00,9,21,32
2023-08-08T05:47:58Z,21.18,61.65,99,0,25.09,101.75,3.00,426.00,null,null,null
2023-08-08T05:48:58Z,21.15,61.61,99,0,25.06,101.75,3.00,422.00,null,null,null
2023-08-08T05:49:58Z,21.16,61.68,99,0,25.98,101.74,3.00,422.00,null,null,null
2023-08-08T05:50:58Z,21.16,61.65,99,0,27.60,101.74,3.00,422.00,null,null,null
2023-08-08T05:51:58Z,21.12,61.66,99,0,24.11,101.74,2.00,417.00,2,3,3
2023-08-08T05:52:58Z,21.16,61.69,99,0,23.54,101.74,2.00,415.00,null,null,null
2023-08-08T05:53:58Z,21.13,61.66,99,0,24.50,101.74,2.00,415.00,null,null,null
2023-08-08T05:54:58Z,21.16,61.64,99,0,22.99,101.74,2.00,415.00,null,null,null
2023-08-08T05:55:58Z,21.15,61.67,99,0,24.07,101.74,1.00,410.00,null,null,null
2023-08-08T05:56:58Z,21.15,61.69,99,0,24.07,101.75,2.00,414.00,2,3,3
2023-08-08T05:57:58Z,21.12,61.71,99,0,23.49,101.75,1.00,409.00,null,null,null
2023-08-08T05:58:58Z,21.12,61.68,99,0,26.16,101.75,1.00,407.00,null,null,null
2023-08-08T05:59:58Z,21.15,61.67,99,0,25.62,101.75,1.00,407.00,null,null,null
2023-08-08T06:00:58Z,21.13,61.70,99,0,24.19,101.74,0.00,406.00,null,null,null
2023-08-08T06:01:58Z,21.11,61.74,99,0,27.40,101.74,0.00,406.00,4,6,6
2023-08-08T06:02:58Z,21.13,61.76,99,0,28.76,101.74,0.00,406.00,null,null,null
2023-08-08T06:03:58Z,21.13,61.73,99,0,22.12,101.74,0.00,401.00,null,null,null
2023-08-08T06:04:58Z,21.13,61.74,99,0,23.77,101.74,0.00,400.00,null,null,null
2023-08-08T06:05:58Z,21.12,61.79,99,0,19.30,101.73,0.00,405.00,null,null,null
2023-08-08T06:06:58Z,21.12,61.76,99,0,27.40,101.74,0.00,401.00,5,6,17
2023-08-08T06:07:58Z,21.12,61.78,99,0,20.48,101.74,0.00,401.00,null,null,null
2023-08-08T06:08:58Z,21.15,61.75,99,0,22.43,101.73,0.00,401.00,null,null,null
2023-08-08T06:09:58Z,21.11,61.76,99,0,22.94,101.74,0.00,400.00,null,null,null
2023-08-08T06:10:58Z,21.09,61.76,99,0,21.85,101.73,0.00,400.00,null,null,null
2023-08-08T06:11:58Z,21.11,61.77,99,0,21.10,101.73,0.00,400.00,2,2,33
2023-08-08T06:12:58Z,21.11,61.80,99,0,23.90,101.74,0.00,400.00,null,null,null
2023-08-08T06:13:58Z,21.09,61.78,99,0,25.41,101.74,0.00,400.00,null,null,null
2023-08-08T06:14:58Z,21.12,61.80,99,0,23.40,101.74,0.00,400.00,null,null,null
2023-08-08T06:15:58Z,21.09,61.78,99,0,23.40,101.74,0.00,400.00,null,null,null
2023-08-08T06:16:58Z,21.09,61.83,99,0,24.46,101.74,0.00,400.00,2,2,2
2023-08-08T06:17:58Z,21.08,61.83,99,0,27.51,101.74,0.00,400.00,null,null,null
2023-08-08T06:18:58Z,21.11,61.82,99,0,23.20,101.74,0.00,400.00,null,null,null
2023-08-08T06:19:58Z,21.11,61.83,99,0,23.81,101.74,0.00,400.00,null,null,null
2023-08-08T06:20:58Z,21.08,61.82,99,0,25.16,101.74,0.00,400.00,null,null,null
2023-08-08T06:21:58Z,21.08,61.83,99,0,22.05,101.75,0.00,400.00,3,3,3
2023-08-08T06:22:58Z,21.06,61.85,99,0,23.86,101.74,0.00,400.00,null,null,null
2023-08-08T06:23:58Z,21.06,61.87,99,0,22.89,101.74,0.00,405.00,null,null,null
2023-08-08T06:24:58Z,21.08,61.86,99,0,23.10,101.74,0.00,400.00,null,null,null
2023-08-08T06:25:58Z,21.09,61.87,99,0,24.89,101.74,0.00,405.00,null,null,null
2023-08-08T06:26:58Z,21.06,61.85,99,0,24.79,101.74,0.00,405.00,3,3,3
2023-08-08T06:27:58Z,21.06,61.92,99,0,23.05,101.75,0.00,400.00,null,null,null
2023-08-08T06:28:58Z,21.08,61.88,99,0,24.19,101.75,0.00,400.00,null,null,null
2023-08-08T06:29:58Z,21.08,61.85,99,0,24.31,101.74,0.00,400.00,null,null,null
2023-08-08T06:30:58Z,21.05,61.86,99,0,24.68,101.75,0.00,405.00,null,null,null
2023-08-08T06:31:58Z,21.05,61.94,99,0,23.54,101.75,0.00,400.00,0,0,16
2023-08-08T06:32:58Z,21.06,61.94,99,0,22.05,101.74,0.00,400.00,null,null,null
2023-08-08T06:33:58Z,21.06,61.93,99,0,23.05,101.74,0.00,400.00,null,null,null
2023-08-08T06:34:58Z,21.05,61.94,99,0,23.35,101.74,0.00,400.00,null,null,null
2023-08-08T06:35:58Z,21.05,61.93,99,0,21.92,101.74,0.00,400.00,null,null,null
2023-08-08T06:36:58Z,21.03,61.95,99,0,28.15,101.74,0.00,400.00,3,3,3
2023-08-08T06:37:58Z,21.05,61.94,99,0,22.49,101.74,0.00,400.00,null,null,null
2023-08-08T06:38:58Z,21.05,61.96,99,0,22.12,101.74,0.00,400.00,null,null,null
2023-08-08T06:39:58Z,21.03,61.96,99,0,25.00,101.75,0.00,400.00,null,null,null
2023-08-08T06:40:58Z,21.03,61.97,99,0,27.60,101.75,0.00,400.00,null,null,null
2023-08-08T06:41:58Z,20.99,61.98,99,0,24.19,101.75,0.00,400.00,5,5,5
2023-08-08T06:42:58Z,21.03,62.02,99,0,22.66,101.75,0.00,403.00,null,null,null
2023-08-08T06:43:58Z,21.03,61.96,99,0,22.55,101.75,0.00,403.00,null,null,null
2023-08-08T06:44:58Z,21.03,61.93,99,0,27.96,101.75,0.00,403.00,null,null,null
2023-08-08T06:45:58Z,21.03,61.95,99,0,22.18,101.74,0.00,403.00,null,null,null
2023-08-08T06:46:58Z,21.02,62.03,99,0,24.03,101.74,0.00,402.00,2,3,3
2023-08-08T06:47:58Z,21.02,62.01,99,0,24.23,101.74,0.00,400.00,null,null,null
2023-08-08T06:48:58Z,21.02,62.03,99,0,26.41,101.74,0.00,403.00,null,null,null
2023-08-08T06:49:58Z,21.02,61.98,99,0,22.61,101.75,0.00,400.00,null,null,null
2023-08-08T06:50:58Z,21.02,62.04,99,0,24.11,101.75,0.00,400.00,null,null,null
2023-08-08T06:51:58Z,21.01,62.02,99,0,21.49,101.75,0.00,406.00,3,4,4
2023-08-08T06:52:58Z,21.02,62.10,99,0,22.78,101.75,0.00,406.00,null,null,null
2023-08-08T06:53:58Z,21.02,62.05,99,0,23.63,101.75,0.00,400.00,null,null,null
2023-08-08T06:54:58Z,21.02,62.09,99,0,25.87,101.75,0.00,400.00,null,null,null
2023-08-08T06:55:58Z,21.01,62.06,99,0,23.40,101.75,0.00,406.00,null,null,null
2023-08-08T06:56:58Z,21.01,62.07,99,0,25.62,101.75,0.00,406.00,5,7,7
2023-08-08T06:57:58Z,21.01,62.10,99,0,27.73,101.75,0.00,400.00,null,null,null
2023-08-08T06:58:58Z,20.99,62.04,99,0,22.55,101.75,0.00,400.00,null,null,null
2023-08-08T06:59:58Z,20.99,62.07,99,0,24.39,101.74,0.00,400.00,null,null,null
2023-08-08T07:00:58Z,20.98,62.10,99,0,25.62,101.75,0.00,406.00,null,null,null
2023-08-08T07:01:58Z,20.99,62.09,99,0,22.05,101.75,0.00,400.00,4,4,4
2023-08-08T07:02:58Z,20.98,62.12,99,0,24.03,101.74,0.00,400.00,null,null,null
2023-08-08T07:03:58Z,20.98,62.11,99,0,25.09,101.74,0.00,400.00,null,null,null
2023-08-08T07:04:58Z,20.96,62.13,99,0,27.04,101.73,0.00,400.00,null,null,null
2023-08-08T07:05:58Z,20.99,62.11,99,0,25.84,101.74,0.00,400.00,null,null,null
2023-08-08T07:06:58Z,20.98,62.16,99,0,21.92,101.73,0.00,400.00,1,1,1
2023-08-08T07:07:58Z,20.99,62.16,99,0,24.39,101.73,0.00,400.00,null,null,null
2023-08-08T07:08:58Z,20.98,62.16,99,0,22.61,101.73,0.00,400.00,null,null,null
2023-08-08T07:09:58Z,20.96,62.14,99,0,23.45,101.73,0.00,400.00,null,null,null
2023-08-08T07:10:58Z,20.98,62.14,99,0,22.55,101.73,0.00,400.00,null,null,null
2023-08-08T07:11:58Z,20.98,62.23,99,0,23.35,101.73,0.00,400.00,2,10,10
2023-08-08T07:12:58Z,20.96,62.21,99,0,25.92,101.73,0.00,400.00,null,null,null
2023-08-08T07:13:58Z,20.96,62.23,99,0,23.30,101.73,0.00,400.00,null,null,null
2023-08-08T07:14:58Z,20.98,62.23,99,0,25.56,101.73,0.00,400.00,null,null,null
2023-08-08T07:15:58Z,20.95,62.22,99,0,23.49,101.73,0.00,405.00,null,null,null
2023-08-08T07:16:58Z,20.95,62.25,99,0,25.59,101.73,0.00,400.00,1,1,1
2023-08-08T07:17:58Z,20.94,62.23,99,0,22.66,101.73,0.00,400.00,null,null,null
2023-08-08T07:18:58Z,20.95,62.23,99,0,23.20,101.73,0.00,403.00,null,null,null
2023-08-08T07:19:58Z,20.95,62.26,99,0,22.83,101.73,0.00,403.00,null,null,null
2023-08-08T07:20:58Z,20.95,62.22,99,0,25.13,101.73,0.00,400.00,null,null,null
2023-08-08T07:21:58Z,20.95,62.28,99,0,21.78,101.73,0.00,403.00,1,2,2
2023-08-08T07:22:58Z,20.95,62.28,99,0,24.72,101.73,0.00,400.00,null,null,null
2023-08-08T07:23:58Z,20.94,62.31,99,0,23.72,101.74,0.00,405.00,null,null,null
2023-08-08T07:24:58Z,20.95,62.29,99,0,23.15,101.73,0.00,400.00,null,null,null
2023-08-08T07:25:58Z,20.94,62.29,99,0,25.22,101.74,0.00,405.00,null,null,null
2023-08-08T07:26:58Z,20.92,62.35,99,0,23.98,101.73,0.00,400.00,1,2,2
2023-08-08T07:27:58Z,20.94,62.34,99,0,24.11,101.73,0.00,400.00,null,null,null
2023-08-08T07:28:58Z,20.91,62.28,99,0,24.23,101.73,0.00,400.00,null,null,null
2023-08-08T07:29:58Z,20.94,62.36,99,0,19.88,101.73,0.00,400.00,null,null,null
2023-08-08T07:30:58Z,20.94,62.37,99,0,21.71,101.73,0.00,400.00,null,null,null
2023-08-08T07:31:58Z,20.92,62.37,99,0,24.96,101.73,0.00,400.00,0,1,1
2023-08-08T07:32:58Z,20.92,62.37,99,0,23.68,101.73,0.00,400.00,null,null,null
2023-08-08T07:33:58Z,20.94,62.35,99,0,23.15,101.74,0.00,400.00,null,null,null
2023-08-08T07:34:58Z,20.90,62.32,99,0,23.81,101.73,0.00,400.00,null,null,null
2023-08-08T07:35:58Z,20.91,62.34,99,0,24.03,101.74,0.00,405.00,null,null,null
2023-08-08T07:36:58Z,20.92,62.40,99,0,22.49,101.74,0.00,405.00,3,6,6
2023-08-08T07:37:58Z,20.92,62.41,99,0,22.12,101.74,0.00,400.00,null,null,null
2023-08-08T07:38:58Z,20.91,62.37,99,0,23.59,101.73,0.00,400.00,null,null,null
2023-08-08T07:39:58Z,20.94,62.38,99,0,23.49,101.73,0.00,400.00,null,null,null
2023-08-08T07:40:58Z,20.87,62.40,99,0,29.95,101.73,0.00,405.00,null,null,null
2023-08-08T07:41:58Z,20.90,62.42,99,0,23.72,101.72,0.00,405.00,1,2,2
2023-08-08T07:42:58Z,20.92,62.40,99,0,23.68,101.72,0.00,405.00,null,null,null
2023-08-08T07:43:58Z,20.90,62.43,99,0,23.59,101.73,0.00,405.00,null,null,null
2023-08-08T07:44:58Z,20.90,62.44,99,0,26.80,101.72,0.00,405.00,null,null,null
2023-08-08T07:45:58Z,20.90,62.45,99,0,24.61,101.72,0.00,403.00,null,null,null
2023-08-08T07:46:58Z,20.88,62.42,99,0,23.25,101.72,0.00,400.00,4,5,5
2023-08-08T07:47:58Z,20.90,62.48,99,0,24.11,101.72,0.00,400.00,null,null,null
2023-08-08T07:48:58Z,20.90,62.45,99,0,23.49,101.72,0.00,400.00,null,null,null
2023-08-08T07:49:58Z,20.87,62.48,99,0,23.25,101.72,0.00,400.00,null,null,null
2023-08-08T07:50:58Z,20.88,62.45,99,0,28.25,101.72,0.00,400.00,null,null,null
2023-08-08T07:51:58Z,20.88,62.47,99,0,28.54,101.72,0.00,400.00,2,2,2
2023-08-08T07:52:58Z,20.90,62.52,99,0,23.49,101.72,0.00,400.00,null,null,null
2023-08-08T07:53:58Z,20.87,62.52,99,0,26.06,101.72,0.00,400.00,null,null,null
2023-08-08T07:54:58Z,20.88,62.50,99,0,23.98,101.72,0.00,400.00,null,null,null
2023-08-08T07:55:58Z,20.88,62.51,99,0,23.77,101.72,0.00,400.00,null,null,null
2023-08-08T07:56:58Z,20.90,62.52,99,0,26.71,101.72,0.00,400.00,0,0,0
2023-08-08T07:57:58Z,20.85,62.54,99,0,19.98,101.72,0.00,400.00,null,null,null
2023-08-08T07:58:58Z,20.88,62.53,99,0,23.90,101.72,0.00,400.00,null,null,null
2023-08-08T07:59:58Z,20.88,62.55,99,0,25.26,101.72,1.00,409.00,null,null,null
2023-08-08T08:00:58Z,20.87,62.59,99,0,21.71,101.72,0.00,405.00,null,null,null
2023-08-08T08:01:58Z,20.84,62.59,99,0,24.27,101.73,0.00,405.00,2,2,2
2023-08-08T08:02:58Z,20.82,62.61,99,0,23.72,101.73,0.00,405.00,null,null,null
2023-08-08T08:03:58Z,20.82,62.60,99,0,21.18,101.73,0.00,405.00,null,null,null
2023-08-08T08:04:58Z,20.84,62.56,99,0,23.15,101.72,1.00,408.00,null,null,null
2023-08-08T08:05:58Z,20.82,62.62,99,0,22.99,101.72,1.00,408.00,null,null,null
2023-08-08T08:06:58Z,20.84,62.64,99,0,26.60,101.73,1.00,410.00,2,5,5
2023-08-08T08:07:58Z,20.82,62.65,99,0,23.35,101.73,1.00,410.00,null,null,null
2023-08-08T08:08:58Z,20.87,62.64,99,0,22.55,101.73,0.00,406.00,null,null,null
2023-08-08T08:09:58Z,20.85,62.59,99,0,21.26,101.73,0.00,406.00,null,null,null
2023-08-08T08:10:58Z,20.84,62.63,99,0,22.24,101.72,0.00,406.00,null,null,null
2023-08-08T08:11:58Z,20.82,62.63,99,0,22.55,101.72,0.00,400.00,1,1,1
2023-08-08T08:12:58Z,20.82,62.70,99,0,22.55,101.73,0.00,400.00,null,null,null
2023-08-08T08:13:58Z,20.84,62.70,99,0,22.18,101.73,0.00,400.00,null,null,null
2023-08-08T08:14:58Z,20.81,62.67,99,0,28.20,101.72,0.00,400.00,null,null,null
2023-08-08T08:15:58Z,20.82,62.71,99,0,27.14,101.73,0.00,400.00,null,null,null
2023-08-08T08:16:58Z,20.84,62.67,99,0,25.59,101.73,0.00,400.00,1,1,1
2023-08-08T08:17:58Z,20.82,62.71,99,0,23.15,101.73,0.00,400.00,null,null,null
2023-08-08T08:18:58Z,20.82,62.70,99,0,23.86,101.72,0.00,400.00,null,null,null
2023-08-08T08:19:58Z,20.81,62.67,99,0,22.61,101.73,0.00,400.00,null,null,null
2023-08-08T08:20:58Z,20.84,62.68,99,0,22.37,101.73,0.00,405.00,null,null,null
2023-08-08T08:21:58Z,20.81,62.73,99,0,25.47,101.72,0.00,400.00,0,0,0
2023-08-08T08:22:58Z,20.82,62.79,99,0,22.99,101.73,0.00,400.00,null,null,null
2023-08-08T08:23:58Z,20.81,62.73,99,0,23.40,101.72,0.00,405.00,null,null,null
2023-08-08T08:24:58Z,20.82,62.75,99,0,23.20,101.72,2.00,414.00,null,null,null
2023-08-08T08:25:58Z,20.78,62.77,99,0,24.58,101.72,0.00,405.00,null,null,null
2023-08-08T08:26:58Z,20.80,62.81,99,0,22.66,101.72,1.00,409.00,2,2,2
2023-08-08T08:27:58Z,20.81,62.81,99,0,25.26,101.72,0.00,405.00,null,null,null
2023-08-08T08:28:58Z,20.78,62.78,99,0,23.86,101.72,0.00,403.00,null,null,null
2023-08-08T08:29:58Z,20.80,62.80,99,0,26.89,101.72,0.00,403.00,null,null,null
2023-08-08T08:30:58Z,20.80,62.78,99,0,23.15,101.73,0.00,401.00,null,null,null
2023-08-08T08:31:58Z,20.78,62.81,99,0,24.07,101.73,0.00,401.00,3,6,6
2023-08-08T08:32:58Z,20.80,62.88,99,0,22.49,101.73,0.00,401.00,null,null,null
2023-08-08T08:33:58Z,20.80,62.81,99,0,23.05,101.73,0.00,406.00,null,null,null
2023-08-08T08:34:58Z,20.78,62.82,99,0,31.44,101.73,0.00,406.00,null,null,null
2023-08-08T08:35:58Z,20.77,62.83,99,0,26.21,101.73,0.00,405.00,null,null,null
2023-08-08T08:36:58Z,20.78,62.85,99,0,23.63,101.73,0.00,405.00,2,2,2
2023-08-08T08:37:58Z,20.80,62.91,99,0,22.49,101.73,0.00,400.00,null,null,null
2023-08-08T08:38:58Z,20.77,62.88,99,0,27.87,101.73,0.00,400.00,null,null,null
2023-08-08T08:39:58Z,20.78,62.82,99,0,25.79,101.73,0.00,400.00,null,null,null
2023-08-08T08:40:58Z,20.78,62.88,99,0,23.94,101.73,0.00,400.00,null,null,null
2023-08-08T08:41:58Z,20.77,62.89,99,0,23.15,101.73,0.00,400.00,0,0,0
2023-08-08T08:42:58Z,20.78,62.96,99,0,23.49,101.73,0.00,400.00,null,null,null
2023-08-08T08:43:58Z,20.78,62.92,99,0,22.05,101.73,0.00,405.00,null,null,null
2023-08-08T08:44:58Z,20.80,62.92,99,0,22.05,101.73,0.00,405.00,null,null,null
2023-08-08T08:45:58Z,20.78,62.91,99,0,25.90,101.73,0.00,400.00,null,null,null
2023-08-08T08:46:58Z,20.78,62.92,99,0,23.05,101.73,0.00,400.00,4,4,4
2023-08-08T08:47:58Z,20.75,62.95,99,0,26.21,101.72,0.00,400.00,null,null,null
2023-08-08T08:48:58Z,20.74,62.94,99,0,22.66,101.72,0.00,400.00,null,null,null
2023-08-08T08:49:58Z,20.78,62.96,99,0,23.54,101.73,5.00,438.00,null,null,null
2023-08-08T08:50:58Z,20.77,62.98,99,0,22.31,101.73,0.00,400.00,null,null,null
2023-08-08T08:51:58Z,20.75,62.97,99,0,28.02,101.73,0.00,400.00,4,4,4
2023-08-08T08:52:58Z,20.77,63.06,99,0,28.09,101.73,0.00,400.00,null,null,null
2023-08-08T08:53:58Z,20.74,63.03,99,0,22.12,101.72,0.00,400.00,null,null,null
2023-08-08T08:54:58Z,20.77,63.02,99,0,25.95,101.73,6.00,443.00,null,null,null
2023-08-08T08:55:58Z,20.74,63.02,99,0,27.22,101.72,0.00,405.00,null,null,null
2023-08-08T08:56:58Z,20.75,63.04,99,0,23.40,101.72,7.00,447.00,0,2,2
2023-08-08T08:57:58Z,20.75,63.11,99,0,24.27,101.73,1.00,409.00,null,null,null
2023-08-08T08:58:58Z,20.73,63.06,99,0,25.16,101.72,2.00,414.00,null,null,null
2023-08-08T08:59:58Z,20.74,63.08,99,0,23.15,101.73,9.00,461.00,null,null,null
2023-08-08T09:00:58Z,20.74,63.08,99,0,23.49,101.73,11.00,473.00,null,null,null
2023-08-08T09:01:58Z,20.74,63.14,99,0,24.31,101.73,9.00,463.00,1,1,1
2023-08-08T09:02:58Z,20.74,63.21,99,0,26.93,101.73,9.00,463.00,null,null,null
2023-08-08T09:03:58Z,20.74,63.13,99,0,24.72,101.73,9.00,463.00,null,null,null
2023-08-08T09:04:58Z,20.74,63.17,99,0,29.12,101.72,9.00,463.00,null,null,null
2023-08-08T09:05:58Z,20.74,63.12,99,0,29.88,101.73,8.00,454.00,null,null,null
2023-08-08T09:06:58Z,20.73,63.13,99,0,26.50,101.73,8.00,454.00,0,0,0
2023-08-08T09:07:58Z,20.73,63.21,99,0,22.61,101.73,6.00,444.00,null,null,null
2023-08-08T09:08:58Z,20.71,63.18,99,0,23.49,101.72,7.00,447.00,null,null,null
2023-08-08T09:09:58Z,20.73,63.18,99,0,24.03,101.72,6.00,443.00,null,null,null
2023-08-08T09:10:58Z,20.74,63.18,99,0,24.07,101.72,6.00,441.00,null,null,null
2023-08-08T09:11:58Z,20.74,63.22,99,0,24.03,101.72,5.00,435.00,2,2,2
2023-08-08T09:12:58Z,20.74,63.28,99,0,25.32,101.72,5.00,435.00,null,null,null
2023-08-08T09:13:58Z,20.73,63.25,99,0,26.67,101.72,5.00,434.00,null,null,null
2023-08-08T09:14:58Z,20.71,63.26,99,0,21.92,101.72,4.00,427.00,null,null,null
2023-08-08T09:15:58Z,20.73,63.24,99,0,23.59,101.72,5.00,434.00,null,null,null
2023-08-08T09:16:58Z,20.73,63.26,99,0,22.72,101.72,5.00,439.00,2,2,2
2023-08-08T09:17:58Z,20.71,63.36,99,0,20.67,101.73,4.00,427.00,null,null,null
2023-08-08T09:18:58Z,20.71,63.30,99,0,24.35,101.73,3.00,425.00,null,null,null
2023-08-08T09:19:58Z,20.71,63.34,99,0,25.32,101.73,3.00,425.00,null,null,null
2023-08-08T09:20:58Z,20.73,63.31,99,0,24.54,101.73,3.00,421.00,null,null,null
2023-08-08T09:21:58Z,20.71,63.34,99,0,25.59,101.73,3.00,424.00,0,1,1
2023-08-08T09:22:58Z,20.71,63.41,99,0,26.62,101.73,3.00,420.00,null,null,null
2023-08-08T09:23:58Z,20.70,63.38,99,0,22.94,101.73,3.00,422.00,null,null,null
2023-08-08T09:24:58Z,20.71,63.38,99,0,23.05,101.73,2.00,414.00,null,null,null
2023-08-08T09:25:58Z,20.70,63.34,99,0,28.09,101.73,2.00,417.00,null,null,null
2023-08-08T09:26:58Z,20.70,63.40,99,0,29.08,101.73,2.00,417.00,1,1,1
2023-08-08T09:27:58Z,20.71,63.48,99,0,21.85,101.73,2.00,416.00,null,null,null
2023-08-08T09:28:58Z,20.71,63.39,99,0,23.25,101.72,2.00,416.00,null,null,null
2023-08-08T09:29:58Z,20.71,63.45,99,0,21.56,101.72,2.00,415.00,null,null,null
2023-08-08T09:30:58Z,20.70,63.41,99,0,24.19,101.72,2.00,415.00,null,null,null
2023-08-08T09:31:58Z,20.70,63.46,99,0,24.65,101.72,2.00,415.00,0,0,0
2023-08-08T09:32:58Z,20.65,63.51,99,0,24.58,101.71,1.00,410.00,null,null,null
2023-08-08T09:33:58Z,20.70,63.45,99,0,23.63,101.72,2.00,414.00,null,null,null
2023-08-08T09:34:58Z,20.68,63.48,99,0,25.13,101.71,1.00,410.00,null,null,null
2023-08-08T09:35:58Z,20.67,63.51,99,0,27.62,101.72,1.00,413.00,null,null,null
2023-08-08T09:36:58Z,20.70,63.51,99,0,27.96,101.71,1.00,409.00,0,0,0
2023-08-08T09:37:58Z,20.68,63.60,99,0,22.49,101.71,1.00,408.00,null,null,null
2023-08-08T09:38:58Z,20.70,63.54,99,0,27.42,101.71,1.00,411.00,null,null,null
2023-08-08T09:39:58Z,20.68,63.55,99,0,26.38,101.71,1.00,411.00,null,null,null
2023-08-08T09:40:58Z,20.70,63.53,99,0,22.89,101.71,1.00,409.00,null,null,null
2023-08-08T09:41:58Z,20.70,63.52,99,0,24.83,101.71,0.00,406.00,1,1,1
2023-08-08T09:42:58Z,20.68,63.69,99,0,22.99,101.71,0.00,406.00,null,null,null
2023-08-08T09:43:58Z,20.68,63.59,99,0,25.76,101.71,1.00,409.00,null,null,null
2023-08-08T09:44:58Z,20.65,63.60,99,0,24.72,101.71,1.00,409.00,null,null,null
2023-08-08T09:45:58Z,20.67,63.55,99,0,22.55,101.71,0.00,405.00,null,null,null
2023-08-08T09:46:58Z,20.64,63.61,99,0,25.98,101.71,1.00,408.00,0,0,0
2023-08-08T09:47:58Z,20.65,63.67,99,0,23.63,101.71,1.00,408.00,null,null,null
2023-08-08T09:48:58Z,20.68,63.68,99,0,23.05,101.72,0.00,406.00,null,null,null
2023-08-08T09:49:58Z,20.65,63.64,99,0,22.05,101.71,0.00,406.00,null,null,null
2023-08-08T09:50:58Z,20.65,63.66,99,0,24.39,101.71,0.00,406.00,null,null,null
2023-08-08T09:51:58Z,20.64,63.68,99,0,30.67,101.71,0.00,405.00,1,1,1
2023-08-08T09:52:58Z,20.67,63.75,99,0,25.76,101.71,0.00,401.00,null,null,null
2023-08-08T09:53:58Z,20.65,63.69,99,0,23.10,101.71,0.00,400.00,null,null,null
2023-08-08T09:54:58Z,20.70,63.70,99,0,22.55,101.71,1.00,407.00,null,null,null
2023-08-08T09:55:58Z,20.64,63.69,99,0,22.66,101.71,1.00,407.00,null,null,null
2023-08-08T09:56:58Z,20.64,63.75,99,0,28.39,101.71,1.00,407.00,0,2,2
2023-08-08T09:57:58Z,20.67,63.82,99,0,22.66,101.71,0.00,400.00,null,null,null
2023-08-08T09:58:58Z,20.64,63.79,99,0,24.31,101.71,0.00,406.00,null,null,null
2023-08-08T09:59:58Z,20.65,63.74,99,0,22.37,101.71,0.00,406.00,null,null,null
2023-08-08T10:00:58Z,20.65,63.76,99,0,22.72,101.71,1.00,409.00,null,null,null
2023-08-08T10:01:58Z,20.63,63.78,99,0,26.19,101.70,0.00,406.00,1,1,1
2023-08-08T10:02:58Z,20.63,63.86,99,0,22.55,101.71,0.00,406.00,null,null,null
2023-08-08T10:03:58Z,20.64,63.81,99,0,22.43,101.71,0.00,405.00,null,null,null
2023-08-08T10:04:58Z,20.64,63.81,99,0,22.66,101.70,0.00,405.00,null,null,null
2023-08-08T10:05:58Z,20.63,63.81,99,0,24.23,101.70,0.00,405.00,null,null,null
2023-08-08T10:06:58Z,20.64,63.82,99,0,24.07,101.70,0.00,400.00,2,2,2
2023-08-08T10:07:58Z,20.65,63.90,99,0,28.51,101.69,0.00,400.00,null,null,null
2023-08-08T10:08:58Z,20.65,63.85,99,0,25.67,101.69,0.00,403.00,null,null,null
2023-08-08T10:09:58Z,20.63,63.83,99,0,22.94,101.69,1.00,409.00,null,null,null
2023-08-08T10:10:58Z,20.63,63.83,99,0,27.06,101.69,1.00,409.00,null,null,null
2023-08-08T10:11:58Z,20.63,63.86,99,0,24.07,101.69,0.00,403.00,1,1,16
2023-08-08T10:12:58Z,20.61,63.97,99,0,29.03,101.69,0.00,403.00,null,null,null
2023-08-08T10:13:58Z,20.64,63.91,99,0,22.37,101.69,1.00,409.00,null,null,null
2023-08-08T10:14:58Z,20.63,63.87,99,0,21.71,101.69,0.00,402.00,null,null,null
2023-08-08T10:15:58Z,20.63,63.90,99,0,20.85,101.69,1.00,408.00,null,null,null
2023-08-08T10:16:58Z,20.60,63.93,99,0,28.28,101.69,0.00,402.00,0,0,0
2023-08-08T10:17:58Z,20.61,64.02,99,0,23.86,101.69,0.00,400.00,null,null,null
2023-08-08T10:18:58Z,20.64,64.00,99,0,22.66,101.69,0.00,400.00,null,null,null
2023-08-08T10:19:58Z,20.61,63.96,99,0,27.51,101.69,0.00,400.00,null,null,null
2023-08-08T10:20:58Z,20.61,63.95,99,0,25.09,101.69,0.00,400.00,null,null,null
2023-08-08T10:21:58Z,20.60,64.00,99,0,21.41,101.69,0.00,400.00,2,2,2
2023-08-08T10:22:58Z,20.61,64.07,99,0,23.72,101.69,0.00,400.00,null,null,null
2023-08-08T10:23:58Z,20.58,63.98,99,0,23.25,101.69,0.00,400.00,null,null,null
2023-08-08T10:24:58Z,20.61,64.00,99,0,23.49,101.68,0.00,400.00,null,null,null
2023-08-08T10:25:58Z,20.61,64.01,99,0,25.95,101.69,0.00,403.00,null,null,null
2023-08-08T10:26:58Z,20.60,64.02,99,0,22.66,101.68,0.00,403.00,2,3,3
2023-08-08T10:27:58Z,20.61,64.11,99,0,22.94,101.68,0.00,403.00,null,null,null
2023-08-08T10:28:58Z,20.61,64.06,99,0,23.81,101.69,0.00,403.00,null,null,null
2023-08-08T10:29:58Z,20.63,64.05,99,0,24.19,101.69,0.00,400.00,null,null,null
2023-08-08T10:30:58Z,20.60,64.05,99,0,25.29,101.69,0.00,400.00,null,null,null
2023-08-08T10:31:58Z,20.60,64.06,99,0,23.90,101.69,0.00,400.00,1,1,1
2023-08-08T10:32:58Z,20.58,64.18,99,0,21.02,101.69,0.00,400.00,null,null,null
2023-08-08T10:33:58Z,20.61,64.12,99,0,23.86,101.69,0.00,405.00,null,null,null
2023-08-08T10:34:58Z,20.60,64.09,99,0,25.32,101.69,0.00,405.00,null,null,null
2023-08-08T10:35:58Z,20.60,64.12,99,0,27.44,101.69,0.00,405.00,null,null,null
2023-08-08T10:36:58Z,20.57,64.15,99,0,30.12,101.68,0.00,405.00,1,1,1
2023-08-08T10:37:58Z,20.61,64.24,99,0,23.98,101.68,0.00,405.00,null,null,null
2023-08-08T10:38:58Z,20.60,64.16,99,0,23.20,101.68,0.00,405.00,null,null,null
2023-08-08T10:39:58Z,20.58,64.16,99,0,24.03,101.68,0.00,400.00,null,null,null
2023-08-08T10:40:58Z,20.60,64.18,99,0,23.90,101.68,0.00,400.00,null,null,null
2023-08-08T10:41:58Z,20.60,64.17,99,0,22.99,101.67,0.00,400.00,0,0,0
2023-08-08T10:42:58Z,20.57,64.26,99,0,23.86,101.67,0.00,400.00,null,null,null
2023-08-08T10:43:58Z,20.60,64.20,99,0,22.49,101.67,0.00,400.00,null,null,null
2023-08-08T10:44:58Z,20.60,64.21,99,0,22.55,101.67,1.00,407.00,null,null,null
2023-08-08T10:45:58Z,20.61,64.24,99,0,26.21,101.67,1.00,410.00,null,null,null
2023-08-08T10:46:58Z,20.57,64.22,99,0,24.23,101.66,1.00,407.00,0,0,0
2023-08-08T10:47:58Z,20.57,64.32,99,0,28.39,101.66,1.00,407.00,null,null,null
2023-08-08T10:48:58Z,20.60,64.25,99,0,24.54,101.66,0.00,400.00,null,null,null
2023-08-08T10:49:58Z,20.58,64.25,99,0,25.09,101.66,0.00,400.00,null,null,null
2023-08-08T10:50:58Z,20.57,64.23,99,0,24.11,101.65,0.00,405.00,null,null,null
2023-08-08T10:51:58Z,20.55,64.24,99,0,27.18,101.66,1.00,407.00,1,2,2
2023-08-08T10:52:58Z,20.57,64.40,99,0,42.78,101.66,1.00,407.00,null,null,null
2023-08-08T10:53:58Z,20.57,64.30,99,0,24.19,101.66,0.00,405.00,null,null,null
2023-08-08T10:54:58Z,20.58,64.33,99,0,25.38,101.65,0.00,400.00,null,null,null
2023-08-08T10:55:58Z,20.57,64.29,99,0,22.55,101.65,0.00,400.00,null,null,null
2023-08-08T10:56:58Z,20.55,64.38,99,0,25.53,101.65,0.00,405.00,0,1,1
2023-08-08T10:57:58Z,20.57,64.44,99,0,21.02,101.65,0.00,400.00,null,null,null
2023-08-08T10:58:58Z,20.57,64.36,99,0,28.68,101.65,0.00,400.00,null,null,null
2023-08-08T10:59:58Z,20.57,64.32,99,0,24.35,101.65,0.00,400.00,null,null,null
2023-08-08T11:00:58Z,20.58,64.34,99,0,24.19,101.64,0.00,400.00,null,null,null
2023-08-08T11:01:58Z,20.57,64.36,99,0,23.40,101.65,0.00,405.00,1,1,1
2023-08-08T11:02:58Z,20.57,64.49,99,0,23.10,101.64,0.00,405.00,null,null,null
2023-08-08T11:03:58Z,20.55,64.41,99,0,23.77,101.64,0.00,405.00,null,null,null
2023-08-08T11:04:58Z,20.55,64.41,99,0,23.54,101.64,0.00,400.00,null,null,null
2023-08-08T11:05:58Z,20.57,64.42,99,0,25.06,101.64,0.00,400.00,null,null,null
2023-08-08T11:06:58Z,20.55,64.44,99,0,22.49,101.65,0.00,405.00,0,0,0
2023-08-08T11:07:58Z,20.55,64.57,99,0,22.31,101.65,0.00,405.00,null,null,null
2023-08-08T11:08:58Z,20.57,64.48,99,0,32.83,101.64,0.00,405.00,null,null,null
2023-08-08T11:09:58Z,20.54,64.48,99,0,24.39,101.65,0.00,400.00,null,null,null
2023-08-08T11:10:58Z,20.55,64.49,99,0,23.20,101.65,0.00,400.00,null,null,null
2023-08-08T11:11:58Z,20.54,64.50,99,0,23.54,101.65,0.00,405.00,2,2,2
2023-08-08T11:12:58Z,20.53,64.61,99,0,24.39,101.64,0.00,405.00,null,null,null
2023-08-08T11:13:58Z,20.55,64.55,99,0,24.27,101.64,0.00,405.00,null,null,null
2023-08-08T11:14:58Z,20.54,64.55,99,0,24.11,101.64,0.00,405.00,null,null,null
2023-08-08T11:15:58Z,20.54,64.49,99,0,25.90,101.64,0.00,400.00,null,null,null
2023-08-08T11:16:58Z,20.57,64.55,99,0,25.26,101.64,0.00,405.00,0,0,0
2023-08-08T11:17:58Z,20.54,64.71,99,0,25.82,101.65,0.00,405.00,null,null,null
2023-08-08T11:18:58Z,20.51,64.60,99,0,27.26,101.64,0.00,405.00,null,null,null
2023-08-08T11:19:58Z,20.54,64.56,99,0,26.67,101.64,0.00,400.00,null,null,null
2023-08-08T11:20:58Z,20.55,64.56,99,0,23.98,101.64,0.00,400.00,null,null,null
2023-08-08T11:21:58Z,20.53,64.58,99,0,23.72,101.64,0.00,405.00,2,2,2
2023-08-08T11:22:58Z,20.53,64.72,99,0,24.86,101.63,0.00,405.00,null,null,null
2023-08-08T11:23:58Z,20.53,64.64,99,0,23.59,101.63,0.00,400.00,null,null,null
2023-08-08T11:24:58Z,20.54,64.62,99,0,26.95,101.63,0.00,405.00,null,null,null
2023-08-08T11:25:58Z,20.54,64.60,99,0,23.30,101.63,0.00,405.00,null,null,null
2023-08-08T11:26:58Z,20.53,64.66,99,0,23.45,101.63,0.00,405.00,0,0,0
2023-08-08T11:27:58Z,20.53,64.74,99,0,22.78,101.63,0.00,400.00,null,null,null
2023-08-08T11:28:58Z,20.53,64.70,99,0,26.89,101.63,0.00,400.00,null,null,null
2023-08-08T11:29:58Z,20.54,64.65,99,0,22.89,101.64,1.00,408.00,null,null,null
2023-08-08T11:30:58Z,20.53,64.67,99,0,22.05,101.64,1.00,408.00,null,null,null
2023-08-08T11:31:58Z,20.51,64.68,99,0,32.24,101.64,2.00,417.00,0,0,11
2023-08-08T11:32:58Z,20.53,64.82,99,0,22.83,101.64,2.00,417.00,null,null,null
2023-08-08T11:33:58Z,20.51,64.75,99,0,24.65,101.64,1.00,413.00,null,null,null
2023-08-08T11:34:58Z,20.51,64.72,99,0,23.10,101.64,1.00,408.00,null,null,null
2023-08-08T11:35:58Z,20.51,64.76,99,0,22.37,101.63,1.00,413.00,null,null,null
2023-08-08T11:36:58Z,20.53,64.76,99,0,24.07,101.63,1.00,408.00,2,3,3
2023-08-08T11:37:58Z,20.51,64.83,99,0,23.45,101.63,0.00,400.00,null,null,null
2023-08-08T11:38:58Z,20.51,64.77,99,0,23.15,101.63,0.00,400.00,null,null,null
2023-08-08T11:39:58Z,20.51,64.75,99,0,23.40,101.62,0.00,400.00,null,null,null
2023-08-08T11:40:58Z,20.53,64.79,99,0,22.31,101.62,0.00,400.00,null,null,null
2023-08-08T11:41:58Z,20.50,64.75,99,0,27.64,101.61,0.00,400.00,0,0,0
2023-08-08T11:42:58Z,20.53,64.87,99,0,24.35,101.61,0.00,400.00,null,null,null
2023-08-08T11:43:58Z,20.50,64.78,99,0,25.84,101.61,0.00,403.00,null,null,null
2023-08-08T11:44:58Z,20.53,64.79,99,0,22.18,101.61,0.00,400.00,null,null,null
2023-08-08T11:45:58Z,20.48,64.83,99,0,27.12,101.61,0.00,400.00,null,null,null
2023-08-08T11:46:58Z,20.50,64.78,99,0,25.03,101.61,0.00,405.00,2,2,2
2023-08-08T11:47:58Z,20.50,64.92,99,0,24.19,101.61,0.00,405.00,null,null,null
2023-08-08T11:48:58Z,20.51,64.87,99,0,28.02,101.61,0.00,405.00,null,null,null
2023-08-08T11:49:58Z,20.53,64.85,99,0,29.50,101.61,1.00,408.00,null,null,null
2023-08-08T11:50:58Z,20.50,64.85,99,0,31.62,101.61,1.00,408.00,null,null,null
2023-08-08T11:51:58Z,20.50,64.80,99,0,24.54,101.61,1.00,407.00,0,0,0
2023-08-08T11:52:58Z,20.50,64.98,99,0,25.19,101.62,1.00,407.00,null,null,null
2023-08-08T11:53:58Z,20.50,64.87,99,0,30.97,101.61,0.00,403.00,null,null,null
2023-08-08T11:54:58Z,20.50,64.89,99,0,25.06,101.62,0.00,405.00,null,null,null
2023-08-08T11:55:58Z,20.50,64.87,99,0,24.11,101.62,0.00,401.00,null,null,null
2023-08-08T11:56:58Z,20.48,64.91,99,0,25.16,101.62,0.00,405.00,0,0,10
2023-08-08T11:57:58Z,20.50,65.04,99,0,25.03,101.62,0.00,401.00,null,null,null
2023-08-08T11:58:58Z,20.50,64.95,99,0,22.12,101.62,0.00,401.00,null,null,null
2023-08-08T11:59:58Z,20.50,64.93,99,0,23.10,101.62,0.00,403.00,null,null,null
2023-08-08T12:00:58Z,20.48,64.94,99,0,23.30,101.62,0.00,403.00,null,null,null
2023-08-08T12:01:58Z,20.51,64.92,99,0,25.19,101.62,0.00,403.00,0,0,0
2023-08-08T12:02:58Z,20.51,65.11,99,0,24.03,101.62,0.00,401.00,null,null,null
2023-08-08T12:03:58Z,20.50,65.03,99,0,22.24,101.62,0.00,401.00,null,null,null
2023-08-08T12:04:58Z,20.48,64.98,99,0,23.72,101.62,0.00,401.00,null,null,null
2023-08-08T12:05:58Z,20.47,64.98,99,0,24.39,101.62,0.00,400.00,null,null,null
2023-08-08T12:06:58Z,20.48,65.01,99,0,22.43,101.62,0.00,403.00,2,2,2
2023-08-08T12:07:58Z,20.50,65.15,99,0,22.43,101.62,0.00,400.00,null,null,null
2023-08-08T12:08:58Z,20.48,65.06,99,0,28.09,101.63,0.00,400.00,null,null,null
2023-08-08T12:09:58Z,20.48,65.02,99,0,24.54,101.62,0.00,405.00,null,null,null
2023-08-08T12:10:58Z,20.47,65.03,99,0,25.13,101.62,0.00,405.00,null,null,null
2023-08-08T12:11:58Z,20.47,65.09,99,0,22.61,101.62,1.00,408.00,2,2,2
2023-08-08T12:12:58Z,20.50,65.24,99,0,28.31,101.62,0.00,405.00,null,null,null
2023-08-08T12:13:58Z,20.46,65.13,99,0,23.94,101.62,0.00,405.00,null,null,null
2023-08-08T12:14:58Z,20.51,65.14,99,0,24.11,101.62,0.00,403.00,null,null,null
2023-08-08T12:15:58Z,20.48,65.09,99,0,22.37,101.62,1.00,407.00,null,null,null
2023-08-08T12:16:58Z,20.48,65.13,99,0,24.11,101.62,0.00,403.00,1,1,1
2023-08-08T12:17:58Z,20.48,65.29,99,0,23.15,101.61,0.00,401.00,null,null,null
2023-08-08T12:18:58Z,20.48,65.21,99,0,21.99,101.62,0.00,400.00,null,null,null
2023-08-08T12:19:58Z,20.50,65.17,99,0,21.34,101.61,1.00,411.00,null,null,null
2023-08-08T12:20:58Z,20.48,65.22,99,0,22.43,101.61,1.00,408.00,null,null,null
2023-08-08T12:21:58Z,20.47,65.21,99,0,24.15,101.61,1.00,411.00,0,0,0
2023-08-08T12:22:58Z,20.48,65.35,99,0,24.43,101.61,1.00,408.00,null,null,null
2023-08-08T12:23:58Z,20.50,65.26,99,0,23.45,101.61,0.00,405.00,null,null,null
2023-08-08T12:24:58Z,20.47,65.26,99,0,25.09,101.60,0.00,403.00,null,null,null
2023-08-08T12:25:58Z,20.46,65.24,99,0,24.27,101.61,0.00,403.00,null,null,null
2023-08-08T12:26:58Z,20.46,65.27,99,0,25.87,101.60,1.00,407.00,1,1,1
2023-08-08T12:27:58Z,20.46,65.40,99,0,21.71,101.60,0.00,401.00,null,null,null
2023-08-08T12:28:58Z,20.46,65.32,99,0,25.06,101.60,0.00,401.00,null,null,null
2023-08-08T12:29:58Z,20.48,65.30,99,0,22.94,101.60,0.00,400.00,null,null,null
2023-08-08T12:30:58Z,20.47,65.29,99,0,27.75,101.60,0.00,405.00,null,null,null
2023-08-08T12:31:58Z,20.46,65.32,99,0,27.40,101.60,0.00,405.00,1,1,1
2023-08-08T12:32:58Z,20.46,65.50,99,0,24.96,101.60,0.00,405.00,null,null,null
2023-08-08T12:33:58Z,20.46,65.35,99,0,28.96,101.60,0.00,405.00,null,null,null
2023-08-08T12:34:58Z,20.47,65.34,99,0,23.63,101.60,0.00,405.00,null,null,null
2023-08-08T12:35:58Z,20.48,65.36,99,0,21.92,101.60,0.00,405.00,null,null,null
2023-08-08T12:36:58Z,20.47,65.36,99,0,24.03,101.60,1.00,407.00,2,2,2
2023-08-08T12:37:58Z,20.46,65.53,99,0,22.78,101.60,0.00,403.00,null,null,null
2023-08-08T12:38:58Z,20.47,65.44,99,0,24.76,101.60,0.00,400.00,null,null,null
2023-08-08T12:39:58Z,20.47,65.43,99,0,21.71,101.60,1.00,408.00,null,null,null
2023-08-08T12:40:58Z,20.46,65.43,99,0,22.72,101.60,1.00,408.00,null,null,null
2023-08-08T12:41:58Z,20.44,65.44,99,0,24.61,101.60,1.00,408.00,0,0,0
2023-08-08T12:42:58Z,20.48,65.58,99,0,25.56,101.60,0.00,405.00,null,null,null
2023-08-08T12:43:58Z,20.46,65.49,99,0,27.69,101.60,0.00,405.00,null,null,null
2023-08-08T12:44:58Z,20.47,65.49,99,0,23.15,101.60,1.00,407.00,null,null,null
2023-08-08T12:45:58Z,20.44,65.49,99,0,26.21,101.60,0.00,403.00,null,null,null
2023-08-08T12:46:58Z,20.46,65.51,99,0,27.14,101.60,1.00,407.00,3,3,3
2023-08-08T12:47:58Z,20.46,65.68,99,0,25.76,101.60,0.00,400.00,null,null,null
2023-08-08T12:48:58Z,20.46,65.55,99,0,30.64,101.59,0.00,405.00,null,null,null
2023-08-08T12:49:58Z,20.47,65.57,99,0,25.00,101.59,1.00,408.00,null,null,null
2023-08-08T12:50:58Z,20.44,65.57,99,0,22.78,101.59,0.00,405.00,null,null,null
2023-08-08T12:51:58Z,20.46,65.55,99,0,23.10,101.60,1.00,408.00,0,0,0
2023-08-08T12:52:58Z,20.44,65.74,99,0,25.79,101.59,0.00,405.00,null,null,null
2023-08-08T12:53:58Z,20.44,65.64,99,0,22.61,101.59,0.00,403.00,null,null,null
2023-08-08T12:54:58Z,20.44,65.61,99,0,27.84,101.59,1.00,407.00,null,null,null
2023-08-08T12:55:58Z,20.46,65.59,99,0,32.44,101.59,1.00,407.00,null,null,null
2023-08-08T12:56:58Z,20.43,65.60,99,0,23.30,101.59,0.00,403.00,2,2,2
2023-08-08T12:57:58Z,20.48,65.80,99,0,23.35,101.59,0.00,401.00,null,null,null
2023-08-08T12:58:58Z,20.46,65.66,99,0,25.13,101.59,0.00,400.00,null,null,null
2023-08-08T12:59:58Z,20.47,65.68,99,0,25.16,101.59,1.00,407.00,null,null,null
2023-08-08T13:00:58Z,20.46,65.66,99,0,23.05,101.59,0.00,403.00,null,null,null
2023-08-08T13:01:58Z,20.46,65.66,99,0,23.54,101.59,0.00,403.00,0,0,0
2023-08-08T13:02:58Z,20.43,65.87,99,0,22.99,101.59,1.00,407.00,null,null,null
2023-08-08T13:03:58Z,20.44,65.71,99,0,24.61,101.59,0.00,400.00,null,null,null
2023-08-08T13:04:58Z,20.44,65.74,99,0,26.43,101.59,0.00,403.00,null,null,null
2023-08-08T13:05:58Z,20.46,65.71,99,0,27.08,101.58,0.00,403.00,null,null,null
2023-08-08T13:06:58Z,20.43,65.73,99,0,24.50,101.59,1.00,407.00,1,1,1
2023-08-08T13:07:58Z,20.46,65.92,99,0,25.44,101.59,0.00,400.00,null,null,null
2023-08-08T13:08:58Z,20.46,65.78,99,0,25.47,101.58,0.00,401.00,null,null,null
2023-08-08T13:09:58Z,20.44,65.77,99,0,23.86,101.59,0.00,400.00,null,null,null
2023-08-08T13:10:58Z,20.46,65.79,99,0,27.44,101.58,0.00,405.00,null,null,null
2023-08-08T13:11:58Z,20.43,65.80,99,0,22.66,101.59,0.00,405.00,1,1,1
2023-08-08T13:12:58Z,20.47,65.95,99,0,24.72,101.59,0.00,405.00,null,null,null
2023-08-08T13:13:58Z,20.46,65.85,99,0,26.43,101.59,0.00,405.00,null,null,null
2023-08-08T13:14:58Z,20.44,65.81,99,0,26.06,101.59,0.00,400.00,null,null,null
2023-08-08T13:15:58Z,20.44,65.81,99,0,22.49,101.58,0.00,405.00,null,null,null
2023-08-08T13:16:58Z,20.46,65.82,99,0,22.49,101.58,0.00,400.00,0,0,0
2023-08-08T13:17:58Z,20.41,66.00,99,0,31.42,101.58,0.00,400.00,null,null,null
2023-08-08T13:18:58Z,20.43,65.92,99,0,24.61,101.59,0.00,400.00,null,null,null
2023-08-08T13:19:58Z,20.46,65.86,99,0,20.93,101.58,0.00,405.00,null,null,null
2023-08-08T13:20:58Z,20.44,65.89,99,0,25.13,101.58,0.00,400.00,null,null,null
2023-08-08T13:21:58Z,20.43,65.88,99,0,24.93,101.58,0.00,405.00,1,1,1
2023-08-08T13:22:58Z,20.44,66.08,99,0,22.61,101.58,0.00,400.00,null,null,null
2023-08-08T13:23:58Z,20.46,65.95,99,0,23.05,101.57,0.00,405.00,null,null,null
2023-08-08T13:24:58Z,20.43,65.93,99,0,24.31,101.58,0.00,405.00,null,null,null
2023-08-08T13:25:58Z,20.44,65.92,99,0,26.06,101.57,0.00,400.00,null,null,null
2023-08-08T13:26:58Z,20.43,65.96,99,0,30.75,101.57,0.00,405.00,0,0,0
2023-08-08T13:27:58Z,20.44,66.14,99,0,23.30,101.57,0.00,400.00,null,null,null
2023-08-08T13:28:58Z,20.44,66.02,99,0,25.35,101.57,0.00,405.00,null,null,null
2023-08-08T13:29:58Z,20.43,65.96,99,0,25.73,101.56,0.00,400.00,null,null,null
2023-08-08T13:30:58Z,20.44,65.97,99,0,26.82,101.56,0.00,405.00,null,null,null
2023-08-08T13:31:58Z,20.43,66.01,99,0,26.31,101.57,0.00,400.00,2,2,2
2023-08-08T13:32:58Z,20.41,66.23,99,0,24.35,101.57,0.00,400.00,null,null,null
2023-08-08T13:33:58Z,20.46,66.08,99,0,20.09,101.57,0.00,400.00,null,null,null
2023-08-08T13:34:58Z,20.43,66.05,99,0,23.81,101.57,0.00,400.00,null,null,null
2023-08-08T13:35:58Z,20.43,66.04,99,0,23.72,101.57,0.00,400.00,null,null,null
2023-08-08T13:36:58Z,20.43,66.07,99,0,22.66,101.57,0.00,400.00,0,0,0
2023-08-08T13:37:58Z,20.41,66.19,99,0,29.22,101.57,0.00,400.00,null,null,null
2023-08-08T13:38:58Z,20.43,66.08,99,0,23.10,101.57,0.00,400.00,null,null,null
2023-08-08T13:39:58Z,20.43,66.09,99,0,23.25,101.57,0.00,400.00,null,null,null
2023-08-08T13:40:58Z,20.44,66.09,99,0,26.97,101.57,0.00,400.00,null,null,null
2023-08-08T13:41:58Z,20.41,66.06,99,0,24.35,101.56,0.00,400.00,2,2,2
2023-08-08T13:42:58Z,20.41,66.24,99,0,22.78,101.56,0.00,400.00,null,null,null
2023-08-08T13:43:58Z,20.43,66.18,99,0,21.85,101.56,0.00,400.00,null,null,null
2023-08-08T13:44:58Z,20.43,66.15,99,0,22.43,101.56,0.00,400.00,null,null,null
2023-08-08T13:45:58Z,20.43,66.14,99,0,21.26,101.55,0.00,400.00,null,null,null
2023-08-08T13:46:58Z,20.41,66.13,99,0,21.56,101.55,0.00,400.00,2,2,2
2023-08-08T13:47:58Z,20.44,66.32,99,0,30.79,101.55,0.00,400.00,null,null,null
2023-08-08T13:48:58Z,20.41,66.17,99,0,27.87,101.55,0.00,400.00,null,null,null
2023-08-08T13:49:58Z,20.41,66.18,99,0,22.12,101.55,0.00,405.00,null,null,null
2023-08-08T13:50:58Z,20.41,66.24,99,0,20.76,101.54,0.00,400.00,null,null,null
2023-08-08T13:51:58Z,20.39,66.22,99,0,20.29,101.54,0.00,400.00,3,3,3
2023-08-08T13:52:58Z,20.43,66.41,99,0,27.49,101.54,0.00,400.00,null,null,null
2023-08-08T13:53:58Z,20.41,66.26,99,0,23.20,101.54,0.00,400.00,null,null,null
2023-08-08T13:54:58Z,20.41,66.26,99,0,22.05,101.54,0.00,400.00,null,null,null
2023-08-08T13:55:58Z,20.41,66.27,99,0,25.00,101.54,0.00,400.00,null,null,null
2023-08-08T13:56:58Z,20.40,66.25,99,0,24.07,101.53,0.00,400.00,0,0,0
2023-08-08T13:57:58Z,20.41,66.44,99,0,26.84,101.54,0.00,400.00,null,null,null
2023-08-08T13:58:58Z,20.41,66.33,99,0,27.82,101.54,0.00,405.00,null,null,null
2023-08-08T13:59:58Z,20.43,66.34,99,0,18.63,101.54,0.00,400.00,null,null,null
2023-08-08T14:00:58Z,20.41,66.31,99,0,24.68,101.54,0.00,400.00,null,null,null
2023-08-08T14:01:58Z,20.40,66.30,99,0,29.83,101.53,0.00,405.00,0,0,0
2023-08-08T14:02:58Z,20.43,66.50,99,0,23.25,101.54,0.00,400.00,null,null,null
2023-08-08T14:03:58Z,20.40,66.39,99,0,25.26,101.54,0.00,400.00,null,null,null
2023-08-08T14:04:58Z,20.40,66.35,99,0,23.94,101.54,0.00,400.00,null,null,null
2023-08-08T14:05:58Z,20.39,66.34,99,0,23.72,101.53,1.00,409.00,null,null,null
2023-08-08T14:06:58Z,20.39,66.32,99,0,24.86,101.53,0.00,400.00,0,0,0
2023-08-08T14:07:58Z,20.41,66.53,99,0,26.67,101.53,0.00,400.00,null,null,null
2023-08-08T14:08:58Z,20.41,66.39,99,0,25.47,101.53,0.00,405.00,null,null,null
2023-08-08T14:09:58Z,20.44,66.44,99,0,21.56,101.53,0.00,400.00,null,null,null
2023-08-08T14:10:58Z,20.41,66.39,99,0,26.06,101.53,0.00,400.00,null,null,null
2023-08-08T14:11:58Z,20.41,66.35,99,0,25.29,101.53,0.00,405.00,0,0,0
2023-08-08T14:12:58Z,20.40,66.59,99,0,22.99,101.53,0.00,400.00,null,null,null
2023-08-08T14:13:58Z,20.43,66.42,99,0,23.68,101.53,0.00,400.00,null,null,null
2023-08-08T14:14:58Z,20.37,66.46,99,0,24.76,101.52,0.00,400.00,null,null,null
2023-08-08T14:15:58Z,20.41,66.45,99,0,27.36,101.53,0.00,400.00,null,null,null
2023-08-08T14:16:58Z,20.41,66.46,99,0,23.77,101.54,0.00,400.00,0,0,0
2023-08-08T14:17:58Z,20.41,66.64,99,0,26.06,101.53,0.00,405.00,null,null,null
2023-08-08T14:18:58Z,20.39,66.57,99,0,21.71,101.53,0.00,400.00,null,null,null
2023-08-08T14:19:58Z,20.40,66.45,99,0,21.92,101.53,0.00,405.00,null,null,null
2023-08-08T14:20:58Z,20.40,66.51,99,0,22.61,101.53,0.00,400.00,null,null,null
2023-08-08T14:21:58Z,20.39,66.52,99,0,28.96,101.53,0.00,405.00,2,2,2
2023-08-08T14:22:58Z,20.41,66.69,99,0,21.10,101.53,0.00,400.00,null,null,null
2023-08-08T14:23:58Z,20.41,66.56,99,0,25.00,101.53,0.00,405.00,null,null,null
2023-08-08T14:24:58Z,20.41,66.57,99,0,22.83,101.53,1.00,409.00,null,null,null
2023-08-08T14:25:58Z,20.41,66.56,99,0,24.07,101.52,0.00,405.00,null,null,null
2023-08-08T14:26:58Z,20.39,66.55,99,0,24.76,101.52,0.00,405.00,0,0,0
2023-08-08T14:27:58Z,20.39,66.75,99,0,24.15,101.52,0.00,405.00,null,null,null
2023-08-08T14:28:58Z,20.40,66.60,99,0,24.43,101.51,0.00,405.00,null,null,null
2023-08-08T14:29:58Z,20.41,66.63,99,0,25.16,101.52,1.00,408.00,null,null,null
2023-08-08T14:30:58Z,20.41,66.62,99,0,25.03,101.52,1.00,408.00,null,null,null
2023-08-08T14:31:58Z,20.37,66.65,99,0,22.61,101.52,1.00,408.00,1,1,1
2023-08-08T14:32:58Z,20.36,66.79,99,0,27.96,101.52,0.00,401.00,null,null,null
2023-08-08T14:33:58Z,20.40,66.66,99,0,26.34,101.52,0.00,400.00,null,null,null
2023-08-08T14:34:58Z,20.39,66.70,99,0,23.72,101.52,0.00,403.00,null,null,null
2023-08-08T14:35:58Z,20.39,66.65,99,0,22.12,101.52,1.00,408.00,null,null,null
2023-08-08T14:36:58Z,20.39,66.71,99,0,23.98,101.51,1.00,408.00,1,1,1
2023-08-08T14:37:58Z,20.40,66.84,99,0,23.20,101.51,0.00,403.00,null,null,null
2023-08-08T14:38:58Z,20.40,66.75,99,0,27.66,101.51,0.00,400.00,null,null,null
2023-08-08T14:39:58Z,20.39,66.76,99,0,24.31,101.51,1.00,409.00,null,null,null
2023-08-08T14:40:58Z,20.39,66.69,99,0,25.65,101.51,0.00,405.00,null,null,null
2023-08-08T14:41:58Z,20.39,66.71,99,0,22.43,101.51,1.00,413.00,1,1,1
2023-08-08T14:42:58Z,20.39,66.90,99,0,22.31,101.51,1.00,408.00,null,null,null
2023-08-08T14:43:58Z,20.36,66.77,99,0,24.23,101.51,0.00,405.00,null,null,null
2023-08-08T14:44:58Z,20.40,66.75,99,0,25.09,101.50,1.00,408.00,null,null,null
2023-08-08T14:45:58Z,20.39,66.74,99,0,23.72,101.51,0.00,403.00,null,null,null
2023-08-08T14:46:58Z,20.37,66.71,99,0,24.89,101.51,1.00,407.00,0,0,0
2023-08-08T14:47:58Z,20.36,66.93,99,0,22.31,101.51,0.00,405.00,null,null,null
2023-08-08T14:48:58Z,20.40,66.77,99,0,22.66,101.51,0.00,400.00,null,null,null
2023-08-08T14:49:58Z,20.39,66.80,99,0,23.94,101.51,0.00,405.00,null,null,null
2023-08-08T14:50:58Z,20.40,66.80,99,0,23.40,101.51,0.00,405.00,null,null,null
2023-08-08T14:51:58Z,20.39,66.79,99,0,24.11,101.51,0.00,405.00,0,0,0
2023-08-08T14:52:58Z,20.37,66.97,99,0,21.41,101.51,0.00,405.00,null,null,null
2023-08-08T14:53:58Z,20.39,66.88,99,0,20.85,101.51,0.00,405.00,null,null,null
2023-08-08T14:54:58Z,20.40,66.84,99,0,23.45,101.51,0.00,405.00,null,null,null
2023-08-08T14:55:58Z,20.39,66.89,99,0,23.54,101.50,0.00,403.00,null,null,null
2023-08-08T14:56:58Z,20.40,66.87,99,0,30.16,101.50,0.00,400.00,0,0,0
2023-08-08T14:57:58Z,20.37,67.00,99,0,24.11,101.51,0.00,405.00,null,null,null
2023-08-08T14:58:58Z,20.40,66.90,99,0,24.96,101.50,0.00,400.00,null,null,null
2023-08-08T14:59:58Z,20.39,66.89,99,0,25.13,101.50,0.00,405.00,null,null,null
2023-08-08T15:00:58Z,20.39,66.89,99,0,32.04,101.50,0.00,400.00,null,null,null
2023-08-08T15:01:58Z,20.37,66.91,99,0,25.47,101.50,0.00,405.00,3,3,3
2023-08-08T15:02:58Z,20.37,67.09,99,0,23.86,101.50,0.00,400.00,null,null,null
2023-08-08T15:03:58Z,20.37,66.96,99,0,25.95,101.50,0.00,400.00,null,null,null
2023-08-08T15:04:58Z,20.37,66.93,99,0,25.38,101.49,0.00,405.00,null,null,null
2023-08-08T15:05:58Z,20.37,66.94,99,0,22.83,101.50,0.00,400.00,null,null,null
2023-08-08T15:06:58Z,20.37,66.94,99,0,23.54,101.49,0.00,405.00,0,0,0
2023-08-08T15:07:58Z,20.36,67.15,99,0,23.81,101.49,0.00,400.00,null,null,null
2023-08-08T15:08:58Z,20.36,67.01,99,0,22.83,101.49,0.00,402.00,null,null,null
2023-08-08T15:09:58Z,20.36,66.97,99,0,25.82,101.49,0.00,402.00,null,null,null
2023-08-08T15:10:58Z,20.37,66.96,99,0,27.47,101.49,0.00,402.00,null,null,null
2023-08-08T15:11:58Z,20.37,67.03,99,0,25.53,101.49,1.00,407.00,1,1,1
2023-08-08T15:12:58Z,20.37,67.20,99,0,25.56,101.49,0.00,402.00,null,null,null
2023-08-08T15:13:58Z,20.36,67.05,99,0,24.89,101.49,0.00,402.00,null,null,null
2023-08-08T15:14:58Z,20.36,67.00,99,0,26.53,101.49,0.00,406.00,null,null,null
2023-08-08T15:15:58Z,20.36,67.03,99,0,22.66,101.49,0.00,401.00,null,null,null
2023-08-08T15:16:58Z,20.36,67.00,99,0,24.76,101.49,1.00,410.00,0,0,0
2023-08-08T15:17:58Z,20.39,67.22,99,0,27.62,101.49,0.00,400.00,null,null,null
2023-08-08T15:18:58Z,20.36,67.06,99,0,31.90,101.49,0.00,400.00,null,null,null
2023-08-08T15:19:58Z,20.39,67.09,99,0,23.35,101.49,0.00,405.00,null,null,null
2023-08-08T15:20:58Z,20.36,67.09,99,0,31.93,101.49,0.00,400.00,null,null,null
2023-08-08T15:21:58Z,20.37,67.08,99,0,25.00,101.49,0.00,405.00,2,2,2
2023-08-08T15:22:58Z,20.34,67.22,99,0,22.89,101.49,0.00,400.00,null,null,null
2023-08-08T15:23:58Z,20.36,67.13,99,0,24.11,101.49,0.00,405.00,null,null,null
2023-08-08T15:24:58Z,20.39,67.05,99,0,22.49,101.50,0.00,400.00,null,null,null
2023-08-08T15:25:58Z,20.37,67.08,99,0,23.30,101.50,0.00,405.00,null,null,null
2023-08-08T15:26:58Z,20.34,67.09,99,0,22.61,101.49,0.00,400.00,0,0,0
2023-08-08T15:27:58Z,20.39,67.28,99,0,24.50,101.49,0.00,400.00,null,null,null
2023-08-08T15:28:58Z,20.36,67.17,99,0,22.31,101.50,0.00,400.00,null,null,null
2023-08-08T15:29:58Z,20.37,67.16,99,0,23.35,101.49,0.00,403.00,null,null,null
2023-08-08T15:30:58Z,20.36,67.16,99,0,22.37,101.49,1.00,408.00,null,null,null
2023-08-08T15:31:58Z,20.36,67.14,99,0,26.93,101.49,1.00,408.00,6,6,6
2023-08-08T15:32:58Z,20.37,67.35,99,0,28.22,101.50,0.00,403.00,null,null,null
2023-08-08T15:33:58Z,20.39,67.21,99,0,21.10,101.49,0.00,400.00,null,null,null
2023-08-08T15:34:58Z,20.36,67.22,99,0,27.32,101.49,0.00,403.00,null,null,null
2023-08-08T15:35:58Z,20.36,67.20,99,0,27.75,101.49,0.00,403.00,null,null,null
2023-08-08T15:36:58Z,20.34,67.20,99,0,30.70,101.49,0.00,403.00,1,1,1
2023-08-08T15:37:58Z,20.34,67.37,99,0,28.73,101.49,0.00,403.00,null,null,null
2023-08-08T15:38:58Z,20.37,67.28,99,0,24.83,101.48,0.00,400.00,null,null,null
2023-08-08T15:39:58Z,20.34,67.27,99,0,22.12,101.49,0.00,402.00,null,null,null
2023-08-08T15:40:58Z,20.37,67.26,99,0,22.89,101.48,0.00,402.00,null,null,null
2023-08-08T15:41:58Z,20.37,67.25,99,0,24.46,101.48,0.00,402.00,1,2,2
2023-08-08T15:42:58Z,20.37,67.42,99,0,24.96,101.48,0.00,400.00,null,null,null
2023-08-08T15:43:58Z,20.36,67.27,99,0,29.55,101.48,0.00,402.00,null,null,null
2023-08-08T15:44:58Z,20.39,67.27,99,0,25.62,101.48,0.00,402.00,null,null,null
2023-08-08T15:45:58Z,20.36,67.26,99,0,24.39,101.48,0.00,402.00,null,null,null
2023-08-08T15:46:58Z,20.36,67.28,99,0,21.18,101.47,1.00,407.00,1,1,1
2023-08-08T15:47:58Z,20.34,67.43,99,0,24.79,101.48,1.00,407.00,null,null,null
2023-08-08T15:48:58Z,20.33,67.33,99,0,25.19,101.48,1.00,407.00,null,null,null
2023-08-08T15:49:58Z,20.36,67.33,99,0,23.15,101.48,1.00,410.00,null,null,null
2023-08-08T15:50:58Z,20.36,67.26,99,0,23.86,101.48,0.00,406.00,null,null,null
2023-08-08T15:51:58Z,20.36,67.26,99,0,22.83,101.48,1.00,408.00,3,3,3
2023-08-08T15:52:58Z,20.37,67.46,99,0,25.19,101.48,0.00,403.00,null,null,null
2023-08-08T15:53:58Z,20.36,67.35,99,0,23.30,101.48,0.00,403.00,null,null,null
2023-08-08T15:54:58Z,20.36,67.34,99,0,23.59,101.47,0.00,403.00,null,null,null
2023-08-08T15:55:58Z,20.36,67.32,99,0,23.54,101.48,0.00,403.00,null,null,null
2023-08-08T15:56:58Z,20.33,67.37,99,0,24.83,101.47,0.00,403.00,2,2,2
2023-08-08T15:57:58Z,20.34,67.47,99,0,25.53,101.47,0.00,400.00,null,null,null
2023-08-08T15:58:58Z,20.36,67.35,99,0,27.02,101.47,0.00,400.00,null,null,null
2023-08-08T15:59:58Z,20.36,67.35,99,0,23.05,101.46,0.00,400.00,null,null,null
2023-08-08T16:00:58Z,20.36,67.33,99,0,21.56,101.47,0.00,400.00,null,null,null
2023-08-08T16:01:58Z,20.36,67.30,99,0,25.22,101.47,0.00,400.00,1,1,1
2023-08-08T16:02:58Z,20.34,67.51,99,0,23.10,101.47,0.00,405.00,null,null,null
2023-08-08T16:03:58Z,20.34,67.39,99,0,28.07,101.47,0.00,400.00,null,null,null
2023-08-08T16:04:58Z,20.34,67.38,99,0,26.29,101.47,0.00,405.00,null,null,null
2023-08-08T16:05:58Z,20.34,67.34,99,0,26.11,101.46,0.00,400.00,null,null,null
2023-08-08T16:06:58Z,20.34,67.34,99,0,25.65,101.47,0.00,405.00,2,2,2
2023-08-08T16:07:58Z,20.34,67.51,99,0,21.26,101.47,0.00,400.00,null,null,null
2023-08-08T16:08:58Z,20.34,67.44,99,0,25.13,101.46,0.00,400.00,null,null,null
2023-08-08T16:09:58Z,20.33,67.44,99,0,23.81,101.47,0.00,400.00,null,null,null
2023-08-08T16:10:58Z,20.33,67.41,99,0,23.77,101.47,0.00,400.00,null,null,null
2023-08-08T16:11:58Z,20.34,67.39,99,0,23.49,101.47,0.00,400.00,2,4,4
2023-08-08T16:12:58Z,20.37,67.54,99,0,24.35,101.47,0.00,400.00,null,null,null
2023-08-08T16:13:58Z,20.36,67.43,99,0,23.81,101.46,0.00,402.00,null,null,null
2023-08-08T16:14:58Z,20.36,67.47,99,0,24.50,101.47,0.00,402.00,null,null,null
2023-08-08T16:15:58Z,20.33,67.42,99,0,22.66,101.46,0.00,402.00,null,null,null
2023-08-08T16:16:58Z,20.34,67.42,99,0,25.53,101.46,0.00,402.00,0,1,1
2023-08-08T16:17:58Z,20.34,67.61,99,0,25.09,101.46,0.00,402.00,null,null,null
2023-08-08T16:18:58Z,20.34,67.50,99,0,21.56,101.46,0.00,402.00,null,null,null
2023-08-08T16:19:58Z,20.34,67.49,99,0,24.43,101.46,0.00,400.00,null,null,null
2023-08-08T16:20:58Z,20.34,67.51,99,0,24.61,101.46,0.00,400.00,null,null,null
2023-08-08T16:21:58Z,20.34,67.44,99,0,22.43,101.46,0.00,400.00,1,1,1
2023-08-08T16:22:58Z,20.33,67.60,99,0,24.46,101.47,0.00,400.00,null,null,null
2023-08-08T16:23:58Z,20.34,67.56,99,0,24.61,101.46,0.00,400.00,null,null,null
2023-08-08T16:24:58Z,20.33,67.54,99,0,25.67,101.46,0.00,400.00,null,null,null
2023-08-08T16:25:58Z,20.30,67.49,99,0,25.65,101.46,0.00,402.00,null,null,null
2023-08-08T16:26:58Z,20.34,67.50,99,0,25.47,101.45,0.00,402.00,1,1,1
2023-08-08T16:27:58Z,20.34,67.63,99,0,24.96,101.45,0.00,402.00,null,null,null
2023-08-08T16:28:58Z,20.36,67.54,99,0,27.49,101.44,0.00,402.00,null,null,null
2023-08-08T16:29:58Z,20.34,67.54,99,0,23.20,101.44,0.00,402.00,null,null,null
2023-08-08T16:30:58Z,20.34,67.58,99,0,26.67,101.45,0.00,402.00,null,null,null
2023-08-08T16:31:58Z,20.32,67.55,99,0,24.50,101.44,0.00,401.00,1,2,2
2023-08-08T16:32:58Z,20.37,67.69,99,0,25.03,101.45,0.00,401.00,null,null,null
2023-08-08T16:33:58Z,20.34,67.60,99,0,25.13,101.44,0.00,401.00,null,null,null
2023-08-08T16:34:58Z,20.33,67.63,99,0,21.49,101.44,0.00,400.00,null,null,null
2023-08-08T16:35:58Z,20.33,67.56,99,0,23.68,101.44,0.00,400.00,null,null,null
2023-08-08T16:36:58Z,20.32,67.59,99,0,28.54,101.44,0.00,400.00,3,3,3
2023-08-08T16:37:58Z,20.33,67.75,99,0,21.92,101.45,0.00,400.00,null,null,null
2023-08-08T16:38:58Z,20.34,67.62,99,0,23.10,101.44,0.00,400.00,null,null,null
2023-08-08T16:39:58Z,20.33,67.60,99,0,25.95,101.45,0.00,405.00,null,null,null
2023-08-08T16:40:58Z,20.33,67.63,99,0,22.99,101.44,1.00,407.00,null,null,null
2023-08-08T16:41:58Z,20.33,67.64,99,0,25.90,101.44,1.00,407.00,3,3,3
2023-08-08T16:42:58Z,20.32,67.81,99,0,26.87,101.45,0.00,405.00,null,null,null
2023-08-08T16:43:58Z,20.34,67.67,99,0,24.54,101.44,0.00,402.00,null,null,null
2023-08-08T16:44:58Z,20.33,67.65,99,0,21.99,101.45,0.00,405.00,null,null,null
2023-08-08T16:45:58Z,20.33,67.65,99,0,26.97,101.45,0.00,405.00,null,null,null
2023-08-08T16:46:58Z,20.33,67.68,99,0,23.15,101.45,0.00,406.00,2,2,2
2023-08-08T16:47:58Z,20.34,67.82,99,0,22.05,101.46,0.00,406.00,null,null,null
2023-08-08T16:48:58Z,20.33,67.74,99,0,24.65,101.46,0.00,401.00,null,null,null
2023-08-08T16:49:58Z,20.34,67.76,99,0,24.93,101.46,0.00,403.00,null,null,null
2023-08-08T16:50:58Z,20.34,67.70,99,0,23.35,101.46,1.00,408.00,null,null,null
2023-08-08T16:51:58Z,20.34,67.69,99,0,22.61,101.46,1.00,413.00,1,1,12
2023-08-08T16:52:58Z,20.33,67.90,99,0,23.77,101.45,1.00,413.00,null,null,null
2023-08-08T16:53:58Z,20.33,67.76,99,0,22.78,101.46,0.00,403.00,null,null,null
2023-08-08T16:54:58Z,20.36,67.78,99,0,26.29,101.45,1.00,408.00,null,null,null
2023-08-08T16:55:58Z,20.33,67.74,99,0,25.35,101.45,1.00,407.00,null,null,null
2023-08-08T16:56:58Z,20.32,67.76,99,0,27.84,101.45,1.00,407.00,1,1,1
2023-08-08T16:57:58Z,20.34,67.94,99,0,22.66,101.44,0.00,400.00,null,null,null
2023-08-08T16:58:58Z,20.34,67.82,99,0,26.50,101.44,0.00,400.00,null,null,null
2023-08-08T16:59:58Z,20.36,67.84,99,0,22.24,101.44,0.00,400.00,null,null,null
2023-08-08T17:00:58Z,20.32,67.83,99,0,21.18,101.44,0.00,405.00,null,null,null
2023-08-08T17:01:58Z,20.32,67.80,99,0,23.10,101.44,0.00,400.00,5,6,6
2023-08-08T17:02:58Z,20.33,67.96,99,0,25.79,101.43,0.00,400.00,null,null,null
2023-08-08T17:03:58Z,20.36,67.87,99,0,23.63,101.43,0.00,400.00,null,null,null
2023-08-08T17:04:58Z,20.33,67.87,99,0,22.05,101.43,0.00,400.00,null,null,null
2023-08-08T17:05:58Z,20.33,67.85,99,0,25.62,101.43,0.00,402.00,null,null,null
2023-08-08T17:06:58Z,20.33,67.86,99,0,26.71,101.43,0.00,402.00,2,2,2
2023-08-08T17:07:58Z,20.33,67.99,99,0,30.11,101.42,0.00,400.00,null,null,null
2023-08-08T17:08:58Z,20.32,67.92,99,0,27.32,101.41,0.00,400.00,null,null,null
2023-08-08T17:09:58Z,20.33,67.91,99,0,26.76,101.42,1.00,409.00,null,null,null
2023-08-08T17:10:58Z,20.33,67.90,99,0,23.63,101.41,1.00,407.00,null,null,null
2023-08-08T17:11:58Z,20.32,67.90,99,0,24.83,101.42,1.00,409.00,1,1,1
2023-08-08T17:12:58Z,20.33,68.08,99,0,23.35,101.41,1.00,407.00,null,null,null
2023-08-08T17:13:58Z,20.33,67.91,99,0,23.63,101.42,1.00,407.00,null,null,null
2023-08-08T17:14:58Z,20.33,67.91,99,0,22.12,101.42,1.00,409.00,null,null,null
2023-08-08T17:15:58Z,20.34,67.91,99,0,22.05,101.42,1.00,408.00,null,null,null
2023-08-08T17:16:58Z,20.32,67.91,99,0,24.11,101.42,0.00,406.00,1,1,1
2023-08-08T17:17:58Z,20.30,68.08,99,0,23.10,101.42,0.00,406.00,null,null,null
2023-08-08T17:18:58Z,20.33,67.98,99,0,25.06,101.42,0.00,403.00,null,null,null
2023-08-08T17:19:58Z,20.33,67.93,99,0,21.85,101.42,0.00,400.00,null,null,null
2023-08-08T17:20:58Z,20.32,67.99,99,0,31.87,101.42,1.00,409.00,null,null,null
2023-08-08T17:21:58Z,20.34,68.00,99,0,28.11,101.42,1.00,409.00,3,3,3
2023-08-08T17:22:58Z,20.32,68.17,99,0,24.65,101.40,1.00,407.00,null,null,null
2023-08-08T17:23:58Z,20.34,68.03,99,0,27.99,101.41,0.00,400.00,null,null,null
2023-08-08T17:24:58Z,20.33,67.99,99,0,22.43,101.41,1.00,407.00,null,null,null
2023-08-08T17:25:58Z,20.32,67.99,99,0,25.67,101.41,1.00,407.00,null,null,null
2023-08-08T17:26:58Z,20.32,68.01,99,0,27.71,101.42,1.00,407.00,0,0,0
2023-08-08T17:27:58Z,20.33,68.21,99,0,25.22,101.41,0.00,400.00,null,null,null
2023-08-08T17:28:58Z,20.33,68.05,99,0,22.94,101.41,1.00,407.00,null,null,null
2023-08-08T17:29:58Z,20.33,68.02,99,0,21.02,101.41,1.00,407.00,null,null,null
2023-08-08T17:30:58Z,20.33,68.06,99,0,26.36,101.41,1.00,407.00,null,null,null
2023-08-08T17:31:58Z,20.30,68.05,99,0,26.06,101.41,1.00,407.00,5,5,5
2023-08-08T17:32:58Z,20.32,68.20,99,0,31.10,101.41,1.00,407.00,null,null,null
2023-08-08T17:33:58Z,20.34,68.09,99,0,25.82,101.41,0.00,400.00,null,null,null
2023-08-08T17:34:58Z,20.32,68.07,99,0,32.87,101.40,1.00,407.00,null,null,null
2023-08-08T17:35:58Z,20.32,68.08,99,0,29.44,101.41,1.00,407.00,null,null,null
2023-08-08T17:36:58Z,20.30,68.06,99,0,21.41,101.41,1.00,407.00,0,0,11
2023-08-08T17:37:58Z,20.32,68.27,99,0,22.49,101.41,0.00,400.00,null,null,null
2023-08-08T17:38:58Z,20.33,68.11,99,0,26.87,101.42,0.00,403.00,null,null,null
2023-08-08T17:39:58Z,20.33,68.08,99,0,22.78,101.42,1.00,407.00,null,null,null
2023-08-08T17:40:58Z,20.33,68.12,99,0,24.19,101.42,1.00,407.00,null,null,null
2023-08-08T17:41:58Z,20.32,68.10,99,0,25.00,101.43,0.00,400.00,0,0,0
2023-08-08T17:42:58Z,20.34,68.30,99,0,23.94,101.43,1.00,407.00,null,null,null
2023-08-08T17:43:58Z,20.32,68.15,99,0,26.41,101.43,0.00,403.00,null,null,null
2023-08-08T17:44:58Z,20.32,68.15,99,0,25.09,101.43,1.00,407.00,null,null,null
2023-08-08T17:45:58Z,20.32,68.10,99,0,22.49,101.43,1.00,407.00,null,null,null
2023-08-08T17:46:58Z,20.32,68.12,99,0,33.42,101.43,1.00,407.00,1,1,1
2023-08-08T17:47:58Z,20.33,68.31,99,0,25.90,101.42,1.00,407.00,null,null,null
2023-08-08T17:48:58Z,20.32,68.21,99,0,24.19,101.42,0.00,402.00,null,null,null
2023-08-08T17:49:58Z,20.30,68.18,99,0,32.37,101.42,0.00,406.00,null,null,null
2023-08-08T17:50:58Z,20.32,68.17,99,0,22.05,101.42,0.00,406.00,null,null,null
2023-08-08T17:51:58Z,20.29,68.16,99,0,23.86,101.41,0.00,403.00,0,0,0
2023-08-08T17:52:58Z,20.33,68.32,99,0,32.31,101.41,0.00,400.00,null,null,null
2023-08-08T17:53:58Z,20.33,68.24,99,0,23.05,101.41,0.00,400.00,null,null,null
2023-08-08T17:54:58Z,20.29,68.21,99,0,26.76,101.42,0.00,400.00,null,null,null
2023-08-08T17:55:58Z,20.33,68.18,99,0,22.43,101.42,0.00,403.00,null,null,null
2023-08-08T17:56:58Z,20.32,68.17,99,0,24.54,101.41,1.00,410.00,0,0,0
2023-08-08T17:57:58Z,20.33,68.39,99,0,24.19,101.41,0.00,403.00,null,null,null
2023-08-08T17:58:58Z,20.32,68.26,99,0,23.15,101.41,0.00,400.00,null,null,null
2023-08-08T17:59:58Z,20.32,68.23,99,0,22.18,101.42,0.00,400.00,null,null,null
2023-08-08T18:00:58Z,20.33,68.25,99,0,24.19,101.41,0.00,403.00,null,null,null
2023-08-08T18:01:58Z,20.32,68.21,99,0,25.41,101.42,0.00,400.00,0,0,0
2023-08-08T18:02:58Z,20.30,68.34,99,0,24.46,101.42,0.00,403.00,null,null,null
2023-08-08T18:03:58Z,20.32,68.26,99,0,24.27,101.42,0.00,400.00,null,null,null
2023-08-08T18:04:58Z,20.32,68.30,99,0,27.68,101.42,0.00,405.00,null,null,null
2023-08-08T18:05:58Z,20.32,68.25,99,0,34.40,101.42,0.00,405.00,null,null,null
2023-08-08T18:06:58Z,20.32,68.25,99,0,21.49,101.42,0.00,405.00,4,5,5
2023-08-08T18:07:58Z,20.32,68.42,99,0,25.73,101.42,0.00,405.00,null,null,null
2023-08-08T18:08:58Z,20.32,68.28,99,0,26.03,101.42,0.00,400.00,null,null,null
2023-08-08T18:09:58Z,20.32,68.29,99,0,23.81,101.42,0.00,405.00,null,null,null
2023-08-08T18:10:58Z,20.32,68.26,99,0,24.83,101.42,0.00,400.00,null,null,null
2023-08-08T18:11:58Z,20.30,68.24,99,0,24.19,101.42,0.00,400.00,2,7,7
2023-08-08T18:12:58Z,20.32,68.39,99,0,22.72,101.42,0.00,401.00,null,null,null
2023-08-08T18:13:58Z,20.30,68.28,99,0,20.67,101.42,0.00,405.00,null,null,null
2023-08-08T18:14:58Z,20.32,68.29,99,0,24.58,101.42,0.00,405.00,null,null,null
2023-08-08T18:15:58Z,20.32,68.30,99,0,24.03,101.43,0.00,405.00,null,null,null
2023-08-08T18:16:58Z,20.30,68.30,99,0,26.89,101.42,0.00,405.00,1,2,2
2023-08-08T18:17:58Z,20.30,68.43,99,0,34.29,101.42,0.00,405.00,null,null,null
2023-08-08T18:18:58Z,20.33,68.28,99,0,26.08,101.42,0.00,400.00,null,null,null
2023-08-08T18:19:58Z,20.32,68.32,99,0,28.33,101.43,0.00,405.00,null,null,null
2023-08-08T18:20:58Z,20.30,68.30,99,0,26.14,101.42,0.00,400.00,null,null,null
2023-08-08T18:21:58Z,20.30,68.28,99,0,29.01,101.42,0.00,400.00,1,5,5
2023-08-08T18:22:58Z,20.33,68.43,99,0,25.65,101.41,0.00,400.00,null,null,null
2023-08-08T18:23:58Z,20.32,68.32,99,0,23.40,101.41,0.00,402.00,null,null,null
2023-08-08T18:24:58Z,20.32,68.32,99,0,25.00,101.40,0.00,402.00,null,null,null
2023-08-08T18:25:58Z,20.33,68.32,99,0,26.78,101.40,1.00,407.00,null,null,null
2023-08-08T18:26:58Z,20.30,68.29,99,0,26.19,101.41,1.00,407.00,3,3,3
2023-08-08T18:27:58Z,20.30,68.44,99,0,25.95,101.41,0.00,402.00,null,null,null
2023-08-08T18:28:58Z,20.32,68.33,99,0,26.99,101.41,1.00,407.00,null,null,null
2023-08-08T18:29:58Z,20.29,68.34,99,0,27.04,101.42,0.00,406.00,null,null,null
2023-08-08T18:30:58Z,20.30,68.34,99,0,27.92,101.42,0.00,406.00,null,null,null
2023-08-08T18:31:58Z,20.32,68.30,99,0,27.34,101.42,0.00,401.00,2,4,4
2023-08-08T18:32:58Z,20.29,68.44,99,0,22.94,101.43,0.00,400.00,null,null,null
2023-08-08T18:33:58Z,20.29,68.35,99,0,24.19,101.42,0.00,400.00,null,null,null
2023-08-08T18:34:58Z,20.32,68.30,99,0,23.86,101.43,0.00,402.00,null,null,null
2023-08-08T18:35:58Z,20.32,68.30,99,0,26.55,101.43,0.00,402.00,null,null,null
2023-08-08T18:36:58Z,20.32,68.34,99,0,28.01,101.43,1.00,407.00,1,1,1
2023-08-08T18:37:58Z,20.32,68.46,99,0,20.85,101.43,0.00,402.00,null,null,null
2023-08-08T18:38:58Z,20.30,68.30,99,0,25.95,101.43,0.00,400.00,null,null,null
2023-08-08T18:39:58Z,20.30,68.34,99,0,27.57,101.42,0.00,400.00,null,null,null
2023-08-08T18:40:58Z,20.29,68.29,99,0,28.04,101.42,0.00,400.00,null,null,null
2023-08-08T18:41:58Z,20.30,68.28,99,0,26.24,101.42,0.00,402.00,3,3,3
2023-08-08T18:42:58Z,20.29,68.44,99,0,24.76,101.41,0.00,402.00,null,null,null
2023-08-08T18:43:58Z,20.30,68.36,99,0,23.45,101.41,0.00,400.00,null,null,null
2023-08-08T18:44:58Z,20.32,68.36,99,0,21.85,101.42,0.00,400.00,null,null,null
2023-08-08T18:45:58Z,20.30,68.31,99,0,33.03,101.42,0.00,402.00,null,null,null
2023-08-08T18:46:58Z,20.32,68.33,99,0,21.49,101.42,0.00,402.00,2,2,2
2023-08-08T18:47:58Z,20.32,68.50,99,0,22.66,101.42,0.00,402.00,null,null,null
2023-08-08T18:48:58Z,20.30,68.37,99,0,23.20,101.42,0.00,402.00,null,null,null
2023-08-08T18:49:58Z,20.30,68.31,99,0,24.83,101.42,0.00,400.00,null,null,null
2023-08-08T18:50:58Z,20.30,68.34,99,0,23.59,101.42,0.00,400.00,null,null,null
2023-08-08T18:51:58Z,20.27,68.33,99,0,24.35,101.42,0.00,402.00,1,1,1
2023-08-08T18:52:58Z,20.29,68.52,99,0,23.68,101.41,0.00,400.00,null,null,null
2023-08-08T18:53:58Z,20.32,68.38,99,0,25.76,101.41,0.00,400.00,null,null,null
2023-08-08T18:54:58Z,20.32,68.37,99,0,25.95,101.41,0.00,400.00,null,null,null
2023-08-08T18:55:58Z,20.29,68.36,99,0,22.43,101.42,1.00,407.00,null,null,null
2023-08-08T18:56:58Z,20.30,68.34,99,0,22.37,101.42,1.00,407.00,0,0,0
2023-08-08T18:57:58Z,20.30,68.45,99,0,29.98,101.41,0.00,405.00,null,null,null
2023-08-08T18:58:58Z,20.29,68.38,99,0,23.77,101.41,1.00,407.00,null,null,null
2023-08-08T18:59:58Z,20.33,68.35,99,0,21.56,101.41,1.00,407.00,null,null,null
2023-08-08T19:00:58Z,20.29,68.36,99,0,22.78,101.41,1.00,407.00,null,null,null
2023-08-08T19:01:58Z,20.30,68.30,99,0,25.70,101.42,0.00,406.00,1,1,1
2023-08-08T19:02:58Z,20.30,68.46,99,0,23.25,101.42,0.00,403.00,null,null,null
2023-08-08T19:03:58Z,20.32,68.39,99,0,27.26,101.42,0.00,403.00,null,null,null
2023-08-08T19:04:58Z,20.30,68.37,99,0,22.31,101.43,0.00,403.00,null,null,null
2023-08-08T19:05:58Z,20.29,68.39,99,0,22.89,101.43,0.00,403.00,null,null,null
2023-08-08T19:06:58Z,20.27,68.36,99,0,25.87,101.43,0.00,403.00,1,2,2
2023-08-08T19:07:58Z,20.27,68.48,99,0,29.43,101.43,0.00,400.00,null,null,null
2023-08-08T19:08:58Z,20.27,68.44,99,0,24.54,101.44,1.00,407.00,null,null,null
2023-08-08T19:09:58Z,20.29,68.36,99,0,25.87,101.43,0.00,405.00,null,null,null
2023-08-08T19:10:58Z,20.29,68.37,99,0,26.95,101.43,0.00,400.00,null,null,null
2023-08-08T19:11:58Z,20.26,68.35,99,0,23.77,101.42,0.00,405.00,1,1,1
2023-08-08T19:12:58Z,20.30,68.46,99,0,24.03,101.42,0.00,400.00,null,null,null
2023-08-08T19:13:58Z,20.26,68.40,99,0,28.52,101.42,0.00,405.00,null,null,null
2023-08-08T19:14:58Z,20.30,68.40,99,0,24.50,101.43,1.00,407.00,null,null,null
2023-08-08T19:15:58Z,20.27,68.34,99,0,23.98,101.42,0.00,405.00,null,null,null
2023-08-08T19:16:58Z,20.29,68.40,99,0,24.03,101.42,0.00,405.00,0,0,0
2023-08-08T19:17:58Z,20.29,68.52,99,0,27.08,101.42,0.00,400.00,null,null,null
2023-08-08T19:18:58Z,20.29,68.41,99,0,23.94,101.42,0.00,403.00,null,null,null
2023-08-08T19:19:58Z,20.30,68.40,99,0,24.15,101.42,0.00,400.00,null,null,null
2023-08-08T19:20:58Z,20.29,68.40,99,0,24.11,101.42,0.00,403.00,null,null,null
2023-08-08T19:21:58Z,20.27,68.40,99,0,24.96,101.42,1.00,408.00,2,2,2
2023-08-08T19:22:58Z,20.30,68.56,99,0,30.10,101.42,0.00,403.00,null,null,null
2023-08-08T19:23:58Z,20.29,68.43,99,0,26.53,101.41,0.00,400.00,null,null,null
2023-08-08T19:24:58Z,20.29,68.40,99,0,26.24,101.41,0.00,400.00,null,null,null
2023-08-08T19:25:58Z,20.27,68.38,99,0,26.24,101.41,0.00,400.00,null,null,null
2023-08-08T19:26:58Z,20.26,68.41,99,0,32.65,101.41,0.00,400.00,2,3,3
2023-08-08T19:27:58Z,20.27,68.55,99,0,24.86,101.41,1.00,408.00,null,null,null
2023-08-08T19:28:58Z,20.27,68.48,99,0,23.25,101.41,1.00,408.00,null,null,null
2023-08-08T19:29:58Z,20.27,68.45,99,0,22.66,101.40,0.00,403.00,null,null,null
2023-08-08T19:30:58Z,20.29,68.43,99,0,27.69,101.40,0.00,403.00,null,null,null
2023-08-08T19:31:58Z,20.26,68.45,99,0,24.72,101.40,0.00,400.00,1,1,1
2023-08-08T19:32:58Z,20.29,68.54,99,0,26.48,101.40,0.00,403.00,null,null,null
2023-08-08T19:33:58Z,20.29,68.47,99,0,30.58,101.40,0.00,400.00,null,null,null
2023-08-08T19:34:58Z,20.27,68.46,99,0,25.06,101.41,0.00,403.00,null,null,null
2023-08-08T19:35:58Z,20.29,68.43,99,0,28.19,101.42,1.00,408.00,null,null,null
2023-08-08T19:36:58Z,20.26,68.43,99,0,25.29,101.41,0.00,403.00,3,3,3
2023-08-08T19:37:58Z,20.29,68.59,99,0,24.15,101.42,0.00,403.00,null,null,null
2023-08-08T19:38:58Z,20.27,68.49,99,0,28.54,101.41,0.00,400.00,null,null,null
2023-08-08T19:39:58Z,20.26,68.47,99,0,22.72,101.41,0.00,400.00,null,null,null
2023-08-08T19:40:58Z,20.26,68.50,99,0,23.63,101.42,0.00,400.00,null,null,null
2023-08-08T19:41:58Z,20.25,68.51,99,0,25.13,101.42,0.00,403.00,0,0,0
2023-08-08T19:42:58Z,20.26,68.64,99,0,22.99,101.42,0.00,403.00,null,null,null
2023-08-08T19:43:58Z,20.25,68.52,99,0,24.61,101.42,0.00,400.00,null,null,null
2023-08-08T19:44:58Z,20.26,68.51,99,0,23.81,101.42,0.00,400.00,null,null,null
2023-08-08T19:45:58Z,20.25,68.52,99,0,23.20,101.42,0.00,400.00,null,null,null
2023-08-08T19:46:58Z,20.26,68.53,99,0,22.78,101.43,0.00,400.00,2,3,3
2023-08-08T19:47:58Z,20.27,68.63,99,0,25.32,101.43,0.00,400.00,null,null,null
2023-08-08T19:48:58Z,20.26,68.56,99,0,28.15,101.42,0.00,400.00,null,null,null
2023-08-08T19:49:58Z,20.26,68.51,99,0,27.42,101.42,0.00,400.00,null,null,null
2023-08-08T19:50:58Z,20.27,68.55,99,0,25.79,101.42,0.00,406.00,null,null,null
2023-08-08T19:51:58Z,20.23,68.50,99,0,21.56,101.42,0.00,406.00,2,3,3
2023-08-08T19:52:58Z,20.27,68.66,99,0,23.35,101.42,3.00,426.00,null,null,null
2023-08-08T19:53:58Z,20.25,68.60,99,0,22.83,101.42,0.00,406.00,null,null,null
2023-08-08T19:54:58Z,20.27,68.58,99,0,24.83,101.42,1.00,409.00,null,null,null
2023-08-08T19:55:58Z,20.26,68.57,99,0,25.87,101.42,1.00,409.00,null,null,null
2023-08-08T19:56:58Z,20.26,68.58,99,0,23.45,101.43,0.00,405.00,3,3,3
2023-08-08T19:57:58Z,20.27,68.72,99,0,25.41,101.44,0.00,405.00,null,null,null
2023-08-08T19:58:58Z,20.27,68.61,99,0,22.05,101.43,0.00,400.00,null,null,null
2023-08-08T19:59:58Z,20.26,68.61,99,0,23.20,101.43,0.00,400.00,null,null,null
2023-08-08T20:00:58Z,20.25,68.59,99,0,22.78,101.44,0.00,406.00,null,null,null
2023-08-08T20:01:58Z,20.26,68.59,99,0,20.93,101.44,0.00,406.00,0,2,2
2023-08-08T20:02:58Z,20.26,68.74,99,0,22.83,101.44,0.00,400.00,null,null,null
2023-08-08T20:03:58Z,20.26,68.67,99,0,26.24,101.44,0.00,400.00,null,null,null
2023-08-08T20:04:58Z,20.25,68.64,99,0,24.61,101.44,0.00,400.00,null,null,null
2023-08-08T20:05:58Z,20.25,68.60,99,0,22.83,101.43,0.00,406.00,null,null,null
2023-08-08T20:06:58Z,20.25,68.64,99,0,24.15,101.43,0.00,406.00,0,0,0
2023-08-08T20:07:58Z,20.26,68.77,99,0,25.29,101.44,0.00,400.00,null,null,null
2023-08-08T20:08:58Z,20.26,68.72,99,0,22.99,101.44,0.00,400.00,null,null,null
2023-08-08T20:09:58Z,20.26,68.66,99,0,22.12,101.44,0.00,403.00,null,null,null
2023-08-08T20:10:58Z,20.25,68.67,99,0,24.96,101.44,0.00,403.00,null,null,null
2023-08-08T20:11:58Z,20.25,68.68,99,0,21.64,101.44,0.00,403.00,1,1,1
2023-08-08T20:12:58Z,20.25,68.83,99,0,27.78,101.45,0.00,403.00,null,null,null
2023-08-08T20:13:58Z,20.25,68.74,99,0,21.85,101.44,0.00,403.00,null,null,null
2023-08-08T20:14:58Z,20.25,68.69,99,0,23.63,101.44,0.00,403.00,null,null,null
2023-08-08T20:15:58Z,20.23,68.70,99,0,25.73,101.44,1.00,409.00,null,null,null
2023-08-08T20:16:58Z,20.23,68.74,99,0,22.05,101.44,3.00,424.00,3,3,3
2023-08-08T20:17:58Z,20.26,68.84,99,0,23.72,101.44,3.00,424.00,null,null,null
2023-08-08T20:18:58Z,20.26,68.73,99,0,24.07,101.44,0.00,400.00,null,null,null
2023-08-08T20:19:58Z,20.25,68.75,99,0,23.90,101.45,0.00,403.00,null,null,null
2023-08-08T20:20:58Z,20.23,68.69,99,0,24.39,101.45,0.00,406.00,null,null,null
2023-08-08T20:21:58Z,20.23,68.72,99,0,23.40,101.45,3.00,425.00,0,0,0
2023-08-08T20:22:58Z,20.25,68.84,99,0,23.25,101.46,4.00,432.00,null,null,null
2023-08-08T20:23:58Z,20.26,68.79,99,0,21.10,101.45,0.00,406.00,null,null,null
2023-08-08T20:24:58Z,20.25,68.74,99,0,22.31,101.45,0.00,406.00,null,null,null
2023-08-08T20:25:58Z,20.25,68.69,99,0,24.58,101.45,0.00,402.00,null,null,null
2023-08-08T20:26:58Z,20.23,68.76,99,0,25.19,101.46,0.00,402.00,1,1,1
2023-08-08T20:27:58Z,20.25,68.86,99,0,24.03,101.46,3.00,421.00,null,null,null
2023-08-08T20:28:58Z,20.23,68.76,99,0,25.38,101.46,0.00,402.00,null,null,null
2023-08-08T20:29:58Z,20.23,68.78,99,0,23.72,101.46,2.00,418.00,null,null,null
2023-08-08T20:30:58Z,20.25,68.75,99,0,25.09,101.46,3.00,423.00,null,null,null
2023-08-08T20:31:58Z,20.25,68.80,99,0,24.35,101.45,0.00,406.00,3,3,3
2023-08-08T20:32:58Z,20.25,68.87,99,0,23.86,101.46,0.00,400.00,null,null,null
2023-08-08T20:33:58Z,20.25,68.79,99,0,22.99,101.46,0.00,400.00,null,null,null
2023-08-08T20:34:58Z,20.25,68.80,99,0,24.11,101.45,0.00,400.00,null,null,null
2023-08-08T20:35:58Z,20.23,68.79,99,0,26.62,101.45,0.00,400.00,null,null,null
2023-08-08T20:36:58Z,20.22,68.79,99,0,23.05,101.45,0.00,403.00,0,0,0
2023-08-08T20:37:58Z,20.22,68.94,99,0,23.59,101.45,3.00,425.00,null,null,null
2023-08-08T20:38:58Z,20.23,68.81,99,0,22.49,101.46,4.00,432.00,null,null,null
2023-08-08T20:39:58Z,20.25,68.82,99,0,25.47,101.45,4.00,432.00,null,null,null
2023-08-08T20:40:58Z,20.25,68.82,99,0,22.43,101.46,1.00,409.00,null,null,null
2023-08-08T20:41:58Z,20.22,68.80,99,0,23.77,101.46,0.00,403.00,0,0,0
2023-08-08T20:42:58Z,20.25,68.93,99,0,26.03,101.46,3.00,424.00,null,null,null
2023-08-08T20:43:58Z,20.22,68.86,99,0,23.63,101.46,0.00,402.00,null,null,null
2023-08-08T20:44:58Z,20.23,68.81,99,0,24.19,101.46,3.00,424.00,null,null,null
2023-08-08T20:45:58Z,20.23,68.81,99,0,25.09,101.46,3.00,426.00,null,null,null
2023-08-08T20:46:58Z,20.23,68.83,99,0,21.99,101.46,3.00,426.00,2,2,2
2023-08-08T20:47:58Z,20.23,68.93,99,0,24.83,101.47,3.00,426.00,null,null,null
2023-08-08T20:48:58Z,20.25,68.86,99,0,24.50,101.46,3.00,426.00,null,null,null
2023-08-08T20:49:58Z,20.25,68.86,99,0,25.03,101.47,0.00,406.00,null,null,null
2023-08-08T20:50:58Z,20.22,68.81,99,0,23.72,101.47,0.00,406.00,null,null,null
2023-08-08T20:51:58Z,20.23,68.84,99,0,24.19,101.47,3.00,422.00,0,0,0
2023-08-08T20:52:58Z,20.23,68.96,99,0,25.53,101.47,3.00,421.00,null,null,null
2023-08-08T20:53:58Z,20.23,68.88,99,0,22.99,101.46,3.00,425.00,null,null,null
2023-08-08T20:54:58Z,20.25,68.85,99,0,24.65,101.46,3.00,425.00,null,null,null
2023-08-08T20:55:58Z,20.22,68.85,99,0,22.78,101.46,0.00,402.00,null,null,null
2023-08-08T20:56:58Z,20.20,68.87,99,0,21.64,101.47,2.00,418.00,1,1,1
2023-08-08T20:57:58Z,20.23,68.98,99,0,24.86,101.47,2.00,418.00,null,null,null
2023-08-08T20:58:58Z,20.23,68.87,99,0,28.01,101.47,2.00,418.00,null,null,null
2023-08-08T20:59:58Z,20.20,68.87,99,0,23.59,101.47,3.00,426.00,null,null,null
2023-08-08T21:00:58Z,20.23,68.89,99,0,23.72,101.47,3.00,422.00,null,null,null
2023-08-08T21:01:58Z,20.22,68.89,99,0,25.92,101.47,3.00,422.00,0,0,0
2023-08-08T21:02:58Z,20.20,69.00,99,0,24.03,101.48,2.00,417.00,null,null,null
2023-08-08T21:03:58Z,20.23,68.90,99,0,23.30,101.48,2.00,417.00,null,null,null
2023-08-08T21:04:58Z,20.22,68.89,99,0,25.32,101.48,3.00,422.00,null,null,null
2023-08-08T21:05:58Z,20.22,68.88,99,0,26.84,101.48,3.00,422.00,null,null,null
2023-08-08T21:06:58Z,20.19,68.93,99,0,25.26,101.48,2.00,415.00,0,0,0
2023-08-08T21:07:58Z,20.25,69.00,99,0,24.58,101.49,3.00,420.00,null,null,null
2023-08-08T21:08:58Z,20.23,68.93,99,0,23.86,101.48,0.00,400.00,null,null,null
2023-08-08T21:09:58Z,20.23,68.90,99,0,23.25,101.49,3.00,422.00,null,null,null
2023-08-08T21:10:58Z,20.20,68.92,99,0,23.49,101.48,3.00,422.00,null,null,null
2023-08-08T21:11:58Z,20.20,68.90,99,0,23.72,101.49,3.00,422.00,2,3,3
2023-08-08T21:12:58Z,20.22,69.02,99,0,22.18,101.49,3.00,422.00,null,null,null
2023-08-08T21:13:58Z,20.22,68.97,99,0,22.31,101.49,3.00,422.00,null,null,null
2023-08-08T21:14:58Z,20.22,68.93,99,0,21.99,101.49,3.00,426.00,null,null,null
2023-08-08T21:15:58Z,20.22,68.93,99,0,23.05,101.49,3.00,425.00,null,null,null
2023-08-08T21:16:58Z,20.20,68.90,99,0,25.22,101.49,3.00,425.00,1,1,1
2023-08-08T21:17:58Z,20.19,69.04,99,0,22.49,101.49,3.00,421.00,null,null,null
2023-08-08T21:18:58Z,20.20,68.93,99,0,21.49,101.49,2.00,418.00,null,null,null
2023-08-08T21:19:58Z,20.20,68.90,99,0,25.73,101.49,3.00,423.00,null,null,null
2023-08-08T21:20:58Z,20.20,68.91,99,0,27.36,101.48,2.00,418.00,null,null,null
2023-08-08T21:21:58Z,20.19,68.93,99,0,25.84,101.48,2.00,418.00,2,2,2
2023-08-08T21:22:58Z,20.20,69.03,99,0,21.71,101.48,3.00,423.00,null,null,null
2023-08-08T21:23:58Z,20.22,68.98,99,0,22.18,101.48,2.00,418.00,null,null,null
2023-08-08T21:24:58Z,20.22,68.93,99,0,24.15,101.48,3.00,423.00,null,null,null
2023-08-08T21:25:58Z,20.20,68.93,99,0,22.78,101.48,3.00,423.00,null,null,null
2023-08-08T21:26:58Z,20.22,68.96,99,0,22.37,101.48,2.00,417.00,1,1,1
2023-08-08T21:27:58Z,20.19,69.06,99,0,23.25,101.48,2.00,417.00,null,null,null
2023-08-08T21:28:58Z,20.20,68.98,99,0,22.89,101.48,2.00,417.00,null,null,null
2023-08-08T21:29:58Z,20.20,68.97,99,0,21.10,101.47,2.00,415.00,null,null,null
2023-08-08T21:30:58Z,20.22,68.98,99,0,25.90,101.48,2.00,415.00,null,null,null
2023-08-08T21:31:58Z,20.19,68.98,99,0,23.90,101.48,2.00,415.00,0,2,2
2023-08-08T21:32:58Z,20.20,69.06,99,0,23.10,101.48,2.00,415.00,null,null,null
2023-08-08T21:33:58Z,20.22,69.00,99,0,26.78,101.48,2.00,414.00,null,null,null
2023-08-08T21:34:58Z,20.23,68.93,99,0,22.94,101.48,2.00,414.00,null,null,null
2023-08-08T21:35:58Z,20.20,68.95,99,0,24.39,101.49,2.00,414.00,null,null,null
2023-08-08T21:36:58Z,20.20,68.92,99,0,24.50,101.48,2.00,414.00,0,0,0
2023-08-08T21:37:58Z,20.19,69.08,99,0,23.05,101.48,2.00,414.00,null,null,null
2023-08-08T21:38:58Z,20.22,68.98,99,0,23.35,101.48,2.00,414.00,null,null,null
2023-08-08T21:39:58Z,20.20,68.96,99,0,23.10,101.49,1.00,411.00,null,null,null
2023-08-08T21:40:58Z,20.22,68.97,99,0,23.94,101.48,1.00,411.00,null,null,null
2023-08-08T21:41:58Z,20.20,69.02,99,0,22.78,101.49,1.00,411.00,1,1,1
2023-08-08T21:42:58Z,20.20,69.10,99,0,22.83,101.49,1.00,411.00,null,null,null
2023-08-08T21:43:58Z,20.20,69.01,99,0,22.61,101.49,1.00,408.00,null,null,null
2023-08-08T21:44:58Z,20.16,68.99,99,0,26.11,101.49,1.00,408.00,null,null,null
2023-08-08T21:45:58Z,20.19,68.99,99,0,21.85,101.49,1.00,410.00,null,null,null
2023-08-08T21:46:58Z,20.19,69.04,99,0,22.12,101.50,1.00,410.00,2,2,2
2023-08-08T21:47:58Z,20.19,69.10,99,0,25.67,101.50,0.00,406.00,null,null,null
2023-08-08T21:48:58Z,20.22,69.03,99,0,22.05,101.51,0.00,406.00,null,null,null
2023-08-08T21:49:58Z,20.17,69.04,99,0,22.05,101.50,0.00,406.00,null,null,null
2023-08-08T21:50:58Z,20.17,69.02,99,0,22.49,101.51,1.00,407.00,null,null,null
2023-08-08T21:51:58Z,20.22,69.00,99,0,28.30,101.51,0.00,405.00,0,0,0
2023-08-08T21:52:58Z,20.17,69.15,99,0,21.49,101.51,0.00,405.00,null,null,null
2023-08-08T21:53:58Z,20.16,69.06,99,0,22.78,101.51,0.00,403.00,null,null,null
2023-08-08T21:54:58Z,20.17,69.03,99,0,23.35,101.51,0.00,403.00,null,null,null
2023-08-08T21:55:58Z,20.16,69.02,99,0,21.56,101.51,0.00,403.00,null,null,null
2023-08-08T21:56:58Z,20.17,69.04,99,0,24.54,101.51,0.00,403.00,0,0,0
2023-08-08T21:57:58Z,20.19,69.15,99,0,20.29,101.51,0.00,400.00,null,null,null
2023-08-08T21:58:58Z,20.17,69.04,99,0,21.26,101.51,0.00,403.00,null,null,null
2023-08-08T21:59:58Z,20.17,69.03,99,0,25.79,101.51,0.00,400.00,null,null,null
2023-08-08T22:00:58Z,20.17,69.02,99,0,25.22,101.51,0.00,403.00,null,null,null
2023-08-08T22:01:58Z,20.17,69.04,99,0,25.87,101.52,0.00,403.00,0,0,0
2023-08-08T22:02:58Z,20.19,69.12,99,0,24.03,101.51,0.00,400.00,null,null,null
2023-08-08T22:03:58Z,20.19,69.06,99,0,22.66,101.52,0.00,400.00,null,null,null
2023-08-08T22:04:58Z,20.19,69.03,99,0,22.49,101.52,0.00,400.00,null,null,null
2023-08-08T22:05:58Z,20.17,69.05,99,0,24.89,101.52,0.00,400.00,null,null,null
2023-08-08T22:06:58Z,20.17,69.10,99,0,22.66,101.53,0.00,400.00,1,1,1
2023-08-08T22:07:58Z,20.16,69.19,99,0,21.92,101.53,0.00,400.00,null,null,null
2023-08-08T22:08:58Z,20.17,69.07,99,0,23.25,101.53,0.00,400.00,null,null,null
2023-08-08T22:09:58Z,20.17,69.05,99,0,21.02,101.53,0.00,400.00,null,null,null
2023-08-08T22:10:58Z,20.17,69.03,99,0,21.02,101.53,0.00,400.00,null,null,null
2023-08-08T22:11:58Z,20.15,69.02,99,0,21.78,101.53,0.00,400.00,1,1,12
2023-08-08T22:12:58Z,20.16,69.18,99,0,22.99,101.53,0.00,400.00,null,null,null
2023-08-08T22:13:58Z,20.17,69.10,99,0,26.16,101.53,0.00,400.00,null,null,null
2023-08-08T22:14:58Z,20.19,69.07,99,0,24.76,101.53,0.00,400.00,null,null,null
2023-08-08T22:15:58Z,20.16,69.07,99,0,23.49,101.53,0.00,400.00,null,null,null
2023-08-08T22:16:58Z,20.15,69.11,99,0,21.92,101.54,0.00,400.00,2,2,2
2023-08-08T22:17:58Z,20.17,69.16,99,0,23.30,101.54,0.00,400.00,null,null,null
2023-08-08T22:18:58Z,20.16,69.12,99,0,24.27,101.54,0.00,400.00,null,null,null
2023-08-08T22:19:58Z,20.16,69.06,99,0,22.94,101.54,0.00,403.00,null,null,null
2023-08-08T22:20:58Z,20.16,69.03,99,0,26.21,101.53,0.00,403.00,null,null,null
2023-08-08T22:21:58Z,20.13,69.04,99,0,22.43,101.54,0.00,403.00,1,1,1
2023-08-08T22:22:58Z,20.13,69.16,99,0,23.72,101.54,0.00,400.00,null,null,null
2023-08-08T22:23:58Z,20.17,69.09,99,0,28.34,101.54,0.00,400.00,null,null,null
2023-08-08T22:24:58Z,20.15,69.06,99,0,23.15,101.54,0.00,400.00,null,null,null
2023-08-08T22:25:58Z,20.17,69.06,99,0,24.58,101.53,0.00,400.00,null,null,null
2023-08-08T22:26:58Z,20.16,69.05,99,0,20.39,101.54,0.00,400.00,0,0,0
2023-08-08T22:27:58Z,20.15,69.17,99,0,27.34,101.54,0.00,400.00,null,null,null
2023-08-08T22:28:58Z,20.15,69.09,99,0,23.86,101.54,0.00,400.00,null,null,null
2023-08-08T22:29:58Z,20.16,69.06,99,0,27.16,101.53,0.00,405.00,null,null,null
2023-08-08T22:30:58Z,20.15,69.09,99,0,23.05,101.53,0.00,405.00,null,null,null
2023-08-08T22:31:58Z,20.15,69.07,99,0,21.10,101.53,0.00,405.00,4,6,6
2023-08-08T22:32:58Z,20.16,69.15,99,0,22.99,101.53,0.00,400.00,null,null,null
2023-08-08T22:33:58Z,20.15,69.08,99,0,23.72,101.53,0.00,400.00,null,null,null
2023-08-08T22:34:58Z,20.13,69.04,99,0,24.31,101.52,0.00,400.00,null,null,null
2023-08-08T22:35:58Z,20.13,69.08,99,0,22.89,101.52,0.00,405.00,null,null,null
2023-08-08T22:36:58Z,20.13,69.05,99,0,24.50,101.52,0.00,400.00,2,2,2
2023-08-08T22:37:58Z,20.13,69.18,99,0,25.06,101.52,0.00,400.00,null,null,null
2023-08-08T22:38:58Z,20.13,69.12,99,0,24.54,101.53,0.00,400.00,null,null,null
2023-08-08T22:39:58Z,20.13,69.10,99,0,23.49,101.53,0.00,400.00,null,null,null
2023-08-08T22:40:58Z,20.15,69.10,99,0,22.31,101.53,0.00,400.00,null,null,null
2023-08-08T22:41:58Z,20.13,69.05,99,0,22.31,101.53,0.00,400.00,1,1,17
2023-08-08T22:42:58Z,20.13,69.16,99,0,19.42,101.53,0.00,400.00,null,null,null
2023-08-08T22:43:58Z,20.13,69.11,99,0,24.46,101.53,0.00,400.00,null,null,null
2023-08-08T22:44:58Z,20.15,69.09,99,0,21.56,101.53,0.00,400.00,null,null,null
2023-08-08T22:45:58Z,20.13,69.09,99,0,27.12,101.53,0.00,400.00,null,null,null
2023-08-08T22:46:58Z,20.12,69.04,99,0,23.98,101.54,0.00,400.00,1,2,2
2023-08-08T22:47:58Z,20.15,69.19,99,0,22.66,101.54,0.00,400.00,null,null,null
2023-08-08T22:48:58Z,20.13,69.08,99,0,25.35,101.54,0.00,403.00,null,null,null
2023-08-08T22:49:58Z,20.12,69.08,99,0,25.73,101.54,0.00,403.00,null,null,null
2023-08-08T22:50:58Z,20.12,69.11,99,0,24.35,101.54,0.00,403.00,null,null,null
2023-08-08T22:51:58Z,20.13,69.06,99,0,21.99,101.53,0.00,400.00,0,0,0
2023-08-08T22:52:58Z,20.09,69.18,99,0,27.10,101.53,0.00,400.00,null,null,null
2023-08-08T22:53:58Z,20.13,69.10,99,0,22.31,101.53,0.00,400.00,null,null,null
2023-08-08T22:54:58Z,20.12,69.14,99,0,23.40,101.53,0.00,400.00,null,null,null
2023-08-08T22:55:58Z,20.12,69.09,99,0,23.25,101.53,0.00,400.00,null,null,null
2023-08-08T22:56:58Z,20.13,69.09,99,0,22.83,101.53,0.00,400.00,0,0,0
2023-08-08T22:57:58Z,20.13,69.21,99,0,22.49,101.53,0.00,400.00,null,null,null
2023-08-08T22:58:58Z,20.15,69.13,99,0,24.54,101.53,0.00,400.00,null,null,null
2023-08-08T22:59:58Z,20.12,69.10,99,0,25.22,101.53,0.00,400.00,null,null,null
2023-08-08T23:00:58Z,20.12,69.11,99,0,23.20,101.53,0.00,400.00,null,null,null
2023-08-08T23:01:58Z,20.10,69.07,99,0,22.43,101.53,0.00,400.00,0,0,0
2023-08-08T23:02:58Z,20.12,69.18,99,0,21.64,101.54,0.00,400.00,null,null,null
2023-08-08T23:03:58Z,20.10,69.11,99,0,21.85,101.53,0.00,400.00,null,null,null
2023-08-08T23:04:58Z,20.12,69.10,99,0,23.35,101.53,0.00,406.00,null,null,null
2023-08-08T23:05:58Z,20.09,69.13,99,0,23.94,101.53,0.00,400.00,null,null,null
2023-08-08T23:06:58Z,20.09,69.12,99,0,23.45,101.53,0.00,400.00,0,0,0
2023-08-08T23:07:58Z,20.10,69.24,99,0,20.93,101.53,0.00,400.00,null,null,null
2023-08-08T23:08:58Z,20.10,69.14,99,0,25.44,101.53,0.00,400.00,null,null,null
2023-08-08T23:09:58Z,20.09,69.11,99,0,22.78,101.53,0.00,400.00,null,null,null
2023-08-08T23:10:58Z,20.10,69.13,99,0,22.37,101.54,0.00,400.00,null,null,null
2023-08-08T23:11:58Z,20.10,69.10,99,0,22.66,101.54,0.00,400.00,1,3,3
2023-08-08T23:12:58Z,20.07,69.21,99,0,23.05,101.54,0.00,400.00,null,null,null
2023-08-08T23:13:58Z,20.12,69.12,99,0,22.61,101.54,0.00,400.00,null,null,null
2023-08-08T23:14:58Z,20.10,69.14,99,0,22.89,101.54,0.00,400.00,null,null,null
2023-08-08T23:15:58Z,20.10,69.08,99,0,27.51,101.54,0.00,400.00,null,null,null
2023-08-08T23:16:58Z,20.09,69.08,99,0,22.99,101.54,0.00,406.00,0,0,0
2023-08-08T23:17:58Z,20.09,69.20,99,0,24.65,101.54,0.00,400.00,null,null,null
2023-08-08T23:18:58Z,20.12,69.16,99,0,23.30,101.54,0.00,403.00,null,null,null
2023-08-08T23:19:58Z,20.10,69.10,99,0,22.83,101.55,0.00,403.00,null,null,null
2023-08-08T23:20:58Z,20.07,69.12,99,0,25.13,101.55,0.00,403.00,null,null,null
2023-08-08T23:21:58Z,20.07,69.14,99,0,21.85,101.55,0.00,403.00,0,0,0
2023-08-08T23:22:58Z,20.09,69.22,99,0,22.18,101.55,0.00,400.00,null,null,null
2023-08-08T23:23:58Z,20.10,69.15,99,0,23.59,101.56,0.00,400.00,null,null,null
2023-08-08T23:24:58Z,20.09,69.12,99,0,22.83,101.55,0.00,400.00,null,null,null
2023-08-08T23:25:58Z,20.09,69.10,99,0,23.20,101.55,0.00,403.00,null,null,null
2023-08-08T23:26:58Z,20.09,69.12,99,0,21.99,101.56,0.00,400.00,0,0,0
2023-08-08T23:27:58Z,20.09,69.24,99,0,22.24,101.55,0.00,400.00,null,null,null
2023-08-08T23:28:58Z,20.07,69.12,99,0,23.98,101.55,0.00,403.00,null,null,null
2023-08-08T23:29:58Z,20.09,69.10,99,0,23.90,101.55,0.00,400.00,null,null,null
2023-08-08T23:30:58Z,20.06,69.14,99,0,25.13,101.56,0.00,400.00,null,null,null
2023-08-08T23:31:58Z,20.09,69.15,99,0,21.85,101.56,0.00,400.00,1,1,1
2023-08-08T23:32:58Z,20.07,69.22,99,0,21.99,101.56,0.00,400.00,null,null,null
2023-08-08T23:33:58Z,20.09,69.18,99,0,23.63,101.56,0.00,400.00,null,null,null
2023-08-08T23:34:58Z,20.06,69.16,99,0,22.94,101.56,0.00,405.00,null,null,null
2023-08-08T23:35:58Z,20.09,69.14,99,0,22.37,101.56,0.00,400.00,null,null,null
2023-08-08T23:36:58Z,20.07,69.14,99,0,22.37,101.56,0.00,405.00,0,0,0
2023-08-08T23:37:58Z,20.06,69.22,99,0,24.11,101.56,0.00,400.00,null,null,null
2023-08-08T23:38:58Z,20.06,69.13,99,0,25.76,101.56,0.00,400.00,null,null,null
2023-08-08T23:39:58Z,20.09,69.14,99,0,23.94,101.57,0.00,405.00,null,null,null
2023-08-08T23:40:58Z,20.07,69.14,99,0,22.72,101.56,0.00,400.00,null,null,null
2023-08-08T23:41:58Z,20.09,69.14,99,0,23.20,101.57,0.00,405.00,0,2,2
2023-08-08T23:42:58Z,20.07,69.21,99,0,23.45,101.57,0.00,400.00,null,null,null
2023-08-08T23:43:58Z,20.09,69.16,99,0,23.10,101.57,0.00,400.00,null,null,null
2023-08-08T23:44:58Z,20.09,69.15,99,0,24.35,101.57,0.00,400.00,null,null,null
2023-08-08T23:45:58Z,20.07,69.15,99,0,23.68,101.57,0.00,400.00,null,null,null
2023-08-08T23:46:58Z,20.07,69.15,99,0,21.41,101.57,0.00,400.00,2,2,2
2023-08-08T23:47:58Z,20.07,69.22,99,0,23.72,101.57,0.00,400.00,null,null,null
2023-08-08T23:48:58Z,20.06,69.15,99,0,21.41,101.57,0.00,400.00,null,null,null
2023-08-08T23:49:58Z,20.07,69.12,99,0,22.43,101.57,0.00,400.00,null,null,null
2023-08-08T23:50:58Z,20.05,69.14,99,0,23.30,101.57,0.00,400.00,null,null,null
2023-08-08T23:51:58Z,20.03,69.12,99,0,23.30,101.57,0.00,400.00,0,0,0
2023-08-08T23:52:58Z,20.07,69.26,99,0,23.72,101.57,0.00,400.00,null,null,null
2023-08-08T23:53:58Z,20.05,69.18,99,0,21.56,101.57,0.00,400.00,null,null,null
2023-08-08T23:54:58Z,20.06,69.14,99,0,27.18,101.57,0.00,403.00,null,null,null
2023-08-08T23:55:58Z,20.05,69.17,99,0,21.26,101.58,0.00,401.00,null,null,null
2023-08-08T23:56:58Z,20.05,69.12,99,0,22.89,101.57,0.00,401.00,0,0,0
2023-08-08T23:57:58Z,20.07,69.21,99,0,22.43,101.57,0.00,401.00,null,null,null
2023-08-08T23:58:58Z,20.05,69.17,99,0,23.05,101.57,0.00,401.00,null,null,null
2023-08-08T23:59:58Z,20.06,69.14,99,0,22.12,101.57,0.00,400.00,null,null,null
