TIME,TEMP,HUM,BATT,LIGHT,NOISE_A,PRESS,CCS811_VOCS,CCS811_ECO2,PM_1,PM_25,PM_10
ISO 8601,C,%,%,Lux,dBA,kPa,ppb,ppm,ug/m3,ug/m3,ug/m3
Time,Temperature,Humidity,Battery,Light,Noise dBA,Barometric pressure,VOC Gas CCS811,eCO2 Gas CCS811,PM 1.0,PM 2.5,PM 10.0
,55,56,10,14,53,58,113,112,89,87,88
2023-08-26T00:00:44Z,23.89,54.03,99,0,25.70,100.84,32.00,615.00,null,null,null
2023-08-26T00:01:44Z,23.88,54.04,99,0,30.12,100.84,32.00,615.00,null,null,null
2023-08-26T00:02:44Z,23.88,54.03,99,0,24.27,100.84,32.00,615.00,0,0,0
2023-08-26T00:03:44Z,23.88,54.07,99,0,27.80,100.84,30.00,602.00,null,null,null
2023-08-26T00:04:44Z,23.89,53.99,100,0,23.54,100.84,32.00,611.00,null,null,null
2023-08-26T00:05:44Z,23.83,54.03,99,0,27.06,100.83,30.00,602.00,null,null,null
2023-08-26T00:06:44Z,23.86,54.00,99,0,25.70,100.84,30.00,599.00,null,null,null
2023-08-26T00:07:44Z,23.85,54.08,99,0,27.57,100.83,30.00,602.00,1,1,1
2023-08-26T00:08:44Z,23.86,54.05,99,0,29.23,100.83,30.00,599.00,null,null,null
2023-08-26T00:09:44Z,23.83,54.05,99,0,25.29,100.83,30.00,599.00,null,null,null
2023-08-26T00:10:44Z,23.82,54.04,99,0,28.76,100.83,30.00,599.00,null,null,null
2023-08-26T00:11:44Z,23.81,54.02,99,0,24.46,100.83,29.00,594.00,null,null,null
2023-08-26T00:12:44Z,23.82,54.07,100,0,24.93,100.84,28.00,586.00,0,0,0
2023-08-26T00:13:44Z,23.82,54.09,99,0,26.19,100.83,29.00,594.00,null,null,null
2023-08-26T00:14:44Z,23.79,54.09,99,0,27.69,100.83,29.00,594.00,null,null,null
2023-08-26T00:15:44Z,23.78,54.07,99,0,35.94,100.84,29.00,594.00,null,null,null
2023-08-26T00:16:44Z,23.81,54.13,99,0,35.03,100.83,29.00,594.00,null,null,null
2023-08-26T00:17:44Z,23.78,54.18,99,0,30.12,100.83,30.00,599.00,2,3,3
2023-08-26T00:18:44Z,23.79,54.15,99,0,30.64,100.84,30.00,599.00,null,null,null
2023-08-26T00:19:44Z,23.79,54.17,99,0,25.82,100.84,30.00,602.00,null,null,null
2023-08-26T00:20:44Z,23.78,54.19,99,0,24.46,100.83,30.00,602.00,null,null,null
2023-08-26T00:21:44Z,23.76,54.13,99,0,23.54,100.83,30.00,602.00,null,null,null
2023-08-26T00:22:44Z,23.75,54.19,99,0,44.18,100.83,30.00,599.00,0,0,0
2023-08-26T00:23:44Z,23.78,54.18,99,0,23.05,100.83,30.00,599.00,null,null,null
2023-08-26T00:24:44Z,23.75,54.18,99,0,26.57,100.83,30.00,599.00,null,null,null
2023-08-26T00:25:44Z,23.75,54.16,99,0,27.20,100.83,30.00,602.00,null,null,null
2023-08-26T00:26:44Z,23.76,54.18,99,0,28.91,100.82,30.00,599.00,null,null,null
2023-08-26T00:27:44Z,23.72,54.21,99,0,27.34,100.83,30.00,599.00,0,0,0
2023-08-26T00:28:44Z,23.72,54.23,99,0,23.20,100.83,30.00,602.00,null,null,null
2023-08-26T00:29:44Z,23.75,54.24,99,0,31.62,100.83,39.00,660.00,null,null,null
2023-08-26T00:30:44Z,23.73,54.23,99,0,32.25,100.82,32.00,611.00,null,null,null
2023-08-26T00:31:44Z,23.72,54.23,99,0,29.89,100.82,39.00,660.00,null,null,null
2023-08-26T00:32:44Z,23.71,54.25,99,0,39.18,100.82,39.00,660.00,1,2,2
2023-08-26T00:33:44Z,23.71,54.28,99,0,25.13,100.82,37.00,646.00,null,null,null
2023-08-26T00:34:44Z,23.73,54.22,99,0,29.36,100.82,39.00,659.00,null,null,null
2023-08-26T00:35:44Z,23.72,54.31,99,0,25.29,100.82,40.00,668.00,null,null,null
2023-08-26T00:36:44Z,23.69,54.26,99,0,25.29,100.82,39.00,659.00,null,null,null
2023-08-26T00:37:44Z,23.69,54.28,99,0,25.56,100.82,38.00,653.00,0,0,0
2023-08-26T00:38:44Z,23.69,54.26,99,0,27.16,100.81,38.00,653.00,null,null,null
2023-08-26T00:39:44Z,23.72,54.28,100,0,25.38,100.82,38.00,653.00,null,null,null
2023-08-26T00:40:44Z,23.69,54.28,99,0,24.03,100.82,38.00,653.00,null,null,null
2023-08-26T00:41:44Z,23.68,54.27,100,0,26.95,100.81,37.00,646.00,null,null,null
2023-08-26T00:42:44Z,23.68,54.29,99,0,24.86,100.82,37.00,646.00,1,1,1
2023-08-26T00:43:44Z,23.68,54.29,99,0,25.00,100.82,38.00,653.00,null,null,null
2023-08-26T00:44:44Z,23.65,54.30,99,0,27.20,100.81,37.00,646.00,null,null,null
2023-08-26T00:45:44Z,23.66,54.27,99,0,25.13,100.81,37.00,643.00,null,null,null
2023-08-26T00:46:44Z,23.63,54.33,99,0,26.16,100.81,37.00,646.00,null,null,null
2023-08-26T00:47:44Z,23.63,54.36,99,0,24.83,100.81,37.00,646.00,3,3,3
2023-08-26T00:48:44Z,23.63,54.31,99,0,23.59,100.81,37.00,643.00,null,null,null
2023-08-26T00:49:44Z,23.65,54.31,99,0,22.99,100.81,37.00,646.00,null,null,null
2023-08-26T00:50:44Z,23.61,54.32,99,0,21.41,100.81,38.00,653.00,null,null,null
2023-08-26T00:51:44Z,23.63,54.34,99,0,32.23,100.81,37.00,643.00,null,null,null
2023-08-26T00:52:44Z,23.63,54.39,99,0,24.43,100.81,37.00,646.00,1,2,2
2023-08-26T00:53:44Z,23.61,54.36,100,0,24.19,100.81,38.00,653.00,null,null,null
2023-08-26T00:54:44Z,23.63,54.41,99,0,24.54,100.81,37.00,643.00,null,null,null
2023-08-26T00:55:44Z,23.62,54.39,99,0,24.65,100.81,37.00,643.00,null,null,null
2023-08-26T00:56:44Z,23.61,54.36,99,0,29.55,100.81,38.00,653.00,null,null,null
2023-08-26T00:57:44Z,23.59,54.37,99,0,27.24,100.81,37.00,646.00,0,0,0
2023-08-26T00:58:44Z,23.58,54.39,99,0,23.72,100.81,37.00,643.00,null,null,null
2023-08-26T00:59:44Z,23.61,54.39,99,0,22.24,100.82,37.00,646.00,null,null,null
2023-08-26T01:00:44Z,23.58,54.42,99,0,23.81,100.81,38.00,653.00,null,null,null
2023-08-26T01:01:44Z,23.57,54.44,99,0,24.93,100.81,37.00,646.00,null,null,null
2023-08-26T01:02:44Z,23.57,54.44,99,0,25.79,100.81,37.00,646.00,0,0,0
2023-08-26T01:03:44Z,23.57,54.44,99,0,23.68,100.81,37.00,643.00,null,null,null
2023-08-26T01:04:44Z,23.58,54.43,99,0,25.19,100.81,37.00,643.00,null,null,null
2023-08-26T01:05:44Z,23.55,54.47,99,0,23.05,100.81,37.00,643.00,null,null,null
2023-08-26T01:06:44Z,23.58,54.44,99,0,22.72,100.82,37.00,643.00,null,null,null
2023-08-26T01:07:44Z,23.54,54.45,99,0,25.09,100.81,37.00,643.00,4,4,4
2023-08-26T01:08:44Z,23.58,54.49,99,0,27.92,100.81,37.00,643.00,null,null,null
2023-08-26T01:09:44Z,23.57,54.45,99,0,26.36,100.82,37.00,643.00,null,null,null
2023-08-26T01:10:44Z,23.54,54.48,99,0,25.47,100.81,37.00,643.00,null,null,null
2023-08-26T01:11:44Z,23.54,54.50,99,0,24.43,100.82,37.00,643.00,null,null,null
2023-08-26T01:12:44Z,23.52,54.52,99,0,23.86,100.82,37.00,646.00,1,1,1
2023-08-26T01:13:44Z,23.55,54.55,99,0,26.71,100.81,37.00,646.00,null,null,null
2023-08-26T01:14:44Z,23.54,54.53,99,0,26.21,100.81,37.00,646.00,null,null,null
2023-08-26T01:15:44Z,23.54,54.57,99,0,30.55,100.81,37.00,646.00,null,null,null
2023-08-26T01:16:44Z,23.54,54.56,99,0,30.11,100.81,37.00,646.00,null,null,null
2023-08-26T01:17:44Z,23.51,54.57,99,0,32.36,100.81,38.00,653.00,2,2,2
2023-08-26T01:18:44Z,23.51,54.63,99,0,37.66,100.81,37.00,646.00,null,null,null
2023-08-26T01:19:44Z,23.51,54.65,99,0,37.07,100.81,38.00,653.00,null,null,null
2023-08-26T01:20:44Z,23.50,54.62,99,0,29.05,100.81,37.00,646.00,null,null,null
2023-08-26T01:21:44Z,23.50,54.65,99,0,33.46,100.81,38.00,653.00,null,null,null
2023-08-26T01:22:44Z,23.47,54.73,99,0,34.32,100.81,38.00,653.00,2,2,2
2023-08-26T01:23:44Z,23.50,54.77,99,0,31.92,100.81,41.00,671.00,null,null,null
2023-08-26T01:24:44Z,23.51,54.72,99,0,31.39,100.81,40.00,668.00,null,null,null
2023-08-26T01:25:44Z,23.50,54.74,99,0,35.65,100.81,41.00,675.00,null,null,null
2023-08-26T01:26:44Z,23.47,54.77,99,0,33.63,100.81,41.00,675.00,null,null,null
2023-08-26T01:27:44Z,23.48,54.76,100,0,30.24,100.81,40.00,668.00,1,3,3
2023-08-26T01:28:44Z,23.48,54.81,99,0,26.24,100.81,38.00,652.00,null,null,null
2023-08-26T01:29:44Z,23.48,54.78,99,0,32.44,100.82,40.00,668.00,null,null,null
2023-08-26T01:30:44Z,23.48,54.77,99,0,32.01,100.82,40.00,668.00,null,null,null
2023-08-26T01:31:44Z,23.47,54.80,99,0,29.74,100.82,40.00,668.00,null,null,null
2023-08-26T01:32:44Z,23.45,54.81,99,0,28.57,100.81,40.00,668.00,0,0,0
2023-08-26T01:33:44Z,23.47,54.82,99,0,23.68,100.82,40.00,668.00,null,null,null
2023-08-26T01:34:44Z,23.47,54.79,99,0,24.86,100.81,39.00,660.00,null,null,null
2023-08-26T01:35:44Z,23.47,54.89,100,0,25.79,100.81,40.00,668.00,null,null,null
2023-08-26T01:36:44Z,23.47,54.88,99,0,23.20,100.82,40.00,668.00,null,null,null
2023-08-26T01:37:44Z,23.47,54.87,99,0,32.41,100.81,39.00,660.00,0,0,0
2023-08-26T01:38:44Z,23.45,54.90,99,0,23.30,100.81,39.00,660.00,null,null,null
2023-08-26T01:39:44Z,23.47,54.83,99,0,22.18,100.81,38.00,652.00,null,null,null
2023-08-26T01:40:44Z,23.44,54.84,99,0,24.23,100.81,38.00,652.00,null,null,null
2023-08-26T01:41:44Z,23.44,54.84,99,0,23.86,100.81,38.00,652.00,null,null,null
2023-08-26T01:42:44Z,23.41,54.90,99,0,24.83,100.81,38.00,652.00,2,2,2
2023-08-26T01:43:44Z,23.41,54.93,100,0,49.58,100.81,37.00,646.00,null,null,null
2023-08-26T01:44:44Z,23.42,54.91,99,0,26.03,100.81,37.00,646.00,null,null,null
2023-08-26T01:45:44Z,23.41,54.88,99,0,25.70,100.81,37.00,646.00,null,null,null
2023-08-26T01:46:44Z,23.39,54.91,99,0,46.17,100.81,36.00,640.00,null,null,null
2023-08-26T01:47:44Z,23.41,54.92,99,0,23.81,100.81,36.00,637.00,0,0,0
2023-08-26T01:48:44Z,23.41,54.95,99,0,54.20,100.80,36.00,637.00,null,null,null
2023-08-26T01:49:44Z,23.39,54.93,99,0,50.01,100.80,36.00,637.00,null,null,null
2023-08-26T01:50:44Z,23.42,54.97,99,0,24.23,100.80,37.00,646.00,null,null,null
2023-08-26T01:51:44Z,23.37,54.94,99,0,23.40,100.80,36.00,640.00,null,null,null
2023-08-26T01:52:44Z,23.38,54.97,99,0,54.87,100.80,36.00,640.00,1,1,1
2023-08-26T01:53:44Z,23.38,54.97,99,0,27.08,100.80,35.00,631.00,null,null,null
2023-08-26T01:54:44Z,23.38,54.96,99,0,52.20,100.81,36.00,640.00,null,null,null
2023-08-26T01:55:44Z,23.37,54.97,99,0,51.39,100.80,36.00,637.00,null,null,null
2023-08-26T01:56:44Z,23.37,54.99,99,0,48.55,100.79,36.00,637.00,null,null,null
2023-08-26T01:57:44Z,23.35,54.99,99,0,20.93,100.79,35.00,631.00,1,1,1
2023-08-26T01:58:44Z,23.37,55.03,99,0,23.72,100.79,36.00,637.00,null,null,null
2023-08-26T01:59:44Z,23.35,55.01,99,0,53.58,100.79,36.00,637.00,null,null,null
2023-08-26T02:00:44Z,23.34,55.05,99,0,53.28,100.79,36.00,637.00,null,null,null
2023-08-26T02:01:44Z,23.32,55.00,99,0,26.41,100.78,36.00,637.00,null,null,null
2023-08-26T02:02:44Z,23.34,55.08,99,0,27.36,100.78,36.00,637.00,0,0,0
2023-08-26T02:03:44Z,23.34,55.10,99,0,25.00,100.78,36.00,637.00,null,null,null
2023-08-26T02:04:44Z,23.31,55.03,99,0,51.39,100.78,36.00,637.00,null,null,null
2023-08-26T02:05:44Z,23.32,55.08,99,0,26.48,100.78,36.00,637.00,null,null,null
2023-08-26T02:06:44Z,23.31,55.13,99,0,49.68,100.78,36.00,640.00,null,null,null
2023-08-26T02:07:44Z,23.30,55.13,99,0,54.79,100.78,36.00,640.00,1,1,1
2023-08-26T02:08:44Z,23.31,55.18,99,0,36.61,100.78,37.00,646.00,null,null,null
2023-08-26T02:09:44Z,23.30,55.14,99,0,25.50,100.78,36.00,640.00,null,null,null
2023-08-26T02:10:44Z,23.28,55.12,99,0,25.65,100.77,36.00,640.00,null,null,null
2023-08-26T02:11:44Z,23.30,55.14,99,0,26.53,100.77,37.00,646.00,null,null,null
2023-08-26T02:12:44Z,23.30,55.17,99,0,27.62,100.77,37.00,646.00,1,1,1
2023-08-26T02:13:44Z,23.31,55.12,99,0,32.71,100.77,37.00,646.00,null,null,null
2023-08-26T02:14:44Z,23.28,55.15,99,0,26.57,100.78,36.00,640.00,null,null,null
2023-08-26T02:15:44Z,23.27,55.20,99,0,24.15,100.78,36.00,640.00,null,null,null
2023-08-26T02:16:44Z,23.27,55.19,99,0,23.90,100.78,36.00,640.00,null,null,null
2023-08-26T02:17:44Z,23.27,55.20,99,0,29.03,100.78,37.00,646.00,1,1,1
2023-08-26T02:18:44Z,23.28,55.25,99,0,24.65,100.78,36.00,640.00,null,null,null
2023-08-26T02:19:44Z,23.25,55.25,99,0,39.84,100.78,36.00,640.00,null,null,null
2023-08-26T02:20:44Z,23.27,55.19,99,0,24.23,100.78,35.00,633.00,null,null,null
2023-08-26T02:21:44Z,23.25,55.22,99,0,24.11,100.78,37.00,646.00,null,null,null
2023-08-26T02:22:44Z,23.25,55.21,99,0,42.49,100.78,36.00,640.00,1,1,1
2023-08-26T02:23:44Z,23.27,55.27,99,0,24.15,100.78,35.00,631.00,null,null,null
2023-08-26T02:24:44Z,23.24,55.27,99,0,46.03,100.78,35.00,633.00,null,null,null
2023-08-26T02:25:44Z,23.23,55.27,99,0,23.72,100.78,43.00,683.00,null,null,null
2023-08-26T02:26:44Z,23.23,55.27,100,0,23.45,100.78,43.00,683.00,null,null,null
2023-08-26T02:27:44Z,23.24,55.32,99,0,36.61,100.78,43.00,683.00,0,0,0
2023-08-26T02:28:44Z,23.23,55.38,99,0,37.33,100.77,43.00,683.00,null,null,null
2023-08-26T02:29:44Z,23.21,55.33,99,0,24.23,100.78,43.00,683.00,null,null,null
2023-08-26T02:30:44Z,23.20,55.34,99,0,26.03,100.78,43.00,688.00,null,null,null
2023-08-26T02:31:44Z,23.23,55.33,99,0,23.30,100.78,43.00,683.00,null,null,null
2023-08-26T02:32:44Z,23.20,55.35,99,0,23.86,100.78,43.00,683.00,1,1,1
2023-08-26T02:33:44Z,23.21,55.36,99,0,23.25,100.78,43.00,683.00,null,null,null
2023-08-26T02:34:44Z,23.20,55.36,99,0,23.15,100.78,43.00,683.00,null,null,null
2023-08-26T02:35:44Z,23.15,55.40,99,0,26.67,100.78,43.00,683.00,null,null,null
2023-08-26T02:36:44Z,23.20,55.40,99,0,31.86,100.78,43.00,688.00,null,null,null
2023-08-26T02:37:44Z,23.15,55.41,99,0,23.68,100.78,43.00,683.00,0,0,0
2023-08-26T02:38:44Z,23.20,55.42,99,0,29.03,100.78,43.00,688.00,null,null,null
2023-08-26T02:39:44Z,23.14,55.37,99,0,23.98,100.78,43.00,688.00,null,null,null
2023-08-26T02:40:44Z,23.15,55.38,99,0,22.05,100.77,43.00,688.00,null,null,null
2023-08-26T02:41:44Z,23.17,55.45,99,0,24.27,100.78,43.00,683.00,null,null,null
2023-08-26T02:42:44Z,23.14,55.43,99,0,25.70,100.78,43.00,683.00,1,1,1
2023-08-26T02:43:44Z,23.14,55.44,99,0,22.89,100.78,43.00,683.00,null,null,null
2023-08-26T02:44:44Z,23.15,55.43,99,0,24.76,100.77,45.00,697.00,null,null,null
2023-08-26T02:45:44Z,23.13,55.40,100,0,23.54,100.77,43.00,688.00,null,null,null
2023-08-26T02:46:44Z,23.14,55.48,99,0,25.50,100.78,43.00,688.00,null,null,null
2023-08-26T02:47:44Z,23.13,55.46,99,0,24.07,100.78,43.00,688.00,1,2,2
2023-08-26T02:48:44Z,23.13,55.49,100,0,24.35,100.78,43.00,683.00,null,null,null
2023-08-26T02:49:44Z,23.10,55.50,99,0,22.05,100.78,43.00,688.00,null,null,null
2023-08-26T02:50:44Z,23.13,55.54,99,0,24.72,100.79,43.00,688.00,null,null,null
2023-08-26T02:51:44Z,23.11,55.49,99,0,23.40,100.79,45.00,697.00,null,null,null
2023-08-26T02:52:44Z,23.13,55.54,99,0,22.94,100.80,45.00,697.00,0,0,0
2023-08-26T02:53:44Z,23.11,55.55,99,0,22.89,100.79,45.00,697.00,null,null,null
2023-08-26T02:54:44Z,23.08,55.52,99,0,24.19,100.79,45.00,697.00,null,null,null
2023-08-26T02:55:44Z,23.11,55.50,99,0,23.30,100.79,45.00,697.00,null,null,null
2023-08-26T02:56:44Z,23.10,55.51,99,0,25.95,100.79,45.00,697.00,null,null,null
2023-08-26T02:57:44Z,23.08,55.56,99,0,29.44,100.79,43.00,688.00,1,1,1
2023-08-26T02:58:44Z,23.07,55.55,99,0,24.83,100.79,43.00,688.00,null,null,null
2023-08-26T02:59:44Z,23.10,55.56,99,0,24.27,100.79,43.00,688.00,null,null,null
2023-08-26T03:00:44Z,23.08,55.53,99,0,24.15,100.80,43.00,683.00,null,null,null
2023-08-26T03:01:44Z,23.08,55.56,99,0,24.79,100.80,43.00,683.00,null,null,null
2023-08-26T03:02:44Z,23.07,55.61,99,0,21.64,100.80,42.00,678.00,0,0,0
2023-08-26T03:03:44Z,23.07,55.59,99,0,21.64,100.80,42.00,678.00,null,null,null
2023-08-26T03:04:44Z,23.06,55.58,99,0,22.99,100.79,43.00,683.00,null,null,null
2023-08-26T03:05:44Z,23.06,55.62,99,0,24.76,100.80,42.00,678.00,null,null,null
2023-08-26T03:06:44Z,23.07,55.60,99,0,31.00,100.79,42.00,678.00,null,null,null
2023-08-26T03:07:44Z,23.03,55.63,99,0,26.80,100.80,40.00,668.00,0,0,0
2023-08-26T03:08:44Z,23.04,55.67,99,0,23.90,100.80,39.00,660.00,null,null,null
2023-08-26T03:09:44Z,23.03,55.61,100,0,26.41,100.80,39.00,660.00,null,null,null
2023-08-26T03:10:44Z,23.04,55.63,99,0,26.67,100.79,43.00,683.00,null,null,null
2023-08-26T03:11:44Z,23.03,55.67,99,0,29.35,100.79,42.00,678.00,null,null,null
2023-08-26T03:12:44Z,23.02,55.67,99,0,23.59,100.79,40.00,668.00,0,0,0
2023-08-26T03:13:44Z,23.00,55.65,99,0,26.41,100.79,39.00,660.00,null,null,null
2023-08-26T03:14:44Z,23.02,55.71,99,0,23.90,100.80,40.00,668.00,null,null,null
2023-08-26T03:15:44Z,23.02,55.64,99,0,26.73,100.79,42.00,678.00,null,null,null
2023-08-26T03:16:44Z,22.99,55.66,99,0,24.65,100.79,40.00,668.00,null,null,null
2023-08-26T03:17:44Z,22.99,55.69,99,0,26.69,100.79,39.00,660.00,2,2,2
2023-08-26T03:18:44Z,23.00,55.71,99,0,23.54,100.79,39.00,656.00,null,null,null
2023-08-26T03:19:44Z,22.99,55.71,99,0,27.71,100.79,39.00,656.00,null,null,null
2023-08-26T03:20:44Z,22.96,55.73,99,0,37.11,100.78,39.00,660.00,null,null,null
2023-08-26T03:21:44Z,22.96,55.76,99,0,24.23,100.78,39.00,656.00,null,null,null
2023-08-26T03:22:44Z,22.94,55.73,99,0,23.81,100.78,38.00,650.00,0,0,0
2023-08-26T03:23:44Z,22.94,55.73,99,0,22.83,100.78,37.00,649.00,null,null,null
2023-08-26T03:24:44Z,22.96,55.73,99,0,48.31,100.79,37.00,649.00,null,null,null
2023-08-26T03:25:44Z,22.96,55.76,99,0,24.54,100.79,36.00,641.00,null,null,null
2023-08-26T03:26:44Z,22.93,55.81,99,0,24.19,100.79,36.00,637.00,null,null,null
2023-08-26T03:27:44Z,22.94,55.79,99,0,25.44,100.79,36.00,637.00,1,1,1
2023-08-26T03:28:44Z,22.93,55.82,99,0,26.38,100.79,37.00,643.00,null,null,null
2023-08-26T03:29:44Z,22.92,55.82,99,0,23.81,100.79,36.00,637.00,null,null,null
2023-08-26T03:30:44Z,22.93,55.85,99,0,23.90,100.79,36.00,637.00,null,null,null
2023-08-26T03:31:44Z,22.92,55.89,99,0,24.58,100.79,37.00,643.00,null,null,null
2023-08-26T03:32:44Z,22.89,55.91,99,0,37.99,100.79,37.00,643.00,0,0,0
2023-08-26T03:33:44Z,22.92,55.89,99,0,23.54,100.79,37.00,643.00,null,null,null
2023-08-26T03:34:44Z,22.90,55.98,99,0,24.39,100.78,37.00,643.00,null,null,null
2023-08-26T03:35:44Z,22.86,55.93,99,0,25.56,100.79,37.00,643.00,null,null,null
2023-08-26T03:36:44Z,22.90,55.95,99,0,22.31,100.78,38.00,650.00,null,null,null
2023-08-26T03:37:44Z,22.84,56.00,99,0,39.55,100.79,38.00,650.00,0,0,0
2023-08-26T03:38:44Z,22.87,56.00,99,0,23.63,100.78,36.00,637.00,null,null,null
2023-08-26T03:39:44Z,22.87,55.99,99,0,23.15,100.78,38.00,650.00,null,null,null
2023-08-26T03:40:44Z,22.87,56.01,99,0,23.86,100.78,38.00,650.00,null,null,null
2023-08-26T03:41:44Z,22.84,56.06,99,0,21.10,100.77,38.00,650.00,null,null,null
2023-08-26T03:42:44Z,22.84,56.09,99,0,44.70,100.78,39.00,656.00,2,2,2
2023-08-26T03:43:44Z,22.84,56.11,99,0,41.53,100.77,38.00,650.00,null,null,null
2023-08-26T03:44:44Z,22.83,56.07,99,0,24.76,100.77,39.00,656.00,null,null,null
2023-08-26T03:45:44Z,22.84,56.08,99,0,26.87,100.77,39.00,656.00,null,null,null
2023-08-26T03:46:44Z,22.83,56.12,99,0,41.51,100.77,39.00,660.00,null,null,null
2023-08-26T03:47:44Z,22.82,56.16,99,0,40.18,100.77,39.00,660.00,0,0,0
2023-08-26T03:48:44Z,22.82,56.16,99,0,24.46,100.77,39.00,660.00,null,null,null
2023-08-26T03:49:44Z,22.82,56.12,99,0,22.37,100.77,39.00,660.00,null,null,null
2023-08-26T03:50:44Z,22.83,56.12,99,0,23.90,100.77,39.00,660.00,null,null,null
2023-08-26T03:51:44Z,22.83,56.16,99,0,23.30,100.77,39.00,660.00,null,null,null
2023-08-26T03:52:44Z,22.82,56.15,99,0,25.22,100.77,39.00,660.00,1,1,1
2023-08-26T03:53:44Z,22.80,56.19,99,0,30.57,100.76,39.00,660.00,null,null,null
2023-08-26T03:54:44Z,22.80,56.16,99,0,29.38,100.76,39.00,660.00,null,null,null
2023-08-26T03:55:44Z,22.80,56.16,99,0,24.54,100.76,39.00,660.00,null,null,null
2023-08-26T03:56:44Z,22.79,56.20,99,0,35.95,100.76,39.00,660.00,null,null,null
2023-08-26T03:57:44Z,22.79,56.22,99,0,44.17,100.76,39.00,660.00,0,0,0
2023-08-26T03:58:44Z,22.76,56.24,99,0,23.10,100.76,39.00,660.00,null,null,null
2023-08-26T03:59:44Z,22.79,56.22,99,0,27.28,100.76,39.00,660.00,null,null,null
2023-08-26T04:00:44Z,22.76,56.23,99,0,31.02,100.76,38.00,650.00,null,null,null
2023-08-26T04:01:44Z,22.79,56.25,99,0,37.52,100.75,38.00,650.00,null,null,null
2023-08-26T04:02:44Z,22.75,56.26,99,0,28.66,100.75,38.00,650.00,0,0,0
2023-08-26T04:03:44Z,22.77,56.31,99,0,24.43,100.75,36.00,641.00,null,null,null
2023-08-26T04:04:44Z,22.75,56.27,99,0,43.78,100.75,37.00,646.00,null,null,null
2023-08-26T04:05:44Z,22.77,56.32,99,0,24.35,100.75,37.00,646.00,null,null,null
2023-08-26T04:06:44Z,22.76,56.32,99,0,26.00,100.75,37.00,646.00,null,null,null
2023-08-26T04:07:44Z,22.73,56.32,99,0,24.58,100.75,38.00,652.00,1,6,6
2023-08-26T04:08:44Z,22.72,56.40,99,0,39.43,100.75,40.00,666.00,null,null,null
2023-08-26T04:09:44Z,22.72,56.34,100,0,40.50,100.75,41.00,675.00,null,null,null
2023-08-26T04:10:44Z,22.73,56.34,99,0,36.61,100.75,41.00,675.00,null,null,null
2023-08-26T04:11:44Z,22.73,56.36,99,0,26.31,100.75,41.00,675.00,null,null,null
2023-08-26T04:12:44Z,22.72,56.36,99,0,27.16,100.75,43.00,683.00,0,0,0
2023-08-26T04:13:44Z,22.73,56.45,99,0,26.60,100.75,43.00,683.00,null,null,null
2023-08-26T04:14:44Z,22.73,56.41,99,0,27.59,100.75,43.00,683.00,null,null,null
2023-08-26T04:15:44Z,22.69,56.40,99,0,36.31,100.75,44.00,692.00,null,null,null
2023-08-26T04:16:44Z,22.70,56.39,99,0,26.80,100.76,44.00,692.00,null,null,null
2023-08-26T04:17:44Z,22.69,56.41,99,0,30.79,100.76,44.00,692.00,0,0,0
2023-08-26T04:18:44Z,22.70,56.47,99,0,28.51,100.75,44.00,692.00,null,null,null
2023-08-26T04:19:44Z,22.69,56.44,99,0,26.00,100.76,44.00,692.00,null,null,null
2023-08-26T04:20:44Z,22.69,56.42,99,0,25.73,100.75,44.00,692.00,null,null,null
2023-08-26T04:21:44Z,22.72,56.46,99,0,22.55,100.75,44.00,692.00,null,null,null
2023-08-26T04:22:44Z,22.67,56.43,99,0,23.40,100.76,44.00,692.00,0,0,0
2023-08-26T04:23:44Z,22.69,56.45,99,0,23.49,100.76,44.00,692.00,null,null,null
2023-08-26T04:24:44Z,22.66,56.48,99,0,21.64,100.76,44.00,692.00,null,null,null
2023-08-26T04:25:44Z,22.66,56.47,99,0,28.47,100.75,43.00,683.00,null,null,null
2023-08-26T04:26:44Z,22.67,56.46,99,0,23.81,100.76,41.00,675.00,null,null,null
2023-08-26T04:27:44Z,22.67,56.48,100,0,34.11,100.75,43.00,683.00,2,2,2
2023-08-26T04:28:44Z,22.65,56.50,99,0,28.61,100.75,43.00,683.00,null,null,null
2023-08-26T04:29:44Z,22.66,56.51,99,0,29.08,100.75,44.00,692.00,null,null,null
2023-08-26T04:30:44Z,22.65,56.54,99,0,32.52,100.75,44.00,692.00,null,null,null
2023-08-26T04:31:44Z,22.65,56.54,99,0,24.58,100.75,44.00,692.00,null,null,null
2023-08-26T04:32:44Z,22.65,56.53,99,0,36.61,100.76,44.00,692.00,0,0,0
2023-08-26T04:33:44Z,22.66,56.54,100,0,24.31,100.76,43.00,683.00,null,null,null
2023-08-26T04:34:44Z,22.65,56.51,99,0,22.24,100.76,44.00,692.00,null,null,null
2023-08-26T04:35:44Z,22.63,56.55,99,0,29.00,100.75,44.00,692.00,null,null,null
2023-08-26T04:36:44Z,22.63,56.55,100,0,23.63,100.76,45.00,700.00,null,null,null
2023-08-26T04:37:44Z,22.63,56.58,100,0,42.32,100.75,44.00,692.00,1,3,3
2023-08-26T04:38:44Z,22.60,56.56,99,0,25.47,100.76,45.00,700.00,null,null,null
2023-08-26T04:39:44Z,22.60,56.56,100,0,23.77,100.76,44.00,692.00,null,null,null
2023-08-26T04:40:44Z,22.62,56.66,99,0,25.03,100.76,45.00,700.00,null,null,null
2023-08-26T04:41:44Z,22.60,56.61,99,0,42.78,100.76,44.00,692.00,null,null,null
2023-08-26T04:42:44Z,22.57,56.61,99,0,29.49,100.75,44.00,692.00,0,0,0
2023-08-26T04:43:44Z,22.60,56.62,99,0,27.24,100.75,43.00,683.00,null,null,null
2023-08-26T04:44:44Z,22.59,56.61,99,0,24.72,100.75,44.00,692.00,null,null,null
2023-08-26T04:45:44Z,22.59,56.64,99,0,26.48,100.76,44.00,692.00,null,null,null
2023-08-26T04:46:44Z,22.59,56.67,99,0,28.30,100.75,44.00,692.00,null,null,null
2023-08-26T04:47:44Z,22.56,56.67,99,0,23.59,100.75,45.00,700.00,0,0,0
2023-08-26T04:48:44Z,22.57,56.67,100,0,25.06,100.75,44.00,692.00,null,null,null
2023-08-26T04:49:44Z,22.56,56.70,99,0,26.89,100.75,44.00,692.00,null,null,null
2023-08-26T04:50:44Z,22.56,56.68,99,0,22.89,100.76,44.00,692.00,null,null,null
2023-08-26T04:51:44Z,22.55,56.75,99,0,22.55,100.75,45.00,700.00,null,null,null
2023-08-26T04:52:44Z,22.55,56.74,99,0,23.54,100.75,43.00,686.00,1,1,1
2023-08-26T04:53:44Z,22.56,56.78,99,0,27.02,100.75,43.00,692.00,null,null,null
2023-08-26T04:54:44Z,22.52,56.74,99,0,25.67,100.76,44.00,692.00,null,null,null
2023-08-26T04:55:44Z,22.52,56.77,99,0,37.06,100.76,44.00,694.00,null,null,null
2023-08-26T04:56:44Z,22.53,56.81,99,0,41.02,100.76,45.00,700.00,null,null,null
2023-08-26T04:57:44Z,22.53,56.75,99,0,33.92,100.76,45.00,700.00,2,2,2
2023-08-26T04:58:44Z,22.53,56.79,99,0,45.45,100.76,43.00,686.00,null,null,null
2023-08-26T04:59:44Z,22.56,56.79,99,0,33.64,100.76,44.00,694.00,null,null,null
2023-08-26T05:00:44Z,22.53,56.82,99,0,38.24,100.76,45.00,700.00,null,null,null
2023-08-26T05:01:44Z,22.52,56.79,99,0,32.46,100.76,45.00,700.00,null,null,null
2023-08-26T05:02:44Z,22.53,56.81,99,0,27.90,100.76,45.00,700.00,1,1,1
2023-08-26T05:03:44Z,22.51,56.92,99,0,38.65,100.76,45.00,700.00,null,null,null
2023-08-26T05:04:44Z,22.51,56.86,99,0,39.56,100.76,45.00,700.00,null,null,null
2023-08-26T05:05:44Z,22.52,56.85,99,0,28.60,100.76,46.00,706.00,null,null,null
2023-08-26T05:06:44Z,22.48,56.88,99,0,33.26,100.76,47.00,715.00,null,null,null
2023-08-26T05:07:44Z,22.48,56.86,99,0,32.74,100.76,46.00,706.00,0,0,0
2023-08-26T05:08:44Z,22.49,56.90,99,0,38.46,100.75,47.00,715.00,null,null,null
2023-08-26T05:09:44Z,22.48,56.90,99,0,24.15,100.75,46.00,706.00,null,null,null
2023-08-26T05:10:44Z,22.48,56.86,99,0,35.09,100.75,47.00,715.00,null,null,null
2023-08-26T05:11:44Z,22.49,56.91,99,0,37.64,100.75,47.00,715.00,null,null,null
2023-08-26T05:12:44Z,22.48,56.95,99,0,32.37,100.75,47.00,715.00,0,0,0
2023-08-26T05:13:44Z,22.48,56.93,99,0,32.74,100.76,47.00,715.00,null,null,null
2023-08-26T05:14:44Z,22.46,56.93,99,0,25.38,100.75,47.00,715.00,null,null,null
2023-08-26T05:15:44Z,22.46,56.90,99,0,22.78,100.75,47.00,715.00,null,null,null
2023-08-26T05:16:44Z,22.45,56.94,99,0,28.60,100.75,49.00,726.00,null,null,null
2023-08-26T05:17:44Z,22.44,56.96,99,0,36.68,100.75,49.00,726.00,1,1,1
2023-08-26T05:18:44Z,22.46,56.97,99,0,38.00,100.76,46.00,706.00,null,null,null
2023-08-26T05:19:44Z,22.45,56.95,99,0,27.73,100.76,46.00,706.00,null,null,null
2023-08-26T05:20:44Z,22.45,56.98,99,0,25.90,100.75,49.00,726.00,null,null,null
2023-08-26T05:21:44Z,22.46,56.96,99,0,28.95,100.76,49.00,726.00,null,null,null
2023-08-26T05:22:44Z,22.44,56.97,99,0,30.17,100.76,49.00,726.00,0,0,0
2023-08-26T05:23:44Z,22.44,57.01,99,0,29.73,100.76,46.00,706.00,null,null,null
2023-08-26T05:24:44Z,22.42,56.96,99,0,27.85,100.76,47.00,715.00,null,null,null
2023-08-26T05:25:44Z,22.41,57.01,99,0,28.71,100.76,47.00,715.00,null,null,null
2023-08-26T05:26:44Z,22.41,57.02,99,0,22.31,100.77,47.00,715.00,null,null,null
2023-08-26T05:27:44Z,22.44,56.97,99,0,27.57,100.77,46.00,706.00,0,0,0
2023-08-26T05:28:44Z,22.41,57.03,99,0,27.14,100.76,46.00,706.00,null,null,null
2023-08-26T05:29:44Z,22.42,57.04,99,0,28.42,100.76,47.00,715.00,null,null,null
2023-08-26T05:30:44Z,22.42,57.07,99,0,25.70,100.76,49.00,726.00,null,null,null
2023-08-26T05:31:44Z,22.39,57.07,99,0,34.37,100.76,47.00,715.00,null,null,null
2023-08-26T05:32:44Z,22.39,57.01,99,0,32.77,100.75,47.00,715.00,0,0,11
2023-08-26T05:33:44Z,22.41,57.05,99,0,26.14,100.75,47.00,715.00,null,null,null
2023-08-26T05:34:44Z,22.39,57.05,99,0,26.31,100.75,47.00,715.00,null,null,null
2023-08-26T05:35:44Z,22.39,57.06,99,0,29.47,100.75,49.00,726.00,null,null,null
2023-08-26T05:36:44Z,22.38,57.06,99,0,25.09,100.75,47.00,715.00,null,null,null
2023-08-26T05:37:44Z,22.39,57.12,99,0,31.99,100.75,49.00,726.00,0,0,0
2023-08-26T05:38:44Z,22.36,57.16,99,0,26.71,100.75,49.00,726.00,null,null,null
2023-08-26T05:39:44Z,22.38,57.14,99,0,41.84,100.75,49.00,726.00,null,null,null
2023-08-26T05:40:44Z,22.38,57.11,100,0,29.84,100.75,49.00,726.00,null,null,null
2023-08-26T05:41:44Z,22.38,57.11,99,0,38.06,100.76,47.00,715.00,null,null,null
2023-08-26T05:42:44Z,22.35,57.17,99,0,34.24,100.75,49.00,726.00,1,2,2
2023-08-26T05:43:44Z,22.35,57.18,99,0,35.92,100.76,49.00,726.00,null,null,null
2023-08-26T05:44:44Z,22.36,57.19,99,0,25.92,100.76,47.00,715.00,null,null,null
2023-08-26T05:45:44Z,22.34,57.22,99,0,23.72,100.76,47.00,715.00,null,null,null
2023-08-26T05:46:44Z,22.35,57.16,99,0,25.47,100.76,50.00,730.00,null,null,null
2023-08-26T05:47:44Z,22.34,57.23,99,0,23.63,100.76,49.00,726.00,0,0,0
2023-08-26T05:48:44Z,22.34,57.19,99,0,38.54,100.76,46.00,706.00,null,null,null
2023-08-26T05:49:44Z,22.35,57.18,99,0,26.55,100.76,49.00,726.00,null,null,null
2023-08-26T05:50:44Z,22.34,57.23,99,0,30.63,100.76,46.00,706.00,null,null,null
2023-08-26T05:51:44Z,22.32,57.19,99,0,41.78,100.76,47.00,715.00,null,null,null
2023-08-26T05:52:44Z,22.31,57.24,99,0,31.02,100.76,47.00,715.00,1,1,1
2023-08-26T05:53:44Z,22.34,57.28,99,0,36.25,100.77,46.00,706.00,null,null,null
2023-08-26T05:54:44Z,22.32,57.24,99,0,35.50,100.77,45.00,699.00,null,null,null
2023-08-26T05:55:44Z,22.34,57.25,99,0,26.03,100.77,46.00,706.00,null,null,null
2023-08-26T05:56:44Z,22.31,57.23,99,0,42.35,100.77,44.00,692.00,null,null,null
2023-08-26T05:57:44Z,22.29,57.24,99,0,24.31,100.77,45.00,700.00,1,1,1
2023-08-26T05:58:44Z,22.29,57.22,99,0,27.87,100.77,44.00,694.00,null,null,null
2023-08-26T05:59:44Z,22.29,57.20,99,0,32.24,100.77,44.00,694.00,null,null,null
2023-08-26T06:00:44Z,22.28,57.22,99,0,30.66,100.77,43.00,686.00,null,null,null
2023-08-26T06:01:44Z,22.27,57.21,99,0,26.48,100.77,42.00,678.00,null,null,null
2023-08-26T06:02:44Z,22.28,57.24,99,0,43.82,100.77,43.00,686.00,0,0,0
2023-08-26T06:03:44Z,22.28,57.30,99,0,33.86,100.77,42.00,678.00,null,null,null
2023-08-26T06:04:44Z,22.28,57.23,99,0,28.67,100.77,41.00,671.00,null,null,null
2023-08-26T06:05:44Z,22.27,57.27,99,0,29.62,100.77,43.00,686.00,null,null,null
2023-08-26T06:06:44Z,22.25,57.33,99,0,22.83,100.77,41.00,671.00,null,null,null
2023-08-26T06:07:44Z,22.27,57.30,99,0,27.99,100.77,42.00,678.00,0,0,0
2023-08-26T06:08:44Z,22.25,57.38,99,0,37.87,100.77,41.00,671.00,null,null,null
2023-08-26T06:09:44Z,22.25,57.31,100,0,30.58,100.77,39.00,657.00,null,null,null
2023-08-26T06:10:44Z,22.24,57.40,99,0,29.01,100.77,39.00,660.00,null,null,null
2023-08-26T06:11:44Z,22.21,57.38,99,0,26.60,100.76,39.00,660.00,null,null,null
2023-08-26T06:12:44Z,22.24,57.40,100,0,30.96,100.77,50.00,733.00,0,0,0
2023-08-26T06:13:44Z,22.24,57.41,99,0,29.05,100.76,49.00,726.00,null,null,null
2023-08-26T06:14:44Z,22.24,57.41,99,0,36.97,100.76,50.00,733.00,null,null,null
2023-08-26T06:15:44Z,22.22,57.39,99,0,24.76,100.76,52.00,742.00,null,null,null
2023-08-26T06:16:44Z,22.21,57.47,100,0,37.86,100.76,50.00,733.00,null,null,null
2023-08-26T06:17:44Z,22.21,57.46,99,0,28.06,100.76,53.00,749.00,0,0,0
2023-08-26T06:18:44Z,22.19,57.52,99,0,26.93,100.76,52.00,742.00,null,null,null
2023-08-26T06:19:44Z,22.22,57.52,99,0,26.50,100.76,53.00,749.00,null,null,null
2023-08-26T06:20:44Z,22.21,57.53,99,0,32.42,100.76,53.00,749.00,null,null,null
2023-08-26T06:21:44Z,22.19,57.51,99,0,27.22,100.76,53.00,749.00,null,null,null
2023-08-26T06:22:44Z,22.18,57.57,99,0,27.59,100.76,53.00,749.00,1,1,1
2023-08-26T06:23:44Z,22.17,57.53,100,0,35.07,100.76,52.00,742.00,null,null,null
2023-08-26T06:24:44Z,22.19,57.57,99,0,44.97,100.76,52.00,742.00,null,null,null
2023-08-26T06:25:44Z,22.18,57.59,99,0,23.77,100.76,52.00,742.00,null,null,null
2023-08-26T06:26:44Z,22.15,57.53,99,0,30.49,100.76,53.00,749.00,null,null,null
2023-08-26T06:27:44Z,22.18,57.55,99,0,30.61,100.76,53.00,749.00,1,1,1
2023-08-26T06:28:44Z,22.18,57.60,99,0,24.79,100.77,53.00,749.00,null,null,null
2023-08-26T06:29:44Z,22.17,57.57,99,0,43.13,100.77,52.00,742.00,null,null,null
2023-08-26T06:30:44Z,22.17,57.57,99,0,32.11,100.77,50.00,733.00,null,null,null
2023-08-26T06:31:44Z,22.17,57.60,99,0,29.61,100.77,50.00,733.00,null,null,null
2023-08-26T06:32:44Z,22.15,57.59,99,0,26.38,100.77,52.00,742.00,2,2,2
2023-08-26T06:33:44Z,22.15,57.60,99,0,27.89,100.77,52.00,742.00,null,null,null
2023-08-26T06:34:44Z,22.18,57.59,99,0,30.78,100.77,50.00,733.00,null,null,null
2023-08-26T06:35:44Z,22.15,57.61,99,0,36.81,100.77,50.00,733.00,null,null,null
2023-08-26T06:36:44Z,22.12,57.57,99,0,35.38,100.76,50.00,733.00,null,null,null
2023-08-26T06:37:44Z,22.12,57.64,99,0,31.47,100.77,53.00,749.00,1,1,1
2023-08-26T06:38:44Z,22.14,57.62,99,0,30.93,100.77,52.00,742.00,null,null,null
2023-08-26T06:39:44Z,22.15,57.56,99,0,31.01,100.77,52.00,742.00,null,null,null
2023-08-26T06:40:44Z,22.14,57.59,99,0,37.73,100.77,50.00,733.00,null,null,null
2023-08-26T06:41:44Z,22.12,57.63,99,0,30.57,100.77,50.00,733.00,null,null,null
2023-08-26T06:42:44Z,22.12,57.59,99,0,37.69,100.77,49.00,726.00,1,1,1
2023-08-26T06:43:44Z,22.11,57.67,99,0,24.46,100.77,49.00,726.00,null,null,null
2023-08-26T06:44:44Z,22.12,57.68,99,0,29.32,100.77,52.00,742.00,null,null,null
2023-08-26T06:45:44Z,22.12,57.71,99,0,28.74,100.77,52.00,742.00,null,null,null
2023-08-26T06:46:44Z,22.12,57.71,99,0,32.49,100.77,50.00,733.00,null,null,null
2023-08-26T06:47:44Z,22.11,57.69,99,0,24.19,100.77,50.00,733.00,0,0,0
2023-08-26T06:48:44Z,22.09,57.69,99,0,24.15,100.77,50.00,733.00,null,null,null
2023-08-26T06:49:44Z,22.11,57.73,99,0,30.79,100.76,50.00,733.00,null,null,null
2023-08-26T06:50:44Z,22.09,57.77,99,0,29.77,100.76,50.00,733.00,null,null,null
2023-08-26T06:51:44Z,22.11,57.73,99,0,32.08,100.77,47.00,714.00,null,null,null
2023-08-26T06:52:44Z,22.07,57.77,99,0,24.39,100.77,50.00,733.00,2,2,2
2023-08-26T06:53:44Z,22.07,57.82,99,0,31.49,100.77,50.00,733.00,null,null,null
2023-08-26T06:54:44Z,22.07,57.81,99,0,26.87,100.77,49.00,726.00,null,null,null
2023-08-26T06:55:44Z,22.09,57.80,99,0,22.18,100.78,50.00,733.00,null,null,null
2023-08-26T06:56:44Z,22.07,57.89,99,0,30.21,100.77,52.00,742.00,null,null,null
2023-08-26T06:57:44Z,22.07,57.90,99,0,25.50,100.77,52.00,742.00,0,0,0
2023-08-26T06:58:44Z,22.07,57.91,99,0,35.25,100.77,52.00,742.00,null,null,null
2023-08-26T06:59:44Z,22.07,57.91,99,0,36.61,100.76,53.00,754.00,null,null,null
2023-08-26T07:00:44Z,22.08,57.97,99,0,31.90,100.77,53.00,748.00,null,null,null
2023-08-26T07:01:44Z,22.05,57.95,99,0,30.82,100.76,53.00,748.00,null,null,null
2023-08-26T07:02:44Z,22.07,57.97,99,0,28.67,100.77,55.00,765.00,2,3,3
2023-08-26T07:03:44Z,22.05,57.95,99,0,36.34,100.76,53.00,754.00,null,null,null
2023-08-26T07:04:44Z,22.08,57.91,99,0,41.96,100.76,55.00,765.00,null,null,null
2023-08-26T07:05:44Z,22.07,57.96,99,0,26.84,100.76,55.00,765.00,null,null,null
2023-08-26T07:06:44Z,22.07,57.97,99,0,27.57,100.76,55.00,765.00,null,null,null
2023-08-26T07:07:44Z,22.05,58.00,99,0,37.38,100.75,56.00,772.00,0,0,0
2023-08-26T07:08:44Z,22.05,58.00,99,0,31.86,100.76,55.00,765.00,null,null,null
2023-08-26T07:09:44Z,22.07,57.96,99,0,30.85,100.76,56.00,772.00,null,null,null
2023-08-26T07:10:44Z,22.08,57.97,99,0,28.07,100.76,57.00,776.00,null,null,null
2023-08-26T07:11:44Z,22.07,57.95,99,0,35.44,100.76,57.00,776.00,null,null,null
2023-08-26T07:12:44Z,22.04,57.98,99,0,28.70,100.76,56.00,772.00,5,5,5
2023-08-26T07:13:44Z,22.02,58.00,99,0,32.55,100.76,55.00,765.00,null,null,null
2023-08-26T07:14:44Z,22.05,58.01,99,0,36.50,100.76,56.00,772.00,null,null,null
2023-08-26T07:15:44Z,22.07,58.00,99,0,34.03,100.76,56.00,772.00,null,null,null
2023-08-26T07:16:44Z,22.04,57.99,99,0,29.31,100.77,56.00,772.00,null,null,null
2023-08-26T07:17:44Z,22.02,58.03,99,0,29.83,100.76,56.00,772.00,1,1,1
2023-08-26T07:18:44Z,22.02,58.07,99,0,35.04,100.76,56.00,772.00,null,null,null
2023-08-26T07:19:44Z,22.07,58.07,99,0,32.48,100.77,56.00,772.00,null,null,null
2023-08-26T07:20:44Z,22.04,58.08,99,0,25.98,100.76,56.00,772.00,null,null,null
2023-08-26T07:21:44Z,22.02,58.09,99,0,31.54,100.76,57.00,776.00,null,null,null
2023-08-26T07:22:44Z,22.04,58.07,99,0,29.78,100.77,56.00,772.00,2,2,2
2023-08-26T07:23:44Z,22.02,58.08,99,0,38.03,100.77,56.00,772.00,null,null,null
2023-08-26T07:24:44Z,22.04,58.12,99,0,23.86,100.77,56.00,772.00,null,null,null
2023-08-26T07:25:44Z,22.04,58.03,99,0,30.97,100.77,56.00,772.00,null,null,null
2023-08-26T07:26:44Z,22.02,58.09,99,0,30.36,100.77,56.00,772.00,null,null,null
2023-08-26T07:27:44Z,22.00,58.11,99,0,36.08,100.77,56.00,772.00,6,7,7
2023-08-26T07:28:44Z,22.01,58.19,99,0,25.79,100.77,56.00,772.00,null,null,null
2023-08-26T07:29:44Z,22.01,58.12,99,0,29.49,100.77,57.00,776.00,null,null,null
2023-08-26T07:30:44Z,22.04,58.11,99,0,34.08,100.77,58.00,785.00,null,null,null
2023-08-26T07:31:44Z,22.01,58.04,99,0,36.44,100.77,58.00,785.00,null,null,null
2023-08-26T07:32:44Z,21.98,58.15,99,0,32.16,100.77,58.00,785.00,1,1,1
2023-08-26T07:33:44Z,22.00,58.16,99,0,37.29,100.77,58.00,785.00,null,null,null
2023-08-26T07:34:44Z,22.01,58.26,99,0,26.60,100.77,61.00,804.00,null,null,null
2023-08-26T07:35:44Z,22.00,58.26,99,0,27.62,100.77,61.00,802.00,null,null,null
2023-08-26T07:36:44Z,22.01,58.23,100,0,27.40,100.77,61.00,802.00,null,null,null
2023-08-26T07:37:44Z,22.00,58.31,99,0,24.11,100.77,62.00,810.00,0,0,0
2023-08-26T07:38:44Z,22.02,58.26,99,0,23.72,100.77,60.00,795.00,null,null,null
2023-08-26T07:39:44Z,22.01,58.22,99,0,33.23,100.78,60.00,795.00,null,null,null
2023-08-26T07:40:44Z,22.01,58.25,99,0,27.02,100.77,59.00,793.00,null,null,null
2023-08-26T07:41:44Z,22.01,58.20,99,0,41.88,100.77,58.00,783.00,null,null,null
2023-08-26T07:42:44Z,22.01,58.26,99,0,43.72,100.77,59.00,793.00,5,8,8
2023-08-26T07:43:44Z,22.00,58.23,99,0,25.84,100.77,57.00,776.00,null,null,null
2023-08-26T07:44:44Z,22.01,58.19,99,0,43.33,100.78,58.00,785.00,null,null,null
2023-08-26T07:45:44Z,22.00,58.21,99,0,28.52,100.77,58.00,785.00,null,null,null
2023-08-26T07:46:44Z,22.00,58.20,100,0,31.72,100.77,57.00,776.00,null,null,null
2023-08-26T07:47:44Z,21.97,58.26,99,0,31.33,100.77,57.00,776.00,2,5,5
2023-08-26T07:48:44Z,22.00,58.25,99,0,49.45,100.77,56.00,768.00,null,null,null
2023-08-26T07:49:44Z,22.00,58.22,99,0,31.70,100.78,56.00,768.00,null,null,null
2023-08-26T07:50:44Z,21.98,58.25,99,0,35.89,100.78,57.00,776.00,null,null,null
2023-08-26T07:51:44Z,21.98,58.24,99,0,43.04,100.78,58.00,783.00,null,null,null
2023-08-26T07:52:44Z,21.96,58.25,99,0,31.11,100.78,58.00,783.00,2,2,2
2023-08-26T07:53:44Z,21.98,58.29,99,0,24.96,100.77,62.00,810.00,null,null,null
2023-08-26T07:54:44Z,21.96,58.29,100,0,30.99,100.78,63.00,817.00,null,null,null
2023-08-26T07:55:44Z,21.97,58.28,99,0,39.05,100.78,65.00,830.00,null,null,null
2023-08-26T07:56:44Z,21.94,58.33,99,0,39.11,100.78,65.00,830.00,null,null,null
2023-08-26T07:57:44Z,21.96,58.31,99,0,26.50,100.78,66.00,836.00,2,2,2
2023-08-26T07:58:44Z,21.96,58.31,99,0,29.25,100.78,63.00,817.00,null,null,null
2023-08-26T07:59:44Z,21.97,58.30,99,0,41.52,100.78,65.00,830.00,null,null,null
2023-08-26T08:00:44Z,21.98,58.26,99,0,38.42,100.79,63.00,817.00,null,null,null
2023-08-26T08:01:44Z,21.96,58.29,99,0,30.76,100.78,62.00,810.00,null,null,null
2023-08-26T08:02:44Z,21.91,58.27,99,0,30.17,100.79,61.00,802.00,2,2,2
2023-08-26T08:03:44Z,21.96,58.31,99,0,31.66,100.79,61.00,802.00,null,null,null
2023-08-26T08:04:44Z,21.94,58.27,99,0,34.78,100.80,60.00,795.00,null,null,null
2023-08-26T08:05:44Z,21.94,58.32,99,0,25.44,100.80,60.00,795.00,null,null,null
2023-08-26T08:06:44Z,21.93,58.29,100,0,39.20,100.80,60.00,795.00,null,null,null
2023-08-26T08:07:44Z,21.91,58.35,99,0,26.03,100.80,60.00,795.00,3,4,4
2023-08-26T08:08:44Z,21.91,58.38,99,0,25.59,100.80,58.00,783.00,null,null,null
2023-08-26T08:09:44Z,21.93,58.37,99,0,30.13,100.80,60.00,795.00,null,null,null
2023-08-26T08:10:44Z,21.91,58.42,99,0,26.93,100.79,58.00,783.00,null,null,null
2023-08-26T08:11:44Z,21.93,58.43,99,0,32.35,100.80,60.00,795.00,null,null,null
2023-08-26T08:12:44Z,21.88,58.42,99,0,24.46,100.79,60.00,795.00,5,5,5
2023-08-26T08:13:44Z,21.91,58.48,99,0,28.80,100.80,61.00,802.00,null,null,null
2023-08-26T08:14:44Z,21.93,58.53,100,0,23.15,100.79,62.00,810.00,null,null,null
2023-08-26T08:15:44Z,21.91,58.52,100,0,36.19,100.79,61.00,802.00,null,null,null
2023-08-26T08:16:44Z,21.90,58.54,99,0,35.69,100.79,62.00,810.00,null,null,null
2023-08-26T08:17:44Z,21.87,58.54,99,0,29.31,100.79,62.00,810.00,1,1,1
2023-08-26T08:18:44Z,21.88,58.60,100,0,30.60,100.79,62.00,810.00,null,null,null
2023-08-26T08:19:44Z,21.91,58.57,99,0,32.38,100.79,65.00,830.00,null,null,null
2023-08-26T08:20:44Z,21.93,58.58,99,0,29.37,100.79,66.00,836.00,null,null,null
2023-08-26T08:21:44Z,21.88,58.61,99,0,33.35,100.79,65.00,830.00,null,null,null
2023-08-26T08:22:44Z,21.90,58.59,99,0,23.35,100.79,65.00,830.00,5,5,5
2023-08-26T08:23:44Z,21.91,58.59,99,0,25.32,100.79,63.00,817.00,null,null,null
2023-08-26T08:24:44Z,21.88,58.62,99,0,27.16,100.79,63.00,817.00,null,null,null
2023-08-26T08:25:44Z,21.91,58.59,99,0,32.67,100.79,62.00,810.00,null,null,null
2023-08-26T08:26:44Z,21.90,58.56,99,0,26.87,100.79,61.00,802.00,null,null,null
2023-08-26T08:27:44Z,21.88,58.56,99,0,37.01,100.80,60.00,795.00,2,2,2
2023-08-26T08:28:44Z,21.90,58.59,99,0,27.45,100.79,60.00,795.00,null,null,null
2023-08-26T08:29:44Z,21.90,58.54,99,0,47.85,100.79,60.00,795.00,null,null,null
2023-08-26T08:30:44Z,21.90,58.52,100,0,29.91,100.79,57.00,776.00,null,null,null
2023-08-26T08:31:44Z,21.90,58.53,99,0,30.80,100.79,56.00,768.00,null,null,null
2023-08-26T08:32:44Z,21.88,58.54,99,0,40.77,100.79,55.00,763.00,5,5,5
2023-08-26T08:33:44Z,21.88,58.61,99,0,35.58,100.79,55.00,763.00,null,null,null
2023-08-26T08:34:44Z,21.86,58.53,99,0,28.15,100.79,55.00,763.00,null,null,null
2023-08-26T08:35:44Z,21.90,58.57,99,0,30.99,100.79,55.00,763.00,null,null,null
2023-08-26T08:36:44Z,21.88,58.56,99,0,32.62,100.78,54.00,757.00,null,null,null
2023-08-26T08:37:44Z,21.88,58.57,100,0,27.36,100.79,54.00,757.00,1,1,17
2023-08-26T08:38:44Z,21.87,58.62,99,0,35.76,100.79,54.00,757.00,null,null,null
2023-08-26T08:39:44Z,21.87,58.57,99,0,34.03,100.79,55.00,763.00,null,null,null
2023-08-26T08:40:44Z,21.87,58.67,99,0,37.04,100.78,52.00,746.00,null,null,null
2023-08-26T08:41:44Z,21.87,58.61,99,0,25.90,100.79,52.00,746.00,null,null,null
2023-08-26T08:42:44Z,21.84,58.67,100,0,31.26,100.79,52.00,746.00,2,2,2
2023-08-26T08:43:44Z,21.87,58.70,99,0,33.20,100.79,52.00,746.00,null,null,null
2023-08-26T08:44:44Z,21.87,58.67,99,0,31.90,100.79,54.00,757.00,null,null,null
2023-08-26T08:45:44Z,21.87,58.68,99,0,31.79,100.78,54.00,757.00,null,null,null
2023-08-26T08:46:44Z,21.87,58.68,99,0,45.68,100.78,52.00,746.00,null,null,null
2023-08-26T08:47:44Z,21.87,58.64,99,0,26.38,100.78,52.00,746.00,2,2,2
2023-08-26T08:48:44Z,21.84,58.67,99,0,27.69,100.79,51.00,740.00,null,null,null
2023-08-26T08:49:44Z,21.86,58.73,100,0,28.92,100.78,52.00,746.00,null,null,null
2023-08-26T08:50:44Z,21.84,58.67,99,0,41.30,100.79,52.00,746.00,null,null,null
2023-08-26T08:51:44Z,21.86,58.68,99,0,27.32,100.78,52.00,746.00,null,null,null
2023-08-26T08:52:44Z,21.84,58.68,99,0,39.44,100.78,52.00,746.00,4,4,4
2023-08-26T08:53:44Z,21.86,58.76,99,0,30.24,100.78,52.00,746.00,null,null,null
2023-08-26T08:54:44Z,21.87,58.72,99,0,31.29,100.79,51.00,740.00,null,null,null
2023-08-26T08:55:44Z,21.87,58.76,99,0,38.60,100.80,52.00,746.00,null,null,null
2023-08-26T08:56:44Z,21.86,58.68,99,0,32.55,100.79,50.00,733.00,null,null,null
2023-08-26T08:57:44Z,21.84,58.74,99,0,38.77,100.78,52.00,746.00,3,3,3
2023-08-26T08:58:44Z,21.86,58.86,99,0,30.53,100.78,51.00,740.00,null,null,null
2023-08-26T08:59:44Z,21.88,58.81,99,0,28.51,100.79,50.00,733.00,null,null,null
2023-08-26T09:00:44Z,21.84,58.73,99,0,41.57,100.79,51.00,740.00,null,null,null
2023-08-26T09:01:44Z,21.86,58.79,99,0,31.92,100.79,52.00,746.00,null,null,null
2023-08-26T09:02:44Z,21.84,58.79,99,0,31.74,100.79,53.00,749.00,3,3,3
2023-08-26T09:03:44Z,21.84,58.91,99,0,29.73,100.79,54.00,757.00,null,null,null
2023-08-26T09:04:44Z,21.86,58.88,99,0,29.42,100.79,56.00,770.00,null,null,null
2023-08-26T09:05:44Z,21.84,58.83,99,0,30.19,100.80,56.00,770.00,null,null,null
2023-08-26T09:06:44Z,21.86,58.92,100,0,38.57,100.79,57.00,776.00,null,null,null
2023-08-26T09:07:44Z,21.81,58.89,99,0,38.92,100.80,57.00,776.00,0,0,0
2023-08-26T09:08:44Z,21.87,58.88,99,0,35.03,100.80,58.00,787.00,null,null,null
2023-08-26T09:09:44Z,21.87,58.89,99,0,27.71,100.80,60.00,795.00,null,null,null
2023-08-26T09:10:44Z,21.86,58.93,99,0,29.65,100.80,60.00,795.00,null,null,null
2023-08-26T09:11:44Z,21.84,58.90,99,0,32.37,100.81,60.00,795.00,null,null,null
2023-08-26T09:12:44Z,21.83,58.90,99,0,29.30,100.80,58.00,787.00,1,1,1
2023-08-26T09:13:44Z,21.83,58.89,99,0,30.50,100.80,57.00,776.00,null,null,null
2023-08-26T09:14:44Z,21.84,58.84,99,0,36.28,100.80,56.00,770.00,null,null,null
2023-08-26T09:15:44Z,21.83,58.78,99,0,30.60,100.80,54.00,761.00,null,null,null
2023-08-26T09:16:44Z,21.86,58.75,99,0,29.87,100.80,54.00,757.00,null,null,null
2023-08-26T09:17:44Z,21.83,58.83,99,0,39.28,100.80,53.00,749.00,0,0,0
2023-08-26T09:18:44Z,21.84,58.83,99,0,31.40,100.80,51.00,740.00,null,null,null
2023-08-26T09:19:44Z,21.86,58.79,99,0,34.69,100.79,51.00,740.00,null,null,null
2023-08-26T09:20:44Z,21.86,58.81,99,0,31.25,100.79,51.00,740.00,null,null,null
2023-08-26T09:21:44Z,21.83,58.79,99,0,27.38,100.79,50.00,733.00,null,null,null
2023-08-26T09:22:44Z,21.84,58.79,99,0,29.97,100.79,51.00,740.00,0,0,0
2023-08-26T09:23:44Z,21.83,58.84,99,0,40.55,100.79,51.00,740.00,null,null,null
2023-08-26T09:24:44Z,21.83,58.82,99,0,37.74,100.79,51.00,740.00,null,null,null
2023-08-26T09:25:44Z,21.83,58.81,99,0,36.49,100.80,51.00,740.00,null,null,null
2023-08-26T09:26:44Z,21.83,58.82,99,0,33.45,100.79,50.00,733.00,null,null,null
2023-08-26T09:27:44Z,21.78,58.82,99,0,36.24,100.80,50.00,733.00,0,0,0
2023-08-26T09:28:44Z,21.83,58.89,100,0,35.20,100.79,50.00,733.00,null,null,null
2023-08-26T09:29:44Z,21.80,58.76,99,0,34.23,100.80,50.00,733.00,null,null,null
2023-08-26T09:30:44Z,21.84,58.79,99,0,29.84,100.80,49.00,728.00,null,null,null
2023-08-26T09:31:44Z,21.83,58.79,99,0,30.59,100.80,50.00,733.00,null,null,null
2023-08-26T09:32:44Z,21.81,58.75,100,0,28.96,100.79,50.00,733.00,1,1,1
2023-08-26T09:33:44Z,21.81,58.79,99,0,28.37,100.80,47.00,715.00,null,null,null
2023-08-26T09:34:44Z,21.83,58.80,99,0,24.43,100.80,47.00,715.00,null,null,null
2023-08-26T09:35:44Z,21.83,58.75,99,0,39.52,100.80,47.00,715.00,null,null,null
2023-08-26T09:36:44Z,21.83,58.78,99,0,38.01,100.80,47.00,715.00,null,null,null
2023-08-26T09:37:44Z,21.81,58.79,99,0,32.16,100.79,47.00,715.00,0,0,0
2023-08-26T09:38:44Z,21.83,58.82,99,0,28.63,100.79,45.00,700.00,null,null,null
2023-08-26T09:39:44Z,21.83,58.79,99,0,25.29,100.79,46.00,708.00,null,null,null
2023-08-26T09:40:44Z,21.83,58.79,99,0,27.73,100.79,46.00,708.00,null,null,null
2023-08-26T09:41:44Z,21.81,58.78,99,0,26.03,100.78,49.00,728.00,null,null,null
2023-08-26T09:42:44Z,21.83,58.86,99,0,29.74,100.79,49.00,728.00,1,1,1
2023-08-26T09:43:44Z,21.84,58.89,99,0,33.95,100.79,50.00,733.00,null,null,null
2023-08-26T09:44:44Z,21.83,58.86,99,0,30.60,100.79,53.00,749.00,null,null,null
2023-08-26T09:45:44Z,21.83,58.89,99,0,28.40,100.79,54.00,757.00,null,null,null
2023-08-26T09:46:44Z,21.81,58.91,99,0,37.88,100.80,54.00,757.00,null,null,null
2023-08-26T09:47:44Z,21.83,58.87,99,0,25.22,100.79,54.00,757.00,0,0,0
2023-08-26T09:48:44Z,21.83,58.96,99,0,31.31,100.79,53.00,749.00,null,null,null
2023-08-26T09:49:44Z,21.83,58.86,99,0,29.72,100.78,51.00,740.00,null,null,null
2023-08-26T09:50:44Z,21.81,58.87,99,0,25.26,100.78,53.00,749.00,null,null,null
2023-08-26T09:51:44Z,21.81,58.87,99,0,38.73,100.78,53.00,749.00,null,null,null
2023-08-26T09:52:44Z,21.81,58.89,99,0,25.44,100.78,53.00,749.00,1,2,2
2023-08-26T09:53:44Z,21.83,58.93,99,0,25.53,100.78,51.00,740.00,null,null,null
2023-08-26T09:54:44Z,21.84,58.92,99,0,34.29,100.77,51.00,740.00,null,null,null
2023-08-26T09:55:44Z,21.81,58.95,99,0,31.31,100.78,51.00,740.00,null,null,null
2023-08-26T09:56:44Z,21.83,58.86,99,0,25.76,100.77,51.00,740.00,null,null,null
2023-08-26T09:57:44Z,21.83,58.89,99,0,35.69,100.77,51.00,740.00,2,2,2
2023-08-26T09:58:44Z,21.83,58.95,99,0,27.51,100.77,49.00,728.00,null,null,null
2023-08-26T09:59:44Z,21.81,58.88,99,0,28.78,100.77,50.00,733.00,null,null,null
2023-08-26T10:00:44Z,21.84,58.91,99,0,29.60,100.77,51.00,740.00,null,null,null
2023-08-26T10:01:44Z,21.83,58.93,99,0,30.27,100.77,51.00,740.00,null,null,null
2023-08-26T10:02:44Z,21.84,58.97,99,0,36.44,100.78,53.00,749.00,0,0,0
2023-08-26T10:03:44Z,21.83,59.05,99,0,36.61,100.76,50.00,733.00,null,null,null
2023-08-26T10:04:44Z,21.84,58.93,99,0,37.15,100.78,51.00,740.00,null,null,null
2023-08-26T10:05:44Z,21.83,58.93,99,0,25.00,100.77,51.00,740.00,null,null,null
2023-08-26T10:06:44Z,21.83,58.91,99,0,39.64,100.77,50.00,733.00,null,null,null
2023-08-26T10:07:44Z,21.83,58.91,99,0,36.94,100.77,50.00,733.00,0,0,0
2023-08-26T10:08:44Z,21.84,58.96,100,0,31.61,100.78,49.00,728.00,null,null,null
2023-08-26T10:09:44Z,21.86,58.93,99,0,41.05,100.77,50.00,733.00,null,null,null
2023-08-26T10:10:44Z,21.83,58.90,99,0,33.70,100.77,51.00,740.00,null,null,null
2023-08-26T10:11:44Z,21.83,58.85,99,0,33.21,100.77,51.00,740.00,null,null,null
2023-08-26T10:12:44Z,21.84,58.86,99,0,39.58,100.76,51.00,740.00,2,2,2
2023-08-26T10:13:44Z,21.84,58.96,99,0,29.46,100.77,53.00,749.00,null,null,null
2023-08-26T10:14:44Z,21.86,58.88,100,0,44.75,100.77,53.00,749.00,null,null,null
2023-08-26T10:15:44Z,21.86,58.86,99,0,25.32,100.77,54.00,757.00,null,null,null
2023-08-26T10:16:44Z,21.84,58.83,99,0,33.43,100.77,54.00,761.00,null,null,null
2023-08-26T10:17:44Z,21.86,58.84,99,0,22.61,100.76,54.00,761.00,1,1,1
2023-08-26T10:18:44Z,21.84,58.94,99,0,39.30,100.77,54.00,761.00,null,null,null
2023-08-26T10:19:44Z,21.83,58.92,99,0,28.20,100.77,56.00,770.00,null,null,null
2023-08-26T10:20:44Z,21.86,58.83,99,0,30.55,100.77,58.00,787.00,null,null,null
2023-08-26T10:21:44Z,21.86,58.88,99,0,31.15,100.76,58.00,787.00,null,null,null
2023-08-26T10:22:44Z,21.86,58.89,99,0,39.94,100.76,65.00,830.00,2,2,2
2023-08-26T10:23:44Z,21.84,58.97,99,0,31.35,100.77,67.00,844.00,null,null,null
2023-08-26T10:24:44Z,21.87,58.88,99,0,43.90,100.77,73.00,882.00,null,null,null
2023-08-26T10:25:44Z,21.84,58.83,99,0,54.18,100.76,74.00,891.00,null,null,null
2023-08-26T10:26:44Z,21.86,58.78,99,0,22.61,100.76,76.00,902.00,null,null,null
2023-08-26T10:27:44Z,21.86,58.75,99,0,45.11,100.76,76.00,902.00,1,1,1
2023-08-26T10:28:44Z,21.86,58.85,99,0,40.19,100.76,74.00,891.00,null,null,null
2023-08-26T10:29:44Z,21.84,58.76,99,0,31.09,100.76,75.00,897.00,null,null,null
2023-08-26T10:30:44Z,21.88,58.78,99,0,28.27,100.76,75.00,897.00,null,null,null
2023-08-26T10:31:44Z,21.84,58.73,100,0,27.14,100.76,76.00,902.00,null,null,null
2023-08-26T10:32:44Z,21.86,58.71,99,0,33.03,100.76,76.00,900.00,0,0,0
2023-08-26T10:33:44Z,21.87,58.73,99,0,38.44,100.76,74.00,889.00,null,null,null
2023-08-26T10:34:44Z,21.87,58.63,99,0,33.14,100.76,74.00,889.00,null,null,null
2023-08-26T10:35:44Z,21.84,58.67,99,0,32.09,100.76,76.00,900.00,null,null,null
2023-08-26T10:36:44Z,21.84,58.69,99,0,48.99,100.76,77.00,909.00,null,null,null
2023-08-26T10:37:44Z,21.86,58.64,99,0,32.94,100.76,84.00,954.00,1,1,1
2023-08-26T10:38:44Z,21.86,58.67,99,0,31.12,100.77,87.00,972.00,null,null,null
2023-08-26T10:39:44Z,21.87,58.62,99,0,29.05,100.76,92.00,1007.00,null,null,null
2023-08-26T10:40:44Z,21.87,58.58,99,0,35.23,100.77,99.00,1053.00,null,null,null
2023-08-26T10:41:44Z,21.84,58.67,99,0,26.62,100.76,104.00,1086.00,null,null,null
2023-08-26T10:42:44Z,21.86,58.67,99,0,24.58,100.76,108.00,1110.00,0,0,0
2023-08-26T10:43:44Z,21.86,58.68,99,0,30.05,100.77,110.00,1125.00,null,null,null
2023-08-26T10:44:44Z,21.87,58.65,99,0,40.91,100.77,111.00,1134.00,null,null,null
2023-08-26T10:45:44Z,21.88,58.61,99,0,29.31,100.77,110.00,1125.00,null,null,null
2023-08-26T10:46:44Z,21.83,58.58,100,0,26.82,100.77,110.00,1125.00,null,null,null
2023-08-26T10:47:44Z,21.86,58.62,99,0,48.30,100.77,111.00,1134.00,0,0,0
2023-08-26T10:48:44Z,21.86,58.61,99,0,31.01,100.76,108.00,1110.00,null,null,null
2023-08-26T10:49:44Z,21.86,58.60,100,0,24.50,100.76,106.00,1099.00,null,null,null
2023-08-26T10:50:44Z,21.86,58.53,99,0,28.01,100.76,104.00,1086.00,null,null,null
2023-08-26T10:51:44Z,21.84,58.57,100,0,25.82,100.76,104.00,1086.00,null,null,null
2023-08-26T10:52:44Z,21.86,58.58,100,0,35.65,100.76,102.00,1074.00,1,1,1
2023-08-26T10:53:44Z,21.87,58.64,99,0,35.35,100.76,101.00,1065.00,null,null,null
2023-08-26T10:54:44Z,21.87,58.63,99,0,28.88,100.76,102.00,1074.00,null,null,null
2023-08-26T10:55:44Z,21.87,58.63,99,0,38.90,100.77,101.00,1065.00,null,null,null
2023-08-26T10:56:44Z,21.86,58.60,99,0,38.84,100.77,101.00,1065.00,null,null,null
2023-08-26T10:57:44Z,21.84,58.64,99,0,34.85,100.76,99.00,1053.00,0,0,0
2023-08-26T10:58:44Z,21.88,58.56,99,0,40.49,100.76,95.00,1029.00,null,null,null
2023-08-26T10:59:44Z,21.87,58.46,99,0,25.26,100.76,93.00,1012.00,null,null,null
2023-08-26T11:00:44Z,21.88,58.48,99,0,31.49,100.76,89.00,990.00,null,null,null
2023-08-26T11:01:44Z,21.86,58.46,99,0,25.35,100.76,89.00,990.00,null,null,null
2023-08-26T11:02:44Z,21.86,58.46,99,0,33.12,100.76,85.00,961.00,1,1,1
2023-08-26T11:03:44Z,21.88,58.46,99,0,32.85,100.76,84.00,954.00,null,null,null
2023-08-26T11:04:44Z,21.87,58.45,99,0,34.47,100.76,85.00,961.00,null,null,null
2023-08-26T11:05:44Z,21.87,58.50,100,0,27.22,100.76,85.00,961.00,null,null,null
2023-08-26T11:06:44Z,21.86,58.34,100,0,24.68,100.76,82.00,940.00,null,null,null
2023-08-26T11:07:44Z,21.83,58.35,99,0,35.97,100.76,77.00,909.00,0,0,0
2023-08-26T11:08:44Z,21.88,58.36,99,0,35.11,100.76,76.00,905.00,null,null,null
2023-08-26T11:09:44Z,21.87,58.31,99,0,28.39,100.76,74.00,889.00,null,null,null
2023-08-26T11:10:44Z,21.86,58.33,99,0,23.72,100.75,73.00,882.00,null,null,null
2023-08-26T11:11:44Z,21.86,58.30,99,0,39.19,100.75,73.00,882.00,null,null,null
2023-08-26T11:12:44Z,21.87,58.25,99,0,49.03,100.76,73.00,882.00,0,0,0
2023-08-26T11:13:44Z,21.88,58.24,99,0,53.33,100.76,71.00,872.00,null,null,null
2023-08-26T11:14:44Z,21.86,58.09,100,0,49.87,100.76,69.00,855.00,null,null,null
2023-08-26T11:15:44Z,21.87,58.15,99,0,52.88,100.76,63.00,819.00,null,null,null
2023-08-26T11:16:44Z,21.86,58.03,99,0,49.38,100.76,63.00,819.00,null,null,null
2023-08-26T11:17:44Z,21.84,58.00,99,0,56.68,100.76,59.00,793.00,0,0,0
2023-08-26T11:18:44Z,21.86,57.83,99,0,51.64,100.76,55.00,765.00,null,null,null
2023-08-26T11:19:44Z,21.86,57.74,99,0,55.75,100.77,50.00,733.00,null,null,null
2023-08-26T11:20:44Z,21.86,57.70,99,0,63.77,100.76,47.00,712.00,null,null,null
2023-08-26T11:21:44Z,21.84,57.73,100,0,55.60,100.77,42.00,682.00,null,null,null
2023-08-26T11:22:44Z,21.81,57.71,99,0,49.77,100.77,40.00,666.00,0,0,0
2023-08-26T11:23:44Z,21.83,57.80,99,0,47.24,100.77,39.00,656.00,null,null,null
2023-08-26T11:24:44Z,21.83,57.63,100,0,35.17,100.77,37.00,649.00,null,null,null
2023-08-26T11:25:44Z,21.83,57.67,99,0,25.79,100.77,37.00,643.00,null,null,null
2023-08-26T11:26:44Z,21.81,57.55,99,0,27.20,100.77,34.00,626.00,null,null,null
2023-08-26T11:27:44Z,21.83,57.64,99,0,59.49,100.76,30.00,600.00,0,1,1
2023-08-26T11:28:44Z,21.81,57.66,99,0,49.96,100.77,29.00,592.00,null,null,null
2023-08-26T11:29:44Z,21.80,57.62,99,0,58.83,100.77,28.00,586.00,null,null,null
2023-08-26T11:30:44Z,21.80,57.68,99,0,52.07,100.77,30.00,597.00,null,null,null
2023-08-26T11:31:44Z,21.77,57.62,99,0,47.89,100.77,29.00,592.00,null,null,null
2023-08-26T11:32:44Z,21.77,57.70,100,0,48.53,100.76,30.00,597.00,3,3,3
2023-08-26T11:33:44Z,21.76,57.71,99,0,53.94,100.76,27.00,578.00,null,null,null
2023-08-26T11:34:44Z,21.78,57.71,99,0,55.25,100.77,29.00,592.00,null,null,null
2023-08-26T11:35:44Z,21.76,57.72,99,0,58.96,100.77,25.00,567.00,null,null,null
2023-08-26T11:36:44Z,21.73,57.78,99,0,53.31,100.76,25.00,567.00,null,null,null
2023-08-26T11:37:44Z,21.71,57.79,99,0,39.12,100.77,24.00,560.00,0,0,0
2023-08-26T11:38:44Z,21.71,57.84,99,0,42.91,100.77,23.00,552.00,null,null,null
2023-08-26T11:39:44Z,21.73,57.95,99,0,40.40,100.77,23.00,552.00,null,null,null
2023-08-26T11:40:44Z,21.69,57.97,100,0,54.02,100.77,21.00,542.00,null,null,null
2023-08-26T11:41:44Z,21.69,58.03,99,0,46.78,100.76,20.00,537.00,null,null,null
2023-08-26T11:42:44Z,21.71,58.06,99,0,53.96,100.76,19.00,531.00,3,3,3
2023-08-26T11:43:44Z,21.67,58.05,99,0,54.24,100.76,17.00,518.00,null,null,null
2023-08-26T11:44:44Z,21.67,58.00,99,0,56.40,100.75,17.00,514.00,null,null,null
2023-08-26T11:45:44Z,21.67,58.03,99,0,53.94,100.75,15.00,501.00,null,null,null
2023-08-26T11:46:44Z,21.64,58.05,99,0,60.62,100.76,15.00,503.00,null,null,null
2023-08-26T11:47:44Z,21.66,58.06,99,0,53.34,100.75,14.00,492.00,0,0,0
2023-08-26T11:48:44Z,21.66,58.08,99,0,54.37,100.76,12.00,481.00,null,null,null
2023-08-26T11:49:44Z,21.67,58.14,99,0,51.59,100.76,12.00,481.00,null,null,null
2023-08-26T11:50:44Z,21.64,58.17,99,0,54.75,100.75,12.00,481.00,null,null,null
2023-08-26T11:51:44Z,21.63,58.21,99,0,55.13,100.76,11.00,476.00,null,null,null
2023-08-26T11:52:44Z,21.63,58.26,99,0,42.25,100.75,12.00,481.00,0,0,0
2023-08-26T11:53:44Z,21.61,58.38,99,0,55.77,100.75,11.00,476.00,null,null,null
2023-08-26T11:54:44Z,21.63,58.35,99,0,52.19,100.75,12.00,480.00,null,null,null
2023-08-26T11:55:44Z,21.64,58.39,99,0,23.40,100.75,12.00,480.00,null,null,null
2023-08-26T11:56:44Z,21.61,58.36,99,0,27.51,100.74,10.00,470.00,null,null,null
2023-08-26T11:57:44Z,21.61,58.37,99,0,28.47,100.75,10.00,470.00,1,1,1
2023-08-26T11:58:44Z,21.63,58.42,99,0,29.69,100.74,10.00,470.00,null,null,null
2023-08-26T11:59:44Z,21.61,58.36,99,0,24.72,100.74,9.00,464.00,null,null,null
2023-08-26T12:00:44Z,21.64,58.31,99,0,28.85,100.74,9.00,462.00,null,null,null
2023-08-26T12:01:44Z,21.60,58.35,99,0,27.51,100.74,9.00,462.00,null,null,null
2023-08-26T12:02:44Z,21.60,58.28,99,0,32.54,100.74,10.00,470.00,1,1,12
2023-08-26T12:03:44Z,21.60,58.18,99,0,31.00,100.74,10.00,470.00,null,null,null
2023-08-26T12:04:44Z,21.61,58.05,100,0,30.01,100.74,12.00,485.00,null,null,null
2023-08-26T12:05:44Z,21.61,58.07,99,0,25.32,100.74,10.00,472.00,null,null,null
2023-08-26T12:06:44Z,21.60,58.02,99,0,36.22,100.74,12.00,481.00,null,null,null
2023-08-26T12:07:44Z,21.60,57.93,99,0,30.71,100.73,14.00,492.00,1,1,1
2023-08-26T12:08:44Z,21.60,57.88,99,0,37.88,100.74,12.00,485.00,null,null,null
2023-08-26T12:09:44Z,21.60,57.94,99,0,39.89,100.73,11.00,476.00,null,null,null
2023-08-26T12:10:44Z,21.60,57.98,99,0,30.78,100.73,11.00,476.00,null,null,null
2023-08-26T12:11:44Z,21.60,58.08,99,0,26.93,100.73,12.00,481.00,null,null,null
2023-08-26T12:12:44Z,21.59,58.06,100,0,50.78,100.73,12.00,481.00,0,0,0
2023-08-26T12:13:44Z,21.60,58.18,99,0,23.72,100.73,12.00,485.00,null,null,null
2023-08-26T12:14:44Z,21.59,58.30,99,0,61.23,100.73,15.00,501.00,null,null,null
2023-08-26T12:15:44Z,21.60,58.35,99,0,32.91,100.73,14.00,492.00,null,null,null
2023-08-26T12:16:44Z,21.59,58.36,99,0,45.92,100.73,14.00,496.00,null,null,null
2023-08-26T12:17:44Z,21.60,58.44,99,0,33.12,100.73,16.00,508.00,1,1,1
2023-08-26T12:18:44Z,21.63,58.43,99,0,46.80,100.73,15.00,503.00,null,null,null
2023-08-26T12:19:44Z,21.61,58.39,99,0,45.80,100.73,19.00,526.00,null,null,null
2023-08-26T12:20:44Z,21.60,58.39,99,0,67.32,100.73,19.00,526.00,null,null,null
2023-08-26T12:21:44Z,21.60,58.47,99,0,62.31,100.74,19.00,531.00,null,null,null
2023-08-26T12:22:44Z,21.60,58.34,99,0,55.97,100.74,19.00,531.00,2,2,2
2023-08-26T12:23:44Z,21.60,58.30,99,0,51.61,100.74,18.00,523.00,null,null,null
2023-08-26T12:24:44Z,21.61,58.21,99,0,22.72,100.74,15.00,503.00,null,null,null
2023-08-26T12:25:44Z,21.61,58.18,99,0,52.11,100.74,17.00,514.00,null,null,null
2023-08-26T12:26:44Z,21.59,58.24,99,0,27.44,100.74,17.00,514.00,null,null,null
2023-08-26T12:27:44Z,21.59,58.19,99,0,26.29,100.75,15.00,501.00,0,0,0
2023-08-26T12:28:44Z,21.60,58.19,99,0,31.15,100.74,14.00,492.00,null,null,null
2023-08-26T12:29:44Z,21.61,58.18,99,0,28.92,100.75,15.00,501.00,null,null,null
2023-08-26T12:30:44Z,21.60,58.17,99,0,33.95,100.75,17.00,514.00,null,null,null
2023-08-26T12:31:44Z,21.57,58.19,99,0,58.47,100.75,18.00,524.00,null,null,null
2023-08-26T12:32:44Z,21.61,58.24,99,0,28.37,100.74,17.00,518.00,0,1,1
2023-08-26T12:33:44Z,21.60,58.23,100,0,43.74,100.76,15.00,501.00,null,null,null
2023-08-26T12:34:44Z,21.59,58.24,99,0,50.37,100.76,15.00,503.00,null,null,null
2023-08-26T12:35:44Z,21.59,58.32,99,0,32.94,100.76,15.00,503.00,null,null,null
2023-08-26T12:36:44Z,21.59,58.29,99,0,61.59,100.76,14.00,498.00,null,null,null
2023-08-26T12:37:44Z,21.59,58.30,99,0,48.82,100.76,14.00,498.00,1,1,1
2023-08-26T12:38:44Z,21.60,58.39,100,0,49.58,100.76,14.00,492.00,null,null,null
2023-08-26T12:39:44Z,21.60,58.47,99,0,55.38,100.76,14.00,498.00,null,null,null
2023-08-26T12:40:44Z,21.57,58.61,99,0,50.23,100.77,14.00,496.00,null,null,null
2023-08-26T12:41:44Z,21.57,58.71,99,0,48.64,100.77,14.00,498.00,null,null,null
2023-08-26T12:42:44Z,21.60,58.82,99,0,31.52,100.78,14.00,496.00,0,0,0
2023-08-26T12:43:44Z,21.59,59.04,99,0,41.57,100.79,12.00,482.00,null,null,null
2023-08-26T12:44:44Z,21.57,59.05,100,0,28.68,100.79,11.00,478.00,null,null,null
2023-08-26T12:45:44Z,21.57,59.00,100,0,55.98,100.79,11.00,476.00,null,null,null
2023-08-26T12:46:44Z,21.56,59.36,99,0,44.08,100.78,9.00,464.00,null,null,null
2023-08-26T12:47:44Z,21.56,59.45,100,0,57.32,100.80,7.00,446.00,1,1,1
2023-08-26T12:48:44Z,21.54,59.45,99,0,62.19,100.83,6.00,441.00,null,null,null
2023-08-26T12:49:44Z,21.54,59.64,99,0,44.98,100.82,4.00,428.00,null,null,null
2023-08-26T12:50:44Z,21.54,59.55,99,0,34.49,100.81,4.00,428.00,null,null,null
2023-08-26T12:51:44Z,21.53,59.81,99,0,55.01,100.81,6.00,444.00,null,null,null
2023-08-26T12:52:44Z,21.54,59.89,99,0,56.26,100.80,6.00,442.00,1,1,1
2023-08-26T12:53:44Z,21.53,60.01,99,0,52.19,100.80,5.00,439.00,null,null,null
2023-08-26T12:54:44Z,21.54,60.05,99,0,31.90,100.80,6.00,445.00,null,null,null
2023-08-26T12:55:44Z,21.53,60.15,99,0,26.99,100.80,6.00,442.00,null,null,null
2023-08-26T12:56:44Z,21.54,60.25,99,0,44.00,100.80,6.00,445.00,null,null,null
2023-08-26T12:57:44Z,21.54,60.34,99,0,29.20,100.79,5.00,438.00,0,0,0
2023-08-26T12:58:44Z,21.51,60.48,99,0,23.40,100.79,6.00,442.00,null,null,null
2023-08-26T12:59:44Z,21.54,60.48,99,0,42.80,100.79,6.00,445.00,null,null,null
2023-08-26T13:00:44Z,21.54,60.56,99,0,65.37,100.79,7.00,447.00,null,null,null
2023-08-26T13:01:44Z,21.54,60.66,99,0,26.76,100.79,8.00,456.00,null,null,null
2023-08-26T13:02:44Z,21.54,60.79,99,0,28.11,100.78,9.00,462.00,1,1,1
2023-08-26T13:03:44Z,21.56,60.99,99,0,54.02,100.78,9.00,461.00,null,null,null
2023-08-26T13:04:44Z,21.56,61.04,99,0,48.23,100.78,9.00,465.00,null,null,null
2023-08-26T13:05:44Z,21.57,61.19,99,0,27.94,100.78,9.00,465.00,null,null,null
2023-08-26T13:06:44Z,21.54,61.30,99,0,24.23,100.78,9.00,465.00,null,null,null
2023-08-26T13:07:44Z,21.56,61.46,99,0,26.11,100.78,9.00,461.00,0,0,0
2023-08-26T13:08:44Z,21.57,61.57,99,0,26.82,100.77,9.00,464.00,null,null,null
2023-08-26T13:09:44Z,21.59,61.63,99,0,27.87,100.77,10.00,466.00,null,null,null
2023-08-26T13:10:44Z,21.59,61.65,99,0,24.15,100.77,10.00,466.00,null,null,null
2023-08-26T13:11:44Z,21.59,61.83,99,0,23.35,100.77,10.00,466.00,null,null,null
2023-08-26T13:12:44Z,21.59,61.90,99,0,23.81,100.77,10.00,470.00,1,1,1
2023-08-26T13:13:44Z,21.60,62.07,99,0,28.51,100.77,11.00,475.00,null,null,null
2023-08-26T13:14:44Z,21.63,62.10,99,0,24.03,100.77,11.00,475.00,null,null,null
2023-08-26T13:15:44Z,21.61,62.11,99,0,24.58,100.77,11.00,475.00,null,null,null
2023-08-26T13:16:44Z,21.59,62.18,99,0,24.43,100.76,12.00,483.00,null,null,null
2023-08-26T13:17:44Z,21.63,62.19,99,0,26.11,100.77,14.00,492.00,0,0,0
2023-08-26T13:18:44Z,21.63,62.41,99,0,25.32,100.76,14.00,492.00,null,null,null
2023-08-26T13:19:44Z,21.63,62.35,99,0,56.64,100.76,14.00,492.00,null,null,null
2023-08-26T13:20:44Z,21.64,62.38,99,0,29.61,100.76,14.00,492.00,null,null,null
2023-08-26T13:21:44Z,21.64,62.44,99,0,26.82,100.76,14.00,497.00,null,null,null
2023-08-26T13:22:44Z,21.63,62.58,99,0,53.92,100.76,14.00,497.00,1,1,1
2023-08-26T13:23:44Z,21.63,62.76,99,0,50.65,100.76,14.00,497.00,null,null,null
2023-08-26T13:24:44Z,21.66,62.73,99,0,35.63,100.76,13.00,486.00,null,null,null
2023-08-26T13:25:44Z,21.66,62.76,99,0,62.36,100.76,14.00,492.00,null,null,null
2023-08-26T13:26:44Z,21.69,62.78,99,0,25.19,100.75,12.00,482.00,null,null,null
2023-08-26T13:27:44Z,21.69,62.91,99,0,60.60,100.75,11.00,477.00,0,0,0
2023-08-26T13:28:44Z,21.67,62.90,99,0,44.51,100.76,11.00,477.00,null,null,null
2023-08-26T13:29:44Z,21.71,62.83,99,0,23.25,100.76,11.00,477.00,null,null,null
2023-08-26T13:30:44Z,21.70,62.79,99,0,24.31,100.76,11.00,477.00,null,null,null
2023-08-26T13:31:44Z,21.71,62.82,99,0,26.21,100.76,12.00,482.00,null,null,null
2023-08-26T13:32:44Z,21.70,62.83,99,0,23.81,100.76,12.00,482.00,0,0,0
2023-08-26T13:33:44Z,21.71,62.88,99,0,33.62,100.76,11.00,477.00,null,null,null
2023-08-26T13:34:44Z,21.69,62.74,99,0,26.43,100.76,11.00,477.00,null,null,null
2023-08-26T13:35:44Z,21.71,62.72,99,0,25.09,100.76,12.00,482.00,null,null,null
2023-08-26T13:36:44Z,21.74,62.78,99,0,24.61,100.76,13.00,487.00,null,null,null
2023-08-26T13:37:44Z,21.69,62.75,99,0,31.09,100.77,12.00,482.00,0,0,0
2023-08-26T13:38:44Z,21.74,62.83,99,0,23.05,100.76,11.00,477.00,null,null,null
2023-08-26T13:39:44Z,21.71,62.80,99,0,25.73,100.77,11.00,477.00,null,null,null
2023-08-26T13:40:44Z,21.74,62.76,99,0,27.12,100.77,12.00,482.00,null,null,null
2023-08-26T13:41:44Z,21.74,62.73,99,0,23.77,100.77,14.00,492.00,null,null,null
2023-08-26T13:42:44Z,21.71,62.81,99,0,34.57,100.76,14.00,497.00,2,3,3
2023-08-26T13:43:44Z,21.73,62.84,99,0,25.82,100.76,12.00,482.00,null,null,null
2023-08-26T13:44:44Z,21.76,62.73,99,0,26.97,100.76,13.00,486.00,null,null,null
2023-08-26T13:45:44Z,21.76,62.75,99,0,53.61,100.76,13.00,491.00,null,null,null
2023-08-26T13:46:44Z,21.73,62.60,99,0,29.63,100.76,12.00,481.00,null,null,null
2023-08-26T13:47:44Z,21.74,62.61,99,0,27.62,100.76,14.00,492.00,0,0,0
2023-08-26T13:48:44Z,21.74,62.72,99,0,28.52,100.76,15.00,501.00,null,null,null
2023-08-26T13:49:44Z,21.77,62.63,99,0,25.03,100.76,15.00,503.00,null,null,null
2023-08-26T13:50:44Z,21.76,62.68,99,0,28.63,100.76,15.00,501.00,null,null,null
2023-08-26T13:51:44Z,21.77,62.62,99,0,29.83,100.76,14.00,496.00,null,null,null
2023-08-26T13:52:44Z,21.77,62.61,99,0,28.37,100.75,13.00,486.00,3,3,3
2023-08-26T13:53:44Z,21.76,62.69,99,0,27.84,100.75,12.00,483.00,null,null,null
2023-08-26T13:54:44Z,21.76,62.75,99,0,25.73,100.75,12.00,480.00,null,null,null
2023-08-26T13:55:44Z,21.76,62.47,99,0,77.38,100.75,11.00,478.00,null,null,null
2023-08-26T13:56:44Z,21.78,62.62,99,0,31.65,100.75,13.00,491.00,null,null,null
2023-08-26T13:57:44Z,21.78,62.73,99,0,29.67,100.75,15.00,501.00,2,2,2
2023-08-26T13:58:44Z,21.81,62.73,99,0,39.67,100.75,15.00,501.00,null,null,null
2023-08-26T13:59:44Z,21.78,62.60,99,0,46.80,100.75,17.00,518.00,null,null,null
2023-08-26T14:00:44Z,21.81,62.68,99,0,27.34,100.74,18.00,523.00,null,null,null
2023-08-26T14:01:44Z,21.78,62.64,99,0,26.38,100.74,19.00,529.00,null,null,null
2023-08-26T14:02:44Z,21.78,62.65,99,0,23.63,100.74,20.00,534.00,0,0,0
2023-08-26T14:03:44Z,21.83,62.73,99,0,50.65,100.74,18.00,523.00,null,null,null
2023-08-26T14:04:44Z,21.83,62.54,99,0,61.53,100.73,18.00,523.00,null,null,null
2023-08-26T14:05:44Z,21.81,62.49,99,0,43.34,100.74,19.00,529.00,null,null,null
2023-08-26T14:06:44Z,21.84,62.45,99,0,54.38,100.73,21.00,539.00,null,null,null
2023-08-26T14:07:44Z,21.84,62.48,99,0,24.07,100.73,21.00,539.00,0,0,0
2023-08-26T14:08:44Z,21.83,62.58,99,0,24.27,100.72,20.00,534.00,null,null,null
2023-08-26T14:09:44Z,21.84,62.50,99,0,44.65,100.73,21.00,539.00,null,null,null
2023-08-26T14:10:44Z,21.86,62.46,99,0,42.54,100.73,21.00,539.00,null,null,null
2023-08-26T14:11:44Z,21.86,62.45,99,0,52.33,100.73,21.00,539.00,null,null,null
2023-08-26T14:12:44Z,21.88,62.43,99,0,48.40,100.73,21.00,542.00,0,0,0
2023-08-26T14:13:44Z,21.88,62.53,99,0,29.13,100.73,22.00,548.00,null,null,null
2023-08-26T14:14:44Z,21.90,62.39,99,0,48.12,100.74,22.00,548.00,null,null,null
2023-08-26T14:15:44Z,21.90,62.34,99,0,43.88,100.74,22.00,548.00,null,null,null
2023-08-26T14:16:44Z,21.90,62.18,99,0,37.79,100.74,22.00,548.00,null,null,null
2023-08-26T14:17:44Z,21.87,62.07,99,0,22.18,100.75,21.00,543.00,0,0,0
2023-08-26T14:18:44Z,21.91,61.98,99,0,25.29,100.75,21.00,539.00,null,null,null
2023-08-26T14:19:44Z,21.90,61.91,99,0,23.94,100.75,21.00,539.00,null,null,null
2023-08-26T14:20:44Z,21.91,61.87,99,0,30.50,100.76,21.00,539.00,null,null,null
2023-08-26T14:21:44Z,21.91,61.86,99,0,24.61,100.75,21.00,543.00,null,null,null
2023-08-26T14:22:44Z,21.91,61.78,99,0,24.19,100.75,22.00,546.00,0,0,0
2023-08-26T14:23:44Z,21.94,61.86,99,0,44.55,100.75,23.00,552.00,null,null,null
2023-08-26T14:24:44Z,21.94,61.83,99,0,27.99,100.75,25.00,565.00,null,null,null
2023-08-26T14:25:44Z,21.94,61.79,99,0,34.27,100.75,24.00,560.00,null,null,null
2023-08-26T14:26:44Z,21.94,61.75,99,0,31.46,100.75,24.00,560.00,null,null,null
2023-08-26T14:27:44Z,21.94,61.69,99,0,31.86,100.75,24.00,560.00,1,1,1
2023-08-26T14:28:44Z,21.98,61.67,99,0,39.07,100.75,22.00,548.00,null,null,null
2023-08-26T14:29:44Z,21.97,61.62,99,0,26.60,100.74,22.00,548.00,null,null,null
2023-08-26T14:30:44Z,21.96,61.50,99,0,28.60,100.74,21.00,543.00,null,null,null
2023-08-26T14:31:44Z,21.96,61.41,99,0,27.80,100.74,21.00,543.00,null,null,null
2023-08-26T14:32:44Z,21.97,61.26,99,0,51.65,100.74,21.00,543.00,0,0,0
2023-08-26T14:33:44Z,21.98,61.20,99,0,37.08,100.73,19.00,527.00,null,null,null
2023-08-26T14:34:44Z,22.00,61.20,99,0,31.10,100.74,20.00,537.00,null,null,null
2023-08-26T14:35:44Z,22.00,61.18,99,0,41.68,100.73,20.00,537.00,null,null,null
2023-08-26T14:36:44Z,21.98,61.01,100,0,35.52,100.73,21.00,543.00,null,null,null
2023-08-26T14:37:44Z,21.98,60.92,99,0,32.10,100.74,20.00,533.00,0,0,0
2023-08-26T14:38:44Z,22.00,60.85,99,0,23.40,100.73,19.00,527.00,null,null,null
2023-08-26T14:39:44Z,22.01,60.75,99,0,41.83,100.73,19.00,527.00,null,null,null
2023-08-26T14:40:44Z,22.02,60.73,99,0,37.00,100.73,18.00,524.00,null,null,null
2023-08-26T14:41:44Z,22.01,60.58,99,0,29.07,100.74,19.00,526.00,null,null,null
2023-08-26T14:42:44Z,22.00,60.57,99,0,33.29,100.74,18.00,519.00,1,1,1
2023-08-26T14:43:44Z,22.01,60.51,99,0,28.11,100.74,15.00,505.00,null,null,null
2023-08-26T14:44:44Z,22.02,60.55,99,0,33.22,100.73,15.00,505.00,null,null,null
2023-08-26T14:45:44Z,22.00,60.58,99,0,26.16,100.74,15.00,505.00,null,null,null
2023-08-26T14:46:44Z,22.01,60.56,99,0,25.41,100.74,17.00,514.00,null,null,null
2023-08-26T14:47:44Z,22.02,60.50,99,0,34.56,100.74,17.00,514.00,0,0,0
2023-08-26T14:48:44Z,22.02,60.52,99,0,28.76,100.74,15.00,505.00,null,null,null
2023-08-26T14:49:44Z,22.04,60.44,99,0,39.11,100.74,17.00,514.00,null,null,null
2023-08-26T14:50:44Z,22.02,60.47,99,0,27.02,100.74,19.00,526.00,null,null,null
2023-08-26T14:51:44Z,22.01,60.51,99,0,28.28,100.74,19.00,530.00,null,null,null
2023-08-26T14:52:44Z,22.04,60.55,99,0,35.39,100.74,21.00,539.00,0,0,0
2023-08-26T14:53:44Z,22.05,60.62,99,0,47.86,100.74,20.00,533.00,null,null,null
2023-08-26T14:54:44Z,22.05,60.63,99,0,31.56,100.74,20.00,533.00,null,null,null
2023-08-26T14:55:44Z,22.02,60.51,99,0,39.94,100.74,20.00,533.00,null,null,null
2023-08-26T14:56:44Z,22.05,60.52,99,0,28.01,100.74,21.00,543.00,null,null,null
2023-08-26T14:57:44Z,22.05,60.50,99,0,22.89,100.74,24.00,561.00,0,0,0
2023-08-26T14:58:44Z,22.08,60.49,99,0,24.86,100.74,24.00,561.00,null,null,null
2023-08-26T14:59:44Z,22.07,60.49,99,0,23.49,100.74,25.00,565.00,null,null,null
2023-08-26T15:00:44Z,22.07,60.48,99,0,27.49,100.74,25.00,570.00,null,null,null
2023-08-26T15:01:44Z,22.08,60.51,99,0,30.98,100.74,26.00,577.00,null,null,null
2023-08-26T15:02:44Z,22.09,60.43,99,0,26.19,100.73,27.00,581.00,0,2,2
2023-08-26T15:03:44Z,22.09,60.43,100,0,25.19,100.74,28.00,588.00,null,null,null
2023-08-26T15:04:44Z,22.11,60.43,99,0,28.57,100.74,28.00,588.00,null,null,null
2023-08-26T15:05:44Z,22.09,60.42,99,0,26.03,100.74,29.00,594.00,null,null,null
2023-08-26T15:06:44Z,22.12,60.38,99,0,26.55,100.74,30.00,603.00,null,null,null
2023-08-26T15:07:44Z,22.12,60.42,99,0,23.15,100.75,33.00,617.00,3,3,3
2023-08-26T15:08:44Z,22.12,60.45,99,0,29.21,100.75,33.00,623.00,null,null,null
2023-08-26T15:09:44Z,22.12,60.38,99,0,26.53,100.75,34.00,626.00,null,null,null
2023-08-26T15:10:44Z,22.14,60.45,100,0,31.50,100.75,36.00,637.00,null,null,null
2023-08-26T15:11:44Z,22.15,60.42,99,0,25.26,100.75,36.00,637.00,null,null,null
2023-08-26T15:12:44Z,22.12,60.40,99,0,22.49,100.76,36.00,640.00,7,7,7
2023-08-26T15:13:44Z,22.15,60.42,99,0,27.55,100.76,36.00,640.00,null,null,null
2023-08-26T15:14:44Z,22.14,60.37,99,0,22.99,100.77,37.00,645.00,null,null,null
2023-08-26T15:15:44Z,22.12,60.44,99,0,26.11,100.77,39.00,659.00,null,null,null
2023-08-26T15:16:44Z,22.14,60.37,99,0,34.03,100.78,40.00,668.00,null,null,null
2023-08-26T15:17:44Z,22.15,60.33,99,0,24.31,100.79,41.00,674.00,2,2,2
2023-08-26T15:18:44Z,22.17,60.25,99,0,24.72,100.79,41.00,674.00,null,null,null
2023-08-26T15:19:44Z,22.17,60.24,100,0,29.28,100.80,40.00,668.00,null,null,null
2023-08-26T15:20:44Z,22.17,60.22,99,0,26.50,100.81,40.00,668.00,null,null,null
2023-08-26T15:21:44Z,22.18,60.13,99,0,23.35,100.81,43.00,683.00,null,null,null
2023-08-26T15:22:44Z,22.18,60.18,99,0,32.07,100.82,43.00,683.00,4,4,4
2023-08-26T15:23:44Z,22.17,60.12,99,0,24.76,100.81,43.00,683.00,null,null,null
2023-08-26T15:24:44Z,22.18,60.04,99,0,31.86,100.82,44.00,692.00,null,null,null
2023-08-26T15:25:44Z,22.19,60.06,99,0,27.36,100.82,44.00,692.00,null,null,null
2023-08-26T15:26:44Z,22.18,60.00,99,0,24.15,100.83,44.00,692.00,null,null,null
2023-08-26T15:27:44Z,22.18,60.01,99,0,24.58,100.82,45.00,700.00,11,15,15
2023-08-26T15:28:44Z,22.18,59.95,100,0,33.99,100.82,46.00,708.00,null,null,null
2023-08-26T15:29:44Z,22.18,59.95,99,0,24.76,100.81,47.00,714.00,null,null,null
2023-08-26T15:30:44Z,22.21,59.94,99,0,24.43,100.82,47.00,714.00,null,null,null
2023-08-26T15:31:44Z,22.19,59.98,99,0,24.72,100.82,48.00,719.00,null,null,null
2023-08-26T15:32:44Z,22.22,59.98,99,0,27.42,100.83,50.00,733.00,11,12,12
2023-08-26T15:33:44Z,22.19,59.99,100,0,31.80,100.83,51.00,740.00,null,null,null
2023-08-26T15:34:44Z,22.19,59.99,99,0,31.41,100.82,51.00,740.00,null,null,null
2023-08-26T15:35:44Z,22.22,59.99,99,0,26.03,100.82,52.00,744.00,null,null,null
2023-08-26T15:36:44Z,22.22,60.02,99,0,25.26,100.82,53.00,752.00,null,null,null
2023-08-26T15:37:44Z,22.22,60.04,99,0,26.97,100.81,54.00,759.00,5,6,6
2023-08-26T15:38:44Z,22.21,60.09,99,0,31.30,100.80,54.00,759.00,null,null,null
2023-08-26T15:39:44Z,22.24,60.12,99,0,24.54,100.80,56.00,770.00,null,null,null
2023-08-26T15:40:44Z,22.22,60.15,99,0,27.59,100.80,57.00,776.00,null,null,null
2023-08-26T15:41:44Z,22.22,60.19,99,0,23.45,100.81,58.00,785.00,null,null,null
2023-08-26T15:42:44Z,22.22,60.22,99,0,22.89,100.81,59.00,793.00,5,10,10
2023-08-26T15:43:44Z,22.25,60.25,99,0,25.50,100.80,61.00,804.00,null,null,null
2023-08-26T15:44:44Z,22.24,60.28,99,0,27.20,100.80,50.00,732.00,null,null,null
2023-08-26T15:45:44Z,22.25,60.30,99,0,25.95,100.80,50.00,732.00,null,null,null
2023-08-26T15:46:44Z,22.25,60.29,99,0,22.99,100.80,61.00,804.00,null,null,null
2023-08-26T15:47:44Z,22.25,60.34,99,0,21.18,100.80,52.00,746.00,10,13,13
2023-08-26T15:48:44Z,22.24,60.37,99,0,24.43,100.80,52.00,746.00,null,null,null
2023-08-26T15:49:44Z,22.25,60.44,99,0,23.63,100.80,62.00,813.00,null,null,null
2023-08-26T15:50:44Z,22.27,60.39,99,0,25.53,100.80,53.00,749.00,null,null,null
2023-08-26T15:51:44Z,22.25,60.42,99,0,24.93,100.80,53.00,749.00,null,null,null
2023-08-26T15:52:44Z,22.27,60.43,99,0,21.34,100.79,53.00,749.00,8,16,16
2023-08-26T15:53:44Z,22.25,60.48,99,0,21.78,100.79,52.00,746.00,null,null,null
2023-08-26T15:54:44Z,22.28,60.42,99,0,25.22,100.79,53.00,749.00,null,null,null
2023-08-26T15:55:44Z,22.25,60.39,99,0,24.72,100.79,53.00,749.00,null,null,null
2023-08-26T15:56:44Z,22.24,60.39,99,0,25.26,100.79,53.00,749.00,null,null,null
2023-08-26T15:57:44Z,22.25,60.37,99,0,25.41,100.79,63.00,817.00,5,5,16
2023-08-26T15:58:44Z,22.27,60.38,99,0,23.90,100.79,54.00,759.00,null,null,null
2023-08-26T15:59:44Z,22.27,60.36,99,0,23.77,100.78,57.00,776.00,null,null,null
2023-08-26T16:00:44Z,22.29,60.32,100,0,27.08,100.78,58.00,783.00,null,null,null
2023-08-26T16:01:44Z,22.28,60.32,99,0,24.27,100.79,59.00,793.00,null,null,null
2023-08-26T16:02:44Z,22.28,60.35,99,0,26.24,100.78,60.00,798.00,9,11,11
2023-08-26T16:03:44Z,22.28,60.37,99,0,24.19,100.79,61.00,802.00,null,null,null
2023-08-26T16:04:44Z,22.29,60.30,99,0,28.15,100.78,62.00,810.00,null,null,null
2023-08-26T16:05:44Z,22.29,60.35,99,0,24.65,100.78,63.00,819.00,null,null,null
2023-08-26T16:06:44Z,22.29,60.36,99,0,24.83,100.78,65.00,827.00,null,null,null
2023-08-26T16:07:44Z,22.31,60.35,99,0,24.15,100.78,65.00,827.00,6,10,10
2023-08-26T16:08:44Z,22.32,60.39,99,0,23.05,100.78,66.00,838.00,null,null,null
2023-08-26T16:09:44Z,22.32,60.32,99,0,27.02,100.78,66.00,838.00,null,null,null
2023-08-26T16:10:44Z,22.31,60.28,99,0,27.84,100.78,67.00,846.00,null,null,null
2023-08-26T16:11:44Z,22.31,60.33,100,0,25.79,100.77,67.00,846.00,null,null,null
2023-08-26T16:12:44Z,22.31,60.35,99,0,23.77,100.77,70.00,863.00,9,17,17
2023-08-26T16:13:44Z,22.31,60.38,99,0,22.94,100.77,69.00,855.00,null,null,null
2023-08-26T16:14:44Z,22.34,60.32,99,0,26.14,100.77,74.00,887.00,null,null,null
2023-08-26T16:15:44Z,22.34,60.30,99,0,23.68,100.77,74.00,887.00,null,null,null
2023-08-26T16:16:44Z,22.34,60.34,99,0,23.59,100.77,71.00,872.00,null,null,null
2023-08-26T16:17:44Z,22.34,60.36,99,0,30.46,100.77,74.00,891.00,12,12,12
2023-08-26T16:18:44Z,22.36,60.38,99,0,24.46,100.77,74.00,887.00,null,null,null
2023-08-26T16:19:44Z,22.38,60.36,99,0,23.68,100.77,77.00,909.00,null,null,null
2023-08-26T16:20:44Z,22.38,60.33,99,0,24.89,100.78,74.00,891.00,null,null,null
2023-08-26T16:21:44Z,22.38,60.34,99,0,23.72,100.77,74.00,891.00,null,null,null
2023-08-26T16:22:44Z,22.38,60.36,99,0,24.68,100.77,76.00,902.00,5,6,21
2023-08-26T16:23:44Z,22.38,60.39,99,0,32.94,100.78,76.00,902.00,null,null,null
2023-08-26T16:24:44Z,22.39,60.42,99,0,23.30,100.78,77.00,909.00,null,null,null
2023-08-26T16:25:44Z,22.38,60.37,99,0,26.93,100.78,77.00,909.00,null,null,null
2023-08-26T16:26:44Z,22.36,60.36,99,0,26.69,100.78,79.00,923.00,null,null,null
2023-08-26T16:27:44Z,22.39,60.33,99,0,22.94,100.78,79.00,923.00,4,8,8
2023-08-26T16:28:44Z,22.39,60.43,99,0,26.34,100.78,81.00,933.00,null,null,null
2023-08-26T16:29:44Z,22.41,60.37,99,0,24.68,100.78,81.00,933.00,null,null,null
2023-08-26T16:30:44Z,22.44,60.37,99,0,29.42,100.77,81.00,933.00,null,null,null
2023-08-26T16:31:44Z,22.44,60.42,99,0,24.76,100.78,82.00,942.00,null,null,null
2023-08-26T16:32:44Z,22.42,60.37,99,0,26.64,100.78,82.00,942.00,3,5,5
2023-08-26T16:33:44Z,22.44,60.39,99,0,25.44,100.77,82.00,942.00,null,null,null
2023-08-26T16:34:44Z,22.46,60.37,99,0,25.32,100.77,84.00,954.00,null,null,null
2023-08-26T16:35:44Z,22.44,60.35,99,0,26.89,100.77,82.00,942.00,null,null,null
2023-08-26T16:36:44Z,22.45,60.32,99,0,53.30,100.78,84.00,954.00,null,null,null
2023-08-26T16:37:44Z,22.44,60.36,99,0,41.29,100.77,84.00,954.00,1,1,1
2023-08-26T16:38:44Z,22.44,60.37,99,0,33.16,100.78,84.00,954.00,null,null,null
2023-08-26T16:39:44Z,22.49,60.37,99,0,43.44,100.78,85.00,964.00,null,null,null
2023-08-26T16:40:44Z,22.45,60.33,99,0,48.13,100.77,87.00,975.00,null,null,null
2023-08-26T16:41:44Z,22.45,60.36,99,0,27.20,100.78,85.00,964.00,null,null,null
2023-08-26T16:42:44Z,22.48,60.36,99,0,26.55,100.77,87.00,975.00,7,8,8
2023-08-26T16:43:44Z,22.48,60.38,99,0,25.65,100.78,85.00,964.00,null,null,null
2023-08-26T16:44:44Z,22.48,60.34,99,0,22.61,100.77,87.00,975.00,null,null,null
2023-08-26T16:45:44Z,22.48,60.30,99,0,23.98,100.77,89.00,987.00,null,null,null
2023-08-26T16:46:44Z,22.49,60.26,99,0,25.22,100.78,89.00,987.00,null,null,null
2023-08-26T16:47:44Z,22.51,60.32,100,0,25.16,100.77,89.00,987.00,3,5,5
2023-08-26T16:48:44Z,22.49,60.40,100,0,33.28,100.77,90.00,995.00,null,null,null
2023-08-26T16:49:44Z,22.49,60.33,99,0,25.87,100.77,90.00,995.00,null,null,null
2023-08-26T16:50:44Z,22.52,60.34,99,0,31.58,100.77,90.00,995.00,null,null,null
2023-08-26T16:51:44Z,22.51,60.33,99,0,22.99,100.77,90.00,995.00,null,null,null
2023-08-26T16:52:44Z,22.49,60.32,99,0,26.97,100.77,90.00,995.00,6,8,8
2023-08-26T16:53:44Z,22.52,60.38,99,0,25.00,100.77,92.00,1009.00,null,null,null
2023-08-26T16:54:44Z,22.49,60.37,99,0,25.56,100.77,90.00,995.00,null,null,null
2023-08-26T16:55:44Z,22.53,60.31,99,0,23.25,100.77,92.00,1009.00,null,null,null
2023-08-26T16:56:44Z,22.53,60.34,99,0,53.10,100.77,92.00,1009.00,null,null,null
2023-08-26T16:57:44Z,22.52,60.28,99,0,25.73,100.78,92.00,1009.00,3,4,4
2023-08-26T16:58:44Z,22.52,60.32,99,0,23.15,100.77,92.00,1009.00,null,null,null
2023-08-26T16:59:44Z,22.55,60.24,99,0,25.13,100.77,92.00,1009.00,null,null,null
2023-08-26T17:00:44Z,22.55,60.21,99,0,24.39,100.77,93.00,1017.00,null,null,null
2023-08-26T17:01:44Z,22.56,60.29,99,0,23.25,100.78,92.00,1004.00,null,null,null
2023-08-26T17:02:44Z,22.52,60.36,99,0,25.19,100.78,92.00,1004.00,2,4,4
2023-08-26T17:03:44Z,22.55,60.34,99,0,24.61,100.78,94.00,1019.00,null,null,null
2023-08-26T17:04:44Z,22.57,60.29,99,0,21.92,100.78,94.00,1019.00,null,null,null
2023-08-26T17:05:44Z,22.56,60.29,99,0,26.46,100.78,94.00,1019.00,null,null,null
2023-08-26T17:06:44Z,22.57,60.32,99,0,32.49,100.78,94.00,1019.00,null,null,null
2023-08-26T17:07:44Z,22.56,60.31,99,0,26.55,100.78,94.00,1019.00,3,3,3
2023-08-26T17:08:44Z,22.57,60.31,100,0,28.09,100.78,92.00,1009.00,null,null,null
2023-08-26T17:09:44Z,22.56,60.26,99,0,24.93,100.78,96.00,1035.00,null,null,null
2023-08-26T17:10:44Z,22.59,60.32,99,0,23.77,100.78,96.00,1035.00,null,null,null
2023-08-26T17:11:44Z,22.57,60.26,99,0,58.54,100.78,96.00,1035.00,null,null,null
2023-08-26T17:12:44Z,22.56,60.26,99,0,27.68,100.78,96.00,1035.00,7,7,7
2023-08-26T17:13:44Z,22.59,60.32,99,0,22.49,100.79,96.00,1035.00,null,null,null
2023-08-26T17:14:44Z,22.59,60.26,99,0,27.06,100.78,96.00,1035.00,null,null,null
2023-08-26T17:15:44Z,22.59,60.30,99,0,32.65,100.78,96.00,1035.00,null,null,null
2023-08-26T17:16:44Z,22.59,60.34,99,0,31.74,100.78,98.00,1047.00,null,null,null
2023-08-26T17:17:44Z,22.60,60.36,99,0,27.16,100.78,98.00,1047.00,4,4,4
2023-08-26T17:18:44Z,22.60,60.45,99,0,23.72,100.78,98.00,1047.00,null,null,null
2023-08-26T17:19:44Z,22.60,60.38,99,0,27.06,100.78,96.00,1035.00,null,null,null
2023-08-26T17:20:44Z,22.59,60.37,99,0,21.64,100.78,96.00,1035.00,null,null,null
2023-08-26T17:21:44Z,22.62,60.44,99,0,25.62,100.78,96.00,1035.00,null,null,null
2023-08-26T17:22:44Z,22.60,60.42,99,0,25.29,100.78,96.00,1035.00,3,3,3
2023-08-26T17:23:44Z,22.62,60.45,99,0,25.95,100.78,96.00,1035.00,null,null,null
2023-08-26T17:24:44Z,22.63,60.45,99,0,24.83,100.78,98.00,1047.00,null,null,null
2023-08-26T17:25:44Z,22.62,60.47,99,0,24.11,100.78,96.00,1035.00,null,null,null
2023-08-26T17:26:44Z,22.60,60.45,99,0,44.85,100.78,98.00,1047.00,null,null,null
2023-08-26T17:27:44Z,22.60,60.48,99,0,41.04,100.78,94.00,1019.00,0,0,0
2023-08-26T17:28:44Z,22.57,60.53,99,0,40.19,100.78,94.00,1019.00,null,null,null
2023-08-26T17:29:44Z,22.62,60.50,99,0,43.94,100.78,96.00,1035.00,null,null,null
2023-08-26T17:30:44Z,22.62,60.51,99,0,45.72,100.78,96.00,1035.00,null,null,null
2023-08-26T17:31:44Z,22.59,60.51,99,0,42.14,100.78,96.00,1035.00,null,null,null
2023-08-26T17:32:44Z,22.59,60.59,99,0,25.44,100.78,96.00,1035.00,3,3,3
2023-08-26T17:33:44Z,22.62,60.62,99,0,25.84,100.78,94.00,1019.00,null,null,null
2023-08-26T17:34:44Z,22.60,60.60,99,0,31.12,100.78,96.00,1035.00,null,null,null
2023-08-26T17:35:44Z,22.60,60.62,99,0,23.05,100.78,96.00,1035.00,null,null,null
2023-08-26T17:36:44Z,22.63,60.60,99,0,25.26,100.78,96.00,1035.00,null,null,null
2023-08-26T17:37:44Z,22.57,60.67,99,0,45.48,100.78,96.00,1035.00,3,8,8
2023-08-26T17:38:44Z,22.62,60.69,99,0,31.44,100.78,96.00,1035.00,null,null,null
2023-08-26T17:39:44Z,22.62,60.64,99,0,29.88,100.78,96.00,1035.00,null,null,null
2023-08-26T17:40:44Z,22.62,60.65,99,0,25.73,100.78,96.00,1035.00,null,null,null
2023-08-26T17:41:44Z,22.63,60.64,99,0,23.77,100.78,96.00,1035.00,null,null,null
2023-08-26T17:42:44Z,22.60,60.65,99,0,27.12,100.77,96.00,1035.00,3,5,5
2023-08-26T17:43:44Z,22.62,60.71,99,0,23.90,100.77,96.00,1035.00,null,null,null
2023-08-26T17:44:44Z,22.59,60.63,99,0,27.96,100.78,96.00,1035.00,null,null,null
2023-08-26T17:45:44Z,22.60,60.61,99,0,30.21,100.78,96.00,1035.00,null,null,null
2023-08-26T17:46:44Z,22.62,60.61,99,0,25.53,100.78,98.00,1047.00,null,null,null
2023-08-26T17:47:44Z,22.62,60.64,99,0,49.96,100.78,98.00,1047.00,0,0,0
2023-08-26T17:48:44Z,22.63,60.62,99,0,27.69,100.78,98.00,1047.00,null,null,null
2023-08-26T17:49:44Z,22.60,60.60,99,0,27.89,100.79,100.00,1062.00,null,null,null
2023-08-26T17:50:44Z,22.60,60.65,99,0,53.99,100.78,98.00,1047.00,null,null,null
2023-08-26T17:51:44Z,22.62,60.71,100,0,29.09,100.78,98.00,1047.00,null,null,null
2023-08-26T17:52:44Z,22.60,60.76,99,0,27.28,100.78,98.00,1047.00,4,4,4
2023-08-26T17:53:44Z,22.62,60.77,99,0,65.09,100.79,93.00,1017.00,null,null,null
2023-08-26T17:54:44Z,22.62,60.78,99,0,57.42,100.78,93.00,1017.00,null,null,null
2023-08-26T17:55:44Z,22.59,60.70,99,0,38.78,100.79,99.00,1050.00,null,null,null
2023-08-26T17:56:44Z,22.57,60.72,99,0,36.88,100.78,98.00,1047.00,null,null,null
2023-08-26T17:57:44Z,22.60,60.72,99,0,47.40,100.79,96.00,1035.00,2,3,3
2023-08-26T17:58:44Z,22.60,60.79,99,0,35.08,100.79,94.00,1019.00,null,null,null
2023-08-26T17:59:44Z,22.60,60.75,99,0,35.39,100.79,93.00,1017.00,null,null,null
2023-08-26T18:00:44Z,22.62,60.72,99,0,25.59,100.79,93.00,1017.00,null,null,null
2023-08-26T18:01:44Z,22.60,60.68,99,0,23.86,100.79,96.00,1035.00,null,null,null
2023-08-26T18:02:44Z,22.60,60.71,99,0,52.84,100.79,96.00,1035.00,3,3,3
2023-08-26T18:03:44Z,22.60,60.76,100,0,59.12,100.79,94.00,1019.00,null,null,null
2023-08-26T18:04:44Z,22.59,60.77,99,0,41.06,100.79,92.00,1009.00,null,null,null
2023-08-26T18:05:44Z,22.62,60.76,99,0,54.04,100.79,92.00,1009.00,null,null,null
2023-08-26T18:06:44Z,22.56,60.73,99,0,28.17,100.80,92.00,1009.00,null,null,null
2023-08-26T18:07:44Z,22.60,60.77,99,0,61.38,100.79,92.00,1009.00,3,3,3
2023-08-26T18:08:44Z,22.59,60.78,99,0,47.99,100.79,90.00,997.00,null,null,null
2023-08-26T18:09:44Z,22.59,60.80,99,0,22.49,100.80,90.00,997.00,null,null,null
2023-08-26T18:10:44Z,22.57,60.78,99,0,23.94,100.80,90.00,997.00,null,null,null
2023-08-26T18:11:44Z,22.59,60.76,99,0,27.53,100.79,88.00,983.00,null,null,null
2023-08-26T18:12:44Z,22.57,60.81,100,0,27.75,100.80,88.00,983.00,2,3,3
2023-08-26T18:13:44Z,22.60,60.78,99,0,24.46,100.80,88.00,983.00,null,null,null
2023-08-26T18:14:44Z,22.57,60.78,99,0,25.16,100.79,88.00,983.00,null,null,null
2023-08-26T18:15:44Z,22.59,60.77,99,0,25.95,100.79,88.00,983.00,null,null,null
2023-08-26T18:16:44Z,22.60,60.77,99,0,29.56,100.79,87.00,975.00,null,null,null
2023-08-26T18:17:44Z,22.60,60.76,99,0,25.59,100.79,87.00,975.00,1,1,1
2023-08-26T18:18:44Z,22.59,60.80,99,0,25.41,100.79,87.00,975.00,null,null,null
2023-08-26T18:19:44Z,22.59,60.73,99,0,44.67,100.79,85.00,964.00,null,null,null
2023-08-26T18:20:44Z,22.57,60.78,99,0,48.72,100.79,85.00,964.00,null,null,null
2023-08-26T18:21:44Z,22.59,60.81,99,0,24.27,100.79,89.00,987.00,null,null,null
2023-08-26T18:22:44Z,22.57,60.80,99,0,23.98,100.79,85.00,964.00,6,6,6
2023-08-26T18:23:44Z,22.57,60.83,99,0,29.46,100.79,84.00,954.00,null,null,null
2023-08-26T18:24:44Z,22.59,60.79,99,0,26.60,100.79,85.00,964.00,null,null,null
2023-08-26T18:25:44Z,22.59,60.75,99,0,27.08,100.79,85.00,964.00,null,null,null
2023-08-26T18:26:44Z,22.57,60.83,99,0,24.54,100.80,87.00,975.00,null,null,null
2023-08-26T18:27:44Z,22.59,60.92,99,0,24.03,100.80,87.00,975.00,4,4,4
2023-08-26T18:28:44Z,22.59,60.99,99,0,36.16,100.80,85.00,964.00,null,null,null
2023-08-26T18:29:44Z,22.60,60.82,99,0,33.97,100.79,87.00,975.00,null,null,null
2023-08-26T18:30:44Z,22.60,60.87,99,0,23.30,100.80,87.00,975.00,null,null,null
2023-08-26T18:31:44Z,22.59,60.91,99,0,42.73,100.79,87.00,975.00,null,null,null
2023-08-26T18:32:44Z,22.57,60.91,99,0,35.90,100.79,87.00,975.00,2,3,3
2023-08-26T18:33:44Z,22.59,60.97,99,0,28.67,100.79,87.00,975.00,null,null,null
2023-08-26T18:34:44Z,22.56,60.84,99,0,29.95,100.79,87.00,975.00,null,null,null
2023-08-26T18:35:44Z,22.59,60.91,99,0,31.73,100.79,87.00,975.00,null,null,null
2023-08-26T18:36:44Z,22.57,60.89,99,0,33.85,100.80,88.00,983.00,null,null,null
2023-08-26T18:37:44Z,22.57,60.95,99,0,40.99,100.80,90.00,997.00,1,2,2
2023-08-26T18:38:44Z,22.57,61.06,99,0,30.78,100.80,90.00,997.00,null,null,null
2023-08-26T18:39:44Z,22.57,60.99,99,0,35.25,100.79,90.00,997.00,null,null,null
2023-08-26T18:40:44Z,22.59,61.01,99,0,31.22,100.79,90.00,997.00,null,null,null
2023-08-26T18:41:44Z,22.59,61.07,99,0,32.42,100.79,90.00,997.00,null,null,null
2023-08-26T18:42:44Z,22.59,61.05,99,0,29.44,100.79,88.00,983.00,1,1,1
2023-08-26T18:43:44Z,22.59,61.12,99,0,26.84,100.79,90.00,997.00,null,null,null
2023-08-26T18:44:44Z,22.59,61.08,99,0,26.73,100.79,88.00,983.00,null,null,null
2023-08-26T18:45:44Z,22.60,61.04,99,0,24.54,100.79,88.00,983.00,null,null,null
2023-08-26T18:46:44Z,22.57,61.08,99,0,39.52,100.79,88.00,983.00,null,null,null
2023-08-26T18:47:44Z,22.57,61.15,99,0,29.91,100.79,92.00,1009.00,3,3,3
2023-08-26T18:48:44Z,22.57,61.19,99,0,39.95,100.79,90.00,997.00,null,null,null
2023-08-26T18:49:44Z,22.59,61.14,99,0,26.53,100.79,92.00,1009.00,null,null,null
2023-08-26T18:50:44Z,22.59,61.14,99,0,38.67,100.79,92.00,1009.00,null,null,null
2023-08-26T18:51:44Z,22.57,61.21,99,0,43.89,100.79,93.00,1017.00,null,null,null
2023-08-26T18:52:44Z,22.57,61.17,99,0,48.46,100.79,93.00,1017.00,3,3,3
2023-08-26T18:53:44Z,22.60,61.27,99,0,43.09,100.79,93.00,1017.00,null,null,null
2023-08-26T18:54:44Z,22.56,61.30,100,0,40.65,100.79,93.00,1017.00,null,null,null
2023-08-26T18:55:44Z,22.59,61.28,99,0,41.58,100.79,97.00,1038.00,null,null,null
2023-08-26T18:56:44Z,22.56,61.29,99,0,50.83,100.79,97.00,1038.00,null,null,null
2023-08-26T18:57:44Z,22.56,61.31,99,0,36.37,100.79,99.00,1050.00,0,0,0
2023-08-26T18:58:44Z,22.56,61.36,99,0,30.02,100.79,99.00,1050.00,null,null,null
2023-08-26T18:59:44Z,22.57,61.38,99,0,44.40,100.79,99.00,1050.00,null,null,null
2023-08-26T19:00:44Z,22.57,61.36,99,0,38.31,100.80,100.00,1060.00,null,null,null
2023-08-26T19:01:44Z,22.57,61.34,99,0,30.87,100.80,99.00,1050.00,null,null,null
2023-08-26T19:02:44Z,22.57,61.40,99,0,48.39,100.80,100.00,1060.00,3,6,6
2023-08-26T19:03:44Z,22.59,61.44,99,0,43.82,100.80,100.00,1060.00,null,null,null
2023-08-26T19:04:44Z,22.57,61.41,99,0,27.34,100.80,100.00,1060.00,null,null,null
2023-08-26T19:05:44Z,22.56,61.42,99,0,40.79,100.80,102.00,1071.00,null,null,null
2023-08-26T19:06:44Z,22.57,61.39,99,0,38.39,100.79,102.00,1071.00,null,null,null
2023-08-26T19:07:44Z,22.56,61.42,100,0,47.96,100.80,102.00,1071.00,4,4,4
2023-08-26T19:08:44Z,22.57,61.48,99,0,51.92,100.79,102.00,1071.00,null,null,null
2023-08-26T19:09:44Z,22.56,61.39,99,0,40.04,100.80,104.00,1086.00,null,null,null
2023-08-26T19:10:44Z,22.57,61.47,99,0,33.65,100.79,102.00,1071.00,null,null,null
2023-08-26T19:11:44Z,22.56,61.46,99,0,30.57,100.80,102.00,1071.00,null,null,null
2023-08-26T19:12:44Z,22.53,61.47,99,0,39.99,100.79,102.00,1071.00,2,2,2
2023-08-26T19:13:44Z,22.55,61.52,99,0,28.70,100.79,104.00,1086.00,null,null,null
2023-08-26T19:14:44Z,22.57,61.41,99,0,25.44,100.79,105.00,1095.00,null,null,null
2023-08-26T19:15:44Z,22.55,61.45,99,0,24.39,100.79,107.00,1107.00,null,null,null
2023-08-26T19:16:44Z,22.55,61.51,99,0,39.99,100.79,107.00,1107.00,null,null,null
2023-08-26T19:17:44Z,22.56,61.51,99,0,41.97,100.79,109.00,1122.00,0,0,0
2023-08-26T19:18:44Z,22.56,61.52,99,0,44.42,100.79,107.00,1107.00,null,null,null
2023-08-26T19:19:44Z,22.55,61.47,99,0,47.20,100.80,111.00,1134.00,null,null,null
2023-08-26T19:20:44Z,22.55,61.53,99,0,25.13,100.80,111.00,1134.00,null,null,null
2023-08-26T19:21:44Z,22.56,61.52,99,0,24.79,100.80,111.00,1134.00,null,null,null
2023-08-26T19:22:44Z,22.55,61.54,99,0,25.00,100.80,111.00,1134.00,1,1,1
2023-08-26T19:23:44Z,22.56,61.57,99,0,47.12,100.80,111.00,1134.00,null,null,null
2023-08-26T19:24:44Z,22.56,61.54,99,0,25.09,100.80,111.00,1134.00,null,null,null
2023-08-26T19:25:44Z,22.55,61.57,99,0,50.21,100.80,111.00,1134.00,null,null,null
2023-08-26T19:26:44Z,22.56,61.55,100,0,53.54,100.81,113.00,1147.00,null,null,null
2023-08-26T19:27:44Z,22.56,61.58,100,0,42.81,100.80,111.00,1134.00,5,5,5
2023-08-26T19:28:44Z,22.57,61.66,99,0,51.09,100.80,113.00,1147.00,null,null,null
2023-08-26T19:29:44Z,22.55,61.58,99,0,54.83,100.80,113.00,1147.00,null,null,null
2023-08-26T19:30:44Z,22.55,61.57,99,0,51.16,100.81,113.00,1147.00,null,null,null
2023-08-26T19:31:44Z,22.55,61.55,99,0,46.01,100.81,113.00,1147.00,null,null,null
2023-08-26T19:32:44Z,22.52,61.59,99,0,46.81,100.81,115.00,1159.00,4,4,4
2023-08-26T19:33:44Z,22.53,61.63,99,0,51.09,100.81,115.00,1159.00,null,null,null
2023-08-26T19:34:44Z,22.56,61.66,99,0,23.10,100.81,115.00,1159.00,null,null,null
2023-08-26T19:35:44Z,22.53,61.62,99,0,25.53,100.81,115.00,1159.00,null,null,null
2023-08-26T19:36:44Z,22.53,61.57,99,0,24.96,100.81,113.00,1147.00,null,null,null
2023-08-26T19:37:44Z,22.53,61.58,99,0,26.29,100.81,115.00,1159.00,2,2,2
2023-08-26T19:38:44Z,22.51,61.73,99,0,22.99,100.81,115.00,1159.00,null,null,null
2023-08-26T19:39:44Z,22.55,61.65,99,0,23.54,100.81,117.00,1174.00,null,null,null
2023-08-26T19:40:44Z,22.52,61.60,99,0,24.68,100.81,118.00,1181.00,null,null,null
2023-08-26T19:41:44Z,22.53,61.67,99,0,26.95,100.82,118.00,1181.00,null,null,null
2023-08-26T19:42:44Z,22.52,61.67,99,0,28.57,100.82,122.00,1201.00,4,4,4
2023-08-26T19:43:44Z,22.55,61.73,99,0,26.50,100.82,118.00,1181.00,null,null,null
2023-08-26T19:44:44Z,22.53,61.70,99,0,27.73,100.82,124.00,1215.00,null,null,null
2023-08-26T19:45:44Z,22.53,61.63,99,0,22.55,100.82,124.00,1215.00,null,null,null
2023-08-26T19:46:44Z,22.52,61.63,99,0,33.96,100.82,124.00,1215.00,null,null,null
2023-08-26T19:47:44Z,22.53,61.69,99,0,25.62,100.82,124.00,1215.00,4,4,4
2023-08-26T19:48:44Z,22.52,61.78,99,0,26.03,100.82,124.00,1215.00,null,null,null
2023-08-26T19:49:44Z,22.53,61.68,99,0,52.29,100.82,124.00,1220.00,null,null,null
2023-08-26T19:50:44Z,22.55,61.64,99,0,56.83,100.82,126.00,1231.00,null,null,null
2023-08-26T19:51:44Z,22.53,61.71,99,0,23.94,100.82,126.00,1231.00,null,null,null
2023-08-26T19:52:44Z,22.52,61.75,99,0,29.73,100.82,126.00,1231.00,7,7,7
2023-08-26T19:53:44Z,22.52,61.86,99,0,33.07,100.82,127.00,1238.00,null,null,null
2023-08-26T19:54:44Z,22.55,61.79,99,0,26.50,100.82,127.00,1238.00,null,null,null
2023-08-26T19:55:44Z,22.53,61.85,99,0,22.78,100.82,127.00,1238.00,null,null,null
2023-08-26T19:56:44Z,22.53,61.81,99,0,26.34,100.82,129.00,1252.00,null,null,null
2023-08-26T19:57:44Z,22.49,61.89,99,0,23.77,100.82,131.00,1266.00,5,7,7
2023-08-26T19:58:44Z,22.53,61.90,99,0,42.45,100.82,131.00,1266.00,null,null,null
2023-08-26T19:59:44Z,22.53,61.89,99,0,23.59,100.82,133.00,1277.00,null,null,null
2023-08-26T20:00:44Z,22.53,61.91,99,0,24.46,100.82,136.00,1295.00,null,null,null
2023-08-26T20:01:44Z,22.53,61.91,99,0,40.78,100.82,136.00,1295.00,null,null,null
2023-08-26T20:02:44Z,22.53,61.94,99,0,50.18,100.82,136.00,1295.00,4,4,4
2023-08-26T20:03:44Z,22.51,62.01,99,0,48.50,100.81,136.00,1295.00,null,null,null
2023-08-26T20:04:44Z,22.53,61.96,99,0,40.44,100.82,140.00,1324.00,null,null,null
2023-08-26T20:05:44Z,22.55,61.96,99,0,41.21,100.82,140.00,1324.00,null,null,null
2023-08-26T20:06:44Z,22.53,61.96,99,0,46.41,100.82,140.00,1324.00,null,null,null
2023-08-26T20:07:44Z,22.53,62.00,99,0,45.90,100.82,143.00,1341.00,7,7,7
2023-08-26T20:08:44Z,22.55,61.96,99,0,43.15,100.82,140.00,1324.00,null,null,null
2023-08-26T20:09:44Z,22.52,62.00,100,0,39.87,100.82,143.00,1341.00,null,null,null
2023-08-26T20:10:44Z,22.55,61.92,99,0,36.48,100.82,145.00,1356.00,null,null,null
2023-08-26T20:11:44Z,22.52,62.00,99,0,42.14,100.81,148.00,1372.00,null,null,null
2023-08-26T20:12:44Z,22.49,61.98,99,0,47.53,100.82,148.00,1372.00,3,3,3
2023-08-26T20:13:44Z,22.52,62.03,99,0,26.46,100.82,150.00,1389.00,null,null,null
2023-08-26T20:14:44Z,22.52,62.00,99,0,50.64,100.82,148.00,1372.00,null,null,null
2023-08-26T20:15:44Z,22.52,61.95,99,0,48.53,100.82,150.00,1389.00,null,null,null
2023-08-26T20:16:44Z,22.52,62.02,99,0,48.22,100.82,150.00,1389.00,null,null,null
2023-08-26T20:17:44Z,22.49,62.00,99,0,37.97,100.82,150.00,1389.00,4,4,15
2023-08-26T20:18:44Z,22.49,62.02,99,0,45.84,100.82,150.00,1389.00,null,null,null
2023-08-26T20:19:44Z,22.52,61.97,99,0,47.91,100.82,152.00,1404.00,null,null,null
2023-08-26T20:20:44Z,22.51,62.02,99,0,45.33,100.82,152.00,1404.00,null,null,null
2023-08-26T20:21:44Z,22.53,62.04,99,0,29.78,100.82,152.00,1404.00,null,null,null
2023-08-26T20:22:44Z,22.52,61.98,99,0,40.61,100.82,152.00,1404.00,3,3,3
2023-08-26T20:23:44Z,22.51,62.02,99,0,28.27,100.82,152.00,1404.00,null,null,null
2023-08-26T20:24:44Z,22.51,61.92,99,0,23.10,100.82,152.00,1404.00,null,null,null
2023-08-26T20:25:44Z,22.52,62.03,99,0,24.79,100.82,152.00,1404.00,null,null,null
2023-08-26T20:26:44Z,22.52,62.02,99,0,25.32,100.82,152.00,1404.00,null,null,null
2023-08-26T20:27:44Z,22.49,61.94,99,0,24.89,100.82,152.00,1404.00,7,7,7
2023-08-26T20:28:44Z,22.52,62.10,99,0,24.35,100.82,152.00,1404.00,null,null,null
2023-08-26T20:29:44Z,22.51,62.07,99,0,22.72,100.82,152.00,1404.00,null,null,null
2023-08-26T20:30:44Z,22.51,62.07,99,0,23.68,100.82,156.00,1425.00,null,null,null
2023-08-26T20:31:44Z,22.53,62.05,99,0,24.23,100.82,152.00,1404.00,null,null,null
2023-08-26T20:32:44Z,22.51,62.09,99,0,25.32,100.83,152.00,1404.00,4,4,4
2023-08-26T20:33:44Z,22.51,62.04,99,0,30.76,100.82,150.00,1389.00,null,null,null
2023-08-26T20:34:44Z,22.52,62.02,99,0,21.85,100.82,156.00,1425.00,null,null,null
2023-08-26T20:35:44Z,22.51,62.09,99,0,26.84,100.82,156.00,1425.00,null,null,null
2023-08-26T20:36:44Z,22.49,62.04,99,0,26.55,100.82,152.00,1404.00,null,null,null
2023-08-26T20:37:44Z,22.49,62.00,100,0,27.28,100.82,152.00,1404.00,7,7,7
2023-08-26T20:38:44Z,22.51,62.05,99,0,37.85,100.82,152.00,1404.00,null,null,null
2023-08-26T20:39:44Z,22.49,62.06,99,0,32.92,100.82,152.00,1404.00,null,null,null
2023-08-26T20:40:44Z,22.51,62.06,99,0,22.83,100.82,152.00,1404.00,null,null,null
2023-08-26T20:41:44Z,22.51,62.04,99,0,23.49,100.82,152.00,1404.00,null,null,null
2023-08-26T20:42:44Z,22.49,62.09,99,0,29.83,100.82,152.00,1404.00,4,7,7
2023-08-26T20:43:44Z,22.48,62.11,99,0,24.31,100.82,152.00,1404.00,null,null,null
2023-08-26T20:44:44Z,22.49,62.10,99,0,23.49,100.82,152.00,1404.00,null,null,null
2023-08-26T20:45:44Z,22.51,62.15,99,0,24.11,100.82,152.00,1404.00,null,null,null
2023-08-26T20:46:44Z,22.49,62.15,99,0,29.17,100.82,152.00,1404.00,null,null,null
2023-08-26T20:47:44Z,22.51,62.16,99,0,24.23,100.82,156.00,1425.00,3,8,8
2023-08-26T20:48:44Z,22.48,62.25,100,0,29.48,100.82,158.00,1441.00,null,null,null
2023-08-26T20:49:44Z,22.51,62.18,100,0,25.38,100.82,156.00,1429.00,null,null,null
2023-08-26T20:50:44Z,22.52,62.18,99,0,25.19,100.82,158.00,1441.00,null,null,null
2023-08-26T20:51:44Z,22.46,62.22,99,0,26.31,100.82,158.00,1441.00,null,null,null
2023-08-26T20:52:44Z,22.48,62.18,99,0,27.80,100.82,161.00,1462.00,3,6,6
2023-08-26T20:53:44Z,22.51,62.21,99,0,30.11,100.82,158.00,1441.00,null,null,null
2023-08-26T20:54:44Z,22.49,62.14,99,0,32.54,100.82,158.00,1441.00,null,null,null
2023-08-26T20:55:44Z,22.48,62.22,99,0,25.22,100.82,158.00,1441.00,null,null,null
2023-08-26T20:56:44Z,22.52,62.19,99,0,25.95,100.82,161.00,1462.00,null,null,null
2023-08-26T20:57:44Z,22.49,62.17,99,0,38.00,100.82,161.00,1462.00,7,8,8
2023-08-26T20:58:44Z,22.49,62.20,99,0,29.15,100.82,158.00,1441.00,null,null,null
2023-08-26T20:59:44Z,22.51,62.13,99,0,25.38,100.82,161.00,1462.00,null,null,null
2023-08-26T21:00:44Z,22.49,62.12,99,0,27.14,100.82,161.00,1462.00,null,null,null
2023-08-26T21:01:44Z,22.49,62.11,99,0,25.03,100.82,158.00,1441.00,null,null,null
2023-08-26T21:02:44Z,22.48,62.14,99,0,23.59,100.82,161.00,1462.00,6,8,8
2023-08-26T21:03:44Z,22.48,62.15,99,0,25.73,100.82,161.00,1462.00,null,null,null
2023-08-26T21:04:44Z,22.48,62.09,100,0,25.44,100.82,158.00,1441.00,null,null,null
2023-08-26T21:05:44Z,22.51,62.14,99,0,21.78,100.82,158.00,1441.00,null,null,null
2023-08-26T21:06:44Z,22.49,62.12,99,0,23.30,100.82,158.00,1441.00,null,null,null
2023-08-26T21:07:44Z,22.49,62.07,99,0,23.90,100.83,158.00,1441.00,3,3,3
2023-08-26T21:08:44Z,22.49,62.12,99,0,24.89,100.82,158.00,1441.00,null,null,null
2023-08-26T21:09:44Z,22.49,62.07,99,0,22.78,100.83,158.00,1441.00,null,null,null
2023-08-26T21:10:44Z,22.48,62.06,99,0,22.78,100.82,156.00,1425.00,null,null,null
2023-08-26T21:11:44Z,22.46,62.00,99,0,22.43,100.82,156.00,1425.00,null,null,null
2023-08-26T21:12:44Z,22.48,62.02,99,0,23.90,100.83,156.00,1425.00,6,8,8
2023-08-26T21:13:44Z,22.48,62.01,99,0,31.28,100.83,152.00,1404.00,null,null,null
2023-08-26T21:14:44Z,22.49,62.01,99,0,26.38,100.83,152.00,1404.00,null,null,null
2023-08-26T21:15:44Z,22.49,61.95,99,0,22.72,100.83,150.00,1389.00,null,null,null
2023-08-26T21:16:44Z,22.48,61.94,99,0,24.27,100.83,150.00,1389.00,null,null,null
2023-08-26T21:17:44Z,22.48,61.94,99,0,23.81,100.84,148.00,1372.00,4,4,4
2023-08-26T21:18:44Z,22.49,61.89,99,0,22.99,100.84,148.00,1372.00,null,null,null
2023-08-26T21:19:44Z,22.46,61.89,99,0,22.72,100.84,145.00,1356.00,null,null,null
2023-08-26T21:20:44Z,22.45,61.88,99,0,29.00,100.84,145.00,1356.00,null,null,null
2023-08-26T21:21:44Z,22.46,61.89,99,0,24.86,100.84,148.00,1372.00,null,null,null
2023-08-26T21:22:44Z,22.48,61.90,99,0,32.10,100.84,145.00,1356.00,5,5,5
2023-08-26T21:23:44Z,22.48,61.93,99,0,23.68,100.84,143.00,1341.00,null,null,null
2023-08-26T21:24:44Z,22.45,61.85,99,0,23.94,100.84,145.00,1356.00,null,null,null
2023-08-26T21:25:44Z,22.45,61.85,100,0,24.89,100.84,143.00,1341.00,null,null,null
2023-08-26T21:26:44Z,22.44,61.82,99,0,26.67,100.84,143.00,1341.00,null,null,null
2023-08-26T21:27:44Z,22.44,61.82,99,0,25.38,100.84,143.00,1341.00,7,10,10
2023-08-26T21:28:44Z,22.45,61.84,99,0,24.89,100.84,140.00,1324.00,null,null,null
2023-08-26T21:29:44Z,22.46,61.80,99,0,22.49,100.84,140.00,1324.00,null,null,null
2023-08-26T21:30:44Z,22.44,61.76,99,0,22.99,100.84,140.00,1324.00,null,null,null
2023-08-26T21:31:44Z,22.44,61.74,99,0,25.03,100.84,140.00,1324.00,null,null,null
2023-08-26T21:32:44Z,22.45,61.80,99,0,27.92,100.84,140.00,1321.00,10,13,13
2023-08-26T21:33:44Z,22.45,61.81,99,0,30.29,100.84,138.00,1310.00,null,null,null
2023-08-26T21:34:44Z,22.46,61.73,99,0,24.54,100.85,138.00,1310.00,null,null,null
2023-08-26T21:35:44Z,22.44,61.70,99,0,21.64,100.84,140.00,1321.00,null,null,null
2023-08-26T21:36:44Z,22.41,61.74,99,0,25.13,100.84,140.00,1321.00,null,null,null
2023-08-26T21:37:44Z,22.42,61.72,99,0,25.53,100.84,140.00,1321.00,10,15,15
2023-08-26T21:38:44Z,22.41,61.77,99,0,25.90,100.84,140.00,1321.00,null,null,null
2023-08-26T21:39:44Z,22.45,61.73,99,0,24.46,100.84,138.00,1310.00,null,null,null
2023-08-26T21:40:44Z,22.42,61.75,99,0,27.26,100.84,140.00,1321.00,null,null,null
2023-08-26T21:41:44Z,22.39,61.70,99,0,23.72,100.84,138.00,1310.00,null,null,null
2023-08-26T21:42:44Z,22.39,61.65,99,0,25.92,100.84,140.00,1321.00,14,24,24
2023-08-26T21:43:44Z,22.41,61.74,99,0,22.89,100.85,140.00,1321.00,null,null,null
2023-08-26T21:44:44Z,22.41,61.67,99,0,26.24,100.84,138.00,1307.00,null,null,null
2023-08-26T21:45:44Z,22.39,61.65,99,0,26.14,100.84,138.00,1307.00,null,null,null
2023-08-26T21:46:44Z,22.36,61.65,99,0,26.76,100.84,138.00,1307.00,null,null,null
2023-08-26T21:47:44Z,22.38,61.66,99,0,61.74,100.84,138.00,1307.00,8,13,13
2023-08-26T21:48:44Z,22.39,61.63,99,0,28.88,100.84,138.00,1307.00,null,null,null
2023-08-26T21:49:44Z,22.39,61.64,99,0,21.99,100.84,138.00,1307.00,null,null,null
2023-08-26T21:50:44Z,22.41,61.62,99,0,24.72,100.84,138.00,1307.00,null,null,null
2023-08-26T21:51:44Z,22.39,61.72,99,0,23.20,100.84,140.00,1321.00,null,null,null
2023-08-26T21:52:44Z,22.39,61.72,100,0,25.22,100.85,140.00,1321.00,10,17,17
2023-08-26T21:53:44Z,22.39,61.78,99,0,27.87,100.84,138.00,1307.00,null,null,null
2023-08-26T21:54:44Z,22.41,61.72,99,0,25.65,100.84,138.00,1310.00,null,null,null
2023-08-26T21:55:44Z,22.42,61.72,99,0,26.43,100.85,140.00,1321.00,null,null,null
2023-08-26T21:56:44Z,22.38,61.73,99,0,23.68,100.84,142.00,1338.00,null,null,null
2023-08-26T21:57:44Z,22.38,61.79,99,0,25.16,100.84,140.00,1321.00,16,24,35
2023-08-26T21:58:44Z,22.41,61.84,99,0,23.49,100.84,140.00,1324.00,null,null,null
2023-08-26T21:59:44Z,22.41,61.75,100,0,31.54,100.85,140.00,1324.00,null,null,null
2023-08-26T22:00:44Z,22.38,61.84,99,0,23.90,100.85,140.00,1324.00,null,null,null
2023-08-26T22:01:44Z,22.38,61.75,99,0,27.22,100.85,140.00,1324.00,null,null,null
2023-08-26T22:02:44Z,22.41,61.78,99,0,24.68,100.84,143.00,1341.00,11,18,29
2023-08-26T22:03:44Z,22.39,61.84,99,0,23.90,100.85,143.00,1341.00,null,null,null
2023-08-26T22:04:44Z,22.41,61.85,99,0,27.64,100.85,143.00,1341.00,null,null,null
2023-08-26T22:05:44Z,22.39,61.85,99,0,24.93,100.85,143.00,1341.00,null,null,null
2023-08-26T22:06:44Z,22.39,61.85,99,0,23.10,100.85,143.00,1341.00,null,null,null
2023-08-26T22:07:44Z,22.38,61.87,99,0,22.05,100.85,143.00,1341.00,16,25,25
2023-08-26T22:08:44Z,22.39,61.88,99,0,33.67,100.85,143.00,1341.00,null,null,null
2023-08-26T22:09:44Z,22.41,61.89,99,0,24.79,100.85,143.00,1341.00,null,null,null
2023-08-26T22:10:44Z,22.39,61.88,99,0,32.59,100.85,140.00,1324.00,null,null,null
2023-08-26T22:11:44Z,22.39,61.85,99,0,25.76,100.85,143.00,1341.00,null,null,null
2023-08-26T22:12:44Z,22.38,61.89,99,0,21.78,100.85,143.00,1341.00,9,21,21
2023-08-26T22:13:44Z,22.41,61.92,99,0,25.44,100.86,143.00,1341.00,null,null,null
2023-08-26T22:14:44Z,22.42,61.86,99,0,23.15,100.85,145.00,1356.00,null,null,null
2023-08-26T22:15:44Z,22.42,61.88,99,0,23.77,100.85,145.00,1356.00,null,null,null
2023-08-26T22:16:44Z,22.41,61.90,99,0,22.24,100.86,145.00,1356.00,null,null,null
2023-08-26T22:17:44Z,22.39,61.90,99,0,26.03,100.85,145.00,1356.00,3,3,3
2023-08-26T22:18:44Z,22.41,61.96,99,0,47.78,100.86,143.00,1341.00,null,null,null
2023-08-26T22:19:44Z,22.41,61.95,99,0,24.93,100.86,145.00,1356.00,null,null,null
2023-08-26T22:20:44Z,22.42,61.89,99,0,22.99,100.85,145.00,1356.00,null,null,null
2023-08-26T22:21:44Z,22.39,61.94,99,0,23.59,100.85,145.00,1356.00,null,null,null
2023-08-26T22:22:44Z,22.39,61.95,99,0,23.77,100.85,145.00,1356.00,9,17,32
2023-08-26T22:23:44Z,22.39,62.01,99,0,24.89,100.85,145.00,1356.00,null,null,null
2023-08-26T22:24:44Z,22.41,61.95,99,0,45.78,100.85,145.00,1356.00,null,null,null
2023-08-26T22:25:44Z,22.41,61.95,99,0,22.31,100.85,145.00,1356.00,null,null,null
2023-08-26T22:26:44Z,22.41,62.00,99,0,23.72,100.85,145.00,1356.00,null,null,null
2023-08-26T22:27:44Z,22.39,61.99,99,0,23.35,100.85,145.00,1356.00,14,20,20
2023-08-26T22:28:44Z,22.39,62.02,99,0,24.27,100.85,148.00,1372.00,null,null,null
2023-08-26T22:29:44Z,22.41,62.00,99,0,24.61,100.85,148.00,1372.00,null,null,null
2023-08-26T22:30:44Z,22.39,61.99,100,0,24.65,100.86,145.00,1356.00,null,null,null
2023-08-26T22:31:44Z,22.39,61.97,99,0,25.03,100.85,145.00,1356.00,null,null,null
2023-08-26T22:32:44Z,22.39,61.95,99,0,22.66,100.86,148.00,1372.00,15,21,21
2023-08-26T22:33:44Z,22.41,62.05,99,0,33.22,100.85,148.00,1372.00,null,null,null
2023-08-26T22:34:44Z,22.41,61.97,99,0,23.59,100.85,148.00,1372.00,null,null,null
2023-08-26T22:35:44Z,22.39,62.01,99,0,21.56,100.86,145.00,1356.00,null,null,null
2023-08-26T22:36:44Z,22.42,61.98,99,0,23.25,100.86,145.00,1356.00,null,null,null
2023-08-26T22:37:44Z,22.35,62.01,99,0,28.17,100.86,145.00,1356.00,9,11,11
2023-08-26T22:38:44Z,22.42,62.05,99,0,21.99,100.86,145.00,1356.00,null,null,null
2023-08-26T22:39:44Z,22.39,62.03,99,0,40.32,100.86,148.00,1372.00,null,null,null
2023-08-26T22:40:44Z,22.42,62.00,99,0,23.54,100.86,145.00,1356.00,null,null,null
2023-08-26T22:41:44Z,22.38,62.05,99,0,21.99,100.86,145.00,1356.00,null,null,null
2023-08-26T22:42:44Z,22.36,62.04,99,0,24.68,100.86,148.00,1372.00,7,16,16
2023-08-26T22:43:44Z,22.42,62.07,99,0,22.55,100.86,145.00,1356.00,null,null,null
2023-08-26T22:44:44Z,22.42,62.04,99,0,23.45,100.86,148.00,1372.00,null,null,null
2023-08-26T22:45:44Z,22.41,62.04,99,0,21.92,100.86,148.00,1372.00,null,null,null
2023-08-26T22:46:44Z,22.41,62.06,99,0,22.83,100.86,133.00,1277.00,null,null,null
2023-08-26T22:47:44Z,22.38,62.04,99,0,22.66,100.85,126.00,1231.00,9,12,27
2023-08-26T22:48:44Z,22.41,62.08,99,0,22.99,100.86,127.00,1238.00,null,null,null
2023-08-26T22:49:44Z,22.41,62.06,99,0,24.68,100.85,127.00,1238.00,null,null,null
2023-08-26T22:50:44Z,22.38,62.05,99,0,22.05,100.86,126.00,1231.00,null,null,null
2023-08-26T22:51:44Z,22.41,62.06,99,0,23.94,100.85,126.00,1231.00,null,null,null
2023-08-26T22:52:44Z,22.41,62.04,99,0,25.47,100.85,127.00,1238.00,7,7,7
2023-08-26T22:53:44Z,22.36,62.11,99,0,24.35,100.85,126.00,1231.00,null,null,null
2023-08-26T22:54:44Z,22.38,62.05,99,0,23.49,100.85,126.00,1231.00,null,null,null
2023-08-26T22:55:44Z,22.38,62.06,99,0,24.93,100.85,127.00,1238.00,null,null,null
2023-08-26T22:56:44Z,22.38,62.08,99,0,23.63,100.85,126.00,1231.00,null,null,null
2023-08-26T22:57:44Z,22.38,62.09,99,0,22.78,100.85,126.00,1231.00,11,12,23
2023-08-26T22:58:44Z,22.38,62.16,99,0,22.18,100.85,126.00,1231.00,null,null,null
2023-08-26T22:59:44Z,22.38,62.10,99,0,22.49,100.85,126.00,1231.00,null,null,null
2023-08-26T23:00:44Z,22.38,62.12,99,0,23.59,100.85,126.00,1231.00,null,null,null
2023-08-26T23:01:44Z,22.39,62.10,99,0,23.63,100.85,124.00,1220.00,null,null,null
2023-08-26T23:02:44Z,22.38,62.08,99,0,26.03,100.85,124.00,1220.00,4,6,6
2023-08-26T23:03:44Z,22.39,62.16,99,0,23.49,100.85,124.00,1220.00,null,null,null
2023-08-26T23:04:44Z,22.39,62.10,99,0,35.89,100.85,126.00,1231.00,null,null,null
2023-08-26T23:05:44Z,22.38,62.08,99,0,24.11,100.85,126.00,1231.00,null,null,null
2023-08-26T23:06:44Z,22.39,62.11,99,0,31.62,100.85,126.00,1231.00,null,null,null
2023-08-26T23:07:44Z,22.36,62.08,99,0,25.26,100.84,126.00,1231.00,5,8,24
2023-08-26T23:08:44Z,22.36,62.12,99,0,23.20,100.84,124.00,1220.00,null,null,null
2023-08-26T23:09:44Z,22.38,62.10,99,0,24.89,100.84,126.00,1231.00,null,null,null
2023-08-26T23:10:44Z,22.35,62.07,99,0,20.93,100.84,126.00,1231.00,null,null,null
2023-08-26T23:11:44Z,22.38,62.16,99,0,23.25,100.85,127.00,1238.00,null,null,null
2023-08-26T23:12:44Z,22.35,62.14,99,0,24.72,100.84,126.00,1231.00,9,9,9
2023-08-26T23:13:44Z,22.38,62.16,99,0,23.68,100.84,126.00,1231.00,null,null,null
2023-08-26T23:14:44Z,22.38,62.12,99,0,21.56,100.84,126.00,1231.00,null,null,null
2023-08-26T23:15:44Z,22.38,62.13,99,0,38.07,100.84,127.00,1238.00,null,null,null
2023-08-26T23:16:44Z,22.38,62.15,99,0,40.68,100.85,126.00,1231.00,null,null,null
2023-08-26T23:17:44Z,22.34,62.14,99,0,34.16,100.85,126.00,1231.00,9,20,20
2023-08-26T23:18:44Z,22.39,62.17,99,0,21.85,100.85,126.00,1231.00,null,null,null
2023-08-26T23:19:44Z,22.36,62.18,99,0,22.31,100.85,126.00,1231.00,null,null,null
2023-08-26T23:20:44Z,22.36,62.17,99,0,25.92,100.85,126.00,1231.00,null,null,null
2023-08-26T23:21:44Z,22.39,62.12,99,0,23.63,100.85,126.00,1231.00,null,null,null
2023-08-26T23:22:44Z,22.36,62.17,99,0,24.54,100.85,126.00,1231.00,11,18,18
2023-08-26T23:23:44Z,22.35,62.20,99,0,26.24,100.85,126.00,1231.00,null,null,null
2023-08-26T23:24:44Z,22.38,62.20,99,0,25.09,100.85,126.00,1231.00,null,null,null
2023-08-26T23:25:44Z,22.35,62.21,99,0,24.39,100.84,126.00,1231.00,null,null,null
2023-08-26T23:26:44Z,22.36,62.19,99,0,23.30,100.85,126.00,1231.00,null,null,null
2023-08-26T23:27:44Z,22.36,62.15,99,0,23.05,100.85,124.00,1220.00,8,11,11
2023-08-26T23:28:44Z,22.36,62.25,99,0,40.47,100.85,124.00,1220.00,null,null,null
2023-08-26T23:29:44Z,22.38,62.18,99,0,22.49,100.84,126.00,1231.00,null,null,null
2023-08-26T23:30:44Z,22.35,62.19,99,0,23.25,100.85,126.00,1231.00,null,null,null
2023-08-26T23:31:44Z,22.35,62.17,99,0,22.05,100.85,126.00,1231.00,null,null,null
2023-08-26T23:32:44Z,22.34,62.21,99,0,21.99,100.84,126.00,1231.00,2,2,2
2023-08-26T23:33:44Z,22.35,62.23,99,0,22.24,100.85,124.00,1220.00,null,null,null
2023-08-26T23:34:44Z,22.35,62.18,99,0,22.05,100.85,126.00,1231.00,null,null,null
2023-08-26T23:35:44Z,22.34,62.20,99,0,24.07,100.85,126.00,1231.00,null,null,null
2023-08-26T23:36:44Z,22.34,62.20,100,0,51.49,100.85,126.00,1231.00,null,null,null
2023-08-26T23:37:44Z,22.38,62.22,99,0,23.94,100.85,126.00,1231.00,5,5,5
2023-08-26T23:38:44Z,22.34,62.30,99,0,47.34,100.85,127.00,1238.00,null,null,null
2023-08-26T23:39:44Z,22.35,62.21,99,0,22.55,100.85,126.00,1228.00,null,null,null
2023-08-26T23:40:44Z,22.34,62.21,99,0,22.66,100.85,126.00,1231.00,null,null,null
2023-08-26T23:41:44Z,22.34,62.21,99,0,27.32,100.85,127.00,1238.00,null,null,null
2023-08-26T23:42:44Z,22.34,62.23,99,0,23.86,100.85,126.00,1231.00,7,10,10
2023-08-26T23:43:44Z,22.35,62.29,100,0,38.86,100.85,126.00,1231.00,null,null,null
2023-08-26T23:44:44Z,22.34,62.20,99,0,22.72,100.85,124.00,1220.00,null,null,null
2023-08-26T23:45:44Z,22.34,62.24,99,0,22.37,100.85,126.00,1231.00,null,null,null
2023-08-26T23:46:44Z,22.31,62.24,99,0,20.93,100.85,126.00,1231.00,null,null,null
2023-08-26T23:47:44Z,22.32,62.26,99,0,22.94,100.85,126.00,1231.00,2,2,18
2023-08-26T23:48:44Z,22.34,62.29,99,0,23.81,100.85,126.00,1228.00,null,null,null
2023-08-26T23:49:44Z,22.35,62.25,99,0,27.59,100.85,124.00,1220.00,null,null,null
2023-08-26T23:50:44Z,22.35,62.23,99,0,21.02,100.84,126.00,1228.00,null,null,null
2023-08-26T23:51:44Z,22.31,62.26,99,0,24.11,100.84,127.00,1238.00,null,null,null
2023-08-26T23:52:44Z,22.32,62.25,99,0,23.35,100.84,124.00,1220.00,3,3,3
2023-08-26T23:53:44Z,22.34,62.28,99,0,26.60,100.84,124.00,1220.00,null,null,null
2023-08-26T23:54:44Z,22.31,62.29,99,0,49.54,100.84,124.00,1220.00,null,null,null
2023-08-26T23:55:44Z,22.34,62.26,99,0,22.31,100.83,126.00,1228.00,null,null,null
2023-08-26T23:56:44Z,22.32,62.27,99,0,24.96,100.83,126.00,1228.00,null,null,null
2023-08-26T23:57:44Z,22.35,62.31,99,0,25.38,100.83,126.00,1228.00,4,4,4
2023-08-26T23:58:44Z,22.32,62.32,99,0,25.19,100.83,124.00,1220.00,null,null,null
2023-08-26T23:59:44Z,22.32,62.23,99,0,24.03,100.83,126.00,1228.00,null,null,null
