TIME,TEMP,HUM,BATT,LIGHT,NOISE_A,PRESS,CCS811_VOCS,CCS811_ECO2,PM_1,PM_25,PM_10
ISO 8601,C,%,%,Lux,dBA,kPa,ppb,ppm,ug/m3,ug/m3,ug/m3
Time,Temperature,Humidity,Battery,Light,Noise dBA,Barometric pressure,VOC Gas CCS811,eCO2 Gas CCS811,PM 1.0,PM 2.5,PM 10.0
,55,56,10,14,53,58,113,112,89,87,88
2023-09-03T00:00:03Z,23.02,64.95,99,0,26.99,102.70,4.00,427.00,3,3,3
2023-09-03T00:01:03Z,23.06,65.01,99,0,25.19,102.69,3.00,425.00,null,null,null
2023-09-03T00:02:03Z,23.08,64.98,99,0,26.82,102.69,3.00,425.00,null,null,null
2023-09-03T00:03:03Z,23.06,64.92,99,0,24.58,102.69,4.00,427.00,null,null,null
2023-09-03T00:04:03Z,23.06,64.92,99,0,28.28,102.69,4.00,427.00,null,null,null
2023-09-03T00:05:03Z,23.05,64.92,99,0,29.62,102.68,4.00,427.00,1,1,1
2023-09-03T00:06:03Z,23.05,65.02,99,0,25.76,102.68,3.00,425.00,null,null,null
2023-09-03T00:07:03Z,23.06,64.94,100,0,26.11,102.68,3.00,425.00,null,null,null
2023-09-03T00:08:03Z,23.11,64.91,99,0,26.67,102.68,4.00,427.00,null,null,null
2023-09-03T00:09:03Z,23.06,64.93,99,0,27.53,102.68,4.00,427.00,null,null,null
2023-09-03T00:10:03Z,23.06,64.91,99,0,26.21,102.69,4.00,427.00,2,2,2
2023-09-03T00:11:03Z,23.06,65.02,99,0,25.06,102.68,4.00,427.00,null,null,null
2023-09-03T00:12:03Z,23.11,64.89,99,0,28.99,102.68,4.00,427.00,null,null,null
2023-09-03T00:13:03Z,23.06,64.93,99,0,27.34,102.68,4.00,427.00,null,null,null
2023-09-03T00:14:03Z,23.05,64.90,99,0,25.62,102.68,4.00,427.00,null,null,null
2023-09-03T00:15:03Z,23.06,64.92,99,0,27.36,102.68,4.00,427.00,1,1,1
2023-09-03T00:16:03Z,23.06,65.04,99,0,25.98,102.68,4.00,427.00,null,null,null
2023-09-03T00:17:03Z,23.08,64.97,99,0,25.44,102.68,4.00,427.00,null,null,null
2023-09-03T00:18:03Z,23.06,64.90,99,0,26.00,102.68,3.00,425.00,null,null,null
2023-09-03T00:19:03Z,23.05,64.91,100,0,26.43,102.68,3.00,425.00,null,null,null
2023-09-03T00:20:03Z,23.06,64.91,99,0,25.06,102.67,3.00,425.00,3,4,4
2023-09-03T00:21:03Z,23.05,65.00,99,0,26.73,102.67,3.00,425.00,null,null,null
2023-09-03T00:22:03Z,23.08,64.93,99,0,26.50,102.68,3.00,425.00,null,null,null
2023-09-03T00:23:03Z,23.06,64.93,99,0,27.47,102.68,3.00,425.00,null,null,null
2023-09-03T00:24:03Z,23.06,64.91,99,0,23.45,102.68,3.00,425.00,null,null,null
2023-09-03T00:25:03Z,23.05,64.90,99,0,26.76,102.68,3.00,425.00,4,4,4
2023-09-03T00:26:03Z,23.09,64.99,100,0,27.90,102.68,2.00,418.00,null,null,null
2023-09-03T00:27:03Z,23.04,64.94,99,0,31.37,102.68,2.00,418.00,null,null,null
2023-09-03T00:28:03Z,23.06,64.94,99,0,24.03,102.68,4.00,427.00,null,null,null
2023-09-03T00:29:03Z,23.05,64.90,99,0,24.89,102.68,3.00,425.00,null,null,null
2023-09-03T00:30:03Z,23.05,64.88,99,0,23.05,102.68,3.00,425.00,5,5,5
2023-09-03T00:31:03Z,23.06,64.96,99,0,25.32,102.67,2.00,418.00,null,null,null
2023-09-03T00:32:03Z,23.08,64.93,99,0,27.30,102.68,4.00,427.00,null,null,null
2023-09-03T00:33:03Z,23.06,64.92,99,0,25.67,102.67,4.00,427.00,null,null,null
2023-09-03T00:34:03Z,23.05,64.89,99,0,27.28,102.67,4.00,427.00,null,null,null
2023-09-03T00:35:03Z,23.06,64.88,99,0,28.68,102.67,4.00,427.00,7,7,7
2023-09-03T00:36:03Z,23.08,64.99,99,0,25.76,102.67,4.00,427.00,null,null,null
2023-09-03T00:37:03Z,23.06,64.89,99,0,27.71,102.67,4.00,427.00,null,null,null
2023-09-03T00:38:03Z,23.08,64.87,99,0,25.32,102.67,4.00,427.00,null,null,null
2023-09-03T00:39:03Z,23.05,64.86,99,0,26.36,102.67,4.00,427.00,null,null,null
2023-09-03T00:40:03Z,23.06,64.85,99,0,28.37,102.67,4.00,427.00,4,4,4
2023-09-03T00:41:03Z,23.06,65.00,99,0,23.94,102.67,3.00,425.00,null,null,null
2023-09-03T00:42:03Z,23.06,64.93,99,0,25.65,102.67,3.00,425.00,null,null,null
2023-09-03T00:43:03Z,23.09,64.88,99,0,27.62,102.67,3.00,425.00,null,null,null
2023-09-03T00:44:03Z,23.09,64.91,99,0,25.59,102.67,3.00,425.00,null,null,null
2023-09-03T00:45:03Z,23.06,64.89,99,0,25.82,102.67,3.00,425.00,5,5,5
2023-09-03T00:46:03Z,23.06,65.02,99,0,26.00,102.67,3.00,425.00,null,null,null
2023-09-03T00:47:03Z,23.08,64.90,100,0,28.98,102.68,3.00,425.00,null,null,null
2023-09-03T00:48:03Z,23.06,64.89,99,0,23.68,102.67,3.00,425.00,null,null,null
2023-09-03T00:49:03Z,23.08,64.84,99,0,28.06,102.67,3.00,425.00,null,null,null
2023-09-03T00:50:03Z,23.02,64.90,99,0,26.29,102.67,3.00,425.00,8,9,9
2023-09-03T00:51:03Z,23.06,64.98,99,0,30.07,102.67,3.00,425.00,null,null,null
2023-09-03T00:52:03Z,23.08,64.92,100,0,26.19,102.67,3.00,425.00,null,null,null
2023-09-03T00:53:03Z,23.06,64.87,99,0,25.06,102.67,3.00,425.00,null,null,null
2023-09-03T00:54:03Z,23.06,64.92,99,0,null,102.66,2.00,418.00,null,null,null
2023-09-03T00:55:03Z,23.04,64.92,99,0,31.80,102.67,2.00,418.00,9,9,9
2023-09-03T00:56:03Z,23.05,65.00,99,0,25.50,102.67,2.00,418.00,null,null,null
2023-09-03T00:57:03Z,23.05,64.90,99,0,29.33,102.67,4.00,427.00,null,null,null
2023-09-03T00:58:03Z,23.08,64.92,99,0,26.67,102.67,3.00,425.00,null,null,null
2023-09-03T00:59:03Z,23.06,64.87,99,0,25.82,102.68,3.00,425.00,null,null,null
2023-09-03T01:00:03Z,23.05,64.85,99,0,26.69,102.68,3.00,425.00,6,12,18
2023-09-03T01:01:03Z,23.06,64.99,99,0,25.82,102.68,2.00,418.00,null,null,null
2023-09-03T01:02:03Z,23.08,64.90,99,0,24.96,102.68,3.00,425.00,null,null,null
2023-09-03T01:03:03Z,23.06,64.92,99,0,26.55,102.68,3.00,425.00,null,null,null
2023-09-03T01:04:03Z,23.06,64.92,99,0,24.65,102.68,3.00,425.00,null,null,null
2023-09-03T01:05:03Z,23.06,64.90,99,0,22.99,102.68,3.00,425.00,1,1,4
2023-09-03T01:06:03Z,23.08,64.97,99,0,28.71,102.68,3.00,425.00,null,null,null
2023-09-03T01:07:03Z,23.08,64.90,99,0,26.80,102.68,3.00,425.00,null,null,null
2023-09-03T01:08:03Z,23.08,64.89,100,0,26.64,102.68,3.00,425.00,null,null,null
2023-09-03T01:09:03Z,23.09,64.89,99,0,27.04,102.68,3.00,425.00,null,null,null
2023-09-03T01:10:03Z,23.04,64.88,99,0,24.07,102.68,3.00,425.00,6,7,7
2023-09-03T01:11:03Z,23.08,64.96,99,0,25.22,102.68,3.00,425.00,null,null,null
2023-09-03T01:12:03Z,23.06,64.89,99,0,28.45,102.68,3.00,425.00,null,null,null
2023-09-03T01:13:03Z,23.05,64.91,99,0,25.62,102.68,3.00,425.00,null,null,null
2023-09-03T01:14:03Z,23.06,64.89,99,0,28.28,102.68,3.00,425.00,null,null,null
2023-09-03T01:15:03Z,23.08,64.85,99,0,26.78,102.68,3.00,425.00,1,1,1
2023-09-03T01:16:03Z,23.08,64.94,99,0,25.13,102.68,3.00,425.00,null,null,null
2023-09-03T01:17:03Z,23.06,64.92,99,0,25.35,102.68,3.00,425.00,null,null,null
2023-09-03T01:18:03Z,23.06,64.88,99,0,29.38,102.68,3.00,425.00,null,null,null
2023-09-03T01:19:03Z,23.06,64.85,99,0,24.68,102.68,3.00,425.00,null,null,null
2023-09-03T01:20:03Z,23.08,64.86,99,0,27.60,102.68,3.00,425.00,4,4,4
2023-09-03T01:21:03Z,23.08,64.93,99,0,25.95,102.68,3.00,425.00,null,null,null
2023-09-03T01:22:03Z,23.06,64.88,99,0,28.25,102.68,2.00,418.00,null,null,null
2023-09-03T01:23:03Z,23.08,64.88,99,0,26.76,102.68,2.00,418.00,null,null,null
2023-09-03T01:24:03Z,23.06,64.82,99,0,30.45,102.68,2.00,418.00,null,null,null
2023-09-03T01:25:03Z,23.06,64.84,99,0,25.65,102.67,3.00,425.00,5,5,8
2023-09-03T01:26:03Z,23.04,64.96,99,0,23.98,102.68,2.00,418.00,null,null,null
2023-09-03T01:27:03Z,23.05,64.87,99,0,26.36,102.68,3.00,425.00,null,null,null
2023-09-03T01:28:03Z,23.08,64.88,99,0,27.69,102.68,3.00,425.00,null,null,null
2023-09-03T01:29:03Z,23.06,64.87,99,0,25.82,102.68,3.00,425.00,null,null,null
2023-09-03T01:30:03Z,23.05,64.84,99,0,27.80,102.69,3.00,425.00,1,1,1
2023-09-03T01:31:03Z,23.09,64.94,99,0,24.72,102.69,2.00,418.00,null,null,null
2023-09-03T01:32:03Z,23.08,64.87,99,0,28.01,102.69,4.00,427.00,null,null,null
2023-09-03T01:33:03Z,23.06,64.85,99,0,27.47,102.69,3.00,425.00,null,null,null
2023-09-03T01:34:03Z,23.05,64.84,99,0,28.12,102.69,3.00,425.00,null,null,null
2023-09-03T01:35:03Z,23.08,64.87,99,0,27.57,102.69,3.00,425.00,8,9,9
2023-09-03T01:36:03Z,23.09,64.92,99,0,26.19,102.69,3.00,425.00,null,null,null
2023-09-03T01:37:03Z,23.12,64.86,99,0,24.61,102.69,2.00,418.00,null,null,null
2023-09-03T01:38:03Z,23.08,64.85,99,0,25.98,102.69,3.00,425.00,null,null,null
2023-09-03T01:39:03Z,23.08,64.88,99,0,25.22,102.69,3.00,425.00,null,null,null
2023-09-03T01:40:03Z,23.06,64.84,99,0,24.43,102.70,3.00,425.00,3,3,3
2023-09-03T01:41:03Z,23.05,64.91,99,0,26.48,102.69,3.00,425.00,null,null,null
2023-09-03T01:42:03Z,23.08,64.85,100,0,28.67,102.70,3.00,425.00,null,null,null
2023-09-03T01:43:03Z,23.08,64.85,99,0,27.84,102.69,3.00,425.00,null,null,null
2023-09-03T01:44:03Z,23.06,64.85,99,0,27.44,102.70,3.00,425.00,null,null,null
2023-09-03T01:45:03Z,23.06,64.84,99,0,25.09,102.69,2.00,418.00,3,3,3
2023-09-03T01:46:03Z,23.08,64.93,99,0,25.22,102.69,3.00,425.00,null,null,null
2023-09-03T01:47:03Z,23.09,64.82,99,0,30.60,102.70,3.00,425.00,null,null,null
2023-09-03T01:48:03Z,23.09,64.82,100,0,24.89,102.69,3.00,425.00,null,null,null
2023-09-03T01:49:03Z,23.08,64.82,99,0,29.56,102.70,3.00,425.00,null,null,null
2023-09-03T01:50:03Z,23.06,64.79,99,0,25.82,102.70,2.00,418.00,5,5,5
2023-09-03T01:51:03Z,23.08,64.93,99,0,25.06,102.69,2.00,418.00,null,null,null
2023-09-03T01:52:03Z,23.06,64.87,99,0,25.59,102.69,2.00,418.00,null,null,null
2023-09-03T01:53:03Z,23.06,64.82,99,0,25.98,102.69,3.00,425.00,null,null,null
2023-09-03T01:54:03Z,23.05,64.84,99,0,25.32,102.69,3.00,425.00,null,null,null
2023-09-03T01:55:03Z,23.06,64.83,99,0,25.35,102.69,2.00,418.00,6,7,7
2023-09-03T01:56:03Z,23.08,64.90,99,0,25.41,102.69,2.00,418.00,null,null,null
2023-09-03T01:57:03Z,23.06,64.84,99,0,26.50,102.69,3.00,425.00,null,null,null
2023-09-03T01:58:03Z,23.12,64.79,99,0,26.64,102.70,3.00,425.00,null,null,null
2023-09-03T01:59:03Z,23.04,64.82,99,0,25.73,102.70,2.00,418.00,null,null,null
2023-09-03T02:00:03Z,23.05,64.82,99,0,28.09,102.70,3.00,425.00,3,4,4
2023-09-03T02:01:03Z,23.05,64.90,99,0,28.88,102.70,2.00,418.00,null,null,null
2023-09-03T02:02:03Z,23.06,64.89,99,0,26.46,102.70,3.00,425.00,null,null,null
2023-09-03T02:03:03Z,23.09,64.83,99,0,25.19,102.71,2.00,418.00,null,null,null
2023-09-03T02:04:03Z,23.06,64.81,99,0,26.62,102.71,3.00,425.00,null,null,null
2023-09-03T02:05:03Z,23.05,64.82,99,0,26.43,102.71,2.00,418.00,1,1,1
2023-09-03T02:06:03Z,23.09,64.90,100,0,28.77,102.71,3.00,425.00,null,null,null
2023-09-03T02:07:03Z,23.09,64.84,99,0,27.53,102.71,2.00,418.00,null,null,null
2023-09-03T02:08:03Z,23.06,64.80,99,0,25.26,102.71,3.00,425.00,null,null,null
2023-09-03T02:09:03Z,23.08,64.82,99,0,25.22,102.71,2.00,418.00,null,null,null
2023-09-03T02:10:03Z,23.05,64.78,99,0,27.08,102.71,3.00,425.00,6,6,6
2023-09-03T02:11:03Z,23.06,64.89,99,0,27.62,102.71,2.00,418.00,null,null,null
2023-09-03T02:12:03Z,23.06,64.83,99,0,28.15,102.72,3.00,425.00,null,null,null
2023-09-03T02:13:03Z,23.09,64.82,99,0,26.41,102.72,2.00,418.00,null,null,null
2023-09-03T02:14:03Z,23.11,64.84,99,0,24.50,102.72,3.00,425.00,null,null,null
2023-09-03T02:15:03Z,23.05,64.81,99,0,27.89,102.72,2.00,418.00,4,4,4
2023-09-03T02:16:03Z,23.06,64.90,99,0,28.74,102.72,3.00,425.00,null,null,null
2023-09-03T02:17:03Z,23.06,64.82,99,0,28.89,102.72,2.00,418.00,null,null,null
2023-09-03T02:18:03Z,23.05,64.78,99,0,28.51,102.72,2.00,418.00,null,null,null
2023-09-03T02:19:03Z,23.11,64.82,99,0,27.18,102.72,2.00,418.00,null,null,null
2023-09-03T02:20:03Z,23.06,64.82,99,0,35.36,102.73,2.00,418.00,0,0,0
2023-09-03T02:21:03Z,23.06,64.84,99,0,32.03,102.73,2.00,416.00,null,null,null
2023-09-03T02:22:03Z,23.09,64.83,99,0,25.70,102.72,2.00,418.00,null,null,null
2023-09-03T02:23:03Z,23.08,64.84,99,0,25.26,102.72,2.00,418.00,null,null,null
2023-09-03T02:24:03Z,23.08,64.78,99,0,27.68,102.73,3.00,425.00,null,null,null
2023-09-03T02:25:03Z,23.06,64.84,99,0,26.76,102.73,2.00,418.00,3,3,3
2023-09-03T02:26:03Z,23.05,64.90,99,0,27.30,102.72,2.00,416.00,null,null,null
2023-09-03T02:27:03Z,23.06,64.83,99,0,23.86,102.73,2.00,418.00,null,null,null
2023-09-03T02:28:03Z,23.06,64.79,99,0,29.58,102.73,3.00,425.00,null,null,null
2023-09-03T02:29:03Z,23.06,64.83,99,0,25.65,102.73,2.00,418.00,null,null,null
2023-09-03T02:30:03Z,23.06,64.77,99,0,26.93,102.73,2.00,418.00,5,5,5
2023-09-03T02:31:03Z,23.08,64.86,99,0,30.18,102.73,2.00,418.00,null,null,null
2023-09-03T02:32:03Z,23.11,64.80,99,0,29.37,102.73,3.00,425.00,null,null,null
2023-09-03T02:33:03Z,23.06,64.81,99,0,27.12,102.73,2.00,418.00,null,null,null
2023-09-03T02:34:03Z,23.06,64.80,99,0,28.68,102.73,2.00,418.00,null,null,null
2023-09-03T02:35:03Z,23.08,64.78,99,0,24.39,102.73,2.00,418.00,2,2,2
2023-09-03T02:36:03Z,23.08,64.89,99,0,28.77,102.74,2.00,418.00,null,null,null
2023-09-03T02:37:03Z,23.08,64.83,99,0,24.19,102.74,2.00,418.00,null,null,null
2023-09-03T02:38:03Z,23.06,64.81,99,0,25.82,102.75,2.00,418.00,null,null,null
2023-09-03T02:39:03Z,23.06,64.79,99,0,26.38,102.74,3.00,425.00,null,null,null
2023-09-03T02:40:03Z,23.06,64.79,99,0,31.21,102.74,2.00,418.00,4,4,4
2023-09-03T02:41:03Z,23.06,64.84,99,0,23.63,102.75,2.00,418.00,null,null,null
2023-09-03T02:42:03Z,23.08,64.79,99,0,24.83,102.75,2.00,418.00,null,null,null
2023-09-03T02:43:03Z,23.06,64.76,99,0,26.55,102.75,2.00,418.00,null,null,null
2023-09-03T02:44:03Z,23.06,64.80,99,0,30.82,102.75,2.00,418.00,null,null,null
2023-09-03T02:45:03Z,23.08,64.76,100,0,28.01,102.75,2.00,418.00,4,4,4
2023-09-03T02:46:03Z,23.08,64.85,99,0,25.41,102.75,2.00,418.00,null,null,null
2023-09-03T02:47:03Z,23.12,64.78,99,0,28.12,102.75,2.00,416.00,null,null,null
2023-09-03T02:48:03Z,23.05,64.79,99,0,31.79,102.75,2.00,416.00,null,null,null
2023-09-03T02:49:03Z,23.05,64.75,99,0,25.87,102.75,2.00,418.00,null,null,null
2023-09-03T02:50:03Z,23.06,64.72,99,0,25.62,102.75,2.00,418.00,5,5,5
2023-09-03T02:51:03Z,23.06,64.84,99,0,25.65,102.75,3.00,421.00,null,null,null
2023-09-03T02:52:03Z,23.08,64.77,99,0,26.95,102.75,2.00,418.00,null,null,null
2023-09-03T02:53:03Z,23.06,64.79,99,0,26.50,102.75,2.00,418.00,null,null,null
2023-09-03T02:54:03Z,23.09,64.77,99,0,26.08,102.75,2.00,418.00,null,null,null
2023-09-03T02:55:03Z,23.04,64.76,99,0,28.45,102.75,2.00,418.00,4,4,4
2023-09-03T02:56:03Z,23.06,64.83,99,0,26.38,102.75,2.00,416.00,null,null,null
2023-09-03T02:57:03Z,23.09,64.78,99,0,24.39,102.75,2.00,418.00,null,null,null
2023-09-03T02:58:03Z,23.08,64.76,99,0,24.31,102.76,2.00,418.00,null,null,null
2023-09-03T02:59:03Z,23.08,64.76,99,0,28.23,102.75,2.00,418.00,null,null,null
2023-09-03T03:00:03Z,23.05,64.70,99,0,26.11,102.75,2.00,418.00,3,3,3
2023-09-03T03:01:03Z,23.08,64.85,99,0,25.92,102.75,3.00,423.00,null,null,null
2023-09-03T03:02:03Z,23.05,64.79,99,0,24.15,102.75,2.00,418.00,null,null,null
2023-09-03T03:03:03Z,23.05,64.76,99,0,25.65,102.75,2.00,418.00,null,null,null
2023-09-03T03:04:03Z,23.06,64.71,99,0,26.08,102.74,2.00,418.00,null,null,null
2023-09-03T03:05:03Z,23.06,64.78,99,0,27.45,102.74,3.00,423.00,1,1,1
2023-09-03T03:06:03Z,23.08,64.84,99,0,29.20,102.74,2.00,418.00,null,null,null
2023-09-03T03:07:03Z,23.06,64.76,99,0,28.60,102.74,2.00,418.00,null,null,null
2023-09-03T03:08:03Z,23.06,64.77,99,0,28.25,102.74,2.00,418.00,null,null,null
2023-09-03T03:09:03Z,23.09,64.74,99,0,26.41,102.74,2.00,418.00,null,null,null
2023-09-03T03:10:03Z,23.05,64.73,99,0,25.98,102.73,3.00,423.00,4,4,4
2023-09-03T03:11:03Z,23.08,64.80,99,0,26.99,102.73,3.00,423.00,null,null,null
2023-09-03T03:12:03Z,23.08,64.79,99,0,25.98,102.73,2.00,416.00,null,null,null
2023-09-03T03:13:03Z,23.09,64.76,99,0,26.46,102.73,2.00,418.00,null,null,null
2023-09-03T03:14:03Z,23.04,64.71,99,0,25.82,102.73,2.00,418.00,null,null,null
2023-09-03T03:15:03Z,23.08,64.71,99,0,26.19,102.73,3.00,421.00,4,4,4
2023-09-03T03:16:03Z,23.06,64.79,99,0,32.06,102.72,3.00,421.00,null,null,null
2023-09-03T03:17:03Z,23.08,64.77,99,0,26.73,102.73,1.00,413.00,null,null,null
2023-09-03T03:18:03Z,23.08,64.71,99,0,27.42,102.72,2.00,418.00,null,null,null
2023-09-03T03:19:03Z,23.05,64.72,99,0,27.84,102.73,3.00,423.00,null,null,null
2023-09-03T03:20:03Z,23.04,64.72,99,0,27.96,102.73,3.00,421.00,3,3,3
2023-09-03T03:21:03Z,23.06,64.77,99,0,24.27,102.73,2.00,417.00,null,null,null
2023-09-03T03:22:03Z,23.06,64.73,99,0,26.38,102.73,2.00,416.00,null,null,null
2023-09-03T03:23:03Z,23.12,64.72,99,0,26.55,102.72,3.00,421.00,null,null,null
2023-09-03T03:24:03Z,23.06,64.73,99,0,27.68,102.72,3.00,423.00,null,null,null
2023-09-03T03:25:03Z,23.05,64.71,99,0,27.42,102.72,3.00,421.00,3,3,3
2023-09-03T03:26:03Z,23.06,64.79,99,0,26.21,102.72,3.00,421.00,null,null,null
2023-09-03T03:27:03Z,23.09,64.76,99,0,27.90,102.72,2.00,418.00,null,null,null
2023-09-03T03:28:03Z,23.09,64.72,99,0,28.34,102.72,2.00,416.00,null,null,null
2023-09-03T03:29:03Z,23.06,64.71,99,0,27.30,102.72,3.00,421.00,null,null,null
2023-09-03T03:30:03Z,23.02,64.73,99,0,25.95,102.72,3.00,421.00,3,3,3
2023-09-03T03:31:03Z,23.06,64.78,99,0,27.06,102.72,3.00,421.00,null,null,null
2023-09-03T03:32:03Z,23.08,64.76,99,0,26.64,102.72,2.00,416.00,null,null,null
2023-09-03T03:33:03Z,23.05,64.74,99,0,28.17,102.73,2.00,416.00,null,null,null
2023-09-03T03:34:03Z,23.06,64.67,99,0,28.55,102.73,3.00,423.00,null,null,null
2023-09-03T03:35:03Z,23.11,64.70,99,0,23.45,102.73,3.00,421.00,2,2,2
2023-09-03T03:36:03Z,23.05,64.78,99,0,25.65,102.74,3.00,421.00,null,null,null
2023-09-03T03:37:03Z,23.09,64.72,99,0,29.12,102.74,2.00,416.00,null,null,null
2023-09-03T03:38:03Z,23.06,64.73,99,0,23.15,102.74,3.00,421.00,null,null,null
2023-09-03T03:39:03Z,23.05,64.69,99,0,28.14,102.74,3.00,421.00,null,null,null
2023-09-03T03:40:03Z,23.05,64.67,99,0,23.63,102.75,2.00,417.00,3,4,4
2023-09-03T03:41:03Z,23.06,64.76,99,0,25.70,102.75,2.00,417.00,null,null,null
2023-09-03T03:42:03Z,23.08,64.72,99,0,26.43,102.75,2.00,416.00,null,null,null
2023-09-03T03:43:03Z,23.12,64.68,99,0,24.76,102.75,2.00,417.00,null,null,null
2023-09-03T03:44:03Z,23.08,64.68,99,0,31.93,102.75,2.00,417.00,null,null,null
2023-09-03T03:45:03Z,23.04,64.69,99,0,24.35,102.75,2.00,417.00,0,0,0
2023-09-03T03:46:03Z,23.08,64.76,99,0,25.62,102.76,2.00,417.00,null,null,null
2023-09-03T03:47:03Z,23.06,64.67,99,0,28.84,102.76,1.00,413.00,null,null,null
2023-09-03T03:48:03Z,23.05,64.67,99,0,27.40,102.75,3.00,421.00,null,null,null
2023-09-03T03:49:03Z,23.06,64.69,99,0,24.15,102.75,3.00,421.00,null,null,null
2023-09-03T03:50:03Z,23.06,64.65,99,0,25.92,102.75,2.00,417.00,5,5,5
2023-09-03T03:51:03Z,23.06,64.70,99,0,27.82,102.75,1.00,413.00,null,null,null
2023-09-03T03:52:03Z,23.09,64.70,99,0,26.19,102.75,3.00,421.00,null,null,null
2023-09-03T03:53:03Z,23.08,64.68,99,0,26.67,102.76,3.00,421.00,null,null,null
2023-09-03T03:54:03Z,23.04,64.67,99,0,25.92,102.76,3.00,421.00,null,null,null
2023-09-03T03:55:03Z,23.05,64.67,99,0,28.36,102.76,3.00,421.00,3,3,3
2023-09-03T03:56:03Z,23.08,64.72,99,0,27.47,102.75,3.00,421.00,null,null,null
2023-09-03T03:57:03Z,23.08,64.71,99,0,26.06,102.76,3.00,421.00,null,null,null
2023-09-03T03:58:03Z,23.06,64.66,99,0,27.12,102.75,3.00,421.00,null,null,null
2023-09-03T03:59:03Z,23.08,64.67,99,0,24.65,102.75,3.00,421.00,null,null,null
2023-09-03T04:00:03Z,23.04,64.66,99,0,26.43,102.75,3.00,421.00,1,1,1
2023-09-03T04:01:03Z,23.05,64.76,99,0,28.28,102.75,3.00,421.00,null,null,null
2023-09-03T04:02:03Z,23.09,64.69,99,0,26.06,102.75,2.00,416.00,null,null,null
2023-09-03T04:03:03Z,23.09,64.65,99,0,28.96,102.75,3.00,421.00,null,null,null
2023-09-03T04:04:03Z,23.05,64.65,99,0,26.82,102.76,2.00,417.00,null,null,null
2023-09-03T04:05:03Z,23.05,64.65,99,0,26.84,102.75,2.00,417.00,2,2,2
2023-09-03T04:06:03Z,23.06,64.73,99,0,26.14,102.75,2.00,417.00,null,null,null
2023-09-03T04:07:03Z,23.05,64.68,99,0,28.67,102.76,2.00,417.00,null,null,null
2023-09-03T04:08:03Z,23.06,64.63,99,0,25.67,102.75,2.00,417.00,null,null,null
2023-09-03T04:09:03Z,23.06,64.65,99,0,25.70,102.75,2.00,417.00,null,null,null
2023-09-03T04:10:03Z,23.06,64.67,99,0,26.78,102.75,2.00,417.00,6,7,7
2023-09-03T04:11:03Z,23.05,64.69,99,0,25.35,102.75,1.00,413.00,null,null,null
2023-09-03T04:12:03Z,23.11,64.66,99,0,31.84,102.75,1.00,413.00,null,null,null
2023-09-03T04:13:03Z,23.05,64.68,99,0,23.77,102.75,1.00,413.00,null,null,null
2023-09-03T04:14:03Z,23.05,64.63,99,0,28.27,102.75,2.00,417.00,null,null,null
2023-09-03T04:15:03Z,23.04,64.60,99,0,25.95,102.74,2.00,417.00,6,6,6
2023-09-03T04:16:03Z,23.06,64.69,99,0,25.70,102.74,1.00,413.00,null,null,null
2023-09-03T04:17:03Z,23.06,64.63,99,0,26.36,102.74,2.00,417.00,null,null,null
2023-09-03T04:18:03Z,23.05,64.64,99,0,26.57,102.74,2.00,417.00,null,null,null
2023-09-03T04:19:03Z,23.05,64.63,99,0,26.64,102.73,2.00,417.00,null,null,null
2023-09-03T04:20:03Z,23.02,64.57,99,0,null,102.73,2.00,417.00,1,1,1
2023-09-03T04:21:03Z,23.06,64.67,99,0,24.65,102.73,1.00,413.00,null,null,null
2023-09-03T04:22:03Z,23.05,64.65,99,0,27.53,102.73,2.00,417.00,null,null,null
2023-09-03T04:23:03Z,23.09,64.63,99,0,26.03,102.74,2.00,417.00,null,null,null
2023-09-03T04:24:03Z,23.06,64.62,99,0,26.87,102.73,2.00,417.00,null,null,null
2023-09-03T04:25:03Z,23.04,64.62,99,0,25.19,102.73,1.00,413.00,3,3,3
2023-09-03T04:26:03Z,23.08,64.65,99,0,27.42,102.73,2.00,417.00,null,null,null
2023-09-03T04:27:03Z,23.06,64.63,99,0,27.45,102.73,2.00,417.00,null,null,null
2023-09-03T04:28:03Z,23.05,64.62,99,0,27.85,102.74,1.00,413.00,null,null,null
2023-09-03T04:29:03Z,23.05,64.58,99,0,25.06,102.73,2.00,417.00,null,null,null
2023-09-03T04:30:03Z,23.04,64.60,99,0,25.22,102.73,1.00,413.00,2,2,2
2023-09-03T04:31:03Z,23.09,64.70,99,0,26.71,102.74,2.00,417.00,null,null,null
2023-09-03T04:32:03Z,23.06,64.63,99,0,24.11,102.73,1.00,413.00,null,null,null
2023-09-03T04:33:03Z,23.05,64.62,99,0,26.60,102.73,2.00,417.00,null,null,null
2023-09-03T04:34:03Z,23.06,64.60,99,0,26.87,102.73,1.00,413.00,null,null,null
2023-09-03T04:35:03Z,23.06,64.63,99,0,28.67,102.73,2.00,417.00,6,6,6
2023-09-03T04:36:03Z,23.06,64.69,99,0,26.55,102.73,1.00,413.00,null,null,null
2023-09-03T04:37:03Z,23.08,64.61,99,0,28.45,102.73,2.00,417.00,null,null,null
2023-09-03T04:38:03Z,23.04,64.60,99,0,31.12,102.73,1.00,413.00,null,null,null
2023-09-03T04:39:03Z,23.05,64.61,99,0,27.53,102.74,1.00,409.00,null,null,null
2023-09-03T04:40:03Z,23.05,64.58,99,0,29.73,102.74,1.00,409.00,0,0,4
2023-09-03T04:41:03Z,23.02,64.64,100,0,26.34,102.74,1.00,409.00,null,null,null
2023-09-03T04:42:03Z,23.06,64.62,99,0,27.64,102.74,2.00,417.00,null,null,null
2023-09-03T04:43:03Z,23.08,64.63,99,0,25.95,102.74,1.00,413.00,null,null,null
2023-09-03T04:44:03Z,23.08,64.57,99,0,26.00,102.74,2.00,417.00,null,null,null
2023-09-03T04:45:03Z,23.04,64.55,99,0,26.67,102.75,1.00,413.00,5,5,5
2023-09-03T04:46:03Z,23.08,64.64,99,0,26.03,102.74,1.00,413.00,null,null,null
2023-09-03T04:47:03Z,23.08,64.57,99,0,23.90,102.75,1.00,413.00,null,null,null
2023-09-03T04:48:03Z,23.06,64.61,99,0,26.93,102.75,1.00,413.00,null,null,null
2023-09-03T04:49:03Z,23.06,64.58,99,0,26.89,102.75,2.00,417.00,null,null,null
2023-09-03T04:50:03Z,23.04,64.60,99,0,25.29,102.75,1.00,413.00,2,2,2
2023-09-03T04:51:03Z,23.05,64.65,99,0,24.19,102.75,1.00,413.00,null,null,null
2023-09-03T04:52:03Z,23.06,64.59,99,0,25.87,102.76,2.00,417.00,null,null,null
2023-09-03T04:53:03Z,23.06,64.60,99,0,26.26,102.76,1.00,413.00,null,null,null
2023-09-03T04:54:03Z,23.05,64.61,99,0,26.82,102.76,1.00,413.00,null,null,null
2023-09-03T04:55:03Z,23.09,64.55,99,0,29.51,102.76,1.00,413.00,6,6,6
2023-09-03T04:56:03Z,23.05,64.63,99,0,28.91,102.76,1.00,413.00,null,null,null
2023-09-03T04:57:03Z,23.09,64.57,99,0,23.98,102.76,1.00,413.00,null,null,null
2023-09-03T04:58:03Z,23.06,64.56,99,0,25.87,102.76,1.00,413.00,null,null,null
2023-09-03T04:59:03Z,23.05,64.57,99,0,24.54,102.76,1.00,413.00,null,null,null
2023-09-03T05:00:03Z,23.05,64.59,99,0,25.79,102.76,1.00,413.00,2,2,2
2023-09-03T05:01:03Z,23.08,64.61,99,0,26.08,102.76,1.00,413.00,null,null,null
2023-09-03T05:02:03Z,23.05,64.56,99,0,26.78,102.75,1.00,413.00,null,null,null
2023-09-03T05:03:03Z,23.05,64.52,99,0,27.26,102.75,1.00,409.00,null,null,null
2023-09-03T05:04:03Z,23.06,64.56,99,0,26.78,102.75,1.00,413.00,null,null,null
2023-09-03T05:05:03Z,23.08,64.55,99,0,29.73,102.75,1.00,413.00,3,3,3
2023-09-03T05:06:03Z,23.06,64.60,99,0,30.63,102.74,1.00,413.00,null,null,null
2023-09-03T05:07:03Z,23.05,64.54,99,0,26.08,102.75,1.00,409.00,null,null,null
2023-09-03T05:08:03Z,23.05,64.55,99,0,24.50,102.75,1.00,409.00,null,null,null
2023-09-03T05:09:03Z,23.04,64.56,99,0,28.54,102.75,1.00,409.00,null,null,null
2023-09-03T05:10:03Z,23.02,64.54,99,0,27.10,102.75,1.00,413.00,2,2,2
2023-09-03T05:11:03Z,23.04,64.59,99,0,26.31,102.75,1.00,409.00,null,null,null
2023-09-03T05:12:03Z,23.06,64.51,99,0,32.39,102.75,1.00,413.00,null,null,null
2023-09-03T05:13:03Z,23.04,64.56,99,0,25.59,102.75,1.00,409.00,null,null,null
2023-09-03T05:14:03Z,23.05,64.54,99,0,27.69,102.75,1.00,413.00,null,null,null
2023-09-03T05:15:03Z,23.05,64.57,99,0,25.19,102.75,1.00,413.00,2,2,2
2023-09-03T05:16:03Z,23.05,64.57,99,0,26.91,102.75,1.00,409.00,null,null,null
2023-09-03T05:17:03Z,23.09,64.55,99,0,23.45,102.75,1.00,413.00,null,null,null
2023-09-03T05:18:03Z,23.04,64.54,99,0,27.40,102.75,1.00,409.00,null,null,null
2023-09-03T05:19:03Z,23.05,64.52,99,0,27.40,102.76,1.00,413.00,null,null,null
2023-09-03T05:20:03Z,23.05,64.53,99,0,26.60,102.76,1.00,413.00,2,2,2
2023-09-03T05:21:03Z,23.06,64.62,99,0,39.58,102.76,1.00,413.00,null,null,null
2023-09-03T05:22:03Z,23.05,64.52,99,0,25.06,102.76,1.00,409.00,null,null,null
2023-09-03T05:23:03Z,23.08,64.51,99,0,27.32,102.76,1.00,409.00,null,null,null
2023-09-03T05:24:03Z,23.05,64.49,99,0,27.59,102.76,1.00,409.00,null,null,null
2023-09-03T05:25:03Z,23.05,64.51,99,0,27.10,102.76,1.00,413.00,2,2,2
2023-09-03T05:26:03Z,23.08,64.59,99,0,27.28,102.76,1.00,409.00,null,null,null
2023-09-03T05:27:03Z,23.08,64.54,99,0,26.80,102.76,1.00,409.00,null,null,null
2023-09-03T05:28:03Z,23.05,64.51,99,0,25.73,102.76,1.00,409.00,null,null,null
2023-09-03T05:29:03Z,23.04,64.54,99,0,24.83,102.76,1.00,409.00,null,null,null
2023-09-03T05:30:03Z,23.04,64.52,99,0,26.11,102.77,1.00,409.00,4,4,4
2023-09-03T05:31:03Z,23.09,64.58,99,0,26.53,102.77,1.00,409.00,null,null,null
2023-09-03T05:32:03Z,23.06,64.56,99,0,27.68,102.77,1.00,409.00,null,null,null
2023-09-03T05:33:03Z,23.06,64.51,99,0,31.10,102.77,1.00,409.00,null,null,null
2023-09-03T05:34:03Z,23.04,64.52,99,0,30.12,102.77,1.00,409.00,null,null,null
2023-09-03T05:35:03Z,23.05,64.50,100,0,27.14,102.77,0.00,405.00,2,2,2
2023-09-03T05:36:03Z,23.08,64.51,99,0,24.93,102.77,1.00,409.00,null,null,null
2023-09-03T05:37:03Z,23.05,64.49,99,0,28.64,102.77,1.00,409.00,null,null,null
2023-09-03T05:38:03Z,23.06,64.51,99,0,27.04,102.77,1.00,413.00,null,null,null
2023-09-03T05:39:03Z,23.05,64.53,99,0,26.36,102.77,1.00,409.00,null,null,null
2023-09-03T05:40:03Z,23.05,64.50,99,0,null,102.77,1.00,409.00,4,4,4
2023-09-03T05:41:03Z,23.05,64.60,99,0,27.90,102.77,0.00,405.00,null,null,null
2023-09-03T05:42:03Z,23.06,64.50,99,0,32.16,102.78,1.00,409.00,null,null,null
2023-09-03T05:43:03Z,23.06,64.49,99,0,23.68,102.77,1.00,409.00,null,null,null
2023-09-03T05:44:03Z,23.06,64.49,99,0,34.05,102.77,1.00,409.00,null,null,null
2023-09-03T05:45:03Z,23.05,64.49,99,0,31.73,102.77,1.00,409.00,2,2,2
2023-09-03T05:46:03Z,23.06,64.54,99,0,26.89,102.77,1.00,409.00,null,null,null
2023-09-03T05:47:03Z,23.05,64.48,99,0,26.91,102.78,1.00,409.00,null,null,null
2023-09-03T05:48:03Z,23.05,64.45,99,0,30.31,102.77,1.00,409.00,null,null,null
2023-09-03T05:49:03Z,23.05,64.48,99,0,24.93,102.77,1.00,409.00,null,null,null
2023-09-03T05:50:03Z,23.02,64.49,99,0,27.90,102.78,1.00,409.00,3,3,3
2023-09-03T05:51:03Z,23.05,64.54,99,0,26.97,102.78,1.00,409.00,null,null,null
2023-09-03T05:52:03Z,23.05,64.50,99,0,23.86,102.78,1.00,409.00,null,null,null
2023-09-03T05:53:03Z,23.04,64.44,99,0,24.86,102.78,1.00,409.00,null,null,null
2023-09-03T05:54:03Z,23.06,64.49,99,0,25.87,102.78,1.00,409.00,null,null,null
2023-09-03T05:55:03Z,23.05,64.48,99,0,25.90,102.78,1.00,409.00,2,2,2
2023-09-03T05:56:03Z,23.04,64.51,99,0,27.20,102.78,1.00,409.00,null,null,null
2023-09-03T05:57:03Z,23.05,64.50,99,0,28.39,102.78,1.00,409.00,null,null,null
2023-09-03T05:58:03Z,23.04,64.50,99,0,26.06,102.78,1.00,409.00,null,null,null
2023-09-03T05:59:03Z,23.05,64.44,99,0,25.26,102.79,1.00,409.00,null,null,null
2023-09-03T06:00:03Z,23.06,64.47,99,0,26.34,102.79,1.00,409.00,2,2,2
2023-09-03T06:01:03Z,23.05,64.54,99,0,24.93,102.79,1.00,409.00,null,null,null
2023-09-03T06:02:03Z,23.11,64.48,99,0,23.68,102.80,1.00,409.00,null,null,null
2023-09-03T06:03:03Z,23.05,64.43,99,0,28.15,102.80,0.00,405.00,null,null,null
2023-09-03T06:04:03Z,23.04,64.46,99,0,38.70,102.79,0.00,405.00,null,null,null
2023-09-03T06:05:03Z,23.05,64.46,99,0,25.59,102.79,0.00,405.00,2,2,2
2023-09-03T06:06:03Z,23.08,64.51,99,0,24.89,102.79,1.00,409.00,null,null,null
2023-09-03T06:07:03Z,23.11,64.44,99,0,31.29,102.79,1.00,409.00,null,null,null
2023-09-03T06:08:03Z,23.08,64.45,99,0,25.82,102.79,1.00,409.00,null,null,null
2023-09-03T06:09:03Z,23.06,64.46,99,0,27.92,102.79,1.00,409.00,null,null,null
2023-09-03T06:10:03Z,23.04,64.46,99,0,28.71,102.79,1.00,409.00,2,2,2
2023-09-03T06:11:03Z,23.06,64.52,99,0,29.99,102.79,0.00,405.00,null,null,null
2023-09-03T06:12:03Z,23.08,64.44,99,0,29.74,102.79,1.00,409.00,null,null,null
2023-09-03T06:13:03Z,23.06,64.44,99,0,29.04,102.79,1.00,409.00,null,null,null
2023-09-03T06:14:03Z,23.08,64.42,99,0,26.84,102.79,1.00,409.00,null,null,null
2023-09-03T06:15:03Z,23.04,64.41,99,0,26.50,102.78,1.00,409.00,0,0,0
2023-09-03T06:16:03Z,23.08,64.48,99,0,31.86,102.78,1.00,409.00,null,null,null
2023-09-03T06:17:03Z,23.05,64.46,99,0,27.22,102.79,1.00,409.00,null,null,null
2023-09-03T06:18:03Z,23.08,64.42,99,0,28.09,102.79,1.00,409.00,null,null,null
2023-09-03T06:19:03Z,23.09,64.45,99,0,37.07,102.79,1.00,409.00,null,null,null
2023-09-03T06:20:03Z,23.05,64.45,99,0,26.69,102.79,1.00,409.00,2,2,2
2023-09-03T06:21:03Z,23.08,64.48,99,0,26.60,102.79,1.00,409.00,null,null,null
2023-09-03T06:22:03Z,23.08,64.46,99,0,24.11,102.79,1.00,409.00,null,null,null
2023-09-03T06:23:03Z,23.06,64.44,99,0,27.68,102.79,1.00,409.00,null,null,null
2023-09-03T06:24:03Z,23.05,64.39,99,0,28.15,102.80,1.00,409.00,null,null,null
2023-09-03T06:25:03Z,23.04,64.41,99,0,43.40,102.80,1.00,409.00,3,4,4
2023-09-03T06:26:03Z,23.05,64.45,99,0,26.14,102.80,1.00,409.00,null,null,null
2023-09-03T06:27:03Z,23.05,64.43,99,0,27.49,102.80,1.00,409.00,null,null,null
2023-09-03T06:28:03Z,23.06,64.39,99,0,27.02,102.80,1.00,409.00,null,null,null
2023-09-03T06:29:03Z,23.06,64.44,99,0,26.95,102.80,1.00,409.00,null,null,null
2023-09-03T06:30:03Z,23.06,64.42,99,0,23.25,102.80,1.00,409.00,3,3,3
2023-09-03T06:31:03Z,23.06,64.44,99,0,25.41,102.80,1.00,409.00,null,null,null
2023-09-03T06:32:03Z,23.06,64.42,99,0,26.29,102.80,0.00,405.00,null,null,null
2023-09-03T06:33:03Z,23.04,64.36,100,0,32.14,102.81,0.00,405.00,null,null,null
2023-09-03T06:34:03Z,23.05,64.37,99,0,27.60,102.81,1.00,413.00,null,null,null
2023-09-03T06:35:03Z,23.05,64.37,99,0,29.01,102.81,1.00,409.00,3,3,9
2023-09-03T06:36:03Z,23.09,64.46,99,0,24.72,102.81,0.00,405.00,null,null,null
2023-09-03T06:37:03Z,23.05,64.37,99,0,27.18,102.81,0.00,405.00,null,null,null
2023-09-03T06:38:03Z,23.06,64.37,99,0,27.87,102.81,1.00,409.00,null,null,null
2023-09-03T06:39:03Z,23.06,64.40,99,0,31.74,102.81,1.00,409.00,null,null,null
2023-09-03T06:40:03Z,23.04,64.37,99,0,25.90,102.81,1.00,409.00,2,2,2
2023-09-03T06:41:03Z,23.06,64.47,99,0,25.70,102.80,0.00,400.00,null,null,null
2023-09-03T06:42:03Z,23.06,64.41,99,0,27.08,102.81,1.00,409.00,null,null,null
2023-09-03T06:43:03Z,23.04,64.43,99,0,26.14,102.80,1.00,409.00,null,null,null
2023-09-03T06:44:03Z,23.05,64.38,99,0,25.59,102.80,1.00,409.00,null,null,null
2023-09-03T06:45:03Z,23.05,64.38,100,0,25.13,102.80,1.00,409.00,2,2,2
2023-09-03T06:46:03Z,23.05,64.45,99,0,27.22,102.80,1.00,409.00,null,null,null
2023-09-03T06:47:03Z,23.08,64.43,99,0,30.30,102.80,1.00,409.00,null,null,null
2023-09-03T06:48:03Z,23.05,64.36,99,0,26.41,102.80,1.00,409.00,null,null,null
2023-09-03T06:49:03Z,23.02,64.42,99,0,26.71,102.81,1.00,409.00,null,null,null
2023-09-03T06:50:03Z,23.06,64.39,99,0,28.33,102.80,1.00,409.00,3,3,3
2023-09-03T06:51:03Z,23.06,64.48,99,0,26.29,102.80,1.00,409.00,null,null,null
2023-09-03T06:52:03Z,23.05,64.40,99,0,31.96,102.80,1.00,409.00,null,null,null
2023-09-03T06:53:03Z,23.06,64.35,99,0,29.50,102.80,1.00,409.00,null,null,null
2023-09-03T06:54:03Z,23.06,64.37,99,0,24.76,102.80,1.00,409.00,null,null,null
2023-09-03T06:55:03Z,23.08,64.34,99,0,30.98,102.80,1.00,409.00,7,8,8
2023-09-03T06:56:03Z,23.05,64.46,99,0,27.45,102.80,1.00,409.00,null,null,null
2023-09-03T06:57:03Z,23.06,64.36,99,0,26.82,102.81,1.00,409.00,null,null,null
2023-09-03T06:58:03Z,23.05,64.37,99,0,26.76,102.81,1.00,409.00,null,null,null
2023-09-03T06:59:03Z,23.04,64.35,99,0,26.14,102.81,0.00,405.00,null,null,null
2023-09-03T07:00:03Z,23.06,64.35,99,0,30.09,102.81,0.00,400.00,4,5,5
2023-09-03T07:01:03Z,23.05,64.42,99,0,31.78,102.81,0.00,400.00,null,null,null
2023-09-03T07:02:03Z,23.08,64.36,99,0,26.11,102.80,1.00,409.00,null,null,null
2023-09-03T07:03:03Z,23.08,64.36,99,0,26.55,102.80,1.00,409.00,null,null,null
2023-09-03T07:04:03Z,23.11,64.34,99,0,26.41,102.80,1.00,409.00,null,null,null
2023-09-03T07:05:03Z,23.06,64.35,99,0,25.35,102.80,1.00,409.00,4,4,4
2023-09-03T07:06:03Z,23.11,64.38,99,0,25.41,102.80,0.00,405.00,null,null,null
2023-09-03T07:07:03Z,23.08,64.38,99,0,26.69,102.80,0.00,405.00,null,null,null
2023-09-03T07:08:03Z,23.06,64.38,99,0,28.45,102.80,1.00,409.00,null,null,null
2023-09-03T07:09:03Z,23.06,64.35,99,0,26.29,102.80,1.00,409.00,null,null,null
2023-09-03T07:10:03Z,23.06,64.36,99,0,27.66,102.80,1.00,409.00,3,3,3
2023-09-03T07:11:03Z,23.08,64.38,99,0,30.87,102.80,1.00,409.00,null,null,null
2023-09-03T07:12:03Z,23.12,64.40,99,0,28.96,102.81,1.00,409.00,null,null,null
2023-09-03T07:13:03Z,23.08,64.34,99,0,29.04,102.81,1.00,409.00,null,null,null
2023-09-03T07:14:03Z,23.05,64.36,99,0,25.98,102.81,0.00,405.00,null,null,null
2023-09-03T07:15:03Z,23.09,64.33,99,0,27.44,102.81,0.00,405.00,2,2,2
2023-09-03T07:16:03Z,23.06,64.42,99,0,26.31,102.82,1.00,409.00,null,null,null
2023-09-03T07:17:03Z,23.06,64.35,99,0,27.12,102.81,0.00,405.00,null,null,null
2023-09-03T07:18:03Z,23.06,64.34,99,0,25.90,102.81,1.00,409.00,null,null,null
2023-09-03T07:19:03Z,23.06,64.34,99,0,25.32,102.81,0.00,405.00,null,null,null
2023-09-03T07:20:03Z,23.05,64.32,99,0,26.73,102.82,1.00,409.00,1,1,1
2023-09-03T07:21:03Z,23.05,64.35,99,0,27.59,102.82,0.00,405.00,null,null,null
2023-09-03T07:22:03Z,23.06,64.33,99,0,25.95,102.82,0.00,405.00,null,null,null
2023-09-03T07:23:03Z,23.05,64.33,99,0,26.91,102.83,1.00,409.00,null,null,null
2023-09-03T07:24:03Z,23.05,64.34,99,0,26.97,102.82,0.00,405.00,null,null,null
2023-09-03T07:25:03Z,23.05,64.34,99,0,26.19,102.83,0.00,405.00,2,3,3
2023-09-03T07:26:03Z,23.09,64.38,99,0,30.93,102.82,1.00,409.00,null,null,null
2023-09-03T07:27:03Z,23.06,64.38,99,0,24.11,102.82,0.00,405.00,null,null,null
2023-09-03T07:28:03Z,23.05,64.31,99,0,27.47,102.82,0.00,400.00,null,null,null
2023-09-03T07:29:03Z,23.05,64.37,99,0,32.00,102.82,0.00,400.00,null,null,null
2023-09-03T07:30:03Z,23.05,64.33,99,0,26.93,102.83,0.00,400.00,1,1,1
2023-09-03T07:31:03Z,23.06,64.39,99,0,30.06,102.82,0.00,402.00,null,null,null
2023-09-03T07:32:03Z,23.06,64.33,99,0,25.73,102.82,1.00,411.00,null,null,null
2023-09-03T07:33:03Z,23.11,64.33,99,0,25.19,102.82,1.00,407.00,null,null,null
2023-09-03T07:34:03Z,23.08,64.34,99,0,25.65,102.82,1.00,411.00,null,null,null
2023-09-03T07:35:03Z,23.06,64.35,99,0,27.64,102.82,1.00,407.00,0,0,0
2023-09-03T07:36:03Z,23.06,64.38,99,0,28.67,102.82,0.00,402.00,null,null,null
2023-09-03T07:37:03Z,23.06,64.37,99,0,26.60,102.83,1.00,407.00,null,null,null
2023-09-03T07:38:03Z,23.08,64.33,99,0,24.07,102.82,1.00,407.00,null,null,null
2023-09-03T07:39:03Z,23.08,64.36,99,0,26.08,102.82,1.00,411.00,null,null,null
2023-09-03T07:40:03Z,23.05,64.33,99,0,27.92,102.82,1.00,407.00,1,1,1
2023-09-03T07:41:03Z,23.05,64.41,99,0,29.43,102.82,1.00,411.00,null,null,null
2023-09-03T07:42:03Z,23.08,64.36,99,0,24.61,102.83,1.00,407.00,null,null,null
2023-09-03T07:43:03Z,23.05,64.34,99,0,27.12,102.83,1.00,411.00,null,null,null
2023-09-03T07:44:03Z,23.06,64.36,99,0,26.64,102.82,1.00,407.00,null,null,null
2023-09-03T07:45:03Z,23.05,64.32,99,0,30.88,102.82,1.00,411.00,2,2,2
2023-09-03T07:46:03Z,23.06,64.38,99,0,26.19,102.82,1.00,407.00,null,null,null
2023-09-03T07:47:03Z,23.05,64.37,99,0,30.30,102.83,1.00,407.00,null,null,null
2023-09-03T07:48:03Z,23.06,64.34,99,0,28.68,102.83,1.00,407.00,null,null,null
2023-09-03T07:49:03Z,23.06,64.33,99,0,27.73,102.83,1.00,407.00,null,null,null
2023-09-03T07:50:03Z,23.06,64.32,99,0,25.41,102.84,1.00,407.00,2,2,2
2023-09-03T07:51:03Z,23.08,64.38,99,0,28.12,102.83,1.00,407.00,null,null,null
2023-09-03T07:52:03Z,23.06,64.40,99,0,25.53,102.83,1.00,407.00,null,null,null
2023-09-03T07:53:03Z,23.06,64.33,99,0,30.69,102.83,1.00,407.00,null,null,null
2023-09-03T07:54:03Z,23.04,64.32,99,0,23.45,102.83,1.00,407.00,null,null,null
2023-09-03T07:55:03Z,23.06,64.37,99,0,28.20,102.83,1.00,407.00,4,4,4
2023-09-03T07:56:03Z,23.06,64.41,99,0,26.84,102.83,0.00,402.00,null,null,null
2023-09-03T07:57:03Z,23.06,64.36,99,0,32.44,102.84,0.00,402.00,null,null,null
2023-09-03T07:58:03Z,23.08,64.35,99,0,28.98,102.84,0.00,402.00,null,null,null
2023-09-03T07:59:03Z,23.08,64.36,99,0,26.84,102.84,1.00,407.00,null,null,null
2023-09-03T08:00:03Z,23.09,64.37,99,0,22.83,102.84,1.00,407.00,5,5,5
2023-09-03T08:01:03Z,23.06,64.38,99,0,26.87,102.84,0.00,402.00,null,null,null
2023-09-03T08:02:03Z,23.06,64.34,99,0,26.71,102.84,1.00,407.00,null,null,null
2023-09-03T08:03:03Z,23.05,64.34,99,0,23.98,102.83,1.00,407.00,null,null,null
2023-09-03T08:04:03Z,23.06,64.31,99,0,25.70,102.83,1.00,407.00,null,null,null
2023-09-03T08:05:03Z,23.05,64.30,99,0,26.46,102.83,1.00,407.00,1,2,2
2023-09-03T08:06:03Z,23.08,64.39,99,0,28.83,102.83,0.00,402.00,null,null,null
2023-09-03T08:07:03Z,23.06,64.36,99,0,27.59,102.83,1.00,407.00,null,null,null
2023-09-03T08:08:03Z,23.06,64.34,99,0,null,102.83,1.00,407.00,null,null,null
2023-09-03T08:09:03Z,23.06,64.35,99,0,26.78,102.83,0.00,402.00,null,null,null
2023-09-03T08:10:03Z,23.05,64.32,99,0,29.50,102.83,1.00,407.00,3,3,3
2023-09-03T08:11:03Z,23.06,64.37,99,0,28.12,102.83,1.00,407.00,null,null,null
2023-09-03T08:12:03Z,23.08,64.38,100,0,27.80,102.82,1.00,407.00,null,null,null
2023-09-03T08:13:03Z,23.05,64.34,99,0,29.40,102.83,1.00,407.00,null,null,null
2023-09-03T08:14:03Z,23.08,64.35,99,0,28.20,102.83,1.00,407.00,null,null,null
2023-09-03T08:15:03Z,23.09,64.33,99,0,25.29,102.83,1.00,407.00,2,2,2
2023-09-03T08:16:03Z,23.08,64.40,99,0,25.79,102.83,1.00,407.00,null,null,null
2023-09-03T08:17:03Z,23.08,64.38,99,0,25.90,102.83,1.00,407.00,null,null,null
2023-09-03T08:18:03Z,23.09,64.33,99,0,27.82,102.84,1.00,407.00,null,null,null
2023-09-03T08:19:03Z,23.08,64.31,99,0,29.31,102.83,1.00,407.00,null,null,null
2023-09-03T08:20:03Z,23.12,64.35,99,0,26.24,102.84,1.00,407.00,3,4,4
2023-09-03T08:21:03Z,23.06,64.39,99,0,25.38,102.84,1.00,407.00,null,null,null
2023-09-03T08:22:03Z,23.08,64.35,99,0,28.02,102.84,1.00,407.00,null,null,null
2023-09-03T08:23:03Z,23.08,64.36,99,0,31.67,102.85,0.00,402.00,null,null,null
2023-09-03T08:24:03Z,23.11,64.34,99,0,27.62,102.85,0.00,402.00,null,null,null
2023-09-03T08:25:03Z,23.08,64.35,99,0,29.54,102.84,0.00,402.00,3,3,3
2023-09-03T08:26:03Z,23.05,64.42,99,0,27.22,102.85,0.00,402.00,null,null,null
2023-09-03T08:27:03Z,23.08,64.34,99,0,26.55,102.85,1.00,407.00,null,null,null
2023-09-03T08:28:03Z,23.08,64.34,99,0,23.81,102.85,0.00,402.00,null,null,null
2023-09-03T08:29:03Z,23.11,64.36,99,0,26.78,102.85,1.00,407.00,null,null,null
2023-09-03T08:30:03Z,23.04,64.36,99,0,25.98,102.85,1.00,407.00,3,3,3
2023-09-03T08:31:03Z,23.06,64.41,99,0,27.42,102.85,0.00,402.00,null,null,null
2023-09-03T08:32:03Z,23.09,64.37,99,0,26.50,102.85,1.00,407.00,null,null,null
2023-09-03T08:33:03Z,23.05,64.36,99,0,29.08,102.84,1.00,407.00,null,null,null
2023-09-03T08:34:03Z,23.08,64.34,99,0,26.76,102.85,1.00,407.00,null,null,null
2023-09-03T08:35:03Z,23.05,64.37,99,0,28.31,102.84,1.00,407.00,0,0,0
2023-09-03T08:36:03Z,23.09,64.41,99,0,29.17,102.85,1.00,407.00,null,null,null
2023-09-03T08:37:03Z,23.09,64.36,99,0,26.84,102.85,1.00,407.00,null,null,null
2023-09-03T08:38:03Z,23.11,64.36,99,0,27.04,102.85,1.00,407.00,null,null,null
2023-09-03T08:39:03Z,23.06,64.33,99,0,23.72,102.85,0.00,402.00,null,null,null
2023-09-03T08:40:03Z,23.11,64.35,99,0,31.10,102.85,1.00,407.00,2,2,2
2023-09-03T08:41:03Z,23.08,64.36,99,0,30.02,102.85,1.00,407.00,null,null,null
2023-09-03T08:42:03Z,23.06,64.36,99,0,30.49,102.85,1.00,407.00,null,null,null
2023-09-03T08:43:03Z,23.08,64.34,99,0,32.85,102.85,1.00,407.00,null,null,null
2023-09-03T08:44:03Z,23.09,64.35,100,0,27.20,102.85,0.00,402.00,null,null,null
2023-09-03T08:45:03Z,23.05,64.38,99,0,28.73,102.86,1.00,407.00,1,1,1
2023-09-03T08:46:03Z,23.08,64.42,99,0,24.15,102.86,1.00,407.00,null,null,null
2023-09-03T08:47:03Z,23.06,64.38,99,0,27.69,102.86,1.00,407.00,null,null,null
2023-09-03T08:48:03Z,23.09,64.35,99,0,30.18,102.86,1.00,407.00,null,null,null
2023-09-03T08:49:03Z,23.06,64.34,99,0,26.08,102.86,0.00,402.00,null,null,null
2023-09-03T08:50:03Z,23.05,64.34,99,0,27.36,102.86,1.00,407.00,3,3,3
2023-09-03T08:51:03Z,23.09,64.39,99,0,25.19,102.86,1.00,407.00,null,null,null
2023-09-03T08:52:03Z,23.09,64.40,99,0,27.28,102.86,0.00,402.00,null,null,null
2023-09-03T08:53:03Z,23.05,64.34,99,0,26.29,102.86,0.00,402.00,null,null,null
2023-09-03T08:54:03Z,23.08,64.35,99,0,25.22,102.86,0.00,402.00,null,null,null
2023-09-03T08:55:03Z,23.08,64.33,99,0,23.54,102.86,1.00,407.00,0,0,0
2023-09-03T08:56:03Z,23.08,64.42,99,0,27.38,102.86,0.00,402.00,null,null,null
2023-09-03T08:57:03Z,23.11,64.36,99,0,23.30,102.86,1.00,407.00,null,null,null
2023-09-03T08:58:03Z,23.08,64.33,99,0,29.76,102.87,0.00,402.00,null,null,null
2023-09-03T08:59:03Z,23.05,64.34,99,0,26.11,102.86,1.00,407.00,null,null,null
2023-09-03T09:00:03Z,23.05,64.37,100,0,29.20,102.86,1.00,407.00,1,1,1
2023-09-03T09:01:03Z,23.05,64.44,99,0,27.02,102.87,0.00,402.00,null,null,null
2023-09-03T09:02:03Z,23.09,64.40,99,0,30.09,102.87,1.00,407.00,null,null,null
2023-09-03T09:03:03Z,23.09,64.36,99,0,28.88,102.87,0.00,402.00,null,null,null
2023-09-03T09:04:03Z,23.06,64.32,99,0,25.79,102.87,1.00,407.00,null,null,null
2023-09-03T09:05:03Z,23.08,64.34,99,0,25.84,102.87,0.00,402.00,1,1,1
2023-09-03T09:06:03Z,23.06,64.38,99,0,28.28,102.88,1.00,407.00,null,null,null
2023-09-03T09:07:03Z,23.06,64.35,99,0,25.90,102.87,1.00,407.00,null,null,null
2023-09-03T09:08:03Z,23.08,64.33,99,0,25.44,102.87,1.00,407.00,null,null,null
2023-09-03T09:09:03Z,23.04,64.37,100,0,27.14,102.87,1.00,407.00,null,null,null
2023-09-03T09:10:03Z,23.05,64.35,99,0,24.86,102.87,0.00,402.00,3,3,3
2023-09-03T09:11:03Z,23.06,64.40,99,0,25.50,102.87,1.00,407.00,null,null,null
2023-09-03T09:12:03Z,23.09,64.34,99,0,32.64,102.86,1.00,407.00,null,null,null
2023-09-03T09:13:03Z,23.06,64.33,100,0,29.97,102.87,1.00,407.00,null,null,null
2023-09-03T09:14:03Z,23.09,64.36,99,0,26.97,102.87,1.00,407.00,null,null,null
2023-09-03T09:15:03Z,23.06,64.35,99,0,23.20,102.87,1.00,407.00,1,1,1
2023-09-03T09:16:03Z,23.09,64.42,99,0,31.18,102.87,1.00,407.00,null,null,null
2023-09-03T09:17:03Z,23.08,64.35,100,0,27.92,102.87,1.00,407.00,null,null,null
2023-09-03T09:18:03Z,23.06,64.34,99,0,28.71,102.87,0.00,402.00,null,null,null
2023-09-03T09:19:03Z,23.08,64.36,99,0,24.72,102.87,1.00,407.00,null,null,null
2023-09-03T09:20:03Z,23.05,64.34,99,0,25.87,102.87,0.00,400.00,1,1,1
2023-09-03T09:21:03Z,23.05,64.41,99,0,27.55,102.87,0.00,400.00,null,null,null
2023-09-03T09:22:03Z,23.06,64.36,99,0,33.76,102.86,0.00,400.00,null,null,null
2023-09-03T09:23:03Z,23.06,64.34,99,0,32.56,102.87,1.00,407.00,null,null,null
2023-09-03T09:24:03Z,23.05,64.34,99,0,27.10,102.86,1.00,407.00,null,null,null
2023-09-03T09:25:03Z,23.06,64.36,99,0,26.31,102.87,1.00,407.00,2,3,3
2023-09-03T09:26:03Z,23.08,64.40,99,0,26.84,102.87,0.00,400.00,null,null,null
2023-09-03T09:27:03Z,23.08,64.36,99,0,27.08,102.87,1.00,407.00,null,null,null
2023-09-03T09:28:03Z,23.06,64.34,99,0,26.97,102.87,0.00,402.00,null,null,null
2023-09-03T09:29:03Z,23.08,64.38,99,0,31.36,102.86,0.00,402.00,null,null,null
2023-09-03T09:30:03Z,23.05,64.31,99,0,29.41,102.87,0.00,402.00,4,7,7
2023-09-03T09:31:03Z,23.08,64.39,99,0,30.20,102.86,1.00,407.00,null,null,null
2023-09-03T09:32:03Z,23.06,64.33,99,0,26.19,102.86,0.00,402.00,null,null,null
2023-09-03T09:33:03Z,23.08,64.32,99,0,27.71,102.87,0.00,402.00,null,null,null
2023-09-03T09:34:03Z,23.06,64.33,99,0,38.95,102.87,1.00,407.00,null,null,null
2023-09-03T09:35:03Z,23.05,64.36,99,0,26.99,102.87,1.00,407.00,3,4,4
2023-09-03T09:36:03Z,23.08,64.38,99,0,27.38,102.87,1.00,407.00,null,null,null
2023-09-03T09:37:03Z,23.08,64.36,99,0,30.49,102.87,1.00,407.00,null,null,null
2023-09-03T09:38:03Z,23.06,64.37,99,0,28.20,102.87,0.00,402.00,null,null,null
2023-09-03T09:39:03Z,23.11,64.35,99,0,29.32,102.87,0.00,402.00,null,null,null
2023-09-03T09:40:03Z,23.06,64.35,99,0,23.40,102.87,1.00,407.00,1,1,1
2023-09-03T09:41:03Z,23.05,64.36,99,0,27.45,102.87,1.00,407.00,null,null,null
2023-09-03T09:42:03Z,23.06,64.34,99,0,26.80,102.87,1.00,407.00,null,null,null
2023-09-03T09:43:03Z,23.08,64.31,99,0,26.62,102.87,1.00,407.00,null,null,null
2023-09-03T09:44:03Z,23.06,64.34,99,0,28.83,102.86,1.00,407.00,null,null,null
2023-09-03T09:45:03Z,23.05,64.33,99,0,26.80,102.87,1.00,407.00,0,0,0
2023-09-03T09:46:03Z,23.06,64.36,99,0,27.40,102.87,1.00,407.00,null,null,null
2023-09-03T09:47:03Z,23.06,64.34,99,0,24.68,102.87,0.00,402.00,null,null,null
2023-09-03T09:48:03Z,23.06,64.30,99,0,24.11,102.87,0.00,402.00,null,null,null
2023-09-03T09:49:03Z,23.08,64.35,99,0,25.73,102.86,0.00,402.00,null,null,null
2023-09-03T09:50:03Z,23.06,64.34,99,0,31.70,102.87,0.00,402.00,1,1,1
2023-09-03T09:51:03Z,23.08,64.40,99,0,26.53,102.87,0.00,402.00,null,null,null
2023-09-03T09:52:03Z,23.09,64.36,99,0,31.05,102.87,1.00,407.00,null,null,null
2023-09-03T09:53:03Z,23.05,64.33,99,0,32.87,102.87,1.00,407.00,null,null,null
2023-09-03T09:54:03Z,23.08,64.31,99,0,29.88,102.87,1.00,407.00,null,null,null
2023-09-03T09:55:03Z,23.06,64.33,99,0,23.77,102.87,1.00,407.00,2,2,2
2023-09-03T09:56:03Z,23.08,64.38,99,0,30.14,102.87,0.00,402.00,null,null,null
2023-09-03T09:57:03Z,23.08,64.38,99,0,26.97,102.87,1.00,407.00,null,null,null
2023-09-03T09:58:03Z,23.09,64.34,99,0,27.28,102.87,1.00,407.00,null,null,null
2023-09-03T09:59:03Z,23.11,64.35,99,0,30.46,102.87,1.00,411.00,null,null,null
2023-09-03T10:00:03Z,23.05,64.33,99,0,26.62,102.87,1.00,407.00,2,2,2
2023-09-03T10:01:03Z,23.11,64.40,99,0,26.73,102.87,1.00,407.00,null,null,null
2023-09-03T10:02:03Z,23.08,64.37,99,0,25.09,102.87,1.00,407.00,null,null,null
2023-09-03T10:03:03Z,23.12,64.34,99,0,29.64,102.87,1.00,407.00,null,null,null
2023-09-03T10:04:03Z,23.12,64.36,99,0,31.69,102.87,1.00,411.00,null,null,null
2023-09-03T10:05:03Z,23.08,64.34,100,0,26.43,102.87,1.00,407.00,1,1,1
2023-09-03T10:06:03Z,23.09,64.41,99,0,32.69,102.87,1.00,411.00,null,null,null
2023-09-03T10:07:03Z,23.08,64.37,99,0,33.48,102.88,0.00,402.00,null,null,null
2023-09-03T10:08:03Z,23.08,64.37,99,0,28.15,102.87,1.00,407.00,null,null,null
2023-09-03T10:09:03Z,23.06,64.33,99,0,28.01,102.87,1.00,411.00,null,null,null
2023-09-03T10:10:03Z,23.09,64.35,99,0,26.26,102.87,1.00,407.00,3,3,3
2023-09-03T10:11:03Z,23.06,64.39,99,0,28.98,102.88,1.00,411.00,null,null,null
2023-09-03T10:12:03Z,23.09,64.37,99,0,31.01,102.87,1.00,407.00,null,null,null
2023-09-03T10:13:03Z,23.08,64.35,99,0,33.58,102.87,1.00,411.00,null,null,null
2023-09-03T10:14:03Z,23.09,64.35,99,0,36.79,102.87,1.00,407.00,null,null,null
2023-09-03T10:15:03Z,23.06,64.32,99,0,33.56,102.86,1.00,407.00,0,1,1
2023-09-03T10:16:03Z,23.11,64.44,99,0,28.27,102.87,1.00,411.00,null,null,null
2023-09-03T10:17:03Z,23.12,64.36,99,0,38.16,102.87,0.00,402.00,null,null,null
2023-09-03T10:18:03Z,23.08,64.37,99,0,34.72,102.87,0.00,402.00,null,null,null
2023-09-03T10:19:03Z,23.08,64.29,99,0,28.83,102.86,1.00,407.00,null,null,null
2023-09-03T10:20:03Z,23.12,64.31,99,0,36.76,102.86,1.00,411.00,0,0,0
2023-09-03T10:21:03Z,23.06,64.39,99,0,36.18,102.87,0.00,402.00,null,null,null
2023-09-03T10:22:03Z,23.06,64.34,99,0,29.79,102.87,1.00,411.00,null,null,null
2023-09-03T10:23:03Z,23.11,64.37,99,0,34.10,102.86,1.00,407.00,null,null,null
2023-09-03T10:24:03Z,23.11,64.32,99,0,31.72,102.86,1.00,411.00,null,null,null
2023-09-03T10:25:03Z,23.09,64.32,100,0,34.96,102.86,1.00,407.00,1,1,1
2023-09-03T10:26:03Z,23.09,64.39,99,0,32.39,102.86,0.00,402.00,null,null,null
2023-09-03T10:27:03Z,23.11,64.31,99,0,31.13,102.86,1.00,411.00,null,null,null
2023-09-03T10:28:03Z,23.09,64.33,99,0,25.92,102.86,1.00,411.00,null,null,null
2023-09-03T10:29:03Z,23.08,64.35,99,0,32.80,102.86,1.00,411.00,null,null,null
2023-09-03T10:30:03Z,23.09,64.33,99,0,29.56,102.86,1.00,411.00,1,1,1
2023-09-03T10:31:03Z,23.12,64.37,99,0,27.38,102.86,1.00,411.00,null,null,null
2023-09-03T10:32:03Z,23.16,64.36,99,0,31.18,102.86,1.00,411.00,null,null,null
2023-09-03T10:33:03Z,23.11,64.36,99,0,29.33,102.86,1.00,411.00,null,null,null
2023-09-03T10:34:03Z,23.09,64.30,99,0,35.75,102.86,1.00,411.00,null,null,null
2023-09-03T10:35:03Z,23.08,64.34,99,0,30.29,102.86,1.00,411.00,2,2,2
2023-09-03T10:36:03Z,23.11,64.40,99,0,33.21,102.86,1.00,411.00,null,null,null
2023-09-03T10:37:03Z,23.11,64.36,99,0,25.53,102.85,1.00,411.00,null,null,null
2023-09-03T10:38:03Z,23.08,64.35,99,0,27.87,102.86,1.00,411.00,null,null,null
2023-09-03T10:39:03Z,23.14,64.33,99,0,27.73,102.85,1.00,411.00,null,null,null
2023-09-03T10:40:03Z,23.09,64.36,99,0,27.96,102.85,1.00,411.00,0,0,0
2023-09-03T10:41:03Z,23.15,64.39,99,0,26.60,102.85,1.00,411.00,null,null,null
2023-09-03T10:42:03Z,23.11,64.36,99,0,25.32,102.85,1.00,411.00,null,null,null
2023-09-03T10:43:03Z,23.11,64.31,99,0,26.78,102.85,1.00,411.00,null,null,null
2023-09-03T10:44:03Z,23.12,64.33,99,0,26.03,102.86,1.00,411.00,null,null,null
2023-09-03T10:45:03Z,23.09,64.33,99,0,27.71,102.86,1.00,407.00,1,1,1
2023-09-03T10:46:03Z,23.09,64.42,99,0,32.98,102.85,1.00,407.00,null,null,null
2023-09-03T10:47:03Z,23.11,64.33,99,0,27.69,102.86,1.00,407.00,null,null,null
2023-09-03T10:48:03Z,23.09,64.33,99,0,28.40,102.86,1.00,411.00,null,null,null
2023-09-03T10:49:03Z,23.11,64.35,99,0,26.00,102.85,1.00,411.00,null,null,null
2023-09-03T10:50:03Z,23.11,64.37,99,0,33.59,102.85,1.00,411.00,0,0,0
2023-09-03T10:51:03Z,23.14,64.37,99,0,29.16,102.86,1.00,407.00,null,null,null
2023-09-03T10:52:03Z,23.09,64.32,99,0,27.97,102.86,1.00,411.00,null,null,null
2023-09-03T10:53:03Z,23.11,64.34,99,0,29.08,102.86,1.00,411.00,null,null,null
2023-09-03T10:54:03Z,23.12,64.36,99,0,29.89,102.86,1.00,411.00,null,null,null
2023-09-03T10:55:03Z,23.11,64.36,99,0,31.98,102.86,1.00,411.00,0,0,0
2023-09-03T10:56:03Z,23.11,64.40,99,0,26.97,102.86,1.00,411.00,null,null,null
2023-09-03T10:57:03Z,23.12,64.35,99,0,29.68,102.86,1.00,411.00,null,null,null
2023-09-03T10:58:03Z,23.12,64.32,99,0,29.86,102.86,1.00,411.00,null,null,null
2023-09-03T10:59:03Z,23.09,64.34,99,0,26.87,102.86,1.00,411.00,null,null,null
2023-09-03T11:00:03Z,23.09,64.35,99,0,26.34,102.86,1.00,411.00,1,1,1
2023-09-03T11:01:03Z,23.14,64.40,99,0,26.46,102.86,2.00,415.00,null,null,null
2023-09-03T11:02:03Z,23.12,64.34,99,0,27.99,102.86,2.00,415.00,null,null,null
2023-09-03T11:03:03Z,23.16,64.37,99,0,25.35,102.86,2.00,415.00,null,null,null
2023-09-03T11:04:03Z,23.11,64.38,99,0,30.60,102.86,2.00,415.00,null,null,null
2023-09-03T11:05:03Z,23.14,64.33,99,0,36.64,102.86,2.00,415.00,2,3,3
2023-09-03T11:06:03Z,23.09,64.38,99,0,27.66,102.87,2.00,415.00,null,null,null
2023-09-03T11:07:03Z,23.14,64.36,99,0,28.36,102.86,2.00,415.00,null,null,null
2023-09-03T11:08:03Z,23.12,64.33,99,0,29.83,102.86,2.00,415.00,null,null,null
2023-09-03T11:09:03Z,23.12,64.37,99,0,28.54,102.86,2.00,415.00,null,null,null
2023-09-03T11:10:03Z,23.11,64.32,99,0,28.74,102.86,2.00,415.00,2,2,2
2023-09-03T11:11:03Z,23.12,64.44,99,0,29.09,102.86,2.00,415.00,null,null,null
2023-09-03T11:12:03Z,23.12,64.38,99,0,27.68,102.86,2.00,415.00,null,null,null
2023-09-03T11:13:03Z,23.12,64.36,99,0,27.51,102.86,1.00,411.00,null,null,null
2023-09-03T11:14:03Z,23.11,64.35,99,0,29.97,102.86,1.00,407.00,null,null,null
2023-09-03T11:15:03Z,23.11,64.37,99,0,31.04,102.86,1.00,407.00,2,2,2
2023-09-03T11:16:03Z,23.14,64.44,99,0,30.58,102.86,1.00,411.00,null,null,null
2023-09-03T11:17:03Z,23.14,64.38,99,0,29.61,102.86,2.00,415.00,null,null,null
2023-09-03T11:18:03Z,23.15,64.35,99,0,26.19,102.86,2.00,415.00,null,null,null
2023-09-03T11:19:03Z,23.15,64.35,99,0,35.20,102.86,2.00,415.00,null,null,null
2023-09-03T11:20:03Z,23.12,64.41,99,0,28.31,102.85,2.00,415.00,2,2,2
2023-09-03T11:21:03Z,23.14,64.47,99,0,32.45,102.85,1.00,411.00,null,null,null
2023-09-03T11:22:03Z,23.15,64.40,99,0,29.88,102.86,2.00,415.00,null,null,null
2023-09-03T11:23:03Z,23.15,64.37,99,0,28.25,102.86,2.00,415.00,null,null,null
2023-09-03T11:24:03Z,23.12,64.34,99,0,27.02,102.86,2.00,415.00,null,null,null
2023-09-03T11:25:03Z,23.11,64.34,99,0,33.28,102.86,2.00,415.00,0,0,0
2023-09-03T11:26:03Z,23.14,64.47,99,0,26.36,102.86,2.00,415.00,null,null,null
2023-09-03T11:27:03Z,23.14,64.39,99,0,29.03,102.86,2.00,415.00,null,null,null
2023-09-03T11:28:03Z,23.14,64.40,99,0,36.88,102.86,2.00,415.00,null,null,null
2023-09-03T11:29:03Z,23.14,64.38,100,0,29.87,102.87,2.00,415.00,null,null,null
2023-09-03T11:30:03Z,23.15,64.36,99,0,26.31,102.86,2.00,415.00,0,0,0
2023-09-03T11:31:03Z,23.14,64.48,99,0,28.51,102.86,2.00,415.00,null,null,null
2023-09-03T11:32:03Z,23.16,64.41,99,0,32.55,102.86,2.00,415.00,null,null,null
2023-09-03T11:33:03Z,23.14,64.40,99,0,24.19,102.86,2.00,415.00,null,null,null
2023-09-03T11:34:03Z,23.12,64.38,99,0,43.79,102.86,2.00,415.00,null,null,null
2023-09-03T11:35:03Z,23.14,64.37,99,0,31.70,102.86,2.00,415.00,0,0,0
2023-09-03T11:36:03Z,23.14,64.47,99,0,26.29,102.86,2.00,415.00,null,null,null
2023-09-03T11:37:03Z,23.15,64.40,99,0,26.19,102.86,2.00,415.00,null,null,null
2023-09-03T11:38:03Z,23.14,64.41,99,0,27.71,102.86,2.00,415.00,null,null,null
2023-09-03T11:39:03Z,23.16,64.41,99,0,27.12,102.86,2.00,415.00,null,null,null
2023-09-03T11:40:03Z,23.14,64.39,99,0,28.81,102.86,3.00,420.00,1,1,1
2023-09-03T11:41:03Z,23.16,64.49,99,0,27.16,102.86,2.00,415.00,null,null,null
2023-09-03T11:42:03Z,23.14,64.44,99,0,27.66,102.86,1.00,411.00,null,null,null
2023-09-03T11:43:03Z,23.14,64.41,99,0,27.04,102.86,1.00,411.00,null,null,null
2023-09-03T11:44:03Z,23.15,64.41,99,0,31.41,102.86,2.00,415.00,null,null,null
2023-09-03T11:45:03Z,23.12,64.40,99,0,27.57,102.86,2.00,415.00,1,1,1
2023-09-03T11:46:03Z,23.15,64.49,99,0,28.61,102.86,1.00,411.00,null,null,null
2023-09-03T11:47:03Z,23.16,64.46,99,0,25.87,102.86,2.00,415.00,null,null,null
2023-09-03T11:48:03Z,23.16,64.40,99,0,26.34,102.86,3.00,420.00,null,null,null
2023-09-03T11:49:03Z,23.14,64.38,99,0,27.94,102.86,1.00,411.00,null,null,null
2023-09-03T11:50:03Z,23.16,64.44,99,0,25.92,102.86,3.00,420.00,2,2,2
2023-09-03T11:51:03Z,23.14,64.55,99,0,26.50,102.86,1.00,411.00,null,null,null
2023-09-03T11:52:03Z,23.16,64.49,99,0,26.31,102.86,3.00,420.00,null,null,null
2023-09-03T11:53:03Z,23.15,64.49,99,0,25.32,102.86,2.00,415.00,null,null,null
2023-09-03T11:54:03Z,23.18,64.47,99,0,25.65,102.86,3.00,420.00,null,null,null
2023-09-03T11:55:03Z,23.16,64.40,99,0,29.65,102.85,3.00,420.00,2,2,2
2023-09-03T11:56:03Z,23.16,64.53,99,0,35.65,102.86,3.00,420.00,null,null,null
2023-09-03T11:57:03Z,23.18,64.47,99,0,33.64,102.86,3.00,420.00,null,null,null
2023-09-03T11:58:03Z,23.16,64.49,99,0,27.26,102.86,3.00,420.00,null,null,null
2023-09-03T11:59:03Z,23.16,64.45,99,0,26.71,102.86,3.00,420.00,null,null,null
2023-09-03T12:00:03Z,23.15,64.45,99,0,26.71,102.86,3.00,420.00,0,0,0
2023-09-03T12:01:03Z,23.15,64.54,99,0,30.53,102.86,2.00,415.00,null,null,null
2023-09-03T12:02:03Z,23.16,64.51,99,0,27.04,102.85,3.00,420.00,null,null,null
2023-09-03T12:03:03Z,23.16,64.48,99,0,25.26,102.85,3.00,420.00,null,null,null
2023-09-03T12:04:03Z,23.15,64.47,99,0,42.96,102.85,3.00,420.00,null,null,null
2023-09-03T12:05:03Z,23.14,64.48,99,0,30.04,102.85,3.00,420.00,0,0,0
2023-09-03T12:06:03Z,23.18,64.54,99,0,27.26,102.85,3.00,420.00,null,null,null
2023-09-03T12:07:03Z,23.16,64.46,99,0,29.18,102.86,3.00,420.00,null,null,null
2023-09-03T12:08:03Z,23.16,64.51,99,0,27.78,102.85,3.00,420.00,null,null,null
2023-09-03T12:09:03Z,23.15,64.47,99,0,35.49,102.85,3.00,420.00,null,null,null
2023-09-03T12:10:03Z,23.15,64.49,99,0,28.34,102.85,2.00,415.00,1,1,1
2023-09-03T12:11:03Z,23.14,64.59,99,0,33.16,102.84,2.00,415.00,null,null,null
2023-09-03T12:12:03Z,23.14,64.51,99,0,28.93,102.84,3.00,420.00,null,null,null
2023-09-03T12:13:03Z,23.15,64.49,99,0,30.21,102.85,3.00,420.00,null,null,null
2023-09-03T12:14:03Z,23.16,64.51,99,0,40.91,102.85,3.00,420.00,null,null,null
2023-09-03T12:15:03Z,23.16,64.46,99,0,26.57,102.85,3.00,420.00,2,2,2
2023-09-03T12:16:03Z,23.16,64.59,99,0,26.43,102.85,2.00,415.00,null,null,null
2023-09-03T12:17:03Z,23.16,64.51,99,0,34.24,102.85,3.00,420.00,null,null,null
2023-09-03T12:18:03Z,23.18,64.56,99,0,30.98,102.85,3.00,420.00,null,null,null
2023-09-03T12:19:03Z,23.18,64.52,99,0,28.15,102.85,3.00,420.00,null,null,null
2023-09-03T12:20:03Z,23.16,64.52,99,0,36.69,102.85,3.00,420.00,5,5,5
2023-09-03T12:21:03Z,23.19,64.59,99,0,39.43,102.85,3.00,420.00,null,null,null
2023-09-03T12:22:03Z,23.16,64.52,99,0,29.20,102.85,3.00,420.00,null,null,null
2023-09-03T12:23:03Z,23.19,64.51,99,0,28.54,102.85,3.00,420.00,null,null,null
2023-09-03T12:24:03Z,23.15,64.53,99,0,32.36,102.85,3.00,420.00,null,null,null
2023-09-03T12:25:03Z,23.15,64.55,99,0,27.10,102.85,3.00,420.00,0,1,1
2023-09-03T12:26:03Z,23.19,64.61,99,0,25.32,102.85,3.00,420.00,null,null,null
2023-09-03T12:27:03Z,23.18,64.57,99,0,31.68,102.84,3.00,420.00,null,null,null
2023-09-03T12:28:03Z,23.19,64.57,99,0,32.38,102.84,3.00,420.00,null,null,null
2023-09-03T12:29:03Z,23.19,64.57,99,0,28.64,102.84,3.00,420.00,null,null,null
2023-09-03T12:30:03Z,23.16,64.49,99,0,27.71,102.84,3.00,420.00,1,1,1
2023-09-03T12:31:03Z,23.18,64.63,99,0,29.05,102.84,3.00,420.00,null,null,null
2023-09-03T12:32:03Z,23.19,64.59,99,0,29.28,102.84,3.00,420.00,null,null,null
2023-09-03T12:33:03Z,23.19,64.58,99,0,27.57,102.84,3.00,420.00,null,null,null
2023-09-03T12:34:03Z,23.18,64.58,99,0,31.62,102.84,3.00,420.00,null,null,null
2023-09-03T12:35:03Z,23.16,64.53,99,0,32.28,102.84,3.00,420.00,0,0,0
2023-09-03T12:36:03Z,23.16,64.64,99,0,28.70,102.83,3.00,420.00,null,null,null
2023-09-03T12:37:03Z,23.18,64.57,99,0,29.98,102.83,3.00,420.00,null,null,null
2023-09-03T12:38:03Z,23.19,64.57,99,0,30.16,102.83,2.00,415.00,null,null,null
2023-09-03T12:39:03Z,23.21,64.55,99,0,31.32,102.83,2.00,415.00,null,null,null
2023-09-03T12:40:03Z,23.16,64.58,99,0,28.17,102.82,2.00,415.00,0,0,0
2023-09-03T12:41:03Z,23.19,64.67,99,0,28.58,102.82,2.00,415.00,null,null,null
2023-09-03T12:42:03Z,23.21,64.61,99,0,41.48,102.82,3.00,423.00,null,null,null
2023-09-03T12:43:03Z,23.22,64.57,99,0,27.28,102.83,3.00,420.00,null,null,null
2023-09-03T12:44:03Z,23.21,64.59,99,0,29.07,102.82,3.00,420.00,null,null,null
2023-09-03T12:45:03Z,23.19,64.58,99,0,26.03,102.82,3.00,420.00,1,1,1
2023-09-03T12:46:03Z,23.18,64.67,99,0,27.60,102.82,2.00,415.00,null,null,null
2023-09-03T12:47:03Z,23.21,64.62,99,0,25.90,102.81,3.00,423.00,null,null,null
2023-09-03T12:48:03Z,23.21,64.62,99,0,28.45,102.81,3.00,423.00,null,null,null
2023-09-03T12:49:03Z,23.21,64.59,99,0,28.31,102.81,3.00,423.00,null,null,null
2023-09-03T12:50:03Z,23.18,64.59,99,0,30.10,102.82,3.00,423.00,1,1,1
2023-09-03T12:51:03Z,23.22,64.67,99,0,28.25,102.81,3.00,423.00,null,null,null
2023-09-03T12:52:03Z,23.23,64.61,99,0,26.80,102.82,3.00,423.00,null,null,null
2023-09-03T12:53:03Z,23.23,64.60,99,0,31.43,102.81,3.00,423.00,null,null,null
2023-09-03T12:54:03Z,23.21,64.60,99,0,25.06,102.82,3.00,423.00,null,null,null
2023-09-03T12:55:03Z,23.18,64.59,99,0,27.96,102.82,3.00,423.00,2,2,2
2023-09-03T12:56:03Z,23.18,64.67,99,0,34.53,102.82,3.00,423.00,null,null,null
2023-09-03T12:57:03Z,23.21,64.63,99,0,27.14,102.81,3.00,423.00,null,null,null
2023-09-03T12:58:03Z,23.21,64.65,99,0,28.31,102.81,3.00,423.00,null,null,null
2023-09-03T12:59:03Z,23.19,64.60,99,0,28.48,102.81,3.00,423.00,null,null,null
2023-09-03T13:00:03Z,23.19,64.58,99,0,28.48,102.81,3.00,423.00,0,0,0
2023-09-03T13:01:03Z,23.21,64.69,99,0,29.74,102.81,3.00,423.00,null,null,null
2023-09-03T13:02:03Z,23.23,64.63,99,0,27.77,102.81,3.00,423.00,null,null,null
2023-09-03T13:03:03Z,23.21,64.65,99,0,28.58,102.81,3.00,425.00,null,null,null
2023-09-03T13:04:03Z,23.21,64.61,99,0,33.14,102.81,3.00,423.00,null,null,null
2023-09-03T13:05:03Z,23.21,64.65,99,0,26.19,102.81,3.00,423.00,3,3,3
2023-09-03T13:06:03Z,23.21,64.68,99,0,26.53,102.81,3.00,423.00,null,null,null
2023-09-03T13:07:03Z,23.21,64.64,99,0,45.52,102.81,3.00,420.00,null,null,null
2023-09-03T13:08:03Z,23.18,64.65,99,0,32.16,102.80,3.00,420.00,null,null,null
2023-09-03T13:09:03Z,23.21,64.64,99,0,30.98,102.81,3.00,425.00,null,null,null
2023-09-03T13:10:03Z,23.19,64.63,99,0,33.05,102.81,3.00,423.00,0,0,0
2023-09-03T13:11:03Z,23.19,64.72,99,0,25.35,102.80,3.00,420.00,null,null,null
2023-09-03T13:12:03Z,23.23,64.67,99,0,26.48,102.81,3.00,423.00,null,null,null
2023-09-03T13:13:03Z,23.23,64.68,99,0,28.88,102.80,3.00,423.00,null,null,null
2023-09-03T13:14:03Z,23.23,64.64,99,0,28.60,102.80,3.00,425.00,null,null,null
2023-09-03T13:15:03Z,23.19,64.65,99,0,30.29,102.80,3.00,423.00,2,2,2
2023-09-03T13:16:03Z,23.22,64.71,99,0,34.09,102.79,3.00,420.00,null,null,null
2023-09-03T13:17:03Z,23.22,64.67,99,0,30.85,102.79,3.00,423.00,null,null,null
2023-09-03T13:18:03Z,23.25,64.67,99,0,29.74,102.79,3.00,425.00,null,null,null
2023-09-03T13:19:03Z,23.19,64.67,99,0,27.85,102.79,2.00,415.00,null,null,null
2023-09-03T13:20:03Z,23.19,64.62,99,0,22.49,102.79,3.00,423.00,1,1,1
2023-09-03T13:21:03Z,23.22,64.74,99,0,25.62,102.79,3.00,423.00,null,null,null
2023-09-03T13:22:03Z,23.21,64.65,99,0,29.97,102.79,3.00,425.00,null,null,null
2023-09-03T13:23:03Z,23.23,64.66,99,0,30.19,102.78,3.00,423.00,null,null,null
2023-09-03T13:24:03Z,23.25,64.62,99,0,28.45,102.78,3.00,423.00,null,null,null
2023-09-03T13:25:03Z,23.18,64.69,99,0,39.71,102.78,2.00,418.00,1,1,1
2023-09-03T13:26:03Z,23.22,64.77,99,0,29.90,102.78,3.00,423.00,null,null,null
2023-09-03T13:27:03Z,23.25,64.68,99,0,31.10,102.78,3.00,421.00,null,null,null
2023-09-03T13:28:03Z,23.28,64.69,99,0,27.89,102.78,2.00,418.00,null,null,null
2023-09-03T13:29:03Z,23.26,64.65,99,0,26.08,102.78,2.00,415.00,null,null,null
2023-09-03T13:30:03Z,23.22,64.66,99,0,27.16,102.78,2.00,415.00,2,2,2
2023-09-03T13:31:03Z,23.21,64.70,99,0,29.71,102.79,3.00,423.00,null,null,null
2023-09-03T13:32:03Z,23.26,64.68,99,0,35.35,102.78,3.00,423.00,null,null,null
2023-09-03T13:33:03Z,23.23,64.71,99,0,28.45,102.78,2.00,415.00,null,null,null
2023-09-03T13:34:03Z,23.21,64.65,99,0,27.32,102.78,3.00,423.00,null,null,null
2023-09-03T13:35:03Z,23.25,64.65,100,0,44.69,102.79,3.00,420.00,3,3,6
2023-09-03T13:36:03Z,23.21,64.73,99,0,31.89,102.78,1.00,409.00,null,null,null
2023-09-03T13:37:03Z,23.23,64.67,99,0,30.07,102.77,1.00,409.00,null,null,null
2023-09-03T13:38:03Z,23.23,64.70,99,0,26.64,102.77,3.00,423.00,null,null,null
2023-09-03T13:39:03Z,23.23,64.68,99,0,37.17,102.77,3.00,423.00,null,null,null
2023-09-03T13:40:03Z,23.21,64.65,99,0,28.09,102.77,3.00,425.00,0,0,0
2023-09-03T13:41:03Z,23.22,64.70,99,0,28.70,102.77,3.00,420.00,null,null,null
2023-09-03T13:42:03Z,23.26,64.68,99,0,27.75,102.77,3.00,423.00,null,null,null
2023-09-03T13:43:03Z,23.23,64.68,99,0,27.06,102.77,2.00,418.00,null,null,null
2023-09-03T13:44:03Z,23.21,64.69,99,0,35.01,102.77,3.00,423.00,null,null,null
2023-09-03T13:45:03Z,23.23,64.70,99,0,26.89,102.78,3.00,425.00,1,1,1
2023-09-03T13:46:03Z,23.22,64.75,99,0,25.53,102.78,3.00,423.00,null,null,null
2023-09-03T13:47:03Z,23.23,64.68,99,0,35.65,102.78,2.00,418.00,null,null,null
2023-09-03T13:48:03Z,23.23,64.68,99,0,26.97,102.78,3.00,425.00,null,null,null
2023-09-03T13:49:03Z,23.23,64.70,99,0,28.36,102.77,3.00,425.00,null,null,null
2023-09-03T13:50:03Z,23.25,64.65,99,0,28.11,102.78,3.00,423.00,2,2,2
2023-09-03T13:51:03Z,23.23,64.77,99,0,38.29,102.78,2.00,418.00,null,null,null
2023-09-03T13:52:03Z,23.23,64.73,99,0,30.79,102.78,2.00,418.00,null,null,null
2023-09-03T13:53:03Z,23.26,64.67,99,0,27.73,102.77,3.00,425.00,null,null,null
2023-09-03T13:54:03Z,23.26,64.67,99,0,29.12,102.78,2.00,418.00,null,null,null
2023-09-03T13:55:03Z,23.22,64.67,99,0,26.11,102.78,2.00,418.00,5,5,5
2023-09-03T13:56:03Z,23.23,64.75,99,0,26.48,102.77,3.00,423.00,null,null,null
2023-09-03T13:57:03Z,23.25,64.69,99,0,30.15,102.78,3.00,421.00,null,null,null
2023-09-03T13:58:03Z,23.23,64.66,99,0,28.71,102.77,2.00,418.00,null,null,null
2023-09-03T13:59:03Z,23.23,64.69,99,0,29.27,102.77,3.00,423.00,null,null,null
2023-09-03T14:00:03Z,23.21,64.75,99,0,26.34,102.77,3.00,425.00,1,1,1
2023-09-03T14:01:03Z,23.23,64.78,99,0,34.56,102.76,2.00,418.00,null,null,null
2023-09-03T14:02:03Z,23.26,64.69,99,0,38.61,102.76,3.00,421.00,null,null,null
2023-09-03T14:03:03Z,23.23,64.72,100,0,28.98,102.76,2.00,415.00,null,null,null
2023-09-03T14:04:03Z,23.23,64.69,99,0,25.35,102.76,3.00,420.00,null,null,null
2023-09-03T14:05:03Z,23.23,64.76,99,0,33.09,102.76,3.00,420.00,3,3,3
2023-09-03T14:06:03Z,23.23,64.77,99,0,31.66,102.76,3.00,423.00,null,null,null
2023-09-03T14:07:03Z,23.25,64.75,99,0,30.51,102.76,3.00,421.00,null,null,null
2023-09-03T14:08:03Z,23.26,64.69,99,0,30.51,102.76,2.00,414.00,null,null,null
2023-09-03T14:09:03Z,23.23,64.70,99,0,27.18,102.76,2.00,418.00,null,null,null
2023-09-03T14:10:03Z,23.23,64.73,99,0,26.26,102.76,3.00,425.00,2,2,2
2023-09-03T14:11:03Z,23.22,64.86,99,0,32.23,102.76,3.00,423.00,null,null,null
2023-09-03T14:12:03Z,23.25,64.74,100,0,29.79,102.76,3.00,421.00,null,null,null
2023-09-03T14:13:03Z,23.25,64.73,99,0,33.26,102.76,2.00,418.00,null,null,null
2023-09-03T14:14:03Z,23.25,64.72,99,0,33.79,102.76,2.00,418.00,null,null,null
2023-09-03T14:15:03Z,23.23,64.74,99,0,29.58,102.76,2.00,418.00,4,4,4
2023-09-03T14:16:03Z,23.26,64.85,99,0,36.11,102.76,3.00,423.00,null,null,null
2023-09-03T14:17:03Z,23.26,64.78,99,0,25.90,102.76,2.00,414.00,null,null,null
2023-09-03T14:18:03Z,23.25,64.75,99,0,24.43,102.76,2.00,414.00,null,null,null
2023-09-03T14:19:03Z,23.25,64.73,99,0,37.75,102.76,2.00,414.00,null,null,null
2023-09-03T14:20:03Z,23.25,64.74,99,0,27.38,102.75,2.00,418.00,1,1,1
2023-09-03T14:21:03Z,23.28,64.82,99,0,28.02,102.75,2.00,418.00,null,null,null
2023-09-03T14:22:03Z,23.25,64.72,99,0,26.60,102.75,2.00,414.00,null,null,null
2023-09-03T14:23:03Z,23.25,64.77,99,0,29.71,102.75,2.00,418.00,null,null,null
2023-09-03T14:24:03Z,23.23,64.75,99,0,27.16,102.75,2.00,414.00,null,null,null
2023-09-03T14:25:03Z,23.23,64.72,99,0,32.92,102.76,3.00,421.00,4,7,13
2023-09-03T14:26:03Z,23.26,64.85,99,0,34.30,102.75,3.00,425.00,null,null,null
2023-09-03T14:27:03Z,23.26,64.77,99,0,26.84,102.75,2.00,414.00,null,null,null
2023-09-03T14:28:03Z,23.23,64.76,99,0,26.43,102.75,2.00,414.00,null,null,null
2023-09-03T14:29:03Z,23.25,64.75,99,0,null,102.75,3.00,421.00,null,null,null
2023-09-03T14:30:03Z,23.23,64.75,99,0,28.20,102.75,2.00,414.00,0,0,0
2023-09-03T14:31:03Z,23.25,64.81,99,0,28.17,102.74,3.00,421.00,null,null,null
2023-09-03T14:32:03Z,23.25,64.75,99,0,31.62,102.74,1.00,410.00,null,null,null
2023-09-03T14:33:03Z,23.25,64.76,99,0,31.64,102.74,1.00,410.00,null,null,null
2023-09-03T14:34:03Z,23.22,64.72,100,0,34.81,102.74,1.00,410.00,null,null,null
2023-09-03T14:35:03Z,23.25,64.78,99,0,25.16,102.74,2.00,414.00,0,0,0
2023-09-03T14:36:03Z,23.25,64.79,99,0,28.58,102.73,1.00,410.00,null,null,null
2023-09-03T14:37:03Z,23.23,64.78,99,0,28.68,102.73,2.00,414.00,null,null,null
2023-09-03T14:38:03Z,23.25,64.72,99,0,29.13,102.73,3.00,421.00,null,null,null
2023-09-03T14:39:03Z,23.25,64.72,99,0,31.66,102.73,2.00,418.00,null,null,null
2023-09-03T14:40:03Z,23.23,64.74,99,0,29.62,102.72,2.00,418.00,2,2,2
2023-09-03T14:41:03Z,23.26,64.80,99,0,33.91,102.72,3.00,420.00,null,null,null
2023-09-03T14:42:03Z,23.26,64.75,99,0,33.42,102.72,2.00,414.00,null,null,null
2023-09-03T14:43:03Z,23.25,64.79,99,0,26.11,102.72,2.00,414.00,null,null,null
2023-09-03T14:44:03Z,23.23,64.69,99,0,28.11,102.72,2.00,414.00,null,null,null
2023-09-03T14:45:03Z,23.26,64.76,99,0,26.21,102.72,3.00,425.00,1,1,1
2023-09-03T14:46:03Z,23.25,64.81,99,0,32.47,102.72,2.00,414.00,null,null,null
2023-09-03T14:47:03Z,23.25,64.75,99,0,26.89,102.72,2.00,414.00,null,null,null
2023-09-03T14:48:03Z,23.25,64.75,99,0,25.79,102.72,2.00,414.00,null,null,null
2023-09-03T14:49:03Z,23.25,64.75,99,0,27.69,102.72,2.00,414.00,null,null,null
2023-09-03T14:50:03Z,23.25,64.71,99,0,25.50,102.72,2.00,414.00,0,0,0
2023-09-03T14:51:03Z,23.26,64.81,99,0,26.60,102.72,2.00,418.00,null,null,null
2023-09-03T14:52:03Z,23.26,64.78,99,0,36.31,102.72,2.00,414.00,null,null,null
2023-09-03T14:53:03Z,23.26,64.73,99,0,25.70,102.72,2.00,414.00,null,null,null
2023-09-03T14:54:03Z,23.23,64.72,100,0,26.76,102.71,2.00,418.00,null,null,null
2023-09-03T14:55:03Z,23.23,64.74,99,0,28.22,102.72,3.00,423.00,2,2,2
2023-09-03T14:56:03Z,23.25,64.80,99,0,27.68,102.72,3.00,425.00,null,null,null
2023-09-03T14:57:03Z,23.26,64.75,99,0,27.06,102.71,2.00,414.00,null,null,null
2023-09-03T14:58:03Z,23.25,64.73,99,0,27.57,102.72,2.00,414.00,null,null,null
2023-09-03T14:59:03Z,23.23,64.74,99,0,29.60,102.71,2.00,418.00,null,null,null
2023-09-03T15:00:03Z,23.28,64.73,99,0,25.90,102.71,3.00,420.00,6,8,8
2023-09-03T15:01:03Z,23.28,64.81,99,0,27.99,102.72,2.00,415.00,null,null,null
2023-09-03T15:02:03Z,23.25,64.78,99,0,42.81,102.72,2.00,415.00,null,null,null
2023-09-03T15:03:03Z,23.25,64.70,99,0,26.36,102.72,2.00,418.00,null,null,null
2023-09-03T15:04:03Z,23.25,64.71,100,0,27.32,102.71,2.00,418.00,null,null,null
2023-09-03T15:05:03Z,23.22,64.75,99,0,32.29,102.71,2.00,418.00,0,0,0
2023-09-03T15:06:03Z,23.25,64.78,99,0,27.64,102.71,2.00,415.00,null,null,null
2023-09-03T15:07:03Z,23.29,64.73,99,0,26.60,102.71,2.00,414.00,null,null,null
2023-09-03T15:08:03Z,23.26,64.68,99,0,25.82,102.71,2.00,418.00,null,null,null
2023-09-03T15:09:03Z,23.25,64.70,99,0,29.35,102.71,2.00,418.00,null,null,null
2023-09-03T15:10:03Z,23.29,64.74,99,0,29.33,102.71,2.00,418.00,5,6,6
2023-09-03T15:11:03Z,23.25,64.72,99,0,27.16,102.71,2.00,418.00,null,null,null
2023-09-03T15:12:03Z,23.26,64.69,99,0,26.76,102.71,2.00,418.00,null,null,null
2023-09-03T15:13:03Z,23.25,64.71,99,0,38.44,102.72,2.00,418.00,null,null,null
2023-09-03T15:14:03Z,23.23,64.66,99,0,27.16,102.72,2.00,418.00,null,null,null
2023-09-03T15:15:03Z,23.23,64.66,100,0,28.66,102.72,3.00,425.00,0,0,0
2023-09-03T15:16:03Z,23.25,64.75,99,0,25.41,102.71,3.00,425.00,null,null,null
2023-09-03T15:17:03Z,23.26,64.68,99,0,28.20,102.71,2.00,414.00,null,null,null
2023-09-03T15:18:03Z,23.26,64.67,99,0,28.14,102.72,2.00,418.00,null,null,null
2023-09-03T15:19:03Z,23.25,64.71,99,0,28.36,102.71,2.00,418.00,null,null,null
2023-09-03T15:20:03Z,23.25,64.67,99,0,31.62,102.71,2.00,418.00,1,1,1
2023-09-03T15:21:03Z,23.26,64.76,99,0,32.04,102.71,2.00,418.00,null,null,null
2023-09-03T15:22:03Z,23.28,64.72,99,0,25.76,102.71,2.00,414.00,null,null,null
2023-09-03T15:23:03Z,23.26,64.67,99,0,32.03,102.71,2.00,418.00,null,null,null
2023-09-03T15:24:03Z,23.26,64.64,99,0,27.49,102.71,2.00,418.00,null,null,null
2023-09-03T15:25:03Z,23.23,64.67,99,0,25.82,102.71,2.00,418.00,3,3,3
2023-09-03T15:26:03Z,23.26,64.75,99,0,41.94,102.71,3.00,425.00,null,null,null
2023-09-03T15:27:03Z,23.28,64.67,99,0,30.91,102.71,2.00,414.00,null,null,null
2023-09-03T15:28:03Z,23.28,64.65,99,0,30.29,102.70,2.00,415.00,null,null,null
2023-09-03T15:29:03Z,23.26,64.69,99,0,28.95,102.71,1.00,409.00,null,null,null
2023-09-03T15:30:03Z,23.26,64.71,99,0,28.99,102.70,2.00,415.00,2,2,2
2023-09-03T15:31:03Z,23.26,64.73,99,0,28.51,102.70,2.00,415.00,null,null,null
2023-09-03T15:32:03Z,23.26,64.66,99,0,26.06,102.70,2.00,418.00,null,null,null
2023-09-03T15:33:03Z,23.26,64.65,99,0,28.17,102.70,2.00,418.00,null,null,null
2023-09-03T15:34:03Z,23.29,64.64,99,0,28.84,102.70,2.00,418.00,null,null,null
2023-09-03T15:35:03Z,23.29,64.61,99,0,29.89,102.70,2.00,418.00,2,2,2
2023-09-03T15:36:03Z,23.28,64.71,99,0,33.81,102.70,2.00,415.00,null,null,null
2023-09-03T15:37:03Z,23.26,64.65,99,0,29.62,102.69,2.00,415.00,null,null,null
2023-09-03T15:38:03Z,23.29,64.69,99,0,28.45,102.69,2.00,418.00,null,null,null
2023-09-03T15:39:03Z,23.30,64.66,99,0,28.42,102.69,2.00,418.00,null,null,null
2023-09-03T15:40:03Z,23.25,64.66,99,0,29.43,102.69,2.00,418.00,1,3,3
2023-09-03T15:41:03Z,23.26,64.67,99,0,23.81,102.69,2.00,415.00,null,null,null
2023-09-03T15:42:03Z,23.28,64.63,99,0,24.39,102.70,2.00,418.00,null,null,null
2023-09-03T15:43:03Z,23.25,64.66,99,0,26.57,102.69,2.00,418.00,null,null,null
2023-09-03T15:44:03Z,23.29,64.67,99,0,28.31,102.69,2.00,418.00,null,null,null
2023-09-03T15:45:03Z,23.28,64.66,99,0,26.06,102.69,2.00,418.00,3,3,3
2023-09-03T15:46:03Z,23.26,64.68,99,0,25.53,102.69,2.00,418.00,null,null,null
2023-09-03T15:47:03Z,23.26,64.65,99,0,26.53,102.69,2.00,418.00,null,null,null
2023-09-03T15:48:03Z,23.26,64.66,99,0,29.18,102.69,2.00,418.00,null,null,null
2023-09-03T15:49:03Z,23.26,64.64,99,0,26.89,102.69,2.00,418.00,null,null,null
2023-09-03T15:50:03Z,23.28,64.66,99,0,30.58,102.69,2.00,418.00,2,2,2
2023-09-03T15:51:03Z,23.25,64.70,99,0,25.00,102.69,2.00,418.00,null,null,null
2023-09-03T15:52:03Z,23.28,64.67,99,0,27.64,102.69,2.00,418.00,null,null,null
2023-09-03T15:53:03Z,23.26,64.65,99,0,25.67,102.69,2.00,418.00,null,null,null
2023-09-03T15:54:03Z,23.25,64.61,99,0,28.15,102.69,2.00,418.00,null,null,null
2023-09-03T15:55:03Z,23.25,64.64,99,0,25.22,102.69,2.00,418.00,4,4,4
2023-09-03T15:56:03Z,23.28,64.65,99,0,26.82,102.69,2.00,418.00,null,null,null
2023-09-03T15:57:03Z,23.28,64.66,99,0,28.23,102.69,2.00,418.00,null,null,null
2023-09-03T15:58:03Z,23.30,64.65,99,0,31.51,102.69,2.00,415.00,null,null,null
2023-09-03T15:59:03Z,23.25,64.63,99,0,33.54,102.69,2.00,415.00,null,null,null
2023-09-03T16:00:03Z,23.28,64.64,99,0,24.86,102.69,2.00,418.00,2,2,2
2023-09-03T16:01:03Z,23.28,64.64,99,0,28.61,102.68,2.00,415.00,null,null,null
2023-09-03T16:02:03Z,23.28,64.64,99,0,32.99,102.69,2.00,418.00,null,null,null
2023-09-03T16:03:03Z,23.29,64.65,99,0,44.68,102.68,2.00,415.00,null,null,null
2023-09-03T16:04:03Z,23.28,64.64,99,0,24.72,102.69,2.00,418.00,null,null,null
2023-09-03T16:05:03Z,23.25,64.62,99,0,26.14,102.68,2.00,418.00,4,5,5
2023-09-03T16:06:03Z,23.26,64.67,99,0,28.89,102.68,2.00,415.00,null,null,null
2023-09-03T16:07:03Z,23.30,64.63,99,0,31.17,102.68,2.00,418.00,null,null,null
2023-09-03T16:08:03Z,23.28,64.63,99,0,29.32,102.67,2.00,418.00,null,null,null
2023-09-03T16:09:03Z,23.33,64.62,99,0,27.40,102.67,2.00,418.00,null,null,null
2023-09-03T16:10:03Z,23.25,64.64,99,0,28.77,102.67,2.00,418.00,3,3,3
2023-09-03T16:11:03Z,23.28,64.70,99,0,29.03,102.67,2.00,418.00,null,null,null
2023-09-03T16:12:03Z,23.30,64.65,99,0,25.73,102.67,2.00,418.00,null,null,null
2023-09-03T16:13:03Z,23.29,64.66,99,0,28.42,102.67,2.00,418.00,null,null,null
2023-09-03T16:14:03Z,23.28,64.64,99,0,32.66,102.68,2.00,418.00,null,null,null
2023-09-03T16:15:03Z,23.29,64.63,99,0,25.50,102.68,2.00,418.00,1,2,2
2023-09-03T16:16:03Z,23.29,64.68,99,0,24.54,102.68,2.00,418.00,null,null,null
2023-09-03T16:17:03Z,23.29,64.63,99,0,32.73,102.68,2.00,418.00,null,null,null
2023-09-03T16:18:03Z,23.28,64.67,99,0,25.16,102.68,2.00,418.00,null,null,null
2023-09-03T16:19:03Z,23.29,64.63,99,0,28.47,102.68,2.00,418.00,null,null,null
2023-09-03T16:20:03Z,23.29,64.65,99,0,27.57,102.67,2.00,418.00,3,5,5
2023-09-03T16:21:03Z,23.28,64.72,99,0,26.84,102.68,2.00,418.00,null,null,null
2023-09-03T16:22:03Z,23.29,64.67,99,0,39.52,102.68,2.00,418.00,null,null,null
2023-09-03T16:23:03Z,23.30,64.67,99,0,34.84,102.68,2.00,418.00,null,null,null
2023-09-03T16:24:03Z,23.33,64.63,99,0,26.99,102.68,2.00,418.00,null,null,null
2023-09-03T16:25:03Z,23.29,64.70,99,0,27.16,102.68,2.00,415.00,3,3,3
2023-09-03T16:26:03Z,23.30,64.70,99,0,28.23,102.68,2.00,418.00,null,null,null
2023-09-03T16:27:03Z,23.32,64.68,99,0,33.14,102.67,2.00,415.00,null,null,null
2023-09-03T16:28:03Z,23.30,64.63,100,0,25.67,102.68,2.00,415.00,null,null,null
2023-09-03T16:29:03Z,23.30,64.64,99,0,27.64,102.67,2.00,418.00,null,null,null
2023-09-03T16:30:03Z,23.29,64.67,99,0,26.29,102.67,2.00,418.00,3,3,3
2023-09-03T16:31:03Z,23.32,64.75,99,0,28.54,102.68,2.00,415.00,null,null,null
2023-09-03T16:32:03Z,23.33,64.68,99,0,26.34,102.68,2.00,414.00,null,null,null
2023-09-03T16:33:03Z,23.30,64.68,99,0,27.68,102.68,2.00,418.00,null,null,null
2023-09-03T16:34:03Z,23.32,64.67,99,0,28.40,102.67,2.00,418.00,null,null,null
2023-09-03T16:35:03Z,23.28,64.65,99,0,27.60,102.68,2.00,418.00,4,4,4
2023-09-03T16:36:03Z,23.30,64.75,99,0,24.76,102.68,2.00,415.00,null,null,null
2023-09-03T16:37:03Z,23.32,64.68,99,0,30.63,102.67,2.00,414.00,null,null,null
2023-09-03T16:38:03Z,23.29,64.70,99,0,25.98,102.67,2.00,418.00,null,null,null
2023-09-03T16:39:03Z,23.30,64.66,99,0,28.95,102.67,2.00,418.00,null,null,null
2023-09-03T16:40:03Z,23.29,64.64,99,0,31.38,102.66,3.00,423.00,2,4,4
2023-09-03T16:41:03Z,23.30,64.74,99,0,39.61,102.67,2.00,418.00,null,null,null
2023-09-03T16:42:03Z,23.30,64.67,99,0,25.50,102.66,2.00,418.00,null,null,null
2023-09-03T16:43:03Z,23.30,64.67,99,0,29.79,102.66,2.00,418.00,null,null,null
2023-09-03T16:44:03Z,23.32,64.65,99,0,30.69,102.66,2.00,418.00,null,null,null
2023-09-03T16:45:03Z,23.30,64.72,99,0,35.41,102.66,2.00,415.00,0,1,1
2023-09-03T16:46:03Z,23.32,64.78,99,0,23.25,102.66,2.00,418.00,null,null,null
2023-09-03T16:47:03Z,23.30,64.71,99,0,26.41,102.66,2.00,414.00,null,null,null
2023-09-03T16:48:03Z,23.32,64.68,99,0,26.57,102.66,3.00,423.00,null,null,null
2023-09-03T16:49:03Z,23.33,64.69,99,0,27.26,102.65,2.00,418.00,null,null,null
2023-09-03T16:50:03Z,23.29,64.66,99,0,26.71,102.65,2.00,418.00,1,1,1
2023-09-03T16:51:03Z,23.35,64.75,99,0,27.85,102.66,2.00,415.00,null,null,null
2023-09-03T16:52:03Z,23.30,64.71,99,0,28.88,102.66,2.00,418.00,null,null,null
2023-09-03T16:53:03Z,23.35,64.71,99,0,25.41,102.65,2.00,418.00,null,null,null
2023-09-03T16:54:03Z,23.32,64.71,99,0,28.47,102.66,2.00,418.00,null,null,null
2023-09-03T16:55:03Z,23.30,64.67,99,0,26.93,102.66,2.00,415.00,4,4,4
2023-09-03T16:56:03Z,23.30,64.78,99,0,32.49,102.66,2.00,415.00,null,null,null
2023-09-03T16:57:03Z,23.33,64.72,99,0,26.97,102.66,2.00,418.00,null,null,null
2023-09-03T16:58:03Z,23.32,64.66,99,0,25.67,102.66,3.00,423.00,null,null,null
2023-09-03T16:59:03Z,23.32,64.68,100,0,27.73,102.66,2.00,418.00,null,null,null
2023-09-03T17:00:03Z,23.32,64.68,99,0,26.41,102.65,2.00,418.00,3,3,3
2023-09-03T17:01:03Z,23.35,64.76,99,0,30.30,102.65,2.00,415.00,null,null,null
2023-09-03T17:02:03Z,23.32,64.65,99,0,26.50,102.65,2.00,418.00,null,null,null
2023-09-03T17:03:03Z,23.33,64.70,99,0,30.78,102.65,2.00,418.00,null,null,null
2023-09-03T17:04:03Z,23.33,64.62,99,0,25.67,102.65,2.00,418.00,null,null,null
2023-09-03T17:05:03Z,23.30,64.70,99,0,27.82,102.65,2.00,418.00,5,5,5
2023-09-03T17:06:03Z,23.35,64.73,99,0,30.36,102.64,2.00,418.00,null,null,null
2023-09-03T17:07:03Z,23.32,64.70,99,0,36.98,102.64,2.00,418.00,null,null,null
2023-09-03T17:08:03Z,23.32,64.68,99,0,24.58,102.65,2.00,418.00,null,null,null
2023-09-03T17:09:03Z,23.33,64.66,99,0,27.49,102.64,2.00,418.00,null,null,null
2023-09-03T17:10:03Z,23.30,64.68,99,0,28.40,102.65,2.00,418.00,2,2,2
2023-09-03T17:11:03Z,23.36,64.73,99,0,26.89,102.65,2.00,418.00,null,null,null
2023-09-03T17:12:03Z,23.35,64.71,99,0,30.73,102.65,2.00,418.00,null,null,null
2023-09-03T17:13:03Z,23.35,64.71,99,0,28.71,102.66,2.00,418.00,null,null,null
2023-09-03T17:14:03Z,23.39,64.70,99,0,25.84,102.65,3.00,423.00,null,null,null
2023-09-03T17:15:03Z,23.33,64.71,99,0,26.76,102.66,3.00,423.00,3,3,3
2023-09-03T17:16:03Z,23.33,64.81,99,0,27.24,102.66,3.00,423.00,null,null,null
2023-09-03T17:17:03Z,23.33,64.76,99,0,29.12,102.66,2.00,418.00,null,null,null
2023-09-03T17:18:03Z,23.33,64.77,99,0,26.67,102.66,2.00,418.00,null,null,null
2023-09-03T17:19:03Z,23.32,64.71,99,0,30.29,102.66,2.00,418.00,null,null,null
2023-09-03T17:20:03Z,23.35,64.78,99,0,34.43,102.66,3.00,423.00,2,2,2
2023-09-03T17:21:03Z,23.36,64.81,99,0,26.43,102.66,2.00,418.00,null,null,null
2023-09-03T17:22:03Z,23.35,64.79,99,0,39.06,102.65,2.00,418.00,null,null,null
2023-09-03T17:23:03Z,23.33,64.77,99,0,29.11,102.66,2.00,414.00,null,null,null
2023-09-03T17:24:03Z,23.36,64.75,99,0,27.82,102.66,2.00,414.00,null,null,null
2023-09-03T17:25:03Z,23.33,64.73,99,0,33.39,102.66,2.00,414.00,6,7,7
2023-09-03T17:26:03Z,23.33,64.79,99,0,39.43,102.66,2.00,418.00,null,null,null
2023-09-03T17:27:03Z,23.35,64.78,99,0,29.48,102.65,3.00,422.00,null,null,null
2023-09-03T17:28:03Z,23.33,64.78,99,0,28.40,102.66,2.00,418.00,null,null,null
2023-09-03T17:29:03Z,23.35,64.75,99,0,27.45,102.65,3.00,422.00,null,null,null
2023-09-03T17:30:03Z,23.35,64.81,99,0,26.62,102.66,2.00,418.00,1,1,1
2023-09-03T17:31:03Z,23.33,64.80,99,0,26.48,102.65,2.00,414.00,null,null,null
2023-09-03T17:32:03Z,23.35,64.77,99,0,28.06,102.65,2.00,418.00,null,null,null
2023-09-03T17:33:03Z,23.35,64.82,99,0,27.69,102.65,3.00,422.00,null,null,null
2023-09-03T17:34:03Z,23.35,64.79,99,0,24.27,102.65,2.00,418.00,null,null,null
2023-09-03T17:35:03Z,23.32,64.81,99,0,28.04,102.65,3.00,422.00,2,2,2
2023-09-03T17:36:03Z,23.33,64.89,99,0,29.46,102.65,3.00,422.00,null,null,null
2023-09-03T17:37:03Z,23.36,64.86,99,0,28.04,102.65,2.00,418.00,null,null,null
2023-09-03T17:38:03Z,23.35,64.85,99,0,30.89,102.64,3.00,422.00,null,null,null
2023-09-03T17:39:03Z,23.33,64.82,99,0,26.48,102.64,3.00,422.00,null,null,null
2023-09-03T17:40:03Z,23.35,64.83,99,0,28.01,102.64,2.00,418.00,3,4,4
2023-09-03T17:41:03Z,23.35,64.93,99,0,26.62,102.64,3.00,422.00,null,null,null
2023-09-03T17:42:03Z,23.37,64.85,99,0,24.76,102.64,3.00,422.00,null,null,null
2023-09-03T17:43:03Z,23.35,64.87,99,0,27.02,102.64,3.00,422.00,null,null,null
2023-09-03T17:44:03Z,23.36,64.83,99,0,25.22,102.64,3.00,422.00,null,null,null
2023-09-03T17:45:03Z,23.33,64.85,99,0,30.65,102.64,3.00,422.00,2,2,2
2023-09-03T17:46:03Z,23.35,64.94,99,0,28.11,102.64,3.00,422.00,null,null,null
2023-09-03T17:47:03Z,23.35,64.90,99,0,29.90,102.65,3.00,422.00,null,null,null
2023-09-03T17:48:03Z,23.33,64.85,99,0,40.79,102.65,3.00,422.00,null,null,null
2023-09-03T17:49:03Z,23.35,64.87,99,0,26.24,102.65,3.00,422.00,null,null,null
2023-09-03T17:50:03Z,23.32,64.84,99,0,28.91,102.65,3.00,422.00,5,5,5
2023-09-03T17:51:03Z,23.35,64.97,99,0,41.61,102.65,4.00,427.00,null,null,null
2023-09-03T17:52:03Z,23.36,64.87,99,0,27.44,102.65,2.00,418.00,null,null,null
2023-09-03T17:53:03Z,23.37,64.89,99,0,28.40,102.65,2.00,418.00,null,null,null
2023-09-03T17:54:03Z,23.36,64.87,99,0,34.03,102.65,2.00,418.00,null,null,null
2023-09-03T17:55:03Z,23.35,64.88,99,0,28.93,102.65,4.00,427.00,0,0,0
2023-09-03T17:56:03Z,23.36,64.94,99,0,27.30,102.64,2.00,418.00,null,null,null
2023-09-03T17:57:03Z,23.37,64.87,99,0,24.89,102.64,3.00,422.00,null,null,null
2023-09-03T17:58:03Z,23.36,64.89,99,0,26.14,102.64,4.00,427.00,null,null,null
2023-09-03T17:59:03Z,23.33,64.90,99,0,27.30,102.64,4.00,427.00,null,null,null
2023-09-03T18:00:03Z,23.33,64.87,99,0,26.82,102.64,4.00,427.00,4,4,4
2023-09-03T18:01:03Z,23.35,64.93,99,0,27.62,102.64,3.00,422.00,null,null,null
2023-09-03T18:02:03Z,23.36,64.87,99,0,27.66,102.64,3.00,422.00,null,null,null
2023-09-03T18:03:03Z,23.40,64.84,99,0,27.16,102.64,4.00,427.00,null,null,null
2023-09-03T18:04:03Z,23.36,64.86,99,0,28.36,102.65,3.00,422.00,null,null,null
2023-09-03T18:05:03Z,23.37,64.86,99,0,28.95,102.65,4.00,427.00,5,6,6
2023-09-03T18:06:03Z,23.36,64.98,99,0,29.93,102.65,3.00,422.00,null,null,null
2023-09-03T18:07:03Z,23.35,64.87,99,0,28.17,102.64,3.00,422.00,null,null,null
2023-09-03T18:08:03Z,23.37,64.86,99,0,27.02,102.65,4.00,427.00,null,null,null
2023-09-03T18:09:03Z,23.35,64.86,99,0,25.82,102.64,4.00,427.00,null,null,null
2023-09-03T18:10:03Z,23.35,64.91,99,0,27.64,102.64,4.00,427.00,5,6,6
2023-09-03T18:11:03Z,23.36,64.95,99,0,27.34,102.64,4.00,427.00,null,null,null
2023-09-03T18:12:03Z,23.36,64.87,99,0,30.17,102.65,4.00,427.00,null,null,null
2023-09-03T18:13:03Z,23.32,64.88,99,0,32.03,102.64,4.00,427.00,null,null,null
2023-09-03T18:14:03Z,23.37,64.86,99,0,28.47,102.65,4.00,427.00,null,null,null
2023-09-03T18:15:03Z,23.36,64.89,99,0,24.76,102.65,4.00,427.00,3,3,3
2023-09-03T18:16:03Z,23.37,65.00,99,0,28.99,102.65,4.00,427.00,null,null,null
2023-09-03T18:17:03Z,23.37,64.93,99,0,28.55,102.65,4.00,427.00,null,null,null
2023-09-03T18:18:03Z,23.37,64.92,99,0,27.34,102.64,4.00,427.00,null,null,null
2023-09-03T18:19:03Z,23.37,64.91,99,0,29.09,102.64,4.00,427.00,null,null,null
2023-09-03T18:20:03Z,23.33,64.91,99,0,28.63,102.65,4.00,427.00,1,1,1
2023-09-03T18:21:03Z,23.36,65.00,99,0,29.07,102.65,3.00,422.00,null,null,null
2023-09-03T18:22:03Z,23.33,64.95,99,0,32.59,102.65,3.00,422.00,null,null,null
2023-09-03T18:23:03Z,23.36,64.93,99,0,27.36,102.65,4.00,427.00,null,null,null
2023-09-03T18:24:03Z,23.36,64.95,99,0,28.64,102.65,4.00,427.00,null,null,null
2023-09-03T18:25:03Z,23.39,64.97,99,0,28.06,102.64,4.00,427.00,4,4,4
2023-09-03T18:26:03Z,23.36,65.06,99,0,25.79,102.64,4.00,427.00,null,null,null
2023-09-03T18:27:03Z,23.37,65.00,99,0,28.92,102.65,4.00,427.00,null,null,null
2023-09-03T18:28:03Z,23.37,64.97,99,0,28.19,102.64,5.00,433.00,null,null,null
2023-09-03T18:29:03Z,23.39,64.92,99,0,26.93,102.64,5.00,433.00,null,null,null
2023-09-03T18:30:03Z,23.39,64.95,99,0,27.66,102.65,5.00,433.00,3,3,3
2023-09-03T18:31:03Z,23.36,65.04,99,0,27.90,102.65,4.00,427.00,null,null,null
2023-09-03T18:32:03Z,23.36,64.98,99,0,29.92,102.65,5.00,433.00,null,null,null
2023-09-03T18:33:03Z,23.36,64.96,99,0,29.18,102.64,5.00,433.00,null,null,null
2023-09-03T18:34:03Z,23.35,64.97,99,0,28.45,102.65,4.00,427.00,null,null,null
2023-09-03T18:35:03Z,23.35,64.97,99,0,29.03,102.64,5.00,433.00,3,4,8
2023-09-03T18:36:03Z,23.37,65.04,99,0,31.31,102.65,5.00,433.00,null,null,null
2023-09-03T18:37:03Z,23.36,65.01,99,0,29.51,102.65,5.00,433.00,null,null,null
2023-09-03T18:38:03Z,23.35,65.01,99,0,28.40,102.64,5.00,433.00,null,null,null
2023-09-03T18:39:03Z,23.35,65.03,99,0,28.48,102.65,5.00,433.00,null,null,null
2023-09-03T18:40:03Z,23.39,64.99,99,0,30.73,102.65,5.00,433.00,4,4,4
2023-09-03T18:41:03Z,23.36,65.06,99,0,29.47,102.65,5.00,433.00,null,null,null
2023-09-03T18:42:03Z,23.37,65.04,99,0,25.50,102.64,5.00,433.00,null,null,null
2023-09-03T18:43:03Z,23.37,65.01,99,0,28.11,102.65,5.00,433.00,null,null,null
2023-09-03T18:44:03Z,23.36,65.01,99,0,27.24,102.65,5.00,433.00,null,null,null
2023-09-03T18:45:03Z,23.40,65.01,99,0,28.15,102.65,5.00,433.00,3,3,3
2023-09-03T18:46:03Z,23.39,65.10,99,0,30.13,102.65,5.00,433.00,null,null,null
2023-09-03T18:47:03Z,23.37,65.04,99,0,28.92,102.65,5.00,433.00,null,null,null
2023-09-03T18:48:03Z,23.40,65.03,99,0,28.91,102.65,5.00,433.00,null,null,null
2023-09-03T18:49:03Z,23.39,65.05,99,0,33.25,102.65,4.00,427.00,null,null,null
2023-09-03T18:50:03Z,23.36,65.04,99,0,33.58,102.64,4.00,427.00,2,7,13
2023-09-03T18:51:03Z,23.36,65.19,99,0,28.74,102.65,4.00,427.00,null,null,null
2023-09-03T18:52:03Z,23.36,65.04,99,0,28.45,102.65,5.00,433.00,null,null,null
2023-09-03T18:53:03Z,23.37,65.09,99,0,38.18,102.64,5.00,433.00,null,null,null
2023-09-03T18:54:03Z,23.37,65.08,99,0,26.36,102.65,5.00,433.00,null,null,null
2023-09-03T18:55:03Z,23.37,65.02,99,0,30.12,102.65,5.00,433.00,4,4,4
2023-09-03T18:56:03Z,23.36,65.14,99,0,28.34,102.65,4.00,427.00,null,null,null
2023-09-03T18:57:03Z,23.39,65.08,99,0,23.77,102.66,5.00,433.00,null,null,null
2023-09-03T18:58:03Z,23.37,65.05,99,0,37.71,102.64,5.00,438.00,null,null,null
2023-09-03T18:59:03Z,23.40,65.05,99,0,28.58,102.65,5.00,438.00,null,null,null
2023-09-03T19:00:03Z,23.35,65.06,99,0,33.35,102.65,5.00,433.00,3,4,4
2023-09-03T19:01:03Z,23.37,65.17,99,0,33.93,102.65,5.00,433.00,null,null,null
2023-09-03T19:02:03Z,23.37,65.11,99,0,29.12,102.65,5.00,438.00,null,null,null
2023-09-03T19:03:03Z,23.37,65.08,99,0,26.89,102.65,5.00,438.00,null,null,null
2023-09-03T19:04:03Z,23.36,65.10,99,0,35.45,102.65,5.00,438.00,null,null,null
2023-09-03T19:05:03Z,23.37,65.13,99,0,27.08,102.66,5.00,433.00,5,5,5
2023-09-03T19:06:03Z,23.36,65.20,99,0,26.38,102.65,5.00,438.00,null,null,null
2023-09-03T19:07:03Z,23.37,65.11,99,0,36.79,102.66,5.00,438.00,null,null,null
2023-09-03T19:08:03Z,23.37,65.11,99,0,26.24,102.66,5.00,438.00,null,null,null
2023-09-03T19:09:03Z,23.35,65.10,99,0,26.69,102.66,5.00,438.00,null,null,null
2023-09-03T19:10:03Z,23.36,65.05,100,0,25.95,102.67,5.00,438.00,2,2,2
2023-09-03T19:11:03Z,23.37,65.19,99,0,27.96,102.67,5.00,438.00,null,null,null
2023-09-03T19:12:03Z,23.40,65.09,99,0,25.29,102.67,5.00,438.00,null,null,null
2023-09-03T19:13:03Z,23.36,65.10,99,0,25.76,102.67,5.00,438.00,null,null,null
2023-09-03T19:14:03Z,23.36,65.09,99,0,26.50,102.67,5.00,438.00,null,null,null
2023-09-03T19:15:03Z,23.36,65.09,99,0,26.80,102.67,5.00,438.00,7,9,9
2023-09-03T19:16:03Z,23.37,65.19,99,0,26.91,102.67,5.00,438.00,null,null,null
2023-09-03T19:17:03Z,23.37,65.08,99,0,26.03,102.67,5.00,438.00,null,null,null
2023-09-03T19:18:03Z,23.42,65.10,99,0,25.90,102.67,5.00,433.00,null,null,null
2023-09-03T19:19:03Z,23.37,65.09,99,0,31.86,102.67,5.00,433.00,null,null,null
2023-09-03T19:20:03Z,23.35,65.09,99,0,27.30,102.68,5.00,433.00,6,6,6
2023-09-03T19:21:03Z,23.37,65.14,99,0,27.28,102.67,5.00,433.00,null,null,null
2023-09-03T19:22:03Z,23.36,65.09,99,0,24.58,102.68,5.00,438.00,null,null,null
2023-09-03T19:23:03Z,23.37,65.11,99,0,31.62,102.68,5.00,438.00,null,null,null
2023-09-03T19:24:03Z,23.36,65.09,99,0,30.47,102.68,5.00,433.00,null,null,null
2023-09-03T19:25:03Z,23.35,65.09,99,0,25.50,102.68,5.00,438.00,5,6,6
2023-09-03T19:26:03Z,23.35,65.18,99,0,33.34,102.68,5.00,433.00,null,null,null
2023-09-03T19:27:03Z,23.36,65.13,99,0,27.57,102.68,5.00,438.00,null,null,null
2023-09-03T19:28:03Z,23.36,65.09,99,0,27.12,102.68,5.00,438.00,null,null,null
2023-09-03T19:29:03Z,23.35,65.12,99,0,25.47,102.68,5.00,438.00,null,null,null
2023-09-03T19:30:03Z,23.36,65.12,99,0,28.74,102.69,5.00,438.00,3,4,4
2023-09-03T19:31:03Z,23.37,65.24,99,0,29.37,102.69,5.00,438.00,null,null,null
2023-09-03T19:32:03Z,23.37,65.16,99,0,28.89,102.69,5.00,438.00,null,null,null
2023-09-03T19:33:03Z,23.40,65.19,99,0,27.62,102.69,5.00,438.00,null,null,null
2023-09-03T19:34:03Z,23.35,65.11,99,0,38.26,102.69,5.00,438.00,null,null,null
2023-09-03T19:35:03Z,23.40,65.11,99,0,27.16,102.69,5.00,438.00,3,3,3
2023-09-03T19:36:03Z,23.37,65.20,99,0,26.48,102.69,5.00,438.00,null,null,null
2023-09-03T19:37:03Z,23.37,65.14,99,0,26.06,102.69,5.00,438.00,null,null,null
2023-09-03T19:38:03Z,23.36,65.14,99,0,27.94,102.69,5.00,438.00,null,null,null
2023-09-03T19:39:03Z,23.37,65.11,99,0,25.06,102.69,5.00,438.00,null,null,null
2023-09-03T19:40:03Z,23.35,65.13,99,0,25.76,102.69,5.00,438.00,3,3,3
2023-09-03T19:41:03Z,23.36,65.18,99,0,26.29,102.69,5.00,438.00,null,null,null
2023-09-03T19:42:03Z,23.39,65.14,99,0,25.41,102.69,6.00,441.00,null,null,null
2023-09-03T19:43:03Z,23.37,65.12,99,0,34.47,102.69,5.00,438.00,null,null,null
2023-09-03T19:44:03Z,23.37,65.12,99,0,26.36,102.69,5.00,438.00,null,null,null
2023-09-03T19:45:03Z,23.35,65.16,99,0,25.26,102.69,5.00,438.00,3,3,3
2023-09-03T19:46:03Z,23.36,65.21,99,0,25.06,102.69,5.00,438.00,null,null,null
2023-09-03T19:47:03Z,23.37,65.18,99,0,28.19,102.69,5.00,433.00,null,null,null
2023-09-03T19:48:03Z,23.37,65.17,99,0,32.46,102.69,5.00,433.00,null,null,null
2023-09-03T19:49:03Z,23.35,65.14,99,0,27.96,102.68,5.00,438.00,null,null,null
2023-09-03T19:50:03Z,23.33,65.17,99,0,23.72,102.68,6.00,441.00,3,4,4
2023-09-03T19:51:03Z,23.37,65.27,99,0,28.77,102.69,5.00,433.00,null,null,null
2023-09-03T19:52:03Z,23.39,65.16,99,0,27.87,102.68,5.00,434.00,null,null,null
2023-09-03T19:53:03Z,23.37,65.19,99,0,27.96,102.68,5.00,438.00,null,null,null
2023-09-03T19:54:03Z,23.37,65.14,99,0,26.19,102.68,5.00,438.00,null,null,null
2023-09-03T19:55:03Z,23.37,65.12,99,0,28.34,102.68,5.00,438.00,4,4,4
2023-09-03T19:56:03Z,23.37,65.22,99,0,32.20,102.68,5.00,438.00,null,null,null
2023-09-03T19:57:03Z,23.37,65.19,99,0,29.78,102.68,6.00,441.00,null,null,null
2023-09-03T19:58:03Z,23.36,65.14,99,0,45.72,102.68,5.00,438.00,null,null,null
2023-09-03T19:59:03Z,23.37,65.18,99,0,24.03,102.69,5.00,438.00,null,null,null
2023-09-03T20:00:03Z,23.35,65.14,99,0,24.93,102.69,5.00,438.00,1,2,2
2023-09-03T20:01:03Z,23.37,65.23,99,0,25.65,102.68,6.00,441.00,null,null,null
2023-09-03T20:02:03Z,23.42,65.18,99,0,26.55,102.69,5.00,438.00,null,null,null
2023-09-03T20:03:03Z,23.37,65.18,99,0,25.00,102.69,5.00,438.00,null,null,null
2023-09-03T20:04:03Z,23.36,65.17,99,0,37.69,102.69,6.00,441.00,null,null,null
2023-09-03T20:05:03Z,23.39,65.14,99,0,28.28,102.70,5.00,438.00,4,4,4
2023-09-03T20:06:03Z,23.36,65.22,99,0,32.09,102.70,5.00,438.00,null,null,null
2023-09-03T20:07:03Z,23.37,65.19,99,0,31.45,102.70,5.00,438.00,null,null,null
2023-09-03T20:08:03Z,23.37,65.14,99,0,29.82,102.70,5.00,438.00,null,null,null
2023-09-03T20:09:03Z,23.36,65.16,99,0,29.69,102.70,5.00,438.00,null,null,null
2023-09-03T20:10:03Z,23.33,65.21,99,0,26.36,102.70,6.00,441.00,4,6,6
2023-09-03T20:11:03Z,23.36,65.28,99,0,24.31,102.70,5.00,438.00,null,null,null
2023-09-03T20:12:03Z,23.37,65.18,99,0,30.03,102.70,5.00,434.00,null,null,null
2023-09-03T20:13:03Z,23.37,65.16,99,0,30.03,102.70,5.00,438.00,null,null,null
2023-09-03T20:14:03Z,23.40,65.13,99,0,23.98,102.70,6.00,441.00,null,null,null
2023-09-03T20:15:03Z,23.37,65.21,99,0,25.16,102.70,5.00,433.00,2,2,2
2023-09-03T20:16:03Z,23.39,65.28,99,0,32.42,102.70,5.00,433.00,null,null,null
2023-09-03T20:17:03Z,23.35,65.22,99,0,25.90,102.70,5.00,433.00,null,null,null
2023-09-03T20:18:03Z,23.39,65.19,99,0,25.44,102.69,5.00,434.00,null,null,null
2023-09-03T20:19:03Z,23.36,65.20,99,0,28.25,102.70,6.00,441.00,null,null,null
2023-09-03T20:20:03Z,23.37,65.19,99,0,28.06,102.70,6.00,441.00,4,6,6
2023-09-03T20:21:03Z,23.36,65.27,99,0,26.21,102.70,5.00,438.00,null,null,null
2023-09-03T20:22:03Z,23.37,65.21,99,0,24.58,102.70,5.00,434.00,null,null,null
2023-09-03T20:23:03Z,23.37,65.18,99,0,27.44,102.70,5.00,438.00,null,null,null
2023-09-03T20:24:03Z,23.36,65.18,99,0,25.29,102.70,5.00,438.00,null,null,null
2023-09-03T20:25:03Z,23.33,65.20,99,0,35.80,102.70,6.00,441.00,0,0,0
2023-09-03T20:26:03Z,23.37,65.30,99,0,28.67,102.70,6.00,441.00,null,null,null
2023-09-03T20:27:03Z,23.39,65.26,99,0,26.80,102.70,5.00,434.00,null,null,null
2023-09-03T20:28:03Z,23.37,65.19,99,0,23.35,102.70,5.00,434.00,null,null,null
2023-09-03T20:29:03Z,23.39,65.22,99,0,28.60,102.70,5.00,438.00,null,null,null
2023-09-03T20:30:03Z,23.37,65.20,99,0,28.22,102.70,6.00,441.00,3,3,3
2023-09-03T20:31:03Z,23.37,65.27,99,0,35.92,102.69,6.00,441.00,null,null,null
2023-09-03T20:32:03Z,23.39,65.22,99,0,27.96,102.70,5.00,434.00,null,null,null
2023-09-03T20:33:03Z,23.37,65.19,99,0,25.16,102.70,6.00,441.00,null,null,null
2023-09-03T20:34:03Z,23.40,65.21,99,0,27.06,102.70,6.00,441.00,null,null,null
2023-09-03T20:35:03Z,23.39,65.20,99,0,24.68,102.69,5.00,438.00,2,2,2
2023-09-03T20:36:03Z,23.36,65.27,99,0,29.74,102.70,5.00,438.00,null,null,null
2023-09-03T20:37:03Z,23.36,65.24,99,0,27.24,102.70,5.00,436.00,null,null,null
2023-09-03T20:38:03Z,23.37,65.20,99,0,25.76,102.70,5.00,438.00,null,null,null
2023-09-03T20:39:03Z,23.42,65.20,99,0,27.22,102.69,6.00,441.00,null,null,null
2023-09-03T20:40:03Z,23.37,65.21,99,0,24.15,102.70,6.00,441.00,0,0,0
2023-09-03T20:41:03Z,23.36,65.30,99,0,25.26,102.69,5.00,438.00,null,null,null
2023-09-03T20:42:03Z,23.37,65.27,99,0,27.99,102.69,5.00,436.00,null,null,null
2023-09-03T20:43:03Z,23.37,65.24,99,0,31.52,102.69,5.00,434.00,null,null,null
2023-09-03T20:44:03Z,23.36,65.21,99,0,27.40,102.69,5.00,433.00,null,null,null
2023-09-03T20:45:03Z,23.36,65.20,99,0,40.99,102.70,5.00,433.00,2,3,3
2023-09-03T20:46:03Z,23.37,65.31,99,0,26.31,102.69,6.00,441.00,null,null,null
2023-09-03T20:47:03Z,23.36,65.24,99,0,27.20,102.70,5.00,436.00,null,null,null
2023-09-03T20:48:03Z,23.39,65.23,99,0,27.08,102.70,5.00,438.00,null,null,null
2023-09-03T20:49:03Z,23.37,65.23,99,0,25.95,102.70,6.00,441.00,null,null,null
2023-09-03T20:50:03Z,23.40,65.21,99,0,27.34,102.70,6.00,441.00,4,4,4
2023-09-03T20:51:03Z,23.36,65.29,99,0,25.67,102.70,5.00,438.00,null,null,null
2023-09-03T20:52:03Z,23.39,65.26,99,0,31.76,102.71,5.00,436.00,null,null,null
2023-09-03T20:53:03Z,23.37,65.25,99,0,34.04,102.70,5.00,436.00,null,null,null
2023-09-03T20:54:03Z,23.36,65.21,99,0,28.07,102.71,5.00,436.00,null,null,null
2023-09-03T20:55:03Z,23.35,65.23,99,0,26.99,102.71,5.00,438.00,5,6,6
2023-09-03T20:56:03Z,23.37,65.32,99,0,25.35,102.71,6.00,441.00,null,null,null
2023-09-03T20:57:03Z,23.36,65.26,99,0,25.79,102.71,5.00,436.00,null,null,null
2023-09-03T20:58:03Z,23.40,65.25,99,0,28.66,102.71,5.00,436.00,null,null,null
2023-09-03T20:59:03Z,23.39,65.20,99,0,27.02,102.71,5.00,434.00,null,null,null
2023-09-03T21:00:03Z,23.37,65.32,99,0,29.31,102.71,5.00,438.00,4,5,5
2023-09-03T21:01:03Z,23.37,65.35,99,0,28.14,102.71,5.00,436.00,null,null,null
2023-09-03T21:02:03Z,23.37,65.22,99,0,28.04,102.71,5.00,434.00,null,null,null
2023-09-03T21:03:03Z,23.42,65.19,99,0,28.44,102.72,6.00,441.00,null,null,null
2023-09-03T21:04:03Z,23.36,65.24,99,0,25.59,102.71,6.00,441.00,null,null,null
2023-09-03T21:05:03Z,23.36,65.21,99,0,24.93,102.72,6.00,441.00,6,6,6
2023-09-03T21:06:03Z,23.40,65.30,99,0,26.84,102.72,6.00,441.00,null,null,null
2023-09-03T21:07:03Z,23.37,65.30,100,0,24.89,102.72,5.00,436.00,null,null,null
2023-09-03T21:08:03Z,23.37,65.21,99,0,24.46,102.71,5.00,436.00,null,null,null
2023-09-03T21:09:03Z,23.37,65.25,99,0,26.97,102.72,5.00,438.00,null,null,null
2023-09-03T21:10:03Z,23.37,65.26,100,0,26.82,102.72,5.00,436.00,2,6,6
2023-09-03T21:11:03Z,23.40,65.33,99,0,26.11,102.72,5.00,434.00,null,null,null
2023-09-03T21:12:03Z,23.39,65.30,99,0,27.40,102.72,4.00,427.00,null,null,null
2023-09-03T21:13:03Z,23.37,65.23,99,0,27.26,102.72,5.00,434.00,null,null,null
2023-09-03T21:14:03Z,23.35,65.23,99,0,33.44,102.71,5.00,434.00,null,null,null
2023-09-03T21:15:03Z,23.37,65.25,99,0,25.53,102.71,6.00,441.00,4,4,4
2023-09-03T21:16:03Z,23.37,65.39,99,0,24.86,102.71,5.00,434.00,null,null,null
2023-09-03T21:17:03Z,23.40,65.29,99,0,29.18,102.71,5.00,436.00,null,null,null
2023-09-03T21:18:03Z,23.37,65.25,99,0,26.91,102.71,5.00,436.00,null,null,null
2023-09-03T21:19:03Z,23.37,65.25,99,0,25.62,102.70,5.00,436.00,null,null,null
2023-09-03T21:20:03Z,23.37,65.28,99,0,26.50,102.70,5.00,436.00,2,2,2
2023-09-03T21:21:03Z,23.36,65.35,99,0,26.16,102.71,5.00,434.00,null,null,null
2023-09-03T21:22:03Z,23.37,65.32,99,0,29.22,102.71,5.00,434.00,null,null,null
2023-09-03T21:23:03Z,23.37,65.29,99,0,28.66,102.70,5.00,436.00,null,null,null
2023-09-03T21:24:03Z,23.43,65.27,99,0,26.71,102.70,5.00,436.00,null,null,null
2023-09-03T21:25:03Z,23.36,65.25,99,0,28.11,102.70,5.00,436.00,3,4,4
2023-09-03T21:26:03Z,23.37,65.35,99,0,26.26,102.70,5.00,436.00,null,null,null
2023-09-03T21:27:03Z,23.37,65.30,99,0,28.28,102.69,5.00,436.00,null,null,null
2023-09-03T21:28:03Z,23.37,65.30,99,0,26.50,102.69,5.00,436.00,null,null,null
2023-09-03T21:29:03Z,23.36,65.27,99,0,28.28,102.70,5.00,436.00,null,null,null
2023-09-03T21:30:03Z,23.36,65.31,99,0,24.11,102.69,5.00,436.00,2,2,2
2023-09-03T21:31:03Z,23.39,65.37,99,0,25.00,102.70,5.00,436.00,null,null,null
2023-09-03T21:32:03Z,23.39,65.30,99,0,25.92,102.70,5.00,436.00,null,null,null
2023-09-03T21:33:03Z,23.36,65.32,99,0,25.19,102.69,5.00,436.00,null,null,null
2023-09-03T21:34:03Z,23.37,65.25,99,0,25.98,102.69,6.00,442.00,null,null,null
2023-09-03T21:35:03Z,23.39,65.28,99,0,25.41,102.69,6.00,442.00,3,3,3
2023-09-03T21:36:03Z,23.37,65.39,99,0,25.82,102.69,5.00,436.00,null,null,null
2023-09-03T21:37:03Z,23.39,65.32,99,0,27.18,102.69,5.00,436.00,null,null,null
2023-09-03T21:38:03Z,23.39,65.28,99,0,28.28,102.69,5.00,436.00,null,null,null
2023-09-03T21:39:03Z,23.36,65.28,99,0,28.17,102.68,5.00,436.00,null,null,null
2023-09-03T21:40:03Z,23.36,65.27,100,0,27.16,102.68,5.00,436.00,3,5,5
2023-09-03T21:41:03Z,23.36,65.39,99,0,24.31,102.69,5.00,436.00,null,null,null
2023-09-03T21:42:03Z,23.39,65.38,99,0,31.39,102.69,5.00,434.00,null,null,null
2023-09-03T21:43:03Z,23.36,65.32,99,0,26.93,102.69,5.00,434.00,null,null,null
2023-09-03T21:44:03Z,23.37,65.32,99,0,26.38,102.69,5.00,436.00,null,null,null
2023-09-03T21:45:03Z,23.39,65.34,99,0,24.61,102.69,6.00,442.00,7,7,7
2023-09-03T21:46:03Z,23.39,65.42,99,0,30.11,102.69,5.00,436.00,null,null,null
2023-09-03T21:47:03Z,23.37,65.40,99,0,29.44,102.69,5.00,436.00,null,null,null
2023-09-03T21:48:03Z,23.40,65.38,99,0,25.38,102.69,6.00,442.00,null,null,null
2023-09-03T21:49:03Z,23.40,65.36,99,0,28.52,102.69,6.00,442.00,null,null,null
2023-09-03T21:50:03Z,23.37,65.34,99,0,26.84,102.69,6.00,442.00,6,6,6
2023-09-03T21:51:03Z,23.39,65.42,99,0,24.68,102.69,5.00,434.00,null,null,null
2023-09-03T21:52:03Z,23.40,65.36,99,0,26.06,102.69,5.00,436.00,null,null,null
2023-09-03T21:53:03Z,23.39,65.35,99,0,25.65,102.70,6.00,442.00,null,null,null
2023-09-03T21:54:03Z,23.39,65.38,99,0,29.38,102.69,6.00,442.00,null,null,null
2023-09-03T21:55:03Z,23.43,65.38,99,0,25.29,102.70,6.00,442.00,4,6,6
2023-09-03T21:56:03Z,23.37,65.46,99,0,28.67,102.70,6.00,442.00,null,null,null
2023-09-03T21:57:03Z,23.37,65.38,99,0,29.11,102.70,6.00,442.00,null,null,null
2023-09-03T21:58:03Z,23.37,65.36,99,0,26.62,102.70,6.00,442.00,null,null,null
2023-09-03T21:59:03Z,23.37,65.38,99,0,23.94,102.70,6.00,442.00,null,null,null
2023-09-03T22:00:03Z,23.36,65.37,99,0,25.56,102.70,6.00,442.00,5,6,6
2023-09-03T22:01:03Z,23.37,65.48,99,0,25.41,102.70,6.00,442.00,null,null,null
2023-09-03T22:02:03Z,23.40,65.41,99,0,27.53,102.70,6.00,445.00,null,null,null
2023-09-03T22:03:03Z,23.39,65.41,99,0,26.14,102.70,6.00,445.00,null,null,null
2023-09-03T22:04:03Z,23.37,65.37,99,0,26.41,102.70,6.00,442.00,null,null,null
2023-09-03T22:05:03Z,23.37,65.40,99,0,25.59,102.71,6.00,442.00,3,3,3
2023-09-03T22:06:03Z,23.39,65.47,99,0,26.00,102.71,6.00,442.00,null,null,null
2023-09-03T22:07:03Z,23.37,65.41,99,0,25.13,102.71,6.00,442.00,null,null,null
2023-09-03T22:08:03Z,23.42,65.43,99,0,24.76,102.71,6.00,445.00,null,null,null
2023-09-03T22:09:03Z,23.39,65.43,99,0,23.98,102.71,6.00,445.00,null,null,null
2023-09-03T22:10:03Z,23.37,65.41,99,0,26.16,102.71,6.00,442.00,5,5,5
2023-09-03T22:11:03Z,23.37,65.44,99,0,31.76,102.71,6.00,442.00,null,null,null
2023-09-03T22:12:03Z,23.39,65.46,99,0,23.45,102.71,6.00,445.00,null,null,null
2023-09-03T22:13:03Z,23.39,65.41,100,0,25.98,102.71,6.00,442.00,null,null,null
2023-09-03T22:14:03Z,23.42,65.38,99,0,24.76,102.71,6.00,445.00,null,null,null
2023-09-03T22:15:03Z,23.37,65.41,99,0,26.64,102.71,6.00,445.00,1,1,1
2023-09-03T22:16:03Z,23.37,65.51,99,0,26.84,102.71,6.00,442.00,null,null,null
2023-09-03T22:17:03Z,23.37,65.45,99,0,27.04,102.72,6.00,445.00,null,null,null
2023-09-03T22:18:03Z,23.39,65.43,99,0,27.14,102.71,6.00,445.00,null,null,null
2023-09-03T22:19:03Z,23.36,65.42,99,0,27.04,102.71,6.00,445.00,null,null,null
2023-09-03T22:20:03Z,23.36,65.41,99,0,29.31,102.71,6.00,445.00,8,9,9
2023-09-03T22:21:03Z,23.36,65.54,99,0,29.92,102.71,6.00,445.00,null,null,null
2023-09-03T22:22:03Z,23.39,65.49,99,0,27.80,102.71,6.00,445.00,null,null,null
2023-09-03T22:23:03Z,23.39,65.48,99,0,25.16,102.71,6.00,445.00,null,null,null
2023-09-03T22:24:03Z,23.36,65.41,99,0,26.84,102.71,6.00,445.00,null,null,null
2023-09-03T22:25:03Z,23.36,65.44,99,0,26.46,102.71,6.00,445.00,5,6,6
2023-09-03T22:26:03Z,23.39,65.52,99,0,25.50,102.71,6.00,445.00,null,null,null
2023-09-03T22:27:03Z,23.40,65.44,99,0,25.35,102.71,6.00,445.00,null,null,null
2023-09-03T22:28:03Z,23.43,65.42,99,0,29.17,102.71,6.00,445.00,null,null,null
2023-09-03T22:29:03Z,23.39,65.45,99,0,31.67,102.70,6.00,445.00,null,null,null
2023-09-03T22:30:03Z,23.36,65.41,99,0,29.16,102.70,6.00,445.00,7,7,7
2023-09-03T22:31:03Z,23.39,65.57,99,0,25.92,102.70,6.00,445.00,null,null,null
2023-09-03T22:32:03Z,23.39,65.47,99,0,25.98,102.70,6.00,445.00,null,null,null
2023-09-03T22:33:03Z,23.37,65.46,99,0,25.98,102.70,6.00,445.00,null,null,null
2023-09-03T22:34:03Z,23.37,65.43,99,0,30.85,102.70,6.00,442.00,null,null,null
2023-09-03T22:35:03Z,23.37,65.46,99,0,27.80,102.70,6.00,445.00,5,6,6
2023-09-03T22:36:03Z,23.39,65.57,99,0,24.61,102.70,6.00,445.00,null,null,null
2023-09-03T22:37:03Z,23.39,65.52,99,0,26.71,102.70,6.00,445.00,null,null,null
2023-09-03T22:38:03Z,23.40,65.51,99,0,24.76,102.71,6.00,442.00,null,null,null
2023-09-03T22:39:03Z,23.37,65.46,99,0,24.86,102.70,6.00,442.00,null,null,null
2023-09-03T22:40:03Z,23.36,65.49,99,0,25.76,102.70,6.00,442.00,4,4,4
2023-09-03T22:41:03Z,23.40,65.58,99,0,26.48,102.70,6.00,442.00,null,null,null
2023-09-03T22:42:03Z,23.42,65.53,99,0,25.06,102.70,7.00,450.00,null,null,null
2023-09-03T22:43:03Z,23.37,65.54,99,0,25.03,102.70,6.00,445.00,null,null,null
2023-09-03T22:44:03Z,23.37,65.47,99,0,26.78,102.70,6.00,445.00,null,null,null
2023-09-03T22:45:03Z,23.36,65.49,99,0,28.37,102.70,7.00,450.00,4,4,4
2023-09-03T22:46:03Z,23.37,65.63,99,0,25.62,102.70,6.00,445.00,null,null,null
2023-09-03T22:47:03Z,23.39,65.53,99,0,25.92,102.70,7.00,450.00,null,null,null
2023-09-03T22:48:03Z,23.36,65.51,99,0,26.38,102.71,7.00,450.00,null,null,null
2023-09-03T22:49:03Z,23.42,65.49,99,0,26.06,102.70,7.00,450.00,null,null,null
2023-09-03T22:50:03Z,23.37,65.52,99,0,25.84,102.70,7.00,450.00,4,8,8
2023-09-03T22:51:03Z,23.40,65.65,99,0,28.04,102.71,7.00,450.00,null,null,null
2023-09-03T22:52:03Z,23.39,65.52,99,0,26.76,102.71,7.00,450.00,null,null,null
2023-09-03T22:53:03Z,23.39,65.54,99,0,26.41,102.71,7.00,450.00,null,null,null
2023-09-03T22:54:03Z,23.39,65.53,99,0,26.29,102.71,7.00,450.00,null,null,null
2023-09-03T22:55:03Z,23.37,65.51,99,0,30.89,102.71,7.00,450.00,2,3,3
2023-09-03T22:56:03Z,23.43,65.62,99,0,25.38,102.71,7.00,450.00,null,null,null
2023-09-03T22:57:03Z,23.40,65.53,99,0,26.87,102.71,7.00,450.00,null,null,null
2023-09-03T22:58:03Z,23.40,65.56,99,0,25.59,102.71,7.00,450.00,null,null,null
2023-09-03T22:59:03Z,23.40,65.51,99,0,27.36,102.70,7.00,450.00,null,null,null
2023-09-03T23:00:03Z,23.37,65.56,99,0,28.01,102.71,7.00,450.00,4,5,5
2023-09-03T23:01:03Z,23.39,65.61,99,0,27.69,102.71,7.00,450.00,null,null,null
2023-09-03T23:02:03Z,23.39,65.57,99,0,25.00,102.70,7.00,450.00,null,null,null
2023-09-03T23:03:03Z,23.40,65.54,99,0,24.31,102.71,7.00,450.00,null,null,null
2023-09-03T23:04:03Z,23.42,65.52,99,0,27.78,102.70,7.00,450.00,null,null,null
2023-09-03T23:05:03Z,23.37,65.51,99,0,27.77,102.70,7.00,450.00,4,4,4
2023-09-03T23:06:03Z,23.43,65.59,99,0,28.25,102.70,7.00,450.00,null,null,null
2023-09-03T23:07:03Z,23.42,65.58,99,0,27.08,102.70,6.00,445.00,null,null,null
2023-09-03T23:08:03Z,23.40,65.52,99,0,31.88,102.70,6.00,445.00,null,null,null
2023-09-03T23:09:03Z,23.37,65.52,99,0,25.35,102.70,6.00,445.00,null,null,null
2023-09-03T23:10:03Z,23.42,65.52,99,0,28.12,102.71,7.00,450.00,5,5,5
2023-09-03T23:11:03Z,23.39,65.63,99,0,26.06,102.71,6.00,445.00,null,null,null
2023-09-03T23:12:03Z,23.39,65.55,99,0,26.24,102.71,7.00,450.00,null,null,null
2023-09-03T23:13:03Z,23.37,65.52,99,0,27.89,102.71,7.00,450.00,null,null,null
2023-09-03T23:14:03Z,23.37,65.54,99,0,28.58,102.71,7.00,450.00,null,null,null
2023-09-03T23:15:03Z,23.37,65.54,99,0,27.84,102.71,8.00,454.00,9,9,9
2023-09-03T23:16:03Z,23.40,65.61,99,0,25.47,102.71,6.00,445.00,null,null,null
2023-09-03T23:17:03Z,23.42,65.57,99,0,26.14,102.71,8.00,454.00,null,null,null
2023-09-03T23:18:03Z,23.45,65.53,99,0,26.82,102.71,8.00,454.00,null,null,null
2023-09-03T23:19:03Z,23.42,65.55,99,0,25.67,102.71,8.00,454.00,null,null,null
2023-09-03T23:20:03Z,23.40,65.52,100,0,25.35,102.71,8.00,454.00,4,4,4
2023-09-03T23:21:03Z,23.37,65.66,99,0,28.48,102.72,8.00,454.00,null,null,null
2023-09-03T23:22:03Z,23.37,65.55,99,0,28.02,102.71,7.00,450.00,null,null,null
2023-09-03T23:23:03Z,23.43,65.55,99,0,25.70,102.71,7.00,450.00,null,null,null
2023-09-03T23:24:03Z,23.39,65.58,99,0,29.60,102.71,7.00,450.00,null,null,null
2023-09-03T23:25:03Z,23.39,65.53,99,0,25.06,102.71,8.00,454.00,7,8,8
2023-09-03T23:26:03Z,23.39,65.65,99,0,28.71,102.71,8.00,454.00,null,null,null
2023-09-03T23:27:03Z,23.39,65.60,99,0,27.16,102.71,8.00,454.00,null,null,null
2023-09-03T23:28:03Z,23.43,65.56,99,0,26.34,102.71,8.00,454.00,null,null,null
2023-09-03T23:29:03Z,23.39,65.54,99,0,25.70,102.71,8.00,454.00,null,null,null
2023-09-03T23:30:03Z,23.39,65.55,99,0,26.71,102.71,8.00,454.00,7,8,8
2023-09-03T23:31:03Z,23.40,65.63,99,0,27.66,102.71,8.00,454.00,null,null,null
2023-09-03T23:32:03Z,23.39,65.59,99,0,29.09,102.71,8.00,454.00,null,null,null
2023-09-03T23:33:03Z,23.43,65.54,99,0,27.18,102.72,8.00,454.00,null,null,null
2023-09-03T23:34:03Z,23.40,65.57,100,0,25.44,102.71,8.00,454.00,null,null,null
2023-09-03T23:35:03Z,23.40,65.58,99,0,25.95,102.71,7.00,450.00,6,7,7
2023-09-03T23:36:03Z,23.37,65.67,99,0,26.14,102.72,6.00,445.00,null,null,null
2023-09-03T23:37:03Z,23.39,65.61,99,0,32.10,102.72,6.00,445.00,null,null,null
2023-09-03T23:38:03Z,23.39,65.59,99,0,27.78,102.72,8.00,454.00,null,null,null
2023-09-03T23:39:03Z,23.42,65.59,99,0,29.55,102.72,7.00,450.00,null,null,null
2023-09-03T23:40:03Z,23.40,65.61,99,0,25.00,102.72,8.00,454.00,4,4,4
2023-09-03T23:41:03Z,23.39,65.69,99,0,27.66,102.72,7.00,450.00,null,null,null
2023-09-03T23:42:03Z,23.40,65.61,99,0,26.00,102.72,8.00,454.00,null,null,null
2023-09-03T23:43:03Z,23.40,65.55,99,0,26.62,102.72,8.00,454.00,null,null,null
2023-09-03T23:44:03Z,23.40,65.59,99,0,23.40,102.72,8.00,454.00,null,null,null
2023-09-03T23:45:03Z,23.37,65.55,99,0,25.32,102.72,8.00,454.00,3,4,4
2023-09-03T23:46:03Z,23.40,65.69,99,0,26.29,102.72,8.00,454.00,null,null,null
2023-09-03T23:47:03Z,23.42,65.65,99,0,27.57,102.72,8.00,454.00,null,null,null
2023-09-03T23:48:03Z,23.39,65.61,99,0,25.56,102.72,8.00,454.00,null,null,null
2023-09-03T23:49:03Z,23.39,65.59,99,0,26.95,102.72,8.00,454.00,null,null,null
2023-09-03T23:50:03Z,23.39,65.58,99,0,25.67,102.73,8.00,454.00,4,4,4
2023-09-03T23:51:03Z,23.42,65.71,99,0,26.19,102.73,8.00,454.00,null,null,null
2023-09-03T23:52:03Z,23.42,65.63,99,0,27.24,102.73,8.00,454.00,null,null,null
2023-09-03T23:53:03Z,23.40,65.60,99,0,26.62,102.72,8.00,454.00,null,null,null
2023-09-03T23:54:03Z,23.40,65.62,99,0,28.58,102.72,8.00,454.00,null,null,null
2023-09-03T23:55:03Z,23.40,65.60,99,0,24.96,102.72,8.00,454.00,1,1,1
2023-09-03T23:56:03Z,23.42,65.72,99,0,27.90,102.72,8.00,454.00,null,null,null
2023-09-03T23:57:03Z,23.39,65.63,99,0,26.00,102.73,8.00,454.00,null,null,null
2023-09-03T23:58:03Z,23.45,65.65,99,0,25.95,102.72,8.00,454.00,null,null,null
2023-09-03T23:59:03Z,23.43,65.61,99,0,26.60,102.72,8.00,454.00,null,null,null
