TIME,TEMP,HUM,BATT,LIGHT,NOISE_A,PRESS,CCS811_VOCS,CCS811_ECO2,PM_1,PM_25,PM_10
ISO 8601,C,%,%,Lux,dBA,kPa,ppb,ppm,ug/m3,ug/m3,ug/m3
Time,Temperature,Humidity,Battery,Light,Noise dBA,Barometric pressure,VOC Gas CCS811,eCO2 Gas CCS811,PM 1.0,PM 2.5,PM 10.0
,55,56,10,14,53,58,113,112,89,87,88
2023-09-10T00:00:03Z,27.97,73.07,99,0,44.92,101.74,334.00,1695.00,4,4,4
2023-09-10T00:01:03Z,27.97,73.22,99,0,46.42,101.73,342.00,1704.00,null,null,null
2023-09-10T00:02:03Z,27.97,73.13,99,0,45.44,101.74,342.00,1704.00,null,null,null
2023-09-10T00:03:03Z,28.00,73.19,99,0,44.66,101.73,342.00,1704.00,null,null,null
2023-09-10T00:04:03Z,28.03,73.24,99,0,43.48,101.73,347.00,1708.00,null,null,null
2023-09-10T00:05:03Z,28.02,73.19,99,0,41.97,101.73,352.00,1714.00,7,8,8
2023-09-10T00:06:03Z,28.02,73.32,99,0,43.93,101.73,352.00,1714.00,null,null,null
2023-09-10T00:07:03Z,28.04,73.31,99,0,45.31,101.73,363.00,1725.00,null,null,null
2023-09-10T00:08:03Z,28.02,73.29,99,0,41.97,101.73,363.00,1725.00,null,null,null
2023-09-10T00:09:03Z,28.00,73.30,99,0,46.07,101.73,363.00,1725.00,null,null,null
2023-09-10T00:10:03Z,28.03,73.30,99,0,44.78,101.73,363.00,1725.00,5,5,5
2023-09-10T00:11:03Z,28.00,73.40,99,0,40.32,101.73,363.00,1725.00,null,null,null
2023-09-10T00:12:03Z,28.02,73.34,99,0,44.40,101.73,369.00,1731.00,null,null,null
2023-09-10T00:13:03Z,28.02,73.36,99,0,41.39,101.72,363.00,1725.00,null,null,null
2023-09-10T00:14:03Z,28.03,73.40,100,0,43.25,101.73,369.00,1731.00,null,null,null
2023-09-10T00:15:03Z,28.02,73.37,99,0,43.68,101.72,363.00,1725.00,4,5,5
2023-09-10T00:16:03Z,28.02,73.56,99,0,44.85,101.73,369.00,1731.00,null,null,null
2023-09-10T00:17:03Z,28.06,73.48,99,0,46.25,101.72,369.00,1731.00,null,null,null
2023-09-10T00:18:03Z,28.02,73.47,99,0,42.51,101.72,377.00,1738.00,null,null,null
2023-09-10T00:19:03Z,28.09,73.44,99,0,41.75,101.72,377.00,1738.00,null,null,null
2023-09-10T00:20:03Z,28.09,73.46,99,0,43.74,101.72,377.00,1738.00,12,13,13
2023-09-10T00:21:03Z,28.06,73.60,99,0,42.74,101.72,377.00,1738.00,null,null,null
2023-09-10T00:22:03Z,28.06,73.52,99,0,44.59,101.72,377.00,1738.00,null,null,null
2023-09-10T00:23:03Z,28.06,73.50,99,0,45.58,101.72,385.00,1744.00,null,null,null
2023-09-10T00:24:03Z,28.03,73.54,99,0,43.35,101.72,385.00,1744.00,null,null,null
2023-09-10T00:25:03Z,28.04,73.61,99,0,42.72,101.71,385.00,1744.00,3,3,3
2023-09-10T00:26:03Z,28.04,73.72,99,0,45.90,101.71,385.00,1744.00,null,null,null
2023-09-10T00:27:03Z,28.04,73.67,99,0,48.23,101.71,394.00,1753.00,null,null,null
2023-09-10T00:28:03Z,28.06,73.61,99,0,44.60,101.71,394.00,1753.00,null,null,null
2023-09-10T00:29:03Z,28.07,73.64,99,0,43.13,101.72,394.00,1753.00,null,null,null
2023-09-10T00:30:03Z,28.07,73.66,99,0,46.47,101.71,409.00,1765.00,5,5,5
2023-09-10T00:31:03Z,28.04,73.79,99,0,44.40,101.72,409.00,1765.00,null,null,null
2023-09-10T00:32:03Z,28.09,73.70,99,0,46.34,101.71,418.00,1774.00,null,null,null
2023-09-10T00:33:03Z,28.10,73.74,99,0,44.74,101.71,422.00,1775.00,null,null,null
2023-09-10T00:34:03Z,28.09,73.76,99,0,44.37,101.71,431.00,1783.00,null,null,null
2023-09-10T00:35:03Z,28.10,73.77,99,0,45.38,101.71,435.00,1787.00,8,10,10
2023-09-10T00:36:03Z,28.10,73.89,100,0,46.53,101.71,444.00,1795.00,null,null,null
2023-09-10T00:37:03Z,28.12,73.81,99,0,43.53,101.71,435.00,1787.00,null,null,null
2023-09-10T00:38:03Z,28.13,73.84,99,0,44.13,101.71,444.00,1795.00,null,null,null
2023-09-10T00:39:03Z,28.10,73.88,99,0,43.30,101.71,444.00,1795.00,null,null,null
2023-09-10T00:40:03Z,28.10,73.86,99,0,45.20,101.71,444.00,1795.00,5,6,6
2023-09-10T00:41:03Z,28.10,73.96,99,0,44.19,101.71,451.00,1801.00,null,null,null
2023-09-10T00:42:03Z,28.13,73.85,99,0,42.36,101.71,451.00,1801.00,null,null,null
2023-09-10T00:43:03Z,28.16,73.91,99,0,44.60,101.71,461.00,1810.00,null,null,null
2023-09-10T00:44:03Z,28.12,73.90,99,0,46.00,101.71,451.00,1801.00,null,null,null
2023-09-10T00:45:03Z,28.16,73.97,99,0,43.34,101.71,451.00,1801.00,6,6,6
2023-09-10T00:46:03Z,28.13,73.99,99,0,45.21,101.71,451.00,1801.00,null,null,null
2023-09-10T00:47:03Z,28.19,74.00,99,0,43.73,101.71,451.00,1801.00,null,null,null
2023-09-10T00:48:03Z,28.14,73.97,99,0,42.99,101.71,461.00,1810.00,null,null,null
2023-09-10T00:49:03Z,28.12,73.98,99,0,45.97,101.71,507.00,1844.00,null,null,null
2023-09-10T00:50:03Z,28.10,74.02,99,0,43.55,101.71,547.00,1874.00,5,5,5
2023-09-10T00:51:03Z,28.16,74.12,99,0,43.08,101.71,581.00,1897.00,null,null,null
2023-09-10T00:52:03Z,28.16,74.06,99,0,49.27,101.70,603.00,1913.00,null,null,null
2023-09-10T00:53:03Z,28.17,74.08,99,0,43.12,101.71,631.00,1930.00,null,null,null
2023-09-10T00:54:03Z,28.14,74.03,99,0,45.47,101.71,651.00,1942.00,null,null,null
2023-09-10T00:55:03Z,28.13,74.03,99,0,43.60,101.71,665.00,1951.00,10,10,10
2023-09-10T00:56:03Z,28.19,74.18,99,0,44.59,101.71,692.00,1968.00,null,null,null
2023-09-10T00:57:03Z,28.16,74.13,99,0,45.03,101.70,692.00,1968.00,null,null,null
2023-09-10T00:58:03Z,28.14,74.11,99,0,45.60,101.71,707.00,1977.00,null,null,null
2023-09-10T00:59:03Z,28.20,74.11,99,0,45.91,101.71,736.00,1994.00,null,null,null
2023-09-10T01:00:03Z,28.16,74.16,99,0,42.81,101.71,767.00,2012.00,6,6,6
2023-09-10T01:01:03Z,28.17,74.27,99,0,45.18,101.71,796.00,2027.00,null,null,null
2023-09-10T01:02:03Z,28.17,74.21,100,0,42.24,101.70,806.00,2033.00,null,null,null
2023-09-10T01:03:03Z,28.17,74.22,99,0,45.65,101.71,829.00,2052.00,null,null,null
2023-09-10T01:04:03Z,28.17,74.19,99,0,42.62,101.71,829.00,2052.00,null,null,null
2023-09-10T01:05:03Z,28.16,74.17,99,0,42.19,101.71,849.00,2064.00,5,5,5
2023-09-10T01:06:03Z,28.19,74.30,99,0,44.25,101.70,849.00,2064.00,null,null,null
2023-09-10T01:07:03Z,28.19,74.21,99,0,43.76,101.70,840.00,2060.00,null,null,null
2023-09-10T01:08:03Z,28.19,74.25,99,0,45.62,101.70,865.00,2070.00,null,null,null
2023-09-10T01:09:03Z,28.17,74.25,99,0,47.45,101.71,840.00,2060.00,null,null,null
2023-09-10T01:10:03Z,28.20,74.25,99,0,42.50,101.70,857.00,2068.00,3,5,5
2023-09-10T01:11:03Z,28.20,74.34,99,0,41.46,101.70,840.00,2060.00,null,null,null
2023-09-10T01:12:03Z,28.19,74.27,99,0,46.69,101.70,857.00,2068.00,null,null,null
2023-09-10T01:13:03Z,28.17,74.28,99,0,46.76,101.70,840.00,2060.00,null,null,null
2023-09-10T01:14:03Z,28.21,74.28,100,0,43.61,101.70,840.00,2060.00,null,null,null
2023-09-10T01:15:03Z,28.20,74.22,99,0,46.92,101.70,840.00,2060.00,5,5,5
2023-09-10T01:16:03Z,28.21,74.39,99,0,42.11,101.70,849.00,2064.00,null,null,null
2023-09-10T01:17:03Z,28.19,74.31,99,0,46.16,101.70,849.00,2064.00,null,null,null
2023-09-10T01:18:03Z,28.20,74.30,99,0,46.10,101.70,840.00,2060.00,null,null,null
2023-09-10T01:19:03Z,28.24,74.32,99,0,44.55,101.70,857.00,2068.00,null,null,null
2023-09-10T01:20:03Z,28.19,74.35,99,0,43.09,101.70,840.00,2060.00,5,5,5
2023-09-10T01:21:03Z,28.20,74.46,99,0,45.05,101.71,840.00,2060.00,null,null,null
2023-09-10T01:22:03Z,28.20,74.32,99,0,42.26,101.70,840.00,2060.00,null,null,null
2023-09-10T01:23:03Z,28.20,74.36,99,0,45.02,101.71,840.00,2060.00,null,null,null
2023-09-10T01:24:03Z,28.20,74.35,99,0,43.73,101.71,840.00,2060.00,null,null,null
2023-09-10T01:25:03Z,28.20,74.35,99,0,43.98,101.71,840.00,2060.00,4,5,5
2023-09-10T01:26:03Z,28.21,74.53,99,0,45.00,101.71,819.00,2039.00,null,null,null
2023-09-10T01:27:03Z,28.28,74.54,99,0,43.31,101.71,819.00,2039.00,null,null,null
2023-09-10T01:28:03Z,28.24,74.48,99,0,50.41,101.71,769.00,2013.00,null,null,null
2023-09-10T01:29:03Z,28.21,74.51,99,0,42.90,101.71,840.00,2060.00,null,null,null
2023-09-10T01:30:03Z,28.23,74.57,99,0,46.05,101.71,840.00,2060.00,7,7,7
2023-09-10T01:31:03Z,28.23,74.74,99,0,43.57,101.70,819.00,2039.00,null,null,null
2023-09-10T01:32:03Z,28.24,74.71,99,0,46.40,101.71,806.00,2033.00,null,null,null
2023-09-10T01:33:03Z,28.23,74.70,99,0,44.89,101.71,806.00,2033.00,null,null,null
2023-09-10T01:34:03Z,28.24,74.72,99,0,46.97,101.71,789.00,2023.00,null,null,null
2023-09-10T01:35:03Z,28.24,74.74,99,0,45.07,101.71,789.00,2023.00,3,4,4
2023-09-10T01:36:03Z,28.25,74.86,99,0,42.95,101.70,789.00,2023.00,null,null,null
2023-09-10T01:37:03Z,28.24,74.78,99,0,45.44,101.70,703.00,1975.00,null,null,null
2023-09-10T01:38:03Z,28.25,74.80,99,0,43.15,101.70,767.00,2012.00,null,null,null
2023-09-10T01:39:03Z,28.25,74.80,99,0,44.52,101.70,716.00,1982.00,null,null,null
2023-09-10T01:40:03Z,28.27,74.89,99,0,45.34,101.71,703.00,1975.00,7,8,8
2023-09-10T01:41:03Z,28.27,75.01,99,0,44.41,101.70,716.00,1982.00,null,null,null
2023-09-10T01:42:03Z,28.27,74.95,99,0,41.43,101.70,703.00,1975.00,null,null,null
2023-09-10T01:43:03Z,28.27,74.99,99,0,43.40,101.70,703.00,1975.00,null,null,null
2023-09-10T01:44:03Z,28.27,74.94,99,0,44.02,101.70,703.00,1975.00,null,null,null
2023-09-10T01:45:03Z,28.25,74.94,99,0,43.71,101.71,703.00,1975.00,6,9,9
2023-09-10T01:46:03Z,28.25,75.17,99,0,43.49,101.70,703.00,1975.00,null,null,null
2023-09-10T01:47:03Z,28.27,75.15,99,0,41.80,101.70,703.00,1975.00,null,null,null
2023-09-10T01:48:03Z,28.28,75.11,99,0,42.26,101.70,689.00,1967.00,null,null,null
2023-09-10T01:49:03Z,28.27,75.15,99,0,46.66,101.70,703.00,1975.00,null,null,null
2023-09-10T01:50:03Z,28.27,75.13,99,0,41.75,101.70,703.00,1975.00,7,8,8
2023-09-10T01:51:03Z,28.28,75.33,99,0,49.20,101.69,703.00,1975.00,null,null,null
2023-09-10T01:52:03Z,28.30,75.24,99,0,43.83,101.69,683.00,1962.00,null,null,null
2023-09-10T01:53:03Z,28.28,75.11,99,0,42.44,101.70,634.00,1933.00,null,null,null
2023-09-10T01:54:03Z,28.28,74.93,99,0,42.69,101.69,597.00,1909.00,null,null,null
2023-09-10T01:55:03Z,28.30,74.75,99,0,46.58,101.69,567.00,1887.00,9,9,9
2023-09-10T01:56:03Z,28.27,74.64,99,0,45.40,101.69,567.00,1887.00,null,null,null
2023-09-10T01:57:03Z,28.27,74.48,99,0,44.85,101.69,519.00,1852.00,null,null,null
2023-09-10T01:58:03Z,28.27,74.28,99,0,42.57,101.69,494.00,1834.00,null,null,null
2023-09-10T01:59:03Z,28.28,74.16,100,0,42.89,101.69,448.00,1799.00,null,null,null
2023-09-10T02:00:03Z,28.27,74.05,99,0,44.75,101.69,435.00,1787.00,11,15,15
2023-09-10T02:01:03Z,28.27,73.83,99,0,42.96,101.70,404.00,1761.00,null,null,null
2023-09-10T02:02:03Z,28.27,73.75,99,0,43.86,101.69,381.00,1741.00,null,null,null
2023-09-10T02:03:03Z,28.30,73.65,99,0,42.70,101.70,360.00,1723.00,null,null,null
2023-09-10T02:04:03Z,28.25,73.52,99,0,44.70,101.70,335.00,1696.00,null,null,null
2023-09-10T02:05:03Z,28.25,73.43,99,0,44.88,101.70,318.00,1678.00,20,28,28
2023-09-10T02:06:03Z,28.24,73.26,99,0,45.28,101.69,290.00,1651.00,null,null,null
2023-09-10T02:07:03Z,28.30,73.18,99,0,42.52,101.69,296.00,1657.00,null,null,null
2023-09-10T02:08:03Z,28.23,73.04,99,0,42.53,101.70,254.00,1610.00,null,null,null
2023-09-10T02:09:03Z,28.24,73.06,99,0,42.91,101.70,256.00,1611.00,null,null,null
2023-09-10T02:10:03Z,28.23,72.95,99,0,43.85,101.70,242.00,1597.00,23,27,30
2023-09-10T02:11:03Z,28.24,72.82,99,0,41.74,101.70,220.00,1568.00,null,null,null
2023-09-10T02:12:03Z,28.19,72.74,99,0,43.21,101.70,208.00,1552.00,null,null,null
2023-09-10T02:13:03Z,28.21,72.68,99,0,42.32,101.70,196.00,1536.00,null,null,null
2023-09-10T02:14:03Z,28.19,72.62,100,0,44.05,101.71,182.00,1516.00,null,null,null
2023-09-10T02:15:03Z,28.19,72.54,99,0,42.80,101.71,172.00,1501.00,25,30,33
2023-09-10T02:16:03Z,28.19,72.35,99,0,44.26,101.71,156.00,1425.00,null,null,null
2023-09-10T02:17:03Z,28.19,72.29,99,0,45.00,101.71,144.00,1349.00,null,null,null
2023-09-10T02:18:03Z,28.20,72.29,99,0,47.07,101.71,136.00,1299.00,null,null,null
2023-09-10T02:19:03Z,28.16,72.23,99,0,41.37,101.71,127.00,1238.00,null,null,null
2023-09-10T02:20:03Z,28.16,72.22,99,0,43.04,101.71,118.00,1181.00,23,24,24
2023-09-10T02:21:03Z,28.17,72.11,99,0,43.46,101.71,114.00,1153.00,null,null,null
2023-09-10T02:22:03Z,28.16,72.06,99,0,47.29,101.71,108.00,1110.00,null,null,null
2023-09-10T02:23:03Z,28.13,71.92,99,0,45.09,101.71,101.00,1068.00,null,null,null
2023-09-10T02:24:03Z,28.13,71.87,99,0,45.89,101.71,95.00,1029.00,null,null,null
2023-09-10T02:25:03Z,28.12,71.81,99,0,45.65,101.71,91.00,1001.00,21,26,26
2023-09-10T02:26:03Z,28.16,71.71,99,0,42.53,101.72,85.00,964.00,null,null,null
2023-09-10T02:27:03Z,28.13,71.69,99,0,43.24,101.72,83.00,949.00,null,null,null
2023-09-10T02:28:03Z,28.17,71.66,99,0,42.25,101.72,76.00,900.00,null,null,null
2023-09-10T02:29:03Z,28.16,71.53,99,0,46.55,101.72,73.00,880.00,null,null,null
2023-09-10T02:30:03Z,28.12,71.52,99,0,45.05,101.72,71.00,870.00,28,43,43
2023-09-10T02:31:03Z,28.12,71.39,99,0,47.22,101.72,68.00,848.00,null,null,null
2023-09-10T02:32:03Z,28.09,71.34,99,0,44.66,101.72,63.00,817.00,null,null,null
2023-09-10T02:33:03Z,28.07,71.34,99,0,45.39,101.72,59.00,791.00,null,null,null
2023-09-10T02:34:03Z,28.07,71.35,99,0,42.32,101.72,59.00,791.00,null,null,null
2023-09-10T02:35:03Z,28.07,71.23,99,0,43.01,101.72,59.00,791.00,25,30,30
2023-09-10T02:36:03Z,28.09,71.14,99,0,46.23,101.71,56.00,772.00,null,null,null
2023-09-10T02:37:03Z,28.09,71.00,99,0,43.97,101.71,55.00,763.00,null,null,null
2023-09-10T02:38:03Z,28.06,71.04,99,0,45.77,101.71,53.00,754.00,null,null,null
2023-09-10T02:39:03Z,28.04,70.94,99,0,42.83,101.71,50.00,730.00,null,null,null
2023-09-10T02:40:03Z,28.04,70.92,99,0,43.10,101.71,47.00,710.00,40,56,56
2023-09-10T02:41:03Z,28.06,70.88,99,0,44.98,101.70,46.00,702.00,null,null,null
2023-09-10T02:42:03Z,28.03,70.82,99,0,44.13,101.70,44.00,694.00,null,null,null
2023-09-10T02:43:03Z,28.03,70.81,99,0,43.58,101.70,43.00,686.00,null,null,null
2023-09-10T02:44:03Z,28.00,70.83,99,0,44.51,101.70,42.00,678.00,null,null,null
2023-09-10T02:45:03Z,28.02,70.79,99,0,44.63,101.70,41.00,671.00,24,27,27
2023-09-10T02:46:03Z,28.00,70.64,99,0,43.73,101.70,39.00,660.00,null,null,null
2023-09-10T02:47:03Z,28.02,70.75,99,0,46.95,101.70,39.00,659.00,null,null,null
2023-09-10T02:48:03Z,28.00,70.69,99,0,42.64,101.70,37.00,646.00,null,null,null
2023-09-10T02:49:03Z,28.00,70.67,99,0,46.80,101.69,37.00,646.00,null,null,null
2023-09-10T02:50:03Z,27.99,70.63,99,0,44.78,101.69,36.00,638.00,24,30,36
2023-09-10T02:51:03Z,28.00,70.56,99,0,46.96,101.69,35.00,633.00,null,null,null
2023-09-10T02:52:03Z,27.99,70.56,99,0,45.76,101.69,34.00,626.00,null,null,null
2023-09-10T02:53:03Z,27.99,70.61,99,0,48.15,101.69,34.00,626.00,null,null,null
2023-09-10T02:54:03Z,28.02,70.54,99,0,46.58,101.68,33.00,618.00,null,null,null
2023-09-10T02:55:03Z,27.96,70.64,99,0,46.52,101.69,33.00,618.00,27,46,46
2023-09-10T02:56:03Z,27.96,70.42,99,0,44.56,101.68,32.00,612.00,null,null,null
2023-09-10T02:57:03Z,27.99,70.45,100,0,42.27,101.68,30.00,603.00,null,null,null
2023-09-10T02:58:03Z,27.97,70.40,99,0,46.93,101.68,32.00,612.00,null,null,null
2023-09-10T02:59:03Z,27.94,70.37,99,0,44.86,101.68,30.00,603.00,null,null,null
2023-09-10T03:00:03Z,27.92,70.40,99,0,43.48,101.67,30.00,597.00,25,34,34
2023-09-10T03:01:03Z,27.93,70.30,99,0,44.94,101.67,30.00,597.00,null,null,null
2023-09-10T03:02:03Z,27.92,70.32,99,0,44.87,101.67,30.00,597.00,null,null,null
2023-09-10T03:03:03Z,27.93,70.28,99,0,41.83,101.67,30.00,603.00,null,null,null
2023-09-10T03:04:03Z,27.92,70.25,99,0,43.09,101.67,36.00,638.00,null,null,null
2023-09-10T03:05:03Z,27.90,70.24,99,0,44.30,101.67,41.00,675.00,26,36,36
2023-09-10T03:06:03Z,27.92,70.20,99,0,44.13,101.67,49.00,726.00,null,null,null
2023-09-10T03:07:03Z,27.89,70.18,99,0,43.49,101.67,52.00,742.00,null,null,null
2023-09-10T03:08:03Z,27.97,70.12,99,0,43.88,101.68,53.00,749.00,null,null,null
2023-09-10T03:09:03Z,27.90,70.12,99,0,46.68,101.67,53.00,749.00,null,null,null
2023-09-10T03:10:03Z,27.89,70.11,99,0,48.11,101.67,54.00,759.00,29,39,39
2023-09-10T03:11:03Z,27.89,70.00,99,0,43.51,101.67,56.00,768.00,null,null,null
2023-09-10T03:12:03Z,27.88,69.98,99,0,43.31,101.67,56.00,768.00,null,null,null
2023-09-10T03:13:03Z,27.88,69.99,99,0,45.18,101.67,56.00,768.00,null,null,null
2023-09-10T03:14:03Z,27.88,69.98,99,0,42.22,101.67,56.00,768.00,null,null,null
2023-09-10T03:15:03Z,27.85,69.92,99,0,45.62,101.68,54.00,759.00,31,37,37
2023-09-10T03:16:03Z,27.86,69.86,99,0,44.90,101.67,52.00,742.00,null,null,null
2023-09-10T03:17:03Z,27.83,69.88,99,0,45.13,101.67,52.00,742.00,null,null,null
2023-09-10T03:18:03Z,27.86,69.88,99,0,43.43,101.67,50.00,733.00,null,null,null
2023-09-10T03:19:03Z,27.83,69.79,99,0,45.80,101.67,49.00,726.00,null,null,null
2023-09-10T03:20:03Z,27.83,69.89,99,0,42.26,101.67,47.00,714.00,32,57,57
2023-09-10T03:21:03Z,27.85,69.77,99,0,43.27,101.67,46.00,706.00,null,null,null
2023-09-10T03:22:03Z,27.85,69.82,99,0,45.43,101.67,45.00,699.00,null,null,null
2023-09-10T03:23:03Z,27.90,69.77,99,0,44.89,101.67,44.00,690.00,null,null,null
2023-09-10T03:24:03Z,27.80,69.80,99,0,42.13,101.68,42.00,682.00,null,null,null
2023-09-10T03:25:03Z,27.82,69.79,99,0,44.63,101.68,41.00,674.00,26,30,30
2023-09-10T03:26:03Z,27.83,69.75,99,0,45.50,101.68,40.00,666.00,null,null,null
2023-09-10T03:27:03Z,27.86,69.71,99,0,43.19,101.68,39.00,657.00,null,null,null
2023-09-10T03:28:03Z,27.82,69.67,99,0,44.51,101.69,39.00,657.00,null,null,null
2023-09-10T03:29:03Z,27.80,69.64,99,0,44.06,101.69,37.00,649.00,null,null,null
2023-09-10T03:30:03Z,27.76,69.64,99,0,42.60,101.69,36.00,637.00,31,38,41
2023-09-10T03:31:03Z,27.80,69.64,99,0,46.34,101.69,36.00,637.00,null,null,null
2023-09-10T03:32:03Z,27.82,69.63,99,0,45.11,101.69,34.00,629.00,null,null,null
2023-09-10T03:33:03Z,27.80,69.61,99,0,45.41,101.68,36.00,637.00,null,null,null
2023-09-10T03:34:03Z,27.74,69.57,99,0,46.07,101.68,34.00,629.00,null,null,null
2023-09-10T03:35:03Z,27.77,69.62,99,0,42.28,101.69,34.00,629.00,32,57,57
2023-09-10T03:36:03Z,27.79,69.53,99,0,44.95,101.69,33.00,623.00,null,null,null
2023-09-10T03:37:03Z,27.79,69.57,99,0,46.21,101.69,32.00,615.00,null,null,null
2023-09-10T03:38:03Z,27.79,69.53,100,0,43.56,101.69,31.00,607.00,null,null,null
2023-09-10T03:39:03Z,27.76,69.64,99,0,43.00,101.69,31.00,607.00,null,null,null
2023-09-10T03:40:03Z,27.74,69.68,99,0,42.67,101.68,31.00,607.00,28,41,41
2023-09-10T03:41:03Z,27.74,69.60,99,0,45.37,101.68,33.00,623.00,null,null,null
2023-09-10T03:42:03Z,27.80,69.61,99,0,46.96,101.68,33.00,623.00,null,null,null
2023-09-10T03:43:03Z,27.74,69.66,99,0,46.50,101.68,30.00,603.00,null,null,null
2023-09-10T03:44:03Z,27.73,69.66,99,0,46.82,101.68,33.00,623.00,null,null,null
2023-09-10T03:45:03Z,27.73,69.62,99,0,44.85,101.68,33.00,617.00,32,44,58
2023-09-10T03:46:03Z,27.73,69.53,99,0,43.89,101.68,33.00,617.00,null,null,null
2023-09-10T03:47:03Z,27.73,69.58,99,0,44.12,101.68,30.00,600.00,null,null,null
2023-09-10T03:48:03Z,27.72,69.59,99,0,46.41,101.68,30.00,600.00,null,null,null
2023-09-10T03:49:03Z,27.72,69.56,99,0,45.08,101.68,30.00,600.00,null,null,null
2023-09-10T03:50:03Z,27.70,69.56,99,0,45.20,101.68,30.00,600.00,28,47,47
2023-09-10T03:51:03Z,27.70,69.45,99,0,44.65,101.68,28.00,589.00,null,null,null
2023-09-10T03:52:03Z,27.70,69.43,99,0,43.94,101.68,29.00,596.00,null,null,null
2023-09-10T03:53:03Z,27.72,69.42,99,0,42.06,101.68,29.00,596.00,null,null,null
2023-09-10T03:54:03Z,27.73,69.49,100,0,46.24,101.69,28.00,589.00,null,null,null
2023-09-10T03:55:03Z,27.69,69.48,99,0,45.11,101.68,28.00,586.00,30,40,43
2023-09-10T03:56:03Z,27.70,69.35,99,0,42.72,101.69,26.00,575.00,null,null,null
2023-09-10T03:57:03Z,27.72,69.37,99,0,45.00,101.68,27.00,580.00,null,null,null
2023-09-10T03:58:03Z,27.69,69.42,99,0,45.37,101.69,27.00,580.00,null,null,null
2023-09-10T03:59:03Z,27.65,69.40,99,0,44.92,101.69,27.00,580.00,null,null,null
2023-09-10T04:00:03Z,27.68,69.38,99,0,46.59,101.69,26.00,575.00,31,42,42
2023-09-10T04:01:03Z,27.68,69.29,99,0,46.11,101.69,25.00,569.00,null,null,null
2023-09-10T04:02:03Z,27.68,69.31,99,0,43.12,101.69,26.00,575.00,null,null,null
2023-09-10T04:03:03Z,27.68,69.32,99,0,45.49,101.69,25.00,569.00,null,null,null
2023-09-10T04:04:03Z,27.66,69.29,99,0,46.61,101.69,25.00,569.00,null,null,null
2023-09-10T04:05:03Z,27.66,69.31,99,0,46.65,101.69,25.00,565.00,22,30,34
2023-09-10T04:06:03Z,27.68,69.22,99,0,44.82,101.69,23.00,555.00,null,null,null
2023-09-10T04:07:03Z,27.66,69.21,99,0,45.65,101.69,24.00,561.00,null,null,null
2023-09-10T04:08:03Z,27.68,69.22,100,0,43.94,101.69,24.00,561.00,null,null,null
2023-09-10T04:09:03Z,27.65,69.21,99,0,45.14,101.69,24.00,561.00,null,null,null
2023-09-10T04:10:03Z,27.65,69.19,99,0,45.97,101.68,24.00,561.00,25,43,43
2023-09-10T04:11:03Z,27.65,69.10,99,0,45.98,101.68,23.00,555.00,null,null,null
2023-09-10T04:12:03Z,27.66,69.09,100,0,45.96,101.68,23.00,555.00,null,null,null
2023-09-10T04:13:03Z,27.65,69.15,99,0,45.14,101.68,23.00,555.00,null,null,null
2023-09-10T04:14:03Z,27.69,69.16,99,0,45.14,101.68,23.00,555.00,null,null,null
2023-09-10T04:15:03Z,27.62,69.11,99,0,45.35,101.68,23.00,555.00,30,48,56
2023-09-10T04:16:03Z,27.63,69.03,99,0,46.74,101.68,22.00,549.00,null,null,null
2023-09-10T04:17:03Z,27.65,69.01,99,0,43.19,101.68,22.00,549.00,null,null,null
2023-09-10T04:18:03Z,27.63,69.05,99,0,45.77,101.68,22.00,549.00,null,null,null
2023-09-10T04:19:03Z,27.61,69.10,99,0,45.64,101.68,23.00,555.00,null,null,null
2023-09-10T04:20:03Z,27.62,69.06,99,0,47.68,101.68,24.00,561.00,33,48,48
2023-09-10T04:21:03Z,27.62,69.01,99,0,45.90,101.68,24.00,561.00,null,null,null
2023-09-10T04:22:03Z,27.63,69.04,99,0,45.42,101.68,24.00,561.00,null,null,null
2023-09-10T04:23:03Z,27.63,69.04,99,0,46.12,101.67,23.00,555.00,null,null,null
2023-09-10T04:24:03Z,27.63,69.02,99,0,43.37,101.68,22.00,549.00,null,null,null
2023-09-10T04:25:03Z,27.59,69.04,99,0,43.22,101.67,22.00,549.00,25,44,52
2023-09-10T04:26:03Z,27.62,68.90,99,0,45.10,101.67,23.00,555.00,null,null,null
2023-09-10T04:27:03Z,27.62,68.98,99,0,45.04,101.67,23.00,555.00,null,null,null
2023-09-10T04:28:03Z,27.62,68.95,99,0,42.65,101.67,23.00,555.00,null,null,null
2023-09-10T04:29:03Z,27.61,68.93,99,0,41.19,101.67,23.00,555.00,null,null,null
2023-09-10T04:30:03Z,27.61,68.94,99,0,44.84,101.67,22.00,549.00,26,33,36
2023-09-10T04:31:03Z,27.59,68.71,99,0,44.90,101.66,20.00,537.00,null,null,null
2023-09-10T04:32:03Z,27.61,68.83,99,0,45.22,101.67,23.00,551.00,null,null,null
2023-09-10T04:33:03Z,27.61,68.82,100,0,46.96,101.66,22.00,546.00,null,null,null
2023-09-10T04:34:03Z,27.59,68.75,99,0,45.42,101.66,20.00,537.00,null,null,null
2023-09-10T04:35:03Z,27.58,68.74,99,0,44.85,101.66,20.00,534.00,24,34,34
2023-09-10T04:36:03Z,27.61,68.63,99,0,42.64,101.66,20.00,533.00,null,null,null
2023-09-10T04:37:03Z,27.61,68.72,99,0,44.04,101.66,21.00,539.00,null,null,null
2023-09-10T04:38:03Z,27.61,68.74,99,0,42.99,101.65,20.00,533.00,null,null,null
2023-09-10T04:39:03Z,27.58,68.68,99,0,44.26,101.65,20.00,533.00,null,null,null
2023-09-10T04:40:03Z,27.59,68.71,100,0,43.84,101.65,19.00,529.00,25,33,33
2023-09-10T04:41:03Z,27.59,68.59,99,0,45.29,101.65,19.00,529.00,null,null,null
2023-09-10T04:42:03Z,27.61,68.62,99,0,46.30,101.65,18.00,523.00,null,null,null
2023-09-10T04:43:03Z,27.59,68.62,99,0,46.58,101.65,18.00,523.00,null,null,null
2023-09-10T04:44:03Z,27.58,68.64,99,0,45.53,101.65,18.00,523.00,null,null,null
2023-09-10T04:45:03Z,27.58,68.56,99,0,45.72,101.65,17.00,517.00,29,41,41
2023-09-10T04:46:03Z,27.61,68.44,99,0,44.79,101.65,16.00,506.00,null,null,null
2023-09-10T04:47:03Z,27.61,68.51,99,0,40.56,101.65,16.00,506.00,null,null,null
2023-09-10T04:48:03Z,27.58,68.53,99,0,45.58,101.64,16.00,506.00,null,null,null
2023-09-10T04:49:03Z,27.56,68.56,99,0,46.14,101.64,15.00,502.00,null,null,null
2023-09-10T04:50:03Z,27.58,68.54,99,0,43.21,101.64,18.00,523.00,22,36,36
2023-09-10T04:51:03Z,27.58,68.38,99,0,43.20,101.65,20.00,533.00,null,null,null
2023-09-10T04:52:03Z,27.62,68.43,99,0,44.43,101.65,20.00,533.00,null,null,null
2023-09-10T04:53:03Z,27.59,68.44,99,0,44.14,101.65,21.00,539.00,null,null,null
2023-09-10T04:54:03Z,27.61,68.46,99,0,45.85,101.65,21.00,542.00,null,null,null
2023-09-10T04:55:03Z,27.55,68.42,99,0,44.73,101.64,21.00,539.00,29,43,43
2023-09-10T04:56:03Z,27.58,68.32,99,0,45.42,101.64,20.00,533.00,null,null,null
2023-09-10T04:57:03Z,27.56,68.33,99,0,45.37,101.65,20.00,533.00,null,null,null
2023-09-10T04:58:03Z,27.55,68.34,99,0,44.14,101.64,20.00,533.00,null,null,null
2023-09-10T04:59:03Z,27.56,68.42,99,0,45.37,101.65,19.00,529.00,null,null,null
2023-09-10T05:00:03Z,27.55,68.36,99,0,47.03,101.64,17.00,517.00,27,36,36
2023-09-10T05:01:03Z,27.58,68.28,99,0,45.49,101.64,16.00,506.00,null,null,null
2023-09-10T05:02:03Z,27.53,68.32,99,0,45.07,101.65,16.00,506.00,null,null,null
2023-09-10T05:03:03Z,27.61,68.31,99,0,43.87,101.64,16.00,506.00,null,null,null
2023-09-10T05:04:03Z,27.53,68.28,99,0,45.70,101.64,16.00,506.00,null,null,null
2023-09-10T05:05:03Z,27.52,68.30,99,0,44.56,101.64,15.00,502.00,21,40,44
2023-09-10T05:06:03Z,27.53,68.14,99,0,47.86,101.65,14.00,492.00,null,null,null
2023-09-10T05:07:03Z,27.55,68.21,99,0,42.83,101.65,14.00,496.00,null,null,null
2023-09-10T05:08:03Z,27.56,68.19,99,0,42.84,101.65,14.00,493.00,null,null,null
2023-09-10T05:09:03Z,27.52,68.21,99,0,45.66,101.65,14.00,493.00,null,null,null
2023-09-10T05:10:03Z,27.56,68.17,99,0,43.22,101.65,13.00,487.00,30,36,36
2023-09-10T05:11:03Z,27.53,68.08,99,0,44.04,101.66,11.00,473.00,null,null,null
2023-09-10T05:12:03Z,27.52,68.09,99,0,44.91,101.65,11.00,478.00,null,null,null
2023-09-10T05:13:03Z,27.52,68.17,99,0,44.19,101.66,11.00,478.00,null,null,null
2023-09-10T05:14:03Z,27.52,68.12,99,0,44.49,101.66,11.00,473.00,null,null,null
2023-09-10T05:15:03Z,27.52,68.14,99,0,45.17,101.66,10.00,466.00,17,20,20
2023-09-10T05:16:03Z,27.52,67.99,99,0,45.95,101.66,9.00,462.00,null,null,null
2023-09-10T05:17:03Z,27.52,68.04,99,0,46.00,101.65,9.00,462.00,null,null,null
2023-09-10T05:18:03Z,27.52,68.05,99,0,45.92,101.66,9.00,462.00,null,null,null
2023-09-10T05:19:03Z,27.51,68.01,99,0,42.79,101.66,9.00,460.00,null,null,null
2023-09-10T05:20:03Z,27.51,68.05,99,0,47.10,101.67,7.00,452.00,17,25,28
2023-09-10T05:21:03Z,27.51,67.89,99,0,44.21,101.67,7.00,452.00,null,null,null
2023-09-10T05:22:03Z,27.53,67.94,99,0,45.35,101.66,7.00,450.00,null,null,null
2023-09-10T05:23:03Z,27.52,67.91,99,0,48.50,101.67,7.00,450.00,null,null,null
2023-09-10T05:24:03Z,27.56,67.94,99,0,46.22,101.67,6.00,445.00,null,null,null
2023-09-10T05:25:03Z,27.51,67.88,99,0,42.56,101.67,6.00,445.00,31,42,42
2023-09-10T05:26:03Z,27.52,67.76,99,0,43.84,101.67,6.00,445.00,null,null,null
2023-09-10T05:27:03Z,27.52,67.81,99,0,44.46,101.67,6.00,442.00,null,null,null
2023-09-10T05:28:03Z,27.51,67.85,99,0,43.75,101.67,6.00,445.00,null,null,null
2023-09-10T05:29:03Z,27.51,67.85,99,0,41.80,101.67,7.00,452.00,null,null,null
2023-09-10T05:30:03Z,27.49,67.83,99,0,46.14,101.67,7.00,452.00,23,31,31
2023-09-10T05:31:03Z,27.48,67.68,99,0,46.46,101.68,7.00,452.00,null,null,null
2023-09-10T05:32:03Z,27.52,67.73,99,0,42.63,101.67,8.00,457.00,null,null,null
2023-09-10T05:33:03Z,27.49,67.71,99,0,44.88,101.67,8.00,457.00,null,null,null
2023-09-10T05:34:03Z,27.53,67.77,99,0,44.71,101.68,8.00,455.00,null,null,null
2023-09-10T05:35:03Z,27.49,67.75,99,0,43.10,101.68,7.00,450.00,25,30,30
2023-09-10T05:36:03Z,27.51,67.59,99,0,44.69,101.67,6.00,445.00,null,null,null
2023-09-10T05:37:03Z,27.51,67.64,99,0,44.74,101.68,7.00,446.00,null,null,null
2023-09-10T05:38:03Z,27.48,67.67,99,0,44.14,101.68,7.00,446.00,null,null,null
2023-09-10T05:39:03Z,27.56,67.65,99,0,45.49,101.67,7.00,450.00,null,null,null
2023-09-10T05:40:03Z,27.48,67.70,99,0,43.85,101.67,7.00,446.00,21,29,29
2023-09-10T05:41:03Z,27.48,67.54,99,0,45.23,101.67,6.00,443.00,null,null,null
2023-09-10T05:42:03Z,27.51,67.58,100,0,43.64,101.68,6.00,443.00,null,null,null
2023-09-10T05:43:03Z,27.49,67.60,99,0,42.83,101.67,6.00,443.00,null,null,null
2023-09-10T05:44:03Z,27.49,67.59,99,0,44.96,101.67,6.00,443.00,null,null,null
2023-09-10T05:45:03Z,27.51,67.64,99,0,44.73,101.68,5.00,436.00,24,32,32
2023-09-10T05:46:03Z,27.52,67.44,99,0,44.53,101.68,5.00,433.00,null,null,null
2023-09-10T05:47:03Z,27.52,67.55,99,0,44.66,101.68,5.00,436.00,null,null,null
2023-09-10T05:48:03Z,27.53,67.53,99,0,42.60,101.68,5.00,436.00,null,null,null
2023-09-10T05:49:03Z,27.49,67.63,99,0,46.86,101.68,5.00,436.00,null,null,null
2023-09-10T05:50:03Z,27.49,67.58,99,0,43.60,101.68,5.00,436.00,17,23,23
2023-09-10T05:51:03Z,27.51,67.44,99,0,47.01,101.68,6.00,443.00,null,null,null
2023-09-10T05:52:03Z,27.51,67.44,99,0,42.82,101.68,6.00,443.00,null,null,null
2023-09-10T05:53:03Z,27.53,67.48,99,0,43.69,101.68,6.00,443.00,null,null,null
2023-09-10T05:54:03Z,27.48,67.49,99,0,43.73,101.68,6.00,443.00,null,null,null
2023-09-10T05:55:03Z,27.49,67.48,99,0,42.32,101.69,6.00,443.00,22,40,40
2023-09-10T05:56:03Z,27.49,67.33,99,0,46.56,101.69,6.00,443.00,null,null,null
2023-09-10T05:57:03Z,27.51,67.31,99,0,43.56,101.69,6.00,443.00,null,null,null
2023-09-10T05:58:03Z,27.53,67.38,99,0,42.32,101.68,6.00,443.00,null,null,null
2023-09-10T05:59:03Z,27.48,67.39,99,0,45.48,101.68,6.00,443.00,null,null,null
2023-09-10T06:00:03Z,27.48,67.37,99,0,44.82,101.68,6.00,443.00,25,36,36
2023-09-10T06:01:03Z,27.48,67.20,99,0,44.31,101.69,5.00,436.00,null,null,null
2023-09-10T06:02:03Z,27.45,67.26,99,0,42.99,101.68,5.00,436.00,null,null,null
2023-09-10T06:03:03Z,27.48,67.28,99,0,46.45,101.68,5.00,436.00,null,null,null
2023-09-10T06:04:03Z,27.45,67.27,99,0,43.40,101.68,5.00,436.00,null,null,null
2023-09-10T06:05:03Z,27.45,67.33,99,0,44.63,101.68,5.00,436.00,26,38,45
2023-09-10T06:06:03Z,27.46,67.15,99,0,43.79,101.68,5.00,433.00,null,null,null
2023-09-10T06:07:03Z,27.45,67.21,99,0,44.43,101.68,5.00,436.00,null,null,null
2023-09-10T06:08:03Z,27.44,67.21,99,0,42.60,101.68,5.00,436.00,null,null,null
2023-09-10T06:09:03Z,27.45,67.18,99,0,48.02,101.68,5.00,434.00,null,null,null
2023-09-10T06:10:03Z,27.45,67.22,99,0,42.06,101.68,5.00,434.00,28,34,34
2023-09-10T06:11:03Z,27.42,67.02,99,0,43.61,101.68,5.00,434.00,null,null,null
2023-09-10T06:12:03Z,27.45,67.04,99,0,44.54,101.67,4.00,427.00,null,null,null
2023-09-10T06:13:03Z,27.39,67.12,99,0,42.16,101.68,4.00,427.00,null,null,null
2023-09-10T06:14:03Z,27.41,67.10,99,0,46.69,101.68,4.00,427.00,null,null,null
2023-09-10T06:15:03Z,27.41,67.11,99,0,44.95,101.68,4.00,427.00,25,41,41
2023-09-10T06:16:03Z,27.42,66.96,99,0,47.88,101.68,3.00,424.00,null,null,null
2023-09-10T06:17:03Z,27.41,66.99,99,0,44.07,101.68,4.00,427.00,null,null,null
2023-09-10T06:18:03Z,27.44,66.99,99,0,44.57,101.68,3.00,424.00,null,null,null
2023-09-10T06:19:03Z,27.39,67.07,99,0,43.85,101.68,3.00,424.00,null,null,null
2023-09-10T06:20:03Z,27.37,67.06,99,0,42.42,101.68,3.00,424.00,26,38,41
2023-09-10T06:21:03Z,27.38,66.95,99,0,43.92,101.68,2.00,416.00,null,null,null
2023-09-10T06:22:03Z,27.38,66.99,99,0,44.61,101.68,3.00,420.00,null,null,null
2023-09-10T06:23:03Z,27.37,67.02,99,0,48.00,101.68,3.00,420.00,null,null,null
2023-09-10T06:24:03Z,27.35,66.99,99,0,45.74,101.68,3.00,420.00,null,null,null
2023-09-10T06:25:03Z,27.35,67.01,99,0,48.91,101.68,3.00,420.00,29,40,40
2023-09-10T06:26:03Z,27.38,66.89,99,0,45.95,101.68,2.00,416.00,null,null,null
2023-09-10T06:27:03Z,27.35,66.92,99,0,45.53,101.68,1.00,411.00,null,null,null
2023-09-10T06:28:03Z,27.32,66.97,99,0,45.65,101.69,2.00,416.00,null,null,null
2023-09-10T06:29:03Z,27.35,66.95,99,0,44.35,101.68,1.00,411.00,null,null,null
2023-09-10T06:30:03Z,27.31,67.00,99,0,45.72,101.68,1.00,411.00,23,31,31
2023-09-10T06:31:03Z,27.34,66.92,99,0,42.75,101.68,1.00,409.00,null,null,null
2023-09-10T06:32:03Z,27.34,66.99,99,0,43.44,101.68,1.00,409.00,null,null,null
2023-09-10T06:33:03Z,27.30,66.95,99,0,43.11,101.68,1.00,409.00,null,null,null
2023-09-10T06:34:03Z,27.31,66.94,99,0,44.89,101.68,1.00,409.00,null,null,null
2023-09-10T06:35:03Z,27.31,66.92,99,0,46.85,101.68,1.00,409.00,22,34,34
2023-09-10T06:36:03Z,27.28,66.88,99,0,44.38,101.69,0.00,406.00,null,null,null
2023-09-10T06:37:03Z,27.28,66.91,99,0,47.06,101.68,0.00,406.00,null,null,null
2023-09-10T06:38:03Z,27.28,66.91,99,0,46.51,101.69,0.00,406.00,null,null,null
2023-09-10T06:39:03Z,27.25,66.90,99,0,46.22,101.69,0.00,406.00,null,null,null
2023-09-10T06:40:03Z,27.27,66.95,99,0,46.24,101.69,0.00,406.00,20,35,38
2023-09-10T06:41:03Z,27.25,66.84,99,0,46.53,101.68,0.00,400.00,null,null,null
2023-09-10T06:42:03Z,27.25,66.86,99,0,45.30,101.69,0.00,400.00,null,null,null
2023-09-10T06:43:03Z,27.25,66.88,99,0,42.76,101.69,0.00,400.00,null,null,null
2023-09-10T06:44:03Z,27.25,66.88,99,0,45.42,101.69,0.00,400.00,null,null,null
2023-09-10T06:45:03Z,27.22,66.89,99,0,43.65,101.69,0.00,400.00,18,23,23
2023-09-10T06:46:03Z,27.24,66.79,99,0,44.34,101.69,5.00,438.00,null,null,null
2023-09-10T06:47:03Z,27.22,66.87,100,0,44.53,101.69,5.00,434.00,null,null,null
2023-09-10T06:48:03Z,27.22,66.85,99,0,44.59,101.70,5.00,434.00,null,null,null
2023-09-10T06:49:03Z,27.24,66.86,99,0,42.18,101.69,5.00,434.00,null,null,null
2023-09-10T06:50:03Z,27.21,66.92,99,0,46.39,101.69,5.00,434.00,19,44,47
2023-09-10T06:51:03Z,27.21,66.80,99,0,44.15,101.69,5.00,434.00,null,null,null
2023-09-10T06:52:03Z,27.21,66.82,99,0,42.79,101.69,5.00,438.00,null,null,null
2023-09-10T06:53:03Z,27.22,66.90,99,0,43.77,101.69,5.00,438.00,null,null,null
2023-09-10T06:54:03Z,27.21,66.84,99,0,45.25,101.69,5.00,438.00,null,null,null
2023-09-10T06:55:03Z,27.21,66.84,100,0,44.02,101.69,5.00,438.00,24,34,34
2023-09-10T06:56:03Z,27.19,66.78,99,0,45.41,101.69,5.00,434.00,null,null,null
2023-09-10T06:57:03Z,27.19,66.85,99,0,44.48,101.69,5.00,438.00,null,null,null
2023-09-10T06:58:03Z,27.21,66.81,99,0,43.49,101.70,5.00,438.00,null,null,null
2023-09-10T06:59:03Z,27.18,66.86,99,0,44.61,101.69,5.00,438.00,null,null,null
2023-09-10T07:00:03Z,27.17,66.81,99,0,44.16,101.69,5.00,438.00,25,39,47
2023-09-10T07:01:03Z,27.18,66.76,99,0,44.52,101.69,5.00,438.00,null,null,null
2023-09-10T07:02:03Z,27.18,66.80,99,0,45.91,101.69,5.00,434.00,null,null,null
2023-09-10T07:03:03Z,27.17,66.82,99,0,46.92,101.69,5.00,434.00,null,null,null
2023-09-10T07:04:03Z,27.17,66.84,99,0,41.74,101.69,5.00,434.00,null,null,null
2023-09-10T07:05:03Z,27.17,66.84,100,0,42.44,101.69,5.00,434.00,24,41,41
2023-09-10T07:06:03Z,27.14,66.75,99,0,47.17,101.69,5.00,434.00,null,null,null
2023-09-10T07:07:03Z,27.18,66.81,99,0,44.24,101.69,5.00,434.00,null,null,null
2023-09-10T07:08:03Z,27.13,66.82,99,0,48.11,101.69,4.00,428.00,null,null,null
2023-09-10T07:09:03Z,27.14,66.85,99,0,43.99,101.69,5.00,434.00,null,null,null
2023-09-10T07:10:03Z,27.13,66.83,99,0,44.23,101.70,5.00,434.00,23,31,31
2023-09-10T07:11:03Z,27.13,66.78,99,0,44.21,101.69,5.00,434.00,null,null,null
2023-09-10T07:12:03Z,27.13,66.85,99,0,43.92,101.69,5.00,434.00,null,null,null
2023-09-10T07:13:03Z,27.14,66.84,99,0,46.57,101.69,5.00,434.00,null,null,null
2023-09-10T07:14:03Z,27.15,66.82,99,0,44.27,101.69,5.00,434.00,null,null,null
2023-09-10T07:15:03Z,27.11,66.82,99,0,45.91,101.69,5.00,434.00,23,32,32
2023-09-10T07:16:03Z,27.14,66.77,99,0,43.71,101.69,5.00,434.00,null,null,null
2023-09-10T07:17:03Z,27.17,66.81,99,0,40.52,101.69,5.00,434.00,null,null,null
2023-09-10T07:18:03Z,27.14,66.80,99,0,43.59,101.69,5.00,434.00,null,null,null
2023-09-10T07:19:03Z,27.10,66.84,99,0,44.06,101.69,5.00,434.00,null,null,null
2023-09-10T07:20:03Z,27.14,66.86,99,0,44.29,101.69,5.00,434.00,30,37,37
2023-09-10T07:21:03Z,27.13,66.73,99,0,46.30,101.69,5.00,434.00,null,null,null
2023-09-10T07:22:03Z,27.10,66.78,99,0,46.42,101.69,5.00,434.00,null,null,null
2023-09-10T07:23:03Z,27.15,66.78,99,0,45.84,101.69,3.00,424.00,null,null,null
2023-09-10T07:24:03Z,27.08,66.81,99,0,44.82,101.69,3.00,424.00,null,null,null
2023-09-10T07:25:03Z,27.05,66.81,99,0,47.78,101.69,3.00,424.00,20,36,39
2023-09-10T07:26:03Z,27.11,66.74,99,0,45.39,101.68,3.00,424.00,null,null,null
2023-09-10T07:27:03Z,27.11,66.73,100,0,46.84,101.68,5.00,434.00,null,null,null
2023-09-10T07:28:03Z,27.13,66.76,99,0,46.33,101.69,5.00,434.00,null,null,null
2023-09-10T07:29:03Z,27.08,66.78,99,0,47.14,101.69,4.00,428.00,null,null,null
2023-09-10T07:30:03Z,27.07,66.82,99,0,43.94,101.69,3.00,424.00,29,32,32
2023-09-10T07:31:03Z,27.05,66.70,99,0,46.85,101.69,3.00,420.00,null,null,null
2023-09-10T07:32:03Z,27.10,66.72,99,0,68.12,101.69,4.00,427.00,null,null,null
2023-09-10T07:33:03Z,27.07,66.71,100,0,46.80,101.69,4.00,427.00,null,null,null
2023-09-10T07:34:03Z,27.07,66.79,99,0,53.95,101.68,4.00,427.00,null,null,null
2023-09-10T07:35:03Z,27.08,66.90,99,0,42.69,101.69,3.00,424.00,18,19,19
2023-09-10T07:36:03Z,27.08,66.97,99,0,45.59,101.68,3.00,424.00,null,null,null
2023-09-10T07:37:03Z,27.07,67.03,99,0,43.88,101.69,3.00,424.00,null,null,null
2023-09-10T07:38:03Z,27.07,67.06,99,0,44.04,101.69,4.00,428.00,null,null,null
2023-09-10T07:39:03Z,27.07,67.14,99,0,47.67,101.69,3.00,424.00,null,null,null
2023-09-10T07:40:03Z,27.05,67.12,99,0,45.21,101.69,3.00,424.00,23,33,33
2023-09-10T07:41:03Z,27.08,67.20,99,0,46.13,101.69,4.00,428.00,null,null,null
2023-09-10T07:42:03Z,27.07,67.17,99,0,44.55,101.69,4.00,428.00,null,null,null
2023-09-10T07:43:03Z,27.10,67.24,99,0,45.30,101.69,3.00,424.00,null,null,null
2023-09-10T07:44:03Z,27.07,67.20,99,0,44.75,101.69,4.00,428.00,null,null,null
2023-09-10T07:45:03Z,27.08,67.24,99,0,42.62,101.69,3.00,424.00,22,34,41
2023-09-10T07:46:03Z,27.13,67.20,99,0,45.86,101.69,3.00,424.00,null,null,null
2023-09-10T07:47:03Z,27.08,67.20,99,0,44.95,101.69,3.00,424.00,null,null,null
2023-09-10T07:48:03Z,27.08,67.23,99,0,45.10,101.69,3.00,424.00,null,null,null
2023-09-10T07:49:03Z,27.04,67.19,99,0,44.37,101.69,3.00,424.00,null,null,null
2023-09-10T07:50:03Z,27.07,67.19,99,0,44.65,101.69,3.00,424.00,23,38,48
2023-09-10T07:51:03Z,27.08,67.22,99,0,45.56,101.69,3.00,420.00,null,null,null
2023-09-10T07:52:03Z,27.08,67.17,99,0,45.16,101.69,3.00,420.00,null,null,null
2023-09-10T07:53:03Z,27.08,67.17,99,0,45.48,101.69,3.00,420.00,null,null,null
2023-09-10T07:54:03Z,27.08,67.17,99,0,43.09,101.69,3.00,420.00,null,null,null
2023-09-10T07:55:03Z,27.05,67.15,99,0,46.58,101.69,2.00,417.00,21,32,32
2023-09-10T07:56:03Z,27.08,67.16,99,0,44.89,101.69,3.00,420.00,null,null,null
2023-09-10T07:57:03Z,27.07,67.18,99,0,46.73,101.70,2.00,417.00,null,null,null
2023-09-10T07:58:03Z,27.05,67.16,99,0,45.10,101.69,1.00,413.00,null,null,null
2023-09-10T07:59:03Z,27.07,67.17,99,0,44.53,101.69,1.00,413.00,null,null,null
2023-09-10T08:00:03Z,27.07,67.15,99,0,44.11,101.69,1.00,413.00,16,27,30
2023-09-10T08:01:03Z,27.08,67.14,99,0,43.92,101.69,1.00,413.00,null,null,null
2023-09-10T08:02:03Z,27.07,67.13,99,0,43.78,101.69,2.00,417.00,null,null,null
2023-09-10T08:03:03Z,27.08,67.10,100,0,43.74,101.69,2.00,417.00,null,null,null
2023-09-10T08:04:03Z,27.08,67.13,99,0,44.42,101.69,2.00,417.00,null,null,null
2023-09-10T08:05:03Z,27.07,67.13,99,0,51.70,101.68,1.00,413.00,16,32,32
2023-09-10T08:06:03Z,27.08,67.13,99,0,46.32,101.69,1.00,409.00,null,null,null
2023-09-10T08:07:03Z,27.08,67.16,99,0,49.14,101.68,2.00,417.00,null,null,null
2023-09-10T08:08:03Z,27.08,67.14,99,0,46.41,101.68,2.00,417.00,null,null,null
2023-09-10T08:09:03Z,27.05,67.17,99,0,46.90,101.68,1.00,413.00,null,null,null
2023-09-10T08:10:03Z,27.08,67.23,99,0,48.53,101.68,1.00,413.00,18,25,25
2023-09-10T08:11:03Z,27.10,67.20,99,0,46.96,101.68,1.00,413.00,null,null,null
2023-09-10T08:12:03Z,27.07,67.22,99,0,48.79,101.68,1.00,413.00,null,null,null
2023-09-10T08:13:03Z,27.10,67.16,99,0,43.48,101.68,1.00,413.00,null,null,null
2023-09-10T08:14:03Z,27.08,67.22,99,0,44.98,101.68,1.00,413.00,null,null,null
2023-09-10T08:15:03Z,27.08,67.21,99,0,46.85,101.68,1.00,413.00,17,24,24
2023-09-10T08:16:03Z,27.10,67.15,99,0,48.44,101.67,1.00,409.00,null,null,null
2023-09-10T08:17:03Z,27.11,67.22,99,0,44.76,101.68,1.00,413.00,null,null,null
2023-09-10T08:18:03Z,27.10,67.19,99,0,48.35,101.68,1.00,409.00,null,null,null
2023-09-10T08:19:03Z,27.08,67.18,99,0,46.99,101.68,1.00,409.00,null,null,null
2023-09-10T08:20:03Z,27.13,67.14,99,0,43.59,101.68,1.00,413.00,16,21,21
2023-09-10T08:21:03Z,27.10,67.05,99,0,44.71,101.69,1.00,409.00,null,null,null
2023-09-10T08:22:03Z,27.11,67.08,99,0,50.39,101.69,1.00,409.00,null,null,null
2023-09-10T08:23:03Z,27.10,67.07,99,0,49.16,101.69,1.00,409.00,null,null,null
2023-09-10T08:24:03Z,27.10,67.02,99,0,49.73,101.70,1.00,409.00,null,null,null
2023-09-10T08:25:03Z,27.07,67.09,99,0,27.77,101.69,1.00,409.00,17,26,26
2023-09-10T08:26:03Z,27.11,67.03,99,0,26.08,101.69,1.00,409.00,null,null,null
2023-09-10T08:27:03Z,27.13,67.02,99,0,30.53,101.69,1.00,409.00,null,null,null
2023-09-10T08:28:03Z,27.10,67.09,99,0,26.84,101.69,1.00,409.00,null,null,null
2023-09-10T08:29:03Z,27.10,67.00,99,0,32.48,101.69,0.00,406.00,null,null,null
2023-09-10T08:30:03Z,27.11,67.06,99,0,29.89,101.70,0.00,406.00,12,16,16
2023-09-10T08:31:03Z,27.10,66.88,99,0,26.41,101.69,0.00,406.00,null,null,null
2023-09-10T08:32:03Z,27.14,66.93,99,0,31.46,101.69,0.00,400.00,null,null,null
2023-09-10T08:33:03Z,27.11,66.95,99,0,27.24,101.69,0.00,400.00,null,null,null
2023-09-10T08:34:03Z,27.08,66.90,99,0,25.41,101.70,0.00,403.00,null,null,null
2023-09-10T08:35:03Z,27.08,66.86,99,0,32.41,101.69,0.00,403.00,13,18,18
2023-09-10T08:36:03Z,27.13,66.72,99,0,34.54,101.69,0.00,403.00,null,null,null
2023-09-10T08:37:03Z,27.11,66.80,99,0,36.23,101.69,1.00,407.00,null,null,null
2023-09-10T08:38:03Z,27.10,66.79,99,0,38.58,101.69,0.00,403.00,null,null,null
2023-09-10T08:39:03Z,27.08,66.83,99,0,27.45,101.68,0.00,403.00,null,null,null
2023-09-10T08:40:03Z,27.08,66.82,99,0,42.63,101.69,0.00,403.00,20,26,29
2023-09-10T08:41:03Z,27.11,66.81,100,0,26.60,101.69,0.00,400.00,null,null,null
2023-09-10T08:42:03Z,27.11,66.80,99,0,37.76,101.69,0.00,403.00,null,null,null
2023-09-10T08:43:03Z,27.10,66.85,99,0,36.31,101.69,0.00,403.00,null,null,null
2023-09-10T08:44:03Z,27.11,66.88,99,0,52.76,101.69,0.00,403.00,null,null,null
2023-09-10T08:45:03Z,27.11,66.89,99,0,35.53,101.69,0.00,403.00,19,23,23
2023-09-10T08:46:03Z,27.14,66.84,99,0,27.92,101.68,0.00,403.00,null,null,null
2023-09-10T08:47:03Z,27.18,66.87,99,0,27.28,101.69,1.00,409.00,null,null,null
2023-09-10T08:48:03Z,27.19,66.83,99,0,24.65,101.69,0.00,403.00,null,null,null
2023-09-10T08:49:03Z,27.15,66.85,99,0,31.41,101.68,0.00,403.00,null,null,null
2023-09-10T08:50:03Z,27.13,66.82,99,0,32.96,101.68,1.00,409.00,13,14,14
2023-09-10T08:51:03Z,27.15,66.76,99,0,28.22,101.68,1.00,409.00,null,null,null
2023-09-10T08:52:03Z,27.19,66.73,99,0,30.08,101.68,1.00,409.00,null,null,null
2023-09-10T08:53:03Z,27.14,66.78,99,0,32.19,101.67,1.00,407.00,null,null,null
2023-09-10T08:54:03Z,27.15,66.76,99,0,27.57,101.68,1.00,409.00,null,null,null
2023-09-10T08:55:03Z,27.14,66.77,99,0,29.95,101.67,1.00,409.00,15,19,27
2023-09-10T08:56:03Z,27.18,66.69,99,0,25.41,101.67,1.00,409.00,null,null,null
2023-09-10T08:57:03Z,27.15,66.70,99,0,27.30,101.67,1.00,413.00,null,null,null
2023-09-10T08:58:03Z,27.13,66.70,99,0,30.29,101.67,1.00,413.00,null,null,null
2023-09-10T08:59:03Z,27.15,66.76,99,0,26.24,101.66,1.00,413.00,null,null,null
2023-09-10T09:00:03Z,27.13,66.70,99,0,27.57,101.66,1.00,409.00,14,23,23
2023-09-10T09:01:03Z,27.17,66.60,99,0,26.91,101.66,1.00,407.00,null,null,null
2023-09-10T09:02:03Z,27.15,66.60,99,0,29.81,101.66,1.00,407.00,null,null,null
2023-09-10T09:03:03Z,27.15,66.59,99,0,30.16,101.66,1.00,407.00,null,null,null
2023-09-10T09:04:03Z,27.14,66.64,99,0,26.60,101.66,1.00,407.00,null,null,null
2023-09-10T09:05:03Z,27.13,66.58,99,0,34.25,101.65,1.00,407.00,17,28,43
2023-09-10T09:06:03Z,27.18,66.44,99,0,40.69,101.65,1.00,407.00,null,null,null
2023-09-10T09:07:03Z,27.15,66.52,99,0,39.08,101.66,1.00,407.00,null,null,null
2023-09-10T09:08:03Z,27.14,66.53,99,0,29.62,101.66,0.00,403.00,null,null,null
2023-09-10T09:09:03Z,27.13,66.51,99,0,28.76,101.67,0.00,403.00,null,null,null
2023-09-10T09:10:03Z,27.13,66.55,99,0,39.45,101.67,0.00,403.00,19,22,22
2023-09-10T09:11:03Z,27.15,66.44,99,0,33.36,101.67,0.00,403.00,null,null,null
2023-09-10T09:12:03Z,27.15,66.51,99,0,27.42,101.67,1.00,407.00,null,null,null
2023-09-10T09:13:03Z,27.14,66.51,99,0,27.69,101.67,1.00,407.00,null,null,null
2023-09-10T09:14:03Z,27.14,66.50,99,0,29.09,101.66,1.00,407.00,null,null,null
2023-09-10T09:15:03Z,27.13,66.55,99,0,24.79,101.66,1.00,407.00,17,17,17
2023-09-10T09:16:03Z,27.14,66.45,99,0,29.55,101.67,0.00,401.00,null,null,null
2023-09-10T09:17:03Z,27.14,66.50,99,0,24.93,101.66,0.00,403.00,null,null,null
2023-09-10T09:18:03Z,27.15,66.51,99,0,27.38,101.66,0.00,403.00,null,null,null
2023-09-10T09:19:03Z,27.15,66.52,99,0,29.43,101.66,0.00,403.00,null,null,null
2023-09-10T09:20:03Z,27.11,66.48,99,0,26.11,101.67,0.00,403.00,19,24,28
2023-09-10T09:21:03Z,27.15,66.43,99,0,30.50,101.66,0.00,401.00,null,null,null
2023-09-10T09:22:03Z,27.15,66.45,99,0,28.07,101.67,0.00,403.00,null,null,null
2023-09-10T09:23:03Z,27.14,66.51,99,0,30.75,101.67,0.00,403.00,null,null,null
2023-09-10T09:24:03Z,27.14,66.51,99,0,28.76,101.67,0.00,403.00,null,null,null
2023-09-10T09:25:03Z,27.15,66.45,99,0,27.78,101.67,0.00,403.00,13,22,22
2023-09-10T09:26:03Z,27.14,66.37,99,0,30.58,101.67,0.00,403.00,null,null,null
2023-09-10T09:27:03Z,27.13,66.42,99,0,31.44,101.67,0.00,403.00,null,null,null
2023-09-10T09:28:03Z,27.14,66.41,99,0,25.73,101.67,0.00,403.00,null,null,null
2023-09-10T09:29:03Z,27.13,66.45,99,0,29.35,101.67,0.00,401.00,null,null,null
2023-09-10T09:30:03Z,27.17,66.40,99,0,26.62,101.66,0.00,403.00,15,16,16
2023-09-10T09:31:03Z,27.13,66.32,99,0,30.70,101.66,0.00,403.00,null,null,null
2023-09-10T09:32:03Z,27.15,66.37,99,0,24.76,101.66,0.00,403.00,null,null,null
2023-09-10T09:33:03Z,27.15,66.35,99,0,26.73,101.66,0.00,403.00,null,null,null
2023-09-10T09:34:03Z,27.14,66.35,99,0,31.05,101.66,0.00,403.00,null,null,null
2023-09-10T09:35:03Z,27.14,66.41,99,0,36.08,101.65,0.00,403.00,14,19,19
2023-09-10T09:36:03Z,27.15,66.29,99,0,26.14,101.65,0.00,403.00,null,null,null
2023-09-10T09:37:03Z,27.17,66.28,99,0,32.21,101.65,0.00,403.00,null,null,null
2023-09-10T09:38:03Z,27.14,66.34,99,0,28.42,101.65,0.00,403.00,null,null,null
2023-09-10T09:39:03Z,27.13,66.35,99,0,28.76,101.65,0.00,403.00,null,null,null
2023-09-10T09:40:03Z,27.14,66.36,99,0,27.90,101.65,1.00,407.00,14,18,18
2023-09-10T09:41:03Z,27.15,66.26,99,0,27.75,101.65,0.00,403.00,null,null,null
2023-09-10T09:42:03Z,27.13,66.29,99,0,24.72,101.65,0.00,403.00,null,null,null
2023-09-10T09:43:03Z,27.19,66.31,99,0,26.06,101.65,0.00,403.00,null,null,null
2023-09-10T09:44:03Z,27.15,66.38,99,0,28.74,101.65,0.00,401.00,null,null,null
2023-09-10T09:45:03Z,27.11,66.31,99,0,34.43,101.65,0.00,403.00,18,28,28
2023-09-10T09:46:03Z,27.14,66.25,99,0,39.42,101.65,0.00,403.00,null,null,null
2023-09-10T09:47:03Z,27.11,66.29,99,0,26.62,101.65,0.00,403.00,null,null,null
2023-09-10T09:48:03Z,27.17,66.37,100,0,27.28,101.64,1.00,407.00,null,null,null
2023-09-10T09:49:03Z,27.14,66.31,99,0,28.76,101.64,0.00,403.00,null,null,null
2023-09-10T09:50:03Z,27.13,66.30,99,0,31.11,101.64,0.00,403.00,11,13,13
2023-09-10T09:51:03Z,27.14,66.29,99,0,36.77,101.64,0.00,401.00,null,null,null
2023-09-10T09:52:03Z,27.13,66.29,99,0,29.95,101.64,1.00,407.00,null,null,null
2023-09-10T09:53:03Z,27.17,66.31,99,0,27.85,101.63,1.00,407.00,null,null,null
2023-09-10T09:54:03Z,27.18,66.32,99,0,25.16,101.63,1.00,407.00,null,null,null
2023-09-10T09:55:03Z,27.17,66.35,99,0,29.79,101.63,1.00,407.00,15,17,17
2023-09-10T09:56:03Z,27.13,66.30,99,0,27.06,101.62,0.00,401.00,null,null,null
2023-09-10T09:57:03Z,27.15,66.31,100,0,27.73,101.62,1.00,407.00,null,null,null
2023-09-10T09:58:03Z,27.18,66.34,99,0,28.64,101.62,1.00,407.00,null,null,null
2023-09-10T09:59:03Z,27.15,66.33,99,0,25.98,101.63,1.00,407.00,null,null,null
2023-09-10T10:00:03Z,27.15,66.37,99,0,29.47,101.62,1.00,407.00,8,19,19
2023-09-10T10:01:03Z,27.15,66.33,99,0,29.76,101.63,1.00,407.00,null,null,null
2023-09-10T10:02:03Z,27.15,66.43,99,0,26.99,101.62,1.00,407.00,null,null,null
2023-09-10T10:03:03Z,27.15,66.39,99,0,27.73,101.62,1.00,407.00,null,null,null
2023-09-10T10:04:03Z,27.18,66.46,99,0,25.95,101.62,1.00,407.00,null,null,null
2023-09-10T10:05:03Z,27.15,66.46,99,0,27.64,101.62,1.00,407.00,12,12,12
2023-09-10T10:06:03Z,27.15,66.38,99,0,26.80,101.63,1.00,407.00,null,null,null
2023-09-10T10:07:03Z,27.15,66.44,99,0,29.98,101.62,1.00,407.00,null,null,null
2023-09-10T10:08:03Z,27.17,66.43,99,0,39.18,101.62,1.00,413.00,null,null,null
2023-09-10T10:09:03Z,27.15,66.44,99,0,28.88,101.62,1.00,407.00,null,null,null
2023-09-10T10:10:03Z,27.14,66.51,99,0,28.54,101.62,1.00,407.00,15,19,19
2023-09-10T10:11:03Z,27.17,66.45,99,0,29.67,101.62,1.00,407.00,null,null,null
2023-09-10T10:12:03Z,27.18,66.46,99,0,30.49,101.62,1.00,407.00,null,null,null
2023-09-10T10:13:03Z,27.17,66.44,99,0,27.80,101.61,1.00,407.00,null,null,null
2023-09-10T10:14:03Z,27.19,66.44,99,0,28.83,101.62,1.00,407.00,null,null,null
2023-09-10T10:15:03Z,27.17,66.48,100,0,29.20,101.61,1.00,407.00,12,14,14
2023-09-10T10:16:03Z,27.15,66.47,99,0,30.59,101.62,1.00,407.00,null,null,null
2023-09-10T10:17:03Z,27.24,66.46,99,0,25.50,101.61,1.00,407.00,null,null,null
2023-09-10T10:18:03Z,27.19,66.53,99,0,25.79,101.61,1.00,413.00,null,null,null
2023-09-10T10:19:03Z,27.18,66.58,99,0,28.73,101.61,1.00,407.00,null,null,null
2023-09-10T10:20:03Z,27.17,66.52,99,0,25.13,101.61,1.00,407.00,7,13,13
2023-09-10T10:21:03Z,27.18,66.52,99,0,31.21,101.61,1.00,407.00,null,null,null
2023-09-10T10:22:03Z,27.21,66.60,99,0,27.62,101.61,1.00,413.00,null,null,null
2023-09-10T10:23:03Z,27.21,66.57,99,0,27.99,101.61,1.00,407.00,null,null,null
2023-09-10T10:24:03Z,27.21,66.58,99,0,28.28,101.61,1.00,407.00,null,null,null
2023-09-10T10:25:03Z,27.19,66.58,99,0,28.57,101.61,1.00,413.00,8,9,9
2023-09-10T10:26:03Z,27.25,66.58,99,0,30.42,101.61,1.00,407.00,null,null,null
2023-09-10T10:27:03Z,27.22,66.57,100,0,28.67,101.61,0.00,400.00,null,null,null
2023-09-10T10:28:03Z,27.25,66.57,99,0,25.98,101.61,5.00,434.00,null,null,null
2023-09-10T10:29:03Z,27.27,66.61,100,0,32.33,101.61,0.00,400.00,null,null,null
2023-09-10T10:30:03Z,27.24,66.60,99,0,24.31,101.61,0.00,400.00,8,8,8
2023-09-10T10:31:03Z,27.25,66.63,99,0,23.98,101.61,4.00,428.00,null,null,null
2023-09-10T10:32:03Z,27.25,66.62,99,0,27.99,101.61,0.00,400.00,null,null,null
2023-09-10T10:33:03Z,27.25,66.63,99,0,27.10,101.61,0.00,400.00,null,null,null
2023-09-10T10:34:03Z,27.22,66.58,99,0,25.98,101.61,0.00,400.00,null,null,null
2023-09-10T10:35:03Z,27.25,66.64,99,0,27.30,101.60,5.00,434.00,6,8,8
2023-09-10T10:36:03Z,27.22,66.62,99,0,28.64,101.61,0.00,400.00,null,null,null
2023-09-10T10:37:03Z,27.27,66.66,99,0,26.95,101.60,5.00,434.00,null,null,null
2023-09-10T10:38:03Z,27.25,66.63,99,0,26.76,101.60,0.00,400.00,null,null,null
2023-09-10T10:39:03Z,27.25,66.71,100,0,28.20,101.60,0.00,403.00,null,null,null
2023-09-10T10:40:03Z,27.24,66.67,99,0,29.79,101.59,0.00,400.00,8,8,8
2023-09-10T10:41:03Z,27.24,66.69,99,0,27.84,101.59,5.00,438.00,null,null,null
2023-09-10T10:42:03Z,27.30,66.66,99,0,31.95,101.59,5.00,438.00,null,null,null
2023-09-10T10:43:03Z,27.28,66.72,99,0,28.84,101.59,0.00,403.00,null,null,null
2023-09-10T10:44:03Z,27.24,66.69,99,0,28.71,101.59,0.00,403.00,null,null,null
2023-09-10T10:45:03Z,27.25,66.74,99,0,24.72,101.58,5.00,438.00,8,9,9
2023-09-10T10:46:03Z,27.27,66.72,99,0,27.40,101.58,0.00,403.00,null,null,null
2023-09-10T10:47:03Z,27.27,66.68,99,0,26.08,101.58,0.00,403.00,null,null,null
2023-09-10T10:48:03Z,27.27,66.74,99,0,26.43,101.58,0.00,400.00,null,null,null
2023-09-10T10:49:03Z,27.28,66.74,99,0,26.67,101.59,0.00,403.00,null,null,null
2023-09-10T10:50:03Z,27.27,66.74,99,0,27.69,101.58,0.00,400.00,5,8,8
2023-09-10T10:51:03Z,27.30,66.75,99,0,24.58,101.58,0.00,400.00,null,null,null
2023-09-10T10:52:03Z,27.30,66.73,99,0,32.03,101.58,0.00,400.00,null,null,null
2023-09-10T10:53:03Z,27.28,66.73,99,0,32.36,101.58,0.00,403.00,null,null,null
2023-09-10T10:54:03Z,27.28,66.79,100,0,30.72,101.58,0.00,400.00,null,null,null
2023-09-10T10:55:03Z,27.31,66.80,99,0,29.48,101.57,0.00,400.00,11,11,11
2023-09-10T10:56:03Z,27.28,66.74,100,0,31.74,101.58,0.00,400.00,null,null,null
2023-09-10T10:57:03Z,27.28,66.75,99,0,27.18,101.57,0.00,400.00,null,null,null
2023-09-10T10:58:03Z,27.32,66.78,99,0,24.68,101.57,0.00,402.00,null,null,null
2023-09-10T10:59:03Z,27.30,66.75,99,0,28.14,101.58,0.00,402.00,null,null,null
2023-09-10T11:00:03Z,27.32,66.78,99,0,25.47,101.58,0.00,402.00,14,17,17
2023-09-10T11:01:03Z,27.30,66.80,99,0,27.73,101.58,0.00,400.00,null,null,null
2023-09-10T11:02:03Z,27.30,66.78,99,0,28.31,101.58,0.00,402.00,null,null,null
2023-09-10T11:03:03Z,27.30,66.79,99,0,27.28,101.58,0.00,402.00,null,null,null
2023-09-10T11:04:03Z,27.32,66.83,99,0,26.87,101.58,0.00,402.00,null,null,null
2023-09-10T11:05:03Z,27.32,66.82,99,0,29.12,101.58,0.00,402.00,11,11,11
2023-09-10T11:06:03Z,27.31,66.84,99,0,27.20,101.58,0.00,400.00,null,null,null
2023-09-10T11:07:03Z,27.37,66.81,99,0,30.12,101.58,0.00,402.00,null,null,null
2023-09-10T11:08:03Z,27.31,66.85,99,0,32.51,101.58,0.00,402.00,null,null,null
2023-09-10T11:09:03Z,27.31,66.84,100,0,26.57,101.58,0.00,402.00,null,null,null
2023-09-10T11:10:03Z,27.35,66.84,99,0,27.18,101.58,0.00,402.00,8,10,10
2023-09-10T11:11:03Z,27.32,66.81,99,0,25.70,101.57,0.00,402.00,null,null,null
2023-09-10T11:12:03Z,27.34,66.85,99,0,26.84,101.57,0.00,402.00,null,null,null
2023-09-10T11:13:03Z,27.32,66.80,99,0,24.31,101.57,0.00,402.00,null,null,null
2023-09-10T11:14:03Z,27.37,66.81,99,0,29.48,101.57,0.00,400.00,null,null,null
2023-09-10T11:15:03Z,27.32,66.88,99,0,28.70,101.57,0.00,400.00,11,11,11
2023-09-10T11:16:03Z,27.37,66.84,99,0,27.24,101.57,0.00,400.00,null,null,null
2023-09-10T11:17:03Z,27.34,66.80,99,0,26.93,101.57,0.00,402.00,null,null,null
2023-09-10T11:18:03Z,27.35,66.79,99,0,26.80,101.57,0.00,400.00,null,null,null
2023-09-10T11:19:03Z,27.37,66.87,99,0,29.98,101.57,0.00,402.00,null,null,null
2023-09-10T11:20:03Z,27.34,66.87,99,0,26.97,101.56,0.00,400.00,13,21,21
2023-09-10T11:21:03Z,27.35,66.84,99,0,29.11,101.56,0.00,400.00,null,null,null
2023-09-10T11:22:03Z,27.35,66.80,99,0,25.98,101.55,0.00,400.00,null,null,null
2023-09-10T11:23:03Z,27.35,66.80,99,0,25.06,101.56,0.00,400.00,null,null,null
2023-09-10T11:24:03Z,27.35,66.85,99,0,28.47,101.55,0.00,400.00,null,null,null
2023-09-10T11:25:03Z,27.35,66.81,99,0,24.83,101.55,0.00,400.00,12,12,12
2023-09-10T11:26:03Z,27.37,66.82,99,0,26.78,101.55,0.00,400.00,null,null,null
2023-09-10T11:27:03Z,27.37,66.82,99,0,47.00,101.54,0.00,400.00,null,null,null
2023-09-10T11:28:03Z,27.37,66.83,99,0,29.15,101.54,0.00,400.00,null,null,null
2023-09-10T11:29:03Z,27.39,66.86,99,0,28.47,101.54,0.00,400.00,null,null,null
2023-09-10T11:30:03Z,27.35,66.80,99,0,26.41,101.54,0.00,400.00,7,7,7
2023-09-10T11:31:03Z,27.35,66.84,99,0,25.73,101.54,0.00,400.00,null,null,null
2023-09-10T11:32:03Z,27.35,66.89,99,0,30.86,101.54,0.00,400.00,null,null,null
2023-09-10T11:33:03Z,27.38,66.87,99,0,29.27,101.54,0.00,403.00,null,null,null
2023-09-10T11:34:03Z,27.37,66.82,99,0,25.06,101.54,0.00,406.00,null,null,null
2023-09-10T11:35:03Z,27.37,66.84,99,0,26.93,101.54,0.00,406.00,14,16,16
2023-09-10T11:36:03Z,27.39,66.87,99,0,40.75,101.54,0.00,403.00,null,null,null
2023-09-10T11:37:03Z,27.38,66.83,99,0,30.30,101.54,0.00,406.00,null,null,null
2023-09-10T11:38:03Z,27.39,66.83,99,0,26.82,101.53,0.00,406.00,null,null,null
2023-09-10T11:39:03Z,27.38,66.83,99,0,28.01,101.53,0.00,406.00,null,null,null
2023-09-10T11:40:03Z,27.41,66.85,99,0,29.96,101.53,0.00,403.00,7,9,9
2023-09-10T11:41:03Z,27.39,66.84,99,0,28.30,101.52,0.00,400.00,null,null,null
2023-09-10T11:42:03Z,27.39,66.84,100,0,25.92,101.52,0.00,403.00,null,null,null
2023-09-10T11:43:03Z,27.42,66.83,99,0,28.30,101.52,0.00,403.00,null,null,null
2023-09-10T11:44:03Z,27.41,66.87,99,0,29.54,101.52,0.00,403.00,null,null,null
2023-09-10T11:45:03Z,27.38,66.88,99,0,33.58,101.51,0.00,403.00,12,12,12
2023-09-10T11:46:03Z,27.39,66.91,99,0,28.27,101.50,0.00,403.00,null,null,null
2023-09-10T11:47:03Z,27.41,66.87,99,0,28.71,101.50,0.00,403.00,null,null,null
2023-09-10T11:48:03Z,27.39,66.84,99,0,31.95,101.50,0.00,403.00,null,null,null
2023-09-10T11:49:03Z,27.38,66.85,99,0,29.11,101.50,0.00,403.00,null,null,null
2023-09-10T11:50:03Z,27.41,66.88,99,0,25.98,101.50,0.00,403.00,10,13,13
2023-09-10T11:51:03Z,27.41,66.87,99,0,30.13,101.50,0.00,403.00,null,null,null
2023-09-10T11:52:03Z,27.48,66.89,99,0,28.02,101.50,0.00,406.00,null,null,null
2023-09-10T11:53:03Z,27.44,66.87,99,0,26.43,101.50,0.00,406.00,null,null,null
2023-09-10T11:54:03Z,27.45,66.91,99,0,26.80,101.49,0.00,403.00,null,null,null
2023-09-10T11:55:03Z,27.39,66.91,99,0,26.53,101.49,0.00,403.00,10,10,10
2023-09-10T11:56:03Z,27.41,66.92,99,0,26.64,101.49,0.00,406.00,null,null,null
2023-09-10T11:57:03Z,27.42,66.92,99,0,25.32,101.48,0.00,406.00,null,null,null
2023-09-10T11:58:03Z,27.41,66.85,99,0,29.51,101.49,0.00,403.00,null,null,null
2023-09-10T11:59:03Z,27.44,66.89,99,0,44.60,101.49,0.00,403.00,null,null,null
2023-09-10T12:00:03Z,27.42,66.91,99,0,28.39,101.48,0.00,403.00,10,11,15
2023-09-10T12:01:03Z,27.44,66.91,99,0,30.83,101.49,0.00,403.00,null,null,null
2023-09-10T12:02:03Z,27.44,66.88,99,0,31.79,101.49,0.00,403.00,null,null,null
2023-09-10T12:03:03Z,27.44,66.86,99,0,28.31,101.48,0.00,403.00,null,null,null
2023-09-10T12:04:03Z,27.44,66.88,99,0,34.54,101.49,0.00,403.00,null,null,null
2023-09-10T12:05:03Z,27.42,66.89,99,0,30.55,101.49,0.00,403.00,6,6,6
2023-09-10T12:06:03Z,27.45,66.86,99,0,26.78,101.50,0.00,400.00,null,null,null
2023-09-10T12:07:03Z,27.42,66.89,100,0,27.24,101.50,0.00,400.00,null,null,null
2023-09-10T12:08:03Z,27.44,66.90,99,0,34.77,101.51,0.00,400.00,null,null,null
2023-09-10T12:09:03Z,27.44,66.91,99,0,27.53,101.52,0.00,406.00,null,null,null
2023-09-10T12:10:03Z,27.45,66.90,99,0,25.38,101.53,0.00,403.00,6,9,9
2023-09-10T12:11:03Z,27.45,66.92,99,0,27.51,101.53,0.00,400.00,null,null,null
2023-09-10T12:12:03Z,27.45,66.88,99,0,29.61,101.52,0.00,406.00,null,null,null
2023-09-10T12:13:03Z,27.44,66.89,99,0,31.61,101.53,0.00,403.00,null,null,null
2023-09-10T12:14:03Z,27.48,66.89,99,0,26.69,101.53,0.00,403.00,null,null,null
2023-09-10T12:15:03Z,27.46,66.86,99,0,43.09,101.54,0.00,403.00,15,15,15
2023-09-10T12:16:03Z,27.45,66.85,99,0,38.83,101.54,0.00,400.00,null,null,null
2023-09-10T12:17:03Z,27.49,66.89,99,0,28.66,101.54,0.00,403.00,null,null,null
2023-09-10T12:18:03Z,27.46,66.87,99,0,25.92,101.54,0.00,403.00,null,null,null
2023-09-10T12:19:03Z,27.45,66.90,99,0,36.85,101.55,0.00,403.00,null,null,null
2023-09-10T12:20:03Z,27.42,66.85,99,0,26.78,101.55,0.00,403.00,8,13,13
2023-09-10T12:21:03Z,27.46,66.88,99,0,47.87,101.54,0.00,400.00,null,null,null
2023-09-10T12:22:03Z,27.48,66.85,99,0,40.81,101.54,0.00,400.00,null,null,null
2023-09-10T12:23:03Z,27.45,66.88,99,0,25.50,101.54,0.00,400.00,null,null,null
2023-09-10T12:24:03Z,27.45,66.82,99,0,30.93,101.54,0.00,400.00,null,null,null
2023-09-10T12:25:03Z,27.42,66.83,99,0,24.83,101.53,0.00,400.00,8,8,8
2023-09-10T12:26:03Z,27.46,66.77,99,0,29.13,101.53,0.00,400.00,null,null,null
2023-09-10T12:27:03Z,27.49,66.77,99,0,37.13,101.52,0.00,400.00,null,null,null
2023-09-10T12:28:03Z,27.48,66.74,99,0,27.69,101.52,0.00,400.00,null,null,null
2023-09-10T12:29:03Z,27.49,66.73,99,0,27.84,101.52,1.00,408.00,null,null,null
2023-09-10T12:30:03Z,27.49,66.75,99,0,32.00,101.51,0.00,403.00,7,8,8
2023-09-10T12:31:03Z,27.48,66.67,99,0,30.90,101.51,0.00,400.00,null,null,null
2023-09-10T12:32:03Z,27.46,66.68,99,0,29.44,101.51,0.00,403.00,null,null,null
2023-09-10T12:33:03Z,27.52,66.72,99,0,28.04,101.51,0.00,403.00,null,null,null
2023-09-10T12:34:03Z,27.49,66.68,99,0,38.24,101.52,0.00,403.00,null,null,null
2023-09-10T12:35:03Z,27.48,66.68,99,0,32.51,101.52,0.00,403.00,8,8,8
2023-09-10T12:36:03Z,27.48,66.63,99,0,32.19,101.51,0.00,403.00,null,null,null
2023-09-10T12:37:03Z,27.48,66.64,99,0,29.76,101.51,0.00,400.00,null,null,null
2023-09-10T12:38:03Z,27.52,66.67,99,0,28.37,101.51,0.00,400.00,null,null,null
2023-09-10T12:39:03Z,27.49,66.62,99,0,31.94,101.51,0.00,400.00,null,null,null
2023-09-10T12:40:03Z,27.51,66.62,99,0,30.58,101.51,0.00,400.00,5,5,5
2023-09-10T12:41:03Z,27.49,66.59,99,0,29.70,101.51,0.00,400.00,null,null,null
2023-09-10T12:42:03Z,27.49,66.60,99,0,28.48,101.51,0.00,400.00,null,null,null
2023-09-10T12:43:03Z,27.55,66.60,99,0,30.34,101.50,0.00,400.00,null,null,null
2023-09-10T12:44:03Z,27.46,66.60,99,0,31.78,101.51,0.00,400.00,null,null,null
2023-09-10T12:45:03Z,27.49,66.61,99,0,33.11,101.51,0.00,405.00,10,10,10
2023-09-10T12:46:03Z,27.53,66.48,99,0,31.58,101.51,0.00,400.00,null,null,null
2023-09-10T12:47:03Z,27.52,66.59,99,0,34.98,101.51,0.00,400.00,null,null,null
2023-09-10T12:48:03Z,27.49,66.60,100,0,28.87,101.51,0.00,405.00,null,null,null
2023-09-10T12:49:03Z,27.49,66.65,99,0,26.95,101.51,0.00,405.00,null,null,null
2023-09-10T12:50:03Z,27.49,66.62,99,0,27.22,101.51,0.00,405.00,6,6,6
2023-09-10T12:51:03Z,27.49,66.56,99,0,27.69,101.51,0.00,400.00,null,null,null
2023-09-10T12:52:03Z,27.49,66.62,99,0,30.60,101.51,0.00,400.00,null,null,null
2023-09-10T12:53:03Z,27.55,66.62,99,0,28.11,101.52,0.00,400.00,null,null,null
2023-09-10T12:54:03Z,27.48,66.63,99,0,27.12,101.51,0.00,400.00,null,null,null
2023-09-10T12:55:03Z,27.52,66.63,99,0,35.88,101.50,0.00,405.00,10,10,10
2023-09-10T12:56:03Z,27.51,66.55,99,0,27.18,101.50,0.00,400.00,null,null,null
2023-09-10T12:57:03Z,27.53,66.59,99,0,46.98,101.50,0.00,400.00,null,null,null
2023-09-10T12:58:03Z,27.52,66.59,99,0,31.21,101.50,0.00,400.00,null,null,null
2023-09-10T12:59:03Z,27.52,66.56,99,0,30.35,101.51,0.00,400.00,null,null,null
2023-09-10T13:00:03Z,27.51,66.56,99,0,29.63,101.51,0.00,400.00,10,10,10
2023-09-10T13:01:03Z,27.52,66.52,99,0,43.21,101.50,0.00,400.00,null,null,null
2023-09-10T13:02:03Z,27.52,66.49,99,0,28.23,101.50,0.00,402.00,null,null,null
2023-09-10T13:03:03Z,27.52,66.52,99,0,27.22,101.50,0.00,402.00,null,null,null
2023-09-10T13:04:03Z,27.53,66.52,99,0,38.35,101.50,0.00,400.00,null,null,null
2023-09-10T13:05:03Z,27.55,66.51,99,0,29.90,101.50,0.00,400.00,11,11,11
2023-09-10T13:06:03Z,27.53,66.43,99,0,30.33,101.51,0.00,400.00,null,null,null
2023-09-10T13:07:03Z,27.53,66.44,99,0,29.31,101.50,0.00,400.00,null,null,null
2023-09-10T13:08:03Z,27.51,66.51,99,0,28.83,101.50,0.00,400.00,null,null,null
2023-09-10T13:09:03Z,27.55,66.50,99,0,29.44,101.50,0.00,400.00,null,null,null
2023-09-10T13:10:03Z,27.52,66.51,99,0,26.64,101.50,0.00,400.00,9,14,14
2023-09-10T13:11:03Z,27.52,66.48,99,0,28.93,101.50,0.00,403.00,null,null,null
2023-09-10T13:12:03Z,27.55,66.46,99,0,38.36,101.50,0.00,403.00,null,null,null
2023-09-10T13:13:03Z,27.55,66.43,99,0,30.41,101.51,0.00,403.00,null,null,null
2023-09-10T13:14:03Z,27.52,66.48,99,0,29.69,101.51,0.00,403.00,null,null,null
2023-09-10T13:15:03Z,27.52,66.48,99,0,32.88,101.51,0.00,403.00,7,7,7
2023-09-10T13:16:03Z,27.55,66.47,99,0,27.78,101.51,0.00,403.00,null,null,null
2023-09-10T13:17:03Z,27.55,66.45,99,0,34.45,101.50,0.00,403.00,null,null,null
2023-09-10T13:18:03Z,27.55,66.46,99,0,32.18,101.51,0.00,400.00,null,null,null
2023-09-10T13:19:03Z,27.53,66.48,99,0,28.01,101.50,0.00,400.00,null,null,null
2023-09-10T13:20:03Z,27.52,66.50,99,0,34.16,101.49,0.00,400.00,8,8,8
2023-09-10T13:21:03Z,27.56,66.41,99,0,32.85,101.49,0.00,400.00,null,null,null
2023-09-10T13:22:03Z,27.56,66.46,99,0,28.34,101.49,0.00,403.00,null,null,null
2023-09-10T13:23:03Z,27.56,66.50,99,0,27.75,101.49,0.00,403.00,null,null,null
2023-09-10T13:24:03Z,27.55,66.51,99,0,32.21,101.48,0.00,403.00,null,null,null
2023-09-10T13:25:03Z,27.52,66.47,99,0,31.27,101.48,0.00,403.00,4,4,4
2023-09-10T13:26:03Z,27.53,66.44,99,0,33.88,101.49,0.00,400.00,null,null,null
2023-09-10T13:27:03Z,27.56,66.44,99,0,29.57,101.49,1.00,407.00,null,null,null
2023-09-10T13:28:03Z,27.53,66.39,99,0,26.60,101.50,0.00,403.00,null,null,null
2023-09-10T13:29:03Z,27.56,66.44,99,0,30.15,101.50,0.00,403.00,null,null,null
2023-09-10T13:30:03Z,27.55,66.44,99,0,29.15,101.50,1.00,407.00,5,5,5
2023-09-10T13:31:03Z,27.55,66.32,99,0,30.02,101.49,0.00,400.00,null,null,null
2023-09-10T13:32:03Z,27.58,66.27,99,0,30.23,101.49,0.00,403.00,null,null,null
2023-09-10T13:33:03Z,27.59,66.32,99,0,26.50,101.49,0.00,403.00,null,null,null
2023-09-10T13:34:03Z,27.55,66.35,100,0,28.93,101.49,1.00,407.00,null,null,null
2023-09-10T13:35:03Z,27.55,66.30,99,0,26.06,101.49,0.00,403.00,7,7,15
2023-09-10T13:36:03Z,27.53,66.21,99,0,29.98,101.49,0.00,403.00,null,null,null
2023-09-10T13:37:03Z,27.55,66.23,99,0,25.00,101.49,1.00,408.00,null,null,null
2023-09-10T13:38:03Z,27.56,66.21,99,0,34.90,101.49,1.00,408.00,null,null,null
2023-09-10T13:39:03Z,27.53,66.21,99,0,24.43,101.49,1.00,408.00,null,null,null
2023-09-10T13:40:03Z,27.56,66.20,99,0,28.73,101.49,1.00,408.00,6,9,9
2023-09-10T13:41:03Z,27.58,66.11,99,0,36.84,101.49,1.00,408.00,null,null,null
2023-09-10T13:42:03Z,27.58,66.16,99,0,31.83,101.49,0.00,405.00,null,null,null
2023-09-10T13:43:03Z,27.55,66.14,99,0,38.05,101.49,1.00,408.00,null,null,null
2023-09-10T13:44:03Z,27.55,66.15,99,0,30.11,101.49,1.00,408.00,null,null,null
2023-09-10T13:45:03Z,27.55,66.18,99,0,32.89,101.49,1.00,408.00,12,14,14
2023-09-10T13:46:03Z,27.59,66.12,99,0,31.15,101.48,1.00,408.00,null,null,null
2023-09-10T13:47:03Z,27.56,66.09,100,0,32.58,101.48,1.00,411.00,null,null,null
2023-09-10T13:48:03Z,27.56,66.13,99,0,30.85,101.48,1.00,408.00,null,null,null
2023-09-10T13:49:03Z,27.56,66.12,99,0,37.34,101.47,0.00,405.00,null,null,null
2023-09-10T13:50:03Z,27.61,66.14,99,0,31.35,101.47,1.00,408.00,9,13,13
2023-09-10T13:51:03Z,27.55,66.08,99,0,29.78,101.47,1.00,408.00,null,null,null
2023-09-10T13:52:03Z,27.56,66.13,99,0,29.03,101.47,1.00,408.00,null,null,null
2023-09-10T13:53:03Z,27.58,66.16,99,0,30.64,101.46,1.00,408.00,null,null,null
2023-09-10T13:54:03Z,27.55,66.10,99,0,32.24,101.46,1.00,408.00,null,null,null
2023-09-10T13:55:03Z,27.55,66.15,99,0,31.84,101.46,0.00,405.00,9,11,11
2023-09-10T13:56:03Z,27.55,66.12,99,0,33.83,101.46,0.00,405.00,null,null,null
2023-09-10T13:57:03Z,27.61,66.13,99,0,32.13,101.45,0.00,405.00,null,null,null
2023-09-10T13:58:03Z,27.56,66.16,99,0,31.41,101.45,1.00,408.00,null,null,null
2023-09-10T13:59:03Z,27.56,66.14,99,0,28.92,101.46,1.00,408.00,null,null,null
2023-09-10T14:00:03Z,27.56,66.15,99,0,28.37,101.46,1.00,408.00,7,7,7
2023-09-10T14:01:03Z,27.58,66.14,99,0,33.19,101.46,1.00,408.00,null,null,null
2023-09-10T14:02:03Z,27.58,66.15,99,0,25.44,101.47,1.00,408.00,null,null,null
2023-09-10T14:03:03Z,27.58,66.15,99,0,41.27,101.47,1.00,411.00,null,null,null
2023-09-10T14:04:03Z,27.55,66.17,99,0,28.14,101.47,1.00,411.00,null,null,null
2023-09-10T14:05:03Z,27.62,66.21,99,0,24.72,101.48,1.00,411.00,13,15,15
2023-09-10T14:06:03Z,27.59,66.19,99,0,32.16,101.47,1.00,408.00,null,null,null
2023-09-10T14:07:03Z,27.56,66.23,99,0,28.45,101.47,1.00,411.00,null,null,null
2023-09-10T14:08:03Z,27.58,66.19,99,0,32.47,101.47,1.00,411.00,null,null,null
2023-09-10T14:09:03Z,27.55,66.20,99,0,35.08,101.46,1.00,411.00,null,null,null
2023-09-10T14:10:03Z,27.58,66.25,99,0,30.26,101.46,1.00,411.00,13,18,18
2023-09-10T14:11:03Z,27.58,66.22,99,0,26.46,101.46,1.00,407.00,null,null,null
2023-09-10T14:12:03Z,27.59,66.25,99,0,28.07,101.47,1.00,411.00,null,null,null
2023-09-10T14:13:03Z,27.59,66.25,99,0,29.56,101.48,1.00,407.00,null,null,null
2023-09-10T14:14:03Z,27.59,66.29,99,0,29.92,101.47,1.00,407.00,null,null,null
2023-09-10T14:15:03Z,27.58,66.25,99,0,43.86,101.47,1.00,409.00,12,13,19
2023-09-10T14:16:03Z,27.58,66.30,99,0,38.42,101.47,1.00,409.00,null,null,null
2023-09-10T14:17:03Z,27.61,66.31,99,0,28.91,101.47,1.00,409.00,null,null,null
2023-09-10T14:18:03Z,27.58,66.30,99,0,27.82,101.47,1.00,409.00,null,null,null
2023-09-10T14:19:03Z,27.61,66.32,99,0,32.55,101.47,1.00,409.00,null,null,null
2023-09-10T14:20:03Z,27.56,66.32,99,0,35.81,101.47,1.00,409.00,8,11,11
2023-09-10T14:21:03Z,27.59,66.37,99,0,28.68,101.48,1.00,409.00,null,null,null
2023-09-10T14:22:03Z,27.59,66.36,99,0,45.64,101.48,1.00,409.00,null,null,null
2023-09-10T14:23:03Z,27.61,66.36,99,0,25.62,101.48,1.00,409.00,null,null,null
2023-09-10T14:24:03Z,27.59,66.35,99,0,31.23,101.49,1.00,409.00,null,null,null
2023-09-10T14:25:03Z,27.61,66.37,99,0,35.48,101.49,1.00,409.00,12,17,17
2023-09-10T14:26:03Z,27.62,66.37,99,0,28.63,101.49,1.00,409.00,null,null,null
2023-09-10T14:27:03Z,27.61,66.39,99,0,25.98,101.49,1.00,409.00,null,null,null
2023-09-10T14:28:03Z,27.61,66.36,99,0,32.87,101.50,1.00,409.00,null,null,null
2023-09-10T14:29:03Z,27.58,66.38,99,0,28.15,101.50,2.00,414.00,null,null,null
2023-09-10T14:30:03Z,27.56,66.37,99,0,31.32,101.50,1.00,407.00,5,5,5
2023-09-10T14:31:03Z,27.59,66.38,99,0,32.87,101.51,1.00,407.00,null,null,null
2023-09-10T14:32:03Z,27.61,66.44,99,0,32.78,101.51,1.00,407.00,null,null,null
2023-09-10T14:33:03Z,27.59,66.38,99,0,37.24,101.51,1.00,407.00,null,null,null
2023-09-10T14:34:03Z,27.62,66.40,99,0,27.20,101.51,2.00,414.00,null,null,null
2023-09-10T14:35:03Z,27.61,66.41,99,0,32.11,101.50,2.00,414.00,8,10,10
2023-09-10T14:36:03Z,27.61,66.40,99,0,37.89,101.51,1.00,407.00,null,null,null
2023-09-10T14:37:03Z,27.61,66.42,99,0,48.22,101.51,2.00,414.00,null,null,null
2023-09-10T14:38:03Z,27.61,66.39,99,0,32.78,101.51,1.00,409.00,null,null,null
2023-09-10T14:39:03Z,27.66,66.44,99,0,31.74,101.51,2.00,414.00,null,null,null
2023-09-10T14:40:03Z,27.61,66.38,99,0,30.03,101.51,2.00,414.00,6,6,6
2023-09-10T14:41:03Z,27.62,66.35,99,0,33.21,101.51,1.00,407.00,null,null,null
2023-09-10T14:42:03Z,27.61,66.35,99,0,30.70,101.51,1.00,409.00,null,null,null
2023-09-10T14:43:03Z,27.61,66.38,99,0,51.62,101.52,2.00,414.00,null,null,null
2023-09-10T14:44:03Z,27.61,66.38,99,0,41.60,101.52,2.00,414.00,null,null,null
2023-09-10T14:45:03Z,27.61,66.41,99,0,30.22,101.51,2.00,414.00,8,8,8
2023-09-10T14:46:03Z,27.59,66.32,99,0,38.42,101.52,1.00,409.00,null,null,null
2023-09-10T14:47:03Z,27.62,66.32,99,0,30.28,101.52,1.00,409.00,null,null,null
2023-09-10T14:48:03Z,27.65,66.35,99,0,29.01,101.52,2.00,414.00,null,null,null
2023-09-10T14:49:03Z,27.65,66.29,99,0,30.92,101.52,2.00,414.00,null,null,null
2023-09-10T14:50:03Z,27.58,66.30,99,0,30.95,101.53,2.00,414.00,10,11,11
2023-09-10T14:51:03Z,27.59,66.25,99,0,28.39,101.52,1.00,409.00,null,null,null
2023-09-10T14:52:03Z,27.59,66.26,99,0,29.73,101.53,2.00,414.00,null,null,null
2023-09-10T14:53:03Z,27.58,66.22,99,0,29.44,101.53,2.00,414.00,null,null,null
2023-09-10T14:54:03Z,27.61,66.25,100,0,30.91,101.53,2.00,414.00,null,null,null
2023-09-10T14:55:03Z,27.59,66.25,99,0,23.35,101.53,2.00,414.00,12,15,15
2023-09-10T14:56:03Z,27.62,66.17,99,0,39.40,101.53,2.00,414.00,null,null,null
2023-09-10T14:57:03Z,27.62,66.21,99,0,28.61,101.53,2.00,414.00,null,null,null
2023-09-10T14:58:03Z,27.62,66.21,99,0,30.93,101.53,2.00,414.00,null,null,null
2023-09-10T14:59:03Z,27.61,66.21,99,0,36.25,101.53,2.00,418.00,null,null,null
2023-09-10T15:00:03Z,27.61,66.21,100,0,29.35,101.53,2.00,418.00,12,13,13
2023-09-10T15:01:03Z,27.62,66.15,99,0,32.21,101.53,2.00,418.00,null,null,null
2023-09-10T15:02:03Z,27.62,66.19,99,0,27.85,101.52,2.00,414.00,null,null,null
2023-09-10T15:03:03Z,27.61,66.17,99,0,30.57,101.53,2.00,414.00,null,null,null
2023-09-10T15:04:03Z,27.61,66.18,99,0,30.71,101.52,2.00,418.00,null,null,null
2023-09-10T15:05:03Z,27.62,66.18,99,0,34.89,101.52,2.00,414.00,5,6,6
2023-09-10T15:06:03Z,27.62,66.05,99,0,26.87,101.53,2.00,414.00,null,null,null
2023-09-10T15:07:03Z,27.61,66.07,99,0,26.91,101.53,2.00,414.00,null,null,null
2023-09-10T15:08:03Z,27.61,66.05,99,0,34.38,101.52,1.00,411.00,null,null,null
2023-09-10T15:09:03Z,27.61,66.03,99,0,34.67,101.53,1.00,411.00,null,null,null
2023-09-10T15:10:03Z,27.58,66.06,99,0,30.46,101.53,2.00,414.00,10,14,14
2023-09-10T15:11:03Z,27.61,65.99,99,0,36.09,101.53,1.00,411.00,null,null,null
2023-09-10T15:12:03Z,27.59,66.01,99,0,38.65,101.53,2.00,414.00,null,null,null
2023-09-10T15:13:03Z,27.59,66.01,100,0,31.54,101.53,2.00,414.00,null,null,null
2023-09-10T15:14:03Z,27.62,66.01,99,0,29.26,101.53,2.00,414.00,null,null,null
2023-09-10T15:15:03Z,27.65,66.07,99,0,32.39,101.53,2.00,414.00,6,6,6
2023-09-10T15:16:03Z,27.61,65.98,99,0,29.87,101.53,1.00,411.00,null,null,null
2023-09-10T15:17:03Z,27.65,65.98,99,0,27.78,101.54,2.00,414.00,null,null,null
2023-09-10T15:18:03Z,27.61,66.03,99,0,38.96,101.54,2.00,414.00,null,null,null
2023-09-10T15:19:03Z,27.62,66.03,99,0,30.33,101.53,1.00,411.00,null,null,null
2023-09-10T15:20:03Z,27.62,66.04,99,0,34.94,101.53,2.00,414.00,9,9,9
2023-09-10T15:21:03Z,27.62,65.93,99,0,30.46,101.53,2.00,414.00,null,null,null
2023-09-10T15:22:03Z,27.65,65.98,99,0,31.84,101.54,2.00,414.00,null,null,null
2023-09-10T15:23:03Z,27.66,65.97,99,0,27.10,101.53,2.00,414.00,null,null,null
2023-09-10T15:24:03Z,27.61,66.01,99,0,28.25,101.53,2.00,414.00,null,null,null
2023-09-10T15:25:03Z,27.61,65.96,99,0,26.41,101.53,2.00,414.00,5,6,6
2023-09-10T15:26:03Z,27.65,65.95,99,0,25.87,101.52,2.00,414.00,null,null,null
2023-09-10T15:27:03Z,27.63,65.99,99,0,32.39,101.53,2.00,414.00,null,null,null
2023-09-10T15:28:03Z,27.63,65.92,100,0,43.21,101.53,2.00,414.00,null,null,null
2023-09-10T15:29:03Z,27.63,65.92,99,0,28.15,101.52,2.00,414.00,null,null,null
2023-09-10T15:30:03Z,27.61,65.96,99,0,31.01,101.52,2.00,414.00,8,8,8
2023-09-10T15:31:03Z,27.62,65.83,99,0,27.34,101.51,2.00,414.00,null,null,null
2023-09-10T15:32:03Z,27.61,65.83,99,0,35.30,101.51,2.00,414.00,null,null,null
2023-09-10T15:33:03Z,27.62,65.86,99,0,37.87,101.51,2.00,414.00,null,null,null
2023-09-10T15:34:03Z,27.59,65.86,99,0,29.57,101.50,2.00,414.00,null,null,null
2023-09-10T15:35:03Z,27.62,65.86,99,0,29.56,101.50,2.00,414.00,3,3,3
2023-09-10T15:36:03Z,27.63,65.69,99,0,27.62,101.50,2.00,414.00,null,null,null
2023-09-10T15:37:03Z,27.63,65.74,99,0,30.43,101.50,2.00,415.00,null,null,null
2023-09-10T15:38:03Z,27.65,65.70,99,0,23.54,101.50,2.00,415.00,null,null,null
2023-09-10T15:39:03Z,27.63,65.73,99,0,34.15,101.49,2.00,417.00,null,null,null
2023-09-10T15:40:03Z,27.61,65.71,99,0,28.39,101.50,2.00,415.00,6,8,8
2023-09-10T15:41:03Z,27.59,65.52,99,0,25.73,101.49,2.00,415.00,null,null,null
2023-09-10T15:42:03Z,27.65,65.59,99,0,30.51,101.49,2.00,415.00,null,null,null
2023-09-10T15:43:03Z,27.62,65.59,99,0,28.67,101.49,1.00,408.00,null,null,null
2023-09-10T15:44:03Z,27.62,65.60,100,0,31.36,101.48,1.00,411.00,null,null,null
2023-09-10T15:45:03Z,27.59,65.55,99,0,37.13,101.48,1.00,411.00,7,8,8
2023-09-10T15:46:03Z,27.59,65.33,99,0,36.65,101.48,1.00,411.00,null,null,null
2023-09-10T15:47:03Z,27.68,65.40,99,0,28.09,101.47,2.00,415.00,null,null,null
2023-09-10T15:48:03Z,27.61,65.40,99,0,27.69,101.47,2.00,415.00,null,null,null
2023-09-10T15:49:03Z,27.61,65.44,99,0,35.34,101.46,1.00,411.00,null,null,null
2023-09-10T15:50:03Z,27.59,65.40,99,0,28.68,101.45,1.00,411.00,4,5,5
2023-09-10T15:51:03Z,27.62,65.25,99,0,32.25,101.45,1.00,408.00,null,null,null
2023-09-10T15:52:03Z,27.65,65.30,99,0,30.37,101.45,1.00,411.00,null,null,null
2023-09-10T15:53:03Z,27.61,65.27,99,0,35.81,101.45,1.00,411.00,null,null,null
2023-09-10T15:54:03Z,27.59,65.26,99,0,32.61,101.45,1.00,411.00,null,null,null
2023-09-10T15:55:03Z,27.61,65.30,99,0,29.83,101.45,1.00,411.00,4,4,4
2023-09-10T15:56:03Z,27.59,65.07,99,0,34.87,101.45,0.00,402.00,null,null,null
2023-09-10T15:57:03Z,27.63,65.18,99,0,34.74,101.45,2.00,415.00,null,null,null
2023-09-10T15:58:03Z,27.61,65.12,99,0,29.99,101.45,1.00,411.00,null,null,null
2023-09-10T15:59:03Z,27.59,65.13,99,0,30.78,101.44,2.00,415.00,null,null,null
2023-09-10T16:00:03Z,27.61,65.17,99,0,32.77,101.45,0.00,406.00,2,2,2
2023-09-10T16:01:03Z,27.59,64.96,99,0,34.24,101.44,1.00,411.00,null,null,null
2023-09-10T16:02:03Z,27.62,65.02,99,0,35.36,101.44,1.00,411.00,null,null,null
2023-09-10T16:03:03Z,27.65,65.04,99,0,34.81,101.44,1.00,411.00,null,null,null
2023-09-10T16:04:03Z,27.59,65.01,99,0,41.34,101.44,0.00,406.00,null,null,null
2023-09-10T16:05:03Z,27.59,65.00,99,0,29.95,101.44,1.00,411.00,8,8,8
2023-09-10T16:06:03Z,27.62,64.90,99,0,25.82,101.44,1.00,411.00,null,null,null
2023-09-10T16:07:03Z,27.62,64.95,99,0,29.62,101.44,1.00,411.00,null,null,null
2023-09-10T16:08:03Z,27.61,64.90,99,0,34.62,101.44,1.00,411.00,null,null,null
2023-09-10T16:09:03Z,27.58,64.91,99,0,32.52,101.44,0.00,406.00,null,null,null
2023-09-10T16:10:03Z,27.58,64.89,99,0,35.99,101.44,0.00,406.00,5,6,6
2023-09-10T16:11:03Z,27.61,64.69,99,0,34.01,101.44,0.00,406.00,null,null,null
2023-09-10T16:12:03Z,27.59,64.73,99,0,30.87,101.44,1.00,410.00,null,null,null
2023-09-10T16:13:03Z,27.58,64.77,99,0,35.24,101.44,1.00,410.00,null,null,null
2023-09-10T16:14:03Z,27.58,64.77,99,0,32.16,101.43,0.00,406.00,null,null,null
2023-09-10T16:15:03Z,27.63,64.71,99,0,34.52,101.44,0.00,406.00,1,1,1
2023-09-10T16:16:03Z,27.58,64.57,99,0,29.33,101.45,1.00,410.00,null,null,null
2023-09-10T16:17:03Z,27.61,64.64,99,0,28.74,101.44,1.00,410.00,null,null,null
2023-09-10T16:18:03Z,27.61,64.67,99,0,35.11,101.45,1.00,410.00,null,null,null
2023-09-10T16:19:03Z,27.58,64.63,99,0,31.72,101.44,0.00,405.00,null,null,null
2023-09-10T16:20:03Z,27.61,64.65,99,0,28.11,101.44,0.00,405.00,5,5,5
2023-09-10T16:21:03Z,27.58,64.43,99,0,33.64,101.44,1.00,407.00,null,null,null
2023-09-10T16:22:03Z,27.56,64.45,99,0,31.92,101.43,1.00,407.00,null,null,null
2023-09-10T16:23:03Z,27.59,64.50,99,0,25.79,101.43,1.00,407.00,null,null,null
2023-09-10T16:24:03Z,27.56,64.46,99,0,30.08,101.42,1.00,407.00,null,null,null
2023-09-10T16:25:03Z,27.56,64.48,99,0,43.25,101.42,1.00,407.00,6,6,6
2023-09-10T16:26:03Z,27.59,64.27,99,0,28.15,101.42,1.00,410.00,null,null,null
2023-09-10T16:27:03Z,27.59,64.29,99,0,38.67,101.42,3.00,424.00,null,null,null
2023-09-10T16:28:03Z,27.61,64.29,99,0,31.53,101.42,3.00,420.00,null,null,null
2023-09-10T16:29:03Z,27.65,64.32,99,0,26.82,101.42,2.00,416.00,null,null,null
2023-09-10T16:30:03Z,27.56,64.30,99,0,25.84,101.42,3.00,420.00,2,2,2
2023-09-10T16:31:03Z,27.56,64.02,99,0,26.99,101.42,2.00,416.00,null,null,null
2023-09-10T16:32:03Z,27.62,64.11,100,0,38.83,101.42,2.00,418.00,null,null,null
2023-09-10T16:33:03Z,27.59,64.13,99,0,32.47,101.41,3.00,422.00,null,null,null
2023-09-10T16:34:03Z,27.55,64.10,99,0,28.89,101.41,3.00,422.00,null,null,null
2023-09-10T16:35:03Z,27.59,64.14,99,0,30.69,101.40,3.00,422.00,1,1,1
2023-09-10T16:36:03Z,27.55,63.88,99,0,28.01,101.41,2.00,418.00,null,null,null
2023-09-10T16:37:03Z,27.55,64.00,99,0,30.91,101.41,2.00,418.00,null,null,null
2023-09-10T16:38:03Z,27.59,64.03,99,0,32.68,101.41,2.00,418.00,null,null,null
2023-09-10T16:39:03Z,27.55,64.01,99,0,27.51,101.41,2.00,418.00,null,null,null
2023-09-10T16:40:03Z,27.58,64.03,99,0,39.44,101.41,1.00,413.00,5,5,5
2023-09-10T16:41:03Z,27.53,63.78,100,0,33.00,101.42,3.00,422.00,null,null,null
2023-09-10T16:42:03Z,27.53,63.87,99,0,26.41,101.42,2.00,418.00,null,null,null
2023-09-10T16:43:03Z,27.55,63.88,99,0,39.13,101.42,2.00,418.00,null,null,null
2023-09-10T16:44:03Z,27.58,63.91,99,0,30.46,101.42,2.00,418.00,null,null,null
2023-09-10T16:45:03Z,27.58,63.89,99,0,30.13,101.42,3.00,422.00,5,5,5
2023-09-10T16:46:03Z,27.55,63.73,99,0,28.23,101.42,1.00,413.00,null,null,null
2023-09-10T16:47:03Z,27.53,63.77,99,0,27.16,101.42,3.00,422.00,null,null,null
2023-09-10T16:48:03Z,27.55,63.83,99,0,null,101.43,2.00,418.00,null,null,null
2023-09-10T16:49:03Z,27.58,63.81,99,0,25.13,101.43,2.00,418.00,null,null,null
2023-09-10T16:50:03Z,27.58,63.84,99,0,31.09,101.44,1.00,413.00,2,2,2
2023-09-10T16:51:03Z,27.55,63.65,99,0,26.82,101.44,1.00,413.00,null,null,null
2023-09-10T16:52:03Z,27.55,63.78,99,0,46.65,101.44,3.00,422.00,null,null,null
2023-09-10T16:53:03Z,27.56,63.75,99,0,34.57,101.43,1.00,413.00,null,null,null
2023-09-10T16:54:03Z,27.52,63.78,99,0,36.52,101.44,1.00,413.00,null,null,null
2023-09-10T16:55:03Z,27.52,63.75,99,0,28.19,101.44,1.00,408.00,2,2,2
2023-09-10T16:56:03Z,27.52,63.62,99,0,34.12,101.45,1.00,408.00,null,null,null
2023-09-10T16:57:03Z,27.55,63.71,99,0,31.70,101.44,2.00,416.00,null,null,null
2023-09-10T16:58:03Z,27.51,63.75,99,0,28.68,101.44,2.00,416.00,null,null,null
2023-09-10T16:59:03Z,27.56,63.75,99,0,45.00,101.44,3.00,422.00,null,null,null
2023-09-10T17:00:03Z,27.53,63.79,99,0,27.36,101.44,1.00,413.00,3,3,3
2023-09-10T17:01:03Z,27.52,63.64,99,0,33.31,101.44,1.00,408.00,null,null,null
2023-09-10T17:02:03Z,27.53,63.73,99,0,31.14,101.44,3.00,422.00,null,null,null
2023-09-10T17:03:03Z,27.55,63.73,99,0,40.90,101.44,2.00,416.00,null,null,null
2023-09-10T17:04:03Z,27.52,63.72,99,0,26.73,101.44,3.00,422.00,null,null,null
2023-09-10T17:05:03Z,27.53,63.73,99,0,33.84,101.45,3.00,422.00,4,4,4
2023-09-10T17:06:03Z,27.52,63.60,99,0,38.50,101.45,1.00,411.00,null,null,null
2023-09-10T17:07:03Z,27.51,63.69,99,0,29.76,101.45,3.00,422.00,null,null,null
2023-09-10T17:08:03Z,27.55,63.69,99,0,25.13,101.45,1.00,411.00,null,null,null
2023-09-10T17:09:03Z,27.53,63.77,99,0,27.78,101.45,2.00,416.00,null,null,null
2023-09-10T17:10:03Z,27.51,63.72,99,0,30.14,101.45,1.00,413.00,5,5,5
2023-09-10T17:11:03Z,27.52,63.62,99,0,29.91,101.45,2.00,416.00,null,null,null
2023-09-10T17:12:03Z,27.58,63.68,99,0,23.94,101.46,2.00,416.00,null,null,null
2023-09-10T17:13:03Z,27.52,63.69,99,0,28.93,101.46,2.00,416.00,null,null,null
2023-09-10T17:14:03Z,27.52,63.65,99,0,35.28,101.46,2.00,416.00,null,null,null
2023-09-10T17:15:03Z,27.52,63.73,99,0,28.54,101.46,2.00,416.00,3,3,3
2023-09-10T17:16:03Z,27.49,63.47,99,0,27.97,101.46,1.00,411.00,null,null,null
2023-09-10T17:17:03Z,27.53,63.53,99,0,28.40,101.46,1.00,411.00,null,null,null
2023-09-10T17:18:03Z,27.53,63.62,100,0,28.80,101.45,1.00,411.00,null,null,null
2023-09-10T17:19:03Z,27.52,63.54,99,0,32.03,101.46,2.00,416.00,null,null,null
2023-09-10T17:20:03Z,27.53,63.58,99,0,30.99,101.45,2.00,416.00,5,5,5
2023-09-10T17:21:03Z,27.51,63.34,99,0,35.48,101.45,1.00,411.00,null,null,null
2023-09-10T17:22:03Z,27.52,63.46,99,0,27.77,101.46,1.00,411.00,null,null,null
2023-09-10T17:23:03Z,27.55,63.43,99,0,31.12,101.45,2.00,416.00,null,null,null
2023-09-10T17:24:03Z,27.52,63.41,99,0,28.73,101.45,2.00,416.00,null,null,null
2023-09-10T17:25:03Z,27.51,63.43,99,0,46.28,101.45,2.00,416.00,4,4,4
2023-09-10T17:26:03Z,27.51,63.26,99,0,31.29,101.46,1.00,411.00,null,null,null
2023-09-10T17:27:03Z,27.51,63.38,99,0,35.05,101.45,2.00,416.00,null,null,null
2023-09-10T17:28:03Z,27.49,63.37,99,0,31.79,101.46,1.00,411.00,null,null,null
2023-09-10T17:29:03Z,27.48,63.39,99,0,24.31,101.46,1.00,411.00,null,null,null
2023-09-10T17:30:03Z,27.51,63.39,99,0,33.19,101.46,1.00,411.00,2,2,2
2023-09-10T17:31:03Z,27.49,63.18,99,0,36.16,101.46,2.00,416.00,null,null,null
2023-09-10T17:32:03Z,27.52,63.26,99,0,32.12,101.45,1.00,413.00,null,null,null
2023-09-10T17:33:03Z,27.49,63.29,99,0,28.98,101.46,1.00,408.00,null,null,null
2023-09-10T17:34:03Z,27.48,63.32,99,0,28.44,101.46,1.00,408.00,null,null,null
2023-09-10T17:35:03Z,27.52,63.36,99,0,26.36,101.46,1.00,411.00,3,3,3
2023-09-10T17:36:03Z,27.52,63.18,99,0,26.78,101.46,1.00,408.00,null,null,null
2023-09-10T17:37:03Z,27.49,63.20,99,0,37.83,101.46,2.00,416.00,null,null,null
2023-09-10T17:38:03Z,27.49,63.24,99,0,27.10,101.46,2.00,416.00,null,null,null
2023-09-10T17:39:03Z,27.51,63.29,99,0,24.72,101.46,2.00,416.00,null,null,null
2023-09-10T17:40:03Z,27.49,63.25,99,0,27.22,101.46,1.00,408.00,3,3,3
2023-09-10T17:41:03Z,27.51,63.05,99,0,26.69,101.46,0.00,403.00,null,null,null
2023-09-10T17:42:03Z,27.52,63.11,99,0,27.66,101.46,1.00,413.00,null,null,null
2023-09-10T17:43:03Z,27.49,63.14,99,0,39.17,101.46,1.00,413.00,null,null,null
2023-09-10T17:44:03Z,27.48,63.16,99,0,25.29,101.46,1.00,413.00,null,null,null
2023-09-10T17:45:03Z,27.49,63.14,99,0,30.78,101.46,1.00,413.00,2,2,2
2023-09-10T17:46:03Z,27.48,62.94,99,0,26.67,101.46,1.00,413.00,null,null,null
2023-09-10T17:47:03Z,27.51,63.09,99,0,37.16,101.46,1.00,413.00,null,null,null
2023-09-10T17:48:03Z,27.49,63.05,99,0,27.26,101.46,1.00,413.00,null,null,null
2023-09-10T17:49:03Z,27.48,63.09,99,0,30.44,101.46,1.00,408.00,null,null,null
2023-09-10T17:50:03Z,27.48,63.06,99,0,33.12,101.46,1.00,413.00,3,3,3
2023-09-10T17:51:03Z,27.48,62.89,99,0,26.50,101.47,1.00,413.00,null,null,null
2023-09-10T17:52:03Z,27.49,62.97,99,0,25.76,101.46,1.00,408.00,null,null,null
2023-09-10T17:53:03Z,27.52,63.00,99,0,28.22,101.46,1.00,408.00,null,null,null
2023-09-10T17:54:03Z,27.48,63.03,99,0,32.26,101.46,1.00,413.00,null,null,null
2023-09-10T17:55:03Z,27.45,63.00,99,0,29.84,101.46,1.00,408.00,0,1,1
2023-09-10T17:56:03Z,27.46,62.82,99,0,36.27,101.46,1.00,408.00,null,null,null
2023-09-10T17:57:03Z,27.46,62.92,99,0,27.14,101.46,1.00,408.00,null,null,null
2023-09-10T17:58:03Z,27.49,62.96,99,0,31.49,101.46,1.00,408.00,null,null,null
2023-09-10T17:59:03Z,27.51,62.93,99,0,28.09,101.46,1.00,413.00,null,null,null
2023-09-10T18:00:03Z,27.44,62.90,99,0,29.80,101.46,1.00,408.00,5,5,5
2023-09-10T18:01:03Z,27.45,62.70,99,0,31.11,101.47,1.00,408.00,null,null,null
2023-09-10T18:02:03Z,27.48,62.81,99,0,34.01,101.46,1.00,413.00,null,null,null
2023-09-10T18:03:03Z,27.45,62.81,99,0,40.48,101.46,1.00,408.00,null,null,null
2023-09-10T18:04:03Z,27.45,62.82,99,0,33.25,101.46,1.00,408.00,null,null,null
2023-09-10T18:05:03Z,27.44,62.82,99,0,32.03,101.46,1.00,408.00,3,3,3
2023-09-10T18:06:03Z,27.46,62.59,99,0,30.53,101.47,1.00,408.00,null,null,null
2023-09-10T18:07:03Z,27.48,62.69,99,0,30.13,101.47,1.00,413.00,null,null,null
2023-09-10T18:08:03Z,27.44,62.75,99,0,29.15,101.47,1.00,408.00,null,null,null
2023-09-10T18:09:03Z,27.48,62.81,99,0,27.47,101.46,0.00,403.00,null,null,null
2023-09-10T18:10:03Z,27.42,62.75,99,0,33.37,101.46,0.00,403.00,2,2,2
2023-09-10T18:11:03Z,27.41,62.55,99,0,27.84,101.47,0.00,400.00,null,null,null
2023-09-10T18:12:03Z,27.44,62.66,99,0,50.13,101.47,1.00,409.00,null,null,null
2023-09-10T18:13:03Z,27.49,62.65,99,0,27.62,101.47,1.00,409.00,null,null,null
2023-09-10T18:14:03Z,27.42,62.66,99,0,35.88,101.47,1.00,409.00,null,null,null
2023-09-10T18:15:03Z,27.45,62.66,99,0,30.75,101.47,1.00,409.00,4,4,4
2023-09-10T18:16:03Z,27.45,62.45,99,0,32.48,101.47,0.00,405.00,null,null,null
2023-09-10T18:17:03Z,27.44,62.61,99,0,33.84,101.47,1.00,409.00,null,null,null
2023-09-10T18:18:03Z,27.42,62.55,99,0,28.31,101.47,1.00,409.00,null,null,null
2023-09-10T18:19:03Z,27.46,62.63,99,0,27.55,101.47,1.00,409.00,null,null,null
2023-09-10T18:20:03Z,27.45,62.56,99,0,38.14,101.47,1.00,409.00,3,3,3
2023-09-10T18:21:03Z,27.42,62.38,99,0,33.79,101.47,0.00,405.00,null,null,null
2023-09-10T18:22:03Z,27.41,62.52,99,0,33.89,101.47,0.00,405.00,null,null,null
2023-09-10T18:23:03Z,27.42,62.48,100,0,27.02,101.47,0.00,405.00,null,null,null
2023-09-10T18:24:03Z,27.41,62.48,99,0,31.02,101.47,0.00,405.00,null,null,null
2023-09-10T18:25:03Z,27.39,62.53,99,0,37.70,101.47,0.00,405.00,3,3,3
2023-09-10T18:26:03Z,27.41,62.32,99,0,33.09,101.47,0.00,405.00,null,null,null
2023-09-10T18:27:03Z,27.42,62.43,99,0,32.77,101.47,0.00,405.00,null,null,null
2023-09-10T18:28:03Z,27.45,62.47,99,0,36.06,101.47,0.00,405.00,null,null,null
2023-09-10T18:29:03Z,27.39,62.46,99,0,30.23,101.48,0.00,405.00,null,null,null
2023-09-10T18:30:03Z,27.39,62.48,99,0,36.08,101.47,0.00,405.00,1,1,1
2023-09-10T18:31:03Z,27.39,62.28,99,0,27.71,101.48,0.00,405.00,null,null,null
2023-09-10T18:32:03Z,27.38,62.39,99,0,29.72,101.48,0.00,405.00,null,null,null
2023-09-10T18:33:03Z,27.38,62.44,99,0,27.55,101.47,0.00,405.00,null,null,null
2023-09-10T18:34:03Z,27.41,62.42,99,0,31.82,101.48,0.00,405.00,null,null,null
2023-09-10T18:35:03Z,27.37,62.48,99,0,39.86,101.48,0.00,405.00,2,2,2
2023-09-10T18:36:03Z,27.38,62.32,99,0,35.65,101.47,0.00,405.00,null,null,null
2023-09-10T18:37:03Z,27.41,62.37,99,0,33.13,101.48,0.00,405.00,null,null,null
2023-09-10T18:38:03Z,27.38,62.44,99,0,29.98,101.48,0.00,405.00,null,null,null
2023-09-10T18:39:03Z,27.38,62.49,99,0,33.35,101.48,0.00,405.00,null,null,null
2023-09-10T18:40:03Z,27.38,62.49,99,0,39.21,101.49,0.00,400.00,3,3,3
2023-09-10T18:41:03Z,27.39,62.35,99,0,26.71,101.48,0.00,400.00,null,null,null
2023-09-10T18:42:03Z,27.38,62.39,99,0,33.21,101.49,0.00,400.00,null,null,null
2023-09-10T18:43:03Z,27.39,62.42,99,0,34.19,101.48,0.00,400.00,null,null,null
2023-09-10T18:44:03Z,27.37,62.45,99,0,27.18,101.49,0.00,400.00,null,null,null
2023-09-10T18:45:03Z,27.39,62.48,99,0,32.20,101.49,0.00,402.00,2,2,2
2023-09-10T18:46:03Z,27.37,62.30,99,0,31.42,101.48,0.00,402.00,null,null,null
2023-09-10T18:47:03Z,27.39,62.35,99,0,31.82,101.48,0.00,402.00,null,null,null
2023-09-10T18:48:03Z,27.37,62.36,99,0,26.73,101.49,0.00,402.00,null,null,null
2023-09-10T18:49:03Z,27.38,62.45,99,0,26.82,101.49,1.00,407.00,null,null,null
2023-09-10T18:50:03Z,27.34,62.40,100,0,28.02,101.48,0.00,402.00,6,6,6
2023-09-10T18:51:03Z,27.38,62.31,99,0,30.87,101.49,0.00,400.00,null,null,null
2023-09-10T18:52:03Z,27.37,62.40,99,0,30.10,101.49,0.00,402.00,null,null,null
2023-09-10T18:53:03Z,27.34,62.39,99,0,30.37,101.49,0.00,402.00,null,null,null
2023-09-10T18:54:03Z,27.39,62.37,99,0,29.57,101.49,0.00,402.00,null,null,null
2023-09-10T18:55:03Z,27.35,62.46,99,0,41.14,101.49,0.00,402.00,4,4,4
2023-09-10T18:56:03Z,27.37,62.31,99,0,31.34,101.49,0.00,400.00,null,null,null
2023-09-10T18:57:03Z,27.34,62.37,99,0,27.57,101.49,0.00,402.00,null,null,null
2023-09-10T18:58:03Z,27.35,62.36,99,0,33.21,101.49,0.00,402.00,null,null,null
2023-09-10T18:59:03Z,27.32,62.43,99,0,30.77,101.49,0.00,400.00,null,null,null
2023-09-10T19:00:03Z,27.32,62.42,99,0,27.97,101.49,0.00,402.00,2,2,2
2023-09-10T19:01:03Z,27.35,62.33,99,0,26.97,101.49,0.00,402.00,null,null,null
2023-09-10T19:02:03Z,27.35,62.33,99,0,28.68,101.49,0.00,400.00,null,null,null
2023-09-10T19:03:03Z,27.35,62.38,99,0,30.08,101.49,0.00,402.00,null,null,null
2023-09-10T19:04:03Z,27.32,62.39,99,0,33.98,101.49,0.00,400.00,null,null,null
2023-09-10T19:05:03Z,27.34,62.39,99,0,32.00,101.49,0.00,400.00,4,4,4
2023-09-10T19:06:03Z,27.32,62.28,99,0,36.73,101.49,0.00,400.00,null,null,null
2023-09-10T19:07:03Z,27.34,62.38,99,0,46.12,101.49,0.00,400.00,null,null,null
2023-09-10T19:08:03Z,27.32,62.36,99,0,27.38,101.50,0.00,400.00,null,null,null
2023-09-10T19:09:03Z,27.31,62.36,99,0,38.06,101.49,0.00,400.00,null,null,null
2023-09-10T19:10:03Z,27.31,62.43,99,0,31.86,101.50,0.00,400.00,4,4,4
2023-09-10T19:11:03Z,27.32,62.28,99,0,29.91,101.50,0.00,400.00,null,null,null
2023-09-10T19:12:03Z,27.32,62.35,99,0,39.69,101.49,0.00,400.00,null,null,null
2023-09-10T19:13:03Z,27.32,62.37,99,0,28.66,101.49,0.00,400.00,null,null,null
2023-09-10T19:14:03Z,27.37,62.38,99,0,38.77,101.50,0.00,402.00,null,null,null
2023-09-10T19:15:03Z,27.30,62.42,99,0,33.73,101.50,0.00,402.00,3,3,3
2023-09-10T19:16:03Z,27.32,62.25,99,0,28.68,101.49,0.00,402.00,null,null,null
2023-09-10T19:17:03Z,27.31,62.32,99,0,26.84,101.49,0.00,402.00,null,null,null
2023-09-10T19:18:03Z,27.34,62.34,99,0,33.40,101.50,0.00,402.00,null,null,null
2023-09-10T19:19:03Z,27.32,62.36,99,0,37.89,101.50,0.00,400.00,null,null,null
2023-09-10T19:20:03Z,27.31,62.43,99,0,30.67,101.50,1.00,407.00,5,5,5
2023-09-10T19:21:03Z,27.28,62.29,99,0,34.55,101.50,1.00,407.00,null,null,null
2023-09-10T19:22:03Z,27.31,62.38,99,0,29.12,101.50,1.00,407.00,null,null,null
2023-09-10T19:23:03Z,27.34,62.36,99,0,34.67,101.50,1.00,409.00,null,null,null
2023-09-10T19:24:03Z,27.28,62.39,99,0,29.03,101.50,1.00,409.00,null,null,null
2023-09-10T19:25:03Z,27.27,62.34,99,0,30.09,101.50,1.00,407.00,3,4,4
2023-09-10T19:26:03Z,27.30,62.24,99,0,32.47,101.50,0.00,400.00,null,null,null
2023-09-10T19:27:03Z,27.31,62.34,99,0,30.20,101.50,1.00,413.00,null,null,null
2023-09-10T19:28:03Z,27.27,62.34,99,0,28.28,101.51,1.00,409.00,null,null,null
2023-09-10T19:29:03Z,27.27,62.37,99,0,28.98,101.51,1.00,407.00,null,null,null
2023-09-10T19:30:03Z,27.27,62.44,99,0,30.12,101.50,1.00,407.00,4,5,5
2023-09-10T19:31:03Z,27.27,62.25,99,0,33.08,101.50,0.00,400.00,null,null,null
2023-09-10T19:32:03Z,27.25,62.32,99,0,29.27,101.50,1.00,409.00,null,null,null
2023-09-10T19:33:03Z,27.31,62.35,99,0,37.89,101.50,1.00,409.00,null,null,null
2023-09-10T19:34:03Z,27.27,62.33,99,0,30.12,101.50,1.00,409.00,null,null,null
2023-09-10T19:35:03Z,27.27,62.34,99,0,28.14,101.50,1.00,409.00,5,5,5
2023-09-10T19:36:03Z,27.27,62.29,99,0,40.13,101.50,0.00,402.00,null,null,null
2023-09-10T19:37:03Z,27.24,62.32,99,0,29.26,101.50,0.00,402.00,null,null,null
2023-09-10T19:38:03Z,27.25,62.32,99,0,33.01,101.50,6.00,444.00,null,null,null
2023-09-10T19:39:03Z,27.25,62.37,99,0,27.44,101.50,1.00,409.00,null,null,null
2023-09-10T19:40:03Z,27.22,62.34,99,0,29.13,101.51,0.00,402.00,3,3,3
2023-09-10T19:41:03Z,27.30,62.24,99,0,30.75,101.50,6.00,444.00,null,null,null
2023-09-10T19:42:03Z,27.24,62.35,99,0,30.74,101.50,0.00,406.00,null,null,null
2023-09-10T19:43:03Z,27.25,62.29,99,0,29.15,101.50,5.00,436.00,null,null,null
2023-09-10T19:44:03Z,27.24,62.29,99,0,30.86,101.50,0.00,402.00,null,null,null
2023-09-10T19:45:03Z,27.24,62.34,99,0,28.55,101.50,6.00,444.00,3,3,3
2023-09-10T19:46:03Z,27.22,62.18,99,0,36.81,101.50,6.00,444.00,null,null,null
2023-09-10T19:47:03Z,27.22,62.29,99,0,34.53,101.50,7.00,450.00,null,null,null
2023-09-10T19:48:03Z,27.25,62.31,99,0,31.56,101.51,7.00,446.00,null,null,null
2023-09-10T19:49:03Z,27.22,62.33,99,0,34.79,101.50,1.00,409.00,null,null,null
2023-09-10T19:50:03Z,27.22,62.32,99,0,26.82,101.51,7.00,446.00,1,1,1
2023-09-10T19:51:03Z,27.19,62.20,99,0,34.55,101.51,7.00,446.00,null,null,null
2023-09-10T19:52:03Z,27.21,62.26,99,0,34.49,101.50,7.00,450.00,null,null,null
2023-09-10T19:53:03Z,27.21,62.28,99,0,32.85,101.51,7.00,446.00,null,null,null
2023-09-10T19:54:03Z,27.19,62.29,99,0,27.62,101.50,7.00,446.00,null,null,null
2023-09-10T19:55:03Z,27.22,62.27,99,0,26.11,101.50,6.00,444.00,3,3,3
2023-09-10T19:56:03Z,27.19,62.18,99,0,32.26,101.50,6.00,444.00,null,null,null
2023-09-10T19:57:03Z,27.21,62.24,99,0,33.35,101.50,6.00,444.00,null,null,null
2023-09-10T19:58:03Z,27.21,62.26,99,0,25.73,101.50,7.00,450.00,null,null,null
2023-09-10T19:59:03Z,27.19,62.26,99,0,29.01,101.50,7.00,446.00,null,null,null
2023-09-10T20:00:03Z,27.19,62.30,99,0,28.76,101.50,7.00,446.00,2,2,2
2023-09-10T20:01:03Z,27.21,62.21,99,0,30.77,101.50,6.00,444.00,null,null,null
2023-09-10T20:02:03Z,27.24,62.23,99,0,30.59,101.49,7.00,450.00,null,null,null
2023-09-10T20:03:03Z,27.21,62.29,100,0,36.13,101.49,7.00,450.00,null,null,null
2023-09-10T20:04:03Z,27.22,62.31,99,0,31.59,101.49,7.00,451.00,null,null,null
2023-09-10T20:05:03Z,27.15,62.32,99,0,33.29,101.50,7.00,451.00,6,6,6
2023-09-10T20:06:03Z,27.19,62.25,99,0,33.80,101.49,7.00,446.00,null,null,null
2023-09-10T20:07:03Z,27.19,62.31,99,0,30.14,101.49,7.00,451.00,null,null,null
2023-09-10T20:08:03Z,27.19,62.32,99,0,30.38,101.50,7.00,451.00,null,null,null
2023-09-10T20:09:03Z,27.22,62.39,99,0,31.03,101.49,7.00,451.00,null,null,null
2023-09-10T20:10:03Z,27.18,62.36,99,0,28.31,101.49,7.00,451.00,8,8,8
2023-09-10T20:11:03Z,27.19,62.30,99,0,33.78,101.49,7.00,451.00,null,null,null
2023-09-10T20:12:03Z,27.18,62.34,99,0,31.52,101.50,7.00,451.00,null,null,null
2023-09-10T20:13:03Z,27.19,62.32,99,0,27.44,101.50,7.00,451.00,null,null,null
2023-09-10T20:14:03Z,27.18,62.40,99,0,29.41,101.50,7.00,451.00,null,null,null
2023-09-10T20:15:03Z,27.19,62.40,99,0,29.42,101.49,8.00,456.00,3,3,3
2023-09-10T20:16:03Z,27.19,62.32,99,0,34.25,101.49,8.00,456.00,null,null,null
2023-09-10T20:17:03Z,27.17,62.39,99,0,29.33,101.50,8.00,456.00,null,null,null
2023-09-10T20:18:03Z,27.15,62.38,99,0,31.08,101.50,8.00,456.00,null,null,null
2023-09-10T20:19:03Z,27.17,62.39,99,0,33.27,101.50,9.00,461.00,null,null,null
2023-09-10T20:20:03Z,27.18,62.37,99,0,44.43,101.50,8.00,456.00,8,8,8
2023-09-10T20:21:03Z,27.17,62.35,99,0,31.14,101.50,8.00,456.00,null,null,null
2023-09-10T20:22:03Z,27.22,62.36,99,0,33.66,101.50,9.00,461.00,null,null,null
2023-09-10T20:23:03Z,27.21,62.42,99,0,30.55,101.50,8.00,456.00,null,null,null
2023-09-10T20:24:03Z,27.17,62.43,100,0,36.54,101.50,9.00,461.00,null,null,null
2023-09-10T20:25:03Z,27.14,62.38,100,0,27.20,101.50,8.00,456.00,4,5,5
2023-09-10T20:26:03Z,27.15,62.33,99,0,30.29,101.50,9.00,461.00,null,null,null
2023-09-10T20:27:03Z,27.17,62.34,99,0,29.11,101.50,9.00,461.00,null,null,null
2023-09-10T20:28:03Z,27.15,62.43,99,0,30.27,101.50,9.00,465.00,null,null,null
2023-09-10T20:29:03Z,27.15,62.41,99,0,28.73,101.50,9.00,465.00,null,null,null
2023-09-10T20:30:03Z,27.14,62.48,99,0,37.03,101.50,9.00,461.00,4,6,6
2023-09-10T20:31:03Z,27.17,62.33,99,0,41.06,101.50,9.00,465.00,null,null,null
2023-09-10T20:32:03Z,27.15,62.39,99,0,42.64,101.50,9.00,465.00,null,null,null
2023-09-10T20:33:03Z,27.15,62.45,99,0,37.00,101.49,9.00,465.00,null,null,null
2023-09-10T20:34:03Z,27.15,62.44,99,0,39.00,101.50,10.00,472.00,null,null,null
2023-09-10T20:35:03Z,27.15,62.42,99,0,38.06,101.50,10.00,472.00,1,2,2
2023-09-10T20:36:03Z,27.17,62.40,99,0,30.42,101.49,9.00,465.00,null,null,null
2023-09-10T20:37:03Z,27.15,62.39,100,0,40.37,101.49,10.00,472.00,null,null,null
2023-09-10T20:38:03Z,27.17,62.44,99,0,29.09,101.49,11.00,477.00,null,null,null
2023-09-10T20:39:03Z,27.17,62.47,99,0,38.95,101.49,11.00,477.00,null,null,null
2023-09-10T20:40:03Z,27.13,62.45,99,0,36.01,101.49,11.00,477.00,6,7,7
2023-09-10T20:41:03Z,27.14,62.40,99,0,40.02,101.48,9.00,465.00,null,null,null
2023-09-10T20:42:03Z,27.14,62.42,99,0,35.09,101.48,10.00,472.00,null,null,null
2023-09-10T20:43:03Z,27.15,62.46,99,0,29.62,101.49,11.00,477.00,null,null,null
2023-09-10T20:44:03Z,27.13,62.47,99,0,27.04,101.48,11.00,477.00,null,null,null
2023-09-10T20:45:03Z,27.13,62.45,99,0,34.19,101.48,10.00,472.00,5,5,24
2023-09-10T20:46:03Z,27.15,62.39,99,0,26.84,101.48,10.00,472.00,null,null,null
2023-09-10T20:47:03Z,27.14,62.48,99,0,35.66,101.48,10.00,472.00,null,null,null
2023-09-10T20:48:03Z,27.15,62.48,100,0,29.26,101.48,10.00,472.00,null,null,null
2023-09-10T20:49:03Z,27.14,62.49,99,0,32.57,101.48,11.00,477.00,null,null,null
2023-09-10T20:50:03Z,27.11,62.50,99,0,32.12,101.48,11.00,477.00,6,6,6
2023-09-10T20:51:03Z,27.13,62.47,99,0,34.34,101.47,10.00,472.00,null,null,null
2023-09-10T20:52:03Z,27.14,62.47,99,0,30.85,101.47,11.00,477.00,null,null,null
2023-09-10T20:53:03Z,27.13,62.48,99,0,26.64,101.48,10.00,472.00,null,null,null
2023-09-10T20:54:03Z,27.11,62.53,99,0,27.85,101.48,10.00,472.00,null,null,null
2023-09-10T20:55:03Z,27.11,62.55,99,0,31.37,101.48,10.00,472.00,3,3,3
2023-09-10T20:56:03Z,27.11,62.50,99,0,42.92,101.48,10.00,472.00,null,null,null
2023-09-10T20:57:03Z,27.15,62.55,99,0,28.28,101.48,10.00,472.00,null,null,null
2023-09-10T20:58:03Z,27.10,62.55,99,0,31.00,101.48,11.00,477.00,null,null,null
2023-09-10T20:59:03Z,27.11,62.56,99,0,34.00,101.48,11.00,477.00,null,null,null
2023-09-10T21:00:03Z,27.13,62.58,99,0,30.33,101.48,10.00,472.00,7,9,9
2023-09-10T21:01:03Z,27.11,62.51,99,0,26.16,101.48,10.00,472.00,null,null,null
2023-09-10T21:02:03Z,27.14,62.53,99,0,29.01,101.48,11.00,477.00,null,null,null
2023-09-10T21:03:03Z,27.10,62.62,99,0,31.24,101.48,11.00,477.00,null,null,null
2023-09-10T21:04:03Z,27.11,62.59,99,0,27.57,101.48,11.00,477.00,null,null,null
2023-09-10T21:05:03Z,27.10,62.61,99,0,28.36,101.48,9.00,465.00,4,4,4
2023-09-10T21:06:03Z,27.14,62.58,99,0,29.16,101.48,9.00,465.00,null,null,null
2023-09-10T21:07:03Z,27.08,62.62,99,0,36.09,101.48,9.00,465.00,null,null,null
2023-09-10T21:08:03Z,27.10,62.62,99,0,32.10,101.48,12.00,483.00,null,null,null
2023-09-10T21:09:03Z,27.10,62.63,99,0,25.32,101.48,14.00,497.00,null,null,null
2023-09-10T21:10:03Z,27.10,62.63,99,0,26.03,101.49,15.00,503.00,7,7,7
2023-09-10T21:11:03Z,27.10,62.63,99,0,32.67,101.48,15.00,503.00,null,null,null
2023-09-10T21:12:03Z,27.07,62.66,99,0,26.99,101.48,17.00,518.00,null,null,null
2023-09-10T21:13:03Z,27.08,62.67,99,0,27.18,101.49,17.00,518.00,null,null,null
2023-09-10T21:14:03Z,27.07,62.68,99,0,29.49,101.48,18.00,524.00,null,null,null
2023-09-10T21:15:03Z,27.08,62.66,99,0,27.57,101.49,18.00,524.00,6,7,7
2023-09-10T21:16:03Z,27.07,62.64,99,0,28.47,101.48,16.00,508.00,null,null,null
2023-09-10T21:17:03Z,27.10,62.68,99,0,27.85,101.48,16.00,508.00,null,null,null
2023-09-10T21:18:03Z,27.08,62.68,99,0,33.90,101.48,17.00,518.00,null,null,null
2023-09-10T21:19:03Z,27.07,62.66,99,0,27.75,101.48,16.00,508.00,null,null,null
2023-09-10T21:20:03Z,27.07,62.67,99,0,31.87,101.48,16.00,508.00,7,11,11
2023-09-10T21:21:03Z,27.08,62.66,99,0,32.29,101.48,16.00,508.00,null,null,null
2023-09-10T21:22:03Z,27.10,62.67,99,0,30.22,101.48,16.00,508.00,null,null,null
2023-09-10T21:23:03Z,27.07,62.67,99,0,26.29,101.48,15.00,503.00,null,null,null
2023-09-10T21:24:03Z,27.10,62.69,100,0,33.41,101.48,15.00,503.00,null,null,null
2023-09-10T21:25:03Z,27.07,62.70,99,0,30.69,101.48,14.00,497.00,7,10,10
2023-09-10T21:26:03Z,27.10,62.70,99,0,27.90,101.48,14.00,497.00,null,null,null
2023-09-10T21:27:03Z,27.07,62.72,99,0,37.87,101.48,14.00,493.00,null,null,null
2023-09-10T21:28:03Z,27.05,62.64,99,0,37.79,101.48,14.00,493.00,null,null,null
2023-09-10T21:29:03Z,27.05,62.71,99,0,31.28,101.48,14.00,493.00,null,null,null
2023-09-10T21:30:03Z,27.03,62.76,99,0,29.77,101.48,12.00,483.00,6,9,9
2023-09-10T21:31:03Z,27.07,62.70,99,0,28.14,101.48,11.00,478.00,null,null,null
2023-09-10T21:32:03Z,27.05,62.69,99,0,30.38,101.48,14.00,493.00,null,null,null
2023-09-10T21:33:03Z,27.04,62.75,99,0,34.10,101.49,12.00,483.00,null,null,null
2023-09-10T21:34:03Z,27.03,62.80,99,0,25.16,101.48,11.00,478.00,null,null,null
2023-09-10T21:35:03Z,27.03,62.72,99,0,26.11,101.49,10.00,472.00,2,2,2
2023-09-10T21:36:03Z,27.05,62.72,99,0,26.03,101.49,11.00,477.00,null,null,null
2023-09-10T21:37:03Z,27.03,62.74,99,0,29.58,101.49,11.00,477.00,null,null,null
2023-09-10T21:38:03Z,27.04,62.77,99,0,28.40,101.49,11.00,477.00,null,null,null
2023-09-10T21:39:03Z,27.03,62.81,99,0,26.97,101.49,9.00,464.00,null,null,null
2023-09-10T21:40:03Z,27.01,62.76,99,0,26.89,101.49,9.00,461.00,5,5,5
2023-09-10T21:41:03Z,27.03,62.73,99,0,29.15,101.49,9.00,464.00,null,null,null
2023-09-10T21:42:03Z,27.01,62.75,99,0,31.41,101.49,9.00,464.00,null,null,null
2023-09-10T21:43:03Z,27.03,62.80,99,0,29.38,101.49,9.00,465.00,null,null,null
2023-09-10T21:44:03Z,27.01,62.78,99,0,32.62,101.49,9.00,464.00,null,null,null
2023-09-10T21:45:03Z,27.04,62.81,99,0,28.07,101.49,9.00,461.00,5,5,5
2023-09-10T21:46:03Z,27.01,62.77,99,0,26.06,101.49,9.00,461.00,null,null,null
2023-09-10T21:47:03Z,27.01,62.84,99,0,34.13,101.48,9.00,461.00,null,null,null
2023-09-10T21:48:03Z,27.01,62.85,99,0,26.78,101.49,9.00,461.00,null,null,null
2023-09-10T21:49:03Z,27.04,62.86,99,0,26.93,101.48,9.00,461.00,null,null,null
2023-09-10T21:50:03Z,27.03,62.84,99,0,30.35,101.49,9.00,461.00,6,6,6
2023-09-10T21:51:03Z,27.05,62.86,99,0,28.47,101.49,8.00,456.00,null,null,null
2023-09-10T21:52:03Z,27.03,62.91,99,0,26.91,101.49,8.00,456.00,null,null,null
2023-09-10T21:53:03Z,27.00,62.88,99,0,31.29,101.48,8.00,456.00,null,null,null
2023-09-10T21:54:03Z,26.98,62.88,99,0,35.33,101.49,8.00,456.00,null,null,null
2023-09-10T21:55:03Z,26.98,62.96,99,0,27.90,101.49,8.00,456.00,5,6,6
2023-09-10T21:56:03Z,27.00,62.96,99,0,30.69,101.49,8.00,456.00,null,null,null
2023-09-10T21:57:03Z,27.00,62.94,99,0,27.28,101.49,8.00,456.00,null,null,null
2023-09-10T21:58:03Z,27.00,62.96,99,0,30.33,101.48,8.00,456.00,null,null,null
2023-09-10T21:59:03Z,26.98,62.96,99,0,31.05,101.48,8.00,456.00,null,null,null
2023-09-10T22:00:03Z,26.97,62.96,99,0,29.80,101.48,7.00,451.00,1,1,1
2023-09-10T22:01:03Z,26.98,62.98,99,0,26.80,101.49,7.00,451.00,null,null,null
2023-09-10T22:02:03Z,26.98,62.99,99,0,27.10,101.49,7.00,451.00,null,null,null
2023-09-10T22:03:03Z,26.98,63.01,99,0,29.49,101.49,7.00,451.00,null,null,null
2023-09-10T22:04:03Z,26.97,63.01,99,0,28.22,101.49,7.00,451.00,null,null,null
2023-09-10T22:05:03Z,26.97,63.03,99,0,32.62,101.49,7.00,451.00,4,4,4
2023-09-10T22:06:03Z,26.98,63.03,99,0,27.04,101.49,7.00,451.00,null,null,null
2023-09-10T22:07:03Z,27.00,63.05,100,0,28.96,101.49,7.00,451.00,null,null,null
2023-09-10T22:08:03Z,26.97,63.03,99,0,32.64,101.49,7.00,451.00,null,null,null
2023-09-10T22:09:03Z,27.00,63.03,99,0,30.61,101.48,7.00,446.00,null,null,null
2023-09-10T22:10:03Z,26.95,63.07,99,0,28.42,101.49,7.00,451.00,3,3,3
2023-09-10T22:11:03Z,26.98,63.13,99,0,32.70,101.49,7.00,451.00,null,null,null
2023-09-10T22:12:03Z,26.98,63.06,99,0,27.44,101.48,7.00,446.00,null,null,null
2023-09-10T22:13:03Z,26.97,63.10,99,0,25.84,101.49,7.00,451.00,null,null,null
2023-09-10T22:14:03Z,27.01,63.08,99,0,29.69,101.48,7.00,451.00,null,null,null
2023-09-10T22:15:03Z,26.98,63.13,99,0,27.44,101.49,6.00,442.00,3,4,4
2023-09-10T22:16:03Z,26.97,63.21,99,0,28.85,101.48,6.00,442.00,null,null,null
2023-09-10T22:17:03Z,26.95,63.17,99,0,32.33,101.48,6.00,442.00,null,null,null
2023-09-10T22:18:03Z,26.97,63.15,100,0,27.51,101.48,7.00,446.00,null,null,null
2023-09-10T22:19:03Z,26.93,63.16,99,0,28.99,101.48,7.00,451.00,null,null,null
2023-09-10T22:20:03Z,26.94,63.19,99,0,30.96,101.48,7.00,451.00,6,6,6
2023-09-10T22:21:03Z,26.95,63.20,99,0,26.21,101.48,6.00,442.00,null,null,null
2023-09-10T22:22:03Z,26.93,63.20,99,0,30.01,101.48,7.00,451.00,null,null,null
2023-09-10T22:23:03Z,26.94,63.20,99,0,30.91,101.48,7.00,451.00,null,null,null
2023-09-10T22:24:03Z,26.97,63.24,99,0,27.08,101.48,7.00,451.00,null,null,null
2023-09-10T22:25:03Z,26.94,63.23,99,0,31.66,101.48,7.00,451.00,7,7,7
2023-09-10T22:26:03Z,26.93,63.26,99,0,28.87,101.48,7.00,446.00,null,null,null
2023-09-10T22:27:03Z,26.93,63.24,99,0,27.62,101.47,7.00,446.00,null,null,null
2023-09-10T22:28:03Z,26.93,63.27,99,0,25.41,101.48,7.00,451.00,null,null,null
2023-09-10T22:29:03Z,26.93,63.27,99,0,26.11,101.47,7.00,446.00,null,null,null
2023-09-10T22:30:03Z,26.91,63.26,99,0,28.39,101.47,6.00,442.00,4,4,4
2023-09-10T22:31:03Z,26.93,63.33,99,0,26.55,101.48,7.00,446.00,null,null,null
2023-09-10T22:32:03Z,26.98,63.30,99,0,25.03,101.48,7.00,446.00,null,null,null
2023-09-10T22:33:03Z,26.94,63.31,99,0,32.17,101.48,7.00,446.00,null,null,null
2023-09-10T22:34:03Z,26.91,63.30,99,0,27.75,101.48,6.00,442.00,null,null,null
2023-09-10T22:35:03Z,26.91,63.33,99,0,27.10,101.48,6.00,442.00,4,4,4
2023-09-10T22:36:03Z,26.94,63.33,99,0,29.63,101.47,6.00,442.00,null,null,null
2023-09-10T22:37:03Z,26.93,63.40,99,0,27.92,101.47,7.00,446.00,null,null,null
2023-09-10T22:38:03Z,26.88,63.34,99,0,26.21,101.47,7.00,446.00,null,null,null
2023-09-10T22:39:03Z,26.88,63.37,99,0,26.84,101.47,7.00,446.00,null,null,null
2023-09-10T22:40:03Z,26.87,63.35,99,0,28.27,101.48,7.00,446.00,9,10,10
2023-09-10T22:41:03Z,26.87,63.41,99,0,25.50,101.47,6.00,442.00,null,null,null
2023-09-10T22:42:03Z,26.91,63.39,99,0,38.14,101.48,6.00,442.00,null,null,null
2023-09-10T22:43:03Z,26.88,63.40,99,0,31.75,101.48,5.00,436.00,null,null,null
2023-09-10T22:44:03Z,26.91,63.39,99,0,40.57,101.48,6.00,442.00,null,null,null
2023-09-10T22:45:03Z,26.88,63.40,99,0,37.32,101.48,6.00,442.00,7,8,8
2023-09-10T22:46:03Z,26.90,63.49,99,0,34.11,101.47,6.00,442.00,null,null,null
2023-09-10T22:47:03Z,26.91,63.41,99,0,30.31,101.47,5.00,436.00,null,null,null
2023-09-10T22:48:03Z,26.90,63.46,99,0,30.24,101.47,5.00,436.00,null,null,null
2023-09-10T22:49:03Z,26.87,63.41,99,0,31.24,101.48,5.00,436.00,null,null,null
2023-09-10T22:50:03Z,26.87,63.51,99,0,26.55,101.48,5.00,434.00,9,9,9
2023-09-10T22:51:03Z,26.88,63.50,99,0,37.03,101.48,5.00,434.00,null,null,null
2023-09-10T22:52:03Z,26.88,63.47,99,0,30.97,101.48,5.00,434.00,null,null,null
2023-09-10T22:53:03Z,26.86,63.52,99,0,26.62,101.48,5.00,436.00,null,null,null
2023-09-10T22:54:03Z,26.87,63.52,99,0,36.21,101.48,5.00,436.00,null,null,null
2023-09-10T22:55:03Z,26.88,63.51,99,0,29.03,101.48,5.00,436.00,6,6,6
2023-09-10T22:56:03Z,26.90,63.59,99,0,29.00,101.48,5.00,434.00,null,null,null
2023-09-10T22:57:03Z,26.86,63.59,99,0,29.37,101.48,5.00,436.00,null,null,null
2023-09-10T22:58:03Z,26.88,63.59,99,0,27.69,101.47,5.00,436.00,null,null,null
2023-09-10T22:59:03Z,26.87,63.57,99,0,26.14,101.48,5.00,436.00,null,null,null
2023-09-10T23:00:03Z,26.84,63.62,99,0,26.16,101.48,5.00,436.00,8,11,11
2023-09-10T23:01:03Z,26.86,63.65,99,0,27.34,101.48,3.00,425.00,null,null,null
2023-09-10T23:02:03Z,26.87,63.62,99,0,28.67,101.47,5.00,434.00,null,null,null
2023-09-10T23:03:03Z,26.86,63.64,99,0,26.46,101.48,5.00,436.00,null,null,null
2023-09-10T23:04:03Z,26.90,63.65,99,0,31.64,101.48,5.00,436.00,null,null,null
2023-09-10T23:05:03Z,26.86,63.66,99,0,29.46,101.48,5.00,436.00,6,8,8
2023-09-10T23:06:03Z,26.86,63.73,99,0,27.96,101.48,5.00,436.00,null,null,null
2023-09-10T23:07:03Z,26.87,63.70,99,0,27.45,101.48,7.00,446.00,null,null,null
2023-09-10T23:08:03Z,26.91,63.69,99,0,25.79,101.48,7.00,446.00,null,null,null
2023-09-10T23:09:03Z,26.87,63.70,99,0,34.69,101.48,7.00,451.00,null,null,null
2023-09-10T23:10:03Z,26.83,63.73,99,0,26.00,101.48,7.00,446.00,5,5,5
2023-09-10T23:11:03Z,26.84,63.81,99,0,29.21,101.48,7.00,451.00,null,null,null
2023-09-10T23:12:03Z,26.91,63.77,99,0,27.04,101.48,7.00,452.00,null,null,null
2023-09-10T23:13:03Z,26.88,63.77,99,0,26.93,101.48,7.00,452.00,null,null,null
2023-09-10T23:14:03Z,26.84,63.80,99,0,36.58,101.47,7.00,452.00,null,null,null
2023-09-10T23:15:03Z,26.84,63.82,100,0,28.61,101.48,7.00,452.00,6,7,7
2023-09-10T23:16:03Z,26.88,63.86,99,0,27.18,101.48,6.00,443.00,null,null,null
2023-09-10T23:17:03Z,26.86,63.81,100,0,24.54,101.48,7.00,452.00,null,null,null
2023-09-10T23:18:03Z,26.87,63.81,99,0,28.07,101.48,7.00,452.00,null,null,null
2023-09-10T23:19:03Z,26.86,63.83,99,0,30.26,101.48,7.00,452.00,null,null,null
2023-09-10T23:20:03Z,26.84,63.86,99,0,26.19,101.48,7.00,447.00,6,7,7
2023-09-10T23:21:03Z,26.87,63.93,99,0,27.12,101.48,7.00,447.00,null,null,null
2023-09-10T23:22:03Z,26.86,63.88,99,0,26.73,101.48,7.00,447.00,null,null,null
2023-09-10T23:23:03Z,26.87,63.88,99,0,42.56,101.48,7.00,447.00,null,null,null
2023-09-10T23:24:03Z,26.87,63.89,99,0,26.87,101.48,7.00,447.00,null,null,null
2023-09-10T23:25:03Z,26.90,63.91,100,0,26.21,101.48,6.00,443.00,11,11,11
2023-09-10T23:26:03Z,26.87,63.95,99,0,26.31,101.48,6.00,443.00,null,null,null
2023-09-10T23:27:03Z,26.86,63.91,99,0,32.18,101.48,6.00,443.00,null,null,null
2023-09-10T23:28:03Z,26.88,63.93,99,0,24.07,101.48,7.00,452.00,null,null,null
2023-09-10T23:29:03Z,26.88,63.93,100,0,30.28,101.48,9.00,461.00,null,null,null
2023-09-10T23:30:03Z,26.88,63.95,99,0,26.46,101.48,10.00,466.00,6,8,8
2023-09-10T23:31:03Z,26.90,63.99,99,0,26.31,101.48,10.00,466.00,null,null,null
2023-09-10T23:32:03Z,26.88,63.94,99,0,31.84,101.48,11.00,478.00,null,null,null
2023-09-10T23:33:03Z,26.86,64.00,99,0,39.51,101.48,12.00,482.00,null,null,null
2023-09-10T23:34:03Z,26.87,63.98,99,0,26.91,101.49,12.00,482.00,null,null,null
2023-09-10T23:35:03Z,26.88,63.95,99,0,29.69,101.49,13.00,488.00,4,4,4
2023-09-10T23:36:03Z,26.90,64.03,99,0,28.61,101.49,12.00,482.00,null,null,null
2023-09-10T23:37:03Z,26.88,64.02,99,0,28.23,101.49,13.00,488.00,null,null,null
2023-09-10T23:38:03Z,26.90,63.99,99,0,29.48,101.48,12.00,482.00,null,null,null
2023-09-10T23:39:03Z,26.90,64.05,99,0,27.77,101.49,12.00,482.00,null,null,null
2023-09-10T23:40:03Z,26.87,64.01,99,0,30.43,101.49,12.00,482.00,8,9,9
2023-09-10T23:41:03Z,26.88,64.03,99,0,29.69,101.49,12.00,482.00,null,null,null
2023-09-10T23:42:03Z,26.90,64.06,99,0,25.82,101.49,11.00,478.00,null,null,null
2023-09-10T23:43:03Z,26.90,64.03,99,0,27.22,101.49,11.00,478.00,null,null,null
2023-09-10T23:44:03Z,26.87,64.06,99,0,27.38,101.48,11.00,473.00,null,null,null
2023-09-10T23:45:03Z,26.88,64.02,99,0,24.19,101.48,11.00,473.00,7,7,7
2023-09-10T23:46:03Z,26.88,64.04,99,0,23.49,101.48,11.00,473.00,null,null,null
2023-09-10T23:47:03Z,26.91,64.04,99,0,44.10,101.48,11.00,478.00,null,null,null
2023-09-10T23:48:03Z,26.91,64.05,99,0,25.70,101.48,10.00,466.00,null,null,null
2023-09-10T23:49:03Z,26.90,64.07,99,0,29.79,101.48,9.00,461.00,null,null,null
2023-09-10T23:50:03Z,26.88,64.06,99,0,28.88,101.48,10.00,466.00,5,5,5
2023-09-10T23:51:03Z,26.88,64.10,99,0,25.84,101.48,9.00,461.00,null,null,null
2023-09-10T23:52:03Z,26.88,64.05,99,0,25.09,101.48,8.00,456.00,null,null,null
2023-09-10T23:53:03Z,26.90,64.14,99,0,26.95,101.47,7.00,452.00,null,null,null
2023-09-10T23:54:03Z,26.90,64.09,99,0,26.48,101.48,7.00,452.00,null,null,null
2023-09-10T23:55:03Z,26.91,64.11,99,0,25.19,101.48,7.00,452.00,7,9,12
2023-09-10T23:56:03Z,26.88,64.10,99,0,37.28,101.48,7.00,452.00,null,null,null
2023-09-10T23:57:03Z,26.88,64.06,99,0,41.71,101.48,7.00,452.00,null,null,null
2023-09-10T23:58:03Z,26.90,64.11,99,0,42.41,101.48,7.00,452.00,null,null,null
2023-09-10T23:59:03Z,26.87,64.17,99,0,44.34,101.48,8.00,456.00,null,null,null
