TIME,TEMP,HUM,BATT,LIGHT,NOISE_A,PRESS,CCS811_VOCS,CCS811_ECO2,PM_1,PM_25,PM_10
ISO 8601,C,%,%,Lux,dBA,kPa,ppb,ppm,ug/m3,ug/m3,ug/m3
Time,Temperature,Humidity,Battery,Light,Noise dBA,Barometric pressure,VOC Gas CCS811,eCO2 Gas CCS811,PM 1.0,PM 2.5,PM 10.0
,55,56,10,14,53,58,113,112,89,87,88
2023-07-29T00:00:27Z,22.28,69.88,100,12,29.16,100.66,6.00,444.00,0,0,0
2023-07-29T00:01:27Z,22.27,69.84,100,10,30.03,100.66,7.00,448.00,null,null,null
2023-07-29T00:02:27Z,22.27,69.92,100,10,61.89,100.67,8.00,454.00,null,null,null
2023-07-29T00:03:27Z,22.31,69.89,100,0,61.36,100.67,8.00,454.00,null,null,null
2023-07-29T00:04:27Z,22.28,69.89,100,0,39.15,100.68,9.00,463.00,null,null,null
2023-07-29T00:05:27Z,22.28,69.88,100,0,49.73,100.68,9.00,463.00,1,1,1
2023-07-29T00:06:27Z,22.30,69.98,100,0,40.16,100.67,11.00,475.00,null,null,null
2023-07-29T00:07:27Z,22.30,69.78,100,0,43.33,100.68,12.00,485.00,null,null,null
2023-07-29T00:08:27Z,22.31,69.76,100,0,54.73,100.68,12.00,485.00,null,null,null
2023-07-29T00:09:27Z,22.28,69.80,100,0,52.23,100.68,13.00,491.00,null,null,null
2023-07-29T00:10:27Z,22.28,69.82,100,0,46.08,100.69,14.00,496.00,0,0,0
2023-07-29T00:11:27Z,22.33,69.83,100,0,56.35,100.68,13.00,491.00,null,null,null
2023-07-29T00:12:27Z,22.33,69.75,100,0,49.22,100.69,14.00,496.00,null,null,null
2023-07-29T00:13:27Z,22.35,69.83,100,0,48.30,100.69,14.00,496.00,null,null,null
2023-07-29T00:14:27Z,22.33,69.76,100,0,43.75,100.69,14.00,495.00,null,null,null
2023-07-29T00:15:27Z,22.35,69.81,100,0,41.41,100.68,14.00,495.00,1,1,1
2023-07-29T00:16:27Z,22.36,69.86,100,0,44.31,100.69,14.00,495.00,null,null,null
2023-07-29T00:17:27Z,22.35,69.66,100,0,46.67,100.68,14.00,495.00,null,null,null
2023-07-29T00:18:27Z,22.37,69.70,100,0,48.59,100.69,14.00,498.00,null,null,null
2023-07-29T00:19:27Z,22.37,69.60,100,0,45.62,100.69,14.00,498.00,null,null,null
2023-07-29T00:20:27Z,22.35,69.71,100,0,48.53,100.69,14.00,498.00,0,0,0
2023-07-29T00:21:27Z,22.37,69.87,100,0,45.28,100.69,14.00,498.00,null,null,null
2023-07-29T00:22:27Z,22.39,69.75,100,0,37.68,100.69,14.00,492.00,null,null,null
2023-07-29T00:23:27Z,22.35,69.70,100,0,46.57,100.69,14.00,496.00,null,null,null
2023-07-29T00:24:27Z,22.36,69.70,100,0,46.27,100.69,13.00,491.00,null,null,null
2023-07-29T00:25:27Z,22.37,69.70,100,0,47.62,100.68,14.00,496.00,1,1,1
2023-07-29T00:26:27Z,22.36,69.75,100,0,47.78,100.68,14.00,496.00,null,null,null
2023-07-29T00:27:27Z,22.41,69.68,100,0,51.62,100.68,14.00,496.00,null,null,null
2023-07-29T00:28:27Z,22.40,69.64,100,0,49.21,100.68,14.00,496.00,null,null,null
2023-07-29T00:29:27Z,22.39,69.60,100,0,52.89,100.68,14.00,496.00,null,null,null
2023-07-29T00:30:27Z,22.40,69.61,100,0,45.01,100.68,13.00,491.00,1,1,1
2023-07-29T00:31:27Z,22.40,69.57,100,0,42.27,100.67,12.00,485.00,null,null,null
2023-07-29T00:32:27Z,22.43,69.55,100,0,41.31,100.68,12.00,485.00,null,null,null
2023-07-29T00:33:27Z,22.40,69.53,100,0,47.05,100.68,12.00,485.00,null,null,null
2023-07-29T00:34:27Z,22.43,69.60,100,0,51.13,100.68,13.00,491.00,null,null,null
2023-07-29T00:35:27Z,22.40,69.58,100,0,50.42,100.68,13.00,491.00,1,1,1
2023-07-29T00:36:27Z,22.43,69.57,100,0,32.49,100.69,13.00,491.00,null,null,null
2023-07-29T00:37:27Z,22.44,69.57,100,0,50.01,100.69,13.00,491.00,null,null,null
2023-07-29T00:38:27Z,22.41,69.48,100,0,50.99,100.68,13.00,488.00,null,null,null
2023-07-29T00:39:27Z,22.44,69.51,100,0,53.65,100.68,13.00,488.00,null,null,null
2023-07-29T00:40:27Z,22.43,69.48,100,0,43.67,100.69,13.00,488.00,3,4,4
2023-07-29T00:41:27Z,22.44,69.50,100,0,53.91,100.68,12.00,483.00,null,null,null
2023-07-29T00:42:27Z,22.46,69.50,100,0,49.96,100.69,12.00,483.00,null,null,null
2023-07-29T00:43:27Z,22.44,69.47,100,0,44.07,100.69,12.00,483.00,null,null,null
2023-07-29T00:44:27Z,22.46,69.52,100,0,36.35,100.69,12.00,483.00,null,null,null
2023-07-29T00:45:27Z,22.43,69.57,100,0,47.69,100.69,12.00,483.00,3,3,3
2023-07-29T00:46:27Z,22.44,69.59,100,0,42.63,100.68,12.00,481.00,null,null,null
2023-07-29T00:47:27Z,22.44,69.44,100,0,40.79,100.68,12.00,481.00,null,null,null
2023-07-29T00:48:27Z,22.48,69.40,100,0,44.29,100.68,12.00,481.00,null,null,null
2023-07-29T00:49:27Z,22.46,69.39,100,0,47.90,100.68,13.00,486.00,null,null,null
2023-07-29T00:50:27Z,22.43,69.42,100,0,49.73,100.69,13.00,486.00,1,1,1
2023-07-29T00:51:27Z,22.47,69.40,100,0,49.88,100.68,13.00,486.00,null,null,null
2023-07-29T00:52:27Z,22.47,69.40,100,0,50.44,100.69,13.00,486.00,null,null,null
2023-07-29T00:53:27Z,22.46,69.28,100,0,54.03,100.69,13.00,486.00,null,null,null
2023-07-29T00:54:27Z,22.44,69.28,100,0,47.14,100.69,13.00,486.00,null,null,null
2023-07-29T00:55:27Z,22.48,69.37,100,0,42.24,100.69,12.00,485.00,1,1,1
2023-07-29T00:56:27Z,22.50,69.33,100,0,42.83,100.69,12.00,485.00,null,null,null
2023-07-29T00:57:27Z,22.50,69.29,100,0,47.82,100.68,12.00,480.00,null,null,null
2023-07-29T00:58:27Z,22.51,69.20,100,0,38.75,100.68,12.00,480.00,null,null,null
2023-07-29T00:59:27Z,22.51,69.24,100,0,46.76,100.70,12.00,483.00,null,null,null
2023-07-29T01:00:27Z,22.51,69.28,100,0,44.03,100.69,12.00,483.00,2,2,2
2023-07-29T01:01:27Z,22.48,69.25,100,0,45.02,100.69,12.00,480.00,null,null,null
2023-07-29T01:02:27Z,22.51,69.25,100,0,53.74,100.69,12.00,485.00,null,null,null
2023-07-29T01:03:27Z,22.53,69.10,100,0,31.37,100.69,12.00,480.00,null,null,null
2023-07-29T01:04:27Z,22.51,69.08,100,0,29.43,100.69,12.00,483.00,null,null,null
2023-07-29T01:05:27Z,22.51,69.17,100,0,31.48,100.69,13.00,488.00,2,2,2
2023-07-29T01:06:27Z,22.51,69.17,100,0,32.03,100.69,12.00,483.00,null,null,null
2023-07-29T01:07:27Z,22.54,69.06,100,0,32.67,100.69,12.00,483.00,null,null,null
2023-07-29T01:08:27Z,22.51,69.03,100,0,31.95,100.69,12.00,483.00,null,null,null
2023-07-29T01:09:27Z,22.53,68.97,100,0,31.51,100.68,12.00,483.00,null,null,null
2023-07-29T01:10:27Z,22.53,69.12,100,0,31.94,100.68,12.00,483.00,0,0,0
2023-07-29T01:11:27Z,22.53,69.10,100,0,30.85,100.68,12.00,481.00,null,null,null
2023-07-29T01:12:27Z,22.54,69.03,100,0,41.77,100.69,12.00,481.00,null,null,null
2023-07-29T01:13:27Z,22.56,69.02,100,0,29.87,100.68,12.00,481.00,null,null,null
2023-07-29T01:14:27Z,22.51,68.99,100,0,34.58,100.69,12.00,481.00,null,null,null
2023-07-29T01:15:27Z,22.50,69.01,100,0,31.36,100.69,12.00,481.00,2,2,2
2023-07-29T01:16:27Z,22.54,69.03,100,0,31.54,100.68,12.00,481.00,null,null,null
2023-07-29T01:17:27Z,22.56,68.96,100,0,30.62,100.68,12.00,481.00,null,null,null
2023-07-29T01:18:27Z,22.56,68.87,100,0,29.42,100.68,12.00,481.00,null,null,null
2023-07-29T01:19:27Z,22.54,68.84,100,0,31.21,100.68,12.00,480.00,null,null,null
2023-07-29T01:20:27Z,22.53,68.90,100,0,32.21,100.68,12.00,480.00,6,6,6
2023-07-29T01:21:27Z,22.57,68.93,100,0,29.95,100.68,12.00,480.00,null,null,null
2023-07-29T01:22:27Z,22.56,68.83,100,0,29.65,100.68,11.00,476.00,null,null,null
2023-07-29T01:23:27Z,22.54,68.80,100,0,29.47,100.68,11.00,476.00,null,null,null
2023-07-29T01:24:27Z,22.54,68.77,100,0,30.81,100.68,11.00,476.00,null,null,null
2023-07-29T01:25:27Z,22.56,68.80,100,0,52.54,100.67,11.00,476.00,1,1,1
2023-07-29T01:26:27Z,22.56,68.79,100,0,32.45,100.67,11.00,476.00,null,null,null
2023-07-29T01:27:27Z,22.56,68.74,100,0,31.14,100.66,11.00,473.00,null,null,null
2023-07-29T01:28:27Z,22.57,68.70,100,0,47.86,100.67,11.00,477.00,null,null,null
2023-07-29T01:29:27Z,22.54,68.77,100,0,29.97,100.67,11.00,477.00,null,null,null
2023-07-29T01:30:27Z,22.54,68.73,100,0,29.87,100.67,12.00,481.00,2,3,10
2023-07-29T01:31:27Z,22.57,68.73,100,0,30.22,100.67,11.00,477.00,null,null,null
2023-07-29T01:32:27Z,22.57,68.65,100,0,31.92,100.66,11.00,477.00,null,null,null
2023-07-29T01:33:27Z,22.57,68.63,100,0,31.73,100.67,11.00,477.00,null,null,null
2023-07-29T01:34:27Z,22.57,68.67,100,0,28.28,100.67,11.00,477.00,null,null,null
2023-07-29T01:35:27Z,22.56,68.68,100,0,29.64,100.66,11.00,477.00,0,0,0
2023-07-29T01:36:27Z,22.58,68.63,100,0,28.98,100.66,11.00,476.00,null,null,null
2023-07-29T01:37:27Z,22.58,68.64,100,0,30.28,100.67,11.00,476.00,null,null,null
2023-07-29T01:38:27Z,22.57,68.61,100,0,29.67,100.66,11.00,476.00,null,null,null
2023-07-29T01:39:27Z,22.58,68.60,100,0,32.19,100.67,11.00,476.00,null,null,null
2023-07-29T01:40:27Z,22.56,68.67,100,0,30.38,100.66,12.00,480.00,1,2,2
2023-07-29T01:41:27Z,22.60,68.65,100,0,32.14,100.66,11.00,476.00,null,null,null
2023-07-29T01:42:27Z,22.60,68.54,100,0,36.26,100.67,11.00,476.00,null,null,null
2023-07-29T01:43:27Z,22.60,68.58,100,0,32.39,100.67,11.00,475.00,null,null,null
2023-07-29T01:44:27Z,22.58,68.51,100,0,30.39,100.67,9.00,465.00,null,null,null
2023-07-29T01:45:27Z,22.58,68.53,100,0,33.89,100.66,9.00,465.00,3,3,3
2023-07-29T01:46:27Z,22.58,68.53,100,0,30.24,100.67,9.00,465.00,null,null,null
2023-07-29T01:47:27Z,22.60,68.52,100,0,31.98,100.67,9.00,465.00,null,null,null
2023-07-29T01:48:27Z,22.58,68.47,100,0,32.11,100.67,9.00,461.00,null,null,null
2023-07-29T01:49:27Z,22.57,68.50,100,0,49.41,100.67,9.00,461.00,null,null,null
2023-07-29T01:50:27Z,22.58,68.51,100,0,29.33,100.67,9.00,465.00,0,0,0
2023-07-29T01:51:27Z,22.58,68.47,100,0,42.13,100.67,9.00,465.00,null,null,null
2023-07-29T01:52:27Z,22.58,68.46,100,0,31.65,100.66,9.00,464.00,null,null,null
2023-07-29T01:53:27Z,22.57,68.49,100,0,28.83,100.66,9.00,464.00,null,null,null
2023-07-29T01:54:27Z,22.57,68.47,100,0,37.58,100.66,9.00,464.00,null,null,null
2023-07-29T01:55:27Z,22.57,68.48,100,0,30.36,100.66,9.00,464.00,2,2,2
2023-07-29T01:56:27Z,22.58,68.50,100,0,29.62,100.66,9.00,464.00,null,null,null
2023-07-29T01:57:27Z,22.63,68.56,100,0,28.76,100.67,9.00,464.00,null,null,null
2023-07-29T01:58:27Z,22.58,68.39,100,0,30.29,100.66,9.00,464.00,null,null,null
2023-07-29T01:59:27Z,22.60,68.46,100,0,30.74,100.66,9.00,464.00,null,null,null
2023-07-29T02:00:27Z,22.58,68.41,100,0,29.48,100.66,9.00,463.00,4,4,4
2023-07-29T02:01:27Z,22.61,68.46,100,0,35.10,100.66,9.00,463.00,null,null,null
2023-07-29T02:02:27Z,22.60,68.38,100,0,31.80,100.66,9.00,463.00,null,null,null
2023-07-29T02:03:27Z,22.58,68.34,100,0,29.30,100.67,10.00,472.00,null,null,null
2023-07-29T02:04:27Z,22.63,68.33,100,0,29.30,100.66,11.00,476.00,null,null,null
2023-07-29T02:05:27Z,22.60,68.52,100,0,28.74,100.66,9.00,463.00,3,3,3
2023-07-29T02:06:27Z,22.61,68.41,100,0,30.60,100.66,8.00,459.00,null,null,null
2023-07-29T02:07:27Z,22.58,68.35,100,0,29.93,100.66,9.00,463.00,null,null,null
2023-07-29T02:08:27Z,22.61,68.32,100,0,30.78,100.66,9.00,462.00,null,null,null
2023-07-29T02:09:27Z,22.61,68.28,100,0,31.07,100.66,8.00,457.00,null,null,null
2023-07-29T02:10:27Z,22.58,68.33,99,0,31.87,100.66,8.00,457.00,0,0,0
2023-07-29T02:11:27Z,22.58,68.30,100,0,29.98,100.66,9.00,462.00,null,null,null
2023-07-29T02:12:27Z,22.58,68.29,100,0,32.65,100.66,9.00,462.00,null,null,null
2023-07-29T02:13:27Z,22.63,68.27,100,0,29.96,100.67,8.00,457.00,null,null,null
2023-07-29T02:14:27Z,22.60,68.27,100,0,30.69,100.67,8.00,457.00,null,null,null
2023-07-29T02:15:27Z,22.60,68.37,100,0,30.59,100.67,9.00,462.00,0,0,0
2023-07-29T02:16:27Z,22.63,68.39,99,0,31.07,100.67,8.00,457.00,null,null,null
2023-07-29T02:17:27Z,22.61,68.28,100,0,32.85,100.67,9.00,460.00,null,null,null
2023-07-29T02:18:27Z,22.61,68.29,100,0,32.73,100.67,9.00,465.00,null,null,null
2023-07-29T02:19:27Z,22.61,68.29,100,0,29.50,100.67,9.00,465.00,null,null,null
2023-07-29T02:20:27Z,22.61,68.31,100,0,31.63,100.66,9.00,465.00,1,2,2
2023-07-29T02:21:27Z,22.63,68.31,100,0,30.40,100.67,9.00,465.00,null,null,null
2023-07-29T02:22:27Z,22.63,68.25,100,0,31.21,100.66,10.00,472.00,null,null,null
2023-07-29T02:23:27Z,22.61,68.23,100,0,36.36,100.66,10.00,472.00,null,null,null
2023-07-29T02:24:27Z,22.64,68.20,100,0,30.07,100.66,10.00,472.00,null,null,null
2023-07-29T02:25:27Z,22.60,68.25,100,0,31.18,100.67,10.00,472.00,2,2,2
2023-07-29T02:26:27Z,22.61,68.27,100,0,30.12,100.67,10.00,472.00,null,null,null
2023-07-29T02:27:27Z,22.61,68.22,100,0,29.74,100.67,10.00,472.00,null,null,null
2023-07-29T02:28:27Z,22.61,68.30,100,0,29.50,100.67,12.00,481.00,null,null,null
2023-07-29T02:29:27Z,22.60,68.46,100,0,34.22,100.67,12.00,482.00,null,null,null
2023-07-29T02:30:27Z,22.60,68.70,100,0,31.01,100.67,10.00,472.00,3,3,3
2023-07-29T02:31:27Z,22.61,68.63,100,0,31.65,100.67,11.00,477.00,null,null,null
2023-07-29T02:32:27Z,22.64,68.59,100,0,29.69,100.67,11.00,477.00,null,null,null
2023-07-29T02:33:27Z,22.63,68.59,100,0,28.99,100.67,13.00,486.00,null,null,null
2023-07-29T02:34:27Z,22.63,68.73,100,0,30.16,100.66,14.00,496.00,null,null,null
2023-07-29T02:35:27Z,22.61,68.83,100,0,29.04,100.67,18.00,519.00,3,3,3
2023-07-29T02:36:27Z,22.64,68.93,100,0,28.93,100.67,20.00,536.00,null,null,null
2023-07-29T02:37:27Z,22.64,68.91,100,0,30.33,100.67,25.00,570.00,null,null,null
2023-07-29T02:38:27Z,22.63,68.93,100,0,29.63,100.67,28.00,584.00,null,null,null
2023-07-29T02:39:27Z,22.64,68.94,100,0,29.36,100.66,30.00,603.00,null,null,null
2023-07-29T02:40:27Z,22.63,68.96,100,0,28.30,100.67,32.00,615.00,4,4,4
2023-07-29T02:41:27Z,22.65,68.99,100,0,28.88,100.66,32.00,615.00,null,null,null
2023-07-29T02:42:27Z,22.63,68.96,100,0,28.80,100.67,32.00,612.00,null,null,null
2023-07-29T02:43:27Z,22.64,68.90,100,0,28.64,100.67,32.00,615.00,null,null,null
2023-07-29T02:44:27Z,22.61,68.98,100,0,28.83,100.66,32.00,615.00,null,null,null
2023-07-29T02:45:27Z,22.60,68.93,100,0,28.11,100.66,32.00,612.00,3,3,3
2023-07-29T02:46:27Z,22.64,68.93,100,0,28.91,100.66,32.00,612.00,null,null,null
2023-07-29T02:47:27Z,22.63,68.88,100,0,29.05,100.66,30.00,600.00,null,null,null
2023-07-29T02:48:27Z,22.63,68.87,100,0,28.70,100.65,30.00,600.00,null,null,null
2023-07-29T02:49:27Z,22.61,68.87,100,0,29.37,100.65,30.00,599.00,null,null,null
2023-07-29T02:50:27Z,22.60,68.89,100,0,28.54,100.65,29.00,592.00,2,2,2
2023-07-29T02:51:27Z,22.63,68.83,100,0,29.87,100.65,29.00,592.00,null,null,null
2023-07-29T02:52:27Z,22.61,68.83,100,0,32.51,100.64,29.00,592.00,null,null,null
2023-07-29T02:53:27Z,22.64,68.89,100,0,28.54,100.64,29.00,592.00,null,null,null
2023-07-29T02:54:27Z,22.61,68.93,100,0,36.57,100.64,29.00,592.00,null,null,null
2023-07-29T02:55:27Z,22.64,68.82,100,0,54.32,100.65,29.00,592.00,1,1,1
2023-07-29T02:56:27Z,22.64,68.85,100,0,29.43,100.65,28.00,586.00,null,null,null
2023-07-29T02:57:27Z,22.65,68.84,100,0,28.84,100.65,27.00,581.00,null,null,null
2023-07-29T02:58:27Z,22.64,68.88,100,0,29.28,100.65,28.00,589.00,null,null,null
2023-07-29T02:59:27Z,22.63,68.84,100,0,28.84,100.64,27.00,581.00,null,null,null
2023-07-29T03:00:27Z,22.63,68.88,100,0,28.11,100.65,27.00,581.00,1,1,1
2023-07-29T03:01:27Z,22.64,68.87,100,0,28.23,100.64,27.00,581.00,null,null,null
2023-07-29T03:02:27Z,22.65,68.86,100,0,29.09,100.64,28.00,589.00,null,null,null
2023-07-29T03:03:27Z,22.64,68.86,100,0,28.70,100.64,27.00,581.00,null,null,null
2023-07-29T03:04:27Z,22.64,68.88,100,0,30.64,100.64,27.00,581.00,null,null,null
2023-07-29T03:05:27Z,22.65,68.86,100,0,28.89,100.65,26.00,574.00,4,4,4
2023-07-29T03:06:27Z,22.67,68.86,100,0,29.40,100.65,25.00,567.00,null,null,null
2023-07-29T03:07:27Z,22.63,68.80,100,0,28.67,100.65,25.00,567.00,null,null,null
2023-07-29T03:08:27Z,22.64,68.81,100,0,28.25,100.65,26.00,574.00,null,null,null
2023-07-29T03:09:27Z,22.65,68.77,100,0,29.09,100.65,25.00,567.00,null,null,null
2023-07-29T03:10:27Z,22.64,68.83,100,0,29.57,100.65,24.00,561.00,1,1,1
2023-07-29T03:11:27Z,22.63,68.86,100,0,28.96,100.65,25.00,567.00,null,null,null
2023-07-29T03:12:27Z,22.67,68.77,100,0,31.23,100.65,24.00,561.00,null,null,null
2023-07-29T03:13:27Z,22.63,68.72,100,0,32.16,100.65,24.00,560.00,null,null,null
2023-07-29T03:14:27Z,22.65,68.76,100,0,28.45,100.65,24.00,560.00,null,null,null
2023-07-29T03:15:27Z,22.64,68.70,100,0,29.55,100.65,25.00,565.00,0,0,0
2023-07-29T03:16:27Z,22.65,68.83,100,0,29.67,100.65,23.00,556.00,null,null,null
2023-07-29T03:17:27Z,22.67,68.76,100,0,27.84,100.65,23.00,552.00,null,null,null
2023-07-29T03:18:27Z,22.65,68.72,100,0,29.23,100.65,23.00,552.00,null,null,null
2023-07-29T03:19:27Z,22.67,68.70,100,0,29.18,100.65,23.00,556.00,null,null,null
2023-07-29T03:20:27Z,22.64,68.72,100,0,28.34,100.65,23.00,556.00,6,6,6
2023-07-29T03:21:27Z,22.68,68.75,100,0,29.72,100.65,23.00,553.00,null,null,null
2023-07-29T03:22:27Z,22.67,68.70,100,0,28.85,100.65,22.00,548.00,null,null,null
2023-07-29T03:23:27Z,22.68,68.70,100,0,29.49,100.65,23.00,552.00,null,null,null
2023-07-29T03:24:27Z,22.68,68.76,100,0,28.20,100.65,23.00,552.00,null,null,null
2023-07-29T03:25:27Z,22.68,68.78,100,0,28.66,100.66,22.00,548.00,3,3,3
2023-07-29T03:26:27Z,22.67,68.76,100,0,30.15,100.65,23.00,551.00,null,null,null
2023-07-29T03:27:27Z,22.70,68.67,100,0,29.68,100.65,23.00,551.00,null,null,null
2023-07-29T03:28:27Z,22.68,68.69,100,0,29.47,100.65,23.00,555.00,null,null,null
2023-07-29T03:29:27Z,22.68,68.70,100,0,28.83,100.66,23.00,555.00,null,null,null
2023-07-29T03:30:27Z,22.70,68.71,100,0,28.66,100.66,23.00,551.00,1,1,1
2023-07-29T03:31:27Z,22.68,68.72,100,0,28.83,100.65,23.00,551.00,null,null,null
2023-07-29T03:32:27Z,22.71,68.69,100,0,28.54,100.65,23.00,551.00,null,null,null
2023-07-29T03:33:27Z,22.70,68.70,100,0,31.70,100.65,21.00,542.00,null,null,null
2023-07-29T03:34:27Z,22.67,68.68,100,0,30.72,100.65,21.00,542.00,null,null,null
2023-07-29T03:35:27Z,22.67,68.75,100,0,29.12,100.65,21.00,542.00,0,0,0
2023-07-29T03:36:27Z,22.68,68.76,100,0,29.32,100.65,21.00,542.00,null,null,null
2023-07-29T03:37:27Z,22.67,68.69,100,0,29.42,100.65,22.00,546.00,null,null,null
2023-07-29T03:38:27Z,22.70,68.68,100,0,29.25,100.65,23.00,551.00,null,null,null
2023-07-29T03:39:27Z,22.67,68.70,100,0,27.84,100.66,22.00,549.00,null,null,null
2023-07-29T03:40:27Z,22.68,68.68,100,0,29.11,100.66,22.00,549.00,0,0,0
2023-07-29T03:41:27Z,22.68,68.72,100,0,33.94,100.66,21.00,540.00,null,null,null
2023-07-29T03:42:27Z,22.70,68.68,100,0,28.57,100.67,23.00,552.00,null,null,null
2023-07-29T03:43:27Z,22.68,68.73,100,0,29.23,100.67,23.00,552.00,null,null,null
2023-07-29T03:44:27Z,22.70,68.69,100,0,29.65,100.66,23.00,552.00,null,null,null
2023-07-29T03:45:27Z,22.68,68.75,100,0,28.47,100.67,23.00,552.00,0,0,0
2023-07-29T03:46:27Z,22.71,68.74,100,0,27.96,100.67,22.00,548.00,null,null,null
2023-07-29T03:47:27Z,22.71,68.68,100,0,29.56,100.67,23.00,556.00,null,null,null
2023-07-29T03:48:27Z,22.71,68.64,100,0,28.36,100.67,26.00,577.00,null,null,null
2023-07-29T03:49:27Z,22.68,68.73,100,0,28.98,100.67,26.00,577.00,null,null,null
2023-07-29T03:50:27Z,22.70,68.68,100,0,29.78,100.66,28.00,584.00,2,7,7
2023-07-29T03:51:27Z,22.71,68.74,100,0,29.13,100.66,26.00,577.00,null,null,null
2023-07-29T03:52:27Z,22.71,68.65,100,0,28.42,100.66,26.00,577.00,null,null,null
2023-07-29T03:53:27Z,22.72,68.63,100,0,28.70,100.66,26.00,577.00,null,null,null
2023-07-29T03:54:27Z,22.68,68.65,100,0,28.80,100.66,25.00,570.00,null,null,null
2023-07-29T03:55:27Z,22.70,68.72,100,0,30.84,100.66,24.00,564.00,0,0,0
2023-07-29T03:56:27Z,22.70,68.74,100,0,28.80,100.65,24.00,564.00,null,null,null
2023-07-29T03:57:27Z,22.72,68.66,100,0,29.13,100.66,25.00,569.00,null,null,null
2023-07-29T03:58:27Z,22.71,68.68,100,0,28.58,100.66,25.00,569.00,null,null,null
2023-07-29T03:59:27Z,22.72,68.67,100,0,28.88,100.66,25.00,569.00,null,null,null
2023-07-29T04:00:27Z,22.71,68.66,100,0,31.64,100.66,25.00,569.00,0,0,0
2023-07-29T04:01:27Z,22.74,68.65,100,0,33.52,100.66,25.00,569.00,null,null,null
2023-07-29T04:02:27Z,22.74,68.68,100,0,30.50,100.66,25.00,569.00,null,null,null
2023-07-29T04:03:27Z,22.74,68.61,100,0,29.08,100.67,25.00,569.00,null,null,null
2023-07-29T04:04:27Z,22.74,68.66,100,0,29.20,100.67,24.00,561.00,null,null,null
2023-07-29T04:05:27Z,22.71,68.64,100,0,32.65,100.67,24.00,561.00,1,1,1
2023-07-29T04:06:27Z,22.72,68.68,100,0,29.05,100.67,24.00,561.00,null,null,null
2023-07-29T04:07:27Z,22.72,68.66,100,0,29.13,100.67,24.00,561.00,null,null,null
2023-07-29T04:08:27Z,22.72,68.69,100,0,29.54,100.67,24.00,561.00,null,null,null
2023-07-29T04:09:27Z,22.72,68.61,100,0,34.28,100.67,23.00,553.00,null,null,null
2023-07-29T04:10:27Z,22.71,68.61,100,0,29.27,100.67,23.00,553.00,0,0,0
2023-07-29T04:11:27Z,22.74,68.62,100,0,30.61,100.67,23.00,551.00,null,null,null
2023-07-29T04:12:27Z,22.75,68.60,100,0,29.09,100.67,23.00,556.00,null,null,null
2023-07-29T04:13:27Z,22.72,68.61,100,0,28.81,100.67,18.00,524.00,null,null,null
2023-07-29T04:14:27Z,22.72,68.55,100,0,29.09,100.67,23.00,551.00,null,null,null
2023-07-29T04:15:27Z,22.74,68.61,100,0,27.89,100.67,23.00,551.00,1,2,2
2023-07-29T04:16:27Z,22.75,68.62,100,0,31.14,100.67,22.00,545.00,null,null,null
2023-07-29T04:17:27Z,22.75,68.54,100,0,29.87,100.68,22.00,545.00,null,null,null
2023-07-29T04:18:27Z,22.75,68.55,100,0,31.72,100.68,17.00,518.00,null,null,null
2023-07-29T04:19:27Z,22.77,68.55,100,0,29.11,100.67,17.00,518.00,null,null,null
2023-07-29T04:20:27Z,22.74,68.52,100,0,29.04,100.67,16.00,508.00,3,3,3
2023-07-29T04:21:27Z,22.74,68.60,100,0,30.47,100.67,21.00,542.00,null,null,null
2023-07-29T04:22:27Z,22.75,68.49,100,0,28.76,100.67,22.00,545.00,null,null,null
2023-07-29T04:23:27Z,22.75,68.54,100,0,29.09,100.67,16.00,508.00,null,null,null
2023-07-29T04:24:27Z,22.77,68.56,100,0,29.53,100.67,16.00,508.00,null,null,null
2023-07-29T04:25:27Z,22.77,68.52,100,0,28.93,100.68,16.00,508.00,0,0,0
2023-07-29T04:26:27Z,22.75,68.58,100,0,29.20,100.68,15.00,502.00,null,null,null
2023-07-29T04:27:27Z,22.75,68.53,100,0,28.51,100.68,15.00,502.00,null,null,null
2023-07-29T04:28:27Z,22.77,68.52,100,0,28.64,100.68,14.00,498.00,null,null,null
2023-07-29T04:29:27Z,22.77,68.53,100,0,29.00,100.68,14.00,498.00,null,null,null
2023-07-29T04:30:27Z,22.75,68.54,100,0,28.76,100.68,14.00,498.00,1,1,1
2023-07-29T04:31:27Z,22.75,68.57,100,0,29.07,100.68,14.00,498.00,null,null,null
2023-07-29T04:32:27Z,22.77,68.48,100,0,29.81,100.68,14.00,498.00,null,null,null
2023-07-29T04:33:27Z,22.79,68.50,100,0,28.87,100.68,14.00,498.00,null,null,null
2023-07-29T04:34:27Z,22.77,68.50,100,0,28.96,100.68,14.00,498.00,null,null,null
2023-07-29T04:35:27Z,22.77,68.48,100,0,28.66,100.68,15.00,503.00,1,1,1
2023-07-29T04:36:27Z,22.77,68.54,100,0,29.80,100.68,14.00,497.00,null,null,null
2023-07-29T04:37:27Z,22.77,68.45,100,0,33.04,100.67,14.00,497.00,null,null,null
2023-07-29T04:38:27Z,22.77,68.48,100,0,29.13,100.68,14.00,497.00,null,null,null
2023-07-29T04:39:27Z,22.77,68.50,100,0,28.71,100.68,14.00,497.00,null,null,null
2023-07-29T04:40:27Z,22.75,68.50,100,0,28.57,100.67,14.00,497.00,0,0,0
2023-07-29T04:41:27Z,22.78,68.47,100,0,28.76,100.67,15.00,502.00,null,null,null
2023-07-29T04:42:27Z,22.78,68.43,100,0,28.91,100.67,19.00,530.00,null,null,null
2023-07-29T04:43:27Z,22.81,68.45,100,0,28.48,100.67,18.00,524.00,null,null,null
2023-07-29T04:44:27Z,22.77,68.42,100,0,28.64,100.66,18.00,524.00,null,null,null
2023-07-29T04:45:27Z,22.77,68.50,100,0,29.35,100.66,18.00,524.00,1,1,1
2023-07-29T04:46:27Z,22.77,68.43,100,0,28.60,100.66,17.00,518.00,null,null,null
2023-07-29T04:47:27Z,22.79,68.45,100,0,29.62,100.66,16.00,508.00,null,null,null
2023-07-29T04:48:27Z,22.78,68.41,100,0,29.48,100.66,16.00,508.00,null,null,null
2023-07-29T04:49:27Z,22.77,68.41,100,0,28.78,100.66,16.00,508.00,null,null,null
2023-07-29T04:50:27Z,22.77,68.48,100,0,29.44,100.66,15.00,502.00,3,4,4
2023-07-29T04:51:27Z,22.79,68.49,100,0,29.04,100.66,15.00,502.00,null,null,null
2023-07-29T04:52:27Z,22.78,68.43,99,0,28.48,100.66,15.00,502.00,null,null,null
2023-07-29T04:53:27Z,22.79,68.43,100,0,28.44,100.65,15.00,500.00,null,null,null
2023-07-29T04:54:27Z,22.79,68.40,100,0,29.76,100.65,14.00,495.00,null,null,null
2023-07-29T04:55:27Z,22.79,68.43,100,0,29.15,100.65,14.00,495.00,0,0,0
2023-07-29T04:56:27Z,22.78,68.44,100,0,28.36,100.65,14.00,495.00,null,null,null
2023-07-29T04:57:27Z,22.79,68.46,100,0,31.76,100.66,14.00,495.00,null,null,null
2023-07-29T04:58:27Z,22.79,68.37,100,0,33.10,100.66,14.00,495.00,null,null,null
2023-07-29T04:59:27Z,22.77,68.42,100,0,32.28,100.67,14.00,495.00,null,null,null
2023-07-29T05:00:27Z,22.77,68.42,100,0,29.83,100.67,17.00,515.00,1,3,3
2023-07-29T05:01:27Z,22.78,68.45,100,0,28.80,100.67,14.00,495.00,null,null,null
2023-07-29T05:02:27Z,22.79,68.36,100,0,29.23,100.67,14.00,493.00,null,null,null
2023-07-29T05:03:27Z,22.82,68.39,100,0,28.73,100.67,14.00,493.00,null,null,null
2023-07-29T05:04:27Z,22.78,68.40,100,0,29.54,100.67,14.00,498.00,null,null,null
2023-07-29T05:05:27Z,22.78,68.39,100,0,28.37,100.67,14.00,493.00,2,2,2
2023-07-29T05:06:27Z,22.79,68.44,100,0,30.38,100.67,14.00,493.00,null,null,null
2023-07-29T05:07:27Z,22.79,68.37,100,0,32.99,100.67,14.00,498.00,null,null,null
2023-07-29T05:08:27Z,22.79,68.38,100,0,29.48,100.66,14.00,498.00,null,null,null
2023-07-29T05:09:27Z,22.81,68.36,100,0,29.77,100.67,14.00,498.00,null,null,null
2023-07-29T05:10:27Z,22.79,68.38,100,0,31.61,100.67,14.00,492.00,0,0,0
2023-07-29T05:11:27Z,22.82,68.41,100,0,28.50,100.67,14.00,497.00,null,null,null
2023-07-29T05:12:27Z,22.82,68.37,100,0,28.67,100.67,20.00,536.00,null,null,null
2023-07-29T05:13:27Z,22.81,68.41,100,0,29.13,100.67,22.00,548.00,null,null,null
2023-07-29T05:14:27Z,22.79,68.34,100,0,31.04,100.67,21.00,542.00,null,null,null
2023-07-29T05:15:27Z,22.79,68.41,100,0,28.81,100.66,20.00,536.00,0,0,0
2023-07-29T05:16:27Z,22.81,68.36,100,0,28.92,100.66,20.00,533.00,null,null,null
2023-07-29T05:17:27Z,22.81,68.37,100,0,31.33,100.66,18.00,524.00,null,null,null
2023-07-29T05:18:27Z,22.82,68.39,100,0,29.62,100.66,18.00,523.00,null,null,null
2023-07-29T05:19:27Z,22.79,68.34,100,0,30.56,100.65,16.00,506.00,null,null,null
2023-07-29T05:20:27Z,22.79,68.34,100,0,32.26,100.65,16.00,506.00,1,4,4
2023-07-29T05:21:27Z,22.82,68.39,100,0,30.48,100.65,17.00,517.00,null,null,null
2023-07-29T05:22:27Z,22.81,68.31,100,0,27.75,100.65,16.00,506.00,null,null,null
2023-07-29T05:23:27Z,22.84,68.35,100,0,30.16,100.65,16.00,506.00,null,null,null
2023-07-29T05:24:27Z,22.84,68.32,100,0,28.47,100.65,15.00,501.00,null,null,null
2023-07-29T05:25:27Z,22.82,68.34,100,0,27.90,100.65,15.00,501.00,4,4,4
2023-07-29T05:26:27Z,22.82,68.37,100,0,29.49,100.65,15.00,501.00,null,null,null
2023-07-29T05:27:27Z,22.86,68.33,100,0,29.71,100.65,15.00,505.00,null,null,null
2023-07-29T05:28:27Z,22.81,68.33,100,0,29.84,100.65,15.00,500.00,null,null,null
2023-07-29T05:29:27Z,22.82,68.33,100,0,28.67,100.65,15.00,500.00,null,null,null
2023-07-29T05:30:27Z,22.82,68.37,100,0,29.68,100.65,15.00,500.00,1,1,1
2023-07-29T05:31:27Z,22.82,68.36,100,0,31.32,100.65,15.00,500.00,null,null,null
2023-07-29T05:32:27Z,22.82,68.37,100,0,29.48,100.65,15.00,500.00,null,null,null
2023-07-29T05:33:27Z,22.84,68.33,100,0,28.85,100.65,15.00,500.00,null,null,null
2023-07-29T05:34:27Z,22.82,68.35,100,0,28.89,100.65,15.00,505.00,null,null,null
2023-07-29T05:35:27Z,22.84,68.34,100,0,28.99,100.65,15.00,503.00,2,2,2
2023-07-29T05:36:27Z,22.86,68.35,100,0,28.52,100.66,14.00,498.00,null,null,null
2023-07-29T05:37:27Z,22.87,68.27,100,0,29.00,100.65,14.00,498.00,null,null,null
2023-07-29T05:38:27Z,22.84,68.32,100,0,29.31,100.66,14.00,498.00,null,null,null
2023-07-29T05:39:27Z,22.84,68.35,100,0,27.87,100.66,14.00,498.00,null,null,null
2023-07-29T05:40:27Z,22.81,68.33,100,0,30.44,100.66,14.00,493.00,1,1,1
2023-07-29T05:41:27Z,22.87,68.35,100,0,31.82,100.66,14.00,493.00,null,null,null
2023-07-29T05:42:27Z,22.86,68.28,100,0,29.54,100.66,14.00,493.00,null,null,null
2023-07-29T05:43:27Z,22.84,68.30,100,0,28.84,100.66,14.00,498.00,null,null,null
2023-07-29T05:44:27Z,22.86,68.29,100,0,28.57,100.66,14.00,497.00,null,null,null
2023-07-29T05:45:27Z,22.82,68.31,100,0,28.70,100.67,14.00,497.00,1,1,1
2023-07-29T05:46:27Z,22.86,68.33,100,0,30.68,100.67,14.00,492.00,null,null,null
2023-07-29T05:47:27Z,22.86,68.27,100,0,29.11,100.67,14.00,497.00,null,null,null
2023-07-29T05:48:27Z,22.87,68.36,100,0,29.03,100.67,14.00,497.00,null,null,null
2023-07-29T05:49:27Z,22.87,68.34,100,0,28.50,100.67,14.00,497.00,null,null,null
2023-07-29T05:50:27Z,22.82,68.29,100,0,29.41,100.67,14.00,497.00,2,2,2
2023-07-29T05:51:27Z,22.82,68.30,100,0,28.54,100.67,14.00,492.00,null,null,null
2023-07-29T05:52:27Z,22.84,68.37,100,0,28.77,100.67,14.00,496.00,null,null,null
2023-07-29T05:53:27Z,22.82,68.28,100,0,28.51,100.67,14.00,496.00,null,null,null
2023-07-29T05:54:27Z,22.84,68.32,100,0,28.45,100.67,14.00,496.00,null,null,null
2023-07-29T05:55:27Z,22.84,68.35,100,0,28.47,100.67,15.00,501.00,2,3,3
2023-07-29T05:56:27Z,22.86,68.32,100,0,28.51,100.67,22.00,549.00,null,null,null
2023-07-29T05:57:27Z,22.86,68.30,100,0,29.26,100.67,27.00,581.00,null,null,null
2023-07-29T05:58:27Z,22.84,68.27,100,0,29.55,100.67,23.00,555.00,null,null,null
2023-07-29T05:59:27Z,22.86,68.27,100,0,32.98,100.67,22.00,549.00,null,null,null
2023-07-29T06:00:27Z,22.82,68.29,100,0,30.45,100.67,20.00,533.00,1,1,1
2023-07-29T06:01:27Z,22.88,68.38,100,0,29.43,100.67,21.00,539.00,null,null,null
2023-07-29T06:02:27Z,22.86,68.26,100,0,31.98,100.67,18.00,524.00,null,null,null
2023-07-29T06:03:27Z,22.87,68.19,100,0,29.04,100.66,18.00,524.00,null,null,null
2023-07-29T06:04:27Z,22.84,68.29,100,0,30.03,100.67,18.00,520.00,null,null,null
2023-07-29T06:05:27Z,22.84,68.28,100,0,33.09,100.67,16.00,508.00,3,3,3
2023-07-29T06:06:27Z,22.84,68.28,100,0,29.89,100.67,16.00,508.00,null,null,null
2023-07-29T06:07:27Z,22.84,68.23,100,0,29.92,100.67,16.00,508.00,null,null,null
2023-07-29T06:08:27Z,22.86,68.23,100,0,28.60,100.67,17.00,517.00,null,null,null
2023-07-29T06:09:27Z,22.87,68.24,100,0,30.19,100.67,19.00,526.00,null,null,null
2023-07-29T06:10:27Z,22.86,68.27,100,0,29.84,100.68,17.00,517.00,0,0,0
2023-07-29T06:11:27Z,22.87,68.25,100,0,33.06,100.68,18.00,520.00,null,null,null
2023-07-29T06:12:27Z,22.86,68.27,100,0,30.31,100.68,18.00,520.00,null,null,null
2023-07-29T06:13:27Z,22.84,68.23,100,0,31.27,100.68,18.00,520.00,null,null,null
2023-07-29T06:14:27Z,22.82,68.21,100,0,28.67,100.68,17.00,517.00,null,null,null
2023-07-29T06:15:27Z,22.86,68.28,100,0,28.60,100.68,17.00,517.00,1,1,1
2023-07-29T06:16:27Z,22.84,68.24,100,0,28.89,100.68,16.00,508.00,null,null,null
2023-07-29T06:17:27Z,22.86,68.20,100,0,28.63,100.68,17.00,517.00,null,null,null
2023-07-29T06:18:27Z,22.84,68.21,100,0,28.42,100.68,17.00,517.00,null,null,null
2023-07-29T06:19:27Z,22.87,68.24,100,0,28.34,100.68,17.00,517.00,null,null,null
2023-07-29T06:20:27Z,22.84,68.24,100,0,29.91,100.68,17.00,517.00,4,4,4
2023-07-29T06:21:27Z,22.86,68.27,100,0,28.57,100.68,17.00,515.00,null,null,null
2023-07-29T06:22:27Z,22.88,68.21,100,0,28.99,100.68,16.00,506.00,null,null,null
2023-07-29T06:23:27Z,22.87,68.20,100,0,31.09,100.68,17.00,515.00,null,null,null
2023-07-29T06:24:27Z,22.82,68.25,100,0,29.65,100.68,17.00,515.00,null,null,null
2023-07-29T06:25:27Z,22.82,68.24,100,0,28.70,100.68,18.00,524.00,0,0,0
2023-07-29T06:26:27Z,22.87,68.28,100,0,28.48,100.68,17.00,515.00,null,null,null
2023-07-29T06:27:27Z,22.87,68.20,100,0,29.74,100.68,16.00,506.00,null,null,null
2023-07-29T06:28:27Z,22.87,68.22,100,0,28.71,100.68,17.00,515.00,null,null,null
2023-07-29T06:29:27Z,22.84,68.20,100,0,29.40,100.68,16.00,508.00,null,null,null
2023-07-29T06:30:27Z,22.86,68.25,100,0,28.73,100.69,16.00,508.00,1,1,1
2023-07-29T06:31:27Z,22.86,68.22,100,0,28.20,100.69,15.00,503.00,null,null,null
2023-07-29T06:32:27Z,22.87,68.16,100,0,28.58,100.69,15.00,502.00,null,null,null
2023-07-29T06:33:27Z,22.86,68.18,100,0,29.89,100.68,15.00,502.00,null,null,null
2023-07-29T06:34:27Z,22.84,68.18,100,0,29.12,100.69,14.00,497.00,null,null,null
2023-07-29T06:35:27Z,22.86,68.18,100,0,28.44,100.69,15.00,502.00,0,0,0
2023-07-29T06:36:27Z,22.87,68.18,100,0,28.80,100.69,15.00,502.00,null,null,null
2023-07-29T06:37:27Z,22.84,68.17,100,0,29.33,100.70,15.00,502.00,null,null,null
2023-07-29T06:38:27Z,22.87,68.16,100,1,28.91,100.70,15.00,501.00,null,null,null
2023-07-29T06:39:27Z,22.86,68.17,100,1,29.80,100.69,15.00,501.00,null,null,null
2023-07-29T06:40:27Z,22.86,68.21,100,1,29.17,100.70,15.00,501.00,3,3,3
2023-07-29T06:41:27Z,22.86,68.19,100,1,28.68,100.70,15.00,501.00,null,null,null
2023-07-29T06:42:27Z,22.86,68.16,100,0,29.20,100.70,14.00,496.00,null,null,null
2023-07-29T06:43:27Z,22.87,68.18,100,1,28.61,100.70,14.00,496.00,null,null,null
2023-07-29T06:44:27Z,22.84,68.26,100,2,33.52,100.70,15.00,501.00,null,null,null
2023-07-29T06:45:27Z,22.84,68.37,100,2,31.38,100.70,15.00,501.00,1,1,1
2023-07-29T06:46:27Z,22.87,68.24,100,2,29.26,100.69,14.00,497.00,null,null,null
2023-07-29T06:47:27Z,22.87,68.15,100,2,29.18,100.70,14.00,496.00,null,null,null
2023-07-29T06:48:27Z,22.84,68.12,100,2,28.85,100.70,13.00,491.00,null,null,null
2023-07-29T06:49:27Z,22.87,68.10,100,2,28.48,100.69,13.00,491.00,null,null,null
2023-07-29T06:50:27Z,22.86,68.11,100,2,29.49,100.69,13.00,491.00,0,0,0
2023-07-29T06:51:27Z,22.88,68.18,100,2,29.22,100.69,13.00,491.00,null,null,null
2023-07-29T06:52:27Z,22.90,68.17,100,2,29.26,100.69,13.00,491.00,null,null,null
2023-07-29T06:53:27Z,22.87,68.14,100,2,28.81,100.69,15.00,501.00,null,null,null
2023-07-29T06:54:27Z,22.86,68.12,100,2,29.89,100.69,15.00,501.00,null,null,null
2023-07-29T06:55:27Z,22.86,68.16,100,2,29.53,100.70,14.00,498.00,2,2,2
2023-07-29T06:56:27Z,22.88,68.12,100,2,28.44,100.70,14.00,498.00,null,null,null
2023-07-29T06:57:27Z,22.88,68.15,100,2,29.71,100.70,14.00,498.00,null,null,null
2023-07-29T06:58:27Z,22.86,68.11,100,2,30.51,100.69,14.00,498.00,null,null,null
2023-07-29T06:59:27Z,22.84,68.11,100,2,30.90,100.69,14.00,498.00,null,null,null
2023-07-29T07:00:27Z,22.86,68.13,100,13,29.86,100.69,14.00,498.00,2,2,2
2023-07-29T07:01:27Z,22.88,68.17,100,13,30.04,100.70,15.00,503.00,null,null,null
2023-07-29T07:02:27Z,22.88,68.15,100,15,34.03,100.70,17.00,517.00,null,null,null
2023-07-29T07:03:27Z,22.87,68.12,100,16,30.34,100.70,17.00,515.00,null,null,null
2023-07-29T07:04:27Z,22.87,68.12,100,13,30.46,100.70,17.00,515.00,null,null,null
2023-07-29T07:05:27Z,22.88,68.13,100,14,33.85,100.70,15.00,502.00,3,3,3
2023-07-29T07:06:27Z,22.88,68.14,100,14,32.36,100.70,15.00,502.00,null,null,null
2023-07-29T07:07:27Z,22.90,68.14,100,14,29.37,100.70,18.00,524.00,null,null,null
2023-07-29T07:08:27Z,22.90,68.13,100,13,29.01,100.69,17.00,515.00,null,null,null
2023-07-29T07:09:27Z,22.87,68.11,100,13,28.52,100.70,17.00,515.00,null,null,null
2023-07-29T07:10:27Z,22.87,68.12,100,13,28.42,100.71,17.00,518.00,2,2,2
2023-07-29T07:11:27Z,22.91,68.22,100,15,39.77,100.70,17.00,515.00,null,null,null
2023-07-29T07:12:27Z,22.88,68.16,100,15,47.10,100.70,19.00,529.00,null,null,null
2023-07-29T07:13:27Z,22.91,68.12,100,13,33.58,100.71,19.00,529.00,null,null,null
2023-07-29T07:14:27Z,22.87,68.15,100,13,29.61,100.71,19.00,529.00,null,null,null
2023-07-29T07:15:27Z,22.90,68.09,100,13,64.15,100.70,18.00,523.00,1,1,1
2023-07-29T07:16:27Z,22.90,68.11,100,12,34.13,100.71,17.00,517.00,null,null,null
2023-07-29T07:17:27Z,22.91,68.34,100,32,28.81,100.71,18.00,523.00,null,null,null
2023-07-29T07:18:27Z,22.90,68.33,100,29,36.98,100.70,17.00,518.00,null,null,null
2023-07-29T07:19:27Z,22.90,68.20,100,26,34.83,100.71,16.00,508.00,null,null,null
2023-07-29T07:20:27Z,22.88,68.14,100,24,38.15,100.70,16.00,508.00,1,1,1
2023-07-29T07:21:27Z,22.92,68.07,100,26,33.66,100.70,16.00,508.00,null,null,null
2023-07-29T07:22:27Z,22.88,67.99,100,28,29.00,100.71,14.00,495.00,null,null,null
2023-07-29T07:23:27Z,22.90,67.98,100,28,29.20,100.70,13.00,488.00,null,null,null
2023-07-29T07:24:27Z,22.90,67.98,100,26,28.84,100.70,12.00,483.00,null,null,null
2023-07-29T07:25:27Z,22.90,67.94,100,21,52.80,100.70,12.00,483.00,0,0,0
2023-07-29T07:26:27Z,22.91,68.41,100,25,41.25,100.71,12.00,483.00,null,null,null
2023-07-29T07:27:27Z,22.90,68.38,100,23,42.58,100.71,12.00,483.00,null,null,null
2023-07-29T07:28:27Z,22.94,68.43,100,23,71.93,100.71,13.00,491.00,null,null,null
2023-07-29T07:29:27Z,22.94,68.51,100,22,74.86,100.71,11.00,478.00,null,null,null
2023-07-29T07:30:27Z,22.94,68.57,100,19,72.47,100.72,11.00,478.00,1,1,1
2023-07-29T07:31:27Z,22.95,69.28,100,21,74.73,100.72,11.00,478.00,null,null,null
2023-07-29T07:32:27Z,22.99,68.80,100,22,68.95,100.72,11.00,476.00,null,null,null
2023-07-29T07:33:27Z,22.98,68.65,100,23,67.84,100.72,12.00,485.00,null,null,null
2023-07-29T07:34:27Z,22.98,68.69,100,23,66.67,100.72,13.00,488.00,null,null,null
2023-07-29T07:35:27Z,22.97,68.70,100,24,69.57,100.72,13.00,488.00,1,1,1
2023-07-29T07:36:27Z,22.97,68.59,100,25,31.31,100.72,13.00,488.00,null,null,null
2023-07-29T07:37:27Z,23.01,68.55,100,25,30.76,100.72,13.00,486.00,null,null,null
2023-07-29T07:38:27Z,22.98,68.52,100,26,31.09,100.72,14.00,492.00,null,null,null
2023-07-29T07:39:27Z,22.99,68.52,100,26,42.47,100.73,14.00,492.00,null,null,null
2023-07-29T07:40:27Z,22.95,68.55,100,22,29.67,100.73,14.00,492.00,2,2,2
2023-07-29T07:41:27Z,22.98,68.47,100,19,29.40,100.73,15.00,500.00,null,null,null
2023-07-29T07:42:27Z,22.99,68.46,100,20,31.39,100.73,15.00,500.00,null,null,null
2023-07-29T07:43:27Z,22.99,68.44,100,19,29.70,100.73,14.00,492.00,null,null,null
2023-07-29T07:44:27Z,22.98,68.52,100,18,36.49,100.73,15.00,500.00,null,null,null
2023-07-29T07:45:27Z,22.97,68.54,100,19,30.04,100.73,14.00,498.00,4,4,4
2023-07-29T07:46:27Z,22.95,68.54,100,21,32.28,100.74,14.00,498.00,null,null,null
2023-07-29T07:47:27Z,22.98,68.50,100,20,31.85,100.74,14.00,498.00,null,null,null
2023-07-29T07:48:27Z,22.99,68.60,100,20,35.28,100.74,14.00,498.00,null,null,null
2023-07-29T07:49:27Z,22.91,68.51,100,21,30.81,100.74,14.00,498.00,null,null,null
2023-07-29T07:50:27Z,22.95,68.53,99,23,29.15,100.74,15.00,501.00,0,0,0
2023-07-29T07:51:27Z,22.97,68.52,100,26,30.19,100.74,15.00,501.00,null,null,null
2023-07-29T07:52:27Z,22.95,68.52,100,31,30.17,100.74,15.00,501.00,null,null,null
2023-07-29T07:53:27Z,22.95,68.56,100,35,30.42,100.74,16.00,506.00,null,null,null
2023-07-29T07:54:27Z,22.92,68.53,100,37,40.50,100.73,15.00,501.00,null,null,null
2023-07-29T07:55:27Z,22.91,68.61,100,39,36.26,100.74,15.00,505.00,5,5,5
2023-07-29T07:56:27Z,22.91,68.59,100,41,30.61,100.74,15.00,505.00,null,null,null
2023-07-29T07:57:27Z,22.92,68.55,100,40,40.98,100.74,15.00,505.00,null,null,null
2023-07-29T07:58:27Z,22.90,68.56,100,39,32.13,100.74,15.00,505.00,null,null,null
2023-07-29T07:59:27Z,22.92,68.62,100,39,46.96,100.74,15.00,505.00,null,null,null
2023-07-29T08:00:27Z,22.90,68.61,100,42,54.86,100.73,15.00,505.00,1,1,1
2023-07-29T08:01:27Z,22.88,68.59,100,49,29.64,100.74,15.00,505.00,null,null,null
2023-07-29T08:02:27Z,22.94,68.60,100,56,29.86,100.74,15.00,500.00,null,null,null
2023-07-29T08:03:27Z,22.90,68.59,100,61,29.84,100.74,14.00,497.00,null,null,null
2023-07-29T08:04:27Z,22.90,68.53,100,64,29.77,100.74,14.00,497.00,null,null,null
2023-07-29T08:05:27Z,22.88,68.55,100,65,29.62,100.74,14.00,495.00,1,1,1
2023-07-29T08:06:27Z,22.88,68.55,100,60,29.98,100.74,14.00,495.00,null,null,null
2023-07-29T08:07:27Z,22.90,68.46,100,53,29.77,100.74,13.00,486.00,null,null,null
2023-07-29T08:08:27Z,22.90,68.46,100,46,29.55,100.74,12.00,481.00,null,null,null
2023-07-29T08:09:27Z,22.90,68.48,100,39,31.95,100.74,12.00,481.00,null,null,null
2023-07-29T08:10:27Z,22.84,68.46,100,35,30.41,100.74,12.00,481.00,2,2,2
2023-07-29T08:11:27Z,22.90,68.45,100,31,29.38,100.74,11.00,476.00,null,null,null
2023-07-29T08:12:27Z,22.90,68.42,100,29,29.30,100.74,11.00,476.00,null,null,null
2023-07-29T08:13:27Z,22.88,68.41,100,27,29.74,100.74,10.00,470.00,null,null,null
2023-07-29T08:14:27Z,22.88,68.44,100,27,30.25,100.75,10.00,470.00,null,null,null
2023-07-29T08:15:27Z,22.86,68.43,100,28,29.55,100.74,9.00,463.00,0,0,0
2023-07-29T08:16:27Z,22.87,68.48,100,31,29.84,100.74,8.00,459.00,null,null,null
2023-07-29T08:17:27Z,22.87,68.43,100,38,52.26,100.73,9.00,463.00,null,null,null
2023-07-29T08:18:27Z,22.87,68.42,100,48,36.99,100.73,9.00,463.00,null,null,null
2023-07-29T08:19:27Z,22.86,68.53,100,59,29.54,100.72,8.00,459.00,null,null,null
2023-07-29T08:20:27Z,22.84,68.55,100,66,29.31,100.73,8.00,457.00,2,2,2
2023-07-29T08:21:27Z,22.87,68.71,100,68,30.22,100.72,8.00,457.00,null,null,null
2023-07-29T08:22:27Z,22.87,68.59,100,67,29.18,100.72,8.00,457.00,null,null,null
2023-07-29T08:23:27Z,22.87,68.61,100,63,30.10,100.72,8.00,457.00,null,null,null
2023-07-29T08:24:27Z,22.84,68.58,100,63,30.03,100.72,7.00,452.00,null,null,null
2023-07-29T08:25:27Z,22.86,68.63,100,64,29.38,100.72,7.00,452.00,4,4,4
2023-07-29T08:26:27Z,22.82,68.58,100,67,29.11,100.72,7.00,452.00,null,null,null
2023-07-29T08:27:27Z,22.86,68.55,100,72,29.88,100.72,8.00,457.00,null,null,null
2023-07-29T08:28:27Z,22.87,68.50,100,77,30.02,100.72,7.00,450.00,null,null,null
2023-07-29T08:29:27Z,22.86,68.57,100,78,30.42,100.72,7.00,447.00,null,null,null
2023-07-29T08:30:27Z,22.82,68.58,100,78,32.03,100.72,7.00,447.00,0,0,0
2023-07-29T08:31:27Z,22.84,68.57,100,80,29.03,100.72,7.00,447.00,null,null,null
2023-07-29T08:32:27Z,22.84,68.53,100,83,29.05,100.72,7.00,450.00,null,null,null
2023-07-29T08:33:27Z,22.84,68.54,100,85,29.73,100.72,7.00,450.00,null,null,null
2023-07-29T08:34:27Z,22.81,68.55,100,85,31.04,100.72,7.00,447.00,null,null,null
2023-07-29T08:35:27Z,22.79,68.58,100,85,29.60,100.71,7.00,447.00,3,4,4
2023-07-29T08:36:27Z,22.81,68.57,100,81,31.86,100.72,6.00,441.00,null,null,null
2023-07-29T08:37:27Z,22.82,68.55,100,81,29.51,100.72,7.00,447.00,null,null,null
2023-07-29T08:38:27Z,22.84,68.53,100,82,30.01,100.72,5.00,439.00,null,null,null
2023-07-29T08:39:27Z,22.82,68.50,100,81,29.61,100.71,5.00,439.00,null,null,null
2023-07-29T08:40:27Z,22.79,68.53,100,84,30.10,100.72,5.00,439.00,0,0,0
2023-07-29T08:41:27Z,22.81,68.56,100,86,28.95,100.72,5.00,439.00,null,null,null
2023-07-29T08:42:27Z,22.81,68.51,100,85,29.64,100.71,5.00,439.00,null,null,null
2023-07-29T08:43:27Z,22.82,68.48,100,84,30.07,100.71,5.00,439.00,null,null,null
2023-07-29T08:44:27Z,22.79,68.50,100,79,30.12,100.71,5.00,434.00,null,null,null
2023-07-29T08:45:27Z,22.77,68.54,100,74,30.97,100.71,5.00,434.00,0,0,0
2023-07-29T08:46:27Z,22.82,68.56,100,71,29.95,100.71,5.00,434.00,null,null,null
2023-07-29T08:47:27Z,22.82,68.48,100,71,29.44,100.71,5.00,434.00,null,null,null
2023-07-29T08:48:27Z,22.82,68.50,100,72,29.76,100.71,5.00,434.00,null,null,null
2023-07-29T08:49:27Z,22.78,68.55,100,73,30.04,100.71,5.00,434.00,null,null,null
2023-07-29T08:50:27Z,22.78,68.53,100,75,29.90,100.72,5.00,434.00,0,0,0
2023-07-29T08:51:27Z,22.79,68.56,100,77,31.86,100.72,5.00,434.00,null,null,null
2023-07-29T08:52:27Z,22.79,68.49,100,79,29.90,100.72,5.00,434.00,null,null,null
2023-07-29T08:53:27Z,22.79,68.52,100,81,28.99,100.72,5.00,434.00,null,null,null
2023-07-29T08:54:27Z,22.78,68.52,100,83,29.23,100.72,5.00,434.00,null,null,null
2023-07-29T08:55:27Z,22.81,68.52,100,84,30.04,100.71,4.00,432.00,0,0,0
2023-07-29T08:56:27Z,22.79,68.55,100,80,29.69,100.72,3.00,425.00,null,null,null
2023-07-29T08:57:27Z,22.78,68.51,100,73,30.86,100.72,4.00,432.00,null,null,null
2023-07-29T08:58:27Z,22.77,68.53,100,68,29.86,100.72,3.00,425.00,null,null,null
2023-07-29T08:59:27Z,22.78,68.49,100,69,29.53,100.71,3.00,425.00,null,null,null
2023-07-29T09:00:27Z,22.77,68.50,100,72,29.82,100.71,3.00,423.00,2,2,2
2023-07-29T09:01:27Z,22.79,68.53,100,75,29.88,100.72,3.00,423.00,null,null,null
2023-07-29T09:02:27Z,22.79,68.50,100,84,30.59,100.72,3.00,423.00,null,null,null
2023-07-29T09:03:27Z,22.78,68.51,100,85,29.30,100.72,3.00,422.00,null,null,null
2023-07-29T09:04:27Z,22.78,68.52,100,90,29.16,100.72,3.00,422.00,null,null,null
2023-07-29T09:05:27Z,22.78,68.50,100,87,30.29,100.72,2.00,415.00,1,1,1
2023-07-29T09:06:27Z,22.81,68.53,100,90,29.87,100.72,2.00,415.00,null,null,null
2023-07-29T09:07:27Z,22.81,68.46,100,81,28.81,100.72,2.00,415.00,null,null,null
2023-07-29T09:08:27Z,22.79,68.51,100,86,29.69,100.73,2.00,415.00,null,null,null
2023-07-29T09:09:27Z,22.78,68.52,100,75,29.38,100.72,2.00,415.00,null,null,null
2023-07-29T09:10:27Z,22.77,68.54,100,71,29.70,100.72,1.00,413.00,0,0,0
2023-07-29T09:11:27Z,22.77,68.53,100,66,30.10,100.72,1.00,413.00,null,null,null
2023-07-29T09:12:27Z,22.78,68.49,100,63,31.14,100.72,1.00,408.00,null,null,null
2023-07-29T09:13:27Z,22.77,68.52,100,62,29.03,100.72,1.00,408.00,null,null,null
2023-07-29T09:14:27Z,22.77,68.50,100,60,29.44,100.72,1.00,413.00,null,null,null
2023-07-29T09:15:27Z,22.77,68.50,100,52,29.15,100.72,1.00,413.00,0,0,0
2023-07-29T09:16:27Z,22.79,68.50,100,58,29.35,100.73,1.00,408.00,null,null,null
2023-07-29T09:17:27Z,22.75,68.48,100,56,30.32,100.72,1.00,408.00,null,null,null
2023-07-29T09:18:27Z,22.78,68.46,100,70,30.27,100.73,1.00,408.00,null,null,null
2023-07-29T09:19:27Z,22.77,68.50,100,65,29.53,100.73,1.00,407.00,null,null,null
2023-07-29T09:20:27Z,22.75,68.54,100,85,30.62,100.72,1.00,407.00,2,3,3
2023-07-29T09:21:27Z,22.75,68.55,100,89,29.42,100.73,1.00,407.00,null,null,null
2023-07-29T09:22:27Z,22.78,68.50,100,96,29.48,100.72,1.00,407.00,null,null,null
2023-07-29T09:23:27Z,22.77,68.49,100,111,29.97,100.73,0.00,402.00,null,null,null
2023-07-29T09:24:27Z,22.74,68.55,100,107,29.33,100.72,0.00,402.00,null,null,null
2023-07-29T09:25:27Z,22.74,68.52,100,85,29.03,100.72,3.00,423.00,0,0,0
2023-07-29T09:26:27Z,22.77,68.54,100,89,29.30,100.72,3.00,423.00,null,null,null
2023-07-29T09:27:27Z,22.77,68.49,100,126,30.85,100.72,0.00,402.00,null,null,null
2023-07-29T09:28:27Z,22.75,68.48,100,119,30.51,100.72,0.00,401.00,null,null,null
2023-07-29T09:29:27Z,22.77,68.50,100,117,29.89,100.72,0.00,401.00,null,null,null
2023-07-29T09:30:27Z,22.74,68.51,100,77,29.84,100.72,0.00,406.00,1,1,1
2023-07-29T09:31:27Z,22.74,68.52,100,89,29.50,100.72,3.00,426.00,null,null,null
2023-07-29T09:32:27Z,22.75,68.55,100,76,29.12,100.72,3.00,426.00,null,null,null
2023-07-29T09:33:27Z,22.74,68.48,100,78,32.16,100.72,0.00,406.00,null,null,null
2023-07-29T09:34:27Z,22.74,68.53,100,84,29.20,100.73,0.00,406.00,null,null,null
2023-07-29T09:35:27Z,22.68,68.54,100,85,29.93,100.73,3.00,426.00,0,0,15
2023-07-29T09:36:27Z,22.77,68.55,100,90,29.86,100.73,3.00,426.00,null,null,null
2023-07-29T09:37:27Z,22.75,68.50,100,97,29.32,100.72,1.00,409.00,null,null,null
2023-07-29T09:38:27Z,22.72,68.50,100,96,31.23,100.73,1.00,409.00,null,null,null
2023-07-29T09:39:27Z,22.74,68.50,100,90,31.13,100.73,5.00,434.00,null,null,null
2023-07-29T09:40:27Z,22.70,68.52,100,127,28.88,100.72,5.00,434.00,2,2,2
2023-07-29T09:41:27Z,22.77,68.60,100,132,29.72,100.72,5.00,434.00,null,null,null
2023-07-29T09:42:27Z,22.75,68.55,100,98,30.10,100.72,1.00,409.00,null,null,null
2023-07-29T09:43:27Z,22.71,68.50,100,125,30.51,100.71,0.00,405.00,null,null,null
2023-07-29T09:44:27Z,22.74,68.51,100,134,30.40,100.72,3.00,425.00,null,null,null
2023-07-29T09:45:27Z,22.72,68.51,100,137,30.96,100.71,3.00,424.00,1,1,1
2023-07-29T09:46:27Z,22.75,68.54,100,141,28.39,100.71,3.00,424.00,null,null,null
2023-07-29T09:47:27Z,22.74,68.50,100,109,29.63,100.71,0.00,403.00,null,null,null
2023-07-29T09:48:27Z,22.77,68.49,100,132,29.55,100.71,3.00,424.00,null,null,null
2023-07-29T09:49:27Z,22.71,68.51,100,136,29.20,100.71,0.00,403.00,null,null,null
2023-07-29T09:50:27Z,22.72,68.47,100,129,29.83,100.71,3.00,424.00,2,2,2
2023-07-29T09:51:27Z,22.72,68.55,100,125,29.65,100.71,3.00,424.00,null,null,null
2023-07-29T09:52:27Z,22.75,68.52,100,122,29.74,100.71,5.00,433.00,null,null,null
2023-07-29T09:53:27Z,22.77,68.48,100,115,30.89,100.71,1.00,408.00,null,null,null
2023-07-29T09:54:27Z,22.71,68.46,100,111,32.16,100.71,0.00,402.00,null,null,null
2023-07-29T09:55:27Z,22.72,68.52,100,108,29.72,100.72,0.00,402.00,2,2,2
2023-07-29T09:56:27Z,22.75,68.51,100,94,29.28,100.72,2.00,418.00,null,null,null
2023-07-29T09:57:27Z,22.74,68.51,100,116,30.64,100.72,0.00,402.00,null,null,null
2023-07-29T09:58:27Z,22.72,68.50,100,118,28.92,100.71,2.00,418.00,null,null,null
2023-07-29T09:59:27Z,22.74,68.45,100,126,29.23,100.72,3.00,423.00,null,null,null
2023-07-29T10:00:27Z,22.72,68.50,100,110,29.89,100.72,3.00,423.00,1,1,1
2023-07-29T10:01:27Z,22.72,68.50,100,85,30.02,100.72,2.00,418.00,null,null,null
2023-07-29T10:02:27Z,22.74,68.44,100,83,29.60,100.72,3.00,423.00,null,null,null
2023-07-29T10:03:27Z,22.72,68.42,100,86,29.95,100.72,3.00,421.00,null,null,null
2023-07-29T10:04:27Z,22.74,68.46,100,130,29.31,100.71,3.00,421.00,null,null,null
2023-07-29T10:05:27Z,22.74,68.44,100,130,30.01,100.71,3.00,421.00,3,3,18
2023-07-29T10:06:27Z,22.74,68.44,100,124,29.96,100.72,3.00,421.00,null,null,null
2023-07-29T10:07:27Z,22.72,68.40,100,119,30.58,100.72,3.00,421.00,null,null,null
2023-07-29T10:08:27Z,22.74,68.41,100,122,31.07,100.72,3.00,421.00,null,null,null
2023-07-29T10:09:27Z,22.71,68.41,100,79,29.11,100.73,3.00,421.00,null,null,null
2023-07-29T10:10:27Z,22.71,68.42,100,77,29.32,100.72,3.00,421.00,2,3,14
2023-07-29T10:11:27Z,22.74,68.46,100,113,29.90,100.72,3.00,421.00,null,null,null
2023-07-29T10:12:27Z,22.72,68.37,100,111,28.98,100.72,3.00,421.00,null,null,null
2023-07-29T10:13:27Z,22.74,68.39,100,108,30.11,100.72,3.00,421.00,null,null,null
2023-07-29T10:14:27Z,22.74,68.38,100,105,28.71,100.72,3.00,421.00,null,null,null
2023-07-29T10:15:27Z,22.72,68.44,100,104,31.70,100.72,3.00,421.00,0,0,0
2023-07-29T10:16:27Z,22.71,68.37,100,103,29.94,100.72,3.00,421.00,null,null,null
2023-07-29T10:17:27Z,22.74,68.28,100,105,29.18,100.72,3.00,421.00,null,null,null
2023-07-29T10:18:27Z,22.71,68.30,100,115,30.07,100.72,3.00,421.00,null,null,null
2023-07-29T10:19:27Z,22.71,68.33,100,122,29.65,100.72,3.00,421.00,null,null,null
2023-07-29T10:20:27Z,22.72,68.37,100,124,29.67,100.71,3.00,420.00,1,1,1
2023-07-29T10:21:27Z,22.75,68.32,100,124,30.38,100.72,2.00,415.00,null,null,null
2023-07-29T10:22:27Z,22.72,68.27,100,122,29.65,100.72,0.00,400.00,null,null,null
2023-07-29T10:23:27Z,22.72,68.22,100,85,30.77,100.72,3.00,421.00,null,null,null
2023-07-29T10:24:27Z,22.74,68.23,100,115,29.61,100.71,3.00,424.00,null,null,null
2023-07-29T10:25:27Z,22.70,68.22,100,85,33.58,100.72,3.00,424.00,3,3,3
2023-07-29T10:26:27Z,22.71,68.27,100,126,30.76,100.71,3.00,424.00,null,null,null
2023-07-29T10:27:27Z,22.75,68.19,100,124,29.36,100.71,3.00,421.00,null,null,null
2023-07-29T10:28:27Z,22.72,68.18,100,122,29.50,100.71,0.00,403.00,null,null,null
2023-07-29T10:29:27Z,22.70,68.18,100,119,30.12,100.71,3.00,424.00,null,null,null
2023-07-29T10:30:27Z,22.68,68.23,100,116,29.90,100.71,3.00,424.00,0,2,2
2023-07-29T10:31:27Z,22.74,68.21,100,114,30.37,100.71,3.00,424.00,null,null,null
2023-07-29T10:32:27Z,22.70,68.17,100,118,30.63,100.71,3.00,424.00,null,null,null
2023-07-29T10:33:27Z,22.71,68.18,100,127,30.34,100.72,3.00,424.00,null,null,null
2023-07-29T10:34:27Z,22.71,68.20,100,116,30.56,100.71,3.00,424.00,null,null,null
2023-07-29T10:35:27Z,22.71,68.16,100,120,29.50,100.71,3.00,424.00,0,0,0
2023-07-29T10:36:27Z,22.72,68.11,100,113,32.02,100.72,3.00,422.00,null,null,null
2023-07-29T10:37:27Z,22.72,68.07,100,103,30.37,100.71,3.00,422.00,null,null,null
2023-07-29T10:38:27Z,22.71,68.08,100,60,29.33,100.71,3.00,424.00,null,null,null
2023-07-29T10:39:27Z,22.68,68.09,100,53,31.23,100.71,3.00,424.00,null,null,null
2023-07-29T10:40:27Z,22.71,68.06,100,92,29.67,100.71,3.00,421.00,2,5,5
2023-07-29T10:41:27Z,22.71,68.09,100,56,30.91,100.72,3.00,421.00,null,null,null
2023-07-29T10:42:27Z,22.71,68.04,100,63,28.99,100.71,3.00,421.00,null,null,null
2023-07-29T10:43:27Z,22.72,68.02,100,102,29.65,100.71,3.00,421.00,null,null,null
2023-07-29T10:44:27Z,22.72,67.99,100,101,29.91,100.71,3.00,421.00,null,null,null
2023-07-29T10:45:27Z,22.68,68.07,100,75,29.47,100.71,3.00,421.00,0,0,0
2023-07-29T10:46:27Z,22.72,68.03,100,99,29.86,100.71,3.00,421.00,null,null,null
2023-07-29T10:47:27Z,22.71,68.03,100,79,30.38,100.71,3.00,421.00,null,null,null
2023-07-29T10:48:27Z,22.72,67.90,100,74,29.37,100.71,3.00,421.00,null,null,null
2023-07-29T10:49:27Z,22.71,67.92,100,70,29.86,100.71,2.00,414.00,null,null,null
2023-07-29T10:50:27Z,22.67,67.97,100,71,29.55,100.71,2.00,414.00,1,1,1
2023-07-29T10:51:27Z,22.71,67.91,100,96,28.74,100.71,2.00,414.00,null,null,null
2023-07-29T10:52:27Z,22.72,67.93,100,66,29.90,100.72,2.00,418.00,null,null,null
2023-07-29T10:53:27Z,22.72,67.94,100,66,29.47,100.72,2.00,414.00,null,null,null
2023-07-29T10:54:27Z,22.68,67.91,100,69,29.47,100.71,2.00,414.00,null,null,null
2023-07-29T10:55:27Z,22.70,67.86,100,76,29.61,100.71,2.00,414.00,0,1,1
2023-07-29T10:56:27Z,22.71,67.89,99,82,29.53,100.71,2.00,414.00,null,null,null
2023-07-29T10:57:27Z,22.74,67.85,100,85,32.06,100.71,1.00,409.00,null,null,null
2023-07-29T10:58:27Z,22.71,67.86,100,82,29.79,100.71,1.00,409.00,null,null,null
2023-07-29T10:59:27Z,22.70,67.87,100,75,29.47,100.72,2.00,414.00,null,null,null
2023-07-29T11:00:27Z,22.68,67.89,100,67,29.17,100.72,2.00,414.00,0,0,0
2023-07-29T11:01:27Z,22.71,67.82,100,63,29.43,100.72,2.00,414.00,null,null,null
2023-07-29T11:02:27Z,22.72,67.82,100,59,29.63,100.72,1.00,409.00,null,null,null
2023-07-29T11:03:27Z,22.71,67.80,100,57,29.82,100.73,2.00,414.00,null,null,null
2023-07-29T11:04:27Z,22.71,67.82,100,56,29.74,100.73,1.00,409.00,null,null,null
2023-07-29T11:05:27Z,22.68,67.81,100,55,29.05,100.73,1.00,409.00,1,1,1
2023-07-29T11:06:27Z,22.68,67.76,100,56,29.03,100.73,1.00,408.00,null,null,null
2023-07-29T11:07:27Z,22.71,67.80,100,90,30.04,100.72,1.00,408.00,null,null,null
2023-07-29T11:08:27Z,22.67,67.79,100,107,29.69,100.72,1.00,408.00,null,null,null
2023-07-29T11:09:27Z,22.70,67.83,100,108,29.79,100.72,1.00,408.00,null,null,null
2023-07-29T11:10:27Z,22.68,67.87,100,81,29.47,100.72,1.00,408.00,3,3,3
2023-07-29T11:11:27Z,22.67,67.88,100,116,30.60,100.72,1.00,408.00,null,null,null
2023-07-29T11:12:27Z,22.70,67.77,100,93,30.20,100.72,1.00,408.00,null,null,null
2023-07-29T11:13:27Z,22.71,67.82,100,88,29.60,100.72,1.00,408.00,null,null,null
2023-07-29T11:14:27Z,22.68,67.82,100,101,29.61,100.71,1.00,408.00,null,null,null
2023-07-29T11:15:27Z,22.70,67.82,100,107,29.84,100.71,0.00,402.00,1,1,1
2023-07-29T11:16:27Z,22.67,67.85,100,133,29.53,100.71,0.00,406.00,null,null,null
2023-07-29T11:17:27Z,22.71,67.83,100,96,29.63,100.70,0.00,406.00,null,null,null
2023-07-29T11:18:27Z,22.71,67.79,100,91,32.21,100.71,0.00,402.00,null,null,null
2023-07-29T11:19:27Z,22.67,67.78,100,91,29.41,100.72,0.00,402.00,null,null,null
2023-07-29T11:20:27Z,22.68,67.82,100,83,30.09,100.71,0.00,402.00,1,2,2
2023-07-29T11:21:27Z,22.71,67.87,100,79,27.99,100.72,0.00,402.00,null,null,null
2023-07-29T11:22:27Z,22.71,67.84,100,75,29.31,100.72,0.00,402.00,null,null,null
2023-07-29T11:23:27Z,22.70,67.79,100,75,29.69,100.72,0.00,402.00,null,null,null
2023-07-29T11:24:27Z,22.67,67.84,100,82,30.81,100.72,0.00,401.00,null,null,null
2023-07-29T11:25:27Z,22.70,67.84,100,92,31.42,100.72,0.00,401.00,3,3,3
2023-07-29T11:26:27Z,22.70,67.81,100,100,29.42,100.72,0.00,401.00,null,null,null
2023-07-29T11:27:27Z,22.65,67.74,100,105,28.91,100.72,0.00,401.00,null,null,null
2023-07-29T11:28:27Z,22.70,67.74,100,108,29.65,100.72,0.00,406.00,null,null,null
2023-07-29T11:29:27Z,22.70,67.78,100,108,30.05,100.71,0.00,406.00,null,null,null
2023-07-29T11:30:27Z,22.68,67.77,100,105,29.80,100.72,0.00,401.00,3,3,3
2023-07-29T11:31:27Z,22.68,67.79,100,101,29.49,100.72,0.00,400.00,null,null,null
2023-07-29T11:32:27Z,22.70,67.71,100,100,29.31,100.72,0.00,405.00,null,null,null
2023-07-29T11:33:27Z,22.68,67.70,100,99,31.17,100.72,0.00,405.00,null,null,null
2023-07-29T11:34:27Z,22.65,67.75,100,100,29.76,100.72,1.00,409.00,null,null,null
2023-07-29T11:35:27Z,22.70,67.81,100,105,30.80,100.72,0.00,405.00,2,2,2
2023-07-29T11:36:27Z,22.70,67.75,100,108,29.96,100.72,0.00,405.00,null,null,null
2023-07-29T11:37:27Z,22.71,67.74,99,111,29.50,100.72,0.00,405.00,null,null,null
2023-07-29T11:38:27Z,22.72,67.72,100,111,29.32,100.72,0.00,405.00,null,null,null
2023-07-29T11:39:27Z,22.68,67.71,100,109,32.32,100.72,0.00,405.00,null,null,null
2023-07-29T11:40:27Z,22.68,67.75,100,105,32.34,100.73,0.00,405.00,2,6,6
2023-07-29T11:41:27Z,22.68,67.68,100,100,30.22,100.74,1.00,409.00,null,null,null
2023-07-29T11:42:27Z,22.68,67.64,100,94,29.90,100.73,0.00,405.00,null,null,null
2023-07-29T11:43:27Z,22.68,67.70,100,89,30.39,100.73,0.00,405.00,null,null,null
2023-07-29T11:44:27Z,22.67,67.63,100,86,30.50,100.73,0.00,405.00,null,null,null
2023-07-29T11:45:27Z,22.71,67.60,100,85,30.20,100.73,0.00,405.00,2,2,2
2023-07-29T11:46:27Z,22.68,67.56,100,85,29.96,100.73,0.00,405.00,null,null,null
2023-07-29T11:47:27Z,22.70,67.55,100,85,30.06,100.73,0.00,400.00,null,null,null
2023-07-29T11:48:27Z,22.72,67.53,100,84,30.50,100.73,0.00,405.00,null,null,null
2023-07-29T11:49:27Z,22.67,67.53,100,83,29.82,100.73,0.00,400.00,null,null,null
2023-07-29T11:50:27Z,22.68,67.56,100,108,29.92,100.73,0.00,400.00,4,4,4
2023-07-29T11:51:27Z,22.70,67.49,100,76,32.69,100.73,0.00,400.00,null,null,null
2023-07-29T11:52:27Z,22.74,67.50,100,71,29.86,100.73,0.00,400.00,null,null,null
2023-07-29T11:53:27Z,22.70,67.46,100,70,30.06,100.74,0.00,400.00,null,null,null
2023-07-29T11:54:27Z,22.68,67.51,100,75,29.04,100.73,0.00,400.00,null,null,null
2023-07-29T11:55:27Z,22.68,67.57,100,107,30.63,100.73,0.00,400.00,0,2,2
2023-07-29T11:56:27Z,22.68,67.63,100,108,29.63,100.73,0.00,400.00,null,null,null
2023-07-29T11:57:27Z,22.70,67.43,100,107,30.29,100.73,0.00,400.00,null,null,null
2023-07-29T11:58:27Z,22.70,67.43,100,109,29.94,100.73,0.00,400.00,null,null,null
2023-07-29T11:59:27Z,22.67,67.41,100,115,29.23,100.73,0.00,403.00,null,null,null
2023-07-29T12:00:27Z,22.70,67.42,100,118,31.98,100.73,0.00,400.00,3,3,3
2023-07-29T12:01:27Z,22.67,67.54,100,118,32.94,100.72,0.00,400.00,null,null,null
2023-07-29T12:02:27Z,22.68,67.52,100,98,30.18,100.72,1.00,408.00,null,null,null
2023-07-29T12:03:27Z,22.72,67.48,100,107,31.07,100.73,0.00,403.00,null,null,null
2023-07-29T12:04:27Z,22.70,67.53,100,116,30.34,100.72,0.00,403.00,null,null,null
2023-07-29T12:05:27Z,22.67,67.51,100,114,29.98,100.73,0.00,403.00,0,1,1
2023-07-29T12:06:27Z,22.68,67.50,100,133,29.36,100.73,0.00,400.00,null,null,null
2023-07-29T12:07:27Z,22.68,67.49,100,116,29.13,100.74,0.00,400.00,null,null,null
2023-07-29T12:08:27Z,22.70,67.49,100,148,30.58,100.73,0.00,403.00,null,null,null
2023-07-29T12:09:27Z,22.70,67.43,100,125,31.46,100.73,0.00,400.00,null,null,null
2023-07-29T12:10:27Z,22.70,67.44,100,124,28.80,100.73,0.00,400.00,2,2,2
2023-07-29T12:11:27Z,22.70,67.49,100,123,29.16,100.73,0.00,400.00,null,null,null
2023-07-29T12:12:27Z,22.70,67.44,100,123,30.09,100.73,0.00,400.00,null,null,null
2023-07-29T12:13:27Z,22.68,67.38,100,114,30.19,100.73,0.00,400.00,null,null,null
2023-07-29T12:14:27Z,22.70,67.45,100,104,29.93,100.73,0.00,400.00,null,null,null
2023-07-29T12:15:27Z,22.68,67.38,100,97,30.32,100.73,0.00,400.00,0,0,0
2023-07-29T12:16:27Z,22.70,67.42,100,94,30.33,100.73,0.00,400.00,null,null,null
2023-07-29T12:17:27Z,22.68,67.35,100,95,31.59,100.73,0.00,400.00,null,null,null
2023-07-29T12:18:27Z,22.70,67.30,100,96,29.21,100.73,0.00,406.00,null,null,null
2023-07-29T12:19:27Z,22.70,67.34,100,89,31.01,100.73,0.00,406.00,null,null,null
2023-07-29T12:20:27Z,22.71,67.36,100,120,29.21,100.74,0.00,406.00,0,0,0
2023-07-29T12:21:27Z,22.71,67.30,100,106,31.16,100.74,0.00,400.00,null,null,null
2023-07-29T12:22:27Z,22.68,67.25,100,120,31.58,100.73,0.00,400.00,null,null,null
2023-07-29T12:23:27Z,22.70,67.27,100,102,31.09,100.73,1.00,409.00,null,null,null
2023-07-29T12:24:27Z,22.68,67.33,100,126,30.33,100.74,0.00,406.00,null,null,null
2023-07-29T12:25:27Z,22.67,67.33,100,142,29.72,100.73,0.00,400.00,0,0,0
2023-07-29T12:26:27Z,22.71,67.31,100,122,30.01,100.72,0.00,400.00,null,null,null
2023-07-29T12:27:27Z,22.68,67.29,100,149,29.17,100.72,0.00,400.00,null,null,null
2023-07-29T12:28:27Z,22.68,67.33,100,114,30.69,100.72,0.00,400.00,null,null,null
2023-07-29T12:29:27Z,22.68,67.24,100,140,30.10,100.72,0.00,400.00,null,null,null
2023-07-29T12:30:27Z,22.70,67.30,100,119,30.41,100.73,0.00,403.00,1,1,1
2023-07-29T12:31:27Z,22.68,67.33,100,116,28.51,100.73,0.00,400.00,null,null,null
2023-07-29T12:32:27Z,22.71,67.27,100,151,28.45,100.72,0.00,400.00,null,null,null
2023-07-29T12:33:27Z,22.68,67.29,100,142,29.65,100.72,0.00,400.00,null,null,null
2023-07-29T12:34:27Z,22.71,67.36,100,140,29.30,100.73,0.00,400.00,null,null,null
2023-07-29T12:35:27Z,22.70,67.24,100,138,30.40,100.73,0.00,400.00,1,1,1
2023-07-29T12:36:27Z,22.68,67.22,100,135,30.05,100.73,0.00,403.00,null,null,null
2023-07-29T12:37:27Z,22.71,67.22,100,135,30.75,100.73,0.00,403.00,null,null,null
2023-07-29T12:38:27Z,22.67,67.17,100,103,29.65,100.72,0.00,403.00,null,null,null
2023-07-29T12:39:27Z,22.68,67.24,100,132,29.82,100.72,0.00,403.00,null,null,null
2023-07-29T12:40:27Z,22.70,67.24,100,104,28.83,100.74,0.00,403.00,3,3,3
2023-07-29T12:41:27Z,22.71,67.18,100,132,32.01,100.73,0.00,403.00,null,null,null
2023-07-29T12:42:27Z,22.72,67.14,100,129,31.95,100.73,0.00,400.00,null,null,null
2023-07-29T12:43:27Z,22.71,67.27,100,127,32.22,100.73,0.00,400.00,null,null,null
2023-07-29T12:44:27Z,22.68,67.15,100,125,29.64,100.73,1.00,408.00,null,null,null
2023-07-29T12:45:27Z,22.68,67.26,100,126,29.73,100.74,0.00,403.00,6,6,6
2023-07-29T12:46:27Z,22.74,67.15,100,127,29.49,100.73,0.00,400.00,null,null,null
2023-07-29T12:47:27Z,22.72,67.20,100,128,29.80,100.72,1.00,407.00,null,null,null
2023-07-29T12:48:27Z,22.75,67.10,100,128,29.37,100.73,1.00,407.00,null,null,null
2023-07-29T12:49:27Z,22.71,67.12,100,128,29.81,100.73,0.00,400.00,null,null,null
2023-07-29T12:50:27Z,22.70,67.16,100,129,30.20,100.73,3.00,421.00,3,3,3
2023-07-29T12:51:27Z,22.72,67.14,100,128,29.77,100.73,3.00,421.00,null,null,null
2023-07-29T12:52:27Z,22.75,67.08,100,128,30.74,100.75,3.00,421.00,null,null,null
2023-07-29T12:53:27Z,22.71,67.07,100,116,29.79,100.73,0.00,403.00,null,null,null
2023-07-29T12:54:27Z,22.70,67.11,100,127,30.20,100.74,2.00,416.00,null,null,null
2023-07-29T12:55:27Z,22.70,67.09,100,125,29.55,100.74,3.00,421.00,1,3,3
2023-07-29T12:56:27Z,22.72,67.10,100,127,30.16,100.73,3.00,421.00,null,null,null
2023-07-29T12:57:27Z,22.71,67.05,100,120,29.28,100.73,3.00,424.00,null,null,null
2023-07-29T12:58:27Z,22.72,67.08,100,105,29.73,100.73,3.00,421.00,null,null,null
2023-07-29T12:59:27Z,22.72,67.00,100,120,29.95,100.74,3.00,421.00,null,null,null
2023-07-29T13:00:27Z,22.70,67.07,100,124,29.36,100.74,3.00,421.00,1,1,1
2023-07-29T13:01:27Z,22.72,66.97,100,130,30.02,100.73,3.00,421.00,null,null,null
2023-07-29T13:02:27Z,22.75,66.95,100,141,29.01,100.74,3.00,421.00,null,null,null
2023-07-29T13:03:27Z,22.72,66.93,100,151,31.74,100.73,0.00,400.00,null,null,null
2023-07-29T13:04:27Z,22.71,67.06,100,152,32.19,100.73,0.00,400.00,null,null,null
2023-07-29T13:05:27Z,22.70,66.96,100,149,31.20,100.73,3.00,421.00,0,0,0
2023-07-29T13:06:27Z,22.74,66.94,100,144,29.33,100.73,2.00,416.00,null,null,null
2023-07-29T13:07:27Z,22.72,66.94,100,125,29.78,100.73,3.00,421.00,null,null,null
2023-07-29T13:08:27Z,22.72,66.93,100,126,29.41,100.73,3.00,421.00,null,null,null
2023-07-29T13:09:27Z,22.72,66.89,100,101,28.68,100.73,2.00,416.00,null,null,null
2023-07-29T13:10:27Z,22.72,66.93,100,83,29.93,100.73,2.00,416.00,0,0,0
2023-07-29T13:11:27Z,22.72,66.91,100,98,29.41,100.73,3.00,421.00,null,null,null
2023-07-29T13:12:27Z,22.72,66.98,100,97,29.60,100.74,2.00,416.00,null,null,null
2023-07-29T13:13:27Z,22.75,66.87,100,94,29.01,100.74,2.00,416.00,null,null,null
2023-07-29T13:14:27Z,22.74,66.83,100,96,29.86,100.74,0.00,400.00,null,null,null
2023-07-29T13:15:27Z,22.71,66.88,100,98,29.58,100.73,2.00,417.00,0,0,0
2023-07-29T13:16:27Z,22.72,66.87,100,97,30.01,100.73,3.00,422.00,null,null,null
2023-07-29T13:17:27Z,22.74,66.83,100,96,29.38,100.74,3.00,422.00,null,null,null
2023-07-29T13:18:27Z,22.72,66.79,100,96,30.63,100.74,3.00,422.00,null,null,null
2023-07-29T13:19:27Z,22.71,66.84,100,98,29.84,100.73,3.00,422.00,null,null,null
2023-07-29T13:20:27Z,22.72,66.82,100,100,29.74,100.73,3.00,422.00,2,3,3
2023-07-29T13:21:27Z,22.72,66.82,100,100,29.35,100.73,2.00,417.00,null,null,null
2023-07-29T13:22:27Z,22.72,66.81,100,101,29.08,100.72,2.00,417.00,null,null,null
2023-07-29T13:23:27Z,22.72,66.75,100,103,29.95,100.72,3.00,422.00,null,null,null
2023-07-29T13:24:27Z,22.74,66.75,100,98,31.59,100.73,2.00,417.00,null,null,null
2023-07-29T13:25:27Z,22.70,66.79,99,105,32.06,100.74,2.00,417.00,0,0,0
2023-07-29T13:26:27Z,22.74,66.76,100,107,29.46,100.73,3.00,422.00,null,null,null
2023-07-29T13:27:27Z,22.75,66.72,100,79,30.30,100.73,2.00,417.00,null,null,null
2023-07-29T13:28:27Z,22.74,66.69,100,116,30.48,100.73,0.00,400.00,null,null,null
2023-07-29T13:29:27Z,22.75,66.72,100,117,29.53,100.73,2.00,417.00,null,null,null
2023-07-29T13:30:27Z,22.72,66.71,100,119,29.03,100.73,0.00,400.00,1,4,4
2023-07-29T13:31:27Z,22.75,66.71,100,123,29.78,100.73,1.00,413.00,null,null,null
2023-07-29T13:32:27Z,22.77,66.65,100,124,29.93,100.72,0.00,400.00,null,null,null
2023-07-29T13:33:27Z,22.74,66.69,100,126,29.48,100.73,0.00,400.00,null,null,null
2023-07-29T13:34:27Z,22.71,66.68,100,128,29.21,100.72,3.00,425.00,null,null,null
2023-07-29T13:35:27Z,22.71,66.65,100,126,29.84,100.72,3.00,421.00,1,1,1
2023-07-29T13:36:27Z,22.71,66.69,100,124,30.06,100.72,3.00,421.00,null,null,null
2023-07-29T13:37:27Z,22.74,66.68,100,120,29.57,100.72,3.00,421.00,null,null,null
2023-07-29T13:38:27Z,22.77,66.61,100,116,29.48,100.71,3.00,421.00,null,null,null
2023-07-29T13:39:27Z,22.72,66.63,100,113,31.02,100.72,0.00,400.00,null,null,null
2023-07-29T13:40:27Z,22.72,66.64,100,110,29.63,100.73,3.00,421.00,2,2,2
2023-07-29T13:41:27Z,22.74,66.65,100,107,29.64,100.72,2.00,416.00,null,null,null
2023-07-29T13:42:27Z,22.74,66.59,100,112,29.49,100.72,2.00,416.00,null,null,null
2023-07-29T13:43:27Z,22.72,66.55,100,111,29.04,100.72,3.00,421.00,null,null,null
2023-07-29T13:44:27Z,22.74,66.66,100,110,29.78,100.72,3.00,421.00,null,null,null
2023-07-29T13:45:27Z,22.75,66.65,100,110,31.74,100.73,2.00,416.00,2,4,4
2023-07-29T13:46:27Z,22.74,66.60,100,111,31.87,100.73,2.00,416.00,null,null,null
2023-07-29T13:47:27Z,22.75,66.50,100,110,28.88,100.72,1.00,408.00,null,null,null
2023-07-29T13:48:27Z,22.75,66.49,100,107,29.56,100.72,0.00,400.00,null,null,null
2023-07-29T13:49:27Z,22.74,66.48,100,105,30.01,100.72,0.00,400.00,null,null,null
2023-07-29T13:50:27Z,22.74,66.47,100,104,30.14,100.72,3.00,425.00,3,3,3
2023-07-29T13:51:27Z,22.74,66.49,100,106,29.22,100.72,3.00,423.00,null,null,null
2023-07-29T13:52:27Z,22.74,66.43,100,106,30.08,100.72,4.00,432.00,null,null,null
2023-07-29T13:53:27Z,22.74,66.46,100,104,29.54,100.73,4.00,432.00,null,null,null
2023-07-29T13:54:27Z,22.75,66.46,100,104,29.93,100.73,4.00,432.00,null,null,null
2023-07-29T13:55:27Z,22.72,66.54,100,108,29.43,100.72,0.00,405.00,0,0,0
2023-07-29T13:56:27Z,22.75,66.47,100,107,29.18,100.73,3.00,425.00,null,null,null
2023-07-29T13:57:27Z,22.75,66.41,100,104,29.38,100.72,0.00,400.00,null,null,null
2023-07-29T13:58:27Z,22.77,66.47,100,101,29.43,100.72,0.00,400.00,null,null,null
2023-07-29T13:59:27Z,22.74,66.35,100,100,30.08,100.72,0.00,400.00,null,null,null
2023-07-29T14:00:27Z,22.72,66.40,100,100,29.46,100.72,3.00,421.00,1,1,1
2023-07-29T14:01:27Z,22.75,66.44,100,101,29.41,100.72,4.00,427.00,null,null,null
2023-07-29T14:02:27Z,22.75,66.33,100,100,31.88,100.73,0.00,405.00,null,null,null
2023-07-29T14:03:27Z,22.75,66.38,100,97,28.70,100.73,0.00,400.00,null,null,null
2023-07-29T14:04:27Z,22.74,66.35,100,99,30.27,100.72,0.00,400.00,null,null,null
2023-07-29T14:05:27Z,22.71,66.29,100,99,29.37,100.72,3.00,425.00,2,3,3
2023-07-29T14:06:27Z,22.74,66.28,100,100,29.65,100.72,3.00,425.00,null,null,null
2023-07-29T14:07:27Z,22.74,66.35,100,84,32.62,100.73,3.00,434.00,null,null,null
2023-07-29T14:08:27Z,22.72,66.29,100,94,29.97,100.72,5.00,434.00,null,null,null
2023-07-29T14:09:27Z,22.72,66.23,100,107,29.92,100.73,3.00,425.00,null,null,null
2023-07-29T14:10:27Z,22.74,66.48,100,109,30.11,100.72,5.00,439.00,0,0,0
2023-07-29T14:11:27Z,22.74,66.40,100,111,28.81,100.72,5.00,434.00,null,null,null
2023-07-29T14:12:27Z,22.75,66.34,100,118,28.92,100.73,5.00,434.00,null,null,null
2023-07-29T14:13:27Z,22.77,66.23,100,122,31.76,100.73,0.00,405.00,null,null,null
2023-07-29T14:14:27Z,22.75,66.23,100,104,29.99,100.72,1.00,409.00,null,null,null
2023-07-29T14:15:27Z,22.77,66.28,100,96,30.51,100.73,0.00,405.00,0,0,0
2023-07-29T14:16:27Z,22.75,66.26,100,91,30.37,100.73,0.00,400.00,null,null,null
2023-07-29T14:17:27Z,22.77,66.23,100,91,29.20,100.73,0.00,405.00,null,null,null
2023-07-29T14:18:27Z,22.77,66.21,100,88,29.61,100.74,2.00,414.00,null,null,null
2023-07-29T14:19:27Z,22.75,66.33,100,90,29.37,100.74,1.00,409.00,null,null,null
2023-07-29T14:20:27Z,22.74,66.33,100,92,28.68,100.74,0.00,400.00,0,0,0
2023-07-29T14:21:27Z,22.74,66.38,100,98,29.33,100.73,3.00,425.00,null,null,null
2023-07-29T14:22:27Z,22.72,66.17,100,94,30.46,100.72,4.00,427.00,null,null,null
2023-07-29T14:23:27Z,22.75,66.32,100,105,29.89,100.73,6.00,442.00,null,null,null
2023-07-29T14:24:27Z,22.74,66.41,100,81,29.43,100.73,1.00,411.00,null,null,null
2023-07-29T14:25:27Z,22.74,66.26,100,74,30.34,100.74,4.00,427.00,0,0,0
2023-07-29T14:26:27Z,22.77,66.16,100,68,31.97,100.75,4.00,427.00,null,null,null
2023-07-29T14:27:27Z,22.77,66.11,100,65,31.48,100.74,0.00,405.00,null,null,null
2023-07-29T14:28:27Z,22.77,65.98,100,62,31.97,100.73,1.00,411.00,null,null,null
2023-07-29T14:29:27Z,22.75,66.02,100,59,29.67,100.74,1.00,411.00,null,null,null
2023-07-29T14:30:27Z,22.71,66.05,100,62,30.27,100.74,1.00,411.00,0,0,0
2023-07-29T14:31:27Z,22.75,66.05,100,65,29.88,100.74,4.00,432.00,null,null,null
2023-07-29T14:32:27Z,22.78,65.95,100,67,29.17,100.74,1.00,411.00,null,null,null
2023-07-29T14:33:27Z,22.74,65.95,100,69,29.68,100.74,1.00,411.00,null,null,null
2023-07-29T14:34:27Z,22.75,65.97,100,70,29.50,100.74,3.00,425.00,null,null,null
2023-07-29T14:35:27Z,22.77,65.96,100,71,30.36,100.75,1.00,407.00,1,1,1
2023-07-29T14:36:27Z,22.77,66.15,100,71,30.03,100.75,1.00,407.00,null,null,null
2023-07-29T14:37:27Z,22.78,66.03,100,69,31.91,100.75,1.00,407.00,null,null,null
2023-07-29T14:38:27Z,22.75,65.98,100,68,29.25,100.75,1.00,411.00,null,null,null
2023-07-29T14:39:27Z,22.77,66.01,100,62,29.81,100.74,0.00,406.00,null,null,null
2023-07-29T14:40:27Z,22.77,65.97,100,58,32.23,100.75,0.00,403.00,1,1,1
2023-07-29T14:41:27Z,22.77,65.95,100,52,29.17,100.75,0.00,406.00,null,null,null
2023-07-29T14:42:27Z,22.75,65.81,100,50,29.79,100.75,0.00,406.00,null,null,null
2023-07-29T14:43:27Z,22.75,65.79,100,55,28.47,100.76,0.00,400.00,null,null,null
2023-07-29T14:44:27Z,22.74,65.74,100,60,29.38,100.76,0.00,400.00,null,null,null
2023-07-29T14:45:27Z,22.75,65.81,100,69,33.52,100.75,3.00,423.00,2,2,2
2023-07-29T14:46:27Z,22.75,65.76,100,84,29.55,100.76,0.00,400.00,null,null,null
2023-07-29T14:47:27Z,22.75,65.73,100,120,30.06,100.76,0.00,400.00,null,null,null
2023-07-29T14:48:27Z,22.74,65.79,100,100,31.02,100.76,0.00,403.00,null,null,null
2023-07-29T14:49:27Z,22.75,65.75,100,141,31.13,100.77,3.00,420.00,null,null,null
2023-07-29T14:50:27Z,22.74,65.76,100,100,29.61,100.77,3.00,420.00,0,0,0
2023-07-29T14:51:27Z,22.75,65.75,100,98,29.26,100.76,0.00,400.00,null,null,null
2023-07-29T14:52:27Z,22.77,65.81,100,96,29.93,100.77,0.00,400.00,null,null,null
2023-07-29T14:53:27Z,22.77,65.74,100,96,30.25,100.77,0.00,400.00,null,null,null
2023-07-29T14:54:27Z,22.75,65.86,100,107,29.26,100.77,0.00,403.00,null,null,null
2023-07-29T14:55:27Z,22.75,65.83,100,128,29.08,100.77,0.00,400.00,1,1,1
2023-07-29T14:56:27Z,22.77,65.79,100,129,29.40,100.77,0.00,400.00,null,null,null
2023-07-29T14:57:27Z,22.75,65.74,100,134,29.90,100.77,0.00,400.00,null,null,null
2023-07-29T14:58:27Z,22.77,65.85,100,134,30.12,100.77,0.00,401.00,null,null,null
2023-07-29T14:59:27Z,22.75,65.85,100,99,30.04,100.77,0.00,400.00,null,null,null
2023-07-29T15:00:27Z,22.74,65.85,100,103,29.56,100.78,0.00,400.00,0,0,0
2023-07-29T15:01:27Z,22.77,65.86,100,100,29.82,100.78,3.00,420.00,null,null,null
2023-07-29T15:02:27Z,22.77,65.84,100,92,29.54,100.78,0.00,400.00,null,null,null
2023-07-29T15:03:27Z,22.77,65.77,100,88,29.95,100.78,0.00,400.00,null,null,null
2023-07-29T15:04:27Z,22.75,65.92,100,86,29.61,100.78,0.00,400.00,null,null,null
2023-07-29T15:05:27Z,22.74,65.95,100,85,29.17,100.78,0.00,400.00,0,0,0
2023-07-29T15:06:27Z,22.75,65.93,100,87,29.63,100.79,3.00,422.00,null,null,null
2023-07-29T15:07:27Z,22.78,66.04,100,100,29.94,100.78,0.00,402.00,null,null,null
2023-07-29T15:08:27Z,22.75,65.97,100,89,30.44,100.79,0.00,402.00,null,null,null
2023-07-29T15:09:27Z,22.75,66.02,100,116,32.04,100.78,0.00,400.00,null,null,null
2023-07-29T15:10:27Z,22.77,66.11,100,79,31.70,100.78,0.00,402.00,1,1,1
2023-07-29T15:11:27Z,22.78,66.13,100,75,29.67,100.78,0.00,402.00,null,null,null
2023-07-29T15:12:27Z,22.78,66.11,100,75,29.03,100.78,0.00,402.00,null,null,null
2023-07-29T15:13:27Z,22.77,66.05,100,88,29.27,100.79,0.00,402.00,null,null,null
2023-07-29T15:14:27Z,22.77,66.07,100,72,30.04,100.78,0.00,402.00,null,null,null
2023-07-29T15:15:27Z,22.77,66.11,100,88,29.46,100.78,0.00,402.00,0,0,0
2023-07-29T15:16:27Z,22.75,66.13,100,89,29.78,100.79,0.00,402.00,null,null,null
2023-07-29T15:17:27Z,22.78,66.13,100,100,29.08,100.78,0.00,402.00,null,null,null
2023-07-29T15:18:27Z,22.75,66.09,100,84,29.77,100.79,0.00,402.00,null,null,null
2023-07-29T15:19:27Z,22.77,66.12,100,71,29.94,100.78,0.00,402.00,null,null,null
2023-07-29T15:20:27Z,22.75,66.13,100,61,30.05,100.78,0.00,402.00,0,0,0
2023-07-29T15:21:27Z,22.78,66.03,100,71,30.08,100.77,0.00,402.00,null,null,null
2023-07-29T15:22:27Z,22.78,66.01,100,66,29.99,100.77,0.00,402.00,null,null,null
2023-07-29T15:23:27Z,22.78,65.99,100,53,29.68,100.78,0.00,402.00,null,null,null
2023-07-29T15:24:27Z,22.75,65.88,100,59,28.81,100.78,0.00,402.00,null,null,null
2023-07-29T15:25:27Z,22.75,65.90,100,92,28.87,100.77,0.00,402.00,0,0,0
2023-07-29T15:26:27Z,22.78,65.97,100,93,30.48,100.77,0.00,402.00,null,null,null
2023-07-29T15:27:27Z,22.79,65.80,100,79,29.86,100.77,0.00,402.00,null,null,null
2023-07-29T15:28:27Z,22.77,65.90,100,52,29.82,100.77,0.00,401.00,null,null,null
2023-07-29T15:29:27Z,22.75,65.82,100,61,29.31,100.77,0.00,400.00,null,null,null
2023-07-29T15:30:27Z,22.77,65.77,100,81,31.60,100.77,0.00,400.00,0,0,0
2023-07-29T15:31:27Z,22.77,65.75,100,60,32.24,100.78,0.00,405.00,null,null,null
2023-07-29T15:32:27Z,22.75,65.71,100,51,29.78,100.78,0.00,405.00,null,null,null
2023-07-29T15:33:27Z,22.78,65.81,100,56,29.42,100.77,0.00,405.00,null,null,null
2023-07-29T15:34:27Z,22.77,65.94,100,53,29.58,100.77,0.00,405.00,null,null,null
2023-07-29T15:35:27Z,22.77,65.79,100,47,30.14,100.77,0.00,405.00,0,0,0
2023-07-29T15:36:27Z,22.75,65.89,100,78,29.73,100.77,0.00,400.00,null,null,null
2023-07-29T15:37:27Z,22.79,65.91,100,83,29.36,100.78,0.00,405.00,null,null,null
2023-07-29T15:38:27Z,22.77,65.87,100,78,29.49,100.77,0.00,405.00,null,null,null
2023-07-29T15:39:27Z,22.75,65.79,100,96,28.92,100.77,0.00,405.00,null,null,null
2023-07-29T15:40:27Z,22.75,65.86,100,66,29.87,100.77,0.00,405.00,1,1,1
2023-07-29T15:41:27Z,22.79,65.89,100,63,28.76,100.77,0.00,405.00,null,null,null
2023-07-29T15:42:27Z,22.77,65.63,100,77,29.05,100.76,0.00,400.00,null,null,null
2023-07-29T15:43:27Z,22.79,65.70,100,66,28.58,100.77,0.00,403.00,null,null,null
2023-07-29T15:44:27Z,22.79,65.70,100,61,29.57,100.77,0.00,403.00,null,null,null
2023-07-29T15:45:27Z,22.75,65.72,100,92,30.29,100.77,0.00,403.00,1,1,1
2023-07-29T15:46:27Z,22.78,65.79,100,52,29.79,100.78,0.00,403.00,null,null,null
2023-07-29T15:47:27Z,22.78,65.70,100,51,29.58,100.78,0.00,400.00,null,null,null
2023-07-29T15:48:27Z,22.77,65.71,100,87,29.40,100.77,0.00,403.00,null,null,null
2023-07-29T15:49:27Z,22.77,65.76,100,64,30.08,100.77,0.00,403.00,null,null,null
2023-07-29T15:50:27Z,22.75,65.80,100,72,30.14,100.76,0.00,400.00,0,0,0
2023-07-29T15:51:27Z,22.78,65.74,100,72,30.65,100.76,0.00,400.00,null,null,null
2023-07-29T15:52:27Z,22.78,65.62,99,76,31.04,100.76,0.00,400.00,null,null,null
2023-07-29T15:53:27Z,22.78,65.61,100,103,30.13,100.75,0.00,400.00,null,null,null
2023-07-29T15:54:27Z,22.74,65.50,100,88,29.89,100.76,0.00,405.00,null,null,null
2023-07-29T15:55:27Z,22.75,65.61,100,118,29.57,100.75,3.00,422.00,2,2,2
2023-07-29T15:56:27Z,22.77,65.58,100,115,29.70,100.75,0.00,405.00,null,null,null
2023-07-29T15:57:27Z,22.77,65.55,100,119,30.46,100.75,0.00,405.00,null,null,null
2023-07-29T15:58:27Z,22.79,65.69,100,98,30.63,100.75,0.00,405.00,null,null,null
2023-07-29T15:59:27Z,22.77,65.67,100,92,29.49,100.75,0.00,405.00,null,null,null
2023-07-29T16:00:27Z,22.75,65.65,99,96,29.88,100.75,0.00,405.00,0,0,0
2023-07-29T16:01:27Z,22.75,65.56,100,102,30.01,100.76,0.00,400.00,null,null,null
2023-07-29T16:02:27Z,22.78,65.66,100,85,30.18,100.76,0.00,405.00,null,null,null
2023-07-29T16:03:27Z,22.78,65.63,100,76,31.36,100.76,0.00,405.00,null,null,null
2023-07-29T16:04:27Z,22.78,65.67,100,73,30.83,100.78,0.00,405.00,null,null,null
2023-07-29T16:05:27Z,22.77,65.64,100,71,29.07,100.76,0.00,400.00,0,0,0
2023-07-29T16:06:27Z,22.81,65.63,100,95,29.43,100.76,0.00,400.00,null,null,null
2023-07-29T16:07:27Z,22.78,65.49,100,90,29.56,100.76,0.00,405.00,null,null,null
2023-07-29T16:08:27Z,22.78,65.65,100,90,29.48,100.76,0.00,400.00,null,null,null
2023-07-29T16:09:27Z,22.78,65.66,100,92,29.16,100.76,0.00,400.00,null,null,null
2023-07-29T16:10:27Z,22.74,65.59,100,78,29.51,100.76,0.00,400.00,0,0,0
2023-07-29T16:11:27Z,22.77,65.60,100,76,29.57,100.76,3.00,422.00,null,null,null
2023-07-29T16:12:27Z,22.81,65.48,100,99,31.93,100.76,0.00,400.00,null,null,null
2023-07-29T16:13:27Z,22.78,65.63,100,103,31.29,100.76,0.00,400.00,null,null,null
2023-07-29T16:14:27Z,22.78,65.62,100,78,29.26,100.76,0.00,400.00,null,null,null
2023-07-29T16:15:27Z,22.75,65.63,100,85,29.40,100.75,0.00,403.00,1,1,1
2023-07-29T16:16:27Z,22.78,65.65,100,103,29.20,100.76,0.00,400.00,null,null,null
2023-07-29T16:17:27Z,22.81,65.59,100,101,29.60,100.76,0.00,403.00,null,null,null
2023-07-29T16:18:27Z,22.79,65.62,100,102,29.33,100.77,0.00,403.00,null,null,null
2023-07-29T16:19:27Z,22.78,65.63,100,85,29.20,100.77,0.00,403.00,null,null,null
2023-07-29T16:20:27Z,22.77,65.55,100,72,29.50,100.76,0.00,400.00,4,4,4
2023-07-29T16:21:27Z,22.82,65.49,100,72,29.61,100.77,0.00,400.00,null,null,null
2023-07-29T16:22:27Z,22.79,65.51,100,73,29.90,100.76,0.00,400.00,null,null,null
2023-07-29T16:23:27Z,22.79,65.57,100,78,29.70,100.76,0.00,403.00,null,null,null
2023-07-29T16:24:27Z,22.77,65.36,100,82,29.03,100.76,0.00,400.00,null,null,null
2023-07-29T16:25:27Z,22.78,65.55,100,90,29.08,100.76,0.00,400.00,0,0,0
2023-07-29T16:26:27Z,22.78,65.47,100,82,30.45,100.76,0.00,400.00,null,null,null
2023-07-29T16:27:27Z,22.79,65.39,100,85,29.53,100.76,0.00,400.00,null,null,null
2023-07-29T16:28:27Z,22.79,65.52,100,68,29.44,100.76,0.00,400.00,null,null,null
2023-07-29T16:29:27Z,22.79,65.34,100,59,28.74,100.76,0.00,400.00,null,null,null
2023-07-29T16:30:27Z,22.79,65.36,100,53,29.72,100.76,0.00,400.00,2,2,2
2023-07-29T16:31:27Z,22.81,65.57,100,51,28.96,100.77,0.00,400.00,null,null,null
2023-07-29T16:32:27Z,22.81,65.50,100,52,28.48,100.76,0.00,400.00,null,null,null
2023-07-29T16:33:27Z,22.81,65.48,100,55,31.45,100.77,0.00,400.00,null,null,null
2023-07-29T16:34:27Z,22.79,65.52,99,55,30.94,100.77,0.00,405.00,null,null,null
2023-07-29T16:35:27Z,22.79,65.54,100,54,28.85,100.77,0.00,405.00,0,0,0
2023-07-29T16:36:27Z,22.79,65.40,100,56,28.84,100.77,0.00,400.00,null,null,null
2023-07-29T16:37:27Z,22.81,65.47,100,62,29.56,100.78,0.00,405.00,null,null,null
2023-07-29T16:38:27Z,22.81,65.41,100,57,29.17,100.77,0.00,405.00,null,null,null
2023-07-29T16:39:27Z,22.78,65.44,100,58,29.01,100.77,0.00,405.00,null,null,null
2023-07-29T16:40:27Z,22.77,65.34,100,61,30.07,100.77,0.00,400.00,0,0,0
2023-07-29T16:41:27Z,22.81,65.42,100,62,29.01,100.77,0.00,400.00,null,null,null
2023-07-29T16:42:27Z,22.82,65.26,100,62,29.82,100.77,1.00,408.00,null,null,null
2023-07-29T16:43:27Z,22.81,65.22,100,61,29.54,100.76,1.00,408.00,null,null,null
2023-07-29T16:44:27Z,22.75,65.31,100,59,29.43,100.77,2.00,416.00,null,null,null
2023-07-29T16:45:27Z,22.77,65.40,100,58,29.46,100.77,1.00,408.00,2,2,2
2023-07-29T16:46:27Z,22.81,65.40,100,58,29.70,100.78,1.00,413.00,null,null,null
2023-07-29T16:47:27Z,22.81,65.45,100,58,28.77,100.77,1.00,408.00,null,null,null
2023-07-29T16:48:27Z,22.79,65.29,100,59,31.64,100.76,1.00,408.00,null,null,null
2023-07-29T16:49:27Z,22.79,65.34,100,59,30.26,100.76,1.00,408.00,null,null,null
2023-07-29T16:50:27Z,22.81,65.29,100,59,29.31,100.77,1.00,408.00,0,0,0
2023-07-29T16:51:27Z,22.79,65.27,100,57,30.05,100.77,1.00,408.00,null,null,null
2023-07-29T16:52:27Z,22.79,65.23,100,56,30.40,100.77,1.00,408.00,null,null,null
2023-07-29T16:53:27Z,22.82,65.37,100,55,29.92,100.77,1.00,407.00,null,null,null
2023-07-29T16:54:27Z,22.81,65.34,100,56,31.35,100.77,0.00,400.00,null,null,null
2023-07-29T16:55:27Z,22.77,65.29,100,59,32.28,100.78,0.00,400.00,0,0,0
2023-07-29T16:56:27Z,22.78,65.37,100,62,31.14,100.77,0.00,400.00,null,null,null
2023-07-29T16:57:27Z,22.81,65.30,100,87,29.56,100.77,0.00,403.00,null,null,null
2023-07-29T16:58:27Z,22.82,65.27,100,65,30.65,100.77,0.00,403.00,null,null,null
2023-07-29T16:59:27Z,22.79,65.30,100,65,29.55,100.77,0.00,403.00,null,null,null
2023-07-29T17:00:27Z,22.78,65.25,100,66,28.99,100.78,0.00,403.00,0,0,0
2023-07-29T17:01:27Z,22.79,65.34,100,69,29.71,100.77,0.00,400.00,null,null,null
2023-07-29T17:02:27Z,22.79,65.24,100,71,29.12,100.77,0.00,403.00,null,null,null
2023-07-29T17:03:27Z,22.81,65.27,100,72,29.47,100.77,1.00,407.00,null,null,null
2023-07-29T17:04:27Z,22.79,65.32,100,106,28.95,100.76,0.00,403.00,null,null,null
2023-07-29T17:05:27Z,22.79,65.30,100,75,30.32,100.77,0.00,403.00,0,0,0
2023-07-29T17:06:27Z,22.79,65.19,100,71,30.80,100.77,0.00,403.00,null,null,null
2023-07-29T17:07:27Z,22.82,65.21,100,68,29.89,100.76,1.00,407.00,null,null,null
2023-07-29T17:08:27Z,22.82,65.37,100,63,29.40,100.76,1.00,407.00,null,null,null
2023-07-29T17:09:27Z,22.79,65.19,100,61,29.71,100.77,0.00,400.00,null,null,null
2023-07-29T17:10:27Z,22.77,65.24,100,62,29.38,100.77,0.00,403.00,0,2,2
2023-07-29T17:11:27Z,22.79,65.19,100,64,29.18,100.76,0.00,403.00,null,null,null
2023-07-29T17:12:27Z,22.82,65.24,100,69,28.57,100.76,1.00,407.00,null,null,null
2023-07-29T17:13:27Z,22.81,65.14,100,141,29.18,100.77,1.00,407.00,null,null,null
2023-07-29T17:14:27Z,22.78,65.21,100,147,30.26,100.77,1.00,407.00,null,null,null
2023-07-29T17:15:27Z,22.79,65.34,100,82,32.97,100.78,0.00,403.00,2,2,2
2023-07-29T17:16:27Z,22.81,65.32,100,81,31.16,100.77,0.00,400.00,null,null,null
2023-07-29T17:17:27Z,22.82,65.27,100,75,29.47,100.78,0.00,400.00,null,null,null
2023-07-29T17:18:27Z,22.79,65.29,100,68,29.53,100.78,0.00,400.00,null,null,null
2023-07-29T17:19:27Z,22.79,65.24,100,62,29.61,100.78,0.00,403.00,null,null,null
2023-07-29T17:20:27Z,22.79,65.12,100,60,28.58,100.78,1.00,407.00,1,1,1
2023-07-29T17:21:27Z,22.79,65.16,100,59,29.23,100.78,0.00,403.00,null,null,null
2023-07-29T17:22:27Z,22.81,65.12,100,60,29.46,100.79,0.00,403.00,null,null,null
2023-07-29T17:23:27Z,22.81,65.17,100,65,29.18,100.79,1.00,407.00,null,null,null
2023-07-29T17:24:27Z,22.82,65.20,100,71,29.56,100.79,1.00,407.00,null,null,null
2023-07-29T17:25:27Z,22.79,65.36,100,118,29.53,100.79,1.00,407.00,1,1,1
2023-07-29T17:26:27Z,22.81,65.19,100,123,31.20,100.79,0.00,400.00,null,null,null
2023-07-29T17:27:27Z,22.81,65.24,100,84,29.74,100.79,1.00,407.00,null,null,null
2023-07-29T17:28:27Z,22.81,65.17,100,74,29.15,100.79,0.00,403.00,null,null,null
2023-07-29T17:29:27Z,22.81,65.11,100,68,33.81,100.80,0.00,403.00,null,null,null
2023-07-29T17:30:27Z,22.79,65.21,100,61,30.34,100.79,1.00,407.00,2,2,2
2023-07-29T17:31:27Z,22.79,65.22,100,55,29.91,100.79,0.00,403.00,null,null,null
2023-07-29T17:32:27Z,22.84,65.16,100,53,29.94,100.80,1.00,407.00,null,null,null
2023-07-29T17:33:27Z,22.82,65.23,100,93,29.20,100.79,0.00,403.00,null,null,null
2023-07-29T17:34:27Z,22.81,65.19,100,59,29.58,100.80,0.00,403.00,null,null,null
2023-07-29T17:35:27Z,22.78,65.11,100,133,30.08,100.79,0.00,403.00,1,3,3
2023-07-29T17:36:27Z,22.82,65.15,100,57,29.12,100.79,0.00,403.00,null,null,null
2023-07-29T17:37:27Z,22.84,65.08,100,59,32.13,100.79,0.00,403.00,null,null,null
2023-07-29T17:38:27Z,22.81,65.09,100,60,29.92,100.80,0.00,403.00,null,null,null
2023-07-29T17:39:27Z,22.79,65.12,100,62,29.35,100.80,0.00,403.00,null,null,null
2023-07-29T17:40:27Z,22.79,65.12,100,66,30.34,100.80,0.00,403.00,1,1,1
2023-07-29T17:41:27Z,22.82,65.10,100,164,29.82,100.80,0.00,403.00,null,null,null
2023-07-29T17:42:27Z,22.82,65.05,100,61,30.37,100.80,1.00,407.00,null,null,null
2023-07-29T17:43:27Z,22.82,65.12,100,56,29.21,100.80,1.00,407.00,null,null,null
2023-07-29T17:44:27Z,22.82,64.99,100,57,29.57,100.80,1.00,407.00,null,null,null
2023-07-29T17:45:27Z,22.81,64.98,100,59,30.69,100.80,0.00,402.00,2,2,2
2023-07-29T17:46:27Z,22.84,65.03,100,60,28.85,100.81,0.00,406.00,null,null,null
2023-07-29T17:47:27Z,22.82,65.10,100,156,29.27,100.81,0.00,402.00,null,null,null
2023-07-29T17:48:27Z,22.82,65.11,100,57,29.57,100.81,0.00,406.00,null,null,null
2023-07-29T17:49:27Z,22.79,65.12,100,54,30.40,100.81,0.00,402.00,null,null,null
2023-07-29T17:50:27Z,22.81,65.12,100,55,29.98,100.81,0.00,402.00,0,0,0
2023-07-29T17:51:27Z,22.79,65.17,100,111,29.74,100.81,0.00,402.00,null,null,null
2023-07-29T17:52:27Z,22.81,65.06,100,187,29.17,100.80,0.00,402.00,null,null,null
2023-07-29T17:53:27Z,22.84,65.06,100,193,29.42,100.81,0.00,402.00,null,null,null
2023-07-29T17:54:27Z,22.79,65.00,100,197,29.13,100.80,0.00,400.00,null,null,null
2023-07-29T17:55:27Z,22.82,64.99,100,201,29.25,100.80,0.00,400.00,0,0,0
2023-07-29T17:56:27Z,22.82,65.09,99,205,29.31,100.81,0.00,400.00,null,null,null
2023-07-29T17:57:27Z,22.86,65.00,100,74,29.56,100.81,0.00,403.00,null,null,null
2023-07-29T17:58:27Z,22.84,65.10,100,65,31.65,100.81,0.00,400.00,null,null,null
2023-07-29T17:59:27Z,22.86,65.10,100,62,29.32,100.81,0.00,400.00,null,null,null
2023-07-29T18:00:27Z,22.84,65.00,100,107,30.07,100.80,0.00,403.00,1,8,8
2023-07-29T18:01:27Z,22.88,65.06,99,213,30.52,100.81,0.00,400.00,null,null,null
2023-07-29T18:02:27Z,22.84,64.99,100,216,29.28,100.81,0.00,403.00,null,null,null
2023-07-29T18:03:27Z,22.86,65.04,100,220,29.48,100.81,0.00,403.00,null,null,null
2023-07-29T18:04:27Z,22.84,65.05,100,223,28.87,100.81,0.00,403.00,null,null,null
2023-07-29T18:05:27Z,22.82,65.00,100,197,30.75,100.80,0.00,400.00,3,3,3
2023-07-29T18:06:27Z,22.86,65.09,100,227,29.27,100.82,0.00,403.00,null,null,null
2023-07-29T18:07:27Z,22.86,65.05,100,229,29.53,100.81,0.00,403.00,null,null,null
2023-07-29T18:08:27Z,22.84,65.08,100,236,30.09,100.81,0.00,403.00,null,null,null
2023-07-29T18:09:27Z,22.87,65.16,100,59,28.64,100.82,0.00,403.00,null,null,null
2023-07-29T18:10:27Z,22.84,65.15,100,235,29.96,100.81,0.00,403.00,1,1,1
2023-07-29T18:11:27Z,22.84,65.06,100,139,28.91,100.82,0.00,403.00,null,null,null
2023-07-29T18:12:27Z,22.90,65.01,100,47,30.17,100.82,0.00,403.00,null,null,null
2023-07-29T18:13:27Z,22.88,64.86,100,45,29.88,100.83,0.00,403.00,null,null,null
2023-07-29T18:14:27Z,22.88,64.86,100,45,29.41,100.83,0.00,403.00,null,null,null
2023-07-29T18:15:27Z,22.84,65.08,99,43,30.38,100.82,0.00,400.00,0,0,0
2023-07-29T18:16:27Z,22.87,65.11,100,44,29.93,100.82,0.00,400.00,null,null,null
2023-07-29T18:17:27Z,22.87,65.02,100,135,28.87,100.82,0.00,400.00,null,null,null
2023-07-29T18:18:27Z,22.87,64.98,100,216,29.51,100.82,0.00,403.00,null,null,null
2023-07-29T18:19:27Z,22.88,64.89,100,203,31.99,100.83,0.00,400.00,null,null,null
2023-07-29T18:20:27Z,22.84,64.89,100,189,30.28,100.82,0.00,400.00,0,0,0
2023-07-29T18:21:27Z,22.88,64.93,100,173,28.95,100.82,0.00,400.00,null,null,null
2023-07-29T18:22:27Z,22.91,64.92,100,148,29.48,100.83,0.00,403.00,null,null,null
2023-07-29T18:23:27Z,22.88,64.92,100,125,29.68,100.83,0.00,403.00,null,null,null
2023-07-29T18:24:27Z,22.87,64.97,100,100,29.95,100.83,0.00,403.00,null,null,null
2023-07-29T18:25:27Z,22.87,64.94,100,78,29.26,100.83,0.00,403.00,0,0,0
2023-07-29T18:26:27Z,22.90,64.94,100,62,29.22,100.83,0.00,400.00,null,null,null
2023-07-29T18:27:27Z,22.91,64.80,100,52,29.41,100.83,0.00,403.00,null,null,null
2023-07-29T18:28:27Z,22.91,64.84,100,49,30.20,100.83,0.00,403.00,null,null,null
2023-07-29T18:29:27Z,22.91,64.94,100,46,30.28,100.83,0.00,403.00,null,null,null
2023-07-29T18:30:27Z,22.84,64.91,100,42,29.38,100.84,0.00,403.00,0,0,0
2023-07-29T18:31:27Z,22.90,64.88,100,41,28.91,100.84,0.00,403.00,null,null,null
2023-07-29T18:32:27Z,22.87,64.80,100,41,29.47,100.84,0.00,403.00,null,null,null
2023-07-29T18:33:27Z,22.92,64.72,100,40,29.67,100.85,0.00,403.00,null,null,null
2023-07-29T18:34:27Z,22.90,64.79,100,38,33.06,100.85,0.00,405.00,null,null,null
2023-07-29T18:35:27Z,22.90,64.82,100,37,30.04,100.85,0.00,403.00,0,0,0
2023-07-29T18:36:27Z,22.87,64.76,100,37,29.72,100.85,0.00,400.00,null,null,null
2023-07-29T18:37:27Z,22.87,64.72,100,36,30.62,100.86,0.00,400.00,null,null,null
2023-07-29T18:38:27Z,22.88,64.62,100,34,29.49,100.85,0.00,405.00,null,null,null
2023-07-29T18:39:27Z,22.90,64.68,100,34,29.90,100.85,0.00,405.00,null,null,null
2023-07-29T18:40:27Z,22.86,64.67,100,34,32.01,100.85,0.00,400.00,2,2,2
2023-07-29T18:41:27Z,22.86,64.77,100,33,32.50,100.86,0.00,400.00,null,null,null
2023-07-29T18:42:27Z,22.91,64.70,100,33,29.77,100.86,0.00,405.00,null,null,null
2023-07-29T18:43:27Z,22.88,64.62,100,33,30.51,100.86,0.00,405.00,null,null,null
2023-07-29T18:44:27Z,22.87,64.93,100,33,28.99,100.86,0.00,400.00,null,null,null
2023-07-29T18:45:27Z,22.88,64.88,100,33,28.84,100.86,0.00,400.00,0,0,0
2023-07-29T18:46:27Z,22.87,64.83,100,33,29.63,100.86,0.00,400.00,null,null,null
2023-07-29T18:47:27Z,22.91,64.67,100,32,29.54,100.86,0.00,400.00,null,null,null
2023-07-29T18:48:27Z,22.90,64.75,100,32,28.84,100.87,0.00,405.00,null,null,null
2023-07-29T18:49:27Z,22.86,64.76,100,31,29.47,100.86,0.00,400.00,null,null,null
2023-07-29T18:50:27Z,22.84,64.70,100,30,29.28,100.86,0.00,400.00,2,2,9
2023-07-29T18:51:27Z,22.88,64.74,100,31,30.94,100.87,0.00,405.00,null,null,null
2023-07-29T18:52:27Z,22.91,64.56,100,29,29.82,100.86,0.00,400.00,null,null,null
2023-07-29T18:53:27Z,22.88,64.71,100,28,29.23,100.87,0.00,400.00,null,null,null
2023-07-29T18:54:27Z,22.87,64.60,100,28,29.81,100.87,0.00,400.00,null,null,null
2023-07-29T18:55:27Z,22.88,64.75,100,27,29.62,100.87,0.00,400.00,2,2,2
2023-07-29T18:56:27Z,22.88,64.71,100,27,30.57,100.88,0.00,400.00,null,null,null
2023-07-29T18:57:27Z,22.90,64.54,100,26,29.77,100.87,0.00,405.00,null,null,null
2023-07-29T18:58:27Z,22.87,64.73,100,27,29.60,100.88,1.00,409.00,null,null,null
2023-07-29T18:59:27Z,22.87,64.75,100,26,29.01,100.88,1.00,409.00,null,null,null
2023-07-29T19:00:27Z,22.84,64.80,100,25,29.33,100.87,0.00,405.00,0,0,0
2023-07-29T19:01:27Z,22.88,64.55,100,24,31.41,100.88,0.00,400.00,null,null,null
2023-07-29T19:02:27Z,22.88,64.68,100,23,31.72,100.88,0.00,400.00,null,null,null
2023-07-29T19:03:27Z,22.88,64.62,100,23,30.24,100.87,1.00,408.00,null,null,null
2023-07-29T19:04:27Z,22.88,64.71,100,23,31.05,100.88,1.00,408.00,null,null,null
2023-07-29T19:05:27Z,22.88,64.74,100,22,30.14,100.88,1.00,413.00,1,1,1
2023-07-29T19:06:27Z,22.86,64.54,100,21,28.95,100.89,1.00,413.00,null,null,null
2023-07-29T19:07:27Z,22.87,64.59,100,20,29.49,100.88,1.00,413.00,null,null,null
2023-07-29T19:08:27Z,22.88,64.60,100,19,29.83,100.88,1.00,408.00,null,null,null
2023-07-29T19:09:27Z,22.86,64.57,100,20,29.07,100.88,1.00,408.00,null,null,null
2023-07-29T19:10:27Z,22.86,64.65,100,19,29.72,100.88,1.00,408.00,3,4,4
2023-07-29T19:11:27Z,22.86,64.45,100,18,29.37,100.88,1.00,408.00,null,null,null
2023-07-29T19:12:27Z,22.86,64.40,100,18,29.95,100.88,1.00,408.00,null,null,null
2023-07-29T19:13:27Z,22.86,64.45,100,17,29.27,100.89,1.00,408.00,null,null,null
2023-07-29T19:14:27Z,22.88,64.60,100,16,29.26,100.88,1.00,408.00,null,null,null
2023-07-29T19:15:27Z,22.84,64.70,99,16,29.07,100.88,1.00,408.00,0,0,0
2023-07-29T19:16:27Z,22.87,64.38,99,15,29.42,100.88,1.00,408.00,null,null,null
2023-07-29T19:17:27Z,22.86,64.51,100,15,30.19,100.88,1.00,408.00,null,null,null
2023-07-29T19:18:27Z,22.87,64.46,100,14,30.13,100.88,0.00,405.00,null,null,null
2023-07-29T19:19:27Z,22.84,64.44,100,14,29.80,100.88,0.00,405.00,null,null,null
2023-07-29T19:20:27Z,22.84,64.42,99,13,29.33,100.88,0.00,403.00,0,0,0
2023-07-29T19:21:27Z,22.87,64.41,100,14,28.91,100.88,0.00,403.00,null,null,null
2023-07-29T19:22:27Z,22.87,64.52,100,13,31.35,100.89,0.00,403.00,null,null,null
2023-07-29T19:23:27Z,22.82,64.49,100,12,31.82,100.88,0.00,403.00,null,null,null
2023-07-29T19:24:27Z,22.84,64.52,100,13,30.05,100.89,0.00,403.00,null,null,null
2023-07-29T19:25:27Z,22.84,64.56,100,12,29.50,100.89,0.00,403.00,0,0,0
2023-07-29T19:26:27Z,22.86,64.47,100,12,29.32,100.89,0.00,400.00,null,null,null
2023-07-29T19:27:27Z,22.88,64.47,100,10,29.69,100.89,0.00,400.00,null,null,null
2023-07-29T19:28:27Z,22.87,64.54,100,10,30.60,100.89,0.00,400.00,null,null,null
2023-07-29T19:29:27Z,22.86,64.34,100,10,29.11,100.89,0.00,400.00,null,null,null
2023-07-29T19:30:27Z,22.82,64.53,100,10,29.43,100.89,0.00,400.00,0,0,0
2023-07-29T19:31:27Z,22.81,64.53,100,10,29.31,100.89,0.00,400.00,null,null,null
2023-07-29T19:32:27Z,22.84,64.53,100,10,30.11,100.89,0.00,400.00,null,null,null
2023-07-29T19:33:27Z,22.84,64.53,100,9,29.33,100.89,1.00,407.00,null,null,null
2023-07-29T19:34:27Z,22.81,64.52,100,9,29.78,100.90,1.00,407.00,null,null,null
2023-07-29T19:35:27Z,22.82,64.59,100,8,29.15,100.89,1.00,407.00,0,0,0
2023-07-29T19:36:27Z,22.84,64.58,100,8,30.63,100.90,0.00,400.00,null,null,null
2023-07-29T19:37:27Z,22.81,64.45,100,7,29.60,100.90,0.00,400.00,null,null,null
2023-07-29T19:38:27Z,22.84,64.49,100,7,28.92,100.90,0.00,400.00,null,null,null
2023-07-29T19:39:27Z,22.81,64.28,100,7,29.31,100.90,0.00,400.00,null,null,null
2023-07-29T19:40:27Z,22.79,64.36,100,6,30.26,100.90,0.00,400.00,1,1,1
2023-07-29T19:41:27Z,22.82,64.30,100,6,29.32,100.90,0.00,400.00,null,null,null
2023-07-29T19:42:27Z,22.81,64.36,100,5,31.64,100.90,0.00,400.00,null,null,null
2023-07-29T19:43:27Z,22.82,64.44,100,6,30.93,100.89,0.00,400.00,null,null,null
2023-07-29T19:44:27Z,22.82,64.35,100,5,31.77,100.89,0.00,400.00,null,null,null
2023-07-29T19:45:27Z,22.78,64.29,100,4,30.65,100.90,0.00,400.00,1,1,1
2023-07-29T19:46:27Z,22.82,64.34,100,4,29.04,100.90,0.00,400.00,null,null,null
2023-07-29T19:47:27Z,22.79,64.43,100,4,29.03,100.90,0.00,400.00,null,null,null
2023-07-29T19:48:27Z,22.81,64.26,100,3,29.49,100.90,0.00,400.00,null,null,null
2023-07-29T19:49:27Z,22.79,64.33,100,3,29.67,100.90,0.00,400.00,null,null,null
2023-07-29T19:50:27Z,22.81,64.33,100,3,29.30,100.90,0.00,400.00,1,1,1
2023-07-29T19:51:27Z,22.79,64.34,100,3,28.98,100.90,0.00,400.00,null,null,null
2023-07-29T19:52:27Z,22.81,64.33,100,3,29.62,100.91,0.00,405.00,null,null,null
2023-07-29T19:53:27Z,22.78,64.30,100,2,29.01,100.91,0.00,405.00,null,null,null
2023-07-29T19:54:27Z,22.81,64.28,100,2,29.00,100.91,0.00,405.00,null,null,null
2023-07-29T19:55:27Z,22.78,64.34,100,1,30.44,100.91,0.00,405.00,1,1,1
2023-07-29T19:56:27Z,22.79,64.31,100,1,29.62,100.91,0.00,400.00,null,null,null
2023-07-29T19:57:27Z,22.79,64.35,100,1,29.82,100.91,0.00,400.00,null,null,null
2023-07-29T19:58:27Z,22.79,64.26,100,0,29.63,100.91,0.00,405.00,null,null,null
2023-07-29T19:59:27Z,22.78,64.32,100,0,29.11,100.91,0.00,405.00,null,null,null
2023-07-29T20:00:27Z,22.78,64.36,99,0,29.77,100.91,0.00,400.00,0,0,0
2023-07-29T20:01:27Z,22.78,64.18,100,0,29.03,100.92,0.00,405.00,null,null,null
2023-07-29T20:02:27Z,22.81,64.22,100,0,29.47,100.92,1.00,407.00,null,null,null
2023-07-29T20:03:27Z,22.77,64.24,100,0,29.68,100.92,1.00,407.00,null,null,null
2023-07-29T20:04:27Z,22.77,64.25,100,0,32.00,100.93,0.00,402.00,null,null,null
2023-07-29T20:05:27Z,22.79,64.20,100,0,31.80,100.92,0.00,400.00,0,0,0
2023-07-29T20:06:27Z,22.75,64.25,100,0,29.50,100.93,0.00,400.00,null,null,null
2023-07-29T20:07:27Z,22.77,64.24,100,0,30.01,100.92,1.00,407.00,null,null,null
2023-07-29T20:08:27Z,22.81,64.20,100,0,29.90,100.93,1.00,407.00,null,null,null
2023-07-29T20:09:27Z,22.75,64.19,99,0,30.30,100.92,0.00,402.00,null,null,null
2023-07-29T20:10:27Z,22.74,64.30,100,0,29.28,100.93,0.00,402.00,1,1,1
2023-07-29T20:11:27Z,22.77,64.06,99,0,29.86,100.93,2.00,414.00,null,null,null
2023-07-29T20:12:27Z,22.77,64.07,100,0,29.51,100.93,0.00,402.00,null,null,null
2023-07-29T20:13:27Z,22.78,64.05,100,0,30.03,100.93,0.00,402.00,null,null,null
2023-07-29T20:14:27Z,22.75,64.02,100,0,29.51,100.93,0.00,402.00,null,null,null
2023-07-29T20:15:27Z,22.75,64.07,100,0,30.75,100.93,0.00,400.00,1,5,5
2023-07-29T20:16:27Z,22.77,64.03,100,0,29.28,100.93,0.00,400.00,null,null,null
2023-07-29T20:17:27Z,22.78,64.03,100,0,29.88,100.94,0.00,400.00,null,null,null
2023-07-29T20:18:27Z,22.77,64.06,100,0,28.93,100.93,0.00,400.00,null,null,null
2023-07-29T20:19:27Z,22.75,64.23,100,0,28.70,100.93,0.00,400.00,null,null,null
2023-07-29T20:20:27Z,22.77,64.04,100,0,30.38,100.94,0.00,400.00,0,0,0
2023-07-29T20:21:27Z,22.78,64.09,100,0,29.42,100.93,0.00,400.00,null,null,null
2023-07-29T20:22:27Z,22.77,63.97,100,0,28.20,100.94,0.00,400.00,null,null,null
2023-07-29T20:23:27Z,22.75,63.98,100,0,29.69,100.94,0.00,400.00,null,null,null
2023-07-29T20:24:27Z,22.74,63.97,100,0,29.91,100.94,0.00,405.00,null,null,null
2023-07-29T20:25:27Z,22.72,64.01,100,0,32.18,100.94,0.00,406.00,0,1,1
2023-07-29T20:26:27Z,22.72,63.96,100,0,31.62,100.94,0.00,406.00,null,null,null
2023-07-29T20:27:27Z,22.74,63.95,100,0,30.23,100.94,0.00,406.00,null,null,null
2023-07-29T20:28:27Z,22.74,64.00,100,0,30.08,100.95,1.00,408.00,null,null,null
2023-07-29T20:29:27Z,22.75,64.04,100,0,29.61,100.94,1.00,413.00,null,null,null
2023-07-29T20:30:27Z,22.72,63.92,100,0,30.75,100.94,0.00,400.00,2,2,2
2023-07-29T20:31:27Z,22.75,64.00,100,0,29.56,100.94,1.00,413.00,null,null,null
2023-07-29T20:32:27Z,22.72,63.86,100,0,29.92,100.95,0.00,400.00,null,null,null
2023-07-29T20:33:27Z,22.72,63.90,100,0,28.74,100.95,2.00,417.00,null,null,null
2023-07-29T20:34:27Z,22.72,63.93,100,0,29.98,100.95,2.00,417.00,null,null,null
2023-07-29T20:35:27Z,22.71,63.98,100,0,29.41,100.95,2.00,417.00,0,0,0
2023-07-29T20:36:27Z,22.72,64.02,100,0,31.52,100.95,2.00,417.00,null,null,null
2023-07-29T20:37:27Z,22.72,63.96,100,0,29.27,100.95,3.00,422.00,null,null,null
2023-07-29T20:38:27Z,22.71,63.92,100,0,29.08,100.95,3.00,422.00,null,null,null
2023-07-29T20:39:27Z,22.74,64.00,100,0,29.33,100.95,2.00,417.00,null,null,null
2023-07-29T20:40:27Z,22.70,64.02,100,0,29.98,100.95,2.00,417.00,0,0,0
2023-07-29T20:41:27Z,22.71,63.98,100,0,29.16,100.96,2.00,417.00,null,null,null
2023-07-29T20:42:27Z,22.71,63.95,100,0,29.96,100.96,2.00,417.00,null,null,null
2023-07-29T20:43:27Z,22.71,63.98,100,0,29.81,100.96,3.00,422.00,null,null,null
2023-07-29T20:44:27Z,22.71,64.00,100,0,29.40,100.96,2.00,417.00,null,null,null
2023-07-29T20:45:27Z,22.70,63.99,100,0,30.65,100.96,2.00,417.00,0,0,0
2023-07-29T20:46:27Z,22.71,63.99,100,0,29.30,100.96,2.00,417.00,null,null,null
2023-07-29T20:47:27Z,22.70,63.95,100,0,31.98,100.96,2.00,417.00,null,null,null
2023-07-29T20:48:27Z,22.68,64.00,100,0,30.10,100.95,2.00,417.00,null,null,null
2023-07-29T20:49:27Z,22.70,63.94,100,0,29.83,100.96,3.00,422.00,null,null,null
2023-07-29T20:50:27Z,22.70,63.86,100,0,30.52,100.96,2.00,417.00,2,2,2
2023-07-29T20:51:27Z,22.70,63.95,100,0,29.13,100.96,2.00,416.00,null,null,null
2023-07-29T20:52:27Z,22.68,63.88,100,0,30.03,100.96,2.00,416.00,null,null,null
2023-07-29T20:53:27Z,22.68,63.88,100,0,30.56,100.95,3.00,421.00,null,null,null
2023-07-29T20:54:27Z,22.68,63.91,100,0,30.49,100.96,2.00,416.00,null,null,null
2023-07-29T20:55:27Z,22.67,63.97,100,0,29.36,100.97,2.00,416.00,2,3,3
2023-07-29T20:56:27Z,22.68,64.00,99,0,30.09,100.97,2.00,416.00,null,null,null
2023-07-29T20:57:27Z,22.67,63.91,100,0,30.15,100.96,2.00,416.00,null,null,null
2023-07-29T20:58:27Z,22.67,63.88,100,0,29.54,100.96,2.00,416.00,null,null,null
2023-07-29T20:59:27Z,22.67,63.87,100,0,29.91,100.96,2.00,416.00,null,null,null
2023-07-29T21:00:27Z,22.65,63.91,100,0,29.60,100.96,2.00,414.00,1,1,1
2023-07-29T21:01:27Z,22.65,64.00,100,0,30.56,100.97,2.00,414.00,null,null,null
2023-07-29T21:02:27Z,22.68,63.97,100,0,29.96,100.97,2.00,414.00,null,null,null
2023-07-29T21:03:27Z,22.65,63.90,100,0,29.09,100.97,2.00,414.00,null,null,null
2023-07-29T21:04:27Z,22.68,63.87,100,0,28.70,100.98,2.00,414.00,null,null,null
2023-07-29T21:05:27Z,22.68,63.92,100,0,29.27,100.97,2.00,414.00,1,4,4
2023-07-29T21:06:27Z,22.64,63.95,100,0,30.39,100.98,2.00,414.00,null,null,null
2023-07-29T21:07:27Z,22.67,63.89,100,0,32.15,100.97,1.00,409.00,null,null,null
2023-07-29T21:08:27Z,22.67,63.99,100,0,32.57,100.98,1.00,409.00,null,null,null
2023-07-29T21:09:27Z,22.67,63.89,100,0,31.24,100.98,1.00,409.00,null,null,null
2023-07-29T21:10:27Z,22.65,64.01,100,0,28.89,100.98,2.00,414.00,0,0,0
2023-07-29T21:11:27Z,22.64,63.93,100,0,30.51,100.97,1.00,409.00,null,null,null
2023-07-29T21:12:27Z,22.68,63.89,100,0,29.46,100.97,1.00,409.00,null,null,null
2023-07-29T21:13:27Z,22.67,63.88,100,0,31.22,100.98,1.00,409.00,null,null,null
2023-07-29T21:14:27Z,22.65,63.96,100,0,29.76,100.98,1.00,409.00,null,null,null
2023-07-29T21:15:27Z,22.65,63.88,100,0,30.89,100.98,1.00,409.00,0,0,0
2023-07-29T21:16:27Z,22.64,63.94,100,0,29.95,100.98,1.00,409.00,null,null,null
2023-07-29T21:17:27Z,22.65,63.84,100,0,29.25,100.98,1.00,409.00,null,null,null
2023-07-29T21:18:27Z,22.63,63.94,100,0,29.71,100.98,1.00,409.00,null,null,null
2023-07-29T21:19:27Z,22.65,63.86,100,0,29.28,100.99,1.00,408.00,null,null,null
2023-07-29T21:20:27Z,22.61,63.91,100,0,29.78,100.98,1.00,408.00,1,1,1
2023-07-29T21:21:27Z,22.64,63.84,100,0,30.44,100.98,0.00,406.00,null,null,null
2023-07-29T21:22:27Z,22.65,63.90,100,0,29.73,100.99,0.00,406.00,null,null,null
2023-07-29T21:23:27Z,22.65,63.82,100,0,29.43,100.98,0.00,406.00,null,null,null
2023-07-29T21:24:27Z,22.63,63.84,100,0,29.99,100.98,0.00,406.00,null,null,null
2023-07-29T21:25:27Z,22.61,63.85,100,0,29.23,100.98,0.00,406.00,1,1,1
2023-07-29T21:26:27Z,22.64,63.88,100,0,30.03,100.99,0.00,406.00,null,null,null
2023-07-29T21:27:27Z,22.64,63.85,100,0,29.08,100.99,0.00,406.00,null,null,null
2023-07-29T21:28:27Z,22.63,63.81,100,0,31.58,100.99,0.00,403.00,null,null,null
2023-07-29T21:29:27Z,22.63,63.72,100,0,31.68,100.98,0.00,403.00,null,null,null
2023-07-29T21:30:27Z,22.58,63.82,100,0,29.48,100.99,0.00,403.00,1,1,1
2023-07-29T21:31:27Z,22.64,63.80,100,0,29.31,100.99,1.00,407.00,null,null,null
2023-07-29T21:32:27Z,22.64,63.70,100,0,29.83,100.99,0.00,403.00,null,null,null
2023-07-29T21:33:27Z,22.63,63.75,100,0,29.49,100.99,1.00,407.00,null,null,null
2023-07-29T21:34:27Z,22.63,63.75,100,0,30.14,100.99,0.00,406.00,null,null,null
2023-07-29T21:35:27Z,22.61,63.74,100,0,29.73,100.98,0.00,403.00,0,0,0
2023-07-29T21:36:27Z,22.64,63.77,100,0,29.74,100.99,1.00,407.00,null,null,null
2023-07-29T21:37:27Z,22.63,63.78,100,0,30.14,100.99,0.00,403.00,null,null,null
2023-07-29T21:38:27Z,22.61,63.82,100,0,29.51,100.99,0.00,402.00,null,null,null
2023-07-29T21:39:27Z,22.63,63.83,100,0,30.11,100.99,0.00,402.00,null,null,null
2023-07-29T21:40:27Z,22.60,63.75,100,0,29.46,100.99,0.00,405.00,0,0,0
2023-07-29T21:41:27Z,22.63,63.69,100,0,28.34,100.99,0.00,400.00,null,null,null
2023-07-29T21:42:27Z,22.61,63.78,100,0,29.00,100.99,1.00,408.00,null,null,null
2023-07-29T21:43:27Z,22.61,63.80,100,0,30.98,101.00,0.00,405.00,null,null,null
2023-07-29T21:44:27Z,22.61,63.74,100,0,29.04,100.99,0.00,405.00,null,null,null
2023-07-29T21:45:27Z,22.60,63.78,100,0,29.97,101.00,1.00,410.00,0,0,0
2023-07-29T21:46:27Z,22.60,63.65,100,0,29.98,100.99,0.00,405.00,null,null,null
2023-07-29T21:47:27Z,22.60,63.73,100,0,29.58,101.00,1.00,410.00,null,null,null
2023-07-29T21:48:27Z,22.60,63.69,100,0,30.10,101.00,1.00,408.00,null,null,null
2023-07-29T21:49:27Z,22.58,63.77,100,0,31.82,101.00,1.00,408.00,null,null,null
2023-07-29T21:50:27Z,22.57,63.78,100,0,31.97,101.00,1.00,408.00,1,1,1
2023-07-29T21:51:27Z,22.63,63.69,100,0,29.38,101.00,0.00,405.00,null,null,null
2023-07-29T21:52:27Z,22.60,63.66,100,0,28.91,101.00,1.00,408.00,null,null,null
2023-07-29T21:53:27Z,22.61,63.70,100,0,28.77,101.00,1.00,408.00,null,null,null
2023-07-29T21:54:27Z,22.57,63.67,100,0,30.23,101.00,1.00,408.00,null,null,null
2023-07-29T21:55:27Z,22.57,63.68,100,0,30.03,101.00,1.00,408.00,3,3,3
2023-07-29T21:56:27Z,22.58,63.64,100,0,29.92,101.00,1.00,408.00,null,null,null
2023-07-29T21:57:27Z,22.60,63.64,100,0,29.36,101.00,0.00,403.00,null,null,null
2023-07-29T21:58:27Z,22.58,63.63,100,0,29.42,101.00,1.00,408.00,null,null,null
2023-07-29T21:59:27Z,22.60,63.75,100,0,29.05,100.99,1.00,408.00,null,null,null
2023-07-29T22:00:27Z,22.56,63.68,100,0,30.22,100.99,0.00,400.00,2,2,2
2023-07-29T22:01:27Z,22.58,63.76,100,0,29.43,101.00,1.00,408.00,null,null,null
2023-07-29T22:02:27Z,22.60,63.67,100,0,28.34,100.99,0.00,405.00,null,null,null
2023-07-29T22:03:27Z,22.60,63.70,99,0,30.37,101.00,1.00,408.00,null,null,null
2023-07-29T22:04:27Z,22.57,63.66,100,0,30.13,100.99,1.00,408.00,null,null,null
2023-07-29T22:05:27Z,22.58,63.71,100,0,29.60,100.99,0.00,403.00,1,1,1
2023-07-29T22:06:27Z,22.57,63.68,100,0,29.53,100.99,0.00,403.00,null,null,null
2023-07-29T22:07:27Z,22.58,63.69,100,0,29.79,100.99,1.00,408.00,null,null,null
2023-07-29T22:08:27Z,22.60,63.66,100,0,29.12,100.99,0.00,403.00,null,null,null
2023-07-29T22:09:27Z,22.57,63.68,100,0,29.96,101.00,1.00,408.00,null,null,null
2023-07-29T22:10:27Z,22.56,63.70,100,0,31.69,101.00,0.00,400.00,0,0,0
2023-07-29T22:11:27Z,22.56,63.69,100,0,31.79,101.00,0.00,400.00,null,null,null
2023-07-29T22:12:27Z,22.56,63.64,100,0,28.36,101.00,1.00,407.00,null,null,null
2023-07-29T22:13:27Z,22.56,63.64,100,0,30.37,101.00,1.00,407.00,null,null,null
2023-07-29T22:14:27Z,22.57,63.60,100,0,29.79,101.00,1.00,407.00,null,null,null
2023-07-29T22:15:27Z,22.57,63.66,100,0,30.21,101.00,1.00,407.00,2,2,2
2023-07-29T22:16:27Z,22.56,63.63,100,0,29.48,101.00,0.00,400.00,null,null,null
2023-07-29T22:17:27Z,22.56,63.63,100,0,29.57,101.00,1.00,407.00,null,null,null
2023-07-29T22:18:27Z,22.56,63.57,100,0,29.63,101.00,1.00,407.00,null,null,null
2023-07-29T22:19:27Z,22.56,63.67,100,0,29.61,101.00,1.00,407.00,null,null,null
2023-07-29T22:20:27Z,22.53,63.72,100,0,29.92,101.00,1.00,407.00,2,2,2
2023-07-29T22:21:27Z,22.56,63.64,100,0,29.30,101.00,1.00,407.00,null,null,null
2023-07-29T22:22:27Z,22.56,63.59,99,0,29.41,101.00,1.00,407.00,null,null,null
2023-07-29T22:23:27Z,22.53,63.63,100,0,30.06,101.00,1.00,407.00,null,null,null
2023-07-29T22:24:27Z,22.54,63.64,100,0,28.93,101.01,0.00,400.00,null,null,null
2023-07-29T22:25:27Z,22.53,63.67,100,0,29.35,101.01,1.00,407.00,0,0,0
2023-07-29T22:26:27Z,22.56,63.64,100,0,28.31,101.00,1.00,407.00,null,null,null
2023-07-29T22:27:27Z,22.56,63.60,100,0,29.21,101.00,0.00,400.00,null,null,null
2023-07-29T22:28:27Z,22.54,63.61,100,0,29.46,101.00,1.00,407.00,null,null,null
2023-07-29T22:29:27Z,22.56,63.65,100,0,29.88,101.01,1.00,407.00,null,null,null
2023-07-29T22:30:27Z,22.54,63.70,100,0,28.51,101.01,0.00,400.00,3,3,3
2023-07-29T22:31:27Z,22.54,63.69,100,0,31.84,101.00,0.00,400.00,null,null,null
2023-07-29T22:32:27Z,22.53,63.64,100,0,31.28,101.00,0.00,400.00,null,null,null
2023-07-29T22:33:27Z,22.51,63.64,100,0,29.76,101.00,1.00,407.00,null,null,null
2023-07-29T22:34:27Z,22.53,63.71,100,0,28.98,101.00,1.00,407.00,null,null,null
2023-07-29T22:35:27Z,22.50,63.70,100,0,29.54,101.01,0.00,400.00,3,4,4
2023-07-29T22:36:27Z,22.54,63.69,100,0,28.68,101.00,1.00,407.00,null,null,null
2023-07-29T22:37:27Z,22.56,63.66,100,0,28.66,101.00,1.00,407.00,null,null,null
2023-07-29T22:38:27Z,22.54,63.69,100,0,29.61,101.01,0.00,400.00,null,null,null
2023-07-29T22:39:27Z,22.51,63.68,100,0,29.55,101.01,1.00,407.00,null,null,null
2023-07-29T22:40:27Z,22.51,63.72,100,0,28.57,101.01,1.00,407.00,0,0,0
2023-07-29T22:41:27Z,22.54,63.73,100,0,30.64,101.01,0.00,400.00,null,null,null
2023-07-29T22:42:27Z,22.51,63.75,100,0,28.91,101.01,0.00,400.00,null,null,null
2023-07-29T22:43:27Z,22.51,63.70,100,0,29.80,101.01,0.00,403.00,null,null,null
2023-07-29T22:44:27Z,22.54,63.76,100,0,29.65,101.01,1.00,407.00,null,null,null
2023-07-29T22:45:27Z,22.50,63.70,100,0,29.15,101.01,0.00,403.00,1,1,1
2023-07-29T22:46:27Z,22.54,63.72,100,0,29.64,101.01,1.00,407.00,null,null,null
2023-07-29T22:47:27Z,22.51,63.67,100,0,29.28,101.01,1.00,407.00,null,null,null
2023-07-29T22:48:27Z,22.54,63.64,99,0,29.04,101.01,1.00,407.00,null,null,null
2023-07-29T22:49:27Z,22.53,63.64,100,0,29.00,101.01,1.00,407.00,null,null,null
2023-07-29T22:50:27Z,22.51,63.70,100,0,29.63,101.02,1.00,407.00,0,0,0
2023-07-29T22:51:27Z,22.54,63.70,100,0,29.05,101.01,0.00,400.00,null,null,null
2023-07-29T22:52:27Z,22.54,63.72,100,0,31.95,101.01,0.00,400.00,null,null,null
2023-07-29T22:53:27Z,22.54,63.68,100,0,30.22,101.01,0.00,400.00,null,null,null
2023-07-29T22:54:27Z,22.50,63.75,100,0,29.90,101.02,0.00,400.00,null,null,null
2023-07-29T22:55:27Z,22.51,63.79,100,0,29.48,101.02,0.00,400.00,0,0,0
2023-07-29T22:56:27Z,22.51,63.76,100,0,29.82,101.01,0.00,400.00,null,null,null
2023-07-29T22:57:27Z,22.51,63.78,100,0,29.48,101.02,0.00,400.00,null,null,null
2023-07-29T22:58:27Z,22.51,63.80,100,0,28.77,101.01,0.00,400.00,null,null,null
2023-07-29T22:59:27Z,22.51,63.68,100,0,29.70,101.02,1.00,407.00,null,null,null
2023-07-29T23:00:27Z,22.48,63.75,100,0,30.08,101.03,1.00,410.00,1,1,1
2023-07-29T23:01:27Z,22.51,63.85,100,0,30.10,101.02,0.00,400.00,null,null,null
2023-07-29T23:02:27Z,22.53,63.75,100,0,29.68,101.03,1.00,407.00,null,null,null
2023-07-29T23:03:27Z,22.51,63.75,100,0,29.88,101.03,1.00,407.00,null,null,null
2023-07-29T23:04:27Z,22.50,63.83,100,0,29.08,101.03,1.00,407.00,null,null,null
2023-07-29T23:05:27Z,22.48,63.78,100,0,29.42,101.03,0.00,400.00,1,1,1
2023-07-29T23:06:27Z,22.50,63.84,100,0,30.07,101.04,0.00,400.00,null,null,null
2023-07-29T23:07:27Z,22.53,63.76,100,0,29.09,101.03,0.00,400.00,null,null,null
2023-07-29T23:08:27Z,22.51,63.79,100,0,28.89,101.03,1.00,407.00,null,null,null
2023-07-29T23:09:27Z,22.48,63.85,100,0,30.01,101.04,0.00,400.00,null,null,null
2023-07-29T23:10:27Z,22.48,63.80,100,0,29.15,101.04,0.00,400.00,1,1,7
2023-07-29T23:11:27Z,22.50,63.83,99,0,28.55,101.03,0.00,400.00,null,null,null
2023-07-29T23:12:27Z,22.51,63.73,100,0,29.28,101.04,0.00,400.00,null,null,null
2023-07-29T23:13:27Z,22.48,63.78,100,0,31.93,101.04,0.00,403.00,null,null,null
2023-07-29T23:14:27Z,22.46,63.78,100,0,29.58,101.04,0.00,403.00,null,null,null
2023-07-29T23:15:27Z,22.47,63.78,100,0,29.50,101.05,0.00,400.00,1,1,1
2023-07-29T23:16:27Z,22.48,63.84,100,0,29.47,101.05,0.00,400.00,null,null,null
2023-07-29T23:17:27Z,22.53,63.83,100,0,29.17,101.04,0.00,400.00,null,null,null
2023-07-29T23:18:27Z,22.47,63.80,100,0,29.77,101.05,0.00,400.00,null,null,null
2023-07-29T23:19:27Z,22.50,63.79,100,0,29.09,101.05,0.00,400.00,null,null,null
2023-07-29T23:20:27Z,22.48,63.84,100,0,29.86,101.05,0.00,400.00,0,0,0
2023-07-29T23:21:27Z,22.47,63.83,100,0,30.06,101.05,0.00,400.00,null,null,null
2023-07-29T23:22:27Z,22.50,63.84,100,0,29.27,101.05,0.00,400.00,null,null,null
2023-07-29T23:23:27Z,22.48,63.83,100,0,30.05,101.05,0.00,400.00,null,null,null
2023-07-29T23:24:27Z,22.47,63.77,100,0,30.07,101.05,0.00,400.00,null,null,null
2023-07-29T23:25:27Z,22.44,63.78,100,0,29.05,101.05,0.00,400.00,3,3,3
2023-07-29T23:26:27Z,22.48,63.77,100,0,28.98,101.05,0.00,400.00,null,null,null
2023-07-29T23:27:27Z,22.50,63.81,100,0,28.66,101.05,0.00,400.00,null,null,null
2023-07-29T23:28:27Z,22.47,63.79,100,0,28.78,101.05,0.00,400.00,null,null,null
2023-07-29T23:29:27Z,22.48,63.80,100,0,28.81,101.05,0.00,400.00,null,null,null
2023-07-29T23:30:27Z,22.46,63.81,100,0,29.46,101.05,0.00,400.00,1,1,1
2023-07-29T23:31:27Z,22.47,63.85,100,0,29.43,101.05,0.00,400.00,null,null,null
2023-07-29T23:32:27Z,22.47,63.85,100,0,30.01,101.05,0.00,400.00,null,null,null
2023-07-29T23:33:27Z,22.48,63.79,100,0,30.10,101.04,0.00,402.00,null,null,null
2023-07-29T23:34:27Z,22.50,63.84,100,0,31.57,101.05,0.00,400.00,null,null,null
2023-07-29T23:35:27Z,22.44,63.82,100,0,30.54,101.06,0.00,400.00,0,0,0
2023-07-29T23:36:27Z,22.48,63.87,100,0,28.78,101.05,0.00,400.00,null,null,null
2023-07-29T23:37:27Z,22.46,63.86,100,0,30.07,101.06,0.00,402.00,null,null,null
2023-07-29T23:38:27Z,22.48,63.83,100,0,29.37,101.06,0.00,402.00,null,null,null
2023-07-29T23:39:27Z,22.48,63.89,100,0,29.36,101.05,0.00,402.00,null,null,null
2023-07-29T23:40:27Z,22.46,63.85,100,0,29.38,101.06,0.00,402.00,1,1,1
2023-07-29T23:41:27Z,22.47,63.82,99,0,31.08,101.05,0.00,400.00,null,null,null
2023-07-29T23:42:27Z,22.46,63.79,100,0,30.15,101.05,0.00,402.00,null,null,null
2023-07-29T23:43:27Z,22.47,63.86,100,0,29.95,101.05,0.00,402.00,null,null,null
2023-07-29T23:44:27Z,22.47,63.86,100,0,29.35,101.05,0.00,402.00,null,null,null
2023-07-29T23:45:27Z,22.46,63.80,100,0,28.78,101.06,0.00,402.00,1,1,1
2023-07-29T23:46:27Z,22.46,63.77,100,0,30.35,101.05,0.00,400.00,null,null,null
2023-07-29T23:47:27Z,22.50,63.79,100,0,29.80,101.05,0.00,402.00,null,null,null
2023-07-29T23:48:27Z,22.47,63.84,100,0,30.01,101.05,0.00,400.00,null,null,null
2023-07-29T23:49:27Z,22.47,63.77,100,0,29.68,101.05,0.00,400.00,null,null,null
2023-07-29T23:50:27Z,22.47,63.94,100,0,30.05,101.05,0.00,400.00,1,1,1
2023-07-29T23:51:27Z,22.47,63.80,100,0,29.90,101.05,0.00,400.00,null,null,null
2023-07-29T23:52:27Z,22.46,63.82,100,0,29.57,101.05,0.00,400.00,null,null,null
2023-07-29T23:53:27Z,22.46,63.81,100,0,30.09,101.04,0.00,400.00,null,null,null
2023-07-29T23:54:27Z,22.46,63.81,100,0,32.44,101.04,0.00,400.00,null,null,null
2023-07-29T23:55:27Z,22.46,63.74,100,0,31.74,101.04,0.00,400.00,0,0,0
2023-07-29T23:56:27Z,22.46,63.81,100,0,29.50,101.03,0.00,400.00,null,null,null
2023-07-29T23:57:27Z,22.46,63.76,100,0,29.82,101.04,0.00,403.00,null,null,null
2023-07-29T23:58:27Z,22.46,63.77,100,0,29.60,101.04,0.00,400.00,null,null,null
2023-07-29T23:59:27Z,22.47,63.80,100,0,29.30,101.04,0.00,402.00,null,null,null
