TIME,TEMP,HUM,BATT,LIGHT,NOISE_A,PRESS,CCS811_VOCS,CCS811_ECO2,PM_1,PM_25,PM_10
ISO 8601,C,%,%,Lux,dBA,kPa,ppb,ppm,ug/m3,ug/m3,ug/m3
Time,Temperature,Humidity,Battery,Light,Noise dBA,Barometric pressure,VOC Gas CCS811,eCO2 Gas CCS811,PM 1.0,PM 2.5,PM 10.0
,55,56,10,14,53,58,113,112,89,87,88
2023-09-11T00:00:03Z,25.56,68.99,100,0,31.54,101.50,61.00,804.00,14,16,16
2023-09-11T00:01:03Z,25.56,69.00,100,0,33.23,101.50,60.00,795.00,null,null,null
2023-09-11T00:02:03Z,25.56,69.01,100,0,32.53,101.50,57.00,780.00,null,null,null
2023-09-11T00:03:03Z,25.57,69.03,100,0,31.60,101.50,56.00,772.00,null,null,null
2023-09-11T00:04:03Z,25.58,68.97,100,0,37.13,101.50,55.00,763.00,null,null,null
2023-09-11T00:05:03Z,25.57,69.03,100,0,34.68,101.50,55.00,763.00,7,8,8
2023-09-11T00:06:03Z,25.56,69.02,100,0,34.02,101.50,55.00,763.00,null,null,null
2023-09-11T00:07:03Z,25.57,69.03,100,0,32.12,101.50,53.00,754.00,null,null,null
2023-09-11T00:08:03Z,25.56,69.05,100,0,33.64,101.50,55.00,763.00,null,null,null
2023-09-11T00:09:03Z,25.57,68.98,100,0,32.27,101.50,52.00,744.00,null,null,null
2023-09-11T00:10:03Z,25.57,69.06,100,0,33.53,101.50,53.00,754.00,17,22,22
2023-09-11T00:11:03Z,25.57,69.08,100,0,31.83,101.50,51.00,735.00,null,null,null
2023-09-11T00:12:03Z,25.54,69.03,100,0,35.82,101.50,47.00,715.00,null,null,null
2023-09-11T00:13:03Z,25.57,69.03,100,0,33.16,101.50,51.00,735.00,null,null,null
2023-09-11T00:14:03Z,25.57,69.11,100,0,34.55,101.50,46.00,708.00,null,null,null
2023-09-11T00:15:03Z,25.54,69.10,100,0,32.55,101.50,49.00,728.00,13,17,28
2023-09-11T00:16:03Z,25.54,69.13,100,0,32.10,101.50,49.00,728.00,null,null,null
2023-09-11T00:17:03Z,25.57,69.07,100,0,32.13,101.50,47.00,715.00,null,null,null
2023-09-11T00:18:03Z,25.57,69.08,100,0,32.57,101.50,49.00,728.00,null,null,null
2023-09-11T00:19:03Z,25.54,69.05,100,0,33.23,101.49,49.00,728.00,null,null,null
2023-09-11T00:20:03Z,25.56,68.99,100,0,35.32,101.49,47.00,715.00,16,18,18
2023-09-11T00:21:03Z,25.56,69.03,100,0,38.53,101.50,47.00,715.00,null,null,null
2023-09-11T00:22:03Z,25.58,69.13,100,0,35.10,101.49,46.00,708.00,null,null,null
2023-09-11T00:23:03Z,25.56,69.15,100,0,31.59,101.49,46.00,708.00,null,null,null
2023-09-11T00:24:03Z,25.54,69.23,100,0,32.10,101.49,46.00,708.00,null,null,null
2023-09-11T00:25:03Z,25.53,69.26,100,0,35.58,101.49,46.00,708.00,11,13,13
2023-09-11T00:26:03Z,25.58,69.27,100,0,34.29,101.49,44.00,694.00,null,null,null
2023-09-11T00:27:03Z,25.54,69.14,100,0,34.85,101.48,44.00,694.00,null,null,null
2023-09-11T00:28:03Z,25.53,69.14,100,0,32.46,101.48,44.00,692.00,null,null,null
2023-09-11T00:29:03Z,25.57,69.22,100,0,34.08,101.48,40.00,666.00,null,null,null
2023-09-11T00:30:03Z,25.54,69.11,100,0,33.96,101.48,40.00,666.00,13,14,14
2023-09-11T00:31:03Z,25.56,68.97,100,0,32.60,101.48,43.00,683.00,null,null,null
2023-09-11T00:32:03Z,25.56,69.11,100,0,31.50,101.48,43.00,683.00,null,null,null
2023-09-11T00:33:03Z,25.54,69.05,100,0,33.88,101.48,43.00,683.00,null,null,null
2023-09-11T00:34:03Z,25.54,69.17,100,0,32.47,101.48,41.00,674.00,null,null,null
2023-09-11T00:35:03Z,25.53,69.22,100,0,34.66,101.48,41.00,674.00,14,18,18
2023-09-11T00:36:03Z,25.54,69.23,100,0,32.17,101.48,35.00,633.00,null,null,null
2023-09-11T00:37:03Z,25.57,69.21,100,0,null,101.48,40.00,666.00,null,null,null
2023-09-11T00:38:03Z,25.54,69.10,100,0,34.07,101.47,35.00,633.00,null,null,null
2023-09-11T00:39:03Z,25.50,69.22,100,0,34.88,101.47,39.00,657.00,null,null,null
2023-09-11T00:40:03Z,25.54,68.69,100,0,31.79,101.47,36.00,640.00,14,15,15
2023-09-11T00:41:03Z,25.54,69.12,100,0,31.28,101.47,35.00,631.00,null,null,null
2023-09-11T00:42:03Z,25.53,69.32,100,0,33.01,101.48,33.00,617.00,null,null,null
2023-09-11T00:43:03Z,25.56,69.18,100,0,32.13,101.47,32.00,612.00,null,null,null
2023-09-11T00:44:03Z,25.51,69.41,100,0,33.57,101.48,33.00,617.00,null,null,null
2023-09-11T00:45:03Z,25.50,69.38,100,0,32.74,101.48,32.00,612.00,9,12,12
2023-09-11T00:46:03Z,25.50,69.49,100,0,33.08,101.47,30.00,597.00,null,null,null
2023-09-11T00:47:03Z,25.51,69.53,100,0,33.06,101.47,30.00,603.00,null,null,null
2023-09-11T00:48:03Z,25.53,69.48,100,0,31.82,101.47,30.00,603.00,null,null,null
2023-09-11T00:49:03Z,25.50,69.45,100,0,35.80,101.47,30.00,603.00,null,null,null
2023-09-11T00:50:03Z,25.50,69.42,100,0,32.14,101.46,30.00,603.00,13,14,14
2023-09-11T00:51:03Z,25.51,69.69,100,0,33.19,101.47,30.00,597.00,null,null,null
2023-09-11T00:52:03Z,25.53,69.60,100,0,35.44,101.47,29.00,591.00,null,null,null
2023-09-11T00:53:03Z,25.47,69.59,100,0,34.07,101.47,29.00,591.00,null,null,null
2023-09-11T00:54:03Z,25.49,69.59,100,0,38.47,101.46,28.00,584.00,null,null,null
2023-09-11T00:55:03Z,25.51,69.54,100,0,31.92,101.46,30.00,603.00,16,23,23
2023-09-11T00:56:03Z,25.53,69.56,100,0,33.24,101.47,29.00,591.00,null,null,null
2023-09-11T00:57:03Z,25.50,69.61,100,0,31.70,101.46,29.00,591.00,null,null,null
2023-09-11T00:58:03Z,25.51,69.58,100,0,32.45,101.47,30.00,597.00,null,null,null
2023-09-11T00:59:03Z,25.47,69.42,100,0,34.20,101.46,28.00,584.00,null,null,null
2023-09-11T01:00:03Z,25.49,69.55,100,0,31.85,101.46,29.00,591.00,19,20,20
2023-09-11T01:01:03Z,25.47,69.59,100,0,31.92,101.46,25.00,565.00,null,null,null
2023-09-11T01:02:03Z,25.49,69.63,100,0,33.31,101.46,28.00,584.00,null,null,null
2023-09-11T01:03:03Z,25.50,69.70,100,0,35.28,101.46,28.00,584.00,null,null,null
2023-09-11T01:04:03Z,25.50,69.65,100,0,32.60,101.46,28.00,584.00,null,null,null
2023-09-11T01:05:03Z,25.47,69.84,100,0,36.16,101.46,28.00,584.00,13,16,16
2023-09-11T01:06:03Z,25.47,69.46,100,0,32.68,101.46,27.00,578.00,null,null,null
2023-09-11T01:07:03Z,25.49,69.73,100,0,34.03,101.46,28.00,584.00,null,null,null
2023-09-11T01:08:03Z,25.49,69.72,100,0,33.20,101.46,26.00,577.00,null,null,null
2023-09-11T01:09:03Z,25.47,69.74,100,0,33.38,101.46,26.00,577.00,null,null,null
2023-09-11T01:10:03Z,25.46,69.74,100,0,31.63,101.47,25.00,570.00,8,12,12
2023-09-11T01:11:03Z,25.47,69.66,100,0,32.41,101.46,23.00,551.00,null,null,null
2023-09-11T01:12:03Z,25.47,69.73,100,0,32.41,101.46,25.00,565.00,null,null,null
2023-09-11T01:13:03Z,25.46,69.54,100,0,33.59,101.46,25.00,565.00,null,null,null
2023-09-11T01:14:03Z,25.45,69.68,100,0,34.12,101.46,23.00,555.00,null,null,null
2023-09-11T01:15:03Z,25.45,69.79,100,0,33.61,101.46,23.00,551.00,11,13,13
2023-09-11T01:16:03Z,25.46,69.79,100,0,35.52,101.46,21.00,540.00,null,null,null
2023-09-11T01:17:03Z,25.46,69.24,100,0,34.62,101.46,21.00,540.00,null,null,null
2023-09-11T01:18:03Z,25.43,69.49,100,0,35.25,101.46,21.00,540.00,null,null,null
2023-09-11T01:19:03Z,25.43,69.78,100,0,32.65,101.46,21.00,539.00,null,null,null
2023-09-11T01:20:03Z,25.42,69.88,100,0,33.74,101.45,21.00,540.00,18,23,23
2023-09-11T01:21:03Z,25.43,69.63,100,0,31.96,101.45,20.00,534.00,null,null,null
2023-09-11T01:22:03Z,25.45,69.72,100,0,34.58,101.45,23.00,551.00,null,null,null
2023-09-11T01:23:03Z,25.46,69.78,100,0,31.87,101.46,23.00,555.00,null,null,null
2023-09-11T01:24:03Z,25.45,69.87,100,0,34.37,101.46,23.00,551.00,null,null,null
2023-09-11T01:25:03Z,25.42,69.87,100,0,31.62,101.45,23.00,551.00,11,17,17
2023-09-11T01:26:03Z,25.43,69.89,100,0,33.12,101.46,22.00,546.00,null,null,null
2023-09-11T01:27:03Z,25.46,69.80,100,0,33.94,101.46,22.00,546.00,null,null,null
2023-09-11T01:28:03Z,25.42,69.66,100,0,32.12,101.46,23.00,551.00,null,null,null
2023-09-11T01:29:03Z,25.43,69.75,100,0,33.42,101.46,23.00,551.00,null,null,null
2023-09-11T01:30:03Z,25.42,69.75,100,0,31.68,101.46,22.00,546.00,11,18,18
2023-09-11T01:31:03Z,25.39,69.10,100,0,33.18,101.46,21.00,540.00,null,null,null
2023-09-11T01:32:03Z,25.42,69.60,100,0,35.32,101.46,21.00,543.00,null,null,null
2023-09-11T01:33:03Z,25.40,69.61,100,0,32.06,101.46,18.00,519.00,null,null,null
2023-09-11T01:34:03Z,25.39,69.61,100,0,31.12,101.46,16.00,506.00,null,null,null
2023-09-11T01:35:03Z,25.42,69.72,100,0,32.67,101.46,19.00,531.00,12,19,19
2023-09-11T01:36:03Z,25.39,69.72,100,0,31.45,101.46,19.00,531.00,null,null,null
2023-09-11T01:37:03Z,25.42,69.59,100,0,33.03,101.47,19.00,531.00,null,null,null
2023-09-11T01:38:03Z,25.40,69.53,100,0,35.78,101.47,21.00,539.00,null,null,null
2023-09-11T01:39:03Z,25.40,69.70,100,0,34.42,101.46,16.00,506.00,null,null,null
2023-09-11T01:40:03Z,25.37,69.78,100,0,36.25,101.47,19.00,531.00,14,19,19
2023-09-11T01:41:03Z,25.37,69.46,100,0,32.01,101.46,19.00,531.00,null,null,null
2023-09-11T01:42:03Z,25.42,69.55,100,0,33.98,101.46,21.00,540.00,null,null,null
2023-09-11T01:43:03Z,25.37,69.61,100,0,32.33,101.46,21.00,539.00,null,null,null
2023-09-11T01:44:03Z,25.39,69.49,100,0,32.76,101.47,18.00,519.00,null,null,null
2023-09-11T01:45:03Z,25.37,69.69,100,0,31.51,101.46,18.00,519.00,12,17,17
2023-09-11T01:46:03Z,25.37,69.75,100,0,34.23,101.46,16.00,506.00,null,null,null
2023-09-11T01:47:03Z,25.39,69.61,100,0,32.19,101.47,21.00,540.00,null,null,null
2023-09-11T01:48:03Z,25.39,69.69,100,0,33.97,101.46,22.00,545.00,null,null,null
2023-09-11T01:49:03Z,25.39,69.69,100,0,35.89,101.46,25.00,565.00,null,null,null
2023-09-11T01:50:03Z,25.39,69.75,100,0,33.64,101.46,25.00,570.00,14,20,20
2023-09-11T01:51:03Z,25.39,69.70,100,0,31.92,101.46,27.00,578.00,null,null,null
2023-09-11T01:52:03Z,25.40,69.67,100,0,32.40,101.46,30.00,597.00,null,null,null
2023-09-11T01:53:03Z,25.37,69.71,100,0,32.88,101.47,26.00,577.00,null,null,null
2023-09-11T01:54:03Z,25.39,69.66,100,0,33.69,101.46,30.00,603.00,null,null,null
2023-09-11T01:55:03Z,25.37,69.71,100,0,33.32,101.46,32.00,612.00,6,14,14
2023-09-11T01:56:03Z,25.40,69.59,100,0,33.33,101.46,32.00,612.00,null,null,null
2023-09-11T01:57:03Z,25.39,69.38,100,0,33.04,101.46,32.00,612.00,null,null,null
2023-09-11T01:58:03Z,25.40,69.48,100,0,32.04,101.46,32.00,612.00,null,null,null
2023-09-11T01:59:03Z,25.40,69.56,100,0,35.31,101.46,36.00,641.00,null,null,null
2023-09-11T02:00:03Z,25.37,69.50,100,0,32.06,101.46,35.00,634.00,6,12,12
2023-09-11T02:01:03Z,25.40,69.64,100,0,32.84,101.46,42.00,678.00,null,null,null
2023-09-11T02:02:03Z,25.39,69.61,100,0,33.12,101.45,43.00,686.00,null,null,null
2023-09-11T02:03:03Z,25.39,69.27,100,0,34.19,101.45,42.00,678.00,null,null,null
2023-09-11T02:04:03Z,25.37,69.48,100,0,33.76,101.46,42.00,678.00,null,null,null
2023-09-11T02:05:03Z,25.39,69.55,100,0,33.63,101.45,43.00,686.00,14,21,21
2023-09-11T02:06:03Z,25.39,69.49,100,0,35.88,101.45,44.00,694.00,null,null,null
2023-09-11T02:07:03Z,25.39,69.54,100,0,35.91,101.45,44.00,694.00,null,null,null
2023-09-11T02:08:03Z,25.39,69.66,100,0,33.29,101.45,46.00,702.00,null,null,null
2023-09-11T02:09:03Z,25.39,69.68,100,0,32.91,101.45,42.00,678.00,null,null,null
2023-09-11T02:10:03Z,25.36,69.65,100,0,32.13,101.45,42.00,678.00,16,17,17
2023-09-11T02:11:03Z,25.39,69.76,100,0,33.11,101.46,40.00,668.00,null,null,null
2023-09-11T02:12:03Z,25.37,69.62,100,0,31.18,101.46,41.00,672.00,null,null,null
2023-09-11T02:13:03Z,25.39,69.61,100,0,33.89,101.46,46.00,702.00,null,null,null
2023-09-11T02:14:03Z,25.36,69.45,100,0,31.92,101.46,42.00,678.00,null,null,null
2023-09-11T02:15:03Z,25.36,69.41,100,0,31.45,101.46,40.00,668.00,9,12,12
2023-09-11T02:16:03Z,25.36,69.61,100,0,33.65,101.46,39.00,659.00,null,null,null
2023-09-11T02:17:03Z,25.39,69.52,100,0,36.07,101.46,43.00,686.00,null,null,null
2023-09-11T02:18:03Z,25.37,69.57,100,0,34.75,101.46,38.00,652.00,null,null,null
2023-09-11T02:19:03Z,25.36,69.63,100,0,32.05,101.46,42.00,678.00,null,null,null
2023-09-11T02:20:03Z,25.33,69.67,100,0,31.70,101.45,42.00,678.00,16,21,21
2023-09-11T02:21:03Z,25.36,69.59,100,0,33.86,101.46,39.00,659.00,null,null,null
2023-09-11T02:22:03Z,25.35,69.64,100,0,35.42,101.45,39.00,659.00,null,null,null
2023-09-11T02:23:03Z,25.36,69.69,100,0,35.00,101.45,39.00,659.00,null,null,null
2023-09-11T02:24:03Z,25.33,69.59,100,0,34.37,101.45,38.00,652.00,null,null,null
2023-09-11T02:25:03Z,25.33,69.52,100,0,35.21,101.45,35.00,634.00,10,16,16
2023-09-11T02:26:03Z,25.33,69.60,100,0,32.44,101.45,38.00,652.00,null,null,null
2023-09-11T02:27:03Z,25.36,69.52,100,0,34.23,101.45,39.00,659.00,null,null,null
2023-09-11T02:28:03Z,25.30,69.65,100,0,36.10,101.45,39.00,659.00,null,null,null
2023-09-11T02:29:03Z,25.35,69.60,100,0,35.85,101.45,39.00,659.00,null,null,null
2023-09-11T02:30:03Z,25.29,69.77,100,0,35.63,101.45,39.00,659.00,13,19,19
2023-09-11T02:31:03Z,25.32,69.85,100,0,33.66,101.45,38.00,653.00,null,null,null
2023-09-11T02:32:03Z,25.33,69.79,100,0,31.41,101.45,37.00,646.00,null,null,null
2023-09-11T02:33:03Z,25.29,69.86,100,0,32.92,101.46,42.00,679.00,null,null,null
2023-09-11T02:34:03Z,25.33,69.88,100,0,32.77,101.45,38.00,653.00,null,null,null
2023-09-11T02:35:03Z,25.32,69.92,100,0,32.82,101.45,42.00,679.00,17,19,19
2023-09-11T02:36:03Z,25.32,69.93,100,0,32.95,101.45,41.00,672.00,null,null,null
2023-09-11T02:37:03Z,25.33,70.00,100,0,32.53,101.45,42.00,679.00,null,null,null
2023-09-11T02:38:03Z,25.30,69.95,100,0,33.07,101.45,42.00,679.00,null,null,null
2023-09-11T02:39:03Z,25.32,69.92,100,0,32.91,101.45,43.00,688.00,null,null,null
2023-09-11T02:40:03Z,25.30,69.87,100,0,32.33,101.45,38.00,653.00,13,15,15
2023-09-11T02:41:03Z,25.30,69.92,100,0,32.73,101.45,42.00,679.00,null,null,null
2023-09-11T02:42:03Z,25.27,69.88,100,0,31.84,101.45,41.00,672.00,null,null,null
2023-09-11T02:43:03Z,25.30,69.84,100,0,32.70,101.44,42.00,679.00,null,null,null
2023-09-11T02:44:03Z,25.27,69.90,100,0,33.89,101.44,41.00,672.00,null,null,null
2023-09-11T02:45:03Z,25.29,69.91,100,0,32.03,101.44,41.00,672.00,13,20,20
2023-09-11T02:46:03Z,25.30,70.02,100,0,32.94,101.44,41.00,672.00,null,null,null
2023-09-11T02:47:03Z,25.29,70.02,100,0,32.70,101.44,41.00,672.00,null,null,null
2023-09-11T02:48:03Z,25.29,69.70,100,0,34.85,101.43,39.00,660.00,null,null,null
2023-09-11T02:49:03Z,25.26,69.80,100,0,33.20,101.44,40.00,668.00,null,null,null
2023-09-11T02:50:03Z,25.27,69.88,100,0,33.66,101.44,38.00,653.00,10,11,27
2023-09-11T02:51:03Z,25.30,69.95,100,0,34.36,101.44,38.00,653.00,null,null,null
2023-09-11T02:52:03Z,25.30,70.03,100,0,34.10,101.44,38.00,653.00,null,null,null
2023-09-11T02:53:03Z,25.29,69.97,100,0,37.76,101.43,38.00,653.00,null,null,null
2023-09-11T02:54:03Z,25.25,70.15,100,0,35.19,101.43,36.00,637.00,null,null,null
2023-09-11T02:55:03Z,25.30,70.22,100,0,30.95,101.44,38.00,653.00,19,22,22
2023-09-11T02:56:03Z,25.29,70.26,100,0,31.71,101.44,38.00,653.00,null,null,null
2023-09-11T02:57:03Z,25.29,70.20,100,0,33.28,101.44,37.00,649.00,null,null,null
2023-09-11T02:58:03Z,25.32,70.33,100,0,34.25,101.44,36.00,637.00,null,null,null
2023-09-11T02:59:03Z,25.29,70.35,100,0,34.08,101.44,40.00,666.00,null,null,null
2023-09-11T03:00:03Z,25.29,70.37,100,0,32.98,101.44,40.00,666.00,15,22,22
2023-09-11T03:01:03Z,25.32,70.27,100,0,31.06,101.45,68.00,848.00,null,null,null
2023-09-11T03:02:03Z,25.30,70.20,100,0,36.16,101.45,82.00,942.00,null,null,null
2023-09-11T03:03:03Z,25.32,70.21,100,0,33.46,101.44,93.00,1017.00,null,null,null
2023-09-11T03:04:03Z,25.30,70.26,100,0,30.99,101.45,104.00,1083.00,null,null,null
2023-09-11T03:05:03Z,25.29,70.25,100,0,31.98,101.44,106.00,1099.00,15,16,16
2023-09-11T03:06:03Z,25.32,70.25,100,0,34.23,101.45,106.00,1099.00,null,null,null
2023-09-11T03:07:03Z,25.32,70.15,100,0,33.98,101.45,117.00,1168.00,null,null,null
2023-09-11T03:08:03Z,25.30,70.17,100,0,32.98,101.44,118.00,1178.00,null,null,null
2023-09-11T03:09:03Z,25.30,70.10,100,0,34.79,101.44,120.00,1191.00,null,null,null
2023-09-11T03:10:03Z,25.30,70.10,100,0,34.28,101.44,120.00,1191.00,12,16,16
2023-09-11T03:11:03Z,25.33,70.11,100,0,33.85,101.45,120.00,1191.00,null,null,null
2023-09-11T03:12:03Z,25.30,70.10,100,0,35.57,101.45,120.00,1191.00,null,null,null
2023-09-11T03:13:03Z,25.30,70.14,100,0,31.90,101.44,118.00,1178.00,null,null,null
2023-09-11T03:14:03Z,25.27,70.11,100,0,32.68,101.44,118.00,1178.00,null,null,null
2023-09-11T03:15:03Z,25.27,70.14,100,0,34.98,101.44,118.00,1178.00,9,9,9
2023-09-11T03:16:03Z,25.29,70.17,100,0,32.74,101.44,115.00,1159.00,null,null,null
2023-09-11T03:17:03Z,25.30,70.19,100,0,33.03,101.44,115.00,1159.00,null,null,null
2023-09-11T03:18:03Z,25.30,70.15,100,0,32.90,101.44,115.00,1159.00,null,null,null
2023-09-11T03:19:03Z,25.29,70.13,100,0,33.36,101.44,112.00,1140.00,null,null,null
2023-09-11T03:20:03Z,25.30,69.96,100,0,31.63,101.43,105.00,1095.00,9,26,33
2023-09-11T03:21:03Z,25.32,70.07,100,0,35.12,101.43,107.00,1107.00,null,null,null
2023-09-11T03:22:03Z,25.32,70.00,100,0,34.17,101.43,105.00,1095.00,null,null,null
2023-09-11T03:23:03Z,25.30,70.00,100,0,33.39,101.43,104.00,1083.00,null,null,null
2023-09-11T03:24:03Z,25.29,70.04,100,0,35.38,101.43,100.00,1062.00,null,null,null
2023-09-11T03:25:03Z,25.29,69.85,100,0,31.99,101.43,100.00,1062.00,10,12,12
2023-09-11T03:26:03Z,25.30,70.00,100,0,36.32,101.43,97.00,1038.00,null,null,null
2023-09-11T03:27:03Z,25.30,69.99,100,0,31.60,101.44,93.00,1017.00,null,null,null
2023-09-11T03:28:03Z,25.29,69.81,100,0,34.54,101.43,91.00,1001.00,null,null,null
2023-09-11T03:29:03Z,25.27,69.84,100,0,33.33,101.43,87.00,977.00,null,null,null
2023-09-11T03:30:03Z,25.26,69.69,100,0,35.90,101.43,83.00,951.00,12,21,21
2023-09-11T03:31:03Z,25.30,69.53,100,0,34.83,101.43,83.00,949.00,null,null,null
2023-09-11T03:32:03Z,25.30,69.57,100,0,31.55,101.43,73.00,885.00,null,null,null
2023-09-11T03:33:03Z,25.27,69.67,100,0,33.72,101.43,75.00,897.00,null,null,null
2023-09-11T03:34:03Z,25.27,69.73,100,0,32.28,101.43,68.00,848.00,null,null,null
2023-09-11T03:35:03Z,25.26,69.75,100,0,32.84,101.43,70.00,865.00,15,20,20
2023-09-11T03:36:03Z,25.26,69.88,100,0,39.15,101.43,67.00,840.00,null,null,null
2023-09-11T03:37:03Z,25.29,69.83,100,0,34.11,101.43,64.00,821.00,null,null,null
2023-09-11T03:38:03Z,25.27,69.81,100,0,33.97,101.43,64.00,821.00,null,null,null
2023-09-11T03:39:03Z,25.22,69.82,100,0,34.59,101.42,64.00,821.00,null,null,null
2023-09-11T03:40:03Z,25.22,69.85,100,0,34.83,101.41,64.00,821.00,6,9,9
2023-09-11T03:41:03Z,25.25,69.93,100,0,33.49,101.42,73.00,882.00,null,null,null
2023-09-11T03:42:03Z,25.25,69.90,100,0,36.06,101.42,62.00,813.00,null,null,null
2023-09-11T03:43:03Z,25.26,69.98,100,0,33.09,101.42,76.00,900.00,null,null,null
2023-09-11T03:44:03Z,25.27,69.96,100,0,32.10,101.42,85.00,964.00,null,null,null
2023-09-11T03:45:03Z,25.26,69.88,100,0,34.60,101.42,89.00,990.00,6,6,6
2023-09-11T03:46:03Z,25.27,69.90,100,0,40.03,101.42,91.00,1001.00,null,null,null
2023-09-11T03:47:03Z,25.26,69.98,100,0,33.79,101.43,91.00,1001.00,null,null,null
2023-09-11T03:48:03Z,25.27,70.13,100,0,34.84,101.42,100.00,1062.00,null,null,null
2023-09-11T03:49:03Z,25.27,70.05,100,0,31.96,101.42,100.00,1062.00,null,null,null
2023-09-11T03:50:03Z,25.26,70.07,100,0,32.50,101.42,99.00,1050.00,9,12,12
2023-09-11T03:51:03Z,25.27,70.07,100,0,32.75,101.42,99.00,1050.00,null,null,null
2023-09-11T03:52:03Z,25.27,70.00,100,0,32.85,101.42,99.00,1050.00,null,null,null
2023-09-11T03:53:03Z,25.29,69.98,100,0,33.69,101.42,99.00,1050.00,null,null,null
2023-09-11T03:54:03Z,25.26,70.00,100,0,33.47,101.42,97.00,1038.00,null,null,null
2023-09-11T03:55:03Z,25.29,70.04,100,0,32.99,101.41,99.00,1050.00,8,13,13
2023-09-11T03:56:03Z,25.30,69.99,100,0,31.26,101.42,91.00,1001.00,null,null,null
2023-09-11T03:57:03Z,25.30,69.95,100,0,32.27,101.42,97.00,1038.00,null,null,null
2023-09-11T03:58:03Z,25.27,69.87,100,0,33.86,101.42,93.00,1017.00,null,null,null
2023-09-11T03:59:03Z,25.32,69.97,100,0,40.95,101.42,93.00,1017.00,null,null,null
2023-09-11T04:00:03Z,25.26,69.86,100,0,32.36,101.42,91.00,1001.00,9,9,9
2023-09-11T04:01:03Z,25.30,69.86,100,0,38.88,101.42,83.00,951.00,null,null,null
2023-09-11T04:02:03Z,25.29,69.80,100,0,34.99,101.42,83.00,951.00,null,null,null
2023-09-11T04:03:03Z,25.33,69.80,100,0,35.18,101.42,89.00,990.00,null,null,null
2023-09-11T04:04:03Z,25.27,69.82,100,0,34.54,101.42,87.00,977.00,null,null,null
2023-09-11T04:05:03Z,25.30,69.80,100,0,32.63,101.42,85.00,964.00,6,7,7
2023-09-11T04:06:03Z,25.29,69.88,100,0,36.58,101.42,82.00,940.00,null,null,null
2023-09-11T04:07:03Z,25.30,69.73,100,0,32.82,101.41,83.00,951.00,null,null,null
2023-09-11T04:08:03Z,25.30,69.77,100,0,42.02,101.41,77.00,907.00,null,null,null
2023-09-11T04:09:03Z,25.30,69.74,100,0,33.17,101.41,74.00,889.00,null,null,null
2023-09-11T04:10:03Z,25.30,69.69,100,0,34.25,101.41,79.00,920.00,7,12,12
2023-09-11T04:11:03Z,25.30,69.79,100,0,34.97,101.41,79.00,920.00,null,null,null
2023-09-11T04:12:03Z,25.32,69.72,100,0,34.18,101.42,78.00,913.00,null,null,null
2023-09-11T04:13:03Z,25.30,69.68,100,0,34.05,101.41,72.00,874.00,null,null,null
2023-09-11T04:14:03Z,25.30,69.60,100,0,34.21,101.41,77.00,907.00,null,null,null
2023-09-11T04:15:03Z,25.29,69.54,100,0,33.71,101.41,75.00,897.00,11,11,11
2023-09-11T04:16:03Z,25.32,69.63,100,0,33.95,101.42,68.00,848.00,null,null,null
2023-09-11T04:17:03Z,25.29,69.61,100,0,32.68,101.42,72.00,874.00,null,null,null
2023-09-11T04:18:03Z,25.32,69.41,100,0,34.25,101.42,70.00,865.00,null,null,null
2023-09-11T04:19:03Z,25.30,69.48,100,0,32.57,101.42,68.00,848.00,null,null,null
2023-09-11T04:20:03Z,25.29,69.49,100,0,32.09,101.42,68.00,848.00,8,10,10
2023-09-11T04:21:03Z,25.30,69.36,100,0,32.82,101.42,63.00,819.00,null,null,null
2023-09-11T04:22:03Z,25.30,69.28,100,0,32.85,101.42,63.00,819.00,null,null,null
2023-09-11T04:23:03Z,25.30,69.33,100,0,36.22,101.43,61.00,806.00,null,null,null
2023-09-11T04:24:03Z,25.29,69.28,100,0,33.46,101.42,58.00,787.00,null,null,null
2023-09-11T04:25:03Z,25.29,69.35,100,0,35.72,101.42,58.00,787.00,7,10,10
2023-09-11T04:26:03Z,25.27,69.27,100,0,33.50,101.42,58.00,787.00,null,null,null
2023-09-11T04:27:03Z,25.30,69.26,100,0,34.51,101.42,58.00,787.00,null,null,null
2023-09-11T04:28:03Z,25.30,69.27,100,0,32.14,101.42,61.00,806.00,null,null,null
2023-09-11T04:29:03Z,25.27,69.26,100,0,31.95,101.42,68.00,848.00,null,null,null
2023-09-11T04:30:03Z,25.27,69.27,100,0,32.61,101.42,68.00,848.00,11,15,15
2023-09-11T04:31:03Z,25.30,69.21,100,0,31.80,101.43,77.00,907.00,null,null,null
2023-09-11T04:32:03Z,25.29,69.16,100,0,34.53,101.43,82.00,940.00,null,null,null
2023-09-11T04:33:03Z,25.30,69.22,100,0,33.73,101.42,84.00,956.00,null,null,null
2023-09-11T04:34:03Z,25.27,69.13,100,0,34.76,101.42,86.00,967.00,null,null,null
2023-09-11T04:35:03Z,25.26,69.22,100,0,33.86,101.42,88.00,981.00,9,16,16
2023-09-11T04:36:03Z,25.26,69.26,100,0,33.13,101.42,88.00,981.00,null,null,null
2023-09-11T04:37:03Z,25.29,69.28,100,0,34.03,101.43,89.00,987.00,null,null,null
2023-09-11T04:38:03Z,25.27,69.28,100,0,32.69,101.42,90.00,997.00,null,null,null
2023-09-11T04:39:03Z,25.26,69.24,100,0,33.63,101.42,90.00,997.00,null,null,null
2023-09-11T04:40:03Z,25.26,69.30,100,0,34.00,101.42,93.00,1017.00,3,5,5
2023-09-11T04:41:03Z,25.26,69.29,100,0,32.82,101.42,87.00,972.00,null,null,null
2023-09-11T04:42:03Z,25.27,69.09,100,0,32.88,101.42,92.00,1009.00,null,null,null
2023-09-11T04:43:03Z,25.27,69.07,100,0,32.65,101.43,86.00,967.00,null,null,null
2023-09-11T04:44:03Z,25.27,69.10,100,0,34.29,101.43,84.00,956.00,null,null,null
2023-09-11T04:45:03Z,25.23,69.16,100,0,30.99,101.43,82.00,940.00,16,19,31
2023-09-11T04:46:03Z,25.25,69.18,100,0,31.56,101.43,99.00,1053.00,null,null,null
2023-09-11T04:47:03Z,25.26,69.03,100,0,36.45,101.44,80.00,927.00,null,null,null
2023-09-11T04:48:03Z,25.26,69.07,100,0,34.10,101.44,76.00,905.00,null,null,null
2023-09-11T04:49:03Z,25.22,69.14,100,0,34.14,101.43,76.00,905.00,null,null,null
2023-09-11T04:50:03Z,25.22,69.24,100,0,34.99,101.43,82.00,940.00,7,7,7
2023-09-11T04:51:03Z,25.25,69.19,100,0,34.34,101.44,93.00,1017.00,null,null,null
2023-09-11T04:52:03Z,25.25,69.24,100,0,34.31,101.43,82.00,940.00,null,null,null
2023-09-11T04:53:03Z,25.23,69.10,100,0,36.39,101.43,76.00,905.00,null,null,null
2023-09-11T04:54:03Z,25.25,69.15,100,0,35.47,101.43,92.00,1007.00,null,null,null
2023-09-11T04:55:03Z,25.26,69.10,100,0,33.43,101.43,80.00,927.00,7,9,9
2023-09-11T04:56:03Z,25.23,69.07,100,0,35.83,101.43,78.00,915.00,null,null,null
2023-09-11T04:57:03Z,25.26,69.03,100,0,33.16,101.43,86.00,967.00,null,null,null
2023-09-11T04:58:03Z,25.23,69.00,100,0,38.80,101.43,78.00,915.00,null,null,null
2023-09-11T04:59:03Z,25.23,69.05,100,0,37.69,101.43,84.00,956.00,null,null,null
2023-09-11T05:00:03Z,25.23,69.24,100,0,35.42,101.43,88.00,981.00,8,8,8
2023-09-11T05:01:03Z,25.22,69.13,100,0,34.37,101.43,88.00,981.00,null,null,null
2023-09-11T05:02:03Z,25.23,69.17,100,0,32.78,101.43,86.00,967.00,null,null,null
2023-09-11T05:03:03Z,25.25,69.16,100,0,34.12,101.43,90.00,992.00,null,null,null
2023-09-11T05:04:03Z,25.21,69.05,100,0,34.09,101.43,76.00,905.00,null,null,null
2023-09-11T05:05:03Z,25.23,69.10,100,0,38.82,101.43,86.00,967.00,9,12,23
2023-09-11T05:06:03Z,25.23,69.06,100,0,35.55,101.44,80.00,927.00,null,null,null
2023-09-11T05:07:03Z,25.23,69.08,100,0,41.71,101.43,83.00,945.00,null,null,null
2023-09-11T05:08:03Z,25.23,69.00,100,0,34.84,101.43,83.00,945.00,null,null,null
2023-09-11T05:09:03Z,25.22,69.07,100,0,37.25,101.44,77.00,907.00,null,null,null
2023-09-11T05:10:03Z,25.23,69.01,100,0,38.83,101.43,80.00,927.00,12,13,13
2023-09-11T05:11:03Z,25.25,69.00,100,0,34.59,101.43,73.00,882.00,null,null,null
2023-09-11T05:12:03Z,25.25,68.81,100,0,36.34,101.44,65.00,827.00,null,null,null
2023-09-11T05:13:03Z,25.21,68.83,100,0,35.53,101.44,65.00,827.00,null,null,null
2023-09-11T05:14:03Z,25.22,68.87,100,0,32.45,101.43,57.00,780.00,null,null,null
2023-09-11T05:15:03Z,25.21,68.92,100,0,33.68,101.43,71.00,872.00,3,4,4
2023-09-11T05:16:03Z,25.21,68.93,100,0,32.69,101.44,67.00,846.00,null,null,null
2023-09-11T05:17:03Z,25.25,69.02,100,0,40.62,101.44,67.00,846.00,null,null,null
2023-09-11T05:18:03Z,25.23,69.06,100,0,33.13,101.44,56.00,772.00,null,null,null
2023-09-11T05:19:03Z,25.23,69.01,100,0,44.77,101.44,66.00,836.00,null,null,null
2023-09-11T05:20:03Z,25.22,68.76,100,0,33.99,101.44,61.00,806.00,12,14,14
2023-09-11T05:21:03Z,25.22,69.04,100,0,37.48,101.44,63.00,817.00,null,null,null
2023-09-11T05:22:03Z,25.23,69.21,100,0,35.79,101.44,63.00,817.00,null,null,null
2023-09-11T05:23:03Z,25.21,68.89,100,0,33.35,101.44,61.00,806.00,null,null,null
2023-09-11T05:24:03Z,25.23,68.92,100,0,42.03,101.43,61.00,806.00,null,null,null
2023-09-11T05:25:03Z,25.19,68.97,100,0,34.27,101.44,60.00,798.00,5,7,7
2023-09-11T05:26:03Z,25.19,68.78,100,0,40.03,101.44,57.00,778.00,null,null,null
2023-09-11T05:27:03Z,25.19,68.86,100,0,32.56,101.44,57.00,778.00,null,null,null
2023-09-11T05:28:03Z,25.19,68.97,100,0,32.99,101.44,56.00,770.00,null,null,null
2023-09-11T05:29:03Z,25.21,69.03,100,0,34.28,101.44,53.00,752.00,null,null,null
2023-09-11T05:30:03Z,25.18,69.25,100,0,34.20,101.44,54.00,761.00,8,10,10
2023-09-11T05:31:03Z,25.21,69.13,100,0,35.46,101.44,49.00,728.00,null,null,null
2023-09-11T05:32:03Z,25.21,69.16,100,0,32.56,101.44,54.00,761.00,null,null,null
2023-09-11T05:33:03Z,25.19,69.22,100,0,40.26,101.44,50.00,733.00,null,null,null
2023-09-11T05:34:03Z,25.18,69.05,100,0,32.41,101.44,54.00,761.00,null,null,null
2023-09-11T05:35:03Z,25.19,69.10,100,0,38.45,101.44,49.00,726.00,7,7,7
2023-09-11T05:36:03Z,25.19,69.10,100,0,34.58,101.44,49.00,726.00,null,null,null
2023-09-11T05:37:03Z,25.19,69.19,100,0,33.46,101.44,53.00,752.00,null,null,null
2023-09-11T05:38:03Z,25.19,69.23,100,0,36.00,101.44,53.00,752.00,null,null,null
2023-09-11T05:39:03Z,25.19,69.18,100,0,38.85,101.44,50.00,733.00,null,null,null
2023-09-11T05:40:03Z,25.18,69.25,100,0,36.25,101.44,54.00,761.00,13,16,16
2023-09-11T05:41:03Z,25.19,69.14,100,0,31.99,101.44,47.00,715.00,null,null,null
2023-09-11T05:42:03Z,25.19,69.08,100,0,33.50,101.43,52.00,744.00,null,null,null
2023-09-11T05:43:03Z,25.21,69.07,100,0,37.37,101.44,54.00,761.00,null,null,null
2023-09-11T05:44:03Z,25.18,69.03,100,0,33.06,101.44,49.00,726.00,null,null,null
2023-09-11T05:45:03Z,25.15,69.06,100,0,33.71,101.44,53.00,752.00,10,12,12
2023-09-11T05:46:03Z,25.19,68.94,100,0,38.75,101.44,53.00,752.00,null,null,null
2023-09-11T05:47:03Z,25.19,68.83,100,0,34.12,101.44,47.00,714.00,null,null,null
2023-09-11T05:48:03Z,25.19,68.81,100,0,36.52,101.44,46.00,702.00,null,null,null
2023-09-11T05:49:03Z,25.18,68.96,100,0,31.51,101.44,49.00,726.00,null,null,null
2023-09-11T05:50:03Z,25.15,68.99,100,0,32.65,101.44,43.00,686.00,8,10,10
2023-09-11T05:51:03Z,25.18,68.99,100,0,37.74,101.44,46.00,702.00,null,null,null
2023-09-11T05:52:03Z,25.18,68.92,100,0,33.70,101.44,42.00,678.00,null,null,null
2023-09-11T05:53:03Z,25.18,69.01,100,0,33.75,101.44,42.00,678.00,null,null,null
2023-09-11T05:54:03Z,25.15,68.96,100,0,34.60,101.44,40.00,668.00,null,null,null
2023-09-11T05:55:03Z,25.13,69.03,100,0,33.71,101.45,40.00,668.00,6,7,7
2023-09-11T05:56:03Z,25.18,69.01,100,0,35.03,101.44,40.00,668.00,null,null,null
2023-09-11T05:57:03Z,25.18,68.94,100,0,33.52,101.44,40.00,668.00,null,null,null
2023-09-11T05:58:03Z,25.15,68.89,100,0,35.52,101.44,39.00,659.00,null,null,null
2023-09-11T05:59:03Z,25.15,68.75,100,0,35.78,101.44,40.00,668.00,null,null,null
2023-09-11T06:00:03Z,25.12,68.85,100,0,37.01,101.44,40.00,668.00,10,13,13
2023-09-11T06:01:03Z,25.15,68.91,100,0,36.96,101.44,40.00,668.00,null,null,null
2023-09-11T06:02:03Z,25.13,68.88,100,0,44.61,101.45,40.00,668.00,null,null,null
2023-09-11T06:03:03Z,25.15,68.92,100,0,37.18,101.45,40.00,668.00,null,null,null
2023-09-11T06:04:03Z,25.13,68.99,100,0,49.33,101.45,40.00,668.00,null,null,null
2023-09-11T06:05:03Z,25.12,69.09,100,0,34.20,101.45,39.00,659.00,8,8,8
2023-09-11T06:06:03Z,25.15,69.11,100,0,42.33,101.45,39.00,659.00,null,null,null
2023-09-11T06:07:03Z,25.13,69.34,100,0,38.68,101.45,39.00,659.00,null,null,null
2023-09-11T06:08:03Z,25.15,69.17,100,0,39.90,101.45,35.00,633.00,null,null,null
2023-09-11T06:09:03Z,25.13,69.20,100,0,33.33,101.45,38.00,652.00,null,null,null
2023-09-11T06:10:03Z,25.13,69.24,100,0,35.62,101.46,38.00,652.00,5,6,6
2023-09-11T06:11:03Z,25.15,69.26,100,0,34.86,101.45,38.00,652.00,null,null,null
2023-09-11T06:12:03Z,25.13,69.24,100,5,32.94,101.45,35.00,634.00,null,null,null
2023-09-11T06:13:03Z,25.15,69.19,100,7,35.41,101.46,37.00,646.00,null,null,null
2023-09-11T06:14:03Z,25.15,69.22,100,11,41.07,101.45,37.00,646.00,null,null,null
2023-09-11T06:15:03Z,25.13,69.22,100,12,35.86,101.46,37.00,646.00,2,2,2
2023-09-11T06:16:03Z,25.18,69.15,100,16,32.80,101.45,37.00,646.00,null,null,null
2023-09-11T06:17:03Z,25.18,69.10,100,18,34.01,101.46,38.00,652.00,null,null,null
2023-09-11T06:18:03Z,25.15,69.01,100,25,33.60,101.45,38.00,652.00,null,null,null
2023-09-11T06:19:03Z,25.18,68.93,100,34,35.27,101.45,37.00,646.00,null,null,null
2023-09-11T06:20:03Z,25.15,69.00,100,42,37.21,101.45,36.00,640.00,6,6,6
2023-09-11T06:21:03Z,25.15,68.95,100,52,35.83,101.45,35.00,633.00,null,null,null
2023-09-11T06:22:03Z,25.18,68.92,100,65,37.76,101.45,34.00,629.00,null,null,null
2023-09-11T06:23:03Z,25.15,68.92,100,77,38.83,101.45,34.00,629.00,null,null,null
2023-09-11T06:24:03Z,25.18,68.92,100,91,35.59,101.45,34.00,629.00,null,null,null
2023-09-11T06:25:03Z,25.15,68.90,100,109,38.80,101.46,34.00,629.00,4,4,4
2023-09-11T06:26:03Z,25.16,68.76,100,114,34.74,101.45,34.00,624.00,null,null,null
2023-09-11T06:27:03Z,25.18,68.83,100,114,36.66,101.45,34.00,629.00,null,null,null
2023-09-11T06:28:03Z,25.18,68.78,100,114,35.72,101.45,34.00,629.00,null,null,null
2023-09-11T06:29:03Z,25.16,68.79,100,114,35.22,101.45,34.00,624.00,null,null,null
2023-09-11T06:30:03Z,25.16,68.84,100,114,36.60,101.45,34.00,624.00,9,13,13
2023-09-11T06:31:03Z,25.15,68.82,100,113,35.12,101.46,34.00,624.00,null,null,null
2023-09-11T06:32:03Z,25.16,68.81,100,113,33.94,101.46,33.00,617.00,null,null,null
2023-09-11T06:33:03Z,25.16,68.77,100,114,35.05,101.45,33.00,617.00,null,null,null
2023-09-11T06:34:03Z,25.16,68.82,100,113,40.02,101.45,33.00,617.00,null,null,null
2023-09-11T06:35:03Z,25.16,68.79,100,113,49.13,101.45,32.00,611.00,5,11,11
2023-09-11T06:36:03Z,25.15,68.81,100,113,33.62,101.46,33.00,617.00,null,null,null
2023-09-11T06:37:03Z,25.21,68.82,100,113,41.81,101.46,32.00,611.00,null,null,null
2023-09-11T06:38:03Z,25.19,68.75,100,113,32.35,101.45,32.00,611.00,null,null,null
2023-09-11T06:39:03Z,25.19,68.71,100,113,39.34,101.45,33.00,617.00,null,null,null
2023-09-11T06:40:03Z,25.16,68.32,100,113,36.12,101.45,36.00,638.00,7,7,7
2023-09-11T06:41:03Z,25.21,68.62,100,113,37.28,101.45,40.00,666.00,null,null,null
2023-09-11T06:42:03Z,25.19,68.68,100,113,37.21,101.45,44.00,692.00,null,null,null
2023-09-11T06:43:03Z,25.19,68.68,100,113,35.81,101.46,49.00,726.00,null,null,null
2023-09-11T06:44:03Z,25.19,68.72,100,113,39.36,101.46,51.00,740.00,null,null,null
2023-09-11T06:45:03Z,25.21,68.84,100,113,35.72,101.45,54.00,757.00,3,4,4
2023-09-11T06:46:03Z,25.21,68.70,100,113,36.36,101.46,54.00,757.00,null,null,null
2023-09-11T06:47:03Z,25.25,68.72,100,113,35.24,101.46,55.00,763.00,null,null,null
2023-09-11T06:48:03Z,25.22,68.70,100,113,37.24,101.46,47.00,715.00,null,null,null
2023-09-11T06:49:03Z,25.21,68.77,100,111,37.78,101.47,61.00,802.00,null,null,null
2023-09-11T06:50:03Z,25.21,68.79,100,113,33.48,101.47,62.00,808.00,6,11,11
2023-09-11T06:51:03Z,25.22,68.70,100,113,36.84,101.47,62.00,808.00,null,null,null
2023-09-11T06:52:03Z,25.22,68.66,100,111,37.63,101.47,66.00,834.00,null,null,null
2023-09-11T06:53:03Z,25.25,68.64,100,111,39.18,101.47,66.00,834.00,null,null,null
2023-09-11T06:54:03Z,25.22,68.58,100,111,37.42,101.47,57.00,778.00,null,null,null
2023-09-11T06:55:03Z,25.22,68.57,100,111,36.75,101.47,67.00,844.00,0,0,0
2023-09-11T06:56:03Z,25.25,68.28,100,111,35.40,101.47,69.00,853.00,null,null,null
2023-09-11T06:57:03Z,25.22,68.41,100,111,40.21,101.47,57.00,778.00,null,null,null
2023-09-11T06:58:03Z,25.23,68.35,100,111,37.83,101.47,66.00,834.00,null,null,null
2023-09-11T06:59:03Z,25.21,68.36,100,111,37.29,101.48,66.00,834.00,null,null,null
2023-09-11T07:00:03Z,25.19,68.50,100,21,37.11,101.48,65.00,830.00,5,5,5
2023-09-11T07:01:03Z,25.22,68.21,100,20,34.53,101.47,63.00,815.00,null,null,null
2023-09-11T07:02:03Z,25.22,68.10,100,19,36.83,101.48,63.00,817.00,null,null,null
2023-09-11T07:03:03Z,25.21,67.96,100,21,43.26,101.48,59.00,793.00,null,null,null
2023-09-11T07:04:03Z,25.19,68.66,100,26,42.79,101.48,56.00,772.00,null,null,null
2023-09-11T07:05:03Z,25.16,69.06,100,30,36.52,101.48,53.00,749.00,6,6,6
2023-09-11T07:06:03Z,25.19,68.90,100,31,37.39,101.48,49.00,728.00,null,null,null
2023-09-11T07:07:03Z,25.18,68.30,100,30,40.94,101.48,44.00,694.00,null,null,null
2023-09-11T07:08:03Z,25.16,68.03,100,28,36.61,101.48,40.00,666.00,null,null,null
2023-09-11T07:09:03Z,25.13,67.72,100,30,37.87,101.48,35.00,634.00,null,null,null
2023-09-11T07:10:03Z,25.09,67.73,100,32,36.41,101.48,35.00,634.00,11,12,12
2023-09-11T07:11:03Z,25.11,67.69,100,31,43.08,101.49,32.00,612.00,null,null,null
2023-09-11T07:12:03Z,25.12,67.70,100,30,39.01,101.49,28.00,586.00,null,null,null
2023-09-11T07:13:03Z,25.11,67.61,100,28,38.11,101.48,25.00,565.00,null,null,null
2023-09-11T07:14:03Z,25.08,67.64,100,28,43.66,101.49,21.00,539.00,null,null,null
2023-09-11T07:15:03Z,25.03,67.71,100,28,37.22,101.49,17.00,518.00,7,7,7
2023-09-11T07:16:03Z,25.08,67.65,100,27,35.81,101.49,15.00,501.00,null,null,null
2023-09-11T07:17:03Z,25.05,67.53,100,28,39.93,101.49,13.00,491.00,null,null,null
2023-09-11T07:18:03Z,25.02,67.52,100,28,35.61,101.49,11.00,476.00,null,null,null
2023-09-11T07:19:03Z,25.00,67.35,100,28,43.48,101.49,9.00,463.00,null,null,null
2023-09-11T07:20:03Z,24.98,67.37,100,28,36.90,101.48,7.00,452.00,10,11,11
2023-09-11T07:21:03Z,24.98,67.13,100,26,34.17,101.49,5.00,438.00,null,null,null
2023-09-11T07:22:03Z,24.99,67.01,100,26,34.34,101.49,5.00,436.00,null,null,null
2023-09-11T07:23:03Z,24.94,66.78,100,27,39.93,101.49,2.00,417.00,null,null,null
2023-09-11T07:24:03Z,24.94,66.74,100,28,38.48,101.48,0.00,406.00,null,null,null
2023-09-11T07:25:03Z,24.91,66.70,100,31,34.34,101.48,0.00,400.00,6,11,11
2023-09-11T07:26:03Z,24.94,66.64,100,34,44.36,101.49,0.00,400.00,null,null,null
2023-09-11T07:27:03Z,24.91,66.53,100,38,34.30,101.48,0.00,400.00,null,null,null
2023-09-11T07:28:03Z,24.86,66.59,100,41,43.33,101.49,0.00,400.00,null,null,null
2023-09-11T07:29:03Z,24.86,66.53,100,41,32.91,101.49,0.00,400.00,null,null,null
2023-09-11T07:30:03Z,24.84,66.69,100,42,35.61,101.48,0.00,400.00,9,12,12
2023-09-11T07:31:03Z,24.84,66.71,100,41,43.67,101.49,0.00,400.00,null,null,null
2023-09-11T07:32:03Z,24.82,66.64,100,41,37.36,101.48,0.00,400.00,null,null,null
2023-09-11T07:33:03Z,24.82,66.76,100,42,36.41,101.48,0.00,400.00,null,null,null
2023-09-11T07:34:03Z,24.81,66.67,100,44,37.84,101.48,0.00,405.00,null,null,null
2023-09-11T07:35:03Z,24.79,66.67,100,41,41.16,101.48,0.00,400.00,9,14,14
2023-09-11T07:36:03Z,24.79,66.64,100,41,44.74,101.48,0.00,400.00,null,null,null
2023-09-11T07:37:03Z,24.78,66.52,100,40,35.70,101.49,0.00,400.00,null,null,null
2023-09-11T07:38:03Z,24.76,66.54,100,41,36.88,101.49,0.00,400.00,null,null,null
2023-09-11T07:39:03Z,24.75,66.52,100,43,39.80,101.48,0.00,400.00,null,null,null
2023-09-11T07:40:03Z,24.72,66.55,100,42,36.50,101.49,0.00,400.00,7,10,20
2023-09-11T07:41:03Z,24.72,66.60,100,41,39.80,101.49,0.00,401.00,null,null,null
2023-09-11T07:42:03Z,24.74,66.39,100,39,36.02,101.49,0.00,400.00,null,null,null
2023-09-11T07:43:03Z,24.68,66.34,100,35,39.44,101.49,0.00,400.00,null,null,null
2023-09-11T07:44:03Z,24.68,66.29,100,34,44.94,101.50,0.00,400.00,null,null,null
2023-09-11T07:45:03Z,24.68,66.31,100,33,42.81,101.49,0.00,400.00,9,17,17
2023-09-11T07:46:03Z,24.65,66.40,100,31,38.24,101.50,0.00,400.00,null,null,null
2023-09-11T07:47:03Z,24.67,66.36,100,31,39.11,101.50,0.00,400.00,null,null,null
2023-09-11T07:48:03Z,24.62,66.54,100,33,36.53,101.50,0.00,400.00,null,null,null
2023-09-11T07:49:03Z,24.62,66.58,100,31,40.60,101.51,0.00,400.00,null,null,null
2023-09-11T07:50:03Z,24.61,66.48,100,29,36.51,101.51,0.00,400.00,5,9,9
2023-09-11T07:51:03Z,24.61,66.52,100,28,44.57,101.51,0.00,400.00,null,null,null
2023-09-11T07:52:03Z,24.61,66.47,100,29,34.46,101.51,0.00,400.00,null,null,null
2023-09-11T07:53:03Z,24.61,66.38,100,29,35.01,101.52,0.00,400.00,null,null,null
2023-09-11T07:54:03Z,24.58,66.33,100,28,41.41,101.52,0.00,400.00,null,null,null
2023-09-11T07:55:03Z,24.54,66.39,100,29,39.86,101.52,0.00,400.00,8,8,8
2023-09-11T07:56:03Z,24.55,66.37,100,28,38.75,101.53,0.00,400.00,null,null,null
2023-09-11T07:57:03Z,24.58,66.38,100,29,38.87,101.53,0.00,403.00,null,null,null
2023-09-11T07:58:03Z,24.54,66.46,100,28,35.70,101.53,0.00,403.00,null,null,null
2023-09-11T07:59:03Z,24.55,66.55,100,29,37.87,101.52,0.00,403.00,null,null,null
2023-09-11T08:00:03Z,24.54,66.62,100,31,34.09,101.53,1.00,413.00,7,9,9
2023-09-11T08:01:03Z,24.55,66.58,100,28,34.79,101.52,1.00,413.00,null,null,null
2023-09-11T08:02:03Z,24.55,66.55,100,25,34.29,101.53,2.00,418.00,null,null,null
2023-09-11T08:03:03Z,24.54,66.63,100,25,36.73,101.53,3.00,423.00,null,null,null
2023-09-11T08:04:03Z,24.54,66.71,100,25,37.45,101.53,4.00,427.00,null,null,null
2023-09-11T08:05:03Z,24.52,66.75,100,26,37.05,101.54,5.00,433.00,9,16,16
2023-09-11T08:06:03Z,24.54,66.76,100,28,34.93,101.53,5.00,433.00,null,null,null
2023-09-11T08:07:03Z,24.52,66.78,100,31,36.32,101.53,6.00,441.00,null,null,null
2023-09-11T08:08:03Z,24.54,66.78,100,32,35.16,101.53,6.00,445.00,null,null,null
2023-09-11T08:09:03Z,24.52,66.76,100,35,38.00,101.53,7.00,448.00,null,null,null
2023-09-11T08:10:03Z,24.52,66.91,100,33,39.01,101.53,7.00,448.00,12,16,16
2023-09-11T08:11:03Z,24.52,66.87,100,34,40.35,101.53,8.00,454.00,null,null,null
2023-09-11T08:12:03Z,24.54,66.83,100,35,35.54,101.53,8.00,457.00,null,null,null
2023-09-11T08:13:03Z,24.54,66.89,100,38,39.79,101.52,9.00,460.00,null,null,null
2023-09-11T08:14:03Z,24.52,66.92,100,44,36.64,101.53,10.00,466.00,null,null,null
2023-09-11T08:15:03Z,24.49,67.02,100,45,39.39,101.53,10.00,472.00,8,11,11
2023-09-11T08:16:03Z,24.54,67.00,100,46,36.65,101.53,11.00,476.00,null,null,null
2023-09-11T08:17:03Z,24.52,66.89,100,47,37.72,101.53,11.00,476.00,null,null,null
2023-09-11T08:18:03Z,24.51,66.97,100,47,35.38,101.52,11.00,476.00,null,null,null
2023-09-11T08:19:03Z,24.49,67.03,100,47,41.46,101.52,11.00,476.00,null,null,null
2023-09-11T08:20:03Z,24.51,67.08,100,48,34.76,101.53,13.00,486.00,8,9,9
2023-09-11T08:21:03Z,24.51,67.06,100,47,36.31,101.53,12.00,481.00,null,null,null
2023-09-11T08:22:03Z,24.52,67.02,100,46,35.25,101.53,13.00,486.00,null,null,null
2023-09-11T08:23:03Z,24.54,67.06,100,44,39.05,101.53,14.00,492.00,null,null,null
2023-09-11T08:24:03Z,24.52,67.15,100,44,39.57,101.54,14.00,492.00,null,null,null
2023-09-11T08:25:03Z,24.51,67.15,100,44,46.52,101.54,14.00,496.00,12,12,12
2023-09-11T08:26:03Z,24.51,67.10,100,44,41.49,101.53,14.00,496.00,null,null,null
2023-09-11T08:27:03Z,24.52,67.10,100,44,33.98,101.54,14.00,498.00,null,null,null
2023-09-11T08:28:03Z,24.54,67.10,100,39,41.14,101.54,14.00,498.00,null,null,null
2023-09-11T08:29:03Z,24.52,67.20,100,37,35.56,101.53,15.00,503.00,null,null,null
2023-09-11T08:30:03Z,24.49,67.23,100,33,37.08,101.54,15.00,503.00,6,9,9
2023-09-11T08:31:03Z,24.49,67.27,100,28,35.42,101.54,15.00,503.00,null,null,null
2023-09-11T08:32:03Z,24.49,67.31,100,31,37.46,101.54,15.00,505.00,null,null,null
2023-09-11T08:33:03Z,24.54,67.28,100,34,52.28,101.54,17.00,515.00,null,null,null
2023-09-11T08:34:03Z,24.51,67.33,100,34,47.41,101.54,17.00,515.00,null,null,null
2023-09-11T08:35:03Z,24.49,67.32,100,31,35.33,101.54,18.00,519.00,6,6,6
2023-09-11T08:36:03Z,24.52,67.35,100,29,33.21,101.54,18.00,524.00,null,null,null
2023-09-11T08:37:03Z,24.51,67.40,100,26,34.97,101.54,18.00,524.00,null,null,null
2023-09-11T08:38:03Z,24.48,67.38,100,25,39.08,101.54,19.00,531.00,null,null,null
2023-09-11T08:39:03Z,24.51,67.35,100,24,35.40,101.54,19.00,531.00,null,null,null
2023-09-11T08:40:03Z,24.49,67.37,100,24,43.45,101.55,18.00,524.00,13,17,28
2023-09-11T08:41:03Z,24.51,67.36,100,25,35.87,101.55,18.00,524.00,null,null,null
2023-09-11T08:42:03Z,24.47,67.42,100,27,35.51,101.54,18.00,524.00,null,null,null
2023-09-11T08:43:03Z,24.51,67.40,100,30,48.64,101.54,20.00,536.00,null,null,null
2023-09-11T08:44:03Z,24.52,67.52,100,33,40.61,101.55,20.00,536.00,null,null,null
2023-09-11T08:45:03Z,24.45,67.47,100,35,39.33,101.55,21.00,539.00,7,7,7
2023-09-11T08:46:03Z,24.51,67.45,100,36,38.77,101.54,21.00,539.00,null,null,null
2023-09-11T08:47:03Z,24.52,67.43,100,37,35.88,101.54,22.00,545.00,null,null,null
2023-09-11T08:48:03Z,24.52,67.48,100,38,48.22,101.55,22.00,549.00,null,null,null
2023-09-11T08:49:03Z,24.48,67.47,100,41,42.05,101.54,22.00,549.00,null,null,null
2023-09-11T08:50:03Z,24.47,67.49,100,41,43.56,101.54,22.00,549.00,9,15,26
2023-09-11T08:51:03Z,24.48,67.56,100,41,38.19,101.53,22.00,549.00,null,null,null
2023-09-11T08:52:03Z,24.51,67.48,100,39,36.50,101.54,23.00,556.00,null,null,null
2023-09-11T08:53:03Z,24.51,67.45,100,35,38.03,101.54,23.00,556.00,null,null,null
2023-09-11T08:54:03Z,24.49,67.37,100,37,35.59,101.54,24.00,564.00,null,null,null
2023-09-11T08:55:03Z,24.47,67.41,100,39,37.62,101.54,24.00,564.00,6,8,8
2023-09-11T08:56:03Z,24.49,67.38,100,39,39.72,101.54,24.00,564.00,null,null,null
2023-09-11T08:57:03Z,24.49,67.00,100,40,37.72,101.54,24.00,564.00,null,null,null
2023-09-11T08:58:03Z,24.48,67.11,100,41,39.83,101.54,23.00,553.00,null,null,null
2023-09-11T08:59:03Z,24.47,67.12,100,44,35.92,101.54,22.00,549.00,null,null,null
2023-09-11T09:00:03Z,24.48,67.16,100,47,34.77,101.54,23.00,553.00,5,5,5
2023-09-11T09:01:03Z,24.48,67.22,100,47,39.15,101.54,23.00,553.00,null,null,null
2023-09-11T09:02:03Z,24.49,67.11,100,44,34.27,101.54,23.00,553.00,null,null,null
2023-09-11T09:03:03Z,24.48,67.12,100,52,39.78,101.54,23.00,553.00,null,null,null
2023-09-11T09:04:03Z,24.48,67.03,100,49,36.88,101.55,23.00,553.00,null,null,null
2023-09-11T09:05:03Z,24.45,67.02,100,53,34.88,101.55,22.00,549.00,5,5,5
2023-09-11T09:06:03Z,24.45,67.05,100,45,39.52,101.55,23.00,553.00,null,null,null
2023-09-11T09:07:03Z,24.48,66.99,100,49,47.24,101.55,24.00,564.00,null,null,null
2023-09-11T09:08:03Z,24.48,66.89,100,49,34.61,101.55,24.00,564.00,null,null,null
2023-09-11T09:09:03Z,24.47,66.88,100,43,35.83,101.55,24.00,564.00,null,null,null
2023-09-11T09:10:03Z,24.45,66.87,100,42,45.20,101.55,24.00,564.00,3,9,9
2023-09-11T09:11:03Z,24.45,66.86,100,47,37.27,101.54,23.00,553.00,null,null,null
2023-09-11T09:12:03Z,24.48,66.71,100,58,35.48,101.55,24.00,564.00,null,null,null
2023-09-11T09:13:03Z,24.47,66.77,100,47,39.38,101.55,25.00,567.00,null,null,null
2023-09-11T09:14:03Z,24.48,66.68,100,51,42.65,101.55,24.00,564.00,null,null,null
2023-09-11T09:15:03Z,24.45,66.67,100,60,39.48,101.55,25.00,567.00,3,3,3
2023-09-11T09:16:03Z,24.45,66.63,100,65,34.86,101.54,25.00,567.00,null,null,null
2023-09-11T09:17:03Z,24.47,66.65,100,67,36.27,101.55,25.00,567.00,null,null,null
2023-09-11T09:18:03Z,24.47,66.52,100,66,35.65,101.55,26.00,572.00,null,null,null
2023-09-11T09:19:03Z,24.45,66.65,100,67,41.52,101.55,26.00,572.00,null,null,null
2023-09-11T09:20:03Z,24.47,66.49,100,67,35.06,101.55,26.00,572.00,6,7,7
2023-09-11T09:21:03Z,24.45,66.38,100,64,35.91,101.55,26.00,572.00,null,null,null
2023-09-11T09:22:03Z,24.48,66.37,100,66,36.60,101.55,26.00,572.00,null,null,null
2023-09-11T09:23:03Z,24.45,66.28,100,67,36.94,101.55,25.00,567.00,null,null,null
2023-09-11T09:24:03Z,24.44,66.20,100,65,37.02,101.55,24.00,560.00,null,null,null
2023-09-11T09:25:03Z,24.44,66.24,100,67,39.34,101.56,25.00,566.00,1,1,1
2023-09-11T09:26:03Z,24.47,66.25,100,60,35.98,101.55,24.00,561.00,null,null,null
2023-09-11T09:27:03Z,24.44,66.16,100,59,46.15,101.55,24.00,561.00,null,null,null
2023-09-11T09:28:03Z,24.45,66.09,100,58,35.46,101.54,24.00,560.00,null,null,null
2023-09-11T09:29:03Z,24.44,66.15,100,57,36.27,101.55,25.00,566.00,null,null,null
2023-09-11T09:30:03Z,24.45,66.15,100,58,35.72,101.54,24.00,561.00,5,6,6
2023-09-11T09:31:03Z,24.45,66.05,100,64,42.54,101.54,24.00,561.00,null,null,null
2023-09-11T09:32:03Z,24.45,66.07,100,62,38.24,101.54,24.00,561.00,null,null,null
2023-09-11T09:33:03Z,24.42,66.13,100,62,35.87,101.54,25.00,566.00,null,null,null
2023-09-11T09:34:03Z,24.44,66.08,100,63,37.12,101.55,25.00,566.00,null,null,null
2023-09-11T09:35:03Z,24.44,66.06,100,59,44.69,101.55,24.00,561.00,3,4,11
2023-09-11T09:36:03Z,24.45,66.21,100,60,38.33,101.54,25.00,566.00,null,null,null
2023-09-11T09:37:03Z,24.45,65.64,100,64,44.70,101.54,24.00,561.00,null,null,null
2023-09-11T09:38:03Z,24.45,65.66,100,63,39.95,101.54,23.00,555.00,null,null,null
2023-09-11T09:39:03Z,24.45,65.78,100,66,44.84,101.54,21.00,539.00,null,null,null
2023-09-11T09:40:03Z,24.40,65.45,100,64,38.45,101.54,18.00,524.00,2,4,4
2023-09-11T09:41:03Z,24.44,65.40,100,61,38.62,101.54,17.00,517.00,null,null,null
2023-09-11T09:42:03Z,24.42,65.37,100,66,38.63,101.54,17.00,514.00,null,null,null
2023-09-11T09:43:03Z,24.40,65.54,100,67,33.82,101.54,15.00,505.00,null,null,null
2023-09-11T09:44:03Z,24.41,65.59,100,64,36.77,101.54,15.00,505.00,null,null,null
2023-09-11T09:45:03Z,24.40,65.38,100,66,40.47,101.54,15.00,505.00,6,6,6
2023-09-11T09:46:03Z,24.40,65.68,100,64,45.29,101.54,15.00,505.00,null,null,null
2023-09-11T09:47:03Z,24.40,65.44,100,65,36.36,101.53,17.00,517.00,null,null,null
2023-09-11T09:48:03Z,24.40,65.55,100,64,35.77,101.53,15.00,505.00,null,null,null
2023-09-11T09:49:03Z,24.38,65.68,100,63,37.25,101.53,15.00,505.00,null,null,null
2023-09-11T09:50:03Z,24.34,65.68,100,64,36.91,101.53,15.00,505.00,2,2,2
2023-09-11T09:51:03Z,24.38,65.61,100,63,44.89,101.53,17.00,514.00,null,null,null
2023-09-11T09:52:03Z,24.38,65.48,100,67,34.32,101.53,18.00,523.00,null,null,null
2023-09-11T09:53:03Z,24.37,65.38,100,66,44.71,101.53,21.00,539.00,null,null,null
2023-09-11T09:54:03Z,24.35,65.35,100,66,37.03,101.54,21.00,543.00,null,null,null
2023-09-11T09:55:03Z,24.34,65.47,100,67,45.35,101.53,23.00,551.00,3,3,3
2023-09-11T09:56:03Z,24.35,65.41,100,63,42.76,101.53,21.00,543.00,null,null,null
2023-09-11T09:57:03Z,24.40,65.40,100,64,39.74,101.53,24.00,560.00,null,null,null
2023-09-11T09:58:03Z,24.37,65.37,100,47,34.37,101.53,27.00,578.00,null,null,null
2023-09-11T09:59:03Z,24.34,65.57,100,63,36.51,101.53,29.00,591.00,null,null,null
2023-09-11T10:00:03Z,24.33,65.50,100,64,35.02,101.54,32.00,611.00,5,5,5
2023-09-11T10:01:03Z,24.35,65.54,100,65,39.45,101.53,33.00,617.00,null,null,null
2023-09-11T10:02:03Z,24.35,65.39,100,64,42.92,101.53,36.00,641.00,null,null,null
2023-09-11T10:03:03Z,24.35,65.19,100,65,41.41,101.53,39.00,657.00,null,null,null
2023-09-11T10:04:03Z,24.35,65.32,100,52,45.70,101.54,44.00,690.00,null,null,null
2023-09-11T10:05:03Z,24.33,65.39,100,65,35.63,101.54,51.00,735.00,1,2,2
2023-09-11T10:06:03Z,24.34,65.60,100,64,41.15,101.54,62.00,808.00,null,null,null
2023-09-11T10:07:03Z,24.34,65.47,100,61,43.07,101.53,69.00,853.00,null,null,null
2023-09-11T10:08:03Z,24.34,65.65,100,64,35.00,101.53,79.00,925.00,null,null,null
2023-09-11T10:09:03Z,24.34,65.68,100,64,38.48,101.53,83.00,949.00,null,null,null
2023-09-11T10:10:03Z,24.35,65.98,100,62,41.68,101.53,88.00,981.00,5,9,9
2023-09-11T10:11:03Z,24.35,66.03,100,61,42.52,101.53,93.00,1017.00,null,null,null
2023-09-11T10:12:03Z,24.35,65.96,100,64,40.76,101.52,93.00,1017.00,null,null,null
2023-09-11T10:13:03Z,24.35,65.94,100,63,44.04,101.53,96.00,1035.00,null,null,null
2023-09-11T10:14:03Z,24.34,65.95,100,55,45.03,101.52,104.00,1083.00,null,null,null
2023-09-11T10:15:03Z,24.34,65.93,100,61,41.90,101.52,102.00,1074.00,4,5,5
2023-09-11T10:16:03Z,24.35,65.87,100,64,43.23,101.52,104.00,1083.00,null,null,null
2023-09-11T10:17:03Z,24.37,65.94,100,58,39.09,101.52,106.00,1099.00,null,null,null
2023-09-11T10:18:03Z,24.37,65.90,100,59,38.99,101.52,102.00,1074.00,null,null,null
2023-09-11T10:19:03Z,24.34,65.94,100,58,46.83,101.52,102.00,1074.00,null,null,null
2023-09-11T10:20:03Z,24.34,65.92,100,62,38.97,101.52,102.00,1074.00,3,3,3
2023-09-11T10:21:03Z,24.37,65.84,100,64,42.12,101.51,100.00,1062.00,null,null,null
2023-09-11T10:22:03Z,24.37,65.89,100,64,47.26,101.51,99.00,1050.00,null,null,null
2023-09-11T10:23:03Z,24.37,65.88,100,61,48.33,101.51,99.00,1050.00,null,null,null
2023-09-11T10:24:03Z,24.37,65.94,100,60,40.91,101.51,99.00,1050.00,null,null,null
2023-09-11T10:25:03Z,24.38,65.95,100,64,36.11,101.51,99.00,1050.00,2,2,2
2023-09-11T10:26:03Z,24.37,65.89,100,64,47.64,101.50,96.00,1035.00,null,null,null
2023-09-11T10:27:03Z,24.40,65.88,100,61,44.09,101.50,93.00,1017.00,null,null,null
2023-09-11T10:28:03Z,24.37,65.83,100,62,39.12,101.50,93.00,1017.00,null,null,null
2023-09-11T10:29:03Z,24.40,65.83,100,59,41.86,101.51,89.00,990.00,null,null,null
2023-09-11T10:30:03Z,24.38,65.93,100,61,40.48,101.51,87.00,972.00,2,2,2
2023-09-11T10:31:03Z,24.37,65.88,100,61,41.17,101.51,87.00,972.00,null,null,null
2023-09-11T10:32:03Z,24.38,65.73,100,62,45.24,101.50,82.00,940.00,null,null,null
2023-09-11T10:33:03Z,24.37,65.65,100,58,44.69,101.50,76.00,905.00,null,null,null
2023-09-11T10:34:03Z,24.38,65.63,100,60,43.67,101.50,74.00,887.00,null,null,null
2023-09-11T10:35:03Z,24.37,65.64,100,56,37.41,101.50,74.00,887.00,5,6,6
2023-09-11T10:36:03Z,24.37,65.70,100,61,40.30,101.49,70.00,865.00,null,null,null
2023-09-11T10:37:03Z,24.40,65.70,100,57,44.21,101.49,69.00,853.00,null,null,null
2023-09-11T10:38:03Z,24.38,65.72,100,58,37.05,101.48,69.00,853.00,null,null,null
2023-09-11T10:39:03Z,24.40,65.76,100,53,38.57,101.49,66.00,836.00,null,null,null
2023-09-11T10:40:03Z,24.38,65.76,100,51,39.37,101.48,63.00,817.00,2,3,3
2023-09-11T10:41:03Z,24.37,65.75,100,52,38.80,101.48,63.00,817.00,null,null,null
2023-09-11T10:42:03Z,24.41,65.66,100,51,37.78,101.47,62.00,810.00,null,null,null
2023-09-11T10:43:03Z,24.38,65.57,100,50,35.99,101.48,62.00,808.00,null,null,null
2023-09-11T10:44:03Z,24.37,65.61,100,50,38.30,101.48,59.00,791.00,null,null,null
2023-09-11T10:45:03Z,24.40,65.62,100,51,38.54,101.48,59.00,791.00,0,0,0
2023-09-11T10:46:03Z,24.41,65.66,100,62,37.59,101.47,57.00,780.00,null,null,null
2023-09-11T10:47:03Z,24.41,65.67,100,58,42.89,101.48,57.00,780.00,null,null,null
2023-09-11T10:48:03Z,24.40,65.79,100,67,36.43,101.47,57.00,780.00,null,null,null
2023-09-11T10:49:03Z,24.41,65.76,100,65,36.60,101.47,58.00,783.00,null,null,null
2023-09-11T10:50:03Z,24.40,65.72,100,66,38.65,101.47,56.00,768.00,2,4,4
2023-09-11T10:51:03Z,24.42,65.74,100,68,41.90,101.47,56.00,774.00,null,null,null
2023-09-11T10:52:03Z,24.42,65.69,100,69,43.39,101.46,55.00,765.00,null,null,null
2023-09-11T10:53:03Z,24.42,65.73,100,61,37.46,101.46,56.00,774.00,null,null,null
2023-09-11T10:54:03Z,24.42,65.71,100,67,38.38,101.46,53.00,754.00,null,null,null
2023-09-11T10:55:03Z,24.40,65.74,100,68,34.47,101.47,55.00,765.00,7,9,9
2023-09-11T10:56:03Z,24.42,65.74,100,71,39.83,101.46,55.00,765.00,null,null,null
2023-09-11T10:57:03Z,24.44,65.79,100,78,44.26,101.47,51.00,735.00,null,null,null
2023-09-11T10:58:03Z,24.41,65.83,100,77,46.87,101.47,51.00,735.00,null,null,null
2023-09-11T10:59:03Z,24.45,65.57,100,70,36.54,101.46,50.00,733.00,null,null,null
2023-09-11T11:00:03Z,24.42,65.65,100,74,40.16,101.47,48.00,719.00,4,5,5
2023-09-11T11:01:03Z,24.45,65.64,100,66,45.37,101.46,47.00,712.00,null,null,null
2023-09-11T11:02:03Z,24.47,65.46,100,83,43.44,101.46,47.00,712.00,null,null,null
2023-09-11T11:03:03Z,24.45,65.58,100,83,44.39,101.46,47.00,712.00,null,null,null
2023-09-11T11:04:03Z,24.45,65.59,100,85,38.69,101.46,47.00,712.00,null,null,null
2023-09-11T11:05:03Z,24.42,65.73,100,86,38.75,101.46,46.00,708.00,3,3,3
2023-09-11T11:06:03Z,24.45,65.74,100,82,36.82,101.46,46.00,708.00,null,null,null
2023-09-11T11:07:03Z,24.45,65.71,100,77,39.74,101.46,45.00,700.00,null,null,null
2023-09-11T11:08:03Z,24.44,65.65,100,57,35.90,101.46,45.00,700.00,null,null,null
2023-09-11T11:09:03Z,24.45,65.66,100,58,38.53,101.46,44.00,694.00,null,null,null
2023-09-11T11:10:03Z,24.45,65.80,100,72,35.84,101.46,44.00,694.00,5,5,5
2023-09-11T11:11:03Z,24.45,65.68,100,85,35.20,101.46,42.00,678.00,null,null,null
2023-09-11T11:12:03Z,24.47,65.61,100,88,39.63,101.45,43.00,683.00,null,null,null
2023-09-11T11:13:03Z,24.45,65.52,100,83,42.79,101.45,42.00,678.00,null,null,null
2023-09-11T11:14:03Z,24.48,65.53,100,88,42.75,101.45,41.00,671.00,null,null,null
2023-09-11T11:15:03Z,24.42,65.54,100,84,39.07,101.45,41.00,671.00,4,4,4
2023-09-11T11:16:03Z,24.47,65.66,100,84,35.25,101.45,41.00,671.00,null,null,null
2023-09-11T11:17:03Z,24.48,65.73,100,83,37.29,101.45,42.00,678.00,null,null,null
2023-09-11T11:18:03Z,24.48,65.72,100,87,47.32,101.45,43.00,683.00,null,null,null
2023-09-11T11:19:03Z,24.49,65.71,100,84,40.26,101.45,42.00,678.00,null,null,null
2023-09-11T11:20:03Z,24.48,65.63,100,84,40.47,101.45,42.00,678.00,2,4,4
2023-09-11T11:21:03Z,24.47,64.98,100,87,39.08,101.45,41.00,671.00,null,null,null
2023-09-11T11:22:03Z,24.47,65.59,100,84,37.05,101.45,40.00,668.00,null,null,null
2023-09-11T11:23:03Z,24.49,65.60,100,80,44.30,101.45,39.00,657.00,null,null,null
2023-09-11T11:24:03Z,24.49,65.75,100,75,44.97,101.45,39.00,660.00,null,null,null
2023-09-11T11:25:03Z,24.51,65.63,100,56,42.04,101.45,39.00,656.00,2,2,2
2023-09-11T11:26:03Z,24.49,65.71,100,74,36.63,101.45,39.00,657.00,null,null,null
2023-09-11T11:27:03Z,24.52,65.58,100,68,41.88,101.45,39.00,657.00,null,null,null
2023-09-11T11:28:03Z,24.51,65.48,100,53,46.00,101.45,38.00,653.00,null,null,null
2023-09-11T11:29:03Z,24.49,65.30,100,38,38.99,101.45,37.00,646.00,null,null,null
2023-09-11T11:30:03Z,24.49,65.28,100,36,42.17,101.46,37.00,646.00,3,3,3
2023-09-11T11:31:03Z,24.51,65.37,100,41,38.98,101.45,36.00,641.00,null,null,null
2023-09-11T11:32:03Z,24.52,65.33,100,47,38.24,101.45,36.00,641.00,null,null,null
2023-09-11T11:33:03Z,24.51,65.41,100,58,38.07,101.45,36.00,641.00,null,null,null
2023-09-11T11:34:03Z,24.49,65.31,100,79,42.69,101.46,35.00,634.00,null,null,null
2023-09-11T11:35:03Z,24.51,65.17,100,86,51.16,101.45,34.00,627.00,1,1,1
2023-09-11T11:36:03Z,24.49,65.23,100,71,37.12,101.45,35.00,633.00,null,null,null
2023-09-11T11:37:03Z,24.52,64.99,100,92,46.83,101.45,34.00,626.00,null,null,null
2023-09-11T11:38:03Z,24.52,64.85,100,75,39.94,101.45,32.00,615.00,null,null,null
2023-09-11T11:39:03Z,24.51,64.78,100,62,36.58,101.45,32.00,611.00,null,null,null
2023-09-11T11:40:03Z,24.51,64.94,100,56,39.62,101.45,29.00,596.00,0,1,1
2023-09-11T11:41:03Z,24.52,64.82,100,57,37.58,101.44,28.00,589.00,null,null,null
2023-09-11T11:42:03Z,24.52,64.14,100,56,45.70,101.45,23.00,555.00,null,null,null
2023-09-11T11:43:03Z,24.51,64.54,100,57,38.27,101.45,23.00,555.00,null,null,null
2023-09-11T11:44:03Z,24.52,64.56,100,57,39.37,101.45,23.00,556.00,null,null,null
2023-09-11T11:45:03Z,24.49,64.57,100,52,34.22,101.45,22.00,545.00,5,6,6
2023-09-11T11:46:03Z,24.52,64.61,100,49,35.33,101.45,20.00,533.00,null,null,null
2023-09-11T11:47:03Z,24.51,64.67,100,52,53.85,101.45,20.00,533.00,null,null,null
2023-09-11T11:48:03Z,24.52,64.41,100,82,38.25,101.45,20.00,533.00,null,null,null
2023-09-11T11:49:03Z,24.52,64.66,100,85,35.43,101.44,19.00,527.00,null,null,null
2023-09-11T11:50:03Z,24.49,64.73,100,88,37.08,101.44,19.00,527.00,3,3,3
2023-09-11T11:51:03Z,24.54,64.89,100,85,42.41,101.45,20.00,533.00,null,null,null
2023-09-11T11:52:03Z,24.52,65.27,100,83,36.04,101.45,20.00,533.00,null,null,null
2023-09-11T11:53:03Z,24.52,64.95,100,60,39.77,101.44,19.00,529.00,null,null,null
2023-09-11T11:54:03Z,24.54,64.86,100,86,48.91,101.44,18.00,520.00,null,null,null
2023-09-11T11:55:03Z,24.54,64.59,100,86,37.06,101.45,17.00,518.00,1,1,1
2023-09-11T11:56:03Z,24.55,64.49,100,85,34.88,101.45,17.00,514.00,null,null,null
2023-09-11T11:57:03Z,24.55,64.31,100,89,41.53,101.45,14.00,498.00,null,null,null
2023-09-11T11:58:03Z,24.54,64.44,100,76,35.94,101.44,12.00,481.00,null,null,null
2023-09-11T11:59:03Z,24.52,64.44,100,71,37.34,101.45,12.00,481.00,null,null,null
2023-09-11T12:00:03Z,24.49,64.24,100,84,42.02,101.44,12.00,481.00,1,1,1
2023-09-11T12:01:03Z,24.55,63.93,100,59,38.46,101.45,9.00,463.00,null,null,null
2023-09-11T12:02:03Z,24.54,64.06,100,78,33.90,101.44,7.00,452.00,null,null,null
2023-09-11T12:03:03Z,24.57,64.15,100,59,42.60,101.44,7.00,448.00,null,null,null
2023-09-11T12:04:03Z,24.55,64.19,100,60,41.19,101.44,5.00,439.00,null,null,null
2023-09-11T12:05:03Z,24.55,63.92,100,57,40.88,101.44,3.00,426.00,5,9,9
2023-09-11T12:06:03Z,24.54,64.16,100,58,35.37,101.45,3.00,426.00,null,null,null
2023-09-11T12:07:03Z,24.55,64.25,100,60,40.68,101.45,2.00,418.00,null,null,null
2023-09-11T12:08:03Z,24.57,64.29,100,63,37.54,101.45,3.00,420.00,null,null,null
2023-09-11T12:09:03Z,24.58,64.37,100,67,37.06,101.45,2.00,416.00,null,null,null
2023-09-11T12:10:03Z,24.55,64.25,100,78,37.15,101.45,1.00,411.00,1,1,1
2023-09-11T12:11:03Z,24.57,64.26,100,76,39.69,101.44,0.00,406.00,null,null,null
2023-09-11T12:12:03Z,24.58,64.09,100,109,36.32,101.44,1.00,409.00,null,null,null
2023-09-11T12:13:03Z,24.60,64.01,100,96,39.46,101.44,1.00,411.00,null,null,null
2023-09-11T12:14:03Z,24.57,64.12,100,100,40.74,101.44,1.00,408.00,null,null,null
2023-09-11T12:15:03Z,24.60,64.36,100,102,37.31,101.44,0.00,403.00,3,7,7
2023-09-11T12:16:03Z,24.57,64.08,100,84,42.29,101.43,0.00,400.00,null,null,null
2023-09-11T12:17:03Z,24.57,63.83,100,93,35.05,101.44,0.00,400.00,null,null,null
2023-09-11T12:18:03Z,24.58,63.91,100,84,35.95,101.43,0.00,400.00,null,null,null
2023-09-11T12:19:03Z,24.60,63.85,100,72,36.59,101.44,0.00,400.00,null,null,null
2023-09-11T12:20:03Z,24.58,63.77,100,72,40.04,101.44,0.00,402.00,2,3,3
2023-09-11T12:21:03Z,24.62,63.75,100,101,37.31,101.44,0.00,400.00,null,null,null
2023-09-11T12:22:03Z,24.60,63.65,100,99,36.65,101.44,0.00,400.00,null,null,null
2023-09-11T12:23:03Z,24.58,63.71,100,76,38.99,101.44,0.00,403.00,null,null,null
2023-09-11T12:24:03Z,24.58,63.52,100,73,36.33,101.44,0.00,400.00,null,null,null
2023-09-11T12:25:03Z,24.60,63.62,100,72,38.05,101.44,0.00,400.00,2,2,2
2023-09-11T12:26:03Z,24.61,63.56,100,73,39.14,101.44,0.00,400.00,null,null,null
2023-09-11T12:27:03Z,24.58,63.55,100,72,38.05,101.44,0.00,400.00,null,null,null
2023-09-11T12:28:03Z,24.60,63.52,100,71,37.67,101.44,0.00,400.00,null,null,null
2023-09-11T12:29:03Z,24.60,63.65,100,99,37.82,101.44,0.00,400.00,null,null,null
2023-09-11T12:30:03Z,24.61,63.62,100,100,36.84,101.44,0.00,403.00,2,3,3
2023-09-11T12:31:03Z,24.58,63.66,100,88,40.59,101.44,0.00,400.00,null,null,null
2023-09-11T12:32:03Z,24.62,63.68,100,73,40.06,101.44,0.00,403.00,null,null,null
2023-09-11T12:33:03Z,24.62,63.73,100,70,47.12,101.44,1.00,410.00,null,null,null
2023-09-11T12:34:03Z,24.62,63.69,100,70,39.47,101.44,2.00,414.00,null,null,null
2023-09-11T12:35:03Z,24.61,63.63,100,70,34.96,101.43,2.00,414.00,1,1,1
2023-09-11T12:36:03Z,24.64,63.68,100,66,38.75,101.44,1.00,410.00,null,null,null
2023-09-11T12:37:03Z,24.64,63.69,100,84,38.61,101.44,2.00,414.00,null,null,null
2023-09-11T12:38:03Z,24.62,63.74,100,84,38.29,101.44,2.00,418.00,null,null,null
2023-09-11T12:39:03Z,24.62,63.78,100,88,46.52,101.43,3.00,422.00,null,null,null
2023-09-11T12:40:03Z,24.61,63.73,100,90,34.49,101.43,3.00,421.00,1,1,1
2023-09-11T12:41:03Z,24.64,63.74,100,82,38.13,101.43,3.00,424.00,null,null,null
2023-09-11T12:42:03Z,24.67,63.82,100,76,40.08,101.43,4.00,427.00,null,null,null
2023-09-11T12:43:03Z,24.67,63.74,100,70,33.30,101.43,3.00,424.00,null,null,null
2023-09-11T12:44:03Z,24.64,63.56,100,83,44.19,101.43,5.00,434.00,null,null,null
2023-09-11T12:45:03Z,24.64,63.57,100,82,34.12,101.44,4.00,427.00,2,2,2
2023-09-11T12:46:03Z,24.64,63.55,100,70,38.07,101.44,5.00,434.00,null,null,null
2023-09-11T12:47:03Z,24.68,63.62,100,70,38.14,101.44,5.00,434.00,null,null,null
2023-09-11T12:48:03Z,24.64,63.79,100,70,44.11,101.44,6.00,443.00,null,null,null
2023-09-11T12:49:03Z,24.65,63.69,100,81,39.19,101.43,6.00,442.00,null,null,null
2023-09-11T12:50:03Z,24.64,63.71,100,71,39.20,101.43,6.00,445.00,3,3,3
2023-09-11T12:51:03Z,24.64,63.72,100,73,36.03,101.43,6.00,445.00,null,null,null
2023-09-11T12:52:03Z,24.67,63.61,100,80,36.86,101.44,6.00,445.00,null,null,null
2023-09-11T12:53:03Z,24.62,63.61,100,79,38.36,101.43,8.00,459.00,null,null,null
2023-09-11T12:54:03Z,24.65,63.67,100,80,48.30,101.43,9.00,463.00,null,null,null
2023-09-11T12:55:03Z,24.65,63.57,100,78,42.91,101.43,9.00,463.00,0,0,0
2023-09-11T12:56:03Z,24.65,63.57,100,80,34.34,101.43,8.00,459.00,null,null,null
2023-09-11T12:57:03Z,24.70,63.69,100,82,35.07,101.43,10.00,466.00,null,null,null
2023-09-11T12:58:03Z,24.70,63.49,100,83,38.11,101.43,10.00,466.00,null,null,null
2023-09-11T12:59:03Z,24.67,63.16,100,79,37.13,101.43,10.00,466.00,null,null,null
2023-09-11T13:00:03Z,24.70,63.27,100,81,38.17,101.43,10.00,470.00,2,2,2
2023-09-11T13:01:03Z,24.67,63.43,100,76,42.28,101.43,8.00,459.00,null,null,null
2023-09-11T13:02:03Z,24.70,63.57,100,76,39.24,101.43,9.00,463.00,null,null,null
2023-09-11T13:03:03Z,24.70,63.52,100,79,36.16,101.43,10.00,466.00,null,null,null
2023-09-11T13:04:03Z,24.68,63.43,100,80,36.70,101.42,10.00,472.00,null,null,null
2023-09-11T13:05:03Z,24.68,63.45,100,85,34.33,101.43,10.00,472.00,2,2,2
2023-09-11T13:06:03Z,24.70,62.84,100,85,39.19,101.43,11.00,477.00,null,null,null
2023-09-11T13:07:03Z,24.70,63.25,100,86,43.22,101.43,11.00,475.00,null,null,null
2023-09-11T13:08:03Z,24.74,63.29,100,85,44.91,101.42,10.00,472.00,null,null,null
2023-09-11T13:09:03Z,24.70,63.09,100,82,44.79,101.43,10.00,472.00,null,null,null
2023-09-11T13:10:03Z,24.70,62.84,100,82,40.98,101.43,11.00,475.00,1,2,2
2023-09-11T13:11:03Z,24.70,63.30,100,85,38.77,101.43,10.00,470.00,null,null,null
2023-09-11T13:12:03Z,24.71,63.09,100,83,36.45,101.43,10.00,466.00,null,null,null
2023-09-11T13:13:03Z,24.71,62.98,100,85,38.71,101.42,11.00,475.00,null,null,null
2023-09-11T13:14:03Z,24.71,63.10,100,86,36.18,101.43,11.00,475.00,null,null,null
2023-09-11T13:15:03Z,24.71,62.98,100,82,45.80,101.43,11.00,477.00,1,1,1
2023-09-11T13:16:03Z,24.72,63.12,100,86,55.89,101.42,11.00,475.00,null,null,null
2023-09-11T13:17:03Z,24.72,63.00,100,82,34.07,101.43,11.00,475.00,null,null,null
2023-09-11T13:18:03Z,24.72,63.26,100,86,40.90,101.42,11.00,475.00,null,null,null
2023-09-11T13:19:03Z,24.72,63.04,100,88,35.78,101.42,10.00,472.00,null,null,null
2023-09-11T13:20:03Z,24.72,62.94,100,85,37.55,101.42,11.00,477.00,2,2,2
2023-09-11T13:21:03Z,24.72,62.91,100,84,44.42,101.42,11.00,477.00,null,null,null
2023-09-11T13:22:03Z,24.74,63.04,100,82,45.21,101.42,11.00,477.00,null,null,null
2023-09-11T13:23:03Z,24.71,63.19,100,79,38.47,101.42,12.00,482.00,null,null,null
2023-09-11T13:24:03Z,24.71,63.16,100,79,40.23,101.42,12.00,482.00,null,null,null
2023-09-11T13:25:03Z,24.72,63.04,100,78,39.32,101.42,13.00,487.00,0,0,0
2023-09-11T13:26:03Z,24.72,63.22,100,75,37.15,101.42,12.00,482.00,null,null,null
2023-09-11T13:27:03Z,24.75,62.97,100,76,46.72,101.42,13.00,487.00,null,null,null
2023-09-11T13:28:03Z,24.76,63.16,100,74,38.43,101.42,12.00,480.00,null,null,null
2023-09-11T13:29:03Z,24.72,62.97,100,73,37.98,101.42,12.00,480.00,null,null,null
2023-09-11T13:30:03Z,24.74,62.89,100,75,36.42,101.42,13.00,487.00,0,0,0
2023-09-11T13:31:03Z,24.74,63.19,100,77,42.20,101.41,12.00,482.00,null,null,null
2023-09-11T13:32:03Z,24.75,63.25,100,76,39.03,101.41,13.00,487.00,null,null,null
2023-09-11T13:33:03Z,24.78,63.13,100,73,38.15,101.42,12.00,480.00,null,null,null
2023-09-11T13:34:03Z,24.76,62.89,100,76,37.97,101.42,12.00,480.00,null,null,null
2023-09-11T13:35:03Z,24.75,62.94,100,76,38.10,101.41,12.00,485.00,0,0,0
2023-09-11T13:36:03Z,24.75,62.58,100,74,46.33,101.41,11.00,476.00,null,null,null
2023-09-11T13:37:03Z,24.76,62.56,100,79,36.40,101.41,11.00,476.00,null,null,null
2023-09-11T13:38:03Z,24.76,62.66,100,81,38.62,101.41,13.00,491.00,null,null,null
2023-09-11T13:39:03Z,24.76,62.90,100,82,34.99,101.41,12.00,485.00,null,null,null
2023-09-11T13:40:03Z,24.75,62.99,100,83,38.34,101.41,12.00,485.00,0,0,0
2023-09-11T13:41:03Z,24.76,63.08,100,86,42.26,101.41,12.00,480.00,null,null,null
2023-09-11T13:42:03Z,24.78,63.01,100,89,37.14,101.41,13.00,488.00,null,null,null
2023-09-11T13:43:03Z,24.76,63.03,100,93,37.77,101.40,15.00,500.00,null,null,null
2023-09-11T13:44:03Z,24.78,62.85,100,91,36.70,101.40,15.00,500.00,null,null,null
2023-09-11T13:45:03Z,24.75,62.93,100,89,34.25,101.40,15.00,500.00,0,0,0
2023-09-11T13:46:03Z,24.79,63.06,100,86,44.19,101.40,15.00,500.00,null,null,null
2023-09-11T13:47:03Z,24.78,62.90,100,103,40.04,101.40,15.00,502.00,null,null,null
2023-09-11T13:48:03Z,24.78,63.05,100,103,34.28,101.40,16.00,506.00,null,null,null
2023-09-11T13:49:03Z,24.79,63.01,100,103,48.32,101.40,17.00,517.00,null,null,null
2023-09-11T13:50:03Z,24.79,62.90,100,100,39.99,101.39,18.00,523.00,3,4,4
2023-09-11T13:51:03Z,24.81,62.94,100,103,34.95,101.39,17.00,517.00,null,null,null
2023-09-11T13:52:03Z,24.79,62.97,100,101,33.03,101.40,18.00,523.00,null,null,null
2023-09-11T13:53:03Z,24.76,62.99,100,97,34.21,101.39,18.00,523.00,null,null,null
2023-09-11T13:54:03Z,24.76,62.76,100,91,37.09,101.39,16.00,506.00,null,null,null
2023-09-11T13:55:03Z,24.78,62.85,100,94,41.83,101.39,17.00,517.00,1,1,1
2023-09-11T13:56:03Z,24.82,62.96,100,93,37.64,101.39,17.00,517.00,null,null,null
2023-09-11T13:57:03Z,24.82,62.39,100,90,36.69,101.39,17.00,517.00,null,null,null
2023-09-11T13:58:03Z,24.79,62.49,100,84,39.08,101.39,15.00,505.00,null,null,null
2023-09-11T13:59:03Z,24.81,62.59,100,84,35.70,101.39,15.00,505.00,null,null,null
2023-09-11T14:00:03Z,24.81,62.72,100,86,47.08,101.39,15.00,505.00,2,2,2
2023-09-11T14:01:03Z,24.81,62.53,100,77,38.57,101.38,15.00,505.00,null,null,null
2023-09-11T14:02:03Z,24.82,62.56,100,78,35.69,101.39,15.00,505.00,null,null,null
2023-09-11T14:03:03Z,24.81,62.57,100,74,34.57,101.39,15.00,505.00,null,null,null
2023-09-11T14:04:03Z,24.82,62.20,100,80,37.13,101.38,17.00,517.00,null,null,null
2023-09-11T14:05:03Z,24.82,62.33,100,75,42.63,101.39,17.00,514.00,4,5,5
2023-09-11T14:06:03Z,24.84,62.38,100,79,37.58,101.38,14.00,495.00,null,null,null
2023-09-11T14:07:03Z,24.82,62.38,100,78,46.66,101.38,15.00,505.00,null,null,null
2023-09-11T14:08:03Z,24.82,62.48,100,71,35.49,101.38,14.00,497.00,null,null,null
2023-09-11T14:09:03Z,24.84,62.63,100,68,34.71,101.38,15.00,505.00,null,null,null
2023-09-11T14:10:03Z,24.84,62.64,100,61,42.96,101.38,17.00,517.00,0,0,0
2023-09-11T14:11:03Z,24.85,62.54,100,57,39.08,101.38,17.00,517.00,null,null,null
2023-09-11T14:12:03Z,24.88,62.63,100,53,38.81,101.38,17.00,517.00,null,null,null
2023-09-11T14:13:03Z,24.85,62.57,100,53,35.48,101.38,17.00,517.00,null,null,null
2023-09-11T14:14:03Z,24.86,62.59,100,53,35.37,101.38,18.00,523.00,null,null,null
2023-09-11T14:15:03Z,24.84,62.48,100,53,35.84,101.38,18.00,523.00,4,4,4
2023-09-11T14:16:03Z,24.85,62.55,100,57,35.56,101.38,18.00,523.00,null,null,null
2023-09-11T14:17:03Z,24.86,62.17,100,53,45.00,101.38,17.00,517.00,null,null,null
2023-09-11T14:18:03Z,24.89,62.04,100,53,35.86,101.38,18.00,520.00,null,null,null
2023-09-11T14:19:03Z,24.85,62.00,100,54,36.45,101.38,17.00,517.00,null,null,null
2023-09-11T14:20:03Z,24.82,62.27,100,55,37.07,101.38,17.00,517.00,0,1,1
2023-09-11T14:21:03Z,24.86,62.01,100,54,36.33,101.38,15.00,505.00,null,null,null
2023-09-11T14:22:03Z,24.86,62.05,100,56,41.26,101.38,15.00,501.00,null,null,null
2023-09-11T14:23:03Z,24.84,62.29,100,55,37.78,101.38,15.00,501.00,null,null,null
2023-09-11T14:24:03Z,24.86,62.03,100,52,34.50,101.38,17.00,514.00,null,null,null
2023-09-11T14:25:03Z,24.85,62.05,100,51,38.36,101.38,17.00,514.00,1,1,1
2023-09-11T14:26:03Z,24.86,62.16,100,51,40.35,101.38,14.00,498.00,null,null,null
2023-09-11T14:27:03Z,24.88,62.17,100,51,39.68,101.38,17.00,514.00,null,null,null
2023-09-11T14:28:03Z,24.88,62.29,100,55,45.79,101.38,17.00,514.00,null,null,null
2023-09-11T14:29:03Z,24.85,62.27,100,54,41.76,101.37,15.00,505.00,null,null,null
2023-09-11T14:30:03Z,24.86,62.20,100,55,37.78,101.37,15.00,505.00,2,2,2
2023-09-11T14:31:03Z,24.91,62.32,100,57,38.81,101.37,17.00,517.00,null,null,null
2023-09-11T14:32:03Z,24.89,62.18,100,57,38.61,101.37,16.00,508.00,null,null,null
2023-09-11T14:33:03Z,24.91,62.25,100,60,35.64,101.37,18.00,520.00,null,null,null
2023-09-11T14:34:03Z,24.86,62.36,100,60,40.61,101.37,17.00,517.00,null,null,null
2023-09-11T14:35:03Z,24.86,62.34,100,61,35.03,101.37,17.00,517.00,3,3,3
2023-09-11T14:36:03Z,24.86,62.21,100,62,38.25,101.37,17.00,517.00,null,null,null
2023-09-11T14:37:03Z,24.89,62.35,100,63,37.99,101.37,17.00,517.00,null,null,null
2023-09-11T14:38:03Z,24.89,62.35,100,63,35.18,101.38,17.00,517.00,null,null,null
2023-09-11T14:39:03Z,24.88,62.40,100,64,36.18,101.37,17.00,517.00,null,null,null
2023-09-11T14:40:03Z,24.89,62.36,100,63,38.06,101.38,18.00,523.00,1,1,1
2023-09-11T14:41:03Z,24.91,62.45,100,65,37.82,101.38,18.00,523.00,null,null,null
2023-09-11T14:42:03Z,24.92,62.48,100,65,34.95,101.38,19.00,529.00,null,null,null
2023-09-11T14:43:03Z,24.91,62.44,100,65,36.63,101.37,20.00,534.00,null,null,null
2023-09-11T14:44:03Z,24.88,62.39,100,69,34.63,101.37,19.00,529.00,null,null,null
2023-09-11T14:45:03Z,24.91,62.48,100,68,38.42,101.37,18.00,523.00,5,5,5
2023-09-11T14:46:03Z,24.88,62.63,100,69,35.30,101.37,18.00,523.00,null,null,null
2023-09-11T14:47:03Z,24.92,62.50,100,73,37.28,101.38,20.00,534.00,null,null,null
2023-09-11T14:48:03Z,24.92,62.55,100,71,37.35,101.37,21.00,539.00,null,null,null
2023-09-11T14:49:03Z,24.89,62.56,100,75,35.34,101.38,21.00,539.00,null,null,null
2023-09-11T14:50:03Z,24.91,62.58,100,80,39.60,101.38,21.00,539.00,2,2,2
2023-09-11T14:51:03Z,24.91,62.47,100,78,35.04,101.38,21.00,539.00,null,null,null
2023-09-11T14:52:03Z,24.92,62.51,100,83,38.67,101.37,21.00,542.00,null,null,null
2023-09-11T14:53:03Z,24.92,62.51,100,85,40.27,101.37,22.00,548.00,null,null,null
2023-09-11T14:54:03Z,24.94,62.50,100,81,37.81,101.37,22.00,548.00,null,null,null
2023-09-11T14:55:03Z,24.92,62.48,100,81,37.65,101.37,21.00,542.00,1,1,1
2023-09-11T14:56:03Z,24.94,62.51,100,84,39.26,101.37,21.00,542.00,null,null,null
2023-09-11T14:57:03Z,24.96,62.48,100,83,37.21,101.37,21.00,542.00,null,null,null
2023-09-11T14:58:03Z,24.94,62.57,100,84,35.97,101.37,21.00,542.00,null,null,null
2023-09-11T14:59:03Z,24.95,62.49,100,81,43.14,101.37,21.00,542.00,null,null,null
2023-09-11T15:00:03Z,24.94,62.62,100,83,33.63,101.37,21.00,542.00,0,0,0
2023-09-11T15:01:03Z,24.92,62.65,100,79,35.05,101.37,22.00,548.00,null,null,null
2023-09-11T15:02:03Z,24.94,62.44,100,79,41.40,101.37,23.00,553.00,null,null,null
2023-09-11T15:03:03Z,24.95,62.48,100,76,36.14,101.36,22.00,548.00,null,null,null
2023-09-11T15:04:03Z,24.94,62.61,100,73,38.43,101.36,22.00,548.00,null,null,null
2023-09-11T15:05:03Z,24.95,62.44,100,69,42.48,101.36,22.00,548.00,2,2,2
2023-09-11T15:06:03Z,24.96,62.63,100,67,35.86,101.36,22.00,548.00,null,null,null
2023-09-11T15:07:03Z,24.96,62.55,100,67,42.63,101.36,22.00,548.00,null,null,null
2023-09-11T15:08:03Z,24.95,62.62,100,67,35.60,101.36,22.00,548.00,null,null,null
2023-09-11T15:09:03Z,24.95,62.49,100,66,37.70,101.36,23.00,553.00,null,null,null
2023-09-11T15:10:03Z,24.94,62.53,100,69,36.60,101.36,23.00,553.00,3,3,3
2023-09-11T15:11:03Z,24.96,61.93,100,69,36.86,101.36,23.00,553.00,null,null,null
2023-09-11T15:12:03Z,24.98,62.12,100,66,35.85,101.36,23.00,552.00,null,null,null
2023-09-11T15:13:03Z,25.00,62.08,100,65,34.82,101.36,23.00,552.00,null,null,null
2023-09-11T15:14:03Z,24.96,62.04,100,64,36.89,101.36,22.00,546.00,null,null,null
2023-09-11T15:15:03Z,24.96,61.57,100,66,41.86,101.36,22.00,546.00,2,2,2
2023-09-11T15:16:03Z,24.98,61.53,100,63,41.77,101.36,21.00,543.00,null,null,null
2023-09-11T15:17:03Z,24.98,61.90,100,65,44.72,101.35,20.00,537.00,null,null,null
2023-09-11T15:18:03Z,24.96,61.27,100,67,41.29,101.35,20.00,533.00,null,null,null
2023-09-11T15:19:03Z,24.98,61.89,100,69,40.62,101.35,19.00,526.00,null,null,null
2023-09-11T15:20:03Z,24.95,61.66,100,66,37.84,101.35,19.00,527.00,1,1,1
2023-09-11T15:21:03Z,24.96,61.91,100,69,38.71,101.36,19.00,531.00,null,null,null
2023-09-11T15:22:03Z,24.95,61.61,100,66,40.31,101.36,19.00,527.00,null,null,null
2023-09-11T15:23:03Z,24.96,61.66,100,65,44.07,101.36,19.00,531.00,null,null,null
2023-09-11T15:24:03Z,24.98,61.80,100,64,39.30,101.36,19.00,531.00,null,null,null
2023-09-11T15:25:03Z,24.96,62.01,100,63,39.69,101.36,20.00,533.00,1,1,1
2023-09-11T15:26:03Z,24.99,61.39,100,63,46.24,101.36,20.00,533.00,null,null,null
2023-09-11T15:27:03Z,25.00,61.86,100,65,39.78,101.35,20.00,537.00,null,null,null
2023-09-11T15:28:03Z,24.98,61.80,100,64,42.25,101.35,20.00,533.00,null,null,null
2023-09-11T15:29:03Z,24.96,61.79,100,67,40.25,101.35,21.00,539.00,null,null,null
2023-09-11T15:30:03Z,24.95,61.75,100,69,41.87,101.35,21.00,543.00,2,2,2
2023-09-11T15:31:03Z,24.99,61.47,100,68,36.64,101.35,20.00,533.00,null,null,null
2023-09-11T15:32:03Z,24.99,61.45,100,64,40.28,101.35,19.00,526.00,null,null,null
2023-09-11T15:33:03Z,24.98,61.65,100,64,40.72,101.35,19.00,526.00,null,null,null
2023-09-11T15:34:03Z,24.98,61.74,100,66,38.18,101.35,19.00,531.00,null,null,null
2023-09-11T15:35:03Z,24.98,61.73,100,68,40.63,101.35,19.00,531.00,1,2,2
2023-09-11T15:36:03Z,25.00,61.94,100,69,42.99,101.35,17.00,518.00,null,null,null
2023-09-11T15:37:03Z,25.00,61.68,100,70,43.34,101.35,17.00,517.00,null,null,null
2023-09-11T15:38:03Z,24.98,61.89,100,64,39.98,101.35,17.00,518.00,null,null,null
2023-09-11T15:39:03Z,24.98,61.89,100,62,46.27,101.35,17.00,514.00,null,null,null
2023-09-11T15:40:03Z,24.96,61.84,100,63,39.73,101.35,17.00,514.00,1,1,1
2023-09-11T15:41:03Z,24.99,62.08,100,60,36.68,101.35,17.00,514.00,null,null,null
2023-09-11T15:42:03Z,25.00,61.50,100,61,41.50,101.35,17.00,514.00,null,null,null
2023-09-11T15:43:03Z,24.98,61.64,100,59,39.84,101.35,15.00,505.00,null,null,null
2023-09-11T15:44:03Z,24.98,61.66,100,65,45.17,101.35,15.00,502.00,null,null,null
2023-09-11T15:45:03Z,24.96,61.79,100,62,39.87,101.35,15.00,502.00,2,2,2
2023-09-11T15:46:03Z,24.98,61.74,100,61,40.36,101.35,14.00,498.00,null,null,null
2023-09-11T15:47:03Z,25.00,61.93,100,59,38.00,101.35,15.00,502.00,null,null,null
2023-09-11T15:48:03Z,25.00,61.97,100,60,34.56,101.35,14.00,498.00,null,null,null
2023-09-11T15:49:03Z,25.00,61.76,100,60,38.26,101.35,17.00,514.00,null,null,null
2023-09-11T15:50:03Z,24.99,61.98,100,65,38.36,101.35,14.00,498.00,2,2,2
2023-09-11T15:51:03Z,25.00,62.01,100,64,35.85,101.35,15.00,501.00,null,null,null
2023-09-11T15:52:03Z,25.00,62.02,100,60,37.76,101.35,17.00,514.00,null,null,null
2023-09-11T15:53:03Z,25.02,61.92,100,59,37.59,101.36,17.00,514.00,null,null,null
2023-09-11T15:54:03Z,24.99,62.04,100,65,39.95,101.35,17.00,514.00,null,null,null
2023-09-11T15:55:03Z,24.98,62.08,100,64,42.98,101.36,17.00,514.00,1,1,1
2023-09-11T15:56:03Z,25.00,61.98,100,68,38.97,101.35,17.00,514.00,null,null,null
2023-09-11T15:57:03Z,24.98,62.08,100,71,39.33,101.35,18.00,520.00,null,null,null
2023-09-11T15:58:03Z,25.00,61.99,100,69,39.64,101.36,19.00,527.00,null,null,null
2023-09-11T15:59:03Z,24.99,61.81,100,66,35.64,101.36,19.00,527.00,null,null,null
2023-09-11T16:00:03Z,24.99,62.05,100,58,41.05,101.36,18.00,520.00,2,2,2
2023-09-11T16:01:03Z,24.98,62.04,100,56,41.92,101.36,17.00,514.00,null,null,null
2023-09-11T16:02:03Z,25.02,62.11,100,54,36.69,101.36,18.00,520.00,null,null,null
2023-09-11T16:03:03Z,25.00,62.17,100,54,41.74,101.36,18.00,520.00,null,null,null
2023-09-11T16:04:03Z,24.99,62.04,100,52,40.71,101.35,19.00,527.00,null,null,null
2023-09-11T16:05:03Z,24.98,62.10,100,53,35.75,101.36,19.00,527.00,1,1,12
2023-09-11T16:06:03Z,25.03,62.01,100,54,39.85,101.36,19.00,527.00,null,null,null
2023-09-11T16:07:03Z,25.03,61.98,100,53,43.27,101.36,18.00,520.00,null,null,null
2023-09-11T16:08:03Z,24.99,61.94,100,56,36.11,101.36,18.00,520.00,null,null,null
2023-09-11T16:09:03Z,25.00,62.04,100,57,45.64,101.36,18.00,520.00,null,null,null
2023-09-11T16:10:03Z,25.02,62.14,100,49,44.47,101.36,18.00,520.00,2,4,4
2023-09-11T16:11:03Z,25.02,62.33,100,50,37.34,101.36,18.00,520.00,null,null,null
2023-09-11T16:12:03Z,25.05,62.48,100,52,43.78,101.36,18.00,523.00,null,null,null
2023-09-11T16:13:03Z,25.03,62.69,100,47,37.15,101.36,18.00,523.00,null,null,null
2023-09-11T16:14:03Z,25.05,62.56,100,43,39.25,101.36,18.00,523.00,null,null,null
2023-09-11T16:15:03Z,25.05,62.90,100,42,39.48,101.36,19.00,529.00,1,1,1
2023-09-11T16:16:03Z,25.05,62.96,100,37,57.90,101.36,19.00,529.00,null,null,null
2023-09-11T16:17:03Z,25.05,62.80,100,38,40.91,101.36,20.00,533.00,null,null,null
2023-09-11T16:18:03Z,25.05,63.28,100,36,56.92,101.36,18.00,523.00,null,null,null
2023-09-11T16:19:03Z,25.05,63.36,100,43,35.92,101.36,18.00,523.00,null,null,null
2023-09-11T16:20:03Z,25.05,63.43,100,37,38.18,101.36,19.00,527.00,1,1,1
2023-09-11T16:21:03Z,25.08,63.25,100,38,42.08,101.36,17.00,517.00,null,null,null
2023-09-11T16:22:03Z,25.09,63.41,100,40,47.89,101.35,19.00,527.00,null,null,null
2023-09-11T16:23:03Z,25.09,63.63,100,38,42.57,101.36,19.00,530.00,null,null,null
2023-09-11T16:24:03Z,25.09,63.32,100,39,47.95,101.36,20.00,536.00,null,null,null
2023-09-11T16:25:03Z,25.11,64.02,100,42,39.20,101.36,21.00,542.00,1,1,1
2023-09-11T16:26:03Z,25.09,63.84,100,46,43.56,101.35,20.00,537.00,null,null,null
2023-09-11T16:27:03Z,25.13,63.63,100,44,37.85,101.35,22.00,548.00,null,null,null
2023-09-11T16:28:03Z,25.09,63.00,100,43,45.24,101.35,22.00,548.00,null,null,null
2023-09-11T16:29:03Z,25.13,63.61,100,39,34.65,101.35,21.00,542.00,null,null,null
2023-09-11T16:30:03Z,25.13,63.99,100,36,34.64,101.36,21.00,542.00,3,3,3
2023-09-11T16:31:03Z,25.15,63.61,100,36,33.20,101.36,21.00,543.00,null,null,null
2023-09-11T16:32:03Z,25.16,63.76,100,38,34.37,101.36,22.00,548.00,null,null,null
2023-09-11T16:33:03Z,25.15,64.06,100,38,40.79,101.36,22.00,548.00,null,null,null
2023-09-11T16:34:03Z,25.15,63.66,100,36,39.66,101.36,23.00,552.00,null,null,null
2023-09-11T16:35:03Z,25.13,63.72,100,35,35.00,101.36,23.00,556.00,3,3,3
2023-09-11T16:36:03Z,25.13,63.76,100,34,39.03,101.37,25.00,570.00,null,null,null
2023-09-11T16:37:03Z,25.15,63.35,100,33,42.78,101.36,24.00,561.00,null,null,null
2023-09-11T16:38:03Z,25.15,63.27,100,32,42.61,101.36,22.00,548.00,null,null,null
2023-09-11T16:39:03Z,25.18,63.21,100,31,39.78,101.37,22.00,548.00,null,null,null
2023-09-11T16:40:03Z,25.13,63.17,100,31,43.91,101.37,22.00,548.00,1,1,1
2023-09-11T16:41:03Z,25.13,63.03,100,30,44.21,101.36,20.00,536.00,null,null,null
2023-09-11T16:42:03Z,25.16,63.07,100,29,47.41,101.37,20.00,533.00,null,null,null
2023-09-11T16:43:03Z,25.13,62.99,100,28,42.13,101.37,20.00,533.00,null,null,null
2023-09-11T16:44:03Z,25.15,63.00,100,28,42.95,101.36,20.00,536.00,null,null,null
2023-09-11T16:45:03Z,25.13,63.03,100,26,38.42,101.37,20.00,536.00,1,2,2
2023-09-11T16:46:03Z,25.15,63.01,100,26,42.26,101.37,20.00,533.00,null,null,null
2023-09-11T16:47:03Z,25.15,62.87,100,25,43.05,101.37,20.00,533.00,null,null,null
2023-09-11T16:48:03Z,25.13,62.70,100,25,46.49,101.37,20.00,533.00,null,null,null
2023-09-11T16:49:03Z,25.12,62.65,100,24,41.13,101.37,19.00,529.00,null,null,null
2023-09-11T16:50:03Z,25.13,62.70,100,23,34.57,101.37,18.00,523.00,1,1,1
2023-09-11T16:51:03Z,25.16,62.53,100,23,34.28,101.37,17.00,517.00,null,null,null
2023-09-11T16:52:03Z,25.13,62.49,100,22,34.50,101.37,16.00,508.00,null,null,null
2023-09-11T16:53:03Z,25.15,62.53,100,22,34.25,101.37,15.00,505.00,null,null,null
2023-09-11T16:54:03Z,25.13,62.43,100,22,44.37,101.37,14.00,497.00,null,null,null
2023-09-11T16:55:03Z,25.12,62.43,100,21,36.97,101.37,14.00,495.00,1,1,1
2023-09-11T16:56:03Z,25.15,62.27,100,21,32.60,101.37,12.00,485.00,null,null,null
2023-09-11T16:57:03Z,25.15,62.17,100,21,34.15,101.37,11.00,476.00,null,null,null
2023-09-11T16:58:03Z,25.15,62.17,100,21,36.66,101.37,11.00,477.00,null,null,null
2023-09-11T16:59:03Z,25.11,62.14,100,21,34.21,101.37,9.00,465.00,null,null,null
2023-09-11T17:00:03Z,25.11,62.16,100,20,37.54,101.37,9.00,465.00,2,2,2
2023-09-11T17:01:03Z,25.12,62.17,100,20,35.45,101.38,9.00,465.00,null,null,null
2023-09-11T17:02:03Z,25.11,62.10,100,20,51.54,101.37,9.00,462.00,null,null,null
2023-09-11T17:03:03Z,25.09,62.32,100,19,38.19,101.38,8.00,457.00,null,null,null
2023-09-11T17:04:03Z,25.08,62.21,100,20,35.78,101.37,7.00,446.00,null,null,null
2023-09-11T17:05:03Z,25.09,62.10,100,20,34.92,101.38,6.00,442.00,4,4,4
2023-09-11T17:06:03Z,25.09,62.18,100,21,36.09,101.38,6.00,442.00,null,null,null
2023-09-11T17:07:03Z,25.09,62.13,100,20,33.31,101.38,5.00,433.00,null,null,null
2023-09-11T17:08:03Z,25.11,62.11,100,21,31.59,101.38,3.00,426.00,null,null,null
2023-09-11T17:09:03Z,25.09,62.03,100,22,32.61,101.38,3.00,426.00,null,null,null
2023-09-11T17:10:03Z,25.08,62.08,100,20,39.23,101.38,3.00,424.00,4,4,4
2023-09-11T17:11:03Z,25.09,62.11,100,19,34.40,101.38,1.00,411.00,null,null,null
2023-09-11T17:12:03Z,25.08,62.25,100,20,34.55,101.38,1.00,411.00,null,null,null
2023-09-11T17:13:03Z,25.06,62.29,100,20,40.26,101.38,1.00,408.00,null,null,null
2023-09-11T17:14:03Z,25.08,62.45,100,20,38.29,101.38,1.00,408.00,null,null,null
2023-09-11T17:15:03Z,25.03,62.41,100,22,34.11,101.38,1.00,413.00,0,0,0
2023-09-11T17:16:03Z,25.08,62.51,100,20,42.31,101.38,1.00,408.00,null,null,null
2023-09-11T17:17:03Z,25.08,62.49,100,22,34.58,101.39,1.00,408.00,null,null,null
2023-09-11T17:18:03Z,25.08,62.53,100,25,38.49,101.38,1.00,413.00,null,null,null
2023-09-11T17:19:03Z,25.03,62.60,100,22,32.34,101.38,1.00,413.00,null,null,null
2023-09-11T17:20:03Z,25.03,62.66,100,21,42.88,101.38,1.00,413.00,2,2,2
2023-09-11T17:21:03Z,25.05,62.70,100,20,37.15,101.38,1.00,413.00,null,null,null
2023-09-11T17:22:03Z,25.05,62.70,100,20,32.78,101.38,1.00,413.00,null,null,null
2023-09-11T17:23:03Z,25.06,62.75,100,19,32.69,101.37,1.00,408.00,null,null,null
2023-09-11T17:24:03Z,25.05,62.76,100,19,34.21,101.38,0.00,403.00,null,null,null
2023-09-11T17:25:03Z,25.06,62.85,100,19,34.06,101.38,0.00,400.00,1,1,1
2023-09-11T17:26:03Z,25.06,62.86,100,19,38.06,101.38,0.00,403.00,null,null,null
2023-09-11T17:27:03Z,25.05,62.95,100,18,32.90,101.38,0.00,400.00,null,null,null
2023-09-11T17:28:03Z,25.06,62.98,100,17,35.99,101.37,0.00,400.00,null,null,null
2023-09-11T17:29:03Z,25.00,62.98,100,17,34.23,101.38,0.00,400.00,null,null,null
2023-09-11T17:30:03Z,25.03,63.05,100,18,38.09,101.38,0.00,400.00,4,4,4
2023-09-11T17:31:03Z,25.03,63.06,100,18,32.65,101.38,0.00,400.00,null,null,null
2023-09-11T17:32:03Z,25.02,63.15,100,18,33.67,101.38,0.00,403.00,null,null,null
2023-09-11T17:33:03Z,25.03,63.23,100,17,47.21,101.38,0.00,400.00,null,null,null
2023-09-11T17:34:03Z,25.03,63.25,100,18,33.26,101.38,0.00,400.00,null,null,null
2023-09-11T17:35:03Z,25.02,63.38,100,18,35.13,101.38,0.00,400.00,2,2,2
2023-09-11T17:36:03Z,25.02,63.40,100,17,42.50,101.38,0.00,400.00,null,null,null
2023-09-11T17:37:03Z,24.99,63.46,100,18,40.28,101.38,0.00,400.00,null,null,null
2023-09-11T17:38:03Z,25.02,63.48,100,19,35.45,101.38,0.00,405.00,null,null,null
2023-09-11T17:39:03Z,25.00,63.51,100,18,37.30,101.38,0.00,405.00,null,null,null
2023-09-11T17:40:03Z,24.99,63.58,100,18,39.26,101.38,0.00,400.00,2,2,2
2023-09-11T17:41:03Z,25.00,63.60,100,19,42.49,101.38,0.00,400.00,null,null,null
2023-09-11T17:42:03Z,25.00,63.65,100,18,36.40,101.37,0.00,402.00,null,null,null
2023-09-11T17:43:03Z,24.99,63.67,100,19,46.94,101.37,0.00,402.00,null,null,null
2023-09-11T17:44:03Z,25.02,63.68,100,18,38.85,101.38,0.00,402.00,null,null,null
2023-09-11T17:45:03Z,24.99,63.80,100,18,34.81,101.38,0.00,402.00,2,2,2
2023-09-11T17:46:03Z,25.00,63.84,100,18,38.40,101.38,0.00,400.00,null,null,null
2023-09-11T17:47:03Z,25.00,63.84,100,18,40.15,101.38,0.00,400.00,null,null,null
2023-09-11T17:48:03Z,24.99,63.87,100,16,38.87,101.38,0.00,403.00,null,null,null
2023-09-11T17:49:03Z,24.98,63.91,100,17,33.11,101.38,0.00,400.00,null,null,null
2023-09-11T17:50:03Z,24.98,63.95,100,15,31.95,101.37,0.00,400.00,4,7,7
2023-09-11T17:51:03Z,24.98,63.92,100,15,38.28,101.38,0.00,400.00,null,null,null
2023-09-11T17:52:03Z,24.98,64.03,100,15,39.90,101.38,0.00,400.00,null,null,null
2023-09-11T17:53:03Z,24.99,64.03,100,14,38.07,101.38,0.00,403.00,null,null,null
2023-09-11T17:54:03Z,25.00,64.08,100,14,36.74,101.37,1.00,408.00,null,null,null
2023-09-11T17:55:03Z,24.96,64.06,100,13,33.85,101.38,2.00,414.00,2,2,2
2023-09-11T17:56:03Z,24.98,64.11,100,12,37.85,101.38,2.00,414.00,null,null,null
2023-09-11T17:57:03Z,25.00,64.10,100,12,34.90,101.38,3.00,422.00,null,null,null
2023-09-11T17:58:03Z,24.98,64.11,100,12,34.85,101.38,3.00,426.00,null,null,null
2023-09-11T17:59:03Z,24.96,64.09,100,11,37.17,101.38,3.00,422.00,null,null,null
2023-09-11T18:00:03Z,24.96,64.11,100,11,31.92,101.38,3.00,426.00,2,2,2
2023-09-11T18:01:03Z,24.99,64.20,100,10,37.62,101.39,4.00,432.00,null,null,null
2023-09-11T18:02:03Z,24.98,64.11,100,9,32.55,101.39,4.00,432.00,null,null,null
2023-09-11T18:03:03Z,24.96,64.16,100,9,41.63,101.39,4.00,432.00,null,null,null
2023-09-11T18:04:03Z,24.96,64.24,100,9,35.87,101.39,4.00,432.00,null,null,null
2023-09-11T18:05:03Z,24.96,64.25,100,8,36.37,101.39,3.00,426.00,1,3,3
2023-09-11T18:06:03Z,24.98,64.28,100,8,35.34,101.39,3.00,424.00,null,null,null
2023-09-11T18:07:03Z,24.98,64.27,100,7,37.70,101.39,4.00,427.00,null,null,null
2023-09-11T18:08:03Z,24.99,64.27,100,7,33.72,101.39,3.00,424.00,null,null,null
2023-09-11T18:09:03Z,24.95,64.30,100,7,36.24,101.39,4.00,427.00,null,null,null
2023-09-11T18:10:03Z,24.96,64.33,100,6,34.16,101.39,3.00,424.00,4,4,4
2023-09-11T18:11:03Z,24.95,64.32,100,6,34.18,101.39,3.00,420.00,null,null,null
2023-09-11T18:12:03Z,24.98,64.32,100,6,38.43,101.39,3.00,424.00,null,null,null
2023-09-11T18:13:03Z,24.98,64.34,100,6,34.65,101.39,3.00,424.00,null,null,null
2023-09-11T18:14:03Z,24.94,64.36,100,5,35.25,101.39,3.00,420.00,null,null,null
2023-09-11T18:15:03Z,24.95,64.41,100,5,34.15,101.39,3.00,420.00,5,5,5
2023-09-11T18:16:03Z,24.95,64.46,100,5,31.92,101.39,3.00,424.00,null,null,null
2023-09-11T18:17:03Z,24.96,64.44,100,4,43.27,101.40,3.00,424.00,null,null,null
2023-09-11T18:18:03Z,24.96,64.44,100,4,34.28,101.40,3.00,424.00,null,null,null
2023-09-11T18:19:03Z,24.96,64.45,100,3,35.99,101.39,3.00,420.00,null,null,null
2023-09-11T18:20:03Z,24.95,64.51,100,2,36.64,101.39,3.00,420.00,6,6,6
2023-09-11T18:21:03Z,24.96,64.49,100,3,33.87,101.40,2.00,416.00,null,null,null
2023-09-11T18:22:03Z,24.96,64.53,100,2,33.25,101.40,3.00,420.00,null,null,null
2023-09-11T18:23:03Z,24.96,64.55,100,2,37.55,101.40,3.00,420.00,null,null,null
2023-09-11T18:24:03Z,24.92,64.60,100,2,35.80,101.40,3.00,420.00,null,null,null
2023-09-11T18:25:03Z,24.95,64.65,100,1,46.94,101.40,3.00,420.00,1,1,1
2023-09-11T18:26:03Z,24.94,64.70,100,1,44.58,101.40,2.00,416.00,null,null,null
2023-09-11T18:27:03Z,24.96,64.68,100,0,41.15,101.40,2.00,416.00,null,null,null
2023-09-11T18:28:03Z,24.94,64.76,100,0,35.29,101.40,1.00,411.00,null,null,null
2023-09-11T18:29:03Z,24.92,64.79,100,0,36.01,101.40,1.00,411.00,null,null,null
2023-09-11T18:30:03Z,24.94,64.86,100,0,36.53,101.41,1.00,411.00,5,7,7
2023-09-11T18:31:03Z,24.95,64.82,100,0,33.71,101.41,2.00,415.00,null,null,null
2023-09-11T18:32:03Z,24.94,64.83,100,0,32.44,101.41,3.00,420.00,null,null,null
2023-09-11T18:33:03Z,24.95,64.81,100,0,40.42,101.41,3.00,425.00,null,null,null
2023-09-11T18:34:03Z,24.92,64.86,100,0,34.35,101.41,4.00,428.00,null,null,null
2023-09-11T18:35:03Z,24.92,64.87,100,0,33.80,101.41,5.00,435.00,4,4,4
2023-09-11T18:36:03Z,24.94,64.91,100,0,40.57,101.41,6.00,444.00,null,null,null
2023-09-11T18:37:03Z,24.96,64.87,100,0,35.28,101.42,7.00,446.00,null,null,null
2023-09-11T18:38:03Z,24.96,64.88,100,0,34.86,101.41,8.00,455.00,null,null,null
2023-09-11T18:39:03Z,24.94,64.87,100,0,36.41,101.42,8.00,455.00,null,null,null
2023-09-11T18:40:03Z,24.92,64.90,100,0,33.79,101.42,10.00,470.00,4,4,4
2023-09-11T18:41:03Z,24.95,64.94,100,0,35.01,101.42,10.00,470.00,null,null,null
2023-09-11T18:42:03Z,24.96,64.84,100,0,36.45,101.43,12.00,483.00,null,null,null
2023-09-11T18:43:03Z,24.95,64.90,100,0,35.65,101.42,14.00,492.00,null,null,null
2023-09-11T18:44:03Z,24.92,64.93,100,0,36.17,101.42,15.00,500.00,null,null,null
2023-09-11T18:45:03Z,24.94,64.94,100,0,35.51,101.42,15.00,505.00,2,2,2
2023-09-11T18:46:03Z,24.95,65.01,100,0,33.96,101.43,17.00,514.00,null,null,null
2023-09-11T18:47:03Z,24.95,64.97,100,0,38.78,101.42,17.00,514.00,null,null,null
2023-09-11T18:48:03Z,24.94,65.01,100,0,36.97,101.43,18.00,519.00,null,null,null
2023-09-11T18:49:03Z,24.94,65.04,100,0,39.30,101.43,18.00,524.00,null,null,null
2023-09-11T18:50:03Z,24.94,65.07,100,0,39.96,101.43,18.00,524.00,4,4,4
2023-09-11T18:51:03Z,24.94,65.05,100,0,35.55,101.43,19.00,527.00,null,null,null
2023-09-11T18:52:03Z,24.92,65.07,100,0,40.90,101.44,20.00,536.00,null,null,null
2023-09-11T18:53:03Z,24.92,65.04,100,0,33.28,101.43,21.00,539.00,null,null,null
2023-09-11T18:54:03Z,24.89,65.08,100,0,31.75,101.44,21.00,539.00,null,null,null
2023-09-11T18:55:03Z,24.94,65.07,100,0,37.28,101.43,22.00,549.00,5,5,5
2023-09-11T18:56:03Z,24.94,65.12,100,0,34.27,101.43,23.00,555.00,null,null,null
2023-09-11T18:57:03Z,24.94,65.12,100,0,35.07,101.44,23.00,555.00,null,null,null
2023-09-11T18:58:03Z,24.95,65.05,100,0,34.83,101.44,25.00,567.00,null,null,null
2023-09-11T18:59:03Z,24.94,65.07,100,0,33.98,101.44,25.00,570.00,null,null,null
2023-09-11T19:00:03Z,24.91,65.10,100,0,33.00,101.44,25.00,570.00,3,3,3
2023-09-11T19:01:03Z,24.95,65.13,100,0,40.51,101.44,28.00,584.00,null,null,null
2023-09-11T19:02:03Z,24.94,65.08,100,0,33.48,101.44,28.00,584.00,null,null,null
2023-09-11T19:03:03Z,24.94,65.12,100,0,40.96,101.44,29.00,596.00,null,null,null
2023-09-11T19:04:03Z,24.91,65.15,100,0,35.42,101.44,30.00,600.00,null,null,null
2023-09-11T19:05:03Z,24.92,65.14,100,0,32.97,101.44,32.00,611.00,4,4,4
2023-09-11T19:06:03Z,24.92,65.35,100,0,34.23,101.44,32.00,611.00,null,null,null
2023-09-11T19:07:03Z,24.92,65.26,100,0,32.30,101.45,32.00,611.00,null,null,null
2023-09-11T19:08:03Z,24.91,65.29,100,0,31.58,101.45,32.00,611.00,null,null,null
2023-09-11T19:09:03Z,24.91,65.38,100,0,39.82,101.44,30.00,603.00,null,null,null
2023-09-11T19:10:03Z,24.88,65.43,100,0,34.59,101.44,29.00,596.00,3,4,4
2023-09-11T19:11:03Z,24.94,65.38,100,0,35.25,101.45,29.00,596.00,null,null,null
2023-09-11T19:12:03Z,24.92,65.30,100,0,33.53,101.44,30.00,603.00,null,null,null
2023-09-11T19:13:03Z,24.89,65.36,100,0,37.68,101.45,32.00,611.00,null,null,null
2023-09-11T19:14:03Z,24.89,65.33,100,0,35.04,101.45,32.00,614.00,null,null,null
2023-09-11T19:15:03Z,24.89,65.47,100,0,32.43,101.44,33.00,620.00,5,5,5
2023-09-11T19:16:03Z,24.94,65.37,100,0,34.02,101.45,33.00,620.00,null,null,null
2023-09-11T19:17:03Z,24.92,65.44,100,0,45.80,101.45,33.00,620.00,null,null,null
2023-09-11T19:18:03Z,24.95,65.52,100,0,32.06,101.45,33.00,620.00,null,null,null
2023-09-11T19:19:03Z,24.89,65.56,100,0,35.26,101.45,33.00,620.00,null,null,null
2023-09-11T19:20:03Z,24.88,65.54,100,0,34.98,101.45,32.00,611.00,3,4,4
2023-09-11T19:21:03Z,24.89,65.53,100,0,35.93,101.45,33.00,620.00,null,null,null
2023-09-11T19:22:03Z,24.92,65.47,100,0,34.49,101.46,33.00,620.00,null,null,null
2023-09-11T19:23:03Z,24.92,65.55,100,0,32.09,101.45,33.00,620.00,null,null,null
2023-09-11T19:24:03Z,24.89,65.61,100,0,34.02,101.45,33.00,620.00,null,null,null
2023-09-11T19:25:03Z,24.86,65.63,100,0,34.39,101.45,33.00,620.00,6,9,9
2023-09-11T19:26:03Z,24.88,65.69,100,0,35.13,101.46,33.00,620.00,null,null,null
2023-09-11T19:27:03Z,24.88,65.64,100,0,36.97,101.46,34.00,626.00,null,null,null
2023-09-11T19:28:03Z,24.88,65.65,100,0,32.43,101.46,34.00,626.00,null,null,null
2023-09-11T19:29:03Z,24.88,65.74,100,0,31.99,101.46,34.00,626.00,null,null,null
2023-09-11T19:30:03Z,24.86,65.75,100,0,35.55,101.46,34.00,626.00,6,6,6
2023-09-11T19:31:03Z,24.88,65.91,100,0,36.56,101.46,32.00,615.00,null,null,null
2023-09-11T19:32:03Z,24.89,65.83,100,0,37.26,101.46,32.00,615.00,null,null,null
2023-09-11T19:33:03Z,24.88,65.85,100,0,32.61,101.46,32.00,615.00,null,null,null
2023-09-11T19:34:03Z,24.85,65.87,100,0,33.95,101.46,32.00,615.00,null,null,null
2023-09-11T19:35:03Z,24.84,65.81,100,0,34.24,101.46,32.00,615.00,4,5,5
2023-09-11T19:36:03Z,24.85,65.94,100,0,33.27,101.46,31.00,607.00,null,null,null
2023-09-11T19:37:03Z,24.86,65.80,100,0,33.31,101.47,31.00,607.00,null,null,null
2023-09-11T19:38:03Z,24.85,65.96,100,0,38.38,101.46,31.00,607.00,null,null,null
2023-09-11T19:39:03Z,24.84,66.18,100,0,35.08,101.46,31.00,607.00,null,null,null
2023-09-11T19:40:03Z,24.84,66.19,100,0,36.09,101.46,30.00,603.00,4,4,4
2023-09-11T19:41:03Z,24.85,66.09,100,0,37.97,101.46,30.00,599.00,null,null,null
2023-09-11T19:42:03Z,24.85,66.27,100,0,33.87,101.46,30.00,599.00,null,null,null
2023-09-11T19:43:03Z,24.85,66.21,100,0,32.12,101.46,28.00,584.00,null,null,null
2023-09-11T19:44:03Z,24.84,66.17,100,0,39.30,101.46,29.00,591.00,null,null,null
2023-09-11T19:45:03Z,24.84,66.25,100,0,31.94,101.46,29.00,591.00,3,5,5
2023-09-11T19:46:03Z,24.81,66.30,100,0,34.35,101.46,28.00,584.00,null,null,null
2023-09-11T19:47:03Z,24.82,66.16,100,0,34.74,101.45,27.00,578.00,null,null,null
2023-09-11T19:48:03Z,24.81,66.20,100,0,36.02,101.46,27.00,578.00,null,null,null
2023-09-11T19:49:03Z,24.81,66.21,100,0,32.58,101.46,30.00,599.00,null,null,null
2023-09-11T19:50:03Z,24.82,66.20,100,0,44.93,101.46,30.00,603.00,11,14,14
2023-09-11T19:51:03Z,24.82,66.16,100,0,35.69,101.45,30.00,599.00,null,null,null
2023-09-11T19:52:03Z,24.85,66.22,100,0,31.79,101.46,30.00,603.00,null,null,null
2023-09-11T19:53:03Z,24.81,66.26,100,0,36.28,101.46,30.00,603.00,null,null,null
2023-09-11T19:54:03Z,24.82,66.22,100,0,37.65,101.46,30.00,600.00,null,null,null
2023-09-11T19:55:03Z,24.79,66.27,100,0,40.95,101.46,31.00,607.00,7,7,7
2023-09-11T19:56:03Z,24.82,66.29,100,0,33.99,101.46,30.00,600.00,null,null,null
2023-09-11T19:57:03Z,24.81,66.23,100,0,32.23,101.46,31.00,607.00,null,null,null
2023-09-11T19:58:03Z,24.82,66.24,100,0,32.08,101.46,32.00,615.00,null,null,null
2023-09-11T19:59:03Z,24.81,66.27,100,0,35.62,101.46,33.00,620.00,null,null,null
2023-09-11T20:00:03Z,24.79,66.54,100,0,35.72,101.46,33.00,623.00,2,2,2
2023-09-11T20:01:03Z,24.81,66.46,100,0,31.86,101.45,32.00,614.00,null,null,null
2023-09-11T20:02:03Z,24.81,66.30,100,0,33.82,101.46,31.00,607.00,null,null,null
2023-09-11T20:03:03Z,24.82,66.33,100,0,32.25,101.46,31.00,607.00,null,null,null
2023-09-11T20:04:03Z,24.79,66.33,100,0,33.81,101.46,32.00,614.00,null,null,null
2023-09-11T20:05:03Z,24.79,66.37,100,0,32.66,101.46,33.00,623.00,10,10,10
2023-09-11T20:06:03Z,24.81,66.40,100,0,35.84,101.46,34.00,627.00,null,null,null
2023-09-11T20:07:03Z,24.79,66.32,100,0,36.56,101.46,35.00,634.00,null,null,null
2023-09-11T20:08:03Z,24.79,66.40,100,0,33.39,101.46,34.00,627.00,null,null,null
2023-09-11T20:09:03Z,24.78,66.47,100,0,34.73,101.46,34.00,627.00,null,null,null
2023-09-11T20:10:03Z,24.76,66.36,100,0,39.37,101.47,34.00,627.00,3,5,5
2023-09-11T20:11:03Z,24.79,66.46,100,0,34.74,101.46,34.00,627.00,null,null,null
2023-09-11T20:12:03Z,24.79,66.48,100,0,44.80,101.46,36.00,640.00,null,null,null
2023-09-11T20:13:03Z,24.79,66.33,100,0,37.51,101.46,36.00,640.00,null,null,null
2023-09-11T20:14:03Z,24.79,66.43,100,0,32.62,101.46,37.00,649.00,null,null,null
2023-09-11T20:15:03Z,24.78,66.37,100,0,31.60,101.46,37.00,649.00,5,5,5
2023-09-11T20:16:03Z,24.79,66.44,100,0,35.31,101.46,37.00,649.00,null,null,null
2023-09-11T20:17:03Z,24.79,66.38,100,0,32.79,101.46,38.00,653.00,null,null,null
2023-09-11T20:18:03Z,24.82,66.38,100,0,31.76,101.46,39.00,660.00,null,null,null
2023-09-11T20:19:03Z,24.79,66.35,100,0,37.72,101.46,39.00,660.00,null,null,null
2023-09-11T20:20:03Z,24.81,66.39,100,0,32.35,101.46,41.00,674.00,2,2,2
2023-09-11T20:21:03Z,24.78,66.44,100,0,32.53,101.46,42.00,682.00,null,null,null
2023-09-11T20:22:03Z,24.81,66.40,100,0,32.77,101.46,44.00,690.00,null,null,null
2023-09-11T20:23:03Z,24.78,66.41,100,0,35.08,101.46,44.00,690.00,null,null,null
2023-09-11T20:24:03Z,24.78,66.36,100,0,35.37,101.46,45.00,697.00,null,null,null
2023-09-11T20:25:03Z,24.76,66.42,100,0,39.20,101.46,45.00,697.00,1,1,1
2023-09-11T20:26:03Z,24.78,66.39,100,0,33.16,101.46,46.00,704.00,null,null,null
2023-09-11T20:27:03Z,24.78,66.33,100,0,33.53,101.46,46.00,704.00,null,null,null
2023-09-11T20:28:03Z,24.81,66.29,100,0,32.92,101.46,47.00,712.00,null,null,null
2023-09-11T20:29:03Z,24.78,66.35,100,0,32.31,101.46,47.00,712.00,null,null,null
2023-09-11T20:30:03Z,24.76,66.41,100,0,32.90,101.45,48.00,719.00,8,12,12
2023-09-11T20:31:03Z,24.82,66.53,100,0,33.40,101.46,50.00,732.00,null,null,null
2023-09-11T20:32:03Z,24.79,66.54,100,0,34.11,101.46,47.00,712.00,null,null,null
2023-09-11T20:33:03Z,24.81,66.54,100,0,34.99,101.46,47.00,712.00,null,null,null
2023-09-11T20:34:03Z,24.78,66.53,100,0,32.49,101.46,47.00,712.00,null,null,null
2023-09-11T20:35:03Z,24.78,66.61,100,0,34.32,101.46,48.00,719.00,4,4,4
2023-09-11T20:36:03Z,24.79,66.42,100,0,35.48,101.46,46.00,704.00,null,null,null
2023-09-11T20:37:03Z,24.81,66.52,100,0,47.25,101.46,46.00,708.00,null,null,null
2023-09-11T20:38:03Z,24.78,66.35,100,0,33.10,101.46,46.00,708.00,null,null,null
2023-09-11T20:39:03Z,24.78,66.60,100,0,31.59,101.46,47.00,712.00,null,null,null
2023-09-11T20:40:03Z,24.78,66.50,100,0,33.48,101.46,47.00,712.00,5,6,6
2023-09-11T20:41:03Z,24.81,66.55,100,0,31.27,101.46,47.00,712.00,null,null,null
2023-09-11T20:42:03Z,24.79,66.41,100,0,33.00,101.46,47.00,712.00,null,null,null
2023-09-11T20:43:03Z,24.78,66.44,100,0,32.00,101.46,48.00,719.00,null,null,null
2023-09-11T20:44:03Z,24.78,66.45,100,0,42.22,101.46,50.00,732.00,null,null,null
2023-09-11T20:45:03Z,24.76,66.49,100,0,32.42,101.45,50.00,732.00,3,3,3
2023-09-11T20:46:03Z,24.78,66.49,100,0,39.01,101.46,51.00,737.00,null,null,null
2023-09-11T20:47:03Z,24.81,66.49,100,0,36.39,101.46,51.00,737.00,null,null,null
2023-09-11T20:48:03Z,24.79,66.50,100,0,31.28,101.45,53.00,748.00,null,null,null
2023-09-11T20:49:03Z,24.78,66.57,100,0,33.86,101.45,51.00,737.00,null,null,null
2023-09-11T20:50:03Z,24.78,66.56,100,0,34.41,101.46,53.00,748.00,6,10,10
2023-09-11T20:51:03Z,24.76,66.61,100,0,41.78,101.46,53.00,748.00,null,null,null
2023-09-11T20:52:03Z,24.78,66.57,100,0,31.32,101.46,51.00,737.00,null,null,null
2023-09-11T20:53:03Z,24.79,66.55,100,0,33.93,101.46,51.00,737.00,null,null,null
2023-09-11T20:54:03Z,24.76,66.57,100,0,37.00,101.45,51.00,737.00,null,null,null
2023-09-11T20:55:03Z,24.75,66.63,100,0,42.25,101.45,50.00,732.00,7,7,7
2023-09-11T20:56:03Z,24.78,66.60,100,0,34.27,101.45,51.00,737.00,null,null,null
2023-09-11T20:57:03Z,24.75,66.49,100,0,31.92,101.45,51.00,737.00,null,null,null
2023-09-11T20:58:03Z,24.76,66.57,100,0,38.99,101.45,53.00,748.00,null,null,null
2023-09-11T20:59:03Z,24.75,66.51,100,0,50.29,101.45,53.00,754.00,null,null,null
2023-09-11T21:00:03Z,24.76,66.61,100,0,41.05,101.45,53.00,748.00,4,4,4
2023-09-11T21:01:03Z,24.76,66.59,100,0,32.98,101.45,53.00,754.00,null,null,null
2023-09-11T21:02:03Z,24.78,66.51,100,0,33.56,101.45,55.00,763.00,null,null,null
2023-09-11T21:03:03Z,24.75,66.54,100,0,43.41,101.45,55.00,763.00,null,null,null
2023-09-11T21:04:03Z,24.78,66.51,100,0,32.98,101.45,56.00,768.00,null,null,null
2023-09-11T21:05:03Z,24.75,66.53,100,0,33.52,101.45,56.00,768.00,4,4,4
2023-09-11T21:06:03Z,24.75,66.63,100,0,33.95,101.45,57.00,776.00,null,null,null
2023-09-11T21:07:03Z,24.79,66.56,100,0,32.64,101.45,59.00,791.00,null,null,null
2023-09-11T21:08:03Z,24.79,66.56,100,0,33.50,101.45,59.00,791.00,null,null,null
2023-09-11T21:09:03Z,24.76,66.62,100,0,33.76,101.46,57.00,776.00,null,null,null
2023-09-11T21:10:03Z,24.78,66.55,100,0,32.84,101.46,60.00,795.00,3,3,3
2023-09-11T21:11:03Z,24.76,66.75,100,0,34.40,101.45,60.00,795.00,null,null,null
2023-09-11T21:12:03Z,24.79,66.55,100,0,32.04,101.45,58.00,787.00,null,null,null
2023-09-11T21:13:03Z,24.76,66.62,100,0,33.57,101.45,60.00,795.00,null,null,null
2023-09-11T21:14:03Z,24.74,66.70,100,0,34.84,101.45,56.00,768.00,null,null,null
2023-09-11T21:15:03Z,24.74,66.64,100,0,30.84,101.45,58.00,785.00,8,8,8
2023-09-11T21:16:03Z,24.75,66.69,100,0,34.43,101.46,58.00,785.00,null,null,null
2023-09-11T21:17:03Z,24.76,66.66,100,0,39.41,101.46,57.00,776.00,null,null,null
2023-09-11T21:18:03Z,24.76,66.63,100,0,35.54,101.45,57.00,776.00,null,null,null
2023-09-11T21:19:03Z,24.74,66.56,100,0,34.73,101.45,59.00,791.00,null,null,null
2023-09-11T21:20:03Z,24.72,66.67,100,0,34.22,101.45,59.00,791.00,2,2,2
2023-09-11T21:21:03Z,24.75,66.64,100,0,33.11,101.46,59.00,793.00,null,null,null
2023-09-11T21:22:03Z,24.76,66.69,100,0,34.25,101.46,61.00,804.00,null,null,null
2023-09-11T21:23:03Z,24.75,66.67,100,0,31.78,101.46,61.00,804.00,null,null,null
2023-09-11T21:24:03Z,24.76,66.68,100,0,31.58,101.46,61.00,804.00,null,null,null
2023-09-11T21:25:03Z,24.74,66.70,100,0,32.29,101.46,61.00,804.00,3,5,5
2023-09-11T21:26:03Z,24.76,66.69,100,0,34.01,101.46,61.00,804.00,null,null,null
2023-09-11T21:27:03Z,24.75,66.68,100,0,32.87,101.46,59.00,791.00,null,null,null
2023-09-11T21:28:03Z,24.76,66.68,100,8,31.24,101.46,65.00,832.00,null,null,null
2023-09-11T21:29:03Z,24.75,66.71,100,8,36.90,101.45,65.00,832.00,null,null,null
2023-09-11T21:30:03Z,24.75,66.68,100,8,37.16,101.45,65.00,832.00,4,4,21
2023-09-11T21:31:03Z,24.76,66.70,100,8,33.60,101.46,66.00,838.00,null,null,null
2023-09-11T21:32:03Z,24.78,66.72,100,8,32.21,101.46,61.00,804.00,null,null,null
2023-09-11T21:33:03Z,24.75,66.78,100,8,31.37,101.45,61.00,804.00,null,null,null
2023-09-11T21:34:03Z,24.75,66.82,100,8,32.83,101.45,60.00,798.00,null,null,null
2023-09-11T21:35:03Z,24.75,66.80,100,8,31.48,101.45,65.00,832.00,11,11,11
2023-09-11T21:36:03Z,24.76,66.81,100,10,37.21,101.45,64.00,825.00,null,null,null
2023-09-11T21:37:03Z,24.76,66.85,100,8,41.75,101.45,65.00,832.00,null,null,null
2023-09-11T21:38:03Z,24.76,66.70,100,8,32.53,101.45,64.00,825.00,null,null,null
2023-09-11T21:39:03Z,24.75,67.00,100,8,37.98,101.45,64.00,821.00,null,null,null
2023-09-11T21:40:03Z,24.72,66.95,100,8,43.13,101.45,64.00,825.00,2,2,2
2023-09-11T21:41:03Z,24.75,67.11,100,8,52.26,101.45,62.00,813.00,null,null,null
2023-09-11T21:42:03Z,24.76,67.22,100,8,53.90,101.45,61.00,804.00,null,null,null
2023-09-11T21:43:03Z,24.74,67.82,100,8,54.21,101.45,61.00,804.00,null,null,null
2023-09-11T21:44:03Z,24.71,67.55,100,0,56.36,101.45,60.00,798.00,null,null,null
2023-09-11T21:45:03Z,24.68,67.16,100,0,54.90,101.45,56.00,772.00,3,3,3
2023-09-11T21:46:03Z,24.70,66.77,100,0,55.15,101.46,54.00,757.00,null,null,null
2023-09-11T21:47:03Z,24.67,66.31,100,0,54.32,101.46,53.00,752.00,null,null,null
2023-09-11T21:48:03Z,24.61,65.51,100,0,52.22,101.46,53.00,749.00,null,null,null
2023-09-11T21:49:03Z,24.54,64.68,100,0,55.54,101.46,52.00,742.00,null,null,null
2023-09-11T21:50:03Z,24.48,64.54,100,0,54.99,101.46,51.00,735.00,6,7,7
2023-09-11T21:51:03Z,24.45,64.21,100,0,52.27,101.46,47.00,715.00,null,null,null
2023-09-11T21:52:03Z,24.41,63.88,100,0,50.68,101.46,45.00,700.00,null,null,null
2023-09-11T21:53:03Z,24.35,63.88,100,0,56.03,101.47,44.00,690.00,null,null,null
2023-09-11T21:54:03Z,24.30,64.11,100,0,52.89,101.48,41.00,672.00,null,null,null
2023-09-11T21:55:03Z,24.25,63.97,100,0,54.60,101.48,39.00,656.00,2,3,3
2023-09-11T21:56:03Z,24.21,63.71,100,0,55.51,101.49,37.00,645.00,null,null,null
2023-09-11T21:57:03Z,24.19,63.90,100,0,49.84,101.49,43.00,686.00,null,null,null
2023-09-11T21:58:03Z,24.13,64.30,100,0,54.48,101.50,39.00,660.00,null,null,null
2023-09-11T21:59:03Z,24.09,63.77,100,0,54.18,101.50,37.00,643.00,null,null,null
2023-09-11T22:00:03Z,24.03,63.94,100,0,55.47,101.50,36.00,638.00,1,1,1
2023-09-11T22:01:03Z,24.03,63.63,100,0,56.32,101.50,34.00,624.00,null,null,null
2023-09-11T22:02:03Z,23.99,63.83,100,0,53.48,101.50,33.00,617.00,null,null,null
2023-09-11T22:03:03Z,23.90,63.57,100,0,53.35,101.50,30.00,599.00,null,null,null
2023-09-11T22:04:03Z,23.87,63.84,100,0,55.35,101.50,29.00,594.00,null,null,null
2023-09-11T22:05:03Z,23.84,63.73,100,0,52.05,101.49,29.00,594.00,2,4,4
2023-09-11T22:06:03Z,23.82,63.78,100,0,57.27,101.50,27.00,578.00,null,null,null
2023-09-11T22:07:03Z,23.77,63.95,100,0,53.08,101.50,25.00,566.00,null,null,null
2023-09-11T22:08:03Z,23.70,64.24,100,0,51.11,101.50,23.00,556.00,null,null,null
2023-09-11T22:09:03Z,23.66,63.96,100,0,53.51,101.50,29.00,592.00,null,null,null
2023-09-11T22:10:03Z,23.65,64.31,100,0,53.59,101.50,28.00,588.00,1,6,6
2023-09-11T22:11:03Z,23.58,64.01,100,0,55.11,101.50,24.00,564.00,null,null,null
2023-09-11T22:12:03Z,23.60,63.97,100,0,53.28,101.50,26.00,572.00,null,null,null
2023-09-11T22:13:03Z,23.52,64.40,100,0,53.71,101.50,25.00,566.00,null,null,null
2023-09-11T22:14:03Z,23.49,64.43,100,0,53.77,101.50,23.00,551.00,null,null,null
2023-09-11T22:15:03Z,23.45,64.52,100,0,55.98,101.50,21.00,543.00,3,4,4
2023-09-11T22:16:03Z,23.40,64.64,100,0,53.33,101.49,19.00,527.00,null,null,null
2023-09-11T22:17:03Z,23.40,64.19,100,0,54.02,101.50,18.00,519.00,null,null,null
2023-09-11T22:18:03Z,23.33,64.26,100,0,51.09,101.50,17.00,517.00,null,null,null
2023-09-11T22:19:03Z,23.32,64.37,100,0,55.90,101.50,15.00,505.00,null,null,null
2023-09-11T22:20:03Z,23.29,64.43,100,0,52.25,101.50,14.00,497.00,2,2,13
2023-09-11T22:21:03Z,23.23,64.46,100,0,53.37,101.50,14.00,493.00,null,null,null
2023-09-11T22:22:03Z,23.25,64.48,100,0,56.60,101.50,14.00,498.00,null,null,null
2023-09-11T22:23:03Z,23.22,64.34,100,0,50.78,101.50,13.00,487.00,null,null,null
2023-09-11T22:24:03Z,23.15,64.64,100,0,53.55,101.50,12.00,485.00,null,null,null
2023-09-11T22:25:03Z,23.14,64.86,100,0,52.11,101.50,12.00,485.00,2,2,2
2023-09-11T22:26:03Z,23.11,64.55,100,0,49.52,101.50,11.00,473.00,null,null,null
2023-09-11T22:27:03Z,23.07,64.67,100,0,52.64,101.50,11.00,473.00,null,null,null
2023-09-11T22:28:03Z,23.09,64.72,100,0,55.93,101.50,11.00,478.00,null,null,null
2023-09-11T22:29:03Z,23.02,64.83,100,97,55.79,101.49,11.00,478.00,null,null,null
2023-09-11T22:30:03Z,22.97,66.19,100,8,52.22,101.49,11.00,477.00,6,6,6
2023-09-11T22:31:03Z,22.99,66.91,100,8,44.73,101.49,10.00,472.00,null,null,null
2023-09-11T22:32:03Z,23.01,67.64,100,8,43.59,101.49,11.00,478.00,null,null,null
2023-09-11T22:33:03Z,23.01,67.94,100,8,37.55,101.48,12.00,483.00,null,null,null
2023-09-11T22:34:03Z,23.05,68.12,100,8,57.71,101.48,12.00,485.00,null,null,null
2023-09-11T22:35:03Z,23.09,68.30,100,0,44.86,101.49,14.00,495.00,5,5,5
2023-09-11T22:36:03Z,23.12,68.69,100,0,47.30,101.49,15.00,500.00,null,null,null
2023-09-11T22:37:03Z,23.17,68.37,100,0,47.07,101.49,17.00,517.00,null,null,null
2023-09-11T22:38:03Z,23.21,68.87,100,0,47.57,101.48,19.00,527.00,null,null,null
2023-09-11T22:39:03Z,23.23,68.60,100,0,45.07,101.49,20.00,536.00,null,null,null
2023-09-11T22:40:03Z,23.23,68.65,100,0,44.71,101.49,22.00,546.00,5,5,5
2023-09-11T22:41:03Z,23.26,68.64,100,0,45.28,101.49,23.00,551.00,null,null,null
2023-09-11T22:42:03Z,23.32,68.55,100,0,47.60,101.49,23.00,556.00,null,null,null
2023-09-11T22:43:03Z,23.32,68.67,100,0,38.27,101.49,25.00,566.00,null,null,null
2023-09-11T22:44:03Z,23.33,68.65,100,0,47.76,101.48,27.00,578.00,null,null,null
2023-09-11T22:45:03Z,23.36,68.93,100,0,49.44,101.49,28.00,589.00,1,6,6
2023-09-11T22:46:03Z,23.39,69.00,100,0,47.64,101.48,29.00,594.00,null,null,null
2023-09-11T22:47:03Z,23.40,68.99,100,0,43.81,101.49,30.00,600.00,null,null,null
2023-09-11T22:48:03Z,23.42,68.93,100,0,51.05,101.48,33.00,618.00,null,null,null
2023-09-11T22:49:03Z,23.40,69.08,100,0,45.88,101.48,33.00,618.00,null,null,null
2023-09-11T22:50:03Z,23.43,68.73,100,0,47.77,101.48,35.00,633.00,2,2,2
2023-09-11T22:51:03Z,23.48,68.88,100,0,50.33,101.48,36.00,638.00,null,null,null
2023-09-11T22:52:03Z,23.49,68.78,100,0,46.92,101.48,39.00,656.00,null,null,null
2023-09-11T22:53:03Z,23.50,68.96,100,0,44.79,101.49,40.00,665.00,null,null,null
2023-09-11T22:54:03Z,23.50,69.20,100,0,45.06,101.48,41.00,671.00,null,null,null
2023-09-11T22:55:03Z,23.48,68.98,100,0,48.80,101.49,42.00,682.00,1,1,1
2023-09-11T22:56:03Z,23.52,68.85,100,0,50.69,101.48,45.00,699.00,null,null,null
2023-09-11T22:57:03Z,23.55,68.95,100,0,54.17,101.48,47.00,710.00,null,null,null
2023-09-11T22:58:03Z,23.55,69.00,100,0,49.07,101.47,50.00,730.00,null,null,null
2023-09-11T22:59:03Z,23.58,68.90,100,0,42.64,101.48,50.00,730.00,null,null,null
2023-09-11T23:00:03Z,23.58,68.94,100,0,41.21,101.47,50.00,733.00,2,2,2
2023-09-11T23:01:03Z,23.60,68.88,100,0,49.54,101.47,52.00,742.00,null,null,null
2023-09-11T23:02:03Z,23.62,68.98,100,0,46.99,101.47,53.00,748.00,null,null,null
2023-09-11T23:03:03Z,23.62,69.15,100,0,47.29,101.47,54.00,759.00,null,null,null
2023-09-11T23:04:03Z,23.63,69.06,100,0,50.38,101.48,55.00,765.00,null,null,null
2023-09-11T23:05:03Z,23.62,69.16,100,0,47.02,101.48,56.00,774.00,2,2,2
2023-09-11T23:06:03Z,23.66,69.18,100,0,45.84,101.48,57.00,780.00,null,null,null
2023-09-11T23:07:03Z,23.69,69.17,100,0,50.72,101.48,59.00,793.00,null,null,null
2023-09-11T23:08:03Z,23.69,69.13,100,0,48.75,101.48,59.00,793.00,null,null,null
2023-09-11T23:09:03Z,23.69,69.16,100,0,45.70,101.48,59.00,793.00,null,null,null
2023-09-11T23:10:03Z,23.70,69.26,100,0,48.06,101.48,62.00,808.00,3,3,3
2023-09-11T23:11:03Z,23.72,69.19,100,0,43.22,101.48,62.00,808.00,null,null,null
2023-09-11T23:12:03Z,23.74,69.19,100,0,42.35,101.48,63.00,815.00,null,null,null
2023-09-11T23:13:03Z,23.74,69.16,100,0,46.03,101.48,65.00,832.00,null,null,null
2023-09-11T23:14:03Z,23.74,69.45,100,0,43.01,101.48,65.00,832.00,null,null,null
2023-09-11T23:15:03Z,23.76,69.34,100,0,37.72,101.48,64.00,825.00,0,2,2
2023-09-11T23:16:03Z,23.79,69.33,100,0,48.57,101.48,53.00,749.00,null,null,null
2023-09-11T23:17:03Z,23.82,69.27,100,0,44.24,101.47,56.00,774.00,null,null,null
2023-09-11T23:18:03Z,23.80,69.36,100,0,53.59,101.48,56.00,774.00,null,null,null
2023-09-11T23:19:03Z,23.82,69.32,100,0,40.91,101.48,56.00,774.00,null,null,null
2023-09-11T23:20:03Z,23.77,69.48,100,0,46.72,101.48,58.00,783.00,2,2,2
2023-09-11T23:21:03Z,23.83,69.42,100,0,46.75,101.49,58.00,783.00,null,null,null
2023-09-11T23:22:03Z,23.87,69.55,100,0,46.26,101.48,58.00,783.00,null,null,null
2023-09-11T23:23:03Z,23.86,69.42,100,0,47.53,101.49,58.00,783.00,null,null,null
2023-09-11T23:24:03Z,23.84,69.68,100,0,43.99,101.49,58.00,787.00,null,null,null
2023-09-11T23:25:03Z,23.86,69.62,100,0,46.62,101.48,58.00,783.00,1,1,1
2023-09-11T23:26:03Z,23.87,69.75,100,0,40.59,101.49,59.00,793.00,null,null,null
2023-09-11T23:27:03Z,23.90,69.63,100,0,46.79,101.48,57.00,780.00,null,null,null
2023-09-11T23:28:03Z,23.93,69.83,100,0,40.54,101.49,59.00,793.00,null,null,null
2023-09-11T23:29:03Z,23.90,70.01,100,0,47.95,101.48,58.00,785.00,null,null,null
2023-09-11T23:30:03Z,23.91,69.96,100,0,45.77,101.48,60.00,795.00,3,3,3
2023-09-11T23:31:03Z,23.97,70.02,100,0,52.45,101.48,61.00,804.00,null,null,null
2023-09-11T23:32:03Z,23.96,70.00,100,0,48.65,101.48,61.00,804.00,null,null,null
2023-09-11T23:33:03Z,23.97,70.54,100,0,43.16,101.48,61.00,804.00,null,null,null
2023-09-11T23:34:03Z,23.99,70.36,100,0,42.31,101.48,62.00,810.00,null,null,null
2023-09-11T23:35:03Z,23.96,70.27,100,0,44.57,101.48,63.00,815.00,3,4,4
2023-09-11T23:36:03Z,24.00,70.36,100,0,46.45,101.48,61.00,804.00,null,null,null
2023-09-11T23:37:03Z,24.03,70.25,100,0,50.32,101.49,64.00,821.00,null,null,null
2023-09-11T23:38:03Z,24.03,70.35,100,0,34.89,101.48,65.00,832.00,null,null,null
2023-09-11T23:39:03Z,24.06,70.31,100,0,36.73,101.48,65.00,832.00,null,null,null
2023-09-11T23:40:03Z,24.06,70.44,100,0,34.21,101.48,65.00,832.00,0,4,4
2023-09-11T23:41:03Z,24.06,70.34,100,0,38.16,101.48,66.00,836.00,null,null,null
2023-09-11T23:42:03Z,24.09,70.26,100,0,41.59,101.47,67.00,846.00,null,null,null
2023-09-11T23:43:03Z,24.10,69.88,100,0,33.81,101.48,67.00,846.00,null,null,null
2023-09-11T23:44:03Z,24.07,70.14,100,0,33.75,101.48,71.00,870.00,null,null,null
2023-09-11T23:45:03Z,24.07,70.31,100,0,35.01,101.47,71.00,870.00,0,0,0
2023-09-11T23:46:03Z,24.13,70.19,100,0,32.28,101.47,66.00,836.00,null,null,null
2023-09-11T23:47:03Z,24.13,70.22,100,0,36.68,101.47,72.00,874.00,null,null,null
2023-09-11T23:48:03Z,24.14,70.12,100,0,33.03,101.47,69.00,853.00,null,null,null
2023-09-11T23:49:03Z,24.14,70.26,100,0,33.93,101.46,71.00,870.00,null,null,null
2023-09-11T23:50:03Z,24.14,70.44,100,0,34.55,101.47,70.00,863.00,3,3,3
2023-09-11T23:51:03Z,24.17,70.16,100,0,32.74,101.46,70.00,863.00,null,null,null
2023-09-11T23:52:03Z,24.20,70.11,100,0,38.19,101.46,73.00,885.00,null,null,null
2023-09-11T23:53:03Z,24.20,70.13,100,0,33.48,101.46,72.00,874.00,null,null,null
2023-09-11T23:54:03Z,24.20,70.10,100,0,34.38,101.46,74.00,891.00,null,null,null
2023-09-11T23:55:03Z,24.20,70.24,100,0,38.01,101.46,74.00,891.00,3,3,3
2023-09-11T23:56:03Z,24.23,70.14,100,0,34.23,101.45,76.00,905.00,null,null,null
2023-09-11T23:57:03Z,24.24,69.99,100,0,37.07,101.45,74.00,891.00,null,null,null
2023-09-11T23:58:03Z,24.25,69.70,100,0,35.01,101.45,74.00,891.00,null,null,null
2023-09-11T23:59:03Z,24.25,69.99,100,0,35.89,101.44,64.00,825.00,null,null,null
