TIME,TEMP,HUM,BATT,LIGHT,NOISE_A,PRESS,CCS811_VOCS,CCS811_ECO2,PM_1,PM_25,PM_10
ISO 8601,C,%,%,Lux,dBA,kPa,ppb,ppm,ug/m3,ug/m3,ug/m3
Time,Temperature,Humidity,Battery,Light,Noise dBA,Barometric pressure,VOC Gas CCS811,eCO2 Gas CCS811,PM 1.0,PM 2.5,PM 10.0
,55,56,10,14,53,58,113,112,89,87,88
2023-09-09T03:00:03Z,25.40,70.38,-1,0,39.22,101.65,null,null,56,65,65
2023-09-09T03:01:03Z,25.46,70.37,100,0,35.07,101.66,null,null,null,null,null
2023-09-09T03:02:03Z,25.53,70.18,100,0,31.94,101.66,null,null,null,null,null
2023-09-09T03:03:03Z,25.58,69.93,100,0,36.67,101.66,null,null,null,null,null
2023-09-09T03:04:03Z,25.63,69.81,100,0,32.60,101.66,null,null,null,null,null
2023-09-09T03:05:03Z,25.69,69.78,100,0,33.32,101.67,341.00,1703.00,37,47,63
2023-09-09T03:06:03Z,25.72,69.63,100,0,32.42,101.67,178.00,1509.00,null,null,null
2023-09-09T03:07:03Z,25.74,69.55,100,0,33.34,101.67,184.00,1519.00,null,null,null
2023-09-09T03:08:03Z,25.76,69.55,100,0,34.20,101.66,187.00,1523.00,null,null,null
2023-09-09T03:09:03Z,25.76,69.49,100,0,32.68,101.67,184.00,1518.00,null,null,null
2023-09-09T03:10:03Z,25.77,69.45,100,0,33.28,101.66,184.00,1518.00,35,49,56
2023-09-09T03:11:03Z,25.80,69.36,100,0,34.37,101.66,181.00,1514.00,null,null,null
2023-09-09T03:12:03Z,25.84,69.28,100,0,33.57,101.66,181.00,1514.00,null,null,null
2023-09-09T03:13:03Z,25.83,69.21,100,0,32.84,101.66,181.00,1514.00,null,null,null
2023-09-09T03:14:03Z,25.83,69.23,100,0,34.11,101.66,180.00,1513.00,null,null,null
2023-09-09T03:15:03Z,25.83,69.21,100,0,31.59,101.66,180.00,1513.00,47,67,67
2023-09-09T03:16:03Z,25.86,69.19,100,0,34.88,101.66,177.00,1508.00,null,null,null
2023-09-09T03:17:03Z,25.87,69.14,100,0,33.00,101.66,177.00,1508.00,null,null,null
2023-09-09T03:18:03Z,25.88,69.08,100,0,32.47,101.66,177.00,1508.00,null,null,null
2023-09-09T03:19:03Z,25.87,69.02,100,0,33.07,101.66,177.00,1508.00,null,null,null
2023-09-09T03:20:03Z,25.87,69.06,100,0,32.68,101.66,174.00,1504.00,32,42,58
2023-09-09T03:21:03Z,25.88,69.04,100,0,34.11,101.66,174.00,1504.00,null,null,null
2023-09-09T03:22:03Z,25.90,69.09,100,0,34.55,101.66,174.00,1504.00,null,null,null
2023-09-09T03:23:03Z,25.91,68.94,100,0,33.75,101.66,174.00,1503.00,null,null,null
2023-09-09T03:24:03Z,25.91,68.84,100,0,34.62,101.66,168.00,1495.00,null,null,null
2023-09-09T03:25:03Z,25.88,68.92,100,0,32.60,101.66,168.00,1495.00,44,54,54
2023-09-09T03:26:03Z,25.93,68.95,100,0,32.50,101.66,172.00,1501.00,null,null,null
2023-09-09T03:27:03Z,25.93,69.00,100,0,39.44,101.66,168.00,1495.00,null,null,null
2023-09-09T03:28:03Z,25.96,69.02,100,0,34.91,101.66,168.00,1495.00,null,null,null
2023-09-09T03:29:03Z,25.91,69.02,100,0,34.15,101.66,168.00,1495.00,null,null,null
2023-09-09T03:30:03Z,25.91,69.07,100,0,34.34,101.65,168.00,1495.00,30,39,39
2023-09-09T03:31:03Z,25.90,69.06,100,0,31.79,101.66,168.00,1495.00,null,null,null
2023-09-09T03:32:03Z,25.90,69.07,100,0,31.51,101.66,172.00,1501.00,null,null,null
2023-09-09T03:33:03Z,25.87,69.17,100,0,32.18,101.65,168.00,1495.00,null,null,null
2023-09-09T03:34:03Z,25.83,69.13,100,0,32.41,101.65,164.00,1482.00,null,null,null
2023-09-09T03:35:03Z,25.78,69.19,100,0,31.82,101.65,164.00,1482.00,33,50,50
2023-09-09T03:36:03Z,25.77,69.25,100,0,30.85,101.65,164.00,1482.00,null,null,null
2023-09-09T03:37:03Z,25.76,69.43,100,0,33.62,101.65,161.00,1462.00,null,null,null
2023-09-09T03:38:03Z,25.72,69.54,100,0,33.97,101.64,161.00,1462.00,null,null,null
2023-09-09T03:39:03Z,25.67,69.61,100,0,32.41,101.65,162.00,1465.00,null,null,null
2023-09-09T03:40:03Z,25.66,69.64,100,0,31.67,101.64,162.00,1465.00,30,44,44
2023-09-09T03:41:03Z,25.66,69.71,100,0,32.41,101.65,160.00,1453.00,null,null,null
2023-09-09T03:42:03Z,25.63,69.68,100,0,31.51,101.64,160.00,1453.00,null,null,null
2023-09-09T03:43:03Z,25.62,69.73,100,0,32.34,101.65,160.00,1453.00,null,null,null
2023-09-09T03:44:03Z,25.63,69.68,100,0,33.51,101.64,160.00,1453.00,null,null,null
2023-09-09T03:45:03Z,25.56,69.74,100,0,32.77,101.64,160.00,1453.00,29,38,38
2023-09-09T03:46:03Z,25.57,69.84,100,0,34.03,101.64,157.00,1432.00,null,null,null
2023-09-09T03:47:03Z,25.58,69.80,100,0,32.39,101.64,155.00,1420.00,null,null,null
2023-09-09T03:48:03Z,25.56,69.87,100,0,33.25,101.64,153.00,1408.00,null,null,null
2023-09-09T03:49:03Z,25.53,69.80,100,0,32.68,101.63,153.00,1408.00,null,null,null
2023-09-09T03:50:03Z,25.51,69.91,100,0,32.66,101.63,155.00,1420.00,27,37,37
2023-09-09T03:51:03Z,25.51,69.98,100,0,33.19,101.63,153.00,1408.00,null,null,null
2023-09-09T03:52:03Z,25.53,69.88,100,0,32.50,101.63,153.00,1408.00,null,null,null
2023-09-09T03:53:03Z,25.50,70.03,100,0,33.20,101.63,153.00,1408.00,null,null,null
2023-09-09T03:54:03Z,25.51,70.04,100,0,32.34,101.63,153.00,1408.00,null,null,null
2023-09-09T03:55:03Z,25.47,70.10,100,0,32.97,101.63,154.00,1416.00,29,54,54
2023-09-09T03:56:03Z,25.50,70.09,100,0,33.39,101.63,154.00,1416.00,null,null,null
2023-09-09T03:57:03Z,25.47,70.03,100,0,31.53,101.63,157.00,1432.00,null,null,null
2023-09-09T03:58:03Z,25.46,70.01,100,0,33.77,101.63,159.00,1445.00,null,null,null
2023-09-09T03:59:03Z,25.47,70.06,100,0,33.58,101.63,159.00,1445.00,null,null,null
2023-09-09T04:00:03Z,25.46,70.11,100,0,32.10,101.63,159.00,1445.00,37,47,47
2023-09-09T04:01:03Z,25.46,70.14,100,0,30.64,101.63,159.00,1445.00,null,null,null
2023-09-09T04:02:03Z,25.45,70.07,100,0,33.55,101.63,161.00,1462.00,null,null,null
2023-09-09T04:03:03Z,25.45,70.18,100,0,31.36,101.63,161.00,1462.00,null,null,null
2023-09-09T04:04:03Z,25.42,70.14,100,0,35.21,101.63,161.00,1462.00,null,null,null
2023-09-09T04:05:03Z,25.43,70.18,100,0,35.74,101.63,161.00,1462.00,36,41,48
2023-09-09T04:06:03Z,25.43,70.24,100,0,32.59,101.62,159.00,1445.00,null,null,null
2023-09-09T04:07:03Z,25.43,70.16,100,0,32.69,101.63,159.00,1445.00,null,null,null
2023-09-09T04:08:03Z,25.43,70.18,100,0,34.15,101.63,159.00,1445.00,null,null,null
2023-09-09T04:09:03Z,25.39,70.18,100,0,34.66,101.63,159.00,1445.00,null,null,null
2023-09-09T04:10:03Z,25.40,70.31,100,0,31.54,101.62,159.00,1445.00,33,49,71
2023-09-09T04:11:03Z,25.40,70.15,100,0,32.01,101.63,155.00,1420.00,null,null,null
2023-09-09T04:12:03Z,25.43,70.15,100,0,34.02,101.63,154.00,1416.00,null,null,null
2023-09-09T04:13:03Z,25.43,70.08,100,0,31.88,101.63,154.00,1416.00,null,null,null
2023-09-09T04:14:03Z,25.39,70.15,100,0,33.60,101.62,154.00,1416.00,null,null,null
2023-09-09T04:15:03Z,25.42,70.11,100,0,32.73,101.62,154.00,1416.00,28,42,42
2023-09-09T04:16:03Z,25.40,70.10,100,0,32.15,101.62,150.00,1385.00,null,null,null
2023-09-09T04:17:03Z,25.42,70.10,100,0,32.50,101.62,152.00,1404.00,null,null,null
2023-09-09T04:18:03Z,25.40,70.12,100,0,35.54,101.63,152.00,1404.00,null,null,null
2023-09-09T04:19:03Z,25.39,70.24,100,0,33.28,101.62,152.00,1404.00,null,null,null
2023-09-09T04:20:03Z,25.39,70.25,100,0,33.16,101.62,152.00,1404.00,30,50,50
2023-09-09T04:21:03Z,25.40,70.25,100,0,31.58,101.63,151.00,1393.00,null,null,null
2023-09-09T04:22:03Z,25.37,70.23,100,0,31.74,101.63,151.00,1393.00,null,null,null
2023-09-09T04:23:03Z,25.40,70.18,100,0,32.51,101.64,152.00,1404.00,null,null,null
2023-09-09T04:24:03Z,25.37,70.17,100,0,31.04,101.64,150.00,1385.00,null,null,null
2023-09-09T04:25:03Z,25.35,70.23,100,0,31.75,101.64,150.00,1385.00,24,68,68
2023-09-09T04:26:03Z,25.36,70.20,100,0,32.26,101.64,148.00,1372.00,null,null,null
2023-09-09T04:27:03Z,25.39,70.12,100,0,33.19,101.64,148.00,1372.00,null,null,null
2023-09-09T04:28:03Z,25.36,70.16,100,0,33.53,101.64,145.00,1356.00,null,null,null
2023-09-09T04:29:03Z,25.37,70.02,100,0,33.45,101.64,145.00,1356.00,null,null,null
2023-09-09T04:30:03Z,25.37,70.14,100,0,31.60,101.64,144.00,1349.00,37,53,69
2023-09-09T04:31:03Z,25.36,70.13,100,0,31.97,101.64,144.00,1349.00,null,null,null
2023-09-09T04:32:03Z,25.35,70.14,100,0,33.07,101.64,140.00,1324.00,null,null,null
2023-09-09T04:33:03Z,25.36,70.12,100,0,36.08,101.64,140.00,1324.00,null,null,null
2023-09-09T04:34:03Z,25.33,70.15,100,0,32.61,101.64,140.00,1324.00,null,null,null
2023-09-09T04:35:03Z,25.33,70.04,100,0,33.39,101.64,139.00,1316.00,32,43,43
2023-09-09T04:36:03Z,25.36,70.24,100,0,34.62,101.64,139.00,1316.00,null,null,null
2023-09-09T04:37:03Z,25.37,70.15,100,0,31.17,101.64,139.00,1316.00,null,null,null
2023-09-09T04:38:03Z,25.36,70.14,100,0,33.16,101.64,139.00,1316.00,null,null,null
2023-09-09T04:39:03Z,25.36,70.03,100,0,32.34,101.64,139.00,1316.00,null,null,null
2023-09-09T04:40:03Z,25.37,70.13,100,0,32.35,101.64,137.00,1302.00,30,49,60
2023-09-09T04:41:03Z,25.35,70.15,100,0,39.80,101.64,135.00,1291.00,null,null,null
2023-09-09T04:42:03Z,25.37,70.14,100,0,33.34,101.64,137.00,1302.00,null,null,null
2023-09-09T04:43:03Z,25.36,70.09,100,0,31.74,101.64,137.00,1302.00,null,null,null
2023-09-09T04:44:03Z,25.36,70.10,100,0,35.61,101.64,137.00,1302.00,null,null,null
2023-09-09T04:45:03Z,25.35,70.16,100,0,32.36,101.64,135.00,1291.00,34,42,42
2023-09-09T04:46:03Z,25.37,70.09,100,0,31.58,101.64,135.00,1291.00,null,null,null
2023-09-09T04:47:03Z,25.37,70.07,100,0,32.45,101.64,133.00,1277.00,null,null,null
2023-09-09T04:48:03Z,25.33,70.18,100,0,32.05,101.64,133.00,1277.00,null,null,null
2023-09-09T04:49:03Z,25.35,70.10,100,0,33.03,101.64,133.00,1277.00,null,null,null
2023-09-09T04:50:03Z,25.35,70.07,100,0,38.27,101.64,131.00,1262.00,29,38,49
2023-09-09T04:51:03Z,25.35,70.08,100,0,32.71,101.64,131.00,1262.00,null,null,null
2023-09-09T04:52:03Z,25.33,70.09,100,0,31.30,101.64,131.00,1262.00,null,null,null
2023-09-09T04:53:03Z,25.36,70.02,100,0,35.94,101.64,131.00,1262.00,null,null,null
2023-09-09T04:54:03Z,25.36,69.99,100,0,32.29,101.64,129.00,1248.00,null,null,null
2023-09-09T04:55:03Z,25.32,70.07,100,0,34.64,101.64,129.00,1248.00,30,53,102
2023-09-09T04:56:03Z,25.33,70.03,100,0,33.17,101.64,129.00,1248.00,null,null,null
2023-09-09T04:57:03Z,25.35,69.94,100,0,33.62,101.64,129.00,1248.00,null,null,null
2023-09-09T04:58:03Z,25.36,70.00,100,0,33.89,101.64,127.00,1238.00,null,null,null
2023-09-09T04:59:03Z,25.32,70.04,100,0,33.84,101.64,127.00,1238.00,null,null,null
2023-09-09T05:00:03Z,25.32,70.12,100,0,34.40,101.64,127.00,1238.00,31,47,47
2023-09-09T05:01:03Z,25.35,70.01,100,0,39.43,101.64,127.00,1238.00,null,null,null
2023-09-09T05:02:03Z,25.32,70.00,100,0,32.31,101.64,127.00,1238.00,null,null,null
2023-09-09T05:03:03Z,25.35,69.93,100,0,32.04,101.64,127.00,1238.00,null,null,null
2023-09-09T05:04:03Z,25.30,69.99,100,0,35.23,101.64,127.00,1238.00,null,null,null
2023-09-09T05:05:03Z,25.33,70.07,100,0,42.34,101.64,125.00,1224.00,35,53,53
2023-09-09T05:06:03Z,25.33,70.02,100,0,37.05,101.64,125.00,1224.00,null,null,null
2023-09-09T05:07:03Z,25.32,69.96,100,0,32.33,101.64,127.00,1238.00,null,null,null
2023-09-09T05:08:03Z,25.30,69.97,100,0,32.45,101.64,127.00,1238.00,null,null,null
2023-09-09T05:09:03Z,25.30,69.97,100,0,36.06,101.64,125.00,1224.00,null,null,null
2023-09-09T05:10:03Z,25.29,70.05,100,0,34.19,101.64,125.00,1224.00,30,47,63
2023-09-09T05:11:03Z,25.32,70.00,100,0,35.34,101.64,125.00,1224.00,null,null,null
2023-09-09T05:12:03Z,25.29,69.90,100,0,32.48,101.64,125.00,1224.00,null,null,null
2023-09-09T05:13:03Z,25.30,69.98,100,0,37.39,101.64,125.00,1224.00,null,null,null
2023-09-09T05:14:03Z,25.30,70.02,100,0,36.23,101.64,125.00,1224.00,null,null,null
2023-09-09T05:15:03Z,25.29,69.96,100,0,37.15,101.64,125.00,1224.00,28,62,73
2023-09-09T05:16:03Z,25.32,69.96,100,0,32.39,101.64,125.00,1224.00,null,null,null
2023-09-09T05:17:03Z,25.29,69.95,100,0,39.50,101.64,125.00,1224.00,null,null,null
2023-09-09T05:18:03Z,25.30,69.96,100,0,38.23,101.64,125.00,1224.00,null,null,null
2023-09-09T05:19:03Z,25.30,69.88,100,0,35.51,101.64,125.00,1224.00,null,null,null
2023-09-09T05:20:03Z,25.29,70.02,100,0,34.86,101.64,125.00,1224.00,31,56,56
2023-09-09T05:21:03Z,25.32,70.01,100,0,53.19,101.64,287.00,1647.00,null,null,null
2023-09-09T05:22:03Z,25.30,70.00,100,0,33.91,101.64,322.00,1683.00,null,null,null
2023-09-09T05:23:03Z,25.29,70.00,100,0,37.98,101.64,326.00,1687.00,null,null,null
2023-09-09T05:24:03Z,25.27,70.01,100,0,32.46,101.64,326.00,1687.00,null,null,null
2023-09-09T05:25:03Z,25.30,70.09,100,0,33.98,101.64,322.00,1683.00,29,45,55
2023-09-09T05:26:03Z,25.27,69.97,100,0,38.25,101.64,308.00,1669.00,null,null,null
2023-09-09T05:27:03Z,25.30,69.93,100,0,35.20,101.64,304.00,1665.00,null,null,null
2023-09-09T05:28:03Z,25.29,69.88,100,0,39.69,101.65,291.00,1651.00,null,null,null
2023-09-09T05:29:03Z,25.27,69.98,100,0,36.06,101.64,283.00,1641.00,null,null,null
2023-09-09T05:30:03Z,25.29,70.07,100,0,33.82,101.64,275.00,1632.00,34,50,61
2023-09-09T05:31:03Z,25.29,70.14,100,0,39.63,101.65,267.00,1624.00,null,null,null
2023-09-09T05:32:03Z,25.32,70.03,100,0,33.06,101.65,260.00,1615.00,null,null,null
2023-09-09T05:33:03Z,25.32,70.03,100,0,34.00,101.65,256.00,1611.00,null,null,null
2023-09-09T05:34:03Z,25.32,70.10,100,0,33.44,101.65,253.00,1607.00,null,null,null
2023-09-09T05:35:03Z,25.30,70.10,100,0,32.67,101.65,244.00,1598.00,31,52,90
2023-09-09T05:36:03Z,25.30,70.10,100,0,36.29,101.66,237.00,1591.00,null,null,null
2023-09-09T05:37:03Z,25.29,70.03,100,0,32.76,101.65,234.00,1587.00,null,null,null
2023-09-09T05:38:03Z,25.29,70.11,100,0,36.99,101.66,230.00,1582.00,null,null,null
2023-09-09T05:39:03Z,25.27,70.10,100,0,33.72,101.66,227.00,1578.00,null,null,null
2023-09-09T05:40:03Z,25.29,70.08,100,0,35.33,101.66,224.00,1572.00,30,49,76
2023-09-09T05:41:03Z,25.30,70.09,100,0,35.57,101.66,220.00,1568.00,null,null,null
2023-09-09T05:42:03Z,25.30,70.13,100,0,33.67,101.66,214.00,1559.00,null,null,null
2023-09-09T05:43:03Z,25.32,70.12,100,0,31.86,101.66,211.00,1556.00,null,null,null
2023-09-09T05:44:03Z,25.27,70.02,100,0,42.23,101.67,211.00,1556.00,null,null,null
2023-09-09T05:45:03Z,25.26,70.20,100,0,34.29,101.67,209.00,1553.00,40,63,63
2023-09-09T05:46:03Z,25.30,70.07,100,0,37.17,101.67,205.00,1547.00,null,null,null
2023-09-09T05:47:03Z,25.27,70.06,100,0,34.44,101.66,205.00,1547.00,null,null,null
2023-09-09T05:48:03Z,25.27,70.02,100,0,32.19,101.67,193.00,1532.00,null,null,null
2023-09-09T05:49:03Z,25.29,70.13,100,0,35.53,101.66,203.00,1544.00,null,null,null
2023-09-09T05:50:03Z,25.27,70.08,100,0,32.48,101.67,199.00,1540.00,27,29,29
2023-09-09T05:51:03Z,25.32,70.01,100,0,33.31,101.66,193.00,1532.00,null,null,null
2023-09-09T05:52:03Z,25.32,69.96,100,0,32.91,101.66,193.00,1532.00,null,null,null
2023-09-09T05:53:03Z,25.29,70.01,100,0,35.11,101.66,191.00,1528.00,null,null,null
2023-09-09T05:54:03Z,25.29,69.95,100,0,33.56,101.66,191.00,1528.00,null,null,null
2023-09-09T05:55:03Z,25.29,70.03,100,0,34.26,101.66,187.00,1524.00,27,40,51
2023-09-09T05:56:03Z,25.30,69.96,100,0,35.95,101.66,182.00,1516.00,null,null,null
2023-09-09T05:57:03Z,25.32,69.86,100,0,36.51,101.66,179.00,1512.00,null,null,null
2023-09-09T05:58:03Z,25.29,69.91,100,0,32.89,101.66,178.00,1509.00,null,null,null
2023-09-09T05:59:03Z,25.26,69.88,100,0,35.33,101.67,173.00,1502.00,null,null,null
2023-09-09T06:00:03Z,25.27,69.95,100,0,33.77,101.67,170.00,1497.00,24,27,27
2023-09-09T06:01:03Z,25.30,70.02,100,0,33.00,101.67,170.00,1497.00,null,null,null
2023-09-09T06:02:03Z,25.29,70.01,100,0,37.36,101.68,167.00,1499.00,null,null,null
2023-09-09T06:03:03Z,25.32,69.95,100,0,35.27,101.68,165.00,1487.00,null,null,null
2023-09-09T06:04:03Z,25.32,69.99,100,0,33.75,101.68,163.00,1470.00,null,null,null
2023-09-09T06:05:03Z,25.29,69.94,100,0,33.11,101.68,163.00,1470.00,26,35,35
2023-09-09T06:06:03Z,25.30,70.00,100,0,35.60,101.68,161.00,1462.00,null,null,null
2023-09-09T06:07:03Z,25.33,69.91,100,0,36.65,101.68,159.00,1445.00,null,null,null
2023-09-09T06:08:03Z,25.30,69.93,100,0,34.88,101.69,205.00,1547.00,null,null,null
2023-09-09T06:09:03Z,25.30,69.98,100,0,34.44,101.68,224.00,1572.00,null,null,null
2023-09-09T06:10:03Z,25.29,69.87,100,0,35.23,101.69,224.00,1572.00,25,42,42
2023-09-09T06:11:03Z,25.30,69.90,100,0,35.07,101.69,224.00,1572.00,null,null,null
2023-09-09T06:12:03Z,25.30,69.87,100,0,34.01,101.69,224.00,1572.00,null,null,null
2023-09-09T06:13:03Z,25.32,69.94,100,0,36.26,101.69,224.00,1572.00,null,null,null
2023-09-09T06:14:03Z,25.30,69.89,100,0,34.77,101.70,220.00,1568.00,null,null,null
2023-09-09T06:15:03Z,25.29,69.95,100,0,35.59,101.71,214.00,1559.00,28,39,39
2023-09-09T06:16:03Z,25.29,69.94,100,0,32.36,101.70,209.00,1553.00,null,null,null
2023-09-09T06:17:03Z,25.32,69.92,100,0,36.47,101.70,209.00,1553.00,null,null,null
2023-09-09T06:18:03Z,25.30,69.87,100,0,36.06,101.70,203.00,1544.00,null,null,null
2023-09-09T06:19:03Z,25.26,69.90,100,0,33.98,101.71,203.00,1544.00,null,null,null
2023-09-09T06:20:03Z,25.29,69.93,100,0,40.58,101.70,199.00,1540.00,28,36,36
2023-09-09T06:21:03Z,25.27,69.84,100,0,34.44,101.70,196.00,1536.00,null,null,null
2023-09-09T06:22:03Z,25.29,69.82,100,0,32.61,101.70,193.00,1532.00,null,null,null
2023-09-09T06:23:03Z,25.29,69.86,100,0,34.87,101.70,187.00,1524.00,null,null,null
2023-09-09T06:24:03Z,25.26,69.80,100,0,33.02,101.70,187.00,1524.00,null,null,null
2023-09-09T06:25:03Z,25.25,69.95,100,0,33.52,101.70,178.00,1509.00,23,31,41
2023-09-09T06:26:03Z,25.26,69.90,100,0,32.48,101.70,178.00,1509.00,null,null,null
2023-09-09T06:27:03Z,25.27,69.83,100,0,32.65,101.70,173.00,1502.00,null,null,null
2023-09-09T06:28:03Z,25.26,69.82,100,0,34.05,101.69,173.00,1502.00,null,null,null
2023-09-09T06:29:03Z,25.27,69.82,100,0,36.31,101.69,173.00,1502.00,null,null,null
2023-09-09T06:30:03Z,25.26,69.84,100,0,33.91,101.69,167.00,1499.00,19,26,32
2023-09-09T06:31:03Z,25.26,69.85,100,0,36.71,101.69,167.00,1499.00,null,null,null
2023-09-09T06:32:03Z,25.26,69.78,100,0,34.08,101.69,163.00,1470.00,null,null,null
2023-09-09T06:33:03Z,25.25,69.78,100,0,40.09,101.69,161.00,1462.00,null,null,null
2023-09-09T06:34:03Z,25.25,69.84,100,0,34.82,101.69,161.00,1462.00,null,null,null
2023-09-09T06:35:03Z,25.22,69.85,100,0,33.54,101.70,161.00,1462.00,21,29,29
2023-09-09T06:36:03Z,25.26,69.81,100,0,34.31,101.69,176.00,1506.00,null,null,null
2023-09-09T06:37:03Z,25.23,69.74,100,0,43.25,101.69,157.00,1432.00,null,null,null
2023-09-09T06:38:03Z,25.25,69.76,100,0,36.97,101.69,178.00,1509.00,null,null,null
2023-09-09T06:39:03Z,25.25,69.79,100,0,32.42,101.70,154.00,1416.00,null,null,null
2023-09-09T06:40:03Z,25.23,69.91,100,0,35.76,101.70,152.00,1404.00,22,33,48
2023-09-09T06:41:03Z,25.26,69.90,100,0,36.42,101.70,166.00,1491.00,null,null,null
2023-09-09T06:42:03Z,25.26,69.88,100,0,33.18,101.71,150.00,1385.00,null,null,null
2023-09-09T06:43:03Z,25.27,69.82,100,0,37.50,101.71,148.00,1372.00,null,null,null
2023-09-09T06:44:03Z,25.26,69.81,100,0,34.95,101.71,145.00,1356.00,null,null,null
2023-09-09T06:45:03Z,25.22,69.85,100,0,38.32,101.72,145.00,1356.00,18,22,22
2023-09-09T06:46:03Z,25.25,69.86,100,0,33.23,101.71,157.00,1436.00,null,null,null
2023-09-09T06:47:03Z,25.27,69.80,100,0,33.93,101.72,140.00,1324.00,null,null,null
2023-09-09T06:48:03Z,25.23,69.77,100,0,33.80,101.72,139.00,1316.00,null,null,null
2023-09-09T06:49:03Z,25.23,69.84,100,0,35.06,101.72,156.00,1429.00,null,null,null
2023-09-09T06:50:03Z,25.25,69.89,100,0,36.38,101.73,154.00,1413.00,18,23,23
2023-09-09T06:51:03Z,25.26,69.77,100,0,32.55,101.73,135.00,1291.00,null,null,null
2023-09-09T06:52:03Z,25.26,69.82,100,0,38.79,101.73,135.00,1291.00,null,null,null
2023-09-09T06:53:03Z,25.25,69.87,100,0,33.79,101.72,133.00,1277.00,null,null,null
2023-09-09T06:54:03Z,25.25,69.75,100,0,34.73,101.73,131.00,1262.00,null,null,null
2023-09-09T06:55:03Z,25.25,69.78,100,0,35.35,101.72,129.00,1248.00,23,26,26
2023-09-09T06:56:03Z,25.27,69.75,100,0,34.83,101.72,127.00,1238.00,null,null,null
2023-09-09T06:57:03Z,25.26,69.67,100,0,39.94,101.72,125.00,1224.00,null,null,null
2023-09-09T06:58:03Z,25.25,69.71,100,0,34.08,101.72,125.00,1224.00,null,null,null
2023-09-09T06:59:03Z,25.26,69.79,100,0,40.04,101.73,127.00,1235.00,null,null,null
2023-09-09T07:00:03Z,25.23,69.75,100,0,34.47,101.72,125.00,1224.00,9,9,9
2023-09-09T07:01:03Z,25.26,69.80,100,0,34.16,101.72,137.00,1302.00,null,null,null
2023-09-09T07:02:03Z,25.27,69.84,100,0,34.32,101.72,122.00,1207.00,null,null,null
2023-09-09T07:03:03Z,25.26,69.77,100,0,32.40,101.72,122.00,1207.00,null,null,null
2023-09-09T07:04:03Z,25.25,69.82,100,0,35.05,101.72,122.00,1201.00,null,null,null
2023-09-09T07:05:03Z,25.25,69.84,100,0,32.06,101.72,122.00,1201.00,21,24,35
2023-09-09T07:06:03Z,25.29,69.76,100,0,33.02,101.72,122.00,1201.00,null,null,null
2023-09-09T07:07:03Z,25.27,69.73,100,0,38.15,101.72,120.00,1188.00,null,null,null
2023-09-09T07:08:03Z,25.26,69.73,100,0,34.31,101.72,120.00,1188.00,null,null,null
2023-09-09T07:09:03Z,25.23,69.74,100,0,33.90,101.72,117.00,1174.00,null,null,null
2023-09-09T07:10:03Z,25.25,69.82,100,0,31.74,101.72,133.00,1274.00,16,21,21
2023-09-09T07:11:03Z,25.26,69.94,100,0,37.20,101.71,118.00,1178.00,null,null,null
2023-09-09T07:12:03Z,25.26,69.94,100,0,32.79,101.72,118.00,1178.00,null,null,null
2023-09-09T07:13:03Z,25.26,69.92,100,0,32.45,101.71,116.00,1163.00,null,null,null
2023-09-09T07:14:03Z,25.23,69.80,100,1,36.42,101.71,114.00,1150.00,null,null,null
2023-09-09T07:15:03Z,25.22,69.87,100,1,38.71,101.72,129.00,1248.00,20,20,26
2023-09-09T07:16:03Z,25.26,70.04,100,0,33.59,101.72,129.00,1248.00,null,null,null
2023-09-09T07:17:03Z,25.27,69.98,100,1,34.41,101.72,114.00,1150.00,null,null,null
2023-09-09T07:18:03Z,25.23,70.03,100,1,32.64,101.72,114.00,1150.00,null,null,null
2023-09-09T07:19:03Z,25.26,69.98,100,1,36.07,101.72,129.00,1248.00,null,null,null
2023-09-09T07:20:03Z,25.22,69.91,100,1,34.19,101.73,118.00,1178.00,10,12,12
2023-09-09T07:21:03Z,25.25,70.04,100,1,33.42,101.72,118.00,1178.00,null,null,null
2023-09-09T07:22:03Z,25.26,69.93,100,1,33.77,101.73,135.00,1288.00,null,null,null
2023-09-09T07:23:03Z,25.26,69.85,100,1,33.16,101.73,120.00,1188.00,null,null,null
2023-09-09T07:24:03Z,25.25,69.91,100,1,33.71,101.73,118.00,1178.00,null,null,null
2023-09-09T07:25:03Z,25.25,69.86,100,1,33.41,101.73,118.00,1178.00,15,19,19
2023-09-09T07:26:03Z,25.26,69.92,100,1,33.63,101.73,118.00,1178.00,null,null,null
2023-09-09T07:27:03Z,25.26,69.92,100,1,36.68,101.73,118.00,1178.00,null,null,null
2023-09-09T07:28:03Z,25.26,69.93,100,1,32.42,101.73,118.00,1178.00,null,null,null
2023-09-09T07:29:03Z,25.25,69.89,100,1,35.93,101.73,118.00,1178.00,null,null,null
2023-09-09T07:30:03Z,25.25,69.98,100,1,35.78,101.73,118.00,1178.00,16,17,17
2023-09-09T07:31:03Z,25.26,70.06,100,1,39.75,101.72,118.00,1178.00,null,null,null
2023-09-09T07:32:03Z,25.27,69.94,100,1,37.30,101.73,118.00,1178.00,null,null,null
2023-09-09T07:33:03Z,25.29,70.01,100,1,35.74,101.72,118.00,1178.00,null,null,null
2023-09-09T07:34:03Z,25.25,70.02,100,1,33.63,101.73,118.00,1178.00,null,null,null
2023-09-09T07:35:03Z,25.26,70.03,100,1,34.96,101.73,116.00,1163.00,16,20,20
2023-09-09T07:36:03Z,25.30,69.99,100,1,35.46,101.73,114.00,1150.00,null,null,null
2023-09-09T07:37:03Z,25.25,69.94,100,1,35.45,101.73,118.00,1178.00,null,null,null
2023-09-09T07:38:03Z,25.27,70.08,100,1,36.44,101.73,133.00,1277.00,null,null,null
2023-09-09T07:39:03Z,25.29,70.07,100,1,36.86,101.74,135.00,1291.00,null,null,null
2023-09-09T07:40:03Z,25.29,70.04,100,1,48.14,101.74,139.00,1316.00,18,23,23
2023-09-09T07:41:03Z,25.30,70.07,100,1,34.24,101.74,140.00,1324.00,null,null,null
2023-09-09T07:42:03Z,25.33,70.08,100,1,33.81,101.74,140.00,1324.00,null,null,null
2023-09-09T07:43:03Z,25.30,69.86,100,1,36.56,101.74,140.00,1324.00,null,null,null
2023-09-09T07:44:03Z,25.29,70.00,100,1,35.49,101.73,139.00,1316.00,null,null,null
2023-09-09T07:45:03Z,25.30,69.97,100,1,36.04,101.74,139.00,1316.00,12,17,17
2023-09-09T07:46:03Z,25.32,69.91,100,1,41.08,101.74,140.00,1324.00,null,null,null
2023-09-09T07:47:03Z,25.33,69.96,100,1,38.56,101.74,140.00,1324.00,null,null,null
2023-09-09T07:48:03Z,25.32,69.71,100,28,40.43,101.73,140.00,1324.00,null,null,null
2023-09-09T07:49:03Z,25.33,69.83,100,28,39.59,101.73,142.00,1338.00,null,null,null
2023-09-09T07:50:03Z,25.32,69.86,100,28,33.75,101.73,139.00,1316.00,20,22,22
2023-09-09T07:51:03Z,25.32,69.75,100,28,32.86,101.72,137.00,1302.00,null,null,null
2023-09-09T07:52:03Z,25.35,69.55,100,28,35.42,101.72,137.00,1302.00,null,null,null
2023-09-09T07:53:03Z,25.32,69.58,100,29,32.54,101.72,137.00,1302.00,null,null,null
2023-09-09T07:54:03Z,25.32,69.38,100,29,32.58,101.73,135.00,1288.00,null,null,null
2023-09-09T07:55:03Z,25.32,69.31,100,30,32.68,101.73,133.00,1274.00,17,18,18
2023-09-09T07:56:03Z,25.33,69.14,100,29,35.65,101.73,129.00,1248.00,null,null,null
2023-09-09T07:57:03Z,25.33,69.20,100,29,37.46,101.73,128.00,1245.00,null,null,null
2023-09-09T07:58:03Z,25.30,69.27,100,29,34.15,101.73,126.00,1231.00,null,null,null
2023-09-09T07:59:03Z,25.32,69.36,100,30,35.67,101.73,123.00,1212.00,null,null,null
2023-09-09T08:00:03Z,25.30,69.33,100,30,44.44,101.73,123.00,1212.00,13,13,13
2023-09-09T08:01:03Z,25.32,69.35,100,30,34.34,101.73,121.00,1198.00,null,null,null
2023-09-09T08:02:03Z,25.32,69.32,100,30,37.16,101.73,120.00,1188.00,null,null,null
2023-09-09T08:03:03Z,25.30,69.27,100,29,32.55,101.73,120.00,1188.00,null,null,null
2023-09-09T08:04:03Z,25.30,69.32,100,30,38.79,101.73,117.00,1174.00,null,null,null
2023-09-09T08:05:03Z,25.29,69.19,100,30,33.32,101.74,115.00,1159.00,17,20,20
2023-09-09T08:06:03Z,25.29,69.15,100,30,37.39,101.73,115.00,1159.00,null,null,null
2023-09-09T08:07:03Z,25.29,69.00,100,30,33.42,101.73,112.00,1140.00,null,null,null
2023-09-09T08:08:03Z,25.27,68.95,100,31,39.65,101.74,112.00,1140.00,null,null,null
2023-09-09T08:09:03Z,25.29,68.88,100,30,33.23,101.74,112.00,1140.00,null,null,null
2023-09-09T08:10:03Z,25.25,68.84,100,31,44.84,101.74,109.00,1122.00,12,12,12
2023-09-09T08:11:03Z,25.26,68.53,100,31,34.13,101.74,105.00,1093.00,null,null,null
2023-09-09T08:12:03Z,25.29,68.46,100,31,37.64,101.73,105.00,1093.00,null,null,null
2023-09-09T08:13:03Z,25.26,68.34,100,31,33.90,101.74,103.00,1077.00,null,null,null
2023-09-09T08:14:03Z,25.25,68.37,100,31,37.57,101.74,100.00,1062.00,null,null,null
2023-09-09T08:15:03Z,25.22,68.33,100,31,34.93,101.74,97.00,1041.00,17,19,30
2023-09-09T08:16:03Z,25.23,68.19,100,31,31.85,101.74,107.00,1105.00,null,null,null
2023-09-09T08:17:03Z,25.25,68.08,100,31,35.77,101.75,105.00,1095.00,null,null,null
2023-09-09T08:18:03Z,25.25,68.10,100,31,38.81,101.74,90.00,997.00,null,null,null
2023-09-09T08:19:03Z,25.22,67.96,100,31,39.98,101.75,87.00,975.00,null,null,null
2023-09-09T08:20:03Z,25.21,67.79,100,32,35.48,101.74,97.00,1041.00,10,10,10
2023-09-09T08:21:03Z,25.21,67.35,100,32,34.58,101.74,90.00,997.00,null,null,null
2023-09-09T08:22:03Z,25.23,67.37,100,32,35.81,101.75,89.00,987.00,null,null,null
2023-09-09T08:23:03Z,25.22,67.32,100,31,43.02,101.75,87.00,972.00,null,null,null
2023-09-09T08:24:03Z,25.21,67.45,100,32,42.02,101.75,83.00,945.00,null,null,null
2023-09-09T08:25:03Z,25.19,67.51,100,32,50.22,101.75,79.00,920.00,11,11,11
2023-09-09T08:26:03Z,25.21,67.64,100,32,43.28,101.75,79.00,920.00,null,null,null
2023-09-09T08:27:03Z,25.21,67.81,100,31,36.36,101.75,76.00,900.00,null,null,null
2023-09-09T08:28:03Z,25.19,67.75,100,31,41.44,101.75,73.00,882.00,null,null,null
2023-09-09T08:29:03Z,25.18,67.69,100,31,52.23,101.75,79.00,920.00,null,null,null
2023-09-09T08:30:03Z,25.16,67.69,100,32,35.10,101.75,78.00,913.00,7,7,29
2023-09-09T08:31:03Z,25.18,67.68,100,32,39.16,101.75,76.00,900.00,null,null,null
2023-09-09T08:32:03Z,25.18,67.61,100,32,44.09,101.75,76.00,900.00,null,null,null
2023-09-09T08:33:03Z,25.15,67.58,100,33,38.78,101.75,74.00,889.00,null,null,null
2023-09-09T08:34:03Z,25.16,67.63,100,33,37.42,101.75,73.00,882.00,null,null,null
2023-09-09T08:35:03Z,25.15,67.61,100,33,36.55,101.75,73.00,882.00,15,20,20
2023-09-09T08:36:03Z,25.16,67.54,100,33,34.05,101.76,70.00,863.00,null,null,null
2023-09-09T08:37:03Z,25.15,67.60,100,33,41.31,101.75,70.00,863.00,null,null,null
2023-09-09T08:38:03Z,25.18,67.64,100,33,35.62,101.75,68.00,851.00,null,null,null
2023-09-09T08:39:03Z,25.15,67.50,100,34,46.13,101.75,67.00,840.00,null,null,null
2023-09-09T08:40:03Z,25.13,67.23,100,34,38.41,101.75,66.00,836.00,7,9,9
2023-09-09T08:41:03Z,25.13,66.88,100,34,41.42,101.75,64.00,825.00,null,null,null
2023-09-09T08:42:03Z,25.15,66.73,100,34,35.79,101.75,60.00,800.00,null,null,null
2023-09-09T08:43:03Z,25.13,66.39,100,34,40.67,101.75,59.00,791.00,null,null,null
2023-09-09T08:44:03Z,25.11,66.24,100,34,34.64,101.75,54.00,759.00,null,null,null
2023-09-09T08:45:03Z,25.12,65.95,100,34,41.08,101.75,53.00,752.00,17,18,18
2023-09-09T08:46:03Z,25.12,66.14,100,34,38.52,101.75,47.00,714.00,null,null,null
2023-09-09T08:47:03Z,25.11,66.28,100,34,45.31,101.75,46.00,702.00,null,null,null
2023-09-09T08:48:03Z,25.08,66.33,100,34,40.07,101.75,41.00,675.00,null,null,null
2023-09-09T08:49:03Z,25.08,66.62,100,34,38.22,101.75,39.00,660.00,null,null,null
2023-09-09T08:50:03Z,25.06,66.72,100,34,35.79,101.75,38.00,653.00,17,19,19
2023-09-09T08:51:03Z,25.09,66.85,100,34,34.97,101.75,38.00,653.00,null,null,null
2023-09-09T08:52:03Z,25.09,66.84,100,34,37.05,101.75,37.00,649.00,null,null,null
2023-09-09T08:53:03Z,25.09,66.90,100,35,35.22,101.75,37.00,645.00,null,null,null
2023-09-09T08:54:03Z,25.08,66.32,100,34,37.65,101.75,36.00,640.00,null,null,null
2023-09-09T08:55:03Z,25.05,66.72,100,34,38.34,101.75,36.00,640.00,13,17,17
2023-09-09T08:56:03Z,25.05,66.89,100,35,42.40,101.75,35.00,631.00,null,null,null
2023-09-09T08:57:03Z,25.08,66.93,100,35,36.80,101.75,34.00,626.00,null,null,null
2023-09-09T08:58:03Z,25.06,67.00,100,35,43.03,101.75,34.00,626.00,null,null,null
2023-09-09T08:59:03Z,25.03,67.10,100,35,38.31,101.75,34.00,626.00,null,null,null
2023-09-09T09:00:03Z,25.05,67.17,100,35,40.35,101.75,35.00,633.00,10,14,14
2023-09-09T09:01:03Z,25.08,67.21,100,35,42.19,101.75,34.00,626.00,null,null,null
2023-09-09T09:02:03Z,25.06,67.23,100,35,36.26,101.74,36.00,640.00,null,null,null
2023-09-09T09:03:03Z,25.02,67.29,100,35,39.32,101.75,36.00,640.00,null,null,null
2023-09-09T09:04:03Z,25.03,67.28,100,35,33.20,101.75,35.00,634.00,null,null,null
2023-09-09T09:05:03Z,25.03,67.38,100,36,38.28,101.75,36.00,640.00,5,6,6
2023-09-09T09:06:03Z,25.05,67.44,100,36,40.50,101.75,36.00,640.00,null,null,null
2023-09-09T09:07:03Z,25.06,67.38,100,37,39.61,101.75,37.00,643.00,null,null,null
2023-09-09T09:08:03Z,25.05,67.34,100,37,45.11,101.75,36.00,640.00,null,null,null
2023-09-09T09:09:03Z,25.05,66.40,100,37,43.87,101.75,34.00,627.00,null,null,null
2023-09-09T09:10:03Z,25.06,66.44,100,36,37.20,101.76,32.00,615.00,13,15,15
2023-09-09T09:11:03Z,25.03,66.35,100,37,33.55,101.75,29.00,596.00,null,null,null
2023-09-09T09:12:03Z,25.05,66.32,100,36,40.07,101.75,28.00,584.00,null,null,null
2023-09-09T09:13:03Z,25.05,66.45,100,36,50.45,101.75,25.00,570.00,null,null,null
2023-09-09T09:14:03Z,25.02,66.41,100,37,30.37,101.75,24.00,564.00,null,null,null
2023-09-09T09:15:03Z,25.02,66.61,100,37,30.71,101.75,24.00,564.00,20,23,23
2023-09-09T09:16:03Z,25.03,66.67,100,37,32.88,101.75,24.00,564.00,null,null,null
2023-09-09T09:17:03Z,25.03,66.83,100,37,33.36,101.75,24.00,564.00,null,null,null
2023-09-09T09:18:03Z,25.00,66.88,100,37,31.10,101.75,24.00,564.00,null,null,null
2023-09-09T09:19:03Z,25.02,66.85,100,37,31.08,101.75,25.00,566.00,null,null,null
2023-09-09T09:20:03Z,25.00,66.99,100,37,31.16,101.76,25.00,566.00,13,19,30
2023-09-09T09:21:03Z,25.03,67.05,100,37,32.10,101.75,25.00,566.00,null,null,null
2023-09-09T09:22:03Z,25.03,67.00,100,37,30.74,101.75,27.00,578.00,null,null,null
2023-09-09T09:23:03Z,25.02,67.08,100,37,32.57,101.75,28.00,584.00,null,null,null
2023-09-09T09:24:03Z,25.03,67.10,100,37,35.31,101.75,28.00,584.00,null,null,null
2023-09-09T09:25:03Z,25.02,67.10,100,37,32.85,101.75,29.00,591.00,17,17,17
2023-09-09T09:26:03Z,25.03,67.22,100,37,33.03,101.75,29.00,591.00,null,null,null
2023-09-09T09:27:03Z,25.06,67.23,100,37,31.75,101.75,30.00,599.00,null,null,null
2023-09-09T09:28:03Z,25.02,67.24,100,37,32.15,101.75,32.00,611.00,null,null,null
2023-09-09T09:29:03Z,25.03,67.19,100,37,32.25,101.75,32.00,611.00,null,null,null
2023-09-09T09:30:03Z,25.02,67.30,100,38,33.79,101.75,32.00,614.00,15,15,15
2023-09-09T09:31:03Z,25.05,67.38,100,38,33.50,101.74,32.00,614.00,null,null,null
2023-09-09T09:32:03Z,25.06,67.38,100,38,31.06,101.75,32.00,614.00,null,null,null
2023-09-09T09:33:03Z,25.06,67.34,100,39,31.23,101.74,33.00,620.00,null,null,null
2023-09-09T09:34:03Z,25.02,67.42,100,39,31.43,101.75,34.00,627.00,null,null,null
2023-09-09T09:35:03Z,25.00,67.46,100,38,31.28,101.74,35.00,634.00,14,20,20
2023-09-09T09:36:03Z,25.05,67.43,100,39,32.50,101.75,35.00,634.00,null,null,null
2023-09-09T09:37:03Z,25.05,67.46,100,39,32.62,101.74,36.00,640.00,null,null,null
2023-09-09T09:38:03Z,25.03,67.47,100,38,31.88,101.75,36.00,640.00,null,null,null
2023-09-09T09:39:03Z,25.02,67.49,100,39,30.43,101.75,37.00,643.00,null,null,null
2023-09-09T09:40:03Z,25.00,67.58,100,39,32.69,101.75,37.00,643.00,14,18,18
2023-09-09T09:41:03Z,25.03,67.59,100,39,33.86,101.75,37.00,643.00,null,null,null
2023-09-09T09:42:03Z,25.06,67.50,100,39,30.45,101.75,38.00,650.00,null,null,null
2023-09-09T09:43:03Z,25.03,67.57,100,38,31.20,101.75,38.00,650.00,null,null,null
2023-09-09T09:44:03Z,25.02,67.54,100,38,31.14,101.75,39.00,657.00,null,null,null
2023-09-09T09:45:03Z,25.00,67.60,100,38,31.24,101.75,40.00,665.00,15,24,24
2023-09-09T09:46:03Z,25.03,67.63,100,38,31.43,101.75,39.00,657.00,null,null,null
2023-09-09T09:47:03Z,25.05,67.61,100,38,30.70,101.75,41.00,672.00,null,null,null
2023-09-09T09:48:03Z,25.06,67.61,100,39,30.71,101.75,41.00,672.00,null,null,null
2023-09-09T09:49:03Z,25.03,67.66,100,39,30.71,101.74,41.00,672.00,null,null,null
2023-09-09T09:50:03Z,25.02,67.72,100,39,31.20,101.75,42.00,678.00,21,24,24
2023-09-09T09:51:03Z,25.05,67.72,100,39,30.84,101.75,42.00,678.00,null,null,null
2023-09-09T09:52:03Z,25.06,67.71,100,39,31.07,101.74,42.00,682.00,null,null,null
2023-09-09T09:53:03Z,25.05,67.76,100,38,30.72,101.75,44.00,694.00,null,null,null
2023-09-09T09:54:03Z,25.03,67.71,100,39,31.12,101.74,43.00,686.00,null,null,null
2023-09-09T09:55:03Z,25.02,67.80,100,39,30.95,101.75,45.00,699.00,15,17,17
2023-09-09T09:56:03Z,25.03,67.75,100,39,34.67,101.75,44.00,690.00,null,null,null
2023-09-09T09:57:03Z,25.06,67.73,100,39,30.85,101.75,45.00,699.00,null,null,null
2023-09-09T09:58:03Z,25.06,67.76,100,39,31.07,101.75,47.00,712.00,null,null,null
2023-09-09T09:59:03Z,25.03,67.75,100,38,31.32,101.75,46.00,704.00,null,null,null
2023-09-09T10:00:03Z,25.02,67.80,100,39,30.99,101.75,46.00,704.00,15,17,28
2023-09-09T10:01:03Z,25.06,67.86,100,39,31.04,101.75,47.00,714.00,null,null,null
2023-09-09T10:02:03Z,25.05,67.78,100,38,30.90,101.75,48.00,719.00,null,null,null
2023-09-09T10:03:03Z,25.08,67.78,100,38,34.17,101.75,47.00,714.00,null,null,null
2023-09-09T10:04:03Z,25.06,67.87,100,40,33.88,101.75,48.00,719.00,null,null,null
2023-09-09T10:05:03Z,25.02,67.88,100,40,31.00,101.75,48.00,719.00,12,13,13
2023-09-09T10:06:03Z,25.06,67.92,100,40,30.46,101.75,48.00,719.00,null,null,null
2023-09-09T10:07:03Z,25.08,68.38,100,37,30.54,101.75,51.00,737.00,null,null,null
2023-09-09T10:08:03Z,25.05,68.57,100,40,31.02,101.74,52.00,742.00,null,null,null
2023-09-09T10:09:03Z,25.06,68.40,100,37,67.12,101.74,53.00,748.00,null,null,null
2023-09-09T10:10:03Z,25.06,68.48,100,40,41.39,101.74,53.00,748.00,11,17,17
2023-09-09T10:11:03Z,25.09,68.67,100,40,31.37,101.75,53.00,748.00,null,null,null
2023-09-09T10:12:03Z,25.11,68.73,100,40,41.95,101.74,56.00,770.00,null,null,null
2023-09-09T10:13:03Z,25.11,68.71,100,40,31.28,101.75,56.00,770.00,null,null,null
2023-09-09T10:14:03Z,25.11,68.68,100,40,31.98,101.74,57.00,776.00,null,null,null
2023-09-09T10:15:03Z,25.11,68.69,100,40,31.10,101.74,58.00,785.00,11,17,17
2023-09-09T10:16:03Z,25.11,68.63,100,41,32.54,101.74,59.00,793.00,null,null,null
2023-09-09T10:17:03Z,25.09,68.61,100,40,31.65,101.74,61.00,802.00,null,null,null
2023-09-09T10:18:03Z,25.09,68.57,100,40,36.41,101.74,61.00,806.00,null,null,null
2023-09-09T10:19:03Z,25.13,68.53,100,40,34.08,101.74,63.00,819.00,null,null,null
2023-09-09T10:20:03Z,25.09,68.51,100,40,39.86,101.74,63.00,819.00,13,15,15
2023-09-09T10:21:03Z,25.11,68.55,100,1,31.98,101.74,64.00,825.00,null,null,null
2023-09-09T10:22:03Z,25.11,68.44,100,1,30.85,101.75,64.00,825.00,null,null,null
2023-09-09T10:23:03Z,25.12,68.49,100,1,31.60,101.75,64.00,825.00,null,null,null
2023-09-09T10:24:03Z,25.12,68.46,100,1,31.39,101.75,66.00,834.00,null,null,null
2023-09-09T10:25:03Z,25.09,68.51,100,1,30.40,101.75,66.00,834.00,10,13,13
2023-09-09T10:26:03Z,25.12,68.51,100,1,30.30,101.75,66.00,834.00,null,null,null
2023-09-09T10:27:03Z,25.12,68.49,100,1,32.36,101.74,66.00,834.00,null,null,null
2023-09-09T10:28:03Z,25.11,68.47,100,1,30.95,101.75,66.00,834.00,null,null,null
2023-09-09T10:29:03Z,25.11,68.49,100,1,31.25,101.75,67.00,844.00,null,null,null
2023-09-09T10:30:03Z,25.09,68.52,100,1,32.72,101.75,67.00,844.00,15,18,18
2023-09-09T10:31:03Z,25.11,68.42,100,1,30.53,101.74,66.00,834.00,null,null,null
2023-09-09T10:32:03Z,25.12,68.40,100,1,31.57,101.74,69.00,853.00,null,null,null
2023-09-09T10:33:03Z,25.12,68.46,100,1,31.75,101.74,69.00,853.00,null,null,null
2023-09-09T10:34:03Z,25.12,68.50,100,1,31.39,101.74,69.00,853.00,null,null,null
2023-09-09T10:35:03Z,25.11,68.49,100,1,30.78,101.74,69.00,853.00,11,15,15
2023-09-09T10:36:03Z,25.12,68.46,100,1,32.29,101.73,70.00,865.00,null,null,null
2023-09-09T10:37:03Z,25.11,68.41,100,1,31.33,101.74,70.00,865.00,null,null,null
2023-09-09T10:38:03Z,25.13,68.42,100,1,30.84,101.73,70.00,865.00,null,null,null
2023-09-09T10:39:03Z,25.12,68.43,100,1,31.49,101.73,70.00,865.00,null,null,null
2023-09-09T10:40:03Z,25.09,68.39,100,1,31.90,101.73,70.00,865.00,13,16,16
2023-09-09T10:41:03Z,25.11,68.42,100,1,31.59,101.74,70.00,865.00,null,null,null
2023-09-09T10:42:03Z,25.12,68.36,100,1,31.41,101.73,70.00,865.00,null,null,null
2023-09-09T10:43:03Z,25.09,68.35,100,1,31.03,101.74,70.00,865.00,null,null,null
2023-09-09T10:44:03Z,25.12,68.44,100,1,31.28,101.74,70.00,865.00,null,null,null
2023-09-09T10:45:03Z,25.13,68.36,100,1,31.46,101.74,70.00,865.00,12,15,15
2023-09-09T10:46:03Z,25.13,68.34,100,1,30.78,101.74,70.00,865.00,null,null,null
2023-09-09T10:47:03Z,25.15,68.33,100,1,31.77,101.74,70.00,865.00,null,null,null
2023-09-09T10:48:03Z,25.15,68.36,100,1,30.95,101.74,69.00,853.00,null,null,null
2023-09-09T10:49:03Z,25.11,68.32,100,1,31.52,101.73,70.00,865.00,null,null,null
2023-09-09T10:50:03Z,25.11,68.33,100,1,32.81,101.73,69.00,853.00,15,16,16
2023-09-09T10:51:03Z,25.11,68.37,100,1,30.60,101.73,69.00,853.00,null,null,null
2023-09-09T10:52:03Z,25.13,68.31,100,1,31.61,101.73,70.00,865.00,null,null,null
2023-09-09T10:53:03Z,25.13,68.33,100,1,31.35,101.73,70.00,865.00,null,null,null
2023-09-09T10:54:03Z,25.13,68.28,100,1,31.31,101.73,70.00,865.00,null,null,null
2023-09-09T10:55:03Z,25.11,68.37,100,1,31.04,101.73,70.00,865.00,14,15,15
2023-09-09T10:56:03Z,25.12,68.36,100,1,31.45,101.73,69.00,853.00,null,null,null
2023-09-09T10:57:03Z,25.13,68.28,100,1,31.78,101.73,70.00,865.00,null,null,null
2023-09-09T10:58:03Z,25.12,68.24,100,1,31.41,101.73,70.00,865.00,null,null,null
2023-09-09T10:59:03Z,25.13,68.30,100,1,31.25,101.73,70.00,863.00,null,null,null
2023-09-09T11:00:03Z,25.12,68.31,100,1,30.83,101.73,70.00,865.00,14,23,23
2023-09-09T11:01:03Z,25.12,68.35,100,1,30.96,101.73,69.00,853.00,null,null,null
2023-09-09T11:02:03Z,25.13,68.32,100,1,30.70,101.73,70.00,865.00,null,null,null
2023-09-09T11:03:03Z,25.12,68.35,100,1,30.70,101.72,70.00,865.00,null,null,null
2023-09-09T11:04:03Z,25.12,68.31,100,1,30.86,101.72,71.00,872.00,null,null,null
2023-09-09T11:05:03Z,25.11,68.35,100,1,30.90,101.72,70.00,865.00,13,16,16
2023-09-09T11:06:03Z,25.15,68.26,100,1,31.23,101.72,70.00,865.00,null,null,null
2023-09-09T11:07:03Z,25.16,68.30,100,1,30.66,101.72,70.00,865.00,null,null,null
2023-09-09T11:08:03Z,25.12,68.25,100,1,30.11,101.71,70.00,865.00,null,null,null
2023-09-09T11:09:03Z,25.13,68.24,100,1,30.97,101.72,70.00,865.00,null,null,null
2023-09-09T11:10:03Z,25.12,68.25,100,1,30.52,101.71,70.00,863.00,12,16,16
2023-09-09T11:11:03Z,25.13,68.24,100,1,30.97,101.72,69.00,853.00,null,null,null
2023-09-09T11:12:03Z,25.12,68.23,100,1,30.22,101.71,71.00,872.00,null,null,null
2023-09-09T11:13:03Z,25.13,68.19,100,1,32.59,101.71,68.00,851.00,null,null,null
2023-09-09T11:14:03Z,25.15,68.22,100,1,33.74,101.72,68.00,851.00,null,null,null
2023-09-09T11:15:03Z,25.13,68.22,100,1,31.26,101.71,70.00,863.00,11,15,15
2023-09-09T11:16:03Z,25.16,68.30,100,1,30.94,101.71,70.00,863.00,null,null,null
2023-09-09T11:17:03Z,25.19,68.28,100,1,30.75,101.71,70.00,865.00,null,null,null
2023-09-09T11:18:03Z,25.13,68.33,100,1,31.66,101.71,70.00,865.00,null,null,null
2023-09-09T11:19:03Z,25.15,68.33,100,1,31.46,101.71,70.00,865.00,null,null,null
2023-09-09T11:20:03Z,25.11,68.37,100,1,30.84,101.71,70.00,865.00,13,15,15
2023-09-09T11:21:03Z,25.15,68.46,100,1,30.95,101.71,69.00,853.00,null,null,null
2023-09-09T11:22:03Z,25.16,68.34,100,1,31.24,101.71,70.00,865.00,null,null,null
2023-09-09T11:23:03Z,25.15,68.34,100,1,31.56,101.71,70.00,865.00,null,null,null
2023-09-09T11:24:03Z,25.15,68.37,100,1,30.89,101.71,70.00,865.00,null,null,null
2023-09-09T11:25:03Z,25.12,68.40,100,1,31.09,101.71,70.00,865.00,13,14,14
2023-09-09T11:26:03Z,25.13,68.41,100,1,30.86,101.70,69.00,853.00,null,null,null
2023-09-09T11:27:03Z,25.16,68.34,100,1,31.30,101.70,69.00,853.00,null,null,null
2023-09-09T11:28:03Z,25.18,68.36,100,1,31.46,101.70,69.00,853.00,null,null,null
2023-09-09T11:29:03Z,25.15,68.34,100,1,31.27,101.70,69.00,853.00,null,null,null
2023-09-09T11:30:03Z,25.15,68.30,100,1,31.35,101.70,69.00,853.00,16,22,33
2023-09-09T11:31:03Z,25.16,68.36,100,1,30.70,101.70,69.00,853.00,null,null,null
2023-09-09T11:32:03Z,25.16,68.35,100,1,35.61,101.70,69.00,853.00,null,null,null
2023-09-09T11:33:03Z,25.16,68.32,100,1,31.38,101.70,69.00,853.00,null,null,null
2023-09-09T11:34:03Z,25.15,68.25,100,1,30.92,101.70,69.00,853.00,null,null,null
2023-09-09T11:35:03Z,25.13,68.30,100,1,30.44,101.70,70.00,865.00,12,12,12
2023-09-09T11:36:03Z,25.18,68.30,100,1,30.78,101.70,69.00,853.00,null,null,null
2023-09-09T11:37:03Z,25.13,68.32,100,1,32.85,101.69,69.00,853.00,null,null,null
2023-09-09T11:38:03Z,25.12,68.33,100,1,31.53,101.69,69.00,853.00,null,null,null
2023-09-09T11:39:03Z,25.16,68.25,100,1,31.32,101.69,69.00,853.00,null,null,null
2023-09-09T11:40:03Z,25.15,68.33,100,1,31.24,101.69,69.00,853.00,14,15,15
2023-09-09T11:41:03Z,25.15,68.37,100,1,31.88,101.69,67.00,844.00,null,null,null
2023-09-09T11:42:03Z,25.15,68.26,100,1,30.72,101.69,70.00,865.00,null,null,null
2023-09-09T11:43:03Z,25.18,68.27,100,1,31.36,101.69,70.00,865.00,null,null,null
2023-09-09T11:44:03Z,25.15,68.26,100,1,31.40,101.69,70.00,865.00,null,null,null
2023-09-09T11:45:03Z,25.15,68.31,100,1,30.38,101.69,70.00,865.00,8,9,9
2023-09-09T11:46:03Z,25.15,68.28,100,1,31.02,101.69,70.00,865.00,null,null,null
2023-09-09T11:47:03Z,25.15,68.26,100,1,30.60,101.69,70.00,865.00,null,null,null
2023-09-09T11:48:03Z,25.15,68.22,100,1,30.69,101.69,70.00,865.00,null,null,null
2023-09-09T11:49:03Z,25.13,68.23,100,1,30.58,101.69,71.00,872.00,null,null,null
2023-09-09T11:50:03Z,25.15,68.28,100,1,30.70,101.69,71.00,872.00,10,12,12
2023-09-09T11:51:03Z,25.18,68.33,100,1,31.45,101.69,70.00,865.00,null,null,null
2023-09-09T11:52:03Z,25.16,68.31,100,1,31.02,101.69,70.00,865.00,null,null,null
2023-09-09T11:53:03Z,25.18,68.29,100,1,30.92,101.70,69.00,853.00,null,null,null
2023-09-09T11:54:03Z,25.13,68.39,100,1,30.64,101.69,70.00,865.00,null,null,null
2023-09-09T11:55:03Z,25.16,68.37,100,1,30.76,101.69,70.00,865.00,14,19,19
2023-09-09T11:56:03Z,25.18,68.40,100,1,30.89,101.69,70.00,865.00,null,null,null
2023-09-09T11:57:03Z,25.16,68.36,100,1,31.09,101.69,70.00,865.00,null,null,null
2023-09-09T11:58:03Z,25.18,68.39,100,1,30.53,101.69,69.00,853.00,null,null,null
2023-09-09T11:59:03Z,25.16,68.40,100,1,31.11,101.69,70.00,865.00,null,null,null
2023-09-09T12:00:03Z,25.16,68.40,100,1,32.25,101.69,67.00,844.00,13,21,21
2023-09-09T12:01:03Z,25.13,68.35,100,1,33.78,101.69,67.00,844.00,null,null,null
2023-09-09T12:02:03Z,25.16,68.33,100,1,31.13,101.70,69.00,853.00,null,null,null
2023-09-09T12:03:03Z,25.16,68.37,100,1,30.72,101.70,69.00,853.00,null,null,null
2023-09-09T12:04:03Z,25.18,68.38,100,1,30.86,101.70,69.00,853.00,null,null,null
2023-09-09T12:05:03Z,25.15,68.37,100,1,30.61,101.70,69.00,853.00,13,13,13
2023-09-09T12:06:03Z,25.18,68.39,100,1,30.51,101.70,66.00,834.00,null,null,null
2023-09-09T12:07:03Z,25.16,68.38,100,1,30.98,101.70,69.00,853.00,null,null,null
2023-09-09T12:08:03Z,25.18,68.38,100,1,30.81,101.71,69.00,853.00,null,null,null
2023-09-09T12:09:03Z,25.16,68.38,100,1,31.42,101.70,67.00,844.00,null,null,null
2023-09-09T12:10:03Z,25.15,68.39,100,1,31.50,101.71,69.00,853.00,17,20,20
2023-09-09T12:11:03Z,25.16,68.40,100,1,31.45,101.71,67.00,844.00,null,null,null
2023-09-09T12:12:03Z,25.16,68.35,100,1,31.20,101.71,67.00,844.00,null,null,null
2023-09-09T12:13:03Z,25.18,68.35,100,1,31.93,101.71,67.00,844.00,null,null,null
2023-09-09T12:14:03Z,25.16,68.36,100,1,30.60,101.71,67.00,844.00,null,null,null
2023-09-09T12:15:03Z,25.16,68.38,100,1,30.87,101.70,67.00,844.00,8,11,11
2023-09-09T12:16:03Z,25.19,68.40,100,1,30.64,101.71,67.00,844.00,null,null,null
2023-09-09T12:17:03Z,25.19,68.36,100,1,30.97,101.70,67.00,844.00,null,null,null
2023-09-09T12:18:03Z,25.16,68.36,100,1,31.22,101.71,66.00,834.00,null,null,null
2023-09-09T12:19:03Z,25.18,68.37,100,1,30.92,101.71,66.00,834.00,null,null,null
2023-09-09T12:20:03Z,25.15,68.33,100,1,30.82,101.71,66.00,834.00,12,13,13
2023-09-09T12:21:03Z,25.19,68.39,100,1,30.76,101.71,66.00,834.00,null,null,null
2023-09-09T12:22:03Z,25.18,68.35,100,1,31.14,101.70,66.00,834.00,null,null,null
2023-09-09T12:23:03Z,25.19,68.35,100,1,32.37,101.70,64.00,825.00,null,null,null
2023-09-09T12:24:03Z,25.16,68.34,100,1,33.60,101.70,64.00,825.00,null,null,null
2023-09-09T12:25:03Z,25.15,68.36,100,1,30.85,101.71,64.00,825.00,15,24,24
2023-09-09T12:26:03Z,25.19,68.33,100,1,31.18,101.71,64.00,825.00,null,null,null
2023-09-09T12:27:03Z,25.18,68.39,100,1,30.62,101.71,66.00,834.00,null,null,null
2023-09-09T12:28:03Z,25.19,68.36,100,1,31.05,101.70,67.00,844.00,null,null,null
2023-09-09T12:29:03Z,25.16,68.30,100,1,30.66,101.70,66.00,834.00,null,null,null
2023-09-09T12:30:03Z,25.19,68.39,100,1,31.49,101.70,66.00,834.00,10,12,12
2023-09-09T12:31:03Z,25.19,68.41,100,1,31.35,101.70,64.00,825.00,null,null,null
2023-09-09T12:32:03Z,25.19,68.30,100,1,30.95,101.70,66.00,834.00,null,null,null
2023-09-09T12:33:03Z,25.21,68.28,100,1,30.91,101.70,66.00,834.00,null,null,null
2023-09-09T12:34:03Z,25.19,68.20,100,1,30.75,101.69,66.00,834.00,null,null,null
2023-09-09T12:35:03Z,25.18,68.31,100,1,31.32,101.69,65.00,832.00,10,12,12
2023-09-09T12:36:03Z,25.19,68.30,100,1,31.01,101.69,64.00,825.00,null,null,null
2023-09-09T12:37:03Z,25.19,68.34,100,1,33.00,101.69,64.00,825.00,null,null,null
2023-09-09T12:38:03Z,25.18,68.29,100,1,30.77,101.69,64.00,825.00,null,null,null
2023-09-09T12:39:03Z,25.18,68.32,100,1,31.09,101.69,64.00,825.00,null,null,null
2023-09-09T12:40:03Z,25.18,68.30,100,1,31.01,101.69,64.00,825.00,19,20,20
2023-09-09T12:41:03Z,25.21,68.24,100,1,31.25,101.69,63.00,819.00,null,null,null
2023-09-09T12:42:03Z,25.19,68.25,100,1,30.62,101.69,65.00,827.00,null,null,null
2023-09-09T12:43:03Z,25.16,68.29,100,1,30.63,101.69,63.00,819.00,null,null,null
2023-09-09T12:44:03Z,25.16,68.33,100,1,30.70,101.69,63.00,819.00,null,null,null
2023-09-09T12:45:03Z,25.19,68.28,100,1,30.46,101.69,63.00,819.00,14,18,18
2023-09-09T12:46:03Z,25.21,68.30,100,1,30.44,101.69,61.00,806.00,null,null,null
2023-09-09T12:47:03Z,25.19,68.24,100,1,32.36,101.69,61.00,802.00,null,null,null
2023-09-09T12:48:03Z,25.18,68.31,100,1,30.74,101.68,61.00,802.00,null,null,null
2023-09-09T12:49:03Z,25.19,68.35,100,1,31.17,101.69,62.00,813.00,null,null,null
2023-09-09T12:50:03Z,25.18,68.37,100,1,30.81,101.69,61.00,806.00,7,9,9
2023-09-09T12:51:03Z,25.21,68.34,100,1,31.20,101.67,61.00,802.00,null,null,null
2023-09-09T12:52:03Z,25.22,68.31,100,1,30.83,101.68,61.00,806.00,null,null,null
2023-09-09T12:53:03Z,25.22,68.30,100,1,30.47,101.68,61.00,802.00,null,null,null
2023-09-09T12:54:03Z,25.19,68.29,100,1,30.62,101.68,61.00,802.00,null,null,null
2023-09-09T12:55:03Z,25.21,68.32,100,1,30.67,101.68,61.00,802.00,8,12,12
2023-09-09T12:56:03Z,25.21,68.43,100,1,30.72,101.68,61.00,802.00,null,null,null
2023-09-09T12:57:03Z,25.23,68.28,100,1,30.48,101.68,61.00,802.00,null,null,null
2023-09-09T12:58:03Z,25.18,68.33,100,1,31.32,101.68,61.00,802.00,null,null,null
2023-09-09T12:59:03Z,25.19,68.29,100,1,31.57,101.68,61.00,802.00,null,null,null
2023-09-09T13:00:03Z,25.18,68.29,100,1,31.21,101.68,61.00,802.00,13,13,13
2023-09-09T13:01:03Z,25.22,68.32,100,1,31.22,101.66,61.00,802.00,null,null,null
2023-09-09T13:02:03Z,25.22,68.25,100,1,30.69,101.66,61.00,802.00,null,null,null
2023-09-09T13:03:03Z,25.22,68.28,100,1,30.91,101.66,61.00,802.00,null,null,null
2023-09-09T13:04:03Z,25.19,68.25,100,1,30.67,101.66,61.00,802.00,null,null,null
2023-09-09T13:05:03Z,25.21,68.33,100,1,30.76,101.67,61.00,802.00,11,13,13
2023-09-09T13:06:03Z,25.21,68.34,100,1,31.41,101.66,61.00,802.00,null,null,null
2023-09-09T13:07:03Z,25.22,68.25,100,1,30.87,101.67,61.00,802.00,null,null,null
2023-09-09T13:08:03Z,25.21,68.19,100,1,31.12,101.66,61.00,802.00,null,null,null
2023-09-09T13:09:03Z,25.21,68.29,100,1,31.02,101.67,60.00,800.00,null,null,null
2023-09-09T13:10:03Z,25.18,68.28,100,1,32.72,101.66,59.00,793.00,18,21,21
2023-09-09T13:11:03Z,25.18,68.28,100,1,33.36,101.66,59.00,793.00,null,null,null
2023-09-09T13:12:03Z,25.23,68.22,100,1,30.78,101.66,61.00,802.00,null,null,null
2023-09-09T13:13:03Z,25.18,68.27,100,1,31.04,101.66,60.00,800.00,null,null,null
2023-09-09T13:14:03Z,25.19,68.29,100,1,31.12,101.66,59.00,793.00,null,null,null
2023-09-09T13:15:03Z,25.19,68.27,100,1,31.45,101.66,59.00,793.00,10,10,10
2023-09-09T13:16:03Z,25.23,68.28,100,1,30.39,101.66,58.00,785.00,null,null,null
2023-09-09T13:17:03Z,25.22,68.20,100,1,30.83,101.66,59.00,793.00,null,null,null
2023-09-09T13:18:03Z,25.22,68.29,100,1,31.41,101.66,60.00,800.00,null,null,null
2023-09-09T13:19:03Z,25.25,68.27,100,1,31.66,101.66,59.00,793.00,null,null,null
2023-09-09T13:20:03Z,25.19,68.25,100,1,31.11,101.65,49.00,726.00,10,11,11
2023-09-09T13:21:03Z,25.22,68.26,100,1,31.40,101.65,58.00,785.00,null,null,null
2023-09-09T13:22:03Z,25.23,68.22,100,1,30.60,101.65,59.00,793.00,null,null,null
2023-09-09T13:23:03Z,25.22,68.19,100,1,32.01,101.65,59.00,793.00,null,null,null
2023-09-09T13:24:03Z,25.19,68.20,100,1,31.17,101.64,59.00,793.00,null,null,null
2023-09-09T13:25:03Z,25.21,68.23,100,1,33.19,101.64,59.00,793.00,11,17,17
2023-09-09T13:26:03Z,25.23,68.21,100,1,30.90,101.64,59.00,793.00,null,null,null
2023-09-09T13:27:03Z,25.21,68.20,100,1,32.96,101.64,59.00,793.00,null,null,null
2023-09-09T13:28:03Z,25.21,68.23,100,1,31.82,101.64,59.00,793.00,null,null,null
2023-09-09T13:29:03Z,25.23,68.25,100,1,31.80,101.64,59.00,793.00,null,null,null
2023-09-09T13:30:03Z,25.21,68.27,100,1,30.55,101.64,58.00,785.00,19,25,25
2023-09-09T13:31:03Z,25.25,68.27,100,1,30.93,101.64,57.00,776.00,null,null,null
2023-09-09T13:32:03Z,25.26,68.23,100,1,30.78,101.63,49.00,726.00,null,null,null
2023-09-09T13:33:03Z,25.26,68.26,100,1,32.21,101.63,47.00,714.00,null,null,null
2023-09-09T13:34:03Z,25.25,68.27,100,1,32.75,101.64,46.00,708.00,null,null,null
2023-09-09T13:35:03Z,25.21,68.28,100,1,30.82,101.64,46.00,708.00,18,19,19
2023-09-09T13:36:03Z,25.23,68.30,100,1,30.28,101.63,47.00,714.00,null,null,null
2023-09-09T13:37:03Z,25.22,68.22,100,1,30.75,101.63,57.00,776.00,null,null,null
2023-09-09T13:38:03Z,25.25,68.28,100,1,30.83,101.63,59.00,793.00,null,null,null
2023-09-09T13:39:03Z,25.22,68.25,100,1,31.51,101.63,47.00,714.00,null,null,null
2023-09-09T13:40:03Z,25.22,68.30,100,1,31.56,101.63,57.00,776.00,8,9,9
2023-09-09T13:41:03Z,25.26,68.29,100,1,30.95,101.62,56.00,770.00,null,null,null
2023-09-09T13:42:03Z,25.23,68.29,100,1,30.98,101.62,47.00,714.00,null,null,null
2023-09-09T13:43:03Z,25.22,68.31,100,1,30.69,101.63,57.00,776.00,null,null,null
2023-09-09T13:44:03Z,25.25,68.34,100,1,30.50,101.63,57.00,776.00,null,null,null
2023-09-09T13:45:03Z,25.23,68.33,100,1,30.89,101.63,47.00,714.00,6,7,7
2023-09-09T13:46:03Z,25.25,68.35,100,1,30.81,101.63,57.00,776.00,null,null,null
2023-09-09T13:47:03Z,25.25,68.31,100,1,30.54,101.63,47.00,714.00,null,null,null
2023-09-09T13:48:03Z,25.25,68.31,100,1,30.58,101.63,47.00,714.00,null,null,null
2023-09-09T13:49:03Z,25.26,68.34,100,1,30.97,101.63,47.00,714.00,null,null,null
2023-09-09T13:50:03Z,25.26,68.37,100,1,32.18,101.63,47.00,714.00,12,21,21
2023-09-09T13:51:03Z,25.25,68.38,100,1,32.31,101.63,47.00,714.00,null,null,null
2023-09-09T13:52:03Z,25.25,68.24,100,1,31.92,101.63,47.00,714.00,null,null,null
2023-09-09T13:53:03Z,25.26,68.30,100,1,32.12,101.63,48.00,719.00,null,null,null
2023-09-09T13:54:03Z,25.25,68.26,100,1,32.54,101.63,47.00,714.00,null,null,null
2023-09-09T13:55:03Z,25.23,68.32,100,1,32.93,101.63,47.00,714.00,11,11,11
2023-09-09T13:56:03Z,25.25,68.37,100,1,32.17,101.63,57.00,776.00,null,null,null
2023-09-09T13:57:03Z,25.25,68.29,100,0,34.53,101.64,46.00,708.00,null,null,null
2023-09-09T13:58:03Z,25.23,68.28,100,1,35.40,101.63,46.00,708.00,null,null,null
2023-09-09T13:59:03Z,25.26,68.36,100,1,32.98,101.63,47.00,714.00,null,null,null
2023-09-09T14:00:03Z,25.22,68.39,100,0,34.48,101.63,46.00,708.00,10,14,14
2023-09-09T14:01:03Z,25.26,68.40,100,1,34.36,101.63,54.00,761.00,null,null,null
2023-09-09T14:02:03Z,25.27,68.38,100,1,32.14,101.63,47.00,714.00,null,null,null
2023-09-09T14:03:03Z,25.26,68.62,100,1,34.29,101.63,47.00,714.00,null,null,null
2023-09-09T14:04:03Z,25.26,68.58,100,1,34.26,101.63,49.00,726.00,null,null,null
2023-09-09T14:05:03Z,25.25,68.43,100,0,33.43,101.63,49.00,726.00,12,16,16
2023-09-09T14:06:03Z,25.27,68.38,100,0,34.25,101.62,49.00,726.00,null,null,null
2023-09-09T14:07:03Z,25.25,68.18,100,0,32.25,101.63,49.00,726.00,null,null,null
2023-09-09T14:08:03Z,25.26,68.02,100,1,32.96,101.62,50.00,732.00,null,null,null
2023-09-09T14:09:03Z,25.23,67.87,100,1,33.67,101.61,48.00,719.00,null,null,null
2023-09-09T14:10:03Z,25.23,67.70,100,1,32.88,101.62,58.00,783.00,9,14,14
2023-09-09T14:11:03Z,25.23,67.72,100,1,32.30,101.61,59.00,793.00,null,null,null
2023-09-09T14:12:03Z,25.26,67.47,100,1,32.18,101.61,59.00,793.00,null,null,null
2023-09-09T14:13:03Z,25.23,67.33,100,1,33.70,101.61,50.00,732.00,null,null,null
2023-09-09T14:14:03Z,25.21,67.33,100,1,32.92,101.61,58.00,785.00,null,null,null
2023-09-09T14:15:03Z,25.22,67.28,100,1,34.73,101.61,58.00,785.00,7,8,8
2023-09-09T14:16:03Z,25.22,66.93,100,1,33.77,101.61,58.00,785.00,null,null,null
2023-09-09T14:17:03Z,25.22,66.88,100,1,32.69,101.61,59.00,793.00,null,null,null
2023-09-09T14:18:03Z,25.22,66.90,100,1,33.50,101.61,59.00,793.00,null,null,null
2023-09-09T14:19:03Z,25.21,66.79,100,1,33.76,101.61,59.00,793.00,null,null,null
2023-09-09T14:20:03Z,25.19,66.80,100,0,33.93,101.60,58.00,783.00,12,16,16
2023-09-09T14:21:03Z,25.22,66.82,100,1,34.61,101.61,58.00,783.00,null,null,null
2023-09-09T14:22:03Z,25.19,66.40,100,1,33.18,101.61,58.00,783.00,null,null,null
2023-09-09T14:23:03Z,25.22,66.50,100,1,34.62,101.61,59.00,793.00,null,null,null
2023-09-09T14:24:03Z,25.22,66.35,100,1,34.35,101.61,59.00,791.00,null,null,null
2023-09-09T14:25:03Z,25.19,66.47,100,1,32.94,101.61,59.00,791.00,15,24,24
2023-09-09T14:26:03Z,25.19,66.26,100,1,32.20,101.61,58.00,785.00,null,null,null
2023-09-09T14:27:03Z,25.19,66.17,100,1,32.26,101.61,59.00,791.00,null,null,null
2023-09-09T14:28:03Z,25.21,66.24,100,1,32.92,101.61,60.00,795.00,null,null,null
2023-09-09T14:29:03Z,25.19,66.18,100,1,32.29,101.62,60.00,800.00,null,null,null
2023-09-09T14:30:03Z,25.18,66.10,100,0,32.23,101.62,60.00,795.00,15,15,15
2023-09-09T14:31:03Z,25.19,66.14,100,1,32.06,101.62,60.00,795.00,null,null,null
2023-09-09T14:32:03Z,25.21,66.04,100,0,34.25,101.61,60.00,795.00,null,null,null
2023-09-09T14:33:03Z,25.19,65.84,100,0,32.91,101.61,58.00,785.00,null,null,null
2023-09-09T14:34:03Z,25.16,65.76,100,0,31.67,101.62,57.00,778.00,null,null,null
2023-09-09T14:35:03Z,25.18,66.44,100,0,40.62,101.62,57.00,778.00,15,16,16
2023-09-09T14:36:03Z,25.18,66.70,100,1,33.27,101.62,54.00,759.00,null,null,null
2023-09-09T14:37:03Z,25.19,66.60,100,0,33.71,101.62,54.00,759.00,null,null,null
2023-09-09T14:38:03Z,25.19,66.62,100,1,33.49,101.62,54.00,759.00,null,null,null
2023-09-09T14:39:03Z,25.19,66.47,100,1,33.16,101.62,54.00,759.00,null,null,null
2023-09-09T14:40:03Z,25.15,66.57,100,1,34.48,101.62,54.00,759.00,17,19,19
2023-09-09T14:41:03Z,25.19,66.47,100,1,34.11,101.62,53.00,752.00,null,null,null
2023-09-09T14:42:03Z,25.16,66.23,100,1,33.42,101.62,53.00,752.00,null,null,null
2023-09-09T14:43:03Z,25.18,66.30,100,1,34.82,101.62,52.00,746.00,null,null,null
2023-09-09T14:44:03Z,25.18,66.24,100,1,35.37,101.62,52.00,744.00,null,null,null
2023-09-09T14:45:03Z,25.16,66.14,100,1,35.10,101.62,52.00,744.00,10,13,13
2023-09-09T14:46:03Z,25.21,66.20,100,1,33.03,101.62,53.00,752.00,null,null,null
2023-09-09T14:47:03Z,25.18,66.07,100,1,34.00,101.62,53.00,752.00,null,null,null
2023-09-09T14:48:03Z,25.18,65.97,100,0,34.61,101.62,53.00,752.00,null,null,null
2023-09-09T14:49:03Z,25.19,65.95,100,0,32.80,101.62,53.00,752.00,null,null,null
2023-09-09T14:50:03Z,25.18,65.98,100,0,37.87,101.62,53.00,752.00,14,15,15
2023-09-09T14:51:03Z,25.19,65.89,100,0,33.50,101.61,51.00,735.00,null,null,null
2023-09-09T14:52:03Z,25.19,65.75,100,0,34.67,101.61,52.00,746.00,null,null,null
2023-09-09T14:53:03Z,25.19,65.82,100,0,33.48,101.62,53.00,752.00,null,null,null
2023-09-09T14:54:03Z,25.19,65.74,100,0,33.72,101.62,52.00,746.00,null,null,null
2023-09-09T14:55:03Z,25.18,65.76,100,0,35.82,101.62,53.00,752.00,13,13,13
2023-09-09T14:56:03Z,25.21,65.67,100,0,35.01,101.62,52.00,746.00,null,null,null
2023-09-09T14:57:03Z,25.19,65.64,100,1,35.37,101.61,54.00,759.00,null,null,null
2023-09-09T14:58:03Z,25.19,65.48,100,2,34.16,101.61,53.00,752.00,null,null,null
2023-09-09T14:59:03Z,25.21,65.52,100,2,43.58,101.61,53.00,752.00,null,null,null
2023-09-09T15:00:03Z,25.16,65.49,100,2,34.57,101.61,53.00,752.00,15,15,15
2023-09-09T15:01:03Z,25.18,65.43,100,2,37.82,101.61,53.00,752.00,null,null,null
2023-09-09T15:02:03Z,25.19,65.30,100,2,33.91,101.61,53.00,752.00,null,null,null
2023-09-09T15:03:03Z,25.19,65.21,100,2,34.43,101.61,52.00,742.00,null,null,null
2023-09-09T15:04:03Z,25.21,65.30,100,2,34.01,101.60,53.00,748.00,null,null,null
2023-09-09T15:05:03Z,25.18,65.03,100,1,33.90,101.60,52.00,742.00,11,17,17
2023-09-09T15:06:03Z,25.22,65.15,100,1,34.71,101.60,52.00,742.00,null,null,null
2023-09-09T15:07:03Z,25.21,65.15,100,1,34.50,101.59,52.00,742.00,null,null,null
2023-09-09T15:08:03Z,25.16,64.95,100,1,37.14,101.60,52.00,742.00,null,null,null
2023-09-09T15:09:03Z,25.19,65.15,100,1,37.22,101.60,55.00,765.00,null,null,null
2023-09-09T15:10:03Z,25.18,65.11,100,1,40.42,101.60,60.00,800.00,10,10,10
2023-09-09T15:11:03Z,25.19,65.11,100,1,37.01,101.59,62.00,813.00,null,null,null
2023-09-09T15:12:03Z,25.21,64.92,100,1,34.71,101.59,67.00,846.00,null,null,null
2023-09-09T15:13:03Z,25.21,64.93,100,1,33.76,101.59,70.00,863.00,null,null,null
2023-09-09T15:14:03Z,25.21,64.90,100,1,33.04,101.59,72.00,877.00,null,null,null
2023-09-09T15:15:03Z,25.18,64.91,100,1,45.07,101.59,72.00,877.00,14,16,16
2023-09-09T15:16:03Z,25.21,64.79,100,1,33.04,101.59,73.00,882.00,null,null,null
2023-09-09T15:17:03Z,25.22,64.80,100,1,35.90,101.59,73.00,882.00,null,null,null
2023-09-09T15:18:03Z,25.21,64.78,100,1,36.17,101.59,73.00,882.00,null,null,null
2023-09-09T15:19:03Z,25.18,64.77,100,0,32.81,101.59,73.00,882.00,null,null,null
2023-09-09T15:20:03Z,25.19,65.15,100,0,34.86,101.59,73.00,882.00,10,10,10
2023-09-09T15:21:03Z,25.21,65.14,100,0,33.50,101.59,74.00,891.00,null,null,null
2023-09-09T15:22:03Z,25.22,65.14,100,1,33.28,101.59,76.00,902.00,null,null,null
2023-09-09T15:23:03Z,25.23,65.09,100,1,33.54,101.59,76.00,902.00,null,null,null
2023-09-09T15:24:03Z,25.21,65.03,100,1,36.09,101.59,76.00,902.00,null,null,null
2023-09-09T15:25:03Z,25.22,64.90,100,1,33.55,101.58,76.00,902.00,10,10,10
2023-09-09T15:26:03Z,25.23,64.78,100,1,35.94,101.59,74.00,891.00,null,null,null
2023-09-09T15:27:03Z,25.23,64.78,100,1,33.37,101.59,74.00,891.00,null,null,null
2023-09-09T15:28:03Z,25.22,64.70,100,2,32.87,101.58,74.00,891.00,null,null,null
2023-09-09T15:29:03Z,25.23,64.78,100,2,36.76,101.58,76.00,902.00,null,null,null
2023-09-09T15:30:03Z,25.22,64.75,100,2,35.80,101.58,72.00,877.00,6,8,8
2023-09-09T15:31:03Z,25.23,64.76,100,2,34.83,101.59,72.00,877.00,null,null,null
2023-09-09T15:32:03Z,25.22,64.74,100,2,33.97,101.59,72.00,877.00,null,null,null
2023-09-09T15:33:03Z,25.23,64.77,100,2,34.73,101.59,73.00,882.00,null,null,null
2023-09-09T15:34:03Z,25.22,64.63,100,1,33.76,101.59,73.00,882.00,null,null,null
2023-09-09T15:35:03Z,25.22,64.56,100,1,31.77,101.59,74.00,887.00,13,16,16
2023-09-09T15:36:03Z,25.22,64.53,100,1,33.54,101.58,71.00,872.00,null,null,null
2023-09-09T15:37:03Z,25.25,64.58,100,1,33.22,101.58,74.00,887.00,null,null,null
2023-09-09T15:38:03Z,25.21,64.41,100,1,34.44,101.59,63.00,817.00,null,null,null
2023-09-09T15:39:03Z,25.23,64.52,100,1,33.86,101.58,71.00,872.00,null,null,null
2023-09-09T15:40:03Z,25.23,64.42,100,1,32.16,101.59,71.00,872.00,10,11,11
2023-09-09T15:41:03Z,25.23,64.35,100,1,34.07,101.58,71.00,868.00,null,null,null
2023-09-09T15:42:03Z,25.25,64.30,100,1,35.63,101.58,71.00,868.00,null,null,null
2023-09-09T15:43:03Z,25.25,64.34,100,1,32.28,101.58,59.00,791.00,null,null,null
2023-09-09T15:44:03Z,25.23,64.14,100,1,33.84,101.59,59.00,791.00,null,null,null
2023-09-09T15:45:03Z,25.21,64.26,100,1,34.05,101.58,69.00,853.00,10,13,13
2023-09-09T15:46:03Z,25.25,64.32,100,1,34.64,101.59,66.00,838.00,null,null,null
2023-09-09T15:47:03Z,25.25,64.11,100,0,36.30,101.59,58.00,783.00,null,null,null
2023-09-09T15:48:03Z,25.23,64.09,100,1,35.45,101.59,58.00,787.00,null,null,null
2023-09-09T15:49:03Z,25.23,64.10,100,0,35.55,101.59,67.00,844.00,null,null,null
2023-09-09T15:50:03Z,25.25,64.02,100,0,34.60,101.59,67.00,844.00,9,9,9
2023-09-09T15:51:03Z,25.25,64.09,100,0,36.00,101.58,57.00,778.00,null,null,null
2023-09-09T15:52:03Z,25.23,64.06,100,0,33.71,101.59,57.00,778.00,null,null,null
2023-09-09T15:53:03Z,25.23,64.12,100,0,33.31,101.59,66.00,836.00,null,null,null
2023-09-09T15:54:03Z,25.25,64.02,100,0,38.46,101.59,65.00,827.00,null,null,null
2023-09-09T15:55:03Z,25.23,64.01,100,0,33.42,101.59,65.00,827.00,3,9,9
2023-09-09T15:56:03Z,25.23,64.03,100,0,35.40,101.59,55.00,763.00,null,null,null
2023-09-09T15:57:03Z,25.25,64.00,100,1,35.33,101.59,67.00,844.00,null,null,null
2023-09-09T15:58:03Z,25.25,64.03,100,1,34.19,101.59,57.00,778.00,null,null,null
2023-09-09T15:59:03Z,25.23,64.05,100,1,38.74,101.59,57.00,778.00,null,null,null
2023-09-09T16:00:03Z,25.22,63.99,100,94,35.76,101.58,66.00,836.00,6,7,7
2023-09-09T16:01:03Z,25.25,64.00,100,94,33.98,101.59,65.00,827.00,null,null,null
2023-09-09T16:02:03Z,25.23,63.86,100,94,32.77,101.58,56.00,772.00,null,null,null
2023-09-09T16:03:03Z,25.23,63.93,100,92,33.79,101.58,66.00,836.00,null,null,null
2023-09-09T16:04:03Z,25.25,64.18,100,1,32.64,101.58,65.00,827.00,null,null,null
2023-09-09T16:05:03Z,25.23,64.33,100,1,33.66,101.58,56.00,772.00,5,8,8
2023-09-09T16:06:03Z,25.25,64.35,100,1,32.65,101.58,65.00,832.00,null,null,null
2023-09-09T16:07:03Z,25.25,63.99,100,1,35.02,101.58,56.00,768.00,null,null,null
2023-09-09T16:08:03Z,25.26,63.89,100,1,30.83,101.58,55.00,763.00,null,null,null
2023-09-09T16:09:03Z,25.23,64.05,100,1,30.79,101.58,55.00,763.00,null,null,null
2023-09-09T16:10:03Z,25.25,63.90,100,1,31.28,101.58,65.00,827.00,12,12,12
2023-09-09T16:11:03Z,25.22,64.03,100,1,31.56,101.58,55.00,763.00,null,null,null
2023-09-09T16:12:03Z,25.25,64.47,100,1,31.37,101.59,66.00,836.00,null,null,null
2023-09-09T16:13:03Z,25.25,64.45,100,1,30.53,101.58,56.00,768.00,null,null,null
2023-09-09T16:14:03Z,25.26,64.57,100,1,30.79,101.58,56.00,768.00,null,null,null
2023-09-09T16:15:03Z,25.25,64.58,100,1,30.95,101.58,56.00,768.00,10,10,10
2023-09-09T16:16:03Z,25.27,64.60,100,0,36.23,101.59,56.00,768.00,null,null,null
2023-09-09T16:17:03Z,25.27,64.51,100,1,33.99,101.59,54.00,759.00,null,null,null
2023-09-09T16:18:03Z,25.25,64.49,100,1,33.62,101.59,54.00,759.00,null,null,null
2023-09-09T16:19:03Z,25.26,64.50,100,0,31.02,101.59,54.00,759.00,null,null,null
2023-09-09T16:20:03Z,25.25,64.72,100,1,30.69,101.59,54.00,759.00,12,15,15
2023-09-09T16:21:03Z,25.27,64.79,100,1,33.84,101.59,54.00,759.00,null,null,null
2023-09-09T16:22:03Z,25.27,64.82,100,0,31.63,101.59,54.00,759.00,null,null,null
2023-09-09T16:23:03Z,25.26,64.87,100,0,30.86,101.59,55.00,765.00,null,null,null
2023-09-09T16:24:03Z,25.27,64.94,100,0,36.82,101.59,55.00,765.00,null,null,null
2023-09-09T16:25:03Z,25.29,65.00,100,0,34.57,101.59,55.00,765.00,7,8,8
2023-09-09T16:26:03Z,25.29,65.00,100,0,30.78,101.59,56.00,774.00,null,null,null
2023-09-09T16:27:03Z,25.27,65.05,100,0,31.36,101.59,57.00,780.00,null,null,null
2023-09-09T16:28:03Z,25.30,65.12,100,0,30.75,101.58,57.00,780.00,null,null,null
2023-09-09T16:29:03Z,25.29,65.17,100,0,31.01,101.59,59.00,791.00,null,null,null
2023-09-09T16:30:03Z,25.29,65.28,100,0,31.38,101.59,62.00,808.00,7,8,8
2023-09-09T16:31:03Z,25.33,65.24,100,0,30.87,101.59,61.00,802.00,null,null,null
2023-09-09T16:32:03Z,25.30,65.30,100,0,36.92,101.59,62.00,813.00,null,null,null
2023-09-09T16:33:03Z,25.30,65.30,100,0,30.78,101.59,63.00,815.00,null,null,null
2023-09-09T16:34:03Z,25.32,65.39,100,0,39.68,101.59,63.00,815.00,null,null,null
2023-09-09T16:35:03Z,25.32,65.41,100,0,31.66,101.59,64.00,825.00,10,10,10
2023-09-09T16:36:03Z,25.33,65.47,100,0,30.84,101.60,66.00,834.00,null,null,null
2023-09-09T16:37:03Z,25.35,65.41,100,0,40.09,101.60,66.00,834.00,null,null,null
2023-09-09T16:38:03Z,25.35,65.42,100,0,32.28,101.59,67.00,844.00,null,null,null
2023-09-09T16:39:03Z,25.33,65.29,100,0,30.62,101.59,68.00,851.00,null,null,null
2023-09-09T16:40:03Z,25.33,65.35,100,0,32.47,101.59,67.00,844.00,13,15,15
2023-09-09T16:41:03Z,25.36,65.41,100,0,32.37,101.59,67.00,844.00,null,null,null
2023-09-09T16:42:03Z,25.35,65.44,100,0,35.15,101.59,67.00,844.00,null,null,null
2023-09-09T16:43:03Z,25.33,65.44,100,0,30.84,101.59,68.00,851.00,null,null,null
2023-09-09T16:44:03Z,25.36,65.44,100,0,30.52,101.59,68.00,851.00,null,null,null
2023-09-09T16:45:03Z,25.32,65.45,100,0,31.45,101.59,70.00,863.00,9,14,14
2023-09-09T16:46:03Z,25.37,65.43,100,0,31.96,101.59,68.00,851.00,null,null,null
2023-09-09T16:47:03Z,25.36,65.42,100,0,38.40,101.60,68.00,851.00,null,null,null
2023-09-09T16:48:03Z,25.37,65.34,100,0,34.49,101.59,68.00,851.00,null,null,null
2023-09-09T16:49:03Z,25.33,65.40,100,0,31.64,101.59,68.00,851.00,null,null,null
2023-09-09T16:50:03Z,25.32,65.38,100,0,37.18,101.59,67.00,844.00,12,14,14
2023-09-09T16:51:03Z,25.36,65.45,100,0,33.18,101.60,67.00,844.00,null,null,null
2023-09-09T16:52:03Z,25.33,65.44,100,0,35.47,101.59,66.00,834.00,null,null,null
2023-09-09T16:53:03Z,25.37,65.33,100,0,30.92,101.60,66.00,834.00,null,null,null
2023-09-09T16:54:03Z,25.36,65.37,100,0,33.81,101.60,66.00,834.00,null,null,null
2023-09-09T16:55:03Z,25.35,65.39,100,0,30.62,101.59,64.00,825.00,12,15,15
2023-09-09T16:56:03Z,25.37,65.38,100,0,32.03,101.60,64.00,825.00,null,null,null
2023-09-09T16:57:03Z,25.39,65.41,100,0,36.89,101.60,64.00,825.00,null,null,null
2023-09-09T16:58:03Z,25.37,65.38,100,0,30.84,101.60,63.00,815.00,null,null,null
2023-09-09T16:59:03Z,25.37,65.34,100,0,34.99,101.60,63.00,815.00,null,null,null
2023-09-09T17:00:03Z,25.35,65.39,100,0,30.92,101.60,63.00,815.00,6,11,11
2023-09-09T17:01:03Z,25.39,65.39,100,0,31.62,101.60,63.00,815.00,null,null,null
2023-09-09T17:02:03Z,25.39,65.38,100,0,30.20,101.60,61.00,806.00,null,null,null
2023-09-09T17:03:03Z,25.40,65.34,100,0,30.82,101.60,61.00,806.00,null,null,null
2023-09-09T17:04:03Z,25.37,65.37,100,0,31.99,101.61,61.00,802.00,null,null,null
2023-09-09T17:05:03Z,25.36,65.42,100,0,41.53,101.60,61.00,802.00,10,13,13
2023-09-09T17:06:03Z,25.36,65.38,100,0,31.74,101.61,61.00,802.00,null,null,null
2023-09-09T17:07:03Z,25.39,65.43,100,0,49.75,101.60,61.00,806.00,null,null,null
2023-09-09T17:08:03Z,25.39,65.41,100,0,40.74,101.60,61.00,802.00,null,null,null
2023-09-09T17:09:03Z,25.39,65.37,100,0,30.89,101.60,61.00,802.00,null,null,null
2023-09-09T17:10:03Z,25.37,65.44,100,0,42.23,101.60,61.00,802.00,11,11,11
2023-09-09T17:11:03Z,25.39,65.43,100,0,32.51,101.60,58.00,787.00,null,null,null
2023-09-09T17:12:03Z,25.39,65.42,100,0,33.70,101.61,61.00,802.00,null,null,null
2023-09-09T17:13:03Z,25.40,65.41,100,0,32.53,101.61,58.00,787.00,null,null,null
2023-09-09T17:14:03Z,25.39,65.45,100,0,31.32,101.60,58.00,787.00,null,null,null
2023-09-09T17:15:03Z,25.39,65.47,100,0,39.98,101.61,58.00,787.00,8,9,9
2023-09-09T17:16:03Z,25.40,65.49,100,0,34.46,101.61,58.00,787.00,null,null,null
2023-09-09T17:17:03Z,25.40,65.42,100,0,37.61,101.61,58.00,787.00,null,null,null
2023-09-09T17:18:03Z,25.40,65.48,100,0,30.13,101.61,58.00,787.00,null,null,null
2023-09-09T17:19:03Z,25.40,65.52,100,0,30.71,101.61,58.00,787.00,null,null,null
2023-09-09T17:20:03Z,25.39,65.48,100,0,30.78,101.61,58.00,787.00,9,10,10
2023-09-09T17:21:03Z,25.43,65.51,100,0,40.39,101.61,58.00,787.00,null,null,null
2023-09-09T17:22:03Z,25.43,65.53,100,0,35.40,101.61,58.00,783.00,null,null,null
2023-09-09T17:23:03Z,25.42,65.43,100,0,33.42,101.62,58.00,787.00,null,null,null
2023-09-09T17:24:03Z,25.43,65.54,100,0,31.62,101.61,58.00,787.00,null,null,null
2023-09-09T17:25:03Z,25.40,65.54,100,0,35.77,101.61,58.00,783.00,7,10,10
2023-09-09T17:26:03Z,25.40,65.55,100,0,39.97,101.62,58.00,783.00,null,null,null
2023-09-09T17:27:03Z,25.42,65.51,100,0,44.35,101.62,58.00,783.00,null,null,null
2023-09-09T17:28:03Z,25.43,65.58,100,0,30.23,101.62,58.00,783.00,null,null,null
2023-09-09T17:29:03Z,25.39,65.51,100,0,30.67,101.62,58.00,783.00,null,null,null
2023-09-09T17:30:03Z,25.42,65.61,100,0,31.01,101.62,58.00,787.00,0,0,0
2023-09-09T17:31:03Z,25.42,65.65,100,0,35.06,101.62,58.00,783.00,null,null,null
2023-09-09T17:32:03Z,25.42,65.77,100,0,31.79,101.62,58.00,787.00,null,null,null
2023-09-09T17:33:03Z,25.45,65.76,100,0,30.68,101.62,57.00,780.00,null,null,null
2023-09-09T17:34:03Z,25.40,65.87,100,0,31.71,101.61,57.00,780.00,null,null,null
2023-09-09T17:35:03Z,25.39,65.86,100,0,30.19,101.62,60.00,795.00,19,21,21
2023-09-09T17:36:03Z,25.42,65.97,100,0,39.61,101.62,57.00,780.00,null,null,null
2023-09-09T17:37:03Z,25.43,65.97,100,0,30.90,101.62,60.00,800.00,null,null,null
2023-09-09T17:38:03Z,25.45,66.04,100,0,31.91,101.62,60.00,800.00,null,null,null
2023-09-09T17:39:03Z,25.46,66.07,100,0,30.67,101.62,62.00,808.00,null,null,null
2023-09-09T17:40:03Z,25.45,66.11,100,0,30.64,101.62,62.00,808.00,9,10,10
2023-09-09T17:41:03Z,25.46,66.16,100,0,31.26,101.62,63.00,817.00,null,null,null
2023-09-09T17:42:03Z,25.47,66.12,100,0,31.14,101.62,65.00,827.00,null,null,null
2023-09-09T17:43:03Z,25.47,66.16,100,0,33.13,101.62,66.00,836.00,null,null,null
2023-09-09T17:44:03Z,25.46,66.22,100,0,30.89,101.62,67.00,844.00,null,null,null
2023-09-09T17:45:03Z,25.46,66.28,100,0,30.51,101.62,69.00,853.00,16,18,18
2023-09-09T17:46:03Z,25.46,66.26,100,0,30.87,101.63,69.00,855.00,null,null,null
2023-09-09T17:47:03Z,25.46,66.26,100,0,31.54,101.62,70.00,865.00,null,null,null
2023-09-09T17:48:03Z,25.49,66.26,100,0,30.78,101.63,72.00,874.00,null,null,null
2023-09-09T17:49:03Z,25.45,66.22,100,0,30.85,101.63,75.00,895.00,null,null,null
2023-09-09T17:50:03Z,25.46,66.29,100,0,30.91,101.63,76.00,905.00,12,12,12
2023-09-09T17:51:03Z,25.46,66.35,100,0,31.58,101.63,76.00,902.00,null,null,null
2023-09-09T17:52:03Z,25.49,66.27,100,0,32.13,101.63,76.00,902.00,null,null,null
2023-09-09T17:53:03Z,25.47,66.36,100,0,31.12,101.63,76.00,902.00,null,null,null
2023-09-09T17:54:03Z,25.49,66.32,100,0,31.11,101.63,78.00,913.00,null,null,null
2023-09-09T17:55:03Z,25.47,66.33,100,0,31.03,101.63,79.00,923.00,12,12,12
2023-09-09T17:56:03Z,25.50,66.34,100,0,30.08,101.63,78.00,913.00,null,null,null
2023-09-09T17:57:03Z,25.47,66.32,100,0,31.84,101.63,83.00,945.00,null,null,null
2023-09-09T17:58:03Z,25.49,66.36,100,0,30.94,101.63,83.00,945.00,null,null,null
2023-09-09T17:59:03Z,25.47,66.33,100,0,32.28,101.63,83.00,945.00,null,null,null
2023-09-09T18:00:03Z,25.47,66.36,100,0,30.68,101.63,84.00,956.00,14,17,17
2023-09-09T18:01:03Z,25.49,66.40,100,0,31.19,101.63,84.00,956.00,null,null,null
2023-09-09T18:02:03Z,25.51,66.38,100,0,44.21,101.63,84.00,956.00,null,null,null
2023-09-09T18:03:03Z,25.50,66.28,100,0,30.46,101.63,85.00,961.00,null,null,null
2023-09-09T18:04:03Z,25.50,66.32,100,0,34.59,101.64,85.00,961.00,null,null,null
2023-09-09T18:05:03Z,25.50,66.44,100,0,48.33,101.63,85.00,961.00,13,14,14
2023-09-09T18:06:03Z,25.50,66.34,100,0,31.26,101.64,87.00,972.00,null,null,null
2023-09-09T18:07:03Z,25.50,66.40,100,0,31.02,101.64,87.00,972.00,null,null,null
2023-09-09T18:08:03Z,25.54,66.27,100,0,31.04,101.64,87.00,972.00,null,null,null
2023-09-09T18:09:03Z,25.49,66.33,100,0,31.06,101.64,87.00,972.00,null,null,null
2023-09-09T18:10:03Z,25.49,66.46,100,0,31.14,101.64,87.00,972.00,5,8,8
2023-09-09T18:11:03Z,25.53,66.44,100,0,30.96,101.64,89.00,990.00,null,null,null
2023-09-09T18:12:03Z,25.53,66.40,100,0,30.86,101.64,89.00,990.00,null,null,null
2023-09-09T18:13:03Z,25.53,66.44,100,0,31.44,101.64,89.00,990.00,null,null,null
2023-09-09T18:14:03Z,25.51,66.39,100,0,31.41,101.64,89.00,990.00,null,null,null
2023-09-09T18:15:03Z,25.51,66.41,100,0,33.62,101.64,87.00,972.00,17,23,23
2023-09-09T18:16:03Z,25.51,66.48,100,0,35.67,101.65,87.00,972.00,null,null,null
2023-09-09T18:17:03Z,25.54,66.40,100,0,45.48,101.64,85.00,961.00,null,null,null
2023-09-09T18:18:03Z,25.53,66.33,100,0,34.46,101.64,89.00,990.00,null,null,null
2023-09-09T18:19:03Z,25.53,66.41,100,0,37.20,101.64,89.00,990.00,null,null,null
2023-09-09T18:20:03Z,25.53,66.51,100,0,37.95,101.65,89.00,990.00,6,7,7
2023-09-09T18:21:03Z,25.54,66.41,100,0,36.22,101.65,87.00,972.00,null,null,null
2023-09-09T18:22:03Z,25.54,66.41,100,0,35.23,101.65,89.00,990.00,null,null,null
2023-09-09T18:23:03Z,25.56,66.29,100,0,40.50,101.65,87.00,972.00,null,null,null
2023-09-09T18:24:03Z,25.53,66.12,100,0,36.07,101.65,87.00,972.00,null,null,null
2023-09-09T18:25:03Z,25.51,66.13,100,0,34.80,101.65,88.00,983.00,11,13,13
2023-09-09T18:26:03Z,25.54,65.86,100,0,34.17,101.65,91.00,1001.00,null,null,null
2023-09-09T18:27:03Z,25.54,65.48,100,0,34.56,101.65,87.00,972.00,null,null,null
2023-09-09T18:28:03Z,25.54,65.29,100,0,34.92,101.65,87.00,975.00,null,null,null
2023-09-09T18:29:03Z,25.51,64.73,100,0,34.62,101.66,85.00,964.00,null,null,null
2023-09-09T18:30:03Z,25.49,64.84,100,0,35.24,101.66,86.00,967.00,11,14,14
2023-09-09T18:31:03Z,25.49,64.58,100,0,35.66,101.66,83.00,951.00,null,null,null
2023-09-09T18:32:03Z,25.50,64.35,100,0,35.50,101.66,83.00,951.00,null,null,null
2023-09-09T18:33:03Z,25.50,64.22,100,0,34.98,101.66,82.00,940.00,null,null,null
2023-09-09T18:34:03Z,25.50,64.06,100,0,34.89,101.66,79.00,923.00,null,null,null
2023-09-09T18:35:03Z,25.47,64.13,100,0,36.59,101.66,75.00,897.00,10,13,13
2023-09-09T18:36:03Z,25.47,63.93,100,0,36.56,101.66,76.00,905.00,null,null,null
2023-09-09T18:37:03Z,25.47,63.83,100,0,35.08,101.66,73.00,885.00,null,null,null
2023-09-09T18:38:03Z,25.45,63.82,100,0,35.08,101.66,72.00,874.00,null,null,null
2023-09-09T18:39:03Z,25.46,63.45,100,0,36.34,101.66,69.00,855.00,null,null,null
2023-09-09T18:40:03Z,25.43,63.32,100,0,37.71,101.66,69.00,855.00,10,10,10
2023-09-09T18:41:03Z,25.45,63.44,100,0,33.88,101.66,69.00,853.00,null,null,null
2023-09-09T18:42:03Z,25.46,63.24,100,0,35.72,101.66,69.00,853.00,null,null,null
2023-09-09T18:43:03Z,25.45,63.28,100,0,36.86,101.66,69.00,853.00,null,null,null
2023-09-09T18:44:03Z,25.42,63.14,100,0,33.37,101.66,66.00,834.00,null,null,null
2023-09-09T18:45:03Z,25.42,63.18,100,0,34.47,101.67,67.00,844.00,8,8,8
2023-09-09T18:46:03Z,25.43,63.10,100,0,34.48,101.66,64.00,825.00,null,null,null
2023-09-09T18:47:03Z,25.42,63.04,100,0,36.41,101.67,64.00,825.00,null,null,null
2023-09-09T18:48:03Z,25.40,62.86,100,0,33.12,101.66,63.00,819.00,null,null,null
2023-09-09T18:49:03Z,25.40,62.76,100,0,34.88,101.66,62.00,810.00,null,null,null
2023-09-09T18:50:03Z,25.36,62.84,100,0,36.26,101.67,61.00,804.00,13,16,16
2023-09-09T18:51:03Z,25.39,62.64,100,0,34.81,101.67,61.00,804.00,null,null,null
2023-09-09T18:52:03Z,25.37,62.58,100,0,35.54,101.67,61.00,804.00,null,null,null
2023-09-09T18:53:03Z,25.37,62.52,100,0,33.35,101.67,58.00,787.00,null,null,null
2023-09-09T18:54:03Z,25.37,62.61,100,0,33.16,101.67,58.00,787.00,null,null,null
2023-09-09T18:55:03Z,25.35,62.56,100,0,36.43,101.68,58.00,787.00,9,9,20
2023-09-09T18:56:03Z,25.35,62.49,100,0,36.92,101.68,58.00,783.00,null,null,null
2023-09-09T18:57:03Z,25.36,62.38,100,0,37.24,101.68,56.00,774.00,null,null,null
2023-09-09T18:58:03Z,25.37,62.36,100,0,33.88,101.68,56.00,768.00,null,null,null
2023-09-09T18:59:03Z,25.33,62.27,100,0,35.60,101.68,56.00,768.00,null,null,null
2023-09-09T19:00:03Z,25.33,62.27,100,0,38.56,101.69,56.00,768.00,6,8,8
2023-09-09T19:01:03Z,25.33,62.24,100,0,34.01,101.68,54.00,757.00,null,null,null
2023-09-09T19:02:03Z,25.35,62.18,100,0,37.12,101.69,53.00,748.00,null,null,null
2023-09-09T19:03:03Z,25.33,61.81,100,0,36.17,101.69,53.00,748.00,null,null,null
2023-09-09T19:04:03Z,25.32,62.08,100,0,34.64,101.69,54.00,757.00,null,null,null
2023-09-09T19:05:03Z,25.27,62.17,100,0,35.84,101.70,53.00,748.00,12,14,14
2023-09-09T19:06:03Z,25.32,61.66,100,0,36.76,101.70,52.00,742.00,null,null,null
2023-09-09T19:07:03Z,25.30,62.00,100,0,35.10,101.70,53.00,754.00,null,null,null
2023-09-09T19:08:03Z,25.29,61.99,100,0,34.71,101.70,53.00,748.00,null,null,null
2023-09-09T19:09:03Z,25.26,61.89,100,0,37.16,101.71,52.00,742.00,null,null,null
2023-09-09T19:10:03Z,25.26,62.00,100,0,34.57,101.71,52.00,742.00,8,14,14
2023-09-09T19:11:03Z,25.27,61.92,100,0,33.69,101.71,50.00,732.00,null,null,null
2023-09-09T19:12:03Z,25.27,61.68,100,0,36.43,101.71,50.00,732.00,null,null,null
2023-09-09T19:13:03Z,25.26,61.57,100,0,34.46,101.72,50.00,732.00,null,null,null
2023-09-09T19:14:03Z,25.26,61.47,100,0,32.70,101.72,50.00,732.00,null,null,null
2023-09-09T19:15:03Z,25.26,61.54,100,0,32.44,101.72,50.00,732.00,12,12,12
2023-09-09T19:16:03Z,25.26,61.94,100,0,33.17,101.72,50.00,732.00,null,null,null
2023-09-09T19:17:03Z,25.26,62.20,100,0,32.54,101.73,49.00,726.00,null,null,null
2023-09-09T19:18:03Z,25.22,61.92,100,0,32.42,101.73,49.00,726.00,null,null,null
2023-09-09T19:19:03Z,25.25,61.75,100,0,33.24,101.74,57.00,776.00,null,null,null
2023-09-09T19:20:03Z,25.21,62.00,100,0,32.51,101.73,47.00,714.00,14,14,21
2023-09-09T19:21:03Z,25.22,61.86,100,0,34.74,101.74,57.00,776.00,null,null,null
2023-09-09T19:22:03Z,25.23,61.51,100,0,32.76,101.74,57.00,776.00,null,null,null
2023-09-09T19:23:03Z,25.22,61.81,100,0,33.25,101.74,58.00,783.00,null,null,null
2023-09-09T19:24:03Z,25.19,61.62,100,0,33.44,101.74,57.00,776.00,null,null,null
2023-09-09T19:25:03Z,25.18,61.64,100,0,34.63,101.74,57.00,778.00,13,16,16
2023-09-09T19:26:03Z,25.19,61.62,100,0,35.92,101.74,57.00,778.00,null,null,null
2023-09-09T19:27:03Z,25.21,61.51,100,0,33.67,101.74,57.00,778.00,null,null,null
2023-09-09T19:28:03Z,25.22,61.57,100,0,32.54,101.74,58.00,783.00,null,null,null
2023-09-09T19:29:03Z,25.19,61.61,100,0,31.28,101.75,58.00,783.00,null,null,null
2023-09-09T19:30:03Z,25.19,61.53,100,0,34.29,101.74,58.00,783.00,16,17,28
2023-09-09T19:31:03Z,25.18,61.43,100,0,30.95,101.74,57.00,778.00,null,null,null
2023-09-09T19:32:03Z,25.16,61.64,100,0,31.38,101.75,58.00,783.00,null,null,null
2023-09-09T19:33:03Z,25.18,61.87,100,0,33.00,101.75,58.00,783.00,null,null,null
2023-09-09T19:34:03Z,25.16,62.43,100,0,37.36,101.74,57.00,776.00,null,null,null
2023-09-09T19:35:03Z,25.16,62.58,100,0,33.95,101.75,58.00,785.00,16,17,17
2023-09-09T19:36:03Z,25.18,62.45,100,0,30.74,101.75,58.00,785.00,null,null,null
2023-09-09T19:37:03Z,25.18,62.92,100,0,30.69,101.75,58.00,785.00,null,null,null
2023-09-09T19:38:03Z,25.16,62.89,100,0,31.12,101.75,58.00,787.00,null,null,null
2023-09-09T19:39:03Z,25.16,62.97,100,0,30.66,101.75,60.00,795.00,null,null,null
2023-09-09T19:40:03Z,25.13,63.38,100,0,31.07,101.75,60.00,795.00,10,12,12
2023-09-09T19:41:03Z,25.16,63.54,100,0,30.89,101.75,60.00,795.00,null,null,null
2023-09-09T19:42:03Z,25.18,63.63,100,0,31.20,101.75,60.00,795.00,null,null,null
2023-09-09T19:43:03Z,25.16,63.64,100,0,32.46,101.75,60.00,795.00,null,null,null
2023-09-09T19:44:03Z,25.19,63.53,100,0,34.58,101.75,61.00,802.00,null,null,null
2023-09-09T19:45:03Z,25.18,63.63,100,0,31.07,101.75,61.00,802.00,13,16,16
2023-09-09T19:46:03Z,25.18,63.66,100,0,30.90,101.75,61.00,802.00,null,null,null
2023-09-09T19:47:03Z,25.19,63.65,100,0,30.91,101.75,61.00,802.00,null,null,null
2023-09-09T19:48:03Z,25.19,63.78,100,0,32.11,101.75,61.00,802.00,null,null,null
2023-09-09T19:49:03Z,25.16,63.84,100,0,36.95,101.75,58.00,787.00,null,null,null
2023-09-09T19:50:03Z,25.16,63.74,100,0,31.03,101.75,58.00,787.00,14,17,17
2023-09-09T19:51:03Z,25.19,63.79,100,0,34.46,101.75,58.00,787.00,null,null,null
2023-09-09T19:52:03Z,25.21,63.74,100,0,31.32,101.75,60.00,795.00,null,null,null
2023-09-09T19:53:03Z,25.16,63.75,100,0,32.79,101.75,61.00,802.00,null,null,null
2023-09-09T19:54:03Z,25.19,63.85,100,0,30.80,101.75,60.00,795.00,null,null,null
2023-09-09T19:55:03Z,25.18,63.85,100,0,33.23,101.76,60.00,795.00,16,22,22
2023-09-09T19:56:03Z,25.18,63.84,100,0,31.21,101.76,58.00,787.00,null,null,null
2023-09-09T19:57:03Z,25.19,63.78,100,0,30.40,101.76,60.00,795.00,null,null,null
2023-09-09T19:58:03Z,25.19,63.78,100,0,37.08,101.76,60.00,795.00,null,null,null
2023-09-09T19:59:03Z,25.15,63.94,100,0,37.57,101.76,60.00,795.00,null,null,null
2023-09-09T20:00:03Z,25.18,63.89,100,0,30.58,101.76,60.00,795.00,19,24,24
2023-09-09T20:01:03Z,25.19,64.06,100,0,30.91,101.76,60.00,795.00,null,null,null
2023-09-09T20:02:03Z,25.18,64.04,100,0,30.64,101.76,61.00,806.00,null,null,null
2023-09-09T20:03:03Z,25.21,63.99,100,0,30.63,101.76,61.00,806.00,null,null,null
2023-09-09T20:04:03Z,25.19,64.10,100,0,30.80,101.77,61.00,806.00,null,null,null
2023-09-09T20:05:03Z,25.19,63.97,100,0,31.24,101.76,61.00,806.00,20,32,32
2023-09-09T20:06:03Z,25.21,64.04,100,0,41.75,101.77,61.00,806.00,null,null,null
2023-09-09T20:07:03Z,25.21,64.00,100,0,38.27,101.77,61.00,806.00,null,null,null
2023-09-09T20:08:03Z,25.22,64.17,100,0,50.86,101.77,61.00,806.00,null,null,null
2023-09-09T20:09:03Z,25.19,63.59,100,0,51.44,101.77,61.00,806.00,null,null,null
2023-09-09T20:10:03Z,25.15,62.41,100,0,51.61,101.77,58.00,785.00,22,25,25
2023-09-09T20:11:03Z,25.09,61.72,100,0,53.33,101.77,56.00,770.00,null,null,null
2023-09-09T20:12:03Z,25.03,60.97,100,0,48.56,101.77,52.00,746.00,null,null,null
2023-09-09T20:13:03Z,25.00,60.50,100,0,51.50,101.77,52.00,746.00,null,null,null
2023-09-09T20:14:03Z,24.95,60.58,100,0,48.09,101.77,49.00,728.00,null,null,null
2023-09-09T20:15:03Z,24.88,60.27,100,0,52.71,101.77,47.00,710.00,15,15,30
2023-09-09T20:16:03Z,24.82,59.94,100,0,49.12,101.77,41.00,671.00,null,null,null
2023-09-09T20:17:03Z,24.79,59.97,100,0,null,101.76,38.00,653.00,null,null,null
2023-09-09T20:18:03Z,24.74,60.17,100,0,51.28,101.77,36.00,638.00,null,null,null
2023-09-09T20:19:03Z,24.71,60.03,100,0,52.28,101.77,34.00,627.00,null,null,null
2023-09-09T20:20:03Z,24.62,59.81,100,0,50.55,101.77,30.00,603.00,18,23,23
2023-09-09T20:21:03Z,24.60,59.77,100,0,48.58,101.78,28.00,586.00,null,null,null
2023-09-09T20:22:03Z,24.55,59.67,100,0,52.94,101.78,26.00,572.00,null,null,null
2023-09-09T20:23:03Z,24.51,59.61,100,0,49.14,101.78,23.00,556.00,null,null,null
2023-09-09T20:24:03Z,24.47,59.54,100,0,52.30,101.78,22.00,545.00,null,null,null
2023-09-09T20:25:03Z,24.41,59.60,100,0,51.08,101.78,21.00,539.00,26,33,33
2023-09-09T20:26:03Z,24.38,59.62,100,0,51.41,101.78,19.00,526.00,null,null,null
2023-09-09T20:27:03Z,24.35,59.43,100,0,53.22,101.78,16.00,506.00,null,null,null
2023-09-09T20:28:03Z,24.34,59.48,100,0,50.37,101.78,14.00,498.00,null,null,null
2023-09-09T20:29:03Z,24.28,59.56,100,0,50.99,101.78,13.00,487.00,null,null,null
2023-09-09T20:30:03Z,24.21,59.33,100,0,49.02,101.77,12.00,483.00,29,38,38
2023-09-09T20:31:03Z,24.23,59.23,100,0,49.24,101.77,17.00,518.00,null,null,null
2023-09-09T20:32:03Z,24.20,59.52,100,0,50.62,101.77,18.00,520.00,null,null,null
2023-09-09T20:33:03Z,24.19,59.26,100,0,49.96,101.77,16.00,508.00,null,null,null
2023-09-09T20:34:03Z,24.13,59.18,100,0,50.86,101.77,15.00,502.00,null,null,null
2023-09-09T20:35:03Z,24.10,59.51,100,0,48.84,101.77,14.00,498.00,26,31,38
2023-09-09T20:36:03Z,24.07,61.54,100,0,52.38,101.77,14.00,498.00,null,null,null
2023-09-09T20:37:03Z,24.07,62.88,100,0,50.45,101.76,14.00,498.00,null,null,null
2023-09-09T20:38:03Z,24.09,63.48,100,0,48.64,101.76,9.00,463.00,null,null,null
2023-09-09T20:39:03Z,24.06,62.55,100,0,54.66,101.76,9.00,462.00,null,null,null
2023-09-09T20:40:03Z,24.00,61.73,100,0,51.07,101.76,10.00,470.00,19,23,23
2023-09-09T20:41:03Z,23.99,61.23,100,0,47.92,101.76,9.00,465.00,null,null,null
2023-09-09T20:42:03Z,23.96,60.80,100,0,48.48,101.76,11.00,473.00,null,null,null
2023-09-09T20:43:03Z,23.96,60.76,100,0,49.97,101.76,9.00,463.00,null,null,null
2023-09-09T20:44:03Z,23.89,60.28,100,0,52.24,101.76,9.00,463.00,null,null,null
2023-09-09T20:45:03Z,23.83,60.33,100,0,50.08,101.76,9.00,460.00,18,24,24
2023-09-09T20:46:03Z,23.82,60.28,100,0,50.27,101.76,9.00,460.00,null,null,null
2023-09-09T20:47:03Z,23.80,62.48,100,0,52.49,101.76,9.00,460.00,null,null,null
2023-09-09T20:48:03Z,23.79,63.92,100,0,50.44,101.76,7.00,446.00,null,null,null
2023-09-09T20:49:03Z,23.80,64.45,100,0,52.59,101.76,5.00,438.00,null,null,null
2023-09-09T20:50:03Z,23.77,63.51,100,0,52.38,101.76,5.00,435.00,16,23,23
2023-09-09T20:51:03Z,23.79,62.77,100,0,49.73,101.76,5.00,436.00,null,null,null
2023-09-09T20:52:03Z,23.76,62.05,100,0,51.71,101.75,6.00,442.00,null,null,null
2023-09-09T20:53:03Z,23.72,61.67,100,0,48.66,101.75,7.00,446.00,null,null,null
2023-09-09T20:54:03Z,23.69,61.40,100,0,46.97,101.76,13.00,488.00,null,null,null
2023-09-09T20:55:03Z,23.65,61.07,100,0,53.98,101.75,13.00,488.00,22,28,28
2023-09-09T20:56:03Z,23.65,60.87,100,0,47.89,101.75,13.00,487.00,null,null,null
2023-09-09T20:57:03Z,23.65,61.46,100,0,55.05,101.75,12.00,483.00,null,null,null
2023-09-09T20:58:03Z,23.62,63.29,100,0,54.09,101.75,12.00,483.00,null,null,null
2023-09-09T20:59:03Z,23.59,64.43,100,0,53.50,101.75,12.00,482.00,null,null,null
2023-09-09T21:00:03Z,23.60,64.72,100,0,55.05,101.75,9.00,462.00,25,30,30
2023-09-09T21:01:03Z,23.60,63.83,100,0,50.65,101.75,7.00,452.00,null,null,null
2023-09-09T21:02:03Z,23.59,62.97,100,0,52.37,101.74,8.00,459.00,null,null,null
2023-09-09T21:03:03Z,23.56,62.38,100,0,49.81,101.74,9.00,463.00,null,null,null
2023-09-09T21:04:03Z,23.53,61.89,100,0,50.08,101.74,9.00,463.00,null,null,null
2023-09-09T21:05:03Z,23.48,61.79,100,0,50.25,101.74,11.00,475.00,27,35,46
2023-09-09T21:06:03Z,23.49,63.46,100,0,51.46,101.74,10.00,466.00,null,null,null
2023-09-09T21:07:03Z,23.48,64.88,100,0,51.83,101.73,9.00,462.00,null,null,null
2023-09-09T21:08:03Z,23.49,65.54,100,0,51.05,101.74,8.00,457.00,null,null,null
2023-09-09T21:09:03Z,23.48,64.67,100,0,52.18,101.73,8.00,457.00,null,null,null
2023-09-09T21:10:03Z,23.48,63.82,100,0,52.48,101.74,9.00,465.00,29,33,33
2023-09-09T21:11:03Z,23.48,63.14,100,0,52.08,101.74,10.00,470.00,null,null,null
2023-09-09T21:12:03Z,23.45,62.66,100,0,48.41,101.74,11.00,476.00,null,null,null
2023-09-09T21:13:03Z,23.43,62.31,100,0,51.15,101.74,12.00,481.00,null,null,null
2023-09-09T21:14:03Z,23.35,62.07,100,0,50.75,101.74,12.00,481.00,null,null,null
2023-09-09T21:15:03Z,23.35,63.97,100,0,50.78,101.74,11.00,478.00,28,39,39
2023-09-09T21:16:03Z,23.35,65.25,100,0,50.79,101.74,10.00,470.00,null,null,null
2023-09-09T21:17:03Z,23.38,65.76,100,0,48.70,101.74,9.00,462.00,null,null,null
2023-09-09T21:18:03Z,23.39,64.94,100,0,50.79,101.74,8.00,454.00,null,null,null
2023-09-09T21:19:03Z,23.33,64.07,100,0,49.44,101.74,9.00,461.00,null,null,null
2023-09-09T21:20:03Z,23.28,63.44,100,0,49.78,101.75,9.00,461.00,26,26,26
2023-09-09T21:21:03Z,23.31,63.26,100,0,47.92,101.74,9.00,464.00,null,null,null
2023-09-09T21:22:03Z,23.31,65.06,100,0,50.75,101.75,11.00,475.00,null,null,null
2023-09-09T21:23:03Z,23.29,66.20,100,0,49.36,101.75,9.00,461.00,null,null,null
2023-09-09T21:24:03Z,23.26,66.58,100,0,50.10,101.75,8.00,454.00,null,null,null
2023-09-09T21:25:03Z,23.26,65.48,100,0,53.74,101.75,8.00,454.00,22,27,27
2023-09-09T21:26:03Z,23.26,64.48,100,0,50.93,101.75,8.00,454.00,null,null,null
2023-09-09T21:27:03Z,23.25,63.88,100,0,50.47,101.75,9.00,462.00,null,null,null
2023-09-09T21:28:03Z,23.25,63.52,100,7,46.47,101.74,9.00,464.00,null,null,null
2023-09-09T21:29:03Z,23.23,64.39,100,0,49.28,101.74,10.00,470.00,null,null,null
2023-09-09T21:30:03Z,23.21,66.19,100,0,52.79,101.75,10.00,472.00,24,36,36
2023-09-09T21:31:03Z,23.22,66.86,100,0,51.75,101.75,10.00,466.00,null,null,null
2023-09-09T21:32:03Z,23.28,66.55,100,0,52.10,101.75,9.00,462.00,null,null,null
2023-09-09T21:33:03Z,23.25,65.52,100,0,48.33,101.74,9.00,461.00,null,null,null
2023-09-09T21:34:03Z,23.22,64.66,100,0,51.45,101.75,10.00,472.00,null,null,null
2023-09-09T21:35:03Z,23.18,65.23,100,0,46.19,101.74,12.00,482.00,22,38,38
2023-09-09T21:36:03Z,23.21,66.60,100,0,46.67,101.74,12.00,481.00,null,null,null
2023-09-09T21:37:03Z,23.22,67.46,100,0,50.24,101.74,11.00,473.00,null,null,null
2023-09-09T21:38:03Z,23.21,66.97,100,0,49.83,101.74,10.00,466.00,null,null,null
2023-09-09T21:39:03Z,23.19,65.91,100,0,50.42,101.74,9.00,462.00,null,null,null
2023-09-09T21:40:03Z,23.17,65.07,100,0,51.26,101.74,10.00,466.00,24,32,32
2023-09-09T21:41:03Z,23.15,66.16,100,0,51.33,101.74,10.00,466.00,null,null,null
2023-09-09T21:42:03Z,23.19,67.23,100,0,49.43,101.74,12.00,481.00,null,null,null
2023-09-09T21:43:03Z,23.17,68.06,100,0,54.11,101.73,11.00,473.00,null,null,null
2023-09-09T21:44:03Z,23.19,67.31,100,0,48.46,101.74,9.00,462.00,null,null,null
2023-09-09T21:45:03Z,23.14,66.15,100,0,50.00,101.74,11.00,476.00,30,41,41
2023-09-09T21:46:03Z,23.15,65.47,100,0,50.69,101.74,12.00,482.00,null,null,null
2023-09-09T21:47:03Z,23.14,67.00,100,0,52.75,101.74,14.00,493.00,null,null,null
2023-09-09T21:48:03Z,23.15,67.83,100,0,49.27,101.74,12.00,483.00,null,null,null
2023-09-09T21:49:03Z,23.15,68.75,100,0,48.28,101.74,11.00,475.00,null,null,null
2023-09-09T21:50:03Z,23.12,67.48,100,0,49.37,101.73,10.00,472.00,24,36,36
2023-09-09T21:51:03Z,23.12,66.36,100,0,49.90,101.74,12.00,480.00,null,null,null
2023-09-09T21:52:03Z,23.14,65.48,100,0,50.11,101.74,13.00,487.00,null,null,null
2023-09-09T21:53:03Z,23.09,67.11,100,0,54.53,101.74,15.00,502.00,null,null,null
2023-09-09T21:54:03Z,23.09,67.77,100,0,49.56,101.73,13.00,488.00,null,null,null
2023-09-09T21:55:03Z,23.08,69.00,100,0,50.73,101.73,12.00,482.00,26,31,46
2023-09-09T21:56:03Z,23.09,67.86,100,0,51.70,101.73,11.00,475.00,null,null,null
2023-09-09T21:57:03Z,23.11,66.76,100,0,49.87,101.73,12.00,482.00,null,null,null
2023-09-09T21:58:03Z,23.09,66.44,100,0,47.76,101.73,13.00,488.00,null,null,null
2023-09-09T21:59:03Z,23.05,67.68,100,0,49.99,101.73,15.00,501.00,null,null,null
2023-09-09T22:00:03Z,23.05,68.48,100,0,52.22,101.72,14.00,498.00,29,41,41
2023-09-09T22:01:03Z,23.05,69.02,100,0,52.29,101.73,12.00,483.00,null,null,null
2023-09-09T22:02:03Z,23.07,67.74,100,0,48.13,101.72,12.00,483.00,null,null,null
2023-09-09T22:03:03Z,23.07,66.66,100,0,50.25,101.73,12.00,485.00,null,null,null
2023-09-09T22:04:03Z,23.01,66.02,100,0,49.43,101.72,16.00,506.00,null,null,null
2023-09-09T22:05:03Z,23.01,67.27,100,0,49.41,101.72,17.00,517.00,28,34,34
2023-09-09T22:06:03Z,23.02,68.13,100,0,48.40,101.72,14.00,498.00,null,null,null
2023-09-09T22:07:03Z,23.04,69.21,100,0,51.35,101.73,15.00,502.00,null,null,null
2023-09-09T22:08:03Z,23.02,68.29,100,0,49.67,101.72,15.00,500.00,null,null,null
2023-09-09T22:09:03Z,22.99,67.21,100,0,50.97,101.72,15.00,503.00,null,null,null
2023-09-09T22:10:03Z,22.98,66.39,100,0,50.39,101.72,18.00,523.00,29,36,36
2023-09-09T22:11:03Z,22.97,66.40,100,0,51.31,101.73,19.00,527.00,null,null,null
2023-09-09T22:12:03Z,22.98,67.96,100,0,45.30,101.72,19.00,527.00,null,null,null
2023-09-09T22:13:03Z,22.99,68.83,100,0,47.72,101.73,17.00,515.00,null,null,null
2023-09-09T22:14:03Z,22.99,68.98,100,0,52.23,101.72,17.00,515.00,null,null,null
2023-09-09T22:15:03Z,22.95,67.80,100,0,51.20,101.73,17.00,515.00,31,36,36
2023-09-09T22:16:03Z,22.94,66.88,100,0,49.91,101.72,18.00,524.00,null,null,null
2023-09-09T22:17:03Z,22.94,67.89,100,0,51.57,101.73,19.00,529.00,null,null,null
2023-09-09T22:18:03Z,22.97,68.61,100,0,48.90,101.72,18.00,524.00,null,null,null
2023-09-09T22:19:03Z,22.95,69.61,100,0,54.88,101.72,19.00,526.00,null,null,null
2023-09-09T22:20:03Z,22.94,69.24,100,0,51.23,101.72,17.00,517.00,28,31,31
2023-09-09T22:21:03Z,22.94,67.88,100,0,53.22,101.73,18.00,520.00,null,null,null
2023-09-09T22:22:03Z,22.95,66.94,100,0,51.78,101.73,18.00,524.00,null,null,null
2023-09-09T22:23:03Z,22.94,67.65,100,0,49.66,101.72,20.00,534.00,null,null,null
2023-09-09T22:24:03Z,22.90,68.99,100,0,49.87,101.72,20.00,534.00,null,null,null
2023-09-09T22:25:03Z,22.90,70.09,100,0,54.24,101.72,20.00,536.00,34,37,37
2023-09-09T22:26:03Z,22.92,69.49,100,0,50.77,101.73,16.00,508.00,null,null,null
2023-09-09T22:27:03Z,22.92,68.11,100,0,50.99,101.72,19.00,529.00,null,null,null
2023-09-09T22:28:03Z,22.91,67.25,100,0,48.72,101.72,20.00,534.00,null,null,null
2023-09-09T22:29:03Z,22.88,68.83,100,0,49.53,101.71,21.00,540.00,null,null,null
2023-09-09T22:30:03Z,22.86,69.80,100,0,51.30,101.72,20.00,533.00,27,38,38
2023-09-09T22:31:03Z,22.90,70.45,100,0,51.11,101.72,18.00,524.00,null,null,null
2023-09-09T22:32:03Z,22.90,69.29,100,0,48.59,101.72,18.00,524.00,null,null,null
2023-09-09T22:33:03Z,22.91,68.66,100,0,52.77,101.72,20.00,533.00,null,null,null
2023-09-09T22:34:03Z,22.90,69.39,100,0,52.25,101.72,21.00,542.00,null,null,null
2023-09-09T22:35:03Z,22.94,71.98,100,0,52.97,101.72,21.00,542.00,33,38,38
2023-09-09T22:36:03Z,22.95,72.14,100,0,51.94,101.73,18.00,519.00,null,null,null
2023-09-09T22:37:03Z,23.01,71.72,100,0,51.34,101.73,19.00,526.00,null,null,null
2023-09-09T22:38:03Z,23.02,70.38,100,0,53.17,101.73,19.00,529.00,null,null,null
2023-09-09T22:39:03Z,23.02,69.87,100,0,51.81,101.73,21.00,539.00,null,null,null
2023-09-09T22:40:03Z,23.05,68.94,100,0,50.88,101.73,24.00,564.00,27,35,35
2023-09-09T22:41:03Z,23.07,68.90,100,0,53.93,101.73,26.00,572.00,null,null,null
2023-09-09T22:42:03Z,23.07,68.58,100,0,51.32,101.73,28.00,586.00,null,null,null
2023-09-09T22:43:03Z,23.09,68.83,100,0,54.03,101.73,30.00,602.00,null,null,null
2023-09-09T22:44:03Z,23.08,68.57,100,0,49.72,101.73,30.00,597.00,null,null,null
2023-09-09T22:45:03Z,23.08,67.82,100,0,51.40,101.73,30.00,597.00,33,41,41
2023-09-09T22:46:03Z,23.12,68.21,100,0,51.62,101.73,30.00,602.00,null,null,null
2023-09-09T22:47:03Z,23.12,67.87,100,0,54.37,101.73,33.00,623.00,null,null,null
2023-09-09T22:48:03Z,23.12,67.91,100,0,50.00,101.73,34.00,629.00,null,null,null
2023-09-09T22:49:03Z,23.09,67.88,100,0,50.38,101.73,36.00,637.00,null,null,null
2023-09-09T22:50:03Z,23.14,67.97,100,0,52.49,101.73,36.00,641.00,21,37,37
2023-09-09T22:51:03Z,23.14,67.64,100,0,51.79,101.73,36.00,641.00,null,null,null
2023-09-09T22:52:03Z,23.15,67.63,100,0,51.27,101.74,41.00,672.00,null,null,null
2023-09-09T22:53:03Z,23.14,67.13,100,0,53.24,101.73,42.00,679.00,null,null,null
2023-09-09T22:54:03Z,23.12,67.35,100,0,52.88,101.74,43.00,686.00,null,null,null
2023-09-09T22:55:03Z,23.12,67.29,100,0,54.00,101.74,42.00,679.00,32,44,44
2023-09-09T22:56:03Z,23.14,67.35,100,0,54.35,101.74,45.00,699.00,null,null,null
2023-09-09T22:57:03Z,23.14,67.23,100,0,52.56,101.74,45.00,699.00,null,null,null
2023-09-09T22:58:03Z,23.15,67.22,100,0,51.29,101.74,47.00,710.00,null,null,null
2023-09-09T22:59:03Z,23.15,67.35,100,0,52.33,101.74,48.00,717.00,null,null,null
2023-09-09T23:00:03Z,23.14,67.02,100,0,50.71,101.74,47.00,712.00,27,43,69
2023-09-09T23:01:03Z,23.17,67.26,100,0,55.58,101.74,50.00,732.00,null,null,null
2023-09-09T23:02:03Z,23.14,67.19,100,0,52.74,101.74,49.00,726.00,null,null,null
2023-09-09T23:03:03Z,23.15,66.84,100,0,51.21,101.74,52.00,746.00,null,null,null
2023-09-09T23:04:03Z,23.15,67.03,100,0,53.78,101.74,52.00,746.00,null,null,null
2023-09-09T23:05:03Z,23.15,66.94,100,0,50.44,101.74,51.00,737.00,21,37,37
2023-09-09T23:06:03Z,23.15,66.96,100,0,54.71,101.74,51.00,737.00,null,null,null
2023-09-09T23:07:03Z,23.15,66.73,100,0,51.96,101.74,51.00,737.00,null,null,null
2023-09-09T23:08:03Z,23.15,66.83,100,0,51.18,101.74,56.00,770.00,null,null,null
2023-09-09T23:09:03Z,23.15,66.81,100,0,50.87,101.74,53.00,754.00,null,null,null
2023-09-09T23:10:03Z,23.15,66.71,100,0,54.60,101.74,55.00,763.00,31,43,43
2023-09-09T23:11:03Z,23.15,66.77,100,0,51.05,101.74,56.00,770.00,null,null,null
2023-09-09T23:12:03Z,23.15,66.89,100,0,51.19,101.74,56.00,772.00,null,null,null
2023-09-09T23:13:03Z,23.15,66.78,100,0,52.79,101.74,57.00,780.00,null,null,null
2023-09-09T23:14:03Z,23.12,66.65,100,0,50.83,101.74,56.00,772.00,null,null,null
2023-09-09T23:15:03Z,23.12,66.68,100,0,51.98,101.74,58.00,787.00,20,22,22
2023-09-09T23:16:03Z,23.17,66.68,100,0,52.12,101.74,60.00,798.00,null,null,null
2023-09-09T23:17:03Z,23.17,66.65,100,0,48.25,101.73,60.00,798.00,null,null,null
2023-09-09T23:18:03Z,23.15,66.48,100,0,52.00,101.73,60.00,798.00,null,null,null
2023-09-09T23:19:03Z,23.15,66.64,100,7,33.92,101.74,61.00,802.00,null,null,null
2023-09-09T23:20:03Z,23.14,67.60,100,7,31.38,101.73,63.00,815.00,23,32,32
2023-09-09T23:21:03Z,23.18,67.23,100,7,32.16,101.73,61.00,802.00,null,null,null
2023-09-09T23:22:03Z,23.21,68.71,100,7,32.23,101.73,63.00,817.00,null,null,null
2023-09-09T23:23:03Z,23.23,69.19,100,7,32.62,101.73,61.00,804.00,null,null,null
2023-09-09T23:24:03Z,23.25,69.02,100,7,31.74,101.73,62.00,808.00,null,null,null
2023-09-09T23:25:03Z,23.21,69.52,100,7,37.47,101.73,60.00,798.00,14,29,29
2023-09-09T23:26:03Z,23.31,69.71,100,7,33.53,101.72,62.00,810.00,null,null,null
2023-09-09T23:27:03Z,23.31,69.82,100,7,40.10,101.72,60.00,800.00,null,null,null
2023-09-09T23:28:03Z,23.31,69.64,100,7,37.25,101.73,60.00,800.00,null,null,null
2023-09-09T23:29:03Z,23.35,69.50,100,7,33.33,101.72,62.00,810.00,null,null,null
2023-09-09T23:30:03Z,23.35,69.60,100,7,33.34,101.72,65.00,827.00,22,28,28
2023-09-09T23:31:03Z,23.39,69.52,100,7,34.69,101.72,62.00,808.00,null,null,null
2023-09-09T23:32:03Z,23.39,69.62,100,7,37.41,101.72,63.00,817.00,null,null,null
2023-09-09T23:33:03Z,23.39,69.53,100,7,40.36,101.73,65.00,827.00,null,null,null
2023-09-09T23:34:03Z,23.40,69.72,100,7,33.30,101.73,66.00,836.00,null,null,null
2023-09-09T23:35:03Z,23.43,69.78,100,7,37.19,101.72,68.00,848.00,22,38,38
2023-09-09T23:36:03Z,23.48,69.89,100,7,34.69,101.73,67.00,840.00,null,null,null
2023-09-09T23:37:03Z,23.50,69.84,100,7,34.45,101.73,68.00,851.00,null,null,null
2023-09-09T23:38:03Z,23.52,69.82,100,7,33.96,101.72,68.00,851.00,null,null,null
2023-09-09T23:39:03Z,23.49,69.86,100,7,34.22,101.72,71.00,872.00,null,null,null
2023-09-09T23:40:03Z,23.52,69.95,100,7,33.97,101.73,70.00,863.00,24,27,27
2023-09-09T23:41:03Z,23.58,69.88,100,7,35.96,101.73,71.00,872.00,null,null,null
2023-09-09T23:42:03Z,23.56,69.97,100,7,36.25,101.73,74.00,887.00,null,null,null
2023-09-09T23:43:03Z,23.59,69.83,100,7,33.15,101.73,74.00,887.00,null,null,null
2023-09-09T23:44:03Z,23.59,70.13,100,7,38.68,101.73,74.00,887.00,null,null,null
2023-09-09T23:45:03Z,23.62,70.00,100,7,35.31,101.73,75.00,897.00,26,35,35
2023-09-09T23:46:03Z,23.68,70.07,100,7,33.73,101.73,77.00,907.00,null,null,null
2023-09-09T23:47:03Z,23.65,69.96,100,7,33.29,101.73,77.00,907.00,null,null,null
2023-09-09T23:48:03Z,23.68,70.12,100,7,35.51,101.73,77.00,907.00,null,null,null
2023-09-09T23:49:03Z,23.66,70.14,100,7,35.23,101.73,77.00,907.00,null,null,null
2023-09-09T23:50:03Z,23.66,70.10,100,7,34.19,101.73,77.00,907.00,26,27,27
2023-09-09T23:51:03Z,23.70,70.23,100,7,33.03,101.73,79.00,920.00,null,null,null
2023-09-09T23:52:03Z,23.74,70.19,100,7,35.51,101.73,79.00,920.00,null,null,null
2023-09-09T23:53:03Z,23.74,70.18,100,7,34.42,101.73,79.00,920.00,null,null,null
2023-09-09T23:54:03Z,23.74,70.19,100,7,44.87,101.73,82.00,942.00,null,null,null
2023-09-09T23:55:03Z,23.72,70.23,100,7,47.57,101.73,82.00,942.00,28,36,47
2023-09-09T23:56:03Z,23.76,70.23,100,7,40.80,101.73,82.00,942.00,null,null,null
2023-09-09T23:57:03Z,23.83,70.26,100,7,40.23,101.73,71.00,868.00,null,null,null
2023-09-09T23:58:03Z,23.82,70.24,100,7,50.90,101.73,69.00,857.00,null,null,null
2023-09-09T23:59:03Z,23.82,70.23,100,7,36.99,101.73,72.00,877.00,null,null,null
