TIME,TEMP,HUM,BATT,LIGHT,NOISE_A,PRESS,CCS811_VOCS,CCS811_ECO2,PM_1,PM_25,PM_10
ISO 8601,C,%,%,Lux,dBA,kPa,ppb,ppm,ug/m3,ug/m3,ug/m3
Time,Temperature,Humidity,Battery,Light,Noise dBA,Barometric pressure,VOC Gas CCS811,eCO2 Gas CCS811,PM 1.0,PM 2.5,PM 10.0
,55,56,10,14,53,58,113,112,89,87,88
2023-08-02T00:00:27Z,22.27,66.22,100,0,30.31,99.75,11.00,473.00,0,0,0
2023-08-02T00:01:27Z,22.30,66.66,100,0,31.50,99.75,11.00,478.00,null,null,null
2023-08-02T00:02:27Z,22.26,66.69,100,0,31.33,99.75,12.00,483.00,null,null,null
2023-08-02T00:03:27Z,22.28,66.50,100,0,30.16,99.74,12.00,483.00,null,null,null
2023-08-02T00:04:27Z,22.27,66.77,100,0,31.64,99.74,14.00,493.00,null,null,null
2023-08-02T00:05:27Z,22.30,66.99,100,0,30.42,99.75,13.00,488.00,1,1,1
2023-08-02T00:06:27Z,22.28,67.21,99,0,31.17,99.74,14.00,498.00,null,null,null
2023-08-02T00:07:27Z,22.28,66.89,100,0,31.10,99.74,15.00,503.00,null,null,null
2023-08-02T00:08:27Z,22.28,66.83,100,0,31.59,99.74,15.00,503.00,null,null,null
2023-08-02T00:09:27Z,22.27,66.20,100,0,31.40,99.73,14.00,493.00,null,null,null
2023-08-02T00:10:27Z,22.26,66.31,100,0,30.15,99.73,14.00,495.00,6,6,6
2023-08-02T00:11:27Z,22.28,66.68,99,0,30.97,99.73,14.00,493.00,null,null,null
2023-08-02T00:12:27Z,22.27,66.82,99,0,29.89,99.73,14.00,497.00,null,null,null
2023-08-02T00:13:27Z,22.30,67.21,99,0,29.91,99.73,14.00,498.00,null,null,null
2023-08-02T00:14:27Z,22.28,67.27,99,0,31.19,99.73,15.00,503.00,null,null,null
2023-08-02T00:15:27Z,22.28,67.15,100,0,30.33,99.72,15.00,505.00,1,1,1
2023-08-02T00:16:27Z,22.30,66.55,100,0,29.95,99.72,17.00,514.00,null,null,null
2023-08-02T00:17:27Z,22.28,66.31,100,0,30.06,99.72,15.00,502.00,null,null,null
2023-08-02T00:18:27Z,22.28,66.43,99,0,30.23,99.71,14.00,493.00,null,null,null
2023-08-02T00:19:27Z,22.31,66.51,99,0,33.82,99.71,13.00,488.00,null,null,null
2023-08-02T00:20:27Z,22.28,66.60,100,0,32.17,99.71,13.00,488.00,1,3,3
2023-08-02T00:21:27Z,22.30,66.37,100,0,31.35,99.71,12.00,483.00,null,null,null
2023-08-02T00:22:27Z,22.28,66.83,100,0,30.62,99.71,14.00,493.00,null,null,null
2023-08-02T00:23:27Z,22.27,66.84,100,0,29.42,99.70,13.00,488.00,null,null,null
2023-08-02T00:24:27Z,22.31,66.32,100,0,35.34,99.70,13.00,488.00,null,null,null
2023-08-02T00:25:27Z,22.30,66.31,100,0,31.77,99.70,13.00,488.00,1,1,1
2023-08-02T00:26:27Z,22.30,66.62,99,0,30.49,99.69,12.00,483.00,null,null,null
2023-08-02T00:27:27Z,22.26,66.12,99,0,29.92,99.68,13.00,488.00,null,null,null
2023-08-02T00:28:27Z,22.27,67.16,100,0,29.67,99.68,13.00,488.00,null,null,null
2023-08-02T00:29:27Z,22.28,67.18,99,0,30.95,99.68,13.00,488.00,null,null,null
2023-08-02T00:30:27Z,22.26,66.79,100,0,29.91,99.68,14.00,498.00,3,3,3
2023-08-02T00:31:27Z,22.30,66.96,100,0,30.13,99.67,14.00,498.00,null,null,null
2023-08-02T00:32:27Z,22.33,66.84,100,0,30.29,99.67,14.00,498.00,null,null,null
2023-08-02T00:33:27Z,22.30,67.09,100,0,30.15,99.67,14.00,498.00,null,null,null
2023-08-02T00:34:27Z,22.30,66.75,99,0,29.82,99.66,14.00,498.00,null,null,null
2023-08-02T00:35:27Z,22.28,66.36,99,0,30.44,99.66,14.00,498.00,1,7,7
2023-08-02T00:36:27Z,22.30,66.97,99,0,30.52,99.66,14.00,497.00,null,null,null
2023-08-02T00:37:27Z,22.31,66.96,100,0,29.74,99.66,14.00,498.00,null,null,null
2023-08-02T00:38:27Z,22.30,67.07,100,0,30.11,99.65,14.00,498.00,null,null,null
2023-08-02T00:39:27Z,22.28,67.31,99,0,29.89,99.65,15.00,503.00,null,null,null
2023-08-02T00:40:27Z,22.26,67.44,100,0,31.71,99.65,15.00,505.00,1,1,1
2023-08-02T00:41:27Z,22.28,67.33,100,0,34.69,99.65,15.00,505.00,null,null,null
2023-08-02T00:42:27Z,22.30,67.40,100,0,30.89,99.64,18.00,520.00,null,null,null
2023-08-02T00:43:27Z,22.31,67.30,100,0,30.30,99.64,19.00,527.00,null,null,null
2023-08-02T00:44:27Z,22.30,67.38,99,0,31.42,99.63,19.00,527.00,null,null,null
2023-08-02T00:45:27Z,22.28,66.46,99,0,31.02,99.63,19.00,531.00,1,1,17
2023-08-02T00:46:27Z,22.28,67.08,99,0,30.70,99.63,18.00,523.00,null,null,null
2023-08-02T00:47:27Z,22.30,67.24,100,0,30.79,99.63,17.00,518.00,null,null,null
2023-08-02T00:48:27Z,22.27,67.41,100,0,30.06,99.62,17.00,518.00,null,null,null
2023-08-02T00:49:27Z,22.31,67.42,100,0,30.04,99.62,18.00,520.00,null,null,null
2023-08-02T00:50:27Z,22.30,67.37,100,0,30.30,99.62,18.00,520.00,1,1,1
2023-08-02T00:51:27Z,22.28,67.41,100,0,30.24,99.62,18.00,520.00,null,null,null
2023-08-02T00:52:27Z,22.31,67.55,100,0,29.41,99.62,19.00,531.00,null,null,null
2023-08-02T00:53:27Z,22.31,67.08,100,0,30.29,99.62,19.00,531.00,null,null,null
2023-08-02T00:54:27Z,22.30,67.44,100,0,33.89,99.61,19.00,531.00,null,null,null
2023-08-02T00:55:27Z,22.30,67.54,100,0,31.03,99.60,20.00,537.00,0,0,0
2023-08-02T00:56:27Z,22.31,67.14,99,0,30.62,99.60,20.00,537.00,null,null,null
2023-08-02T00:57:27Z,22.33,67.35,100,0,29.63,99.60,20.00,536.00,null,null,null
2023-08-02T00:58:27Z,22.31,67.14,100,0,29.92,99.60,19.00,531.00,null,null,null
2023-08-02T00:59:27Z,22.28,67.32,99,0,29.74,99.59,20.00,536.00,null,null,null
2023-08-02T01:00:27Z,22.28,67.49,99,0,32.26,99.59,18.00,520.00,0,0,15
2023-08-02T01:01:27Z,22.27,67.58,100,0,39.86,99.58,20.00,537.00,null,null,null
2023-08-02T01:02:27Z,22.30,67.63,100,0,30.25,99.58,20.00,537.00,null,null,null
2023-08-02T01:03:27Z,22.30,67.73,99,0,30.95,99.57,23.00,551.00,null,null,null
2023-08-02T01:04:27Z,22.28,67.71,100,0,30.67,99.57,23.00,551.00,null,null,null
2023-08-02T01:05:27Z,22.30,67.76,100,0,30.35,99.56,23.00,551.00,1,1,1
2023-08-02T01:06:27Z,22.30,67.20,99,0,30.80,99.56,22.00,545.00,null,null,null
2023-08-02T01:07:27Z,22.31,67.43,99,0,32.75,99.55,22.00,549.00,null,null,null
2023-08-02T01:08:27Z,22.28,67.38,100,0,29.76,99.54,20.00,537.00,null,null,null
2023-08-02T01:09:27Z,22.28,67.71,99,0,30.16,99.53,19.00,531.00,null,null,null
2023-08-02T01:10:27Z,22.30,67.68,100,0,32.63,99.53,19.00,531.00,0,0,0
2023-08-02T01:11:27Z,22.31,67.79,100,0,29.95,99.52,19.00,531.00,null,null,null
2023-08-02T01:12:27Z,22.33,67.80,100,0,34.01,99.52,19.00,531.00,null,null,null
2023-08-02T01:13:27Z,22.35,67.81,100,0,29.64,99.52,21.00,539.00,null,null,null
2023-08-02T01:14:27Z,22.31,67.99,100,0,30.13,99.51,21.00,539.00,null,null,null
2023-08-02T01:15:27Z,22.28,67.75,99,0,30.43,99.51,21.00,539.00,0,0,0
2023-08-02T01:16:27Z,22.31,67.98,99,0,37.42,99.50,21.00,539.00,null,null,null
2023-08-02T01:17:27Z,22.33,68.05,100,0,35.30,99.50,21.00,539.00,null,null,null
2023-08-02T01:18:27Z,22.31,68.17,99,0,30.44,99.49,22.00,545.00,null,null,null
2023-08-02T01:19:27Z,22.28,68.22,100,0,31.41,99.49,22.00,545.00,null,null,null
2023-08-02T01:20:27Z,22.30,68.27,99,0,29.68,99.50,22.00,549.00,1,1,1
2023-08-02T01:21:27Z,22.31,68.32,100,0,35.40,99.50,22.00,545.00,null,null,null
2023-08-02T01:22:27Z,22.30,68.39,100,0,40.83,99.50,22.00,545.00,null,null,null
2023-08-02T01:23:27Z,22.31,68.39,100,0,31.99,99.49,22.00,545.00,null,null,null
2023-08-02T01:24:27Z,22.31,68.37,100,0,30.75,99.48,24.00,560.00,null,null,null
2023-08-02T01:25:27Z,22.30,68.48,100,0,31.54,99.47,23.00,551.00,2,2,2
2023-08-02T01:26:27Z,22.31,68.54,100,0,39.58,99.47,24.00,560.00,null,null,null
2023-08-02T01:27:27Z,22.35,68.54,99,0,36.74,99.46,24.00,560.00,null,null,null
2023-08-02T01:28:27Z,22.36,68.31,100,0,35.99,99.46,24.00,560.00,null,null,null
2023-08-02T01:29:27Z,22.30,68.61,100,0,35.51,99.45,23.00,551.00,null,null,null
2023-08-02T01:30:27Z,22.30,68.51,100,0,30.76,99.45,23.00,551.00,0,0,0
2023-08-02T01:31:27Z,22.31,68.57,100,0,30.36,99.45,22.00,545.00,null,null,null
2023-08-02T01:32:27Z,22.35,68.50,100,0,30.41,99.45,24.00,560.00,null,null,null
2023-08-02T01:33:27Z,22.33,68.65,100,0,46.57,99.44,25.00,570.00,null,null,null
2023-08-02T01:34:27Z,22.33,68.68,100,0,31.22,99.44,25.00,570.00,null,null,null
2023-08-02T01:35:27Z,22.28,68.68,100,0,37.99,99.43,26.00,577.00,1,1,1
2023-08-02T01:36:27Z,22.33,68.49,100,0,31.22,99.43,26.00,577.00,null,null,null
2023-08-02T01:37:27Z,22.31,68.57,100,0,31.20,99.43,25.00,566.00,null,null,null
2023-08-02T01:38:27Z,22.33,68.40,100,0,42.43,99.42,25.00,566.00,null,null,null
2023-08-02T01:39:27Z,22.33,68.58,100,0,31.69,99.42,24.00,560.00,null,null,null
2023-08-02T01:40:27Z,22.31,68.55,100,0,30.69,99.42,25.00,566.00,1,3,3
2023-08-02T01:41:27Z,22.36,68.70,100,0,32.08,99.41,24.00,560.00,null,null,null
2023-08-02T01:42:27Z,22.35,68.39,99,0,31.86,99.40,24.00,560.00,null,null,null
2023-08-02T01:43:27Z,22.31,67.82,99,0,38.33,99.40,24.00,560.00,null,null,null
2023-08-02T01:44:27Z,22.35,67.58,100,0,33.16,99.40,23.00,551.00,null,null,null
2023-08-02T01:45:27Z,22.31,68.28,100,0,31.54,99.40,23.00,551.00,0,0,0
2023-08-02T01:46:27Z,22.35,68.44,100,0,29.74,99.40,19.00,527.00,null,null,null
2023-08-02T01:47:27Z,22.35,68.44,99,0,31.10,99.40,20.00,534.00,null,null,null
2023-08-02T01:48:27Z,22.31,68.56,99,0,30.04,99.40,21.00,540.00,null,null,null
2023-08-02T01:49:27Z,22.35,68.38,100,0,38.11,99.39,22.00,545.00,null,null,null
2023-08-02T01:50:27Z,22.31,68.40,100,0,30.26,99.39,22.00,545.00,0,0,0
2023-08-02T01:51:27Z,22.35,68.64,100,0,30.72,99.38,22.00,545.00,null,null,null
2023-08-02T01:52:27Z,22.35,68.61,100,0,30.45,99.38,22.00,545.00,null,null,null
2023-08-02T01:53:27Z,22.35,68.55,99,0,30.07,99.38,23.00,551.00,null,null,null
2023-08-02T01:54:27Z,22.33,68.58,100,0,30.97,99.38,23.00,551.00,null,null,null
2023-08-02T01:55:27Z,22.31,68.50,100,0,30.86,99.37,23.00,551.00,1,1,1
2023-08-02T01:56:27Z,22.33,68.65,100,0,34.56,99.36,23.00,551.00,null,null,null
2023-08-02T01:57:27Z,22.36,68.62,100,0,32.18,99.36,24.00,560.00,null,null,null
2023-08-02T01:58:27Z,22.33,68.54,100,0,31.99,99.35,25.00,566.00,null,null,null
2023-08-02T01:59:27Z,22.33,68.50,100,0,31.45,99.34,24.00,560.00,null,null,null
2023-08-02T02:00:27Z,22.31,68.44,99,0,32.92,99.33,24.00,560.00,0,0,11
2023-08-02T02:01:27Z,22.35,68.56,100,0,31.14,99.32,23.00,551.00,null,null,null
2023-08-02T02:02:27Z,22.35,68.71,100,0,32.58,99.32,24.00,560.00,null,null,null
2023-08-02T02:03:27Z,22.35,68.66,100,0,34.31,99.32,23.00,551.00,null,null,null
2023-08-02T02:04:27Z,22.31,68.68,99,0,30.66,99.32,23.00,551.00,null,null,null
2023-08-02T02:05:27Z,22.33,68.62,99,0,31.54,99.31,24.00,560.00,3,3,3
2023-08-02T02:06:27Z,22.37,68.82,100,0,30.56,99.31,23.00,551.00,null,null,null
2023-08-02T02:07:27Z,22.36,68.74,100,0,31.82,99.29,24.00,561.00,null,null,null
2023-08-02T02:08:27Z,22.36,68.74,99,0,31.48,99.30,24.00,560.00,null,null,null
2023-08-02T02:09:27Z,22.31,68.77,100,0,33.61,99.30,24.00,560.00,null,null,null
2023-08-02T02:10:27Z,22.35,68.88,99,0,31.24,99.29,23.00,553.00,0,0,0
2023-08-02T02:11:27Z,22.36,68.87,100,0,32.13,99.28,24.00,561.00,null,null,null
2023-08-02T02:12:27Z,22.37,68.81,100,0,32.14,99.28,25.00,566.00,null,null,null
2023-08-02T02:13:27Z,22.36,68.79,99,0,32.66,99.28,25.00,566.00,null,null,null
2023-08-02T02:14:27Z,22.30,68.85,100,0,29.35,99.27,24.00,561.00,null,null,null
2023-08-02T02:15:27Z,22.33,68.89,100,0,30.93,99.26,24.00,561.00,0,0,0
2023-08-02T02:16:27Z,22.36,68.53,100,0,30.02,99.25,24.00,561.00,null,null,null
2023-08-02T02:17:27Z,22.36,68.75,100,0,31.49,99.25,24.00,560.00,null,null,null
2023-08-02T02:18:27Z,22.39,68.85,100,0,31.02,99.25,24.00,561.00,null,null,null
2023-08-02T02:19:27Z,22.36,68.77,99,0,31.76,99.25,24.00,561.00,null,null,null
2023-08-02T02:20:27Z,22.37,68.82,99,0,31.23,99.25,24.00,561.00,2,2,2
2023-08-02T02:21:27Z,22.36,68.85,100,0,31.04,99.25,24.00,561.00,null,null,null
2023-08-02T02:22:27Z,22.36,68.85,100,0,31.00,99.24,24.00,561.00,null,null,null
2023-08-02T02:23:27Z,22.36,68.86,99,0,33.17,99.23,24.00,561.00,null,null,null
2023-08-02T02:24:27Z,22.36,68.92,99,0,34.59,99.23,24.00,561.00,null,null,null
2023-08-02T02:25:27Z,22.35,68.90,100,0,31.20,99.23,24.00,561.00,0,0,0
2023-08-02T02:26:27Z,22.37,69.04,100,0,30.67,99.23,24.00,561.00,null,null,null
2023-08-02T02:27:27Z,22.39,68.95,100,0,32.02,99.22,24.00,561.00,null,null,null
2023-08-02T02:28:27Z,22.35,68.99,99,0,30.45,99.21,24.00,561.00,null,null,null
2023-08-02T02:29:27Z,22.36,68.83,100,0,30.12,99.20,24.00,561.00,null,null,null
2023-08-02T02:30:27Z,22.36,68.96,100,0,30.10,99.19,23.00,553.00,2,3,3
2023-08-02T02:31:27Z,22.37,68.95,100,0,30.21,99.19,24.00,561.00,null,null,null
2023-08-02T02:32:27Z,22.40,69.01,100,0,31.05,99.19,24.00,561.00,null,null,null
2023-08-02T02:33:27Z,22.36,68.95,100,0,30.01,99.19,25.00,566.00,null,null,null
2023-08-02T02:34:27Z,22.35,69.00,100,0,29.72,99.18,25.00,566.00,null,null,null
2023-08-02T02:35:27Z,22.35,68.96,100,0,30.61,99.18,25.00,566.00,0,0,0
2023-08-02T02:36:27Z,22.37,69.12,100,0,31.60,99.18,25.00,566.00,null,null,null
2023-08-02T02:37:27Z,22.40,69.10,100,0,31.28,99.18,26.00,572.00,null,null,null
2023-08-02T02:38:27Z,22.36,68.97,99,0,30.44,99.17,26.00,577.00,null,null,null
2023-08-02T02:39:27Z,22.39,69.04,100,0,29.80,99.17,26.00,572.00,null,null,null
2023-08-02T02:40:27Z,22.37,69.02,100,0,30.95,99.17,26.00,572.00,0,0,0
2023-08-02T02:41:27Z,22.37,69.10,100,0,31.12,99.16,23.00,553.00,null,null,null
2023-08-02T02:42:27Z,22.39,69.08,100,0,30.86,99.16,25.00,566.00,null,null,null
2023-08-02T02:43:27Z,22.39,69.09,100,0,30.05,99.16,25.00,566.00,null,null,null
2023-08-02T02:44:27Z,22.37,69.12,100,0,31.93,99.16,25.00,566.00,null,null,null
2023-08-02T02:45:27Z,22.35,69.09,100,0,31.09,99.15,25.00,566.00,1,1,1
2023-08-02T02:46:27Z,22.40,69.12,100,0,29.70,99.15,24.00,561.00,null,null,null
2023-08-02T02:47:27Z,22.36,69.27,100,0,35.65,99.14,25.00,566.00,null,null,null
2023-08-02T02:48:27Z,22.35,69.16,100,0,32.41,99.14,24.00,561.00,null,null,null
2023-08-02T02:49:27Z,22.36,69.18,100,0,34.17,99.14,25.00,566.00,null,null,null
2023-08-02T02:50:27Z,22.35,69.30,99,0,31.06,99.13,25.00,566.00,0,0,0
2023-08-02T02:51:27Z,22.40,69.26,99,0,33.74,99.13,24.00,561.00,null,null,null
2023-08-02T02:52:27Z,22.37,69.22,100,0,30.67,99.12,26.00,572.00,null,null,null
2023-08-02T02:53:27Z,22.39,69.25,100,0,31.47,99.12,26.00,577.00,null,null,null
2023-08-02T02:54:27Z,22.37,69.22,100,0,29.70,99.12,25.00,567.00,null,null,null
2023-08-02T02:55:27Z,22.36,69.32,100,0,31.04,99.12,26.00,572.00,0,0,0
2023-08-02T02:56:27Z,22.39,69.30,100,0,43.00,99.12,26.00,572.00,null,null,null
2023-08-02T02:57:27Z,22.40,69.21,100,0,32.88,99.11,25.00,567.00,null,null,null
2023-08-02T02:58:27Z,22.40,69.24,99,0,29.47,99.11,26.00,572.00,null,null,null
2023-08-02T02:59:27Z,22.37,69.03,99,0,31.01,99.10,26.00,572.00,null,null,null
2023-08-02T03:00:27Z,22.36,69.38,100,0,40.48,99.10,23.00,553.00,0,0,0
2023-08-02T03:01:27Z,22.40,69.34,100,0,30.93,99.10,24.00,561.00,null,null,null
2023-08-02T03:02:27Z,22.37,69.31,99,0,39.60,99.09,24.00,561.00,null,null,null
2023-08-02T03:03:27Z,22.39,69.18,100,0,33.19,99.09,24.00,561.00,null,null,null
2023-08-02T03:04:27Z,22.39,69.24,100,0,31.88,99.09,25.00,566.00,null,null,null
2023-08-02T03:05:27Z,22.37,69.06,100,0,33.39,99.08,24.00,561.00,3,3,3
2023-08-02T03:06:27Z,22.39,69.27,99,0,34.21,99.08,24.00,561.00,null,null,null
2023-08-02T03:07:27Z,22.39,69.26,100,0,30.90,99.08,25.00,566.00,null,null,null
2023-08-02T03:08:27Z,22.40,69.32,99,0,29.95,99.07,24.00,561.00,null,null,null
2023-08-02T03:09:27Z,22.41,69.34,100,0,37.85,99.07,24.00,561.00,null,null,null
2023-08-02T03:10:27Z,22.41,69.33,100,0,32.08,99.07,25.00,567.00,1,1,1
2023-08-02T03:11:27Z,22.40,69.38,100,0,30.86,99.07,24.00,561.00,null,null,null
2023-08-02T03:12:27Z,22.41,69.35,99,0,31.37,99.06,26.00,572.00,null,null,null
2023-08-02T03:13:27Z,22.40,69.27,100,0,30.57,99.05,26.00,572.00,null,null,null
2023-08-02T03:14:27Z,22.40,69.34,99,0,29.93,99.05,25.00,567.00,null,null,null
2023-08-02T03:15:27Z,22.40,69.37,100,0,30.35,99.05,25.00,567.00,0,0,0
2023-08-02T03:16:27Z,22.41,69.20,100,0,38.56,99.05,24.00,561.00,null,null,null
2023-08-02T03:17:27Z,22.41,69.26,100,0,32.98,99.05,24.00,561.00,null,null,null
2023-08-02T03:18:27Z,22.40,69.45,99,0,29.64,99.04,24.00,561.00,null,null,null
2023-08-02T03:19:27Z,22.39,69.40,99,0,33.44,99.04,24.00,561.00,null,null,null
2023-08-02T03:20:27Z,22.40,69.41,100,0,36.76,99.03,25.00,567.00,1,1,1
2023-08-02T03:21:27Z,22.41,69.44,100,0,31.99,99.03,26.00,572.00,null,null,null
2023-08-02T03:22:27Z,22.41,69.42,99,0,32.09,99.03,26.00,575.00,null,null,null
2023-08-02T03:23:27Z,22.43,69.44,100,0,30.36,99.02,26.00,572.00,null,null,null
2023-08-02T03:24:27Z,22.41,69.45,100,0,32.01,99.02,26.00,572.00,null,null,null
2023-08-02T03:25:27Z,22.40,69.42,100,0,33.20,99.02,25.00,567.00,0,0,0
2023-08-02T03:26:27Z,22.43,69.54,99,0,31.99,99.01,25.00,567.00,null,null,null
2023-08-02T03:27:27Z,22.43,69.49,99,0,33.36,99.01,25.00,567.00,null,null,null
2023-08-02T03:28:27Z,22.41,69.52,100,0,30.48,99.00,26.00,572.00,null,null,null
2023-08-02T03:29:27Z,22.43,69.45,100,0,31.62,99.00,25.00,567.00,null,null,null
2023-08-02T03:30:27Z,22.41,69.49,100,0,30.06,99.00,25.00,567.00,0,0,0
2023-08-02T03:31:27Z,22.43,69.59,100,0,30.05,99.00,24.00,561.00,null,null,null
2023-08-02T03:32:27Z,22.43,69.57,99,0,29.38,99.00,24.00,561.00,null,null,null
2023-08-02T03:33:27Z,22.40,69.52,100,0,31.95,99.00,24.00,561.00,null,null,null
2023-08-02T03:34:27Z,22.43,69.49,100,0,33.07,98.99,24.00,561.00,null,null,null
2023-08-02T03:35:27Z,22.40,69.35,100,0,32.99,98.99,23.00,555.00,0,0,0
2023-08-02T03:36:27Z,22.43,69.59,99,0,34.33,98.98,24.00,561.00,null,null,null
2023-08-02T03:37:27Z,22.44,69.55,99,0,29.77,98.99,24.00,561.00,null,null,null
2023-08-02T03:38:27Z,22.41,69.51,100,0,42.55,98.98,24.00,561.00,null,null,null
2023-08-02T03:39:27Z,22.43,69.59,99,0,30.03,98.97,24.00,561.00,null,null,null
2023-08-02T03:40:27Z,22.41,69.61,99,0,30.18,98.97,24.00,561.00,0,0,0
2023-08-02T03:41:27Z,22.44,69.63,100,0,29.51,98.96,25.00,567.00,null,null,null
2023-08-02T03:42:27Z,22.46,69.65,100,0,33.70,98.96,26.00,572.00,null,null,null
2023-08-02T03:43:27Z,22.44,69.70,99,0,29.47,98.95,25.00,567.00,null,null,null
2023-08-02T03:44:27Z,22.43,69.71,100,0,29.90,98.95,24.00,561.00,null,null,null
2023-08-02T03:45:27Z,22.41,69.61,99,0,30.63,98.95,24.00,561.00,0,0,0
2023-08-02T03:46:27Z,22.41,69.29,100,0,29.77,98.95,24.00,561.00,null,null,null
2023-08-02T03:47:27Z,22.46,69.28,100,0,33.99,98.95,23.00,555.00,null,null,null
2023-08-02T03:48:27Z,22.41,69.55,100,0,29.60,98.95,23.00,555.00,null,null,null
2023-08-02T03:49:27Z,22.43,69.52,100,0,29.47,98.94,23.00,555.00,null,null,null
2023-08-02T03:50:27Z,22.41,69.74,100,0,30.46,98.94,23.00,555.00,0,0,0
2023-08-02T03:51:27Z,22.44,69.72,100,0,34.25,98.94,23.00,555.00,null,null,null
2023-08-02T03:52:27Z,22.46,69.71,99,0,29.87,98.93,24.00,561.00,null,null,null
2023-08-02T03:53:27Z,22.44,69.73,99,0,30.18,98.94,25.00,567.00,null,null,null
2023-08-02T03:54:27Z,22.46,69.72,99,0,30.54,98.94,25.00,567.00,null,null,null
2023-08-02T03:55:27Z,22.41,69.82,100,0,29.38,98.94,25.00,567.00,0,0,0
2023-08-02T03:56:27Z,22.46,69.78,100,0,30.58,98.93,25.00,567.00,null,null,null
2023-08-02T03:57:27Z,22.41,69.65,100,0,30.14,98.94,25.00,567.00,null,null,null
2023-08-02T03:58:27Z,22.41,69.78,100,0,30.66,98.93,23.00,555.00,null,null,null
2023-08-02T03:59:27Z,22.44,69.74,100,0,30.62,98.93,24.00,564.00,null,null,null
2023-08-02T04:00:27Z,22.40,69.49,99,0,31.44,98.94,25.00,567.00,0,0,0
2023-08-02T04:01:27Z,22.43,69.55,100,0,30.46,98.93,24.00,561.00,null,null,null
2023-08-02T04:02:27Z,22.44,69.54,100,0,30.03,98.93,22.00,549.00,null,null,null
2023-08-02T04:03:27Z,22.44,69.46,99,0,30.46,98.93,22.00,549.00,null,null,null
2023-08-02T04:04:27Z,22.43,69.39,99,0,29.56,98.93,21.00,542.00,null,null,null
2023-08-02T04:05:27Z,22.41,69.40,100,0,30.24,98.93,21.00,542.00,0,0,0
2023-08-02T04:06:27Z,22.44,69.30,100,0,33.58,98.93,19.00,531.00,null,null,null
2023-08-02T04:07:27Z,22.43,69.36,100,0,34.98,98.93,19.00,526.00,null,null,null
2023-08-02T04:08:27Z,22.41,69.39,99,0,34.78,98.93,19.00,526.00,null,null,null
2023-08-02T04:09:27Z,22.43,69.63,99,0,30.87,98.93,16.00,508.00,null,null,null
2023-08-02T04:10:27Z,22.41,69.76,100,0,30.06,98.93,17.00,518.00,1,1,1
2023-08-02T04:11:27Z,22.43,69.64,100,0,30.82,98.93,18.00,520.00,null,null,null
2023-08-02T04:12:27Z,22.43,69.62,100,0,31.02,98.93,19.00,526.00,null,null,null
2023-08-02T04:13:27Z,22.44,69.93,99,0,30.12,98.93,17.00,518.00,null,null,null
2023-08-02T04:14:27Z,22.43,70.08,100,0,35.63,98.93,17.00,514.00,null,null,null
2023-08-02T04:15:27Z,22.41,70.05,100,0,31.41,98.93,15.00,503.00,0,0,0
2023-08-02T04:16:27Z,22.43,70.11,100,0,30.90,98.92,17.00,514.00,null,null,null
2023-08-02T04:17:27Z,22.43,69.96,100,0,30.78,98.92,18.00,520.00,null,null,null
2023-08-02T04:18:27Z,22.46,70.01,100,0,31.06,98.92,19.00,527.00,null,null,null
2023-08-02T04:19:27Z,22.44,70.10,99,0,33.64,98.92,19.00,527.00,null,null,null
2023-08-02T04:20:27Z,22.40,70.09,99,0,30.36,98.92,18.00,520.00,0,0,0
2023-08-02T04:21:27Z,22.43,70.04,100,0,30.27,98.92,18.00,520.00,null,null,null
2023-08-02T04:22:27Z,22.41,70.16,100,0,30.61,98.92,19.00,527.00,null,null,null
2023-08-02T04:23:27Z,22.43,70.09,99,0,31.80,98.92,19.00,527.00,null,null,null
2023-08-02T04:24:27Z,22.41,69.98,99,0,30.85,98.91,19.00,527.00,null,null,null
2023-08-02T04:25:27Z,22.40,69.93,100,0,30.93,98.91,18.00,520.00,0,0,0
2023-08-02T04:26:27Z,22.41,70.00,100,0,38.38,98.90,15.00,503.00,null,null,null
2023-08-02T04:27:27Z,22.41,69.98,99,0,31.90,98.90,15.00,503.00,null,null,null
2023-08-02T04:28:27Z,22.41,70.14,99,0,32.38,98.90,14.00,495.00,null,null,null
2023-08-02T04:29:27Z,22.39,70.31,100,0,34.37,98.90,14.00,495.00,null,null,null
2023-08-02T04:30:27Z,22.39,70.63,100,0,31.28,98.90,15.00,500.00,0,0,0
2023-08-02T04:31:27Z,22.43,70.22,100,0,30.95,98.90,12.00,483.00,null,null,null
2023-08-02T04:32:27Z,22.43,70.52,99,0,30.89,98.90,14.00,495.00,null,null,null
2023-08-02T04:33:27Z,22.41,70.34,100,0,31.59,98.89,14.00,496.00,null,null,null
2023-08-02T04:34:27Z,22.41,70.36,100,0,30.80,98.89,14.00,496.00,null,null,null
2023-08-02T04:35:27Z,22.40,70.29,100,0,31.06,98.89,13.00,491.00,0,0,0
2023-08-02T04:36:27Z,22.41,70.65,99,0,30.99,98.89,13.00,491.00,null,null,null
2023-08-02T04:37:27Z,22.43,70.57,100,0,31.43,98.89,13.00,491.00,null,null,null
2023-08-02T04:38:27Z,22.43,70.66,99,0,31.28,98.89,13.00,491.00,null,null,null
2023-08-02T04:39:27Z,22.41,70.69,99,0,null,98.88,12.00,483.00,null,null,null
2023-08-02T04:40:27Z,22.40,70.90,100,0,30.63,98.88,12.00,483.00,0,0,0
2023-08-02T04:41:27Z,22.39,70.71,100,0,32.16,98.88,12.00,480.00,null,null,null
2023-08-02T04:42:27Z,22.41,70.72,100,0,31.77,98.88,12.00,483.00,null,null,null
2023-08-02T04:43:27Z,22.40,70.85,100,0,30.17,98.88,12.00,480.00,null,null,null
2023-08-02T04:44:27Z,22.41,70.90,100,0,29.49,98.88,13.00,486.00,null,null,null
2023-08-02T04:45:27Z,22.40,70.81,100,0,29.54,98.87,14.00,492.00,0,0,0
2023-08-02T04:46:27Z,22.40,70.62,100,0,31.26,98.87,14.00,496.00,null,null,null
2023-08-02T04:47:27Z,22.43,70.80,100,0,30.68,98.87,13.00,491.00,null,null,null
2023-08-02T04:48:27Z,22.41,70.65,100,0,30.43,98.87,14.00,492.00,null,null,null
2023-08-02T04:49:27Z,22.40,70.54,100,0,32.92,98.87,15.00,500.00,null,null,null
2023-08-02T04:50:27Z,22.41,70.92,100,0,32.21,98.87,15.00,500.00,0,0,0
2023-08-02T04:51:27Z,22.41,70.57,100,0,31.80,98.87,15.00,500.00,null,null,null
2023-08-02T04:52:27Z,22.39,70.67,100,0,30.40,98.87,15.00,505.00,null,null,null
2023-08-02T04:53:27Z,22.39,70.85,100,0,30.48,98.87,15.00,500.00,null,null,null
2023-08-02T04:54:27Z,22.41,70.83,100,0,29.88,98.87,14.00,496.00,null,null,null
2023-08-02T04:55:27Z,22.40,70.91,99,0,42.81,98.87,14.00,496.00,0,0,0
2023-08-02T04:56:27Z,22.41,70.96,100,0,31.62,98.87,14.00,496.00,null,null,null
2023-08-02T04:57:27Z,22.40,71.18,100,0,32.74,98.87,14.00,496.00,null,null,null
2023-08-02T04:58:27Z,22.40,71.05,99,0,33.20,98.87,15.00,501.00,null,null,null
2023-08-02T04:59:27Z,22.40,71.12,100,0,33.56,98.87,14.00,496.00,null,null,null
2023-08-02T05:00:27Z,22.40,71.13,99,0,34.35,98.87,15.00,501.00,0,0,0
2023-08-02T05:01:27Z,22.40,71.29,100,0,31.98,98.88,16.00,508.00,null,null,null
2023-08-02T05:02:27Z,22.40,70.97,100,0,33.24,98.88,16.00,508.00,null,null,null
2023-08-02T05:03:27Z,22.41,71.07,100,0,31.05,98.88,17.00,518.00,null,null,null
2023-08-02T05:04:27Z,22.39,71.13,99,0,31.64,98.88,18.00,523.00,null,null,null
2023-08-02T05:05:27Z,22.40,70.96,99,0,37.10,98.88,18.00,523.00,0,0,0
2023-08-02T05:06:27Z,22.40,70.97,100,0,35.24,98.88,17.00,518.00,null,null,null
2023-08-02T05:07:27Z,22.41,71.22,100,0,33.62,98.88,17.00,518.00,null,null,null
2023-08-02T05:08:27Z,22.41,71.25,99,0,32.97,98.88,17.00,518.00,null,null,null
2023-08-02T05:09:27Z,22.37,71.29,99,0,32.22,98.88,19.00,530.00,null,null,null
2023-08-02T05:10:27Z,22.40,71.14,100,0,35.35,98.87,18.00,523.00,0,0,0
2023-08-02T05:11:27Z,22.39,71.11,100,0,32.79,98.88,18.00,523.00,null,null,null
2023-08-02T05:12:27Z,22.41,71.09,100,0,31.20,98.88,19.00,529.00,null,null,null
2023-08-02T05:13:27Z,22.41,71.33,99,0,31.97,98.88,18.00,523.00,null,null,null
2023-08-02T05:14:27Z,22.41,71.23,99,0,40.81,98.87,16.00,508.00,null,null,null
2023-08-02T05:15:27Z,22.40,71.47,100,0,33.10,98.87,16.00,508.00,0,0,15
2023-08-02T05:16:27Z,22.40,71.28,99,0,39.33,98.87,17.00,517.00,null,null,null
2023-08-02T05:17:27Z,22.43,71.17,100,0,37.41,98.87,18.00,523.00,null,null,null
2023-08-02T05:18:27Z,22.41,71.33,100,0,31.36,98.87,18.00,523.00,null,null,null
2023-08-02T05:19:27Z,22.39,71.35,100,0,33.68,98.87,16.00,508.00,null,null,null
2023-08-02T05:20:27Z,22.39,71.40,99,0,33.59,98.86,15.00,502.00,0,0,0
2023-08-02T05:21:27Z,22.41,71.40,99,0,35.16,98.87,15.00,502.00,null,null,null
2023-08-02T05:22:27Z,22.39,71.75,100,0,32.79,98.87,14.00,496.00,null,null,null
2023-08-02T05:23:27Z,22.37,71.60,99,0,42.13,98.87,15.00,500.00,null,null,null
2023-08-02T05:24:27Z,22.36,71.37,100,0,36.07,98.87,14.00,496.00,null,null,null
2023-08-02T05:25:27Z,22.39,71.77,99,0,37.25,98.87,14.00,496.00,0,0,0
2023-08-02T05:26:27Z,22.39,71.34,100,0,31.70,98.87,14.00,493.00,null,null,null
2023-08-02T05:27:27Z,22.37,71.52,100,0,31.22,98.86,14.00,496.00,null,null,null
2023-08-02T05:28:27Z,22.40,71.89,99,0,42.44,98.86,13.00,491.00,null,null,null
2023-08-02T05:29:27Z,22.37,71.73,100,0,37.29,98.86,14.00,493.00,null,null,null
2023-08-02T05:30:27Z,22.37,71.45,100,0,34.80,98.86,13.00,491.00,0,0,0
2023-08-02T05:31:27Z,22.39,71.91,100,0,36.59,98.85,14.00,496.00,null,null,null
2023-08-02T05:32:27Z,22.37,71.63,100,0,34.07,98.86,14.00,496.00,null,null,null
2023-08-02T05:33:27Z,22.39,71.79,99,0,31.04,98.85,15.00,505.00,null,null,null
2023-08-02T05:34:27Z,22.36,71.46,100,0,32.69,98.86,15.00,505.00,null,null,null
2023-08-02T05:35:27Z,22.36,71.41,100,0,34.74,98.86,17.00,517.00,1,1,1
2023-08-02T05:36:27Z,22.37,71.54,99,0,33.92,98.86,15.00,502.00,null,null,null
2023-08-02T05:37:27Z,22.39,71.76,100,0,30.15,98.86,14.00,496.00,null,null,null
2023-08-02T05:38:27Z,22.40,71.78,100,0,32.73,98.86,14.00,493.00,null,null,null
2023-08-02T05:39:27Z,22.36,71.74,99,0,33.30,98.86,13.00,487.00,null,null,null
2023-08-02T05:40:27Z,22.39,71.89,100,0,31.23,98.86,13.00,486.00,0,0,0
2023-08-02T05:41:27Z,22.36,71.78,100,0,31.00,98.86,13.00,487.00,null,null,null
2023-08-02T05:42:27Z,22.37,71.74,99,0,37.17,98.85,14.00,493.00,null,null,null
2023-08-02T05:43:27Z,22.37,71.73,100,0,35.98,98.86,15.00,502.00,null,null,null
2023-08-02T05:44:27Z,22.36,71.66,99,0,36.77,98.85,13.00,491.00,null,null,null
2023-08-02T05:45:27Z,22.35,71.62,100,0,30.03,98.85,13.00,491.00,0,0,0
2023-08-02T05:46:27Z,22.36,71.86,99,0,36.00,98.86,13.00,491.00,null,null,null
2023-08-02T05:47:27Z,22.39,71.81,99,0,32.15,98.86,14.00,493.00,null,null,null
2023-08-02T05:48:27Z,22.35,71.70,100,0,32.47,98.86,15.00,500.00,null,null,null
2023-08-02T05:49:27Z,22.37,71.61,100,0,33.03,98.85,14.00,496.00,null,null,null
2023-08-02T05:50:27Z,22.36,71.61,100,0,32.71,98.85,13.00,491.00,0,0,0
2023-08-02T05:51:27Z,22.33,71.76,100,0,33.87,98.86,13.00,486.00,null,null,null
2023-08-02T05:52:27Z,22.36,71.51,99,0,35.46,98.85,13.00,486.00,null,null,null
2023-08-02T05:53:27Z,22.37,71.74,99,0,32.25,98.85,11.00,478.00,null,null,null
2023-08-02T05:54:27Z,22.36,71.83,100,0,38.64,98.85,14.00,496.00,null,null,null
2023-08-02T05:55:27Z,22.33,72.15,100,0,33.40,98.84,14.00,493.00,0,0,0
2023-08-02T05:56:27Z,22.36,71.85,100,0,32.94,98.85,15.00,500.00,null,null,null
2023-08-02T05:57:27Z,22.39,71.83,100,0,37.21,98.84,15.00,505.00,null,null,null
2023-08-02T05:58:27Z,22.37,71.70,99,0,32.26,98.84,15.00,500.00,null,null,null
2023-08-02T05:59:27Z,22.36,71.62,100,0,40.56,98.84,15.00,502.00,null,null,null
2023-08-02T06:00:27Z,22.36,71.46,99,0,32.82,98.84,15.00,502.00,3,5,5
2023-08-02T06:01:27Z,22.35,71.70,100,0,40.67,98.84,14.00,496.00,null,null,null
2023-08-02T06:02:27Z,22.36,71.61,100,0,38.91,98.84,14.00,496.00,null,null,null
2023-08-02T06:03:27Z,22.36,71.63,99,0,33.03,98.84,13.00,491.00,null,null,null
2023-08-02T06:04:27Z,22.35,71.44,100,0,38.82,98.84,13.00,486.00,null,null,null
2023-08-02T06:05:27Z,22.35,71.62,100,0,33.39,98.84,13.00,491.00,1,1,1
2023-08-02T06:06:27Z,22.35,71.73,100,0,36.45,98.84,13.00,491.00,null,null,null
2023-08-02T06:07:27Z,22.35,71.77,99,0,35.76,98.84,14.00,496.00,null,null,null
2023-08-02T06:08:27Z,22.33,71.85,99,0,37.34,98.84,15.00,505.00,null,null,null
2023-08-02T06:09:27Z,22.33,71.47,100,0,33.53,98.84,15.00,505.00,null,null,null
2023-08-02T06:10:27Z,22.33,71.82,100,0,39.05,98.83,16.00,508.00,0,0,0
2023-08-02T06:11:27Z,22.35,71.78,100,0,36.98,98.83,14.00,493.00,null,null,null
2023-08-02T06:12:27Z,22.35,71.69,100,0,38.83,98.83,13.00,487.00,null,null,null
2023-08-02T06:13:27Z,22.31,71.61,99,0,35.04,98.84,13.00,487.00,null,null,null
2023-08-02T06:14:27Z,22.33,71.92,100,0,40.61,98.84,14.00,496.00,null,null,null
2023-08-02T06:15:27Z,22.36,72.18,100,0,38.99,98.83,15.00,500.00,1,6,6
2023-08-02T06:16:27Z,22.35,71.74,100,0,34.27,98.84,14.00,493.00,null,null,null
2023-08-02T06:17:27Z,22.36,71.75,100,0,41.71,98.84,16.00,508.00,null,null,null
2023-08-02T06:18:27Z,22.33,71.97,100,0,38.08,98.84,15.00,500.00,null,null,null
2023-08-02T06:19:27Z,22.31,71.70,100,0,33.53,98.84,15.00,500.00,null,null,null
2023-08-02T06:20:27Z,22.33,71.51,99,0,42.50,98.84,16.00,508.00,0,0,0
2023-08-02T06:21:27Z,22.33,71.78,100,8,32.09,98.85,15.00,502.00,null,null,null
2023-08-02T06:22:27Z,22.33,71.54,100,8,37.63,98.84,15.00,500.00,null,null,null
2023-08-02T06:23:27Z,22.33,71.54,99,8,36.02,98.84,14.00,496.00,null,null,null
2023-08-02T06:24:27Z,22.30,71.49,100,8,33.43,98.84,13.00,491.00,null,null,null
2023-08-02T06:25:27Z,22.31,71.60,100,8,39.02,98.84,13.00,491.00,0,0,0
2023-08-02T06:26:27Z,22.33,71.61,100,8,37.55,98.84,13.00,491.00,null,null,null
2023-08-02T06:27:27Z,22.33,71.56,100,8,34.80,98.84,13.00,486.00,null,null,null
2023-08-02T06:28:27Z,22.33,71.74,100,8,44.09,98.84,13.00,491.00,null,null,null
2023-08-02T06:29:27Z,22.31,71.57,100,8,32.55,98.84,13.00,491.00,null,null,null
2023-08-02T06:30:27Z,22.31,71.63,100,8,35.99,98.84,13.00,491.00,0,0,6
2023-08-02T06:31:27Z,22.30,71.45,99,8,35.32,98.84,13.00,491.00,null,null,null
2023-08-02T06:32:27Z,22.28,71.30,100,8,38.42,98.84,13.00,491.00,null,null,null
2023-08-02T06:33:27Z,22.31,71.27,100,8,36.08,98.85,13.00,486.00,null,null,null
2023-08-02T06:34:27Z,22.28,71.44,100,8,40.15,98.84,13.00,486.00,null,null,null
2023-08-02T06:35:27Z,22.30,71.68,100,8,34.60,98.84,13.00,491.00,0,0,0
2023-08-02T06:36:27Z,22.30,71.64,100,8,35.31,98.84,13.00,486.00,null,null,null
2023-08-02T06:37:27Z,22.31,71.39,100,8,38.80,98.85,14.00,496.00,null,null,null
2023-08-02T06:38:27Z,22.30,71.57,100,8,33.06,98.84,13.00,491.00,null,null,null
2023-08-02T06:39:27Z,22.28,71.56,100,38,34.53,98.85,13.00,491.00,null,null,null
2023-08-02T06:40:27Z,22.27,73.28,100,42,40.59,98.84,13.00,486.00,0,0,0
2023-08-02T06:41:27Z,22.31,72.63,100,39,33.19,98.85,11.00,476.00,null,null,null
2023-08-02T06:42:27Z,22.28,72.16,100,44,32.23,98.85,12.00,480.00,null,null,null
2023-08-02T06:43:27Z,22.30,72.09,100,45,47.58,98.84,14.00,493.00,null,null,null
2023-08-02T06:44:27Z,22.30,72.19,100,42,31.65,98.84,14.00,493.00,null,null,null
2023-08-02T06:45:27Z,22.27,72.07,100,53,33.85,98.84,15.00,500.00,0,0,0
2023-08-02T06:46:27Z,22.28,72.03,100,61,36.64,98.84,15.00,500.00,null,null,null
2023-08-02T06:47:27Z,22.30,72.12,100,51,32.66,98.85,15.00,500.00,null,null,null
2023-08-02T06:48:27Z,22.30,71.89,99,56,51.02,98.85,15.00,500.00,null,null,null
2023-08-02T06:49:27Z,22.30,72.02,99,59,33.76,98.85,15.00,500.00,null,null,null
2023-08-02T06:50:27Z,22.28,71.81,99,57,31.24,98.85,15.00,500.00,0,0,0
2023-08-02T06:51:27Z,22.28,71.84,99,46,35.03,98.86,15.00,505.00,null,null,null
2023-08-02T06:52:27Z,22.27,71.77,100,41,34.52,98.85,15.00,500.00,null,null,null
2023-08-02T06:53:27Z,22.31,71.89,100,35,33.39,98.85,15.00,505.00,null,null,null
2023-08-02T06:54:27Z,22.24,71.82,100,29,36.30,98.85,15.00,505.00,null,null,null
2023-08-02T06:55:27Z,22.27,71.82,100,24,42.34,98.85,15.00,505.00,0,0,0
2023-08-02T06:56:27Z,22.27,71.83,100,31,38.69,98.86,22.00,548.00,null,null,null
2023-08-02T06:57:27Z,22.28,71.64,99,28,31.98,98.86,17.00,514.00,null,null,null
2023-08-02T06:58:27Z,22.28,71.66,100,25,32.96,98.86,15.00,502.00,null,null,null
2023-08-02T06:59:27Z,22.30,71.61,99,25,30.85,98.86,16.00,508.00,null,null,null
2023-08-02T07:00:27Z,22.26,71.77,100,25,40.10,98.86,17.00,517.00,0,0,0
2023-08-02T07:01:27Z,22.27,71.93,100,19,65.75,98.86,15.00,505.00,null,null,null
2023-08-02T07:02:27Z,22.28,71.53,100,11,38.34,98.85,14.00,493.00,null,null,null
2023-08-02T07:03:27Z,22.27,71.88,99,23,33.40,98.85,15.00,502.00,null,null,null
2023-08-02T07:04:27Z,22.26,71.80,100,29,31.92,98.85,13.00,487.00,null,null,null
2023-08-02T07:05:27Z,22.23,71.92,100,24,33.85,98.85,14.00,493.00,1,1,1
2023-08-02T07:06:27Z,22.26,71.83,100,26,36.46,98.85,21.00,540.00,null,null,null
2023-08-02T07:07:27Z,22.26,71.85,100,27,36.69,98.85,12.00,483.00,null,null,null
2023-08-02T07:08:27Z,22.24,72.06,100,23,38.16,98.86,12.00,483.00,null,null,null
2023-08-02T07:09:27Z,22.24,71.95,100,18,36.32,98.85,15.00,502.00,null,null,null
2023-08-02T07:10:27Z,22.21,71.90,100,19,34.30,98.86,16.00,508.00,0,0,0
2023-08-02T07:11:27Z,22.20,71.75,100,26,34.58,98.86,15.00,502.00,null,null,null
2023-08-02T07:12:27Z,22.21,71.86,100,29,35.17,98.85,15.00,502.00,null,null,null
2023-08-02T07:13:27Z,22.21,71.83,100,30,35.09,98.86,15.00,502.00,null,null,null
2023-08-02T07:14:27Z,22.17,71.66,100,35,41.88,98.85,16.00,508.00,null,null,null
2023-08-02T07:15:27Z,22.17,71.84,99,40,39.85,98.86,16.00,508.00,0,0,0
2023-08-02T07:16:27Z,22.20,71.78,99,43,33.42,98.86,15.00,505.00,null,null,null
2023-08-02T07:17:27Z,22.20,71.74,100,45,36.66,98.85,17.00,517.00,null,null,null
2023-08-02T07:18:27Z,22.16,71.66,100,56,36.59,98.85,19.00,527.00,null,null,null
2023-08-02T07:19:27Z,22.13,71.73,100,59,41.95,98.85,19.00,527.00,null,null,null
2023-08-02T07:20:27Z,22.12,71.77,100,53,35.35,98.86,20.00,533.00,0,0,0
2023-08-02T07:21:27Z,22.14,71.69,100,53,38.40,98.86,18.00,524.00,null,null,null
2023-08-02T07:22:27Z,22.12,71.63,100,54,49.33,98.86,20.00,533.00,null,null,null
2023-08-02T07:23:27Z,22.13,71.63,100,51,34.37,98.87,20.00,537.00,null,null,null
2023-08-02T07:24:27Z,22.13,71.84,100,48,40.98,98.87,21.00,543.00,null,null,null
2023-08-02T07:25:27Z,22.13,71.72,100,51,46.79,98.86,20.00,534.00,0,0,0
2023-08-02T07:26:27Z,22.14,71.69,99,47,32.58,98.86,21.00,543.00,null,null,null
2023-08-02T07:27:27Z,22.10,71.69,100,52,43.38,98.87,23.00,551.00,null,null,null
2023-08-02T07:28:27Z,22.13,71.58,100,68,35.26,98.86,23.00,551.00,null,null,null
2023-08-02T07:29:27Z,22.10,71.75,99,81,33.34,98.86,23.00,556.00,null,null,null
2023-08-02T07:30:27Z,22.09,71.64,99,77,35.24,98.87,23.00,553.00,0,0,0
2023-08-02T07:31:27Z,22.10,71.68,99,68,37.67,98.86,24.00,564.00,null,null,null
2023-08-02T07:32:27Z,22.12,71.62,100,66,35.05,98.86,24.00,564.00,null,null,null
2023-08-02T07:33:27Z,22.12,71.66,100,64,34.35,98.86,23.00,556.00,null,null,null
2023-08-02T07:34:27Z,22.09,71.65,100,63,39.11,98.86,23.00,551.00,null,null,null
2023-08-02T07:35:27Z,22.07,71.69,100,60,34.11,98.86,21.00,543.00,0,1,1
2023-08-02T07:36:27Z,22.06,71.75,100,51,33.54,98.86,21.00,543.00,null,null,null
2023-08-02T07:37:27Z,22.06,71.59,100,52,40.56,98.88,20.00,533.00,null,null,null
2023-08-02T07:38:27Z,22.07,71.53,100,62,38.92,98.89,19.00,527.00,null,null,null
2023-08-02T07:39:27Z,22.05,71.45,99,70,37.01,98.88,18.00,519.00,null,null,null
2023-08-02T07:40:27Z,22.05,71.42,100,64,36.44,98.88,18.00,519.00,0,0,0
2023-08-02T07:41:27Z,22.05,71.45,99,65,46.86,98.88,17.00,515.00,null,null,null
2023-08-02T07:42:27Z,22.05,71.34,100,45,33.36,98.89,18.00,519.00,null,null,null
2023-08-02T07:43:27Z,22.00,71.40,100,43,38.78,98.88,15.00,505.00,null,null,null
2023-08-02T07:44:27Z,22.02,71.34,100,46,45.27,98.89,15.00,505.00,null,null,null
2023-08-02T07:45:27Z,21.99,71.39,100,47,34.18,98.88,15.00,500.00,0,0,0
2023-08-02T07:46:27Z,21.99,71.34,100,39,41.50,98.89,14.00,495.00,null,null,null
2023-08-02T07:47:27Z,22.02,71.30,100,27,44.68,98.90,15.00,505.00,null,null,null
2023-08-02T07:48:27Z,22.00,71.29,100,19,37.23,98.89,15.00,505.00,null,null,null
2023-08-02T07:49:27Z,22.00,71.30,99,21,38.71,98.90,17.00,515.00,null,null,null
2023-08-02T07:50:27Z,21.96,71.32,100,33,39.47,98.91,17.00,515.00,0,0,15
2023-08-02T07:51:27Z,21.99,71.24,100,42,37.49,98.91,17.00,515.00,null,null,null
2023-08-02T07:52:27Z,21.99,71.21,100,52,34.43,98.90,20.00,533.00,null,null,null
2023-08-02T07:53:27Z,22.00,71.22,100,59,35.38,98.91,20.00,533.00,null,null,null
2023-08-02T07:54:27Z,21.97,71.19,99,58,37.69,98.90,19.00,526.00,null,null,null
2023-08-02T07:55:27Z,21.96,71.28,100,61,46.60,98.91,19.00,526.00,0,2,2
2023-08-02T07:56:27Z,21.96,71.28,100,71,42.46,98.90,17.00,515.00,null,null,null
2023-08-02T07:57:27Z,21.96,71.22,100,81,37.63,98.91,17.00,515.00,null,null,null
2023-08-02T07:58:27Z,21.99,71.12,100,87,39.31,98.91,17.00,515.00,null,null,null
2023-08-02T07:59:27Z,21.95,71.26,100,95,32.88,98.91,18.00,520.00,null,null,null
2023-08-02T08:00:27Z,21.95,71.19,100,93,35.49,98.92,18.00,519.00,0,0,0
2023-08-02T08:01:27Z,21.99,71.12,99,91,30.46,98.90,18.00,520.00,null,null,null
2023-08-02T08:02:27Z,21.97,71.16,100,90,32.35,98.91,19.00,526.00,null,null,null
2023-08-02T08:03:27Z,21.97,71.02,100,84,39.50,98.91,18.00,520.00,null,null,null
2023-08-02T08:04:27Z,21.95,70.98,100,81,32.12,98.91,19.00,526.00,null,null,null
2023-08-02T08:05:27Z,21.96,71.05,99,81,43.05,98.91,18.00,520.00,0,0,0
2023-08-02T08:06:27Z,21.97,71.06,100,80,39.80,98.90,20.00,533.00,null,null,null
2023-08-02T08:07:27Z,21.97,71.05,100,81,31.56,98.91,20.00,533.00,null,null,null
2023-08-02T08:08:27Z,21.95,71.02,100,78,32.63,98.91,19.00,526.00,null,null,null
2023-08-02T08:09:27Z,21.96,70.94,100,76,35.48,98.91,19.00,526.00,null,null,null
2023-08-02T08:10:27Z,21.93,70.87,100,81,40.56,98.92,18.00,520.00,0,0,0
2023-08-02T08:11:27Z,21.97,70.98,99,81,35.25,98.92,18.00,520.00,null,null,null
2023-08-02T08:12:27Z,21.95,70.85,100,77,31.26,98.91,19.00,526.00,null,null,null
2023-08-02T08:13:27Z,21.93,70.79,99,75,39.48,98.92,18.00,520.00,null,null,null
2023-08-02T08:14:27Z,21.96,70.77,100,76,34.69,98.92,17.00,515.00,null,null,null
2023-08-02T08:15:27Z,21.93,70.77,99,77,31.32,98.92,18.00,520.00,0,0,0
2023-08-02T08:16:27Z,21.95,70.77,100,78,36.20,98.91,17.00,515.00,null,null,null
2023-08-02T08:17:27Z,21.93,70.65,99,81,34.67,98.92,17.00,515.00,null,null,null
2023-08-02T08:18:27Z,21.92,70.59,99,86,37.03,98.92,15.00,505.00,null,null,null
2023-08-02T08:19:27Z,21.90,70.60,100,84,46.77,98.92,19.00,526.00,null,null,null
2023-08-02T08:20:27Z,21.88,70.55,99,84,31.50,98.92,19.00,530.00,0,0,0
2023-08-02T08:21:27Z,21.90,70.49,100,89,33.20,98.91,19.00,526.00,null,null,null
2023-08-02T08:22:27Z,21.90,70.57,100,105,39.98,98.92,20.00,537.00,null,null,null
2023-08-02T08:23:27Z,21.89,70.43,100,107,33.78,98.91,21.00,543.00,null,null,null
2023-08-02T08:24:27Z,21.89,70.45,100,105,34.90,98.91,21.00,543.00,null,null,null
2023-08-02T08:25:27Z,21.90,70.55,99,107,37.05,98.92,21.00,543.00,0,0,0
2023-08-02T08:26:27Z,21.90,70.58,100,86,31.72,98.91,20.00,537.00,null,null,null
2023-08-02T08:27:27Z,21.93,70.62,100,84,41.19,98.91,21.00,543.00,null,null,null
2023-08-02T08:28:27Z,21.90,70.58,100,92,36.89,98.91,22.00,548.00,null,null,null
2023-08-02T08:29:27Z,21.89,70.59,100,85,37.14,98.91,21.00,543.00,null,null,null
2023-08-02T08:30:27Z,21.90,70.75,100,87,35.28,98.92,22.00,548.00,0,0,0
2023-08-02T08:31:27Z,21.93,70.96,100,89,32.44,98.91,21.00,543.00,null,null,null
2023-08-02T08:32:27Z,21.90,70.93,100,95,44.67,98.91,21.00,543.00,null,null,null
2023-08-02T08:33:27Z,21.93,70.78,99,81,34.37,98.91,22.00,549.00,null,null,null
2023-08-02T08:34:27Z,21.90,70.68,100,78,32.80,98.91,23.00,556.00,null,null,null
2023-08-02T08:35:27Z,21.89,70.68,100,96,38.73,98.91,22.00,548.00,0,0,0
2023-08-02T08:36:27Z,21.90,70.63,100,87,33.33,98.91,22.00,548.00,null,null,null
2023-08-02T08:37:27Z,21.93,70.63,99,77,37.88,98.91,21.00,543.00,null,null,null
2023-08-02T08:38:27Z,21.89,70.65,100,80,42.92,98.91,21.00,543.00,null,null,null
2023-08-02T08:39:27Z,21.90,70.65,100,83,32.26,98.90,22.00,548.00,null,null,null
2023-08-02T08:40:27Z,21.90,70.62,100,74,40.18,98.91,23.00,553.00,0,0,0
2023-08-02T08:41:27Z,21.92,70.51,100,70,34.42,98.90,21.00,543.00,null,null,null
2023-08-02T08:42:27Z,21.92,70.42,99,62,35.38,98.90,21.00,543.00,null,null,null
2023-08-02T08:43:27Z,21.92,70.41,100,65,33.28,98.89,21.00,543.00,null,null,null
2023-08-02T08:44:27Z,21.90,70.39,100,59,35.05,98.89,20.00,537.00,null,null,null
2023-08-02T08:45:27Z,21.89,70.41,100,60,41.40,98.89,20.00,537.00,1,1,1
2023-08-02T08:46:27Z,21.90,70.32,100,62,31.30,98.89,19.00,526.00,null,null,null
2023-08-02T08:47:27Z,21.93,70.31,100,95,45.04,98.89,19.00,526.00,null,null,null
2023-08-02T08:48:27Z,21.90,70.14,100,69,35.98,98.89,17.00,514.00,null,null,null
2023-08-02T08:49:27Z,21.89,70.11,100,85,33.99,98.88,15.00,503.00,null,null,null
2023-08-02T08:50:27Z,21.88,70.18,99,95,41.75,98.89,15.00,500.00,0,0,0
2023-08-02T08:51:27Z,21.89,70.12,99,74,34.12,98.88,15.00,503.00,null,null,null
2023-08-02T08:52:27Z,21.89,70.13,99,75,32.52,98.89,15.00,503.00,null,null,null
2023-08-02T08:53:27Z,21.86,70.05,99,74,36.03,98.88,15.00,503.00,null,null,null
2023-08-02T08:54:27Z,21.86,69.91,100,65,38.51,98.89,15.00,503.00,null,null,null
2023-08-02T08:55:27Z,21.84,69.98,100,60,38.70,98.89,15.00,500.00,0,0,0
2023-08-02T08:56:27Z,21.88,70.01,100,54,45.14,98.88,15.00,500.00,null,null,null
2023-08-02T08:57:27Z,21.85,70.01,100,81,37.34,98.89,15.00,500.00,null,null,null
2023-08-02T08:58:27Z,21.85,70.01,99,67,37.04,98.89,15.00,500.00,null,null,null
2023-08-02T08:59:27Z,21.85,70.01,99,73,36.92,98.89,15.00,500.00,null,null,null
2023-08-02T09:00:27Z,21.85,70.07,100,82,40.82,98.88,15.00,500.00,0,0,0
2023-08-02T09:01:27Z,21.86,70.02,99,86,32.05,98.88,15.00,500.00,null,null,null
2023-08-02T09:02:27Z,21.86,69.94,100,64,35.15,98.88,15.00,503.00,null,null,null
2023-08-02T09:03:27Z,21.89,69.90,99,114,40.08,98.89,15.00,500.00,null,null,null
2023-08-02T09:04:27Z,21.86,69.87,100,93,41.86,98.89,15.00,500.00,null,null,null
2023-08-02T09:05:27Z,21.85,69.90,99,74,31.80,98.88,15.00,500.00,0,0,15
2023-08-02T09:06:27Z,21.84,69.82,100,105,32.75,98.87,14.00,495.00,null,null,null
2023-08-02T09:07:27Z,21.86,69.77,100,98,39.83,98.87,14.00,495.00,null,null,null
2023-08-02T09:08:27Z,21.86,69.75,100,90,39.29,98.87,14.00,495.00,null,null,null
2023-08-02T09:09:27Z,21.85,69.85,99,81,35.07,98.87,15.00,500.00,null,null,null
2023-08-02T09:10:27Z,21.85,69.86,99,77,35.34,98.86,15.00,503.00,0,0,0
2023-08-02T09:11:27Z,21.85,69.97,99,74,37.04,98.86,15.00,503.00,null,null,null
2023-08-02T09:12:27Z,21.86,69.96,100,58,37.57,98.87,16.00,508.00,null,null,null
2023-08-02T09:13:27Z,21.85,70.05,100,43,37.93,98.88,17.00,518.00,null,null,null
2023-08-02T09:14:27Z,21.85,70.02,100,47,41.15,98.88,17.00,518.00,null,null,null
2023-08-02T09:15:27Z,21.85,70.01,100,56,34.83,98.89,17.00,518.00,0,0,0
2023-08-02T09:16:27Z,21.85,70.20,100,71,41.53,98.88,15.00,500.00,null,null,null
2023-08-02T09:17:27Z,21.85,70.09,99,82,33.48,98.89,14.00,495.00,null,null,null
2023-08-02T09:18:27Z,21.85,70.19,100,93,36.45,98.88,14.00,495.00,null,null,null
2023-08-02T09:19:27Z,21.84,70.20,100,122,36.54,98.88,13.00,491.00,null,null,null
2023-08-02T09:20:27Z,21.84,70.18,99,142,42.50,98.87,14.00,495.00,0,0,0
2023-08-02T09:21:27Z,21.82,70.13,100,134,37.92,98.87,13.00,491.00,null,null,null
2023-08-02T09:22:27Z,21.84,70.12,100,125,33.47,98.86,13.00,491.00,null,null,null
2023-08-02T09:23:27Z,21.81,70.17,99,120,35.89,98.88,14.00,495.00,null,null,null
2023-08-02T09:24:27Z,21.82,70.09,100,113,35.54,98.88,14.00,495.00,null,null,null
2023-08-02T09:25:27Z,21.82,70.17,100,114,38.24,98.88,13.00,491.00,0,0,0
2023-08-02T09:26:27Z,21.85,70.18,100,107,37.84,98.88,14.00,495.00,null,null,null
2023-08-02T09:27:27Z,21.85,70.13,100,121,37.36,98.88,14.00,495.00,null,null,null
2023-08-02T09:28:27Z,21.82,70.14,99,138,41.67,98.88,14.00,495.00,null,null,null
2023-08-02T09:29:27Z,21.81,70.05,100,96,39.15,98.88,13.00,491.00,null,null,null
2023-08-02T09:30:27Z,21.81,69.96,100,88,40.66,98.88,13.00,491.00,0,0,0
2023-08-02T09:31:27Z,21.82,69.72,100,74,34.43,98.89,11.00,475.00,null,null,null
2023-08-02T09:32:27Z,21.84,69.75,99,79,35.12,98.88,11.00,478.00,null,null,null
2023-08-02T09:33:27Z,21.84,69.69,99,77,34.76,98.89,11.00,478.00,null,null,null
2023-08-02T09:34:27Z,21.81,69.66,100,85,35.61,98.88,12.00,482.00,null,null,null
2023-08-02T09:35:27Z,21.79,69.84,100,79,36.84,98.88,13.00,487.00,2,11,11
2023-08-02T09:36:27Z,21.81,69.83,100,124,42.64,98.88,12.00,483.00,null,null,null
2023-08-02T09:37:27Z,21.82,69.87,99,136,38.38,98.87,11.00,478.00,null,null,null
2023-08-02T09:38:27Z,21.84,69.63,99,103,37.14,98.87,12.00,483.00,null,null,null
2023-08-02T09:39:27Z,21.81,69.34,100,99,40.56,98.87,12.00,483.00,null,null,null
2023-08-02T09:40:27Z,21.78,69.35,99,98,38.60,98.88,11.00,478.00,0,0,0
2023-08-02T09:41:27Z,21.78,69.30,99,124,37.61,98.88,11.00,473.00,null,null,null
2023-08-02T09:42:27Z,21.81,69.35,100,103,37.74,98.88,11.00,473.00,null,null,null
2023-08-02T09:43:27Z,21.78,68.99,99,112,35.41,98.88,11.00,473.00,null,null,null
2023-08-02T09:44:27Z,21.78,68.92,100,84,34.76,98.88,10.00,472.00,null,null,null
2023-08-02T09:45:27Z,21.73,68.91,100,106,36.47,98.89,9.00,464.00,0,0,0
2023-08-02T09:46:27Z,21.78,68.93,99,109,38.34,98.87,15.00,505.00,null,null,null
2023-08-02T09:47:27Z,21.79,69.01,100,90,37.40,98.89,10.00,472.00,null,null,null
2023-08-02T09:48:27Z,21.76,68.85,100,121,35.92,98.89,10.00,472.00,null,null,null
2023-08-02T09:49:27Z,21.78,68.99,100,126,38.08,98.88,9.00,460.00,null,null,null
2023-08-02T09:50:27Z,21.75,69.16,100,107,42.20,98.87,9.00,464.00,0,0,0
2023-08-02T09:51:27Z,21.78,69.05,99,113,35.56,98.87,10.00,472.00,null,null,null
2023-08-02T09:52:27Z,21.75,69.01,100,105,39.27,98.88,12.00,482.00,null,null,null
2023-08-02T09:53:27Z,21.73,69.08,100,106,36.90,98.87,11.00,477.00,null,null,null
2023-08-02T09:54:27Z,21.79,69.11,100,100,41.67,98.86,18.00,520.00,null,null,null
2023-08-02T09:55:27Z,21.73,69.09,99,94,39.39,98.88,12.00,482.00,0,0,0
2023-08-02T09:56:27Z,21.78,69.03,100,81,36.32,98.87,18.00,520.00,null,null,null
2023-08-02T09:57:27Z,21.75,68.83,100,75,37.12,98.88,12.00,482.00,null,null,null
2023-08-02T09:58:27Z,21.79,68.86,100,62,37.21,98.88,11.00,477.00,null,null,null
2023-08-02T09:59:27Z,21.76,68.93,100,52,35.72,98.86,11.00,477.00,null,null,null
2023-08-02T10:00:27Z,21.75,68.73,100,55,37.55,98.87,11.00,477.00,0,0,0
2023-08-02T10:01:27Z,21.78,68.75,99,73,36.00,98.88,12.00,481.00,null,null,null
2023-08-02T10:02:27Z,21.78,68.79,99,78,36.32,98.86,11.00,477.00,null,null,null
2023-08-02T10:03:27Z,21.79,68.72,100,74,33.41,98.86,12.00,482.00,null,null,null
2023-08-02T10:04:27Z,21.78,68.84,100,110,39.71,98.86,12.00,481.00,null,null,null
2023-08-02T10:05:27Z,21.72,68.84,99,82,38.82,98.86,13.00,486.00,0,0,0
2023-08-02T10:06:27Z,21.76,69.17,100,118,39.88,98.86,19.00,527.00,null,null,null
2023-08-02T10:07:27Z,21.79,68.94,100,94,36.04,98.85,12.00,482.00,null,null,null
2023-08-02T10:08:27Z,21.76,68.93,100,87,35.61,98.85,12.00,482.00,null,null,null
2023-08-02T10:09:27Z,21.78,68.81,100,83,36.75,98.85,12.00,482.00,null,null,null
2023-08-02T10:10:27Z,21.73,68.79,100,84,33.94,98.85,12.00,482.00,0,0,10
2023-08-02T10:11:27Z,21.78,68.86,99,87,38.57,98.85,19.00,527.00,null,null,null
2023-08-02T10:12:27Z,21.81,68.99,99,85,33.92,98.85,12.00,482.00,null,null,null
2023-08-02T10:13:27Z,21.79,68.64,100,94,38.88,98.84,12.00,482.00,null,null,null
2023-08-02T10:14:27Z,21.76,68.44,99,103,36.27,98.85,12.00,481.00,null,null,null
2023-08-02T10:15:27Z,21.78,68.46,100,107,33.49,98.84,11.00,476.00,1,1,1
2023-08-02T10:16:27Z,21.78,68.49,99,110,36.94,98.84,11.00,476.00,null,null,null
2023-08-02T10:17:27Z,21.78,68.66,100,114,36.12,98.84,12.00,481.00,null,null,null
2023-08-02T10:18:27Z,21.81,68.76,100,119,35.31,98.84,13.00,486.00,null,null,null
2023-08-02T10:19:27Z,21.78,68.95,100,137,44.97,98.84,13.00,486.00,null,null,null
2023-08-02T10:20:27Z,21.78,68.85,100,129,39.36,98.84,12.00,482.00,0,0,0
2023-08-02T10:21:27Z,21.79,68.49,99,132,35.72,98.83,13.00,486.00,null,null,null
2023-08-02T10:22:27Z,21.78,68.48,99,133,40.70,98.83,13.00,486.00,null,null,null
2023-08-02T10:23:27Z,21.79,68.44,99,139,34.66,98.83,13.00,486.00,null,null,null
2023-08-02T10:24:27Z,21.78,68.48,100,160,37.69,98.83,13.00,486.00,null,null,null
2023-08-02T10:25:27Z,21.78,68.53,100,152,39.56,98.83,12.00,481.00,0,0,0
2023-08-02T10:26:27Z,21.79,68.86,100,138,38.50,98.83,12.00,481.00,null,null,null
2023-08-02T10:27:27Z,21.81,68.74,100,160,36.53,98.83,12.00,482.00,null,null,null
2023-08-02T10:28:27Z,21.81,68.84,100,146,37.88,98.83,13.00,486.00,null,null,null
2023-08-02T10:29:27Z,21.78,68.63,99,173,35.30,98.83,14.00,492.00,null,null,null
2023-08-02T10:30:27Z,21.79,68.52,99,143,38.01,98.82,13.00,486.00,0,0,0
2023-08-02T10:31:27Z,21.81,68.61,100,139,37.18,98.83,13.00,491.00,null,null,null
2023-08-02T10:32:27Z,21.82,68.13,100,133,35.44,98.82,13.00,486.00,null,null,null
2023-08-02T10:33:27Z,21.81,68.08,99,140,39.88,98.83,12.00,480.00,null,null,null
2023-08-02T10:34:27Z,21.79,67.95,99,136,37.51,98.83,11.00,475.00,null,null,null
2023-08-02T10:35:27Z,21.79,68.21,99,125,38.09,98.83,12.00,480.00,2,2,2
2023-08-02T10:36:27Z,21.81,68.35,99,110,33.76,98.84,12.00,485.00,null,null,null
2023-08-02T10:37:27Z,21.81,68.55,99,107,36.55,98.83,12.00,481.00,null,null,null
2023-08-02T10:38:27Z,21.81,68.49,100,103,40.53,98.82,12.00,481.00,null,null,null
2023-08-02T10:39:27Z,21.82,68.44,100,91,35.31,98.83,12.00,481.00,null,null,null
2023-08-02T10:40:27Z,21.75,68.52,100,86,35.87,98.83,12.00,481.00,0,0,0
2023-08-02T10:41:27Z,21.81,68.72,100,78,36.89,98.83,12.00,481.00,null,null,null
2023-08-02T10:42:27Z,21.82,68.86,100,71,37.14,98.83,13.00,486.00,null,null,null
2023-08-02T10:43:27Z,21.82,68.90,100,61,33.99,98.83,14.00,498.00,null,null,null
2023-08-02T10:44:27Z,21.79,68.89,100,76,35.85,98.83,15.00,502.00,null,null,null
2023-08-02T10:45:27Z,21.78,68.71,100,100,37.54,98.84,14.00,498.00,0,0,0
2023-08-02T10:46:27Z,21.82,68.92,100,110,37.02,98.84,15.00,502.00,null,null,null
2023-08-02T10:47:27Z,21.82,68.79,100,114,41.78,98.84,15.00,502.00,null,null,null
2023-08-02T10:48:27Z,21.82,68.57,99,109,36.88,98.83,15.00,502.00,null,null,null
2023-08-02T10:49:27Z,21.82,68.68,100,102,37.07,98.83,15.00,502.00,null,null,null
2023-08-02T10:50:27Z,21.82,68.65,100,107,31.90,98.84,15.00,502.00,0,0,0
2023-08-02T10:51:27Z,21.84,68.18,100,111,41.65,98.84,15.00,502.00,null,null,null
2023-08-02T10:52:27Z,21.84,67.92,100,116,39.08,98.84,15.00,500.00,null,null,null
2023-08-02T10:53:27Z,21.84,68.53,100,114,38.78,98.83,13.00,491.00,null,null,null
2023-08-02T10:54:27Z,21.82,69.33,100,156,34.84,98.83,15.00,502.00,null,null,null
2023-08-02T10:55:27Z,21.82,69.12,100,125,39.68,98.83,14.00,495.00,0,0,0
2023-08-02T10:56:27Z,21.86,69.18,99,97,35.70,98.83,15.00,502.00,null,null,null
2023-08-02T10:57:27Z,21.86,69.04,100,88,37.60,98.83,16.00,508.00,null,null,null
2023-08-02T10:58:27Z,21.88,69.02,99,78,35.63,98.84,16.00,508.00,null,null,null
2023-08-02T10:59:27Z,21.89,68.98,100,73,35.77,98.82,16.00,508.00,null,null,null
2023-08-02T11:00:27Z,21.86,68.84,100,77,42.63,98.82,16.00,508.00,0,0,0
2023-08-02T11:01:27Z,21.86,68.87,99,76,43.94,98.83,15.00,502.00,null,null,null
2023-08-02T11:02:27Z,21.85,68.45,100,71,36.01,98.84,16.00,508.00,null,null,null
2023-08-02T11:03:27Z,21.86,68.41,100,68,33.25,98.84,17.00,517.00,null,null,null
2023-08-02T11:04:27Z,21.88,68.18,99,69,35.22,98.84,16.00,506.00,null,null,null
2023-08-02T11:05:27Z,21.88,68.18,100,74,36.31,98.84,16.00,506.00,0,0,0
2023-08-02T11:06:27Z,21.88,68.13,100,75,35.94,98.84,15.00,500.00,null,null,null
2023-08-02T11:07:27Z,21.86,68.18,100,78,35.40,98.84,15.00,500.00,null,null,null
2023-08-02T11:08:27Z,21.90,68.09,99,84,36.85,98.84,15.00,500.00,null,null,null
2023-08-02T11:09:27Z,21.86,68.03,100,79,40.13,98.83,15.00,500.00,null,null,null
2023-08-02T11:10:27Z,21.85,68.06,100,78,37.79,98.84,15.00,500.00,0,0,0
2023-08-02T11:11:27Z,21.88,67.95,100,78,38.50,98.84,15.00,500.00,null,null,null
2023-08-02T11:12:27Z,21.88,67.92,100,81,34.67,98.83,14.00,495.00,null,null,null
2023-08-02T11:13:27Z,21.86,67.87,100,106,36.92,98.84,14.00,495.00,null,null,null
2023-08-02T11:14:27Z,21.89,67.92,100,124,35.66,98.84,13.00,491.00,null,null,null
2023-08-02T11:15:27Z,21.88,67.86,99,132,43.42,98.83,14.00,495.00,0,0,0
2023-08-02T11:16:27Z,21.89,67.80,100,175,38.10,98.82,12.00,485.00,null,null,null
2023-08-02T11:17:27Z,21.86,67.73,100,172,38.37,98.83,13.00,491.00,null,null,null
2023-08-02T11:18:27Z,21.86,67.47,100,168,37.71,98.82,13.00,491.00,null,null,null
2023-08-02T11:19:27Z,21.89,67.29,100,126,40.10,98.83,12.00,485.00,null,null,null
2023-08-02T11:20:27Z,21.88,67.15,100,138,38.16,98.82,12.00,480.00,0,0,0
2023-08-02T11:21:27Z,21.88,67.13,100,124,34.96,98.82,12.00,480.00,null,null,null
2023-08-02T11:22:27Z,21.90,67.09,100,123,35.68,98.81,13.00,488.00,null,null,null
2023-08-02T11:23:27Z,21.89,67.19,100,134,35.33,98.82,12.00,483.00,null,null,null
2023-08-02T11:24:27Z,21.88,67.17,100,135,35.29,98.81,12.00,483.00,null,null,null
2023-08-02T11:25:27Z,21.89,67.02,100,118,33.74,98.82,12.00,483.00,0,0,0
2023-08-02T11:26:27Z,21.90,67.05,100,120,36.78,98.81,11.00,475.00,null,null,null
2023-08-02T11:27:27Z,21.90,67.01,99,116,34.53,98.82,11.00,475.00,null,null,null
2023-08-02T11:28:27Z,21.90,66.99,100,109,38.14,98.82,11.00,475.00,null,null,null
2023-08-02T11:29:27Z,21.92,66.94,100,98,31.60,98.82,11.00,475.00,null,null,null
2023-08-02T11:30:27Z,21.88,66.78,99,96,33.84,98.83,11.00,475.00,0,0,0
2023-08-02T11:31:27Z,21.89,66.83,100,95,35.51,98.82,11.00,475.00,null,null,null
2023-08-02T11:32:27Z,21.90,66.73,100,110,32.19,98.83,9.00,465.00,null,null,null
2023-08-02T11:33:27Z,21.90,66.81,100,113,43.70,98.81,10.00,472.00,null,null,null
2023-08-02T11:34:27Z,21.90,66.79,100,110,35.89,98.83,9.00,465.00,null,null,null
2023-08-02T11:35:27Z,21.89,66.43,100,92,34.49,98.82,8.00,457.00,1,1,1
2023-08-02T11:36:27Z,21.93,66.51,100,93,34.77,98.82,6.00,444.00,null,null,null
2023-08-02T11:37:27Z,21.90,66.34,100,96,32.53,98.82,7.00,448.00,null,null,null
2023-08-02T11:38:27Z,21.89,66.39,100,81,34.10,98.83,6.00,444.00,null,null,null
2023-08-02T11:39:27Z,21.88,66.31,99,66,35.17,98.82,5.00,435.00,null,null,null
2023-08-02T11:40:27Z,21.89,66.28,100,60,38.07,98.83,4.00,428.00,0,0,0
2023-08-02T11:41:27Z,21.86,66.09,100,61,33.55,98.81,4.00,428.00,null,null,null
2023-08-02T11:42:27Z,21.88,65.95,99,63,42.40,98.83,3.00,421.00,null,null,null
2023-08-02T11:43:27Z,21.85,65.94,100,68,37.54,98.83,3.00,421.00,null,null,null
2023-08-02T11:44:27Z,21.86,65.89,100,77,32.92,98.83,3.00,421.00,null,null,null
2023-08-02T11:45:27Z,21.82,65.76,99,92,37.19,98.83,3.00,421.00,2,2,2
2023-08-02T11:46:27Z,21.82,65.75,100,107,38.10,98.83,1.00,409.00,null,null,null
2023-08-02T11:47:27Z,21.85,65.83,99,126,35.13,98.82,1.00,409.00,null,null,null
2023-08-02T11:48:27Z,21.84,65.75,100,136,34.92,98.82,1.00,411.00,null,null,null
2023-08-02T11:49:27Z,21.81,65.95,100,140,38.38,98.82,1.00,411.00,null,null,null
2023-08-02T11:50:27Z,21.82,65.98,100,143,32.40,98.82,2.00,416.00,0,0,0
2023-08-02T11:51:27Z,21.84,66.06,100,143,37.10,98.81,2.00,416.00,null,null,null
2023-08-02T11:52:27Z,21.82,66.09,100,143,33.56,98.81,3.00,421.00,null,null,null
2023-08-02T11:53:27Z,21.84,66.28,100,132,38.28,98.81,4.00,428.00,null,null,null
2023-08-02T11:54:27Z,21.84,66.17,100,114,33.07,98.82,3.00,421.00,null,null,null
2023-08-02T11:55:27Z,21.78,66.23,99,102,40.31,98.82,3.00,421.00,3,3,3
2023-08-02T11:56:27Z,21.82,66.22,99,94,35.92,98.80,3.00,425.00,null,null,null
2023-08-02T11:57:27Z,21.82,66.04,100,78,33.06,98.81,3.00,421.00,null,null,null
2023-08-02T11:58:27Z,21.79,65.88,99,59,42.66,98.81,1.00,411.00,null,null,null
2023-08-02T11:59:27Z,21.79,66.03,100,47,38.39,98.82,1.00,411.00,null,null,null
2023-08-02T12:00:27Z,21.76,66.08,99,44,38.56,98.82,1.00,409.00,1,1,16
2023-08-02T12:01:27Z,21.76,66.18,100,45,35.31,98.82,1.00,409.00,null,null,null
2023-08-02T12:02:27Z,21.78,66.37,100,52,38.34,98.82,1.00,409.00,null,null,null
2023-08-02T12:03:27Z,21.82,66.60,100,68,34.03,98.81,1.00,409.00,null,null,null
2023-08-02T12:04:27Z,21.78,66.79,100,83,35.33,98.81,0.00,405.00,null,null,null
2023-08-02T12:05:27Z,21.75,66.89,100,91,34.94,98.81,0.00,400.00,1,1,8
2023-08-02T12:06:27Z,21.76,66.88,99,105,40.21,98.82,0.00,400.00,null,null,null
2023-08-02T12:07:27Z,21.75,67.00,99,122,34.50,98.82,1.00,407.00,null,null,null
2023-08-02T12:08:27Z,21.78,67.31,99,127,38.00,98.82,2.00,416.00,null,null,null
2023-08-02T12:09:27Z,21.78,67.39,99,132,38.18,98.81,2.00,417.00,null,null,null
2023-08-02T12:10:27Z,21.78,67.41,100,125,33.11,98.81,3.00,421.00,1,1,1
2023-08-02T12:11:27Z,21.79,67.25,100,120,35.60,98.81,4.00,432.00,null,null,null
2023-08-02T12:12:27Z,21.81,67.26,100,117,36.18,98.81,5.00,436.00,null,null,null
2023-08-02T12:13:27Z,21.82,67.23,100,111,34.06,98.81,5.00,436.00,null,null,null
2023-08-02T12:14:27Z,21.81,67.33,99,106,35.97,98.81,6.00,444.00,null,null,null
2023-08-02T12:15:27Z,21.79,67.35,99,99,32.48,98.81,6.00,441.00,1,1,1
2023-08-02T12:16:27Z,21.85,67.35,99,93,36.21,98.80,6.00,445.00,null,null,null
2023-08-02T12:17:27Z,21.82,67.32,100,82,46.95,98.80,7.00,450.00,null,null,null
2023-08-02T12:18:27Z,21.84,67.46,100,72,42.86,98.81,7.00,450.00,null,null,null
2023-08-02T12:19:27Z,21.85,67.47,100,62,33.08,98.80,8.00,455.00,null,null,null
2023-08-02T12:20:27Z,21.84,67.47,100,61,37.02,98.80,8.00,457.00,0,0,0
2023-08-02T12:21:27Z,21.84,67.45,99,59,34.58,98.80,8.00,457.00,null,null,null
2023-08-02T12:22:27Z,21.85,67.48,100,53,35.29,98.80,8.00,457.00,null,null,null
2023-08-02T12:23:27Z,21.88,67.49,100,48,37.68,98.80,9.00,462.00,null,null,null
2023-08-02T12:24:27Z,21.82,67.61,100,45,49.16,98.80,9.00,465.00,null,null,null
2023-08-02T12:25:27Z,21.82,67.57,100,46,44.56,98.80,9.00,465.00,2,3,3
2023-08-02T12:26:27Z,21.86,67.65,100,61,34.06,98.79,9.00,465.00,null,null,null
2023-08-02T12:27:27Z,21.88,67.63,100,64,36.13,98.78,9.00,465.00,null,null,null
2023-08-02T12:28:27Z,21.89,67.77,99,68,30.98,98.78,11.00,478.00,null,null,null
2023-08-02T12:29:27Z,21.84,67.76,100,72,34.25,98.78,11.00,478.00,null,null,null
2023-08-02T12:30:27Z,21.88,67.85,100,76,34.62,98.78,12.00,483.00,1,1,1
2023-08-02T12:31:27Z,21.88,67.86,99,72,36.99,98.78,13.00,488.00,null,null,null
2023-08-02T12:32:27Z,21.88,67.87,100,65,33.19,98.77,12.00,483.00,null,null,null
2023-08-02T12:33:27Z,21.89,67.87,100,59,32.55,98.78,12.00,483.00,null,null,null
2023-08-02T12:34:27Z,21.89,67.90,99,51,34.02,98.77,11.00,478.00,null,null,null
2023-08-02T12:35:27Z,21.89,67.94,100,43,34.36,98.77,11.00,478.00,0,0,0
2023-08-02T12:36:27Z,21.90,68.04,100,38,32.87,98.77,11.00,473.00,null,null,null
2023-08-02T12:37:27Z,21.92,68.06,100,39,35.50,98.77,11.00,473.00,null,null,null
2023-08-02T12:38:27Z,21.89,68.04,100,42,35.63,98.76,10.00,466.00,null,null,null
2023-08-02T12:39:27Z,21.86,67.98,100,44,37.65,98.77,10.00,466.00,null,null,null
2023-08-02T12:40:27Z,21.86,68.02,100,49,33.25,98.77,8.00,457.00,1,1,1
2023-08-02T12:41:27Z,21.88,68.02,100,54,35.33,98.76,7.00,452.00,null,null,null
2023-08-02T12:42:27Z,21.89,67.95,99,57,38.17,98.76,7.00,452.00,null,null,null
2023-08-02T12:43:27Z,21.89,67.97,99,58,34.80,98.76,8.00,457.00,null,null,null
2023-08-02T12:44:27Z,21.88,68.01,100,58,33.82,98.76,8.00,457.00,null,null,null
2023-08-02T12:45:27Z,21.85,68.03,99,56,42.79,98.76,7.00,452.00,1,1,1
2023-08-02T12:46:27Z,21.89,68.00,100,55,36.23,98.77,7.00,450.00,null,null,null
2023-08-02T12:47:27Z,21.88,67.99,100,53,37.71,98.76,7.00,452.00,null,null,null
2023-08-02T12:48:27Z,21.88,67.97,100,50,31.45,98.76,7.00,450.00,null,null,null
2023-08-02T12:49:27Z,21.88,68.00,99,49,33.19,98.75,7.00,450.00,null,null,null
2023-08-02T12:50:27Z,21.88,68.03,100,49,41.26,98.76,7.00,450.00,0,0,0
2023-08-02T12:51:27Z,21.89,68.03,100,47,37.40,98.75,6.00,445.00,null,null,null
2023-08-02T12:52:27Z,21.89,68.03,100,45,31.67,98.76,7.00,450.00,null,null,null
2023-08-02T12:53:27Z,21.86,68.08,100,43,37.99,98.76,7.00,450.00,null,null,null
2023-08-02T12:54:27Z,21.89,68.15,100,42,36.89,98.76,7.00,450.00,null,null,null
2023-08-02T12:55:27Z,21.86,68.16,100,42,31.87,98.75,6.00,441.00,0,0,0
2023-08-02T12:56:27Z,21.90,68.25,100,42,37.28,98.75,6.00,445.00,null,null,null
2023-08-02T12:57:27Z,21.88,68.19,100,42,35.16,98.75,6.00,442.00,null,null,null
2023-08-02T12:58:27Z,21.89,68.18,100,41,33.47,98.75,7.00,450.00,null,null,null
2023-08-02T12:59:27Z,21.88,68.23,100,40,34.81,98.75,7.00,452.00,null,null,null
2023-08-02T13:00:27Z,21.88,68.30,100,38,35.65,98.74,7.00,452.00,0,0,0
2023-08-02T13:01:27Z,21.90,68.34,99,38,34.75,98.74,7.00,446.00,null,null,null
2023-08-02T13:02:27Z,21.89,68.34,100,38,40.34,98.74,7.00,446.00,null,null,null
2023-08-02T13:03:27Z,21.85,68.31,100,40,32.03,98.74,7.00,446.00,null,null,null
2023-08-02T13:04:27Z,21.86,68.39,99,39,37.43,98.74,7.00,448.00,null,null,null
2023-08-02T13:05:27Z,21.89,68.46,99,39,32.95,98.73,8.00,454.00,0,0,0
2023-08-02T13:06:27Z,21.88,68.47,100,41,33.55,98.74,7.00,448.00,null,null,null
2023-08-02T13:07:27Z,21.89,68.32,100,42,40.66,98.73,8.00,454.00,null,null,null
2023-08-02T13:08:27Z,21.88,68.47,99,46,34.67,98.73,8.00,454.00,null,null,null
2023-08-02T13:09:27Z,21.89,68.52,100,49,37.53,98.73,8.00,454.00,null,null,null
2023-08-02T13:10:27Z,21.89,68.56,100,48,36.94,98.73,7.00,448.00,0,0,0
2023-08-02T13:11:27Z,21.86,68.55,100,51,33.29,98.73,7.00,448.00,null,null,null
2023-08-02T13:12:27Z,21.89,68.58,100,56,38.81,98.73,7.00,448.00,null,null,null
2023-08-02T13:13:27Z,21.90,68.61,100,56,52.86,98.73,8.00,454.00,null,null,null
2023-08-02T13:14:27Z,21.88,68.52,100,55,36.63,98.72,8.00,457.00,null,null,null
2023-08-02T13:15:27Z,21.85,68.55,99,54,44.03,98.73,8.00,457.00,0,0,0
2023-08-02T13:16:27Z,21.89,68.48,99,51,35.98,98.73,8.00,457.00,null,null,null
2023-08-02T13:17:27Z,21.89,68.46,99,55,35.78,98.72,9.00,463.00,null,null,null
2023-08-02T13:18:27Z,21.88,68.51,100,60,32.03,98.72,9.00,463.00,null,null,null
2023-08-02T13:19:27Z,21.85,68.57,100,56,36.96,98.72,9.00,463.00,null,null,null
2023-08-02T13:20:27Z,21.86,68.64,100,53,33.03,98.72,10.00,466.00,0,0,0
2023-08-02T13:21:27Z,21.89,68.93,99,53,35.83,98.72,9.00,463.00,null,null,null
2023-08-02T13:22:27Z,21.86,69.11,100,62,39.03,98.71,7.00,450.00,null,null,null
2023-08-02T13:23:27Z,21.89,69.05,99,71,42.21,98.71,7.00,450.00,null,null,null
2023-08-02T13:24:27Z,21.86,69.15,99,69,32.66,98.71,6.00,445.00,null,null,null
2023-08-02T13:25:27Z,21.82,69.28,100,70,35.11,98.71,6.00,445.00,0,0,0
2023-08-02T13:26:27Z,21.84,69.30,100,70,32.96,98.71,5.00,439.00,null,null,null
2023-08-02T13:27:27Z,21.88,69.17,100,69,38.68,98.71,6.00,442.00,null,null,null
2023-08-02T13:28:27Z,21.85,69.14,99,67,33.84,98.70,6.00,445.00,null,null,null
2023-08-02T13:29:27Z,21.88,69.15,100,56,31.68,98.70,6.00,445.00,null,null,null
2023-08-02T13:30:27Z,21.84,69.09,99,52,35.27,98.70,8.00,454.00,0,0,0
2023-08-02T13:31:27Z,21.86,69.08,100,45,34.73,98.71,9.00,460.00,null,null,null
2023-08-02T13:32:27Z,21.86,69.07,100,34,42.93,98.71,9.00,460.00,null,null,null
2023-08-02T13:33:27Z,21.88,68.95,100,30,32.13,98.70,9.00,463.00,null,null,null
2023-08-02T13:34:27Z,21.85,68.94,100,32,31.62,98.70,9.00,463.00,null,null,null
2023-08-02T13:35:27Z,21.82,68.94,100,33,36.67,98.70,9.00,463.00,0,0,0
2023-08-02T13:36:27Z,21.86,68.93,99,36,33.02,98.71,10.00,470.00,null,null,null
2023-08-02T13:37:27Z,21.88,69.00,100,32,46.73,98.71,9.00,463.00,null,null,null
2023-08-02T13:38:27Z,21.88,68.90,100,30,36.93,98.71,10.00,470.00,null,null,null
2023-08-02T13:39:27Z,21.86,68.92,100,29,44.60,98.70,11.00,476.00,null,null,null
2023-08-02T13:40:27Z,21.88,68.95,100,30,36.02,98.70,11.00,476.00,0,0,0
2023-08-02T13:41:27Z,21.88,69.00,100,29,35.53,98.70,11.00,476.00,null,null,null
2023-08-02T13:42:27Z,21.88,68.91,100,23,36.27,98.69,10.00,470.00,null,null,null
2023-08-02T13:43:27Z,21.86,68.87,99,22,38.24,98.70,11.00,476.00,null,null,null
2023-08-02T13:44:27Z,21.85,68.90,99,27,34.28,98.70,11.00,476.00,null,null,null
2023-08-02T13:45:27Z,21.85,68.90,100,29,42.04,98.69,11.00,476.00,0,0,0
2023-08-02T13:46:27Z,21.89,68.93,99,31,31.38,98.69,11.00,476.00,null,null,null
2023-08-02T13:47:27Z,21.90,68.83,99,32,34.39,98.69,11.00,476.00,null,null,null
2023-08-02T13:48:27Z,21.89,68.75,100,33,39.83,98.69,12.00,481.00,null,null,null
2023-08-02T13:49:27Z,21.86,68.80,100,40,37.34,98.69,12.00,481.00,null,null,null
2023-08-02T13:50:27Z,21.88,68.79,100,43,41.92,98.69,11.00,476.00,0,0,0
2023-08-02T13:51:27Z,21.88,68.77,100,39,33.19,98.68,12.00,481.00,null,null,null
2023-08-02T13:52:27Z,21.90,68.82,99,37,39.35,98.68,12.00,481.00,null,null,null
2023-08-02T13:53:27Z,21.88,68.81,100,44,37.54,98.69,12.00,481.00,null,null,null
2023-08-02T13:54:27Z,21.88,68.95,100,47,31.96,98.68,13.00,486.00,null,null,null
2023-08-02T13:55:27Z,21.86,68.99,100,44,37.55,98.68,12.00,481.00,0,0,0
2023-08-02T13:56:27Z,21.88,69.05,100,41,35.08,98.68,13.00,486.00,null,null,null
2023-08-02T13:57:27Z,21.89,68.94,100,35,35.04,98.68,13.00,486.00,null,null,null
2023-08-02T13:58:27Z,21.90,68.85,99,39,30.69,98.68,13.00,486.00,null,null,null
2023-08-02T13:59:27Z,21.88,68.81,100,43,32.01,98.68,13.00,486.00,null,null,null
2023-08-02T14:00:27Z,21.89,68.86,100,42,35.13,98.68,12.00,481.00,0,0,0
2023-08-02T14:01:27Z,21.90,68.91,99,48,33.29,98.67,12.00,481.00,null,null,null
2023-08-02T14:02:27Z,21.90,68.89,100,52,31.17,98.67,13.00,486.00,null,null,null
2023-08-02T14:03:27Z,21.88,68.89,100,59,34.16,98.67,13.00,486.00,null,null,null
2023-08-02T14:04:27Z,21.88,69.06,100,70,37.54,98.66,13.00,486.00,null,null,null
2023-08-02T14:05:27Z,21.90,69.19,99,78,34.14,98.66,13.00,486.00,0,3,3
2023-08-02T14:06:27Z,21.90,69.32,100,80,34.03,98.66,13.00,486.00,null,null,null
2023-08-02T14:07:27Z,21.92,69.43,100,83,34.47,98.66,13.00,486.00,null,null,null
2023-08-02T14:08:27Z,21.90,69.33,100,79,45.24,98.66,12.00,482.00,null,null,null
2023-08-02T14:09:27Z,21.89,69.73,100,67,32.74,98.65,11.00,477.00,null,null,null
2023-08-02T14:10:27Z,21.89,69.53,100,57,33.85,98.66,11.00,477.00,2,2,2
2023-08-02T14:11:27Z,21.89,69.75,99,59,34.12,98.65,11.00,477.00,null,null,null
2023-08-02T14:12:27Z,21.93,69.39,100,52,32.39,98.65,9.00,465.00,null,null,null
2023-08-02T14:13:27Z,21.93,69.57,99,49,38.12,98.65,11.00,477.00,null,null,null
2023-08-02T14:14:27Z,21.88,69.96,100,44,33.82,98.65,12.00,482.00,null,null,null
2023-08-02T14:15:27Z,21.90,69.87,100,41,31.82,98.65,11.00,473.00,0,0,0
2023-08-02T14:16:27Z,21.90,69.96,99,36,33.22,98.65,9.00,465.00,null,null,null
2023-08-02T14:17:27Z,21.90,69.69,100,37,31.45,98.65,11.00,473.00,null,null,null
2023-08-02T14:18:27Z,21.92,69.78,100,35,33.57,98.64,11.00,477.00,null,null,null
2023-08-02T14:19:27Z,21.90,69.65,100,33,39.87,98.65,9.00,465.00,null,null,null
2023-08-02T14:20:27Z,21.92,69.64,100,33,32.61,98.65,11.00,477.00,0,0,0
2023-08-02T14:21:27Z,21.90,69.68,100,42,36.16,98.65,11.00,477.00,null,null,null
2023-08-02T14:22:27Z,21.89,69.54,99,57,31.88,98.64,12.00,482.00,null,null,null
2023-08-02T14:23:27Z,21.90,69.80,100,56,36.35,98.64,10.00,472.00,null,null,null
2023-08-02T14:24:27Z,21.89,69.72,100,67,34.72,98.64,11.00,473.00,null,null,null
2023-08-02T14:25:27Z,21.89,69.68,100,69,35.41,98.64,11.00,473.00,0,0,0
2023-08-02T14:26:27Z,21.90,69.69,100,66,44.37,98.64,11.00,477.00,null,null,null
2023-08-02T14:27:27Z,21.92,69.66,100,59,39.18,98.64,12.00,482.00,null,null,null
2023-08-02T14:28:27Z,21.90,69.66,99,62,33.06,98.64,13.00,486.00,null,null,null
2023-08-02T14:29:27Z,21.90,69.82,100,61,36.78,98.63,12.00,482.00,null,null,null
2023-08-02T14:30:27Z,21.92,69.88,99,64,31.83,98.63,12.00,482.00,0,0,0
2023-08-02T14:31:27Z,21.90,70.02,99,73,36.18,98.63,11.00,478.00,null,null,null
2023-08-02T14:32:27Z,21.92,69.92,100,80,33.17,98.63,11.00,478.00,null,null,null
2023-08-02T14:33:27Z,21.90,69.79,99,81,32.46,98.63,11.00,478.00,null,null,null
2023-08-02T14:34:27Z,21.90,70.01,100,93,33.72,98.62,11.00,478.00,null,null,null
2023-08-02T14:35:27Z,21.89,70.08,99,100,40.64,98.63,11.00,473.00,0,0,0
2023-08-02T14:36:27Z,21.93,70.12,100,103,34.90,98.62,11.00,473.00,null,null,null
2023-08-02T14:37:27Z,21.95,69.89,100,120,32.99,98.62,11.00,478.00,null,null,null
2023-08-02T14:38:27Z,21.90,69.84,100,126,40.30,98.62,11.00,478.00,null,null,null
2023-08-02T14:39:27Z,21.92,69.88,100,150,31.28,98.62,11.00,478.00,null,null,null
2023-08-02T14:40:27Z,21.92,69.97,100,155,36.45,98.62,11.00,478.00,0,0,16
2023-08-02T14:41:27Z,21.95,70.00,99,139,32.31,98.62,12.00,482.00,null,null,null
2023-08-02T14:42:27Z,21.90,69.98,100,120,34.50,98.62,12.00,482.00,null,null,null
2023-08-02T14:43:27Z,21.95,70.00,99,98,35.48,98.61,12.00,482.00,null,null,null
2023-08-02T14:44:27Z,21.90,70.04,100,101,37.77,98.62,11.00,478.00,null,null,null
2023-08-02T14:45:27Z,21.92,70.14,100,132,36.74,98.61,11.00,478.00,0,1,1
2023-08-02T14:46:27Z,21.93,70.03,100,152,32.16,98.61,11.00,478.00,null,null,null
2023-08-02T14:47:27Z,21.95,70.03,100,140,34.03,98.61,13.00,487.00,null,null,null
2023-08-02T14:48:27Z,21.93,70.02,100,120,33.28,98.61,12.00,482.00,null,null,null
2023-08-02T14:49:27Z,21.95,70.19,99,111,34.35,98.61,12.00,482.00,null,null,null
2023-08-02T14:50:27Z,21.93,70.60,100,101,34.17,98.61,13.00,487.00,0,1,1
2023-08-02T14:51:27Z,21.93,70.47,100,99,44.03,98.60,11.00,475.00,null,null,null
2023-08-02T14:52:27Z,21.95,70.42,100,86,35.62,98.60,12.00,483.00,null,null,null
2023-08-02T14:53:27Z,21.92,70.24,100,76,44.76,98.60,13.00,491.00,null,null,null
2023-08-02T14:54:27Z,21.92,70.28,100,80,36.90,98.60,13.00,487.00,null,null,null
2023-08-02T14:55:27Z,21.93,70.44,99,79,32.03,98.60,12.00,483.00,0,0,0
2023-08-02T14:56:27Z,21.95,70.92,100,69,38.08,98.60,13.00,491.00,null,null,null
2023-08-02T14:57:27Z,21.96,70.83,99,65,39.38,98.60,12.00,480.00,null,null,null
2023-08-02T14:58:27Z,21.95,70.79,99,67,35.33,98.60,13.00,486.00,null,null,null
2023-08-02T14:59:27Z,21.95,70.83,100,78,38.26,98.60,12.00,480.00,null,null,null
2023-08-02T15:00:27Z,21.95,70.94,99,91,32.65,98.59,12.00,480.00,0,0,0
2023-08-02T15:01:27Z,21.95,71.06,100,96,33.12,98.59,12.00,480.00,null,null,null
2023-08-02T15:02:27Z,21.92,71.03,100,95,32.94,98.59,12.00,480.00,null,null,null
2023-08-02T15:03:27Z,21.96,70.81,100,92,34.04,98.59,12.00,480.00,null,null,null
2023-08-02T15:04:27Z,21.97,71.21,99,85,32.48,98.59,11.00,475.00,null,null,null
2023-08-02T15:05:27Z,21.93,70.98,99,81,33.62,98.59,12.00,480.00,0,0,16
2023-08-02T15:06:27Z,21.95,71.14,99,85,34.71,98.59,12.00,480.00,null,null,null
2023-08-02T15:07:27Z,21.95,71.24,100,88,37.24,98.58,12.00,480.00,null,null,null
2023-08-02T15:08:27Z,21.96,71.37,100,90,34.33,98.59,12.00,480.00,null,null,null
2023-08-02T15:09:27Z,21.97,71.42,100,94,36.84,98.58,11.00,475.00,null,null,null
2023-08-02T15:10:27Z,21.93,71.62,100,95,31.86,98.58,12.00,481.00,0,0,0
2023-08-02T15:11:27Z,21.96,71.61,100,90,33.97,98.58,9.00,463.00,null,null,null
2023-08-02T15:12:27Z,21.99,71.57,100,84,46.01,98.58,11.00,475.00,null,null,null
2023-08-02T15:13:27Z,21.97,71.57,100,80,34.53,98.59,11.00,475.00,null,null,null
2023-08-02T15:14:27Z,21.96,71.61,99,78,34.33,98.58,11.00,475.00,null,null,null
2023-08-02T15:15:27Z,21.97,71.35,100,76,54.19,98.58,11.00,475.00,0,0,0
2023-08-02T15:16:27Z,21.97,71.65,99,79,34.07,98.59,11.00,475.00,null,null,null
2023-08-02T15:17:27Z,21.97,71.64,99,86,32.66,98.58,11.00,475.00,null,null,null
2023-08-02T15:18:27Z,21.99,71.55,100,94,35.24,98.58,11.00,475.00,null,null,null
2023-08-02T15:19:27Z,21.96,71.32,100,101,36.11,98.57,11.00,475.00,null,null,null
2023-08-02T15:20:27Z,21.96,71.66,100,104,32.80,98.57,11.00,475.00,0,0,0
2023-08-02T15:21:27Z,21.99,71.58,100,114,34.55,98.57,12.00,481.00,null,null,null
2023-08-02T15:22:27Z,21.97,71.65,100,109,34.02,98.57,11.00,475.00,null,null,null
2023-08-02T15:23:27Z,21.97,71.70,100,110,31.11,98.57,12.00,481.00,null,null,null
2023-08-02T15:24:27Z,21.97,71.61,100,109,33.97,98.57,11.00,475.00,null,null,null
2023-08-02T15:25:27Z,21.96,71.64,100,110,38.11,98.57,11.00,475.00,0,0,0
2023-08-02T15:26:27Z,21.96,71.71,100,106,35.42,98.57,11.00,475.00,null,null,null
2023-08-02T15:27:27Z,22.02,71.71,99,106,33.64,98.57,10.00,466.00,null,null,null
2023-08-02T15:28:27Z,22.00,71.68,100,103,35.40,98.57,11.00,475.00,null,null,null
2023-08-02T15:29:27Z,22.00,71.74,100,99,39.32,98.57,11.00,475.00,null,null,null
2023-08-02T15:30:27Z,22.00,71.68,100,93,33.16,98.57,12.00,481.00,0,0,0
2023-08-02T15:31:27Z,22.02,71.62,100,83,31.86,98.58,10.00,466.00,null,null,null
2023-08-02T15:32:27Z,22.05,71.45,100,68,31.56,98.57,12.00,481.00,null,null,null
2023-08-02T15:33:27Z,21.99,71.62,100,51,33.11,98.57,11.00,475.00,null,null,null
2023-08-02T15:34:27Z,22.00,71.75,100,40,33.82,98.57,12.00,481.00,null,null,null
2023-08-02T15:35:27Z,22.02,71.82,99,35,31.38,98.57,10.00,472.00,0,0,21
2023-08-02T15:36:27Z,22.02,71.47,100,30,34.21,98.57,10.00,472.00,null,null,null
2023-08-02T15:37:27Z,22.02,71.48,100,26,33.35,98.58,11.00,475.00,null,null,null
2023-08-02T15:38:27Z,22.00,71.45,100,23,31.53,98.58,12.00,481.00,null,null,null
2023-08-02T15:39:27Z,22.00,71.38,100,23,33.24,98.58,12.00,481.00,null,null,null
2023-08-02T15:40:27Z,22.00,71.38,100,22,33.86,98.58,12.00,481.00,1,2,2
2023-08-02T15:41:27Z,22.00,71.42,100,22,32.31,98.58,12.00,481.00,null,null,null
2023-08-02T15:42:27Z,22.02,71.34,99,24,31.02,98.59,12.00,485.00,null,null,null
2023-08-02T15:43:27Z,22.03,71.24,100,29,33.12,98.59,12.00,481.00,null,null,null
2023-08-02T15:44:27Z,22.00,71.34,100,31,33.17,98.58,13.00,491.00,null,null,null
2023-08-02T15:45:27Z,21.97,71.72,100,35,31.22,98.58,12.00,485.00,1,1,1
2023-08-02T15:46:27Z,22.02,71.85,100,42,36.44,98.58,12.00,481.00,null,null,null
2023-08-02T15:47:27Z,22.03,71.77,100,45,39.13,98.59,12.00,481.00,null,null,null
2023-08-02T15:48:27Z,22.05,71.53,99,48,41.79,98.58,12.00,482.00,null,null,null
2023-08-02T15:49:27Z,22.02,71.56,100,47,40.52,98.58,12.00,481.00,null,null,null
2023-08-02T15:50:27Z,22.02,71.49,100,44,33.69,98.58,12.00,485.00,0,0,0
2023-08-02T15:51:27Z,22.05,71.51,100,39,40.57,98.59,12.00,481.00,null,null,null
2023-08-02T15:52:27Z,22.02,71.39,99,33,36.51,98.59,12.00,485.00,null,null,null
2023-08-02T15:53:27Z,22.00,71.24,100,29,34.85,98.59,12.00,481.00,null,null,null
2023-08-02T15:54:27Z,22.00,71.12,99,26,33.08,98.59,13.00,491.00,null,null,null
2023-08-02T15:55:27Z,21.99,71.12,100,24,32.24,98.59,13.00,491.00,0,0,10
2023-08-02T15:56:27Z,22.03,71.11,100,21,37.72,98.59,13.00,491.00,null,null,null
2023-08-02T15:57:27Z,22.03,71.27,99,19,42.01,98.59,14.00,496.00,null,null,null
2023-08-02T15:58:27Z,22.05,71.26,99,17,39.65,98.58,13.00,491.00,null,null,null
2023-08-02T15:59:27Z,22.02,71.23,100,16,33.27,98.59,12.00,485.00,null,null,null
2023-08-02T16:00:27Z,22.03,71.11,100,13,34.23,98.59,14.00,496.00,0,0,0
2023-08-02T16:01:27Z,22.05,71.09,100,13,33.94,98.59,14.00,496.00,null,null,null
2023-08-02T16:02:27Z,22.05,70.90,99,13,35.91,98.59,14.00,496.00,null,null,null
2023-08-02T16:03:27Z,22.05,70.80,99,13,31.54,98.60,15.00,500.00,null,null,null
2023-08-02T16:04:27Z,22.00,71.02,99,13,32.98,98.60,14.00,496.00,null,null,null
2023-08-02T16:05:27Z,22.00,70.83,100,16,35.66,98.59,14.00,496.00,1,1,1
2023-08-02T16:06:27Z,22.05,70.81,100,20,31.79,98.59,14.00,496.00,null,null,null
2023-08-02T16:07:27Z,22.05,70.73,100,23,35.48,98.59,14.00,496.00,null,null,null
2023-08-02T16:08:27Z,22.02,71.17,100,23,33.83,98.60,13.00,491.00,null,null,null
2023-08-02T16:09:27Z,22.03,71.59,100,24,33.51,98.60,15.00,500.00,null,null,null
2023-08-02T16:10:27Z,22.02,71.46,99,28,32.56,98.60,14.00,495.00,1,1,1
2023-08-02T16:11:27Z,22.05,71.51,100,33,31.27,98.60,14.00,495.00,null,null,null
2023-08-02T16:12:27Z,22.03,71.36,100,35,31.74,98.60,14.00,495.00,null,null,null
2023-08-02T16:13:27Z,22.03,71.08,100,36,32.17,98.60,14.00,498.00,null,null,null
2023-08-02T16:14:27Z,22.03,70.93,99,37,35.98,98.60,15.00,500.00,null,null,null
2023-08-02T16:15:27Z,22.03,70.98,100,39,33.98,98.60,15.00,500.00,0,0,0
2023-08-02T16:16:27Z,22.06,70.94,100,39,31.65,98.60,15.00,500.00,null,null,null
2023-08-02T16:17:27Z,22.05,70.96,100,36,31.77,98.60,15.00,500.00,null,null,null
2023-08-02T16:18:27Z,22.06,71.07,100,34,31.88,98.60,15.00,500.00,null,null,null
2023-08-02T16:19:27Z,22.06,71.12,99,32,34.06,98.60,15.00,500.00,null,null,null
2023-08-02T16:20:27Z,22.03,71.10,99,29,33.69,98.60,14.00,496.00,0,0,0
2023-08-02T16:21:27Z,22.05,71.09,100,29,40.91,98.60,13.00,491.00,null,null,null
2023-08-02T16:22:27Z,22.03,70.93,99,27,34.13,98.60,13.00,491.00,null,null,null
2023-08-02T16:23:27Z,22.06,71.08,100,26,33.62,98.60,13.00,491.00,null,null,null
2023-08-02T16:24:27Z,22.03,70.91,100,27,32.09,98.60,14.00,496.00,null,null,null
2023-08-02T16:25:27Z,22.02,70.88,100,26,32.70,98.60,14.00,496.00,0,0,0
2023-08-02T16:26:27Z,22.03,70.89,100,26,34.56,98.60,14.00,496.00,null,null,null
2023-08-02T16:27:27Z,22.06,70.78,100,25,36.24,98.60,13.00,491.00,null,null,null
2023-08-02T16:28:27Z,22.05,70.90,100,24,35.48,98.61,13.00,491.00,null,null,null
2023-08-02T16:29:27Z,22.07,70.84,100,26,31.99,98.61,13.00,491.00,null,null,null
2023-08-02T16:30:27Z,22.06,70.78,99,27,35.92,98.61,13.00,491.00,1,1,1
2023-08-02T16:31:27Z,22.06,70.88,99,29,41.10,98.61,13.00,486.00,null,null,null
2023-08-02T16:32:27Z,22.05,70.82,99,33,36.53,98.61,13.00,486.00,null,null,null
2023-08-02T16:33:27Z,22.05,70.77,100,34,34.79,98.62,13.00,486.00,null,null,null
2023-08-02T16:34:27Z,22.05,70.81,100,34,35.44,98.62,12.00,480.00,null,null,null
2023-08-02T16:35:27Z,22.03,70.75,100,32,34.17,98.62,12.00,480.00,1,1,1
2023-08-02T16:36:27Z,22.05,70.73,100,30,34.41,98.62,12.00,480.00,null,null,null
2023-08-02T16:37:27Z,22.06,70.59,100,28,33.66,98.62,12.00,483.00,null,null,null
2023-08-02T16:38:27Z,22.03,70.82,99,25,34.45,98.62,11.00,475.00,null,null,null
2023-08-02T16:39:27Z,22.00,70.83,99,24,39.17,98.62,11.00,475.00,null,null,null
2023-08-02T16:40:27Z,22.02,70.59,99,26,33.58,98.63,10.00,470.00,0,0,0
2023-08-02T16:41:27Z,22.00,70.56,100,27,34.81,98.63,10.00,466.00,null,null,null
2023-08-02T16:42:27Z,22.02,70.43,100,29,34.25,98.63,10.00,466.00,null,null,null
2023-08-02T16:43:27Z,22.00,70.42,100,32,32.62,98.63,10.00,466.00,null,null,null
2023-08-02T16:44:27Z,22.00,70.42,99,36,40.85,98.63,9.00,462.00,null,null,null
2023-08-02T16:45:27Z,22.02,70.39,100,39,33.04,98.63,9.00,462.00,0,0,0
2023-08-02T16:46:27Z,21.99,70.39,100,43,35.91,98.63,8.00,457.00,null,null,null
2023-08-02T16:47:27Z,22.00,70.35,100,48,31.85,98.63,8.00,457.00,null,null,null
2023-08-02T16:48:27Z,22.02,70.36,100,52,34.33,98.64,8.00,457.00,null,null,null
2023-08-02T16:49:27Z,21.97,70.36,100,54,32.33,98.63,8.00,457.00,null,null,null
2023-08-02T16:50:27Z,21.97,70.42,100,53,32.78,98.64,9.00,462.00,0,0,0
2023-08-02T16:51:27Z,21.97,70.57,100,52,33.06,98.64,7.00,452.00,null,null,null
2023-08-02T16:52:27Z,21.97,70.46,99,50,35.85,98.64,8.00,457.00,null,null,null
2023-08-02T16:53:27Z,21.97,70.46,100,49,33.26,98.64,8.00,457.00,null,null,null
2023-08-02T16:54:27Z,21.96,70.49,99,45,35.88,98.64,8.00,457.00,null,null,null
2023-08-02T16:55:27Z,21.95,70.51,100,41,34.05,98.64,9.00,462.00,0,0,0
2023-08-02T16:56:27Z,21.99,70.51,100,39,32.88,98.64,9.00,462.00,null,null,null
2023-08-02T16:57:27Z,21.97,70.43,100,41,37.27,98.64,9.00,462.00,null,null,null
2023-08-02T16:58:27Z,21.99,70.46,100,41,34.36,98.64,10.00,466.00,null,null,null
2023-08-02T16:59:27Z,21.96,70.44,100,40,32.50,98.65,10.00,466.00,null,null,null
2023-08-02T17:00:27Z,21.96,70.56,100,39,34.81,98.64,11.00,475.00,1,1,1
2023-08-02T17:01:27Z,21.97,70.45,100,37,34.37,98.63,11.00,475.00,null,null,null
2023-08-02T17:02:27Z,21.99,70.46,100,39,31.91,98.64,11.00,475.00,null,null,null
2023-08-02T17:03:27Z,22.00,70.70,100,41,33.27,98.63,11.00,478.00,null,null,null
2023-08-02T17:04:27Z,21.96,70.69,100,43,33.33,98.63,11.00,478.00,null,null,null
2023-08-02T17:05:27Z,21.96,70.87,99,46,35.35,98.64,12.00,483.00,1,1,1
2023-08-02T17:06:27Z,21.99,70.74,99,48,32.14,98.63,13.00,486.00,null,null,null
2023-08-02T17:07:27Z,21.97,70.78,100,49,34.64,98.64,13.00,491.00,null,null,null
2023-08-02T17:08:27Z,21.96,70.94,100,47,33.84,98.64,13.00,486.00,null,null,null
2023-08-02T17:09:27Z,21.97,70.89,100,46,37.30,98.64,13.00,486.00,null,null,null
2023-08-02T17:10:27Z,21.96,70.96,100,43,35.14,98.64,14.00,492.00,3,3,3
2023-08-02T17:11:27Z,21.97,70.89,100,40,40.00,98.64,14.00,492.00,null,null,null
2023-08-02T17:12:27Z,21.99,71.06,100,41,32.12,98.63,14.00,492.00,null,null,null
2023-08-02T17:13:27Z,21.99,70.96,100,44,31.66,98.63,14.00,496.00,null,null,null
2023-08-02T17:14:27Z,21.96,70.92,99,60,33.43,98.63,14.00,496.00,null,null,null
2023-08-02T17:15:27Z,21.97,71.02,99,64,30.97,98.64,14.00,496.00,1,1,1
2023-08-02T17:16:27Z,21.99,71.16,100,60,35.15,98.64,14.00,496.00,null,null,null
2023-08-02T17:17:27Z,22.00,71.07,100,58,32.27,98.65,14.00,496.00,null,null,null
2023-08-02T17:18:27Z,21.97,71.09,100,52,35.43,98.66,14.00,496.00,null,null,null
2023-08-02T17:19:27Z,21.99,71.18,100,47,34.51,98.66,15.00,501.00,null,null,null
2023-08-02T17:20:27Z,21.99,71.20,99,42,33.12,98.66,14.00,496.00,0,0,0
2023-08-02T17:21:27Z,22.02,70.99,100,42,38.91,98.67,14.00,496.00,null,null,null
2023-08-02T17:22:27Z,22.00,70.97,99,40,31.81,98.67,14.00,496.00,null,null,null
2023-08-02T17:23:27Z,22.00,71.16,99,40,32.08,98.67,14.00,496.00,null,null,null
2023-08-02T17:24:27Z,22.02,71.14,100,38,31.09,98.67,15.00,501.00,null,null,null
2023-08-02T17:25:27Z,22.00,71.20,99,36,36.62,98.67,15.00,501.00,1,1,1
2023-08-02T17:26:27Z,21.99,71.28,99,30,31.32,98.68,15.00,501.00,null,null,null
2023-08-02T17:27:27Z,22.03,70.99,99,27,34.87,98.68,14.00,496.00,null,null,null
2023-08-02T17:28:27Z,22.03,70.82,100,25,31.55,98.68,15.00,503.00,null,null,null
2023-08-02T17:29:27Z,22.00,71.32,99,23,36.35,98.69,15.00,503.00,null,null,null
2023-08-02T17:30:27Z,22.00,71.41,100,20,32.51,98.69,15.00,503.00,1,1,1
2023-08-02T17:31:27Z,22.03,70.91,100,19,32.82,98.69,14.00,496.00,null,null,null
2023-08-02T17:32:27Z,22.03,71.29,99,17,32.61,98.69,15.00,503.00,null,null,null
2023-08-02T17:33:27Z,22.02,71.43,100,16,32.74,98.70,14.00,498.00,null,null,null
2023-08-02T17:34:27Z,22.02,71.57,99,17,34.43,98.70,14.00,498.00,null,null,null
2023-08-02T17:35:27Z,22.02,71.16,100,19,35.65,98.70,14.00,496.00,0,0,0
2023-08-02T17:36:27Z,22.02,71.33,100,23,31.17,98.70,14.00,496.00,null,null,null
2023-08-02T17:37:27Z,22.03,71.48,100,28,34.84,98.71,14.00,496.00,null,null,null
2023-08-02T17:38:27Z,22.00,71.56,100,34,33.97,98.71,14.00,496.00,null,null,null
2023-08-02T17:39:27Z,22.00,71.12,100,39,32.17,98.71,14.00,496.00,null,null,null
2023-08-02T17:40:27Z,22.00,71.36,100,46,39.24,98.71,15.00,501.00,0,0,0
2023-08-02T17:41:27Z,22.03,71.44,100,55,34.74,98.72,14.00,498.00,null,null,null
2023-08-02T17:42:27Z,22.06,71.19,99,65,40.16,98.72,14.00,498.00,null,null,null
2023-08-02T17:43:27Z,22.03,71.34,100,71,34.82,98.72,15.00,503.00,null,null,null
2023-08-02T17:44:27Z,22.02,71.25,100,82,35.07,98.72,14.00,498.00,null,null,null
2023-08-02T17:45:27Z,22.03,71.00,100,78,30.76,98.71,14.00,496.00,0,0,0
2023-08-02T17:46:27Z,22.03,71.15,99,75,32.79,98.72,15.00,503.00,null,null,null
2023-08-02T17:47:27Z,22.03,70.91,99,75,31.93,98.72,15.00,503.00,null,null,null
2023-08-02T17:48:27Z,22.00,70.78,99,74,36.12,98.72,15.00,503.00,null,null,null
2023-08-02T17:49:27Z,22.03,70.80,99,74,34.85,98.72,14.00,496.00,null,null,null
2023-08-02T17:50:27Z,22.02,70.93,100,72,38.80,98.72,14.00,496.00,2,2,2
2023-08-02T17:51:27Z,22.02,70.81,100,66,33.69,98.73,14.00,496.00,null,null,null
2023-08-02T17:52:27Z,22.06,70.75,99,61,31.05,98.73,14.00,496.00,null,null,null
2023-08-02T17:53:27Z,22.00,70.70,100,56,32.87,98.73,14.00,496.00,null,null,null
2023-08-02T17:54:27Z,22.03,70.88,100,52,33.15,98.73,14.00,496.00,null,null,null
2023-08-02T17:55:27Z,22.03,70.99,100,47,34.21,98.72,14.00,496.00,0,0,0
2023-08-02T17:56:27Z,22.03,70.87,100,42,32.32,98.73,14.00,492.00,null,null,null
2023-08-02T17:57:27Z,22.05,71.04,99,39,42.06,98.73,14.00,496.00,null,null,null
2023-08-02T17:58:27Z,22.05,70.94,99,36,37.27,98.73,15.00,501.00,null,null,null
2023-08-02T17:59:27Z,22.02,71.04,99,33,32.12,98.73,15.00,501.00,null,null,null
2023-08-02T18:00:27Z,22.03,71.14,100,32,37.12,98.74,15.00,501.00,0,0,0
2023-08-02T18:01:27Z,22.05,71.22,100,32,38.63,98.74,15.00,501.00,null,null,null
2023-08-02T18:02:27Z,22.05,71.28,99,32,33.28,98.74,15.00,503.00,null,null,null
2023-08-02T18:03:27Z,22.07,71.48,99,33,34.53,98.75,14.00,498.00,null,null,null
2023-08-02T18:04:27Z,22.05,71.48,100,39,33.26,98.75,14.00,498.00,null,null,null
2023-08-02T18:05:27Z,22.02,71.46,99,48,34.76,98.75,15.00,503.00,0,0,0
2023-08-02T18:06:27Z,22.05,71.19,100,152,32.10,98.75,15.00,503.00,null,null,null
2023-08-02T18:07:27Z,22.07,71.39,99,176,31.31,98.75,17.00,514.00,null,null,null
2023-08-02T18:08:27Z,22.07,71.40,100,317,32.18,98.75,15.00,503.00,null,null,null
2023-08-02T18:09:27Z,22.07,71.32,100,250,34.71,98.76,17.00,514.00,null,null,null
2023-08-02T18:10:27Z,22.05,71.33,100,318,35.71,98.76,15.00,503.00,1,1,1
2023-08-02T18:11:27Z,22.07,71.51,99,283,38.02,98.76,15.00,503.00,null,null,null
2023-08-02T18:12:27Z,22.07,71.54,99,330,39.53,98.76,17.00,518.00,null,null,null
2023-08-02T18:13:27Z,22.09,71.52,99,336,41.45,98.76,18.00,524.00,null,null,null
2023-08-02T18:14:27Z,22.10,71.66,100,335,35.30,98.77,19.00,530.00,null,null,null
2023-08-02T18:15:27Z,22.09,71.84,100,316,37.60,98.77,20.00,536.00,20,20,20
2023-08-02T18:16:27Z,22.09,71.92,100,303,34.21,98.78,20.00,537.00,null,null,null
2023-08-02T18:17:27Z,22.12,71.80,99,276,33.79,98.78,22.00,546.00,null,null,null
2023-08-02T18:18:27Z,22.12,71.82,100,258,37.31,98.78,23.00,555.00,null,null,null
2023-08-02T18:19:27Z,22.13,71.90,99,206,33.34,98.79,24.00,560.00,null,null,null
2023-08-02T18:20:27Z,22.10,71.95,100,152,34.62,98.79,25.00,570.00,30,40,40
2023-08-02T18:21:27Z,22.10,71.75,100,101,55.63,98.80,28.00,584.00,null,null,null
2023-08-02T18:22:27Z,22.13,72.19,100,64,31.91,98.80,29.00,596.00,null,null,null
2023-08-02T18:23:27Z,22.13,72.13,99,46,33.70,98.80,33.00,618.00,null,null,null
2023-08-02T18:24:27Z,22.13,72.23,100,42,39.90,98.81,34.00,624.00,null,null,null
2023-08-02T18:25:27Z,22.10,71.93,99,41,31.47,98.81,35.00,633.00,57,73,73
2023-08-02T18:26:27Z,22.14,72.57,100,40,35.48,98.81,37.00,645.00,null,null,null
2023-08-02T18:27:27Z,22.13,71.94,100,40,37.65,98.82,38.00,650.00,null,null,null
2023-08-02T18:28:27Z,22.17,72.38,99,39,31.97,98.82,42.00,679.00,null,null,null
2023-08-02T18:29:27Z,22.14,72.06,100,38,33.74,98.82,41.00,674.00,null,null,null
2023-08-02T18:30:27Z,22.13,72.73,100,36,40.43,98.83,43.00,688.00,54,75,86
2023-08-02T18:31:27Z,22.14,72.11,100,36,39.31,98.83,42.00,682.00,null,null,null
2023-08-02T18:32:27Z,22.14,72.01,99,33,36.29,98.83,42.00,682.00,null,null,null
2023-08-02T18:33:27Z,22.14,72.32,100,31,31.72,98.83,43.00,688.00,null,null,null
2023-08-02T18:34:27Z,22.13,72.33,99,26,43.49,98.83,44.00,690.00,null,null,null
2023-08-02T18:35:27Z,22.16,72.72,100,29,33.00,98.84,45.00,699.00,51,64,85
2023-08-02T18:36:27Z,22.16,72.67,99,27,38.24,98.84,46.00,706.00,null,null,null
2023-08-02T18:37:27Z,22.16,72.28,100,27,37.80,98.84,47.00,712.00,null,null,null
2023-08-02T18:38:27Z,22.18,72.33,100,27,36.35,98.84,45.00,699.00,null,null,null
2023-08-02T18:39:27Z,22.16,72.32,99,27,31.17,98.85,45.00,699.00,null,null,null
2023-08-02T18:40:27Z,22.13,72.26,100,27,32.84,98.85,45.00,699.00,43,53,53
2023-08-02T18:41:27Z,22.18,72.35,100,27,32.45,98.85,45.00,699.00,null,null,null
2023-08-02T18:42:27Z,22.20,72.16,99,25,38.53,98.86,44.00,690.00,null,null,null
2023-08-02T18:43:27Z,22.17,71.64,100,26,38.25,98.86,43.00,688.00,null,null,null
2023-08-02T18:44:27Z,22.17,71.87,99,25,42.98,98.86,45.00,700.00,null,null,null
2023-08-02T18:45:27Z,22.14,71.72,100,24,35.64,98.87,43.00,688.00,44,49,49
2023-08-02T18:46:27Z,22.18,71.70,100,25,39.28,98.88,43.00,683.00,null,null,null
2023-08-02T18:47:27Z,22.16,71.77,99,25,35.30,98.88,41.00,675.00,null,null,null
2023-08-02T18:48:27Z,22.17,71.77,99,25,34.36,98.89,39.00,656.00,null,null,null
2023-08-02T18:49:27Z,22.14,71.67,99,23,38.92,98.89,37.00,645.00,null,null,null
2023-08-02T18:50:27Z,22.17,71.62,100,23,37.08,98.89,37.00,649.00,22,28,28
2023-08-02T18:51:27Z,22.17,71.56,100,21,41.61,98.90,34.00,627.00,null,null,null
2023-08-02T18:52:27Z,22.14,71.35,100,21,35.55,98.91,34.00,627.00,null,null,null
2023-08-02T18:53:27Z,22.16,71.44,99,20,33.80,98.90,34.00,627.00,null,null,null
2023-08-02T18:54:27Z,22.14,71.39,100,19,31.75,98.90,33.00,623.00,null,null,null
2023-08-02T18:55:27Z,22.14,71.24,99,18,37.95,98.90,31.00,607.00,4,4,4
2023-08-02T18:56:27Z,22.14,71.24,99,19,32.50,98.91,30.00,600.00,null,null,null
2023-08-02T18:57:27Z,22.17,71.18,99,19,38.25,98.92,29.00,594.00,null,null,null
2023-08-02T18:58:27Z,22.17,71.12,100,18,34.12,98.92,28.00,589.00,null,null,null
2023-08-02T18:59:27Z,22.14,71.17,99,16,41.68,98.92,26.00,575.00,null,null,null
2023-08-02T19:00:27Z,22.14,71.08,99,16,31.67,98.93,25.00,566.00,8,9,9
2023-08-02T19:01:27Z,22.16,71.16,100,16,33.73,98.93,23.00,555.00,null,null,null
2023-08-02T19:02:27Z,22.13,71.14,100,16,33.11,98.93,23.00,552.00,null,null,null
2023-08-02T19:03:27Z,22.14,71.18,100,15,53.40,98.93,22.00,546.00,null,null,null
2023-08-02T19:04:27Z,22.13,71.19,100,15,37.89,98.93,20.00,536.00,null,null,null
2023-08-02T19:05:27Z,22.12,71.21,100,15,43.87,98.93,19.00,530.00,1,1,1
2023-08-02T19:06:27Z,22.12,71.15,100,15,34.46,98.94,18.00,524.00,null,null,null
2023-08-02T19:07:27Z,22.12,71.11,100,15,36.58,98.94,18.00,524.00,null,null,null
2023-08-02T19:08:27Z,22.13,71.08,99,15,40.03,98.94,18.00,524.00,null,null,null
2023-08-02T19:09:27Z,22.10,71.08,100,14,36.99,98.95,18.00,519.00,null,null,null
2023-08-02T19:10:27Z,22.10,71.04,100,14,36.22,98.95,18.00,519.00,2,2,2
2023-08-02T19:11:27Z,22.12,71.15,100,14,31.51,98.95,18.00,519.00,null,null,null
2023-08-02T19:12:27Z,22.12,71.18,99,13,35.46,98.96,15.00,503.00,null,null,null
2023-08-02T19:13:27Z,22.09,71.27,100,13,43.90,98.96,15.00,503.00,null,null,null
2023-08-02T19:14:27Z,22.07,71.24,100,14,42.30,98.96,15.00,501.00,null,null,null
2023-08-02T19:15:27Z,22.12,71.25,99,12,46.10,98.96,14.00,496.00,1,1,1
2023-08-02T19:16:27Z,22.07,71.43,99,12,34.38,98.97,13.00,486.00,null,null,null
2023-08-02T19:17:27Z,22.12,71.38,99,11,32.03,98.97,13.00,486.00,null,null,null
2023-08-02T19:18:27Z,22.10,71.30,100,12,36.52,98.98,12.00,481.00,null,null,null
2023-08-02T19:19:27Z,22.06,71.23,99,10,50.24,98.97,11.00,476.00,null,null,null
2023-08-02T19:20:27Z,22.07,71.26,99,9,47.41,98.97,11.00,475.00,1,1,1
2023-08-02T19:21:27Z,22.09,71.34,100,9,36.38,98.98,10.00,466.00,null,null,null
2023-08-02T19:22:27Z,22.07,71.37,100,9,47.19,98.98,10.00,466.00,null,null,null
2023-08-02T19:23:27Z,22.07,71.24,99,8,47.04,98.98,9.00,463.00,null,null,null
2023-08-02T19:24:27Z,22.06,71.25,99,8,33.96,98.98,10.00,470.00,null,null,null
2023-08-02T19:25:27Z,22.03,71.21,100,8,32.91,98.99,8.00,459.00,0,3,3
2023-08-02T19:26:27Z,22.07,71.20,99,6,36.68,98.99,9.00,463.00,null,null,null
2023-08-02T19:27:27Z,22.06,71.36,100,6,39.38,98.99,9.00,463.00,null,null,null
2023-08-02T19:28:27Z,22.06,71.25,100,6,42.32,99.00,8.00,459.00,null,null,null
2023-08-02T19:29:27Z,22.05,71.23,99,4,36.76,99.00,8.00,459.00,null,null,null
2023-08-02T19:30:27Z,22.05,71.17,100,3,39.05,98.99,8.00,459.00,1,1,1
2023-08-02T19:31:27Z,22.06,71.16,100,3,47.04,99.00,9.00,463.00,null,null,null
2023-08-02T19:32:27Z,22.06,71.05,100,3,44.66,99.00,10.00,470.00,null,null,null
2023-08-02T19:33:27Z,22.05,71.06,100,3,39.82,99.00,9.00,463.00,null,null,null
2023-08-02T19:34:27Z,22.06,71.10,99,3,39.98,99.01,9.00,463.00,null,null,null
2023-08-02T19:35:27Z,22.03,71.36,99,3,33.41,99.01,9.00,463.00,1,1,1
2023-08-02T19:36:27Z,22.05,71.42,99,3,38.47,99.01,8.00,459.00,null,null,null
2023-08-02T19:37:27Z,22.05,71.30,100,3,41.46,99.01,8.00,459.00,null,null,null
2023-08-02T19:38:27Z,22.02,71.26,99,2,32.29,99.02,8.00,459.00,null,null,null
2023-08-02T19:39:27Z,22.03,71.40,99,2,34.87,99.01,8.00,454.00,null,null,null
2023-08-02T19:40:27Z,22.02,71.51,99,1,40.15,99.02,8.00,454.00,0,0,0
2023-08-02T19:41:27Z,22.03,71.50,100,0,42.70,99.02,7.00,448.00,null,null,null
2023-08-02T19:42:27Z,22.03,71.41,100,0,39.48,99.02,7.00,448.00,null,null,null
2023-08-02T19:43:27Z,22.02,71.35,100,0,33.66,99.03,7.00,448.00,null,null,null
2023-08-02T19:44:27Z,22.05,71.32,100,0,38.14,99.03,6.00,444.00,null,null,null
2023-08-02T19:45:27Z,22.03,71.36,99,0,37.57,99.03,6.00,444.00,0,0,0
2023-08-02T19:46:27Z,22.02,71.30,99,0,32.43,99.04,6.00,444.00,null,null,null
2023-08-02T19:47:27Z,22.03,71.16,100,0,30.72,99.04,6.00,444.00,null,null,null
2023-08-02T19:48:27Z,22.00,71.16,100,0,32.88,99.04,8.00,454.00,null,null,null
2023-08-02T19:49:27Z,22.00,71.08,99,0,32.10,99.04,8.00,459.00,null,null,null
2023-08-02T19:50:27Z,22.00,71.10,100,0,35.50,99.04,8.00,459.00,2,3,3
2023-08-02T19:51:27Z,22.02,71.11,99,0,35.65,99.05,8.00,459.00,null,null,null
2023-08-02T19:52:27Z,22.02,71.00,100,0,39.42,99.05,8.00,459.00,null,null,null
2023-08-02T19:53:27Z,22.00,71.04,100,0,33.27,99.05,8.00,459.00,null,null,null
2023-08-02T19:54:27Z,21.97,71.04,100,0,51.98,99.06,8.00,459.00,null,null,null
2023-08-02T19:55:27Z,21.97,71.04,100,0,31.21,99.05,7.00,448.00,0,0,0
2023-08-02T19:56:27Z,22.02,71.08,99,0,31.53,99.06,8.00,459.00,null,null,null
2023-08-02T19:57:27Z,22.02,71.08,100,0,33.75,99.06,8.00,459.00,null,null,null
2023-08-02T19:58:27Z,22.00,71.06,100,0,36.17,99.06,8.00,459.00,null,null,null
2023-08-02T19:59:27Z,21.96,71.09,99,0,32.16,99.06,8.00,454.00,null,null,null
2023-08-02T20:00:27Z,22.00,71.11,100,0,37.67,99.06,8.00,454.00,0,2,2
2023-08-02T20:01:27Z,21.99,71.17,100,0,31.72,99.06,8.00,454.00,null,null,null
2023-08-02T20:02:27Z,22.00,71.25,99,0,40.16,99.07,8.00,454.00,null,null,null
2023-08-02T20:03:27Z,21.97,71.26,100,0,33.25,99.08,6.00,444.00,null,null,null
2023-08-02T20:04:27Z,21.96,71.25,100,0,33.36,99.08,6.00,444.00,null,null,null
2023-08-02T20:05:27Z,21.95,71.33,99,0,35.18,99.07,6.00,444.00,1,1,1
2023-08-02T20:06:27Z,21.97,71.35,100,0,33.88,99.08,6.00,444.00,null,null,null
2023-08-02T20:07:27Z,21.97,71.39,99,0,33.78,99.08,6.00,444.00,null,null,null
2023-08-02T20:08:27Z,21.96,71.36,100,0,33.99,99.08,6.00,441.00,null,null,null
2023-08-02T20:09:27Z,21.97,71.43,100,0,32.24,99.08,6.00,444.00,null,null,null
2023-08-02T20:10:27Z,21.96,71.44,99,0,38.27,99.08,6.00,444.00,0,0,0
2023-08-02T20:11:27Z,21.97,71.42,100,0,31.12,99.08,6.00,444.00,null,null,null
2023-08-02T20:12:27Z,21.97,71.37,99,0,34.90,99.09,6.00,444.00,null,null,null
2023-08-02T20:13:27Z,21.99,71.41,100,0,31.98,99.09,6.00,444.00,null,null,null
2023-08-02T20:14:27Z,21.96,71.69,99,0,34.26,99.09,6.00,441.00,null,null,null
2023-08-02T20:15:27Z,21.93,71.57,100,0,32.12,99.10,6.00,441.00,2,2,2
2023-08-02T20:16:27Z,21.96,71.67,100,0,31.38,99.10,5.00,434.00,null,null,null
2023-08-02T20:17:27Z,21.93,71.51,100,0,44.18,99.10,6.00,441.00,null,null,null
2023-08-02T20:18:27Z,21.96,71.56,100,0,36.13,99.10,6.00,444.00,null,null,null
2023-08-02T20:19:27Z,21.92,71.66,100,0,43.44,99.11,6.00,444.00,null,null,null
2023-08-02T20:20:27Z,21.95,71.69,99,0,35.98,99.11,6.00,444.00,1,1,1
2023-08-02T20:21:27Z,21.96,71.67,100,0,35.19,99.12,6.00,441.00,null,null,null
2023-08-02T20:22:27Z,21.95,71.66,100,0,42.78,99.12,6.00,441.00,null,null,null
2023-08-02T20:23:27Z,21.90,71.69,100,0,57.35,99.12,6.00,441.00,null,null,null
2023-08-02T20:24:27Z,21.93,71.70,100,0,32.80,99.12,6.00,444.00,null,null,null
2023-08-02T20:25:27Z,21.89,71.70,100,0,36.27,99.12,6.00,444.00,0,0,0
2023-08-02T20:26:27Z,21.93,71.68,99,0,32.61,99.12,6.00,444.00,null,null,null
2023-08-02T20:27:27Z,21.92,71.65,100,0,38.45,99.12,6.00,444.00,null,null,null
2023-08-02T20:28:27Z,21.90,71.65,99,0,35.95,99.13,6.00,444.00,null,null,null
2023-08-02T20:29:27Z,21.90,71.69,100,0,36.20,99.12,6.00,444.00,null,null,null
2023-08-02T20:30:27Z,21.90,71.70,100,0,42.60,99.13,7.00,448.00,1,1,1
2023-08-02T20:31:27Z,21.93,71.74,99,0,38.31,99.13,7.00,448.00,null,null,null
2023-08-02T20:32:27Z,21.93,71.79,100,0,40.88,99.13,7.00,448.00,null,null,null
2023-08-02T20:33:27Z,21.93,71.71,100,0,34.53,99.14,7.00,446.00,null,null,null
2023-08-02T20:34:27Z,21.90,71.81,100,0,44.35,99.14,6.00,441.00,null,null,null
2023-08-02T20:35:27Z,21.89,71.75,100,0,45.50,99.14,6.00,441.00,0,0,0
2023-08-02T20:36:27Z,21.90,71.75,100,0,32.45,99.14,5.00,438.00,null,null,null
2023-08-02T20:37:27Z,21.89,71.67,100,0,35.75,99.15,6.00,442.00,null,null,null
2023-08-02T20:38:27Z,21.90,71.81,99,0,40.58,99.15,6.00,444.00,null,null,null
2023-08-02T20:39:27Z,21.92,71.82,99,0,36.23,99.16,5.00,438.00,null,null,null
2023-08-02T20:40:27Z,21.89,71.82,100,0,37.54,99.16,6.00,442.00,2,2,2
2023-08-02T20:41:27Z,21.92,71.79,100,0,43.35,99.16,5.00,438.00,null,null,null
2023-08-02T20:42:27Z,21.92,71.66,99,0,33.93,99.16,6.00,442.00,null,null,null
2023-08-02T20:43:27Z,21.93,71.86,99,0,43.03,99.16,6.00,444.00,null,null,null
2023-08-02T20:44:27Z,21.90,71.89,100,0,36.43,99.17,6.00,442.00,null,null,null
2023-08-02T20:45:27Z,21.88,71.84,100,0,33.84,99.17,6.00,442.00,0,0,0
2023-08-02T20:46:27Z,21.89,71.75,100,0,33.30,99.17,6.00,442.00,null,null,null
2023-08-02T20:47:27Z,21.90,71.78,100,0,34.14,99.18,6.00,442.00,null,null,null
2023-08-02T20:48:27Z,21.90,71.82,100,0,32.51,99.18,6.00,442.00,null,null,null
2023-08-02T20:49:27Z,21.90,71.83,100,0,54.37,99.18,6.00,442.00,null,null,null
2023-08-02T20:50:27Z,21.86,71.86,99,0,30.87,99.18,6.00,442.00,4,4,4
2023-08-02T20:51:27Z,21.90,71.83,100,0,36.53,99.18,7.00,446.00,null,null,null
2023-08-02T20:52:27Z,21.89,72.05,99,0,38.09,99.18,6.00,442.00,null,null,null
2023-08-02T20:53:27Z,21.92,71.94,100,0,39.43,99.19,6.00,442.00,null,null,null
2023-08-02T20:54:27Z,21.89,71.98,99,0,33.99,99.19,6.00,442.00,null,null,null
2023-08-02T20:55:27Z,21.85,72.04,100,0,37.37,99.19,6.00,442.00,0,0,0
2023-08-02T20:56:27Z,21.88,72.01,99,0,32.69,99.20,6.00,442.00,null,null,null
2023-08-02T20:57:27Z,21.90,71.87,100,0,34.09,99.20,6.00,442.00,null,null,null
2023-08-02T20:58:27Z,21.88,71.92,99,0,30.92,99.21,6.00,442.00,null,null,null
2023-08-02T20:59:27Z,21.88,71.88,100,0,35.03,99.21,5.00,438.00,null,null,null
2023-08-02T21:00:27Z,21.88,71.85,99,0,46.87,99.22,6.00,442.00,3,5,5
2023-08-02T21:01:27Z,21.89,72.00,100,0,30.70,99.21,6.00,442.00,null,null,null
2023-08-02T21:02:27Z,21.86,72.26,100,0,33.62,99.22,7.00,446.00,null,null,null
2023-08-02T21:03:27Z,21.90,72.08,99,0,32.69,99.22,5.00,438.00,null,null,null
2023-08-02T21:04:27Z,21.85,71.99,100,0,34.21,99.22,5.00,438.00,null,null,null
2023-08-02T21:05:27Z,21.85,72.05,100,0,33.17,99.23,5.00,438.00,0,0,11
2023-08-02T21:06:27Z,21.85,71.91,99,0,34.58,99.23,6.00,442.00,null,null,null
2023-08-02T21:07:27Z,21.85,71.95,99,0,38.46,99.23,6.00,442.00,null,null,null
2023-08-02T21:08:27Z,21.86,71.81,99,0,44.18,99.24,6.00,442.00,null,null,null
2023-08-02T21:09:27Z,21.86,71.87,99,0,39.20,99.24,5.00,438.00,null,null,null
2023-08-02T21:10:27Z,21.85,72.01,100,0,38.10,99.24,5.00,438.00,0,5,5
2023-08-02T21:11:27Z,21.88,72.13,99,0,33.16,99.24,5.00,438.00,null,null,null
2023-08-02T21:12:27Z,21.84,72.10,99,0,31.99,99.25,4.00,432.00,null,null,null
2023-08-02T21:13:27Z,21.86,72.09,99,0,42.72,99.25,4.00,432.00,null,null,null
2023-08-02T21:14:27Z,21.85,72.08,100,0,35.13,99.25,4.00,432.00,null,null,null
2023-08-02T21:15:27Z,21.84,71.96,99,0,45.14,99.25,4.00,432.00,3,3,3
2023-08-02T21:16:27Z,21.88,71.91,99,0,34.94,99.25,4.00,432.00,null,null,null
2023-08-02T21:17:27Z,21.85,72.07,100,0,45.41,99.26,4.00,432.00,null,null,null
2023-08-02T21:18:27Z,21.84,71.97,100,0,42.48,99.26,5.00,438.00,null,null,null
2023-08-02T21:19:27Z,21.82,71.85,100,0,33.58,99.26,5.00,438.00,null,null,null
2023-08-02T21:20:27Z,21.82,71.88,99,0,37.83,99.27,5.00,438.00,0,0,0
2023-08-02T21:21:27Z,21.85,71.92,100,0,35.84,99.27,6.00,442.00,null,null,null
2023-08-02T21:22:27Z,21.86,71.90,100,0,34.10,99.26,7.00,446.00,null,null,null
2023-08-02T21:23:27Z,21.85,71.82,99,0,38.23,99.27,7.00,446.00,null,null,null
2023-08-02T21:24:27Z,21.81,71.95,100,0,38.46,99.27,7.00,446.00,null,null,null
2023-08-02T21:25:27Z,21.84,72.02,100,0,39.56,99.27,7.00,446.00,3,5,5
2023-08-02T21:26:27Z,21.82,72.05,99,0,31.79,99.27,6.00,442.00,null,null,null
2023-08-02T21:27:27Z,21.84,72.08,100,0,32.88,99.28,6.00,442.00,null,null,null
2023-08-02T21:28:27Z,21.82,72.04,100,0,41.02,99.27,6.00,442.00,null,null,null
2023-08-02T21:29:27Z,21.84,71.96,100,0,46.36,99.28,6.00,442.00,null,null,null
2023-08-02T21:30:27Z,21.82,72.04,100,0,42.85,99.28,5.00,438.00,1,1,1
2023-08-02T21:31:27Z,21.82,72.19,99,0,35.86,99.28,5.00,438.00,null,null,null
2023-08-02T21:32:27Z,21.86,72.05,100,8,33.83,99.28,5.00,438.00,null,null,null
2023-08-02T21:33:27Z,21.85,72.08,100,8,35.60,99.27,6.00,442.00,null,null,null
2023-08-02T21:34:27Z,21.84,72.10,99,8,34.74,99.28,6.00,442.00,null,null,null
2023-08-02T21:35:27Z,21.84,72.05,100,8,35.44,99.27,4.00,432.00,0,0,0
2023-08-02T21:36:27Z,21.81,72.25,100,8,33.28,99.28,3.00,426.00,null,null,null
2023-08-02T21:37:27Z,21.84,72.07,99,8,37.93,99.28,3.00,426.00,null,null,null
2023-08-02T21:38:27Z,21.82,71.98,100,8,51.76,99.28,3.00,426.00,null,null,null
2023-08-02T21:39:27Z,21.81,72.18,99,8,31.62,99.27,4.00,432.00,null,null,null
2023-08-02T21:40:27Z,21.82,72.04,100,10,36.39,99.28,4.00,432.00,0,0,0
2023-08-02T21:41:27Z,21.81,72.29,100,10,35.80,99.28,4.00,432.00,null,null,null
2023-08-02T21:42:27Z,21.84,72.11,99,10,36.26,99.28,3.00,426.00,null,null,null
2023-08-02T21:43:27Z,21.84,72.00,99,10,36.04,99.28,4.00,432.00,null,null,null
2023-08-02T21:44:27Z,21.81,71.86,99,10,31.61,99.28,4.00,432.00,null,null,null
2023-08-02T21:45:27Z,21.82,71.94,100,10,33.01,99.29,4.00,432.00,0,0,0
2023-08-02T21:46:27Z,21.81,72.01,99,8,33.86,99.29,4.00,432.00,null,null,null
2023-08-02T21:47:27Z,21.81,72.26,99,8,35.79,99.30,6.00,442.00,null,null,null
2023-08-02T21:48:27Z,21.79,72.56,100,8,33.29,99.30,7.00,447.00,null,null,null
2023-08-02T21:49:27Z,21.84,72.32,100,8,30.93,99.30,7.00,452.00,null,null,null
2023-08-02T21:50:27Z,21.81,72.26,99,8,33.88,99.31,8.00,457.00,4,4,4
2023-08-02T21:51:27Z,21.84,72.02,100,8,33.47,99.31,8.00,457.00,null,null,null
2023-08-02T21:52:27Z,21.84,72.31,100,8,31.57,99.31,9.00,464.00,null,null,null
2023-08-02T21:53:27Z,21.82,72.24,99,8,31.37,99.31,9.00,461.00,null,null,null
2023-08-02T21:54:27Z,21.84,72.62,100,8,34.95,99.32,9.00,461.00,null,null,null
2023-08-02T21:55:27Z,21.84,72.70,99,0,31.95,99.32,8.00,457.00,3,3,3
2023-08-02T21:56:27Z,21.86,72.74,99,0,32.72,99.33,8.00,457.00,null,null,null
2023-08-02T21:57:27Z,21.86,72.70,100,0,30.73,99.33,8.00,457.00,null,null,null
2023-08-02T21:58:27Z,21.86,72.67,99,0,30.52,99.33,9.00,465.00,null,null,null
2023-08-02T21:59:27Z,21.85,72.41,100,0,31.74,99.34,11.00,475.00,null,null,null
2023-08-02T22:00:27Z,21.88,72.47,100,0,31.00,99.34,11.00,478.00,1,1,1
2023-08-02T22:01:27Z,21.89,72.31,99,0,30.67,99.34,11.00,478.00,null,null,null
2023-08-02T22:02:27Z,21.88,72.26,99,0,34.32,99.34,11.00,478.00,null,null,null
2023-08-02T22:03:27Z,21.90,72.16,99,0,30.91,99.35,12.00,483.00,null,null,null
2023-08-02T22:04:27Z,21.90,72.31,100,0,32.42,99.35,11.00,478.00,null,null,null
2023-08-02T22:05:27Z,21.89,72.67,100,0,31.34,99.36,11.00,478.00,0,2,2
2023-08-02T22:06:27Z,21.90,72.93,100,0,30.33,99.36,13.00,487.00,null,null,null
2023-08-02T22:07:27Z,21.89,72.73,100,0,31.37,99.36,12.00,483.00,null,null,null
2023-08-02T22:08:27Z,21.92,72.33,99,0,32.55,99.37,14.00,492.00,null,null,null
2023-08-02T22:09:27Z,21.90,72.30,99,0,31.04,99.37,13.00,487.00,null,null,null
2023-08-02T22:10:27Z,21.90,72.04,100,0,31.23,99.38,14.00,492.00,0,0,0
2023-08-02T22:11:27Z,21.93,72.23,100,0,30.33,99.38,13.00,487.00,null,null,null
2023-08-02T22:12:27Z,21.96,72.38,99,0,30.60,99.38,14.00,496.00,null,null,null
2023-08-02T22:13:27Z,21.96,72.43,99,0,31.37,99.39,14.00,492.00,null,null,null
2023-08-02T22:14:27Z,21.95,72.37,99,0,30.60,99.39,13.00,487.00,null,null,null
2023-08-02T22:15:27Z,21.95,72.18,100,0,32.24,99.39,14.00,492.00,2,2,2
2023-08-02T22:16:27Z,21.96,72.03,100,0,33.03,99.39,12.00,482.00,null,null,null
2023-08-02T22:17:27Z,21.95,72.27,99,0,34.66,99.40,12.00,482.00,null,null,null
2023-08-02T22:18:27Z,21.96,72.47,100,0,31.62,99.40,12.00,482.00,null,null,null
2023-08-02T22:19:27Z,21.97,72.31,99,0,51.88,99.40,13.00,487.00,null,null,null
2023-08-02T22:20:27Z,21.97,72.54,99,0,42.11,99.41,13.00,487.00,1,1,1
2023-08-02T22:21:27Z,21.97,72.41,99,0,45.44,99.41,13.00,487.00,null,null,null
2023-08-02T22:22:27Z,21.96,72.85,99,0,40.88,99.42,14.00,492.00,null,null,null
2023-08-02T22:23:27Z,21.97,72.76,100,0,47.29,99.42,12.00,483.00,null,null,null
2023-08-02T22:24:27Z,21.97,72.73,100,0,47.73,99.43,14.00,493.00,null,null,null
2023-08-02T22:25:27Z,22.00,72.71,99,0,42.60,99.43,16.00,508.00,2,2,2
2023-08-02T22:26:27Z,21.97,72.42,100,0,42.61,99.43,17.00,517.00,null,null,null
2023-08-02T22:27:27Z,22.02,72.62,99,0,50.32,99.43,16.00,508.00,null,null,null
2023-08-02T22:28:27Z,22.00,72.81,99,0,46.47,99.44,17.00,517.00,null,null,null
2023-08-02T22:29:27Z,22.00,72.51,99,0,44.35,99.44,18.00,519.00,null,null,null
2023-08-02T22:30:27Z,22.00,72.85,100,0,37.89,99.45,19.00,530.00,1,1,1
2023-08-02T22:31:27Z,22.00,72.91,100,0,45.33,99.44,19.00,530.00,null,null,null
2023-08-02T22:32:27Z,22.00,73.01,100,0,38.77,99.45,19.00,530.00,null,null,null
2023-08-02T22:33:27Z,22.00,73.10,100,0,46.05,99.45,20.00,536.00,null,null,null
2023-08-02T22:34:27Z,22.03,72.98,100,0,43.42,99.46,20.00,536.00,null,null,null
2023-08-02T22:35:27Z,21.99,73.13,99,0,47.26,99.48,21.00,543.00,3,3,3
2023-08-02T22:36:27Z,22.05,73.06,99,0,39.54,99.47,21.00,543.00,null,null,null
2023-08-02T22:37:27Z,22.05,72.92,99,0,44.97,99.47,23.00,553.00,null,null,null
2023-08-02T22:38:27Z,22.03,73.01,99,0,46.87,99.47,23.00,553.00,null,null,null
2023-08-02T22:39:27Z,22.03,72.87,100,0,40.41,99.47,24.00,561.00,null,null,null
2023-08-02T22:40:27Z,22.02,72.76,100,0,46.21,99.48,23.00,553.00,0,0,0
2023-08-02T22:41:27Z,22.05,72.70,100,0,46.89,99.48,22.00,549.00,null,null,null
2023-08-02T22:42:27Z,22.00,72.96,100,0,48.71,99.47,23.00,553.00,null,null,null
2023-08-02T22:43:27Z,22.06,72.82,99,0,34.63,99.49,22.00,549.00,null,null,null
2023-08-02T22:44:27Z,22.06,72.74,100,0,45.11,99.49,21.00,543.00,null,null,null
2023-08-02T22:45:27Z,22.06,72.68,100,0,47.54,99.49,22.00,548.00,0,0,0
2023-08-02T22:46:27Z,22.06,72.56,100,0,49.84,99.49,23.00,553.00,null,null,null
2023-08-02T22:47:27Z,22.10,72.72,100,0,42.53,99.49,22.00,548.00,null,null,null
2023-08-02T22:48:27Z,22.07,72.64,99,0,43.87,99.49,22.00,548.00,null,null,null
2023-08-02T22:49:27Z,22.06,72.67,100,0,46.74,99.49,22.00,548.00,null,null,null
2023-08-02T22:50:27Z,22.06,72.69,99,0,49.75,99.50,22.00,548.00,3,3,3
2023-08-02T22:51:27Z,22.10,72.68,99,0,45.15,99.50,22.00,548.00,null,null,null
2023-08-02T22:52:27Z,22.09,72.69,100,0,41.16,99.50,23.00,553.00,null,null,null
2023-08-02T22:53:27Z,22.06,72.40,100,0,43.30,99.51,22.00,548.00,null,null,null
2023-08-02T22:54:27Z,22.09,72.58,99,0,40.20,99.50,23.00,553.00,null,null,null
2023-08-02T22:55:27Z,22.07,72.58,100,0,52.51,99.51,23.00,553.00,1,1,1
2023-08-02T22:56:27Z,22.10,72.45,99,0,45.63,99.51,23.00,553.00,null,null,null
2023-08-02T22:57:27Z,22.09,72.26,100,0,47.80,99.51,22.00,548.00,null,null,null
2023-08-02T22:58:27Z,22.10,72.40,100,0,47.11,99.51,22.00,548.00,null,null,null
2023-08-02T22:59:27Z,22.09,72.46,99,0,33.79,99.52,22.00,548.00,null,null,null
2023-08-02T23:00:27Z,22.09,72.51,99,0,43.83,99.51,22.00,548.00,1,1,1
2023-08-02T23:01:27Z,22.12,72.42,100,0,47.40,99.52,23.00,553.00,null,null,null
2023-08-02T23:02:27Z,22.13,72.36,100,0,42.36,99.52,23.00,553.00,null,null,null
2023-08-02T23:03:27Z,22.12,72.01,100,0,37.68,99.52,23.00,553.00,null,null,null
2023-08-02T23:04:27Z,22.12,71.95,100,0,40.10,99.52,23.00,552.00,null,null,null
2023-08-02T23:05:27Z,22.10,72.15,99,0,42.82,99.52,22.00,545.00,1,1,1
2023-08-02T23:06:27Z,22.12,72.18,100,0,43.36,99.52,22.00,545.00,null,null,null
2023-08-02T23:07:27Z,22.10,72.33,99,0,50.50,99.52,21.00,539.00,null,null,null
2023-08-02T23:08:27Z,22.12,72.32,99,0,47.14,99.53,21.00,540.00,null,null,null
2023-08-02T23:09:27Z,22.13,72.26,100,0,39.48,99.52,22.00,548.00,null,null,null
2023-08-02T23:10:27Z,22.12,72.07,99,0,44.25,99.52,22.00,548.00,2,2,2
2023-08-02T23:11:27Z,22.14,72.13,100,0,44.12,99.52,22.00,545.00,null,null,null
2023-08-02T23:12:27Z,22.16,72.03,100,0,43.25,99.52,21.00,539.00,null,null,null
2023-08-02T23:13:27Z,22.14,72.01,100,0,44.45,99.52,21.00,539.00,null,null,null
2023-08-02T23:14:27Z,22.13,72.11,100,0,47.70,99.53,21.00,539.00,null,null,null
2023-08-02T23:15:27Z,22.13,72.15,99,0,50.45,99.53,21.00,539.00,1,1,1
2023-08-02T23:16:27Z,22.16,72.10,99,0,43.17,99.53,22.00,545.00,null,null,null
2023-08-02T23:17:27Z,22.16,71.93,99,0,38.71,99.54,20.00,534.00,null,null,null
2023-08-02T23:18:27Z,22.14,71.73,100,0,45.13,99.54,20.00,534.00,null,null,null
2023-08-02T23:19:27Z,22.13,71.56,99,0,32.16,99.54,20.00,534.00,null,null,null
2023-08-02T23:20:27Z,22.14,71.53,100,0,30.46,99.54,19.00,531.00,0,0,0
2023-08-02T23:21:27Z,22.17,71.55,100,0,37.86,99.54,18.00,524.00,null,null,null
2023-08-02T23:22:27Z,22.20,71.35,99,0,32.15,99.54,18.00,524.00,null,null,null
2023-08-02T23:23:27Z,22.14,71.30,100,0,30.42,99.55,17.00,514.00,null,null,null
2023-08-02T23:24:27Z,22.16,71.43,99,0,42.30,99.55,17.00,514.00,null,null,null
2023-08-02T23:25:27Z,22.13,71.30,100,0,32.42,99.55,15.00,503.00,0,0,0
2023-08-02T23:26:27Z,22.17,71.30,100,0,31.60,99.55,15.00,503.00,null,null,null
2023-08-02T23:27:27Z,22.16,71.14,99,0,31.68,99.55,14.00,498.00,null,null,null
2023-08-02T23:28:27Z,22.18,71.21,100,0,30.14,99.56,15.00,503.00,null,null,null
2023-08-02T23:29:27Z,22.17,71.21,99,0,30.45,99.55,15.00,503.00,null,null,null
2023-08-02T23:30:27Z,22.16,71.34,100,0,31.29,99.56,15.00,500.00,1,1,1
2023-08-02T23:31:27Z,22.14,71.10,100,0,31.60,99.56,14.00,498.00,null,null,null
2023-08-02T23:32:27Z,22.17,71.07,99,0,30.26,99.56,15.00,500.00,null,null,null
2023-08-02T23:33:27Z,22.17,71.08,100,0,30.06,99.56,15.00,500.00,null,null,null
2023-08-02T23:34:27Z,22.14,71.03,100,0,30.47,99.56,15.00,500.00,null,null,null
2023-08-02T23:35:27Z,22.14,71.12,100,0,30.43,99.56,15.00,500.00,0,0,0
2023-08-02T23:36:27Z,22.18,71.13,100,0,30.51,99.56,14.00,496.00,null,null,null
2023-08-02T23:37:27Z,22.16,70.98,100,0,30.23,99.57,14.00,496.00,null,null,null
2023-08-02T23:38:27Z,22.17,71.08,100,0,32.78,99.57,13.00,491.00,null,null,null
2023-08-02T23:39:27Z,22.17,71.01,100,0,32.92,99.58,13.00,491.00,null,null,null
2023-08-02T23:40:27Z,22.17,70.95,100,0,31.07,99.58,13.00,491.00,2,2,2
2023-08-02T23:41:27Z,22.17,70.80,99,0,30.76,99.58,13.00,491.00,null,null,null
2023-08-02T23:42:27Z,22.20,70.60,99,0,30.36,99.57,13.00,491.00,null,null,null
2023-08-02T23:43:27Z,22.18,70.58,100,0,31.20,99.58,13.00,491.00,null,null,null
2023-08-02T23:44:27Z,22.16,70.56,99,0,34.16,99.58,12.00,483.00,null,null,null
2023-08-02T23:45:27Z,22.18,70.45,100,0,34.00,99.57,12.00,483.00,0,0,0
2023-08-02T23:46:27Z,22.18,70.39,100,0,31.21,99.58,11.00,475.00,null,null,null
2023-08-02T23:47:27Z,22.18,70.28,100,0,30.72,99.58,11.00,475.00,null,null,null
2023-08-02T23:48:27Z,22.18,70.25,100,0,30.85,99.58,10.00,466.00,null,null,null
2023-08-02T23:49:27Z,22.17,70.18,99,0,31.25,99.59,9.00,462.00,null,null,null
2023-08-02T23:50:27Z,22.17,70.17,99,0,30.51,99.59,9.00,465.00,0,0,0
2023-08-02T23:51:27Z,22.20,70.23,100,0,32.05,99.59,9.00,461.00,null,null,null
2023-08-02T23:52:27Z,22.21,70.15,100,0,31.42,99.59,9.00,461.00,null,null,null
2023-08-02T23:53:27Z,22.18,70.12,99,0,29.71,99.59,9.00,461.00,null,null,null
2023-08-02T23:54:27Z,22.17,70.04,100,0,31.08,99.60,9.00,461.00,null,null,null
2023-08-02T23:55:27Z,22.17,70.06,99,0,30.39,99.60,9.00,461.00,2,2,2
2023-08-02T23:56:27Z,22.17,70.04,99,0,30.32,99.60,8.00,456.00,null,null,null
2023-08-02T23:57:27Z,22.18,70.04,100,0,29.78,99.60,8.00,456.00,null,null,null
2023-08-02T23:58:27Z,22.20,69.97,100,0,32.28,99.61,8.00,456.00,null,null,null
2023-08-02T23:59:27Z,22.18,69.99,99,0,43.28,99.60,7.00,452.00,null,null,null
